group_key,landed_longitude,landed_latitude,landing_range
"(0.0,)",131.01311803213397,31.22086787493764,-1285744.9386349812
