Time,Latitude,Longitude,Altitude,Angle of Attack,Angle of Sideslip,X-Acceleration,Y-Acceleration,Z-Acceleration,Thrust,True Velocity,Ground Velocity,Pitch,Roll,Yaw,Dynamic Pressure,cp,cg,parachute_deploy_gain,Wind Speed,Wind Direction,Mach,omega_x,omega_y,omega_z,Cmq,Angle of Attack(total),Angle of Attack(gust),True Velocity(gust),Acceleration
0.0,31.222216000000007,131.010392,3.000000004412624,0.0,0.0,0.0,0.0,0.0,2.2828121974499247,0.0,0.0,67.99999999634184,-2.5471158841252642e-14,119.99999999354436,0.0,1.274,1.0412389379908,0,0.0,0.0,0.0,0.0,0.0,0.0,-0.0,0.0,90.0,0.0,0.0
0.01,31.222215999991104,131.01039200000443,3.0000024480894214,0.0,0.0,0.0,0.0,0.0,34.242186961749226,3.465174813755317e-14,2.870547699416605e-14,67.99999999636636,-1.968071539801037e-11,119.99999999352394,7.352495975525505e-28,1.274,1.0412376346947911,0,0.0,0.0,1.0183245502395068e-16,-3.127245641262877e-18,7.162510601982364e-18,5.732718987017106e-18,-7.437624395815445e-34,0.0,89.99999999999979,3.465174813755317e-14,0.0
0.02,31.2222159999948,131.01039200000838,3.000002491833024,0.0,0.0,0.0,0.0,0.0,25.871876237766216,3.1076050164532245e-11,1.646940821438522e-11,67.99999999638905,-1.0579021305402106e-11,119.99999999353253,5.913384585640284e-22,1.274,1.041236478156905,0,0.0,0.0,9.13244107669883e-14,-6.2578794143147724e-18,1.4331797467542762e-17,1.1458661710456177e-17,-1.3346589145585612e-30,0.0,89.99999999980217,3.1076050164532245e-11,0.0
0.03,31.2222159999948,131.01039200000838,3.000002491833024,0.0,0.0,9.901248149044404,-2.512280004446835e-05,3.669025704301464,180.34219359854663,9.212872209351191e-11,7.756970230121271e-11,67.99999999641409,-1.4569502857201218e-11,119.9999999935286,5.197261770596493e-21,1.274,1.041228904886257,0,0.0,0.0,2.7074229882696124e-13,-9.388513187366666e-18,2.150108433310316e-17,1.7184604433895245e-17,-5.9360728923101896e-30,0.0,89.99999999941349,9.212872209351191e-11,10.55918863021261
0.04,31.222215999994805,131.01039200000838,3.000002490838851,20.33275733305877,-0.0001084587309294,48.683110811562045,-9.730849710977823e-06,3.6689431867465374,548.635972453808,0.1583878294587302,0.1066639503560127,67.99999999643524,-1.8492061318755008e-11,119.9999999935228,0.0153613049846662,1.274,1.0412113771383462,0,0.0,0.0,0.0004654605434594,-1.2522535092207576e-17,-1.0048480005974551e-11,1.2572085062725284e-11,4.769424688642037e-15,20.33275733333579,89.05449528709289,0.1583707928011149,48.82116776971335
0.05,31.222215990864207,131.01039201862355,3.002246670948136,6.311803735150206,-3.453331055747692e-06,71.15656844080898,5.065925122372565e-05,3.6683291703184575,761.6984298824663,0.8343165343262228,0.3956909601706272,68.00000001482154,-1.0868543486188083e-10,120.00000000313646,0.4262320515913105,1.274,1.0411783490946764,0,0.0,0.0,0.0024518388732397,-4.5502609926501014e-18,-7.694888990015972e-07,2.0775032674800583e-11,1.9238753545153597e-09,6.311803735151107,84.7359046344584,0.834315991878249,71.25106224594767
0.06,31.222215963498268,131.01039207473048,3.014763715147455,4.441264851562368,3.3015024802422026e-05,53.153564216878685,0.0001233753897521,3.667143039672024,590.4875390737236,1.6581712393669974,0.7383507678809279,67.99999962932907,-3.9715479274022366e-10,120.0000000320976,1.6836144244815898,1.274,1.0411428272531282,0,0.0,0.0,0.0048729338445398,3.315489125377182e-13,-7.784309769646185e-06,2.9846856824705843e-11,3.8680554219043743e-08,4.441264851684847,79.59255143107505,1.6581764253549662,53.27991485584866
0.07,31.22221592211121,131.01039215959602,3.0339150239171384,4.50576744431836,6.647810216342031e-05,81.11395091818606,0.0001631217549807,3.665986238742524,855.2937749779172,2.1012066926835304,0.9377432690782,67.99999525302485,-8.322274926743974e-10,120.0000000759042,2.703464269078523,1.274,1.0411038001485082,0,0.0,0.0,0.0061749011054493,3.6854809534866886e-12,-2.7343276054552626e-05,1.9189050520139687e-10,1.7217168266954558e-07,4.505767444807756,76.90009711074299,2.1012171350393998,81.19675171265878
0.08,31.22221587867288,131.01039224862427,3.0532193380436987,3.7893501974920576,8.258080435840299e-05,16.366970657570423,0.0002467265133045,3.663620452425525,241.2171988638792,3.052327292495985,1.3279579203892045,67.99997967437776,-1.0556087995413332e-09,120.00000012210552,5.704853261825802,1.274,1.0410676072544631,0,0.0,0.0,0.0089699996398718,1.5465937948047235e-11,-5.920982482615213e-05,6.888670221137086e-10,5.415848070409912e-07,3.789350198390676,71.30832207233662,3.0523402642584,16.771995808074713
0.09,31.22221580753281,131.01039239454607,3.0870103573860583,4.721902629514104,0.000137084660734,50.35659969955232,0.0002346028630594,3.6628988400172977,563.0937377043203,2.8954160545427743,1.3019566078496532,67.99994589371488,-8.819028521867405e-10,120.00000019840624,5.133373041733152,1.274,1.041033515145738,0,0.0,0.0,0.0085088813803172,4.097229741356796e-11,-0.0001158225530426,1.9656182553945646e-09,1.0049496410775218e-06,4.721902631499481,72.22903436468856,2.895437587750928,50.489642118638464
0.1,31.222215757938688,131.01039249612043,3.107769456922711,4.417866369833333,0.0001493163480958,47.80688079375681,0.0002942547194938,3.660209283643898,538.7437595981891,3.569709471926122,1.588222094672727,67.99987963264626,1.369407282887339e-09,120.00000025378128,7.80271504669721,1.274,1.0410047961529831,0,0.0,0.0,0.0104904583655487,9.086357152256716e-11,-0.0001792355478013,3.8796551823607655e-09,1.9173276754560124e-06,4.417866372351615,68.43267655260956,3.5697329264832343,47.946793253721694
0.11,31.22221567527884,131.0103926656152,3.1460128638503475,4.42691120716425,0.0001794228137703,37.69982341052652,0.0003359209723797,3.6575275392656974,442.86563930529127,4.036465590130482,1.7964666304283634,67.999777105739,5.981903489577768e-09,120.0000003470938,9.976562283553603,1.274,1.0409744229366016,0,0.0,0.0,0.0118621397109482,1.68054698510765e-10,-0.0002694652921617,7.0348681303710305e-09,3.2594311877315017e-06,4.426911210792956,65.92076837236367,4.036493773800164,37.87682923633145
0.12,31.222215592299555,131.01039283571222,3.183443830857668,4.5746653626217775,0.0002114453951694,41.17615276428344,0.0003656000578292,3.6548369183925513,475.58594813540793,4.3647912362920085,1.9526747345088928,67.99962288179039,1.5097791938817133e-08,120.00000044550292,11.665511914946311,1.274,1.0409430692148225,0,0.0,0.0,0.0128270102043871,2.8408376870928077e-10,-0.0003850822513614,1.1873694360244296e-08,5.036781897430717e-06,4.574665367497982,64.21639193866832,4.3648244500570135,41.3380380461061
0.13,31.22221550304785,131.01039301864927,3.223388835920113,4.600862952411873,0.0002380110326277,45.45603223092891,0.0004040658232623,3.6513979423824576,515.9156326236897,4.7954817090121935,2.147329817806485,67.99940242722585,3.103701998169675e-08,120.00000055785716,14.081199786442385,1.274,1.0409160963544908,0,0.0,0.0,0.0140927062032649,4.4986642958321247e-10,-0.0005247738573838,1.854409175185596e-08,7.541173479131217e-06,4.600862958555052,62.048479443977854,4.795519095697772,45.60245139546943
0.14,31.222215402626546,131.01039322449364,3.268584990632016,4.5813362890271225,0.0002629216333509,42.33611747854077,0.0004464910794677,3.6472497150961183,486.2390860568421,5.272835562596923,2.359498035403736,67.9991019584388,5.63352717699837e-08,120.00000069209382,17.02400560633798,1.274,1.0408867279154277,0,0.0,0.0,0.0154955361803655,6.757359692754887e-10,-0.0006943680343181,2.7604557062944573e-08,1.0971514054966104e-05,4.581336296555541,59.7426708853282,5.272876862230514,42.49293204569942
0.15,31.22221529277976,131.01039344965983,3.3180585664528106,4.619348030186794,0.000290976781627,40.903792833412176,0.0004829807647817,3.6427971325366166,472.5421858721398,5.682207183165089,2.546090343658031,67.99870433930901,9.438251995846309e-08,120.00000084993243,19.769940619691145,1.274,1.0408583537393556,0,0.0,0.0,0.0166985856246264,9.74521956109486e-10,-0.0008985612270629,3.969914771766327e-08,1.5300136071158728e-05,4.6193480393314,57.85119105047617,5.682252889691066,41.06568201480147
0.16,31.222215176003463,131.01039368901678,3.370415630428336,4.6563221451122185,0.0003187052547613,32.303846342185025,0.0005188871945645,3.6377767935293135,391.1218908297597,6.085711326550553,2.730452171236894,67.99818974148273,1.4946913539922557e-07,120.0000010332368,22.67732101951204,1.274,1.0408278042965635,0,0.0,0.0,0.0178843939358698,1.361068931354564e-09,-0.0011376663921068,5.524419351461024e-08,2.0746968477843824e-05,4.6563221559952,56.06192010300202,6.085761388654904,32.50802837405377
0.17,31.222215050653368,131.01039394594463,3.4265756215532983,4.7778574437153445,0.0003523991944533,40.85745729369156,0.0005442541708368,3.632812143634814,471.78125980632416,6.3677913249312414,2.869141576592301,67.99753816586629,2.264036995252072e-07,120.0000012488486,24.828149761506268,1.274,1.0407980850968257,0,0.0,0.0,0.0187133688385626,1.8503336102559743e-09,-0.0014141419141473,7.477754536456032e-08,2.69840943269802e-05,4.777857456681123,54.860453638946616,6.367846679667262,41.01864382049927
0.18,31.22221492094709,131.010394211773,3.4841827788390503,4.766007713655185,0.0003761516194679,34.02374438046159,0.0005842273440356,3.6262394668342814,407.1015672119096,6.820589389069813,3.0719859270854,67.99672819315029,3.3078991942637165e-07,120.00000149815271,28.484468386401936,1.274,1.0407671251996176,0,0.0,0.0,0.0200440437442987,2.4583349124334478e-09,-0.0017247137298419,9.844152414253537e-08,3.525027848707142e-05,4.766007728464668,52.99393954823064,6.820648474828031,34.21644041508614
0.19,31.22221477878209,131.01039450315855,3.547764799929076,4.851891219307352,0.000408285855824,38.473668835913,0.0006116345812203,3.6198450610738018,448.95313283182486,7.128618360281263,3.2203681364460617,67.99574026932193,4.7496433431909654e-07,120.0000018056954,31.11518495391424,1.274,1.0407339027116973,0,0.0,0.0,0.0209492805644851,3.199602922728324e-09,-0.0020801754600494,1.2741718074002042e-07,4.443511505261306e-05,4.851891236444874,51.78120178156791,7.128682493673524,38.64358255048024
0.2,31.22221463341362,131.01039480107502,3.6121518375267496,4.864233535403753,0.0004337718431435,35.26338172411137,0.0006475753448639,3.612018165265496,418.5156301991588,7.537205332234225,3.4065363983940244,67.99454872869562,6.529505019525814e-07,120.00000214948228,34.78401148767102,1.274,1.040702167521391,0,0.0,0.0,0.0221500346735762,4.093353611782694e-09,-0.0024754519639674,1.6179095892013986e-07,5.590918232453018e-05,4.864233554698202,50.22795955659606,7.537273468956013,35.44788803674986
0.21,31.222214477233464,131.01039512116273,3.6815949351216894,4.918253884977769,0.0004635054267968,33.82591131779114,0.0006773553906513,3.603886807031039,404.8187610144608,7.875638610379736,3.566291592569052,67.99313069697884,8.869220305263002e-07,120.00000256736011,37.97761047422319,1.274,1.0406703813485048,0,0.0,0.0,0.0231446268545579,5.1565310627333145e-09,-0.0029184881719726,2.0262045375578545e-07,6.887460356938903e-05,4.918253906764948,48.996581340672,7.875711417641921,34.017352587404176
0.22,31.2222143157206,131.0103954521584,3.753034350656708,4.97058825176804,0.0004929052977434,41.02594826348848,0.0007065303572656,3.5949764535957964,472.5421858721387,8.2085811462728,3.723953443501809,67.99145885308687,1.1760110367672544e-06,120.000003048295,41.256206253782025,1.274,1.0406332777349718,0,0.0,0.0,0.0241230851400102,6.4095187313677e-09,-0.0034075711193559,2.502710774184123e-07,8.381571243175966e-05,4.970588276146101,47.82987444125876,8.208658571655915,41.18315538080498
0.23,31.222214146795512,131.0103957983369,3.827632374490452,4.951518183241755,0.0005154649135938,34.01693065869763,0.0007453722416522,3.5840389314117767,406.340642146096,8.656273728538956,3.924751384679933,67.9895068002919,1.533349597843816e-06,120.00000360993072,45.8787894282766,1.274,1.0406020524106396,0,0.0,0.0,0.0254387695190024,7.87191391469355e-09,-0.0039445433088468,3.053403803112895e-07,0.0001023144598335,4.95151821000552,46.321090465157,8.65635469757824,34.20521754142338
0.24,31.222213967159984,131.0103961664785,3.9072320934226816,5.011233416117372,0.0005465014160906,35.081507898133005,0.0007719931547772,3.5734323376039048,416.2328240017099,8.96335329590962,4.07262031541276,67.98724710677051,1.969512549866696e-06,120.00000426707824,49.191231796987935,1.274,1.0405688109479665,0,0.0,0.0,0.0263412283960885,9.563960834926731e-09,-0.0045394440497771,3.693776679767626e-07,0.0001219211833042,5.011233445840726,45.33513706966004,8.963439140151317,35.26303469178703
0.25,31.222213783893565,131.01039654202947,3.987880446668808,5.038642614532264,0.0005737372819221,36.06529288144374,0.0008027793018779,3.5612746704312097,425.3640807915084,9.321247731719662,4.239583016707079,67.9846465675451,2.497390330830286e-06,120.00000502590248,53.19752243329586,1.274,1.040536123746319,0,0.0,0.0,0.0273930225323714,1.1510403538709096e-08,-0.0051849758754084,4.422035060014457e-07,0.0001448182897475,5.038642647113008,44.22487977199325,9.32133785416116,36.240695751420475
0.26,31.222213591453343,131.0103969363846,4.072673518158649,5.058361668049504,0.0006004750761069,39.312231000401326,0.0008341506777617,3.547853782424352,455.80158342417656,9.688529888793472,4.410050501697532,67.98167618438617,3.1294689839678543e-06,120.00000590565789,57.4718975739501,1.274,1.0405041482593176,0,0.0,0.0,0.028472408311659,1.3732623295666e-08,-0.0058869139791641,5.24905387811168e-07,0.0001709010226223,5.058361703597868,43.13031551604382,9.688624211197858,39.47199986555261
0.27,31.222213391646207,131.0103973458293,4.160603199011256,5.053874437380672,0.0006243998175279,35.93272220078842,0.0008689918046166,3.5325773276983847,423.8421996598744,10.099414659280573,4.5969031629337485,67.97830363521142,3.879852619031869e-06,120.00000691944886,62.449434617598406,1.274,1.0404688132323028,0,0.0,0.0,0.0296799355936364,1.6254471556021092e-08,-0.0066482365840469,6.18433040919834e-07,0.0002011861553059,5.053874475852494,41.955505428679785,10.099512739774552,36.10595003722168
0.28,31.222213182935768,131.010397773522,4.252527926435727,5.081229677388775,0.0006523802449952,41.52813818355365,0.0008978950512774,3.516844206408736,476.3468732012228,10.443619811354322,4.758630598303691,67.97449489832496,4.763940246775753e-06,120.00000808534986,66.77814905828505,1.274,1.04043492148002,0,0.0,0.0,0.030691509877416,1.9100954653742807e-08,-0.0074748216557574,7.241165629247399e-07,0.0002339071391421,5.081229719158489,41.015026444960846,10.443722287003572,41.676785564276585
0.29,31.222212968357983,131.01039821322146,4.346753733944676,5.058742883140964,0.0006739184718012,33.210278766463944,0.0009350272396502,3.498139644693265,397.9703104221098,10.88824441015842,4.958143837840264,67.97021257492881,5.7990500733904175e-06,120.00000941858777,72.58452904677434,1.274,1.0404014619727435,0,0.0,0.0,0.0319981981423434,2.2299752998485543e-08,-0.0083634942289454,8.42219595995586e-07,0.000272855858014,5.058742927913485,39.84634602074594,10.888350269024423,33.394005414060416
0.3,31.22221274291879,131.01039867519415,4.446068467703377,5.105845044506829,0.0007049792320091,31.120415904323703,0.0009589530968901,3.4803237921564127,378.1859457108735,11.180707382054951,5.100335336229212,67.96542110163678,7.002757150495717e-06,120.0000109432663,76.53547166132115,1.274,1.040366458681306,0,0.0,0.0,0.0328577204457097,2.58767489014226e-08,-0.009325236381791,9.748240877409395e-07,0.0003124011682026,5.105845093047269,39.11488473720701,11.18081811993376,31.31442065049144
0.31,31.22221251417979,131.0103991438956,4.546253433967952,5.145073370259332,0.0007347174280632,32.83339188315468,0.0009834530239026,3.460990486019711,394.1656220930229,11.48336109246552,5.246345555067808,67.96007859732332,8.395696484235918e-06,120.00001267331002,80.73429651140694,1.274,1.0403334523919394,0,0.0,0.0,0.0337471934522852,2.9863124577618006e-08,-0.0103487436984655,1.1211475272656366e-06,0.0003560704992044,5.145073422577104,38.38163899641358,11.48347650160924,33.01530067505529
0.32,31.22221227773412,131.01039962838485,4.649767846926069,5.16549783267273,0.0007620382899964,35.761770973071485,0.0010106535999322,3.439500159706905,421.5593934624264,11.821998068870828,5.405893270677624,67.95414968209712,9.99721704811203e-06,120.00001463408036,85.56526001397904,1.274,1.04030081740001,0,0.0,0.0,0.0347424171768676,3.428475077432087e-08,-0.0114366637304278,1.2820632189493682e-06,0.0004051028144698,5.165497888730105,37.587096709933085,11.822117769565503,35.92679258576338
0.33,31.22221203371593,131.0104001283862,4.756537208241419,5.168733939711097,0.0007869485979095,35.45123205982308,0.0010404305888936,3.4156015853072232,418.5156301991632,12.195832506827443,5.578690916274361,67.94759744991913,1.1827905469419738e-05,120.00001684739298,91.06136514964432,1.274,1.0402681401874352,0,0.0,0.0,0.035841082751739,3.916845712418669e-08,-0.0125942502360673,1.458986459306654e-06,0.0004602081885313,5.16873399945564,36.74105470121479,12.195956120424135,35.61539259690221
0.34,31.222211781729328,131.0104006447134,4.866782419918096,5.178632077565104,0.0008129440322093,27.68652522544719,0.0010681740451424,3.3902612253201663,345.4656368807584,12.550423545304415,5.744223317598334,67.9403819856437,1.3910282865708047e-05,120.00001933770844,96.43249911954476,1.274,1.0402320938049172,0,0.0,0.0,0.0368831998957277,4.454321205712454e-08,-0.0138269801853924,1.6534493756986251e-06,0.0005199381664748,5.178632141199393,35.970241696774885,12.55055124225438,27.893324494872044
0.35,31.222211522923807,131.0104011750034,4.979863039067546,5.233466565328607,0.0008459727279959,30.37474581398025,0.0010859577767675,3.3658520315619795,370.5765700527057,12.79054958471403,5.866579498105482,67.93246023291783,1.626897919885759e-05,120.00002213009468,100.15677987967256,1.274,1.04019669075152,0,0.0,0.0,0.0375889305378811,5.0440479484417683e-08,-0.0151349427139052,1.866220829438576e-06,0.000580004345375,5.233466633512765,35.47079474935047,12.790682469799396,30.56066334917462
0.36,31.22221126029129,131.0104017131058,5.094112585078395,5.253290558676881,0.0008733163467986,34.36129279928165,0.0011099039772495,3.337913807972164,407.8625232777224,13.10947496714866,6.018652261068672,67.92378908057995,1.8929642664097125e-05,120.0000252487322,105.21260534411428,1.274,1.0401618263282553,0,0.0,0.0,0.0385262396838814,5.689226842946493e-08,-0.0165077180144022,2.096289183496256e-06,0.0006483788448476,5.2532906310642105,34.820493077622615,13.109612147359623,34.523037419371185
0.37,31.222210988893,131.01040226917294,5.2122822400263695,5.252826871374344,0.0008975724911901,32.59036744982365,0.0011371840698297,3.3067901415757306,391.1218908297639,13.47453623324559,6.188133452042839,67.91433140366713,2.1916299965408064e-05,120.00002872455012,111.15267104559489,1.274,1.0401279324262696,0,0.0,0.0,0.0395991377100603,6.392498425500216e-08,-0.0179552308818807,2.345838684936108e-06,0.0007248637627958,5.2528269478453335,34.09947092494634,13.474677223602804,32.7577000543099
0.38,31.222210709802862,131.01040284099713,5.3337733458627055,5.268806556000524,0.0009246729586999,34.06556107209242,0.0011601082446805,3.2748364367693545,404.81876101445977,13.793268085760705,6.340126397219112,67.90404437853039,2.525600950379192e-05,120.0000325852944,116.47200153536568,1.274,1.0400910570474629,0,0.0,0.0,0.0405358864665659,7.156929802568595e-08,-0.0194843418583821,2.6168243597760622e-06,0.0008051919430944,5.268806636911538,33.49424453148424,13.7934133330494,34.22260957597918
0.39,31.22221042498529,131.0104034245402,5.4574926050328285,5.271184879986693,0.0009493620261657,29.04757191346504,0.0011850200059555,3.239840774349457,357.6406249338268,14.14282130987668,6.503768158913887,67.89288124891345,2.8978455701447063e-05,120.00003686058432,122.4486873380514,1.274,1.0400554085766751,0,0.0,0.0,0.041563217320756,7.985939431796403e-08,-0.0210914913823354,2.9094139262207414e-06,0.0008936854508818,5.271184965237382,32.850992556904224,14.142970435315023,29.227692411740833
0.4,31.22221013209713,131.01040402461877,5.5847433649118,5.302321448748208,0.0009793417241884,27.762389572545807,0.0012026246069249,3.2052989761437964,345.4656368807565,14.410048795308189,6.636306972968919,67.88079730677745,3.31133477772302e-05,120.00004158468136,127.11816702772668,1.274,1.0400190974165473,0,0.0,0.0,0.0423486117993036,8.882724025848526e-08,-0.0227818747186969,3.2252710256976973e-06,0.0009835375563817,5.302321538932385,32.37881212770844,14.410202629946484,27.946810511229625
0.41,31.222209834789748,131.01040463372695,5.713495336899074,5.328859477685506,0.0010084209182903,31.349566977787195,0.0012201587862671,3.168612991305653,378.9468707766882,14.683034211881456,6.771030020284682,67.86774485525541,3.769261966292225e-05,120.00004678781671,131.9784342410375,1.274,1.039982776624404,0,0.0,0.0,0.043150930839753,9.850802000184049e-08,-0.0245470033355445,3.5636317052473486e-06,0.0010798040720394,5.328859572825864,31.90900989070565,14.68319261426888,31.509291637106408
0.42,31.2222095308257,131.01040525646397,5.8449918841308905,5.331517283297751,0.0010331337727579,35.343854597000465,0.0012419395396644,3.127622815349884,416.23282400171047,15.01595786671788,6.928444880015548,67.85368107299765,4.274685599714697e-05,120.00005250508072,138.0295108814597,1.274,1.0399486907738076,0,0.0,0.0,0.044129402082399,1.0893241852725894e-07,-0.0263887124140098,3.925462273967214e-06,0.0011871249329398,5.331517383108253,31.349016782760184,15.016120150991403,35.48196843174603
0.43,31.22220921898143,131.01040589534475,5.979911118111169,5.317963158268961,0.0010548316413924,31.05127989823949,0.0012663647877769,3.0824772091596886,375.90313951343126,15.390638654991928,7.101697566774881,67.83856208511651,4.8307779047922937e-05,120.00005877170736,145.00184378941745,1.274,1.0399137245489949,0,0.0,0.0,0.0452305954246479,1.20131127419055e-07,-0.0283157783932592,4.313203943437316e-06,0.0013055836593564,5.317963262582665,30.73801997430424,15.390804347558689,31.20390441383066
0.44,31.222208899212102,131.01040655046137,6.118276173021493,5.331992427279103,0.0010820207122912,28.62836665740831,0.0012833078592261,3.038032899232568,353.07501253892326,15.681282777993731,7.243154005307181,67.8223389858047,5.4410286506281016e-05,120.00006562510008,150.52812224593853,1.274,1.0398739510655228,0,0.0,0.0,0.0460848233797858,1.3213855763797333e-07,-0.030335044747428,4.729099958189581e-06,0.0014250825290762,5.331992536749154,30.283160818196148,15.68145274140976,28.789112925109492
0.45,31.22220857473393,131.01040721520272,6.258303013378416,5.348904409801503,0.0011097232744924,33.36093305601055,0.0012983681224779,2.9918625141958928,397.2093853562887,15.957069485527873,7.379008634614957,67.8049589416186,6.109215435237302e-05,120.00007310227964,155.86726126590003,1.274,1.03983250495057,0,0.0,0.0,0.0468953912056119,1.4499371739781102e-07,-0.0324367553217372,5.172078354149365e-06,0.0015505954006994,5.3489045245825535,29.86404655645266,15.957243800452195,33.49482194843298
0.46,31.222208243852148,131.01040789305227,6.400930679553032,5.336228081924467,0.0011314107026056,38.98969604827996,0.0013191867015909,2.939442966849943,449.7140588976424,16.315551537972016,7.546272674299199,67.78637471894214,6.838926796173193e-05,120.00008124350144,162.94693785583456,1.274,1.0397938002264595,0,0.0,0.0,0.047948992377279,1.5873049049618104e-07,-0.0346198684172569,5.642637215702734e-06,0.0016921122721317,5.336228201520818,29.330162533528824,16.31572925954958,39.100341745729985
0.47,31.222207904155862,131.0104085889654,6.547491487493764,5.302926961640448,0.0011488768246928,26.312334440746906,0.0013437961564332,2.8809956005728607,331.0078106302504,16.73449027487468,7.736553012231088,67.76653968246175,7.633783747306446e-05,120.0000900901532,171.4200233752218,1.274,1.0397553385210143,0,0.0,0.0,0.0491802726594078,1.7338049378088496e-07,-0.0368967435928477,6.144218208225288e-06,0.0018496792218597,5.302927085736672,28.72565622494384,16.734670740024285,26.469587854328672
0.48,31.222207555649305,131.01040930293314,6.697979480342371,5.337407798608094,0.0011809970394729,25.921155516674183,0.0013505524953019,2.8303192358959763,327.20312230115803,16.936017419693854,7.84429604633233,67.74540011046054,8.497849493687616e-05,120.0000996858268,175.57103975874406,1.274,1.0397159468017136,0,0.0,0.0,0.0497726165982647,1.889806146755465e-07,-0.0392771364006866,6.679997526248643e-06,0.0019926945114739,5.3374079288882825,28.45181861863032,16.936202930274998,26.07521835231075
0.49,31.222207206120288,131.01041001894828,6.848091116295352,5.351349849288105,0.0012083847618198,32.612561968227375,0.0013609931358682,2.774487786096191,389.6000096981238,17.19476659541311,7.973833458049025,67.72289667591454,9.435591825860766e-05,120.0001100701582,180.974176055675,1.274,1.0396784775577907,0,0.0,0.0,0.0505331302666717,2.055776117278389e-07,-0.0417308262516857,7.244304516566912e-06,0.0021494959192146,5.3513499853234405,28.10280000721512,17.19495640804762,32.730367893730886
0.5,31.22220684841817,131.0104107517081,7.001774945055129,5.331678435253516,0.001228457683172,33.52346035446492,0.0013782996363008,2.710272458264204,397.970310422106,17.555340695014166,8.142195065995054,67.69898739722422,0.0001045062317284,120.00012128958429,188.6410276985264,1.274,1.0396429960364697,0,0.0,0.0,0.0515928989942176,2.231997207032505e-07,-0.0442664744405404,7.839612027126369e-06,0.0023278829757621,5.331678576367636,27.6234381430987,17.555533660695787,33.63284068934881
0.51,31.222206482057075,131.01041150221084,7.159293042458724,5.316654782360176,0.0012496802727245,25.555591550301223,0.0013930113038432,2.643840061907924,323.39843497208153,17.896148862244402,8.303123155155859,67.67362531671527,0.000115468549127,120.00013338665512,196.03347025315304,1.274,1.039605857618548,0,0.0,0.0,0.0525945840256985,2.418773511589676e-07,-0.0468997596301866,8.470461596559292e-06,0.0025142043854352,5.316654928807143,27.185177526235687,17.896345161562593,25.691986137690037
0.52,31.222206109559085,131.0104122652726,7.319252479223943,5.336549005364795,0.0012790131889807,30.78746865764348,0.0013974209667406,2.5819149824853103,372.098451184342,18.11336264191024,8.416995839374366,67.64675448740232,0.0001272877243677,120.0001464069347,200.8179616378989,1.274,1.0395665598258104,0,0.0,0.0,0.053233044708968,2.616503590057611e-07,-0.0496284417940294,9.137402448982604e-06,0.0026927338537384,5.336549158192188,26.918205251332832,18.11356354883214,30.895541964415305
0.53,31.222205733764067,131.01041303505664,7.480091135338194,5.319541698131913,0.0012994731770387,32.352739229303246,0.0014096189273824,2.509813568327896,386.55624643486095,18.44831775416093,8.575901985717744,67.61832024509742,0.0001400087192317,120.00016039580125,208.3105300185816,1.274,1.0395276131484552,0,0.0,0.0,0.0542175368020228,2.825607982215728e-07,-0.0524339528661863,9.836869822686551e-06,0.002897519525645,5.319541856395147,26.508014125334714,18.44852187493024,32.44994455733454
0.54,31.22220534820549,131.01041382485295,7.645359500819189,5.301711423547198,0.0013199381712681,28.37415994429317,0.0014204109872154,2.434461170046333,349.2703242098436,18.78053808399208,8.733881940197513,67.58827858320792,0.0001536707846418,120.00017540247944,215.87723841131287,1.274,1.0394887262385843,0,0.0,0.0,0.0551939979924452,3.0463552694120854e-07,-0.0553347773480748,1.0574096531554711e-05,0.0031128364821398,5.301711587386915,26.112762057882687,18.78074541939516,28.47840507736277
0.55,31.222204956490696,131.01041462724743,7.813071275315456,11.552349903411589,12.031067501522484,30.3409074776076,-0.7170895743903841,1.9698075256424603,365.2500005919912,20.787442354311384,8.866227794653305,67.55657488387119,0.0001683197551738,120.00019147256252,264.4757841733944,1.274,1.0394498604890976,0,5.002776493781158,0.0,0.0610921911360168,3.2791271183489493e-07,-0.058330786659418,1.1350190270994449e-05,0.0036319679489478,16.62019310372619,36.76495069733362,22.66342072680903,30.413237672278857
0.56,31.2222045599104,131.01041543958715,7.982518049137106,13.772447090516332,9.459945439157632,28.34020140382492,-0.7692509803436324,1.6185242056507776,346.22656194657776,21.538281637307986,9.012097445045256,67.52315460759722,0.0001840021430621,120.00020865491612,283.92186211928896,1.274,1.039412057399541,0,5.0208824624897215,345.0001478400497,0.063298952863276,3.523662289634078e-07,-0.065893599817578,0.008259202480824,0.0042509924679844,16.65645518325352,34.60193228157992,23.017504259521957,28.396802342594793
0.57,31.22220415743569,131.01041626839444,8.155438301718979,13.661814265248626,9.353607716451076,28.043583020122675,-0.917011882471484,1.39933966718543,343.1828296833045,21.814230500364182,9.142059479493772,67.4854006880426,0.0116017406677097,120.0125669461428,291.2388558250077,1.274,1.0393732628692167,0,5.038851895274225,345.0001478400497,0.0641100652785688,3.844578935057473e-07,-0.0756604537761751,0.0152768383068655,0.0049435357405571,16.506599129259733,34.23427593726257,23.27697424906957,28.093444269139827
0.58,31.222203749790715,131.010417107,8.330230173985358,13.546516790607733,9.242079109408628,36.97315830707556,-1.069910180449763,1.1715190417141554,426.12500585731766,22.095535383613523,9.274961399876007,67.44204789305289,0.0326554234254774,120.0353614544794,298.7935992630256,1.274,1.0393314696045624,0,5.056850877770719,345.0001478400497,0.0649369231229128,4.244801386125349e-07,-0.0856071395153143,0.0223948452153115,0.0056654715719124,16.35004171563491,33.86076011978806,23.54099042890125,37.007183084631
0.59,31.22220333651865,131.01041795902364,8.507670053648468,13.346142139103833,9.07571043407883,29.98074538433469,-1.2355683390668917,0.9171896651525142,360.68438819710633,22.50676313433718,9.45985937204758,67.39298871792498,0.0634086260181838,120.0686685377188,310.0137187491286,1.274,1.039292723389777,0,5.074732541829274,345.0001478400497,0.0661456193550161,4.7254801330833833e-07,-0.0957349934106372,0.0296110209322215,0.0064535384565838,16.09317918280199,33.30820945537821,23.92641823705197,30.020209189855304
0.6,31.222202913436536,131.01041883242027,8.689936448243134,13.233026864727934,8.96757914239979,26.663641512062416,-1.3994289549243204,0.6727405294581784,329.4859594986072,22.774340021059405,9.587423478822984,67.3381127569474,0.1039057167080686,120.11254517838616,317.4233215951557,1.274,1.0392499448514072,0,5.092573803768944,345.0001478400497,0.0669321445535922,5.287691206877845e-07,-0.1061036731829167,0.0369649011581811,0.0072374032104577,15.940299854657942,32.9607469316766,24.177220023940727,26.70881427363698
0.61,31.22220248846393,131.01041971100454,8.872732621332029,13.12458214796058,8.863445982905874,31.271250103732623,-1.5669611978973523,0.4229400418578895,372.0984511843332,23.02769632577534,9.709399761069989,67.27727314245992,0.1542283525149108,120.16709024477969,324.51934850152287,1.274,1.0392056869819113,0,5.110582657734131,345.0001478400497,0.067676880039434,5.933126441145625e-07,-0.1166391092318158,0.0444052409426543,0.0080443992045455,15.793487679151244,32.63344092262929,24.414416761050624,31.31334106614815
0.62,31.222202057713528,131.01042060272445,9.058156068075045,12.963181726342231,8.725487962738107,38.90261776607039,-1.7456059884713924,0.1515443323399502,442.86563930529206,23.36333223087661,9.864603887917188,67.21036324186197,0.2143706730107454,120.23230932140828,334.04228450685144,1.274,1.0391669707816529,0,5.128317382770341,345.0001478400497,0.0686634354472123,6.66281949326374e-07,-0.127330304087641,0.0519238940924422,0.0089095907328426,15.584373324775388,32.198345308054655,24.72863705176384,38.94205663552745
0.63,31.22220161907407,131.01042151187048,9.24732573825576,12.749534884916308,8.554552617270906,22.09031895858096,-1.9383738463136868,-0.1461632992282014,286.11251274707456,23.787114967656706,10.055464664141835,67.1372804727897,0.284298677193872,120.30817899562788,346.264150182977,1.274,1.0391276236607618,0,5.14600240432444,345.0001478400497,0.0699090567429315,7.477643668046548e-07,-0.1382122927204607,0.059543386023271,0.0098462701665783,15.313959712805708,31.65643123309813,25.125874044427608,22.17568146799452
0.64,31.22220117156054,131.0104224404042,9.44074261561138,12.689422340891465,8.484068207410257,21.71204474767568,-2.1117526759615703,-0.401289676472129,282.3078244179702,23.93096499773977,10.1339077664039,67.05789983443138,0.3639914815358676,120.39469164092856,350.45829514476446,1.274,1.0390844672533524,0,5.1637390550288655,345.0001478400497,0.0703319777391076,8.378719727108424e-07,-0.1493230969614337,0.0672881720729741,0.0107019382135556,15.225584289047388,31.46849293849233,25.25877457484475,21.818190114992237
0.65,31.22220072630116,131.01042336569435,9.632480167990998,12.581930219056671,8.383498469676017,38.346911314779206,-2.2948410126630363,-0.6756843962832239,436.7781447787504,24.150371633567367,10.24300780029102,66.97207206694667,0.4534428373942825,120.49185715900772,356.9074071394295,1.274,1.039044240297344,0,5.181565313457331,345.0001478400497,0.0709769570227453,9.367798384047278e-07,-0.1605194209195572,0.0750614700785294,0.0116096371301773,15.081545842837246,31.18370224344453,25.462554588510805,38.421458224022714
0.66,31.222200273288443,131.01042430802443,9.827838827971291,12.3399926726275,8.196711092796006,32.6462188236215,-2.5089151017341784,-1.0095876095843068,383.5125151715984,24.612371955091177,10.450680139538088,66.87972814113236,0.5524994534915237,120.59952736721416,370.6864552391269,1.274,1.0390037540115156,0,5.198939621517784,345.0001478400497,0.0723349165398356,1.0445189675067576e-06,-0.1718327116228797,0.0828836484164937,0.0126653853946359,14.778972645167668,30.607332541899613,25.89552101779772,32.758045204329804
0.67,31.22219980793292,131.01042527654255,10.029171958462571,12.18181357138892,8.064774898225474,22.524564275475257,-2.711919036642062,-1.3196710546425892,289.15624401033847,24.9115030134902,10.592765216490273,66.78077881259627,0.6610193691644601,120.7175678245664,379.744282558783,1.274,1.038960921086093,0,5.216348521723127,345.0001478400497,0.0732142187476063,1.1611224549445552e-06,-0.1833752396465634,0.0908280768666341,0.0136801646815684,14.575763739749576,30.22917472223151,26.174135916129543,22.725581012457727
0.68,31.22219934121193,131.0104262490947,10.23071555936692,12.079703149953806,7.969594219203298,28.118768279222262,-2.904381764907344,-1.6090552072805444,340.89999248584934,25.09140722245604,10.686664488846665,66.67506784341849,0.7789402914017844,120.84593230169368,385.24145495946544,1.274,1.03891743953964,0,5.233982713849009,345.0001478400497,0.0737431199145362,1.2867576019946892e-06,-0.1950595827415914,0.0988357569564833,0.0146566462076505,14.439134035255057,29.98702884130813,26.33923530702356,28.31412406621471
0.69,31.22219887150332,131.01042722896057,10.433327606426568,11.907175115910764,7.8297056739281405,34.61258981877511,-3.116866612320428,-1.9359708668052824,401.0140726853658,25.40141768664285,10.834074960059368,66.56248726971225,0.9061050119880733,120.9844729354848,394.8120858614772,1.274,1.0388766190946623,0,5.251344886191755,345.0001478400497,0.0746544048133433,1.42152190378569e-06,-0.2068202657854353,0.106862796465296,0.0157320346052179,14.219666379781946,29.5955826291142,26.627480658507505,34.806525460592745
0.7,31.2221983924513,131.01042822872716,10.640237569684045,11.69871488405736,7.667480585148277,29.064099204493,-3.3441518201700315,-2.2895187203167526,349.270324209851,25.778782861044327,11.009663214405016,66.44296506073029,1.042284248457812,121.1329647825606,406.62185277072535,1.274,1.0388361755770323,0,5.268527936714514,345.0001478400497,0.0757636525386217,1.5654248835871072e-06,-0.2187128138732182,0.1149447768562763,0.0168834755358504,13.958150038622012,29.13226769383125,26.97959625717032,29.3453081417735
0.71,31.22219790570257,131.01042924497983,10.850541433665637,11.539797727704366,7.537572005477671,23.923099234603782,-3.560552594854841,-2.622462140540194,301.3312640634036,26.044087781048464,11.139783330245397,66.31639521949086,1.1872803697613885,121.29121874022664,415.0261183793136,1.274,1.0387932753156028,0,5.2857884802031645,345.0001478400497,0.0765435633443701,1.718525065456696e-06,-0.2307610122664852,0.1230961974526732,0.0179964992137764,13.7553889103687,28.79122768648797,27.224674564162186,24.328368614602876
0.72,31.222197415919226,131.0104302684725,11.061866565711592,11.39773024232549,7.418882325111053,29.271113222310174,-3.772792332811665,-2.948088899453391,350.7922053414578,26.261499329138125,11.250631206084662,66.18265610817696,1.3408993659429735,121.45905109005996,421.9756095340185,1.274,1.0387470536878185,0,5.303029309244401,345.0001478400497,0.0771827198061533,1.880931765997006e-06,-0.2429013194587633,0.1312746000110325,0.0191010404411663,13.572741903348254,28.49841816182413,27.42360096045657,29.660129120064603
0.73,31.222196921467773,131.01043130238935,11.275023064318423,11.20446282843866,7.268150945224368,36.99444314577617,-4.004858298490489,-3.3097896333185988,422.3203185282354,26.58187379931164,11.404731076012144,66.04166132164075,1.5028799341315215,121.63620596732916,432.32525729787335,1.274,1.038706188573081,0,5.3200879643979135,345.0001478400497,0.0781244903589545,2.052695465525714e-06,-0.2551016231760343,0.1394582559191498,0.0203047458120806,13.330047983351166,28.09788178719137,27.7204928132642,37.35749484472797
0.74,31.222196418162635,131.0104323547555,11.492025520899643,10.970491913254063,7.092288190314333,23.229442414787503,-4.2569587223380445,-3.707185307143924,294.4828134710563,26.98915521677269,11.595815997914013,65.89334177061316,1.672922446861309,121.82238671974252,445.6654398430181,1.274,1.038664756629558,0,5.337032042694776,345.0001478400497,0.0793216902033682,2.233807855168707e-06,-0.2674011068715211,0.147671667178653,0.0216093739471064,13.039763009970176,27.612802662428635,28.10036641797853,23.905478773016082
0.75,31.222195905689546,131.0104334259885,11.71294807493796,10.833126630770474,6.9779505455084925,27.0980170411542,-4.470937470127398,-4.037254243735391,330.24688556441737,27.1579972337512,11.687975280548924,65.73760429716118,1.850747218348345,122.01731955556016,451.2494037363,1.274,1.0386204471166318,0,5.354004790727858,345.0001478400497,0.0798181193524555,2.424288913078895e-06,-0.2798299072608329,0.1559332755776563,0.0227547646572227,12.863368246985235,27.361133391901795,28.251383539605563,27.75952505452916
0.76,31.22219539433544,131.0104344962974,11.9328145191722,10.63936892996726,6.828570983471153,29.157529431419736,-4.70952105266395,-4.411722583442632,349.2703242098581,27.450630318114424,11.832684316332523,65.57433689498208,2.0360863273637,122.22074466616856,461.01667519093047,1.274,1.0385782076898709,0,5.37099550430242,345.0001478400497,0.0806783763584236,2.6242683837291105e-06,-0.2922637034989831,0.164161983200971,0.024021411044448,12.620929492457847,26.98779308783644,28.520722249552986,29.863094401666597
0.77,31.22219487246092,131.010435587846,12.15716400823973,10.436495222919689,6.673795155862816,27.274532980369365,-4.953572484502188,-4.796556952786099,331.76876669606884,27.754645641428606,11.983098560685676,65.40349938448574,2.2285660127119526,122.43228700454443,471.2745736851921,1.274,1.0385365467583234,0,5.387651371912188,345.0001478400497,0.0815720946454097,2.8336821623239206e-06,-0.3047498635319806,0.1723875654193209,0.0253245163848471,12.367936149997222,26.60289330174543,28.80059402964622,28.132632089049082
0.78,31.222194344704903,131.01043669162144,12.383716317922348,10.243941757001055,6.526022342403088,22.432503275010173,-5.192967682938583,-5.174188262725238,286.8734378128874,28.02137175731737,12.118516874429368,65.2250232468331,2.4278426414516474,122.65160517338632,480.3656795056044,1.274,1.03849287168282,0,5.404393167059035,345.0001478400497,0.0823562246455275,3.0525317343423048e-06,-0.3172809169049929,0.1806041104159789,0.0266186391763614,12.127330680337227,26.251585569825497,29.044261880441272,23.599922472701266
0.79,31.22219381172181,131.01043780631653,12.612137183250942,10.06943690507262,6.389858029089438,31.794687050839897,-5.4209734343142175,-5.533323964276392,373.6203323159581,28.22655374112816,12.22843901930572,65.03884387097568,2.6335605880748814,122.87834514766672,487.41554408477367,1.274,1.0384466974755144,0,5.421047296635176,345.0001478400497,0.0829594786334494,3.2808282758120447e-06,-0.3298272451383796,0.1887919492830301,0.0278732341802658,11.908075641103856,25.952869875178333,29.228190946520915,32.72471163707974
0.8,31.222193274749504,131.01043892955997,12.84183399178546,9.831115825578175,6.2143900908584095,32.19914196447756,-5.6857616831527285,-5.957389007834952,377.42502064505805,28.593080164715715,12.40853742483974,64.84491381713808,2.845338343486214,123.11212475952672,500.1450384460306,1.274,1.0384047782591217,0,5.437568284023861,345.0001478400497,0.0840369388297038,3.518571074072863e-06,-0.3423483098613415,0.1969245034280863,0.029306403810668,11.61419146601602,25.51121889350869,29.567321504472925,33.23556999596758
0.81,31.222192725920102,131.01044007568498,13.076284288104493,9.603581655025886,6.046074588756872,21.014228589670825,-5.945017540507103,-6.373066730854019,273.9374926939922,28.92013835021536,12.572821386441804,64.64320963860312,3.0627636530552915,123.35252801789868,511.64064249910734,1.274,1.038361290781311,0,5.453926979321234,345.0001478400497,0.0849984091271837,3.7656401630341673e-06,-0.3549031355363995,0.2050382850552131,0.0307279667353162,11.33316244690521,25.104710466122416,29.868091947028397,22.749879479500414
0.82,31.22219217164085,131.01044123273437,13.31254288766332,9.42836628054856,5.910546897111401,26.920369893168377,-6.166691563330766,-6.725742233518898,328.725004432774,29.081248260374583,12.665896071787367,64.43367323574867,3.285465588371459,123.59918457819356,517.3453352526766,1.274,1.0383149683959827,0,5.470380077199083,345.0001478400497,0.0854721508047545,4.022035975187811e-06,-0.367458625507016,0.213111338181988,0.0319915482213411,11.11361932316976,24.8348881368743,30.00802900264341,28.424813255569525
0.83,31.22219161611276,131.01044239311227,13.548779499251092,9.200429484858168,5.742831093885323,34.13686455144009,-6.422094658287507,-7.138049250812617,395.6875032246518,29.384474687775263,12.821953465105132,64.21626639866703,3.5130498158080146,123.85169814498974,528.1781845454801,1.274,1.0382732100563576,0,5.486718550847071,345.0001478400497,0.0863635880882104,4.287794608066992e-06,-0.3799277961428099,0.2210883383759635,0.0334212673907391,10.832537449022237,24.44589665600772,30.285046811986497,35.461536462911454
0.84,31.222191049038823,131.0104435751838,13.789385566492491,8.944036296050767,5.558029937717531,21.119297459832207,-6.698590198385137,-7.588058872672087,275.45937482564227,29.765487926779027,13.013625360516151,63.991003249905965,3.7450666208429695,124.10961055182752,541.9516894427533,1.274,1.0382320631074122,0,5.502819583505234,345.0001478400497,0.0874836574132503,4.562743237727065e-06,-0.3923578112511509,0.2289980794644629,0.0349614301566653,10.51836453846485,23.995691977156604,30.63717261165009,23.41953187614804
0.85,31.22219047251753,131.0104447748718,14.0333330332673,8.754076413391854,5.414310516410534,22.985929874973777,-6.917850928692661,-7.942294847201722,292.9609323393965,29.919775427578724,13.105989815396452,63.757870887110016,3.981103765326968,124.37250450636483,547.5717662059069,1.274,1.038185108701024,0,5.518983594307147,345.0001478400497,0.0879373653805499,4.846765975481513e-06,-0.4047647313169253,0.236849482993625,0.0362530624882688,10.282023786922055,23.72098412362014,30.768988135446623,25.28417847446725
0.86,31.22218989705213,131.01044597364623,14.276228616177558,8.531000966179805,5.250692139816443,28.7137032981538,-7.159202774362678,-8.336334033159975,346.2265619465616,30.166134421724045,13.240248434086066,63.51684782851367,4.220764633885136,124.63997939878176,556.6133027956524,1.274,1.0381410743036243,0,5.535128787796211,345.0001478400497,0.0886616833367929,5.139923177407928e-06,-0.417037718959621,0.2445730693401454,0.0376589818640782,10.007177153016094,23.372857348376563,30.989757254609952,30.74451831743786
0.87,31.22218931124392,131.01044719136755,14.522744351600398,8.281588685898765,5.071328271711926,26.700483418305552,-7.420374412844842,-8.766227639253401,327.9640783669946,30.488416750897404,13.409969202814883,63.267980070061455,4.463590576714372,124.9115643841139,568.556620055296,1.274,1.03809894085937,0,5.550962223511394,345.0001478400497,0.0896091568100268,5.442017630012779e-06,-0.4291998201769773,0.2521825193005435,0.039170372179872,9.701733599744564,22.967093295436666,31.283979408192312,29.0658651724187
0.88,31.22218871642467,131.01044842539198,14.772206546885023,8.044689865290954,4.89996808521988,23.03632301876904,-7.6651786899549155,-9.170527728433854,294.4828134710421,30.75349309128018,13.555182907265904,63.01130150419323,4.709149223370607,125.1868164849766,578.4721765163762,1.274,1.038054523593004,0,5.566806318890178,345.0001478400497,0.0903885027482268,5.752869761036852e-06,-0.4412642337947902,0.2596849236097215,0.0406205752376633,9.41109253369618,22.602882823455374,31.52224040467605,25.95237409933784
0.89,31.222188116432168,131.01044966901028,15.023036181285288,7.81519501738932,4.733396515983981,25.2135172111787,-7.895588661731248,-9.552790400249226,315.02813424808807,30.97501948341642,13.681714712495308,62.74683983393341,4.957027592258307,125.4653129243178,586.8218641488764,1.274,1.0380075074368726,0,5.582615739981038,345.0001478400497,0.0910398551752914,6.072390066447901e-06,-0.4531907550597352,0.2670549298463129,0.0420179692170511,9.129245858121092,22.26800083400165,31.71769420800684,28.09479622465266
0.9,31.222187510641675,131.0104509232115,15.275451504372963,7.5681016744944785,4.5565701327093135,27.79632720626081,-8.138123183682625,-9.958102384409694,339.3781423542166,31.24758035226925,13.832947494010392,62.47464874735728,5.206801860591992,125.74661704874909,597.180158240393,1.274,1.0379655515426192,0,5.598291266554209,345.0001478400497,0.0918412107245153,6.400452092253238e-06,-0.4649457066226252,0.2742713810730704,0.0434861075925041,8.827092039924716,21.89624123079057,31.962570491247018,30.627253520495326
0.91,31.222186895776,131.01045219329697,15.530633562284308,7.310399510404308,4.373782013294624,21.064370696025325,-8.38675322964765,-10.376303740582747,277.7421810230785,31.5484883059126,13.998815728608571,62.19480429642867,5.458044213367949,126.03028565335784,608.7220697101981,1.274,1.0379220165944227,0,5.613848829089561,345.0001478400497,0.0927258902006263,6.736835870228469e-06,-0.4765305678811551,0.2813344014908223,0.0449977269745731,8.512810889706467,21.505213238481605,32.23485331287257,24.93417377559175
0.92,31.222186272388388,131.0104534781061,15.788279248513966,7.0756082234845765,4.204902542197222,25.040816038848337,-8.598300408929482,-10.734368413653426,315.0281342480675,31.73769350604384,14.113893063933512,61.907383901800486,5.710344294429033,126.31589293638324,616.0300774683553,1.274,1.0378755575367775,0,5.629361870461133,345.0001478400497,0.093282264737556,7.081331918959462e-06,-0.4879370425560108,0.2882381352992246,0.0463499919463225,8.225292175551974,21.18701406690952,32.39760529921321,28.56921250321194
0.93,31.22218564601225,131.010454768469,16.04631272290182,6.815346787690752,4.021333427327524,29.75279267214812,-8.834251260494403,-11.136525943793078,359.16250706547066,32.020098575529964,14.274113968656431,61.61247230940009,5.963304288537357,126.60302485830144,627.0263044025647,1.274,1.0378339899319355,0,5.644811584207496,345.0001478400497,0.0941125733558883,7.433835226088735e-06,-0.4991073188775954,0.2949473572942756,0.0478317590197859,7.908458008572908,20.80761989280269,32.651249679577944,32.9741546854829
0.94,31.22218500813785,131.01045607805776,16.307760269730043,6.540950252129671,3.829860918737436,21.43319136624202,-9.082828354892964,-11.562945928398888,283.06875048378083,32.353766877250024,14.460444184502029,61.31019172792136,6.216514734700948,126.89125146535824,640.1462861621577,1.274,1.0377886084423549,0,5.6600756716860925,345.0001478400497,0.0950935623621487,7.794028838811388e-06,-0.5100555904607632,0.3014697973862829,0.0493891109661388,7.575491382723997,20.397040944573888,32.95491212947346,25.991944552293035
0.95,31.22218436028292,131.01045740410316,16.571952815811386,6.293988113386621,3.654737432048615,27.788845772391635,-9.280172323343107,-11.905541093688909,342.421873617488,32.5415116263395,14.578503022206124,61.00065838588654,6.469593692812562,127.18017111830191,647.5807840930024,1.274,1.0377428647534264,0,5.675334970531992,345.0001478400497,0.0956456631861702,8.161630361756737e-06,-0.5207788269012997,0.3078026202147811,0.0507187880757951,7.274448887769034,20.075992565553182,33.11520721217382,31.624096136430953
0.96,31.22218371026659,131.01045873410263,16.83613777136096,6.0162992459103934,3.4622583905923605,27.12623907565908,-9.516454319859957,-12.317150348097991,337.09533515678265,32.86609039806246,14.764059902740827,60.68399295299397,6.72217731457236,127.46939979289051,660.5467789624454,1.274,1.037699816604592,0,5.690548992497324,345.0001478400497,0.0965999495900532,8.536536057875329e-06,-0.5312103108489326,0.3139061109298984,0.0522494048727185,6.93822672037817,19.67339394805989,33.40960975469185,31.274717295436027
0.97,31.22218304556253,131.0104600875996,17.104536895678024,5.743816242792627,3.273142243366826,17.05215736373131,-9.734284052135672,-12.70067857503322,245.0218871929888,33.15037864081074,14.931935414090097,60.360359371388085,6.973890879570084,127.75853774458784,672.0062000230091,1.274,1.0376560257364509,0,5.705561150644328,345.0001478400497,0.0974358241187782,8.918322850621678e-06,-0.5413735021278789,0.3197930471420683,0.0537082621596592,6.608249697762334,19.29581813578449,33.6642430156904,23.38460162225191
0.98,31.22218237429445,131.01046145163303,17.374301719588,5.49430084574832,3.0974234859512726,25.04943486284592,-9.896332090536392,-12.992745580166993,319.593746642963,33.289095310039485,15.029689555286284,60.02991009620393,7.224392681386912,128.04721956377372,677.6243860362387,1.274,1.0376061573473925,0,5.720613331370049,345.0001478400497,0.0978438389388618,9.306751040144367e-06,-0.5512349398153862,0.3254430678040224,0.0549140013244668,6.304914168628261,19.00055554983763,33.775400500765805,29.90356188658953
0.99,31.222181700990763,131.01046281925125,17.643954263413793,5.212369084135945,2.903797519715668,27.34349196375791,-10.108680480715504,-13.37346641294686,341.66094855170127,33.598179376917585,15.213272360677706,59.69282075739645,7.473347488805572,128.3350837027457,690.2482006675016,1.274,1.037565110121187,0,5.735544485214416,345.0001478400497,0.0987526042104014,9.701671973769332e-06,-0.5607349021662048,0.3308216764982192,0.0563775820995013,5.964692217522077,18.611336397836084,34.05411158568938,32.07337802183471
1.0,31.22218101176044,131.0104642114081,17.917889487160224,4.929380169748241,2.7100239442231824,24.267376729878418,-10.312658789393865,-13.743459497937966,314.2672081822764,33.902954250957684,15.396830926125576,59.349306306086845,7.720417759780535,128.6217620201362,702.8092286839957,1.274,1.037519327461312,0,5.750276507793901,345.0001478400497,0.0996487141029004,1.010254990073228e-05,-0.5699015009702029,0.3359437513696187,0.0578174629986312,5.623600868798923,18.22709239079928,34.32848511036914,29.734478028507045
1.01,31.222180314405463,131.01046561597326,18.19349835210708,4.653013371843303,2.520422952875001,25.316987410453383,-10.489260507777596,-14.070389210890344,324.92031610370094,34.15176847078711,15.554016188610738,58.9995674226769,7.965301114361401,128.90692301821628,713.1440575831059,1.274,1.0374743210823731,0,5.765051758951875,345.0001478400497,0.1003803494685182,1.0509050105855668e-05,-0.5787123176453244,0.3407955092385153,0.0591406528956348,5.290471821981932,17.87450630950797,34.54754790867017,30.805036764902866
1.02,31.22217960971557,131.01046703169368,18.47050867187765,4.369966348635153,2.3276473115889766,20.826323607621006,-10.668574341916152,-14.40552695849869,284.59063161543185,34.4328604042943,15.729426428927038,58.64382132699199,8.207708363981169,129.19024648410786,724.9123890154627,1.274,1.0374311168291683,0,5.779727922404744,345.0001478400497,0.1012068633279356,1.092088354975974e-05,-0.5871329131668523,0.3453570947030515,0.0604934237468665,4.950155248849672,17.507696061119567,34.79838582581364,27.47859968139527
1.03,31.22217889366944,131.0104684643287,18.75007198427265,4.094427985270047,2.1393069610309534,16.663011162195374,-10.813246050749926,-14.685205472465393,247.3046933904342,34.642962159549334,15.87015366099353,58.28230911531978,8.44735996085488,129.47141921351005,733.7661892384899,1.274,1.037384388221718,0,5.7942925851570735,345.0001478400497,0.1018247265931559,1.1337626768595522e-05,-0.5951505321083054,0.3496203860433694,0.0616919959447355,4.618785652979233,17.1782656122373,34.978925636103256,24.702985465607878
1.04,31.222178171947814,131.01046990540186,19.030431010812563,3.821398884091752,1.9526591500462147,27.20970863924577,-10.933639404398628,-14.926948810554508,345.4656368807608,34.814551655321345,15.992348585359748,57.91528249495759,8.683994391577345,129.750144731091,741.0330477373305,1.274,1.0373395862923864,0,5.808807852167253,345.0001478400497,0.1023293967157081,1.175897620748522e-05,-0.6027303811230909,0.3535657988366888,0.0627854731154946,4.290723877659479,16.869073304669264,35.121215265935135,32.90480991665168
1.05,31.22217744347396,131.01047135640044,19.31187369192468,3.526223642612863,1.7551320039847855,15.677507068878066,-11.108793218534563,-15.266221341498628,240.4562587980608,35.165957044346634,16.210558051687666,57.54301724409027,8.917360725915529,130.0261345010618,756.0475429692895,1.274,1.0372938449587468,0,5.823183903387193,345.0001478400497,0.1033626005809573,1.218456598400696e-05,-0.6098477653164734,0.3571796297234024,0.0641663624527724,3.938381773236285,16.47866205003619,35.44160941944431,24.540721845832273
1.06,31.222176696956254,131.0104728331788,19.597502122407217,3.25395385509027,1.5696276244742595,22.91835485768721,-11.191348760793058,-15.450594848390152,308.1796836557233,35.29364708739779,16.312609531730672,57.165806992564136,9.147222879905176,130.2991128650209,761.527142500605,1.274,1.0372437893355817,0,5.837438867941639,345.0001478400497,0.1037382517384549,1.2613700365778343e-05,-0.6165179613062662,0.3604678223072551,0.0651019354825227,3.61238107986857,16.19420508540703,35.54017277932965,29.819761193505215
1.07,31.222175953023577,131.01047430634563,19.88148480825196,2.963885269866241,1.3759856049593484,27.17741975016892,-11.323574724531,-15.724060576225808,348.5093681440431,35.5886707538006,16.50538433190297,56.78393868825855,9.373370816110375,130.56883038601097,774.2906211575954,1.274,1.0371999455012164,0,5.851730440626936,345.0001478400497,0.1046057469489671,1.3046266002043627e-05,-0.622683641224489,0.363400939769078,0.0663008362394846,3.267455139569624,15.838505211550514,35.804789291650856,33.37786047402871
1.08,31.222175190211487,131.01047580596662,20.16968684776272,2.6712822463930297,1.1818389891486936,17.535049541615702,-11.454823171592253,-16.000115374621423,261.0015785751465,35.912696769686995,16.716253221359953,56.39773691970508,9.59559921438766,130.83503859124244,788.4324303587161,1.274,1.037155641712703,0,5.865768483211403,345.0001478400497,0.1055584995980614,1.3481538608250316e-05,-0.6283550677968495,0.3659822214112119,0.0675119887515146,2.920869740242741,15.475899316008622,36.09832643995272,26.357060312572052
1.09,31.222174416203583,131.01047732094045,20.459875900508816,2.3916978996166622,0.994343283544326,15.83841175575084,-11.512601144820048,-16.15349194035558,246.54375332456465,36.07253415756398,16.839876098295953,56.00752251524296,9.813726082883637,131.0975121272811,795.4440628844956,1.274,1.0371048141154162,0,5.879846226451787,345.0001478400497,0.1060286582014361,1.3918992858083124e-05,-0.6335159303630378,0.3682014694509939,0.0683675236801486,2.590050782660834,15.187385127925973,36.22871739512365,25.38366746416977
1.1,31.22217364003234,131.0104788388259,20.74967145402408,2.109406120860481,0.8062105629878447,33.84415623007829,-11.566058249849876,-16.303217242308246,413.1890617384087,36.25649352493004,16.97810571273962,55.613628744122686,10.027583994631716,131.35603845585013,803.5554472524809,1.274,1.0370555489440738,0,5.8938535626025725,345.0001478400497,0.1065697218186581,1.4358400546261332e-05,-0.6381281407191634,0.3700406190001078,0.0692145285163081,2.2581576473058824,14.893028032033529,36.3831286051021,39.30643085825479
1.11,31.2221728526804,131.01048037186595,21.04138261655787,1.810071549851592,0.6122235228727269,24.02526516309424,-11.710474222148209,-16.61522535391105,324.1593910379213,36.7201326508596,17.273668583058473,55.216414344103626,10.237016346269192,131.6104133830528,824.2150955464001,1.274,1.0370154948938723,0,5.907678938912593,345.0001478400497,0.1079328645054879,1.479921233682594e-05,-0.6421807285522295,0.3714934120060027,0.0705428350857794,1.9107726066848905,14.494374890045988,36.81629866695091,31.47084819679692
1.12,31.222172039292087,131.01048193965423,21.33857998427097,1.5256361818711193,0.4249986728430072,7.419300549298573,-11.75284077379644,-16.754711770368974,172.7328179403806,36.948078781522575,17.44044804479004,54.81624695006166,10.441882783728984,131.86044767360312,834.4559320344703,1.274,1.03696268629126,0,5.921435925626843,345.0001478400497,0.108603239340835,1.5240421697728487e-05,-0.6456807937533936,0.3725572460154095,0.0713655688496376,1.5837130234699617,14.19512673615104,37.01483680475392,21.769144526213584
1.13,31.22217122675965,131.01048350599004,21.63451141997505,1.250253517196673,0.241356968341675,28.509185541035663,-11.706454269378987,-16.743247201627,367.5328077894322,36.97756263144364,17.496344896430028,54.413492339119,10.642058473634796,132.10596631732906,835.764466509817,1.274,1.0369145702299396,0,5.9352907308873055,345.0001478400497,0.1086902655756624,1.568190304789953e-05,-0.6485894263170123,0.3732160682816267,0.0717422187602028,1.273333340968827,13.975514911654876,37.015474783250376,35.0735093571922
1.14,31.222170413709943,131.01048507295053,21.929616168220424,0.9595133639909504,0.0548186588508626,14.461918233323011,-11.794782094940992,-16.971673538467215,239.6953177322812,37.40753835341219,17.781995078255143,54.00854175574904,10.837429320874316,132.34680285956378,855.2897940886248,1.274,1.0368739135258704,0,5.948930523424486,345.0001478400497,0.1099544839726035,1.612347585282159e-05,-0.6508839344438391,0.3734635332430157,0.0728311269911379,0.9610778845152962,13.615900278237678,37.41614924689473,25.225020641235744
1.15,31.222169567572955,131.010486682944,22.2314945944229,0.6810012274181076,-0.1279771842047905,14.099286753813752,-11.7502976143415,-16.971931305765168,237.4125115347709,37.522708941795365,17.889421290928517,53.60180165432939,11.027896725879668,132.58280535619468,860.5394934450961,1.274,1.0368186105733348,0,5.962382019743733,345.0001478400497,0.1102933883171147,1.656383447828023e-05,-0.6525689986462619,0.3732914021673257,0.0732423682151514,0.6929213953733003,13.376875402211926,37.50260634942468,24.99811659384521
1.16,31.2221687304886,131.01048828077776,22.530187490186098,0.4017282363013428,-0.3093394138910963,41.51200447019654,-11.715059654355548,-16.99242083780598,490.043774385954,37.70401850169912,18.036369233513625,53.193678227651006,11.213371158944195,132.81382854335055,868.8509037711027,1.274,1.0367760258606555,0,5.975969572925982,345.0001478400497,0.1108266990230825,1.700300530931788e-05,-0.6536212319910404,0.372696430373069,0.0737128303047841,0.5070255227681267,13.121864988910106,37.655427816255134,46.35980482883669
1.17,31.22216787749263,131.01048989887727,22.83148697449024,0.1186343205115169,-0.4860060588719664,4.742033565591387,-11.816471898136427,-17.25989237491926,153.70937929500428,38.29941290233175,18.428806403189192,52.78459274761215,11.393779204290087,133.03974285755518,896.482140562259,1.274,1.0367320576298635,0,5.989261713895903,345.0001478400497,0.1125771763063251,1.7440293552818012e-05,-0.6540333084521637,0.3716738682118378,0.0749218875519882,0.5002755777689843,12.73811509343625,38.2230721645999,21.448071597475597
1.18,31.222166987153432,131.0104915640628,23.139950707359684,-0.1550454759886732,-0.6662490177891655,18.41580288754747,-11.647834701104577,-17.053649843732607,280.0250182204742,38.20743418931967,18.417768817340534,52.37497245271332,11.569059008356415,133.26042896542336,892.1549483478088,1.274,1.0366735571687664,0,6.002525349672095,345.0001478400497,0.1123072052913884,1.7874266584234605e-05,-0.6537842770988874,0.3701983227241168,0.0747112848389766,0.6840509994364031,12.588573738865424,38.10278239680128,27.670215434829903
1.19,31.22216612651904,131.0104931911946,23.44082676663531,-0.4285504001283285,-0.8394986618210706,34.49348880392509,-11.60642765828324,-17.077517013261645,428.40781305479993,38.505592494886365,18.63972767629728,51.96526035557688,11.739146499980356,133.4757604766467,906.107261325468,1.274,1.0366367972928747,0,6.0159579808461086,345.0001478400497,0.1131839982411285,1.83057340903556e-05,-0.6528786119301324,0.3682973991358429,0.0751878316218977,0.9425498957256438,12.322150814061189,38.373729071678426,40.20138704313209
1.2,31.22216522817085,131.0104948654458,23.748771205718235,-0.6969395718698588,-1.006160269631765,0.4565745577525706,-11.609909861451849,-17.187703950456328,117.18437413578772,38.97735812990335,18.969556849658776,51.5558950856812,11.904009225722476,133.6856470316896,928.4188357057922,1.274,1.036586748267203,0,6.02892143728101,345.0001478400497,0.1145711123759999,1.873330490352384e-05,-0.6512969620154022,0.3659480319681354,0.0759223975227596,1.22394171589516,12.01366735470508,38.81931896736479,20.746460768197448
1.21,31.222164308721663,131.01049656525936,24.059940780583567,-0.9689371834893264,-1.1829882380038976,26.861022330563948,-11.383948380389128,-16.890691765879428,359.92343213123,38.859362625147845,18.943350415764936,51.1473296305938,12.063611983170372,133.88999101172044,922.7785888875936,1.274,1.0365323281618073,0,6.042051320939983,345.0001478400497,0.1142246742638455,1.9155978130078715e-05,-0.6490137338542762,0.3631296159628252,0.0754249518241193,1.529106608883325,11.893151913035997,38.67355246973398,33.71059580755532
1.22,31.22216341399516,131.0104982340366,24.36491206737509,-1.2277603217881188,-1.3420551781047767,18.392977317226325,-11.34386301673694,-16.933100731719197,283.06875048383864,39.30837049256613,19.265203595210806,50.74003463589551,12.217919480830709,134.0886908660704,944.19897000828,1.274,1.0364969907237351,0,6.05518033581783,345.0001478400497,0.115544902560662,1.957444343736017e-05,-0.6460689567381531,0.3598898266078913,0.075948058075342,1.818854533148619,11.614467237478022,39.09758023440445,27.45386572279109
1.23,31.222162469253004,131.01049996377208,24.678924489532672,-1.4880460566988831,-1.5051544851408258,4.874721324699159,-11.193886517315228,-16.782449589491662,159.796873821485,39.49902537231414,19.430757034275405,50.33445350128583,12.366932651224376,134.2816882559787,953.3516018864858,1.274,1.0364446173214876,0,6.06788967728352,345.0001478400497,0.1161057340616516,1.998684990823196e-05,-0.642407019134501,0.3561763313030696,0.0758815715514439,2.116426630077312,11.42197378876119,39.262623451317005,20.753713344359298
1.24,31.222161531893192,131.01050168373567,24.99024598200048,-1.7497814714198454,-1.6705091388520712,33.0649644874795,-10.97225831208636,-16.50532750082165,418.51563019911424,39.5301897597773,19.497950601325023,49.931067520127485,12.510632867481432,134.46889632206475,954.8280135091655,1.274,1.0363949739173128,0,6.080839218596688,345.0001478400497,0.1161977487133628,2.039315509992016e-05,-0.6380473610586794,0.352011931407802,0.0754238137059661,2.4189808430420783,11.284209176045156,39.26782397290091,38.55007347508962
1.25,31.222160591600367,131.0105034067793,25.30104550048416,-1.9881070645738947,-1.8130565098843687,13.98403738853536,-10.900970290126926,-16.509066580017876,244.2609461271705,40.05192168284088,19.87540080682168,49.53034495727868,12.649021617091645,134.65025122587195,980.1693203827718,1.274,1.0363587890172223,0,6.093548524100552,345.0001478400497,0.1177317762176297,2.0793147722775407e-05,-0.6330125033267134,0.3474187718669886,0.0758139899190557,2.690431961259402,11.02260624268176,39.76717495871997,24.22671530137026
1.26,31.22215960608963,131.010505183479,25.619325225740628,-2.239134050262069,-1.968926291557464,6.63929395565668,-10.666134799969813,-16.217952362057527,177.29844633527966,40.14728991020312,19.985826809341024,49.13273912221314,12.782117622914992,134.825709058041,984.812559748436,1.274,1.0363027034459262,0,6.106113032239808,345.0001478400497,0.118012532989839,2.1185067777405668e-05,-0.6272273775265566,0.3423347274358051,0.0752976928163424,2.981345016947869,10.887454120293858,39.83807255914047,20.515083100458398
1.27,31.222158637050143,131.01050693969947,25.933269783708862,-2.486590845978136,-2.1217462019537336,31.55393502537232,-10.411212444810875,-15.89340427015012,405.5796860802705,40.22842613161132,20.087781241763302,48.73875325639767,12.909915567139896,134.99519159754692,988.7673043619236,1.274,1.0362599244949589,0,6.118854486035171,345.0001478400497,0.1182514510142202,2.156931324628303e-05,-0.62075594661971,0.3368169420443483,0.0746691593953521,3.268350348043477,10.765975355623889,39.89521918580292,36.832654797758316
1.28,31.222157654516263,131.01050871139924,26.24859768956604,-2.705263980275491,-2.249838642095229,7.590391053648094,-10.271430982650752,-15.789629518200051,186.4296881251072,40.71952699821024,20.45593971832252,48.34884798217616,13.032442518273609,135.15866105828005,1013.0253367578248,1.274,1.0362177524201757,0,6.131283032330448,345.0001478400497,0.1196954678684173,2.1945365765805587e-05,-0.6136075744461408,0.3308743531722393,0.0747080865637802,3.518020000048723,10.550116568753891,40.36621398287956,20.308341416784216
1.29,31.22215663185617,131.01051052960847,26.569994410352272,-2.946807435627724,-2.398195432537664,14.997298026327783,-9.958720780149116,-15.367149365014436,254.15312898270548,40.7274840947559,20.51310268842469,47.96347756598634,13.14973284350864,135.31608757928117,1013.3900034084478,1.274,1.0361631701555056,0,6.143627941778107,345.0001478400497,0.1197192920723702,2.231161275002236e-05,-0.6057014529736165,0.3244441619351177,0.0737576322899456,3.7986764487703257,10.467251860818912,40.35088642353084,23.669481347805927
1.3,31.22215563068232,131.01051232179233,26.88630863138744,-3.1674386034545288,-2.5292472999062454,23.40842974067748,-9.702864624005786,-15.0563584013276,331.0078106303023,40.966038859292446,20.721790642296696,47.58314940133397,13.26179631719288,135.46740643288655,1025.265159441974,1.274,1.0361272613597408,0,6.156093434180398,345.0001478400497,0.1204209586743982,2.266868187669428e-05,-0.5971417142985135,0.3176107079036663,0.0731389894871741,4.052559717638864,10.337115074134225,40.56887464184209,29.47531328324171
1.31,31.222154598194862,131.01051414982643,27.20697435302254,-3.3745609540330483,-2.6498567485043965,1.551728362179828,-9.455376716908816,-14.76800866400316,130.881252320483,41.29323108642325,20.991342992134413,47.20830187446265,13.368681912412432,135.61260419860483,1041.675883262535,1.274,1.0360773856444123,0,6.168249733545185,345.0001478400497,0.1213831897857308,2.3015455851824847e-05,-0.5878855072486354,0.3103419047815361,0.0725781368396981,4.289671338492399,10.196110874307294,40.877140931034425,17.604149785454766
1.32,31.22215354817361,131.01051599727654,27.52940682419573,-3.6030818681535215,-2.7879087635700928,28.47589025350863,-9.082576806028896,-14.243454938935177,376.66406457918,41.25124834539263,21.01726162569632,46.83940116200922,13.470425835061352,135.75164913718507,1039.5266223491217,1.274,1.0360259477196887,0,6.180463041984064,345.0001478400497,0.1212602210053502,2.3351129369387755e-05,-0.5779143174029663,0.3026253179004991,0.0712723851194504,4.55460034137959,10.153057840637413,40.813497446497024,33.10959884632791
1.33,31.222152512265755,131.01051782765268,27.84821732310688,-3.7827883641456346,-2.8877858726814694,11.37492912661446,-8.841233969505309,-13.979342293222643,219.91093802105664,41.72054896890682,21.386390037918748,46.47692515641344,13.567060144344776,135.88450280737868,1063.2812431783016,1.274,1.0359923774884063,0,6.1925888147082695,345.0001478400497,0.1226401962138647,2.367615342717344e-05,-0.5673347955432106,0.294542741269637,0.070761475002308,4.757801245539364,9.998770034927391,41.2671286521515,20.07432294475009
1.34,31.22215142455124,131.0105197166531,28.17449336919057,-3.987790160568099,-3.007795297875368,5.785032057111574,-8.471957465544126,-13.471591375975084,168.16718954544748,41.79925883562001,21.495086418103423,46.12128116963301,13.65864955723964,136.01117118350282,1067.2635422928415,1.274,1.0359346503176647,0,6.204471629640094,345.0001478400497,0.1228720213068595,2.398865544325368e-05,-0.5560171412298235,0.2859985690701734,0.0694785252937518,4.993464467352984,9.94460096772386,41.3270124293806,16.932939301876793
1.35,31.222150354230354,131.01052158480235,28.496596700807608,-4.185420691955596,-3.122224920938532,34.5962620205718,-8.090471507827353,-12.943177155207264,430.6906502522,41.87911541314719,21.605045630240664,45.77296105624144,13.745220002198668,136.13160638900675,1071.3122557465292,1.274,1.0358904921961407,0,6.216528689039072,345.0001478400497,0.1231072131651484,2.428914876843864e-05,-0.5440813546044414,0.2770830915473621,0.068114839069319,5.22002735465826,9.89816560509731,41.3889201591751,37.81379258797118
1.36,31.222149269056004,131.0105234690639,28.8199190306892,-4.331222315611536,-3.197896276438336,7.697512314054755,-7.810661821973712,-12.625646178888472,184.14688192766988,42.41640363497385,22.02941657536044,45.43237733786968,13.826831335680907,136.2458075709324,1098.9432628260283,1.274,1.0358516430956335,0,6.228332088923681,345.0001478400497,0.1246870724697589,2.457718866121466e-05,-0.5315452442306599,0.2678102040024446,0.0673970647701892,5.382056868300616,9.75670219407728,41.91434002724548,16.723189748273008
1.37,31.222148136462053,131.01052540599727,29.14955239991396,-4.521586445823381,-3.3072126221432945,10.97808938573725,-7.375571413225924,-12.000733836922896,213.0625034286327,42.40737538615468,22.0807113097432,45.09993012677283,13.903545792634302,136.35377787623827,1098.440712524836,1.274,1.035796638017214,0,6.240032033588223,345.0001478400497,0.1246609968449809,2.4851015240227405e-05,-0.5182745054393829,0.2580841329222967,0.0656983391527963,5.599971331017436,9.744666894557172,41.88816807023844,17.858754515852958
1.38,31.222147031173904,131.01052731114774,29.473560879450744,-4.685329200602356,-3.3968744634525208,30.013760354264107,-6.973554558542489,-11.446988849060398,385.7953213690772,42.58031702676386,22.25810645494141,44.77610666324029,13.975387646956188,136.4554675385183,1107.3836198534734,1.274,1.0357587964510129,0,6.251860201454637,345.0001478400497,0.1251698349435982,2.5111670195647484e-05,-0.5044618397119343,0.2480451401236577,0.0642061815285903,5.784922492241509,9.698831142983163,42.04704975933615,32.87080509349714
1.39,31.22214589578453,131.0105292492615,29.80104961403173,-4.811590934811786,-3.45949979271154,3.8090094310345983,-6.615863314377264,-10.99357105672724,145.3390625710013,43.01974567149805,22.623056871630183,44.461267253976175,14.04242948724913,136.55089594106255,1130.322383398663,1.274,1.035713227320956,0,6.263393621687837,345.0001478400497,0.1264620543947649,2.5358261125571795e-05,-0.4900667673232367,0.237665270185678,0.0630157428914239,5.923798754412154,9.601371798102946,42.4766588441435,13.384199819919917
1.4,31.22214472776568,131.01053122281098,30.132239262526376,-4.981060365187217,-3.553675426503057,22.38752146694048,-6.1365339707648445,-10.288772339780753,313.5062531163733,42.97204669134027,22.64864352861704,44.15579774108868,14.104729279231364,136.64006330721625,1127.7813563544423,1.274,1.035659427084884,0,6.274943997423064,345.0001478400497,0.1263223093162332,2.558958287189542e-05,-0.4750090656887168,0.2268892559282068,0.0610098684512061,6.116186079282839,9.614471696725914,42.41419448768086,25.391278086518398
1.41,31.22214358334531,131.01053316906075,30.45854424965996,-5.096053925397973,-3.6087968612921535,12.62188857889015,-5.730908772611575,-9.747313527934452,222.9546852843992,43.33047222249923,22.960740218796907,43.860135445039376,14.162321573794433,136.72293779061087,1146.6372942614687,1.274,1.0356267914441493,0,6.286492532039953,345.0001478400497,0.1273764201340548,2.580664105558702e-05,-0.4594872020063462,0.2158580329210249,0.0595066331533578,6.241699378833872,9.545279678603125,42.76397847234291,16.94595844647826
1.42,31.22214239084424,131.01053516778822,30.790808207196555,-5.2283180520984445,-3.6765815848182526,4.876739314849568,-5.263485638954905,-9.077347515110784,150.66563203169656,43.44912579772609,23.10495427153722,43.57458710164944,14.215284856899132,136.7995526650799,1152.888857263139,1.274,1.0355726411078707,0,6.297784527247553,345.0001478400497,0.1277256990961794,2.6007927337605936e-05,-0.4433716038201198,0.2044823644137536,0.0575749529923794,6.388662781544566,9.531200665176538,42.87200596040007,11.5708731445199
1.43,31.2221412063702,131.01053715655274,31.12055000672772,-5.3587579790881374,-3.743150925424116,36.51250323300907,-4.775135018625812,-8.363243147809296,437.5390698445324,43.4992456850592,23.20084671065625,43.29954290982504,14.263661597601663,136.8698915389987,1155.5135708269397,1.274,1.0355248422469503,0,6.309197945331443,345.0001478400497,0.1278735104769408,2.619377496959418e-05,-0.4267755005634116,0.1928420152991359,0.055482001927119,6.533496483480698,9.534834561467738,42.91169107283186,37.761205525459374
1.44,31.22214001328765,131.0105391538696,31.45028498245732,-5.418386160781084,-3.7602797041484353,9.002519089502808,-4.360745252383466,-7.828127121441898,184.90782199347723,44.05758035638436,23.66178917837335,43.03531820400442,14.307515379368066,136.93397117897106,1185.3295869731808,1.274,1.0354869339832435,0,6.320388489735266,345.0001478400497,0.1295153132326292,2.636411621260715e-05,-0.4097541423344938,0.1809760601020288,0.0539512056000986,6.592148605458789,9.435331336450927,43.467340927909376,12.702008634168912
1.45,31.222138765250826,131.01054121064425,31.786664208296656,-5.535954511660173,-3.818093623960333,8.299897245121489,-3.839865528495237,-7.050332584501578,176.53750626942457,44.0467156601557,23.715485829215226,42.78219123434793,14.346916015838293,136.99182058029464,1184.7067632722665,1.274,1.035427467886678,0,6.331491880974535,345.0001478400497,0.129483866076516,2.6517131381500508e-05,-0.39212391159529,0.1687604160474719,0.05161548131483,6.72154934327928,9.45632068573819,43.44741469507315,11.547296268329916
1.46,31.22213754813133,131.01054323235547,32.117264126404336,-5.628107153202455,-3.8582913712330247,37.31360653208024,-3.3330531872439364,-6.307562845733844,439.0609509762296,44.16017996933389,23.85886657621884,42.54055868972545,14.381886896268092,137.0434035573659,1190.780410921025,1.274,1.0353899360042031,0,6.34273986368631,345.0001478400497,0.1298179008351002,2.6654208586809564e-05,-0.3741450836571011,0.1563741253067289,0.0493742154897311,6.8201230049584245,9.453257760059827,43.554578919422816,37.98946992302973
1.47,31.222136304089712,131.01054528262887,32.45042568872476,-5.6557966300292,-3.8544492408838615,-0.2003469765073081,-2.8717397958543063,-5.690976763860945,95.11718822711856,44.70717010513957,24.31826781045937,42.3106466421148,14.412502363014127,137.08876228757222,1220.4232500519822,1.274,1.0353415500987206,0,6.353675185970867,345.0001478400497,0.1314263846740059,2.6774809965557147e-05,-0.3557979887043785,0.1438049829866631,0.0475330956497999,6.840797700526589,9.363134240759972,44.10217120915052,6.377636309236687
1.48,31.222135011898555,131.01054738448423,32.78901521651559,-5.760441955516556,-3.9034534536114576,24.09415629344355,-2.313556036450576,-4.825591618589663,314.26720818216694,44.54905662350195,24.265341177901472,42.09269277711149,14.43882523799798,137.12792587815542,1211.7666836458795,1.274,1.0352815000585187,0,6.364601137521544,345.0001478400497,0.1309620764328311,2.6877374169139967e-05,-0.3369212808052423,0.1309461281057958,0.0448506000009388,6.9547287082667655,9.416889743878832,43.93637779760505,24.68131365012983
1.49,31.22213376290609,131.01054943808185,33.12024930422396,-5.785444828984394,-3.8983199671974815,22.408497577668346,-1.8120598597620887,-4.1189303708532,296.7656196685963,44.93693978962878,24.611598187000343,41.88703845755912,14.460878081714334,137.16086723698285,1232.9207189299796,1.274,1.0352502260950027,0,6.375632372532327,345.0001478400497,0.1321028410438898,2.696384093741491e-05,-0.3178535497892384,0.1180258535818381,0.0426793740761012,6.97255838081145,9.360567102121404,44.325065461723824,22.85585071756608
1.5,31.22213245143358,131.01055155882838,33.458839281296285,-5.818145771693417,-3.8987648328725726,2.8603468404220007,-1.2843001467606243,-3.3480381426047328,116.42344106993176,45.17661949261723,24.85069526825984,41.69380385737319,14.478746338085692,137.18765734578352,1246.0672918316525,1.274,1.035191582589584,0,6.386311001825769,345.0001478400497,0.1328079441942761,2.7032459574994632e-05,-0.2983887333855417,0.1049084353411089,0.0402781491206734,6.999920638249897,9.334331560941166,44.5646754470756,4.5869783429636595
1.51,31.222131141095023,131.01055367722856,33.795913759048965,-5.875792077307567,-3.916032276165081,35.28999543792647,-0.7298312521454787,-2.492604323290774,409.384373409308,45.131308959171015,24.880127237261743,41.513241669015535,14.492466094475954,137.20829767948567,1243.5287516269032,1.274,1.0351400511164677,0,6.397135088857747,345.0001478400497,0.132675247361885,2.7083501620443457e-05,-0.2786220165005354,0.0916585755813585,0.0375709910192572,7.057366855194627,9.364492279129648,44.51665885491243,35.38544203451424
1.52,31.22212983812025,131.01055578659253,34.13068379537898,-5.848716320715184,-3.876847929291408,11.553398252925332,-0.2102587457522222,-1.767498183618876,190.99531651999905,45.663528524904,25.336877681287184,41.34554162510119,14.502085368224474,137.22281203709247,1272.9898415420453,1.274,1.035103064654396,0,6.4078455323189,345.0001478400497,0.134240352764608,2.7117785732414657e-05,-0.2587186440383852,0.0783865982782477,0.0352973836479244,7.013214330997696,9.279576216012504,45.05501925592917,11.689707856056943
1.53,31.22212847192624,131.01055796363516,34.47267811792633,-5.876093024214962,-3.874148320410416,13.82743581943884,0.3472727864544733,-0.9078422761928876,209.25781509953936,45.67881137197197,25.411643908700736,41.19078509805088,14.507676880693683,137.23126637966868,1273.8002275903027,1.274,1.0350434619088122,0,6.418364635142942,345.0001478400497,0.1342857992250182,2.713348756412097e-05,-0.2384523441386628,0.064946056076489,0.0325422398886399,7.034544760006329,9.295866267518893,45.07072518687399,13.861556814707184
1.54,31.22212713554333,131.0105601072176,34.80932172843239,-5.873133570081452,-3.8513993593535214,28.72124162987281,0.8970347142885621,-0.0768010336035412,342.4218736175491,45.84344941144136,25.597264199025616,41.04919879799555,14.509262150541362,137.23365385237864,1282.9574777063272,1.274,1.03500524744535,0,6.429031871517672,345.0001478400497,0.1347703114689922,2.713211578787273e-05,-0.2180931704882076,0.0515147719046278,0.0298700781422441,7.019613232742019,9.281898360281184,45.23892850693117,28.735349144197645
1.55,31.22212576873047,131.01056228283252,35.14873299088392,-5.83275678727946,-3.804303588030911,4.813533238117895,1.445257200794836,0.7270064036544143,122.51094359649728,46.21605306219857,25.93856341575477,40.92083337715128,14.506906826813625,137.23003954845674,1303.8548009427193,1.274,1.0349555666894477,0,6.439474430242798,345.0001478400497,0.135866210084348,2.7113271720670625e-05,-0.1976131407896915,0.0380761790530304,0.0272842183425983,6.96015321020594,9.22664444862612,45.61891344047535,5.078130455381152
1.56,31.22212437207017,131.01056448981174,35.49077483332221,-5.835240187407916,-3.785414217306792,27.75093529941133,2.0013513153483915,1.607908463603186,328.7250044327359,46.156242075793344,25.957227700680228,40.805756369023136,14.500663495423495,137.22047378188023,1300.4394530276106,1.274,1.0349030758945432,0,6.449869083583318,345.0001478400497,0.1356909013000555,2.707632598814455e-05,-0.1769538537030611,0.0245943702204084,0.0243993938719652,6.951963583921411,9.253943433016715,45.56206308376305,27.869431043831653
1.57,31.222122997759417,131.01056667150397,35.828543476875254,-5.769328279150206,-3.7221096675620338,14.9541381481304,2.5539995230330126,2.423942786631261,210.0187561654679,46.55434644756782,26.318629747440525,40.704071870242565,14.490566461533795,137.2049839424601,1322.9262263669125,1.274,1.034869086635292,0,6.460288707190829,345.0001478400497,0.1368617770766957,2.7022680499592463e-05,-0.1563530930507476,0.0112233524962337,0.0217440875187868,6.862388870071159,9.192124764637674,45.97008997717305,15.363094087776835
1.58,31.222121568736338,131.0105689116058,36.17220813484723,-5.730265995807445,-3.6764532623125343,6.513349522764446,3.105283223454253,3.285469652408948,130.881252320448,46.64549709495488,26.450365188131745,40.615729277609525,14.47668603342765,137.18365770038957,1328.067867071494,1.274,1.034813048878856,0,6.47050113292351,345.0001478400497,0.1371302762773606,2.6951063309467508e-05,-0.1356438668230108,-0.0021416406246116,0.0189003576944673,6.804935661628307,9.188268760781998,46.068397372997765,7.928481364073605
1.59,31.2221201540156,131.010571135173,36.51267132083365,-5.687611095763121,-3.6285421733658993,34.723975971100664,3.647896818117279,4.14723896477948,385.03439630319735,46.672140716663314,26.53338115308016,40.54078459112399,14.459054942758671,137.1565301196616,1329.54197592742,1.274,1.0347670551425368,0,6.480785800105247,345.0001478400497,0.1372091315649277,2.686251537765197e-05,-0.1150047767560416,-0.0153857025362791,0.0160331748831665,6.7432893408837815,9.195835186593934,46.102551564049456,35.16050695692813
1.6,31.22211872981838,131.01057336805565,36.85307729138542,-5.578782102803656,-3.5384700921468752,10.938873088429908,4.205229512906088,4.9726528498484805,166.64532341388792,47.15867820140125,26.96252022596587,40.4791775751106,14.437730699951608,137.12367937020167,1357.3618984617792,1.274,1.0347278209131698,0,6.490926295923874,345.0001478400497,0.1386400119214705,2.675745364087632e-05,-0.0945072448670969,-0.0284625682723528,0.0133124641492431,6.603330775880338,9.116028725263677,46.60320987311197,12.730678539107751
1.61,31.222117253936656,131.0105756562127,37.19891509184356,-5.518162801681705,-3.479319978048599,14.703097462001148,4.736499281792416,5.831795586732332,198.60469217811743,47.14841398486691,27.017659958247968,40.43080101580723,14.412776246501815,137.08519695559193,1356.7260121728316,1.274,1.034670060123082,0,6.500957622997135,345.0001478400497,0.1386103776579943,2.663467200124416e-05,-0.073988934837082,-0.0414722010217917,0.0104196026367362,6.520607839857248,9.129492283696496,46.60221951608339,16.51137002761901
1.62,31.222115806386,131.01057791258083,37.53975811428863,-5.426395210982621,-3.400471150324781,25.570410773584687,5.267919221096569,6.6722214584228015,295.2437695369254,47.31031066005718,27.20218586563008,40.395651146587184,14.384219470767924,137.0411251036326,1366.0146345569835,1.274,1.0346352531029614,0,6.511081979756752,345.0001478400497,0.1390868685599068,2.649588253372737e-05,-0.0537114137564085,-0.0542498408416513,0.0075897147593405,6.401122357410333,9.110819743718984,46.77647942003865,26.946528890380154
1.63,31.222114327749807,131.0105802018974,37.88335545884838,-5.308252102418606,-3.305261721828664,7.029865952669567,5.804044184891958,7.505713566900517,124.79374979392456,47.61337101735925,27.49321585570236,40.37355505629221,14.352127164160734,136.9915707422888,1383.5258424171452,1.274,1.0345849392344924,0,6.520998092329116,345.0001478400497,0.1399783740588015,2.634088848403e-05,-0.0336439898361434,-0.0668131292577291,0.0047843743840407,6.250681045787017,9.066526356686502,47.09446963808085,11.808542685743886
1.64,31.222112826373,131.0105825151613,38.22861358695283,-5.216747163553134,-3.22687348311282,36.15312728302037,6.302009473305254,8.330687203958117,387.31720250059215,47.58398285428397,27.53298721291112,40.36435868128998,14.31655468447878,136.936627559287,1381.7726361715036,1.274,1.0345327381671228,0,6.530887456309286,345.0001478400497,0.1398925211268511,2.616955084334597e-05,-0.0137683167639109,-0.0791718550444169,0.0019566626949783,6.131750783575425,9.084571691342417,47.07737466987066,37.631958293903494
1.65,31.22211134016217,131.01058481095623,38.57061993900941,-5.058214678139488,-3.1069039127668407,12.298210409358427,6.84223919571954,9.155195700369577,168.92813061136275,48.07934340375776,27.96875693821929,40.367918917555805,14.277548488799091,136.87637970422298,1410.645187666179,1.274,1.0344989458316347,0,6.540785732307302,345.0001478400497,0.1413493811713675,2.5983213358729188e-05,0.0057320450094777,-0.0912125404302792,-0.0008230537040988,5.934078887104601,9.00780321797318,47.59155121327775,16.789277077836267
1.66,31.22210979350784,131.01058717213058,38.91920184046426,-4.943525894063622,-3.014296719610932,10.73588355659492,7.31931840620754,9.955212830432208,152.94843822909812,48.07217435072583,28.02466449109989,40.383974343862256,14.2351804853565,136.81095461456144,1410.1773065637233,1.274,1.0344356825423342,0,6.5504835239550605,345.0001478400497,0.1413288608648991,2.578069194373224e-05,0.0250275854461162,-0.1030366540491371,-0.0035930083492224,5.788080089931467,9.024746606540337,47.598908113447145,16.36880814755356
1.67,31.22210827678097,131.010589499657,39.262624199650816,-4.8088695158078165,-2.909430188106968,42.85343898893856,7.790400015394104,10.73822225553577,442.8656393053132,48.15876940165678,28.15081326890097,40.412371873657165,14.189489553703885,136.74043230960595,1415.215641526136,1.274,1.03439619951501,0,6.56031442938307,345.0001478400497,0.1415839932044278,2.5563842368234982e-05,0.0438727390530107,-0.1144947614923388,-0.006309592424021,5.61872948226045,9.027043493182765,47.70195355366045,44.85997082910125
1.68,31.222106736505804,131.01059185223951,39.60784976528628,-4.617560938161806,-2.770307092903942,3.35067449299504,8.315469235154547,11.546434893146566,82.94219117406084,48.73107907298071,28.64344291409533,40.452800814153406,14.140550623190938,136.66495187966947,1449.0037460590036,1.274,1.0343483475834938,0,6.5699281847406965,345.0001478400497,0.1432671088332112,2.53328817456092e-05,0.0622611463120582,-0.1255819792105342,-0.0090602443525525,5.38329314417297,8.945026445929637,48.29608978623435,14.618283308941644
1.69,31.22210514301497,131.0105942628096,39.9587664892408,-4.48955911353906,-2.669674574542454,28.1671863846524,8.720323870544355,12.272352747630643,306.6578325240348,48.55230906825366,28.56841760365055,40.5049459799542,14.08843586265104,136.5846510180974,1438.3434031914671,1.274,1.0342918730184425,0,6.579508802466946,345.0001478400497,0.142742098789528,2.50868322448112e-05,0.0803328847531023,-0.1363792248118521,-0.0116467667469992,5.221944902882485,9.001282387447082,48.1331092896313,31.93814457975307
1.7,31.22210359855113,131.0105966184611,40.30203359655665,-4.300040854006226,-2.532129960929415,16.049029788281807,9.191610870331235,13.032826334172473,195.56094491494264,48.9397583555095,28.919986547963955,40.5685809266276,14.033191750088408,136.49963041362454,1461.3428671208128,1.274,1.0342586054911116,0,6.589207074962669,345.0001478400497,0.1438817437688712,2.482836028584937e-05,0.0977653366373507,-0.146695615391069,-0.0142867854155411,4.98898682092389,8.960518939500593,48.54214177234076,22.625464189568522
1.71,31.222101989154165,131.0105990453416,40.65257336719376,-4.130005933507412,-2.406531575051176,10.971221496017176,9.597644033799911,13.73687803251437,148.3828098342142,49.02134805332122,29.04036798146584,40.643273488801306,13.974913675556172,136.4100683558193,1466.170084659906,1.274,1.0341990889310804,0,6.59858216483547,345.0001478400497,0.1441221858989428,2.455641644869677e-05,0.114718612564343,-0.1566227220871105,-0.0167916088215208,4.778944254165738,8.978922850574067,48.64344209475615,20.029585372502854
1.72,31.22210039717581,131.01060145226455,40.99960707095334,-3.952764585237256,-2.2767202779313225,34.572220817336245,9.978881231711448,14.40927939945614,361.44531326295765,49.08658433378421,29.147679749031425,40.72869296041772,13.913670057337637,136.3161032092538,1470.0259385132547,1.274,1.0341587931759175,0,6.608130152990241,345.0001478400497,0.1443145451774868,2.427241524251715e-05,0.1310457950624093,-0.1660749506641002,-0.0192063391422473,4.560655232750928,9.005491257074214,48.729052054983526,38.761370663211224
1.73,31.222098792258528,131.01060387293728,41.34712995299905,-3.7381033204348113,-2.12538003670894,8.636177380888867,10.40880093267362,15.115722108169685,125.55469085976384,49.52919346815895,29.538218464261828,40.8244153319454,13.849550795851457,136.21790768923515,1496.6056523091395,1.274,1.0341133955776185,0,6.617478043382998,345.0001478400497,0.145616387208606,2.397703618447868e-05,0.1467010669931755,-0.1750251450961533,-0.0216939540525191,4.299330767359594,8.971001956410964,49.19541611292601,20.283287491469757
1.74,31.22209714409497,131.01060634146296,41.69919427711593,-3.555480678491623,-1.9927417391123867,28.52657548539164,10.72284750058076,15.709770556029332,305.1359513924,49.46566784783575,29.54747094922796,40.92998758393261,13.782652450829952,136.11566541490689,1492.718552520052,1.274,1.0340552442463773,0,6.626800962621197,345.0001478400497,0.1454301991899163,2.36698467187178e-05,0.1617613898337284,-0.1835147413797636,-0.0238895649839368,4.075213315690508,9.032144483174722,49.152711810451294,34.28617590760953
1.75,31.22209552564948,131.01060877611894,42.04611573612233,-3.335030591115806,-1.8386942169081129,19.6756973941722,11.09590190741917,16.34870001409489,224.4765664159356,49.828650135618254,29.87600246583527,41.0450053218276,13.71306037637284,136.0095431627481,1514.6557683105138,1.274,1.034022588695925,0,6.6361634186719884,345.0001478400497,0.1464979492139829,2.3352895707665583e-05,0.1760351257475888,-0.1914364763293633,-0.0261874658535783,3.8078085823318126,9.024752459968818,49.5398782946275,27.884262572945502
1.76,31.22209385600111,131.0106112679146,42.39871184040298,-3.1249813995054656,-1.6908513407617265,8.296597197283823,11.399375012729877,16.912536961108067,120.98906246482512,49.95962322912703,30.029698080563943,41.16894347545694,13.64088948453172,135.8997527350689,1522.5770968915135,1.274,1.0339672322174187,0,6.6453315074579935,345.0001478400497,0.1468835993129368,2.3025730627855773e-05,0.1896037952391901,-0.1988329744492382,-0.0282791585445811,3.552696351700161,9.065252655791037,49.69406347128029,22.01847365726504
1.77,31.222092195257407,131.01061374927323,42.74896015042709,-2.9165422218855848,-1.5440063335100298,36.04107552672642,11.649025839618757,17.411593100408197,372.098451184325,49.964320733138265,30.088085944336136,41.30132845776077,13.566245070201107,135.78649048012994,1522.8121799333744,1.274,1.0339244152533906,0,6.654588525405368,345.0001478400497,0.1468979910487124,2.2689676154513163e-05,0.2023671800349357,-0.2056491943026948,-0.0301846227531748,3.299714317707005,9.135438461199476,49.72181813857322,41.687198303909625
1.78,31.22209053141664,131.01061623367167,43.098466668069925,-2.67543665938055,-1.3798323734838935,7.730118389950897,11.9739813458864,17.9785948174294,115.66250100416036,50.4412483568516,30.498088883909947,41.44162414322444,13.489249465847209,135.66997753029833,1551.970396950503,1.274,1.0338823702899742,0,6.663709383915585,345.0001478400497,0.1483007709968186,2.2345833153726728e-05,0.2142608747748278,-0.2118506944948863,-0.032262632322392,3.0100688755746035,9.129748606795212,50.22452574474194,22.942555027799145
1.79,31.222088817352407,131.01061877498427,43.45369593850724,-2.460803056563773,-1.230037580164376,25.880177446156903,12.14821418910924,18.37912593804901,280.0250182204488,50.3558041768735,30.48780870590741,41.58925470331248,13.41003746423356,135.5504521418037,1546.6641791691695,1.274,1.0338221518765889,0,6.672768267853449,345.0001478400497,0.1480501529249514,2.199372412690392e-05,0.2253576831708583,-0.2174722174455168,-0.0338749122451938,2.750929604117156,9.231060134072834,50.16260516678143,33.98757071159558
1.8,31.22208713822449,131.0106212760832,43.80302049896763,-2.2207869575064545,-1.067351451083886,18.372380217514497,12.385312204400396,18.835796125210884,212.30156236291745,50.68399681555482,30.784262550032818,41.74369015876618,13.328739193045392,135.42814330213375,1566.8379662746452,1.274,1.0337906680583042,0,6.681887192912118,345.0001478400497,0.1490156536206931,2.163559409724606e-05,0.2355050675808554,-0.2224372506548323,-0.0356297525750217,2.463851304737325,9.266923928710296,50.51634733869573,29.081394893090955
1.81,31.22208541034209,131.01062383285512,44.15796591909056,-1.9870287463467784,-0.9083104425254862,11.277965480237544,12.546922215598872,19.201327836245767,148.38280983421114,50.80941966272759,30.92902907116667,41.904306527382246,13.245509361413772,135.30331450235968,1574.5484618310484,1.274,1.0337296954412578,0,6.690825892769113,345.0001478400497,0.1493850070608822,2.127121646348273e-05,0.2447529795717526,-0.2267675505505165,-0.0371192423646451,2.184715155052668,9.346434639759757,50.66674856819761,25.559905186301155
1.82,31.222083690258646,131.01062638052386,44.510755535498376,-1.752389198253944,-0.7491148311997549,36.11623650741102,12.661127098163616,19.50347651506548,373.6203323159791,50.86662371333235,31.022317491793785,42.07051142042021,13.16050344510673,135.17622715314147,1578.0423843680635,1.274,1.0336884041908172,0,6.699810227588926,345.0001478400497,0.1495537886241876,2.0901924061768884e-05,0.2530367359286636,-0.2304320190409552,-0.0384174598902433,1.9057455072404157,9.445879275857532,50.74895638328224,42.95430449941905
1.83,31.222081963042253,131.01062893624703,44.863460798200734,-1.5013011631100166,-0.5830686522078393,5.859017642891349,12.83979774159568,19.86838826184596,100.4437496878242,51.33231971371743,31.41607061890718,42.24167354651324,13.073891245763082,135.04716065280806,1607.014887491786,1.274,1.0336428579545596,0,6.708722467118678,345.0001478400497,0.1509235900071714,2.0528753305892065e-05,0.2603216222510991,-0.2334147667386645,-0.039883987354559,1.610526754284192,9.479268718595748,51.240733084813584,24.37091188093412
1.84,31.22208019156585,131.01063154345192,45.2213855014,-1.2665490541733346,-0.4245052063880554,30.10047917601248,12.8497123232513,20.031625352480926,320.3547027087523,51.2210095117731,31.38337219029813,42.41714147407532,12.98585379486688,134.91640720577686,1599.9980311587929,1.274,1.0335869847557235,0,6.717527698791482,345.0001478400497,0.1505969323346788,2.015156765924108e-05,0.2666344555348622,-0.2357220795124731,-0.0407611945288937,1.3357850962708229,9.623712063361909,51.15432899994128,38.372124878328464
1.85,31.222078455147955,131.0106341096896,45.57328216893186,-1.0164677349019409,-0.2606051763390715,12.763999757693444,12.948627445285824,20.286206061717127,164.3625022164291,51.62543287909488,31.728710123506893,42.596280741516615,12.896580047668476,134.78426645229243,1625.3088740123624,1.274,1.0335542183822088,0,6.726454349569074,345.0001478400497,0.1517865966518881,1.977264709859006e-05,0.2718874221984064,-0.2373226703899224,-0.0418909911273837,1.0493400730179565,9.681397425991769,51.58449725486829,27.24182077082324
1.86,31.22207666328469,131.01063674098762,45.932115510888806,-0.7745322025701133,-0.100321982497172,12.170643616703378,12.923162286035948,20.386119785545127,159.79687382143976,51.64956067520993,31.793915926461,42.778405513351245,12.806273279311348,134.65105474984725,1626.7723469371667,1.274,1.0334953885385938,0,6.735121273396961,345.0001478400497,0.151858151261204,1.9391668327209185e-05,0.2761090350693065,-0.2382199116506419,-0.0425598497448241,0.7810019333652432,9.814578971553308,51.63380214310175,27.031954598708158
1.87,31.222074893688315,131.0106393462087,46.28674013262616,-0.5301961079319453,0.0599999916034653,32.433596298665826,12.882143925143252,20.45614933950236,343.94375574917825,51.75265125148754,31.915903376118933,42.962847598870304,12.715147798586544,134.51709972058845,1633.2171190386816,1.274,1.0334600475443327,0,6.743956270228304,345.0001478400497,0.152161863644098,1.9010423774341752e-05,0.2792540169001458,-0.2384033685916574,-0.043129067405881,0.5335801805742719,9.939318041580378,51.76207602640682,40.451722420348894
1.88,31.222073105668176,131.01064197330436,46.64305168823273,-0.283419824219103,0.2185886260380938,4.29155716550664,12.879194901135168,20.560997701380224,90.55156683224682,52.16367502596531,32.26108002139563,43.14891394384843,12.623427914637592,134.3827386422798,1659.2056074081877,1.274,1.0334141265740595,0,6.752576471321779,345.0001478400497,0.1533709625715939,1.8629649055420454e-05,0.2813163619625609,-0.2378707005211365,-0.0437911486363794,0.3579209332743544,10.011580394815674,52.19801076375882,24.638298453472803
1.89,31.222071284520656,131.0106446401444,47.003307358208296,-0.0415918999601407,0.3767641403970304,28.42948700834762,12.7178864099341,20.46566115598297,309.70156478730127,52.05252422840744,32.225203261012126,43.33590944622314,12.53134889993997,134.24831953561875,1652.08504291889,1.274,1.0333585428221277,0,6.761237678316056,345.0001478400497,0.1530447809464374,1.824956414656248e-05,0.2822904669593035,-0.2366112163428499,-0.0438476310532292,0.3790528705828347,10.18622522947854,52.11170577467596,37.266924381350584
1.9,31.222069493643207,131.01064727105853,47.35811368397528,0.2002847183047126,0.5302939063282321,13.231038574337877,12.63928394597444,20.458538323059702,173.49375900627157,52.44539577782341,32.55385126464434,43.523136119261416,12.439161851510718,134.11420802907153,1677.0605187196638,1.274,1.0333291754599263,0,6.769883556867283,345.0001478400497,0.1542005192232678,1.787225520150754e-05,0.2821640257318879,-0.234641417959098,-0.0441572815376489,0.5668548756553451,10.269332974903609,52.52869296059641,27.447471117366835
1.91,31.22206765122032,131.0106499641905,47.71971938155461,0.439857067954014,0.6837737135815511,11.344320383823105,12.444439837391725,20.299655976207703,157.51406662397366,52.49083140596496,32.62978019001607,43.709893063561616,12.347118828918909,133.98076573152437,1679.9092104644656,1.274,1.0332678679236795,0,6.778398185043563,345.0001478400497,0.1543347396694803,1.749753999610057e-05,0.2809263351492756,-0.2319400214947884,-0.044000147409514,0.8130261659028101,10.421542221032151,52.59823578021582,26.374869110379898
1.92,31.22206582831073,131.01065263425886,48.077484510631486,0.6770032906726386,0.8343086514209,32.9501610321085,12.226405995536272,20.1007077063579,353.8359376048111,52.58531448201381,32.74017112056308,43.89547227239063,12.255493291278189,133.8483796887812,1685.9043314814448,1.274,1.0332329629354875,0,6.786968563146704,345.0001478400497,0.1546131655233634,1.7127083087577285e-05,0.278584456384716,-0.2285294800547857,-0.0437103868905508,1.0744170448957011,10.566913183901669,52.71636274726208,40.48748653480483
1.93,31.222063990088166,131.01065532325669,48.43667732351948,0.9062662371542476,0.9763465287416052,2.1539738716505257,12.046516507300527,19.93751151879384,76.85468964750788,53.01452577062609,33.08987221824438,44.079174322999165,12.164558932506203,133.71743185191343,1713.4788373103415,1.274,1.033185666981734,0,6.795444703888292,345.0001478400497,0.1558757796178667,1.676168819027226e-05,0.275140936891936,-0.2244145257480137,-0.0435209527383218,1.3321004228295283,10.648224509570936,53.16788250259087,23.393642917734176
1.94,31.22206211753963,131.01065805470387,48.800318032748166,1.14002541830252,1.1242285502614195,28.74660944638125,11.707628058097711,19.566831603803788,318.0718965112636,52.87517380721467,33.03056565985103,44.26030344676888,12.074598416776537,133.58831179083433,1704.423137611422,1.274,1.03313187031612,0,6.803854181559525,345.0001478400497,0.1554666888105631,1.6401566348539017e-05,0.2705698353496677,-0.2195705501992099,-0.0426839211367719,1.6010562102058843,10.841856080808684,53.05175588366116,36.69192020624087
1.95,31.222060278468994,131.0106607457464,49.15790038179039,1.3587021863940294,1.2575702879106727,13.8661984475739,11.4523491398415,19.2878720784586,184.9078219934788,53.2898813830215,33.36656627553795,44.43814792527599,11.98591597078626,133.46143476494123,1731.2045588341166,1.274,1.0331007741480172,0,6.812359654442504,345.0001478400497,0.1566866689870695,1.6048775847239216e-05,0.2649337563529154,-0.2140641232154349,-0.0421211528221205,1.8512855514618756,10.92550046948766,53.48740420167699,26.37138163849805
1.96,31.22205838574625,131.0106635033575,49.52305818255128,1.579687989217758,1.3937571338779156,10.20813849635012,11.088080418240796,18.86204096648543,152.94843822908177,53.34969260423107,33.44801269174908,44.61204089711218,11.898797495912197,133.33718496755878,1735.0319685074353,1.274,1.0330430717426462,0,6.820631842465024,345.0001478400497,0.1568631769213102,1.5703073894226315e-05,0.2581796663001839,-0.2078453081361331,-0.0410919653507468,2.106532894896802,11.078786552941416,53.56860187191152,24.143906236220662
1.97,31.222056512983407,131.01066623712285,49.88427152811811,1.7950173477623323,1.5252025513091432,22.313865494087043,10.696247396867625,18.389899874915027,263.2843857726507,53.43039137355861,33.54343929911358,44.78128109769398,11.81356039493234,133.21598686941087,1740.224473792494,1.274,1.033009407439372,0,6.829063876931987,345.0001478400497,0.1571010948657122,1.53660335263118e-05,0.2503660567732396,-0.200969814648622,-0.0399072392183997,2.355327778333512,11.226484209233115,53.669941336328,30.830288987821792
1.98,31.22205462728079,131.01066898760124,50.24673208594644,1.9973307035594705,1.6459257208118971,2.382691934794164,10.30967801956028,17.91239543215599,84.46406530566735,53.711895318622005,33.78026799095136,44.94520820729115,11.730507805990811,133.09824038836845,1758.548648406806,1.274,1.032961285694057,0,6.837323839669385,345.0001478400497,0.1579294457731892,1.5038442401824048e-05,0.2415107756883897,-0.1934530771525505,-0.038697217702029,2.5879149708731948,11.330250712597184,53.97040116836209,20.804340697101175
1.99,31.222052719753872,131.01067176613836,50.611941518334646,2.20564468839212,1.7718150716356655,29.51845526985889,9.82671516223166,17.30249556507023,330.24688556438457,53.63539384221348,33.7626975441396,45.10317492633376,11.649944994282864,132.98434471250138,1753.481289089637,1.274,1.032912352687454,0,6.845586851292,345.0001478400497,0.1577051583104769,1.4720728966313116e-05,0.2315976051845605,-0.1852825132629689,-0.0370546780819774,2.8288948617683567,11.504539264252646,53.91366554629087,35.598874774037014
2.0,31.222050831631584,131.01067452124337,50.97324028729303,2.386569409552068,1.876021215187732,9.164270691372446,9.401091521285515,16.75202386574787,147.6218847684594,54.06609766357705,34.102244303750375,45.25452444435624,11.572190301222353,132.87471415257417,1781.694158986842,1.274,1.0328781842792325,0,6.853844922744307,345.0001478400497,0.1589722134169012,1.4414348325209044e-05,0.2207216425221477,-0.1765364856894425,-0.035596915633553,3.035314371053817,11.568927723570166,54.36072973514617,21.283671739033203
2.01,31.222048896549083,131.01067733628318,51.341479167406206,2.577724676210353,1.9885317729585312,13.375528948766243,8.871135837894,16.059117719082234,186.42968812502167,54.057294479194994,34.13100930378715,45.398663469592336,11.49753563350575,132.76972303773138,1781.0509689245152,1.274,1.032818885093166,0,6.8619764086087365,345.0001478400497,0.1589469900524618,1.4119126189749376e-05,0.2088017603951286,-0.167150487712793,-0.0336678602871216,3.2551888780062987,11.720197896225818,54.36958961572588,22.704560943321326
2.02,31.22204698669373,131.0106801205443,51.70485606786137,2.753387639996316,2.089257772814012,19.02136321785517,8.340726034884248,15.353399202743018,238.17343660066425,54.21423010206061,34.275542019723886,45.53494633304896,11.42630565992538,132.6697894908268,1791.3446779844785,1.274,1.0327879835105844,0,6.87021243305762,345.0001478400497,0.1594090887053746,1.383660716372543e-05,0.1959650490934447,-0.1572255085139992,-0.0316886546870947,3.4558328405457783,11.831094720295066,54.54233722279093,25.828411421017737
2.03,31.222045054058697,131.01068293459124,52.07128563299107,2.9166016999892457,2.180751396436837,0.3726655364423887,7.791173898091486,14.61132751906804,70.76718712094575,54.43543984761735,34.464192200029935,45.66281102472013,11.358786654743623,132.5752761303822,1805.929306340816,1.274,1.0327317494001456,0,6.878286392464614,345.0001478400497,0.1600601861912543,1.3567176752931208e-05,0.1822076933698617,-0.1467583166604701,-0.0295831923861806,3.6411719693674014,11.92162164132472,54.777908775007056,16.562975643942394
2.04,31.222043110911656,131.01068576312508,52.43879472810666,3.0868560931668525,2.277568287601395,34.90873904688313,7.17730882711478,13.777767462744318,382.7515591057644,54.350121445796496,34.43757839617781,45.7816932693756,11.295268978761252,132.48655037814734,1800.2091710286363,1.274,1.0326882493398164,0,6.8863954391234365,345.0001478400497,0.159809981951771,1.3311383920872712e-05,0.1675457986479812,-0.1357619529293529,-0.0271590960682272,3.8354892046065614,12.071096746535888,54.70778682445589,38.20943208293756
2.05,31.222041182964222,131.01068857334528,52.80306029814993,3.2133032751483768,2.3424163733578527,3.3433987831199325,6.611757965845584,12.989900322927925,98.92187555617508,54.87546227848312,34.836666173949645,45.89103944876151,11.236038809629456,132.40397345785252,1835.1142615966064,1.274,1.0326510007360423,0,6.894457074637488,345.0001478400497,0.1613553470637065,1.307036960992568e-05,0.1521066482998707,-0.1243317033969509,-0.0248938709309296,3.97573615128854,12.080807436396103,55.24330569249769,14.954302699273322
2.06,31.22203920222836,131.01069145229854,53.175606040379705,3.3662957010030063,2.426700485028673,18.4898060368517,5.949945293047223,12.072840465784,235.89063040316208,54.75669230413103,34.78566841498434,45.990378183152096,11.181341635922353,132.32785032919915,1827.1137547072472,1.274,1.032594086851288,0,6.902436160427073,345.0001478400497,0.1610067941639198,1.2843684516333612e-05,0.1357518119341097,-0.1123658244481964,-0.0221683482127045,4.148981039754635,12.22164886525283,55.13776357005949,22.869810956431714
2.07,31.222037260851334,131.01069428198414,53.540817581237526,3.486033531088794,2.48721678024882,14.12572095380262,5.307759081904085,11.166193034191602,197.08281104651235,55.02264123769372,35.00202276124966,46.079148419909615,11.131464396775192,132.25854455043992,1844.8403892852104,1.274,1.03256661860728,0,6.9105040600783365,345.0001478400497,0.1617894586890022,1.2632980731049428e-05,0.1187191194709363,-0.1000390058404478,-0.0194803766369787,4.281476467976752,12.270146483590048,55.41320964192,18.772111383993618
2.08,31.2220352807542,131.0106971626566,53.91199877288113,3.60324205396873,2.546056834226901,2.6803077217489184,4.632356399324828,10.207298474206462,94.35625516127963,55.148141869123485,35.12001439394567,46.156941935413904,11.086616531975272,132.19631369801132,1853.19962714783,1.274,1.032510109149411,0,6.918413129348512,345.0001478400497,0.162159162455597,1.2438093098194864e-05,0.100937112266723,-0.0872993699366459,-0.0165997487247643,4.411032696432724,12.339792690297074,55.54794393267488,11.525264310859432
2.09,31.222033306282583,131.01070003738695,54.28160258543279,3.719199298980107,2.604057643575125,27.227168123840656,3.9324031143786633,9.208528198415546,315.7890593138982,55.1246904344665,35.134133092633675,46.22330363788495,11.04702454486236,132.141441369454,1851.558057284516,1.274,1.0324719204277495,0,6.926360171651722,345.0001478400497,0.1620908817160533,1.225971342271972e-05,0.082497922481102,-0.0742137222080169,-0.0135610557377758,4.539166370407375,12.43256938629285,55.53359404363658,29.009989139585592
2.1,31.22203133477346,131.01070290952185,54.650068419144105,3.7952043453323614,2.634372424688808,2.264514790071733,3.240571308018019,8.20282065105164,91.31249989798522,55.52569464813089,35.44207342099705,46.27783672297362,11.01288011674942,132.09416584362123,1878.5278004619647,1.274,1.0324323723725255,0,6.934262283044986,345.0001478400497,0.1632706901716307,1.2098464906470744e-05,0.0635076126491474,-0.0608572137762405,-0.0105149867964243,4.618802862160155,12.421459222482689,55.93935511724093,9.105800144420176
2.11,31.22202932649279,131.01070583065018,55.0243063334232,3.893008847526061,2.679822081832929,22.60982292201629,2.512205277145888,7.148302194487552,274.698448759826,55.43133990994152,35.406289450145366,46.32021115908592,10.984335070698233,132.05467381654205,1872.081521543168,1.274,1.0323795705089498,0,6.94207547853571,345.0001478400497,0.1629939333424319,1.1954025578253689e-05,0.0438706531832966,-0.0471633496239632,-0.0072510817053501,4.725029935571743,12.508985343368517,55.852131918714925,23.845617882184737
2.12,31.222027347264504,131.01070871539355,55.392900057183056,3.9491227842838654,2.696850127491184,9.397521723070687,1.7872132556650275,6.079733669756287,155.99218549238682,55.765872020999645,35.66710539269435,46.350034430787694,10.961560379403515,132.02318245265283,1894.678869749568,1.274,1.0323501324086688,0,6.949974627568764,345.0001478400497,0.1639782959665999,1.182749712622682e-05,0.0238193393866325,-0.033294603582849,-0.0039605558757819,4.780904599270648,12.490978980808691,56.18933584519791,11.334491927386004
2.13,31.222025328004488,131.01071165351792,55.76787424098402,4.013930359030876,2.719867235373853,6.172210467727241,1.045868592693568,4.986558989736865,127.07656399147704,55.80161282680694,35.72080845932332,46.36706113838293,10.944647664491448,131.9998038055146,1897.0399014683696,1.274,1.03229109031924,0,6.957718304282904,345.0001478400497,0.1640840858222674,1.1718446187907328e-05,0.0032571729956438,-0.0191844953257549,-0.0005419133601202,4.847391732551952,12.527676005530088,56.228688131269486,8.003486348412801
2.14,31.222023324943585,131.01071457192373,56.13944027363673,4.065371996666483,2.733923935878398,21.79887942755818,0.3017090226112988,3.880596018039709,267.84999916738246,55.85521741890423,35.78665232998367,46.37098255193358,10.933705467332224,131.98467816501773,1900.6184674291744,1.274,1.032261486239528,0,6.965532057902188,345.0001478400497,0.1642423987631427,1.1627551088228097e-05,-0.0176482029945038,-0.0049488381295694,0.0029389419429003,4.8978607866435455,12.549185632907554,56.28449824446543,22.143649159223283
2.15,31.222021312668048,131.0107175036661,56.51202988773097,4.086073159150632,2.72752671052777,-1.469174687540685,-0.4514128407040704,2.746771271059542,58.59218706787394,56.15853539927844,36.02503148785885,46.361595259129686,10.928781109663817,131.97786652885264,1921.2480655851737,1.274,1.032214344476425,0,6.973268489230484,345.0001478400497,0.1651350008335392,1.1554904973479307e-05,-0.0388381649703318,0.0093724736840774,0.006502579801507,4.911494440755598,12.503986906866166,56.58681249209614,3.1475387576296563
2.16,31.222019277513777,131.01072046662225,56.88804814453108,4.125396681936335,2.733521213076762,28.718820346836225,-1.194277403482548,1.6307760671326708,330.2468855644542,56.03635951747589,35.96896900587194,46.33873135754625,10.929892410680887,131.9793946090257,1912.8284642746685,1.274,1.032163124066466,0,6.980933537735628,345.0001478400497,0.1647764405626689,1.1500214889172432e-05,-0.0603472909742764,0.0238019908789217,0.0100814548679216,4.947536467627518,12.540824164479952,56.46557715547818,28.789865772723847
2.17,31.22201726680621,131.0107233990174,57.25920786197906,4.1104185790813625,2.7038758289737554,6.538832157492616,-1.960505434634385,0.4571718823109609,130.8812523204303,56.481413134402416,36.305331894080624,46.3021991346094,10.93705354880125,131.9892886747349,1943.2640352278984,1.274,1.032127890382584,0,6.988669121552408,345.0001478400497,0.1660858290013671,1.1464160517835412e-05,-0.0819480823598684,0.0381868216228307,0.0137982615424578,4.918733258993582,12.441490392886127,56.90597932775082,6.841704003613883
2.18,31.222015207594687,131.01072639606136,57.63827778690516,4.118143159262775,2.689167595786381,18.039283939867644,-2.701354810120978,-0.674573158855611,234.36874927164385,56.44463787187618,36.3082064801909,46.25194983769093,10.950201387118968,132.007473859245,1940.6636094219043,1.274,1.032072606602057,0,6.996233300022693,345.0001478400497,0.1659784004333228,1.1445854398987112e-05,-0.1037926505683686,0.0526276229242087,0.0174643928562641,4.917140060465419,12.435704980769874,56.86689625955452,18.252893793039473
2.19,31.22201317692955,131.01072935717923,58.01177758879251,4.092647775107586,2.653004244897443,9.053889598819296,-3.455352908298245,-1.8416169155718416,153.7093792949252,56.6904667668306,36.506894866816765,46.18783618888833,10.969301691626333,132.03392081643503,1957.5341756029843,1.274,1.0320455789490188,0,7.0039322112459965,345.0001478400497,0.1667019762782308,1.1445980435595884e-05,-0.1256301059955791,0.0669577356125313,0.0212301158762641,4.87608663690785,12.357025059474266,57.10705080050767,9.864275617206452
2.2,31.222011115820305,131.01073235931642,58.39000986377702,4.068558837658079,2.617799222659363,0.1566311772767136,-4.187116613707527,-2.978693385223457,73.81094238433616,56.7447982171723,36.5730069976927,46.10986866211467,10.99423808006542,132.06849209607756,1961.216818600564,1.274,1.0319913669488074,0,7.011481662829176,345.0001478400497,0.1668624541782808,1.1463965471557052e-05,-0.1474994621326312,0.0812025666411951,0.0249487796806019,4.836788194402458,12.308095639213068,57.155858107768616,5.140923374808717
2.21,31.22200906349434,131.01073535128464,58.7661250356318,4.038506801476673,2.578787093206965,20.03070794872992,-4.895827375041612,-4.0868599632942,252.6312628509942,56.71115740165061,36.57813975733343,46.01803125564562,11.024892581131926,132.11105321830425,1958.821292992484,1.274,1.0319573534681512,0,7.019065594100772,345.0001478400497,0.1667642391295262,1.1499908669500362e-05,-0.1692623972406737,0.095271328756568,0.0286118613117492,4.790476167417888,12.266607435429178,57.1160955814819,21.02143693882737
2.22,31.2220070114562,131.010738344144,59.14160378521069,3.971597011164381,2.516434056709976,-0.1435833663642295,-5.6304180173407055,-5.251549623793579,71.52812818679516,57.01912956187025,36.82108853199389,45.91239427222608,11.061098586641693,132.16140717044635,1980.0824998565656,1.274,1.0319139491201397,0,7.026607075310172,345.0001478400497,0.1676705698717141,1.155366374350147e-05,-0.1908167413179824,0.1090980616942215,0.0324293687791274,4.700625103382394,12.14107386617773,57.41428303059197,7.700714037299257
2.23,31.222004930727163,131.01074137552845,59.52144355935356,3.921075650825173,2.4644482230063574,30.22805226172557,-6.3002899818796925,-6.315742303723964,344.70468081503674,56.92675304786928,36.78565214154978,45.793091440964254,11.102652716781847,132.21931021318912,1973.599780345072,1.274,1.0318638266657807,0,7.034040746991573,345.0001478400497,0.1673996454198708,1.1624395812769736e-05,-0.2122243812184422,0.1227217934219446,0.0360078564799229,4.630210960214095,12.089386729073432,57.313748314039145,31.516938275163
2.24,31.222002873954548,131.01074437698475,59.89654757199492,3.8200526236442736,2.3810283647151094,7.405433592111574,-7.031472550753716,-7.496597155252569,140.0125091101185,57.38939568881506,37.13786457538023,45.66021614945246,11.149358312394671,132.2845318563702,2005.736621550666,1.274,1.031832444020533,0,7.04155978118512,345.0001478400497,0.1687608140938347,1.1712355780324732e-05,-0.2332702463939339,0.1360052929824082,0.0398988996648205,4.500410452170453,11.911168919708537,57.763299108286745,12.668110428446637
2.25,31.222000768094883,131.01074744319055,60.27944579902199,3.7411911658859056,2.311469604754605,9.148531661908804,-7.67302583962799,-8.53590515042602,155.99218549271424,57.35978910948005,37.14672198136533,45.51399712455733,11.200956387864291,132.35675805484124,2003.5939276784663,1.274,1.031776149448137,0,7.048930965298605,345.0001478400497,0.1686744816062677,1.1816286162331168e-05,-0.2540856749859654,0.1490308306586723,0.0434351834350221,4.39679506080051,11.824931357376965,57.72277542491496,14.677623576097602
2.26,31.22199869087804,131.0107504734139,60.65682088773568,3.6415497140728688,2.2291924273351897,17.06051275733893,-8.31266404443755,-9.584128982206336,227.5203136789536,57.47058747757816,37.25423683429814,45.3545792152734,11.257214374084992,132.4357143209424,2011.268874784944,1.274,1.0317494323365013,0,7.056413880008441,345.0001478400497,0.1690010200019225,1.1936501002458558e-05,-0.2744285844185773,0.1616461785238906,0.0470016560258696,4.268897933400835,11.700130086809576,57.82065987016361,21.260691602263947
2.27,31.22199659355714,131.0107535306686,61.036978715487365,3.523837649990502,2.135975257923492,-4.430293687212304,-8.949072753036603,-10.638848830810796,35.003127027626924,57.69155882969776,37.439890435541024,45.18225998598011,11.317835621879617,132.52103845504848,2026.6909835299275,1.274,1.0317060024018532,0,7.063776868936678,345.0001478400497,0.169651548344854,1.2072238530221564e-05,-0.2942802170046338,0.173839896390701,0.0505936075351564,4.119959658534328,11.543991618045888,58.026999327743205,14.591042105995705
2.28,31.22199448358888,131.01075660515767,61.41860087903601,3.4181423167993765,2.0500435040969016,18.21906211981824,-9.489604895985073,-11.543580732655297,238.93437766649944,57.55224798285388,37.37237082613326,44.99734856836586,11.382516989896242,132.6123600891735,2016.8408928757524,1.274,1.0316606014147582,0,7.071111481796509,345.0001478400497,0.1692426112714255,1.2222749508806804e-05,-0.3136128563140112,0.1855942432380052,0.0537851671756116,3.985145894413541,11.450889741872295,57.87419935901592,23.563554098204932
2.29,31.221992394160687,131.0107596542552,61.796132700094326,3.2748832357387925,1.9417224070935395,14.241192027426203,-10.08886463336233,-12.559768833533948,203.9312616385213,57.859760091519846,37.62096387238917,44.8001716674722,11.450947866092289,132.7092986110536,2038.377184364656,1.274,1.031634582869798,0,7.078474347027852,345.0001478400497,0.1701476307724898,1.238795591050724e-05,-0.3322481116828781,0.1968009256900353,0.0572835284017731,3.806709745953965,11.261555959857414,58.16470675456175,21.502198331894988
2.3,31.22199026606358,131.01076275370713,62.17939710920868,3.132307297768977,1.833943407820616,-5.330828520999076,-10.625095554502767,-13.481716835549449,28.91562550103648,57.99555549413332,37.74914594126288,44.59116891077174,11.522778662130095,132.81141760135014,2047.8809956348807,1.274,1.0315935207087013,0,7.085697632925808,345.0001478400497,0.1705477012453319,1.2566458010130988e-05,-0.3502631136679585,0.2075061252816989,0.0605290315721708,3.62923488432633,11.098670958987148,58.28358146301821,17.97406679348191
2.31,31.22198814521404,131.0107658446558,62.560745661429685,2.9954914367495857,1.72957704802941,6.793522382453993,-11.066328144883848,-14.255242780750848,138.49062797897935,57.85920848275169,37.684409076150914,44.37073177869858,11.597680291282984,132.9183080663102,2038.188491432668,1.274,1.0315458576259593,0,7.09299788021491,345.0001478400497,0.1701474780386244,1.2757823714533496e-05,-0.3675433674855521,0.2176409474967027,0.0633635885506411,3.4585661089256665,10.980746116119038,58.1308485507084,19.282829452891527
2.32,31.22198603638707,131.01076892115503,62.9394443977713,2.834463330760027,1.6112455425388834,20.766636893053803,-11.534154484359744,-15.08590517287894,264.8062669041958,58.00298574498268,37.81990447195306,44.13932474119042,11.675303363673288,133.0295298028965,2048.2560989855324,1.274,1.031515640366586,0,7.100248109674676,345.0001478400497,0.1705710156568626,1.2961697984947336e-05,-0.3839579417227804,0.22712926200291,0.0663554929927623,3.2600883803702105,10.803609081722568,58.256046245623885,28.140264078400453
2.33,31.221983903500124,131.0107720288351,63.32130667814384,2.657973901062386,1.484295838537618,7.685616766527413,-12.003911713389812,-15.932365364710192,148.38280983394353,58.296511226006594,38.063953597420685,43.89749564241104,11.755278748849523,133.1446108814423,2068.963092852572,1.274,1.0314875527288474,0,7.107369401033603,345.0001478400497,0.1714349337199571,1.3176788235864504e-05,-0.3995297618277339,0.2359844599136358,0.0693934745410235,3.044072710274871,10.594143806007828,58.529637793356926,21.377625397115587
2.34,31.22198175492535,131.01077515681203,63.70489152982868,2.4867757559385866,1.3605154256943548,-2.935175878293553,-12.372390044636484,-16.619305130181115,54.0265626730437,58.32558743976438,38.11928508820739,43.64577910501582,11.837250995831416,133.26309457968875,2070.9510838736846,1.274,1.031449971492025,0,7.114550181706597,345.0001478400497,0.1715211824505006,1.3402008839887792e-05,-0.4142388025982666,0.2441940832196992,0.0719814872067827,2.834412356456128,10.42874383667482,58.53927662041367,20.925883395049315
2.35,31.22197961656524,131.0107782724804,64.0860825834128,2.3121356355327327,1.234872779092805,8.232438353441092,-12.675676124050774,-17.20722551926138,155.231260426872,58.26205941216501,38.108375771469206,43.38472379338755,11.920870137947452,133.38452708815203,2066.366466082052,1.274,1.0314143019885584,0,7.121708311789408,345.0001478400497,0.171335099861031,1.3636916578544408e-05,-0.4279697452635087,0.2516936453409804,0.0742837637474598,2.6210788049883726,10.275850913818134,58.45601775782331,22.902716356706662
2.36,31.22197747802163,131.01078138893976,64.46654145302935,2.1214110657377496,1.1006773813990935,10.822930858397168,-12.994513346635497,-17.833762386290882,179.58125353265888,58.42009540788448,38.258635892227886,43.11495222927624,12.00577616610728,133.50843419127233,2077.5157269391702,1.274,1.0313874333761988,0,7.128785054684951,345.0001478400497,0.1718005850660007,1.3880723531353448e-05,-0.4406597777543389,0.2584495115202617,0.0766910683155697,2.3898372192334185,10.081174672129402,58.592978772682216,24.577149760137303
2.37,31.22197531959451,131.0107845305686,64.84926802131791,1.9257322533308583,0.9641330075526344,3.572266718340104,-13.268060308930137,-18.395220121410794,115.66250100401436,58.56249584832252,38.39889342215771,42.837127876035446,12.091611444753353,133.63433828412897,2087.5792473211927,1.274,1.031360088842423,0,7.13584682985333,345.0001478400497,0.1722200977770481,1.4132083602583006e-05,-0.452311526258968,0.2644629495996377,0.0789078784181599,2.153519702649369,9.887886226701504,58.71393435993254,22.96054522835911
2.38,31.221973157328275,131.0107876772184,65.23172965733414,1.729037042541293,0.8272551169837508,-1.0480087246685692,-13.465873570232617,-18.838737008111348,75.33281551589427,58.58460525005308,38.45246445275114,42.55191434639798,12.178032782714624,133.76177540116035,2089.0789953136286,1.274,1.0313321750470363,0,7.142861466018107,345.0001478400497,0.1722858611933831,1.4390042522273552e-05,-0.4628792105793422,0.2697098414156857,0.0807789769210659,1.9166930811003824,9.71409206375568,58.714545665174576,23.180295195645265
2.39,31.221970996519136,131.01079082233483,65.61312480183447,1.5284179566519671,0.688606751997799,4.934744464148304,-13.610053344750682,-19.201452167400166,130.1203112546363,58.57503668846338,38.48355483879926,42.26000569338262,12.264704289677573,133.8902843300371,2088.32005958778,1.274,1.0313052285210391,0,7.149871246492737,345.0001478400497,0.1722584640115782,1.465380032437621e-05,-0.4723065623279089,0.2741623228251728,0.0824076992076213,1.676343707770487,9.54538477522668,58.68320018016932,24.04747430210412
2.4,31.221968832912705,131.01079397111852,65.994082913449,1.3204368828232662,0.5467604644232552,4.38131651720391,-13.740881144755114,-19.55286220737481,126.31563092554283,58.679584619040256,38.59958299079308,41.96213281017388,12.351297516704667,134.0194062684477,2095.704647472987,1.274,1.0312823898993275,0,7.156826014742015,345.0001478400497,0.172566662911519,1.4922376377126192e-05,-0.4805603914370691,0.2778055058605847,0.0839944008606133,1.4291422740664674,9.35910742487089,58.76546824845055,24.296546453329466
2.41,31.221966656696576,131.01079713543794,66.37600861565814,1.1102547326816965,0.4042864184059575,0.4370502700662631,-13.816189822418368,-19.81970974099365,92.07344096372884,58.74726655378544,38.6896001957711,41.65904896778815,12.437496188488907,134.14869141866563,2100.464740301252,1.274,1.0312591204725354,0,7.16371919416475,345.0001478400497,0.172766449274715,1.5194515759749823e-05,-0.4876279429156726,0.2806337369201225,0.0853248697705191,1.181563634028446,9.18086911410098,58.81077118891129,24.164002325047488
2.42,31.2219644785512,131.0108003021111,66.75729321768115,0.8986124909788337,0.2615901427957064,-0.0235845593701591,-13.830244780815944,-19.991101371910133,89.0296857005307,58.75992106830254,38.73973009311867,41.35151720360325,12.522998860283227,134.2777027264633,2101.292710576735,1.274,1.0312338376516967,0,7.170629881468944,345.0001478400497,0.1728044084476281,1.5469227892352782e-05,-0.4934808578138109,0.2826355750801853,0.0863644436119761,0.9359103594353138,9.014134973066122,58.80101140909188,24.308853551550193
2.43,31.22196229885989,131.0108034706398,67.13787402748105,0.6846338799256794,0.1184689718229586,0.4530944330982137,-13.80250937013834,-20.10041945729192,94.3562551613016,58.78663584198036,38.80125219398956,41.04031977939694,12.60751779662418,134.40601410885137,2103.126861784214,1.274,1.0312107679535607,0,7.177464423348328,345.0001478400497,0.1728837159379535,1.5745547733941833e-05,-0.4980966886875619,0.2838042310418479,0.0872087046016378,0.6948077279698351,8.848944975190287,58.80524489129843,24.387320923732908
2.44,31.22196011356162,131.0108066458481,67.51830455762182,0.4692610775827502,-0.024454914102881,-0.7618586578876012,-13.7322362889106,-20.145901439142364,84.46406530577617,58.82403056637716,38.87176227871664,40.72625424045525,12.690780564905564,134.53321281863083,2105.726326214038,1.274,1.0311899008845125,0,7.184262954062855,345.0001478400497,0.1729944322762597,1.602238049881008e-05,-0.5014634135194568,0.2841375839925514,0.0878507996797331,0.4698978488846115,8.686853463448042,58.820189197569306,24.39286959143409
2.45,31.221957923516623,131.01080982658146,67.89842699610037,0.2535921041441546,-0.1666253333788744,-2.1382589649462087,-13.611261051469986,-20.112416169369336,73.05000131838571,58.841999115434376,38.92862562959112,40.41012691387976,12.772530890245813,134.65890083555283,2106.9359584593376,1.274,1.0311674619968267,0,7.191056804697344,345.0001478400497,0.173048018665253,1.6298639636955803e-05,-0.5035725587799796,0.283636031661969,0.0882440212130954,0.3034349612554816,8.53318536937377,58.81582570616532,24.379250664906536
2.46,31.221955730787663,131.01081301028287,68.27792937224851,0.0381200596058706,-0.3077147113269279,-0.7890750214060971,-13.441897270450744,-20.003245963310462,85.98593843730083,58.84643612693,38.9761885416868,40.092750517311,12.85252900515164,134.78269561815392,2107.1768297495382,1.274,1.0311448497168103,0,7.1977605499465405,345.0001478400497,0.1730618093314637,1.657330166639465e-05,-0.5044196671852927,0.2823035253337032,0.0883959048232812,0.3100668775280979,8.387709537679529,58.79810064546798,24.113006670414507
2.47,31.221953535081564,131.01081619723084,68.65683086940612,-0.1765688336940128,-0.4470657177913489,0.2301322273564352,-13.236498516431531,-19.839938796348505,95.87812829289147,58.878985847873686,39.04600619898578,39.77494135497825,12.930552267721472,134.90423138249537,2109.431708349762,1.274,1.0311221929655583,0,7.204453359938912,345.0001478400497,0.1731582761207329,1.6845344046904205e-05,-0.5040057054877836,0.2801471920845106,0.0883689958482222,0.48067002854764,8.245277402998488,58.80876164172356,23.851226913104842
2.48,31.22195133322865,131.010819391093,69.03552992558396,-0.3895666555210399,-0.584202448824442,0.0724207716698293,-12.990469165345235,-19.613728298963657,95.11718822713544,58.92094569142084,39.1240208552612,39.4575157521543,13.006395277632713,135.02315971785055,2112.36241638146,1.274,1.0311006023674325,0,7.211113238086102,345.0001478400497,0.1732824178610917,1.711367589560792e-05,-0.5023349876637764,0.2771751998164387,0.0881356210733391,0.7021747795271728,8.109272311643744,58.82918097540066,23.52564285390566
2.49,31.22194912630993,131.0108225904837,69.4138483220408,-0.6002184184336143,-0.7188083612410272,-2.1095607218433776,-12.70028412701644,-19.31745742728782,76.0937485817288,58.95616524997428,39.19789451919607,39.14128790063844,13.07986909422098,135.13914888091966,2114.811539406867,1.274,1.0310808041601982,0,7.217706708144544,345.0001478400497,0.1733867371252466,1.7377260428346843e-05,-0.4994153270294622,0.2733985194527455,0.0876725480928871,0.936444717513957,7.982452622999546,58.84325805844799,23.214470159819875
2.5,31.22194691489701,131.01082579464855,69.79168550495005,-0.8080880667772747,-0.8507369384615047,-4.276279627212663,-12.360766810945895,-18.94047325397222,57.07031393663212,58.96007116297331,39.24856276326172,38.82706740224682,13.150801160963606,135.25188427076512,2115.0149261787064,1.274,1.0310599845332684,0,7.22429355057888,345.0001478400497,0.1733989642929673,1.7635115009280328e-05,-0.4952594501965121,0.2688317053579583,0.0869455836377422,1.1733335722704852,7.8685304303613455,58.8264426274324,23.0177464294212
2.51,31.22194470122392,131.01082900090265,70.1687313989834,-1.012610457273586,-0.9795919202404194,-0.8231231334358508,-11.976541305200456,-18.489992102437554,88.26875263458975,58.942841837656886,39.283665759999934,38.515655901886966,13.2190353227036,135.36106913489917,2113.7023745236315,1.274,1.0310398672107548,0,7.230834286521734,345.0001478400497,0.1733490319512136,1.7886333691792474e-05,-0.4898877771091681,0.263495005258469,0.0859743075244217,1.4088578190916954,7.766338779307082,58.78897539504706,22.04529158972893
2.52,31.221942485304,131.0108322091754,70.54496775580307,-1.2119088320198208,-1.1036851749397352,-1.9414729593614275,-11.570432504235196,-18.008144467099186,78.37656277911502,58.98851354795428,39.36842319811567,38.2078418924256,13.284432374099913,135.46642622721797,2116.902653461982,1.274,1.03102060307289,0,7.237315254129512,345.0001478400497,0.1734840883431218,1.8130023475615143e-05,-0.4833258536633817,0.2574114462609555,0.0848853570490751,1.639104118327974,7.66513115376179,58.815157807466925,21.492731160439078
2.53,31.22194026029099,131.01083542733576,70.92122948945307,-1.4066817580046949,-1.2240324508250648,-1.767890539200771,-11.119072430957155,-17.450072590581122,79.89843691065904,59.00030464440704,39.42769395329152,37.904397325816575,13.346869467053686,135.56769773206366,2117.6724074278527,1.274,1.0310018597949242,0,7.2437823067525375,345.0001478400497,0.1735195032760682,1.836514469100492e-05,-0.4755916645075165,0.250596607691432,0.0835406935540311,1.8645932416575808,7.577679511182623,58.80804870152148,20.766902563936146
2.54,31.221938033938613,131.01083864630945,71.29651868354844,-1.5956562282104465,-1.339599755662101,-1.9169375940019733,-10.63485235261986,-16.83813745985978,78.37656277918497,59.02024497110916,39.49413680808361,37.6060826172164,13.40623637518985,135.66464007632814,2119.02759932618,1.274,1.0309822981912395,0,7.250201855444914,345.0001478400497,0.1735788835398839,1.859089506748816e-05,-0.4667198635383736,0.2430796544674299,0.0820070535961687,2.083310423970644,7.498490652759884,58.809840304194815,20.007438802066982
2.55,31.22193580182875,131.01084187115376,71.67136668848626,-1.7784368569491555,-1.4502235114423003,-1.1138700391095584,-10.11674901034932,-16.169301005766236,85.22499837146472,59.03686280025244,39.55876456230105,37.31363543580732,13.462438432894928,135.7570296110493,2120.144620496069,1.274,1.0309638171443003,0,7.256570360749699,345.0001478400497,0.1736284919187909,1.8806422443849584e-05,-0.4567426823307171,0.2348867570301558,0.0802736723492142,2.2946264151691875,7.428899352237289,58.8090865466115,19.105905160905174
2.56,31.221933565449447,131.01084510008175,72.04556704995247,-1.9539861903396023,-1.5551606773984734,-3.2660756499642383,-9.570103733662409,-15.452944511194543,65.44062566033742,59.0658926178516,39.63393562746869,37.02777226354984,13.51539415847386,135.84465969647533,2122.1538224151423,1.274,1.0309455428972685,0,7.262931379258623,345.0001478400497,0.173714603489256,1.9010940466137312e-05,-0.4456980824117164,0.2260479764307566,0.0783682542633863,2.497128155607701,7.3667297149762465,58.82163854380376,18.467474913761386
2.57,31.221931323118334,131.01084833495975,72.41930086034387,-2.123236710750127,-1.6553301530527809,-2.8507183042562927,-8.986472768276464,-14.670708018378845,68.48437292351457,59.05806780989426,39.68063762719433,36.74918454365697,13.565035041462837,135.92734132972905,2121.515347727312,1.274,1.0309271586245607,0,7.269228278996039,345.0001478400497,0.1736923238319224,1.9203670265703087e-05,-0.4336241794056475,0.2165929899322059,0.0762324281454326,2.692024807877229,7.317677102316463,58.79808532837281,17.438834864340038
2.58,31.2219290792956,131.0108515706409,72.79202152784207,-2.2840348225758573,-1.7490864942703492,-1.823562036823776,-8.379578416836791,-13.848667074096507,76.85468964740586,59.066474187313375,39.74083640588009,36.47853848717571,13.611304101303409,136.00490173410722,2122.04329116642,1.274,1.030909131309885,0,7.275489509057822,345.0001478400497,0.1737177788187347,1.938398934050148e-05,-0.4205736508289666,0.2065618168792776,0.0739459802875428,2.876542684598426,7.274782401218307,58.79177099467785,16.2889009044572
2.59,31.221926829545016,131.01085481213755,73.16423579721396,-2.435873737414677,-1.8361591616519584,-3.0730897427610944,-7.750230684546009,-12.987462004366916,64.67968559454185,59.08728667289101,39.81156238650666,36.21646545319256,13.654157467025982,136.0771880225676,2123.462983859039,1.274,1.03089181736488,0,7.281733765802768,345.0001478400497,0.1737797202350022,1.9551207951904248e-05,-0.4065907792004799,0.1959875428017237,0.0715101174062546,3.0500704412061297,7.238050790921284,58.79891283270295,15.433215010023552
2.6,31.22192457446408,131.01085805870753,73.535851065915,-2.5797137249427458,-1.9174074960180407,-1.8409666746253524,-7.093814939036816,-12.075670011226746,74.57187544991756,59.083140827221406,39.86290715809158,35.96356740607537,13.693561119754303,136.14406273818844,2123.0891404085205,1.274,1.0308738519879272,0,7.287916212774392,345.0001478400497,0.1737682565445403,1.9704691108923456e-05,-0.3917231444557553,0.1849053760572031,0.0688879411381899,3.213858985659281,7.211403326744913,58.782011375767375,14.12562122196486
2.61,31.22192231699344,131.01086130698235,73.90651659416017,-2.7131895419674223,-1.9911086137042613,0.0862739017355915,-6.421302935901228,-11.13513057305162,90.55156683212029,59.102432725290775,39.93359060414796,35.72041468097967,13.729490323971948,136.2054038334645,2124.400111206852,1.274,1.03085502734014,0,7.294062553657802,345.0001478400497,0.1738257234695066,1.984393976683849e-05,-0.3760309710104315,0.1733592042052835,0.0661475697056482,3.3649586870879213,7.18841867856798,58.78973306363313,12.854248615132793
2.62,31.22192005274018,131.01086456188924,74.27671741995165,-2.835841040690084,-2.057021582405029,-2.9849851724782024,-5.733600996938163,-10.166886167691448,61.63593833134037,59.14303396535112,40.02199927286145,35.48753767256547,13.7619307971073,136.26110762068663,2127.244156570632,1.274,1.0308375168680448,0,7.300193186268099,345.0001478400497,0.1739458629745449,1.996839783302144e-05,-0.3595637341018694,0.161384755707979,0.063292017584422,3.5028382953504087,7.168761073822788,58.81998717915474,12.047816865258232
2.63,31.221917781672445,131.01086782341207,74.64643616206122,-2.9508771191344128,-2.117614704471813,-1.9611178818213555,-5.021761375183143,-9.147974612126957,69.24531398935181,59.12645056701815,40.06466993610379,35.26543381316312,13.79087546523637,136.31108413270803,2125.9758008452377,1.274,1.0308207984317763,0,7.3062675772017105,345.0001478400497,0.1738978158206412,2.007756239203186e-05,-0.3423731649468345,0.1490192241424052,0.0602470163694145,3.6315288613080714,7.161111796491133,58.793892151254745,10.618357225098434
2.64,31.221915510509344,131.01087108397266,75.01491745925115,-3.0540150607341645,-2.169807262280911,-2.1149710062115568,-4.301175650370311,-8.111607842602169,66.2015667258881,59.13882937398484,40.131151584400655,35.0545660338058,13.816323938939984,136.35525703395516,2126.7907261884047,1.274,1.0308044231520872,0,7.31230456610541,345.0001478400497,0.1739349474301881,2.017116867433033e-05,-0.3245374030376587,0.1363179207393481,0.0571184099571298,3.745745783438633,7.154592491194009,58.79807830835795,9.421857360659788
2.65,31.221913231804525,131.0108743519133,75.38297470493059,-3.146705957173035,-2.214740090688593,-2.5965562636663706,-3.568829346925948,-7.04858161284222,60.11406419968584,59.14198624539444,40.190490611894205,34.855345548849535,13.83828620418986,136.39357086355977,2126.942508956099,1.274,1.0307875270080884,0,7.318321349320706,345.0001478400497,0.1739449555001306,2.0248812941975035e-05,-0.3061102075738849,0.1233185916119068,0.0538762023445503,3.847323605771512,7.153142480234964,58.794182313654055,8.316318301433778
2.66,31.22191094975432,131.01087762249836,75.75013436377839,-3.22868364218192,-2.252297136807824,-2.387586060006172,-2.8277279433372966,-5.963406856083255,60.114064199642925,59.13676694246241,40.24328718975138,34.66814772335653,13.856777275518864,136.42598251886355,2126.4920350280004,1.274,1.0307711060767029,0,7.324292264275834,345.0001478400497,0.173930326275252,2.031023183433039e-05,-0.2871591085477217,0.1100682893183657,0.0505345144830431,3.93597119389868,7.1560781151195165,58.78306804569836,7.018463781102468
2.67,31.22190866390274,131.01088089622812,76.1164404886575,-3.29910124119101,-2.281949241187799,-1.1499952025815667,-2.0816835802192344,-4.863207997490019,69.24531398927611,59.135044046799,40.299173159504114,34.49330311301578,13.871818830745912,136.45246478177145,2126.2932274575,1.274,1.0307542199130133,0,7.330211010065562,345.0001478400497,0.1739259787688554,2.03552189343356e-05,-0.2677531223630261,0.0966146374081471,0.0471163992882429,4.010686296916145,7.16147015924612,58.776691054230014,5.413565139625261
2.68,31.221906373480824,131.0108841739491,76.48196819517302,-3.3570873552755702,-2.3031448596481634,-1.095704956431048,-1.3337270122633813,-3.753978906969477,67.72343985772264,59.14871263194215,40.36785304092702,34.331096515277125,13.883438674537992,136.47300600589435,2127.201515942812,1.274,1.0307386768124225,0,7.336115996605778,345.0001478400497,0.1739668987862128,2.0383596653556512e-05,-0.2479584673354523,0.0830029693523285,0.0436416938835104,4.070434809244218,7.167461902390474,58.787032904258574,4.131798001930917
2.69,31.22190407732677,131.0108874569468,76.84683319511424,-3.4037377319124937,-2.3167228708785808,-0.6104997686512255,-0.5843432999607199,-2.633600494420662,70.00625405494971,59.15485551090429,40.43052792434781,34.18176881581176,13.891669618325857,136.4876086804568,2127.568725297425,1.274,1.0307214431236669,0,7.341984026228368,345.0001478400497,0.1739856833080382,2.0395214050665725e-05,-0.2278383634152574,0.0692764009353734,0.0401032316086655,4.116590748485984,7.176368760354891,58.79104468729883,2.765866703936569
2.7,31.22190177722496,131.01089074322724,77.2108409581785,-3.4382782510015177,-2.3222149024871688,-1.3117774437003211,0.1631956964359356,-1.5085227532981964,61.635938331148765,59.16576191229471,40.49723865915404,34.045518944424565,13.896548523638454,136.49628817119512,2128.2788148802,1.274,1.0307050444489527,0,7.347790771219872,345.0001478400497,0.1740184767855887,2.0390026832357502e-05,-0.2074643650745524,0.0554833191169897,0.0365225329903996,4.148248293194457,7.18640528927721,58.80108910918004,2.0057501824391117
2.71,31.221899471796327,131.0108940343286,77.57413321138193,-3.4617389031414527,-2.320372140090367,-1.4154262551,0.9071409449725284,-0.3789082473988025,58.59218706779824,59.16153444743512,40.551524258582326,33.922498521461534,13.898117206931444,136.4990746932309,2127.9003447356204,1.274,1.0306900495973768,0,7.353583873505292,345.0001478400497,0.1740067571833171,2.036801911621766e-05,-0.1869045061751473,0.0416693906105328,0.0328996248496165,4.16667845434261,7.199708044052637,58.79715086723292,1.7233419967083998
2.72,31.2218971631202,131.01089732794048,77.93649001201047,-3.4732475828419687,-2.310657557585974,-2.3690490439661103,1.64416140467074,0.7483308933227261,47.939064146470734,59.15702072559039,40.60554533453541,33.81281419021032,13.89642151710977,136.49601194498803,2127.5015212316384,1.274,1.0306755920432715,0,7.359360414199843,345.0001478400497,0.1739941937020721,2.032927793349339e-05,-0.1662345413198372,0.0278851218682499,0.0292579688460254,4.17085660661207,7.214349384162389,58.79416186247581,2.979204461467321
2.73,31.22189485003936,131.0109006253614,78.2980312933961,-3.4737266642003606,-2.2937736284941206,-1.7933101907111095,2.371806339909967,1.871357886084656,50.982815409867214,59.13648478835772,40.6462881267969,33.71652268597026,13.891512297890644,136.487159030727,2125.9507637712286,1.274,1.0306610675513403,0,7.365053697351369,345.0001478400497,0.173934503361606,2.027391204549621e-05,-0.1455249637735547,0.0141771503454259,0.0256032156901353,4.161937721737643,7.232101863787398,58.77627590593381,3.5133185298171674
2.74,31.221892534544235,131.01090392438937,78.65855124123419,-3.461629108386006,-2.26871633718292,-0.1159866115236374,3.087429407358794,2.982707887889972,63.91875252846505,59.12712081435655,40.69613645343624,33.63363431646638,13.883444385010316,136.47258876463485,2125.203863403847,1.274,1.030646324541718,0,7.370734167284523,345.0001478400497,0.1739076700715947,2.020212219771683e-05,-0.1248516195666753,0.0005950589589184,0.021961771254515,4.13807746664413,7.249738441340261,58.77084480265842,4.294440543767915
2.75,31.221890214347404,131.0109072275883,79.01828705284727,-3.436538630754248,-2.2352732570218903,-0.2299230206461155,3.789634260038688,4.079079879649846,60.875001265242936,59.1378252587856,40.762450432334425,33.56410963049461,13.872277259353078,136.45238886217825,2125.899881742204,1.274,1.0306316088629537,0,7.376398590179051,345.0001478400497,0.1739398615096812,2.011409931949692e-05,-0.104280327430226,-0.0128183043184431,0.0183459059394097,4.098810891806274,7.266256291314835,58.78679841652926,5.5725295050673544
2.76,31.221887888550576,131.01091053598094,79.3773316497871,-3.4004647290247343,-2.1948431957229846,-0.4349746888391479,4.475775744308818,5.160339017601316,57.07031393619316,59.13632846953836,40.81848955689103,33.507865963383885,13.85807361182565,136.42665926545772,2125.718866059071,1.274,1.030616844756828,0,7.3819974235219235,345.0001478400497,0.1739361646781806,2.001006184300604e-05,-0.0838732452016259,-0.0260226942120429,0.0147548308384174,4.046583626488683,7.285655766607973,58.791647621011535,6.8447695556426424
2.77,31.221885559645667,131.01091384681763,79.73543305234318,-3.3531173349490984,-2.1472712722609475,-0.477952024229524,5.143499061035306,6.221814047378242,54.78750273884502,59.13029912195645,40.87052468013844,33.46477988505726,13.840898944892636,136.39551124502583,2125.212231886664,1.274,1.030603265350074,0,7.387566723187345,345.0001478400497,0.1739191344144452,1.989035219183526e-05,-0.0637030402001761,-0.038971570947726,0.0112049960700342,3.981068225726229,7.307245225658004,58.793085489513736,8.086716933866882
2.78,31.221883226802927,131.01091716105157,80.09268110584297,-3.2945174268748527,-2.092619679000708,-2.4864470140856105,5.790675560868007,7.259736727857395,35.00312702762355,59.12271592139516,40.92097332753208,33.43468056430026,13.820823236629524,136.35907016633985,2124.594170173064,1.274,1.0305911577439495,0,7.393121392513668,345.0001478400497,0.1738975319940858,1.975534721633792e-05,-0.0438387675584585,-0.0516210262843019,0.0077097316861845,3.902316566910637,7.330944223081524,58.79408106528876,9.61343432717418
2.79,31.221880890168368,131.010920478553,80.4490662310931,-3.2265446724913494,-2.032159122216729,-1.3581447020571118,6.412742233946545,8.27059491049556,43.37343975179764,59.08344024441061,40.94477505907329,33.41735220711862,13.7979206725732,136.3174746772407,2121.699615646044,1.274,1.030581512136363,0,7.398639529547833,345.0001478400497,0.173782710310683,1.96054660247944e-05,-0.0243472347323843,-0.0639289440682355,0.0042788502144705,3.812596822406377,7.36073219703354,58.76429635798768,10.553225107249565
2.8,31.221878553068137,131.01092379563948,80.80425647088921,-3.1463592371785607,-1.964131814304872,-1.9439118109737008,7.011627815836915,9.250167574668154,36.52500115935308,59.06932213561559,40.989110583539365,33.41253562993577,13.772269634211984,136.27087628551544,2120.613324762552,1.274,1.03057024691337,0,7.404097077749542,345.0001478400497,0.173741881862995,1.944124665833516e-05,-0.0053036071876934,-0.0758485788096281,0.000931816009386,3.708572676480929,7.390060044023166,58.76085745572702,11.768913200296073
2.81,31.22187621067084,131.0109271177524,81.15875130420793,-3.056477419481132,-1.8901839557971003,0.0942864965533987,7.582335996128499,10.195591086824608,53.26562560682496,59.03921336531168,41.01975206341792,33.4199230802735,13.743954158855544,136.2194415439348,2118.379815183476,1.274,1.0305593938366264,0,7.409536327903147,345.0001478400497,0.1736540178565715,1.926314282959275e-05,0.0132380374477978,-0.0873467027572697,-0.0023245890668902,3.5932519556163687,7.424355520212261,58.74235781709195,12.706328608664096
2.82,31.22187386722454,131.0109304401794,81.51212645706728,-2.954770668502375,-1.8090273646773027,-0.8596598953342097,8.127910948037046,11.105549965898172,43.373439751610086,59.04109103719114,41.07650963532768,33.43917188443622,13.713061444822536,136.16334697825417,2118.44256215551,1.274,1.0305483448591917,0,7.414964928877706,345.0001478400497,0.1736602341236197,1.907174318458828e-05,0.0312119356429048,-0.0983832415596473,-0.0054807796258514,3.464151821849588,7.458147058760804,58.75697689358001,13.788951793371655
2.83,31.22187151773738,131.01093376856653,81.86490000722091,-2.844595385164616,-1.7228402342455325,0.979405859463818,8.640821611910745,11.975126177052124,58.59218706774451,59.01716543964826,41.11138732065524,33.46989713111949,13.679683928756184,136.10278228873474,2116.6541525088564,1.274,1.0305384509427469,0,7.420318624510813,345.0001478400497,0.1735905526353415,1.886756969588451e-05,0.0485691991988283,-0.1089286677651935,-0.0085249495475683,3.3252762435489216,7.498952837708708,58.74658310769157,14.799550024332998
2.84,31.221869167608155,131.01093709689832,82.21653169722998,-2.7235606853812087,-1.6301786635482995,-0.3453037428160955,9.126064703409016,12.805003077826818,45.65624994912407,59.024381140250256,41.17160630882679,33.51168256834629,13.643917576841266,136.03794661659103,2117.100166458191,1.274,1.0305279049330651,0,7.425651971570253,345.0001478400497,0.1736124663945658,1.865131139652132e-05,0.0652457861034194,-0.1189449217000609,-0.0114530656553193,3.1738404605778063,7.540161118046933,58.76834782166225,15.72807666146007
2.85,31.221866811091854,131.0109404316936,82.56761952261347,-2.595005650208849,-1.533149231061378,-1.344475653539494,9.574598283329898,13.588155583531544,35.76406409345976,59.001575869278696,41.20635944213821,33.56407114088701,13.605864353008664,135.9690523776061,2115.3930801026618,1.274,1.0305168963562137,0,7.43096805560346,345.0001478400497,0.1735460761675057,1.842356958102029e-05,0.0811965222269498,-0.1284054029109722,-0.0142470259204195,3.013800484332385,7.589795601542043,58.7607780895226,16.676885777397523
2.86,31.22186445417988,131.0109437662504,82.91756235515649,-2.458348212125802,-1.431451948532097,0.0223452078364169,9.987157547562576,14.322853281330987,47.17812708069672,58.969566075042486,41.23291282456989,33.626577116298115,13.565630402036437,135.89632127456463,2113.027277146793,1.274,1.030506396600673,0,7.436258464518928,345.0001478400497,0.1734526090608674,1.8185113591323454e-05,0.0963619450712868,-0.1372756236469343,-0.0168982623096652,2.8445163042762136,7.645663272311855,58.74473751930237,17.46104067078143
2.87,31.221862095022665,131.0109471027032,83.26656138758787,-2.3126756491570166,-1.3246289772041548,0.1810705682304449,10.367588600184549,15.010822438430834,47.93906414640958,58.96230412782571,41.27941603110604,33.698677194897314,13.523328417749488,135.81998789563835,2112.435971897811,1.274,1.030495166872916,0,7.441481545369681,345.0001478400497,0.1734319327748088,1.7936704383214644e-05,0.1106917089343202,-0.1455270239897825,-0.0194081222233133,2.6649873431160414,7.70377746698429,58.754250429731776,18.24402560323391
2.88,31.22185973115109,131.01095044391693,83.61488493662226,-2.1597721265262355,-1.2137907484260737,-1.4626528191327974,10.71060046396437,15.646988228877472,32.720312830234604,58.950077073804856,41.32117526862123,33.77981648168624,13.479077029657883,135.7402978799687,2111.489206750181,1.274,1.0304840646658735,0,7.4466905396014305,345.0001478400497,0.1733966505642095,1.7679060497671354e-05,0.1241467092926735,-0.1531379594912849,-0.0217620106857869,2.4773384352603416,7.768201832800511,58.759429529731605,19.018006104810805
2.89,31.221857365130305,131.01095378704375,83.96228285772946,-2.0008782306233504,-1.0997175944522188,0.0264263186756403,11.011518369265696,16.22596925290794,45.65624994897199,58.91206676624299,41.340950665544064,33.869415768536165,13.432999983291229,135.65750573593067,2108.69669782076,1.274,1.030472326535986,0,7.451889451797488,345.0001478400497,0.1732855267145612,1.741299079974256e-05,0.1366833872008161,-0.1600846282828591,-0.023943349772069,2.283068286468089,7.841878948387932,58.73933413663255,19.60959748039996
2.9,31.22185499876221,131.01095713008016,84.30858121079842,-1.834568294907434,-0.9816911759657784,-0.457993058884151,11.278706718456522,16.754132856037653,41.09062555418027,58.90435367645655,41.385144411474485,33.966868869838635,13.385227276177217,135.57187620410875,2108.074352378804,1.274,1.0304621481563376,0,7.457035548442824,345.0001478400497,0.1732635172376495,1.7139374330056125e-05,0.1482578104570241,-0.1663437413262849,-0.0259666204316974,2.080631879917949,7.917681910348367,58.75015753182548,20.20197887932523
2.91,31.2218526272908,131.01096047852585,84.65429087776535,-1.6629838175977558,-0.8609997712457363,0.2342922832455779,11.503981263232788,17.223351086927586,47.17812708053552,58.88186809686026,41.416464522496376,34.07154258928565,13.335895670754168,135.4836844991438,2106.3951849098107,1.274,1.030451964823293,0,7.462138317283616,345.0001478400497,0.1731980539027228,1.685899946921328e-05,0.1588405092414487,-0.171900359811366,-0.0278085831645556,1.872599156272204,8.001558832334139,58.74662765917053,20.713288016207596
2.92,31.22185025503168,131.01096382750964,84.99897706916931,-1.4858559486802587,-0.7375704034220172,-0.4496046719638361,11.69151577354184,17.63672313366515,41.09062555401604,58.87227917215175,41.457725253012846,34.182785958930424,13.285147554351852,135.3932136163141,2105.6393761229583,1.274,1.0304418912539497,0,7.4672324116693565,345.0001478400497,0.1731705230660747,1.6572765470739647e-05,0.1683969463894007,-0.1767375010034271,-0.0294758728472823,1.658811634885809,8.089882906118174,58.75642508396128,21.164774705571254
2.93,31.221847879027745,131.0109671804913,85.34296627032953,-1.3045293361284689,-0.6122188282025469,-1.4869344817781325,11.836116832685589,17.98852458930647,31.959375764483887,58.84920837383583,41.48716330172709,34.29992725094354,13.23313191205514,135.30075548262448,2103.919775291326,1.274,1.0304332474460025,0,7.472311425016942,345.0001478400497,0.1731033340919564,1.628153451567477e-05,0.1769007357436881,-0.1808428421603628,-0.0309512011674946,1.4410218293210737,8.186093712110194,58.75304309513949,21.584523453858495
2.94,31.22184550196477,131.01097053444482,85.68599137421955,-1.1195032561919198,-0.485315139522823,-1.5154546476187856,11.937635979680834,18.277777837235377,31.959375764299384,58.81432615636533,41.506204717823096,34.422279197895485,13.180003917606644,135.20660966097475,2101.357029941773,1.274,1.030424714886116,0,7.477326534394618,345.0001478400497,0.1730013996123248,1.5986236500681366e-05,0.1843252750987084,-0.1842047876183378,-0.0322300463946099,1.2201591499689646,8.289832218117484,58.73809394409221,21.883347966883232
2.95,31.221843123870745,131.0109738893943,86.02806433775353,-0.9310062058135824,-0.3570791527293104,-1.1304065503834764,11.999053724289851,18.506910752076127,35.764064093208326,58.784673645781375,41.52884510342957,34.54913905028084,13.125925208375088,135.11108333965137,2099.1696049002785,1.274,1.0304155279855198,0,7.482316610718966,345.0001478400497,0.1729148456432363,1.5687809587595775e-05,0.1906489198954234,-0.1868151655899131,-0.0333178589524175,0.9971293067697808,8.398557257472218,58.728584146724586,22.08530857454464
2.96,31.22184074376332,131.0109772465464,86.36930712972993,-0.7397074439799753,-0.227967082600729,-1.4369633195368463,12.020647871054589,18.67582056732334,33.48124989613604,58.76152935175112,41.55610506101164,34.67979184997182,13.071063538980331,135.01449027044526,2097.448142625776,1.274,1.0304061263935576,0,7.4872928360698845,345.0001478400497,0.1728474333488221,1.5387167567890004e-05,0.1958559300719013,-0.1886691895335212,-0.034213238555165,0.7740369539335914,8.511746187962755,58.72572046063309,22.256394871686677
2.97,31.221838361694747,131.01098060591377,86.70973225143878,-0.5464491826748683,-0.098493843088578,-1.7527834335950891,12.00021767771776,18.78180902360013,31.198437698467817,58.73255321558501,41.57785677656449,34.81351421390505,13.01559245308676,134.91714981310582,2095.3114780617325,1.274,1.0303976211291113,0,7.492256984666451,345.0001478400497,0.1727628644716437,1.5085227840149574e-05,0.1999341735992144,-0.1897644158466846,-0.0349072841644603,0.5552544031633581,8.630738502297355,58.71708184651138,22.356963664073046
2.98,31.221835978667134,131.01098396639253,87.04924820003937,-0.3518283612552537,0.03090558970177,-2.6725094108155205,11.938702383861498,18.82548392217954,23.58906404034603,58.701106967429794,41.596902110270186,34.949576691596555,12.959691066987457,134.81938625320055,2093.0000052768,1.274,1.0303895532758247,0,7.497147676495101,345.0001478400497,0.1726710272652745,1.4782933775490495e-05,0.2028744930304131,-0.1901007339021812,-0.0354005251132847,0.3531831525618833,8.754581680952347,58.70596160587248,22.451587161391465
2.99,31.22183359444997,131.01098732831562,87.38789665948353,-0.1564999812444607,0.1598503771128713,-1.386242011674364,11.834860021855668,18.805191452288664,35.7640640931394,58.658294681401856,41.60595188336995,35.087245758386075,12.90354371756354,134.72152795819832,2089.880078638105,1.274,1.0303821534290531,0,7.502023716837021,345.0001478400497,0.1725457540031795,1.4481221561462196e-05,0.2046722400357781,-0.1896810138381243,-0.0356870126007654,0.2237058864817579,8.884108465697658,58.68340388734894,22.262542626777364
3.0,31.22183121020642,131.010990690377,87.72556632195865,0.0390276329776375,0.2878595680025869,-2.489644753270932,11.696066524947108,18.72876326245808,26.632813303750112,58.64028939131569,41.63453081172562,35.2257867281989,12.847339404605256,134.6239062524218,2088.529451009372,1.274,1.0303752496743432,0,7.506887298469718,345.0001478400497,0.17249344894111,1.4181038748949933e-05,0.2053267393053543,-0.1885108651858838,-0.0357889805400791,0.2904931569091981,9.013395584494203,58.685506076297024,22.220775785167294
3.01,31.22182882282077,131.0109940563238,88.06261981802275,0.233976131083167,0.4146131676146341,-1.7244740775422045,11.514251687361076,18.587248201789656,34.24218696159716,58.600264917675695,41.64445493380079,35.36446633292973,12.791271179970328,134.52685429083408,2085.611784638165,1.274,1.030367230810488,0,7.511735572223112,345.0001478400497,0.1723763714657498,1.388326228725092e-05,0.2048412547778492,-0.1865973502173987,-0.0356788328125399,0.476075574989273,9.148786731284382,58.66539163335205,21.932569354249065
3.02,31.221826436501587,131.0109974212413,88.3986064517438,0.4276673394394763,0.5394901890120923,-1.8144509120328032,11.297687948457856,18.38963143445517,34.242186961438335,58.57819682895644,41.66832309045123,35.502555080707324,12.735535944864925,134.43070671133168,2083.9738987111027,1.274,1.0303606292666487,0,7.516514514261747,345.0001478400497,0.1723121110621964,1.3588840179126911e-05,0.203223137178259,-0.1839515185881536,-0.0353825187822114,0.6884356266193487,9.283559866024316,58.66293849748529,21.658913393520187
3.03,31.22182404749987,131.01100078964072,88.73396216374918,0.6195112735753947,0.6622215871055384,-3.949103851904383,11.043206513942264,18.1324034247163,15.979688382662705,58.55197956036283,41.68811911734733,35.63933004243969,12.680333157193855,134.33579750136235,2082.0417431822366,1.274,1.0303536032631566,0,7.521278329687533,345.0001478400497,0.1722356437782743,1.3298639170431393e-05,0.2004827180390854,-0.1805852426820185,-0.0348886455756789,0.9068156143159006,9.420409618095988,58.65599876806096,21.594718921517973
3.04,31.221821658005307,131.01100415898512,89.06845869771988,0.8092355088881643,0.7827427922933362,-3.1047709513748254,10.74749019809168,17.811864176753332,24.350000106037527,58.49524141891738,41.68250000437568,35.774076562498166,12.625864594065265,134.24245975296867,2077.9417487985,1.274,1.0303469974561688,0,7.526033199523902,345.0001478400497,0.1720693941544607,1.3013547231546848e-05,0.1966345188682635,-0.1765135581604556,-0.0341847107262595,1.125836420906525,9.562857655779208,58.61819054469682,21.033560175816323
3.05,31.221819270397848,131.01100752647153,89.4018388750503,0.9956515469352064,0.900066644784457,-3.282693828697869,10.421392682521894,17.440192571586056,23.589064040300407,58.46288473211996,41.69598743468504,35.906090955381494,12.572333194536435,134.15102392323607,2075.5769910285194,1.274,1.0303398516424656,0,7.530775887448085,345.0001478400497,0.1719748617778233,1.2734474081375863e-05,0.1916994699014876,-0.1717563326240897,-0.0333072546120704,1.342147689318372,9.701495498119868,58.60426105517303,20.58013170876944
3.06,31.22181688037856,131.01101089731537,89.73461002240103,1.178466541582946,1.0141175353618463,-4.736101758092364,10.060997119983956,17.0131758365628,11.414062987476884,58.424633454082056,41.7040959055492,36.034684635887245,12.51994131623748,134.06181518476933,2072.795496280165,1.274,1.0303337988628871,0,7.5354446221836255,345.0001478400497,0.1718629878690124,1.246221628704185e-05,0.1856976656644704,-0.1663312022337813,-0.032242315450322,1.5546937745005616,9.840359656348776,58.583922346748345,20.324922508022887
3.07,31.22181449088877,131.0110142680441,90.06645148226156,1.3574711145743756,1.1248504908548376,-3.548174148665637,9.665789413557617,16.53047820849242,22.828124974385968,58.36650173375229,41.69554494138147,36.15918327341559,12.468891101926353,133.97515443548872,2068.606706625744,1.274,1.0303279173610655,0,7.540102674997774,345.0001478400497,0.1716926304185829,1.2197595745678789e-05,0.1786553863753652,-0.1602607035548806,-0.0309877252766352,1.7628895858362426,9.981138342817433,58.54318148558266,19.474951465355293
3.08,31.221812102998435,131.01101763740408,90.39725142374256,1.5311282452834154,1.2311101303341618,-4.741772572447286,9.244467600805624,16.00204068990066,12.935938118916225,58.33444177225543,41.70742667426418,36.27893078476844,12.419382514598253,133.8913554063992,2066.2690595836,1.274,1.030323034088476,0,7.544747714289011,345.0001478400497,0.1715989634185408,1.1941425021211928e-05,0.1706044406884706,-0.1535710547999101,-0.0295740958379813,1.9645928437239588,10.115460655907514,58.52780921927794,19.079043335356065
3.09,31.221809713035448,131.01102100989894,90.72745322541984,1.7000127266403484,1.3334781142111731,-4.398826989001761,8.79133499375139,15.421910611660316,16.74062444788347,58.27951216583108,41.70031328928628,36.3932927826893,12.371611704067703,133.81072240996787,2062.314049946043,1.274,1.0303174573211389,0,7.549378174646109,345.0001478400497,0.1714380200335645,1.1694415115856896e-05,0.1615733895126566,-0.1462849749533862,-0.0279813102439198,2.1604826534133887,10.250847146643942,58.4889555091664,18.288591437439056
3.1,31.221807325430365,131.01102438019723,91.05655186493536,1.8627052794857173,1.430915681517679,-2.605115464174436,8.313280202487478,14.798087499250286,33.48124989576365,58.2365808114184,41.70233041836612,36.50165419779668,12.325771466199244,133.7335516601602,2059.211586409763,1.274,1.0303113019424954,0,7.553953084242739,345.0001478400497,0.1713123681227076,1.145731819074354e-05,0.1516011886777394,-0.1384330552318888,-0.0262341519254334,2.3487165024043466,10.380663706377645,58.46132515681097,17.17208921308699
3.11,31.221804937000982,131.0110277522147,91.38493456744048,2.01814177793016,1.5227334995116415,-4.468049182762015,7.813361639926475,14.134244549544398,17.501563513783047,58.21968434816012,41.724716922727005,36.60342596782082,12.28204820177646,133.66012674094443,2057.9518497695667,1.274,1.0303050293117388,0,7.558500981576959,345.0001478400497,0.1712633000425303,1.1230796851909756e-05,0.1407240441737618,-0.1300430947508129,-0.0243440588165791,2.5279743861272563,10.501706255553923,58.45884661036332,16.75675841570142
3.12,31.22180254659596,131.01103112741947,91.71275415679332,2.167885152081127,1.6101963827110235,-5.473363155099077,7.28583874965197,13.4248326025018,9.131249790334046,58.16673577929868,41.71765626569702,36.698043016350056,12.2406220280815,133.59071941292933,2054.1455147388115,1.274,1.030299524800663,0,7.5630389851660675,345.0001478400497,0.1711081765957778,1.1015459682757635e-05,0.1289772911528651,-0.1211417684168299,-0.0222909759188319,2.700226096544489,10.624287062024724,58.41963154341709,16.22551327134897
3.13,31.22180015918912,131.01103449975176,92.03942840138286,2.310549133200188,1.6923272344026958,-5.53679447926692,6.737032396858293,12.677363188334832,9.131249789799783,58.10880872387149,41.70614242289978,36.78496349722428,12.20166636765206,133.5255895418613,2049.9917651544115,1.274,1.0302955013699495,0,7.567569206990408,345.0001478400497,0.1709384045987835,1.0811965079575405e-05,0.1164115219683604,-0.111766895564839,-0.0200985825477134,2.86374859286393,10.742401550222027,58.37460021351745,15.386982681179111
3.14,31.22179777235778,131.01103787221007,92.36525621962171,2.4453079552608754,1.76858184984897,-4.062608168302796,6.170022842391624,11.895755052633588,22.828124974481938,58.055648810498205,41.69802300743695,36.86367858012943,12.16534383916974,133.46497887584889,2046.1785382052,1.274,1.03028922406491,0,7.572053285986305,345.0001478400497,0.1707826532473963,1.0620879648257648e-05,0.1030739418271429,-0.1019531258856897,-0.0177789965419975,3.0175343064971343,10.853680698702462,58.33341288366096,14.002962375049522
3.15,31.22179538610923,131.01104124482495,92.6902483920128,2.5709299264875614,1.83816085526982,-4.456596483418051,5.58807525225604,11.08389323247474,19.78437571123297,58.02553111010848,41.70791964544325,36.933710019499415,12.131806404928124,133.40911194847814,2043.9921787712208,1.274,1.0302836576626375,0,7.5764985600800925,345.0001478400497,0.1706946828059007,1.04427113563261e-05,0.0890115153642076,-0.0917345878636341,-0.0153449549719219,3.160102511129246,10.954175874227785,58.31421921397332,13.188651425744403
3.16,31.22179299871935,131.01104461976328,93.0146248684224,2.688532781244059,1.9019455128442635,-5.270296823064632,4.989969355169446,10.241544661535489,12.93593811918758,57.98275608308367,41.707288352299,36.99460983382863,12.101194729138056,133.35819564293735,2040.9160363703315,1.274,1.030278783455289,0,7.580932433434253,345.0001478400497,0.1705694761255812,1.0277902023116216e-05,0.074268439706216,-0.0811430527113067,-0.0127935155600387,3.2928634485404964,11.049962990698353,58.28145812083702,12.552492175777742
3.17,31.22179061284586,131.0110479937667,93.33807216714888,2.7977134274118742,1.9597055712151448,-4.631067700217581,4.378514534427913,9.372605251877372,19.02343764548792,57.93031633235663,41.698568863096845,37.04595834046916,12.073638117150006,133.3124196859031,2037.1626959456896,1.274,1.030274370659379,0,7.58535790682312,345.0001478400497,0.1704158356506702,1.0126897757109547e-05,0.0588994980938047,-0.0702175740194471,-0.0101365630761441,3.4153467414124057,11.140091701260602,58.2380861471741,11.334191933248455
3.18,31.221788228123568,131.01105136730473,93.6606417075006,2.8970250158137194,2.0104910319532703,-5.094045698990773,3.757275396396359,8.481218977502678,15.2187503162053,57.89200231893453,41.70079197043162,37.087370855067775,12.049251628209756,133.27195242514887,2034.4057720103704,1.274,1.0302692822817878,0,7.5897629408748495,345.0001478400497,0.1703037467407504,9.990089740960442e-06,0.0429606076519157,-0.0589975966388061,-0.0073883718060865,3.525816591163756,11.219649063345516,58.207744707555314,10.582886909162518
3.19,31.221785842875548,131.0110547424839,93.982546648121,2.987314523151193,2.0549368836988293,-5.977626039182512,3.127049485710545,7.5695774295242595,7.60937565818481,57.84397925970798,41.69498146582294,37.11849825952032,12.028135274731724,133.23694004060053,2030.9690798688207,1.274,1.0302643854965483,0,7.59410763855057,345.0001478400497,0.1701630940564454,9.867788792377295e-06,0.0265024381196125,-0.0475185414834026,-0.0045539713844729,3.6253256704831625,11.29274513140671,58.16669879300132,10.139475036310237
3.2,31.22178345916593,131.01105811675603,94.3035406648944,3.0684457779468826,2.09301634651871,-4.3024084272810175,2.4904081271832643,6.641497262492639,22.828124973774663,57.78544565006272,41.6805085981154,37.13902347379452,12.010374589550205,133.20750796413444,2026.7982029158547,1.274,1.0302595261546963,0,7.598443384691029,345.0001478400497,0.1699915189732278,9.760289109969912e-06,0.0095837450827919,-0.0358212859455876,-0.0016450784576758,3.713743079321991,11.35928771522174,58.11414277299615,8.29592290241275
3.21,31.22178107708084,131.0110614900225,94.62361801756548,3.1380511486946943,2.123186172429505,-6.115163700503057,1.850242407390246,5.699513041428838,6.848437592572892,57.75675837988965,41.68958810041838,37.14866656052512,11.996038458967709,133.18375771399138,2024.7239676843487,1.274,1.0302557073220524,0,7.602766861566645,345.0001478400497,0.1699077422861845,9.66783279335116e-06,-0.0077353875835684,-0.0239471733929967,0.001327102327551,3.7882417799630455,11.4111736416029,58.09019136055346,8.561721378290285
3.22,31.22177869334504,131.01106486638278,94.943187571544,3.199438998523316,2.1477303330001134,-3.751512410652928,1.2076711432534304,4.748139650402961,28.15468843497014,57.6929061249534,41.6704039527686,37.14718545257288,11.985178542384531,133.16576629341108,2020.1875153783008,1.274,1.0302510775156393,0,7.607077991868338,345.0001478400497,0.169720515957944,9.590561571332138e-06,-0.0254061711241732,-0.0119294924586447,0.0043537932750357,3.8528378595759207,11.460791845332642,58.0301918158441,6.170668124057454
3.23,31.221776313445112,131.01106823899295,95.26157645595612,3.2480549181879894,2.163653463692987,-4.707347888858966,0.5650268590535811,3.787400713167621,19.78437571111943,57.67374736599753,41.68669039494574,37.1343685880918,11.977831274680767,133.1535897802008,2018.7841646152508,1.274,1.030246060756259,0,7.611347661252242,345.0001478400497,0.1696647654483522,9.528649925602712e-06,-0.0433595266142509,0.000184873350324,0.0074277207724202,3.9020815839979184,11.492339606272562,58.01353248631104,6.068177952260425
3.24,31.221773930285032,131.01107161672294,95.5796634815736,3.287698129093339,2.1735425710204272,-4.893915363043084,-0.0755647523809514,2.8235822824064303,18.26250057977301,57.62874620249046,41.682219441556754,37.11004788947172,11.974013627606752,133.1472565262096,2015.5733130099968,1.274,1.0302410814197032,0,7.615581359713636,345.0001478400497,0.1695329904412208,9.482119683079877e-06,-0.0615506261311631,0.0123657377708254,0.0105354046770192,3.940565898697439,11.519484932845858,57.97008358762819,5.650551700316618
3.25,31.221771549939486,131.01107499197985,95.89670092512311,3.31674303085924,2.1763819942943337,-4.994060284583151,-0.7120041877871786,1.858674467501604,17.501563513551908,57.58598282466008,41.679403070324646,37.07408312180676,11.973727825828377,133.14677507608573,2012.5217265736928,1.274,1.0302373751119869,0,7.619811044271416,345.0001478400497,0.1694077956493985,9.451035580980324e-06,-0.0799122334022585,0.0245680661734688,0.0136677296904033,3.9663749637769623,11.536663901206424,57.9277659040513,5.376082111130707
3.26,31.22176916960284,131.01107836826608,96.21303607771348,3.335281682030274,2.1722815605345622,-4.242040893170346,-1.342220037158834,0.8959742955616871,24.35000010588241,57.54289548349576,41.67623198475528,37.0263762415336,11.976956989569894,133.15212700299503,2009.4500530708608,1.274,1.030233475071993,0,7.62402677219973,345.0001478400497,0.1692816455723121,9.435372609890186e-06,-0.09838579790952,0.0367530444619744,0.0168142397256915,3.979645627225774,11.54432601326188,57.88403493199763,4.538638067282672
3.27,31.221766789980688,131.01108174469246,96.52858217430207,3.3425749319768454,2.160821603601017,-4.512178328851537,-1.9650251239548249,-0.0631822651954555,22.0671879084869,57.51180387453892,41.682574729944925,36.966865778519725,11.983667035999805,133.16327000345467,2007.218208057928,1.274,1.030229748130001,0,7.628233034107738,345.0001478400497,0.1691907826650941,9.435058807610788e-06,-0.1169121740874721,0.0488817227993694,0.0199690154655302,3.979529925735804,11.540030776041286,57.85114448402664,4.92189689121647
3.28,31.221764409876887,131.01108512274467,96.84348570951856,3.3397684699249925,2.1427749784244905,-5.2083861062148245,-2.5774687230419167,-1.013399256056674,15.979688382188936,57.47312652531729,41.682853651248514,36.895527218712566,11.993806834282166,133.1801380250062,2004.458631153772,1.274,1.0302256535366523,0,7.6323754209483985,345.0001478400497,0.1690776017360905,9.449958653073354e-06,-0.1354363763972426,0.0609181670276795,0.023116757555709,3.967409253716117,11.527670522965655,57.80963437647033,5.898949813470798
3.29,31.22176203078681,131.01108850053703,97.15756097681644,3.327021973038262,2.118309060391053,-5.564926945155119,-3.177185581157988,-1.9509013514039348,12.935938118982795,57.42563706010465,41.676075208923535,36.81237034781114,12.007309373212808,133.2026429898864,2001.08700289803,1.274,1.0302223116119489,0,7.636509372471114,345.0001478400497,0.168938494362493,9.479913146027246e-06,-0.1538975037587259,0.0728227468772452,0.0262452698982829,3.943509032624968,11.507631470323696,57.75830447053097,6.698427890553232
3.3,31.221759652793423,131.0110918779483,97.4707957153445,3.304002328209163,2.0872581732643902,-4.901463461354428,-3.7626684609221774,-2.873571226330234,19.02343764529665,57.3765577943942,41.66803936023855,36.717443068468434,12.024091110023804,133.23067341660234,1997.607772927748,1.274,1.030218795265302,0,7.640632450755542,345.0001478400497,0.168794707403908,9.524714743764724e-06,-0.1722349522017278,0.0845564695755435,0.0293465016042713,3.907460487998925,11.478624716561589,57.70435102735869,6.814648164256468
3.31,31.221757275612617,131.01109525531305,97.78322157371896,3.270032463614965,2.0492528333885143,-6.028986685447518,-4.3336075768715645,-3.7813983849138624,9.13124978969841,57.339479685764175,41.66966924101635,36.61083122709224,12.044052700819904,133.26409525240928,1994.9668347888248,1.274,1.0302148918289196,0,7.644744494831839,345.0001478400497,0.1686862239255701,9.58409816148868e-06,-0.1903913894975923,0.0960827596397182,0.0324181743894198,3.858495625065084,11.43814582843143,57.66130694312251,8.332335136625943
3.32,31.221754898171664,131.01109863394575,98.09496468083768,3.2271236059169994,2.0055943426326266,-5.4556310221226,-4.88485210251716,-4.664926933542936,14.457812250556888,57.28253160480348,41.65543675659382,36.49265657585816,12.067080302116704,133.30275359173427,1990.9463872338545,1.274,1.030211470904821,0,7.6488329521858835,345.0001478400497,0.1685192829787022,9.6577363233591e-06,-0.2083146696951236,0.1073686321614525,0.0354337025130134,3.7990104822802166,11.392723398889268,57.597505295598,8.682582174002565
3.33,31.22175252315389,131.0111020104717,98.40569442759616,3.173457430349295,1.955196717903385,-5.482199780773458,-5.41854562982193,-5.528798399822716,14.457812250310203,57.24011592575528,41.652994198872186,36.36307352351963,12.09304725784005,133.34647498676034,1987.939595391108,1.274,1.0302082040877245,0,7.6528732234386,345.0001478400497,0.1683950919023384,9.745297926149406e-06,-0.2259439020712393,0.1183758572950332,0.0384027762940832,3.726890934563531,11.335824754036286,57.54717790483659,9.485924463364501
3.34,31.22175014760545,131.01110538854348,98.71576276278196,3.110267120196952,1.8988914187119847,-5.8529443939211525,-5.9312064245604015,-6.366699647261888,11.414062987084892,57.1948308871408,41.64837304334776,36.22227477937741,12.121813430386204,133.3950657491247,1984.736144422517,1.274,1.030204724088485,0,7.656900361236588,345.0001478400497,0.1682624572792341,9.846363705369524e-06,-0.2432300312133918,0.1290739159252608,0.0413068913578292,3.643625582067305,11.271223736141588,57.493053452777126,10.486707401635858
3.35,31.22174777314295,131.01110876611332,99.02496758719326,3.037912481052102,1.836951122078832,-6.142304837010789,-6.42090842533815,-7.175343281581475,9.131249789883594,57.1445602505826,41.63987900832628,36.07048389221414,12.153228133376162,133.4483162507279,1981.1898210846368,1.274,1.0302007020506527,0,7.660918927008363,345.0001478400497,0.1681151528196206,9.960496834369593e-06,-0.2601202476342426,0.1394303153568841,0.0441351564170457,3.549667411440931,11.199690308604133,57.433058427720965,11.421099987561663
3.36,31.221745399727087,131.01111214319687,99.33330719993224,2.956495472133,1.7694891584624564,-4.732642743329718,-6.886552510708484,-7.952928208875926,22.067187908284826,57.09227887472695,41.629924473079306,35.9079577123163,12.187130474048953,133.50600084470048,1977.5076430012937,1.274,1.0301974335879676,0,7.6649263014268225,345.0001478400497,0.167961930219685,1.0087222807475623e-05,-0.2765628918873702,0.1494136257477428,0.046880692502485,3.445167299195065,11.12103378672813,57.370185399667086,11.53566556009107
3.37,31.22174302725135,131.01111551988978,99.64078678925102,2.864976969571108,1.6959454989430287,-6.308583167572576,-7.331090918302949,-8.704994865670406,8.370312724408958,57.06304791638748,41.638822927161975,35.73498573370408,12.223350556016385,133.56787919710774,1975.4247704794493,1.274,1.0301935069045014,0,7.668904134980773,345.0001478400497,0.1678765180513069,1.0226025285293927e-05,-0.2925089064183759,0.1589943502129454,0.049556878454302,3.328952756957219,11.030838819444329,57.32940751326486,13.012303840825119
3.38,31.221740653441973,131.01111889896248,99.94766481066354,2.7664765109614207,1.61821852525723,-5.673603632348603,-7.744445123296263,-9.413151835884657,14.457812250409887,57.00372088094953,41.62357901125414,35.55188852371266,12.261710923340123,133.63369801712008,1971.2610993270328,1.274,1.0301893086187228,0,7.6728383290180115,345.0001478400497,0.1677025627500418,1.0376320776901918e-05,-0.3079177286603955,0.1681483826915552,0.0521116662308357,3.204682210288104,10.93980011714052,57.25787626020809,13.445208660714984
3.39,31.221738282734908,131.0111222748916,100.25341186808532,2.658870308778584,1.5351337686893716,-4.4474238698777615,-8.133601182812274,-10.090243483390031,25.87187623733368,56.96237400455029,41.62314949195162,35.35901241299964,12.30202886258151,133.70319426382892,1968.3445751338213,1.274,1.030185380444636,0,7.676764825971219,345.0001478400497,0.1675815011608004,1.0537562597927884e-05,-0.3227367845507054,0.1768447636668635,0.0545784041244856,3.069940552345179,10.839223349319225,57.20348340300797,13.702118844671386
3.4,31.22173591087387,131.01112565288693,100.55851572475932,2.5427009155507245,1.4470857524724272,-5.184598303310437,-8.497661064383944,-10.734574737900644,19.78437571097345,56.93686714837779,41.63588888814191,35.15673718857671,12.34411557729934,133.77609299561578,1966.5244508606684,1.274,1.0301820128648078,0,7.6806768523012705,345.0001478400497,0.1675070385178977,1.0709106925295832e-05,-0.3369281543097524,0.1850616720001901,0.0569511377424866,2.925407692491178,10.730102598687138,57.16415068152509,14.63971987216323
3.41,31.22173353811521,131.01112903257388,100.86293215775224,2.419906218589863,1.3552514771209665,-5.499197329276216,-8.829532062305928,-11.33318611859788,17.501563513475535,56.89488800579276,41.63549480358257,34.94546686444966,12.387779421881346,133.85211219536043,1963.5681960828767,1.274,1.0301781995061468,0,7.684580648840771,345.0001478400497,0.1673841127831219,1.0890286454842073e-05,-0.3504548825393501,0.1927781109972924,0.0591921582759896,2.7733662546555444,10.619084052202894,57.1077505595333,15.383202374810867
3.42,31.221731166707723,131.01113241114567,101.16639298749324,2.290116411517231,1.2594761764645177,-5.391501572406948,-9.131301342907756,-11.889798965149756,19.02343764541628,56.85259319719029,41.63513806502654,34.72562914140515,12.432826932731638,133.93096386914334,1960.5926586759515,1.274,1.030175101862711,0,7.688459281520018,345.0001478400497,0.167260255708392,1.1080451047497607e-05,-0.3632749307564833,0.1999705622149756,0.0613100739953132,2.613439983926138,10.503692854663486,57.05041531990145,15.931612374519153
3.43,31.2217287951967,131.01113579033947,101.46905393132596,2.1535903540204866,1.1599713639178444,-4.861240268724022,-9.403133337139565,-12.404586104283096,24.350000105820577,56.81421981711989,41.63832238384908,34.497678661308925,12.479063048671549,134.01235374434543,1957.8898791799097,1.274,1.0301709386993343,0,7.6922925385510466,345.0001478400497,0.1671479331516692,1.1278902814508065e-05,-0.3753525064446833,0.2066194597609987,0.0633038105073179,2.4459867628579834,10.383754987360248,56.996415246124265,16.307186450300453
3.44,31.221726423478025,131.01113917022727,101.77091352078531,2.010649720522612,1.057013123202307,-7.0591444186319725,-9.645417768990008,-12.878084819903057,5.326562460961882,56.78404799548876,41.64857907284724,34.262093101967125,12.526292846661145,134.09598363847107,1955.754106858128,1.274,1.0301668328351348,0,7.69611569160561,345.0001478400497,0.1670597374542984,1.1484915778237895e-05,-0.3866552792904857,0.2127075237849494,0.0651735179997431,2.271459961857987,10.259169162293224,56.95007381065298,17.570164270434944
3.45,31.221724050973467,131.01114255145637,102.0720224721136,1.8633839505698664,0.9517808027932374,-7.043477650478398,-9.84808495382517,-13.291722157121086,6.087500527076632,56.719105537759376,41.63052965767595,34.01937103224528,12.574322781390547,134.18155303380763,1951.2266392898025,1.274,1.0301622224849718,0,7.699928722066552,345.0001478400497,0.1668692435263193,1.1697739446919406e-05,-0.3971540453850495,0.2182196532228047,0.0668646617694451,2.092311408995477,10.138299311062898,56.86860404077505,17.979578208975038
3.46,31.221721681549536,131.0111459292884,102.37194433280072,1.710503099977173,0.843676160297755,-6.433487932692885,-10.0208790169876,-13.66297108036964,12.175000053360742,56.66621310489095,41.62271126733628,33.77002994635384,12.62296183038076,134.2687605489902,1947.532964917084,1.274,1.0301592387893987,0,7.703732270647752,345.0001478400497,0.1667141977073041,1.1916667673230731e-05,-0.4068154553171675,0.2231391305027549,0.0684254069648586,1.9071965920311225,10.013378113211251,56.7987326572383,18.124143069293634
3.47,31.221719311412613,131.0111493082725,102.67108395311948,1.5526553135728889,0.7331352916864114,-6.7613943461281325,-10.163229955302867,-13.990531540734237,9.89218785568542,56.623225746961765,41.623434462613055,33.5146088520681,12.672021753089307,134.35730389303032,1944.5232911273893,1.274,1.0301554407587927,0,7.707513539570988,345.0001478400497,0.1665882905792449,1.2140912123606348e-05,-0.4156171825383281,0.2274555175678538,0.0698507952272451,1.717001544067301,9.885504406469105,56.73838322680668,18.56724722247481
3.48,31.2217169411004,131.0111526876938,102.9693664391384,1.3908858013771397,0.6207630787944514,-5.641112920810504,-10.271067313155594,-14.266636720818008,20.545312777233416,56.57309788816856,41.61860750913244,33.253661343815864,12.7213189609078,134.44688276418103,1941.0261772626848,1.274,1.030151642056233,0,7.711244022491022,345.0001478400497,0.1664413732160191,1.2369677143736736e-05,-0.4235390528246863,0.2311598646746519,0.0711171281854102,1.5231002638461275,9.758314923410609,56.67060521691768,18.462229065324188
3.49,31.22171457170437,131.0111560661873,103.26666270873416,1.224996334168346,0.5066084199119438,-6.990649019273151,-10.350521483981291,-14.502216314141684,9.131249789869736,56.54225612699913,41.63019252111465,32.98775424245943,12.770675218063056,134.53719976408593,1938.8549231454808,1.274,1.0301485405764352,0,7.714963816355955,345.0001478400497,0.1663511940312446,1.2602185207078124e-05,-0.4305613643625345,0.2342439718048984,0.0722547753540834,1.3256051456045368,9.627959101592667,56.62183295460645,19.139402987637315
3.5,31.22171220052988,131.01115944692825,103.56324349685195,1.0566502782199627,0.3915299014533556,-8.082075208676931,-10.391171153132044,-14.677649923512648,1.002621973242412e-09,56.48641783100096,41.62129082428784,32.71746725684876,12.819918132479996,134.6279610009286,1934.9721603410323,1.274,1.0301448763764691,0,7.718671311424891,345.0001478400497,0.1661874711315378,1.2837613556760866e-05,-0.4366700851315115,0.2367028481878082,0.0732054552650794,1.1268487452630598,9.502641497491878,56.5479187254553,19.716231508317826
3.51,31.22170983155097,131.01116282511094,103.8586802403198,0.8858975689614699,0.2756549713493652,-5.5083161082708,-10.396915567735704,-14.799601157936143,23.589064040339608,56.42177828822329,41.60533077198425,32.44338939722782,12.868882027717596,134.7188774625742,1930.4912887557475,1.274,1.0301405909904235,0,7.722369883888712,345.0001478400497,0.1659978509437872,1.3075205058287048e-05,-0.4418499609300473,0.2385318515283912,0.0739869654811014,0.9277899064791536,9.380199564591033,56.46507790282917,18.90676053969176
3.52,31.221707463448457,131.01116620227097,104.15310128641944,0.7123216355139126,0.1590320240163054,-5.062260064306023,-10.380905501802776,-14.892189676053333,28.15468843474305,56.40198404050984,41.62736449690392,32.16611962289328,12.917408257411475,134.8096654635407,1929.0823381944408,1.274,1.0301374103326764,0,7.726054189354397,345.0001478400497,0.1659401668421203,1.3314177741301911e-05,-0.4460911455319017,0.239729485679142,0.0746688228607568,0.7298575162581462,9.252421518245168,56.42696470035084,18.845874597470296
3.53,31.22170509152858,131.01116958391438,104.4469667630778,0.5374480978823954,0.0423737980563579,-6.996695780222047,-10.33142226100096,-14.933232122190743,11.414062987273452,56.37674272904607,41.64528042187296,31.886263399470167,12.965345898197008,134.90004786769248,1927.3015979460345,1.274,1.030134481384205,0,7.7296879778095695,345.0001478400497,0.1658664554675311,1.3553668007814808e-05,-0.4493892794229929,0.240296469721508,0.0751850906030714,0.5391158910815368,9.128255675221874,56.38339878907324,19.460047774641065
3.54,31.221702719654004,131.01117296539587,104.7398681307675,0.3620387019115938,-0.0739544484774393,-6.625283946141771,-10.242865199357766,-14.911524904207187,15.218750316620948,56.320966593980735,41.637797665436565,31.60442930638544,13.012552012252936,134.98975459523427,1923.435732971006,1.274,1.0301303685450816,0,7.733305952369027,345.0001478400497,0.1657029047572166,1.3792898023325128e-05,-0.4517391861609546,0.2402342433897211,0.0755013407205274,0.3695148296630263,9.012265120520295,56.30934985960453,19.26562352554439
3.55,31.22170034954585,131.01117634465092,105.03162709657312,0.1860744766237732,-0.1896924635320057,-6.333875226741275,-10.12692065897772,-14.848500597107048,18.26250057902384,56.28109201338045,41.64409882571465,31.32122938022312,13.058891821953887,135.07852305218972,1920.6592333611884,1.274,1.030127671492625,0,7.7369120571310575,345.0001478400497,0.1655861352244724,1.4031139099343856e-05,-0.453138931565519,0.2395470600011571,0.075679542440487,0.2657194292227228,8.897526650848446,56.25129524532117,19.056507219410513
3.56,31.22169797745776,131.01117972604004,105.32260003832116,0.010284984035423,-0.3044377894856385,-6.121177440586547,-9.9811265680975,-14.73899930531292,20.54531277670896,56.2443293771816,41.65341098607193,31.037276903173368,13.104239211782785,135.16609925943212,1918.097208035944,1.274,1.0301229750984446,0,7.740504097014429,345.0001478400497,0.1654785192193352,1.4267597724918856e-05,-0.4535907745693284,0.2382406717896974,0.0757034028891272,0.3046114698555225,8.786620096045123,56.19650862605405,18.82365005384296
3.57,31.22169560483668,131.011183107802,105.61262901506836,-0.1647752116968268,-0.4178322527856902,-5.901260512471876,-9.805971697099425,-14.5833680879762,22.82812497364794,56.209832990392144,41.66501770979896,30.753183803095176,13.14847663028001,135.25223790918955,1915.6916065234293,1.274,1.0301190153586273,0,7.7440864596093935,345.0001478400497,0.1653775683810589,1.4501513541520532e-05,-0.4530994551491976,0.2363227077231074,0.0755729124879039,0.4491482834764649,8.680144392883337,56.14420063534181,18.537976732906355
3.58,31.22169323126861,131.01118649037187,105.9017409904616,-0.3385683289585341,-0.5295315711707496,-5.928996172293445,-9.602317642681578,-14.382652488826592,22.828124974252823,56.17801807334495,41.679285413892366,30.469558980082063,13.191495196642768,135.33670289253627,1913.470411138093,1.274,1.0301159091708243,0,7.747643934921059,345.0001478400497,0.1652845044718809,1.4732143927529746e-05,-0.451672419329353,0.2338025704499241,0.0752901613034024,0.6285132731428424,8.578439870056206,56.09484063277698,18.28163538462503
3.59,31.22169085651876,131.0111898739722,106.18994455296368,-0.5105783054701719,-0.6392355824403864,-7.2257596062795555,-9.37013160479022,-14.13612159921166,11.414062987151125,56.14503817158852,41.6929313386363,30.1870065026877,13.23319469758514,135.41926767839487,1911.1714191989888,1.274,1.0301133850633764,0,7.75115799224628,345.0001478400497,0.1651880106813435,1.4958763202734233e-05,-0.449319760721665,0.2306912873607385,0.0748519463924258,0.8181085009913266,8.482434492611015,56.04462936417129,18.434774260796583
3.6,31.22168848080616,131.0111932582993,106.47720608702672,-0.6804221850884323,-0.7467998921287389,-7.490444517473917,-9.106456947491376,-13.83709180163812,9.131249789899812,56.09303377699251,41.690559540966206,29.90612385480479,13.273483490212485,135.49971557159944,1907.5798772404648,1.274,1.0301104140043502,0,7.754661008110893,345.0001478400497,0.1650355411116018,1.5180672155617576e-05,-0.4460544838731294,0.2270017658240809,0.0742371055664124,1.0102763039585367,8.39509202446947,55.97573004573774,18.17964319597142
3.61,31.221686105956515,131.01119664119844,106.76334707570231,-0.847478574167231,-0.8517078249285474,-7.3196601267792945,-8.817375055816738,-13.49667780881648,10.65312492150812,56.043736110262415,41.69078808241168,29.627499997989368,13.31227842430925,135.57784006671963,1904.1759429327983,1.274,1.03010742311296,0,7.758152573917453,345.0001478400497,0.1648910321581303,1.5397225995190547e-05,-0.4418941947467694,0.2227503028237315,0.0734780477687214,1.201487931338428,8.313377155706204,55.909955085062165,17.705474834680405
3.62,31.22168373027669,131.01120002458777,107.04851199609044,-1.0111978260606602,-0.9536112021541806,-7.990760468561089,-8.504250998148294,-13.116846024402086,4.565625395406824,55.998417033332494,41.6947299614921,29.351712298152066,13.349505072591988,135.65344589001833,1901.045441785133,1.274,1.0301045095080723,0,7.761630519914984,345.0001478400497,0.164758226237759,1.5607766682669487e-05,-0.4368578756797901,0.2179534040977164,0.0725798782821496,1.3898924231700158,8.237287237108252,55.84863105160317,17.556371707539622
3.63,31.221681353939022,131.01120340822203,107.332672269136,-1.1713137811136307,-1.052440391636703,-8.054759335989665,-8.165178313877275,-12.692817984636072,3.8046873295394334,55.94217419774728,41.689475757368506,29.079325653162297,13.38509715262959,135.72634846086257,1897.1767932654348,1.274,1.0301022560503317,0,7.765096602109183,345.0001478400497,0.1645932776685694,1.581165975459466e-05,-0.4309668334336065,0.212628933539647,0.0715272666915347,1.5746277149791152,8.16909603805795,55.77686654387826,17.107218162203502
3.64,31.221678978310887,131.011206790494,107.61569677854084,-1.3271762265418368,-1.1477281493984277,-4.700898945807481,-7.8042890413899855,-12.232052013259144,33.481249895136465,55.88819691130064,41.686429337317286,28.81089095006081,13.418996232345016,135.79637394956404,1893.4659050293333,1.274,1.030098739408791,0,7.76852467043297,345.0001478400497,0.1644349916583811,1.60083266760929e-05,-0.4242467805023855,0.2067978503376705,0.0703420894391528,1.7545486684738538,8.106905520380677,55.70792425196866,15.252162954654358
3.65,31.22167660221272,131.0112101727223,107.89768024132876,-1.477242118131319,-1.2382186035624023,-6.789996708886747,-7.431974822281473,-11.75567684799738,14.4578122505677,55.88459545317278,41.72750648761075,28.546942136121608,13.451151797388066,135.86336012056307,1893.1705067956343,1.274,1.03009566916472,0,7.771920865471845,345.0001478400497,0.164424919603738,1.6197194216660614e-05,-0.4167242003602205,0.20048107242616,0.069088483321971,1.927456830136036,8.04385070673254,55.69011166902735,15.476893849227634
3.66,31.221674220593204,131.0112135606268,108.17904379818468,-1.623246154668241,-1.3255981357361115,-7.418274126176053,-7.030156037852469,-11.224790951288172,8.370312724191336,55.83258659803421,41.726654124642735,28.28799572990612,13.481520603018108,135.927155726047,1889.5972326496933,1.274,1.0300933370418035,0,7.77530456830656,345.0001478400497,0.1642724205437098,1.6377626342223837e-05,-0.4084195525017532,0.1936944770714423,0.0676468127954197,2.0956307679225588,7.993954929019757,55.624380705586425,15.180573665964255
3.67,31.22167184237997,131.0112169439921,108.45901260633002,-1.7637297576404631,-1.4086760897831665,-6.332162527447978,-6.610173587547804,-10.66191043499622,17.501563513809067,55.78117355004868,41.72648468007626,28.034554764254807,13.510065041842305,135.98761778347466,1886.0679731799664,1.274,1.0300911212915584,0,7.778680832496736,345.0001478400497,0.164121670935408,1.6549204355429883e-05,-0.3993710047844288,0.1864675946865882,0.0660854030111481,2.257096394096732,7.950084214443716,55.55992151902557,14.052295586679504
3.68,31.22166946267109,131.01122032838336,108.73799989678008,-1.8977108800213047,-1.4867542629866484,-6.599179168879853,-6.176499554334855,-10.075868595626408,14.457812250410903,55.74864204472273,41.743055048186,27.78709707574773,13.53675541412436,136.04461711823535,1883.818131422272,1.274,1.0300873306653135,0,7.782040360244234,345.0001478400497,0.1640264727839994,1.671145356306197e-05,-0.3896113961360012,0.1788251848748175,0.0644311153433538,2.410588398796461,7.909507633828867,55.51512943875177,13.53593145683026
3.69,31.22166708055759,131.0112237147895,109.01606798252732,-2.025646481048636,-1.5603074350228658,-6.940657079764205,-5.725430274520905,-9.457447370530208,10.65312492156489,55.70604309891501,41.75097234132125,27.54607882629091,13.561568291369216,136.09803570096128,1880.8899513596152,1.274,1.0300845698930543,0,7.785388110059534,345.0001478400497,0.1639016513044709,1.6863895707220607e-05,-0.3791716539884038,0.1707902119646152,0.0626550753647738,2.5567143933029257,7.876067918030484,55.46098087284115,13.05360422617563
3.7,31.22166469853284,131.0112271003575,109.29300180925108,-2.147057144705604,-1.629038347216606,-7.953481854371808,-5.259614122314816,-8.811151550762702,0.7609370659767893,55.65890091546548,41.755049281652326,27.3119357571722,13.584485590388088,136.14776541349764,1877.6577855738965,1.274,1.0300825865853187,0,7.788696310739097,345.0001478400497,0.1637634595139831,1.7006143084307138e-05,-0.3680901420260687,0.1623909359346669,0.0607708514306608,2.694879952728378,7.848711576281002,55.40304664490319,12.982981397736925
3.71,31.221662315863004,131.01123048589787,109.56885605667117,-2.2619788826586764,-1.6930476081718364,-7.422823526883536,-4.779369394972255,-8.136083665821548,4.565625394793152,55.59744066273421,41.746602979282606,27.08507829663032,13.605495073893952,136.1937098800973,1873.4636046072555,1.274,1.0300796501777447,0,7.791977040084477,345.0001478400497,0.1635831371194371,1.71378340105082e-05,-0.3564059362779945,0.1536557098385707,0.0587752801517923,2.8251494193776416,7.828510572950266,55.33153606641817,12.005687749650221
3.72,31.22165993400198,131.01123386975132,109.84350759551462,-2.3691168061498526,-1.7514036450461057,-6.116904086660845,-4.290199322909376,-7.443763638442174,15.218750315900497,55.54806275198865,41.74891702039096,26.865891097355423,13.624589809334744,136.23578405138772,1870.087882502817,1.274,1.0300765577676023,0,7.795244980065544,345.0001478400497,0.1634383611012979,1.7258663170070114e-05,-0.3441620831774994,0.1446154162852499,0.0567042275666954,2.945909148288335,7.811514905870655,55.27299575197027,10.546655533423575
3.73,31.22165755061445,131.01123725452885,110.11713698693508,-2.4679656609321934,-1.803802641756548,-7.188467660720111,-3.7936791786193753,-6.737036835514961,4.565625394872903,55.51458370454032,41.76541643771159,26.654730451940207,13.64176812263394,136.2739148523003,1867.7851558050968,1.274,1.0300744959149897,0,7.798498672052624,345.0001478400497,0.1633403614670629,1.7368310089077422e-05,-0.3313970544321578,0.1352973499721961,0.0545667131080863,3.0565578361777064,7.7968918732073,55.23128985063005,10.557165071296104
3.74,31.22165516519201,131.0112406407779,110.38977554979164,-2.5599072880574862,-1.8513458475912672,-6.973487228123988,-3.2863884343276,-6.005580602616969,5.326562461318733,55.45743659365543,41.76097231477274,26.45192728113392,13.65703244095546,136.30803932731763,1863.8928055230097,1.274,1.030071694592531,0,7.801740255020402,345.0001478400497,0.1631727207259281,1.7466480796868635e-05,-0.318149227511529,0.1257285709784153,0.052330071970426,3.158848788221465,7.789774638113554,55.16667846944938,9.772250070307237
3.75,31.221652781288693,131.01124402449676,110.6611410790628,-2.643411672892276,-1.892950712714308,-5.303516313621329,-2.773917150242651,-5.261767761660607,19.02343764467724,55.40769398925685,41.76312863219148,26.257787185821044,13.67038883087835,136.33810424746562,1860.5020739282456,1.274,1.0300677448895543,0,7.804970100012344,345.0001478400497,0.1630268629934868,1.7552997133728065e-05,-0.3044678215281003,0.1159435517662431,0.050033490411059,3.2508990664298083,7.785565240894651,55.11040407669766,7.969197050074039
3.76,31.221650395866167,131.01124740908372,110.93146651120595,-2.717532385433111,-1.9279996638178687,-4.820848487717316,-2.258910039573506,-4.51160341002455,22.06718790753328,55.38063904131157,41.78554830407382,26.072583397414576,13.681847933996355,136.3640688453254,1858.6372378780088,1.274,1.0300648648485002,0,7.808163392620066,345.0001478400497,0.1629477568771928,1.7627657005697387e-05,-0.2903951914706423,0.1059716439571633,0.047696379071893,3.3315727452393387,7.7818464217323156,55.077846712760376,6.978382336742339
3.77,31.221648007524447,131.01125079608963,111.20085173374846,-2.78321940647416,-1.957240078042347,-6.6328774733020746,-1.739998484155139,-3.749723356422944,4.565625395121615,55.35117054204824,41.80586013109169,25.896561259913387,13.691423651494116,136.38590244672403,1856.611636276096,1.274,1.0300620428147251,0,7.811324994063372,345.0001478400497,0.1628615470769284,1.7690261645953444e-05,-0.2759702314916331,0.0958396053376101,0.045301837160474,3.40207071623528,7.781785135222556,55.04378777976736,7.8155667453105435
3.78,31.221645618108948,131.01125418344049,111.46915127685872,-2.8417162033427568,-1.9816022759052567,-6.990923530407793,-1.2168379315112077,-2.971781964486152,0.0,55.290819592011694,41.79853536698674,25.729940491038583,13.699132368268623,136.40358321297572,1852.517375152856,1.274,1.0300591230821137,0,7.814475599254603,345.0001478400497,0.1626844680410489,1.7740696737652242e-05,-0.2612389243822478,0.0855789510539327,0.0428357591071163,3.463939662146073,7.789040642807433,54.979612285121306,7.6931914316503915
3.79,31.22164323034749,131.01125756808807,111.73615935803528,-2.891297789329175,-1.999903380675928,-5.130434457152041,-0.6941613983195238,-2.18931005372312,15.218750316220843,55.232773971880334,41.79319130210731,25.572910583808447,13.704993508236608,136.41709987349543,1848.5822784707104,1.274,1.0300553657799885,0,7.817613506871553,345.0001478400497,0.1625141686473225,1.7778945359979567e-05,-0.246255955384445,0.0752268723219207,0.0403355506611765,3.5150847225872504,7.798807881043975,54.91869366924083,5.621058288025752
3.8,31.2216408416388,131.01126095293716,112.00207008412129,-2.930518134543836,-2.0111818271340605,-4.290715622700461,-0.1746404855386602,-1.4098478977082465,21.30624984269792,55.20296250541645,41.8130929795706,25.425625193567072,13.709030233038684,136.4264537937084,1846.5400433738328,1.274,1.03005201675398,0,7.820736310112939,345.0001478400497,0.1624269412324828,1.7804961843750718e-05,-0.2310673112516328,0.0648143127220655,0.0378263271286775,3.5537671301372704,7.80729107262802,54.88711167376185,4.519779966850968
3.81,31.22163844974096,131.0112643404854,112.26704522185582,-2.9606227098189803,-2.0163616075545234,-4.727295067377802,0.3423913483403341,-0.6289014819164572,15.97968838186588,55.175008316312585,41.83460135136602,25.28820781780721,13.711268125424931,136.43165632208814,1844.623338153963,1.274,1.030049193044741,0,7.823846279210003,345.0001478400497,0.1623451763705652,1.7818680203500043e-05,-0.2157117755163748,0.0543672160271142,0.0352938035102845,3.581533394199277,7.817949834186392,54.85834434914744,4.78122030065856
3.82,31.221636056602048,131.01126772856065,112.53093821832124,-2.9823086358260165,-2.015967267015992,-5.503467871981349,0.8559352777766116,0.1538731975848307,7.609375658194947,55.13488361748414,41.845073214417184,25.160756482215223,13.711734183856931,136.432726731549,1841.8946163448647,1.274,1.0300460573224757,0,7.826940460489179,345.0001478400497,0.1622275988099933,1.7820119938203817e-05,-0.2002356223989242,0.0439164359065031,0.0327370074072861,3.5992523558277107,7.832584508318948,54.81828155483967,5.571755628041167
3.83,31.22163366306153,131.01127111623316,112.79368816816245,-2.9955024154860626,-2.0100003380014426,-4.916308070626893,1.3640429534572165,0.9353026745020304,11.414062986761497,55.08384804140442,41.845609521004405,25.043338918330964,13.710457526758391,136.4296940892239,1838.439805322018,1.274,1.0300441678794074,0,7.829987470627813,345.0001478400497,0.1620779144471617,1.7809364360504555e-05,-0.1846890914407473,0.0334952267930118,0.0301665542615891,3.606862086813823,7.8509107435004255,54.76818268337324,5.187050155639335
3.84,31.221631269362625,131.01127450323955,113.05527831167667,-2.999023093707467,-1.9976840119710395,-6.03477134114544,1.8647148270254967,1.7093247999551182,0.0,55.04404117397605,41.856100507242175,24.93599003978684,13.707469680537107,136.42259812250782,1835.7374147037524,1.274,1.0300427263378185,0,7.8330212827165155,345.0001478400497,0.1619612663596947,1.7786530958374563e-05,-0.1691220948101289,0.0231362723100174,0.027603230759115,3.602948153092993,7.869797590575477,54.73030927684511,6.543501952149221
3.85,31.22162887369436,131.0112778916076,113.3158397286453,-2.994604047968564,-1.9802397506350151,-4.428201188801571,2.35692850086522,2.4786515997883662,12.935938118883108,54.98313997461736,41.84739258554343,24.838712218223822,13.702804399680083,136.41148892695296,1831.6315764672488,1.274,1.0300401352180104,0,7.836041703218114,345.0001478400497,0.161782547678575,1.7751724725425193e-05,-0.1535778176595991,0.0128676894056727,0.0250378131640873,3.589628293406808,7.893725857098199,54.67214656479308,5.595336583247503
3.86,31.22162647961144,131.01128127738627,113.57511802802388,-2.979683260129141,-1.9559795204838817,-3.9333556619649865,2.8391739336169644,3.234275520673456,15.979688382004428,54.95048243184555,41.86397087934933,24.751479655209696,13.696496901768043,136.39642520228116,1829.410754217224,1.274,1.0300379140116052,0,7.839050245687162,345.0001478400497,0.1616869300602607,1.7705149259831468e-05,-0.1381082933065521,0.0027230812369952,0.0225018795114302,3.5638347679305795,7.915793745357901,54.64329756203835,5.8303287670996395
3.87,31.221624082001025,131.0112846662906,113.8334809605151,-2.9559567971174463,-1.9260857737207289,-3.357115723409041,3.3105587195066835,3.978812779840192,19.78437571090957,54.915858787585385,41.8785753192746,24.674232752666533,13.688584755364303,136.37747636204378,1827.060667198249,1.274,1.0300352443660117,0,7.8420439727559055,345.0001478400497,0.1615855251136028,1.7646939028724556e-05,-0.1227508436499579,-0.0072736360033643,0.0199866033029855,3.527633025185158,7.940264306730786,54.61336692216632,6.169357839571439
3.88,31.22162168384927,131.01128805500727,114.09071643484576,-2.923185775360281,-1.890433096104019,-4.234203008047558,3.769965582798069,4.709555345142433,10.653124921580096,54.88608328204849,41.89733549919641,24.60688761699976,13.679106377077696,136.35471886413305,1825.0347459823424,1.274,1.030032613371917,0,7.845027130678673,345.0001478400497,0.1614983828192253,1.7577317813138502e-05,-0.1075508145861759,-0.0170935570350983,0.0175017678662723,3.480754349182149,7.966248371884124,54.58918862025767,7.370279991818535
3.89,31.22161928378241,131.0112914450877,114.34692509329795,-2.88266039283089,-1.849917447375815,-5.286553516511246,4.215431772598396,5.426341824750301,0.0,54.83902521817139,41.90023117385941,24.549330958755608,13.66810190924954,136.3282381780039,1821.8616750794072,1.274,1.0300313269919537,0,7.847980484379384,345.0001478400497,0.1613603853033213,1.7496525452866348e-05,-0.0925508681020302,-0.0267096705251903,0.0150475393803104,3.4247682101989105,7.996974043375911,54.548491349516624,8.669642363523646
3.9,31.221616884214985,131.01129483385554,114.60193939988044,-2.8342605707009207,-1.8044965846888128,-4.129419834407857,4.645413613220539,6.1260257440356645,9.13124979000795,54.779367912046624,41.89146424910448,24.50142186077589,13.65561302862378,136.2981281368864,1817.8553425849443,1.274,1.0300289879238975,0,7.850901041171308,345.0001478400497,0.1611853122263656,1.7404877196057143e-05,-0.0777990263704068,-0.0360918921376053,0.0126350156579009,3.359551207474144,8.031921081571904,54.49596510787075,8.7269792725366
3.91,31.221614485121627,131.01129822135863,114.85576562033808,-2.7764175078508884,-1.7531852448745893,-3.065189135554604,5.0603913646304495,6.804685174662198,17.50156351336199,54.74115287812234,41.90181831230101,24.462988417756847,13.641683549870756,136.26449215824428,1815.275543883993,1.274,1.0300259077663438,0,7.853807983423958,345.0001478400497,0.1610733288793225,1.7302708546965476e-05,-0.0633405858946499,-0.0452121925404753,0.0102794531516594,3.283252405588178,8.066373460200785,54.46580615592583,9.017021987675083
3.92,31.22161208353576,131.01130161094076,115.1086165467534,-2.710002834443117,-1.6965901869444149,-1.75312293082245,5.4591959187998205,7.462061416540266,28.154688434825168,54.71203511861086,41.92011734190934,24.433829566359968,13.626359252084146,136.22744254283052,1813.3007744437648,1.274,1.0300228271715712,0,7.856701382519634,345.0001478400497,0.1609881115043582,1.719031292242925e-05,-0.0492106166427184,-0.0540490728910227,0.0079818783205906,3.196933952925653,8.102232700797172,54.44557429875536,9.41055899905181
3.93,31.22160968045995,131.01130500150987,115.36042585694943,-2.6350791364960675,-1.6347879997070285,-3.176070910564261,5.841414849533228,8.096850666400675,14.457812250455508,54.696271977595,41.95020374705984,24.41372168659196,13.609687057666903,136.187098157149,1812.2121384137392,1.274,1.0300203896823477,0,7.859583664058595,345.0001478400497,0.1609421873241591,1.7068032260943886e-05,-0.0354465804782301,-0.0625797095162543,0.0057475793023837,3.1006917323707204,8.139037395778129,54.43951492004369,10.47704846735343
3.94,31.221607274605883,131.0113083945408,115.61128910781456,-2.5539073869699687,-1.5692491833750768,-4.009918807462605,6.202965023424423,8.70813516100262,6.087500526502836,54.65174163554982,41.95390170029578,24.402417134269623,13.591715444129548,136.1435850638196,1809.2188705879585,1.274,1.0300174838377611,0,7.862454072113305,345.0001478400497,0.1608116142710856,1.6936223822228555e-05,-0.0220838060997397,-0.0707827261376264,0.0035778353106805,2.9972245064679237,8.18308001817441,54.40527536670683,11.41874957718923
3.95,31.22160487009476,131.0113117854357,115.86092290858451,-2.465622564401228,-1.4994619418838968,-1.870097180654969,6.5441252592103805,9.293156723054116,24.35000010567156,54.60100591673051,41.95162917362549,24.39964564922568,13.572494447652444,136.0970361284427,1805.8178780774715,1.274,1.0300133876918445,0,7.86531369590127,345.0001478400497,0.1606627790007885,1.6795352923358284e-05,-0.009166515284461,-0.0786316816654634,0.0014836685462863,2.885531599629185,8.231287285060683,54.36549787097908,11.518923593486281
3.96,31.22160246507123,131.01131517630492,116.10946357128024,-2.368674760744741,-1.4245166297246457,-3.1489685788653405,6.867955038982777,9.851076185948868,12.175000052851152,54.58574746190732,41.98116190417264,24.405108774222647,13.552076655643022,136.04759300096995,1804.7655589564392,1.274,1.030010734537672,0,7.868142586993523,345.0001478400497,0.1606183326075694,1.664586537657752e-05,0.0032685593532121,-0.086104990342148,-0.0005288801007566,2.763821903414885,8.277671946355534,54.36200796517129,12.414850444106808
3.97,31.221600055783007,131.01131857141323,116.35718066718708,-2.2662921253457258,-1.3464527664852892,-2.390958153602438,7.167750152871675,10.37989399116334,18.26250057944421,54.53998956056135,41.98270622219894,24.418484712786288,13.530516708502292,135.9954044536349,1801.6980861480456,1.274,1.0300079249625067,0,7.870939604151855,345.0001478400497,0.1604841397256464,1.648814644304768e-05,0.0151954311052808,-0.093187633482879,-0.0024566275098983,2.635919089594375,8.332120408102227,54.328508720941024,12.838828701017034
3.98,31.22159764865836,131.0113219635489,116.60362991914664,-2.156742532979404,-1.2642374191684211,-2.495076032157056,7.4472533798684655,10.879047122075931,16.740624447841906,54.51143379763271,41.999455759270326,24.439435216740907,13.507870567559364,135.94062414141095,1799.7692390007887,1.274,1.030005075994671,0,7.873727353065571,345.0001478400497,0.1604005612970734,1.632272889283535e-05,0.0265750454176842,-0.0998572495697776,-0.0042940050728106,2.499815915892345,8.387721243160199,54.31286396203761,13.417922849478435
3.99,31.221595238530423,131.01132535857784,116.84918146369584,-2.0413295297638574,-1.1787111213973769,-4.312623543229704,7.703550716819491,11.346775831582104,6.913925876261826e-10,54.47707916991512,42.01056488084958,24.467597389636968,13.484196855827408,135.8834133858971,1797.4589403776324,1.274,1.030002187618682,0,7.876500833956824,345.0001478400497,0.160299917498384,1.615007373316927e-05,0.0373805188306085,-0.1060987484489805,-0.0060360080078699,2.35707408235009,8.448018969310425,54.29194071972445,14.376812485540908
4.0,31.22159282819564,131.0113287533791,117.09364632057506,-1.9211372638104929,-1.090558764484872,-4.263951530783957,7.933356430599819,11.780375807677128,5.028320503139836e-10,54.41564666178996,41.99674930290688,24.502591451445262,13.459556043517672,135.82393871396792,1793.365122928864,1.274,1.0300000015656,0,7.87926421227425,345.0001478400497,0.1601195937372263,1.5970703285985446e-05,0.0475819263469026,-0.1118956026492185,-0.0076744323744661,2.2089909585800567,8.516373435618796,54.24435243503479,14.828913685159776
4.01,31.221590419867496,131.01133214547167,117.3368758314074,-1.795145672620132,-0.99922743716292,-4.224936493839311,8.140228294224563,12.180487390339604,0.0,54.363756046288906,41.99117487482145,24.54401889950896,13.43401090699284,135.76237249907945,1789.9045516730891,1.274,1.0300000015656,0,7.882015361272511,345.0001478400497,0.1599673441145974,1.5785198141465656e-05,0.0571477293272969,-0.1172308320614861,-0.0092082842042519,2.054428562822416,8.587316056156222,54.20680572377152,15.247218701300623
4.02,31.221588010537623,131.0113355383068,117.57909034092653,-1.6640916307470983,-0.9052044806057912,-4.195036140686023,8.32272545175245,12.545817800644812,0.0,54.31203018869587,41.98534337510866,24.59146159167563,13.407626828189468,135.69889321222556,1786.4584157928143,1.274,1.0300000015656,0,7.8847526079741375,345.0001478400497,0.1598155766287384,1.5594086175871404e-05,0.0660552889598882,-0.1220927412039819,-0.0106331952683006,1.894298205415511,8.662302173545783,54.169846916427126,15.62893571085012
4.03,31.22158560164197,131.0113389302935,117.8201968116691,-1.5283743759123745,-0.8087738211374154,-4.173987408307265,8.4805143755781,12.87559639942662,0.0,54.260467921493095,41.979249843892745,24.644487430300128,13.380471264571014,135.63368368283255,1783.0266215608472,1.274,1.0300000015656,0,7.887473192836733,345.0001478400497,0.1596642876853509,1.5397924999849423e-05,0.0742824188731779,-0.1264702206901703,-0.0119459212774197,1.7291293094897575,8.741334254570425,54.13343024565834,15.972547623971016
4.04,31.221583192986536,131.01134232169025,118.06021746053932,-1.3884092841055804,-0.7102378066156482,-4.161461217170242,8.613339954616409,13.169161026766332,0.0,54.209048878288286,41.97288899333045,24.70265073180061,13.35261388364404,135.5669309972405,1779.6077952479532,1.274,1.0300000015656,0,7.890151943928565,345.0001478400497,0.1595134174047449,1.5197284041416852e-05,0.0818090674834709,-0.1303536537780931,-0.0131435678850441,1.5594932962782952,8.82436885624747,54.09748784164911,16.27679903373832
4.05,31.22158078460737,131.01134571249503,118.29915844858192,-1.2446059986156697,-0.6098699023155398,-4.1570703058409775,8.721010035935494,13.425953383596005,0.0,54.15779539415372,41.96625645615102,24.765493641091016,13.32412655530863,135.49882607420983,1776.203372131873,1.274,1.0300000015656,0,7.892818631262054,345.0001478400497,0.1593630315294617,1.4992743050795828e-05,0.0886173805902653,-0.1337349932797688,-0.0142236134160322,1.385975066561442,8.911347438870633,54.06199906289047,16.54066122720266
4.06,31.221578376540936,131.01134910270576,118.53702608093988,-1.0973906134313969,-0.5079651560058442,-4.160372317153813,8.803409226397587,13.645525691794836,0.0,54.10670668531312,41.95934870741304,24.832547591154004,13.295083310332757,135.429563191305,1772.8132669122776,1.274,1.0300000015656,0,7.895473323325523,345.0001478400497,0.1592131277739426,1.4784890412932869e-05,0.0946916715373163,-0.136607611367085,-0.0151838880779051,1.2092407557844342,9.002160238430756,54.02691675045156,16.763325542093217
4.07,31.22157596882401,131.01135249232027,118.77382678498697,-0.9471961197668836,-0.4048212331559304,-4.170876550190632,8.86049565547886,13.827540353862435,0.0,54.05578194908601,41.95216311525133,24.90333472269427,13.265560315073968,135.35933958487908,1769.4373933467148,1.274,1.0300000015656,0,7.898116090133728,345.0001478400497,0.1590637037971323,1.4574321666839532e-05,0.1000184823642565,-0.1389663910550568,-0.0160225865290372,1.030070769645832,9.096658657562182,53.99219330754979,16.94418681127495
4.08,31.2215735614936,131.01135588133624,119.00956709144438,-0.7944611446051207,-0.3007375712278232,-4.188050360739042,8.892300794558436,13.971770551750872,0.0,54.00502036178074,41.944697920146766,24.977369346652967,13.235635803687188,135.28835498701295,1766.0756641233693,1.274,1.0300000015656,0,7.900747003139581,345.0001478400497,0.1589147571962123,1.4361637892014496e-05,0.1045866037962849,-0.1408077266035545,-0.0167382692975819,0.8494738375052702,9.194655906176727,53.95778083147247,17.082832071871568
4.09,31.221571154586805,131.01135926975127,119.24425361450086,-0.6396286713513679,-0.1960144947762317,-4.211325852717582,8.898929019619718,14.078100462323484,0.0,53.954421081750034,41.93695222376852,25.054159414287973,13.20538998637426,135.21681114752877,1762.7279910652785,1.274,1.0300000015656,0,7.903366134830437,345.0001478400497,0.1587662855155953,1.4147444071058297e-05,0.1083870883010989,-0.1421295196364658,-0.0173298630932804,0.6689879843783956,9.29592828179587,53.92363125697105,17.179031281223924
4.1,31.221568748140687,131.011362657563,119.47789303392292,-0.4831447615447946,-0.0909523335503392,-4.240106775254028,8.880556918527832,14.1465250778727,0.0,53.903983252811074,41.92892597555974,25.13320799016177,13.17490493244305,135.1449113411403,1759.394285364071,1.274,1.0300000015656,0,7.905973558753335,345.0001478400497,0.1586182862569193,1.39323474323946e-05,0.1114132560925302,-0.1429311708252851,-0.017796659999313,0.4916309505238769,9.400216992622545,53.88969649966583,17.232729569851926
4.11,31.22156634219225,131.0113660447689,119.7104920761706,-0.3254614639566774,0.0141399427496744,-4.273775081149848,8.83743636580564,14.17715132830256,0.0,53.85369372226129,41.92061995718175,25.21401472332356,13.144264427274027,135.07285986004277,1756.0736565958523,1.274,1.0300000015656,0,7.908553655664182,345.0001478400497,0.1584707207378799,1.3716955777520678e-05,0.1136606940711864,-0.1432135671963147,-0.0181383114119346,0.3257684766079689,9.507223213339202,53.85591481925197,17.244044036986
4.12,31.22156393677825,131.01136943136635,119.94205749153652,-0.1670275197348931,0.1189637129071767,-4.311698710773322,8.769887907674518,14.170194838698553,0.0,53.80355036156316,41.91203578269264,25.296077312010617,13.113553802599196,135.00086149239883,1752.765935989435,1.274,1.0300000015656,0,7.911104930441177,345.0001478400497,0.1583235827156934,1.35018758180151e-05,0.1151272675615571,-0.142979111889847,-0.0183548358651272,0.2050622277439838,9.616624378316846,53.82223712446218,17.21325365677097
4.13,31.22156153193509,131.01137281735276,120.17259604818368,-0.0082859242778422,0.2232344676261882,-4.35323888374196,8.678295991805005,14.12597707269784,0.0,53.75356591352928,41.9031758567188,25.378892974391928,13.082859728671684,134.92912096131997,1749.4719234077827,1.274,1.0300000015656,0,7.913644867837347,345.0001478400497,0.1581769097083606,1.3287711433623808e-05,0.1158130879584239,-0.1422316610330723,-0.0184466138662445,0.2233881906677342,9.72807975089804,53.788631412988416,17.140791649124225
4.14,31.221559127698807,131.01137620272553,120.4021144923876,0.1503176070856954,0.326660536516086,-4.397756238472065,8.563113913466195,14.044926335898516,0.0,53.70373949341655,41.8940433372183,25.46195988855624,13.052269989353944,134.85784237447012,1746.191529456661,1.274,1.0300000015656,0,7.916173542068407,345.0001478400497,0.1580306991331923,1.307506195643735e-05,0.1157204663039872,-0.1409764415126394,-0.0184143690584591,0.3595862126061886,9.841216747611105,53.75505093252394,17.027246859337946
4.15,31.22155672410488,131.01137958748197,120.63061955251288,0.308340552288027,0.4289545234459427,-4.444617815585639,8.42485985666815,13.927574718262385,0.0,53.65407022070646,41.884642139368346,25.54477859147129,13.021873244376524,134.78722869375432,1742.9246653482594,1.274,1.0300000015656,0,7.918691027150792,345.0001478400497,0.1578849484197933,1.2864520549738188e-05,0.1148539064701398,-0.1392200736799512,-0.018259170002851,0.5282746473719072,9.95564236021822,53.72144961024329,16.873358547245456
4.16,31.221554321188176,131.01138297161938,120.85811790621456,0.4653447769315695,0.5298340828890077,-4.493203514869895,8.264114703478825,13.774555487252064,0.0,53.604557219863686,41.874976904182816,25.62685337266437,12.991758753641951,134.7174811657782,1739.671242952914,1.274,1.0300000015656,0,7.92119739688922,345.0001478400497,0.1577396550122346,1.2656672538171404e-05,0.1132200698707909,-0.1369705381634946,-0.0179824229603848,0.7051693018128454,10.070946633010482,53.68778217683069,16.680013445128875
4.17,31.22155191898289,131.0113863551351,121.08461617049888,0.6208977157654209,0.629022696522266,-4.542912226422542,8.081519617974086,13.586600105638416,0.0,53.5551996233893,41.86505297228442,25.7076936395162,12.962016077009505,134.6487987434967,1736.4311749945618,1.274,1.0300000015656,0,7.923692724503056,345.0001478400497,0.1575948163780288,1.245209375632718e-05,0.1108277338742341,-0.1342371391369296,-0.0175858637221599,0.8838371103029438,10.186706194405208,53.65400429269263,16.448243470450368
4.18,31.221549517522373,131.01138973802642,121.31012087389308,0.7745735284329957,0.7262504239845889,-4.593167570105304,7.877773423359408,13.36453489534467,0.0,53.505996575070895,41.85487635626306,25.786815250318504,12.932734751039307,134.58137750071995,1733.2043752612683,1.274,1.0300000015656,0,7.926177082564026,345.0001478400497,0.1574504300176496,1.2251348921973068e-05,0.107687744108562,-0.1310304640983469,-0.017071548523773,1.0617776118418432,10.302487765291826,53.62007267012983,16.179224190477743
4.19,31.221547116839155,131.01139312029073,121.5346384494898,0.9259509756598312,0.8212469612464984,-4.643422965815358,7.653633108635014,13.109278866339164,0.0,53.45693730383753,41.84445371173991,25.86374181141658,12.904003944561069,134.51541004145884,1729.9901161358375,1.274,1.0300000015656,0,7.928637936575243,345.0001478400497,0.1573064642550786,1.2054990040101608e-05,0.103812960931985,-0.1273623403442089,-0.0164418410383092,1.237648198309812,10.417845430009894,53.5859340577188,15.87427695980205
4.2,31.22154471696476,131.01139650192525,121.7581752200386,1.0746194896327423,0.9137539368708396,-4.693166669297395,7.40990766690428,12.821838350105311,0.0,53.40801608620552,41.83379232095321,25.938005934988432,12.875912095284551,134.45108490634428,1726.7879991331013,1.274,1.0300000015656,0,7.931069163397834,345.0001478400497,0.1571629022671566,1.1863554858475368e-05,0.0992182177451872,-0.123245826883056,-0.0156994094317602,1.4105514511937682,10.532333218996769,53.55154213473864,15.53486670989108
4.21,31.22154231792968,131.01139988292744,121.98073736812736,1.2201849802625035,1.003536946246622,-4.741926355287672,7.147449048709142,12.503300052554076,0.0,53.35924702847559,41.82290004971357,26.009150468879035,12.848546520582529,134.3885859571003,1723.5989083406828,1.274,1.0300000015656,0,7.933489769390129,345.0001478400497,0.1570197855831798,1.1677565315059088e-05,0.0939202483141511,-0.1186951453644281,-0.0148472174200572,1.5798055363986134,10.645517622147798,53.51687418371088,15.16259890873144
4.22,31.221539919763305,131.01140326329457,122.20233093220963,1.3622594636830467,1.0903592962626156,-4.789272337463359,6.867156889019479,12.154830158952732,0.0,53.310629347266975,41.81178529044641,26.07672967369997,12.821993019369913,134.3280917741206,1720.422763527503,1.274,1.0300000015656,0,7.935899821538334,345.0001478400497,0.156877111916684,1.1497526028768258e-05,0.0879375825350636,-0.1137255505767597,-0.0138884957861995,1.7448238319644778,10.756958940968415,53.48189224730151,14.759229974960968
4.23,31.221537522493847,131.01140664302417,122.4229617907002,1.5004669892149916,1.1739941853671652,-4.834820753218691,6.569972868621964,11.77766862136552,0.0,53.262162287468925,41.80045695900304,26.14031032231949,12.79633548253779,134.26977510233195,1717.2594866012423,1.274,1.0300000015656,0,7.938299385205641,345.0001478400497,0.1567348790640185,1.1323922952811732e-05,0.0812904987785962,-0.1083533338174577,-0.0128267383945488,1.9050848883037068,10.866223440263008,53.44655995923887,14.326671398649474
4.24,31.22153512614825,131.01141002211355,122.64263563812284,1.6344445720971224,1.2542252283497997,-4.878236013001538,6.256877243753885,11.373124276237604,0.0,53.21384512269097,41.78892445393095,26.199472770745743,12.771655482374149,134.21380227307867,1714.1090016287071,1.274,1.0300000015656,0,7.940688524009275,345.0001478400497,0.1565930849056563,1.11572220226744e-05,0.0740009460398062,-0.1025957658042711,-0.0116656887382907,2.0601124347107658,10.972885985169755,53.41084262684275,13.86699878289082
4.25,31.22153273075217,131.01141340056023,122.86135798312355,1.763843094561343,1.3308469696241971,-4.919232618552448,5.928885300733604,10.942569813320908,0.0,53.16567715790274,41.77719762205511,26.25381197626695,12.748031858715777,134.16033263772164,1710.971235000255,1.274,1.0300000015656,0,7.94306729970983,345.0001478400497,0.1564517274139126,1.0997867869243408e-05,0.0660924623940241,-0.0964710376920449,-0.0104093259840708,2.209465218336525,11.076532511353674,53.374707313720826,13.382464817218365
4.26,31.221530336329863,131.01141677836185,123.07913413157334,1.888328160989696,1.4036653569790984,-4.95757634240276,5.58704376115681,10.487436631000024,0.0,53.11765773179668,41.76528672350145,26.3029384610563,12.725540305628808,134.1095180163266,1707.8461155698471,1.274,1.0300000015656,0,7.945435771891587,345.0001478400497,0.1563108046599089,1.0846282601634769e-05,0.0575900900862502,-0.0899982002913831,-0.00906185056739,2.3527316520481456,11.17676229890324,53.338122915780005,12.875517398111576
4.27,31.221527942904213,131.01142015551582,123.29596916569774,2.0075809053004487,1.4724981755017323,-4.99308477199025,5.232427157513664,10.009209610078804,0.0,53.06978621932472,41.75320239627443,26.34647921967168,12.704252962586436,134.0615021649926,1704.7335748108069,1.274,1.0300000015656,0,7.947793998011693,345.0001478400497,0.1561703148209933,1.0702864664009107e-05,0.0485202876412749,-0.083197101717124,-0.0076276694023088,2.4895269667938678,11.273190051598611,53.30106023097929,12.348824499419422
4.28,31.2215255504966,131.01142353201985,123.51186794208918,2.1212920746607047,1.537159059852128,-5.02562705753279,4.866141411050793,9.509425248184783,0.0,53.022040764648295,41.74095562048588,26.38407856914684,12.684238014200844,134.01642026543342,1701.6321817592484,1.274,1.0300000015656,0,7.950115194879053,345.0001478400497,0.1560301935973037,1.0567987770279242e-05,0.0389108393777325,-0.0760883236907568,-0.0061113783160606,2.6194767164572674,11.365434246460635,53.26346818076495,11.805313553843595
4.29,31.221523159126896,131.0114269078716,123.72683507878676,2.229182129114069,1.5975052733970074,-5.0551235125745055,4.4893032592755375,8.98965837346479,0.0,52.97443971041068,41.72855771018101,26.415398940624208,12.665559302604436,133.97439844044533,1698.5430885432588,1.274,1.0300000015656,0,7.952423276368797,345.0001478400497,0.1558904949819096,1.0441999947199e-05,0.0287908023036621,-0.0686932004454724,-0.0045177613134031,2.74225968554046,11.45315802223507,53.22534274073079,11.248203196632394
4.3,31.22152076881344,131.01143028306876,123.94087494136312,2.330983914864624,1.6533942253853149,-5.081544292453294,4.103048457316383,8.45152239302009,0.0,52.92698501151873,41.71602021482617,26.44012164436577,12.648275935749847,133.935553252135,1695.466393157722,1.274,1.0300000015656,0,7.954721398071672,345.0001478400497,0.155751224742801,1.032522251975659e-05,0.0181903368587867,-0.061033594423858,-0.002851754205288,2.857567147967493,11.53603454667121,53.186663524988205,10.681073438515954
4.31,31.221518379572924,131.01143365760913,124.15399162900792,2.426447759713655,1.7046946211006764,-5.104907510078301,3.708526502879735,7.896663232925235,0.0,52.87967620875062,41.70335492267765,26.45794751321436,12.632441955767655,133.89999132162677,1692.4020387439916,1.274,1.0300000015656,0,7.957009606661197,345.0001478400497,0.1556123815433017,1.02179493769528e-05,0.0071406412796049,-0.0531318948729423,-0.0011184363850083,2.965112965241856,11.613757342471896,53.14740950940553,10.107944386632154
4.32,31.221515991420496,131.01143703149052,124.36618898645928,2.5153427808506787,1.7512885643995046,-5.125276882850656,3.306896749837692,7.326753951242247,0.0,52.83251288942808,41.690573820463,26.46859751105664,12.618106015889271,133.86780894894196,1689.3499716620447,1.274,1.0300000015656,0,7.959287946031096,345.0001478400497,0.1554739641831663,1.0120446259029095e-05,-0.0043261411019508,-0.0450109605034531,0.0006769839302269,3.0646354131638818,11.686043018022046,53.10756182106493,9.533380969100852
4.33,31.221513604369648,131.01144040471087,124.57747057020812,2.597457368556125,1.7930717427778031,-5.1427589140310825,2.899324962784529,6.743489600121864,0.0,52.78549468873092,41.677689056192925,26.47181328461749,12.60531108328426,133.8390917671497,1686.3101415616245,1.274,1.0300000015656,0,7.9615564572103645,345.0001478400497,0.1553359716024302,1.0032950125205168e-05,-0.0161770199021637,-0.0366940522849306,0.0025291855622895,3.1558973464216566,11.752632298758307,53.06710376727486,8.96262832402546
4.34,31.22151121843217,131.01144377726808,124.7878396544638,2.6725996142677286,1.8299535771213025,-5.157499642079583,2.4869799455078248,6.14858217585255,0.0,52.73862129111784,41.664712903243824,26.46735765485155,12.594094173616796,133.81391443909615,1683.2825014578057,1.274,1.0300000015656,0,7.963815178229715,345.0001478400497,0.1551984028855951,9.95566861374166e-06,-0.0283782562414368,-0.0282047661700346,0.0044327502272447,3.2386863900139518,11.813290917030606,53.0260208591855,8.401781631333963
4.35,31.221508833618216,131.0114471491602,124.9972992241976,2.7405976802505285,1.8618573324013352,-5.169681006071294,2.071030252617609,5.5437556709388165,0.0,52.69189243169977,41.65165772471337,26.45501504808925,12.584486120454034,133.79234039938288,1680.2670078052151,1.274,1.0300000015656,0,7.966064144121592,345.0001478400497,0.1550612572656523,9.88877959530448e-06,-0.0408954615347606,-0.0195669659114466,0.0063821783395678,3.312815125137345,11.867810363773732,52.98430082929791,7.857989243493399
4.36,31.22150644993624,131.01145052038527,125.2058519691799,2.8013001103020208,1.8887201898848465,-5.17951687839851,1.6526409912086053,4.930741239174317,0.0,52.64530789735252,41.63853593813128,26.43459186721977,12.57651138231748,133.77442164394495,1677.2636205534309,1.274,1.0300000015656,0,7.96830338678664,345.0001478400497,0.1549245341273601,9.83243082026367e-06,-0.053693696248693,-0.0108047161473944,0.0083719047241946,3.378121250985508,11.916008509418171,52.941933642771545,7.33967482298312
4.37,31.22150406739298,131.01145389094145,125.41350028099929,2.854569764826465,1.9104771206866733,-5.1872488105651176,1.2329778402190898,4.311275913255022,0.0,52.598846515919504,41.62535998060116,26.405916803308568,12.570187889779048,133.7601985692107,1674.2709655450988,1.274,1.0300000015656,0,7.970506568336295,345.0001478400497,0.154788171176545,9.786739660221409e-06,-0.0667375683758764,-0.0019422159243668,0.0103963100453628,3.434453479976093,11.957716683063154,52.89888795388434,6.856740083844033
4.38,31.221501685993527,131.01145726082683,125.62024624113556,2.900302608985998,1.927108276133895,-5.193141372623963,0.8131869804844741,3.687089794751465,0.0,52.5525276242528,41.6121423004439,26.36884108814268,12.565526934573803,133.7496998624128,1671.290250170132,1.274,1.0300000015656,0,7.972698137452147,345.0001478400497,0.1546522253282974,9.7517929685004e-06,-0.0799912916131578,0.0069961845382103,0.0124497404698659,3.4817134799748914,11.992819438846348,52.85518001318288,6.420640274602569
4.39,31.221499305741222,131.01146063003983,125.82609162791928,2.938410108102857,1.9385939309957645,-5.197477902594764,0.3944046191942418,3.0599075828138207,0.0,52.50635281468396,41.598895264244106,26.323238720826552,12.562533081809828,133.74294239815237,1668.3215498944671,1.274,1.0300000015656,0,7.97488018298424,345.0001478400497,0.1545167012787324,9.727646899197587e-06,-0.0934188596018426,0.0159862089086821,0.0145265267071136,3.519816009561472,12.021217382699351,52.81080833956481,6.044201019734878
4.4,31.221496926637755,131.01146399857865,126.03103791056785,2.968824276512364,1.9449269619587624,-5.2005555748176056,-0.0222480533585294,2.43144317060068,0.0,52.46032208982736,41.585631163001565,26.26900657352197,12.561204166417648,133.73993127708553,1665.364839021402,1.274,1.0300000015656,0,7.977052723627526,345.0001478400497,0.1543815990451859,9.714327010436622e-06,-0.1069841082747928,0.0250036483159432,0.0166209953447931,3.54870007373759,12.04283779012971,52.76577183366175,5.74092232611672
4.41,31.22149454868313,131.01146736644168,126.23508624421672,2.9914981766968807,1.9461139793945383,-5.202680579812848,-0.4356678112846484,1.8033953324731853,0.0,52.4144355078984,41.57236217426572,26.20606446784199,12.561531317127573,133.74065987836036,1662.420095515368,1.274,1.0300000015656,0,7.979215774901222,345.0001478400497,0.1542469188080431,9.711828386778368e-06,-0.1206508080283685,0.0340244182110049,0.0187274833778325,3.568329941845616,12.057635690275076,52.720071600514615,5.5235791279330275
4.42,31.22149217187569,131.01147073362733,126.43823747986087,3.0064058751605494,1.942175184602417,-5.204163319449084,-0.8447719844183316,1.177443663890798,0.0,52.36869318273256,41.55910032983151,26.134355197308583,12.56349902396144,133.74510996137775,1659.4873009880223,1.274,1.0300000015656,0,7.981369349052926,345.0001478400497,0.1541126609107867,9.720115846196007e-06,-0.1343827576952658,0.0430246204276478,0.0208403526777138,3.57869501425749,12.065593827941829,52.67371092705193,5.40215967394467
4.43,31.221489796212182,131.0114741001341,126.64049215242645,3.0135423427069474,1.933144198127417,-5.205313656126558,-1.2485009477611269,0.5552446494632208,0.0,52.3230952838332,41.545857484957686,26.05384449413496,12.567085250315404,133.7532518196439,1656.5664406832057,1.274,1.0300000015656,0,7.9835134549867055,345.0001478400497,0.1539788258601642,9.739124237105778e-06,-0.1481438771008888,0.0519806039478942,0.0229540041641457,3.579809636640573,12.066722535514293,52.62669525525134,5.381667166963747
4.44,31.221487421687687,131.01147746596052,126.84185049170527,3.0129232987267724,1.9190678572531432,-5.206436268458228,-1.6458205097873848,-0.0615721436567194,0.0,52.27764203642521,41.532645288491935,25.964520941130264,12.572261588628328,133.76504448545614,1653.6575034655248,1.274,1.0300000015656,0,7.985648098394942,345.0001478400497,0.1538454143263376,9.768758823927715e-06,-0.1618982980700303,0.0608690242702682,0.0250628916605667,3.5717128596549284,12.06105951457844,52.5790321506579,5.460722928040621
4.45,31.221485048295754,131.0114808311052,127.04231241639256,3.00458500057627,1.900005983400732,-5.207826163360496,-2.0357242009614835,-0.6714077503686133,0.0,52.23233372119061,41.51947515396366,25.866395829543475,12.578993458146968,133.78043598371028,1650.7604817874917,1.274,1.0300000015656,0,7.987773281686405,345.0001478400497,0.1537124271421135,9.808895759447684e-06,-0.1756104537529682,0.0696669012710756,0.0271615354151627,3.554468145048524,12.048669529439756,52.530731266041,5.631732836118686
4.46,31.221482676028348,131.01148419556682,127.24187754601408,2.988581212673102,1.876023716509417,-5.209764383591129,-2.417232254673315,-1.2726958539039404,0.0,52.18716103781559,41.50635823170176,25.75950296368533,12.587240342837836,133.79936363268595,1647.8747631067845,1.274,1.0300000015656,0,7.989876975751872,345.0001478400497,0.1535798369441665,9.859382642060156e-06,-0.1892451661462725,0.0783516754529084,0.0292445298705643,3.528156743803151,12.029637911202114,52.48179350208081,5.8825514398186085
4.47,31.221480304875936,131.01148755934403,127.44054519993276,2.964987846756986,1.847204349021475,-5.21251385803547,-2.789397709516151,-1.8639081574173784,0.0,52.14212211474022,41.49330539322534,25.643898413192662,12.59695606706537,133.8217543892586,1645.0002058142627,1.274,1.0300000015656,0,7.991956371954114,345.0001478400497,0.1534476382302681,9.92003916722677e-06,-0.2027677140944784,0.0869012252578485,0.031306562033706,3.492888522232974,12.004080937298564,52.4322300326911,6.198805846399193
4.48,31.22147793482755,131.01149092243563,127.63831439138556,2.9339044712145546,1.813654243438288,-5.21631576134699,-3.1513119770449767,-2.44355939177666,0.0,52.09722937214254,41.4803271929709,25.51966022832056,12.608089097361596,133.84752521499982,1642.137569807663,1.274,1.0300000015656,0,7.99402641679425,345.0001478400497,0.1533158675564512,9.99065781138531e-06,-0.2161439308697628,0.095293948925491,0.0333424319646906,3.4488058062256592,11.97214953624699,52.38206994101062,6.565950030260972
4.49,31.221475565870712,131.01149428484044,127.8351838573027,2.8954463529692167,1.7754822910245251,-5.221386228715267,-3.5021005100541065,-3.010207584085547,0.0,52.05248330689002,41.46743383038928,25.386888093231903,12.620582883264678,133.87658349679376,1639.2868613506175,1.274,1.0300000015656,0,7.996087100014706,345.0001478400497,0.1531845263896165,1.0071004607687088e-05,-0.2293403113993174,0.103508870204059,0.0353470537816244,3.396065789564773,11.934011981321351,52.33133078045905,6.970576147724435
4.5,31.22147319799164,131.01149764655727,128.03115203842808,2.8497474822223228,1.7328088095364331,-5.227913156579144,-3.8409264867663393,-3.562458066306297,0.0,52.0078844694492,41.45463514621246,25.245702908409484,12.634376239690408,133.90882753262258,1636.4480900986791,1.274,1.0300000015656,0,7.998138408376454,345.0001478400497,0.1530536163539077,1.0160820069384716e-05,-0.2423240692568221,0.1115256405453546,0.037315470072469,3.3348479037585204,11.889860823945789,52.28003194960785,7.401006669613758
4.51,31.22147083117522,131.01150100758508,128.22621710218135,2.7969600547612115,1.6857651285685056,-5.236053527666714,-4.166992516564076,-4.098966475793935,0.0,51.96343346164886,41.44194059580654,25.096246342712234,12.649403742797446,133.94414702245305,1633.6212689449872,1.274,1.0300000015656,0,8.000180325706369,345.0001478400497,0.1529231392241273,1.025982013595642e-05,-0.2550632134455527,0.1193245859608785,0.0392428630791769,3.265353238358701,11.839912055322632,52.228194625978425,7.847395067624326
4.52,31.22146846540504,131.01150436792284,128.4203769426572,2.7372539219330334,1.6344931736342485,-5.245931141163577,-4.479542252611393,-4.618441644060236,0.0,51.91913093543112,41.42935922855848,24.938680337918143,12.665596146797249,133.982423586286,1630.8064139251708,1.274,1.0300000015656,0,8.002212832861693,345.0001478400497,0.152793096922099,1.0367697188552135e-05,-0.2675266226265643,0.126886751618814,0.041124565430815,3.187803954356433,11.784404205770826,52.17584170065749,8.30157187226313
4.53,31.22146610066348,131.01150772756947,128.61362919354778,2.670815999925938,1.5791450279386143,-5.25763477179819,-4.777861905444527,-5.119648368476352,0.0,51.87497759167412,41.41689966863105,24.77318656694049,12.682880817688057,134.02353130528704,1628.0035441310622,1.274,1.0300000015656,0,8.004235907943034,345.0001478400497,0.152663491513201,1.0484121131227007e-05,-0.2796841167190011,0.1341939442052904,0.0429560704171623,3.102442678468553,11.723597356633112,52.122997709481695,8.75679662878852
4.54,31.22146373693176,131.01151108652417,128.80597123311173,2.597849640460179,1.5198824725582067,-5.271216772186097,-5.061281654905063,-5.601410062103451,0.0,51.83097417869117,41.40457009713324,24.599965846944688,12.701182179838264,134.06733728191435,1625.2126816016423,1.274,1.0300000015656,0,8.00624952625885,345.0001478400497,0.1525343252019797,1.0608740534458837e-05,-0.2915065257480833,0.1412287719749033,0.0447330417862866,3.009531889081776,11.657772062699353,52.06968876048149,9.20750199204368
4.55,31.221461374190024,131.0115144447859,128.9974001861622,2.5185739652403134,1.456876506313186,-5.286692127929753,-5.3291769573352985,-6.062611275562244,0.0,51.78712149077087,41.39237823574162,24.419237508682567,12.720422171320402,134.11370221495272,1622.4338512193317,1.274,1.0300000015656,0,8.008253660491095,345.0001478400497,0.1524056003278601,1.0741183837097742e-05,-0.3029657558122917,0.1479746824173481,0.0464513230499568,2.90935330880667,11.58722818325774,52.01594245812375,9.649067114321591
4.56,31.22145901241739,131.01151780235386,129.18791295488043,2.433221022852011,1.3903007798323967,-5.304037891595359,-5.580967213648141,-6.502198965092063,0.0,51.74341245913055,41.38033133180896,24.23123872346168,12.740520703927324,134.16248098540737,1619.6665855597585,1.274,1.0300000015656,0,8.010238468228376,345.0001478400497,0.1522772960893991,1.0881060602728805e-05,-0.3140348520387941,0.1544159974718062,0.0481069389281357,2.802202454801152,11.512278706889743,51.96177896421506,10.077628906490808
4.57,31.22145665159197,131.0115211592272,129.3775062009218,2.3420381630483726,1.3203397258639322,-5.3231931179175564,-5.816119175183776,-6.91918580326842,0.0,51.69984336497584,41.36843615346304,24.03622378927572,12.761396123883127,134.21352324930663,1616.910628385161,1.274,1.0300000015656,0,8.012198226443369,345.0001478400497,0.152149401543381,1.1027962836427473e-05,-0.3246880454687884,0.1605379168860112,0.0496961111746518,2.6883951840144102,11.433255448234956,51.90722348851331,10.489936101365751
4.58,31.22145429169105,131.01152451540517,129.56617637921315,2.245290958163043,1.2471986520287364,-5.344059514000903,-6.034152878387493,-7.312654423018406,0.0,51.65642771811199,41.35669897111616,23.83446338867993,12.782965662850533,134.26667401747,1614.1668010917751,1.274,1.0300000015656,0,8.014148525782494,345.0001478400497,0.1520219564489168,1.1181466311406552e-05,-0.3349008157987008,0.1663265613518052,0.0512152816270738,2.5682756095743637,11.350516130589684,51.85232175319456,10.883238845096908
4.59,31.221451932691004,131.011527870887,129.753919738945,2.1432543175360665,1.171080275103063,-5.366502243134369,-6.234635821402303,-7.681756381976711,0.0,51.6131664784174,41.34512553018656,23.62624380414651,12.805145885281089,134.32177424199935,1611.4351386401584,1.274,1.0300000015656,0,8.0160893297567,345.0001478400497,0.1518949636312909,1.1341131927504417e-05,-0.3446499722831019,0.1717690636123565,0.0526610957896203,2.442197439902972,11.264424256389352,51.79710653007612,11.255194856736995
4.6,31.22144957456751,131.01153122567194,129.94073233351023,2.0362151389650585,1.0921938818784815,-5.390351153556859,-6.417185610185926,-8.025714775731632,0.0,51.57006064405141,41.33372106216063,23.411866074286,12.827853139564867,134.3786614338082,1608.7156782940897,1.274,1.0300000015656,0,8.01802059976281,345.0001478400497,0.1517684260281344,1.1506507191122376e-05,-0.3539136822907758,0.1768535460566612,0.0540304174940717,2.3105318238827954,11.17535535846952,51.7416116678522,11.603803444372284
4.61,31.221447217295555,131.01153457975934,130.12661003740195,1.924471464528684,1.010754727370225,-5.415402486664156,-6.581470540452906,-8.34382579971634,0.0,51.52711124790245,41.32249027296164,23.191645134247644,12.85100398486996,134.4371702469573,1606.0084593890324,1.274,1.0300000015656,0,8.019942295223686,345.0001478400497,0.1516423466789924,1.1677127674458937e-05,-0.3626715172108674,0.1815691428695123,0.055320334897297,2.173667708759573,11.083695213200905,51.68587199438991,11.927353752757977
4.62,31.22144486084952,131.01153793314856,130.31154855515777,1.808331626741705,0.9269834436092808,-5.44142096422144,-6.727210046684912,-8.63546011593142,0.0,51.48431935539545,41.311437337497786,22.965908924731288,12.874515601470364,134.4971330530063,1603.3135231863885,1.274,1.0300000015656,0,8.021854373693365,345.0001478400497,0.1515167287188918,1.1852518499849836e-05,-0.3709044944951062,0.1859060193016249,0.0565281658628457,2.032012852362856,10.989837974446598,51.62992322187939,12.224384996224934
4.63,31.221442505203232,131.01154128583892,130.49554343825776,1.6881133773450891,0.8411054378342266,-5.468142234848175,-6.854175009365661,-8.900064011473379,0.0,51.44168606223723,41.30056589582323,22.734997471936136,12.898306181870073,134.55838050271035,1600.6309127234792,1.274,1.0300000015656,0,8.023756790973833,345.0001478400497,0.1513915753717413,1.203219584374764e-05,-0.3785951157573519,0.1898553881276457,0.0576514627173362,1.8859958664408132,10.894184205715868,51.57380185008778,12.493655748733705
4.64,31.221440150330068,131.01154463782984,130.67859008710943,1.5641430011386108,0.7533502816966932,-5.495275649398506,-6.962187916360616,-9.137160338448968,0.0,51.39921249216176,41.2898790509185,22.49926194086116,12.92229530036236,134.62074207274603,1597.9606726669867,1.274,1.0300000015656,0,8.025649501313612,345.0001478400497,0.1512668899437007,1.2215668454437028e-05,-0.3857274008130891,0.193409523263732,0.0586880163681226,1.7360699809955091,10.79713881348022,51.5175450680344,12.734120075455344
4.65,31.22143779620303,131.01154798912077,130.8606837828573,1.4367544171593707,0.6639510929032816,-5.522507331665588,-7.051122874879717,-9.34634922564392,0.0,51.35689979447312,41.27937936808541,22.259063664492984,12.946404258984897,134.68404659546292,1595.3028491522452,1.274,1.0300000015656,0,8.02753245743111,345.0001478400497,0.1511426758159825,1.2402439177666552e-05,-0.39228691755089,0.1965617705241427,0.0596358597696324,1.58271978080618,10.69910888637979,51.46119065411376,12.944908839873955
4.66,31.2214354427948,131.01155133971116,131.04181967942668,1.3062882696125364,0.5731439111484594,-5.549503508038919,-7.120905471316978,-9.527308553458338,0.0,51.31474914166881,41.2690688759478,22.01477315153289,12.9705564081563,134.7481227699618,1592.6574896280035,1.274,1.0300000015656,0,8.029405610701517,345.0001478400497,0.1510189364378934,1.2592006484279714e-05,-0.398260807538605,0.1993065555033255,0.0604932707282571,1.4264732970753151,10.600501447708332,51.40477687524979,13.125314936791755
4.67,31.221433090077817,131.01155468960044,131.22199283732047,1.1730878737092088,0.4811575409784796,-5.575913738946033,-7.171508737792218,-9.679792767138196,0.0,51.272749266226405,41.25894906904116,21.766769075418942,12.994677440607065,134.81279965310927,1590.0238698565267,1.274,1.0300000015656,0,8.031253553414034,345.0001478400497,0.1508956386476167,1.2783865993751872e-05,-0.4036378072803014,0.2016393885792193,0.0612587591496845,1.2679177370828405,10.501713683156504,51.34832842767506,13.274778326402975
4.68,31.221430738024385,131.0115580387881,131.4011982196408,1.0375060902926547,0.3882364282972352,-5.60137517306345,-7.20296004712485,-9.803635715198247,0.0,51.23090710899491,41.24902092403425,21.51543724749414,13.0186956575403,134.8779071293946,1587.4023964239343,1.274,1.0300000015656,0,8.033083314218926,345.0001478400497,0.1507728028702323,1.2977512006758786e-05,-0.4084082487105983,0.203556823707406,0.0619311021934957,1.1077589705913744,10.403149023528131,51.29189067787321,13.392882830302035
4.69,31.22142838660669,131.01156138727367,131.5794307169373,0.8998999577517567,0.2946268528949273,-5.625516361612994,-7.215338120177607,-9.898749380592903,0.0,51.18923071404048,41.23928488346272,21.261169591978764,13.042542197642474,134.94327633513345,1584.7935428935473,1.274,1.0300000015656,0,8.034903246709348,345.0001478400497,0.1506504527776402,1.3172438945201474e-05,-0.4125640965873105,0.2050565219803724,0.0625093293130971,0.9468990328654442,10.30520424739708,51.23551038791319,13.47934634257359
4.7,31.22142603579691,131.01156473505668,131.75668515615308,0.7606278133688622,0.2005702714382665,-5.6479610088858605,-7.208770067586534,-9.96512252901431,0.0,51.14772132143829,41.22974086812715,21.004363088779737,13.066151250333949,135.00874009541627,1582.1973603344748,1.274,1.0300000015656,0,8.036713299006088,345.0001478400497,0.150528592017561,1.336814284064651e-05,-0.4160989569073827,0.2061372511388284,0.0629927126512591,0.7866261761264977,10.2082623540834,51.17922676165605,13.534012578075105
4.71,31.22142368556729,131.01156808213665,131.93295632050172,0.6200501034616415,0.1063079262771738,-5.668332038554194,-7.183431473077655,-10.00282031223533,0.0,51.10638018284661,41.22038829271855,20.74541870869081,13.089460240234043,135.07413333988305,1579.61390038952,1.274,1.0300000015656,0,8.038513418584182,345.0001478400497,0.1504072242717455,1.3564122809414596e-05,-0.4190080710388681,0.2067988552501103,0.0633807730987377,0.629097023364615,10.112694212730906,51.12307898327594,13.55684661071926
4.72,31.22142133589023,131.0115714285131,132.10823895543024,0.478528455768644,0.0120802118151343,-5.686255616180553,-7.1395453340602,-10.011983231645807,0.0,51.06520855789344,41.21122607370798,20.484740353025664,13.112409977710294,135.1392934824988,1577.0432150481738,1.274,1.0300000015656,0,8.040303552411288,345.0001478400497,0.1502863532453785,1.3759882467055825e-05,-0.4212883145379056,0.2070422455989992,0.0636732790380313,0.4786809073951621,10.018856110533251,51.067106113114,13.54793042277685
4.73,31.221418986738268,131.0115747741856,132.2825277884972,0.3364247616297179,-0.0818739407453959,-5.7013651313096085,-7.077380861712629,-9.992825854740198,0.0,51.02420771165553,41.202252640851626,20.222733792565887,13.134944780791937,135.20406077863944,1574.4853564913212,1.274,1.0300000015656,0,8.042083647178316,345.0001478400497,0.150165982659663,1.395493130409017e-05,-0.4229381914436418,0.2068693888086785,0.0638702444185516,0.3462439679954118,9.927087369642194,51.01134698749406,13.507459153571903
4.74,31.221416638084285,131.0115781191538,132.4558175393123,0.1941002655436244,-0.175317670262478,-5.713305100990371,-6.9972521441510125,-9.9456352900442,0.0,50.983378911970895,41.1934659500231,19.959805608951328,13.1570125690386,135.26827865978595,1571.940376923906,1.274,1.0300000015656,0,8.043853649322486,345.0001478400497,0.1500461162439435,1.4148786017854285e-05,-0.4239578241138385,0.2062832923031258,0.0639719261751399,0.2615551204036638,9.837708055764288,50.95584011969729,13.435737942829977
4.75,31.221414289901432,131.01158146341723,132.6281029384191,0.0519146642582945,-0.2680167820727593,-5.721734953977936,-6.899516679821179,-9.870769429315583,0.0,50.942723426900685,41.18486349731728,19.696362141606528,13.1785649301765,135.33179404631022,1569.408328418542,1.274,1.0300000015656,0,8.045613505223367,345.0001478400497,0.1499267577282587,1.4340971795802403e-05,-0.4243489386641826,0.2052879871787161,0.0639788210040466,0.2729983666254056,9.751016816343762,50.90062360275627,13.33317930673006
4.76,31.22141194216332,131.01158480697552,132.799378733258,-0.0897747826208278,-0.3597403323688785,-5.726332656738705,-6.784573789192108,-9.768654967854433,0.0,50.90224252215914,41.17644233436204,19.43280844326401,13.199557160503506,135.3944576389642,1566.8892627574485,1.274,1.0300000015656,0,8.047363161341234,345.0001478400497,0.1498079108358054,1.4531023545671411e-05,-0.4241148460950995,0.2038885085626874,0.0638916615126876,0.3707728582589012,9.667288887766423,50.845735014160674,13.20030102223475
4.77,31.22140959484397,131.01158814982827,132.96963971400956,-0.2306141284914419,-0.4502611987915963,-5.7267981446771925,-6.652862913821794,-9.639785215681314,0.0,50.86193745859367,41.168199084770976,19.16954724709518,13.219948280230572,135.45612418979135,1564.383231280152,1.274,1.0300000015656,0,8.049102564390067,345.0001478400497,0.1496895792755294,1.4718487068510013e-05,-0.4232604192095206,0.2020908735437939,0.0637114117627754,0.5058823268233965,9.586774311975486,50.7912113228512,13.037724530931445
4.78,31.22140724791798,131.01159149197522,133.13888070762692,-0.3702539085607296,-0.5393576529270127,-5.7228564703252,-6.504861440612742,-9.48471760540504,0.0,50.821808152218615,41.160129961666165,18.906977948392125,13.23970102507228,135.5166527532584,1561.8902025226391,1.274,1.0300000015656,0,8.050830025081945,345.0001478400497,0.1495717627985579,1.4902920171006908e-05,-0.4217920654442361,0.199902056768527,0.0634392605591924,0.6542098938256675,9.509695654723972,50.73708730148668,12.84617361690997
4.79,31.22140490136051,131.01159483341593,133.3070966126262,-0.508352842794148,-0.6268234507190145,-5.714260187958846,-6.341079156149903,-9.304070111080408,0.0,50.7818405940696,41.15223078734993,18.64549560366168,13.258781815521164,135.57590691846545,1559.4092899282075,1.274,1.0300000015656,0,8.05252684447974,345.0001478400497,0.1494544201739464,1.5083893716123952e-05,-0.4197176945066572,0.1973299594918835,0.0630766000791509,0.8070439524041535,9.43623981517634,50.683381360743546,12.626471201097717
4.8,31.22140255514735,131.01159817415007,133.47428240107067,-0.6445681136484512,-0.7124334277680737,-5.700793636694182,-6.162067050181112,-9.09852165100148,0.0,50.74205269912874,41.144497024184815,18.38548995115951,13.27716070459398,135.63375502096451,1556.9415688712247,1.274,1.0300000015656,0,8.054213386273844,345.0001478400497,0.1493376041250873,1.5260992627458466e-05,-0.41704667114807,0.1943833364140782,0.0626250750517397,0.9607330688650768,9.3665826973545,50.63014680170489,12.379548241064507
4.81,31.221400209255,131.0116015141774,133.64043312055892,-0.7785674468702876,-0.7959811173693274,-5.682273924465454,-5.968406223013353,-8.868806523909443,0.0,50.70244568147993,41.136923763338814,18.127344466979142,13.294811298856768,135.69007031313853,1554.4870872419983,1.274,1.0300000015656,0,8.055889600032177,345.0001478400497,0.1492213182238391,1.5433816713105124e-05,-0.413789806450928,0.1910718681144484,0.0620865197818616,1.113424541909281,9.300861269147896,50.57741728180854,12.106437913527795
4.82,31.221397863660712,131.0116048534976,133.80554392801875,-0.9100259836575768,-0.8772664414840313,-5.6585532811743695,-5.7607080788796114,-8.615712119968737,0.0,50.6630207411804,41.129505769598,17.871435416310486,13.311710680022768,135.7447311749522,1552.0458919428224,1.274,1.0300000015656,0,8.057555436176465,345.0001478400497,0.1491055660009556,1.5601981573790424e-05,-0.4099592996194124,0.1874060738706405,0.0614629694957065,1.2639932686981423,9.239182844833948,50.52522543488636,11.808280066975641
4.83,31.221395518342515,131.01160819211043,133.96961009268637,-1.0386270439343623,-0.956096194474854,-5.6295207307673,-5.539612170509304,-8.340075823414194,0.0,50.623779058837584,41.122237498169845,17.618130948666362,13.327839301021775,135.7976212794375,1549.6180285583407,1.274,1.0300000015656,0,8.059210846084714,345.0001478400497,0.1489903509301666,1.5765119373343383e-05,-0.4055686928281225,0.1833972773194428,0.0607566527878707,1.4116536180460344,9.181625246847991,50.47360278963159,11.486325408854285
4.84,31.221393173279296,131.01161153001576,134.13262700008207,-1.1640628553712131,-1.0322844768979351,-5.595103394297129,-5.305784015504163,-8.042781833910022,0.0,50.58472179348726,41.11511311695096,17.3677902230881,13.34318086808378,135.84862974375625,1547.2035412348705,1.274,1.0300000015656,0,8.060855782353041,345.0001478400497,0.1488756764219149,1.5922879536986046e-05,-0.400632823013699,0.179057570354349,0.0599699836603198,1.555797849342503,9.12823738795718,50.42257969935615,11.141941735618966
4.85,31.221390828450858,131.01161486721327,134.2945901679127,-1.286035254694766,-1.1056531054948184,-5.555267423350972,-5.059912890510748,-7.724757923523421,0.0,50.54585008024016,41.10812652927798,17.120762565467405,13.357722210580976,135.89765126658088,1544.802472540714,1.274,1.0300000015656,0,8.062490198693217,345.0001478400497,0.1487615458164713,1.6074929376909e-05,-0.3951677708604171,0.1743997755053425,0.059105553188109,1.6959216254475813,9.079040244085784,50.37218527539612,10.776622828211964
4.86,31.221388483837863,131.01161820370288,134.4554952649547,-1.4042563596191533,-1.1760319980856513,-5.510018559203499,-4.80270961460465,-7.386972148814897,0.0,50.50716502830157,41.10127139707953,16.877386659929698,13.371453140390717,135.9445862525427,1542.414863352246,1.274,1.0300000015656,0,8.064114050194501,345.0001478400497,0.1486479623781211,1.6220954645602153e-05,-0.3891908072014729,0.1694374069304966,0.0581661208479506,1.8315868089335527,9.034028204563004,50.32244732496827,10.392000851248518
4.87,31.221386139421995,131.01162153948448,134.6153381100598,-1.5184492100524043,-1.2432595330223375,-5.459402316945222,-4.534904332590105,-7.030429536883937,0.0,50.46866771893816,41.09454116433742,16.63798977606317,13.384366302525804,135.98934092443395,1540.0407527384823,1.274,1.0300000015656,0,8.065727293426098,345.0001478400497,0.148534929289182,1.6360660017644758e-05,-0.3827203370620332,0.1641846301522132,0.057154605544481,1.9624016835142284,8.993170776199179,50.27339229309686,9.989863384306187
4.88,31.22138379518592,131.011624874558,134.77411468706345,-1.6283483771968197,-1.3071828826053935,-5.4035037976582645,-4.257244308363863,-6.65616876337748,0.0,50.43035920346261,41.08792908077044,16.402887033614164,13.396457018750692,136.0318274237795,1537.6801778452073,1.274,1.0300000015656,0,8.067329886459937,345.0001478400497,0.1484224496440971,1.6493769501172657e-05,-0.3757758415715897,0.1586562206699315,0.0560740763695626,2.088009923301948,8.956414608726087,50.22504520876375,9.57217660717592
4.89,31.22138145111332,131.01162820892347,134.9318211567102,-1.7337005392256024,-1.3676583199000385,-5.342447135390314,-3.9704917377861455,-6.2652588393971165,0.0,50.392240501417234,41.08142822565078,16.172380706103652,13.40772312586282,136.0719639003217,1535.3331737924111,1.274,1.0300000015656,0,8.068921789030039,345.0001478400497,0.148310526444105,1.6620026780637732e-05,-0.3683778179731246,0.1528675215809831,0.0549277431300191,2.208084217965855,8.923685801079728,50.177429635537806,9.141116691023692
4.9,31.22137910718896,131.01163154258097,135.08845385466634,-1.8342650223770327,-1.4245514987505976,-5.276394589151261,-3.67542158960108,-5.858795822954832,0.0,50.35431259881204,41.07503153166749,15.94675956465555,13.418164810269747,136.10967459088732,1532.9997735771276,1.274,1.0300000015656,0,8.070502962646362,345.0001478400497,0.1481991625920523,1.673919549283736e-05,-0.3605477179547531,0.1468344003407534,0.0537189466782049,2.3223224970981624,8.894892441104586,50.13056762655503,8.69911215106481
4.91,31.22137676339868,131.01163487553055,135.24400931736037,-1.9298157562962288,-1.4777430846299917,-5.205544925843546,-3.3728176551212257,-5.437899240487158,0.0,50.31656931214093,41.068731808751,15.726298263164088,13.427784440433957,136.1448898880303,1530.6795739143731,1.274,1.0300000015656,0,8.072064720650586,345.0001478400497,0.1480883398902684,1.6851059438598163e-05,-0.352307884525746,0.1405732047911444,0.0524511416420589,2.4304500819481163,8.86992373596048,50.08447170511942,8.248899627184448
4.92,31.221374419729408,131.01163820777248,135.39848427403075,-2.020139222564297,-1.5271198022887416,-5.130132326964284,-3.0634726946365207,-5.003709340887283,0.0,50.27900940736352,41.06252177309376,15.511256765767175,13.436586398691308,136.17754639877128,1528.3724736795468,1.274,1.0300000015656,0,8.073604438454955,345.0001478400497,0.1479780547082336,1.695542274704184e-05,-0.3436814838932327,0.1341006974068828,0.0511278991381722,2.532210669704188,8.848659071329234,50.03915839034586,7.793601850943514
4.93,31.221372076169217,131.01164153930696,135.55187566064117,-2.1050336430063847,-1.5725697408965784,-5.050424961212797,-2.748188688993269,-4.557384311189946,0.0,50.24164314247773,41.05639406494766,15.301879822354024,13.444576910763942,136.20758698196943,1526.07907021272,1.274,1.0300000015656,0,8.075133461216131,345.0001478400497,0.1478683372384279,1.7052109943967716e-05,-0.3346924433401056,0.1274340255488574,0.0497529030904008,2.62736167843676,8.830974053483056,49.99465547771274,7.336830727162245
4.94,31.22136973270729,131.01164487013432,135.70418062385357,-2.18431361774972,-1.6139983227963075,-4.966721951904336,-2.427770973763231,-4.100096503528379,0.0,50.20447135191232,41.050341264685656,15.098396483996492,13.451763879852251,136.23496078468415,1523.799387024928,1.274,1.0300000015656,0,8.076651758599954,345.0001478400497,0.1477591899389089,1.714096596020929e-05,-0.3253653906732139,0.1205907100700074,0.0483299192306737,2.715686717532491,8.816732900935765,49.95097861681816,6.882818476962859
4.95,31.22136738933401,131.01164820025505,135.85539653593895,-2.257808544588993,-1.6513213319556403,-4.879351255861648,-2.1030275210822897,-3.633029682153432,0.0,50.16749483107272,41.04435592557349,14.901019654979828,13.45815672906847,136.25962328804067,1521.5334452187503,1.274,1.0300000015656,0,8.078159302362737,345.0001478400497,0.1476506151532455,1.7221856150077286e-05,-0.3157255821468583,0.1135885715135382,0.0468627941601635,2.7969894303677094,8.805796119884741,49.90814179154767,6.4365905651917945
4.96,31.221365046040862,131.01165152966965,136.00552098781705,-2.3253629357399657,-1.684465045988026,-4.788667008232282,-1.7747670717420851,-3.15737612171108,0.0,50.13071433316889,41.03843059383684,14.709945696159124,13.463766244210552,136.28153632823503,1519.2812633073067,1.274,1.0300000015656,0,8.07965606647487,345.0001478400497,0.1475426151011773,1.7294666224432326e-05,-0.3057988351721158,0.1064456843791522,0.045355445161892,2.871093365839144,8.798023278458807,49.8661572970167,6.004178032722181
4.97,31.221362702820528,131.0116548583788,136.15455180197748,-2.3868366918498327,-1.713366327940833,-4.69504665841623,-1.4437973308091283,-2.674333795756122,0.0,50.09413056807999,41.03255783060296,14.5253540732226,13.468604422217863,136.30066810831983,1517.0428571563727,1.274,1.0300000015656,0,8.081142027109598,345.0001478400497,0.1474351918752788,1.735930213784609e-05,-0.2956114607426966,0.0991803313112234,0.0438118500255467,2.937841913152847,8.793275651575884,49.825035724823074,5.592859296306346
4.98,31.221360359666857,131.0116581863831,136.3024870344674,-2.4421053355974047,-1.7379726920580283,-4.598887928397883,-1.1109232247031176,-2.1851036565755253,0.0,50.0577442013876,41.026730233280176,14.347407049998498,13.472684326277973,136.31699320072136,1514.8182399364982,1.274,1.0300000015656,0,8.082617162699217,345.0001478400497,0.1473283474381253,1.741568993324535e-05,-0.2851901957524126,0.0918109573732814,0.0422360369077997,2.997098274937135,8.791418682124137,49.78478595249327,5.211391232591186
4.99,31.221358016574847,131.01166151368355,136.44932498085385,-2.491060204668229,-1.7582423439190047,-4.500605623260523,-0.7769452196839522,-1.6908870071658393,0.0,50.0215558535425,41.02094045631698,14.176249426813191,13.476019948459056,136.33049254043803,1512.607422084332,1.274,1.0300000015656,0,8.084081454013731,345.0001478400497,0.1472220836198394,1.74637755473598e-05,-0.2745621353583803,0.0843561245101693,0.040632074250073,3.0487454547776744,8.792324222738428,49.74541513700924,4.870132823806373
5.0,31.22135567354069,131.01166484028104,136.59506417324116,-2.533608604022368,-1.7741441954492592,-4.40062832435108,-0.4426577009342573,-1.192882964793182,0.0,49.98556609909287,41.01518123128548,14.012008323800492,13.478626080636012,136.3411534088451,1510.41041126719,1.274,1.0300000015656,0,8.085534884172118,345.0001478400497,0.1471164021158236,1.7503524580298035e-05,-0.2637546655339213,0.0768344662950596,0.0390040607739305,3.092686242901714,8.795872528595009,49.70692871225237,4.580878218963169
5.01,31.221353330561705,131.01166816617666,136.73970339617483,-2.569673917459514,-1.7856578552111435,-4.299394995970204,-0.1088474108045756,-0.692286014301421,0.0,49.949775466057936,41.009445386236905,13.854793008962003,13.480518194370235,136.3489694080133,1508.227212356982,1.274,1.0300000015656,0,8.08697743868726,345.0001478400497,0.1470113044849165,1.753492203243548e-05,-0.2527953959452388,0.0692646430541803,0.0373561155728897,3.128843188718761,8.80195397793546,49.66933039037344,4.356134182484492
5.02,31.22135098763638,131.01167149137163,136.88324167073603,-2.5991956786285577,-1.7927735945133274,-4.197351536576528,0.2237080557804352,-0.1902836482332224,0.0,49.9141844353917,41.00372586428147,13.704694770685512,13.481712330292964,136.35394042544084,1506.0578274098657,1.274,1.0300000015656,0,8.088409105477187,345.0001478400497,0.1469067921478095,1.755797201166064e-05,-0.2417120932765925,0.0616652974583332,0.0356923683177777,3.157158552476196,8.810470503033544,49.63262216693971,4.207613704061644
5.03,31.221348644764326,131.01167481586737,137.02567826945122,-2.6221296017329747,-1.7954922898454388,-4.094947305349582,0.5542417011799595,0.311945910085467,0.0,49.87879344054736,40.99801574135105,13.561786834343495,13.48222499743138,136.35607258909303,1503.9022556501443,1.274,1.0300000015656,0,8.089829874853862,345.0001478400497,0.1468028663857805,1.7572697413852963e-05,-0.2305326151199157,0.0540550106662667,0.0340169495913642,3.1775942306762754,8.821336720128176,49.59680432978415,4.144042416256826
5.04,31.22134630194628,131.01167813966526,137.1670127123161,-2.6384475722749903,-1.7938253420739028,-3.992631654565801,0.881998522877656,0.813235905072427,0.0,49.84360286726309,40.99230824310506,13.426124322514411,13.482073082805105,136.35537821265007,1501.760493470406,1.274,1.0300000015656,0,8.091239739635537,345.0001478400497,0.1466995283400461,1.757913957926503e-05,-0.2192848445368086,0.0464522591013391,0.0323339813669594,3.190131651552041,8.834480752282118,49.56187547160511,4.168978479279808
5.05,31.221343959184075,131.01168146276703,137.3072447667944,-2.6481385051149955,-1.787798519945771,-3.890850215818817,1.2062381490878855,1.3124332935101306,0.0,49.80860775713432,40.98659676094661,13.297744258296715,13.481273771510889,136.35187573087364,1499.6322155133953,1.274,1.0300000015656,0,8.092632335633985,345.0001478400497,0.1465967634233183,1.7577357927261222e-05,-0.2079966253936736,0.0388753719397787,0.0306475643852292,3.19477459680566,8.84984223706871,49.52782659010356,4.279743803566535
5.06,31.221341616480643,131.0116847851745,137.4463744478186,-2.651207106496891,-1.7774470085811502,-3.790041789786608,1.52623520131912,1.8084006947733928,0.0,49.7738042403285,40.98087487045618,13.176665611118306,13.4798444774027,136.34558962501688,1497.5171628953,1.274,1.0300000015656,0,8.094002677691796,345.0001478400497,0.1464945602524688,1.756742958281268e-05,-0.196695697202783,0.0313424744582449,0.0289617733874078,3.191545345392622,8.867375601462522,49.49464829797535,4.468123065777327
5.07,31.221339273839945,131.01168810688955,137.58440202077077,-2.647671666816009,-1.7628059064115826,-3.6906357585974656,1.841277365039789,2.30001811329558,0.0,49.739202119567366,40.97513634355824,13.062889387133264,13.47780278247138,136.33655032987548,1495.4158996394303,1.274,1.0300000015656,0,8.095362247408225,345.0001478400497,0.1463929476858722,1.7549448963471137e-05,-0.1854096327978022,0.0238714505647553,0.0272806548878584,3.1804775644144314,8.887055916016886,49.46234489868936,4.722412302958512
5.08,31.221336931267004,131.01169142791437,137.72132798756635,-2.6375678843950645,-1.7439274505941649,-3.5930479221420426,2.150670625988369,2.786185256538576,0.0,49.704801587003104,40.96937515344073,12.9563987599916,13.475166387217632,136.32479413269303,1493.3284107354075,1.274,1.0300000015656,0,8.096711047335287,345.0001478400497,0.1462919262964763,1.752352732603604e-05,-0.1741657799119568,0.0164799415324719,0.0256082045614648,3.1616290972062977,8.90886746715155,49.4309083985912,5.029732179356212
5.09,31.22133458876783,131.01169474825113,137.85715310454728,-2.620947002501228,-1.7208736573671712,-3.497677831781764,2.453739273749556,3.265823303706644,0.0,49.6706027893928,40.96358549571932,12.857159234904204,13.471953076188862,136.31036308367987,1491.254678537984,1.274,1.0300000015656,0,8.098049082454953,345.0001478400497,0.1461914965239726,1.748979236994518e-05,-0.1629911979196609,0.009185279911468,0.0239483644474082,3.1350762851995984,8.932807676930954,49.40032922712816,5.377749388871887
5.1,31.221332246349423,131.01169806790233,137.99187836259995,-2.597875575373984,-1.693716127366038,-3.404905946721824,2.749827051441371,3.737876746303732,0.0,49.63660582626267,40.95776179761212,12.76511885728822,13.468180689981809,136.29330488133107,1489.194682666111,1.274,1.0300000015656,0,8.099376360079283,345.0001478400497,0.1460916586694021,1.7448387791813353e-05,-0.1519125983690248,0.0020044516948311,0.022305014540635,3.100913669634996,8.958886190345687,49.37059626505744,5.755576069293026
5.11,31.22132990401972,131.01170138687053,138.12550498516913,-2.568435198222057,-1.6625358178648788,-3.315090979265065,3.0382982696369005,4.20131518539849,0.0,49.60281075047264,40.95189872815219,12.680208460040092,13.463867106828976,136.27367274782873,1487.1484000486332,1.274,1.0300000015656,0,8.100692889917028,345.0001478400497,0.145992412896798,1.73994728277722e-05,-0.1409562867898176,-0.005045940451371,0.0206819646055637,3.059253652121968,8.987123740683892,49.3416968801715,6.1540339504379675
5.12,31.22132756178757,131.0117047051585,138.25803443819757,-2.5327222037833206,-1.6274227963354997,-3.2285674494225147,3.318538888586265,4.655135089875154,0.0,49.5692175687518,40.94599120739419,12.60234194851926,13.459030233273168,136.25152529459223,1485.1158049672815,1.274,1.0300000015656,0,8.101998683973731,345.0001478400497,0.1458937592347492,1.734322178425301e-05,-0.1301481058587093,-0.0119497127771415,0.0190829462206802,3.010226124640349,9.01755080341882,49.3136169658653,6.565564015034575
5.13,31.22132521966273,131.01170802276923,138.3894684102453,-2.4908473265921733,-1.5884759757217537,-3.1456434667375524,3.589957569653443,5.098361518366572,0.0,49.53582624237946,40.940034414614864,12.531416622266065,13.453688003359616,136.2269263781047,1483.0968691064245,1.274,1.0300000015656,0,8.103293756496285,345.0001478400497,0.1457956975784129,1.7279823557656263e-05,-0.1195133799987051,-0.018691134798521,0.0175116050635159,2.953978070990416,9.050206063871808,49.28634098267305,6.983993008566217
5.14,31.221322877655748,131.0117113397058,138.51980881547323,-2.442935336182496,-1.5458028319555572,-3.0665987550506224,3.851986696335591,5.530049806648759,0.0,49.50263668806508,40.934023795511045,12.467313532428808,13.447858385698872,136.19994494617708,1481.09156161682,1.274,1.0300000015656,0,8.104578124028375,345.0001478400497,0.1456982276920828,1.7209481143138427e-05,-0.1090768614903558,-0.0252549623514125,0.0159714934455545,2.8906731423825924,9.085134725950285,49.25985200276076,7.4042744612311875
5.15,31.22132053577799,131.01171465597147,138.6490577916549,-2.3891246405538813,-1.4995191044672236,-2.9916829336905537,4.104083364704729,5.949287221287782,0.0,49.469648778793214,40.92795506840251,12.40989787382652,13.441559397684422,136.1706548748422,1479.099849176708,1.274,1.0300000015656,0,8.105851805299553,345.0001478400497,0.1456013492116575,1.7132411132550843e-05,-0.0988626781734066,-0.0316264692936742,0.0144660631065461,2.8204912107802853,9.12238669099499,49.23413175703901,7.822255779604723
5.16,31.221318194041626,131.0117179715697,138.77721767930308,-2.329566861216528,-1.4497484801773337,-2.921114066292589,4.345730342446672,6.35519457928846,0.0,49.43686234477801,40.921824229448895,12.359019410523231,13.434809126088128,136.1391347961042,1477.1216960569648,1.274,1.0300000015656,0,8.107114821125354,345.0001478400497,0.1455050616474554,1.704884320139264e-05,-0.08889428281894,-0.0377914778021136,0.0129986582780704,2.743627904430231,9.162014637544816,49.20916068498065,8.234487096241727
5.17,31.22131585245947,131.01172128650413,138.9042910365802,-2.2644263811804257,-1.3966222615071846,-2.855077486081405,4.576436995067277,6.746927832441942,0.0,49.40427717463647,40.91562755689437,12.314512933740628,13.427625753202763,136.10546791679351,1475.1570642010183,1.274,1.0300000015656,0,8.108367194451697,345.0001478400497,0.1454093643876489,1.6959019584499686e-05,-0.0791944042537388,-0.0437363872122029,0.011572509026433,2.6602941314697937,9.204072034063548,49.18491798718439,8.638071439709737
5.18,31.221313511045075,131.01172460077848,139.03028061643687,-2.193879867342728,-1.3402790192323306,-2.793724904024983,4.795740177326096,7.123679614021515,0.0,49.37189301653523,40.90936161435592,12.276198750883182,13.420027587656625,136.0697418288068,1473.205913303214,1.274,1.0300000015656,0,8.10960895025501,345.0001478400497,0.1453142567016158,1.6863194540060145e-05,-0.0697850003202485,-0.0494482013497227,0.0101907248850249,2.570715599726415,9.248611117350132,49.161381680325306,9.030550034799367
5.19,31.221311169812605,131.01172791439674,139.1551893646249,-2.118115768706664,-1.280864230784711,-2.7371738038324325,5.00320508735402,7.48468074445035,0.0,49.3397095794006,40.903023253174666,12.243883204398836,13.412033098988797,136.0320483110339,1471.268200888104,1.274,1.0300000015656,0,8.110840115409086,345.0001478400497,0.1452197377435043,1.6761633801467466e-05,-0.0606872127570425,-0.0549145543060143,0.0088562887866016,2.475132343632527,9.295680869896191,49.138528654501854,9.409815483039905
5.2,31.22130882877683,131.011731227363,139.27902041274004,-2.037333791881723,-1.2185299045879308,-2.685507125317659,5.198426080377312,7.829201691598139,0.0,49.30772653435498,40.896609613850536,12.21735921914384,13.403660955047282,135.99248312329473,1469.3438824053371,1.274,1.0300000015656,0,8.112060718718373,345.0001478400497,0.1451258065564357,1.665461401645251e-05,-0.0519213240860351,-0.060123734610195,0.0075720513061669,2.373798273644539,9.34532502934418,49.1163347330643,9.774046314654035
5.21,31.221306487953047,131.01173453968156,139.40177707026993,-1.9517448300217564,-1.1534368153317165,-2.638773072923127,5.381028306780034,8.156554046969402,0.0,49.275939949229375,40.890118126585534,12.196406876867616,13.394930061253884,135.95114579262784,1467.4326988768428,1.274,1.0300000015656,0,8.113266550305129,345.0001478400497,0.1450324515783038,1.6542422172904273e-05,-0.0435067165936111,-0.0650647077533857,0.0063407247661149,2.2669825137956243,9.397578399148566,49.094770755550606,10.121658109711328
5.22,31.22130414735708,131.01173785135677,139.52346281565093,-1.861570172160164,-1.0857530559305473,-2.5969853935507965,5.550668524491031,8.466091892333004,0.0,49.24434368243224,40.88354651278868,12.180794016378046,13.385859600772424,135.9081393922884,1465.5342605633618,1.274,1.0300000015656,0,8.114450825307108,345.0001478400497,0.1449396547442136,1.6425355017878864e-05,-0.0354618327249307,-0.0697271471018717,0.0051648785909383,2.1549682944861464,9.452465685242592,49.07380419847588,10.451266245413436
5.23,31.22130180700516,131.01174116239326,139.6440812853323,-1.7670386695157527,-1.0156408804770671,-2.5601246533430206,5.707031797154659,8.757212780433564,0.0,49.21294671371965,40.876892784306,12.170276859658353,13.376469073426424,135.86357030818377,1463.6490782558417,1.274,1.0300000015656,0,8.115624768855472,345.0001478400497,0.1448474424957291,1.6303718453483155e-05,-0.0278041379620193,-0.0741014591706972,0.0040469360964506,2.0380444024260704,9.510008414810557,49.05341857209929,10.761655349256358
5.24,31.221299466913976,131.01174447279567,139.76363627079823,-1.6683894131139791,-0.9432744084636152,-2.52813814439514,5.849836287446223,9.029359272088096,0.0,49.18174857594057,40.87015523340267,12.164600661743172,13.36677833288168,135.81754799532737,1461.7770999272825,1.274,1.0300000015656,0,8.116788416058432,345.0001478400497,0.1447558134698188,1.6177826880154294e-05,-0.020550089901582,-0.0781787580007065,0.0029891673721244,1.916517243367164,9.570211190022214,49.033586071509696,11.051759856760894
5.25,31.22129712710056,131.01174778256888,139.88213170365643,-1.5658698402279083,-0.8688322189166379,-2.500941240926636,5.978832639065192,9.28201998796479,0.0,49.15074877382501,40.86333243748005,12.163500374103036,13.35680762695088,135.77018475219654,1459.9182720861872,1.274,1.0300000015656,0,8.117941803437294,345.0001478400497,0.1446647662208712,1.6048002597535803e-05,-0.0137151044902596,-0.0819509073970297,0.0019936863928869,1.790706517004803,9.63306498037831,49.01427815831171,11.32064670738809
5.26,31.221294787582245,131.0117510917178,139.99957164768878,-1.459735106497817,-0.7924969221887231,-2.478418708560288,6.093804466370908,9.51473066309099,0.0,49.1199467839564,40.85642325395253,12.16670133207138,13.346577631892243,135.72159547438838,1458.0725397828132,1.274,1.0300000015656,0,8.11908496897026,345.0001478400497,0.1445742992205695,1.5914575155706187e-05,-0.0073135267788843,-0.0854105345836916,0.0010624473496262,1.6609461335544626,9.6985459218497,48.99546562780142,11.567502399414819
5.27,31.221292448376648,131.01175440024758,140.11596029189363,-1.350247444918873,-0.714454710713239,-2.46042624687316,6.194568771699414,9.727075106718637,0.0,49.08934205646239,40.849426816046496,12.173919959946229,13.3361094830039,135.67189740296595,1456.2398467132796,1.274,1.0300000015656,0,8.12021795184051,345.0001478400497,0.1444844108628717,1.5777880690457127e-05,-0.0013586042725666,-0.0885510420572144,0.0001972413622809,1.5275860684491858,9.766614337627033,48.9771186812702,11.791622861818524
5.28,31.221290109501616,131.0117577081634,140.23130193358944,-1.2376755142524287,-0.6348949029378835,-2.446792248032836,6.280976288112496,9.918686059772112,0.0,49.05893401698837,40.84234252792408,12.184864492027572,13.325424800688122,135.62120986787505,1454.420135342656,1.274,1.0300000015656,0,8.121340792458087,345.0001478400497,0.1443950994697901,1.563826124251009e-05,0.0041375370461533,-0.0913666175629068,-0.0006003064154556,1.3909958721417557,9.837213979223687,48.95920699976591,11.992405454669328
5.29,31.22128777097516,131.01176101547057,140.34560097444032,-1.1222937384213183,-0.5540094817916948,-2.4373197532392066,6.352911743432217,10.08924594205974,0.0,49.02872206856106,40.835170059167936,12.199235707799488,13.314545711220775,135.56965402684872,1452.6133470198813,1.274,1.0300000015656,0,8.12245353229559,345.0001478400497,0.1443063632968611,1.5496064060764745e-05,0.0091639139531814,-0.0938522421756995,-0.0013287392919571,1.2515712070168552,9.91027149443236,48.94169981870159,12.169342582027097
5.3,31.221285432815385,131.01176432217443,140.4588619095223,-1.0043816383649156,-0.4719926286582752,-2.431788587128863,6.410294041631518,10.238487481785228,0.0,48.99870559355836,40.827909338663865,12.216727679427036,13.303494861522688,135.51735260022176,1450.819422097667,1.274,1.0300000015656,0,8.123556213800544,345.0001478400497,0.1442182005389378,1.535164088983956e-05,0.0137107044165191,-0.0960036964730682,-0.0019867711270652,1.1097462309766637,9.985696124414543,48.92456600336854,12.322016529259306
5.31,31.22128309504056,131.0117676282806,140.57108931341003,-0.8842231578531715,-0.3890402540402649,-2.4299576488981782,6.453076358082443,10.36619422041224,0.0,48.96888395576308,40.82056054791851,12.237028529703643,13.29229542729914,135.46442960208472,1449.0383000593915,1.274,1.0300000015656,0,8.124648880362534,345.0001478400497,0.1441306093361981,1.5205347242353396e-05,0.0177692631738992,-0.0978175647919136,-0.0025732880092146,0.9660180620960374,10.063379627707832,48.907774125137,12.450095231522909
5.32,31.221280757668914,131.0117709337945,140.68228783620114,-0.7621059847631879,-0.3053495262582803,-2.431567337697534,6.48124614568201,10.472200886590052,0.0,48.93925650229953,40.81312411384936,12.259821198556704,13.280971113988066,135.411010068213,1447.269919635973,1.274,1.0300000015656,0,8.125731576105078,345.0001478400497,0.1440435877798398,1.5057541656591363e-05,0.0213321344090345,-0.0992912375665014,-0.0030873495155997,0.8209983961244788,10.143196424744826,48.891292537922354,12.55332875088408
5.33,31.22127842071873,131.01177423872187,140.79246217668015,-0.6383208692559044,-0.2211183991949643,-2.436342088895287,6.4948250493201325,10.556393633622424,0.0,48.909822565745856,40.80560070108664,12.284784216196062,13.269546150039748,135.35721978121614,1445.5142189339265,1.274,1.0300000015656,0,8.126804345852763,345.0001478400497,0.1439571339182769,1.4908584940392774e-05,0.024393061490355,-0.1004229117504998,-0.0035281895520372,0.6755330160190393,10.225003953004755,48.87508945503959,12.63154629265091
5.34,31.22127608420819,131.01177754306835,140.90161709722975,-0.5131609403357308,-0.1365451404915493,-2.4439929970427854,6.493868726843961,10.618710135864136,0.0,48.88058146619246,40.79799120382265,12.3115924809741,13.258045272136028,135.30318499336255,1443.7711355595527,1.274,1.0300000015656,0,8.127867235010742,345.0001478400497,0.14387124576318,1.4758839402299825e-05,0.0269469937459568,-0.1012115893308303,-0.0038952167705497,0.5310162215446809,10.308643219414488,48.859133025982494,12.684653631872646
5.35,31.2212737481554,131.01178084683968,141.0097573890417,-0.3869210222276366,-0.0518278613949637,-2.4542205008687814,6.478466575270905,10.659139540417373,0.0,48.85153251332644,40.79029673724872,12.339918040017592,13.24649370204829,135.24903214754747,1442.040606744156,1.274,1.0300000015656,0,8.128920289455214,345.0001478400497,0.1437859212955927,1.4608668071210928e-05,0.0289900902590883,-0.1016570739473245,-0.0041880145641987,0.3903766947786927,10.393939534076049,48.84339141300619,12.71263085186839
5.36,31.22127141257836,131.01178415004165,141.11688787112598,-0.2598969520015653,0.0328359504737458,-2.4667171053574406,6.4487413616961895,10.677722271571216,0.0,48.82267500852645,40.782518628616366,12.369430870689508,13.23491711492732,135.19488759688605,1440.322569469227,1.274,1.0300000015656,0,8.12996355542385,345.0001478400497,0.1437011584720814,1.4458433905958858e-05,0.0305197206795007,-0.1017599656376415,-0.0044063406402363,0.2619630086647934,10.480703407242396,48.82783286728321,12.715530320703191
5.37,31.22126907749485,131.01178745267998,141.22301338037025,-0.1323848998589624,0.1172498941743058,-2.48117011593686,6.404848759041973,10.674549686556947,0.0,48.79400824697236,40.77465840796008,12.399799660945028,13.223341598914788,135.1408773234311,1438.6169605918556,1.274,1.0300000015656,0,8.130997079417225,345.0001478400497,0.1436169552309299,1.430849899643819e-05,0.031534463057394,-0.1015216537326389,-0.0045501261742396,0.1768425144866035,10.568731589977716,48.81242580442631,12.693474850536107
5.38,31.22126674292245,131.01179075476057,141.3281387616025,-0.0046806934794835,0.2012191130718732,-2.497264360021016,6.34697678751234,10.649763582358872,0.0,48.76553151976423,40.7667177985193,12.43069258666032,13.211793606065608,135.08712665653292,1436.923716970702,1.274,1.0300000015656,0,8.132020908111194,345.0001478400497,0.1435333094983565,1.415922375808278e-05,0.0320340987183114,-0.1009443079330377,-0.004619474549515,0.2012735458687992,10.657808238020475,48.797138879160975,12.646656000112793
5.39,31.221264408878493,131.0117940562891,141.43226885168832,0.122920852185259,0.2845507457671775,-2.5146848716025167,6.2753451633426245,10.603555554505922,0.0,48.73724411600868,40.758698706895295,12.46177808403388,13.200299894669202,135.03375999138126,1435.2427755898727,1.274,1.0300000015656,0,8.133035088236365,345.0001478400497,0.1434502191946314,1.4010966121630496e-05,0.0320196042090523,-0.1000308676038067,-0.0046146596876757,0.3099653828986246,10.74770617800244,48.78194105889318,12.575332493419314
5.4,31.221262075380007,131.01179735727143,141.53540846959302,0.2501263566448975,0.3670524049994419,-2.533119435432205,6.190205249551272,10.53616630295698,0.0,48.70914262145369,40.75060321297914,12.492725615190627,13.188887463158428,134.9809005082917,1433.5739145486907,1.274,1.0300000015656,0,8.13403648228062,345.0001478400497,0.1433676742830276,1.3864080720305983e-05,0.0314931403563467,-0.0987850293282448,-0.0045361237261479,0.4441731716676085,10.838186856482595,48.76679868403256,12.479829144235214
5.41,31.221259742443667,131.01180065771328,141.63756241339945,0.3766445634713573,0.4485326542289728,-2.552261109652274,6.091839559652166,10.447884759037525,0.0,48.68122095634144,40.742433560735776,12.5232064251558,13.177583475893298,134.92866989332387,1431.9167557519816,1.274,1.0300000015656,0,8.135018815532664,345.0001478400497,0.143285656881173,1.3718918081153828e-05,0.0304580395725188,-0.0972112408091545,-0.0043844747554613,0.5856959716190291,10.929001779888411,48.75167558129082,12.360535665193282
5.42,31.22125741008584,131.01180395762034,141.73873543744932,0.502188394934652,0.5288132146719478,-2.57181109670838,5.980557006752201,10.339046490436353,0.0,48.65348658979504,40.73419214838288,12.55289429006366,13.166415180237085,134.87718805639443,1430.2717186710884,1.274,1.0300000015656,0,8.135991760921966,345.0001478400497,0.1432041889855757,1.3575823813368088e-05,0.0289187905232498,-0.0953146930808601,-0.0041604856361483,0.7292663703877659,11.019902369978706,48.736551196000605,12.217903124496015
5.43,31.221255078322407,131.0118072569983,141.838932254332,0.6264736329395275,0.6077135453776163,-2.591480566712385,5.856695798258345,10.210033017344175,0.0,48.62593882210294,40.725881512296205,12.581466254926797,13.155409815397856,134.8265728475652,1428.6387418958532,1.274,1.0300000015656,0,8.136955363739654,345.0001478400497,0.1431232685489595,1.3435137769680056e-05,0.026881013387995,-0.0931012627012505,-0.0038650879371372,0.8727945051270495,11.110630148026258,48.72139645273095,12.052445038922315
5.44,31.221252747168897,131.01181055585275,141.93815751103,0.7492202960741234,0.6850572261741247,-2.610992975619336,5.72062128795544,10.061270343855169,0.0,48.59857696313515,40.71750432132377,12.608603349228096,13.144594519439064,134.7769397989663,1427.0177648185336,1.274,1.0300000015656,0,8.137909668844278,345.0001478400497,0.1430428935520934,1.3297193274766236e-05,0.0243514412017072,-0.0905775172456487,-0.0034993695995476,1.015188507471821,11.200922489300638,48.706182936688606,11.864735697481086
5.45,31.22125041664031,131.01181385418917,142.03641579886002,0.8701532475263923,0.7606723320215548,-2.630086070483948,5.5727248407407695,9.893227511535438,0.0,48.57140033298987,40.70906336500055,12.633991292041978,13.133996227340708,134.72840185716908,1425.408727669815,1.274,1.0300000015656,0,8.13885472054285,345.0001478400497,0.1429630620056792,1.316231633513944e-05,0.0213378954816702,-0.0877506949130555,-0.0030645710236566,1.1557441689229295,11.29051408961617,48.69088295345061,11.655409279976597
5.46,31.221248086751185,131.01181715201298,142.1337116176914,0.989002790043488,0.8343918055193573,-2.6485137194928794,5.413422631153872,9.7064150415594,0.0,48.54440826392405,40.700561542801566,12.657321180163352,13.123641563767896,134.6810691202595,1423.811571629738,1.274,1.0300000015656,0,8.139790562493513,345.0001478400497,0.1428837719560226,1.3030824861274635e-05,0.0178492594487958,-0.0846286827940889,-0.0025620808313677,1.2939347183065506,11.379138424587651,48.67546958960266,11.425159187724322
5.47,31.22124575751553,131.0118204493295,142.23004939383867,1.1055052451069756,0.9060538142830664,-2.666047552589656,5.243154383738147,9.501383274336913,0.0,48.517600102258406,40.692001853389456,12.67829015778994,13.1135567313513,134.63504858032988,1422.226238937085,1.274,1.0300000015656,0,8.14071723762983,345.0001478400497,0.1428050214906245,1.2903027904584728e-05,0.0138954489475053,-0.0812199938230681,-0.0019934313199361,1.4293262339907942,11.466529178068546,48.65991677088384,11.174737651069535
5.48,31.22124342894679,131.0118237461439,142.3254334472611,1.2194035151481415,0.9755020924035864,-2.6824784014079044,5.062382061438672,9.278720615824438,0.0,48.49097521021604,40.68338738388394,12.696602066373677,13.103767395356522,134.5904438721562,1420.6526729951645,1.274,1.0300000015656,0,8.141634788063465,345.0001478400497,0.1427268087435697,1.2779224911872268e-05,0.0094873811815784,-0.0775337424894697,-0.0013602936246348,1.5615394909329028,11.552421630098454,48.64419931767228,10.904955698054046
5.49,31.22124110105785,131.01182704246125,142.41986799752877,1.3304476276623924,1.0425862652618811,-2.697617529325636,4.87158850842214,9.039051700104116,0.0,48.464532967671445,40.67472129917904,12.71196807334044,13.094298565678248,134.5473550288499,1419.0908184700197,1.274,1.0300000015656,0,8.1425432549436,345.0001478400497,0.1426491319006765,1.265970499987546e-05,0.0046369413890554,-0.0735796193863964,-0.0006644726087635,1.6902312360451206,11.636553996270813,48.628292997675146,10.61668359550527
5.5,31.221238773860968,131.0118303382864,142.51335715090113,1.4383952601278736,1.1071621571760908,-2.7112976446090182,4.671276053756154,8.783035478063491,0.0,48.43827277396325,40.66600683133316,12.724107278463634,13.085174477144772,134.5058782452834,1417.5406213934782,1.274,1.0300000015656,0,8.143442678456921,345.0001478400497,0.142571989204817,1.2544746252475793e-05,-0.0006430524160516,-0.0693678646757237,9.209850001806536e-05,1.815084413612384,11.71866871202135,48.61217457589684,10.310851909371022
5.51,31.221236447367826,131.0118336336242,142.60590488740658,1.543012244650195,1.1690920811724417,-2.723373691776934,4.461965082477989,8.511363242142819,0.0,48.412194049563645,40.65724726905549,12.732747296765927,13.076418469158888,134.46610565010255,1416.0020292583065,1.274,1.0300000015656,0,8.144333097730286,345.0001478400497,0.1424953789608058,1.24346150430766e-05,-0.0063388865039732,-0.0649092405506241,0.0009073637076657,1.9358028395770728,11.798513656529146,48.5958218615715,9.988453378877805
5.52,31.221234121589426,131.0118369284792,142.6975150618378,1.644073051314329,1.228245110423704,-2.7337234184928536,4.24419258048903,8.224756597105964,0.0,48.386296237637936,40.648445947311146,12.737624816912035,13.068052865731127,134.42812508714175,1414.4749911048302,1.274,1.0300000015656,0,8.145214550679343,345.0001478400497,0.142419299539989,1.232956538458712e-05,-0.0124359901574344,-0.0602150027778673,0.0017791500663767,2.0521082258490653,11.875843312286392,48.5792137520279,9.65054586387384
5.53,31.221231796536088,131.01184022285577,142.78819138983644,1.7413612492805683,1.284497331060786,-2.7422477174452284,4.0185106595451066,7.923965386650779,0.0,48.360578805647314,40.63960623706623,12.738486134146363,13.060098856981131,134.39201990705607,1412.9594576101476,1.274,1.0300000015656,0,8.14608707398687,345.0001478400497,0.1423437493849547,1.2229838309353542e-05,-0.0189189759325684,-0.0552968714028488,0.0027051736820927,2.163738507628852,11.950419857556756,48.56233027360117,9.298256713682992
5.54,31.221229472217523,131.0118435167581,142.87793743696196,1.8346699446892567,1.3377320759319176,-2.7488707447780145,3.7854850684724433,7.609765585435184,0.0,48.33504124686264,40.6307315351925,12.735087656917568,13.052576383191695,134.35786876997835,1411.4553811736528,1.274,1.0300000015656,0,8.146950703059554,345.0001478400497,0.1422687270139635,1.2135661281275764e-05,-0.0257716813167248,-0.0501670007000677,0.003683045897157,2.270446920866061,12.022014189752795,48.54515261940136,8.93278902921131
5.55,31.22122714864269,131.0118468101902,142.96675662564863,1.9238021944990795,1.3878401389898611,-2.753539818669892,3.5456936964904058,7.282957165740513,0.0,48.30968308170287,40.62182525455032,12.727196386421404,13.045504022496935,134.32574545999083,1409.9627159893157,1.274,1.0300000015656,0,8.14780547186573,345.0001478400497,0.1421942310248942,1.2047247642230874e-05,-0.0329772116478225,-0.0448379484520302,0.004710279628528,2.372001523580137,12.090406878607554,48.52766318381248,8.55543046259763
5.56,31.22122482581985,131.0118501031559,143.05465221532782,2.00857139545942,1.4347199703131936,-2.7562251036291188,3.299725074129876,6.944361947525168,0.0,48.2845038591632,40.61289081426754,12.714590368379204,13.03889888327274,134.29571871218158,1408.481418125038,1.274,1.0300000015656,0,8.148651412967869,345.0001478400497,0.142120260099431,1.19647960947992e-05,-0.0405179841611978,-0.0393226446393384,0.0057842958422659,2.468184984313402,12.155389048886033,48.50984559399903,8.167565441730622
5.57,31.221222503756564,131.0118533956587,143.14162729646503,2.0888016474440647,1.4782778514317385,-2.756919087914504,3.048176876998246,6.5948214401055205,0.0,48.2595031580437,40.60393163023062,12.69705911645372,13.032776502272087,134.26785205302275,1407.0114455894711,1.274,1.0300000015656,0,8.1494885574144,345.0001478400497,0.1420468130066719,1.1888490223151103e-05,-0.0483757730322384,-0.0336343596230654,0.0069024301453842,2.5587945317090197,12.21676319266316,48.49168473809069,7.770692051397325
5.58,31.221220182459646,131.0118566877019,143.22768479453677,2.164328090463279,1.5184280510202093,-2.755635863242445,2.7916544371690537,6.235194683081608,0.0,48.23468058814236,40.59495110580284,12.67440400678556,13.027150749511064,134.2422036547711,1405.5527583971907,1.274,1.0300000015656,0,8.150316934685652,345.0001478400497,0.1419738886066254,1.181849805381166e-05,-0.0565317552858387,-0.0277866719003058,0.0080619394766669,2.6436419998655296,12.27434391188826,48.47316679023141,7.3664452922208525
5.59,31.221217861935187,131.0118599792887,143.31282745810293,2.2349972147219503,1.555092960900307,-2.752410217546448,2.530769266605123,5.866356093474425,0.0,48.21003579132741,40.58595262278472,12.646438643211487,13.022033740864376,134.21882620454292,1404.105318624613,1.274,1.0300000015656,0,8.15113657259652,345.0001478400497,0.141901485853377,1.1754971657870276e-05,-0.0649665574473378,-0.0217934355118966,0.0092600088786048,2.722553927855778,12.327958592180302,48.454279232410414,6.956629133559704
5.6,31.221215542188528,131.01186327042174,143.397057853839,2.3006671431731287,1.5882032125281231,-2.7472965530355835,2.266137596532069,5.489193325330728,0.0,48.18556844265256,40.57693953262913,12.612989192799995,13.017435759270713,134.19776678866452,1402.6690904710604,1.274,1.0300000015656,0,8.151947497350545,345.0001478400497,0.1418296037983504,1.169804679604938e-05,-0.0736603028135974,-0.0156687471799918,0.0104937583333298,2.795371686420084,12.377448009195492,48.43501087327896,6.543260755891726
5.61,31.221213223224265,131.01186656110363,143.480378362559,2.361207886062072,1.6176977738596108,-2.740367643110689,1.998378936339686,5.104605147350977,0.0,48.16127825121808,40.56791514792368,12.57389469141083,13.01336518538062,134.1790667928339,1401.244040303585,1.274,1.0300000015656,0,8.152749733399306,345.0001478400497,0.1417582415928352,1.16478426078888e-05,-0.08259265922748,-0.0094269132508627,0.0117602496460257,2.861951613699852,12.422666868866768,48.41535186365064,6.128631731714369
5.62,31.221210905046227,131.01186985133674,143.56279118021212,2.416501567056798,1.64352402692624,-2.731713242873563,1.728114655037192,4.713499343346814,0.0,48.13716496102559,40.55888273415177,12.529007319050654,13.009828438402009,134.16276181856443,1399.8301366998264,1.274,1.0300000015656,0,8.153543303399188,345.0001478400497,0.141687398490516,1.1604461346144046e-05,-0.0917428872435826,-0.0030824165173083,0.0130564933601097,2.922165147944722,12.463484283214871,48.39529370899665,5.71539268659433
5.63,31.2212085876575,131.01187314112295,143.64429830694803,2.466442620621684,1.6656378263185578,-2.721438568971809,1.4559665878825174,4.316790639614668,0.0,48.11322835183421,40.54984550174368,12.478192644860444,13.006829927812763,134.14888161630373,1398.4273504941427,1.274,1.0300000015656,0,8.154328228276247,345.0001478400497,0.1416170738499662,1.1567988157335756e-05,-0.1010898885782044,0.0033501170077347,0.0143794556892979,2.97589894882919,12.499784183376946,48.37482927898509,5.3066701438832995
5.64,31.22120627106044,131.01187643046396,143.72490154513056,2.5109377881394104,1.6840003272224917,-2.7096625966136267,1.1825568552266024,3.915398874253485,0.0,48.08946377287192,40.54080659842637,12.421329841627497,13.004372016516443,134.1374500355419,1397.0353952730532,1.274,1.0300000015656,0,8.155099307990906,345.0001478400497,0.1415472539885134,1.1538490909225812e-05,-0.1106122547416397,0.0098559512969467,0.0157260639915337,3.0230530706972134,12.531463448560489,48.35394784270721,4.906226701634953
5.65,31.22120395525661,131.0118797193612,143.8046025043072,2.549906653223191,1.6985848496588014,-2.696516437832896,0.908504566964814,3.510246635162469,0.0,48.065871629867615,40.53176910306172,12.358311869769915,13.002454995917343,134.12848499213655,1395.6542789518603,1.274,1.0300000015656,0,8.155857207508099,345.0001478400497,0.1414779401064842,1.1516020072029413e-05,-0.1202883133107536,0.0164202596792412,0.0170932160802172,3.0635452072921416,12.55843695292984,48.33264563309568,4.5186737974065325
5.66,31.221201640246875,131.01188300781584,143.8834025843128,2.583281641389661,1.709375728055035,-2.6821415475417134,0.634424298827421,3.1022572489472857,0.0,48.0424558196226,40.522736016858445,12.289045633928088,13.001077071678468,134.12199844546123,1394.2842121766914,1.274,1.0300000015656,0,8.156606623038387,345.0001478400497,0.1414091436795329,1.1500608626124732e-05,-0.1300961794368187,0.0230281733644252,0.0184777876309005,3.097309976807588,12.580636975231709,48.3109241005165,4.149744270510907
5.67,31.221199326031307,131.0118862958286,143.96130299316093,2.611007821824188,1.7163629244849543,-2.666687767616043,0.3609263639548522,2.6923531203969446,0.0,48.019216270012734,40.51371025625628,12.2134521055034,13.000234363888552,134.1179964014862,1392.9251750313178,1.274,1.0300000015656,0,8.157347567756668,345.0001478400497,0.1413408645007819,1.1492272029779591e-05,-0.140013806346616,0.0296648248057513,0.0198766367367074,3.1242957432168845,12.598009661021218,48.28878160673969,3.8066069950891794
5.68,31.221197012609288,131.0118895834,144.03830472815875,2.6330431242396246,1.7195448933149644,-2.6503114402021626,0.0886150134892068,2.281453732421647,0.0,47.99615294770064,40.504694647923365,12.131466412381169,12.999920921159095,134.1164789390259,1391.5771500045803,1.274,1.0300000015656,0,8.158080053012153,345.0001478400497,0.1412731024771461,1.1491008252035711e-05,-0.1500190315732138,0.036315367778719,0.0212866116104575,3.144466380157446,12.610517160334055,48.266217882259824,3.498147293048538
5.69,31.221194699979463,131.01189287053026,144.11440858087764,2.649358359558956,1.7189285238923646,-2.6331734701061813,-0.181912770623649,1.8704737849128847,0.0,47.97326585772734,40.4956919223764,12.043037901217083,13.00012874599391,134.11744024639995,1390.2401219595963,1.274,1.0300000015656,0,8.158804088168205,345.0001478400497,0.1412058576281485,1.1496797840889356e-05,-0.1600896251455857,0.0429650095342319,0.0227045573465152,3.157801243911041,12.618137690610371,48.24323401678777,3.2350219411672207
5.7,31.221192388139745,131.01189615721918,144.18961514808635,2.659937212687889,1.7145290726976987,-2.615437380716491,-0.4500684504596345,1.4603213719509318,0.0,47.950555043737126,40.48670470830193,11.94813016961748,13.000847832819296,134.12086867507327,1388.914078141512,1.274,1.0300000015656,0,8.159519680698436,345.0001478400497,0.1411391300865798,1.1509604039720456e-05,-0.1702033374437252,0.0495990425313729,0.0241273226150415,3.164295122610869,12.620865553575705,48.21983244880023,3.0291274010719533
5.71,31.221190077087385,131.01189944346635,144.2639248098851,2.664776206494889,1.7063700787012777,-2.5972673817495715,-0.7152730731811306,1.0518961976047592,0.0,47.92802058800776,40.47773552723205,11.846721068423031,13.00206621847991,134.12674680992663,1387.5990081743776,1.274,1.0300000015656,0,8.16022683616534,345.0001478400497,0.1410729200985809,1.1529372951624108e-05,-0.1803379466524546,0.0562028757201466,0.025551766279467,3.163958156989384,12.61871110063074,48.1960169523359,2.8920406345785676
5.72,31.221187766818908,131.01190272927093,144.33733774759523,2.663884637331829,1.694483262363481,-2.578826466325765,-0.9769583782654108,0.6460878301364449,0.0,47.905662611367646,40.468786788578186,11.73880267433346,13.003770044898095,134.1350515557336,1386.2949040499473,1.274,1.0300000015656,0,8.160925558177606,345.0001478400497,0.1410072280234137,1.1556033751162498e-05,-0.1904713057452438,0.062762065320223,0.0269747639280653,3.156815732921044,12.611700647723838,48.17179262118656,2.8323529265498735
5.73,31.221185457330183,131.01190601463193,144.4098539397853,2.6572844824953123,1.6789084087352375,-2.5602745543359013,-1.23456787090862,0.2437739943138667,0.0,47.88348127312145,40.45986078503149,11.624381233144904,13.005943633487036,134.14575423933206,1385.0017601198233,1.274,1.0300000015656,0,8.161615848464837,345.0001478400497,0.140942054333223,1.1589498942904005e-05,-0.2005813889317341,0.069262345043668,0.0283932143110261,3.142908346259355,12.5998763405415,48.1471658506729,2.8528213021084023
5.74,31.22118314861641,131.01190929954785,144.48147316028147,2.6450102800843127,1.6596932348456543,-2.541766698369761,-1.487557861550182,-0.1541810984637061,0.0,47.861476770716976,40.450959688331416,11.503477073904344,13.008569570806152,134.15882072689567,1383.719573068093,1.274,1.0300000015656,0,8.162297706760125,345.0001478400497,0.1408773996120937,1.1629664665962148e-05,-0.2106463375046162,0.0756896557115824,0.0298040456743056,3.1222914405431856,12.583295970529145,48.12214431676212,2.9490978538401778
5.75,31.22118084067217,131.01191258401698,144.5521949861211,2.6271089817884588,1.6368932420801443,-2.52345136769798,-1.7353984716050264,-0.5469283825012677,0.0,47.83964933960584,40.44208554541123,11.376124494318484,13.011628804850448,134.17421155563565,1382.448341901572,1.274,1.0300000015656,0,8.162971131013558,345.0001478400497,0.1408132645556034,1.1676411043615572e-05,-0.2206445050226812,0.0820301742151798,0.0312042219824834,3.095035218666572,12.56203274246275,48.09673695308396,3.1110360518597853
5.76,31.22117853349142,131.0119158680373,144.62201879655723,2.6036397791788515,1.6105715534604648,-2.5054688248624712,-1.9775746051908163,-0.9336355327002148,0.0,47.817999252637726,40.433240274922674,11.24237161778732,13.01510075127665,134.1918820791913,1381.1880679061182,1.274,1.0300000015656,0,8.163636117168041,345.0001478400497,0.1407496499690877,1.1729602576902808e-05,-0.2305545017680735,0.0882703417746161,0.0325907490219169,3.061224429421532,12.536174993625304,48.07095392516389,3.325635376792495
5.77,31.22117622706752,131.01191915160635,144.69094376908285,2.574673904158291,1.5807987367973224,-2.487949608449957,-2.21358688685804,-1.3134885219710029,0.0,47.796526819796746,40.42442566414547,11.10228022246653,13.018963408786968,134.21178262590814,1379.938754629911,1.274,1.0300000015656,0,8.164292659436864,345.0001478400497,0.1406865567668295,1.1789088580980475e-05,-0.2403552384158141,0.0943968914480911,0.0339606803769774,3.020958130694223,12.505825865228132,48.044806602825815,3.5798201431364864
5.78,31.22117392139321,131.01192243472155,144.75896890030398,2.540294404250086,1.547652613499444,-2.471013134482704,-2.442952564867977,-1.6856931408135245,0.0,47.775232387428886,40.415643366284776,10.955925542798024,13.023193482818476,134.2338586691464,1378.7004078317527,1.274,1.0300000015656,0,8.164940750090178,345.0001478400497,0.1406239859698178,1.1854703662860917e-05,-0.2500259688542434,0.1003968748474807,0.0353111232706427,2.974349430789614,12.471102925800018,48.01830752987023,3.862057030905529
5.79,31.22117161646073,131.01192571737982,144.826092988049,2.500595893483444,1.5112180539960929,-2.4547664276985444,-2.66520637974452,-2.0494764784747286,0.0,47.75411633773296,40.40689489816178,10.803396043983284,13.027766516622602,134.2580510087186,1377.4730354480275,1.274,1.0300000015656,0,8.16558037964718,345.0001478400497,0.1405619387042454,1.1926268239053035e-05,-0.2595463320942721,0.1062576880152735,0.0366392442621697,2.9215252104381,12.432137746955402,47.9914703919408,4.162878462915767
5.8,31.221169312261768,131.01192899957795,144.8923146522403,2.455684279656776,1.4715867597974897,-2.4393029927035155,-2.8799013974127274,-2.404088364710827,0.0,47.73317908797492,40.3981816382992,10.644793169912989,13.032657028765051,134.28429596251829,1376.256647542538,1.274,1.0300000015656,0,8.16621153684407,345.0001478400497,0.1405004161992078,1.2003589091356726e-05,-0.2688963932052308,0.1119670964210994,0.037942274793409,2.862625828082915,12.38907543123347,47.964309982032844,4.474781783994621
5.81,31.22116700878751,131.01193228131223,144.95763232793672,2.4056764688158028,1.4288570328147103,-2.4247018336592085,-3.086609806210946,-2.748802770843541,0.0,47.71242108970419,40.389504825405744,10.48023106510503,13.037838656032648,134.31252556737525,1375.0512562577528,1.274,1.0300000015656,0,8.166834208698125,345.0001478400497,0.1404394197843956,1.2086459959070972e-05,-0.2780566832140862,0.1175132590356035,0.0392175165759261,2.7978048121129517,12.342074092033004,47.93684216400958,4.791894797566515
5.82,31.221164706028645,131.01193556257883,145.02204427626702,2.350700047818333,1.3831335322699043,-2.4110266297702427,-3.284923676805583,-3.0829191684055446,0.0,47.69184282782632,40.38086555726179,10.309836271244984,13.043284300700437,134.3426677881557,1373.8568757565224,1.274,1.0300000015656,0,8.167448380497014,345.0001478400497,0.1403789508873819,1.2174662165683168e-05,-0.287008237904068,0.1228847514413968,0.0404623468105841,2.727228544553913,12.291304285425625,47.90908383402191,5.109614816287183
5.83,31.22116240397541,131.0119388433736,145.0855485913873,2.2908929458928746,1.3345270197608567,-2.398325072410017,-3.4744556839199885,-3.4057638432948463,0.0,47.67144481969095,40.37226479000791,10.133747398965916,13.048966281088656,134.37464673411705,1372.6735221660051,1.274,1.0300000015656,0,8.16805403589489,345.0001478400497,0.1403190110309417,1.2267965277918848e-05,-0.2957326354477541,0.1280705879415353,0.0416742232315058,2.651075942230962,12.236948393771929,47.88105288006925,5.424300213738995
5.84,31.22116010261763,131.01194212369197,145.1481431935217,2.226403076129446,1.283154092837012,-2.386628368246717,-3.654839788552752,-3.716691162967768,0.0,47.65122761404163,40.363703337837954,9.952114775549774,13.054856484327304,134.40838288152915,1371.5012135131165,1.274,1.0300000015656,0,8.168651156933734,345.0001478400497,0.1402596018299749,1.236612779496916e-05,-0.3042120328088412,0.13306024262768,0.0428506889658737,2.569538143254919,12.179199960932133,47.85276813959402,5.733030790863679
5.85,31.22115780194472,131.01194540352924,145.20982585381248,2.1573879578713475,1.2291369076546628,-2.3759509112439123,-3.8257318792505286,-4.015084793845904,0.0,47.63119178994017,40.3551818730977,9.765100069279583,13.060926520242491,134.4437933015832,1370.3399696598594,1.274,1.0300000015656,0,8.169239724118109,345.0001478400497,0.1402007249883397,1.2468897865556538e-05,-0.312429200845964,0.1378436693709211,0.0439893772012478,2.48281820957752,12.118262979067651,47.82424935530243,6.033429625538626
5.86,31.22115550194572,131.01194868288044,145.27059417940958,2.084014321000019,1.1726028911427195,-2.366290124898894,-3.986810370813168,-4.300358865769352,0.0,47.61133795555831,40.346700926788415,9.572875891219358,13.067147875287027,134.48079189262947,1369.189812229345,1.274,1.0300000015656,0,8.169819716415143,345.0001478400497,0.1401423822953207,1.257601403038371e-05,-0.3203675580513719,0.1424113206999829,0.0450880156516986,2.391130860346037,12.05435112702697,47.79551712916364,6.323533210351513
5.87,31.221153202609337,131.01195196174027,145.33044563633035,2.0064576931276634,1.1136844433442,-2.3576264745843027,-4.137776758752454,-4.57195908004166,0.0,47.5916667470234,40.338260889475805,9.375625375249312,13.073492065453514,134.51928961580893,1368.050764537594,1.274,1.0300000015656,0,8.170391111393334,345.0001478400497,0.1400845756222258,1.2687205987398448e-05,-0.3280112028568639,0.1467541655327106,0.0461444308145064,2.294702256926833,11.987686960624004,47.76659287487065,6.601697427821739
5.88,31.22115090392396,131.0119552401032,145.38937754945948,1.9249019707317907,1.0525186303024074,-2.349923648350552,-4.278356127639227,-4.82936375734606,0.0,47.57217882705466,40.32986201260166,9.173541737233895,13.079930787134431,134.55919473318133,1366.922851511033,1.274,1.0300000015656,0,8.17095388519052,345.0001478400497,0.1400273069183979,1.28021953771902e-05,-0.3353449444394494,0.1508637057289422,0.0471565520085107,2.193769869432993,11.91850105511753,47.73749876855115,6.8665294442500535
5.89,31.221148605877687,131.0119585179635,145.44738710453703,1.839538975280244,0.9892468682942462,-2.343128903088405,-4.408297611527414,-5.072084821632906,0.0,47.55287488369643,40.32150441019651,8.966827814251614,13.086436064927373,134.6004130474884,1365.8060996124163,1.274,1.0300000015656,0,8.171508012663342,345.0001478400497,0.1399705782074811,1.2920696585813052e-05,-0.3423543319594555,0.1547319914338759,0.0481224151861007,2.0885824688868766,11.847031100770415,47.70825769815495,7.116838155116743
5.9,31.221146308458383,131.01196179531516,145.5044713640596,1.7505679954126745,0.9240145998006252,-2.3371735714973227,-4.527374804496312,-5.29966871592709,0.0,47.533755628839685,40.3131880609905,8.755695584867702,13.09298039542516,134.64284814273967,1364.700536752326,1.274,1.0300000015656,0,8.172053467355237,345.0001478400497,0.1399143915830944,1.3042417562026095e-05,-0.3490256821647473,0.1583516351839047,0.0490401665100726,1.9794003112129368,11.773520952429898,47.67889321126666,7.351597882247768
5.91,31.22114401165369,131.01196507215204,145.5606272722509,1.658195316249478,0.8569709620799068,-2.331973723929367,-4.635386119485348,-5.511697245950812,0.0,47.5148217968469,40.304912810916576,8.540365671481178,13.099536886078996,134.68640162485718,1363.6061922085412,1.274,1.0300000015656,0,8.172590221645873,345.0001478400497,0.1398587492047897,1.3167060646233072e-05,-0.3553461052959338,0.161715824748096,0.0499080656876827,1.866495615557562,11.698219634811156,47.64942946179171,7.569921562132344
5.92,31.22114171545105,131.01196834846766,145.6158516570482,1.5626337369144154,0.7882684488302915,-2.327430977832688,-4.7321550935385215,-5.707788347449168,0.0,47.4960741430277,40.2966783760028,8.321066825829238,13.106079388277692,134.73097336167044,1362.523096536398,1.274,1.0300000015656,0,8.173118246783213,345.0001478400497,0.139803653293579,1.3294323407979776e-05,-0.3613035292293917,0.1648183346817246,0.0507244890537366,1.7501534993701486,11.621380305414544,47.61989115533785,7.771040767178763
5.93,31.22113941983775,131.01197162425547,145.6701412460046,1.464102077359817,0.7180625657465112,-2.323433446263832,-4.8175306377366045,-5.887596773189792,0.0,47.477513442114,40.28848434564445,8.098035398780917,13.112582623845697,134.77646172160996,1361.4512814801578,1.274,1.0300000015656,0,8.173637512968915,345.0001478400497,0.1397491061274523,1.3423899489030832e-05,-0.3668867217972938,0.167653536569996,0.0514879323954307,1.630673636051518,11.543259177809151,47.59030349356743,7.954290677893481
5.94,31.221137124800936,131.01197489950863,145.72349266529503,1.3628246755911977,0.6465114806308259,-2.319856815750979,-4.891387230181336,-6.050814695756793,0.0,47.45914048664882,40.280330186251405,7.871514795599789,13.119022304227476,134.82276381050687,1360.3907798779303,1.274,1.0300000015656,0,8.174147989390356,345.0001478400497,0.1396951100366614,1.3555479449017485e-05,-0.372085311226883,0.1702164079431938,0.0521970135117147,1.5083730844819625,11.4641144085874,47.560692117539226,8.119098666942882
5.95,31.22113483032768,131.01197817422027,145.77590245860048,1.2590308763858205,0.5737756689247677,-2.3165655427095047,-4.953625050614472,-6.197172222489177,0.0,47.44095608544696,40.27221524525931,7.6417549179009985,13.125375241694078,134.8697757059662,1359.3416255738432,1.274,1.0300000015656,0,8.174649644380793,345.0001478400497,0.1396416673991821,1.3688751610416966e-05,-0.3768898046448168,0.1725025398470527,0.0528504745009833,1.3835910791489128,11.384204952197887,47.53108305033691,8.264975536015559
5.96,31.22113253640497,131.01198144838324,145.82736708412477,1.152954512613387,0.5000175552363754,-2.313414156607455,-5.0041700553674495,-6.326437819207046,0.0,47.42296106184664,40.26413875549537,7.409011593570529,13.13161945197924,134.91739268884203,1358.3038533147962,1.274,1.0300000015656,0,8.175142445376645,345.0001478400497,0.1395887806356053,1.3823402900053484e-05,-0.3812916045966391,0.1745081430556099,0.0534471837706042,1.2566972253285194,11.303789388496796,47.501502638797085,8.391508713176746
5.97,31.221130243019783,131.0119847219903,145.87788292950387,1.0448333802486258,0.42540115195371,-2.310248657225852,-5.042973991712666,-6.438418639746116,0.0,47.405156252161774,40.25609983988768,7.173545995954301,13.13773424782542,134.9655094714015,1357.2774986636111,1.274,1.0300000015656,0,8.175626359141708,345.0001478400497,0.1395364522045634,1.3959119683825487e-05,-0.3852830235361551,0.176230052916127,0.0539861377637721,1.1281058781545266,11.223124729117362,47.471977494923095,8.498356907069416
5.98,31.221127950159048,131.01198799503408,145.92744631975577,0.934908886218023,0.3500882128503375,-2.306907847389891,-5.070013189062788,-6.532960753772089,0.0,47.38753758602435,40.24809751650429,6.935624053660091,13.143700322996636,135.01402042182295,1356.2623163883427,1.274,1.0300000015656,0,8.176095650556947,345.0001478400497,0.139484670121818,1.40955885917771e-05,-0.388857296244873,0.1776657328201208,0.0544664567457832,0.9983013095443728,11.14246284345724,47.44252897172399,8.585245119619245
5.99,31.22112565780976,131.01199126750703,145.9760535252323,0.8234250114915923,0.2742481916578415,-2.3032252444380377,-5.085291363437212,-6.609949318699001,0.0,47.370110629460896,40.240130704868,6.695515852347138,13.149499826389208,135.06281978472973,1355.2586131421028,1.274,1.0300000015656,0,8.176555743920536,345.0001478400497,0.1394334507676187,1.4232497338876142e-05,-0.3920085901305677,0.1788132628353145,0.0548874025733984,0.8678914920730816,11.06205625956888,47.413189270173966,8.651963058949983
6.0,31.22112336595893,131.0119945394017,146.02370076658724,0.7106282335859485,0.1980478961607914,-2.299030384592752,-5.088837166302284,-6.669308563706119,0.0,47.35287655445853,40.23219822942118,6.453495031669973,13.155116425084916,135.11180188995576,1354.2664439109797,1.274,1.0300000015656,0,8.177006961086889,345.0001478400497,0.1393827975883303,1.4369535498769551e-05,-0.3947320137121823,0.1796713670183374,0.0552483636720474,0.7377082379262754,10.982150167763912,47.383985783291486,8.698360830199213
6.01,31.221121074593704,131.0119978107103,146.07038423465505,0.5967668625309994,0.1216540497308639,-2.2941505208416766,-5.080704443788776,-6.711001738020233,0.0,47.33583623212592,40.22429882694413,6.209838173402038,13.160535358798109,135.1608613718107,1353.2858465225615,1.274,1.0300000015656,0,8.177449266988015,345.0001478400497,0.1393327131446076,1.4506395296903768e-05,-0.3970236223696431,0.1802394004714045,0.0555488601506199,0.6090401143201707,10.902983212863516,47.35494559121332,8.72434688587769
6.02,31.221118783701296,131.01200108142515,146.11610007951555,0.4820904902918524,0.0452331393760088,-2.2884122852210207,-5.060971980694563,-6.735030942058987,0.0,47.31899053786928,40.21643115253877,5.964824187569046,13.165743482888503,135.20989337690483,1352.3168591222543,1.274,1.0300000015656,0,8.177882626229168,345.0001478400497,0.1392832000096843,1.4642772369195016e-05,-0.3988804221979553,0.1805173464934042,0.0557885444097532,0.4842078370320873,10.824786459783205,47.32609574204934,8.729886022567415
6.03,31.221116493269065,131.01200435153842,146.16084444230128,0.3668494509854637,-0.0310489469019262,-2.2816433513631966,-5.0297431462975135,-6.741436856879395,0.0,47.30234034954176,40.20859378606086,5.718733696401122,13.1707293006987,135.25879376683366,1351.3595200680095,1.274,1.0300000015656,0,8.17830700313101,345.0001478400497,0.1392342607639386,1.477836649651808e-05,-0.4003003716965188,0.1805058132025497,0.0559672011046031,0.3681610294671113,10.747782251058236,47.29746319260602,8.71499761307131
6.04,31.22111420328456,131.01200762104233,146.2046134512191,0.2512942824298401,-0.1070272793678316,-2.273674088577732,-4.987145481257952,-6.730298373347847,0.0,47.2858865456744,40.20078523879921,5.471848417449082,13.175482985277457,135.3074593161097,1350.413867829108,1.274,1.0300000015656,0,8.178722361813932,345.0001478400497,0.1391858979897117,1.491288231319092e-05,-0.401282381285982,0.1802060288176992,0.0560847468116905,0.273136561927071,10.672183112044154,47.26907474972164,8.67975403491309
6.05,31.221111913735488,131.01201088992897,146.247403219562,0.1356751900866881,-0.1825382419849332,-2.26433919258298,-4.933330227152967,-6.701732122635137,0.0,47.269630003763005,40.19300396035928,5.22445054732215,13.179996390562907,135.3557879052906,1349.4799408913136,1.274,1.0300000015656,0,8.179128666345628,345.0001478400497,0.1391381142662533,1.5046029987628416e-05,-0.4018263106612124,0.1796198356186087,0.0561412294020477,0.2274376941336449,10.598190716317092,47.24095701226685,8.624279248306385
6.06,31.221109624609824,131.01201415819057,146.28920988447277,0.0202415144687914,-0.2574198833282223,-2.2534792782574384,-4.868471800551049,-6.65589191030706,0.0,47.25357159837897,40.185248345728695,4.976822147498464,13.184263052166353,135.40367870928105,1348.557777647477,1.274,1.0300000015656,0,8.179525880677843,345.0001478400497,0.1390909121642068,1.5177525872858196e-05,-0.4019329639966403,0.1787496826073642,0.0561368271232012,0.2582144699348246,10.525994924403076,47.21313631369591,8.548747490246008
6.07,31.22110733589576,131.01201742581927,146.33002958706376,-0.0947587969625785,-0.3315122618037156,-2.2409424202808874,-4.792767213994246,-6.5929680568990845,0.0,47.237712199580535,40.17751674250079,4.729244533647577,13.188278177961896,135.45103238080415,1347.6474163105206,1.274,1.0300000015656,0,8.17991396892043,345.0001478400497,0.1390442942409184,1.5307093125306567e-05,-0.4016040830279227,0.1775986168961102,0.0560718473951191,0.3447890791874074,10.45577290933796,47.185638665818026,8.45338206269208
6.08,31.22110504758175,131.01202069280723,146.36985849130045,-0.2090797123405921,-0.4046577847768191,-2.226585628092569,-4.706435446361144,-6.513186648470632,0.0,47.222052671028194,40.169807458231645,4.481997669886439,13.192038628748154,135.49775122905115,1346.7488948063467,1.274,1.0300000015656,0,8.180292895257027,345.0001478400497,0.1389982630349155,1.54344622900226e-05,-0.4008423380413468,0.1761702738508229,0.0559467253242211,0.4554794419719399,10.387688381772165,47.158489703262745,8.338454202537129
6.09,31.22110275965656,131.0120239591467,146.408692795929,-0.3224776313760694,-0.476701540444767,-2.210276242347245,-4.609716765549078,-6.416808701180504,0.0,47.20659386832623,40.16211876790437,4.235359569366803,13.195542889306733,135.54373939352843,1345.862250681335,1.274,1.0300000015656,0,8.180662624103155,345.0001478400497,0.1389528210610334,1.555937185116212e-05,-0.3996513168098273,0.1744688660225368,0.0557620219424184,0.5755291320660798,10.321890927268248,47.13171462935154,8.204282030355536
6.1,31.221100472109256,131.01202722483,146.44652874143296,-0.4347118937517963,-0.5474916218956857,-2.191893240851936,-4.5028720065259495,-6.30412924444274,0.0,47.19133663729502,40.15444892147584,3.989605702563504,13.198791030235345,135.58890301312232,1344.987521005747,1.274,1.0300000015656,0,8.181023120158937,345.0001478400497,0.1389079708053417,1.5681568746404117e-05,-0.398035511521323,0.1724991709018817,0.0555184221778173,0.6990820802464303,10.258515467083972,47.105338163173855,8.051229584174434
6.11,31.22109818492924,131.0120304898495,146.4833626120192,-0.5455452789352897,-0.6168794425368347,-2.17132844290356,-4.386181808072409,-6.175476327671803,0.0,47.1762818122851,40.146796151477005,3.745008414598385,13.201784660986016,135.63315039040253,1344.1247422786869,1.274,1.0300000015656,0,8.181374348482864,345.0001478400497,0.1388637147202063,1.5800808844419872e-05,-0.3960003037522644,0.170266517534891,0.0552167325651427,0.8234976611333787,10.197681852614393,47.07938448811239,7.879705954796927
6.12,31.221095898106288,131.01203375419774,146.51919074655194,-0.6547444964306952,-0.6847200421575838,-2.1484876019670964,-4.259945811702068,-6.0312099560177455,0.0,47.16143021458439,40.1391586806411,3.501836352895995,13.204526874584689,135.6763921511779,1343.27395034159,1.274,1.0300000015656,0,8.181716274639363,345.0001478400497,0.1388200552195871,1.591685738466598e-05,-0.3935519475448564,0.1677767720410325,0.0548578787048696,0.9473708266744444,10.139494601965596,47.05387720198844,7.690164551426185
6.13,31.22109361163053,131.01203701786727,146.55400955644183,-0.7620806654891594,-0.7508723831382857,-2.123291377711582,-4.124481826319684,-5.871720960824455,0.0,47.14678265066526,40.13153472953093,3.260353906423535,13.207022184552436,135.71854139930875,1342.4351802781823,1.274,1.0300000015656,0,8.182048864625026,345.0001478400497,0.1387769946739213,1.602948937908955e-05,-0.3906975506529167,0.1650363220769849,0.0544429024799685,1.0698331774337049,10.084042784993011,47.028839268653904,7.48310254186664
6.14,31.221091325492488,131.01204028085084,146.58781552167065,-0.8673297833652632,-0.8151996358469721,-2.095676179615361,-3.980124962398796,-5.697429810777704,0.0,47.13233991074952,40.12392252413724,3.0208206577197583,13.20927645458801,135.75951386676695,1341.6084663371028,1.274,1.0300000015656,0,8.182372085121566,345.0001478400497,0.138734535405887,1.6138489975349997e-05,-0.3874450540263021,0.1620520602912994,0.0539729590413891,1.1902775461892714,10.031400061206789,47.00429297166031,7.259060532524558
6.15,31.22108903968312,131.01204354314126,146.62060519277657,-0.9702731811597288,-0.8775694530314841,-2.0655948755258464,-3.827226739333097,-5.508785369912498,0.0,47.11810276713895,40.11632030342049,2.7834908488658927,13.21129682160666,135.79922805891673,1340.7938418389235,1.274,1.0300000015656,0,8.182685903432596,345.0001478400497,0.1386926796855066,1.6243654781753256e-05,-0.3838032096085214,0.1588313668182668,0.0534493135721304,1.3082371995645934,9.981624871931889,46.98025986948329,7.01862258251766
6.16,31.221086754193774,131.01204680473168,146.65237521968027,-1.0706979663793208,-0.9378542323728049,-2.033017359847953,-3.666154169777289,-5.306263608727882,0.0,47.1040719727332,40.108726326767176,2.548612862497436,13.213091612761502,135.83760539497172,1339.9913390939569,1.274,1.0300000015656,0,8.182990287588993,345.0001478400497,0.1386514297258015,1.6344790153956416e-05,-0.3797815565264674,0.1553820908596607,0.0528733378417955,1.4233278985371107,9.934760785908386,46.95676075285508,6.762416688383554
6.17,31.22108446901625,131.01205006561523,146.6831223397546,-1.1683974513328583,-0.9959313668099324,-1.997930977301732,-3.497288824676115,-5.090366274692792,0.0,47.090248259592975,40.10113888133264,2.316428718897449,13.214670257101051,135.87457034356024,1339.200989324048,1.274,1.0300000015656,0,8.18328520645435,345.0001478400497,0.1386107876785631,1.6441713443923474e-05,-0.3753903957545483,0.1517125314055851,0.0522465065632245,1.535218028274265,9.89083699447202,46.933815604121975,6.491115938249452
6.18,31.22108218414284,131.0120533257854,146.7128433917406,-1.2631715665128198,-1.0516834822479268,-1.9603407994847328,-3.3210258826046606,-4.861619528378857,0.0,47.07663233746936,40.09355628924356,2.0871735901528603,13.216043192539583,135.91005055330945,1338.422822580908,1.274,1.0300000015656,0,8.183570629735485,345.0001478400497,0.1385707556300452,1.653425321181817e-05,-0.3706407633384025,0.1478314171465152,0.0515703935630489,1.6436122862357463,9.849868949724415,46.91144355860629,6.205440629139011
6.19,31.221079899566213,131.0120565852358,146.74153532270316,-1.354827258165903,-1.104998662120703,-1.920269752786232,-3.1377731669770315,-4.62057255132186,0.0,47.06322489248407,40.08597691463079,1.8610753322932805,13.21722176883506,135.94397697833406,1337.656867674563,1.274,1.0300000015656,0,8.183846528108932,345.0001478400497,0.1385313355970816,1.6622249401508032e-05,-0.3655444022656601,0.143747885629413,0.0508466677787982,1.74824236119678,9.811859136546328,46.88966286823622,5.906161788581123
6.2,31.2210776152796,131.01205984396032,146.76919519300185,-1.4431788692562006,-1.155770658592281,-1.8777585974744155,-2.9479501744697703,-4.367796131535973,0.0,47.05002658577277,40.078399170467854,1.638354036269182,13.21821814728444,135.97628399849242,1336.9031520997523,1.274,1.0300000015656,0,8.184112873242034,345.0001478400497,0.1384925295230953,1.670555348088493e-05,-0.3601137330727013,0.1394714617119929,0.050077089094732,1.8488614185969952,9.776797966613437,46.86849086728527,5.594106776618234
6.21,31.221075331276666,131.0120631019531,146.79582018622793,-1.5280485030858917,-1.2038990900255937,-1.832865759053472,-2.751987097868343,-4.103881232341752,0.0,47.03703805218464,40.070821525187455,1.4192215985627883,13.219045197855456,136.00690953424632,1336.1617019635248,1.274,1.0300000015656,0,8.184369637814006,345.0001478400497,0.1384543392742988,1.6784028548082115e-05,-0.3543618232774396,0.1350120353692413,0.0492635040289607,1.9452407544629269,9.744664780452318,46.847943940366605,5.2701680283185794
6.22,31.22107304755158,131.01206635920846,146.82140760324114,-1.6092663688777409,-1.2492896243697875,-1.7856670142274802,-2.5503238463503712,-3.8294375498496738,0.0,47.02425989916857,40.063242509050816,1.203881312160564,13.21971639447962,136.0357951559411,1335.4325419263755,1.274,1.0300000015656,0,8.184616795684597,345.0001478400497,0.1384167666364072,1.6857549404817618e-05,-0.3483023557284993,0.1303798389068166,0.048407841284694,2.037167732209694,9.715428941643523,46.82803749286133,4.935316641833846
6.23,31.221070764099025,131.01206961572106,146.84595488403588,-1.6866711086266266,-1.2918541484672714,-1.7362550349802397,-2.3434090659099174,-3.5450920640991472,0.0,47.01169270553815,40.05566072024564,0.99252747855332,13.220245709232108,136.0628861872974,1334.7156951354957,1.274,1.0300000015656,0,8.184854321851917,345.0001478400497,0.1383798133110079,1.6926002598511633e-05,-0.3419495959608868,0.1255854236363154,0.0475121071775591,2.1244445022205505,9.689051005491743,46.80878592346546,4.590623632974258
6.24,31.221068480914145,131.0120728714859,146.86945960674583,-1.7601101046160783,-1.3315109229338669,-1.6847387954378612,-2.131699162463152,-3.251487588427045,0.0,46.99933702036439,40.048074830689714,0.7853450413658551,13.220647506120176,136.08813180288877,1334.0111831630888,1.274,1.0300000015656,0,8.185082192484066,345.0001478400497,0.138343480912332,1.6989286434582788e-05,-0.3353183586477478,0.1206396360665276,0.0465783809515127,2.2068872106566224,9.66548394359042,46.79020259915153,4.23729367235676
6.25,31.22106619799265,131.01207612649824,146.891919481681,-1.8294397670307545,-1.3681847224296788,-1.631242847261808,-1.9156573298948147,-2.949281321197372,0.0,46.98719336207088,40.04048359151666,0.5825092421561467,13.220936435194332,136.11148511935937,1333.3190259604032,1.274,1.0300000015656,0,8.185300385108858,345.0001478400497,0.1383077709645712,1.7047310960676152e-05,-0.3284239732365176,0.1155535936651095,0.0456088099957033,2.2843255194850483,9.644674404889082,46.772299832640286,3.8767198175630715
6.26,31.221063915330703,131.01207938075365,146.91333237120512,-1.8945258010880752,-1.4018069615050757,-1.5759064703041197,-1.6957525849445962,-2.6391434035878505,0.0,46.97526221733157,40.032885838223926,0.3841852988636085,13.221127327682565,136.13290328012306,1332.6392417968643,1.274,1.0300000015656,0,8.185508878497876,345.0001478400497,0.138272684898657,1.7099997924432928e-05,-0.3212822488560888,0.1103386602447914,0.0446056049733697,2.3566023266683485,9.626563993341035,46.75508886194581,3.5105748727514605
6.27,31.22106163292502,131.012082634248,146.93369628874188,-1.955243453254312,-1.4323158056208865,-1.5188827062332904,-1.4724588106976413,-2.3217554866027688,0.0,46.96354404026669,40.025280495462994,0.190528107325799,13.221235092831988,136.15234753327215,1331.9718472184568,1.274,1.0300000015656,0,8.185707652814042,345.0001478400497,0.1382382240498897,1.7147280706763203e-05,-0.3139094385799966,0.1050064210267099,0.0435710348749908,2.4235736150325256,9.611090542768856,46.73857983254443,3.140969303267024
6.28,31.221059350772823,131.0120858869776,146.9530094017561,-2.0114777360699687,-1.459656267577321,-1.4603372836620847,-1.2462538100379248,-1.99780931002916,0.0,46.95203925156313,40.017666581453454,0.0016819662263761,13.22127461711922,136.169783302416,1331.316857000293,1.274,1.0300000015656,0,8.18589668959053,345.0001478400497,0.1382043896553629,1.718910423225215e-05,-0.3063222031280252,0.0995686574339032,0.0425074220062676,2.485108383119276,9.598189369683462,46.72278178174924,2.770735566654961
6.29,31.22105706887181,131.01208913893905,146.97127003274733,-2.063123631223605,-1.4837802891930447,-1.4004474441061323,-1.0176183702415451,-1.6680052955381648,0.0,46.94074823775877,40.01004321200428,-0.1822196742190854,13.2212606664658,136.18518025016587,1330.6742841097296,1.274,1.0300000015656,0,8.186075971815097,345.0001478400497,0.1381711828518544,1.72254248586335e-05,-0.2985375740864403,0.0940373216663198,0.0414171369220117,2.541088626551209,9.58779448596561,46.70770262554692,2.403963780321954
6.3,31.221054787220265,131.0120923901293,146.988476666207,-2.1100862705215664,-1.504646808388544,-1.3394006787717485,-0.7870353395678292,-1.3330511556738815,0.0,46.92967135051861,40.00240960412803,-0.3610544395848661,13.221207792063636,136.19851233398,1330.0441396676492,1.274,1.0300000015656,0,8.186245483919532,345.0001478400497,0.1381386046737087,1.725621024711613e-05,-0.2905729167242341,0.088424511108366,0.0403025933159999,2.591409348524825,9.579839754308145,46.69334914769355,2.0470574461080324
6.31,31.22105250581689,131.01209564054582,147.00462795259375,-2.152281094492205,-1.5222218116185868,-1.2773933867823115,-0.5549887165133581,-0.9936605199940224,0.0,46.9188089060678,39.994765079233055,-0.5347112343615485,13.221130240381727,136.20975785408845,1329.4264329204357,1.274,1.0300000015656,0,8.18640521186399,345.0001478400497,0.138106656051159,1.7281439215329135e-05,-0.2824458924801603,0.0827424426186805,0.0391662428769613,2.635978584496236,9.574259970930711,46.679726991236535,1.710879180143098
6.32,31.221050224660942,131.01209889018628,147.01972270734035,-2.189633988374084,-1.5364783718752388,-1.2146294659400556,-0.3219627521130994,-0.6505515792145393,0.0,46.90816118458181,39.98710906588352,-0.7030904207320637,13.221041867886145,136.21889949322272,1328.821171207392,1.274,1.0300000015656,0,8.186555143084286,345.0001478400497,0.1380753378085472,1.730110157471181e-05,-0.2741744211924053,0.0770034267512282,0.0380105701198685,2.6747174306439265,9.570991861549308,46.66684065222229,1.414991911813137
6.33,31.22104794375215,131.01210213904886,147.03375991283855,-2.2220813953450533,-1.5473966721925891,-1.1513188475511016,-0.0884410655415187,-0.3044457477849535,0.0,46.89772842978162,39.97944110211672,-0.8661039728879745,13.220956060964005,136.22592434788805,1328.2283599407072,1.274,1.0300000015656,0,8.186695266586753,345.0001478400497,0.1380446506631356,1.7315197953932833e-05,-0.2657766431401442,0.0712198419553667,0.036838087201925,2.7075600685737298,9.569974978606696,46.65469347584338,1.194170894028512
6.34,31.22104566309075,131.01210538713215,147.04673872838208,-2.2495704068515576,-1.5549640149066164,-1.0876759871430293,0.1450942269735213,0.0439336550164718,0.0,46.88751084854218,39.97176083730957,-1.023675606820585,13.220885661495757,136.23082395093112,1327.6480025870524,1.274,1.0300000015656,0,8.186825572969338,345.0001478400497,0.1380145952239447,1.73237396100266e-05,-0.2572708809633104,0.0654041088021088,0.0356513287317222,2.73445378097463,9.571152489455985,46.64328765478912,1.0981901264133243
6.35,31.221043382677443,131.01210863443515,147.05865847823665,-2.272058829974537,-1.5591748168050297,-1.023918323133841,0.3781633700351529,0.3938627056971607,0.0,46.877508610514745,39.96406803358825,-1.1757408855621867,13.220842898471975,136.23359428517594,1327.0801006481315,1.274,1.0300000015656,0,8.18694605436888,345.0001478400497,0.1379851719906535,1.7326748228757926e-05,-0.2486756015244784,0.0595686642823873,0.0344528465797873,2.755358954366134,9.57447184724293,46.63262422977614,1.1604068673636194
6.36,31.221041102513407,131.01211188095724,147.0695186605854,-2.2895152318435925,-1.5600305901973557,-0.9602647156532038,0.6102898139537196,0.7446181593811291,0.0,46.86772184793728,39.95636256677609,-1.322247299892012,13.220839325998783,136.23423578792375,1326.5246536525965,1.274,1.0300000015656,0,8.187056704534907,345.0001478400497,0.137956381353043,1.732425571558828e-05,-0.2400093777743616,0.0537259362221906,0.0332452046986621,2.770249066114782,9.57988533828504,46.62270309242572,1.3597860803907116
6.37,31.22103882260029,131.01211512669823,147.0793189524996,-2.3019189611247923,-1.557539910180396,-0.8969338777468814,0.8410010469427209,1.095478715554655,0.0,46.8581506554688,39.9486444268786,-1.463154324558102,13.220885767982972,136.23275334613953,1325.9816591502165,1.274,1.0300000015656,0,8.187157518840175,345.0001478400497,0.1379282235904968,1.7316303978644744e-05,-0.2312908506800612,0.0478883178589219,0.0320309739599689,2.779110653791352,9.587350501537967,46.61352299027946,1.646768580657916
6.38,31.22103654294017,131.0121183716585,147.08805919900416,-2.309260146676128,-1.5517183682777815,-0.8341428111495532,1.0698294149949077,1.4457262675793667,0.0,46.84879509003762,39.94091371810266,-1.5984334501018809,13.220992269730912,136.22915628217754,1325.4511127037897,1.274,1.0300000015656,0,8.187248494217418,345.0001478400497,0.1379006988715798,1.7302944704790773e-05,-0.2225386912733617,0.0420681426220828,0.0308127270156806,2.7819432654993026,9.596830417721597,46.60508153391508,1.982537174266801
6.39,31.2210342635356,131.01212161583868,147.0957394230181,-2.3115396735542064,-1.542588512465848,-0.7721052586933604,1.2963129297696727,1.7946471369449564,0.0,46.839655170951175,39.93317065841333,-1.728068190405428,13.221168056638758,136.22345832993165,1324.9330079003428,1.274,1.0300000015656,0,8.187329629306918,345.0001478400497,0.1378738072543282,1.7284239129908924e-05,-0.2137715628747119,0.0362776591605683,0.0295930331910237,2.778759390198896,9.608293867645855,46.59737520640841,2.34463901028169
6.4,31.22103198438951,131.01212485923995,147.1023598183961,-2.3087691365070344,-1.5301797741041632,-0.7110301851662097,1.5199960649229147,2.141533293215852,0.0,46.83073087979157,39.92541557863037,-1.8520540661133704,13.22142150009276,136.21567760133047,1324.4273363454165,1.274,1.0300000015656,0,8.18740092426679,345.0001478400497,0.1378475486859672,1.726025780431552e-05,-0.2050080835468328,0.0305290066586306,0.0283744534152895,2.769584367623343,9.621715360693734,46.590399374586696,2.720683150892542
6.41,31.221029705505263,131.0121281018639,147.10792075688624,-2.3009707712824543,-1.5145283815670096,-0.6511202981774077,1.740430541100454,2.4856835606746266,0.0,46.822022160680845,39.9176489210689,-1.970398564113044,13.22176009063894,136.2058365431361,1323.9340876810084,1.274,1.0300000015656,0,8.18746238092052,345.0001478400497,0.1378219230036808,1.723108035409418e-05,-0.1962667888312538,0.0248341904808109,0.0271595351978596,2.75445627740568,9.637075036608334,46.58414830269145,3.103494622985828
6.42,31.221027426886664,131.01213134371264,147.1124227732215,-2.288177363982879,-1.4956772611117648,-0.5925706201680432,1.9571760998931944,2.826404812522332,0.0,46.81352892044069,39.90987123773149,-2.0831210732858203,13.222190418423184,136.19396188404215,1323.4532495968076,1.274,1.0300000015656,0,8.18751400269375,345.0001478400497,0.1377969299350777,1.7196795238993217e-05,-0.1875660948196737,0.0192050581867976,0.0259508076555725,2.7334258075885387,9.654358444793102,46.57861516789521,3.488587449115885
6.43,31.221025148537823,131.0121345847886,147.11586658301093,-2.270432138840348,-1.4736759250485132,-0.5355671222709635,2.1698012668522475,3.1630131534009687,0.0,46.805251028864845,39.902083188059926,-2.190252796772864,13.222718160843218,136.18008457210902,1322.9848078470427,1.274,1.0300000015656,0,8.187555794593177,345.0001478400497,0.1377725690989972,1.715749950741144e-05,-0.1789242616119495,0.0136532759554811,0.0247507765980947,2.706556102757246,9.673556207156343,46.57379207788479,3.872921621809401
6.44,31.221022870463283,131.01213782509475,147.1182530598772,-2.247788624797351,-1.4485803474366634,-0.4802854301916434,2.377884103556175,3.4948350908136008,0.0,46.79718831910368,39.89428553625656,-2.291836641026996,13.223348077296972,136.16423970261275,1322.528746274956,1.274,1.0300000015656,0,8.187587763227656,345.0001478400497,0.1377488400066258,1.7113298548842732e-05,-0.170359357212049,0.0081903054574205,0.0235619196777774,2.673922592341209,9.694663571794244,46.569670090480194,4.254277754964012
6.45,31.221020592667887,131.0121410646345,147.11958325335092,-2.220310501304245,-1.420452827630642,-0.4268896116765117,2.581012948592603,3.8212086957776825,0.0,46.78934058803097,39.88647914818657,-2.387927081952121,13.224084010855297,136.14646643642706,1322.0850468337933,1.274,1.0300000015656,0,8.187609916723847,345.0001478400497,0.1377257420625922,1.7064305844021442e-05,-0.1618892219132858,0.0028273812143946,0.0223866816103025,2.635612799923753,9.717679866012135,46.566239235114296,4.630928468249858
6.46,31.22101831515686,131.01214430341167,147.11985836998335,-2.18807142383676,-1.389361841758142,-0.3755310544900201,2.778787147087012,4.14148475280756,0.0,46.78170759683093,39.878664987875645,-2.478590008460396,13.224928896633182,136.1268079090961,1321.6536896226655,1.274,1.0300000015656,0,8.187622264810566,345.0001478400497,0.1377032745666763,1.7010642712889204e-05,-0.1535314332245127,-0.0024245115160716,0.0212274694728336,2.591726134613078,9.7426078585093,46.56348853640476,5.001457541501263
6.47,31.22101603793569,131.01214754143052,147.1190797822938,-2.151154829592409,-1.3553818825995807,-0.3263474430764601,2.970817768308827,4.455027898982364,0.0,46.774289071491744,39.870844113616094,-2.5639025438070404,13.225884776581964,136.1053111307977,1321.2346529156407,1.274,1.0300000015656,0,8.187624818713363,345.0001478400497,0.1376814367152607,1.6952438060369998e-05,-0.1453032713891171,-0.007554658293289,0.0200866480859601,2.5423736660085026,9.76945304131749,46.56140603943714,5.36465604179925
6.48,31.221013761010223,131.01215077869577,147.1172490188295,-2.109653723943847,-1.3185932879705646,-0.2794618413239723,3.156728310607228,4.761217751561134,0.0,46.767084703451566,39.86301767369884,-2.6439528450925343,13.226952820376251,136.08202687743375,1320.8279131995787,1.274,1.0300000015656,0,8.187617591143992,345.0001478400497,0.1376602276032267,1.6889828119839846e-05,-0.1372216855495551,-0.0125526364463658,0.0189665354862518,2.487677884621001,9.798222843251915,46.559978836996535,5.719460378875459
6.49,31.221011484386533,131.01215401521253,147.1143677582023,-2.063670448209588,-1.2790820579607936,-0.2349818880060891,3.3361553927707304,5.059450023238086,0.0,46.76009415029539,39.85518690178853,-2.718839881352979,13.228133352024717,136.0570095731223,1320.433445213799,1.274,1.0300000015656,0,8.187600596268785,345.0001478400497,0.137639646226011,1.68229561940659e-05,-0.129303260610618,-0.0174083353907755,0.0178693984960792,2.4277724502720512,9.828925787222936,46.55919309859731,6.064914165101432
6.5,31.221009208070967,131.01215725098635,147.11043783704136,-2.013316429357804,-1.2369396612795776,-0.19299911060673,3.50874943067413,5.349137623780337,0.0,46.75331703657294,39.84735311196005,-2.788673190690393,13.229425881792256,136.03031716440069,1320.051221998564,1.274,1.0300000015656,0,8.187573849740268,345.0001478400497,0.1376196914819919,1.675197239329975e-05,-0.1215641848554882,-0.0221119762725242,0.0167974483976282,2.3628019317473807,9.86157060444885,46.55903410134911,6.400144103228722
6.51,31.221006932070143,131.01216048602328,147.10546123309567,-1.9587119122456824,-1.1922628311575632,-0.1535883623045466,3.674175297917506,5.629711746400224,0.0,46.74675295454482,39.83951769341724,-2.853572616927387,13.2308291429843,136.0020109864818,1319.6812149378968,1.274,1.0300000015656,0,8.187537368570696,345.0001478400497,0.1376003621746823,1.66770333701265e-05,-0.1140202183693531,-0.0266541309043381,0.0157528367179484,2.292921542133164,9.896165318923392,46.559486262402494,6.72434441803952
6.52,31.221004656390846,131.01216372032957,147.09944006921074,-1.8999856750913,-1.1451533509852367,-0.1168073859548794,3.832112968899247,5.9006229368771965,0.0,46.740401465082655,39.83168210491394,-2.9136680263034247,13.232341133111325,135.97215562193594,1319.323393810216,1.274,1.0300000015656,0,8.187491171110942,345.0001478400497,0.1375816570153847,1.6598302050603546e-05,-0.1066866623263117,-0.031025739959369,0.0147376511322563,2.218296875720328,9.932716315962102,46.56053317317848,7.036766644917301
6.53,31.221002381040137,131.0121669539121,147.09237660339008,-1.8372747288564644,-1.0957178300780412,-0.0826965079193269,3.9822581426137273,6.1613421430751165,0.0,46.734262098676005,39.82384786890028,-2.969099004764212,13.233959158924728,135.94081875219763,1318.9777268469793,1.274,1.0300000015656,0,8.187435277082145,345.0001478400497,0.1375635746261339,1.651594736116543e-05,-0.0995783291957784,-0.0352181303881106,0.013753911492695,2.1391036546621107,9.97122740859614,46.56215763527942,7.336712862779138
6.54,31.22100010602519,131.01217018677795,147.08427322978827,-1.7707240012133347,-1.0440674700724923,-0.0512784635791462,4.124322845323271,6.411361742145741,0.0,46.72833435636036,39.81601656541629,-3.020014536430589,13.235679884791828,135.90807100232203,1318.6441807851309,1.274,1.0300000015656,0,8.187369707449202,345.0001478400497,0.1375461135424273,1.6430143950727657e-05,-0.0927095139251766,-0.0392230320251463,0.0128035659897343,2.0555274968990958,10.011698915400904,46.56434169782254,7.623531189805191
6.55,31.220997831353376,131.01217341893468,147.0751324677788,-1.7004860058638265,-0.9903178221937886,-0.022558355364703,4.25803601003568,6.650196542424351,0.0,46.72261771080192,39.80818982575708,-3.0665726638686923,13.237499383861548,135.873985779435,1318.322720928366,1.274,1.0300000015656,0,8.187294484410254,345.0001478400497,0.1375292722164143,1.634107190739929e-05,-0.0860939661563061,-0.0430325933536699,0.0118884874537089,1.967763721761875,10.054126763228092,46.56706669639884,7.896612792522508
6.56,31.22099555703221,131.01217665039016,147.06495695599173,-1.6267204979363243,-0.9345885358992356,0.0034762569060461,4.383144030637106,6.877384756719155,0.0,46.717111607427086,39.80036932593397,-3.108940130819513,13.239413191459317,135.8386391053417,1318.0133112120811,1.274,1.0300000015656,0,8.187209631375588,345.0001478400497,0.1375130490202023,1.6248916469184235e-05,-0.0797448635326869,-0.0466393963962062,0.0110104698038612,1.8760172174046976,10.098501627619962,46.570313293470754,8.155389921372537
6.57,31.22099328306933,131.01217988115266,147.05374945529485,-1.5495941162072169,-0.8770030993982755,0.0268551346185387,4.499411288427436,7.092488943447614,0.0,46.7118154655202,39.792556779956,-3.1472920080826228,13.241416360144392,135.8021094437696,1317.7159142649225,1.274,1.0300000015656,0,8.187115172851687,345.0001478400497,0.137497442249086,1.615386772807378e-05,-0.073674786155197,-0.0500364707013693,0.0101712246522695,1.78050240630975,10.144808122979224,46.574061520057086,8.39933464945946
6.58,31.22099100947244,131.01218311123074,147.0415128348797,-1.4692800129555497,-0.8176885724118265,0.0476250101333436,4.606620648688068,7.295096911887079,0.0,46.70672867946145,39.78475393295768,-3.181811303285868,13.243503515860436,135.76447752273705,1317.4304914783838,1.274,1.0300000015656,0,8.187011134430705,345.0001478400497,0.1374824501251865,1.6056120326922996e-05,-0.0678956922429946,-0.0532173063979475,0.0093723780701257,1.6814433646387446,10.193024053774844,46.578290818822985,8.6279580954206
6.59,31.22098873624938,131.01218634063326,147.02825006530404,-1.3859574722191428,-0.756775311750499,0.0658491110067359,4.704573924907181,7.4848225876338175,0.0,46.70185061999204,39.776962554198846,-3.212688555309646,13.245668914616012,135.7258261525434,1317.1570030786777,1.274,1.0300000015656,0,8.186897542758834,345.0001478400497,0.1374680708011597,1.5955873148544995e-05,-0.0624188950558038,-0.0561758662886349,0.0086154675236303,1.579074183821007,10.243119736834194,46.58298008837306,8.840809979220813
6.6,31.22098646340804,131.01218956936944,147.0139642194881,-1.299811517245899,-0.6943966902689512,0.0816065629128417,4.793092308269777,7.661306834259909,0.0,46.69718063546729,39.76918442996247,-3.2401214141712966,13.247906499139257,135.68624003988495,1316.8954081976303,1.274,1.0300000015656,0,8.186774425441447,345.0001478400497,0.1374543023638712,1.585332899648707e-05,-0.0572550411326394,-0.0589065969575652,0.0079019389866755,1.4736397186435624,10.29505740356394,46.58810772862173,9.037478404698012
6.61,31.22098419095632,131.01219279744873,146.9986584587969,-1.211032507963176,-0.6306888097103068,0.0949916764710829,4.872016760022658,7.824218227113556,0.0,46.69271805315808,39.76142135637597,-3.2643142072112648,13.250209954967485,135.64580559860056,1316.6456649447416,1.274,1.0300000015656,0,8.186641810958774,345.0001478400497,0.1374411428382311,1.5748694267016014e-05,-0.0524140899005871,-0.061404438867615,0.0072331442373329,1.3653969654326423,10.348790689616232,46.59365168722064,9.2175897931095
6.62,31.220981918902204,131.01219602488086,146.98233602906797,-1.1198157293037465,-0.5657902079706497,0.1061131240934555,4.941208364369616,7.973253775218565,0.0,46.68846218068133,39.75367513218369,-3.2854774924583108,13.252572765450072,135.6046107575523,1316.4077304885564,1.274,1.0300000015656,0,8.186499728686979,345.0001478400497,0.1374285901913818,1.5642178611893786e-05,-0.047905294705301,-0.0636648354251714,0.0066103383449478,1.254617497654282,10.404264218044345,46.5995895070398,9.380808912842124
6.63,31.220979647253618,131.01219925167587,146.96500026160504,-1.026360971170751,-0.4998415615456621,0.1150930138470898,5.000548639694047,8.108139587266713,0.0,46.68441230732606,39.74594755149505,-3.303827600085385,13.254988265168643,135.5627447661429,1316.1815611301668,1.274,1.0300000015656,0,8.186348208761137,345.0001478400497,0.137416642336602,1.553399459159888e-05,-0.0437371853124609,-0.0656837409918953,0.0060346773542331,1.141591741940971,10.461413280306637,46.60589837434757,9.52683896507042
6.64,31.22097737601852,131.01220247784397,146.94665454832955,-0.93087210093015,-0.4329853836197889,0.1220658681210552,5.04993980595074,8.228631477850074,0.0,46.680567705529725,39.738240396535815,-3.319586162900805,13.25744969130528,135.5202979979663,1315.9671123869284,1.274,1.0300000015656,0,8.186187282075233,345.0001478400497,0.13740529713763,1.542435731874277e-05,-0.0399175519269356,-0.0674576278257239,0.0055072161725743,1.0266366032215375,10.520163618129866,46.61255516786913,9.655421695511338
6.65,31.22097510520482,131.01220570339555,146.92730235470356,-0.8335566292245076,-0.3653657186117808,0.127177515653357,5.089305006297029,8.334515510223778,0.0,46.676927632262206,39.73055543042685,-3.332979636850492,13.25995023252301,135.4773617530808,1315.764339068882,1.274,1.0300000015656,0,8.186016980145137,345.0001478400497,0.1373945524127393,1.5313484091518364e-05,-0.0364534307729859,-0.0689834919350588,0.005028906666192,0.9101095232382168,10.58043130744541,46.61953650834982,9.766337509925023
6.66,31.22097283482039,131.01220892834124,146.9069471938869,-0.7346252700081749,-0.2971278336851818,0.1305839061347701,5.118588481140176,8.425608472152891,0.0,46.67349133056227,39.72289439001685,-3.344238812536651,13.262483074958029,135.43402805938507,1315.5731953655277,1.274,1.0300000015656,0,8.18583733511915,345.0001478400497,0.1373844059392409,1.5201594017106924e-05,-0.0333510912755285,-0.0702588578330923,0.0046005959704923,0.7924357380753076,10.642122744306793,46.62681880878387,9.859405576494806
6.67,31.220970564873,131.01221215269183,146.88559263966,-0.6342914956056152,-0.2284179080821532,0.1324498572258601,5.137755693066178,8.501758281647263,0.0,46.67025803097594,39.715258978793166,-3.353598318784694,13.265041444962016,135.39038947356815,1315.393634925838,1.274,1.0300000015656,0,8.185648379651495,345.0001478400497,0.1373748554577103,1.5088907625104884e-05,-0.0306160248782997,-0.0712817821811922,0.0042230250192912,0.6741648987287701,10.705134731015034,46.63437832491852,9.93448390234092
6.68,31.220968295370405,131.0122153764583,146.86324229859375,-0.532771087691035,-0.1593827208579848,0.1329477443285281,5.1467934012837775,8.56284431974508,0.0,46.667226953084885,39.707650859894976,-3.361296119315002,13.267618648275178,135.34653888209047,1315.2256109434095,1.274,1.0300000015656,0,8.185450146860198,345.0001478400497,0.1373658986764783,1.497564647111046e-05,-0.0282529355307058,-0.0720508563135227,0.0038968272971464,0.5560999473458297,10.769354659533295,46.64219120612548,9.991469374542008
6.69,31.22096602632018,131.01221859965165,146.8398998219781,-0.4302816850340143,-0.0901693377933846,0.1322561438922892,5.145709684514016,8.608777687863919,0.0,46.66439730704055,39.70007164925329,-3.36757300359718,13.27020810535434,135.30256930264332,1315.06907624245,1.274,1.0300000015656,0,8.185242670274352,345.0001478400497,0.1373575332761312,1.4862032730749752e-05,-0.0262657318703412,-0.0725652076373644,0.003622527818361,0.4396278939124889,10.83466078791983,46.65023354642757,10.030297758489636
6.7,31.220963757729848,131.012221822283,146.8155688769976,-0.3270423288689635,-0.0209247982308133,0.1305584413742685,5.134533911527477,8.639501387649862,0.0,46.66176829507176,39.69252290887994,-3.372672072983156,13.272803382626748,135.2585736865194,1314.9239833619051,1.274,1.0300000015656,0,8.185025983739257,345.0001478400497,0.1373497569139369,1.4748288784530592e-05,-0.0246575211233199,-0.072824499906632,0.0034005423355919,0.3277110423803942,10.900922604468276,46.658481435524834,10.050943648356785
6.71,31.220961489606765,131.01222504436373,146.7902531606477,-0.2232730067672473,0.0482041974649314,0.1280414152121907,5.113316658807761,8.654990421703069,0.0,46.65933911301817,39.68500614032773,-3.3768382232299152,13.2753982194873,135.21464472231423,1314.7902846404277,1.274,1.0300000015656,0,8.184800121342649,345.0001478400497,0.1373425672283533,1.4634636794027837e-05,-0.0234306047394366,-0.0728289323690261,0.0032311767803307,0.2284173120458089,10.968001273370692,46.66691100975631,10.053420366075537
6.72,31.220959221958143,131.0122282659051,146.7639563818445,-0.1191941958853426,0.1170715990954129,0.1248938083140076,5.082129575122413,8.655251814024519,0.0,46.657108951904014,39.67752277834332,-3.3803176245349644,13.277986550905698,135.1708746413643,1314.667932304429,1.274,1.0300000015656,0,8.18456511738307,345.0001478400497,0.1373359618436461,1.4521298270033032e-05,-0.0225864757737574,-0.0725792377900517,0.0031146269368097,0.1670718284933849,11.035750154970223,46.67549850289102,10.03777980660384
6.73,31.22095695479105,131.01223148691827,146.73668224751037,-0.0150264064382764,0.1855323156662875,0.121304898616804,5.041065193111117,8.640324549506094,0.0,46.655076999457776,39.67007418473316,-3.3833572002144834,13.280562525558656,135.12735502531424,1314.556878552905,1.274,1.0300000015656,0,8.184321006275004,345.0001478400497,0.1373299383743475,1.4408493633404748e-05,-0.0221258180207149,-0.0720766793600221,0.00305097835014,0.1861398191079814,11.104015393059957,46.68422029652186,10.004112228499965
6.74,31.220954688112368,131.01223470741485,146.7084344675445,0.0890102737184719,0.2534425215821023,0.1174630802072756,4.990236688285451,8.610279432290511,0.0,46.653242441638,39.66266164246143,-3.386204105159096,13.283120519451373,135.0841766161924,1314.4570756424223,1.274,1.0300000015656,0,8.184067822464566,345.0001478400497,0.1373244944297363,1.4296441769483388e-05,-0.0220485069012446,-0.0713230464933254,0.0030402064687707,0.2686184820504009,11.172636561372508,46.69305297000757,9.952545989968945
6.75,31.22095242192877,131.012237927406,146.6792167428957,0.1926966325277822,0.320659959270976,0.1135544663419921,4.929777586147907,8.565218863325034,0.0,46.651604464161856,39.65528634999836,-3.3891052052017656,13.28565514504076,135.04142912935993,1314.36847597083,1.274,1.0300000015656,0,8.183805600355699,345.0001478400497,0.1373196276183429,1.418535957703072e-05,-0.0223536120977892,-0.0703206495319889,0.0030821770205954,0.3741048168471997,11.241447361152748,46.70197334983903,9.883247231672973
6.76,31.220950156246765,131.01224114690305,146.64903275562443,0.2958147843032783,0.3870442375763005,0.109761525445655,4.859841418419187,8.505276537933396,0.0,46.65016225411593,39.64794941593627,-3.392306558529245,13.288161255921088,134.99920106968665,1314.2910321691468,1.274,1.0300000015656,0,8.183534374341809,345.0001478400497,0.137315335552652,1.4075461512768272e-05,-0.023039401926338,-0.069072313368439,0.0031766466212969,0.4871429948150271,11.310276361676715,46.71095855839965,9.796419508747626
6.77,31.22094789107263,131.01224436591724,146.61788616293904,0.3981486166459059,0.452457125000207,0.1062617608336722,4.780601329729708,8.430617064688489,0.0,46.648915001325165,39.64065185388871,-3.3960529002605444,13.290633947178597,134.95757955129469,1314.2246971761094,1.274,1.0300000015656,0,8.183254178573877,345.0001478400497,0.1373116158531402,1.3966959132686686e-05,-0.0241033494290134,-0.0675813700049543,0.0033232636127201,0.6026910283875664,11.378947775481636,46.71998606164688,9.692303375722702
6.78,31.22094562641241,131.01224758445963,146.58578059023958,0.4994842327311532,0.5167628374248596,0.1032264444361532,4.692249636266711,8.341435507380982,0.0,46.64786189994389,39.63339457768846,-3.4005871313051466,13.293068551566613,134.91665012119853,1314.1694243269567,1.274,1.0300000015656,0,8.18296504700261,345.0001478400497,0.1373084661529452,1.386006063138175e-05,-0.0255421401655132,-0.0658516500708322,0.0035215691284496,0.7186943466781479,11.447282260605563,46.72903371611539,9.57117592940764
6.79,31.22094336227192,131.01225080254144,146.5527196261486,0.599610388193417,0.579828319414594,0.1008194142955771,4.594997338252541,8.237956852275811,0.0,46.64700214991728,39.626178396896734,-3.40614981259862,13.295460631695756,134.87649658715927,1314.1251674349137,1.274,1.0300000015656,0,8.182667013294122,345.0001478400497,0.1373058841021543,1.3754970380762998e-05,-0.0273516816760081,-0.0638874733197481,0.0037709983829426,0.8340990492071145,11.515097742084544,46.73807981474543,9.433350316446688
6.8,31.22094109865673,131.0122540201734,146.51870680760183,0.69831892172885,0.6415235185320216,0.0991959449885166,4.489073588298686,8.1204354032812,0.0,46.64633495842061,39.61900401263669,-3.412978665794379,13.29780596847324,134.83720085006047,1314.091880871304,1.274,1.0300000015656,0,8.182360110745616,345.0001478400497,0.1373038673720285,1.3651888469556209e-05,-0.0295271145833026,-0.0616936381331589,0.0040708821799603,0.9482517401413796,11.58221024553898,46.74710313155165,9.279175214183947
6.81,31.220938835572184,131.01225723736627,146.48374562581424,0.7954051785721327,0.7017216520596595,0.0985016994388551,4.374725117899807,7.989154108024992,0.0,46.64585954128214,39.61187201376215,-3.421308081469369,13.30010054606406,134.7988427411015,1314.0695196440593,1.274,1.0300000015656,0,8.182044372211598,345.0001478400497,0.1373024136591882,1.3551010245077782e-05,-0.0320628252971328,-0.05927541005771,0.0044204486353819,1.0606842326390582,11.648434736086164,46.75608296504006,9.109034295892645
6.82,31.22093657302329,131.01226045413063,146.44783950540537,0.8906684260026178,0.7602994655648819,0.0988717698341619,4.252215624506535,7.844423818167818,0.0,46.64557512442267,39.604782873371086,-3.431368635875279,13.302340533680152,134.76149986409652,1314.0580394783287,1.274,1.0300000015656,0,8.181719830082796,345.0001478400497,0.1373015206898329,1.345252585882175e-05,-0.0349524602789331,-0.0566385094068124,0.0048188251088865,1.171024747288261,11.713585956328966,46.76499918031646,8.923345694480641
6.83,31.220934311014865,131.01226367047693,146.41099181036645,0.9839122600854368,0.8171374826753929,0.1004298145494667,4.121825121799327,7.68658248756188,0.0,46.64548094519066,39.597736945672565,-3.4433866172397427,13.304522264535768,134.72524744315436,1314.0573968905478,1.274,1.0300000015656,0,8.18138651618075,345.0001478400497,0.1373011862236632,1.3356619817445928e-05,-0.0381889418211762,-0.0537890979585423,0.0052650403384046,1.2789571391600636,11.777479257633656,46.77383224966509,8.722561482754907
6.84,31.2209320495514,131.01226688641515,146.37320582815542,1.0749450028083791,0.8721202456208244,0.1032872971101606,3.9838492558687295,7.515994312115998,0.0,46.64557625370852,39.590734463214176,-3.4575835625904885,13.306642212334305,134.6901581760085,1314.067549263597,1.274,1.0300000015656,0,8.181044461705119,345.0001478400497,0.1373014080578293,1.3263470540771038e-05,-0.0417644852916446,-0.0507337647842335,0.0057580267707725,1.38420057744076,11.839931419555583,46.78256329164331,8.507167193548637
6.85,31.220929788637104,131.01227010195518,146.33448476671722,1.1635800888339072,0.9251365460052694,0.1075428323231323,3.8385985901293056,7.333048815409674,0.0,46.645860314153936,39.58377553447608,-3.4741758060425747,13.308696965676065,134.65630209325383,1314.088454916645,1.274,1.0300000015656,0,8.18069369714935,345.0001478400497,0.1373021840307104,1.3173249928434452e-05,-0.0456706177894533,-0.0474795112435768,0.0062966230815201,1.4864987669693035,11.900761452740523,46.79117410853341,8.277681410039166
6.86,31.2209275282759,131.0122733171067,146.2948317505078,1.2496364410524143,0.976079645447772,0.1132816437536643,3.6863978618156175,7.1381598842469085,0.0,46.64633240611127,39.57686014183675,-3.493374039452932,13.310683200796184,134.62374642373896,1314.120073182146,1.274,1.0300000015656,0,8.180334252342847,345.0001478400497,0.1373035120258611,1.3086122936858443e-05,-0.04989819815664,-0.044033735183802,0.0068795768763812,1.585613961133436,11.959791381252478,46.799647222231066,8.034655466134321
6.87,31.220925268471447,131.0122765318789,146.25424980856786,1.3329388342549284,1.0248474854700975,0.1205751357748031,3.5275852130247,6.931764758404031,0.0,46.64699182567875,39.56998813991287,-3.5153828863095304,13.312597653057727,134.59255546635197,1314.162364466708,1.274,1.0300000015656,0,8.17996615626124,345.0001478400497,0.1373053899752689,1.300224716818658e-05,-0.054437438286426,-0.0404042143815481,0.0075055475666539,1.6813235291050392,12.016847000618805,46.80796590816143,7.778673310042641
6.88,31.22092300922704,131.0122797462809,146.21274187651062,1.4133182460914513,1.0713428864881147,0.1294805824124915,3.36251139915216,6.714322978895962,0.0,46.64783788668616,39.563159254276655,-3.5404004896828387,13.314437087636511,134.56279046842707,1314.21529031768,1.274,1.0300000015656,0,8.179589437015839,345.0001478400497,0.1373078158629439,1.2921772472837792e-05,-0.0592779256672595,-0.0365990892680596,0.0081731094103861,1.7734179532867549,12.071758608649084,46.81611422755834,7.510351602660187
6.89,31.220920750545734,131.01228296032127,146.17031078260803,1.4906121946267494,1.1154737354844249,0.1400409342285963,3.191538977608079,6.486315299048832,0.0,46.648869921901536,39.55637308055206,-3.5686181150276286,13.316198269841708,134.53450951098975,1314.2788134920745,1.274,1.0300000015656,0,8.179204121885265,345.0001478400497,0.1373107877284414,1.284484056731006e-05,-0.0644086470996862,-0.0326268449784662,0.0088807547110514,1.8616996600655324,12.124361706349765,46.82407705792268,7.230340148812239
6.9,31.22091849243021,131.01228617400827,146.1269592577293,1.5646650618591185,1.1571531619136823,0.1522847435043881,3.0150414796780254,6.24824256259842,0.0,46.65008728400496,39.54962908388804,-3.600219768580927,13.317877935519144,134.5077674010432,1314.352898009702,1.274,1.0300000015656,0,8.17881023713626,345.0001478400497,0.1373143036697316,1.2771584668837576e-05,-0.069818013521812,-0.0284962927670753,0.0096268971651312,1.9459823517027688,12.17449766665087,46.83184012137211,6.939322797532172
6.91,31.220916234882903,131.01228938734988,146.0826899015483,1.6353284024399857,1.1962997018052852,0.1662262069907793,2.833402568206016,6.000624552957824,0.0,46.651489346684144,39.54292659881041,-3.635381832060935,13.319472761982784,134.4826155710904,1314.4375092145729,1.274,1.0300000015656,0,8.178407808044758,345.0001478400497,0.1373183618464122,1.2702129148464236e-05,-0.0754938858782812,-0.0242165508318966,0.0104098753500595,2.0260906469119004,12.222014369274502,46.839390011236326,6.638019003510556
6.92,31.220913977905912,131.01229260035353,146.0375052123626,1.7024612370258576,1.232837449661698,0.1818653245501772,2.647015183772452,5.743998817623688,0.0,46.65307550559337,39.53626482944801,-3.6742727143277625,13.320979339914436,134.45910198606884,1314.532613827648,1.274,1.0300000015656,0,8.177996858822118,345.0001478400497,0.137322960482532,1.263658920404932e-05,-0.0814236019668094,-0.0197970245912396,0.0112279563437367,2.1018599144627617,12.266766800184325,46.84671421658174,6.327186325394407
6.93,31.22091172150101,131.0122958130264,145.99140755528606,1.76593032961611,1.2666961980487088,0.1991881710722117,2.456280681852021,5.478919471526444,0.0,46.654845179320446,39.5296428501314,-3.7170525206252094,13.32239414666205,134.43727105786255,1314.6381800017512,1.274,1.0300000015656,0,8.177577412615111,345.0001478400497,0.1373280978694169,1.2575070554671108e-05,-0.0875940041962305,-0.0152473864562974,0.0120793394669122,2.1731362281607685,12.308617614522108,46.85380114479952,6.007624263467726
6.94,31.22090946566969,131.0122990253751,145.94439917417787,1.8256104483500728,1.297811564604772,0.2181672781592199,2.261607963351504,5.20595598290368,0.0,46.65679781019526,39.523059606359695,-3.763872739979256,13.32371352135268,134.41716356753935,1314.754177365313,1.274,1.0300000015656,0,8.177149491389985,345.0001478400497,0.1373337723680593,1.251766915781816e-05,-0.0939914681899599,-0.0105775551435196,0.0129621601396198,2.239776397483552,12.347437662091362,46.86064014205367,5.680180035622547
6.95,31.22090721041311,131.0123022374059,145.8964821787216,1.8813846091565336,1.326125106497014,0.2387621212071446,2.063412600696722,4.925691945057292,0.0,46.65893286518418,39.51651391612987,-3.814875951286188,13.324933642218928,134.39881659544503,1314.8805770732477,1.274,1.0300000015656,0,8.17671311598516,345.0001478400497,0.1373399824117335,1.2464470950696131e-05,-0.100601932169216,-0.0057976745711577,0.0138744938430723,2.301648044033508,12.38310647484041,46.86722151184355,5.345757200700349
6.96,31.22090495573212,131.0123054491245,145.84765854541843,1.933144301833956,1.3515844220340536,0.2609197067146231,1.86211596156903,4.638723837072576,0.0,46.66124983658744,39.510004471624896,-3.8701955485818016,13.326050506515546,134.3822634592678,1315.0173518463605,1.274,1.0300000015656,0,8.176268306005822,345.0001478400497,0.1373467265080353,1.2415551616892572e-05,-0.10741092705075,-0.0009180923837458,0.0148143601782982,2.35862970377056,12.41551271579098,46.873536531358255,5.00532853909786
6.97,31.22090270162725,131.0123086605362,145.7979301136128,1.980789698054888,1.3741432394701047,0.2845752538875119,1.6581443321501377,4.345659776326772,0.0,46.66374824269993,39.50352984125113,-3.929955485940112,13.327059913378212,134.3675336601676,1315.1644760066613,1.274,1.0300000015656,0,8.175815079750157,345.0001478400497,0.1373540032408419,1.237097637955636e-05,-0.1144036071948217,0.0040506618510316,0.0157797270130374,2.410610941415294,12.44455458920513,46.879577465794384,4.659955428215083
6.98,31.220900448098767,131.01231187164575,145.74729857753982,2.024230824196977,1.3937592917458328,0.3096530538286017,1.451928802025932,4.0471180452768944,0.0,46.66642427466648,39.49708847202086,-3.994270042410116,13.327957449948023,134.3546528370449,1315.3217364568072,1.274,1.0300000015656,0,8.175349567893056,345.0001478400497,0.1373618014003767,1.2330799822156148e-05,-0.1215647817399757,0.0090978987292153,0.0167685135034629,2.457492029434949,12.470138962075213,46.88533388120375,4.310817408833702
6.99,31.2208981951466,131.01231508245755,145.69576549030242,2.063385350328277,1.410399763943455,0.336067132542085,1.243902883315524,3.743726269114236,0.0,46.66927897666137,39.49067869261568,-4.063243607357641,13.328738481053362,134.3436427290021,1315.4891937755067,1.274,1.0300000015656,0,8.174873487558644,345.0001478400497,0.1373701240614227,1.229506574275086e-05,-0.1288789490243042,0.014212782514443,0.0177785974995473,2.4991851728625614,12.492184771616143,46.8908016798606,3.9592577434099603
7.0,31.220895942770383,131.01231829297518,145.6433322579076,2.0981800316225208,1.4240383639936147,0.3637222471551041,1.0345021619254735,3.4361200091674293,0.0,46.672313741957296,39.48429871583114,-4.136970486803434,13.32939814308436,134.33452114075814,1315.666928377692,1.274,1.0300000015656,0,8.174388930081012,345.0001478400497,0.1373789753260625,1.2263807021556945e-05,-0.1363303252294999,0.0193843664004528,0.0188078181024909,2.5356139493669416,12.510621595486784,46.89597813609827,3.606855876453176
7.01,31.220893690969493,131.01232150320195,145.59000013628372,2.128551470730227,1.434653976432123,0.392514925860225,0.8241638805811855,3.124941376097611,0.0,46.6755281987925,39.47794664206311,-4.215534730415344,13.32993134138502,134.32730192390227,1315.8549213230713,1.274,1.0300000015656,0,8.173895908667093,345.0001478400497,0.137388354100769,1.2237045531149772e-05,-0.1439028768582257,0.0246016160278708,0.0198539791915343,2.566713148436838,12.525389130492382,46.9008595705834,3.2555449118580024
7.02,31.220891439742967,131.01232471314057,145.53577023227615,2.154445707038633,1.442231869215849,0.4223344791870298,0.613325861201313,2.810837837400649,0.0,46.67892200424395,39.47162046317551,-4.29900997974631,13.330332751815616,134.32199496687096,1316.053155432586,1.274,1.0300000015656,0,8.17339443513587,345.0001478400497,0.1373982593766409,1.2214792080935076e-05,-0.1515803551744879,0.0298534275456657,0.0209148546851863,2.592429092522537,12.536438084631598,46.90544333354162,2.9078074854590477
7.03,31.220889189089583,131.01232792279316,145.48064349768205,2.17581830962536,1.4467637028743612,0.4530640882680236,0.4024256556299984,2.494460964340656,0.0,46.68249484427613,39.46531806641051,-4.387459338099441,13.330596826871924,134.3186061902842,1316.261615291986,1.274,1.0300000015656,0,8.172884519907686,345.0001478400497,0.1374086902295337,1.219704638814748e-05,-0.1593463295584509,0.0351286504775183,0.0219881930468827,2.612719696594226,12.543730352453547,46.90972780612093,2.5670116826782623
7.04,31.22088693900785,131.0123311321613,145.4246207312396,2.1926344493860075,1.4482475294278452,0.4845819300306998,0.1918997040326858,2.176465182988351,0.0,46.68624643393383,39.45903723864664,-4.480935262057554,13.330717806266556,134.31713755041005,1316.4802872622515,1.274,1.0300000015656,0,8.172366171929516,345.0001478400497,0.1374196458206326,1.2183797080567357e-05,-0.1671842210941874,0.0404161106053284,0.0230717218239217,2.6275545105098748,12.547239154455957,46.91371240033049,2.238000410205643
7.05,31.22088468949602,131.01233434124606,145.36770258061537,2.204868950918757,1.4466877787481187,0.5167623297037872,-0.0178174979552523,1.8575065301220404,0.0,46.690176517557454,39.45277567093398,-4.579479474818922,13.330689732031043,134.3175870506671,1316.7091594917665,1.274,1.0300000015656,0,8.171839398706998,345.0001478400497,0.1374311253970857,1.2175021731248472e-05,-0.1750773363322436,0.0457046328373959,0.0241631522119971,2.63691474245752,12.54694913849122,46.91739755707005,1.9281315510307624
7.06,31.22088244055205,131.01233755004785,145.30988953246467,2.2125063241360907,1.4420952323922285,0.5494769308950453,-0.2262942227170982,1.538241414681503,0.0,46.6942848689012,39.44653096329543,-4.683122901445257,13.330506468153068,134.31994876105804,1316.9482219233005,1.274,1.0300000015656,0,8.171304206304436,345.0001478400497,0.1374431282923498,1.2170686925386716e-05,-0.1830089011723091,0.050983064020318,0.0252601836380639,2.640793262828123,12.542856443328189,46.92078474213539,1.6490362708753032
7.07,31.22088019217368,131.0123407585666,145.25118191839516,2.215540775581572,1.4344869850374582,0.5825958734392263,-0.4331023242588995,1.2193253853540336,0.0,46.69857129117236,39.44030062978276,-4.7918856260936415,13.330161724720822,134.32421284540493,1317.1974662972102,1.274,1.0300000015656,0,8.170760599334113,345.0001478400497,0.1374556539262972,1.2170748359372767e-05,-0.190962094812094,0.0562402956537294,0.0263605083544463,2.639194588140377,12.53496872454751,46.92387644023798,1.41906658420091
7.08,31.220877944358367,131.01234396680164,145.19157991993708,2.213976199488981,1.4238863936286672,0.6159889692361789,-0.6378180414481315,0.901411904790188,0.0,46.703035616964506,39.43408210377538,-4.90577687126834,13.329649086502044,134.33036559623483,1317.4568861465827,1.274,1.0300000015656,0,8.170208580902909,345.0001478400497,0.1374687018050363,1.2175150971923708e-05,-0.1989200837090716,0.0614652864674452,0.0274618160370801,2.632134844856385,12.523305142907564,46.92667614702826,1.2644357185380581
7.09,31.22087569710338,131.01234717475168,145.131083556615,2.207826148601942,1.4103230144918624,0.6495268663822777,-0.8400227904806543,0.5851511309122525,0.0,46.70767770825911,39.42787274351051,-5.0247949990957474,13.32896204584402,134.33838947714415,1317.7264767993836,1.274,1.0300000015656,0,8.169648152719084,345.0001478400497,0.1374822715208966,1.2183829107059424e-05,-0.2068660555021488,0.0666470848208451,0.028561798381104,2.6196417131233254,12.507896315363643,46.92918835933492,1.2124047528309903
7.1,31.220873450405737,131.01235038241495,145.06969269886952,2.197113784977749,1.3938325283484485,0.6830821920818063,-1.0393039460798974,0.2711887057442229,0.0,46.71249745616501,39.42166983783141,-5.148927534589821,13.328094039737625,134.34826317245043,1318.0062353634485,1.274,1.0300000015656,0,8.169079314974812,345.0001478400497,0.137496362751672,1.2196706708550236e-05,-0.2147832528404254,0.0717748508851715,0.0296581536865255,2.601754350630279,12.488784228711124,46.93141856327723,1.2729089863771716
7.11,31.22087120426224,131.01235358978903,145.00740705513533,2.1818718108268924,1.3744566536206697,0.7165306650410046,-1.2352556110440158,-0.0398354477462821,0.0,46.717494780745966,39.415470612143245,-5.2781512108422834,13.327038490849272,134.3599616439232,1318.2961607169711,1.274,1.0300000015656,0,8.168502066410257,345.0001478400497,0.1375109752601183,1.2213697545370064e-05,-0.2226550070664802,0.0768378785688567,0.0307485914272646,2.5785232970032195,12.466022116038884,46.93337322065869,1.4285865327158085
7.12,31.220868958669488,131.012356796871,144.94422619271438,2.162142379651306,1.3522430480802343,0.749752168365254,-1.4274793736427502,-0.3472883202677172,0.0,46.72266963075271,39.409272234562806,-5.412432036036392,13.325788852284951,134.37345619436823,1318.5962534944103,1.274,1.0300000015656,0,8.1679164043456,345.0001478400497,0.1375261088931602,1.2234705467487325e-05,-0.2304647717012211,0.0818256171472564,0.0318308367964701,2.550010359315805,12.439674295961783,46.935059753463,1.6493740793216896
7.13,31.22086671362391,131.01236000365725,144.88014951789623,2.137976987934617,1.3272451990126628,0.7826317743494487,-1.6155850523379132,-0.650545001658639,0.0,46.728021983241725,39.40307182224987,-5.551725382148675,13.324338655813667,134.3887145378266,1318.9065160656662,1.274,1.0300000015656,0,8.167322324659677,345.0001478400497,0.1375417635807712,1.2259624691278e-05,-0.2381961556771821,0.0867276925580066,0.0329026352210273,2.516288479537701,12.409815974636082,46.93648652645757,1.9094073307553059
7.14,31.220864469121725,131.01236321014372,144.81517629384953,2.1094363476483062,1.2995223021405693,0.8150607129838103,-1.7991914272587808,-0.9489898564199531,0.0,46.73355184315577,39.3968664479079,-5.695976095167577,13.322681563242917,134.4057008761365,1319.226952512878,1.274,1.0300000015656,0,8.166719821800665,345.0001478400497,0.1375579393347428,1.2288340113677132e-05,-0.245832956266726,0.0915339283234914,0.0339617568381921,2.477441585010536,12.37653301057878,46.93766282801314,2.1913455924064396
7.15,31.220862225159,131.01236641632576,144.74930563266872,2.0765902399026706,1.2691391295078835,0.8469372764943844,-1.977926957777476,-1.242017688421727,0.0,46.739259242857706,39.39065314644126,-5.84511862662186,13.320811420606583,134.42437598159762,1319.557568604657,1.274,1.0300000015656,0,8.166108888818105,345.0001478400497,0.1375746362473181,1.2320727654042685e-05,-0.2533591916509788,0.0962343660624393,0.0350060009271528,2.433564423365227,12.339921642274604,46.938598849157934,2.484372302810317
7.16,31.22085998173162,131.0123696221982,144.68253650630865,2.039517350112293,1.2361658865343468,0.8781676527908046,-2.1514304854401898,-1.5290348937088711,0.0,46.74514424159989,39.38442892175576,-5.999077186175644,13.318722314795208,134.44469728546687,1319.8983717673627,1.274,1.0300000015656,0,8.165489517394947,345.0001478400497,0.1375918544896271,1.2356654622582956e-05,-0.2607591330746633,0.1008192855529865,0.0360332002882153,2.3847623837211045,12.30008817855346,46.93930566087626,2.781686406888602
7.17,31.22085773883536,131.01237282775523,144.61486774459553,1.998305085089296,1.2006780584506904,0.9086666813023148,-2.3193519214080744,-1.8094606001399407,0.0,46.75120692489472,39.37819075369005,-6.157765915009212,13.316408632232651,134.46661897201318,1320.2493710496592,1.274,1.0300000015656,0,8.164861697836844,345.0001478400497,0.1376095943098462,1.2395980114172248e-05,-0.2680173365312815,0.1052792243098774,0.0370412255621232,2.3311513065502454,12.257148651729906,46.93979518964488,3.0788335675231107
7.18,31.220855496465823,131.01237603299063,144.54629803622083,1.9530493724613005,1.162756246437047,0.9383585253322752,-2.48135291749081,-2.082727792378524,0.0,46.75744740389718,39.37193560506456,-6.321089079667299,13.31386511917868,134.49009207785153,1320.6105770891568,1.274,1.0300000015656,0,8.164225419146922,345.0001478400497,0.1376278560313765,1.2438555426104156e-05,-0.2751186739223429,0.109604996638778,0.0380279894821323,2.2728572853492497,12.211228433583283,46.94008019136328,3.3727413301867424
7.19,31.220853254618536,131.01237923789753,144.47682593669177,1.9038544429351705,1.122485993628686,0.9671772557716036,-2.637107519701888,-2.3482844205577145,0.0,46.7638658146451,39.36566042883486,-6.488941286018007,13.311086943216516,134.51506459627905,1320.982002070023,1.274,1.0300000015656,0,8.163580669004396,345.0001478400497,0.1376466400506156,1.2484224498332795e-05,-0.2820483636334683,0.1137877121314312,0.0389914510509951,2.210016464260628,12.162461814208555,46.940174223544005,3.6611757174962545
7.2,31.220851013288897,131.01238244246872,144.40644986932594,1.850832595855352,1.0799576013678616,0.995067341742617,-2.786302803212169,-2.605594490702352,0.0,46.770462317305785,39.359362175336486,-6.661207712926075,13.308069755467328,134.5414815863353,1321.3636596810406,1.274,1.0300000015656,0,8.162927433817982,345.0001478400497,0.137665946834749,1.2532824374650488e-05,-0.2887920004695869,0.1178187935654803,0.0399296196352387,2.1427748372307533,12.11099154395435,46.940091615965976,3.9424313533363082
7.21,31.22084877247219,131.01238564669632,144.33516813419547,1.7941039486077577,1.0352659359619447,1.0219840445256467,-2.9286394874441166,-2.8541391347880527,0.0,46.777237095366246,39.35303779960739,-6.837764365204884,13.304809753059152,134.56928528631397,1321.7555650713518,1.274,1.0300000015656,0,8.162265698779258,345.0001478400497,0.1376857769193638,1.2584185683062405e-05,-0.2953355848906334,0.1216899941737531,0.0408405589688316,2.0712880563030973,12.05696833868082,46.93984743976404,4.215150155737116
7.22,31.22084653216364,131.01238885057205,144.26297890017491,1.7337961704448583,0.9885102262322188,1.047893711927671,-3.063832529946991,-3.093417658106778,0.0,46.78419035471428,39.34668426877488,-7.018478345370715,13.301303741367771,134.59841523145784,1322.1577347982222,1.274,1.0300000015656,0,8.161595447851992,345.0001478400497,0.1377061309057649,1.2638133133631144e-05,-0.3016655514886561,0.125393414248294,0.0417223910581419,1.9957212596031335,12.000550348699816,46.9394574749419,4.478212122102498
7.23,31.2208442923584,131.01239205408714,144.18988022581485,1.67004420125552,0.9397938523083476,1.0727739710708684,-3.191611697651476,-3.3229485613951257,0.0,46.791322322786336,39.340298569493285,-7.20320814368244,13.297549195539892,134.62880837557776,1322.5701867817688,1.274,1.0300000015656,0,8.16091666390027,345.0001478400497,0.1377270094584481,1.2694486031870284e-05,-0.307768796646865,0.1289215170450256,0.0425732999804599,1.9162489339237896,11.941902591999932,46.93893817655177,4.730667644558307
7.24,31.220842053051577,131.0123952572324,144.11587005039408,1.6029899560003098,0.8892241258220667,1.0966138184451877,-3.3117221139304847,-3.5422705350319896,0.0,46.79863324746383,39.33387771541876,-7.391803945908701,13.293544320804768,134.6603992163445,1322.9929402408873,1.274,1.0300000015656,0,8.160229328581721,345.0001478400497,0.1377484133018903,1.2753058805796424e-05,-0.3136327053207715,0.1322671439562334,0.0433915355674596,1.8330548333849817,11.881196352362553,46.93830663924287,4.971694456627132
7.25,31.22083981423823,131.01239845999817,144.04094620187212,1.5327820152700464,0.8369120622058421,1.119413606895408,-3.423924779978821,-3.7509434223988776,0.0,46.80612339621435,39.32741875470676,-7.584107958223405,13.28928811108158,134.6931199240149,1323.4260156482237,1.274,1.0300000015656,0,8.159533422582406,345.0001478400497,0.1377703432179961,1.2813661544598596e-05,-0.3192451768818469,0.1354235289181702,0.0441754169662689,1.7463319857683353,11.818608543502226,46.93758056078261,5.200569611138092
7.26,31.22083757591337,131.01240166237434,143.96510641080306,1.459575302842764,0.7829721450987296,1.141184930115316,-3.5279970687763686,-3.9485491494356046,0.0,46.81379305485781,39.320918777518486,-7.779954748589303,13.284780405391924,134.72690047336383,1323.869434659336,1.274,1.0300000015656,0,8.158828925467345,345.0001478400497,0.1377928000424973,1.2876100546897228e-05,-0.3245946499638999,0.1383843120234383,0.0449233360691448,1.6562828340635114,11.754321040214544,46.93677820392882,5.416650879235765
7.27,31.22083533807204,131.0124048643505,143.88834830536513,1.3835307506917192,0.7275220836937722,1.1619504060400576,-3.623733190081319,-4.13469261723803,0.0,46.82164252658233,39.31437492352202,-7.979171603948947,13.280021941594484,134.76166877860967,1324.323220058291,1.274,1.0300000015656,0,8.15811581587269,345.0001478400497,0.1378157846620596,1.2940178876367436e-05,-0.3296701262535082,0.1411435523073767,0.0456337608045525,1.56311958652447,11.688519978275895,46.93591835740658,5.6193642005155935
7.28,31.22083310070924,131.0124080659157,143.8106694193135,1.304814952296581,0.6706825631935146,1.1817433614096151,-3.710944624715829,-4.309002554541904,0.0,46.82967213077311,39.307784389373296,-8.181578902501542,13.275014406968213,134.79735083113087,1324.7873956935516,1.274,1.0300000015656,0,8.157394071527094,345.0001478400497,0.1378392980108273,1.3005696922753424e-05,-0.3344611931660357,0.143695739680597,0.0463052382812205,1.4670648912976303,11.621395024789722,46.9350202955781,5.8081951064846
7.29,31.22083086382,131.01241126705884,143.7320671999282,1.2235998049374013,0.6125769889105561,1.200607420600286,-3.7894605264865215,-4.471132326871426,0.0,46.83788220174825,39.30114443616231,-8.38699050030497,13.269760485184188,134.83387083979036,1325.26198640524,1.274,1.0300000015656,0,8.156663669208985,345.0001478400497,0.1378633410667353,1.3072452965913545e-05,-0.338958045350393,0.1460358059801281,0.0469363977773205,1.3683530248834677,11.553138621254115,46.934103736983495,5.982682804945843
7.3,31.220828627399367,131.0124144677683,143.65253901497385,1.1400621416040566,0.5533312246826685,1.2185960026191676,-3.859128090158495,-4.620760699114997,0.0,46.84627308766943,39.29445239680967,-8.595214131404168,13.264263899222383,134.87115137369446,1325.747017965777,1.274,1.0300000015656,0,8.155924584949435,345.0001478400497,0.1378879148482944,1.314024374081321e-05,-0.3431515049670998,0.1481591351134308,0.0475259535676635,1.2672319133497283,11.483945202114366,46.93318880212572,6.142416077760891
7.31,31.22082639144243,131.0124176680322,143.5720821517037,1.0543833534231255,0.4930733258449382,1.2357717309630185,-3.919812883826332,-4.7575925483865005,0.0,46.854845149200806,39.28770568339797,-8.806051820649108,13.258529449808949,134.90911350723047,1326.2425170044892,1.274,1.0300000015656,0,8.155176793978766,345.0001478400497,0.1379130204106541,1.3208865001235868e-05,-0.3470330406857899,0.1500615722719221,0.0480727075808985,1.1639665439738416,11.414010391758351,46.93229597011213,6.28703043349728
7.32,31.220824155944328,131.01242086783836,143.49069383375655,0.9667501380733344,0.4319313133210968,1.2522058602782906,-3.9713985016886206,-4.8813598468577135,0.0,46.86359572438496,39.2809017944232,-9.01930030833037,13.252563048971844,134.94767696723855,1326.748339154064,1.274,1.0300000015656,0,8.154416718243356,345.0001478400497,0.1379386499120116,1.3278112080048647e-05,-0.3505947853510044,0.1517394321913857,0.0485755487353348,1.0588450234454745,11.343529019216088,46.93144269378651,6.416206007466147
7.33,31.220821920900285,131.0124240671744,143.40837121519195,0.8773527444771959,0.3700352959065724,1.2679774460601676,-4.013787321088883,-4.991822045041692,0.0,46.87252282615111,39.27403832274473,-9.234751485726992,13.246371748338197,134.98676028218793,1327.2643782816035,1.274,1.0300000015656,0,8.153641551009267,345.0001478400497,0.1379647974969229,1.334778044864706e-05,-0.3538295560355948,0.1531894989937192,0.049033459482234,0.952188666273312,11.272695684117572,46.930647430444935,6.529666361462533
7.34,31.220819686305536,131.0124272660276,143.32511140036948,0.7863819033700133,0.3075217031461875,1.283172290444992,-4.046902261408245,-5.088765812862523,0.0,46.88163216080906,39.267112962289566,-9.452192841753137,13.239963762588072,135.02628092852626,1327.79096407896,1.274,1.0300000015656,0,8.15285748522534,345.0001478400497,0.1379914799545532,1.3417666259970895e-05,-0.356730868322514,0.1544090342822202,0.0494455252955626,0.8443696806525367,11.2017066484046,46.92993732505391,6.627177871350321
7.35,31.22081745215547,131.01243046438506,143.24091143798333,0.6940332955827389,0.2445246050910624,1.2978823965985926,-4.070684950569548,-5.172006523749398,0.0,46.890924125216216,39.260123512933006,-9.67140791853022,13.23334848689032,135.06615547988207,1328.328125817718,1.274,1.0300000015656,0,8.152064493292974,345.0001478400497,0.1380186984460489,1.3487566871082904e-05,-0.3592929399935683,0.1553958012704799,0.049810921743261,0.7358475204982218,11.13075397641424,46.92933384376713,6.708548737536327
7.36,31.220815218445527,131.0124336622337,143.15576833597163,0.6005051519614631,0.1811788754918279,1.312204927276235,-4.08509647212956,-5.241388377775114,0.0,46.90039912298169,39.25306788930083,-9.89217677203489,13.226536506166084,135.10629976988403,1328.8758933033723,1.274,1.0300000015656,0,8.151262547116092,345.0001478400497,0.1380464541523199,1.355728138234e-05,-0.3615107094212089,0.1561480558813393,0.0501289225545694,0.6272407994617799,11.06002673700769,46.92885858676402,6.7736287973618285
7.37,31.22081298517129,131.0124368595602,143.06967906648526,0.5059978382190248,0.1176198981180604,1.3262412284193308,-4.090117455082166,-5.296784757078446,0.0,46.91005756225637,39.2459441269323,-10.114276441644297,13.219539599172744,135.14662904826247,1329.4342967505468,1.274,1.0300000015656,0,8.150451618187674,345.0001478400497,0.1380747482675448,1.3626611149047074e-05,-0.3633798458927691,0.1566645500091735,0.050398901120536,0.5194881067495577,10.989710159646824,46.928533239671815,6.822309385768546
7.38,31.22081075232841,131.01244005635118,142.9826405708569,0.4107134323551529,0.0539832789090056,1.3400958162913537,-4.085748121457447,-5.338098513531305,0.0,46.91989985434661,39.23875038871124,-10.337481425635348,13.212370735904104,135.18705813845676,1330.0033667043429,1.274,1.0300000015656,0,8.149631677654627,345.0001478400497,0.1381035819951063,1.3695360277584137e-05,-0.3648967583736333,0.1569445337158286,0.0506203317864176,0.4142459028209911,10.919984811762705,46.92837952671388,6.854523342217151
7.39,31.220808519912747,131.01244325259316,142.89464976357627,0.3148552989159278,-0.0095954423496635,1.353875337234405,-4.072008289907563,-5.3652621874557775,0.0,46.92992641234672,39.231484971103725,-10.561564161586496,13.205044068133232,135.22750159662235,1330.5831339648405,1.274,1.0300000015656,0,8.14880269641513,345.0001478400497,0.1381329565435548,1.3763336104324104e-05,-0.36605860267043,0.1569877563798896,0.0507927909296811,0.3150014775244751,10.85102579811704,46.92841916379408,6.870245139876032
7.4,31.22080628792024,131.0124464482724,142.8057035462044,0.2186276609929191,-0.0729810802595796,1.3676875093459633,-4.0489373349667055,-5.3782381562733885,0.0,46.94013764962815,39.224146310184246,-10.786295510612147,13.197574912962512,135.26787387194867,1331.1736294990253,1.274,1.0300000015656,0,8.147964645053742,345.0001478400497,0.1381628731222041,1.3830349655639073e-05,-0.3668632869726738,0.1567944667956544,0.050915957820005,0.2304870199731954,10.783001989591437,46.92867381144837,6.869491126080827
7.41,31.22080405634696,131.01244964337533,142.71579881731353,0.1222351706472808,-0.1360390910266707,1.3816400554997104,-4.016594101980249,-5.377018712271016,0.0,46.95053397860204,39.216732987433154,-11.011445244349668,13.189979729286996,135.30808946819192,1331.7748843726024,1.274,1.0300000015656,0,8.147117494100945,345.0001478400497,0.1381933329374756,1.389621608756397e-05,-0.3673094757563677,0.1563654122204543,0.0509896152595616,0.1828880618110664,10.71607528931552,46.92916502823124,6.852319873965051
7.42,31.220801825189184,131.0124528378882,142.6249324585693,0.02588247883237,-0.1986358583626661,1.3958396372382404,-3.9750567777446766,-5.361626069131669,0.0,46.961115809197445,39.20924373528922,-11.236782533612253,13.182276087121217,135.3480631063237,1332.3869296632697,1.274,1.0300000015656,0,8.146261213957454,345.0001478400497,0.1382243371884358,1.396075510380962e-05,-0.3673965920375094,0.1557018363725863,0.0510136500008041,0.2003150125530026,10.650399943778613,46.92991422403117,6.818832655548278
7.43,31.220799594443328,131.0124560317973,142.53310137250267,-0.0702261944980988,-0.2606389771314442,1.4103907990165667,-3.9244227172610975,-5.332112297166529,0.0,46.97188354749068,39.20167744243898,-11.462076437617084,13.17448262978378,135.38770988818345,1333.0097963822889,1.274,1.0300000015656,0,8.145395774991535,345.0001478400497,0.1382558870627782,1.4023791350888108e-05,-0.3671248179693398,0.1548054763834103,0.0509880529411853,0.2699339933672708,10.58612190697622,46.93094261390296,6.769174057394306
7.44,31.220797364106,131.01245922508895,142.44030245964623,-0.1658874891834835,-0.3219175341749137,1.4253949321880552,-3.864808227133479,-5.288559187603992,0.0,46.98283759435079,39.19403315882685,-11.687096392699852,13.166619028979996,135.42694546101333,1333.6435153984462,1.274,1.0300000015656,0,8.144521147647156,345.0001478400497,0.1382879837328359,1.4085154789202028e-05,-0.3664950937817205,0.1536785587108308,0.0509129190942066,0.3621453690273006,10.523378265258652,46.93227117237541,6.703532772055091
7.45,31.22079513417397,131.0124624177495,142.34653264835327,-0.2608993316451785,-0.3823423857411016,1.4409492679437172,-3.796348306336324,-5.231078046667518,0.0,46.9939783439943,39.18631010036853,-11.911612699430032,13.158705932868816,135.46568618273585,1334.2881173545625,1.274,1.0300000015656,0,8.143637302433174,345.0001478400497,0.1383206283513506,1.4144681039332485e-05,-0.3655091150663709,0.1523237940236401,0.0507884473367318,0.4628748759696768,10.462296730241446,46.93392058822237,6.622142612941605
7.46,31.22079290464419,131.0124656097654,142.25178888585083,-0.3550613589063583,-0.4417864307230293,1.4571459081347784,-3.719196345327304,-5.159809420493716,0.0,47.00530618269087,39.17850765335112,-12.135397007050257,13.15076490724784,135.5038492878194,1334.9436325944582,1.274,1.0300000015656,0,8.142744210074737,345.0001478400497,0.1383538220476643,1.4202211702798274e-05,-0.36416932841698,0.1507443710685018,0.0506149399338895,0.5667815456815739,10.402995206798211,46.93591122006704,6.525283818233932
7.47,31.220790675513808,131.0124688011232,142.15606815513735,-0.4481753388747157,-0.5001248792536934,1.4740709025819545,-3.6335237845807513,-5.07492275233628,0.0,47.0168214873566,39.17062537850303,-12.358222794174328,13.142818370036478,135.54135305355436,1335.610091081959,1.274,1.0300000015656,0,8.14184184151328,345.0001478400497,0.1383875659235956,1.4257594656515282e-05,-0.3624789254378716,0.1489439495344017,0.0503928018426711,0.6715511356654629,10.34558144227501,46.93826305263104,6.413284732579184
7.48,31.220788446780176,131.01247199180963,142.05936747796366,-0.5400455861209829,-0.5572355159067337,1.4918033810376867,-3.539519733856366,-4.97661597377505,0.0,47.028524624258765,39.16266301471799,-12.579865844693693,13.13488951928532,135.5781169665403,1336.287522326936,1.274,1.0300000015656,0,8.140930168014673,345.0001478400497,0.1384218610496344,1.43106843207868e-05,-0.360441835140203,0.1469266519311985,0.050122539796791,0.7759841878140743,10.290152762425818,46.940995653972585,6.286523985834072
7.49,31.22078621844086,131.0124751818115,141.96168391980075,-0.6304793722392034,-0.6129989570037911,1.51041474748811,-3.4373905536142746,-4.865115031980486,0.0,47.040415947687606,39.154620482416526,-12.800104717861176,13.127002254986047,135.61406188916044,1336.975955309489,1.274,1.0300000015656,0,8.14000916121248,345.0001478400497,0.138456708461038,1.4361341900458949e-05,-0.3580627147490572,0.1446970545017507,0.0498047611754489,0.8793502106910418,10.236795898400828,46.94412813365016,6.145433329058961
7.5,31.220783990493608,131.01247837111595,141.86301459679888,-0.719287329961965,-0.6672989014261183,1.5299679439181246,-3.3273594001450344,-4.74067335533424,0.0,47.05249579864416,39.14649788652987,-13.01872121154206,13.119181095002771,135.6491102257907,1337.6754184038507,1.274,1.0300000015656,0,8.139078793140401,345.0001478400497,0.1384921091539866,1.440943559918618e-05,-0.3553469389495365,0.1422601771889931,0.0494401726594639,0.981141525875644,10.185586908036292,46.94767910195676,5.99050134372129
7.51,31.2207817629364,131.01248155971018,141.76335668572568,-0.8062838502202125,-0.7200223743342172,1.5505167900416117,-3.209665736104424,-4.603571259932862,0.0,47.0647645036205,39.138295519090576,-13.235500817647605,13.111451085490728,135.6831860884663,1338.38593930826,1.274,1.0300000015656,0,8.13813903634042,345.0001478400497,0.1385280640820003,1.4454840806831256e-05,-0.3523005876041596,0.1396214726815786,0.0490295786789574,1.0809679200467617,10.136591193397622,46.95166663039563,5.8222783168621834
7.52,31.220779535767388,131.01248474758177,141.66270742495882,-0.8912874712694288,-0.7710599633431038,1.5721054048322232,-3.0845648082047217,-4.454115299722432,0.0,47.07722237335586,39.1300138614162,-13.450233168794176,13.103837706212731,135.7162154616944,1339.1075449724194,1.274,1.0300000015656,0,8.137189863906059,345.0001478400497,0.1385645741522955,1.4497440260390698e-05,-0.3489304319777449,0.136786814563873,0.0485738796569373,1.1785070495719738,10.08986361504429,46.95610821335236,5.641382681855501
7.53,31.220777308985,131.01248793471856,141.56106412542064,-0.9741212591102024,-0.8203060465821975,1.5947677149586268,-2.952327093918397,-4.292637563147332,0.0,47.08986970168116,39.12165358587124,-13.662712475259909,13.096366771205556,135.7481263660766,1339.8402615321706,1.274,1.0300000015656,0,8.136231249590525,345.0001478400497,0.1386016402223739,1.4537124178759824e-05,-0.3452439195098537,0.1337624845977088,0.0480740700540895,1.2734792499686267,10.045448702089736,46.96102073116492,5.448509574434322
7.54,31.22077508258784,131.01249112110864,141.45842417256415,-1.054613178311466,-0.8676590122918032,1.6185270544789885,-2.813237719050285,-4.119494919358377,0.0,47.10270676425327,39.113215557194586,-13.8727379513447,13.08906432528956,135.77884902037093,1340.5841142347667,1.274,1.0300000015656,0,8.135263167741817,345.0001478400497,0.138639263096322,1.4573790371789188e-05,-0.3412491571780553,0.1305551591653062,0.047531236219871,1.3656339534663493,10.003380955475834,46.96642041444661,5.244442265921817
7.55,31.220772856574733,131.0124943067405,141.35478503830095,-1.1325964525886003,-0.9130214692987152,1.643395859330004,-2.667595848146559,-3.9350682170413465,0.0,47.11573381751148,39.10470083337994,-14.080114230272418,13.081956536952216,135.80831600159567,1341.3391273775271,1.274,1.0300000015656,0,8.134285593454146,345.0001478400497,0.1386774435217534,1.460734432451158e-05,-0.3369548934986908,0.1271718949039477,0.0469465540563471,1.4547420197911165,9.963685240589204,46.97232281009598,5.03006753754666
7.56,31.220770630944727,131.012497491603,141.25014427801835,-1.2079075813609934,-0.9563038450326746,1.6693756328829648,-2.515713021965179,-3.739762282371964,0.0,47.12894572922927,39.09611066609799,-14.2846517668106,13.075069588171996,135.83646240274646,1342.1050184929964,1.274,1.0300000015656,0,8.133292153774969,345.0001478400497,0.1387161663857272,1.463769925719343e-05,-0.3323704992139298,0.1236201135652188,0.0463212812244075,1.5405915348138026,9.926374794023683,46.97873684689212,4.806396669148368
7.57,31.220768405697115,131.0125006756853,141.1444995345549,-1.2803912547527678,-0.9974178454260472,1.696456556334571,-2.357914064615089,-3.534003790505413,0.0,47.1423425751467,39.08744650326064,-14.486167226820069,13.068429561780924,135.86322598767163,1342.881801600092,1.274,1.0300000015656,0,8.132282648935169,345.0001478400497,0.1387554319042452,1.4664776171646453e-05,-0.3275059565403832,0.1199075742221568,0.0456567664706772,1.6229844453585651,9.891456622679357,46.98567645948708,4.57459357483775
7.58,31.22076618083135,131.01250385897703,141.0378485650376,-1.3499008778340251,-1.036276458507716,1.72461741145294,-2.194536917050017,-3.318239868145679,0.0,47.15592996542591,39.078709985230994,-14.68448386692578,13.0620623290534,135.88854733443668,1343.6698062394291,1.274,1.0300000015656,0,8.13126345838088,345.0001478400497,0.1387952565830236,1.4688503852496432e-05,-0.3223718281128537,0.1160423684740511,0.0449544454349503,1.7017351647751575,9.858932341207106,46.99316091445402,4.336013528430636
7.59,31.22076395634716,131.01250704146833,140.93018921106085,-1.4162940893729443,-1.0728010791191966,1.7538259602799362,-2.025930329783153,-3.0929384520651104,0.0,47.16970806834681,39.069902941802006,-14.879431896014276,13.055993434203646,135.91236998287155,1344.469052238136,1.274,1.0300000015656,0,8.130234560368018,345.0001478400497,0.1388356409106129,1.4708818851009326e-05,-0.3169792236261178,0.1120329154337139,0.0442158254446262,1.776670109081185,9.82879377400113,47.00120271520719,4.092257013965525
7.6,31.22076173224444,131.01251022314963,140.821519436459,-1.479435414239609,-1.106918220299892,1.7840390258295624,-1.8524537054110912,-2.858586848829192,0.0,47.18367702889399,39.06102739420688,-15.070848817298184,13.05024797618133,135.93464058623687,1345.2795582325234,1.274,1.0300000015656,0,8.129195934182196,345.0001478400497,0.1388765853071158,1.4725665472890212e-05,-0.3113397856350708,0.1078879317181693,0.0434424891108603,1.8476267931750143,9.80102617984774,47.00981353732318,3.8452436527056886
7.61,31.22075950852331,131.012513404012,140.71183731040728,-1.539196541367769,-1.1385596684491412,1.8152027834123643,-1.6744763639506863,-2.615690714945215,0.0,47.19783696696464,39.052085552245714,-15.25857975846656,13.044850492674724,135.9553090497053,1346.1013415627267,1.274,1.0300000015656,0,8.128147560105843,345.0001478400497,0.138918090118931,1.473899573353216e-05,-0.3054656644597079,0.103616412981271,0.0426360910046286,1.9144535114109569,9.77560901309545,47.01900420261574,3.5973142974430403
7.62,31.220757285184103,131.01251658404695,140.60114102034277,-1.5954565916669123,-1.1676626206744378,1.8472531472511813,-1.492376794806328,-2.364773009939898,0.0,47.21218797662452,39.04307981176803,-15.442477785403405,13.03982484498506,135.97432866339992,1346.9344182278962,1.274,1.0300000015656,0,8.127089419527785,345.0001478400497,0.1389601556165694,1.4748769296107564e-05,-0.2993694921287688,0.0992276148648712,0.0417983541981052,1.9770091809991637,9.752516717998262,47.02878465706262,3.3513704773190933
7.63,31.22075506222736,131.0125197632465,140.48942887494724,-1.6481023700648088,-1.194169810637698,1.8801162498636783,-1.3065418956361172,-2.10637292549343,0.0,47.22673012535534,39.034012751645946,-15.622404198930724,13.035194104480704,135.99165622940544,1347.778802841308,1.274,1.0300000015656,0,8.126021494976062,345.0001478400497,0.1390027819924372,1.4754953393827496e-05,-0.2930643554011458,0.0947310334319167,0.0409310666751422,2.035163289920318,9.731719537396536,47.03916395053187,3.1110602275278487
7.64,31.220752839653823,131.0125229416033,140.37669930315184,-1.6970286011454492,-1.2180296226741725,1.9137090102449,-1.1173661995178472,-1.8410447929417868,0.0,47.241463453322005,39.02488713023449,-15.798228814062876,13.03098044133612,136.0072521821776,1348.6345085851112,1.274,1.0300000015656,0,8.124943770107018,345.0001478400497,0.1390459693586946,1.4757522737693327e-05,-0.2865637679242696,0.0901363851210172,0.040036077618462,2.0887959111548904,9.713184323731763,47.05015021836672,2.8810128998905125
7.65,31.220750617464407,131.01252611911045,140.26295086805283,-1.74213814791594,-1.2391961939398974,1.9479397861361067,-0.9252510917262792,-1.5693569712437772,0.0,47.25638797278187,39.01570588131879,-15.969830221297585,13.027205016255344,136.0210807017762,1349.501547173596,1.274,1.0300000015656,0,8.1238562297929,345.0001478400497,0.1390897177455247,1.475645941120977e-05,-0.2798816415886674,0.0854535862625945,0.039115293581369,2.1377977576122165,9.696875340541313,47.0617506649848,2.667103353142524
7.66,31.22074839566023,131.01252929576177,140.14818225796557,-1.783342213165135,-1.2576295045196275,1.982709104971168,-0.7306040172921757,-1.291890717336522,0.0,47.27150366751735,39.00647210954941,-16.137096029506825,13.023887875868729,136.0331098193508,1350.3799288187993,1.274,1.0300000015656,0,8.122758860165689,345.0001478400497,0.1391340270994571,1.4751752753455748e-05,-0.2730322571375218,0.0806927321973433,0.0381706745514758,2.1820702602339264,9.68275504279584,47.07397154937924,2.4766710016793327
7.67,31.2207461742426,131.0125324715515,140.0323923013349,-1.820560522951278,-1.273295455394856,2.017910467437285,-0.533837680416998,-1.0092390405964045,0.0,47.2868104922561,38.997189085367125,-16.299923090026468,13.021047852474611,136.043311514319,1351.2696621934745,1.274,1.0300000015656,0,8.121651648573284,345.0001478400497,0.1391788972816764,1.474339923181978e-05,-0.2660302340900405,0.0758640760377659,0.0372042299139245,2.221525657046393,9.6707848250081,47.08681817249763,2.318514344292464
7.68,31.220743953212967,131.0125356464748,139.91557995679275,-1.853721491898596,-1.2861659340569038,2.053431216972521,-0.3353692367554744,-0.7220055428861109,0.0,47.302308372264015,38.987860239421146,-16.458217701579617,13.018702468775242,136.05166180269063,1352.1707544043436,1.274,1.0300000015656,0,8.120534583667133,345.0001478400497,0.1392243280668323,1.4731402305853207e-05,-0.2588905000371856,0.0709780071137275,0.0362180143218853,2.256087084511522,9.660925726840814,47.100294866713696,2.2023497205842366
7.69,31.220741732573,131.01253882052708,139.7977443221071,-1.8827623698719471,-1.2962188677784785,2.089153467982168,-0.1356194794422044,-0.4308032455205773,0.0,47.31799720296489,38.97848915648617,-16.611895795702942,13.016867848227715,136.05814081601312,1353.083210967625,1.274,1.0300000015656,0,8.119407655446057,345.0001478400497,0.1392703191419174,1.471577228345066e-05,-0.2516282593675154,0.0660450291435703,0.0352141234816701,2.2856886649409747,9.653139086629922,47.11440498724019,2.137415797718628
7.7,31.220739512324496,131.0125419937047,139.67888464312563,-1.9076293696990108,-1.3034382644950528,2.1249550850632715,0.0649879803295719,-0.1362534042996658,0.0,47.33387684956912,38.96907956888576,-16.76088310237846,13.015558631596228,136.06273287043845,1354.0070357844677,1.274,1.0300000015656,0,8.118270855234325,345.0001478400497,0.1393168701051772,1.4696526170672357e-05,-0.2442589614807305,0.0610757381721676,0.0341946898598537,2.3102755854556185,9.64738713428037,47.12915090547002,2.1303104330840656
7.71,31.220737292469416,131.01254516600454,139.55900029986054,-1.928277775700293,-1.3078142412020013,2.1607107050939742,0.2660275374197471,0.1610156864193501,0.0,47.34994714679453,38.95963534942939,-16.90511529560581,13.014787900253236,136.06542652544408,1354.9422311210628,1.274,1.0300000015656,0,8.117124175692622,345.0001478400497,0.1393639804652963,1.4673687516345734e-05,-0.2367982685461249,0.0560808003174031,0.0331618783198694,2.329804165158891,9.643633516108512,47.1445340043409,2.1829721603919756
7.72,31.22073507300988,131.01254833742422,139.438090817422,-1.9446720327927007,-1.3093430398447583,2.1962927936809007,0.4670724208486277,0.460369899764225,0.0,47.36620789868088,38.95016050387512,-17.04453811868119,13.014567106731072,136.06621463177677,1355.8887975941348,1.274,1.0300000015656,0,8.115967610861869,345.0001478400497,0.1394116496408591,1.4647286252551845e-05,-0.2292620228625556,0.051070929366864,0.0321178816954189,2.3442419080836334,9.64184374533175,47.16055467572704,2.2921167349201426
7.73,31.220732853948096,131.01255150796194,139.3161558709889,-1.9567858159595888,-1.3080270307167683,2.2315727271614074,0.6676955252492359,0.7611704917637222,0.0,47.382658878460056,38.940659162927965,-17.17910748897985,13.0149060129774,136.06509436822884,1356.846734160654,1.274,1.0300000015656,0,8.114801156196066,345.0001478400497,0.1394598769599596,1.4617358532032126e-05,-0.2216662138761873,0.0460568642666331,0.031064916307978,2.353567540109036,9.64198557309308,47.177212319816014,2.450533547736142
7.74,31.220730635286447,131.01255467761672,139.19319527785635,-1.9646020799104087,-1.3038747034150893,2.266421891132754,0.867470245042538,1.062775325466032,0.0,47.39929982841959,38.931135573789376,-17.30878958206847,13.0158126367123,136.0620672669043,1357.8160381048233,1.274,1.0300000015656,0,8.113624808507545,345.0001478400497,0.1395086616598187,1.4583946563438897e-05,-0.2140269449120697,0.0410493465440871,0.0300052174355572,2.357771028538161,9.644029276144972,47.19450534640024,2.649276166627285
7.75,31.22072841702744,131.01255784638815,139.06920900041797,-1.968110470817953,-1.2969040111370542,2.300712944398855,1.0659723151343647,1.3645390996259663,0.0,47.41612505452442,38.92159409127199,-17.433560895002902,13.017293206228093,136.0571392266816,1358.7963952337316,1.274,1.0300000015656,0,8.112432110853785,345.0001478400497,0.1395579869773317,1.4547098445222326e-05,-0.2063603996755979,0.0360590977065724,0.0289410314409924,2.356853248936928,9.647945192131766,47.2124252442872,2.8795041211231855
7.76,31.22072619917364,131.0125610142766,138.94419715411848,-1.9673115166924184,-1.2871368954684264,2.3343207311266854,1.262779502407219,1.6658157160933489,0.0,47.4331321223276,38.91203917195941,-17.55340828869534,13.019352123910132,136.05032051463385,1359.7876778769855,1.274,1.0300000015656,0,8.111220521904814,345.0001478400497,0.1396078457434905,1.4506868008330583e-05,-0.198682820247922,0.0310967850073723,0.0278746185261086,2.350826417665346,9.653708142837592,47.23096613697018,3.133465708676456
7.77,31.22072398172776,131.01256418128307,138.81815999154944,-1.962219715429821,-1.274595368023154,2.367123155948347,1.4574709939695605,1.9659609975186747,0.0,47.45032811484932,38.902475361353886,-17.668329014272917,13.021991941237369,136.04162574681956,1360.7903041543543,1.274,1.0300000015656,0,8.10999891111675,345.0001478400497,0.1396582588018162,1.4463314639486308e-05,-0.1910104663194854,0.0261730060662324,0.0268082502839167,2.3397145867391687,9.661300545580971,47.25013165576376,3.404775525266549
7.78,31.220721764692588,131.01256734740937,138.6910979183537,-1.952855247044908,-1.2593120482888178,2.399002637360382,1.6496305608201849,2.264331620377809,0.0,47.467712650390816,38.89290727826671,-17.778330715384577,13.025213341393068,136.03107386183015,1361.8042645960948,1.274,1.0300000015656,0,8.108767280975025,345.0001478400497,0.139709225025397,1.4416503096608597e-05,-0.1833595605510373,0.0212982870623471,0.0257441918344033,2.3235525132503465,9.67070394407869,47.26991630264543,3.6883183604858165
7.79,31.22071954807097,131.01257051265796,138.5630114773213,-1.9392475295491656,-1.2413254352591752,2.429847019591085,1.838846659095184,2.5602871029656247,0.0,47.48528531810241,38.88333961116246,-17.883431400456963,13.029015126498775,136.0186880968366,1362.8295481437433,1.274,1.0300000015656,0,8.107525635440814,345.0001478400497,0.1397607432017145,1.4366503362050767e-05,-0.1757462707514138,0.0164830443649852,0.0246847041147516,2.302386013596337,9.681902560088686,47.29031362821818,3.980023068261453
7.8,31.22071733186585,131.01257367703195,138.4339013672766,-1.9214351410156068,-1.2206798329829178,2.45955057779378,2.0247132675819595,2.853191067293028,0.0,47.50304567704532,38.87377710581044,-17.98365940071452,13.033394217477996,136.00449593966155,1363.8661420910144,1.274,1.0300000015656,0,8.106273979851148,345.0001478400497,0.1398128120298961,1.4313390478228822e-05,-0.1681866760366401,0.011737562477856,0.0236320392047855,2.276271867114016,9.69488306074394,47.31131624229722,4.276628593545254
7.81,31.22071511608021,131.0125768405352,138.3037684182281,-1.8994657304906504,-1.1974252555609095,2.4880149751866107,2.206830721078834,3.1424125059076817,0.0,47.520993256623896,38.86422455420396,-18.079053307100423,13.038345663026936,135.98852906854887,1364.9140321058817,1.274,1.0300000015656,0,8.10501232099659,345.0001478400497,0.1398654301219687,1.4257244384495207e-05,-0.1606967331304273,0.007071972181496,0.0225884356610624,2.2452777038298963,9.709634259948134,47.33291582907424,4.575486499328258
7.82,31.22071290071712,131.0125800031723,138.17261360528508,-1.8733959094539536,-1.1716173203945983,2.515150164852029,2.3848065400448526,3.427327051178196,0.0,47.5391275569142,38.85468678319527,-18.16966188616848,13.043862657572433,135.9708232797421,1365.973202243826,1.274,1.0300000015656,0,8.103740666999201,345.0001478400497,0.1399185960038414,1.4198149755295738e-05,-0.1532922428321523,0.0024962289485009,0.0215561138619,2.209481874916674,9.726146749455353,47.35510316400676,4.874407994919355
7.83,31.22071068577961,131.01258316494847,138.04043804666986,-1.843291124256481,-1.1433171296051614,2.540875228323144,2.5582562552698533,3.707318245728076,0.0,47.5574480492308,38.845168642874704,-18.25554397503288,13.04993656802192,135.95141840307147,1367.0436349768015,1.274,1.0300000015656,0,8.102459027401288,345.0001478400497,0.1399723081169643,1.4136195839539132e-05,-0.1459888167120782,-0.0019799083261668,0.0205372713716187,2.168973307151262,9.744412466275058,47.37786813279089,5.17155011274587
7.84,31.220708471270832,131.01258632586968,137.9072429898025,-1.8092255096665328,-1.1125911399818975,2.56511914358287,2.726804226256289,3.981778812388433,0.0,47.57595417662503,38.835674994722815,-18.3367683554943,13.056556969045948,135.9303582058116,1368.125311217802,1.274,1.0300000015656,0,8.101167413098828,345.0001478400497,0.1400265648197907,1.4071476300999424e-05,-0.1388018440936629,-0.0063468982367721,0.0195340783318653,2.1238513430720736,9.764424203537953,47.40119975205904,5.465332562606773
7.85,31.220706257193864,131.01258948594247,137.77302982322945,-1.771281723922279,-1.0795110215483743,2.5878214756320905,2.890084451807561,4.250111921863561,0.0,47.5946453544711,38.82621069956527,-18.41341360749336,13.063711686570697,135.9076902851326,1369.2182103497012,1.274,1.0300000015656,0,8.099865836308192,345.0001478400497,0.1400813643895071,1.4004089059487172e-05,-0.1317464593844902,-0.0105954373779819,0.0185486728884357,2.074225569153308,9.786175072912718,47.42508619194931,5.754377418686511
7.86,31.22070404355188,131.01259264517415,137.63780005773805,-1.7295507656580051,-1.0441535049430215,2.608932983383875,3.047741371190908,4.511732456044175,0.0,47.61352097115664,38.81678060536135,-18.485567942077427,13.071386849099184,135.8834659495276,1370.3223102623404,1.274,1.0300000015656,0,8.09855431058833,345.0001478400497,0.1401367050240437,1.39341361324296e-05,-0.1248375098180248,-0.0147164804130535,0.0175831566621149,2.0202156351079745,9.809657927214923,47.449514800536846,6.037465406309118
7.87,31.22070183034798,131.01259580357265,137.5015553382848,-1.6841317730019087,-1.00660021795765,2.6284161373074144,3.199430654137855,4.76606826460556,0.0,47.6325803886922,38.80738953485845,-18.5533290141004,13.079566946424537,135.85774008965214,1371.437587381212,1.274,1.0300000015656,0,8.097232850696523,345.0001478400497,0.1401925848438911,1.3861723476420287e-05,-0.1180895236693474,-0.0187012596566013,0.0166395902720275,1.96195106849212,9.834864752252043,47.474472129892256,6.31350414622302
7.88,31.22069961758528,131.01259896114652,137.36429743803245,-1.6351318054627737,-0.9669375112564246,2.646245542932335,3.344819977722993,5.012561412364846,0.0,47.65182294360672,38.79804227314519,-18.616803714913715,13.088234895248837,135.83057103906552,1372.5640167157585,1.274,1.0300000015656,0,8.095901472721549,345.0001478400497,0.1402490018947208,1.3786960828229111e-05,-0.1115166790094388,-0.0225413041301311,0.0157199889206283,1.899571090396575,9.86178603759254,47.49994396413501,6.581505000347045
7.89,31.22069740526688,131.01260211790492,137.22602823847035,-1.5826656088468276,-0.9252562738143488,2.6624082661013806,3.4835897881470856,5.250669414492721,0.0,47.67124794770304,38.78874355513694,-18.676107945343684,13.097372111175158,135.8020204254098,1373.7015719002547,1.274,1.0300000015656,0,8.094560193983796,345.0001478400497,0.1403059541495866,1.370996154469845e-05,-0.1051327730626081,-0.0262284580480682,0.0148263180490668,1.833224440150769,9.890410135798454,47.52591534897516,6.840566123339277
7.9,31.22069519339584,131.01260527385764,137.08674975327116,-1.526855363777348,-0.8816517382758271,2.676904056644479,3.6154340452567095,5.4798664565010045,0.0,47.69085468882849,38.77949805302848,-18.73136636929044,13.106958586500983,135.7721530126067,1374.8502252318488,1.274,1.0300000015656,0,8.093209032891036,345.0001478400497,0.1403634395112163,1.3630842440905613e-05,-0.0989511922334094,-0.0297548986933556,0.0139604890721875,1.763069220284531,9.920722620049212,47.55237062287123,7.089860015907637
7.91,31.22069298197517,131.01260842901507,136.94646409847243,-1.4678287729101025,-0.8362251990472248,2.6897455580088314,3.740061548404421,5.699643986590611,0.0,47.71063930305464,38.770310363748536,-18.78271214832426,13.116972973207725,135.74103653468822,1376.00976725067,1.274,1.0300000015656,0,8.091844236761846,345.0001478400497,0.1404214466062211,1.3549723625920036e-05,-0.0929848828696869,-0.0331131536418738,0.0131243543419586,1.6892722997212324,9.952704180055605,47.57929001919871,7.328624231502119
7.92,31.22069077100784,131.01261158338815,136.80517349943392,-1.4057176072110005,-0.7890851071402353,2.700958425078584,3.8571973492219898,5.909511184984126,0.0,47.730592615752215,38.761184998696216,-18.830286657697616,13.127392670513094,135.70874152191269,1377.179681761878,1.274,1.0300000015656,0,8.09045566242128,345.0001478400497,0.1404799484310542,1.346672834057246e-05,-0.0872463299025272,-0.0362961242698628,0.0123197037768734,1.612008795847599,9.98632905839133,47.60664733520751,7.556154461781509
7.93,31.220688560496743,131.01261473698838,136.66288029083927,-1.3406707265720004,-0.7403313730311956,2.71058057645518,3.966579064044153,6.109000537376975,0.0,47.75072531508973,38.752126374403176,-18.87423918727308,13.138193917976844,135.67534111475683,1378.360598464747,1.274,1.0300000015656,0,8.089057140972816,345.0001478400497,0.1405389764422634,1.3381982792217595e-05,-0.0817475412208314,-0.039297113439596,0.0115482690767848,1.531466128998289,10.021576237940666,47.63443757087603,7.771800569909244
7.94,31.22068635044472,131.0126178898277,136.51958690079263,-1.272837233673544,-0.6900744608698922,2.718662639586233,4.067961737071523,6.297664686238022,0.0,47.77103660180506,38.74313878462885,-18.91472662994003,13.149351894673892,135.64091086290497,1379.5524847598126,1.274,1.0300000015656,0,8.087648695478956,345.0001478400497,0.1405985282868034,1.3295615939842728e-05,-0.076499975935353,-0.042109796043165,0.0108117047991808,1.4478394399512846,10.05841407161728,47.662642579614406,7.974962052727863
7.95,31.220684140854527,131.01262104191872,136.37529584883157,-1.20237219589193,-0.6384280523922073,2.725267462372549,4.161117302636151,6.475078698973995,0.0,47.791525659515045,38.73422640114754,-18.951913133585204,13.160840810447468,135.6055285510538,1380.7553070866777,1.274,1.0300000015656,0,8.08623034999124,345.0001478400497,0.1406586015613749,1.3207759341317312e-05,-0.0715145448096487,-0.0447282588481959,0.0101115916671424,1.3613336993716845,10.096805244536114,47.69124369073671,8.165085676566488
7.96,31.220681931728844,131.01262419327435,136.230009752886,-1.129436294037003,-0.5855088127654481,2.730469706673599,4.245835178103301,6.640841118055471,0.0,47.81219165407042,38.725393259011845,-18.98596974780237,13.172634005050204,135.56927400115111,1381.9690308840336,1.274,1.0300000015656,0,8.084802129494035,345.0001478400497,0.1407191938105112,1.31185469666143e-05,-0.0668015856568344,-0.0471470138281483,0.0094494329732294,1.272164496626421,10.136706301220713,47.72022174557285,8.341663619083302
7.97,31.22067972307024,131.01262734390804,136.0837313004522,-1.0541954724081657,-0.5314361358542953,2.734355340275536,4.321922820139715,6.7945749713618815,0.0,47.83303373466637,38.716643244776606,-19.01707405475093,13.184704048487648,135.532228870509,1383.1936206488265,1.274,1.0300000015656,0,8.083364059803406,345.0001478400497,0.1407803025298584,1.302811500448464e-05,-0.0623708399245272,-0.0493610106660482,0.0088266511373029,1.1805594393924113,10.178067245695306,47.749557138600274,8.504232183542209
7.98,31.220677514881185,131.01263049383363,135.9364632684748,-0.976820577457334,-0.4763318826946307,2.7370210321266666,4.389206244105107,6.935928736389625,0.0,47.8540510351264,38.70798008497497,-19.045409784873897,13.197022841915969,135.49447644648652,1384.429040009329,1.274,1.0300000015656,0,8.081916167634542,345.0001478400497,0.1408419251699209,1.2936601661947116e-05,-0.0582314304797075,-0.0513656483473057,0.008244584419843,1.08676056227673,10.220831205335664,47.77922985984716,8.652370947888814
7.99,31.22067530716406,131.0126336430654,135.7882084984968,-0.8974869856103306,-0.4203201139209515,2.7385734554469585,4.447530504214583,7.064577254132119,0.0,47.875242674984605,38.69940733488377,-19.0711664182076,13.209561718450724,135.4561014384687,1385.6752517827929,1.274,1.0300000015656,0,8.08045848038821,345.0001478400497,0.1409040591392604,1.2844146956038084e-05,-0.0543918406555643,-0.0531567858098248,0.0077044837997586,0.9910284747711332,10.264934162984844,47.809219538074345,8.78570224492037
8.0,31.220673099921143,131.0126367916179,135.63896989566751,-0.8163742212490657,-0.3635268164270979,2.739128504117412,4.49676013208961,7.180222588649761,0.0,47.896607760838336,38.690928367613886,-19.094538772061217,13.222291543267255,135.41718976785955,1386.9322180525253,1.274,1.0300000015656,0,8.07899102622943,345.0001478400497,0.1409667018084475,1.2750892497317533e-05,-0.0508598946211008,-0.0547307516221925,0.0072075100258324,0.8936496361557659,10.310304761129652,47.8395054851622,8.903890895006256
8.01,31.220670893154555,131.0126399395061,135.4887504297359,-0.7336655653685444,-0.306079625139452,2.738810428569941,4.5367795315751085,7.282594828331573,0.0,47.91814538750326,38.682546363559005,-19.11572657588735,13.235182812401789,135.37782835679215,1388.199900229748,1.274,1.0300000015656,0,8.077513833896415,345.0001478400497,0.1410298505134781,1.265698126471784e-05,-0.0476427391307536,-0.0560843526616609,0.0067547308502286,0.7949495445182743,10.356864180427662,47.87006674109453,9.006644131717657
8.02,31.22066868686633,131.01264308674524,135.33755311914885,-0.6495476559466574,-0.2481075402365755,2.737750898105209,4.567493327708598,7.371452825161416,0.0,47.93985463943238,38.67426430023661,-19.134934034207927,13.24820574969564,135.3381049162413,1389.4782591351827,1.274,1.0300000015656,0,8.076026932801716,345.0001478400497,0.1410935025599166,1.256255737137634e-05,-0.0447468267095496,-0.0572148817668341,0.0063471184525591,0.6953178206317525,10.404526094193525,47.90088211994576,9.093711675235731
8.03,31.220666481058352,131.01264623335075,135.18538103403347,-0.5642100805543923,-0.1897406407611817,2.736087997277653,4.588826668044564,7.446584868367815,0.0,47.961734591895606,38.666084942553965,-19.152369378500303,13.2613304013632,135.29810773420124,1390.7672550637535,1.274,1.0300000015656,0,8.074530352818691,345.0001478400497,0.1411576552263721,1.246776582122318e-05,-0.0421779003250844,-0.0581201243412036,0.0059855470622168,0.5952590713810557,10.45319669895596,47.93193025621634,9.164885919639607
8.04,31.22066427573237,131.01264937933848,135.0322372773117,-0.4778449622772664,-0.1311097950038565,2.7339651645764675,4.600725474588256,7.507809289234252,0.0,47.9837843123703,38.65801083352983,-19.168244408987945,13.274526727705643,135.25792546456847,1392.0668478630807,1.274,1.0300000015656,0,8.07302412430398,345.0001478400497,0.1412223057685787,1.237275225615023e-05,-0.0399409795952369,-0.0587983638872453,0.0056707907866124,0.4955049825914179,10.502774820584875,47.96318965190374,9.220002209173005
8.05,31.22066207089003,131.01265252472427,134.87812498967227,-0.3906465396299374,-0.0723463685061062,2.7315300821979847,4.603156644909596,7.554974994038166,0.0,48.00600286186258,38.65004428550274,-19.18277402731654,13.287764691537795,135.21764691733915,1393.3769970084838,1.274,1.0300000015656,0,8.071508278018815,345.0001478400497,0.1412874514232696,1.2277662693728084e-05,-0.0380403485756331,-0.0592483864522806,0.005403521652171,0.3972891073994303,10.553152094189944,47.99463872389171,9.258939185893267
8.06,31.22065986653278,131.01265566952424,134.72304734261166,-0.3028023039553675,-0.0135910392583158,2.7289339861902944,4.596111259313963,7.587959023833709,0.0,48.028374313251824,38.642187371855485,-19.19617576113125,13.301014342943168,135.17736085070243,1394.6967914946747,1.274,1.0300000015656,0,8.069964601828206,345.0001478400497,0.1413530453154386,1.2182643255521156e-05,-0.0364795451673401,-0.0594694839706104,0.0051843062472443,0.3031071591183978,10.604207105838654,48.026239437817416,9.281618477203017
8.07,31.220657662661985,131.01265881375454,134.56700751756364,-0.2145171379918059,0.0450331119374424,2.726329366200579,4.579597244941316,7.606674014631944,0.0,48.050911427956855,38.6344419305414,-19.208669281601644,13.314245900022192,135.13715576557965,1396.0269856118953,1.274,1.0300000015656,0,8.0684097849192,345.0001478400497,0.1414191250039408,1.2087839908131666e-05,-0.0352613858262071,-0.0594614919925778,0.0050136138182556,0.2191930067016065,10.655823723720388,48.057985211910086,9.288006906961181
8.08,31.22065545927882,131.01266195743156,134.41000872080772,-0.1259897393263811,0.1033957316178819,2.7238696127767,4.553644993818538,7.611063164569962,0.0,48.073614456016514,38.6268095316336,-19.220475929039484,13.32742983380274,135.09711967745528,1397.367607840086,1.274,1.0300000015656,0,8.066845321171876,345.0001478400497,0.1414856912250718,1.1993398117483287e-05,-0.0343878935719604,-0.0592247228820257,0.0048918010712852,0.1629848904073415,10.707874289287908,48.0898558107445,9.278115697285234
8.09,31.220653256384328,131.01266510057164,134.2520541556392,-0.0374185378277577,0.1613664305418685,2.7217076388541384,4.518306269701667,7.601101496692792,0.0,48.09648244650653,38.619291487303535,-19.231818206490946,13.340536932477244,135.05733994077804,1398.7186169399336,1.274,1.0300000015656,0,8.065271242701101,345.0001478400497,0.1415527411805531,1.1899462581371876e-05,-0.0338603208160746,-0.0587599953137233,0.0048191165190241,0.1656480249713124,10.760224865067972,48.12182979263375,9.252001296003355
8.1,31.22065105397939,131.0126682431911,134.0931470333036,0.0509980795435029,0.2188157956592265,2.719994651590052,4.473654016540217,7.576796119102867,0.0,48.11951444895495,38.61188884363946,-19.242919281510584,13.353538367958596,135.0179030558689,1400.0799716937224,1.274,1.0300000015656,0,8.063687581667303,345.0001478400497,0.1416202720734373,1.1806176925939175e-05,-0.0336791482149092,-0.0580686358810024,0.0047957001821712,0.2246800923592441,10.812736213476194,48.15388587020915,9.209766044522368
8.11,31.22064885206477,131.01267138530633,133.93329055411246,0.1390622076222852,0.2756156804146897,2.718878953840232,4.419782237773865,7.538186283777309,0.0,48.14270951453145,38.604602375034176,-19.25400248643765,13.366405758274228,134.97889447812042,1401.451630973913,1.274,1.0300000015656,0,8.062094370242276,345.0001478400497,0.1416882811115948,1.1713683391948412e-05,-0.033844082616252,-0.0571524767751133,0.0048215830202172,0.3087104658347264,10.86526433961536,48.18600295740316,9.15155889692598
8.12,31.22064665064104,131.01267452693364,133.7724879064484,0.2265768603163279,0.331639493905435,2.718504766596241,4.356805821386073,7.485343363349058,0.0,48.16606669737045,38.59743257952925,-19.26529081721573,13.379111225063207,134.94039843188273,1402.8335538194208,1.274,1.0300000015656,0,8.060491640518132,345.0001478400497,0.1417567655115969,1.1622122514445296e-05,-0.0343540567723457,-0.0560138523324486,0.0048966866073686,0.4016481721941893,10.917661078135897,48.2181602163701,9.077576240302465
8.13,31.220644449708647,131.01267766808922,133.61074225583343,0.3133464066787634,0.3867624867773081,2.7190110825722864,4.2848603115606245,7.418370745829257,0.0,48.18958505590243,38.59037967483428,-19.277006431924736,13.391627446155947,134.9024977293768,1404.225699512022,1.274,1.0300000015656,0,8.058879424438983,345.0001478400497,0.1418257225026305,1.1531632796671664e-05,-0.0352072308193664,-0.0546555944488387,0.0050208230545639,0.4977647038776119,10.969774716804997,48.25033710388318,8.988062843533843
8.14,31.2206422492679,131.01268080878907,133.44805674492954,0.3991770048270839,0.4408620331689965,2.720530560798197,4.204101627804141,7.337403647900678,0.0,48.21326365420852,38.583443595036655,-19.28937015019784,13.403927703264571,134.86527359494633,1405.6280276556013,1.274,1.0300000015656,0,8.057257753778186,345.0001478400497,0.1418951493304674,1.1442350379197068e-05,-0.0364009955231684,-0.0530810268685609,0.0051936951785604,0.5947255407475313,11.021450650805756,48.28251341711153,8.88331296990985
8.15,31.22064004931892,131.0126839490492,133.28443448061643,0.4838770328346079,0.4938179079420919,2.7231884717392285,4.1147057326673,7.242608847795721,0.0,48.23710156328443,38.57662398801627,-19.30260095469984,13.415985924858823,134.82880549492717,1407.0404982496234,1.274,1.0300000015656,0,8.055626660024487,345.0001478400497,0.1419650432611748,1.1354408705347282e-05,-0.0379319772857507,-0.0512939583585736,0.0054148969182986,0.6913662644362717,11.072532061762798,48.31466933854064,8.763671698621955
8.16,31.22063784986172,131.01268708888523,133.1198785280297,0.5672575155832184,0.5455125585926919,2.727101702026715,4.01686824938741,7.134184339193691,0.0,48.261097862330814,38.56992021357539,-19.31691549584181,13.42777672434788,134.79317097338327,1408.4630717645512,1.274,1.0300000015656,0,8.053986174325107,345.0001478400497,0.1420354015849019,1.1267938184096971e-05,-0.0397960449019108,-0.0492986747816484,0.0056839139980928,0.786991307051046,11.12286061570105,48.34678548005645,8.629536511987778
8.17,31.220635650896124,131.01269022831255,132.95439191155367,0.6491325466687389,0.5958313711466919,2.7323778273754,3.9108040310105,7.012358907910264,0.0,48.285251640012255,38.56333134229501,-19.33252760090235,13.439275433729817,134.75844549392897,1409.8957092146263,1.274,1.0300000015656,0,8.05233632741743,345.0001478400497,0.142106221619588,1.1183065851681697e-05,-0.0419883180501852,-0.0470999300845828,0.0060001248364169,0.8811202506612977,11.17227717425061,48.378842926024014,8.481359219715264
8.18,31.220633452421865,131.0126933673464,132.78797759693273,0.7293198673437568,0.6446627629791537,2.739114270771943,3.796746741811543,6.877391580918232,0.0,48.3095617200617,38.55685615512324,-19.34964778871734,13.450458132910084,134.72470228782723,1411.3383561282571,1.274,1.0300000015656,0,8.050676811135734,345.0001478400497,0.1421774999033608,1.1099915033271296e-05,-0.0445031774973566,-0.0447029362205538,0.0063628016621034,0.9733833266809624,11.220622417141424,48.4108229734965,8.31964829587694
8.19,31.2206312544385,131.0126965060016,132.62063849226385,0.807651032134783,0.691888515804499,2.7473980858715747,3.6749519003178417,6.729567897052142,0.0,48.334010224213856,38.55049314391631,-19.36848279108761,13.461301674924975,134.69201220853157,1412.78998160153,1.274,1.0300000015656,0,8.048986779189308,345.0001478400497,0.1422491838195384,1.1018605006473456e-05,-0.0473342776013454,-0.0421133527130724,0.0067711096808678,1.063474588517476,11.267731886190417,48.44268917676572,8.144970951018506
8.2,31.220629056945462,131.01269964429255,132.45237744302693,0.8839416257061399,0.7374148092634678,2.7573038521361086,3.545687112795199,6.569207443651938,0.0,48.3586134783648,38.544240525433935,-19.389235082286827,13.471783707501634,134.6604435923192,1414.2515532442287,1.274,1.0300000015656,0,8.047287355491006,345.0001478400497,0.1423213214159151,1.093925068928152e-05,-0.050474596838268,-0.0393373162540569,0.0072241208243741,1.151125646925659,11.313454504321433,48.47444312790663,7.957958788067365
8.21,31.22062685994204,131.0127027822334,132.28319722314131,0.9580221007923532,0.7811413038087986,2.768894264918514,3.4092389464128208,6.396656479218799,0.0,48.38337061895304,38.53809621229449,-19.41210243256223,13.481882701022784,134.6300620957295,1415.723034820769,1.274,1.0300000015656,0,8.045578568915149,345.0001478400497,0.1423939101506294,1.0861962248345596e-05,-0.0539163770368732,-0.036381342204385,0.0077207981444254,1.236095148250848,11.357635106645604,48.50606820693628,7.7593105207336865
8.22,31.2206246634274,131.01270591983783,132.11310052204325,1.0297279618118629,0.8229718380438418,2.782219348923494,3.265910373519584,6.2122888692711005,0.0,48.4082808005812,38.53205783769024,-19.437277440766696,13.49157795300222,134.60093060095582,1417.2043911542007,1.274,1.0300000015656,0,8.043860447632635,345.0001478400497,0.1424669475351479,1.0786844815465048e-05,-0.0576511784982817,-0.0332523534052353,0.0082600055283094,1.3181613705000386,11.400121318093566,48.53754846958583,7.549797882636111
8.23,31.220622467400577,131.01270905711897,131.9420899635719,1.098900157293006,0.8628146238543968,2.797316083565488,3.1160200948432,6.0165052497592,0.0,48.43334319423549,38.526122754228616,-19.464947093780182,13.500849599871872,134.57310909735637,1418.6955880226851,1.274,1.0300000015656,0,8.042133018995662,345.0001478400497,0.1425404311290302,1.071399817174583e-05,-0.0616698982249457,-0.0299576650565142,0.0088405100079203,1.397118228805157,11.440764221010149,48.56886867605122,7.3302724317190835
8.24,31.220620271860486,131.01271219408957,131.77016806720505,1.165385441120924,0.900582453620668,2.814208135253073,2.9599018252276967,5.8097321362706165,0.0,48.45855698839341,38.520288037963816,-19.495292338067703,13.50967862623382,134.54665456996207,1420.196592227139,1.274,1.0300000015656,0,8.040396309572285,345.0001478400497,0.142614358543168,1.0643516441015852e-05,-0.0659627897257419,-0.0265049687824655,0.0094609842996969,1.4727729395378533,11.479419024826546,48.60001432450618,7.101674009606916
8.25,31.22061807680594,131.0127153307618,131.59733726793849,1.2290367216706115,0.9361928968609692,2.83290569994386,2.797903548090372,5.59242097900616,0.0,48.48392138995566,38.51455049315124,-19.52848766441509,13.518046871964067,134.52162089496198,1421.70737164776,1.274,1.0300000015656,0,8.0386503450196,345.0001478400497,0.1426887274425204,1.057548779406477e-05,-0.0705194842709591,-0.022902315832045,0.0101200095579206,1.5449446487005711,11.515945714556803,48.63097168275925,6.865041250831587
8.26,31.220615882235624,131.01271846714727,131.42359990038312,1.2897133978252262,0.9695684860465532,2.853405457205216,2.630386740935645,5.365047166923472,0.0,48.50943562519771,38.50890665772034,-19.564700706818144,13.525937037542146,134.49805874219413,1423.2278953019638,1.274,1.0300000015656,0,8.036895150037592,345.0001478400497,0.1427635355489059,1.0509994165327865e-05,-0.0753290135465106,-0.019158099451398,0.0108160783351678,1.6134636395605104,11.550209675465696,48.6617278182126,6.621524613970118
8.27,31.220613688148127,131.01272160325712,131.248958191807,1.3472816811019988,1.000636891153138,2.875690636052525,2.4577255742778075,5.128108984378187,0.0,48.535098940672654,38.50335280945479,-19.60409185646729,13.533332687983243,134.4760154846558,1424.758133399373,1.274,1.0300000015656,0,8.035130748323043,345.0001478400497,0.1428387806436557,1.0447110983597853e-05,-0.0803798336536458,-0.015281036466743,0.0115475977431994,1.678170897190526,11.582082291436864,48.69227062598991,6.372402481670444
8.28,31.220611494541952,131.01272473910169,131.0734142730697,1.4016149030824785,1.0293310825976116,2.8997311918616253,2.280306086262918,4.882126523540999,0.0,48.56091060408278,38.497884972868015,-19.646813891732407,13.54021825574866,134.4555351150349,1426.2980573956925,1.274,1.0300000015656,0,8.033357162546437,345.0001478400497,0.1429144605701685,1.0386906918336218e-05,-0.0856598503984172,-0.0112801481176481,0.0123128928072807,1.7389178967798296,11.611441514888002,48.722588855199575,6.1191009326506025
8.29,31.220609301415493,131.0127278746907,130.8969701507908,1.4525938074140068,1.0555894821993772,2.9254840926904606,2.098525335225,4.627640555763893,0.0,48.58686990507008,38.49249892675896,-19.69301162501408,13.546579043004591,134.43665816925275,1427.8476400425257,1.274,1.0300000015656,0,8.031574414294322,345.0001478400497,0.142990573236222,1.0329443643100652e-05,-0.0911564458132264,-0.0071647401820237,0.0131102100066012,1.795566533410768,11.638172406332624,48.75267213323067,5.863217791666695
8.3,31.22060710876705,131.0127310100334,130.71962772723,1.500108642963849,1.0793543351716803,2.9528938166272862,1.9127911854028496,4.365210801777754,0.0,48.61297321341479,38.48719021243247,-19.74282156728821,13.552401223591117,134.41942165699862,1429.406682389004,1.274,1.0300000015656,0,8.029778879543034,345.0001478400497,0.1430671079563064,1.0274775617569144e-05,-0.0968565058512523,-0.0029443824355495,0.0139377201495607,1.847989584315288,11.66216674238597,48.78250776806579,5.606551288910829
8.31,31.220604916594887,131.01273414513813,130.54138877344909,1.5440637815053613,1.10056765184985,2.981893147798811,1.723523299585056,4.09541311116766,0.0,48.6392069831982,38.48195414497702,-19.79637161112925,13.557671845049688,134.40385899922614,1430.9744016649463,1.274,1.0300000015656,0,8.02795460138483,345.0001478400497,0.1431440248631254,1.0222949893203006e-05,-0.1027464557339861,0.0013711049324777,0.0147935208206184,1.8960719589839496,11.683321418746443,48.81207311489867,5.351133324841199
8.32,31.220602724897144,131.01273728001263,130.36225494422277,1.5843540368679287,1.119194518191161,3.01240256240678,1.5311447300369707,3.818844696853832,0.0,48.665586340376464,38.476785830209046,-19.853780735580138,13.56237883288074,134.3899999671525,1432.5517014218403,1.274,1.0300000015656,0,8.026121100887186,345.0001478400497,0.1432213684699472,1.017400594574587e-05,-0.1088123119455462,0.0057716474026617,0.0156756551457203,1.9397048218526431,11.701550636616725,48.841377824448365,5.099269379136932
8.33,31.220600533671927,131.01274041466382,130.18222777008634,1.6208923809319788,1.1351964294603245,3.0443320248350414,1.3360877743312027,3.536117036219184,0.0,48.69211066699904,38.47168014850232,-19.915158739824047,13.566511001782716,134.37787060975936,1434.138559879682,1.274,1.0300000015656,0,8.024278395021492,345.0001478400497,0.1432991369557097,1.012797547255508e-05,-0.1150396492061688,0.0102470124441622,0.0165820942592498,1.97879236760625,11.71677262066746,48.87041523899885,4.853577207791494
8.34,31.22059834291728,131.012743549098,130.0013086414315,1.653600383638647,1.1485409188850697,3.0775814598575164,1.1387912441660326,3.2478561338284755,0.0,48.71877937295675,38.46663178618241,-19.980605971807304,13.570058049944178,134.36749324107507,1435.734956917385,1.274,1.0300000015656,0,8.02242649950933,345.0001478400497,0.1433773285810658,1.00848822982312e-05,-0.1214136674427787,0.0147867915070668,0.0175107509758122,2.013249657296849,11.728914912955643,48.89917967618911,4.617025298381545
8.35,31.220596152631188,131.01274668332044,129.8194988273931,1.682408416310184,1.1592016107413747,3.1120416106798494,0.939699530631035,2.9547012022591144,0.0,48.74559189367744,38.461635242471,-20.05021309218948,13.573010564421216,134.35888640509089,1437.3408739402207,1.274,1.0300000015656,0,8.020565428705718,345.0001478400497,0.1434559416816042,1.0044742269177147e-05,-0.1279192243463257,0.0193804232980346,0.0184594842700905,2.043002745733597,11.737914685233475,48.92766643489771,4.392959980366594
8.36,31.22059396281161,131.0127498173359,129.6367994589509,1.7072558171007166,1.1671582807839005,3.147594968979771,0.7392616565454888,2.657303322735273,0.0,48.77254769056996,38.456684841271,-20.124060860021256,13.575360027988271,134.35206484743955,1438.9562939095135,1.274,1.0300000015656,0,8.018695195622433,345.0001478400497,0.1435349746691533,1.0007563173960002e-05,-0.134540868794796,0.0240172173608888,0.0194261038968094,2.0679887984621343,11.743719030916344,48.955871805050826,4.185107266797957
8.37,31.220591773456448,131.01275295114817,129.4532115269409,1.7280910362884376,1.172396903037135,3.184116769958085,0.5379303209707574,2.3563240845171807,0.0,48.79964625137557,38.45177474345709,-20.202219940698203,13.577098827687005,134.3470394937086,1440.5812013682955,1.274,1.0300000015656,0,8.016815811916352,345.0001478400497,0.1436144260327975,9.973344690270197e-06,-0.1412628750044781,0.0286863779970318,0.0204083751309248,2.088156196801326,11.746285218409664,48.983793075219744,3.9975282145625615
8.38,31.220589584563623,131.01275608476027,129.2687358870268,1.7448717610055615,1.1749096828767418,3.2214760437079777,0.336160937213524,2.052434204746679,0.0,48.8268870903789,38.44689895964796,-20.28475073666394,13.578220265245768,134.34381743431493,1442.2155824567667,1.274,1.0300000015656,0,8.014927287784317,345.0001478400497,0.1436942943395041,9.94207835918292e-06,-0.1480692773434207,0.0333770284759935,0.0214040236191224,2.103464627919285,11.745580905322536,49.01142853795092,3.834501041948849
8.39,31.22058739613099,131.01275921817427,129.08337325373418,1.7575650189311676,1.174695076456076,3.2595367137188624,0.1344106655128677,1.7463121303475393,0.0,48.85426974867603,38.44205136343262,-20.37170324128935,13.57871856950672,134.34240191586315,1443.8594249325188,1.274,1.0300000015656,0,8.013029632009868,345.0001478400497,0.1437745782349036,9.913747587294314e-06,-0.154943905740403,0.03807823548591,0.0224107403337672,2.11388515768484,11.741584313187063,49.03877749303634,3.7003042944714335
8.4,31.22058520815643,131.01276235139167,128.897124198463,1.7661472607727169,1.1717577963192147,3.2981587329419844,-0.0668625583944147,1.4386426234087115,0.0,48.88179379430117,38.43722570502117,-20.46311691630701,13.578588910962576,134.3427923389085,1445.5127181803016,1.274,1.0300000015656,0,8.011122851916513,345.0001478400497,0.1438552764436799,9.88832767716652e-06,-0.161870421621703,0.0427790337737525,0.0234261866200045,2.119400284687268,11.734284362237752,49.065840248501495,3.598890693989583
8.41,31.2205830206378,131.01276548441282,128.70998915545204,1.7706062239056748,1.1661071225466983,3.337199352386142,-0.2672003653658841,1.1301147741647075,0.0,48.90945600977344,38.43241562528941,-20.559020593131688,13.577827418466338,134.344984262042,1447.175286785344,1.274,1.0300000015656,0,8.009203441127875,345.0001478400497,0.1439363794927115,9.865785886371604e-06,-0.1688323543077443,0.0474684509241288,0.0244479979210433,2.1200045554203566,11.723679959196868,49.0926150429313,3.5334763273019805
8.42,31.220580833572978,131.01276861723733,128.5219684088559,1.7709465505376456,1.1577517315015988,3.376514675750315,-0.4661426770094945,0.82141855065044,0.0,48.93724174825576,38.42761467270601,-20.65943239835012,13.57643119813995,134.34896941221487,1448.846278222238,1.274,1.0300000015656,0,8.007253561877606,345.0001478400497,0.1440178442731709,9.846081518625916e-06,-0.1758131442770594,0.0521355248905792,0.0254737851318439,2.115706470158203,11.70977759119344,49.11908858952939,3.506118763852631
8.43,31.22057864695985,131.01277174986393,128.33306210964287,1.7671623061424055,1.1467252433259538,3.415959446642953,-0.6632370441953369,0.5132507185257559,0.0,48.96516768690815,38.42281632769025,-20.764359706234128,13.574398356342709,134.35473569591835,1450.5266938805244,1.274,1.0300000015656,0,8.005294453965746,345.0001478400497,0.1440997198598048,9.829166050901536e-06,-0.1827962068708546,0.0567692990599306,0.0265011656823851,2.106519497196349,11.692603615377784,49.14528284170096,3.5173979897033827
8.44,31.220576460796345,131.0127748822906,128.1432702577027,1.759268018610597,1.1330571841928532,3.455389501075665,-0.8580321947316245,0.2063068503651865,0.0,48.9932334991425,38.41801398606092,-20.87379912664343,13.571728032506828,134.36226719480092,1452.216529545223,1.274,1.0300000015656,0,8.003326118894845,345.0001478400497,0.1441820052864163,9.814983226448074e-06,-0.189764897333515,0.0613589290275588,0.0275277344707954,2.0924719944259307,11.672190278187172,49.17120210511004,3.5663003754377596
8.45,31.220574275080384,131.0127780145143,127.95259271476824,1.747287705356836,1.1167831806992012,3.494662592295831,-1.0500809723117634,-0.0987184348125337,0.0,49.0214388881198,38.41320099885101,-20.987736488387064,13.568420413133072,134.37154422641825,1453.915782816578,1.274,1.0300000015656,0,8.001348556676735,345.0001478400497,0.1442646996741146,9.803469266461914e-06,-0.1967025876144229,0.0658936627495708,0.028551083080156,2.0736037061626704,11.648580607012647,49.196851672288965,3.6503536831072783
8.46,31.22057208980995,131.01278114653124,127.76102920342116,1.7312548448040153,1.0979448606260596,3.533639540342836,-1.238941305749682,-0.4011329603229053,0.0,49.04978358353718,38.40837068277988,-21.106146863248483,13.56447675897332,134.38254337870663,1455.624452924479,1.274,1.0300000015656,0,7.999361765879852,345.0001478400497,0.1443478022218545,9.794553071255292e-06,-0.2035927039338822,0.070362865327561,0.0295688051715906,2.0499656947494342,11.621828280525218,49.22223780397726,3.7659648978747096
8.47,31.220569904983087,131.01278427833665,127.5685792981456,1.711212306000892,1.076589762803568,3.572185346266325,-1.424177178779432,-0.7002484846369131,0.0,49.07826734130828,38.40351633599128,-21.22899461481389,13.559899433927953,134.39523755035515,1457.3425407144723,1.274,1.0300000015656,0,7.997365743605573,345.0001478400497,0.1444313122054867,9.788156448621827e-06,-0.210418764462269,0.0747560435262241,0.0305785019151752,2.021620247217178,11.591997475806286,49.24736771480269,3.908853633083784
8.48,31.22056772059788,131.01278740992507,127.37524244321942,1.6872122565077377,1.0527712335912316,3.610170262801709,-1.605359594972123,-0.9953821995728492,0.0,49.10688994315904,38.39863125394893,-21.35623347211567,13.554691935472375,134.4095959969395,1459.0700486261694,1.274,1.0300000015656,0,7.995360485440888,345.0001478400497,0.144515228976589,9.784194368608102e-06,-0.2171644169575902,0.0790628700624942,0.0315777874349528,1.9886407622030176,11.559162673436552,49.272249556791046,4.074468613060272
8.49,31.220565536652483,131.0127905412901,127.18101794078594,1.659316048565585,1.0265483102727164,3.6474708120918296,-1.7820675364631309,-1.2858582319972252,0.0,49.13565119631016,38.39370874546042,-21.487806628017434,13.548858926368528,134.42558438274915,1460.806980680946,1.274,1.0300000015656,0,7.993345985600384,345.0001478400497,0.1445995519615046,9.782575243717905e-06,-0.2238134762855235,0.0832732076126031,0.0325642942575126,1.9511116184195716,11.523408420505596,49.29689240091943,4.258314152616342
8.5,31.220563353145128,131.01279367242444,126.98590495681708,1.627594084026733,0.9979855913038268,3.683970741523387,-1.9538889149596848,-1.5710091470784169,0.0,49.16455093285096,38.38874214879348,-21.62364686221265,13.542406267379963,134.44316483824667,1462.5533424458656,1.274,1.0300000015656,0,7.991322236760598,345.0001478400497,0.1446842806595351,9.78320123350839e-06,-0.2303499617441706,0.08737713248402,0.0335356787525716,1.9091280266245665,11.48482905135805,49.32130621630413,4.456163378581037
8.51,31.220561170074102,131.01279680332016,126.78990253304184,1.5921256579421903,0.9671530939503928,3.7195619092350976,-2.120421513561236,-1.850177450766076,0.0,49.19358900937097,38.38372484784887,-21.76367668865544,13.535341050676756,134.46229602310575,1464.3091410176455,1.274,1.0300000015656,0,7.989289230296646,345.0001478400497,0.1447694146418364,9.785968572341148e-06,-0.2367581341153385,0.0913649578981673,0.0344896265549096,1.862795867511826,11.443528366239182,49.34550184766979,4.66417032183959
8.52,31.22055898743781,131.01279993396835,126.59300957104033,1.5530103497273906,0.9341157373229176,3.754145758971257,-2.281270025621924,-2.1227207852005026,0.0,49.22274788135237,38.37865028835483,-21.907808527185896,13.527671633583402,134.48293319478023,1466.0733470009325,1.274,1.0300000015656,0,7.987225010492976,345.0001478400497,0.1448549022705716,9.790767918918935e-06,-0.2430225323615625,0.0952272568313847,0.0354238454153794,1.81223609199694,11.399614144593736,49.36947193815689,4.8789083657438335
8.53,31.220556805234736,131.0128030643594,126.395224853118,1.5103355175373587,0.8989622060050589,3.7876324894717768,-2.4360559518415514,-2.3880049784913604,0.0,49.25204129970366,38.37351201172276,-22.05594489905672,13.519407672293296,134.50502828256796,1467.8467939070194,1.274,1.0300000015656,0,7.9851469558516674,345.0001478400497,0.1449407840055018,9.797484746659448e-06,-0.2491280528659505,0.0989548392355367,0.0363361111685012,1.7575719700738708,11.353212033471836,49.39324415929826,5.097361695338514
8.54,31.220554623463453,131.01280619448295,126.19654703335904,1.464203642657416,0.8617799081469595,3.819942719608153,-2.584412633519801,-2.6454109881405894,0.0,49.281472714306815,38.36830363400024,-22.20797866391388,13.51056016771318,134.52852993377294,1469.6297029682164,1.274,1.0300000015656,0,7.9830594894008815,345.0001478400497,0.1450270699916103,9.805999677212683e-06,-0.2550599084884128,0.1025388552741883,0.0372242332736902,1.6989394450297766,11.304452912952538,49.41683568176581,5.316892921393006
8.55,31.22055244212265,131.01280932432775,125.9969746495534,1.414727593739532,0.8226588899556624,3.8510079410628166,-2.7259865323002432,-2.8943360308716484,0.0,49.3110420724042,38.36301888241984,-22.363793248121244,13.501141488119346,134.55338362526584,1471.4220869811986,1.274,1.0300000015656,0,7.980962596951626,345.0001478400497,0.1451137600659072,9.816188912788338e-06,-0.2608036887520799,0.1059707894456033,0.0380860679882576,1.636485340445439,11.253474403385392,49.44026058870699,5.535200610277194
8.56,31.22055026121113,131.01281245388205,125.79650612021456,1.3620280423069964,0.7816937250300894,3.880770878768708,-2.8604384948995354,-3.1341946661385824,0.0,49.3407493427286,38.35765161147829,-22.52326290607749,13.491165397738245,134.5795317606843,1473.223960110555,1.274,1.0300000015656,0,7.978856263044606,345.0001478400497,0.1452008541284279,9.827924664662768e-06,-0.2663454029007266,0.1092424720131552,0.0389195272402237,1.5703663142999305,11.200421362728632,49.46353369676434,5.750275402261522
8.57,31.22054808072781,131.0128155831331,125.59513975650596,1.3062331922867825,0.7389832960920114,3.9091858168440847,-2.9874445985184974,-3.364420233845878,0.0,49.37059451401902,38.35219581751257,-22.68625300725877,13.480647086032231,134.60691376636788,1475.035337803492,1.274,1.0300000015656,0,7.976740471010147,345.0001478400497,0.1452883521378718,9.841075587065394e-06,-0.2716715135659749,0.1123460988609351,0.0397225836819712,1.5007487626707203,11.145445314883174,49.486670520447,5.960359258446076
8.58,31.22054590067174,131.01281871206777,125.39287375528365,1.2474784872358966,0.6946305706396702,3.9362188154828974,-3.1066969734215326,-3.58446626809105,0.0,49.40057759410887,38.34664565425928,-22.85262034482937,13.469603194702705,134.63546619276147,1476.8562367391428,1.274,1.0300000015656,0,7.974615203016137,345.0001478400497,0.1453762541089173,9.85550722223477e-06,-0.2767689695964685,0.1152742505753084,0.0404932756426245,1.427808796136168,11.088703843539284,49.5096872360982,6.163909723147369
8.59,31.220543721042088,131.01282184067207,125.18970621897456,1.185906300261052,0.6487423663389033,3.9618478173956873,-3.217904599285121,-3.793807883354333,0.0,49.43069860892764,38.34099544817935,-23.02221346519025,13.458051841917076,134.66512282129494,1478.6866747715785,1.274,1.0300000015656,0,7.972480440068018,345.0001478400497,0.1454645601092941,9.871082454580575e-06,-0.2816252379458982,0.1180199107217066,0.0412297119632753,1.3517323359524578,11.030359949183614,49.53260064414009,6.359569670512682
8.6,31.22054154183817,131.01282496893148,124.98563514762388,1.1216656072195244,0.6014291066716083,3.9860626429567776,-3.320794072753309,-3.991943128744004,0.0,49.4609576015142,38.33523971351504,-23.19487301777054,13.446012643251104,134.6958147767703,1480.526670872994,1.274,1.0300000015656,0,7.970336162080692,345.0001478400497,0.1455532702568934,9.887661971838307e-06,-0.2862283345347321,0.1205764832680672,0.041930076702342,1.272715401797705,10.97058137111873,49.55542812977353,6.546142269332034
8.61,31.220539363059423,131.0128280968308,124.78065844982872,1.0549136120403455,0.552802860480471,4.008864983774864,-3.415109711082275,-4.17839496463765,0.0,49.49135174821237,38.32937316704072,-23.3704321243102,13.433506728833349,134.72747064529727,1482.3760723845746,1.274,1.0300000015656,0,7.968178690927591,345.0001478400497,0.1456423762333499,9.905104730992624e-06,-0.2905668540007655,0.122937809107924,0.0425926312172998,1.1909656584188413,10.90953895360022,49.57818447128047,6.722570734278217
8.62,31.22053718470545,131.01283122435447,124.57477394273688,0.985822582916447,0.502970894359332,4.030268625134857,-3.5006116564594456,-4.352715312611187,0.0,49.521864881359015,38.32339074576749,-23.548716766826885,13.420556756177504,134.760016597823,1484.2339264317973,1.274,1.0300000015656,0,7.965987372718349,345.0001478400497,0.1457318304517553,9.923268430191904e-06,-0.2946300059176163,0.1250981743061999,0.0432157103799165,1.106707242586632,10.847402460297488,49.60087034996403,6.887922600663138
8.63,31.220535006776,131.0128343514861,124.367979368945,0.9145461345186114,0.4520642594905526,4.050297513288115,-3.577085760487525,-4.514476645863772,0.0,49.55251616351456,38.31728763552037,-23.72954619670212,13.407186920426028,134.79337651373388,1486.1013968862287,1.274,1.0300000015656,0,7.963786349526827,345.0001478400497,0.1458216892942281,9.942009990640836e-06,-0.2984076781270221,0.1270522909222448,0.0437977744089076,1.0201663446163824,10.784355547669666,49.62352551458882,7.041374288452498
8.64,31.220532829270915,131.0128374782091,124.16027239351386,0.8412560685215816,0.4002051885777587,4.068986734867265,-3.6443361129715535,-4.663281538940237,0.0,49.58330569207227,38.31105923886132,-23.91273337629698,13.393422969786672,134.82747208429737,1487.9785063580669,1.274,1.0300000015656,0,7.9615755972090385,345.0001478400497,0.145911953037915,9.961185964762112e-06,-0.3018903683689317,0.1287954006328057,0.0443373524291746,0.931592430258697,10.72057751179025,49.646169264914505,7.1822025496539155
8.65,31.220530652190263,131.01284060450618,123.95165061092808,0.7661289052204183,0.3475181938623835,4.086381598688932,-3.7021877444039073,-4.798761622947041,0.0,49.614233579317066,38.304701223327605,-24.09808539593636,13.379292187767277,134.8622229903139,1489.865278453956,1.274,1.0300000015656,0,7.959355090783437,345.0001478400497,0.1460026220036361,9.980653041665024e-06,-0.30506925932562,0.1303232382844383,0.0448330699202935,0.8412581034975178,10.656248587228337,49.6688212748588,7.309775768023758
8.66,31.220528475534216,131.0128437303598,123.7421115540394,0.6893454979069633,0.2941297509104089,4.102537006665638,-3.750487160160207,-4.920578653651409,0.0,49.64529994784141,38.298209526912046,-24.28540392747536,13.36482338374145,134.89754704859283,1491.761737504006,1.274,1.0300000015656,0,7.957124804540131,345.0001478400497,0.1460936965424005,1.000026850376251e-05,-0.3079362414832143,0.1316320433649953,0.0452836523585644,0.749470047094603,10.591549099916373,49.69150153814761,7.423547542540396
8.67,31.220526299303152,131.01284685575203,123.53165268909748,0.6110906108222999,0.2401680011599374,4.117516732956462,-3.789102832441616,-5.028425511528856,0.0,49.67650492929268,38.2915803702561,-24.47448569168382,13.350046876732362,134.9333603643724,1493.6679084879538,1.274,1.0300000015656,0,7.954884712089479,345.0001478400497,0.1461851770317295,1.0019890675120646e-05,-0.3104839345121975,0.1327185702276777,0.0456879286611675,0.6565898386856259,10.526658631498126,49.71423032022013,7.523051737558886
8.68,31.220524123497544,131.01284998066447,123.3202714465613,0.5315524869998567,0.1857624493950751,4.131392621722505,-3.8179256427966943,-5.122027132796977,0.0,49.70784866310483,38.28481026828544,-24.66512293838665,13.334994472016664,134.9695774896518,1495.5838169602775,1.274,1.0300000015656,0,7.952634786422751,345.0001478400497,0.1462770638719307,1.0039379359330146e-05,-0.3127057069930284,0.1335800971367095,0.0460448344031903,0.5630761440688128,10.461755179579557,49.73702810930074,7.6078987347267
8.69,31.22052194811808,131.0128531050786,123.10796520320804,0.4509224069059856,0.1310436569014714,4.1442437113834885,-3.8368692730414526,-5.201141367205636,0.0,49.73933129520067,38.27789604126781,-24.857103938215747,13.319699430152015,135.00611158746582,1497.5094889714578,1.274,1.0300000015656,0,7.950374999960693,345.0001478400497,0.1463693574823066,1.0058596265039268e-05,-0.3145956944217112,0.1342144341044166,0.0463534147969562,0.4695775788082549,10.39701432013592,49.75991556674558,7.677772676981844
8.7,31.220519773165567,131.0128562289754,122.89473130002366,0.3693942387743812,0.0761429311095337,4.156155294016694,-3.845870542583892,-5.265559758580872,0.0,49.77095297678101,38.2708348252584,-25.050213484788618,13.304196428066511,135.04287460211967,1499.4449509982487,1.274,1.0300000015656,0,7.948105324735622,345.0001478400497,0.1464620582975722,1.0077405417127089e-05,-0.316148815434336,0.1346199294925684,0.0466128274240019,0.37716013743255,10.332608378829043,49.782913476910274,7.7324295424842875
8.71,31.220517598641,131.01285935233597,122.68056704915983,0.2871797044009137,0.0211788577628225,4.167218724940533,-3.8448849251099575,-5.315113838427608,0.0,49.802691527965536,38.26362408190344,-25.244233406097848,13.288521511890288,135.07977743538072,1501.388883203618,1.274,1.0300000015656,0,7.945797160300574,345.0001478400497,0.1465551010383759,1.0095673551902196e-05,-0.3173607861940552,0.1347954753541872,0.0468223237114287,0.2879595854967634,10.26869739949179,49.80601829508773,7.771697826361848
8.72,31.22051542454552,131.0128624751409,122.46546973691596,0.2044612741640171,-0.0337038929143795,4.177528395,-3.833898561375056,-5.34966205759023,0.0,49.83456870741957,38.25626163681426,-25.438943083864068,13.272712041254524,135.11673012860047,1503.342613258552,1.274,1.0300000015656,0,7.943478046243747,345.0001478400497,0.1466485497241817,1.0113270521700543e-05,-0.3182281979501035,0.1347404562668272,0.0469813229340642,0.2072205593303382,10.20545256161184,49.829274512606034,7.795473417334288
8.73,31.2205132508804,131.01286559737096,122.24943663566576,0.1214373256178793,-0.0883732522402515,4.187182196583343,-3.8129192364941566,-5.369100865969035,0.0,49.86658535530627,38.24874562141504,-25.63412000860717,13.256806643639916,135.15364200706807,1505.3062094534764,1.274,1.0300000015656,0,7.941148828348002,345.0001478400497,0.1467424068169088,1.0130069577173151e-05,-0.3187484003972526,0.134454861446905,0.0470893347188616,0.1501893607084735,10.143031914985754,49.85270372280977,7.803722955126042
8.74,31.22051107764709,131.01286871900655,122.03246500783304,0.0383074146752258,-0.1426980459616079,4.196280065094283,-3.781978590916907,-5.373362761967838,0.0,49.898741630459966,38.24107452629132,-25.8295402835858,13.240845123164556,135.19042191607753,1507.2796991330056,1.274,1.0300000015656,0,7.938809477116291,345.0001478400497,0.146836672773449,1.0145947752401363e-05,-0.3189195704028024,0.1339392338017064,0.0471459884050761,0.147750422354615,10.081586958613308,49.87632669698897,7.796483554690804
8.75,31.220508904847208,131.01287184002828,121.81455211086067,-0.0447286520672897,-0.1965479320404929,4.204922856673364,-3.741132234451989,-5.362416558267737,0.0,49.93103769038296,38.23324720007264,-26.02497915943295,13.224868377594085,135.2269784217222,1509.2631096674188,1.274,1.0300000015656,0,7.936459962891729,345.0001478400497,0.1469313480467188,1.0160786182272325e-05,-0.3187407204400494,0.1331946684601471,0.0471510353238114,0.2015731481558466,10.02126219508098,49.90016407396613,7.773863773607936
8.76,31.22050673248247,131.01287496041658,121.5956952091377,-0.127471293647113,-0.2497937169793195,4.213211231302595,-3.6904597311505256,-5.33626763408069,0.0,49.963473689799216,38.2252628553028,-26.22021157237593,13.208918306802744,135.26322001593203,1511.2564683611165,1.274,1.0300000015656,0,7.934100255931357,345.0001478400497,0.1470264330814511,1.0174470395561574e-05,-0.3182117031258778,0.1322228115698584,0.0471043498729281,0.2804384581271033,9.962194514134712,49.92423630878942,7.736045124568177
8.77,31.220504560554808,131.01287808015206,121.37589157598806,-0.2097216329465876,-0.3023076692663988,4.221244544842921,-3.630064522901153,-5.294958092138101,0.0,49.99604977951392,38.21712107378429,-26.41501268388328,13.193037712176192,135.29905532679064,1513.259802387444,1.274,1.0300000015656,0,7.931730326713534,345.0001478400497,0.1471219283107914,1.0186890584329428e-05,-0.3173332137053694,0.1310258577569477,0.0470059302965488,0.3679302679495492,9.904512640041233,49.948563622197646,7.683284138003127
8.78,31.22050238906624,131.0128811992154,121.15513850658996,-0.2912819742813747,-0.3539638303159034,4.229119761412259,-3.5600737913580343,-5.238566819842608,0.0,50.02876610480416,38.20882181109032,-26.6091584204062,13.177270187052551,135.3343933338646,1515.2731386851217,1.274,1.0300000015656,0,7.929350145630559,345.0001478400497,0.147217834151627,1.0197941848860368e-05,-0.3161067904640069,0.129606546252277,0.0468558991636404,0.4584043000644661,9.848336648962626,49.9731659500271,7.615915025933387
8.79,31.22050021801893,131.0128843175874,120.93343331996456,-0.3719512000805711,-0.4046424509824265,4.236930632764061,-3.480636790674726,-5.167211349095664,0.0,50.06161576141274,38.200365400221486,-26.80242601188265,13.161659998372288,135.36914358822364,1517.29607697114,1.274,1.0300000015656,0,7.926950610290347,345.0001478400497,0.1473141302764818,1.0207524417735044e-05,-0.3145348130604216,0.1279681556867649,0.0466544969811006,0.5496188754547566,9.793774643625689,49.99805520221401,7.5343537733289345
8.8,31.22049804741521,131.01288743524916,120.71077336394524,-0.4515281853620634,-0.4542278392955575,4.244766665871095,-3.391924726598407,-5.081047644179125,0.0,50.09458892403712,38.191752564619605,-26.99459452767788,13.146251959784871,135.40321643677095,1519.3280387129291,1.274,1.0300000015656,0,7.924518825311425,345.0001478400497,0.1474107877624947,1.0215543851276232e-05,-0.3126205208131024,0.1261144805515276,0.0464020893609171,0.6404657375097039,9.740923981969726,50.02323972927082,7.439102268487665
8.81,31.2204958772575,131.01289055218183,120.4871560330688,-0.5298338897844138,-0.5025911784052259,4.252711234407124,-3.294136328185972,-4.980262176964671,0.0,50.12770266387415,38.182984421398906,-27.18544541872756,13.131091302865956,135.43652323654763,1521.3700764303671,1.274,1.0300000015656,0,7.922076567933986,345.0001478400497,0.1475078568338733,1.0221911207488704e-05,-0.3103680166701332,0.1240498166419652,0.0460991956432108,0.7302839469194724,9.689883686163144,50.04875683861527,7.330750189662174
8.82,31.220493707548336,131.012893668367,120.26257876161668,-0.6066800945932597,-0.5496166124982566,4.260841644621512,-3.187491154671652,-4.865079706724193,0.0,50.16095708928128,38.174062441318895,-27.374763059114688,13.116223543376046,135.4689765666213,1523.4222151921535,1.274,1.0300000015656,0,7.919623809512931,345.0001478400497,0.147605337798938,1.02265431429482e-05,-0.3077821745130496,0.121779016982106,0.0457464346407867,0.8186133814620329,9.64073605177514,50.074624837714936,7.20998418406244
8.83,31.2204915382904,131.01289678378657,120.03703904349533,-0.6818821343018944,-0.5951915227170794,4.269228048059476,-3.072230914696786,-4.735760632232661,0.0,50.19435229984753,38.16498848636514,-27.56233524233828,13.101694315950084,135.50049049597123,1525.4844796257698,1.274,1.0300000015656,0,7.917160521963613,345.0001478400497,0.147703230940247,1.022936206967692e-05,-0.304868682085799,0.1193074401125659,0.0453445473136223,0.905096386324474,9.593553590346168,50.10086151556334,7.077594201800571
8.84,31.22048936948646,131.01289989842277,119.81053442527669,-0.7552593227696196,-0.6392068252619784,4.277932699359069,-2.9486189664733606,-4.592600487471048,0.0,50.22788838229263,38.15576480067666,-27.747953693965,13.087549217099108,135.53098082003916,1527.5568936645532,1.274,1.0300000015656,0,7.914686677736917,345.0001478400497,0.1478015365025511,1.023029624927327e-05,-0.3016340289044123,0.116640938497546,0.0448943954035079,0.9894333451597194,9.548399052110584,50.12748409176132,6.934482044623904
8.85,31.22048720113938,131.01290301225836,119.58306252011492,-0.8266353972998965,-0.6815572407656194,4.287009298057554,-2.8169397664304165,-4.43592934348842,0.0,50.26156540936532,38.14639400870249,-27.93141457527366,13.073833642087909,135.56036529880026,1529.6394804776023,1.274,1.0300000015656,0,7.9122022499562705,345.0001478400497,0.147900254689558,1.0229279862787892e-05,-0.29808549227923,0.1137858456100015,0.0443969597885327,1.0713608735268871,9.505325563775346,50.15450917313764,6.781671439236096
8.86,31.22048503325213,131.0129061252764,119.35462101669064,-0.8958389532950983,-0.7221415549245889,4.296502425690563,-2.677498263915852,-4.266111122548456,0.0,50.29538343869987,38.136879112380896,-28.11251897674068,13.060592616452867,135.58856389551178,1531.7322623963105,1.274,1.0300000015656,0,7.909707212455001,345.0001478400497,0.1479993856605792,1.0226253057160072e-05,-0.2942311213720938,0.1107489618096305,0.0438533385415113,1.15064041273831,9.464376858234248,50.181952711728165,6.620319792666283
8.87,31.220482865827783,131.01290923746055,119.12520767921188,-0.962702859021989,-0.7608636669057937,4.306447125663528,-2.5306189644567927,-4.083543219271319,0.0,50.32934114556965,38.12722348734706,-28.2910734001973,13.047870622969375,135.61549901530117,1533.8351775734209,1.274,1.0300000015656,0,7.907199766982118,345.0001478400497,0.1480989255072947,1.0221161968968147e-05,-0.2900797193281829,0.1075375390438038,0.0432647435224231,1.2270516832629472,9.425586963769607,50.209828472944906,6.451731892527835
8.88,31.22048069886944,131.01291234879514,118.89482035735308,-1.0270501638953826,-0.7976442309650843,4.316869156444684,-2.376641091976383,-3.888661518753143,0.0,50.36341626329144,38.1174308803442,-28.466890228523443,13.035711424949582,135.64109574269466,1535.9468866602858,1.274,1.0300000015656,0,7.904650929445965,345.0001478400497,0.1481988086979549,1.0213958728198642e-05,-0.2856408280861777,0.1041592611672264,0.0426324820727657,1.3003846395632688,9.388971468759111,50.23812664760958,6.277377685097945
8.89,31.220478532380305,131.01291545926486,118.66345698923668,-1.0887440369008017,-0.8323818307454011,4.327783118822503,-2.215929314314676,-3.6819233057380383,0.0,50.397632407444576,38.10750543661582,-28.63978818390977,13.024157888124572,135.66528207439688,1538.0688470931425,1.274,1.0300000015656,0,7.902091270667538,345.0001478400497,0.1482991047138896,1.0204601464169044e-05,-0.2809247772560384,0.1006221769409996,0.0419580218471696,1.37045236828511,9.35455900140686,50.26688677446711,6.098902251958221
8.9,31.22047636636361,131.01291856885518,118.43111560739705,-1.14763663772988,-0.8649939132685854,4.339193590621711,-2.048863497240836,-3.4638194297257607,0.0,50.43198956126828,38.09745160837378,-28.80959280445941,13.013251820985284,135.6879891071358,1540.2010769396,1.274,1.0300000015656,0,7.899520767787963,345.0001478400497,0.1483998134959333,1.0193054188583512e-05,-0.2759425069529246,0.096934790528418,0.0412429047333923,1.4370748958340125,9.32235972119089,50.2961217963838,5.918149008682038
8.91,31.220474200822675,131.0129216775522,118.19779434971464,-1.2035870183688415,-0.8954031117346513,4.351094815336618,-1.875840240184836,-3.234869923359644,0.0,50.466487691699164,38.0872742090159,-28.976136833402023,13.003033770646436,135.7091513133253,1542.3435933344315,1.274,1.0300000015656,0,7.896939398970203,345.0001478400497,0.1485009349370796,1.0179286792859572e-05,-0.2707056214198854,0.0931059854219533,0.0404887758321971,1.5000835001854622,9.29237677649798,50.32584382478627,5.737175796487565
8.92,31.2204720357608,131.01292478534273,117.96349145245688,-1.2564614405300971,-0.9235374682374716,4.36347080742066,-1.6972719824818967,-2.9956228543780528,0.0,50.501126744731344,38.076978391894805,-29.139260628324784,12.993542841519844,135.72870676427397,1544.4964121909627,1.274,1.0300000015656,0,7.894347143474752,345.0001478400497,0.148602468868842,1.0163274975745628e-05,-0.2652263621083963,0.0891450039292001,0.0396973798256666,1.5593203895464367,9.264606928088918,50.35606410021398,5.5582700506004965
8.93,31.220469871181365,131.01292789221435,117.72820526717732,-1.3061337151524108,-0.9493306157598472,4.376295566363139,-1.513586075155767,-2.74665310441384,0.0,50.535906644638494,38.06656964067405,-29.29881255278513,12.984816515558244,135.7465973471642,1546.6595481487832,1.274,1.0300000015656,0,7.891743981747933,345.0001478400497,0.1487044150589665,1.0145000155892088e-05,-0.2595175793261206,0.0850614256015196,0.0388705571217214,1.6146385901907172,9.239041241313434,50.38679296313698,5.383958484893926
8.94,31.22046770708776,131.01293099815544,117.49193425972057,-1.3524855242303433,-0.9727219470103822,4.389533404042616,-1.3252238149763522,-2.48856108379758,0.0,50.57082729318422,38.0560537587036,-29.454649349496705,12.976890475297932,135.76276897453937,1548.83301451825,1.274,1.0300000015656,0,7.889129895421914,345.0001478400497,0.1488067732091345,1.0124449370743578e-05,-0.2535927023515401,0.08086514477249,0.038010239755049,1.665901956089279,9.215665804176822,50.418039826832015,5.217006606549221
8.95,31.22046554348336,131.01293410315506,117.25467700922812,-1.3954025171645144,-0.9936599983236412,4.403139534875368,-1.1326383184813795,-2.221973071051845,0.0,50.60588300967103,38.04543685744737,-29.606636494245112,12.969798430898734,135.77717178512415,1551.0164824631806,1.274,1.0300000015656,0,7.88649759815696,345.0001478400497,0.1489095265946077,1.0101615163409392e-05,-0.247465708084961,0.0765663472555666,0.0371184429760469,1.7129836989389748,9.1944596985003,50.449807086151445,5.060402321214625
8.96,31.22046338037155,131.0129372072033,117.01643222503732,-1.4347716972229791,-1.0121047519456123,4.417060816583441,-0.9362921525066216,-1.94754187484716,0.0,50.64105875965907,38.03472535361033,-29.75464852973532,12.963571952387776,135.7897603347949,1553.209048432996,1.274,1.0300000015656,0,7.883827561859744,345.0001478400497,0.1490126309673691,1.007649546570975e-05,-0.2411511078952658,0.0721754732141964,0.0361972614569314,1.7557652810724182,9.175393772844451,50.48208598484769,4.9173151827522155
8.97,31.220461217755712,131.01294031029087,116.77719873872864,-1.4705155969124688,-1.0280018312556751,4.431235360668909,-0.7366643225581455,-1.6659332459731429,0.0,50.67637477567957,38.02392596913796,-29.898569387878048,12.958240313929512,135.8004937652246,1555.4119711761764,1.274,1.0300000015656,0,7.881146412077075,345.0001478400497,0.1491161458537623,1.0049093471018492e-05,-0.2346639469606876,0.0677031705812494,0.0352489015071476,1.7941493337799534,9.158453725749212,50.51490528922498,4.791018130398922
8.98,31.22045905563916,131.01294341240967,116.5369755140652,-1.5025502385445129,-1.0413150660092791,4.445594147212811,-0.534241575165539,-1.3778357163752188,0.0,50.71183086036974,38.01304564988786,-30.03829270640229,12.953830355335922,135.80933594126856,1557.6252580532573,1.274,1.0300000015656,0,7.878454135672921,345.0001478400497,0.1492200706645114,1.001941743573882e-05,-0.2280196439687174,0.0631603525325849,0.034275616282987,1.828044226797672,9.143613045008092,50.54827047686047,4.684778825482305
8.99,31.220456894025222,131.01294651355235,116.29576164500648,-1.5308008674835845,-1.0520146544144804,4.460061659875884,-0.3295192903960152,-1.0839560484400017,0.0,50.74742679420508,38.00209160607786,-30.173722064131457,12.950366316558142,135.81625564696697,1559.8489150885614,1.274,1.0300000015656,0,7.875750721006317,345.0001478400497,0.1493244047453129,9.98748057912366e-06,-0.2212340265248227,0.0585581231801945,0.0332797267249918,1.857369853308257,9.130843822393729,50.58218600370556,4.601705519433809
9.0,31.220454732917148,131.0129496137125,116.05355636067704,-1.5552021164780374,-1.060077268753549,4.474556799156425,-0.1230003289284683,-0.7850176339092919,0.0,50.783162331850015,37.991071284471246,-30.304771227363503,12.947869702504216,135.8212267256413,1562.0829467367075,1.274,1.0300000015656,0,7.873036157829119,345.0001478400497,0.1494291473661391,9.95330093258056e-06,-0.2143232934366169,0.0539077509742973,0.0322636161717073,1.8820577663966365,9.12011734526356,50.61665528396928,4.5445616197100955
9.01,31.22045257231813,131.01295271288473,115.81035903232522,-1.575698182570812,-1.0654861217013116,4.48899386143458,0.0848061397568799,-0.4817588431676481,0.0,50.81903720201306,37.979992351540176,-30.43136437276281,12.946359158736303,135.82422820465135,1564.3273558706212,1.274,1.0300000015656,0,7.870310437554352,345.0001478400497,0.1495342977207775,9.916901185839589e-06,-0.2073039761438407,0.049220641495745,0.0312297248252575,1.9020513172446616,9.111404661692855,50.65168067965735,4.515567467363104
9.02,31.22045041223132,131.0129558110646,115.56616916636531,-1.5922429803441398,-1.0682310172904892,4.503283579144921,0.2933858307024175,-0.1749313333291224,0.0,50.85505110698028,37.96886267582431,-30.553436286293195,12.94585035908818,135.82524440375656,1566.582143743176,1.274,1.0300000015656,0,7.867573553013427,345.0001478400497,0.1496398549254966,9.87830853115935e-06,-0.2001928992215079,0.0445083098021274,0.0301805440536881,1.9173057762583976,9.10467708186353,50.68726349217691,4.516219570750911
9.03,31.22044825265976,131.01295890824875,115.3209864133236,-1.6047849106881995,-1.06831984582718,4.517334715937058,0.5022245711623406,0.134695409074554,0.0,50.89118389478514,37.95769030954008,-30.670932537689488,12.946355906121005,135.8242650261934,1568.8460874981483,1.274,1.0300000015656,0,7.864799367403792,345.0001478400497,0.1497457596762473,9.837554506837314e-06,-0.1930071400408826,0.0397823523881226,0.0291185991974969,1.9277819978676325,9.099896377175126,50.72338232925308,4.547162335887636
9.04,31.22044609360641,131.0129620044347,115.07481056286925,-1.6133074948345267,-1.0657482832382463,4.531054234226362,0.710801017896753,0.4463490801279014,0.0,50.92744788093356,37.94648350623676,-30.78380963000728,12.94788524524848,135.8212852316666,1571.11996393038,1.274,1.0300000015656,0,7.862004496368752,345.0001478400497,0.1498520482041304,9.794674864531969e-06,-0.1857640605468767,0.0350543722539385,0.028046485525781,1.9334632855481968,9.097042164953896,50.76005018546197,4.608136072413089
9.05,31.220443935074133,131.0129650996211,114.82764155275969,-1.617800022090454,-1.0605219109469823,4.544348828191941,0.918592194472416,0.7592497413730876,0.0,50.96384980330642,37.93525062900893,-30.892035158541105,12.950444614387408,135.81630564934355,1573.4042077189551,1.274,1.0300000015656,0,7.859198304877828,345.0001478400497,0.1499587403281709,9.749709354577916e-06,-0.1784811463044761,0.0303360268107588,0.0269668205401249,1.9343434841693552,9.096092536313876,50.79727292315241,4.698018525060348
9.06,31.22044177706568,131.01296819380758,114.57947945989564,-1.6182563749317642,-1.0526570611495112,4.557126228725103,1.1250756432805449,1.0726102381869451,0.0,51.00038925698568,37.924000159819485,-30.995587887285463,12.954036974294196,135.8093324388888,1575.698813459588,1.274,1.0300000015656,0,7.856380792232085,345.0001478400497,0.1500658348500865,9.702701593388296e-06,-0.1711759841394392,0.0256389859109706,0.0258822405286736,1.9304263555352643,9.09702342364722,50.83504757449186,4.814944173165548
9.07,31.220439619583647,131.01297128699483,114.33032451423736,-1.614680568959216,-1.0421766647753177,4.569296336023549,1.3297300035703872,1.3856391374723682,0.0,51.03706581144071,37.91274068833175,-31.09445780880737,12.958661960077544,135.8003773202499,1578.0037741430974,1.274,1.0300000015656,0,7.853551959298722,345.0001478400497,0.1501733304964802,9.65369892961051e-06,-0.1638662453437412,0.0209748861906757,0.0247954023835067,1.9217278643648967,9.099812370848626,50.87337011068352,4.956475230250697
9.08,31.22043746263056,131.01297437918453,114.08017707594288,-1.6070867459396891,-1.0291102144215816,4.580772391926982,1.5320362929558973,1.6975426128725464,0.0,51.073879009740686,37.90148088600152,-31.18864619016048,12.964315856123424,135.78945756850464,1580.3190811035167,1.274,1.0300000015656,0,7.850711808705229,345.0001478400497,0.1502812259164851,9.602752297688812e-06,-0.1565696423581748,0.0163553021011302,0.0237089771665719,1.9082761549319271,9.1044385337864,50.912235446918494,5.1197911902823385
9.09,31.220435306208767,131.01297747037952,113.82903766419508,-1.5954991538921728,-1.0134937031926912,4.591472130212239,1.731479194443876,2.0075263553218066,0.0,51.110828368553406,37.89022948407901,-31.27816559215071,12.970991587174726,135.77659598829598,1582.6447240070916,1.274,1.0300000015656,0,7.847860344567576,345.0001478400497,0.1503895196818066,9.54991607527394e-06,-0.149303885195947,0.0117917169107553,0.0226256436073718,1.8901115085194065,9.110882604009513,50.95163745187563,5.301867462566316
9.1,31.22043315032048,131.01298056058357,113.57690693036292,-1.579939152841917,-0.9953789774596756,4.601319302346914,1.9275517040305927,2.3147921771301707,0.0,51.147896994280686,37.87899525117525,-31.363039861765625,12.978678725706525,135.76182086773076,1584.979675436564,1.274,1.0300000015656,0,7.844975826415581,345.0001478400497,0.1504981620786146,9.49524794475856e-06,-0.1420866376463063,0.007295493780793,0.02154807463512,1.8672803463821157,9.119118196158707,50.99155109482515,5.499623415940819
9.11,31.220430994967725,131.01298364980153,113.32378567688896,-1.5604548603927448,-0.97481192501771,4.610244134781089,2.119750485787544,2.618549372472025,0.0,51.18508920106574,37.867787002309214,-31.443304097598567,12.98736351558752,135.74516591178224,1587.3242202445088,1.274,1.0300000015656,0,7.842064627886683,345.0001478400497,0.1506071657956002,9.438808777818696e-06,-0.1349355352118697,0.0028778080454806,0.0204789569388406,1.8398485516968512,9.129131140639409,51.0319734891476,5.7100344937971785
9.12,31.220428840152405,131.01298673803927,113.0696748324396,-1.5371095956052765,-0.9518408522036952,4.6181843008530095,2.307577862921591,2.9180155973515984,0.0,51.22241592149926,37.8566135242542,-31.519004617661576,12.997028930087742,135.72667012052355,1589.679054931893,1.274,1.0300000015656,0,7.839141992401717,345.0001478400497,0.150716562995604,9.380662462909034e-06,-0.1278680610728484,-0.0014503308782682,0.0194209643928015,1.8078964423604915,9.140911478779806,51.07290798724575,5.930207151228208
9.13,31.220426685876188,131.01298982530375,112.81457547675528,-1.5099673671477607,-0.9265267964047385,4.625086182589457,2.490546107935807,3.2124140757432995,0.0,51.25987656925145,37.845483552505925,-31.590198861763128,13.007654722392177,135.70637769236703,1592.0441625749877,1.274,1.0300000015656,0,7.836207930750628,345.0001478400497,0.1508263519482076,9.320875777288525e-06,-0.1209014767878139,-0.0056780918876132,0.0183767403290936,1.771511953661903,9.15444372311123,51.114344423359576,6.157422050352549
9.14,31.220424532140623,131.0129929116028,112.55848882474808,-1.479101832588438,-0.8989367369655207,4.6309056758763285,2.668177601448271,3.5009773583794326,0.0,51.2974705354654,37.83440577439634,-31.65695525452153,13.019217483970948,135.68433792209356,1594.4195247909593,1.274,1.0300000015656,0,7.833262455375275,345.0001478400497,0.150936530856939,9.259518290987977e-06,-0.114052822000607,-0.0097948774813204,0.017348902528509,1.730794605845648,9.169712388834508,51.156271676045776,6.389154995429307
9.15,31.22042237894702,131.01299599694528,112.30141621556665,-1.4445961067862778,-0.8691434527082676,4.635608972968758,2.8400061082676995,3.7829492992628095,0.0,51.33519718758291,37.82338879793896,-31.71935306190011,13.031690730553974,135.66060505550047,1596.805121659238,1.274,1.0300000015656,0,7.830305580277674,345.0001478400497,0.1510470978558103,9.196662248439563e-06,-0.1073388709137532,-0.0137903512103888,0.0163400365381795,1.6858553241992398,9.186701478090484,51.19867768920271,6.623081657813022
9.16,31.220420226296543,131.01299908134112,112.04335912750832,-1.4065425670150355,-0.837225351029464,4.6391732451695855,3.0055780382425654,4.057587033188445,0.0,51.37305586996398,37.81244112808023,-31.77748222058141,13.045045002345562,135.63523812582432,1599.2009317525951,1.274,1.0300000015656,0,7.82733732095443,345.0001478400497,0.1511580510111499,9.132382453124056e-06,-0.1007760892349466,-0.0176544646936422,0.0153526890295215,1.6368162592837174,9.20539393718089,51.24154949935413,6.857072281561741
9.17,31.22041807419012,131.01300216480112,111.78431916112108,-1.3650254462393947,-0.8032785111679204,4.641587767965,3.1644581510283167,4.324155881133497,0.0,51.411024572681725,37.80157114294285,-31.831443140365764,13.059247977741604,135.60830077270188,1601.6056030713862,1.274,1.0300000015656,0,7.824329176544128,345.0001478400497,0.1512693255576758,9.066756154601428e-06,-0.0943805916089791,-0.0213774840688424,0.0143893552271148,1.5838019915355337,9.225760431706352,51.284850012704325,7.089178829855633
9.18,31.22041592262848,131.01300524733705,111.52429804218592,-1.3201661069236836,-0.7673840158754077,4.642853380646152,3.316221343573784,4.581946280239857,0.0,51.44911642086787,37.79078711321027,-31.88134647979716,13.074264599681438,135.57986104459556,1604.0199702620798,1.274,1.0300000015656,0,7.821299564666592,345.0001478400497,0.1513809601104755,8.999862960530244e-06,-0.0881681816596224,-0.024950067572046,0.013452501614436,1.5269618728503394,9.247787213165624,51.32857962530542,7.317625518483135
9.19,31.220413771612144,131.0130083289615,111.26329761774213,-1.272089357698477,-0.7296316722208747,4.6429831681807405,3.4604586252446143,4.830268137359501,0.0,51.48733816210687,37.78009709351933,-31.927312934335315,13.09005723829888,135.54999113912928,1606.444472547508,1.274,1.0300000015656,0,7.8182584777184925,345.0001478400497,0.1514929745194815,8.931784663182179e-06,-0.0821541753409116,-0.0283632054110193,0.0125445254688548,1.466453624852721,9.271454336523991,51.3727309846826,7.540792854589625
9.2,31.22041162114141,131.013011409688,111.00131984714127,-1.2209222562043636,-0.690120370292357,4.642002831256224,3.596779222225219,5.068451272006143,0.0,51.525689055568186,37.769508935215406,-31.96947293381444,13.106585823833324,135.5187672056181,1608.8790828409135,1.274,1.0300000015656,0,7.815205937239757,345.0001478400497,0.1516053666012254,8.862605152007155e-06,-0.076353384882849,-0.0316082593890203,0.0116677525565527,1.4024425802636782,9.296734648001452,51.41728782246539,7.757203707233847
9.21,31.22040947121637,131.01301448953092,110.73836680105468,-1.1667998131657409,-0.6489535504644157,4.639950736326566,3.724810982530711,5.295848469549348,0.0,51.56416834261832,37.75903027413264,-32.007966325795586,13.12380799617612,135.48626912072967,1611.32377284995,1.274,1.0300000015656,0,7.812141966177971,345.0001478400497,0.1517181341200569,8.792410319180298e-06,-0.070780107931933,-0.0346770044704474,0.0108244374662822,1.3351046007992118,9.323596944837806,51.46223313680811,7.965511327187164
9.22,31.22040732183692,131.01301756850543,110.4744406604793,-1.1098646481820649,-0.606238958113515,4.636877873104555,3.844201483617335,5.5118373278558925,0.0,51.60277524661582,37.7486685028698,-32.0429420472863,13.141679271326517,135.45258023595477,1613.7785130592697,1.274,1.0300000015656,0,7.809066588768877,345.0001478400497,0.1518312747875305,8.721287946644678e-06,-0.0654480889852961,-0.0375616513211546,0.010016757458503,1.2646261271749155,9.352005383571056,51.50754923061626,8.164488482781879
9.23,31.220405173002675,131.01302064662747,110.20954370083444,-1.0502625401947328,-0.5620912385452262,4.632847815408084,3.954620170156696,5.715820389010707,0.0,51.64150396703668,37.738430748525616,-32.074557771673824,13.160153214980566,135.41778711445636,1616.2429593830711,1.274,1.0300000015656,0,7.805973095002469,345.0001478400497,0.1519447715336285,8.64932759038062e-06,-0.0603704820321699,-0.0402548679103385,0.0092468055717488,1.1912021557390682,9.381916561573838,51.55321229800949,8.353017555971743
9.24,31.220403024713097,131.01302372391376,109.94367829991532,-0.988134082173942,-0.5166371663887158,4.627936798178636,4.055762045237396,5.907222760849254,0.0,51.68033399697544,37.72832386129491,-32.10297953152127,13.17918162203684,135.3819792586027,1618.7158453982,1.274,1.0300000015656,0,7.802834961830522,345.0001478400497,0.1520585640182333,8.57662046612945e-06,-0.0555598338887808,-0.0427498125073946,0.0085165865279464,1.1150320455192568,9.413274628130852,51.59918192036144,8.530081214256969
9.25,31.220400876967386,131.01302680038162,109.67684691503028,-0.9236628142344072,-0.4699815694799895,4.622231968532983,4.147337640705279,6.085510993433219,0.0,51.71928918297873,37.7183544204603,-32.12838132713856,13.19871470672376,135.34524881835657,1621.1986813373412,1.274,1.0300000015656,0,7.799685355863682,345.0001478400497,0.1521727224024584,8.503259334283372e-06,-0.0510281065120096,-0.0450401899089237,0.007828029724181,1.036347690167822,9.446038604691278,51.64546547855294,8.694761752235406
9.26,31.22039872976452,131.01302987604907,109.4090521018891,-0.8570181146673748,-0.4222466233842593,4.615831744617274,4.2290836738146895,6.250179481154226,0.0,51.75836868373316,37.70852861137018,-32.1509447394711,13.218701313783503,135.3076902599986,1623.6914331859653,1.274,1.0300000015656,0,7.796524306304941,345.0001478400497,0.152287244208285,8.429338300453857e-06,-0.0467864708578887,-0.047120159062146,0.0071829447347915,0.9553841964469832,9.480149077696463,51.69204293960424,8.846230550996498
9.27,31.22039658310327,131.0130329509348,109.14029648577625,-0.7883750763150625,-0.3735573372573061,4.608844973924612,4.300761428058138,6.40075592522043,0.0,51.7975716492004,37.69885228742836,-32.17085843919418,13.239089078900363,135.2694001292273,1626.1940662660932,1.274,1.0300000015656,0,7.793351843352697,345.0001478400497,0.1524021269321755,8.354952734037708e-06,-0.0428453714582317,-0.0489844115339325,0.0065830355885073,0.8723941416155704,9.515539775101804,51.73889381559291,8.983745169414997
9.28,31.2203944369822,131.01303602505791,108.8705827615522,-0.7179140209050384,-0.3240412652868754,4.60139012180857,4.362157563623691,6.536802817377793,0.0,51.836897218019935,37.689330933856176,-32.188317720633265,13.259824619396047,135.230476755216,1628.7065450702153,1.274,1.0300000015656,0,7.790167998120043,345.0001478400497,0.1525173680374255,8.280199124284433e-06,-0.0392144962157542,-0.0506281871517221,0.0060298957219494,0.7876533424092366,9.552137271600646,51.7859972064418,9.106645965240721
9.29,31.22039229139964,131.01303909843818,108.59991369663608,-0.645820044702975,-0.2738281803902766,4.59359434564626,4.413084858648846,6.6579188489987375,0.0,51.876344518758216,37.679969649452765,-32.2035240157124,13.280853724658067,135.191019952305,1631.228833336875,1.274,1.0300000015656,0,7.786972802580965,345.0001478400497,0.1526329649578266,8.205174928202674e-06,-0.0359027481939748,-0.0520472884413493,0.0055250032138951,0.7014714726765191,9.589860804702878,51.83333185250616,9.214353497768666
9.3,31.2203901463537,131.01304217109575,108.3282921111262,-0.572260927048636,-0.2230645212389587,4.585593251780929,4.453388612558109,6.763731496375714,0.0,51.91588672139587,37.67077312922479,-32.21668438911503,13.302121545241256,135.1511307205156,1633.7592608822283,1.274,1.0300000015656,0,7.7837311237263265,345.0001478400497,0.1527488387509778,8.129978409545185e-06,-0.0329182192895579,-0.0532380936778921,0.0050697137497886,0.614197602314596,9.628610945716712,51.88084791685035,9.306363379983928
9.31,31.22038800184235,131.01304524305127,108.05572087780068,-0.497447661201226,-0.1718712581906188,4.577528175966143,4.482934187352745,6.853918236505216,0.0,51.95554423642913,37.66174570308785,-32.22801101581776,13.32357277957816,135.1109109461467,1636.299127839667,1.274,1.0300000015656,0,7.78047175974895,345.0001478400497,0.1528650494679097,8.054708493713092e-06,-0.0302682672491644,-0.0541976350149589,0.0046652796169115,0.5263013991992799,9.668301698532288,51.928546802813,9.38225230542212
9.32,31.220385857863263,131.01304831432554,107.78220292112388,-0.4215806847303618,-0.1203801370284846,4.569545791300846,4.5016160206936044,6.92819462924113,0.0,51.995320789298376,37.652891201889005,-32.237720689944844,13.345151889151143,135.0704630439757,1638.8486866454828,1.274,1.0300000015656,0,7.777201000379474,345.0001478400497,0.1529816080678901,7.979464508681471e-06,-0.0279593082159377,-0.0549234877220613,0.004312810095379,0.4384305983937991,9.708832060869502,51.97641153550398,9.441672328417578
9.33,31.22038371441399,131.01305138493993,107.50774119438547,-0.3448594480918729,-0.0687263695602522,4.561796846946522,4.5093573862194045,6.986316415168552,0.0,52.0352154808965,37.64421301175849,-32.2460342312137,13.366803251504344,135.02988971042188,1641.4078987727603,1.274,1.0300000015656,0,7.773918880634566,345.0001478400497,0.153098511903723,7.904346036923734e-06,-0.0259968621440149,-0.0554138212915938,0.0040132795412629,0.351640861921898,9.75009176523043,52.02441997059935,9.484350877224877
9.34,31.220381571491863,131.01305445491585,107.2323386896404,-0.2674857273318879,-0.0170456565959501,4.55443479209136,4.50611029554142,7.028081141976805,0.0,52.075227409288416,37.63571405892145,-32.253175908656814,13.388471328414996,134.98929364208064,1643.976725386052,1.274,1.0300000015656,0,7.770625435994157,345.0001478400497,0.1532157583199755,7.829452724213411e-06,-0.0243855528344816,-0.0556674182332241,0.003767527348977,0.2680282944461974,9.79196352448943,52.07254988385104,9.510090998997152
9.35,31.22037942909404,131.01305752427498,106.95599841882392,-0.1896630953005214,0.0345261634074724,4.547614384935453,4.491855790822348,7.05332895289338,0.0,52.115355670326544,37.62739679444961,-32.25937286052531,13.41010083378472,134.94877724825884,1646.5551273799424,1.274,1.0300000015656,0,7.767320702333299,345.0001478400497,0.1533333446547695,7.754884067570622e-06,-0.0231290922802993,-0.0556836795280981,0.0035762549900317,0.192780033521747,9.834323334917553,52.1207790270642,9.518771683223637
9.36,31.22037728721751,131.0130605930392,106.6787234067937,-0.111576195197678,0.085839896146267,4.541491063831,4.466609578572188,7.061935191665137,0.0,52.155575464671045,37.619263183513375,-32.264854503384825,13.43163689497982,134.90844236898383,1649.141554401711,1.274,1.0300000015656,0,7.7639721308993135,345.0001478400497,0.1534511979422782,7.680739192613187e-06,-0.0222302674100535,-0.055462628496935,0.0034400218302121,0.140775444557779,9.877031460907231,52.16905915898276,9.510345464888653
9.37,31.220375145859087,131.01306366123035,106.40051669033676,-0.0334444355453917,0.1367698845675523,4.536217972908078,4.430410549057589,7.053828284594897,0.0,52.19590222964485,37.61131474759878,-32.26985193196936,13.453025207075516,134.86838999931092,1651.7369977063986,1.274,1.0300000015656,0,7.760601947833834,345.0001478400497,0.1535693636008143,7.607116642647129e-06,-0.0216910228462925,-0.0550049760122136,0.0033592616956502,0.140799607487663,9.919958570954932,52.217385972471305,9.484846050384057
9.38,31.220373005015453,131.01306672887043,106.12138131121162,0.0445200043729203,0.1871863436746562,4.531945133425322,4.3833269847144365,7.02898088199483,0.0,52.2363425872326,37.60355245218393,-32.274597355132485,13.474212209609696,134.82871996441293,1654.341893343597,1.274,1.0300000015656,0,7.757220440218144,345.0001478400497,0.1536878611119631,7.534114067666322e-06,-0.02151229432951,-0.0543120152507438,0.0033342530389871,0.1924077727017676,9.962966144009908,52.26574569703434,9.442386053681137
9.39,31.220370864683105,131.01306979598115,105.84132030024496,0.1221116237546363,0.2369565134189273,4.528818177443766,4.325457298824395,6.987409007001712,0.0,52.276895637224655,37.59597674783392,-32.27932345169732,13.49514520491031,134.78953069704488,1656.9562019143923,1.274,1.0300000015656,0,7.753827645039376,345.0001478400497,0.153806687825581,7.461828001003619e-06,-0.0216940377209527,-0.053385643530952,0.0033651230412456,0.2665699774812376,10.005907881208246,52.3141165732102,9.383158293422687
9.4,31.22036872485844,131.0130728625844,105.56033667733216,0.1991257865608641,0.2859492973233183,4.52697686289542,4.256929116102433,6.929173396762037,0.0,52.31756048512682,37.58858757471065,-32.28426273840709,13.515772479182344,134.75091900282047,1659.5798842510972,1.274,1.0300000015656,0,7.750423599119056,345.0001478400497,0.1539258411083515,7.390353614604525e-06,-0.0222352551508966,-0.0522283792978001,0.00345185156972,0.3484504990780741,10.048633358909438,52.362477109253504,9.307438368267922
9.41,31.22036658553773,131.01307592870177,105.27843344050297,0.2753592758270985,0.3340356057769386,4.5265536952728045,4.177899056474046,6.854379536153307,0.0,52.35833624232464,37.58138435315128,-32.289646949059815,13.536043424660392,134.71297981671012,1662.2129014294926,1.274,1.0300000015656,0,7.747008339154495,345.0001478400497,0.1540453183442506,7.319784449810829e-06,-0.0231339941984494,-0.0508433576424505,0.0035942704438277,0.4328991310427225,10.090988704992764,52.41080613534629,9.215587214492185
9.42,31.220364446717127,131.0130789943546,104.99561355896472,0.3506353181673328,0.3810725039934251,4.527673645776992,4.088559096023688,6.763167897672606,0.0,52.39919345751522,37.57436598113716,-32.29570641273043,13.555908653314171,134.67580596888186,1664.853399379966,1.274,1.0300000015656,0,7.743542694796457,345.0001478400497,0.1541650328822058,7.250212141208672e-06,-0.0243873497181836,-0.049234324190688,0.0037920610395599,0.5178412563654581,10.132807200109264,52.45905174515526,9.10805051240115
9.43,31.220362308392687,131.01308205956403,104.71187997111444,0.4247338125777387,0.4269501639395278,4.53045065593192,3.989120695703425,6.655736262673199,0.0,52.44015611807141,37.56753089615631,-32.302669432862054,13.575320102138027,134.6394879602107,1667.502916538628,1.274,1.0300000015656,0,7.740060709980381,345.0001478400497,0.154285055295002,7.181726159646688e-06,-0.0259915804393421,-0.0474057046733935,0.0040447774633545,0.6022307821516166,10.173939569912836,52.50722067233554,8.985371014542824
9.44,31.22036017056036,131.01308512435082,104.42723556267076,0.4974558342138233,0.4715496982881007,4.534987781531404,3.879824937446709,6.532323870511342,0.0,52.48122704574117,37.56087693704012,-32.310761721049445,13.594231166924596,134.60411367890055,1670.1616491699792,1.274,1.0300000015656,0,7.736567475872741,345.0001478400497,0.1544053938829086,7.114413441287857e-06,-0.0279419054920917,-0.0453624509803913,0.0043518093822977,0.6854311326851041,10.21422741714034,52.55529706294967,8.84818686924755
9.45,31.22035803321603,131.0130881887353,104.14168318158484,0.5686091294418049,0.5147535161049969,4.541376015414936,3.7609405692656175,6.3932130133787295,0.0,52.52240538819303,37.55440143156731,-32.32020573739193,13.612596759155652,134.5697682559365,1672.8295601359637,1.274,1.0300000015656,0,7.73306302807919,345.0001478400497,0.154526046136501,7.048358149414744e-06,-0.0302325976808971,-0.0431100871718465,0.0047123969887577,0.7669933673211659,10.253510661372491,52.60326159369711,8.697237648435804
9.46,31.22035589635553,131.01309125273752,103.85522561219592,0.638005508874622,0.5564477171495275,4.549693267713264,3.6327629881914407,6.238729003137548,0.0,52.56369030599205,37.54810119239661,-32.331220076011085,13.630373382130264,134.53653388001587,1675.5066130000298,1.274,1.0300000015656,0,7.729547401618259,345.0001478400497,0.1546470095842205,6.983641391343361e-06,-0.0328570099759286,-0.0406547066257287,0.0051256347614975,0.8465649965682014,10.291629669661724,52.65109553498295,8.533370690016849
9.47,31.22035375997464,131.0130943163767,103.5678655762258,0.7054673459650825,0.5965184905241934,4.560003771642774,3.495615181266498,6.069237104860047,0.0,52.60507406963104,37.541972519285245,-32.344018865169645,13.64751920416814,134.50448961415145,1678.192331596368,1.274,1.0300000015656,0,7.726011107410754,345.0001478400497,0.1547682614832955,6.920340927380668e-06,-0.0358075901846761,-0.0380029577294509,0.0055904724106213,0.923850909815486,10.32842383516588,52.698773282259424,8.357547423012752
9.48,31.22035162406912,131.01309737967185,103.27960572681536,0.7708328550834532,0.6348493506946066,4.572357759852953,3.349849173967612,5.885138564145634,0.0,52.64653659126861,37.53601122096348,-32.35881117706282,13.663994124563544,134.47371122276618,1680.8854490575904,1.274,1.0300000015656,0,7.722427524229819,345.0001478400497,0.1548897427320496,6.8585308873410735e-06,-0.0390759253570545,-0.0351620471061765,0.0061057202400947,0.9985953494213332,10.363730865526314,52.74625645360068,8.17085068347312
9.49,31.220349488634664,131.01310044264108,102.99044863261992,0.8339063229800514,0.671354201531741,4.586788902573664,3.195832980667062,5.686887014211984,0.0,52.688103237706734,37.53021264582968,-32.37580046157765,13.67975984178214,134.4442709923187,1683.5875992755382,1.274,1.0300000015656,0,7.718832719718135,345.0001478400497,0.1550115279597003,6.798281485713432e-06,-0.0426528101444698,-0.0321397567040149,0.0066700658540971,1.0705533118245254,10.397406105388455,52.79355689598009,7.974500911624823
9.5,31.220347353667,131.01310350530193,102.70039679172623,0.8945208132149393,0.7059369230549067,4.603315442891225,3.03396085767974,5.474971466590877,0.0,52.729773225693954,37.524571579977184,-32.395184015568944,13.694779931699683,134.41623753176032,1686.2987489300751,1.274,1.0300000015656,0,7.715226725976499,345.0001478400497,0.1551336148595857,6.739658677793472e-06,-0.0465280893431973,-0.0289442988393165,0.007282041528189,1.1395060042353395,10.429299902780333,52.84065873271396,7.769861267273559
9.51,31.22034521916183,131.0131065676712,102.40945260680188,0.9525158491492262,0.7385065677382401,4.621939542384123,2.8646494728785123,5.249919217971596,0.0,52.771545794628445,37.51908235070215,-32.41715238403722,13.709019860064288,134.38967569521424,1689.018866044218,1.274,1.0300000015656,0,7.71160957408618,345.0001478400497,0.1552560011915505,6.682723944116529e-06,-0.0506907859800507,-0.0255843683450499,0.0079400461787545,1.2052502427757246,10.459267139652932,52.88754692296615,7.558451794590251
9.52,31.22034308511492,131.01310962976498,102.11761838211336,1.0077379091066787,0.7689775802415066,4.642647114266804,2.6883368722352365,5.012294566073262,0.0,52.81342020274024,37.51373881916732,-32.44188882563878,13.722447023976324,134.36464645055983,1691.7479197462433,1.274,1.0300000015656,0,7.707981294023972,345.0001478400497,0.1553786847706939,6.627534027065884e-06,-0.0551291278731961,-0.0220691207169642,0.0086423489590768,1.2675966372559215,10.487167971195568,52.93420729231044,7.341963237671309
9.53,31.22034095152204,131.01311269159845,101.82489632253204,1.0600621466215343,0.79725631803106,4.6654088262617295,2.5054872796905987,4.762689145302962,0.0,52.855371461508106,37.50853439417256,-32.46956879610567,13.735030788461168,134.34120675821237,1694.4843244179178,1.274,1.0300000015656,0,7.704308228846715,345.0001478400497,0.1555015920775279,6.574140678870315e-06,-0.0598305766656409,-0.0184081490794315,0.0093870889515088,1.3263773456392445,10.512861408231757,52.9806001498705,7.122268874427509
9.54,31.22033881837904,131.0131157531859,101.53128853353516,1.1093373584322703,0.8232770860616424,4.69017827536427,2.3165778376959123,4.501737509926945,0.0,52.89741350724975,37.50346210285438,-32.50035945122597,13.74674251875466,134.3194094597834,1697.2289870509678,1.274,1.0300000015656,0,7.700610621862125,345.0001478400497,0.1556247641106369,6.522590442119604e-06,-0.0647819552647596,-0.0146115283016484,0.0101723050049302,1.3814231205289815,10.53622498710748,53.02672911955299,6.901445192210547
9.55,31.22033668568176,131.0131188145408,101.23679700231784,1.1554249113003223,0.8469773653715795,4.71689302748848,2.1221028773784534,4.230107839090956,0.0,52.93955527194635,37.49851449984448,-32.53441921510762,13.75755564149994,134.2993031157026,1699.9824962324185,1.274,1.0300000015656,0,7.696901826459376,345.0001478400497,0.1557482271451127,6.472924361746795e-06,-0.0699693265287964,-0.0106896797270675,0.0109959099138279,1.4325781429160835,10.55714191007851,53.07259331993773,6.681782156377602
9.56,31.22033455342621,131.01312187567558,100.94142360077645,1.19820315016254,0.8682954604474687,4.7454753941053065,1.9225744482749711,3.948497802755152,0.0,52.98179609669201,37.4936837259036,-32.571897299798174,13.767445650568003,134.28093194959447,1702.7448260297167,1.274,1.0300000015656,0,7.693181867824688,345.0001478400497,0.1558719792391656,6.4251778029905725e-06,-0.075378048614094,-0.0066533584448062,0.0118556972614367,1.4797019574116512,10.575500552523218,53.118182408069785,6.465791840415293
9.57,31.22033242160844,131.0131249366017,100.64517007854973,1.2375593109258225,0.8871761271366847,4.775832883922464,1.7185199652450944,3.6576343311082495,0.0,53.02413534735794,37.488961545216064,-32.61293325805277,13.776390116793536,134.26433578955408,1705.5159520234463,1.274,1.0300000015656,0,7.6894507695665535,345.0001478400497,0.1559960185237148,6.379380284833681e-06,-0.0809928503412144,-0.0025136525434221,0.012749354351738,1.5226661228862617,10.59119795854461,53.16348707890913,6.25621127410215
9.58,31.220330290224616,131.0131279973296,100.34803807097138,1.2734020368456835,0.9035629647810388,4.807859541015821,1.5104842579365922,3.3582670793652314,0.0,53.0665586791833,37.484339358374186,-32.65765657882596,13.78436870842996,134.24954999448923,1708.2949669861075,1.274,1.0300000015656,0,7.685689388979443,345.0001478400497,0.1561203027931899,6.335555313221377e-06,-0.0867978701922793,0.0017180457903388,0.0136744643553853,1.561359774904572,10.604136588774912,53.20848413487005,6.055991565050219
9.59,31.220328159271048,131.01313105786863,100.05002906726044,1.3056437502190783,0.9174100510436864,4.841436326119677,1.2990250813443345,3.0511709182909814,0.0,53.10905828736984,37.47980825606916,-32.70618630915551,13.791363209912255,134.23660538935442,1711.081382098848,1.274,1.0300000015656,0,7.681887592002221,345.0001478400497,0.1562448090826617,6.293720247113858e-06,-0.0927767521076786,0.0060300308195368,0.0146285253376395,1.595682021387544,10.614230626214823,53.25315856364959,5.868271963232233
9.6,31.220326028744136,131.013134118227,99.75114443636656,1.3341816408188611,0.9286942624679488,4.876430961576362,1.084705465123721,2.737152728409725,0.0,53.15165455142006,37.47535901616692,-32.758630728879034,13.797357558288752,134.22552817410337,1713.8765245286868,1.274,1.0300000015656,0,7.678074573901443,345.0001478400497,0.156369597344136,6.253886153454363e-06,-0.0989126619280722,0.0104103325419725,0.0156089593644887,1.6255330783539834,10.62141219504225,53.29752711746608,5.69632951361933
9.61,31.220323898640444,131.01313717841188,99.45138541404708,1.358941562789009,0.9373875701076188,4.912700412639861,0.8681005626256539,2.4170378038934723,0.0,53.19434693157631,37.47098206608389,-32.81508704210944,13.80233787012932,134.21633985745507,1716.6803756574102,1.274,1.0300000015656,0,7.674250352212685,345.0001478400497,0.1564946659853048,6.216057680295405e-06,-0.1051882182466821,0.014846829049845,0.0166130884828223,1.6508339863042474,10.625618148728131,53.34158485813228,5.543491289488332
9.62,31.220321768956715,131.0131402384292,99.15075308895037,1.3798596256705369,0.9434690374134648,4.950091775997433,0.6497938471865085,2.091671059835803,0.0,53.23713491784344,37.46666757861889,-32.875641046548765,13.806292429128952,134.20905727077024,1719.4929187338587,1.274,1.0300000015656,0,7.67041494264096,345.0001478400497,0.1566200135011975,6.180233033542324e-06,-0.1115856219430629,0.0193272187267194,0.0176381598213544,1.67151856411279,10.626796377224776,53.38532799037438,5.413014729075979
9.63,31.220319639689844,131.01314329828375,98.84924840957356,1.396889989237155,0.9469200987691976,4.988443984260117,0.4303777220924967,1.7619119612950582,0.0,53.280009581403846,37.46240548124632,-32.940366872097464,13.809211702371671,134.20369253667675,1722.3135926712007,1.274,1.0300000015656,0,7.666556513754944,345.0001478400497,0.1567456136190767,6.146403935733466e-06,-0.1180867027756011,0.0238390532558667,0.0186813496716277,1.687537154344751,10.624903862899018,53.42874467162329,5.307931059003034
9.64,31.22031751083692,131.01314635797917,98.54687219221528,1.410006584489386,0.947723689731973,5.02758953613423,0.2104535908474853,1.4286300968216727,0.0,53.32295187790041,37.45818550303376,-33.00932675094309,13.81108835674712,134.20025304566565,1725.141179984286,1.274,1.0300000015656,0,7.662648935209339,345.0001478400497,0.1568714103072882,6.114555619667635e-06,-0.1246730016316363,0.0283697466975073,0.019739774758082,1.698857684580365,10.619906583432623,53.4718131786401,5.230863333264568
9.65,31.220315382395206,131.01314941751772,98.24362509512946,1.4191532010054195,0.9458957614115874,5.067353714720867,-0.0093821813627111,1.0927205305116712,0.0,53.36598839918296,37.45399722015926,-33.082570835727914,13.811917287686889,134.1987414186138,1727.977414500996,1.274,1.0300000015656,0,7.658730061269005,345.0001478400497,0.1569974817918982,6.084666840353747e-06,-0.1313258610826421,0.0329065801509849,0.0208105270646742,1.70544176655617,10.611794494394733,53.51456260881653,5.183840261160079
9.66,31.2203132543622,131.0131524769006,97.93950763840604,1.4243087929974656,0.94144416843015,5.107558100129464,-0.2285280084782477,0.7550849681532557,0.0,53.40911873552981,37.44982996577112,-33.16013706983627,13.81169566303228,134.19915545053036,1730.822285787807,1.274,1.0300000015656,0,7.654799900528029,345.0001478400497,0.1571238268619422,6.056709861141193e-06,-0.1380262897547688,0.0374368681694185,0.0218906268852557,1.7072756305400572,10.600562250737722,53.55699378541297,5.168126169704851
9.67,31.22031112673558,131.01315553612775,97.63452019800704,1.4254632624879806,0.9343840251284936,5.148021674396668,-0.4463816838069989,0.4166336965798238,0.0,53.4523425093636,37.44567296034852,-33.24205100610013,13.81042290332968,134.20148817972043,1733.6757854696796,1.274,1.0300000015656,0,7.650858459711574,345.0001478400497,0.157250444400762,6.030650589118984e-06,-0.1447551232277449,0.0419479150713624,0.0229770570442801,1.7043587868227663,10.586216641904082,53.59910870311584,5.184107194572853
9.68,31.22030899951331,131.0131585951978,97.32866299284213,1.4226252050019217,0.9247328764730172,5.188562803022459,-0.6623398421434706,0.0782802285183289,0.0,53.49565091083178,37.441515319408815,-33.32832571017141,13.808100700827053,134.20572789451808,1736.5373577061107,1.274,1.0300000015656,0,7.64689381647166,345.0001478400497,0.1573773084847776,6.006448681941464e-06,-0.151493075496337,0.0464270499603139,0.0240667670949196,1.6967078788025052,10.568774394780466,53.640901305211365,5.231252796565637
9.69,31.220306872693538,131.0131616541081,97.02193610365671,1.4158241572564885,0.912509320617186,5.2290011915878924,-0.8757977739992971,-0.2590636582389605,0.0,53.53902426957684,37.43734610445102,-33.418961698424425,13.804733039164844,134.21185814746138,1739.4057391119152,1.274,1.0300000015656,0,7.6428786222698655,345.0001478400497,0.1575043612403862,5.984057691035965e-06,-0.1582208262164231,0.0508616371587389,0.0251566850686688,1.684357981988316,10.54826154409935,53.68235483907378,5.308162505197997
9.7,31.220304746274675,131.01316471285492,96.71433946010691,1.4050579930918017,0.897765678582611,5.26915709501185,-1.0861640484949655,-0.5944717865919953,0.0,53.58249008603106,37.43315437394011,-33.51394692692233,13.80032622595714,134.21985775461323,1742.2827296565072,1.274,1.0300000015656,0,7.638852011103775,345.0001478400497,0.1576316835639442,5.963425224071527e-06,-0.1649191189614917,0.0552390797340905,0.0262437603798602,1.6673360798628631,10.5247286494773,53.72350501864037,5.412685612264079
9.71,31.22030262025537,131.01316777143305,96.40587284573093,1.3903607945167549,0.880545522344277,5.308854969131188,-1.2928498984189427,-0.9270233382174624,0.0,53.626048082886015,37.428929087693234,-33.61325683661674,13.794888941916364,134.22970077348555,1745.168327421541,1.274,1.0300000015656,0,7.6348139820939345,345.0001478400497,0.1577592746327209,5.94449307905714e-06,-0.171568618979018,0.0595469916894032,0.0273249076612972,1.6456947941129372,10.498230879791944,53.764358405396976,5.542091140779862
9.72,31.220300494634568,131.01317082983627,96.09653590391169,1.3717775445930185,0.8608993575369362,5.347924503594704,-1.495273941475524,-1.2558009034014086,0.0,53.669698014343005,37.42465924566312,-33.7168543439752,13.788432222235071,134.2413566117585,1748.0625325414287,1.274,1.0300000015656,0,7.630764532393302,345.0001478400497,0.1578871337164253,5.927197529846856e-06,-0.178150081607721,0.0637731516920715,0.0283970454579957,1.6194998346087806,10.46883523673657,53.80492268086492,5.693257113918904
9.73,31.220298369411445,131.01317388805705,95.78632812694222,1.3493767079575651,0.8388766684017057,5.386202731436614,-1.692860307171322,-1.579897993385442,0.0,53.71342581215893,37.420333896155725,-33.82468991996651,13.780969477976011,134.2547900705569,1750.9644439833953,1.274,1.0300000015656,0,7.62668402875637,345.0001478400497,0.1580152194213525,5.9114695785814e-06,-0.184644405532842,0.0679055378037803,0.0294570971328609,1.5888365090387522,10.436616585941223,53.84519154334853,5.8628519982372715
9.74,31.220296244585487,131.0131769460865,95.47524886894745,1.32323338662004,0.8145361556632748,5.4235349704405,-1.885042908467864,-1.8984177473066388,0.0,53.75722192634638,37.41594220267192,-33.93670170435068,13.772516517124714,134.26996139526045,1753.8734524969568,1.274,1.0300000015656,0,7.6225591165996285,345.0001478400497,0.158143503645957,5.897235244533476e-06,-0.1910327446796313,0.0719323214566718,0.0305020178674507,1.5538010749908016,10.401662213587612,53.88516465675203,6.04748776647335
9.75,31.220294120156417,131.0131800039148,95.16329734488954,1.2934034515167752,0.7879613465989888,5.45977468882491,-2.0712746876055355,-2.2104642416125304,0.0,53.80110938296244,37.41147345270774,-34.05281568228393,13.763091585477117,134.28682629715635,1756.7910742127044,1.274,1.0300000015656,0,7.61842261612632,345.0001478400497,0.1582720541210062,5.884415844486428e-06,-0.1972965431632873,0.0758419145882025,0.0315288172786939,1.5144867452349646,10.364079099445716,53.924878160330415,6.243834610853831
9.76,31.22029199612425,131.01318306153078,94.85047263653097,1.2599743420422396,0.7592289380090154,5.494786334193876,-2.25101976162624,-2.5151586260822807,0.0,53.84508803047616,37.40691700869132,-34.17294588762154,13.752715400150276,134.30533599444115,1759.7173154649954,1.274,1.0300000015656,0,7.614274516918453,345.0001478400497,0.1584008703924816,5.872928283228464e-06,-0.2034174500790208,0.0796230976896692,0.0325345152562655,1.4710101972076537,10.32397852147656,53.96434394307877,6.448704500908049
9.77,31.220289872489325,131.01318611892222,94.53677368448258,1.2230435977254934,0.7284217485307412,5.528446020700743,-2.423757568148555,-2.8116378963162503,0.0,53.889157745384814,37.40226242631518,-34.296994576966696,13.741411133093484,134.3254373474302,1762.6521844479355,1.274,1.0300000015656,0,7.610114806731101,345.0001478400497,0.1585299520885672,5.862685453447263e-06,-0.2093774699318536,0.0832649846463629,0.033516178408974,1.423500365992367,10.28148182979552,54.00357488382478,6.659100826159711
9.78,31.22028774925224,131.01318917607568,94.22219930907674,1.1827413811530263,0.6956145894915704,5.560643635735441,-2.588978222132689,-3.099066591841684,0.0,53.933293732454366,37.39749946560512,-34.42485248323255,13.729204426551227,134.3470729403379,1765.5940740501987,1.274,1.0300000015656,0,7.605908282975131,345.0001478400497,0.1586592262586791,5.853596604514008e-06,-0.2151590142847981,0.0867570547653462,0.0344709127439863,1.3721108186045257,10.236712967367586,54.042557932388135,6.872247057476298
9.79,31.22028562641387,131.0131922329767,93.9067481954562,1.1391740830843116,0.660908387924554,5.5912815866453,-2.746195836148232,-3.3766218291365337,0.0,53.97750746312769,37.3926181871475,-34.55639910282505,13.71612340563796,134.37018117140448,1768.5437482124112,1.274,1.0300000015656,0,7.601671272384999,345.0001478400497,0.1587887266408035,5.845567746385504e-06,-0.2207450597523908,0.0900891122399136,0.0353959271372985,1.3169889635187688,10.189814840052929,54.08132040773123,7.085590753680178
9.8,31.220283503975427,131.01319528960985,93.59041891544264,1.09245590167895,0.6244103163597265,5.6202760213729,-2.8949463834949247,-3.6435009549631054,0.0,54.02181201633801,37.3876088650558,-34.69150306568625,13.70219872498856,134.39469628537466,1771.5020789038767,1.274,1.0300000015656,0,7.597422453019926,345.0001478400497,0.1589184917010319,5.838501988984324e-06,-0.2261190420201109,0.0932514220326473,0.0362884964326304,1.2582928478637807,10.140939224304486,54.1198922180017,7.296801787670171
9.81,31.22028138193836,131.0131983459584,93.2732099195833,1.0427220961833947,0.5862252721855458,5.647557980248168,-3.034785697558197,-3.898929122960276,0.0,54.06620735122436,37.38246204334779,-34.830022465148446,13.687463556595162,134.4205485116515,1774.469079876366,1.274,1.0300000015656,0,7.593161805609997,345.0001478400497,0.1590485213096926,5.832299973013512e-06,-0.2312648972469173,0.0962347433317958,0.0371459582948812,1.1961987704003776,10.090241858865538,54.15828979502104,7.503764633584688
9.82,31.220279260304448,131.01320140200505,92.95511954510243,0.9901187928297672,0.5464616309500215,5.673073672456807,-3.1652917153219406,-4.142160474761448,0.0,54.11069098707275,37.3771686014116,-34.971805215521016,13.671953569889093,134.44766421594824,1777.4446046388202,1.274,1.0300000015656,0,7.588885786503344,345.0001478400497,0.1591788081595184,5.826860323977574e-06,-0.2361671666821875,0.0990303193573998,0.0379657367709088,1.1308960216846415,10.03788464165086,54.19652767796696,7.704565525380667
9.83,31.22027713907577,131.01320445773123,92.63614602782933,0.9348293666823874,0.505214783669452,5.696786059758358,-3.2860583373229777,-4.372492074924999,0.0,54.15522921925044,37.37171977753289,-35.116689466559386,13.655706925922363,134.47596602621064,1780.4264531425404,1.274,1.0300000015656,0,7.584546074497937,345.0001478400497,0.15930925309125,5.822080086878501e-06,-0.2408110539645753,0.1016298971755313,0.0387453311154708,1.0626030645852844,9.98402609254249,54.23458714352248,7.897483001072489
9.84,31.22027501825467,131.01320751311764,92.31628749424507,0.8769800253307574,0.4626237154830244,5.71867129527804,-3.396717560929289,-4.5892342929043695,0.0,54.19985822827423,37.36610728085535,-35.264504052443776,13.638764268826716,134.50537296166772,1783.4170168798369,1.274,1.0300000015656,0,7.580194313711811,345.0001478400497,0.1594399625283155,5.81785518266103e-06,-0.2451826094941992,0.104025663231876,0.0394824175346353,0.9915129616270666,9.928850828821938,54.27252620197388,8.080962997522752
9.85,31.22027289784376,131.0132105681442,91.9955419853386,0.8167379997165773,0.4188108899004661,5.738721320478358,-3.4969240840638247,-4.79173837749915,0.0,54.244578038709534,37.36032309721048,-35.41506903453276,13.621168758966164,134.53580048728236,1786.4163141046458,1.274,1.0300000015656,0,7.575830478677519,345.0001478400497,0.1595709365326671,5.8140807488344604e-06,-0.249268463159638,0.1062104700396834,0.0401747326501267,0.9178516443149094,9.872537177256628,54.31036411362121,8.25361479124248
9.86,31.22027077784596,131.0132136227899,91.67390744467784,0.7542773665407168,0.3739023896656568,5.75694302646603,-3.5863604741686244,-4.979392596789912,0.0,54.289388697190574,37.35435967787439,-35.568196125629434,13.60296598908366,134.5671607678064,1789.4243645848514,1.274,1.0300000015656,0,7.571454542595381,345.0001478400497,0.1597021752309904,5.810651659899911e-06,-0.2530560261327753,0.1081777536709558,0.0408201312670466,0.8418605978803263,9.81526696889497,54.34812073035058,8.414197828291242
9.87,31.22026865826445,131.0132166770331,91.35138173928338,0.6898008228979193,0.3280142260307214,5.773358867041717,-3.664732427952008,-5.151633636552621,0.0,54.334266563038845,37.34820993130703,-35.723689214911325,13.584203947486175,134.5993628347335,1792.4396253043246,1.274,1.0300000015656,0,7.567032374134416,345.0001478400497,0.1598336090694787,5.8074629647018335e-06,-0.2565335300651396,0.1099215552129109,0.0414165751318005,0.7638149706101626,9.757216879832052,54.385790635727766,8.561615823043722
9.88,31.22026653910272,131.01321973085152,91.0279626606223,0.6234873321009055,0.2812831350266021,5.788004561234955,-3.731780259420272,-5.3079322289991016,0.0,54.379219691148656,37.34186731471352,-35.88134491696713,13.564932971328266,134.63231276456952,1795.4626409556963,1.274,1.0300000015656,0,7.562575309874294,345.0001478400497,0.1599652617328192,5.8044103347817245e-06,-0.2596901727741617,0.1114364724114601,0.041962198627492,0.6839981961094759,9.698575078122644,54.42340336519573,8.694902256674473
9.89,31.220264420364447,131.0132227842222,90.70364792560096,0.5555139892129921,0.2338526535625483,5.800928501105407,-3.7872783541644486,-5.447797221768006,0.0,54.42426387985594,37.33532574474563,-36.0409531947526,13.545205727367788,134.66591380374115,1798.4944698710435,1.274,1.0300000015656,0,7.558105899796432,345.0001478400497,0.1600971796837173,5.801390429384014e-06,-0.2625160098259583,0.1127177692673533,0.0424552747591926,0.6027280831204563,9.639533048082944,54.46099726679048,8.813214134262415
9.9,31.220262302053605,131.01322583712167,90.37843519346302,0.4860774919432216,0.1858595893804602,5.812191654356139,-3.831031367835404,-5.5707848441348125,0.0,54.469399219435175,37.328579625552486,-36.20229793607624,13.525077131163863,134.70006659169294,1801.5351349515067,1.274,1.0300000015656,0,7.553624112455549,345.0001478400497,0.1602293631765855,5.798301314697092e-06,-0.2650019509303762,0.113761414087253,0.0428941968802063,0.5203981998443985,9.580276817118836,54.498593924264064,8.91582957149519
9.91,31.220260184174418,131.01322888952595,90.05232207075964,0.4153887091429297,0.1374366286983525,5.821866793913005,-3.8628741715827526,-5.676501923779401,0.0,54.514615345707696,37.32162392118687,-36.36515753213751,13.504604241371048,134.73466941736731,1804.5839670249504,1.274,1.0300000015656,0,7.54911478913224,345.0001478400497,0.1603617817125819,5.795042898020444e-06,-0.2671398618787059,0.1145640485673069,0.0432774992829651,0.4375343136841531,9.5209873182797,54.53620382015746,9.002144406874358
9.92,31.22025806673133,131.0132319414107,89.7253061153239,0.343670623160193,0.0887128884861062,5.83003761451031,-3.88267155189882,-5.764609291670872,0.0,54.55989308265095,37.314454190257486,-36.52930550754212,13.483846166339664,134.76961844504183,1807.6397107038151,1.274,1.0300000015656,0,7.544549933780109,345.0001478400497,0.1604943788721216,5.7915173185489255e-06,-0.2689226411630274,0.1151229706024078,0.043603871297039,0.3549357398517779,9.46183962270504,54.573828065020486,9.071670036555982
9.93,31.22025594972903,131.01323499275125,89.39738484422352,0.2711030175650261,0.0398459535654742,5.83679542303716,-3.890331823004314,-5.834801767644586,0.0,54.60526229576782,37.30706662005566,-36.69451118948993,13.462863974595876,134.80480792379527,1810.7043586770587,1.274,1.0300000015656,0,7.539972440781139,345.0001478400497,0.160627242497262,5.787629302942084e-06,-0.2703442874960741,0.1154361202409115,0.0438722153512901,0.2740155730969739,9.403022726071516,54.61152128301313,9.124021819963826
9.94,31.220253833172368,131.0132380435225,89.06855574767583,0.1978964097806777,-0.0090228266049635,5.842239643421486,-3.885794835220055,-5.88682988686062,0.0,54.65072309823986,37.29945788752234,-36.86054041144221,13.441720606546811,134.84013038494416,1813.7779356303613,1.274,1.0300000015656,0,7.535382275359363,345.0001478400497,0.160760372909369,5.7832864466039535e-06,-0.2713996910014213,0.1155022283455893,0.0440815512392143,0.1981019941362779,9.344710939965127,54.64930579595688,9.158926338246415
9.95,31.220251717066457,131.01324109369926,88.73881629103616,0.1242646534032777,-0.0577527767061449,5.846476139347597,-3.8690352348398127,-5.920496479278114,0.0,54.69627413854589,37.291625309513925,-37.0271561188634,13.420480691073427,134.875476987683,1816.8603690143177,1.274,1.0300000015656,0,7.530777263146474,345.0001478400497,0.1608937661211648,5.7783996044547486e-06,-0.2720847918217419,0.1153207377975356,0.0442310647552716,0.137029493440212,9.287072722908102,54.68720235513084,9.176219017522266
9.96,31.22024960141656,131.01324414325623,88.40816392374273,0.0504578263815584,-0.1062239905574754,5.849617192518307,-3.840054035082776,-5.935672645196584,0.0,54.74187746798152,37.28356683047119,-37.19411905126176,13.399210396187732,134.91073779513883,1819.9491525894864,1.274,1.0300000015656,0,7.5261020238704415,345.0001478400497,0.1610273104920315,5.772883192253311e-06,-0.2723966031752284,0.1148918041037238,0.0443200837179764,0.1175990029545653,9.230256117681126,54.72519185212153,9.175851243470346
9.97,31.220247486228136,131.0132471921679,88.07659608726952,-0.0233471853469957,-0.1542737000384527,5.851776670665478,-3.798901627614153,-5.932259893887018,0.0,54.787572758677136,37.27528114472104,-37.3611884356048,13.377977267313089,134.94580205888892,1823.0469370481644,1.274,1.0300000015656,0,7.521413840784453,345.0001478400497,0.1611611227096036,5.76665548535912e-06,-0.2723334017561228,0.1142161946173009,0.0443482022198807,0.1560303312491625,9.17443171208254,54.76333953182487,9.157873728560283
9.98,31.220245371506778,131.013250240409,87.74411023003533,-0.0969356333596164,-0.2017625229025668,5.853070846267603,-3.7456600877143376,-5.910220817096865,0.0,54.83336012565536,37.26676743003543,-37.52812277093912,13.35685011290706,134.98055841339152,1826.153747463856,1.274,1.0300000015656,0,7.5167126776812605,345.0001478400497,0.1612952031004226,5.759638754064233e-06,-0.2718943632493207,0.1132955093040411,0.0443151273323274,0.2238405544630439,9.119747470891207,54.80166740816984,9.122451311515402
9.99,31.22024325725823,131.0132532879541,87.41070380143952,-0.1700933229102775,-0.2485525588135645,5.853616495032948,-3.6804473591180473,-5.869572586286088,0.0,54.87923968872855,37.258025554679385,-37.6946804375366,13.33589874432471,135.01489529881528,1829.2696092939689,1.274,1.0300000015656,0,7.5119984982892145,345.0001478400497,0.1614295520051095,5.751759575685091e-06,-0.2710797593678072,0.1121320661983204,0.044220743788264,0.3011808949866831,9.066342919768552,54.840197266543896,9.069862247015772
10.0,31.22024114348838,131.01325633477796,87.07637427571859,-0.2425700989954822,-0.2945294406202252,5.853530825123233,-3.6034077944506815,-5.81040378948123,0.0,54.925172925145866,37.24905604250877,-37.860620398946416,13.315193767379029,135.0487012849077,1832.391969705524,1.274,1.0300000015656,0,7.507214848425503,345.0001478400497,0.1615640560960011,5.7429490290859615e-06,-0.2698909610559389,0.1107288978272464,0.0440650842728894,0.3815590728007945,9.014332333543784,54.87890855255525,9.000509043970437
10.01,31.220239030203235,131.0132593808557,86.74111914399357,-0.3141886649616183,-0.3395395902064128,5.85292705293748,-3.514733905078624,-5.73283609853487,0.0,54.971195399877686,37.239860199754006,-38.02570290372915,13.294806359513345,135.08186540577563,1835.5232146266253,1.274,1.0300000015656,0,7.502413294172278,345.0001478400497,0.1616988199776172,5.733142887893101e-06,-0.2683306305942481,0.1090896368732239,0.0438484524083948,0.4626018751965059,8.963850891105986,54.91786095793986,8.914904331689778
10.02,31.220236917408844,131.0132624261626,86.40493594309633,-0.3847430673576898,-0.3834503259447576,5.85191475758843,-3.414650521400272,-5.63705120395589,0.0,55.01731039758288,37.23043984112072,-38.18969027767205,13.274808100492892,135.11427739556908,1838.6635806712536,1.274,1.0300000015656,0,7.497598446638294,345.0001478400497,0.1618338533001402,5.722281645237409e-06,-0.2664023520750101,0.1072187170741214,0.0435712773089439,0.5431934925313173,8.915010776675363,54.9570786108569,8.813687695249984
10.03,31.22023480511139,131.01326547067438,86.0678222446354,-0.4540273250449567,-0.4261338415768333,5.850598397483008,-3.3034169499806727,-5.523286161810323,0.0,55.06351801336123,37.22079746911631,-38.35234753494116,13.255270661945918,135.14582814195057,1841.8130918774784,1.274,1.0300000015656,0,7.492770270404239,345.0001478400497,0.1619691563315613,5.710310702148808e-06,-0.2641107840811925,0.1051212714729982,0.0432341627866018,0.6226773336714977,8.867912615647283,54.99658168316071,8.697629285000353
10.04,31.220232693317097,131.0132685143672,85.72977566394154,-0.5218011386156544,-0.4674877326422756,5.849077365777558,-3.181317314446544,-5.391849625623435,0.0,55.109779119783546,37.210936247998525,-38.51344305939279,13.23626554003392,135.1764100566984,1844.9691461469104,1.274,1.0300000015656,0,7.487871204447765,345.0001478400497,0.1621046139674348,5.697180456226096e-06,-0.261461665562268,0.1028031113484285,0.0428378611730512,0.7005820196997217,8.822628935793873,55.03634713322332,8.56764426615533
10.05,31.220230582032244,131.0132715572177,85.39079387994904,-0.5879009543304052,-0.5073714658015782,5.847442121825729,-3.048681979774677,-5.243081393664948,0.0,55.15612958634783,37.20086012534568,-38.67274928500306,13.217863782320036,135.20591744424004,1848.1341581488443,1.274,1.0300000015656,0,7.482953551979853,345.0001478400497,0.1622403317066731,5.6828463824214285e-06,-0.2584620024288079,0.1002706025027614,0.0423833942176568,0.7765592714110139,8.77925496993702,55.0764329044648,8.424781521351175
10.06,31.22022847126308,131.01327459920313,85.05087464115887,-0.6521366499408546,-0.5456669550476926,5.845774657581679,-2.9058713005472363,-5.077379462240875,0.0,55.20257289471392,37.190573537624665,-38.83004346292889,13.200135774628848,135.23424676369805,1851.3083786070488,1.274,1.0300000015656,0,7.47802229488625,345.0001478400497,0.1623763197790427,5.667268944632798e-06,-0.2551196710241836,0.0975308591224813,0.0418719041618717,0.8503068728744552,8.737861399464427,55.11686102554938,8.270244952004367
10.07,31.220226361015907,131.01327764030137,84.71001575868063,-0.7143193877970104,-0.5822630714035625,5.844147537905381,-2.753277054367113,-4.895195073864948,0.0,55.249108242123214,37.18008158891558,-38.98510823171805,13.183150886340467,135.26129710831486,1854.4917714676287,1.274,1.0300000015656,0,7.473076144808733,345.0001478400497,0.1625125758118444,5.650413677086816e-06,-0.2514435622968733,0.094591634088264,0.0413047004791309,0.921555699048756,8.698506703607102,55.157648147013006,8.105401272861302
10.08,31.22022425129701,131.01328068049102,84.36821512611392,-0.7742264302220084,-0.6170764298215817,5.842624385498242,-2.5913121010399647,-4.69704922479024,0.0,55.29569391601138,37.16939001967425,-39.13773225250608,13.166977165537975,135.28697059493695,1857.6815517507048,1.274,1.0300000015656,0,7.468053527565898,345.0001478400497,0.1626489770987774,5.63225116926154e-06,-0.2474435807416787,0.0914612868328578,0.0406832337277888,0.9900437912329964,8.66121970154306,55.19876565094233,7.931798631780654
10.09,31.220222142112657,131.0132837197515,84.02547072451733,-0.8317237673641282,-0.6499817270392788,5.841256538492158,-2.4204336682143515,-4.483486121890564,0.0,55.342372545259245,37.158505328853295,-39.28771083861504,13.151681036277491,135.31117274175483,1860.8805966086625,1.274,1.0300000015656,0,7.463017033450345,345.0001478400497,0.1627856490199383,5.612757045535248e-06,-0.2431308317439782,0.0881486475128039,0.0400092203128094,1.055561933184795,8.626059538584816,55.24027584422616,7.75115635862729
10.1,31.220220033468976,131.01328675806306,83.6817806303615,-0.886642822355382,-0.6808831506052336,5.8400841575911135,-2.241123422266359,-4.255106499776868,0.0,55.38914412721728,37.14743442871996,-39.43484667138392,13.137327067172768,135.3338127263544,1864.0889237810263,1.274,1.0300000015656,0,7.457966632747366,345.0001478400497,0.1629225915564966,5.591911770024886e-06,-0.2385171546032842,0.0846632281446232,0.0392844710141859,1.1178999740314095,8.593056214544621,55.28219376934041,7.565391495885783
10.11,31.220217925372115,131.0132897954068,83.33714301155278,-0.9388131141484876,-0.7096961398795605,5.839136061686639,-2.0538882059436734,-4.012562559011978,0.0,55.43599892012795,37.136184866925646,-39.57895028261894,13.123977585056524,135.35480388295218,1867.3058949265687,1.274,1.0300000015656,0,7.452887904889635,345.0001478400497,0.1630597760430969,5.569700657331891e-06,-0.2336153117289898,0.0810150772655806,0.0385109483108926,1.176857509596367,8.562226296292927,55.3245229617687,7.376626939149669
10.12,31.22021581782808,131.0132928317649,82.99155614830816,-0.98805737000226,-0.7363506636572855,5.838430012572801,-1.8592560474189632,-3.7565614502725615,0.0,55.48291207617952,37.12476479432654,-39.71984062338515,13.111692366245384,135.37406407101437,1870.52985085496,1.274,1.0300000015656,0,7.447744007104819,345.0001478400497,0.1631971293821443,5.546113772217061e-06,-0.2284390051244039,0.0772147255356261,0.0376907669083127,1.2322402022434262,8.533570532365358,55.367249568414536,7.187200567067036
10.13,31.22021371084278,131.0132958671205,82.64501842917937,-1.0342651718617069,-0.7607499581870275,5.837971065595063,-1.657790417961868,-3.4878334135731635,0.0,55.52991809611865,37.1131829874728,-39.85734563496349,13.100528348564143,135.39151600749025,1873.7631317219343,1.274,1.0300000015656,0,7.442585941336586,345.0001478400497,0.1633347530442086,5.521145800187716e-06,-0.2230029200531928,0.0732731148029129,0.036826252341952,1.2838933294952657,8.507112235448316,55.41042328324305,6.999654073841704
10.14,31.22021160442198,131.0132989014578,82.29752836298107,-1.0773010978841724,-0.7828232840234687,5.837752787137326,-1.4500744998586512,-3.207156795882195,0.0,55.577016903492805,37.10144860216481,-39.99130283525436,13.090539377160573,135.40708754403184,1877.005750335086,1.274,1.0300000015656,0,7.437413683604372,345.0001478400497,0.1634726467940606,5.494795828247688e-06,-0.2173223692615572,0.0692017321931598,0.0359198173955992,1.33165976533938,8.482851028966234,55.45405513528193,6.8167388370278115
10.15,31.220209498571315,131.01330193476224,81.9490845768039,-1.117016201086753,-0.8025197194380967,5.8377582124078495,-1.2367074912426494,-2.9153602236224128,0.0,55.62418511668145,37.08957133840333,-40.12155972455263,13.081775846926856,135.4207121043336,1880.2561439380315,1.274,1.0300000015656,0,7.432192589609795,345.0001478400497,0.1636107418478054,5.467067276495485e-06,-0.2114134334246396,0.065012481221948,0.034973995707925,1.3753841264843696,8.460768667659273,55.49812973572766,6.641399822244607
10.16,31.220207393296217,131.01330496702033,81.59968582694796,-1.153295792821762,-0.8197815727021243,5.83795973213949,-1.0183111593665872,-2.613304511938639,0.0,55.67142410508957,37.077561458015374,-40.247974253639775,13.074284418738095,135.4323290053699,1883.5144189964235,1.274,1.0300000015656,0,7.42692470136867,345.0001478400497,0.1637490422242191,5.4379677535586e-06,-0.2052930414342097,0.0607175836090637,0.0339914871343863,1.4149354209640632,8.440854602294202,55.54265751029984,6.476734665206809
10.17,31.220205288601967,131.0133079982199,81.2493309989242,-1.1860555055777966,-0.8345471334053322,5.838319240580426,-0.7955304835458559,-2.3018754826912367,0.0,55.718755545331454,37.06542964281864,-40.37041532491624,13.068107792199568,135.44188369219034,1886.7820576141044,1.274,1.0300000015656,0,7.421642375658981,345.0001478400497,0.1638876116725747,5.40750883221618e-06,-0.1989787900148605,0.056329613148962,0.0329751237066728,1.4502058797865924,8.423104944882175,55.58766982339323,6.325936376774376
10.18,31.2202031844936,131.01331102834993,80.8980191154061,-1.2151999051429128,-0.8467743310748376,5.8387894929539605,-0.5690246188831958,-1.9819955524659243,0.0,55.76617927524285,37.053186921304096,-40.48876319843792,13.063284446444632,135.44932802494466,1890.0590667459005,1.274,1.0300000015656,0,7.416345595640576,345.0001478400497,0.1640264497064267,5.375705864225091e-06,-0.1924887829888487,0.0518615156142945,0.0319278174050983,1.4810908340187408,8.407501077193716,55.633173116320485,6.192217545429056
10.19,31.22020108097594,131.01331405740083,80.54574933921302,-1.2406030279963451,-0.8564518032945043,5.839316152796568,-0.3394572281633178,-1.654636678311669,0.0,55.81365349620264,37.040844740345285,-40.60290981217184,13.059848358518728,135.454620603576,1893.342628490377,1.274,1.0300000015656,0,7.410972173547597,345.0001478400497,0.1641654333737068,5.342577853872992e-06,-0.1858416973097039,0.0473265104712189,0.0308525626461639,1.507478333965885,8.393999371374164,55.67912737141312,6.078706020139278
10.2,31.220198978053595,131.01331708536432,80.19252097132235,-1.2622286302028198,-0.8635318790356274,5.8398370237048285,-0.1075175639416008,-1.320772318999536,0.0,55.86121531394184,37.028415059560736,-40.712759127919966,13.05782878222145,135.45772700333285,1896.6352729276068,1.274,1.0300000015656,0,7.405577646270138,345.0001478400497,0.164304671806037,5.308147304426507e-06,-0.1790569579688379,0.0427379368315135,0.0297525342217647,1.529309576979279,8.382596539253226,55.72557717873087,5.988296586561575
10.21,31.220196875730863,131.01332011223343,79.83833346279754,-1.280018929140642,-0.867993177113566,5.840283866181292,0.1260972223580429,-0.9814055026221868,0.0,55.90886880748016,37.01590997967214,-40.81822755665922,13.057250129347985,135.45861985889755,1899.9372943855608,1.274,1.0300000015656,0,7.400168439504461,345.0001478400497,0.1644441769924251,5.272439913562676e-06,-0.1721542486832984,0.0381094337816896,0.0286309412630069,1.5465236065871368,8.373270376029465,55.77252997320696,5.92351018464905
10.22,31.2201947740118,131.0133231380027,79.48318641180796,-1.293905468222786,-0.8698345833055572,5.840584317345676,0.3606861884748913,-0.6375702244887917,0.0,55.95659570373932,37.00334192317906,-40.919244135992734,13.0581317208989,135.4572791549598,1903.2474676652885,1.274,1.0300000015656,0,7.394717526049288,345.0001478400497,0.164583895178208,5.235484480267631e-06,-0.1651536355767034,0.0334548078456069,0.0274910566242281,1.55906219749282,8.365985811509587,55.81996765531919,5.88634143468891
10.23,31.220192672900176,131.013326162668,79.12707956263388,-1.3038388403000432,-0.86905880655588,5.840663188545159,0.5955427359336652,-0.2903207381083056,0.0,56.00438499874841,36.990723641090575,-41.01575076145911,13.060487626898542,135.45369238771735,1906.5650580864,1.274,1.0300000015656,0,7.389208682933024,345.0001478400497,0.1647237939902279,5.1973127498811664e-06,-0.1580756320651759,0.0287879299175752,0.0263362443038756,1.566884984175559,8.36071141799291,55.86787879502511,5.8781207680112875
10.24,31.22019057239944,131.01332918622663,78.77001280865004,-1.3098211827105883,-0.8656545698115105,5.840442944377536,0.8299479324346928,0.0592890851843935,0.0,56.05226514054441,36.9780681220412,-41.10770244280365,13.06432657682422,135.4478546268132,1909.8920168317013,1.274,1.0300000015656,0,7.383684951962726,345.0001478400497,0.1648639570944928,5.15795920500252e-06,-0.1509410987463473,0.0241227140825709,0.0251699568537857,1.5699868844782428,8.357437519718477,55.91629361180788,5.899415441609784
10.25,31.220188472512703,131.01333220867747,78.41198620624273,-1.311837787415267,-0.8596346246002943,5.839845692543005,1.0631834507244768,0.4101873207406982,0.0,56.10023579552647,36.96538841471536,-41.195067503767554,13.069651884170888,135.43976856501143,1913.2283388531143,1.274,1.0300000015656,0,7.378146331518034,345.0001478400497,0.1650043835021651,5.117460854485769e-06,-0.1437709609377831,0.0194731859339352,0.0239956551649148,1.5683625006724635,8.356139105243921,55.96520977039722,5.949992470642625
10.26,31.2201863732428,131.01333523002083,78.05299994896468,-1.3098404607465783,-0.8510447692416621,5.838795889070927,1.2945418467845575,0.7612707728445088,0.0,56.14825134739039,36.952697744853566,-41.277827635248016,13.076461321281624,135.42944465281832,1916.570927660057,1.274,1.0300000015656,0,7.372524605492361,345.0001478400497,0.1651449390378247,5.075857142277384e-06,-0.1365863067544928,0.0148533596136294,0.0228168212991419,1.5619964949039191,8.356766925239187,56.01457446323569,6.028839790282638
10.27,31.22018427459217,131.01333825025833,77.69305439536944,-1.3038821751856051,-0.8398896216930642,5.837220011446616,1.5233029551121091,1.1114599743487403,0.0,56.19635435351094,36.94000961154119,-41.35597798946205,13.084747080989512,135.4169011105044,1919.9227004930287,1.274,1.0300000015656,0,7.366884279666283,345.0001478400497,0.165285748866554,5.033189822063684e-06,-0.1294085792816833,0.0102770681803008,0.0216370470198658,1.5509356928757825,8.359320957347697,56.06442952506487,6.1342426288552865
10.28,31.220182176562925,131.01334126939324,77.33215005410138,-1.293986998886854,-0.8262043300807717,5.835048551028407,1.748754595227381,1.4596653585541408,0.0,56.24454674442011,36.9273373542536,-41.429527361485405,13.094495860582809,135.40216376508667,1923.2838064778407,1.274,1.0300000015656,0,7.361228881571838,345.0001478400497,0.1654268186597352,4.989502676014131e-06,-0.122259014194251,0.0057581689146674,0.0204598837420129,1.5352198170312814,8.363779374408633,56.11477136933716,6.263909097851803
10.29,31.2201800791568,131.01334428743024,76.97028758190787,-1.2801593714699575,-0.8100491663476527,5.832218414304014,1.9701984106878443,1.8047832028922464,0.0,56.29279904909769,36.91469437650177,-41.498498085595344,13.10568879839108,135.38526612095384,1926.6522457457816,1.274,1.0300000015656,0,7.355514480380218,345.0001478400497,0.1655680617308703,4.9448414806376364e-06,-0.1151588046536473,0.0013103861932714,0.019288877543293,1.5148856302734564,8.370103727466198,56.16556106249536,6.415114638029919
10.3,31.22017798237516,131.01334730437551,76.60746778363969,-1.262455028235738,-0.7914704919383388,5.828673608433352,2.1869395870844963,2.145724131585172,0.0,56.34112046788711,36.902094173413374,-41.56292600526321,13.118301522862213,135.3662492698961,1930.0286606896748,1.274,1.0300000015656,0,7.349755519908027,345.0001478400497,0.1657095051346652,4.899253901606583e-06,-0.1081292149242471,-0.0030528196362775,0.0181276140728081,1.4900056568501576,8.378277197292947,56.21680052761603,6.584851770546678
10.31,31.22017588621899,131.0133503202366,76.2436916202051,-1.240951551684869,-0.7705168106048202,5.824366108914948,2.3982904725819183,2.481413672800909,0.0,56.38952992854529,36.889550100469926,-41.62286049132232,13.132304296654915,135.34516166789868,1933.4143629862583,1.274,1.0300000015656,0,7.343981323784144,345.0001478400497,0.165851204535658,4.852789297621945e-06,-0.1011912947910764,-0.0073181850764105,0.0169796579610515,1.4606724721734894,8.388288124420098,56.268501079054175,6.7699668815377185
10.32,31.220173790688893,131.01335333502257,75.87896019465293,-1.215702075435442,-0.7472637391848382,5.81925787036127,2.6035824519985367,2.810776154152405,0.0,56.438010746480415,36.87707534188878,-41.67836431112428,13.147662111555409,135.32205899611054,1936.8082247060424,1.274,1.0300000015656,0,7.338167330326957,345.0001478400497,0.1659931108561648,4.8054986212324495e-06,-0.0943657583637814,-0.0114726575675535,0.0158485186592717,1.4269726102047608,8.400104957244709,56.32063416049331,6.967271082344082
10.33,31.22017169578507,131.0133563487438,75.51327474819706,-1.1867705792097154,-0.721794387994268,5.813322192201114,2.8021648320900665,3.13274475735418,0.0,56.48654548429528,36.86468301894512,-41.72951342974478,13.164334791789768,135.29700401819815,1940.2090621086904,1.274,1.0300000015656,0,7.33228772848775,345.0001478400497,0.16613517280547,4.757434372443825e-06,-0.0876731233208718,-0.0155035380793012,0.0147376863569224,1.3890057727821126,8.413695064935535,56.37316928584821,7.1736275601170165
10.34,31.220169601507347,131.01335936141214,75.14663667711734,-1.1542835870550494,-0.6941710543840884,5.8065434958684365,2.993394580896167,3.446289918042492,0.0,56.53516671494607,36.85238610476043,-41.77639687157839,13.182277198986656,135.27006629342975,1943.619125762866,1.274,1.0300000015656,0,7.326392747524627,345.0001478400497,0.1662774861811129,4.7086504731257375e-06,-0.0811336509322822,-0.0193985240781105,0.0136506340565145,1.3469145697128615,8.429051299773347,56.42612924830034,7.386018730381876
10.35,31.22016750785511,131.01336237304076,74.77904750094856,-1.118337916800604,-0.6644849431287855,5.798918824722368,3.1766532443208955,3.750392935726433,0.0,56.58386713186192,36.84019718381533,-41.81911654381425,13.201439465690376,135.2413218552508,1947.0379297671227,1.274,1.0300000015656,0,7.320472139181706,345.0001478400497,0.1664200294887549,4.659202117573692e-06,-0.0747669933652603,-0.0231456059337245,0.0125907332085615,1.300831988143902,8.446142747591324,56.47949242085878,7.601580923907911
10.36,31.220165414827395,131.01336538364413,74.41050887441129,-1.079010510470073,-0.6328502452249781,5.790459539277988,3.3513525672345432,4.044042307234841,0.0,56.63260948966316,36.82812863182196,-41.85778687745034,13.221767148456152,135.21085301791837,1950.4629241985967,1.274,1.0300000015656,0,7.314469923072779,345.0001478400497,0.1665626931813512,4.609145774306684e-06,-0.0685923611037455,-0.0267332202087993,0.011561287386285,1.2508859926893412,8.464920225707916,56.53320362686856,7.817625207736063
10.37,31.220163322422835,131.01336839323798,74.0410225874124,-1.0364711608717887,-0.5993429013303057,5.781189992250336,3.5169136145860107,4.326283066570622,0.0,56.68143660195971,36.8161926410442,-41.89253454222671,13.243201487439087,135.17874802962157,1953.8970694410752,1.274,1.0300000015656,0,7.308452203820455,345.0001478400497,0.1667056031751751,4.558539111508912e-06,-0.0626286345672372,-0.0301503741919161,0.0105655739513545,1.1972657167334049,8.485373598778411,56.58729375607792,8.031660119243815
10.38,31.220161230639608,131.01337140183932,73.67059055212253,-0.9908542764184296,-0.5640693697864418,5.771148488471562,3.672787732901571,4.596181956756315,0.0,56.73034708103643,36.80440082099248,-41.92349820763525,13.265679750897952,135.14510060416845,1957.340286351184,1.274,1.0300000015656,0,7.30241785148263,345.0001478400497,0.166848755384802,4.507440807969834e-06,-0.0568938377571409,-0.0333864506796801,0.0096067268514765,1.140146802518181,8.507464938017819,56.641744702885525,8.241384179041296
10.39,31.220159139475577,131.01337440946628,73.29921479303698,-0.9422537543699292,-0.5271686162444557,5.76038899962654,3.8184663796385694,4.852814987171599,0.0,56.77929081079312,36.79276443968662,-41.95082803587789,13.289135427684652,135.11000968506545,1960.7891299232824,1.274,1.0300000015656,0,7.296291080703493,345.0001478400497,0.1669920024113784,4.4559105878641485e-06,-0.0514053362867216,-0.0364313713209033,0.0086877726981234,1.0796869145676815,8.531126846255525,56.69648452653576,8.444677626716476
10.4,31.22015704892817,131.01337741613818,72.92689744995782,-0.890875932951052,-0.4887295260630519,5.748978746873553,3.9534529900515807,5.095330493946486,0.0,56.82831738966122,36.78129452158091,-41.97468526360505,13.313498529877348,135.07357904799173,1964.2470358916585,1.274,1.0300000015656,0,7.290148701204166,345.0001478400497,0.1671354901251551,4.40400917401152e-06,-0.0461800638979851,-0.0392757731357847,0.0078116928154874,1.0161187077750695,8.556338043609795,56.7515488661801,8.63961457584148
10.41,31.220154958994424,131.0133804218754,72.55364077700133,-0.8368839256355901,-0.4488738879756754,5.736998726830455,4.07728740529476,5.322906929677561,0.0,56.87742613555029,36.770001342838206,-41.99524188600522,13.3386960146592,135.03591672762184,1967.7139733309875,1.274,1.0300000015656,0,7.28399074832867,345.0001478400497,0.1672792165167504,4.351798066989175e-06,-0.0412338830878082,-0.0419107487804109,0.0069812885418378,0.9496568554688604,8.583044931185839,56.806917911372985,8.824441351102003
10.42,31.22015286967104,131.0133834266993,72.17944712371117,-0.7803972300348254,-0.4077557169439623,5.724544979822241,4.1895553546182445,5.534740565866394,0.0,56.92656621725182,36.75889472980849,-42.01268001769503,13.364652001971692,134.9971347514279,1971.1864381463884,1.274,1.0300000015656,0,7.277740129630088,345.0001478400497,0.1674230320866693,4.299339595535443e-06,-0.0365818260295876,-0.0443280244825711,0.0061992251915135,0.8804966095800982,8.611162845930098,56.86251663966905,8.997563138253906
10.43,31.22015078095432,131.01338643063227,71.80431893406515,-0.7216457084748915,-0.3654784938090983,5.711725426278413,4.289859868385289,5.730108250092169,0.0,56.97578539764952,36.74798415943109,-42.02719136348341,13.391288109292956,134.95734869854752,1974.6677477221929,1.274,1.0300000015656,0,7.2714711957479325,345.0001478400497,0.1675670773055867,4.246696865583866e-06,-0.0322383368980832,-0.0465201375277099,0.0054680900759905,0.8089128473716737,8.640649290442758,56.918376559410845,9.157556748027952
10.44,31.220148692840176,131.01338943369743,71.428258737529,-0.6608178124665712,-0.3221754994735491,5.698659870987579,4.377844649684677,5.908326709313696,0.0,57.0250846588201,36.737278256268176,-42.03897679923872,13.418523902546244,134.91667708466971,1978.1579857763693,1.274,1.0300000015656,0,7.265186605352047,345.0001478400497,0.1677113550591516,4.193933529552474e-06,-0.0282166426332216,-0.0484801708406128,0.0047902666715995,0.7351684373723161,8.671430554881683,56.97447771639045,9.303148531866324
10.45,31.22014660532428,131.01339243591875,71.05126914905789,-0.5980526442415743,-0.2780130695171546,5.685480866867266,4.453204696500322,6.06873721632363,0.0,57.07441116340489,36.72678508325016,-42.04824563555372,13.446277134630604,134.87524106262143,1981.6534990044647,1.274,1.0300000015656,0,7.2588059356369055,345.0001478400497,0.1678557099502784,4.1411138179427134e-06,-0.0245289821896758,-0.0502019166147023,0.0041679751891346,0.6595115048878502,8.703399911400183,57.0307411439286,9.43320179775869
10.46,31.22014451840188,131.01339543732115,70.6733528512032,-0.5336037934082956,-0.2331029909342264,5.672329625200257,4.5156553388758125,6.210771477095721,0.0,57.12381572141282,36.71651226791072,-42.0552149858726,13.474464087422852,134.8331639656678,1985.1578247511327,1.274,1.0300000015656,0,7.252408575356016,345.0001478400497,0.1680002914100359,4.088302474709334e-06,-0.0211868796506349,-0.0516800607787514,0.0036033309201044,0.582295836963102,8.736492189769097,57.08720009023089,9.546734984126662
10.47,31.220142432067902,131.0133984379299,70.2945126000778,-0.4676726942673239,-0.1875901720405786,5.659355932076483,4.564958184892913,6.333905133902163,0.0,57.17329404441397,36.70646647425132,-42.06010926018241,13.50300003214766,134.7905706707318,1988.6706800927325,1.274,1.0300000015656,0,7.245989092572203,345.0001478400497,0.1681450868240825,4.035564499038176e-06,-0.0182004908075813,-0.0529098921524435,0.0030982187211705,0.5038918932569469,8.770607335503838,57.1438275017401,9.642899306796803
10.48,31.220140346317024,131.0134014377711,69.91475119951112,-0.4004219458840777,-0.1416445756101226,5.646718255644152,4.600927541968644,6.437649658499719,0.0,57.22280007505496,36.696653743544736,-42.063159331251306,13.531799456161416,134.74758730611364,1992.188872703704,1.274,1.0300000015656,0,7.2394772820768765,345.0001478400497,0.1682899607376821,3.982965162328189e-06,-0.0155788918923535,-0.0538874864402305,0.0026543444914805,0.4247359107781582,8.805618649326231,57.20055061981038,9.720971887144419
10.49,31.220138261143607,131.01340443687113,69.53407150800795,-0.3321179638216472,-0.0953852257546037,5.634579171808095,4.623402211103611,6.521610988069074,0.0,57.27238252745156,36.68707956667544,-42.06460183516774,13.56077640651254,134.7043407797856,1995.71580350954,1.274,1.0300000015656,0,7.2329496381870255,345.0001478400497,0.1684350564164037,3.9305698979048045e-06,-0.0133302919035192,-0.0546098494814055,0.0022732773465684,0.3455438919794021,8.841434422920353,57.25739945814794,9.780375265229583
10.5,31.220136176541715,131.01340743525697,69.1524764258264,-0.2629654773723161,-0.0489667001616726,5.623105407487996,4.6322722532938005,6.585440630367477,0.0,57.322028100597805,36.67774841103313,-42.064678568557134,13.58984492008661,134.66095817292083,1999.250559825776,1.274,1.0300000015656,0,7.226386737344349,345.0001478400497,0.1685803347410392,3.878444030371336e-06,-0.0114614393529797,-0.0550746419780867,0.0019563392020929,0.2674856317231279,8.877926595612491,57.3143364302592,9.820656238177323
10.51,31.220134092505216,131.01341043295582,68.76996887907329,-0.1931544370538156,-0.0025534328893116,5.612466806781023,4.627477782423772,6.628841037767868,0.0,57.37170665781122,36.66866408802272,-42.06363558993038,13.618919231315031,134.6175664593092,2002.7910501964243,1.274,1.0300000015656,0,7.219742844997334,345.0001478400497,0.1687257070807065,3.826652758650742e-06,-0.0099779636750855,-0.0552803797624172,0.0017046652563404,0.1931713139893672,8.914952840843402,57.37130556551102,9.841487071984588
10.52,31.220132009027715,131.01341342999518,68.38655182865136,-0.1229522848122699,0.0437294556186879,5.602831963222377,4.60898874355848,6.651606804367782,0.0,57.42145937133619,36.65982971956666,-42.0617224820956,13.647914108764986,134.57429202582014,2006.340158721944,1.274,1.0300000015656,0,7.213083065939961,345.0001478400497,0.168871294519187,3.775260980091484e-06,-0.0088844509295194,-0.0552264945077187,0.0015192185388786,0.1304972286829429,8.952394133171614,57.42832837749517,9.842681358566214
10.53,31.2201299261026,131.01341642640264,68.00222824441374,-0.052557523749547,0.0897202232380489,5.594368557149638,4.576830388373092,6.653577401418094,0.0,57.47126081533244,36.651247400905866,-42.05919164607832,13.676745218134084,134.5312601466809,2009.896121746076,1.274,1.0300000015656,0,7.206368998336585,345.0001478400497,0.1690170222801428,3.7243330277014976e-06,-0.0081839995162497,-0.0549131190626725,0.0014007086178232,0.103980813149361,8.990096140496561,57.48535402928297,9.824175700475916
10.54,31.22012784372309,131.0134194222059,67.61700110218217,0.0178107248805865,0.1352683433036108,5.587240823581631,4.531071604490147,6.634660988530944,0.0,57.521104228948936,36.64291856579447,-42.056297374376335,13.705329309425732,134.4885947131807,2013.4584758905355,1.274,1.0300000015656,0,7.1995911627059295,345.0001478400497,0.1691628704801102,3.6739326034407658e-06,-0.007878601480597,-0.0543412970174498,0.0013496585631852,0.136435867834412,9.027906679475514,57.54235211088984,9.786040891926033
10.55,31.22012576188224,131.01342241743265,67.23087337877766,0.0878943650691366,0.1802448215346462,5.581606178671961,4.471816966057481,6.594850186843928,0.0,57.57101953435508,36.63484380482876,-42.05329510604738,13.7335845419751,134.4464177505411,2017.0293264888485,1.274,1.0300000015656,0,7.19279739215848,345.0001478400497,0.1693089271160076,3.6241225248090966e-06,-0.0079690186122972,-0.0535129252897541,0.00136638300485,0.2005332631158065,9.065682540162832,57.5993322780147,9.728490299045578
10.56,31.220123680572904,131.01342541211042,66.84384804207941,0.1575116543406026,0.2244829695955218,5.577616046691387,4.399229752711913,6.53417857690788,0.0,57.620965420351226,36.627022729051085,-42.0504406183732,13.761430751873617,134.4048490138098,2020.605790563468,1.274,1.0300000015656,0,7.185924253838514,345.0001478400497,0.1694550706959875,3.5749644907224465e-06,-0.0084545558456226,-0.0524306365812712,0.0014509457617045,0.274230556180583,9.10324745343403,57.65622703254424,9.65186577073971
10.57,31.220121599787912,131.01342840626654,66.45592803611441,0.2264124777903464,0.2678546378786483,5.575411388971577,4.3135064369763,6.452768845888925,0.0,57.67096606133208,36.61945431777288,-42.04798910645263,13.788789619106169,134.36400572663993,2024.189571619532,1.274,1.0300000015656,0,7.179010600883929,345.0001478400497,0.1696013723132893,3.526518959502528e-06,-0.0093334835210922,-0.0510980186325776,0.0016032344634726,0.3507254534263566,9.14044712357646,57.71304041620453,9.556661326874812
10.58,31.220119519519915,131.01343139992807,66.06711627807555,0.2943621223534788,0.3102273816013487,5.575121422484943,4.21488647017753,6.350813280411463,0.0,57.721033185399136,36.612136538599934,-42.04619446611225,13.815584983760475,134.32400209100027,2027.7815048207683,1.274,1.0300000015656,0,7.172075968983944,345.0001478400497,0.1697478664574004,3.478844810732759e-06,-0.0106026454710732,-0.0495193996011956,0.0018228906589409,0.4276555162905898,9.17711872711055,57.76976335044616,9.443520326371239
10.59,31.22011743976155,131.01343439312157,65.67741565633389,0.3611961392543604,0.35143698576647,5.576864534852104,4.103667801295456,6.228543402017531,0.0,57.77111533517543,36.60506649326703,-42.04530838622689,13.841742994240732,134.2849490415857,2031.3779848119184,1.274,1.0300000015656,0,7.165040683162487,345.0001478400497,0.1698944018000826,3.4319991682455047e-06,-0.0122575389287084,-0.047699876561665,0.0021093205743032,0.5039533409462552,9.21307421031436,57.82631858165913,9.31323039413803
10.6,31.220115360505403,131.0134373858733,65.28682899862784,0.4266416448619465,0.3913808108990398,5.580742171596159,3.980170622584288,6.086296121841407,0.0,57.82126573027121,36.598240673393455,-42.04557948025037,13.867192268230994,134.24695397551943,2034.982761236132,1.274,1.0300000015656,0,7.157989313895682,345.0001478400497,0.1700411348504144,3.386037211129148e-06,-0.0142927021493843,-0.0456455042723861,0.0024617661853232,0.5789639031286256,9.248162813693822,57.88274320618262,9.16675743398158
10.61,31.22011328174399,131.01344037820874,64.8953590969161,0.4905155681033779,0.4299159574185897,5.586841044540261,3.8447696249670895,5.924450883712931,0.0,57.87145774589322,36.59165442962471,-42.047252606141,13.891864186173931,134.21012027916353,2038.593972078234,1.274,1.0300000015656,0,7.150881110297933,345.0001478400497,0.170187987308739,3.3410117776967656e-06,-0.0167010987768498,-0.043362943909476,0.002879192328741,0.6522489842478117,9.282204311829584,57.93898815288345,9.005229847125293
10.62,31.22011120346991,131.0134433701529,64.50300866860813,0.552618505481058,0.466915031080693,5.59523077208874,3.697879060518372,5.743454855485768,0.0,57.921684516502985,36.58530247229022,-42.05056789086108,13.915692923394552,134.17454724076185,2042.211141903988,1.274,1.0300000015656,0,7.143706225744739,345.0001478400497,0.1703349389843159,3.296973261406272e-06,-0.0194746159589476,-0.0408597009810357,0.0033603744802508,0.7234570468036846,9.31502684461974,57.99502654630302,8.82995983094782
10.63,31.220109125675748,131.01344636173,64.10978036849359,0.6127155805144407,0.5022766591822337,5.605961115516983,3.539942965510674,5.543837644492116,0.0,57.97197745704221,36.579178684894366,-42.05575999849688,13.938615655456076,134.1403297007091,2045.8364953904577,1.274,1.0300000015656,0,7.136515202923199,345.0001478400497,0.1704820822605963,3.25396929633496e-06,-0.0226039663220447,-0.0381440405545885,0.0039038828521467,0.7922705395841864,9.34647324088504,58.050873879636605,8.64246099535571
10.64,31.22010704835415,131.01344935296328,63.71567677383093,0.6706692985521862,0.5358579015505829,5.619065073057964,3.3714616898096,5.326158354078765,0.0,58.02228334028378,36.573276002303786,-42.0630573547451,13.960572702698288,134.10755778977483,2049.4662857965445,1.274,1.0300000015656,0,7.129224999435972,345.0001478400497,0.1706292606074682,3.212044477953495e-06,-0.026078483317309,-0.0352248390968485,0.0045080384457772,0.8584450384520523,9.376360824942552,58.106454475554806,8.44444249396233
10.65,31.220104971497904,131.01345234387523,63.320700367448346,0.7262425601962362,0.5675762630259933,5.634553234813128,3.192953627153526,5.091072159305512,0.0,58.072647763834006,36.56758685022155,-42.07268127763792,13.981507570104508,134.0763168214905,2053.1037405057177,1.274,1.0300000015656,0,7.121908537486019,345.0001478400497,0.1707766081156798,3.1712402160523454e-06,-0.0298866618765939,-0.0321118340751742,0.0051710173510299,0.9217124378349242,9.40454381070006,58.16180097662559,8.237849158145083
10.66,31.22010289509982,131.0134553344874,62.92485355762487,0.7792742253459402,0.5973201397404878,5.652416745100767,3.004982082715315,4.839275903052985,0.0,58.12305301788109,36.56210261516858,-42.084845374188056,14.001367176592892,134.0466869006027,2056.747618197547,1.274,1.0300000015656,0,7.114538779901409,345.0001478400497,0.1709240727035308,3.1315943412164545e-06,-0.034015594558809,-0.028815272209157,0.005890741556386,0.9818541983952076,9.430860269437662,58.21687814644021,8.024856612027714
10.67,31.220100819152936,131.01345832482008,62.52813863435136,0.8296068270226893,0.6249866818404438,5.672626511273446,2.8081456659729733,4.571520800964998,0.0,58.17348550801541,36.5568140862292,-42.09975467211822,14.020101835877748,134.01874290204637,2060.396964561995,1.274,1.0300000015656,0,7.107095025250915,345.0001478400497,0.1710716143922945,3.0931409924957672e-06,-0.0384513928802989,-0.0253460859291142,0.00666495483135,1.038666713640802,9.455155952810056,58.271656239575904,7.8078919082797755
10.68,31.22009874365041,131.0134613148925,62.130557795176,0.877038210276915,0.6505070760567981,5.695130801597596,2.6030628682611043,4.2886351974775145,0.0,58.22398104932056,36.551711371869786,-42.11760496171699,14.037665378361524,133.99255423996726,2064.054324983673,1.274,1.0300000015656,0,7.099634946097393,345.0001478400497,0.1712193385023315,3.055910353390704e-06,-0.0431792033334353,-0.0217158466741327,0.0074912306719028,1.0919351753882554,9.477298699817965,58.32616026667011,7.589653681194446
10.69,31.22009666858559,131.01346430472285,61.73211312134622,0.9214770244225324,0.6737677149527354,5.719860375322631,2.390402215002544,3.9914634027736375,0.0,58.27448187191576,36.54678371812746,-42.13858215342064,14.054015253372464,133.96818466765444,2067.715612844283,1.274,1.0300000015656,0,7.09206761068422,345.0001478400497,0.1713670751477103,3.019928392498179e-06,-0.0481829527127383,-0.0179365659926163,0.0083669103397461,1.141509395067927,9.49713553311456,58.38031461787196,7.373100132125993
10.7,31.22009459395208,131.01346729432777,61.33280657184426,0.9627213148605908,0.6947237893911165,5.74672275980811,2.1708384033993564,3.680939791875661,0.0,58.32504112019191,36.54202002390222,-42.16286152211992,14.069112502587496,133.945692271899,2071.384604839373,1.274,1.0300000015656,0,7.084478216588384,345.0001478400497,0.171514980608131,2.985216778446328e-06,-0.0534459659737386,-0.014020968565137,0.009289234780997,1.187193350340066,9.514555851122983,58.43416540387224,7.161471888039751
10.71,31.22009251974363,131.0134702837227,60.93263998537453,1.000670461764763,0.7132916668481228,5.775607951565517,1.9450861901922365,3.358020173273645,0.0,58.375628327402566,36.53740824862859,-42.19060725773125,14.08292195322346,133.92512914300193,2075.0591471658126,1.274,1.0300000015656,0,7.076819065633865,345.0001478400497,0.1716629652882043,2.95179253457986e-06,-0.0589503422693933,-0.0099820836485237,0.0102552100804994,1.2288509439995856,9.529433335509465,58.48766902627167,6.958254593040998
10.72,31.22009044595438,131.01347327292177,60.53161506843489,1.0351962317306225,0.7294151419546424,5.806386866663188,1.7138790063846243,3.023714001074824,0.0,58.4262482674628,36.5329359812841,-42.221971726798536,14.095412133501211,133.90654146280187,2078.7395858592454,1.274,1.0300000015656,0,7.069098411755383,345.0001478400497,0.1718110432242885,2.919668024934012e-06,-0.0646775208691937,-0.0058334827717232,0.0112617211533178,1.26634110424675,9.541662601594116,58.54082143514939,6.767152728746457
10.73,31.22008837257867,131.01347626193748,60.12973339631005,1.0661698026582045,0.7430520303830702,5.838912188565431,1.4779673461131455,2.6790800713984715,0.0,58.47691663176773,36.528590199476376,-42.25709501672337,14.106555386627043,133.88996930169688,2082.4270457826824,1.274,1.0300000015656,0,7.061341980650995,345.0001478400497,0.1719592605565635,2.88885073688366e-06,-0.0706081235955544,-0.0015891187231687,0.0123055015400328,1.299530930217966,9.551152217567012,58.59363170003258,6.59202192433544
10.74,31.22008629961116,131.01347925078093,59.72699640511844,1.093533714089484,0.7541381089148622,5.873022629840338,1.2381334514670868,2.325192257341089,0.0,58.52759443567175,36.52435731333169,-42.29610441614109,14.116327893014292,133.87544655800383,2086.118758207688,1.274,1.0300000015656,0,7.053488075708607,345.0001478400497,0.1721075026425599,2.8593431737366414e-06,-0.0767219493415967,0.0027367556753608,0.0133831178078267,1.3283339990305194,9.55780699115651,58.64605075244621,6.436760698352663
10.75,31.22008422704689,131.01348223946167,59.323405383859125,1.1171450581533466,0.762666925109958,5.9085392727733375,0.9951570577720577,1.9631942078532656,0.0,58.57833182265717,36.52022346951182,-42.33911390506292,14.124709660926476,133.8630009504027,2089.818303780731,1.274,1.0300000015656,0,7.045617455378508,345.0001478400497,0.1722559169325187,2.83114281987168e-06,-0.0829983738362693,0.0071294494771862,0.014491069207462,1.352627150233341,9.561569067545086,58.69812772538376,6.305180838428588
10.76,31.22008215488116,131.01348522798767,58.91896148037625,1.136990522282696,0.7685812075395096,5.945273758971956,0.7498537704976563,1.59422138372224,0.0,58.62907191071411,36.51617411369448,-42.38622384940169,14.131684649227424,133.85265382091632,2093.521632819184,1.274,1.0300000015656,0,7.037639559950704,345.0001478400497,0.1724043361551178,2.804241963212835e-06,-0.0894158673695136,0.0115741818000275,0.0156256591109536,1.372365467802768,9.562363500337904,58.749796743810485,6.200814669587161
10.77,31.220080083109742,131.01348821636526,58.51366569141685,1.1529531850090224,0.7718910873555479,5.983023436462131,0.5030299515659978,1.2194750856266712,0.0,58.67986376556097,36.51219465314722,-42.437520477841126,14.137240665067504,133.84442027954472,2097.2322541694334,1.274,1.0300000015656,0,7.029633480144072,345.0001478400497,0.1725529045897039,2.778627811098572e-06,-0.095952724193616,0.0160557681236289,0.0167831725249491,1.3874568366355036,9.560157956003884,58.8011084663846,6.126722456411078
10.78,31.22007801172871,131.01349120459915,58.107518859648536,1.1650203526425906,0.7725692563203634,6.021578863192341,0.2555159795788655,0.8401533842949184,0.0,58.730673330038016,36.50826986425904,-42.49307572185405,14.141369526706766,133.83830896305636,2100.9477423634703,1.274,1.0300000015656,0,7.0215450153928485,345.0001478400497,0.17270152208423,2.7542823265272497e-06,-0.1025864778522078,0.0205590291518286,0.0179597260477302,1.3978746070905697,9.554910781283224,58.85202454771812,6.085273874741146
10.79,31.22007594073458,131.01349419269232,57.70052168061777,1.173136510691435,0.7706253749762214,6.0607222828704845,0.0081396685350338,0.4574909956154052,0.0,58.78151731892808,36.50438447941831,-42.55294678984013,14.144066958438426,133.83432219929728,2104.6692989293474,1.274,1.0300000015656,0,7.013401369647741,345.0001478400497,0.1728502377858507,2.7311823953820466e-06,-0.1092944896984788,0.0250685585374501,0.0191514058020065,1.403577482575103,9.546608177353068,58.90256322012854,6.077969961702332
10.8,31.22007387012429,131.01349718064614,57.2926746828668,1.1772822965579104,0.7660663194621342,6.100231466067184,-0.2382647649800347,0.072734160557969,0.0,58.832391683011856,36.50052288034346,-42.61717603758305,14.145332693189808,133.83245587189458,2108.3966415088985,1.274,1.0300000015656,0,7.005196384506019,345.0001478400497,0.1729990397831052,2.7092997950987232e-06,-0.1160537075130741,0.0295689469287968,0.0203542052393732,1.4045528179096534,9.535244770691309,58.952721513838185,6.105316068471741
10.81,31.22007179989521,131.0135001684602,56.88397824781531,1.177459049850704,0.7589040625378056,6.139882069255446,-0.4828597110727164,-0.3128628076951499,0.0,58.88328568055168,36.49666932211135,-42.68579073779028,14.145170445332957,133.8326994856831,2112.129006615096,1.274,1.0300000015656,0,6.996913010898749,345.0001478400497,0.1731478964849124,2.688601333389805e-06,-0.1228408710771019,0.0340447625198474,0.0215640639471861,1.400808377244649,9.52082769953678,59.00249056631292,6.166781045357509
10.82,31.220069730045136,131.0135031561325,56.474432600812825,1.173646470000046,0.7491768985901232,6.179448094385041,-0.724816970305354,-0.69802307835991,0.0,58.9342203269507,36.492807985430645,-42.75880296296746,14.14358793484088,133.83503616450972,2115.867908312736,1.274,1.0300000015656,0,6.98858539382524,345.0001478400497,0.1732968696827791,2.669048968035489e-06,-0.1296326313231476,0.0384805801735994,0.0227769025703704,1.3923482170555068,9.503386966750409,59.051897405690326,6.2608445604059355
10.83,31.22006766057233,131.01350614365913,56.06403780020282,1.1658976633585405,0.7369017326193472,6.218707468079839,-0.9633010538632558,-1.0814871304838505,0.0,58.985162413981264,36.4889228727052,-42.836209540381454,14.14059692739758,133.83944263400883,2119.6109691460374,1.274,1.0300000015656,0,6.980160072377151,345.0001478400497,0.1734458617221681,2.650599931416926e-06,-0.136405429155873,0.0428611420774701,0.0239885696501381,1.379226802141512,9.482952272452176,59.10091147630256,6.385130061896016
10.84,31.22006559147552,131.01350913103468,55.6527937591922,1.1541969137496988,0.7221452235383553,6.257439609443858,-1.1974997670353569,-1.4619657229535132,0.0,59.0361529831792,36.4849981636785,-42.9179919639601,14.13621319147731,133.8458893348795,2123.361144172484,1.274,1.0300000015656,0,6.971703546596164,345.0001478400497,0.1735949932804612,2.63320698652996e-06,-0.143135916021316,0.0471712240756117,0.0251949648240386,1.3614674787919347,9.459587556288264,59.14958428636964,6.536581670336386
10.85,31.22006352275392,131.01351211825192,55.24070023093928,1.1386434929843985,0.7049316491777612,6.295433482631825,-1.426591802386872,-1.8382089357428235,0.0,59.08714144505693,36.48101783891608,-43.00411652285193,14.130456593601584,133.85434034068888,2127.1148017896608,1.274,1.0300000015656,0,6.963133997711838,345.0001478400497,0.1737441155939634,2.616818549411388e-06,-0.1498005640856086,0.0513959423038319,0.0263919036358527,1.33916847815204,9.43334594482788,59.19786905599398,6.711680787725535
10.86,31.22006145440721,131.013515105302,54.82775681153489,1.1192315815706737,0.6853526905989099,6.3324828327882265,-1.6497909792246483,-2.2089337473089965,0.0,59.13818373071109,36.47696628077515,-43.09453425793574,14.123350999220287,133.86475356892075,2130.8759736059897,1.274,1.0300000015656,0,6.954542116407823,345.0001478400497,0.1738933931208516,2.6013790636442746e-06,-0.1563763271569925,0.0555204900795104,0.0275753172237945,1.312374907027953,9.404323273437637,59.24583611238902,6.906629959878348
10.87,31.220059386435565,131.0135180921743,54.413962951931005,1.0961004949175217,0.6634422630866128,6.368395905870125,-1.866302254483824,-2.572914895933968,0.0,59.18921705247784,36.472827682199615,-43.1891812502519,14.114924409416874,133.8770806528643,2134.640142711809,1.274,1.0300000015656,0,6.945825998967364,345.0001478400497,0.1740426412299253,2.586829130507109e-06,-0.1628400423340365,0.0595305551928923,0.028741048127951,1.2812252861210212,9.372596242586056,59.29342799068008,7.117544631452175
10.88,31.220057318839647,131.01352107885677,53.99931794899325,1.0692595589217224,0.63931336973672,6.402988976982248,-2.0753753367312937,-2.928894568998999,0.0,59.2403068653876,36.468586832278326,-43.28797863672887,14.105208816018736,133.89126723266443,2138.4120343032987,1.274,1.0300000015656,0,6.937091931029864,345.0001478400497,0.174192052381962,2.573105981415224e-06,-0.1691692679954057,0.0634119618237337,0.029885111376689,1.2457889622819962,9.338289844670104,59.34072789084421,7.340563603973508
10.89,31.22005525162057,131.0135240653356,53.58382095842302,1.0388810573451657,0.6130118723331096,6.436096867810968,-2.2762535144560694,-3.275687113120416,0.0,59.29138385341709,36.46422837165581,-43.39083304273132,14.094240364483705,133.90725280175005,2142.186652153764,1.274,1.0300000015656,0,6.928227050947994,345.0001478400497,0.1743414227506981,2.560143623565524e-06,-0.1753415401449713,0.0671511616415985,0.0310034381064287,1.206240533287051,9.30150394898084,59.387673696073605,7.571974578469141
10.9,31.220053184780035,131.01352705159545,53.16747099078066,1.0049949722353004,0.5846678861768883,6.4675654827131375,-2.468231964918985,-3.6120791613893055,0.0,59.34251711646721,36.459737696298966,-43.49763667109462,14.0820591736393,133.9249710595273,2145.968992916212,1.274,1.0300000015656,0,6.919343745704228,345.0001478400497,0.174490955512067,2.547873386578955e-06,-0.1813353183626016,0.0707348180086206,0.032092178286194,1.1626763835991816,9.262389133310286,59.43435493941232,7.808244884349691
10.91,31.22005111832011,131.01353003761952,52.75026691943677,0.9677987323903464,0.5543414797652257,6.497262205691862,-2.6506041618769256,-3.9369394124699775,0.0,59.39363678370529,36.45510012860048,-43.608267859683046,14.06870950690449,133.94434975568217,2149.754011197531,1.274,1.0300000015656,0,6.910327886008568,345.0001478400497,0.1746404452097947,2.536224090752949e-06,-0.1871291678360688,0.0741503303300643,0.0331474140971228,1.1153024865971044,9.221067506235158,59.48071118124516,8.046092873558607
10.92,31.220049052243446,131.01353302338947,52.332207487531214,0.9273474431069614,0.5221758242119026,6.525068159625068,-2.822720209966905,-4.249117641963499,0.0,59.44481038858936,36.45030186540402,-43.72259125828412,14.05423956792172,133.96531108440183,2153.5465990794805,1.274,1.0300000015656,0,6.901289490955806,345.0001478400497,0.1747900904114625,2.5251226405307e-06,-0.192702737329828,0.0773854008342719,0.0341654802336941,1.0642448315537505,9.17771111861773,59.526832439790674,8.28246730188257
10.93,31.220046986553086,131.01353600888572,51.913291307970816,0.8838581554600162,0.4882459135182449,6.550887767764262,-2.983934640008063,-4.5475523907823705,0.0,59.49597107247256,36.44532913561413,-43.840458489146194,14.038701660207288,133.98777155203908,2157.341920109453,1.274,1.0300000015656,0,6.892118989302085,345.0001478400497,0.1749396945192039,2.5144942213755925e-06,-0.1980359371931414,0.0804285527198396,0.0351426697629689,1.0097377884038468,9.132462158599022,59.572663633033656,8.514589199050882
10.94,31.220044921252644,131.01353899408707,51.49351687038897,0.8374137850425685,0.4527044548812564,6.5746412129620895,-3.133661544716829,-4.831174758720388,0.0,59.54718091776982,36.44016913185258,-43.96170842316494,14.022151967824378,134.01164239547535,2161.144479711428,1.274,1.0300000015656,0,6.882917665235527,345.0001478400497,0.1750894400702202,2.5042629133402298e-06,-0.2031098916946991,0.0832687093309962,0.0360755523133542,0.9519393770750424,9.08550967891729,59.61829082736638,8.739907968927
10.95,31.220042856346083,131.01354197897135,51.07288255506073,0.788242233888765,0.4156433153457714,6.596272481039508,-3.2713275174986176,-5.09900671342439,0.0,59.59838221464245,36.434809204444086,-44.08616792693704,14.004650688944883,134.0368294900869,2164.9500965013294,1.274,1.0300000015656,0,6.873590595292043,345.0001478400497,0.1752391573687562,2.494351914556971e-06,-0.2079061606630932,0.0858956795243693,0.0369606921727817,0.8911084588903024,9.0370140989989,59.66367074129877,8.956129958548491
10.96,31.220040791837928,131.01354496351493,50.65138662196773,0.7364600241274774,0.3772193594767488,6.615742782113852,-3.396418597728696,-5.350079146009345,0.0,59.64962470166078,36.42923771380424,-44.213652244508815,13.986261806989209,134.0632337800858,2168.7623873290268,1.274,1.0300000015656,0,6.864218983507662,345.0001478400497,0.1753889926547705,2.4846841495728417e-06,-0.2124075986411023,0.0882997832883444,0.0377949368924261,0.8274418261939297,8.987175377545366,59.70887775202728,9.1611712525557
10.97,31.220038727733044,131.01354794769318,50.229027240620354,0.6822967914281282,0.3375430916498285,6.633036262542492,-3.508443569336725,-5.583510472392238,0.0,59.70086593571202,36.42344334241328,-44.34396580437652,13.9670531757444,134.09075125443863,2172.5782729040266,1.274,1.0300000015656,0,6.854732684370967,345.0001478400497,0.17553882112286,2.475182524511481e-06,-0.2165977062593062,0.0904722586504854,0.0385751810500107,0.7612219548820749,8.936170020223665,59.75388677386434,9.35317783080904
10.98,31.220036664036808,131.01355093148038,49.80580247216322,0.6259069706833446,0.2967706067279669,6.6481550735607176,-3.606967769770298,-5.798448637665238,0.0,59.752137539658165,36.41741577866928,-44.47690272174371,13.94709629465515,134.11927336509015,2176.4000583837183,1.274,1.0300000015656,0,6.845183233655443,345.0001478400497,0.175688735745381,2.4657704959565445e-06,-0.2204613068985811,0.0924049780483246,0.0392985909162498,0.6926967774517877,8.884202389242672,59.79875394911097,9.530487342099285
10.99,31.22003460075493,131.01355391484984,49.38171030416785,0.5675128154248797,0.255032486517227,6.661122137552171,-3.6915913839109225,-5.994120456370163,0.0,59.80341815511549,36.41114523070203,-44.61224763686212,13.926466322459207,134.1486870989627,2180.2261942027494,1.274,1.0300000015656,0,6.835534980630242,345.0001478400497,0.1758386737131529,2.4563723624553075e-06,-0.2239841088917679,0.0940907352014749,0.0399624468170019,0.6221818365981276,8.831462705288686,59.84347843213431,9.691639444522696
11.0,31.22003253789359,131.01355689777398,48.95674862776757,0.5073108998397134,0.2124789184023705,6.671978455622211,-3.7619654217053857,-6.1698071179447975,0.0,59.85471540458068,36.404622858256126,-44.74977634859234,13.905241867797764,134.1788753638857,2184.0572402104635,1.274,1.0300000015656,0,6.825799944656503,345.0001478400497,0.1759886574294417,2.446913762509028e-06,-0.22715311726056,0.0955230914932329,0.0405642700659892,0.5500095090452721,8.778152531473204,59.88809143853385,9.835354605657907
11.01,31.220030475459257,131.01355988022442,48.53091528438009,0.4455065438394982,0.1692619306847618,6.680782437171017,-3.8177896460570473,-6.324854353439648,0.0,59.90603494543495,36.39784057208648,-44.889256654389214,13.883504908690934,134.20971718391883,2187.893614734194,1.274,1.0300000015656,0,6.815986950229576,345.0001478400497,0.1761387035190061,2.437322006941914e-06,-0.2299564891988234,0.0966965021678955,0.0411017783746287,0.4765764412999501,8.724473509782625,59.93262250866115,9.960529822583615
11.02,31.22002841345881,131.01356286217217,48.10420803091289,0.3823426462796715,0.1255204770840485,6.687609963617543,-3.8588059813863858,-6.458691450003454,0.0,59.95735440065797,36.39079112649952,-45.03044912586427,13.861340610814036,134.2410880316146,2191.7336880180155,1.274,1.0300000015656,0,6.806058385497847,345.0001478400497,0.1762887461783912,2.4275264745274616e-06,-0.2323835944146446,0.0976063325694153,0.0415728793311482,0.4024190048488633,8.670616601935778,59.9770710953208,10.06624090084316
11.03,31.220026351899456,131.01356584358751,47.676624583503376,0.3179976353658122,0.0814293568577748,6.692549925572648,-3.8848207606283696,-6.570791869803381,0.0,60.00871248896892,36.38346829289555,-45.17310791839891,13.838837129705553,134.27286017435264,2195.580295155864,1.274,1.0300000015656,0,6.79607780057527,345.0001478400497,0.17643889924029,2.4174589913700045e-06,-0.234425250639402,0.0982487825723417,0.041975774957448,0.3282577770186,8.616792865686511,60.02150337812754,10.151717226398983
11.04,31.220024290788665,131.01356882444034,47.248162611553695,0.2527649198050229,0.0371108009627296,6.695707467073081,-3.895670786981138,-6.660746258378017,0.0,60.06005071887528,36.37586652076664,-45.31698169952706,13.816085470672096,134.30490292998533,2199.429161647336,1.274,1.0300000015656,0,6.785947564573632,345.0001478400497,0.1765889907169268,2.4070540932208685e-06,-0.2360733418980173,0.0986211131099153,0.0423087847055581,0.255474670559284,8.56317440392227,60.06588006945136,10.216373626862577
11.05,31.220022230134266,131.01357180470004,46.81881973971821,0.1868109898876942,-0.0072485918048351,6.697196505859199,-3.8912681201979904,-6.72817601047739,0.0,60.11142485946929,36.367981578995135,-45.461814393953375,13.793179150553488,134.33708319199303,2203.2843737114567,1.274,1.0300000015656,0,6.775759583167988,345.0001478400497,0.1767391845719221,2.396249460250012e-06,-0.2373215252690701,0.0987213273078268,0.042570620564901,0.1869515654916522,8.509971572499724,60.11028625333418,10.259764180980248
11.06,31.22002016994424,131.0135747843358,46.388593578720645,0.1204079444346884,-0.0515120041363734,6.697142469177594,-3.871562353980368,-6.772813122642176,0.0,60.162800604444016,36.35980980601673,-45.60734627592237,13.770214115301432,134.36926558356248,2207.1434231825847,1.274,1.0300000015656,0,6.765456230009629,345.0001478400497,0.1768893799278902,2.384986022608252e-06,-0.2381644670239088,0.098548572814251,0.0427601082647565,0.1309639482706192,8.457355075376551,60.154709118845744,10.281620004038967
11.07,31.22001811022692,131.0135777633166,45.95748171541246,0.0537797121325902,-0.0955185160154922,6.695677966651957,-3.836563449560189,-6.794456608782144,0.0,60.214187284839554,36.351348805869705,-45.75331468932442,13.747288303167124,134.40131309866288,2211.006997534927,1.274,1.0300000015656,0,6.75505232045899,345.0001478400497,0.1770396042103165,2.37320838067733e-06,-0.2385984953111777,0.0981028404363589,0.0428763993083661,0.1096177068712231,8.405505657628265,60.19918327837977,10.281826838856654
11.08,31.22001605099072,131.01358074161135,45.52548172867815,-0.0128556386202107,-0.1391046875394046,6.692940708559384,-3.786339301674583,-6.7929792665000175,0.0,60.26560027780309,36.3425970729517,-45.89945508731941,13.72450144423396,134.43308739901917,2214.8762311138184,1.274,1.0300000015656,0,6.744572870518977,345.0001478400497,0.1771899026205948,2.360864931429746e-06,-0.2386213143818667,0.0973851181582662,0.0429188945749802,0.1396974631647041,8.354599189149443,60.24374978604627,10.260428253771675
11.09,31.220013992244315,131.01358371918883,45.09259120036992,-0.0792121825620718,-0.1821411335913585,6.689073847764472,-3.720998004729805,-6.768366089237631,0.0,60.31699595841685,36.33355404782469,-46.04550193154315,13.70195470834504,134.464449311473,2218.747921560235,1.274,1.0300000015656,0,6.733944332295296,345.0001478400497,0.1773401468851318,2.347908083373372e-06,-0.2382319756963684,0.0963974118538707,0.042887193823346,0.1986200928305028,8.304778285528242,60.28838534424542,10.21764721498994
11.1,31.220011933996503,131.0135866960183,44.65880772425493,-0.145107224711627,-0.2244507389616079,6.684220124436443,-3.6407200780578015,-6.720647738708981,0.0,60.368419941827376,36.32422045706054,-46.19118957546572,13.679750310146447,134.49525937196492,2222.6254262665657,1.274,1.0300000015656,0,6.723242216221692,345.0001478400497,0.1774904711094588,2.3342944728670654e-06,-0.2374313067054783,0.0951425416470761,0.0427812795958137,0.2672716467838399,8.256213520895317,60.333163392371645,10.153853819437646
11.11,31.22000987625613,131.013589672069,44.22412891794348,-0.2102779801506129,-0.2658982337254013,6.678522784641321,-3.545728255031171,-6.649963526784022,0.0,60.4198469881752,36.31459772617648,-46.33625335632755,13.657991265489128,134.5253781466874,2226.506892531914,1.274,1.0300000015656,0,6.712423645760226,345.0001478400497,0.1776408010752357,2.319984955228125e-06,-0.2362212788662965,0.0936244401030246,0.0426012907268491,0.3389961389176919,8.209035271193537,60.37807994121483,10.069601300501299
11.12,31.22000781903224,131.01359264731053,43.7885524238838,-0.2744888964488632,-0.3063392470115104,6.672122597943512,-3.436300667490664,-6.556533159767013,0.0,60.47127339018478,36.304688529471846,-46.48043037329782,13.636780859481366,134.55466694101136,2230.392049407287,1.274,1.0300000015656,0,6.701481649711806,345.0001478400497,0.1777911258733938,2.3049448350734647e-06,-0.2346055131072008,0.0918479004995307,0.0423476803456521,0.4113236810472075,8.16337210093692,60.42315396305016,9.965616353969766
11.13,31.2200057623338,131.01359562171305,43.352075930237774,-0.3375394266195607,-0.3456175870094757,6.665154922491114,-3.3127760382310742,-6.440643858045359,0.0,60.522723047733166,36.29449654145728,-46.62346051048873,13.61622230408774,134.58298823271411,2234.2826632789147,1.274,1.0300000015656,0,6.690455675764627,345.0001478400497,0.1779415157623205,2.289143856166933e-06,-0.2325891190605976,0.0898186377165687,0.0420211920377424,0.4830972977298297,8.119354021265682,60.46843389335624,9.842797799734733
11.14,31.220003706169862,131.0135985952473,42.91469717088086,-0.3991653922164604,-0.3836135585697788,6.657749987948934,-3.17553292036939,-6.302692389969089,0.0,60.57416136309494,36.284026316091655,-46.765087376560125,13.5964183116145,134.6102062099552,2238.1761839256383,1.274,1.0300000015656,0,6.679286886536965,345.0001478400497,0.178091869012455,2.2725562120093267e-06,-0.2301784825449523,0.0875433651525602,0.0416227625047153,0.5536153825757929,8.07707259907717,60.51390393642262,9.70224590458096
11.15,31.22000165054948,131.01360156788462,42.47641394031397,-0.4591685927687205,-0.4201825730295882,6.650029356931636,-3.0250100397746285,-6.143138477668341,0.0,60.62560652220193,36.27328365490342,-46.90505913425083,13.57747056590137,134.63618743807848,2242.0739561265136,1.274,1.0300000015656,0,6.668005132977314,345.0001478400497,0.178242239082867,2.2551606199398385e-06,-0.2273816740126621,0.0850295758845284,0.0411536742157423,0.6224029334470039,8.036632044003811,60.5596049895832,9.545246279934279
11.16,31.219999595481564,131.01360453959717,42.037224098633615,-0.5173481895692794,-0.4551890346723152,6.642104570667516,-2.861697585673132,-5.962519372263047,0.0,60.67706962270202,36.262275189283685,-47.04312952600574,13.559479356016618,134.66080129195075,2245.976804694037,1.274,1.0300000015656,0,6.656628507052145,345.0001478400497,0.1783926585918953,2.2369401816810675e-06,-0.2242080404867895,0.0822856991705869,0.0406154406721619,0.6890867692211936,7.998121939610227,60.60556944847367,9.37328669486546
11.17,31.21999754097503,131.01360751035804,41.59712558445596,-0.5734567954944472,-0.4885281274055024,6.634077324973935,-2.686123183421808,-5.761475891869796,0.0,60.72851614915119,36.25100850033835,-47.17905869185574,13.542543035632123,134.6839206175607,2249.8821775901174,1.274,1.0300000015656,0,6.6450980670458,345.0001478400497,0.1785430260539835,2.2178823688145047e-06,-0.2206682284570763,0.0793210491625107,0.0400097863798907,0.7533289177283999,7.961597809276055,60.6517792601468,9.188081636709933
11.18,31.219995487038656,131.01361048014127,41.15611641889304,-0.6273191687137026,-0.5200698741028201,6.626036627234647,-2.498871160071623,-5.540705130529693,0.0,60.77996741485202,36.23949234512591,-47.31261399172164,13.526757493123128,134.70542236873905,2253.791654052964,1.274,1.0300000015656,0,6.633449102824819,345.0001478400497,0.1786934041225394,2.19797897295288e-06,-0.2167744881466437,0.0761456405102782,0.0393387713024763,0.8148565551810603,7.9271312232881,60.698276151837625,8.99155891954064
11.19,31.219993433681008,131.01361344892192,40.714194719470655,-0.6787519514006898,-0.5496983522242119,6.618058104306022,-2.300571069166388,-5.300979192837796,0.0,60.83143100025411,36.22773622710709,-47.44357097144325,13.512215756836667,134.72518805121317,2257.7057995588257,1.274,1.0300000015656,0,6.62169386475015,345.0001478400497,0.1788438150754513,2.177225882590609e-06,-0.212540221435653,0.0727703452765634,0.0386046627366758,0.8734176288956979,7.894776375172119,60.74508590963247,8.785880759443259
11.2,31.219991380910542,131.01361641667623,40.271358701122814,-0.7275428943726325,-0.5773222742536152,6.610204349080361,-2.0918876884122444,-5.043160593894881,0.0,60.88288229873466,36.21575055157728,-47.571714097367256,13.499007423609951,134.7431044005363,2261.622790253956,1.274,1.0300000015656,0,6.609790019193327,345.0001478400497,0.1789941865611441,2.155623003456233e-06,-0.2079800397531345,0.0692068098273092,0.0378099360273712,0.928763563779656,7.8645604114918175,60.79219826248974,8.573462801770695
11.21,31.219989328735466,131.01361938338192,39.82760668712713,-0.7735235917262975,-0.602841059178184,6.602523745917405,-1.873530681131344,-4.7681734966279485,0.0,60.93432622124028,36.203546754753376,-47.69683751163272,13.48721813011762,134.7590639949269,2265.542990707106,1.274,1.0300000015656,0,6.597745215042958,345.0001478400497,0.1791445330101835,2.133174126847179e-06,-0.2031099573162654,0.0654673069440967,0.0369573504012787,0.9806803810660976,7.836515802272616,60.839633916247394,8.35696808193551
11.22,31.21998727716371,131.01362234901777,39.38293711506975,-0.8165459389536026,-0.6261567857094417,6.595049836865735,-1.64625186853059,-4.477001402752575,0.0,60.9857764975928,36.19113703560254,-47.81874587537696,13.476929131040968,134.77296571856368,2269.4674231147087,1.274,1.0300000015656,0,6.585582216017204,345.0001478400497,0.1792948947801001,2.109886677349994e-06,-0.1979471167864074,0.0615647946545563,0.0360498858546748,1.0289766987034807,7.810670914654452,60.88742197750154,8.139310113617231
11.23,31.219985226202954,131.01362531356412,38.937348549769695,-0.8564511241685812,-0.647189541433642,6.587801828287584,-1.4108365412326476,-4.170697699975728,0.0,61.03722865212633,36.17853432162431,-47.93725506741319,13.46821679347151,134.7847153352396,2273.395757108761,1.274,1.0300000015656,0,6.573292899519326,345.0001478400497,0.1794452587049669,2.0857715301641426e-06,-0.1925096643903453,0.0575129016093504,0.0350907050077683,1.073467108813721,7.787036320194656,60.93557051848169,7.923655215836272
11.24,31.219983175860573,131.01362827700282,38.49083967830825,-0.8930594425455496,-0.6658827595380258,6.58078579292594,-1.1680946273799988,-3.8503962379316543,0.0,61.08865088210774,36.16575235084613,-48.052192812148085,13.461152076216308,134.79422607989483,2277.325623663516,1.274,1.0300000015656,0,6.56082242745665,345.0001478400497,0.1795955312800698,2.0608428470931075e-06,-0.1868168257162114,0.0533258183589658,0.0340831640952596,1.1139654880585943,7.765600051336376,60.98405661741348,7.713412856833746
11.25,31.219981126143576,131.01363123931728,38.04340932394735,-0.9262756160079147,-0.6821539623561111,6.573993749975143,-0.9188786749352508,-3.5172608473196734,0.0,61.14007312430964,36.15280575452122,-48.16339933639838,13.455800085315818,134.80141914639572,2281.259252585433,1.274,1.0300000015656,0,6.54822130724448,345.0001478400497,0.1797458005109293,2.035117855929941e-06,-0.1808890494016427,0.0490181555541776,0.0330308906501952,1.1503390824210995,7.746377546189406,61.032923161911086,7.512180489847865
11.26,31.21997907705857,131.01363420049256,37.5950564511005,-0.9559781721467028,-0.6959476204671229,6.567404792600277,-0.6640652573677602,-3.1725165333893632,0.0,61.191492689618,36.13970958731558,-48.270728088962464,13.45221974175663,134.806224025596,2285.196444726846,1.274,1.0300000015656,0,6.535484503782825,345.0001478400497,0.1798960584851426,2.0086165257156846e-06,-0.1747474641122075,0.0446051027055892,0.0319376305495028,1.1824518635693173,7.729360887669724,61.0821761811581,7.323704631574164
11.27,31.21997702861184,131.01363716051543,37.14578016433938,-0.9820583798425316,-0.7072171563092213,6.560986393720499,-0.4045551623952575,-2.8174380755319075,0.0,61.24290682988626,36.12647959245308,-48.37404618071402,13.45046327599602,134.80857907838455,2289.136995788034,1.274,1.0300000015656,0,6.522606880999534,345.0001478400497,0.1800462971172148,1.981361431630332e-06,-0.1684140549115674,0.0401022634196033,0.0308073001049741,1.210184195367249,7.714537444916171,61.131820239588336,7.151794505399544
11.28,31.219974980809152,131.01364011937437,36.69557972131802,-1.0043881843230755,-0.7159403997335851,6.554696351236882,-0.1412621622772133,-2.453364077597905,0.0,61.294285347951735,36.11313208352295,-48.47323490325621,13.450575859742251,134.8084319274558,2293.078646925868,1.274,1.0300000015656,0,6.509536130163254,345.0001478400497,0.1801964276259268,1.9533775209927446e-06,-0.1619115862827796,0.0355256001960138,0.02964395943991,1.233415491793468,7.701875015175557,61.18182861945501,7.000213893350485
11.29,31.219972933655896,131.0136430770598,36.24445452482033,-1.0229196615958616,-0.7220731671353003,6.548483064239335,0.1248710209521929,-2.0816486006320614,0.0,61.34565423155478,36.09968405542488,-48.56819019990894,13.452595273749395,134.8057398056852,2297.0233388682445,1.274,1.0300000015656,0,6.49631637131878,345.0001478400497,0.1803465264069119,1.9246918873078875e-06,-0.1552637358634514,0.0308912839138606,0.0284518791537268,1.252077831024612,7.691370413670789,61.23223424605876,6.872516577718561
11.3,31.21997088715692,131.0136460335638,35.79240414264334,-1.037584519411742,-0.7255968360080066,6.542287213778848,0.3928900824994147,-1.7036882668613065,0.0,61.39701061008582,36.08615272836889,-48.658823193999886,13.456551707232988,134.8004697349481,2300.9708561235325,1.274,1.0300000015656,0,6.482942310099598,345.0001478400497,0.1804965850160052,1.8953334514649207e-06,-0.1484945734117388,0.0262158275694111,0.0272354022095327,1.2661022265377262,7.683001743698346,61.28303717214622,6.771885875820817
11.31,31.21996884131659,131.01364898888053,35.33942829368004,-1.048328563454325,-0.7265023405209802,6.536043809751781,0.6618297359711943,-1.320910934353318,0.0,61.44835149994105,36.07255577579002,-48.74506044768993,13.462467414003408,134.79259890345986,2304.920973932827,1.274,1.0300000015656,0,6.46940846074012,345.0001478400497,0.1806465946773586,1.8653328272174905e-06,-0.1416286996905515,0.0215159278140874,0.0259989847706156,1.2754369947378654,7.676745388116148,61.33423583710505,6.700947170281559
11.32,31.21996679613877,131.01365194300593,34.885526858855805,-1.0551118999037774,-0.7247902412304844,6.529684042047082,0.9307172279700628,-0.9347706698216484,0.0,61.499673848832586,36.058911203441525,-48.8268442803039,13.470356510797329,134.7821148611229,2308.873461560107,1.274,1.0300000015656,0,6.455709230000812,345.0001478400497,0.1807965464137093,1.834722107250056e-06,-0.1346911586043683,0.0168084041476426,0.0247471805216161,1.2800479018668691,7.67257652032883,61.385827100355854,6.6615917356562315
11.33,31.219964751626783,131.01365489593792,34.430699879140526,-1.057887996113396,-0.7204805984276256,6.523137638854003,1.19858116216073,-0.5467546788174295,0.0,61.55095683093608,36.04523728500221,-48.904133032941736,13.480224825288248,134.769015657696,2312.8267517201616,1.274,1.0300000015656,0,6.441808253212448,345.0001478400497,0.1809463789979949,1.803534659303284e-06,-0.1277073473987377,0.0121101371974533,0.0234846177665667,1.2799063699801208,7.670459190923132,61.43778698572596,6.654837498882229
11.34,31.219962707783363,131.01365784767634,33.97494755853188,-1.0566668373103063,-0.7135835407494334,6.516334229266442,1.4644429750681855,-0.1583500985769181,0.0,61.60221460525285,36.03155260649188,-48.97690127821915,13.492069796101408,134.75330992146485,2316.781903075913,1.274,1.0300000015656,0,6.427729657777991,345.0001478400497,0.1810961340519716,1.771804937736474e-06,-0.1207030654529426,0.0074379454184341,0.0222160295772465,1.2750249186178264,7.670377475296731,61.49012806249277,6.680739462698373
11.35,31.21996066461067,131.01366079822307,33.51827026703874,-1.0514548125837415,-0.704127339655069,6.509205244452579,1.7273285523333013,0.2289430967596196,0.0,61.65344597665759,36.01787574366946,-49.04514004409867,13.5058804872894,134.73501679628282,2320.738822077561,1.274,1.0300000015656,0,6.413471109945236,345.0001478400497,0.1812458080595645,1.7395682454667653e-06,-0.1137041428293064,0.0028086433137607,0.0209461649232273,1.2654235950411492,7.672306167563876,61.54284469681367,6.738384953656825
11.36,31.219958622110298,131.01366374758183,33.06066853272869,-1.0422706329973923,-0.6921508875226249,6.501686151792906,1.986270990404697,0.6136196473796184,0.0,61.70464764692308,36.00422536116646,-49.108856841844165,13.52163753772534,134.714165975507,2324.6972563588847,1.274,1.0300000015656,0,6.399026644588018,345.0001478400497,0.1813953913225487,1.706860621690158e-06,-0.1067364671127125,-0.0017610742159574,0.0196797994590649,1.2511387124469973,7.676218578123239,61.59592748412414,6.825959590811331
11.37,31.21995658028322,131.0136666957585,32.60214304371734,-1.0291476816901648,-0.6777024643872014,6.493718429447286,2.2403140799550463,0.9941749995030498,0.0,61.75581624742348,35.99062012397083,-49.16807569669002,13.539313217661231,134.69079760434,2328.656947343464,1.274,1.0300000015656,0,6.384390181681761,345.0001478400497,0.181544873936273,1.67371869720795e-06,-0.0998259040760933,-0.00625470157281,0.0184217217401148,1.2322240811877625,7.682087593760145,61.649365475455824,6.940876756392166
11.38,31.219954539129816,131.01366964276065,32.14269465512804,-1.0121339180357871,-0.6608395872911191,6.485251430110428,2.488515982208381,1.369110894578832,0.0,61.80694833838644,35.97707862331391,-49.222837127988846,13.558871547269268,134.6649621107724,2332.6176301623627,1.274,1.0300000015656,0,6.369555524159565,345.0001478400497,0.181694245787499,1.6401795583716412e-06,-0.0929982019650135,-0.0106559849716054,0.0171767155126892,1.2087508432804277,7.689885445428088,61.70314620024222,7.079947919802119
11.39,31.21995249864984,131.01367258859787,31.68232437119813,-0.9912917338736263,-0.6416288217706339,6.47624413353223,2.729952887514989,1.736940991060494,0.0,61.85804040900874,35.963619306396524,-49.273198070414246,13.58026846959694,134.63671997505287,2336.579033644467,1.274,1.0300000015656,0,6.354516356510068,345.0001478400497,0.1818434965547099,1.606280625885205e-06,-0.0862788956391338,-0.0149489844353447,0.015949541880343,1.1808072526425468,7.699583362393575,61.75725569592066,7.239568001724154
11.4,31.21995045884244,131.01367553328163,31.22103335720996,-0.9666977543745912,-0.6201455592951639,6.466666757560375,2.9637226433777863,2.096196497601353,0.0,61.90908887703012,35.950260406029955,-49.31923173589927,13.60345207657522,134.60614143918312,2340.5408802593006,1.274,1.0300000015656,0,6.339266242246977,345.0001478400497,0.1819926157068879,1.5720595481853096e-06,-0.0796932108723419,-0.0191181350216364,0.0147449214014023,1.148498397765208,7.71115111954461,61.811678542329766,7.4158931098528384
11.41,31.21994841970612,131.0136784768254,30.758822927561628,-0.9384425854612188,-0.5964737605352506,6.4565021987069295,3.188948337847114,2.4454317980478857,0.0,61.9600900889659,35.93701987047999,-49.361027416143074,13.628362886099854,134.57330615858075,2344.5028861157766,1.274,1.0300000015656,0,6.323798622345049,345.0001478400497,0.1821415925041739,1.5375541088465708e-06,-0.0732659691683363,-0.0231483070469158,0.0135675161844899,1.1119458698337568,7.724556492253673,61.86639790212698,7.60499499160052
11.42,31.21994638123876,131.01368141924416,30.295694543779778,-0.9066305071258128,-0.5707056657493408,6.445747275570847,3.4047818243637664,2.7832300468884443,0.0,62.01104031990951,35.92391529378649,-49.3986902257107,13.654934167637304,134.53830279864152,2348.464760923376,1.274,1.0300000015656,0,6.308106812743464,345.0001478400497,0.1822904159973108,1.5028021471752618e-06,-0.0670214934426267,-0.0270248650715764,0.0124219120474192,1.07128737900426,7.739764634170728,61.9213955659394,7.802984474286073
11.43,31.219944343437607,131.01368436055495,29.83164981352644,-0.8713791146851012,-0.5429414725556722,6.434413751175756,3.610407173485669,3.108208714084403,0.0,62.06193577387321,35.9109638468419,-49.43234078594011,13.683092313277289,134.5012285794808,2352.4262079982936,1.274,1.0300000015656,0,6.29218400261212,345.0001478400497,0.182439075028632,1.467841490912268e-06,-0.0609835149338149,-0.0307337254142498,0.0113126008082336,1.0266763248618842,7.75673739643591,61.97665200317909,8.00610277788055
11.44,31.219942306299348,131.01368730077624,29.36669047966426,-0.8328189080626967,-0.5132889824756522,6.422529113453007,3.8050440370758745,3.419025056817873,0.0,62.11277258386045,35.89818220950585,-49.46211485008154,13.712757250677482,134.462188772633,2356.38692424966,1.274,1.0300000015656,0,6.276023251972132,345.0001478400497,0.1825875582322608,1.4327098997174296e-06,-0.0551750817010661,-0.0342614119622664,0.0102439627760598,0.978281328607152,7.7754326072543645,62.0321464175032,8.210783925812844
11.45,31.21994026982,131.01369023992837,28.90081842224569,-0.791092830776645,-0.4818632171228919,6.4101370966257845,3.987950910213901,3.7143814955721433,0.0,62.16354681200764,35.88558650403934,-49.48816287030662,13.743842893927402,134.42129615392645,2360.346600167943,1.274,1.0300000015656,0,6.259617489262281,345.0001478400497,0.1827358540345439,1.3974450179200502e-06,-0.0496184690719662,-0.0375951100512909,0.0092202495116276,0.9262857398106044,7.7958033324441,62.08785680712377,8.413693597609951
11.46,31.219938233994974,131.0136931780331,28.434035643601725,-0.746355760462095,-0.4487860050615755,6.397297930073859,4.158428275974488,3.993030871658063,0.0,62.214254450094565,35.87319223013715,-49.51064950744986,13.776257628007308,134.37867041712315,2364.304919844256,1.274,1.0300000015656,0,6.2429595093840735,345.0001478400497,0.1828839506555463,1.3620843348410025e-06,-0.0443350924015911,-0.0407227181900021,0.0082455669271982,0.8708871380590594,7.817797138021962,62.14376003010957,8.611750232941374
11.47,31.21993619881912,131.0136961151137,27.96634427331349,-0.6987739519526416,-0.4141855409445477,6.384088305379759,4.315821618435312,4.253781562543516,0.0,62.26489141990351,35.86101420183411,-49.529753084578864,13.809904822239696,134.33443755321383,2368.2615609806912,1.274,1.0300000015656,0,6.226041971315,345.0001478400497,0.1830318361100806,1.326665150857008e-06,-0.0393454224990164,-0.0436328974096803,0.0073238587951409,0.8122968624224566,7.84135537542153,62.199831873910526,8.802133679675363
11.48,31.2199341642867,131.0136990511949,27.4977465443536,-0.6485244347954938,-0.3781959183603001,6.370601056581702,4.459524289343159,4.495502431297999,0.0,62.31545357345338,35.84906648656022,-49.54566498572753,13.844683367922684,134.28872920048738,2372.2161948879816,1.274,1.0300000015656,0,6.208857395336895,345.0001478400497,0.183179498208404,1.2912245472803855e-06,-0.0346689040780426,-0.0463151180264954,0.0064588907351285,0.7507396265208917,7.866412509724999,62.2560471289093,8.982285723532051
11.49,31.21993213039141,131.01370198630266,27.028244809987264,-0.5957943678501392,-0.3409566376709381,6.356944553094732,4.588980213948523,4.717127586804915,0.0,62.3659366936205,35.837362346614086,-49.55858900137426,13.88048823521066,134.24168197064125,2376.1684865134994,1.274,1.0300000015656,0,6.1913981607872,345.0001478400497,0.1833269245580452,1.2557993580651736e-06,-0.0303238775832918,-0.0487597036113135,0.005654234749467,0.6864533249916682,7.892895510520492,62.31237966631227,9.149905798713329
11.5,31.219930097126408,131.01370492046425,26.557841507984264,-0.5407803527240466,-0.3026120907373514,6.343241809298552,4.703686422035078,4.917660931183991,0.0,62.41633649477838,35.82591418331389,-49.56874062249629,13.9172110442558,134.19343675627124,2380.1180944759417,1.274,1.0300000015656,0,6.173656503692862,345.0001478400497,0.1834741025656457,1.2204261413320116e-06,-0.0263275047313781,-0.0509578719681555,0.0049132543743035,0.619689235092453,7.920723323035218,62.36880251971554,9.302944245891391
11.51,31.21992806448433,131.01370785370798,26.086539178513767,-0.4836877079227761,-0.263311024561701,6.329629319356839,4.803195390735603,5.09618047102137,0.0,62.46664862305645,35.81473348408189,-49.57634628528418,13.954740645649046,134.1441380250772,2384.0646710645096,1.274,1.0300000015656,0,6.155624513577592,345.0001478400497,0.1836210194377442,1.1851411487169444e-06,-0.0226956981007478,-0.0529017729329865,0.004239090513808,0.5507130354457367,7.949806435309989,62.42528796962733,9.439594730456655
11.52,31.21992603245732,131.01371078606323,25.614340437303603,-0.4247297075759233,-0.2232059851599615,6.316255630263294,4.8871171859490765,5.251842370437903,0.0,62.51686865729912,35.80383077271039,-49.58164256885253,13.99296370529744,134.0939331060451,2388.007862298497,1.274,1.0300000015656,0,6.137294131367646,345.0001478400497,0.1837676621835604,1.1499802906273849e-06,-0.0194430550960751,-0.054584522816228,0.0036346480236372,0.4798075903168535,7.980046555703869,62.48180763182136,9.558286868469601
11.53,31.21992400103701,131.01371371756028,25.141247973652288,-0.3641267858748075,-0.1824527443978243,6.3032796704880125,4.955121390407026,5.383884723661486,0.0,62.5669921094641,35.79321556304027,-49.584875348534894,14.031765289041532,134.04297147271853,2391.947307940613,1.274,1.0300000015656,0,6.118657146163554,345.0001478400497,0.1839140176161687,1.1149790955632407e-06,-0.0165827965910749,-0.0560002353197479,0.0031025831060625,0.407279844777121,8.011336411284477,62.538332547829405,9.657679706623753
11.54,31.219921970214667,131.01371664823014,24.66726454446484,-0.3020896016067648,-0.1412170150085646,6.290869327728849,5.006942986834344,5.4916216601141326,0.0,62.617001400064495,35.782896316280734,-49.58629890759604,14.071029442541803,133.99140402847098,2395.881644777248,1.274,1.0300000015656,0,6.099681883084071,345.0001478400497,0.1840600340673544,1.0801726618232577e-06,-0.0141267105490661,-0.0571440487759866,0.0026452910286866,0.3334669218008954,8.043553451334668,62.59481910567754,9.736653605310398
11.55,31.21991993998104,131.01371957810457,24.192392959341287,-0.238850305289686,-0.0996592612064756,6.279199034364928,5.042378404692612,5.574458726577979,0.0,62.66689180092119,35.77288049001021,-49.58617501043672,14.110639762249887,133.93938239842268,2399.810489348452,1.274,1.0300000015656,0,6.080359499841873,345.0001478400497,0.1842056976458201,1.0455956017846424e-06,-0.0120852095842345,-0.0580121980845196,0.0022649170297533,0.2588076102970414,8.076572725016964,62.65123736867139,9.794310112693044
11.56,31.21991791032653,131.0137225072158,23.71663607361799,-0.1746589008064628,-0.0579353769681898,6.2684469734651485,5.061284582378329,5.631900475327589,0.0,62.71666917951588,35.76317438722427,-49.584771994183015,14.15048000315728,133.88705816727887,2403.734269199617,1.274,1.0300000015656,0,6.060700133621542,345.0001478400497,0.1843510256058776,1.011281931432194e-06,-0.0104671771822654,-0.0586019863164112,0.0019633257552259,0.1840169262286215,8.110265411706353,62.707568713333366,9.829971111196619
11.57,31.21991588124119,131.01372543559663,23.239996781409285,-0.1097559683742856,-0.016208016438979,6.258792981910901,5.063584406769488,5.663542896938329,0.0,62.76632873710989,35.75378308231705,-49.582363775062106,14.19043462148042,133.83458219624958,2407.652595126352,1.274,1.0300000015656,0,6.040694825072105,345.0001478400497,0.184496003849167,9.772649894902789e-07,-0.0092798384085653,-0.0589117599951448,0.0017420749141096,0.1109462575752154,8.144489059398046,62.76378278787514,9.84317503554401
11.58,31.219913852714736,131.01372836327997,22.762477994730528,-0.0443548492942107,0.0253464413733766,6.250417120812862,5.049274240480112,5.669060444339727,0.0,62.81584146789428,35.74471049053863,-49.57922878281492,14.230389257011474,133.78210401235032,2411.563218054558,1.274,1.0300000015656,0,6.020290960491637,345.0001478400497,0.1846405471236095,9.435773806318928e-07,-0.0085288146768237,-0.0589409598217026,0.0016024240903053,0.0510861489852122,8.179082620992386,62.819822877465086,9.833673314753948
11.59,31.219911824736585,131.01373129029912,22.284082655428463,0.0212860025094647,0.0665716331659042,6.243495882346656,5.018410638471542,5.648238287044053,0.0,62.86521296387965,35.735959487155846,-49.57564891489012,14.270231233681365,133.72977116662426,2415.46654023382,1.274,1.0300000015656,0,5.99949797292112,345.0001478400497,0.184784671875127,9.102508737940116e-07,-0.0082182985455093,-0.0586902191521174,0.0015453678285237,0.0698918882362688,8.213893634161469,62.87567000921139,9.801442848705202
11.6,31.219909797295884,131.01373421668723,21.804813700386283,0.0869068096625493,0.1073124416058724,6.238199325361953,4.971113883807537,5.600966044011207,0.0,62.914449052618,35.72753159917446,-49.57190857020392,14.30985012918988,133.67772849437506,2419.3629835184274,1.274,1.0300000015656,0,5.978325798075525,345.0001478400497,0.1849283952416862,8.773162039220061e-07,-0.0083507401422634,-0.0581612354708153,0.0015715743126416,0.1380896261759575,8.248762689092802,62.931305641672,9.746687883322053
11.61,31.2199077703816,131.0137371424775,21.32467406450624,0.1523096284919836,0.1473876439190793,6.234690661796648,4.9075842394172415,5.527202726850764,0.0,62.96350605774355,35.719427069393205,-49.56829352335745,14.349138184838203,133.62611757801335,2423.2491608315468,1.274,1.0300000015656,0,5.956694850157694,345.0001478400497,0.1850715888517371,8.4480297559895e-07,-0.0089268295309814,-0.057356767079124,0.0016813794205009,0.2119464303585794,8.283503764098874,62.98665762917859,9.66983560868422
11.62,31.2199057439825,131.01374006770288,20.84366667275677,0.2172118788876696,0.1866569297362017,6.233120937427298,4.828073978505197,5.4270380758588015,0.0,63.01240848010608,35.71164518971025,-49.56508978645753,14.387990686220176,133.57507624101143,2427.126926219957,1.274,1.0300000015656,0,5.934648549862184,345.0001478400497,0.1852143247319164,8.12739560291986e-07,-0.0099459052443714,-0.056280816494128,0.0018748651835779,0.2863942088028827,8.317955077038434,63.041728430203385,9.571563991288714
11.63,31.219903718087146,131.013742992396,20.36179442625428,0.281400652704746,0.2249524795137771,6.2336287591272,4.73291160789261,5.300637940045127,0.0,63.06112679310642,35.70418371530448,-49.56258266858676,14.426306508611734,133.52473781866152,2430.99397452784,1.274,1.0300000015656,0,5.912132543275964,345.0001478400497,0.1853565161036245,7.811528108227502e-07,-0.0114053744596152,-0.0549383576913404,0.0021517460909719,0.3602631517406212,8.351928538093514,63.0964621551777,9.452795478914593
11.64,31.21990169268408,131.0137459165889,19.879060189339626,0.344628179044599,0.2621270360009073,6.236336772965857,4.622485462816644,5.148278007395264,0.0,63.10966130173234,35.697039396711965,-49.561055549356325,14.463988366341097,133.47523081130151,2434.8502951297355,1.274,1.0300000015656,0,5.889146314384453,345.0001478400497,0.1854981638740656,7.50067997957672e-07,-0.0133011750995841,-0.0533355293748575,0.0025114569819815,0.4329876859271915,8.385245845088265,63.15083597662836,9.314721393644962
11.65,31.21989966776171,131.0137488403132,19.39546678659537,0.4066782197607508,0.298025093760787,6.241350504300601,4.497252977464264,4.97032021937308,0.0,63.15799021583987,35.69020765581073,-49.560788878994174,14.500943245015586,133.42667829141274,2438.6941712932216,1.274,1.0300000015656,0,5.865649091850091,345.0001478400497,0.1856392040065469,7.195085546872308e-07,-0.0156275325299213,-0.0514794997532898,0.0029531041812634,0.5041871075008402,8.417718608209281,63.20480367700046,9.158811251682907
11.66,31.219897643308435,131.0137517635997,18.91101698594529,0.4673019341863168,0.3325126662165974,6.248754981215602,4.35772701918551,4.767238254411439,0.0,63.20612116845707,35.68368282092113,-49.56205906047824,14.537082686881073,133.37919749848234,2442.5261550104447,1.274,1.0300000015656,0,5.841653470405119,345.0001478400497,0.185779658948269,6.894959152672047e-07,-0.0183771648066399,-0.049378528815199,0.0034755049544599,0.5735270868047071,8.449169575567232,63.25835184273896,8.986839498028774
11.67,31.21989561931264,131.0137546864784,18.425713500642523,0.5263245657195645,0.3654304801782632,6.258615754815708,4.2044955559040655,4.539569585465016,0.0,63.254007546021725,35.6774578873542,-49.56513743477387,14.572323135266693,133.33289935179863,2446.342604360256,1.274,1.0300000015656,0,5.817072986935216,345.0001478400497,0.1859193917015313,6.600492722534361e-07,-0.021541055516405,-0.0470418248304852,0.0040771391238884,0.6407442766649771,8.479402410553371,63.31140884245032,8.800894617442221
11.68,31.21989359576281,131.01375760897818,17.939558963421515,0.5834945547937163,0.3966624742026155,6.270974037240551,4.038191802087109,4.287974057696001,0.0,63.30166834922713,35.671524988166176,-49.57028915920064,14.606586133851152,133.28788815039957,2450.1449453331343,1.274,1.0300000015656,0,5.79194062139108,345.0001478400497,0.186058458127227,6.311854339063906e-07,-0.025108946993485,-0.0444797253359392,0.0047562474250019,0.7055505470770286,8.508247525312747,63.36397544725195,8.603419664625369
11.69,31.2198915726474,131.013760531127,17.45255593544495,0.6386163406622343,0.4260772693006483,6.285847598025903,3.85951182165384,4.013188588412603,0.0,63.34908413561783,35.66587483414334,-49.57777233207799,14.639798716368423,133.24426102019424,2453.93163050003,1.274,1.0300000015656,0,5.76621909516617,345.0001478400497,0.18619680109212,6.029184929715727e-07,-0.0290688156820331,-0.0417034017142373,0.0055107254499085,0.7677012127738583,8.535524668966712,63.416011579711736,8.39722538540314
11.7,31.21988954995508,131.01376345295162,16.964706885426573,0.6915287422583022,0.4535387984953336,6.3032309819331855,3.6692152276915246,3.716017832939421,0.0,63.396214696281554,35.66049716962637,-49.587836868240245,14.671893507430845,133.20210773896588,2457.699497735297,1.274,1.0300000015656,0,5.73983267185602,345.0001478400497,0.1863343024272573,5.752597222005813e-07,-0.0334072445396178,-0.0387249705411528,0.0063381925352581,0.8269821369726919,8.561051791165914,63.46745566016811,8.18551462850379
11.71,31.21988752767463,131.0137663744774,16.476014189630565,0.7420240709810066,0.4789432332907049,6.323092508748776,3.4681054143233387,3.397367947127476,0.0,63.44306328381619,35.655380866438925,-49.60072356468219,14.702808953719591,133.16151038941322,2461.448747748277,1.274,1.0300000015656,0,5.712784973748123,345.0001478400497,0.1864709717076284,5.482173457862886e-07,-0.0381096498468542,-0.0355575320150905,0.0072360395149904,0.8831610940324809,8.58466820268571,63.51829463483489,7.971910875519302
11.72,31.219885505794974,131.0137692957283,15.986480119941412,0.7899328602206533,0.5021819587182937,6.345375459191405,3.2570388582352594,3.0582168812578985,0.0,63.48961068666468,35.65051360852847,-49.61666328612968,14.732489617265948,133.122542931157,2465.1778378586287,1.274,1.0300000015656,0,5.685038224532642,345.0001478400497,0.1866067524818884,5.217962451916451e-07,-0.0431599625705559,-0.0322149483611754,0.0082013617495854,0.9360366790529104,8.606212786566145,63.56849223431647,7.760462765516871
11.73,31.219883484305303,131.0137722167268,15.496106832927731,0.8350992158567823,0.5231533492005377,6.369998257468224,3.036920550248657,2.6996138206882465,0.0,63.5358350800578,35.64588219982941,-49.63587600641103,14.760886271460176,133.08527103336016,2468.8850179648493,1.274,1.0300000015656,0,5.656549488167364,345.0001478400497,0.1867415806191314,4.959978249928807e-07,-0.0485408825540692,-0.0287118817520493,0.0092310075968681,0.9854241452808156,8.625532297346638,63.618010674136514,7.555638888242464
11.74,31.219881463195023,131.01377513749375,15.00489637381847,0.8773791081681329,0.5417642372398253,6.396854970796533,2.8087006489926085,2.322675225974885,0.0,63.581713936886686,35.641472579905795,-49.65856998589808,14.787956069227496,133.04975181508206,2472.5684784545283,1.274,1.0300000015656,0,5.627274157291648,345.0001478400497,0.1868753899254226,4.708198158024369e-07,-0.0542339668171494,-0.0250637494124987,0.0103215943523751,1.031154520836647,8.642483094045897,63.66681279617436,7.362294007876438
11.75,31.21987944245384,131.01377805804833,14.512850659601522,0.9166410185697004,0.5579302799134713,6.4258161526080535,2.573371144248846,1.928580142371038,0.0,63.627224007354485,35.63726987740389,-49.68494100531226,14.813662704457547,133.01603359811537,2476.226348501452,1.274,1.0300000015656,0,5.5971658935310895,345.0001478400497,0.1870081120840321,4.462560849889303e-07,-0.0602197070056907,-0.0212866679623796,0.0114695220609409,1.0730752050807255,8.656932162294632,63.71486210574794,7.185594870205185
11.76,31.219877422071693,131.01378097840788,14.01997148101162,0.9527665345809104,0.5715762933417158,6.456730012248057,2.331962345483303,1.5185652192761947,0.0,63.672341298418885,35.63325847196378,-49.7151716517484,14.83797656078895,132.98415568106043,2479.856694348593,1.274,1.0300000015656,0,5.566176565204792,345.0001478400497,0.1871396765950693,4.2229646443202084e-07,-0.0664776119218123,-0.0173973947205779,0.0126709883947075,1.1110505905282897,8.668758064118132,63.76212280345686,7.030892628750075
11.77,31.21987540203889,131.01378389858797,13.526260496564753,0.9856527562262244,0.5826357267625382,6.489423986165487,2.085539717469961,1.0939183704834388,0.0,63.71703960908102,35.629422059891084,-49.749430660454486,14.860874849450829,132.95414813335788,2483.457405019912,1.274,1.0300000015656,0,5.534253499245894,345.0001478400497,0.1872700064706238,3.9892659799193014e-07,-0.0729862948076762,-0.0134132661683525,0.0139220042267345,1.1449638676024942,8.677851377141007,63.80855823773355,6.903532210879138
11.78,31.219873382346087,131.01378681860217,13.03171921764498,1.0152461989966195,0.5910361376903092,6.523708204610605,1.8352095626069849,0.6559529883208851,0.0,63.76126463006017,35.62574373387473,-49.78787231566862,14.882341737770131,132.92603160805714,2487.0241713008377,1.274,1.0300000015656,0,5.501291200359806,345.0001478400497,0.1873989421120282,3.761278112823414e-07,-0.0797235776713836,-0.0093521397038281,0.0152184065607778,1.1747391198761636,8.684107919548055,63.85410272296347,6.808600237969251
11.79,31.219871362984254,131.01378973846215,12.536349026398788,1.041442128276941,0.5967442077028486,6.559374082822689,1.5820942227420278,0.2060466570621621,0.0,63.805012177008194,35.62220625170769,-49.830635919678734,14.902368475915958,132.8998171642174,2490.556585322915,1.274,1.0300000015656,0,5.467276761524638,345.0001478400497,0.1875264712439075,3.538770022204398e-07,-0.0866668261449299,-0.0052324391387666,0.0165559394026989,1.200277525117992,8.68745266840521,63.89874684328581,6.750619653996675
11.8,31.21986934394469,131.0137926581775,12.040151149886068,1.064213492515782,0.5997089792189869,6.59620017669612,1.3273504829333425,-0.2544127971810268,0.0,63.84822878550213,35.61879167365298,-49.87784544260245,14.920953632659815,132.87550595479107,2494.0503891161247,1.274,1.0300000015656,0,5.432105003365046,345.0001478400497,0.1876524367548949,3.321464609627522e-07,-0.0937926030425385,-0.001072877009464,0.0179301646224528,1.2215399530744135,8.687810805952882,63.94242913161624,6.7332341372448035
11.81,31.21986732521917,131.01379557775564,11.543126667038557,1.083523059445584,0.5999010698946476,6.633952897255856,1.072153359463248,-0.7240078469712148,0.0,63.89087971735893,35.61548191976721,-49.92960902339678,14.938103111569104,132.85308921078789,2497.5027775996723,1.274,1.0300000015656,0,5.395704846525277,345.0001478400497,0.1877767365737384,3.109038974558349e-07,-0.1010771967780311,0.0031074166842038,0.0193365779907339,1.2384912642047834,8.68512843034796,63.98511023535245,6.758922342481351
11.82,31.21986530679973,131.0137984972022,11.045276517606442,1.099387155017766,0.5972847153617044,6.6723912817415725,0.8177043060817644,-1.2013243128533426,0.0,63.93290012375757,35.612258588920845,-49.98601874679592,14.953830368193394,132.83254797170812,2500.908583326616,1.274,1.0300000015656,0,5.357948050201864,345.0001478400497,0.1878991801359362,2.901123287144306e-07,-0.1084965548444184,0.0072890476105459,0.0207705825845064,1.2511424236388935,8.679358766537389,64.02671968817064,6.828808523710278
11.83,31.219863288678848,131.01380141652027,10.546601480286132,1.11180030968888,0.5918512167839496,6.711267529941916,0.5652135176509216,-1.6849294860688273,0.0,63.97425300692173,35.60910330714324,-50.04715040829734,14.968156541501749,132.81385293814537,2504.2648063559263,1.274,1.0300000015656,0,5.318757525232522,345.0001478400497,0.1880196587349572,2.697300665435086e-07,-0.1160266511840731,0.0114523096908272,0.0222275759331993,1.2595014190156033,8.670479034350503,64.06721912532836,6.942590694547112
11.84,31.21986127084933,131.01380433571114,10.047102193596686,1.1208098008669862,0.5835861105712428,6.750332081909264,0.3159086336633065,-2.1734069196134795,0.0,64.01487211588393,35.60599752750224,-50.11306347782058,14.981110709079443,132.796964173201,2507.566148479654,1.274,1.0300000015656,0,5.278000322509964,345.0001478400497,0.1881379776921915,2.497106327029077e-07,-0.1236433423213456,0.0155773793586119,0.0237029047214857,1.2636233279827027,8.65847426781024,64.10654002274492,7.098625156965271
11.85,31.21985925330433,131.01380725477367,9.546779141960917,1.12648191416496,0.5724841025721304,6.7893362810052125,0.0710281440741593,-2.665358857933198,0.0,64.0546877792127,35.60292289948537,-50.183801014747,14.992730017920357,132.7818309771238,2510.807031023668,1.274,1.0300000015656,0,5.235535738369736,345.0001478400497,0.1882539322806224,2.30002807977798e-07,-0.1313227315918403,0.0196442737518876,0.0251919417546174,1.2635890631310809,8.643344767275725,64.14461187548434,7.294125716999075
11.86,31.219857236037345,131.0138101737048,9.045632661669368,1.1289056570877427,0.5585473788338755,6.828035554678896,-0.1681815139698486,-3.159416770007987,0.0,64.09362404132182,35.59986130617102,-50.259389780637456,15.003059936878056,132.76839161419267,2513.9813699340257,1.274,1.0300000015656,0,5.191209787070226,345.0001478400497,0.1883672993089173,2.105506124791676e-07,-0.1390413050622326,0.0236329172845745,0.0266901110149495,1.2595089458876934,8.625105127458175,64.1813590687862,7.525441441152009
11.87,31.219855219042127,131.0138130924991,8.543662949827127,1.1282196879951527,0.5417736552858065,6.8661938524481085,-0.4004617926509257,-3.6542672760310375,0.0,64.13157806906786,35.596794987994166,-50.33984043913784,15.012154520183763,132.75657303660523,2517.080958374192,1.274,1.0300000015656,0,5.144815990655167,345.0001478400497,0.1884777765995612,1.9129330810590373e-07,-0.1467760938970201,0.0275231968210562,0.0281929097893254,1.2515432155116273,8.603778228487641,64.2166784076726,7.7883667730430295
11.88,31.21985320231269,131.01381601114923,8.040870062364641,1.1245745003963374,0.5221726448782672,6.9035857199329165,-0.6245503659140363,-4.148651449918223,0.0,64.16844874003667,35.593706816723405,-50.42514785588685,15.020076694705573,132.74629058897995,2520.0977064969925,1.274,1.0300000015656,0,5.09614899736683,345.0001478400497,0.1885850670094065,1.7216541234224802e-07,-0.1545050221826663,0.0312949312080795,0.0296959865399768,1.2398778420448286,8.579402834907148,64.25047029185016,8.07841988293092
11.89,31.21985118584324,131.0138189296456,7.537253920001894,1.1181666840409576,0.4997507473117863,6.940000389943485,-0.8391770375730072,-4.641390934405305,0.0,64.2041104465338,35.5905803014156,-50.51529158814216,15.026898662122292,132.73744757534604,2523.02158429508,1.274,1.0300000015656,0,5.0449546761261885,345.0001478400497,0.1886888014423995,1.530966474166086e-07,-0.1622069976965942,0.0349279609129455,0.0311951470372506,1.2247513359427198,8.55202566872257,64.28261011498853,8.391086539822199
11.9,31.219849169628084,131.01382184797663,7.032814315206879,1.0716764288791876,0.4909745374591514,6.973348108909814,-1.0533380728157946,-5.109147602339388,0.0,64.2667616412204,35.587399866736384,-50.61023643944253,15.032702290732628,132.7299348517634,2528.070426742974,1.274,1.0300000015656,0,5.0449546761261885,345.0001478400497,0.1888718516274751,1.3401192581146928e-07,-0.1698622385500139,0.0384021278880126,0.0327008403340126,1.178778288184094,8.529792915584547,64.34388279737881,8.708644795039564
11.91,31.21984715366155,131.01382476612875,6.527550920148158,1.0210349655202466,0.4801856764519077,7.003891784556831,-1.263327087507264,-5.556058353675045,0.0,64.32942844543788,35.58393162168678,-50.709933193258045,15.037579613076952,132.7236302940001,2533.1259860486034,1.274,1.0300000015656,0,5.0449546761261885,345.0001478400497,0.1890549438525738,1.1483081276861773e-07,-0.1771941956594565,0.0418164645545055,0.03414726361223,1.1283023867747657,8.505306586413479,64.4048549521358,9.028858171953667
11.92,31.21984513799529,131.0138276840837,6.021460283316924,0.9663549250960872,0.467472493640452,7.031443502717805,-1.4682882141186784,-5.980224775757272,0.0,64.3921183066686,35.58022291594672,-50.81419426909456,15.0415054693306,132.71856334722517,2538.1888558711835,1.274,1.0300000015656,0,5.0449546761261885,345.0001478400497,0.1892380999914887,9.557083806168673e-08,-0.1841726291957789,0.0451565626889208,0.0355283981371029,1.0734764327595832,8.478733474556037,64.4655478995717,9.346665522003736
11.93,31.219843122624784,131.01383060182383,5.514541793521655,0.9078602106333086,0.4528873905708558,7.055862302211006,-1.6673725962312749,-6.379843703046273,0.0,64.45483131347055,35.57625223108812,-50.922813176886464,15.044457839263991,132.71475903302417,2543.259050848871,1.274,1.0300000015656,0,5.0449546761261885,345.0001478400497,0.1894213202970073,7.624975856518577e-08,-0.190767959598275,0.0484085755601625,0.0368383250386415,1.0145442252117691,8.45022138349322,64.52596995764071,9.657521932552088
11.94,31.21984110757125,131.01383351932836,5.006793384100432,0.8457902435888023,0.4364905480488829,7.077041639309122,-1.859749978569672,-6.753200165199275,0.0,64.51756758291792,35.571999168986544,-51.03556496238542,15.046417656326796,132.712238221398,2548.336588267352,1.274,1.0300000015656,0,5.0449546761261885,345.0001478400497,0.1896046051025718,5.688597859079954e-08,-0.1969520615440946,0.0515589658870737,0.0380713830136275,0.9517727120012632,8.4199278508378,64.58613069467027,9.957354107319503
11.95,31.219839092852755,131.013836436575,4.4982130480278135,0.7803993027152674,0.4183495911890409,7.094910233823043,-2.044612236082981,-7.098675262300242,0.0,64.58032725335481,35.56744436054723,-51.15220705505893,15.04736895280636,132.71101748006785,2553.4214871261324,1.274,1.0300000015656,0,5.0449546761261885,345.0001478400497,0.1897879548042471,3.7498705688283646e-08,-0.2026983852099915,0.0545945635930654,0.039222193186905,0.8854539112776952,8.38801845465911,64.64604086956801,10.242528052270133
11.96,31.219837078488183,131.01383935353957,3.98879865001676,0.7119555396367166,0.3985393421473028,7.1094323707875775,-2.2211768840641364,-7.41475371813239,0.0,64.6431104828987,35.56256955201507,-51.272480192426805,15.047299006059978,132.71110892819038,2558.5137680779526,1.274,1.0300000015656,0,5.0449546761261885,345.0001478400497,0.1899713698558913,1.8108104088484925e-08,-0.2079820739332522,0.0575026216571144,0.0402856834289217,0.8159081582283826,8.35466513085415,64.70571239155228,10.509815796942458
11.97,31.21983506449716,131.01384227019622,3.47854792055284,0.6407399328963764,0.3771415414795439,7.12060769184854,-2.388690531907572,-7.700031114402359,0.0,64.70591744783543,35.55735768693236,-51.39610941858185,15.04619848558514,132.71252009441747,2563.613453308591,1.274,1.0300000015656,0,5.0449546761261885,345.0001478400497,0.1901548507644486,-1.2645590681837902e-09,-0.2127800758946186,0.0602708706652166,0.0412571116545959,0.7434900634975042,8.32004443359293,64.76515827484438,10.756364419319471
11.98,31.21983305089997,131.01384518651753,2.9674584777652866,0.5670451836012615,0.3542445392714531,7.128470479420645,-2.546432264051077,-7.9532207650124125,0.0,64.7687483409402,35.5517929838889,-51.5228051534358,15.044061599623724,132.7152537805476,2568.720566408347,1.274,1.0300000015656,0,5.0449546761261885,345.0001478400497,0.1903383980850383,-2.0596778791846452e-08,-0.2170712492835223,0.0628875718199193,0.0421320879914331,0.6685995338955031,8.284335758734438,64.82439258853479,10.97966890158335
11.99,31.219831037717483,131.01384810247455,2.455527832397157,0.4911745567855459,0.3299429570297564,7.133088444939086,-2.6937169312524327,-8.173160189732663,0.0,64.83160336973077,35.54586100970585,-51.652264328882325,15.040886239782674,132.7193079322069,2573.835132238728,1.274,1.0300000015656,0,5.0449546761261885,345.0001478400497,0.1905220124158336,-3.986469259952957e-08,-0.2208364604188882,0.0653415681706815,0.0429065957058562,0.5917027407019434,8.247719551723819,64.88343040178252,11.177549335881743
12.0,31.21982902497105,131.013851018037,1.9427534047057005,0.4134406728817877,0.3043373214721863,7.134561040563267,-2.829898335145679,-8.358817147205789,0.0,64.89448275466036,35.53954874771163,-51.784171587731706,15.036674121942356,132.72467551818275,2578.9571767900748,1.274,1.0300000015656,0,5.0449546761261885,345.0001478400497,0.190705694392793,-5.9042979971253656e-08,-0.2240586743201527,0.0676223338318699,0.0435770107799219,0.5133739257635935,8.210375523136161,64.94228772453197,11.348132442353897
12.01,31.219827012682487,131.01385393317327,1.4291325274443092,0.3341642539456663,0.277533671500337,7.133017321498081,-2.9543722889668933,-8.50929518826604,0.0,64.95738672725753,35.53284466078197,-51.91820054094375,15.031430921521045,132.73134442021782,2584.0867270380163,1.274,1.0300000015656,0,5.0449546761261885,345.0001478400497,0.1908894446842014,-7.810478453145615e-08,-0.2267230372480808,0.0697200209604318,0.0441401200348428,0.434384408197793,8.172480896432337,65.00098144395439,11.48983708899542
12.02,31.21982500087388,131.01385684785075,0.9146624677338931,0.2536728295169808,0.2496431397826044,7.128613393563692,-3.0665795374433986,-8.62383869207633,0.0,65.02031552822052,35.52573874883374,-52.05401507837293,15.025166400971264,132.739297335242,2589.223810794255,1.274,1.0300000015656,0,5.0449546761261885,345.0001478400497,0.1910732639850875,-9.702166218910785e-08,-0.2288169507635013,0.071625504271733,0.0445931377023304,0.3559089693487666,8.134208713554251,65.05952925684421,11.601363400967793
12.03,31.21982298956761,131.01385976203568,0.3993404340217135,0.1722994072188333,0.2207815105123511,-951.6160210397644,74.36272630751405,94.49287764471256,0.0,65.08326940547465,35.51822260048043,-52.19127072794339,15.017894527208307,132.7485116921789,2594.3684565486487,1.274,1.0300000015656,0,5.0449546761261885,345.0001478400497,0.191257153011575,-1.1576355813254877e-07,-0.2303301368840946,0.0733304228796834,0.0449337203503117,0.2800560911247968,8.095726224601723,65.11794959822389,959.1828660318209
12.04,31.219820978786192,131.01386267569345,-0.1168364109946661,1.8995743465541464,1.5682540647741936,-536.4673196771173,234.4015595383225,47.10271863661553,0.0,50.816152123170056,25.24959666678535,-52.329616057891165,15.00963357651395,132.75895958560324,1581.677757517466,1.274,1.0300000015656,0,5.0449546761261885,345.0001478400497,0.1493301748361357,60.01457375159692,7.508211751941659,-0.3362291528256259,-1.1436998431442102,2.463108257148136,11.76105219416681,51.06246213773567,587.3329058536634
