<?xml version="1.0" encoding="UTF-8"?>
<kml xmlns="http://www.opengis.net/kml/2.2" xmlns:gx="http://www.google.com/kml/ext/2.2">
    <Document id="441">
        <Style id="444">
            <LineStyle id="445">
                <color>ff0000ff</color>
                <colorMode>normal</colorMode>
                <width>3</width>
            </LineStyle>
        </Style>
        <Style id="448">
            <LineStyle id="449">
                <color>ff00ff00</color>
                <colorMode>normal</colorMode>
                <width>3</width>
            </LineStyle>
        </Style>
        <Placemark id="443">
            <name>flight_path</name>
            <styleUrl>#444</styleUrl>
            <LineString id="442">
                <altitudeMode>relativeToGround</altitudeMode>
                <coordinates>131.010392,31.222216000000007,3.000000004412624 131.01039200000545,31.2222159999906,3.0000027264578115 131.01039200001028,31.222215999993875,3.000003012779584 131.01039200001028,31.222215999993875,3.000003012779584 131.0103920000103,31.222215999993875,3.000003012779584 131.0103920186648,31.22221599084417,3.0022578683165726 131.0103920748901,31.222215963420645,3.0148070948829484 131.01039215993478,31.22221592194644,3.034007106185365 131.010392249151,31.222215878416662,3.0533625227734102 131.010392395381,31.222215807126663,3.0872373379337144 131.01039249716985,31.22221575742821,3.108054756618066 131.01039266702276,31.22221567459415,3.1463955357590927 131.0103928374792,31.222215591440023,3.1839242398255614 131.01039302080284,31.222215502000264,3.223974375587493 131.01039322708232,31.222215401367297,3.2692888586088302 131.01039345272457,31.222215291288936,3.3188919014122904 131.01039369258763,31.22221517426644,3.371386619342709 131.01039395005884,31.222215048652007,3.4276944029464915 131.01039421644953,31.222214918672204,3.4854544955210374 131.01039450845172,31.22221477620725,3.5492041954075195 131.0103948069986,31.222214630532072,3.613762698551086 131.01039512776407,31.22221447402223,3.683390064561909 131.01039545946077,31.222214312168344,3.755020054475544 131.01039580637274,31.222214142886457,3.829817427166218 131.0103961752949,31.22221396287121,3.9096291894311377 131.01039655164234,31.222213779217327,3.990493875776049 131.01039694683445,31.222213586369925,4.075514149527917 131.01039735714872,31.222213386139742,4.163679749421614 131.01039778575063,31.22221317698696,4.255850937946337 131.01039822638555,31.22221296195409,4.350330148726012 131.0103986893425,31.22221273603605,4.449911131273628 131.01039915904306,31.22221250681097,4.550366250306302 131.01039964456635,31.22221226986224,4.6541599204829485 131.0104001456363,31.22221202532413,4.76121747643528 131.0104006630688,31.222211772799746,4.871760278464286 131.01040119449576,31.22221151344101,4.985146518681852 131.01040173375296,31.22221125024659,5.09970618818231 131.0104022910162,31.22221097826628,5.218196267981704 131.0104028640733,31.222210698576216,5.3400168125759615 131.010403448877,31.222210413145216,5.46407221098422 131.01040405025552,31.222210119624407,5.591668537551862 131.01040466068557,31.22220982167371,5.720771220823895 131.01040528477773,31.22220951705013,5.852626222659345 131.01040592505373,31.222209204526795,5.987913035433971 131.01040658160653,31.2222088840584,6.126654815184158 131.010407247809,31.222208558868967,6.267063794345923 131.0104079271538,31.222208227259305,6.410080946913928 131.01040862461,31.222207886811766,6.557041301871459 131.01040934016976,31.222207537530053,6.707938841696294 131.01041005778333,31.222207187222743,6.858461165663568 131.01041079218817,31.22220682871958,7.01256490295335 131.01041154438693,31.222206461532508,7.170512587686416 131.01041230918216,31.222206088190248,7.330908415474931 131.0104130807204,31.222205711540788,7.492187090976883 131.01041387233195,31.22220532509796,7.657906204415424 131.01041467658197,31.22220493247912,7.826075397300557 131.0104154908101,31.222204534978747,7.995984826367083 131.01041632276747,31.22220413424913,8.169665856932802 131.01041716738584,31.222203727308585,8.345065543915558 131.0104180259432,31.222203315895168,8.523245164856238 131.01041890760388,31.222202895171048,8.706298986866194 131.01041979595087,31.222202473177887,8.889932250971894 131.0104206989351,31.222202045987903,9.076246764850875 131.0104216208384,31.22220161144825,9.266363472441403 131.0104225635904,31.222201168527608,9.460784366436194 131.0104235046308,31.222200728552977,9.653569905302334 131.01042446412526,31.222200281294327,9.85003263811011 131.010425451053,31.222199821957723,10.052532327935667 131.01042644346097,31.222199361828224,10.25529029116432 131.0104274446017,31.22219889924382,10.459166382379752 131.01042846675034,31.2221984275154,10.667400310169988 131.01042950644572,31.22219794827729,10.879086264547384 131.0104305546584,31.222197466429066,11.091843371349928 131.01043161444724,31.22219698022043,11.306484531460711 131.0104326934045,31.22219648507772,11.5250335140868 131.01043379175374,31.222195980540054,11.747566300744012 131.0104348907072,31.222195477809343,11.969082579198115 131.01043601108688,31.22219496406909,12.19514956155268 131.01043714425344,31.2221944443151,12.423476324570233 131.01043828891724,31.222193919231827,12.653726674546371 131.01043944283373,31.222193390176155,12.885304171509071 131.01044061884545,31.2221928480721,13.12171031465386 131.01044180594545,31.222192300134008,13.359980697669323 131.01044299738152,31.222191751248968,13.59827039455331 131.010444209205,31.22219118929004,13.84100481844791 131.01044543749654,31.222190616520688,14.087149368692288 131.01044666626763,31.22219004544522,14.332272940896864 131.01044791237783,31.22218946234431,14.581087283027642 131.01044917322474,31.222188868621608,14.832913636180097 131.0104504430814,31.222188268887383,15.086157886539928 131.01045172267297,31.22218766233145,15.341039403944311 131.01045301604418,31.222187044757995,15.59875009826248 131.0104543219839,31.22218641671561,15.85898321139068 131.01045563322208,31.222185785163266,16.119641118676203 131.01045696007594,31.2221851391458,16.38377902048612 131.01045830004273,31.22218448042044,16.65071955739173 131.01045964375217,31.222183819097168,16.917681300867265 131.0104610052311,31.22218313869885,17.188925354540558 131.01046237479974,31.22218244974676,17.461573054525157 131.0104637476084,31.22218175827032,17.73413144659841 131.01046513776407,31.2221810455748,18.01103178390463 131.0104665366036,31.222180321955864,18.28963793777755 131.0104679431933,31.222179588445623,18.56967324420594 131.0104693609885,31.22217883946108,18.852293978720503 131.0104707844006,31.22217808270561,19.13572735657316 131.0104722142382,31.22217731665696,19.4202606013038 131.01047365955367,31.222176525466203,19.709003476674287 131.01047510291687,31.22217573786424,19.99609803405063 131.01047656138553,31.222174923690865,20.28742216281554 131.01047802814278,31.222174093571912,20.58072831275992 131.01047949644192,31.222173260310687,20.873634699531767 131.01048097263845,31.22217241104256,21.168444442111127 131.01048246599575,31.22217152429883,21.46869977901084 131.0104839581967,31.222170638598406,21.767673084275064 131.01048545065547,31.222169752078884,22.06581002148649 131.01048696251627,31.22216881744969,22.370626550156043 131.01048846831716,31.22216789575217,22.67225879408516 131.01048998256053,31.22216695071289,22.97643040682018 131.01049151552917,31.222165950790167,23.28759546977616 131.01049303241203,31.222164994167976,23.59126959849376 131.01049456727142,31.22216398196388,23.901818361522206 131.01049611048904,31.2221629383496,24.21544091290985 131.01049764168314,31.222161930961192,24.522975981229376 131.0104991934052,31.22216084939677,24.83921732224958 131.0105007404808,31.222159778414888,25.152770249571496 131.01050228773607,31.222158702816536,25.465751290071488 131.01050385040972,31.222157559767982,25.785826016678623 131.01050540550955,31.22215644084141,26.10164943922727 131.0105069640886,31.222155301539875,26.418708781331564 131.0105085339611,31.222154102153105,26.741425317988508 131.01051009542823,31.222152934403432,27.05921201104116 131.01051166475517,31.22215171964915,27.38100115872584 131.01051323707736,31.22215047838258,27.70431984803635 131.01051480393753,31.2221492577854,28.024120830315088 131.01051638228512,31.22214795956744,28.350759927338583 131.01051795430382,31.22214668689756,28.67336669218877 131.01051952814194,31.22214539169504,28.99697073448604 131.01052111037168,31.22214402542916,29.326243501584017 131.01052268469343,31.22214269946197,29.6501744746758 131.01052426334246,31.222141328254608,29.97714913854396 131.0105258460493,31.222139908088025,30.307329504234087 131.01052742228245,31.22213852264412,30.632884056879423 131.01052900505618,31.222137065294937,30.96368254214308 131.01053058419689,31.22213561950001,31.292006845309537 131.01053216272763,31.22213416051599,31.620146786630297 131.01053374765843,31.22213261960884,31.954078612630905 131.01053532558393,31.22213112419289,32.28261567177136 131.01053690545902,31.222129588478328,32.613264383314096 131.01053848990685,31.22212798114037,32.94856560180616 131.01054006608035,31.2221264373599,33.27709090599349 131.0105416486762,31.222124800853,33.611982172467094 131.0105432288026,31.22212316572398,33.945311698854354 131.0105448058081,31.22212154111177,34.276387545086074 131.01054638886964,31.222119822995545,34.61368307244192 131.0105479658456,31.22211814851641,34.946012796120755 131.01054954463075,31.22211642893804,35.280599480208586 131.01055112512665,31.22211466523058,35.61731961652745 131.01055270060107,31.222112934095687,35.9500368530642 131.01055428118048,31.222111122414727,36.287800556177245 131.01055585782245,31.222109331509834,36.622515873301154 131.0105574337076,31.222107526488447,36.95698374492842 131.01055901479273,31.222105645656093,37.296114404248925 131.01056058998816,31.2221038061082,37.630592102995486 131.0105621677563,31.222101920969312,37.96735323143118 131.0105637471623,31.222100002538703,38.30543408121439 131.0105653224644,31.22209810612001,38.64041458676434 131.01056690572332,31.22209612156817,38.98117168503602 131.01056848250616,31.222094180548915,39.31710258592536 131.0105700616161,31.22209220521712,39.6545126967435 131.0105716488804,31.22209015261676,39.99697943249812 131.01057322572763,31.22208817119584,40.33231479857424 131.0105748136002,31.222086095649743,40.674192829316674 131.0105763969305,31.22208404543789,41.01273108784677 131.01057798168074,31.22208197657304,41.351604256910775 131.01057957492517,31.222079845366512,41.69460285437361 131.01058116056828,31.22207775721468,42.03271774010433 131.01058275736227,31.222075595403503,42.37605910380236 131.0105843514351,31.222073446653265,42.71713112362104 131.01058594551256,31.22207129364297,43.05743137939786 131.010587552606,31.22206906878552,43.40310950214948 131.01058914974604,31.222066894335704,43.743130899015696 131.01059076052334,31.222064650335888,44.0884814689572 131.01059236904007,31.2220624178634,44.43175028486922 131.010593979619,31.222060175533606,44.77491685033203 131.0105956047937,31.22205787051225,45.12313097276846 131.01059721855674,31.222055615826942,45.465505511911054 131.01059885181755,31.22205328273447,45.81464080491245 131.01060047782124,31.222050981743,46.159696352391165 131.0106021110996,31.22204865507964,46.50642731578147 131.01060375812227,31.222046282098,46.85708352529565 131.01060539409826,31.222043952394618,47.20241471589136 131.01060705209937,31.22204155052633,47.55452029060623 131.0106087033163,31.222039176735016,47.90288809357431 131.01061036229663,31.22203678195612,48.25273749828588 131.0106120382688,31.22203433963788,48.60710069915802 131.01061370054452,31.222031944848418,48.95549759784975 131.01061538962227,31.222029475579525,49.311557532068775 131.01061707121224,31.22202703488422,49.66376361226347 131.01061876095127,31.22202457673777,50.01731447959988 131.0106204638749,31.22202208883568,50.37373334548474 131.01062215901817,31.22201962861068,50.72632064584194 131.01062388109565,31.222017103713164,51.08601172753956 131.01062559228595,31.222014614569545,51.4409125583448 131.01062731820355,31.222012094422617,51.7990071828398 131.010629052645,31.2220095603524,52.1583103472495 131.01063078118784,31.222007048026008,52.5144512176818 131.0106325425269,31.222004463092485,52.87908410688424 131.01063428417967,31.222001933417967,53.236418287591 131.01063605108027,31.221999350619587,53.59990838043369 131.01063781772015,31.22199677623604,53.961921074315605 131.010639585497,31.221994206560776,54.322899565815206 131.01064137821407,31.221991586315028,54.68982701847944 131.01064315656555,31.221989007038687,55.05116405191177 131.01064496198447,31.221986372503075,55.419053665459 131.0106467606815,31.221983761035467,55.78360990776441 131.01064856791157,31.22198113716959,56.14930264177276 131.0106503919508,31.22197848166837,56.51854488994628 131.01065220416297,31.22197586084645,56.88299480688419 131.01065404845443,31.221973172182928,57.255478974268286 131.0106558784334,31.221970523994795,57.62245579614834 131.01065772934183,31.22196783310632,57.99425193955257 131.01065957770018,31.221965154840472,58.36399985650088 131.0106614285298,31.221962477206045,58.733180924795455 131.01066329850192,31.221959758836565,59.10675988357696 131.0106651570451,31.221957074723367,59.47567972700477 131.01066704570732,31.22195432036916,59.852367928474976 131.01066892033407,31.2219516070428,60.22361796190079 131.01067080818507,31.221948864782032,60.59764455439016 131.0106727046551,31.221946104098297,60.97312101811542 131.01067459194618,31.221943373016146,61.3445914504612 131.0106765010452,31.22194058560398,61.721667408233856 131.0106784076148,31.221937808402352,62.09684889941264 131.01068030957606,31.22193504851509,62.46943774765062 131.010682224484,31.22193225311345,62.84506046383588 131.0106841475319,31.22192943423669,63.222287039397216 131.01068606648437,31.221926629932856,63.597149932427726 131.0106879862834,31.22192382495149,63.971252290336736 131.01068991523815,31.221920990120022,64.34743920253423 131.01069184588383,31.221918149041027,64.7232746999337 131.01069377598728,31.22191530956257,65.09799882002865 131.01069570719855,31.221912465362657,65.47220210971342 131.0106976430353,31.221909601814048,65.8471879070968 131.0106995790709,31.22190673474656,66.22143425941007 131.01070151509433,31.22190386472414,66.59488001749288 131.010703452372,31.22190098567836,66.96803005179926 131.0107053903475,31.22189809886844,67.34072645008088 131.0107073281496,31.22189520735722,67.71267414014658 131.01070926572453,31.221892310699648,68.08388415260704 131.01071120386135,31.221889404164006,68.45471050112403 131.0107131420147,31.22188648936176,68.82498141342944 131.01071507985677,31.22188356714896,69.19459900195133 131.01071701663273,31.22188064085976,69.5632790519451 131.01071895223535,31.22187771052097,69.93100120404704 131.0107208882853,31.22187476596477,70.29850308849421 131.01072282264593,31.2218718187432,70.66489026706154 131.01072475633325,31.221868862309968,71.03063154223422 131.01072668886223,31.221865898902887,71.39553962363786 131.0107286205213,31.221862926060183,71.75977067127951 131.0107305502289,31.221859950412696,72.12284253044925 131.01073247890096,31.221856965434284,72.48519823719234 131.01073440631876,31.22185397205517,72.84675459570094 131.01073633182344,31.22185097464629,73.20720545678935 131.01073825627864,31.22184796678727,73.56697418367197 131.01074017963603,31.221844948492983,73.92604602077802 131.0107421005549,31.221841929655728,74.28376549188502 131.0107440204978,31.221838899417094,74.64084325042995 131.01074593863896,31.22183586397464,74.99687008052636 131.0107478550864,31.221832822709008,75.35188818753412 131.0107497700114,31.22182977455618,75.70596761404298 131.01075168367095,31.221826717890902,76.05921502386134 131.01075359576723,31.22182365536245,76.41146617125504 131.0107555066224,31.2218205850315,76.76285187944798 131.01075741589534,31.221817509962925,77.11318555566697 131.0107593238854,31.22181442854304,77.46258028195356 131.0107612302753,31.221811343695723,77.8108613732179 131.0107631356175,31.221808252191227,78.15824816006884 131.01076504020986,31.221805152811413,78.50483416182799 131.0107669436397,31.221802049186,78.85040281395263 131.01076884619147,31.22179894018243,79.19504395607896 131.01077074795683,31.221795826068817,79.53875907535526 131.0107726482992,31.2217927116308,79.88125419786176 131.01077454845995,31.22178959005416,80.22299693681002 131.01077644758396,31.22178646742692,80.56360775846275 131.0107783470302,31.221783336732656,80.90357746023555 131.01078024560735,31.22178020566018,81.24241388130106 131.01078214494095,31.221777066150576,81.58068788315721 131.0107840436152,31.221773926697647,81.9178442709738 131.0107859422511,31.22177078473297,82.25408127466821 131.01078784172526,31.221767636843,82.58966676513552 131.01078974148032,31.22176448667066,82.92437230905264 131.0107916411092,31.221761336765567,83.25803771170794 131.0107935422349,31.221758180524592,83.5911680759478 131.01079544369009,31.22175502400628,83.92335056746823 131.0107973465799,31.22175186312183,84.25491281026268 131.01079925018445,31.22174870163552,84.58560108254157 131.0108011546267,31.221745539604857,84.91543372837795 131.01080306040615,31.221742375690635,85.2445391994148 131.0108049676715,31.221739209987057,85.57293756394778 131.0108068762021,31.22173604389436,85.90054367715977 131.0108087862204,31.22173287710437,86.2274047782017 131.01081069740923,31.2217297112284,86.55341382285405 131.01081261114086,31.22172654197976,86.87894167451337 131.01081452586115,31.221723375155907,87.203536954817 131.0108164432177,31.221720205594284,87.52764446164058 131.01081836243483,31.221717036303342,87.85103597347059 131.01082028257767,31.221713870542903,88.17345141116401 131.01082220560593,31.22171070239186,88.49540887026441 131.01082413034317,31.22170753587753,88.81658299044611 131.01082605637114,31.22170437245104,89.13685968477564 131.01082798543555,31.22170120704079,89.4566911503491 131.01082991558098,31.221698045715343,89.77556131089212 131.01083184833047,31.221694884066856,90.09386374981756 131.01083378430192,31.221691720471863,90.41175212999184 131.010835721177,31.2216885617568,90.72863057833136 131.01083766012627,31.221685404546303,91.0448007949348 131.01083960117887,31.22168224880835,91.36026998961934 131.01084154519333,31.22167909210616,91.6752568482384 131.0108434908858,31.22167593808077,91.98943872930944 131.0108454384263,31.2216727861849,92.30286311284937 131.01084738862787,31.221669634029297,92.61573925351136 131.01084934046008,31.22166648444361,92.92781276996152 131.01085129385123,31.22166333750477,93.23907220132004 131.01085325036985,31.221660188552736,93.54991932597528 131.01085520728833,31.221657045257,93.85967515478798 131.01085716801143,31.22165389754458,94.16920655250384 131.01085912952442,31.221650753945024,94.47776259468878 131.01086109312038,31.221647610432846,94.785679752972 131.0108630583816,31.22164446794877,95.09286332301188 131.0108650257889,31.221641324721087,95.39944741786104 131.01086699454513,31.22163818283236,95.70524137828608 131.01086896452378,31.221635042352776,96.0102249607022 131.0108709357576,31.221631902818885,96.3144196404516 131.01087290862023,31.221628762618312,96.61793639869056 131.01087488180147,31.22162562559317,96.92044963973125 131.01087685649796,31.22162248739877,97.2222853550253 131.0108788318745,31.2216193503352,97.5232412349596 131.01088080783583,31.221616214302628,97.82330685954908 131.0108827843064,31.221613079100848,98.12247774777389 131.01088476207715,31.221609941335608,98.42098325277928 131.01088673923385,31.22160680750351,98.71832443974829 131.01088871734476,31.221603671288367,99.01494165462104 131.01089069613835,31.221600533019327,99.31078184009571 131.01089267463848,31.221597395998376,99.60559269632355 131.01089465326615,31.221594258041083,99.89950688437015 131.0108966319149,31.22159111896273,100.19251325274342 131.0108986106442,31.22158797787717,100.48464736013828 131.0109005880279,31.22158484052836,100.77551660416071 131.01090256522733,31.221581701247377,101.06547046915422 131.01090454191458,31.22157856081964,101.35443367248548 131.01090651763147,31.22157542086568,101.642287411268 131.01090849308085,31.22157227735748,101.92925754844477 131.01091046696587,31.22156913622506,102.21497073180517 131.01091243959786,31.221565995500217,102.499532644081 131.0109144121583,31.22156284818689,102.78332410447068 131.01091638345287,31.221559700057387,103.06599416297628 131.01091835296918,31.22155655368425,103.34739184007952 131.01092032159576,31.221553403503684,103.62780948765835 131.0109222888587,31.221550251691426,103.90711123617504 131.0109242547835,31.221547097654817,104.18531625605377 131.01092621935007,31.221543941072472,104.46242871496 131.01092818243842,31.221540782298625,104.73841900608728 131.010930143582,31.22153762406161,105.01314115495728 131.01093210311555,31.221534463890595,105.2867117492064 131.0109340609484,31.22153130207952,105.5591070752862 131.0109360167532,31.22152814067687,105.8302220560548 131.0109379707532,31.22152497798659,106.10013404581728 131.0109399239522,31.22152180666264,106.369182361486 131.01094187450065,31.22151863981687,106.63674703720037 131.0109438234003,31.22151547031632,106.90316285059608 131.01094577081625,31.22151229689956,107.16848310502372 131.01094771625367,31.221509123245703,107.43253887943622 131.01094965987042,31.221505948333995,107.6953784926712 131.010951601396,31.221502774317,107.95690721502528 131.01095354131127,31.221499597872874,108.21727672651149 131.01095547974387,31.221496418334144,108.47651930045396 131.0109574160269,31.22149324086204,108.73441068451883 131.01095935080068,31.22149006114267,108.99114817644812 131.01096128439517,31.221486877241453,109.24682309355627 131.010963216495,31.221483691857287,109.5013234612722 131.01096514659417,31.22148050891997,109.75448390185956 131.01096707528248,31.22147732477476,110.00647489507588 131.01096900310665,31.22147413630919,110.25744455467712 131.0109709297365,31.221470946346173,110.50727856750002 131.01097285506134,31.22146775611852,110.7559329168816 131.01097477910005,31.22146456601484,111.00340152682227 131.01097670234424,31.22146137354044,111.24980951005352 131.01097862406868,31.221458183734462,111.4949414534756 131.0109805455528,31.221454989480407,111.7391355129821 131.01098246620182,31.221451795013408,111.98221322701971 131.01098438644257,31.22144859845905,112.22427572028572 131.01098630577192,31.22144540322219,112.46517885008612 131.01098822427792,31.22144220929948,112.70493620930382 131.0109901428423,31.22143901261908,112.9437577452506 131.01099206132707,31.22143581461772,113.18159301333796 131.0109939801995,31.221432613554644,113.41854371622117 131.01099589841382,31.22142941514696,113.65434588196544 131.01099781657803,31.22142621685945,113.8891382750612 131.01099973592196,31.221423013572803,114.12319634502742 131.01100165465135,31.22141981414212,114.35609097066764 131.01100357442164,31.221416611500675,114.58819640598686 131.01100549449424,31.221413409505168,114.81933290708427 131.01100741424284,31.221410211190246,115.04935532807856 131.0110093347298,31.22140701246102,115.27849325211352 131.01101125559455,31.221403815291744,115.50665873582656 131.01101317699263,31.22140061942589,115.73387976270088 131.01101509900397,31.221397424918926,115.96016767385224 131.01101702170544,31.221394231824046,116.18553346646968 131.0110189451706,31.22139104019218,116.4099877649933 131.01102086946935,31.22138785007176,116.63354078533376 131.01102279466804,31.22138466150868,116.85620230008529 131.0110247208289,31.221381474546128,117.07798162461413 131.01102664801027,31.22137828922452,117.29888757431912 131.011028576266,31.221375105581345,117.51892844773708 131.0110305056457,31.221371923651127,117.73811200467829 131.0110324361944,31.22136874346532,117.95644544436152 131.01103436795248,31.221365565052245,118.1739353825544 131.0110363009555,31.221362388437,118.39058783964964 131.01103823523425,31.221359213641463,118.60640822774424 131.01104017081462,31.221356040684284,118.82140132877504 131.01104210771757,31.22135286958072,119.03557130147804 131.01104404595904,31.22134970034276,119.24892165355988 131.01104598555,31.22134653297907,119.46145525263316 131.01104792649645,31.22134336749497,119.67317431329651 131.01104986879943,31.22134020389249,119.88408039315992 131.01105181245487,31.22133704217037,120.09417439980508 131.01105375745396,31.221333882324057,120.30345659277432 131.01105570378297,31.221330724345844,120.5119265805889 131.01105765142347,31.22132756822485,120.71958334063198 131.01105960035224,31.22132441394713,120.92642520423648 131.0110615505416,31.22132126149569,121.13244989943044 131.01106350195937,31.22131811085061,121.33765453503152 131.01106545456906,31.22131496198916,121.54203562450392 131.01106740832995,31.22131181488583,121.74558910484429 131.01106936319744,31.22130866951248,121.94831034652135 131.01107131912283,31.22130552583845,122.15019417931944 131.01107327605396,31.22130238383069,122.35123490128343 131.01107523393503,31.221299243453867,122.55142631748488 131.01107719270703,31.221296104670536,122.75076174399584 131.01107915230787,31.22129296744123,122.9492340496364 131.01108111267249,31.22128983172468,123.14683566392496 131.01108307373326,31.22128669747788,123.3435586208128 131.0110850354201,31.22128356465632,123.53939457259791 131.01108699766073,31.221280433214105,123.73433482471374 131.0110889603808,31.221277303104102,123.92837035858828 131.01109092350438,31.221274174278168,124.12149187438492 131.01109288695403,31.22127104668725,124.31368981087842 131.01109485065095,31.22126792028161,124.50495437726164 131.01109681451558,31.22126479501097,124.69527558892668 131.01109877846747,31.22126167082467,124.88464329728198 131.01110074242567,31.22125854767185,125.07304722155646 131.0111027063092,31.22125542550164,125.26047698756456 131.01110467003687,31.22125230426328,125.4469221426106 131.01110663352785,31.221249183906306,125.632372215128 131.01110859670172,31.22124606438073,125.81681671865088 131.01111055947896,31.22124294563716,126.00024520250396 131.0111125217809,31.221239827626984,126.18264728062644 131.01111448353012,31.22123671030252,126.3640126554246 131.01111644465067,31.221233593617097,126.54433115951518 131.01111840506823,31.22123047752532,126.72359277361495 131.0111203647103,31.22122736198303,126.9017876732552 131.01112232350656,31.22122424694759,127.07890623871756 131.0111242813889,31.221221132377885,127.2549390937972 131.01112623829164,31.22121801823452,127.4298771336316 131.01112819415175,31.2212149044798,127.60371154457675 131.01113014890905,31.221211791077984,127.77643383302969 131.0111321025063,31.221208677995246,127.94803585524616 131.0111340548895,31.22120556519979,128.1185098312521 131.01113600600772,31.22120245266196,128.28784836273405 131.01113795581355,31.221199340354207,128.45604447180088 131.01113990426313,31.221196228251262,128.62309159800003 131.0111418513162,31.221193116330088,128.78898363409783 131.01114379693618,31.221190004569912,128.9537149340292 131.0111457410904,31.22118689295233,129.11728031786518 131.01114768374995,31.221183781461257,129.27967510759512 131.01114962489,31.221180670082934,129.44089511917127 131.0111515644897,31.22117755880596,129.60093668636358 131.01115350253212,31.2211744476213,129.75979665578768 131.0111554390045,31.221171336522207,129.91747240578857 131.0111573738982,31.22116822550429,130.07396184544606 131.0111593072086,31.22116511456538,130.22926342550687 131.0111612389351,31.221162003705583,130.38337612844236 131.01116316908133,31.221158892927217,130.53629948137188 131.01116509765475,31.22115578223472,130.68803355506512 131.01116702466695,31.22115267163464,130.83857895102207 131.01116895013337,31.221149561135576,130.98793680445212 131.01117087407334,31.22114645074809,131.13610878427627 131.01117279650995,31.221143340484648,131.28309707622662 131.01117471747,31.22114023035953,131.4289043838419 131.01117663698386,31.22113712038881,131.57353390660015 131.01117855508545,31.221134010590184,131.71698934488737 131.01118047181205,31.22113090098295,131.859274877138 131.01118238720412,31.221127791587925,132.00039514492502 131.01118430130535,31.2211246824273,132.14035524699685 131.0111862141623,31.22112157352461,132.27916071244107 131.01118812582456,31.2211184649046,132.41681748975094 131.01119003634415,31.22111535659313,132.55333192993038 131.01119194577572,31.221112248617107,132.688710762638 131.01119385417627,31.22110914100435,132.82296107432245 131.01119576160505,31.22110603378352,132.95609028834352 131.01119766812317,31.221102926983995,133.0881061560288 131.01119957379348,31.221099820635807,133.21901670200563 131.01120147868073,31.221096714769512,133.3488302351382 131.01120338285085,31.22109360941611,133.47755530081793 131.0112052863711,31.221090504606924,133.60520066704893 131.01120718930977,31.221087400373523,133.73177529065703 131.01120909173602,31.22108429674767,133.8572882974109 131.0112109937196,31.22108119376113,133.98174895618132 131.01121289533077,31.221078091445666,134.10516664912566 131.01121479664,31.221074989832903,134.2275508468387 131.0112166977178,31.221071888954285,134.34891107257383 131.01121859863457,31.22106878884092,134.46925689926312 131.0112204994603,31.221065689523574,134.58859788988104 131.01122240026464,31.221062591032545,134.70694359744755 131.0112243011162,31.221059493397583,134.82430352328356 131.01122620208287,31.221056396647867,134.94068710111063 131.01122810323145,31.221053300811857,135.05610365729328 131.01123000462744,31.22105020591728,135.1705624068665 131.01123190633476,31.22104711199105,135.28407240682236 131.01123380841585,31.221044019059217,135.3966425421951 131.0112357109314,31.22104092714688,135.50828150419835 131.01123761393987,31.22103783627813,135.61899776637082 131.01123951749804,31.221034746476064,135.72879955277128 131.01124142166003,31.221031657762648,135.8376948340068 131.0112433264779,31.22102857015872,135.9456912914504 131.011245232001,31.221025483683967,136.05279630631054 131.0112471382761,31.221022398356823,136.15901694372923 131.01124904534728,31.22101931419449,136.264359922965 131.01125095325563,31.22101623121288,136.36883161540752 131.01125286203947,31.221013149426604,136.47243801972922 131.0112547717339,31.221010068848937,136.57518475095455 131.01125668237094,31.22100698949181,136.67707702952697 131.01125859397945,31.22100391136577,136.7781196703777 131.01126050658505,31.221000834479984,136.8783170660287 131.01126242020993,31.22099775884225,136.9776731836139 131.01126433487303,31.22099468445892,137.07619155692635 131.01126625058984,31.220991611335023,137.17387527051798 131.01126816737244,31.22098853947413,137.27072696963907 131.0112700852295,31.22098546887847,137.366748842348 131.0112720041662,31.22098239954883,137.46194262547618 131.01127392418425,31.22097933148469,137.55630959369486 131.01127584528203,31.22097626468416,137.6498505744249 131.0112777674544,31.220973199143984,137.74256592398214 131.01127969069296,31.220970134859662,137.83445556037933 131.01128161498588,31.220967071825378,137.92551893748174 131.01128354031803,31.220964010034063,138.0157550698576 131.01128546667113,31.22096094947745,138.10516252582013 131.01128739402364,31.220957890146085,138.19373944333012 131.011289322351,31.22095483202937,138.2814835290021 131.0112912516256,31.22095177511561,138.3683920720196 131.01129318181688,31.22094871939208,138.45446195407456 131.01129511289145,31.220945664845008,138.53968965831115 131.0112970448132,31.220942611459705,138.62407128324216 131.0112989775434,31.22093955922057,138.70760254572886 131.01130091104088,31.220936508111176,138.79027881576894 131.01130284526195,31.220933458114263,138.87209511252075 131.01130478016074,31.22093040921189,138.95304612119745 131.01130671568927,31.22092736138543,139.03312621791716 131.01130865179752,31.22092431461566,139.11232948262156 131.01131058843373,31.2209212688828,139.19064971497855 131.01131252554427,31.220918224166606,139.26808044929007 131.01131446307414,31.220915180446443,139.34461498430963 131.01131640096685,31.220912137701287,139.4202463931798 131.01131833916466,31.22090909590989,139.49496754430427 131.0113202776088,31.22090605505076,139.56877112420716 131.0113222162395,31.22090301510228,139.64164965442802 131.01132415499632,31.22089997604273,139.7135955223331 131.01132609381816,31.22089693785043,139.78460099204787 131.01132803264355,31.22089390050373,139.85465822135072 131.01132997141067,31.22089086398109,139.92375930043684 131.01133191005766,31.220887828261183,139.99189625887328 131.01133384852275,31.22088479332292,140.05906109740414 131.01133578674427,31.220881759145488,140.1252457998754 131.01133772466108,31.22087872570852,140.1904423570884 131.01133966221246,31.22087569299198,140.25464280258055 131.0113415993385,31.22087266097637,140.31783920467072 131.01134353598,31.22086962964272,140.38002372112592 131.01134547207894,31.22086659897259,140.4411885941888 131.01134740757834,31.220863568948232,140.50132618238305 131.01134934242253,31.22086053955252,140.56042898038947 131.0113512765573,31.22085751076904,140.6184896359428 131.01135320992995,31.220854482582148,140.67550096573132 131.0113551424897,31.220851454976977,140.7314559822339 131.0113570741873,31.220848427939444,140.786347908626 131.01135900497565,31.220845401456348,140.84017018772383 131.0113609348096,31.22084237551532,140.8929165108079 131.01136286364633,31.22083935010489,140.94458082457862 131.01136479144515,31.220836325214474,140.99515735302177 131.01136671816784,31.22083330083441,141.04464060535923 131.01136864377858,31.220830276956,141.09302539493177 131.01137056824416,31.220827253571382,141.1403068461555 131.01137249153396,31.22082423067373,141.1864804094315 131.01137441362008,31.22082120825709,141.231541878039 131.01137633447732,31.220818186316475,141.27548738515551 131.0113782540834,31.22081516484778,141.31831342174442 131.01138017241885,31.220812143847866,141.36001684450756 131.01138208946705,31.22080912331444,141.4005948768767 131.0113840052144,31.220806103246147,141.44004512690574 131.01138591965022,31.220803083642448,141.47836557633445 131.0113878327668,31.220800064503702,141.5155545964935 131.01138974455947,31.220797045831063,141.55161094929625 131.01139165502644,31.22079402762648,141.58653378624484 131.01139356416903,31.22079100989267,141.62032265240643 131.0113954719915,31.220787992633102,141.65297748839967 131.011397378501,31.22078497585195,141.68449861747453 131.0113992837076,31.220781959554067,141.71488676042088 131.0114011876244,31.22077894374493,141.74414302264725 131.01140309026715,31.220775928430623,141.77226889219324 131.0114049916546,31.22077291361784,141.7992662327725 131.011406891808,31.220769899313755,141.825137286755 131.01140879075152,31.220766885526047,141.84988465628143 131.0114106885118,31.220763872262847,141.8735113052529 131.011412585118,31.220760859532728,141.89602053845783 131.0114144806018,31.220757847344583,141.91741601847096 131.01141637499722,31.22075483570769,141.93770171993083 131.01141826834052,31.22075182463161,141.95688194445125 131.01142016067013,31.22074881412613,141.97496130173698 131.0114220520266,31.22074580420129,141.99194469467508 131.01142394245235,31.22074279486728,142.00783730740886 131.0114258319917,31.22073978613443,142.02264459043028 131.0114277206906,31.220736778013208,142.03637225362297 131.0114296085968,31.22073377051412,142.04902623545132 131.01143149575938,31.22073076364771,142.0606127039561 131.01143338222872,31.2207277574245,142.0711380329002 131.0114352680565,31.220724751855016,142.08060878288623 131.01143715329545,31.220721746949696,142.08903168644818 131.0114390379993,31.220718742718866,142.09641363513134 131.01144092222253,31.220715739172743,142.10276165563977 131.01144280602023,31.220712736321392,142.10808289194645 131.01144468944818,31.220709734174687,142.11238458939133 131.0114465725623,31.220706732742286,142.11567408076883 131.011448455419,31.22070373203365,142.11795875253387 131.01145033807458,31.22070073205796,142.11924604679228 131.0114522205854,31.220697732824128,142.11954342651464 131.01145410300757,31.22069473434077,142.11885836062712 131.01145598539696,31.22069173661623,142.11719830711783 131.01145786780884,31.22068873965848,142.1145706971342 131.01145975029797,31.22068574347517,142.1109829101362 131.01146163291833,31.220682748073607,142.10644225998314 131.0114635157229,31.220679753460725,142.10095597604865 131.01146539876396,31.220676759643087,142.09453118235183 131.01146728209227,31.220673766626863,142.087174886623 131.01146916575755,31.22067077441785,142.0788939544638 131.01147104980802,31.22066778302144,142.06969510636696 131.0114729342905,31.220664792442594,142.05958488491603 131.0114748192501,31.22066180268592,142.04856965081257 131.01147670473028,31.22065881375556,142.0366555639913 131.01147859077253,31.220655825655303,142.02384856771883 131.01148047741648,31.22065283838849,142.01015438163725 131.0114823646998,31.220649851958058,141.99557847691582 131.01148425265785,31.220646866366536,141.98012607227685 131.01148614132396,31.220643881616056,141.9638021210753 131.0114880307291,31.22064089770836,141.94661129738415 131.0114899209019,31.22063791464476,141.9285579880447 131.01149181186858,31.2206349324262,141.90964628471394 131.01149370365275,31.22063195105323,141.8898799659758 131.01149559627572,31.22062897052604,141.8692625003228 131.01149748975598,31.220625990844447,141.84779703323596 131.01149938410953,31.22062301200789,141.82548638320912 131.01150127934963,31.220620034015504,141.802333034791 131.011503175487,31.220617056866026,141.77833913361695 131.01150507252945,31.22061408055792,141.7535064764695 131.01150697048217,31.220611105089297,141.72783652817495 131.0115088693477,31.220608130458004,141.70133039476767 131.0115107691256,31.22060515666159,141.67398883740492 131.011512669813,31.22060218369729,141.64581227137242 131.0115145714042,31.220599211562178,141.61680075912855 131.01151647389077,31.22059624025297,141.58695401825284 131.01151837726164,31.220593269766248,141.5562714204536 131.01152028150312,31.22059030009834,141.52475199852535 131.011522186599,31.22058733124539,141.4923944413773 131.01152409253035,31.2205843632034,141.4591971099372 131.01152599927596,31.220581395968168,141.42515803615615 131.011527906812,31.220578429535383,141.39027493394224 131.01152981511245,31.220575463900623,141.3545451961762 131.01153172414882,31.220572499059354,141.3179659126037 131.0115336338905,31.22056953500696,141.28053388275487 131.01153554430476,31.2205665717388,141.242245602028 131.0115374553567,31.22056360925016,141.20309730144692 131.01153936700956,31.22056064753629,141.16308494070225 131.0115412792247,31.220557686592503,141.12220421808905 131.01154319196166,31.220554726414097,141.0804505943626 131.01154510517836,31.2205517669964,141.03781929372758 131.01154701883115,31.22054880833484,140.9943053227261 131.01154893287497,31.22054585042487,140.94990348613635 131.0115508472634,31.22054289326209,140.90460839393052 131.01155276194882,31.220539936842208,140.85841447717607 131.01155467688253,31.220536981161057,140.8113160108958 131.01155659201484,31.22053402621461,140.7633071200294 131.0115585072953,31.22053107199908,140.71438179931172 131.01156042267263,31.22052811851077,140.6645339251982 131.01156233809513,31.22052516574625,140.61375728170643 131.01156425351053,31.22052221370229,140.5620455673728 131.01156616886632,31.220519262375888,140.50939241115256 131.0115680841097,31.220516311764296,140.45579139726937 131.01156999918794,31.22051336186499,140.40123607515173 131.01157191404835,31.220510412675736,140.34571998129903 131.0115738286384,31.220507464194583,140.28923664723163 131.011575742906,31.22050451641984,140.23177962632596 131.01157765679946,31.22050156935009,140.1733425067348 131.01157957026777,31.22049862298424,140.1139189272882 131.01158148326056,31.22049567732148,140.05350259140914 131.01158339572837,31.220492732361294,139.99208728400723 131.0115853076227,31.22048978810346,139.92966689831576 131.01158721889624,31.220486844548063,139.86623543390215 131.0115891295027,31.220483901695484,139.80178701952593 131.01159103939733,31.22048095954637,139.7363159369958 131.0115929485367,31.2204780181017,139.66981661818275 131.01159485687896,31.220475077362675,139.6022836768286 131.0115967643839,31.220472137330805,139.53371190655523 131.0115986710131,31.220469198007848,139.46409630372472 131.01160057672996,31.220466259395813,139.39343207638444 131.01160248149984,31.22046332149692,139.32171466116347 131.01160438529004,31.220460384313657,139.2489397242655 131.01160628807008,31.220457447848688,139.1751031813465 131.01160818981154,31.22045451210485,139.10020120347875 131.01161009048832,31.220451577085203,139.0242302290772 131.0116119900766,31.22044864279289,138.9471869698627 131.0116138885549,31.220445709231267,138.86906842278944 131.01161578590418,31.22044277640373,138.7898718700431 131.01161768210787,31.220439844313816,138.70959489096987 131.0116195771519,31.220436912965106,138.6282353720148 131.01162147102465,31.220433982361246,138.54579149876966 131.01162336371715,31.22043105250588,138.46226177684625 131.01162525522307,31.220428123402687,138.37764501696796 131.0116271455386,31.22042519505532,138.291940354847 131.0116290346624,31.220422267467345,138.20514723826517 131.01163092259597,31.22041934064232,138.11726543999367 131.01163280934324,31.22041641458367,138.0282950508368 131.0116346949108,31.220413489294703,137.93823648261437 131.01163657930783,31.220410564778625,137.84709046319142 131.01163846254596,31.22040764103844,137.75485803747355 131.01164034463943,31.220404718077,137.66154056044925 131.01164222560485,31.22040179589695,137.5671397011662 131.0116441054614,31.22039887450069,137.4716574298114 131.01164598423043,31.220395953890417,137.3750960206933 131.01164786193593,31.22039303406804,137.27745802838731 131.01164973860386,31.220390115035208,137.17874631159228 131.01165161426243,31.220387196793272,137.07896399635476 131.01165348894213,31.22038427934328,136.9781144810399 131.01165536267533,31.22038136268596,136.87620143136246 131.01165723549644,31.22037844682172,136.77322876050908 131.0116591074417,31.22037553175058,136.66920062814506 131.01166097854914,31.220372617472293,136.56412142053728 131.01166284885852,31.220369703986208,136.4579957525422 131.0116647184111,31.22036679129132,136.3508284387831 131.01166658724972,31.22036387938625,136.2426244986207 131.0116684554185,31.220360968269304,136.1333891293187 131.01167032296283,31.22035805793837,136.02312770405527 131.01167218992924,31.220355148390983,135.9118457480713 131.0116740563653,31.22035223962436,135.79954893370086 131.0116759223195,31.22034933163533,135.68624305751177 131.01167778784105,31.220346424420367,135.57193403434397 131.01167965297986,31.22034351797564,135.45662787544256 131.01168151778623,31.220340612296976,135.3403306765326 131.01168338231108,31.22033770737988,135.2230486039051 131.01168524660537,31.22033480321955,135.10478787354438 131.01168711072032,31.22033189981092,134.98555474119107 131.0116889747071,31.22032899714862,134.86535548246331 131.0116908386168,31.220326095227048,134.74419638291897 131.01169270250017,31.22032319404036,134.6220837132078 131.01169456640758,31.22032029358248,134.49902372310936 131.01169643038892,31.22031739384713,134.37502262065982 131.0116982944934,31.220314494827885,134.250086557246 131.01170015876951,31.220311596518144,134.12422160772493 131.01170202326475,31.220308698911182,133.99743376744493 131.01170388802564,31.22030580200017,133.8697289273969 131.01170575309754,31.22030290577816,133.74111286526932 131.01170761852467,31.2203000102382,133.61159122457758 131.01170948434967,31.220297115373263,133.48116950273524 131.01171135061384,31.22029422117632,133.34985304509323 131.01171321735688,31.220291327640368,133.21764702207787 131.01171508461678,31.220288434758448,133.08455642621175 131.01171695242977,31.22028554252364,132.95058604726245 131.01171882083008,31.220282650929136,132.81574047622237 131.0117206898501,31.220279759968246,132.68002407846976 131.01172255952022,31.220276869634407,132.54344099476452 131.01172442986842,31.2202739799212,132.40599512932084 131.01172630092074,31.220271090822443,132.26769013489826 131.01172817270083,31.220268202332115,132.12852940783108 131.01173004523,31.220265314444465,131.98851608306083 131.0117319185272,31.22026242715397,131.84765302817092 131.011733792609,31.22025954045541,131.70594282251434 131.01173566748932,31.220256654343835,131.5633877691408 131.0117375431797,31.22025376881464,131.4199898788939 131.01173941968906,31.220250883863503,131.2757508733919 131.0117412970238,31.22024799948653,131.1306721750892 131.01174317518772,31.22024511568016,130.98475490329943 131.01174505418194,31.22024223244119,130.83799988115277 131.01174693400506,31.22023934976686,130.69040762863827 131.01174881465295,31.22023646765481,130.54197835962142 131.01175069611912,31.22023358610311,130.3927119868132 131.01175257839424,31.220230705110247,130.24260811679963 131.01175446146655,31.220227824675195,130.09166606693947 131.01175634532174,31.22022494479737,129.9398848444887 131.01175822994304,31.22022206547664,129.78726317145043 131.01176011531123,31.220219186713376,129.63379947463326 131.01176200140463,31.22021630850844,129.47949189757878 131.01176388819928,31.2202134308631,129.32433830553032 131.01176577566895,31.220210553779246,129.16833628940768 131.01176766378512,31.22020767725913,129.0114831787274 131.01176955251728,31.2202048013056,128.85377603762714 131.0117714418327,31.22020192592192,128.6952116877236 131.01177333169676,31.22019905111188,128.53578670612615 131.01177522207297,31.22019617687976,128.375497440343 131.01177711292294,31.22019330323032,128.21434002120247 131.01177900420674,31.220190430168785,128.05231036185762 131.0117808958827,31.22018755770086,127.8894041915811 131.01178278790792,31.220184685832727,127.725617039858 131.0117846802378,31.220181814571,127.56094427117532 131.0117865728268,31.22017894392276,127.39538108800282 131.01178846562803,31.2201760738955,127.22892254768736 131.01179035859374,31.220173204497137,127.06156357139945 131.0117922516753,31.220170335736004,126.89329896599764 131.0117941448233,31.220167467620783,126.72412343297384 131.01179603798766,31.220164600160583,126.55403158037964 131.01179793111788,31.220161733364804,126.3830179486674 131.0117998241631,31.2201588672432,126.21107701963588 131.0118017170722,31.22015600180585,126.0382032213985 131.01180360979404,31.220153137063097,125.86439096814009 131.01180550227747,31.22015027302553,125.68963465117116 131.01180739447167,31.22014740970404,125.5139286677511 131.01180928632598,31.22014454710964,125.33726743997286 131.0118111777903,31.220141685253594,125.15964541178008 131.0118130688151,31.22013882414729,124.98105708872416 131.01181495935165,31.220135963802274,124.80149703498216 131.0118168493519,31.220133104230143,124.62095989422887 131.0118187387691,31.22013024544257,124.43944041249716 131.01182062755728,31.22012738745127,124.25693343917116 131.01182251567195,31.220124530267945,124.07343394686517 131.01182440306988,31.22012167390425,123.88893705328964 131.01182628970932,31.220118818371795,123.70343802025772 131.0118281755501,31.22011596368208,123.51693227753864 131.01183006055393,31.22011310984644,123.329415431803 131.0118319446841,31.22011025687605,123.14088327855156 131.01183382790592,31.220107404781896,122.95133181801644 131.0118357101867,31.220104553574696,122.76075725913776 131.01183759149583,31.22010170326488,122.56915603248449 131.0118394718049,31.220098853862527,122.37652480715204 131.01184135108772,31.220096005377428,122.18286049076198 131.01184322932045,31.22009315781894,121.9881602423838 131.01184510648167,31.220090311196014,121.7924214794927 131.01184698255244,31.220087465517125,121.59564188393294 131.01184885751624,31.22008462079028,121.3978194118587 131.01185073135926,31.220081777022944,121.19895229770952 131.01185260407016,31.22007893422204,120.99903905619814 131.01185447564035,31.22007609239389,120.79807849225207 131.01185634606378,31.22007325154424,120.59606969604226 131.01185821533718,31.22007041167815,120.39301205988232 131.0118600834599,31.22006757280004,120.18890525934324 131.01186195043405,31.220064734913617,119.98374927710957 131.0118638162644,31.22006189802191,119.77754438608216 131.01186568095844,31.220059062127188,119.5702911543486 131.01186754452632,31.220056227231016,119.3619904422031 131.0118694069808,31.220053393334137,119.1526434031396 131.01187126833733,31.22005056043656,118.94225148186644 131.01187312861384,31.22004772853748,118.73081640635452 131.01187498783085,31.220044897635287,118.51834018187373 131.0118768460113,31.220042067727583,118.3048250949717 131.01187870318054,31.22003923881116,118.0902736916056 131.01188055936635,31.220036410881992,117.87468878907188 131.0118824145988,31.22003358393526,117.65807345016368 131.0118842689099,31.220030757965336,117.44043099112396 131.0118861223341,31.220027932965827,117.2217649587849 131.0118879749077,31.22002510892952,117.00207913156312 131.01188982666875,31.220022285848422,116.7813775045508 131.01189167765745,31.220019463713825,116.55966427759024 131.0118935279154,31.22001664251626,116.3369438443402 131.01189537748596,31.22001382224555,116.11322078730784 131.0118972264138,31.22001100289083,115.88849985399388 131.01189907474514,31.220008184440587,115.66278594993652 131.01190092252725,31.22000536688265,115.4360841277786 131.0119027698085,31.22000255020429,115.20839956540132 131.01190461663825,31.21999973439216,114.97973756393736 131.01190646306662,31.219996919432408,114.75010352590418 131.0119083091444,31.21999410531069,114.51950293632004 131.0119101549229,31.21999129201222,114.28794135375897 131.01191200045386,31.219988479521817,114.05542439444818 131.0119138457892,31.21998566782392,113.82195771835384 131.01191569098094,31.219982856902668,113.5875470093014 131.011917536081,31.21998004674193,113.3521979610618 131.01191938114115,31.219977237325367,113.11591626741208 131.0119212262127,31.219974428636448,112.87870759529868 131.0119230713466,31.21997162065856,112.64057757986863 131.01192491659296,31.21996881337501,112.401531805585 131.01192676200122,31.219966006769127,112.1615757863468 131.0119286076198,31.21996320082424,111.92071495455671 131.01193045349615,31.219960395523817,111.6789546482 131.0119322996764,31.21995759085147,111.43630009692892 131.0119341462053,31.219954786790986,111.1927564001956 131.01193599312612,31.21995198332644,110.94832851333632 131.01193784048058,31.219949180442207,110.70302125154876 131.0119396883086,31.21994637812305,110.45683925212045 131.01194153664832,31.219943576354137,110.2097869793983 131.01194338553577,31.21994077512108,109.9618687009339 131.011945235005,31.21993797441001,109.7130884874833 131.0119470850878,31.21993517420762,109.4634501961092 131.01194893581382,31.219932374501223,109.21295745527152 131.0119507872101,31.2199295752788,108.96161365886276 131.01195263930157,31.21992677652895,108.70942196322652 131.0119544921103,31.21992397824109,108.45638526528884 131.01195634565596,31.21992118040537,108.20250620852272 131.0119581999554,31.21991838301276,107.94778716803684 131.0119600550229,31.21991558605504,107.69223024560628 131.01196191086996,31.21991278952485,107.43583726470112 131.01196376750516,31.21990999341583,107.17860976551698 131.01196562493433,31.21990719772243,106.92054900099753 131.0119674831605,31.219904402440125,106.6616559358403 131.0119693421838,31.219901607565344,106.40193124053202 131.0119712020013,31.219898813095465,106.14137529432968 131.01197306260744,31.21989601902892,105.87998818028964 131.01197492399373,31.21989322536512,105.61776969123125 131.0119767861488,31.219890432104524,105.3547193267538 131.0119786490585,31.219887639248626,105.0908362892588 131.0119805127059,31.219884846799943,104.82611950184192 131.01198237707126,31.219882054762024,104.5605676043161 131.01198424213223,31.21987926313943,104.29417895519693 131.01198610786392,31.21987647193778,104.0269516386614 131.0119879742387,31.21987368116371,103.75888347349184 131.01198984122672,31.219870890824826,103.48997201903852 131.01199170879548,31.21986810092976,103.2202145791953 131.01199357691027,31.219865311488096,102.94960822227767 131.01199544553432,31.219862522510365,102.67814977605198 131.0119973146286,31.21985973400803,102.40583584860816 131.01199918415216,31.21985694599344,102.13266283332834 131.01200105406224,31.219854158479844,101.85862692280186 131.01200292431426,31.21985137148134,101.58372411876395 131.0120047948621,31.219848585012745,101.3079502539628 131.01200666565808,31.21984579908972,101.03130099116376 131.01200853665327,31.219843013728617,100.75377184899324 131.01201040779765,31.219840228946488,100.47535820193625 131.0120122790399,31.219837444761023,100.19605532109078 131.01201415032816,31.219834661190497,99.91585835726788 131.01201602160947,31.21983187825368,99.63476238075016 131.01201789283058,31.219829095969903,99.35276238427424 131.01201976393773,31.219826314358883,99.069853309867 131.0120216348769,31.219823533440746,98.7860300508323 131.01202350559407,31.219820753235936,98.50128747660112 131.01202537603524,31.219817973765128,98.21562045360388 131.01202724614663,31.219815195049232,97.92902385322272 131.01202911556183,31.219812418447,97.64158545979924 131.01203098423724,31.219809643940007,97.35329814499376 131.01203285198972,31.219806872110137,97.06419652807188 131.01203471865995,31.219804103441007,96.77430878051096 131.01203658409025,31.21980133841456,96.4836633312945 131.0120384481247,31.21979857751077,96.19228884902157 131.0120403106096,31.21979582120713,95.90021424687812 131.01204217139352,31.21979306997834,95.60746867568012 131.0120440303276,31.21979032429588,95.31408152387482 131.0120458872657,31.2197875846276,95.02008240561427 131.01204774206496,31.219784851437463,94.72550115379887 131.01204959458556,31.21978212518509,94.4303678250484 131.01205144469125,31.2197794063255,94.13471266888912 131.0120532922493,31.219776695308656,93.83856613670164 131.0120551371308,31.21977399257912,93.54195886382968 131.01205697921068,31.21977129857588,93.2449216556655 131.01205881836813,31.219768613732008,92.94748547572314 131.01206065448633,31.219765938474257,92.64968143172352 131.01206248745288,31.219763273222863,92.351540754721 131.01206431715957,31.219760618391177,92.05309479214736 131.01206614350266,31.219757974385608,91.75437498196816 131.01206796638303,31.21975534160521,91.45541283578558 131.01206978570596,31.21975272044156,91.15623991796552 131.01207160138122,31.21975011127844,90.85688782675209 131.01207341332312,31.219747514491687,90.55738817637648 131.01207522145054,31.219744930449128,90.25777255928504 131.0120770256868,31.219742359510267,89.95807254812861 131.01207882595972,31.21973980202626,89.65831964606188 131.0120806222014,31.21973725833956,89.35854528376233 131.01208241434838,31.21973472878405,89.05878077867554 131.01208420234133,31.21973221368492,88.75905731911242 131.0120859861252,31.219729713358426,88.4594059403922 131.01208776564891,31.219727228111964,88.15985748905811 131.01208954086528,31.21972475824376,87.86044261094959 131.01209131173098,31.21972230404324,87.56119171342952 131.01209307820645,31.219719865790704,87.2621349504738 131.01209484025563,31.21971744375744,86.96330218986817 131.01209659784578,31.219715038205525,86.66472299332817 131.01209835094758,31.219712649388047,86.36642659164758 131.0121000995347,31.219710277549105,86.06844185189526 131.01210184358405,31.2197079229238,85.77079727045641 131.012103583075,31.21970558573826,85.47352094022953 131.0121053179897,31.219703266209528,85.17664052179742 131.01210704831294,31.219700964546064,84.88018323845802 131.01210877403173,31.219698680947445,84.58417584441302 131.01211049513535,31.21969641560465,84.28864461184541 131.01211221161503,31.21969416869988,83.99361530010192 131.0121139234639,31.21969194040693,83.69911315768155 131.0121156306768,31.21968973089128,83.40516288644741 131.0121173332504,31.219687540310105,83.11178863864421 131.01211903118255,31.21968536881236,82.8190139990036 131.01212072447245,31.21968321653885,82.5268619648619 131.0121224131205,31.219681083622675,82.2353549481461 131.01212409712824,31.21967897018905,81.94451475648627 131.01212577649807,31.21967687635563,81.65436257233753 131.01212745123317,31.219674802232262,81.36491896888364 131.01212912133738,31.21967274792169,81.07620388021401 131.01213078681533,31.219670713519395,80.78823660629068 131.01213244767197,31.219668699113743,80.50103580897114 131.01213410391273,31.219666704786054,80.21461949808874 131.01213575554323,31.219664730610862,79.92900504139153 131.0121374025696,31.2196627766562,79.64420914764075 131.01213904499787,31.219660842983515,79.36024788549555 131.01214068283434,31.219658929647924,79.07713666760591 131.01214231608515,31.21965703669809,78.79489025558071 131.01214394475673,31.219655164176967,78.51352276694314 131.0121455688552,31.21965331212144,78.23304767314073 131.0121471883867,31.219651480562696,77.95347780749486 131.01214880335712,31.219649669526024,77.67482537215719 131.01215041377228,31.21964787903154,77.39710193313658 131.01215201963777,31.21964610909392,77.1203184391836 131.01215362095897,31.21964435972271,76.84448522576467 131.01215521774094,31.21964263092221,76.56961201505942 131.0121568099886,31.219640922691884,76.29570793981556 131.01215839770657,31.21963923502652,76.02278153539423 131.01215998089927,31.219637567916173,75.75084076362431 131.0121615595708,31.21963592134641,75.47989301677761 131.01216313372487,31.219634295298206,75.20994512651177 131.0121647033652,31.21963268974856,74.94100337977363 131.01216626849515,31.21963110467025,74.67307353072545 131.0121678291179,31.219629540032056,74.40616080571256 131.01216938523623,31.219627995798632,74.14026992214984 131.01217093685293,31.21962647193115,73.87540509249357 131.0121724839705,31.21962496838705,73.61157005803939 131.0121740265914,31.21962348512032,73.34876807201991 131.01217556471775,31.219622022081246,73.08700193340191 131.01217709835174,31.219620579217008,72.82627399284766 131.0121786274954,31.219619156471623,72.56658616464264 131.01218015215073,31.21961775378597,72.30793995253879 131.0121816723196,31.21961637109792,72.05033644378882 131.0121831880039,31.219615008342288,71.79377632405492 131.0121846992055,31.21961366545141,71.5382599131941 131.01218620592644,31.21961234235479,71.28378715531493 131.0121877081687,31.21961103897944,71.03035763965225 131.0121892059343,31.21960975524953,70.77797061050605 131.01219069922544,31.21960849108724,70.52662498513293 131.01219218804445,31.21960724641228,70.27631936964991 131.0121936723939,31.21960602114224,70.02705205505707 131.0121951522763,31.21960481519229,69.77882104705799 131.0121966276945,31.21960362847581,69.53162407003491 131.01219809878987,31.2196024603568,69.28540354062339 131.01219956555528,31.21960131078896,69.04016072779915 131.01220102804737,31.219600179472028,68.79587131620602 131.01220248631034,31.21959906615494,68.55251574288664 131.01220394038728,31.2195979705921,68.31007480169286 131.01220539031988,31.21959689254327,68.06852966217315 131.0122068361486,31.219595831773468,67.8278618755391 131.01220827791255,31.21959478805259,67.58805334285715 131.01220971564993,31.219593761155807,67.34908633592487 131.01221114939767,31.219592750863008,67.11094346546233 131.01221257919187,31.21959175695881,66.87360769105555 131.0122140050673,31.219590779232146,66.63706229630444 131.01221542705807,31.21958981747656,66.40129090373686 131.01221684519723,31.21958887148986,66.16627744697473 131.01221825951717,31.21958794107408,65.9320061776948 131.0122196700492,31.219587026035168,65.69846165071824 131.01222107682392,31.21958612618296,65.46562872500681 131.01222247987133,31.219585241331227,65.23349254079949 131.01222387922058,31.21958437129744,65.00203854048961 131.0122252749003,31.219583515902727,64.77125244476854 131.01222666693815,31.219582674971463,64.54112024367959 131.01222805536156,31.219581848331767,64.31162821053641 131.01222944019716,31.219581035815,64.08276287707216 131.01223082147112,31.21958023725575,63.8545110443756 131.0122321992089,31.219579452491647,63.62685976201621 131.01223357343576,31.219578681363487,63.39979632705112 131.0122349441762,31.219577923715104,63.17330829396719 131.01223631145447,31.2195771793932,62.94738345181767 131.01223767529427,31.21957644824728,62.722009829194114 131.01223903571886,31.21957573012949,62.49717567732731 131.01224039275127,31.219575024894887,62.27286948798216 131.01224174641408,31.21957433240105,62.04907996761183 131.0122430967295,31.219573652508146,61.82579604332356 131.0122444437193,31.21957298507856,61.60300685691529 131.01224578740528,31.21957232997742,61.380701763881376 131.01224712780856,31.219571687072104,61.158870317508736 131.01224846495015,31.21957105623233,60.937502283788746 131.0122497988509,31.219570437329853,60.71658761855436 131.0122511295311,31.21956983023877,60.49611648040312 131.01225245701113,31.219569234835337,60.276079212805165 131.01225378131096,31.219568650997868,60.056466354044304 131.01225510245038,31.21956807860658,59.83726861534896 131.01225642044895,31.219567517543723,59.618476896798335 131.01225773532607,31.21956696769352,59.4000822763878 131.01225904710105,31.219566428942105,59.18207599810059 131.0122603557928,31.21956590117733,58.96444948681987 131.01226166142027,31.2195653842888,58.74719432248305 131.0122629640021,31.21956487816802,58.530302261952016 131.01226426355697,31.219564382708143,58.31376521316784 131.0122655601033,31.219563897804,58.09757524906793 131.01226685365924,31.21956342335184,57.88172459068824 131.0122681442431,31.21956295924975,57.66620561610889 131.01226943187288,31.21956250539729,57.4510108505154 131.0122707165666,31.21956206169561,57.23613296918058 131.01227199834196,31.21956162804701,57.02156478354826 131.01227327721676,31.219561204355585,56.80729925117391 131.01227455320864,31.21956079052672,56.59332946876726 131.01227582633516,31.219560386467204,56.37964866821625 131.01227709661373,31.219559992085,56.16625020664623 131.0122783640617,31.219559607289582,55.95312758232624 131.0122796286964,31.21955923199167,55.74027441876367 131.01228089053507,31.21955886610325,55.52768446371057 131.0122821495948,31.21955850953737,55.31535158419425 131.0122834058926,31.219558162208447,55.10326977248114 131.01228465944564,31.219557824032066,54.89143314210189 131.01228591027075,31.21955749492496,54.6798359208924 131.0122871583848,31.219557174804816,54.46847244502978 131.01228840380455,31.2195568635906,54.25733716996816 131.01228964654695,31.21955656120232,54.04642465751503 131.0122908866285,31.219556267561064,53.835729581796926 131.012292124066,31.219555982588776,53.62524671434798 131.0122933588759,31.21955570620856,53.414970936039445 131.0122945910748,31.219555438344504,53.204897231115474 131.01229582067924,31.219555178921706,52.99502067725244 131.0122970477056,31.21955492786596,52.78533645351203 131.0122982721703,31.219554685104217,52.57583983636529 131.0122994940897,31.219554450564303,52.36652619372808 131.01230071348007,31.219554224174964,52.15739099092627 131.01230193035764,31.21955400586557,51.94842977180794 131.01230314473864,31.219553795566625,51.73963818160806 131.0123043566392,31.21955359320937,51.531011947066496 131.01230556607547,31.21955339872589,51.32254688139909 131.0123067730635,31.21955321204888,51.11423887932769 131.0123079776193,31.219553033112085,50.90608392105592 131.0123091797588,31.21955286184992,50.69807806133504 131.012310379498,31.219552698197543,50.49021744437581 131.01231157685268,31.219552542090742,50.28249827899556 131.0123127718387,31.21955239346623,50.074916859495104 131.01231396447193,31.21955225226136,49.86746955074713 131.012315154768,31.219552118414114,49.66015279018488 131.0123163427426,31.21955199186316,49.452963085813856 131.01231752841136,31.21955187254796,49.24589701919482 131.01231871178996,31.21955176040859,49.03895123749062 131.0123198928938,31.219551655385622,48.83212245744332 131.01232107173843,31.21955155742043,48.62540745940923 131.01232224833925,31.21955146645501,48.4188030893479 131.0123234227117,31.21955138243193,48.21230625782778 131.01232459487096,31.219551305294228,48.00591393505613 131.0123257648324,31.21955123498575,47.799623152867376 131.0123269326112,31.219551171450856,47.5934310077053 131.01232809822253,31.219551114634395,47.387334644717946 131.01232926168143,31.219551064481774,47.18133127664575 131.012330423003,31.219551020939104,46.97541816294524 131.0123315822021,31.21955098395295,46.769592628677216 131.01233273929375,31.219550953470264,46.56385204263706 131.0123338942927,31.21955092943873,46.35819383127176 131.01233504721384,31.219550911806497,46.15261547569807 131.01233619807175,31.21955090052216,45.947114498779165 131.0123373468812,31.21955089553476,45.74168848401308 131.01233849365667,31.21955089679401,45.53633505763852 131.01233963841278,31.21955090425004,45.33105189161745 131.01234078116383,31.21955091785324,45.12583671158856 131.01234192192425,31.21955093755476,44.92068727897253 131.01234306070836,31.219550963306087,44.71560141184944 131.01234419753035,31.21955099505914,44.51057696308769 131.01234533240435,31.219551032766244,44.305611832274 131.0123464653445,31.219551076380288,44.10070396173673 131.01234759636472,31.21955112585457,43.89585133555202 131.0123487254789,31.2195511811426,43.69105197457365 131.01234985270088,31.21955124219861,43.48630394140302 131.01235097804445,31.219551308977127,43.28160534038994 131.01235210152322,31.219551381432915,43.07695430769135 131.01235322315077,31.21955145952139,42.872349021212365 131.01235434294065,31.219551543198268,42.66778769961268 131.01235546090612,31.21955163241961,42.46326858341814 131.0123565770606,31.21955172714187,42.25878996086817 131.01235769141732,31.21955182732196,42.05435015399776 131.01235880398937,31.219551932917103,41.849947508696886 131.01235991478976,31.219552043884832,41.64558041161058 131.01236102383146,31.219552160183188,41.44124727920318 131.0123621311273,31.21955228177052,41.2369465637239 131.01236323669005,31.21955240860536,41.03267673928856 131.01236434053237,31.21955254064685,40.82843631579787 131.0123654426668,31.2195526778544,40.62422383496067 131.0123665431057,31.219552820187555,40.4200378603532 131.01236764186157,31.21955296760648,40.215876993324656 131.01236873894655,31.219553120071588,40.01173985609754 131.0123698343728,31.21955327754344,39.80762509673831 131.0123709281523,31.21955343998316,39.6035313941278 131.01237202029716,31.219553607352164,39.399457452991086 131.01237311081897,31.21955377961196,39.1954019999209 131.01237419972955,31.219553956724607,38.9913637903364 131.01237528704047,31.21955413865248,38.78734160251866 131.0123763727632,31.219554325357976,38.583334239599054 131.01237745690915,31.21955451680413,38.379340524588656 131.0123785394896,31.21955471295419,38.17535930534864 131.0123796205156,31.21955491377146,37.97138945657918 131.01238069999826,31.219555119219848,37.76742986788943 131.0123817779485,31.21955532926347,37.56347945473328 131.01238285437697,31.21955554386652,37.35953714846817 131.01238392929443,31.21955576299376,37.15560191027284 131.01238500271154,31.219555986610125,36.95167271027061 131.01238607463856,31.21955621468068,36.74774854741223 131.01238714508585,31.219556447171016,36.54382843655203 131.0123882140636,31.21955668404686,36.33991140546576 131.01238928158185,31.219556925274123,36.13599651373912 131.0123903476506,31.21955717081921,35.93208282890845 131.01239141227956,31.21955742064858,35.728169431431766 131.01239247547846,31.219557674729025,35.52425543755358 131.01239353725683,31.219557933027687,35.32033996053388 131.0123945976241,31.21955819551175,35.11642214246054 131.0123956565896,31.219558462148864,34.91250113337238 131.01239671416246,31.21955873290686,34.708576110147746 131.01239777035164,31.21955900775368,34.504646254633855 131.01239882516617,31.21955928665776,34.30071076756445 131.01239987861467,31.219559569587577,34.096768866571864 131.0124009307059,31.21955985651191,33.892819780221856 131.01240198144828,31.219560147399896,33.688862754972874 131.01240303085015,31.21956044222064,33.48489704622891 131.0124040789198,31.21956074094375,33.28092193026903 131.0124051256653,31.21956104353896,33.076936690329504 131.01240617109457,31.21956134997613,32.87294062356296 131.01240721521546,31.219561660225583,32.668933048991235 131.01240825803563,31.219561974257605,32.46491327867588 131.0124092995626,31.21956229204289,32.26088066046555 131.01241033980375,31.219562613552345,32.056834535248534 131.0124113787664,31.219562938756926,31.85277426478861 131.01241241645766,31.21956326762807,31.648699219795056 131.01241345288443,31.21956360013713,31.44460878688216 131.01241448805362,31.219563936255938,31.24050235564509 131.0124155219719,31.21956427595639,31.03637933158396 131.0124165546458,31.2195646192106,30.832239132127107 131.0124175860818,31.219564965991005,30.62808118364871 131.01241861628603,31.219565316270007,30.423904917492564 131.0124196452647,31.21956567002053,30.219709781901457 131.01242067302385,31.21956602721537,30.01549523306988 131.01242169956913,31.2195663878278,29.811260736138586 131.01242272490643,31.219566751831128,29.607005765194327 131.01242374904115,31.219567119198867,29.402729802275665 131.01242477197883,31.21956748990487,29.19843234234402 131.0124257937246,31.219567863922894,28.99411288731853 131.01242681428363,31.219568241227268,28.789770944087987 131.0124278336609,31.219568621792096,28.58540603445218 131.0124288518612,31.21956900559205,28.381017685180595 131.01242986888923,31.219569392601663,28.1766054300006 131.01243088474948,31.219569782795887,27.972168815562323 131.0124318994464,31.219570176149723,27.7677073895092 131.0124329129842,31.219570572638403,27.563220708430805 131.012433925367,31.21957097223732,27.35870834482204 131.0124349365987,31.21957137492201,27.154169868194447 131.01243594668315,31.21957178066829,26.949604860982525 131.01243695562397,31.219572189451977,26.745012910590525 131.01243796342473,31.219572601249244,26.540393615357385 131.01243897008877,31.219573016036232,26.33574657362116 131.01243997561932,31.219573433789463,26.13107139863113 131.01244098001942,31.21957385448537,25.92636770264172 131.01244198329212,31.21957427810087,25.72163510685373 131.01244298544006,31.21957470461266,25.516873244396844 131.01244398646605,31.21957513399793,25.31208175038824 131.01244498637243,31.219575566233782,25.10726026093856 131.0124459851617,31.219576001297654,24.902408429057925 131.0124469828359,31.219576439166968,24.697525904773503 131.01244797939736,31.21957687981944,24.49261234904709 131.0124489748478,31.219577323232823,24.287667426816505 131.01244996918905,31.21957776938507,24.08269081196603 131.0124509624228,31.219578218254284,23.87768217639104 131.01245195455053,31.21957866981864,23.67264120689837 131.0124529455736,31.219579124056583,23.46756759128828 131.0124539354932,31.219579580946498,23.262461019348727 131.01245492431048,31.21958004046716,23.057321194785 131.01245591202627,31.21958050259713,22.852147820307696 131.01245689864152,31.219580967315483,22.64694060061491 131.01245788415673,31.219581434601103,22.4416992573048 131.0124588685725,31.21958190443319,22.23642350600993 131.0124598518892,31.21958237679103,22.03111307230372 131.01246083410706,31.219582851653897,21.82576768672983 131.0124618152262,31.21958332900142,21.620387082813675 131.0124627952465,31.21958380881309,21.414970999050983 131.01246377416794,31.219584291068696,21.209519183878303 131.01246475199008,31.21958477574809,21.00403138274926 131.01246572871253,31.21958526283112,20.79850734907009 131.01246670433468,31.21958575229792,20.592946845193826 131.01246767885587,31.219586244128568,20.387349631484827 131.01246865227515,31.21958673830333,20.181715474271662 131.01246962459163,31.21958723480263,19.97604414783573 131.0124705958041,31.219587733606755,19.770335426457883 131.0124715659114,31.21958823469632,19.564589097342527 131.0124725349121,31.219588738051968,19.358804938746143 131.01247350280462,31.21958924365429,19.15298274582539 131.0124744695874,31.21958975148416,18.94712231174816 131.0124754352586,31.21959026152244,18.74122343167019 131.0124763998163,31.21959077375001,18.535285911682504 131.01247736325848,31.219591288147896,18.32930955886979 131.01247832558295,31.21959180469723,18.12329418429299 131.0124792867874,31.219592323379143,17.917239603983383 131.01248024686936,31.2195928441748,17.71114563596014 131.01248120582633,31.21959336706552,17.505012107189458 131.01248216365556,31.21959389203265,17.298838842648816 131.01248312035423,31.21959441905756,17.092625677256848 131.0124840759194,31.21959494812166,16.886372446926064 131.0124850303479,31.219595479206465,16.68007899055097 131.01248598363665,31.21959601229353,16.473745151002397 131.01248693578228,31.219596547364407,16.267370781092406 131.01248788678123,31.21959708440064,16.060955732638515 131.01248883662996,31.219597623383915,15.85449985845216 131.0124897853247,31.219598164295903,15.648003024268428 131.0124907328617,31.2195987071183,15.441465090851288 131.0124916792369,31.219599251832825,15.23488592990018 131.01249262444617,31.21959979842116,15.028265409137648 131.01249356848527,31.21960034686504,14.821603412192395 131.01249451134987,31.21960089714624,14.614899813745533 131.01249545303543,31.219601449246465,14.40815450040764 131.0124963935373,31.21960200314747,14.201367363759994 131.01249733285078,31.219602558831024,13.994538289418578 131.01249827097095,31.219603116278822,13.787667179899836 131.01249920789277,31.21960367547256,13.580753931755016 131.01250014361108,31.21960423639394,13.373798451476755 131.0125010781206,31.219604799024616,13.166800646551632 131.01250201141593,31.219605363346183,12.959760431425083 131.01250294349143,31.219605929340243,12.7526777205424 131.01250387434152,31.21960649698829,12.545552434313583 131.01250480396024,31.219607066271827,12.338384494142616 131.0125057323416,31.21960763717223,12.13117383435742 131.01250665947956,31.21960820967088,11.923920383320768 131.01250758536773,31.21960878374901,11.716624074366027 131.0125085099998,31.219609359387835,11.50928485176224 131.01250943336916,31.21960993656844,11.301902661766592 131.0125103554691,31.21961051527184,11.094477449641968 131.0125112762927,31.219611095478967,10.887009164627798 131.01251219583304,31.2196116771706,10.679497769881598 131.0125131140828,31.219612260327327,10.471943218619188 131.01251403103464,31.219612844929724,10.264345480957052 131.01251494668108,31.219613430958155,10.056704523034886 131.01251586101435,31.219614018392903,9.849020318945607 131.0125167740266,31.219614607213927,9.641292844770426 131.01251768570975,31.21961519740116,9.43352208056704 131.01251859605554,31.21961578893433,9.225708011363963 131.0125195050555,31.21961638179286,9.017850631137147 131.012520412701,31.219616975956047,8.809949926903272 131.01252131898315,31.219617571402924,8.602005903574012 131.01252222389283,31.21961816811228,8.394018560095958 131.0125231274207,31.219618766062613,8.185987903369039 131.01252402955728,31.21961936523217,7.977913944269806 131.01252493029267,31.219619965598906,7.769796698645637 131.0125258296169,31.21962056714039,7.561636189303098 131.01252672751954,31.21962116983389,7.353432439048718 131.01252762399,31.21962177365628,7.1451854766541 131.01252851906474,31.21962237865525,6.936895606274359 131.01252941273185,31.21962298480576,6.728562847734065 131.01253030500047,31.21962359211457,6.520187343140088 131.01253119587648,31.219624200583297,6.311769223663807 131.0125320853655,31.219624810213546,6.103308610535075 131.01253297347336,31.21962542100695,5.894805635919864 131.0125338602057,31.21962603296512,5.686260424030968 131.01253474556833,31.219626646089694,5.477673107034802 131.0125356295669,31.219627260382264,5.269043815109651 131.0125365122072,31.21962787584448,5.060372678434022 131.01253739349482,31.21962849247788,4.851659831163326 131.01253827343552,31.21962911028406,4.642905405464874 131.01253915203495,31.219629729264607,4.434109539471257 131.01254002929875,31.219630349421006,4.225272367338576 131.01254090523267,31.219630970754807,4.016394026205703 131.01254177984228,31.219631593267472,3.807474655200095 131.01254265313327,31.21963221696048,3.598514392455292 131.01254352511123,31.219632841835207,3.3895133830642665 131.01254439578187,31.219633467893058,3.180471767149388 131.01254526515075,31.21963409513537,2.9713896898041416 131.01254613322348,31.21963472356345,2.762267295128092 131.01254700000572,31.21963535317853,2.5531047311977595 131.01254786550302,31.21963598398184,2.3439021470841004 131.01254872972095,31.219636615974515,2.1346596908641526 131.01254959266524,31.219637249157664,1.9253775106152144 131.01255045434132,31.21963788353232,1.7160557633624458 131.01255131475483,31.219638519099487,1.5066946011603948 131.01255217391133,31.21963915586007,1.2972941820289383 131.01255303181637,31.21963979381493,1.0878546600115273 131.0125538884755,31.219640432964884,0.8783761951169491 131.01255474389427,31.21964107331061,0.6688589473542829 131.0125551245268,31.21964134648032,0.5203125561412083 131.01255572259453,31.219642005100084,0.3938057402813096 131.01255648703955,31.219642296039567,0.2726428947072875 131.01255699277527,31.21964244334245,0.165744171294042 131.01255764505947,31.219642890117125,0.0588372088534279</coordinates>
            </LineString>
        </Placemark>
        <Placemark id="447">
            <name>flight_path</name>
            <styleUrl>#448</styleUrl>
            <LineString id="446">
                <altitudeMode>clampToGround</altitudeMode>
                <coordinates>131.010392,31.222216000000007,0.0 131.01039200000545,31.2222159999906,0.0 131.01039200001028,31.222215999993875,0.0 131.01039200001028,31.222215999993875,0.0 131.0103920000103,31.222215999993875,0.0 131.0103920186648,31.22221599084417,0.0 131.0103920748901,31.222215963420645,0.0 131.01039215993478,31.22221592194644,0.0 131.010392249151,31.222215878416662,0.0 131.010392395381,31.222215807126663,0.0 131.01039249716985,31.22221575742821,0.0 131.01039266702276,31.22221567459415,0.0 131.0103928374792,31.222215591440023,0.0 131.01039302080284,31.222215502000264,0.0 131.01039322708232,31.222215401367297,0.0 131.01039345272457,31.222215291288936,0.0 131.01039369258763,31.22221517426644,0.0 131.01039395005884,31.222215048652007,0.0 131.01039421644953,31.222214918672204,0.0 131.01039450845172,31.22221477620725,0.0 131.0103948069986,31.222214630532072,0.0 131.01039512776407,31.22221447402223,0.0 131.01039545946077,31.222214312168344,0.0 131.01039580637274,31.222214142886457,0.0 131.0103961752949,31.22221396287121,0.0 131.01039655164234,31.222213779217327,0.0 131.01039694683445,31.222213586369925,0.0 131.01039735714872,31.222213386139742,0.0 131.01039778575063,31.22221317698696,0.0 131.01039822638555,31.22221296195409,0.0 131.0103986893425,31.22221273603605,0.0 131.01039915904306,31.22221250681097,0.0 131.01039964456635,31.22221226986224,0.0 131.0104001456363,31.22221202532413,0.0 131.0104006630688,31.222211772799746,0.0 131.01040119449576,31.22221151344101,0.0 131.01040173375296,31.22221125024659,0.0 131.0104022910162,31.22221097826628,0.0 131.0104028640733,31.222210698576216,0.0 131.010403448877,31.222210413145216,0.0 131.01040405025552,31.222210119624407,0.0 131.01040466068557,31.22220982167371,0.0 131.01040528477773,31.22220951705013,0.0 131.01040592505373,31.222209204526795,0.0 131.01040658160653,31.2222088840584,0.0 131.010407247809,31.222208558868967,0.0 131.0104079271538,31.222208227259305,0.0 131.01040862461,31.222207886811766,0.0 131.01040934016976,31.222207537530053,0.0 131.01041005778333,31.222207187222743,0.0 131.01041079218817,31.22220682871958,0.0 131.01041154438693,31.222206461532508,0.0 131.01041230918216,31.222206088190248,0.0 131.0104130807204,31.222205711540788,0.0 131.01041387233195,31.22220532509796,0.0 131.01041467658197,31.22220493247912,0.0 131.0104154908101,31.222204534978747,0.0 131.01041632276747,31.22220413424913,0.0 131.01041716738584,31.222203727308585,0.0 131.0104180259432,31.222203315895168,0.0 131.01041890760388,31.222202895171048,0.0 131.01041979595087,31.222202473177887,0.0 131.0104206989351,31.222202045987903,0.0 131.0104216208384,31.22220161144825,0.0 131.0104225635904,31.222201168527608,0.0 131.0104235046308,31.222200728552977,0.0 131.01042446412526,31.222200281294327,0.0 131.010425451053,31.222199821957723,0.0 131.01042644346097,31.222199361828224,0.0 131.0104274446017,31.22219889924382,0.0 131.01042846675034,31.2221984275154,0.0 131.01042950644572,31.22219794827729,0.0 131.0104305546584,31.222197466429066,0.0 131.01043161444724,31.22219698022043,0.0 131.0104326934045,31.22219648507772,0.0 131.01043379175374,31.222195980540054,0.0 131.0104348907072,31.222195477809343,0.0 131.01043601108688,31.22219496406909,0.0 131.01043714425344,31.2221944443151,0.0 131.01043828891724,31.222193919231827,0.0 131.01043944283373,31.222193390176155,0.0 131.01044061884545,31.2221928480721,0.0 131.01044180594545,31.222192300134008,0.0 131.01044299738152,31.222191751248968,0.0 131.010444209205,31.22219118929004,0.0 131.01044543749654,31.222190616520688,0.0 131.01044666626763,31.22219004544522,0.0 131.01044791237783,31.22218946234431,0.0 131.01044917322474,31.222188868621608,0.0 131.0104504430814,31.222188268887383,0.0 131.01045172267297,31.22218766233145,0.0 131.01045301604418,31.222187044757995,0.0 131.0104543219839,31.22218641671561,0.0 131.01045563322208,31.222185785163266,0.0 131.01045696007594,31.2221851391458,0.0 131.01045830004273,31.22218448042044,0.0 131.01045964375217,31.222183819097168,0.0 131.0104610052311,31.22218313869885,0.0 131.01046237479974,31.22218244974676,0.0 131.0104637476084,31.22218175827032,0.0 131.01046513776407,31.2221810455748,0.0 131.0104665366036,31.222180321955864,0.0 131.0104679431933,31.222179588445623,0.0 131.0104693609885,31.22217883946108,0.0 131.0104707844006,31.22217808270561,0.0 131.0104722142382,31.22217731665696,0.0 131.01047365955367,31.222176525466203,0.0 131.01047510291687,31.22217573786424,0.0 131.01047656138553,31.222174923690865,0.0 131.01047802814278,31.222174093571912,0.0 131.01047949644192,31.222173260310687,0.0 131.01048097263845,31.22217241104256,0.0 131.01048246599575,31.22217152429883,0.0 131.0104839581967,31.222170638598406,0.0 131.01048545065547,31.222169752078884,0.0 131.01048696251627,31.22216881744969,0.0 131.01048846831716,31.22216789575217,0.0 131.01048998256053,31.22216695071289,0.0 131.01049151552917,31.222165950790167,0.0 131.01049303241203,31.222164994167976,0.0 131.01049456727142,31.22216398196388,0.0 131.01049611048904,31.2221629383496,0.0 131.01049764168314,31.222161930961192,0.0 131.0104991934052,31.22216084939677,0.0 131.0105007404808,31.222159778414888,0.0 131.01050228773607,31.222158702816536,0.0 131.01050385040972,31.222157559767982,0.0 131.01050540550955,31.22215644084141,0.0 131.0105069640886,31.222155301539875,0.0 131.0105085339611,31.222154102153105,0.0 131.01051009542823,31.222152934403432,0.0 131.01051166475517,31.22215171964915,0.0 131.01051323707736,31.22215047838258,0.0 131.01051480393753,31.2221492577854,0.0 131.01051638228512,31.22214795956744,0.0 131.01051795430382,31.22214668689756,0.0 131.01051952814194,31.22214539169504,0.0 131.01052111037168,31.22214402542916,0.0 131.01052268469343,31.22214269946197,0.0 131.01052426334246,31.222141328254608,0.0 131.0105258460493,31.222139908088025,0.0 131.01052742228245,31.22213852264412,0.0 131.01052900505618,31.222137065294937,0.0 131.01053058419689,31.22213561950001,0.0 131.01053216272763,31.22213416051599,0.0 131.01053374765843,31.22213261960884,0.0 131.01053532558393,31.22213112419289,0.0 131.01053690545902,31.222129588478328,0.0 131.01053848990685,31.22212798114037,0.0 131.01054006608035,31.2221264373599,0.0 131.0105416486762,31.222124800853,0.0 131.0105432288026,31.22212316572398,0.0 131.0105448058081,31.22212154111177,0.0 131.01054638886964,31.222119822995545,0.0 131.0105479658456,31.22211814851641,0.0 131.01054954463075,31.22211642893804,0.0 131.01055112512665,31.22211466523058,0.0 131.01055270060107,31.222112934095687,0.0 131.01055428118048,31.222111122414727,0.0 131.01055585782245,31.222109331509834,0.0 131.0105574337076,31.222107526488447,0.0 131.01055901479273,31.222105645656093,0.0 131.01056058998816,31.2221038061082,0.0 131.0105621677563,31.222101920969312,0.0 131.0105637471623,31.222100002538703,0.0 131.0105653224644,31.22209810612001,0.0 131.01056690572332,31.22209612156817,0.0 131.01056848250616,31.222094180548915,0.0 131.0105700616161,31.22209220521712,0.0 131.0105716488804,31.22209015261676,0.0 131.01057322572763,31.22208817119584,0.0 131.0105748136002,31.222086095649743,0.0 131.0105763969305,31.22208404543789,0.0 131.01057798168074,31.22208197657304,0.0 131.01057957492517,31.222079845366512,0.0 131.01058116056828,31.22207775721468,0.0 131.01058275736227,31.222075595403503,0.0 131.0105843514351,31.222073446653265,0.0 131.01058594551256,31.22207129364297,0.0 131.010587552606,31.22206906878552,0.0 131.01058914974604,31.222066894335704,0.0 131.01059076052334,31.222064650335888,0.0 131.01059236904007,31.2220624178634,0.0 131.010593979619,31.222060175533606,0.0 131.0105956047937,31.22205787051225,0.0 131.01059721855674,31.222055615826942,0.0 131.01059885181755,31.22205328273447,0.0 131.01060047782124,31.222050981743,0.0 131.0106021110996,31.22204865507964,0.0 131.01060375812227,31.222046282098,0.0 131.01060539409826,31.222043952394618,0.0 131.01060705209937,31.22204155052633,0.0 131.0106087033163,31.222039176735016,0.0 131.01061036229663,31.22203678195612,0.0 131.0106120382688,31.22203433963788,0.0 131.01061370054452,31.222031944848418,0.0 131.01061538962227,31.222029475579525,0.0 131.01061707121224,31.22202703488422,0.0 131.01061876095127,31.22202457673777,0.0 131.0106204638749,31.22202208883568,0.0 131.01062215901817,31.22201962861068,0.0 131.01062388109565,31.222017103713164,0.0 131.01062559228595,31.222014614569545,0.0 131.01062731820355,31.222012094422617,0.0 131.010629052645,31.2220095603524,0.0 131.01063078118784,31.222007048026008,0.0 131.0106325425269,31.222004463092485,0.0 131.01063428417967,31.222001933417967,0.0 131.01063605108027,31.221999350619587,0.0 131.01063781772015,31.22199677623604,0.0 131.010639585497,31.221994206560776,0.0 131.01064137821407,31.221991586315028,0.0 131.01064315656555,31.221989007038687,0.0 131.01064496198447,31.221986372503075,0.0 131.0106467606815,31.221983761035467,0.0 131.01064856791157,31.22198113716959,0.0 131.0106503919508,31.22197848166837,0.0 131.01065220416297,31.22197586084645,0.0 131.01065404845443,31.221973172182928,0.0 131.0106558784334,31.221970523994795,0.0 131.01065772934183,31.22196783310632,0.0 131.01065957770018,31.221965154840472,0.0 131.0106614285298,31.221962477206045,0.0 131.01066329850192,31.221959758836565,0.0 131.0106651570451,31.221957074723367,0.0 131.01066704570732,31.22195432036916,0.0 131.01066892033407,31.2219516070428,0.0 131.01067080818507,31.221948864782032,0.0 131.0106727046551,31.221946104098297,0.0 131.01067459194618,31.221943373016146,0.0 131.0106765010452,31.22194058560398,0.0 131.0106784076148,31.221937808402352,0.0 131.01068030957606,31.22193504851509,0.0 131.010682224484,31.22193225311345,0.0 131.0106841475319,31.22192943423669,0.0 131.01068606648437,31.221926629932856,0.0 131.0106879862834,31.22192382495149,0.0 131.01068991523815,31.221920990120022,0.0 131.01069184588383,31.221918149041027,0.0 131.01069377598728,31.22191530956257,0.0 131.01069570719855,31.221912465362657,0.0 131.0106976430353,31.221909601814048,0.0 131.0106995790709,31.22190673474656,0.0 131.01070151509433,31.22190386472414,0.0 131.010703452372,31.22190098567836,0.0 131.0107053903475,31.22189809886844,0.0 131.0107073281496,31.22189520735722,0.0 131.01070926572453,31.221892310699648,0.0 131.01071120386135,31.221889404164006,0.0 131.0107131420147,31.22188648936176,0.0 131.01071507985677,31.22188356714896,0.0 131.01071701663273,31.22188064085976,0.0 131.01071895223535,31.22187771052097,0.0 131.0107208882853,31.22187476596477,0.0 131.01072282264593,31.2218718187432,0.0 131.01072475633325,31.221868862309968,0.0 131.01072668886223,31.221865898902887,0.0 131.0107286205213,31.221862926060183,0.0 131.0107305502289,31.221859950412696,0.0 131.01073247890096,31.221856965434284,0.0 131.01073440631876,31.22185397205517,0.0 131.01073633182344,31.22185097464629,0.0 131.01073825627864,31.22184796678727,0.0 131.01074017963603,31.221844948492983,0.0 131.0107421005549,31.221841929655728,0.0 131.0107440204978,31.221838899417094,0.0 131.01074593863896,31.22183586397464,0.0 131.0107478550864,31.221832822709008,0.0 131.0107497700114,31.22182977455618,0.0 131.01075168367095,31.221826717890902,0.0 131.01075359576723,31.22182365536245,0.0 131.0107555066224,31.2218205850315,0.0 131.01075741589534,31.221817509962925,0.0 131.0107593238854,31.22181442854304,0.0 131.0107612302753,31.221811343695723,0.0 131.0107631356175,31.221808252191227,0.0 131.01076504020986,31.221805152811413,0.0 131.0107669436397,31.221802049186,0.0 131.01076884619147,31.22179894018243,0.0 131.01077074795683,31.221795826068817,0.0 131.0107726482992,31.2217927116308,0.0 131.01077454845995,31.22178959005416,0.0 131.01077644758396,31.22178646742692,0.0 131.0107783470302,31.221783336732656,0.0 131.01078024560735,31.22178020566018,0.0 131.01078214494095,31.221777066150576,0.0 131.0107840436152,31.221773926697647,0.0 131.0107859422511,31.22177078473297,0.0 131.01078784172526,31.221767636843,0.0 131.01078974148032,31.22176448667066,0.0 131.0107916411092,31.221761336765567,0.0 131.0107935422349,31.221758180524592,0.0 131.01079544369009,31.22175502400628,0.0 131.0107973465799,31.22175186312183,0.0 131.01079925018445,31.22174870163552,0.0 131.0108011546267,31.221745539604857,0.0 131.01080306040615,31.221742375690635,0.0 131.0108049676715,31.221739209987057,0.0 131.0108068762021,31.22173604389436,0.0 131.0108087862204,31.22173287710437,0.0 131.01081069740923,31.2217297112284,0.0 131.01081261114086,31.22172654197976,0.0 131.01081452586115,31.221723375155907,0.0 131.0108164432177,31.221720205594284,0.0 131.01081836243483,31.221717036303342,0.0 131.01082028257767,31.221713870542903,0.0 131.01082220560593,31.22171070239186,0.0 131.01082413034317,31.22170753587753,0.0 131.01082605637114,31.22170437245104,0.0 131.01082798543555,31.22170120704079,0.0 131.01082991558098,31.221698045715343,0.0 131.01083184833047,31.221694884066856,0.0 131.01083378430192,31.221691720471863,0.0 131.010835721177,31.2216885617568,0.0 131.01083766012627,31.221685404546303,0.0 131.01083960117887,31.22168224880835,0.0 131.01084154519333,31.22167909210616,0.0 131.0108434908858,31.22167593808077,0.0 131.0108454384263,31.2216727861849,0.0 131.01084738862787,31.221669634029297,0.0 131.01084934046008,31.22166648444361,0.0 131.01085129385123,31.22166333750477,0.0 131.01085325036985,31.221660188552736,0.0 131.01085520728833,31.221657045257,0.0 131.01085716801143,31.22165389754458,0.0 131.01085912952442,31.221650753945024,0.0 131.01086109312038,31.221647610432846,0.0 131.0108630583816,31.22164446794877,0.0 131.0108650257889,31.221641324721087,0.0 131.01086699454513,31.22163818283236,0.0 131.01086896452378,31.221635042352776,0.0 131.0108709357576,31.221631902818885,0.0 131.01087290862023,31.221628762618312,0.0 131.01087488180147,31.22162562559317,0.0 131.01087685649796,31.22162248739877,0.0 131.0108788318745,31.2216193503352,0.0 131.01088080783583,31.221616214302628,0.0 131.0108827843064,31.221613079100848,0.0 131.01088476207715,31.221609941335608,0.0 131.01088673923385,31.22160680750351,0.0 131.01088871734476,31.221603671288367,0.0 131.01089069613835,31.221600533019327,0.0 131.01089267463848,31.221597395998376,0.0 131.01089465326615,31.221594258041083,0.0 131.0108966319149,31.22159111896273,0.0 131.0108986106442,31.22158797787717,0.0 131.0109005880279,31.22158484052836,0.0 131.01090256522733,31.221581701247377,0.0 131.01090454191458,31.22157856081964,0.0 131.01090651763147,31.22157542086568,0.0 131.01090849308085,31.22157227735748,0.0 131.01091046696587,31.22156913622506,0.0 131.01091243959786,31.221565995500217,0.0 131.0109144121583,31.22156284818689,0.0 131.01091638345287,31.221559700057387,0.0 131.01091835296918,31.22155655368425,0.0 131.01092032159576,31.221553403503684,0.0 131.0109222888587,31.221550251691426,0.0 131.0109242547835,31.221547097654817,0.0 131.01092621935007,31.221543941072472,0.0 131.01092818243842,31.221540782298625,0.0 131.010930143582,31.22153762406161,0.0 131.01093210311555,31.221534463890595,0.0 131.0109340609484,31.22153130207952,0.0 131.0109360167532,31.22152814067687,0.0 131.0109379707532,31.22152497798659,0.0 131.0109399239522,31.22152180666264,0.0 131.01094187450065,31.22151863981687,0.0 131.0109438234003,31.22151547031632,0.0 131.01094577081625,31.22151229689956,0.0 131.01094771625367,31.221509123245703,0.0 131.01094965987042,31.221505948333995,0.0 131.010951601396,31.221502774317,0.0 131.01095354131127,31.221499597872874,0.0 131.01095547974387,31.221496418334144,0.0 131.0109574160269,31.22149324086204,0.0 131.01095935080068,31.22149006114267,0.0 131.01096128439517,31.221486877241453,0.0 131.010963216495,31.221483691857287,0.0 131.01096514659417,31.22148050891997,0.0 131.01096707528248,31.22147732477476,0.0 131.01096900310665,31.22147413630919,0.0 131.0109709297365,31.221470946346173,0.0 131.01097285506134,31.22146775611852,0.0 131.01097477910005,31.22146456601484,0.0 131.01097670234424,31.22146137354044,0.0 131.01097862406868,31.221458183734462,0.0 131.0109805455528,31.221454989480407,0.0 131.01098246620182,31.221451795013408,0.0 131.01098438644257,31.22144859845905,0.0 131.01098630577192,31.22144540322219,0.0 131.01098822427792,31.22144220929948,0.0 131.0109901428423,31.22143901261908,0.0 131.01099206132707,31.22143581461772,0.0 131.0109939801995,31.221432613554644,0.0 131.01099589841382,31.22142941514696,0.0 131.01099781657803,31.22142621685945,0.0 131.01099973592196,31.221423013572803,0.0 131.01100165465135,31.22141981414212,0.0 131.01100357442164,31.221416611500675,0.0 131.01100549449424,31.221413409505168,0.0 131.01100741424284,31.221410211190246,0.0 131.0110093347298,31.22140701246102,0.0 131.01101125559455,31.221403815291744,0.0 131.01101317699263,31.22140061942589,0.0 131.01101509900397,31.221397424918926,0.0 131.01101702170544,31.221394231824046,0.0 131.0110189451706,31.22139104019218,0.0 131.01102086946935,31.22138785007176,0.0 131.01102279466804,31.22138466150868,0.0 131.0110247208289,31.221381474546128,0.0 131.01102664801027,31.22137828922452,0.0 131.011028576266,31.221375105581345,0.0 131.0110305056457,31.221371923651127,0.0 131.0110324361944,31.22136874346532,0.0 131.01103436795248,31.221365565052245,0.0 131.0110363009555,31.221362388437,0.0 131.01103823523425,31.221359213641463,0.0 131.01104017081462,31.221356040684284,0.0 131.01104210771757,31.22135286958072,0.0 131.01104404595904,31.22134970034276,0.0 131.01104598555,31.22134653297907,0.0 131.01104792649645,31.22134336749497,0.0 131.01104986879943,31.22134020389249,0.0 131.01105181245487,31.22133704217037,0.0 131.01105375745396,31.221333882324057,0.0 131.01105570378297,31.221330724345844,0.0 131.01105765142347,31.22132756822485,0.0 131.01105960035224,31.22132441394713,0.0 131.0110615505416,31.22132126149569,0.0 131.01106350195937,31.22131811085061,0.0 131.01106545456906,31.22131496198916,0.0 131.01106740832995,31.22131181488583,0.0 131.01106936319744,31.22130866951248,0.0 131.01107131912283,31.22130552583845,0.0 131.01107327605396,31.22130238383069,0.0 131.01107523393503,31.221299243453867,0.0 131.01107719270703,31.221296104670536,0.0 131.01107915230787,31.22129296744123,0.0 131.01108111267249,31.22128983172468,0.0 131.01108307373326,31.22128669747788,0.0 131.0110850354201,31.22128356465632,0.0 131.01108699766073,31.221280433214105,0.0 131.0110889603808,31.221277303104102,0.0 131.01109092350438,31.221274174278168,0.0 131.01109288695403,31.22127104668725,0.0 131.01109485065095,31.22126792028161,0.0 131.01109681451558,31.22126479501097,0.0 131.01109877846747,31.22126167082467,0.0 131.01110074242567,31.22125854767185,0.0 131.0111027063092,31.22125542550164,0.0 131.01110467003687,31.22125230426328,0.0 131.01110663352785,31.221249183906306,0.0 131.01110859670172,31.22124606438073,0.0 131.01111055947896,31.22124294563716,0.0 131.0111125217809,31.221239827626984,0.0 131.01111448353012,31.22123671030252,0.0 131.01111644465067,31.221233593617097,0.0 131.01111840506823,31.22123047752532,0.0 131.0111203647103,31.22122736198303,0.0 131.01112232350656,31.22122424694759,0.0 131.0111242813889,31.221221132377885,0.0 131.01112623829164,31.22121801823452,0.0 131.01112819415175,31.2212149044798,0.0 131.01113014890905,31.221211791077984,0.0 131.0111321025063,31.221208677995246,0.0 131.0111340548895,31.22120556519979,0.0 131.01113600600772,31.22120245266196,0.0 131.01113795581355,31.221199340354207,0.0 131.01113990426313,31.221196228251262,0.0 131.0111418513162,31.221193116330088,0.0 131.01114379693618,31.221190004569912,0.0 131.0111457410904,31.22118689295233,0.0 131.01114768374995,31.221183781461257,0.0 131.01114962489,31.221180670082934,0.0 131.0111515644897,31.22117755880596,0.0 131.01115350253212,31.2211744476213,0.0 131.0111554390045,31.221171336522207,0.0 131.0111573738982,31.22116822550429,0.0 131.0111593072086,31.22116511456538,0.0 131.0111612389351,31.221162003705583,0.0 131.01116316908133,31.221158892927217,0.0 131.01116509765475,31.22115578223472,0.0 131.01116702466695,31.22115267163464,0.0 131.01116895013337,31.221149561135576,0.0 131.01117087407334,31.22114645074809,0.0 131.01117279650995,31.221143340484648,0.0 131.01117471747,31.22114023035953,0.0 131.01117663698386,31.22113712038881,0.0 131.01117855508545,31.221134010590184,0.0 131.01118047181205,31.22113090098295,0.0 131.01118238720412,31.221127791587925,0.0 131.01118430130535,31.2211246824273,0.0 131.0111862141623,31.22112157352461,0.0 131.01118812582456,31.2211184649046,0.0 131.01119003634415,31.22111535659313,0.0 131.01119194577572,31.221112248617107,0.0 131.01119385417627,31.22110914100435,0.0 131.01119576160505,31.22110603378352,0.0 131.01119766812317,31.221102926983995,0.0 131.01119957379348,31.221099820635807,0.0 131.01120147868073,31.221096714769512,0.0 131.01120338285085,31.22109360941611,0.0 131.0112052863711,31.221090504606924,0.0 131.01120718930977,31.221087400373523,0.0 131.01120909173602,31.22108429674767,0.0 131.0112109937196,31.22108119376113,0.0 131.01121289533077,31.221078091445666,0.0 131.01121479664,31.221074989832903,0.0 131.0112166977178,31.221071888954285,0.0 131.01121859863457,31.22106878884092,0.0 131.0112204994603,31.221065689523574,0.0 131.01122240026464,31.221062591032545,0.0 131.0112243011162,31.221059493397583,0.0 131.01122620208287,31.221056396647867,0.0 131.01122810323145,31.221053300811857,0.0 131.01123000462744,31.22105020591728,0.0 131.01123190633476,31.22104711199105,0.0 131.01123380841585,31.221044019059217,0.0 131.0112357109314,31.22104092714688,0.0 131.01123761393987,31.22103783627813,0.0 131.01123951749804,31.221034746476064,0.0 131.01124142166003,31.221031657762648,0.0 131.0112433264779,31.22102857015872,0.0 131.011245232001,31.221025483683967,0.0 131.0112471382761,31.221022398356823,0.0 131.01124904534728,31.22101931419449,0.0 131.01125095325563,31.22101623121288,0.0 131.01125286203947,31.221013149426604,0.0 131.0112547717339,31.221010068848937,0.0 131.01125668237094,31.22100698949181,0.0 131.01125859397945,31.22100391136577,0.0 131.01126050658505,31.221000834479984,0.0 131.01126242020993,31.22099775884225,0.0 131.01126433487303,31.22099468445892,0.0 131.01126625058984,31.220991611335023,0.0 131.01126816737244,31.22098853947413,0.0 131.0112700852295,31.22098546887847,0.0 131.0112720041662,31.22098239954883,0.0 131.01127392418425,31.22097933148469,0.0 131.01127584528203,31.22097626468416,0.0 131.0112777674544,31.220973199143984,0.0 131.01127969069296,31.220970134859662,0.0 131.01128161498588,31.220967071825378,0.0 131.01128354031803,31.220964010034063,0.0 131.01128546667113,31.22096094947745,0.0 131.01128739402364,31.220957890146085,0.0 131.011289322351,31.22095483202937,0.0 131.0112912516256,31.22095177511561,0.0 131.01129318181688,31.22094871939208,0.0 131.01129511289145,31.220945664845008,0.0 131.0112970448132,31.220942611459705,0.0 131.0112989775434,31.22093955922057,0.0 131.01130091104088,31.220936508111176,0.0 131.01130284526195,31.220933458114263,0.0 131.01130478016074,31.22093040921189,0.0 131.01130671568927,31.22092736138543,0.0 131.01130865179752,31.22092431461566,0.0 131.01131058843373,31.2209212688828,0.0 131.01131252554427,31.220918224166606,0.0 131.01131446307414,31.220915180446443,0.0 131.01131640096685,31.220912137701287,0.0 131.01131833916466,31.22090909590989,0.0 131.0113202776088,31.22090605505076,0.0 131.0113222162395,31.22090301510228,0.0 131.01132415499632,31.22089997604273,0.0 131.01132609381816,31.22089693785043,0.0 131.01132803264355,31.22089390050373,0.0 131.01132997141067,31.22089086398109,0.0 131.01133191005766,31.220887828261183,0.0 131.01133384852275,31.22088479332292,0.0 131.01133578674427,31.220881759145488,0.0 131.01133772466108,31.22087872570852,0.0 131.01133966221246,31.22087569299198,0.0 131.0113415993385,31.22087266097637,0.0 131.01134353598,31.22086962964272,0.0 131.01134547207894,31.22086659897259,0.0 131.01134740757834,31.220863568948232,0.0 131.01134934242253,31.22086053955252,0.0 131.0113512765573,31.22085751076904,0.0 131.01135320992995,31.220854482582148,0.0 131.0113551424897,31.220851454976977,0.0 131.0113570741873,31.220848427939444,0.0 131.01135900497565,31.220845401456348,0.0 131.0113609348096,31.22084237551532,0.0 131.01136286364633,31.22083935010489,0.0 131.01136479144515,31.220836325214474,0.0 131.01136671816784,31.22083330083441,0.0 131.01136864377858,31.220830276956,0.0 131.01137056824416,31.220827253571382,0.0 131.01137249153396,31.22082423067373,0.0 131.01137441362008,31.22082120825709,0.0 131.01137633447732,31.220818186316475,0.0 131.0113782540834,31.22081516484778,0.0 131.01138017241885,31.220812143847866,0.0 131.01138208946705,31.22080912331444,0.0 131.0113840052144,31.220806103246147,0.0 131.01138591965022,31.220803083642448,0.0 131.0113878327668,31.220800064503702,0.0 131.01138974455947,31.220797045831063,0.0 131.01139165502644,31.22079402762648,0.0 131.01139356416903,31.22079100989267,0.0 131.0113954719915,31.220787992633102,0.0 131.011397378501,31.22078497585195,0.0 131.0113992837076,31.220781959554067,0.0 131.0114011876244,31.22077894374493,0.0 131.01140309026715,31.220775928430623,0.0 131.0114049916546,31.22077291361784,0.0 131.011406891808,31.220769899313755,0.0 131.01140879075152,31.220766885526047,0.0 131.0114106885118,31.220763872262847,0.0 131.011412585118,31.220760859532728,0.0 131.0114144806018,31.220757847344583,0.0 131.01141637499722,31.22075483570769,0.0 131.01141826834052,31.22075182463161,0.0 131.01142016067013,31.22074881412613,0.0 131.0114220520266,31.22074580420129,0.0 131.01142394245235,31.22074279486728,0.0 131.0114258319917,31.22073978613443,0.0 131.0114277206906,31.220736778013208,0.0 131.0114296085968,31.22073377051412,0.0 131.01143149575938,31.22073076364771,0.0 131.01143338222872,31.2207277574245,0.0 131.0114352680565,31.220724751855016,0.0 131.01143715329545,31.220721746949696,0.0 131.0114390379993,31.220718742718866,0.0 131.01144092222253,31.220715739172743,0.0 131.01144280602023,31.220712736321392,0.0 131.01144468944818,31.220709734174687,0.0 131.0114465725623,31.220706732742286,0.0 131.011448455419,31.22070373203365,0.0 131.01145033807458,31.22070073205796,0.0 131.0114522205854,31.220697732824128,0.0 131.01145410300757,31.22069473434077,0.0 131.01145598539696,31.22069173661623,0.0 131.01145786780884,31.22068873965848,0.0 131.01145975029797,31.22068574347517,0.0 131.01146163291833,31.220682748073607,0.0 131.0114635157229,31.220679753460725,0.0 131.01146539876396,31.220676759643087,0.0 131.01146728209227,31.220673766626863,0.0 131.01146916575755,31.22067077441785,0.0 131.01147104980802,31.22066778302144,0.0 131.0114729342905,31.220664792442594,0.0 131.0114748192501,31.22066180268592,0.0 131.01147670473028,31.22065881375556,0.0 131.01147859077253,31.220655825655303,0.0 131.01148047741648,31.22065283838849,0.0 131.0114823646998,31.220649851958058,0.0 131.01148425265785,31.220646866366536,0.0 131.01148614132396,31.220643881616056,0.0 131.0114880307291,31.22064089770836,0.0 131.0114899209019,31.22063791464476,0.0 131.01149181186858,31.2206349324262,0.0 131.01149370365275,31.22063195105323,0.0 131.01149559627572,31.22062897052604,0.0 131.01149748975598,31.220625990844447,0.0 131.01149938410953,31.22062301200789,0.0 131.01150127934963,31.220620034015504,0.0 131.011503175487,31.220617056866026,0.0 131.01150507252945,31.22061408055792,0.0 131.01150697048217,31.220611105089297,0.0 131.0115088693477,31.220608130458004,0.0 131.0115107691256,31.22060515666159,0.0 131.011512669813,31.22060218369729,0.0 131.0115145714042,31.220599211562178,0.0 131.01151647389077,31.22059624025297,0.0 131.01151837726164,31.220593269766248,0.0 131.01152028150312,31.22059030009834,0.0 131.011522186599,31.22058733124539,0.0 131.01152409253035,31.2205843632034,0.0 131.01152599927596,31.220581395968168,0.0 131.011527906812,31.220578429535383,0.0 131.01152981511245,31.220575463900623,0.0 131.01153172414882,31.220572499059354,0.0 131.0115336338905,31.22056953500696,0.0 131.01153554430476,31.2205665717388,0.0 131.0115374553567,31.22056360925016,0.0 131.01153936700956,31.22056064753629,0.0 131.0115412792247,31.220557686592503,0.0 131.01154319196166,31.220554726414097,0.0 131.01154510517836,31.2205517669964,0.0 131.01154701883115,31.22054880833484,0.0 131.01154893287497,31.22054585042487,0.0 131.0115508472634,31.22054289326209,0.0 131.01155276194882,31.220539936842208,0.0 131.01155467688253,31.220536981161057,0.0 131.01155659201484,31.22053402621461,0.0 131.0115585072953,31.22053107199908,0.0 131.01156042267263,31.22052811851077,0.0 131.01156233809513,31.22052516574625,0.0 131.01156425351053,31.22052221370229,0.0 131.01156616886632,31.220519262375888,0.0 131.0115680841097,31.220516311764296,0.0 131.01156999918794,31.22051336186499,0.0 131.01157191404835,31.220510412675736,0.0 131.0115738286384,31.220507464194583,0.0 131.011575742906,31.22050451641984,0.0 131.01157765679946,31.22050156935009,0.0 131.01157957026777,31.22049862298424,0.0 131.01158148326056,31.22049567732148,0.0 131.01158339572837,31.220492732361294,0.0 131.0115853076227,31.22048978810346,0.0 131.01158721889624,31.220486844548063,0.0 131.0115891295027,31.220483901695484,0.0 131.01159103939733,31.22048095954637,0.0 131.0115929485367,31.2204780181017,0.0 131.01159485687896,31.220475077362675,0.0 131.0115967643839,31.220472137330805,0.0 131.0115986710131,31.220469198007848,0.0 131.01160057672996,31.220466259395813,0.0 131.01160248149984,31.22046332149692,0.0 131.01160438529004,31.220460384313657,0.0 131.01160628807008,31.220457447848688,0.0 131.01160818981154,31.22045451210485,0.0 131.01161009048832,31.220451577085203,0.0 131.0116119900766,31.22044864279289,0.0 131.0116138885549,31.220445709231267,0.0 131.01161578590418,31.22044277640373,0.0 131.01161768210787,31.220439844313816,0.0 131.0116195771519,31.220436912965106,0.0 131.01162147102465,31.220433982361246,0.0 131.01162336371715,31.22043105250588,0.0 131.01162525522307,31.220428123402687,0.0 131.0116271455386,31.22042519505532,0.0 131.0116290346624,31.220422267467345,0.0 131.01163092259597,31.22041934064232,0.0 131.01163280934324,31.22041641458367,0.0 131.0116346949108,31.220413489294703,0.0 131.01163657930783,31.220410564778625,0.0 131.01163846254596,31.22040764103844,0.0 131.01164034463943,31.220404718077,0.0 131.01164222560485,31.22040179589695,0.0 131.0116441054614,31.22039887450069,0.0 131.01164598423043,31.220395953890417,0.0 131.01164786193593,31.22039303406804,0.0 131.01164973860386,31.220390115035208,0.0 131.01165161426243,31.220387196793272,0.0 131.01165348894213,31.22038427934328,0.0 131.01165536267533,31.22038136268596,0.0 131.01165723549644,31.22037844682172,0.0 131.0116591074417,31.22037553175058,0.0 131.01166097854914,31.220372617472293,0.0 131.01166284885852,31.220369703986208,0.0 131.0116647184111,31.22036679129132,0.0 131.01166658724972,31.22036387938625,0.0 131.0116684554185,31.220360968269304,0.0 131.01167032296283,31.22035805793837,0.0 131.01167218992924,31.220355148390983,0.0 131.0116740563653,31.22035223962436,0.0 131.0116759223195,31.22034933163533,0.0 131.01167778784105,31.220346424420367,0.0 131.01167965297986,31.22034351797564,0.0 131.01168151778623,31.220340612296976,0.0 131.01168338231108,31.22033770737988,0.0 131.01168524660537,31.22033480321955,0.0 131.01168711072032,31.22033189981092,0.0 131.0116889747071,31.22032899714862,0.0 131.0116908386168,31.220326095227048,0.0 131.01169270250017,31.22032319404036,0.0 131.01169456640758,31.22032029358248,0.0 131.01169643038892,31.22031739384713,0.0 131.0116982944934,31.220314494827885,0.0 131.01170015876951,31.220311596518144,0.0 131.01170202326475,31.220308698911182,0.0 131.01170388802564,31.22030580200017,0.0 131.01170575309754,31.22030290577816,0.0 131.01170761852467,31.2203000102382,0.0 131.01170948434967,31.220297115373263,0.0 131.01171135061384,31.22029422117632,0.0 131.01171321735688,31.220291327640368,0.0 131.01171508461678,31.220288434758448,0.0 131.01171695242977,31.22028554252364,0.0 131.01171882083008,31.220282650929136,0.0 131.0117206898501,31.220279759968246,0.0 131.01172255952022,31.220276869634407,0.0 131.01172442986842,31.2202739799212,0.0 131.01172630092074,31.220271090822443,0.0 131.01172817270083,31.220268202332115,0.0 131.01173004523,31.220265314444465,0.0 131.0117319185272,31.22026242715397,0.0 131.011733792609,31.22025954045541,0.0 131.01173566748932,31.220256654343835,0.0 131.0117375431797,31.22025376881464,0.0 131.01173941968906,31.220250883863503,0.0 131.0117412970238,31.22024799948653,0.0 131.01174317518772,31.22024511568016,0.0 131.01174505418194,31.22024223244119,0.0 131.01174693400506,31.22023934976686,0.0 131.01174881465295,31.22023646765481,0.0 131.01175069611912,31.22023358610311,0.0 131.01175257839424,31.220230705110247,0.0 131.01175446146655,31.220227824675195,0.0 131.01175634532174,31.22022494479737,0.0 131.01175822994304,31.22022206547664,0.0 131.01176011531123,31.220219186713376,0.0 131.01176200140463,31.22021630850844,0.0 131.01176388819928,31.2202134308631,0.0 131.01176577566895,31.220210553779246,0.0 131.01176766378512,31.22020767725913,0.0 131.01176955251728,31.2202048013056,0.0 131.0117714418327,31.22020192592192,0.0 131.01177333169676,31.22019905111188,0.0 131.01177522207297,31.22019617687976,0.0 131.01177711292294,31.22019330323032,0.0 131.01177900420674,31.220190430168785,0.0 131.0117808958827,31.22018755770086,0.0 131.01178278790792,31.220184685832727,0.0 131.0117846802378,31.220181814571,0.0 131.0117865728268,31.22017894392276,0.0 131.01178846562803,31.2201760738955,0.0 131.01179035859374,31.220173204497137,0.0 131.0117922516753,31.220170335736004,0.0 131.0117941448233,31.220167467620783,0.0 131.01179603798766,31.220164600160583,0.0 131.01179793111788,31.220161733364804,0.0 131.0117998241631,31.2201588672432,0.0 131.0118017170722,31.22015600180585,0.0 131.01180360979404,31.220153137063097,0.0 131.01180550227747,31.22015027302553,0.0 131.01180739447167,31.22014740970404,0.0 131.01180928632598,31.22014454710964,0.0 131.0118111777903,31.220141685253594,0.0 131.0118130688151,31.22013882414729,0.0 131.01181495935165,31.220135963802274,0.0 131.0118168493519,31.220133104230143,0.0 131.0118187387691,31.22013024544257,0.0 131.01182062755728,31.22012738745127,0.0 131.01182251567195,31.220124530267945,0.0 131.01182440306988,31.22012167390425,0.0 131.01182628970932,31.220118818371795,0.0 131.0118281755501,31.22011596368208,0.0 131.01183006055393,31.22011310984644,0.0 131.0118319446841,31.22011025687605,0.0 131.01183382790592,31.220107404781896,0.0 131.0118357101867,31.220104553574696,0.0 131.01183759149583,31.22010170326488,0.0 131.0118394718049,31.220098853862527,0.0 131.01184135108772,31.220096005377428,0.0 131.01184322932045,31.22009315781894,0.0 131.01184510648167,31.220090311196014,0.0 131.01184698255244,31.220087465517125,0.0 131.01184885751624,31.22008462079028,0.0 131.01185073135926,31.220081777022944,0.0 131.01185260407016,31.22007893422204,0.0 131.01185447564035,31.22007609239389,0.0 131.01185634606378,31.22007325154424,0.0 131.01185821533718,31.22007041167815,0.0 131.0118600834599,31.22006757280004,0.0 131.01186195043405,31.220064734913617,0.0 131.0118638162644,31.22006189802191,0.0 131.01186568095844,31.220059062127188,0.0 131.01186754452632,31.220056227231016,0.0 131.0118694069808,31.220053393334137,0.0 131.01187126833733,31.22005056043656,0.0 131.01187312861384,31.22004772853748,0.0 131.01187498783085,31.220044897635287,0.0 131.0118768460113,31.220042067727583,0.0 131.01187870318054,31.22003923881116,0.0 131.01188055936635,31.220036410881992,0.0 131.0118824145988,31.22003358393526,0.0 131.0118842689099,31.220030757965336,0.0 131.0118861223341,31.220027932965827,0.0 131.0118879749077,31.22002510892952,0.0 131.01188982666875,31.220022285848422,0.0 131.01189167765745,31.220019463713825,0.0 131.0118935279154,31.22001664251626,0.0 131.01189537748596,31.22001382224555,0.0 131.0118972264138,31.22001100289083,0.0 131.01189907474514,31.220008184440587,0.0 131.01190092252725,31.22000536688265,0.0 131.0119027698085,31.22000255020429,0.0 131.01190461663825,31.21999973439216,0.0 131.01190646306662,31.219996919432408,0.0 131.0119083091444,31.21999410531069,0.0 131.0119101549229,31.21999129201222,0.0 131.01191200045386,31.219988479521817,0.0 131.0119138457892,31.21998566782392,0.0 131.01191569098094,31.219982856902668,0.0 131.011917536081,31.21998004674193,0.0 131.01191938114115,31.219977237325367,0.0 131.0119212262127,31.219974428636448,0.0 131.0119230713466,31.21997162065856,0.0 131.01192491659296,31.21996881337501,0.0 131.01192676200122,31.219966006769127,0.0 131.0119286076198,31.21996320082424,0.0 131.01193045349615,31.219960395523817,0.0 131.0119322996764,31.21995759085147,0.0 131.0119341462053,31.219954786790986,0.0 131.01193599312612,31.21995198332644,0.0 131.01193784048058,31.219949180442207,0.0 131.0119396883086,31.21994637812305,0.0 131.01194153664832,31.219943576354137,0.0 131.01194338553577,31.21994077512108,0.0 131.011945235005,31.21993797441001,0.0 131.0119470850878,31.21993517420762,0.0 131.01194893581382,31.219932374501223,0.0 131.0119507872101,31.2199295752788,0.0 131.01195263930157,31.21992677652895,0.0 131.0119544921103,31.21992397824109,0.0 131.01195634565596,31.21992118040537,0.0 131.0119581999554,31.21991838301276,0.0 131.0119600550229,31.21991558605504,0.0 131.01196191086996,31.21991278952485,0.0 131.01196376750516,31.21990999341583,0.0 131.01196562493433,31.21990719772243,0.0 131.0119674831605,31.219904402440125,0.0 131.0119693421838,31.219901607565344,0.0 131.0119712020013,31.219898813095465,0.0 131.01197306260744,31.21989601902892,0.0 131.01197492399373,31.21989322536512,0.0 131.0119767861488,31.219890432104524,0.0 131.0119786490585,31.219887639248626,0.0 131.0119805127059,31.219884846799943,0.0 131.01198237707126,31.219882054762024,0.0 131.01198424213223,31.21987926313943,0.0 131.01198610786392,31.21987647193778,0.0 131.0119879742387,31.21987368116371,0.0 131.01198984122672,31.219870890824826,0.0 131.01199170879548,31.21986810092976,0.0 131.01199357691027,31.219865311488096,0.0 131.01199544553432,31.219862522510365,0.0 131.0119973146286,31.21985973400803,0.0 131.01199918415216,31.21985694599344,0.0 131.01200105406224,31.219854158479844,0.0 131.01200292431426,31.21985137148134,0.0 131.0120047948621,31.219848585012745,0.0 131.01200666565808,31.21984579908972,0.0 131.01200853665327,31.219843013728617,0.0 131.01201040779765,31.219840228946488,0.0 131.0120122790399,31.219837444761023,0.0 131.01201415032816,31.219834661190497,0.0 131.01201602160947,31.21983187825368,0.0 131.01201789283058,31.219829095969903,0.0 131.01201976393773,31.219826314358883,0.0 131.0120216348769,31.219823533440746,0.0 131.01202350559407,31.219820753235936,0.0 131.01202537603524,31.219817973765128,0.0 131.01202724614663,31.219815195049232,0.0 131.01202911556183,31.219812418447,0.0 131.01203098423724,31.219809643940007,0.0 131.01203285198972,31.219806872110137,0.0 131.01203471865995,31.219804103441007,0.0 131.01203658409025,31.21980133841456,0.0 131.0120384481247,31.21979857751077,0.0 131.0120403106096,31.21979582120713,0.0 131.01204217139352,31.21979306997834,0.0 131.0120440303276,31.21979032429588,0.0 131.0120458872657,31.2197875846276,0.0 131.01204774206496,31.219784851437463,0.0 131.01204959458556,31.21978212518509,0.0 131.01205144469125,31.2197794063255,0.0 131.0120532922493,31.219776695308656,0.0 131.0120551371308,31.21977399257912,0.0 131.01205697921068,31.21977129857588,0.0 131.01205881836813,31.219768613732008,0.0 131.01206065448633,31.219765938474257,0.0 131.01206248745288,31.219763273222863,0.0 131.01206431715957,31.219760618391177,0.0 131.01206614350266,31.219757974385608,0.0 131.01206796638303,31.21975534160521,0.0 131.01206978570596,31.21975272044156,0.0 131.01207160138122,31.21975011127844,0.0 131.01207341332312,31.219747514491687,0.0 131.01207522145054,31.219744930449128,0.0 131.0120770256868,31.219742359510267,0.0 131.01207882595972,31.21973980202626,0.0 131.0120806222014,31.21973725833956,0.0 131.01208241434838,31.21973472878405,0.0 131.01208420234133,31.21973221368492,0.0 131.0120859861252,31.219729713358426,0.0 131.01208776564891,31.219727228111964,0.0 131.01208954086528,31.21972475824376,0.0 131.01209131173098,31.21972230404324,0.0 131.01209307820645,31.219719865790704,0.0 131.01209484025563,31.21971744375744,0.0 131.01209659784578,31.219715038205525,0.0 131.01209835094758,31.219712649388047,0.0 131.0121000995347,31.219710277549105,0.0 131.01210184358405,31.2197079229238,0.0 131.012103583075,31.21970558573826,0.0 131.0121053179897,31.219703266209528,0.0 131.01210704831294,31.219700964546064,0.0 131.01210877403173,31.219698680947445,0.0 131.01211049513535,31.21969641560465,0.0 131.01211221161503,31.21969416869988,0.0 131.0121139234639,31.21969194040693,0.0 131.0121156306768,31.21968973089128,0.0 131.0121173332504,31.219687540310105,0.0 131.01211903118255,31.21968536881236,0.0 131.01212072447245,31.21968321653885,0.0 131.0121224131205,31.219681083622675,0.0 131.01212409712824,31.21967897018905,0.0 131.01212577649807,31.21967687635563,0.0 131.01212745123317,31.219674802232262,0.0 131.01212912133738,31.21967274792169,0.0 131.01213078681533,31.219670713519395,0.0 131.01213244767197,31.219668699113743,0.0 131.01213410391273,31.219666704786054,0.0 131.01213575554323,31.219664730610862,0.0 131.0121374025696,31.2196627766562,0.0 131.01213904499787,31.219660842983515,0.0 131.01214068283434,31.219658929647924,0.0 131.01214231608515,31.21965703669809,0.0 131.01214394475673,31.219655164176967,0.0 131.0121455688552,31.21965331212144,0.0 131.0121471883867,31.219651480562696,0.0 131.01214880335712,31.219649669526024,0.0 131.01215041377228,31.21964787903154,0.0 131.01215201963777,31.21964610909392,0.0 131.01215362095897,31.21964435972271,0.0 131.01215521774094,31.21964263092221,0.0 131.0121568099886,31.219640922691884,0.0 131.01215839770657,31.21963923502652,0.0 131.01215998089927,31.219637567916173,0.0 131.0121615595708,31.21963592134641,0.0 131.01216313372487,31.219634295298206,0.0 131.0121647033652,31.21963268974856,0.0 131.01216626849515,31.21963110467025,0.0 131.0121678291179,31.219629540032056,0.0 131.01216938523623,31.219627995798632,0.0 131.01217093685293,31.21962647193115,0.0 131.0121724839705,31.21962496838705,0.0 131.0121740265914,31.21962348512032,0.0 131.01217556471775,31.219622022081246,0.0 131.01217709835174,31.219620579217008,0.0 131.0121786274954,31.219619156471623,0.0 131.01218015215073,31.21961775378597,0.0 131.0121816723196,31.21961637109792,0.0 131.0121831880039,31.219615008342288,0.0 131.0121846992055,31.21961366545141,0.0 131.01218620592644,31.21961234235479,0.0 131.0121877081687,31.21961103897944,0.0 131.0121892059343,31.21960975524953,0.0 131.01219069922544,31.21960849108724,0.0 131.01219218804445,31.21960724641228,0.0 131.0121936723939,31.21960602114224,0.0 131.0121951522763,31.21960481519229,0.0 131.0121966276945,31.21960362847581,0.0 131.01219809878987,31.2196024603568,0.0 131.01219956555528,31.21960131078896,0.0 131.01220102804737,31.219600179472028,0.0 131.01220248631034,31.21959906615494,0.0 131.01220394038728,31.2195979705921,0.0 131.01220539031988,31.21959689254327,0.0 131.0122068361486,31.219595831773468,0.0 131.01220827791255,31.21959478805259,0.0 131.01220971564993,31.219593761155807,0.0 131.01221114939767,31.219592750863008,0.0 131.01221257919187,31.21959175695881,0.0 131.0122140050673,31.219590779232146,0.0 131.01221542705807,31.21958981747656,0.0 131.01221684519723,31.21958887148986,0.0 131.01221825951717,31.21958794107408,0.0 131.0122196700492,31.219587026035168,0.0 131.01222107682392,31.21958612618296,0.0 131.01222247987133,31.219585241331227,0.0 131.01222387922058,31.21958437129744,0.0 131.0122252749003,31.219583515902727,0.0 131.01222666693815,31.219582674971463,0.0 131.01222805536156,31.219581848331767,0.0 131.01222944019716,31.219581035815,0.0 131.01223082147112,31.21958023725575,0.0 131.0122321992089,31.219579452491647,0.0 131.01223357343576,31.219578681363487,0.0 131.0122349441762,31.219577923715104,0.0 131.01223631145447,31.2195771793932,0.0 131.01223767529427,31.21957644824728,0.0 131.01223903571886,31.21957573012949,0.0 131.01224039275127,31.219575024894887,0.0 131.01224174641408,31.21957433240105,0.0 131.0122430967295,31.219573652508146,0.0 131.0122444437193,31.21957298507856,0.0 131.01224578740528,31.21957232997742,0.0 131.01224712780856,31.219571687072104,0.0 131.01224846495015,31.21957105623233,0.0 131.0122497988509,31.219570437329853,0.0 131.0122511295311,31.21956983023877,0.0 131.01225245701113,31.219569234835337,0.0 131.01225378131096,31.219568650997868,0.0 131.01225510245038,31.21956807860658,0.0 131.01225642044895,31.219567517543723,0.0 131.01225773532607,31.21956696769352,0.0 131.01225904710105,31.219566428942105,0.0 131.0122603557928,31.21956590117733,0.0 131.01226166142027,31.2195653842888,0.0 131.0122629640021,31.21956487816802,0.0 131.01226426355697,31.219564382708143,0.0 131.0122655601033,31.219563897804,0.0 131.01226685365924,31.21956342335184,0.0 131.0122681442431,31.21956295924975,0.0 131.01226943187288,31.21956250539729,0.0 131.0122707165666,31.21956206169561,0.0 131.01227199834196,31.21956162804701,0.0 131.01227327721676,31.219561204355585,0.0 131.01227455320864,31.21956079052672,0.0 131.01227582633516,31.219560386467204,0.0 131.01227709661373,31.219559992085,0.0 131.0122783640617,31.219559607289582,0.0 131.0122796286964,31.21955923199167,0.0 131.01228089053507,31.21955886610325,0.0 131.0122821495948,31.21955850953737,0.0 131.0122834058926,31.219558162208447,0.0 131.01228465944564,31.219557824032066,0.0 131.01228591027075,31.21955749492496,0.0 131.0122871583848,31.219557174804816,0.0 131.01228840380455,31.2195568635906,0.0 131.01228964654695,31.21955656120232,0.0 131.0122908866285,31.219556267561064,0.0 131.012292124066,31.219555982588776,0.0 131.0122933588759,31.21955570620856,0.0 131.0122945910748,31.219555438344504,0.0 131.01229582067924,31.219555178921706,0.0 131.0122970477056,31.21955492786596,0.0 131.0122982721703,31.219554685104217,0.0 131.0122994940897,31.219554450564303,0.0 131.01230071348007,31.219554224174964,0.0 131.01230193035764,31.21955400586557,0.0 131.01230314473864,31.219553795566625,0.0 131.0123043566392,31.21955359320937,0.0 131.01230556607547,31.21955339872589,0.0 131.0123067730635,31.21955321204888,0.0 131.0123079776193,31.219553033112085,0.0 131.0123091797588,31.21955286184992,0.0 131.012310379498,31.219552698197543,0.0 131.01231157685268,31.219552542090742,0.0 131.0123127718387,31.21955239346623,0.0 131.01231396447193,31.21955225226136,0.0 131.012315154768,31.219552118414114,0.0 131.0123163427426,31.21955199186316,0.0 131.01231752841136,31.21955187254796,0.0 131.01231871178996,31.21955176040859,0.0 131.0123198928938,31.219551655385622,0.0 131.01232107173843,31.21955155742043,0.0 131.01232224833925,31.21955146645501,0.0 131.0123234227117,31.21955138243193,0.0 131.01232459487096,31.219551305294228,0.0 131.0123257648324,31.21955123498575,0.0 131.0123269326112,31.219551171450856,0.0 131.01232809822253,31.219551114634395,0.0 131.01232926168143,31.219551064481774,0.0 131.012330423003,31.219551020939104,0.0 131.0123315822021,31.21955098395295,0.0 131.01233273929375,31.219550953470264,0.0 131.0123338942927,31.21955092943873,0.0 131.01233504721384,31.219550911806497,0.0 131.01233619807175,31.21955090052216,0.0 131.0123373468812,31.21955089553476,0.0 131.01233849365667,31.21955089679401,0.0 131.01233963841278,31.21955090425004,0.0 131.01234078116383,31.21955091785324,0.0 131.01234192192425,31.21955093755476,0.0 131.01234306070836,31.219550963306087,0.0 131.01234419753035,31.21955099505914,0.0 131.01234533240435,31.219551032766244,0.0 131.0123464653445,31.219551076380288,0.0 131.01234759636472,31.21955112585457,0.0 131.0123487254789,31.2195511811426,0.0 131.01234985270088,31.21955124219861,0.0 131.01235097804445,31.219551308977127,0.0 131.01235210152322,31.219551381432915,0.0 131.01235322315077,31.21955145952139,0.0 131.01235434294065,31.219551543198268,0.0 131.01235546090612,31.21955163241961,0.0 131.0123565770606,31.21955172714187,0.0 131.01235769141732,31.21955182732196,0.0 131.01235880398937,31.219551932917103,0.0 131.01235991478976,31.219552043884832,0.0 131.01236102383146,31.219552160183188,0.0 131.0123621311273,31.21955228177052,0.0 131.01236323669005,31.21955240860536,0.0 131.01236434053237,31.21955254064685,0.0 131.0123654426668,31.2195526778544,0.0 131.0123665431057,31.219552820187555,0.0 131.01236764186157,31.21955296760648,0.0 131.01236873894655,31.219553120071588,0.0 131.0123698343728,31.21955327754344,0.0 131.0123709281523,31.21955343998316,0.0 131.01237202029716,31.219553607352164,0.0 131.01237311081897,31.21955377961196,0.0 131.01237419972955,31.219553956724607,0.0 131.01237528704047,31.21955413865248,0.0 131.0123763727632,31.219554325357976,0.0 131.01237745690915,31.21955451680413,0.0 131.0123785394896,31.21955471295419,0.0 131.0123796205156,31.21955491377146,0.0 131.01238069999826,31.219555119219848,0.0 131.0123817779485,31.21955532926347,0.0 131.01238285437697,31.21955554386652,0.0 131.01238392929443,31.21955576299376,0.0 131.01238500271154,31.219555986610125,0.0 131.01238607463856,31.21955621468068,0.0 131.01238714508585,31.219556447171016,0.0 131.0123882140636,31.21955668404686,0.0 131.01238928158185,31.219556925274123,0.0 131.0123903476506,31.21955717081921,0.0 131.01239141227956,31.21955742064858,0.0 131.01239247547846,31.219557674729025,0.0 131.01239353725683,31.219557933027687,0.0 131.0123945976241,31.21955819551175,0.0 131.0123956565896,31.219558462148864,0.0 131.01239671416246,31.21955873290686,0.0 131.01239777035164,31.21955900775368,0.0 131.01239882516617,31.21955928665776,0.0 131.01239987861467,31.219559569587577,0.0 131.0124009307059,31.21955985651191,0.0 131.01240198144828,31.219560147399896,0.0 131.01240303085015,31.21956044222064,0.0 131.0124040789198,31.21956074094375,0.0 131.0124051256653,31.21956104353896,0.0 131.01240617109457,31.21956134997613,0.0 131.01240721521546,31.219561660225583,0.0 131.01240825803563,31.219561974257605,0.0 131.0124092995626,31.21956229204289,0.0 131.01241033980375,31.219562613552345,0.0 131.0124113787664,31.219562938756926,0.0 131.01241241645766,31.21956326762807,0.0 131.01241345288443,31.21956360013713,0.0 131.01241448805362,31.219563936255938,0.0 131.0124155219719,31.21956427595639,0.0 131.0124165546458,31.2195646192106,0.0 131.0124175860818,31.219564965991005,0.0 131.01241861628603,31.219565316270007,0.0 131.0124196452647,31.21956567002053,0.0 131.01242067302385,31.21956602721537,0.0 131.01242169956913,31.2195663878278,0.0 131.01242272490643,31.219566751831128,0.0 131.01242374904115,31.219567119198867,0.0 131.01242477197883,31.21956748990487,0.0 131.0124257937246,31.219567863922894,0.0 131.01242681428363,31.219568241227268,0.0 131.0124278336609,31.219568621792096,0.0 131.0124288518612,31.21956900559205,0.0 131.01242986888923,31.219569392601663,0.0 131.01243088474948,31.219569782795887,0.0 131.0124318994464,31.219570176149723,0.0 131.0124329129842,31.219570572638403,0.0 131.012433925367,31.21957097223732,0.0 131.0124349365987,31.21957137492201,0.0 131.01243594668315,31.21957178066829,0.0 131.01243695562397,31.219572189451977,0.0 131.01243796342473,31.219572601249244,0.0 131.01243897008877,31.219573016036232,0.0 131.01243997561932,31.219573433789463,0.0 131.01244098001942,31.21957385448537,0.0 131.01244198329212,31.21957427810087,0.0 131.01244298544006,31.21957470461266,0.0 131.01244398646605,31.21957513399793,0.0 131.01244498637243,31.219575566233782,0.0 131.0124459851617,31.219576001297654,0.0 131.0124469828359,31.219576439166968,0.0 131.01244797939736,31.21957687981944,0.0 131.0124489748478,31.219577323232823,0.0 131.01244996918905,31.21957776938507,0.0 131.0124509624228,31.219578218254284,0.0 131.01245195455053,31.21957866981864,0.0 131.0124529455736,31.219579124056583,0.0 131.0124539354932,31.219579580946498,0.0 131.01245492431048,31.21958004046716,0.0 131.01245591202627,31.21958050259713,0.0 131.01245689864152,31.219580967315483,0.0 131.01245788415673,31.219581434601103,0.0 131.0124588685725,31.21958190443319,0.0 131.0124598518892,31.21958237679103,0.0 131.01246083410706,31.219582851653897,0.0 131.0124618152262,31.21958332900142,0.0 131.0124627952465,31.21958380881309,0.0 131.01246377416794,31.219584291068696,0.0 131.01246475199008,31.21958477574809,0.0 131.01246572871253,31.21958526283112,0.0 131.01246670433468,31.21958575229792,0.0 131.01246767885587,31.219586244128568,0.0 131.01246865227515,31.21958673830333,0.0 131.01246962459163,31.21958723480263,0.0 131.0124705958041,31.219587733606755,0.0 131.0124715659114,31.21958823469632,0.0 131.0124725349121,31.219588738051968,0.0 131.01247350280462,31.21958924365429,0.0 131.0124744695874,31.21958975148416,0.0 131.0124754352586,31.21959026152244,0.0 131.0124763998163,31.21959077375001,0.0 131.01247736325848,31.219591288147896,0.0 131.01247832558295,31.21959180469723,0.0 131.0124792867874,31.219592323379143,0.0 131.01248024686936,31.2195928441748,0.0 131.01248120582633,31.21959336706552,0.0 131.01248216365556,31.21959389203265,0.0 131.01248312035423,31.21959441905756,0.0 131.0124840759194,31.21959494812166,0.0 131.0124850303479,31.219595479206465,0.0 131.01248598363665,31.21959601229353,0.0 131.01248693578228,31.219596547364407,0.0 131.01248788678123,31.21959708440064,0.0 131.01248883662996,31.219597623383915,0.0 131.0124897853247,31.219598164295903,0.0 131.0124907328617,31.2195987071183,0.0 131.0124916792369,31.219599251832825,0.0 131.01249262444617,31.21959979842116,0.0 131.01249356848527,31.21960034686504,0.0 131.01249451134987,31.21960089714624,0.0 131.01249545303543,31.219601449246465,0.0 131.0124963935373,31.21960200314747,0.0 131.01249733285078,31.219602558831024,0.0 131.01249827097095,31.219603116278822,0.0 131.01249920789277,31.21960367547256,0.0 131.01250014361108,31.21960423639394,0.0 131.0125010781206,31.219604799024616,0.0 131.01250201141593,31.219605363346183,0.0 131.01250294349143,31.219605929340243,0.0 131.01250387434152,31.21960649698829,0.0 131.01250480396024,31.219607066271827,0.0 131.0125057323416,31.21960763717223,0.0 131.01250665947956,31.21960820967088,0.0 131.01250758536773,31.21960878374901,0.0 131.0125085099998,31.219609359387835,0.0 131.01250943336916,31.21960993656844,0.0 131.0125103554691,31.21961051527184,0.0 131.0125112762927,31.219611095478967,0.0 131.01251219583304,31.2196116771706,0.0 131.0125131140828,31.219612260327327,0.0 131.01251403103464,31.219612844929724,0.0 131.01251494668108,31.219613430958155,0.0 131.01251586101435,31.219614018392903,0.0 131.0125167740266,31.219614607213927,0.0 131.01251768570975,31.21961519740116,0.0 131.01251859605554,31.21961578893433,0.0 131.0125195050555,31.21961638179286,0.0 131.012520412701,31.219616975956047,0.0 131.01252131898315,31.219617571402924,0.0 131.01252222389283,31.21961816811228,0.0 131.0125231274207,31.219618766062613,0.0 131.01252402955728,31.21961936523217,0.0 131.01252493029267,31.219619965598906,0.0 131.0125258296169,31.21962056714039,0.0 131.01252672751954,31.21962116983389,0.0 131.01252762399,31.21962177365628,0.0 131.01252851906474,31.21962237865525,0.0 131.01252941273185,31.21962298480576,0.0 131.01253030500047,31.21962359211457,0.0 131.01253119587648,31.219624200583297,0.0 131.0125320853655,31.219624810213546,0.0 131.01253297347336,31.21962542100695,0.0 131.0125338602057,31.21962603296512,0.0 131.01253474556833,31.219626646089694,0.0 131.0125356295669,31.219627260382264,0.0 131.0125365122072,31.21962787584448,0.0 131.01253739349482,31.21962849247788,0.0 131.01253827343552,31.21962911028406,0.0 131.01253915203495,31.219629729264607,0.0 131.01254002929875,31.219630349421006,0.0 131.01254090523267,31.219630970754807,0.0 131.01254177984228,31.219631593267472,0.0 131.01254265313327,31.21963221696048,0.0 131.01254352511123,31.219632841835207,0.0 131.01254439578187,31.219633467893058,0.0 131.01254526515075,31.21963409513537,0.0 131.01254613322348,31.21963472356345,0.0 131.01254700000572,31.21963535317853,0.0 131.01254786550302,31.21963598398184,0.0 131.01254872972095,31.219636615974515,0.0 131.01254959266524,31.219637249157664,0.0 131.01255045434132,31.21963788353232,0.0 131.01255131475483,31.219638519099487,0.0 131.01255217391133,31.21963915586007,0.0 131.01255303181637,31.21963979381493,0.0 131.0125538884755,31.219640432964884,0.0 131.01255474389427,31.21964107331061,0.0 131.0125551245268,31.21964134648032,0.0 131.01255572259453,31.219642005100084,0.0 131.01255648703955,31.219642296039567,0.0 131.01255699277527,31.21964244334245,0.0 131.01255764505947,31.219642890117125,0.0</coordinates>
            </LineString>
        </Placemark>
    </Document>
</kml>
