<?xml version="1.0" encoding="UTF-8"?>
<kml xmlns="http://www.opengis.net/kml/2.2" xmlns:gx="http://www.google.com/kml/ext/2.2">
    <Document id="431">
        <Style id="434">
            <LineStyle id="435">
                <color>ff0000ff</color>
                <colorMode>normal</colorMode>
                <width>3</width>
            </LineStyle>
        </Style>
        <Style id="438">
            <LineStyle id="439">
                <color>ff00ff00</color>
                <colorMode>normal</colorMode>
                <width>3</width>
            </LineStyle>
        </Style>
        <Placemark id="433">
            <name>flight_path</name>
            <styleUrl>#434</styleUrl>
            <LineString id="432">
                <altitudeMode>relativeToGround</altitudeMode>
                <coordinates>131.010392,31.222216000000007,3.000000004412624 131.01039200000545,31.2222159999906,3.0000027264578115 131.01039200001028,31.222215999993875,3.000003012779584 131.01039200001028,31.222215999993875,3.000003012779584 131.0103920000103,31.222215999993875,3.000003012779584 131.0103920186648,31.22221599084417,3.0022578683165726 131.0103920748901,31.222215963420645,3.0148070948829484 131.01039215993478,31.22221592194644,3.034007106185365 131.010392249151,31.222215878416662,3.0533625227734102 131.010392395381,31.222215807126663,3.0872373379337144 131.01039249716985,31.22221575742821,3.108054756618066 131.01039266702276,31.22221567459415,3.1463955357590927 131.0103928374792,31.222215591440023,3.1839242398255614 131.01039302080284,31.222215502000264,3.223974375587493 131.01039322708232,31.222215401367297,3.2692888586088302 131.01039345272457,31.222215291288936,3.3188919014122904 131.01039369258763,31.22221517426644,3.371386619342709 131.01039395005884,31.222215048652007,3.4276944029464915 131.01039421644953,31.222214918672204,3.4854544955210374 131.01039450845172,31.22221477620725,3.5492041954075195 131.0103948069986,31.222214630532072,3.613762698551086 131.01039512776407,31.22221447402223,3.683390064561909 131.01039545946077,31.222214312168344,3.755020054475544 131.01039580637274,31.222214142886457,3.829817427166218 131.0103961752949,31.22221396287121,3.9096291894311377 131.01039655164234,31.222213779217327,3.990493875776049 131.01039694683445,31.222213586369925,4.075514149527917 131.01039735714872,31.222213386139742,4.163679749421614 131.01039778575063,31.22221317698696,4.255850937946337 131.01039822638555,31.22221296195409,4.350330148726012 131.0103986893425,31.22221273603605,4.449911131273628 131.01039915904306,31.22221250681097,4.550366250306302 131.01039964456635,31.22221226986224,4.6541599204829485 131.0104001456363,31.22221202532413,4.76121747643528 131.0104006630688,31.222211772799746,4.871760278464286 131.01040119449576,31.22221151344101,4.985146518681852 131.01040173375296,31.22221125024659,5.09970618818231 131.0104022910162,31.22221097826628,5.218196267981704 131.0104028640733,31.222210698576216,5.3400168125759615 131.010403448877,31.222210413145216,5.46407221098422 131.01040405025552,31.222210119624407,5.591668537551862 131.01040466068557,31.22220982167371,5.720771220823895 131.01040528477773,31.22220951705013,5.852626222659345 131.01040592505373,31.222209204526795,5.987913035433971 131.01040658160653,31.2222088840584,6.126654815184158 131.010407247809,31.222208558868967,6.267063794345923 131.0104079271538,31.222208227259305,6.410080946913928 131.01040862461,31.222207886811766,6.557041301871459 131.01040934016976,31.222207537530053,6.707938841696294 131.01041005778333,31.222207187222743,6.858461165663568 131.01041079218817,31.22220682871958,7.01256490295335 131.01041154438693,31.222206461532508,7.170512587686416 131.01041230918216,31.222206088190248,7.330908415474931 131.0104130807204,31.222205711540788,7.492187090976883 131.01041387233195,31.22220532509796,7.657906204415424 131.01041467658197,31.22220493247912,7.826075397300557 131.0104154908101,31.222204534978747,7.995984826367083 131.0104163215605,31.22220413156754,8.169376451545022 131.0104171644614,31.22220372154052,8.34448812618333 131.01041802079703,31.222203305889224,8.522256832879142 131.01041889958032,31.22220287978108,8.704795310401913 131.0104197844281,31.22220245125444,8.887808561301966 131.0104206832962,31.222202016418656,9.073398725448078 131.010421600476,31.222201573164103,9.26268741798543 131.01042253791144,31.22220112051785,9.45617767463454 131.01042347299995,31.222200669589693,9.647926426672887 131.01042442595875,31.222200210411497,9.843250420707289 131.01042540582955,31.22219973845788,10.044514218812038 131.01042639058392,31.222199264635275,10.245933187402832 131.01042738348391,31.222198787331656,10.448368093858702 131.01042839690723,31.222198300311568,10.655066761304 131.010429427407,31.22219780524227,10.86512464744408 131.01043046588688,31.222197306702967,11.07615581894528 131.01043151544545,31.22219680310948,11.288976590797452 131.0104325838073,31.222196290446888,11.505621606507365 131.01043367125607,31.222195768478564,11.726172155549431 131.01043475870927,31.22219524709748,11.94560446457658 131.01043586738643,31.22219471519253,12.16951868043025 131.0104369885432,31.22219417725633,12.395615985336423 131.0104381208884,31.22219363393645,12.623560714604675 131.0104392621448,31.22219308642095,12.852754300880717 131.01044042559334,31.22219252742823,13.086736745236644 131.01044159995823,31.22219196299115,13.322521663577891 131.01044277824715,31.22219139697949,13.55824357681667 131.01044397718894,31.22219082000279,13.798389227698756 131.01044519282877,31.222190234095088,14.041922942883312 131.01044640844552,31.22218964876624,14.284347376528638 131.0104476417784,31.222189053787368,14.530456685120594 131.01044889022583,31.22218845046996,14.779574811842291 131.01045014778305,31.222187842268248,15.030082767209736 131.01045141526086,31.222187228658537,15.282209370517227 131.01045269708496,31.222186606845497,15.537186155507 131.01045399207285,31.222185977396887,15.794711919328636 131.01045529240213,31.22218534511508,16.052634418737753 131.0104566093982,31.222184702770488,16.314114884021475 131.01045794049787,31.22218405177057,16.578473719742387 131.010459275404,31.22218339874202,16.842832415837 131.0104606298147,31.222182733243123,17.111635096232323 131.0104619930817,31.22218206214881,17.38190154080927 131.01046335972552,31.22218138919853,17.65206896754075 131.01046474595347,31.222180703058303,17.926809594069407 131.01046614206936,31.222180010221347,18.203374986907924 131.0104675470536,31.222179311355752,18.48148032786989 131.01046896508944,31.222178603285343,18.76237149123235 131.0104703897123,31.222177890618543,19.044174205997766 131.01047182195384,31.222177172525257,19.327204476851776 131.01047327301663,31.22217644018279,19.614844568726017 131.01047472173835,31.22217570985961,19.90077237101237 131.01047618928357,31.22217496480143,20.191389424220755 131.01047766751736,31.222174211118848,20.48428888165701 131.01047914789405,31.222173455800785,20.776854258779977 131.01048063865645,31.22217269193262,21.071639999774504 131.01048215241477,31.222171908296644,21.37265163294244 131.01048366513228,31.222171125436248,21.67238968033825 131.01048517842452,31.222170342238392,21.97131903510764 131.0104867189988,31.22216953425692,22.278025665908817 131.01048825177213,31.222168733228667,22.581293816711646 131.01048979707608,31.22216792043619,22.88767601592816 131.01049137065294,31.22216708009616,23.20244344874711 131.01049292120328,31.222166261955167,23.50868623087884 131.01049449957358,31.222165416115107,23.823257686419023 131.0104960922799,31.22216455502687,24.141809585607383 131.01049766696238,31.222163712281425,24.453342737581707 131.01049927586115,31.222162833175965,24.77568842499257 131.01050087873426,31.22216195975228,25.09512961981145 131.0105024830556,31.222161084427167,25.41418231151476 131.01050411586317,31.222160176586648,25.74241684603651 131.01050573712925,31.222159280988524,26.065754626609177 131.01050736620837,31.22215837590858,26.391017277338584 131.0105090187053,31.222157442224056,26.7239395034317 131.0105106572513,31.222156524344744,27.0509979597994 131.01051231337655,31.22215558426785,27.383681503192093 131.01051397835934,31.222154631964475,27.718891860476177 131.01051563435018,31.222153690128334,28.049960897379925 131.01051731798142,31.222152711535298,28.39066730257862 131.01051899079084,31.2221517457756,28.72654837350904 131.01052067057313,31.22215076975244,29.06431809136115 131.01052237392267,31.222149760211057,29.41047166428564 131.0105240617631,31.22214877058344,29.74990321783533 131.0105257638625,31.222147759828,30.09416595237725 131.0105274808369,31.22214672615108,30.44362446872904 131.0105291847902,31.222145709748208,30.787230300180173 131.01053091089997,31.22214465936653,31.138987463252207 131.01053263164616,31.22214361513416,31.48794043076738 131.01053435518736,31.22214256515322,31.83733820866957 131.0105361029403,31.222141476201426,32.19594857645063 131.0105378348352,31.22214040982437,32.547448049736246 131.01053957776355,31.222139324547506,32.902810157579914 131.01054134089867,31.22213820505474,33.2659081603763 131.01054308313468,31.222137117052057,33.61972149968005 131.0105448517671,31.22213598444208,33.983879589148486 131.01054661826296,31.22213485301887,34.3465548725154 131.01054838009347,31.22213372733064,34.70665257588806 131.01055016788928,31.22213255623187,35.077046738996515 131.0105519412085,31.2221314071186,35.44075805546669 131.01055372617384,31.222130236281465,35.80876198697131 131.01055552236457,31.22212904403005,36.18090599530225 131.01055730750753,31.22212786845332,36.547785992003725 131.01055911446022,31.22212665317957,36.92326692762781 131.01056091381375,31.222125448696392,37.29494088620064 131.0105627157353,31.222124237595214,37.66709109557044 131.0105645381201,31.22212298864669,38.047243432099656 131.01056634701783,31.22212176090776,38.42111488630373 131.0105681677076,31.22212051042992,38.79931609301223 131.0105699966865,31.22211924325549,39.180351540632856 131.01057181779476,31.22211798763397,39.55748112256116 131.0105736634905,31.22211668699073,39.94416882964678 131.0105754949765,31.22211540896369,40.32433299606819 131.01057733532232,31.22211411344175,40.70750358300326 131.01057919766768,31.22211277779745,41.09898033807494 131.01058103727473,31.22211147942584,41.480537094560106 131.010582904353,31.222110131825755,41.87252602689448 131.01058476258487,31.222108797536325,42.26024596309274 131.01058662546913,31.22210745343996,42.649132807246176 131.01058850700008,31.222106076083325,43.04465510550192 131.0105903739176,31.22210472163168,43.4336998658995 131.0105922635772,31.22210332753443,43.83086560145833 131.01059414825585,31.222101940240886,44.22531988520542 131.01059603346874,31.22210055049697,44.619230071323 131.01059794209797,31.22209912126717,45.02121245823656 131.01059983306843,31.222097719320736,45.4157381820464 131.0106017473318,31.222096278768515,45.81813989200729 131.01060365723103,31.222094844125348,46.21806686577044 131.01060557014097,31.222093403609733,46.61826612889914 131.01060750546955,31.222091927438107,47.02567574941863 131.0106094221895,31.22209047903617,47.425535866529685 131.0106113678939,31.222088985724127,47.83478363323184 131.01061330156077,31.222087509965792,48.23886798256943 131.01061524500588,31.22208601892793,48.64545211988651 131.0106172069208,31.222084500438825,49.05739757285323 131.01061915185363,31.222083006201053,49.46261584881466 131.01062112630768,31.22208146923776,49.87680044764678 131.0106230898103,31.222079947741875,50.28632116236228 131.01062506250028,31.222078413095552,50.69789788784596 131.0106270563209,31.22207684936753,51.11530513949194 131.01062903027557,31.22207531284496,51.52527829111381 131.01063103787544,31.222073730962084,51.94496094766125 131.010633033828,31.222072165044235,52.35986911071786 131.01063503862403,31.222070587618727,52.77650799767848 131.01063705846923,31.222068991085408,53.19670803499034 131.01063906651987,31.22206741018405,53.61220443980014 131.01064110684987,31.222065788799924,54.03639758692225 131.01064313143706,31.22206418798517,54.4547125568107 131.01064517265732,31.222062567051417,54.8768906213291 131.01064722256862,31.22206093633063,55.30047911203952 131.01064926312642,31.222059317758063,55.720199121440686 131.01065134269203,31.22205765325176,56.15007700795952 131.01065339564414,31.222056021537952,56.57110623171016 131.01065547817225,31.22205435584752,56.99944472358736 131.0106575583836,31.22205269410433,57.42592248422 131.0106596380386,31.222051034056683,57.851080221064805 131.01066174707293,31.222049341616536,58.28324065096583 131.01066383608145,31.222047673243,58.70863969235304 131.01066595739957,31.22204596970453,59.14175263321847 131.01066806833668,31.222044279221112,59.57079753429112 131.010670188285,31.22204258002561,60.00110436707006 131.0106723280694,31.222040860458087,60.43555280773355 131.01067445081057,31.22203916100221,60.86419797932744 131.0106766136393,31.222037419395484,61.30236142397516 131.01067875614208,31.22203570139124,61.733867052252414 131.010680924721,31.222033956779004,62.17108274095856 131.01068308846257,31.222032218952368,62.605786585895984 131.01068525402223,31.22203048069581,63.039757669472266 131.0106874444055,31.22202871761952,63.47901639862263 131.01068961783275,31.222026974138608,63.912611720904366 131.01069183217504,31.22202518893169,64.3556638432366 131.01069402582598,31.222023427226137,64.79209775909848 131.01069623731203,31.222021648253207,65.2319586631086 131.01069846064314,31.22201985838795,65.67367251027764 131.01070066971235,31.22201808513364,66.11048232743303 131.0107029108063,31.22201627964479,66.55437647251244 131.0107051479262,31.22201447989091,66.99603546925665 131.01070737746332,31.222012689687084,67.43453917051605 131.01070962713223,31.222010879646767,67.87705807584183 131.0107118902026,31.222009056790373,68.32185812765509 131.01071414692817,31.222007242116568,68.76383756279733 131.01071640523392,31.222005427189103,69.20505263631509 131.01071867965774,31.222003596294886,69.64928461727924 131.01072095802152,31.22200176241163,70.09338724854564 131.01072323641236,31.22199992976804,70.5363487796963 131.0107255178859,31.22199809500743,70.97897249410417 131.010727809333,31.22199625044641,71.42307461367365 131.0107301029181,31.221994404593744,71.8666199417369 131.0107323983232,31.221992557771006,72.30953244523168 131.0107346982778,31.221990706840085,72.75254353623107 131.0107370020226,31.22198885253237,73.19546902660461 131.01073930802323,31.221986996497712,73.63791560433057 131.0107416163764,31.221985138543506,74.07992134764437 131.0107439290663,31.221983276255816,74.52203264690876 131.01074624521775,31.221981410516182,74.96403301415027 131.0107485643329,31.22197954179996,75.4058036599651 131.0107508848638,31.22197767185616,75.84693907910349 131.01075320671484,31.22197580071853,76.28742545961721 131.01075553406565,31.221973923160128,76.72842405173989 131.01075786191984,31.221972045157017,77.1685830479219 131.01076019293333,31.221970163338327,77.60864665686606 131.0107625260668,31.22196827886315,78.04834515651272 131.0107648622243,31.221966390458096,78.48794704339285 131.01076719864733,31.221964501546367,78.92669464189798 131.01076953787623,31.22196260874147,79.36531609276966 131.0107718794361,31.22196071250548,79.80369651522739 131.0107742215459,31.22195881509072,80.24134341768846 131.010776566638,31.221956913131503,80.67896591222463 131.0107789146114,31.22195500659528,81.11655474275891 131.01078126163787,31.221953100631094,81.55301687773785 131.01078361180413,31.22195118951153,81.98954763364483 131.01078596270258,31.22194927644564,82.4254633116612 131.01078831453555,31.221947361068544,82.8608333741657 131.01079066766113,31.22194544276707,83.29577525358847 131.01079302264012,31.221943520616527,83.73046767372372 131.01079537846894,31.2219415959723,84.16462499375609 131.01079773583731,31.221939667735448,84.59846231466507 131.0108000936136,31.22193773749441,85.03165157372196 131.0108024523756,31.22193580431519,85.46437390708337 131.0108048110633,31.22193386972255,85.89631872743628 131.01080717084076,31.22193193188404,86.32784367093481 131.01080953214412,31.221929990042245,86.759088821775 131.01081189368273,31.221928046122382,87.18966944936224 131.01081425587876,31.221926099427726,87.61971784843523 131.0108166186552,31.22192415002711,88.04921502640353 131.01081898032731,31.22192220053837,88.47765124187706 131.01082134335817,31.221920247042856,88.90577868127806 131.0108237056034,31.221918292902306,89.3329462758138 131.01082606961307,31.22191633403263,89.759931640273 131.01082843267088,31.22191437475422,90.1859074915272 131.01083079772,31.221912410337744,90.61176900123742 131.01083316174703,31.22191044562049,91.03659793244005 131.0108355257248,31.221908479047286,91.46068828136912 131.01083789095523,31.221906508515907,91.88443132385969 131.01084025617175,31.221904536085287,92.30743912127772 131.01084262048815,31.221902563212744,92.72944092928742 131.0108449864094,31.221900585867296,93.1511856032457 131.01084735175823,31.221898607601943,93.5720124486444 131.01084971812887,31.22189662587536,93.99239244776852 131.01085208417624,31.221894642900352,94.41191712160072 131.01085444993825,31.221892658657428,94.83059195128112 131.01085681600009,31.22189067225501,95.24858181117942 131.01085918240602,31.221888683679683,95.66589003596584 131.0108615486843,31.22188669374357,96.0823697575761 131.01086391502596,31.221884702201663,96.49806802679733 131.010866280861,31.221882710019187,96.91281127514247 131.0108686479879,31.221880714430824,97.32710551486905 131.01087101414177,31.221878719069643,97.74029228749222 131.01087338149648,31.221876720607064,98.15297986885255 131.01087574890008,31.22187472092265,98.56482973798066 131.0108781150442,31.22187272209629,98.97546869276768 131.01088048248604,31.221870720278936,99.38559807236622 131.0108828496016,31.22186871804637,99.7947547368318 131.01088521581292,31.22186671633508,100.20277352434438 131.0108875833837,31.221864711825905,100.61025914217224 131.01088994972935,31.22186270847044,101.01650091020196 131.01089231683895,31.221860703387097,101.42202452517834 131.01089468551845,31.22185869550581,101.8270278361706 131.0108970527492,31.221856689312883,102.23070423622 131.01089942008346,31.22185468260816,102.63345625689132 131.0109017875907,31.22185267538456,103.03528987828012 131.0109041564482,31.22185066606285,103.43649558076748 131.01090652501185,31.22184865705812,103.83664131169104 131.01090889355967,31.221846648039545,104.2357916727598 131.01091126325278,31.221844637477385,104.63422846360476 131.01091363278587,31.22184262726012,105.0316146366432 131.01091600213698,31.221840617475305,105.427939014686 131.01091837356472,31.221838605141805,105.82374676326914 131.01092074340067,31.221836595282927,106.21813202785678 131.0109231165196,31.22183458143904,106.61227099885517 131.01092548880877,31.221832569171333,107.00515964957212 131.0109278622214,31.221830555943257,107.39726269124232 131.01093023630577,31.221828542422763,107.7884634845762 131.01093261192966,31.22182652755168,108.17895872430852 131.01093498806856,31.221824512717703,108.56850063932984 131.01093736467712,31.221822498025457,108.95707431998282 131.01093974197158,31.22182048325141,109.34472447122693 131.01094212073275,31.221818467467536,109.73162384812012 131.01094449904872,31.22181645312356,110.11733071330804 131.01094687904003,31.22181443760796,110.50232368382107 131.0109492595498,31.22181242241273,110.88633491923048 131.01095164060084,31.22181040754224,111.26936694661886 131.01095402226335,31.22180839294444,111.65143241231264 131.01095640617572,31.22180637665736,112.03289094521648 131.01095878911187,31.221804362641446,112.41302555273252 131.01096117413869,31.221802347193943,112.79251165747034 131.0109635610536,31.221800330602527,113.1712991330706 131.0109659482034,31.22179831487767,113.5490253722213 131.01096833661714,31.22179629879695,113.92591425745812 131.01097072634204,31.221794282323977,114.30197404842912 131.0109731177644,31.221792265013704,114.67728670359244 131.01097550806185,31.22179025023173,115.0512454843212 131.01097789993642,31.22178823476779,115.42443185338745 131.01098029295972,31.22178621913996,115.79675275631716 131.01098268630994,31.221784204321647,116.1680337930718 131.010985081872,31.221782188079047,116.53867701877088 131.01098747676852,31.22178017381228,116.90807256114044 131.01098987190255,31.221778160442952,117.27641500358656 131.0109922705433,31.22177614409312,117.64439642486796 131.0109946699054,31.22177412804508,118.01142955131095 131.0109970687437,31.221772113758995,118.37725569343516 131.01099946963515,31.221770098161244,118.74242039603467 131.01100187151107,31.221768082496297,119.1067011808048 131.01100427460844,31.22176606645781,119.47015118872852 131.01100667903611,31.22176404988824,119.83279668309052 131.01100908459034,31.22176203300096,120.19459858798068 131.01101148997628,31.22176001732005,120.55528930839093 131.0110138963012,31.22175800148557,120.9151053113596 131.0110163033928,31.22175598566672,121.27401472710136 131.01101871028288,31.22175397100104,121.63181899365834 131.0110211177179,31.221751956547624,121.98867936807504 131.01102352899773,31.221749938221773,122.34529363364749 131.0110259381462,31.221747923297947,122.700411802148 131.0110283483768,31.22174590780389,123.0547137557396 131.01103076022287,31.22174389101689,123.4083173482064 131.01103317200665,31.2217418749708,123.76087486801482 131.01103558416835,31.22173985907711,124.1124842513667 131.01103799573002,31.22173784452174,124.46294445083272 131.01104040815258,31.22173582941133,124.81256957842936 131.01104282170883,31.22173381333185,125.16142359791527 131.0110452341031,31.22173179917243,125.50902567455783 131.01104764722996,31.22172978445757,125.85578289666162 131.01105006192037,31.221727768035656,126.20187850525424 131.0110524769762,31.221725751401344,126.5470637795824 131.01105489067623,31.221723736779136,126.8909766341466 131.01105730461276,31.221721722029898,127.23396211371644 131.01105972012752,31.22171970529107,127.57631399859758 131.01106213598504,31.22171768814136,127.91777403521569 131.01106455165095,31.22171567125672,128.2582326561239 131.011066966958,31.22171365482112,128.59765896524885 131.0110693829809,31.221711637308367,128.93629017652103 131.0110717975506,31.22170962164956,129.27366344375088 131.01107421372856,31.221707603554744,129.61044589388356 131.01107662969557,31.22170558548168,129.9462497508846 131.0110790462599,31.221703566248586,130.28125524883717 131.0110814619698,31.22170154785838,130.615151809485 131.0110838768352,31.221699530266445,130.94794568685813 131.01108629260037,31.2216975109162,131.2800220794424 131.0110887086578,31.2216954906118,131.61125374279686 131.01109112575756,31.22169346820747,131.94180929640672 131.0110935414739,31.221691447205625,132.2711619300239 131.01109595689746,31.22168942598168,132.5995539695375 131.011098374217,31.221687401228376,132.9274701139243 131.01110078967457,31.22168537848673,133.25408923542247 131.01110320629013,31.221683353214203,133.58007792840232 131.0111056224341,31.221681327806,133.90508159320723 131.0111080368257,31.221679304185592,134.228821205312 131.01111045122207,31.2216772796546,134.55168620560138 131.01111286479502,31.221675255437354,134.8734970893836 131.0111152776669,31.221673231320977,135.19428317251567 131.0111176898272,31.22167120729539,135.51404437169006 131.01112010126647,31.221669183351064,135.8327806155197 131.0111225119761,31.22166715947909,136.15049183261047 131.01112492194855,31.22166513567109,136.4671779555366 131.01112733117725,31.2216631119194,136.78283891885354 131.01112973965658,31.22166108821685,137.09747467003066 131.01113214738191,31.221659064556984,137.41108515752455 131.01113455434958,31.22165704093389,137.72367033276595 131.0111369605569,31.22165501734232,138.0352301630815 131.01113936600214,31.22165299377762,138.345764614797 131.01114177068447,31.221650970235764,138.65527366814518 131.01114417460408,31.221648946713355,138.96375730931587 131.01114657776208,31.2216469232076,139.2712155324424 131.0111489801604,31.22164489971629,139.57764834258404 131.01115138180205,31.22164287623787,139.8830557567196 131.01115378269074,31.22164085277135,140.1874377948023 131.01115618283117,31.221638829316312,140.49079449765023 131.01115858222877,31.22163680587296,140.79312590905556 131.01116098088997,31.221634782442028,141.09443208572364 131.01116337882175,31.221632759024835,141.39471309926142 131.01116577603224,31.22163073562325,141.693969028225 131.01116817252995,31.22162871223966,141.9921999660721 131.01117056832436,31.221626688876995,142.28940601619112 131.0111729634256,31.22162466553868,142.5855872968721 131.01117535784437,31.221622642228613,142.88074393733024 131.0111777515922,31.221620618951224,143.17487607869933 131.01118014468116,31.22161859571137,143.46798387602067 131.01118253712391,31.221616572514343,143.7600674952597 131.0111849289337,31.22161454936592,144.05112711728407 131.0111873201243,31.221612526272228,144.34116293189743 131.01118971070997,31.22161050323981,144.6301751467864 131.01119210070547,31.2216084802756,144.9181639785743 131.011194490126,31.22160645738688,145.20512965878547 131.0111968789872,31.22160443458125,145.49107242589332 131.011199267305,31.22160241186667,145.77599253625365 131.0112016550958,31.221600389251368,146.05989025515916 131.0112040423762,31.22159836674385,146.342765864791 131.01120642916322,31.22159634435292,146.62461965030369 131.01120881547396,31.22159432208757,146.90545191771585 131.01121120132586,31.221592299957045,147.1852629740316 131.01121358673657,31.221590277970776,147.46405314910703 131.01121597172374,31.2215882561384,147.74182277179568 131.01121835630536,31.221586234469672,148.01857218883364 131.0112207404993,31.22158421297452,148.29430175688742 131.01122312432372,31.22158219166297,148.5690118385793 131.01122550779664,31.22158017054521,148.84270280646174 131.01122789093608,31.221578149631405,149.11537504600045 131.0112302737602,31.221576128931847,149.38702894662782 131.01123265628686,31.22157410845689,149.6576649067136 131.01123503853407,31.22157208821687,149.9272833355525 131.01123742051962,31.221570068222128,150.1958846473999 131.0112398022612,31.22156804848303,150.46346926743664 131.01124218377626,31.221566029009885,150.73003761785296 131.01124456508217,31.221564009812965,150.9955901357404 131.01124694619597,31.22156199090245,151.26012726414498 131.01124932713455,31.22155997228849,151.52364944511115 131.01125170791457,31.221557953981087,151.786157132602 131.01125408855225,31.221555935990168,152.04765077957876 131.01125646906365,31.221553918325505,152.30813084595138 131.01125884946447,31.221551900996733,152.56759779460418 131.01126122977004,31.22154988401336,152.82605208940703 131.01126360999535,31.22154786738466,153.08349419919156 131.01126599015504,31.221545851119785,153.33992459775084 131.01126837026322,31.221543835227667,153.59534375091835 131.01127075033375,31.221541819717,153.84975213843535 131.01127313037992,31.22153980459631,154.10315023307723 131.01127551041463,31.221537789873828,154.35553850959923 131.0112778904504,31.221535775557605,154.60691744175523 131.01128027049916,31.22153376165539,154.85728750627328 131.01128265057244,31.221531748174712,155.1066491758978 131.0112850306812,31.22152973512277,155.35500292734108 131.01128741083596,31.22152772250657,155.6023492273692 131.01128979104672,31.221525710332752,155.84868854671575 131.01129217132296,31.221523698607687,156.0940213521311 131.0112945516736,31.221521687337468,156.33834810936477 131.0112969321071,31.22151967652784,156.581669281177 131.01129931263125,31.22151766618427,156.8239853233627 131.01130169325353,31.22151565631189,157.06529669171005 131.01130407398057,31.221513646915536,157.30560383404824 131.01130645481877,31.22151163799968,157.54490720217527 131.0113088357738,31.22150962956851,157.78320723197857 131.0113112168508,31.221507621625847,158.0205043623209 131.0113135980544,31.2215056141752,158.2567990270882 131.0113159793886,31.22150360721973,158.49209164922593 131.01131836085705,31.221501600762306,158.7263826486909 131.01132074246263,31.221499594805383,158.95967244443946 131.01132312420782,31.221497589351166,159.19196143951785 131.01132550609455,31.221495584401463,159.4232500369652 131.0113278881242,31.221493579957777,159.65353863385113 131.0113302702976,31.221491576021293,159.882827621275 131.01133265261515,31.22148957259284,160.11111737343123 131.01133503507663,31.221487569672927,160.33840827047308 131.0113374176815,31.22148556726176,160.5647006776371 131.01133980042843,31.2214835653592,160.7899949561783 131.01134218331592,31.2214815639648,161.01429145442324 131.01134456634173,31.221479563077786,161.2375905216868 131.01134694950332,31.221477562697103,161.45989249435576 131.0113493327977,31.22147556282137,161.6811976988713 131.01135171622127,31.22147356344893,161.90150645769305 131.01135409977016,31.22147156457784,162.12081908333496 131.01135648344007,31.221469566205805,162.3391358793583 131.01135886722616,31.22146756833033,162.55645714434945 131.01136125112333,31.221465570948624,162.7727831649614 131.01136363512606,31.22146357405761,162.98811422287062 131.01136601922835,31.221461577653955,163.20245058980876 131.01136840342394,31.22145958173409,163.41579252756208 131.01137078770623,31.221457586294203,163.6281402949283 131.01137317206826,31.22145559133021,163.8394941357904 131.01137555650277,31.22145359683786,164.0498542900502 131.0113779410021,31.221451602812607,164.259220986669 131.0113803255585,31.22144960924975,164.4675944526156 131.0113827101637,31.22144761614437,164.67497489596695 131.01138509480936,31.221445623491352,164.881362526783 131.0113874794868,31.221443631285368,165.08675754318915 131.01138986418715,31.221441639520968,165.29116013336736 131.0113922489013,31.221439648192483,165.49457047952825 131.01139463361994,31.22143765729412,165.69698875592655 131.01139701833355,31.221435666819904,165.89841512786447 131.01139940303247,31.221433676763727,166.09884975566965 131.0114017877069,31.221431687119377,166.29829279071808 131.01140417234683,31.22142969788048,166.4967443774224 131.01140655694223,31.221427709040583,166.69420464726792 131.01140894148278,31.221425720593103,166.89067373471687 131.0114113259583,31.22142373253138,167.08615175931544 131.0114137103583,31.221421744848666,167.280638836629 131.0114160946724,31.22141975753812,167.47413507227745 131.01141847889,31.221417770592847,167.66664056789924 131.01142086300058,31.221415784005888,167.8581554251267 131.0114232469936,31.22141379777026,168.04867972272655 131.01142563085835,31.2214118118789,168.23821354641646 131.0114280145843,31.221409826324727,168.42675697594515 131.01143039816083,31.221407841100653,168.6143100751518 131.01143278157744,31.22140585619955,168.80087291085243 131.01143516482352,31.221403871614296,168.9864455419054 131.0114375478887,31.221401887337738,169.17102802716235 131.01143993076252,31.221399903362776,169.35462040857325 131.01144231343463,31.221397919682296,169.53722273503908 131.01144469589485,31.221395936289223,169.71883504352783 131.01144707813305,31.221393953176523,169.8994573690139 131.01144946013915,31.221391970337194,170.07908974050147 131.01145184190324,31.221389987764283,170.25773218202028 131.0114542234156,31.22138800545089,170.4353847165988 131.0114566046665,31.22138602339021,170.6120473603035 131.01145898564656,31.22138404157546,170.7877201281995 131.0114613663464,31.22138205999996,170.96240302739483 131.01146374675685,31.221380078657106,171.13609606598587 131.01146612686887,31.221378097540388,171.30879924808693 131.01146850667382,31.221376116643395,171.48051257283635 131.011470886163,31.221374135959817,171.65123603737896 131.01147326532808,31.22137215548344,171.82096963885283 131.01147564416075,31.22137017520817,171.9897133664393 131.0114780226532,31.22136819512803,172.15746721328827 131.01148040079758,31.22136621523716,172.32423116658043 131.01148277858644,31.22136423552984,172.49000521349035 131.01148515601247,31.221362256000475,172.6547893391985 131.01148753306865,31.221360276643583,172.81858352987223 131.0114899097482,31.221358297453875,172.9813877637222 131.0114922860446,31.221356318426142,173.14320202590935 131.01149466195156,31.221354339555376,173.3040262946319 131.01149703746307,31.22135236083668,173.46386055305018 131.0114994125734,31.221350382265328,173.62270478034316 131.011501787277,31.221348403836743,173.78055895568284 131.01150416156867,31.22134642554652,173.9374230602232 131.0115065354436,31.221344447390376,174.0932970761052 131.011508908897,31.22134246936427,174.24818097950023 131.01151128192453,31.221340491464225,174.40207475253607 131.0115136545221,31.22133851368651,174.5549783813104 131.0115160266859,31.22133653602753,174.7068918449561 131.0115183984124,31.221334558483875,174.85781512757012 131.01152076969836,31.22133258105228,175.00774821423568 131.0115231405408,31.22133060372965,175.15669109301152 131.01152551093708,31.22132862651312,175.30464375194984 131.01152788088478,31.221326649399927,175.4516061800902 131.01153025038184,31.22132467238752,175.5975783704406 131.0115326194264,31.22132269547351,175.74256031500883 131.01153498801693,31.22132071865568,175.88655201374746 131.01153735615216,31.221318741931977,176.0295534596444 131.01153972383116,31.22131676530053,176.17156466059015 131.01154209105323,31.221314788759663,176.31258561552238 131.0115444578179,31.22131281230781,176.45261632933574 131.0115468241251,31.221310835943623,176.5916568178517 131.0115491899749,31.221308859665907,176.729707089927 131.01155155536773,31.221306883473645,176.86676715739276 131.01155392030427,31.221304907365955,177.00283704499532 131.0115562847854,31.221302931342148,177.1379167685276 131.01155864881235,31.221300955401688,177.2720063586854 131.01156101238655,31.22129897954421,177.40510583919956 131.01156337550978,31.22129700376947,177.537215246715 131.0115657381839,31.221295028077424,177.6683346138944 131.01156810041107,31.221293052468155,177.7984639803499 131.01157046219384,31.22129107694189,177.9276033906573 131.01157282353475,31.221289101499032,178.05575289336056 131.01157518443688,31.22128712614011,178.1829125360029 131.0115775449032,31.2212851508658,178.30908237506557 131.0115799049371,31.221283175676884,178.43426247199238 131.01158226454217,31.22128120057436,178.55845288424445 131.01158462372214,31.22127922555928,178.6816536851791 131.011586982481,31.221277250632856,178.80386494019405 131.01158934082295,31.221275275796444,178.92508673058344 131.0115916987524,31.22127330105149,179.0453191316711 131.01159405627385,31.221271326399588,179.16456222573052 131.01159641339203,31.221269351842416,179.28281610297947 131.0115987701119,31.22126737738182,179.40008085561735 131.0116011264385,31.2212654030197,179.5163565758353 131.0116034823772,31.221263428758075,179.6316433677451 131.01160583793333,31.22126145459909,179.74594133445743 131.0116081931125,31.22125948054496,179.8592505840451 131.01161054792027,31.221257506598008,179.9715712265626 131.0116129023627,31.22125553276065,180.0829033839828 131.0116152564457,31.2212535590354,180.1932471683338 131.01161761017536,31.2212515854248,180.3026027095262 131.01161996355796,31.22124961193154,180.4109701334884 131.01162231659978,31.221247638558346,180.5183495750867 131.0116246693073,31.22124566530804,180.6247411652044 131.01162702168716,31.221243692183467,180.73014504962725 131.0116293737459,31.2212417191876,180.83456136717604 131.0116317254903,31.2212397463234,180.93799026461565 131.0116340769272,31.22123777359393,181.04043189466728 131.01163642806347,31.22123580100231,181.14188641004623 131.01163877890613,31.22123382855167,181.2423539674353 131.0116411294621,31.221231856245208,181.341834730468 131.01164347973858,31.221229884086164,181.44032885780163 131.01164582974263,31.22122791207779,181.5378365229949 131.01164817948143,31.22122594022341,181.63435789065403 131.0116505289622,31.22122396852632,181.72989313730605 131.0116528781922,31.221221996989907,181.8244424374824 131.01165522717864,31.221220025617537,181.91800596869024 131.0116575759289,31.221218054412585,182.010583914392 131.01165992445016,31.22121608337846,182.10217645903853 131.0116622727498,31.22121411251859,182.1927837890608 131.01166462083515,31.2212121418364,182.28240608889496 131.0116669687134,31.221210171335272,182.371043554898 131.01166931639193,31.22120820101868,182.4586963794441 131.011671663878,31.22120623089,182.5453647568881 131.01167401117877,31.221204260952653,182.63104888456 131.01167635830154,31.22120229121005,182.7157489587896 131.01167870525347,31.22120032166557,182.79946518484425 131.01168105204172,31.221198352322578,182.88219776400965 131.0116833986733,31.2211963831844,182.9639468985581 131.0116857451554,31.221194414254377,183.0447127947317 131.0116880914949,31.2211924455358,183.1244956567772 131.01169043769875,31.22119047703193,183.20329569291053 131.01169278377384,31.221188508746007,183.2811131143234 131.01169512972697,31.2211865406812,183.35794812722995 131.01169747556483,31.221184572840706,183.4338009408212 131.01169982129403,31.2211826052276,183.5086717672617 131.01170216692125,31.22118063784498,183.5825608177164 131.01170451245287,31.221178670695856,183.65546830234973 131.01170685789523,31.22117670378321,183.7273944352952 131.01170920325467,31.221174737109976,183.79833942372235 131.0117115485374,31.221172770679,183.86830348373945 131.01171389374937,31.22117080449312,183.93728682449105 131.01171623889664,31.221168838555084,184.00528965511504 131.011718583985,31.22116687286757,184.0723121926944 131.01172092902024,31.221164907433245,184.1383546443668 131.01172327400795,31.221162942254644,184.20341721726265 131.0117256189536,31.22116097733428,184.2675001254645 131.01172796386257,31.2211590126746,184.33060357410272 131.01173030874008,31.221157048277952,184.39272776929567 131.01173265359128,31.22115508414664,184.4538729221246 131.0117349984211,31.22115312028286,184.5140392347192 131.01173734323436,31.221151156688787,184.57322690820948 131.01173968803576,31.22114919336648,184.6314361496825 131.01174203282983,31.221147230317925,184.6886671572736 131.01174437762103,31.22114526754503,184.74492013209388 131.01174672241353,31.221143305049647,184.80019526928507 131.01174906721147,31.22114134283351,184.85449276795828 131.01175141201884,31.221139380898297,184.90781281926675 131.0117537568394,31.221137419245583,184.96015561634576 131.01175610167678,31.221135457876887,185.0115213463613 131.0117584465345,31.221133496793616,185.06191020243585 131.01176079141584,31.221131535997102,185.1113223657605 131.011763136324,31.2211295754886,185.15975801950617 131.01176548126196,31.221127615269264,185.20721734385728 131.0117678262326,31.221125655340163,185.2537005209803 131.01177017123862,31.22112369570229,185.2992077181256 131.01177251628246,31.22112173635654,185.34373911446627 131.01177486136655,31.22111977730372,185.3872948772412 131.01177720649304,31.22111781854453,185.4298751756716 131.01177955166392,31.22111586007964,185.47148016803968 131.0117818968811,31.22111390190957,185.51211002156737 131.0117842421462,31.22111194403478,185.55176488856137 131.0117865874608,31.221109986455616,185.59044492927384 131.01178893282628,31.22110802917238,185.6281502910313 131.01179127824372,31.221106072185247,185.6648811231404 131.01179362371423,31.22110411549432,185.7006375699341 131.01179596923865,31.221102159099605,185.7354197747448 131.01179831481758,31.22110020300103,185.76922787493515 131.01180066045163,31.22109824719844,185.8020619999116 131.01180300614112,31.221096291691577,185.83392228603216 131.01180535188624,31.221094336480103,185.86480886070308 131.01180769768703,31.221092381563608,185.8947218433741 131.0118100435433,31.221090426941583,185.92366135746545 131.0118123894549,31.22108847261345,185.9516275164507 131.01181473542115,31.22108651857851,185.978620436781 131.01181708144156,31.22108456483604,186.00464022098643 131.01181942751535,31.221082611385185,186.02968697656115 131.01182177364151,31.22108065822504,186.0537608050296 131.01182411981907,31.22107870535461,186.0768618039356 131.01182646604664,31.221076752772834,186.0989900628652 131.0118288123229,31.221074800478537,186.1201456753747 131.0118311586463,31.22107284847052,186.14032872209427 131.0118335050151,31.22107089674748,186.15953928464177 131.01183585142743,31.22106894530804,186.17777743966008 131.01183819788136,31.221066994150764,186.19504326279204 131.0118405443747,31.221065043274123,186.21133682172416 131.01184289090529,31.22106309267656,186.2266581801617 131.01184523747057,31.2210611423564,186.2410073978274 131.011847584068,31.22105919231195,186.25438453344628 131.01184993069492,31.221057242541427,186.2667896367908 131.0118522773485,31.22105529304297,186.27822276061008 131.01185462402583,31.221053343814702,186.2886839437336 131.0118569707238,31.221051394854648,186.29817323094733 131.01185931743916,31.22104944616079,186.30669065609945 131.01186166416863,31.22104749773105,186.31423625303208 131.0118640109088,31.221045549563296,186.3208100506125 131.011866357656,31.221043601655367,186.32641206776287 131.01186870440668,31.22104165400501,186.3310423283691 131.01187105115693,31.22103970660996,186.3347008473665 131.01187339790297,31.22103775946787,186.33738763869084 131.01187574464072,31.221035812576385,186.3391027083213 131.01187809136613,31.22103386593311,186.33984606123644 131.011880438075,31.221031919535555,186.3396176964464 131.011882784763,31.22102997338125,186.33841761494324 131.01188513142574,31.221028027467664,186.33624580280508 131.0118874780588,31.221026081792235,186.33310225306096 131.0118898246576,31.22102413635237,186.328986948796 131.01189217121748,31.221022191145448,186.32389987209484 131.0118945177337,31.22102024616881,186.31784100106128 131.0118968642016,31.221018301419768,186.3108103068361 131.01189921061615,31.22101635689565,186.3028077625416 131.0119015569725,31.22101441259371,186.2938333343375 131.0119039032656,31.22101246851121,186.28388698440244 131.0119062494905,31.221010524645404,186.2729686729203 131.01190859564196,31.22100858099351,186.2610783570888 131.01191094171483,31.22100663755274,186.24821599012333 131.011913287704,31.221004694320303,186.23438151927024 131.01191563360408,31.221002751293387,186.2195748937584 131.01191797940984,31.2210008084692,186.20379605287107 131.01192032511588,31.22099886584491,186.18704494284387 131.01192267071687,31.220996923417715,186.169321494997 131.0119250162074,31.22099498118481,186.1506256476032 131.01192736158194,31.22099303914336,186.13095732898915 131.01192970683516,31.22099109729057,186.11031647045832 131.01193205196148,31.220989155623663,186.08870299535647 131.01193439695544,31.22098721413984,186.0661168290122 131.01193674181152,31.220985272836327,186.0425578887955 131.01193908652422,31.22098333171036,186.01802609505333 131.011941431088,31.220981390759192,185.99252136315656 131.01194377549737,31.22097944998012,185.9660436054889 131.01194611974677,31.22097750937041,185.9385927334337 131.01194846383072,31.220975568927408,185.9101686573748 131.01195080774372,31.220973628648466,185.8807712787448 131.01195315148027,31.220971688530927,185.85040050890893 131.01195549503487,31.22096974857221,185.81905624431863 131.0119578384022,31.220967808769764,185.786738388376 131.0119601815767,31.220965869121027,185.75344684348343 131.01196252455307,31.22096392962353,185.71918150209808 131.01196486732596,31.220961990274784,185.68394226462183 131.01196720989003,31.220960051072403,185.6477290215128 131.01196955224,31.220958112014,185.61054167216687 131.0119718943707,31.220956173097235,185.5723801030533 131.01197423627693,31.220954234319816,185.5332442085864 131.01197657795353,31.220952295679524,185.4931338772113 131.01197891939546,31.22095035717416,185.452049001342 131.0119812605977,31.22094841880157,185.40998946344743 131.0119836015554,31.220946480559693,185.36695515891176 131.0119859422636,31.22094454244648,185.3229459682032 131.01198828271748,31.22094260445996,185.27796178371096 131.01199062291235,31.220940666598214,185.2320024878796 131.0119929628436,31.220938728859387,185.18506796811576 131.0119953025066,31.220936791241687,185.1371581148028 131.01199764189687,31.220934853743376,185.08827280837733 131.0119999810101,31.220932916362777,185.03841193920977 131.01200231984183,31.220930979098306,184.98757539269408 131.0120046583881,31.22092904194841,184.9357630571997 131.0120069966445,31.22092710491163,184.88297481810787 131.0120093346072,31.220925167986568,184.82921056476948 131.0120116722723,31.220923231171888,184.7744701875222 131.01201400963595,31.22092129446636,184.7187535757039 131.01201634669448,31.22091935786877,184.662060620633 131.01201868344432,31.22091742137804,184.60439121262888 131.012021019882,31.22091548499311,184.54574524697256 131.01202335600422,31.22091354871304,184.4861226179456 131.0120256918077,31.22091161253696,184.4255232208164 131.01202802728943,31.22090967646407,184.36394695382864 131.01203036244638,31.22090774049364,184.30139371621323 131.0120326972757,31.22090580462504,184.2378634101768 131.01203503177473,31.2209038688577,184.17335593891224 131.01203736594087,31.22090193319116,184.10787120858888 131.0120396997717,31.220899997625,184.0414091263616 131.0120420332649,31.220898062158927,183.9739696013684 131.0120443664183,31.22089612679271,183.90555254770817 131.01204669922996,31.220894191526188,183.8361578754988 131.01204903169796,31.220892256359303,183.76578550876607 131.01205136382052,31.22089032129209,183.69443536457143 131.0120536955961,31.220888386324635,183.6221073679208 131.01205602702333,31.22088645145714,183.54880144281904 131.01205835810092,31.220884516689868,183.4745175212167 131.01206068882763,31.220882582023183,183.3992555350565 131.0120630192026,31.220880647457527,183.32301542025004 131.01206534922494,31.22087871299341,183.2457971156846 131.01206767889403,31.22087677863148,183.16760056520988 131.01207000820935,31.2208748443724,183.08842571664377 131.01207233717057,31.22087291021695,183.00827251779808 131.01207466577748,31.220870976166005,182.9271409264164 131.01207699403002,31.220869042220503,182.84503089824767 131.01207932192835,31.22086710838148,182.76194239797968 131.01208164947275,31.22086517465003,182.6778753892989 131.0120839766637,31.22086324102736,182.5928298458244 131.01208630350175,31.22086130751472,182.50680574414883 131.01208862998774,31.22085937411348,182.419803059866 131.0120909561225,31.22085744082506,182.33182177651264 131.01209328190723,31.22085550765097,182.2428618875581 131.01209560734313,31.22085357459281,182.1529233824897 131.0120979324316,31.22085164165223,182.06200626171977 131.01210025717424,31.22084970883096,181.9701105296301 131.01210258157275,31.220847776130825,181.87723618860736 131.01210490562903,31.220845843553697,181.7833832559398 131.01210722934513,31.22084391110156,181.68855174692183 131.01210955272325,31.22084197877641,181.5927416857852 131.01211187576567,31.220840046580346,181.4959531017244 131.01211419847507,31.220838114515537,181.39818602591464 131.01211652085397,31.22083618258422,181.299440496482 131.0121188429052,31.220834250788688,181.19971655850287 131.0121211646317,31.220832319131304,181.0990142610222 131.01212348603667,31.22083038761447,180.99733365705345 131.0121258071233,31.220828456240667,180.89467480954264 131.01212812789498,31.220826525012445,180.7910377804349 131.01213044835524,31.220824593932377,180.68642264359468 131.01213276850777,31.220822663003126,180.58082947089224 131.01213508835633,31.22082073222739,180.474258347112 131.0121374079049,31.220818801607912,180.36670936100683 131.0121397271576,31.22081687114748,180.25818260330985 131.01214204611856,31.220814940848943,180.1486781746874 131.01214436479205,31.2208130107152,180.0381961738105 131.01214668318264,31.220811080749147,179.92673671524597 131.01214900129477,31.220809150953784,179.81429991355367 131.0121513191332,31.220807221332105,179.70088589024465 131.01215363670272,31.22080529188715,179.5864947678155 131.01215595400816,31.22080336262199,179.47112668267215 131.01215827105457,31.220801433539734,179.35478177021906 131.01216058784695,31.220799504643505,179.23746017281132 131.01216290439064,31.22079757593647,179.1191620397548 131.01216522069083,31.22079564742181,178.99988752432418 131.01216753675294,31.220793719102705,178.87963678773772 131.01216985258236,31.2207917909824,178.7584099941904 131.01217216818466,31.220789863064105,178.6362073118447 131.01217448356547,31.220787935351083,178.51302891879567 131.0121767987304,31.220786007846584,178.38887499412618 131.01217911368528,31.220784080553862,178.26374572386865 131.0121814284358,31.220782153476208,178.1376413010075 131.0121837429879,31.22078022661687,178.01056192050763 131.01218605734744,31.220778299979123,177.88250778229644 131.0121883715204,31.22077637356624,177.7534790942466 131.0121906855127,31.220774447381466,177.6234760672057 131.0121929993304,31.22077252142804,177.49249891599047 131.01219531297957,31.220770595709244,177.36054786137467 131.0121976264662,31.22076867022824,177.22762312909398 131.01219993979643,31.220766744988275,177.09372495084293 131.01220225297632,31.22076481999252,176.9588535553262 131.012204566012,31.22076289524413,176.82300918813922 131.01220687890952,31.220760970746248,176.68619208592534 131.012209191675,31.220759046501968,176.54840250122444 131.0122115043145,31.22075712251439,176.40964068060643 131.01221381683413,31.220755198786527,176.2699068795799 131.01221612923987,31.2207532753214,176.12920135961068 131.01221844153775,31.22075135212197,175.98752438017024 131.0122207537337,31.220749429191148,175.84487621066313 131.01222306583367,31.220747506531826,175.7012571194935 131.01222537784355,31.22074558414681,175.55666737704675 131.0122276897692,31.22074366203889,175.4111072616544 131.0122300016163,31.220741740210805,175.26457705362867 131.01223231339054,31.220739818665194,175.11707703128772 131.0122346250976,31.22073789740468,174.96860748188917 131.01223693674297,31.220735976431808,174.8191686936786 131.01223924833212,31.220734055749062,174.6687609539006 131.01224155987043,31.220732135358865,174.5173845587404 131.01224387136307,31.220730215263565,174.3650397994062 131.0122461828153,31.22072829546542,174.21172697306423 131.01224849423213,31.220726375966663,174.05744637786913 131.01225080561844,31.220724456769403,173.9021983149505 131.01225311697908,31.220722537875705,173.7459830884141 131.01225542831875,31.220720619287533,173.58880099540272 131.01225773964197,31.220718701006778,173.430652345973 131.01226005095313,31.220716783035247,173.27153744321967 131.0122623622565,31.22071486537467,173.1114565912251 131.0122646735562,31.22071294802667,172.95041010301088 131.0122669848562,31.220711030992792,172.78839828165334 131.01226929616027,31.220709114274484,172.6254214371812 131.01227160747203,31.220707197873114,172.4614798736538 131.01227391879493,31.220705281789943,172.29657390605766 131.01227623013224,31.220703366026125,172.13070383943432 131.01227854148706,31.220701450582748,171.96386998378935 131.0122808528623,31.220699535460767,171.79607264117175 131.01228316426065,31.22069762066108,171.62731212654592 131.01228547568465,31.220695706184408,171.45758874095466 131.0122877871366,31.22069379203148,171.28690278941255 131.0122900986186,31.2206918782028,171.11525457990896 131.01229241013257,31.220689964698856,170.9426444124772 131.01229472168015,31.220688051520007,170.76907258813895 131.0122970332629,31.220686138666498,170.59453940791036 131.01229934488208,31.22068422613848,170.41904516982075 131.0123016565386,31.220682313935967,170.24259016791717 131.01230396823337,31.22068040205892,170.06517469723647 131.01230627996696,31.220678490507154,169.8867990508219 131.01230859173967,31.220676579280383,169.70746351574792 131.01231090355165,31.220674668378223,169.52716837908324 131.01231321540274,31.22067275780017,169.34591392391627 131.01231552729263,31.220670847545616,169.16370043332947 131.01231783922063,31.22066893761387,168.98052818046108 131.012320151186,31.220667028004105,168.7963974454017 131.0123224631876,31.2206651187154,168.61130849233388 131.01232477522404,31.22066320974676,168.42526159338598 131.01232708729384,31.220661301097014,168.23825701471813 131.01232939939516,31.220659392764983,168.05029500956388 131.01233171152592,31.220657484749303,167.86137584009717 131.01233402368382,31.220655577048586,167.67149975357788 131.0123363358663,31.22065366966127,167.4806670032242 131.01233864807062,31.22065176258576,167.2888778303222 131.01234096029367,31.22064985582034,167.09613247217672 131.01234327253215,31.220647949363183,166.90243116509393 131.01234558478268,31.220646043212422,166.70777413841756 131.01234789704137,31.220644137366044,166.51216161850436 131.01235020930423,31.220642231821977,166.31559382673595 131.01235252156712,31.220640326578074,166.1180709785257 131.01235483382553,31.22063842163209,165.91959328232423 131.01235714607475,31.22063651698173,165.72016094458948 131.01235945830987,31.220634612624576,165.51977416879197 131.0123617705258,31.22063270855817,165.31843314547683 131.01236408271717,31.22063080477997,165.1161380711469 131.0123663948784,31.2206289012874,164.91288912242197 131.01236870700373,31.22062699807777,164.70868648386806 131.0123710190872,31.22062509514835,164.5035303311003 131.01237333112266,31.22062319249637,164.29742082979027 131.01237564310367,31.22062129011895,164.09035813765254 131.0123779550238,31.2206193880132,163.88234241736663 131.0123802668762,31.220617486176167,163.6733738157031 131.01238257865404,31.220615584604875,163.46345248241064 131.0123848903502,31.220613683296296,163.2525785503348 131.01238720195747,31.220611782247367,163.04075216026814 131.01238951346846,31.220609881455,162.82797344107078 131.0123918248756,31.22060798091609,162.61424251364568 131.01239413617128,31.220606080627487,162.39955949889156 131.01239644734764,31.220604180586044,162.1839245067677 131.01239875839673,31.2206022807886,161.96733764722913 131.01240106931053,31.22060038123197,161.74979902326763 131.01240338008088,31.220598481912983,161.5313087299183 131.01240569069952,31.220596582828463,161.31186686121714 131.01240800115806,31.220594683975246,161.0914735032437 131.01241031144812,31.22059278535016,160.8701287341199 131.0124126215612,31.220590886950063,160.64783263693337 131.0124149314887,31.22058898877184,160.42458528482615 131.01241724122207,31.220587090812376,160.20038674099564 131.01241955075264,31.220585193068622,159.9752370716161 131.01242186007173,31.220583295537537,159.74913633490445 131.01242416917063,31.22058139821613,159.52208458509685 131.0124264780407,31.22057950110144,159.29408187443588 131.01242878667315,31.220577604190566,159.06512824820163 131.01243109505933,31.22057570748068,158.83522375365587 131.01243340319056,31.22057381096896,158.60436842115843 131.0124357110582,31.220571914652712,158.3725622939847 131.01243801865365,31.22057001852925,158.1398054014894 131.0124403259684,31.220568122596024,157.9060977730216 131.012442632994,31.2205662268505,157.67143943792487 131.01244493972203,31.220564331290262,157.43583041659178 131.01244724614423,31.220562435912967,157.19927073239054 131.01244955225235,31.220560540716374,156.9617604017269 131.0124518580384,31.22055864569833,156.72329944298826 131.0124541634944,31.220556750856776,156.48388787058087 131.01245646861247,31.22055485618976,156.243525696917 131.01245877338508,31.22055296169545,156.00221293340925 131.01246107780457,31.22055106737209,155.7599495944465 131.01246338186365,31.220549173218085,155.51673568447217 131.01246568555516,31.220547279231937,155.27257121587556 131.01246798887215,31.22054538541225,155.02745619308803 131.01247029180783,31.220543491757795,154.78139062848717 131.01247259435576,31.22054159826745,154.53437452450467 131.01247489650947,31.220539704940208,154.28640789648833 131.01247719826293,31.22053781177524,154.0374907478516 131.0124794996103,31.2205359187718,153.78762308498443 131.0124818005459,31.22053402592931,153.53680492619773 131.01248410106447,31.22053213324736,153.28503627687547 131.01248640116094,31.220530240725623,153.03231715332842 131.01248870083052,31.220528348363985,152.7786475688798 131.0124910000687,31.22052645616245,152.5240275398286 131.0124932988714,31.220524564121146,152.26845708544903 131.0124955972346,31.220522672240392,152.0119362289852 131.0124978951548,31.22052078052064,151.754464993675 131.01250019262875,31.22051888896249,151.4960434077203 131.01250248965349,31.22051699756673,151.23667150130376 131.01250478622643,31.220515106334258,150.9763493065903 131.0125070823453,31.22051321526615,150.71507686369003 131.01250937800833,31.22051132436363,150.4528542156889 131.01251167321388,31.22050943362808,150.18968140765372 131.01251396796076,31.220507543061053,149.925558488622 131.01251626224817,31.220505652664208,149.66048551656908 131.01251855607563,31.220503762439407,149.394462551453 131.01252084944304,31.22050187238863,149.12748965918925 131.01252314235072,31.22049998251402,148.85956690966157 131.01252543479924,31.22049809281788,148.59069438070048 131.01252772678964,31.220496203302616,148.32087215410488 131.0125300183234,31.22049431397084,148.05010031961947 131.0125323094022,31.220492424825256,147.77837896897034 131.01253460002823,31.220490535868727,147.50570820679883 131.01253689020407,31.220488647104247,147.2320881387337 131.01253917993256,31.22048675853495,146.9575188803371 131.01254146921696,31.22048487016409,146.6820005501463 131.01254375806096,31.220482981995048,146.4055332806082 131.01254604646851,31.22048109403133,146.1281172061512 131.0125483344441,31.22047920627657,145.84975246815463 131.01255062199235,31.22047731873449,145.57043921693716 131.01255290911843,31.22047543140896,145.29017761175749 131.01255519582776,31.220473544303907,145.008967817831 131.0125574821261,31.220471657423367,144.72681001130084 131.01255976801963,31.22046977077152,144.4437043702918 131.01256205351467,31.22046788435257,144.15965108286164 131.01256433861815,31.22046599817084,143.87465034898972 131.01256662333702,31.22046411223074,143.58870237063752 131.01256890767874,31.220462226536704,143.30180736765087 131.01257119165095,31.220460341093272,143.01396555489976 131.0125734752617,31.220458455905035,142.7251771651401 131.01257575851912,31.220456570976623,142.43544243708467 131.0125780414317,31.220454686312728,142.14476161540472 131.01258032400827,31.220452801918064,141.8531349537103 131.01258260625775,31.220450917797383,141.5605627145517 131.0125848881893,31.22044903395548,141.26704516941876 131.01258716981243,31.22044715039714,140.972582594765 131.01258945113665,31.220445267127182,140.67717527996004 131.01259173182908,31.22044338463843,140.38089295725405 131.01259401190876,31.22044150292257,140.08373454757887 131.012596291241,31.22043962219035,139.7857301268295 131.012598569716,31.22043774261732,139.4869049834802 131.0126008472239,31.220435864379034,139.18728458894105 131.01260312365474,31.22043398765096,138.88689457569168 131.01260539889898,31.22043211260837,138.5857607442424 131.0126076728469,31.220430239426285,138.28390903331527 131.0126099453891,31.220428368279315,137.98136550990935 131.01261221641627,31.220426499341585,137.67815637327578 131.01261448581943,31.22042463278668,137.3743079131746 131.01261675348977,31.220422768787508,137.0698465198161 131.0126190193188,31.22042090751622,136.76479866398333 131.0126212831984,31.220419049144105,136.45919087814772 131.01262354502077,31.22041719384152,136.15304975150207 131.01262580467844,31.22041534177774,135.84640191207015 131.01262806206446,31.220413493121,135.53927400981098 131.0126303170723,31.22041164803824,135.2316927166202 131.01263256959592,31.220409806695145,134.92368469353028 131.0126348195298,31.22040796925601,134.61527659369497 131.012637066769,31.22040613588367,134.30649504449767 131.0126393112092,31.2204043067394,133.99736662568608 131.01264155274654,31.22040248198283,133.6879178753376 131.01264379127798,31.220400661771947,133.37817524811243 131.01264602670105,31.220398846262903,133.06816513612918 131.01264825891414,31.22039703561004,132.75791383119432 131.0126504878163,31.22039522996577,132.44744752082752 131.01265271330735,31.22039342948053,132.136792277328 131.012654935288,31.2203916343027,131.8259740398846 131.01265715365963,31.220389844578527,131.51501861457584 131.0126593683247,31.220388060452148,131.2039516435577 131.01266157918647,31.220386282065423,130.89279861102793 131.0126637861492,31.220384509557952,130.5815848233461 131.01266598911815,31.220382743067017,130.2703353990958 131.01266818799945,31.22038098272752,129.95907525616195 131.01267038270035,31.220379228671888,129.64782910874882 131.01267257312924,31.22037748103016,129.33662144949008 131.01267475919542,31.220375739929832,129.0254765385135 131.01267694080954,31.22037400549585,128.714418401454 131.0126791178832,31.220372277850608,128.40347081752515 131.01268129032945,31.22037055711389,128.0926572996399 131.01268345806218,31.22036884340282,127.78200110633776 131.01268562099688,31.2203671368319,127.4715252079894 131.0126877790501,31.22036543751292,127.16125230667548 131.0126899321398,31.22036374555497,126.8512048023913 131.01269208018525,31.220362061064435,126.54140480397987 131.012694223107,31.22036038414497,126.23187411322778 131.0126963608271,31.220358714897475,125.92263421989423 131.01269849326894,31.22035705342008,125.61370629674116 131.01270062035726,31.22035539980814,125.30511119157956 131.01270274201843,31.220353754154303,124.99686942130592 131.01270485818014,31.2203521165484,124.6890011728946 131.0127069687717,31.22035048707751,124.38152629047536 131.01270907372387,31.220348865825944,124.0744642693682 131.01271117296895,31.22034725287524,123.7678342660228 131.0127132664408,31.2203456483042,123.46165507813728 131.01271535407488,31.22034405218885,123.15594514763896 131.0127174358082,31.220342464602524,122.85072255670758 131.01271951157952,31.22034088561581,122.54600502876804 131.0127215813291,31.220339315296588,122.24180992451332 131.01272364499877,31.220337753710048,121.93815422898066 131.01272570253218,31.22033620091872,121.63505456745548 131.01272775387443,31.22033465698244,121.33252719552854 131.01272979897263,31.22033312195848,121.030587991144 131.01273183777533,31.220331595901463,120.72925246354356 131.01273387023275,31.22033007886344,120.42853575525244 131.0127358962969,31.22032857089385,120.12845262518064 131.01273791592143,31.220327072039705,119.8290174665139 131.01273992906178,31.220325582345428,119.53024430074728 131.012741935675,31.220324101852984,119.23214677370798 131.01274393572,31.22032263060192,118.93473816151848 131.01274592915723,31.220321168629347,118.63803137158804 131.01274791594895,31.220319715970007,118.3420389396301 131.0127498960591,31.22031827265627,118.04677303860603 131.01275186945333,31.220316838718222,117.75224547077195 131.012753836099,31.220315414183645,117.45846768159366 131.01275579596512,31.22031399907808,117.16545075079765 131.0127577490225,31.220312593424875,116.87320540231153 131.01275969524357,31.220311197245184,116.58174200028488 131.01276163460233,31.220309810558017,116.2910705580344 131.01276356707456,31.220308433380296,116.0012007440066 131.01276549263764,31.22030706572688,115.7121418698475 131.0127674112707,31.2203057076106,115.42390291127596 131.01276932295428,31.220304359042288,115.13649250211748 131.0127712276708,31.22030302003085,114.84991893728557 131.01277312540398,31.22030169058325,114.56419018271907 131.0127750161393,31.220300370704585,114.27931387538176 131.01277689986375,31.220299060398133,113.99529732425424 131.0127787765659,31.22029775966535,113.71214752325496 131.01278064623585,31.22029646850596,113.42987114229216 131.01278250886512,31.220295186917955,113.1484745481375 131.01278436444673,31.22029391489762,112.86796379647129 131.0127862129752,31.220292652439625,112.58834463387043 131.01278805444653,31.22029139953695,112.30962250575892 131.01278988885815,31.22029015618111,112.03180257529144 131.0127917162087,31.220288922362023,111.75488970844276 131.01279353649852,31.220287698068148,111.4788884849406 131.01279534972895,31.220286483286447,111.20380321715022 131.01279715590277,31.220285278002503,110.92963793019254 131.01279895502407,31.220284082200504,110.65639638778796 131.0128007472943,31.220282895594767,110.38402891953028 131.01280253270608,31.220281718186143,110.1125422251466 131.0128043113429,31.22028054985104,109.84191838647835 131.01280608327212,31.22027939048875,109.57214388350545 131.01280784856,31.22027824000025,109.30320540787925 131.0128096072718,31.22027709828832,109.03508989671928 131.01281135947187,31.220275965257382,108.7677845157158 131.0128131052236,31.22027484081368,108.50127666608928 131.01281484458934,31.220273724864985,108.23555397266357 131.01281657763067,31.22027261732076,107.97060427790296 131.0128183044081,31.220271518092,107.706415640919 131.0128200249814,31.22027042709129,107.4429763344908 131.01282173940945,31.220269344232687,107.18027482717228 131.01282344775032,31.22026826943174,106.9182997991987 131.01282515006125,31.220267202605445,106.65704012360108 131.01282684639864,31.220266143672216,106.39648486620696 131.01282853681815,31.220265092551823,106.13662327470752 131.0128302213747,31.220264049165383,105.87744479853896 131.01283190012245,31.22026301343539,105.61893905111054 131.01283357311476,31.22026198528556,105.3610958326682 131.01283524040443,31.22026096464092,105.10390511140876 131.01283690204346,31.22025995142772,104.84735703043924 131.01283855808313,31.220258945573416,104.5914418908794 131.01284020857415,31.22025794700664,104.33615017074852 131.01284185356644,31.22025695565721,104.08147249017642 131.0128434931094,31.22025597145605,103.82739964022956 131.0128451272518,31.220254994335207,103.57392255706851 131.0128467560417,31.220254024227827,103.3210323318883 131.01284837952673,31.220253061068096,103.06872019600873 131.0128499977536,31.220252104791246,102.81697753479176 131.01285161076865,31.220251155333543,102.56579586378544 131.01285321861775,31.220250212632205,102.31516685158724 131.012854821346,31.220249276625506,102.06508228405951 131.01285641899807,31.22024834725259,101.81553410011604 131.01285801161808,31.220247424453603,101.56651435295424 131.01285959924948,31.220246508169577,101.31801523192544 131.01286118193536,31.220245598342448,101.07002905160076 131.01286275971825,31.220244694915,100.82254825077804 131.0128643326401,31.22024379783093,100.57556538452928 131.01286590074247,31.220242907034752,100.3290731321547 131.01286746406643,31.220242022471822,100.08306428326624 131.0128690226524,31.22024114408825,99.83753174872189 131.0128705765405,31.220240271831,99.592468544723 131.01287212577031,31.220239405647792,99.34786780176 131.01287367038097,31.22023854548709,99.10372275666116 131.01287521041115,31.22023769129813,98.86002675358692 131.01287674589915,31.220236843030868,98.61677324204256 131.01287827688267,31.220236000635943,98.37395576594383 131.01287980339913,31.220235164064736,98.13156797852844 131.01288132548547,31.220234333269296,97.88960362843984 131.01288284317815,31.220233508202345,97.6480565587336 131.01288435651333,31.220232688817266,97.40692071085384 131.01288586552673,31.220231875068087,97.166190116682 131.0128873702536,31.22023106690947,96.92585890052403 131.0128888707288,31.22023026429669,96.68592127811814 131.0128903669869,31.22022946718564,96.4463715506704 131.012891859062,31.22022867553278,96.20720411081945 131.01289334698782,31.220227889295213,95.9684134287198 131.0128948307977,31.22022710843056,95.7299940669538 131.01289631052472,31.22022633289702,95.49194066462628 131.0128977862014,31.22022556265333,95.25424794631256 131.01289925786003,31.2202247976588,95.016910711123 131.01290072553246,31.220224037873223,94.77992383767412 131.01290218925035,31.220223283256963,94.54328228408944 131.01290364904483,31.22022253377084,94.30698108203477 131.01290510494678,31.2202217893762,94.0710153357248 131.01290655698668,31.220221050034866,93.83538022788778 131.0129080051947,31.22022031570915,93.6000710048552 131.01290944960067,31.22021958636181,93.3650829894841 131.01291089023422,31.22021886195613,93.13041157121816 131.01291232712447,31.22021814245576,92.89605221205066 131.01291376030025,31.22021742782484,92.66200043260928 131.0129151897902,31.22021671802794,92.42825182806088 131.0129166156224,31.220216013030047,92.19480204922476 131.0129180378249,31.22021531279656,91.96164682344768 131.0129194564253,31.220214617293315,91.72878192776528 131.0129208714509,31.22021392648652,91.49620320878324 131.01292228292877,31.22021324034281,91.26390656975464 131.01292369088554,31.22021255882917,91.03188797654455 131.01292509534767,31.220211881912984,90.80014345365448 131.0129264963413,31.220211209562013,90.56866907925196 131.0129278938922,31.22021054174436,90.33746099113482 131.012929288026,31.22020987842852,90.10651538474404 131.012930678768,31.22020921958332,89.87582850719934 131.0129320661431,31.220208565177927,89.64539666127546 131.0129334501761,31.22020791518185,89.41521620242023 131.0129348308913,31.22020726956496,89.18528354273134 131.0129362083131,31.2202066282974,88.95559513703941 131.0129375824652,31.22020599134968,88.72614749881306 131.0129389533714,31.2202053586926,88.49693718723698 131.0129403210549,31.220204730297272,88.26796081317556 131.01294168553895,31.22020410613512,88.03921503420365 131.01294304684632,31.220203486177848,87.81069655460611 131.0129444049996,31.22020287039748,87.58240213134282 131.01294576002124,31.22020225876629,87.35432855814369 131.01294711193324,31.22020165125687,87.12647268340174 131.01294846075749,31.22020104784206,86.89883139426873 131.0129498065155,31.220200448494985,86.67140162261941 131.0129511492287,31.220199853189023,86.44418034803388 131.0129524889182,31.22019926189784,86.21716458586955 131.01295382560482,31.220198674595323,85.99035140117694 131.0129551593093,31.220198091255646,85.7637378947843 131.01295649005192,31.220197511853208,85.53732120926173 131.0129578178529,31.22019693636266,85.31109852892054 131.0129591427322,31.220196364758888,85.08506707583845 131.01296046470944,31.220195797017023,84.85922411383525 131.0129617838042,31.22019523311241,84.63356694449655 131.0129631000357,31.220194673020632,84.40809290220403 131.01296441342296,31.220194116717487,84.18279936606417 131.01296572398476,31.22019356417901,83.95768374400348 131.01296703173975,31.220193015381422,83.73274348867332 131.0129683367063,31.2201924703012,83.50797608253971 131.0129696389026,31.22019192891496,83.28337904185888 131.0129709383466,31.220191391199595,83.05894992264254 131.01297223505597,31.220190857132167,82.83468630972311 131.0129735290483,31.22019032668991,82.61058582768771 131.0129748203409,31.22018979985029,82.38664612795722 131.0129761089509,31.220189276590965,82.16286489673712 131.01297739489527,31.220188756889744,81.93923985402468 131.0129786781907,31.22018824072466,81.71576874764398 131.01297995885366,31.220187728073903,81.49244936119933 131.01298123690052,31.220187218915846,81.26927950711605 131.0129825123474,31.220186713229047,81.04625702365888 131.01298378521025,31.22018621099223,80.8233797818907 131.01298505550483,31.22018571218429,80.60064568964837 131.0129863232467,31.2201852167843,80.37805267166213 131.01298758845118,31.220184724771475,80.15559868546016 131.01298885113349,31.2201842361252,79.93328172037505 131.01299011130862,31.22018375082504,79.71109979157941 131.01299136899144,31.22018326885068,79.48905093710343 131.01299262419653,31.220182790182008,79.26713322777648 131.0129938769383,31.220182314799025,79.04534475728529 131.0129951272311,31.220181842681896,78.82368364615166 131.0129963750891,31.22018137381092,78.60214804371942 131.01299762052616,31.22018090816656,78.38073611821497 131.01299886355605,31.22018044572944,78.15944607165758 131.01300010419234,31.22017998648025,77.93827612097256 131.0130013424485,31.22017953039993,77.71722451489036 131.01300257833776,31.220179077469464,77.496289522018 131.01300381187323,31.22017862767001,77.27546943779737 131.01300504306784,31.220178180982863,77.05476257854113 131.0130062719344,31.220177737389445,76.83416728143295 131.01300749848542,31.220177296871288,76.6136819134735 131.01300872273345,31.22017685941008,76.39330485657037 131.0130099446907,31.220176424987613,76.17303451747821 131.01301116436943,31.22017599358584,75.95286932282866 131.01301238178155,31.220175565186786,75.73280772708324 131.01301359693895,31.22017513977262,75.51284819762192 131.01301480985327,31.22017471732565,75.29298922965451 131.01301602053607,31.220174297828283,75.07322933031544 131.01301722899876,31.22017388126304,74.85356703556326 131.0130184352526,31.22017346761256,74.63400089626374 131.0130196393087,31.220173056859604,74.41452948415385 131.013020841178,31.220172648987035,74.19515139283656 131.01302204087133,31.220172243977835,73.97586523082198 131.01302323839943,31.220171841815084,73.75666962848607 131.01302443377284,31.220171442482005,73.53756323011818 131.013025627002,31.22017104596188,73.31854470783793 131.01302681809713,31.220170652238096,73.09961274171401 131.01302800706844,31.22017026129421,72.88076603566925 131.01302919392597,31.22016987311383,72.66200330654601 131.01303037867964,31.220169487680664,72.44332329504118 131.01303156133923,31.22016910497855,72.22472475278283 131.0130327419143,31.2201687249914,72.00620645028313 131.01303392041447,31.220168347703243,71.78776717793258 131.01303509684908,31.2201679730982,71.56940573705329 131.0130362712275,31.220167601160487,71.35112094884566 131.01303744355883,31.220167231874424,71.13291164842393 131.0130386138522,31.220166865224407,70.914776690781 131.01303978211644,31.22016650119496,70.69671493885895 131.01304094836044,31.220166139770665,70.47872527547885 131.01304211259296,31.22016578093623,70.26080660234594 131.01304327482256,31.220165424676427,70.04295783110356 131.01304443505768,31.22016507097614,69.82517788631492 131.01304559330674,31.22016471982033,69.60746571142832 131.01304674957805,31.22016437119405,69.3898202628118 131.01304790387982,31.220164025082447,69.17224051273627 131.01304905622007,31.220163681470765,68.95472543844006 131.01305020660675,31.22016334034431,68.73727404698163 131.01305135504782,31.22016300168849,68.5198853444223 131.013052501551,31.22016266548881,68.30255835570857 131.01305364612395,31.220162331730844,68.0852921197013 131.01305478877433,31.22016200040025,67.86808569017039 131.0130559295096,31.220161671482792,67.6509381258534 131.01305706833708,31.22016134496429,67.43384850636123 131.01305820526423,31.220161020830663,67.21681592024916 131.01305934029816,31.220160699067925,66.99983947098127 131.01306047344607,31.220160379662136,66.78291826599568 131.01306160471495,31.22016006259948,66.56605143758023 131.0130627341118,31.22015974786619,66.34923812000876 131.01306386164353,31.2201594354486,66.13247746246401 131.0130649873169,31.220159125333108,65.91576862605554 131.01306611113867,31.2201588175062,65.6991107808375 131.0130672331154,31.22015851195444,65.48250311276745 131.01306835325371,31.22015820866449,65.26594481575329 131.01306947156013,31.22015790762305,65.04943509364169 131.01307058804105,31.22015760881695,64.83297316320045 131.01307170270275,31.220157312233045,64.61655825014229 131.0130728155515,31.22015701785829,64.40018959508893 131.01307392659368,31.22015672567975,64.18386644064846 131.0130750358352,31.2201564356845,63.96758804831472 131.0130761432823,31.22015614785976,63.75135368554411 131.0130772489408,31.22015586219276,63.53516262873796 131.0130783528168,31.220155578670862,63.31901416523071 131.01307945491607,31.220155297281483,63.10290759527829 131.01308055524447,31.220155018012104,62.88684222509888 131.01308165380777,31.2201547408503,62.67081736687405 131.01308275061152,31.2201544657837,62.45483235266506 131.01308384566147,31.220154192800024,62.23888651552543 131.01308493896323,31.22015392188706,62.022979195465865 131.01308603052226,31.220153653032675,61.80710975436544 131.013087120344,31.2201533862248,61.59127754515447 131.0130882084339,31.22015312145144,61.375481944620105 131.0130892947973,31.22015285870068,61.15972232855347 131.01309037943955,31.220152597960688,60.94399808666197 131.0130914623659,31.220152339219688,60.72830861461529 131.0130925435815,31.22015208246596,60.51265332001141 131.01309362309163,31.22015182768789,60.29703161144023 131.01309470090132,31.22015157487393,60.08144291240208 131.01309577701568,31.2201513240126,59.865886651366026 131.0130968514397,31.220151075092463,59.6503622667406 131.01309792417842,31.22015082810221,59.43486920090951 131.0130989952368,31.220150583030552,59.21940690619588 131.01310006461972,31.220150339866287,59.00397484585636 131.01310113233205,31.220150098598303,58.78857248215242 131.0131021983786,31.220149859215528,58.57319929523748 131.01310326276428,31.220149621706987,58.35785476526422 131.01310432549377,31.220149386061777,58.14253838033637 131.0131053865717,31.22014915226901,57.927249639491386 131.01310644600295,31.220148920317943,57.711988042759856 131.01310750379213,31.220148690197863,57.49675310607665 131.0131085599438,31.220148461898127,57.28154434139862 131.01310961446256,31.22014823540817,57.06636127658748 131.01311066735306,31.2201480107175,56.85120344248569 131.0131117186198,31.220147787815662,56.636070375899216 131.01311276826732,31.22014756669234,56.420961619597605 131.0131138163001,31.220147347337207,56.20587672330772 131.01311486272252,31.22014712974003,55.990815249678775 131.01311590753917,31.22014691389068,55.775776755394254 131.01311695075435,31.22014669977906,55.56076081403605 131.0131179923725,31.220146487395155,55.34576699719708 131.01311903239795,31.220146276729,55.1307948903865 131.01312007083513,31.22014606777071,54.91584408010636 131.01312110768828,31.220145860510485,54.70091415683432 131.01312214296175,31.220145654938552,54.48600472496422 131.01312317665983,31.22014545104525,54.27111538391871 131.0131242087868,31.22014524882094,54.05624575001877 131.01312523934692,31.2201450482561,53.8413954346143 131.0131262683444,31.220144849341214,53.62656406297144 131.01312729578345,31.22014465206689,53.41175126134964 131.01312832166835,31.22014445642376,53.1969566619719 131.01312934600327,31.220144262402545,52.982179903025056 131.0131303687923,31.220144069994017,52.767420627665466 131.01313139003972,31.220143879189017,52.55267848700149 131.01313240974963,31.220143689978475,52.337953132140726 131.01313342792622,31.22014350235336,52.12324422214255 131.01313444457355,31.22014331630469,51.90855142203022 131.0131354596958,31.220143131823583,51.6938743988144 131.01313647329707,31.22014294890121,51.47921282845184 131.0131374853815,31.2201427675288,51.264566386898416 131.01313849595303,31.22014258769764,51.04993476005056 131.0131395050159,31.22014240939909,50.83531763678592 131.01314051257418,31.220142232624585,50.62071470399327 131.01314151863187,31.220142057365603,50.406125663472366 131.01314252319307,31.220141883613675,50.19155021702191 131.01314352626187,31.220141711360423,49.97698807240491 131.01314452784223,31.220141540597528,49.76243893539512 131.01314552793826,31.220141371316707,49.54790252369502 131.013146526554,31.22014120350975,49.33337855898281 131.01314752369348,31.22014103716853,49.11886676393013 131.01314851936073,31.22014087228497,48.90436686319613 131.0131495135597,31.220140708851023,48.68987859336859 131.01315050629455,31.22014054685875,48.47540168606408 131.01315149756925,31.220140386300223,48.26093588880428 131.01315248738774,31.220140227167622,48.04648094016344 131.0131534757541,31.220140069453155,47.8320365866677 131.0131544626724,31.220139913149094,47.61760258677224 131.0131554481465,31.220139758247782,47.40317869296677 131.01315643218055,31.220139604741608,47.18876466569348 131.01315741477845,31.22013945262304,46.974360266387805 131.01315839594423,31.22013930188455,46.75996526940838 131.0131593756819,31.22013915251873,46.545579439171874 131.0131603539955,31.22013900451821,46.331202550035705 131.01316133088892,31.22013885787565,46.116834385303726 131.01316230636627,31.2201387125838,45.90247472529678 131.01316328043148,31.22013856863544,45.68812335331783 131.01316425308852,31.22013842602344,45.4737800586336 131.0131652243415,31.22013828474069,45.25944463548112 131.01316619419424,31.220138144780137,45.045116879090976 131.01316716265083,31.220138006134807,44.83079658767553 131.01316812971532,31.22013786879777,44.61648356242916 131.01316909539156,31.22013773276214,44.40217760951625 131.0131700596836,31.22013759802108,44.18787854007117 131.01317102259543,31.22013746456784,43.973586162245645 131.01317198413105,31.22013733239568,43.759300297114486 131.0131729442944,31.22013720149792,43.545020754816576 131.01317390308947,31.220137071867967,43.33074736338461 131.01317486052028,31.220136943499245,43.116479943892 131.01317581659072,31.22013681638522,42.90221832138811 131.01317677130487,31.22013669051946,42.68796233086327 131.01317772466666,31.22013656589552,42.47371180333074 131.01317867668,31.22013644250703,42.25946657377978 131.01317962734896,31.220136320347684,42.04522648415833 131.01318057667748,31.22013619941121,41.83099137243735 131.01318152466945,31.22013607969139,41.61676108553448 131.01318247132892,31.220135961182045,41.402535467384574 131.0131834166598,31.22013584387704,41.18831436987512 131.01318436066606,31.2201357277703,40.97409764688148 131.01318530335163,31.22013561285579,40.759885151284514 131.0131862447205,31.22013549912752,40.5456767419296 131.01318718477654,31.22013538657953,40.33147227964981 131.01318812352375,31.22013527520594,40.11727162428382 131.01318906096603,31.22013516500088,39.90307464461713 131.01318999710733,31.22013505595853,39.68888120545827 131.01319093195153,31.22013494807314,39.4746911785746 131.01319186550262,31.22013484133897,39.260504436727 131.0131927977644,31.220134735750328,39.04632085665264 131.0131937287408,31.220134631301583,38.83214031210606 131.0131946584358,31.22013452798712,38.61796268380021 131.01319558685313,31.220134425801376,38.403787854436175 131.01319651399683,31.22013432473884,38.1896157096971 131.01319743987065,31.220134224794,37.97544613327752 131.0131983644785,31.22013412596144,37.76127901483651 131.01319928782425,31.22013402823573,37.547114246020975 131.01320020991164,31.22013393161152,37.33295171748372 131.0132011307446,31.22013383608345,37.118791325841705 131.01320205032692,31.22013374164624,36.90463296970014 131.0132029686623,31.220133648294627,36.69047654567567 131.0132038857547,31.220133556023395,36.476321958337664 131.0132048016078,31.220133464827345,36.26216910728458 131.0132057162254,31.22013337470132,36.04801790006776 131.01320662961123,31.2201332856402,35.83386824324414 131.013207541769,31.220133197638887,35.61972004535868 131.0132084527025,31.220133110692338,35.40557322092092 131.01320936241535,31.220133024795537,35.19142767648712 131.01321027091132,31.220132939943458,34.97728333153694 131.01321117819404,31.22013285613117,34.763140103561724 131.01321208426717,31.220132773353725,34.54899790905842 131.01321298913433,31.220132691606228,34.33485666850019 131.0132138927992,31.22013261088381,34.12071630335431 131.01321479526527,31.220132531181623,33.906576739064285 131.01321569653624,31.22013245249485,33.69243790007918 131.0132165966156,31.220132374818704,33.4782997138306 131.01321749550686,31.22013229814843,33.264162108743776 131.0132183932136,31.22013222247929,33.05002501622636 131.01321928973923,31.220132147806563,32.835888367685705 131.0132201850873,31.2201320741256,32.621752097511525 131.01322107926123,31.220132001431693,32.40761614307563 131.0132219722644,31.22013192972025,32.19348043578494 131.01322286410024,31.22013185898664,31.979344919969968 131.01322375477207,31.22013178922628,31.76520953200804 131.01322464428333,31.22013172043461,31.55107421324681 131.01322553263722,31.22013165260707,31.33693891099889 131.01322641983708,31.220131585739164,31.122803565617566 131.01322730588615,31.22013151982636,30.90866812342092 131.01322819078763,31.2201314548642,30.69453253370923 131.0132290745447,31.22013139084821,30.48039674280028 131.01322995716063,31.220131327773945,30.26626070397064 131.01323083863846,31.220131265637,30.05212436652032 131.0132317189813,31.220131204432946,29.837987683725565 131.01323259819225,31.22013114415742,29.62385060786855 131.01323347627422,31.220131084806017,29.409713101172606 131.0132343532304,31.220131026374425,29.19557511094889 131.01323522906353,31.22013096885826,28.981436601408817 131.0132361037767,31.22013091225323,28.7672975327872 131.0132369773727,31.220130856555,28.553157862336167 131.01323784985445,31.220130801759304,28.33901755128453 131.01323872122467,31.22013074786184,28.12487656483736 131.01323959148624,31.220130694858327,27.910734868199643 131.01324046064173,31.220130642744536,27.69659242558232 131.0132413286939,31.22013059151621,27.48244920219018 131.01324219564546,31.220130541169105,27.268305168198765 131.01324306149897,31.22013049169903,27.05416028881273 131.0132439262569,31.220130443101745,26.84001453619568 131.01324478992183,31.220130395373065,26.62586788350532 131.01324565249627,31.220130348508786,26.41172029892848 131.01324651398258,31.220130302504742,26.197571757610955 131.01324737438313,31.220130257356736,25.983422234698512 131.01324823370027,31.22013021306062,25.769271704342664 131.01324909193625,31.22013016961223,25.5551201406948 131.01324994909336,31.22013012700741,25.34096752585956 131.01325080517367,31.22013008524201,25.126813832994024 131.01325166017944,31.22013004431192,24.91265904420265 131.01325251411262,31.22013000421296,24.698503139601463 131.0132533669753,31.22012996494104,24.48434609930653 131.01325421876945,31.220129926492007,24.27018790542208 131.01325506949695,31.220129888861766,24.056028543034728 131.0132559191597,31.220129852046185,23.84186799226031 131.01325676775943,31.22012981604114,23.62770624315617 131.013257615298,31.220129780842555,23.41354327484385 131.013258461777,31.22012974644629,23.199379078374708 131.01325930719807,31.22012971284824,22.98521363883512 131.01326015156286,31.220129680044312,22.77104694727637 131.01326099487278,31.22012964803039,22.55687899176724 131.01326183712936,31.220129616802385,22.342709759382323 131.01326267833394,31.220129586356176,22.12853924216685 131.01326351848786,31.22012955668768,21.914367434154457 131.0132643575924,31.22012952779275,21.700194324407875 131.0132651956487,31.22012949966732,21.48601990795481 131.01326603265798,31.22012947230728,21.271844180817016 131.01326686862123,31.22012944570849,21.057667129074755 131.01326770353947,31.22012941986686,20.84348875769712 131.0132685374137,31.220129394778283,20.629309056740887 131.0132693702446,31.220129370438613,20.41512802421609 131.0132702020331,31.220129346843738,20.20094565912684 131.01327103277995,31.220129323989543,19.98676195749477 131.01327186248568,31.220129301871864,19.77257692130648 131.01327269115097,31.2201292804866,19.558390545589408 131.01327351877623,31.220129259829605,19.34420283233014 131.01327434536196,31.22012923989672,19.130013783515142 131.01327517090843,31.220129220683766,18.915823403119223 131.01327599541605,31.220129202186616,18.701631688158148 131.0132768188849,31.22012918440111,18.4874386416126 131.01327764131503,31.220129167323048,18.27324427143396 131.01327846270664,31.22012915094826,18.059048575632087 131.0132792830596,31.22012913527256,17.844851565140907 131.01328010237376,31.220129120291737,17.630653240952725 131.01328092064887,31.22012910600159,17.41645361201312 131.01328173788477,31.220129092397897,17.202252681302777 131.01328255408094,31.22012907947644,16.98805045776718 131.01328336923697,31.220129067232964,16.773846950351995 131.01328418335223,31.22012905566324,16.55964216601449 131.0132849964262,31.220129044763,16.345436113700284 131.01328580845797,31.22012903452797,16.131228802354947 131.0132866194468,31.22012902495389,15.91702024191831 131.0132874293917,31.220129016036456,15.702810444318429 131.01328823829175,31.220129007771355,15.488599418500987 131.0132890461457,31.220129000154262,15.274387178382405 131.0132898529523,31.220128993180847,15.060173733902513 131.01329065871033,31.220128986846778,14.845959100966132 131.01329146341828,31.22012898114768,14.63174329050726 131.01329226707463,31.22012897607918,14.41752631644243 131.0132930696777,31.22012897163689,14.203308194676488 131.01329387122578,31.220128967816404,13.98908893912602 131.01329467171695,31.22012896461329,13.774868567684171 131.01329547114935,31.22012896202312,13.560647094267615 131.0132962695207,31.220128960041425,13.346424534781267 131.01329706682895,31.220128958663743,13.132200909106752 131.01329786307164,31.220128957885564,12.917976235137369 131.0132986582464,31.22012895770237,12.703750527784004 131.0132994523506,31.220128958109647,12.489523809910832 131.01330024538143,31.220128959102823,12.275296100405429 131.01330103733622,31.220128960677343,12.061067417161206 131.01330182821184,31.2201289628286,11.84683778403663 131.01330261800524,31.22012896555196,11.6326072209135 131.0133034067131,31.2201289688428,11.418375750656208 131.01330419433208,31.22012897269644,11.204143395134928 131.01330498085855,31.220128977108192,10.989910179202443 131.0133057662888,31.220128982073337,10.775676124729026 131.01330655061895,31.22012898758712,10.561441259550012 131.01330733384495,31.22012899364478,10.34720560652994 131.01330811596264,31.220129000241503,10.132969192510036 131.01330889696754,31.22012900737248,9.918732045325774 131.01330967685513,31.2201290150328,9.704494191818448 131.01331045562068,31.22012902321759,9.49025566081779 131.0133112332592,31.22012903192192,9.276016481153569 131.0133120097656,31.220129041140808,9.061776683643869 131.01331278513445,31.220129050869268,8.847536300101098 131.01331355936017,31.220129061102234,8.633295358360952 131.01331433243695,31.2201290718346,8.419053897195074 131.01331510435887,31.220129083061263,8.204811946427649 131.0133158751195,31.220129094777047,7.990569541847925 131.01331664471235,31.220129106976703,7.776326719245181 131.0133174131307,31.220129119654967,7.562083518385469 131.01331818036735,31.22012913280651,7.347839976052384 131.01331894641498,31.220129146425943,7.133596131017931 131.01331971130907,31.22012916051756,6.919351841116198 131.01332047504098,31.22012917507572,6.705107154066574 131.01332123762128,31.220129190099108,6.490862036066958 131.01332199905738,31.22012920558572,6.276616468227678 131.0133227593566,31.22012922153354,6.062370426688158 131.01332351852628,31.220129237940565,5.848123894546982 131.0133242765736,31.22012925480478,5.63387684993184 131.0133250335058,31.220129272124183,5.419629276935419 131.01332578932997,31.220129289896768,5.205381158656197 131.01332654405323,31.22012930812052,4.991132470239212 131.01332729768268,31.22012932679343,4.776883204724613 131.01332805022523,31.22012934591348,4.562633340239889 131.0133288016878,31.22012936547865,4.348382860877557 131.01332955207727,31.22012938548695,4.134131751724266 131.01333030140043,31.22012940593636,3.9198799968724702 131.01333104966412,31.220129426824872,3.705627580414572 131.01333179687495,31.22012944815045,3.4913744914138407 131.0133325430396,31.220129469911114,3.277120713962633 131.01333328816463,31.220129492104835,3.062866232153272 131.0133340322566,31.2201295147296,2.848611036043117 131.0133347753219,31.220129537783382,2.634355108730265 131.01333551736707,31.220129561264176,2.420098443254554 131.01333625839834,31.22012958516997,2.2058410187373214 131.01333699842203,31.220129609498752,1.991582830206708 131.01333773744437,31.220129634248497,1.7773238627490635 131.0133384754715,31.220129659417186,1.5630641064216002 131.01333921250955,31.22012968500281,1.3488035473048023 131.0133399485646,31.22012971100336,1.1345421754558371 131.01334068364253,31.220129737416794,0.9202799809318496 131.0133414177493,31.220129764241108,0.7060169527957926 131.0133417135495,31.22012977246001,0.5334097641404446 131.013342186806,31.22012987819132,0.4123452863072311 131.01334264455676,31.220129799180658,0.2863906788489831 131.0133428945456,31.22012996946988,0.185081724050362 131.0133433533455,31.22012979863664,0.0967098872761738 131.0133435639138,31.22012991178737,0.0174327800327395</coordinates>
            </LineString>
        </Placemark>
        <Placemark id="437">
            <name>flight_path</name>
            <styleUrl>#438</styleUrl>
            <LineString id="436">
                <altitudeMode>clampToGround</altitudeMode>
                <coordinates>131.010392,31.222216000000007,0.0 131.01039200000545,31.2222159999906,0.0 131.01039200001028,31.222215999993875,0.0 131.01039200001028,31.222215999993875,0.0 131.0103920000103,31.222215999993875,0.0 131.0103920186648,31.22221599084417,0.0 131.0103920748901,31.222215963420645,0.0 131.01039215993478,31.22221592194644,0.0 131.010392249151,31.222215878416662,0.0 131.010392395381,31.222215807126663,0.0 131.01039249716985,31.22221575742821,0.0 131.01039266702276,31.22221567459415,0.0 131.0103928374792,31.222215591440023,0.0 131.01039302080284,31.222215502000264,0.0 131.01039322708232,31.222215401367297,0.0 131.01039345272457,31.222215291288936,0.0 131.01039369258763,31.22221517426644,0.0 131.01039395005884,31.222215048652007,0.0 131.01039421644953,31.222214918672204,0.0 131.01039450845172,31.22221477620725,0.0 131.0103948069986,31.222214630532072,0.0 131.01039512776407,31.22221447402223,0.0 131.01039545946077,31.222214312168344,0.0 131.01039580637274,31.222214142886457,0.0 131.0103961752949,31.22221396287121,0.0 131.01039655164234,31.222213779217327,0.0 131.01039694683445,31.222213586369925,0.0 131.01039735714872,31.222213386139742,0.0 131.01039778575063,31.22221317698696,0.0 131.01039822638555,31.22221296195409,0.0 131.0103986893425,31.22221273603605,0.0 131.01039915904306,31.22221250681097,0.0 131.01039964456635,31.22221226986224,0.0 131.0104001456363,31.22221202532413,0.0 131.0104006630688,31.222211772799746,0.0 131.01040119449576,31.22221151344101,0.0 131.01040173375296,31.22221125024659,0.0 131.0104022910162,31.22221097826628,0.0 131.0104028640733,31.222210698576216,0.0 131.010403448877,31.222210413145216,0.0 131.01040405025552,31.222210119624407,0.0 131.01040466068557,31.22220982167371,0.0 131.01040528477773,31.22220951705013,0.0 131.01040592505373,31.222209204526795,0.0 131.01040658160653,31.2222088840584,0.0 131.010407247809,31.222208558868967,0.0 131.0104079271538,31.222208227259305,0.0 131.01040862461,31.222207886811766,0.0 131.01040934016976,31.222207537530053,0.0 131.01041005778333,31.222207187222743,0.0 131.01041079218817,31.22220682871958,0.0 131.01041154438693,31.222206461532508,0.0 131.01041230918216,31.222206088190248,0.0 131.0104130807204,31.222205711540788,0.0 131.01041387233195,31.22220532509796,0.0 131.01041467658197,31.22220493247912,0.0 131.0104154908101,31.222204534978747,0.0 131.0104163215605,31.22220413156754,0.0 131.0104171644614,31.22220372154052,0.0 131.01041802079703,31.222203305889224,0.0 131.01041889958032,31.22220287978108,0.0 131.0104197844281,31.22220245125444,0.0 131.0104206832962,31.222202016418656,0.0 131.010421600476,31.222201573164103,0.0 131.01042253791144,31.22220112051785,0.0 131.01042347299995,31.222200669589693,0.0 131.01042442595875,31.222200210411497,0.0 131.01042540582955,31.22219973845788,0.0 131.01042639058392,31.222199264635275,0.0 131.01042738348391,31.222198787331656,0.0 131.01042839690723,31.222198300311568,0.0 131.010429427407,31.22219780524227,0.0 131.01043046588688,31.222197306702967,0.0 131.01043151544545,31.22219680310948,0.0 131.0104325838073,31.222196290446888,0.0 131.01043367125607,31.222195768478564,0.0 131.01043475870927,31.22219524709748,0.0 131.01043586738643,31.22219471519253,0.0 131.0104369885432,31.22219417725633,0.0 131.0104381208884,31.22219363393645,0.0 131.0104392621448,31.22219308642095,0.0 131.01044042559334,31.22219252742823,0.0 131.01044159995823,31.22219196299115,0.0 131.01044277824715,31.22219139697949,0.0 131.01044397718894,31.22219082000279,0.0 131.01044519282877,31.222190234095088,0.0 131.01044640844552,31.22218964876624,0.0 131.0104476417784,31.222189053787368,0.0 131.01044889022583,31.22218845046996,0.0 131.01045014778305,31.222187842268248,0.0 131.01045141526086,31.222187228658537,0.0 131.01045269708496,31.222186606845497,0.0 131.01045399207285,31.222185977396887,0.0 131.01045529240213,31.22218534511508,0.0 131.0104566093982,31.222184702770488,0.0 131.01045794049787,31.22218405177057,0.0 131.010459275404,31.22218339874202,0.0 131.0104606298147,31.222182733243123,0.0 131.0104619930817,31.22218206214881,0.0 131.01046335972552,31.22218138919853,0.0 131.01046474595347,31.222180703058303,0.0 131.01046614206936,31.222180010221347,0.0 131.0104675470536,31.222179311355752,0.0 131.01046896508944,31.222178603285343,0.0 131.0104703897123,31.222177890618543,0.0 131.01047182195384,31.222177172525257,0.0 131.01047327301663,31.22217644018279,0.0 131.01047472173835,31.22217570985961,0.0 131.01047618928357,31.22217496480143,0.0 131.01047766751736,31.222174211118848,0.0 131.01047914789405,31.222173455800785,0.0 131.01048063865645,31.22217269193262,0.0 131.01048215241477,31.222171908296644,0.0 131.01048366513228,31.222171125436248,0.0 131.01048517842452,31.222170342238392,0.0 131.0104867189988,31.22216953425692,0.0 131.01048825177213,31.222168733228667,0.0 131.01048979707608,31.22216792043619,0.0 131.01049137065294,31.22216708009616,0.0 131.01049292120328,31.222166261955167,0.0 131.01049449957358,31.222165416115107,0.0 131.0104960922799,31.22216455502687,0.0 131.01049766696238,31.222163712281425,0.0 131.01049927586115,31.222162833175965,0.0 131.01050087873426,31.22216195975228,0.0 131.0105024830556,31.222161084427167,0.0 131.01050411586317,31.222160176586648,0.0 131.01050573712925,31.222159280988524,0.0 131.01050736620837,31.22215837590858,0.0 131.0105090187053,31.222157442224056,0.0 131.0105106572513,31.222156524344744,0.0 131.01051231337655,31.22215558426785,0.0 131.01051397835934,31.222154631964475,0.0 131.01051563435018,31.222153690128334,0.0 131.01051731798142,31.222152711535298,0.0 131.01051899079084,31.2221517457756,0.0 131.01052067057313,31.22215076975244,0.0 131.01052237392267,31.222149760211057,0.0 131.0105240617631,31.22214877058344,0.0 131.0105257638625,31.222147759828,0.0 131.0105274808369,31.22214672615108,0.0 131.0105291847902,31.222145709748208,0.0 131.01053091089997,31.22214465936653,0.0 131.01053263164616,31.22214361513416,0.0 131.01053435518736,31.22214256515322,0.0 131.0105361029403,31.222141476201426,0.0 131.0105378348352,31.22214040982437,0.0 131.01053957776355,31.222139324547506,0.0 131.01054134089867,31.22213820505474,0.0 131.01054308313468,31.222137117052057,0.0 131.0105448517671,31.22213598444208,0.0 131.01054661826296,31.22213485301887,0.0 131.01054838009347,31.22213372733064,0.0 131.01055016788928,31.22213255623187,0.0 131.0105519412085,31.2221314071186,0.0 131.01055372617384,31.222130236281465,0.0 131.01055552236457,31.22212904403005,0.0 131.01055730750753,31.22212786845332,0.0 131.01055911446022,31.22212665317957,0.0 131.01056091381375,31.222125448696392,0.0 131.0105627157353,31.222124237595214,0.0 131.0105645381201,31.22212298864669,0.0 131.01056634701783,31.22212176090776,0.0 131.0105681677076,31.22212051042992,0.0 131.0105699966865,31.22211924325549,0.0 131.01057181779476,31.22211798763397,0.0 131.0105736634905,31.22211668699073,0.0 131.0105754949765,31.22211540896369,0.0 131.01057733532232,31.22211411344175,0.0 131.01057919766768,31.22211277779745,0.0 131.01058103727473,31.22211147942584,0.0 131.010582904353,31.222110131825755,0.0 131.01058476258487,31.222108797536325,0.0 131.01058662546913,31.22210745343996,0.0 131.01058850700008,31.222106076083325,0.0 131.0105903739176,31.22210472163168,0.0 131.0105922635772,31.22210332753443,0.0 131.01059414825585,31.222101940240886,0.0 131.01059603346874,31.22210055049697,0.0 131.01059794209797,31.22209912126717,0.0 131.01059983306843,31.222097719320736,0.0 131.0106017473318,31.222096278768515,0.0 131.01060365723103,31.222094844125348,0.0 131.01060557014097,31.222093403609733,0.0 131.01060750546955,31.222091927438107,0.0 131.0106094221895,31.22209047903617,0.0 131.0106113678939,31.222088985724127,0.0 131.01061330156077,31.222087509965792,0.0 131.01061524500588,31.22208601892793,0.0 131.0106172069208,31.222084500438825,0.0 131.01061915185363,31.222083006201053,0.0 131.01062112630768,31.22208146923776,0.0 131.0106230898103,31.222079947741875,0.0 131.01062506250028,31.222078413095552,0.0 131.0106270563209,31.22207684936753,0.0 131.01062903027557,31.22207531284496,0.0 131.01063103787544,31.222073730962084,0.0 131.010633033828,31.222072165044235,0.0 131.01063503862403,31.222070587618727,0.0 131.01063705846923,31.222068991085408,0.0 131.01063906651987,31.22206741018405,0.0 131.01064110684987,31.222065788799924,0.0 131.01064313143706,31.22206418798517,0.0 131.01064517265732,31.222062567051417,0.0 131.01064722256862,31.22206093633063,0.0 131.01064926312642,31.222059317758063,0.0 131.01065134269203,31.22205765325176,0.0 131.01065339564414,31.222056021537952,0.0 131.01065547817225,31.22205435584752,0.0 131.0106575583836,31.22205269410433,0.0 131.0106596380386,31.222051034056683,0.0 131.01066174707293,31.222049341616536,0.0 131.01066383608145,31.222047673243,0.0 131.01066595739957,31.22204596970453,0.0 131.01066806833668,31.222044279221112,0.0 131.010670188285,31.22204258002561,0.0 131.0106723280694,31.222040860458087,0.0 131.01067445081057,31.22203916100221,0.0 131.0106766136393,31.222037419395484,0.0 131.01067875614208,31.22203570139124,0.0 131.010680924721,31.222033956779004,0.0 131.01068308846257,31.222032218952368,0.0 131.01068525402223,31.22203048069581,0.0 131.0106874444055,31.22202871761952,0.0 131.01068961783275,31.222026974138608,0.0 131.01069183217504,31.22202518893169,0.0 131.01069402582598,31.222023427226137,0.0 131.01069623731203,31.222021648253207,0.0 131.01069846064314,31.22201985838795,0.0 131.01070066971235,31.22201808513364,0.0 131.0107029108063,31.22201627964479,0.0 131.0107051479262,31.22201447989091,0.0 131.01070737746332,31.222012689687084,0.0 131.01070962713223,31.222010879646767,0.0 131.0107118902026,31.222009056790373,0.0 131.01071414692817,31.222007242116568,0.0 131.01071640523392,31.222005427189103,0.0 131.01071867965774,31.222003596294886,0.0 131.01072095802152,31.22200176241163,0.0 131.01072323641236,31.22199992976804,0.0 131.0107255178859,31.22199809500743,0.0 131.010727809333,31.22199625044641,0.0 131.0107301029181,31.221994404593744,0.0 131.0107323983232,31.221992557771006,0.0 131.0107346982778,31.221990706840085,0.0 131.0107370020226,31.22198885253237,0.0 131.01073930802323,31.221986996497712,0.0 131.0107416163764,31.221985138543506,0.0 131.0107439290663,31.221983276255816,0.0 131.01074624521775,31.221981410516182,0.0 131.0107485643329,31.22197954179996,0.0 131.0107508848638,31.22197767185616,0.0 131.01075320671484,31.22197580071853,0.0 131.01075553406565,31.221973923160128,0.0 131.01075786191984,31.221972045157017,0.0 131.01076019293333,31.221970163338327,0.0 131.0107625260668,31.22196827886315,0.0 131.0107648622243,31.221966390458096,0.0 131.01076719864733,31.221964501546367,0.0 131.01076953787623,31.22196260874147,0.0 131.0107718794361,31.22196071250548,0.0 131.0107742215459,31.22195881509072,0.0 131.010776566638,31.221956913131503,0.0 131.0107789146114,31.22195500659528,0.0 131.01078126163787,31.221953100631094,0.0 131.01078361180413,31.22195118951153,0.0 131.01078596270258,31.22194927644564,0.0 131.01078831453555,31.221947361068544,0.0 131.01079066766113,31.22194544276707,0.0 131.01079302264012,31.221943520616527,0.0 131.01079537846894,31.2219415959723,0.0 131.01079773583731,31.221939667735448,0.0 131.0108000936136,31.22193773749441,0.0 131.0108024523756,31.22193580431519,0.0 131.0108048110633,31.22193386972255,0.0 131.01080717084076,31.22193193188404,0.0 131.01080953214412,31.221929990042245,0.0 131.01081189368273,31.221928046122382,0.0 131.01081425587876,31.221926099427726,0.0 131.0108166186552,31.22192415002711,0.0 131.01081898032731,31.22192220053837,0.0 131.01082134335817,31.221920247042856,0.0 131.0108237056034,31.221918292902306,0.0 131.01082606961307,31.22191633403263,0.0 131.01082843267088,31.22191437475422,0.0 131.01083079772,31.221912410337744,0.0 131.01083316174703,31.22191044562049,0.0 131.0108355257248,31.221908479047286,0.0 131.01083789095523,31.221906508515907,0.0 131.01084025617175,31.221904536085287,0.0 131.01084262048815,31.221902563212744,0.0 131.0108449864094,31.221900585867296,0.0 131.01084735175823,31.221898607601943,0.0 131.01084971812887,31.22189662587536,0.0 131.01085208417624,31.221894642900352,0.0 131.01085444993825,31.221892658657428,0.0 131.01085681600009,31.22189067225501,0.0 131.01085918240602,31.221888683679683,0.0 131.0108615486843,31.22188669374357,0.0 131.01086391502596,31.221884702201663,0.0 131.010866280861,31.221882710019187,0.0 131.0108686479879,31.221880714430824,0.0 131.01087101414177,31.221878719069643,0.0 131.01087338149648,31.221876720607064,0.0 131.01087574890008,31.22187472092265,0.0 131.0108781150442,31.22187272209629,0.0 131.01088048248604,31.221870720278936,0.0 131.0108828496016,31.22186871804637,0.0 131.01088521581292,31.22186671633508,0.0 131.0108875833837,31.221864711825905,0.0 131.01088994972935,31.22186270847044,0.0 131.01089231683895,31.221860703387097,0.0 131.01089468551845,31.22185869550581,0.0 131.0108970527492,31.221856689312883,0.0 131.01089942008346,31.22185468260816,0.0 131.0109017875907,31.22185267538456,0.0 131.0109041564482,31.22185066606285,0.0 131.01090652501185,31.22184865705812,0.0 131.01090889355967,31.221846648039545,0.0 131.01091126325278,31.221844637477385,0.0 131.01091363278587,31.22184262726012,0.0 131.01091600213698,31.221840617475305,0.0 131.01091837356472,31.221838605141805,0.0 131.01092074340067,31.221836595282927,0.0 131.0109231165196,31.22183458143904,0.0 131.01092548880877,31.221832569171333,0.0 131.0109278622214,31.221830555943257,0.0 131.01093023630577,31.221828542422763,0.0 131.01093261192966,31.22182652755168,0.0 131.01093498806856,31.221824512717703,0.0 131.01093736467712,31.221822498025457,0.0 131.01093974197158,31.22182048325141,0.0 131.01094212073275,31.221818467467536,0.0 131.01094449904872,31.22181645312356,0.0 131.01094687904003,31.22181443760796,0.0 131.0109492595498,31.22181242241273,0.0 131.01095164060084,31.22181040754224,0.0 131.01095402226335,31.22180839294444,0.0 131.01095640617572,31.22180637665736,0.0 131.01095878911187,31.221804362641446,0.0 131.01096117413869,31.221802347193943,0.0 131.0109635610536,31.221800330602527,0.0 131.0109659482034,31.22179831487767,0.0 131.01096833661714,31.22179629879695,0.0 131.01097072634204,31.221794282323977,0.0 131.0109731177644,31.221792265013704,0.0 131.01097550806185,31.22179025023173,0.0 131.01097789993642,31.22178823476779,0.0 131.01098029295972,31.22178621913996,0.0 131.01098268630994,31.221784204321647,0.0 131.010985081872,31.221782188079047,0.0 131.01098747676852,31.22178017381228,0.0 131.01098987190255,31.221778160442952,0.0 131.0109922705433,31.22177614409312,0.0 131.0109946699054,31.22177412804508,0.0 131.0109970687437,31.221772113758995,0.0 131.01099946963515,31.221770098161244,0.0 131.01100187151107,31.221768082496297,0.0 131.01100427460844,31.22176606645781,0.0 131.01100667903611,31.22176404988824,0.0 131.01100908459034,31.22176203300096,0.0 131.01101148997628,31.22176001732005,0.0 131.0110138963012,31.22175800148557,0.0 131.0110163033928,31.22175598566672,0.0 131.01101871028288,31.22175397100104,0.0 131.0110211177179,31.221751956547624,0.0 131.01102352899773,31.221749938221773,0.0 131.0110259381462,31.221747923297947,0.0 131.0110283483768,31.22174590780389,0.0 131.01103076022287,31.22174389101689,0.0 131.01103317200665,31.2217418749708,0.0 131.01103558416835,31.22173985907711,0.0 131.01103799573002,31.22173784452174,0.0 131.01104040815258,31.22173582941133,0.0 131.01104282170883,31.22173381333185,0.0 131.0110452341031,31.22173179917243,0.0 131.01104764722996,31.22172978445757,0.0 131.01105006192037,31.221727768035656,0.0 131.0110524769762,31.221725751401344,0.0 131.01105489067623,31.221723736779136,0.0 131.01105730461276,31.221721722029898,0.0 131.01105972012752,31.22171970529107,0.0 131.01106213598504,31.22171768814136,0.0 131.01106455165095,31.22171567125672,0.0 131.011066966958,31.22171365482112,0.0 131.0110693829809,31.221711637308367,0.0 131.0110717975506,31.22170962164956,0.0 131.01107421372856,31.221707603554744,0.0 131.01107662969557,31.22170558548168,0.0 131.0110790462599,31.221703566248586,0.0 131.0110814619698,31.22170154785838,0.0 131.0110838768352,31.221699530266445,0.0 131.01108629260037,31.2216975109162,0.0 131.0110887086578,31.2216954906118,0.0 131.01109112575756,31.22169346820747,0.0 131.0110935414739,31.221691447205625,0.0 131.01109595689746,31.22168942598168,0.0 131.011098374217,31.221687401228376,0.0 131.01110078967457,31.22168537848673,0.0 131.01110320629013,31.221683353214203,0.0 131.0111056224341,31.221681327806,0.0 131.0111080368257,31.221679304185592,0.0 131.01111045122207,31.2216772796546,0.0 131.01111286479502,31.221675255437354,0.0 131.0111152776669,31.221673231320977,0.0 131.0111176898272,31.22167120729539,0.0 131.01112010126647,31.221669183351064,0.0 131.0111225119761,31.22166715947909,0.0 131.01112492194855,31.22166513567109,0.0 131.01112733117725,31.2216631119194,0.0 131.01112973965658,31.22166108821685,0.0 131.01113214738191,31.221659064556984,0.0 131.01113455434958,31.22165704093389,0.0 131.0111369605569,31.22165501734232,0.0 131.01113936600214,31.22165299377762,0.0 131.01114177068447,31.221650970235764,0.0 131.01114417460408,31.221648946713355,0.0 131.01114657776208,31.2216469232076,0.0 131.0111489801604,31.22164489971629,0.0 131.01115138180205,31.22164287623787,0.0 131.01115378269074,31.22164085277135,0.0 131.01115618283117,31.221638829316312,0.0 131.01115858222877,31.22163680587296,0.0 131.01116098088997,31.221634782442028,0.0 131.01116337882175,31.221632759024835,0.0 131.01116577603224,31.22163073562325,0.0 131.01116817252995,31.22162871223966,0.0 131.01117056832436,31.221626688876995,0.0 131.0111729634256,31.22162466553868,0.0 131.01117535784437,31.221622642228613,0.0 131.0111777515922,31.221620618951224,0.0 131.01118014468116,31.22161859571137,0.0 131.01118253712391,31.221616572514343,0.0 131.0111849289337,31.22161454936592,0.0 131.0111873201243,31.221612526272228,0.0 131.01118971070997,31.22161050323981,0.0 131.01119210070547,31.2216084802756,0.0 131.011194490126,31.22160645738688,0.0 131.0111968789872,31.22160443458125,0.0 131.011199267305,31.22160241186667,0.0 131.0112016550958,31.221600389251368,0.0 131.0112040423762,31.22159836674385,0.0 131.01120642916322,31.22159634435292,0.0 131.01120881547396,31.22159432208757,0.0 131.01121120132586,31.221592299957045,0.0 131.01121358673657,31.221590277970776,0.0 131.01121597172374,31.2215882561384,0.0 131.01121835630536,31.221586234469672,0.0 131.0112207404993,31.22158421297452,0.0 131.01122312432372,31.22158219166297,0.0 131.01122550779664,31.22158017054521,0.0 131.01122789093608,31.221578149631405,0.0 131.0112302737602,31.221576128931847,0.0 131.01123265628686,31.22157410845689,0.0 131.01123503853407,31.22157208821687,0.0 131.01123742051962,31.221570068222128,0.0 131.0112398022612,31.22156804848303,0.0 131.01124218377626,31.221566029009885,0.0 131.01124456508217,31.221564009812965,0.0 131.01124694619597,31.22156199090245,0.0 131.01124932713455,31.22155997228849,0.0 131.01125170791457,31.221557953981087,0.0 131.01125408855225,31.221555935990168,0.0 131.01125646906365,31.221553918325505,0.0 131.01125884946447,31.221551900996733,0.0 131.01126122977004,31.22154988401336,0.0 131.01126360999535,31.22154786738466,0.0 131.01126599015504,31.221545851119785,0.0 131.01126837026322,31.221543835227667,0.0 131.01127075033375,31.221541819717,0.0 131.01127313037992,31.22153980459631,0.0 131.01127551041463,31.221537789873828,0.0 131.0112778904504,31.221535775557605,0.0 131.01128027049916,31.22153376165539,0.0 131.01128265057244,31.221531748174712,0.0 131.0112850306812,31.22152973512277,0.0 131.01128741083596,31.22152772250657,0.0 131.01128979104672,31.221525710332752,0.0 131.01129217132296,31.221523698607687,0.0 131.0112945516736,31.221521687337468,0.0 131.0112969321071,31.22151967652784,0.0 131.01129931263125,31.22151766618427,0.0 131.01130169325353,31.22151565631189,0.0 131.01130407398057,31.221513646915536,0.0 131.01130645481877,31.22151163799968,0.0 131.0113088357738,31.22150962956851,0.0 131.0113112168508,31.221507621625847,0.0 131.0113135980544,31.2215056141752,0.0 131.0113159793886,31.22150360721973,0.0 131.01131836085705,31.221501600762306,0.0 131.01132074246263,31.221499594805383,0.0 131.01132312420782,31.221497589351166,0.0 131.01132550609455,31.221495584401463,0.0 131.0113278881242,31.221493579957777,0.0 131.0113302702976,31.221491576021293,0.0 131.01133265261515,31.22148957259284,0.0 131.01133503507663,31.221487569672927,0.0 131.0113374176815,31.22148556726176,0.0 131.01133980042843,31.2214835653592,0.0 131.01134218331592,31.2214815639648,0.0 131.01134456634173,31.221479563077786,0.0 131.01134694950332,31.221477562697103,0.0 131.0113493327977,31.22147556282137,0.0 131.01135171622127,31.22147356344893,0.0 131.01135409977016,31.22147156457784,0.0 131.01135648344007,31.221469566205805,0.0 131.01135886722616,31.22146756833033,0.0 131.01136125112333,31.221465570948624,0.0 131.01136363512606,31.22146357405761,0.0 131.01136601922835,31.221461577653955,0.0 131.01136840342394,31.22145958173409,0.0 131.01137078770623,31.221457586294203,0.0 131.01137317206826,31.22145559133021,0.0 131.01137555650277,31.22145359683786,0.0 131.0113779410021,31.221451602812607,0.0 131.0113803255585,31.22144960924975,0.0 131.0113827101637,31.22144761614437,0.0 131.01138509480936,31.221445623491352,0.0 131.0113874794868,31.221443631285368,0.0 131.01138986418715,31.221441639520968,0.0 131.0113922489013,31.221439648192483,0.0 131.01139463361994,31.22143765729412,0.0 131.01139701833355,31.221435666819904,0.0 131.01139940303247,31.221433676763727,0.0 131.0114017877069,31.221431687119377,0.0 131.01140417234683,31.22142969788048,0.0 131.01140655694223,31.221427709040583,0.0 131.01140894148278,31.221425720593103,0.0 131.0114113259583,31.22142373253138,0.0 131.0114137103583,31.221421744848666,0.0 131.0114160946724,31.22141975753812,0.0 131.01141847889,31.221417770592847,0.0 131.01142086300058,31.221415784005888,0.0 131.0114232469936,31.22141379777026,0.0 131.01142563085835,31.2214118118789,0.0 131.0114280145843,31.221409826324727,0.0 131.01143039816083,31.221407841100653,0.0 131.01143278157744,31.22140585619955,0.0 131.01143516482352,31.221403871614296,0.0 131.0114375478887,31.221401887337738,0.0 131.01143993076252,31.221399903362776,0.0 131.01144231343463,31.221397919682296,0.0 131.01144469589485,31.221395936289223,0.0 131.01144707813305,31.221393953176523,0.0 131.01144946013915,31.221391970337194,0.0 131.01145184190324,31.221389987764283,0.0 131.0114542234156,31.22138800545089,0.0 131.0114566046665,31.22138602339021,0.0 131.01145898564656,31.22138404157546,0.0 131.0114613663464,31.22138205999996,0.0 131.01146374675685,31.221380078657106,0.0 131.01146612686887,31.221378097540388,0.0 131.01146850667382,31.221376116643395,0.0 131.011470886163,31.221374135959817,0.0 131.01147326532808,31.22137215548344,0.0 131.01147564416075,31.22137017520817,0.0 131.0114780226532,31.22136819512803,0.0 131.01148040079758,31.22136621523716,0.0 131.01148277858644,31.22136423552984,0.0 131.01148515601247,31.221362256000475,0.0 131.01148753306865,31.221360276643583,0.0 131.0114899097482,31.221358297453875,0.0 131.0114922860446,31.221356318426142,0.0 131.01149466195156,31.221354339555376,0.0 131.01149703746307,31.22135236083668,0.0 131.0114994125734,31.221350382265328,0.0 131.011501787277,31.221348403836743,0.0 131.01150416156867,31.22134642554652,0.0 131.0115065354436,31.221344447390376,0.0 131.011508908897,31.22134246936427,0.0 131.01151128192453,31.221340491464225,0.0 131.0115136545221,31.22133851368651,0.0 131.0115160266859,31.22133653602753,0.0 131.0115183984124,31.221334558483875,0.0 131.01152076969836,31.22133258105228,0.0 131.0115231405408,31.22133060372965,0.0 131.01152551093708,31.22132862651312,0.0 131.01152788088478,31.221326649399927,0.0 131.01153025038184,31.22132467238752,0.0 131.0115326194264,31.22132269547351,0.0 131.01153498801693,31.22132071865568,0.0 131.01153735615216,31.221318741931977,0.0 131.01153972383116,31.22131676530053,0.0 131.01154209105323,31.221314788759663,0.0 131.0115444578179,31.22131281230781,0.0 131.0115468241251,31.221310835943623,0.0 131.0115491899749,31.221308859665907,0.0 131.01155155536773,31.221306883473645,0.0 131.01155392030427,31.221304907365955,0.0 131.0115562847854,31.221302931342148,0.0 131.01155864881235,31.221300955401688,0.0 131.01156101238655,31.22129897954421,0.0 131.01156337550978,31.22129700376947,0.0 131.0115657381839,31.221295028077424,0.0 131.01156810041107,31.221293052468155,0.0 131.01157046219384,31.22129107694189,0.0 131.01157282353475,31.221289101499032,0.0 131.01157518443688,31.22128712614011,0.0 131.0115775449032,31.2212851508658,0.0 131.0115799049371,31.221283175676884,0.0 131.01158226454217,31.22128120057436,0.0 131.01158462372214,31.22127922555928,0.0 131.011586982481,31.221277250632856,0.0 131.01158934082295,31.221275275796444,0.0 131.0115916987524,31.22127330105149,0.0 131.01159405627385,31.221271326399588,0.0 131.01159641339203,31.221269351842416,0.0 131.0115987701119,31.22126737738182,0.0 131.0116011264385,31.2212654030197,0.0 131.0116034823772,31.221263428758075,0.0 131.01160583793333,31.22126145459909,0.0 131.0116081931125,31.22125948054496,0.0 131.01161054792027,31.221257506598008,0.0 131.0116129023627,31.22125553276065,0.0 131.0116152564457,31.2212535590354,0.0 131.01161761017536,31.2212515854248,0.0 131.01161996355796,31.22124961193154,0.0 131.01162231659978,31.221247638558346,0.0 131.0116246693073,31.22124566530804,0.0 131.01162702168716,31.221243692183467,0.0 131.0116293737459,31.2212417191876,0.0 131.0116317254903,31.2212397463234,0.0 131.0116340769272,31.22123777359393,0.0 131.01163642806347,31.22123580100231,0.0 131.01163877890613,31.22123382855167,0.0 131.0116411294621,31.221231856245208,0.0 131.01164347973858,31.221229884086164,0.0 131.01164582974263,31.22122791207779,0.0 131.01164817948143,31.22122594022341,0.0 131.0116505289622,31.22122396852632,0.0 131.0116528781922,31.221221996989907,0.0 131.01165522717864,31.221220025617537,0.0 131.0116575759289,31.221218054412585,0.0 131.01165992445016,31.22121608337846,0.0 131.0116622727498,31.22121411251859,0.0 131.01166462083515,31.2212121418364,0.0 131.0116669687134,31.221210171335272,0.0 131.01166931639193,31.22120820101868,0.0 131.011671663878,31.22120623089,0.0 131.01167401117877,31.221204260952653,0.0 131.01167635830154,31.22120229121005,0.0 131.01167870525347,31.22120032166557,0.0 131.01168105204172,31.221198352322578,0.0 131.0116833986733,31.2211963831844,0.0 131.0116857451554,31.221194414254377,0.0 131.0116880914949,31.2211924455358,0.0 131.01169043769875,31.22119047703193,0.0 131.01169278377384,31.221188508746007,0.0 131.01169512972697,31.2211865406812,0.0 131.01169747556483,31.221184572840706,0.0 131.01169982129403,31.2211826052276,0.0 131.01170216692125,31.22118063784498,0.0 131.01170451245287,31.221178670695856,0.0 131.01170685789523,31.22117670378321,0.0 131.01170920325467,31.221174737109976,0.0 131.0117115485374,31.221172770679,0.0 131.01171389374937,31.22117080449312,0.0 131.01171623889664,31.221168838555084,0.0 131.011718583985,31.22116687286757,0.0 131.01172092902024,31.221164907433245,0.0 131.01172327400795,31.221162942254644,0.0 131.0117256189536,31.22116097733428,0.0 131.01172796386257,31.2211590126746,0.0 131.01173030874008,31.221157048277952,0.0 131.01173265359128,31.22115508414664,0.0 131.0117349984211,31.22115312028286,0.0 131.01173734323436,31.221151156688787,0.0 131.01173968803576,31.22114919336648,0.0 131.01174203282983,31.221147230317925,0.0 131.01174437762103,31.22114526754503,0.0 131.01174672241353,31.221143305049647,0.0 131.01174906721147,31.22114134283351,0.0 131.01175141201884,31.221139380898297,0.0 131.0117537568394,31.221137419245583,0.0 131.01175610167678,31.221135457876887,0.0 131.0117584465345,31.221133496793616,0.0 131.01176079141584,31.221131535997102,0.0 131.011763136324,31.2211295754886,0.0 131.01176548126196,31.221127615269264,0.0 131.0117678262326,31.221125655340163,0.0 131.01177017123862,31.22112369570229,0.0 131.01177251628246,31.22112173635654,0.0 131.01177486136655,31.22111977730372,0.0 131.01177720649304,31.22111781854453,0.0 131.01177955166392,31.22111586007964,0.0 131.0117818968811,31.22111390190957,0.0 131.0117842421462,31.22111194403478,0.0 131.0117865874608,31.221109986455616,0.0 131.01178893282628,31.22110802917238,0.0 131.01179127824372,31.221106072185247,0.0 131.01179362371423,31.22110411549432,0.0 131.01179596923865,31.221102159099605,0.0 131.01179831481758,31.22110020300103,0.0 131.01180066045163,31.22109824719844,0.0 131.01180300614112,31.221096291691577,0.0 131.01180535188624,31.221094336480103,0.0 131.01180769768703,31.221092381563608,0.0 131.0118100435433,31.221090426941583,0.0 131.0118123894549,31.22108847261345,0.0 131.01181473542115,31.22108651857851,0.0 131.01181708144156,31.22108456483604,0.0 131.01181942751535,31.221082611385185,0.0 131.01182177364151,31.22108065822504,0.0 131.01182411981907,31.22107870535461,0.0 131.01182646604664,31.221076752772834,0.0 131.0118288123229,31.221074800478537,0.0 131.0118311586463,31.22107284847052,0.0 131.0118335050151,31.22107089674748,0.0 131.01183585142743,31.22106894530804,0.0 131.01183819788136,31.221066994150764,0.0 131.0118405443747,31.221065043274123,0.0 131.01184289090529,31.22106309267656,0.0 131.01184523747057,31.2210611423564,0.0 131.011847584068,31.22105919231195,0.0 131.01184993069492,31.221057242541427,0.0 131.0118522773485,31.22105529304297,0.0 131.01185462402583,31.221053343814702,0.0 131.0118569707238,31.221051394854648,0.0 131.01185931743916,31.22104944616079,0.0 131.01186166416863,31.22104749773105,0.0 131.0118640109088,31.221045549563296,0.0 131.011866357656,31.221043601655367,0.0 131.01186870440668,31.22104165400501,0.0 131.01187105115693,31.22103970660996,0.0 131.01187339790297,31.22103775946787,0.0 131.01187574464072,31.221035812576385,0.0 131.01187809136613,31.22103386593311,0.0 131.011880438075,31.221031919535555,0.0 131.011882784763,31.22102997338125,0.0 131.01188513142574,31.221028027467664,0.0 131.0118874780588,31.221026081792235,0.0 131.0118898246576,31.22102413635237,0.0 131.01189217121748,31.221022191145448,0.0 131.0118945177337,31.22102024616881,0.0 131.0118968642016,31.221018301419768,0.0 131.01189921061615,31.22101635689565,0.0 131.0119015569725,31.22101441259371,0.0 131.0119039032656,31.22101246851121,0.0 131.0119062494905,31.221010524645404,0.0 131.01190859564196,31.22100858099351,0.0 131.01191094171483,31.22100663755274,0.0 131.011913287704,31.221004694320303,0.0 131.01191563360408,31.221002751293387,0.0 131.01191797940984,31.2210008084692,0.0 131.01192032511588,31.22099886584491,0.0 131.01192267071687,31.220996923417715,0.0 131.0119250162074,31.22099498118481,0.0 131.01192736158194,31.22099303914336,0.0 131.01192970683516,31.22099109729057,0.0 131.01193205196148,31.220989155623663,0.0 131.01193439695544,31.22098721413984,0.0 131.01193674181152,31.220985272836327,0.0 131.01193908652422,31.22098333171036,0.0 131.011941431088,31.220981390759192,0.0 131.01194377549737,31.22097944998012,0.0 131.01194611974677,31.22097750937041,0.0 131.01194846383072,31.220975568927408,0.0 131.01195080774372,31.220973628648466,0.0 131.01195315148027,31.220971688530927,0.0 131.01195549503487,31.22096974857221,0.0 131.0119578384022,31.220967808769764,0.0 131.0119601815767,31.220965869121027,0.0 131.01196252455307,31.22096392962353,0.0 131.01196486732596,31.220961990274784,0.0 131.01196720989003,31.220960051072403,0.0 131.01196955224,31.220958112014,0.0 131.0119718943707,31.220956173097235,0.0 131.01197423627693,31.220954234319816,0.0 131.01197657795353,31.220952295679524,0.0 131.01197891939546,31.22095035717416,0.0 131.0119812605977,31.22094841880157,0.0 131.0119836015554,31.220946480559693,0.0 131.0119859422636,31.22094454244648,0.0 131.01198828271748,31.22094260445996,0.0 131.01199062291235,31.220940666598214,0.0 131.0119929628436,31.220938728859387,0.0 131.0119953025066,31.220936791241687,0.0 131.01199764189687,31.220934853743376,0.0 131.0119999810101,31.220932916362777,0.0 131.01200231984183,31.220930979098306,0.0 131.0120046583881,31.22092904194841,0.0 131.0120069966445,31.22092710491163,0.0 131.0120093346072,31.220925167986568,0.0 131.0120116722723,31.220923231171888,0.0 131.01201400963595,31.22092129446636,0.0 131.01201634669448,31.22091935786877,0.0 131.01201868344432,31.22091742137804,0.0 131.012021019882,31.22091548499311,0.0 131.01202335600422,31.22091354871304,0.0 131.0120256918077,31.22091161253696,0.0 131.01202802728943,31.22090967646407,0.0 131.01203036244638,31.22090774049364,0.0 131.0120326972757,31.22090580462504,0.0 131.01203503177473,31.2209038688577,0.0 131.01203736594087,31.22090193319116,0.0 131.0120396997717,31.220899997625,0.0 131.0120420332649,31.220898062158927,0.0 131.0120443664183,31.22089612679271,0.0 131.01204669922996,31.220894191526188,0.0 131.01204903169796,31.220892256359303,0.0 131.01205136382052,31.22089032129209,0.0 131.0120536955961,31.220888386324635,0.0 131.01205602702333,31.22088645145714,0.0 131.01205835810092,31.220884516689868,0.0 131.01206068882763,31.220882582023183,0.0 131.0120630192026,31.220880647457527,0.0 131.01206534922494,31.22087871299341,0.0 131.01206767889403,31.22087677863148,0.0 131.01207000820935,31.2208748443724,0.0 131.01207233717057,31.22087291021695,0.0 131.01207466577748,31.220870976166005,0.0 131.01207699403002,31.220869042220503,0.0 131.01207932192835,31.22086710838148,0.0 131.01208164947275,31.22086517465003,0.0 131.0120839766637,31.22086324102736,0.0 131.01208630350175,31.22086130751472,0.0 131.01208862998774,31.22085937411348,0.0 131.0120909561225,31.22085744082506,0.0 131.01209328190723,31.22085550765097,0.0 131.01209560734313,31.22085357459281,0.0 131.0120979324316,31.22085164165223,0.0 131.01210025717424,31.22084970883096,0.0 131.01210258157275,31.220847776130825,0.0 131.01210490562903,31.220845843553697,0.0 131.01210722934513,31.22084391110156,0.0 131.01210955272325,31.22084197877641,0.0 131.01211187576567,31.220840046580346,0.0 131.01211419847507,31.220838114515537,0.0 131.01211652085397,31.22083618258422,0.0 131.0121188429052,31.220834250788688,0.0 131.0121211646317,31.220832319131304,0.0 131.01212348603667,31.22083038761447,0.0 131.0121258071233,31.220828456240667,0.0 131.01212812789498,31.220826525012445,0.0 131.01213044835524,31.220824593932377,0.0 131.01213276850777,31.220822663003126,0.0 131.01213508835633,31.22082073222739,0.0 131.0121374079049,31.220818801607912,0.0 131.0121397271576,31.22081687114748,0.0 131.01214204611856,31.220814940848943,0.0 131.01214436479205,31.2208130107152,0.0 131.01214668318264,31.220811080749147,0.0 131.01214900129477,31.220809150953784,0.0 131.0121513191332,31.220807221332105,0.0 131.01215363670272,31.22080529188715,0.0 131.01215595400816,31.22080336262199,0.0 131.01215827105457,31.220801433539734,0.0 131.01216058784695,31.220799504643505,0.0 131.01216290439064,31.22079757593647,0.0 131.01216522069083,31.22079564742181,0.0 131.01216753675294,31.220793719102705,0.0 131.01216985258236,31.2207917909824,0.0 131.01217216818466,31.220789863064105,0.0 131.01217448356547,31.220787935351083,0.0 131.0121767987304,31.220786007846584,0.0 131.01217911368528,31.220784080553862,0.0 131.0121814284358,31.220782153476208,0.0 131.0121837429879,31.22078022661687,0.0 131.01218605734744,31.220778299979123,0.0 131.0121883715204,31.22077637356624,0.0 131.0121906855127,31.220774447381466,0.0 131.0121929993304,31.22077252142804,0.0 131.01219531297957,31.220770595709244,0.0 131.0121976264662,31.22076867022824,0.0 131.01219993979643,31.220766744988275,0.0 131.01220225297632,31.22076481999252,0.0 131.012204566012,31.22076289524413,0.0 131.01220687890952,31.220760970746248,0.0 131.012209191675,31.220759046501968,0.0 131.0122115043145,31.22075712251439,0.0 131.01221381683413,31.220755198786527,0.0 131.01221612923987,31.2207532753214,0.0 131.01221844153775,31.22075135212197,0.0 131.0122207537337,31.220749429191148,0.0 131.01222306583367,31.220747506531826,0.0 131.01222537784355,31.22074558414681,0.0 131.0122276897692,31.22074366203889,0.0 131.0122300016163,31.220741740210805,0.0 131.01223231339054,31.220739818665194,0.0 131.0122346250976,31.22073789740468,0.0 131.01223693674297,31.220735976431808,0.0 131.01223924833212,31.220734055749062,0.0 131.01224155987043,31.220732135358865,0.0 131.01224387136307,31.220730215263565,0.0 131.0122461828153,31.22072829546542,0.0 131.01224849423213,31.220726375966663,0.0 131.01225080561844,31.220724456769403,0.0 131.01225311697908,31.220722537875705,0.0 131.01225542831875,31.220720619287533,0.0 131.01225773964197,31.220718701006778,0.0 131.01226005095313,31.220716783035247,0.0 131.0122623622565,31.22071486537467,0.0 131.0122646735562,31.22071294802667,0.0 131.0122669848562,31.220711030992792,0.0 131.01226929616027,31.220709114274484,0.0 131.01227160747203,31.220707197873114,0.0 131.01227391879493,31.220705281789943,0.0 131.01227623013224,31.220703366026125,0.0 131.01227854148706,31.220701450582748,0.0 131.0122808528623,31.220699535460767,0.0 131.01228316426065,31.22069762066108,0.0 131.01228547568465,31.220695706184408,0.0 131.0122877871366,31.22069379203148,0.0 131.0122900986186,31.2206918782028,0.0 131.01229241013257,31.220689964698856,0.0 131.01229472168015,31.220688051520007,0.0 131.0122970332629,31.220686138666498,0.0 131.01229934488208,31.22068422613848,0.0 131.0123016565386,31.220682313935967,0.0 131.01230396823337,31.22068040205892,0.0 131.01230627996696,31.220678490507154,0.0 131.01230859173967,31.220676579280383,0.0 131.01231090355165,31.220674668378223,0.0 131.01231321540274,31.22067275780017,0.0 131.01231552729263,31.220670847545616,0.0 131.01231783922063,31.22066893761387,0.0 131.012320151186,31.220667028004105,0.0 131.0123224631876,31.2206651187154,0.0 131.01232477522404,31.22066320974676,0.0 131.01232708729384,31.220661301097014,0.0 131.01232939939516,31.220659392764983,0.0 131.01233171152592,31.220657484749303,0.0 131.01233402368382,31.220655577048586,0.0 131.0123363358663,31.22065366966127,0.0 131.01233864807062,31.22065176258576,0.0 131.01234096029367,31.22064985582034,0.0 131.01234327253215,31.220647949363183,0.0 131.01234558478268,31.220646043212422,0.0 131.01234789704137,31.220644137366044,0.0 131.01235020930423,31.220642231821977,0.0 131.01235252156712,31.220640326578074,0.0 131.01235483382553,31.22063842163209,0.0 131.01235714607475,31.22063651698173,0.0 131.01235945830987,31.220634612624576,0.0 131.0123617705258,31.22063270855817,0.0 131.01236408271717,31.22063080477997,0.0 131.0123663948784,31.2206289012874,0.0 131.01236870700373,31.22062699807777,0.0 131.0123710190872,31.22062509514835,0.0 131.01237333112266,31.22062319249637,0.0 131.01237564310367,31.22062129011895,0.0 131.0123779550238,31.2206193880132,0.0 131.0123802668762,31.220617486176167,0.0 131.01238257865404,31.220615584604875,0.0 131.0123848903502,31.220613683296296,0.0 131.01238720195747,31.220611782247367,0.0 131.01238951346846,31.220609881455,0.0 131.0123918248756,31.22060798091609,0.0 131.01239413617128,31.220606080627487,0.0 131.01239644734764,31.220604180586044,0.0 131.01239875839673,31.2206022807886,0.0 131.01240106931053,31.22060038123197,0.0 131.01240338008088,31.220598481912983,0.0 131.01240569069952,31.220596582828463,0.0 131.01240800115806,31.220594683975246,0.0 131.01241031144812,31.22059278535016,0.0 131.0124126215612,31.220590886950063,0.0 131.0124149314887,31.22058898877184,0.0 131.01241724122207,31.220587090812376,0.0 131.01241955075264,31.220585193068622,0.0 131.01242186007173,31.220583295537537,0.0 131.01242416917063,31.22058139821613,0.0 131.0124264780407,31.22057950110144,0.0 131.01242878667315,31.220577604190566,0.0 131.01243109505933,31.22057570748068,0.0 131.01243340319056,31.22057381096896,0.0 131.0124357110582,31.220571914652712,0.0 131.01243801865365,31.22057001852925,0.0 131.0124403259684,31.220568122596024,0.0 131.012442632994,31.2205662268505,0.0 131.01244493972203,31.220564331290262,0.0 131.01244724614423,31.220562435912967,0.0 131.01244955225235,31.220560540716374,0.0 131.0124518580384,31.22055864569833,0.0 131.0124541634944,31.220556750856776,0.0 131.01245646861247,31.22055485618976,0.0 131.01245877338508,31.22055296169545,0.0 131.01246107780457,31.22055106737209,0.0 131.01246338186365,31.220549173218085,0.0 131.01246568555516,31.220547279231937,0.0 131.01246798887215,31.22054538541225,0.0 131.01247029180783,31.220543491757795,0.0 131.01247259435576,31.22054159826745,0.0 131.01247489650947,31.220539704940208,0.0 131.01247719826293,31.22053781177524,0.0 131.0124794996103,31.2205359187718,0.0 131.0124818005459,31.22053402592931,0.0 131.01248410106447,31.22053213324736,0.0 131.01248640116094,31.220530240725623,0.0 131.01248870083052,31.220528348363985,0.0 131.0124910000687,31.22052645616245,0.0 131.0124932988714,31.220524564121146,0.0 131.0124955972346,31.220522672240392,0.0 131.0124978951548,31.22052078052064,0.0 131.01250019262875,31.22051888896249,0.0 131.01250248965349,31.22051699756673,0.0 131.01250478622643,31.220515106334258,0.0 131.0125070823453,31.22051321526615,0.0 131.01250937800833,31.22051132436363,0.0 131.01251167321388,31.22050943362808,0.0 131.01251396796076,31.220507543061053,0.0 131.01251626224817,31.220505652664208,0.0 131.01251855607563,31.220503762439407,0.0 131.01252084944304,31.22050187238863,0.0 131.01252314235072,31.22049998251402,0.0 131.01252543479924,31.22049809281788,0.0 131.01252772678964,31.220496203302616,0.0 131.0125300183234,31.22049431397084,0.0 131.0125323094022,31.220492424825256,0.0 131.01253460002823,31.220490535868727,0.0 131.01253689020407,31.220488647104247,0.0 131.01253917993256,31.22048675853495,0.0 131.01254146921696,31.22048487016409,0.0 131.01254375806096,31.220482981995048,0.0 131.01254604646851,31.22048109403133,0.0 131.0125483344441,31.22047920627657,0.0 131.01255062199235,31.22047731873449,0.0 131.01255290911843,31.22047543140896,0.0 131.01255519582776,31.220473544303907,0.0 131.0125574821261,31.220471657423367,0.0 131.01255976801963,31.22046977077152,0.0 131.01256205351467,31.22046788435257,0.0 131.01256433861815,31.22046599817084,0.0 131.01256662333702,31.22046411223074,0.0 131.01256890767874,31.220462226536704,0.0 131.01257119165095,31.220460341093272,0.0 131.0125734752617,31.220458455905035,0.0 131.01257575851912,31.220456570976623,0.0 131.0125780414317,31.220454686312728,0.0 131.01258032400827,31.220452801918064,0.0 131.01258260625775,31.220450917797383,0.0 131.0125848881893,31.22044903395548,0.0 131.01258716981243,31.22044715039714,0.0 131.01258945113665,31.220445267127182,0.0 131.01259173182908,31.22044338463843,0.0 131.01259401190876,31.22044150292257,0.0 131.012596291241,31.22043962219035,0.0 131.012598569716,31.22043774261732,0.0 131.0126008472239,31.220435864379034,0.0 131.01260312365474,31.22043398765096,0.0 131.01260539889898,31.22043211260837,0.0 131.0126076728469,31.220430239426285,0.0 131.0126099453891,31.220428368279315,0.0 131.01261221641627,31.220426499341585,0.0 131.01261448581943,31.22042463278668,0.0 131.01261675348977,31.220422768787508,0.0 131.0126190193188,31.22042090751622,0.0 131.0126212831984,31.220419049144105,0.0 131.01262354502077,31.22041719384152,0.0 131.01262580467844,31.22041534177774,0.0 131.01262806206446,31.220413493121,0.0 131.0126303170723,31.22041164803824,0.0 131.01263256959592,31.220409806695145,0.0 131.0126348195298,31.22040796925601,0.0 131.012637066769,31.22040613588367,0.0 131.0126393112092,31.2204043067394,0.0 131.01264155274654,31.22040248198283,0.0 131.01264379127798,31.220400661771947,0.0 131.01264602670105,31.220398846262903,0.0 131.01264825891414,31.22039703561004,0.0 131.0126504878163,31.22039522996577,0.0 131.01265271330735,31.22039342948053,0.0 131.012654935288,31.2203916343027,0.0 131.01265715365963,31.220389844578527,0.0 131.0126593683247,31.220388060452148,0.0 131.01266157918647,31.220386282065423,0.0 131.0126637861492,31.220384509557952,0.0 131.01266598911815,31.220382743067017,0.0 131.01266818799945,31.22038098272752,0.0 131.01267038270035,31.220379228671888,0.0 131.01267257312924,31.22037748103016,0.0 131.01267475919542,31.220375739929832,0.0 131.01267694080954,31.22037400549585,0.0 131.0126791178832,31.220372277850608,0.0 131.01268129032945,31.22037055711389,0.0 131.01268345806218,31.22036884340282,0.0 131.01268562099688,31.2203671368319,0.0 131.0126877790501,31.22036543751292,0.0 131.0126899321398,31.22036374555497,0.0 131.01269208018525,31.220362061064435,0.0 131.012694223107,31.22036038414497,0.0 131.0126963608271,31.220358714897475,0.0 131.01269849326894,31.22035705342008,0.0 131.01270062035726,31.22035539980814,0.0 131.01270274201843,31.220353754154303,0.0 131.01270485818014,31.2203521165484,0.0 131.0127069687717,31.22035048707751,0.0 131.01270907372387,31.220348865825944,0.0 131.01271117296895,31.22034725287524,0.0 131.0127132664408,31.2203456483042,0.0 131.01271535407488,31.22034405218885,0.0 131.0127174358082,31.220342464602524,0.0 131.01271951157952,31.22034088561581,0.0 131.0127215813291,31.220339315296588,0.0 131.01272364499877,31.220337753710048,0.0 131.01272570253218,31.22033620091872,0.0 131.01272775387443,31.22033465698244,0.0 131.01272979897263,31.22033312195848,0.0 131.01273183777533,31.220331595901463,0.0 131.01273387023275,31.22033007886344,0.0 131.0127358962969,31.22032857089385,0.0 131.01273791592143,31.220327072039705,0.0 131.01273992906178,31.220325582345428,0.0 131.012741935675,31.220324101852984,0.0 131.01274393572,31.22032263060192,0.0 131.01274592915723,31.220321168629347,0.0 131.01274791594895,31.220319715970007,0.0 131.0127498960591,31.22031827265627,0.0 131.01275186945333,31.220316838718222,0.0 131.012753836099,31.220315414183645,0.0 131.01275579596512,31.22031399907808,0.0 131.0127577490225,31.220312593424875,0.0 131.01275969524357,31.220311197245184,0.0 131.01276163460233,31.220309810558017,0.0 131.01276356707456,31.220308433380296,0.0 131.01276549263764,31.22030706572688,0.0 131.0127674112707,31.2203057076106,0.0 131.01276932295428,31.220304359042288,0.0 131.0127712276708,31.22030302003085,0.0 131.01277312540398,31.22030169058325,0.0 131.0127750161393,31.220300370704585,0.0 131.01277689986375,31.220299060398133,0.0 131.0127787765659,31.22029775966535,0.0 131.01278064623585,31.22029646850596,0.0 131.01278250886512,31.220295186917955,0.0 131.01278436444673,31.22029391489762,0.0 131.0127862129752,31.220292652439625,0.0 131.01278805444653,31.22029139953695,0.0 131.01278988885815,31.22029015618111,0.0 131.0127917162087,31.220288922362023,0.0 131.01279353649852,31.220287698068148,0.0 131.01279534972895,31.220286483286447,0.0 131.01279715590277,31.220285278002503,0.0 131.01279895502407,31.220284082200504,0.0 131.0128007472943,31.220282895594767,0.0 131.01280253270608,31.220281718186143,0.0 131.0128043113429,31.22028054985104,0.0 131.01280608327212,31.22027939048875,0.0 131.01280784856,31.22027824000025,0.0 131.0128096072718,31.22027709828832,0.0 131.01281135947187,31.220275965257382,0.0 131.0128131052236,31.22027484081368,0.0 131.01281484458934,31.220273724864985,0.0 131.01281657763067,31.22027261732076,0.0 131.0128183044081,31.220271518092,0.0 131.0128200249814,31.22027042709129,0.0 131.01282173940945,31.220269344232687,0.0 131.01282344775032,31.22026826943174,0.0 131.01282515006125,31.220267202605445,0.0 131.01282684639864,31.220266143672216,0.0 131.01282853681815,31.220265092551823,0.0 131.0128302213747,31.220264049165383,0.0 131.01283190012245,31.22026301343539,0.0 131.01283357311476,31.22026198528556,0.0 131.01283524040443,31.22026096464092,0.0 131.01283690204346,31.22025995142772,0.0 131.01283855808313,31.220258945573416,0.0 131.01284020857415,31.22025794700664,0.0 131.01284185356644,31.22025695565721,0.0 131.0128434931094,31.22025597145605,0.0 131.0128451272518,31.220254994335207,0.0 131.0128467560417,31.220254024227827,0.0 131.01284837952673,31.220253061068096,0.0 131.0128499977536,31.220252104791246,0.0 131.01285161076865,31.220251155333543,0.0 131.01285321861775,31.220250212632205,0.0 131.012854821346,31.220249276625506,0.0 131.01285641899807,31.22024834725259,0.0 131.01285801161808,31.220247424453603,0.0 131.01285959924948,31.220246508169577,0.0 131.01286118193536,31.220245598342448,0.0 131.01286275971825,31.220244694915,0.0 131.0128643326401,31.22024379783093,0.0 131.01286590074247,31.220242907034752,0.0 131.01286746406643,31.220242022471822,0.0 131.0128690226524,31.22024114408825,0.0 131.0128705765405,31.220240271831,0.0 131.01287212577031,31.220239405647792,0.0 131.01287367038097,31.22023854548709,0.0 131.01287521041115,31.22023769129813,0.0 131.01287674589915,31.220236843030868,0.0 131.01287827688267,31.220236000635943,0.0 131.01287980339913,31.220235164064736,0.0 131.01288132548547,31.220234333269296,0.0 131.01288284317815,31.220233508202345,0.0 131.01288435651333,31.220232688817266,0.0 131.01288586552673,31.220231875068087,0.0 131.0128873702536,31.22023106690947,0.0 131.0128888707288,31.22023026429669,0.0 131.0128903669869,31.22022946718564,0.0 131.012891859062,31.22022867553278,0.0 131.01289334698782,31.220227889295213,0.0 131.0128948307977,31.22022710843056,0.0 131.01289631052472,31.22022633289702,0.0 131.0128977862014,31.22022556265333,0.0 131.01289925786003,31.2202247976588,0.0 131.01290072553246,31.220224037873223,0.0 131.01290218925035,31.220223283256963,0.0 131.01290364904483,31.22022253377084,0.0 131.01290510494678,31.2202217893762,0.0 131.01290655698668,31.220221050034866,0.0 131.0129080051947,31.22022031570915,0.0 131.01290944960067,31.22021958636181,0.0 131.01291089023422,31.22021886195613,0.0 131.01291232712447,31.22021814245576,0.0 131.01291376030025,31.22021742782484,0.0 131.0129151897902,31.22021671802794,0.0 131.0129166156224,31.220216013030047,0.0 131.0129180378249,31.22021531279656,0.0 131.0129194564253,31.220214617293315,0.0 131.0129208714509,31.22021392648652,0.0 131.01292228292877,31.22021324034281,0.0 131.01292369088554,31.22021255882917,0.0 131.01292509534767,31.220211881912984,0.0 131.0129264963413,31.220211209562013,0.0 131.0129278938922,31.22021054174436,0.0 131.012929288026,31.22020987842852,0.0 131.012930678768,31.22020921958332,0.0 131.0129320661431,31.220208565177927,0.0 131.0129334501761,31.22020791518185,0.0 131.0129348308913,31.22020726956496,0.0 131.0129362083131,31.2202066282974,0.0 131.0129375824652,31.22020599134968,0.0 131.0129389533714,31.2202053586926,0.0 131.0129403210549,31.220204730297272,0.0 131.01294168553895,31.22020410613512,0.0 131.01294304684632,31.220203486177848,0.0 131.0129444049996,31.22020287039748,0.0 131.01294576002124,31.22020225876629,0.0 131.01294711193324,31.22020165125687,0.0 131.01294846075749,31.22020104784206,0.0 131.0129498065155,31.220200448494985,0.0 131.0129511492287,31.220199853189023,0.0 131.0129524889182,31.22019926189784,0.0 131.01295382560482,31.220198674595323,0.0 131.0129551593093,31.220198091255646,0.0 131.01295649005192,31.220197511853208,0.0 131.0129578178529,31.22019693636266,0.0 131.0129591427322,31.220196364758888,0.0 131.01296046470944,31.220195797017023,0.0 131.0129617838042,31.22019523311241,0.0 131.0129631000357,31.220194673020632,0.0 131.01296441342296,31.220194116717487,0.0 131.01296572398476,31.22019356417901,0.0 131.01296703173975,31.220193015381422,0.0 131.0129683367063,31.2201924703012,0.0 131.0129696389026,31.22019192891496,0.0 131.0129709383466,31.220191391199595,0.0 131.01297223505597,31.220190857132167,0.0 131.0129735290483,31.22019032668991,0.0 131.0129748203409,31.22018979985029,0.0 131.0129761089509,31.220189276590965,0.0 131.01297739489527,31.220188756889744,0.0 131.0129786781907,31.22018824072466,0.0 131.01297995885366,31.220187728073903,0.0 131.01298123690052,31.220187218915846,0.0 131.0129825123474,31.220186713229047,0.0 131.01298378521025,31.22018621099223,0.0 131.01298505550483,31.22018571218429,0.0 131.0129863232467,31.2201852167843,0.0 131.01298758845118,31.220184724771475,0.0 131.01298885113349,31.2201842361252,0.0 131.01299011130862,31.22018375082504,0.0 131.01299136899144,31.22018326885068,0.0 131.01299262419653,31.220182790182008,0.0 131.0129938769383,31.220182314799025,0.0 131.0129951272311,31.220181842681896,0.0 131.0129963750891,31.22018137381092,0.0 131.01299762052616,31.22018090816656,0.0 131.01299886355605,31.22018044572944,0.0 131.01300010419234,31.22017998648025,0.0 131.0130013424485,31.22017953039993,0.0 131.01300257833776,31.220179077469464,0.0 131.01300381187323,31.22017862767001,0.0 131.01300504306784,31.220178180982863,0.0 131.0130062719344,31.220177737389445,0.0 131.01300749848542,31.220177296871288,0.0 131.01300872273345,31.22017685941008,0.0 131.0130099446907,31.220176424987613,0.0 131.01301116436943,31.22017599358584,0.0 131.01301238178155,31.220175565186786,0.0 131.01301359693895,31.22017513977262,0.0 131.01301480985327,31.22017471732565,0.0 131.01301602053607,31.220174297828283,0.0 131.01301722899876,31.22017388126304,0.0 131.0130184352526,31.22017346761256,0.0 131.0130196393087,31.220173056859604,0.0 131.013020841178,31.220172648987035,0.0 131.01302204087133,31.220172243977835,0.0 131.01302323839943,31.220171841815084,0.0 131.01302443377284,31.220171442482005,0.0 131.013025627002,31.22017104596188,0.0 131.01302681809713,31.220170652238096,0.0 131.01302800706844,31.22017026129421,0.0 131.01302919392597,31.22016987311383,0.0 131.01303037867964,31.220169487680664,0.0 131.01303156133923,31.22016910497855,0.0 131.0130327419143,31.2201687249914,0.0 131.01303392041447,31.220168347703243,0.0 131.01303509684908,31.2201679730982,0.0 131.0130362712275,31.220167601160487,0.0 131.01303744355883,31.220167231874424,0.0 131.0130386138522,31.220166865224407,0.0 131.01303978211644,31.22016650119496,0.0 131.01304094836044,31.220166139770665,0.0 131.01304211259296,31.22016578093623,0.0 131.01304327482256,31.220165424676427,0.0 131.01304443505768,31.22016507097614,0.0 131.01304559330674,31.22016471982033,0.0 131.01304674957805,31.22016437119405,0.0 131.01304790387982,31.220164025082447,0.0 131.01304905622007,31.220163681470765,0.0 131.01305020660675,31.22016334034431,0.0 131.01305135504782,31.22016300168849,0.0 131.013052501551,31.22016266548881,0.0 131.01305364612395,31.220162331730844,0.0 131.01305478877433,31.22016200040025,0.0 131.0130559295096,31.220161671482792,0.0 131.01305706833708,31.22016134496429,0.0 131.01305820526423,31.220161020830663,0.0 131.01305934029816,31.220160699067925,0.0 131.01306047344607,31.220160379662136,0.0 131.01306160471495,31.22016006259948,0.0 131.0130627341118,31.22015974786619,0.0 131.01306386164353,31.2201594354486,0.0 131.0130649873169,31.220159125333108,0.0 131.01306611113867,31.2201588175062,0.0 131.0130672331154,31.22015851195444,0.0 131.01306835325371,31.22015820866449,0.0 131.01306947156013,31.22015790762305,0.0 131.01307058804105,31.22015760881695,0.0 131.01307170270275,31.220157312233045,0.0 131.0130728155515,31.22015701785829,0.0 131.01307392659368,31.22015672567975,0.0 131.0130750358352,31.2201564356845,0.0 131.0130761432823,31.22015614785976,0.0 131.0130772489408,31.22015586219276,0.0 131.0130783528168,31.220155578670862,0.0 131.01307945491607,31.220155297281483,0.0 131.01308055524447,31.220155018012104,0.0 131.01308165380777,31.2201547408503,0.0 131.01308275061152,31.2201544657837,0.0 131.01308384566147,31.220154192800024,0.0 131.01308493896323,31.22015392188706,0.0 131.01308603052226,31.220153653032675,0.0 131.013087120344,31.2201533862248,0.0 131.0130882084339,31.22015312145144,0.0 131.0130892947973,31.22015285870068,0.0 131.01309037943955,31.220152597960688,0.0 131.0130914623659,31.220152339219688,0.0 131.0130925435815,31.22015208246596,0.0 131.01309362309163,31.22015182768789,0.0 131.01309470090132,31.22015157487393,0.0 131.01309577701568,31.2201513240126,0.0 131.0130968514397,31.220151075092463,0.0 131.01309792417842,31.22015082810221,0.0 131.0130989952368,31.220150583030552,0.0 131.01310006461972,31.220150339866287,0.0 131.01310113233205,31.220150098598303,0.0 131.0131021983786,31.220149859215528,0.0 131.01310326276428,31.220149621706987,0.0 131.01310432549377,31.220149386061777,0.0 131.0131053865717,31.22014915226901,0.0 131.01310644600295,31.220148920317943,0.0 131.01310750379213,31.220148690197863,0.0 131.0131085599438,31.220148461898127,0.0 131.01310961446256,31.22014823540817,0.0 131.01311066735306,31.2201480107175,0.0 131.0131117186198,31.220147787815662,0.0 131.01311276826732,31.22014756669234,0.0 131.0131138163001,31.220147347337207,0.0 131.01311486272252,31.22014712974003,0.0 131.01311590753917,31.22014691389068,0.0 131.01311695075435,31.22014669977906,0.0 131.0131179923725,31.220146487395155,0.0 131.01311903239795,31.220146276729,0.0 131.01312007083513,31.22014606777071,0.0 131.01312110768828,31.220145860510485,0.0 131.01312214296175,31.220145654938552,0.0 131.01312317665983,31.22014545104525,0.0 131.0131242087868,31.22014524882094,0.0 131.01312523934692,31.2201450482561,0.0 131.0131262683444,31.220144849341214,0.0 131.01312729578345,31.22014465206689,0.0 131.01312832166835,31.22014445642376,0.0 131.01312934600327,31.220144262402545,0.0 131.0131303687923,31.220144069994017,0.0 131.01313139003972,31.220143879189017,0.0 131.01313240974963,31.220143689978475,0.0 131.01313342792622,31.22014350235336,0.0 131.01313444457355,31.22014331630469,0.0 131.0131354596958,31.220143131823583,0.0 131.01313647329707,31.22014294890121,0.0 131.0131374853815,31.2201427675288,0.0 131.01313849595303,31.22014258769764,0.0 131.0131395050159,31.22014240939909,0.0 131.01314051257418,31.220142232624585,0.0 131.01314151863187,31.220142057365603,0.0 131.01314252319307,31.220141883613675,0.0 131.01314352626187,31.220141711360423,0.0 131.01314452784223,31.220141540597528,0.0 131.01314552793826,31.220141371316707,0.0 131.013146526554,31.22014120350975,0.0 131.01314752369348,31.22014103716853,0.0 131.01314851936073,31.22014087228497,0.0 131.0131495135597,31.220140708851023,0.0 131.01315050629455,31.22014054685875,0.0 131.01315149756925,31.220140386300223,0.0 131.01315248738774,31.220140227167622,0.0 131.0131534757541,31.220140069453155,0.0 131.0131544626724,31.220139913149094,0.0 131.0131554481465,31.220139758247782,0.0 131.01315643218055,31.220139604741608,0.0 131.01315741477845,31.22013945262304,0.0 131.01315839594423,31.22013930188455,0.0 131.0131593756819,31.22013915251873,0.0 131.0131603539955,31.22013900451821,0.0 131.01316133088892,31.22013885787565,0.0 131.01316230636627,31.2201387125838,0.0 131.01316328043148,31.22013856863544,0.0 131.01316425308852,31.22013842602344,0.0 131.0131652243415,31.22013828474069,0.0 131.01316619419424,31.220138144780137,0.0 131.01316716265083,31.220138006134807,0.0 131.01316812971532,31.22013786879777,0.0 131.01316909539156,31.22013773276214,0.0 131.0131700596836,31.22013759802108,0.0 131.01317102259543,31.22013746456784,0.0 131.01317198413105,31.22013733239568,0.0 131.0131729442944,31.22013720149792,0.0 131.01317390308947,31.220137071867967,0.0 131.01317486052028,31.220136943499245,0.0 131.01317581659072,31.22013681638522,0.0 131.01317677130487,31.22013669051946,0.0 131.01317772466666,31.22013656589552,0.0 131.01317867668,31.22013644250703,0.0 131.01317962734896,31.220136320347684,0.0 131.01318057667748,31.22013619941121,0.0 131.01318152466945,31.22013607969139,0.0 131.01318247132892,31.220135961182045,0.0 131.0131834166598,31.22013584387704,0.0 131.01318436066606,31.2201357277703,0.0 131.01318530335163,31.22013561285579,0.0 131.0131862447205,31.22013549912752,0.0 131.01318718477654,31.22013538657953,0.0 131.01318812352375,31.22013527520594,0.0 131.01318906096603,31.22013516500088,0.0 131.01318999710733,31.22013505595853,0.0 131.01319093195153,31.22013494807314,0.0 131.01319186550262,31.22013484133897,0.0 131.0131927977644,31.220134735750328,0.0 131.0131937287408,31.220134631301583,0.0 131.0131946584358,31.22013452798712,0.0 131.01319558685313,31.220134425801376,0.0 131.01319651399683,31.22013432473884,0.0 131.01319743987065,31.220134224794,0.0 131.0131983644785,31.22013412596144,0.0 131.01319928782425,31.22013402823573,0.0 131.01320020991164,31.22013393161152,0.0 131.0132011307446,31.22013383608345,0.0 131.01320205032692,31.22013374164624,0.0 131.0132029686623,31.220133648294627,0.0 131.0132038857547,31.220133556023395,0.0 131.0132048016078,31.220133464827345,0.0 131.0132057162254,31.22013337470132,0.0 131.01320662961123,31.2201332856402,0.0 131.013207541769,31.220133197638887,0.0 131.0132084527025,31.220133110692338,0.0 131.01320936241535,31.220133024795537,0.0 131.01321027091132,31.220132939943458,0.0 131.01321117819404,31.22013285613117,0.0 131.01321208426717,31.220132773353725,0.0 131.01321298913433,31.220132691606228,0.0 131.0132138927992,31.22013261088381,0.0 131.01321479526527,31.220132531181623,0.0 131.01321569653624,31.22013245249485,0.0 131.0132165966156,31.220132374818704,0.0 131.01321749550686,31.22013229814843,0.0 131.0132183932136,31.22013222247929,0.0 131.01321928973923,31.220132147806563,0.0 131.0132201850873,31.2201320741256,0.0 131.01322107926123,31.220132001431693,0.0 131.0132219722644,31.22013192972025,0.0 131.01322286410024,31.22013185898664,0.0 131.01322375477207,31.22013178922628,0.0 131.01322464428333,31.22013172043461,0.0 131.01322553263722,31.22013165260707,0.0 131.01322641983708,31.220131585739164,0.0 131.01322730588615,31.22013151982636,0.0 131.01322819078763,31.2201314548642,0.0 131.0132290745447,31.22013139084821,0.0 131.01322995716063,31.220131327773945,0.0 131.01323083863846,31.220131265637,0.0 131.0132317189813,31.220131204432946,0.0 131.01323259819225,31.22013114415742,0.0 131.01323347627422,31.220131084806017,0.0 131.0132343532304,31.220131026374425,0.0 131.01323522906353,31.22013096885826,0.0 131.0132361037767,31.22013091225323,0.0 131.0132369773727,31.220130856555,0.0 131.01323784985445,31.220130801759304,0.0 131.01323872122467,31.22013074786184,0.0 131.01323959148624,31.220130694858327,0.0 131.01324046064173,31.220130642744536,0.0 131.0132413286939,31.22013059151621,0.0 131.01324219564546,31.220130541169105,0.0 131.01324306149897,31.22013049169903,0.0 131.0132439262569,31.220130443101745,0.0 131.01324478992183,31.220130395373065,0.0 131.01324565249627,31.220130348508786,0.0 131.01324651398258,31.220130302504742,0.0 131.01324737438313,31.220130257356736,0.0 131.01324823370027,31.22013021306062,0.0 131.01324909193625,31.22013016961223,0.0 131.01324994909336,31.22013012700741,0.0 131.01325080517367,31.22013008524201,0.0 131.01325166017944,31.22013004431192,0.0 131.01325251411262,31.22013000421296,0.0 131.0132533669753,31.22012996494104,0.0 131.01325421876945,31.220129926492007,0.0 131.01325506949695,31.220129888861766,0.0 131.0132559191597,31.220129852046185,0.0 131.01325676775943,31.22012981604114,0.0 131.013257615298,31.220129780842555,0.0 131.013258461777,31.22012974644629,0.0 131.01325930719807,31.22012971284824,0.0 131.01326015156286,31.220129680044312,0.0 131.01326099487278,31.22012964803039,0.0 131.01326183712936,31.220129616802385,0.0 131.01326267833394,31.220129586356176,0.0 131.01326351848786,31.22012955668768,0.0 131.0132643575924,31.22012952779275,0.0 131.0132651956487,31.22012949966732,0.0 131.01326603265798,31.22012947230728,0.0 131.01326686862123,31.22012944570849,0.0 131.01326770353947,31.22012941986686,0.0 131.0132685374137,31.220129394778283,0.0 131.0132693702446,31.220129370438613,0.0 131.0132702020331,31.220129346843738,0.0 131.01327103277995,31.220129323989543,0.0 131.01327186248568,31.220129301871864,0.0 131.01327269115097,31.2201292804866,0.0 131.01327351877623,31.220129259829605,0.0 131.01327434536196,31.22012923989672,0.0 131.01327517090843,31.220129220683766,0.0 131.01327599541605,31.220129202186616,0.0 131.0132768188849,31.22012918440111,0.0 131.01327764131503,31.220129167323048,0.0 131.01327846270664,31.22012915094826,0.0 131.0132792830596,31.22012913527256,0.0 131.01328010237376,31.220129120291737,0.0 131.01328092064887,31.22012910600159,0.0 131.01328173788477,31.220129092397897,0.0 131.01328255408094,31.22012907947644,0.0 131.01328336923697,31.220129067232964,0.0 131.01328418335223,31.22012905566324,0.0 131.0132849964262,31.220129044763,0.0 131.01328580845797,31.22012903452797,0.0 131.0132866194468,31.22012902495389,0.0 131.0132874293917,31.220129016036456,0.0 131.01328823829175,31.220129007771355,0.0 131.0132890461457,31.220129000154262,0.0 131.0132898529523,31.220128993180847,0.0 131.01329065871033,31.220128986846778,0.0 131.01329146341828,31.22012898114768,0.0 131.01329226707463,31.22012897607918,0.0 131.0132930696777,31.22012897163689,0.0 131.01329387122578,31.220128967816404,0.0 131.01329467171695,31.22012896461329,0.0 131.01329547114935,31.22012896202312,0.0 131.0132962695207,31.220128960041425,0.0 131.01329706682895,31.220128958663743,0.0 131.01329786307164,31.220128957885564,0.0 131.0132986582464,31.22012895770237,0.0 131.0132994523506,31.220128958109647,0.0 131.01330024538143,31.220128959102823,0.0 131.01330103733622,31.220128960677343,0.0 131.01330182821184,31.2201289628286,0.0 131.01330261800524,31.22012896555196,0.0 131.0133034067131,31.2201289688428,0.0 131.01330419433208,31.22012897269644,0.0 131.01330498085855,31.220128977108192,0.0 131.0133057662888,31.220128982073337,0.0 131.01330655061895,31.22012898758712,0.0 131.01330733384495,31.22012899364478,0.0 131.01330811596264,31.220129000241503,0.0 131.01330889696754,31.22012900737248,0.0 131.01330967685513,31.2201290150328,0.0 131.01331045562068,31.22012902321759,0.0 131.0133112332592,31.22012903192192,0.0 131.0133120097656,31.220129041140808,0.0 131.01331278513445,31.220129050869268,0.0 131.01331355936017,31.220129061102234,0.0 131.01331433243695,31.2201290718346,0.0 131.01331510435887,31.220129083061263,0.0 131.0133158751195,31.220129094777047,0.0 131.01331664471235,31.220129106976703,0.0 131.0133174131307,31.220129119654967,0.0 131.01331818036735,31.22012913280651,0.0 131.01331894641498,31.220129146425943,0.0 131.01331971130907,31.22012916051756,0.0 131.01332047504098,31.22012917507572,0.0 131.01332123762128,31.220129190099108,0.0 131.01332199905738,31.22012920558572,0.0 131.0133227593566,31.22012922153354,0.0 131.01332351852628,31.220129237940565,0.0 131.0133242765736,31.22012925480478,0.0 131.0133250335058,31.220129272124183,0.0 131.01332578932997,31.220129289896768,0.0 131.01332654405323,31.22012930812052,0.0 131.01332729768268,31.22012932679343,0.0 131.01332805022523,31.22012934591348,0.0 131.0133288016878,31.22012936547865,0.0 131.01332955207727,31.22012938548695,0.0 131.01333030140043,31.22012940593636,0.0 131.01333104966412,31.220129426824872,0.0 131.01333179687495,31.22012944815045,0.0 131.0133325430396,31.220129469911114,0.0 131.01333328816463,31.220129492104835,0.0 131.0133340322566,31.2201295147296,0.0 131.0133347753219,31.220129537783382,0.0 131.01333551736707,31.220129561264176,0.0 131.01333625839834,31.22012958516997,0.0 131.01333699842203,31.220129609498752,0.0 131.01333773744437,31.220129634248497,0.0 131.0133384754715,31.220129659417186,0.0 131.01333921250955,31.22012968500281,0.0 131.0133399485646,31.22012971100336,0.0 131.01334068364253,31.220129737416794,0.0 131.0133414177493,31.220129764241108,0.0 131.0133417135495,31.22012977246001,0.0 131.013342186806,31.22012987819132,0.0 131.01334264455676,31.220129799180658,0.0 131.0133428945456,31.22012996946988,0.0 131.0133433533455,31.22012979863664,0.0 131.0133435639138,31.22012991178737,0.0</coordinates>
            </LineString>
        </Placemark>
    </Document>
</kml>
