<?xml version="1.0" encoding="UTF-8"?>
<kml xmlns="http://www.opengis.net/kml/2.2" xmlns:gx="http://www.google.com/kml/ext/2.2">
    <Document id="551">
        <Style id="554">
            <LineStyle id="555">
                <color>ff0000ff</color>
                <colorMode>normal</colorMode>
                <width>3</width>
            </LineStyle>
        </Style>
        <Style id="558">
            <LineStyle id="559">
                <color>ff00ff00</color>
                <colorMode>normal</colorMode>
                <width>3</width>
            </LineStyle>
        </Style>
        <Placemark id="553">
            <name>flight_path</name>
            <styleUrl>#554</styleUrl>
            <LineString id="552">
                <altitudeMode>relativeToGround</altitudeMode>
                <coordinates>131.010392,31.222216000000007,3.000000004412624 131.01039200000545,31.2222159999906,3.0000027264578115 131.01039200001028,31.222215999993875,3.000003012779584 131.01039200001028,31.222215999993875,3.000003012779584 131.0103920000103,31.222215999993875,3.000003012779584 131.0103920186648,31.22221599084417,3.0022578683165726 131.0103920748901,31.222215963420645,3.0148070948829484 131.01039215993478,31.22221592194644,3.034007106185365 131.010392249151,31.222215878416662,3.0533625227734102 131.010392395381,31.222215807126663,3.0872373379337144 131.01039249716985,31.22221575742821,3.108054756618066 131.01039266702276,31.22221567459415,3.1463955357590927 131.0103928374792,31.222215591440023,3.1839242398255614 131.01039302080284,31.222215502000264,3.223974375587493 131.01039322708232,31.222215401367297,3.2692888586088302 131.01039345272457,31.222215291288936,3.3188919014122904 131.01039369258763,31.22221517426644,3.371386619342709 131.01039395005884,31.222215048652007,3.4276944029464915 131.01039421644953,31.222214918672204,3.4854544955210374 131.01039450845172,31.22221477620725,3.5492041954075195 131.0103948069986,31.222214630532072,3.613762698551086 131.01039512776407,31.22221447402223,3.683390064561909 131.01039545946077,31.222214312168344,3.755020054475544 131.01039580637274,31.222214142886457,3.829817427166218 131.0103961752949,31.22221396287121,3.9096291894311377 131.01039655164234,31.222213779217327,3.990493875776049 131.01039694683445,31.222213586369925,4.075514149527917 131.01039735714872,31.222213386139742,4.163679749421614 131.01039778575063,31.22221317698696,4.255850937946337 131.01039822638555,31.22221296195409,4.350330148726012 131.0103986893425,31.22221273603605,4.449911131273628 131.01039915904306,31.22221250681097,4.550366250306302 131.01039964456635,31.22221226986224,4.6541599204829485 131.0104001456363,31.22221202532413,4.76121747643528 131.0104006630688,31.222211772799746,4.871760278464286 131.01040119449576,31.22221151344101,4.985146518681852 131.01040173375296,31.22221125024659,5.09970618818231 131.0104022910162,31.22221097826628,5.218196267981704 131.0104028640733,31.222210698576216,5.3400168125759615 131.010403448877,31.222210413145216,5.46407221098422 131.01040405025552,31.222210119624407,5.591668537551862 131.01040466068557,31.22220982167371,5.720771220823895 131.01040528477773,31.22220951705013,5.852626222659345 131.01040592505373,31.222209204526795,5.987913035433971 131.01040658160653,31.2222088840584,6.126654815184158 131.010407247809,31.222208558868967,6.267063794345923 131.0104079271538,31.222208227259305,6.410080946913928 131.01040862461,31.222207886811766,6.557041301871459 131.01040934016976,31.222207537530053,6.707938841696294 131.01041005778333,31.222207187222743,6.858461165663568 131.01041079218817,31.22220682871958,7.01256490295335 131.01041154438693,31.222206461532508,7.170512587686416 131.01041230918216,31.222206088190248,7.330908415474931 131.0104130807204,31.222205711540788,7.492187090976883 131.01041387233195,31.22220532509796,7.657906204415424 131.01041467658197,31.22220493247912,7.826075397300557 131.0104154908101,31.222204534978747,7.995984826367083 131.01041632131506,31.222204130567874,8.169310188692195 131.0104171629808,31.222203719623995,8.344408211536411 131.0104180179887,31.222203302622656,8.522134266780506 131.0104188949277,31.22220287483608,8.704628659307941 131.01041977747445,31.222202444285767,8.887592849478226 131.01042067359396,31.22220200709245,9.073128916523824 131.01042158758548,31.222201561158467,9.262358499457658 131.01042252140553,31.2222011055267,9.455784585294548 131.01042345239608,31.22220065124145,9.647464505960183 131.01042440084336,31.2222001884124,9.842714489122187 131.01042537585857,31.22219971259006,10.043898516278468 131.01042635531064,31.2221992345682,10.245232877418571 131.0104273424759,31.22219875274971,10.447578253437932 131.01042834985768,31.22219826102932,10.65418127945772 131.01042937401823,31.222197761081244,10.86413731775332 131.0104304057707,31.222197257390857,11.075061416227571 131.0104314482611,31.22219674842124,11.287769458417268 131.0104325093754,31.222196230316737,11.50429442263574 131.0104335894632,31.22219570290288,11.724716934276296 131.01043466905944,31.22219517569457,11.944017436193969 131.0104357698853,31.222194638070853,12.167790715777365 131.01043688304873,31.222194094376768,12.39373964333142 131.01043800724827,31.22219354524806,12.6215287768675 131.01043914015636,31.222192991822805,12.850560209157692 131.0104402955947,31.222192427334026,13.084368140432886 131.01044146193277,31.22219185747221,13.319970221862944 131.01044263186898,31.22219128581301,13.555504487689715 131.0104438229673,31.222190703753206,13.795448744286215 131.01044503120676,31.22219011325863,14.038768266750024 131.01044623894506,31.22218952297318,14.280975810772656 131.01044746499952,31.222188923675304,14.52685414094075 131.01044870674482,31.2221883166484,14.775727752211596 131.01044995781828,31.222187705010622,15.025981690355255 131.0104512191207,31.222187088319792,15.277844042000428 131.01045249552143,31.22218646418635,15.532542030305958 131.0104537858487,31.222185833183065,15.78977472285534 131.01045508159729,31.22218519948224,16.047397050155148 131.01045639528277,31.22218455694144,16.308558633924783 131.0104577242389,31.222183906866853,16.57258143459179 131.01045905704905,31.222183254862195,16.836598146078956 131.0104604113666,31.22218259225963,17.105034468943547 131.01046177536952,31.222181924862,17.37492193879949 131.010463142828,31.222181255729144,17.64470491851229 131.01046453237265,31.222180575709046,17.919033955539057 131.01046593306924,31.22217989017092,18.195172592807097 131.01046734378,31.22217919967355,18.472837410911225 131.0104687694988,31.222178501762247,18.75326781631636 131.01047020273134,31.22217780011916,19.034598829245496 131.0104716447446,31.2221770941214,19.31714484092916 131.0104731091468,31.2221763770786,19.604269568792454 131.01047457052832,31.22217566148132,19.889685137217302 131.0104760546633,31.222174934658,20.179757795049724 131.0104775518915,31.222174201356687,20.472093660123008 131.01047905164037,31.22217346677642,20.76409131099201 131.0104805642393,31.22217272583752,21.058290610963 131.01048210596997,31.22217197053112,21.358673545443462 131.01048364642887,31.2221712158102,21.657784467656768 131.01048518745887,31.222170460769263,21.956085824197643 131.01048676406376,31.22216968818936,22.262113111978973 131.01048833054676,31.22216892054873,22.564716723152 131.01048991363763,31.222168144698784,22.870410788063857 131.01049153501148,31.22216734997537,23.184436250758207 131.01049312531657,31.2221665704972,23.489981555661984 131.01049475374367,31.22216577222476,23.803802786831326 131.0104964025408,31.222164963890886,24.121577918660662 131.01049802627435,31.222164167848767,24.43236904478365 131.01049969865684,31.22216334783291,24.75390922496729 131.0105013629806,31.222162531742665,25.072557325201423 131.0105030296055,31.222161714481445,25.390814993808974 131.01050473845203,31.222160876409745,25.718204774775323 131.01050643085506,31.222160046389,26.040719748998534 131.0105081352452,31.22215921043268,26.36514703589372 131.0105098757871,31.22215835665432,26.697196875691247 131.01051159568337,31.22215751299367,27.02340744977704 131.01051334327053,31.222156655674294,27.355217046595083 131.01051510559867,31.222155791067188,27.689542896200045 131.01051685438708,31.22215493308172,28.0197421592905 131.0105186481846,31.222154052923905,28.359543715089625 131.0105204255119,31.222153180828982,28.69453708019414 131.0105222149331,31.222152302750057,29.031412520541004 131.0105240444284,31.22215140493148,29.376649414452835 131.01052584914953,31.222150519257333,29.71518393260287 131.01052767876308,31.22214962130952,30.058538528161368 131.0105295350396,31.22214871022064,30.40708109054854 131.0105313700711,31.222147809538928,30.749784578375884 131.01053324471764,31.222146889352697,31.100628482454283 131.01053511134197,31.22214597307494,31.44867623847331 131.010536984068,31.22214505376433,31.79717114939445 131.0105389015465,31.222144112433405,32.15487580319033 131.010540791948,31.22214318437174,32.50547930456223 131.01054270361428,31.2221422458306,32.85994752483333 131.01054465396547,31.22214128825821,33.22215725184083 131.01054656726976,31.222140348847315,33.575087346093724 131.0105485310613,31.22213938461294,33.938370561168306 131.01055049262345,31.222138421443315,34.300177947996005 131.01055244689297,31.22213746182208,34.65941183076869 131.0105544520526,31.222136477191103,35.02895892722119 131.01055643138906,31.22213550520505,35.39182393026373 131.0105584345972,31.22213452147358,35.75899365425944 131.01056046119547,31.222133526236966,36.13031771121511 131.01056246815065,31.22213254060877,36.49637755451133 131.01056451909736,31.222131533371616,36.871060587831 131.01056655705472,31.222130532478808,37.24193868188269 131.01056860168634,31.222129528284142,37.61330183872616 131.0105706880842,31.22212850358185,37.99269123565385 131.01057274983185,31.222127490940224,38.36579612533379 131.010574836367,31.222126466118794,38.743247713561374 131.01057694088232,31.222125432458256,39.12354793770776 131.01057903164417,31.22212440551363,39.49994292914718 131.01058117226864,31.222123354106127,39.88592336964968 131.0105832867048,31.222122315508585,40.26537591178589 131.01058542009196,31.22212126759953,40.64784879817213 131.01058759797797,31.222120197865287,41.03865041866184 131.01058973311743,31.22211914904981,41.419522950532574 131.0105919231477,31.222118073321106,41.81085186467973 131.01059409746935,31.222117005264973,42.197912434378445 131.01059628222453,31.222115932075447,42.586148689045686 131.0105985041159,31.222114840677,42.98103383278751 131.01060069935187,31.222113762310247,43.36944138919985 131.01060293916396,31.22211266209368,43.765981777301576 131.010605170668,31.222111565924337,44.15981389832584 131.01060740439598,31.222110468644377,44.55310720323868 131.01060968297426,31.222109349385686,44.95447662869984 131.01061192966205,31.222108245718896,45.34839435652346 131.01061422043514,31.22210712044957,45.75018795724206 131.0106165039716,31.222105998702727,46.14951038323592 131.01061879388772,31.222104873812448,46.54910738402955 131.01062112505164,31.22210372871172,46.95590551221965 131.01062342339,31.222102599658523,47.35516686712346 131.01062577412387,31.22210144493888,47.76379809688738 131.01062810394347,31.22210030043636,48.167275846370096 131.01063045153185,31.22209914721651,48.57324657083607 131.01063283158274,31.2220979780874,48.98455995402351 131.010635182542,31.22209682317787,49.38916468184996 131.01063758448714,31.222095643291752,49.80270121977241 131.01063996780422,31.222094472503727,50.21158627601847 131.01064236686565,31.222093293988703,50.622514787346944 131.0106448012347,31.2220920981695,51.039241127960224 131.0106472024962,31.22209091853714,51.44856193311784 131.01064965923683,31.22208971172405,51.86753671031918 131.01065209655158,31.22208851440032,52.28175320077481 131.01065454811408,31.22208731008009,52.69768298767608 131.0106570235546,31.22208609404676,53.11714313064642 131.01065947974593,31.22208488741772,53.5319185228865 131.01066198676912,31.22208365587412,53.95532425579532 131.01066446833556,31.22208243677512,54.372878671430975 131.01066697550547,31.22208120511406,54.79425833584057 131.01066949547683,31.222079967159207,55.21702514127456 131.01067200037568,31.22207873656505,55.63593889100781 131.010674564349,31.22207747700521,56.064919773557314 131.01067708685335,31.222076237739167,56.48510541102873 131.0106796534744,31.22207497683149,56.91252823251177 131.01068221561317,31.22207371809468,57.33808930716344 131.01068477607615,31.22207246015453,57.7623257907764 131.01068737929097,31.22207118123165,58.1934894223925 131.01068995177593,31.222069917347167,58.617932483823296 131.01069257091504,31.22206863056145,59.05000552517352 131.01069517366005,31.222067351786595,59.47802842972007 131.0106977885415,31.222066067032664,59.90728452615374 131.01070043109775,31.222064768675104,60.34062645817015 131.01070304778915,31.22206348297695,60.768199628378646 131.01070572119505,31.22206216942332,61.20518486963097 131.01070836405924,31.222060870825054,61.635554885237326 131.01071104316622,31.22205955441009,62.07156279990975 131.01071371406812,31.22205824199043,62.505063166818815 131.0107163863543,31.22205692886043,62.93781861930239 131.0107190927307,31.222055598959965,63.37579215176551 131.01072177370247,31.222054281500967,63.80813681450427 131.01072451151168,31.22205293609436,64.24982858743836 131.01072721865043,31.222051605717024,64.68494603884076 131.01072994982127,31.222050263500417,65.12343844475096 131.01073269648603,31.222048913634936,65.56374679082927 131.0107354216833,31.22204757428304,65.99917907661718 131.0107381910024,31.222046213210927,66.4416089014166 131.01074095344512,31.22204485548012,66.88180625707713 131.0107437038986,31.222043503606933,67.31885990869884 131.01074648172929,31.22204213823624,67.75987223750012 131.01074927746046,31.222040764023443,68.20312619155696 131.01075206300268,31.22203939478214,68.64356854207733 131.01075484963826,31.22203802496487,69.08323623655403 131.01075765823614,31.22203664430452,69.52587564472083 131.01076047145347,31.222035261330568,69.96837044489935 131.01076328367537,31.222033878805995,70.40971845693251 131.01076609932994,31.222032494551925,70.85071587402986 131.01076892848678,31.222031103611908,71.29316303013331 131.01077175986993,31.22202971153437,71.73504368116012 131.01077459304116,31.22202831853514,72.17628277117315 131.01077743206193,31.222026922614628,72.61760575927363 131.0107802759115,31.222025524274702,73.05883068392716 131.01078312239565,31.22202412459536,73.49956811368578 131.01078597172165,31.22202272347436,73.93985629281612 131.0107888269441,31.22202131940736,74.38023770537028 131.01079168685763,31.22201991298748,74.8204983245311 131.01079455079744,31.222018504542024,75.2605209125442 131.01079741648553,31.222017095192808,75.69990363992365 131.0108002838394,31.222015684980505,76.13863326329825 131.01080315940274,31.222014270681967,76.57786319746174 131.0108060355657,31.222012856045385,77.01625216603482 131.01080891652535,31.22201143900357,77.4545396176319 131.01081180076469,31.22201002030381,77.89245839168508 131.01081468981084,31.222008599193952,78.33027589935949 131.01081757936672,31.22200717779088,78.76723984537583 131.0108204735735,31.222005754054937,79.20407445232702 131.01082337179133,31.222004328301463,79.6406663413436 131.01082627121332,31.22200290191348,80.07652632276334 131.01082917590116,31.22200147289044,80.51236031614273 131.01083208582224,31.22200004124887,80.94816000175523 131.01083499470087,31.22199861008032,81.38283803833306 131.0108379094189,31.22199717599541,81.81758474490971 131.01084082605288,31.22199574092716,82.25172014793817 131.01084374500803,31.22199430467635,82.685313840017 131.01084666697577,31.221992866902955,83.11848335896364 131.01084959301068,31.221991427088103,83.55140744154154 131.01085252146373,31.221989986044488,83.98380189904438 131.01085545360172,31.22198854314877,84.41588166452257 131.01085838751743,31.22198709934069,84.84731999811292 131.01086132428318,31.22198565409281,85.27829798034986 131.0108642620831,31.22198420829973,85.70850604957779 131.01086720303803,31.22198276091789,86.13830151006304 131.01087014799967,31.221981311528648,86.56782470844276 131.01087309470236,31.221979861248,86.99669180953306 131.01087604394164,31.22197840968494,87.42503514785163 131.01087899561966,31.221976956888188,87.85283603095468 131.01088194669498,31.22197550435529,88.27958527882134 131.01088490168925,31.221974049861448,88.70603472328355 131.01088785670728,31.221972595324274,89.13153385685838 131.0108908164528,31.221971138429737,89.55686010078614 131.01089377594127,31.221969681631126,89.98118651747646 131.01089674061464,31.22196822225153,90.40540816063832 131.010899704907,31.22196676302986,90.828606933049 131.01090267061144,31.22196530308444,91.2510767445518 131.01090564014484,31.22196384122708,91.67320885918336 131.01090861114747,31.221962378619065,92.09461526157853 131.01091158195507,31.221960916079365,92.51502506610616 131.01091455720615,31.2219594513273,92.93518701112056 131.01091753283188,31.22195798636436,93.3544402208944 131.0109205117658,31.22195651974847,93.77325544827605 131.01092349148018,31.22195505272304,94.19122402120816 131.01092647201327,31.221953585269578,94.6083511981508 131.0109294544098,31.22195211687489,95.02480150860772 131.0109324387069,31.22195064752116,95.44057794430137 131.01093542398985,31.22194917765843,95.85553338460448 131.01093841056368,31.22194770713708,96.26971451054092 131.0109413973356,31.22194623649456,96.68294756665064 131.01094438753464,31.221944764144,97.09573752570698 131.01094737697653,31.221943292142345,97.50742639208708 131.01095036955294,31.22194181857704,97.91862106325844 131.0109533631108,31.22194034450656,98.3289830876512 131.01095635524808,31.221938871111565,98.73813974503052 131.0109593504896,31.221937396168432,99.14679023286745 131.01096234585833,31.221935921140407,99.55447203220837 131.0109653402793,31.22193444655584,99.96102012625046 131.01096833768793,31.22193297048084,100.36703672968385 131.01097133346323,31.221931495186336,100.77181311616076 131.01097433103527,31.221930018986725,101.17587256734626 131.01097733171633,31.221928541237084,101.57941133908342 131.01098033021216,31.22192706453925,101.98162597683762 131.01098332916067,31.221925587596804,102.38291681571492 131.01098632860734,31.22192411038728,102.78328920662992 131.01098933048164,31.22192263196233,103.18303140662876 131.0109923319226,31.22192115372792,103.58171328910944 131.01099533335247,31.22191967547645,103.9793987063656 131.0109983366518,31.221918196283408,104.37636709753332 131.01100133957212,31.22191671725378,104.77228312842792 131.01100434203133,31.22191523842784,105.16713534354362 131.01100734769147,31.22191375800508,105.56146434051084 131.01101035045997,31.221912278980422,105.95437068125352 131.01101335826095,31.22191079745788,106.34702084096044 131.01101636432008,31.22190931676773,106.73841838020957 131.01101937177103,31.221907835369024,107.12902383491604 131.01102237982397,31.22190635364976,107.51872108755732 131.01102538981618,31.22190487095195,107.90770462344692 131.01102840005802,31.221903388106227,108.2957285330071 131.01103141043987,31.221901905166177,108.6827777624586 131.0110344212627,31.22190042198344,109.06889624549451 131.01103743371036,31.22189893797526,109.45425464205304 131.01104044474127,31.22189745463756,109.83841542089972 131.01104345764392,31.221895970352143,110.221851985135 131.01104647056988,31.221894486027985,110.6042989949445 131.01104948352818,31.22189300166032,110.98575875080486 131.0110524965998,31.221891517208903,111.36624355018868 131.0110555122805,31.22189003144492,111.74610878507508 131.01105852557683,31.221888546825827,112.12464533840966 131.0110615411851,31.221887061039524,112.50252085467224 131.01106455875987,31.221885574255367,112.87968554146067 131.01106757575738,31.22188408772542,113.25578090515486 131.01107059373695,31.221882600681564,113.63102814481906 131.0110736127537,31.22188111309613,114.00543533326578 131.01107663338135,31.22187962468609,114.37908337943117 131.01107965133156,31.22187813756337,114.75137283779029 131.01108267069915,31.22187664971061,115.12287818017874 131.01108569082675,31.221875161451084,115.49350746130844 131.01108871047063,31.22187367339721,115.86308846073048 131.01109173248193,31.22187218414372,116.23201836259352 131.01109475251468,31.221870695831807,116.5996948639989 131.0110977719412,31.22186920778508,116.96631027437712 131.01110079570847,31.221867717564624,117.33254827726404 131.01110381961726,31.221866227239783,117.69782894870228 131.01110684179665,31.22186473773279,118.0618969475794 131.01110986615868,31.22186324711465,118.42529129593866 131.01111289110392,31.22186175617349,118.78779244344102 131.0111159170104,31.2218602647226,119.14945309379095 131.01111894406466,31.22185877266965,119.51029943079116 131.0111219719804,31.22185728015553,119.87029309811558 131.0111249988084,31.221855788141475,120.22916996140872 131.01112802625974,31.221854295783263,120.58716391859356 131.01113105410118,31.221852803195663,120.94424377871673 131.01113408087727,31.22185131109656,121.30021359766342 131.01113710776025,31.22184981890741,121.65523304431252 131.01114013987228,31.221848324100456,122.00999223340528 131.0111431680333,31.221846831205443,122.36325583609306 131.01114619722736,31.22184533776288,122.71569625580446 131.01114922833116,31.2218438433398,123.06743045785474 131.01115225877464,31.22184234920453,123.41811494863168 131.0111552892755,31.22184085500276,123.76784691101751 131.0111583183359,31.22183936147384,124.11642778419976 131.01116134828968,31.221837867465613,124.46416872949376 131.01116437962023,31.221836372739336,124.81113351391112 131.01116740872882,31.221834879071608,125.15684653330617 131.01117043865767,31.221833384960537,125.50171113221812 131.01117347079295,31.22183188972164,125.84590927364124 131.01117650326717,31.22183039427696,126.18919506827744 131.01117953333676,31.22182889998121,126.53121005512143 131.01118256360468,31.22182740554928,126.87229644257816 131.01118559631135,31.221825909874816,127.21274595378338 131.01118862950204,31.22182441392314,127.55230305229618 131.01119166233687,31.2218229181091,127.89085939705124 131.01119469457507,31.22182142255168,128.2283846524971 131.01119772803867,31.221819926351262,128.56511458660393 131.01120075916958,31.22181843126505,128.90059019026376 131.0112037931118,31.221816934752933,129.2354741084255 131.0112068268818,31.221815438288424,129.56938179690616 131.0112098618769,31.221813941181622,129.90249260037135 131.01121289568334,31.22181244462476,130.2344982709978 131.01121592834244,31.221810948597568,130.5654052347422 131.01121896287475,31.22180945160864,130.89559683277815 131.01122199829754,31.221807954143497,131.22494700328397 131.01122503594704,31.22180645554253,131.55362386791884 131.01122807166533,31.22180495785918,131.881103508231 131.0112311073621,31.22180346015064,132.20762725439516 131.01123414690755,31.22180196050616,132.5336781419769 131.0112371837677,31.22180046215234,132.85843876864047 131.0112402232658,31.221798962460905,133.1825733031749 131.01124326257485,31.221797462828107,133.5057288133673 131.01124629943988,31.221795964367534,133.8276272842323 131.0112493370029,31.221794465528063,134.14865712230343 131.0112523738218,31.221792967022104,134.46863961087095 131.0112554101356,31.221791468731823,134.78760414629372 131.0112584459471,31.22178997065617,135.1055508231434 131.01126148125914,31.221788472794067,135.42247972008155 131.0112645160745,31.221786975144344,135.7383909078121 131.0112675503962,31.221785477705826,136.05328445007467 131.0112705842273,31.22178398047732,136.36716039569347 131.0112736175709,31.22178248345753,136.68001879348623 131.01127665043015,31.22178098664524,136.9918596743732 131.01127968280832,31.2217794900391,137.30268306926877 131.0112827147086,31.2217779936378,137.6124889951646 131.01128574613443,31.221776497439965,137.92127747004113 131.01128877708905,31.221775001444232,138.22904849497436 131.01129180757587,31.2217735056492,138.53580207500983 131.01129483759834,31.22177201005344,138.84153820723543 131.01129786715984,31.22177051465556,139.14625688177475 131.01130089626386,31.221769019454094,139.44995808476867 131.01130392491385,31.221767524447603,139.75264179937068 131.01130695311326,31.22176602963461,140.0543080097204 131.01130998086555,31.22176453501369,140.35495668901856 131.01131300817423,31.22176304058336,140.65458781741657 131.01131603504265,31.221761546342147,140.95320136511918 131.01131906147424,31.2217600522886,141.2507973063009 131.01132208747242,31.22175855842126,141.5473756161236 131.0113251130406,31.221757064738664,141.84293626377797 131.01132813818217,31.221755571239367,142.13747922242436 131.01133116290032,31.221754077921943,142.4310044662101 131.01133418719837,31.22175258478495,142.72351197225723 131.0113372110796,31.22175109182699,143.01500171370537 131.01134023454708,31.22174959904666,143.30547367362664 131.01134325760404,31.22174810644257,143.59492783011612 131.01134628025352,31.221746614013377,143.8833641712017 131.01134930249856,31.221745121757724,144.17078268192236 131.01135232434203,31.22174362967429,144.45718335625503 131.0113553457869,31.221742137761776,144.74256619313962 131.01135836683602,31.22174064601893,145.02693119150888 131.01136138749203,31.22173915444447,145.3102783542634 131.01136440775772,31.221737663037185,145.59260770218847 131.01136742763555,31.221736171795893,145.8739192451279 131.01137044712823,31.221734680719408,146.1542130078276 131.01137346623807,31.221733189806606,146.43348902198352 131.0113764849675,31.22173169905638,146.71174732326045 131.01137950331875,31.22173020846767,146.9889879532784 131.01138252129408,31.221728718039408,147.2652109635897 131.01138553889558,31.2217272277706,147.54041641468515 131.01138855612524,31.22172573766027,147.814604367047 131.01139157298505,31.22172424770747,148.0877748960596 131.01139458947682,31.2217227579113,148.3599280830632 131.01139760560233,31.221721268270905,148.63106401237175 131.01140062136324,31.221719778785417,148.90118278518875 131.01140363676117,31.22171828945405,149.17028450767978 131.01140665179756,31.22171680027605,149.43836929295986 131.01140966647384,31.22171531125068,149.70543726208783 131.01141268079138,31.22171382237724,149.97148854704795 131.01141569475132,31.22171233365508,150.23652328876236 131.01141870835488,31.22171084508357,150.50054163311444 131.01142172160303,31.221709356662146,150.76354373790716 131.0114247344968,31.22170786839024,151.0255297698812 131.01142774703703,31.22170638026733,151.28649990372045 131.0114307592246,31.221704892292948,151.54645432602803 131.01143377106007,31.221703404466663,151.80539322240529 131.01143678254425,31.221701916788025,152.06331680031207 131.0114397936776,31.221700429256696,152.32022526819463 131.01144280446056,31.221698941872308,152.57611883945964 131.0114458148936,31.22169745463455,152.8309977473859 131.011448824977,31.22169596754316,153.08486222226136 131.01145183471104,31.221694480597865,153.33771250927506 131.01145484409588,31.22169299379845,153.58954885857813 131.01145785313165,31.22169150714474,153.8403715322404 131.01146086181836,31.221690020636565,154.09018079530514 131.011463870156,31.2216885342738,154.33897692374185 131.01146687814452,31.22168704805633,154.5867601974869 131.01146988578373,31.22168556198409,154.83353090839577 131.01147289307343,31.22168407605701,155.0792893542799 131.0114759000134,31.221682590275098,155.32403583691865 131.01147890660334,31.22168110463832,155.56777066901554 131.0114819128428,31.22167961914669,155.8104941652547 131.01148491873147,31.221678133800285,156.0522066472698 131.01148792426883,31.22167664859913,156.29290845159528 131.01149092945442,31.22167516354333,156.53259990382435 131.01149393428767,31.221673678633,156.771281353397 131.01149693876806,31.221672193868223,157.0089531398053 131.01149994289494,31.22167070924916,157.24561561843657 131.0115029466677,31.22166922477596,157.48126914168873 131.0115059500856,31.221667740448783,157.71591407189058 131.011508953148,31.221666256267813,157.9495507733517 131.01151195585416,31.221664772233243,158.18217961335426 131.01151495820335,31.221663288345297,158.41380096513808 131.01151796019482,31.22166180460416,158.64441520392123 131.01152096182776,31.22166032101008,158.87402271187304 131.01152396310135,31.221658837563275,159.10262386519045 131.01152696401485,31.221657354264007,159.33021905099625 131.0115299645674,31.22165587111252,159.55680865342393 131.01153296475815,31.22165438810905,159.7823930645508 131.0115359645864,31.221652905253887,160.00697266948887 131.01153896405114,31.221651422547268,160.23054786626406 131.0115419631517,31.22164993998947,160.4531190429545 131.01154496188715,31.221648457580766,160.67468659260177 131.0115479602567,31.221646975321416,160.8952509102267 131.01155095825956,31.22164549321169,161.11481239283128 131.01155395589487,31.221644011251858,161.3333714334341 131.0115569531619,31.22164252944219,161.55092842305865 131.0115599500598,31.221641047782946,161.76748375967836 131.01156294658784,31.22163956627438,161.98303783430208 131.01156594274528,31.22163808491676,162.19759103693775 131.01156893853135,31.221636603710344,162.41114375957306 131.01157193394536,31.221635122655364,162.6236963941897 131.0115749289866,31.221633641752057,162.8352493198402 131.01157792365444,31.221632161000656,163.0458029294859 131.0115809179482,31.2216306804014,163.25535760315887 131.0115839118673,31.22162919995449,163.46391371889754 131.01158690541106,31.22162771966015,163.67147165672014 131.01158989857905,31.22162623951858,163.87803178769337 131.01159289137064,31.221624759529952,164.08359448784657 131.01159588378536,31.22162327969445,164.28816011928652 131.01159887582273,31.22162180001225,164.49172905206555 131.01160186748234,31.221620320483503,164.69430164330768 131.01160485876375,31.22161884110834,164.8958782481423 131.0116078496667,31.221617361886903,165.09645921871032 131.01161084019074,31.22161588281932,165.2960449041645 131.01161383033565,31.221614403905694,165.49463564669324 131.01161682010112,31.221612925146093,165.6922317874839 131.011619809487,31.221611446540624,165.88883365678495 131.01162279849305,31.221609968089325,166.08444158384376 131.0116257871192,31.22160848979228,166.2790558939263 131.01162877536527,31.221607011649496,166.47267690433924 131.01163176323124,31.221605533661005,166.66530492542668 131.01163475071712,31.22160405582681,166.8569402685193 131.01163773782287,31.22160257814692,167.04758323202137 131.01164072454858,31.221601100621275,167.23723411432968 131.0116437108944,31.221599623249865,167.42589320389632 131.01164669686037,31.22159814603263,167.61356078419675 131.01164968244674,31.2215966689695,167.80023713571896 131.0116526676537,31.221595192060384,167.9859225290049 131.01165565248155,31.221593715305183,168.17061723160927 131.01165863693055,31.22159223870377,168.35432150114048 131.0116616210011,31.22159076225605,168.53703559321363 131.01166460469352,31.22158928596185,168.71875975349764 131.0116675880083,31.221587809821017,168.89949422666183 131.01167057094585,31.22158633383333,169.07923924941807 131.0116735535067,31.22158485799863,169.25799504753843 131.0116765356915,31.221583382316684,169.43576184778368 131.0116795175007,31.221581906787268,169.61253986498042 131.011682498935,31.22158043141015,169.7883293079866 131.01168547999504,31.221578956185063,169.9631303836655 131.01168846068143,31.221577481111737,170.13694328794173 131.0116914409951,31.22157600618989,170.309768213752 131.01169442093655,31.221574531419247,170.48160534309395 131.0116974005068,31.221573056799457,170.65245485696525 131.01170037970655,31.22157158233023,170.82231692741232 131.01170335853672,31.22157010801122,170.99119172051184 131.01170633699812,31.22156863384209,171.1590793973654 131.0117093150917,31.221567159822463,171.32598011211084 131.01171229281843,31.22156568595197,171.49189401192243 131.0117152701793,31.22156421223025,171.65682123701157 131.01171824717525,31.22156273865689,171.82076192658937 131.0117212238073,31.22156126523149,171.98371621290417 131.01172420007657,31.22155979195364,172.1456842172645 131.01172717598405,31.22155831882291,172.30666605799144 131.0117301515309,31.22155684583888,172.46666185141237 131.0117331267182,31.221555373001085,172.62567170291624 131.01173610154714,31.22155390030909,172.78369571788485 131.0117390760188,31.22155242776241,172.94073399175593 131.0117420501344,31.221550955360616,173.0967866189664 131.01174502389514,31.22154948310322,173.2518536859972 131.01174799730225,31.221548010989714,173.4059352753461 131.0117509703569,31.22154653901963,173.559031462549 131.01175394306034,31.221545067192466,173.71114232512235 131.01175691541383,31.22154359550772,173.86226792666287 131.0117598874187,31.22154212396488,174.01240833473616 131.01176285907616,31.22154065256344,174.1615636089512 131.0117658303875,31.22153918130288,174.30973380195317 131.0117688013541,31.221537710182645,174.45691896936268 131.01177177197712,31.221536239202266,174.6031191528804 131.01177474225798,31.221534768361163,174.74833440314586 131.01177771219798,31.22153329765881,174.8925647568771 131.01178068179843,31.221531827094697,175.0358102507872 131.0117836510607,31.22153035666826,175.1780709176065 131.01178661998608,31.221528886378948,175.3193467890664 131.0117895885759,31.22152741622624,175.459637891922 131.01179255683158,31.221525946209564,175.5989442489466 131.01179552475435,31.221524476328376,175.73726588290788 131.0117984923456,31.22152300658216,175.8746028106036 131.01180145960663,31.221521536970325,176.01095504882537 131.01180442653887,31.22152006749233,176.14632261237116 131.01180739314356,31.221518598147647,176.2807055140445 131.01181035942207,31.22151712893569,176.41410376067955 131.01181332537573,31.22151565985596,176.54651736109255 131.0118162910058,31.221514190907875,176.67794632111122 131.01181925631363,31.22151272209089,176.8083906425814 131.01182222130055,31.221511253404472,176.9378503293309 131.0118251859679,31.221509784848063,177.06632538518087 131.01182815031683,31.22150831642114,177.19381580599568 131.01183111434872,31.221506848123155,177.32032159260228 131.01183407806488,31.22150537995357,177.4458427448276 131.01183704146646,31.221503911911856,177.57037925652887 131.0118400045548,31.221502443997483,177.69393112354504 131.01184296733112,31.221500976209928,177.81649834170867 131.01184592979664,31.221499508548668,177.9380809078395 131.01184889195258,31.221498041013167,178.0586788187512 131.01185185380018,31.22149657360293,178.17829206329995 131.01185481534057,31.221495106317448,178.29692063828682 131.01185777657494,31.2214936391562,178.414564542494 131.0118607375045,31.22149217211869,178.53122376575223 131.01186369813036,31.221490705204427,178.64689830583745 131.01186665845367,31.2214892384129,178.76158815554876 131.01186961847552,31.221487771743643,178.87529331264912 131.01187257819703,31.22148630519616,178.98801377489522 131.01187553761935,31.221484838769985,179.09974953705455 131.01187849674344,31.22148337246464,179.21050059885843 131.01188145557043,31.22148190627965,179.32026695903815 131.01188441410136,31.22148044021457,179.429048616317 131.0118873723372,31.221478974268937,179.5368455733889 131.011890330279,31.22147750844229,179.64365783095255 131.01189328792776,31.221476042734214,179.74948539566375 131.0118962452844,31.22147457714424,179.85432826820866 131.01189920234987,31.22147311167196,179.95818645821157 131.01190215912516,31.221471646316942,180.06105997330235 131.01190511561117,31.22147018107876,180.16294881911665 131.01190807180876,31.221468715956995,180.26385301420453 131.01191102771887,31.22146725095125,180.36377256518207 131.0119139833423,31.22146578606112,180.462707489592 131.01191693868,31.22146432128621,180.5606578019884 131.0119198937327,31.22146285662613,180.65762352685863 131.01192284850123,31.22146139208049,180.7536046767552 131.01192580298644,31.22145992764892,180.8486012791334 131.01192875718905,31.221458463331057,180.9426133574664 131.0119317111098,31.221456999126502,181.03564094217725 131.01193466474953,31.22145553503493,181.1276840557317 131.01193761810887,31.22145407105598,181.2187427345032 131.01194057118855,31.22145260718929,181.3088170108832 131.0119435239893,31.22145114343453,181.3979069222256 131.01194647651175,31.221449679791373,181.48601250289616 131.01194942875657,31.221448216259468,181.57313379918065 131.0119523807244,31.22144675283849,181.6592708494067 131.01195533241588,31.221445289528127,181.7444237028284 131.01195828383163,31.22144382632808,181.8285924057114 131.0119612349722,31.22144236323801,181.9117770092845 131.01196418583822,31.221440900257644,181.99397756476904 131.0119671364302,31.221439437386664,182.07519412834904 131.01197008674876,31.221437974624788,182.15542676117312 131.01197303679433,31.22143651197172,182.2346755204049 131.0119759865675,31.22143504942717,182.3129404681728 131.01197893606883,31.221433586990887,182.39022167057283 131.01198188529867,31.22143212466259,182.46651919866545 131.01198483425767,31.22143066244199,182.54183312052024 131.0119877829461,31.22142920032885,182.61616350619005 131.0119907313646,31.22142773832288,182.68951043864104 131.01199367951352,31.221426276423845,182.7618739889049 131.0119966273933,31.221424814631487,182.8332542389408 131.01199957500427,31.22142335294557,182.90365127169449 131.012002522347,31.221421891365846,182.97306517308687 131.0120054694218,31.22142042989208,183.04149603101988 131.01200841622904,31.22141896852401,183.1089439353763 131.0120113627691,31.221417507261453,183.17540897404504 131.01201430904237,31.22141604610413,183.2408912458405 131.0120172550492,31.22141458505186,183.3053908436072 131.0120202007899,31.2214131241044,183.3689078681344 131.01202314626482,31.221411663261527,183.43144242119857 131.01202609147433,31.22141020252304,183.4929946075508 131.01202903641868,31.22140874188872,183.55356452497875 131.0120319810982,31.221407281358363,183.61315228815943 131.0120349255132,31.221405820931743,183.6717580028176 131.012037869664,31.22140436060869,183.72938178163 131.01204081355087,31.221402900388984,183.78602373328928 131.01204375717407,31.221401440272423,183.8416839784104 131.01204670053392,31.221399980258823,183.8963626286545 131.01204964363066,31.22139852034797,183.95005980661043 131.01205258646456,31.2213970605397,184.0027756259149 131.01205552903585,31.2213956008338,184.0545102151064 131.0120584713448,31.221394141230096,184.10526369079 131.0120614133917,31.2213926817284,184.15503618149123 131.01206435517673,31.22139122232852,184.20382781274708 131.01206729670017,31.22138976303027,184.2516387100883 131.01207023796226,31.22138830383349,184.2984690010261 131.0120731789632,31.22138684473797,184.34431881902967 131.01207611970324,31.221385385743574,184.38918829060395 131.0120790601826,31.221383926850088,184.4330775501981 131.0120820004015,31.22138246805736,184.4759867312616 131.01208494036015,31.2213810093652,184.51791596524887 131.0120878800588,31.22137955077344,184.5588653885776 131.01209081949764,31.22137809228192,184.59883513467773 131.01209375867688,31.221376633890458,184.6378253409482 131.01209669759675,31.221375175598883,184.6758361437872 131.01209963625746,31.22137371740704,184.7128676805804 131.01210257465922,31.221372259314748,184.7489200897016 131.0121055128022,31.22137080132184,184.7839935095172 131.01210845068667,31.22136934342816,184.81808807640013 131.01211138831275,31.221367885633537,184.85120392969867 131.01211432568073,31.221366427937816,184.8833412117359 131.01211726279078,31.221364970340822,184.91450005290207 131.0121201996431,31.2213635128424,184.94468060345903 131.0121231362379,31.221362055442388,184.9738829957724 131.01212607257537,31.221360598140624,185.002107369158 131.01212900865576,31.221359140936947,185.02935386193187 131.0121319444792,31.2213576838312,185.05562261538552 131.01213488004595,31.22135622682322,185.08091376484128 131.01213781535617,31.22135476991286,185.1052274485956 131.01214075041014,31.22135331309996,185.1285638009641 131.01214368520797,31.22135185638436,185.15092296420715 131.01214661974993,31.221350399765903,185.1723050696456 131.0121495540362,31.221348943244447,185.19271025455785 131.012152488067,31.221347486819823,185.21213865124648 131.01215542184252,31.221346030491897,185.230590392008 131.01215835536297,31.221344574260502,185.2480656121141 131.01216128862853,31.221343118125496,185.26456444285515 131.01216422163944,31.22134166208673,185.2800870125332 131.0121671543959,31.221340206144063,185.2946334514324 131.01217008689812,31.221338750297328,185.30820388784204 131.0121730191463,31.2213372945464,185.32079844507703 131.01217595114065,31.221335838891136,185.3324172524092 131.01217888288136,31.221334383331392,185.34306043214616 131.01218181436866,31.221332927867014,185.35272810559587 131.01218474560267,31.22133147249788,185.3614203910796 131.01218767658375,31.22133001722383,185.36913741188044 131.01219060731202,31.221328562044764,185.3758792823316 131.01219353778765,31.221327106960512,185.38164612371668 131.01219646801087,31.22132565197096,185.38643803942327 131.01219939798196,31.22132419707599,185.3902551487356 131.012202327701,31.221322742275447,185.3930975609926 131.01220525716826,31.221321287569232,185.39496538155188 131.01220818638393,31.221319832957207,185.3958587177522 131.01221111534818,31.22131837843926,185.39577767096333 131.01221404406124,31.22131692401525,185.39472234553125 131.01221697252328,31.22131546968509,185.39269284281323 131.0122199007345,31.22131401544867,185.38968925422247 131.0122228286951,31.22131256130585,185.3857116791173 131.01222575640523,31.22131110725656,185.38076020790385 131.01222868386512,31.22130965330068,185.37483492800223 131.01223161107495,31.221308199438088,185.36793593378297 131.01223453803485,31.22130674566873,185.3600633037086 131.012237464745,31.22130529199248,185.35121712716807 131.01224039120564,31.221303838409263,185.34139747565487 131.01224331741685,31.221302384918992,185.33060443755303 131.01224624337885,31.221300931521583,185.31883807838 131.01224916909177,31.221299478216967,185.30609847458072 131.01225209455575,31.22129802500505,185.2923856966312 131.01225501977095,31.221296571885787,185.2776998110253 131.0122579447375,31.221295118859096,185.26204088127025 131.01226086945564,31.22129366592493,185.24540896689035 131.01226379392534,31.221292213083224,185.2278041333689 131.01226671814683,31.22129076033393,185.2092264312734 131.01226964212017,31.221289307677,185.18967591713053 131.0122725658455,31.221287855112404,185.1691526365265 131.01227548932297,31.22128640264009,185.1476566429938 131.0122784125526,31.221284950260035,185.12518797813223 131.0122813355345,31.221283497972223,185.10174668850496 131.0122842582688,31.221282045776626,185.07733280576053 131.01228718075552,31.221280593673235,185.0519463734694 131.01229010299474,31.221279141662045,185.02558742128028 131.01229302498655,31.221277689743044,184.9982559828124 131.01229594673094,31.221276237916246,184.96995208472129 131.01229886822796,31.221274786181663,184.9406757516701 131.0123017894777,31.22127333453931,184.9104270083141 131.01230471048012,31.22127188298922,184.87920587135287 131.0123076312352,31.2212704315314,184.84701235946767 131.01231055174304,31.22126898016592,184.8138464873581 131.01231347200357,31.221267528892792,184.77970826375469 131.0123163920168,31.221266077712087,184.7445977003632 131.0123193117826,31.22126462662385,184.70851480391465 131.01232223130103,31.22126317562816,184.6714595741764 131.01232515057205,31.22126172472508,184.6334320138922 131.01232806959547,31.22126027391469,184.594432121824 131.0123309883714,31.22125882319708,184.55445989076367 131.01233390689953,31.22125737257236,184.51351531747432 131.0123368251799,31.221255922040605,184.47159838976668 131.01233974321232,31.22125447160193,184.4287090954456 131.01234266099672,31.22125302125647,184.38484742330496 131.01234557853292,31.22125157100433,184.340013353187 131.0123484958208,31.221250120845664,184.29420686492728 131.01235141286014,31.2212486707806,184.2474279403451 131.0123543296508,31.22124722080929,184.199676555288 131.01235724619255,31.221245770931887,184.1509526826176 131.01236016248518,31.22124432114855,184.1012562951885 131.01236307852847,31.221242871459463,184.0505873618748 131.01236599432227,31.221241421864807,183.9989458515436 131.01236890986618,31.22123997236478,183.9463317260992 131.01237182516005,31.22123852295955,183.8927449573784 131.01237474020348,31.221237073649355,183.83818550230427 131.01237765499627,31.221235624434392,183.7826533207748 131.01238056953807,31.221234175314883,183.7261483726824 131.0123834838286,31.22123272629107,183.66867061592544 131.01238639786743,31.221231277363163,183.61022000640816 131.0123893116543,31.221229828531445,183.5507964930717 131.01239222518876,31.22122837979614,183.49040003677817 131.01239513847042,31.221226931157528,183.42903058049288 131.01239805149893,31.22122548261588,183.36668808109005 131.0124009642739,31.221224034171463,183.30337248052857 131.01240387679482,31.221222585824574,183.2390837326892 131.01240678906123,31.22122113757549,183.1738217805122 131.01240970107276,31.221219689424547,183.10758657090847 131.01241261282888,31.221218241372025,183.04037804978816 131.01241552432907,31.221216793418247,182.97219615908 131.01241843557287,31.221215345563543,182.90304084468173 131.01242134655976,31.22121389780824,182.8329120475156 131.01242425728918,31.221212450152688,182.761809709492 131.01242716776056,31.221211002597222,182.68973377350764 131.0124300779734,31.22120955514221,182.6166841844424 131.01243298792707,31.221208107788005,182.542660878224 131.01243589762095,31.221206660534964,182.46766379971848 131.0124388070545,31.22120521338348,182.39169289179875 131.01244171622707,31.22120376633392,182.3147480913676 131.01244462513804,31.22120231938668,182.23682934526016 131.01244753378674,31.22120087254215,182.15793659136128 131.0124504421725,31.221199425800734,182.0780697735112 131.0124533502947,31.22119797916284,181.99722883554497 131.0124562581526,31.22119653262888,181.9154137193036 131.01245916574553,31.22119508619925,181.8326243715898 131.01246207307275,31.221193639874407,181.7488607352264 131.0124649801336,31.22119219365477,181.66412275899137 131.01246788692723,31.221190747540746,181.5784103866876 131.0124707934531,31.22118930153279,181.49172356708087 131.01247369971023,31.22118785563135,181.4040622499249 131.01247660569803,31.221186409836854,181.31542638794767 131.01247951141562,31.221184964149767,181.22581593287785 131.01248241686227,31.22118351857054,181.1352308354427 131.01248532203715,31.221182073099623,181.04367105332128 131.01248822693947,31.22118062773749,180.95113654319152 131.01249113156845,31.22117918248459,180.8576272657008 131.01249403592325,31.221177737341392,180.76314317850816 131.01249694000305,31.221176292308368,180.6676842462234 131.012499843807,31.22117484738598,180.57125043344968 131.0125027473343,31.22117340257472,180.47384170875927 131.01250565058407,31.22117195787504,180.3754580427064 131.0125085535555,31.22117051328743,180.27609940484297 131.01251145624775,31.22116906881236,180.1757657726673 131.01251435865993,31.22116762445031,180.0744571236708 131.01251726079113,31.22116618020176,179.97217343434332 131.01252016264056,31.221164736067166,179.86891469408985 131.01252306420733,31.221163292047034,179.76468088535097 131.01252596549057,31.22116184814184,179.6594719965247 131.0125288664894,31.221160404352016,179.55328802295853 131.012531767203,31.22115896067809,179.44612895999452 131.01253466763043,31.221157517120503,179.33799480296688 131.01253756777086,31.221156073679744,179.22888555913133 131.0125404676234,31.22115463035627,179.11880123275407 131.0125433671872,31.221153187150545,179.0077418320707 131.01254626646138,31.22115174406304,178.8957073732616 131.0125491654451,31.22115030109421,178.7826978705124 131.01255206413748,31.221148858244508,178.66871334595285 131.01255496253765,31.221147415514405,178.55375382568235 131.01255786064473,31.221145972904328,178.43781933579308 131.012560758458,31.22114453041473,178.3209099133038 131.01256365597646,31.22114308804604,178.20302559323846 131.0125665531994,31.221141645798703,178.08416641359642 131.0125694501259,31.22114020367316,177.9643324252904 131.01257234675523,31.2211387616698,177.84352367425757 131.0125752430865,31.22113731978905,177.72174021835477 131.01257813911897,31.221135878031337,177.59898211543248 131.0125810348518,31.22113443639705,177.47524942830404 131.0125839302842,31.22113299488659,177.35054222076943 131.01258682541547,31.22113155350033,177.22486057252524 131.01258972024476,31.22113011223868,177.09820455530897 131.01259261477136,31.22112867110197,176.97057425476697 131.0125955089945,31.2211272300906,176.84196975554508 131.01259840291357,31.22112578920492,176.71239114824536 131.01260129652775,31.22112434844525,176.58183853042047 131.0126041898363,31.22112290781196,176.45031200359273 131.01260708283874,31.22112146730536,176.3178116722582 131.01260997553425,31.221120026925767,176.18433764885935 131.01261286792217,31.22111858667349,176.04989004583013 131.01261576000192,31.22111714654884,175.91446898653217 131.01261865177287,31.221115706552084,175.77807459829492 131.01262154323445,31.221114266683507,175.64070700844215 131.01262443438603,31.22111282694337,175.50236635323589 131.01262732522707,31.221111387331945,175.36305277290683 131.01263021575707,31.221109947849456,175.22276641463665 131.01263310597542,31.22110850849613,175.0815074275881 131.01263599588168,31.221107069272207,174.93927596688133 131.01263888547533,31.22110563017788,174.7960721906108 131.0126417747559,31.22110419121335,174.65189626580997 131.012644663723,31.2211027523788,174.5067483595058 131.0126475523761,31.2211013136744,174.36062865064557 131.01265044071496,31.221099875100307,174.21353731618214 131.01265332873908,31.221098436656675,174.0654745400194 131.0126562164481,31.221096998343626,173.91644051599351 131.01265910384177,31.22109556016129,173.766435429983 131.01266199091967,31.221094122109783,173.61545948376275 131.0126648776816,31.22109268418919,173.46351288009458 131.0126677641272,31.221091246399588,173.3105958286918 131.01267065025627,31.221089808741056,173.15670853627907 131.01267353606866,31.221088371213657,173.0018512234899 131.01267642156404,31.221086933817432,172.84602410796887 131.0126793067423,31.22108549655241,172.68922741729443 131.01268219160326,31.221084059418605,172.53146137605603 131.01268507614685,31.221082622416024,172.372726221758 131.0126879603729,31.22108118554468,172.21302218891668 131.0126908442813,31.221079748804527,172.0523495219813 131.01269372787206,31.221078312195555,171.89070845843688 131.0126966111451,31.22107687571772,171.7280992546478 131.0126994941004,31.22107543937096,171.56452215802497 131.01270237673796,31.2210740031552,171.39997742690844 131.0127052590578,31.221072567070383,171.2344653166488 131.01270814106,31.221071131116407,171.0679860955119 131.0127110227446,31.221069695293178,170.90054002181836 131.0127139041117,31.221068259600568,170.7321273707783 131.0127167851614,31.221066824038484,170.56274841163437 131.01271966589383,31.221065388606767,170.3924034175968 131.0127225463092,31.221063953305286,170.2210926688277 131.01272542640757,31.221062518133888,170.04881644250233 131.0127283061892,31.221061083092405,169.875575021752 131.0127311856543,31.221059648180663,169.7013686936793 131.01273406480303,31.221058213398496,169.52619774040983 131.0127369436357,31.221056778745705,169.35006245300963 131.01273982215255,31.221055344222098,169.17296312353218 131.01274270035387,31.221053909827464,168.99490004203716 131.01274557823987,31.221052475561606,168.8158735035485 131.0127484558109,31.221051041424296,168.63588380407816 131.01275133306734,31.22104960741532,168.4549312406255 131.01275421000946,31.221048173534435,168.27301610919147 131.01275708663755,31.221046739781407,168.0901387097458 131.01275996295206,31.221045306156007,167.90629934523477 131.0127628389533,31.221043872657983,167.7214983106475 131.01276571464163,31.221042439287103,167.5357359109067 131.0127685900175,31.22104100604309,167.3490124459599 131.0127714650812,31.221039572925715,167.16132821773647 131.01277433983324,31.22103813993472,166.9726835291548 131.0127772142739,31.22103670706982,166.7830786781576 131.01278008840367,31.2210352743308,166.5925139686455 131.01278296222293,31.221033841717368,166.40098970053845 131.01278583573207,31.221032409229306,166.20850617375032 131.0127887089315,31.22103097686632,166.01506368818988 131.01279158182174,31.221029544628188,165.82066254276623 131.01279445440306,31.221028112514627,165.62530303439533 131.01279732667595,31.22102668052541,165.4289854570061 131.01280019864075,31.221025248660293,165.2317101084975 131.0128030702979,31.22102381691903,165.03347727881177 131.01280594164783,31.22102238530137,164.83428726484323 131.0128088126909,31.22102095380712,164.63414035056073 131.01281168342751,31.22101952243603,164.43303682390183 131.01281455385796,31.221018091187894,164.23097697280028 131.0128174239827,31.221016660062475,164.02796107524466 131.01282029380212,31.221015229059567,163.8239894122005 131.0128231633165,31.221013798179,163.61906226065204 131.01282603252622,31.22101236742056,163.41317989260827 131.0128289014316,31.221010936784065,163.20634258106818 131.0128317700329,31.22100950626937,162.99855058908503 131.01283463833047,31.22100807587632,162.78980418865277 131.01283750632456,31.22100664560476,162.58010363287522 131.01284037401538,31.221005215454543,162.36944918777283 131.0128432414032,31.22100378542558,162.15784110146913 131.0128461084882,31.22100235551777,161.94527962804716 131.0128489752706,31.22100092573101,161.73176501263853 131.0128518417505,31.22099949606523,161.51729749838245 131.01285470792803,31.220998066520387,161.3018773254316 131.01285757380333,31.22099663709644,161.08550472598083 131.01286043937645,31.220995207793354,160.86817993222078 131.01286330464745,31.220993778611145,160.64990317136767 131.01286616961636,31.220992349549817,160.43067465969835 131.0128690342831,31.22099092060941,160.2104946204431 131.0128718986477,31.22098949178996,159.98936326688698 131.01287476270997,31.22098806309157,159.76728080237115 131.0128776264699,31.220986634514308,159.54424743619535 131.01288048992728,31.22098520605829,159.32026336274498 131.01288335308192,31.22098377772368,159.0953287764003 131.0128862159336,31.220982349510606,158.869443869549 131.0128890784821,31.220980921419265,158.64260882363996 131.012891940727,31.220979493449835,158.41482382210475 131.0128948026681,31.220978065602576,158.18608903544984 131.01289766430492,31.22097663787769,157.9564046361626 131.0129005256371,31.22097521027549,157.72577078778153 131.0129033866641,31.220973782796257,157.4941876498635 131.0129062473855,31.220972355440296,157.26165538096632 131.0129091078007,31.22097092820796,157.02817412771543 131.01291196790916,31.220969501099617,156.79374403772547 131.01291482771015,31.22096807411564,156.5583652496602 131.01291768720316,31.22096664725646,156.32203790019025 131.0129205463873,31.220965220522498,156.08476212200523 131.01292340526192,31.22096379391424,155.84653803983892 131.0129262638262,31.220962367432136,155.60736577444274 131.0129291220792,31.22096094107673,155.3672454435821 131.0129319800202,31.22095951484853,155.12617716203516 131.01293483764812,31.220958088748127,154.8841610346354 131.01293769496206,31.220956662776064,154.64119716621067 131.01294055196098,31.220955236932955,154.39728565860193 131.01294340864382,31.22095381121945,154.15242660370623 131.01294626500948,31.220952385636178,153.90662009440788 131.0129491210568,31.220950960183814,153.65986621961116 131.01295197678462,31.220949534863045,153.41216506225072 131.01295483219167,31.220948109674616,153.16351670028672 131.01295768727678,31.22094668461924,152.91392121167303 131.01296054203857,31.22094525969768,152.66337867038308 131.01296339647567,31.22094383491071,152.411889144421 131.0129662505868,31.220942410259138,152.15945270178543 131.01296910437048,31.220940985743766,151.9060694104694 131.01297195782527,31.220939561365448,151.65173932156367 131.0129748109497,31.22093813712502,151.39646250205635 131.0129776637422,31.22093671302336,151.1402390060088 131.0129805162013,31.22093528906136,150.8830688835012 131.01298336832537,31.220933865239896,150.62495219355344 131.0129862201128,31.22093244155992,150.36588897828247 131.01298907156195,31.220931018022327,150.1058792937154 131.0129919226712,31.22092959462808,149.84492318394587 131.01299477343886,31.220928171378123,149.58302069405616 131.0129976238632,31.22092674827342,149.32017187111032 131.01300047394247,31.22092532531496,149.05637675421545 131.01300332367492,31.220923902503703,148.79163539638807 131.01300617305884,31.22092247984065,148.5259478327476 131.0130090220924,31.220921057326823,148.25931410635988 131.0130118707738,31.22091963496318,147.99173426724164 131.01301471910125,31.22091821275076,147.72320835447147 131.01301756707295,31.220916790690552,147.45373641507243 131.01302041468702,31.220915368783583,147.18331849009925 131.01302326194167,31.22091394703088,146.9119546295456 131.01302610883505,31.220912525433416,146.6396448804173 131.01302895536531,31.220911103992247,146.36638929070887 131.01303180153067,31.22090968270836,146.0921879123837 131.01303464732925,31.22090826158276,145.81704079839415 131.01303749275917,31.22090684061644,145.54094800466774 131.01304033781872,31.220905419810407,145.26390959010848 131.01304318250604,31.220903999165635,144.98592561261984 131.01304602681932,31.220902578683106,144.7069961350693 131.0130488707568,31.22090115836378,144.427121230258 131.0130517143167,31.22089973820861,144.14630096302923 131.01305455749727,31.22089831821856,143.86453540915403 131.0130574002968,31.22089689839452,143.5818246443963 131.01306024271355,31.220895478737408,143.29816875445485 131.0130630847459,31.220894059248128,143.01356782303398 131.0130659263922,31.220892639927552,142.7280219427772 131.01306876765076,31.22089122077652,142.44153120731613 131.01307160852008,31.22088980179589,142.15409572121004 131.01307444899862,31.22088838298647,141.86571558304783 131.01307728908475,31.22088696434905,141.57639090831051 131.01308012877715,31.220885545884368,141.28612181644783 131.0130829680743,31.2208841275932,140.99490842292812 131.01308580697483,31.22088270947624,140.702750861105 131.01308864547747,31.220881291534173,140.40964926333163 131.0130914835809,31.220879873767668,140.11560376791957 131.0130943212838,31.220878456177346,139.8206145251012 131.013097158001,31.220877039056063,139.52475137957043 131.01309999374703,31.2208756223966,139.22801310019878 131.01310282827427,31.22087420632284,138.9304297311382 131.01310566137718,31.22087279093761,138.63202650028796 131.01310849285036,31.22087137634376,138.33282882245888 131.01311132248833,31.220869962644084,138.03286227949525 131.01311415008587,31.220868549941283,137.73215260835002 131.01311697543812,31.22086713833788,137.4307256971102 131.01311979834054,31.22086572793621,137.12860756412704 131.0131226185891,31.22086431883839,136.82582434012454 131.01312543598053,31.220862911146163,136.52240227019084 131.01312825031204,31.220861504960947,136.21836769787632 131.01313106138184,31.220860100383767,135.91374703438143 131.01313386898897,31.22085869751516,135.6085667694935 131.01313667293354,31.22085729645516,135.3028534437558 131.0131394730167,31.220855897303256,134.9966336405193 131.01314226904097,31.220854500158303,134.689933970038 131.01314506081,31.220853105118536,134.382781059534 131.0131478481289,31.22085171228145,134.0752015422627 131.0131506308044,31.22085032174384,133.76722203067757 131.01315340864463,31.220848933601644,133.4588691223965 131.01315618145946,31.22084754795001,133.1501693723702 131.01315894906062,31.220846164883216,132.84114928890855 131.0131617112616,31.220844784494552,132.53183531280706 131.01316446787777,31.220843406876405,132.22225381436812 131.01316721872666,31.220842032120142,131.91243107053833 131.01316996362772,31.220840660316075,131.60239326292256 131.01317270240267,31.220839291553453,131.29216645392907 131.0131754348755,31.2208379259204,130.9817765827946 131.01317816087237,31.22083656350387,130.67124944769316 131.0131808802219,31.22083520438965,130.36061070871898 131.01318359275524,31.22083384866233,130.04988585011512 131.01318629830584,31.220832496405208,129.7391001951842 131.01318899670983,31.220831147700338,129.42827887646945 131.01319168780603,31.22082980262844,129.1174468327726 131.0131943714358,31.22082846126892,128.80662880418487 131.01319704744324,31.2208271236998,128.4958493072368 131.0131997156753,31.22082578999776,128.18513263788083 131.0132023759817,31.220824460238017,127.87450285558782 131.01320502821514,31.22082313449442,127.563983773406 131.01320767223095,31.220821812839315,127.2535989529926 131.01321030788768,31.22082049534362,126.94337168970226 131.01321293504668,31.220819182076767,126.63332500861232 131.01321555357245,31.220817873106647,126.3234816605452 131.01321816333237,31.22081656849969,126.01386409721928 131.013220764197,31.22081526832076,125.70449448516362 131.0132233560399,31.22081397263324,125.39539468385038 131.01322593873775,31.220812681498863,125.08658624469952 131.0132285121705,31.220811394977925,124.77809040412072 131.013231076221,31.22081011312906,124.46992807655488 131.0132336307754,31.22080883600937,124.16211984353866 131.01323617572297,31.220807563674423,123.85468595867476 131.0132387109561,31.22080629617812,123.54764633967793 131.01324123637048,31.220805033572866,123.24102055048328 131.0132437518648,31.22080377590941,122.9348278201302 131.0132462573411,31.22080252323696,122.62908701791252 131.01324875270447,31.22080127560312,122.32381665834636 131.01325123786324,31.22080003305396,122.01903489918188 131.0132537127288,31.22079879563392,121.7147595394138 131.0132561772158,31.2207975633859,121.411008005364 131.01325863124197,31.220796336351217,121.10779736360288 131.01326107472815,31.22079511456964,120.8051443080254 131.01326350759842,31.220793898079368,120.50306516482082 131.01326592977975,31.22079268691708,120.20157588551209 131.01326834120235,31.22079148111789,119.90069205291914 131.0132707417994,31.22079028071543,119.60042887022402 131.0132731315072,31.22078908574178,119.30080117090856 131.01327551026492,31.22078789622753,119.00182341278952 131.01327787801483,31.2207867122018,118.70350968000515 131.0132802347021,31.220785533692183,118.40587368201896 131.0132825802749,31.220784360724867,118.10892875560732 131.01328491468416,31.220783193324586,117.81268786585149 131.0132872378838,31.2207820315146,117.51716360414784 131.01328954983055,31.2207808753168,117.22236819715296 131.0132918504839,31.220779724751623,116.92831349882913 131.01329413980622,31.2207785798382,116.63501100137844 131.01329641776235,31.22077744059424,116.342471831263 131.01329868432015,31.22077630703612,116.05070675318176 131.01330093944995,31.220775179178897,115.75972617603092 131.0133031831247,31.220774057036312,115.46954014793415 131.01330541532,31.22077294062081,115.18015836419174 131.01330763601393,31.2207718299436,114.89159017324384 131.01330984518708,31.220770725014585,114.60384457766258 131.01331204282255,31.220769625842493,114.31693023514512 131.0133142289058,31.22076853243482,114.03085546149272 131.0133164034247,31.220767444797872,113.7456282365752 131.01331856636943,31.220766362936768,113.46125621426786 131.01332071773243,31.220765286855528,113.17774671151751 131.0133228575085,31.22076421655701,112.89510673120132 131.0133249856945,31.220763152043016,112.61334295119272 131.0133271022895,31.2207620933142,112.3324617342994 131.0133292072948,31.22076104037022,112.05246912925604 131.01333130071356,31.22075999320964,111.7733708876212 131.01333338255117,31.22075895183001,111.49517244389584 131.01333545281497,31.220757916227942,111.21787894136592 131.01333751151415,31.22075688639901,110.9414952380648 131.01333955865985,31.22075586233788,110.66602589186232 131.01334159426509,31.22075484403827,110.39147518829516 131.01334361834466,31.220753831493,110.11784713360822 131.01334563091513,31.220752824694014,109.84514545872864 131.01334763231864,31.22075182346987,109.57332042160056 131.01334962255189,31.22075082782252,109.3023786961212 131.0133516017617,31.220749837678497,109.03230232136184 131.0133535700675,31.220748852978183,108.76307772758209 131.01335552758655,31.22074787366289,108.49469156565912 131.0133574744343,31.22074689967499,108.22713072895708 131.01335941072412,31.220745930957825,107.96038233742262 131.01336133656736,31.220744967455747,107.69443375150352 131.01336325207356,31.22074400911403,107.42927254431656 131.01336515735036,31.22074305587888,107.16488651854812 131.0133670525036,31.220742107697426,106.9012636845858 131.01336893763727,31.22074116451768,106.63839226648484 131.0133708128537,31.220740226288527,106.37626069202835 131.0133726782535,31.22073929295972,106.11485758875234 131.01337453393552,31.220738364481807,105.8541717869292 131.0133763799971,31.22073744080619,105.59419230167605 131.01337821653405,31.22073652188504,105.3349083369322 131.01338004364038,31.220735607671305,105.07630928744798 131.01338186140885,31.220734698118694,104.81838472089296 131.0133836699305,31.220733793181687,104.56112438779807 131.01338546929503,31.220732892815462,104.30451821062088 131.0133872595908,31.22073199697593,104.04855626983148 131.01338904090454,31.220731105619706,103.7932288357215 131.01339081332185,31.220730218704027,103.53852631572154 131.0133925769268,31.220729336186874,103.28443929416356 131.01339433180237,31.22072845802684,103.03095850345412 131.01339607802993,31.220727584183177,102.7780748290458 131.01339781568998,31.22072671461576,102.5257793104324 131.0133995448615,31.220725849285067,102.27406313419053 131.01340126562246,31.220724988152195,102.02291762006465 131.01340297804947,31.22072413117879,101.77233424482436 131.01340468221815,31.22072327832712,101.52230461144984 131.0134063782029,31.22072242956,101.27282046801972 131.013408066077,31.2207215848408,101.02387368981827 131.01340974591267,31.220720744133416,100.77545628132545 131.0134114177812,31.22071990740232,100.52756037919788 131.01341308175256,31.22071907461244,100.28017824133713 131.01341473789597,31.22071824572924,100.03330225782284 131.0134163862795,31.22071742071872,99.78692492904564 131.0134180269702,31.22071659954732,99.54103887962368 131.0134196600343,31.220715782181987,99.29563685045191 131.01342128553696,31.22071496859012,99.05071169571885 131.01342290354256,31.2207141587396,98.80625637893232 131.0134245141145,31.220713352598715,98.5622639808722 131.0134261173152,31.22071255013625,98.31872768070296 131.01342771320634,31.22071175132143,98.0756407758568 131.0134293018487,31.22071095612385,97.83299665718168 131.01343088330222,31.22071016451356,97.59078882186516 131.013432457626,31.220709376461,97.3490108674698 131.01343402487842,31.22070859193704,97.10765648994656 131.01343558511695,31.22070781091289,96.8667194846288 131.0134371383984,31.220707033360235,96.6261937392741 131.01343868477866,31.220706259251056,96.38607323505911 131.0134402243131,31.22070548855776,96.1463520455864 131.0134417570561,31.22070472125309,95.90702433191336 131.01344328306163,31.22070395731013,95.66808435150053 131.01344480238265,31.22070319670237,95.42952644031752 131.0134463150716,31.220702439403617,95.19134502775604 131.0134478211802,31.220701685388,94.95353461972984 131.0134493207595,31.22070093463,94.716089808616 131.01345081385992,31.220700187104423,94.47900526828587 131.0134523005312,31.22069944278639,94.24227575012809 131.01345378082252,31.22069870165133,94.0058960919959 131.01345525478234,31.220697963675,93.76986119534448 131.01345672245856,31.22069722883346,93.53416605008272 131.0134581838985,31.220696497103035,93.29880571469144 131.01345963914892,31.220695768460384,93.06377532020124 131.01346108825587,31.22069504288241,92.82907007516224 131.01346253126508,31.22069432034636,92.59468525371656 131.01346396822143,31.22069360082968,92.36061620255572 131.01346539916952,31.220692884310143,92.1268583369459 131.01346682415317,31.220692170765776,91.89340713774578 131.01346824321587,31.22069146017488,91.66025815339452 131.01346965640053,31.22069075251597,91.4274069969306 131.01347106374956,31.220690047767864,91.19484934996731 131.01347246530477,31.22068934590961,90.96258095076524 131.01347386110763,31.220688646920493,90.73059760616104 131.01347525119908,31.220687950780054,90.49889517963848 131.01347663561953,31.22068725746806,90.26746959530595 131.01347801440895,31.22068656696452,90.03631683690136 131.0134793876069,31.220685879249626,89.80543295077574 131.0134807552525,31.220685194303872,89.57481403396382 131.01348211738423,31.220684512107933,89.3444562451198 131.01348347404047,31.220683832642685,89.11435579656435 131.01348482525893,31.22068315588924,88.88450895329134 131.01348617107692,31.220682481828906,88.65491203992607 131.0134875115314,31.2206818104432,88.4255614258148 131.01348884665893,31.220681141713847,88.19645354092992 131.01349017649562,31.220680475622803,87.96758486195341 131.0134915010772,31.22067981215215,87.73895191724691 131.01349282043904,31.2206791512842,87.51055128585838 131.01349413461617,31.220678493001465,87.28237959354595 131.0134954436431,31.220677837286622,87.05443351377187 131.01349674755414,31.22067718412257,86.82670977366749 131.0134980463831,31.22067653349234,86.59920514011601 131.01349934016352,31.22067588537916,86.3719164336704 131.0135006289286,31.220675239766447,86.14484050966522 131.01350191271112,31.22067459663775,85.91797427909346 131.01350319154355,31.220673955976835,85.69131468971865 131.01350446545814,31.220673317767623,85.46485873601564 131.0135057344866,31.220672681994174,85.23860345420054 131.0135069986605,31.22067204864073,85.0125459232257 131.01350825801097,31.220671417691705,84.78668326179648 131.0135095125689,31.220670789131614,84.56101263234846 131.0135107623649,31.220670162945176,84.33553123508275 131.0135120074291,31.22066953911728,84.11023630995507 131.01351324779162,31.220668917632896,83.88512513866291 131.013514483482,31.220668298477207,83.6601950386822 131.01351571452966,31.22066768163548,83.43544336326659 131.0135169409637,31.22066706709318,83.21086750840736 131.01351816281294,31.220666454835875,82.98646490686755 131.0135193801059,31.220665844849297,82.76223302122511 131.0135205928708,31.220665237119288,82.53816935480661 131.01352180113568,31.22066463163185,82.3142714447299 131.0135230049283,31.220664028373108,82.09053686289734 131.01352420427608,31.22066342732929,81.86696321500251 131.0135253992062,31.2206628284868,81.64354814351249 131.0135265897457,31.220662231832133,81.42028931872099 131.01352777592126,31.220661637351927,81.19718444868967 131.01352895775935,31.22066104503292,80.97423127129521 131.01353013528615,31.220660454862006,80.75142755423003 131.01353130852775,31.22065986682616,80.52877109897777 131.01353247750984,31.220659280912496,80.30625973982026 131.01353364225793,31.220658697108256,80.0838913358847 131.01353480279732,31.220658115400777,79.86166378108433 131.0135359591531,31.2206575357775,79.63957499616627 131.0135371113501,31.22065695822599,79.41762293467558 131.01353825941297,31.22065638273392,79.19580557202129 131.0135394033661,31.22065580928909,78.97412091939286 131.01354054323372,31.220655237879363,78.75256701381974 131.01354167903983,31.22065466849276,78.5311419141957 131.01354281080816,31.22065410111734,78.30984371221248 131.01354393856235,31.22065353574132,78.08867052739122 131.01354506232576,31.220652972353008,77.86762050012241 131.01354618212156,31.220652410940783,77.6466918016079 131.01354729797276,31.22065185149316,77.42588262491381 131.01354840990214,31.220651293998703,77.20519119192873 131.01354951793235,31.22065073844613,76.98461574640666 131.01355062208577,31.22065018482421,76.7641545599299 131.0135517223846,31.220649633121823,76.54380592097526 131.0135528188509,31.220649083327928,76.32356815081906 131.0135539115066,31.2206485354316,76.10343959160879 131.01355500037337,31.22064798942196,75.8834186043743 131.01355608547274,31.220647445288247,75.66350357797484 131.013557166826,31.22064690301981,75.4436929171705 131.01355824445432,31.220646362606026,75.22398506051539 131.01355931837873,31.220645824036417,75.00437845749401 131.0135603886201,31.22064528730053,74.78487158343238 131.01356145519907,31.22064475238805,74.56546293254004 131.01356251813607,31.220644219288705,74.3461510268559 131.01356357745155,31.220643687992325,74.12693440034413 131.01356463316563,31.220643158488805,73.90781161181641 131.0135656852984,31.22064263076813,73.68878124095622 131.0135667338697,31.220642104820364,73.46984188434243 131.0135677788993,31.22064158063564,73.25099216041941 131.01356882040665,31.22064105820416,73.03223070651553 131.01356985841127,31.220640537516232,72.81355617784854 131.0135708929324,31.220640018562207,72.59496724852016 131.0135719239892,31.220639501332528,72.37646261350393 131.01357295160062,31.220638985817697,72.158040981687 131.01357397578545,31.220638472008297,71.93970108581081 131.01357499656245,31.220637959895,71.72144166756004 131.01357601395017,31.220637449468487,71.50326149545603 131.01357702796705,31.220636940719576,71.28515935193406 131.01357803863135,31.22063643363913,71.06713403234893 131.01357904596117,31.220635928218066,70.84918435491595 131.0135800499746,31.220635424447384,70.6313091497763 131.01358105068945,31.220634922318155,70.41350726496138 131.0135820481235,31.220634421821497,70.19577756639306 131.01358304229444,31.220633922948608,69.97811893191896 131.01358403321967,31.220633425690743,69.76053025827115 131.0135850209166,31.220632930039223,69.54301045709008 131.0135860054024,31.220632435985447,69.32555845492449 131.01358698669432,31.220631943520846,69.10817319223725 131.01358796480926,31.22063145263693,68.8908536224117 131.0135889397641,31.220630963325284,68.67359871970378 131.01358991157562,31.22063047557752,68.45640746930177 131.01359088026044,31.22062998938536,68.2392788653381 131.01359184583507,31.220629504740515,68.02221192778845 131.0135928083159,31.220629021634824,67.80520567762 131.01359376771924,31.22062854006015,67.58825915866157 131.01359472406125,31.22062806000841,67.37137142169753 131.01359567735796,31.2206275814716,67.15454153540357 131.01359662762536,31.220627104441736,66.9377685793878 131.0135975748792,31.22062662891096,66.72105164617889 131.0135985191353,31.22062615487137,66.50438984222049 131.01359946040918,31.220625682315216,66.28778228687682 131.01360039871642,31.220625211234747,66.07122810448017 131.0136013340724,31.22062474162225,65.85472644421299 131.01360226649234,31.220624273470136,65.63827645525494 131.0136031959915,31.220623806770806,65.4218773076599 131.0136041225849,31.220623341516752,65.2055281774437 131.01360504628758,31.220622877700485,64.98922825453734 131.0136059671144,31.220622415314576,64.77297673682233 131.0136068850801,31.220621954351703,64.55677284106584 131.01360780019928,31.2206214948045,64.34061578800933 131.01360871248667,31.22062103666572,64.12450480833292 131.01360962195665,31.220620579928138,63.9084391496146 131.0136105286236,31.2206201245846,63.69241806837688 131.01361143250176,31.22061967062797,63.476440826111045 131.01361233360538,31.2206192180512,63.26050670219973 131.01361323194843,31.22061876684725,63.04461497701813 131.01361412754508,31.220618317009155,62.828764953803535 131.01361502040905,31.22061786853,62.612955932809086 131.0136159105542,31.22061742140292,62.397187231185775 131.0136167979942,31.22061697562104,62.18145817502944 131.01361768274273,31.220616531177605,61.96576809639898 131.01361856481324,31.220616088065874,61.75011634027469 131.0136194442192,31.220615646279164,61.53450226058197 131.01362032097387,31.220615205810823,61.31892521820309 131.01362119509062,31.22061476665425,61.10338458296591 131.01362206658257,31.22061432880289,60.88787973861341 131.0136229354627,31.22061389225024,60.67241007087555 131.0136238017441,31.22061345698984,60.45697497740992 131.0136246654396,31.22061302301524,60.241573862830734 131.01362552656207,31.22061259032008,60.026206144674646 131.01362638512416,31.220612158898017,59.810871240476125 131.01362724113855,31.22061172874278,59.59556858367404 131.0136280946178,31.22061129984809,59.38029761068808 131.0136289455743,31.22061087220777,59.165057768871385 131.01362979402057,31.220610445815645,58.94984851154041 131.01363063996882,31.22061002066559,58.734669301951264 131.01363148343123,31.22060959675152,58.51951960932296 131.01363232442003,31.2206091740674,58.30439890784404 131.01363316294723,31.22060875260723,58.089306684624624 131.0136339990248,31.22060833236506,57.8742424287619 131.01363483266468,31.22060791333497,57.659205640286864 131.01363566387863,31.220607495511064,57.444195825193766 131.01363649267836,31.220607078887525,57.22921249444625 131.01363731907557,31.220606663458565,57.014255168947386 131.01363814308186,31.2206062492184,56.799323374569816 131.01363896470866,31.22060583616133,56.58441664414366 131.0136397839675,31.22060542428165,56.3695345174564 131.0136406008696,31.22060501357377,56.154676543241536 131.0136414154263,31.220604604032047,55.93984227023108 131.01364222764877,31.220604195650928,55.725031259085405 131.01364303754815,31.22060378842488,55.51024307444 131.01364384513545,31.22060338234844,55.29547728888228 131.01364465042164,31.22060297741612,55.08073347698648 131.0136454534176,31.22060257362253,54.86601122823775 131.01364625413424,31.220602170962287,54.65131012317279 131.0136470525822,31.220601769430047,54.43662976718018 131.0136478487722,31.220601369020525,54.22196975172992 131.01364864271483,31.22060096972844,54.00732968916727 131.01364943442064,31.220600571548548,53.79270919084215 131.01365022390004,31.22060017447568,53.57810787406855 131.01365101116343,31.220599778504663,53.36352536212384 131.01365179622118,31.22059938363037,53.148961283255 131.01365257908353,31.22059898984772,52.93441527366095 131.01365335976055,31.22059859715167,52.71988696953989 131.01365413826244,31.220598205537183,52.5053760160357 131.0136549145992,31.22059781499928,52.29088206226816 131.01365568878083,31.22059742553301,52.0764047643148 131.01365646081723,31.22059703713347,51.86194378322256 131.01365723071817,31.220596649795777,51.64749878003811 131.0136579984935,31.22059626351505,51.433069424753725 131.01365876415284,31.220595878286527,51.21865539034348 131.01365952770587,31.2205954941054,51.00425636071575 131.01366028916215,31.220595110966915,50.78987201182515 131.01366104853116,31.22059472886636,50.575502036525485 131.01366180582235,31.220594347799054,50.36114612568153 131.01366256104507,31.22059396776037,50.14680397612205 131.01366331420863,31.22059358874566,49.932475290639566 131.01366406532233,31.220593210750348,49.71815977302007 131.01366481439524,31.22059283376989,49.503857133013405 131.01366556143657,31.220592457799768,49.2895670863336 131.0136663064553,31.220592082835463,49.07528935068177 131.0136670494604,31.22059170887256,48.86102364972341 131.01366779046083,31.2205913359066,48.64676970612912 131.0136685294655,31.2205909639332,48.43252725549217 131.0136692664831,31.22059059294797,48.218296031417104 131.01367000152248,31.22059022294661,48.004075767507565 131.01367073459227,31.220589853924817,47.7898662102903 131.0136714657011,31.22058948587829,47.575667105297285 131.01367219485743,31.2205891188028,47.36147820104204 131.01367292206987,31.220588752694123,47.147299251008015 131.01367364734682,31.220588387548084,46.933130015637126 131.01367437069666,31.22058802336051,46.71897025238816 131.01367509212773,31.220587660127308,46.50481972667232 131.01367581164823,31.220587297844343,46.29067820489419 131.01367652926643,31.220586936507576,46.07654546041689 131.0136772449904,31.22058657611296,45.862421268590886 131.0136779588283,31.22058621665647,45.6483054067546 131.01367867078818,31.220585858134136,45.434197654233934 131.01367938087793,31.220585500542004,45.22009779830731 131.01368008910546,31.220585143876143,45.00600562724676 131.0136807954787,31.22058478813265,44.79192093131194 131.01368150000545,31.22058443330766,44.57784350374448 131.0136822026934,31.220584079397337,44.36377314275594 131.0136829035503,31.220583726397848,44.14970965053406 131.01368360258377,31.22058337430541,43.93565283025998 131.0136842998014,31.22058302311625,43.72160248909099 131.01368499521072,31.22058267282665,43.50755843617223 131.01368568881924,31.2205823234329,43.29352048064816 131.01368638063434,31.220581974931303,43.07948844657481 131.01368707066342,31.220581627318207,42.865462142101634 131.01368775891376,31.22058128058997,42.651441395260086 131.01368844539272,31.22058093474301,42.43742602911088 131.0136891301074,31.22058058977373,42.22341586969618 131.01368981306507,31.22058024567857,42.00941074504638 131.01369049427277,31.22057990245401,41.79541049114425 131.01369117373758,31.22057956009656,41.581414939995696 131.01369185146655,31.22057921860271,41.367423927582784 131.0136925274666,31.220578877969007,41.153437298834085 131.01369320174467,31.220578538192047,40.93945489271329 131.01369387430762,31.22057819926841,40.725476554148415 131.01369454516228,31.22057786119471,40.51150213303745 131.01369521431536,31.220577523967588,40.29753147828434 131.01369588177363,31.22057718758372,40.0835644417746 131.01369654754376,31.220576852039773,39.8696008793702 131.01369721163235,31.22057651733249,39.65564065090911 131.013697874046,31.220576183458576,39.441683611258334 131.0136985347912,31.220575850414807,39.22772962423175 131.01369919387443,31.22057551819797,39.0137785566252 131.01369985130222,31.22057518680486,38.799830272251874 131.01370050708087,31.220574856232307,38.585884640889375 131.01370116121672,31.22057452647716,38.37194153032674 131.01370181371607,31.220574197536283,38.158000821276296 131.01370246458526,31.2205738694066,37.94406238252063 131.0137031138304,31.22057354208498,37.73012609377741 131.0137037614577,31.22057321556839,37.5161918337698 131.01370440747323,31.2205728898538,37.30225948519731 131.0137050518831,31.22057256493816,37.08832893075903 131.0137056946934,31.220572240818484,36.87440005812457 131.01370633591003,31.220571917491803,36.660472751980656 131.01370697553904,31.22057159495516,36.4465469029788 131.0137076135862,31.220571273205607,36.23262240674069 131.01370825005748,31.220570952240248,36.018699151928885 131.01370888495865,31.22057063205617,35.80477703515879 131.0137095182955,31.22057031265051,35.590855956027895 131.0137101500738,31.220569994020405,35.37693581015689 131.0137107802992,31.220569676163027,35.163016504101805 131.01371140897737,31.22056935907557,34.94909793547114 131.01371203611393,31.22056904275524,34.735180008832046 131.0137126617145,31.22056872719924,34.52126263571046 131.01371328578455,31.22056841240484,34.30734572166717 131.01371390832955,31.22056809836928,34.093429175245376 131.01371452935507,31.22056778508988,33.87951290797023 131.0137151488665,31.22056747256389,33.66559683832573 131.01371576686918,31.22056716078868,33.451680875848346 131.01371638336843,31.220566849761543,33.23776493902169 131.01371699836963,31.22056653947988,33.023848947323245 131.013717611878,31.22056622994105,32.80993281923613 131.0137182238988,31.220565921142445,32.59601647622572 131.01371883443716,31.22056561308148,32.382099843733684 131.0137194434983,31.22056530575558,32.16818284620753 131.01372005108732,31.220564999162207,31.95426540610609 131.0137206572093,31.22056469329881,31.74034745384119 131.01372126186928,31.220564388162888,31.526428920818688 131.01372186507228,31.22056408375193,31.312509735461845 131.01372246682328,31.22056378006346,31.09858982818189 131.0137230671272,31.22056347709503,30.88466913734316 131.01372366598895,31.22056317484417,30.670747594350846 131.01372426341342,31.22056287330845,30.45682513756872 131.0137248594054,31.22056257248548,30.24290170536071 131.01372545396978,31.22056227237283,30.02897723609044 131.01372604711125,31.22056197296815,29.81505166911553 131.01372663883458,31.220561674269053,29.60112494975828 131.01372722914442,31.22056137627322,29.38719701936436 131.0137278180455,31.22056107897829,29.17326782325579 131.0137284055424,31.220560782381988,28.95933730874276 131.01372899163977,31.22056048648197,28.745405419158743 131.01372957634214,31.220560191275982,28.53147210877268 131.01373015965405,31.22055989676176,28.31753732489436 131.01373074157996,31.22055960293704,28.10360101682169 131.01373132212444,31.220559309799583,27.88966313981745 131.0137319012918,31.2205590173472,27.675723646161742 131.01373247908657,31.22055872557766,27.461782491117024 131.01373305551303,31.22055843448879,27.247839629945627 131.01373363057556,31.220558144078417,27.033895021886337 131.01373420427845,31.22055785434437,26.81994862319541 131.01373477662602,31.22055756528453,26.60600039311156 131.01373534762243,31.22055727689676,26.39205029882627 131.013735917272,31.220556989178945,26.178098291624902 131.01373648557887,31.22055670212899,25.964144340687096 131.0137370525472,31.220556415744827,25.7501884082336 131.01373761818107,31.220556130024384,25.536230461455588 131.0137381824846,31.2205558449656,25.322270464561853 131.0137387454619,31.220555560566464,25.108308384743463 131.0137393071169,31.22055527682493,24.894344192173893 131.0137398674537,31.220554993739007,24.680377856032354 131.01374042647615,31.220554711306704,24.46640934251555 131.01374098418833,31.220554429526043,24.252438626767404 131.01374154059403,31.22055414839505,24.03846568194349 131.01374209569724,31.220553867911807,23.824490478216948 131.01374264950172,31.220553588074367,23.610512990731447 131.01374320201134,31.22055330888081,23.39653319761312 131.01374375322985,31.22055303032924,23.182551072017247 131.013744303161,31.22055275241776,22.96856659306395 131.01374485180855,31.220552475144512,22.754579737885063 131.01374539917623,31.22055219850764,22.54059048560053 131.01374594526763,31.220551922505283,22.32659881533036 131.0137464900864,31.22055164713563,22.112604710170967 131.01374703363624,31.22055137239687,21.89860815023644 131.01374757592063,31.2205510982872,21.684609117628995 131.01374811694313,31.22055082480481,21.47060759942155 131.01374865670726,31.22055055194798,21.256603576722128 131.01374919521655,31.220550279714946,21.04259703262702 131.0137497324744,31.22055000810395,20.828587957191488 131.01375026848427,31.22054973711328,20.614576338482383 131.01375080324948,31.220549466741232,20.400562160590088 131.01375133677348,31.22054919698611,20.18654541158137 131.01375186905955,31.22054892784624,19.9725260844939 131.01375240011103,31.220548659319963,19.75850416640025 131.01375292993117,31.220548391405632,19.5444796493438 131.0137534585232,31.220548124101608,19.33045252536788 131.0137539858903,31.22054785740629,19.116422786515795 131.01375451203563,31.220547591318088,18.902390424830823 131.0137550369624,31.22054732583541,18.688355438321167 131.01375556067367,31.22054706095668,18.474317819030023 131.01375608317247,31.22054679668037,18.26027755900068 131.01375660446195,31.22054653300493,18.046234661211933 131.013757124545,31.220546269928867,17.832189115718684 131.01375764342467,31.220546007450665,17.618140926493957 131.01375816110385,31.220545745568856,17.40409008756919 131.01375867758543,31.220545484281963,17.190036598940768 131.01375919287233,31.220545223588545,16.975980461599196 131.0137597069673,31.22054496348716,16.7619216755408 131.01376021987323,31.22054470397643,16.54786024076196 131.0137607315928,31.220544445054934,16.333796160241462 131.0137612421288,31.22054418672132,16.11972943496979 131.0137617514838,31.220543928974216,15.905660068919882 131.01376225966055,31.22054367181229,15.691588067058843 131.0137627666616,31.22054341523424,15.477513432365496 131.01376327248954,31.22054315923875,15.263436170801096 131.01376377714683,31.22054290382456,15.04935628633857 131.01376428063605,31.220542648990417,14.8352737869275 131.01376478295956,31.220542394735084,14.62118867654088 131.01376528411978,31.22054214105733,14.407100968099064 131.01376578411907,31.22054188795599,14.193010666569212 131.0137662829597,31.22054163542989,13.978917779900923 131.013766780644,31.22054138347786,13.764822322008785 131.0137672771741,31.22054113209881,13.550724296865791 131.01376777255223,31.22054088129161,13.336623717392376 131.01376826678052,31.220540631055208,13.122520597503163 131.013768759861,31.22054038138856,12.908414947136196 131.01376925179565,31.22054013229061,12.694306779211912 131.0137697425865,31.2205398837604,12.48019610366836 131.01377023223543,31.220539635796925,12.26608293939107 131.01377072074436,31.220539388399256,12.05196729731222 131.013771208115,31.220539141566487,11.83784919333492 131.01377169434912,31.220538895297715,11.623728642368052 131.01377217944844,31.2205386495921,11.409605662303072 131.01377266341453,31.220538404448792,11.195480267054768 131.01377314624892,31.22053815986701,10.981352477497143 131.01377362795316,31.220537915846023,10.767222308539209 131.01377410852862,31.220537672385063,10.553089781055 131.01377458797663,31.220537429483464,10.338954911941917 131.0137750662986,31.22053718714055,10.124817723068237 131.01377554349557,31.220536945355736,9.910678231331412 131.01377601956872,31.220536704128406,9.696536463570604 131.0137764945191,31.22053646345806,9.48239243767754 131.01377696834768,31.220536223344165,9.268246177508937 131.01377744105528,31.22053598378631,9.054097701950733 131.01377791264272,31.22053574478404,8.839947042813078 131.01377838311066,31.22053550633703,8.625794217987828 131.01377885245967,31.22053526844497,8.41163925530854 131.01377932069025,31.22053503110758,8.197482181614642 131.01377978780275,31.22053479432468,7.983323019768958 131.01378025379745,31.22053455809612,7.769161798599355 131.01378071867447,31.220534322421788,7.554998546933742 131.01378118243383,31.220534087301687,7.340833295588422 131.01378164507537,31.22053385273584,7.126666071403059 131.0137821066183,31.220533618714768,6.912496802795142 131.01378256706178,31.220533385238827,6.6983255235634775 131.0137830264139,31.220533152304053,6.484152220781152 131.01378348468114,31.22053291990722,6.269976889474549 131.0137839418699,31.220532688045115,6.055799531629276 131.01378439798668,31.220532456714512,5.841620139289176 131.01378485303795,31.22053222591224,5.627438713445647 131.01378530703008,31.22053199563508,5.413255250119228 131.0137857599695,31.22053176587989,5.1990697512954736 131.0137862118625,31.220531536643502,4.984882214983236 131.01378666271546,31.220531307922787,4.770692640185582 131.01378711253463,31.2205310797146,4.556501031870553 131.01378756132638,31.220530852015823,4.342307386058668 131.01378800909683,31.22053062482337,4.12811170572966 131.0137884558523,31.22053039813416,3.9139139928690736 131.01378890159896,31.2205301719451,3.6997142484682906 131.01378934634292,31.22052994625315,3.485512477495392 131.01378979009033,31.22052972105527,3.2713086799475923 131.01379023284727,31.220529496348448,3.0571028617871487 131.0137906746198,31.22052927212966,2.8428950249996388 131.013791115414,31.220529048395928,2.628685172564807 131.0137915552358,31.220528825144264,2.4144733114391146 131.01379199409115,31.22052860237173,2.200259442613971 131.01379243198608,31.22052838007537,1.986043571057496 131.01379286892637,31.22052815825229,1.7718257067087106 131.01379330491793,31.22052793689956,1.5576058495648657 131.01379373996656,31.22052771601429,1.343384008570823 131.01379417407807,31.220527495593632,1.1291601857122069 131.0137946072582,31.22052727563472,0.9149343909280736 131.01379503951264,31.22052705613473,0.7007066252098917 131.01379518250596,31.22052698088232,0.5313738049249714 131.0137954503076,31.22052684634024,0.4085617935427272 131.01379561124523,31.22052675534744,0.2835196891468772 131.01379588077344,31.220526631360528,0.1837100796229225 131.01379580405873,31.220526651053945,0.0979992766801791 131.01379603355812,31.22052653833905,0.0241186629414588</coordinates>
            </LineString>
        </Placemark>
        <Placemark id="557">
            <name>flight_path</name>
            <styleUrl>#558</styleUrl>
            <LineString id="556">
                <altitudeMode>clampToGround</altitudeMode>
                <coordinates>131.010392,31.222216000000007,0.0 131.01039200000545,31.2222159999906,0.0 131.01039200001028,31.222215999993875,0.0 131.01039200001028,31.222215999993875,0.0 131.0103920000103,31.222215999993875,0.0 131.0103920186648,31.22221599084417,0.0 131.0103920748901,31.222215963420645,0.0 131.01039215993478,31.22221592194644,0.0 131.010392249151,31.222215878416662,0.0 131.010392395381,31.222215807126663,0.0 131.01039249716985,31.22221575742821,0.0 131.01039266702276,31.22221567459415,0.0 131.0103928374792,31.222215591440023,0.0 131.01039302080284,31.222215502000264,0.0 131.01039322708232,31.222215401367297,0.0 131.01039345272457,31.222215291288936,0.0 131.01039369258763,31.22221517426644,0.0 131.01039395005884,31.222215048652007,0.0 131.01039421644953,31.222214918672204,0.0 131.01039450845172,31.22221477620725,0.0 131.0103948069986,31.222214630532072,0.0 131.01039512776407,31.22221447402223,0.0 131.01039545946077,31.222214312168344,0.0 131.01039580637274,31.222214142886457,0.0 131.0103961752949,31.22221396287121,0.0 131.01039655164234,31.222213779217327,0.0 131.01039694683445,31.222213586369925,0.0 131.01039735714872,31.222213386139742,0.0 131.01039778575063,31.22221317698696,0.0 131.01039822638555,31.22221296195409,0.0 131.0103986893425,31.22221273603605,0.0 131.01039915904306,31.22221250681097,0.0 131.01039964456635,31.22221226986224,0.0 131.0104001456363,31.22221202532413,0.0 131.0104006630688,31.222211772799746,0.0 131.01040119449576,31.22221151344101,0.0 131.01040173375296,31.22221125024659,0.0 131.0104022910162,31.22221097826628,0.0 131.0104028640733,31.222210698576216,0.0 131.010403448877,31.222210413145216,0.0 131.01040405025552,31.222210119624407,0.0 131.01040466068557,31.22220982167371,0.0 131.01040528477773,31.22220951705013,0.0 131.01040592505373,31.222209204526795,0.0 131.01040658160653,31.2222088840584,0.0 131.010407247809,31.222208558868967,0.0 131.0104079271538,31.222208227259305,0.0 131.01040862461,31.222207886811766,0.0 131.01040934016976,31.222207537530053,0.0 131.01041005778333,31.222207187222743,0.0 131.01041079218817,31.22220682871958,0.0 131.01041154438693,31.222206461532508,0.0 131.01041230918216,31.222206088190248,0.0 131.0104130807204,31.222205711540788,0.0 131.01041387233195,31.22220532509796,0.0 131.01041467658197,31.22220493247912,0.0 131.0104154908101,31.222204534978747,0.0 131.01041632131506,31.222204130567874,0.0 131.0104171629808,31.222203719623995,0.0 131.0104180179887,31.222203302622656,0.0 131.0104188949277,31.22220287483608,0.0 131.01041977747445,31.222202444285767,0.0 131.01042067359396,31.22220200709245,0.0 131.01042158758548,31.222201561158467,0.0 131.01042252140553,31.2222011055267,0.0 131.01042345239608,31.22220065124145,0.0 131.01042440084336,31.2222001884124,0.0 131.01042537585857,31.22219971259006,0.0 131.01042635531064,31.2221992345682,0.0 131.0104273424759,31.22219875274971,0.0 131.01042834985768,31.22219826102932,0.0 131.01042937401823,31.222197761081244,0.0 131.0104304057707,31.222197257390857,0.0 131.0104314482611,31.22219674842124,0.0 131.0104325093754,31.222196230316737,0.0 131.0104335894632,31.22219570290288,0.0 131.01043466905944,31.22219517569457,0.0 131.0104357698853,31.222194638070853,0.0 131.01043688304873,31.222194094376768,0.0 131.01043800724827,31.22219354524806,0.0 131.01043914015636,31.222192991822805,0.0 131.0104402955947,31.222192427334026,0.0 131.01044146193277,31.22219185747221,0.0 131.01044263186898,31.22219128581301,0.0 131.0104438229673,31.222190703753206,0.0 131.01044503120676,31.22219011325863,0.0 131.01044623894506,31.22218952297318,0.0 131.01044746499952,31.222188923675304,0.0 131.01044870674482,31.2221883166484,0.0 131.01044995781828,31.222187705010622,0.0 131.0104512191207,31.222187088319792,0.0 131.01045249552143,31.22218646418635,0.0 131.0104537858487,31.222185833183065,0.0 131.01045508159729,31.22218519948224,0.0 131.01045639528277,31.22218455694144,0.0 131.0104577242389,31.222183906866853,0.0 131.01045905704905,31.222183254862195,0.0 131.0104604113666,31.22218259225963,0.0 131.01046177536952,31.222181924862,0.0 131.010463142828,31.222181255729144,0.0 131.01046453237265,31.222180575709046,0.0 131.01046593306924,31.22217989017092,0.0 131.01046734378,31.22217919967355,0.0 131.0104687694988,31.222178501762247,0.0 131.01047020273134,31.22217780011916,0.0 131.0104716447446,31.2221770941214,0.0 131.0104731091468,31.2221763770786,0.0 131.01047457052832,31.22217566148132,0.0 131.0104760546633,31.222174934658,0.0 131.0104775518915,31.222174201356687,0.0 131.01047905164037,31.22217346677642,0.0 131.0104805642393,31.22217272583752,0.0 131.01048210596997,31.22217197053112,0.0 131.01048364642887,31.2221712158102,0.0 131.01048518745887,31.222170460769263,0.0 131.01048676406376,31.22216968818936,0.0 131.01048833054676,31.22216892054873,0.0 131.01048991363763,31.222168144698784,0.0 131.01049153501148,31.22216734997537,0.0 131.01049312531657,31.2221665704972,0.0 131.01049475374367,31.22216577222476,0.0 131.0104964025408,31.222164963890886,0.0 131.01049802627435,31.222164167848767,0.0 131.01049969865684,31.22216334783291,0.0 131.0105013629806,31.222162531742665,0.0 131.0105030296055,31.222161714481445,0.0 131.01050473845203,31.222160876409745,0.0 131.01050643085506,31.222160046389,0.0 131.0105081352452,31.22215921043268,0.0 131.0105098757871,31.22215835665432,0.0 131.01051159568337,31.22215751299367,0.0 131.01051334327053,31.222156655674294,0.0 131.01051510559867,31.222155791067188,0.0 131.01051685438708,31.22215493308172,0.0 131.0105186481846,31.222154052923905,0.0 131.0105204255119,31.222153180828982,0.0 131.0105222149331,31.222152302750057,0.0 131.0105240444284,31.22215140493148,0.0 131.01052584914953,31.222150519257333,0.0 131.01052767876308,31.22214962130952,0.0 131.0105295350396,31.22214871022064,0.0 131.0105313700711,31.222147809538928,0.0 131.01053324471764,31.222146889352697,0.0 131.01053511134197,31.22214597307494,0.0 131.010536984068,31.22214505376433,0.0 131.0105389015465,31.222144112433405,0.0 131.010540791948,31.22214318437174,0.0 131.01054270361428,31.2221422458306,0.0 131.01054465396547,31.22214128825821,0.0 131.01054656726976,31.222140348847315,0.0 131.0105485310613,31.22213938461294,0.0 131.01055049262345,31.222138421443315,0.0 131.01055244689297,31.22213746182208,0.0 131.0105544520526,31.222136477191103,0.0 131.01055643138906,31.22213550520505,0.0 131.0105584345972,31.22213452147358,0.0 131.01056046119547,31.222133526236966,0.0 131.01056246815065,31.22213254060877,0.0 131.01056451909736,31.222131533371616,0.0 131.01056655705472,31.222130532478808,0.0 131.01056860168634,31.222129528284142,0.0 131.0105706880842,31.22212850358185,0.0 131.01057274983185,31.222127490940224,0.0 131.010574836367,31.222126466118794,0.0 131.01057694088232,31.222125432458256,0.0 131.01057903164417,31.22212440551363,0.0 131.01058117226864,31.222123354106127,0.0 131.0105832867048,31.222122315508585,0.0 131.01058542009196,31.22212126759953,0.0 131.01058759797797,31.222120197865287,0.0 131.01058973311743,31.22211914904981,0.0 131.0105919231477,31.222118073321106,0.0 131.01059409746935,31.222117005264973,0.0 131.01059628222453,31.222115932075447,0.0 131.0105985041159,31.222114840677,0.0 131.01060069935187,31.222113762310247,0.0 131.01060293916396,31.22211266209368,0.0 131.010605170668,31.222111565924337,0.0 131.01060740439598,31.222110468644377,0.0 131.01060968297426,31.222109349385686,0.0 131.01061192966205,31.222108245718896,0.0 131.01061422043514,31.22210712044957,0.0 131.0106165039716,31.222105998702727,0.0 131.01061879388772,31.222104873812448,0.0 131.01062112505164,31.22210372871172,0.0 131.01062342339,31.222102599658523,0.0 131.01062577412387,31.22210144493888,0.0 131.01062810394347,31.22210030043636,0.0 131.01063045153185,31.22209914721651,0.0 131.01063283158274,31.2220979780874,0.0 131.010635182542,31.22209682317787,0.0 131.01063758448714,31.222095643291752,0.0 131.01063996780422,31.222094472503727,0.0 131.01064236686565,31.222093293988703,0.0 131.0106448012347,31.2220920981695,0.0 131.0106472024962,31.22209091853714,0.0 131.01064965923683,31.22208971172405,0.0 131.01065209655158,31.22208851440032,0.0 131.01065454811408,31.22208731008009,0.0 131.0106570235546,31.22208609404676,0.0 131.01065947974593,31.22208488741772,0.0 131.01066198676912,31.22208365587412,0.0 131.01066446833556,31.22208243677512,0.0 131.01066697550547,31.22208120511406,0.0 131.01066949547683,31.222079967159207,0.0 131.01067200037568,31.22207873656505,0.0 131.010674564349,31.22207747700521,0.0 131.01067708685335,31.222076237739167,0.0 131.0106796534744,31.22207497683149,0.0 131.01068221561317,31.22207371809468,0.0 131.01068477607615,31.22207246015453,0.0 131.01068737929097,31.22207118123165,0.0 131.01068995177593,31.222069917347167,0.0 131.01069257091504,31.22206863056145,0.0 131.01069517366005,31.222067351786595,0.0 131.0106977885415,31.222066067032664,0.0 131.01070043109775,31.222064768675104,0.0 131.01070304778915,31.22206348297695,0.0 131.01070572119505,31.22206216942332,0.0 131.01070836405924,31.222060870825054,0.0 131.01071104316622,31.22205955441009,0.0 131.01071371406812,31.22205824199043,0.0 131.0107163863543,31.22205692886043,0.0 131.0107190927307,31.222055598959965,0.0 131.01072177370247,31.222054281500967,0.0 131.01072451151168,31.22205293609436,0.0 131.01072721865043,31.222051605717024,0.0 131.01072994982127,31.222050263500417,0.0 131.01073269648603,31.222048913634936,0.0 131.0107354216833,31.22204757428304,0.0 131.0107381910024,31.222046213210927,0.0 131.01074095344512,31.22204485548012,0.0 131.0107437038986,31.222043503606933,0.0 131.01074648172929,31.22204213823624,0.0 131.01074927746046,31.222040764023443,0.0 131.01075206300268,31.22203939478214,0.0 131.01075484963826,31.22203802496487,0.0 131.01075765823614,31.22203664430452,0.0 131.01076047145347,31.222035261330568,0.0 131.01076328367537,31.222033878805995,0.0 131.01076609932994,31.222032494551925,0.0 131.01076892848678,31.222031103611908,0.0 131.01077175986993,31.22202971153437,0.0 131.01077459304116,31.22202831853514,0.0 131.01077743206193,31.222026922614628,0.0 131.0107802759115,31.222025524274702,0.0 131.01078312239565,31.22202412459536,0.0 131.01078597172165,31.22202272347436,0.0 131.0107888269441,31.22202131940736,0.0 131.01079168685763,31.22201991298748,0.0 131.01079455079744,31.222018504542024,0.0 131.01079741648553,31.222017095192808,0.0 131.0108002838394,31.222015684980505,0.0 131.01080315940274,31.222014270681967,0.0 131.0108060355657,31.222012856045385,0.0 131.01080891652535,31.22201143900357,0.0 131.01081180076469,31.22201002030381,0.0 131.01081468981084,31.222008599193952,0.0 131.01081757936672,31.22200717779088,0.0 131.0108204735735,31.222005754054937,0.0 131.01082337179133,31.222004328301463,0.0 131.01082627121332,31.22200290191348,0.0 131.01082917590116,31.22200147289044,0.0 131.01083208582224,31.22200004124887,0.0 131.01083499470087,31.22199861008032,0.0 131.0108379094189,31.22199717599541,0.0 131.01084082605288,31.22199574092716,0.0 131.01084374500803,31.22199430467635,0.0 131.01084666697577,31.221992866902955,0.0 131.01084959301068,31.221991427088103,0.0 131.01085252146373,31.221989986044488,0.0 131.01085545360172,31.22198854314877,0.0 131.01085838751743,31.22198709934069,0.0 131.01086132428318,31.22198565409281,0.0 131.0108642620831,31.22198420829973,0.0 131.01086720303803,31.22198276091789,0.0 131.01087014799967,31.221981311528648,0.0 131.01087309470236,31.221979861248,0.0 131.01087604394164,31.22197840968494,0.0 131.01087899561966,31.221976956888188,0.0 131.01088194669498,31.22197550435529,0.0 131.01088490168925,31.221974049861448,0.0 131.01088785670728,31.221972595324274,0.0 131.0108908164528,31.221971138429737,0.0 131.01089377594127,31.221969681631126,0.0 131.01089674061464,31.22196822225153,0.0 131.010899704907,31.22196676302986,0.0 131.01090267061144,31.22196530308444,0.0 131.01090564014484,31.22196384122708,0.0 131.01090861114747,31.221962378619065,0.0 131.01091158195507,31.221960916079365,0.0 131.01091455720615,31.2219594513273,0.0 131.01091753283188,31.22195798636436,0.0 131.0109205117658,31.22195651974847,0.0 131.01092349148018,31.22195505272304,0.0 131.01092647201327,31.221953585269578,0.0 131.0109294544098,31.22195211687489,0.0 131.0109324387069,31.22195064752116,0.0 131.01093542398985,31.22194917765843,0.0 131.01093841056368,31.22194770713708,0.0 131.0109413973356,31.22194623649456,0.0 131.01094438753464,31.221944764144,0.0 131.01094737697653,31.221943292142345,0.0 131.01095036955294,31.22194181857704,0.0 131.0109533631108,31.22194034450656,0.0 131.01095635524808,31.221938871111565,0.0 131.0109593504896,31.221937396168432,0.0 131.01096234585833,31.221935921140407,0.0 131.0109653402793,31.22193444655584,0.0 131.01096833768793,31.22193297048084,0.0 131.01097133346323,31.221931495186336,0.0 131.01097433103527,31.221930018986725,0.0 131.01097733171633,31.221928541237084,0.0 131.01098033021216,31.22192706453925,0.0 131.01098332916067,31.221925587596804,0.0 131.01098632860734,31.22192411038728,0.0 131.01098933048164,31.22192263196233,0.0 131.0109923319226,31.22192115372792,0.0 131.01099533335247,31.22191967547645,0.0 131.0109983366518,31.221918196283408,0.0 131.01100133957212,31.22191671725378,0.0 131.01100434203133,31.22191523842784,0.0 131.01100734769147,31.22191375800508,0.0 131.01101035045997,31.221912278980422,0.0 131.01101335826095,31.22191079745788,0.0 131.01101636432008,31.22190931676773,0.0 131.01101937177103,31.221907835369024,0.0 131.01102237982397,31.22190635364976,0.0 131.01102538981618,31.22190487095195,0.0 131.01102840005802,31.221903388106227,0.0 131.01103141043987,31.221901905166177,0.0 131.0110344212627,31.22190042198344,0.0 131.01103743371036,31.22189893797526,0.0 131.01104044474127,31.22189745463756,0.0 131.01104345764392,31.221895970352143,0.0 131.01104647056988,31.221894486027985,0.0 131.01104948352818,31.22189300166032,0.0 131.0110524965998,31.221891517208903,0.0 131.0110555122805,31.22189003144492,0.0 131.01105852557683,31.221888546825827,0.0 131.0110615411851,31.221887061039524,0.0 131.01106455875987,31.221885574255367,0.0 131.01106757575738,31.22188408772542,0.0 131.01107059373695,31.221882600681564,0.0 131.0110736127537,31.22188111309613,0.0 131.01107663338135,31.22187962468609,0.0 131.01107965133156,31.22187813756337,0.0 131.01108267069915,31.22187664971061,0.0 131.01108569082675,31.221875161451084,0.0 131.01108871047063,31.22187367339721,0.0 131.01109173248193,31.22187218414372,0.0 131.01109475251468,31.221870695831807,0.0 131.0110977719412,31.22186920778508,0.0 131.01110079570847,31.221867717564624,0.0 131.01110381961726,31.221866227239783,0.0 131.01110684179665,31.22186473773279,0.0 131.01110986615868,31.22186324711465,0.0 131.01111289110392,31.22186175617349,0.0 131.0111159170104,31.2218602647226,0.0 131.01111894406466,31.22185877266965,0.0 131.0111219719804,31.22185728015553,0.0 131.0111249988084,31.221855788141475,0.0 131.01112802625974,31.221854295783263,0.0 131.01113105410118,31.221852803195663,0.0 131.01113408087727,31.22185131109656,0.0 131.01113710776025,31.22184981890741,0.0 131.01114013987228,31.221848324100456,0.0 131.0111431680333,31.221846831205443,0.0 131.01114619722736,31.22184533776288,0.0 131.01114922833116,31.2218438433398,0.0 131.01115225877464,31.22184234920453,0.0 131.0111552892755,31.22184085500276,0.0 131.0111583183359,31.22183936147384,0.0 131.01116134828968,31.221837867465613,0.0 131.01116437962023,31.221836372739336,0.0 131.01116740872882,31.221834879071608,0.0 131.01117043865767,31.221833384960537,0.0 131.01117347079295,31.22183188972164,0.0 131.01117650326717,31.22183039427696,0.0 131.01117953333676,31.22182889998121,0.0 131.01118256360468,31.22182740554928,0.0 131.01118559631135,31.221825909874816,0.0 131.01118862950204,31.22182441392314,0.0 131.01119166233687,31.2218229181091,0.0 131.01119469457507,31.22182142255168,0.0 131.01119772803867,31.221819926351262,0.0 131.01120075916958,31.22181843126505,0.0 131.0112037931118,31.221816934752933,0.0 131.0112068268818,31.221815438288424,0.0 131.0112098618769,31.221813941181622,0.0 131.01121289568334,31.22181244462476,0.0 131.01121592834244,31.221810948597568,0.0 131.01121896287475,31.22180945160864,0.0 131.01122199829754,31.221807954143497,0.0 131.01122503594704,31.22180645554253,0.0 131.01122807166533,31.22180495785918,0.0 131.0112311073621,31.22180346015064,0.0 131.01123414690755,31.22180196050616,0.0 131.0112371837677,31.22180046215234,0.0 131.0112402232658,31.221798962460905,0.0 131.01124326257485,31.221797462828107,0.0 131.01124629943988,31.221795964367534,0.0 131.0112493370029,31.221794465528063,0.0 131.0112523738218,31.221792967022104,0.0 131.0112554101356,31.221791468731823,0.0 131.0112584459471,31.22178997065617,0.0 131.01126148125914,31.221788472794067,0.0 131.0112645160745,31.221786975144344,0.0 131.0112675503962,31.221785477705826,0.0 131.0112705842273,31.22178398047732,0.0 131.0112736175709,31.22178248345753,0.0 131.01127665043015,31.22178098664524,0.0 131.01127968280832,31.2217794900391,0.0 131.0112827147086,31.2217779936378,0.0 131.01128574613443,31.221776497439965,0.0 131.01128877708905,31.221775001444232,0.0 131.01129180757587,31.2217735056492,0.0 131.01129483759834,31.22177201005344,0.0 131.01129786715984,31.22177051465556,0.0 131.01130089626386,31.221769019454094,0.0 131.01130392491385,31.221767524447603,0.0 131.01130695311326,31.22176602963461,0.0 131.01130998086555,31.22176453501369,0.0 131.01131300817423,31.22176304058336,0.0 131.01131603504265,31.221761546342147,0.0 131.01131906147424,31.2217600522886,0.0 131.01132208747242,31.22175855842126,0.0 131.0113251130406,31.221757064738664,0.0 131.01132813818217,31.221755571239367,0.0 131.01133116290032,31.221754077921943,0.0 131.01133418719837,31.22175258478495,0.0 131.0113372110796,31.22175109182699,0.0 131.01134023454708,31.22174959904666,0.0 131.01134325760404,31.22174810644257,0.0 131.01134628025352,31.221746614013377,0.0 131.01134930249856,31.221745121757724,0.0 131.01135232434203,31.22174362967429,0.0 131.0113553457869,31.221742137761776,0.0 131.01135836683602,31.22174064601893,0.0 131.01136138749203,31.22173915444447,0.0 131.01136440775772,31.221737663037185,0.0 131.01136742763555,31.221736171795893,0.0 131.01137044712823,31.221734680719408,0.0 131.01137346623807,31.221733189806606,0.0 131.0113764849675,31.22173169905638,0.0 131.01137950331875,31.22173020846767,0.0 131.01138252129408,31.221728718039408,0.0 131.01138553889558,31.2217272277706,0.0 131.01138855612524,31.22172573766027,0.0 131.01139157298505,31.22172424770747,0.0 131.01139458947682,31.2217227579113,0.0 131.01139760560233,31.221721268270905,0.0 131.01140062136324,31.221719778785417,0.0 131.01140363676117,31.22171828945405,0.0 131.01140665179756,31.22171680027605,0.0 131.01140966647384,31.22171531125068,0.0 131.01141268079138,31.22171382237724,0.0 131.01141569475132,31.22171233365508,0.0 131.01141870835488,31.22171084508357,0.0 131.01142172160303,31.221709356662146,0.0 131.0114247344968,31.22170786839024,0.0 131.01142774703703,31.22170638026733,0.0 131.0114307592246,31.221704892292948,0.0 131.01143377106007,31.221703404466663,0.0 131.01143678254425,31.221701916788025,0.0 131.0114397936776,31.221700429256696,0.0 131.01144280446056,31.221698941872308,0.0 131.0114458148936,31.22169745463455,0.0 131.011448824977,31.22169596754316,0.0 131.01145183471104,31.221694480597865,0.0 131.01145484409588,31.22169299379845,0.0 131.01145785313165,31.22169150714474,0.0 131.01146086181836,31.221690020636565,0.0 131.011463870156,31.2216885342738,0.0 131.01146687814452,31.22168704805633,0.0 131.01146988578373,31.22168556198409,0.0 131.01147289307343,31.22168407605701,0.0 131.0114759000134,31.221682590275098,0.0 131.01147890660334,31.22168110463832,0.0 131.0114819128428,31.22167961914669,0.0 131.01148491873147,31.221678133800285,0.0 131.01148792426883,31.22167664859913,0.0 131.01149092945442,31.22167516354333,0.0 131.01149393428767,31.221673678633,0.0 131.01149693876806,31.221672193868223,0.0 131.01149994289494,31.22167070924916,0.0 131.0115029466677,31.22166922477596,0.0 131.0115059500856,31.221667740448783,0.0 131.011508953148,31.221666256267813,0.0 131.01151195585416,31.221664772233243,0.0 131.01151495820335,31.221663288345297,0.0 131.01151796019482,31.22166180460416,0.0 131.01152096182776,31.22166032101008,0.0 131.01152396310135,31.221658837563275,0.0 131.01152696401485,31.221657354264007,0.0 131.0115299645674,31.22165587111252,0.0 131.01153296475815,31.22165438810905,0.0 131.0115359645864,31.221652905253887,0.0 131.01153896405114,31.221651422547268,0.0 131.0115419631517,31.22164993998947,0.0 131.01154496188715,31.221648457580766,0.0 131.0115479602567,31.221646975321416,0.0 131.01155095825956,31.22164549321169,0.0 131.01155395589487,31.221644011251858,0.0 131.0115569531619,31.22164252944219,0.0 131.0115599500598,31.221641047782946,0.0 131.01156294658784,31.22163956627438,0.0 131.01156594274528,31.22163808491676,0.0 131.01156893853135,31.221636603710344,0.0 131.01157193394536,31.221635122655364,0.0 131.0115749289866,31.221633641752057,0.0 131.01157792365444,31.221632161000656,0.0 131.0115809179482,31.2216306804014,0.0 131.0115839118673,31.22162919995449,0.0 131.01158690541106,31.22162771966015,0.0 131.01158989857905,31.22162623951858,0.0 131.01159289137064,31.221624759529952,0.0 131.01159588378536,31.22162327969445,0.0 131.01159887582273,31.22162180001225,0.0 131.01160186748234,31.221620320483503,0.0 131.01160485876375,31.22161884110834,0.0 131.0116078496667,31.221617361886903,0.0 131.01161084019074,31.22161588281932,0.0 131.01161383033565,31.221614403905694,0.0 131.01161682010112,31.221612925146093,0.0 131.011619809487,31.221611446540624,0.0 131.01162279849305,31.221609968089325,0.0 131.0116257871192,31.22160848979228,0.0 131.01162877536527,31.221607011649496,0.0 131.01163176323124,31.221605533661005,0.0 131.01163475071712,31.22160405582681,0.0 131.01163773782287,31.22160257814692,0.0 131.01164072454858,31.221601100621275,0.0 131.0116437108944,31.221599623249865,0.0 131.01164669686037,31.22159814603263,0.0 131.01164968244674,31.2215966689695,0.0 131.0116526676537,31.221595192060384,0.0 131.01165565248155,31.221593715305183,0.0 131.01165863693055,31.22159223870377,0.0 131.0116616210011,31.22159076225605,0.0 131.01166460469352,31.22158928596185,0.0 131.0116675880083,31.221587809821017,0.0 131.01167057094585,31.22158633383333,0.0 131.0116735535067,31.22158485799863,0.0 131.0116765356915,31.221583382316684,0.0 131.0116795175007,31.221581906787268,0.0 131.011682498935,31.22158043141015,0.0 131.01168547999504,31.221578956185063,0.0 131.01168846068143,31.221577481111737,0.0 131.0116914409951,31.22157600618989,0.0 131.01169442093655,31.221574531419247,0.0 131.0116974005068,31.221573056799457,0.0 131.01170037970655,31.22157158233023,0.0 131.01170335853672,31.22157010801122,0.0 131.01170633699812,31.22156863384209,0.0 131.0117093150917,31.221567159822463,0.0 131.01171229281843,31.22156568595197,0.0 131.0117152701793,31.22156421223025,0.0 131.01171824717525,31.22156273865689,0.0 131.0117212238073,31.22156126523149,0.0 131.01172420007657,31.22155979195364,0.0 131.01172717598405,31.22155831882291,0.0 131.0117301515309,31.22155684583888,0.0 131.0117331267182,31.221555373001085,0.0 131.01173610154714,31.22155390030909,0.0 131.0117390760188,31.22155242776241,0.0 131.0117420501344,31.221550955360616,0.0 131.01174502389514,31.22154948310322,0.0 131.01174799730225,31.221548010989714,0.0 131.0117509703569,31.22154653901963,0.0 131.01175394306034,31.221545067192466,0.0 131.01175691541383,31.22154359550772,0.0 131.0117598874187,31.22154212396488,0.0 131.01176285907616,31.22154065256344,0.0 131.0117658303875,31.22153918130288,0.0 131.0117688013541,31.221537710182645,0.0 131.01177177197712,31.221536239202266,0.0 131.01177474225798,31.221534768361163,0.0 131.01177771219798,31.22153329765881,0.0 131.01178068179843,31.221531827094697,0.0 131.0117836510607,31.22153035666826,0.0 131.01178661998608,31.221528886378948,0.0 131.0117895885759,31.22152741622624,0.0 131.01179255683158,31.221525946209564,0.0 131.01179552475435,31.221524476328376,0.0 131.0117984923456,31.22152300658216,0.0 131.01180145960663,31.221521536970325,0.0 131.01180442653887,31.22152006749233,0.0 131.01180739314356,31.221518598147647,0.0 131.01181035942207,31.22151712893569,0.0 131.01181332537573,31.22151565985596,0.0 131.0118162910058,31.221514190907875,0.0 131.01181925631363,31.22151272209089,0.0 131.01182222130055,31.221511253404472,0.0 131.0118251859679,31.221509784848063,0.0 131.01182815031683,31.22150831642114,0.0 131.01183111434872,31.221506848123155,0.0 131.01183407806488,31.22150537995357,0.0 131.01183704146646,31.221503911911856,0.0 131.0118400045548,31.221502443997483,0.0 131.01184296733112,31.221500976209928,0.0 131.01184592979664,31.221499508548668,0.0 131.01184889195258,31.221498041013167,0.0 131.01185185380018,31.22149657360293,0.0 131.01185481534057,31.221495106317448,0.0 131.01185777657494,31.2214936391562,0.0 131.0118607375045,31.22149217211869,0.0 131.01186369813036,31.221490705204427,0.0 131.01186665845367,31.2214892384129,0.0 131.01186961847552,31.221487771743643,0.0 131.01187257819703,31.22148630519616,0.0 131.01187553761935,31.221484838769985,0.0 131.01187849674344,31.22148337246464,0.0 131.01188145557043,31.22148190627965,0.0 131.01188441410136,31.22148044021457,0.0 131.0118873723372,31.221478974268937,0.0 131.011890330279,31.22147750844229,0.0 131.01189328792776,31.221476042734214,0.0 131.0118962452844,31.22147457714424,0.0 131.01189920234987,31.22147311167196,0.0 131.01190215912516,31.221471646316942,0.0 131.01190511561117,31.22147018107876,0.0 131.01190807180876,31.221468715956995,0.0 131.01191102771887,31.22146725095125,0.0 131.0119139833423,31.22146578606112,0.0 131.01191693868,31.22146432128621,0.0 131.0119198937327,31.22146285662613,0.0 131.01192284850123,31.22146139208049,0.0 131.01192580298644,31.22145992764892,0.0 131.01192875718905,31.221458463331057,0.0 131.0119317111098,31.221456999126502,0.0 131.01193466474953,31.22145553503493,0.0 131.01193761810887,31.22145407105598,0.0 131.01194057118855,31.22145260718929,0.0 131.0119435239893,31.22145114343453,0.0 131.01194647651175,31.221449679791373,0.0 131.01194942875657,31.221448216259468,0.0 131.0119523807244,31.22144675283849,0.0 131.01195533241588,31.221445289528127,0.0 131.01195828383163,31.22144382632808,0.0 131.0119612349722,31.22144236323801,0.0 131.01196418583822,31.221440900257644,0.0 131.0119671364302,31.221439437386664,0.0 131.01197008674876,31.221437974624788,0.0 131.01197303679433,31.22143651197172,0.0 131.0119759865675,31.22143504942717,0.0 131.01197893606883,31.221433586990887,0.0 131.01198188529867,31.22143212466259,0.0 131.01198483425767,31.22143066244199,0.0 131.0119877829461,31.22142920032885,0.0 131.0119907313646,31.22142773832288,0.0 131.01199367951352,31.221426276423845,0.0 131.0119966273933,31.221424814631487,0.0 131.01199957500427,31.22142335294557,0.0 131.012002522347,31.221421891365846,0.0 131.0120054694218,31.22142042989208,0.0 131.01200841622904,31.22141896852401,0.0 131.0120113627691,31.221417507261453,0.0 131.01201430904237,31.22141604610413,0.0 131.0120172550492,31.22141458505186,0.0 131.0120202007899,31.2214131241044,0.0 131.01202314626482,31.221411663261527,0.0 131.01202609147433,31.22141020252304,0.0 131.01202903641868,31.22140874188872,0.0 131.0120319810982,31.221407281358363,0.0 131.0120349255132,31.221405820931743,0.0 131.012037869664,31.22140436060869,0.0 131.01204081355087,31.221402900388984,0.0 131.01204375717407,31.221401440272423,0.0 131.01204670053392,31.221399980258823,0.0 131.01204964363066,31.22139852034797,0.0 131.01205258646456,31.2213970605397,0.0 131.01205552903585,31.2213956008338,0.0 131.0120584713448,31.221394141230096,0.0 131.0120614133917,31.2213926817284,0.0 131.01206435517673,31.22139122232852,0.0 131.01206729670017,31.22138976303027,0.0 131.01207023796226,31.22138830383349,0.0 131.0120731789632,31.22138684473797,0.0 131.01207611970324,31.221385385743574,0.0 131.0120790601826,31.221383926850088,0.0 131.0120820004015,31.22138246805736,0.0 131.01208494036015,31.2213810093652,0.0 131.0120878800588,31.22137955077344,0.0 131.01209081949764,31.22137809228192,0.0 131.01209375867688,31.221376633890458,0.0 131.01209669759675,31.221375175598883,0.0 131.01209963625746,31.22137371740704,0.0 131.01210257465922,31.221372259314748,0.0 131.0121055128022,31.22137080132184,0.0 131.01210845068667,31.22136934342816,0.0 131.01211138831275,31.221367885633537,0.0 131.01211432568073,31.221366427937816,0.0 131.01211726279078,31.221364970340822,0.0 131.0121201996431,31.2213635128424,0.0 131.0121231362379,31.221362055442388,0.0 131.01212607257537,31.221360598140624,0.0 131.01212900865576,31.221359140936947,0.0 131.0121319444792,31.2213576838312,0.0 131.01213488004595,31.22135622682322,0.0 131.01213781535617,31.22135476991286,0.0 131.01214075041014,31.22135331309996,0.0 131.01214368520797,31.22135185638436,0.0 131.01214661974993,31.221350399765903,0.0 131.0121495540362,31.221348943244447,0.0 131.012152488067,31.221347486819823,0.0 131.01215542184252,31.221346030491897,0.0 131.01215835536297,31.221344574260502,0.0 131.01216128862853,31.221343118125496,0.0 131.01216422163944,31.22134166208673,0.0 131.0121671543959,31.221340206144063,0.0 131.01217008689812,31.221338750297328,0.0 131.0121730191463,31.2213372945464,0.0 131.01217595114065,31.221335838891136,0.0 131.01217888288136,31.221334383331392,0.0 131.01218181436866,31.221332927867014,0.0 131.01218474560267,31.22133147249788,0.0 131.01218767658375,31.22133001722383,0.0 131.01219060731202,31.221328562044764,0.0 131.01219353778765,31.221327106960512,0.0 131.01219646801087,31.22132565197096,0.0 131.01219939798196,31.22132419707599,0.0 131.012202327701,31.221322742275447,0.0 131.01220525716826,31.221321287569232,0.0 131.01220818638393,31.221319832957207,0.0 131.01221111534818,31.22131837843926,0.0 131.01221404406124,31.22131692401525,0.0 131.01221697252328,31.22131546968509,0.0 131.0122199007345,31.22131401544867,0.0 131.0122228286951,31.22131256130585,0.0 131.01222575640523,31.22131110725656,0.0 131.01222868386512,31.22130965330068,0.0 131.01223161107495,31.221308199438088,0.0 131.01223453803485,31.22130674566873,0.0 131.012237464745,31.22130529199248,0.0 131.01224039120564,31.221303838409263,0.0 131.01224331741685,31.221302384918992,0.0 131.01224624337885,31.221300931521583,0.0 131.01224916909177,31.221299478216967,0.0 131.01225209455575,31.22129802500505,0.0 131.01225501977095,31.221296571885787,0.0 131.0122579447375,31.221295118859096,0.0 131.01226086945564,31.22129366592493,0.0 131.01226379392534,31.221292213083224,0.0 131.01226671814683,31.22129076033393,0.0 131.01226964212017,31.221289307677,0.0 131.0122725658455,31.221287855112404,0.0 131.01227548932297,31.22128640264009,0.0 131.0122784125526,31.221284950260035,0.0 131.0122813355345,31.221283497972223,0.0 131.0122842582688,31.221282045776626,0.0 131.01228718075552,31.221280593673235,0.0 131.01229010299474,31.221279141662045,0.0 131.01229302498655,31.221277689743044,0.0 131.01229594673094,31.221276237916246,0.0 131.01229886822796,31.221274786181663,0.0 131.0123017894777,31.22127333453931,0.0 131.01230471048012,31.22127188298922,0.0 131.0123076312352,31.2212704315314,0.0 131.01231055174304,31.22126898016592,0.0 131.01231347200357,31.221267528892792,0.0 131.0123163920168,31.221266077712087,0.0 131.0123193117826,31.22126462662385,0.0 131.01232223130103,31.22126317562816,0.0 131.01232515057205,31.22126172472508,0.0 131.01232806959547,31.22126027391469,0.0 131.0123309883714,31.22125882319708,0.0 131.01233390689953,31.22125737257236,0.0 131.0123368251799,31.221255922040605,0.0 131.01233974321232,31.22125447160193,0.0 131.01234266099672,31.22125302125647,0.0 131.01234557853292,31.22125157100433,0.0 131.0123484958208,31.221250120845664,0.0 131.01235141286014,31.2212486707806,0.0 131.0123543296508,31.22124722080929,0.0 131.01235724619255,31.221245770931887,0.0 131.01236016248518,31.22124432114855,0.0 131.01236307852847,31.221242871459463,0.0 131.01236599432227,31.221241421864807,0.0 131.01236890986618,31.22123997236478,0.0 131.01237182516005,31.22123852295955,0.0 131.01237474020348,31.221237073649355,0.0 131.01237765499627,31.221235624434392,0.0 131.01238056953807,31.221234175314883,0.0 131.0123834838286,31.22123272629107,0.0 131.01238639786743,31.221231277363163,0.0 131.0123893116543,31.221229828531445,0.0 131.01239222518876,31.22122837979614,0.0 131.01239513847042,31.221226931157528,0.0 131.01239805149893,31.22122548261588,0.0 131.0124009642739,31.221224034171463,0.0 131.01240387679482,31.221222585824574,0.0 131.01240678906123,31.22122113757549,0.0 131.01240970107276,31.221219689424547,0.0 131.01241261282888,31.221218241372025,0.0 131.01241552432907,31.221216793418247,0.0 131.01241843557287,31.221215345563543,0.0 131.01242134655976,31.22121389780824,0.0 131.01242425728918,31.221212450152688,0.0 131.01242716776056,31.221211002597222,0.0 131.0124300779734,31.22120955514221,0.0 131.01243298792707,31.221208107788005,0.0 131.01243589762095,31.221206660534964,0.0 131.0124388070545,31.22120521338348,0.0 131.01244171622707,31.22120376633392,0.0 131.01244462513804,31.22120231938668,0.0 131.01244753378674,31.22120087254215,0.0 131.0124504421725,31.221199425800734,0.0 131.0124533502947,31.22119797916284,0.0 131.0124562581526,31.22119653262888,0.0 131.01245916574553,31.22119508619925,0.0 131.01246207307275,31.221193639874407,0.0 131.0124649801336,31.22119219365477,0.0 131.01246788692723,31.221190747540746,0.0 131.0124707934531,31.22118930153279,0.0 131.01247369971023,31.22118785563135,0.0 131.01247660569803,31.221186409836854,0.0 131.01247951141562,31.221184964149767,0.0 131.01248241686227,31.22118351857054,0.0 131.01248532203715,31.221182073099623,0.0 131.01248822693947,31.22118062773749,0.0 131.01249113156845,31.22117918248459,0.0 131.01249403592325,31.221177737341392,0.0 131.01249694000305,31.221176292308368,0.0 131.012499843807,31.22117484738598,0.0 131.0125027473343,31.22117340257472,0.0 131.01250565058407,31.22117195787504,0.0 131.0125085535555,31.22117051328743,0.0 131.01251145624775,31.22116906881236,0.0 131.01251435865993,31.22116762445031,0.0 131.01251726079113,31.22116618020176,0.0 131.01252016264056,31.221164736067166,0.0 131.01252306420733,31.221163292047034,0.0 131.01252596549057,31.22116184814184,0.0 131.0125288664894,31.221160404352016,0.0 131.012531767203,31.22115896067809,0.0 131.01253466763043,31.221157517120503,0.0 131.01253756777086,31.221156073679744,0.0 131.0125404676234,31.22115463035627,0.0 131.0125433671872,31.221153187150545,0.0 131.01254626646138,31.22115174406304,0.0 131.0125491654451,31.22115030109421,0.0 131.01255206413748,31.221148858244508,0.0 131.01255496253765,31.221147415514405,0.0 131.01255786064473,31.221145972904328,0.0 131.012560758458,31.22114453041473,0.0 131.01256365597646,31.22114308804604,0.0 131.0125665531994,31.221141645798703,0.0 131.0125694501259,31.22114020367316,0.0 131.01257234675523,31.2211387616698,0.0 131.0125752430865,31.22113731978905,0.0 131.01257813911897,31.221135878031337,0.0 131.0125810348518,31.22113443639705,0.0 131.0125839302842,31.22113299488659,0.0 131.01258682541547,31.22113155350033,0.0 131.01258972024476,31.22113011223868,0.0 131.01259261477136,31.22112867110197,0.0 131.0125955089945,31.2211272300906,0.0 131.01259840291357,31.22112578920492,0.0 131.01260129652775,31.22112434844525,0.0 131.0126041898363,31.22112290781196,0.0 131.01260708283874,31.22112146730536,0.0 131.01260997553425,31.221120026925767,0.0 131.01261286792217,31.22111858667349,0.0 131.01261576000192,31.22111714654884,0.0 131.01261865177287,31.221115706552084,0.0 131.01262154323445,31.221114266683507,0.0 131.01262443438603,31.22111282694337,0.0 131.01262732522707,31.221111387331945,0.0 131.01263021575707,31.221109947849456,0.0 131.01263310597542,31.22110850849613,0.0 131.01263599588168,31.221107069272207,0.0 131.01263888547533,31.22110563017788,0.0 131.0126417747559,31.22110419121335,0.0 131.012644663723,31.2211027523788,0.0 131.0126475523761,31.2211013136744,0.0 131.01265044071496,31.221099875100307,0.0 131.01265332873908,31.221098436656675,0.0 131.0126562164481,31.221096998343626,0.0 131.01265910384177,31.22109556016129,0.0 131.01266199091967,31.221094122109783,0.0 131.0126648776816,31.22109268418919,0.0 131.0126677641272,31.221091246399588,0.0 131.01267065025627,31.221089808741056,0.0 131.01267353606866,31.221088371213657,0.0 131.01267642156404,31.221086933817432,0.0 131.0126793067423,31.22108549655241,0.0 131.01268219160326,31.221084059418605,0.0 131.01268507614685,31.221082622416024,0.0 131.0126879603729,31.22108118554468,0.0 131.0126908442813,31.221079748804527,0.0 131.01269372787206,31.221078312195555,0.0 131.0126966111451,31.22107687571772,0.0 131.0126994941004,31.22107543937096,0.0 131.01270237673796,31.2210740031552,0.0 131.0127052590578,31.221072567070383,0.0 131.01270814106,31.221071131116407,0.0 131.0127110227446,31.221069695293178,0.0 131.0127139041117,31.221068259600568,0.0 131.0127167851614,31.221066824038484,0.0 131.01271966589383,31.221065388606767,0.0 131.0127225463092,31.221063953305286,0.0 131.01272542640757,31.221062518133888,0.0 131.0127283061892,31.221061083092405,0.0 131.0127311856543,31.221059648180663,0.0 131.01273406480303,31.221058213398496,0.0 131.0127369436357,31.221056778745705,0.0 131.01273982215255,31.221055344222098,0.0 131.01274270035387,31.221053909827464,0.0 131.01274557823987,31.221052475561606,0.0 131.0127484558109,31.221051041424296,0.0 131.01275133306734,31.22104960741532,0.0 131.01275421000946,31.221048173534435,0.0 131.01275708663755,31.221046739781407,0.0 131.01275996295206,31.221045306156007,0.0 131.0127628389533,31.221043872657983,0.0 131.01276571464163,31.221042439287103,0.0 131.0127685900175,31.22104100604309,0.0 131.0127714650812,31.221039572925715,0.0 131.01277433983324,31.22103813993472,0.0 131.0127772142739,31.22103670706982,0.0 131.01278008840367,31.2210352743308,0.0 131.01278296222293,31.221033841717368,0.0 131.01278583573207,31.221032409229306,0.0 131.0127887089315,31.22103097686632,0.0 131.01279158182174,31.221029544628188,0.0 131.01279445440306,31.221028112514627,0.0 131.01279732667595,31.22102668052541,0.0 131.01280019864075,31.221025248660293,0.0 131.0128030702979,31.22102381691903,0.0 131.01280594164783,31.22102238530137,0.0 131.0128088126909,31.22102095380712,0.0 131.01281168342751,31.22101952243603,0.0 131.01281455385796,31.221018091187894,0.0 131.0128174239827,31.221016660062475,0.0 131.01282029380212,31.221015229059567,0.0 131.0128231633165,31.221013798179,0.0 131.01282603252622,31.22101236742056,0.0 131.0128289014316,31.221010936784065,0.0 131.0128317700329,31.22100950626937,0.0 131.01283463833047,31.22100807587632,0.0 131.01283750632456,31.22100664560476,0.0 131.01284037401538,31.221005215454543,0.0 131.0128432414032,31.22100378542558,0.0 131.0128461084882,31.22100235551777,0.0 131.0128489752706,31.22100092573101,0.0 131.0128518417505,31.22099949606523,0.0 131.01285470792803,31.220998066520387,0.0 131.01285757380333,31.22099663709644,0.0 131.01286043937645,31.220995207793354,0.0 131.01286330464745,31.220993778611145,0.0 131.01286616961636,31.220992349549817,0.0 131.0128690342831,31.22099092060941,0.0 131.0128718986477,31.22098949178996,0.0 131.01287476270997,31.22098806309157,0.0 131.0128776264699,31.220986634514308,0.0 131.01288048992728,31.22098520605829,0.0 131.01288335308192,31.22098377772368,0.0 131.0128862159336,31.220982349510606,0.0 131.0128890784821,31.220980921419265,0.0 131.012891940727,31.220979493449835,0.0 131.0128948026681,31.220978065602576,0.0 131.01289766430492,31.22097663787769,0.0 131.0129005256371,31.22097521027549,0.0 131.0129033866641,31.220973782796257,0.0 131.0129062473855,31.220972355440296,0.0 131.0129091078007,31.22097092820796,0.0 131.01291196790916,31.220969501099617,0.0 131.01291482771015,31.22096807411564,0.0 131.01291768720316,31.22096664725646,0.0 131.0129205463873,31.220965220522498,0.0 131.01292340526192,31.22096379391424,0.0 131.0129262638262,31.220962367432136,0.0 131.0129291220792,31.22096094107673,0.0 131.0129319800202,31.22095951484853,0.0 131.01293483764812,31.220958088748127,0.0 131.01293769496206,31.220956662776064,0.0 131.01294055196098,31.220955236932955,0.0 131.01294340864382,31.22095381121945,0.0 131.01294626500948,31.220952385636178,0.0 131.0129491210568,31.220950960183814,0.0 131.01295197678462,31.220949534863045,0.0 131.01295483219167,31.220948109674616,0.0 131.01295768727678,31.22094668461924,0.0 131.01296054203857,31.22094525969768,0.0 131.01296339647567,31.22094383491071,0.0 131.0129662505868,31.220942410259138,0.0 131.01296910437048,31.220940985743766,0.0 131.01297195782527,31.220939561365448,0.0 131.0129748109497,31.22093813712502,0.0 131.0129776637422,31.22093671302336,0.0 131.0129805162013,31.22093528906136,0.0 131.01298336832537,31.220933865239896,0.0 131.0129862201128,31.22093244155992,0.0 131.01298907156195,31.220931018022327,0.0 131.0129919226712,31.22092959462808,0.0 131.01299477343886,31.220928171378123,0.0 131.0129976238632,31.22092674827342,0.0 131.01300047394247,31.22092532531496,0.0 131.01300332367492,31.220923902503703,0.0 131.01300617305884,31.22092247984065,0.0 131.0130090220924,31.220921057326823,0.0 131.0130118707738,31.22091963496318,0.0 131.01301471910125,31.22091821275076,0.0 131.01301756707295,31.220916790690552,0.0 131.01302041468702,31.220915368783583,0.0 131.01302326194167,31.22091394703088,0.0 131.01302610883505,31.220912525433416,0.0 131.01302895536531,31.220911103992247,0.0 131.01303180153067,31.22090968270836,0.0 131.01303464732925,31.22090826158276,0.0 131.01303749275917,31.22090684061644,0.0 131.01304033781872,31.220905419810407,0.0 131.01304318250604,31.220903999165635,0.0 131.01304602681932,31.220902578683106,0.0 131.0130488707568,31.22090115836378,0.0 131.0130517143167,31.22089973820861,0.0 131.01305455749727,31.22089831821856,0.0 131.0130574002968,31.22089689839452,0.0 131.01306024271355,31.220895478737408,0.0 131.0130630847459,31.220894059248128,0.0 131.0130659263922,31.220892639927552,0.0 131.01306876765076,31.22089122077652,0.0 131.01307160852008,31.22088980179589,0.0 131.01307444899862,31.22088838298647,0.0 131.01307728908475,31.22088696434905,0.0 131.01308012877715,31.220885545884368,0.0 131.0130829680743,31.2208841275932,0.0 131.01308580697483,31.22088270947624,0.0 131.01308864547747,31.220881291534173,0.0 131.0130914835809,31.220879873767668,0.0 131.0130943212838,31.220878456177346,0.0 131.013097158001,31.220877039056063,0.0 131.01309999374703,31.2208756223966,0.0 131.01310282827427,31.22087420632284,0.0 131.01310566137718,31.22087279093761,0.0 131.01310849285036,31.22087137634376,0.0 131.01311132248833,31.220869962644084,0.0 131.01311415008587,31.220868549941283,0.0 131.01311697543812,31.22086713833788,0.0 131.01311979834054,31.22086572793621,0.0 131.0131226185891,31.22086431883839,0.0 131.01312543598053,31.220862911146163,0.0 131.01312825031204,31.220861504960947,0.0 131.01313106138184,31.220860100383767,0.0 131.01313386898897,31.22085869751516,0.0 131.01313667293354,31.22085729645516,0.0 131.0131394730167,31.220855897303256,0.0 131.01314226904097,31.220854500158303,0.0 131.01314506081,31.220853105118536,0.0 131.0131478481289,31.22085171228145,0.0 131.0131506308044,31.22085032174384,0.0 131.01315340864463,31.220848933601644,0.0 131.01315618145946,31.22084754795001,0.0 131.01315894906062,31.220846164883216,0.0 131.0131617112616,31.220844784494552,0.0 131.01316446787777,31.220843406876405,0.0 131.01316721872666,31.220842032120142,0.0 131.01316996362772,31.220840660316075,0.0 131.01317270240267,31.220839291553453,0.0 131.0131754348755,31.2208379259204,0.0 131.01317816087237,31.22083656350387,0.0 131.0131808802219,31.22083520438965,0.0 131.01318359275524,31.22083384866233,0.0 131.01318629830584,31.220832496405208,0.0 131.01318899670983,31.220831147700338,0.0 131.01319168780603,31.22082980262844,0.0 131.0131943714358,31.22082846126892,0.0 131.01319704744324,31.2208271236998,0.0 131.0131997156753,31.22082578999776,0.0 131.0132023759817,31.220824460238017,0.0 131.01320502821514,31.22082313449442,0.0 131.01320767223095,31.220821812839315,0.0 131.01321030788768,31.22082049534362,0.0 131.01321293504668,31.220819182076767,0.0 131.01321555357245,31.220817873106647,0.0 131.01321816333237,31.22081656849969,0.0 131.013220764197,31.22081526832076,0.0 131.0132233560399,31.22081397263324,0.0 131.01322593873775,31.220812681498863,0.0 131.0132285121705,31.220811394977925,0.0 131.013231076221,31.22081011312906,0.0 131.0132336307754,31.22080883600937,0.0 131.01323617572297,31.220807563674423,0.0 131.0132387109561,31.22080629617812,0.0 131.01324123637048,31.220805033572866,0.0 131.0132437518648,31.22080377590941,0.0 131.0132462573411,31.22080252323696,0.0 131.01324875270447,31.22080127560312,0.0 131.01325123786324,31.22080003305396,0.0 131.0132537127288,31.22079879563392,0.0 131.0132561772158,31.2207975633859,0.0 131.01325863124197,31.220796336351217,0.0 131.01326107472815,31.22079511456964,0.0 131.01326350759842,31.220793898079368,0.0 131.01326592977975,31.22079268691708,0.0 131.01326834120235,31.22079148111789,0.0 131.0132707417994,31.22079028071543,0.0 131.0132731315072,31.22078908574178,0.0 131.01327551026492,31.22078789622753,0.0 131.01327787801483,31.2207867122018,0.0 131.0132802347021,31.220785533692183,0.0 131.0132825802749,31.220784360724867,0.0 131.01328491468416,31.220783193324586,0.0 131.0132872378838,31.2207820315146,0.0 131.01328954983055,31.2207808753168,0.0 131.0132918504839,31.220779724751623,0.0 131.01329413980622,31.2207785798382,0.0 131.01329641776235,31.22077744059424,0.0 131.01329868432015,31.22077630703612,0.0 131.01330093944995,31.220775179178897,0.0 131.0133031831247,31.220774057036312,0.0 131.01330541532,31.22077294062081,0.0 131.01330763601393,31.2207718299436,0.0 131.01330984518708,31.220770725014585,0.0 131.01331204282255,31.220769625842493,0.0 131.0133142289058,31.22076853243482,0.0 131.0133164034247,31.220767444797872,0.0 131.01331856636943,31.220766362936768,0.0 131.01332071773243,31.220765286855528,0.0 131.0133228575085,31.22076421655701,0.0 131.0133249856945,31.220763152043016,0.0 131.0133271022895,31.2207620933142,0.0 131.0133292072948,31.22076104037022,0.0 131.01333130071356,31.22075999320964,0.0 131.01333338255117,31.22075895183001,0.0 131.01333545281497,31.220757916227942,0.0 131.01333751151415,31.22075688639901,0.0 131.01333955865985,31.22075586233788,0.0 131.01334159426509,31.22075484403827,0.0 131.01334361834466,31.220753831493,0.0 131.01334563091513,31.220752824694014,0.0 131.01334763231864,31.22075182346987,0.0 131.01334962255189,31.22075082782252,0.0 131.0133516017617,31.220749837678497,0.0 131.0133535700675,31.220748852978183,0.0 131.01335552758655,31.22074787366289,0.0 131.0133574744343,31.22074689967499,0.0 131.01335941072412,31.220745930957825,0.0 131.01336133656736,31.220744967455747,0.0 131.01336325207356,31.22074400911403,0.0 131.01336515735036,31.22074305587888,0.0 131.0133670525036,31.220742107697426,0.0 131.01336893763727,31.22074116451768,0.0 131.0133708128537,31.220740226288527,0.0 131.0133726782535,31.22073929295972,0.0 131.01337453393552,31.220738364481807,0.0 131.0133763799971,31.22073744080619,0.0 131.01337821653405,31.22073652188504,0.0 131.01338004364038,31.220735607671305,0.0 131.01338186140885,31.220734698118694,0.0 131.0133836699305,31.220733793181687,0.0 131.01338546929503,31.220732892815462,0.0 131.0133872595908,31.22073199697593,0.0 131.01338904090454,31.220731105619706,0.0 131.01339081332185,31.220730218704027,0.0 131.0133925769268,31.220729336186874,0.0 131.01339433180237,31.22072845802684,0.0 131.01339607802993,31.220727584183177,0.0 131.01339781568998,31.22072671461576,0.0 131.0133995448615,31.220725849285067,0.0 131.01340126562246,31.220724988152195,0.0 131.01340297804947,31.22072413117879,0.0 131.01340468221815,31.22072327832712,0.0 131.0134063782029,31.22072242956,0.0 131.013408066077,31.2207215848408,0.0 131.01340974591267,31.220720744133416,0.0 131.0134114177812,31.22071990740232,0.0 131.01341308175256,31.22071907461244,0.0 131.01341473789597,31.22071824572924,0.0 131.0134163862795,31.22071742071872,0.0 131.0134180269702,31.22071659954732,0.0 131.0134196600343,31.220715782181987,0.0 131.01342128553696,31.22071496859012,0.0 131.01342290354256,31.2207141587396,0.0 131.0134245141145,31.220713352598715,0.0 131.0134261173152,31.22071255013625,0.0 131.01342771320634,31.22071175132143,0.0 131.0134293018487,31.22071095612385,0.0 131.01343088330222,31.22071016451356,0.0 131.013432457626,31.220709376461,0.0 131.01343402487842,31.22070859193704,0.0 131.01343558511695,31.22070781091289,0.0 131.0134371383984,31.220707033360235,0.0 131.01343868477866,31.220706259251056,0.0 131.0134402243131,31.22070548855776,0.0 131.0134417570561,31.22070472125309,0.0 131.01344328306163,31.22070395731013,0.0 131.01344480238265,31.22070319670237,0.0 131.0134463150716,31.220702439403617,0.0 131.0134478211802,31.220701685388,0.0 131.0134493207595,31.22070093463,0.0 131.01345081385992,31.220700187104423,0.0 131.0134523005312,31.22069944278639,0.0 131.01345378082252,31.22069870165133,0.0 131.01345525478234,31.220697963675,0.0 131.01345672245856,31.22069722883346,0.0 131.0134581838985,31.220696497103035,0.0 131.01345963914892,31.220695768460384,0.0 131.01346108825587,31.22069504288241,0.0 131.01346253126508,31.22069432034636,0.0 131.01346396822143,31.22069360082968,0.0 131.01346539916952,31.220692884310143,0.0 131.01346682415317,31.220692170765776,0.0 131.01346824321587,31.22069146017488,0.0 131.01346965640053,31.22069075251597,0.0 131.01347106374956,31.220690047767864,0.0 131.01347246530477,31.22068934590961,0.0 131.01347386110763,31.220688646920493,0.0 131.01347525119908,31.220687950780054,0.0 131.01347663561953,31.22068725746806,0.0 131.01347801440895,31.22068656696452,0.0 131.0134793876069,31.220685879249626,0.0 131.0134807552525,31.220685194303872,0.0 131.01348211738423,31.220684512107933,0.0 131.01348347404047,31.220683832642685,0.0 131.01348482525893,31.22068315588924,0.0 131.01348617107692,31.220682481828906,0.0 131.0134875115314,31.2206818104432,0.0 131.01348884665893,31.220681141713847,0.0 131.01349017649562,31.220680475622803,0.0 131.0134915010772,31.22067981215215,0.0 131.01349282043904,31.2206791512842,0.0 131.01349413461617,31.220678493001465,0.0 131.0134954436431,31.220677837286622,0.0 131.01349674755414,31.22067718412257,0.0 131.0134980463831,31.22067653349234,0.0 131.01349934016352,31.22067588537916,0.0 131.0135006289286,31.220675239766447,0.0 131.01350191271112,31.22067459663775,0.0 131.01350319154355,31.220673955976835,0.0 131.01350446545814,31.220673317767623,0.0 131.0135057344866,31.220672681994174,0.0 131.0135069986605,31.22067204864073,0.0 131.01350825801097,31.220671417691705,0.0 131.0135095125689,31.220670789131614,0.0 131.0135107623649,31.220670162945176,0.0 131.0135120074291,31.22066953911728,0.0 131.01351324779162,31.220668917632896,0.0 131.013514483482,31.220668298477207,0.0 131.01351571452966,31.22066768163548,0.0 131.0135169409637,31.22066706709318,0.0 131.01351816281294,31.220666454835875,0.0 131.0135193801059,31.220665844849297,0.0 131.0135205928708,31.220665237119288,0.0 131.01352180113568,31.22066463163185,0.0 131.0135230049283,31.220664028373108,0.0 131.01352420427608,31.22066342732929,0.0 131.0135253992062,31.2206628284868,0.0 131.0135265897457,31.220662231832133,0.0 131.01352777592126,31.220661637351927,0.0 131.01352895775935,31.22066104503292,0.0 131.01353013528615,31.220660454862006,0.0 131.01353130852775,31.22065986682616,0.0 131.01353247750984,31.220659280912496,0.0 131.01353364225793,31.220658697108256,0.0 131.01353480279732,31.220658115400777,0.0 131.0135359591531,31.2206575357775,0.0 131.0135371113501,31.22065695822599,0.0 131.01353825941297,31.22065638273392,0.0 131.0135394033661,31.22065580928909,0.0 131.01354054323372,31.220655237879363,0.0 131.01354167903983,31.22065466849276,0.0 131.01354281080816,31.22065410111734,0.0 131.01354393856235,31.22065353574132,0.0 131.01354506232576,31.220652972353008,0.0 131.01354618212156,31.220652410940783,0.0 131.01354729797276,31.22065185149316,0.0 131.01354840990214,31.220651293998703,0.0 131.01354951793235,31.22065073844613,0.0 131.01355062208577,31.22065018482421,0.0 131.0135517223846,31.220649633121823,0.0 131.0135528188509,31.220649083327928,0.0 131.0135539115066,31.2206485354316,0.0 131.01355500037337,31.22064798942196,0.0 131.01355608547274,31.220647445288247,0.0 131.013557166826,31.22064690301981,0.0 131.01355824445432,31.220646362606026,0.0 131.01355931837873,31.220645824036417,0.0 131.0135603886201,31.22064528730053,0.0 131.01356145519907,31.22064475238805,0.0 131.01356251813607,31.220644219288705,0.0 131.01356357745155,31.220643687992325,0.0 131.01356463316563,31.220643158488805,0.0 131.0135656852984,31.22064263076813,0.0 131.0135667338697,31.220642104820364,0.0 131.0135677788993,31.22064158063564,0.0 131.01356882040665,31.22064105820416,0.0 131.01356985841127,31.220640537516232,0.0 131.0135708929324,31.220640018562207,0.0 131.0135719239892,31.220639501332528,0.0 131.01357295160062,31.220638985817697,0.0 131.01357397578545,31.220638472008297,0.0 131.01357499656245,31.220637959895,0.0 131.01357601395017,31.220637449468487,0.0 131.01357702796705,31.220636940719576,0.0 131.01357803863135,31.22063643363913,0.0 131.01357904596117,31.220635928218066,0.0 131.0135800499746,31.220635424447384,0.0 131.01358105068945,31.220634922318155,0.0 131.0135820481235,31.220634421821497,0.0 131.01358304229444,31.220633922948608,0.0 131.01358403321967,31.220633425690743,0.0 131.0135850209166,31.220632930039223,0.0 131.0135860054024,31.220632435985447,0.0 131.01358698669432,31.220631943520846,0.0 131.01358796480926,31.22063145263693,0.0 131.0135889397641,31.220630963325284,0.0 131.01358991157562,31.22063047557752,0.0 131.01359088026044,31.22062998938536,0.0 131.01359184583507,31.220629504740515,0.0 131.0135928083159,31.220629021634824,0.0 131.01359376771924,31.22062854006015,0.0 131.01359472406125,31.22062806000841,0.0 131.01359567735796,31.2206275814716,0.0 131.01359662762536,31.220627104441736,0.0 131.0135975748792,31.22062662891096,0.0 131.0135985191353,31.22062615487137,0.0 131.01359946040918,31.220625682315216,0.0 131.01360039871642,31.220625211234747,0.0 131.0136013340724,31.22062474162225,0.0 131.01360226649234,31.220624273470136,0.0 131.0136031959915,31.220623806770806,0.0 131.0136041225849,31.220623341516752,0.0 131.01360504628758,31.220622877700485,0.0 131.0136059671144,31.220622415314576,0.0 131.0136068850801,31.220621954351703,0.0 131.01360780019928,31.2206214948045,0.0 131.01360871248667,31.22062103666572,0.0 131.01360962195665,31.220620579928138,0.0 131.0136105286236,31.2206201245846,0.0 131.01361143250176,31.22061967062797,0.0 131.01361233360538,31.2206192180512,0.0 131.01361323194843,31.22061876684725,0.0 131.01361412754508,31.220618317009155,0.0 131.01361502040905,31.22061786853,0.0 131.0136159105542,31.22061742140292,0.0 131.0136167979942,31.22061697562104,0.0 131.01361768274273,31.220616531177605,0.0 131.01361856481324,31.220616088065874,0.0 131.0136194442192,31.220615646279164,0.0 131.01362032097387,31.220615205810823,0.0 131.01362119509062,31.22061476665425,0.0 131.01362206658257,31.22061432880289,0.0 131.0136229354627,31.22061389225024,0.0 131.0136238017441,31.22061345698984,0.0 131.0136246654396,31.22061302301524,0.0 131.01362552656207,31.22061259032008,0.0 131.01362638512416,31.220612158898017,0.0 131.01362724113855,31.22061172874278,0.0 131.0136280946178,31.22061129984809,0.0 131.0136289455743,31.22061087220777,0.0 131.01362979402057,31.220610445815645,0.0 131.01363063996882,31.22061002066559,0.0 131.01363148343123,31.22060959675152,0.0 131.01363232442003,31.2206091740674,0.0 131.01363316294723,31.22060875260723,0.0 131.0136339990248,31.22060833236506,0.0 131.01363483266468,31.22060791333497,0.0 131.01363566387863,31.220607495511064,0.0 131.01363649267836,31.220607078887525,0.0 131.01363731907557,31.220606663458565,0.0 131.01363814308186,31.2206062492184,0.0 131.01363896470866,31.22060583616133,0.0 131.0136397839675,31.22060542428165,0.0 131.0136406008696,31.22060501357377,0.0 131.0136414154263,31.220604604032047,0.0 131.01364222764877,31.220604195650928,0.0 131.01364303754815,31.22060378842488,0.0 131.01364384513545,31.22060338234844,0.0 131.01364465042164,31.22060297741612,0.0 131.0136454534176,31.22060257362253,0.0 131.01364625413424,31.220602170962287,0.0 131.0136470525822,31.220601769430047,0.0 131.0136478487722,31.220601369020525,0.0 131.01364864271483,31.22060096972844,0.0 131.01364943442064,31.220600571548548,0.0 131.01365022390004,31.22060017447568,0.0 131.01365101116343,31.220599778504663,0.0 131.01365179622118,31.22059938363037,0.0 131.01365257908353,31.22059898984772,0.0 131.01365335976055,31.22059859715167,0.0 131.01365413826244,31.220598205537183,0.0 131.0136549145992,31.22059781499928,0.0 131.01365568878083,31.22059742553301,0.0 131.01365646081723,31.22059703713347,0.0 131.01365723071817,31.220596649795777,0.0 131.0136579984935,31.22059626351505,0.0 131.01365876415284,31.220595878286527,0.0 131.01365952770587,31.2205954941054,0.0 131.01366028916215,31.220595110966915,0.0 131.01366104853116,31.22059472886636,0.0 131.01366180582235,31.220594347799054,0.0 131.01366256104507,31.22059396776037,0.0 131.01366331420863,31.22059358874566,0.0 131.01366406532233,31.220593210750348,0.0 131.01366481439524,31.22059283376989,0.0 131.01366556143657,31.220592457799768,0.0 131.0136663064553,31.220592082835463,0.0 131.0136670494604,31.22059170887256,0.0 131.01366779046083,31.2205913359066,0.0 131.0136685294655,31.2205909639332,0.0 131.0136692664831,31.22059059294797,0.0 131.01367000152248,31.22059022294661,0.0 131.01367073459227,31.220589853924817,0.0 131.0136714657011,31.22058948587829,0.0 131.01367219485743,31.2205891188028,0.0 131.01367292206987,31.220588752694123,0.0 131.01367364734682,31.220588387548084,0.0 131.01367437069666,31.22058802336051,0.0 131.01367509212773,31.220587660127308,0.0 131.01367581164823,31.220587297844343,0.0 131.01367652926643,31.220586936507576,0.0 131.0136772449904,31.22058657611296,0.0 131.0136779588283,31.22058621665647,0.0 131.01367867078818,31.220585858134136,0.0 131.01367938087793,31.220585500542004,0.0 131.01368008910546,31.220585143876143,0.0 131.0136807954787,31.22058478813265,0.0 131.01368150000545,31.22058443330766,0.0 131.0136822026934,31.220584079397337,0.0 131.0136829035503,31.220583726397848,0.0 131.01368360258377,31.22058337430541,0.0 131.0136842998014,31.22058302311625,0.0 131.01368499521072,31.22058267282665,0.0 131.01368568881924,31.2205823234329,0.0 131.01368638063434,31.220581974931303,0.0 131.01368707066342,31.220581627318207,0.0 131.01368775891376,31.22058128058997,0.0 131.01368844539272,31.22058093474301,0.0 131.0136891301074,31.22058058977373,0.0 131.01368981306507,31.22058024567857,0.0 131.01369049427277,31.22057990245401,0.0 131.01369117373758,31.22057956009656,0.0 131.01369185146655,31.22057921860271,0.0 131.0136925274666,31.220578877969007,0.0 131.01369320174467,31.220578538192047,0.0 131.01369387430762,31.22057819926841,0.0 131.01369454516228,31.22057786119471,0.0 131.01369521431536,31.220577523967588,0.0 131.01369588177363,31.22057718758372,0.0 131.01369654754376,31.220576852039773,0.0 131.01369721163235,31.22057651733249,0.0 131.013697874046,31.220576183458576,0.0 131.0136985347912,31.220575850414807,0.0 131.01369919387443,31.22057551819797,0.0 131.01369985130222,31.22057518680486,0.0 131.01370050708087,31.220574856232307,0.0 131.01370116121672,31.22057452647716,0.0 131.01370181371607,31.220574197536283,0.0 131.01370246458526,31.2205738694066,0.0 131.0137031138304,31.22057354208498,0.0 131.0137037614577,31.22057321556839,0.0 131.01370440747323,31.2205728898538,0.0 131.0137050518831,31.22057256493816,0.0 131.0137056946934,31.220572240818484,0.0 131.01370633591003,31.220571917491803,0.0 131.01370697553904,31.22057159495516,0.0 131.0137076135862,31.220571273205607,0.0 131.01370825005748,31.220570952240248,0.0 131.01370888495865,31.22057063205617,0.0 131.0137095182955,31.22057031265051,0.0 131.0137101500738,31.220569994020405,0.0 131.0137107802992,31.220569676163027,0.0 131.01371140897737,31.22056935907557,0.0 131.01371203611393,31.22056904275524,0.0 131.0137126617145,31.22056872719924,0.0 131.01371328578455,31.22056841240484,0.0 131.01371390832955,31.22056809836928,0.0 131.01371452935507,31.22056778508988,0.0 131.0137151488665,31.22056747256389,0.0 131.01371576686918,31.22056716078868,0.0 131.01371638336843,31.220566849761543,0.0 131.01371699836963,31.22056653947988,0.0 131.013717611878,31.22056622994105,0.0 131.0137182238988,31.220565921142445,0.0 131.01371883443716,31.22056561308148,0.0 131.0137194434983,31.22056530575558,0.0 131.01372005108732,31.220564999162207,0.0 131.0137206572093,31.22056469329881,0.0 131.01372126186928,31.220564388162888,0.0 131.01372186507228,31.22056408375193,0.0 131.01372246682328,31.22056378006346,0.0 131.0137230671272,31.22056347709503,0.0 131.01372366598895,31.22056317484417,0.0 131.01372426341342,31.22056287330845,0.0 131.0137248594054,31.22056257248548,0.0 131.01372545396978,31.22056227237283,0.0 131.01372604711125,31.22056197296815,0.0 131.01372663883458,31.220561674269053,0.0 131.01372722914442,31.22056137627322,0.0 131.0137278180455,31.22056107897829,0.0 131.0137284055424,31.220560782381988,0.0 131.01372899163977,31.22056048648197,0.0 131.01372957634214,31.220560191275982,0.0 131.01373015965405,31.22055989676176,0.0 131.01373074157996,31.22055960293704,0.0 131.01373132212444,31.220559309799583,0.0 131.0137319012918,31.2205590173472,0.0 131.01373247908657,31.22055872557766,0.0 131.01373305551303,31.22055843448879,0.0 131.01373363057556,31.220558144078417,0.0 131.01373420427845,31.22055785434437,0.0 131.01373477662602,31.22055756528453,0.0 131.01373534762243,31.22055727689676,0.0 131.013735917272,31.220556989178945,0.0 131.01373648557887,31.22055670212899,0.0 131.0137370525472,31.220556415744827,0.0 131.01373761818107,31.220556130024384,0.0 131.0137381824846,31.2205558449656,0.0 131.0137387454619,31.220555560566464,0.0 131.0137393071169,31.22055527682493,0.0 131.0137398674537,31.220554993739007,0.0 131.01374042647615,31.220554711306704,0.0 131.01374098418833,31.220554429526043,0.0 131.01374154059403,31.22055414839505,0.0 131.01374209569724,31.220553867911807,0.0 131.01374264950172,31.220553588074367,0.0 131.01374320201134,31.22055330888081,0.0 131.01374375322985,31.22055303032924,0.0 131.013744303161,31.22055275241776,0.0 131.01374485180855,31.220552475144512,0.0 131.01374539917623,31.22055219850764,0.0 131.01374594526763,31.220551922505283,0.0 131.0137464900864,31.22055164713563,0.0 131.01374703363624,31.22055137239687,0.0 131.01374757592063,31.2205510982872,0.0 131.01374811694313,31.22055082480481,0.0 131.01374865670726,31.22055055194798,0.0 131.01374919521655,31.220550279714946,0.0 131.0137497324744,31.22055000810395,0.0 131.01375026848427,31.22054973711328,0.0 131.01375080324948,31.220549466741232,0.0 131.01375133677348,31.22054919698611,0.0 131.01375186905955,31.22054892784624,0.0 131.01375240011103,31.220548659319963,0.0 131.01375292993117,31.220548391405632,0.0 131.0137534585232,31.220548124101608,0.0 131.0137539858903,31.22054785740629,0.0 131.01375451203563,31.220547591318088,0.0 131.0137550369624,31.22054732583541,0.0 131.01375556067367,31.22054706095668,0.0 131.01375608317247,31.22054679668037,0.0 131.01375660446195,31.22054653300493,0.0 131.013757124545,31.220546269928867,0.0 131.01375764342467,31.220546007450665,0.0 131.01375816110385,31.220545745568856,0.0 131.01375867758543,31.220545484281963,0.0 131.01375919287233,31.220545223588545,0.0 131.0137597069673,31.22054496348716,0.0 131.01376021987323,31.22054470397643,0.0 131.0137607315928,31.220544445054934,0.0 131.0137612421288,31.22054418672132,0.0 131.0137617514838,31.220543928974216,0.0 131.01376225966055,31.22054367181229,0.0 131.0137627666616,31.22054341523424,0.0 131.01376327248954,31.22054315923875,0.0 131.01376377714683,31.22054290382456,0.0 131.01376428063605,31.220542648990417,0.0 131.01376478295956,31.220542394735084,0.0 131.01376528411978,31.22054214105733,0.0 131.01376578411907,31.22054188795599,0.0 131.0137662829597,31.22054163542989,0.0 131.013766780644,31.22054138347786,0.0 131.0137672771741,31.22054113209881,0.0 131.01376777255223,31.22054088129161,0.0 131.01376826678052,31.220540631055208,0.0 131.013768759861,31.22054038138856,0.0 131.01376925179565,31.22054013229061,0.0 131.0137697425865,31.2205398837604,0.0 131.01377023223543,31.220539635796925,0.0 131.01377072074436,31.220539388399256,0.0 131.013771208115,31.220539141566487,0.0 131.01377169434912,31.220538895297715,0.0 131.01377217944844,31.2205386495921,0.0 131.01377266341453,31.220538404448792,0.0 131.01377314624892,31.22053815986701,0.0 131.01377362795316,31.220537915846023,0.0 131.01377410852862,31.220537672385063,0.0 131.01377458797663,31.220537429483464,0.0 131.0137750662986,31.22053718714055,0.0 131.01377554349557,31.220536945355736,0.0 131.01377601956872,31.220536704128406,0.0 131.0137764945191,31.22053646345806,0.0 131.01377696834768,31.220536223344165,0.0 131.01377744105528,31.22053598378631,0.0 131.01377791264272,31.22053574478404,0.0 131.01377838311066,31.22053550633703,0.0 131.01377885245967,31.22053526844497,0.0 131.01377932069025,31.22053503110758,0.0 131.01377978780275,31.22053479432468,0.0 131.01378025379745,31.22053455809612,0.0 131.01378071867447,31.220534322421788,0.0 131.01378118243383,31.220534087301687,0.0 131.01378164507537,31.22053385273584,0.0 131.0137821066183,31.220533618714768,0.0 131.01378256706178,31.220533385238827,0.0 131.0137830264139,31.220533152304053,0.0 131.01378348468114,31.22053291990722,0.0 131.0137839418699,31.220532688045115,0.0 131.01378439798668,31.220532456714512,0.0 131.01378485303795,31.22053222591224,0.0 131.01378530703008,31.22053199563508,0.0 131.0137857599695,31.22053176587989,0.0 131.0137862118625,31.220531536643502,0.0 131.01378666271546,31.220531307922787,0.0 131.01378711253463,31.2205310797146,0.0 131.01378756132638,31.220530852015823,0.0 131.01378800909683,31.22053062482337,0.0 131.0137884558523,31.22053039813416,0.0 131.01378890159896,31.2205301719451,0.0 131.01378934634292,31.22052994625315,0.0 131.01378979009033,31.22052972105527,0.0 131.01379023284727,31.220529496348448,0.0 131.0137906746198,31.22052927212966,0.0 131.013791115414,31.220529048395928,0.0 131.0137915552358,31.220528825144264,0.0 131.01379199409115,31.22052860237173,0.0 131.01379243198608,31.22052838007537,0.0 131.01379286892637,31.22052815825229,0.0 131.01379330491793,31.22052793689956,0.0 131.01379373996656,31.22052771601429,0.0 131.01379417407807,31.220527495593632,0.0 131.0137946072582,31.22052727563472,0.0 131.01379503951264,31.22052705613473,0.0 131.01379518250596,31.22052698088232,0.0 131.0137954503076,31.22052684634024,0.0 131.01379561124523,31.22052675534744,0.0 131.01379588077344,31.220526631360528,0.0 131.01379580405873,31.220526651053945,0.0 131.01379603355812,31.22052653833905,0.0</coordinates>
            </LineString>
        </Placemark>
    </Document>
</kml>
