<?xml version="1.0" encoding="UTF-8"?>
<kml xmlns="http://www.opengis.net/kml/2.2" xmlns:gx="http://www.google.com/kml/ext/2.2">
    <Document id="611">
        <Style id="614">
            <LineStyle id="615">
                <color>ff0000ff</color>
                <colorMode>normal</colorMode>
                <width>3</width>
            </LineStyle>
        </Style>
        <Style id="618">
            <LineStyle id="619">
                <color>ff00ff00</color>
                <colorMode>normal</colorMode>
                <width>3</width>
            </LineStyle>
        </Style>
        <Placemark id="613">
            <name>flight_path</name>
            <styleUrl>#614</styleUrl>
            <LineString id="612">
                <altitudeMode>relativeToGround</altitudeMode>
                <coordinates>131.010392,31.222216000000007,3.000000004412624 131.01039200000545,31.2222159999906,3.0000027264578115 131.01039200001028,31.222215999993875,3.000003012779584 131.01039200001028,31.222215999993875,3.000003012779584 131.0103920000103,31.222215999993875,3.000003012779584 131.0103920186648,31.22221599084417,3.0022578683165726 131.0103920748901,31.222215963420645,3.0148070948829484 131.01039215993478,31.22221592194644,3.034007106185365 131.010392249151,31.222215878416662,3.0533625227734102 131.010392395381,31.222215807126663,3.0872373379337144 131.01039249716985,31.22221575742821,3.108054756618066 131.01039266702276,31.22221567459415,3.1463955357590927 131.0103928374792,31.222215591440023,3.1839242398255614 131.01039302080284,31.222215502000264,3.223974375587493 131.01039322708232,31.222215401367297,3.2692888586088302 131.01039345272457,31.222215291288936,3.3188919014122904 131.01039369258763,31.22221517426644,3.371386619342709 131.01039395005884,31.222215048652007,3.4276944029464915 131.01039421644953,31.222214918672204,3.4854544955210374 131.01039450845172,31.22221477620725,3.5492041954075195 131.0103948069986,31.222214630532072,3.613762698551086 131.01039512776407,31.22221447402223,3.683390064561909 131.01039545946077,31.222214312168344,3.755020054475544 131.01039580637274,31.222214142886457,3.829817427166218 131.0103961752949,31.22221396287121,3.9096291894311377 131.01039655164234,31.222213779217327,3.990493875776049 131.01039694683445,31.222213586369925,4.075514149527917 131.01039735714872,31.222213386139742,4.163679749421614 131.01039778575063,31.22221317698696,4.255850937946337 131.01039822638555,31.22221296195409,4.350330148726012 131.0103986893425,31.22221273603605,4.449911131273628 131.01039915904306,31.22221250681097,4.550366250306302 131.01039964456635,31.22221226986224,4.6541599204829485 131.0104001456363,31.22221202532413,4.76121747643528 131.0104006630688,31.222211772799746,4.871760278464286 131.01040119449576,31.22221151344101,4.985146518681852 131.01040173375296,31.22221125024659,5.09970618818231 131.0104022910162,31.22221097826628,5.218196267981704 131.0104028640733,31.222210698576216,5.3400168125759615 131.010403448877,31.222210413145216,5.46407221098422 131.01040405025552,31.222210119624407,5.591668537551862 131.01040466068557,31.22220982167371,5.720771220823895 131.01040528477773,31.22220951705013,5.852626222659345 131.01040592505373,31.222209204526795,5.987913035433971 131.01040658160653,31.2222088840584,6.126654815184158 131.010407247809,31.222208558868967,6.267063794345923 131.0104079271538,31.222208227259305,6.410080946913928 131.01040862461,31.222207886811766,6.557041301871459 131.01040934016976,31.222207537530053,6.707938841696294 131.01041005778333,31.222207187222743,6.858461165663568 131.01041079218817,31.22220682871958,7.01256490295335 131.01041154438693,31.222206461532508,7.170512587686416 131.01041230918216,31.222206088190248,7.330908415474931 131.0104130807204,31.222205711540788,7.492187090976883 131.01041387233195,31.22220532509796,7.657906204415424 131.01041467658197,31.22220493247912,7.826075397300557 131.0104154908101,31.222204534978747,7.995984826367083 131.01041632244997,31.222204133689807,8.169593172790162 131.0104171667305,31.22220372134136,8.344710506113293 131.0104180248217,31.222203304343555,8.522579712434792 131.0104189058992,31.22220287574475,8.705206436475526 131.0104197935568,31.222202443881777,8.88830931073508 131.01042069573984,31.22220200487492,9.073990989058064 131.01042161673345,31.2222015566156,9.263373231731476 131.01042255847096,31.22220109814213,9.456959566578677 131.0104234984065,31.222200640502145,9.648803411527616 131.0104244566877,31.222200173814294,9.844225742323594 131.0104254422921,31.22219969364461,10.045595346197812 131.01042643329444,31.222199210762977,10.247120696082812 131.01042743294178,31.22219872357796,10.44966333678483 131.01042845349227,31.22219822603815,10.6564793419168 131.01042949149365,31.222197719829428,10.866664618529205 131.01043053793833,31.222197209396136,11.077826784196088 131.0104315958798,31.22219669322789,11.290785183087529 131.0104326728899,31.222196167565706,11.50758549976726 131.01043376919233,31.22219563228317,11.72831343573427 131.01043486607347,31.22219509666176,11.947917877422697 131.01043598427142,31.222194550402108,12.172034241209166 131.0104371151878,31.22219399776188,12.398352910801524 131.01043825754255,31.222193439374124,12.626537128907003 131.01043940910836,31.222192876344863,12.855984332651508 131.01044058264873,31.22219230229737,13.090273039438248 131.01044176723232,31.222191722676136,13.326390916792548 131.01044295616532,31.22219114082948,13.56244966886858 131.0104441653736,31.22219054878157,13.802995950761328 131.0104453909695,31.22218994846183,14.046988818052489 131.0104466171229,31.222189347809167,14.289863662778448 131.01044786053183,31.2221887384396,14.536492212726056 131.01044911862004,31.22218812163113,14.786196074717932 131.01045038573156,31.222187500223832,15.037329679674832 131.0104516625914,31.22218687385008,15.290127744088762 131.01045295319545,31.22218624048632,15.545853194716958 131.0104542563517,31.22218560072383,15.80420483851238 131.01045556490664,31.22218495817578,16.06298033820088 131.0104568890222,31.22218430769314,16.325426050475528 131.01045822623664,31.22218365050915,16.59085391755428 131.01045956735445,31.222182991287,16.856304080565913 131.01046092614928,31.22218232302362,17.126360163234647 131.01046229313067,31.22218165053268,17.397956609126496 131.0104636635642,31.222180976227417,17.669476266568854 131.01046505125447,31.22218029305964,17.945763089680945 131.0104664477326,31.22217960533816,18.223979009106497 131.01046785209837,31.2221789135211,18.50382985161498 131.01046926772497,31.22217821587418,18.786617597404604 131.01047068917867,31.222177515176515,19.07039410388366 131.01047211725657,31.222176811016663,19.355490946729702 131.0104735607342,31.222176098868182,19.64545695701247 131.0104750027365,31.2221753874164,19.933672425505367 131.01047645976277,31.22217466814857,20.226858176705925 131.01047792521632,31.22217394445358,20.52249913804525 131.01047939261835,31.22217321968522,20.817838336832235 131.01048086808328,31.22217249067212,21.11557244062096 131.01048236044383,31.222171752804247,21.41995431309969 131.01048385219778,31.22217101517796,21.723049533562747 131.01048534474432,31.22217027707864,22.02533941820184 131.0104868561974,31.22216952902441,22.335965106772925 131.01048836246733,31.222168783608463,22.642996971743383 131.010489877245,31.22216803366129,22.95341473219101 131.01049141004273,31.222167274145967,23.27287677990605 131.01049292846974,31.22216652213393,23.583282716065668 131.01049446412316,31.222165760948844,23.9026902431462 131.0104960079571,31.22216499533107,24.226464182902912 131.0104975414648,31.222164235128343,24.54276002971944 131.01049909410102,31.222163464649626,24.87079208836996 131.01050064310556,31.22216269601551,25.19578098847595 131.0105021929077,31.22216192687855,25.52043038400258 131.01050375669,31.222161150115145,25.85512032845517 131.01050531445208,31.222160376505126,26.184595268495976 131.01050687579152,31.222159600873223,26.51624880788052 131.01050844697463,31.22215881976327,26.85634010180288 131.0105100117526,31.2221580420569,27.190143191629044 131.01051158333863,31.22215726050556,27.530181751959294 131.01051315757573,31.222156477361047,27.873091513814167 131.01051472810758,31.22215569617528,28.211573228829423 131.01051630735083,31.22215490997249,28.560724479210503 131.01051788229273,31.222154126064808,28.904697107347364 131.01051945880425,31.22215334114476,29.2508516931928 131.0105210406743,31.22215255296432,29.60634902388884 131.01052261769803,31.22215176745381,29.954563898128992 131.01052419730456,31.22215098026997,30.30821904972869 131.01052577869172,31.22215019180118,30.667736717221967 131.01052735667758,31.222149405227583,31.0209107978777 131.01052893719455,31.22214861684501,31.383224987255765 131.01053051564514,31.22214782952977,31.742565023963984 131.01053209338804,31.222147042432663,32.102523674575295 131.01053367185352,31.22214625440316,32.47283934123748 131.01053524772226,31.222145467919724,32.83539360689777 131.0105368230182,31.222144681425306,33.20237077466064 131.01053839710912,31.22214389506425,33.578096800503005 131.0105399695382,31.222143109870263,33.94362213383768 131.01054154020764,31.22214232497896,34.32081312203736 131.01054310904243,31.222141540981312,34.696496660061285 131.01054467662385,31.2221407576274,35.06944233873087 131.01054624054913,31.222139975571416,35.454036855695605 131.01054780383822,31.22213919402866,35.831308286308534 131.0105493642704,31.222138413650622,36.21352593476084 131.010550921325,31.22213763472031,36.600530517955086 131.01055247803694,31.222136856082724,36.98178587812516 131.01055402955947,31.22213607964468,37.372835138626826 131.01055558027403,31.22213530367737,37.75976723556671 131.0105571286998,31.222134528763064,38.147383899915376 131.01055867117563,31.222133756495914,38.54414773193668 131.0105602142646,31.22213298406088,38.93400681257848 131.01056175298567,31.22213221361221,39.328889951143886 131.01056328781058,31.222131444976032,39.7271229971529 131.01056482237595,31.222130676522603,40.12111357827337 131.01056634926616,31.222129911605844,40.526037235059405 131.01056787739543,31.222129146188447,40.923764851144654 131.0105694014707,31.22212838267624,41.32504226529491 131.0105709182183,31.222127622610326,41.73586465699249 131.01057243843263,31.22212686098017,42.1356400714872 131.01057395009008,31.222126103386696,42.5473707220799 131.01057546190543,31.22212534576535,42.95443759883406 131.01057697070252,31.222124589600703,43.362986688320895 131.01057847325907,31.22212383643404,43.77921844866293 131.0105799773405,31.22212308257464,44.18827382172196 131.01058147448654,31.222122332059087,44.60670328018445 131.01058297100033,31.222121581879176,45.02222391245905 131.01058446564596,31.222120832621336,45.43729037373915 131.01058595388258,31.2221200864902,45.86169627183254 131.0105874440043,31.22211933946772,46.27779304335112 131.01058892817585,31.22211859536224,46.70301383982692 131.01059041170333,31.222117851593847,47.12558748866051 131.01059189324266,31.222117108815976,47.54863686055587 131.01059337002496,31.222116368401466,47.98007150924413 131.01059484820243,31.222115627310508,48.403067402903375 131.01059632130048,31.22211488875604,48.83693816901094 131.0105977947643,31.222114150031743,49.26508567730822 131.01059926599572,31.222113412434247,49.69625312778698 131.01060073464984,31.222112676152125,50.13371540043895 131.0106022036871,31.222111939676395,50.563655910554594 131.01060366992184,31.22211120464792,51.00401622849551 131.01060513603747,31.2221104696812,51.43920965992844 131.01060660098673,31.22210973532488,51.87692135325552 131.0106080650265,31.22210900147802,52.32147736506037 131.0106095286103,31.22210826783777,52.7576840198273 131.01061099196343,31.222107534396503,53.20518145800398 131.01061245479707,31.22210680120876,53.64737295947259 131.01061391749496,31.22210606812408,54.091712269125054 131.010615380839,31.222105334768298,54.54030077031066 131.01061684315667,31.22210460191484,54.983656373798645 131.01061830810232,31.22210386784029,55.43715435636727 131.01061977159048,31.222103134474068,55.884068586610574 131.01062123685597,31.222102400274167,56.33557793806095 131.01062270346156,31.22210166544013,56.78886759622864 131.01062416883352,31.22210093121696,57.23787467133902 131.0106256406519,31.22210019387069,57.698705392966296 131.0106271083771,31.22209945852825,58.1495322915978 131.0106285817654,31.22209872042769,58.608910109118746 131.01063005530267,31.22209798225973,59.06630694587892 131.01063152911362,31.22209724396636,59.52234259761649 131.01063301016092,31.222096502111537,59.98657387898498 131.01063448717346,31.222095762254163,60.443193437426096 131.01063597284707,31.22209501811584,60.90882211436536 131.01063745669418,31.222094274885343,61.36993036606136 131.01063894367442,31.22209353010383,61.832637035034224 131.010640437243,31.222092782043458,62.30024558565046 131.01064192668738,31.2220920360422,62.761340968245946 131.01064342934723,31.22209128344028,63.23350470397333 131.01064492673711,31.22209053347334,63.69817396713981 131.0106464335894,31.222089778765724,64.16953778484348 131.01064793999973,31.222089024277818,64.63816295967315 131.01064944807248,31.222088268955645,65.10609009633055 131.01065096613985,31.222087508596832,65.58022060685113 131.0106524793309,31.22208675069448,66.0479978943063 131.01065400890033,31.222085984514035,66.5267542812852 131.01065553208016,31.22208522155926,66.99806246874114 131.0106570633153,31.22208445452185,67.4734358454042 131.01065860059688,31.22208368440793,67.95106870655576 131.0106601335666,31.222082916481742,68.4232178514019 131.0106616807881,31.22208214129424,68.90361996684483 131.0106632279102,31.22208136614536,69.38159532031011 131.01066477327163,31.222080591892183,69.85608910495121 131.01066632842986,31.22207981262141,70.33531809948636 131.0106678907565,31.222079029663004,70.81729556961766 131.01066945188737,31.22207824730698,71.29617331176975 131.01067101512737,31.222077463860685,71.77430742472272 131.01067258675673,31.222076676083187,72.25603473235374 131.01067416159148,31.222075886636446,72.73774794680148 131.01067573791883,31.222075096405987,73.21828544408355 131.01067731704933,31.222074304713097,73.69856867501245 131.0106789019633,31.22207351000603,74.1806845022448 131.0106804892633,31.222072714041914,74.66229640617811 131.0106820787948,31.222071916900543,75.14331646577708 131.01068367171328,31.22207111797608,75.62458632863678 131.01068526766295,31.222070317448665,76.10589543117048 131.01068686595977,31.222069515672487,76.58679162797631 131.01068846661488,31.222068712638563,77.067319283075 131.01069007041806,31.22206790792673,77.54810980867249 131.0106916769504,31.222067101751875,78.02891520666147 131.0106932859578,31.222066294243703,78.50959948777131 131.01069489676794,31.222065485754708,78.98969460538673 131.0106965093021,31.222064676323704,79.46918507575617 131.0106981251321,31.22206386510728,79.94941831197119 131.0106997422392,31.22206305317689,80.42882924294925 131.01070136158748,31.22206224001319,80.90828220130824 131.01070298270687,31.222061425862496,81.38746595309014 131.0107046058474,31.22206061058437,81.86669469376886 131.0107062299595,31.222059794742044,82.34508744244614 131.0107078558567,31.22205897788921,82.8234942950749 131.01070948327032,31.222058160164547,83.30178400816877 131.01071111154565,31.22205734192177,83.7793824120276 131.01071274136478,31.222056522779603,84.25712095012561 131.01071437256763,31.22205570281716,84.73499213426116 131.01071600397063,31.22205488268844,85.21171483496985 131.0107176366473,31.22205406178778,85.68869397336633 131.0107192698264,31.2220532405398,86.16512868003703 131.01072090348725,31.22205241895094,86.64110187136963 131.0107225376207,31.22205159701884,87.11675388714596 131.01072417224083,31.222050774725776,87.59229813660812 131.01072580703018,31.222049952247847,88.06739914451353 131.01072744203347,31.222049129550207,88.54231319562369 131.01072907694655,31.2220483068052,89.01665344550953 131.01073071178445,31.22204748399507,89.49063622761015 131.01073234629553,31.222046661265168,89.96389426737412 131.0107339805579,31.22204583855576,90.4368543510451 131.0107356145059,31.22204501589224,90.90968577634496 131.01073724790265,31.222044193417325,91.3819318258836 131.01073888071892,31.222043371138906,91.85375147545648 131.01074051286037,31.22204254910653,92.32512370773688 131.0107421441553,31.22204172743756,92.79543987145274 131.01074377466523,31.222040906058343,93.26560156044592 131.0107454042152,31.2220400850961,93.73483042349888 131.0107470328004,31.222039264509764,94.20406049749091 131.0107486603072,31.22203844440556,94.67230005226064 131.01075028667557,31.22203762476429,95.1406260093274 131.01075191186993,31.22203680565738,95.60793524801906 131.01075353584375,31.222035987093165,96.07458190192568 131.01075515847683,31.22203516911248,96.54103911698869 131.01075677976624,31.222034351740067,97.0068403204952 131.01075839974288,31.22203353497646,97.47165880166484 131.01076001819155,31.22203271889204,97.93640047055848 131.01076163522976,31.222031903464643,98.40026751690384 131.01076325069673,31.22203108875263,98.86383049725268 131.0107648646865,31.222030274731647,99.3265954102442 131.0107664771851,31.22202946141012,99.7885690252016 131.01076808811092,31.222028648822977,100.24995190685206 131.01076969744,31.222027836984424,100.7107488041419 131.0107713052203,31.22202702587929,101.17078159256634 131.01077291142636,31.222026215520124,101.63010767051028 131.01077451613264,31.2220254058792,102.0885158870062 131.01077611910483,31.222024597054105,102.54662296132616 131.0107777206508,31.22202378892077,103.0036265863494 131.01077932049097,31.222022981595742,103.46026860050355 131.01078091879444,31.2220221750104,103.91613622540515 131.01078251576095,31.22202136908063,104.37077295642528 131.01078411106369,31.22202056394496,104.82503599695896 131.01078570494835,31.222019759499968,105.27835910410298 131.01078729751927,31.22201895570053,105.73053933429384 131.01078888850915,31.222018152660887,106.18231737757075 131.01079047828787,31.22201735022209,106.63282184328952 131.0107920666373,31.222016548476947,107.08269698582455 131.0107936535069,31.22201574744657,107.53218605308352 131.0107952392942,31.22201494695872,107.98029748421156 131.01079682385296,31.222014147074848,108.42752500931226 131.01079840722414,31.222013347775825,108.87387572276442 131.01079998934162,31.22201254908791,109.319707125702 131.01080157041832,31.222011750918007,109.76448647399393 131.0108031504684,31.22201095325792,110.2082924270522 131.0108047294496,31.222010156122508,110.65147224469264 131.0108063075206,31.22200935944216,111.09360931024273 131.01080788472547,31.22200856319568,111.5346887932446 131.01080946098713,31.222007767409263,111.97538438178104 131.01081103656483,31.22200697197573,112.41457467612403 131.01081261128226,31.222006176956192,112.85371509252418 131.010814185379,31.22200538225489,113.29156162498128 131.0108157588313,31.22200458787336,113.72868910426534 131.0108173317172,31.222003793775745,114.1649523620174 131.01081890409054,31.222002999931192,114.60059499086236 131.01082047602085,31.22200220631068,115.0353086154622 131.01082204755653,31.22200141289036,115.46907376247788 131.01082361875643,31.222000619640045,115.90194522380877 131.01082518970512,31.22199982651391,116.33413740360756 131.01082676039792,31.22199903352353,116.7650994977972 131.01082833097053,31.22199824059093,117.19542687195649 131.0108299014367,31.221997447714763,117.62478518132689 131.01083147184536,31.22199665487024,118.05317667988406 131.01083304225386,31.221995862028194,118.48061635271708 131.0108346128578,31.221995069082773,118.90755271867948 131.0108361834328,31.221994276161205,119.33308940069044 131.01083775430916,31.22199348308324,119.75806958586004 131.01083932555085,31.221992689817263,120.18243041050803 131.010840897021,31.22199189643932,120.60571753255265 131.0108424688842,31.22199110286144,121.02821031567235 131.01084404120678,31.221990309049502,121.44991861375632 131.01084561410138,31.22198951494436,121.87094461717372 131.01084718718533,31.22198872075169,122.29052705266432 131.0108487609095,31.22198792623085,122.70939417597152 131.01085033527056,31.221987131384697,123.12742900780394 131.01085191016793,31.22198633626732,123.54441206740688 131.01085348598855,31.22198554067318,123.96084770366808 131.01085506223387,31.221984744867783,124.37596934193884 131.0108566390959,31.221983948749013,124.79002064007516 131.01085821730217,31.22198315193076,125.20387169503196 131.01085979632927,31.221982354691104,125.6167837745595 131.0108613759158,31.2219815571686,126.02843048112616 131.01086295667045,31.221980759039976,126.4394982375216 131.0108645383972,31.221979960409108,126.84970677779076 131.01086612118343,31.221979161229235,127.25912277019384 131.0108677050897,31.221978361467823,127.66777912789672 131.0108692900966,31.22197756113472,128.07562637463613 131.01087087589312,31.221976760394696,128.48232630773637 131.01087246278743,31.22197595908335,128.8881772477151 131.01087405076328,31.221975157208647,129.2931389102251 131.01087563957563,31.22197435490036,129.69695991945844 131.01087722944575,31.221973552039927,130.09984406473393 131.01087882133774,31.22197274811196,130.5026756461266 131.01088041356795,31.221971944014072,130.90387068984768 131.0108820070588,31.22197113925316,131.30429045683067 131.01088360199364,31.22197033372965,131.70408519871054 131.0108851978897,31.22196952770089,132.10281344574193 131.01088679488328,31.22196872109296,132.50059944194112 131.0108883926848,31.22196791406023,132.89718724545045 131.0108899917453,31.22196710635921,133.29297695705563 131.01089159215937,31.22196629793724,133.68805087370615 131.01089319321943,31.221965489174487,134.0817953538537 131.01089479551183,31.22196467975355,134.47473015443802 131.01089639930072,31.221963869529457,134.8670906861229 131.0108980042116,31.22196305870313,135.2585592663304 131.01089960969955,31.22196224756934,135.64867127193267 131.01090121625865,31.22196143585856,136.03786918676064 131.01090282430496,31.221960623341776,136.4265318171315 131.0109044334434,31.22195981023211,136.81432805212427 131.01090604349795,31.221958996624465,137.20111673322236 131.01090765440702,31.22195818255116,137.58685795975268 131.010909266492,31.221957367833745,137.9718588029259 131.0109108790709,31.22195655284577,138.3555208601264 131.0109124930677,31.221955737075582,138.73870886478926 131.01091410790778,31.221954920837824,139.1209213095322 131.01091572381816,31.22195410400472,139.50239275620203 131.01091734034793,31.221953286825062,139.88271940168943 131.01091895748672,31.22195246930347,140.26190904082875 131.0109205757192,31.22195165116592,140.64046567500307 131.01092219483968,31.22195083252429,141.01822464118712 131.01092381503227,31.221950013271755,141.39540804061917 131.01092543559966,31.221949193800604,141.77132482221768 131.0109270568265,31.221948373948123,142.14629301325073 131.01092867925965,31.22194755339797,142.5209531491216 131.01093030187923,31.221946732730885,142.89422299264305 131.0109319254434,31.22194591150916,143.26698336832163 131.0109335495022,31.22194508998843,143.6387665692156 131.01093517372837,31.22194426835777,144.00920176191178 131.01093679851775,31.221943446383715,144.378806610726 131.0109384236411,31.22194262419691,144.7473434174072 131.01094004909945,31.22194180179408,145.114851597156 131.01094167486124,31.22194097919084,145.48133157286847 131.01094330089495,31.22194015640292,145.84678376146755 131.010944927169,31.221939333446027,146.2112085858317 131.01094655365188,31.221938510335928,146.57460646584943 131.0109481803122,31.22193768708833,146.9369778223947 131.0109498071186,31.22193686371895,147.29832307036952 131.01095143404007,31.22193604024338,147.6586426306319 131.0109530610458,31.22193521667717,148.01793691608023 131.01095468810516,31.22193439303573,148.3762063386103 131.01095631518797,31.221933569334343,148.73345131011035 131.01095794226427,31.22193274558817,149.089672238485 131.0109595693046,31.22193192181218,149.44486952765445 131.01096119627982,31.22193109802117,149.79904357755612 131.01096282316135,31.22193027422972,150.15219478811915 131.0109644499211,31.221929450452176,150.50432355429552 131.01096607653147,31.221928626702663,150.8554302630772 131.0109677029654,31.221927802995044,151.20551530443117 131.01096932919643,31.22192697934291,151.5545790583767 131.01097095519867,31.2219261557596,151.90262189995624 131.01097258094697,31.22192533225809,152.2496442051981 131.0109742064168,31.22192450885112,152.59564633620812 131.01097583158415,31.221923685551044,152.94062866104863 131.010977456426,31.22192286236992,153.2845915348528 131.01097908091984,31.221922039319445,153.62753530877052 131.01098070504395,31.221921216410983,153.969460329969 131.01098232877732,31.221920393655523,154.3103669426262 131.0109839520997,31.221919571063697,154.65025547898523 131.01098557499185,31.22191874864575,154.98912626830025 131.01098719743496,31.221917926411525,155.3269796378303 131.0109888194112,31.221917104370508,155.66381591681423 131.01099044090367,31.22191628253177,155.99963541460562 131.01099206189605,31.221915460904007,156.33443844452665 131.0109936823729,31.22191463949548,156.66822531392796 131.01099530231977,31.22191381831409,157.00099632021505 131.0109969217228,31.221912997367284,157.332751758797 131.01099854056912,31.22191217666212,157.66349191314933 131.01100015884663,31.221911356205247,157.9932170727047 131.0110017765441,31.2219105360029,158.3219275089964 131.01100339365107,31.22190971606091,158.64962349752795 131.0110050101579,31.221908896384686,158.97630530286128 131.0110066260558,31.22190807697925,159.30197318557677 131.01100824133678,31.221907257849217,159.6266274012774 131.0110098559937,31.221906438998747,159.9502682035715 131.01101147002015,31.221905620431656,160.27289583214545 131.01101308341055,31.221904802151343,160.59451053065433 131.0110146961602,31.22190398416079,160.91511253578895 131.0110163082649,31.221903166462635,161.2347020802576 131.01101791972152,31.221902349059107,161.55327938383962 131.01101953052748,31.221901531952053,161.87084467823624 131.01102114068098,31.22190071514294,162.187398176255 131.011022750181,31.221899898632863,162.5029400936802 131.01102435902723,31.22189908242258,162.81747063535488 131.01102596722006,31.22189826651245,163.13099001704913 131.01102757476048,31.22189745090253,163.443498432659 131.01102918165017,31.221896635592515,163.7549960850195 131.01103078789154,31.22189582058176,164.06548316801337 131.01103239348762,31.22189500586928,164.374959875516 131.01103399844197,31.221894191453806,164.68342639543275 131.01103560275885,31.22189337733372,164.9908829146677 131.01103720644306,31.22189256350714,165.29732961415544 131.0110388095,31.221891749971835,165.60276667780423 131.01104041193565,31.22189093672533,165.90719428255883 131.0110420137563,31.22189012376489,166.2106125983989 131.0110436149691,31.22188931108745,166.5130218072248 131.01104521558145,31.221888498689754,166.81442207602063 131.01104681560128,31.221887686568245,167.11481357176407 131.01104841503698,31.221886874719136,167.4141964663955 131.01105001389743,31.221886063138424,167.7125709189268 131.01105161219186,31.22188525182188,168.0099370933329 131.01105320992994,31.221884440765027,168.30629515656335 131.01105480712175,31.221883629963248,168.60164526462833 131.0110564037776,31.22188281941168,168.8959875804873 131.0110579999083,31.221882009105297,169.18932225715432 131.01105959552487,31.221881199038908,169.48164945360017 131.01106119063874,31.22188038920713,169.77296932381864 131.01106278526152,31.22187957960444,170.06328202080263 131.01106437940516,31.22187877022515,170.352587704496 131.01106597308183,31.22187796106344,170.64088651992594 131.01106756630395,31.2218771521134,170.9281786210592 131.01106915908417,31.221876343368947,171.21446416185438 131.0110707514352,31.22187553482391,171.4997432912943 131.0110723433701,31.221874726472024,171.78401615636602 131.011073934902,31.221873918306915,172.06728290902035 131.0110755260442,31.221873110322136,172.3495436972248 131.01107711681016,31.22187230251115,172.63079866893972 131.01107870721333,31.22187149486737,172.91104797510107 131.01108029726743,31.221870687384136,173.19029176067343 131.0110818869861,31.22186988005472,173.4685301726021 131.01108347638308,31.2218690728724,173.74576336080818 131.0110850654722,31.221868265830384,174.02199146924113 131.01108665426733,31.22186745892185,174.29721464979585 131.0110882427823,31.221866652139976,174.5714330444202 131.01108983103097,31.221865845477915,174.84464680002475 131.01109141902717,31.221865038928804,175.1168560655013 131.01109300678476,31.221864232485803,175.3880609887408 131.01109459431748,31.221863426142047,175.65826170868107 131.0110961816391,31.221862619890725,175.92745837916289 131.0110977687633,31.221861813725,176.195651143086 131.0110993557037,31.22186100763812,176.46284014831355 131.01110094247372,31.22186020162332,176.72902554071297 131.01110252908683,31.22185939567389,176.99420746515156 131.01110411555632,31.221858589783167,177.2583860684771 131.0111057018954,31.22185778394453,177.5215615005122 131.01110728811716,31.22185697815144,177.78373390212732 131.01110887423445,31.221856172397352,178.04490342213728 131.01111046026008,31.221855366675843,178.30507020935 131.01111204620668,31.221854560980542,178.56423440362053 131.01111363208673,31.22185375530515,178.82239615771903 131.01111521791248,31.221852949643463,179.0795556144686 131.01111680369604,31.221852143989327,179.33571292165547 131.01111838944936,31.2218513383367,179.59086822507055 131.0111199751841,31.22185053267963,179.8450216714925 131.01112156091187,31.22184972701224,180.09817340669832 131.01112314664397,31.221848921328743,180.3503235764585 131.01112473239144,31.221848115623484,180.6014723295188 131.0111263181653,31.221847309890887,180.85161980765915 131.0111279039762,31.22184650412548,181.10076616060576 131.0111294898345,31.221845698321896,181.3489115321131 131.01113107575057,31.221844892474863,181.5960560718926 131.0111326617343,31.221844086579285,181.84219992368543 131.01113424779552,31.22184328063011,182.0873432312256 131.01113583394363,31.221842474622424,182.33148614420384 131.01113742018805,31.221841668551445,182.5746288073344 131.01113900653772,31.22184086241249,182.81677136333693 131.01114059300144,31.221840056201,183.05791396088745 131.01114217958775,31.22183924991253,183.29805674467968 131.01114376630497,31.22183844354277,183.5371998584058 131.0111453531611,31.22183763708752,183.77534345271 131.01114694016397,31.22183683054272,184.0124876623252 131.01114852732107,31.2218360239044,184.24863264285088 131.01115011463972,31.221835217168767,184.48377853099527 131.0111517021269,31.221834410332093,184.71792547737363 131.01115328978946,31.221833603390817,184.95107362265588 131.01115487763389,31.22183279634149,185.1832231144628 131.01115646566643,31.2218319891808,185.41437409146192 131.01115805389313,31.22183118190553,185.6445267022548 131.01115964231977,31.22183037451261,185.8736810864891 131.01116123095184,31.22182956699908,186.1018373927521 131.01116281979466,31.221828759362094,186.3289957606784 131.01116440885326,31.22182795159896,186.555156333872 131.01116599813244,31.22182714370708,186.78031925592947 131.01116758763675,31.22182633568399,187.00448467143488 131.01116917737048,31.22182552752733,187.22765271999592 131.01117076733777,31.22182471923489,187.4498235432012 131.0111723575423,31.22182391080454,187.67099728561377 131.0111739479879,31.22182310223429,187.89117408880887 131.0111755386778,31.22182229352227,188.11035409137315 131.01117712961522,31.221821484666684,188.32853743884343 131.01117872080303,31.22182067566591,188.54572426979257 131.01118031224405,31.221819866518384,188.7619147247744 131.01118190394075,31.22181905722266,188.97710894831184 131.01118349589535,31.22181824777742,189.1913070779634 131.01118508811,31.22181743818144,189.4045092512808 131.01118668058655,31.2218166284336,189.61671561276688 131.01118827332675,31.221815818532864,189.8279263019469 131.011189866332,31.22181500847834,190.0381414523776 131.01119145960362,31.2218141982692,190.2473612135102 131.0111930531427,31.221813387904728,190.4555857139177 131.01119464695014,31.22181257738429,190.66281509806865 131.01119624102668,31.22181176670737,190.8690495034676 131.01119783537283,31.22181095587352,191.07428906960016 131.01119942998906,31.2218101448824,191.278533928988 131.01120102487548,31.22180933373372,191.48178422408463 131.01120262003224,31.221808522427303,191.68404009236767 131.01120421545912,31.22180771096308,191.8853016683265 131.01120581115592,31.221806899341008,192.08556909041909 131.0112074071222,31.22180608756116,192.2848424931209 131.01120900335735,31.22180527562368,192.48312201587063 131.01121059986076,31.22180446352877,192.68040779313048 131.01121219663145,31.22180365127672,192.87669996035 131.01121379366856,31.22180283886789,193.0719986529716 131.01121539097085,31.22180202630273,193.2663040054377 131.01121698853711,31.221801213581724,193.45961615417204 131.01121858636603,31.22180040070541,193.6519352316146 131.01122018445605,31.22179958767444,193.84326137119456 131.01122178280556,31.221798774489468,194.0335947083209 131.0112233814129,31.221797961151264,194.22293537541407 131.01122498027624,31.221797147660595,194.4112835078708 131.01122657939365,31.221796334018336,194.59863923611044 131.01122817876308,31.221795520225367,194.78500269253385 131.01122977838247,31.22179470628266,194.97037400953576 131.0112313782496,31.221793892191208,195.1547533185096 131.0112329783622,31.221793077952057,195.33814075183616 131.0112345787179,31.221792263566293,195.52053643890835 131.01123617931427,31.22179144903505,195.70194051209367 131.01123778014875,31.221790634359515,195.88235310077184 131.0112393812188,31.22178981954089,196.06177433332127 131.01124098252168,31.22178900458044,196.2402043401017 131.0112425840547,31.221788189479422,196.4176432534552 131.01124418581514,31.221787374239195,196.59409119577668 131.0112457878001,31.22178655886108,196.76954829939413 131.01124739000676,31.221785743346462,196.9440146916596 131.0112489924321,31.22178492769676,197.1174904969364 131.01125059507316,31.221784111913383,197.28997584653897 131.01125219792692,31.22178329599782,197.46147086282977 131.01125380099032,31.221782479951525,197.63197567412783 131.01125540426025,31.221781663776024,197.8014904047712 131.01125700773355,31.221780847472807,197.97001518107737 131.01125861140716,31.221780031043448,198.13755012637657 131.0112602152778,31.22177921448948,198.30409536399264 131.01126181934225,31.22177839781249,198.46965102022423 131.01126342359728,31.22177758101405,198.634217214406 131.0112650280397,31.221776764095768,198.7977940728237 131.01126663266615,31.22177594705925,198.9603817167867 131.0112682374734,31.221775129906103,199.1219802646162 131.0112698424581,31.221774312637976,199.28258984059048 131.01127144761696,31.221773495256496,199.44221056401148 131.01127305294673,31.221772677763305,199.6008425551693 131.01127465844402,31.221771860160043,199.75848593136416 131.01127626410553,31.22177104244836,199.9151408148608 131.01127786992797,31.221770224629896,200.07080732095983 131.01127947590803,31.22176940670633,200.22548556893065 131.01128108204233,31.22176858867929,200.37917567505428 131.01128268832764,31.221767770550425,200.53187775361744 131.01128429476063,31.2217669523214,200.68359192287667 131.01128590133808,31.22176613399384,200.83431829909404 131.01128750805665,31.221765315569407,200.98405699554243 131.01128911491313,31.22176449704971,201.1328081284708 131.0112907219043,31.2217636784364,201.28057180815853 131.0112923290269,31.221762859731093,201.42734814587192 131.01129393627772,31.22176204093541,201.57313725883392 131.01129554365363,31.221761222050947,201.7179392543225 131.01129715115147,31.221760403079312,201.8617542445784 131.0112987587681,31.22175958402208,202.00458234084223 131.0113003665004,31.22175876488084,202.1464236523604 131.0113019743453,31.221757945657167,202.2872782853908 131.0113035822997,31.2217571263526,202.4271463501608 131.0113051903606,31.221756306968693,202.566027952916 131.01130679852503,31.22175548750696,202.70392320387003 131.01130840679008,31.221754667968924,202.840832204286 131.01131001515267,31.2217538483561,202.9767550603904 131.01131162361003,31.221753028669948,203.1116918823776 131.01131323215918,31.22175220891196,203.24564276652208 131.0113148407974,31.22175138908357,203.37860782201216 131.01131644952187,31.221750569186234,203.51058714610312 131.01131805832975,31.221749749221367,203.64158084598245 131.01131966721843,31.221748929190383,203.77158901789912 131.01132127618516,31.22174810909465,203.9006117640583 131.0113228852273,31.221747288935543,204.0286491846711 131.01132449434223,31.221746468714425,204.1557013789489 131.0113261035274,31.22174564843261,204.2817684441081 131.01132771278031,31.221744828091417,204.40685047735937 131.01132932209845,31.221744007692138,204.5309475749127 131.0113309314793,31.221743187236044,204.65405983396585 131.01133254092062,31.2217423667244,204.77618735071627 131.01133415041988,31.22174154615843,204.8973302134036 131.01133575997483,31.22174072553936,205.01748852218847 131.01133736958317,31.221739904868382,205.1366623682796 131.01133897924268,31.221739084146662,205.2548518418851 131.01134058895113,31.22173826337537,205.37205703420176 131.0113421987064,31.22173744255564,205.48827803741275 131.01134380850633,31.22173662168857,205.6035149407137 131.01134541834887,31.221735800775264,205.71776783130628 131.01134702823197,31.221734979816787,205.8310368003611 131.0113486381537,31.221734158814183,205.9433219340728 131.01135024811205,31.221733337768512,206.05462331763653 131.01135185810517,31.22173251668076,206.1649410372344 131.01135346813115,31.221731695551902,206.2742751790423 131.01135507818827,31.221730874382928,206.3826258262476 131.01135668827465,31.221730053174777,206.48999306203223 131.0113582983886,31.221729231928368,206.5963769685779 131.0113599085284,31.22172841064461,206.7017776290532 131.01136151869247,31.221727589324388,206.80619512562643 131.01136312887914,31.22172676796855,206.909629535491 131.01136473908687,31.22172594657795,207.0120809378212 131.01136634931413,31.221725125153394,207.1135494157608 131.01136795955946,31.221724303695687,207.21403504350155 131.01136956982145,31.221723482205626,207.3135378972179 131.01137118009856,31.221722660683948,207.41205805506496 131.01137279038957,31.2217218391314,207.50959559220976 131.01137440069311,31.22172101754868,207.60615058480764 131.01137601100788,31.22172019593652,207.70172310105568 131.01137762133268,31.221719374295567,207.79631322107204 131.01137923166627,31.22171855262649,207.88992101502888 131.01138084200747,31.221717730929942,207.9825465491176 131.01138245235526,31.221716909206524,208.0741898994616 131.01138406270843,31.22171608745684,208.16485113621408 131.01138567306594,31.221715265681446,208.2545303255476 131.0113872834268,31.22171444388095,208.3432275366092 131.01138889379007,31.221713622055866,208.43094283754644 131.01139050415475,31.22171280020672,208.5176762925242 131.0113921145199,31.221711978334017,208.6034279716652 131.01139372488475,31.22171115643824,208.688197938128 131.01139533524838,31.22171033451987,208.7719862530782 131.01139694561,31.22170951257933,208.85479298562475 131.01139855596887,31.221708690617103,208.93661819294493 131.0114001663242,31.22170786863356,209.01746194115407 131.0114017766753,31.22170704662912,209.0973242894038 131.01140338702152,31.221706224604144,209.17620529684044 131.0114049973622,31.221705402559007,209.2541050255851 131.01140660769673,31.221704580494062,209.33102353377672 131.01140821802454,31.22170375840964,209.4069608785549 131.01140982834505,31.22170293630604,209.4819171170528 131.01141143865777,31.22170211418357,209.5558923044088 131.01141304896217,31.22170129204252,209.62888649973124 131.01141465925784,31.22170046988315,209.70089975516547 131.01141626954427,31.22169964770569,209.7719321248371 131.01141787982115,31.221698825510416,209.84198366286645 131.01141949008803,31.22169800329753,209.9110544223732 131.01142110034456,31.221697181067224,209.9791444544836 131.0114227105904,31.22169635881972,210.04625380634155 131.0114243208253,31.221695536555163,210.112382535024 131.0114259310489,31.221694714273745,210.1775306856746 131.01142754126104,31.2216938919756,210.24169830541848 131.0114291514614,31.22169306966085,210.30488544535072 131.0114307616498,31.221692247329656,210.3670921525841 131.01143237182606,31.2216914249821,210.42831847124367 131.01143398199002,31.22169060261828,210.488564447436 131.0114355921415,31.221689780238297,210.54783012726173 131.0114372022805,31.221688957842204,210.60611555482632 131.0114388124067,31.22168813543006,210.663420770255 131.01144042252025,31.22168731300192,210.7197458186352 131.01144203262095,31.22168649055783,210.7750907400794 131.0114436427088,31.221685668097795,210.8294555776748 131.01144525278377,31.22168484562184,210.88284037052728 131.01144686284584,31.22168402312995,210.93524515972376 131.011448472895,31.221683200622124,210.98666997938847 131.01145008293133,31.221682378098343,211.03711487357805 131.01145169295484,31.221681555558582,211.08657987242808 131.01145330296555,31.22168073300279,211.13506501898908 131.01145491296364,31.221679910430904,211.18257034537177 131.01145652294912,31.221679087842883,211.22909588865085 131.0114581329221,31.22167826523865,211.2746416809252 131.01145974288266,31.22167744261813,211.31920775528096 131.011461352831,31.22167661998122,211.36279414778045 131.0114629627672,31.221675797327816,211.40540088752147 131.01146457269147,31.22167497465784,211.4470280045909 131.01146618260393,31.22167415197116,211.48767553205013 131.0114677925048,31.221673329267627,211.5273434989786 131.0114694023942,31.221672506547137,211.56603193544413 131.01147101227235,31.22167168380953,211.60374086753248 131.01147262213948,31.22167086105468,211.64047032430457 131.0114742319958,31.2216700382824,211.67622033084007 131.01147584184153,31.22166921549256,211.71099091519417 131.01147745167688,31.221668392684947,211.7447821024332 131.0114790615021,31.22166756985941,211.77759391861247 131.01148067131743,31.221666747015743,211.80942638282272 131.01148228112316,31.22166592415379,211.84027952110688 131.0114838909195,31.22166510127332,211.87015335552488 131.01148550070675,31.22166427837412,211.89904790912527 131.01148711048515,31.221663455455985,211.92696320097443 131.011488720255,31.221662632518708,211.9538992521205 131.01149033001656,31.221661809562068,211.9798560826116 131.0114919397701,31.221660986585807,212.00483371149468 131.01149354951593,31.22166016358972,212.0288321558244 131.0114951592543,31.221659340573545,212.05185143264865 131.0114967689856,31.22165851753706,212.07389156199005 131.01149837871003,31.22165769447999,212.09495255392656 131.0114999884279,31.2216568714021,212.11503442648151 131.0115015981395,31.22165604830311,212.1341371976717 131.01150320784515,31.22165522518277,212.15226087556823 131.01150481754513,31.221654402040805,212.16940547916968 131.0115064272397,31.221653578876943,212.18557101852304 131.01150803692923,31.22165275569093,212.2007575026753 131.01150964661403,31.22165193248245,212.21496494563647 131.01151125629428,31.22165110925125,212.22819335942296 131.01151286597033,31.22165028599704,212.24044275206865 131.01151447564243,31.22164946271953,212.25171313458387 131.01151608531094,31.22164863941844,212.26200451499045 131.0115176949761,31.22164781609345,212.2713169013037 131.0115193046382,31.22164699274433,212.27965030451512 131.0115209142975,31.221646169370736,212.2870047306396 131.01152252395434,31.221645345972405,212.29338018866784 131.0115241336089,31.221644522549045,212.29877668857787 131.01152574326153,31.22164369910037,212.3031942413361 131.0115273529125,31.22164287562612,212.3066328539248 131.01152896256212,31.22164205212597,212.3090925472349 131.01153057221083,31.221641228599687,212.31057333519337 131.011532181859,31.221640405046955,212.3110752506032 131.01153379150725,31.221639581467446,212.3105983183084 131.01153540115638,31.221638757860827,212.30914258401785 131.01153701080736,31.221637934226624,212.30670809740724 131.01153862046155,31.221637110564327,212.30329491112687 131.01154023012057,31.22163628687325,212.29890309272784 131.0115418397864,31.221635463152577,212.2935327177032 131.0115434494614,31.22163463940129,212.28718386650888 131.01154505914835,31.22163381561823,212.2798566275453 131.01154666885049,31.221632991801968,212.2715510931796 131.01154827857147,31.22163216795096,212.26226735776112 131.01154988831524,31.22163134406336,212.25200552159447 131.01155149808645,31.2216305201372,212.24076568796025 131.01155310788988,31.22162969617025,212.2285479601317 131.01155471773103,31.22162887216009,212.2153524513137 131.01155632761566,31.22162804810407,212.20117926774824 131.01155793755007,31.22162722399933,212.1860285256085 131.01155954754094,31.22162639984281,212.1699003360929 131.01156115759542,31.221625575631226,212.1527948193369 131.01156276772113,31.22162475136105,212.13471209546967 131.0115643779261,31.221623927028592,212.1156522816325 131.01156598821885,31.22162310262989,212.0956155048985 131.0115675986083,31.22162227816081,212.07460188935272 131.01156920910384,31.221621453617,212.05261156404325 131.01157081971533,31.221620628993826,212.0296446590044 131.01157243045304,31.22161980428652,212.00570130625195 131.0115740413277,31.22161897949006,211.9807816407782 131.01157565235047,31.221618154599195,211.95488580154185 131.011577263533,31.22161732960848,211.9280139284909 131.0115788748874,31.221616504512248,211.90016616554084 131.01158048642617,31.221615679304595,211.871342658588 131.0115820981623,31.22161485397943,211.84154355551163 131.01158371010922,31.2216140285304,211.8107690111387 131.01158532228084,31.22161320295098,211.7790191812855 131.01158693469145,31.221612377234408,211.74629422374807 131.01158854735584,31.22161155137369,211.71259430426744 131.01159016028927,31.221610725361646,211.67791958857683 131.0115917735074,31.22160989919084,211.6422702473725 131.01159338702644,31.22160907285364,211.6056464583017 131.01159500086294,31.221608246342186,211.56804839800984 131.01159661503397,31.2216074196484,211.52947625406807 131.011598229557,31.221606592763983,211.4899302130476 131.01159984445,31.22160576568041,211.44941047045663 131.01160145973148,31.221604938388943,211.4079172277596 131.01160307542025,31.22160411088064,211.3654506864148 131.01160469153564,31.22160328314628,211.32201105979905 131.01160630809747,31.221602455176487,211.27759856128296 131.01160792512607,31.221601626961625,211.2322134181436 131.01160954264205,31.221600798491828,211.1858558566566 131.01161116066666,31.22159996975703,211.1385261120364 131.01161277922157,31.221599140746928,211.090224427441 131.01161439832893,31.221598311450983,211.0409510519832 131.01161601801124,31.22159748185845,210.99070624669665 131.01161763829165,31.221596651958336,210.93949027260675 131.01161925581638,31.22159582344872,210.8872619267661 131.01162087395596,31.22159499462401,210.83406359298223 131.01162249121833,31.22159416624014,210.7798766982802 131.01162410781674,31.221593338189702,210.72470430793408 131.01162572372823,31.22159251048492,210.66854641661595 131.01162733892963,31.22159168313817,210.6114030507904 131.0116289533971,31.221590856162045,210.55327423790965 131.01163056710664,31.22159002956933,210.4941600163501 131.01163218003384,31.22158920337304,210.434060432432 131.01163379215376,31.22158837758633,210.37297553942489 131.01163540344126,31.221587552222616,210.31090539854165 131.01163701387063,31.22158672729552,210.24785007993285 131.01163862341585,31.221585902818823,210.18380966268512 131.01164023205047,31.221585078806555,210.11878423681088 131.01164183974765,31.221584255272948,210.05277389529653 131.01164344648015,31.221583432232432,209.98577874702167 131.0116450522203,31.22158260969965,209.9177989098039 131.01164665694003,31.22158178768947,209.84883450542767 131.01164826061083,31.221580966216965,209.778885675548 131.0116498632038,31.22158014529743,209.7079525608171 131.01165146468955,31.22157932494639,209.63603532175736 131.0116530650384,31.22157850517956,209.56313412782777 131.01165466422006,31.221577686012903,209.48924915841803 131.01165626220393,31.2215768674626,209.41438060682407 131.01165785895887,31.221576049545085,209.3385286722972 131.01165945445342,31.221575232276976,209.26169357693936 131.01166104865547,31.221574415675168,209.18387554284465 131.01166264153267,31.22157359975678,209.1050748179391 131.011664233052,31.221572784539152,209.02529165212863 131.01166582318007,31.221571970039896,208.94452631717647 131.01166741188297,31.221571156276863,208.8627790967636 131.01166899912633,31.22157034326816,208.78005028450136 131.01167058487528,31.221569531032127,208.6963401948641 131.01167216909442,31.22156871958738,208.611649156232 131.01167375174782,31.221567908952814,208.52597751287905 131.0116753327991,31.221567099147563,208.4393256229841 131.0116769122112,31.221566290191056,208.35169386260804 131.01167848994672,31.221565482102985,208.2630826237045 131.0116800659675,31.22156467490333,208.17349232008408 131.011681640235,31.22156386861237,208.0829233794628 131.01168321270993,31.22156306325068,207.9913762524066 131.0116847833525,31.22156225883909,207.8988514033875 131.01168635212247,31.221561455398792,207.8053493187332 131.01168791897862,31.22156065295127,207.71087050762205 131.01168948387948,31.22155985151832,207.6154154981068 131.01169104678274,31.221559051122064,207.51898484009592 131.01169260764547,31.221558251784973,207.4215791033672 131.01169416642412,31.221557453529847,207.32319888750487 131.01169572307444,31.22155665637984,207.22384480699216 131.01169727755143,31.221555860358453,207.12351750711244 131.01169882980952,31.221555065489564,207.02221765600004 131.01170037980228,31.221554271797395,206.91994594861308 131.0117019274825,31.2215534793066,206.81670310474752 131.01170347280245,31.221552688042166,206.7124898769878 131.01170501571332,31.22155189802955,206.60730703977325 131.01170655616573,31.221551109294555,206.5011554023193 131.0117080941094,31.221550321863447,206.39403580265432 131.01170962949314,31.221549535762907,206.2859491105988 131.01171116226507,31.22154875102005,206.1768962297569 131.01171269237233,31.221547967662488,206.06687809552548 131.01171421976113,31.221547185718265,205.95589567807707 131.01171574437683,31.221546405215904,205.843949987328 131.0117172661639,31.22154562618444,205.7310420669768 131.0117187850657,31.221544848653384,205.6171730024529 131.01172031788178,31.221544064317296,205.5022649901612 131.0117218474743,31.221543281649424,205.38640264720743 131.01172338136075,31.22154249693596,205.26954897637464 131.0117249183747,31.221541710754074,205.15171189791184 131.01172645855587,31.221540923085502,205.03289230342736 131.01172800194382,31.221540133911898,204.913091277305 131.01172954857864,31.22153934321467,204.79230994467008 131.01173109850075,31.221538550975005,204.67054943759584 131.0117326517512,31.22153775717382,204.54781092293288 131.0117342083713,31.221536961791795,204.42409557945007 131.01173576840313,31.221536164809294,204.2994046256626 131.01173733188904,31.22153536620644,204.17373929498527 131.01173889887212,31.221534565963047,204.0471008446776 131.011740469396,31.22153376405861,203.9194905657817 131.01174204350485,31.221532960472263,203.79090977715973 131.01174362124357,31.22153215518289,203.6613598175427 131.01174520265755,31.22153134816893,203.53084206143268 131.01174678779304,31.221530539408537,203.39935791015697 131.0117483766969,31.22152972887942,203.2669088008136 131.01174996941663,31.22152891655893,203.1334961973268 131.01175156600078,31.221528102424017,202.99912159839647 131.01175316649835,31.221527286451167,202.86378653849383 131.01175477095936,31.22152646861645,202.7274925908416 131.01175637943464,31.221525648895465,202.5902413544931 131.01175799197583,31.22152482726336,202.45203448116905 131.01175960863563,31.221524003694768,202.31287365140227 131.01176122946757,31.221523178163824,202.17276059044005 131.01176285452615,31.221522350644143,202.03169706923896 131.01176448386698,31.22152152110877,201.8896849044632 131.01176611754667,31.221520689530205,201.74672594854687 131.01176775562294,31.221519855880373,201.6028221145404 131.0117693981546,31.221519020130582,201.45797535822007 131.01177104520167,31.221518182251515,201.3121876900153 131.0117726968254,31.22151734221321,201.165461174014 131.01177435308827,31.22151649998508,201.017797930944 131.01177601405402,31.22151565553579,200.8692001401604 131.0117776797878,31.22151480883334,200.7196700456097 131.01177935035608,31.221513959845005,200.5692099488721 131.01178102582688,31.221513108537287,200.417822223074 131.0117827062696,31.22151225487592,200.2655093069268 131.01178439175524,31.221511398825857,200.112273716652 131.0117860823564,31.22151054035121,199.9581180350482 131.0117877781473,31.22150967941528,199.8030449303748 131.0117894792038,31.22150881598044,199.6470571513828 131.01179118560367,31.221507950008228,199.49015752930137 131.01179289742643,31.221507081459244,199.33234898678248 131.01179461475348,31.221506210293143,199.1736345418778 131.01179633766816,31.221505336468635,199.01401730505447 131.0117980662559,31.22150445994341,198.853500490128 131.01179980060408,31.22150358067417,198.69208741525736 131.01180154080237,31.221502698616543,198.52978151387487 131.0118032869426,31.221501813725144,198.36658632872496 131.01180503911894,31.221500925953453,198.20250553074567 131.01180679742788,31.22150003525385,198.0375429071415 131.01180856196848,31.22149914157761,197.8717023882197 131.0118103328422,31.22149824487481,197.7049880374484 131.0118121101532,31.221497345094377,197.53740405940945 131.01181389400847,31.22149644218401,197.3689548156988 131.01181568451756,31.221495536090227,197.1996448199563 131.01181744468423,31.22149464640056,197.02885663444223 131.0118192124417,31.221493753022223,196.85724087581448 131.01182097122955,31.221492864738394,196.6845131316648 131.01182272369246,31.221491980144776,196.51072574358133 131.01182446980832,31.22149109925552,196.33588137062017 131.01182620955385,31.221490222084068,196.1599833088273 131.01182794290446,31.221489348644266,195.98303483337864 131.01182966983416,31.22148847895033,195.805039207524 131.0118313903153,31.221487613016976,195.6259996656892 131.0118331043188,31.22148675085934,195.4459194343504 131.01183481181383,31.22148589249304,195.26480173004367 131.01183651276793,31.22148503793421,195.08264975141503 131.01183820714675,31.221484187199543,194.89946669909645 131.01183989491423,31.221483340306207,194.71525576079927 131.01184157603242,31.221482497272014,194.53002012323884 131.0118432504613,31.221481658115305,194.34376298406048 131.01184491815894,31.22148082285507,194.15648753295704 131.0118465790813,31.22147999151092,193.96819697949653 131.01184823318212,31.221479164103098,193.77889453423745 131.011849880413,31.22147834065256,193.58858342860628 131.01185152072318,31.22147752118092,193.39726691092287 131.01185315405957,31.22147670571053,193.20494824739225 131.01185478036666,31.221475894264472,193.01163073601933 131.0118563995864,31.22147508686661,192.81731769766407 131.01185801165812,31.221474283541607,192.6220124929363 131.0118596165185,31.221473484314902,192.42571851523888 131.0118612141015,31.22147268921279,192.228439200706 131.01186280433816,31.221471898262447,192.0301780331712 131.01186438715666,31.22147111149194,191.8309385471501 131.01186596248223,31.221470328930263,191.63072432585173 131.0118675302368,31.221469550607367,191.42953902403733 131.0118690903393,31.2214687765542,191.22738635708657 131.01187064270528,31.22146800680272,191.0242701119309 131.0118721872469,31.221467241385948,190.82019415301536 131.01187372387278,31.221466480338016,190.6151624322376 131.01187525248807,31.22146572369419,190.4091789909349 131.01187677299413,31.221464971490928,190.20224796385912 131.01187828528845,31.221464223765924,189.99437359209733 131.01187978926464,31.22146348055815,189.78556023002696 131.01188128481232,31.22146274190793,189.57581234929256 131.0118827718168,31.221462007857017,189.36513454377328 131.01188425015923,31.22146127844857,189.1535315534356 131.01188571971625,31.22146055372736,188.94100825538828 131.0118871803599,31.22145983373973,188.72756968177225 131.01188863195776,31.22145911853376,188.51322102671512 131.0118900743723,31.22145840815932,188.29796766422177 131.01189150746123,31.22145770266817,188.0818151501609 131.01189293107709,31.22145700211408,187.8647692381664 131.01189434506725,31.221456306552945,187.646835900508 131.01189574927355,31.22145561604292,187.4280213241146 131.01189714353256,31.221454930644544,187.20833193840303 131.011898527675,31.22145425042096,186.98777442521435 131.0118999015258,31.221453575438016,186.76635573571016 131.01190126490408,31.221452905764508,186.5440831042852 131.01190261762278,31.22145224147235,186.3209640704314 131.0119039594887,31.22145158263682,186.09700650060347 131.0119052903023,31.22145092933687,185.87221859119728 131.01190660985756,31.221450281655304,185.64660891029385 131.01190791794204,31.22144963967916,185.4201864066004 131.01190921433647,31.2214490035,185.19296044224907 131.01191049881513,31.22144837321429,184.96494081366623 131.01191177114532,31.221447748923808,184.73613777641643 131.0119131043599,31.221447103736388,184.50556608821847 131.01191442320126,31.22144646527463,184.27428116451645 131.01191576042064,31.221445821566,184.0418221412725 131.01191711063407,31.22144517454528,183.808280037748 131.01191847377393,31.22144452423122,183.57366184748017 131.01191984976987,31.22144387063293,183.3379759384104 131.01192123855378,31.22144321375444,183.10123045985887 131.01192264005945,31.22144255359459,182.86343333457188 131.01192405422276,31.221441890147005,182.624592290526 131.0119254809815,31.22144122340003,182.3847148519808 131.01192692027536,31.22144055333664,182.14380836730567 131.01192837204573,31.2214398799344,181.9018800109669 131.0119298362357,31.2214392031654,181.6589367974406 131.01193131278978,31.2214385229962,181.41498559114933 131.01193280165387,31.22143783938772,181.17003311143097 131.011934302775,31.22143715229524,180.92408595241687 131.01193581610124,31.221436461668247,180.6771505740816 131.0119373415813,31.221435767450448,180.42923333504504 131.01193887916452,31.221435069579616,180.1803404736833 131.01194042880047,31.221434367987555,179.9304781508682 131.01194199043877,31.22143366260003,179.67965241517763 131.0119435640288,31.22143295333668,179.42786923967105 131.0119451495193,31.22143224011093,179.1751345198994 131.01194674685829,31.221431522829967,178.9214540729114 131.01194835599236,31.221430801394604,178.66683365315455 131.01194997686667,31.221430075699267,178.4112789425359 131.01195160942433,31.22142934563192,178.1547955772571 131.01195325360607,31.221428611073986,177.89738912594703 131.01195490934984,31.22142787190033,177.63906511351647 131.01195657659025,31.22142712797924,177.3798290122117 131.01195825525815,31.22142637917229,177.119686255529 131.01195994528024,31.22142562533449,176.8586422223122 131.01196164657827,31.22142486631417,176.59670224768516 131.01196335906874,31.22142410195304,176.3338716280219 131.01196508266224,31.22142333208624,176.07015560901976 131.01196681726276,31.221422556542368,175.80555938868048 131.0119685627672,31.2214217751436,175.54008812128606 131.01197031906463,31.221420987705766,175.2737469064672 131.01197208603548,31.22142019403852,175.0065407951656 131.0119738635512,31.221419393945524,174.73847477174476 131.0119756514731,31.22141858722461,174.46955376392967 131.01197744965188,31.221417773668083,174.19978262988556 131.01197925792675,31.221416953063024,173.92916614331165 131.01198107612467,31.221416125191592,173.65770900536756 131.0119829040596,31.22141528983148,173.38541580988712 131.0119847415316,31.221414446756302,173.11229105232587 131.011986588326,31.221413595736205,172.8383391148516 131.01198844421273,31.221412736538333,172.56356424646833 131.0119903089453,31.221411868927568,172.28797055904167 131.01199218226003,31.22141099266719,172.01156201139685 131.01199406387545,31.221410107519706,171.73434238944188 131.01199595349115,31.22140921324771,171.45631529523615 131.01199785078742,31.221408309614866,171.1774841191625 131.01199975542423,31.221407396386933,170.89785203595244 131.01200166704095,31.22140647333289,170.6174219728825 131.0120035852553,31.22140554022622,170.33619658989747 131.0120055096631,31.221404596846128,170.05417826470386 131.01200743983793,31.22140364297904,169.77136906494056 131.0120093753305,31.22140267842001,169.48777073426663 131.0120113156688,31.221401702974408,169.20338464763515 131.01201326035755,31.221400716459502,168.91821181924774 131.01201520887875,31.22139971870621,168.6322528508708 131.0120171606916,31.22139870956094,168.3455079209043 131.01201911523304,31.221397688887464,168.0579767565532 131.01202107191816,31.22139665656882,167.76965861593814 131.0120230301413,31.22139561250928,167.48055226225318 131.01202498927682,31.22139455663629,167.19065594289486 131.01202694868047,31.22139348890256,166.89996737356023 131.0120289076908,31.221392409287887,166.60848371836747 131.01203086555492,31.22139131785731,166.3162523678967 131.0120328215849,31.221390214659827,166.02326836255185 131.0120347750488,31.22138909979993,165.72954898335985 131.0120367252127,31.22138797341689,165.4351074367338 131.01203867133847,31.221386835688456,165.13995650674303 131.0120406126872,31.22138568683229,164.84410855511302 131.01204254852277,31.221384527106856,164.547575522217 131.01204447811577,31.22138335681213,164.2503689429762 131.01204640074727,31.22138217629002,163.95249996375497 131.01204831571303,31.2213809859245,163.6539793503077 131.01205022232756,31.221379786141423,163.3548175245514 131.01205211992843,31.22137857740795,163.05502458642724 131.01205400788038,31.221377360231727,162.7546103596173 131.01205588557943,31.221376135159645,162.4535844233449 131.01205775245717,31.22137490277633,162.15195615113282 131.01205960798444,31.221373663702263,161.8497347694408 131.0120614516752,31.22137241859156,161.54692940337847 131.0120632830901,31.221371168129444,161.24354911944147 131.0120651018397,31.2213699130296,160.93960299706603 131.01206690758772,31.221368654031004,160.6351001743466 131.0120687000534,31.22136739189469,160.33004991263456 131.01207047901423,31.22136612740033,160.02446164722312 131.0120722443077,31.22136486134244,159.718345055924 131.0120739958331,31.22136359452673,159.41171010776614 131.012075733553,31.22136232776608,159.10456711765556 131.01207745749355,31.2213610618765,158.79692681097856 131.01207916774567,31.221359797673188,158.48880036534243 131.0120808644647,31.22135853596635,158.1801994731902 131.01208254787056,31.221357277557097,157.87113637658493 131.0120842182466,31.22135602323344,157.56162392386264 131.01208587593905,31.221354773766183,157.2516755994477 131.01208752135545,31.221353529905045,156.94130557653045 131.01208915496284,31.221352292374768,156.63052873098087 131.01209077728583,31.221351061871395,156.3193606840897 131.01209238890422,31.22134983905867,156.00781782641968 131.01209399045027,31.22134862456457,155.69591734066984 131.01209558260587,31.22134741897805,155.3836772165841 131.01209716609898,31.221346222845906,155.07111626586254 131.0120987417004,31.221345036669923,154.75825412613926 131.0121003102199,31.22134386090417,154.44511126993095 131.01210187250217,31.22134269595257,154.13170899768187 131.01210342942272,31.22134154216668,153.8180694337929 131.01210498188348,31.22134039984365,153.50421552264748 131.01210653080824,31.221339269224696,153.1901710077457 131.01210807713795,31.221338150493448,152.87596041381585 131.01210962182594,31.221337043774984,152.561609017997 131.012111165833,31.22133594913485,152.24714283394115 131.01211271012232,31.2213348665786,151.93258856410867 131.01211425565435,31.22133379605144,151.61797356598143 131.0121158033819,31.221332737438363,151.30332581926817 131.0121173542449,31.22133169056441,150.98867386528138 131.01211890916537,31.22133065519541,150.67404677116022 131.01212046904234,31.22132963103889,150.35947406527316 131.0121220347469,31.221328617745456,150.0449856885193 131.01212360711736,31.22132761491033,149.730611923768 131.0121251869543,31.22132662207527,149.416383343184 131.0121267750161,31.221325638730875,149.10233072375095 131.01212837201456,31.22132466431892,148.78848500155567 131.01212997861052,31.221323698235256,148.47487718234163 131.01213159540995,31.221322739832868,148.16153826796102 131.01213322296013,31.221321788425143,147.84849918680774 131.0121348617461,31.221320843289465,147.5357907182824 131.01213651218748,31.22131990367104,147.22344340632537 131.0121381746356,31.22131896878689,146.9114874908399 131.01213984937078,31.22131803783003,146.59995281724963 131.01214153660027,31.221317109973903,146.2888687679208 131.01214323645624,31.221316184376867,145.97826417867475 131.0121449489943,31.22131526018696,145.66816725629687 131.01214667419228,31.22131433654664,145.35860550697396 131.01214841194962,31.22131341259771,145.04960566672395 131.01215016208684,31.221312487486333,144.74119361392889 131.01215192434552,31.22131156036808,144.43339431566724 131.01215369838903,31.22131063041296,144.12623173627122 131.01215548380313,31.22130969681064,143.81972878763193 131.01215728009714,31.221308758775503,143.51390725664234 131.012159086706,31.221307815551828,143.20878774456682 131.01216090299187,31.22130686641888,142.90438961436308 131.01216272824715,31.221305910696007,142.6007309300498 131.01216456169684,31.22130494774765,142.29782841694873 131.0121664025026,31.221303976988345,141.99569740005956 131.0121682497663,31.221302997887488,141.69435177324425 131.01217010253455,31.22130200997422,141.39380396145577 131.0121719598035,31.221301012842,141.0940648819713 131.01217382052442,31.22130000615308,140.7951439294791 131.01217568360934,31.2212989896428,140.4970489532144 131.01217754793788,31.221297963123668,140.19978625695407 131.01217941236456,31.22129692648897,139.90336057714606 131.0121812757263,31.221295879716266,139.6077751047683 131.01218313685115,31.221294822870245,139.3130315052041 131.01218499456715,31.221293756105208,139.01912993711636 131.01218684771237,31.221292679666824,138.72606911307307 131.01218869514483,31.221291593893223,138.43384635321112 131.01219053575366,31.22129049921524,138.14245765082492 131.0121923684707,31.2212893961555,137.85189778467506 131.0121941922818,31.22128828532668,137.56216041141167 131.01219600623924,31.221287167428244,137.27323821067932 131.0121978094733,31.22128604324209,136.98512302028143 131.0121996012042,31.221284913626576,136.69780601408172 131.0122013807533,31.221283779509108,136.4112778898482 131.01220314755324,31.22128264187736,136.12552904914168 131.01220490120906,31.221281501698584,135.8405006287173 131.01220664138972,31.22128036004865,135.5561859529968 131.012208367924,31.221279218,135.27255622351998 131.01221008077033,31.22127807664284,134.989587355745 131.0122117800244,31.22127693706709,134.7072563762316 131.01221346591856,31.221275800348447,134.42554162142184 131.01221513881927,31.22127466753438,134.1444229145563 131.012216799222,31.22127353963081,133.86388169289637 131.01221844774452,31.221272417589283,133.58390115383315 131.01222008511775,31.22127130229527,133.30446631352993 131.01222171217535,31.22127019455773,133.0255640963804 131.0122233298417,31.22126909510008,132.74718334594678 131.012224939119,31.221268004552627,132.4693148408681 131.01222654107377,31.22126692344677,132.19195126206827 131.01222813682244,31.22126585221062,131.91508714207296 131.0122297275179,31.221264791166217,131.638718806377 131.01223131433505,31.221263740528105,131.36284427803457 131.01223289845703,31.22126270040337,131.0874631723126 131.0122344810626,31.221261670792845,130.8125765853797 131.01223606331263,31.2212606515934,130.53818696311592 131.01223764633883,31.22125964260122,130.26429796793528 131.01223923123197,31.22125864351616,129.9909143297043 131.01224081903155,31.22125765394657,129.71804171156936 131.0122424107163,31.221256673415,129.4456865559063 131.0122440071949,31.22125570136457,129.17385593126036 131.0122456092982,31.221254737165776,128.90255738525272 131.01224721777191,31.221253780123924,128.63179878853856 131.01224883327035,31.22125282948684,128.3615881896991 131.01225045635087,31.221251884453057,128.09193367212032 131.0122520874693,31.2212509441804,127.8228431929799 131.01225372697667,31.22125000779452,127.55432445901036 131.01225537511598,31.221249074398035,127.28638478436984 131.01225703202087,31.22124814307949,127.01903094851096 131.01225869771469,31.22124721292268,126.7522690938106 131.01226037211063,31.221246283015745,126.48610457548364 131.0122620550129,31.22124535246044,126.22054188207296 131.01226374611866,31.22124442038123,125.95558451816215 131.01226544502123,31.221243485934167,125.6912349049839 131.01226715121385,31.22124254831564,125.4274943108434 131.0122688640947,31.221241606770835,125.16436275470367 131.01227058297252,31.22124066060189,124.90183896642932 131.0122723070732,31.22123970917559,124.63992031621116 131.01227403554742,31.22123875193075,124.37860277679658 131.01227576747863,31.22123778838504,124.11788091056444 131.01227750189227,31.221236818141367,123.85774782479298 131.01227923776608,31.22123584089352,123.5981951815967 131.0122809740402,31.221234856431284,123.33921321084314 131.01228270962923,31.22123386464484,123.08079072803773 131.0122844434343,31.221232865528165,122.82291517705984 131.01228617435626,31.221231859181767,122.56557267687032 131.01228790130952,31.22123084581405,122.30874812686652 131.01228962323637,31.22122982574164,122.05242527843671 131.01229133912238,31.22122879938823,121.79658685522304 131.01229304801168,31.221227767281817,121.54121470916265 131.01229474902254,31.22122673005028,121.28628997354856 131.0122964413629,31.221225688414894,121.03179326181083 131.01229812434545,31.221224643181884,120.77770486828597 131.0122997974016,31.22122359523184,120.52400502166654 131.0123014600939,31.221222545506983,120.27067410962448 131.01230311212694,31.221221494996485,120.01769296903812 131.01230475335527,31.221220444720053,119.76504312850768 131.01230638378857,31.22121939571016,119.5127070916266 131.01230800359335,31.221218348993364,119.26066857452956 131.01230961309128,31.22121730557144,119.00891273946772 131.0123112127534,31.22121626640266,118.7574264035378 131.01231280319155,31.221215232384225,118.50619818677914 131.0123143851461,31.221214204336075,118.25521864337853 131.01231595947127,31.221213182986755,118.00448033423024 131.01231752711817,31.221212168961618,117.7539778607372 131.01231908911635,31.22121116277356,117.50370784593032 131.0123206465546,31.221210164816355,117.25366889670708 131.0123222005613,31.221209175360656,117.00386149251564 131.01232375228483,31.221208194552293,116.75428788895024 131.0123253028746,31.221207222413007,116.5049519597224 131.01232685346326,31.22120625884289,116.25585904658132 131.0123284051496,31.221205303624902,116.00701578339422 131.01232995898275,31.22120435643076,115.75842989239352 131.01233151594786,31.22120341682811,115.5101100201826 131.0123330769532,31.22120248428905,115.262065509134 131.01233464281853,31.22120155819933,115.01430622544224 131.01233621426485,31.221200637868577,114.766842345429 131.01233779190616,31.221199722541066,114.51968416769294 131.01233937624215,31.221198811407103,114.27284191730372 131.01234096765256,31.221197903614875,114.02632556788964 131.01234256639327,31.22119699828261,113.78014464980627 131.01234417259354,31.221196094511,113.534308092101 131.01234578625505,31.221195191395605,113.28882405354264 131.01234740725226,31.221194288039587,113.043699784462 131.01234903533484,31.22119338356589,112.79894147169576 131.01235067013076,31.221192477129573,112.55455412129888 131.01235231115157,31.221191567929576,112.310541458155 131.0123539577988,31.22119065522021,112.06690581067438 131.01235560937187,31.221189738321907,111.82364804916811 131.01235726507724,31.22118881663151,111.5807675182552 131.01235892403895,31.22118788963164,111.33826199213024 131.01236058531035,31.22118695689927,111.0961276566708 131.01236224788732,31.221186018113382,110.85435909352852 131.01236391072197,31.221185073061445,110.61294929702116 131.0123655727382,31.22118412164483,110.37188971786318 131.01236723284785,31.2211831638828,110.1311703068936 131.0123688899678,31.221182199915084,109.8907796164552 131.01237054303786,31.22118123000267,109.65070489381986 131.0123721910398,31.221180254526768,109.41093222729596 131.01237383301637,31.22117927398564,109.17144669531524 131.0123754680905,31.221178288988995,108.93223257814084 131.01237709548442,31.22117730024997,108.69327357056916 131.01237871453768,31.22117630857421,108.45455302743149 131.01238032472392,31.221175314846366,108.21605424587388 131.0123819256654,31.22117432001368,107.97776075857152 131.01238351714454,31.22117332506724,107.73965662594748 131.01238509911215,31.22117233102117,107.50172675225042 131.0123866716909,31.22117133889033,107.26395717678275 131.0123882351746,31.22117034966736,107.02633534823372 131.01238979002247,31.221169364299985,106.7888503513012 131.0123913368489,31.221168383669376,106.55149311542743 131.0123928764085,31.221167408570498,106.31425654600476 131.01239440957812,31.22116643969503,106.0771356098588 131.01239593733573,31.221165477617568,105.84012736706292 131.01239746073756,31.22116452278515,105.60323095006947 131.0123989808942,31.221163575510413,105.36644747823571 131.0124004989463,31.221162635968128,105.12977994650667 131.01240201604105,31.22116170419493,104.89323307235249 131.01240353330942,31.22116078009204,104.6568131059268 131.01240505184523,31.221159863430245,104.42052764320871 131.0124065726853,31.22115895385737,104.18438540236714 131.01240809679214,31.22115805090736,103.948395989189 131.01240962503786,31.22115715401105,103.71256968835392 131.01241115819073,31.221156262508103,103.47691721196372 131.0124126969036,31.221155375660096,103.24144947391504 131.01241424170408,31.22115449266444,103.0061773762016 131.0124157929874,31.22115361266881,102.77111157533275 131.01241735101087,31.22115273478631,102.53626227658413 131.01241891589083,31.22115185811072,102.30163903520504 131.0124204876012,31.221150981732084,102.06725056756515 131.0124220659748,31.221150104752088,101.83310457621482 131.01242365070644,31.22114922629936,101.5992076017835 131.01242524135768,31.22114834554437,101.36556487089912 131.01242683736453,31.221147461713727,101.13218019281564 131.0124284380462,31.22114657410373,100.89905584211898 131.0124300426163,31.221145682093184,100.66619249212955 131.01243165019542,31.221144785154976,100.43358916619351 131.01243325982563,31.2211438828666,100.20124319593108 131.01243487048654,31.221142974919275,99.9691502361436 131.01243648111264,31.221142061125544,99.73730426083036 131.0124380906124,31.22114114142519,99.50569764469294 131.01243969788817,31.22114021588924,99.27432120884936 131.01244130185762,31.221139284721943,99.0431643540244 131.0124429014755,31.22113834826027,98.81221519472952 131.01244449575668,31.22113740697081,98.58146073519242 131.01244608379835,31.22113646144384,98.35088707609718 131.0124476648031,31.221135512384,98.12047966307632 131.01244923809995,31.22113456059776,97.89022355805928 131.01245080316397,31.2211336069774,97.66010374541509 131.01245235963316,31.22113265248168,97.43010545399684 131.01245390732106,31.221131698113528,97.20021449708028 131.0124554462255,31.221130744895216,96.97041760534432 131.01245697653115,31.221129793842177,96.74070273699144 131.01245849860695,31.22112884593616,96.51105937793064 131.01246001299697,31.221127902099088,96.28147878629808 131.01246152040588,31.22112696316889,96.05195416839324 131.0124630216796,31.221126029877983,95.8224808158541 131.01246451778167,31.221125102835654,95.5930561543656 131.01246600976697,31.221124182514536,95.36367973273208 131.01246749875384,31.22112326924156,95.13435316423856 131.0124689858957,31.22112236319325,94.90507999445742 131.01247047235316,31.221121464395097,94.67586553824168 131.01247195926717,31.22112057272473,94.44671668093515 131.01247344773412,31.22111968791817,94.2176416497618 131.012474938783,31.221118809578986,93.98864977428192 131.01247643335515,31.221117937189685,93.75975122199628 131.0124779322864,31.221117070124915,93.53095675383128 131.01247943629176,31.221116207666395,93.30227744980188 131.01248094595303,31.221115349018937,93.07372446449524 131.01248246170897,31.221114493327487,92.8453087686348 131.01248398384817,31.22111363969488,92.61704091152096 131.01248551250458,31.22111278719998,92.38893080135968 131.01248704765604,31.221111934916056,92.16098747664512 131.01248858912535,31.221111081929177,91.93321891829652 131.01249013658395,31.22111022735624,91.70563187570733 131.01249168955843,31.221109370362576,91.47823171068852 131.01249324743964,31.221108510178688,91.25102226427032 131.0124948094936,31.22110764611613,91.02400576227092 131.0124963748761,31.221106777582,90.79718272782095 131.01249794264808,31.221105904092028,90.57055194557748 131.01249951179403,31.22110502528215,90.34411042692751 131.0125010812417,31.221104140917948,90.1178534457692 131.0125026498842,31.221103250902303,89.89177456534374 131.0125042166026,31.221102355280408,89.66586574061213 131.01250578029092,31.221101454242405,89.4401174136728 131.01250733988175,31.22110054812288,89.21451868472425 131.01250889437227,31.221099637397263,88.98905749694237 131.01251044285044,31.22109872267464,88.7637208750345 131.01251198452098,31.221097804686536,88.538495190632 131.01251351872924,31.22109688427185,88.31336647042384 131.01251504498305,31.221095962357506,88.08832073808881 131.0125165629709,31.221095039935182,87.86334436716042 131.0125180725747,31.221094118034955,87.63842444482837 131.01251957387714,31.22109319769605,87.41354913971648 131.01252106716217,31.22109227993651,87.18870802294423 131.01252255290805,31.2210913657228,86.96389236334487 131.01252403177358,31.221090455940995,86.73909536304707 131.0125255045782,31.22108955137084,86.51431231751084 131.0125269722763,31.221088652664,86.28954070698185 131.01252843592792,31.221087760327126,86.0647802004715 131.01252989666705,31.22108687471036,85.8400326050698 131.01253135566895,31.221085996001108,85.61530172182134 131.01253281411775,31.221085124222867,85.39059318470339 131.01253427317587,31.221084259238644,85.16591424294647 131.0125357339548,31.221083400758346,84.94127349762816 131.01253719748937,31.221082548349607,84.71668065019823 131.01253866471447,31.221081701451403,84.49214620428003 131.01254013644495,31.221080859389915,84.2676811803965 131.01254161335916,31.221080021396208,84.04329685057577 131.0125430959856,31.22107918662536,83.81900442225772 131.0125445846927,31.221078354176555,83.59481479377254 131.01254607968264,31.22107752311408,83.37073828496631 131.01254758098773,31.22107669248844,83.1467843906861 131.01254908847082,31.22107586135777,82.92296156706978 131.01255060182876,31.22107502880885,82.69927701783202 131.01255212059925,31.221074193977536,82.47573652925834 131.0125536441709,31.22107335606836,82.25234431911248 131.012555171796,31.22107251437285,82.02910291834665 131.0125567026068,31.221071668286328,81.8060130876008 131.01255823563355,31.22107081732298,81.58307377843235 131.01255976982628,31.22106996112871,81.36028209951547 131.01256130407768,31.221069099491675,81.13763335142627 131.01256283724857,31.22106823235024,80.91512109224341 131.01256436819503,31.22106735979784,80.69273722899062 131.01256589579668,31.221066482084733,80.47047217667489 131.01256741898632,31.221065599615887,80.24831502925007 131.01256893677967,31.221064712944845,80.02625380811634 131.01257044830493,31.22106382276332,79.80427572354057 131.01257195283077,31.22106292988588,79.58236749969375 131.01257344979214,31.221062035230062,79.36051573249364 131.01257493881187,31.2210611397916,79.13870725440438 131.01257641971745,31.2210602446156,78.91692953701026 131.01257789255055,31.22105935076443,78.69517108961547 131.01257935756945,31.22105845928379,78.4734218031729 131.01258081524264,31.22105757116831,78.2516732942156 131.01258226623426,31.22105668732883,78.02991915435788 131.0125837113819,31.221055808562927,77.80815511928105 131.01258515166825,31.22105493553009,77.58637918603286 131.0125865881877,31.22105406873276,77.36459161203926 131.01258802211044,31.22105320850359,77.14279484055896 131.0125894546453,31.22105235499913,76.92099336252134 131.0125908870034,31.22105150819948,76.69919350083053 131.01259232036324,31.221050667913115,76.47740317777124 131.0125937558391,31.22104983378657,76.25563162476055 131.01259519445208,31.22104900531789,76.03388908215913 131.0125966371053,31.22104818187329,75.81218648914053 131.0125980845627,31.22104736270626,75.5905351626265 131.01259953743207,31.221046546978688,75.36894649411286 131.01260099615197,31.221045733783424,75.14743163158482 131.01260246098303,31.221044922167813,74.92600120317906 131.01260393200286,31.221044111157884,74.70466502991182 131.01260540910536,31.221043299782654,74.4834318881066 131.01260689200424,31.221042487098213,74.26230928275531 131.01260838024004,31.22104167221104,74.04130324274736 131.01260987319137,31.22104085430041,73.82041816480469 131.01261137008967,31.22104003263924,73.59965668723741 131.0126128700372,31.22103920661306,73.37901959153123 131.0126143720285,31.221038375736928,73.15850576954028 131.01261587497493,31.221037539669485,72.9381122036023 131.01261737773095,31.221036698224367,72.71783399834139 131.01261887912392,31.22103585137832,72.49766447310908 131.0126203779845,31.22103499927549,72.277595280267 131.01262187317917,31.22103414222805,72.0576165950424 131.0126233636437,31.221033280711964,71.83771731532201 131.01262484841615,31.22103241535809,71.61788535687522 131.01262632666908,31.221031546938097,71.39810796050389 131.01262779773992,31.22103067634468,71.17837206678938 131.01262926115697,31.221029804566523,70.95866470177245 131.01263071666057,31.221028932658047,70.73897340040898 131.01263216421725,31.221028061705024,70.51928663499704 131.01263360402487,31.22102719278732,70.2995942088128 131.01263503650887,31.22102632694065,70.07988763583364 131.01263646230845,31.22102546511949,69.86016040813446 131.012637882254,31.22102460816308,69.64040823644835 131.0126392973366,31.221023756766574,69.42062916448535 131.01264070867128,31.22102291145884,69.2008235818603 131.01264211745735,31.22102207258732,68.98099416246963 131.0126435249364,31.22102124031047,68.7611456925285 131.01264493235172,31.22102041459709,68.54128487475366 131.01264634090913,31.221019595232107,68.32142002916356 131.01264775174124,31.22101878182773,68.10156079785556 131.01264916587587,31.221017973839217,67.88171780306216 131.0126505842082,31.221017170584226,67.66190230520623 131.01265200747866,31.221016371264888,67.44212585697873 131.0126534362547,31.22101557499229,67.22239995940431 131.01265487091763,31.22101478081229,67.00273573480357 131.01265631165464,31.22101398773245,66.7831436176478 131.0126577584552,31.2210131947494,66.56363306728078 131.01265921111272,31.221012400875978,66.34421230052072 131.01266066923063,31.221011605168083,66.1248880729701 131.01266213223306,31.22101080675021,65.90566548020344 131.01266359937995,31.221010004839588,65.68654781362888 131.01266506978632,31.22100919876808,65.46753644616908 131.01266654244532,31.22100838800172,65.2486307686379 131.01266801625457,31.2210075721572,65.02982818178339 131.01266949004582,31.22100675101516,64.81112411815175 131.0126709626169,31.221005924529585,64.59251214347407 131.0126724327662,31.22100509283297,64.37398407793532 131.0126738993283,31.22100425623704,64.15553019497729 131.01267536121085,31.221003415228203,63.9371394618528 131.01267681743093,31.221002570457664,63.71879984777593 131.01267826715085,31.2210017227253,63.50049866288703 131.01267970971065,31.221000872957525,63.282222952885206 131.0126811446567,31.221000022178984,63.063959949330815 131.01268257176363,31.220999171478606,62.84569750105872 131.01268399104805,31.220998321971184,62.62742453243479 131.01268540277286,31.220997474755887,62.4091314668208 131.01268680744016,31.220996630874268,62.19081061723847 131.01268820577363,31.22099579127,61.97245645377115 131.01268959869043,31.22099495675286,61.75406582126598 131.012690987265,31.220994127969103,61.535638015880686 131.01269237268707,31.220993305379647,61.31717477614374 131.01269375621587,31.22099248924675,61.09868015472801 131.01269513913408,31.220991679629183,60.88016030871265 131.01269652270287,31.22099087638536,60.66162322324325 131.01269790812063,31.22099007918296,60.44307838548807 131.01269929648518,31.220989287514804,60.224536424796405 131.01270068876156,31.220988500719034,60.006008733968535 131.01270208575497,31.22098771800319,59.78750709052491 131.0127034880894,31.22098693847076,59.56904327499117 131.0127048961919,31.22098616114988,59.35062871005877 131.0127063102828,31.220985385023223,59.13227411465335 131.01270773037064,31.220984609058483,58.91398918881895 131.01270915625412,31.220983832238726,58.6957823314049 131.01271058752863,31.220983053592192,58.47766037962081 131.01271202359803,31.220982272220738,58.25962841022167 131.0127134636919,31.22098148732645,58.041689585425615 131.01271490688725,31.22098069823581,57.823845039587205 131.0127163521344,31.220979904420737,57.60609380861412 131.01271779828753,31.220979105516303,57.38843284387904 131.01271924413703,31.220978301334416,57.17085705495885 131.0127206884462,31.220977491873,56.95335943289256 131.01272212998933,31.220976677320248,56.735931203261295 131.01272356759125,31.220975858053546,56.51856207271009 131.01272500016768,31.22097503463249,56.30124050529204 131.0127264267647,31.22097420778546,56.0839540783379 131.01272784659656,31.220973378389345,55.8666898751067 131.01272925907972,31.220972547442607,55.64943493906984 131.01273066386037,31.220971716031457,55.432176747082416 131.0127320608348,31.22097088529045,55.21490369448624 131.01273345015932,31.22097005635858,54.99760557921873 131.01273483224838,31.22096923033345,54.78027402230393 131.01273620776036,31.22096840822597,54.56290282969557 131.01273757757144,31.220967590918736,54.34548823185099 131.0127389427391,31.2209667791304,54.12802904875184 131.0127403044577,31.220965973388623,53.91052667400478 131.01274166400884,31.22096517401248,53.69298498041238 131.01274302271037,31.22096438110447,53.47541010824354 131.01274438186624,31.220963594552007,53.25781017397837 131.01274574271974,31.22096281403704,53.04019490449724 131.01274710641076,31.220962039052644,52.82257525735212 131.01274847393967,31.220961268925127,52.60496299332175 131.01274984613698,31.22096050284043,52.387370254928925 131.0127512236396,31.220959739873862,52.16980914794038 131.0127526068735,31.2209589790219,51.95229136063893 131.0127539960434,31.220958219235342,51.73482776023064 131.01275539112865,31.220957459453075,51.51742806480089 131.01275679188566,31.220956698635607,51.30010054012104 131.01275819785627,31.22095593579772,51.08285174019206 131.0127596083829,31.22095517003924,50.86568628854633 131.01276102262835,31.220954400573763,50.648606726149225 131.01276243960146,31.22095362675412,50.43161341496956 131.01276385818724,31.220952848094267,50.2147045091467 131.01276527718133,31.22095206428694,49.99787596194295 131.01276669532749,31.220951275216542,49.78112163210421 131.01276811135807,31.22095048096688,49.564433436941904 131.01276952403677,31.220949681822844,49.3478015680418 131.01277093220168,31.220948878266054,49.13121479047622 131.01277233480897,31.220948070963583,48.91466077680828 131.0127737309745,31.22094726074944,48.698126537524246 131.01277512001252,31.220946448598408,48.481598860411566 131.01277650146892,31.22094563559257,48.2650648463658 131.01277787514596,31.22094482288096,48.04851241239263 131.01277924111784,31.22094401163356,47.83193081250543 131.01278059973305,31.220943202992167,47.615311133773 131.01278195160336,31.22094239802068,47.39864669693687 131.0127832975792,31.220941597658232,47.18193334966879 131.0127846387129,31.220940802678303,46.965169672351976 131.01278597621135,31.22094001365672,46.74835698504546 131.01278731138288,31.220939230950183,46.5314992629949 131.0127886455811,31.220938454685648,46.314602915952975 131.0127899801496,31.220937684760777,46.09767645914528 131.01279131636903,31.22093692085389,45.88073012260205 131.01279265541095,31.22093616244197,45.663775407802575 131.01279399829735,31.22093540882507,45.44682463040084 131.01279534586735,31.220934659155947,45.22989043809844 131.01279669875183,31.22093391247297,45.01298536529645 131.01279805735567,31.2209331677354,44.79612137879968 131.01279942184743,31.220932423860223,44.579309477199615 131.01280079215607,31.22093167975924,44.36255933499086 131.01280216797605,31.220930934375524,44.1458789576203 131.01280354877807,31.22093018671877,43.929274434950464 131.01280493382737,31.22092943589844,43.71274972852058 131.01280632220795,31.22092868115371,43.49630651845238 131.01280771285252,31.22092792187984,43.27994413882888 131.01280910457686,31.220927157650312,43.06365957470685 131.0128104961192,31.22092638823348,42.8474475207614 131.01281188618276,31.22092561360398,42.63130052442978 131.01281327348,31.220924833947848,42.415209205599 131.01281465677977,31.220924049660933,42.19916253693412 131.01281603495363,31.22092326134008,41.98314819776964 131.01281740702203,31.22092246976677,41.76715300255875 131.01281877219682,31.220921675882494,41.55116338399845 131.0128201299199,31.220920880756065,41.33516592387284 131.01282147989343,31.22092008554309,41.11914791570815 131.01282282210067,31.220919291438804,40.90309793935928 131.0128241568138,31.22091849962608,40.68700639782195 131.012825484587,31.220917711221656,40.4708659794896 131.01282680623467,31.22091692722414,40.25467204386708 131.01282812279507,31.220916148467342,40.03842282735371 131.0128294354815,31.220915375582724,39.82211952675495 131.0128307456256,31.22091460897297,39.60576620783216 131.01283205461615,31.22091384879819,39.38936958263321 131.01283336383747,31.220913094974648,39.17293863373063 131.01283467461187,31.22091234718432,38.95648420068397 131.01283598814743,31.22091160489432,38.74001847106761 131.01283730549332,31.22091086738392,38.523554453602586 131.01283862750373,31.220910133776727,38.30710546520569 131.01283995481052,31.220909403077417,38.09068460113584 131.01284128780426,31.220908674210733,37.87430426478603 131.01284262662452,31.22090794606161,37.657975705425805 131.0128439711578,31.220907217515894,37.44170864143557 131.01284532104407,31.22090648749985,37.22551090540921 131.01284667569135,31.220905755018023,37.00938817176676 131.01284803429652,31.220905019188468,36.79334376687588 131.01284939587393,31.22090427927408,36.57737851694884 131.01285075928962,31.220903534709617,36.361490713243136 131.01285212330006,31.22090278512368,36.14567615480165 131.0128534865966,31.22090203035429,35.92992822996266 131.01285484785132,31.220901270458626,35.714238148974545 131.01285620576633,31.220900505715225,35.498595197485784 131.01285755912403,31.22089973661897,35.282987098394685 131.01285890683596,31.220898963868105,35.067400440303444 131.0128602479909,31.220898188342343,34.85182118450892 131.01286158189802,31.220897411072865,34.636235211758034 131.01286290812396,31.22089663320324,34.42062893063993 131.0128642265205,31.22089585594252,34.204989900891285 131.01286553723952,31.220895080512047,33.98930743682113 131.0128668407338,31.220894308088337,33.77357315904385 131.01286813774067,31.220893539745784,33.557781451774346 131.01286942924915,31.220892776403463,33.34192976106621 131.01287071645262,31.220892018779896,33.12601875387693 131.01287200068938,31.22089126735972,32.910052235564166 131.0128732833774,31.22089052237365,32.694036970954286 131.0128745659462,31.220889783793226,32.47798228670592 131.01287584977257,31.22088905133837,32.261899579231205 131.01287713612157,31.22088832449664,32.04580179180027 131.01287842609588,31.22088760255168,31.829702772348284 131.0128797205956,31.220886884618032,31.613616723735426 131.0128810202868,31.220886169681272,31.39755758043913 131.01288232558147,31.22088545664026,31.18153847471561 131.01288363662596,31.220884744351327,30.965571250477176 131.01288495330004,31.22088403167223,30.7496660079853 131.0128862752244,31.22088331750501,30.53383073801252 131.0128876017764,31.2208826008368,30.318071047462634 131.01288893211495,31.22088188077715,30.10238990984133 131.012890265211,31.2208811565914,29.886787597650944 131.01289159988616,31.22088042772854,29.67126159688944 131.0128929348549,31.22087969384369,29.45580672037317 131.01289426877295,31.220878954813173,29.24041523000689 131.01289560028698,31.220878210743127,29.025077110159263 131.0128969280875,31.22087746196976,28.809780387763325 131.01289825096137,31.22087670905181,28.594511567735257 131.012899567844,31.22087595275414,28.379256128041312 131.0129008778682,31.220875194022337,28.163999103243125 131.01290218040856,31.220874433948136,27.948725702838004 131.01290347511764,31.220873673725823,27.733421994219835 131.01290476195177,31.22087291460037,27.51807558464716 131.0129060411826,31.22087215780937,27.30267627338955 131.01290731339233,31.22087140452168,27.0872166293172 131.01290857945023,31.22087065577688,26.871692431303224 131.01290984047156,31.22086991243057,26.656102933661632 131.01291109776042,31.22086917510984,26.440450939721234 131.01291235274212,31.22086844418277,26.22474262985037 131.01291360688936,31.22086771974408,26.00898722048136 131.0129148616495,31.220867001616355,25.79319644816741 131.0129161183762,31.220866289366025,25.57738394627297 131.0129173782704,31.220865582330536,25.36156456698533 131.01291864233127,31.220864879654968,25.1457536923894 131.01291991131978,31.220864180334008,24.92996653360992 131.0129211857327,31.220863483258206,24.71421751544752 131.01292246578905,31.220862787261456,24.49851967592453 131.01292375142603,31.22086209116903,24.282884176176847 131.0129250423065,31.220861393844064,24.06731985309228 131.01292633783478,31.22086069423185,23.851832906154826 131.01292763718175,31.220859991400445,23.63642664592372 131.0129289393181,31.22085928457661,23.42110135683681 131.01293024305377,31.220858573176336,23.205854288256244 131.01293154708415,31.220857856828488,22.990679710132515 131.0129328500401,31.220857135391608,22.775569109834656 131.01293415054138,31.22085640896247,22.56051149535418 131.01293544725195,31.220855677876656,22.345493759150365 131.0129367389353,31.220854942700328,22.13050118912931 131.01293802450908,31.220854204212785,21.91551801541255 131.01293930309583,31.22085346337992,21.7005280644734 131.0129405740694,31.220852721317904,21.48551547491212 131.0129418370929,31.220851979247545,21.27046543311487 131.01294309214535,31.22085123843989,21.05536494669263 131.01294433953447,31.220850500154903,20.84020356821519 131.01294557989084,31.22084976557624,20.624974037428103 131.01294681414237,31.220849035746657,20.40967276540447 131.01294804346944,31.220848311509407,20.194300121858543 131.01294926924157,31.220847593460952,19.978860453050064 131.01295049294208,31.22084688191977,19.76336185612445 131.01295171608768,31.22084617691309,19.54781571585409 131.01295294014787,31.22084547818221,19.33223604155632 131.01295416647224,31.22084478520367,19.11663870459597 131.01295539622893,31.22084409722313,18.90104060728993 131.01295663035577,31.220843413298347,18.68545885876855 131.0129578695251,31.22084273234788,18.46990999159408 131.0129591141225,31.220842053202407,18.254409235042928 131.01296036423744,31.220841374656967,18.03896990072416 131.01296161966613,31.220840695522018,17.823602828837952 131.0129628799246,31.220840014672262,17.60831598355451 131.01296414427208,31.22083933109178,17.393114134881742 131.012965411743,31.22083864391433,17.177998657840735 131.01296668118687,31.220837952458023,16.962967483745018 131.01296795131464,31.220837256252995,16.74801514691674 131.01296922075005,31.220836555061663,16.533132981519284 131.0129704880854,31.22083584889047,16.318309428740072 131.0129717519386,31.220835137993184,16.10353044537719 131.01297301101104,31.220834422865,15.8887800516074 131.01297426414453,31.220833704227463,15.674040949340112 131.01297551037527,31.22083298300411,15.459295224081169 131.01297674898356,31.220832260286265,15.244525152178584 131.01297797953617,31.22083153728919,15.02971401801132 131.01297920191905,31.22083081529893,14.814846995800716 131.01298041635664,31.220830095610577,14.599912013529424 131.01298162341317,31.220829379460607,14.38490051645361 131.012982823974,31.22082866795712,14.169808113308273 131.01298401920383,31.22082796201364,13.954634977953129 131.01298521048415,31.220827262293007,13.73938596470522 131.01298639933316,31.22082656916769,13.52407038367175 131.01298758731676,31.22082588270049,13.308701476843655 131.01298877595855,31.220825202647127,13.093295602900731 131.01298996665724,31.220824528478456,12.877871294763647 131.0129911606172,31.22082385941838,12.66244820679193 131.0129923587949,31.22082319449235,12.44704609379196 131.01299356186206,31.22082253258197,12.231683850665547 131.01299477018483,31.220821872482,12.016378649482464 131.01299598381684,31.220821212957123,11.801145207779156 131.01299720250535,31.22082055279669,11.58599518112454 131.01299842570864,31.22081989086596,11.37093669983646 131.01299965262336,31.22081922615271,11.155974056808668 131.01300088222135,31.220818557808222,10.94110750966451 131.0130021132935,31.22081788518165,10.726333278759224 131.0130033445005,31.220817207846714,10.511643661498365 131.01300457442787,31.220816525620048,10.297027324610731 131.0130058016445,31.22081583857065,10.082469703791144 131.01300702476226,31.220815147020005,9.867953568374778 131.0130082424949,31.22081445153293,9.653459682446206 131.0130094537154,31.22081375289937,9.43896757431383 131.01301065750982,31.220813052106536,9.224456408384992 131.0130118532255,31.220812350302168,9.00990591967539 131.0130130405127,31.22081164874811,8.795297411947494 131.0130142193561,31.22081094876436,8.580614803571665 131.01301539009236,31.220810251664247,8.365845649530094 131.01301655340987,31.220809558682625,8.150982077925923 131.01301771032524,31.22080887090099,7.936021556493182 131.01301886213471,31.220808189176022,7.720967363842643 131.01302001033957,31.22080751407989,7.505828611347062 131.01302115655218,31.220806845860512,7.29061984350129 131.0130223023917,31.22080618442769,7.075360160088144 131.01302344945856,31.220805529318508,6.860073171451794 131.01302459907657,31.22080487983587,6.644781125975101 131.01302575236124,31.220804235032205,6.42950731297453 131.01302691012856,31.220803593792983,6.214273455999206 131.01302807287735,31.220802954895625,5.999098958254737 131.01302924078075,31.22080231707041,5.784000125159058 131.01303041369067,31.220801679058688,5.568989590700384 131.01303159115443,31.22080103966716,5.354075911808072 131.01303277244125,31.220800397817666,5.139263327754061 131.013033956578,31.2207997525914,4.9245516905509135 131.0130351423936,31.22079910326657,4.70993655441668 131.0130363285702,31.22079844934865,4.495409414365486 131.0130375136999,31.22079779059183,4.280958108837017 131.01303869634594,31.22079712701147,4.066567330691598 131.0130398751049,31.220796458886515,3.8522192853442463 131.01304104867054,31.22079578675197,3.6378944383759326 131.01304221589473,31.220795111381168,3.423572337709881 131.01304337584662,31.220794433757543,3.2092325163181763 131.0130445278654,31.220793755035647,2.994855432709469 131.013045671606,31.22079307649111,2.7804234591397328 131.01304680707256,31.220792399459576,2.5659218310528926 131.01304793463595,31.22079172526586,2.3513395647106767 131.0130490550299,31.220791055146464,2.1366701938851125 131.0130501693214,31.22079039017092,1.9219123097064648 131.01305127885377,31.220789731169912,1.707069711789851 131.0130523851662,31.22078907867853,1.4921512263132797 131.01305348989635,31.22078843290224,1.2771700757213655 131.0130545946772,31.220787793708688,1.0621429730402143 131.013055701039,31.2207871606448,0.8470889835520846 131.01305681032568,31.22078653297416,0.6320283198569121 131.0130579236288,31.22078590972872,0.4169811945927762 131.01305904174143,31.220785289768788,0.2019667526874378</coordinates>
            </LineString>
        </Placemark>
        <Placemark id="617">
            <name>flight_path</name>
            <styleUrl>#618</styleUrl>
            <LineString id="616">
                <altitudeMode>clampToGround</altitudeMode>
                <coordinates>131.010392,31.222216000000007,0.0 131.01039200000545,31.2222159999906,0.0 131.01039200001028,31.222215999993875,0.0 131.01039200001028,31.222215999993875,0.0 131.0103920000103,31.222215999993875,0.0 131.0103920186648,31.22221599084417,0.0 131.0103920748901,31.222215963420645,0.0 131.01039215993478,31.22221592194644,0.0 131.010392249151,31.222215878416662,0.0 131.010392395381,31.222215807126663,0.0 131.01039249716985,31.22221575742821,0.0 131.01039266702276,31.22221567459415,0.0 131.0103928374792,31.222215591440023,0.0 131.01039302080284,31.222215502000264,0.0 131.01039322708232,31.222215401367297,0.0 131.01039345272457,31.222215291288936,0.0 131.01039369258763,31.22221517426644,0.0 131.01039395005884,31.222215048652007,0.0 131.01039421644953,31.222214918672204,0.0 131.01039450845172,31.22221477620725,0.0 131.0103948069986,31.222214630532072,0.0 131.01039512776407,31.22221447402223,0.0 131.01039545946077,31.222214312168344,0.0 131.01039580637274,31.222214142886457,0.0 131.0103961752949,31.22221396287121,0.0 131.01039655164234,31.222213779217327,0.0 131.01039694683445,31.222213586369925,0.0 131.01039735714872,31.222213386139742,0.0 131.01039778575063,31.22221317698696,0.0 131.01039822638555,31.22221296195409,0.0 131.0103986893425,31.22221273603605,0.0 131.01039915904306,31.22221250681097,0.0 131.01039964456635,31.22221226986224,0.0 131.0104001456363,31.22221202532413,0.0 131.0104006630688,31.222211772799746,0.0 131.01040119449576,31.22221151344101,0.0 131.01040173375296,31.22221125024659,0.0 131.0104022910162,31.22221097826628,0.0 131.0104028640733,31.222210698576216,0.0 131.010403448877,31.222210413145216,0.0 131.01040405025552,31.222210119624407,0.0 131.01040466068557,31.22220982167371,0.0 131.01040528477773,31.22220951705013,0.0 131.01040592505373,31.222209204526795,0.0 131.01040658160653,31.2222088840584,0.0 131.010407247809,31.222208558868967,0.0 131.0104079271538,31.222208227259305,0.0 131.01040862461,31.222207886811766,0.0 131.01040934016976,31.222207537530053,0.0 131.01041005778333,31.222207187222743,0.0 131.01041079218817,31.22220682871958,0.0 131.01041154438693,31.222206461532508,0.0 131.01041230918216,31.222206088190248,0.0 131.0104130807204,31.222205711540788,0.0 131.01041387233195,31.22220532509796,0.0 131.01041467658197,31.22220493247912,0.0 131.0104154908101,31.222204534978747,0.0 131.01041632244997,31.222204133689807,0.0 131.0104171667305,31.22220372134136,0.0 131.0104180248217,31.222203304343555,0.0 131.0104189058992,31.22220287574475,0.0 131.0104197935568,31.222202443881777,0.0 131.01042069573984,31.22220200487492,0.0 131.01042161673345,31.2222015566156,0.0 131.01042255847096,31.22220109814213,0.0 131.0104234984065,31.222200640502145,0.0 131.0104244566877,31.222200173814294,0.0 131.0104254422921,31.22219969364461,0.0 131.01042643329444,31.222199210762977,0.0 131.01042743294178,31.22219872357796,0.0 131.01042845349227,31.22219822603815,0.0 131.01042949149365,31.222197719829428,0.0 131.01043053793833,31.222197209396136,0.0 131.0104315958798,31.22219669322789,0.0 131.0104326728899,31.222196167565706,0.0 131.01043376919233,31.22219563228317,0.0 131.01043486607347,31.22219509666176,0.0 131.01043598427142,31.222194550402108,0.0 131.0104371151878,31.22219399776188,0.0 131.01043825754255,31.222193439374124,0.0 131.01043940910836,31.222192876344863,0.0 131.01044058264873,31.22219230229737,0.0 131.01044176723232,31.222191722676136,0.0 131.01044295616532,31.22219114082948,0.0 131.0104441653736,31.22219054878157,0.0 131.0104453909695,31.22218994846183,0.0 131.0104466171229,31.222189347809167,0.0 131.01044786053183,31.2221887384396,0.0 131.01044911862004,31.22218812163113,0.0 131.01045038573156,31.222187500223832,0.0 131.0104516625914,31.22218687385008,0.0 131.01045295319545,31.22218624048632,0.0 131.0104542563517,31.22218560072383,0.0 131.01045556490664,31.22218495817578,0.0 131.0104568890222,31.22218430769314,0.0 131.01045822623664,31.22218365050915,0.0 131.01045956735445,31.222182991287,0.0 131.01046092614928,31.22218232302362,0.0 131.01046229313067,31.22218165053268,0.0 131.0104636635642,31.222180976227417,0.0 131.01046505125447,31.22218029305964,0.0 131.0104664477326,31.22217960533816,0.0 131.01046785209837,31.2221789135211,0.0 131.01046926772497,31.22217821587418,0.0 131.01047068917867,31.222177515176515,0.0 131.01047211725657,31.222176811016663,0.0 131.0104735607342,31.222176098868182,0.0 131.0104750027365,31.2221753874164,0.0 131.01047645976277,31.22217466814857,0.0 131.01047792521632,31.22217394445358,0.0 131.01047939261835,31.22217321968522,0.0 131.01048086808328,31.22217249067212,0.0 131.01048236044383,31.222171752804247,0.0 131.01048385219778,31.22217101517796,0.0 131.01048534474432,31.22217027707864,0.0 131.0104868561974,31.22216952902441,0.0 131.01048836246733,31.222168783608463,0.0 131.010489877245,31.22216803366129,0.0 131.01049141004273,31.222167274145967,0.0 131.01049292846974,31.22216652213393,0.0 131.01049446412316,31.222165760948844,0.0 131.0104960079571,31.22216499533107,0.0 131.0104975414648,31.222164235128343,0.0 131.01049909410102,31.222163464649626,0.0 131.01050064310556,31.22216269601551,0.0 131.0105021929077,31.22216192687855,0.0 131.01050375669,31.222161150115145,0.0 131.01050531445208,31.222160376505126,0.0 131.01050687579152,31.222159600873223,0.0 131.01050844697463,31.22215881976327,0.0 131.0105100117526,31.2221580420569,0.0 131.01051158333863,31.22215726050556,0.0 131.01051315757573,31.222156477361047,0.0 131.01051472810758,31.22215569617528,0.0 131.01051630735083,31.22215490997249,0.0 131.01051788229273,31.222154126064808,0.0 131.01051945880425,31.22215334114476,0.0 131.0105210406743,31.22215255296432,0.0 131.01052261769803,31.22215176745381,0.0 131.01052419730456,31.22215098026997,0.0 131.01052577869172,31.22215019180118,0.0 131.01052735667758,31.222149405227583,0.0 131.01052893719455,31.22214861684501,0.0 131.01053051564514,31.22214782952977,0.0 131.01053209338804,31.222147042432663,0.0 131.01053367185352,31.22214625440316,0.0 131.01053524772226,31.222145467919724,0.0 131.0105368230182,31.222144681425306,0.0 131.01053839710912,31.22214389506425,0.0 131.0105399695382,31.222143109870263,0.0 131.01054154020764,31.22214232497896,0.0 131.01054310904243,31.222141540981312,0.0 131.01054467662385,31.2221407576274,0.0 131.01054624054913,31.222139975571416,0.0 131.01054780383822,31.22213919402866,0.0 131.0105493642704,31.222138413650622,0.0 131.010550921325,31.22213763472031,0.0 131.01055247803694,31.222136856082724,0.0 131.01055402955947,31.22213607964468,0.0 131.01055558027403,31.22213530367737,0.0 131.0105571286998,31.222134528763064,0.0 131.01055867117563,31.222133756495914,0.0 131.0105602142646,31.22213298406088,0.0 131.01056175298567,31.22213221361221,0.0 131.01056328781058,31.222131444976032,0.0 131.01056482237595,31.222130676522603,0.0 131.01056634926616,31.222129911605844,0.0 131.01056787739543,31.222129146188447,0.0 131.0105694014707,31.22212838267624,0.0 131.0105709182183,31.222127622610326,0.0 131.01057243843263,31.22212686098017,0.0 131.01057395009008,31.222126103386696,0.0 131.01057546190543,31.22212534576535,0.0 131.01057697070252,31.222124589600703,0.0 131.01057847325907,31.22212383643404,0.0 131.0105799773405,31.22212308257464,0.0 131.01058147448654,31.222122332059087,0.0 131.01058297100033,31.222121581879176,0.0 131.01058446564596,31.222120832621336,0.0 131.01058595388258,31.2221200864902,0.0 131.0105874440043,31.22211933946772,0.0 131.01058892817585,31.22211859536224,0.0 131.01059041170333,31.222117851593847,0.0 131.01059189324266,31.222117108815976,0.0 131.01059337002496,31.222116368401466,0.0 131.01059484820243,31.222115627310508,0.0 131.01059632130048,31.22211488875604,0.0 131.0105977947643,31.222114150031743,0.0 131.01059926599572,31.222113412434247,0.0 131.01060073464984,31.222112676152125,0.0 131.0106022036871,31.222111939676395,0.0 131.01060366992184,31.22211120464792,0.0 131.01060513603747,31.2221104696812,0.0 131.01060660098673,31.22210973532488,0.0 131.0106080650265,31.22210900147802,0.0 131.0106095286103,31.22210826783777,0.0 131.01061099196343,31.222107534396503,0.0 131.01061245479707,31.22210680120876,0.0 131.01061391749496,31.22210606812408,0.0 131.010615380839,31.222105334768298,0.0 131.01061684315667,31.22210460191484,0.0 131.01061830810232,31.22210386784029,0.0 131.01061977159048,31.222103134474068,0.0 131.01062123685597,31.222102400274167,0.0 131.01062270346156,31.22210166544013,0.0 131.01062416883352,31.22210093121696,0.0 131.0106256406519,31.22210019387069,0.0 131.0106271083771,31.22209945852825,0.0 131.0106285817654,31.22209872042769,0.0 131.01063005530267,31.22209798225973,0.0 131.01063152911362,31.22209724396636,0.0 131.01063301016092,31.222096502111537,0.0 131.01063448717346,31.222095762254163,0.0 131.01063597284707,31.22209501811584,0.0 131.01063745669418,31.222094274885343,0.0 131.01063894367442,31.22209353010383,0.0 131.010640437243,31.222092782043458,0.0 131.01064192668738,31.2220920360422,0.0 131.01064342934723,31.22209128344028,0.0 131.01064492673711,31.22209053347334,0.0 131.0106464335894,31.222089778765724,0.0 131.01064793999973,31.222089024277818,0.0 131.01064944807248,31.222088268955645,0.0 131.01065096613985,31.222087508596832,0.0 131.0106524793309,31.22208675069448,0.0 131.01065400890033,31.222085984514035,0.0 131.01065553208016,31.22208522155926,0.0 131.0106570633153,31.22208445452185,0.0 131.01065860059688,31.22208368440793,0.0 131.0106601335666,31.222082916481742,0.0 131.0106616807881,31.22208214129424,0.0 131.0106632279102,31.22208136614536,0.0 131.01066477327163,31.222080591892183,0.0 131.01066632842986,31.22207981262141,0.0 131.0106678907565,31.222079029663004,0.0 131.01066945188737,31.22207824730698,0.0 131.01067101512737,31.222077463860685,0.0 131.01067258675673,31.222076676083187,0.0 131.01067416159148,31.222075886636446,0.0 131.01067573791883,31.222075096405987,0.0 131.01067731704933,31.222074304713097,0.0 131.0106789019633,31.22207351000603,0.0 131.0106804892633,31.222072714041914,0.0 131.0106820787948,31.222071916900543,0.0 131.01068367171328,31.22207111797608,0.0 131.01068526766295,31.222070317448665,0.0 131.01068686595977,31.222069515672487,0.0 131.01068846661488,31.222068712638563,0.0 131.01069007041806,31.22206790792673,0.0 131.0106916769504,31.222067101751875,0.0 131.0106932859578,31.222066294243703,0.0 131.01069489676794,31.222065485754708,0.0 131.0106965093021,31.222064676323704,0.0 131.0106981251321,31.22206386510728,0.0 131.0106997422392,31.22206305317689,0.0 131.01070136158748,31.22206224001319,0.0 131.01070298270687,31.222061425862496,0.0 131.0107046058474,31.22206061058437,0.0 131.0107062299595,31.222059794742044,0.0 131.0107078558567,31.22205897788921,0.0 131.01070948327032,31.222058160164547,0.0 131.01071111154565,31.22205734192177,0.0 131.01071274136478,31.222056522779603,0.0 131.01071437256763,31.22205570281716,0.0 131.01071600397063,31.22205488268844,0.0 131.0107176366473,31.22205406178778,0.0 131.0107192698264,31.2220532405398,0.0 131.01072090348725,31.22205241895094,0.0 131.0107225376207,31.22205159701884,0.0 131.01072417224083,31.222050774725776,0.0 131.01072580703018,31.222049952247847,0.0 131.01072744203347,31.222049129550207,0.0 131.01072907694655,31.2220483068052,0.0 131.01073071178445,31.22204748399507,0.0 131.01073234629553,31.222046661265168,0.0 131.0107339805579,31.22204583855576,0.0 131.0107356145059,31.22204501589224,0.0 131.01073724790265,31.222044193417325,0.0 131.01073888071892,31.222043371138906,0.0 131.01074051286037,31.22204254910653,0.0 131.0107421441553,31.22204172743756,0.0 131.01074377466523,31.222040906058343,0.0 131.0107454042152,31.2220400850961,0.0 131.0107470328004,31.222039264509764,0.0 131.0107486603072,31.22203844440556,0.0 131.01075028667557,31.22203762476429,0.0 131.01075191186993,31.22203680565738,0.0 131.01075353584375,31.222035987093165,0.0 131.01075515847683,31.22203516911248,0.0 131.01075677976624,31.222034351740067,0.0 131.01075839974288,31.22203353497646,0.0 131.01076001819155,31.22203271889204,0.0 131.01076163522976,31.222031903464643,0.0 131.01076325069673,31.22203108875263,0.0 131.0107648646865,31.222030274731647,0.0 131.0107664771851,31.22202946141012,0.0 131.01076808811092,31.222028648822977,0.0 131.01076969744,31.222027836984424,0.0 131.0107713052203,31.22202702587929,0.0 131.01077291142636,31.222026215520124,0.0 131.01077451613264,31.2220254058792,0.0 131.01077611910483,31.222024597054105,0.0 131.0107777206508,31.22202378892077,0.0 131.01077932049097,31.222022981595742,0.0 131.01078091879444,31.2220221750104,0.0 131.01078251576095,31.22202136908063,0.0 131.01078411106369,31.22202056394496,0.0 131.01078570494835,31.222019759499968,0.0 131.01078729751927,31.22201895570053,0.0 131.01078888850915,31.222018152660887,0.0 131.01079047828787,31.22201735022209,0.0 131.0107920666373,31.222016548476947,0.0 131.0107936535069,31.22201574744657,0.0 131.0107952392942,31.22201494695872,0.0 131.01079682385296,31.222014147074848,0.0 131.01079840722414,31.222013347775825,0.0 131.01079998934162,31.22201254908791,0.0 131.01080157041832,31.222011750918007,0.0 131.0108031504684,31.22201095325792,0.0 131.0108047294496,31.222010156122508,0.0 131.0108063075206,31.22200935944216,0.0 131.01080788472547,31.22200856319568,0.0 131.01080946098713,31.222007767409263,0.0 131.01081103656483,31.22200697197573,0.0 131.01081261128226,31.222006176956192,0.0 131.010814185379,31.22200538225489,0.0 131.0108157588313,31.22200458787336,0.0 131.0108173317172,31.222003793775745,0.0 131.01081890409054,31.222002999931192,0.0 131.01082047602085,31.22200220631068,0.0 131.01082204755653,31.22200141289036,0.0 131.01082361875643,31.222000619640045,0.0 131.01082518970512,31.22199982651391,0.0 131.01082676039792,31.22199903352353,0.0 131.01082833097053,31.22199824059093,0.0 131.0108299014367,31.221997447714763,0.0 131.01083147184536,31.22199665487024,0.0 131.01083304225386,31.221995862028194,0.0 131.0108346128578,31.221995069082773,0.0 131.0108361834328,31.221994276161205,0.0 131.01083775430916,31.22199348308324,0.0 131.01083932555085,31.221992689817263,0.0 131.010840897021,31.22199189643932,0.0 131.0108424688842,31.22199110286144,0.0 131.01084404120678,31.221990309049502,0.0 131.01084561410138,31.22198951494436,0.0 131.01084718718533,31.22198872075169,0.0 131.0108487609095,31.22198792623085,0.0 131.01085033527056,31.221987131384697,0.0 131.01085191016793,31.22198633626732,0.0 131.01085348598855,31.22198554067318,0.0 131.01085506223387,31.221984744867783,0.0 131.0108566390959,31.221983948749013,0.0 131.01085821730217,31.22198315193076,0.0 131.01085979632927,31.221982354691104,0.0 131.0108613759158,31.2219815571686,0.0 131.01086295667045,31.221980759039976,0.0 131.0108645383972,31.221979960409108,0.0 131.01086612118343,31.221979161229235,0.0 131.0108677050897,31.221978361467823,0.0 131.0108692900966,31.22197756113472,0.0 131.01087087589312,31.221976760394696,0.0 131.01087246278743,31.22197595908335,0.0 131.01087405076328,31.221975157208647,0.0 131.01087563957563,31.22197435490036,0.0 131.01087722944575,31.221973552039927,0.0 131.01087882133774,31.22197274811196,0.0 131.01088041356795,31.221971944014072,0.0 131.0108820070588,31.22197113925316,0.0 131.01088360199364,31.22197033372965,0.0 131.0108851978897,31.22196952770089,0.0 131.01088679488328,31.22196872109296,0.0 131.0108883926848,31.22196791406023,0.0 131.0108899917453,31.22196710635921,0.0 131.01089159215937,31.22196629793724,0.0 131.01089319321943,31.221965489174487,0.0 131.01089479551183,31.22196467975355,0.0 131.01089639930072,31.221963869529457,0.0 131.0108980042116,31.22196305870313,0.0 131.01089960969955,31.22196224756934,0.0 131.01090121625865,31.22196143585856,0.0 131.01090282430496,31.221960623341776,0.0 131.0109044334434,31.22195981023211,0.0 131.01090604349795,31.221958996624465,0.0 131.01090765440702,31.22195818255116,0.0 131.010909266492,31.221957367833745,0.0 131.0109108790709,31.22195655284577,0.0 131.0109124930677,31.221955737075582,0.0 131.01091410790778,31.221954920837824,0.0 131.01091572381816,31.22195410400472,0.0 131.01091734034793,31.221953286825062,0.0 131.01091895748672,31.22195246930347,0.0 131.0109205757192,31.22195165116592,0.0 131.01092219483968,31.22195083252429,0.0 131.01092381503227,31.221950013271755,0.0 131.01092543559966,31.221949193800604,0.0 131.0109270568265,31.221948373948123,0.0 131.01092867925965,31.22194755339797,0.0 131.01093030187923,31.221946732730885,0.0 131.0109319254434,31.22194591150916,0.0 131.0109335495022,31.22194508998843,0.0 131.01093517372837,31.22194426835777,0.0 131.01093679851775,31.221943446383715,0.0 131.0109384236411,31.22194262419691,0.0 131.01094004909945,31.22194180179408,0.0 131.01094167486124,31.22194097919084,0.0 131.01094330089495,31.22194015640292,0.0 131.010944927169,31.221939333446027,0.0 131.01094655365188,31.221938510335928,0.0 131.0109481803122,31.22193768708833,0.0 131.0109498071186,31.22193686371895,0.0 131.01095143404007,31.22193604024338,0.0 131.0109530610458,31.22193521667717,0.0 131.01095468810516,31.22193439303573,0.0 131.01095631518797,31.221933569334343,0.0 131.01095794226427,31.22193274558817,0.0 131.0109595693046,31.22193192181218,0.0 131.01096119627982,31.22193109802117,0.0 131.01096282316135,31.22193027422972,0.0 131.0109644499211,31.221929450452176,0.0 131.01096607653147,31.221928626702663,0.0 131.0109677029654,31.221927802995044,0.0 131.01096932919643,31.22192697934291,0.0 131.01097095519867,31.2219261557596,0.0 131.01097258094697,31.22192533225809,0.0 131.0109742064168,31.22192450885112,0.0 131.01097583158415,31.221923685551044,0.0 131.010977456426,31.22192286236992,0.0 131.01097908091984,31.221922039319445,0.0 131.01098070504395,31.221921216410983,0.0 131.01098232877732,31.221920393655523,0.0 131.0109839520997,31.221919571063697,0.0 131.01098557499185,31.22191874864575,0.0 131.01098719743496,31.221917926411525,0.0 131.0109888194112,31.221917104370508,0.0 131.01099044090367,31.22191628253177,0.0 131.01099206189605,31.221915460904007,0.0 131.0109936823729,31.22191463949548,0.0 131.01099530231977,31.22191381831409,0.0 131.0109969217228,31.221912997367284,0.0 131.01099854056912,31.22191217666212,0.0 131.01100015884663,31.221911356205247,0.0 131.0110017765441,31.2219105360029,0.0 131.01100339365107,31.22190971606091,0.0 131.0110050101579,31.221908896384686,0.0 131.0110066260558,31.22190807697925,0.0 131.01100824133678,31.221907257849217,0.0 131.0110098559937,31.221906438998747,0.0 131.01101147002015,31.221905620431656,0.0 131.01101308341055,31.221904802151343,0.0 131.0110146961602,31.22190398416079,0.0 131.0110163082649,31.221903166462635,0.0 131.01101791972152,31.221902349059107,0.0 131.01101953052748,31.221901531952053,0.0 131.01102114068098,31.22190071514294,0.0 131.011022750181,31.221899898632863,0.0 131.01102435902723,31.22189908242258,0.0 131.01102596722006,31.22189826651245,0.0 131.01102757476048,31.22189745090253,0.0 131.01102918165017,31.221896635592515,0.0 131.01103078789154,31.22189582058176,0.0 131.01103239348762,31.22189500586928,0.0 131.01103399844197,31.221894191453806,0.0 131.01103560275885,31.22189337733372,0.0 131.01103720644306,31.22189256350714,0.0 131.0110388095,31.221891749971835,0.0 131.01104041193565,31.22189093672533,0.0 131.0110420137563,31.22189012376489,0.0 131.0110436149691,31.22188931108745,0.0 131.01104521558145,31.221888498689754,0.0 131.01104681560128,31.221887686568245,0.0 131.01104841503698,31.221886874719136,0.0 131.01105001389743,31.221886063138424,0.0 131.01105161219186,31.22188525182188,0.0 131.01105320992994,31.221884440765027,0.0 131.01105480712175,31.221883629963248,0.0 131.0110564037776,31.22188281941168,0.0 131.0110579999083,31.221882009105297,0.0 131.01105959552487,31.221881199038908,0.0 131.01106119063874,31.22188038920713,0.0 131.01106278526152,31.22187957960444,0.0 131.01106437940516,31.22187877022515,0.0 131.01106597308183,31.22187796106344,0.0 131.01106756630395,31.2218771521134,0.0 131.01106915908417,31.221876343368947,0.0 131.0110707514352,31.22187553482391,0.0 131.0110723433701,31.221874726472024,0.0 131.011073934902,31.221873918306915,0.0 131.0110755260442,31.221873110322136,0.0 131.01107711681016,31.22187230251115,0.0 131.01107870721333,31.22187149486737,0.0 131.01108029726743,31.221870687384136,0.0 131.0110818869861,31.22186988005472,0.0 131.01108347638308,31.2218690728724,0.0 131.0110850654722,31.221868265830384,0.0 131.01108665426733,31.22186745892185,0.0 131.0110882427823,31.221866652139976,0.0 131.01108983103097,31.221865845477915,0.0 131.01109141902717,31.221865038928804,0.0 131.01109300678476,31.221864232485803,0.0 131.01109459431748,31.221863426142047,0.0 131.0110961816391,31.221862619890725,0.0 131.0110977687633,31.221861813725,0.0 131.0110993557037,31.22186100763812,0.0 131.01110094247372,31.22186020162332,0.0 131.01110252908683,31.22185939567389,0.0 131.01110411555632,31.221858589783167,0.0 131.0111057018954,31.22185778394453,0.0 131.01110728811716,31.22185697815144,0.0 131.01110887423445,31.221856172397352,0.0 131.01111046026008,31.221855366675843,0.0 131.01111204620668,31.221854560980542,0.0 131.01111363208673,31.22185375530515,0.0 131.01111521791248,31.221852949643463,0.0 131.01111680369604,31.221852143989327,0.0 131.01111838944936,31.2218513383367,0.0 131.0111199751841,31.22185053267963,0.0 131.01112156091187,31.22184972701224,0.0 131.01112314664397,31.221848921328743,0.0 131.01112473239144,31.221848115623484,0.0 131.0111263181653,31.221847309890887,0.0 131.0111279039762,31.22184650412548,0.0 131.0111294898345,31.221845698321896,0.0 131.01113107575057,31.221844892474863,0.0 131.0111326617343,31.221844086579285,0.0 131.01113424779552,31.22184328063011,0.0 131.01113583394363,31.221842474622424,0.0 131.01113742018805,31.221841668551445,0.0 131.01113900653772,31.22184086241249,0.0 131.01114059300144,31.221840056201,0.0 131.01114217958775,31.22183924991253,0.0 131.01114376630497,31.22183844354277,0.0 131.0111453531611,31.22183763708752,0.0 131.01114694016397,31.22183683054272,0.0 131.01114852732107,31.2218360239044,0.0 131.01115011463972,31.221835217168767,0.0 131.0111517021269,31.221834410332093,0.0 131.01115328978946,31.221833603390817,0.0 131.01115487763389,31.22183279634149,0.0 131.01115646566643,31.2218319891808,0.0 131.01115805389313,31.22183118190553,0.0 131.01115964231977,31.22183037451261,0.0 131.01116123095184,31.22182956699908,0.0 131.01116281979466,31.221828759362094,0.0 131.01116440885326,31.22182795159896,0.0 131.01116599813244,31.22182714370708,0.0 131.01116758763675,31.22182633568399,0.0 131.01116917737048,31.22182552752733,0.0 131.01117076733777,31.22182471923489,0.0 131.0111723575423,31.22182391080454,0.0 131.0111739479879,31.22182310223429,0.0 131.0111755386778,31.22182229352227,0.0 131.01117712961522,31.221821484666684,0.0 131.01117872080303,31.22182067566591,0.0 131.01118031224405,31.221819866518384,0.0 131.01118190394075,31.22181905722266,0.0 131.01118349589535,31.22181824777742,0.0 131.01118508811,31.22181743818144,0.0 131.01118668058655,31.2218166284336,0.0 131.01118827332675,31.221815818532864,0.0 131.011189866332,31.22181500847834,0.0 131.01119145960362,31.2218141982692,0.0 131.0111930531427,31.221813387904728,0.0 131.01119464695014,31.22181257738429,0.0 131.01119624102668,31.22181176670737,0.0 131.01119783537283,31.22181095587352,0.0 131.01119942998906,31.2218101448824,0.0 131.01120102487548,31.22180933373372,0.0 131.01120262003224,31.221808522427303,0.0 131.01120421545912,31.22180771096308,0.0 131.01120581115592,31.221806899341008,0.0 131.0112074071222,31.22180608756116,0.0 131.01120900335735,31.22180527562368,0.0 131.01121059986076,31.22180446352877,0.0 131.01121219663145,31.22180365127672,0.0 131.01121379366856,31.22180283886789,0.0 131.01121539097085,31.22180202630273,0.0 131.01121698853711,31.221801213581724,0.0 131.01121858636603,31.22180040070541,0.0 131.01122018445605,31.22179958767444,0.0 131.01122178280556,31.221798774489468,0.0 131.0112233814129,31.221797961151264,0.0 131.01122498027624,31.221797147660595,0.0 131.01122657939365,31.221796334018336,0.0 131.01122817876308,31.221795520225367,0.0 131.01122977838247,31.22179470628266,0.0 131.0112313782496,31.221793892191208,0.0 131.0112329783622,31.221793077952057,0.0 131.0112345787179,31.221792263566293,0.0 131.01123617931427,31.22179144903505,0.0 131.01123778014875,31.221790634359515,0.0 131.0112393812188,31.22178981954089,0.0 131.01124098252168,31.22178900458044,0.0 131.0112425840547,31.221788189479422,0.0 131.01124418581514,31.221787374239195,0.0 131.0112457878001,31.22178655886108,0.0 131.01124739000676,31.221785743346462,0.0 131.0112489924321,31.22178492769676,0.0 131.01125059507316,31.221784111913383,0.0 131.01125219792692,31.22178329599782,0.0 131.01125380099032,31.221782479951525,0.0 131.01125540426025,31.221781663776024,0.0 131.01125700773355,31.221780847472807,0.0 131.01125861140716,31.221780031043448,0.0 131.0112602152778,31.22177921448948,0.0 131.01126181934225,31.22177839781249,0.0 131.01126342359728,31.22177758101405,0.0 131.0112650280397,31.221776764095768,0.0 131.01126663266615,31.22177594705925,0.0 131.0112682374734,31.221775129906103,0.0 131.0112698424581,31.221774312637976,0.0 131.01127144761696,31.221773495256496,0.0 131.01127305294673,31.221772677763305,0.0 131.01127465844402,31.221771860160043,0.0 131.01127626410553,31.22177104244836,0.0 131.01127786992797,31.221770224629896,0.0 131.01127947590803,31.22176940670633,0.0 131.01128108204233,31.22176858867929,0.0 131.01128268832764,31.221767770550425,0.0 131.01128429476063,31.2217669523214,0.0 131.01128590133808,31.22176613399384,0.0 131.01128750805665,31.221765315569407,0.0 131.01128911491313,31.22176449704971,0.0 131.0112907219043,31.2217636784364,0.0 131.0112923290269,31.221762859731093,0.0 131.01129393627772,31.22176204093541,0.0 131.01129554365363,31.221761222050947,0.0 131.01129715115147,31.221760403079312,0.0 131.0112987587681,31.22175958402208,0.0 131.0113003665004,31.22175876488084,0.0 131.0113019743453,31.221757945657167,0.0 131.0113035822997,31.2217571263526,0.0 131.0113051903606,31.221756306968693,0.0 131.01130679852503,31.22175548750696,0.0 131.01130840679008,31.221754667968924,0.0 131.01131001515267,31.2217538483561,0.0 131.01131162361003,31.221753028669948,0.0 131.01131323215918,31.22175220891196,0.0 131.0113148407974,31.22175138908357,0.0 131.01131644952187,31.221750569186234,0.0 131.01131805832975,31.221749749221367,0.0 131.01131966721843,31.221748929190383,0.0 131.01132127618516,31.22174810909465,0.0 131.0113228852273,31.221747288935543,0.0 131.01132449434223,31.221746468714425,0.0 131.0113261035274,31.22174564843261,0.0 131.01132771278031,31.221744828091417,0.0 131.01132932209845,31.221744007692138,0.0 131.0113309314793,31.221743187236044,0.0 131.01133254092062,31.2217423667244,0.0 131.01133415041988,31.22174154615843,0.0 131.01133575997483,31.22174072553936,0.0 131.01133736958317,31.221739904868382,0.0 131.01133897924268,31.221739084146662,0.0 131.01134058895113,31.22173826337537,0.0 131.0113421987064,31.22173744255564,0.0 131.01134380850633,31.22173662168857,0.0 131.01134541834887,31.221735800775264,0.0 131.01134702823197,31.221734979816787,0.0 131.0113486381537,31.221734158814183,0.0 131.01135024811205,31.221733337768512,0.0 131.01135185810517,31.22173251668076,0.0 131.01135346813115,31.221731695551902,0.0 131.01135507818827,31.221730874382928,0.0 131.01135668827465,31.221730053174777,0.0 131.0113582983886,31.221729231928368,0.0 131.0113599085284,31.22172841064461,0.0 131.01136151869247,31.221727589324388,0.0 131.01136312887914,31.22172676796855,0.0 131.01136473908687,31.22172594657795,0.0 131.01136634931413,31.221725125153394,0.0 131.01136795955946,31.221724303695687,0.0 131.01136956982145,31.221723482205626,0.0 131.01137118009856,31.221722660683948,0.0 131.01137279038957,31.2217218391314,0.0 131.01137440069311,31.22172101754868,0.0 131.01137601100788,31.22172019593652,0.0 131.01137762133268,31.221719374295567,0.0 131.01137923166627,31.22171855262649,0.0 131.01138084200747,31.221717730929942,0.0 131.01138245235526,31.221716909206524,0.0 131.01138406270843,31.22171608745684,0.0 131.01138567306594,31.221715265681446,0.0 131.0113872834268,31.22171444388095,0.0 131.01138889379007,31.221713622055866,0.0 131.01139050415475,31.22171280020672,0.0 131.0113921145199,31.221711978334017,0.0 131.01139372488475,31.22171115643824,0.0 131.01139533524838,31.22171033451987,0.0 131.01139694561,31.22170951257933,0.0 131.01139855596887,31.221708690617103,0.0 131.0114001663242,31.22170786863356,0.0 131.0114017766753,31.22170704662912,0.0 131.01140338702152,31.221706224604144,0.0 131.0114049973622,31.221705402559007,0.0 131.01140660769673,31.221704580494062,0.0 131.01140821802454,31.22170375840964,0.0 131.01140982834505,31.22170293630604,0.0 131.01141143865777,31.22170211418357,0.0 131.01141304896217,31.22170129204252,0.0 131.01141465925784,31.22170046988315,0.0 131.01141626954427,31.22169964770569,0.0 131.01141787982115,31.221698825510416,0.0 131.01141949008803,31.22169800329753,0.0 131.01142110034456,31.221697181067224,0.0 131.0114227105904,31.22169635881972,0.0 131.0114243208253,31.221695536555163,0.0 131.0114259310489,31.221694714273745,0.0 131.01142754126104,31.2216938919756,0.0 131.0114291514614,31.22169306966085,0.0 131.0114307616498,31.221692247329656,0.0 131.01143237182606,31.2216914249821,0.0 131.01143398199002,31.22169060261828,0.0 131.0114355921415,31.221689780238297,0.0 131.0114372022805,31.221688957842204,0.0 131.0114388124067,31.22168813543006,0.0 131.01144042252025,31.22168731300192,0.0 131.01144203262095,31.22168649055783,0.0 131.0114436427088,31.221685668097795,0.0 131.01144525278377,31.22168484562184,0.0 131.01144686284584,31.22168402312995,0.0 131.011448472895,31.221683200622124,0.0 131.01145008293133,31.221682378098343,0.0 131.01145169295484,31.221681555558582,0.0 131.01145330296555,31.22168073300279,0.0 131.01145491296364,31.221679910430904,0.0 131.01145652294912,31.221679087842883,0.0 131.0114581329221,31.22167826523865,0.0 131.01145974288266,31.22167744261813,0.0 131.011461352831,31.22167661998122,0.0 131.0114629627672,31.221675797327816,0.0 131.01146457269147,31.22167497465784,0.0 131.01146618260393,31.22167415197116,0.0 131.0114677925048,31.221673329267627,0.0 131.0114694023942,31.221672506547137,0.0 131.01147101227235,31.22167168380953,0.0 131.01147262213948,31.22167086105468,0.0 131.0114742319958,31.2216700382824,0.0 131.01147584184153,31.22166921549256,0.0 131.01147745167688,31.221668392684947,0.0 131.0114790615021,31.22166756985941,0.0 131.01148067131743,31.221666747015743,0.0 131.01148228112316,31.22166592415379,0.0 131.0114838909195,31.22166510127332,0.0 131.01148550070675,31.22166427837412,0.0 131.01148711048515,31.221663455455985,0.0 131.011488720255,31.221662632518708,0.0 131.01149033001656,31.221661809562068,0.0 131.0114919397701,31.221660986585807,0.0 131.01149354951593,31.22166016358972,0.0 131.0114951592543,31.221659340573545,0.0 131.0114967689856,31.22165851753706,0.0 131.01149837871003,31.22165769447999,0.0 131.0114999884279,31.2216568714021,0.0 131.0115015981395,31.22165604830311,0.0 131.01150320784515,31.22165522518277,0.0 131.01150481754513,31.221654402040805,0.0 131.0115064272397,31.221653578876943,0.0 131.01150803692923,31.22165275569093,0.0 131.01150964661403,31.22165193248245,0.0 131.01151125629428,31.22165110925125,0.0 131.01151286597033,31.22165028599704,0.0 131.01151447564243,31.22164946271953,0.0 131.01151608531094,31.22164863941844,0.0 131.0115176949761,31.22164781609345,0.0 131.0115193046382,31.22164699274433,0.0 131.0115209142975,31.221646169370736,0.0 131.01152252395434,31.221645345972405,0.0 131.0115241336089,31.221644522549045,0.0 131.01152574326153,31.22164369910037,0.0 131.0115273529125,31.22164287562612,0.0 131.01152896256212,31.22164205212597,0.0 131.01153057221083,31.221641228599687,0.0 131.011532181859,31.221640405046955,0.0 131.01153379150725,31.221639581467446,0.0 131.01153540115638,31.221638757860827,0.0 131.01153701080736,31.221637934226624,0.0 131.01153862046155,31.221637110564327,0.0 131.01154023012057,31.22163628687325,0.0 131.0115418397864,31.221635463152577,0.0 131.0115434494614,31.22163463940129,0.0 131.01154505914835,31.22163381561823,0.0 131.01154666885049,31.221632991801968,0.0 131.01154827857147,31.22163216795096,0.0 131.01154988831524,31.22163134406336,0.0 131.01155149808645,31.2216305201372,0.0 131.01155310788988,31.22162969617025,0.0 131.01155471773103,31.22162887216009,0.0 131.01155632761566,31.22162804810407,0.0 131.01155793755007,31.22162722399933,0.0 131.01155954754094,31.22162639984281,0.0 131.01156115759542,31.221625575631226,0.0 131.01156276772113,31.22162475136105,0.0 131.0115643779261,31.221623927028592,0.0 131.01156598821885,31.22162310262989,0.0 131.0115675986083,31.22162227816081,0.0 131.01156920910384,31.221621453617,0.0 131.01157081971533,31.221620628993826,0.0 131.01157243045304,31.22161980428652,0.0 131.0115740413277,31.22161897949006,0.0 131.01157565235047,31.221618154599195,0.0 131.011577263533,31.22161732960848,0.0 131.0115788748874,31.221616504512248,0.0 131.01158048642617,31.221615679304595,0.0 131.0115820981623,31.22161485397943,0.0 131.01158371010922,31.2216140285304,0.0 131.01158532228084,31.22161320295098,0.0 131.01158693469145,31.221612377234408,0.0 131.01158854735584,31.22161155137369,0.0 131.01159016028927,31.221610725361646,0.0 131.0115917735074,31.22160989919084,0.0 131.01159338702644,31.22160907285364,0.0 131.01159500086294,31.221608246342186,0.0 131.01159661503397,31.2216074196484,0.0 131.011598229557,31.221606592763983,0.0 131.01159984445,31.22160576568041,0.0 131.01160145973148,31.221604938388943,0.0 131.01160307542025,31.22160411088064,0.0 131.01160469153564,31.22160328314628,0.0 131.01160630809747,31.221602455176487,0.0 131.01160792512607,31.221601626961625,0.0 131.01160954264205,31.221600798491828,0.0 131.01161116066666,31.22159996975703,0.0 131.01161277922157,31.221599140746928,0.0 131.01161439832893,31.221598311450983,0.0 131.01161601801124,31.22159748185845,0.0 131.01161763829165,31.221596651958336,0.0 131.01161925581638,31.22159582344872,0.0 131.01162087395596,31.22159499462401,0.0 131.01162249121833,31.22159416624014,0.0 131.01162410781674,31.221593338189702,0.0 131.01162572372823,31.22159251048492,0.0 131.01162733892963,31.22159168313817,0.0 131.0116289533971,31.221590856162045,0.0 131.01163056710664,31.22159002956933,0.0 131.01163218003384,31.22158920337304,0.0 131.01163379215376,31.22158837758633,0.0 131.01163540344126,31.221587552222616,0.0 131.01163701387063,31.22158672729552,0.0 131.01163862341585,31.221585902818823,0.0 131.01164023205047,31.221585078806555,0.0 131.01164183974765,31.221584255272948,0.0 131.01164344648015,31.221583432232432,0.0 131.0116450522203,31.22158260969965,0.0 131.01164665694003,31.22158178768947,0.0 131.01164826061083,31.221580966216965,0.0 131.0116498632038,31.22158014529743,0.0 131.01165146468955,31.22157932494639,0.0 131.0116530650384,31.22157850517956,0.0 131.01165466422006,31.221577686012903,0.0 131.01165626220393,31.2215768674626,0.0 131.01165785895887,31.221576049545085,0.0 131.01165945445342,31.221575232276976,0.0 131.01166104865547,31.221574415675168,0.0 131.01166264153267,31.22157359975678,0.0 131.011664233052,31.221572784539152,0.0 131.01166582318007,31.221571970039896,0.0 131.01166741188297,31.221571156276863,0.0 131.01166899912633,31.22157034326816,0.0 131.01167058487528,31.221569531032127,0.0 131.01167216909442,31.22156871958738,0.0 131.01167375174782,31.221567908952814,0.0 131.0116753327991,31.221567099147563,0.0 131.0116769122112,31.221566290191056,0.0 131.01167848994672,31.221565482102985,0.0 131.0116800659675,31.22156467490333,0.0 131.011681640235,31.22156386861237,0.0 131.01168321270993,31.22156306325068,0.0 131.0116847833525,31.22156225883909,0.0 131.01168635212247,31.221561455398792,0.0 131.01168791897862,31.22156065295127,0.0 131.01168948387948,31.22155985151832,0.0 131.01169104678274,31.221559051122064,0.0 131.01169260764547,31.221558251784973,0.0 131.01169416642412,31.221557453529847,0.0 131.01169572307444,31.22155665637984,0.0 131.01169727755143,31.221555860358453,0.0 131.01169882980952,31.221555065489564,0.0 131.01170037980228,31.221554271797395,0.0 131.0117019274825,31.2215534793066,0.0 131.01170347280245,31.221552688042166,0.0 131.01170501571332,31.22155189802955,0.0 131.01170655616573,31.221551109294555,0.0 131.0117080941094,31.221550321863447,0.0 131.01170962949314,31.221549535762907,0.0 131.01171116226507,31.22154875102005,0.0 131.01171269237233,31.221547967662488,0.0 131.01171421976113,31.221547185718265,0.0 131.01171574437683,31.221546405215904,0.0 131.0117172661639,31.22154562618444,0.0 131.0117187850657,31.221544848653384,0.0 131.01172031788178,31.221544064317296,0.0 131.0117218474743,31.221543281649424,0.0 131.01172338136075,31.22154249693596,0.0 131.0117249183747,31.221541710754074,0.0 131.01172645855587,31.221540923085502,0.0 131.01172800194382,31.221540133911898,0.0 131.01172954857864,31.22153934321467,0.0 131.01173109850075,31.221538550975005,0.0 131.0117326517512,31.22153775717382,0.0 131.0117342083713,31.221536961791795,0.0 131.01173576840313,31.221536164809294,0.0 131.01173733188904,31.22153536620644,0.0 131.01173889887212,31.221534565963047,0.0 131.011740469396,31.22153376405861,0.0 131.01174204350485,31.221532960472263,0.0 131.01174362124357,31.22153215518289,0.0 131.01174520265755,31.22153134816893,0.0 131.01174678779304,31.221530539408537,0.0 131.0117483766969,31.22152972887942,0.0 131.01174996941663,31.22152891655893,0.0 131.01175156600078,31.221528102424017,0.0 131.01175316649835,31.221527286451167,0.0 131.01175477095936,31.22152646861645,0.0 131.01175637943464,31.221525648895465,0.0 131.01175799197583,31.22152482726336,0.0 131.01175960863563,31.221524003694768,0.0 131.01176122946757,31.221523178163824,0.0 131.01176285452615,31.221522350644143,0.0 131.01176448386698,31.22152152110877,0.0 131.01176611754667,31.221520689530205,0.0 131.01176775562294,31.221519855880373,0.0 131.0117693981546,31.221519020130582,0.0 131.01177104520167,31.221518182251515,0.0 131.0117726968254,31.22151734221321,0.0 131.01177435308827,31.22151649998508,0.0 131.01177601405402,31.22151565553579,0.0 131.0117776797878,31.22151480883334,0.0 131.01177935035608,31.221513959845005,0.0 131.01178102582688,31.221513108537287,0.0 131.0117827062696,31.22151225487592,0.0 131.01178439175524,31.221511398825857,0.0 131.0117860823564,31.22151054035121,0.0 131.0117877781473,31.22150967941528,0.0 131.0117894792038,31.22150881598044,0.0 131.01179118560367,31.221507950008228,0.0 131.01179289742643,31.221507081459244,0.0 131.01179461475348,31.221506210293143,0.0 131.01179633766816,31.221505336468635,0.0 131.0117980662559,31.22150445994341,0.0 131.01179980060408,31.22150358067417,0.0 131.01180154080237,31.221502698616543,0.0 131.0118032869426,31.221501813725144,0.0 131.01180503911894,31.221500925953453,0.0 131.01180679742788,31.22150003525385,0.0 131.01180856196848,31.22149914157761,0.0 131.0118103328422,31.22149824487481,0.0 131.0118121101532,31.221497345094377,0.0 131.01181389400847,31.22149644218401,0.0 131.01181568451756,31.221495536090227,0.0 131.01181744468423,31.22149464640056,0.0 131.0118192124417,31.221493753022223,0.0 131.01182097122955,31.221492864738394,0.0 131.01182272369246,31.221491980144776,0.0 131.01182446980832,31.22149109925552,0.0 131.01182620955385,31.221490222084068,0.0 131.01182794290446,31.221489348644266,0.0 131.01182966983416,31.22148847895033,0.0 131.0118313903153,31.221487613016976,0.0 131.0118331043188,31.22148675085934,0.0 131.01183481181383,31.22148589249304,0.0 131.01183651276793,31.22148503793421,0.0 131.01183820714675,31.221484187199543,0.0 131.01183989491423,31.221483340306207,0.0 131.01184157603242,31.221482497272014,0.0 131.0118432504613,31.221481658115305,0.0 131.01184491815894,31.22148082285507,0.0 131.0118465790813,31.22147999151092,0.0 131.01184823318212,31.221479164103098,0.0 131.011849880413,31.22147834065256,0.0 131.01185152072318,31.22147752118092,0.0 131.01185315405957,31.22147670571053,0.0 131.01185478036666,31.221475894264472,0.0 131.0118563995864,31.22147508686661,0.0 131.01185801165812,31.221474283541607,0.0 131.0118596165185,31.221473484314902,0.0 131.0118612141015,31.22147268921279,0.0 131.01186280433816,31.221471898262447,0.0 131.01186438715666,31.22147111149194,0.0 131.01186596248223,31.221470328930263,0.0 131.0118675302368,31.221469550607367,0.0 131.0118690903393,31.2214687765542,0.0 131.01187064270528,31.22146800680272,0.0 131.0118721872469,31.221467241385948,0.0 131.01187372387278,31.221466480338016,0.0 131.01187525248807,31.22146572369419,0.0 131.01187677299413,31.221464971490928,0.0 131.01187828528845,31.221464223765924,0.0 131.01187978926464,31.22146348055815,0.0 131.01188128481232,31.22146274190793,0.0 131.0118827718168,31.221462007857017,0.0 131.01188425015923,31.22146127844857,0.0 131.01188571971625,31.22146055372736,0.0 131.0118871803599,31.22145983373973,0.0 131.01188863195776,31.22145911853376,0.0 131.0118900743723,31.22145840815932,0.0 131.01189150746123,31.22145770266817,0.0 131.01189293107709,31.22145700211408,0.0 131.01189434506725,31.221456306552945,0.0 131.01189574927355,31.22145561604292,0.0 131.01189714353256,31.221454930644544,0.0 131.011898527675,31.22145425042096,0.0 131.0118999015258,31.221453575438016,0.0 131.01190126490408,31.221452905764508,0.0 131.01190261762278,31.22145224147235,0.0 131.0119039594887,31.22145158263682,0.0 131.0119052903023,31.22145092933687,0.0 131.01190660985756,31.221450281655304,0.0 131.01190791794204,31.22144963967916,0.0 131.01190921433647,31.2214490035,0.0 131.01191049881513,31.22144837321429,0.0 131.01191177114532,31.221447748923808,0.0 131.0119131043599,31.221447103736388,0.0 131.01191442320126,31.22144646527463,0.0 131.01191576042064,31.221445821566,0.0 131.01191711063407,31.22144517454528,0.0 131.01191847377393,31.22144452423122,0.0 131.01191984976987,31.22144387063293,0.0 131.01192123855378,31.22144321375444,0.0 131.01192264005945,31.22144255359459,0.0 131.01192405422276,31.221441890147005,0.0 131.0119254809815,31.22144122340003,0.0 131.01192692027536,31.22144055333664,0.0 131.01192837204573,31.2214398799344,0.0 131.0119298362357,31.2214392031654,0.0 131.01193131278978,31.2214385229962,0.0 131.01193280165387,31.22143783938772,0.0 131.011934302775,31.22143715229524,0.0 131.01193581610124,31.221436461668247,0.0 131.0119373415813,31.221435767450448,0.0 131.01193887916452,31.221435069579616,0.0 131.01194042880047,31.221434367987555,0.0 131.01194199043877,31.22143366260003,0.0 131.0119435640288,31.22143295333668,0.0 131.0119451495193,31.22143224011093,0.0 131.01194674685829,31.221431522829967,0.0 131.01194835599236,31.221430801394604,0.0 131.01194997686667,31.221430075699267,0.0 131.01195160942433,31.22142934563192,0.0 131.01195325360607,31.221428611073986,0.0 131.01195490934984,31.22142787190033,0.0 131.01195657659025,31.22142712797924,0.0 131.01195825525815,31.22142637917229,0.0 131.01195994528024,31.22142562533449,0.0 131.01196164657827,31.22142486631417,0.0 131.01196335906874,31.22142410195304,0.0 131.01196508266224,31.22142333208624,0.0 131.01196681726276,31.221422556542368,0.0 131.0119685627672,31.2214217751436,0.0 131.01197031906463,31.221420987705766,0.0 131.01197208603548,31.22142019403852,0.0 131.0119738635512,31.221419393945524,0.0 131.0119756514731,31.22141858722461,0.0 131.01197744965188,31.221417773668083,0.0 131.01197925792675,31.221416953063024,0.0 131.01198107612467,31.221416125191592,0.0 131.0119829040596,31.22141528983148,0.0 131.0119847415316,31.221414446756302,0.0 131.011986588326,31.221413595736205,0.0 131.01198844421273,31.221412736538333,0.0 131.0119903089453,31.221411868927568,0.0 131.01199218226003,31.22141099266719,0.0 131.01199406387545,31.221410107519706,0.0 131.01199595349115,31.22140921324771,0.0 131.01199785078742,31.221408309614866,0.0 131.01199975542423,31.221407396386933,0.0 131.01200166704095,31.22140647333289,0.0 131.0120035852553,31.22140554022622,0.0 131.0120055096631,31.221404596846128,0.0 131.01200743983793,31.22140364297904,0.0 131.0120093753305,31.22140267842001,0.0 131.0120113156688,31.221401702974408,0.0 131.01201326035755,31.221400716459502,0.0 131.01201520887875,31.22139971870621,0.0 131.0120171606916,31.22139870956094,0.0 131.01201911523304,31.221397688887464,0.0 131.01202107191816,31.22139665656882,0.0 131.0120230301413,31.22139561250928,0.0 131.01202498927682,31.22139455663629,0.0 131.01202694868047,31.22139348890256,0.0 131.0120289076908,31.221392409287887,0.0 131.01203086555492,31.22139131785731,0.0 131.0120328215849,31.221390214659827,0.0 131.0120347750488,31.22138909979993,0.0 131.0120367252127,31.22138797341689,0.0 131.01203867133847,31.221386835688456,0.0 131.0120406126872,31.22138568683229,0.0 131.01204254852277,31.221384527106856,0.0 131.01204447811577,31.22138335681213,0.0 131.01204640074727,31.22138217629002,0.0 131.01204831571303,31.2213809859245,0.0 131.01205022232756,31.221379786141423,0.0 131.01205211992843,31.22137857740795,0.0 131.01205400788038,31.221377360231727,0.0 131.01205588557943,31.221376135159645,0.0 131.01205775245717,31.22137490277633,0.0 131.01205960798444,31.221373663702263,0.0 131.0120614516752,31.22137241859156,0.0 131.0120632830901,31.221371168129444,0.0 131.0120651018397,31.2213699130296,0.0 131.01206690758772,31.221368654031004,0.0 131.0120687000534,31.22136739189469,0.0 131.01207047901423,31.22136612740033,0.0 131.0120722443077,31.22136486134244,0.0 131.0120739958331,31.22136359452673,0.0 131.012075733553,31.22136232776608,0.0 131.01207745749355,31.2213610618765,0.0 131.01207916774567,31.221359797673188,0.0 131.0120808644647,31.22135853596635,0.0 131.01208254787056,31.221357277557097,0.0 131.0120842182466,31.22135602323344,0.0 131.01208587593905,31.221354773766183,0.0 131.01208752135545,31.221353529905045,0.0 131.01208915496284,31.221352292374768,0.0 131.01209077728583,31.221351061871395,0.0 131.01209238890422,31.22134983905867,0.0 131.01209399045027,31.22134862456457,0.0 131.01209558260587,31.22134741897805,0.0 131.01209716609898,31.221346222845906,0.0 131.0120987417004,31.221345036669923,0.0 131.0121003102199,31.22134386090417,0.0 131.01210187250217,31.22134269595257,0.0 131.01210342942272,31.22134154216668,0.0 131.01210498188348,31.22134039984365,0.0 131.01210653080824,31.221339269224696,0.0 131.01210807713795,31.221338150493448,0.0 131.01210962182594,31.221337043774984,0.0 131.012111165833,31.22133594913485,0.0 131.01211271012232,31.2213348665786,0.0 131.01211425565435,31.22133379605144,0.0 131.0121158033819,31.221332737438363,0.0 131.0121173542449,31.22133169056441,0.0 131.01211890916537,31.22133065519541,0.0 131.01212046904234,31.22132963103889,0.0 131.0121220347469,31.221328617745456,0.0 131.01212360711736,31.22132761491033,0.0 131.0121251869543,31.22132662207527,0.0 131.0121267750161,31.221325638730875,0.0 131.01212837201456,31.22132466431892,0.0 131.01212997861052,31.221323698235256,0.0 131.01213159540995,31.221322739832868,0.0 131.01213322296013,31.221321788425143,0.0 131.0121348617461,31.221320843289465,0.0 131.01213651218748,31.22131990367104,0.0 131.0121381746356,31.22131896878689,0.0 131.01213984937078,31.22131803783003,0.0 131.01214153660027,31.221317109973903,0.0 131.01214323645624,31.221316184376867,0.0 131.0121449489943,31.22131526018696,0.0 131.01214667419228,31.22131433654664,0.0 131.01214841194962,31.22131341259771,0.0 131.01215016208684,31.221312487486333,0.0 131.01215192434552,31.22131156036808,0.0 131.01215369838903,31.22131063041296,0.0 131.01215548380313,31.22130969681064,0.0 131.01215728009714,31.221308758775503,0.0 131.012159086706,31.221307815551828,0.0 131.01216090299187,31.22130686641888,0.0 131.01216272824715,31.221305910696007,0.0 131.01216456169684,31.22130494774765,0.0 131.0121664025026,31.221303976988345,0.0 131.0121682497663,31.221302997887488,0.0 131.01217010253455,31.22130200997422,0.0 131.0121719598035,31.221301012842,0.0 131.01217382052442,31.22130000615308,0.0 131.01217568360934,31.2212989896428,0.0 131.01217754793788,31.221297963123668,0.0 131.01217941236456,31.22129692648897,0.0 131.0121812757263,31.221295879716266,0.0 131.01218313685115,31.221294822870245,0.0 131.01218499456715,31.221293756105208,0.0 131.01218684771237,31.221292679666824,0.0 131.01218869514483,31.221291593893223,0.0 131.01219053575366,31.22129049921524,0.0 131.0121923684707,31.2212893961555,0.0 131.0121941922818,31.22128828532668,0.0 131.01219600623924,31.221287167428244,0.0 131.0121978094733,31.22128604324209,0.0 131.0121996012042,31.221284913626576,0.0 131.0122013807533,31.221283779509108,0.0 131.01220314755324,31.22128264187736,0.0 131.01220490120906,31.221281501698584,0.0 131.01220664138972,31.22128036004865,0.0 131.012208367924,31.221279218,0.0 131.01221008077033,31.22127807664284,0.0 131.0122117800244,31.22127693706709,0.0 131.01221346591856,31.221275800348447,0.0 131.01221513881927,31.22127466753438,0.0 131.012216799222,31.22127353963081,0.0 131.01221844774452,31.221272417589283,0.0 131.01222008511775,31.22127130229527,0.0 131.01222171217535,31.22127019455773,0.0 131.0122233298417,31.22126909510008,0.0 131.012224939119,31.221268004552627,0.0 131.01222654107377,31.22126692344677,0.0 131.01222813682244,31.22126585221062,0.0 131.0122297275179,31.221264791166217,0.0 131.01223131433505,31.221263740528105,0.0 131.01223289845703,31.22126270040337,0.0 131.0122344810626,31.221261670792845,0.0 131.01223606331263,31.2212606515934,0.0 131.01223764633883,31.22125964260122,0.0 131.01223923123197,31.22125864351616,0.0 131.01224081903155,31.22125765394657,0.0 131.0122424107163,31.221256673415,0.0 131.0122440071949,31.22125570136457,0.0 131.0122456092982,31.221254737165776,0.0 131.01224721777191,31.221253780123924,0.0 131.01224883327035,31.22125282948684,0.0 131.01225045635087,31.221251884453057,0.0 131.0122520874693,31.2212509441804,0.0 131.01225372697667,31.22125000779452,0.0 131.01225537511598,31.221249074398035,0.0 131.01225703202087,31.22124814307949,0.0 131.01225869771469,31.22124721292268,0.0 131.01226037211063,31.221246283015745,0.0 131.0122620550129,31.22124535246044,0.0 131.01226374611866,31.22124442038123,0.0 131.01226544502123,31.221243485934167,0.0 131.01226715121385,31.22124254831564,0.0 131.0122688640947,31.221241606770835,0.0 131.01227058297252,31.22124066060189,0.0 131.0122723070732,31.22123970917559,0.0 131.01227403554742,31.22123875193075,0.0 131.01227576747863,31.22123778838504,0.0 131.01227750189227,31.221236818141367,0.0 131.01227923776608,31.22123584089352,0.0 131.0122809740402,31.221234856431284,0.0 131.01228270962923,31.22123386464484,0.0 131.0122844434343,31.221232865528165,0.0 131.01228617435626,31.221231859181767,0.0 131.01228790130952,31.22123084581405,0.0 131.01228962323637,31.22122982574164,0.0 131.01229133912238,31.22122879938823,0.0 131.01229304801168,31.221227767281817,0.0 131.01229474902254,31.22122673005028,0.0 131.0122964413629,31.221225688414894,0.0 131.01229812434545,31.221224643181884,0.0 131.0122997974016,31.22122359523184,0.0 131.0123014600939,31.221222545506983,0.0 131.01230311212694,31.221221494996485,0.0 131.01230475335527,31.221220444720053,0.0 131.01230638378857,31.22121939571016,0.0 131.01230800359335,31.221218348993364,0.0 131.01230961309128,31.22121730557144,0.0 131.0123112127534,31.22121626640266,0.0 131.01231280319155,31.221215232384225,0.0 131.0123143851461,31.221214204336075,0.0 131.01231595947127,31.221213182986755,0.0 131.01231752711817,31.221212168961618,0.0 131.01231908911635,31.22121116277356,0.0 131.0123206465546,31.221210164816355,0.0 131.0123222005613,31.221209175360656,0.0 131.01232375228483,31.221208194552293,0.0 131.0123253028746,31.221207222413007,0.0 131.01232685346326,31.22120625884289,0.0 131.0123284051496,31.221205303624902,0.0 131.01232995898275,31.22120435643076,0.0 131.01233151594786,31.22120341682811,0.0 131.0123330769532,31.22120248428905,0.0 131.01233464281853,31.22120155819933,0.0 131.01233621426485,31.221200637868577,0.0 131.01233779190616,31.221199722541066,0.0 131.01233937624215,31.221198811407103,0.0 131.01234096765256,31.221197903614875,0.0 131.01234256639327,31.22119699828261,0.0 131.01234417259354,31.221196094511,0.0 131.01234578625505,31.221195191395605,0.0 131.01234740725226,31.221194288039587,0.0 131.01234903533484,31.22119338356589,0.0 131.01235067013076,31.221192477129573,0.0 131.01235231115157,31.221191567929576,0.0 131.0123539577988,31.22119065522021,0.0 131.01235560937187,31.221189738321907,0.0 131.01235726507724,31.22118881663151,0.0 131.01235892403895,31.22118788963164,0.0 131.01236058531035,31.22118695689927,0.0 131.01236224788732,31.221186018113382,0.0 131.01236391072197,31.221185073061445,0.0 131.0123655727382,31.22118412164483,0.0 131.01236723284785,31.2211831638828,0.0 131.0123688899678,31.221182199915084,0.0 131.01237054303786,31.22118123000267,0.0 131.0123721910398,31.221180254526768,0.0 131.01237383301637,31.22117927398564,0.0 131.0123754680905,31.221178288988995,0.0 131.01237709548442,31.22117730024997,0.0 131.01237871453768,31.22117630857421,0.0 131.01238032472392,31.221175314846366,0.0 131.0123819256654,31.22117432001368,0.0 131.01238351714454,31.22117332506724,0.0 131.01238509911215,31.22117233102117,0.0 131.0123866716909,31.22117133889033,0.0 131.0123882351746,31.22117034966736,0.0 131.01238979002247,31.221169364299985,0.0 131.0123913368489,31.221168383669376,0.0 131.0123928764085,31.221167408570498,0.0 131.01239440957812,31.22116643969503,0.0 131.01239593733573,31.221165477617568,0.0 131.01239746073756,31.22116452278515,0.0 131.0123989808942,31.221163575510413,0.0 131.0124004989463,31.221162635968128,0.0 131.01240201604105,31.22116170419493,0.0 131.01240353330942,31.22116078009204,0.0 131.01240505184523,31.221159863430245,0.0 131.0124065726853,31.22115895385737,0.0 131.01240809679214,31.22115805090736,0.0 131.01240962503786,31.22115715401105,0.0 131.01241115819073,31.221156262508103,0.0 131.0124126969036,31.221155375660096,0.0 131.01241424170408,31.22115449266444,0.0 131.0124157929874,31.22115361266881,0.0 131.01241735101087,31.22115273478631,0.0 131.01241891589083,31.22115185811072,0.0 131.0124204876012,31.221150981732084,0.0 131.0124220659748,31.221150104752088,0.0 131.01242365070644,31.22114922629936,0.0 131.01242524135768,31.22114834554437,0.0 131.01242683736453,31.221147461713727,0.0 131.0124284380462,31.22114657410373,0.0 131.0124300426163,31.221145682093184,0.0 131.01243165019542,31.221144785154976,0.0 131.01243325982563,31.2211438828666,0.0 131.01243487048654,31.221142974919275,0.0 131.01243648111264,31.221142061125544,0.0 131.0124380906124,31.22114114142519,0.0 131.01243969788817,31.22114021588924,0.0 131.01244130185762,31.221139284721943,0.0 131.0124429014755,31.22113834826027,0.0 131.01244449575668,31.22113740697081,0.0 131.01244608379835,31.22113646144384,0.0 131.0124476648031,31.221135512384,0.0 131.01244923809995,31.22113456059776,0.0 131.01245080316397,31.2211336069774,0.0 131.01245235963316,31.22113265248168,0.0 131.01245390732106,31.221131698113528,0.0 131.0124554462255,31.221130744895216,0.0 131.01245697653115,31.221129793842177,0.0 131.01245849860695,31.22112884593616,0.0 131.01246001299697,31.221127902099088,0.0 131.01246152040588,31.22112696316889,0.0 131.0124630216796,31.221126029877983,0.0 131.01246451778167,31.221125102835654,0.0 131.01246600976697,31.221124182514536,0.0 131.01246749875384,31.22112326924156,0.0 131.0124689858957,31.22112236319325,0.0 131.01247047235316,31.221121464395097,0.0 131.01247195926717,31.22112057272473,0.0 131.01247344773412,31.22111968791817,0.0 131.012474938783,31.221118809578986,0.0 131.01247643335515,31.221117937189685,0.0 131.0124779322864,31.221117070124915,0.0 131.01247943629176,31.221116207666395,0.0 131.01248094595303,31.221115349018937,0.0 131.01248246170897,31.221114493327487,0.0 131.01248398384817,31.22111363969488,0.0 131.01248551250458,31.22111278719998,0.0 131.01248704765604,31.221111934916056,0.0 131.01248858912535,31.221111081929177,0.0 131.01249013658395,31.22111022735624,0.0 131.01249168955843,31.221109370362576,0.0 131.01249324743964,31.221108510178688,0.0 131.0124948094936,31.22110764611613,0.0 131.0124963748761,31.221106777582,0.0 131.01249794264808,31.221105904092028,0.0 131.01249951179403,31.22110502528215,0.0 131.0125010812417,31.221104140917948,0.0 131.0125026498842,31.221103250902303,0.0 131.0125042166026,31.221102355280408,0.0 131.01250578029092,31.221101454242405,0.0 131.01250733988175,31.22110054812288,0.0 131.01250889437227,31.221099637397263,0.0 131.01251044285044,31.22109872267464,0.0 131.01251198452098,31.221097804686536,0.0 131.01251351872924,31.22109688427185,0.0 131.01251504498305,31.221095962357506,0.0 131.0125165629709,31.221095039935182,0.0 131.0125180725747,31.221094118034955,0.0 131.01251957387714,31.22109319769605,0.0 131.01252106716217,31.22109227993651,0.0 131.01252255290805,31.2210913657228,0.0 131.01252403177358,31.221090455940995,0.0 131.0125255045782,31.22108955137084,0.0 131.0125269722763,31.221088652664,0.0 131.01252843592792,31.221087760327126,0.0 131.01252989666705,31.22108687471036,0.0 131.01253135566895,31.221085996001108,0.0 131.01253281411775,31.221085124222867,0.0 131.01253427317587,31.221084259238644,0.0 131.0125357339548,31.221083400758346,0.0 131.01253719748937,31.221082548349607,0.0 131.01253866471447,31.221081701451403,0.0 131.01254013644495,31.221080859389915,0.0 131.01254161335916,31.221080021396208,0.0 131.0125430959856,31.22107918662536,0.0 131.0125445846927,31.221078354176555,0.0 131.01254607968264,31.22107752311408,0.0 131.01254758098773,31.22107669248844,0.0 131.01254908847082,31.22107586135777,0.0 131.01255060182876,31.22107502880885,0.0 131.01255212059925,31.221074193977536,0.0 131.0125536441709,31.22107335606836,0.0 131.012555171796,31.22107251437285,0.0 131.0125567026068,31.221071668286328,0.0 131.01255823563355,31.22107081732298,0.0 131.01255976982628,31.22106996112871,0.0 131.01256130407768,31.221069099491675,0.0 131.01256283724857,31.22106823235024,0.0 131.01256436819503,31.22106735979784,0.0 131.01256589579668,31.221066482084733,0.0 131.01256741898632,31.221065599615887,0.0 131.01256893677967,31.221064712944845,0.0 131.01257044830493,31.22106382276332,0.0 131.01257195283077,31.22106292988588,0.0 131.01257344979214,31.221062035230062,0.0 131.01257493881187,31.2210611397916,0.0 131.01257641971745,31.2210602446156,0.0 131.01257789255055,31.22105935076443,0.0 131.01257935756945,31.22105845928379,0.0 131.01258081524264,31.22105757116831,0.0 131.01258226623426,31.22105668732883,0.0 131.0125837113819,31.221055808562927,0.0 131.01258515166825,31.22105493553009,0.0 131.0125865881877,31.22105406873276,0.0 131.01258802211044,31.22105320850359,0.0 131.0125894546453,31.22105235499913,0.0 131.0125908870034,31.22105150819948,0.0 131.01259232036324,31.221050667913115,0.0 131.0125937558391,31.22104983378657,0.0 131.01259519445208,31.22104900531789,0.0 131.0125966371053,31.22104818187329,0.0 131.0125980845627,31.22104736270626,0.0 131.01259953743207,31.221046546978688,0.0 131.01260099615197,31.221045733783424,0.0 131.01260246098303,31.221044922167813,0.0 131.01260393200286,31.221044111157884,0.0 131.01260540910536,31.221043299782654,0.0 131.01260689200424,31.221042487098213,0.0 131.01260838024004,31.22104167221104,0.0 131.01260987319137,31.22104085430041,0.0 131.01261137008967,31.22104003263924,0.0 131.0126128700372,31.22103920661306,0.0 131.0126143720285,31.221038375736928,0.0 131.01261587497493,31.221037539669485,0.0 131.01261737773095,31.221036698224367,0.0 131.01261887912392,31.22103585137832,0.0 131.0126203779845,31.22103499927549,0.0 131.01262187317917,31.22103414222805,0.0 131.0126233636437,31.221033280711964,0.0 131.01262484841615,31.22103241535809,0.0 131.01262632666908,31.221031546938097,0.0 131.01262779773992,31.22103067634468,0.0 131.01262926115697,31.221029804566523,0.0 131.01263071666057,31.221028932658047,0.0 131.01263216421725,31.221028061705024,0.0 131.01263360402487,31.22102719278732,0.0 131.01263503650887,31.22102632694065,0.0 131.01263646230845,31.22102546511949,0.0 131.012637882254,31.22102460816308,0.0 131.0126392973366,31.221023756766574,0.0 131.01264070867128,31.22102291145884,0.0 131.01264211745735,31.22102207258732,0.0 131.0126435249364,31.22102124031047,0.0 131.01264493235172,31.22102041459709,0.0 131.01264634090913,31.221019595232107,0.0 131.01264775174124,31.22101878182773,0.0 131.01264916587587,31.221017973839217,0.0 131.0126505842082,31.221017170584226,0.0 131.01265200747866,31.221016371264888,0.0 131.0126534362547,31.22101557499229,0.0 131.01265487091763,31.22101478081229,0.0 131.01265631165464,31.22101398773245,0.0 131.0126577584552,31.2210131947494,0.0 131.01265921111272,31.221012400875978,0.0 131.01266066923063,31.221011605168083,0.0 131.01266213223306,31.22101080675021,0.0 131.01266359937995,31.221010004839588,0.0 131.01266506978632,31.22100919876808,0.0 131.01266654244532,31.22100838800172,0.0 131.01266801625457,31.2210075721572,0.0 131.01266949004582,31.22100675101516,0.0 131.0126709626169,31.221005924529585,0.0 131.0126724327662,31.22100509283297,0.0 131.0126738993283,31.22100425623704,0.0 131.01267536121085,31.221003415228203,0.0 131.01267681743093,31.221002570457664,0.0 131.01267826715085,31.2210017227253,0.0 131.01267970971065,31.221000872957525,0.0 131.0126811446567,31.221000022178984,0.0 131.01268257176363,31.220999171478606,0.0 131.01268399104805,31.220998321971184,0.0 131.01268540277286,31.220997474755887,0.0 131.01268680744016,31.220996630874268,0.0 131.01268820577363,31.22099579127,0.0 131.01268959869043,31.22099495675286,0.0 131.012690987265,31.220994127969103,0.0 131.01269237268707,31.220993305379647,0.0 131.01269375621587,31.22099248924675,0.0 131.01269513913408,31.220991679629183,0.0 131.01269652270287,31.22099087638536,0.0 131.01269790812063,31.22099007918296,0.0 131.01269929648518,31.220989287514804,0.0 131.01270068876156,31.220988500719034,0.0 131.01270208575497,31.22098771800319,0.0 131.0127034880894,31.22098693847076,0.0 131.0127048961919,31.22098616114988,0.0 131.0127063102828,31.220985385023223,0.0 131.01270773037064,31.220984609058483,0.0 131.01270915625412,31.220983832238726,0.0 131.01271058752863,31.220983053592192,0.0 131.01271202359803,31.220982272220738,0.0 131.0127134636919,31.22098148732645,0.0 131.01271490688725,31.22098069823581,0.0 131.0127163521344,31.220979904420737,0.0 131.01271779828753,31.220979105516303,0.0 131.01271924413703,31.220978301334416,0.0 131.0127206884462,31.220977491873,0.0 131.01272212998933,31.220976677320248,0.0 131.01272356759125,31.220975858053546,0.0 131.01272500016768,31.22097503463249,0.0 131.0127264267647,31.22097420778546,0.0 131.01272784659656,31.220973378389345,0.0 131.01272925907972,31.220972547442607,0.0 131.01273066386037,31.220971716031457,0.0 131.0127320608348,31.22097088529045,0.0 131.01273345015932,31.22097005635858,0.0 131.01273483224838,31.22096923033345,0.0 131.01273620776036,31.22096840822597,0.0 131.01273757757144,31.220967590918736,0.0 131.0127389427391,31.2209667791304,0.0 131.0127403044577,31.220965973388623,0.0 131.01274166400884,31.22096517401248,0.0 131.01274302271037,31.22096438110447,0.0 131.01274438186624,31.220963594552007,0.0 131.01274574271974,31.22096281403704,0.0 131.01274710641076,31.220962039052644,0.0 131.01274847393967,31.220961268925127,0.0 131.01274984613698,31.22096050284043,0.0 131.0127512236396,31.220959739873862,0.0 131.0127526068735,31.2209589790219,0.0 131.0127539960434,31.220958219235342,0.0 131.01275539112865,31.220957459453075,0.0 131.01275679188566,31.220956698635607,0.0 131.01275819785627,31.22095593579772,0.0 131.0127596083829,31.22095517003924,0.0 131.01276102262835,31.220954400573763,0.0 131.01276243960146,31.22095362675412,0.0 131.01276385818724,31.220952848094267,0.0 131.01276527718133,31.22095206428694,0.0 131.01276669532749,31.220951275216542,0.0 131.01276811135807,31.22095048096688,0.0 131.01276952403677,31.220949681822844,0.0 131.01277093220168,31.220948878266054,0.0 131.01277233480897,31.220948070963583,0.0 131.0127737309745,31.22094726074944,0.0 131.01277512001252,31.220946448598408,0.0 131.01277650146892,31.22094563559257,0.0 131.01277787514596,31.22094482288096,0.0 131.01277924111784,31.22094401163356,0.0 131.01278059973305,31.220943202992167,0.0 131.01278195160336,31.22094239802068,0.0 131.0127832975792,31.220941597658232,0.0 131.0127846387129,31.220940802678303,0.0 131.01278597621135,31.22094001365672,0.0 131.01278731138288,31.220939230950183,0.0 131.0127886455811,31.220938454685648,0.0 131.0127899801496,31.220937684760777,0.0 131.01279131636903,31.22093692085389,0.0 131.01279265541095,31.22093616244197,0.0 131.01279399829735,31.22093540882507,0.0 131.01279534586735,31.220934659155947,0.0 131.01279669875183,31.22093391247297,0.0 131.01279805735567,31.2209331677354,0.0 131.01279942184743,31.220932423860223,0.0 131.01280079215607,31.22093167975924,0.0 131.01280216797605,31.220930934375524,0.0 131.01280354877807,31.22093018671877,0.0 131.01280493382737,31.22092943589844,0.0 131.01280632220795,31.22092868115371,0.0 131.01280771285252,31.22092792187984,0.0 131.01280910457686,31.220927157650312,0.0 131.0128104961192,31.22092638823348,0.0 131.01281188618276,31.22092561360398,0.0 131.01281327348,31.220924833947848,0.0 131.01281465677977,31.220924049660933,0.0 131.01281603495363,31.22092326134008,0.0 131.01281740702203,31.22092246976677,0.0 131.01281877219682,31.220921675882494,0.0 131.0128201299199,31.220920880756065,0.0 131.01282147989343,31.22092008554309,0.0 131.01282282210067,31.220919291438804,0.0 131.0128241568138,31.22091849962608,0.0 131.012825484587,31.220917711221656,0.0 131.01282680623467,31.22091692722414,0.0 131.01282812279507,31.220916148467342,0.0 131.0128294354815,31.220915375582724,0.0 131.0128307456256,31.22091460897297,0.0 131.01283205461615,31.22091384879819,0.0 131.01283336383747,31.220913094974648,0.0 131.01283467461187,31.22091234718432,0.0 131.01283598814743,31.22091160489432,0.0 131.01283730549332,31.22091086738392,0.0 131.01283862750373,31.220910133776727,0.0 131.01283995481052,31.220909403077417,0.0 131.01284128780426,31.220908674210733,0.0 131.01284262662452,31.22090794606161,0.0 131.0128439711578,31.220907217515894,0.0 131.01284532104407,31.22090648749985,0.0 131.01284667569135,31.220905755018023,0.0 131.01284803429652,31.220905019188468,0.0 131.01284939587393,31.22090427927408,0.0 131.01285075928962,31.220903534709617,0.0 131.01285212330006,31.22090278512368,0.0 131.0128534865966,31.22090203035429,0.0 131.01285484785132,31.220901270458626,0.0 131.01285620576633,31.220900505715225,0.0 131.01285755912403,31.22089973661897,0.0 131.01285890683596,31.220898963868105,0.0 131.0128602479909,31.220898188342343,0.0 131.01286158189802,31.220897411072865,0.0 131.01286290812396,31.22089663320324,0.0 131.0128642265205,31.22089585594252,0.0 131.01286553723952,31.220895080512047,0.0 131.0128668407338,31.220894308088337,0.0 131.01286813774067,31.220893539745784,0.0 131.01286942924915,31.220892776403463,0.0 131.01287071645262,31.220892018779896,0.0 131.01287200068938,31.22089126735972,0.0 131.0128732833774,31.22089052237365,0.0 131.0128745659462,31.220889783793226,0.0 131.01287584977257,31.22088905133837,0.0 131.01287713612157,31.22088832449664,0.0 131.01287842609588,31.22088760255168,0.0 131.0128797205956,31.220886884618032,0.0 131.0128810202868,31.220886169681272,0.0 131.01288232558147,31.22088545664026,0.0 131.01288363662596,31.220884744351327,0.0 131.01288495330004,31.22088403167223,0.0 131.0128862752244,31.22088331750501,0.0 131.0128876017764,31.2208826008368,0.0 131.01288893211495,31.22088188077715,0.0 131.012890265211,31.2208811565914,0.0 131.01289159988616,31.22088042772854,0.0 131.0128929348549,31.22087969384369,0.0 131.01289426877295,31.220878954813173,0.0 131.01289560028698,31.220878210743127,0.0 131.0128969280875,31.22087746196976,0.0 131.01289825096137,31.22087670905181,0.0 131.012899567844,31.22087595275414,0.0 131.0129008778682,31.220875194022337,0.0 131.01290218040856,31.220874433948136,0.0 131.01290347511764,31.220873673725823,0.0 131.01290476195177,31.22087291460037,0.0 131.0129060411826,31.22087215780937,0.0 131.01290731339233,31.22087140452168,0.0 131.01290857945023,31.22087065577688,0.0 131.01290984047156,31.22086991243057,0.0 131.01291109776042,31.22086917510984,0.0 131.01291235274212,31.22086844418277,0.0 131.01291360688936,31.22086771974408,0.0 131.0129148616495,31.220867001616355,0.0 131.0129161183762,31.220866289366025,0.0 131.0129173782704,31.220865582330536,0.0 131.01291864233127,31.220864879654968,0.0 131.01291991131978,31.220864180334008,0.0 131.0129211857327,31.220863483258206,0.0 131.01292246578905,31.220862787261456,0.0 131.01292375142603,31.22086209116903,0.0 131.0129250423065,31.220861393844064,0.0 131.01292633783478,31.22086069423185,0.0 131.01292763718175,31.220859991400445,0.0 131.0129289393181,31.22085928457661,0.0 131.01293024305377,31.220858573176336,0.0 131.01293154708415,31.220857856828488,0.0 131.0129328500401,31.220857135391608,0.0 131.01293415054138,31.22085640896247,0.0 131.01293544725195,31.220855677876656,0.0 131.0129367389353,31.220854942700328,0.0 131.01293802450908,31.220854204212785,0.0 131.01293930309583,31.22085346337992,0.0 131.0129405740694,31.220852721317904,0.0 131.0129418370929,31.220851979247545,0.0 131.01294309214535,31.22085123843989,0.0 131.01294433953447,31.220850500154903,0.0 131.01294557989084,31.22084976557624,0.0 131.01294681414237,31.220849035746657,0.0 131.01294804346944,31.220848311509407,0.0 131.01294926924157,31.220847593460952,0.0 131.01295049294208,31.22084688191977,0.0 131.01295171608768,31.22084617691309,0.0 131.01295294014787,31.22084547818221,0.0 131.01295416647224,31.22084478520367,0.0 131.01295539622893,31.22084409722313,0.0 131.01295663035577,31.220843413298347,0.0 131.0129578695251,31.22084273234788,0.0 131.0129591141225,31.220842053202407,0.0 131.01296036423744,31.220841374656967,0.0 131.01296161966613,31.220840695522018,0.0 131.0129628799246,31.220840014672262,0.0 131.01296414427208,31.22083933109178,0.0 131.012965411743,31.22083864391433,0.0 131.01296668118687,31.220837952458023,0.0 131.01296795131464,31.220837256252995,0.0 131.01296922075005,31.220836555061663,0.0 131.0129704880854,31.22083584889047,0.0 131.0129717519386,31.220835137993184,0.0 131.01297301101104,31.220834422865,0.0 131.01297426414453,31.220833704227463,0.0 131.01297551037527,31.22083298300411,0.0 131.01297674898356,31.220832260286265,0.0 131.01297797953617,31.22083153728919,0.0 131.01297920191905,31.22083081529893,0.0 131.01298041635664,31.220830095610577,0.0 131.01298162341317,31.220829379460607,0.0 131.012982823974,31.22082866795712,0.0 131.01298401920383,31.22082796201364,0.0 131.01298521048415,31.220827262293007,0.0 131.01298639933316,31.22082656916769,0.0 131.01298758731676,31.22082588270049,0.0 131.01298877595855,31.220825202647127,0.0 131.01298996665724,31.220824528478456,0.0 131.0129911606172,31.22082385941838,0.0 131.0129923587949,31.22082319449235,0.0 131.01299356186206,31.22082253258197,0.0 131.01299477018483,31.220821872482,0.0 131.01299598381684,31.220821212957123,0.0 131.01299720250535,31.22082055279669,0.0 131.01299842570864,31.22081989086596,0.0 131.01299965262336,31.22081922615271,0.0 131.01300088222135,31.220818557808222,0.0 131.0130021132935,31.22081788518165,0.0 131.0130033445005,31.220817207846714,0.0 131.01300457442787,31.220816525620048,0.0 131.0130058016445,31.22081583857065,0.0 131.01300702476226,31.220815147020005,0.0 131.0130082424949,31.22081445153293,0.0 131.0130094537154,31.22081375289937,0.0 131.01301065750982,31.220813052106536,0.0 131.0130118532255,31.220812350302168,0.0 131.0130130405127,31.22081164874811,0.0 131.0130142193561,31.22081094876436,0.0 131.01301539009236,31.220810251664247,0.0 131.01301655340987,31.220809558682625,0.0 131.01301771032524,31.22080887090099,0.0 131.01301886213471,31.220808189176022,0.0 131.01302001033957,31.22080751407989,0.0 131.01302115655218,31.220806845860512,0.0 131.0130223023917,31.22080618442769,0.0 131.01302344945856,31.220805529318508,0.0 131.01302459907657,31.22080487983587,0.0 131.01302575236124,31.220804235032205,0.0 131.01302691012856,31.220803593792983,0.0 131.01302807287735,31.220802954895625,0.0 131.01302924078075,31.22080231707041,0.0 131.01303041369067,31.220801679058688,0.0 131.01303159115443,31.22080103966716,0.0 131.01303277244125,31.220800397817666,0.0 131.013033956578,31.2207997525914,0.0 131.0130351423936,31.22079910326657,0.0 131.0130363285702,31.22079844934865,0.0 131.0130375136999,31.22079779059183,0.0 131.01303869634594,31.22079712701147,0.0 131.0130398751049,31.220796458886515,0.0 131.01304104867054,31.22079578675197,0.0 131.01304221589473,31.220795111381168,0.0 131.01304337584662,31.220794433757543,0.0 131.0130445278654,31.220793755035647,0.0 131.013045671606,31.22079307649111,0.0 131.01304680707256,31.220792399459576,0.0 131.01304793463595,31.22079172526586,0.0 131.0130490550299,31.220791055146464,0.0 131.0130501693214,31.22079039017092,0.0 131.01305127885377,31.220789731169912,0.0 131.0130523851662,31.22078907867853,0.0 131.01305348989635,31.22078843290224,0.0 131.0130545946772,31.220787793708688,0.0 131.013055701039,31.2207871606448,0.0 131.01305681032568,31.22078653297416,0.0 131.0130579236288,31.22078590972872,0.0 131.01305904174143,31.220785289768788,0.0</coordinates>
            </LineString>
        </Placemark>
    </Document>
</kml>
