<?xml version="1.0" encoding="UTF-8"?>
<kml xmlns="http://www.opengis.net/kml/2.2" xmlns:gx="http://www.google.com/kml/ext/2.2">
    <Document id="661">
        <Style id="664">
            <LineStyle id="665">
                <color>ff0000ff</color>
                <colorMode>normal</colorMode>
                <width>3</width>
            </LineStyle>
        </Style>
        <Style id="668">
            <LineStyle id="669">
                <color>ff00ff00</color>
                <colorMode>normal</colorMode>
                <width>3</width>
            </LineStyle>
        </Style>
        <Placemark id="663">
            <name>flight_path</name>
            <styleUrl>#664</styleUrl>
            <LineString id="662">
                <altitudeMode>relativeToGround</altitudeMode>
                <coordinates>131.010392,31.222216000000007,3.000000004412624 131.01039200000545,31.2222159999906,3.0000027264578115 131.01039200001028,31.222215999993875,3.000003012779584 131.01039200001028,31.222215999993875,3.000003012779584 131.0103920000103,31.222215999993875,3.000003012779584 131.0103920186648,31.22221599084417,3.0022578683165726 131.0103920748901,31.222215963420645,3.0148070948829484 131.01039215993478,31.22221592194644,3.034007106185365 131.010392249151,31.222215878416662,3.0533625227734102 131.010392395381,31.222215807126663,3.0872373379337144 131.01039249716985,31.22221575742821,3.108054756618066 131.01039266702276,31.22221567459415,3.1463955357590927 131.0103928374792,31.222215591440023,3.1839242398255614 131.01039302080284,31.222215502000264,3.223974375587493 131.01039322708232,31.222215401367297,3.2692888586088302 131.01039345272457,31.222215291288936,3.3188919014122904 131.01039369258763,31.22221517426644,3.371386619342709 131.01039395005884,31.222215048652007,3.4276944029464915 131.01039421644953,31.222214918672204,3.4854544955210374 131.01039450845172,31.22221477620725,3.5492041954075195 131.0103948069986,31.222214630532072,3.613762698551086 131.01039512776407,31.22221447402223,3.683390064561909 131.01039545946077,31.222214312168344,3.755020054475544 131.01039580637274,31.222214142886457,3.829817427166218 131.0103961752949,31.22221396287121,3.9096291894311377 131.01039655164234,31.222213779217327,3.990493875776049 131.01039694683445,31.222213586369925,4.075514149527917 131.01039735714872,31.222213386139742,4.163679749421614 131.01039778575063,31.22221317698696,4.255850937946337 131.01039822638555,31.22221296195409,4.350330148726012 131.0103986893425,31.22221273603605,4.449911131273628 131.01039915904306,31.22221250681097,4.550366250306302 131.01039964456635,31.22221226986224,4.6541599204829485 131.0104001456363,31.22221202532413,4.76121747643528 131.0104006630688,31.222211772799746,4.871760278464286 131.01040119449576,31.22221151344101,4.985146518681852 131.01040173375296,31.22221125024659,5.09970618818231 131.0104022910162,31.22221097826628,5.218196267981704 131.0104028640733,31.222210698576216,5.3400168125759615 131.010403448877,31.222210413145216,5.46407221098422 131.01040405025552,31.222210119624407,5.591668537551862 131.01040466068557,31.22220982167371,5.720771220823895 131.01040528477773,31.22220951705013,5.852626222659345 131.01040592505373,31.222209204526795,5.987913035433971 131.01040658160653,31.2222088840584,6.126654815184158 131.010407247809,31.222208558868967,6.267063794345923 131.0104079271538,31.222208227259305,6.410080946913928 131.01040862461,31.222207886811766,6.557041301871459 131.01040934016976,31.222207537530053,6.707938841696294 131.01041005778333,31.222207187222743,6.858461165663568 131.01041079218817,31.22220682871958,7.01256490295335 131.01041154438693,31.222206461532508,7.170512587686416 131.01041230918216,31.222206088190248,7.330908415474931 131.0104130807204,31.222205711540788,7.492187090976883 131.01041387233195,31.22220532509796,7.657906204415424 131.01041467658197,31.22220493247912,7.826075397300557 131.0104154908101,31.222204534978747,7.995984826367083 131.0104163215605,31.22220413156754,8.169376451545022 131.01041716288142,31.222203719198056,8.34448842741722 131.01041801765717,31.22220330123479,8.522257345872305 131.01041889419943,31.222202871804665,8.70479618726223 131.01041977622222,31.22220243909037,8.887809898464074 131.01042067169445,31.222201999220683,9.073400629288097 131.010421584918,31.2222015501014,9.26269000680932 131.01042251785424,31.222201090785337,9.4561810796722 131.01042344782462,31.222200632269743,9.647930781142664 131.01042439514143,31.22220016472708,9.84325587671618 131.0104253689424,31.22219968377423,10.04452095033812 131.0104263470577,31.222199200108086,10.245941360471102 131.01042733276896,31.222198712145524,10.4483778854297 131.01042833862786,31.22219821390854,10.655078390092193 131.01042936120066,31.22219770708369,10.865138346081796 131.01043039126523,31.222197196064087,11.076171810123387 131.01043143198595,31.22219667936272,11.288995117089488 131.01043249131166,31.22219615329628,11.505642977094244 131.01043356961765,31.22219561776369,11.726196717389172 131.0104346472892,31.22219508187048,11.945632445329949 131.0104357462433,31.222194535537195,12.16955049465632 131.01043685752995,31.222193982952,12.395652017769676 131.01043797984323,31.22219342474068,12.623601357932344 131.0104391108355,31.222192861987,12.852799935859789 131.01044026453962,31.222192288521008,13.08678800911187 131.0104414291856,31.22219170964476,13.322579061372688 131.01044259735045,31.222191128591167,13.558307463438496 131.01044378692373,31.222190537685726,13.798460391499416 131.01044499385756,31.222189938824563,14.042002171219409 131.01044620014957,31.22218933962356,14.284434976586509 131.01044742503646,31.222188732067163,14.530553556592473 131.01044866588225,31.222188117415783,14.779681878278328 131.0104499161838,31.222187498386933,15.030200758301692 131.010451176876,31.2221868746402,15.282339081568718 131.01045245299844,31.22218624428724,15.53732867310216 131.01045374338193,31.22218560791528,15.79486836385036 131.0104550392559,31.222184968925543,16.052805480106272 131.01045635359358,31.222184322522946,16.31430204845769 131.01045768368613,31.22218366989948,16.578678441652123 131.01045901768515,31.222183015390154,16.843055392093525 131.01046037399223,31.22218235254656,17.11187839262842 131.01046174033254,31.22218168584078,17.382166435781073 131.0104631101887,31.22218101747933,17.652356190761083 131.01046450311227,31.222180341067297,17.92712165868056 131.01046590769369,31.22217966056728,18.20371353320068 131.01046732274835,31.222178976403395,18.48184690964227 131.010468753574,31.22217828704532,18.76276829255676 131.01047019228452,31.22217759500204,19.044602632539554 131.0104716402336,31.22217689991908,19.32766611619856 131.01047311192733,31.22217619785152,19.61534292315019 131.01047458036274,31.22217549644357,19.901307587603096 131.0104760730329,31.22217478828528,20.19196533031893 131.01047757970167,31.22217407638436,20.48490811263945 131.01047908904303,31.2221733636248,20.77751778784213 131.01048061215678,31.222172647310188,21.07235050304255 131.0104821666684,31.222171923627084,21.37341484147412 131.01048371982736,31.22217120025384,21.67320606428652 131.01048527356508,31.22217047654408,21.97218921374227 131.01048686590678,31.22216974476064,22.27895720043726 131.0104884472815,31.22216901525124,22.582285388851723 131.01049004674604,31.22216828217988,22.88873164382707 131.01049168810334,31.222167541662994,23.20357216884652 131.01049329549156,31.22216680718585,23.50988185072704 131.01049494470166,31.222166065675967,23.82452944225388 131.01049661642602,31.222165320986687,24.143163119918192 131.0104982605717,31.222164580529807,24.45477267209816 131.0104999584894,31.22216383257888,24.77720739378823 131.01050164761108,31.222163086215303,25.096736426842032 131.0105033393293,31.222162339641432,25.415878168475903 131.01050507808424,31.222161587935,25.74421363241341 131.0105067986577,31.222160838664017,26.067648740596365 131.01050853266895,31.222160088211567,26.393012610726096 131.0105103072442,31.22215933446571,26.7260468789108 131.01051205883,31.22215858317659,27.05321233807871 131.01051384159143,31.22215782976108,27.386011443353134 131.0105156410962,31.22215707575936,27.721342408412625 131.01051742548083,31.222156323172857,28.0525288240626 131.01051926080174,31.222155568225016,28.393366562028007 131.0105210776956,31.22215481487756,28.729374861874103 131.01052290841088,31.222154061376543,29.06727609500009 131.01052478476927,31.222153306955267,29.41357392434132 131.010526633191,31.22215255409245,29.753143030884857 131.01052851007387,31.22215180107328,30.09755149364281 131.01053041754892,31.22215104834353,30.44716447605979 131.01053230099467,31.222150296626808,30.79091907817005 131.01053422986897,31.22214954530256,31.14283757697253 131.01053614980125,31.22214879484029,31.49195014924241 131.01053807691235,31.22214804510272,31.841510014871872 131.0105400555546,31.22214729675024,32.20029631077871 131.01054200337305,31.2221465488624,32.55196437753413 131.01054397581302,31.222145802147107,32.907501914881834 131.01054599298558,31.22214505745114,33.270786997521185 131.01054796777217,31.222144312496688,33.62477745765462 131.01055000092225,31.2221435701678,33.989127414805985 131.0105520317729,31.222142828785167,34.351994388574546 131.0105540544452,31.2221420879446,34.71228236148831 131.01055613610453,31.22214135049421,35.08288082315124 131.01055818820785,31.222140612743207,35.44679004892171 131.01056026813143,31.222139877172367,35.81499853274184 131.01056237535923,31.22213914395377,36.1873532701466 131.01056446012268,31.222138410533915,36.5544395600341 131.01056659603404,31.222137680786208,36.930137669469474 131.01056871717424,31.22213695122717,37.30202599125149 131.01057084628656,31.222136223039183,37.67439245612998 131.0105730240172,31.222135498632497,38.05477039683688 131.01057517345487,31.222134773544607,38.42886232052788 131.01057735184608,31.222134051093818,38.80728941686057 131.0105795513124,31.222133330855662,39.1885543948595 131.01058173509142,31.222132610611528,39.56591095801483 131.010583976863,31.222131894750696,39.95283498486932 131.01058618854216,31.222131178017605,40.33323068234164 131.01058842239948,31.222130463488995,40.71663622233339 131.01059070799863,31.2221297528348,41.1083551138052 131.0105929443438,31.22212904023232,41.49014704806788 131.01059524442488,31.222128332049365,41.882379569079696 131.01059752654209,31.22212762369212,42.27034047622229 131.01059982093437,31.222126916807024,42.65946966057879 131.01060215844075,31.22212621286532,43.055238962374375 131.01060446534368,31.22212550817281,43.44452697744276 131.0106068239049,31.2221248066235,43.84194118957363 131.0106091730462,31.222124105313338,44.2366425100633 131.0106115249312,31.222123404825112,44.63079967673449 131.0106139286627,31.22212270692723,45.03303337038744 131.01061629580823,31.222122008306496,45.42780661735689 131.01061871384854,31.22212131193273,45.83045973826183 131.01062112368632,31.22212061579194,46.23063683422436 131.0106235409901,31.222119920376738,46.63108628457232 131.01062600576165,31.22211922638481,47.03874898899943 131.01062843296972,31.22211853211246,47.43885883591644 131.0106309203456,31.22211783909028,47.8483598830519 131.01063338383494,31.22211714608873,48.25269517551016 131.01063586774742,31.222116453569047,48.65953092718701 131.01063838881467,31.22211576126152,49.07172955424759 131.01064087670628,31.222115069240715,49.477198221767416 131.01064342282027,31.22211437698457,49.89163594960353 131.0106459477109,31.22211368499672,50.301407724392746 131.01064849056544,31.222112992855628,50.71323577860068 131.01065107356632,31.22211229978699,51.13089581326491 131.01065361894197,31.222111607641526,51.54111879546248 131.01065622728413,31.222110913544448,51.96105400899032 131.0106588135475,31.22211021997744,52.37621263626461 131.0106614159305,31.222109525679063,52.79310206027044 131.01066404526793,31.22210882990091,53.21355333158476 131.01066665279217,31.22210813493145,53.629298865715874 131.01066931763026,31.222107436539616,54.05374366282055 131.010671953658,31.22210673938144,54.47230773972448 131.01067461845645,31.222106040074657,54.89473581792584 131.01067729754183,31.222105339268285,55.31857441106108 131.01067995958,31.222104639229148,55.73854261697203 131.01068268782498,31.222103933513694,56.168672255313766 131.01068536939687,31.22210323090988,56.589949346207696 131.01068810029284,31.222102523557982,57.01853832733473 131.01069082599852,31.22210181590535,57.44526551509908 131.01069354968527,31.222101107788543,57.87067178888962 131.01069632097253,31.22210039424333,58.30308371383044 131.01069905776313,31.22209968335764,58.72873091118009 131.01070184642924,31.22209896625779,59.16209556543882 131.0107046166148,31.222098250232754,59.59139008516008 131.01070740013742,31.222097531897724,60.021947089541946 131.01071021425076,31.22209680910101,60.45664794836486 131.01071299938792,31.222096088766644,60.88554238587173 131.0107158473552,31.22209535992036,61.32396064273751 131.0107186611614,31.22209463421441,61.75571738434265 131.01072151499648,31.22209390253557,62.19318785822489 131.01072435949362,31.2220931709859,62.62814523841126 131.0107272053079,31.222092438265,63.062369678732125 131.01073008869147,31.22209169956864,63.50188576650349 131.0107329436796,31.222090963551743,63.9357350377263 131.0107358614257,31.222090218099456,64.3790484474529 131.01073874494864,31.222089476139782,64.81573947670651 131.0107416548691,31.222088729567098,65.25586072474422 131.0107445817191,31.22208797961275,65.69783720635225 131.01074748455844,31.22208723185548,66.13490650964965 131.0107504360498,31.222086476432978,66.57906694964088 131.010753379698,31.22208572102028,67.02099142672553 131.010756309837,31.22208496639396,67.45975881075879 131.0107592701012,31.222084206691424,67.90254615521265 131.01076225000477,31.222083443381543,68.34761812135476 131.0107652184019,31.22208268061964,68.78986808872295 131.01076818780297,31.2220819167448,69.23135422168704 131.01077118138747,31.22208114880941,69.67586178390724 131.01077417992065,31.222080379365146,70.12024145894294 131.01077717716495,31.222079609207032,70.56348040305521 131.0107801780466,31.222078837741268,71.00638278619937 131.01078319378715,31.22207806368016,71.45076699604797 131.01078621185437,31.22207728859508,71.89459561649589 131.01078923176397,31.22207651256197,72.33779253496596 131.01079225805609,31.222075735116213,72.78109009285181 131.01079528960992,31.222074956455145,73.22430397182043 131.01079832398838,31.22207417689532,73.66704040462919 131.0108013614346,31.22207339646,74.109337569901 131.01080440538252,31.222072614875827,74.55174263524714 131.01080745450227,31.222071832352647,74.99403889701038 131.01081050806397,31.22207104902307,75.43610745148244 131.01081356352418,31.22207026516635,75.87754225967326 131.0108166208011,31.2220694808366,76.31832950068605 131.0108196872722,31.22206869552784,76.75963219195145 131.01082275439398,31.22206790997952,77.20009656887746 131.01082582690472,31.22206712389495,77.64046798019427 131.01082890311247,31.22206633746985,78.0804763301222 131.0108319847579,31.22206555066592,78.52039056543374 131.01083506699916,31.222064763831074,78.95945183271876 131.01083815453288,31.222063976762087,79.39838944852265 131.01084124665482,31.22206318958265,79.83708838396464 131.01084434019631,31.222062402496977,80.27505534635834 131.0108474397796,31.22206161537221,80.71300062456633 131.010850545388,31.222060828300727,81.15091497840683 131.01085364989805,31.2220600415672,81.58770352763878 131.01085676114943,31.22205925498493,82.02456360439541 131.01085987469204,31.222058468747992,82.46081035691307 131.0108629909971,31.22205768288887,82.89651334794848 131.01086611086524,31.22205689744812,83.33179020274275 131.01086923551392,31.222056112471,83.76681994225984 131.01087236307052,31.22205532803033,84.20131641480897 131.0108754949934,31.222054544162464,84.63549507220857 131.01087862910973,31.22205376091905,85.06902725239878 131.0108817666551,31.22205297833773,85.50209439069445 131.01088490555668,31.222052196448228,85.93438532231932 131.01088804825312,31.22205141530093,86.36625827081218 131.0108911957311,31.222050634951763,86.7978535181422 131.01089434539648,31.22204985540188,87.2287856379836 131.0108974981671,31.222049076686936,87.65918710893555 131.0109006539361,31.22204829883201,88.08903886485203 131.0109038092098,31.22204752178401,88.51783027580792 131.01090696919107,31.222046745671488,88.94631471689402 131.0109101294028,31.222045970411063,89.3738400101466 131.0109132952596,31.222045196150766,89.80118497292867 131.01091646102623,31.222044422751868,90.22752093565556 131.01091963296847,31.222043650394216,90.65374443654376 131.01092280467788,31.22204287889984,91.0789357448468 131.01092597821795,31.222042108325383,91.50338927421508 131.010929156372,31.222041338758206,91.92749681329872 131.01093233642044,31.22204057011104,92.3508697883852 131.0109355164434,31.2220398023139,92.77323701386648 131.01093870178164,31.22203903552717,93.19534835681912 131.0109418877447,31.2220382695904,93.61654212491392 131.01094507770767,31.22203750459481,94.03728989473822 131.0109482687547,31.22203674043213,94.45718257208736 131.01095146092518,31.22203597708539,94.87622560132549 131.0109546554168,31.22203521456893,95.29458401383764 131.0109578522661,31.222034452858463,95.71226108863176 131.01096105041404,31.222033691898368,96.12910971514704 131.0109642502052,31.222032931671205,96.54517695708488 131.01096745037592,31.22203217211685,96.96028899154224 131.01097065463173,31.22203141329022,97.3749523614491 131.0109738581544,31.22203065504945,97.78850780633393 131.0109770654088,31.22202989745387,98.20156424301688 131.0109802739122,31.22202914041563,98.6137827222058 131.0109834808999,31.22202838386145,99.02478960950356 131.01098669155698,31.22202762782856,99.43528694565089 131.0109899024578,31.22202687222873,99.8448110650034 131.0109931123629,31.22202611702068,100.25319660699036 131.0109963257732,31.2220253621938,100.66104885127106 131.01099953738574,31.22202460767992,101.06765638435404 131.01100275111995,31.222023853452303,101.47354538692888 131.01100596846504,31.222023099451647,101.87891386506912 131.01100918335794,31.22202234566201,102.2829544218086 131.01101239880796,31.222021592038093,102.6860699494326 131.01101561485697,31.222020838532096,103.08826641909548 131.01101883369645,31.22202008506488,103.4898345566228 131.0110220520528,31.222019331641626,103.89034189497876 131.0110252704006,31.22201857822228,104.28985308854284 131.01102849087297,31.222017824714463,104.68865018437944 131.01103171090003,31.2220170711367,105.08639581891424 131.01103493038178,31.22201631746085,105.48307879906362 131.01103815347284,31.222015563509657,105.87924479616036 131.0110413732403,31.222014809478768,106.2739871150086 131.011044598677,31.22201405499812,106.6684830410705 131.0110478220822,31.22201330032293,107.06172762253378 131.0110510470063,31.222012545278304,107.45418600786375 131.01105427254504,31.22201178986283,107.8457414623856 131.01105750020557,31.22201103396324,108.2365908875324 131.01106072806687,31.22201027764165,108.62648628166374 131.01106395599973,31.22200952087832,109.01541274010188 131.01106718433843,31.22200876362396,109.40341502346092 131.01107041441415,31.222008005763843,109.79066609548988 131.01107364278525,31.222007247486125,110.17672378558989 131.0110768731605,31.22200648852646,110.56206722255688 131.0110801034473,31.222005728993416,110.94642832351244 131.01108333365212,31.2220049688668,111.32980964238004 131.01108656386216,31.22200420811928,111.71222386524528 131.0110897968852,31.22200344651676,112.0940310592523 131.011093027092,31.22200268446764,112.47451345473146 131.01109625976935,31.2220019215494,112.85434727722446 131.01109949452336,31.2220011577662,113.2334823954188 131.01110272848877,31.22200039333724,113.61155580850084 131.01110596341852,31.22199962810925,113.98879169116827 131.01110919937227,31.22199886206367,114.36519837165288 131.0111124369934,31.22199809513458,114.74085794953126 131.01111567145986,31.221997327733405,115.11516293294008 131.01111890737482,31.22199655945765,115.48869558362289 131.01112214399822,31.221995790364428,115.86136277755745 131.0111253799325,31.22199502057637,116.2329899169633 131.01112861838203,31.22199424980764,116.60397966315024 131.01113185446383,31.221993478496245,116.97372131805773 131.01113508972122,31.221992706508995,117.34240976222664 131.01113832971473,31.221991933350267,117.71073818941468 131.0111415697273,31.22199115944983,118.07811848524696 131.01114480765784,31.221990385004,118.44429157566884 131.01114804790595,31.22198960962932,118.80980391178366 131.01115128867676,31.2219888334977,119.17443272015475 131.0111545303983,31.22198805658444,119.53823126797865 131.01115777328394,31.221987278885766,119.90122590997412 131.01116101701538,31.22198650044552,120.2633775503642 131.01116425940253,31.22198572146649,120.62441815093048 131.01116750237492,31.221984941801608,120.98458463584734 131.01117074567466,31.221984161493506,121.34384512738856 131.01117398766647,31.221983380695217,121.70200072075308 131.01117722967533,31.221982599319,122.05921301783012 131.01118047748267,31.22198181694076,122.4161812160488 131.0111837207416,31.22198103438684,122.77165290140512 131.0111869650769,31.22198025124213,123.1263093185188 131.01119021148585,31.221979467467754,123.48026862428055 131.01119345707232,31.221978683300296,123.83318241549784 131.0111967026516,31.22197789870428,124.1851488589314 131.01119994653527,31.22197711381766,124.53596649573564 131.0112031913685,31.221976328493568,124.88595014748172 131.0112064377063,31.221975542733944,125.23516396675016 131.0112096814792,31.22197475681193,125.5831260574653 131.01121292613783,31.221973970546863,125.93024444207695 131.01121617326234,31.221973183891528,126.27670283365806 131.01121942074215,31.221972396995262,126.62225195991532 131.0112226654674,31.22197161003491,126.96652886480508 131.01122591039754,31.22197082288721,127.30987944078812 131.011229158087,31.221970035477806,127.65259821449276 131.0112324063219,31.221969247942585,127.9944263281344 131.0112356541516,31.221968460344083,128.3352539399845 131.01123890130668,31.22196767271568,128.67505007943797 131.01124214986817,31.221966885014943,129.01405258550906 131.01124539578765,31.22196609740224,129.35179741451455 131.0112486449345,31.221965309727768,129.68895344342852 131.0112518939141,31.2219645221265,130.025131894497 131.011255144326,31.221963734583625,130.36051347980495 131.01125839341887,31.221962947186302,130.69478678633 131.0112616412432,31.221962159949776,131.02795808002864 131.01126489125738,31.22196137284508,131.36041360880327 131.0112681423448,31.221960585925896,131.69202578138626 131.01127139603992,31.22195979920342,132.0229636833361 131.01127464758736,31.221959012745383,132.3526990356195 131.0112778991762,31.221958226547017,132.6814748259725 131.0112811552472,31.22195744062204,133.00977710090856 131.0112844083161,31.22195665501732,133.33678242614553 131.01128766448917,31.2219558697414,133.66315924643072 131.0112909205287,31.221955084818795,133.9885519633799 131.01129417384834,31.22195430024795,134.3126807415606 131.01129742805765,31.221953516062392,134.63593610008112 131.0113006815041,31.221952732271266,134.95813801650235 131.01130393446476,31.221951948890226,135.2793158633232 131.011307186945,31.22195116593302,135.59946954431743 131.01131043895023,31.221950383412448,135.91859895927553 131.01131369048568,31.22194960134032,136.2367040129519 131.0113169415565,31.221948819727384,136.55378461705104 131.0113201921676,31.221948038583413,136.86984068227648 131.01132344232397,31.22194725791715,137.1848721262832 131.01132669203025,31.221946477736296,137.4988788696999 131.01132994129108,31.22194569804756,137.81186084010685 131.01133319011086,31.22194491885657,138.12381797601034 131.01133643849388,31.22194414016803,138.4347502099451 131.01133968644427,31.221943361985552,138.74465749829423 131.011342933966,31.22194258431174,139.05353979246314 131.01134618106283,31.22194180714824,139.36139706074732 131.01134942773848,31.221941030495664,139.66822927342278 131.01135267399633,31.22194025435366,139.97403641268463 131.0113559198397,31.22193947872094,140.27881847563043 131.01135916527173,31.221938703595228,140.58257546431935 131.01136241029533,31.22193792897336,140.88530739074238 131.0113656549133,31.2219371548512,141.18701428179196 131.01136889912817,31.221936381223777,141.48769617230442 131.01137214294243,31.221935608085204,141.7873531120172 131.0113753863583,31.221934835428755,142.08598516059922 131.0113786293778,31.22193406324688,142.38359239162642 131.01138187200283,31.221933291531272,142.68017488761288 131.01138511423517,31.221932520272784,142.9757327469671 131.01138835607628,31.221931749461543,143.2702660800167 131.0113915975275,31.22193097908698,143.56377500900876 131.0113948385902,31.22193020913779,143.8562596720851 131.01139807926523,31.22192943960203,144.14772021433677 131.01140131955356,31.22192867046712,144.43815680171937 131.01140455945583,31.2219279017199,144.72756960912568 131.0114077989726,31.22192713334661,145.0159588253553 131.0114110381043,31.221926365332976,145.30332465311423 131.01141427685118,31.22192559766419,145.58966730305187 131.01141751521328,31.221924830325,145.8749870076761 131.01142075319055,31.22192406329967,146.15928400445512 131.01142399078287,31.2219232965721,146.44255854874055 131.01142722798983,31.221922530125784,146.7248109048205 131.01143046481096,31.22192176394393,147.00604135287776 131.01143370124572,31.221920998009377,147.28625017904943 131.0114369372934,31.22192023230471,147.56543768934367 131.01144017295312,31.221919466812288,147.8436041967175 131.01144340822393,31.22191870151424,148.12075002803456 131.01144664310485,31.22191793639253,148.3968755161127 131.0114498775946,31.22191717142896,148.67198100966525 131.01145311169202,31.22191640660525,148.94606686336033 131.0114563453957,31.221915641903056,149.21913344875412 131.01145957870423,31.221914877303945,149.4911811433579 131.01146281161604,31.221914112789488,149.76221033163236 131.01146604412955,31.22191334834128,150.0322214089626 131.01146927624313,31.22191258394095,150.30121478165864 131.01147250795495,31.22191181957018,150.56919085999755 131.01147573926326,31.221911055210807,150.83615006518207 131.01147897016617,31.221910290844736,151.10209282436873 131.01148220066173,31.22190952645409,151.36701957166403 131.01148543074802,31.22190876202116,151.63093075110567 131.01148866042303,31.22190799752844,151.89382680572876 131.0114918896847,31.221907232958635,152.1557081904865 131.01149511853097,31.22190646829477,152.41657536131945 131.0114983469597,31.221905703520108,152.67642878210984 131.0115015749688,31.22190493861824,152.93526891673227 131.01150480255612,31.221904173573048,153.19309624098088 131.01150802971955,31.221903408368807,153.44991122368313 131.01151125645683,31.221902642990184,153.7057143426046 131.01151448276596,31.221901877422173,153.96050607649605 131.0115177086447,31.221901111650208,154.2142869070829 131.01152093409084,31.221900345660146,154.46705731707578 131.01152415910235,31.22189957943827,154.7188177901718 131.01152738367705,31.22189881297133,154.9695688090662 131.01153060781283,31.22189804624653,155.21931085942762 131.01153383150773,31.22189727925156,155.46804442493007 131.0115370547596,31.22189651197462,155.71576998923933 131.01154027756644,31.221895744404407,155.96248803303135 131.01154349992632,31.221894976530137,156.20819903995695 131.01154672183728,31.22189420834156,156.4529034876954 131.01154994329738,31.22189343982891,156.6966018549122 131.0115531643049,31.22189267098305,156.9392946133087 131.01155638485795,31.221891901795285,157.18098223557186 131.0115596049548,31.221891132257536,157.4216651913996 131.01156282459382,31.221890362362306,157.66134394451964 131.01156604377337,31.22188959210258,157.90001895368215 131.01156926249186,31.22188882147196,158.1376906756425 131.01157248074784,31.221888050464607,158.3743595621789 131.0115756985398,31.221887279075247,158.61002606108735 131.01157891586652,31.221886507299168,158.8446906131987 131.01158213272663,31.22188573513221,159.07835365237966 131.0115853491189,31.22188496257081,159.31101561050176 131.0115885650422,31.22188418961194,159.5426769134669 131.0115917804955,31.22188341625312,159.7733379782236 131.0115949954778,31.22188264249245,160.0029992127686 131.0115982099882,31.22188186832856,160.23166102708032 131.01160142402583,31.221881093760626,160.4593238132391 131.01160463759007,31.221880318788383,160.6859879672947 131.01160785068015,31.22187954341208,160.911653870381 131.01161106329556,31.221878767632504,161.1363218976616 131.01161427543573,31.221877991450924,161.35999242131234 131.01161748710035,31.22187721486916,161.58266580157508 131.01162069828902,31.221876437889488,161.8043423887455 131.01162390900154,31.221875660514705,162.02502253013202 131.01162711923777,31.221874882748057,162.24470656210264 131.0116303289976,31.221874104593294,162.46339481108024 131.01163353828107,31.22187332605457,162.681087603481 131.0116367470883,31.221872547136524,162.89778524682993 131.01163995541944,31.22187176784421,163.1134880456651 131.01164316327478,31.221870988183124,163.32819629855405 131.01164637065472,31.22187020815915,163.54191028815478 131.01164957755958,31.22186942777856,163.7546302981142 131.01165278398997,31.22186864704801,163.96635659318713 131.01165598994643,31.22186786597454,164.1770894381238 131.0116591954296,31.22186708456552,164.38682908474598 131.01166240044037,31.22186630282865,164.59557577990094 131.0116656049794,31.221865520772,164.8033297555192 131.0116688090477,31.221864738403887,165.01009124153987 131.0116720126462,31.221863955732942,165.2158604579546 131.01167521577597,31.22186317276812,165.42063761083557 131.01167841843807,31.221862389518567,165.624422906248 131.0116816206337,31.221861605993737,165.8272165393186 131.01168482236417,31.221860822203293,166.02901869125284 131.0116880236307,31.2218600381571,166.22982954126223 131.01169122443477,31.22185925386526,166.42964926258975 131.01169442477772,31.221858469338034,166.62847801058092 131.01169762466105,31.221857684585867,166.82631594256347 131.01170082408635,31.22185689961936,167.02316320393257 131.01170402305524,31.22185611444922,167.21901992914354 131.0117072215693,31.22185532908635,167.41388625364 131.01171041963036,31.22185454354168,167.60776230093327 131.01171361724005,31.22185375782631,167.8006481816073 131.0117168144002,31.221852971951368,167.99254401021577 131.01172001111274,31.22185218592808,168.18344988242208 131.0117232073794,31.22185139976772,168.3733658948775 131.01172640320226,31.221850613481568,168.56229213727056 131.01172959858314,31.22184982708097,168.7502286893441 131.01173279352415,31.22184904057724,168.937175628847 131.01173598802728,31.221848253981715,169.12313302557155 131.01173918209463,31.2218474673057,169.3081009403585 131.01174237572826,31.221846680560468,169.49207943404292 131.0117455689303,31.221845893757248,169.6750685575143 131.01174876170296,31.221845106907207,169.85706835768084 131.01175195404832,31.22184432002144,170.03807887448744 131.01175514596855,31.22184353311096,170.2181001448913 131.01175833746592,31.22184274618668,170.39713219888608 131.0117615285426,31.22184195925942,170.57517506049615 131.01176471920078,31.22184117233988,170.75222875175203 131.0117679094427,31.22184038543861,170.9282932926905 131.0117710992706,31.221839598566064,171.103368692409 131.01177428868678,31.221838811732496,171.27745496198708 131.01177747769336,31.22183802494803,171.45055210255873 131.01178066629262,31.2218372382226,171.6226601192278 131.01178385448685,31.221836451565974,171.79377900814728 131.0117870422782,31.221835664987736,171.96390876148735 131.01179022966895,31.22183487849725,172.1330493734008 131.01179341666136,31.22183409210371,172.3012008320707 131.01179660325752,31.22183330581605,172.46836312269144 131.01179978945973,31.221832519643048,172.63453622846515 131.01180297527014,31.221831733593174,172.79972013357963 131.01180616069087,31.22183094767472,172.9639148142667 131.0118093457242,31.221830161895728,173.12712024973288 131.01181253037217,31.221829376263976,173.28933641520317 131.01181571463687,31.221828590787023,173.45056328788428 131.0118188985205,31.22182780547214,173.61080084100018 131.01182208202505,31.221827020326348,173.77004904478764 131.0118252651526,31.2218262353564,173.92830787444652 131.0118284479052,31.22182545056876,174.0855772992067 131.0118316302848,31.221824665969656,174.241857292267 131.0118348122934,31.221823881565,174.39714782483296 131.01183799393294,31.22182309736044,174.55144886710875 131.01184117520535,31.22182231336133,174.70476039028657 131.0118443561125,31.22182152957276,174.8570823675398 131.01184753665626,31.22182074599949,175.00841477004806 131.01185071683844,31.22181996264604,175.1587575709712 131.0118538966608,31.22181917951657,175.30811074843305 131.01185707612515,31.22181839661502,175.45647427558112 131.0118602552332,31.221817613945003,175.60384812754384 131.01186343398666,31.22181683150983,175.75023228640083 131.01186661238717,31.221816049312537,175.89562672627315 131.01186979043632,31.22181526735586,176.0400314361847 131.01187296813572,31.22181448564224,176.18344639620705 131.01187614548687,31.221813704173808,176.3258715963446 131.01187932249138,31.221812922952463,176.46730701963705 131.01188249915063,31.221812141979743,176.60775266005044 131.01188567546615,31.221811361256943,176.7472085115448 131.01188885143924,31.22181058078506,176.88567456906708 131.01189202707135,31.221809800564788,177.02315083351988 131.01189520236375,31.221809020596574,177.15963730679417 131.01189837731775,31.22180824088056,177.29513399077362 131.01190155193456,31.221807461416628,177.42964089826805 131.01190472621548,31.221806682204377,177.56315803909848 131.0119079001616,31.221805903243144,177.69568542506732 131.01191107377414,31.221805124532,177.82722307989707 131.0119142470542,31.221804346069742,177.95777102332704 131.0119174200028,31.221803567854924,178.08732928005975 131.01192059262098,31.22180278988585,178.2158978827418 131.01192376490977,31.22180201216056,178.34347686301882 131.0119269368701,31.221801234676867,178.4700662584937 131.01193010850295,31.221800457432327,178.5956661097428 131.0119332798092,31.221799680424287,178.7202764623065 131.01193645078968,31.221798903649848,178.84389736668663 131.01193962144524,31.22179812710589,178.96652887437213 131.01194279177668,31.221797350789068,179.08817104579035 131.01194596178476,31.22179657469584,179.20882394235548 131.0119491314702,31.22179579882243,179.32848762746264 131.0119523008337,31.221795023164905,179.4471621714571 131.011955469876,31.22179424771909,179.56484765064025 131.01195863859766,31.22179347248064,179.68154414428875 131.01196180699935,31.221792697445025,179.7972517356475 131.01196497508164,31.221791922607547,179.91197050994245 131.01196814284506,31.22179114796332,180.02570055835503 131.01197131029016,31.221790373507297,180.1384419820002 131.01197447741748,31.22178959923428,180.2501948740336 131.01197764422744,31.22178882513892,180.36095934350624 131.0119808107206,31.221788051215714,180.47073549449283 131.01198397689728,31.221787277459025,180.5795234429885 131.011987142758,31.221786503863072,180.6873233039862 131.01199030830304,31.22178573042196,180.79413520042408 131.01199347353284,31.221784957129668,180.89995925722056 131.01199663844773,31.221784183980063,181.0047956002812 131.01199980304807,31.221783410966925,181.1086443644496 131.01200296733407,31.22178263808389,181.2115056865497 131.01200613130618,31.22178186532456,181.3133797053873 131.01200929496457,31.2217810926824,181.41426656771088 131.01201245830947,31.221780320150824,181.51416641926969 131.01201562134125,31.22177954772318,181.61307941176847 131.01201878406005,31.221778775392696,181.71100570187448 131.01202194646606,31.22177800315262,181.80794544426035 131.01202510855956,31.221777230996075,181.9038988055183 131.01202827034072,31.22177645891619,181.99886594925312 131.01203143180967,31.221775686906025,182.0928470410492 131.01203459296664,31.221774914958583,182.1858422584108 131.01203775381177,31.221774143066902,182.2778517679025 131.0120409143452,31.22177337122396,182.3688757519853 131.01204407456703,31.221772599422696,182.45891439112447 131.0120472344775,31.221771827656102,182.5479678627977 131.01205039407668,31.22177105591712,182.63603635938287 131.01205355336467,31.221770284198687,182.7231200662952 131.0120567123416,31.2217695124938,182.8092191689421 131.01205987100758,31.221768740795422,182.8943338656448 131.01206302936276,31.22176796909655,182.97846435074348 131.01206618740716,31.22176719739023,183.06161081757625 131.01206934514096,31.22176642566952,183.1437734674268 131.01207250256417,31.22176565392749,183.22495249858824 131.01207565967698,31.221764882157323,183.3051481133253 131.01207881647943,31.221764110352165,183.3843605178696 131.01208197297163,31.22176333850528,183.46258991248368 131.01208512915366,31.221762566609968,183.5398365093505 131.01208828502567,31.221761794659585,183.61610051169947 131.01209144058768,31.221761022647573,183.6913821287188 131.0120945958398,31.221760250567417,183.76568157257063 131.0120977507822,31.22175947841272,183.8389990484536 131.01210090541494,31.22175870617713,183.9113347724924 131.0121040597381,31.221757933854423,183.98268895484256 131.01210721375185,31.22175716143844,184.053061804658 131.01211036745624,31.221756388923108,184.1224535370501 131.01211352085144,31.22175561630247,184.190864364142 131.01211667393756,31.22175484357068,184.2582944980506 131.01211982671467,31.221754070721985,184.3247441508857 131.01212297918303,31.22175329775075,184.3902135357454 131.01212613134263,31.221752524651457,184.4547028667143 131.0121292831938,31.221751751418687,184.51821235290208 131.01213243473654,31.22175097804717,184.58074220440497 131.01213558597107,31.221750204531748,184.64229263628337 131.01213873689753,31.221749430867387,184.70286385265777 131.0121418875161,31.2217486570492,184.76245606658736 131.01214503782697,31.221747883072407,184.821069485162 131.01214818783035,31.2217471089324,184.87870431447084 131.01215133752646,31.22174633462468,184.93536075761537 131.01215448691545,31.221745560144903,184.99103902266108 131.01215763599757,31.221744785488863,185.0457393126964 131.012160784773,31.221744010652515,185.09946182384647 131.01216393324202,31.221743235631955,185.15220676217044 131.01216708140487,31.22174246042342,185.20397431980567 131.01217022926173,31.2217416850233,185.25476469683403 131.01217337681297,31.22174090942816,185.304578083394 131.01217652405873,31.221740133634697,185.35341467557947 131.0121796709994,31.221739357639784,185.40127465954035 131.01218281763525,31.221738581440444,185.44815822539607 131.01218596396643,31.221737805033847,185.49406555630208 131.01218910999344,31.221737028417355,185.53899683441395 131.0121922557165,31.221736251588464,185.58295224188163 131.01219540113593,31.221735474544847,185.62593195587968 131.01219854625205,31.221734697284337,185.66793614860643 131.01220169106523,31.22173391980491,185.70896499722423 131.01220483557577,31.221733142104764,185.74901866596863 131.01220797978405,31.22173236418221,185.78809732304487 131.01221112369046,31.221731586035723,185.8262011326765 131.01221426729535,31.221730807663995,185.863330253118 131.01221741059905,31.22173002906583,185.899484842618 131.012220553602,31.22172925024021,185.93466505643647 131.0122236963046,31.22172847118632,185.96887103989005 131.01222683870722,31.221727691903453,186.00210294325808 131.01222998081028,31.2217269123911,186.03436091085072 131.0122331226142,31.22172613264892,186.06564508399063 131.0122362641194,31.22172535267672,186.09595559504973 131.01223940532628,31.221724572474475,186.1252925803695 131.01224254623534,31.22172379204233,186.15365616833424 131.01224568684697,31.22172301138057,186.18104648732293 131.0122488271616,31.22172223048969,186.20746365378125 131.0122519671797,31.221721449370268,186.2329077911074 131.0122551069018,31.221720668023103,186.25737901175944 131.01225824632823,31.22171988644914,186.28087742520964 131.0122613854595,31.22171910464945,186.30340313794164 131.01226452429614,31.22171832262528,186.3249562544456 131.01226766283852,31.221717540378023,186.34553687324305 131.0122708010872,31.22171675790924,186.36514508887348 131.0122739390426,31.22171597522061,186.38378099090204 131.01227707670526,31.221715192314,186.40144466789377 131.0122802140756,31.22171440919136,186.41813620045656 131.0122833511541,31.22171362585483,186.4338556691926 131.0122864879413,31.2217128423067,186.44860314575405 131.01228962443767,31.22171205854936,186.4623787027797 131.0122927606437,31.22171127458536,186.47518240495333 131.0122958965598,31.221710490417383,186.48701431595785 131.01229903218652,31.22170970604824,186.49787449052565 131.01230216752427,31.22170892148088,186.5077629833836 131.01230530257368,31.22170813671833,186.5166798482584 131.0123084373351,31.22170735176384,186.5246251249575 131.012311571809,31.221706566620664,186.5315988562632 131.0123147059959,31.22170578129227,186.53760108097728 131.01231783989627,31.2217049957822,186.54263182895087 131.01232097351055,31.22170421009408,186.5466911330101 131.0123241068392,31.22170342423172,186.5497790120618 131.01232723988272,31.22170263819897,186.55189549196407 131.0123303726415,31.221701851999818,186.55304058465464 131.01233350511595,31.221701065638328,186.55321430703464 131.0123366373066,31.221700279118696,186.55241666208605 131.01233976921387,31.221699492445182,186.5506476577536 131.0123429008381,31.221698705622146,186.54790729303136 131.01234603217975,31.22169791865404,186.54419556293297 131.01234916323924,31.2216971315454,186.5395124604772 131.01235229401692,31.22169634430082,186.5338579756961 131.01235542451315,31.22169555692501,186.52723209165893 131.01235855472842,31.22169476942272,186.51963478844743 131.012361684663,31.2216939817988,186.51106604017363 131.01236481431727,31.221693194058133,186.5015258239264 131.01236794369154,31.22169240620569,186.49101410684875 131.0123710727862,31.221691618246503,186.4795308550852 131.0123742016015,31.221690830185644,186.46707603079807 131.01237733013775,31.221690042028225,186.4536495931628 131.01238045839523,31.221689253779445,186.4392514933976 131.01238358637428,31.221688465444515,186.42388168669007 131.0123867140751,31.22168767702871,186.40754011728995 131.01238984149796,31.22168688853731,186.3902267324224 131.01239296864304,31.221686099975663,186.37194147135529 131.01239609551058,31.221685311349123,186.35268427533893 131.01239922210078,31.22168452266308,186.33245507567872 131.01240234841384,31.22168373392294,186.31125380466835 131.01240547444988,31.22168294513413,186.28908039360087 131.01240860020903,31.221682156302084,186.2659347648195 131.01241172569146,31.221681367432247,186.2418168426484 131.01241485089724,31.221680578530083,186.21672654842487 131.0124179758265,31.22167978960104,186.190663799504 131.01242110047923,31.221679000650564,186.1636285082664 131.01242422485555,31.22167821168412,186.1356205880798 131.01242734895547,31.221677422707128,186.1066399483306 131.012430472779,31.22167663372502,186.07668649740603 131.01243359632605,31.2216758447432,186.04576013971047 131.01243671959668,31.22167505576705,186.0138607776556 131.01243984259082,31.22167426680193,185.9809883106647 131.0124429653083,31.221673477853173,185.94714264213144 131.0124460877492,31.22167268892605,185.9123236664973 131.01244920991323,31.221671900025854,185.87653127819868 131.01245233180035,31.22167111115777,185.8397653686836 131.01245545341035,31.221670322327004,185.80202583138225 131.01245857474302,31.22166953353865,185.76331255872432 131.01246169579818,31.22166874479778,185.7236254371708 131.0124648165756,31.22166795610943,185.68296435416903 131.01246793707503,31.22166716747856,185.64132919616767 131.01247105729612,31.221666378910022,185.59871984960915 131.0124741772387,31.22166559040868,185.5551361989409 131.01247729690232,31.22166480197927,185.51057812462955 131.0124804162867,31.221664013626484,185.46504551210407 131.01248353539142,31.221663225354924,185.4185382438072 131.01248665421616,31.221662437169105,185.3710562011792 131.01248977276046,31.22166164907347,185.32259926366817 131.01249289102384,31.22166086107237,185.27316731568456 131.0124960090059,31.22166007317007,185.22276023566948 131.01249912670613,31.221659285370727,185.17137790404456 131.01250224412402,31.22165849767841,185.1190202042087 131.01250536125903,31.22165771009709,185.0656870125952 131.01250847811065,31.221656922630647,185.01137821755887 131.01251159467824,31.221656135282807,184.9560936945272 131.01251471096128,31.22165534805724,184.899833331842 131.0125178269591,31.22165456095746,184.8425970088933 131.01252094267107,31.221653773986908,184.78438461202205 131.01252405809652,31.22165298714888,184.72519602557563 131.0125271732348,31.22165220044654,184.66503113687585 131.0125302880852,31.221651413882977,184.6038898292624 131.012533402647,31.221650627461088,184.54177199799548 131.01253651691945,31.221649841183705,184.4786775303781 131.01253963090176,31.221649055053472,184.4146063196692 131.0125427445932,31.221648269072947,184.34955825713388 131.01254585799296,31.221647483244528,184.28353324098825 131.01254897110024,31.22164669757049,184.21653116546508 131.0125520839142,31.22164591205295,184.14855193473088 131.012555196434,31.22164512669388,184.0795954489692 131.01255830865875,31.221644341495143,184.00966161133857 131.01256142058764,31.221643556458435,183.9387503299608 131.01256453221967,31.22164277158529,183.86686151295063 131.01256764355406,31.221641986877128,183.79399507537403 131.01257075458977,31.2216412023352,183.7201509293077 131.01257386532595,31.22164041796057,183.6453289937789 131.0125769757616,31.22163963375424,183.5695291897975 131.0125800858958,31.221638849716967,183.49275144333416 131.01258319572756,31.221638065849408,183.414995682342 131.0125863052559,31.22163728215205,183.3362618327785 131.01258941447983,31.221636498625223,183.256549832522 131.01259252339838,31.221635715269088,183.17585962043748 131.01259563201052,31.221634932083663,183.09419113935908 131.01259874031524,31.22163414906881,183.0115443360893 131.01260184831153,31.221633366224207,182.9279191554361 131.01260495599837,31.22163258354941,182.843315554128 131.01260806337473,31.2216318010438,182.7577334918672 131.01261117043953,31.221631018706567,182.671172932326 131.0126142771918,31.2216302365368,182.5836338361868 131.01261738363044,31.22162945453338,182.4951161800288 131.01262048975448,31.22162867269506,182.4056199394296 131.01262359556284,31.22162789102041,182.31514509492968 131.01262670105447,31.221627109507864,182.22369162905008 131.01262980622832,31.22162632815568,182.1312595342446 131.0126329110834,31.221625546961967,182.0378488049475 131.01263601561865,31.221624765924687,181.9434594425434 131.012639119833,31.22162398504165,181.8480914494044 131.0126422237255,31.22162320431048,181.75174483982136 131.01264532729505,31.22162242372868,181.6544196241041 131.01264843054068,31.2216216432936,181.55611582845705 131.01265153346137,31.221620863002425,181.4568334751021 131.01265463605614,31.22162008285221,181.35657259718727 131.01265773832395,31.22161930283985,181.25533322984177 131.01266084026383,31.221618522962103,181.1531154161384 131.01266394187488,31.2216177432156,181.04991920709497 131.01266704315603,31.221616963596794,180.94574465173395 131.0126701441064,31.221616184102032,180.8405918109981 131.01267324472502,31.22161540472753,180.73446074979924 131.012676345011,31.22161462546933,180.6273515399984 131.0126794449634,31.22161384632341,180.5192642544445 131.01268254458137,31.221613067285578,180.41019898088828 131.01268564386396,31.22161228835153,180.30015579912168 131.01268874281035,31.221611509516816,180.1891348088077 131.01269184141975,31.221610730776927,180.07713610860966 131.01269493969127,31.221609952127185,179.9641598021524 131.01269803762412,31.22160917356282,179.85020599901776 131.01270113521753,31.221608395078963,179.73527481971342 131.01270423247067,31.221607616670628,179.61936638374647 131.01270732938295,31.22160683833273,179.50248082353826 131.01271042595343,31.221606060060108,179.38461827050847 131.0127135221816,31.221605281847484,179.26577886203407 131.0127166180667,31.2216045036895,179.14596275138769 131.01271971360802,31.221603725580724,179.02517008487754 131.012722808805,31.22160294751563,178.9034010187441 131.01272590365704,31.22160216948864,178.78065572114812 131.0127289981635,31.22160139149407,178.65693435726186 131.01273209232392,31.221600613526206,178.5322371011958 131.0127351861377,31.22159983557925,178.4065641340109 131.0127382796043,31.22159905764736,178.27991564173146 131.01274137272333,31.22159827972465,178.15229181236236 131.01274446549422,31.22159750180516,178.023692845829 131.01274755791667,31.221596723882907,177.8941189430438 131.0127506499902,31.221595945951886,177.76357030789418 131.0127537417145,31.22159516800604,177.63204715420048 131.01275683308918,31.221594390039307,177.49954970074566 131.0127599241139,31.221593612045588,177.36607816829368 131.01276301478848,31.22159283401877,177.23163278257147 131.01276610511255,31.221592055952765,177.09621377824524 131.01276919508592,31.22159127784144,176.95982139295583 131.01277228470835,31.221590499678666,176.82245586334375 131.0127753739798,31.221589721458344,176.68411743995722 131.01277846289997,31.221588943174385,176.54480637135123 131.0127815514688,31.221588164820727,176.40452291501953 131.01278463968623,31.22158738639131,176.26326732447228 131.01278772755217,31.22158660788012,176.12103986812332 131.01279081506658,31.22158582928116,175.9778408143798 131.01279390222948,31.22158505058852,175.83367043164228 131.01279698904082,31.22158427179632,175.68852899426895 131.0128000755008,31.221583492898706,175.54241678257466 131.01280316160933,31.22158271388992,175.3953340788559 131.01280624736663,31.22158193476425,175.2472811693786 131.01280933277275,31.221581155516088,175.09825834139707 131.01281241782792,31.22158037613987,174.948265886134 131.01281550253225,31.221579596630136,174.79730409977557 131.01281858688597,31.22157881698152,174.645373279497 131.0128216708893,31.22157803718875,174.49247372842976 131.01282475454255,31.221577257246647,174.33860574274155 131.01282783784595,31.221576477150144,174.18376963549215 131.0128309207998,31.221575696894288,174.02796570681235 131.01283400340435,31.221574916474264,173.87119426776192 131.01283708566007,31.22157413588536,173.71345563138095 131.0128401675673,31.22157335512299,173.55475011070533 131.01284324912635,31.221572574182737,173.39507801876294 131.01284633033765,31.22157179306029,173.23443966857707 131.01284941120164,31.22157101175149,173.07283538012277 131.01285249171875,31.22157023025236,172.91026546939287 131.0128555718894,31.221569448559045,172.74673025635067 131.0128586517141,31.22156866666788,172.58223005896545 131.0128617311933,31.221567884575343,172.41676519520067 131.01286481032756,31.2215671022781,172.2503359869903 131.01286788911727,31.221566319773,172.08294275427468 131.01287096756306,31.221565537057067,171.9145858140061 131.0128740456654,31.22156475412751,171.74526548909543 131.01287712342483,31.22156397098172,171.5749820935023 131.01288020084195,31.22156318761729,171.40373595211415 131.01288327791727,31.221562404032017,171.231527375898 131.01288635465136,31.221561620223888,171.0583566857539 131.01288943104475,31.221560836191102,170.88422419562048 131.0128925070981,31.221560051932062,170.70913021942874 131.01289558281186,31.2215592674454,170.53307506911824 131.01289865818669,31.22155848272993,170.35605905364056 131.01290173322312,31.2215576977847,170.17808248293602 131.0129048079217,31.22155691260899,169.99914566395762 131.01290788228303,31.221556127202287,169.8192489016654 131.0129109563077,31.22155534156432,169.63839249703796 131.0129140299962,31.22155455569501,169.45657674906136 131.0129171033491,31.22155376959457,169.2738019557222 131.012920176367,31.221552983263408,169.09006840506208 131.01292324905037,31.221552196702127,168.90537639505777 131.0129263213997,31.221551409911623,168.71972620578893 131.01292939341556,31.221550622893,168.53311812727003 131.01293246509837,31.221549835647583,168.3455524365892 131.01293553644868,31.22154904817696,168.15702940884114 131.0129386074669,31.22154826048292,167.96754931712826 131.0129416781535,31.22154747256752,167.77711243255942 131.0129447485089,31.221546684433022,167.5857190143114 131.01294781853346,31.22154589608193,167.3933693265254 131.0129508882276,31.221545107517,167.20006362439273 131.01295395759166,31.221544318741174,167.00580215713515 131.01295702662597,31.22154352975768,166.81058516999465 131.0129600953308,31.22154274056992,166.61441291019517 131.01296316370647,31.221541951181567,166.41728560905295 131.01296623175318,31.22154116159649,166.2192034978799 131.01296929947122,31.221540371818783,166.02016680499955 131.01297236686065,31.22153958185275,165.82017575078083 131.01297543392167,31.22153879170293,165.61923055161094 131.01297850065447,31.22153800137403,165.41733141691407 131.01298156705897,31.22153721087101,165.21447855511687 131.01298463313532,31.221536420199005,165.01067216171833 131.01298769888348,31.221535629363338,164.80591243121913 131.0129907643034,31.221534838369568,164.600199552152 131.012993829395,31.22153404722337,164.39353370906812 131.01299689415816,31.221533255930687,164.1859150755805 131.0129999585928,31.22153246449758,163.9773438213223 131.01300302269863,31.221531672930293,163.76782011194473 131.01300608647543,31.22153088123526,163.55734410216175 131.01300914992296,31.22153008941903,163.34591594668103 131.0130122130408,31.221529297488324,163.1335357922555 131.01301527582865,31.22152850545002,162.92020377767977 131.01301833828603,31.221527713311115,162.70592003776872 131.01302140041244,31.221526921078752,162.49068470236264 131.01302446220737,31.22152612876016,162.2744978963254 131.01302752367025,31.221525336362728,162.05735973159733 131.0130305848004,31.22152454389392,161.83927032508086 131.01303364559712,31.22152375136132,161.6202297807536 131.01303670605972,31.221522958772592,161.4002381966232 131.01303976618735,31.221522166135472,161.1792956696995 131.01304282597923,31.22152137345777,160.95740229002885 131.0130458854344,31.22152058074738,160.7345581406951 131.01304894455188,31.221519788012216,160.5107632998068 131.01305200333067,31.22151899526025,160.2860178385104 131.01305506176973,31.22151820249949,160.06032182794624 131.0130581198679,31.221517409737952,159.83367533328655 131.01306117762405,31.22151661698367,159.6060784087645 131.01306423503692,31.221515824244687,159.37753111059553 131.0130672921052,31.221515031529048,159.14803348803295 131.0130703488276,31.22151423884477,158.91758558535415 131.01307340520265,31.22151344619984,158.686187442856 131.01307646122896,31.22151265360221,158.45383909586027 131.01307951690504,31.22151186105978,158.22054057968236 131.0130825722293,31.221511068580387,157.98629192168175 131.01308562720018,31.2215102761718,157.75109314622995 131.013088681816,31.221509483841707,157.5149442776934 131.01309173607507,31.221508691597684,157.27784533347474 131.01309478997567,31.22150789944723,157.0397963279897 131.01309784351596,31.22150710739772,156.80079727664216 131.01310089669414,31.22150631545641,156.56084818787275 131.01310394950835,31.22150552363041,156.3199490711106 131.0131070019566,31.22150473192669,156.07809992981487 131.01311005403693,31.221503940352065,155.83530077439764 131.01311310574735,31.221503148913182,155.5915516003546 131.0131161570859,31.221502357616487,155.3468524141103 131.0131192080504,31.22150156646828,155.10120321413143 131.01312225863876,31.221500775474613,154.8546039988788 131.01312530884883,31.22149998464137,154.60705476879488 131.0131283586785,31.22149919397419,154.35855552133535 131.01313140812547,31.221498403478524,154.10910625295503 131.0131344571876,31.22149761315956,153.8587069660669 131.0131375058626,31.22149682302221,153.60735765711445 131.01314055414818,31.221496033071208,153.35505832750448 131.01314360204208,31.22149524331095,153.10180897366817 131.013146649542,31.2214944537456,152.84760960495208 131.01314969664557,31.22149366437903,152.59246021678135 131.01315274335053,31.221492875214807,152.3363608224653 131.0131557896545,31.221492086256248,152.07931142238735 131.01315883555517,31.221491297506347,151.82131202785692 131.0131618810501,31.221490508967776,151.56236265415345 131.01316492613705,31.22148972064291,151.30246331655013 131.01316797081364,31.22148893253381,151.0416140303142 131.0131710150775,31.221488144642183,150.77981481865783 131.01317405892635,31.221487356969423,150.5170657097565 131.01317710235784,31.2214865695166,150.25336672979265 131.0131801453697,31.221485782284407,149.98871791388646 131.01318318795958,31.22148499527323,149.72311930112866 131.0131862301253,31.2214842084831,149.45657093358557 131.0131892718646,31.221483421913703,149.18907285828567 131.01319231317527,31.221482635564367,148.92062513020454 131.01319535405509,31.221481849434063,148.65122780729197 131.01319839450193,31.221481063521416,148.38088095544344 131.0132014345137,31.22148027782469,148.10958464154183 131.01320447408827,31.221479492341786,147.83733894737315 131.01320751322373,31.221478707070258,147.56414395074123 131.01321055191795,31.22147792200732,147.28999974534693 131.0132135901691,31.22147713714981,147.01490642389052 131.01321662797525,31.221476352494246,146.73886409099308 131.01321966533453,31.22147556803679,146.46187285425188 131.0132227022452,31.221474783773225,146.18393283616675 131.0132257387056,31.22147399969904,145.90504415823753 131.013228774714,31.22147321580936,145.62520695388469 131.01323181026882,31.22147243209898,145.3444213634803 131.01323484536857,31.22147164856237,145.06268753534172 131.01323788001176,31.22147086519372,144.7800056257318 131.013240914197,31.22147008198685,144.49637579985298 131.01324394792303,31.221469298935315,144.21179822985826 131.01324698118864,31.22146851603236,143.92627309684048 131.01325001399255,31.221467733270927,143.63980058884448 131.01325304633383,31.22146695064369,143.35238090583528 131.01325607821136,31.22146616814308,143.06401425075447 131.0132591096243,31.2214653857612,142.77470084641652 131.01326214057184,31.22146460349,142.48444090668377 131.0132651710532,31.221463821321088,142.19323466926716 131.01326820106777,31.221463039245936,141.9010823738608 131.01327123061492,31.22146225725575,141.60798427207877 131.01327425969424,31.22146147534155,141.31394061553 131.01327728830535,31.221460693494155,141.01895167867832 131.0132803157885,31.22145991172191,140.723086902519 131.01328334216134,31.22145913001488,140.42634519307703 131.01328636714535,31.22145834837097,140.12875649503445 131.01328939050967,31.22145756678672,139.83034598652773 131.0132924120236,31.22145678525859,139.53113902763357 131.01329543145633,31.22145600378301,139.2311611404919 131.01329844857744,31.221455222356408,138.93043801825416 131.0133014631569,31.221454440975176,138.62899549029555 131.013304474965,31.22145365963575,138.3268595252001 131.0133074837727,31.221452878334635,138.0240562098888 131.0133104893517,31.221452097068383,137.7206117367001 131.01331349147446,31.221451315833622,137.41655239941537 131.0133164899143,31.22145053462711,137.1119045624487 131.01331948444567,31.221449753445704,136.8066946687999 131.0133224748441,31.221448972286424,136.50094921023685 131.0133254608864,31.22144819114646,136.19469472431612 131.0133284423507,31.221447410023245,135.88795777450449 131.01333141901662,31.22144662891436,135.58076493725852 131.0133343906653,31.221445847817616,135.27314279805145 131.01333735707962,31.221445066731103,134.9651179225485 131.01334031804407,31.22144428565315,134.6567168595907 131.0133432733452,31.221443504582364,134.34796611336344 131.0133462227713,31.22144272351767,134.0388921414123 131.0133491661129,31.22144194245831,133.7295213387386 131.0133521031625,31.22144116140384,133.41988001692746 131.01335503371493,31.22144038035413,133.10999440613685 131.01335795756728,31.221439599309456,132.7998906322384 131.01336087451904,31.221438818270386,132.4895946999176 131.01336378437216,31.22143803723789,132.17913249864168 131.01336668693122,31.221437256213328,131.86852977283894 131.01336958200324,31.221436475198463,131.5578121149427 131.01337246939815,31.22143569419542,131.2470049594271 131.01337534892843,31.22143491320672,130.9361335649164 131.01337822040963,31.22143413223528,130.6252230082216 131.01338108365997,31.221433351284425,130.31429816446104 131.0133839385008,31.22143257035788,130.0033837110367 131.0133867847563,31.22143178945985,129.69250409880843 131.01338962225387,31.22143100859484,129.38168356601082 131.01339245082391,31.221430227767808,129.07094609948635 131.01339527030015,31.22142944698408,128.76031545059078 131.01339808051935,31.2214286662494,128.4498151123306 131.0134008813216,31.22142788556988,128.13946831538672 131.01340367255028,31.221427104952024,127.82929801618651 131.0134064540521,31.221426324402746,127.51932689292782 131.01340922567712,31.221425543929268,127.209577335639 131.01341198727874,31.221424763539176,126.90007143822544 131.01341473871392,31.22142398324041,126.5908309905184 131.0134174798429,31.221423203041223,126.28187747628571 131.01342021052946,31.221422422950205,125.97323206030936 131.0134229306409,31.22142164297629,125.66491558639729 131.01342564004793,31.22142086312864,125.35694857738189 131.01342833862475,31.22142008341672,125.04935120828192 131.01343102624932,31.22141930385025,124.74214333313977 131.01343370280276,31.22141852443921,124.4353444512242 131.01343636817003,31.221417745193754,124.12897372094488 131.0134390222394,31.22141696612438,123.82304994991304 131.01344166490284,31.22141618724167,123.51759158499851 131.01344429605578,31.221415408556428,123.21261672624615 131.01344691559711,31.22141463007959,122.9081431059996 131.0134495234294,31.22141385182228,122.60418809287748 131.01345211945855,31.22141307379568,122.30076869773438 131.0134547035941,31.22141229601115,121.99790155775692 131.01345727574895,31.22141151848016,121.69560294342016 131.01345983583954,31.2214107412142,121.39388875451031 131.0134623837857,31.2214099642248,121.09277452012304 131.01346491951082,31.22140918752357,120.79227540065057 131.01346744294148,31.221408411122106,120.49240617982773 131.01346995400775,31.221407635032044,120.19318127765332 131.0134724526431,31.221406859265016,119.89461473448362 131.0134749387842,31.221406083832587,119.59672022295996 131.01347741237106,31.221405308746284,119.29951104204255 131.01347987334705,31.22140453401756,119.00300012893724 131.0134823216586,31.2214037596578,118.70720004517813 131.01348475725547,31.221402985678303,118.41212299153592 131.01348718009055,31.221402212090297,118.117780798076 131.0134895901198,31.22140143890482,117.82418494204964 131.0134919873023,31.221400666132823,117.53134652801216 131.01349437160016,31.22139989378507,117.23927631068292 131.0134967429785,31.221399121872164,116.94798468599905 131.01349910140547,31.22139835040456,116.65748170005824 131.01350144685205,31.22139757939256,116.36777704613644 131.0135037792921,31.221396808846247,116.07888007065011 131.0135060987024,31.22139603877545,115.79079978309407 131.01350840506245,31.22139526918984,115.50354484510716 131.0135106983545,31.221394500098825,115.21712358438567 131.01351297856357,31.22139373151157,114.93154400064638 131.0135152456772,31.22139296343713,114.64681376164864 131.01351749968572,31.22139219588416,114.36294020915771 131.0135197405818,31.221391428861143,114.07993036788864 131.01352196836086,31.221390662376272,113.79779094351709 131.01352418302056,31.221389896437472,113.51652833361187 131.01352638456115,31.22138913105239,113.23614862663952 131.01352857298525,31.22138836622848,112.95665759500535 131.01353074829763,31.22138760197284,112.67806072984204 131.01353291050555,31.221386838292343,112.4003632141692 131.0135350596184,31.22138607519352,112.12356995470113 131.01353719564767,31.22138531268265,111.84768556295954 131.01353931860703,31.221384550765727,111.5727143771398 131.01354142851235,31.221383789448463,111.29866046310346 131.01354352538124,31.22138302873634,111.02552761040172 131.0135456096003,31.22138226861856,110.75326627390244 131.01354768116485,31.221381509101096,110.48188317021598 131.01354974024036,31.22138075018229,110.211360450769 131.01355178696113,31.22137999186169,109.94168464623742 131.01355382145928,31.22137923413865,109.67284249996295 131.0135558438647,31.221378477012525,109.40482099976111 131.01355785430513,31.22137772048247,109.13760736698866 131.01355985290593,31.221376964547577,108.87118904064064 131.01356183979055,31.221376209206785,108.60555369921866 131.01356381508026,31.22137545445896,108.34068922693798 131.01356577889428,31.221374700302817,108.07658373161932 131.01356773134987,31.22137394673709,107.81322551586318 131.01356967256245,31.221373193760314,107.5506031028972 131.01357160264544,31.22137244137092,107.28870520476669 131.01357352171033,31.22137168956725,107.02752073227772 131.013575429867,31.22137093834756,106.76703878903228 131.0135773272234,31.22137018771,106.50724866646128 131.0135792138858,31.22136943765261,106.24813983686458 131.0135810899588,31.221368688173417,105.98970195639698 131.0135829555453,31.22136793927028,105.73192485313923 131.01358481074655,31.22136719094096,105.47479852908693 131.01358665566235,31.221366443183136,105.21831315617584 131.0135884903908,31.221365695994447,104.96245906932488 131.01359031502852,31.221364949372383,104.70722676941828 131.01359212967063,31.22136420331447,104.45260691137864 131.0135939344109,31.221363457818008,104.19859031013117 131.0135957293415,31.22136271288033,103.9451679276838 131.0135975145533,31.22136196849861,103.69233088306603 131.01359929013583,31.22136122466999,103.44007043344484 131.01360105617724,31.221360481391525,103.18837798704706 131.01360281276436,31.221359738660265,102.93724508427356 131.01360455998272,31.221358996473125,102.6866634145988 131.01360629791665,31.221358254826967,102.43662478973192 131.01360802664922,31.22135751371861,102.18712116648156 131.0136097462623,31.22135677314477,101.93814462488612 131.01361145683651,31.221356033102136,101.68968737020369 131.0136131584514,31.22135529358737,101.44174173788208 131.01361485118537,31.221354554597063,101.19430018858992 131.01361653511563,31.221353816127728,100.9473552952942 131.01361821031838,31.22135307817585,100.70089975320184 131.01361987686872,31.22135234073785,100.45492637975929 131.01362153484072,31.221351603810128,100.20942809079756 131.0136231843074,31.221350867389013,99.96439793134654 131.01362482534074,31.221350131470867,99.7198290428334 131.01362645801177,31.221349396051927,99.4757146819688 131.01362808239057,31.221348661128456,99.23204820683208 131.01362969854625,31.221347926696648,98.98882308482312 131.01363130654696,31.22134719275265,98.74603287278208 131.01363290645995,31.2213464592926,98.50367124184112 131.01363449835162,31.221345726312688,98.26173195655082 131.01363608228735,31.22134499380897,98.0202088709024 131.01363765833185,31.22134426177752,97.77909594423517 131.01363922654883,31.221343530214405,97.53838722135428 131.01364078700124,31.22134279911563,97.29807684147868 131.0136423397512,31.22134206847721,97.05815903327084 131.01364388486,31.2213413382952,96.81862810986703 131.0136454223882,31.22134060856557,96.57947847782424 131.01364695239548,31.221339879284315,96.34070462320352 131.0136484749409,31.22133915044741,96.10230112051735 131.01364999008268,31.2213384220508,95.86426261781888 131.01365149787833,31.221337694090447,95.62658385658344 131.01365299838463,31.221336966562344,95.38925964586367 131.01365449165775,31.221336239462463,95.15228487521244 131.01365597775305,31.22133551278677,94.91565451766526 131.0136574567252,31.22133478653121,94.67936361582396 131.0136589286283,31.221334060691767,94.4434072848397 131.01366039351575,31.221333335264408,94.20778071738224 131.0136618514403,31.221332610245124,93.97247917270744 131.01366330245403,31.221331885629944,93.7374979875906 131.01366474660847,31.22133116141488,93.50283255744084 131.01366618395448,31.221330437595924,93.26847835717555 131.01366761454238,31.221329714169144,93.0344309193526 131.01366903842182,31.22132899113056,92.80068585007456 131.01367045564194,31.22132826847627,92.56723880910864 131.01367186625123,31.221327546202385,92.33408553374336 131.01367327029774,31.221326824305,92.10122181592656 131.01367466782884,31.22132610278029,91.86864350624133 131.01367605889143,31.22132538162437,91.63634652285263 131.01367744353186,31.22132466083345,91.40432684057367 131.013678821796,31.221323940403696,91.17258049086496 131.0136801937291,31.22132322033144,90.94110356581211 131.013681559376,31.221322500612903,90.70989221315486 131.01368291878097,31.2213217812444,90.47894263728188 131.01368427198787,31.22132106222228,90.24825109426024 131.01368561904005,31.22132034354285,90.01781389879454 131.01368695998033,31.221319625202543,89.78762741428609 131.0136882948511,31.221318907197844,89.55768805879808 131.01368962369432,31.22131818952519,89.32799230306678 131.01369094655143,31.221317472181088,89.09853666752068 131.01369226346347,31.22131675516212,88.86931772029142 131.01369357447115,31.221316038464824,88.64033208119132 131.01369487961452,31.221315322085843,88.41157641773654 131.01369617893337,31.22131460602189,88.18304744912389 131.013697472467,31.221313890269656,87.95474192933169 131.0136987602544,31.22131317482592,87.72665667197225 131.013700042334,31.221312459687457,87.49878852941535 131.01370131874395,31.22131174485113,87.27113439776062 131.013702589522,31.22131103031379,87.04369122180617 131.0137038547055,31.221310316072444,86.8164559851091 131.01370511433137,31.221309602124062,86.5894257189326 131.0137063684362,31.22130888846569,86.36259748932227 131.01370761705624,31.2213081750944,86.13596841002969 131.01370886022727,31.22130746200732,85.90953563257224 131.01371009798493,31.22130674920161,85.68329635020878 131.0137113303643,31.221306036674584,85.45724779396417 131.01371255740008,31.221305324423504,85.23138723561145 131.01371377912687,31.22130461244569,85.0057119836951 131.0137149955787,31.22130390073856,84.78021938651473 131.01371620678947,31.22130318929954,84.55490682615971 131.01371741279263,31.22130247812612,84.3297717244736 131.0137186136212,31.22130176721592,84.10481153609724 131.01371980930813,31.221301056566496,83.88002375641949 131.0137209998859,31.221300346175543,83.65540591064426 131.0137221853867,31.22129963604077,83.43095556273614 131.01372336584248,31.221298926159943,83.20667030647459 131.0137245412848,31.221298216530894,82.98254777241218 131.013725711745,31.221297507151554,82.75858561992239 131.0137268772541,31.221296798019846,82.53478154813452 131.01372803784284,31.221296089133773,82.31113328201644 131.01372919354165,31.221295380491384,82.08763858132174 131.01373034438072,31.22129467209079,81.86429522866108 131.01373149038997,31.2212939639302,81.64110105435368 131.013732631599,31.221293256007844,81.4180538996468 131.01373376803716,31.22129254832201,81.19515164952092 131.0137348997336,31.221291840871046,80.9723922108195 131.0137360267171,31.22129113365333,80.74977352318376 131.01373714901632,31.22129042666736,80.52729355110142 131.0137382666595,31.221289719911663,80.30495029384589 131.0137393796748,31.22128901338484,80.08274176559635 131.01374048808995,31.2212883070855,79.86066602128261 131.01374159193264,31.22128760101235,79.63872113670452 131.01374269123025,31.22128689516413,79.41690521250824 131.01374378600977,31.221286189539693,79.19521638015057 131.01374487629815,31.221285484137905,78.9736527919581 131.01374596212207,31.22128477895769,78.75221263007444 131.01374704350792,31.22128407399804,78.53089409552524 131.01374812048192,31.221283369258,78.30969542114141 131.01374919307003,31.22128266473663,78.08861485863632 131.013750261298,31.221281960433185,77.86765068456955 131.0137513251914,31.221281256346835,77.64680120233635 131.01375238477556,31.221280552476863,77.42606473322006 131.01375344007556,31.2212798488226,77.20543962832147 131.0137544911164,31.22127914538341,76.98492425364786 131.0137555379227,31.221278442158766,76.76451700402998 131.013756580519,31.22127773914817,76.54421629218751 131.0137576189296,31.2212770363512,76.32402055071681 131.01375865317863,31.221276333767435,76.1039282420325 131.01375968328995,31.221275631396523,75.88393784246128 131.01376070928737,31.221274929238195,75.66404784820777 131.0137617311943,31.22127422729228,75.4442567783355 131.0137627490342,31.221273525558544,75.22456317576196 131.0137637628301,31.221272824036905,75.00496559532958 131.01376477260504,31.22127212272727,74.7854626177224 131.01376577838184,31.22127142162961,74.56605284151416 131.01376678018303,31.22127072074401,74.34673488316794 131.0137677780311,31.22127002007053,74.12750737604213 131.0137687719483,31.221269319609345,73.90836897734981 131.01376976195667,31.2212686193606,73.68931836119873 131.01377074807814,31.22126791932452,73.4703542126285 131.01377173033447,31.221267219501435,73.25147524450918 131.01377270874724,31.221266519891685,73.03268018163593 131.0137736833378,31.22126582049564,72.81396776570011 131.01377465412747,31.221265121313728,72.59533675926494 131.01377562113723,31.221264422346408,72.37678593582531 131.01377658438813,31.22126372359424,72.15831409074255 131.01377754390083,31.221263025057787,71.93992003527964 131.01377849969597,31.221262326737666,71.72160259163161 131.01377945179397,31.22126162863452,71.50336060584803 131.0137804002152,31.221260930749043,71.28519293093373 131.01378134497975,31.22126023308199,71.0670984437486 131.0137822861076,31.221259535634186,70.84907603208426 131.01378322361865,31.22125883840642,70.63112459367005 131.01378415753257,31.22125814139957,70.41324305207874 131.0137850878689,31.221257444614537,70.19543033883244 131.01378601464705,31.22125674805228,69.97768540036189 131.01378693788635,31.22125605171379,69.76000719601798 131.01378785760582,31.221255355600096,69.54239470403625 131.0137887738245,31.22125465971225,69.32484691060252 131.01378968656127,31.221253964051343,69.10736282277524 131.01379059583482,31.221253268618508,68.88994145357488 131.01379150166372,31.22125257341495,68.6725818309305 131.01379240406635,31.221251878441848,68.45528300165603 131.0137933030611,31.22125118370044,68.23804401852767 131.01379419866615,31.221250489191966,68.02086394923013 131.01379509089952,31.22124979491775,67.80374187735094 131.0137959797791,31.22124910087915,67.58667689442822 131.01379686532275,31.221248407077496,67.36966810392626 131.01379774754804,31.22124771351418,67.1527146291889 131.0137986264726,31.2212470201906,66.93581559554589 131.01379950211378,31.22124632710824,66.71897014124777 131.0138003744889,31.22124563426856,66.50217742641262 131.01380124361515,31.22124494167305,66.2854366101622 131.01380210950953,31.221244249323234,66.06874687249207 131.01380297218898,31.22124355722063,65.8521073953836 131.01380383167037,31.221242865366868,65.63551737970363 131.01380468797032,31.22124217376352,65.41897603327594 131.0138055411054,31.22124148241217,65.20248257585087 131.01380639109215,31.22124079131448,64.98603623512936 131.01380723794688,31.221240100472084,64.76963625272813 131.01380808168577,31.22123940988669,64.55328188020219 131.013808922325,31.221238719559967,64.33697237904589 131.0138097598806,31.221238029493616,64.12070701870407 131.01381059436844,31.221237339689363,63.90448507756685 131.0138114258043,31.221236650148963,63.688305849927566 131.01381225420388,31.221235960874168,63.4721686360425 131.01381307958275,31.221235271866767,63.25607273914824 131.01381390195635,31.221234583128496,63.04001748633794 131.0138147213401,31.22123389466116,62.82400220072637 131.01381553774925,31.2212332064666,62.60802622133227 131.01381635119887,31.22123251854662,62.39208889611931 131.01381716170417,31.221231830903022,62.17618957802013 131.01381796927993,31.221231143537647,61.96032763189473 131.01381877394113,31.22123045645235,61.744502430554085 131.0138195757024,31.221229769649,61.52871335277226 131.0138203745785,31.22122908312941,61.312959793227314 131.01382117058392,31.22122839689548,61.09724114361327 131.0138219637331,31.221227710949,60.88155681749273 131.01382275404043,31.221227025291945,60.66590622445043 131.0138235415201,31.221226339926137,60.45028878898098 131.0138243261864,31.22122565485345,60.23470394154222 131.0138251080533,31.22122497007573,60.01915111855499 131.0138258871348,31.221224285594914,59.80362976737366 131.01382666344475,31.221223601412856,59.588139340321774 131.013827436997,31.221222917531424,59.37267929866846 131.01382820780515,31.221222233952474,59.157249114616384 131.0138289758829,31.22122155067791,58.941848258378606 131.0138297412437,31.2212208677096,58.72647621408437 131.013830503901,31.221220185049383,58.51113247580249 131.01383126386816,31.221219502699128,58.295816539588735 131.01383202115835,31.22121882066068,58.0805279064681 131.0138327757848,31.22121813893592,57.86526609038752 131.0138335277605,31.221217457526656,57.65003060728094 131.0138342770986,31.22121677643472,57.43482098501012 131.01383502381182,31.22121609566193,57.21963675044192 131.01383576791306,31.221215415210143,57.00447744634718 131.013836509415,31.221214735081144,56.78934261251358 131.01383724833036,31.2212140552767,56.57423180165069 131.01383798467162,31.221213375798595,56.35914457044352 131.01383871845132,31.221212696648653,56.1440804835288 131.01383944968185,31.22121201782861,55.92903910753019 131.0138401783755,31.2212113393402,55.71402001801735 131.0138409045445,31.221210661185125,55.49902279950562 131.01384162820108,31.221209983365164,55.284047037503534 131.0138423493572,31.22120930588201,55.06909232348323 131.01384306802495,31.22120862873733,54.85415825786263 131.01384378421625,31.22120795193277,54.63924444503501 131.01384449794287,31.221207275470054,54.42435049535758 131.0138452092166,31.2212065993508,54.20947602415664 131.01384591804916,31.22120592357659,53.99462065272249 131.01384662445216,31.22120524814904,53.77978400930322 131.01384732843707,31.221204573069773,53.56496572214576 131.01384803001545,31.221203898340327,53.350165434407856 131.0138487291986,31.221203223962256,53.135382781293536 131.0138494259979,31.22120254993704,52.92061741888186 131.0138501204245,31.221201876266274,52.705868992316354 131.01385081248966,31.22120120295138,52.49113716463306 131.01385150220446,31.22120052999381,52.2764215968793 131.0138521895799,31.22119985739504,52.06172195706016 131.0138528746269,31.221199185156493,51.84703791616222 131.01385355735636,31.22119851327956,51.63236915411842 131.01385423777916,31.221197841765576,51.41771535185467 131.0138549159059,31.22119717061592,51.20307619626081 131.01385559174744,31.221196499831947,50.98845137820263 131.01385626531427,31.22119582941493,50.77384059450954 131.0138569366169,31.22119515936612,50.55924354598658 131.01385760566583,31.22119448968684,50.34465993741468 131.01385827247148,31.221193820378268,50.13008947755036 131.01385893704415,31.22119315144162,49.91553187713768 131.01385959939418,31.221192482878063,49.70098686183156 131.01386025953167,31.22119181468879,49.48645414833942 131.0138609174669,31.221191146874897,49.2719334613205 131.0138615732098,31.22119047943749,49.05742453736328 131.0138622267704,31.22118981237765,48.842927106096205 131.01386287815873,31.22118914569644,48.628440910070815 131.0138635273846,31.22118847939485,48.413965689849775 131.01386417445786,31.22118781347389,48.19950119096557 131.01386481938823,31.221187147934568,47.98504716690312 131.01386546218546,31.2211864827778,47.770603369158245 131.01386610285914,31.221185818004475,47.55616955817347 131.01386674141887,31.22118515361552,47.3417454933964 131.0138673778742,31.221184489611804,47.127330945209366 131.01386801223447,31.221183825994142,46.91292567802951 131.01386864450916,31.221183162763328,46.69852946720858 131.0138692747076,31.221182499920204,46.48414208809772 131.01386990283908,31.22118183746548,46.26976332400053 131.01387052891275,31.221181175399856,46.055392952255325 131.0138711529378,31.221180513724114,45.841030766105874 131.0138717749234,31.221179852438887,45.626676551836375 131.0138723948785,31.22117919154481,45.412330106665856 131.01387301281213,31.221178531042508,45.19799122582478 131.01387362873322,31.221177870932625,44.98365970752532 131.01387424265064,31.221177211215675,44.769335359920255 131.01387485457326,31.2211765518922,44.55501798718561 131.01387546450977,31.22117589296277,44.340707400455535 131.01387607246895,31.221175234427832,44.1264034108639 131.01387667845944,31.22117457628784,43.912105837496966 131.01387728248983,31.221173918543293,43.69781449844645 131.0138778845687,31.22117326119456,43.48352921578001 131.01387848470452,31.22117260424202,43.2692498135533 131.0138790829058,31.221171947686088,43.05497612278024 131.01387967918086,31.22117129152709,42.84070797149196 131.01388027353806,31.221170635765287,42.62644519666625 131.01388086598575,31.22116998040104,42.4121876342865 131.01388145653212,31.2211693254346,42.197935124312 131.01388204518537,31.221168670866177,41.98368750670179 131.01388263195366,31.22116801669604,41.76944463135575 131.0138832168451,31.221167362924383,41.555206343202606 131.01388379986767,31.22116670955135,41.34097249114731 131.01388438102947,31.22116605657713,41.12674293304154 131.01388496033837,31.221165404001862,40.91251752077192 131.01388553780228,31.22116475182563,40.698296114177495 131.01388611342907,31.22116410004854,40.48407857409144 131.01388668722657,31.22116344867069,40.26986476333452 131.01388725920245,31.221162797692088,40.05565454969788 131.0138878293645,31.221162147112803,39.84144779997828 131.01388839772036,31.221161496932847,39.62724438395447 131.01388896427767,31.221160847152188,39.41304418035197 131.013889529044,31.221160197770853,39.19884705596657 131.01389009202683,31.221159548788776,38.98465289548796 131.01389065323374,31.221158900205875,38.77046157764068 131.01389121267212,31.221158252022143,38.55627298214339 131.01389177034935,31.22115760423745,38.34208699766126 131.01389232627278,31.22115695685168,38.127903510871086 131.01389288044976,31.221156309864785,37.913722406461126 131.01389343288753,31.22115566327657,37.699543581048935 131.0138939835933,31.22115501708692,37.485366923298656 131.0138945325743,31.22115437129568,37.27119233380376 131.01389507983768,31.221153725902667,37.05701970520448 131.01389562539046,31.221153080907715,36.84284894207026 131.01389616923973,31.221152436310653,36.62867994300564 131.01389671139256,31.22115179211122,36.414512613573606 131.01389725185584,31.22115114830929,36.20034685536064 131.01389779063655,31.221150504904585,35.98618258188242 131.01389832774163,31.22114986189688,35.77201969870123 131.01389886317784,31.221149219285977,35.55785811933246 131.01389939695207,31.221148577071588,35.34369775629694 131.01389992907104,31.22114793525351,35.12953852509769 131.01390045954156,31.22114729383149,34.91538034123762 131.01390098837032,31.2211466528052,34.70122312717822 131.0139015155639,31.22114601217448,34.48706680339271 131.01390204112897,31.221145371939,34.27291128737146 131.01390256507213,31.22114473209852,34.05875650853439 131.0139030873999,31.22114409265277,33.844602390336505 131.01390360811885,31.22114345360144,33.630448862197234 131.01390412723535,31.22114281494435,33.416295849559404 131.0139046447559,31.221142176681145,33.202143289795245 131.013905160687,31.2211415388116,32.98799111033554 131.01390567503483,31.22114090133545,32.77383924855212 131.01390618780584,31.221140264252387,32.55968763784016 131.01390669900624,31.22113962756224,32.345536217559555 131.01390720864237,31.221138991264656,32.13138492508168 131.01390771672038,31.221138355359468,31.917233700760235 131.01390822324657,31.221137719846386,31.703082487931063 131.0139087282269,31.221137084725186,31.488931229929985 131.01390923166767,31.22113644999565,31.27477987307503 131.0139097335749,31.22113581565753,31.06062836169581 131.0139102339546,31.221135181710675,30.84647664409841 131.0139107328129,31.2211345481548,30.63232466858859 131.01391123015563,31.2211339149898,30.418172388442983 131.01391172598883,31.22113328221544,30.20401975594368 131.01391222031845,31.221132649831585,29.98986671840208 131.01391271315026,31.221132017838062,29.775713238041483 131.01391320449022,31.221131386234767,29.561559269132065 131.01391369434413,31.22113075502156,29.34740476793204 131.0139141827177,31.221130124198325,29.13324968970551 131.01391466961675,31.221129493765005,28.91909400065183 131.013915155047,31.22112886372147,28.70493765901728 131.0139156390141,31.22112823406776,28.490780628018666 131.01391612152372,31.22112760480374,28.27662286987864 131.01391660258153,31.221126975929494,28.062464350796144 131.0139170821931,31.22112634744493,27.848305037964344 131.01391756036395,31.221125719350194,27.634144895593828 131.0139180370997,31.221125091645227,27.41998389187169 131.0139185124058,31.221124464330217,27.205822002937968 131.0139189862877,31.221123837405155,26.9916591910148 131.01391945875088,31.22112321087028,26.77749543224209 131.01391992980072,31.22112258472564,26.563330697789024 131.01392039944264,31.22112195897152,26.34916496478956 131.01392086768192,31.22112133360804,26.134998202424416 131.01392133452396,31.22112070863552,25.920830393792308 131.013921799974,31.22112008405416,25.7066615100621 131.0139222640373,31.221119459864312,25.49249153234404 131.0139227267191,31.221118836066267,25.278320438765927 131.01392318802456,31.22111821266043,25.064148210437867 131.0139236479589,31.22111758964716,24.84997482747585 131.01392410652727,31.22111696702692,24.635800271984014 131.01392456373475,31.221116344800176,24.42162452706066 131.01392501958645,31.2211157229674,24.20744757381567 131.01392547408736,31.22111510152916,23.993269403300413 131.01392592724258,31.221114480486,23.77908999364232 131.01392637905704,31.2211138598386,23.564909337880824 131.01392682953573,31.22111323958755,23.35072741911413 131.01392727868355,31.221112619733585,23.136544229387404 131.01392772650547,31.22111200027744,22.92235975577529 131.01392817300635,31.221111381219856,22.70817398833471 131.013928618191,31.22111076256173,22.49398691712259 131.01392906206422,31.221110144303843,22.27979853517825 131.01392950463088,31.221109526447183,22.06560883255861 131.01392994589568,31.22110890899268,21.85141780826776 131.01393038586332,31.221108291941288,21.63722545037424 131.0139308245386,31.221107675294167,21.42303175489973 131.01393126192607,31.22110705905233,21.208836721842523 131.01393169803046,31.22110644321696,20.994640340265136 131.01393213285638,31.22110582778925,20.780442612154104 131.01393256640836,31.221105212770453,20.566243535519323 131.013932998691,31.22110459816188,20.352043107376552 131.0139334297088,31.22110398396492,20.137841326729788 131.01393385946622,31.221103370180906,19.923638195565463 131.01393428796777,31.221102756811376,19.709433711893524 131.01393471521789,31.22110214385784,19.495227878694447 131.013935141221,31.221101531321864,19.28102069596641 131.0139355659814,31.22110091920508,19.066812168678325 131.01393598950347,31.22110030750923,18.85260229782241 131.01393641179155,31.221099696236028,18.638391091350048 131.0139368328499,31.22109908538731,18.4241785502535 131.01393725268278,31.22109847496497,18.209964680495816 131.01393767129437,31.221097864970943,17.995749488039973 131.0139380886889,31.221097255407248,17.7815329798432 131.0139385048705,31.22109664627593,17.567315160874347 131.01393891984338,31.221096037579187,17.35309604405561 131.01393933361152,31.221095429319213,17.138875632367515 131.01393974617903,31.221094821498266,16.924653938732252 131.0139401575499,31.22109421411871,16.71043096712455 131.01394056772827,31.22109360718295,16.496206733449046 131.01394097671795,31.22109300069353,16.281981243668863 131.01394138452287,31.221092394653,16.067754512694474 131.0139417911471,31.221091789063987,15.85352655145976 131.01394219659423,31.22109118392924,15.639297370898712 131.01394260086835,31.221090579251552,15.425066982939333 131.0139430039731,31.22108997503377,15.210835407463009 131.0139434059123,31.221089371278907,14.99660265242126 131.01394380668967,31.22108876799,14.782368729742208 131.01394420630882,31.22108816517016,14.568133665272232 131.0139446047735,31.22108756282264,14.35389746398042 131.01394500208727,31.221086960950725,14.139660147736564 131.01394539825372,31.22108635955781,13.92542172946305 131.01394579327635,31.22108575864741,13.711182233018084 131.01394618715875,31.221085158223072,13.49694167132406 131.01394657990429,31.221084558288496,13.282700064262606 131.0139469715164,31.221083958847448,13.06845743072116 131.0139473619985,31.221083359903822,12.854213791575576 131.01394775135387,31.221082761461577,12.639969163725 131.01394813958584,31.22108216352481,12.425723572022005 131.0139485266976,31.22108156609771,12.21147703734246 131.01394891269248,31.221080969184584,11.997229578574048 131.01394929757353,31.221080372789825,11.782981219575204 131.01394968134392,31.22107977691797,11.568731985198603 131.01395006400668,31.22107918157371,11.354481899302804 131.0139504455648,31.22107858676181,11.140230983758071 131.01395082602133,31.22107799248716,10.925979270376349 131.01395120537916,31.221077398754783,10.711726776057146 131.0139515836411,31.22107680556985,10.497473531618343 131.01395196081003,31.22107621293772,10.283219564895386 131.01395233688868,31.22107562086377,10.068964903723687 131.01395271187977,31.22107502935363,9.854709576932953 131.0139530857859,31.221074438413048,9.640453610370407 131.01395345860965,31.221073848047936,9.426197039825013 131.0139538303536,31.22107325826435,9.21193989412659 131.01395420102017,31.22107266906856,8.997682202105011 131.01395457061173,31.22107208046696,8.783424000543558 131.01395493913063,31.22107149246614,8.569165322248896 131.0139553065791,31.221070905072928,8.35490620102189 131.0139556729594,31.22107031829429,8.140646674640175 131.0139560382735,31.22106973213747,7.926386777898931 131.0139564025235,31.221069146609864,7.712126548575889 131.01395676571127,31.22106856171912,7.497866026437202 131.01395712783875,31.221067977473147,7.283605250254925 131.01395748890764,31.22106739388005,7.069344264766165 131.0139578489314,31.221066810911136,6.855082922834392 131.01395820791143,31.221066228575623,6.640821281126619 131.01395856585444,31.221065646866204,6.426559297887546 131.01395892276605,31.221065065778298,6.212296955221805 131.01395927865207,31.22106448530737,5.998034235233992 131.0139596335182,31.221063905448915,5.7837711170461565 131.0139599873701,31.221063326198493,5.569507584751183 131.0139603402134,31.221062747551663,5.3552436184651935 131.01396069205376,31.22106216950405,5.140979203275169 131.0139610428968,31.22106159205133,4.926714318303 131.01396139274803,31.2210610151892,4.7124489506239335 131.01396174161303,31.2210604389134,4.498183083336484 131.01396208949734,31.221059863219736,4.283916696556638 131.0139624364064,31.22105928810401,4.069649783324566 131.01396278234571,31.22105871356214,3.855382322762016 131.0139631273207,31.221058139590024,3.641114301944072 131.01396347133675,31.221057566183635,3.426845707945801 131.01396381439926,31.221056993338976,3.2125765288364123 131.01396415651357,31.22105642105212,2.9983067447317 131.013964497685,31.22105584931916,2.784036349665868 131.01396483791882,31.22105527813624,2.569765324748823 131.0139651772203,31.221054707499555,2.355493661032201 131.0139655155947,31.22105413740536,2.141221345590911 131.01396585304718,31.221053567849925,1.9269483664940128 131.0139661895829,31.2210529988296,1.7126747108163711 131.01396652520702,31.221052430340777,1.4984003676211743 131.01396685992464,31.221051862379856,1.284125328954123 131.01396719374085,31.22105129494335,1.0698495799016607 131.01396752666065,31.22105072802777,0.8555731095269105 131.01396785868903,31.221050161629687,0.6412959088813344 131.01396794300044,31.221050016168377,0.4993994034566324 131.013968101758,31.22104944460134,0.3700638143249336 131.01396833052593,31.22104937108119,0.2535991630000186 131.01396834371113,31.221048910678288,0.1575395265249611 131.01396875445968,31.221048994659206,0.0740813433089797</coordinates>
            </LineString>
        </Placemark>
        <Placemark id="667">
            <name>flight_path</name>
            <styleUrl>#668</styleUrl>
            <LineString id="666">
                <altitudeMode>clampToGround</altitudeMode>
                <coordinates>131.010392,31.222216000000007,0.0 131.01039200000545,31.2222159999906,0.0 131.01039200001028,31.222215999993875,0.0 131.01039200001028,31.222215999993875,0.0 131.0103920000103,31.222215999993875,0.0 131.0103920186648,31.22221599084417,0.0 131.0103920748901,31.222215963420645,0.0 131.01039215993478,31.22221592194644,0.0 131.010392249151,31.222215878416662,0.0 131.010392395381,31.222215807126663,0.0 131.01039249716985,31.22221575742821,0.0 131.01039266702276,31.22221567459415,0.0 131.0103928374792,31.222215591440023,0.0 131.01039302080284,31.222215502000264,0.0 131.01039322708232,31.222215401367297,0.0 131.01039345272457,31.222215291288936,0.0 131.01039369258763,31.22221517426644,0.0 131.01039395005884,31.222215048652007,0.0 131.01039421644953,31.222214918672204,0.0 131.01039450845172,31.22221477620725,0.0 131.0103948069986,31.222214630532072,0.0 131.01039512776407,31.22221447402223,0.0 131.01039545946077,31.222214312168344,0.0 131.01039580637274,31.222214142886457,0.0 131.0103961752949,31.22221396287121,0.0 131.01039655164234,31.222213779217327,0.0 131.01039694683445,31.222213586369925,0.0 131.01039735714872,31.222213386139742,0.0 131.01039778575063,31.22221317698696,0.0 131.01039822638555,31.22221296195409,0.0 131.0103986893425,31.22221273603605,0.0 131.01039915904306,31.22221250681097,0.0 131.01039964456635,31.22221226986224,0.0 131.0104001456363,31.22221202532413,0.0 131.0104006630688,31.222211772799746,0.0 131.01040119449576,31.22221151344101,0.0 131.01040173375296,31.22221125024659,0.0 131.0104022910162,31.22221097826628,0.0 131.0104028640733,31.222210698576216,0.0 131.010403448877,31.222210413145216,0.0 131.01040405025552,31.222210119624407,0.0 131.01040466068557,31.22220982167371,0.0 131.01040528477773,31.22220951705013,0.0 131.01040592505373,31.222209204526795,0.0 131.01040658160653,31.2222088840584,0.0 131.010407247809,31.222208558868967,0.0 131.0104079271538,31.222208227259305,0.0 131.01040862461,31.222207886811766,0.0 131.01040934016976,31.222207537530053,0.0 131.01041005778333,31.222207187222743,0.0 131.01041079218817,31.22220682871958,0.0 131.01041154438693,31.222206461532508,0.0 131.01041230918216,31.222206088190248,0.0 131.0104130807204,31.222205711540788,0.0 131.01041387233195,31.22220532509796,0.0 131.01041467658197,31.22220493247912,0.0 131.0104154908101,31.222204534978747,0.0 131.0104163215605,31.22220413156754,0.0 131.01041716288142,31.222203719198056,0.0 131.01041801765717,31.22220330123479,0.0 131.01041889419943,31.222202871804665,0.0 131.01041977622222,31.22220243909037,0.0 131.01042067169445,31.222201999220683,0.0 131.010421584918,31.2222015501014,0.0 131.01042251785424,31.222201090785337,0.0 131.01042344782462,31.222200632269743,0.0 131.01042439514143,31.22220016472708,0.0 131.0104253689424,31.22219968377423,0.0 131.0104263470577,31.222199200108086,0.0 131.01042733276896,31.222198712145524,0.0 131.01042833862786,31.22219821390854,0.0 131.01042936120066,31.22219770708369,0.0 131.01043039126523,31.222197196064087,0.0 131.01043143198595,31.22219667936272,0.0 131.01043249131166,31.22219615329628,0.0 131.01043356961765,31.22219561776369,0.0 131.0104346472892,31.22219508187048,0.0 131.0104357462433,31.222194535537195,0.0 131.01043685752995,31.222193982952,0.0 131.01043797984323,31.22219342474068,0.0 131.0104391108355,31.222192861987,0.0 131.01044026453962,31.222192288521008,0.0 131.0104414291856,31.22219170964476,0.0 131.01044259735045,31.222191128591167,0.0 131.01044378692373,31.222190537685726,0.0 131.01044499385756,31.222189938824563,0.0 131.01044620014957,31.22218933962356,0.0 131.01044742503646,31.222188732067163,0.0 131.01044866588225,31.222188117415783,0.0 131.0104499161838,31.222187498386933,0.0 131.010451176876,31.2221868746402,0.0 131.01045245299844,31.22218624428724,0.0 131.01045374338193,31.22218560791528,0.0 131.0104550392559,31.222184968925543,0.0 131.01045635359358,31.222184322522946,0.0 131.01045768368613,31.22218366989948,0.0 131.01045901768515,31.222183015390154,0.0 131.01046037399223,31.22218235254656,0.0 131.01046174033254,31.22218168584078,0.0 131.0104631101887,31.22218101747933,0.0 131.01046450311227,31.222180341067297,0.0 131.01046590769369,31.22217966056728,0.0 131.01046732274835,31.222178976403395,0.0 131.010468753574,31.22217828704532,0.0 131.01047019228452,31.22217759500204,0.0 131.0104716402336,31.22217689991908,0.0 131.01047311192733,31.22217619785152,0.0 131.01047458036274,31.22217549644357,0.0 131.0104760730329,31.22217478828528,0.0 131.01047757970167,31.22217407638436,0.0 131.01047908904303,31.2221733636248,0.0 131.01048061215678,31.222172647310188,0.0 131.0104821666684,31.222171923627084,0.0 131.01048371982736,31.22217120025384,0.0 131.01048527356508,31.22217047654408,0.0 131.01048686590678,31.22216974476064,0.0 131.0104884472815,31.22216901525124,0.0 131.01049004674604,31.22216828217988,0.0 131.01049168810334,31.222167541662994,0.0 131.01049329549156,31.22216680718585,0.0 131.01049494470166,31.222166065675967,0.0 131.01049661642602,31.222165320986687,0.0 131.0104982605717,31.222164580529807,0.0 131.0104999584894,31.22216383257888,0.0 131.01050164761108,31.222163086215303,0.0 131.0105033393293,31.222162339641432,0.0 131.01050507808424,31.222161587935,0.0 131.0105067986577,31.222160838664017,0.0 131.01050853266895,31.222160088211567,0.0 131.0105103072442,31.22215933446571,0.0 131.01051205883,31.22215858317659,0.0 131.01051384159143,31.22215782976108,0.0 131.0105156410962,31.22215707575936,0.0 131.01051742548083,31.222156323172857,0.0 131.01051926080174,31.222155568225016,0.0 131.0105210776956,31.22215481487756,0.0 131.01052290841088,31.222154061376543,0.0 131.01052478476927,31.222153306955267,0.0 131.010526633191,31.22215255409245,0.0 131.01052851007387,31.22215180107328,0.0 131.01053041754892,31.22215104834353,0.0 131.01053230099467,31.222150296626808,0.0 131.01053422986897,31.22214954530256,0.0 131.01053614980125,31.22214879484029,0.0 131.01053807691235,31.22214804510272,0.0 131.0105400555546,31.22214729675024,0.0 131.01054200337305,31.2221465488624,0.0 131.01054397581302,31.222145802147107,0.0 131.01054599298558,31.22214505745114,0.0 131.01054796777217,31.222144312496688,0.0 131.01055000092225,31.2221435701678,0.0 131.0105520317729,31.222142828785167,0.0 131.0105540544452,31.2221420879446,0.0 131.01055613610453,31.22214135049421,0.0 131.01055818820785,31.222140612743207,0.0 131.01056026813143,31.222139877172367,0.0 131.01056237535923,31.22213914395377,0.0 131.01056446012268,31.222138410533915,0.0 131.01056659603404,31.222137680786208,0.0 131.01056871717424,31.22213695122717,0.0 131.01057084628656,31.222136223039183,0.0 131.0105730240172,31.222135498632497,0.0 131.01057517345487,31.222134773544607,0.0 131.01057735184608,31.222134051093818,0.0 131.0105795513124,31.222133330855662,0.0 131.01058173509142,31.222132610611528,0.0 131.010583976863,31.222131894750696,0.0 131.01058618854216,31.222131178017605,0.0 131.01058842239948,31.222130463488995,0.0 131.01059070799863,31.2221297528348,0.0 131.0105929443438,31.22212904023232,0.0 131.01059524442488,31.222128332049365,0.0 131.01059752654209,31.22212762369212,0.0 131.01059982093437,31.222126916807024,0.0 131.01060215844075,31.22212621286532,0.0 131.01060446534368,31.22212550817281,0.0 131.0106068239049,31.2221248066235,0.0 131.0106091730462,31.222124105313338,0.0 131.0106115249312,31.222123404825112,0.0 131.0106139286627,31.22212270692723,0.0 131.01061629580823,31.222122008306496,0.0 131.01061871384854,31.22212131193273,0.0 131.01062112368632,31.22212061579194,0.0 131.0106235409901,31.222119920376738,0.0 131.01062600576165,31.22211922638481,0.0 131.01062843296972,31.22211853211246,0.0 131.0106309203456,31.22211783909028,0.0 131.01063338383494,31.22211714608873,0.0 131.01063586774742,31.222116453569047,0.0 131.01063838881467,31.22211576126152,0.0 131.01064087670628,31.222115069240715,0.0 131.01064342282027,31.22211437698457,0.0 131.0106459477109,31.22211368499672,0.0 131.01064849056544,31.222112992855628,0.0 131.01065107356632,31.22211229978699,0.0 131.01065361894197,31.222111607641526,0.0 131.01065622728413,31.222110913544448,0.0 131.0106588135475,31.22211021997744,0.0 131.0106614159305,31.222109525679063,0.0 131.01066404526793,31.22210882990091,0.0 131.01066665279217,31.22210813493145,0.0 131.01066931763026,31.222107436539616,0.0 131.010671953658,31.22210673938144,0.0 131.01067461845645,31.222106040074657,0.0 131.01067729754183,31.222105339268285,0.0 131.01067995958,31.222104639229148,0.0 131.01068268782498,31.222103933513694,0.0 131.01068536939687,31.22210323090988,0.0 131.01068810029284,31.222102523557982,0.0 131.01069082599852,31.22210181590535,0.0 131.01069354968527,31.222101107788543,0.0 131.01069632097253,31.22210039424333,0.0 131.01069905776313,31.22209968335764,0.0 131.01070184642924,31.22209896625779,0.0 131.0107046166148,31.222098250232754,0.0 131.01070740013742,31.222097531897724,0.0 131.01071021425076,31.22209680910101,0.0 131.01071299938792,31.222096088766644,0.0 131.0107158473552,31.22209535992036,0.0 131.0107186611614,31.22209463421441,0.0 131.01072151499648,31.22209390253557,0.0 131.01072435949362,31.2220931709859,0.0 131.0107272053079,31.222092438265,0.0 131.01073008869147,31.22209169956864,0.0 131.0107329436796,31.222090963551743,0.0 131.0107358614257,31.222090218099456,0.0 131.01073874494864,31.222089476139782,0.0 131.0107416548691,31.222088729567098,0.0 131.0107445817191,31.22208797961275,0.0 131.01074748455844,31.22208723185548,0.0 131.0107504360498,31.222086476432978,0.0 131.010753379698,31.22208572102028,0.0 131.010756309837,31.22208496639396,0.0 131.0107592701012,31.222084206691424,0.0 131.01076225000477,31.222083443381543,0.0 131.0107652184019,31.22208268061964,0.0 131.01076818780297,31.2220819167448,0.0 131.01077118138747,31.22208114880941,0.0 131.01077417992065,31.222080379365146,0.0 131.01077717716495,31.222079609207032,0.0 131.0107801780466,31.222078837741268,0.0 131.01078319378715,31.22207806368016,0.0 131.01078621185437,31.22207728859508,0.0 131.01078923176397,31.22207651256197,0.0 131.01079225805609,31.222075735116213,0.0 131.01079528960992,31.222074956455145,0.0 131.01079832398838,31.22207417689532,0.0 131.0108013614346,31.22207339646,0.0 131.01080440538252,31.222072614875827,0.0 131.01080745450227,31.222071832352647,0.0 131.01081050806397,31.22207104902307,0.0 131.01081356352418,31.22207026516635,0.0 131.0108166208011,31.2220694808366,0.0 131.0108196872722,31.22206869552784,0.0 131.01082275439398,31.22206790997952,0.0 131.01082582690472,31.22206712389495,0.0 131.01082890311247,31.22206633746985,0.0 131.0108319847579,31.22206555066592,0.0 131.01083506699916,31.222064763831074,0.0 131.01083815453288,31.222063976762087,0.0 131.01084124665482,31.22206318958265,0.0 131.01084434019631,31.222062402496977,0.0 131.0108474397796,31.22206161537221,0.0 131.010850545388,31.222060828300727,0.0 131.01085364989805,31.2220600415672,0.0 131.01085676114943,31.22205925498493,0.0 131.01085987469204,31.222058468747992,0.0 131.0108629909971,31.22205768288887,0.0 131.01086611086524,31.22205689744812,0.0 131.01086923551392,31.222056112471,0.0 131.01087236307052,31.22205532803033,0.0 131.0108754949934,31.222054544162464,0.0 131.01087862910973,31.22205376091905,0.0 131.0108817666551,31.22205297833773,0.0 131.01088490555668,31.222052196448228,0.0 131.01088804825312,31.22205141530093,0.0 131.0108911957311,31.222050634951763,0.0 131.01089434539648,31.22204985540188,0.0 131.0108974981671,31.222049076686936,0.0 131.0109006539361,31.22204829883201,0.0 131.0109038092098,31.22204752178401,0.0 131.01090696919107,31.222046745671488,0.0 131.0109101294028,31.222045970411063,0.0 131.0109132952596,31.222045196150766,0.0 131.01091646102623,31.222044422751868,0.0 131.01091963296847,31.222043650394216,0.0 131.01092280467788,31.22204287889984,0.0 131.01092597821795,31.222042108325383,0.0 131.010929156372,31.222041338758206,0.0 131.01093233642044,31.22204057011104,0.0 131.0109355164434,31.2220398023139,0.0 131.01093870178164,31.22203903552717,0.0 131.0109418877447,31.2220382695904,0.0 131.01094507770767,31.22203750459481,0.0 131.0109482687547,31.22203674043213,0.0 131.01095146092518,31.22203597708539,0.0 131.0109546554168,31.22203521456893,0.0 131.0109578522661,31.222034452858463,0.0 131.01096105041404,31.222033691898368,0.0 131.0109642502052,31.222032931671205,0.0 131.01096745037592,31.22203217211685,0.0 131.01097065463173,31.22203141329022,0.0 131.0109738581544,31.22203065504945,0.0 131.0109770654088,31.22202989745387,0.0 131.0109802739122,31.22202914041563,0.0 131.0109834808999,31.22202838386145,0.0 131.01098669155698,31.22202762782856,0.0 131.0109899024578,31.22202687222873,0.0 131.0109931123629,31.22202611702068,0.0 131.0109963257732,31.2220253621938,0.0 131.01099953738574,31.22202460767992,0.0 131.01100275111995,31.222023853452303,0.0 131.01100596846504,31.222023099451647,0.0 131.01100918335794,31.22202234566201,0.0 131.01101239880796,31.222021592038093,0.0 131.01101561485697,31.222020838532096,0.0 131.01101883369645,31.22202008506488,0.0 131.0110220520528,31.222019331641626,0.0 131.0110252704006,31.22201857822228,0.0 131.01102849087297,31.222017824714463,0.0 131.01103171090003,31.2220170711367,0.0 131.01103493038178,31.22201631746085,0.0 131.01103815347284,31.222015563509657,0.0 131.0110413732403,31.222014809478768,0.0 131.011044598677,31.22201405499812,0.0 131.0110478220822,31.22201330032293,0.0 131.0110510470063,31.222012545278304,0.0 131.01105427254504,31.22201178986283,0.0 131.01105750020557,31.22201103396324,0.0 131.01106072806687,31.22201027764165,0.0 131.01106395599973,31.22200952087832,0.0 131.01106718433843,31.22200876362396,0.0 131.01107041441415,31.222008005763843,0.0 131.01107364278525,31.222007247486125,0.0 131.0110768731605,31.22200648852646,0.0 131.0110801034473,31.222005728993416,0.0 131.01108333365212,31.2220049688668,0.0 131.01108656386216,31.22200420811928,0.0 131.0110897968852,31.22200344651676,0.0 131.011093027092,31.22200268446764,0.0 131.01109625976935,31.2220019215494,0.0 131.01109949452336,31.2220011577662,0.0 131.01110272848877,31.22200039333724,0.0 131.01110596341852,31.22199962810925,0.0 131.01110919937227,31.22199886206367,0.0 131.0111124369934,31.22199809513458,0.0 131.01111567145986,31.221997327733405,0.0 131.01111890737482,31.22199655945765,0.0 131.01112214399822,31.221995790364428,0.0 131.0111253799325,31.22199502057637,0.0 131.01112861838203,31.22199424980764,0.0 131.01113185446383,31.221993478496245,0.0 131.01113508972122,31.221992706508995,0.0 131.01113832971473,31.221991933350267,0.0 131.0111415697273,31.22199115944983,0.0 131.01114480765784,31.221990385004,0.0 131.01114804790595,31.22198960962932,0.0 131.01115128867676,31.2219888334977,0.0 131.0111545303983,31.22198805658444,0.0 131.01115777328394,31.221987278885766,0.0 131.01116101701538,31.22198650044552,0.0 131.01116425940253,31.22198572146649,0.0 131.01116750237492,31.221984941801608,0.0 131.01117074567466,31.221984161493506,0.0 131.01117398766647,31.221983380695217,0.0 131.01117722967533,31.221982599319,0.0 131.01118047748267,31.22198181694076,0.0 131.0111837207416,31.22198103438684,0.0 131.0111869650769,31.22198025124213,0.0 131.01119021148585,31.221979467467754,0.0 131.01119345707232,31.221978683300296,0.0 131.0111967026516,31.22197789870428,0.0 131.01119994653527,31.22197711381766,0.0 131.0112031913685,31.221976328493568,0.0 131.0112064377063,31.221975542733944,0.0 131.0112096814792,31.22197475681193,0.0 131.01121292613783,31.221973970546863,0.0 131.01121617326234,31.221973183891528,0.0 131.01121942074215,31.221972396995262,0.0 131.0112226654674,31.22197161003491,0.0 131.01122591039754,31.22197082288721,0.0 131.011229158087,31.221970035477806,0.0 131.0112324063219,31.221969247942585,0.0 131.0112356541516,31.221968460344083,0.0 131.01123890130668,31.22196767271568,0.0 131.01124214986817,31.221966885014943,0.0 131.01124539578765,31.22196609740224,0.0 131.0112486449345,31.221965309727768,0.0 131.0112518939141,31.2219645221265,0.0 131.011255144326,31.221963734583625,0.0 131.01125839341887,31.221962947186302,0.0 131.0112616412432,31.221962159949776,0.0 131.01126489125738,31.22196137284508,0.0 131.0112681423448,31.221960585925896,0.0 131.01127139603992,31.22195979920342,0.0 131.01127464758736,31.221959012745383,0.0 131.0112778991762,31.221958226547017,0.0 131.0112811552472,31.22195744062204,0.0 131.0112844083161,31.22195665501732,0.0 131.01128766448917,31.2219558697414,0.0 131.0112909205287,31.221955084818795,0.0 131.01129417384834,31.22195430024795,0.0 131.01129742805765,31.221953516062392,0.0 131.0113006815041,31.221952732271266,0.0 131.01130393446476,31.221951948890226,0.0 131.011307186945,31.22195116593302,0.0 131.01131043895023,31.221950383412448,0.0 131.01131369048568,31.22194960134032,0.0 131.0113169415565,31.221948819727384,0.0 131.0113201921676,31.221948038583413,0.0 131.01132344232397,31.22194725791715,0.0 131.01132669203025,31.221946477736296,0.0 131.01132994129108,31.22194569804756,0.0 131.01133319011086,31.22194491885657,0.0 131.01133643849388,31.22194414016803,0.0 131.01133968644427,31.221943361985552,0.0 131.011342933966,31.22194258431174,0.0 131.01134618106283,31.22194180714824,0.0 131.01134942773848,31.221941030495664,0.0 131.01135267399633,31.22194025435366,0.0 131.0113559198397,31.22193947872094,0.0 131.01135916527173,31.221938703595228,0.0 131.01136241029533,31.22193792897336,0.0 131.0113656549133,31.2219371548512,0.0 131.01136889912817,31.221936381223777,0.0 131.01137214294243,31.221935608085204,0.0 131.0113753863583,31.221934835428755,0.0 131.0113786293778,31.22193406324688,0.0 131.01138187200283,31.221933291531272,0.0 131.01138511423517,31.221932520272784,0.0 131.01138835607628,31.221931749461543,0.0 131.0113915975275,31.22193097908698,0.0 131.0113948385902,31.22193020913779,0.0 131.01139807926523,31.22192943960203,0.0 131.01140131955356,31.22192867046712,0.0 131.01140455945583,31.2219279017199,0.0 131.0114077989726,31.22192713334661,0.0 131.0114110381043,31.221926365332976,0.0 131.01141427685118,31.22192559766419,0.0 131.01141751521328,31.221924830325,0.0 131.01142075319055,31.22192406329967,0.0 131.01142399078287,31.2219232965721,0.0 131.01142722798983,31.221922530125784,0.0 131.01143046481096,31.22192176394393,0.0 131.01143370124572,31.221920998009377,0.0 131.0114369372934,31.22192023230471,0.0 131.01144017295312,31.221919466812288,0.0 131.01144340822393,31.22191870151424,0.0 131.01144664310485,31.22191793639253,0.0 131.0114498775946,31.22191717142896,0.0 131.01145311169202,31.22191640660525,0.0 131.0114563453957,31.221915641903056,0.0 131.01145957870423,31.221914877303945,0.0 131.01146281161604,31.221914112789488,0.0 131.01146604412955,31.22191334834128,0.0 131.01146927624313,31.22191258394095,0.0 131.01147250795495,31.22191181957018,0.0 131.01147573926326,31.221911055210807,0.0 131.01147897016617,31.221910290844736,0.0 131.01148220066173,31.22190952645409,0.0 131.01148543074802,31.22190876202116,0.0 131.01148866042303,31.22190799752844,0.0 131.0114918896847,31.221907232958635,0.0 131.01149511853097,31.22190646829477,0.0 131.0114983469597,31.221905703520108,0.0 131.0115015749688,31.22190493861824,0.0 131.01150480255612,31.221904173573048,0.0 131.01150802971955,31.221903408368807,0.0 131.01151125645683,31.221902642990184,0.0 131.01151448276596,31.221901877422173,0.0 131.0115177086447,31.221901111650208,0.0 131.01152093409084,31.221900345660146,0.0 131.01152415910235,31.22189957943827,0.0 131.01152738367705,31.22189881297133,0.0 131.01153060781283,31.22189804624653,0.0 131.01153383150773,31.22189727925156,0.0 131.0115370547596,31.22189651197462,0.0 131.01154027756644,31.221895744404407,0.0 131.01154349992632,31.221894976530137,0.0 131.01154672183728,31.22189420834156,0.0 131.01154994329738,31.22189343982891,0.0 131.0115531643049,31.22189267098305,0.0 131.01155638485795,31.221891901795285,0.0 131.0115596049548,31.221891132257536,0.0 131.01156282459382,31.221890362362306,0.0 131.01156604377337,31.22188959210258,0.0 131.01156926249186,31.22188882147196,0.0 131.01157248074784,31.221888050464607,0.0 131.0115756985398,31.221887279075247,0.0 131.01157891586652,31.221886507299168,0.0 131.01158213272663,31.22188573513221,0.0 131.0115853491189,31.22188496257081,0.0 131.0115885650422,31.22188418961194,0.0 131.0115917804955,31.22188341625312,0.0 131.0115949954778,31.22188264249245,0.0 131.0115982099882,31.22188186832856,0.0 131.01160142402583,31.221881093760626,0.0 131.01160463759007,31.221880318788383,0.0 131.01160785068015,31.22187954341208,0.0 131.01161106329556,31.221878767632504,0.0 131.01161427543573,31.221877991450924,0.0 131.01161748710035,31.22187721486916,0.0 131.01162069828902,31.221876437889488,0.0 131.01162390900154,31.221875660514705,0.0 131.01162711923777,31.221874882748057,0.0 131.0116303289976,31.221874104593294,0.0 131.01163353828107,31.22187332605457,0.0 131.0116367470883,31.221872547136524,0.0 131.01163995541944,31.22187176784421,0.0 131.01164316327478,31.221870988183124,0.0 131.01164637065472,31.22187020815915,0.0 131.01164957755958,31.22186942777856,0.0 131.01165278398997,31.22186864704801,0.0 131.01165598994643,31.22186786597454,0.0 131.0116591954296,31.22186708456552,0.0 131.01166240044037,31.22186630282865,0.0 131.0116656049794,31.221865520772,0.0 131.0116688090477,31.221864738403887,0.0 131.0116720126462,31.221863955732942,0.0 131.01167521577597,31.22186317276812,0.0 131.01167841843807,31.221862389518567,0.0 131.0116816206337,31.221861605993737,0.0 131.01168482236417,31.221860822203293,0.0 131.0116880236307,31.2218600381571,0.0 131.01169122443477,31.22185925386526,0.0 131.01169442477772,31.221858469338034,0.0 131.01169762466105,31.221857684585867,0.0 131.01170082408635,31.22185689961936,0.0 131.01170402305524,31.22185611444922,0.0 131.0117072215693,31.22185532908635,0.0 131.01171041963036,31.22185454354168,0.0 131.01171361724005,31.22185375782631,0.0 131.0117168144002,31.221852971951368,0.0 131.01172001111274,31.22185218592808,0.0 131.0117232073794,31.22185139976772,0.0 131.01172640320226,31.221850613481568,0.0 131.01172959858314,31.22184982708097,0.0 131.01173279352415,31.22184904057724,0.0 131.01173598802728,31.221848253981715,0.0 131.01173918209463,31.2218474673057,0.0 131.01174237572826,31.221846680560468,0.0 131.0117455689303,31.221845893757248,0.0 131.01174876170296,31.221845106907207,0.0 131.01175195404832,31.22184432002144,0.0 131.01175514596855,31.22184353311096,0.0 131.01175833746592,31.22184274618668,0.0 131.0117615285426,31.22184195925942,0.0 131.01176471920078,31.22184117233988,0.0 131.0117679094427,31.22184038543861,0.0 131.0117710992706,31.221839598566064,0.0 131.01177428868678,31.221838811732496,0.0 131.01177747769336,31.22183802494803,0.0 131.01178066629262,31.2218372382226,0.0 131.01178385448685,31.221836451565974,0.0 131.0117870422782,31.221835664987736,0.0 131.01179022966895,31.22183487849725,0.0 131.01179341666136,31.22183409210371,0.0 131.01179660325752,31.22183330581605,0.0 131.01179978945973,31.221832519643048,0.0 131.01180297527014,31.221831733593174,0.0 131.01180616069087,31.22183094767472,0.0 131.0118093457242,31.221830161895728,0.0 131.01181253037217,31.221829376263976,0.0 131.01181571463687,31.221828590787023,0.0 131.0118188985205,31.22182780547214,0.0 131.01182208202505,31.221827020326348,0.0 131.0118252651526,31.2218262353564,0.0 131.0118284479052,31.22182545056876,0.0 131.0118316302848,31.221824665969656,0.0 131.0118348122934,31.221823881565,0.0 131.01183799393294,31.22182309736044,0.0 131.01184117520535,31.22182231336133,0.0 131.0118443561125,31.22182152957276,0.0 131.01184753665626,31.22182074599949,0.0 131.01185071683844,31.22181996264604,0.0 131.0118538966608,31.22181917951657,0.0 131.01185707612515,31.22181839661502,0.0 131.0118602552332,31.221817613945003,0.0 131.01186343398666,31.22181683150983,0.0 131.01186661238717,31.221816049312537,0.0 131.01186979043632,31.22181526735586,0.0 131.01187296813572,31.22181448564224,0.0 131.01187614548687,31.221813704173808,0.0 131.01187932249138,31.221812922952463,0.0 131.01188249915063,31.221812141979743,0.0 131.01188567546615,31.221811361256943,0.0 131.01188885143924,31.22181058078506,0.0 131.01189202707135,31.221809800564788,0.0 131.01189520236375,31.221809020596574,0.0 131.01189837731775,31.22180824088056,0.0 131.01190155193456,31.221807461416628,0.0 131.01190472621548,31.221806682204377,0.0 131.0119079001616,31.221805903243144,0.0 131.01191107377414,31.221805124532,0.0 131.0119142470542,31.221804346069742,0.0 131.0119174200028,31.221803567854924,0.0 131.01192059262098,31.22180278988585,0.0 131.01192376490977,31.22180201216056,0.0 131.0119269368701,31.221801234676867,0.0 131.01193010850295,31.221800457432327,0.0 131.0119332798092,31.221799680424287,0.0 131.01193645078968,31.221798903649848,0.0 131.01193962144524,31.22179812710589,0.0 131.01194279177668,31.221797350789068,0.0 131.01194596178476,31.22179657469584,0.0 131.0119491314702,31.22179579882243,0.0 131.0119523008337,31.221795023164905,0.0 131.011955469876,31.22179424771909,0.0 131.01195863859766,31.22179347248064,0.0 131.01196180699935,31.221792697445025,0.0 131.01196497508164,31.221791922607547,0.0 131.01196814284506,31.22179114796332,0.0 131.01197131029016,31.221790373507297,0.0 131.01197447741748,31.22178959923428,0.0 131.01197764422744,31.22178882513892,0.0 131.0119808107206,31.221788051215714,0.0 131.01198397689728,31.221787277459025,0.0 131.011987142758,31.221786503863072,0.0 131.01199030830304,31.22178573042196,0.0 131.01199347353284,31.221784957129668,0.0 131.01199663844773,31.221784183980063,0.0 131.01199980304807,31.221783410966925,0.0 131.01200296733407,31.22178263808389,0.0 131.01200613130618,31.22178186532456,0.0 131.01200929496457,31.2217810926824,0.0 131.01201245830947,31.221780320150824,0.0 131.01201562134125,31.22177954772318,0.0 131.01201878406005,31.221778775392696,0.0 131.01202194646606,31.22177800315262,0.0 131.01202510855956,31.221777230996075,0.0 131.01202827034072,31.22177645891619,0.0 131.01203143180967,31.221775686906025,0.0 131.01203459296664,31.221774914958583,0.0 131.01203775381177,31.221774143066902,0.0 131.0120409143452,31.22177337122396,0.0 131.01204407456703,31.221772599422696,0.0 131.0120472344775,31.221771827656102,0.0 131.01205039407668,31.22177105591712,0.0 131.01205355336467,31.221770284198687,0.0 131.0120567123416,31.2217695124938,0.0 131.01205987100758,31.221768740795422,0.0 131.01206302936276,31.22176796909655,0.0 131.01206618740716,31.22176719739023,0.0 131.01206934514096,31.22176642566952,0.0 131.01207250256417,31.22176565392749,0.0 131.01207565967698,31.221764882157323,0.0 131.01207881647943,31.221764110352165,0.0 131.01208197297163,31.22176333850528,0.0 131.01208512915366,31.221762566609968,0.0 131.01208828502567,31.221761794659585,0.0 131.01209144058768,31.221761022647573,0.0 131.0120945958398,31.221760250567417,0.0 131.0120977507822,31.22175947841272,0.0 131.01210090541494,31.22175870617713,0.0 131.0121040597381,31.221757933854423,0.0 131.01210721375185,31.22175716143844,0.0 131.01211036745624,31.221756388923108,0.0 131.01211352085144,31.22175561630247,0.0 131.01211667393756,31.22175484357068,0.0 131.01211982671467,31.221754070721985,0.0 131.01212297918303,31.22175329775075,0.0 131.01212613134263,31.221752524651457,0.0 131.0121292831938,31.221751751418687,0.0 131.01213243473654,31.22175097804717,0.0 131.01213558597107,31.221750204531748,0.0 131.01213873689753,31.221749430867387,0.0 131.0121418875161,31.2217486570492,0.0 131.01214503782697,31.221747883072407,0.0 131.01214818783035,31.2217471089324,0.0 131.01215133752646,31.22174633462468,0.0 131.01215448691545,31.221745560144903,0.0 131.01215763599757,31.221744785488863,0.0 131.012160784773,31.221744010652515,0.0 131.01216393324202,31.221743235631955,0.0 131.01216708140487,31.22174246042342,0.0 131.01217022926173,31.2217416850233,0.0 131.01217337681297,31.22174090942816,0.0 131.01217652405873,31.221740133634697,0.0 131.0121796709994,31.221739357639784,0.0 131.01218281763525,31.221738581440444,0.0 131.01218596396643,31.221737805033847,0.0 131.01218910999344,31.221737028417355,0.0 131.0121922557165,31.221736251588464,0.0 131.01219540113593,31.221735474544847,0.0 131.01219854625205,31.221734697284337,0.0 131.01220169106523,31.22173391980491,0.0 131.01220483557577,31.221733142104764,0.0 131.01220797978405,31.22173236418221,0.0 131.01221112369046,31.221731586035723,0.0 131.01221426729535,31.221730807663995,0.0 131.01221741059905,31.22173002906583,0.0 131.012220553602,31.22172925024021,0.0 131.0122236963046,31.22172847118632,0.0 131.01222683870722,31.221727691903453,0.0 131.01222998081028,31.2217269123911,0.0 131.0122331226142,31.22172613264892,0.0 131.0122362641194,31.22172535267672,0.0 131.01223940532628,31.221724572474475,0.0 131.01224254623534,31.22172379204233,0.0 131.01224568684697,31.22172301138057,0.0 131.0122488271616,31.22172223048969,0.0 131.0122519671797,31.221721449370268,0.0 131.0122551069018,31.221720668023103,0.0 131.01225824632823,31.22171988644914,0.0 131.0122613854595,31.22171910464945,0.0 131.01226452429614,31.22171832262528,0.0 131.01226766283852,31.221717540378023,0.0 131.0122708010872,31.22171675790924,0.0 131.0122739390426,31.22171597522061,0.0 131.01227707670526,31.221715192314,0.0 131.0122802140756,31.22171440919136,0.0 131.0122833511541,31.22171362585483,0.0 131.0122864879413,31.2217128423067,0.0 131.01228962443767,31.22171205854936,0.0 131.0122927606437,31.22171127458536,0.0 131.0122958965598,31.221710490417383,0.0 131.01229903218652,31.22170970604824,0.0 131.01230216752427,31.22170892148088,0.0 131.01230530257368,31.22170813671833,0.0 131.0123084373351,31.22170735176384,0.0 131.012311571809,31.221706566620664,0.0 131.0123147059959,31.22170578129227,0.0 131.01231783989627,31.2217049957822,0.0 131.01232097351055,31.22170421009408,0.0 131.0123241068392,31.22170342423172,0.0 131.01232723988272,31.22170263819897,0.0 131.0123303726415,31.221701851999818,0.0 131.01233350511595,31.221701065638328,0.0 131.0123366373066,31.221700279118696,0.0 131.01233976921387,31.221699492445182,0.0 131.0123429008381,31.221698705622146,0.0 131.01234603217975,31.22169791865404,0.0 131.01234916323924,31.2216971315454,0.0 131.01235229401692,31.22169634430082,0.0 131.01235542451315,31.22169555692501,0.0 131.01235855472842,31.22169476942272,0.0 131.012361684663,31.2216939817988,0.0 131.01236481431727,31.221693194058133,0.0 131.01236794369154,31.22169240620569,0.0 131.0123710727862,31.221691618246503,0.0 131.0123742016015,31.221690830185644,0.0 131.01237733013775,31.221690042028225,0.0 131.01238045839523,31.221689253779445,0.0 131.01238358637428,31.221688465444515,0.0 131.0123867140751,31.22168767702871,0.0 131.01238984149796,31.22168688853731,0.0 131.01239296864304,31.221686099975663,0.0 131.01239609551058,31.221685311349123,0.0 131.01239922210078,31.22168452266308,0.0 131.01240234841384,31.22168373392294,0.0 131.01240547444988,31.22168294513413,0.0 131.01240860020903,31.221682156302084,0.0 131.01241172569146,31.221681367432247,0.0 131.01241485089724,31.221680578530083,0.0 131.0124179758265,31.22167978960104,0.0 131.01242110047923,31.221679000650564,0.0 131.01242422485555,31.22167821168412,0.0 131.01242734895547,31.221677422707128,0.0 131.012430472779,31.22167663372502,0.0 131.01243359632605,31.2216758447432,0.0 131.01243671959668,31.22167505576705,0.0 131.01243984259082,31.22167426680193,0.0 131.0124429653083,31.221673477853173,0.0 131.0124460877492,31.22167268892605,0.0 131.01244920991323,31.221671900025854,0.0 131.01245233180035,31.22167111115777,0.0 131.01245545341035,31.221670322327004,0.0 131.01245857474302,31.22166953353865,0.0 131.01246169579818,31.22166874479778,0.0 131.0124648165756,31.22166795610943,0.0 131.01246793707503,31.22166716747856,0.0 131.01247105729612,31.221666378910022,0.0 131.0124741772387,31.22166559040868,0.0 131.01247729690232,31.22166480197927,0.0 131.0124804162867,31.221664013626484,0.0 131.01248353539142,31.221663225354924,0.0 131.01248665421616,31.221662437169105,0.0 131.01248977276046,31.22166164907347,0.0 131.01249289102384,31.22166086107237,0.0 131.0124960090059,31.22166007317007,0.0 131.01249912670613,31.221659285370727,0.0 131.01250224412402,31.22165849767841,0.0 131.01250536125903,31.22165771009709,0.0 131.01250847811065,31.221656922630647,0.0 131.01251159467824,31.221656135282807,0.0 131.01251471096128,31.22165534805724,0.0 131.0125178269591,31.22165456095746,0.0 131.01252094267107,31.221653773986908,0.0 131.01252405809652,31.22165298714888,0.0 131.0125271732348,31.22165220044654,0.0 131.0125302880852,31.221651413882977,0.0 131.012533402647,31.221650627461088,0.0 131.01253651691945,31.221649841183705,0.0 131.01253963090176,31.221649055053472,0.0 131.0125427445932,31.221648269072947,0.0 131.01254585799296,31.221647483244528,0.0 131.01254897110024,31.22164669757049,0.0 131.0125520839142,31.22164591205295,0.0 131.012555196434,31.22164512669388,0.0 131.01255830865875,31.221644341495143,0.0 131.01256142058764,31.221643556458435,0.0 131.01256453221967,31.22164277158529,0.0 131.01256764355406,31.221641986877128,0.0 131.01257075458977,31.2216412023352,0.0 131.01257386532595,31.22164041796057,0.0 131.0125769757616,31.22163963375424,0.0 131.0125800858958,31.221638849716967,0.0 131.01258319572756,31.221638065849408,0.0 131.0125863052559,31.22163728215205,0.0 131.01258941447983,31.221636498625223,0.0 131.01259252339838,31.221635715269088,0.0 131.01259563201052,31.221634932083663,0.0 131.01259874031524,31.22163414906881,0.0 131.01260184831153,31.221633366224207,0.0 131.01260495599837,31.22163258354941,0.0 131.01260806337473,31.2216318010438,0.0 131.01261117043953,31.221631018706567,0.0 131.0126142771918,31.2216302365368,0.0 131.01261738363044,31.22162945453338,0.0 131.01262048975448,31.22162867269506,0.0 131.01262359556284,31.22162789102041,0.0 131.01262670105447,31.221627109507864,0.0 131.01262980622832,31.22162632815568,0.0 131.0126329110834,31.221625546961967,0.0 131.01263601561865,31.221624765924687,0.0 131.012639119833,31.22162398504165,0.0 131.0126422237255,31.22162320431048,0.0 131.01264532729505,31.22162242372868,0.0 131.01264843054068,31.2216216432936,0.0 131.01265153346137,31.221620863002425,0.0 131.01265463605614,31.22162008285221,0.0 131.01265773832395,31.22161930283985,0.0 131.01266084026383,31.221618522962103,0.0 131.01266394187488,31.2216177432156,0.0 131.01266704315603,31.221616963596794,0.0 131.0126701441064,31.221616184102032,0.0 131.01267324472502,31.22161540472753,0.0 131.012676345011,31.22161462546933,0.0 131.0126794449634,31.22161384632341,0.0 131.01268254458137,31.221613067285578,0.0 131.01268564386396,31.22161228835153,0.0 131.01268874281035,31.221611509516816,0.0 131.01269184141975,31.221610730776927,0.0 131.01269493969127,31.221609952127185,0.0 131.01269803762412,31.22160917356282,0.0 131.01270113521753,31.221608395078963,0.0 131.01270423247067,31.221607616670628,0.0 131.01270732938295,31.22160683833273,0.0 131.01271042595343,31.221606060060108,0.0 131.0127135221816,31.221605281847484,0.0 131.0127166180667,31.2216045036895,0.0 131.01271971360802,31.221603725580724,0.0 131.012722808805,31.22160294751563,0.0 131.01272590365704,31.22160216948864,0.0 131.0127289981635,31.22160139149407,0.0 131.01273209232392,31.221600613526206,0.0 131.0127351861377,31.22159983557925,0.0 131.0127382796043,31.22159905764736,0.0 131.01274137272333,31.22159827972465,0.0 131.01274446549422,31.22159750180516,0.0 131.01274755791667,31.221596723882907,0.0 131.0127506499902,31.221595945951886,0.0 131.0127537417145,31.22159516800604,0.0 131.01275683308918,31.221594390039307,0.0 131.0127599241139,31.221593612045588,0.0 131.01276301478848,31.22159283401877,0.0 131.01276610511255,31.221592055952765,0.0 131.01276919508592,31.22159127784144,0.0 131.01277228470835,31.221590499678666,0.0 131.0127753739798,31.221589721458344,0.0 131.01277846289997,31.221588943174385,0.0 131.0127815514688,31.221588164820727,0.0 131.01278463968623,31.22158738639131,0.0 131.01278772755217,31.22158660788012,0.0 131.01279081506658,31.22158582928116,0.0 131.01279390222948,31.22158505058852,0.0 131.01279698904082,31.22158427179632,0.0 131.0128000755008,31.221583492898706,0.0 131.01280316160933,31.22158271388992,0.0 131.01280624736663,31.22158193476425,0.0 131.01280933277275,31.221581155516088,0.0 131.01281241782792,31.22158037613987,0.0 131.01281550253225,31.221579596630136,0.0 131.01281858688597,31.22157881698152,0.0 131.0128216708893,31.22157803718875,0.0 131.01282475454255,31.221577257246647,0.0 131.01282783784595,31.221576477150144,0.0 131.0128309207998,31.221575696894288,0.0 131.01283400340435,31.221574916474264,0.0 131.01283708566007,31.22157413588536,0.0 131.0128401675673,31.22157335512299,0.0 131.01284324912635,31.221572574182737,0.0 131.01284633033765,31.22157179306029,0.0 131.01284941120164,31.22157101175149,0.0 131.01285249171875,31.22157023025236,0.0 131.0128555718894,31.221569448559045,0.0 131.0128586517141,31.22156866666788,0.0 131.0128617311933,31.221567884575343,0.0 131.01286481032756,31.2215671022781,0.0 131.01286788911727,31.221566319773,0.0 131.01287096756306,31.221565537057067,0.0 131.0128740456654,31.22156475412751,0.0 131.01287712342483,31.22156397098172,0.0 131.01288020084195,31.22156318761729,0.0 131.01288327791727,31.221562404032017,0.0 131.01288635465136,31.221561620223888,0.0 131.01288943104475,31.221560836191102,0.0 131.0128925070981,31.221560051932062,0.0 131.01289558281186,31.2215592674454,0.0 131.01289865818669,31.22155848272993,0.0 131.01290173322312,31.2215576977847,0.0 131.0129048079217,31.22155691260899,0.0 131.01290788228303,31.221556127202287,0.0 131.0129109563077,31.22155534156432,0.0 131.0129140299962,31.22155455569501,0.0 131.0129171033491,31.22155376959457,0.0 131.012920176367,31.221552983263408,0.0 131.01292324905037,31.221552196702127,0.0 131.0129263213997,31.221551409911623,0.0 131.01292939341556,31.221550622893,0.0 131.01293246509837,31.221549835647583,0.0 131.01293553644868,31.22154904817696,0.0 131.0129386074669,31.22154826048292,0.0 131.0129416781535,31.22154747256752,0.0 131.0129447485089,31.221546684433022,0.0 131.01294781853346,31.22154589608193,0.0 131.0129508882276,31.221545107517,0.0 131.01295395759166,31.221544318741174,0.0 131.01295702662597,31.22154352975768,0.0 131.0129600953308,31.22154274056992,0.0 131.01296316370647,31.221541951181567,0.0 131.01296623175318,31.22154116159649,0.0 131.01296929947122,31.221540371818783,0.0 131.01297236686065,31.22153958185275,0.0 131.01297543392167,31.22153879170293,0.0 131.01297850065447,31.22153800137403,0.0 131.01298156705897,31.22153721087101,0.0 131.01298463313532,31.221536420199005,0.0 131.01298769888348,31.221535629363338,0.0 131.0129907643034,31.221534838369568,0.0 131.012993829395,31.22153404722337,0.0 131.01299689415816,31.221533255930687,0.0 131.0129999585928,31.22153246449758,0.0 131.01300302269863,31.221531672930293,0.0 131.01300608647543,31.22153088123526,0.0 131.01300914992296,31.22153008941903,0.0 131.0130122130408,31.221529297488324,0.0 131.01301527582865,31.22152850545002,0.0 131.01301833828603,31.221527713311115,0.0 131.01302140041244,31.221526921078752,0.0 131.01302446220737,31.22152612876016,0.0 131.01302752367025,31.221525336362728,0.0 131.0130305848004,31.22152454389392,0.0 131.01303364559712,31.22152375136132,0.0 131.01303670605972,31.221522958772592,0.0 131.01303976618735,31.221522166135472,0.0 131.01304282597923,31.22152137345777,0.0 131.0130458854344,31.22152058074738,0.0 131.01304894455188,31.221519788012216,0.0 131.01305200333067,31.22151899526025,0.0 131.01305506176973,31.22151820249949,0.0 131.0130581198679,31.221517409737952,0.0 131.01306117762405,31.22151661698367,0.0 131.01306423503692,31.221515824244687,0.0 131.0130672921052,31.221515031529048,0.0 131.0130703488276,31.22151423884477,0.0 131.01307340520265,31.22151344619984,0.0 131.01307646122896,31.22151265360221,0.0 131.01307951690504,31.22151186105978,0.0 131.0130825722293,31.221511068580387,0.0 131.01308562720018,31.2215102761718,0.0 131.013088681816,31.221509483841707,0.0 131.01309173607507,31.221508691597684,0.0 131.01309478997567,31.22150789944723,0.0 131.01309784351596,31.22150710739772,0.0 131.01310089669414,31.22150631545641,0.0 131.01310394950835,31.22150552363041,0.0 131.0131070019566,31.22150473192669,0.0 131.01311005403693,31.221503940352065,0.0 131.01311310574735,31.221503148913182,0.0 131.0131161570859,31.221502357616487,0.0 131.0131192080504,31.22150156646828,0.0 131.01312225863876,31.221500775474613,0.0 131.01312530884883,31.22149998464137,0.0 131.0131283586785,31.22149919397419,0.0 131.01313140812547,31.221498403478524,0.0 131.0131344571876,31.22149761315956,0.0 131.0131375058626,31.22149682302221,0.0 131.01314055414818,31.221496033071208,0.0 131.01314360204208,31.22149524331095,0.0 131.013146649542,31.2214944537456,0.0 131.01314969664557,31.22149366437903,0.0 131.01315274335053,31.221492875214807,0.0 131.0131557896545,31.221492086256248,0.0 131.01315883555517,31.221491297506347,0.0 131.0131618810501,31.221490508967776,0.0 131.01316492613705,31.22148972064291,0.0 131.01316797081364,31.22148893253381,0.0 131.0131710150775,31.221488144642183,0.0 131.01317405892635,31.221487356969423,0.0 131.01317710235784,31.2214865695166,0.0 131.0131801453697,31.221485782284407,0.0 131.01318318795958,31.22148499527323,0.0 131.0131862301253,31.2214842084831,0.0 131.0131892718646,31.221483421913703,0.0 131.01319231317527,31.221482635564367,0.0 131.01319535405509,31.221481849434063,0.0 131.01319839450193,31.221481063521416,0.0 131.0132014345137,31.22148027782469,0.0 131.01320447408827,31.221479492341786,0.0 131.01320751322373,31.221478707070258,0.0 131.01321055191795,31.22147792200732,0.0 131.0132135901691,31.22147713714981,0.0 131.01321662797525,31.221476352494246,0.0 131.01321966533453,31.22147556803679,0.0 131.0132227022452,31.221474783773225,0.0 131.0132257387056,31.22147399969904,0.0 131.013228774714,31.22147321580936,0.0 131.01323181026882,31.22147243209898,0.0 131.01323484536857,31.22147164856237,0.0 131.01323788001176,31.22147086519372,0.0 131.013240914197,31.22147008198685,0.0 131.01324394792303,31.221469298935315,0.0 131.01324698118864,31.22146851603236,0.0 131.01325001399255,31.221467733270927,0.0 131.01325304633383,31.22146695064369,0.0 131.01325607821136,31.22146616814308,0.0 131.0132591096243,31.2214653857612,0.0 131.01326214057184,31.22146460349,0.0 131.0132651710532,31.221463821321088,0.0 131.01326820106777,31.221463039245936,0.0 131.01327123061492,31.22146225725575,0.0 131.01327425969424,31.22146147534155,0.0 131.01327728830535,31.221460693494155,0.0 131.0132803157885,31.22145991172191,0.0 131.01328334216134,31.22145913001488,0.0 131.01328636714535,31.22145834837097,0.0 131.01328939050967,31.22145756678672,0.0 131.0132924120236,31.22145678525859,0.0 131.01329543145633,31.22145600378301,0.0 131.01329844857744,31.221455222356408,0.0 131.0133014631569,31.221454440975176,0.0 131.013304474965,31.22145365963575,0.0 131.0133074837727,31.221452878334635,0.0 131.0133104893517,31.221452097068383,0.0 131.01331349147446,31.221451315833622,0.0 131.0133164899143,31.22145053462711,0.0 131.01331948444567,31.221449753445704,0.0 131.0133224748441,31.221448972286424,0.0 131.0133254608864,31.22144819114646,0.0 131.0133284423507,31.221447410023245,0.0 131.01333141901662,31.22144662891436,0.0 131.0133343906653,31.221445847817616,0.0 131.01333735707962,31.221445066731103,0.0 131.01334031804407,31.22144428565315,0.0 131.0133432733452,31.221443504582364,0.0 131.0133462227713,31.22144272351767,0.0 131.0133491661129,31.22144194245831,0.0 131.0133521031625,31.22144116140384,0.0 131.01335503371493,31.22144038035413,0.0 131.01335795756728,31.221439599309456,0.0 131.01336087451904,31.221438818270386,0.0 131.01336378437216,31.22143803723789,0.0 131.01336668693122,31.221437256213328,0.0 131.01336958200324,31.221436475198463,0.0 131.01337246939815,31.22143569419542,0.0 131.01337534892843,31.22143491320672,0.0 131.01337822040963,31.22143413223528,0.0 131.01338108365997,31.221433351284425,0.0 131.0133839385008,31.22143257035788,0.0 131.0133867847563,31.22143178945985,0.0 131.01338962225387,31.22143100859484,0.0 131.01339245082391,31.221430227767808,0.0 131.01339527030015,31.22142944698408,0.0 131.01339808051935,31.2214286662494,0.0 131.0134008813216,31.22142788556988,0.0 131.01340367255028,31.221427104952024,0.0 131.0134064540521,31.221426324402746,0.0 131.01340922567712,31.221425543929268,0.0 131.01341198727874,31.221424763539176,0.0 131.01341473871392,31.22142398324041,0.0 131.0134174798429,31.221423203041223,0.0 131.01342021052946,31.221422422950205,0.0 131.0134229306409,31.22142164297629,0.0 131.01342564004793,31.22142086312864,0.0 131.01342833862475,31.22142008341672,0.0 131.01343102624932,31.22141930385025,0.0 131.01343370280276,31.22141852443921,0.0 131.01343636817003,31.221417745193754,0.0 131.0134390222394,31.22141696612438,0.0 131.01344166490284,31.22141618724167,0.0 131.01344429605578,31.221415408556428,0.0 131.01344691559711,31.22141463007959,0.0 131.0134495234294,31.22141385182228,0.0 131.01345211945855,31.22141307379568,0.0 131.0134547035941,31.22141229601115,0.0 131.01345727574895,31.22141151848016,0.0 131.01345983583954,31.2214107412142,0.0 131.0134623837857,31.2214099642248,0.0 131.01346491951082,31.22140918752357,0.0 131.01346744294148,31.221408411122106,0.0 131.01346995400775,31.221407635032044,0.0 131.0134724526431,31.221406859265016,0.0 131.0134749387842,31.221406083832587,0.0 131.01347741237106,31.221405308746284,0.0 131.01347987334705,31.22140453401756,0.0 131.0134823216586,31.2214037596578,0.0 131.01348475725547,31.221402985678303,0.0 131.01348718009055,31.221402212090297,0.0 131.0134895901198,31.22140143890482,0.0 131.0134919873023,31.221400666132823,0.0 131.01349437160016,31.22139989378507,0.0 131.0134967429785,31.221399121872164,0.0 131.01349910140547,31.22139835040456,0.0 131.01350144685205,31.22139757939256,0.0 131.0135037792921,31.221396808846247,0.0 131.0135060987024,31.22139603877545,0.0 131.01350840506245,31.22139526918984,0.0 131.0135106983545,31.221394500098825,0.0 131.01351297856357,31.22139373151157,0.0 131.0135152456772,31.22139296343713,0.0 131.01351749968572,31.22139219588416,0.0 131.0135197405818,31.221391428861143,0.0 131.01352196836086,31.221390662376272,0.0 131.01352418302056,31.221389896437472,0.0 131.01352638456115,31.22138913105239,0.0 131.01352857298525,31.22138836622848,0.0 131.01353074829763,31.22138760197284,0.0 131.01353291050555,31.221386838292343,0.0 131.0135350596184,31.22138607519352,0.0 131.01353719564767,31.22138531268265,0.0 131.01353931860703,31.221384550765727,0.0 131.01354142851235,31.221383789448463,0.0 131.01354352538124,31.22138302873634,0.0 131.0135456096003,31.22138226861856,0.0 131.01354768116485,31.221381509101096,0.0 131.01354974024036,31.22138075018229,0.0 131.01355178696113,31.22137999186169,0.0 131.01355382145928,31.22137923413865,0.0 131.0135558438647,31.221378477012525,0.0 131.01355785430513,31.22137772048247,0.0 131.01355985290593,31.221376964547577,0.0 131.01356183979055,31.221376209206785,0.0 131.01356381508026,31.22137545445896,0.0 131.01356577889428,31.221374700302817,0.0 131.01356773134987,31.22137394673709,0.0 131.01356967256245,31.221373193760314,0.0 131.01357160264544,31.22137244137092,0.0 131.01357352171033,31.22137168956725,0.0 131.013575429867,31.22137093834756,0.0 131.0135773272234,31.22137018771,0.0 131.0135792138858,31.22136943765261,0.0 131.0135810899588,31.221368688173417,0.0 131.0135829555453,31.22136793927028,0.0 131.01358481074655,31.22136719094096,0.0 131.01358665566235,31.221366443183136,0.0 131.0135884903908,31.221365695994447,0.0 131.01359031502852,31.221364949372383,0.0 131.01359212967063,31.22136420331447,0.0 131.0135939344109,31.221363457818008,0.0 131.0135957293415,31.22136271288033,0.0 131.0135975145533,31.22136196849861,0.0 131.01359929013583,31.22136122466999,0.0 131.01360105617724,31.221360481391525,0.0 131.01360281276436,31.221359738660265,0.0 131.01360455998272,31.221358996473125,0.0 131.01360629791665,31.221358254826967,0.0 131.01360802664922,31.22135751371861,0.0 131.0136097462623,31.22135677314477,0.0 131.01361145683651,31.221356033102136,0.0 131.0136131584514,31.22135529358737,0.0 131.01361485118537,31.221354554597063,0.0 131.01361653511563,31.221353816127728,0.0 131.01361821031838,31.22135307817585,0.0 131.01361987686872,31.22135234073785,0.0 131.01362153484072,31.221351603810128,0.0 131.0136231843074,31.221350867389013,0.0 131.01362482534074,31.221350131470867,0.0 131.01362645801177,31.221349396051927,0.0 131.01362808239057,31.221348661128456,0.0 131.01362969854625,31.221347926696648,0.0 131.01363130654696,31.22134719275265,0.0 131.01363290645995,31.2213464592926,0.0 131.01363449835162,31.221345726312688,0.0 131.01363608228735,31.22134499380897,0.0 131.01363765833185,31.22134426177752,0.0 131.01363922654883,31.221343530214405,0.0 131.01364078700124,31.22134279911563,0.0 131.0136423397512,31.22134206847721,0.0 131.01364388486,31.2213413382952,0.0 131.0136454223882,31.22134060856557,0.0 131.01364695239548,31.221339879284315,0.0 131.0136484749409,31.22133915044741,0.0 131.01364999008268,31.2213384220508,0.0 131.01365149787833,31.221337694090447,0.0 131.01365299838463,31.221336966562344,0.0 131.01365449165775,31.221336239462463,0.0 131.01365597775305,31.22133551278677,0.0 131.0136574567252,31.22133478653121,0.0 131.0136589286283,31.221334060691767,0.0 131.01366039351575,31.221333335264408,0.0 131.0136618514403,31.221332610245124,0.0 131.01366330245403,31.221331885629944,0.0 131.01366474660847,31.22133116141488,0.0 131.01366618395448,31.221330437595924,0.0 131.01366761454238,31.221329714169144,0.0 131.01366903842182,31.22132899113056,0.0 131.01367045564194,31.22132826847627,0.0 131.01367186625123,31.221327546202385,0.0 131.01367327029774,31.221326824305,0.0 131.01367466782884,31.22132610278029,0.0 131.01367605889143,31.22132538162437,0.0 131.01367744353186,31.22132466083345,0.0 131.013678821796,31.221323940403696,0.0 131.0136801937291,31.22132322033144,0.0 131.013681559376,31.221322500612903,0.0 131.01368291878097,31.2213217812444,0.0 131.01368427198787,31.22132106222228,0.0 131.01368561904005,31.22132034354285,0.0 131.01368695998033,31.221319625202543,0.0 131.0136882948511,31.221318907197844,0.0 131.01368962369432,31.22131818952519,0.0 131.01369094655143,31.221317472181088,0.0 131.01369226346347,31.22131675516212,0.0 131.01369357447115,31.221316038464824,0.0 131.01369487961452,31.221315322085843,0.0 131.01369617893337,31.22131460602189,0.0 131.013697472467,31.221313890269656,0.0 131.0136987602544,31.22131317482592,0.0 131.013700042334,31.221312459687457,0.0 131.01370131874395,31.22131174485113,0.0 131.013702589522,31.22131103031379,0.0 131.0137038547055,31.221310316072444,0.0 131.01370511433137,31.221309602124062,0.0 131.0137063684362,31.22130888846569,0.0 131.01370761705624,31.2213081750944,0.0 131.01370886022727,31.22130746200732,0.0 131.01371009798493,31.22130674920161,0.0 131.0137113303643,31.221306036674584,0.0 131.01371255740008,31.221305324423504,0.0 131.01371377912687,31.22130461244569,0.0 131.0137149955787,31.22130390073856,0.0 131.01371620678947,31.22130318929954,0.0 131.01371741279263,31.22130247812612,0.0 131.0137186136212,31.22130176721592,0.0 131.01371980930813,31.221301056566496,0.0 131.0137209998859,31.221300346175543,0.0 131.0137221853867,31.22129963604077,0.0 131.01372336584248,31.221298926159943,0.0 131.0137245412848,31.221298216530894,0.0 131.013725711745,31.221297507151554,0.0 131.0137268772541,31.221296798019846,0.0 131.01372803784284,31.221296089133773,0.0 131.01372919354165,31.221295380491384,0.0 131.01373034438072,31.22129467209079,0.0 131.01373149038997,31.2212939639302,0.0 131.013732631599,31.221293256007844,0.0 131.01373376803716,31.22129254832201,0.0 131.0137348997336,31.221291840871046,0.0 131.0137360267171,31.22129113365333,0.0 131.01373714901632,31.22129042666736,0.0 131.0137382666595,31.221289719911663,0.0 131.0137393796748,31.22128901338484,0.0 131.01374048808995,31.2212883070855,0.0 131.01374159193264,31.22128760101235,0.0 131.01374269123025,31.22128689516413,0.0 131.01374378600977,31.221286189539693,0.0 131.01374487629815,31.221285484137905,0.0 131.01374596212207,31.22128477895769,0.0 131.01374704350792,31.22128407399804,0.0 131.01374812048192,31.221283369258,0.0 131.01374919307003,31.22128266473663,0.0 131.013750261298,31.221281960433185,0.0 131.0137513251914,31.221281256346835,0.0 131.01375238477556,31.221280552476863,0.0 131.01375344007556,31.2212798488226,0.0 131.0137544911164,31.22127914538341,0.0 131.0137555379227,31.221278442158766,0.0 131.013756580519,31.22127773914817,0.0 131.0137576189296,31.2212770363512,0.0 131.01375865317863,31.221276333767435,0.0 131.01375968328995,31.221275631396523,0.0 131.01376070928737,31.221274929238195,0.0 131.0137617311943,31.22127422729228,0.0 131.0137627490342,31.221273525558544,0.0 131.0137637628301,31.221272824036905,0.0 131.01376477260504,31.22127212272727,0.0 131.01376577838184,31.22127142162961,0.0 131.01376678018303,31.22127072074401,0.0 131.0137677780311,31.22127002007053,0.0 131.0137687719483,31.221269319609345,0.0 131.01376976195667,31.2212686193606,0.0 131.01377074807814,31.22126791932452,0.0 131.01377173033447,31.221267219501435,0.0 131.01377270874724,31.221266519891685,0.0 131.0137736833378,31.22126582049564,0.0 131.01377465412747,31.221265121313728,0.0 131.01377562113723,31.221264422346408,0.0 131.01377658438813,31.22126372359424,0.0 131.01377754390083,31.221263025057787,0.0 131.01377849969597,31.221262326737666,0.0 131.01377945179397,31.22126162863452,0.0 131.0137804002152,31.221260930749043,0.0 131.01378134497975,31.22126023308199,0.0 131.0137822861076,31.221259535634186,0.0 131.01378322361865,31.22125883840642,0.0 131.01378415753257,31.22125814139957,0.0 131.0137850878689,31.221257444614537,0.0 131.01378601464705,31.22125674805228,0.0 131.01378693788635,31.22125605171379,0.0 131.01378785760582,31.221255355600096,0.0 131.0137887738245,31.22125465971225,0.0 131.01378968656127,31.221253964051343,0.0 131.01379059583482,31.221253268618508,0.0 131.01379150166372,31.22125257341495,0.0 131.01379240406635,31.221251878441848,0.0 131.0137933030611,31.22125118370044,0.0 131.01379419866615,31.221250489191966,0.0 131.01379509089952,31.22124979491775,0.0 131.0137959797791,31.22124910087915,0.0 131.01379686532275,31.221248407077496,0.0 131.01379774754804,31.22124771351418,0.0 131.0137986264726,31.2212470201906,0.0 131.01379950211378,31.22124632710824,0.0 131.0138003744889,31.22124563426856,0.0 131.01380124361515,31.22124494167305,0.0 131.01380210950953,31.221244249323234,0.0 131.01380297218898,31.22124355722063,0.0 131.01380383167037,31.221242865366868,0.0 131.01380468797032,31.22124217376352,0.0 131.0138055411054,31.22124148241217,0.0 131.01380639109215,31.22124079131448,0.0 131.01380723794688,31.221240100472084,0.0 131.01380808168577,31.22123940988669,0.0 131.013808922325,31.221238719559967,0.0 131.0138097598806,31.221238029493616,0.0 131.01381059436844,31.221237339689363,0.0 131.0138114258043,31.221236650148963,0.0 131.01381225420388,31.221235960874168,0.0 131.01381307958275,31.221235271866767,0.0 131.01381390195635,31.221234583128496,0.0 131.0138147213401,31.22123389466116,0.0 131.01381553774925,31.2212332064666,0.0 131.01381635119887,31.22123251854662,0.0 131.01381716170417,31.221231830903022,0.0 131.01381796927993,31.221231143537647,0.0 131.01381877394113,31.22123045645235,0.0 131.0138195757024,31.221229769649,0.0 131.0138203745785,31.22122908312941,0.0 131.01382117058392,31.22122839689548,0.0 131.0138219637331,31.221227710949,0.0 131.01382275404043,31.221227025291945,0.0 131.0138235415201,31.221226339926137,0.0 131.0138243261864,31.22122565485345,0.0 131.0138251080533,31.22122497007573,0.0 131.0138258871348,31.221224285594914,0.0 131.01382666344475,31.221223601412856,0.0 131.013827436997,31.221222917531424,0.0 131.01382820780515,31.221222233952474,0.0 131.0138289758829,31.22122155067791,0.0 131.0138297412437,31.2212208677096,0.0 131.013830503901,31.221220185049383,0.0 131.01383126386816,31.221219502699128,0.0 131.01383202115835,31.22121882066068,0.0 131.0138327757848,31.22121813893592,0.0 131.0138335277605,31.221217457526656,0.0 131.0138342770986,31.22121677643472,0.0 131.01383502381182,31.22121609566193,0.0 131.01383576791306,31.221215415210143,0.0 131.013836509415,31.221214735081144,0.0 131.01383724833036,31.2212140552767,0.0 131.01383798467162,31.221213375798595,0.0 131.01383871845132,31.221212696648653,0.0 131.01383944968185,31.22121201782861,0.0 131.0138401783755,31.2212113393402,0.0 131.0138409045445,31.221210661185125,0.0 131.01384162820108,31.221209983365164,0.0 131.0138423493572,31.22120930588201,0.0 131.01384306802495,31.22120862873733,0.0 131.01384378421625,31.22120795193277,0.0 131.01384449794287,31.221207275470054,0.0 131.0138452092166,31.2212065993508,0.0 131.01384591804916,31.22120592357659,0.0 131.01384662445216,31.22120524814904,0.0 131.01384732843707,31.221204573069773,0.0 131.01384803001545,31.221203898340327,0.0 131.0138487291986,31.221203223962256,0.0 131.0138494259979,31.22120254993704,0.0 131.0138501204245,31.221201876266274,0.0 131.01385081248966,31.22120120295138,0.0 131.01385150220446,31.22120052999381,0.0 131.0138521895799,31.22119985739504,0.0 131.0138528746269,31.221199185156493,0.0 131.01385355735636,31.22119851327956,0.0 131.01385423777916,31.221197841765576,0.0 131.0138549159059,31.22119717061592,0.0 131.01385559174744,31.221196499831947,0.0 131.01385626531427,31.22119582941493,0.0 131.0138569366169,31.22119515936612,0.0 131.01385760566583,31.22119448968684,0.0 131.01385827247148,31.221193820378268,0.0 131.01385893704415,31.22119315144162,0.0 131.01385959939418,31.221192482878063,0.0 131.01386025953167,31.22119181468879,0.0 131.0138609174669,31.221191146874897,0.0 131.0138615732098,31.22119047943749,0.0 131.0138622267704,31.22118981237765,0.0 131.01386287815873,31.22118914569644,0.0 131.0138635273846,31.22118847939485,0.0 131.01386417445786,31.22118781347389,0.0 131.01386481938823,31.221187147934568,0.0 131.01386546218546,31.2211864827778,0.0 131.01386610285914,31.221185818004475,0.0 131.01386674141887,31.22118515361552,0.0 131.0138673778742,31.221184489611804,0.0 131.01386801223447,31.221183825994142,0.0 131.01386864450916,31.221183162763328,0.0 131.0138692747076,31.221182499920204,0.0 131.01386990283908,31.22118183746548,0.0 131.01387052891275,31.221181175399856,0.0 131.0138711529378,31.221180513724114,0.0 131.0138717749234,31.221179852438887,0.0 131.0138723948785,31.22117919154481,0.0 131.01387301281213,31.221178531042508,0.0 131.01387362873322,31.221177870932625,0.0 131.01387424265064,31.221177211215675,0.0 131.01387485457326,31.2211765518922,0.0 131.01387546450977,31.22117589296277,0.0 131.01387607246895,31.221175234427832,0.0 131.01387667845944,31.22117457628784,0.0 131.01387728248983,31.221173918543293,0.0 131.0138778845687,31.22117326119456,0.0 131.01387848470452,31.22117260424202,0.0 131.0138790829058,31.221171947686088,0.0 131.01387967918086,31.22117129152709,0.0 131.01388027353806,31.221170635765287,0.0 131.01388086598575,31.22116998040104,0.0 131.01388145653212,31.2211693254346,0.0 131.01388204518537,31.221168670866177,0.0 131.01388263195366,31.22116801669604,0.0 131.0138832168451,31.221167362924383,0.0 131.01388379986767,31.22116670955135,0.0 131.01388438102947,31.22116605657713,0.0 131.01388496033837,31.221165404001862,0.0 131.01388553780228,31.22116475182563,0.0 131.01388611342907,31.22116410004854,0.0 131.01388668722657,31.22116344867069,0.0 131.01388725920245,31.221162797692088,0.0 131.0138878293645,31.221162147112803,0.0 131.01388839772036,31.221161496932847,0.0 131.01388896427767,31.221160847152188,0.0 131.013889529044,31.221160197770853,0.0 131.01389009202683,31.221159548788776,0.0 131.01389065323374,31.221158900205875,0.0 131.01389121267212,31.221158252022143,0.0 131.01389177034935,31.22115760423745,0.0 131.01389232627278,31.22115695685168,0.0 131.01389288044976,31.221156309864785,0.0 131.01389343288753,31.22115566327657,0.0 131.0138939835933,31.22115501708692,0.0 131.0138945325743,31.22115437129568,0.0 131.01389507983768,31.221153725902667,0.0 131.01389562539046,31.221153080907715,0.0 131.01389616923973,31.221152436310653,0.0 131.01389671139256,31.22115179211122,0.0 131.01389725185584,31.22115114830929,0.0 131.01389779063655,31.221150504904585,0.0 131.01389832774163,31.22114986189688,0.0 131.01389886317784,31.221149219285977,0.0 131.01389939695207,31.221148577071588,0.0 131.01389992907104,31.22114793525351,0.0 131.01390045954156,31.22114729383149,0.0 131.01390098837032,31.2211466528052,0.0 131.0139015155639,31.22114601217448,0.0 131.01390204112897,31.221145371939,0.0 131.01390256507213,31.22114473209852,0.0 131.0139030873999,31.22114409265277,0.0 131.01390360811885,31.22114345360144,0.0 131.01390412723535,31.22114281494435,0.0 131.0139046447559,31.221142176681145,0.0 131.013905160687,31.2211415388116,0.0 131.01390567503483,31.22114090133545,0.0 131.01390618780584,31.221140264252387,0.0 131.01390669900624,31.22113962756224,0.0 131.01390720864237,31.221138991264656,0.0 131.01390771672038,31.221138355359468,0.0 131.01390822324657,31.221137719846386,0.0 131.0139087282269,31.221137084725186,0.0 131.01390923166767,31.22113644999565,0.0 131.0139097335749,31.22113581565753,0.0 131.0139102339546,31.221135181710675,0.0 131.0139107328129,31.2211345481548,0.0 131.01391123015563,31.2211339149898,0.0 131.01391172598883,31.22113328221544,0.0 131.01391222031845,31.221132649831585,0.0 131.01391271315026,31.221132017838062,0.0 131.01391320449022,31.221131386234767,0.0 131.01391369434413,31.22113075502156,0.0 131.0139141827177,31.221130124198325,0.0 131.01391466961675,31.221129493765005,0.0 131.013915155047,31.22112886372147,0.0 131.0139156390141,31.22112823406776,0.0 131.01391612152372,31.22112760480374,0.0 131.01391660258153,31.221126975929494,0.0 131.0139170821931,31.22112634744493,0.0 131.01391756036395,31.221125719350194,0.0 131.0139180370997,31.221125091645227,0.0 131.0139185124058,31.221124464330217,0.0 131.0139189862877,31.221123837405155,0.0 131.01391945875088,31.22112321087028,0.0 131.01391992980072,31.22112258472564,0.0 131.01392039944264,31.22112195897152,0.0 131.01392086768192,31.22112133360804,0.0 131.01392133452396,31.22112070863552,0.0 131.013921799974,31.22112008405416,0.0 131.0139222640373,31.221119459864312,0.0 131.0139227267191,31.221118836066267,0.0 131.01392318802456,31.22111821266043,0.0 131.0139236479589,31.22111758964716,0.0 131.01392410652727,31.22111696702692,0.0 131.01392456373475,31.221116344800176,0.0 131.01392501958645,31.2211157229674,0.0 131.01392547408736,31.22111510152916,0.0 131.01392592724258,31.221114480486,0.0 131.01392637905704,31.2211138598386,0.0 131.01392682953573,31.22111323958755,0.0 131.01392727868355,31.221112619733585,0.0 131.01392772650547,31.22111200027744,0.0 131.01392817300635,31.221111381219856,0.0 131.013928618191,31.22111076256173,0.0 131.01392906206422,31.221110144303843,0.0 131.01392950463088,31.221109526447183,0.0 131.01392994589568,31.22110890899268,0.0 131.01393038586332,31.221108291941288,0.0 131.0139308245386,31.221107675294167,0.0 131.01393126192607,31.22110705905233,0.0 131.01393169803046,31.22110644321696,0.0 131.01393213285638,31.22110582778925,0.0 131.01393256640836,31.221105212770453,0.0 131.013932998691,31.22110459816188,0.0 131.0139334297088,31.22110398396492,0.0 131.01393385946622,31.221103370180906,0.0 131.01393428796777,31.221102756811376,0.0 131.01393471521789,31.22110214385784,0.0 131.013935141221,31.221101531321864,0.0 131.0139355659814,31.22110091920508,0.0 131.01393598950347,31.22110030750923,0.0 131.01393641179155,31.221099696236028,0.0 131.0139368328499,31.22109908538731,0.0 131.01393725268278,31.22109847496497,0.0 131.01393767129437,31.221097864970943,0.0 131.0139380886889,31.221097255407248,0.0 131.0139385048705,31.22109664627593,0.0 131.01393891984338,31.221096037579187,0.0 131.01393933361152,31.221095429319213,0.0 131.01393974617903,31.221094821498266,0.0 131.0139401575499,31.22109421411871,0.0 131.01394056772827,31.22109360718295,0.0 131.01394097671795,31.22109300069353,0.0 131.01394138452287,31.221092394653,0.0 131.0139417911471,31.221091789063987,0.0 131.01394219659423,31.22109118392924,0.0 131.01394260086835,31.221090579251552,0.0 131.0139430039731,31.22108997503377,0.0 131.0139434059123,31.221089371278907,0.0 131.01394380668967,31.22108876799,0.0 131.01394420630882,31.22108816517016,0.0 131.0139446047735,31.22108756282264,0.0 131.01394500208727,31.221086960950725,0.0 131.01394539825372,31.22108635955781,0.0 131.01394579327635,31.22108575864741,0.0 131.01394618715875,31.221085158223072,0.0 131.01394657990429,31.221084558288496,0.0 131.0139469715164,31.221083958847448,0.0 131.0139473619985,31.221083359903822,0.0 131.01394775135387,31.221082761461577,0.0 131.01394813958584,31.22108216352481,0.0 131.0139485266976,31.22108156609771,0.0 131.01394891269248,31.221080969184584,0.0 131.01394929757353,31.221080372789825,0.0 131.01394968134392,31.22107977691797,0.0 131.01395006400668,31.22107918157371,0.0 131.0139504455648,31.22107858676181,0.0 131.01395082602133,31.22107799248716,0.0 131.01395120537916,31.221077398754783,0.0 131.0139515836411,31.22107680556985,0.0 131.01395196081003,31.22107621293772,0.0 131.01395233688868,31.22107562086377,0.0 131.01395271187977,31.22107502935363,0.0 131.0139530857859,31.221074438413048,0.0 131.01395345860965,31.221073848047936,0.0 131.0139538303536,31.22107325826435,0.0 131.01395420102017,31.22107266906856,0.0 131.01395457061173,31.22107208046696,0.0 131.01395493913063,31.22107149246614,0.0 131.0139553065791,31.221070905072928,0.0 131.0139556729594,31.22107031829429,0.0 131.0139560382735,31.22106973213747,0.0 131.0139564025235,31.221069146609864,0.0 131.01395676571127,31.22106856171912,0.0 131.01395712783875,31.221067977473147,0.0 131.01395748890764,31.22106739388005,0.0 131.0139578489314,31.221066810911136,0.0 131.01395820791143,31.221066228575623,0.0 131.01395856585444,31.221065646866204,0.0 131.01395892276605,31.221065065778298,0.0 131.01395927865207,31.22106448530737,0.0 131.0139596335182,31.221063905448915,0.0 131.0139599873701,31.221063326198493,0.0 131.0139603402134,31.221062747551663,0.0 131.01396069205376,31.22106216950405,0.0 131.0139610428968,31.22106159205133,0.0 131.01396139274803,31.2210610151892,0.0 131.01396174161303,31.2210604389134,0.0 131.01396208949734,31.221059863219736,0.0 131.0139624364064,31.22105928810401,0.0 131.01396278234571,31.22105871356214,0.0 131.0139631273207,31.221058139590024,0.0 131.01396347133675,31.221057566183635,0.0 131.01396381439926,31.221056993338976,0.0 131.01396415651357,31.22105642105212,0.0 131.013964497685,31.22105584931916,0.0 131.01396483791882,31.22105527813624,0.0 131.0139651772203,31.221054707499555,0.0 131.0139655155947,31.22105413740536,0.0 131.01396585304718,31.221053567849925,0.0 131.0139661895829,31.2210529988296,0.0 131.01396652520702,31.221052430340777,0.0 131.01396685992464,31.221051862379856,0.0 131.01396719374085,31.22105129494335,0.0 131.01396752666065,31.22105072802777,0.0 131.01396785868903,31.221050161629687,0.0 131.01396794300044,31.221050016168377,0.0 131.013968101758,31.22104944460134,0.0 131.01396833052593,31.22104937108119,0.0 131.01396834371113,31.221048910678288,0.0 131.01396875445968,31.221048994659206,0.0</coordinates>
            </LineString>
        </Placemark>
    </Document>
</kml>
