<?xml version="1.0" encoding="UTF-8"?>
<kml xmlns="http://www.opengis.net/kml/2.2" xmlns:gx="http://www.google.com/kml/ext/2.2">
    <Document id="141">
        <Style id="144">
            <LineStyle id="145">
                <color>ff0000ff</color>
                <colorMode>normal</colorMode>
                <width>3</width>
            </LineStyle>
        </Style>
        <Style id="148">
            <LineStyle id="149">
                <color>ff00ff00</color>
                <colorMode>normal</colorMode>
                <width>3</width>
            </LineStyle>
        </Style>
        <Placemark id="143">
            <name>flight_path</name>
            <styleUrl>#144</styleUrl>
            <LineString id="142">
                <altitudeMode>relativeToGround</altitudeMode>
                <coordinates>131.010392,31.222216000000007,3.000000004412624 131.01039200000545,31.2222159999906,3.0000027264578115 131.01039200001028,31.222215999993875,3.000003012779584 131.01039200001028,31.222215999993875,3.000003012779584 131.0103920000103,31.222215999993875,3.000003012779584 131.0103920186648,31.22221599084417,3.0022578683165726 131.0103920748901,31.222215963420645,3.0148070948829484 131.01039215993478,31.22221592194644,3.034007106185365 131.010392249151,31.222215878416662,3.0533625227734102 131.010392395381,31.222215807126663,3.0872373379337144 131.01039249716985,31.22221575742821,3.108054756618066 131.01039266702276,31.22221567459415,3.1463955357590927 131.0103928374792,31.222215591440023,3.1839242398255614 131.01039302080284,31.222215502000264,3.223974375587493 131.01039322708232,31.222215401367297,3.2692888586088302 131.01039345272457,31.222215291288936,3.3188919014122904 131.01039369258763,31.22221517426644,3.371386619342709 131.01039395005884,31.222215048652007,3.4276944029464915 131.01039421644953,31.222214918672204,3.4854544955210374 131.01039450845172,31.22221477620725,3.5492041954075195 131.0103948069986,31.222214630532072,3.613762698551086 131.01039512776407,31.22221447402223,3.683390064561909 131.01039545946077,31.222214312168344,3.755020054475544 131.01039580637274,31.222214142886457,3.829817427166218 131.0103961752949,31.22221396287121,3.9096291894311377 131.01039655164234,31.222213779217327,3.990493875776049 131.01039694683445,31.222213586369925,4.075514149527917 131.01039735714872,31.222213386139742,4.163679749421614 131.01039778575063,31.22221317698696,4.255850937946337 131.01039822638555,31.22221296195409,4.350330148726012 131.0103986893425,31.22221273603605,4.449911131273628 131.01039915904306,31.22221250681097,4.550366250306302 131.01039964456635,31.22221226986224,4.6541599204829485 131.0104001456363,31.22221202532413,4.76121747643528 131.0104006630688,31.222211772799746,4.871760278464286 131.01040119449576,31.22221151344101,4.985146518681852 131.01040173375296,31.22221125024659,5.09970618818231 131.0104022910162,31.22221097826628,5.218196267981704 131.0104028640733,31.222210698576216,5.3400168125759615 131.010403448877,31.222210413145216,5.46407221098422 131.01040405025552,31.222210119624407,5.591668537551862 131.01040466068557,31.22220982167371,5.720771220823895 131.01040528477773,31.22220951705013,5.852626222659345 131.01040592505373,31.222209204526795,5.987913035433971 131.01040658160653,31.2222088840584,6.126654815184158 131.010407247809,31.222208558868967,6.267063794345923 131.0104079271538,31.222208227259305,6.410080946913928 131.01040862461,31.222207886811766,6.557041301871459 131.01040934016976,31.222207537530053,6.707938841696294 131.01041005778333,31.222207187222743,6.858461165663568 131.01041079218817,31.22220682871958,7.01256490295335 131.01041154438693,31.222206461532508,7.170512587686416 131.01041230918216,31.222206088190248,7.330908415474931 131.0104130807204,31.222205711540788,7.492187090976883 131.01041387233195,31.22220532509796,7.657906204415424 131.01041467658197,31.22220493247912,7.826075397300557 131.0104154908101,31.222204534978747,7.995984826367083 131.0104163221726,31.22220413314224,8.169528050240078 131.01041715928795,31.222203720856747,8.344963914806977 131.0104180101915,31.22220330368384,8.523118512769132 131.01041888101926,31.2222028749788,8.706172345777059 131.01041975579514,31.22220244304241,8.889819227951335 131.0104206425253,31.22220200399237,9.076160296889988 131.0104215455507,31.22220155572565,9.266315775749764 131.0104224668944,31.22220109728604,9.460786383689875 131.0104233836634,31.2222006397234,9.653637706037625 131.01042431644478,31.222200173151727,9.850176009758007 131.01042527467567,31.222199693143303,10.052754051089783 131.01042623578329,31.22219921047751,10.255602831493263 131.01042720310528,31.22219872356014,10.459581055295535 131.01042818971382,31.222198226335987,10.667916051832778 131.01042919222775,31.222197720496524,10.879700800235614 131.01043020106303,31.22219721049577,11.092563289240612 131.0104312195816,31.222196694821417,11.307311798888232 131.01043225639918,31.222196169705203,11.525954000037231 131.01043331217176,31.222195635020803,11.74855909210412 131.01043436573627,31.222195100089944,11.970164591422504 131.0104354410493,31.22219455456561,12.196288160486995 131.01043652857464,31.22219400272841,12.424653180970653 131.01043762696986,31.222193445216263,12.654924488144143 131.0104387336908,31.222192883145453,12.88651057404769 131.01043986495395,31.222192310084296,13.12285952912301 131.0104410075707,31.222191731525413,13.361041726522984 131.01044215288488,31.222191150857515,13.599242669234911 131.0104433221278,31.22219056001057,13.84180588629738 131.01044451098815,31.222189960930443,14.087703218276785 131.0104456978113,31.22218936167567,14.332593394131012 131.0104469061079,31.222188753731803,14.581083365717523 131.010448133143,31.22218813838848,14.832496804977282 131.01044937100556,31.22218751853868,15.08527430191442 131.0104506209883,31.2221868938096,15.339626582361436 131.01045188985688,31.222186262126137,15.596703266351092 131.0104531764744,31.222185624085792,15.8561969080183 131.01045446943078,31.22218498340201,16.116074814425886 131.01045578627796,31.222184334768848,16.379280028736236 131.0104571238854,31.222183679442225,16.645145681995984 131.01045846613707,31.22218302225054,16.910995107654994 131.01045983884396,31.22218235591949,17.180908174416142 131.01046122526452,31.22218168544008,17.452115749278637 131.0104626160807,31.2221810133422,17.723193484842025 131.01046403986797,31.222180332228447,17.99835261133525 131.0104654805608,31.22217964659905,18.27507095377858 131.01046693653387,31.222178956937185,18.5530828058384 131.01046841603238,31.222178261392788,18.833473131825546 131.0104699073891,31.22217756291052,19.114561256180806 131.0104714128084,31.222176861049828,19.39661402883676 131.0104729553702,31.22217615091068,19.682534699038385 131.01047449287225,31.22217544186148,19.966832314699463 131.0104760691502,31.22217472465317,20.25499183654808 131.01047766845917,31.222174002925552,20.544899200424243 131.0104792724051,31.222173280375166,20.8343419451566 131.010480899325,31.22217255348856,21.12545069399325 131.01048257927462,31.222171817027967,21.4214739876831 131.0104842576892,31.222171081188183,21.71620254514856 131.01048593743047,31.22217034523192,22.010058769328 131.010487684167,31.22216959819915,22.309910128353348 131.0104894128659,31.222168854590738,22.60672603999264 131.01049117381763,31.22216810608184,22.90573325953671 131.01049300980944,31.222167346506456,23.21094936880217 131.0104947865703,31.22216659635965,23.509241037580225 131.01049663893045,31.222165835458124,23.813612750883905 131.01049853341556,31.22216506932812,24.12059577180509 131.0105003790233,31.222164310449703,24.42195792142516 131.01050232400885,31.22216353877697,24.73097836772904 131.0105042544981,31.22216276978777,25.037424235857173 131.01050619104737,31.22216200056785,25.34320262671058 131.01050821664535,31.22216122118226,25.655128606065183 131.01051021004187,31.222160446467782,25.96309770184522 131.0105122301078,31.22215966926945,26.27199483474196 131.01051432850224,31.22215888410717,26.58571666212721 131.01051638522102,31.22215810437524,26.89489612324087 131.01051850287976,31.22215731886216,27.20742525136305 131.01052065446785,31.2221565307624,27.52110792180243 131.010522779005,31.222155746244145,27.83150665726399 131.01052500321222,31.22215495274041,28.147716927460333 131.01052719407744,31.222154163457816,28.460189955222152 131.01052941351108,31.222153372306387,28.773342014482093 131.01053172322267,31.222152573824047,29.09125347512869 131.01053398103952,31.222151781054382,29.404289183397296 131.01053629600827,31.22215098409,29.7197855957716 131.010538672461,31.22215018281824,30.037877977187005 131.01054100445037,31.22214938636383,30.351725812305567 131.0105434267213,31.222148583245765,30.66995114406238 131.0105458338086,31.222147782445496,30.98581179049645 131.01054825696653,31.222146981293925,31.30130921611437 131.01055078221222,31.222146172878727,31.621669456558298 131.0105532498343,31.222145370157552,31.93711232507461 131.01055576727893,31.222144564416887,32.254204788194166 131.01055837329756,31.22214375266987,32.575182012286426 131.01056089950575,31.22214294826145,32.89002310203976 131.01056354033463,31.222142135768905,33.21026591873671 131.0105661786476,31.22214132448052,33.52895420231343 131.01056880326308,31.222140515248647,33.845472686284545 131.0105715427743,31.222139697860623,34.16730821461842 131.01057422756944,31.22213888577732,34.48458295673259 131.01057696728208,31.222138070229008,34.80368772832157 131.01057976050873,31.22213725124749,35.124532124824185 131.0105825128642,31.22213643649013,35.44165580498782 131.01058536338195,31.22213561449933,35.76313557397333 131.0105881875244,31.222134795518382,36.08174898085057 131.0105910281756,31.222133975980647,36.399998852015216 131.01059396076928,31.22213314927343,36.722321496905735 131.0105968419607,31.222132327767696,37.04032696543591 131.01059977803587,31.222131502135525,37.36027829733925 131.0106027538404,31.22213067352033,37.6813257174444 131.0106057018973,31.22212984810164,37.999450649519545 131.010608756483,31.22212901319897,38.32275823308984 131.01061175709685,31.22212818397368,38.64156899429191 131.01061479860417,31.222127351306245,38.961652639892165 131.01061793316265,31.2221265095992,39.28633062267392 131.01062098023016,31.222125677270785,39.604367129760426 131.01062414080425,31.222124833394968,39.92839744641344 131.01062726964582,31.222123993127564,40.24928965389782 131.0106304202365,31.22212315076369,40.57044817872237 131.0106336456063,31.22212230001877,40.89542415849841 131.01063681777487,31.222121455523965,41.215813570708015 131.01064007848026,31.22212060059696,41.54107410089776 131.01064332241975,31.222119747595904,41.86419788401605 131.0106465706429,31.2221188940741,42.18658488373689 131.01064990527755,31.22211802928839,42.514037499128136 131.0106531777886,31.222117172374823,42.83616155321777 131.01065653401668,31.22211630404045,43.16332563334513 131.0106598754049,31.222115437296832,43.48853852808314 131.01066322797615,31.22211456864812,43.81367070448357 131.0106666561894,31.22211368857209,44.14361374473463 131.0106700222437,31.222112817043115,44.46804206945926 131.01067348331887,31.222111930709943,44.79892019334162 131.01067690446928,31.22211104971332,45.12595524761838 131.01068035635575,31.22211016327304,45.454616790527126 131.01068386448048,31.222109266956046,45.78705181326293 131.01068731883305,31.222108378496603,46.11445748077648 131.01069086146117,31.22210747454656,46.44835138466625 131.01069436900136,31.222106575415552,46.778728450835935 131.01069790197127,31.22210567096945,47.11055663085881 131.0107014935172,31.222104755140567,47.44672155245556 131.0107050256561,31.222103848636497,47.77725077082415 131.0107086502252,31.222102924423965,48.11510688585 131.01071223894652,31.222102005369344,48.44933742055999 131.01071584925205,31.222101081133367,48.78488269820959 131.01071949685235,31.222100148610323,49.12318259549819 131.01072310948945,31.22209922128805,49.457881837237565 131.01072680388242,31.222098277109342,49.79933580608263 131.0107304530681,31.222097340090503,50.13628143584472 131.0107341417344,31.22209639410577,50.47626704440169 131.0107378484361,31.22209544316422,50.817406137649286 131.01074152749146,31.222094496147704,51.1555807092926 131.01074530024567,31.22209352943033,51.50174127761025 131.0107490022093,31.222092575049235,51.84105073735665 131.01075277326376,31.222091605751064,52.18612372519833 131.01075653401904,31.222090637023616,52.52979906298594 131.01076028915853,31.222089667982697,52.87249557586515 131.01076411107232,31.22208868457108,53.22069528036797 131.01076788005807,31.22208771007028,53.56367258779708 131.01077172239914,31.22208672009179,53.91267373374327 131.01077553525275,31.222085734512767,54.25854372599072 131.01077936530507,31.22208474440008,54.6054072859199 131.0107832382489,31.22208374502852,54.955453593354 131.01078706614783,31.2220827529635,55.30104344195329 131.0107909853088,31.22208174292444,55.65386688536055 131.0107948516822,31.222080741614576,56.00158581192568 131.01079877610744,31.222079728822884,56.35356525659223 131.0108026848417,31.222078718009136,56.70357769124956 131.01080659386596,31.222077706292914,57.05296392038168 131.01081055862207,31.22207668422327,57.406143347443376 131.01081447871175,31.22207566916921,57.75502335848604 131.01081849412188,31.22207463756636,58.11063549138083 131.01082245580238,31.22207361445344,58.46126435528075 131.01082645746305,31.22207258437317,58.81416806623551 131.01083048501016,31.22207154993903,59.168143789461325 131.01083447417494,31.2220705212338,59.51843018304698 131.01083853983485,31.22206948066765,59.873374729974735 131.01084259300694,31.222068442045025,60.22644662458028 131.0108466242912,31.22206740656016,60.57706659924396 131.01085070400072,31.222066364173664,60.930049547515104 131.010854815928,31.222065317579467,61.28413544162231 131.01085890956995,31.222064273802776,61.63594910543253 131.0108630051936,31.222063230003688,61.9868587453586 131.01086714120115,31.22206218130471,62.339245137744655 131.01087128630385,31.22206113200109,62.69104204266232 131.01087543018744,31.22206008340117,63.04161546070295 131.0108795811205,31.222059034512096,63.39145627495982 131.01088375809422,31.222057983170444,63.74163706240801 131.01088794032574,31.22205693198511,64.09088833456498 131.01089212705511,31.222055881067543,64.43915967096135 131.0108963260692,31.22205482959524,64.78686371586313 131.01090053562044,31.22205377785473,65.13386652705266 131.01090475167229,31.22205272634944,65.47992443601476 131.01090897471968,31.22205167507132,65.8250458912249 131.01091321071638,31.22205062344681,66.16951966591256 131.0109174574802,31.222049571765982,66.51320538504757 131.01092171382209,31.22204852019176,66.85602444225775 131.01092597542493,31.222047469191043,67.19774676469243 131.01093024217948,31.22204641879405,67.5383582952352 131.01093452679368,31.222045367772647,67.87846616275182 131.01093881460568,31.22204431759561,68.21734275006662 131.01094311375903,31.22204326747058,68.55537725831783 131.01094742134,31.222042217690685,68.89242201147842 131.01095174031883,31.22204116797017,69.22861274032888 131.0109560623535,31.22204011910352,69.56355743912128 131.0109603954641,31.22203907030932,69.8976312393868 131.0109647383836,31.222038021693216,70.23077497762307 131.01096908563136,31.222036973757465,70.56274079766389 131.01097344503242,31.2220359257217,70.8938946611639 131.01097781645512,31.22203487756108,71.22423710368632 131.0109821877017,31.222033830423328,71.553219325857 131.0109865719924,31.222032782976424,71.88145908272807 131.01099096166325,31.22203173592104,72.20861782604575 131.0109953574081,31.222030689139608,72.534742151879 131.01099976045063,31.22202964245184,72.85990499272286 131.0110041726883,31.22202859559789,73.18421323855213 131.01100859084713,31.222027548847755,73.50753429007717 131.01101301721488,31.222026501893755,73.82999630517598 131.0110174480394,31.22202545506288,74.15144408277763 131.01102188521992,31.22202440807924,74.47199049960525 131.01102632519715,31.222023361259165,74.79148820363558 131.0110307718117,31.2220223140964,75.11014817782329 131.01103522647867,31.22202126633485,75.42806916934191 131.01103968481965,31.22202021839581,75.74506199304375 131.01104414816882,31.222019170044938,76.06121906527414 131.01104861618427,31.222018121236104,76.37655153562582 131.01105308314547,31.222017072596724,76.69079142915827 131.01105755716853,31.22201602303153,77.00438707998316 131.0110620309923,31.22201497337068,77.31698813850171 131.01106651297096,31.222013922445434,77.62906739262705 131.01107099395963,31.22201287137293,77.94016307052028 131.01107548355583,31.222011818781283,78.25082569982445 131.0110799716742,31.222010765962366,78.56052915707905 131.01108446139187,31.222009712429447,78.86946659970548 131.01108895679363,31.22200865751192,79.17789949868252 131.0110934535792,31.22200760174494,79.485610929181 131.01109794874912,31.2220065455131,79.79244790633324 131.0111024502075,31.222005487565763,80.09889840160609 131.01110695078424,31.22200442891045,80.40456481825092 131.01111145540625,31.22200336873447,80.70976232143987 131.01111595963516,31.222002307665875,81.01424519869117 131.01112046345517,31.222001245663552,81.31802927594745 131.01112496853355,31.22200018241191,81.62123533270073 131.0111294748292,31.22199911786795,81.92387893515918 131.01113398072874,31.221998052255685,82.2258743400358 131.011138486674,31.221996985470604,82.52726206800087 131.0111429907908,31.2219959177968,82.82793485987493 131.01114749835617,31.22199484832463,83.12823893943701 131.01115200241549,31.22199377820439,83.42773933525227 131.0111565093339,31.221992706348,83.72684958723988 131.0111610155358,31.22199163335144,84.02534594471939 131.0111655170919,31.221990559887967,84.32297765472124 131.0111700213672,31.2219894846999,84.62022033440513 131.011174523499,31.221988408626963,84.91676063689827 131.01117902175696,31.22198733198101,85.2124850793627 131.01118352253283,31.22198625368426,85.50780030080008 131.01118801835523,31.22198517503956,85.80222194363203 131.01119251480927,31.22198409512019,86.0961000356903 131.01119701404713,31.221983013596937,86.38956043414784 131.01120150754528,31.221981931950715,86.68205459248348 131.01120599962167,31.22198084948804,86.97384513052907 131.01121049040415,31.22197976623453,87.26492614932013 131.011214983083,31.221978681714248,87.55547836621024 131.01121947308806,31.2219775967358,87.84520499443643 131.011223961173,31.2219765112246,88.13413786502355 131.01122845047632,31.221975424734367,88.42244644221283 131.0112329374217,31.221974337901703,88.70989835322922 131.01123742195492,31.22197325079052,88.99647389394337 131.0112419101635,31.22197216252219,89.28250216131728 131.0112463921579,31.22197107469005,89.5673969166899 131.01125088105255,31.221969985365263,89.8518753230124 131.01125536580884,31.221968896289106,90.13529683885037 131.01125985168716,31.22196780673912,90.4179319276604 131.01126433749283,31.22196671696739,90.69969057297976 131.01126882555803,31.221965626716283,90.98067066564124 131.011273313182,31.221964536441828,91.26070697479824 131.0112778002813,31.22196344621944,91.53977458809852 131.0112822874649,31.221962356034496,91.8178813985218 131.0112867768335,31.22196126568097,92.09510509716792 131.01129126337122,31.22196017588508,92.3711817378716 131.0112957527259,31.221959085977595,92.64635811926608 131.0113002418825,31.2219579964158,92.92046859780469 131.0113047309495,31.22195690724301,93.19349901523356 131.01130922015906,31.22195581848925,93.46543973988813 131.01131371386947,31.22195472969594,93.73645762429508 131.01131820363807,31.221953641919,94.00617140550648 131.01132269758403,31.221952554255896,94.27490766179127 131.01132719521644,31.221951466831424,94.5426205906226 131.0113316922385,31.221950380176047,94.80912008566676 131.01133619140316,31.221949294021435,95.07450224524868 131.0113406928796,31.22194820839478,95.33875648950593 131.01134519772728,31.221947123223423,95.60190740228936 131.01134969857875,31.221946039318905,95.86366844681964 131.01135420257492,31.221944955952903,96.12429522771882 131.01135870863115,31.22194387327323,96.38373360942674 131.01136321462903,31.22194279151834,96.64189936510054 131.01136772555907,31.22194171019996,96.89895943379008 131.01137223389662,31.22194063009184,97.15464589351124 131.01137674204907,31.22193955095649,97.40903970615577 131.01138125864594,31.2219384719486,97.66242431326027 131.01138577639358,31.221937393796853,97.9145496417396 131.0113902920417,31.22193631681478,98.16531036122836 131.01139481240003,31.221935240328165,98.41492925322086 131.01139933468053,31.22193416460289,98.6633145787156 131.01140385953028,31.221933089561976,98.91048939670016 131.01140838725726,31.221932015158185,99.1564665382252 131.01141291734268,31.22193094142161,99.40123378148384 131.0114174463805,31.22192986866487,99.64468906445872 131.01142197731008,31.221928796570623,99.88693248413324 131.01142650968967,31.22192772515104,100.12795773675552 131.01143104096445,31.221926654629435,100.36769309412983 131.0114355731196,31.221925584770418,100.6062113568945 131.01144011492684,31.22192451463104,100.8438024727972 131.01144465052147,31.221923445799195,101.07997379862888 131.01144918843934,31.22192237735543,101.31500960365122 131.011453730111,31.221921309092657,101.5489707407016 131.01145827106996,31.221920241434194,101.78172776741104 131.0114628124873,31.221919174207525,102.0133332679178 131.01146735174905,31.221918107648907,102.2437166243938 131.01147189275892,31.2219170412724,102.47302343330924 131.01147643625188,31.221915974929736,102.70129722854264 131.0114809760721,31.221914909269746,102.92834688411855 131.01148551729452,31.22191384365481,103.15436196780163 131.01149006215647,31.221912777749527,103.37944092627464 131.01149460743778,31.2219117118718,103.60349152207615 131.01149914849435,31.221910646538376,103.82636555341712 131.01150368960955,31.22190958117208,104.04823290037558 131.01150823440952,31.22190851524485,104.2692472720922 131.01151277956114,31.22190744911002,104.48930805113626 131.01151732361396,31.22190638290276,104.70837881357896 131.01152186611063,31.22190531663215,104.92645952009792 131.01152640996548,31.22190424985176,105.14368015589602 131.01153094929228,31.22190318330181,105.3598318715921 131.01153549240897,31.221902115791583,105.575256439004 131.0115400343779,31.22190104794004,105.78977990031198 131.011544577402,31.22189997939003,106.00350633605484 131.01154911752815,31.221898910657806,106.21629234559104 131.01155365478365,31.22189784170367,106.42815229078516 131.0115581939432,31.221896771782674,106.6392988486558 131.0115627333616,31.221895701085487,106.84968060336736 131.0115672751057,31.221894629260984,107.05939878635604 131.01157181253637,31.22189355727692,107.2681846417404 131.01157634865217,31.221892484654568,107.4761754385384 131.01158088949052,31.22189141042649,107.68364387239995 131.0115854247335,31.22189033616008,107.8901546622692 131.01158996271027,31.22188926054069,108.09607719953875 131.01159449895357,31.22188818424316,108.30122570316904 131.01159902994024,31.221887107815025,108.50545092182416 131.01160356054572,31.22188603047272,108.70897272963435 131.01160808850557,31.22188495256563,108.911696339314 131.0116126141818,31.221883874032176,109.11364100854432 131.01161713757082,31.22188279487172,109.31480895683764 131.01162165867322,31.22188171508648,109.51520148827969 131.01162617749347,31.221880634681547,109.71481899451209 131.01163069403987,31.22187955366475,109.91366097859137 131.01163520832466,31.22187847204667,110.11172604803151 131.0116397203636,31.221877389840586,110.3090119217634 131.01164423017616,31.22187630706238,110.50551546790749 131.01164873778535,31.221875223730496,110.70123269781172 131.01165324321755,31.221874139865804,110.89615879487631 131.01165774650235,31.221873055491567,111.09028813741726 131.01166224767255,31.221871970633288,111.2836143294796 131.01166674676384,31.221870885318644,111.4761302217116 131.0116712438147,31.22186979957732,111.66782794615368 131.01167573886627,31.221868713440887,111.85869895400988 131.01168023196212,31.221867626942743,112.04873404248482 131.01168472314805,31.221866540117887,112.23792340150015 131.01168921247188,31.221865453002827,112.42625665245954 131.0116936999833,31.22186436563543,112.61372288005404 131.01169818573365,31.221863278054787,112.80031068295492 131.01170266977567,31.22186219030105,112.98600822549903 131.01170715216327,31.22186110241528,113.17080326651217 131.01171163295135,31.221860014439287,113.35468322491047 131.01171611219564,31.22185892641548,113.5376352144882 131.0117205899523,31.221857838386736,113.7196460936136 131.0117250662778,31.221856750396228,113.90070252486684 131.0117295412288,31.22185566248723,114.08079101678364 131.01173401486176,31.22185457470304,114.2598979685822 131.0117384872328,31.22185348708677,114.43800973675826 131.01174295839743,31.22185239968124,114.61511266688773 131.01174742841056,31.22185131252879,114.7911931522704 131.01175189732595,31.221850225671176,114.96623768163728 131.0117563651964,31.221849139149377,115.14023289282252 131.01176083207315,31.22184805300348,115.3131656115259 131.0117652980061,31.221846967272576,115.48502289802587 131.01176976304345,31.22184588199456,115.65579210681643 131.01177422723143,31.221844797206067,115.82546090648236 131.01177869061442,31.221843712942327,115.9940173452992 131.0117831532346,31.22184262923704,116.16144988104948 131.0117876151319,31.22184154612229,116.32774742077883 131.01179207634397,31.221840463628386,116.49289936353344 131.01179653690588,31.221839381783848,116.6568956262008 131.01180099685016,31.221838300615207,116.81972668922944 131.0118054562067,31.221837220147023,116.98138361749966 131.01180991500277,31.221836140401727,117.14185809610385 131.01181437326278,31.2218350613996,117.30114245519356 131.0118188310084,31.22183398315865,117.45922968985528 131.01182328825843,31.22183290569464,117.61611349291016 131.01182774502882,31.22183182902096,117.77178825789296 131.0118322013327,31.221830753148645,117.92624911185186 131.01183665718042,31.22182967808632,118.07949192329676 131.0118411125794,31.2218286038402,118.23151330518 131.0118455675342,31.221827530414007,118.38231064073813 131.01185002204687,31.22182645780905,118.53188207354988 131.01185447611653,31.22182538602421,118.6802265224446 131.0118589297397,31.221824315055898,118.82734367354892 131.01186338291035,31.22182324489815,118.973233983268 131.01186783562002,31.22182217554261,119.11789867729 131.01187228785764,31.2218211069786,119.26133973468198 131.01187673961,31.22182003919314,119.40355988192512 131.01188119086152,31.221818972171032,119.54456258595737 131.0118856415946,31.22181790589489,119.68435203230447 131.01189009178958,31.22181684034528,119.8229331061955 131.01189454142488,31.22181577550068,119.9603113865988 131.0118989904772,31.221814711337665,120.09649311242713 131.0119034389215,31.22181364783101,120.23148515669476 131.01190788673128,31.22181258495368,120.36529501657894 131.01191233387863,31.221811522677022,120.49793076272742 131.01191678033427,31.221810460970847,120.62940103230268 131.01192122606795,31.221809399803536,120.7597149802772 131.01192567104826,31.22180833914216,120.88888225756844 131.01193011524296,31.221807278952568,121.01691297128149 131.01193455861906,31.221806219199607,121.14381764693904 131.01193900114302,31.221805159847108,121.26960719767064 131.01194344278068,31.22180410085813,121.39429287849218 131.01194788349767,31.221803042195024,121.517886252512 131.0119523232593,31.22180198381956,121.6403991491874 131.01195676203076,31.221800925693127,121.76184361661542 131.01196119977735,31.221799867776788,121.88223189668686 131.01196563646442,31.22179881003144,122.00157636147344 131.01197007205766,31.22179775241789,122.119889492358 131.011974506523,31.22179669489713,122.23718382238648 131.01197893982692,31.22179563743031,122.35347190148164 131.0119833719365,31.22179457997894,122.46876625072304 131.01198780281945,31.221793522505,122.58307932457886 131.01199223244424,31.221792464971063,122.69642346518654 131.0119966607803,31.221791407340408,122.80881087054829 131.01200108779787,31.221790349577184,122.92025353887088 131.0120055134684,31.22178929164645,123.03076324869048 131.01200993776428,31.221788233514328,123.14035150519976 131.0120143606592,31.22178717514812,123.24902951440804 131.01201878212805,31.22178611651641,123.3568081394094 131.01202320214708,31.22178505758912,123.46369787553576 131.0120276206939,31.221783998337667,123.56970880463705 131.01203203774756,31.22178293873501,123.67485058315684 131.01203645328857,31.221781878755763,123.77913238746471 131.01204086729902,31.221780818376207,123.8825629148545 131.0120452797624,31.22177975757447,123.98515033484144 131.012049690664,31.221778696330503,124.08690227325978 131.0120540999906,31.22177763462617,124.18782579835144 131.0120585077306,31.221776572445364,124.2879273849834 131.0120629138742,31.221775509773888,124.38721291365589 131.01206731841305,31.22177444659969,124.48568764068555 131.0120717213406,31.2217733829128,124.58335619224316 131.01207612265208,31.221772318705312,124.68022255342088 131.01208052234412,31.22177125397152,124.77629005431872 131.0120849204152,31.22177018870781,124.8715613730272 131.01208931686543,31.221769122912768,124.96603851177308 131.0120937116964,31.221768056587088,125.059722815806 131.0120981049114,31.22176698973362,125.15261496147174 131.01210249651527,31.22176592235732,125.2447149552175 131.01210688651443,31.22176485446525,125.33602214850428 131.01211127491663,31.22176378606653,125.42653523184092 131.01211566173112,31.221762717172297,125.51625225565928 131.0121200469686,31.221761647795656,125.605170623355 131.01212443064108,31.221760577951663,125.6932871230958 131.01212881276172,31.2217595076572,125.78059792682572 131.01213319334502,31.22175843693097,125.86709861014512 131.0121375724066,31.221757365793383,125.95278417815288 131.0121419499631,31.221756294266537,126.0376490724026 131.01214632603222,31.221755222374075,126.12168719972811 131.0121507006325,31.221754150141127,126.20489195510224 131.0121550737834,31.221753077594247,126.2872562395283 131.01215944550503,31.221752004761274,126.36877249582072 131.01216381581833,31.22175093167125,126.44943272550108 131.01216818474467,31.221749858354325,126.5292285285555 131.01217255230614,31.221748784841683,126.60815112033104 131.01217691852491,31.22174771116537,126.68619136930216 131.0121812834238,31.221746637358272,126.76333983186107 131.01218564702577,31.22174556345392,126.83958677318644 131.0121900093538,31.22174448948643,126.91492221892857 131.01219437043108,31.22174341549041,126.98933596315877 131.01219873028074,31.221742341500768,127.06281763098714 131.0122030889258,31.22174126755272,127.13535668849968 131.01220744638903,31.22174019368155,127.20694250140004 131.0122118026931,31.221739119922614,127.27756434295888 131.01221615786002,31.221738046311128,127.34721145663104 131.0122205119117,31.22173697288214,127.41587307195717 131.01222486486932,31.22173589967036,127.48353845028228 131.01222921675358,31.2217348267101,127.55019691258592 131.0122335675845,31.22173375403513,127.61583787724906 131.01223791738138,31.221732681678592,127.6804508998109 131.01224226616287,31.221731609672904,127.74402568886954 131.01224661394667,31.22173053804964,127.80655216372897 131.0122509607496,31.22172946683945,127.86802046334364 131.01225530658766,31.221728396071992,127.92842099004964 131.0122596514759,31.221727325775777,127.98774443540472 131.01226399542824,31.22172625597813,128.0459818110003 131.01226833845774,31.221725186705093,128.10312447430158 131.01227268057633,31.22172411798137,128.1591641564766 131.0122770217949,31.22172304983022,128.21409298525495 131.0122813621232,31.2217219822734,128.26790351573905 131.01228570157,31.22172091533108,128.32058874233 131.01229004014291,31.22171984902184,128.3721421255622 131.01229437784843,31.22171878336256,128.42255761098733 131.012298714692,31.22171771836838,128.47182964706437 131.012303050678,31.221716654052685,128.519953200067 131.01230738580972,31.221715590427014,128.56692376700445 131.01231172008937,31.221714527501074,128.61273739549884 131.01231605351825,31.22171346528273,128.6573906788151 131.01232038609655,31.22171240377788,128.70088078567835 131.0123247178236,31.221711342990584,128.74320544933929 131.0123290486977,31.221710282922963,128.7843629785078 131.0123333787163,31.22170922357519,128.82435227424963 131.0123377078762,31.22170816494556,128.86317280513575 131.01234203617307,31.221707107030447,128.9008246310995 131.01234636360206,31.221706049824327,128.93730838951873 131.0123506901575,31.22170499331984,128.97262529422272 131.01235501583312,31.22170393750774,129.00677712952935 131.01235934062208,31.22170288237704,129.0397662462683 131.01236366451687,31.221701827914927,129.07159554786642 131.01236798750963,31.22170077410692,129.1022684784214 131.0123723095919,31.221699720936844,129.1317890217074 131.0123766307551,31.22169866838692,129.16016167334587 131.01238095098995,31.22169761643783,129.18739143186025 131.01238527028724,31.22169656506875,129.21348378277415 131.01238958863723,31.221695514257465,129.23844468171487 131.01239390603027,31.221694463980395,129.2622805236016 131.01239822245643,31.22169341421272,129.28499813867182 131.0124025379057,31.22169236492841,129.3066047557051 131.0124068523682,31.221691316100383,129.3271079831407 131.01241116583392,31.22169026770052,129.3465157882052 131.01241547829295,31.22168921969975,129.36483647206524 131.01241978973556,31.22168817206825,129.38207863106547 131.0124241001521,31.22168712477542,129.39825114480217 131.0124284095331,31.221686077790025,129.4133631383553 131.0124327178694,31.22168503108029,129.42742395545312 131.01243702515202,31.22168398461404,129.440443133626 131.01244133137223,31.22168293835872,129.45243037140716 131.0124456365218,31.22168189228154,129.46339549354613 131.01244994059263,31.2216808463496,129.4733484261619 131.0124542435771,31.221679800529927,129.48229916692705 131.01245854546795,31.221678754789657,129.49025774928663 131.01246284625827,31.22167770909605,129.4972342176115 131.0124671459417,31.22167666341665,129.50323858843552 131.0124714445122,31.221675617719352,129.50828082958617 131.01247574196412,31.221674571972528,129.5123708234086 131.01248003829244,31.22167352614508,129.51551834092496 131.01248433349244,31.221672480206568,129.51773300804257 131.01248862755992,31.221671434127288,129.5190242826943 131.01249292049113,31.22167038787836,129.51940142005205 131.01249721228277,31.221669341431834,129.5188734506621 131.012501502932,31.22166829476072,129.51744915460287 131.01250579243643,31.22166724783916,129.51513702968148 131.01251008079413,31.22166620064238,129.5119452715547 131.01251436800362,31.22166515314689,129.50788175186497 131.0125186540638,31.221664105330493,129.5029539874278 131.01252293897403,31.22166305717232,129.49716913128873 131.01252722273406,31.221662008652967,129.49053393992423 131.01253150534407,31.221660959754487,129.48305477025943 131.01253578680456,31.221659910460488,129.4747375359368 131.01254006711648,31.221658860756136,129.46558772421412 131.012544346281,31.221657810628223,129.45561035918828 131.01254862429977,31.22165676006525,129.4448099918574 131.01255290117464,31.221655709057373,129.43319069415745 131.0125571769078,31.22165465759648,129.42075604504757 131.0125614515017,31.22165360567619,129.40750912156474 131.01256572495916,31.22165255329193,129.39345249286103 131.01256999728295,31.22165150044085,129.3785882192093 131.01257426847633,31.22165044712192,129.36291783808832 131.01257853854264,31.221649393335863,129.34644236815836 131.0125828074854,31.221648339085167,129.3291623092623 131.0125870753082,31.221647284374104,129.3110776394414 131.01259134201484,31.22164622920867,129.29218782388327 131.0125956076092,31.2216451735966,129.27249180994983 131.01259987209517,31.22164411754732,129.25198804109323 131.01260413547672,31.221643061071912,129.23067445486683 131.01260839775787,31.221642004183057,129.2085485028038 131.0126126589426,31.221640946895032,129.18560715240474 131.01261691903483,31.22163988922368,129.1618468950878 131.01262117803856,31.221638831186244,129.13726377501305 131.0126254359575,31.221637772801472,129.11185337914145 131.01262969279537,31.221636714089406,129.08561087699215 131.0126339485558,31.221635655071424,129.05853102163564 131.01263820324223,31.221634595770112,129.03060817255255 131.01264245685792,31.22163353620921,129.00183631054256 131.0126467094059,31.22163247641356,128.9722090685354 131.0126509608891,31.22163141640896,128.94171974351653 131.01265521131003,31.221630356222143,128.9103613154109 131.01265946067113,31.22162929588072,128.87812647888845 131.01266370897443,31.22162823541299,128.84500767019892 131.01266795622175,31.22162717484796,128.81099707313305 131.01267220241462,31.221626114215184,128.77608665977505 131.01267644755407,31.22162505354472,128.74026821932404 131.01268069164112,31.22162399286701,128.70353336604413 131.0126849346761,31.22162293221277,128.66587358697305 131.01268917665917,31.221621871612985,128.62728025285375 131.01269341759016,31.22162081109869,128.5877446539146 131.0126976574684,31.22161975070097,128.54725802173496 131.012701896293,31.221618690450835,128.50581156999615 131.0127061340626,31.22161763037913,128.46339649646575 131.0127103707755,31.221616570516424,128.42000403965366 131.01271460642957,31.221615510892978,128.37562548179088 131.01271884102246,31.221614451538567,128.3302521925619 131.01272307455136,31.221613392482467,128.28387564699443 131.0127273070131,31.22161233375335,128.2364874542832 131.01273153840432,31.221611275379143,128.1880793786598 131.01273576872114,31.22161021738705,128.1386433801451 131.01273999795956,31.221609159803368,128.08817161355304 131.01274422611513,31.22160810265348,128.03665647520447 131.0127484531833,31.22160704596173,127.9840906178368 131.01275267915915,31.2216059897514,127.93046696948667 131.01275690403764,31.221604934044592,127.87577875436166 131.0127611278135,31.2216038788622,127.820019520671 131.01276535048126,31.221602824223805,127.76318315553296 131.01276957203544,31.22160177014769,127.7052638988898 131.01277379247034,31.221600716650705,127.64625636239136 131.01277801178023,31.22159966374827,127.58615555822098 131.01278222995938,31.22159861145428,127.52495688716392 131.01278644700204,31.221597559781124,127.46265617836876 131.0127906629025,31.221596508739623,127.3992496813926 131.01279487765507,31.22159545833897,127.33473409303832 131.01279909125435,31.221594408586743,127.26910655337988 131.0128033036949,31.221593359488864,127.20236466066864 131.01280751497157,31.22159231104958,127.13450647630565 131.01281172507936,31.221591263271456,127.065530527822 131.0128159340136,31.22159021615537,126.99543581683126 131.0128201417699,31.221589169700508,126.92422181505368 131.0128243483442,31.22158812390437,126.85188847525016 131.0128285537328,31.2215870787628,126.77843621432508 131.01283275793247,31.221586034269933,126.70386592923056 131.01283696094026,31.22158499041832,126.62817898006952 131.01284116275383,31.22158394719883,126.551377192084 131.01284536337133,31.2215829046008,126.47346284571692 131.0128495627913,31.221581862611984,126.39443866965487 131.01285376101296,31.221580821218605,126.31430783884174 131.01285795803605,31.22157978040545,126.2330739496294 131.01286215386088,31.221578740155856,126.15074101779258 131.01286634848836,31.221577700451803,126.0673134705772 131.01287054192002,31.221576661273943,125.98279611986536 131.0128747341581,31.22157562260168,125.89719415521824 131.01287892520523,31.221574584413226,125.810513125987 131.01288311506505,31.22157354668568,125.7227589293868 131.0128873037415,31.22157250939508,125.63393777670171 131.01289149123937,31.22157147251648,125.54405619130152 131.01289567756396,31.22157043602407,125.45312098080916 131.01289986272127,31.22156939989117,125.36113921623172 131.01290404671795,31.221568364090388,125.26811821009322 131.01290822956113,31.22156732859368,125.17406549357564 131.0129124112586,31.22156629337244,125.07898879763609 131.0129165918187,31.22156525839753,124.98289602716451 131.0129207712504,31.221564223639493,124.88579523315477 131.01292494956303,31.221563189068508,124.78769459481497 131.0129291267665,31.221562154654567,124.68860238875618 131.01293330287112,31.221561120367543,124.5885269750796 131.0129374778877,31.22156008617727,124.48747675364228 131.01294165182736,31.221559052053657,124.385460153126 131.0129458247016,31.22155801796672,124.28248560817832 131.01294999652222,31.221556983886767,124.1785615196543 131.0129541673013,31.22155594978441,124.07369624169776 131.01295833705106,31.22155491563068,123.96789805589876 131.01296250578403,31.221553881397128,123.8611751414768 131.01296667351272,31.221552847055893,123.7535355534143 131.01297084024984,31.22155181257977,123.64498719760952 131.01297500600805,31.22155077794236,123.53553781398033 131.0129791708001,31.221549743118047,123.42519494664576 131.01298333463848,31.22154870808219,123.31396592305506 131.0129874975358,31.221547672811084,123.20185783311445 131.0129916595044,31.22154663728214,123.08887751328496 131.01299582055634,31.221545601473863,122.97503151775824 131.0129999807036,31.221544565365967,122.86032611150036 131.01300413995764,31.221543528939463,122.74476723645655 131.0130082983298,31.22154249217665,122.62836051155276 131.01301245583085,31.2215414550612,122.51111120784644 131.0130166124712,31.221540417578208,122.3930242316298 131.01302076826076,31.221539379714283,122.27410411449095 131.01302492320897,31.22153834145748,122.15435500635547 131.01302907732455,31.22153730279745,122.0337806486505 131.01303323061583,31.22153626372541,121.91238438722564 131.0130373830904,31.22153522423418,121.79016913358836 131.01304153475513,31.22153418431821,121.6671373877655 131.0130456856163,31.221533143973605,121.54329121345388 131.01304983567937,31.22153210319813,121.41863223603136 131.01305398494912,31.22153106199119,121.2931616455391 131.01305813342947,31.221530020353896,121.16688018773549 131.01306228112364,31.221528978289,121.03978816707676 131.0130664280339,31.221527935800907,120.91188544373496 131.0130705741618,31.22152689289566,120.78317143856702 131.01307471950793,31.22152584958096,120.65364513808376 131.01307886407207,31.221524805866057,120.52330508947908 131.0130830078531,31.2215237617618,120.39214942349038 131.0130871508491,31.22152271728056,120.26017584147613 131.01309129305707,31.221521672436182,120.12738163827548 131.01309543447334,31.22152062724401,119.99376370916588 131.01309957509315,31.22151958172074,119.8593185568183 131.013103714911,31.221518535884428,119.72404230521306 131.01310785392047,31.22151748975444,119.58793071255876 131.0131119921142,31.22151644335136,119.45097918918336 131.01311612948413,31.221515396696937,119.31318281045426 131.01312026602116,31.221514349814043,119.17453632770956 131.01312440171543,31.221513302726528,119.03503419708252 131.01312853655648,31.221512255459263,118.89467058645864 131.01313267053277,31.22151120803796,118.75343940727927 131.01313680363216,31.22151016048911,118.61133431951184 131.01314093584173,31.221509112839964,118.46834876643598 131.01314506714797,31.22150806511837,118.3244759825941 131.01314919753656,31.22150701735276,118.17970903056748 131.01315332699266,31.22150596957196,118.03404081389527 131.0131574555008,31.221504921805213,117.8874640969528 131.013161583045,31.22150387408202,117.7399715407334 131.01316570960867,31.221502826432094,117.59155571477436 131.01316983517492,31.22150177888521,117.4422091259798 131.01317395972634,31.22150073147116,117.29192424744616 131.0131780832452,31.221499684219665,117.1406935313808 131.0131822057135,31.22149863716028,116.98850944389032 131.0131863271129,31.22149759032224,116.83536448784132 131.01319044742493,31.221496543734457,116.68125121577896 131.01319456663094,31.221495497425405,116.52616226968652 131.0131986847122,31.22149445142299,116.37009039489912 131.01320280165,31.22149340575452,116.21302846495148 131.01320691742563,31.22149236044657,116.05496950443954 131.01321103202048,31.22149131552496,115.89590670989136 131.01321514541607,31.22149027101459,115.73583347958694 131.0132192575942,31.221489226939468,115.57474341852632 131.01322336853696,31.221488183322528,115.41263037520656 131.01322747822667,31.221487140185644,115.24948845454244 131.0132315866462,31.22148609754951,115.08531203078716 131.01323569377882,31.221485055433607,114.9200957733758 131.0132397996084,31.221484013856088,114.75383466382272 131.01324390411935,31.221482972833805,114.58652400267847 131.01324800729677,31.22148193238217,114.41815943437994 131.0132521091264,31.221480892515142,114.24873695520012 131.01325620959489,31.22147985324521,114.07825292716636 131.01326030868964,31.22147881458329,113.90670408799797 131.0132644063989,31.221477776538748,113.73408756502371 131.01326850271195,31.22147673911932,113.56040087617444 131.013272597619,31.221475702331144,113.38564195284684 131.01327669111134,31.221474666178697,113.20980912598615 131.0132807831813,31.221473630664768,113.03290114894948 131.01328487382233,31.2214725957905,112.8549171925366 131.0132889630291,31.221471561555333,112.67585684101353 131.0132930507974,31.221470527957024,112.49572011497646 131.0132971371243,31.221469494991663,112.31450743656154 131.01330122200807,31.221468462653696,112.13221966821274 131.0133053054483,31.221467430935864,111.94885807987998 131.01330938744593,31.221466399829342,111.76442435299748 131.01331346800305,31.221465369323685,111.5789205794895 131.01331754712322,31.22146433940689,111.39234925382108 131.01332162481123,31.22146331006543,111.2047132590822 131.01332570107323,31.22146228128429,111.01601586798444 131.01332977591676,31.221461253047007,110.8262607130413 131.0133338493505,31.22146022533575,110.63545180346868 131.01333792138456,31.22145919813135,110.44359348443244 131.01334199203026,31.22145817141337,110.25069044400745 131.01334606130027,31.22145714516017,110.05674768336 131.01335012920833,31.221456119349007,109.861770512773 131.01335419576947,31.221455093956035,109.66576452679844 131.0133582609999,31.22145406895644,109.46873559431852 131.01336232491678,31.22145304432452,109.27068982276356 131.01336638753853,31.221452020033727,109.07163356109672 131.01337044888433,31.221450996056777,108.87157336601832 131.01337450897452,31.221449972365743,108.670515984077 131.0133785678302,31.22144894893212,108.46846833676096 131.01338262547333,31.22144792572694,108.26543747974536 131.0133866819266,31.221446902720885,108.06143061184096 131.01339073721337,31.221445879884296,107.85645501535448 131.0133947913576,31.2214448571874,107.65051806503811 131.0133988443838,31.22144383460024,107.44362719031754 131.0134028963168,31.221442812092928,107.23578984746216 131.01340694718195,31.22144178963565,107.02701350865304 131.01341099700477,31.2214407671988,106.81730562719324 131.01341504581092,31.22143974475304,106.60667361763004 131.01341909362617,31.22143872226944,106.39512484780413 131.01342314047633,31.22143769971954,106.18266658119867 131.01342718638716,31.221436677075456,105.96930599085628 131.01343123138406,31.22143565430997,105.75505011465074 131.01343527549227,31.221434631396622,105.53990583441296 131.01343931873677,31.22143360830974,105.32387987394512 131.01344336114184,31.221432585024647,105.10697874733206 131.01344740273137,31.221431561517623,104.88920876590105 131.01345144352857,31.22143053776607,104.6705760054196 131.013455483556,31.22142951374852,104.4510862901928 131.0134595228353,31.221428489444754,104.23074517119451 131.0134635613873,31.221427464835827,104.00955791811694 131.01346759923192,31.22142643990417,103.787529493526 131.01347163638786,31.221425414633664,103.56466454093348 131.01347567287294,31.221424389009616,103.340967370881 131.01347970870367,31.2214233630189,103.11644195398216 131.01348374389528,31.221422336649955,102.8910919000482 131.01348777846184,31.221421309892843,102.66492044715324 131.0134918124159,31.22142028273925,102.43793046262871 131.01349584576874,31.22141925518256,102.2101244201998 131.01349987853007,31.22141822721783,101.9815044039616 131.0135039107082,31.221417198841863,101.75207210042647 131.0135079423098,31.221416170053235,101.52182879057035 131.01351197334003,31.2214151408522,101.29077534685092 131.01351600380244,31.221414111240783,101.05891223618804 131.01352003369897,31.221413081222742,100.82623952195142 131.01352406302985,31.22141205080355,100.59275684606652 131.01352809179377,31.221411019990423,100.35846345088218 131.01353211998764,31.221409988792228,100.1233581791691 131.01353614760683,31.22140895721952,99.88743947610708 131.01354017464504,31.221407925284463,99.65070539226478 131.01354420109425,31.221406893000857,99.4131535955277 131.01354822694483,31.221405860383967,99.17478138004142 131.01355225218566,31.221404827450616,98.93558567416304 131.01355627680385,31.221403794219025,98.69556304940562 131.01356030078512,31.221402760708823,98.4547097413109 131.0135643241136,31.221401726940964,98.2130216544171 131.01356834677205,31.221400692937628,97.97049438412688 131.01357236874165,31.22139965872216,97.72712322366206 131.01357639000236,31.221398624319026,97.48290319090164 131.0135804105327,31.22139758975369,97.23782903633216 131.0135844303101,31.22139655505256,96.99189526590736 131.01358844931065,31.221395520242897,96.74509616887995 131.0135924675095,31.221394485352704,96.49742582575156 131.0135964848806,31.22139345041064,96.24887812914538 131.01360050139695,31.22139241544594,95.9994468176018 131.01360451703087,31.22139138048832,95.74912548452176 131.0136085317537,31.221390345567816,95.49790760599872 131.0136125455361,31.22138931071481,95.24578656964312 131.01361655834825,31.22138827595981,94.99275569048544 131.0136205701597,31.2213872413334,94.7388082318488 131.01362458093965,31.221386206866104,94.48393743815087 131.013628590657,31.221385172588324,94.22813655577654 131.01363259928036,31.22138413853023,93.97139884997496 131.0136366067783,31.221383104721667,93.71371763766103 131.01364061311952,31.221382071192,93.45508630828908 131.01364461827256,31.22138103797005,93.19549834472612 131.01364862220643,31.22138000508403,92.93494734909588 131.01365262489023,31.22137897256137,92.67342706166352 131.0136566262937,31.22137794042872,92.41093138767428 131.01366062638706,31.221376908711783,92.14745441425104 131.01366462514113,31.221375877435225,91.88299043822616 131.0136686225275,31.22137484662265,91.6175339790642 131.0136726185186,31.221373816296463,91.3510797937706 131.01367661308782,31.2213727864778,91.08362291367176 131.01368060620968,31.22137175718651,90.81515864441384 131.0136845978598,31.221370728440995,90.54568258982025 131.013688588015,31.2213697002582,90.27519066978344 131.01369257665348,31.221368672653536,90.00367912026566 131.0136965637549,31.22136764564082,89.73114453007811 131.0137005493004,31.22136661923228,89.45758383392298 131.01370453327272,31.22136559343841,89.18299433227429 131.0137085156562,31.22136456826801,88.90737369833815 131.01371249643697,31.22136354372812,88.63071998401537 131.01371647560293,31.221362519823987,88.35303162686237 131.01372045314386,31.221361496559084,88.07430746500131 131.01372442905145,31.221360473935047,87.79454673712236 131.01372840331925,31.221359451951702,87.5137490695608 131.01373237594285,31.22135843060701,87.23191450413269 131.01373634691993,31.221357409897166,86.94904346930765 131.01374031625008,31.221356389816503,86.66513681400825 131.01374428393504,31.221355370357603,86.38019577381445 131.01374824997865,31.22135435151123,86.09422197792203 131.01375221438667,31.221353333266425,85.80721744914572 131.01375617716712,31.221352315610524,85.51918458205073 131.01376013833,31.221351298529232,85.2301261638297 131.0137640960473,31.22135028225434,84.94014564343598 131.0137680503892,31.22134926676037,84.64924440871127 131.0137720006015,31.22134825213177,84.35746913093288 131.01377594606788,31.22134723843316,84.0648597958768 131.0137798861762,31.221346225727466,83.77145684963737 131.01378382031902,31.22134521407592,83.47730116085843 131.013787747894,31.221344203538173,83.1824339630824 131.0137916683042,31.221343194172288,82.88689680803489 131.0137955809584,31.221342186034867,82.5907315199019 131.0137994852714,31.221341179181096,82.29398012475765 131.0138033806642,31.2213401736648,81.99668482273414 131.01380726656444,31.221339169538528,81.6988879085014 131.01381114240667,31.221338166853712,81.40063173349651 131.0138150076324,31.22133716566065,81.10195864628444 131.0138188616904,31.22133616600861,80.80291093689377 131.01382270403707,31.221335167945988,80.5035307841352 131.0138265341365,31.22133417152032,80.20386020192464 131.01383035146063,31.221333176778423,79.90394098958339 131.01383415548943,31.221332183766435,79.60381466822038 131.01383794571123,31.22133119252991,79.30352244892472 131.01384172162267,31.221330203113915,79.00310516914702 131.01384548272893,31.22132921556315,78.70260324498635 131.01384922854388,31.22132822992189,78.40205663639917 131.0138529585901,31.221327246234203,78.10150478954448 131.01385667239913,31.221326264543908,77.80098660398086 131.01386036951155,31.22132528489473,77.50054038693897 131.0138640494771,31.22132430733025,77.20020381753628 131.01386771185443,31.22132333189404,76.90001391198396 131.01387135621167,31.22132235862964,76.60000698879418 131.01387498212642,31.22132138758069,76.30021863597521 131.0138785891855,31.22132041879084,76.00068368617873 131.01388217698522,31.221319452303835,75.70143619383511 131.01388574513155,31.22131848816356,75.40250939936509 131.01388929324008,31.221317526414023,75.10393572023139 131.01389282093592,31.221316567099343,74.80574673205032 131.01389632785398,31.221315610263733,74.50797314473054 131.01389981363883,31.22131465595156,74.21064480247165 131.013903277945,31.221313704207343,73.91379065294505 131.01390672043658,31.221312755075584,73.61743876419035 131.0139101407876,31.22131180860089,73.32161629876697 131.013913538682,31.22131086482792,73.02634951872093 131.01391691381357,31.221309923801314,72.73166378061153 131.01392026588593,31.22130898556565,72.43758354644338 131.01392359461252,31.22130805016543,72.144132369745 131.01392689971695,31.221307117645043,71.85133291345949 131.01393018093256,31.22130618804869,71.55920694894671 131.01393343800248,31.22130526142029,71.2677753698965 131.0139366706798,31.22130433780354,70.97705819630144 131.01393987872768,31.22130341724176,70.68707458936457 131.01394306191887,31.221302499777845,70.39784286441855 131.013946220036,31.221301585454245,70.10938050285048 131.0139493528714,31.221300674312864,69.82170416999223 131.01395246022753,31.221299766395084,69.53482971809888 131.01395554191612,31.221298861741555,69.24877223207214 131.01395859775872,31.22129796039224,68.96354601056944 131.01396162758647,31.221297062386377,68.67916461471103 131.01396463124024,31.22129616776236,68.39564086906928 131.01396760857014,31.221295276557644,68.11298689049411 131.0139705594357,31.221294388808804,67.83121409805045 131.01397348370597,31.22129350455141,67.5503332488018 131.01397638125914,31.221292623820023,67.27035443581849 131.01397925198253,31.22129174664803,66.99128713489658 131.01398209577246,31.22129087306772,66.71314020256631 131.01398491253457,31.22129000311025,66.43592190193579 131.013987702183,31.22128913680549,66.15963993748025 131.0139904646408,31.221288274182072,65.88430145205707 131.01399319983955,31.22128741526732,65.60991306666679 131.01399590771965,31.221286560087304,65.33648088641489 131.0139985882296,31.22128570866664,65.0640105283429 131.0140012413262,31.22128486102863,64.79250713335544 131.01400386697455,31.221284017195185,64.52197539703471 131.0140064651477,31.2212831771868,64.25241956466719 131.0140090358265,31.221282341022505,63.98384347995212 131.01401157899937,31.221281508719912,63.71625057207585 131.0140140946628,31.22128068029521,63.44964389646784 131.01401658282015,31.221279855763143,63.184026125851545 131.0140190434823,31.22127903513693,62.91939959795872 131.01402147666707,31.221278218428417,62.655766301611045 131.01402388239967,31.221277405647992,62.39312790156998 131.01402626071155,31.22127659680457,62.1314857594111 131.01402861164098,31.22127579190568,61.87084093650527 131.0140309352327,31.221274990957383,61.61119421588664 131.01403323153795,31.22127419396441,61.35254610026361 131.01403550061363,31.22127340093004,61.09489684382783 131.0140377425228,31.22127261185621,60.838246448277175 131.01403995733446,31.22127182674356,60.58259467971365 131.01404214512308,31.221271045591337,60.32794107361309 131.0140443059684,31.221270268397525,60.074284954705455 131.01404643995562,31.221269495158843,59.82162543796855 131.01404854717515,31.221268725870807,59.56996143558539 131.014050627722,31.221267960527644,59.319291673842805 131.01405268169597,31.22126719912244,59.06961469810114 131.01405470920176,31.221266441647128,58.82092887577586 131.01405671034823,31.22126568809257,58.57323240428942 131.01405868524844,31.221264938448467,58.32652332697625 131.01406063401956,31.2212641927035,58.08079953208743 131.01406255678287,31.22126345084537,57.836058751796905 131.01406445366322,31.22126271286077,57.59229858705237 131.014066324789,31.22126197873545,57.349516499622446 131.0140681702921,31.221261248454223,57.10770981408412 131.01406999101914,31.221260521898653,56.8668201938729 131.01407178704875,31.221259799060466,56.62684883927741 131.01407355879084,31.22125907988329,56.38777126715064 131.014075306591,31.221258364319727,56.14956792083444 131.01407703078834,31.22125765232297,55.91221971480767 131.01407873171465,31.22125694384688,55.67570806848582 131.01408040969514,31.22125623884598,55.44001488634184 131.01408206504863,31.221255537275496,55.20512252311472 131.0140836980874,31.22125483909124,54.97101380568153 131.01408530911735,31.22125414424965,54.73767199230174 131.0140868984386,31.221253452707806,54.50508076565996 131.01408846634544,31.2212527644234,54.27322422093943 131.01409001312626,31.221252079354663,54.04208685488787 131.01409153906388,31.22125139746045,53.8116535519022 131.01409304443598,31.2212507187002,53.58190956812473 131.0140945295148,31.22125004303387,53.35284052846247 131.01409599456733,31.221249370422026,53.12443240471784 131.01409743985565,31.22124870082572,52.896671519567576 131.01409886563732,31.22124803420663,52.6695445177345 131.01410027216463,31.221247370526896,52.443038368971486 131.0141016596855,31.221246709749188,52.2171403581216 131.01410302844337,31.22124605183672,51.991838063249645 131.01410437867744,31.2212453967532,51.767119354649 131.0141057106223,31.22124474446284,51.54297238987184 131.01410702450835,31.22124409493032,51.31938560876039 131.01410832056237,31.22124344812091,51.09634770362487 131.0141095990067,31.22124280400025,50.873847641114416 131.0141108600598,31.221242162534548,50.651874631401526 131.01411210393653,31.22124152369044,50.43041812917654 131.01411333084795,31.22124088743505,50.20946782669038 131.01411454100148,31.221240253735985,49.98901364878468 131.0141157346008,31.221239622561257,49.76904574195765 131.01411691184654,31.221238993879407,49.54955446342988 131.0141180729356,31.22123836765937,49.33053039207992 131.01411921806155,31.22123774387053,49.11196430061081 131.0141203474149,31.22123712248277,48.893847161514806 131.01412146118298,31.22123650346632,48.676170142104176 131.0141225595498,31.221235886791927,48.458924592582285 131.01412364269643,31.22123527243068,48.242102050020726 131.01412471080118,31.221234660354185,48.02569421947253 131.0141257640392,31.221234050534395,47.8096929849071 131.01412680258272,31.22123344294369,47.594090386347006 131.0141278266014,31.22123283755488,47.37887863776251 131.0141288362622,31.22123223434119,47.16405009526044 131.01412983172906,31.2212316332762,46.94959727597288 131.0141308131635,31.221231034333897,46.735512849111096 131.0141317807247,31.221230437488728,46.52178961210698 131.01413273456893,31.221229842715434,46.30842051844886 131.01413367485014,31.221229249989207,46.095398644876425 131.01413460171997,31.2212286592856,45.88271720828104 131.01413551532747,31.221228070580533,45.67036954980034 131.01413641581956,31.221227483850303,45.45834913581297 131.0141373033407,31.22122689907158,45.24664955793902 131.0141381780333,31.221226316221426,45.0352645181286 131.01413904003746,31.2212257352772,44.8241878405917 131.0141398894909,31.22122515621665,44.61341345788109 131.0141407265299,31.221224579017942,44.40293541288104 131.01414155128785,31.221224003659497,44.19274784986021 131.01414236389655,31.221223430120105,43.98284502540782 131.0141431644858,31.221222858378944,43.77322128656328 131.01414395318335,31.22122228841548,43.56387108274556 131.0141447301149,31.221221720209527,43.354788962771934 131.01414549540456,31.22122115374125,43.14596956093997 131.01414624917436,31.22122058899114,42.93740760498128 131.01414699154444,31.22122002593998,42.72909791307909 131.01414772263328,31.221219464568893,42.52103538591577 131.01414844255777,31.221218904859345,42.31321501064992 131.0141491514326,31.22121834679307,42.105631852962965 131.0141498493711,31.22121779035212,41.8982810660072 131.0141505364851,31.221217235518903,41.69115786952925 131.01415121288423,31.22121668227606,41.484257568758494 131.01415187867696,31.22121613060657,41.27757553850174 131.0141525339701,31.22121558049372,41.07110722513135 131.0141531788688,31.22121503192107,40.86484814658575 131.01415381347667,31.22121448487244,40.65879389733997 131.0141544378959,31.221213939332007,40.45294012355325 131.01415505222727,31.221213395284163,40.24728255488083 131.01415565656978,31.2212128527136,40.04181696967988 131.01415625102143,31.22121231160532,39.83653922284536 131.0141568356785,31.22121177194455,39.63144522095706 131.01415741063596,31.2212112337168,39.42653093619735 131.01415797598756,31.221210696907846,39.22179239740444 131.01415853182553,31.22121016150377,39.01722569007266 131.0141590782408,31.221209627490826,38.81282696231705 131.01415961532325,31.22120909485561,38.60859240697968 131.01416014316115,31.22120856358491,38.40451828151199 131.01416066184163,31.221208033665786,38.20060089405736 131.01416117145078,31.221207505085577,37.9968365954984 131.01416167207324,31.22120697783181,37.79322180033348 131.0141621637925,31.22120645189227,37.58975296679456 131.01416264669106,31.221205927255024,37.386426599829576 131.01416312085,31.2212054039083,37.18323925905571 131.0141635863494,31.2212048818406,36.98018754384768 131.0141640432684,31.22120436104068,36.77726810526724 131.01416449168468,31.221203841497445,36.574477639104494 131.01416493167503,31.221203323200093,36.37181287991333 131.01416536331536,31.22120280613804,36.16927061294106 131.0141657866801,31.221202290300848,35.96684766518124 131.01416620184304,31.221201775678377,35.76454090239168 131.01416660887682,31.221201262260653,35.56234723505916 131.014167007853,31.221200750037905,35.360263611440615 131.01416739884232,31.2212002390006,35.158287023528175 131.01416778191447,31.221199729139386,34.95641449909609 131.01416815713813,31.221199220445083,34.754643109654005 131.01416852458124,31.22119871290879,34.55296995553512 131.01416888431055,31.22119820652172,34.35139218577867 131.01416923639215,31.221197701275283,34.14990698222422 131.01416958089115,31.22119719716116,33.948511556529425 131.01416991787175,31.221196694171084,33.74720316806394 131.01417024739732,31.22119619229712,33.5459791010454 131.01417056953042,31.221195691531392,33.34483667945053 131.0141708843326,31.22119519186625,33.143773265027725 131.014171191865,31.22119469329428,32.94278624238478 131.0141714921874,31.221194195808103,32.741873041854 131.01417178535928,31.221193699400644,32.541031118615805 131.01417207143905,31.22119320406491,32.34025796363399 131.01417235048436,31.221192709794096,32.13955110166757 131.01417262255237,31.221192216581613,31.93890808232392 131.0141728876991,31.221191724420944,31.73832649198813 131.01417314598018,31.22119123330579,31.53780394487607 131.0141733974504,31.22119074323,31.337338090987544 131.01417364216363,31.22119025418753,31.13692660715905 131.0141738801736,31.221189766172568,30.93656719507571 131.01417411153267,31.221189279179367,30.73625759518915 131.01417433629308,31.2211887932024,30.535995566834966 131.01417455450607,31.22118830823621,30.33577890612709 131.01417476622237,31.22118782427553,30.13560543800485 131.0141749714921,31.221187341315247,29.93547300529768 131.01417517036467,31.22118685935031,29.735379490595864 131.01417536288895,31.221186378375897,29.53532279736253 131.0141755491131,31.22118589838724,29.335300857886097 131.01417572908477,31.221185419379736,29.13531162930448 131.01417590285104,31.221184941348906,28.93535310155784 131.01417607045826,31.221184464290385,28.735423284465 131.01417623195246,31.221183988199968,28.53552021368837 131.01417638737882,31.22118351307349,28.335641959681126 131.01417653678234,31.221183038907025,28.13578660382817 131.01417668020713,31.22118256569664,27.935952269264213 131.01417681769695,31.2211820934386,27.736137095026432 131.01417694929506,31.221181622129244,27.536339241025114 131.01417707504413,31.221181151765045,27.33655690096764 131.01417719498636,31.22118068234256,27.13678828645215 131.0141773091635,31.22118021385845,26.937031642874064 131.0141774176167,31.221179746309527,26.73728522755483 131.01417752038688,31.221179279692628,26.537547329624847 131.01417761751424,31.221178814004773,26.33781625709988 131.0141777090386,31.221178349243,26.138090344833888 131.01417779499943,31.221177885404508,25.93836795153708 131.01417787543562,31.221177422486555,25.73864745778732 131.01417795038583,31.22117696048652,25.53892726304798 131.01417801988802,31.2211764994018,25.33920580057996 131.01417808398003,31.22117603923,25.13948150861184 131.0141781426991,31.22117557996869,24.93975287010533 131.01417819608218,31.221175121615616,24.74001836702505 131.01417824416575,31.221174664168547,24.54027652408072 131.014178286986,31.221174207625367,24.34052587194392 131.0141783245786,31.22117375198404,24.14076497309588 131.0141783569791,31.221173297242554,23.94099240890363 131.0141783842224,31.221172843399053,23.74120677763192 131.0141784063434,31.221172390451702,23.54140670637277 131.01417842337628,31.221171938398765,23.341590838121807 131.01417843535515,31.221171487238543,23.141757838737217 131.01417844231375,31.22117103696945,22.9419063929634 131.0141784442854,31.22117058758992,22.74203521138969 131.01417844130327,31.2211701390985,22.542143019515184 131.01417843340005,31.22116969149376,22.34222856470757 131.01417842060832,31.22116924477436,22.14229061620325 131.01417840296023,31.221168798939008,21.94232796212496 131.0141783804877,31.221168353986496,21.742339411470056 131.01417835322235,31.22116790991563,21.54232379212233 131.0141783211956,31.221167466725287,21.34227995284024 131.01417828443857,31.22116702441444,21.142206760274707 131.01417824298213,31.221166582982047,20.94210310294553 131.01417819685685,31.2211661424272,20.74196788229426 131.0141781460932,31.22116570274895,20.541800029584653 131.01417809072123,31.221165263946464,20.34159848800813 131.01417803077103,31.22116482601895,20.14136221964283 131.01417796627214,31.22116438896561,19.94109020943016 131.01417789725417,31.221163952785783,19.740781455233563 131.0141778237464,31.22116351747877,19.54043497678561 131.0141777457779,31.221163083043955,19.34004981370007 131.01417766337764,31.221162649480743,19.139625023483315 131.01417757657435,31.221162216788606,18.93915967457556 131.01417748539652,31.22116178496701,18.73865286722799 131.01417738987254,31.22116135401552,18.538103703678228 131.01417729003072,31.22116092393369,18.337511317975007 131.014177185899,31.22116049472115,18.136874850130063 131.01417707750537,31.22116006637752,17.936193468984044 131.01417696487755,31.22115963890248,17.73546635033475 131.0141768480433,31.221159212295746,17.53469269383813 131.0141767270299,31.22115878655704,17.333871714060756 131.01417660186493,31.22115836168616,17.133002641474057 131.01417647257557,31.2211579376829,16.932084724442664 131.01417633918896,31.221157514547084,16.731117231212778 131.0141762017321,31.221157092278567,16.530099437982308 131.01417606023207,31.221156670877274,16.329030646795758 131.01417591471562,31.22115625034309,16.127910170631903 131.0141757652096,31.221155830675965,15.926737340362855 131.01417561174063,31.22115541187585,15.725511500777564 131.01417545433532,31.221154993942765,15.524232016546817 131.01417529302034,31.221154576876703,15.32289826327572 131.01417512782214,31.221154160677727,15.121509638439594 131.01417495876714,31.22115374534588,14.920065546471628 131.01417478588175,31.22115333088127,14.718565411686887 131.01417460919242,31.221152917283973,14.517008679276593 131.01417442872537,31.221152504554134,14.315394802384048 131.014174244507,31.221152092691927,14.113723242104705 131.01417405656363,31.221151681697503,13.91199349432848 131.0141738649215,31.221151271571063,13.710205050967536 131.01417366960695,31.22115086231283,13.508357425804531 131.01417347064623,31.221150453923023,13.306450147533466 131.01417326806572,31.221150046401924,13.104482754788975 131.0141730618917,31.22114963974979,12.902454809070443 131.01417285215058,31.221149233966926,12.700365874858711 131.0141726388687,31.221148829053657,12.498215537511182 131.01417242207256,31.22114842501032,12.296003393320127 131.01417220178865,31.221148021837248,12.093729054483488 131.01417197804346,31.22114761953488,11.891392138169287 131.01417175086368,31.221147218103567,11.688992286398692 131.01417152027605,31.22114681754377,11.486529146163008 131.01417128630726,31.221146417855927,11.284002377376815 131.01417104898428,31.22114601904051,11.081411660831444 131.01417080833403,31.221145621098007,10.878756680300004 131.0141705643837,31.22114522402896,10.676037132479056 131.0141703171605,31.22114482783392,10.473252730965289 131.01417006669186,31.221144432513448,10.270403195319744 131.01416981300525,31.221144038068164,10.067488265980328 131.0141695561283,31.221143644498685,9.86450768736101 131.01416929608908,31.221143251805696,9.661461212822708 131.0141690329154,31.221142859989893,9.458348617597451 131.0141687666356,31.221142469052,9.255169680893385 131.01416849727812,31.221142078992795,9.051924186889009 131.0141682248716,31.22114168981309,8.848611943622371 131.014167949445,31.22114130151373,8.645232761119372 131.0141676710275,31.22114091409562,8.441786459347163 131.01416738964852,31.221140527559687,8.238272872190834 131.01416710533775,31.22114014190693,8.034691841488446 131.01416681812532,31.221139757138392,7.831043220013523 131.01416652804153,31.221139373255177,7.627326865510083 131.0141662351171,31.22113899025843,7.423542650634346 131.01416593938313,31.2211386081494,7.219690453013099 131.01416564087114,31.22113822692936,7.015770162202817 131.0141653395393,31.221137846584185,6.811782308001822 131.01416503542129,31.22113746711552,6.607726761077845 131.01416472851767,31.2211370885181,6.403603695318916 131.01416441883464,31.22113671078776,6.199413236893329 131.01416410637827,31.22113633392028,5.995155518928742 131.0141637911547,31.221135957911457,5.790830682506395 131.01416347317004,31.22113558275705,5.5864388667193525 131.01416315243063,31.221135208452782,5.381980222590965 131.01416282894263,31.22113483499439,5.177454902138971 131.0141625027125,31.22113446237755,4.972863067323053 131.01416217374654,31.22113409059793,4.768204879108966 131.01416184205118,31.2211337196512,4.56348050741027 131.0141615076329,31.22113334953299,4.358690123134951 131.0141611704983,31.22113298023889,4.15383391309804 131.01416083065396,31.22113261176452,3.94891205417312 131.01416048810657,31.221132244105444,3.743924738146669 131.0141601428629,31.221131877257207,3.538872155811277 131.01415979492972,31.22113151121536,3.333754507901608 131.01415944431395,31.2211311459754,3.1285719971409733 131.01415909102255,31.221130781532864,2.923324829235565 131.01415873506252,31.22113041788321,2.718013219833648 131.01415837644103,31.22113005502189,2.5126373845838352 131.01415801516524,31.221129692944405,2.3071975451001703 131.01415765124247,31.221129331646136,2.101693927967923 131.01415728468004,31.22112897112253,1.8961267637494608 131.0141569154854,31.221128611369007,1.6904962859900647 131.01415654366613,31.221128252380936,1.4848027361888223 131.0141561692298,31.22112789415371,1.2790463568394037 131.0141557921841,31.221127536682683,1.0732273944126016 131.01415541253692,31.22112717996321,0.8673461033330533 131.0141550302961,31.221126823990648,0.6614027370316478 131.01415485644574,31.221126655397832,0.5198909965706456 131.01415440006582,31.22112639279728,0.3916347468838122 131.01415411334727,31.22112609229521,0.2736202610281624 131.01415379384,31.22112582835577,0.1717903544090611 131.0141536799902,31.2211256231498,0.0777976345321077</coordinates>
            </LineString>
        </Placemark>
        <Placemark id="147">
            <name>flight_path</name>
            <styleUrl>#148</styleUrl>
            <LineString id="146">
                <altitudeMode>clampToGround</altitudeMode>
                <coordinates>131.010392,31.222216000000007,0.0 131.01039200000545,31.2222159999906,0.0 131.01039200001028,31.222215999993875,0.0 131.01039200001028,31.222215999993875,0.0 131.0103920000103,31.222215999993875,0.0 131.0103920186648,31.22221599084417,0.0 131.0103920748901,31.222215963420645,0.0 131.01039215993478,31.22221592194644,0.0 131.010392249151,31.222215878416662,0.0 131.010392395381,31.222215807126663,0.0 131.01039249716985,31.22221575742821,0.0 131.01039266702276,31.22221567459415,0.0 131.0103928374792,31.222215591440023,0.0 131.01039302080284,31.222215502000264,0.0 131.01039322708232,31.222215401367297,0.0 131.01039345272457,31.222215291288936,0.0 131.01039369258763,31.22221517426644,0.0 131.01039395005884,31.222215048652007,0.0 131.01039421644953,31.222214918672204,0.0 131.01039450845172,31.22221477620725,0.0 131.0103948069986,31.222214630532072,0.0 131.01039512776407,31.22221447402223,0.0 131.01039545946077,31.222214312168344,0.0 131.01039580637274,31.222214142886457,0.0 131.0103961752949,31.22221396287121,0.0 131.01039655164234,31.222213779217327,0.0 131.01039694683445,31.222213586369925,0.0 131.01039735714872,31.222213386139742,0.0 131.01039778575063,31.22221317698696,0.0 131.01039822638555,31.22221296195409,0.0 131.0103986893425,31.22221273603605,0.0 131.01039915904306,31.22221250681097,0.0 131.01039964456635,31.22221226986224,0.0 131.0104001456363,31.22221202532413,0.0 131.0104006630688,31.222211772799746,0.0 131.01040119449576,31.22221151344101,0.0 131.01040173375296,31.22221125024659,0.0 131.0104022910162,31.22221097826628,0.0 131.0104028640733,31.222210698576216,0.0 131.010403448877,31.222210413145216,0.0 131.01040405025552,31.222210119624407,0.0 131.01040466068557,31.22220982167371,0.0 131.01040528477773,31.22220951705013,0.0 131.01040592505373,31.222209204526795,0.0 131.01040658160653,31.2222088840584,0.0 131.010407247809,31.222208558868967,0.0 131.0104079271538,31.222208227259305,0.0 131.01040862461,31.222207886811766,0.0 131.01040934016976,31.222207537530053,0.0 131.01041005778333,31.222207187222743,0.0 131.01041079218817,31.22220682871958,0.0 131.01041154438693,31.222206461532508,0.0 131.01041230918216,31.222206088190248,0.0 131.0104130807204,31.222205711540788,0.0 131.01041387233195,31.22220532509796,0.0 131.01041467658197,31.22220493247912,0.0 131.0104154908101,31.222204534978747,0.0 131.0104163221726,31.22220413314224,0.0 131.01041715928795,31.222203720856747,0.0 131.0104180101915,31.22220330368384,0.0 131.01041888101926,31.2222028749788,0.0 131.01041975579514,31.22220244304241,0.0 131.0104206425253,31.22220200399237,0.0 131.0104215455507,31.22220155572565,0.0 131.0104224668944,31.22220109728604,0.0 131.0104233836634,31.2222006397234,0.0 131.01042431644478,31.222200173151727,0.0 131.01042527467567,31.222199693143303,0.0 131.01042623578329,31.22219921047751,0.0 131.01042720310528,31.22219872356014,0.0 131.01042818971382,31.222198226335987,0.0 131.01042919222775,31.222197720496524,0.0 131.01043020106303,31.22219721049577,0.0 131.0104312195816,31.222196694821417,0.0 131.01043225639918,31.222196169705203,0.0 131.01043331217176,31.222195635020803,0.0 131.01043436573627,31.222195100089944,0.0 131.0104354410493,31.22219455456561,0.0 131.01043652857464,31.22219400272841,0.0 131.01043762696986,31.222193445216263,0.0 131.0104387336908,31.222192883145453,0.0 131.01043986495395,31.222192310084296,0.0 131.0104410075707,31.222191731525413,0.0 131.01044215288488,31.222191150857515,0.0 131.0104433221278,31.22219056001057,0.0 131.01044451098815,31.222189960930443,0.0 131.0104456978113,31.22218936167567,0.0 131.0104469061079,31.222188753731803,0.0 131.010448133143,31.22218813838848,0.0 131.01044937100556,31.22218751853868,0.0 131.0104506209883,31.2221868938096,0.0 131.01045188985688,31.222186262126137,0.0 131.0104531764744,31.222185624085792,0.0 131.01045446943078,31.22218498340201,0.0 131.01045578627796,31.222184334768848,0.0 131.0104571238854,31.222183679442225,0.0 131.01045846613707,31.22218302225054,0.0 131.01045983884396,31.22218235591949,0.0 131.01046122526452,31.22218168544008,0.0 131.0104626160807,31.2221810133422,0.0 131.01046403986797,31.222180332228447,0.0 131.0104654805608,31.22217964659905,0.0 131.01046693653387,31.222178956937185,0.0 131.01046841603238,31.222178261392788,0.0 131.0104699073891,31.22217756291052,0.0 131.0104714128084,31.222176861049828,0.0 131.0104729553702,31.22217615091068,0.0 131.01047449287225,31.22217544186148,0.0 131.0104760691502,31.22217472465317,0.0 131.01047766845917,31.222174002925552,0.0 131.0104792724051,31.222173280375166,0.0 131.010480899325,31.22217255348856,0.0 131.01048257927462,31.222171817027967,0.0 131.0104842576892,31.222171081188183,0.0 131.01048593743047,31.22217034523192,0.0 131.010487684167,31.22216959819915,0.0 131.0104894128659,31.222168854590738,0.0 131.01049117381763,31.22216810608184,0.0 131.01049300980944,31.222167346506456,0.0 131.0104947865703,31.22216659635965,0.0 131.01049663893045,31.222165835458124,0.0 131.01049853341556,31.22216506932812,0.0 131.0105003790233,31.222164310449703,0.0 131.01050232400885,31.22216353877697,0.0 131.0105042544981,31.22216276978777,0.0 131.01050619104737,31.22216200056785,0.0 131.01050821664535,31.22216122118226,0.0 131.01051021004187,31.222160446467782,0.0 131.0105122301078,31.22215966926945,0.0 131.01051432850224,31.22215888410717,0.0 131.01051638522102,31.22215810437524,0.0 131.01051850287976,31.22215731886216,0.0 131.01052065446785,31.2221565307624,0.0 131.010522779005,31.222155746244145,0.0 131.01052500321222,31.22215495274041,0.0 131.01052719407744,31.222154163457816,0.0 131.01052941351108,31.222153372306387,0.0 131.01053172322267,31.222152573824047,0.0 131.01053398103952,31.222151781054382,0.0 131.01053629600827,31.22215098409,0.0 131.010538672461,31.22215018281824,0.0 131.01054100445037,31.22214938636383,0.0 131.0105434267213,31.222148583245765,0.0 131.0105458338086,31.222147782445496,0.0 131.01054825696653,31.222146981293925,0.0 131.01055078221222,31.222146172878727,0.0 131.0105532498343,31.222145370157552,0.0 131.01055576727893,31.222144564416887,0.0 131.01055837329756,31.22214375266987,0.0 131.01056089950575,31.22214294826145,0.0 131.01056354033463,31.222142135768905,0.0 131.0105661786476,31.22214132448052,0.0 131.01056880326308,31.222140515248647,0.0 131.0105715427743,31.222139697860623,0.0 131.01057422756944,31.22213888577732,0.0 131.01057696728208,31.222138070229008,0.0 131.01057976050873,31.22213725124749,0.0 131.0105825128642,31.22213643649013,0.0 131.01058536338195,31.22213561449933,0.0 131.0105881875244,31.222134795518382,0.0 131.0105910281756,31.222133975980647,0.0 131.01059396076928,31.22213314927343,0.0 131.0105968419607,31.222132327767696,0.0 131.01059977803587,31.222131502135525,0.0 131.0106027538404,31.22213067352033,0.0 131.0106057018973,31.22212984810164,0.0 131.010608756483,31.22212901319897,0.0 131.01061175709685,31.22212818397368,0.0 131.01061479860417,31.222127351306245,0.0 131.01061793316265,31.2221265095992,0.0 131.01062098023016,31.222125677270785,0.0 131.01062414080425,31.222124833394968,0.0 131.01062726964582,31.222123993127564,0.0 131.0106304202365,31.22212315076369,0.0 131.0106336456063,31.22212230001877,0.0 131.01063681777487,31.222121455523965,0.0 131.01064007848026,31.22212060059696,0.0 131.01064332241975,31.222119747595904,0.0 131.0106465706429,31.2221188940741,0.0 131.01064990527755,31.22211802928839,0.0 131.0106531777886,31.222117172374823,0.0 131.01065653401668,31.22211630404045,0.0 131.0106598754049,31.222115437296832,0.0 131.01066322797615,31.22211456864812,0.0 131.0106666561894,31.22211368857209,0.0 131.0106700222437,31.222112817043115,0.0 131.01067348331887,31.222111930709943,0.0 131.01067690446928,31.22211104971332,0.0 131.01068035635575,31.22211016327304,0.0 131.01068386448048,31.222109266956046,0.0 131.01068731883305,31.222108378496603,0.0 131.01069086146117,31.22210747454656,0.0 131.01069436900136,31.222106575415552,0.0 131.01069790197127,31.22210567096945,0.0 131.0107014935172,31.222104755140567,0.0 131.0107050256561,31.222103848636497,0.0 131.0107086502252,31.222102924423965,0.0 131.01071223894652,31.222102005369344,0.0 131.01071584925205,31.222101081133367,0.0 131.01071949685235,31.222100148610323,0.0 131.01072310948945,31.22209922128805,0.0 131.01072680388242,31.222098277109342,0.0 131.0107304530681,31.222097340090503,0.0 131.0107341417344,31.22209639410577,0.0 131.0107378484361,31.22209544316422,0.0 131.01074152749146,31.222094496147704,0.0 131.01074530024567,31.22209352943033,0.0 131.0107490022093,31.222092575049235,0.0 131.01075277326376,31.222091605751064,0.0 131.01075653401904,31.222090637023616,0.0 131.01076028915853,31.222089667982697,0.0 131.01076411107232,31.22208868457108,0.0 131.01076788005807,31.22208771007028,0.0 131.01077172239914,31.22208672009179,0.0 131.01077553525275,31.222085734512767,0.0 131.01077936530507,31.22208474440008,0.0 131.0107832382489,31.22208374502852,0.0 131.01078706614783,31.2220827529635,0.0 131.0107909853088,31.22208174292444,0.0 131.0107948516822,31.222080741614576,0.0 131.01079877610744,31.222079728822884,0.0 131.0108026848417,31.222078718009136,0.0 131.01080659386596,31.222077706292914,0.0 131.01081055862207,31.22207668422327,0.0 131.01081447871175,31.22207566916921,0.0 131.01081849412188,31.22207463756636,0.0 131.01082245580238,31.22207361445344,0.0 131.01082645746305,31.22207258437317,0.0 131.01083048501016,31.22207154993903,0.0 131.01083447417494,31.2220705212338,0.0 131.01083853983485,31.22206948066765,0.0 131.01084259300694,31.222068442045025,0.0 131.0108466242912,31.22206740656016,0.0 131.01085070400072,31.222066364173664,0.0 131.010854815928,31.222065317579467,0.0 131.01085890956995,31.222064273802776,0.0 131.0108630051936,31.222063230003688,0.0 131.01086714120115,31.22206218130471,0.0 131.01087128630385,31.22206113200109,0.0 131.01087543018744,31.22206008340117,0.0 131.0108795811205,31.222059034512096,0.0 131.01088375809422,31.222057983170444,0.0 131.01088794032574,31.22205693198511,0.0 131.01089212705511,31.222055881067543,0.0 131.0108963260692,31.22205482959524,0.0 131.01090053562044,31.22205377785473,0.0 131.01090475167229,31.22205272634944,0.0 131.01090897471968,31.22205167507132,0.0 131.01091321071638,31.22205062344681,0.0 131.0109174574802,31.222049571765982,0.0 131.01092171382209,31.22204852019176,0.0 131.01092597542493,31.222047469191043,0.0 131.01093024217948,31.22204641879405,0.0 131.01093452679368,31.222045367772647,0.0 131.01093881460568,31.22204431759561,0.0 131.01094311375903,31.22204326747058,0.0 131.01094742134,31.222042217690685,0.0 131.01095174031883,31.22204116797017,0.0 131.0109560623535,31.22204011910352,0.0 131.0109603954641,31.22203907030932,0.0 131.0109647383836,31.222038021693216,0.0 131.01096908563136,31.222036973757465,0.0 131.01097344503242,31.2220359257217,0.0 131.01097781645512,31.22203487756108,0.0 131.0109821877017,31.222033830423328,0.0 131.0109865719924,31.222032782976424,0.0 131.01099096166325,31.22203173592104,0.0 131.0109953574081,31.222030689139608,0.0 131.01099976045063,31.22202964245184,0.0 131.0110041726883,31.22202859559789,0.0 131.01100859084713,31.222027548847755,0.0 131.01101301721488,31.222026501893755,0.0 131.0110174480394,31.22202545506288,0.0 131.01102188521992,31.22202440807924,0.0 131.01102632519715,31.222023361259165,0.0 131.0110307718117,31.2220223140964,0.0 131.01103522647867,31.22202126633485,0.0 131.01103968481965,31.22202021839581,0.0 131.01104414816882,31.222019170044938,0.0 131.01104861618427,31.222018121236104,0.0 131.01105308314547,31.222017072596724,0.0 131.01105755716853,31.22201602303153,0.0 131.0110620309923,31.22201497337068,0.0 131.01106651297096,31.222013922445434,0.0 131.01107099395963,31.22201287137293,0.0 131.01107548355583,31.222011818781283,0.0 131.0110799716742,31.222010765962366,0.0 131.01108446139187,31.222009712429447,0.0 131.01108895679363,31.22200865751192,0.0 131.0110934535792,31.22200760174494,0.0 131.01109794874912,31.2220065455131,0.0 131.0111024502075,31.222005487565763,0.0 131.01110695078424,31.22200442891045,0.0 131.01111145540625,31.22200336873447,0.0 131.01111595963516,31.222002307665875,0.0 131.01112046345517,31.222001245663552,0.0 131.01112496853355,31.22200018241191,0.0 131.0111294748292,31.22199911786795,0.0 131.01113398072874,31.221998052255685,0.0 131.011138486674,31.221996985470604,0.0 131.0111429907908,31.2219959177968,0.0 131.01114749835617,31.22199484832463,0.0 131.01115200241549,31.22199377820439,0.0 131.0111565093339,31.221992706348,0.0 131.0111610155358,31.22199163335144,0.0 131.0111655170919,31.221990559887967,0.0 131.0111700213672,31.2219894846999,0.0 131.011174523499,31.221988408626963,0.0 131.01117902175696,31.22198733198101,0.0 131.01118352253283,31.22198625368426,0.0 131.01118801835523,31.22198517503956,0.0 131.01119251480927,31.22198409512019,0.0 131.01119701404713,31.221983013596937,0.0 131.01120150754528,31.221981931950715,0.0 131.01120599962167,31.22198084948804,0.0 131.01121049040415,31.22197976623453,0.0 131.011214983083,31.221978681714248,0.0 131.01121947308806,31.2219775967358,0.0 131.011223961173,31.2219765112246,0.0 131.01122845047632,31.221975424734367,0.0 131.0112329374217,31.221974337901703,0.0 131.01123742195492,31.22197325079052,0.0 131.0112419101635,31.22197216252219,0.0 131.0112463921579,31.22197107469005,0.0 131.01125088105255,31.221969985365263,0.0 131.01125536580884,31.221968896289106,0.0 131.01125985168716,31.22196780673912,0.0 131.01126433749283,31.22196671696739,0.0 131.01126882555803,31.221965626716283,0.0 131.011273313182,31.221964536441828,0.0 131.0112778002813,31.22196344621944,0.0 131.0112822874649,31.221962356034496,0.0 131.0112867768335,31.22196126568097,0.0 131.01129126337122,31.22196017588508,0.0 131.0112957527259,31.221959085977595,0.0 131.0113002418825,31.2219579964158,0.0 131.0113047309495,31.22195690724301,0.0 131.01130922015906,31.22195581848925,0.0 131.01131371386947,31.22195472969594,0.0 131.01131820363807,31.221953641919,0.0 131.01132269758403,31.221952554255896,0.0 131.01132719521644,31.221951466831424,0.0 131.0113316922385,31.221950380176047,0.0 131.01133619140316,31.221949294021435,0.0 131.0113406928796,31.22194820839478,0.0 131.01134519772728,31.221947123223423,0.0 131.01134969857875,31.221946039318905,0.0 131.01135420257492,31.221944955952903,0.0 131.01135870863115,31.22194387327323,0.0 131.01136321462903,31.22194279151834,0.0 131.01136772555907,31.22194171019996,0.0 131.01137223389662,31.22194063009184,0.0 131.01137674204907,31.22193955095649,0.0 131.01138125864594,31.2219384719486,0.0 131.01138577639358,31.221937393796853,0.0 131.0113902920417,31.22193631681478,0.0 131.01139481240003,31.221935240328165,0.0 131.01139933468053,31.22193416460289,0.0 131.01140385953028,31.221933089561976,0.0 131.01140838725726,31.221932015158185,0.0 131.01141291734268,31.22193094142161,0.0 131.0114174463805,31.22192986866487,0.0 131.01142197731008,31.221928796570623,0.0 131.01142650968967,31.22192772515104,0.0 131.01143104096445,31.221926654629435,0.0 131.0114355731196,31.221925584770418,0.0 131.01144011492684,31.22192451463104,0.0 131.01144465052147,31.221923445799195,0.0 131.01144918843934,31.22192237735543,0.0 131.011453730111,31.221921309092657,0.0 131.01145827106996,31.221920241434194,0.0 131.0114628124873,31.221919174207525,0.0 131.01146735174905,31.221918107648907,0.0 131.01147189275892,31.2219170412724,0.0 131.01147643625188,31.221915974929736,0.0 131.0114809760721,31.221914909269746,0.0 131.01148551729452,31.22191384365481,0.0 131.01149006215647,31.221912777749527,0.0 131.01149460743778,31.2219117118718,0.0 131.01149914849435,31.221910646538376,0.0 131.01150368960955,31.22190958117208,0.0 131.01150823440952,31.22190851524485,0.0 131.01151277956114,31.22190744911002,0.0 131.01151732361396,31.22190638290276,0.0 131.01152186611063,31.22190531663215,0.0 131.01152640996548,31.22190424985176,0.0 131.01153094929228,31.22190318330181,0.0 131.01153549240897,31.221902115791583,0.0 131.0115400343779,31.22190104794004,0.0 131.011544577402,31.22189997939003,0.0 131.01154911752815,31.221898910657806,0.0 131.01155365478365,31.22189784170367,0.0 131.0115581939432,31.221896771782674,0.0 131.0115627333616,31.221895701085487,0.0 131.0115672751057,31.221894629260984,0.0 131.01157181253637,31.22189355727692,0.0 131.01157634865217,31.221892484654568,0.0 131.01158088949052,31.22189141042649,0.0 131.0115854247335,31.22189033616008,0.0 131.01158996271027,31.22188926054069,0.0 131.01159449895357,31.22188818424316,0.0 131.01159902994024,31.221887107815025,0.0 131.01160356054572,31.22188603047272,0.0 131.01160808850557,31.22188495256563,0.0 131.0116126141818,31.221883874032176,0.0 131.01161713757082,31.22188279487172,0.0 131.01162165867322,31.22188171508648,0.0 131.01162617749347,31.221880634681547,0.0 131.01163069403987,31.22187955366475,0.0 131.01163520832466,31.22187847204667,0.0 131.0116397203636,31.221877389840586,0.0 131.01164423017616,31.22187630706238,0.0 131.01164873778535,31.221875223730496,0.0 131.01165324321755,31.221874139865804,0.0 131.01165774650235,31.221873055491567,0.0 131.01166224767255,31.221871970633288,0.0 131.01166674676384,31.221870885318644,0.0 131.0116712438147,31.22186979957732,0.0 131.01167573886627,31.221868713440887,0.0 131.01168023196212,31.221867626942743,0.0 131.01168472314805,31.221866540117887,0.0 131.01168921247188,31.221865453002827,0.0 131.0116936999833,31.22186436563543,0.0 131.01169818573365,31.221863278054787,0.0 131.01170266977567,31.22186219030105,0.0 131.01170715216327,31.22186110241528,0.0 131.01171163295135,31.221860014439287,0.0 131.01171611219564,31.22185892641548,0.0 131.0117205899523,31.221857838386736,0.0 131.0117250662778,31.221856750396228,0.0 131.0117295412288,31.22185566248723,0.0 131.01173401486176,31.22185457470304,0.0 131.0117384872328,31.22185348708677,0.0 131.01174295839743,31.22185239968124,0.0 131.01174742841056,31.22185131252879,0.0 131.01175189732595,31.221850225671176,0.0 131.0117563651964,31.221849139149377,0.0 131.01176083207315,31.22184805300348,0.0 131.0117652980061,31.221846967272576,0.0 131.01176976304345,31.22184588199456,0.0 131.01177422723143,31.221844797206067,0.0 131.01177869061442,31.221843712942327,0.0 131.0117831532346,31.22184262923704,0.0 131.0117876151319,31.22184154612229,0.0 131.01179207634397,31.221840463628386,0.0 131.01179653690588,31.221839381783848,0.0 131.01180099685016,31.221838300615207,0.0 131.0118054562067,31.221837220147023,0.0 131.01180991500277,31.221836140401727,0.0 131.01181437326278,31.2218350613996,0.0 131.0118188310084,31.22183398315865,0.0 131.01182328825843,31.22183290569464,0.0 131.01182774502882,31.22183182902096,0.0 131.0118322013327,31.221830753148645,0.0 131.01183665718042,31.22182967808632,0.0 131.0118411125794,31.2218286038402,0.0 131.0118455675342,31.221827530414007,0.0 131.01185002204687,31.22182645780905,0.0 131.01185447611653,31.22182538602421,0.0 131.0118589297397,31.221824315055898,0.0 131.01186338291035,31.22182324489815,0.0 131.01186783562002,31.22182217554261,0.0 131.01187228785764,31.2218211069786,0.0 131.01187673961,31.22182003919314,0.0 131.01188119086152,31.221818972171032,0.0 131.0118856415946,31.22181790589489,0.0 131.01189009178958,31.22181684034528,0.0 131.01189454142488,31.22181577550068,0.0 131.0118989904772,31.221814711337665,0.0 131.0119034389215,31.22181364783101,0.0 131.01190788673128,31.22181258495368,0.0 131.01191233387863,31.221811522677022,0.0 131.01191678033427,31.221810460970847,0.0 131.01192122606795,31.221809399803536,0.0 131.01192567104826,31.22180833914216,0.0 131.01193011524296,31.221807278952568,0.0 131.01193455861906,31.221806219199607,0.0 131.01193900114302,31.221805159847108,0.0 131.01194344278068,31.22180410085813,0.0 131.01194788349767,31.221803042195024,0.0 131.0119523232593,31.22180198381956,0.0 131.01195676203076,31.221800925693127,0.0 131.01196119977735,31.221799867776788,0.0 131.01196563646442,31.22179881003144,0.0 131.01197007205766,31.22179775241789,0.0 131.011974506523,31.22179669489713,0.0 131.01197893982692,31.22179563743031,0.0 131.0119833719365,31.22179457997894,0.0 131.01198780281945,31.221793522505,0.0 131.01199223244424,31.221792464971063,0.0 131.0119966607803,31.221791407340408,0.0 131.01200108779787,31.221790349577184,0.0 131.0120055134684,31.22178929164645,0.0 131.01200993776428,31.221788233514328,0.0 131.0120143606592,31.22178717514812,0.0 131.01201878212805,31.22178611651641,0.0 131.01202320214708,31.22178505758912,0.0 131.0120276206939,31.221783998337667,0.0 131.01203203774756,31.22178293873501,0.0 131.01203645328857,31.221781878755763,0.0 131.01204086729902,31.221780818376207,0.0 131.0120452797624,31.22177975757447,0.0 131.012049690664,31.221778696330503,0.0 131.0120540999906,31.22177763462617,0.0 131.0120585077306,31.221776572445364,0.0 131.0120629138742,31.221775509773888,0.0 131.01206731841305,31.22177444659969,0.0 131.0120717213406,31.2217733829128,0.0 131.01207612265208,31.221772318705312,0.0 131.01208052234412,31.22177125397152,0.0 131.0120849204152,31.22177018870781,0.0 131.01208931686543,31.221769122912768,0.0 131.0120937116964,31.221768056587088,0.0 131.0120981049114,31.22176698973362,0.0 131.01210249651527,31.22176592235732,0.0 131.01210688651443,31.22176485446525,0.0 131.01211127491663,31.22176378606653,0.0 131.01211566173112,31.221762717172297,0.0 131.0121200469686,31.221761647795656,0.0 131.01212443064108,31.221760577951663,0.0 131.01212881276172,31.2217595076572,0.0 131.01213319334502,31.22175843693097,0.0 131.0121375724066,31.221757365793383,0.0 131.0121419499631,31.221756294266537,0.0 131.01214632603222,31.221755222374075,0.0 131.0121507006325,31.221754150141127,0.0 131.0121550737834,31.221753077594247,0.0 131.01215944550503,31.221752004761274,0.0 131.01216381581833,31.22175093167125,0.0 131.01216818474467,31.221749858354325,0.0 131.01217255230614,31.221748784841683,0.0 131.01217691852491,31.22174771116537,0.0 131.0121812834238,31.221746637358272,0.0 131.01218564702577,31.22174556345392,0.0 131.0121900093538,31.22174448948643,0.0 131.01219437043108,31.22174341549041,0.0 131.01219873028074,31.221742341500768,0.0 131.0122030889258,31.22174126755272,0.0 131.01220744638903,31.22174019368155,0.0 131.0122118026931,31.221739119922614,0.0 131.01221615786002,31.221738046311128,0.0 131.0122205119117,31.22173697288214,0.0 131.01222486486932,31.22173589967036,0.0 131.01222921675358,31.2217348267101,0.0 131.0122335675845,31.22173375403513,0.0 131.01223791738138,31.221732681678592,0.0 131.01224226616287,31.221731609672904,0.0 131.01224661394667,31.22173053804964,0.0 131.0122509607496,31.22172946683945,0.0 131.01225530658766,31.221728396071992,0.0 131.0122596514759,31.221727325775777,0.0 131.01226399542824,31.22172625597813,0.0 131.01226833845774,31.221725186705093,0.0 131.01227268057633,31.22172411798137,0.0 131.0122770217949,31.22172304983022,0.0 131.0122813621232,31.2217219822734,0.0 131.01228570157,31.22172091533108,0.0 131.01229004014291,31.22171984902184,0.0 131.01229437784843,31.22171878336256,0.0 131.012298714692,31.22171771836838,0.0 131.012303050678,31.221716654052685,0.0 131.01230738580972,31.221715590427014,0.0 131.01231172008937,31.221714527501074,0.0 131.01231605351825,31.22171346528273,0.0 131.01232038609655,31.22171240377788,0.0 131.0123247178236,31.221711342990584,0.0 131.0123290486977,31.221710282922963,0.0 131.0123333787163,31.22170922357519,0.0 131.0123377078762,31.22170816494556,0.0 131.01234203617307,31.221707107030447,0.0 131.01234636360206,31.221706049824327,0.0 131.0123506901575,31.22170499331984,0.0 131.01235501583312,31.22170393750774,0.0 131.01235934062208,31.22170288237704,0.0 131.01236366451687,31.221701827914927,0.0 131.01236798750963,31.22170077410692,0.0 131.0123723095919,31.221699720936844,0.0 131.0123766307551,31.22169866838692,0.0 131.01238095098995,31.22169761643783,0.0 131.01238527028724,31.22169656506875,0.0 131.01238958863723,31.221695514257465,0.0 131.01239390603027,31.221694463980395,0.0 131.01239822245643,31.22169341421272,0.0 131.0124025379057,31.22169236492841,0.0 131.0124068523682,31.221691316100383,0.0 131.01241116583392,31.22169026770052,0.0 131.01241547829295,31.22168921969975,0.0 131.01241978973556,31.22168817206825,0.0 131.0124241001521,31.22168712477542,0.0 131.0124284095331,31.221686077790025,0.0 131.0124327178694,31.22168503108029,0.0 131.01243702515202,31.22168398461404,0.0 131.01244133137223,31.22168293835872,0.0 131.0124456365218,31.22168189228154,0.0 131.01244994059263,31.2216808463496,0.0 131.0124542435771,31.221679800529927,0.0 131.01245854546795,31.221678754789657,0.0 131.01246284625827,31.22167770909605,0.0 131.0124671459417,31.22167666341665,0.0 131.0124714445122,31.221675617719352,0.0 131.01247574196412,31.221674571972528,0.0 131.01248003829244,31.22167352614508,0.0 131.01248433349244,31.221672480206568,0.0 131.01248862755992,31.221671434127288,0.0 131.01249292049113,31.22167038787836,0.0 131.01249721228277,31.221669341431834,0.0 131.012501502932,31.22166829476072,0.0 131.01250579243643,31.22166724783916,0.0 131.01251008079413,31.22166620064238,0.0 131.01251436800362,31.22166515314689,0.0 131.0125186540638,31.221664105330493,0.0 131.01252293897403,31.22166305717232,0.0 131.01252722273406,31.221662008652967,0.0 131.01253150534407,31.221660959754487,0.0 131.01253578680456,31.221659910460488,0.0 131.01254006711648,31.221658860756136,0.0 131.012544346281,31.221657810628223,0.0 131.01254862429977,31.22165676006525,0.0 131.01255290117464,31.221655709057373,0.0 131.0125571769078,31.22165465759648,0.0 131.0125614515017,31.22165360567619,0.0 131.01256572495916,31.22165255329193,0.0 131.01256999728295,31.22165150044085,0.0 131.01257426847633,31.22165044712192,0.0 131.01257853854264,31.221649393335863,0.0 131.0125828074854,31.221648339085167,0.0 131.0125870753082,31.221647284374104,0.0 131.01259134201484,31.22164622920867,0.0 131.0125956076092,31.2216451735966,0.0 131.01259987209517,31.22164411754732,0.0 131.01260413547672,31.221643061071912,0.0 131.01260839775787,31.221642004183057,0.0 131.0126126589426,31.221640946895032,0.0 131.01261691903483,31.22163988922368,0.0 131.01262117803856,31.221638831186244,0.0 131.0126254359575,31.221637772801472,0.0 131.01262969279537,31.221636714089406,0.0 131.0126339485558,31.221635655071424,0.0 131.01263820324223,31.221634595770112,0.0 131.01264245685792,31.22163353620921,0.0 131.0126467094059,31.22163247641356,0.0 131.0126509608891,31.22163141640896,0.0 131.01265521131003,31.221630356222143,0.0 131.01265946067113,31.22162929588072,0.0 131.01266370897443,31.22162823541299,0.0 131.01266795622175,31.22162717484796,0.0 131.01267220241462,31.221626114215184,0.0 131.01267644755407,31.22162505354472,0.0 131.01268069164112,31.22162399286701,0.0 131.0126849346761,31.22162293221277,0.0 131.01268917665917,31.221621871612985,0.0 131.01269341759016,31.22162081109869,0.0 131.0126976574684,31.22161975070097,0.0 131.012701896293,31.221618690450835,0.0 131.0127061340626,31.22161763037913,0.0 131.0127103707755,31.221616570516424,0.0 131.01271460642957,31.221615510892978,0.0 131.01271884102246,31.221614451538567,0.0 131.01272307455136,31.221613392482467,0.0 131.0127273070131,31.22161233375335,0.0 131.01273153840432,31.221611275379143,0.0 131.01273576872114,31.22161021738705,0.0 131.01273999795956,31.221609159803368,0.0 131.01274422611513,31.22160810265348,0.0 131.0127484531833,31.22160704596173,0.0 131.01275267915915,31.2216059897514,0.0 131.01275690403764,31.221604934044592,0.0 131.0127611278135,31.2216038788622,0.0 131.01276535048126,31.221602824223805,0.0 131.01276957203544,31.22160177014769,0.0 131.01277379247034,31.221600716650705,0.0 131.01277801178023,31.22159966374827,0.0 131.01278222995938,31.22159861145428,0.0 131.01278644700204,31.221597559781124,0.0 131.0127906629025,31.221596508739623,0.0 131.01279487765507,31.22159545833897,0.0 131.01279909125435,31.221594408586743,0.0 131.0128033036949,31.221593359488864,0.0 131.01280751497157,31.22159231104958,0.0 131.01281172507936,31.221591263271456,0.0 131.0128159340136,31.22159021615537,0.0 131.0128201417699,31.221589169700508,0.0 131.0128243483442,31.22158812390437,0.0 131.0128285537328,31.2215870787628,0.0 131.01283275793247,31.221586034269933,0.0 131.01283696094026,31.22158499041832,0.0 131.01284116275383,31.22158394719883,0.0 131.01284536337133,31.2215829046008,0.0 131.0128495627913,31.221581862611984,0.0 131.01285376101296,31.221580821218605,0.0 131.01285795803605,31.22157978040545,0.0 131.01286215386088,31.221578740155856,0.0 131.01286634848836,31.221577700451803,0.0 131.01287054192002,31.221576661273943,0.0 131.0128747341581,31.22157562260168,0.0 131.01287892520523,31.221574584413226,0.0 131.01288311506505,31.22157354668568,0.0 131.0128873037415,31.22157250939508,0.0 131.01289149123937,31.22157147251648,0.0 131.01289567756396,31.22157043602407,0.0 131.01289986272127,31.22156939989117,0.0 131.01290404671795,31.221568364090388,0.0 131.01290822956113,31.22156732859368,0.0 131.0129124112586,31.22156629337244,0.0 131.0129165918187,31.22156525839753,0.0 131.0129207712504,31.221564223639493,0.0 131.01292494956303,31.221563189068508,0.0 131.0129291267665,31.221562154654567,0.0 131.01293330287112,31.221561120367543,0.0 131.0129374778877,31.22156008617727,0.0 131.01294165182736,31.221559052053657,0.0 131.0129458247016,31.22155801796672,0.0 131.01294999652222,31.221556983886767,0.0 131.0129541673013,31.22155594978441,0.0 131.01295833705106,31.22155491563068,0.0 131.01296250578403,31.221553881397128,0.0 131.01296667351272,31.221552847055893,0.0 131.01297084024984,31.22155181257977,0.0 131.01297500600805,31.22155077794236,0.0 131.0129791708001,31.221549743118047,0.0 131.01298333463848,31.22154870808219,0.0 131.0129874975358,31.221547672811084,0.0 131.0129916595044,31.22154663728214,0.0 131.01299582055634,31.221545601473863,0.0 131.0129999807036,31.221544565365967,0.0 131.01300413995764,31.221543528939463,0.0 131.0130082983298,31.22154249217665,0.0 131.01301245583085,31.2215414550612,0.0 131.0130166124712,31.221540417578208,0.0 131.01302076826076,31.221539379714283,0.0 131.01302492320897,31.22153834145748,0.0 131.01302907732455,31.22153730279745,0.0 131.01303323061583,31.22153626372541,0.0 131.0130373830904,31.22153522423418,0.0 131.01304153475513,31.22153418431821,0.0 131.0130456856163,31.221533143973605,0.0 131.01304983567937,31.22153210319813,0.0 131.01305398494912,31.22153106199119,0.0 131.01305813342947,31.221530020353896,0.0 131.01306228112364,31.221528978289,0.0 131.0130664280339,31.221527935800907,0.0 131.0130705741618,31.22152689289566,0.0 131.01307471950793,31.22152584958096,0.0 131.01307886407207,31.221524805866057,0.0 131.0130830078531,31.2215237617618,0.0 131.0130871508491,31.22152271728056,0.0 131.01309129305707,31.221521672436182,0.0 131.01309543447334,31.22152062724401,0.0 131.01309957509315,31.22151958172074,0.0 131.013103714911,31.221518535884428,0.0 131.01310785392047,31.22151748975444,0.0 131.0131119921142,31.22151644335136,0.0 131.01311612948413,31.221515396696937,0.0 131.01312026602116,31.221514349814043,0.0 131.01312440171543,31.221513302726528,0.0 131.01312853655648,31.221512255459263,0.0 131.01313267053277,31.22151120803796,0.0 131.01313680363216,31.22151016048911,0.0 131.01314093584173,31.221509112839964,0.0 131.01314506714797,31.22150806511837,0.0 131.01314919753656,31.22150701735276,0.0 131.01315332699266,31.22150596957196,0.0 131.0131574555008,31.221504921805213,0.0 131.013161583045,31.22150387408202,0.0 131.01316570960867,31.221502826432094,0.0 131.01316983517492,31.22150177888521,0.0 131.01317395972634,31.22150073147116,0.0 131.0131780832452,31.221499684219665,0.0 131.0131822057135,31.22149863716028,0.0 131.0131863271129,31.22149759032224,0.0 131.01319044742493,31.221496543734457,0.0 131.01319456663094,31.221495497425405,0.0 131.0131986847122,31.22149445142299,0.0 131.01320280165,31.22149340575452,0.0 131.01320691742563,31.22149236044657,0.0 131.01321103202048,31.22149131552496,0.0 131.01321514541607,31.22149027101459,0.0 131.0132192575942,31.221489226939468,0.0 131.01322336853696,31.221488183322528,0.0 131.01322747822667,31.221487140185644,0.0 131.0132315866462,31.22148609754951,0.0 131.01323569377882,31.221485055433607,0.0 131.0132397996084,31.221484013856088,0.0 131.01324390411935,31.221482972833805,0.0 131.01324800729677,31.22148193238217,0.0 131.0132521091264,31.221480892515142,0.0 131.01325620959489,31.22147985324521,0.0 131.01326030868964,31.22147881458329,0.0 131.0132644063989,31.221477776538748,0.0 131.01326850271195,31.22147673911932,0.0 131.013272597619,31.221475702331144,0.0 131.01327669111134,31.221474666178697,0.0 131.0132807831813,31.221473630664768,0.0 131.01328487382233,31.2214725957905,0.0 131.0132889630291,31.221471561555333,0.0 131.0132930507974,31.221470527957024,0.0 131.0132971371243,31.221469494991663,0.0 131.01330122200807,31.221468462653696,0.0 131.0133053054483,31.221467430935864,0.0 131.01330938744593,31.221466399829342,0.0 131.01331346800305,31.221465369323685,0.0 131.01331754712322,31.22146433940689,0.0 131.01332162481123,31.22146331006543,0.0 131.01332570107323,31.22146228128429,0.0 131.01332977591676,31.221461253047007,0.0 131.0133338493505,31.22146022533575,0.0 131.01333792138456,31.22145919813135,0.0 131.01334199203026,31.22145817141337,0.0 131.01334606130027,31.22145714516017,0.0 131.01335012920833,31.221456119349007,0.0 131.01335419576947,31.221455093956035,0.0 131.0133582609999,31.22145406895644,0.0 131.01336232491678,31.22145304432452,0.0 131.01336638753853,31.221452020033727,0.0 131.01337044888433,31.221450996056777,0.0 131.01337450897452,31.221449972365743,0.0 131.0133785678302,31.22144894893212,0.0 131.01338262547333,31.22144792572694,0.0 131.0133866819266,31.221446902720885,0.0 131.01339073721337,31.221445879884296,0.0 131.0133947913576,31.2214448571874,0.0 131.0133988443838,31.22144383460024,0.0 131.0134028963168,31.221442812092928,0.0 131.01340694718195,31.22144178963565,0.0 131.01341099700477,31.2214407671988,0.0 131.01341504581092,31.22143974475304,0.0 131.01341909362617,31.22143872226944,0.0 131.01342314047633,31.22143769971954,0.0 131.01342718638716,31.221436677075456,0.0 131.01343123138406,31.22143565430997,0.0 131.01343527549227,31.221434631396622,0.0 131.01343931873677,31.22143360830974,0.0 131.01344336114184,31.221432585024647,0.0 131.01344740273137,31.221431561517623,0.0 131.01345144352857,31.22143053776607,0.0 131.013455483556,31.22142951374852,0.0 131.0134595228353,31.221428489444754,0.0 131.0134635613873,31.221427464835827,0.0 131.01346759923192,31.22142643990417,0.0 131.01347163638786,31.221425414633664,0.0 131.01347567287294,31.221424389009616,0.0 131.01347970870367,31.2214233630189,0.0 131.01348374389528,31.221422336649955,0.0 131.01348777846184,31.221421309892843,0.0 131.0134918124159,31.22142028273925,0.0 131.01349584576874,31.22141925518256,0.0 131.01349987853007,31.22141822721783,0.0 131.0135039107082,31.221417198841863,0.0 131.0135079423098,31.221416170053235,0.0 131.01351197334003,31.2214151408522,0.0 131.01351600380244,31.221414111240783,0.0 131.01352003369897,31.221413081222742,0.0 131.01352406302985,31.22141205080355,0.0 131.01352809179377,31.221411019990423,0.0 131.01353211998764,31.221409988792228,0.0 131.01353614760683,31.22140895721952,0.0 131.01354017464504,31.221407925284463,0.0 131.01354420109425,31.221406893000857,0.0 131.01354822694483,31.221405860383967,0.0 131.01355225218566,31.221404827450616,0.0 131.01355627680385,31.221403794219025,0.0 131.01356030078512,31.221402760708823,0.0 131.0135643241136,31.221401726940964,0.0 131.01356834677205,31.221400692937628,0.0 131.01357236874165,31.22139965872216,0.0 131.01357639000236,31.221398624319026,0.0 131.0135804105327,31.22139758975369,0.0 131.0135844303101,31.22139655505256,0.0 131.01358844931065,31.221395520242897,0.0 131.0135924675095,31.221394485352704,0.0 131.0135964848806,31.22139345041064,0.0 131.01360050139695,31.22139241544594,0.0 131.01360451703087,31.22139138048832,0.0 131.0136085317537,31.221390345567816,0.0 131.0136125455361,31.22138931071481,0.0 131.01361655834825,31.22138827595981,0.0 131.0136205701597,31.2213872413334,0.0 131.01362458093965,31.221386206866104,0.0 131.013628590657,31.221385172588324,0.0 131.01363259928036,31.22138413853023,0.0 131.0136366067783,31.221383104721667,0.0 131.01364061311952,31.221382071192,0.0 131.01364461827256,31.22138103797005,0.0 131.01364862220643,31.22138000508403,0.0 131.01365262489023,31.22137897256137,0.0 131.0136566262937,31.22137794042872,0.0 131.01366062638706,31.221376908711783,0.0 131.01366462514113,31.221375877435225,0.0 131.0136686225275,31.22137484662265,0.0 131.0136726185186,31.221373816296463,0.0 131.01367661308782,31.2213727864778,0.0 131.01368060620968,31.22137175718651,0.0 131.0136845978598,31.221370728440995,0.0 131.013688588015,31.2213697002582,0.0 131.01369257665348,31.221368672653536,0.0 131.0136965637549,31.22136764564082,0.0 131.0137005493004,31.22136661923228,0.0 131.01370453327272,31.22136559343841,0.0 131.0137085156562,31.22136456826801,0.0 131.01371249643697,31.22136354372812,0.0 131.01371647560293,31.221362519823987,0.0 131.01372045314386,31.221361496559084,0.0 131.01372442905145,31.221360473935047,0.0 131.01372840331925,31.221359451951702,0.0 131.01373237594285,31.22135843060701,0.0 131.01373634691993,31.221357409897166,0.0 131.01374031625008,31.221356389816503,0.0 131.01374428393504,31.221355370357603,0.0 131.01374824997865,31.22135435151123,0.0 131.01375221438667,31.221353333266425,0.0 131.01375617716712,31.221352315610524,0.0 131.01376013833,31.221351298529232,0.0 131.0137640960473,31.22135028225434,0.0 131.0137680503892,31.22134926676037,0.0 131.0137720006015,31.22134825213177,0.0 131.01377594606788,31.22134723843316,0.0 131.0137798861762,31.221346225727466,0.0 131.01378382031902,31.22134521407592,0.0 131.013787747894,31.221344203538173,0.0 131.0137916683042,31.221343194172288,0.0 131.0137955809584,31.221342186034867,0.0 131.0137994852714,31.221341179181096,0.0 131.0138033806642,31.2213401736648,0.0 131.01380726656444,31.221339169538528,0.0 131.01381114240667,31.221338166853712,0.0 131.0138150076324,31.22133716566065,0.0 131.0138188616904,31.22133616600861,0.0 131.01382270403707,31.221335167945988,0.0 131.0138265341365,31.22133417152032,0.0 131.01383035146063,31.221333176778423,0.0 131.01383415548943,31.221332183766435,0.0 131.01383794571123,31.22133119252991,0.0 131.01384172162267,31.221330203113915,0.0 131.01384548272893,31.22132921556315,0.0 131.01384922854388,31.22132822992189,0.0 131.0138529585901,31.221327246234203,0.0 131.01385667239913,31.221326264543908,0.0 131.01386036951155,31.22132528489473,0.0 131.0138640494771,31.22132430733025,0.0 131.01386771185443,31.22132333189404,0.0 131.01387135621167,31.22132235862964,0.0 131.01387498212642,31.22132138758069,0.0 131.0138785891855,31.22132041879084,0.0 131.01388217698522,31.221319452303835,0.0 131.01388574513155,31.22131848816356,0.0 131.01388929324008,31.221317526414023,0.0 131.01389282093592,31.221316567099343,0.0 131.01389632785398,31.221315610263733,0.0 131.01389981363883,31.22131465595156,0.0 131.013903277945,31.221313704207343,0.0 131.01390672043658,31.221312755075584,0.0 131.0139101407876,31.22131180860089,0.0 131.013913538682,31.22131086482792,0.0 131.01391691381357,31.221309923801314,0.0 131.01392026588593,31.22130898556565,0.0 131.01392359461252,31.22130805016543,0.0 131.01392689971695,31.221307117645043,0.0 131.01393018093256,31.22130618804869,0.0 131.01393343800248,31.22130526142029,0.0 131.0139366706798,31.22130433780354,0.0 131.01393987872768,31.22130341724176,0.0 131.01394306191887,31.221302499777845,0.0 131.013946220036,31.221301585454245,0.0 131.0139493528714,31.221300674312864,0.0 131.01395246022753,31.221299766395084,0.0 131.01395554191612,31.221298861741555,0.0 131.01395859775872,31.22129796039224,0.0 131.01396162758647,31.221297062386377,0.0 131.01396463124024,31.22129616776236,0.0 131.01396760857014,31.221295276557644,0.0 131.0139705594357,31.221294388808804,0.0 131.01397348370597,31.22129350455141,0.0 131.01397638125914,31.221292623820023,0.0 131.01397925198253,31.22129174664803,0.0 131.01398209577246,31.22129087306772,0.0 131.01398491253457,31.22129000311025,0.0 131.013987702183,31.22128913680549,0.0 131.0139904646408,31.221288274182072,0.0 131.01399319983955,31.22128741526732,0.0 131.01399590771965,31.221286560087304,0.0 131.0139985882296,31.22128570866664,0.0 131.0140012413262,31.22128486102863,0.0 131.01400386697455,31.221284017195185,0.0 131.0140064651477,31.2212831771868,0.0 131.0140090358265,31.221282341022505,0.0 131.01401157899937,31.221281508719912,0.0 131.0140140946628,31.22128068029521,0.0 131.01401658282015,31.221279855763143,0.0 131.0140190434823,31.22127903513693,0.0 131.01402147666707,31.221278218428417,0.0 131.01402388239967,31.221277405647992,0.0 131.01402626071155,31.22127659680457,0.0 131.01402861164098,31.22127579190568,0.0 131.0140309352327,31.221274990957383,0.0 131.01403323153795,31.22127419396441,0.0 131.01403550061363,31.22127340093004,0.0 131.0140377425228,31.22127261185621,0.0 131.01403995733446,31.22127182674356,0.0 131.01404214512308,31.221271045591337,0.0 131.0140443059684,31.221270268397525,0.0 131.01404643995562,31.221269495158843,0.0 131.01404854717515,31.221268725870807,0.0 131.014050627722,31.221267960527644,0.0 131.01405268169597,31.22126719912244,0.0 131.01405470920176,31.221266441647128,0.0 131.01405671034823,31.22126568809257,0.0 131.01405868524844,31.221264938448467,0.0 131.01406063401956,31.2212641927035,0.0 131.01406255678287,31.22126345084537,0.0 131.01406445366322,31.22126271286077,0.0 131.014066324789,31.22126197873545,0.0 131.0140681702921,31.221261248454223,0.0 131.01406999101914,31.221260521898653,0.0 131.01407178704875,31.221259799060466,0.0 131.01407355879084,31.22125907988329,0.0 131.014075306591,31.221258364319727,0.0 131.01407703078834,31.22125765232297,0.0 131.01407873171465,31.22125694384688,0.0 131.01408040969514,31.22125623884598,0.0 131.01408206504863,31.221255537275496,0.0 131.0140836980874,31.22125483909124,0.0 131.01408530911735,31.22125414424965,0.0 131.0140868984386,31.221253452707806,0.0 131.01408846634544,31.2212527644234,0.0 131.01409001312626,31.221252079354663,0.0 131.01409153906388,31.22125139746045,0.0 131.01409304443598,31.2212507187002,0.0 131.0140945295148,31.22125004303387,0.0 131.01409599456733,31.221249370422026,0.0 131.01409743985565,31.22124870082572,0.0 131.01409886563732,31.22124803420663,0.0 131.01410027216463,31.221247370526896,0.0 131.0141016596855,31.221246709749188,0.0 131.01410302844337,31.22124605183672,0.0 131.01410437867744,31.2212453967532,0.0 131.0141057106223,31.22124474446284,0.0 131.01410702450835,31.22124409493032,0.0 131.01410832056237,31.22124344812091,0.0 131.0141095990067,31.22124280400025,0.0 131.0141108600598,31.221242162534548,0.0 131.01411210393653,31.22124152369044,0.0 131.01411333084795,31.22124088743505,0.0 131.01411454100148,31.221240253735985,0.0 131.0141157346008,31.221239622561257,0.0 131.01411691184654,31.221238993879407,0.0 131.0141180729356,31.22123836765937,0.0 131.01411921806155,31.22123774387053,0.0 131.0141203474149,31.22123712248277,0.0 131.01412146118298,31.22123650346632,0.0 131.0141225595498,31.221235886791927,0.0 131.01412364269643,31.22123527243068,0.0 131.01412471080118,31.221234660354185,0.0 131.0141257640392,31.221234050534395,0.0 131.01412680258272,31.22123344294369,0.0 131.0141278266014,31.22123283755488,0.0 131.0141288362622,31.22123223434119,0.0 131.01412983172906,31.2212316332762,0.0 131.0141308131635,31.221231034333897,0.0 131.0141317807247,31.221230437488728,0.0 131.01413273456893,31.221229842715434,0.0 131.01413367485014,31.221229249989207,0.0 131.01413460171997,31.2212286592856,0.0 131.01413551532747,31.221228070580533,0.0 131.01413641581956,31.221227483850303,0.0 131.0141373033407,31.22122689907158,0.0 131.0141381780333,31.221226316221426,0.0 131.01413904003746,31.2212257352772,0.0 131.0141398894909,31.22122515621665,0.0 131.0141407265299,31.221224579017942,0.0 131.01414155128785,31.221224003659497,0.0 131.01414236389655,31.221223430120105,0.0 131.0141431644858,31.221222858378944,0.0 131.01414395318335,31.22122228841548,0.0 131.0141447301149,31.221221720209527,0.0 131.01414549540456,31.22122115374125,0.0 131.01414624917436,31.22122058899114,0.0 131.01414699154444,31.22122002593998,0.0 131.01414772263328,31.221219464568893,0.0 131.01414844255777,31.221218904859345,0.0 131.0141491514326,31.22121834679307,0.0 131.0141498493711,31.22121779035212,0.0 131.0141505364851,31.221217235518903,0.0 131.01415121288423,31.22121668227606,0.0 131.01415187867696,31.22121613060657,0.0 131.0141525339701,31.22121558049372,0.0 131.0141531788688,31.22121503192107,0.0 131.01415381347667,31.22121448487244,0.0 131.0141544378959,31.221213939332007,0.0 131.01415505222727,31.221213395284163,0.0 131.01415565656978,31.2212128527136,0.0 131.01415625102143,31.22121231160532,0.0 131.0141568356785,31.22121177194455,0.0 131.01415741063596,31.2212112337168,0.0 131.01415797598756,31.221210696907846,0.0 131.01415853182553,31.22121016150377,0.0 131.0141590782408,31.221209627490826,0.0 131.01415961532325,31.22120909485561,0.0 131.01416014316115,31.22120856358491,0.0 131.01416066184163,31.221208033665786,0.0 131.01416117145078,31.221207505085577,0.0 131.01416167207324,31.22120697783181,0.0 131.0141621637925,31.22120645189227,0.0 131.01416264669106,31.221205927255024,0.0 131.01416312085,31.2212054039083,0.0 131.0141635863494,31.2212048818406,0.0 131.0141640432684,31.22120436104068,0.0 131.01416449168468,31.221203841497445,0.0 131.01416493167503,31.221203323200093,0.0 131.01416536331536,31.22120280613804,0.0 131.0141657866801,31.221202290300848,0.0 131.01416620184304,31.221201775678377,0.0 131.01416660887682,31.221201262260653,0.0 131.014167007853,31.221200750037905,0.0 131.01416739884232,31.2212002390006,0.0 131.01416778191447,31.221199729139386,0.0 131.01416815713813,31.221199220445083,0.0 131.01416852458124,31.22119871290879,0.0 131.01416888431055,31.22119820652172,0.0 131.01416923639215,31.221197701275283,0.0 131.01416958089115,31.22119719716116,0.0 131.01416991787175,31.221196694171084,0.0 131.01417024739732,31.22119619229712,0.0 131.01417056953042,31.221195691531392,0.0 131.0141708843326,31.22119519186625,0.0 131.014171191865,31.22119469329428,0.0 131.0141714921874,31.221194195808103,0.0 131.01417178535928,31.221193699400644,0.0 131.01417207143905,31.22119320406491,0.0 131.01417235048436,31.221192709794096,0.0 131.01417262255237,31.221192216581613,0.0 131.0141728876991,31.221191724420944,0.0 131.01417314598018,31.22119123330579,0.0 131.0141733974504,31.22119074323,0.0 131.01417364216363,31.22119025418753,0.0 131.0141738801736,31.221189766172568,0.0 131.01417411153267,31.221189279179367,0.0 131.01417433629308,31.2211887932024,0.0 131.01417455450607,31.22118830823621,0.0 131.01417476622237,31.22118782427553,0.0 131.0141749714921,31.221187341315247,0.0 131.01417517036467,31.22118685935031,0.0 131.01417536288895,31.221186378375897,0.0 131.0141755491131,31.22118589838724,0.0 131.01417572908477,31.221185419379736,0.0 131.01417590285104,31.221184941348906,0.0 131.01417607045826,31.221184464290385,0.0 131.01417623195246,31.221183988199968,0.0 131.01417638737882,31.22118351307349,0.0 131.01417653678234,31.221183038907025,0.0 131.01417668020713,31.22118256569664,0.0 131.01417681769695,31.2211820934386,0.0 131.01417694929506,31.221181622129244,0.0 131.01417707504413,31.221181151765045,0.0 131.01417719498636,31.22118068234256,0.0 131.0141773091635,31.22118021385845,0.0 131.0141774176167,31.221179746309527,0.0 131.01417752038688,31.221179279692628,0.0 131.01417761751424,31.221178814004773,0.0 131.0141777090386,31.221178349243,0.0 131.01417779499943,31.221177885404508,0.0 131.01417787543562,31.221177422486555,0.0 131.01417795038583,31.22117696048652,0.0 131.01417801988802,31.2211764994018,0.0 131.01417808398003,31.22117603923,0.0 131.0141781426991,31.22117557996869,0.0 131.01417819608218,31.221175121615616,0.0 131.01417824416575,31.221174664168547,0.0 131.014178286986,31.221174207625367,0.0 131.0141783245786,31.22117375198404,0.0 131.0141783569791,31.221173297242554,0.0 131.0141783842224,31.221172843399053,0.0 131.0141784063434,31.221172390451702,0.0 131.01417842337628,31.221171938398765,0.0 131.01417843535515,31.221171487238543,0.0 131.01417844231375,31.22117103696945,0.0 131.0141784442854,31.22117058758992,0.0 131.01417844130327,31.2211701390985,0.0 131.01417843340005,31.22116969149376,0.0 131.01417842060832,31.22116924477436,0.0 131.01417840296023,31.221168798939008,0.0 131.0141783804877,31.221168353986496,0.0 131.01417835322235,31.22116790991563,0.0 131.0141783211956,31.221167466725287,0.0 131.01417828443857,31.22116702441444,0.0 131.01417824298213,31.221166582982047,0.0 131.01417819685685,31.2211661424272,0.0 131.0141781460932,31.22116570274895,0.0 131.01417809072123,31.221165263946464,0.0 131.01417803077103,31.22116482601895,0.0 131.01417796627214,31.22116438896561,0.0 131.01417789725417,31.221163952785783,0.0 131.0141778237464,31.22116351747877,0.0 131.0141777457779,31.221163083043955,0.0 131.01417766337764,31.221162649480743,0.0 131.01417757657435,31.221162216788606,0.0 131.01417748539652,31.22116178496701,0.0 131.01417738987254,31.22116135401552,0.0 131.01417729003072,31.22116092393369,0.0 131.014177185899,31.22116049472115,0.0 131.01417707750537,31.22116006637752,0.0 131.01417696487755,31.22115963890248,0.0 131.0141768480433,31.221159212295746,0.0 131.0141767270299,31.22115878655704,0.0 131.01417660186493,31.22115836168616,0.0 131.01417647257557,31.2211579376829,0.0 131.01417633918896,31.221157514547084,0.0 131.0141762017321,31.221157092278567,0.0 131.01417606023207,31.221156670877274,0.0 131.01417591471562,31.22115625034309,0.0 131.0141757652096,31.221155830675965,0.0 131.01417561174063,31.22115541187585,0.0 131.01417545433532,31.221154993942765,0.0 131.01417529302034,31.221154576876703,0.0 131.01417512782214,31.221154160677727,0.0 131.01417495876714,31.22115374534588,0.0 131.01417478588175,31.22115333088127,0.0 131.01417460919242,31.221152917283973,0.0 131.01417442872537,31.221152504554134,0.0 131.014174244507,31.221152092691927,0.0 131.01417405656363,31.221151681697503,0.0 131.0141738649215,31.221151271571063,0.0 131.01417366960695,31.22115086231283,0.0 131.01417347064623,31.221150453923023,0.0 131.01417326806572,31.221150046401924,0.0 131.0141730618917,31.22114963974979,0.0 131.01417285215058,31.221149233966926,0.0 131.0141726388687,31.221148829053657,0.0 131.01417242207256,31.22114842501032,0.0 131.01417220178865,31.221148021837248,0.0 131.01417197804346,31.22114761953488,0.0 131.01417175086368,31.221147218103567,0.0 131.01417152027605,31.22114681754377,0.0 131.01417128630726,31.221146417855927,0.0 131.01417104898428,31.22114601904051,0.0 131.01417080833403,31.221145621098007,0.0 131.0141705643837,31.22114522402896,0.0 131.0141703171605,31.22114482783392,0.0 131.01417006669186,31.221144432513448,0.0 131.01416981300525,31.221144038068164,0.0 131.0141695561283,31.221143644498685,0.0 131.01416929608908,31.221143251805696,0.0 131.0141690329154,31.221142859989893,0.0 131.0141687666356,31.221142469052,0.0 131.01416849727812,31.221142078992795,0.0 131.0141682248716,31.22114168981309,0.0 131.014167949445,31.22114130151373,0.0 131.0141676710275,31.22114091409562,0.0 131.01416738964852,31.221140527559687,0.0 131.01416710533775,31.22114014190693,0.0 131.01416681812532,31.221139757138392,0.0 131.01416652804153,31.221139373255177,0.0 131.0141662351171,31.22113899025843,0.0 131.01416593938313,31.2211386081494,0.0 131.01416564087114,31.22113822692936,0.0 131.0141653395393,31.221137846584185,0.0 131.01416503542129,31.22113746711552,0.0 131.01416472851767,31.2211370885181,0.0 131.01416441883464,31.22113671078776,0.0 131.01416410637827,31.22113633392028,0.0 131.0141637911547,31.221135957911457,0.0 131.01416347317004,31.22113558275705,0.0 131.01416315243063,31.221135208452782,0.0 131.01416282894263,31.22113483499439,0.0 131.0141625027125,31.22113446237755,0.0 131.01416217374654,31.22113409059793,0.0 131.01416184205118,31.2211337196512,0.0 131.0141615076329,31.22113334953299,0.0 131.0141611704983,31.22113298023889,0.0 131.01416083065396,31.22113261176452,0.0 131.01416048810657,31.221132244105444,0.0 131.0141601428629,31.221131877257207,0.0 131.01415979492972,31.22113151121536,0.0 131.01415944431395,31.2211311459754,0.0 131.01415909102255,31.221130781532864,0.0 131.01415873506252,31.22113041788321,0.0 131.01415837644103,31.22113005502189,0.0 131.01415801516524,31.221129692944405,0.0 131.01415765124247,31.221129331646136,0.0 131.01415728468004,31.22112897112253,0.0 131.0141569154854,31.221128611369007,0.0 131.01415654366613,31.221128252380936,0.0 131.0141561692298,31.22112789415371,0.0 131.0141557921841,31.221127536682683,0.0 131.01415541253692,31.22112717996321,0.0 131.0141550302961,31.221126823990648,0.0 131.01415485644574,31.221126655397832,0.0 131.01415440006582,31.22112639279728,0.0 131.01415411334727,31.22112609229521,0.0 131.01415379384,31.22112582835577,0.0 131.0141536799902,31.2211256231498,0.0</coordinates>
            </LineString>
        </Placemark>
    </Document>
</kml>
