<?xml version="1.0" encoding="UTF-8"?>
<kml xmlns="http://www.opengis.net/kml/2.2" xmlns:gx="http://www.google.com/kml/ext/2.2">
    <Document id="361">
        <Style id="364">
            <LineStyle id="365">
                <color>ff0000ff</color>
                <colorMode>normal</colorMode>
                <width>3</width>
            </LineStyle>
        </Style>
        <Style id="368">
            <LineStyle id="369">
                <color>ff00ff00</color>
                <colorMode>normal</colorMode>
                <width>3</width>
            </LineStyle>
        </Style>
        <Placemark id="363">
            <name>flight_path</name>
            <styleUrl>#364</styleUrl>
            <LineString id="362">
                <altitudeMode>relativeToGround</altitudeMode>
                <coordinates>131.010392,31.222216000000007,3.000000004412624 131.01039200000545,31.2222159999906,3.0000027264578115 131.01039200001028,31.222215999993875,3.000003012779584 131.01039200001028,31.222215999993875,3.000003012779584 131.0103920000103,31.222215999993875,3.000003012779584 131.0103920186648,31.22221599084417,3.0022578683165726 131.0103920748901,31.222215963420645,3.0148070948829484 131.01039215993478,31.22221592194644,3.034007106185365 131.010392249151,31.222215878416662,3.0533625227734102 131.010392395381,31.222215807126663,3.0872373379337144 131.01039249716985,31.22221575742821,3.108054756618066 131.01039266702276,31.22221567459415,3.1463955357590927 131.0103928374792,31.222215591440023,3.1839242398255614 131.01039302080284,31.222215502000264,3.223974375587493 131.01039322708232,31.222215401367297,3.2692888586088302 131.01039345272457,31.222215291288936,3.3188919014122904 131.01039369258763,31.22221517426644,3.371386619342709 131.01039395005884,31.222215048652007,3.4276944029464915 131.01039421644953,31.222214918672204,3.4854544955210374 131.01039450845172,31.22221477620725,3.5492041954075195 131.0103948069986,31.222214630532072,3.613762698551086 131.01039512776407,31.22221447402223,3.683390064561909 131.01039545946077,31.222214312168344,3.755020054475544 131.01039580637274,31.222214142886457,3.829817427166218 131.0103961752949,31.22221396287121,3.9096291894311377 131.01039655164234,31.222213779217327,3.990493875776049 131.01039694683445,31.222213586369925,4.075514149527917 131.01039735714872,31.222213386139742,4.163679749421614 131.01039778575063,31.22221317698696,4.255850937946337 131.01039822638555,31.22221296195409,4.350330148726012 131.0103986893425,31.22221273603605,4.449911131273628 131.01039915904306,31.22221250681097,4.550366250306302 131.01039964456635,31.22221226986224,4.6541599204829485 131.0104001456363,31.22221202532413,4.76121747643528 131.0104006630688,31.222211772799746,4.871760278464286 131.01040119449576,31.22221151344101,4.985146518681852 131.01040173375296,31.22221125024659,5.09970618818231 131.0104022910162,31.22221097826628,5.218196267981704 131.0104028640733,31.222210698576216,5.3400168125759615 131.010403448877,31.222210413145216,5.46407221098422 131.01040405025552,31.222210119624407,5.591668537551862 131.01040466068557,31.22220982167371,5.720771220823895 131.01040528477773,31.22220951705013,5.852626222659345 131.01040592505373,31.222209204526795,5.987913035433971 131.01040658160653,31.2222088840584,6.126654815184158 131.010407247809,31.222208558868967,6.267063794345923 131.0104079271538,31.222208227259305,6.410080946913928 131.01040862461,31.222207886811766,6.557041301871459 131.01040934016976,31.222207537530053,6.707938841696294 131.01041005778333,31.222207187222743,6.858461165663568 131.01041079218817,31.22220682871958,7.01256490295335 131.01041154438693,31.222206461532508,7.170512587686416 131.01041230918216,31.222206088190248,7.330908415474931 131.0104130807204,31.222205711540788,7.492187090976883 131.01041387233195,31.22220532509796,7.657906204415424 131.01041467658197,31.22220493247912,7.826075397300557 131.0104154908101,31.222204534978747,7.995984826367083 131.01041632172996,31.222204132081565,8.169419854648302 131.0104171643478,31.22220372362016,8.344637582402076 131.01041802047732,31.22220330974155,8.522530003395657 131.0104188989201,31.222202886044528,8.705235038454925 131.01041978331955,31.2222024605068,8.888453776071785 131.01042068163616,31.22220202922267,9.07428802202556 131.0104215981638,31.222201590067016,9.263859036492304 131.0104225348506,31.222201142043897,9.457669214897916 131.01042346907127,31.22220069635044,9.64977837651687 131.01042442107214,31.22220024291048,9.84549988575754 131.0104253999215,31.222199777086324,10.047194661036135 131.01042638354772,31.22219930994246,10.249083252281196 131.0104273752194,31.222198839845404,10.45202579452939 131.01042838736478,31.22219836036488,10.659263615005118 131.01042941653907,31.2221978731522,10.869891533117046 131.01043045360788,31.22219738292433,11.081528226395632 131.01043150168883,31.222196888024364,11.294987514438304 131.0104325685712,31.222196384191538,11.51229547503553 131.0104336545634,31.22219587108852,11.733529668538148 131.01043474042524,31.222195359184607,11.95368626335958 131.01043584758057,31.22219483661394,12.178338856336122 131.01043696722166,31.222194308089897,12.405196022215383 131.01043809805162,31.22219377427526,12.633922402470215 131.01043923777098,31.22219323643255,12.863921879307176 131.01044039987755,31.22219268647593,13.098704891596304 131.01044157294828,31.222192130964967,13.335303648900664 131.01044274986432,31.222191574226088,13.571869358960187 131.01044394768877,31.2221910056364,13.81284252844282 131.01044516243516,31.22219042732945,14.057190176198777 131.01044637701045,31.22218985016668,14.30046577839266 131.0104476095832,31.222189262339985,14.54740292681563 131.0104488575365,31.222188665198537,14.797325719781869 131.01045011471933,31.222188062719216,15.048634750592289 131.01045138197514,31.222187454247106,15.301553179851688 131.0104526639001,31.22218683634668,15.557286128801788 131.01045395931027,31.222186209573408,15.815530592267429 131.01045526011143,31.22218557971341,16.0741735103571 131.01045657808953,31.22218493783028,16.336305210875274 131.0104579106332,31.22218428548617,16.60125046877574 131.01045924700705,31.22218363090544,16.866196924484303 131.01046060365883,31.22218296086831,17.135469864954107 131.0104619694799,31.22218228392276,17.406158319319086 131.01046333870096,31.222181604865508,17.676745117888057 131.01046472844598,31.222180908955696,17.951751508930677 131.01046612853767,31.22218020443801,18.22850342598608 131.010467537907,31.22217949214757,18.50672255170033 131.01046896103463,31.22217876778457,18.78760195377728 131.01047039106308,31.222178037393885,19.069331329342702 131.0104718291069,31.22217729982071,19.35221068453266 131.01047328724843,31.222176542945068,19.639463750302305 131.01047474275143,31.22217578887132,19.92504396343883 131.0104762184674,31.222175014545776,20.215048722306847 131.0104777056877,31.222174228185708,20.50716816663244 131.01047919512712,31.22217343952459,20.79892081273275 131.01048069577823,31.222172638831523,21.09271968431252 131.01048222155143,31.22217180999881,21.3923158298058 131.01048374612088,31.22217098210556,21.690642744753934 131.01048527119065,31.22217015370144,21.988152154996424 131.01048682638805,31.222169289388365,22.292848704080463 131.01048837287453,31.22216843493464,22.594255800024044 131.01048993323107,31.22216756319624,22.898476679974923 131.01049152523908,31.222166650730514,23.21035260881768 131.0104930913297,31.222165770728985,23.514265292001472 131.01049468869766,31.22216484953997,23.825749263885577 131.01049630234982,31.222163905235888,24.14075429580222 131.01049789546167,31.2221629880758,24.44923941687651 131.01049952758763,31.22216201604664,24.767456759877128 131.0105011528674,31.22216105213129,25.082898259714035 131.0105027797666,31.222160085037245,25.397870279689617 131.0105044396338,31.222159068128903,25.720971551153536 131.0105060861808,31.22215806940021,26.03952267155014 131.01050774180774,31.22215705581909,26.35966296602124 131.0105094249387,31.22215599787008,26.686466734498488 131.01051109175972,31.22215496372617,27.00789589846522 131.01051277936082,31.222153894918463,27.334149210851137 131.0105144776036,31.2221528066584,27.662447181214663 131.0105161652198,31.222151734111176,27.986933687131017 131.01051788600972,31.222150603972533,28.31967521324728 131.01051959397972,31.22214949320304,28.648006565165645 131.01052131044577,31.22214836592712,28.97779937293428 131.01052305568498,31.222147185746422,29.3146423282918 131.01052478225404,31.222146036070534,29.645469598074325 131.0105265263779,31.22214485278917,29.980256689179896 131.0105282890309,31.22214363298708,30.319268617486312 131.0105300358507,31.222142439637075,30.65305744135405 131.0105318103124,31.222141192403924,30.99356937193883 131.0105335783962,31.222139954178544,31.33146057435541 131.01053535019057,31.22213870631439,31.66950229773695 131.01053715267344,31.22213739664845,32.01506836967204 131.01053893552344,31.22213612177448,32.354399707008405 131.01054073256253,31.222134816609127,32.69673747700982 131.01054255563767,31.22213345713152,33.04528315843432 131.0105443524376,31.222132146404096,33.385823059502016 131.01054618330113,31.222130765125456,33.73472438162996 131.0105480118603,31.22212938509624,34.082119581130655 131.01054983475575,31.222128013410284,34.427120672899406 131.01055169161776,31.222126570121297,34.78036647096856 131.01055353016216,31.222125160585115,35.12781950089487 131.0105553842291,31.22212371654152,35.478544849190726 131.01055725340856,31.222122238580752,35.83239646788375 131.01055910857843,31.22212078598628,36.18164973354041 131.01056099279575,31.22211927117119,36.53768420943078 131.0105628675165,31.22211777257908,36.890318341428745 131.0105647460611,31.222116263180386,37.24306932199106 131.01056665213224,31.22211469484104,37.60208590100565 131.01056854086335,31.222113158745785,37.9556892997805 131.01057044569066,31.222111587152245,38.31255653133066 131.01057236203943,31.2221099895264,38.671461797349366 131.01057426842544,31.222108409168648,39.02690288821348 131.01057620804158,31.222106759643744,39.38987833400689 131.01057812925242,31.22210514426781,39.747253050191446 131.0105800627656,31.222103501881943,40.10681593330416 131.01058202614428,31.222101798447145,40.47290641904964 131.010583959701,31.22210015110001,40.83061617346548 131.01058593041145,31.22209842922564,41.19660868241448 131.01058788983065,31.222096727217647,41.558847106200254 131.01058985595446,31.222095010266443,41.92178841982116 131.01059184742735,31.22209324353656,42.28993782309956 131.0105938199254,31.22209151082613,42.65251288041331 131.0105958231736,31.222089719152983,43.02154171106999 131.01059782026857,31.22208793757997,43.38810165614899 131.01059981855127,31.222086152321097,43.75397830893824 131.01060184832045,31.222084309130864,44.12632593363484 131.01060385516175,31.222082506004263,44.49226575374871 131.01060589321966,31.22208064660371,44.8645448462268 131.01060792592952,31.222078796024984,45.234560132704665 131.01060996302743,31.222076937077368,45.60459977967288 131.01061202992108,31.22207502697008,45.98049419852148 131.0106140728319,31.22207315709516,46.34986391858258 131.0106161539695,31.22207122315299,46.72695526638587 131.01061821975918,31.222069314700057,47.09952310161275 131.01062029861473,31.222067384837533,47.47403436321088 131.01062240166095,31.222065416607883,47.85294347495842 131.01062448309725,31.22206348309093,48.22598141112283 131.01062660280684,31.222061489976728,48.60651779057883 131.01062870870663,31.22205951916977,48.98293891709736 131.0106308266336,31.22205753052972,49.36098643721031 131.01063297164714,31.222055502153875,49.743929330689525 131.0106350916705,31.222053512160663,50.12035575384856 131.0106372544355,31.2220514601863,50.50505434994656 131.01063940265072,31.2220494310157,50.885529297186494 131.0106415621627,31.222047386763084,51.267405516903146 131.01064374059132,31.222045317220143,51.6522953805958 131.01064590445552,31.22204326981864,52.03300557924853 131.01064810844412,31.22204116825084,52.421237972386535 131.01065029301014,31.222039095510524,52.8042643585714 131.01065249814815,31.22203699642989,53.19061133241016 131.0106547139331,31.22203488512574,53.5781464904096 131.01065691833355,31.2220327911007,53.96222358686355 131.01065917014253,31.22203063639669,54.355215942711695 131.01066138962997,31.222028526663543,54.74035716503881 131.0106636448211,31.22202637243556,55.13192367991847 131.01066589709947,31.222024224527928,55.52181561866558 131.01066814865993,31.222022079877675,55.91050624831015 131.01067043513265,31.22201989309225,56.305394797261016 131.0106726976404,31.222017739389617,56.69425331712545 131.01067499828525,31.22201553989599,57.089957546943324 131.01067728645629,31.222013358802386,57.48202621970151 131.0106795850727,31.222011167119327,57.87520437732216 131.01068190667883,31.222008949323246,58.27206604537301 131.01068420814872,31.222006759291133,58.66374003820703 131.01068655601085,31.22200451405431,59.06389865906453 131.01068887996527,31.222002301236365,59.458106978148734 131.01069123380276,31.22200005381183,59.85740197926724 131.01069358171583,31.221997816349383,60.25444591816489 131.0106959314202,31.221995579200406,60.65082570821576 131.0106983091882,31.22199330954284,61.05190785304732 131.01070066719615,31.22199106704578,61.44792837700679 131.01070307141535,31.22198876900092,61.852352814757374 131.0107054516633,31.22198650342036,62.25086745117567 131.01070785173656,31.22198421513852,62.65240777645904 131.01071026472118,31.22198191262231,63.05556402074164 131.01071266116617,31.22197963338772,63.45434417520788 131.01071509318066,31.221977310536985,63.85935975911818 131.01071752018876,31.221974995967187,64.26235429923442 131.01071993821688,31.221972695064768,64.66252565285393 131.01072237825798,31.22197036709529,65.06618223775844 131.0107248326891,31.22196802152759,65.4717763120776 131.0107272794827,31.221965687609195,65.87483239955327 131.01072972749503,31.22196335360593,66.27715609933726 131.01073219285527,31.221960997283155,66.6820312875064 131.01073466198983,31.22195863675891,67.08670183006366 131.01073713056226,31.22195627801936,67.49029006089532 131.01073960195788,31.22195391626508,67.89348845976855 131.0107420837925,31.22195154041053,68.29784972188517 131.01074456737646,31.22194916252363,68.7016107958667 131.0107470523589,31.2219467830422,69.10470424145898 131.0107495417555,31.22194439737449,69.50774698678589 131.01075203472274,31.22194200649077,69.9105711339095 131.010754529564,31.221939612724807,70.31283531803089 131.01075702638832,31.22193721574405,70.71456508906681 131.01075952739492,31.22193481195255,71.11621049086719 131.01076203162205,31.221932402569045,71.51757896843458 131.0107645385263,31.22192998823732,71.91856295337949 131.0107670464001,31.22192757149035,72.31881860474462 131.0107695551462,31.22192515234079,72.71832885016057 131.0107720694243,31.221922722994023,73.1180403930267 131.01077458369588,31.22192029226117,73.51683246161438 131.01077710093273,31.22191785510725,73.91530892130558 131.01077961999704,31.22191541321669,74.31324074144096 131.010782141922,31.22191296465996,74.7108377573071 131.01078466363847,31.221910514519934,75.10748142082767 131.01078718801955,31.221908057719528,75.50375216444604 131.01078971456425,31.221905594925843,75.8995486673358 131.0107922412884,31.221903129494663,76.29447231171062 131.01079477097272,31.22190065638103,76.68908135883649 131.01079730354544,31.221898175528583,77.08335961411174 131.01079983467514,31.22189569464016,77.47644054797114 131.01080236905543,31.221893205150195,77.86926124301665 131.01080490397365,31.22189071186453,78.26127865218393 131.0108074396923,31.22188821424696,78.65254428006973 131.0108099766622,31.22188571139619,79.04314580101186 131.01081251557747,31.22188320195413,79.43321782203094 131.01081505531303,31.221880687963782,79.82253574803475 131.0108175967137,31.22187816781592,80.21126349723725 131.0108201384933,31.221875643899367,80.59914604962754 131.01082268136997,31.221873114859555,80.98632157472292 131.01082522412935,31.22187058298737,81.37255058948429 131.01082776819413,31.221868045613963,81.75810668712282 131.01083031413788,31.2218655016754,82.14309603551625 131.01083286045707,31.221862954050124,82.52722469263537 131.01083540769605,31.221860401758736,82.91059461905166 131.01083795580473,31.22185784495417,83.29319229235202 131.01084050276845,31.22185528749891,83.67463082113187 131.01084305163,31.22185272374361,84.0554853432847 131.0108455998066,31.22185015862849,84.43526194610854 131.01084815047503,31.221847586306943,84.81455587880257 131.0108507003203,31.22184501307354,85.19273968620958 131.0108532530286,31.22184243219268,85.57049938403797 131.0108558048866,31.221839850663017,85.9471382109481 131.01085835713107,31.22183726630813,86.32288432444281 131.01086091143583,31.221834676216417,86.69804153286131 131.01086346624228,31.221832083382647,87.07231796462084 131.0108660204506,31.221829489913297,87.44551042678545 131.01086857726406,31.22182689020822,87.81819918718851 131.01087113394695,31.22182428932716,88.18988215248224 131.01087369255094,31.22182168378257,88.5609276486579 131.0108762513815,31.2218190767244,88.93102640173832 131.01087881050205,31.2218164681782,89.30018795131187 131.01088137068007,31.22181385697867,89.66854629461852 131.0108839319894,31.221811243179022,90.03611075120092 131.0108864938356,31.22180862795397,90.40277320059516 131.010889056474,31.22180601102633,90.76857652930552 131.01089161917795,31.22180339376341,91.1333909195898 131.01089418427244,31.221800772485384,91.49762069990174 131.01089674884085,31.221798152154303,91.86075417927168 131.0108993156874,31.221795528344607,92.22327765415756 131.01090188332617,31.22179290363864,92.584930506163 131.01090445006932,31.22179028084481,92.9454214406194 131.01090701920467,31.221787654890736,93.30531489337248 131.01090958863455,31.22178502924854,93.66424843772724 131.01091215761025,31.221782405182505,94.02209460671897 131.01091472902343,31.22177977836472,94.37934479948996 131.01091729955098,31.221777154024057,94.73543334863238 131.0109198717225,31.22177452841352,95.09078898375309 131.0109224465409,31.22177190018404,95.44557861120188 131.01092502015035,31.221769275200906,95.7991532929666 131.0109275945092,31.221766650616647,96.15184343628428 131.0109301696808,31.221764026448767,96.5036590723534 131.01093274712,31.221761400680084,96.85484233777214 131.0109353247329,31.22175877644515,97.20504448073088 131.01093790284878,31.22175615332337,97.5543215701574 131.0109404828858,31.221753529358143,97.90290875163365 131.01094306318873,31.22175090698344,98.25053265259616 131.01094564370774,31.221748286310422,98.5971866027687 131.01094822719085,31.22174566351755,98.94332307638749 131.01095080909704,31.22174304503964,99.28819716522626 131.01095339535902,31.22174042259195,99.63278240714315 131.01095598091686,31.22173780329033,99.97625117010858 131.01095856811804,31.22173518387021,100.31898895524516 131.01096115637387,31.22173256517119,100.660900629343 131.01096374668555,31.22172994581565,101.0021500513713 131.0109663377851,31.22172732756099,101.34253256583824 131.01096892958617,31.221724710517552,101.68203601958234 131.0109715223074,31.22172209437017,102.02069739671632 131.01097411682483,31.22171947788999,102.35865937155702 131.01097671085515,31.22171686420553,102.69555556780536 131.01097930684145,31.22171424990635,103.03178104795848 131.010981903389,31.221711636882446,103.36711289949449 131.01098450048934,31.221709025101955,103.70155174362144 131.01098709818524,31.221706414455937,104.03510620683096 131.01098969830625,31.221703802332183,104.36807007631612 131.0109922971315,31.22170119386885,104.69985104315376 131.01099489811372,31.22169858416402,105.03100161897532 131.0109975009647,31.221695973529865,105.36147660928444 131.01100010378653,31.221693364572094,105.69097614918618 131.01100270770004,31.22169075562485,106.01968003306555 131.01100531271356,31.22168814658044,106.3475908638072 131.01100791921235,31.221685536784296,106.67477078963395 131.01101052404934,31.221682930698098,107.00072491953456 131.01101313017088,31.221680323963145,107.32591971359597 131.01101573705992,31.22167771720805,107.65027446714828 131.01101834378758,31.22167511169686,107.9736447391063 131.01102095236547,31.221672504335583,108.2963471034126 131.01102355964804,31.22166989970431,108.61789038601071 131.0110261665913,31.22166729629057,108.93842610184124 131.0110287766606,31.22166468869557,109.2584947243122 131.01103138683428,31.22166208136936,109.5776258831348 131.01103399577323,31.221659476298285,109.8956136618529 131.0110366061896,31.22165686916912,110.21287954064104 131.01103921691816,31.221654261649235,110.52924315900668 131.01104182818605,31.221651653261613,110.84474024690884 131.011044440084,31.22164904373445,111.15938512381004 131.01104705237677,31.221646433318696,111.4731419680348 131.01104966369536,31.221643824121493,111.78580176972328 131.01105227518107,31.22164121418457,112.09753977375922 131.01105488663657,31.2216386037021,112.40832571277052 131.01105749704536,31.22163599425256,112.71800540876698 131.01106010717183,31.22163338446573,113.02669530024312 131.01106272041125,31.22163076847503,113.33490720259864 131.01106533058353,31.22162815662835,113.64170854279692 131.01106794100505,31.22162554323381,113.9476000600214 131.01107055221593,31.22162292722132,114.25266095841944 131.011073162487,31.221620311480617,114.55663210934898 131.01107577227265,31.221617695149767,114.85958148977976 131.01107838056984,31.221615079914347,115.16136016759414 131.01108098888324,31.22161246303874,115.46219035846944 131.011083597498,31.221609843912727,115.76211228055342 131.0110862040629,31.221607226681144,116.06078024515467 131.01108881053435,31.221604607777778,116.358480856135 131.0110914177798,31.22160198554229,116.65533816417006 131.01109402457993,31.221599362122426,116.95117333612032 131.01109662917247,31.22159674071329,117.2457319613566 131.01109923321525,31.22159411824506,117.5392531503906 131.01110183811852,31.22159149205631,117.8319366040934 131.01110444262648,31.221588864422703,118.12360047717377 131.01110704620373,31.22158623632148,118.4141682267532 131.0111096486964,31.221583608026503,118.70361775212947 131.01111225125257,31.22158097737781,118.99210967982413 131.01111485162673,31.2215783485692,119.27932754482742 131.01111745306207,31.221575715521706,119.56572406650756 131.01112005367963,31.22157308175697,119.85103470622592 131.01112265436385,31.22157044562637,120.1353812954329 131.01112525360415,31.22156780998645,120.4185544266424 131.011127851436,31.22156517479476,120.70055922071104 131.01113044976455,31.22156253649404,120.981654598752 131.01113304798346,31.22155989625881,121.2617553292855 131.0111356469448,31.2215572525299,121.54097514675544 131.01113824405127,31.22155461022372,121.81896303430476 131.01114084051758,31.221551967106887,122.09588280595916 131.01114343879613,31.22154931865694,122.37205945015936 131.01114603479374,31.2215466725732,122.6469467501164 131.01114863188283,31.22154402263536,122.9209919035992 131.01115122830322,31.221541372187737,123.19396055595848 131.01115382264885,31.221538723886425,123.46566906040142 131.01115641692925,31.22153607409411,123.73638020585136 131.01115901025625,31.221533424527333,124.00597707263792 131.0111616028057,31.221530774940472,124.274482400379 131.01116419460485,31.221528125365506,124.54189943909368 131.0111667856816,31.221525475835588,124.8082315928416 131.01116937606474,31.22152282638494,125.07348242767338 131.01117196578366,31.221520177048767,125.33765564678302 131.0111745548684,31.22151752786315,125.60075506963426 131.01117714334944,31.22151487886491,125.86278465084656 131.01117973125773,31.221512230091506,126.1237484384482 131.0111823186246,31.22150958158097,126.38365058481185 131.01118490548154,31.22150693337176,126.6424953277682 131.01118749186034,31.221504285502647,126.90028697371012 131.01119007779283,31.221501638012647,127.15702989659864 131.01119266331088,31.22149899094085,127.4127285270308 131.01119524844634,31.22149634432644,127.66738732639648 131.0111978332308,31.221493698208395,127.92101078986114 131.0112004176957,31.22149105262557,128.17360343443963 131.01120300187227,31.22148840761652,128.4251697761351 131.01120558579123,31.22148576321939,128.6757143299399 131.011208169483,31.221483119471884,128.9252415979096 131.01121075297735,31.22148047641109,129.17375605425323 131.0112133363036,31.22147783407346,129.42126213241357 131.01121591949027,31.221475192494687,129.6677642210918 131.01121850256527,31.221472551709617,129.91326665232117 131.01122108555572,31.221469911752205,130.15777368755224 131.01122366848784,31.221467272655406,130.4012895136781 131.01122625138697,31.221464634451127,130.6438182211673 131.01122883427757,31.22146199717016,130.88536381897623 131.01123141718304,31.22145936084206,131.12593019876536 131.01123400012568,31.221456725495187,131.36552114384682 131.0112365831268,31.221454091156545,131.60414031725747 131.01123916620642,31.22145145785177,131.84179124784535 131.01124174938352,31.22144882560514,132.07847733126317 131.01124433267572,31.2214461944394,132.3142018190364 131.0112469160995,31.22144356437584,132.54896781458808 131.01124949967004,31.221440935434213,132.78277826330034 131.01125208340116,31.22143830763272,133.01563595152157 131.0112546673053,31.22143568098792,133.2475435006024 131.01125725139383,31.2214330555148,133.47850335994008 131.01125983567633,31.22143043122669,133.70851780101444 131.0112624201613,31.22142780813524,133.93758891937725 131.01126500485572,31.22142518625048,134.16571863266526 131.01126758976525,31.22142256558074,134.3929086716539 131.01127017489412,31.22141994613269,134.61916057628406 131.0112727602451,31.221417327911343,134.8444757056002 131.01127534581968,31.22141471092,135.06885522880708 131.01127793161794,31.22141209516033,135.2923001202998 131.01128051763848,31.22140948063238,135.5148111676155 131.01128310387867,31.221406867334537,135.73638896646494 131.01128569033443,31.221404255263582,135.95703392669628 131.01128827700046,31.221401644414744,136.17674626136187 131.01129086387007,31.221399034781648,136.39552600560367 131.01129345093537,31.221396426356463,136.61337300671468 131.01129603818714,31.2213938191298,136.83028692513156 131.011298625615,31.221391213090868,137.04626724338283 131.01130121320745,31.221388608227468,137.2613132650932 131.0113038009517,31.221386004526,137.47542412691172 131.01130638883396,31.221383401971583,137.68859878658446 131.0113089768394,31.22138080054804,137.9008360428343 131.011311564952,31.22137820023797,138.11213452641385 131.01131415315493,31.22137560102284,138.32249271998637 131.01131674143036,31.221373002882963,138.53190894719015 131.01131932975957,31.221370405797654,138.7403813885441 131.01132191812303,31.22136780974517,138.9479080864146 131.01132450650044,31.221365214702924,139.1544869450177 131.01132709487072,31.221362620647383,139.36011574333935 131.01132968321215,31.221360027554248,139.56479213612815 131.01133227150237,31.221357435398488,139.76851366880675 131.01133485971843,31.221354844154384,139.97127776852284 131.0113374478369,31.221352253795608,140.17308176999435 131.01134003583385,31.221349664295303,140.37392291053737 131.01134262368504,31.22134707562616,140.57379833801875 131.0113452113658,31.22134448776041,140.77270512576357 131.0113477988512,31.221341900670044,140.97064027454363 131.0113503861161,31.22133931432672,141.16760071356975 131.01135297313516,31.22133672870189,141.36358332832367 131.01135555988296,31.22133414376696,141.55858494365816 131.0113581463341,31.221331559493187,141.75260234665885 131.01136073246295,31.221328975851872,141.94563229857013 131.01136331824415,31.221326392814383,142.1376715238619 131.01136590365246,31.221323810352207,142.32871673308858 131.01136848866264,31.22132122843704,142.5187646348176 131.0113710732498,31.22131864704084,142.70781192270465 131.01137365738927,31.22131606613588,142.8958553023331 131.01137624105684,31.2213134856948,143.08289149617977 131.0113788242285,31.221310905690704,143.2689172406346 131.01138140688073,31.221308326097148,143.45392929991382 131.01138398899053,31.22130574688828,143.63792447401187 131.01138657053545,31.22130316803879,143.82089961460315 131.01138915149352,31.22130058952405,144.00285160715003 131.0113917318434,31.2212980113201,144.18377740270907 131.0113943115645,31.22129543340372,144.36367401395506 131.01139689063675,31.22129285575248,144.54253851915377 131.01139946904107,31.22129027834476,144.72036807110948 131.0114020467589,31.22128770115976,144.89715991107732 131.0114046237726,31.221285124177623,145.07291135882485 131.01140720006543,31.221282547379385,145.2476198305208 131.0114097756214,31.22127997074704,145.42128284171807 131.01141235042553,31.22127739426356,145.59389800536286 131.0114149244637,31.22127481791289,145.76546304968684 131.01141749772285,31.221272241680065,145.93597581025475 131.01142007019072,31.2212696655511,146.10543423592648 131.0114226418562,31.221267089513088,146.27383640476043 131.01142521270913,31.2212645135542,146.44118051208528 131.01142778274038,31.221261937663662,146.6074648794449 131.01143035194187,31.22125936183184,146.77268796751926 131.01143292030667,31.221256786050127,146.93684836121483 131.01143548782875,31.22125421031109,147.09994478656034 131.01143805450334,31.22125163460836,147.26197610673185 131.0114406203266,31.22124905893664,147.422941328015 131.01144318529583,31.22124648329177,147.58283958887128 131.01144574940943,31.221243907670672,147.74167018180486 131.01144831266691,31.22124133207132,147.89943253845303 131.0114508750688,31.22123875649278,148.0561262315728 131.01145343661676,31.221236180935165,148.21175098796397 131.01145599731345,31.221233605399608,148.3663066725627 131.01145855716263,31.22123102988829,148.51979329440843 131.01146111616916,31.221228454404365,148.67221101161024 131.01146367433884,31.221225878951973,148.8235601253855 131.01146623167847,31.221223303536224,148.97384107707617 131.01146878819588,31.221220728163143,149.1230544461617 131.0114713439,31.221218152839665,149.27120096119225 131.0114738988005,31.221215577573584,149.41828147891525 131.01147645290814,31.221213002373588,149.5642969952098 131.01147900623448,31.221210427249137,149.70924864111032 131.01148155879207,31.22120785221049,149.85313767087905 131.01148411059424,31.221205277268663,149.9959654719457 131.01148666165514,31.221202702435367,150.1377335529809 131.01148921198967,31.221200127723016,150.2784435498595 131.0114917616137,31.221197553144684,150.418097200812 131.01149431054353,31.221194978714,150.5566963722675 131.0114968587963,31.22119240444521,150.69424303002984 131.0114994063899,31.221189830353097,150.83073924921726 131.01150195334256,31.221187256452872,150.9661872013404 131.01150449967332,31.22118468276029,151.10058915828083 131.0115070454017,31.22118210929145,151.23394747837312 131.01150959054755,31.221179536062863,151.3662646054134 131.01151213513157,31.221176963091388,151.49754306865995 131.0115146791744,31.22117439039413,151.6277854699106 131.0115172226974,31.22117181798849,151.75699448151667 131.01151976572208,31.221169245892103,151.885172837438 131.0115223082703,31.221166674122728,152.01232333821247 131.01152485036417,31.221164102698303,152.1384488280961 131.01152739202598,31.22116153163685,152.26355221295512 131.01152993327815,31.22115896095645,152.3876364254774 131.0115324741433,31.22115639067521,152.51070444803474 131.011535014644,31.22115382081124,152.63275928385875 131.011537554803,31.22115125138257,152.75380396598652 131.01154009464284,31.22114868240715,152.87384154732288 131.01154263418616,31.221146113902808,152.99287509169355 131.01154517345535,31.221143545887216,153.1109076688791 131.0115477124729,31.22114097837785,153.22794235461217 131.01155025126076,31.22113841139195,153.3439822166652 131.01155278984095,31.22113584494652,153.45903031584498 131.01155532823512,31.22113327905824,153.57308969704596 131.01155786646456,31.221130713743506,153.6861633783193 131.01156040455027,31.221128149018348,153.79825436081276 131.01156294251285,31.22112558489842,153.90936560491556 131.01156548037252,31.221123021398967,154.01950004616353 131.011568018149,31.22112045853483,154.1286605614448 131.01157055586148,31.22111789632036,154.23684998987275 131.0115730935287,31.221115334769447,154.34407111589115 131.01157563116882,31.22111277389548,154.45032667623153 131.0115781687994,31.22111021371132,154.55561932413116 131.01158070643734,31.221107654229296,154.6599516690924 131.01158324409894,31.221105095461184,154.76332623911304 131.01158578179985,31.221102537418165,154.86574548665024 131.011588319555,31.22109998011084,154.9672117925974 131.0115908573785,31.221097423549192,155.0677274483932 131.0115933952839,31.221094867742604,155.1672946619864 131.01159593328376,31.22109231269981,155.2659155528655 131.01159847139,31.221089758428903,155.36359214510307 131.01160100961363,31.221087204937326,155.46032637232477 131.01160354796502,31.22108465223188,155.55612006280123 131.01160608645338,31.22108210031866,155.65097495137547 131.0116086250874,31.22107954920313,155.74489266057856 131.01161116387468,31.22107699889007,155.83787471355117 131.011613702822,31.221074449383583,155.92992252509887 131.01161624193531,31.221071900687065,156.0210373997029 131.01161878121965,31.221069352803287,156.1112205305297 131.01162132067907,31.22106680573432,156.20047299545183 131.01162386031675,31.22106425948153,156.28879576698986 131.01162640013513,31.221061714045664,156.37618969640934 131.01162894013552,31.22105916942679,156.46265552365983 131.01163148031844,31.221056625624303,156.54819387041718 131.0116340206835,31.22105408263696,156.6328052440607 131.0116365612294,31.221051540462888,156.71649003667827 131.01163910195396,31.221048999099565,156.7992485260607 131.0116416428541,31.221046458543857,156.88108086874405 131.0116441839259,31.22104391879202,156.9619871159134 131.0116467251646,31.221041379839708,157.04196719948692 131.01164926656446,31.22103884168203,157.12102093807962 131.01165180811907,31.221036304313465,157.19914804197325 131.0116543498211,31.221033767728,157.27634810715296 131.01165689166237,31.22103123191908,157.35262062623949 131.0116594336341,31.221028696879607,157.427964976563 131.01166197572655,31.221026162602016,157.50238044401675 131.01166451792932,31.22102362907825,157.5758661982088 131.01166706023125,31.2210210962998,157.6484213153214 131.01166960262057,31.22101856425771,157.72004477115595 131.01167214508467,31.22101603294264,157.79073544709289 131.01167468761045,31.221013502344803,157.86049213108757 131.01167723018406,31.221010972454103,157.9293135236335 131.01167977279113,31.22100844326006,157.99719823477963 131.0116823154166,31.22100591475188,158.0641447920821 131.01168485804507,31.22100338691845,158.13015164358507 131.01168740066043,31.22100085974843,158.19521715980872 131.01168994324615,31.22099833323016,158.25933964269507 131.01169248578532,31.22099580735181,158.32251731367828 131.0116950282605,31.220993282101336,158.38474833853513 131.01169757065392,31.220990757466488,158.44603081943143 131.01170011294747,31.22098823343491,158.50636279293434 131.01170265512272,31.22098570999407,158.56574225088488 131.0117051971608,31.22098318713137,158.62416712946347 131.01170773904286,31.22098066483412,158.68163532409946 131.01171028074958,31.2209781430896,158.73814468052467 131.01171282226156,31.22097562188501,158.79369301763305 131.01171536355932,31.22097310120761,158.8482781076026 131.01171790462308,31.220970581044647,158.90189770869392 131.01172044543318,31.220968061383417,158.95454954537098 131.01172298596978,31.22096554221128,159.006231326192 131.01172552621313,31.22096302351571,159.05694073983307 131.01172806614335,31.220960505284285,159.1066754660208 131.01173060574078,31.220957987504704,159.15543318447706 131.01173314498578,31.22095547016484,159.2032115610035 131.01173568385883,31.22095295325276,159.25000826934803 131.01173822234065,31.22095043675669,159.29582099219795 131.01174076041204,31.22094792066513,159.3406474162093 131.01174329805409,31.220945404966777,159.38448524592215 131.01174583524815,31.2209428896506,159.42733220773547 131.01174837197584,31.220940374705847,159.46918604791955 131.0117509082192,31.22093786012205,159.51004454056496 131.01175344396043,31.220935345889075,159.54990549354864 131.01175597918228,31.22093283199708,159.58876674952484 131.01175851386793,31.22093031843657,159.6266261869191 131.01176104800086,31.22092780519843,159.66348172788068 131.01176358156516,31.220925292273865,159.69933134821974 131.01176611454528,31.2209227796545,159.73417306548097 131.01176864692636,31.22092026733233,159.76800495086883 131.01177117869395,31.220917755299748,159.80082514316453 131.01177370983424,31.220915243549552,159.83263182983833 131.011776240334,31.220912732074968,159.8634232709054 131.01177877018063,31.22091022086964,159.8931977860036 131.01178129936213,31.220907709927616,159.9219537683081 131.01178382786725,31.22090519924344,159.94968968254318 131.01178635568527,31.22090268881204,159.97640406597637 131.01178888280631,31.220900178628806,160.0020955383568 131.01179140922113,31.220897668689577,160.0267627949578 131.01179393492123,31.220895158990643,160.05040461552193 131.01179645989887,31.220892649528743,160.07301986028452 131.01179898414696,31.22089014030104,160.0946074779255 131.01180150765936,31.22088763130518,160.11516650457543 131.01180403043054,31.220885122539247,160.13469606779043 131.01180655245582,31.22088261400175,160.15319537760615 131.01180907373134,31.22088010569165,160.17066374741182 131.01181159425394,31.22087759760833,160.18710057506382 131.01181411402135,31.22087508975164,160.20250535381933 131.01181663303214,31.22087258212182,160.21687767233675 131.01181915128555,31.22087007471953,160.2302172166627 131.0118216687817,31.220867567545884,160.24252376327496 131.01182418552153,31.22086506060233,160.2537971920032 131.01182670150675,31.22086255389076,160.26403747012552 131.01182921673995,31.220860047413428,160.27324466628556 131.01183173122445,31.22085754117299,160.2814189405506 131.01183424496432,31.220855035172427,160.28856055435236 131.01183675796452,31.220852529415097,160.29466986253587 131.01183927023064,31.220850023904696,160.29974730739488 131.01184178176922,31.220847518645268,160.3037934315936 131.0118442925874,31.220845013641128,160.3068088682276 131.0118468026931,31.22084250889696,160.30879433684836 131.011849312095,31.220840004417656,160.309750652408 131.0118518208025,31.220837500208475,160.30967871333365 131.0118543288256,31.22083499627488,160.3085795104716 131.01185683617507,31.22083249262259,160.30645411416702 131.01185934286232,31.22082998925759,160.30330367525823 131.0118618488994,31.22082748618604,160.29912943501597 131.01186435429895,31.220824983414342,160.2939327042718 131.01186685907425,31.22082248094908,160.28771487335635 131.0118693632391,31.220819978796992,160.28047740514324 131.01187186680792,31.220817476965,160.27222183604314 131.0118743697956,31.22081497546015,160.2629497700398 131.01187687221756,31.22081247428963,160.25266287769725 131.0118793740897,31.220809973460742,160.24136288820847 131.01188187542832,31.22080747298088,160.22905159635275 131.01188437625018,31.22080497285751,160.21573085057005 131.0118868765725,31.220802473098185,160.2014025559415 131.0118893764127,31.22079997371049,160.1860686652458 131.01189187578865,31.220797474702074,160.1697311769709 131.0118943747185,31.220794976080576,160.1523921382975 131.01189687322065,31.220792477853667,160.13405363316997 131.0118993713138,31.220789980029004,160.11471778428697 131.01190186901678,31.22078748261421,160.09438674713715 131.01190436634863,31.22078498561688,160.07306270403544 131.0119068633285,31.22078248904456,160.0507478661131 131.0119093599758,31.220779992904752,160.0274444683467 131.0119118563098,31.220777497204853,160.00315476160807 131.01191435234995,31.22077500195217,159.97788101465176 131.01191684811576,31.220772507153946,159.9516254992083 131.01191934362652,31.22077001281728,159.92439050389748 131.01192183890163,31.22076751894913,159.896178320315 131.01192433396045,31.22076502555639,159.86699123110583 131.01192682882203,31.220762532645715,159.8368315238787 131.01192932350543,31.22076004022365,159.80570147530452 131.01193181802947,31.22075754829657,159.77360335111672 131.01193431241273,31.220755056870672,159.74053940114123 131.0119368066736,31.220752565951965,159.70651185929827 131.0119393008301,31.22075007554625,159.67152293366206 131.01194179490008,31.220747585659154,159.63557480745604 131.0119442889009,31.22074509629604,159.59866963805823 131.01194678284972,31.22074260746212,159.56080954706462 131.01194927676312,31.22074011916232,159.52199661730438 131.0119517706573,31.22073763140138,159.4822329007953 131.0119542645481,31.220735144183763,159.44152039687432 131.01195675845085,31.220732657513725,159.39986106512129 131.01195925238028,31.22073017139524,159.3572568174072 131.01196174635066,31.220727685832035,159.3137095109362 131.01196424037568,31.22072520082761,159.269220947253 131.01196673446847,31.2207227163852,159.22379287522483 131.01196922864153,31.220720232507727,159.1774269771259 131.0119717229067,31.22071774919789,159.1301248805653 131.01197421727537,31.220715266458125,159.0818881396033 131.0119767117579,31.22071278429059,159.0327182506531 131.01197920636437,31.22071030269717,158.98261663160935 131.01198170110382,31.22070782167948,158.93158463377534 131.01198419598478,31.22070534123886,158.87962353689335 131.01198669101498,31.2207028613764,158.82673453721836 131.0119891862014,31.22070038209293,158.77291876043824 131.01199168155023,31.220697903388967,158.7181772537228 131.01199417706698,31.2206954252648,158.66251098473043 131.01199667275628,31.22069294772045,158.60592083166895 131.01199916862208,31.220690470755684,158.54840760416693 131.01200166466737,31.220687994370007,158.48997201743336 131.01200416089455,31.22068551856268,158.43061470418343 131.012006657305,31.220683043332688,158.3703362166272 131.01200915389944,31.22068056867884,158.30913701752382 131.0120116506777,31.22067809459962,158.24701748415782 131.01201414763884,31.22067562109336,158.18397791032606 131.0120166447811,31.220673148158102,158.1200184993811 131.0120191421019,31.220670675791723,158.0551393721818 131.01202163959786,31.220668203991863,157.98934056411252 131.0120241372648,31.22066573275596,157.92262201812386 131.01202663509773,31.220663262081235,157.85498359964282 131.01202913309086,31.22066079196475,157.78642508563925 131.01203163123773,31.22065832240338,157.71694616959553 131.01203412953095,31.220655853393804,157.64654646051105 131.0120366279625,31.22065338493255,157.57522548886746 131.01203912652355,31.220650917016005,157.50298270066423 131.01204162520455,31.220648449640382,157.42981746735728 131.01204412399528,31.22064598280178,157.3557290739325 131.0120466228848,31.22064351649616,157.28071673977715 131.01204912186145,31.22064105071934,157.20477959979544 131.01205162091296,31.220638585467075,157.127916723293 131.01205412002642,31.220636120734994,157.05012710006085 131.01205661918823,31.220633656518647,156.97140966423115 131.01205911838437,31.220631192813503,156.89176326843275 131.0120616176,31.22062872961497,156.81118671361 131.01206411681991,31.220626266918387,156.7296787271553 131.01206661602836,31.22062380471907,156.64723798974623 131.01206911520907,31.22062134301227,156.56386311745223 131.0120716143453,31.22061888179324,156.4795526676999 131.01207411341983,31.2206164210572,156.39430516014428 131.0120766124151,31.2206139607994,156.3081190518201 131.01207911131314,31.22061150101504,156.22099276696036 131.01208161009566,31.220609041699383,156.1329246781093 131.012084108744,31.22060658284771,156.04391312699715 131.01208660723924,31.220604124455328,155.95395640863433 131.0120891055622,31.22060166651761,155.86305279715555 131.0120916036935,31.220599209029977,155.77120053090908 131.01209410161349,31.22059675198791,155.67839782438344 131.0120965993025,31.220594295386974,155.58464286522573 131.01209909674063,31.220591839222827,155.489933828157 131.012101593908,31.220589383491205,155.39426887000073 131.01210409078453,31.22058692818796,155.2976461336588 131.0121065873502,31.22058447330906,155.20006375904512 131.0121090835851,31.220582018850568,155.10151987612653 131.0121115794692,31.22057956480872,155.0020126108865 131.0121140749827,31.22057711117983,154.90154009923995 131.01211657010583,31.220574657960384,154.8001004820638 131.012119064819,31.22057220514701,154.697691901219 131.01212155910292,31.220569752736523,154.59431251843725 131.01212405293833,31.22056730072581,154.48996051233675 131.01212654630635,31.22056484911204,154.38463408041173 131.01212903918844,31.220562397892447,154.2783314360484 131.01213153156627,31.220559947064512,154.1710508323804 131.01213402342196,31.22055749662585,154.06279054240932 131.012136514738,31.220555046574297,153.9535488778892 131.01213900549726,31.22055259690784,153.84332418733774 131.01214149568312,31.220550147624675,153.7321148500741 131.0121439852795,31.220547698723166,153.6199193020588 131.01214647427068,31.220545250201926,153.5067360160164 131.0121489626416,31.22054280205968,153.39256351435557 131.0121514503778,31.22054035429541,153.2774003741389 131.01215393746537,31.22053790690827,153.1612452270824 131.012156423891,31.220535459897608,153.04409675856195 131.01215890964204,31.220533013262965,152.92595371357535 131.01216139470662,31.22053056700408,152.80681490469593 131.01216387907343,31.22052812112088,152.68667920610645 131.01216636273196,31.220525675613484,152.56554555459377 131.01216884567242,31.2205232304822,152.44341296048273 131.01217132788585,31.220520785727487,152.32028050664138 131.0121738093639,31.22051834135004,152.19614734549916 131.0121762900992,31.220515897350687,152.07101270202816 131.01217877008511,31.220513453730447,151.94487587871367 131.01218124931577,31.220511010490508,151.81773626052376 131.0121837277863,31.22050856763221,151.689593304969 131.01218620549247,31.22050612515705,151.56044655204255 131.01218868243112,31.220503683066703,151.43029562421998 131.01219115859985,31.220501241362967,151.2991402234774 131.0121936339971,31.22049880004779,151.16698013725562 131.01219610862228,31.22049635912324,151.03381522851967 131.01219858247563,31.22049391859153,150.89964545663298 131.01220105555828,31.220491478455,150.76447085449587 131.01220352787223,31.22048903871607,150.6282915464375 131.0122059994205,31.22048659937729,150.4911077323115 131.01220847020676,31.220484160441327,150.35291970737694 131.01221094023575,31.2204817219109,150.21372784042995 131.012213409513,31.22047928378881,150.07353258970738 131.01221587804483,31.220476846077982,149.9323344899667 131.01221834583868,31.22047440878136,149.7901341683888 131.01222081290243,31.220471971901944,149.64693231774095 131.01222327924523,31.220469535442813,149.5027297271905 131.01222574487664,31.220467099407088,149.35752725248608 131.01222820980732,31.220464663797888,149.21132583384855 131.0122306740485,31.22046222861839,149.06412648106337 131.01223313761244,31.220459793871782,148.91593028242528 131.01223560051184,31.22045735956128,148.76673839778144 131.01223806276033,31.22045492569005,148.61655205554985 131.01224052437215,31.220452492261288,148.465372554707 131.0122429853622,31.2204500592782,148.31320125981995 131.01224544574615,31.22044762674389,148.16003959905703 131.0122479055401,31.220445194661544,148.00588905921984 131.01225036476097,31.220442763034217,147.85075119071254 131.01225282342605,31.22044033186496,147.69462760058528 131.01225528155325,31.220437901156767,147.5375199425936 131.0122577391609,31.22043547091257,147.37942993012263 131.01226019626787,31.220433041135244,147.22035931531187 131.01226265289347,31.22043061182759,147.06030990098526 131.01226510905735,31.220428182992336,146.89928353170453 131.0122675647795,31.220425754632124,146.73728208681223 131.0122700200804,31.22042332674951,146.5743074844093 131.0122724749805,31.22042089934697,146.41036166544964 131.0122749295009,31.220418472426868,146.24544661262843 131.01227738366248,31.220416045991456,146.07956432453747 131.0122798374866,31.22041362004293,145.91271682063717 131.0122822909946,31.220411194583328,145.74490614224953 131.0122847442079,31.220408769614583,145.57613434162573 131.01228719714803,31.220406345138542,145.40640348194682 131.0122896498365,31.220403921156887,145.23571563235328 131.0122921022947,31.220401497671222,145.06407286794692 131.01229455454407,31.220399074683005,144.89147725985023 131.01229700660576,31.220396652193568,144.71793087818992 131.01229945850085,31.220394230204125,144.54343578116243 131.0123019102502,31.220391808715764,144.36799401702356 131.01230436187447,31.22038938772944,144.19160761911832 131.0123068133939,31.220386967245982,144.01427859892365 131.0123092648285,31.22038454726609,143.8360089490302 131.01231171619784,31.220382127790344,143.65680063320468 131.0123141675211,31.22037970881918,143.47665558738208 131.01231661881707,31.220377290352936,143.29557571171543 131.01231907010393,31.2203748723918,143.11356287057612 131.01232152139934,31.22037245493584,142.93061888957183 131.0123239727205,31.220370037984992,142.7467455505775 131.01232642408388,31.220367621539097,142.56194458676478 131.0123288755054,31.22036520559785,142.37621768459204 131.0123313270002,31.220362790160888,142.18956647883303 131.0123337785828,31.220360375227667,142.0019925436318 131.012336230267,31.220357960797568,141.81349740045525 131.01233868206575,31.22035554686988,141.62408250417727 131.01234113399127,31.22035313344377,141.4337492500366 131.01234358605484,31.22035072051833,141.24249896369778 131.01234603826703,31.22034830809253,141.05033290920207 131.01234849063746,31.22034589616529,140.85725227207115 131.01235094317485,31.220343484735416,140.6632581672585 131.01235339588695,31.22034107380164,140.46835164014328 131.01235584878071,31.220338663362632,140.2725336526143 131.01235830186195,31.220336253416995,140.07580509301192 131.01236075513563,31.22033384396324,139.8781667691669 131.01236320860565,31.22033143499988,139.6796194054214 131.012365662275,31.220329026525327,139.48016364859097 131.01236811614555,31.22032661853797,139.2798000560381 131.01237057021825,31.220324211036168,139.07852910859242 131.01237302449294,31.220321804018216,138.87635119663582 131.0123754789685,31.220319397482424,138.6732666280545 131.0123779336427,31.22031699142704,138.469275624262 131.01238038851236,31.22031458585031,138.2643783241749 131.0123828435732,31.220312180750494,138.0585747752679 131.0123852988199,31.220309776125823,137.8518649474883 131.01238775424628,31.22030737197455,137.64424871834672 131.0123902098449,31.220304968294936,137.43572588186183 131.01239266560756,31.22030256508528,137.22629615353108 131.01239512152495,31.220300162343857,137.01595915939586 131.0123975775868,31.220297760069016,136.804714449957 131.01240003378192,31.22029535825915,136.5925614892414 131.01240249009808,31.220292956912644,136.37949966772203 131.01240494652225,31.22029055602797,136.1655282903908 131.01240740304047,31.22028815560366,135.9506465976322 131.01240985963793,31.220285755638287,135.7348537443482 131.0124123162989,31.22028335613051,135.51814882182595 131.012414773007,31.22028095707904,135.30053084779797 131.01241722974487,31.220278558482704,135.081998770417 131.0124196864946,31.220276160340365,134.8625514791894 131.0124221432374,31.220273762651004,134.64218780000536 131.01242459995393,31.22027136541372,134.42090649116255 131.01242705662412,31.22026896862764,134.19870627020185 131.01242951322732,31.22026657229207,133.97558578508347 131.01243196974235,31.22026417640636,133.751543644998 131.0124344261475,31.220261780970016,133.52657840545777 131.0124368824206,31.22025938598264,133.30068858519283 131.01243933853897,31.22025699144393,133.07387265919354 131.01244179447968,31.22025459735377,132.84612906169178 131.0124442502194,31.22025220371211,132.61745620603963 131.0124467057345,31.22024981051904,132.38785246482968 131.0124491610011,31.220247417774782,132.1573161937504 131.01245161599513,31.22024502547968,131.9258457236333 131.0124540706924,31.2202426336342,131.69343937337473 131.01245652506867,31.22024024223896,131.46009544098916 131.0124589790996,31.22023785129471,131.22581222249454 131.0124614327609,31.22023546080231,130.99058800594855 131.01246388602829,31.220233070762767,130.7544210803929 131.0124663388777,31.220230681177213,130.51730973784183 131.01246879128516,31.22022829204692,130.27925227725734 131.012471243227,31.220225903373247,130.0402470115067 131.01247369467973,31.22022351515773,129.80029226636785 131.01247614562024,31.220221127401985,129.55938639345123 131.0124785960258,31.22021874010777,129.3175277602597 131.01248104587407,31.22021635327697,129.07471476807956 131.0124834951433,31.22021396691155,128.8309458519798 131.01248594381215,31.2202115810136,128.58621947584345 131.0124883918599,31.220209195585333,128.34053415224548 131.0124908392665,31.220206810629023,128.09388842754285 131.0124932860125,31.220204426147056,127.8462809087134 131.0124957320792,31.220202042141903,127.59771023949844 131.0124981774487,31.22019965861612,127.34817512823426 131.01250062210383,31.22019727557233,127.09767433393723 131.0125030660284,31.22019489301324,126.84620668618255 131.01250550920693,31.220192510941608,126.59377106522456 131.01250795162505,31.22019012936025,126.34036642982812 131.0125103932691,31.220187748272032,126.08599180534128 131.0125128341268,31.22018536767984,125.830646286676 131.01251527418648,31.22018298758659,125.57432904924384 131.0125177134378,31.22018060799525,125.31703934000824 131.0125201518714,31.2201782289088,125.0587764894137 131.01252258947906,31.22017585033019,124.79953991039048 131.0125250262537,31.220173472262417,124.53932909438086 131.01252746218944,31.220171094708423,124.27814362724035 131.0125298972814,31.22016871767116,124.01598316936013 131.0125323315261,31.220166341153508,123.75284747753432 131.01253476492107,31.220163965158367,123.48873639998972 131.0125371974653,31.22016158968855,123.2236498634648 131.0125396291587,31.22015921474684,122.95758789507713 131.01254206000263,31.22015684033593,122.69055061039668 131.01254448999967,31.220154466458474,122.42253821543235 131.01254691915346,31.22015209311701,122.1535510056402 131.012549347469,31.220149720314005,121.88358937387412 131.0125517749524,31.22014734805182,121.61265379647116 131.01255420161115,31.22014497633272,121.34074484517924 131.01255662745373,31.220142605158863,121.0678631792062 131.01255905249,31.22014023453228,120.79400954223728 131.0125614767308,31.220137864454884,120.51918477337044 131.01256390018824,31.220135494928428,120.24338978922384 131.01256632287547,31.220133125954543,119.96662559884663 131.01256874480674,31.22013075753473,119.68889328483404 131.01257116599737,31.220128389670315,119.4101940192307 131.01257358646373,31.22012602236249,119.1305290416635 131.0125760062232,31.22012365561228,118.84989967723472 131.01257842529404,31.220121289420536,118.56830731962334 131.01258084369545,31.220118923787943,118.28575343208048 131.01258326144756,31.220116558715045,118.00223954842356 131.0125856785712,31.22011419420216,117.71776726508416 131.01258809508823,31.220111830249493,117.43233823812778 131.01259051102096,31.22010946685701,117.1459541872289 131.01259292639253,31.220107104024585,116.85861687678704 131.01259534122667,31.22010474175183,116.5703281298416 131.01259775554772,31.220102380038213,116.28108981316366 131.01260016938045,31.22010001888304,115.99090383526736 131.0126025827502,31.22009765828541,115.69977214541755 131.0126049956826,31.22009529824432,115.40769672567744 131.0126074082037,31.22009293875852,115.11467959090932 131.01260981979175,31.220090580730112,114.82080734626048 131.01261223048868,31.22008822413165,114.52608023557464 131.01261464009065,31.22008586934108,114.23053645193046 131.0126170484336,31.220083516670297,113.93420828355978 131.01261945535376,31.220081166430475,113.63712817681 131.0126218606875,31.220078818931885,113.33932870533206 131.01262426427147,31.220076474483683,113.04084255418024 131.0126266659426,31.22007413339372,112.74170248601772 131.01262906553816,31.2200717959684,112.44194132123876 131.01263146289574,31.22006946251252,112.14159191610452 131.01263385785325,31.220067133329085,111.84068712994132 131.012636250249,31.220064808719087,111.53925981222156 131.0126386399218,31.220062488981423,111.23734276976404 131.01264102671078,31.22006017441264,110.93496874784836 131.01264341045558,31.220057865306856,110.63217040139146 131.01264579099643,31.22005556195561,110.32898027805156 131.01264816817408,31.220053264647635,110.025430797354 131.01265054182983,31.220050973668776,109.7215542129214 131.01265291180565,31.220048689301755,109.41738261346852 131.01265527794413,31.22004641182616,109.11294788801352 131.01265764008872,31.22004414151824,108.80828170202167 131.01265999808348,31.22004187865075,108.50341549044911 131.0126623517734,31.220039623492887,108.19838042295194 131.01266470100438,31.220037376310128,107.89320739891852 131.01266704562306,31.22003513736404,107.58792702559936 131.01266938547724,31.220032906912326,107.2825695922652 131.0126717204157,31.220030685208627,106.97716506523534 131.01267405028847,31.2200284725024,106.6717430650165 131.01267637494655,31.22002626903888,106.36633285536796 131.0126786942423,31.22002407505889,106.06096332938544 131.01268100802935,31.220021890798865,105.7556629856439 131.0126833161627,31.22001971649068,105.45045993217356 131.012685618499,31.220017552361668,105.14538186260287 131.01268791489616,31.220015398634445,104.84045605118764 131.01269020521377,31.22001325552691,104.5357093359116 131.0126924893131,31.22001112325208,104.23116811749196 131.01269476705727,31.22000900201821,103.92685834049186 131.0126970383112,31.220006892028607,103.62280549828924 131.0126993029415,31.220004793481607,103.31903461518348 131.01270156081708,31.22000270657057,103.0155702424178 131.01270381180862,31.22000063148373,102.71243645718457 131.01270605578904,31.21999856840431,102.40965685268225 131.01270829263356,31.219996517510427,102.1072545351332 131.01271052221952,31.219994478975085,101.80525211881148 131.01271274442666,31.219992452966128,101.50367172802896 131.01271495913713,31.219990439646192,101.20253499117024 131.01271716623555,31.219988439172774,100.90186303870196 131.01271936560917,31.21998645169824,100.60167650217764 131.01272155714767,31.21998447736972,100.3019955192056 131.0127237407436,31.219982516329267,100.002839719531 131.01272591629208,31.21998056871364,99.70422825087871 131.01272808369103,31.219978634654503,99.40617974415994 131.0127302428414,31.219976714278427,99.10871234925554 131.01273239364673,31.21997480770684,98.81184372407976 131.0127345360137,31.219972915056086,98.515591024638 131.01273666985185,31.219971036437425,98.21997092888132 131.01273879507383,31.219969171957068,97.9249996287525 131.0127409115952,31.219967321716247,97.63069283018328 131.0127430193347,31.21996548581128,97.33706577098596 131.01274511821416,31.21996366433353,97.04413320593972 131.01274720815854,31.219961857369483,96.7519094296524 131.0127492890959,31.21996006500072,96.46040826959933 131.01275136095745,31.21995828730413,96.1696430960624 131.01275342367768,31.2199565243519,95.87962682610336 131.01275547719416,31.21995477621149,95.5903719255508 131.01275752144778,31.219953042945768,95.30189042390784 131.01275955638235,31.21995132461293,95.0141939103744 131.0127615819452,31.219949621266828,94.72729354577386 131.0127635980866,31.219947932956817,94.44120006553293 131.01276560476006,31.219946259727905,94.15592378464984 131.01276760192232,31.2199446016208,93.87147460962096 131.01276958953306,31.21994295867187,93.58786204142169 131.01277156755526,31.21994133091344,93.3050951774915 131.01277353595492,31.21993971837372,93.02318272763772 131.01277549470112,31.219938121076904,92.74213301204496 131.01277744376594,31.219936539043257,92.46195397519072 131.0127793831244,31.21993497228904,92.18265318385473 131.01278131275467,31.21993342082688,91.904237838052 131.01278323263764,31.21993188466561,91.62671478594224 131.01278514275725,31.219930363810462,91.35009051090458 131.01278704310016,31.21992885826312,91.0743711603644 131.0127889336558,31.21992736802165,90.79956253485668 131.01279081441646,31.219925893080845,90.52567010591696 131.012792685377,31.219924433432126,90.2526990150862 131.01279454653508,31.21992298906371,89.98065408583777 131.01279639789078,31.21992155996064,89.7095398245698 131.0127982394468,31.21992014610475,89.43936043750294 131.0128000712083,31.219918747475,89.170119821732 131.0128018931828,31.21991736404737,88.90182158311785 131.01280370538035,31.21991599579503,88.63446904225025 131.0128055078131,31.219914642688376,88.3680652334523 131.0128073004956,31.219913304695023,88.10261291571419 131.01280908344444,31.219911981780047,87.8381145806436 131.0128108566784,31.21991067390597,87.5745724574356 131.01281262021837,31.219909381032902,87.31198851386469 131.01281437408713,31.21990810311856,87.05036446821293 131.01281611830944,31.21990684011825,86.78970179523263 131.01281785291192,31.219905591985142,86.53000172515162 131.012819577923,31.219904358670235,86.27126525659418 131.01282129337287,31.21990314012245,86.01349316254523 131.01282299955352,31.21990193587448,85.75663127604429 131.012824696478,31.21990074590349,85.5006837505439 131.01282638428071,31.219899569994286,85.24562939763938 131.01282806307353,31.21989840796808,84.99145169965011 131.01282973296665,31.21989725964932,84.73813446687225 131.0128313940684,31.21989612486584,84.48566186143435 131.01283304648547,31.21989500344876,84.23401839431817 131.01283469032262,31.21989389523239,83.98318890050865 131.0128363256831,31.21989280005422,83.73315854694833 131.01283795266852,31.21989171775481,83.48391281663345 131.01283957137875,31.2198906481776,83.23543748277187 131.01284118191225,31.219889591169007,82.98771863661584 131.01284278436572,31.21988854657817,82.74074264969086 131.01284437883447,31.21988751425712,82.49449618572572 131.01284596541228,31.21988649406049,82.24896617480726 131.01284754419157,31.219885485845595,82.00413983127646 131.01284911526318,31.219884489472328,81.76000461496025 131.0128506787166,31.21988350480294,81.51654825105479 131.01285223463995,31.21988253170224,81.2737587162091 131.01285378312002,31.2198815700374,81.03162421665753 131.01285532424228,31.21988061967792,80.79013321207843 131.01285685809083,31.219879680495588,80.54927437881433 131.01285838474848,31.219878752364288,80.30903662279701 131.01285990429687,31.219877835160176,80.069409071595 131.01286141681643,31.219876928761497,79.83038105751596 131.0128629223862,31.219876033048568,79.59194213251875 131.01286442108423,31.219875147903736,79.3540820403807 131.0128659129873,31.219874273211254,79.11679072663881 131.01286739817098,31.21987340885732,78.88005833362075 131.0128688767098,31.21987255473004,78.6438751875226 131.01287034867718,31.219871710719392,78.40823179542771 131.0128718141454,31.219870876717128,78.17311885127219 131.01287327318568,31.21987005261671,77.93852721496948 131.01287472586816,31.219869238313343,77.7044479233472 131.01287617226194,31.21986843370396,77.47087217622956 131.01287761243515,31.21986763868712,77.23779133544537 131.01287904645477,31.219866853163,77.00519692582162 131.012880474387,31.21986607703334,76.77308062226217 131.01288189629685,31.219865310201406,76.54143424776025 131.01288331224845,31.21986455257199,76.31024978333907 131.012884722305,31.219863804051403,76.07951934419583 131.01288612652877,31.2198630645474,75.8492351876541 131.01288752498107,31.21986233396912,75.61938971714123 131.0128889177223,31.21986161222705,75.38997545634281 131.012890304812,31.219860899233133,75.16098507007872 131.01289168630876,31.21986019490061,74.93241135336942 131.01289306227042,31.219859499144047,74.70424721751876 131.01289443275382,31.21985881187928,74.4764857010498 131.0128957978151,31.219858133023312,74.24911996274682 131.01289715750943,31.219857462494502,74.02214327767913 131.0128985118913,31.219856800212376,73.79554903421987 131.01289986101426,31.21985614609765,73.56933073802251 131.01290120493118,31.219855500072203,73.34348199611588 131.01290254369408,31.219854862058945,73.11799652784029 131.01290387735415,31.21985423198205,72.89286815590022 131.01290520596197,31.219853609766727,72.66809080437729 131.01290652956726,31.219852995339263,72.44365849972472 131.012907848219,31.219852388627007,72.21956536877931 131.01290916196544,31.21985178955825,71.99580562484488 131.01291047085417,31.21985119806241,71.77237358658039 131.01291177493204,31.219850614069887,71.54926366010652 131.01291307424512,31.219850037512018,71.32647033900624 131.01291436883895,31.21984946832113,71.10398821028957 131.01291565875815,31.219848906430407,70.88181194147103 131.012916944047,31.21984835177406,70.6599362905108 131.01291822474877,31.21984780428716,70.43835609388556 131.01291950090635,31.219847263905702,70.2170662745427 131.01292077256178,31.21984673056652,69.99606182997012 131.01292203975655,31.219846204207258,69.77533783617386 131.0129233025316,31.219845684766497,69.55488944867251 131.01292456092713,31.219845172183604,69.33471189752657 131.0129258149828,31.219844666398785,69.1148004813745 131.0129270647376,31.219844167353006,68.89515057737384 131.01292831022997,31.219843674987995,68.6757576312608 131.0129295514978,31.219843189246312,68.45661715635623 131.0129307885784,31.219842710071266,68.23772473754224 131.01293202150836,31.219842237406915,68.01907602132174 131.01293325032395,31.21984177119801,67.80066672277714 131.01293447506066,31.21984131139,67.58249262358261 131.01293569575364,31.219840857929125,67.36454956106908 131.0129369124373,31.21984041076228,67.14683344413027 131.01293812514564,31.219839969837057,66.92934023532887 131.01293933391216,31.21983953510165,66.71206595884993 131.01294053876973,31.21983910650501,66.49500669652454 131.01294173975074,31.21983868399665,66.27815859180612 131.01294293688724,31.21983826752682,66.06151783684794 131.01294413021057,31.219837857046343,65.84508069039666 131.01294531975165,31.219837452506606,65.62884345393455 131.01294650554095,31.219837053859667,65.41280249056715 131.0129476876085,31.2198366610582,65.19695421210055 131.0129488659837,31.21983627405543,64.98129508401176 131.01295004069567,31.2198358928052,64.76582161948465 131.01295121177304,31.2198355172618,64.55053038835679 131.01295237924387,31.21983514738021,64.33541800320234 131.0129535431359,31.21983478311593,64.120481128279 131.01295470347637,31.21983442442502,63.905716471575616 131.01295586029212,31.21983407126398,63.69112079177078 131.01295701360957,31.219833723589904,63.47669089226862 131.01295816345473,31.219833381360395,63.26242362318705 131.0129593098531,31.2198330445336,63.048315874399485 131.01296045282996,31.21983271306812,62.83436458348707 131.01296159241002,31.219832386922985,62.62056673275752 131.01296272861765,31.21983206605781,62.40691934228591 131.01296386147686,31.21983175043269,62.19341947488546 131.01296499101124,31.21983144000813,61.98006424107817 131.01296611724408,31.219831134745103,61.766850780207314 131.01296724019812,31.21983083460504,61.55377628230743 131.01296835989595,31.21983053954984,61.34083796722854 131.01296947635973,31.21983024954184,61.12803310253004 131.01297058961114,31.219829964543816,60.91535898856922 131.01297169967165,31.219829684518885,60.70281296645444 131.01297280656237,31.2198294094307,60.49039240909837 131.01297391030397,31.21982913924328,60.27809472817626 131.01297501091696,31.21982887392104,60.06591737611501 131.01297610842136,31.2198286134288,59.85385783118125 131.0129772028369,31.219828357731767,59.64191361736368 131.0129782941831,31.219828106795543,59.43008228449116 131.01297938247905,31.21982786058616,59.21836142115605 131.01298046774355,31.219827619069967,59.006748645767686 131.01298154999515,31.219827382213644,58.795241612516605 131.01298262925204,31.21982714998431,58.583838010380816 131.01298370553215,31.219826922349448,58.37253555417928 131.0129847788531,31.219826699276897,58.1613319925244 131.0129858492323,31.21982648073472,57.95022510981019 131.01298691668677,31.219826266691463,57.73921271428394 131.01298798123327,31.219826057115984,57.52829264798636 131.01298904288842,31.21982585197745,57.31746278774635 131.0129901016684,31.219825651245344,57.10672103026977 131.01299115758923,31.219825454889463,56.896065307050165 131.01299221066668,31.21982526287996,56.685493582381646 131.0129932609162,31.21982507518732,56.47500384043512 131.0129943083531,31.219824891782263,56.26459409718754 131.01299535299228,31.21982471263581,56.05426240141649 131.01299639484856,31.219824537719383,55.84400681879439 131.0129974339365,31.219824367004616,55.63382545177033 131.01299847027033,31.21982420046345,55.42371642565335 131.01299950386417,31.219824038068072,55.213677892588535 131.0130005347318,31.21982387979101,55.00370802857468 131.01300156288693,31.21982372560507,54.79380504141752 131.01300258834294,31.219823575483304,54.58396715581807 131.013003611113,31.219823429398964,54.37419262927832 131.01300463121015,31.21982328732569,54.1644797411663 131.01300564864718,31.21982314923733,53.95482679669245 131.01300666343667,31.219823015108,53.745232118956906 131.01300767559107,31.219822884911984,53.53569406584948 131.01300868512257,31.21982275862392,53.32621101116138 131.0130096920432,31.21982263621865,53.116781356514856 131.0130106963648,31.21982251767128,52.9074035244045 131.01301169809904,31.219822402957075,52.69807595819721 131.0130126972574,31.219822292051607,52.48879712710277 131.01301369385124,31.21982218493069,52.27956552617398 131.01301468789163,31.219822081570303,52.07037966338336 131.01301567938972,31.21982198194665,51.861238074534846 131.01301666835616,31.21982188603622,51.65213932028136 131.0130176548017,31.219821793815683,51.4430819732016 131.01301863873687,31.21982170526188,51.23406463867626 131.013019620172,31.219821620351887,51.025085932023806 131.01302059911734,31.219821539063016,50.816144496394365 131.01302157558297,31.219821461372792,50.607238993822726 131.01302254957875,31.219821387258843,50.39836810522852 131.01302352111463,31.219821316699065,50.18953053638082 131.01302449020017,31.21982124967157,49.98072500298672 131.0130254568449,31.219821186154626,49.77195025156742 131.01302642105824,31.21982112612664,49.56320504156472 131.01302738284951,31.219821069566272,49.35448815428765 131.01302834222784,31.219821016452368,49.14579838794224 131.01302929920232,31.21982096676393,48.93713456359596 131.0130302537818,31.219820920480068,48.728495514242994 131.0130312059752,31.21982087758017,48.519880094744806 131.0130321557912,31.21982083804378,48.31128718381916 131.01303310323837,31.219820801850524,48.102715670121725 131.0130340483252,31.219820768980263,47.89416446019991 131.01303499106015,31.219820739413024,47.68563248743912 131.01303593145153,31.219820713128986,47.477118690193 131.01303686950752,31.21982069010839,47.26862203663579 131.01303780523622,31.21982067033179,47.0601414999101 131.01303873864572,31.219820653779795,46.85167607999661 131.0130396697439,31.21982064043317,46.64322478979744 131.01304059853865,31.219820630272817,46.43478665712384 131.01304152503775,31.219820623279848,46.22636072867287 131.013042449249,31.219820619435463,46.017946065056776 131.01304337117992,31.21982061872095,45.8095417487564 131.01304429083802,31.21982062111784,45.60114686920864 131.01304520823092,31.21982062660775,45.39276053871308 131.0130461233659,31.219820635172407,45.18438188050255 131.01304703625044,31.219820646793696,44.97601003868388 131.01304794689176,31.21982066145364,44.76764417028548 131.01304885529711,31.219820679134383,44.55928344028658 131.0130497614736,31.21982069981812,44.3509270405055 131.0130506654284,31.21982072348728,44.14257417170571 131.0130515671686,31.219820750124363,43.93422404757216 131.0130524667011,31.219820779711927,43.72587589769376 131.01305336403294,31.21982081223275,43.517528968557606 131.013054259171,31.219820847669684,43.309182517584105 131.01305515212212,31.21982088600563,43.10083581809784 131.01305604289314,31.219820927223683,42.89248815535109 131.0130569314909,31.21982097130701,42.684138829505926 131.013057817922,31.219821018238903,42.47578715563474 131.01305870219323,31.219821068002684,42.26743245974337 131.0130595843113,31.219821120581905,42.05907408274793 131.0130604642827,31.21982117596012,41.850711379480416 131.01306134211413,31.21982123412096,41.642343711730206 131.01306221781215,31.219821295048256,41.43397046514401 131.01306309138332,31.219821358725888,41.2255910263609 131.01306396283405,31.21982142513775,41.01720480190115 131.01306483217087,31.21982149426796,40.80881120921882 131.0130656994004,31.219821566100656,40.60040967968409 131.01306656452883,31.219821640620022,40.39199964764818 131.0130674275627,31.21982171781041,40.18358057529639 131.01306828850846,31.219821797656262,39.975151918847786 131.01306914737242,31.219821880141986,39.76671316136152 131.01307000416097,31.21982196525218,39.55826378887775 131.01307085888047,31.21982205297154,39.349803302347325 131.01307171153726,31.21982214328471,39.14133121067265 131.01307256213764,31.21982223617654,38.932847037666775 131.013073410688,31.21982233163193,38.72435031907129 131.01307425719455,31.219822429635776,38.51584059460275 131.0130751016637,31.21982253017316,38.3073174218711 131.01307594410164,31.219822633229164,38.09878036544393 131.0130767845147,31.219822738788924,37.89022900281124 131.01307762290915,31.21982284683772,37.681662919415096 131.01307845929136,31.21982295736085,37.47308171063779 131.01307929366746,31.219823070343672,37.26448498577832 131.01308012604383,31.21982318577165,37.05587236109347 131.0130809564267,31.21982330363025,36.84724346278048 131.01308178482236,31.219823423905023,36.6385979259826 131.0130826112371,31.219823546581672,36.42993539976003 131.01308343567715,31.2198236716458,36.221255537148735 131.01308425814884,31.219823799083187,36.01255800410707 131.01308507865843,31.219823928879663,35.80384247255755 131.0130858972122,31.219824061021004,35.59510862833971 131.01308671381648,31.219824195493214,35.38635616126853 131.01308752847754,31.219824332282204,35.17758477706442 131.01308834120167,31.219824471374007,34.968794181446995 131.0130891519952,31.21982461275473,34.75998409107051 131.01308996086448,31.219824756410457,34.55115423650632 131.01309076781578,31.219824902327392,34.342304351307355 131.01309157285547,31.21982505049176,34.1334341819497 131.01309237598988,31.2198252008898,33.92454347590275 131.0130931772254,31.21982535350788,33.71563199455316 131.0130939765683,31.21982550833234,33.50669950525168 131.01309477402503,31.21982566534959,33.29774578330149 131.013095569602,31.21982582454613,33.08877061195827 131.01309636330552,31.2198259859084,32.879773781436 131.01309715514205,31.219826149423003,32.67075508890695 131.01309794511795,31.219826315076475,32.461714344466714 131.0130987332397,31.21982648285548,32.25265135423373 131.01309951951373,31.21982665274668,32.043565940232014 131.0131003039464,31.219826824736742,31.834457929455848 131.0131010865443,31.219826998812497,31.62532715486368 131.01310186731382,31.219827174960635,31.41617345935504 131.01310264626144,31.21982735316804,31.206996686822905 131.01310342339372,31.21982753342155,30.997796691101435 131.01310419871703,31.219827715708053,30.788573333977176 131.01310497223798,31.21982790001451,30.57932647922475 131.01310574396308,31.219828086327823,30.370055998571328 131.01310651389886,31.219828274635063,30.16076177467929 131.01310728205183,31.21982846492317,29.9514436872282 131.01310804842856,31.21982865717929,29.74210163379172 131.01310881303564,31.21982885139046,29.532735502001888 131.0131095758796,31.21982904754384,29.323345197384832 131.01311033696706,31.219829245626546,29.113930632425355 131.01311109630458,31.219829445625777,28.904491712648948 131.01311185389875,31.21982964752877,28.695028359487093 131.0131126097562,31.21982985132272,28.48554049934172 131.01311336388355,31.219830056994947,28.276028056626103 131.01311411628737,31.21983026453268,28.066490966688903 131.01311486697435,31.21983047392333,27.85692916984929 131.013115615951,31.21983068515416,27.647342612391054 131.0131163632241,31.21983089821261,27.43773123761513 131.0131171088002,31.219831113086,27.22809500274049 131.01311785268595,31.219831329761856,27.018433862997547 131.013118594888,31.21983154822752,26.808747785546192 131.01311933541305,31.219831768470545,26.59903673356965 131.01312007426765,31.219831990478344,26.389300678204084 131.01312081145852,31.219832214238515,26.179539599532816 131.01312154699224,31.21983243973852,25.96975346869176 131.01312228087556,31.219832666966,25.759942278687856 131.01312301311503,31.21983289590841,25.5501060145747 131.01312374371736,31.219833126553503,25.340244666376663 131.0131244726891,31.21983335888876,25.13035822908859 131.01312520003697,31.21983359290192,24.92044670367013 131.01312592576755,31.219833828580548,24.71051009306928 131.01312664988745,31.2198340659124,24.50054840321626 131.01312737240332,31.21983430488511,24.290561642029537 131.01312809332174,31.21983454548642,24.0805498283632 131.01312881264934,31.21983478770405,23.870512972123898 131.01312953039263,31.219835031525736,23.660451099124653 131.0131302465583,31.219835276939275,23.45036422821945 131.01313096115274,31.219835523932367,23.240252386215342 131.0131316741826,31.219835772492885,23.03011560290185 131.0131323856544,31.219836022608565,22.81995390906272 131.0131330955747,31.21983627426727,22.60976734343476 131.01313380394987,31.219836527456813,22.399555937795792 131.01313451078644,31.219836782165032,22.189319735853505 131.01313521609092,31.21983703837984,21.979058781315526 131.01313591986963,31.219837296089,21.76877311689537 131.01313662212905,31.21983755528049,21.558462792265704 131.01313732287556,31.219837815942167,21.348127856105016 131.01313802211547,31.219838078061912,21.13776836405095 131.0131387198552,31.21983834162769,20.927384368758688 131.01313941610093,31.219838606627366,20.7169759268601 131.01314011085904,31.219838873048896,20.50654309995797 131.0131408041357,31.219839140880257,20.29608594965497 131.01314149593713,31.219839410109312,20.085604534571527 131.0131421862695,31.21983968072408,19.87509892625211 131.01314287513898,31.21983995271253,19.66456918828801 131.0131435625516,31.21984022606255,19.454015393218047 131.01314424851347,31.21984050076217,19.243437604633687 131.0131449330306,31.2198407767994,19.03283590302713 131.0131456161089,31.219841054162124,18.82221035894916 131.01314629775436,31.21984133283838,18.611561047921445 131.01314697797287,31.21984161281616,18.40088805143065 131.01314765677023,31.21984189408344,18.190191442016182 131.01314833415225,31.21984217662817,17.979471305141637 131.01314901012464,31.21984246043837,17.768727719311553 131.01314968469313,31.21984274550205,17.55796077098391 131.0131503578633,31.219843031807144,17.347170540651845 131.0131510296407,31.21984331934164,17.136357117756056 131.01315170003096,31.219843608093534,16.925520584778273 131.0131523690394,31.219843898050783,16.714661032153646 131.01315303667147,31.21984418920139,16.503778549323258 131.01315370293253,31.219844481533244,16.2928732277167 131.01315436782775,31.219844775034343,16.08194515279877 131.0131550313624,31.219845069692603,15.870994420970078 131.01315569354156,31.219845365495967,15.66002112564902 131.01315635437035,31.21984566243237,15.449025359259922 131.0131570138537,31.219845960489696,15.23800721720976 131.01315767199645,31.219846259655828,15.026966792917335 131.01315832880354,31.219846559918647,14.815904184772473 131.01315898427964,31.219846861266,14.604819490170955 131.0131596384294,31.219847163685724,14.393712805514536 131.01316029125746,31.21984746716564,14.18258422819937 131.01316094276822,31.219847771693534,13.971433860592548 131.01316159296618,31.219848077257165,13.76026179810222 131.01316224185555,31.21984838384429,13.5490681411075 131.01316288944065,31.219848691442607,13.33785299595264 131.01316353572545,31.2198490000398,13.126616457052156 131.0131641807141,31.219849309623505,12.915358631744844 131.01316482441044,31.21984962018133,12.704079617428036 131.0131654668183,31.219849931700868,12.49277951547594 131.01316610794132,31.21985024416961,12.281458433227844 131.01316674778317,31.21985055757505,12.07011647404663 131.0131673863473,31.219850871904644,11.858753738312876 131.013168023637,31.21985118714576,11.647370331378124 131.0131686596556,31.219851503285728,11.435966359588289 131.01316929440617,31.21985182031184,11.224541923324466 131.01316992789168,31.21985213821131,11.0130971309213 131.013170560115,31.21985245697125,10.801632084748602 131.01317119107878,31.21985277657876,10.59014689314135 131.01317182078571,31.21985309702083,10.378641658469764 131.01317244923814,31.219853418284423,10.16711648906921 131.0131730764384,31.21985374035632,9.955571491286909 131.0131737023886,31.219854063223288,9.744006768487822 131.01317432709072,31.219854386872008,9.532422428013694 131.0131749505466,31.21985471128901,9.3208185811832 131.01317557275792,31.219855036460736,9.109195328379352 131.01317619372605,31.21985536237351,8.897552778932823 131.0131768134524,31.21985568901356,8.685891041180358 131.013177431938,31.21985601636692,8.474210221470523 131.01317804918386,31.21985634441956,8.262510429134634 131.01317866519065,31.21985667315724,8.050791768533301 131.0131792799589,31.21985700256557,7.839054350986552 131.0131798934889,31.21985733263002,7.627298285826247 131.0131805057808,31.219857663335866,7.415523677413613 131.01318111683443,31.21985799466816,7.203730639057596 131.01318172664935,31.219858326611767,6.991919279096493 131.01318233525262,31.219858659192383,6.780089724757859 131.013182942643,31.219858992393824,6.568242084380455 131.01318354883142,31.219859326218227,6.35637647226816 131.01318415382676,31.219859660664792,6.144493002725105 131.01318475763784,31.21985999573275,5.932591785084767 131.01318536027338,31.21986033142135,5.720672927686675 131.013185961742,31.219860667729865,5.50873654881226 131.01318656205228,31.219861004657588,5.29678274685973 131.01318716121264,31.21986134220384,5.084811634145918 131.01318775923147,31.21986168036795,4.872823318016981 131.01318835611713,31.21986201914929,4.660817903830945 131.01318895187768,31.2198623585472,4.44879549296932 131.01318954652132,31.21986269856109,4.236756191784704 131.01319014005605,31.219863039190365,4.024700102653171 131.01319073248973,31.219863380434425,3.812627328945174 131.01319132383028,31.21986372229271,3.6005379660779724 131.01319191408535,31.219864064764657,3.388432118416552 131.0131925032626,31.21986440784972,3.176309883366897 131.01319309136963,31.219864751547338,2.964171358335149 131.0131936784138,31.219865095856992,2.7520166427159927 131.01319426440253,31.219865440778168,2.5398458279508924 131.01319484934302,31.21986578631033,2.32765901244072 131.01319543324243,31.219866132452967,2.115456288621457 131.01319601610783,31.219866479205567,1.9032377509176208 131.01319659794615,31.21986682656763,1.691003490771374 131.01319717876427,31.21986717453865,1.478753600619226 131.01319775856896,31.2198675231181,1.2664881689211376 131.0131983373668,31.219867872305496,1.0542072871197767 131.01319891516445,31.21986822210032,0.8419110426812672 131.01319949196824,31.21986857250206,0.629599523071889 131.01319967012756,31.219868675434643,0.4935808613217243 131.0132001446511,31.219869199752328,0.362039919031065 131.01320041037803,31.219869339464857,0.2466025762129581 131.01320082483593,31.219869698068315,0.1490577576145221 131.01320123533358,31.219869940106506,0.0626256858801306</coordinates>
            </LineString>
        </Placemark>
        <Placemark id="367">
            <name>flight_path</name>
            <styleUrl>#368</styleUrl>
            <LineString id="366">
                <altitudeMode>clampToGround</altitudeMode>
                <coordinates>131.010392,31.222216000000007,0.0 131.01039200000545,31.2222159999906,0.0 131.01039200001028,31.222215999993875,0.0 131.01039200001028,31.222215999993875,0.0 131.0103920000103,31.222215999993875,0.0 131.0103920186648,31.22221599084417,0.0 131.0103920748901,31.222215963420645,0.0 131.01039215993478,31.22221592194644,0.0 131.010392249151,31.222215878416662,0.0 131.010392395381,31.222215807126663,0.0 131.01039249716985,31.22221575742821,0.0 131.01039266702276,31.22221567459415,0.0 131.0103928374792,31.222215591440023,0.0 131.01039302080284,31.222215502000264,0.0 131.01039322708232,31.222215401367297,0.0 131.01039345272457,31.222215291288936,0.0 131.01039369258763,31.22221517426644,0.0 131.01039395005884,31.222215048652007,0.0 131.01039421644953,31.222214918672204,0.0 131.01039450845172,31.22221477620725,0.0 131.0103948069986,31.222214630532072,0.0 131.01039512776407,31.22221447402223,0.0 131.01039545946077,31.222214312168344,0.0 131.01039580637274,31.222214142886457,0.0 131.0103961752949,31.22221396287121,0.0 131.01039655164234,31.222213779217327,0.0 131.01039694683445,31.222213586369925,0.0 131.01039735714872,31.222213386139742,0.0 131.01039778575063,31.22221317698696,0.0 131.01039822638555,31.22221296195409,0.0 131.0103986893425,31.22221273603605,0.0 131.01039915904306,31.22221250681097,0.0 131.01039964456635,31.22221226986224,0.0 131.0104001456363,31.22221202532413,0.0 131.0104006630688,31.222211772799746,0.0 131.01040119449576,31.22221151344101,0.0 131.01040173375296,31.22221125024659,0.0 131.0104022910162,31.22221097826628,0.0 131.0104028640733,31.222210698576216,0.0 131.010403448877,31.222210413145216,0.0 131.01040405025552,31.222210119624407,0.0 131.01040466068557,31.22220982167371,0.0 131.01040528477773,31.22220951705013,0.0 131.01040592505373,31.222209204526795,0.0 131.01040658160653,31.2222088840584,0.0 131.010407247809,31.222208558868967,0.0 131.0104079271538,31.222208227259305,0.0 131.01040862461,31.222207886811766,0.0 131.01040934016976,31.222207537530053,0.0 131.01041005778333,31.222207187222743,0.0 131.01041079218817,31.22220682871958,0.0 131.01041154438693,31.222206461532508,0.0 131.01041230918216,31.222206088190248,0.0 131.0104130807204,31.222205711540788,0.0 131.01041387233195,31.22220532509796,0.0 131.01041467658197,31.22220493247912,0.0 131.0104154908101,31.222204534978747,0.0 131.01041632172996,31.222204132081565,0.0 131.0104171643478,31.22220372362016,0.0 131.01041802047732,31.22220330974155,0.0 131.0104188989201,31.222202886044528,0.0 131.01041978331955,31.2222024605068,0.0 131.01042068163616,31.22220202922267,0.0 131.0104215981638,31.222201590067016,0.0 131.0104225348506,31.222201142043897,0.0 131.01042346907127,31.22220069635044,0.0 131.01042442107214,31.22220024291048,0.0 131.0104253999215,31.222199777086324,0.0 131.01042638354772,31.22219930994246,0.0 131.0104273752194,31.222198839845404,0.0 131.01042838736478,31.22219836036488,0.0 131.01042941653907,31.2221978731522,0.0 131.01043045360788,31.22219738292433,0.0 131.01043150168883,31.222196888024364,0.0 131.0104325685712,31.222196384191538,0.0 131.0104336545634,31.22219587108852,0.0 131.01043474042524,31.222195359184607,0.0 131.01043584758057,31.22219483661394,0.0 131.01043696722166,31.222194308089897,0.0 131.01043809805162,31.22219377427526,0.0 131.01043923777098,31.22219323643255,0.0 131.01044039987755,31.22219268647593,0.0 131.01044157294828,31.222192130964967,0.0 131.01044274986432,31.222191574226088,0.0 131.01044394768877,31.2221910056364,0.0 131.01044516243516,31.22219042732945,0.0 131.01044637701045,31.22218985016668,0.0 131.0104476095832,31.222189262339985,0.0 131.0104488575365,31.222188665198537,0.0 131.01045011471933,31.222188062719216,0.0 131.01045138197514,31.222187454247106,0.0 131.0104526639001,31.22218683634668,0.0 131.01045395931027,31.222186209573408,0.0 131.01045526011143,31.22218557971341,0.0 131.01045657808953,31.22218493783028,0.0 131.0104579106332,31.22218428548617,0.0 131.01045924700705,31.22218363090544,0.0 131.01046060365883,31.22218296086831,0.0 131.0104619694799,31.22218228392276,0.0 131.01046333870096,31.222181604865508,0.0 131.01046472844598,31.222180908955696,0.0 131.01046612853767,31.22218020443801,0.0 131.010467537907,31.22217949214757,0.0 131.01046896103463,31.22217876778457,0.0 131.01047039106308,31.222178037393885,0.0 131.0104718291069,31.22217729982071,0.0 131.01047328724843,31.222176542945068,0.0 131.01047474275143,31.22217578887132,0.0 131.0104762184674,31.222175014545776,0.0 131.0104777056877,31.222174228185708,0.0 131.01047919512712,31.22217343952459,0.0 131.01048069577823,31.222172638831523,0.0 131.01048222155143,31.22217180999881,0.0 131.01048374612088,31.22217098210556,0.0 131.01048527119065,31.22217015370144,0.0 131.01048682638805,31.222169289388365,0.0 131.01048837287453,31.22216843493464,0.0 131.01048993323107,31.22216756319624,0.0 131.01049152523908,31.222166650730514,0.0 131.0104930913297,31.222165770728985,0.0 131.01049468869766,31.22216484953997,0.0 131.01049630234982,31.222163905235888,0.0 131.01049789546167,31.2221629880758,0.0 131.01049952758763,31.22216201604664,0.0 131.0105011528674,31.22216105213129,0.0 131.0105027797666,31.222160085037245,0.0 131.0105044396338,31.222159068128903,0.0 131.0105060861808,31.22215806940021,0.0 131.01050774180774,31.22215705581909,0.0 131.0105094249387,31.22215599787008,0.0 131.01051109175972,31.22215496372617,0.0 131.01051277936082,31.222153894918463,0.0 131.0105144776036,31.2221528066584,0.0 131.0105161652198,31.222151734111176,0.0 131.01051788600972,31.222150603972533,0.0 131.01051959397972,31.22214949320304,0.0 131.01052131044577,31.22214836592712,0.0 131.01052305568498,31.222147185746422,0.0 131.01052478225404,31.222146036070534,0.0 131.0105265263779,31.22214485278917,0.0 131.0105282890309,31.22214363298708,0.0 131.0105300358507,31.222142439637075,0.0 131.0105318103124,31.222141192403924,0.0 131.0105335783962,31.222139954178544,0.0 131.01053535019057,31.22213870631439,0.0 131.01053715267344,31.22213739664845,0.0 131.01053893552344,31.22213612177448,0.0 131.01054073256253,31.222134816609127,0.0 131.01054255563767,31.22213345713152,0.0 131.0105443524376,31.222132146404096,0.0 131.01054618330113,31.222130765125456,0.0 131.0105480118603,31.22212938509624,0.0 131.01054983475575,31.222128013410284,0.0 131.01055169161776,31.222126570121297,0.0 131.01055353016216,31.222125160585115,0.0 131.0105553842291,31.22212371654152,0.0 131.01055725340856,31.222122238580752,0.0 131.01055910857843,31.22212078598628,0.0 131.01056099279575,31.22211927117119,0.0 131.0105628675165,31.22211777257908,0.0 131.0105647460611,31.222116263180386,0.0 131.01056665213224,31.22211469484104,0.0 131.01056854086335,31.222113158745785,0.0 131.01057044569066,31.222111587152245,0.0 131.01057236203943,31.2221099895264,0.0 131.01057426842544,31.222108409168648,0.0 131.01057620804158,31.222106759643744,0.0 131.01057812925242,31.22210514426781,0.0 131.0105800627656,31.222103501881943,0.0 131.01058202614428,31.222101798447145,0.0 131.010583959701,31.22210015110001,0.0 131.01058593041145,31.22209842922564,0.0 131.01058788983065,31.222096727217647,0.0 131.01058985595446,31.222095010266443,0.0 131.01059184742735,31.22209324353656,0.0 131.0105938199254,31.22209151082613,0.0 131.0105958231736,31.222089719152983,0.0 131.01059782026857,31.22208793757997,0.0 131.01059981855127,31.222086152321097,0.0 131.01060184832045,31.222084309130864,0.0 131.01060385516175,31.222082506004263,0.0 131.01060589321966,31.22208064660371,0.0 131.01060792592952,31.222078796024984,0.0 131.01060996302743,31.222076937077368,0.0 131.01061202992108,31.22207502697008,0.0 131.0106140728319,31.22207315709516,0.0 131.0106161539695,31.22207122315299,0.0 131.01061821975918,31.222069314700057,0.0 131.01062029861473,31.222067384837533,0.0 131.01062240166095,31.222065416607883,0.0 131.01062448309725,31.22206348309093,0.0 131.01062660280684,31.222061489976728,0.0 131.01062870870663,31.22205951916977,0.0 131.0106308266336,31.22205753052972,0.0 131.01063297164714,31.222055502153875,0.0 131.0106350916705,31.222053512160663,0.0 131.0106372544355,31.2220514601863,0.0 131.01063940265072,31.2220494310157,0.0 131.0106415621627,31.222047386763084,0.0 131.01064374059132,31.222045317220143,0.0 131.01064590445552,31.22204326981864,0.0 131.01064810844412,31.22204116825084,0.0 131.01065029301014,31.222039095510524,0.0 131.01065249814815,31.22203699642989,0.0 131.0106547139331,31.22203488512574,0.0 131.01065691833355,31.2220327911007,0.0 131.01065917014253,31.22203063639669,0.0 131.01066138962997,31.222028526663543,0.0 131.0106636448211,31.22202637243556,0.0 131.01066589709947,31.222024224527928,0.0 131.01066814865993,31.222022079877675,0.0 131.01067043513265,31.22201989309225,0.0 131.0106726976404,31.222017739389617,0.0 131.01067499828525,31.22201553989599,0.0 131.01067728645629,31.222013358802386,0.0 131.0106795850727,31.222011167119327,0.0 131.01068190667883,31.222008949323246,0.0 131.01068420814872,31.222006759291133,0.0 131.01068655601085,31.22200451405431,0.0 131.01068887996527,31.222002301236365,0.0 131.01069123380276,31.22200005381183,0.0 131.01069358171583,31.221997816349383,0.0 131.0106959314202,31.221995579200406,0.0 131.0106983091882,31.22199330954284,0.0 131.01070066719615,31.22199106704578,0.0 131.01070307141535,31.22198876900092,0.0 131.0107054516633,31.22198650342036,0.0 131.01070785173656,31.22198421513852,0.0 131.01071026472118,31.22198191262231,0.0 131.01071266116617,31.22197963338772,0.0 131.01071509318066,31.221977310536985,0.0 131.01071752018876,31.221974995967187,0.0 131.01071993821688,31.221972695064768,0.0 131.01072237825798,31.22197036709529,0.0 131.0107248326891,31.22196802152759,0.0 131.0107272794827,31.221965687609195,0.0 131.01072972749503,31.22196335360593,0.0 131.01073219285527,31.221960997283155,0.0 131.01073466198983,31.22195863675891,0.0 131.01073713056226,31.22195627801936,0.0 131.01073960195788,31.22195391626508,0.0 131.0107420837925,31.22195154041053,0.0 131.01074456737646,31.22194916252363,0.0 131.0107470523589,31.2219467830422,0.0 131.0107495417555,31.22194439737449,0.0 131.01075203472274,31.22194200649077,0.0 131.010754529564,31.221939612724807,0.0 131.01075702638832,31.22193721574405,0.0 131.01075952739492,31.22193481195255,0.0 131.01076203162205,31.221932402569045,0.0 131.0107645385263,31.22192998823732,0.0 131.0107670464001,31.22192757149035,0.0 131.0107695551462,31.22192515234079,0.0 131.0107720694243,31.221922722994023,0.0 131.01077458369588,31.22192029226117,0.0 131.01077710093273,31.22191785510725,0.0 131.01077961999704,31.22191541321669,0.0 131.010782141922,31.22191296465996,0.0 131.01078466363847,31.221910514519934,0.0 131.01078718801955,31.221908057719528,0.0 131.01078971456425,31.221905594925843,0.0 131.0107922412884,31.221903129494663,0.0 131.01079477097272,31.22190065638103,0.0 131.01079730354544,31.221898175528583,0.0 131.01079983467514,31.22189569464016,0.0 131.01080236905543,31.221893205150195,0.0 131.01080490397365,31.22189071186453,0.0 131.0108074396923,31.22188821424696,0.0 131.0108099766622,31.22188571139619,0.0 131.01081251557747,31.22188320195413,0.0 131.01081505531303,31.221880687963782,0.0 131.0108175967137,31.22187816781592,0.0 131.0108201384933,31.221875643899367,0.0 131.01082268136997,31.221873114859555,0.0 131.01082522412935,31.22187058298737,0.0 131.01082776819413,31.221868045613963,0.0 131.01083031413788,31.2218655016754,0.0 131.01083286045707,31.221862954050124,0.0 131.01083540769605,31.221860401758736,0.0 131.01083795580473,31.22185784495417,0.0 131.01084050276845,31.22185528749891,0.0 131.01084305163,31.22185272374361,0.0 131.0108455998066,31.22185015862849,0.0 131.01084815047503,31.221847586306943,0.0 131.0108507003203,31.22184501307354,0.0 131.0108532530286,31.22184243219268,0.0 131.0108558048866,31.221839850663017,0.0 131.01085835713107,31.22183726630813,0.0 131.01086091143583,31.221834676216417,0.0 131.01086346624228,31.221832083382647,0.0 131.0108660204506,31.221829489913297,0.0 131.01086857726406,31.22182689020822,0.0 131.01087113394695,31.22182428932716,0.0 131.01087369255094,31.22182168378257,0.0 131.0108762513815,31.2218190767244,0.0 131.01087881050205,31.2218164681782,0.0 131.01088137068007,31.22181385697867,0.0 131.0108839319894,31.221811243179022,0.0 131.0108864938356,31.22180862795397,0.0 131.010889056474,31.22180601102633,0.0 131.01089161917795,31.22180339376341,0.0 131.01089418427244,31.221800772485384,0.0 131.01089674884085,31.221798152154303,0.0 131.0108993156874,31.221795528344607,0.0 131.01090188332617,31.22179290363864,0.0 131.01090445006932,31.22179028084481,0.0 131.01090701920467,31.221787654890736,0.0 131.01090958863455,31.22178502924854,0.0 131.01091215761025,31.221782405182505,0.0 131.01091472902343,31.22177977836472,0.0 131.01091729955098,31.221777154024057,0.0 131.0109198717225,31.22177452841352,0.0 131.0109224465409,31.22177190018404,0.0 131.01092502015035,31.221769275200906,0.0 131.0109275945092,31.221766650616647,0.0 131.0109301696808,31.221764026448767,0.0 131.01093274712,31.221761400680084,0.0 131.0109353247329,31.22175877644515,0.0 131.01093790284878,31.22175615332337,0.0 131.0109404828858,31.221753529358143,0.0 131.01094306318873,31.22175090698344,0.0 131.01094564370774,31.221748286310422,0.0 131.01094822719085,31.22174566351755,0.0 131.01095080909704,31.22174304503964,0.0 131.01095339535902,31.22174042259195,0.0 131.01095598091686,31.22173780329033,0.0 131.01095856811804,31.22173518387021,0.0 131.01096115637387,31.22173256517119,0.0 131.01096374668555,31.22172994581565,0.0 131.0109663377851,31.22172732756099,0.0 131.01096892958617,31.221724710517552,0.0 131.0109715223074,31.22172209437017,0.0 131.01097411682483,31.22171947788999,0.0 131.01097671085515,31.22171686420553,0.0 131.01097930684145,31.22171424990635,0.0 131.010981903389,31.221711636882446,0.0 131.01098450048934,31.221709025101955,0.0 131.01098709818524,31.221706414455937,0.0 131.01098969830625,31.221703802332183,0.0 131.0109922971315,31.22170119386885,0.0 131.01099489811372,31.22169858416402,0.0 131.0109975009647,31.221695973529865,0.0 131.01100010378653,31.221693364572094,0.0 131.01100270770004,31.22169075562485,0.0 131.01100531271356,31.22168814658044,0.0 131.01100791921235,31.221685536784296,0.0 131.01101052404934,31.221682930698098,0.0 131.01101313017088,31.221680323963145,0.0 131.01101573705992,31.22167771720805,0.0 131.01101834378758,31.22167511169686,0.0 131.01102095236547,31.221672504335583,0.0 131.01102355964804,31.22166989970431,0.0 131.0110261665913,31.22166729629057,0.0 131.0110287766606,31.22166468869557,0.0 131.01103138683428,31.22166208136936,0.0 131.01103399577323,31.221659476298285,0.0 131.0110366061896,31.22165686916912,0.0 131.01103921691816,31.221654261649235,0.0 131.01104182818605,31.221651653261613,0.0 131.011044440084,31.22164904373445,0.0 131.01104705237677,31.221646433318696,0.0 131.01104966369536,31.221643824121493,0.0 131.01105227518107,31.22164121418457,0.0 131.01105488663657,31.2216386037021,0.0 131.01105749704536,31.22163599425256,0.0 131.01106010717183,31.22163338446573,0.0 131.01106272041125,31.22163076847503,0.0 131.01106533058353,31.22162815662835,0.0 131.01106794100505,31.22162554323381,0.0 131.01107055221593,31.22162292722132,0.0 131.011073162487,31.221620311480617,0.0 131.01107577227265,31.221617695149767,0.0 131.01107838056984,31.221615079914347,0.0 131.01108098888324,31.22161246303874,0.0 131.011083597498,31.221609843912727,0.0 131.0110862040629,31.221607226681144,0.0 131.01108881053435,31.221604607777778,0.0 131.0110914177798,31.22160198554229,0.0 131.01109402457993,31.221599362122426,0.0 131.01109662917247,31.22159674071329,0.0 131.01109923321525,31.22159411824506,0.0 131.01110183811852,31.22159149205631,0.0 131.01110444262648,31.221588864422703,0.0 131.01110704620373,31.22158623632148,0.0 131.0111096486964,31.221583608026503,0.0 131.01111225125257,31.22158097737781,0.0 131.01111485162673,31.2215783485692,0.0 131.01111745306207,31.221575715521706,0.0 131.01112005367963,31.22157308175697,0.0 131.01112265436385,31.22157044562637,0.0 131.01112525360415,31.22156780998645,0.0 131.011127851436,31.22156517479476,0.0 131.01113044976455,31.22156253649404,0.0 131.01113304798346,31.22155989625881,0.0 131.0111356469448,31.2215572525299,0.0 131.01113824405127,31.22155461022372,0.0 131.01114084051758,31.221551967106887,0.0 131.01114343879613,31.22154931865694,0.0 131.01114603479374,31.2215466725732,0.0 131.01114863188283,31.22154402263536,0.0 131.01115122830322,31.221541372187737,0.0 131.01115382264885,31.221538723886425,0.0 131.01115641692925,31.22153607409411,0.0 131.01115901025625,31.221533424527333,0.0 131.0111616028057,31.221530774940472,0.0 131.01116419460485,31.221528125365506,0.0 131.0111667856816,31.221525475835588,0.0 131.01116937606474,31.22152282638494,0.0 131.01117196578366,31.221520177048767,0.0 131.0111745548684,31.22151752786315,0.0 131.01117714334944,31.22151487886491,0.0 131.01117973125773,31.221512230091506,0.0 131.0111823186246,31.22150958158097,0.0 131.01118490548154,31.22150693337176,0.0 131.01118749186034,31.221504285502647,0.0 131.01119007779283,31.221501638012647,0.0 131.01119266331088,31.22149899094085,0.0 131.01119524844634,31.22149634432644,0.0 131.0111978332308,31.221493698208395,0.0 131.0112004176957,31.22149105262557,0.0 131.01120300187227,31.22148840761652,0.0 131.01120558579123,31.22148576321939,0.0 131.011208169483,31.221483119471884,0.0 131.01121075297735,31.22148047641109,0.0 131.0112133363036,31.22147783407346,0.0 131.01121591949027,31.221475192494687,0.0 131.01121850256527,31.221472551709617,0.0 131.01122108555572,31.221469911752205,0.0 131.01122366848784,31.221467272655406,0.0 131.01122625138697,31.221464634451127,0.0 131.01122883427757,31.22146199717016,0.0 131.01123141718304,31.22145936084206,0.0 131.01123400012568,31.221456725495187,0.0 131.0112365831268,31.221454091156545,0.0 131.01123916620642,31.22145145785177,0.0 131.01124174938352,31.22144882560514,0.0 131.01124433267572,31.2214461944394,0.0 131.0112469160995,31.22144356437584,0.0 131.01124949967004,31.221440935434213,0.0 131.01125208340116,31.22143830763272,0.0 131.0112546673053,31.22143568098792,0.0 131.01125725139383,31.2214330555148,0.0 131.01125983567633,31.22143043122669,0.0 131.0112624201613,31.22142780813524,0.0 131.01126500485572,31.22142518625048,0.0 131.01126758976525,31.22142256558074,0.0 131.01127017489412,31.22141994613269,0.0 131.0112727602451,31.221417327911343,0.0 131.01127534581968,31.22141471092,0.0 131.01127793161794,31.22141209516033,0.0 131.01128051763848,31.22140948063238,0.0 131.01128310387867,31.221406867334537,0.0 131.01128569033443,31.221404255263582,0.0 131.01128827700046,31.221401644414744,0.0 131.01129086387007,31.221399034781648,0.0 131.01129345093537,31.221396426356463,0.0 131.01129603818714,31.2213938191298,0.0 131.011298625615,31.221391213090868,0.0 131.01130121320745,31.221388608227468,0.0 131.0113038009517,31.221386004526,0.0 131.01130638883396,31.221383401971583,0.0 131.0113089768394,31.22138080054804,0.0 131.011311564952,31.22137820023797,0.0 131.01131415315493,31.22137560102284,0.0 131.01131674143036,31.221373002882963,0.0 131.01131932975957,31.221370405797654,0.0 131.01132191812303,31.22136780974517,0.0 131.01132450650044,31.221365214702924,0.0 131.01132709487072,31.221362620647383,0.0 131.01132968321215,31.221360027554248,0.0 131.01133227150237,31.221357435398488,0.0 131.01133485971843,31.221354844154384,0.0 131.0113374478369,31.221352253795608,0.0 131.01134003583385,31.221349664295303,0.0 131.01134262368504,31.22134707562616,0.0 131.0113452113658,31.22134448776041,0.0 131.0113477988512,31.221341900670044,0.0 131.0113503861161,31.22133931432672,0.0 131.01135297313516,31.22133672870189,0.0 131.01135555988296,31.22133414376696,0.0 131.0113581463341,31.221331559493187,0.0 131.01136073246295,31.221328975851872,0.0 131.01136331824415,31.221326392814383,0.0 131.01136590365246,31.221323810352207,0.0 131.01136848866264,31.22132122843704,0.0 131.0113710732498,31.22131864704084,0.0 131.01137365738927,31.22131606613588,0.0 131.01137624105684,31.2213134856948,0.0 131.0113788242285,31.221310905690704,0.0 131.01138140688073,31.221308326097148,0.0 131.01138398899053,31.22130574688828,0.0 131.01138657053545,31.22130316803879,0.0 131.01138915149352,31.22130058952405,0.0 131.0113917318434,31.2212980113201,0.0 131.0113943115645,31.22129543340372,0.0 131.01139689063675,31.22129285575248,0.0 131.01139946904107,31.22129027834476,0.0 131.0114020467589,31.22128770115976,0.0 131.0114046237726,31.221285124177623,0.0 131.01140720006543,31.221282547379385,0.0 131.0114097756214,31.22127997074704,0.0 131.01141235042553,31.22127739426356,0.0 131.0114149244637,31.22127481791289,0.0 131.01141749772285,31.221272241680065,0.0 131.01142007019072,31.2212696655511,0.0 131.0114226418562,31.221267089513088,0.0 131.01142521270913,31.2212645135542,0.0 131.01142778274038,31.221261937663662,0.0 131.01143035194187,31.22125936183184,0.0 131.01143292030667,31.221256786050127,0.0 131.01143548782875,31.22125421031109,0.0 131.01143805450334,31.22125163460836,0.0 131.0114406203266,31.22124905893664,0.0 131.01144318529583,31.22124648329177,0.0 131.01144574940943,31.221243907670672,0.0 131.01144831266691,31.22124133207132,0.0 131.0114508750688,31.22123875649278,0.0 131.01145343661676,31.221236180935165,0.0 131.01145599731345,31.221233605399608,0.0 131.01145855716263,31.22123102988829,0.0 131.01146111616916,31.221228454404365,0.0 131.01146367433884,31.221225878951973,0.0 131.01146623167847,31.221223303536224,0.0 131.01146878819588,31.221220728163143,0.0 131.0114713439,31.221218152839665,0.0 131.0114738988005,31.221215577573584,0.0 131.01147645290814,31.221213002373588,0.0 131.01147900623448,31.221210427249137,0.0 131.01148155879207,31.22120785221049,0.0 131.01148411059424,31.221205277268663,0.0 131.01148666165514,31.221202702435367,0.0 131.01148921198967,31.221200127723016,0.0 131.0114917616137,31.221197553144684,0.0 131.01149431054353,31.221194978714,0.0 131.0114968587963,31.22119240444521,0.0 131.0114994063899,31.221189830353097,0.0 131.01150195334256,31.221187256452872,0.0 131.01150449967332,31.22118468276029,0.0 131.0115070454017,31.22118210929145,0.0 131.01150959054755,31.221179536062863,0.0 131.01151213513157,31.221176963091388,0.0 131.0115146791744,31.22117439039413,0.0 131.0115172226974,31.22117181798849,0.0 131.01151976572208,31.221169245892103,0.0 131.0115223082703,31.221166674122728,0.0 131.01152485036417,31.221164102698303,0.0 131.01152739202598,31.22116153163685,0.0 131.01152993327815,31.22115896095645,0.0 131.0115324741433,31.22115639067521,0.0 131.011535014644,31.22115382081124,0.0 131.011537554803,31.22115125138257,0.0 131.01154009464284,31.22114868240715,0.0 131.01154263418616,31.221146113902808,0.0 131.01154517345535,31.221143545887216,0.0 131.0115477124729,31.22114097837785,0.0 131.01155025126076,31.22113841139195,0.0 131.01155278984095,31.22113584494652,0.0 131.01155532823512,31.22113327905824,0.0 131.01155786646456,31.221130713743506,0.0 131.01156040455027,31.221128149018348,0.0 131.01156294251285,31.22112558489842,0.0 131.01156548037252,31.221123021398967,0.0 131.011568018149,31.22112045853483,0.0 131.01157055586148,31.22111789632036,0.0 131.0115730935287,31.221115334769447,0.0 131.01157563116882,31.22111277389548,0.0 131.0115781687994,31.22111021371132,0.0 131.01158070643734,31.221107654229296,0.0 131.01158324409894,31.221105095461184,0.0 131.01158578179985,31.221102537418165,0.0 131.011588319555,31.22109998011084,0.0 131.0115908573785,31.221097423549192,0.0 131.0115933952839,31.221094867742604,0.0 131.01159593328376,31.22109231269981,0.0 131.01159847139,31.221089758428903,0.0 131.01160100961363,31.221087204937326,0.0 131.01160354796502,31.22108465223188,0.0 131.01160608645338,31.22108210031866,0.0 131.0116086250874,31.22107954920313,0.0 131.01161116387468,31.22107699889007,0.0 131.011613702822,31.221074449383583,0.0 131.01161624193531,31.221071900687065,0.0 131.01161878121965,31.221069352803287,0.0 131.01162132067907,31.22106680573432,0.0 131.01162386031675,31.22106425948153,0.0 131.01162640013513,31.221061714045664,0.0 131.01162894013552,31.22105916942679,0.0 131.01163148031844,31.221056625624303,0.0 131.0116340206835,31.22105408263696,0.0 131.0116365612294,31.221051540462888,0.0 131.01163910195396,31.221048999099565,0.0 131.0116416428541,31.221046458543857,0.0 131.0116441839259,31.22104391879202,0.0 131.0116467251646,31.221041379839708,0.0 131.01164926656446,31.22103884168203,0.0 131.01165180811907,31.221036304313465,0.0 131.0116543498211,31.221033767728,0.0 131.01165689166237,31.22103123191908,0.0 131.0116594336341,31.221028696879607,0.0 131.01166197572655,31.221026162602016,0.0 131.01166451792932,31.22102362907825,0.0 131.01166706023125,31.2210210962998,0.0 131.01166960262057,31.22101856425771,0.0 131.01167214508467,31.22101603294264,0.0 131.01167468761045,31.221013502344803,0.0 131.01167723018406,31.221010972454103,0.0 131.01167977279113,31.22100844326006,0.0 131.0116823154166,31.22100591475188,0.0 131.01168485804507,31.22100338691845,0.0 131.01168740066043,31.22100085974843,0.0 131.01168994324615,31.22099833323016,0.0 131.01169248578532,31.22099580735181,0.0 131.0116950282605,31.220993282101336,0.0 131.01169757065392,31.220990757466488,0.0 131.01170011294747,31.22098823343491,0.0 131.01170265512272,31.22098570999407,0.0 131.0117051971608,31.22098318713137,0.0 131.01170773904286,31.22098066483412,0.0 131.01171028074958,31.2209781430896,0.0 131.01171282226156,31.22097562188501,0.0 131.01171536355932,31.22097310120761,0.0 131.01171790462308,31.220970581044647,0.0 131.01172044543318,31.220968061383417,0.0 131.01172298596978,31.22096554221128,0.0 131.01172552621313,31.22096302351571,0.0 131.01172806614335,31.220960505284285,0.0 131.01173060574078,31.220957987504704,0.0 131.01173314498578,31.22095547016484,0.0 131.01173568385883,31.22095295325276,0.0 131.01173822234065,31.22095043675669,0.0 131.01174076041204,31.22094792066513,0.0 131.01174329805409,31.220945404966777,0.0 131.01174583524815,31.2209428896506,0.0 131.01174837197584,31.220940374705847,0.0 131.0117509082192,31.22093786012205,0.0 131.01175344396043,31.220935345889075,0.0 131.01175597918228,31.22093283199708,0.0 131.01175851386793,31.22093031843657,0.0 131.01176104800086,31.22092780519843,0.0 131.01176358156516,31.220925292273865,0.0 131.01176611454528,31.2209227796545,0.0 131.01176864692636,31.22092026733233,0.0 131.01177117869395,31.220917755299748,0.0 131.01177370983424,31.220915243549552,0.0 131.011776240334,31.220912732074968,0.0 131.01177877018063,31.22091022086964,0.0 131.01178129936213,31.220907709927616,0.0 131.01178382786725,31.22090519924344,0.0 131.01178635568527,31.22090268881204,0.0 131.01178888280631,31.220900178628806,0.0 131.01179140922113,31.220897668689577,0.0 131.01179393492123,31.220895158990643,0.0 131.01179645989887,31.220892649528743,0.0 131.01179898414696,31.22089014030104,0.0 131.01180150765936,31.22088763130518,0.0 131.01180403043054,31.220885122539247,0.0 131.01180655245582,31.22088261400175,0.0 131.01180907373134,31.22088010569165,0.0 131.01181159425394,31.22087759760833,0.0 131.01181411402135,31.22087508975164,0.0 131.01181663303214,31.22087258212182,0.0 131.01181915128555,31.22087007471953,0.0 131.0118216687817,31.220867567545884,0.0 131.01182418552153,31.22086506060233,0.0 131.01182670150675,31.22086255389076,0.0 131.01182921673995,31.220860047413428,0.0 131.01183173122445,31.22085754117299,0.0 131.01183424496432,31.220855035172427,0.0 131.01183675796452,31.220852529415097,0.0 131.01183927023064,31.220850023904696,0.0 131.01184178176922,31.220847518645268,0.0 131.0118442925874,31.220845013641128,0.0 131.0118468026931,31.22084250889696,0.0 131.011849312095,31.220840004417656,0.0 131.0118518208025,31.220837500208475,0.0 131.0118543288256,31.22083499627488,0.0 131.01185683617507,31.22083249262259,0.0 131.01185934286232,31.22082998925759,0.0 131.0118618488994,31.22082748618604,0.0 131.01186435429895,31.220824983414342,0.0 131.01186685907425,31.22082248094908,0.0 131.0118693632391,31.220819978796992,0.0 131.01187186680792,31.220817476965,0.0 131.0118743697956,31.22081497546015,0.0 131.01187687221756,31.22081247428963,0.0 131.0118793740897,31.220809973460742,0.0 131.01188187542832,31.22080747298088,0.0 131.01188437625018,31.22080497285751,0.0 131.0118868765725,31.220802473098185,0.0 131.0118893764127,31.22079997371049,0.0 131.01189187578865,31.220797474702074,0.0 131.0118943747185,31.220794976080576,0.0 131.01189687322065,31.220792477853667,0.0 131.0118993713138,31.220789980029004,0.0 131.01190186901678,31.22078748261421,0.0 131.01190436634863,31.22078498561688,0.0 131.0119068633285,31.22078248904456,0.0 131.0119093599758,31.220779992904752,0.0 131.0119118563098,31.220777497204853,0.0 131.01191435234995,31.22077500195217,0.0 131.01191684811576,31.220772507153946,0.0 131.01191934362652,31.22077001281728,0.0 131.01192183890163,31.22076751894913,0.0 131.01192433396045,31.22076502555639,0.0 131.01192682882203,31.220762532645715,0.0 131.01192932350543,31.22076004022365,0.0 131.01193181802947,31.22075754829657,0.0 131.01193431241273,31.220755056870672,0.0 131.0119368066736,31.220752565951965,0.0 131.0119393008301,31.22075007554625,0.0 131.01194179490008,31.220747585659154,0.0 131.0119442889009,31.22074509629604,0.0 131.01194678284972,31.22074260746212,0.0 131.01194927676312,31.22074011916232,0.0 131.0119517706573,31.22073763140138,0.0 131.0119542645481,31.220735144183763,0.0 131.01195675845085,31.220732657513725,0.0 131.01195925238028,31.22073017139524,0.0 131.01196174635066,31.220727685832035,0.0 131.01196424037568,31.22072520082761,0.0 131.01196673446847,31.2207227163852,0.0 131.01196922864153,31.220720232507727,0.0 131.0119717229067,31.22071774919789,0.0 131.01197421727537,31.220715266458125,0.0 131.0119767117579,31.22071278429059,0.0 131.01197920636437,31.22071030269717,0.0 131.01198170110382,31.22070782167948,0.0 131.01198419598478,31.22070534123886,0.0 131.01198669101498,31.2207028613764,0.0 131.0119891862014,31.22070038209293,0.0 131.01199168155023,31.220697903388967,0.0 131.01199417706698,31.2206954252648,0.0 131.01199667275628,31.22069294772045,0.0 131.01199916862208,31.220690470755684,0.0 131.01200166466737,31.220687994370007,0.0 131.01200416089455,31.22068551856268,0.0 131.012006657305,31.220683043332688,0.0 131.01200915389944,31.22068056867884,0.0 131.0120116506777,31.22067809459962,0.0 131.01201414763884,31.22067562109336,0.0 131.0120166447811,31.220673148158102,0.0 131.0120191421019,31.220670675791723,0.0 131.01202163959786,31.220668203991863,0.0 131.0120241372648,31.22066573275596,0.0 131.01202663509773,31.220663262081235,0.0 131.01202913309086,31.22066079196475,0.0 131.01203163123773,31.22065832240338,0.0 131.01203412953095,31.220655853393804,0.0 131.0120366279625,31.22065338493255,0.0 131.01203912652355,31.220650917016005,0.0 131.01204162520455,31.220648449640382,0.0 131.01204412399528,31.22064598280178,0.0 131.0120466228848,31.22064351649616,0.0 131.01204912186145,31.22064105071934,0.0 131.01205162091296,31.220638585467075,0.0 131.01205412002642,31.220636120734994,0.0 131.01205661918823,31.220633656518647,0.0 131.01205911838437,31.220631192813503,0.0 131.0120616176,31.22062872961497,0.0 131.01206411681991,31.220626266918387,0.0 131.01206661602836,31.22062380471907,0.0 131.01206911520907,31.22062134301227,0.0 131.0120716143453,31.22061888179324,0.0 131.01207411341983,31.2206164210572,0.0 131.0120766124151,31.2206139607994,0.0 131.01207911131314,31.22061150101504,0.0 131.01208161009566,31.220609041699383,0.0 131.012084108744,31.22060658284771,0.0 131.01208660723924,31.220604124455328,0.0 131.0120891055622,31.22060166651761,0.0 131.0120916036935,31.220599209029977,0.0 131.01209410161349,31.22059675198791,0.0 131.0120965993025,31.220594295386974,0.0 131.01209909674063,31.220591839222827,0.0 131.012101593908,31.220589383491205,0.0 131.01210409078453,31.22058692818796,0.0 131.0121065873502,31.22058447330906,0.0 131.0121090835851,31.220582018850568,0.0 131.0121115794692,31.22057956480872,0.0 131.0121140749827,31.22057711117983,0.0 131.01211657010583,31.220574657960384,0.0 131.012119064819,31.22057220514701,0.0 131.01212155910292,31.220569752736523,0.0 131.01212405293833,31.22056730072581,0.0 131.01212654630635,31.22056484911204,0.0 131.01212903918844,31.220562397892447,0.0 131.01213153156627,31.220559947064512,0.0 131.01213402342196,31.22055749662585,0.0 131.012136514738,31.220555046574297,0.0 131.01213900549726,31.22055259690784,0.0 131.01214149568312,31.220550147624675,0.0 131.0121439852795,31.220547698723166,0.0 131.01214647427068,31.220545250201926,0.0 131.0121489626416,31.22054280205968,0.0 131.0121514503778,31.22054035429541,0.0 131.01215393746537,31.22053790690827,0.0 131.012156423891,31.220535459897608,0.0 131.01215890964204,31.220533013262965,0.0 131.01216139470662,31.22053056700408,0.0 131.01216387907343,31.22052812112088,0.0 131.01216636273196,31.220525675613484,0.0 131.01216884567242,31.2205232304822,0.0 131.01217132788585,31.220520785727487,0.0 131.0121738093639,31.22051834135004,0.0 131.0121762900992,31.220515897350687,0.0 131.01217877008511,31.220513453730447,0.0 131.01218124931577,31.220511010490508,0.0 131.0121837277863,31.22050856763221,0.0 131.01218620549247,31.22050612515705,0.0 131.01218868243112,31.220503683066703,0.0 131.01219115859985,31.220501241362967,0.0 131.0121936339971,31.22049880004779,0.0 131.01219610862228,31.22049635912324,0.0 131.01219858247563,31.22049391859153,0.0 131.01220105555828,31.220491478455,0.0 131.01220352787223,31.22048903871607,0.0 131.0122059994205,31.22048659937729,0.0 131.01220847020676,31.220484160441327,0.0 131.01221094023575,31.2204817219109,0.0 131.012213409513,31.22047928378881,0.0 131.01221587804483,31.220476846077982,0.0 131.01221834583868,31.22047440878136,0.0 131.01222081290243,31.220471971901944,0.0 131.01222327924523,31.220469535442813,0.0 131.01222574487664,31.220467099407088,0.0 131.01222820980732,31.220464663797888,0.0 131.0122306740485,31.22046222861839,0.0 131.01223313761244,31.220459793871782,0.0 131.01223560051184,31.22045735956128,0.0 131.01223806276033,31.22045492569005,0.0 131.01224052437215,31.220452492261288,0.0 131.0122429853622,31.2204500592782,0.0 131.01224544574615,31.22044762674389,0.0 131.0122479055401,31.220445194661544,0.0 131.01225036476097,31.220442763034217,0.0 131.01225282342605,31.22044033186496,0.0 131.01225528155325,31.220437901156767,0.0 131.0122577391609,31.22043547091257,0.0 131.01226019626787,31.220433041135244,0.0 131.01226265289347,31.22043061182759,0.0 131.01226510905735,31.220428182992336,0.0 131.0122675647795,31.220425754632124,0.0 131.0122700200804,31.22042332674951,0.0 131.0122724749805,31.22042089934697,0.0 131.0122749295009,31.220418472426868,0.0 131.01227738366248,31.220416045991456,0.0 131.0122798374866,31.22041362004293,0.0 131.0122822909946,31.220411194583328,0.0 131.0122847442079,31.220408769614583,0.0 131.01228719714803,31.220406345138542,0.0 131.0122896498365,31.220403921156887,0.0 131.0122921022947,31.220401497671222,0.0 131.01229455454407,31.220399074683005,0.0 131.01229700660576,31.220396652193568,0.0 131.01229945850085,31.220394230204125,0.0 131.0123019102502,31.220391808715764,0.0 131.01230436187447,31.22038938772944,0.0 131.0123068133939,31.220386967245982,0.0 131.0123092648285,31.22038454726609,0.0 131.01231171619784,31.220382127790344,0.0 131.0123141675211,31.22037970881918,0.0 131.01231661881707,31.220377290352936,0.0 131.01231907010393,31.2203748723918,0.0 131.01232152139934,31.22037245493584,0.0 131.0123239727205,31.220370037984992,0.0 131.01232642408388,31.220367621539097,0.0 131.0123288755054,31.22036520559785,0.0 131.0123313270002,31.220362790160888,0.0 131.0123337785828,31.220360375227667,0.0 131.012336230267,31.220357960797568,0.0 131.01233868206575,31.22035554686988,0.0 131.01234113399127,31.22035313344377,0.0 131.01234358605484,31.22035072051833,0.0 131.01234603826703,31.22034830809253,0.0 131.01234849063746,31.22034589616529,0.0 131.01235094317485,31.220343484735416,0.0 131.01235339588695,31.22034107380164,0.0 131.01235584878071,31.220338663362632,0.0 131.01235830186195,31.220336253416995,0.0 131.01236075513563,31.22033384396324,0.0 131.01236320860565,31.22033143499988,0.0 131.012365662275,31.220329026525327,0.0 131.01236811614555,31.22032661853797,0.0 131.01237057021825,31.220324211036168,0.0 131.01237302449294,31.220321804018216,0.0 131.0123754789685,31.220319397482424,0.0 131.0123779336427,31.22031699142704,0.0 131.01238038851236,31.22031458585031,0.0 131.0123828435732,31.220312180750494,0.0 131.0123852988199,31.220309776125823,0.0 131.01238775424628,31.22030737197455,0.0 131.0123902098449,31.220304968294936,0.0 131.01239266560756,31.22030256508528,0.0 131.01239512152495,31.220300162343857,0.0 131.0123975775868,31.220297760069016,0.0 131.01240003378192,31.22029535825915,0.0 131.01240249009808,31.220292956912644,0.0 131.01240494652225,31.22029055602797,0.0 131.01240740304047,31.22028815560366,0.0 131.01240985963793,31.220285755638287,0.0 131.0124123162989,31.22028335613051,0.0 131.012414773007,31.22028095707904,0.0 131.01241722974487,31.220278558482704,0.0 131.0124196864946,31.220276160340365,0.0 131.0124221432374,31.220273762651004,0.0 131.01242459995393,31.22027136541372,0.0 131.01242705662412,31.22026896862764,0.0 131.01242951322732,31.22026657229207,0.0 131.01243196974235,31.22026417640636,0.0 131.0124344261475,31.220261780970016,0.0 131.0124368824206,31.22025938598264,0.0 131.01243933853897,31.22025699144393,0.0 131.01244179447968,31.22025459735377,0.0 131.0124442502194,31.22025220371211,0.0 131.0124467057345,31.22024981051904,0.0 131.0124491610011,31.220247417774782,0.0 131.01245161599513,31.22024502547968,0.0 131.0124540706924,31.2202426336342,0.0 131.01245652506867,31.22024024223896,0.0 131.0124589790996,31.22023785129471,0.0 131.0124614327609,31.22023546080231,0.0 131.01246388602829,31.220233070762767,0.0 131.0124663388777,31.220230681177213,0.0 131.01246879128516,31.22022829204692,0.0 131.012471243227,31.220225903373247,0.0 131.01247369467973,31.22022351515773,0.0 131.01247614562024,31.220221127401985,0.0 131.0124785960258,31.22021874010777,0.0 131.01248104587407,31.22021635327697,0.0 131.0124834951433,31.22021396691155,0.0 131.01248594381215,31.2202115810136,0.0 131.0124883918599,31.220209195585333,0.0 131.0124908392665,31.220206810629023,0.0 131.0124932860125,31.220204426147056,0.0 131.0124957320792,31.220202042141903,0.0 131.0124981774487,31.22019965861612,0.0 131.01250062210383,31.22019727557233,0.0 131.0125030660284,31.22019489301324,0.0 131.01250550920693,31.220192510941608,0.0 131.01250795162505,31.22019012936025,0.0 131.0125103932691,31.220187748272032,0.0 131.0125128341268,31.22018536767984,0.0 131.01251527418648,31.22018298758659,0.0 131.0125177134378,31.22018060799525,0.0 131.0125201518714,31.2201782289088,0.0 131.01252258947906,31.22017585033019,0.0 131.0125250262537,31.220173472262417,0.0 131.01252746218944,31.220171094708423,0.0 131.0125298972814,31.22016871767116,0.0 131.0125323315261,31.220166341153508,0.0 131.01253476492107,31.220163965158367,0.0 131.0125371974653,31.22016158968855,0.0 131.0125396291587,31.22015921474684,0.0 131.01254206000263,31.22015684033593,0.0 131.01254448999967,31.220154466458474,0.0 131.01254691915346,31.22015209311701,0.0 131.012549347469,31.220149720314005,0.0 131.0125517749524,31.22014734805182,0.0 131.01255420161115,31.22014497633272,0.0 131.01255662745373,31.220142605158863,0.0 131.01255905249,31.22014023453228,0.0 131.0125614767308,31.220137864454884,0.0 131.01256390018824,31.220135494928428,0.0 131.01256632287547,31.220133125954543,0.0 131.01256874480674,31.22013075753473,0.0 131.01257116599737,31.220128389670315,0.0 131.01257358646373,31.22012602236249,0.0 131.0125760062232,31.22012365561228,0.0 131.01257842529404,31.220121289420536,0.0 131.01258084369545,31.220118923787943,0.0 131.01258326144756,31.220116558715045,0.0 131.0125856785712,31.22011419420216,0.0 131.01258809508823,31.220111830249493,0.0 131.01259051102096,31.22010946685701,0.0 131.01259292639253,31.220107104024585,0.0 131.01259534122667,31.22010474175183,0.0 131.01259775554772,31.220102380038213,0.0 131.01260016938045,31.22010001888304,0.0 131.0126025827502,31.22009765828541,0.0 131.0126049956826,31.22009529824432,0.0 131.0126074082037,31.22009293875852,0.0 131.01260981979175,31.220090580730112,0.0 131.01261223048868,31.22008822413165,0.0 131.01261464009065,31.22008586934108,0.0 131.0126170484336,31.220083516670297,0.0 131.01261945535376,31.220081166430475,0.0 131.0126218606875,31.220078818931885,0.0 131.01262426427147,31.220076474483683,0.0 131.0126266659426,31.22007413339372,0.0 131.01262906553816,31.2200717959684,0.0 131.01263146289574,31.22006946251252,0.0 131.01263385785325,31.220067133329085,0.0 131.012636250249,31.220064808719087,0.0 131.0126386399218,31.220062488981423,0.0 131.01264102671078,31.22006017441264,0.0 131.01264341045558,31.220057865306856,0.0 131.01264579099643,31.22005556195561,0.0 131.01264816817408,31.220053264647635,0.0 131.01265054182983,31.220050973668776,0.0 131.01265291180565,31.220048689301755,0.0 131.01265527794413,31.22004641182616,0.0 131.01265764008872,31.22004414151824,0.0 131.01265999808348,31.22004187865075,0.0 131.0126623517734,31.220039623492887,0.0 131.01266470100438,31.220037376310128,0.0 131.01266704562306,31.22003513736404,0.0 131.01266938547724,31.220032906912326,0.0 131.0126717204157,31.220030685208627,0.0 131.01267405028847,31.2200284725024,0.0 131.01267637494655,31.22002626903888,0.0 131.0126786942423,31.22002407505889,0.0 131.01268100802935,31.220021890798865,0.0 131.0126833161627,31.22001971649068,0.0 131.012685618499,31.220017552361668,0.0 131.01268791489616,31.220015398634445,0.0 131.01269020521377,31.22001325552691,0.0 131.0126924893131,31.22001112325208,0.0 131.01269476705727,31.22000900201821,0.0 131.0126970383112,31.220006892028607,0.0 131.0126993029415,31.220004793481607,0.0 131.01270156081708,31.22000270657057,0.0 131.01270381180862,31.22000063148373,0.0 131.01270605578904,31.21999856840431,0.0 131.01270829263356,31.219996517510427,0.0 131.01271052221952,31.219994478975085,0.0 131.01271274442666,31.219992452966128,0.0 131.01271495913713,31.219990439646192,0.0 131.01271716623555,31.219988439172774,0.0 131.01271936560917,31.21998645169824,0.0 131.01272155714767,31.21998447736972,0.0 131.0127237407436,31.219982516329267,0.0 131.01272591629208,31.21998056871364,0.0 131.01272808369103,31.219978634654503,0.0 131.0127302428414,31.219976714278427,0.0 131.01273239364673,31.21997480770684,0.0 131.0127345360137,31.219972915056086,0.0 131.01273666985185,31.219971036437425,0.0 131.01273879507383,31.219969171957068,0.0 131.0127409115952,31.219967321716247,0.0 131.0127430193347,31.21996548581128,0.0 131.01274511821416,31.21996366433353,0.0 131.01274720815854,31.219961857369483,0.0 131.0127492890959,31.21996006500072,0.0 131.01275136095745,31.21995828730413,0.0 131.01275342367768,31.2199565243519,0.0 131.01275547719416,31.21995477621149,0.0 131.01275752144778,31.219953042945768,0.0 131.01275955638235,31.21995132461293,0.0 131.0127615819452,31.219949621266828,0.0 131.0127635980866,31.219947932956817,0.0 131.01276560476006,31.219946259727905,0.0 131.01276760192232,31.2199446016208,0.0 131.01276958953306,31.21994295867187,0.0 131.01277156755526,31.21994133091344,0.0 131.01277353595492,31.21993971837372,0.0 131.01277549470112,31.219938121076904,0.0 131.01277744376594,31.219936539043257,0.0 131.0127793831244,31.21993497228904,0.0 131.01278131275467,31.21993342082688,0.0 131.01278323263764,31.21993188466561,0.0 131.01278514275725,31.219930363810462,0.0 131.01278704310016,31.21992885826312,0.0 131.0127889336558,31.21992736802165,0.0 131.01279081441646,31.219925893080845,0.0 131.012792685377,31.219924433432126,0.0 131.01279454653508,31.21992298906371,0.0 131.01279639789078,31.21992155996064,0.0 131.0127982394468,31.21992014610475,0.0 131.0128000712083,31.219918747475,0.0 131.0128018931828,31.21991736404737,0.0 131.01280370538035,31.21991599579503,0.0 131.0128055078131,31.219914642688376,0.0 131.0128073004956,31.219913304695023,0.0 131.01280908344444,31.219911981780047,0.0 131.0128108566784,31.21991067390597,0.0 131.01281262021837,31.219909381032902,0.0 131.01281437408713,31.21990810311856,0.0 131.01281611830944,31.21990684011825,0.0 131.01281785291192,31.219905591985142,0.0 131.012819577923,31.219904358670235,0.0 131.01282129337287,31.21990314012245,0.0 131.01282299955352,31.21990193587448,0.0 131.012824696478,31.21990074590349,0.0 131.01282638428071,31.219899569994286,0.0 131.01282806307353,31.21989840796808,0.0 131.01282973296665,31.21989725964932,0.0 131.0128313940684,31.21989612486584,0.0 131.01283304648547,31.21989500344876,0.0 131.01283469032262,31.21989389523239,0.0 131.0128363256831,31.21989280005422,0.0 131.01283795266852,31.21989171775481,0.0 131.01283957137875,31.2198906481776,0.0 131.01284118191225,31.219889591169007,0.0 131.01284278436572,31.21988854657817,0.0 131.01284437883447,31.21988751425712,0.0 131.01284596541228,31.21988649406049,0.0 131.01284754419157,31.219885485845595,0.0 131.01284911526318,31.219884489472328,0.0 131.0128506787166,31.21988350480294,0.0 131.01285223463995,31.21988253170224,0.0 131.01285378312002,31.2198815700374,0.0 131.01285532424228,31.21988061967792,0.0 131.01285685809083,31.219879680495588,0.0 131.01285838474848,31.219878752364288,0.0 131.01285990429687,31.219877835160176,0.0 131.01286141681643,31.219876928761497,0.0 131.0128629223862,31.219876033048568,0.0 131.01286442108423,31.219875147903736,0.0 131.0128659129873,31.219874273211254,0.0 131.01286739817098,31.21987340885732,0.0 131.0128688767098,31.21987255473004,0.0 131.01287034867718,31.219871710719392,0.0 131.0128718141454,31.219870876717128,0.0 131.01287327318568,31.21987005261671,0.0 131.01287472586816,31.219869238313343,0.0 131.01287617226194,31.21986843370396,0.0 131.01287761243515,31.21986763868712,0.0 131.01287904645477,31.219866853163,0.0 131.012880474387,31.21986607703334,0.0 131.01288189629685,31.219865310201406,0.0 131.01288331224845,31.21986455257199,0.0 131.012884722305,31.219863804051403,0.0 131.01288612652877,31.2198630645474,0.0 131.01288752498107,31.21986233396912,0.0 131.0128889177223,31.21986161222705,0.0 131.012890304812,31.219860899233133,0.0 131.01289168630876,31.21986019490061,0.0 131.01289306227042,31.219859499144047,0.0 131.01289443275382,31.21985881187928,0.0 131.0128957978151,31.219858133023312,0.0 131.01289715750943,31.219857462494502,0.0 131.0128985118913,31.219856800212376,0.0 131.01289986101426,31.21985614609765,0.0 131.01290120493118,31.219855500072203,0.0 131.01290254369408,31.219854862058945,0.0 131.01290387735415,31.21985423198205,0.0 131.01290520596197,31.219853609766727,0.0 131.01290652956726,31.219852995339263,0.0 131.012907848219,31.219852388627007,0.0 131.01290916196544,31.21985178955825,0.0 131.01291047085417,31.21985119806241,0.0 131.01291177493204,31.219850614069887,0.0 131.01291307424512,31.219850037512018,0.0 131.01291436883895,31.21984946832113,0.0 131.01291565875815,31.219848906430407,0.0 131.012916944047,31.21984835177406,0.0 131.01291822474877,31.21984780428716,0.0 131.01291950090635,31.219847263905702,0.0 131.01292077256178,31.21984673056652,0.0 131.01292203975655,31.219846204207258,0.0 131.0129233025316,31.219845684766497,0.0 131.01292456092713,31.219845172183604,0.0 131.0129258149828,31.219844666398785,0.0 131.0129270647376,31.219844167353006,0.0 131.01292831022997,31.219843674987995,0.0 131.0129295514978,31.219843189246312,0.0 131.0129307885784,31.219842710071266,0.0 131.01293202150836,31.219842237406915,0.0 131.01293325032395,31.21984177119801,0.0 131.01293447506066,31.21984131139,0.0 131.01293569575364,31.219840857929125,0.0 131.0129369124373,31.21984041076228,0.0 131.01293812514564,31.219839969837057,0.0 131.01293933391216,31.21983953510165,0.0 131.01294053876973,31.21983910650501,0.0 131.01294173975074,31.21983868399665,0.0 131.01294293688724,31.21983826752682,0.0 131.01294413021057,31.219837857046343,0.0 131.01294531975165,31.219837452506606,0.0 131.01294650554095,31.219837053859667,0.0 131.0129476876085,31.2198366610582,0.0 131.0129488659837,31.21983627405543,0.0 131.01295004069567,31.2198358928052,0.0 131.01295121177304,31.2198355172618,0.0 131.01295237924387,31.21983514738021,0.0 131.0129535431359,31.21983478311593,0.0 131.01295470347637,31.21983442442502,0.0 131.01295586029212,31.21983407126398,0.0 131.01295701360957,31.219833723589904,0.0 131.01295816345473,31.219833381360395,0.0 131.0129593098531,31.2198330445336,0.0 131.01296045282996,31.21983271306812,0.0 131.01296159241002,31.219832386922985,0.0 131.01296272861765,31.21983206605781,0.0 131.01296386147686,31.21983175043269,0.0 131.01296499101124,31.21983144000813,0.0 131.01296611724408,31.219831134745103,0.0 131.01296724019812,31.21983083460504,0.0 131.01296835989595,31.21983053954984,0.0 131.01296947635973,31.21983024954184,0.0 131.01297058961114,31.219829964543816,0.0 131.01297169967165,31.219829684518885,0.0 131.01297280656237,31.2198294094307,0.0 131.01297391030397,31.21982913924328,0.0 131.01297501091696,31.21982887392104,0.0 131.01297610842136,31.2198286134288,0.0 131.0129772028369,31.219828357731767,0.0 131.0129782941831,31.219828106795543,0.0 131.01297938247905,31.21982786058616,0.0 131.01298046774355,31.219827619069967,0.0 131.01298154999515,31.219827382213644,0.0 131.01298262925204,31.21982714998431,0.0 131.01298370553215,31.219826922349448,0.0 131.0129847788531,31.219826699276897,0.0 131.0129858492323,31.21982648073472,0.0 131.01298691668677,31.219826266691463,0.0 131.01298798123327,31.219826057115984,0.0 131.01298904288842,31.21982585197745,0.0 131.0129901016684,31.219825651245344,0.0 131.01299115758923,31.219825454889463,0.0 131.01299221066668,31.21982526287996,0.0 131.0129932609162,31.21982507518732,0.0 131.0129943083531,31.219824891782263,0.0 131.01299535299228,31.21982471263581,0.0 131.01299639484856,31.219824537719383,0.0 131.0129974339365,31.219824367004616,0.0 131.01299847027033,31.21982420046345,0.0 131.01299950386417,31.219824038068072,0.0 131.0130005347318,31.21982387979101,0.0 131.01300156288693,31.21982372560507,0.0 131.01300258834294,31.219823575483304,0.0 131.013003611113,31.219823429398964,0.0 131.01300463121015,31.21982328732569,0.0 131.01300564864718,31.21982314923733,0.0 131.01300666343667,31.219823015108,0.0 131.01300767559107,31.219822884911984,0.0 131.01300868512257,31.21982275862392,0.0 131.0130096920432,31.21982263621865,0.0 131.0130106963648,31.21982251767128,0.0 131.01301169809904,31.219822402957075,0.0 131.0130126972574,31.219822292051607,0.0 131.01301369385124,31.21982218493069,0.0 131.01301468789163,31.219822081570303,0.0 131.01301567938972,31.21982198194665,0.0 131.01301666835616,31.21982188603622,0.0 131.0130176548017,31.219821793815683,0.0 131.01301863873687,31.21982170526188,0.0 131.013019620172,31.219821620351887,0.0 131.01302059911734,31.219821539063016,0.0 131.01302157558297,31.219821461372792,0.0 131.01302254957875,31.219821387258843,0.0 131.01302352111463,31.219821316699065,0.0 131.01302449020017,31.21982124967157,0.0 131.0130254568449,31.219821186154626,0.0 131.01302642105824,31.21982112612664,0.0 131.01302738284951,31.219821069566272,0.0 131.01302834222784,31.219821016452368,0.0 131.01302929920232,31.21982096676393,0.0 131.0130302537818,31.219820920480068,0.0 131.0130312059752,31.21982087758017,0.0 131.0130321557912,31.21982083804378,0.0 131.01303310323837,31.219820801850524,0.0 131.0130340483252,31.219820768980263,0.0 131.01303499106015,31.219820739413024,0.0 131.01303593145153,31.219820713128986,0.0 131.01303686950752,31.21982069010839,0.0 131.01303780523622,31.21982067033179,0.0 131.01303873864572,31.219820653779795,0.0 131.0130396697439,31.21982064043317,0.0 131.01304059853865,31.219820630272817,0.0 131.01304152503775,31.219820623279848,0.0 131.013042449249,31.219820619435463,0.0 131.01304337117992,31.21982061872095,0.0 131.01304429083802,31.21982062111784,0.0 131.01304520823092,31.21982062660775,0.0 131.0130461233659,31.219820635172407,0.0 131.01304703625044,31.219820646793696,0.0 131.01304794689176,31.21982066145364,0.0 131.01304885529711,31.219820679134383,0.0 131.0130497614736,31.21982069981812,0.0 131.0130506654284,31.21982072348728,0.0 131.0130515671686,31.219820750124363,0.0 131.0130524667011,31.219820779711927,0.0 131.01305336403294,31.21982081223275,0.0 131.013054259171,31.219820847669684,0.0 131.01305515212212,31.21982088600563,0.0 131.01305604289314,31.219820927223683,0.0 131.0130569314909,31.21982097130701,0.0 131.013057817922,31.219821018238903,0.0 131.01305870219323,31.219821068002684,0.0 131.0130595843113,31.219821120581905,0.0 131.0130604642827,31.21982117596012,0.0 131.01306134211413,31.21982123412096,0.0 131.01306221781215,31.219821295048256,0.0 131.01306309138332,31.219821358725888,0.0 131.01306396283405,31.21982142513775,0.0 131.01306483217087,31.21982149426796,0.0 131.0130656994004,31.219821566100656,0.0 131.01306656452883,31.219821640620022,0.0 131.0130674275627,31.21982171781041,0.0 131.01306828850846,31.219821797656262,0.0 131.01306914737242,31.219821880141986,0.0 131.01307000416097,31.21982196525218,0.0 131.01307085888047,31.21982205297154,0.0 131.01307171153726,31.21982214328471,0.0 131.01307256213764,31.21982223617654,0.0 131.013073410688,31.21982233163193,0.0 131.01307425719455,31.219822429635776,0.0 131.0130751016637,31.21982253017316,0.0 131.01307594410164,31.219822633229164,0.0 131.0130767845147,31.219822738788924,0.0 131.01307762290915,31.21982284683772,0.0 131.01307845929136,31.21982295736085,0.0 131.01307929366746,31.219823070343672,0.0 131.01308012604383,31.21982318577165,0.0 131.0130809564267,31.21982330363025,0.0 131.01308178482236,31.219823423905023,0.0 131.0130826112371,31.219823546581672,0.0 131.01308343567715,31.2198236716458,0.0 131.01308425814884,31.219823799083187,0.0 131.01308507865843,31.219823928879663,0.0 131.0130858972122,31.219824061021004,0.0 131.01308671381648,31.219824195493214,0.0 131.01308752847754,31.219824332282204,0.0 131.01308834120167,31.219824471374007,0.0 131.0130891519952,31.21982461275473,0.0 131.01308996086448,31.219824756410457,0.0 131.01309076781578,31.219824902327392,0.0 131.01309157285547,31.21982505049176,0.0 131.01309237598988,31.2198252008898,0.0 131.0130931772254,31.21982535350788,0.0 131.0130939765683,31.21982550833234,0.0 131.01309477402503,31.21982566534959,0.0 131.013095569602,31.21982582454613,0.0 131.01309636330552,31.2198259859084,0.0 131.01309715514205,31.219826149423003,0.0 131.01309794511795,31.219826315076475,0.0 131.0130987332397,31.21982648285548,0.0 131.01309951951373,31.21982665274668,0.0 131.0131003039464,31.219826824736742,0.0 131.0131010865443,31.219826998812497,0.0 131.01310186731382,31.219827174960635,0.0 131.01310264626144,31.21982735316804,0.0 131.01310342339372,31.21982753342155,0.0 131.01310419871703,31.219827715708053,0.0 131.01310497223798,31.21982790001451,0.0 131.01310574396308,31.219828086327823,0.0 131.01310651389886,31.219828274635063,0.0 131.01310728205183,31.21982846492317,0.0 131.01310804842856,31.21982865717929,0.0 131.01310881303564,31.21982885139046,0.0 131.0131095758796,31.21982904754384,0.0 131.01311033696706,31.219829245626546,0.0 131.01311109630458,31.219829445625777,0.0 131.01311185389875,31.21982964752877,0.0 131.0131126097562,31.21982985132272,0.0 131.01311336388355,31.219830056994947,0.0 131.01311411628737,31.21983026453268,0.0 131.01311486697435,31.21983047392333,0.0 131.013115615951,31.21983068515416,0.0 131.0131163632241,31.21983089821261,0.0 131.0131171088002,31.219831113086,0.0 131.01311785268595,31.219831329761856,0.0 131.013118594888,31.21983154822752,0.0 131.01311933541305,31.219831768470545,0.0 131.01312007426765,31.219831990478344,0.0 131.01312081145852,31.219832214238515,0.0 131.01312154699224,31.21983243973852,0.0 131.01312228087556,31.219832666966,0.0 131.01312301311503,31.21983289590841,0.0 131.01312374371736,31.219833126553503,0.0 131.0131244726891,31.21983335888876,0.0 131.01312520003697,31.21983359290192,0.0 131.01312592576755,31.219833828580548,0.0 131.01312664988745,31.2198340659124,0.0 131.01312737240332,31.21983430488511,0.0 131.01312809332174,31.21983454548642,0.0 131.01312881264934,31.21983478770405,0.0 131.01312953039263,31.219835031525736,0.0 131.0131302465583,31.219835276939275,0.0 131.01313096115274,31.219835523932367,0.0 131.0131316741826,31.219835772492885,0.0 131.0131323856544,31.219836022608565,0.0 131.0131330955747,31.21983627426727,0.0 131.01313380394987,31.219836527456813,0.0 131.01313451078644,31.219836782165032,0.0 131.01313521609092,31.21983703837984,0.0 131.01313591986963,31.219837296089,0.0 131.01313662212905,31.21983755528049,0.0 131.01313732287556,31.219837815942167,0.0 131.01313802211547,31.219838078061912,0.0 131.0131387198552,31.21983834162769,0.0 131.01313941610093,31.219838606627366,0.0 131.01314011085904,31.219838873048896,0.0 131.0131408041357,31.219839140880257,0.0 131.01314149593713,31.219839410109312,0.0 131.0131421862695,31.21983968072408,0.0 131.01314287513898,31.21983995271253,0.0 131.0131435625516,31.21984022606255,0.0 131.01314424851347,31.21984050076217,0.0 131.0131449330306,31.2198407767994,0.0 131.0131456161089,31.219841054162124,0.0 131.01314629775436,31.21984133283838,0.0 131.01314697797287,31.21984161281616,0.0 131.01314765677023,31.21984189408344,0.0 131.01314833415225,31.21984217662817,0.0 131.01314901012464,31.21984246043837,0.0 131.01314968469313,31.21984274550205,0.0 131.0131503578633,31.219843031807144,0.0 131.0131510296407,31.21984331934164,0.0 131.01315170003096,31.219843608093534,0.0 131.0131523690394,31.219843898050783,0.0 131.01315303667147,31.21984418920139,0.0 131.01315370293253,31.219844481533244,0.0 131.01315436782775,31.219844775034343,0.0 131.0131550313624,31.219845069692603,0.0 131.01315569354156,31.219845365495967,0.0 131.01315635437035,31.21984566243237,0.0 131.0131570138537,31.219845960489696,0.0 131.01315767199645,31.219846259655828,0.0 131.01315832880354,31.219846559918647,0.0 131.01315898427964,31.219846861266,0.0 131.0131596384294,31.219847163685724,0.0 131.01316029125746,31.21984746716564,0.0 131.01316094276822,31.219847771693534,0.0 131.01316159296618,31.219848077257165,0.0 131.01316224185555,31.21984838384429,0.0 131.01316288944065,31.219848691442607,0.0 131.01316353572545,31.2198490000398,0.0 131.0131641807141,31.219849309623505,0.0 131.01316482441044,31.21984962018133,0.0 131.0131654668183,31.219849931700868,0.0 131.01316610794132,31.21985024416961,0.0 131.01316674778317,31.21985055757505,0.0 131.0131673863473,31.219850871904644,0.0 131.013168023637,31.21985118714576,0.0 131.0131686596556,31.219851503285728,0.0 131.01316929440617,31.21985182031184,0.0 131.01316992789168,31.21985213821131,0.0 131.013170560115,31.21985245697125,0.0 131.01317119107878,31.21985277657876,0.0 131.01317182078571,31.21985309702083,0.0 131.01317244923814,31.219853418284423,0.0 131.0131730764384,31.21985374035632,0.0 131.0131737023886,31.219854063223288,0.0 131.01317432709072,31.219854386872008,0.0 131.0131749505466,31.21985471128901,0.0 131.01317557275792,31.219855036460736,0.0 131.01317619372605,31.21985536237351,0.0 131.0131768134524,31.21985568901356,0.0 131.013177431938,31.21985601636692,0.0 131.01317804918386,31.21985634441956,0.0 131.01317866519065,31.21985667315724,0.0 131.0131792799589,31.21985700256557,0.0 131.0131798934889,31.21985733263002,0.0 131.0131805057808,31.219857663335866,0.0 131.01318111683443,31.21985799466816,0.0 131.01318172664935,31.219858326611767,0.0 131.01318233525262,31.219858659192383,0.0 131.013182942643,31.219858992393824,0.0 131.01318354883142,31.219859326218227,0.0 131.01318415382676,31.219859660664792,0.0 131.01318475763784,31.21985999573275,0.0 131.01318536027338,31.21986033142135,0.0 131.013185961742,31.219860667729865,0.0 131.01318656205228,31.219861004657588,0.0 131.01318716121264,31.21986134220384,0.0 131.01318775923147,31.21986168036795,0.0 131.01318835611713,31.21986201914929,0.0 131.01318895187768,31.2198623585472,0.0 131.01318954652132,31.21986269856109,0.0 131.01319014005605,31.219863039190365,0.0 131.01319073248973,31.219863380434425,0.0 131.01319132383028,31.21986372229271,0.0 131.01319191408535,31.219864064764657,0.0 131.0131925032626,31.21986440784972,0.0 131.01319309136963,31.219864751547338,0.0 131.0131936784138,31.219865095856992,0.0 131.01319426440253,31.219865440778168,0.0 131.01319484934302,31.21986578631033,0.0 131.01319543324243,31.219866132452967,0.0 131.01319601610783,31.219866479205567,0.0 131.01319659794615,31.21986682656763,0.0 131.01319717876427,31.21986717453865,0.0 131.01319775856896,31.2198675231181,0.0 131.0131983373668,31.219867872305496,0.0 131.01319891516445,31.21986822210032,0.0 131.01319949196824,31.21986857250206,0.0 131.01319967012756,31.219868675434643,0.0 131.0132001446511,31.219869199752328,0.0 131.01320041037803,31.219869339464857,0.0 131.01320082483593,31.219869698068315,0.0 131.01320123533358,31.219869940106506,0.0</coordinates>
            </LineString>
        </Placemark>
    </Document>
</kml>
