group_key,landed_longitude,landed_latitude,landing_range
"(0.0,)",131.01397987551445,31.220441201789527,-1285734.1837630928
