Time,Latitude,Longitude,Altitude,Angle of Attack,Angle of Sideslip,X-Acceleration,Y-Acceleration,Z-Acceleration,Thrust,True Velocity,Ground Velocity,Pitch,Roll,Yaw,Dynamic Pressure,cp,cg,parachute_deploy_gain,Wind Speed,Wind Direction,Mach,omega_x,omega_y,omega_z,Cmq,Angle of Attack(total),Angle of Attack(gust),True Velocity(gust),Acceleration
0.0,31.222216000000007,131.010392,3.000000004412624,0.0,0.0,0.0,0.0,0.0,2.2828121974499247,0.0,0.0,69.99999999623412,0.0,119.9999999935444,0.0,1.274,1.0412389379908,0.0,0.0,0.0,0.0,0.0,0.0,0.0,-0.0,0.0,90.0,0.0,0.0
0.01,31.222215999998035,131.01039200000403,3.0000012302277126,0.0,0.0,0.0,0.0,0.0,34.24218696174923,7.670510999035895e-11,7.384574850944601e-11,69.99999999623996,-4.92863947922551e-13,119.99999999354556,3.602741409305877e-21,1.274,1.0412376346947911,0.0,0.0,0.0,2.2541632336061609e-13,-3.2864878353466853e-19,6.911788849595093e-19,5.692061405548897e-19,-1.588761015955192e-31,0.0,89.99999999951169,7.670510999035895e-11,0.0
0.02,31.22221599999628,131.0103920000076,3.00000231586443,0.0,0.0,0.0,0.0,0.0,25.871876237766408,1.5869732691204298e-10,1.5285024333068084e-10,69.99999999624603,-1.0229251749337769e-12,119.99999999354672,1.5421397099999448e-20,1.274,1.041236478156905,0.0,0.0,0.0,4.663700757957552e-13,-6.67461962436389e-19,1.423015351387225e-18,1.1180834903756764e-18,-6.767418158013472e-31,0.0,89.99999999898971,1.5869732691204298e-10,0.0
0.03,31.222215999296928,131.0103920014327,3.000161353690896,20.50863984355066,-0.0001327425413185,9.77873902907736,-1.8190105133042768e-05,3.349840487820396,180.34219359854663,0.07171117026574,0.0465809017657672,69.99999999602386,-5.793476217971663e-12,119.99999999428516,0.0031488944996816,1.274,1.041228904886257,0.0,0.0,0.0,0.0002107404366729,1.2030713881713841e-15,-2.759725922114322e-08,9.155163992636151e-12,5.9305718475490886e-12,20.508639843961745,89.57228437306026,0.0716903191161087,10.336593650374988
0.04,31.222215995184303,131.01039200983377,3.0014719697319467,10.511587379442432,-4.7153447309331e-05,48.560572798471775,4.503948830381288e-06,3.349679042588072,548.6359724538078,0.3213308390953216,0.1631437184018494,69.9999998973671,-3.527231972841954e-11,119.99999999863616,0.0632250602865989,1.274,1.0412113771383462,0.0,0.0,0.0,0.0009443075897044,8.005248075754549e-14,-6.183731725996057e-07,1.9309195050992625e-11,5.954520602817298e-10,10.511587379547008,87.98949551122621,0.3213234322491387,48.67596511836258
0.05,31.222215983308672,131.01039203416587,3.0066102604529155,5.957889074558241,5.240689311496049e-07,71.03402371674886,5.405621443171422e-05,3.3491143828483074,761.6984298824644,0.8874609323064337,0.3884509295896281,69.99999882823028,-1.5059317595512516e-10,120.00000001120632,0.4822616292777454,1.274,1.0411783490946764,0.0,0.0,0.0,0.0026080165379505,8.859021711203098e-13,-4.471481601727646e-06,2.5411978145134687e-11,1.1891707868561966e-08,5.957889074558259,84.3989706690471,0.8874610146269889,71.11293196419315
0.06,31.22221596074783,131.0103920804463,3.017392006760024,4.778593974988181,3.092233131464323e-05,53.03120400380166,0.0001080849161907,3.348172225683681,590.4875390737208,1.5077391105979163,0.6319130632751001,69.99999377919659,-3.674532119292448e-10,120.00000003511704,1.391990185346654,1.274,1.0411428272531282,0.0,0.0,0.0,0.0044308530893274,4.6413889340246334e-12,-1.6040868544602283e-05,8.168659917592596e-11,7.247649303492328e-08,4.778593975088016,80.52314077092694,1.507743967866361,53.13679380012828
0.07,31.22221592781856,131.01039214802273,3.033620630474713,4.261659890800785,5.720169210511927e-05,80.99136642334508,0.0001631481184835,3.346844115101476,855.2937749779139,2.1407066161600303,0.8796264496218401,69.99997940212468,-5.084863029888592e-10,120.00000007021364,2.80606287548599,1.274,1.0411038001485082,0.0,0.0,0.0,0.0062909811075237,1.5287498673785755e-11,-3.8853105332974224e-05,3.336944514451185e-10,2.492443375093529e-07,4.261659891184055,76.65819412623976,2.140715601380814,81.06048852972671
0.08,31.222215882658368,131.01039224073003,3.05645368605533,4.012721610534172,8.491567679185496e-05,16.24501632263357,0.0002162898652786,3.34514342725646,241.2171988638848,2.7514150942428794,1.1196616894027756,69.9999478842085,-1.0817871658085679e-10,120.00000011898626,4.635476399716879,1.274,1.0410676072544631,0.0,0.0,0.0,0.0080856968928475,3.858295181217714e-11,-7.854393249414678e-05,1.0582240937614123e-09,6.476050379541189e-07,4.012721611431193,73.04395750485935,2.751428432766198,16.585853608371487
0.09,31.222215828926444,131.0103923510335,3.083618071337363,3.9805606900708943,0.0001133060875721,50.23330202947714,0.0002603612222199,3.3432347679570724,563.0937377043176,3.255369259161156,1.323074637606838,69.99988935964492,1.827827399949299e-09,120.00000017855224,6.489056070699869,1.274,1.041033515145738,0.0,0.0,0.0,0.0095666906909567,8.178870255349082e-11,-0.0001349745569437,2.5174452881055994e-09,1.3167171664142568e-06,3.980560691680893,70.16465229252883,3.2553870572397723,50.34443218039247
0.1,31.22221576635985,131.01039247947435,3.115277603312949,4.0537893535304,0.0001440599489654,47.68406674553388,0.0002967900435393,3.341146592849781,538.7437595981919,3.6694396559551614,1.495654044002115,69.99979335677904,6.707718872042679e-09,120.0000002506778,8.24478226273324,1.274,1.0410047961529831,0.0,0.0,0.0,0.0107835406490287,1.5261246057846328e-10,-0.0002114156123622,5.0541042202943364e-09,2.3247476340806504e-06,4.05378935608594,67.87709207375633,3.6694622848390286,47.8009778355582
0.11,31.222215695682845,131.01039262456115,3.1509827818587484,4.088772875711555,0.0001730645562326,37.57703920222046,0.0003351243858705,3.33862995851464,442.8656393052949,4.106510366544272,1.6761017256571848,69.99964815310753,1.6474945606942146e-08,120.00000033663297,10.325808080258732,1.274,1.0409744229366016,0.0,0.0,0.0,0.01206798406563,2.5967614835492847e-10,-0.0003096457413961,9.00949193821356e-09,3.810443751240336e-06,4.088772879367865,65.5404800297335,4.106537551461195,37.72506229706471
0.12,31.22221561730722,131.01039278544607,3.1904783035430384,4.112798651910151,0.0002009240484217,41.05298702440525,0.0003737740249465,3.3356833653157585,475.58594813540446,4.547873284359789,1.8580030145136808,69.99944066980821,3.365513035719349e-08,120.00000043863712,12.664652158903696,1.274,1.0409430692148225,0.0,0.0,0.0,0.0133650427929841,4.1259382040675534e-10,-0.0004316089456913,1.4753707390414582e-08,5.882130647019221e-06,4.112798656809545,63.26638689930054,4.547904845435512,41.188281431486516
0.13,31.222215531636447,131.01039296129807,3.2335140833341023,4.206535331686997,0.0002318818696693,45.333040884953846,0.0004049329601897,3.332593475749753,515.9156326236895,4.901259024220095,2.009714676525399,69.99915666901056,6.138998057101256e-08,120.00000055956752,14.709234455061408,1.274,1.0409160963544908,0.0,0.0,0.0,0.0144035605877365,6.218241422464917e-10,-0.0005791529742899,2.2676224865417747e-08,8.506188934483792e-06,4.206535338066639,61.512234755773946,4.901295448139008,45.45537124824169
0.14,31.222215438775045,131.01039315190204,3.280025780384693,4.256924346469267,0.0002604891619713,42.21336794592394,0.0004391975662541,3.328931911776856,486.2390860568404,5.292071832656485,2.1742394145906334,69.9987812214258,1.0339653447724066e-07,120.0000007032278,17.14842672857845,1.274,1.0408867279154277,0.0,0.0,0.0,0.0155520687419463,8.983233919748916e-10,-0.0007542477518372,3.3191761323994374e-08,1.1961121289431131e-05,4.256924354424497,59.63729229017522,5.292112750198364,42.344423732105504
0.15,31.22221533883488,131.01039335702745,3.32994453826356,4.321214996773032,0.0002899068784306,40.78117349755754,0.0004710433561295,3.3249004369308697,472.54218587214,5.655034362394047,2.329189151133757,69.99829788391814,1.6412458253389478e-07,120.0000008741854,19.581287147063183,1.274,1.0408583537393556,0.0,0.0,0.0,0.0166187337291837,1.2541495159827231e-09,-0.0009590549569717,4.675725628717559e-08,1.6252074353127137e-05,4.32121500647938,57.95989986859141,5.655079900860022,40.91648903529327
0.16,31.222215231700496,131.01039357691212,3.383342763383516,4.351949177269446,0.0003171243696451,32.18120789099065,0.0005057721455195,3.320180475499817,391.1218908297564,6.053036734191464,2.4961348721465284,69.99768912641117,2.487406137004528e-07,120.00000107800622,22.43443477593008,1.274,1.0408278042965635,0.0,0.0,0.0,0.0177883740189001,1.7021436260193535e-09,-0.0011960546090155,6.388328673885168e-08,2.169462511600996e-05,4.351949188801623,56.18816570709569,6.0530865479709615,32.35202837487712
0.17,31.22221511775096,131.01039381077544,3.43998566989912,4.399950589112697,0.0003454626063248,40.73440513741692,0.0005377631546909,3.315042991409176,471.78125980632376,6.419598919885411,2.6522723508418533,69.99693593441626,3.632592124450546e-07,120.00000132061784,25.23375847500939,1.274,1.0407980850968257,0.0,0.0,0.0,0.0188656214415479,2.256226064526324e-09,-0.001466653708983,8.503805000363523e-08,2.8213758832520487e-05,4.399950602648056,54.62086482419421,6.419653185024717,40.869074765931494
0.18,31.22221499641296,131.01039405979787,3.5002301463545686,4.430294002427116,0.0003726374907523,33.90092516377732,0.0005712041732663,3.30917608782962,407.10156721191447,6.804507805955197,2.8146788649812886,69.99601826042503,5.144904698780396e-07,120.00000160980731,28.350261719965857,1.274,1.0407671251996176,0.0,0.0,0.0,0.0199967875250755,2.9310449567389223e-09,-0.0017746372324926,1.1090295799249953e-07,3.61850571685862e-05,4.43029401806744,53.03835875747389,6.804566339715366,34.06205181234049
0.19,31.22221486783325,131.01039432367727,3.563985785331909,4.443182259400189,0.000398356780946,38.350301062683634,0.0006063990076554,3.302469408171207,448.9531328318269,7.211557518180416,2.9846579618052784,69.99491416241608,7.103048948191971e-07,120.00000195370532,31.84337741843599,1.274,1.0407339027116973,0.0,0.0,0.0,0.0211930225132397,3.742627088461798e-09,-0.0021219385553797,1.4206911323493725e-07,4.585452244388908e-05,4.443182277221883,51.433596718418734,7.211620091917242,38.49223163390374
0.2,31.222214731770524,131.01039460291042,3.631403268938519,4.4707050435596285,0.0004255134566755,35.14006091350779,0.0006390986405418,3.2951860843196608,418.51563019916136,7.590473699234319,3.144957882447246,69.99360016319353,9.596266100436513e-07,120.0000023619682,35.27734800016013,1.274,1.040702167521391,0.0,0.0,0.0,0.0223065824434373,4.708091932353679e-09,-0.0025118125100309,1.792844453524508e-07,5.7131231663681794e-05,4.470705063768318,50.00348215050596,7.590540538731793,35.29422237057758
0.21,31.222214588632376,131.010394896658,3.7022302042881376,4.498296091255425,0.0004527450691671,33.702298070467194,0.0006711807826,3.287149873134721,404.8187610144644,7.963669578270147,3.303269718420238,69.99205169922452,1.2723954968390243e-06,120.000002844623,38.83127773389848,1.274,1.0406703813485052,0.0,0.0,0.0,0.0234033343583071,5.8453463522149034e-09,-0.0029451242947193,2.2311251663124001e-07,7.027994215301939e-05,4.498296113992554,48.652353081003376,7.963740695299308,33.86222452777652
0.22,31.22221443823521,131.01039520529812,3.776581393687988,4.486968904993739,0.0004760320220524,40.90161002705168,0.0007086892834674,3.277667657463648,472.5421858721365,8.403353175436155,3.484376764810887,69.99024335221632,1.6595227999677971e-06,120.00000341335144,43.2371788267554,1.274,1.0406332777349718,0.0,0.0,0.0,0.0246954807831975,7.1728755985631145e-09,-0.0034245867600521,2.7431389461335e-07,8.623274762424846e-05,4.486968930193719,47.12774534231395,8.403427950371322,41.03272850518277
0.23,31.222214280099664,131.0103955298177,3.854755355123325,4.5240046029034655,0.0005046443235269,33.893021083723966,0.0007381838519414,3.2680365029117064,406.3406421461021,8.749653837589177,3.6334043888017975,69.98814709996974,2.1334459528641523e-06,120.0000040817616,46.87384712591292,1.274,1.0406020524106396,0.0,0.0,0.0,0.0257131997465278,8.711015070903703e-09,-0.003954930047192,3.339337543879298e-07,0.0001036902335137,4.524004630990959,45.98185765792691,8.74973310693415,34.05021205970729
0.24,31.22221411526653,131.01039586807363,3.936106526801672,4.542085907202352,0.0005311592401584,34.95701642103292,0.0007700913616623,3.257148847775011,416.2328240017114,9.12692064367227,3.7930387331130255,69.98573458950625,2.707578784271877e-06,120.00000486285155,51.002799325727295,1.274,1.0405688109479665,0.0,0.0,0.0,0.0268219238485977,1.0480397773175153e-08,-0.004533818947979,4.0227295049225306e-07,0.0001239918758234,4.542085938194563,44.781549130464754,9.127004077970607,35.10843226733384
0.25,31.222213943582137,131.01039622038243,4.020731095012345,4.567972305308142,0.0005586159134596,35.94062462717004,0.0008000732156424,3.245437760634424,425.36408079150686,9.483595565303158,3.945580357127063,69.98297717654317,3.4030716105031022e-06,120.00000578161104,55.06656488794984,1.274,1.040536123746319,0.0,0.0,0.0,0.0278701361393818,1.2501738280780878e-08,-0.0051640650992244,4.801885004284778e-07,0.0001467459038011,4.567972339392241,43.69327996985449,9.483683312485653,36.0868586259515
0.26,31.22221376538539,131.01039658604597,4.1084193486193,4.5988971211903,0.000586709397383,39.18753825812584,0.000828482942704,3.232851979806306,455.8015834241788,9.8240105588877,4.092516829210863,69.97984532348887,4.221711338415941e-06,120.00000683440166,59.09026267028472,1.274,1.0405041482593176,0.0,0.0,0.0,0.0288705671432701,1.4796469336108662e-08,-0.0058461716819072,5.682889981732371e-07,0.0001720909306383,4.598897158534987,42.69506706699864,9.82410271898433,39.32066234617365
0.27,31.22221358021508,131.01039696601413,4.199458211325186,4.607311619035457,0.0006120461283874,35.807998534182005,0.0008602615223519,3.2185562810906334,423.84219965987256,10.207743992592302,4.2543092747940365,69.97630856718091,5.186901619583664e-06,120.00000804890644,63.796084162485705,1.274,1.0404688132323028,0.0,0.0,0.0,0.029998304581192,1.7386516464427146e-08,-0.0065841081806431,6.676388628988747e-07,0.0002013819440622,4.607311659600558,41.61225816375671,10.207840132573333,35.95235547636035
0.28,31.22221338818684,131.0103973600487,4.293776596970397,4.628823774958962,0.0006391629398982,41.40313990356054,0.0008890184240656,3.203445621157609,476.3468732012221,10.55837170384507,4.404710193534096,69.97233409416393,6.324010652243757e-06,120.00000945435576,68.25342424618955,1.274,1.04043492148002,0.0,0.0,0.0,0.0310287549784274,2.0295527480257533e-08,-0.0073796636476158,7.790860952485932e-07,0.0002334658608375,4.628823818991778,40.66379228079712,10.55847210332489,41.52688356368528
0.29,31.22221318922746,131.01039776830035,4.3914204749208245,4.64914423013184,0.0006662578138084,33.0857357888654,0.000917290078088,3.1870725409230287,397.97031042211177,10.90658618068288,4.554261378018627,69.96788851309927,7.6455346943431e-06,120.00001106134796,72.8289669350007,1.274,1.0404014619727435,0.0,0.0,0.0,0.0320521167927125,2.354754554646316e-08,-0.008235058496232,9.035633286821988e-07,0.0002691171165946,4.649144277766924,39.75765962563117,10.90669083621554,33.23888302745951
0.3,31.22221298367324,131.01039819007664,4.492181774282586,4.661864176698924,0.0006922853388157,30.995091303574576,0.0009463475259734,3.169127626932697,378.1859457108711,11.267994829978033,4.708332245402064,69.96293756457396,9.172099606791183e-06,120.00001289118076,77.73481250815064,1.274,1.040366458681306,0.0,0.0,0.0,0.0331142569105645,2.7167239362872932e-08,-0.0091504075591874,1.0417241735761324e-06,0.0003089361091788,4.6618642279875,38.85254148464273,11.26810357390476,31.156685570328015
0.31,31.222212771707152,131.01039862500068,4.595947508622632,4.68638372997372,0.0007200735616537,32.70757425024173,0.0009723194018188,3.150332094761585,394.1656220930212,11.596010741510296,4.850911225770271,69.95744634848865,1.0924954077662556e-05,120.0000149657566,82.32565001340521,1.274,1.0403334523919394,0.0,0.0,0.0,0.0340782662828181,3.117967214807382e-08,-0.0101267468672322,1.1943522320816865e-06,0.0003518486038291,4.686383785170779,38.06291192571936,11.59612385040086,32.858941044832314
0.32,31.22221255342751,131.01039907287011,4.702657135958427,4.713721813584711,0.0007483769621516,35.63581620122083,0.0009968904693434,3.130350525756384,421.55939346242695,11.91114652166672,4.989047456743301,69.95137975987741,1.2927813455689811e-05,120.00001731021284,86.8601619859611,1.274,1.04030081740001,0.0,0.0,0.0,0.0350044269999044,3.560999047937422e-08,-0.0111651548472984,1.3622418098147032e-06,0.0003984658776374,4.713721872858867,37.33096597803517,11.911264076445036,35.77304141018885
0.33,31.222212328853736,131.01039953364483,4.8122989170616,4.740009821710873,0.0007766228793808,35.32543987368312,0.0010208180917983,3.1089708664687103,418.5156301991682,12.22283706093106,5.125985801136952,69.94470189337716,1.5211525295192868e-05,120.00001995950478,91.4645861590412,1.274,1.0402681401874352,0.0,0.0,0.0,0.0359204662631951,4.0483832587783776e-08,-0.0122671101077239,1.5462637314130187e-06,0.0004492442561517,4.74000988518821,36.63126885490264,12.22295905256768,35.46198532456724
0.34,31.22221209777652,131.0104000077558,4.925002703146765,4.74621096497884,0.0008016645570328,27.560330311922943,0.0010481722900308,3.085016537209392,345.46563688075645,12.581268900093864,5.27900050052857,69.93737593318286,1.7795106774081928e-05,120.00002293142084,96.90654695511653,1.274,1.0402320938049172,0.0,0.0,0.0,0.036973872543621,4.582741112085049e-08,-0.0134353602804369,1.7475253149501786e-06,0.0005064508557424,4.746211032526945,35.852533667969,12.58139482526801,27.73245634695598
0.35,31.22221186041572,131.01040049475023,5.040632525496997,4.758695278420412,0.0008277357825314,30.2472980984793,0.0010733868499865,3.059809762079264,370.5765700527033,12.918828219681128,5.424832410025582,69.92936337177667,2.070445226830345e-05,120.00002625248436,102.17523726430348,1.274,1.04019669075152,0.0,0.0,0.0,0.0379659424515968,5.1668210544649336e-08,-0.0146704323101951,1.966803065282399e-06,0.0005678384042503,4.758695350243674,35.1466156185717,12.9189582401138,30.401669019817717
0.36,31.222211616688785,131.01040099479812,5.159239520895151,4.774851490288949,0.0008545034886306,34.23336272610193,0.0010969213111955,3.0332125666172414,407.8625232777193,13.241353556772722,5.56548705447673,69.92062538213592,2.396845290772552e-05,120.0000299534138,107.3394154106614,1.274,1.0401618263282553,0.0,0.0,0.0,0.0389138342242322,5.8033780121727374e-08,-0.0159744219787909,2.2051525787382686e-06,0.0006337402848858,4.77485156657246,34.49582106796057,13.241487781866836,34.367477405453926
0.37,31.22221136667015,131.01040150774605,5.280777539730779,4.792757768093504,0.0008816697356075,32.46243565138688,0.0011191346987914,3.005101944834822,391.1218908297666,13.553479544770884,5.702559658830976,69.91112219094697,2.7625498761591805e-05,120.00003407783008,112.45816777242024,1.274,1.0401279324262696,0.0,0.0,0.0,0.0398311680888435,6.495232317053586e-08,-0.0173483555225583,2.463469087884984e-06,0.0007044624206415,4.792757848999687,33.88698480731049,13.553618037129093,32.60123260509864
0.38,31.222211110287752,131.01040203374237,5.40529089169246,4.799470504143928,0.0009068526587926,33.9369286218133,0.0011429622925697,2.9744019557691685,404.8187610144602,13.89202663333892,5.848745359244563,69.90081358464553,3.1704602323318134e-05,120.00003865565871,118.14501903370235,1.274,1.0400910570474629,0.0,0.0,0.0,0.0408261526704149,7.245226865376014e-08,-0.0187939502596135,2.7427903474125923e-06,0.0007822169107861,4.799470589617695,33.24704836267721,13.892169081421452,34.06702500340904
0.39,31.22221084747187,131.0104025729305,5.53282234440904,4.809098872343046,0.0009326461396164,28.91861680273,0.0011651624114072,2.942087455131478,357.64062493382744,14.217264101718932,5.99035267265211,69.88965775206495,3.622660816337442e-05,120.00004370446844,123.74023776536562,1.274,1.0400554085766751,0.0,0.0,0.0,0.0417820268490895,8.056313133743834e-08,-0.0203133645442451,3.044277664435545e-06,0.0008652390183489,4.8090989625662885,32.653341522965114,14.217410601431956,29.067890837389342
0.4,31.22221057844092,131.01040312486072,5.663236462954876,4.816171763480198,0.000957973961916,27.632247489464145,0.0011869748307882,2.907665974358866,345.465636880754,14.544957971922894,6.1328254868953564,69.87761247580453,4.1236862111027785e-05,120.00004927615636,129.5085340208121,1.274,1.0400190974165473,0.0,0.0,0.0,0.0427451241093105,8.93147545654107e-08,-0.0219063342701939,3.3686453690587705e-06,0.0009545857463861,4.8161718585299615,32.074421085791926,14.545108450120942,27.78480923357854
0.41,31.22221030331951,131.01040368927636,5.796455729673239,4.824311254991928,0.0009835220165888,31.21831967595383,0.0012075067561882,2.871426148211667,378.94687077668647,14.864266471141717,6.27242774371403,69.86463541693783,4.676753594012321e-05,120.0000554034854,135.25547549047116,1.274,1.039982776624404,0.0,0.0,0.0,0.0436835823895147,9.873700019345636e-08,-0.0235731909930974,3.716715638411225e-06,0.0010497576940372,4.824311355009185,31.52863818198765,14.864420962418809,31.350096857470028
0.42,31.22221002216376,131.01040426606173,5.93244482135635,4.840821503753966,0.0010108320396856,35.21238083271277,0.0012249071114917,2.8341798109265737,416.2328240017114,15.151948276303832,6.401126208739657,69.8506838463176,5.285486795914879e-05,120.00006212470046,140.53975059667047,1.274,1.0399486907738076,0.0,0.0,0.0,0.0445290992005404,1.0885987791473457e-07,-0.0253148206235552,4.08942755995262e-06,0.0011491186469187,4.840821609040695,31.05294851149847,15.15210705742932,35.32625568340153
0.43,31.222209734983128,131.0104048551973,6.071196911565084,4.851629766024692,0.0010370414910219,30.91986508933683,0.0012425599546731,2.794409951495308,375.9031395134336,15.451177869335684,6.533839357000264,69.83571510950078,5.95359424674364e-05,120.00006947900232,146.143538474457,1.274,1.0399137245489949,0.0,0.0,0.0,0.0454085571339899,1.1971325465659358e-07,-0.0271320214459116,4.487710562410261e-06,0.0012559128279327,4.851629876594106,30.57156305619732,15.45134076743216,31.045881943725835
0.44,31.22220944157687,131.01040545709623,6.212834439232611,4.8449179631840975,0.0010595453811296,28.49555018505153,0.0012634340916738,2.750387282503312,353.0750125389216,15.80096570630372,6.684082624588705,69.81968553383805,6.685624071212093e-05,120.00007751733553,152.83322912264796,1.274,1.0398739510655228,0.0,0.0,0.0,0.0464366022116863,1.313274577554296e-07,-0.0290271003916881,4.912842669171436e-06,0.0013740329008294,4.844918078764915,30.023722098743285,15.801132139302984,28.627976040034895
0.45,31.222209141679105,131.01040607230578,6.357519733976502,4.83407095927231,0.0010811385225691,33.22638239975494,0.0012842280424416,2.7034057880749462,397.2093853562869,16.1601956489509,6.83765042858408,69.80254927552002,7.484349492605614e-05,120.00008626447864,159.85923253033826,1.274,1.03983250495057,0.0,0.0,0.0,0.0474924011446555,1.4373420005063178e-07,-0.0310035669524509,5.366434254389923e-06,0.0015009357076295,4.8340710798833975,29.479426337482607,16.16036547379289,33.33617992330531
0.46,31.22220883523199,131.01040670094494,6.505286870883444,4.833013112496427,0.0011049551456426,38.854670126569246,0.0013012929864686,2.6553931015684618,449.7140588976434,16.482023577160238,6.978312537869617,69.78425883228721,8.354641969274691e-05,120.0000957743677,166.28741996610387,1.274,1.0397938002264595,0.0,0.0,0.0,0.0484382860950367,1.5696642103885049e-07,-0.0330631897127136,5.849780262716123e-06,0.0016324990279615,4.833013238507813,29.008692449283444,16.482197143108632,38.94530144782209
0.47,31.22220852212577,131.0104073432394,6.656201185452785,4.82916867067094,0.001128237799479,26.177439378352325,0.0013177756794923,2.604579038051884,331.0078106302534,16.807684790425554,7.12035226235731,69.76476671831963,9.300858643615208e-05,120.00010609328923,172.92103622225196,1.274,1.0397553385210143,0.0,0.0,0.0,0.0493954414423181,1.710569568955655e-07,-0.0352074354428655,6.364140161645733e-06,0.0017726934684207,4.82916880215374,28.5463188404186,16.80786201360466,26.306694321204688
0.48,31.222208202901832,131.01040799807453,6.809928372822822,4.823791642452928,0.0011511535668458,25.783844912228783,0.0013333431079531,2.5511258838798376,327.2031223011574,17.133172514139993,7.262402319752407,69.74402530473303,0.0001032745721573,120.00011726792056,179.68060658171433,1.274,1.0397159468017136,0.0,0.0,0.0,0.0503520917839242,1.860394359750929e-07,-0.0374325950501304,6.909569070952976e-06,0.0019212004140154,4.82379177948438,28.097825929783863,17.13335333691942,25.909745338599368
0.49,31.222207877767843,131.0104086650225,6.96633912617044,4.824555589077016,0.0011755208228494,32.47375348105919,0.0013458988047899,2.496422783699475,389.60000969812296,17.43086158622076,7.394868771029021,69.72198805597225,0.0001143890981732,120.0001293454739,185.9759627478112,1.274,1.0396784775577907,0.0,0.0,0.0,0.051227050350931,2.0194623740921817e-07,-0.0397377647163192,7.486722407177226e-06,0.0020749169269975,4.824555731948374,27.700220635802644,17.43104623659981,32.56956852147448
0.5,31.222207546755847,131.0104093440173,7.125411526387587,4.829952068416278,0.0012010634474069,33.3845908569203,0.0013557637059179,2.440399380766769,397.97031042210494,17.704867334230098,7.519163991026183,69.6986092488879,0.0001263971005263,120.00014237360548,191.8659142274305,1.274,1.0396429960364697,0.0,0.0,0.0,0.0520324112153005,2.188089103936212e-07,-0.0421229277260206,8.096452990900478e-06,0.002233999222984,4.8299522173965785,27.34453488683257,17.705055996835227,33.47366812376122
0.51,31.222207209952444,131.01041003488038,7.287089896535569,4.8269984919515725,0.0012245680761064,25.41609865154184,0.0013664046293108,2.380497602914249,323.3984349720841,18.002377381481892,7.651718983661427,69.67384364074233,0.0001393438566971,120.00015640030752,198.36518636199693,1.274,1.039605857618548,0.0,0.0,0.0,0.052906852872426,2.366586613442762e-07,-0.0445874828315477,8.739464427023361e-06,0.0024044063514361,4.826998646915147,26.96686502385221,18.002569736185464,25.527335179557014
0.52,31.222206867337707,131.0104107376525,7.451383679380696,4.820154945949354,0.0012470803387371,30.64567235946493,0.0013765922782343,2.317399854835107,372.0984511843415,18.307739683494127,7.787107490413724,69.64764547525765,0.0001532755911668,120.00017147473169,205.14849611042973,1.274,1.0395665598258104,0.0,0.0,0.0,0.0538043761947782,2.55526784862405e-07,-0.0471319539219894,9.416750444490787e-06,0.0025846894594444,4.820155106892127,26.588975010993817,18.30793557441564,30.73316739852677
0.53,31.222206518744468,131.01041145267774,7.6183918340313665,4.812409307891076,0.0012693728349879,32.210085083785366,0.0013854566145424,2.251655256110348,386.5562464348624,18.60979038074948,7.921441806786432,69.6199682563645,0.0001682396181624,120.00018764738952,211.9702337070776,1.274,1.0395276131484552,0.0,0.0,0.0,0.0546921720690253,2.754447251739131e-07,-0.0497581597144475,1.0129673017594375e-05,0.0027736842817629,4.812409474908886,26.22497940011806,18.60998977336812,32.28869050327919
0.54,31.222206164136807,131.01041218019935,7.788187851945984,15.710735648157604,11.813759743858103,28.60383177353308,-0.8326367289725659,1.4090024396095084,349.2703242098436,21.64128360981615,8.053015879048832,69.59052748679862,0.0010669464107517,120.0011467304388,286.6492886822527,1.274,1.0394887262385843,0.0,6.270479237645191,345.0001478400497,0.0636015263955656,2.968935841573611e-07,-0.0554901181624773,0.0036731248157813,0.0035970197286682,19.56698248659149,37.294872988066544,23.4838637233016,28.65061541967014
0.55,31.222205804460337,131.01041291951958,7.96062619065369,15.560720194144382,11.670732154422009,30.34658853861514,-1.0143745033514504,1.1671122772315463,365.2500005919907,21.93703090417944,8.178949632464537,69.55588883746593,0.01281011189923,120.01367828938464,294.53257794477247,1.274,1.0394498604890976,0.0,6.29338517803506,345.0001478400497,0.0644708229570361,3.2587517150302106e-07,-0.0665647942935565,0.0125143811550251,0.0043738048729999,19.364076381718903,36.870087627698126,23.757614462720078,30.38595962994623
0.56,31.222205439841456,131.01041367061762,8.135715881097253,15.415280253748756,11.531821094291208,28.337077708735247,-1.202150237449709,0.9173163067490532,346.2265619465787,22.222191327414567,8.300966332807407,69.51484685232828,0.0381585423224167,120.0407346806486,302.2345490409759,1.274,1.039412057399541,0.0,6.3162370306812505,345.0001478400497,0.065309010998081,3.6430968412574043e-07,-0.0778484321417259,0.0214876924456129,0.0051816301866857,19.167182183530283,36.46429086731385,24.02140056071655,28.3773960657233
0.57,31.222205070361223,131.0104144333379,8.313407675434872,15.26097985253302,11.387423676298337,28.0403928040072,-1.3968346538634988,0.6574566563154871,343.1828296833023,22.514395860319805,8.425640523870417,69.46727723820828,0.0771994418228914,120.0824179308936,310.2298112930327,1.274,1.0393732628692167,0.0,6.3390198721667215,345.0001478400497,0.066167906335121,4.123336228706174e-07,-0.0893340915721035,0.0305867405454026,0.0060242054494979,18.96000484270284,36.04945523028352,24.291375370571288,28.082859984484955
0.58,31.2222046959894,131.01041520774527,8.493716568528768,15.089400120152272,11.231547892098336,36.96906538052017,-1.5995983254294324,0.3852940441524062,426.1250058573153,22.825927553494807,8.557582648657394,69.41305451597957,0.1299847786530426,120.13879445480536,318.86898762252133,1.274,1.0393314696045624,0.0,6.361711932674654,345.0001478400497,0.0670836081005568,4.700792048198173e-07,-0.1010181677349085,0.0398076921912953,0.0069062556985601,18.73233107381548,35.607894258334134,24.578897603214983,37.00566120760918
0.59,31.222204316259656,131.01041599479092,8.676916550862638,14.93183834359905,11.086394309698951,29.977675521179847,-1.807293409911364,0.1072612416422401,360.68438819711065,23.11248521986467,8.68034819647653,69.35204655607446,0.1965411851053361,120.20990567467275,326.9196813733735,1.274,1.039292723389777,0.0,6.384360864909363,345.0001478400497,0.0679259189544876,5.376807011002448e-07,-0.1129128529436436,0.0491584105307372,0.0078162262053884,18.522036639241367,35.204938550062096,24.84308567381515,30.032296683680606
0.6,31.2222039313952,131.0104167940029,8.862863265916863,14.746636273686953,10.922420620508456,26.658029913407606,-2.024959222479464,-0.1865012018830617,329.4859594986058,23.434258622337943,8.81637228368817,69.28411975837835,0.2768590501582511,120.29575640942949,336.07983613896954,1.274,1.0392499448514072,0.0,6.406947785433974,345.0001478400497,0.0688717321343783,6.152708815000243e-07,-0.1250038438588739,0.0586271175912216,0.0087735210881022,18.27868358300161,34.753312472874924,25.139575763475296,26.73547832777905
0.61,31.22220354131968,131.01041760551527,9.051589342619424,14.554727813611104,10.754436971766568,31.26203376917349,-2.2504342951089584,-0.4916471066726679,372.0984511843297,23.761789810301448,8.95477326587859,69.20913844757217,0.3708932664693305,120.39631569687226,345.53373076138166,1.274,1.0392056869819113,0.0,6.42947299342944,345.0001478400497,0.0698344732574832,7.029784799232365e-07,-0.1372879401656575,0.0682102676221937,0.0097701899373346,18.02758024388246,34.29661832312765,25.44119085590725,31.346784951236163
0.62,31.22220314613947,131.01041842908404,9.243016949760916,14.396080921875887,10.610598714731063,38.89137690986408,-2.476336377154691,-0.7952702153756132,442.86563930529206,24.032156626346254,9.072086076012106,69.12696515760268,0.4785625124861891,120.51151603584248,353.4350841465345,1.274,1.0391669707816529,0.0,6.451933160712551,345.0001478400497,0.0706292176190917,8.009294648793832e-07,-0.1497571057919927,0.0779007588823369,0.0107786326006459,17.817052255098574,33.91903036334804,25.689355185791644,38.97824899239821
0.63,31.222202745607067,131.01041926516558,9.437269345700258,14.222097078841616,10.456565179081304,22.07740972911556,-2.7104551142430293,-1.1115344208397535,286.11251274707894,24.319367058109982,9.19593644080764,69.03746763340953,0.5997362027552602,120.641239409939,361.9266817148112,1.274,1.0391276236607618,0.0,6.474329922565409,345.0001478400497,0.0714734702801218,9.092352534986792e-07,-0.1624095281278419,0.0876960303358356,0.011828758255274,17.588290036924477,33.51836295588259,25.95277783836211,22.27092490316206
0.64,31.222202340362287,131.01042011242555,9.633951850934498,14.02650016595422,10.287873791002996,21.69122196154154,-2.954504393586941,-1.4433416580379916,282.30782441796754,24.635305413098568,9.330964446179642,68.94051359601399,0.7342452386829066,120.78532874458531,371.3844921359466,1.274,1.0390844672533524,0.0,6.496616795710674,345.0001478400497,0.0724021588200952,1.028006978629728e-06,-0.1752151842879887,0.0975728872775308,0.0129269739103874,17.333657161870445,33.080841624506384,26.242651228128985,21.93903921183456
0.65,31.222201930344724,131.01042097093588,9.833076727238875,13.853387096129955,10.13553038654046,38.31924988634434,-3.1984024368931183,-1.7737331736929087,436.7781447787475,24.906857590565444,9.44971417988032,68.83597521029893,0.8818746585766744,120.94357998057448,379.6098165867144,1.274,1.039044240297344,0.0,6.518802588509336,345.0001478400497,0.0732004040419312,1.1573399573371489e-06,-0.1881696679461156,0.1075269411659886,0.0140354853051631,17.10647367714748,32.69993224210636,26.49065243233565,38.49338669657274
0.66,31.2222015149067,131.01042184191607,10.034982869742068,13.669482666723942,9.976134845834377,32.61476479406236,-3.4495943068701185,-2.115373867891506,383.51251517160017,25.18842441537019,9.572604710771516,68.7237257768704,1.0423712563774912,121.11575015257787,388.2336223667035,1.274,1.0390037540115156,0.0,6.540910252956473,345.0001478400497,0.0740280879459462,1.2973184310018812e-06,-0.201283017355182,0.1175642994880423,0.0151830350339,16.866498494026157,32.30523553631966,26.74756610088513,32.864835159406454
0.67,31.22220109421073,131.01042272496906,10.239544627214968,13.466255723225052,9.803691776659525,22.48479817308971,-3.7108591872611134,-2.472800263066583,289.1562440103425,25.496182392870868,9.705897163179584,68.60363382024408,1.215455669819288,121.3015702769802,397.77082219213577,1.274,1.038960921086093,0.0,6.562925852419022,345.0001478400497,0.0749327531200215,1.448034217523553e-06,-0.2145390644360662,0.1276719812409475,0.0163803609116863,16.603394513040232,31.878182483816808,27.02863932310412,22.922725970819457
0.68,31.22220066839987,131.0104236197359,10.44664781819056,13.263162752816095,9.63183756658733,28.067414479880387,-3.97670091244129,-2.83710770103066,340.8999924858462,25.796385198635065,9.836885629947536,68.47557138146466,1.4008089286730023,121.50073083418164,407.1849129682652,1.274,1.03891743953964,0.0,6.584866998898276,345.0001478400497,0.0758152200988707,1.6095694966729312e-06,-0.2279234631347421,0.1378383927741088,0.0176068302916954,16.340674515418574,31.460139219462025,27.30223468608773,28.48935039343049
0.69,31.22220023750697,131.0104245260682,10.65623785505888,13.069733671939447,9.467189611868362,34.551216657952715,-4.2430546349616085,-3.202035322068089,401.0140726853634,26.070111789500828,9.958341968445222,68.33941576277628,1.5980717403333444,121.71288086072612,415.86370429448607,1.274,1.0388766190946623,0.0,6.606713618333909,345.0001478400497,0.0766198799393959,1.7819943337407777e-06,-0.2414237239164589,0.1480533169215554,0.0188472237797781,16.08983603961025,31.07177819849428,27.55045683711908,34.957733270105344
0.7,31.22219980129014,131.01042544433457,10.868404467865831,12.870566587992768,9.29893484597211,28.99258020153337,-4.514508174414393,-3.5750992228900027,349.27032420985284,26.34503992933828,10.080829916801532,68.19504971961229,1.8068469197405523,121.937630394052,424.672466878624,1.274,1.0388361755770323,0.0,6.628435518869897,345.0001478400497,0.0774280771888153,1.965364327360017e-06,-0.2550343021063022,0.1583115649325317,0.0201193135547727,15.83223874720097,30.680065391554088,27.799309204236472,29.558955077145537
0.71,31.222199359735065,131.01042637445585,11.083110079907703,12.657603314313176,9.121464216965794,23.83757088434276,-4.7943061369797855,-3.961469053354528,301.33126406340574,26.63766686174444,10.210793654470756,68.04235821543189,2.026707793696284,122.17455934065684,434.1499896429995,1.274,1.0387932753156028,0.0,6.650075721942978,345.0001478400497,0.0782882974292704,2.159731006710704e-06,-0.2687418239901246,0.1686023238648211,0.0214357256773939,15.558142985311877,30.267194301106304,28.06441852289145,24.63551083419691
0.72,31.22219891275976,131.01042731647684,11.300351572904544,12.429516364954136,8.933867758328242,29.16871822186868,-5.083700327847952,-4.363083170329242,350.79220534145287,26.952313379975013,10.350067427232991,67.88122962042232,2.257198970733065,122.42321813159644,444.4577301211214,1.274,1.0387470536878185,0.0,6.671633697305245,345.0001478400497,0.079213239984018,2.3651369408430254e-06,-0.2825352687290695,0.1789165241206035,0.0228016567123017,15.26593792568016,29.82986120466832,28.349962495416293,29.928157752881244
0.73,31.222198460273944,131.01042827045515,11.520129225564794,12.2213423879147,8.76050468995081,36.87652943258843,-5.366248831370067,-4.754563791285026,422.320318528234,27.215775794215872,10.470162672511796,67.71155490585097,2.497840639159554,122.68313216788523,453.17990084307627,1.274,1.038706188573081,0.0,6.693086836494433,345.0001478400497,0.0799877581689269,2.5816174797155806e-06,-0.2964046245637841,0.1892458596765668,0.0241542866034972,14.99794542751735,29.44520604553241,28.58651711538872,37.567019130590324
0.74,31.22219800209221,131.0104292366023,11.742482866971672,12.000147198556236,8.578433590145401,23.09578414450382,-5.656445168105285,-5.158554567481157,294.48281347105944,27.495990732233867,10.597557081788766,67.5332356890738,2.748118992461348,122.9537912591458,462.549989371446,1.274,1.038664756629558,0.0,6.714430601584195,345.0001478400497,0.0808115186982205,2.809191004214716e-06,-0.3103375372464871,0.1995803437517323,0.0255495308713499,14.71435599219421,29.040804212562453,28.838459173605344,24.331487879186025
0.75,31.2221975385888,131.0104302140993,11.967169000369168,11.769252171335369,8.389963166613661,26.94203483625085,-5.952889769014349,-5.572967956177858,330.24688556441487,27.787433524658287,10.730289632555468,67.34618016666175,3.0074967197934206,123.23466069081108,472.39732839317696,1.274,1.0386204471166318,0.0,6.735670791856158,345.0001478400497,0.0816682845843669,3.047873709555612e-06,-0.3243076271757826,0.2099000501373438,0.0269820831959601,14.419172621797864,28.623443116435705,29.100621092501687,28.149033901012935
0.76,31.222197069511253,131.01043120327466,12.19425929574434,11.541802456040784,8.204203598198012,28.980273248196443,-6.247883635675131,-5.986142847042049,349.27032420986166,28.06023398788192,10.856546545617512,67.1503058069737,3.275412668851025,123.52518059607613,481.707784752472,1.274,1.0385782076898709,0.0,6.7568162045222975,345.0001478400497,0.0824702664245303,3.297656882067067e-06,-0.3383065001477715,0.2201979447521366,0.0284224844337287,14.12826974996809,28.222596411231592,29.344547936685792,30.24444070652093
0.77,31.22219659466589,131.01043220433303,12.423789267575556,11.311320916683222,8.01664869529451,27.074562556796007,-6.5442957743267085,-6.4026206389657485,331.7687666960708,28.3282481098209,10.981788218218243,66.94553797986462,3.5512879859080884,123.8247723250428,490.9428629440615,1.274,1.0385365467583234,0.0,6.777863543389861,345.0001478400497,0.08325818736189,3.5585212545990222e-06,-0.3523218932865112,0.2304642625150604,0.02988203587238,13.833815611266482,27.823898309134563,29.583395685823703,28.580645476794974
0.78,31.222196114019606,131.01043321718137,12.655712474350384,11.069027638854989,7.821214876360429,22.206881409432064,-6.84759048224801,-6.830797892411926,286.8734378128899,28.613034963328545,11.114773169962817,66.73181135685357,3.834527991437117,124.13284019570035,500.85232542728096,1.274,1.03849287168282,0.0,6.798771193299798,345.0001478400497,0.0840954107050032,3.83043801011888e-06,-0.3663358449144108,0.2406852452860322,0.0313822806884254,13.525195230851644,27.40719963433536,29.8377766242909,24.22178517764808
0.79,31.22219562757351,131.0104342416669,12.889966796848082,10.818376912743116,7.620318097227936,31.54003428792509,-7.155829017167306,-7.267803079017539,373.6203323159534,28.907745839997265,11.252912253574406,66.50906994473853,4.124526133623558,124.44877549506728,511.2113989203856,1.274,1.0384466974755144,0.0,6.819576202022374,345.0001478400497,0.0849618080348343,4.113365915496496e-06,-0.3803301727347137,0.2508470545085416,0.0329159504855104,13.206588678270284,26.979897344628075,30.101216800527823,33.148161538791264
0.8,31.22219513487956,131.01043527841173,13.126695909111104,10.575843561540095,7.425294594670765,31.917561180346205,-7.456061426669115,-7.694238159787098,377.42502064505743,29.169050606308044,11.37849279582398,66.27726657181735,4.420668569529199,124.77196117400858,520.4832869310609,1.274,1.0384047782591217,0.0,6.840294018812298,345.0001478400497,0.0857300292753186,4.407240508179252e-06,-0.3942981678863131,0.2609439858238409,0.0344325012603912,12.897874797715245,26.580413974724973,30.332151035373712,33.66786100361783
0.81,31.22219463594257,131.01043632723463,13.36582716174204,10.320528285082553,7.221766766055029,20.70262227318024,-7.763686622745364,-8.133419446975546,273.9374926939919,29.45169920271464,11.513946782107888,66.03636656958166,4.722332989146119,125.10177026033598,530.6069571354653,1.274,1.038361290781311,0.0,6.860913541664796,345.0001478400497,0.0865609882522606,4.711993923036952e-06,-0.4082178963239959,0.2709596606894769,0.0359926598697105,12.573835620801256,26.160012708432163,30.58309037818103,23.558987899793443
0.82,31.22219413090103,131.01043738773356,13.60723095857698,10.057666849112108,7.013342753133953,26.573049238924494,-8.074853918138814,-8.579638804856252,328.72500443277005,29.74347232942572,11.654476781435644,65.78634790187928,5.02889251449604,125.43756979091854,541.1597593554374,1.274,1.0383149683959827,0.0,6.881425066475034,345.0001478400497,0.0874187717791544,5.027544679242005e-06,-0.4220660860049136,0.2808768694720439,0.0375814560616071,12.240787497910617,25.73037958747669,30.84237664274101,29.067858773486957
0.83,31.222193619587863,131.01043846002446,13.850914003524228,9.804745301656824,6.811953995461959,33.75578037121603,-8.3726533338688,-9.007705060616168,395.68750322465047,29.993275546900968,11.778730045056692,65.52720138434609,5.339719301516936,125.77872443192256,550.2750107577755,1.274,1.0382732100563576,0.0,6.901814594637117,345.0001478400497,0.0881532085276897,5.353786376127001e-06,-0.4358273191337544,0.2906839705991676,0.0391317852659774,11.919793903130063,25.33353127998064,31.06077575879807,35.926213031406014
0.84,31.22219310167836,131.01043954446135,14.096941168077072,9.544202832819456,6.6055973207642,20.704174161502127,-8.67217476947223,-9.440334197057904,275.4593748256452,30.250866635434697,11.907404677819592,65.2589338097765,5.65418444708366,126.12459604620165,559.7542208894364,1.274,1.0382320631074122,0.0,6.9220882101227055,345.0001478400497,0.0889105410543279,5.690591272007607e-06,-0.4494856635988221,0.3003689922676255,0.0407037778013645,11.589695082835783,24.927649755541708,31.28617438319183,24.351372706568803
0.85,31.222192577476388,131.0104406403659,14.345111427724287,9.268280110399289,6.389032572127402,22.52917715841924,-8.982176867697484,-9.890679260896478,292.96093233939376,30.54309240828801,12.052194872186528,64.98156656123189,5.971663550712566,126.47454946717716,570.607396633921,1.274,1.038185108701024,0.0,6.9422449989432495,345.0001478400497,0.0897696752905116,6.03783183957393e-06,-0.4630122685968001,0.3099111027361949,0.0423327233085398,11.24116515891518,24.49279914981204,31.54460075661109,26.192916236264466
0.86,31.2221920465464,131.01044174826868,14.595534535826172,8.996427551075476,6.175486743218766,28.215935237882515,-9.281610175053022,-10.327417620032112,346.2265619465587,30.808963954285417,12.18715187582426,64.69513352936058,6.29154246051139,126.82795853008686,580.5707189705407,1.274,1.0381410743036243,0.0,6.962298263754198,345.0001478400497,0.0905513583074979,6.3953410116377466e-06,-0.4763956698426448,0.3193015889372133,0.0439344463598471,10.897622433387037,24.076915615010307,31.77713005533473,31.44746163824002
0.87,31.22219150875549,131.01044286819328,14.848188178018862,8.72402435647507,5.961804788975123,26.161879656488505,-9.574010228583198,-10.755944345741124,327.964078366998,31.06175795988064,12.317818246797785,64.39968495643373,6.613215810904908,127.1842041740496,590.1228963069376,1.274,1.03809894085937,0.0,6.982246536921704,345.0001478400497,0.0912946114214439,6.762943393044443e-06,-0.4896154255548092,0.3285255840585091,0.0455229968156705,10.55350259293748,23.66891631043833,31.99654709790629,29.862952931454775
0.88,31.22219096398416,131.01044400013524,15.103041994328343,8.4423956811732,5.742151142413387,22.453477435588663,-9.869691264484375,-11.19171617936006,294.4828134710418,31.331965612091054,12.45750602483384,64.09528766669779,6.93608984039976,127.54267726023154,600.4198695247536,1.274,1.038054523593004,0.0,7.002084659441381,345.0001478400497,0.0920890522140552,7.140446458809239e-06,-0.5026494063052644,0.3375671491672737,0.0471402527576097,10.198392775537124,23.246509081910943,32.232431465768464,26.959672951393127
0.89,31.22219041219208,131.01044514396796,15.36003540974246,8.152299010865244,5.517085083067144,24.58331118244009,-10.168491265997746,-11.634571307271267,315.028134248087,31.61974100586996,12.60656020286516,63.78202454642243,7.259585701359933,127.9027819655674,611.484807547908,1.274,1.0380075074368726,0.0,7.0218105908562976,345.0001478400497,0.0929351340306244,7.527639146619816e-06,-0.5154754668801427,0.3464104353454789,0.048785940522926,9.833229208356292,22.810818214034143,32.48502410342614,29.03619556387056
0.9,31.22218985306918,131.01044629997995,15.61921060520302,7.87039684006423,5.29775053710074,27.119277406268694,-10.445796431731676,-12.047967902133076,339.37814235421445,31.861487976579127,12.736739787335823,63.45999362584288,7.583142728719053,128.26393917420063,620.8552432266368,1.274,1.0379655515426192,0.0,7.041431332420327,345.0001478400497,0.0936459382682564,7.92428190529562e-06,-0.5280764072787251,0.3550430302281251,0.0503593809013359,9.477998625734095,22.40600888042896,32.69247142880732,31.459869686668487
0.91,31.22218928654258,131.01044746807935,15.88051315750333,7.580088580306594,5.073065821698736,20.339293558244325,-10.724783670317224,-12.466481846018388,277.7421810230789,32.12076316076708,12.87627418198654,63.129313183966026,7.906215420487107,128.62558287022773,630.9850314134709,1.274,1.0379220165944227,0.0,7.060940649905874,345.0001478400497,0.094408267264407,8.330124107161012e-06,-0.5404281424841224,0.3634479191298626,0.0519553741247383,9.112811681873312,21.98801462862609,32.91659768299027,26.15570715619534
0.92,31.22218871278688,131.0104486478159,16.143803880816098,7.282271191710787,4.84368097862748,24.263267512029906,-11.005092195746924,-12.88965682301052,315.02813424806214,32.39755711590692,13.025499486882536,62.79011861630343,8.228278709051942,128.98716578630578,641.8904188935358,1.274,1.0378755575367775,0.0,7.080321803235247,345.0001478400497,0.0952220936269531,8.744904074875318e-06,-0.5525038332158982,0.3716063816805748,0.0535726639809006,8.738775051784344,21.558157264131182,33.15749481458755,29.596646053433105
0.93,31.22218813144629,131.01044983952616,16.409133273188846,6.990899763857738,4.618806084525136,28.92466924038345,-11.26171634343236,-13.280344372716511,359.1625070654728,32.63075579632275,13.156472390251796,62.4425630618873,8.548828932404843,129.3481603024892,651.1477803233943,1.274,1.0378339899319355,0.0,7.099584892330296,345.0001478400497,0.095907792504495,9.1683146379325e-06,-0.5642864120582956,0.3795063239319095,0.0551075803199829,8.372576159120722,21.15571635120888,33.35549061383512,33.76137278493662
0.94,31.222187542102244,131.0104510436116,16.676562568274317,6.687859451354584,4.386570861159921,20.55386371723757,-11.526779574424342,-13.68643851524986,283.0687504837787,32.902007894232526,13.30665626719042,62.08681887442835,8.867383916864553,129.70805836044846,662.0014619139897,1.274,1.0377886084423549,0.0,7.118737800752672,345.0001478400497,0.0967053441071039,9.600031949673086e-06,-0.575755376031707,0.3871333937515659,0.0566935779586535,7.992619416916759,20.72915362456729,33.59037590128605,27.25154234710131
0.95,31.22218694510814,131.01045225937543,16.94589647304656,6.383411367493551,4.153740415651405,26.853982760094063,-11.781719160935916,-14.080368420088735,342.4218736174873,33.167028303351806,13.455867428025748,61.72307430977428,9.183486982900702,130.06637583790413,672.6916440311871,1.274,1.0377428647534264,0.0,7.137772730731104,345.0001478400497,0.0974845864286592,1.0039737454518163e-05,-0.5868830369807704,0.3944686449573779,0.0582532750753614,7.611177913400352,20.307041674163173,33.81892493911995,32.53001800356135
0.96,31.22218633968298,131.01045348772615,17.217313176083927,6.080454892451492,3.9221884084772087,26.13896631730257,-12.01873420839868,-14.450558678452412,337.09533515678345,33.40899145051256,13.59596580777698,61.35153677005957,9.496704827410374,130.42265004881267,682.5246175869737,1.274,1.037699816604592,0.0,7.156703642398692,345.0001478400497,0.0981960656450998,1.0487044900472788e-05,-0.597655142558507,0.4015019913024808,0.0597537181163128,7.231713544583671,19.89889546218093,34.02460629647287,32.19494025819286
0.97,31.22218572563984,131.0104547287164,17.49078897134746,5.772814606309934,3.6879561529310254,16.01074578069562,-12.250758769001072,-14.816347288140657,245.02188719299323,33.66058590486459,13.742368955052653,60.97243084286655,9.806629757270915,130.77644218178483,692.8249597540776,1.274,1.0376560257364509,0.0,7.175528320900104,345.0001478400497,0.0989358600467927,1.094157497826972e-05,-0.6080485425491753,0.4082175864509867,0.0612490594784546,6.846922055646441,19.485744637283855,34.23948876657318,25.018977154014756
0.98,31.22218510334436,131.01045598164535,17.766130013621694,5.456646548738163,3.448699553939098,23.948829415849616,-12.489404453400647,-15.195155485650872,319.5937466429581,33.95002285348805,13.909058987855133,60.58599987851015,10.1128787160175,131.12733613063088,704.7723224816541,1.274,1.0376061573473925,0.0,7.194234231387259,345.0001478400497,0.0997868888662055,1.1402952694284653e-05,-0.618034471018098,0.4145961479029522,0.0627885980628688,6.4523276195716885,19.053344709633564,34.491416265189045,30.990714806586723
0.99,31.222184472281608,131.01045724702817,18.04341983113888,5.14923410595873,3.2153356667713533,26.18937735425074,-12.688429295656556,-15.517916209138004,341.6609485517054,34.17210831548182,14.044973944755563,60.19250472839354,10.415094341044044,131.47493966217667,714.0040596258652,1.274,1.037565110121187,0.0,7.212834589450882,345.0001478400497,0.1004399631309803,1.1870732819491709e-05,-0.627596303595841,0.4206262516843429,0.0641754026341863,6.068372167563383,18.6591377004543,34.67690700722324,32.98007652610959
1.0,31.22218383220937,131.0104585249811,18.32264679487267,4.834005832905976,2.977494140130449,23.05897038012875,-12.892392904696376,-15.85129130642552,314.2672081822764,34.43104148231521,14.200803395891628,59.7922268241684,10.71294276852522,131.81888187199382,724.8460973151849,1.274,1.037519327461312,0.0,7.231323641205569,345.0001478400497,0.1012013482126811,1.2344473873587028e-05,-0.6367104939196566,0.4262921285065049,0.0655989625989014,5.6755646969696265,18.24723203352261,34.8985346849387,30.808981578135324
1.01,31.22218318329024,131.0104598150968,18.60368630684476,4.518335156657708,2.73983086723931,24.0534060878553,-13.081049826925067,-16.16502907059751,324.9203161036979,34.682098560032564,14.3547981958707,59.38546360870529,11.006116606821676,132.15881661170437,735.4353471567966,1.274,1.0374743210823731,0.0,7.249698609843862,345.0001478400497,0.1019395903307962,1.2823723435405737e-05,-0.645353063225621,0.4315779279413358,0.0669723943046716,5.282656143503877,17.842049580128474,35.11230618583878,31.79604336792604
1.02,31.222182525128986,131.01046111770034,18.88657378682836,4.202672806101085,2.50263320580231,19.50929349339711,-13.251902369858875,-16.455394356554805,284.59063161540416,34.92137544770719,14.5048681942589,58.97253125518542,11.294332596562692,132.4944198327728,745.5978475170882,1.274,1.0374311168291683,0.0,7.267963421027359,345.0001478400497,0.1026432141601044,1.33079845079731e-05,-0.6535043799996606,0.4364705749440362,0.068284341501795,4.890234519089828,17.445563226316878,35.314363162903234,28.75770248927257
1.03,31.222181857639093,131.0104624327064,19.1712538579202,3.882850740503564,2.263486204980168,15.2908722564934,-13.421080836785675,-16.74666067100691,247.30469339049705,35.18615732639211,14.669978087254336,58.55376346895493,11.57733187520862,132.82538994733346,756.9266038025283,1.274,1.037384388221718,0.0,7.286114652850949,345.0001478400497,0.1034218107684275,1.379675754116935e-05,-0.6611421554079921,0.4409554975341824,0.0696043043136413,4.493556865591882,17.04038310720103,35.541612433324794,26.351220632482757
1.04,31.222181180733763,131.0104637600422,19.457676248226896,3.565300686815759,2.0262290799178566,25.782955572825266,-13.563962336565933,-17.001810394854097,345.46563688072297,35.423437821946266,14.82315575162832,58.129509675524126,11.854880228998672,133.1514482192237,767.1487044012011,1.274,1.0373395862923862,0.0,7.30415448320282,345.0001478400497,0.1041195800250946,1.428951735835272e-05,-0.6682458896679586,0.4450193529306349,0.0708246543099022,4.100203940324,16.65217074103756,35.741650803626385,33.731341939517165
1.05,31.22218049351335,131.01046510064617,19.746000539175647,3.244933893784036,1.7879718016865502,14.201685376611204,-13.701753367780531,-17.252822981256514,240.45625879819983,35.6811967496642,14.988984378265382,57.70013652945087,12.126766335820903,133.4723368270946,778.332096322333,1.274,1.0372938449587468,0.0,7.322091849401606,345.0001478400497,0.1048775481872294,1.4785685295177567e-05,-0.6747989016087423,0.4486510140519585,0.0720375962807492,3.7044595057008425,16.25907183385021,35.96200512247638,26.21232179167482
1.06,31.222179796284664,131.01046645394143,20.036068559183388,2.923029020715077,1.5496034260358666,21.38845450425384,-13.832626641733796,-17.497021161394255,308.17968365593924,35.95662607085507,15.166435176124049,57.2660253683658,12.39280209662056,133.78781939337466,790.3726135134773,1.274,1.0372437893355817,0.0,7.339919426868159,345.0001478400497,0.105687462022665,1.5284724626971912e-05,-0.6807781380849846,0.4518359191948717,0.0732348622221994,3.308063742329546,15.863812320081305,36.20000753428784,30.90231860900438
1.07,31.222179088538564,131.01046782037497,20.32793642880782,2.604892789894569,1.3139863582727067,25.60080623117822,-13.926690009652887,-17.689161122952562,348.5093681440308,36.18616731855285,15.321807751133344,56.82757305856244,12.652821011870287,134.0976792350194,800.4736041223429,1.274,1.0371999455012164,0.0,7.35764614530928,345.0001478400497,0.1063625038726404,1.5786030498758556e-05,-0.6861663177293164,0.4545628283398517,0.0742836341797079,2.917333852596612,15.493819546209371,36.39254972114236,34.09194033118496
1.08,31.22217836977153,131.01046920036245,20.62164857742231,2.286129544880207,1.078801278817174,15.914565305347027,-14.007874953219808,-17.86544416034813,261.00157857466235,36.42316077006424,15.48314606530602,56.38519250995552,12.906676938635355,134.40171805845475,810.970117291476,1.274,1.0371556417127032,0.0,7.375256785310621,345.0001478400497,0.1070594568364301,1.628899328278016e-05,-0.6909447356966291,0.4568197869289253,0.0752887092013133,2.5277624096579308,15.126512410064093,36.592608466232825,27.724863292894977
1.09,31.22217764040379,131.010470593205,20.91702507817224,1.965350593417336,0.8436735083875022,14.170790003466088,-14.093854917603158,-18.05282137543432,246.54375332474407,36.7069516868352,15.672188837459045,55.939311033735,13.154243671663991,134.69975564905445,823.6333232043637,1.274,1.0371048141154162,0.0,7.392755832444342,345.0001478400497,0.1078939697984715,1.6793036460055088e-05,-0.6950923826647118,0.4585940828873951,0.0763286245887896,2.138716613289957,14.74767717538233,36.83947082266661,26.932367058506376
1.1,31.222176900392004,131.01047199878218,21.214006400126667,1.6474804042681863,0.6110215971428792,32.13323432962618,-14.150172792638427,-18.198885844303494,413.1890617385841,36.96428386340604,15.84935349724331,55.490369933044256,13.395413874370412,134.99162880356351,835.1980549235886,1.274,1.0370555489440745,0.0,7.410146328889598,345.0001478400497,0.1086507189737412,1.7297530728344665e-05,-0.6985923158042594,0.4598753218974908,0.0772485435794165,1.7571101772130835,14.38719489902016,37.060261092202055,39.54708060676769
1.11,31.222176148469742,131.0104734184104,21.51281330811994,1.332832964326,0.3807002137651852,22.28337827371885,-14.1640057048715,-18.283888897201777,324.1593910376397,37.16860916690278,15.999237525707509,55.03882376127256,13.630098107271376,135.2771903883568,844.43268911639,1.274,1.0370154948938723,0.0,7.4274433270600575,345.0001478400497,0.1092516695551629,1.7801769007782906e-05,-0.7014304251827906,0.4606541603648092,0.0779888730834797,1.3861277790270368,14.054188382110986,37.22840897662268,32.11648483415481
1.12,31.222175384514205,131.0104748520293,21.813390111275464,1.0163949971943966,0.151399949163671,5.640891241146672,-14.2028470009055,-18.411196160996344,172.73281794065943,37.46689654300385,16.203828521101382,54.58513988312075,13.858223897141045,135.55630845626024,858.0158695685376,1.274,1.0369626862912602,0.0,7.4446396457744415,345.0001478400497,0.1101288150381024,1.8305113044737096e-05,-0.7035891757726735,0.4609202189306123,0.0788544246261031,1.0276080626674913,13.695646450924391,37.49067836373036,23.927236802528245
1.13,31.22217460984407,131.01047629795096,22.11537825681084,0.7040922835497758,-0.0749286115773532,26.693329282317272,-14.197911487657768,-18.47532349057993,367.5328077900705,37.71136675771433,16.380797349011356,54.129796918084544,14.079734533030129,135.82886503731748,869.2242347864899,1.274,1.03691457022994,0.0,7.461724900686299,345.0001478400497,0.1108477795203491,1.8806967034433808e-05,-0.7050520667852151,0.4606647599616264,0.0795316627089769,0.708067763688006,13.366111579416271,37.69959700228537,35.43235945949911
1.14,31.22217382245027,131.01047775830602,22.419143619687294,0.3943554090738792,-0.2991341995191209,12.62481084628554,-14.155494203292024,-18.48571439204464,239.69531773195544,37.916286850237285,16.53718667869618,53.67328548813417,14.294588373650289,136.09475556297815,878.6708321207278,1.274,1.0368739135258709,0.0,7.478719467925619,345.0001478400497,0.1114504981750888,1.9306547975686807e-05,-0.705807029932422,0.4598794361201341,0.0800471193862873,0.494970751645555,13.059432308584254,37.86929917351714,26.485571574503908
1.15,31.222173023370647,131.01047923172686,22.72438754287332,0.0865586236272569,-0.5195749296056605,12.233259868995187,-14.138183250925689,-18.539060274219032,237.41251153546767,38.21908968856805,16.752442489909598,53.21610586820859,14.50275799712044,136.35388810763598,892.7349837511597,1.274,1.0368186105733348,0.0,7.495604619724366,345.0001478400497,0.1123409387265567,1.980325802067229e-05,-0.7058402565323763,0.4585577456760007,0.0806878154547832,0.5267355099302126,12.731039015249394,38.13747616805377,26.329406155670316
1.16,31.22217221276997,131.01048071788483,23.031017080280648,-0.2176590911866783,-0.7382653489724645,39.62602286967015,-14.050136865459436,-18.486890883761784,490.0437743845894,38.41053876896888,16.905362880370557,52.75876766279725,14.704228510467404,136.60618158936654,901.6746981686356,1.274,1.0367760258606555,0.0,7.512386918715921,345.0001478400497,0.1129040735541671,2.0296399019511592e-05,-0.7051409168667981,0.4566939061317166,0.0810092699870766,0.7696808322689791,12.449663417313262,38.294575528039886,45.92813047527494
1.17,31.222171387957548,131.01048221959925,23.339506019772585,-0.5189520070369519,-0.9531448740634332,2.8517199746155075,-13.964735180701096,-18.4430342011991,153.70937929486794,38.65274887393255,17.08992332901421,52.30178851196701,14.898997776320964,136.85156636446035,913.055100662276,1.274,1.0367320576298635,0.0,7.52907897687809,345.0001478400497,0.1136164223157302,2.0785139152436263e-05,-0.7036967767071478,0.4542792593018035,0.0813507351338526,1.0852518108126257,12.163316041486594,38.503036132708,23.308617419901417
1.18,31.22217055191006,131.0104837334068,23.64918786054336,-0.8146376109832568,-1.1620853998518417,16.50371295957088,-13.8902083148911,-18.420580527796528,280.02501822196746,38.96545596450582,17.31930045570425,51.84569344654192,15.087074345228457,137.08998195765875,927.8607917726116,1.274,1.0366735571687664,0.0,7.545627053976158,345.0001478400497,0.114535998111864,2.1268973443573487e-05,-0.7015017082035251,0.4513144843565319,0.0817506306993048,1.4191497139712554,11.868537759219212,38.782928531688896,28.36596932001468
1.19,31.22216970294956,131.01048526101746,23.960337968381705,-1.1096245668024691,-1.3719898803904222,32.58029000439088,-13.723429058570026,-18.25783879657692,428.4078130529292,39.11742792676591,17.454462611849586,51.391014359257056,15.268476665601227,137.32137637974938,935.084590648498,1.274,1.0366367972928747,0.0,7.562083996389485,345.0001478400497,0.1149831118899868,2.17470706933414e-05,-0.698545775137066,0.4477928032858745,0.0817212117873425,1.7644794021966164,11.633374185413858,38.9019368554014,39.78889894703806
1.2,31.22216883950249,131.0104868039582,24.273181158974115,-1.397134217791284,-1.5737159183428933,-1.4507382092129808,-13.591371357556058,-18.15409871555377,117.1843741360236,39.395882642537885,17.66809614278859,50.93828686523247,15.443233848304471,137.54570745067423,948.4161432668732,1.274,1.036586748267203,0.0,7.578451425415041,345.0001478400497,0.1158020200795905,2.221867821324209e-05,-0.6948201055076207,0.4437094010446975,0.0818615187472004,2.104299148084796,11.374473636314017,39.148715004499344,22.724465162127284
1.21,31.22216796472019,131.01048835868568,24.587064223643047,-1.67907323188033,-1.7706953400757373,24.947096480946776,-13.434651872212749,-18.01596710144868,359.92343213200894,39.66662184035899,17.879962070288265,50.48805257364912,15.611381953682931,137.7629383986839,961.467492495304,1.274,1.0365323281618075,0.0,7.594705559008797,345.0001478400497,0.1165982560023648,2.2683283005191567e-05,-0.6903270987768392,0.4390709102112962,0.0818886345513578,2.440030992249346,11.131769487734712,39.38852593926371,33.57711369903163
1.22,31.22216707578632,131.0104899280821,24.902451721806816,-1.961026688727032,-1.9683768383756208,16.49806314411156,-13.207702644584604,-17.77075988538091,283.0687504825761,39.822705499384384,18.022918700820327,50.04085494363496,15.772965776127547,137.97304049183893,969.0195534286088,1.274,1.0364969907237351,0.0,7.610875440213931,345.0001478400497,0.1170574735465629,2.313999912119568e-05,-0.6850557775492458,0.4338691979367213,0.081580625379483,2.778240430742991,10.93319429122623,39.51357440528437,27.612124213082968
1.23,31.22216617348902,131.01049151114483,25.219130735757417,-2.231530984654317,-2.1552235930756427,2.99294130171528,-13.011165150358089,-17.578513075884924,159.79687382222795,40.1002769118296,18.243685100570904,49.597237539880645,15.928038058298288,138.17599241952095,982.5452237084812,1.274,1.0364446173214878,0.0,7.626944870018255,345.0001478400497,0.1178738064240753,2.3588227954998456e-05,-0.6790085448293262,0.4281095362142993,0.0814216192555259,3.101994540905042,10.716110921633074,39.76181501213141,22.073790752031318
1.24,31.22216525911288,131.01049310639843,25.53682235048847,-2.497926131310209,-2.338899827916608,31.19803044390716,-12.774702209940967,-17.326935757849306,418.51563019980495,40.3329345446617,18.438859000341967,49.157746505145546,16.07665643035833,138.37177666789495,993.9492158004736,1.274,1.036394973917313,0.0,7.64286314495738,345.0001478400497,0.1185581230382125,2.402735283346539e-05,-0.6721900572016467,0.4217984822739316,0.0810691792817344,3.421493919220592,10.524759309113843,39.9656430474454,37.904258637892724
1.25,31.222164329933253,131.01049471656412,25.855945400788134,-2.7627328815316896,-2.521427706731864,12.154520702487824,-12.489504149560972,-17.00129892364268,244.26094612573488,40.49709799868438,18.592244489881327,48.72292562600755,16.218885101218927,138.56038209878565,1002.026126231478,1.274,1.0363587890172223,0.0,7.658697367710197,345.0001478400497,0.119041108037046,2.4456522382364807e-05,-0.6645912669591516,0.4149297122728497,0.0804765019285499,3.739700791277983,10.363973606626727,40.101160887175055,24.346750347842306
1.26,31.22216338738741,131.0104963399991,26.17619018475624,-3.0117745761512342,-2.690059518133228,4.835760950551394,-12.23563024513036,-16.731111812141332,177.29844633640863,40.79140571776532,18.831243055900813,48.293315856072965,16.3547935511243,138.74180263249025,1016.6119793101522,1.274,1.0363027034459262,0.0,7.674429235730744,345.0001478400497,0.1199066581206796,2.4875205660531223e-05,-0.6562238764856226,0.4075156441546908,0.0800383076763677,4.037392607891846,10.185015980371558,40.36900738158994,21.28439179156411
1.27,31.222162431860788,131.01049797620044,26.497447446073647,-3.2615495005059136,-2.859804025532114,29.7844785957694,-11.917571021414629,-16.361018850744255,405.5796860799648,40.97509384894067,19.001084704100016,47.86945902865075,16.484453370922232,138.9160333979243,1025.756767235161,1.274,1.0362599244949593,0.0,7.690065851434444,345.0001478400497,0.1204470475141409,2.5282739051460807e-05,-0.6470928066903728,0.3995621357604848,0.0792775689918103,4.336743813351927,10.04630395129075,40.52606338275137,36.011478754790346
1.28,31.222161461062782,131.01049962738952,26.82003856097966,-3.502571881497488,-3.022099778353964,5.872628122743596,-11.587839385313105,-15.97637693228776,186.4296881246888,41.18086899128285,19.18696244456413,47.4518877838488,16.60794232843863,139.08307655517498,1036.0531427606848,1.274,1.036217752420176,0.0,7.705619289863614,345.0001478400497,0.1210523680637587,2.567836445813332e-05,-0.6371951744040111,0.3910681676247521,0.078454583671998,4.62490161819804,9.915306187716476,40.7063787526219,20.59151287716347
1.29,31.222160477367726,131.01050129102117,27.143524931788527,-3.7297965055565,-3.1729285007980583,13.31925639205478,-11.262420999725252,-15.603725218745808,254.15312898457216,41.452292835994186,19.41835555536556,47.04113122074703,16.725340136054875,139.2429360217629,1049.7228199720614,1.274,1.036163170155506,0.0,7.721015661300464,345.0001478400497,0.121850671235601,2.6061629374238408e-05,-0.6265530607171793,0.3820539570389935,0.0776503209415938,4.895368168911119,9.782132104522242,40.95414509766157,23.403439027511926
1.3,31.222159479705084,131.01050296808523,27.46803546007916,-3.960716010178975,-3.327137525690098,21.78636466929345,-10.869959540221828,-15.124127871624683,331.0078106278993,41.59315430221364,19.565062960641107,46.637712768592,16.836728531444276,139.3956179336375,1056.8362455316992,1.274,1.0361272613597408,0.0,7.736324414529104,345.0001478400497,0.1222651869210585,2.6431827164149128e-05,-0.6151685180913604,0.3725223765550206,0.0764960944335284,5.171022432891545,9.6907935057631,41.07082243370598,28.66253564824215
1.31,31.222158466720224,131.0105046598264,27.793728138946364,-4.172627336889828,-3.4655990468540687,-0.0099100956995493,-10.498386054653944,-14.684323598360017,130.8812523207192,41.84729876387672,19.789086345317205,46.24214303587423,16.942193414749845,139.54113398138588,1069.7572945042386,1.274,1.0360773856444128,0.0,7.751547188635604,345.0001478400497,0.1230127096165795,2.6788331325961128e-05,-0.6030490172265938,0.3624808476898413,0.0754448777742875,5.422172079504204,9.585752321396654,41.30325561688733,18.051192966225308
1.32,31.22215744113557,131.01050636341685,28.120140312299743,-4.377014037337153,-3.5981767640230835,26.9681003667096,-10.1011491309309,-14.206098879704284,376.6640645805601,42.08276300442599,20.00286589978721,45.85492933613952,17.04181954749825,139.67949451785407,1081.795753027868,1.274,1.0360259477196891,0.0,7.766671662283153,345.0001478400497,0.1237053269524107,2.713073865106776e-05,-0.5902236919852893,0.3519544674429754,0.0742535090974917,5.663914350359484,9.496114575177998,41.51793415705415,32.111133529263086
1.33,31.222156399878543,131.0105080818319,28.447697080032373,-4.582680555024727,-3.7319273512547473,9.94479757294298,-9.65391809754116,-13.647189802628484,219.91093801978792,42.22219231667388,20.15296498048672,45.476565218758815,17.135694293753275,139.81071408283634,1088.9418101495548,1.274,1.0359923774884063,0.0,7.781677202459006,345.0001478400497,0.1241156483354603,2.745828855001696e-05,-0.5766867140999342,0.3409395176534218,0.0727885650465558,5.907497181564308,9.43746240901571,41.636396949679536,19.45103912159482
1.34,31.22215534402752,131.01050981389082,28.776186797236303,-4.762502645217717,-3.844929521440159,4.419697499675166,-9.23659530935667,-13.144833168566784,168.1671895463213,42.51166292412231,20.40739338779624,45.107530543263614,17.223906487620766,139.9348102663126,1103.8894841408671,1.274,1.0359346503176652,0.0,7.796573049119904,345.0001478400497,0.1249670345750003,2.7770582678830885e-05,-0.5624664836919262,0.3294601009417482,0.0714781773467086,6.118074976629556,9.356244456101656,41.908156008074265,16.662384521037737
1.35,31.222154274461783,131.0105115586494,29.1054461157418,-4.944334280448196,-3.959788796280407,33.3030957996075,-8.768397688575206,-12.558880608690783,430.6906502517929,42.693830680079046,20.58998103110073,44.748301194674006,17.306541783666372,140.05179753032695,1113.335145339055,1.274,1.0358904921961412,0.0,7.811383084679395,345.0001478400497,0.1255030002179005,2.8067133290477533e-05,-0.5475832857259949,0.3175335393449847,0.0698827999442266,6.3314623308065325,9.30656308303588,42.07232354524929,36.65660199754193
1.36,31.222153188480764,131.01051331867728,29.435824775503026,-5.117010433707022,-4.067427671000665,6.495088345753955,-8.282390398346289,-11.946230925126056,184.14688192685685,42.871556052495,20.77073821805596,44.399330931625386,17.383689125052438,140.1616966883036,1122.5879653082875,1.274,1.0358516430956335,0.0,7.826121439107709,345.0001478400497,0.1260259125363906,2.834730915892117e-05,-0.5320394388768657,0.305162772412544,0.0681795735220933,6.533279448387313,9.265557372790488,42.23318251257717,15.921576449780524
1.37,31.22215208872515,131.0105150912979,29.76690334927782,-5.268678600014216,-4.158693505825518,9.849139745645145,-7.804596543113413,-11.353293384453671,213.06250343083377,43.13650036710862,21.014142019199248,44.06106065038816,17.45543620873911,140.264528908512,1136.4697799048126,1.274,1.035796638017214,0.0,7.8407120916919135,345.0001478400497,0.1268052209127765,2.8610866811385167e-05,-0.5158786358581985,0.292383447651813,0.0665150381724946,6.708570186267291,9.213455200572485,42.483827747855386,16.93560012528355
1.38,31.22215097467937,131.01051687695244,30.09872491346864,-5.425047119138401,-4.253813179687497,28.97126690428207,-7.278042967662715,-10.676750102186425,385.7953213659793,43.27684695495592,21.17160249904113,43.73391761939283,17.5218691896602,140.36031562014148,1143.8404603492463,1.274,1.0357587964510129,0.0,7.855211782526098,345.0001478400497,0.12721826397211,2.8857310509036308e-05,-0.4991160296225071,0.2792084860983082,0.064561063987232,6.889988063668498,9.1930036848877,42.609273218874726,31.722187948230054
1.39,31.222149844350326,131.0105186775044,30.43152891246948,-5.560676131284668,-4.3328553680122655,2.8617156196125006,-6.757466693785577,-10.01594164323114,145.33906257168647,43.49768189661916,21.387066647965806,43.4183047075763,17.58307588749198,140.4490835070085,1155.5069762972037,1.274,1.035713227320956,0.0,7.86963893704489,345.0001478400497,0.1278679190546134,2.908616086461048e-05,-0.4817651086566677,0.2656495322648561,0.0626326981013655,7.04526447558097,9.161267942976192,42.81772708454307,12.41659612799608
1.4,31.222148700600894,131.01052049011116,30.764888842160456,-5.681942940533621,-4.401013805826354,21.52073902513357,-6.2278896825725365,-9.343459447921024,313.50625311863485,43.74167525283309,21.62071115547842,43.11461282043105,17.63914068162395,140.53085749911554,1168.4691792028086,1.274,1.0356594270848842,0.0,7.883958958883195,345.0001478400497,0.1285856576931248,2.929724551450504e-05,-0.4638746468338006,0.2517455418052091,0.0606431573503456,7.182606594447476,9.129212212661788,43.051045220897045,24.27404071309812
1.41,31.22214754103227,131.01052231704008,31.099103640582783,-5.807798630005047,-4.472813025645181,11.8546607332244,-5.658301261740402,-8.599171014658566,222.9546852836364,43.866010698024176,21.77000400386685,42.82321286905572,17.690146886232885,140.60566451582875,1175.083623104092,1.274,1.0356267914441497,0.0,7.898157886646526,345.0001478400497,0.1289516480677939,2.9490039050268943e-05,-0.4454491610874302,0.2375011715121091,0.0583980165848157,7.325843732623757,9.124652396785644,43.16413627116498,15.700162305142246
1.42,31.22214636605624,131.01052415783067,31.434083794137816,-5.904628064985157,-4.522539972324107,4.198335034035131,-5.104243935314424,-7.889966601780408,150.66563203211305,44.12234114878687,22.015245839350488,42.544449405136646,17.736178283406467,140.6735360762564,1188.818660181336,1.274,1.0355726411078712,0.0,7.912281707724626,345.0001478400497,0.1297056657052687,2.9664326554178984e-05,-0.4265272669379423,0.2229472713568745,0.0562423143304604,7.432732442512226,9.096365364533604,43.41267968579234,10.292273615990354
1.43,31.222145177328287,131.01052601084655,31.769585645770125,-5.9978825577445,-4.5697467003043375,35.92370823309496,-4.526058520651164,-7.137553688954969,437.539069843865,44.31736000314421,22.217640716809417,42.278655292019344,17.77731378478628,140.7345007532651,1199.3122829727183,1.274,1.0355248422469507,0.0,7.926329595881325,345.0001478400497,0.1302794525166185,2.981991176962043e-05,-0.4071493773851441,0.2081158900832253,0.0539226830556685,7.535304338462114,9.082226031346872,43.60030665444683,36.90450774108237
1.44,31.222143971026185,131.01052787971105,32.10608552278101,-6.083745309101211,-4.611441307697861,8.521444342951078,-3.931556376019652,-6.356291446186352,184.90782199166685,44.482107967170414,22.398941987144152,42.02613523266059,17.813632482259838,140.78859189896255,1208.2065853512483,1.274,1.035486933983244,0.0,7.940240399282838,345.0001478400497,0.1307642576736811,2.995630201084824e-05,-0.3873145934618699,0.1930077206548755,0.0514847985568829,7.628717751764007,9.075310460858624,43.758526255190986,11.334663214083402
1.45,31.222142749921044,131.01052976172355,32.44319433186179,-6.141030151481502,-4.631815287316722,7.903529129758293,-3.3461548229049094,-5.599772783692477,176.53750627236283,44.76675450559176,22.668830238076,41.78717319357583,17.84521079526628,140.8358437175257,1223.679356372231,1.274,1.0354274678866784,0.0,7.954077532308575,345.0001478400497,0.1316015351498285,3.0073512868637016e-05,-0.3670841391894124,0.1776704346064815,0.0491062716312384,7.686593094909293,9.045504392585777,44.03998286218354,10.247925645357244
1.46,31.222141514027328,131.0105316568415,32.780892495691404,-6.208228239349599,-4.659749793611386,37.01116342647258,-2.7279444367650223,-4.775302546302604,439.06095097160846,44.89266623898144,22.823524846110704,41.56203593712375,17.87212114256461,140.87628949489704,1230.5325955423466,1.274,1.0353899360042036,0.0,7.967851715541322,345.0001478400497,0.1319721828888299,3.0171307797508407e-05,-0.3464853104180195,0.1621259392482723,0.0464795449984319,7.756950847986247,9.046747986798165,44.16152107031385,37.41752815780143
1.47,31.222140259987057,131.01053356823672,33.11958513842933,-6.2480834429544645,-4.66739777041064,-0.3989177317862461,-2.116169936000841,-3.970576248703368,95.11718822828608,45.12909201836733,23.060122274818863,41.35095303556246,17.894437767482614,140.90997059099732,1243.4873824873428,1.274,1.0353415500987206,0.0,7.981496500980934,345.0001478400497,0.1326677173072879,3.0249378342593543e-05,-0.3255305097556725,0.1463850375920421,0.0438970973288628,7.793374693653448,9.026105791172958,44.39674948562112,4.51694435448729
1.48,31.22213899192439,131.0105354919509,33.458729233246274,-6.27101067046818,-4.662716350516583,23.973214970117805,-1.4996999589477236,-3.16044074304592,314.26720818612995,45.39842898423304,23.32214166917359,41.15414109971098,17.912229064967914,140.9369251137231,1258.333298846686,1.274,1.0352815000585192,0.0,7.995062189369712,345.0001478400497,0.1334600083687515,3.030787887314136e-05,-0.3042919577855802,0.1305030603687702,0.0412766704238387,7.8089421538245265,8.998358132932136,44.66681937109792,24.22710303896553
1.49,31.22213770686013,131.0105374308044,33.79868526865949,-6.305120753032043,-4.666353446203223,22.387596979895505,-0.8602197177046542,-2.294061530521612,296.765619663911,45.500445766680414,23.460861175024736,40.97178864871738,17.925562046316486,140.95719480429253,1263.9536806403028,1.274,1.0352502260950032,0.0,8.008580720233596,345.0001478400497,0.1337604254173274,3.034648317700028e-05,-0.2827745607208631,0.1144852069426816,0.0384428132735791,7.838456164562318,9.001528240554464,44.76826673213063,22.52126095055011
1.5,31.22213640478432,131.01053938478904,34.13943472864436,-6.3016117317364575,-4.64248779334885,2.926201242973464,-0.2308184540171297,-1.4612938644678664,116.42344107135528,45.78441150665613,23.735328199607974,40.80404793953112,17.93450444777525,140.9708284470524,1279.7375428411765,1.274,1.0351915825895843,0.0,8.021959677878291,345.0001478400497,0.1345957344384762,3.0365227721796696e-05,-0.2610265108284117,0.0983686799348167,0.0357064941410627,7.821508261623703,8.968530668908235,45.05596891744824,3.278919125478049
1.51,31.22213508845148,131.01054135127632,34.480623419093455,-6.29609642908554,-4.617345545817661,35.43300249557563,0.4088906041271758,-0.6013466716987865,409.3843734110053,45.99434177288411,23.95543135613354,40.65105785766614,17.93911797362207,140.97787169332807,1291.457794688744,1.274,1.035140051116468,0.0,8.035272889536103,345.0001478400497,0.1352134023020435,3.0364237118942045e-05,-0.2391068300804471,0.0821984449737426,0.0328569396451475,7.802229765990006,8.948030466407177,45.26983563144683,35.44046381182356
1.52,31.22213375398252,131.01054333395038,34.82271847215933,-6.286798903439897,-4.589497898098494,11.792073746209269,1.0546979147594904,0.2785221575002828,190.99531651748063,46.14319210469798,24.13022841321544,40.51291772817344,17.939465775973396,140.9783785793825,1299.7876237918792,1.274,1.0351030646543964,0.0,8.04853672896765,345.0001478400497,0.1356515138442849,3.034327853410543e-05,-0.2170207304902551,0.0659799495331062,0.0299175001408826,7.778347834138396,8.937308952601882,45.423046150387584,11.84242228260986
1.53,31.22213240470545,131.01054532964875,35.165298669620206,-6.248029565914505,-4.540477058377041,14.136342316201716,1.6979579369958664,1.1426381712105382,209.25781510265423,46.41765422117031,24.399604863391733,40.38969745939745,17.935609422928454,140.97240698289167,1315.2527270625942,1.274,1.0350434619088122,0.0,8.061656938087827,345.0001478400497,0.1364589038101348,3.030268580840519e-05,-0.1948462993173309,0.049771667638593,0.0270195120617405,7.718289152615144,8.90132057555213,45.70518401486082,14.283727007575786
1.54,31.222131039823168,131.01054733913475,35.50845511782912,-6.216230469291459,-4.496592380267245,29.106704181164737,2.3446537963135907,2.033395430350412,342.42187361453745,46.55147271726182,24.56372161737133,40.28144389173428,17.927607181859464,140.9600159919178,1322.803587814069,1.274,1.0350052474453506,0.0,8.07473179624475,345.0001478400497,0.1368528343380957,3.024244646786644e-05,-0.1726118634246728,0.0335957092098438,0.0240044576696499,7.666905260882033,8.889800370927821,45.84587447456414,29.271698390947023
1.55,31.222129657637325,131.0105493640374,35.85238701346325,-6.159817317100055,-4.435111952893148,5.275377847291196,2.990135385190811,2.9146970083728534,122.51094359707427,46.77824061530744,24.797920139778032,40.18816194119376,17.91551926146937,140.94127399188548,1335.678483066239,1.274,1.034955566689448,0.0,8.08772698701564,345.0001478400497,0.137520024460882,3.0162637371849784e-05,-0.1503519300175392,0.0174785610081075,0.021010015462452,7.585360544722396,8.859533439224615,46.08227037466927,6.727999680743048
1.56,31.222128261945542,131.0105514007588,36.1966285163635,-6.092791821757944,-4.366233974426941,28.270210518447595,3.633690532244639,3.7987203355794272,328.7250044353954,46.99535998466445,25.025110317763097,40.10983419719897,17.899402520865127,140.91625044837608,1348.0616686120995,1.274,1.0349030758945437,0.0,8.100607141714496,345.0001478400497,0.1381588551152025,3.0063666682807708e-05,-0.1281431225363754,0.0014767817191877,0.0179890985118908,7.490939224320442,8.829714242800053,46.31017717394482,28.75480456948741
1.57,31.22212684979453,131.01055345213263,36.54153521525373,-6.026101697849476,-4.297654043995464,15.545008450952883,4.270563176680482,4.689683082190395,210.01875616350367,47.11881542871033,25.181615197764,40.04640484736483,17.87931499481734,140.88502281934214,1355.108701331407,1.274,1.0348690866352923,0.0,8.11345081958511,345.0001478400497,0.1385223337203415,2.994553267038256e-05,-0.106001210996975,-0.014396905252937,0.0149193504458751,7.3969961940818045,8.81586657597676,46.44437435246273,16.78922645620097
1.58,31.22212542235128,131.01055551707773,36.88696441468304,-5.931002991181207,-4.209082760969386,7.155876463702193,4.908090787760201,5.5694604382683375,130.881252323257,47.37221886791436,25.43631174459732,39.99778329027314,17.855315071153903,140.84767516387132,1369.677894775299,1.274,1.0348130488788565,0.0,8.126171456486468,345.0001478400497,0.1392678453123275,2.9808614342359163e-05,-0.0839884738108117,-0.030096752311315,0.0118843033155357,7.268412924817325,8.777764992315518,46.711652216777296,10.310907463366146
1.59,31.222123980966263,131.01055759433285,37.232754173892005,-5.83479636924589,-4.119876310679568,35.413898057650655,5.534768229178649,6.448943678255773,385.03439630430495,47.54436918498836,25.629497377489404,39.963856206673206,17.827458573807935,140.80429342886202,1379.6049452996403,1.274,1.0347670551425372,0.0,8.138824350973907,345.0001478400497,0.13977448929006,2.9653240021903888e-05,-0.0621572099047572,-0.0455843486396293,0.0088268649688579,7.138591854481148,8.754038929581395,46.89777805148987,36.41931780736308
1.6,31.22212252244128,131.01055968699458,37.57929288389858,-5.728980144821445,-4.023973575275812,11.686919424936832,6.152248919677807,7.3220698289249615,166.64532341110595,47.70202530540729,25.811512064037533,39.944469701594485,17.7958037944214,140.7549730601395,1388.7233559160472,1.274,1.03472782091317,0.0,8.151425133329921,345.0001478400497,0.1402385271220034,2.9479538220250723e-05,-0.0405275082335992,-0.0608441657105138,0.0057741510694967,6.9971108202433525,8.73309949571104,47.07046050958078,15.101223758169263
1.61,31.222121049974767,131.0105617920464,37.92619904948896,-5.600351575632778,-3.912307836952412,15.483091876257497,6.769492396550218,8.187177310103554,198.60469218265743,47.95828757697826,26.06799398762272,39.93944050747922,17.76040889466708,140.69981470602704,1403.6374980809512,1.274,1.0346700601230825,0.0,8.163900206705877,345.0001478400497,0.1409924611709038,2.92881008997524e-05,-0.0191765394250236,-0.075820789072187,0.0027467608596656,6.827979142637314,8.69546901442794,47.34422114162969,18.777167881836082
1.62,31.22211956263549,131.01056391042192,38.27359067396803,-5.478144504992224,-3.805190026369905,26.387947571122115,7.360594442096726,9.038891126291238,295.2437695318118,48.06832301279125,26.213370127535686,39.9485567691272,17.72133215318823,140.63892430121712,1410.038828818747,1.274,1.0346352531029617,0.0,8.17634492740479,345.0001478400497,0.1413165082740369,2.907921399293752e-05,0.0018629266716454,-0.0904901510150187,-0.0002674405028265,6.666736584881759,8.68498170804288,47.471044456551,28.847940660474556
1.63,31.22211805959524,131.01056604297645,38.62157611556891,-5.332390311717778,-3.681898449817568,7.880289787868722,7.95229143592827,9.882212972201296,124.79374979481824,48.29137425871939,26.44400331760643,39.97156338315357,17.678636183264526,140.5724192981479,1423.107600805408,1.274,1.0345849392344928,0.0,8.18867639869383,345.0001478400497,0.1419728164029502,2.8853311221266324e-05,0.0225449951102265,-0.1048192625082323,-0.0032514541736414,6.477004650141087,8.656705341396629,47.713420971534894,14.933051913479366
1.64,31.22211654373849,131.0105681869832,38.96981539666045,-5.178732080310046,-3.553344511223396,37.01985888617311,8.528046227854063,10.710446564206858,387.317202502268,48.49619957968576,26.660340993547223,40.008181986090776,17.632383327135113,140.5004211100754,1435.157251483087,1.274,1.0345327381671232,0.0,8.200943961597078,345.0001478400497,0.1425755471122012,2.8611024979129457e-05,0.0428022848846035,-0.1187606174580405,-0.0061989488806575,6.277826991755697,8.634369681989956,47.938399256137394,39.47038370755112
1.65,31.22211501113408,131.01057034629915,39.31879590779592,-5.023647286410449,-3.423867795696301,13.19629315522997,9.076763783542573,11.515645857416883,168.9281306090331,48.62124271416694,26.815774863959906,40.0580989636469,17.582639314649967,140.42306039496427,1442.5192709746564,1.274,1.0344989458316352,0.0,8.213155103791285,345.0001478400497,0.1429437286036606,2.8352592691028115e-05,0.0626218710815624,-0.1323042694443692,-0.0090924501141883,6.076992659884239,8.629279389168241,48.08374285296225,19.726629041335016
1.66,31.222113464114887,131.01057251874184,39.668248277955286,-4.842812906530784,-3.277071808576153,11.636778214996962,9.633935688024902,12.318406525167209,152.94843823292413,48.90497028041222,27.090697842683028,40.12096812216243,17.529473184416094,140.34047647771132,1459.3549310648286,1.274,1.0344356825423344,0.0,8.225263436264772,345.0001478400497,0.1437784389379348,2.8078754213449105e-05,0.0819332201849274,-0.1454011291268995,-0.0119654014166773,5.845206976770862,8.601087322418234,48.39048965901535,19.49283107671407
1.67,31.222111903303663,131.01057470376384,40.01810879767902,-4.669000051973638,-3.135139943686529,43.760687098252674,10.145819979691614,13.08214010970224,442.8656393001777,49.02882590346946,27.24401091458683,40.19642164621132,17.47295525579383,140.25281372093522,1466.7068418675326,1.274,1.0343961995150106,0.0,8.237349869160935,345.0001478400497,0.1441431382629835,2.7790054165387595e-05,0.1006936527691815,-0.1580214070655234,-0.0147418924517795,5.622000815665335,8.605203786675315,48.53660498628475,46.78758155986873
1.68,31.22211032486508,131.01057690518897,40.368864756628376,-4.477525387171999,-2.981472608246783,4.272391917525871,10.654611610369043,13.835621649648932,82.94219117491815,49.24489144720175,27.4663789710534,40.28404918127649,17.4131630491567,140.16023020178204,1479.6127422251136,1.274,1.0343483475834938,0.0,8.24931049379821,345.0001478400497,0.1447789371442724,2.748691532180266e-05,0.1188799236733263,-0.1701484148456722,-0.0174805347536519,5.3776673701500295,8.59926165670624,48.77677415304987,17.97772253921462
1.69,31.22210873447945,131.0105791175452,40.719835418469295,-4.276988954617582,-2.8219987305761505,29.07134710520904,11.144708286437362,14.56644914010358,306.6578325295533,49.47422126162745,27.697838954488184,40.38341932587094,17.350176714021718,140.06289007074082,1493.375359835561,1.274,1.0342918730184432,0.0,8.261243866796049,345.0001478400497,0.1454537382446054,2.717031974223958e-05,0.136408409459801,-0.1817256485721669,-0.0201507157887142,5.1226469315691485,8.597425407545161,49.0311219388945,34.37337902872739
1.7,31.222107128451825,131.010581344532,41.07149464737351,-4.078742001154671,-2.664149116643392,16.95472676154322,11.587751428118905,15.250076569280148,195.56094491290364,49.58587045389502,27.83984908028432,40.494064351918304,17.28408362227138,139.96097009473726,1500.0725186305688,1.274,1.034258605491112,0.0,8.273084141882922,345.0001478400497,0.1457825645510989,2.68406929461263e-05,0.1532640171315654,-0.1927423462659281,-0.0226910104673193,4.8705062873193805,8.622504198960756,49.16753767211766,25.57935843775932
1.71,31.222105508297044,131.01058358476013,41.42367750748095,-3.861027141082988,-2.4937800653581186,11.857944336006373,12.037471768142384,15.931087133198496,148.38280983672328,49.8449719571683,28.09191576463581,40.615485351387896,17.214977884439264,139.85465829604544,1515.7388654334156,1.274,1.0341990889310808,0.0,8.284873568574731,345.0001478400497,0.1465449061658351,2.649889147815189e-05,0.1693886117443521,-0.2031596936702725,-0.0252084740711678,4.595329364135227,8.630275574681573,49.45337356832906,23.223072744368118
1.72,31.222103875274804,131.0105858370623,41.7762457358192,-3.646491799490324,-2.3256752463801584,35.43948602698101,12.432981144968204,16.555353125611575,361.44531325985855,49.977574587538975,28.247947773407645,40.74716332190958,17.142958613145176,139.74415067483883,1523.762611268012,1.274,1.0341587931759184,0.0,8.296592938648873,345.0001478400497,0.1469353445714834,2.6145684230512745e-05,0.1847381438808992,-0.212948565477082,-0.0275650021805495,4.324160305057246,8.667507461523105,49.61235868192668,41.04407274042641
1.73,31.222102226683205,131.0105881042224,42.1295638702986,-3.421207698833677,-2.150873312560233,9.491062482297314,12.813773068762806,17.157454277219394,125.5546908582312,50.16694444922867,28.445671258889377,40.88854281925163,17.068134691785747,139.62965791738696,1535.279730065679,1.274,1.0341133955776187,0.0,8.308243192741987,345.0001478400497,0.1474926851091111,2.578171747706178e-05,0.1992854291887879,-0.2220907739776245,-0.0298472780019055,4.040472507362735,8.703792897097388,49.829165407583424,23.423306439858074
1.74,31.222100566205672,131.01059038267235,42.483190936326096,-3.187213425301873,-1.9708969714893072,29.34583944560101,13.177135389651667,17.734614834690916,305.13595139666023,50.40442360009308,28.67820573864912,41.039048083598885,16.99062187063393,139.51140029528267,1549.7968135269443,1.274,1.034055244246378,0.0,8.31984563340144,345.0001478400497,0.1481914742782571,2.5408016025514986e-05,0.2129709891194447,-0.2305482804339674,-0.0320468890742738,3.746832859569344,8.740847309134717,50.09489687829178,36.7332513287218
1.75,31.222098891093328,131.01059267525207,42.83750048479692,-2.956260716355063,-1.7930219158630272,20.475607629020427,13.477342066083612,18.24211960912149,224.4765664120468,50.508907371511086,28.810417539606384,41.19807833119951,16.91054484947374,139.38961023259617,1556.175663231408,1.274,1.034022588695925,0.0,8.331357584299532,345.0001478400497,0.1484992556824936,2.5025215295174966e-05,0.2257757038166876,-0.2383084468030756,-0.034042948552857,3.4571015891325154,8.809660200488645,50.22730611592834,30.555918981063577
1.76,31.22209720286948,131.01059498055272,43.19232764510877,-2.712756917877372,-1.6078002543977383,9.061390001268313,13.778796997625214,18.74182448673636,120.98906246686956,50.745507673667966,29.039963845022367,41.365005225051874,16.82803869788938,139.26453382683297,1570.735526782454,1.274,1.0339672322174187,0.0,8.342850528758895,345.0001478400497,0.1491954726023156,2.463431359271721e-05,0.2376523852045648,-0.2453418613005126,-0.0360003697047991,3.153115880128549,8.865406995802365,50.49298814410366,24.964375028197313
1.77,31.2220955031688,131.01059729701703,43.5474856643941,-2.4703947494452487,-1.4236449674828775,36.76714407448694,14.022781459023763,19.174935107496527,372.0984511817177,50.887644023026304,29.198065843078485,41.53918322711244,16.743247513422165,139.13642818430185,1579.4930896923725,1.274,1.033924415253391,0.0,8.35422214481392,345.0001478400497,0.149613963677022,2.4236249971555285e-05,0.248564141013994,-0.2516259996330874,-0.0377574955167384,2.851027720341889,8.946572892130748,50.664041404384825,43.773729788748
1.78,31.222093788710463,131.01059962808543,43.9034325420015,-2.2228065457538952,-1.2367408659890728,8.431032046298164,14.239461910996436,19.57109098533316,115.66250100244405,51.05683455051329,29.375161116501545,41.71994173134637,16.656326976339574,139.00556468676888,1589.9591166120226,1.274,1.0338823702899742,0.0,8.365601063214028,345.0001478400497,0.1501120013305553,2.383176511090542e-05,0.2584922828403829,-0.2571491995331126,-0.0393948065170949,2.5435466296710243,9.032553902018895,50.8625828347052,25.629517733203915
1.79,31.22209206323071,131.01060197007197,44.259708688766615,-1.969341521386812,-1.0471073631843002,26.531667500534727,14.441319651204404,19.94279346383668,280.02501822604995,51.30288314067016,29.60774195974408,41.90659463674861,16.567443184915426,138.8722266375185,1605.2654618091456,1.274,1.0338221518765895,0.0,8.376848552974609,345.0001478400497,0.150836014550221,2.34220067268926e-05,0.2673928534401946,-0.2618860627256086,-0.0409462565615228,2.230315681418919,9.114201095709088,51.13841305634715,36.19663112457346
1.8,31.22209032394757,131.01060432592234,44.616710423518285,-1.719158840265299,-0.8596324914744459,18.9931465581606,14.56600090123797,20.224521664580887,212.3015623593172,51.39805195685025,29.7278233801606,42.09843965738069,16.47677371004233,138.73671030383812,1611.1713678155986,1.274,1.0337906680583049,0.0,8.388104352318278,345.0001478400497,0.1511164302274972,2.3007726909003908e-05,0.2752515874508275,-0.2658279566446545,-0.0422264164944477,1.9220440571892567,9.231005782172202,51.26302626675391,31.3359103106282
1.81,31.222088571902766,131.01060669470365,44.974335444649455,-1.4617391066289125,-0.6691189178765821,11.854240664033682,14.698162440170618,20.504699685494515,148.3828098364039,51.65798541771412,29.967883521145644,42.29475631183973,16.38450857959317,138.59932586024448,1627.452876815946,1.274,1.0337296954412585,0.0,8.399249784312907,345.0001478400497,0.1518812789831149,2.2589997869135222e-05,0.2820374539498749,-0.2689578883358686,-0.0434847583300918,1.6075771213527337,9.327271200425024,51.55288285295316,27.874750403022283
1.82,31.222086808590586,131.0106090749737,45.33241065346,-1.2070545436948,-0.480598108755194,36.649677862495615,14.757081038388774,20.697092340983108,373.6203323127005,51.79024811416794,30.11286391933006,42.494814626608175,16.290849572628332,138.4603958469388,1635.7409657384128,1.274,1.033688404190818,0.0,8.410385404145137,345.0001478400497,0.1522707643179971,2.2169833649786383e-05,0.2877275790283173,-0.2712640448896336,-0.0444741184643588,1.299200154679167,9.45391881704933,51.71475682503244,44.602017438334066
1.83,31.222085031141926,131.01061146984142,45.69136284802253,-0.950334841719858,-0.2919978770891157,6.362221586544518,14.792100571257784,20.85402375296556,100.44374968807423,51.97741382366482,30.296872341986056,42.6978692332628,16.196011536921496,138.3202566927993,1647.528363081078,1.274,1.0336428579545596,0.0,8.421430734808409,345.0001478400497,0.1528216777103404,2.174809606958592e-05,0.2923077139036708,-0.2727387883458413,-0.0453437910814124,0.9941786824032524,9.578144471366128,51.93154710293481,26.34718978403104
1.84,31.222083243931607,131.01061387486604,46.05062512895338,-0.693643789790301,-0.1046409334072091,30.55238591608665,14.794646339721256,20.96582797769197,320.3547027125185,52.19075176220137,30.498445457215485,42.90316730485996,16.10022170673079,138.17925730409587,1661.02311655246,1.274,1.033586984755724,0.0,8.43245287515915,345.0001478400497,0.1534495468420548,2.1326015438710544e-05,0.2957541436289569,-0.2733725888910185,-0.0460651277950747,0.7014919080840858,9.704027967397405,52.174314811956044,39.89856874968184
1.85,31.22208144355931,131.0106162937223,46.41070082407072,-0.4389338569740967,0.0810782487024099,13.187522281573584,14.728028426432063,20.99185660829892,164.3625022151224,52.298089996424125,30.62176549256385,43.109947523758535,16.00372014384704,138.0377593900238,1667.8047227284114,1.274,1.033554218382209,0.0,8.443393068421614,345.0001478400497,0.1537657643429374,2.0904394799263792e-05,0.2980594854766454,-0.2731618675712806,-0.0465180645430469,0.4463591430790405,9.855166820197043,52.31082573369813,28.83545749802097
1.86,31.222079632539337,131.0106187239003,46.7712769114282,-0.1845618617809712,0.2645080263028524,12.54860536665722,14.65728037884671,21.003279206704285,159.7968738257949,52.53894218172068,30.84049443040726,43.31744341474207,15.906759064008336,137.8961361998823,1683.143493784912,1.274,1.0334953885385942,0.0,8.454310817914081,345.0001478400497,0.1544745418482178,2.048440842208741e-05,0.2992102452314694,-0.2721038707288503,-0.0469110978299666,0.322532687976131,9.986602055618835,52.58049085774904,28.52088887441974
1.87,31.22207781121688,131.01062116513546,47.13233427474044,0.0672007612847742,0.4460778014041597,32.77526985595949,14.507276385762848,20.916404874304725,343.9437557428203,52.63677088381375,30.95453229393032,43.524885694149326,15.809603297008415,137.75477299821657,1689.3588120242512,1.274,1.0334600475443338,0.0,8.465141559459,345.0001478400497,0.1547628078519606,2.0067042055134995e-05,0.2992012111375563,-0.2701992373078196,-0.0469953976039917,0.4511111348424141,10.148793368626404,52.70683991313418,41.49910089543769
1.88,31.222075977544424,131.01062361974004,47.49420340524858,0.3165370321598797,0.6242089246332116,4.606532100661505,14.340108947597756,20.80008441158768,90.5515668317428,52.822892078870765,31.13102992119504,43.73150437152022,15.71252864603962,137.61406454743627,1701.26775716752,1.274,1.03341412657406,0.0,8.475960074122215,345.0001478400497,0.1553106765701363,1.9653227961196936e-05,0.2980282086190462,-0.2674485851721604,-0.0469750430229724,0.6998774965666146,10.297710931241967,52.92094064787398,25.680778301145214
1.89,31.222074135028592,131.0106260840824,47.85641354492694,0.5620292617992206,0.7983276915858638,28.70016257233424,14.137874108387056,20.63404833717673,309.70156479092924,53.03101610589324,31.32184483712172,43.93653096740288,15.615822559855134,137.47441603449326,1714.6405870204385,1.274,1.0333585428221284,0.0,8.48668440024192,345.0001478400497,0.1559232436961384,1.924413061443373e-05,0.2956933029118789,-0.263860756787254,-0.0467890209528582,0.9763111964585725,10.444417934664726,53.156413068906176,38.0702346560139
1.9,31.22207228083447,131.01062856131676,48.21940901326341,0.8051531809917712,0.9706193521666288,13.481909726722131,13.863709091164647,20.376364727017627,173.493759003727,53.11706379516728,31.42406518582304,44.139200383478645,15.51978281645854,137.33624119088367,1720.149414233152,1.274,1.0333291754599263,0.0,8.497404388333617,345.0001478400497,0.1561768835655807,1.8840577843601465e-05,0.2921969115193199,-0.2594382782312476,-0.0463091757663758,1.2610755551712574,10.616274367554514,53.2695210341866,28.09200169322888
1.91,31.22207041676776,131.01063104962907,48.582964167657806,1.0411632732803315,1.1355171451230934,11.559234559333945,13.59087189359714,20.109695104302624,157.51406662904287,53.368012641851294,31.64273172793078,44.338755043588016,15.42471563416906,137.19995968320868,1736.3806536579627,1.274,1.0332678679236795,0.0,8.508030116562805,345.0001478400497,0.1569153773749903,1.8443670679841287e-05,0.2875485967173585,-0.2541949044308313,-0.0457861871041462,1.5405447792162623,10.75607292678234,53.54636758185917,26.883592386693447
1.92,31.222068543286177,131.01063354861844,48.94704031647301,1.275039344601063,1.2990005925593349,33.13879490859106,13.239267971822455,19.74284549975548,353.8359375978539,53.46007875886996,31.74697687895849,44.534442682244375,15.330937295612063,137.06599963249857,1742.3157783714807,1.274,1.033232962935488,0.0,8.51865222702671,345.0001478400497,0.1571867210782332,1.805435173280294e-05,0.281758565201673,-0.2481424051641266,-0.0449400675351466,1.820123430829007,10.926755753861949,53.664107814847135,40.78281369462631
1.93,31.22206665797176,131.01063606104978,49.31203687448114,1.501061242846768,1.4550983210207344,2.327164657489189,12.872248952613116,19.347761627591577,76.85468964740448,53.65158006989692,31.92074891017491,44.72552447095188,15.238769145419091,136.93479071992195,1754.7590050568303,1.274,1.0331856669817343,0.0,8.529184914482798,345.0001478400497,0.1577504355330511,1.7673478678727134e-05,0.2748347317067051,-0.2412899685100894,-0.0439912088589428,2.090457252258286,11.076094045500886,53.88012181073792,23.354793264750203
1.94,31.222064764974675,131.01063858248622,49.67736054812944,1.7203589453025958,1.6053420850467113,28.88608605451404,12.46703292215035,18.898276742831687,318.0718965145692,53.84489420674343,32.094386400073155,44.91127139114948,15.14853959507034,136.80676740214147,1767.3650148775384,1.274,1.0331318703161207,0.0,8.539715868370177,345.0001478400497,0.1583194854513306,1.730215556492608e-05,0.266805314266019,-0.2336656602250695,-0.0428583571693709,2.352867091379066,11.222366051631818,54.09702775975371,36.70119536581097
1.95,31.22206286116544,131.0106411164712,50.043518050944,1.9361381928607235,1.7527384721577106,13.997785986244391,12.002238481078331,18.36977792904945,184.9078219909956,53.93781521995542,32.196148352896486,45.0909704321872,15.060580000271836,136.6823634718899,1773.4078096631088,1.274,1.0331007741480178,0.0,8.550149423963532,345.0001478400497,0.1585933556659719,1.694111961864124e-05,0.2576793622219565,-0.2252781554038992,-0.0414623793425403,2.6114275315801527,11.385948937747305,54.21309179610064,26.02768683990127
1.96,31.22206094845373,131.01064366101383,50.410252113788,2.1395612103567574,1.8893902449264168,10.316234999215922,11.529856748274756,17.821675697121297,152.94843823482103,54.1671043485215,32.392705272299324,45.26392726852887,14.97522269412114,136.56200978576453,1788.4542964443049,1.274,1.0330430717426464,0.0,8.560596591459516,345.0001478400497,0.1592681940059612,1.6591350504115197e-05,0.2474890802654023,-0.2161573043332519,-0.0399905692818219,2.8540949687833854,11.516955559017664,54.46383528873914,23.600305630397
1.97,31.22205902712905,131.01064621588003,50.77754514025548,2.340447866148567,2.0241565047090297,22.40616802629028,10.994155087011748,17.1900893795584,263.28438576860447,54.25663878022291,32.49007872624907,45.4294618265136,14.892802208996596,136.44613655356463,1794.308220008532,1.274,1.0330094074393728,0.0,8.570931374893563,345.0001478400497,0.1595321148123738,1.6253667924452524e-05,0.2362602426163347,-0.2063259618604007,-0.0382379080972784,3.0939661369086364,11.672014607681213,54.57452640589973,30.30523031717175
1.98,31.22205709575244,131.01064878278163,51.145654274424885,2.5288558273414936,2.148454317455667,2.4646703772996967,10.443090803459611,16.52985928466838,84.46406530793345,54.44303969613612,32.6542980343695,45.58692074619508,14.813647806708463,136.33516344869716,1806.5943193444289,1.274,1.032961285694057,0.0,8.581284765193734,345.0001478400497,0.160080859346887,1.5928832770666574e-05,0.2240180380720112,-0.1958063375780023,-0.03637982310575,3.3178260584624595,11.800768611895776,54.78043903032405,19.707079782884595
1.99,31.22205515732891,131.01065135844445,51.51413490895188,2.709098093983199,2.266125701391797,29.579417002008665,9.855340166085664,15.816594084227118,330.246885567478,54.60640938907144,32.801338162071325,45.735668666785855,14.73808653460112,136.22950459561972,1817.3884798233207,1.274,1.0329123526874546,0.0,8.591536078150073,345.0001478400497,0.1605618892913391,1.5617730195753404e-05,0.2108101965023632,-0.1846392226691968,-0.0343364254463513,3.5313892838616803,11.927482815276024,54.962278783260565,34.960467508218315
2.0,31.222053208647463,131.0106539465622,51.883522312730015,2.882756601430576,2.378555047916335,9.225818758624303,9.227612273662624,15.04666942095342,147.6218847660987,54.715619186066895,32.90975370373272,45.87509750820171,14.666437052316216,136.1295606461829,1824.6003211749376,1.274,1.0328781842792325,0.0,8.601794307943859,345.0001478400497,0.1608836752421549,1.532094427443139e-05,0.1966545076231914,-0.1728396731111469,-0.0320936899423007,3.7367143933011953,12.058509889432765,55.08913443291765,19.91649619545285
2.01,31.222051252188056,131.01065654443283,52.25345022616371,3.04001131626861,2.477726497293757,13.4182103715421,8.588883633810724,14.252840881619164,186.4296881318677,54.9451797455013,33.10091881653532,46.004625646659406,14.59900852223151,136.0357180014553,1839.8773193583315,1.274,1.0328188850931663,0.0,8.61197311094651,345.0001478400497,0.1615593410359245,1.503928064288598e-05,0.1816067477197935,-0.1604541744709672,-0.0297612087859522,3.921101209524228,12.15511460650057,55.3342588185903,21.37664063520871
2.02,31.222049287086463,131.01065915310275,52.62407942195836,3.19549475652548,2.575689406893756,19.057381493032505,7.900822681904541,13.392303002891548,238.1734365950983,55.02071445139824,33.18432238534926,46.123693802134426,14.536100736365103,135.9483497649827,1844.873738518424,1.274,1.0327879835105849,0.0,8.622135407107928,345.0001478400497,0.1617821183549825,1.4773323033801676e-05,0.1656999532502504,-0.1475098185423075,-0.0271908088936765,4.103471915345917,12.276493806543716,55.42516653997456,24.595946172959742
2.03,31.222047312421683,131.01066177370276,52.99558498183898,3.331610923589054,2.6582906233003225,0.3990705348309138,7.20571463880958,12.51213546209714,70.76718712607814,55.24546404394271,33.370348496400034,46.23177999747669,14.47799525220318,135.86780421663573,1859.9100531629408,1.274,1.0327317494001456,0.0,8.632250033785601,345.0001478400497,0.1624436502944542,1.4523654853911163e-05,0.1489763448628405,-0.1340411141668306,-0.0245455037137283,4.261240800275062,12.355657973860692,55.66287756820033,14.444206955371198
2.04,31.2220453309726,131.010664403132,53.367536542044014,3.462555202747379,2.736992655849032,34.91786317781148,6.475266525113268,11.581621980732749,382.7515591016225,55.36983620066504,33.486139688502725,46.32838316867135,14.424961296830531,135.7944138057002,1868.226986664444,1.274,1.0326882493398175,0.0,8.642317877768383,345.0001478400497,0.162810037760454,1.4290920126319706e-05,0.1314995548392165,-0.1200992235506706,-0.0217140084938156,4.412628939383981,12.446828950993671,55.79959851036993,37.35398523826082
2.05,31.2220433393406,131.0106670453345,53.74050881943837,3.581843028871768,2.806689340584379,3.356868820720881,5.723816106865613,10.61667736132958,98.92187555189255,55.50016257224795,33.605433684359774,46.41304364243983,14.377244267813358,135.7284800043449,1876.9647004640904,1.274,1.0326510007360428,0.0,8.652370418335453,345.0001478400497,0.1631939380964343,1.4075490690104888e-05,0.1132961006908657,-0.1057054627939372,-0.0187515050455922,4.549377775640751,12.526226696252268,55.940860002109446,12.51976346818542
2.06,31.22204134166452,131.01066969563496,54.113843708196185,3.6841730396111054,2.863321040557055,18.48026892625352,4.9594388000400285,9.625918066394965,235.890630410218,55.70926000408652,33.77841658879915,46.48533325799208,14.33506865419952,135.67027811911976,1891.066448605509,1.274,1.0325940868512888,0.0,8.662344947130979,345.0001478400497,0.1638094635293146,1.3877980341584286e-05,0.0944517549476945,-0.0909277099163409,-0.0156909323400876,4.664808036476513,12.57698535908649,56.15884223283752,21.419025921337855
2.07,31.222039335660494,131.0106723566944,54.487931115688696,3.7843122813332526,2.918436033179937,14.111476006719666,4.168143399138182,8.596477172511245,197.0828110428685,55.77181650959447,33.84988175691511,46.54485863902983,14.29863468864675,135.62005338755796,1895.247680361576,1.274,1.0325666186072808,0.0,8.672329458454417,345.0001478400497,0.1639940996485846,1.3698671821380652e-05,0.0749995236683537,-0.0757918733683551,-0.0124729450010437,4.777645575227057,12.64904023533861,56.23004516333723,17.04132020300983
2.08,31.22203732156673,131.01067502828806,54.86274767071424,3.86171398344842,2.9562232200060934,2.648847113974075,3.3702141210943943,7.547470942538509,94.35625516513028,55.98885655565218,34.027264437269785,46.591269354193024,14.268113133911386,135.57801445285844,1909.958556295056,1.274,1.0325101091494115,0.0,8.682215505407305,345.0001478400497,0.1646329913492038,1.3537930870893511e-05,0.0550037147860661,-0.0603482800057589,-0.0091827695475083,4.861980148101917,12.674764935635622,56.453013008423305,8.6798071340149
2.09,31.22203530095158,131.0106777086434,55.23804574646415,3.934666385467776,2.990802764319654,27.17537676593057,2.555594134377752,6.472238153113588,315.78905931083045,56.09067854025261,34.12493634224682,46.62424106922489,14.24365149439878,135.54434251500743,1916.8426690976617,1.274,1.0324719204277508,0.0,8.692116722712468,345.0001478400497,0.1649330938267145,1.3396081005132711e-05,0.0345321110577221,-0.0446493006201921,-0.0057753488440922,4.940893895290805,12.714197129053275,56.56025942188341,28.052130586830017
2.1,31.222033271290663,131.01068040069885,55.61425392485902,3.992621148930536,3.0141582103707485,2.20454682231663,1.7321203374445255,5.377348654142631,91.31249989625807,56.22720120216237,34.24617004360275,46.6434987052592,14.225362293752273,135.519175707548,1926.1154215316767,1.274,1.032432372372526,0.0,8.701933570672665,345.0001478400497,0.1653352373675162,1.3273258169205252e-05,0.0136266795821466,-0.028727444814685,-0.0022844686598244,5.001145900174979,12.733516824359862,56.70044571256109,6.064333937324433
2.11,31.22203123599684,131.010683100541,55.99081466086285,4.0348360719282805,3.02584216079159,22.519312843721725,0.901591476869481,4.264923504364977,274.6984487617491,56.4063836689254,34.39646260299368,46.64880241041236,14.213328449887278,135.5026169203393,1938.340946687724,1.274,1.032379570508951,0.0,8.711739820860052,345.0001478400497,0.1658628260344959,1.31697543412081e-05,-0.0076191212819005,-0.0126540428654175,0.0012813451167666,5.041872692955604,12.73083612180969,56.88146094109114,22.937347070719813
2.12,31.22202919239308,131.0106858112723,56.36817799370196,4.0715476099872365,3.0335607855870856,9.293466706319055,0.0676810417514528,3.143394693391029,155.99218548998823,56.48428599671047,34.476933389859944,46.63995346575564,14.20759982841845,135.494729394865,1943.628189311028,1.274,1.032350132408669,0.0,8.721497343684417,345.0001478400497,0.1660926054424514,1.3085560466417769e-05,-0.0291682796842421,0.0035426859064348,0.0049119697073942,5.075873583748049,12.73807350705359,56.96057401296122,9.810914042193632
2.13,31.22202714172109,131.0106885314668,56.74614145713332,4.0849161999641685,3.0241072520648804,6.035150479355409,-0.7727351426258374,2.002381621173227,127.07656400030532,56.70766047844157,34.65733354905352,46.61679904129205,14.20819078161472,135.49553354415727,1958.9600752770623,1.274,1.0322910903192404,0.0,8.731213564327229,345.0001478400497,0.1667501520821696,1.3020782635163588e-05,-0.0509384891627307,0.0198005139357072,0.0086117067453835,5.080970558027678,12.700291099978076,57.18246561150214,6.405442456686745
2.14,31.22202508431077,131.01069126074444,57.12465263017939,4.0973642592910045,3.014130891879885,21.63266372221244,-1.6051210630574293,0.8690794159086037,267.8499991619534,56.76684206991244,34.724733636039694,46.57921715033418,14.215086524866608,135.5050158413194,1962.979629032736,1.274,1.0322614862395287,0.0,8.74091448919559,345.0001478400497,0.166924890420195,1.2975397312363325e-05,-0.0728666148510092,0.0360721951101044,0.012331303019732,5.085064776866053,12.686168591395756,57.240082295069136,21.709533674783362
2.15,31.22202301832673,131.01069400121483,57.504014045789376,4.088819151568681,2.9888946215343224,-1.662581270873151,-2.4408012770315715,-0.2786633825225437,58.592187067308245,56.93844937355544,34.86953304228532,46.52714157471974,14.22823246839575,135.523114126858,1974.793806455794,1.274,1.0322143444764251,0.0,8.750543049152862,345.0001478400497,0.1674302250263186,1.294927752852429e-05,-0.0948955538556383,0.0523148869164055,0.0161072464614289,5.0632756126998215,12.634497947512678,57.40773093281392,2.9663682571413883
2.16,31.222020946783847,131.01069674938614,57.88372486414672,4.0682713409335856,2.955088612387314,28.47952480348912,-3.2702858733015514,-1.42504436546329,330.2468855659735,57.10129312822462,35.008453867476604,46.4605389565419,14.247544596045122,135.54973175753491,1986.033272969508,1.274,1.0321631240664668,0.0,8.760181183340432,345.0001478400497,0.1679097948840025,1.2942387929701922e-05,-0.1169317421393086,0.0684595098012058,0.019903631165163,5.026797919857509,12.572343540775655,57.565271594331485,28.702070555435654
2.17,31.222018865772306,131.0106995097441,58.2644249507808,4.038864187854685,2.9150076918518315,6.273895589720065,-4.086763812208061,-2.559707257900823,130.88125231851762,57.21022323204891,35.11033557527468,46.37942317748052,14.272904037491983,135.58472989523267,1993.5449136127468,1.274,1.0321278903825843,0.0,8.769730116685777,345.0001478400497,0.1682308337168354,1.295438505323665e-05,-0.13894289559917,0.0844820304263646,0.0236945271281115,4.979519277121312,12.509397945876822,57.667914060824856,7.912995992266924
2.18,31.222016778815355,131.0107022781998,58.64552665684887,3.9911406133785374,2.861910913647499,17.724438314051593,-4.90106660376779,-3.70078207340651,234.36874927713336,57.40302788680644,35.270458854446154,46.283851883536016,14.304159687128804,135.6279307357847,2006.93095572754,1.274,1.0320726066020571,0.0,8.77927945659832,345.0001478400497,0.1687985163732617,1.2985150225991218e-05,-0.1608237629114009,0.1003056094111677,0.0275173855186242,4.909835364459326,12.416295683197848,57.85238888974085,18.75825032773673
2.19,31.22201468403769,131.01070505687835,59.02732932672632,3.940325365864629,2.806739485717867,8.702058389014118,-5.684733397029878,-4.804017789469645,153.70937929308252,57.46364264765277,35.339419708007654,46.17392520372001,14.341130047401087,135.6791195865668,2011.09781973818,1.274,1.0320455789490193,0.0,8.788778632931574,345.0001478400497,0.1689774878874524,1.3034279256799724e-05,-0.1825266137712528,0.1158955849433173,0.0312626333826738,4.836478594063377,12.339474252699455,57.90434794484448,11.450790406022575
2.2,31.22201258196384,131.01070784512828,59.409733342947085,3.8681082592542335,2.7365083229646703,-0.2472519816172173,-6.4704335415528,-5.920734005632386,73.81094238931682,57.660064240108255,35.50289825594436,46.04979588244261,14.383600807016512,135.7380409088887,2024.7955083709724,1.274,1.0319913669488074,0.0,8.798238164293574,345.0001478400497,0.1695558171551398,1.3101427555852404e-05,-0.2039710817428874,0.1311939067727176,0.0350537079714113,4.737019866011995,12.222283710678957,58.089750557752936,8.77398056320601
2.21,31.22201047383689,131.01071064148343,59.79252606403177,3.792189764521536,2.663813669810668,19.57364830638499,-7.218093886848424,-6.989511942888221,252.63126284538905,57.7377383547466,35.5844110508207,45.91165101533535,14.431334088318936,135.80441044286812,2030.1796953334683,1.274,1.031957353468152,0.0,8.807687107981636,345.0001478400497,0.1697849605232192,1.3186184627719548e-05,-0.2250826138378128,0.1461474365857062,0.0387325401693915,4.6331674360202815,12.118867000428674,58.15601850160328,22.001860479995404
2.22,31.222008357229004,131.010713448659,60.17608165661544,3.699923376671274,2.579787078411038,-0.64554971775886,-7.955585497937555,-8.053374466323488,71.52812818788428,57.88714487090502,35.71631138532024,45.759732827318565,14.484062270195052,135.87790585902636,2040.6249378729187,1.274,1.03191394912014,0.0,8.817055033155345,345.0001478400497,0.1702250462526435,1.3287974195270914e-05,-0.2458093189230373,0.1607191559903983,0.0424071144016394,4.509487729632219,11.989661619791708,58.2922399689104,11.338646980478932
2.23,31.222006235289,131.01071626300484,60.55987854024631,3.596439190340913,2.4881223077450065,29.664134680862272,-8.669258253709438,-9.091719274044376,344.7046808185258,58.04101568454032,35.85206667730588,45.594320223191446,14.541497541096003,135.9581791731966,2051.412107320019,1.274,1.0318638266657818,0.0,8.826429231517345,345.0001478400497,0.1706782641957192,1.3406352966622776e-05,-0.2660583839821082,0.1748438737912454,0.0460208014707412,4.372298447523851,11.849539362866548,58.43172619464413,32.21453529684815
2.24,31.222004104001748,131.0107190890214,60.94453691273008,3.486207805244052,2.39193044786147,6.80242667242269,-9.34275491940506,-10.079946034158008,140.01250910530104,58.12747528471923,35.94121723971384,45.41573782411357,14.60333072723126,136.04485422256468,2057.4522637036325,1.274,1.0318324440205335,0.0,8.835732448871388,345.0001478400497,0.1709332541464507,1.3540558196088704e-05,-0.2857969020790379,0.188498549402963,0.0495068327378608,4.227045426609559,11.713122136860164,58.50308971412999,15.335103200477421
2.25,31.222001966471726,131.0107219231066,61.3295417141853,3.358849106056195,2.284172257956887,8.482459007263817,-10.0107421057507,-11.070688282501193,155.99218550271715,58.32903851466439,36.111976206886645,45.224353605587645,14.669234744036112,136.137530508108,2071.6691957149715,1.274,1.0317761494481374,0.0,8.845015276227105,345.0001478400497,0.1715267293205662,1.3690054720470437e-05,-0.3049310160524016,0.2016181888992982,0.0530025189452456,4.06119826788007,11.54489509740852,58.68774042070901,17.167620899998642
2.26,31.22199982186464,131.01072476613757,61.715004958647846,3.230654272853687,2.175992734650224,16.342836923687933,-10.611758589599692,-11.97119127477288,227.5203136714266,58.37375849975222,36.17312789718981,45.02057467954951,14.738868594728515,136.23578782221767,2074.7701625653126,1.274,1.031749432336502,0.0,8.854272603680515,345.0001478400497,0.1716589835763693,1.3854077888738478e-05,-0.3234081971368312,0.2141669973209013,0.056255200691222,3.894489938499504,11.398915921118666,58.71548047848008,22.869349785584173
2.27,31.22199766920172,131.01072761912343,62.10105033780016,3.08703033296764,2.057562416863528,-5.19879264935263,-11.202229954542688,-12.866725767761272,35.00312702946996,58.52293308657183,36.3087338347445,44.804857753415305,14.811876247679608,136.33918363124795,2085.310500904633,1.274,1.0317060024018536,0.0,8.863462568758926,345.0001478400497,0.1720984098002665,1.4031840280451677e-05,-0.3411688993312172,0.226104459998882,0.059494031442927,3.7093424824483168,11.224826192251866,58.846064772087466,17.8345180183875
2.28,31.22199551113029,131.01073047901184,62.48724626057589,2.935621663425603,1.9341324604947203,17.38739063117109,-11.751966926434488,-13.711732414565065,238.93437766866384,58.65524706228094,36.43346719648007,44.577693905817,14.887894537308744,136.447263197026,2094.67270821897,1.274,1.031660601414759,0.0,8.872656652066778,345.0001478400497,0.1724882579314295,1.4222622143642451e-05,-0.3581368194822903,0.2373795930894747,0.0625918224113842,3.5150346585993093,11.047205720436905,58.95900218119405,25.068739206621075
2.29,31.22199334564684,131.0107333479592,62.873873318833546,2.779801079156791,1.8079222311478624,13.368903816789071,-12.241325811451684,-14.476500996548216,203.93126162897704,58.70444283526748,36.49992123805442,44.33961792584678,14.966552369930984,136.55955746084211,2098.1099142836188,1.274,1.0316345828697984,0.0,8.881761934441505,345.0001478400497,0.1726336824472572,1.4425479443970348e-05,-0.3742696551880929,0.2479645436468209,0.0654637984130793,3.3156163312865377,10.87860471780752,58.98838347137631,23.197989740228188
2.3,31.221991172921072,131.01073622567313,63.26087407975,2.6118989223885767,1.6740224553767509,-6.251354131204312,-12.71251541658769,-15.224740033313171,28.91562550114089,58.84058064057766,36.62927652407625,44.09120265975435,15.04747504451782,136.67558818762657,2107.773966399136,1.274,1.0315935207087013,0.0,8.890857418648038,345.0001478400497,0.1730347827797897,1.4639530760037908e-05,-0.3895086248022549,0.2578208531104757,0.068284712200253,3.1020034798835545,10.68858154973146,59.103498062883205,20.79615795700431
2.31,31.221988994279386,131.01073911059063,63.64802268247795,2.436384618967892,1.5354568756947764,5.816310217972652,-13.145460976420356,-15.926049296512028,138.49062798801748,58.99112480092062,36.77022514231167,43.833054061855606,15.130288017923924,136.79487242941383,2118.494429267468,1.274,1.0315458576259595,0.0,8.899916242881014,345.0001478400497,0.1734782524251699,1.486388270931756e-05,-0.4037959220374593,0.2669115856443031,0.0709678905123806,2.8796139617222014,10.491754221858171,59.23228493468801,21.45394264533246
2.32,31.221986808963926,131.01074200345997,64.0354042909821,2.257929167332721,1.3952184163035848,19.750914496185544,-13.509078857372112,-16.533093571662,264.8062669041958,59.052199365518575,36.84790688469853,43.5658130034692,15.214618304769967,136.91692368053904,2122.804269341877,1.274,1.0315156403665868,0.0,8.90890603800334,345.0001478400497,0.173658617390073,1.5097521288265076e-05,-0.4170891799679334,0.2752101334535757,0.0733773658358737,2.6540291431872536,10.306997447019937,59.27133810292481,29.0849964424901
2.33,31.22198461647992,131.01074490471956,64.42305840180572,2.073070896723528,1.2512046655940012,6.64172595596601,-13.827527867399894,-17.082239509991773,148.38280982659873,59.11672944800113,36.92890072359755,43.290154225497695,15.30009669151387,137.04125426179314,2127.3669626382184,1.274,1.031487552728848,0.0,8.917901889394798,345.0001478400497,0.1738491463807977,1.533942903345003e-05,-0.4293443526011674,0.282689337385497,0.0756131070574763,2.421250260275326,10.118668086073566,59.31325259666654,22.95900601669413
2.34,31.22198241772921,131.0107478132767,64.81082209741237,1.8810635890005865,1.103078525539795,-4.014749447299479,-14.113325068387091,-17.592409584916094,54.026562674543406,59.23054652624085,37.04674944086718,43.00678131320013,15.386360904388408,137.16737919643649,2135.486848442541,1.274,1.031449971492025,0.0,8.92680755997413,345.0001478400497,0.1741846199804731,1.5588610567715646e-05,-0.4405157706022485,0.2893217773932217,0.0777270062050508,2.180537833698508,9.92017724788914,59.40380699213264,22.908448935141866
2.35,31.22198021357856,131.01075072809263,65.19854282663862,1.6852065428880028,0.95296803945512,7.11964204055845,-14.344587018428818,-18.02993927527013,155.23126043312428,59.3226876786425,37.15006763282043,42.71642516683033,15.473057376348164,137.29481817823068,2142.056245632069,1.274,1.0314143019885589,0.0,8.935690055284198,345.0001478400497,0.1744563518045518,1.58440368411518e-05,-0.4505641848640953,0.2950847416120746,0.0796207082526638,1.9359254324597464,9.724618373298924,59.47237264659447,24.11504073778214
2.36,31.22197800316981,131.01075365000156,65.58631148028977,1.4864155197707232,0.801463448181376,9.693387899674049,-14.514117329406227,-18.383363289867976,179.58125353103176,59.37303403755728,37.223852507376286,42.41984224846722,15.559842974740487,137.42309759093476,2145.6136635278845,1.274,1.0313874333761994,0.0,8.944549160502953,345.0001478400497,0.1746051753043101,1.610459261207945e-05,-0.4594608148332465,0.29996247873593,0.0812587393535073,1.6886771870505242,9.535884225513952,59.498923516063776,25.348952969946964
2.37,31.221975786854863,131.0107565785195,65.97404642707062,1.2838588303146494,0.6481950592382488,2.431469138017332,-14.636865606462626,-18.675234673237288,115.66250100150394,59.433112285189885,37.30580909470708,42.11781042070283,15.646387071266211,137.55175315822547,2149.8779118229822,1.274,1.0313600888424237,0.0,8.953319082326281,345.0001478400497,0.1747826198650053,1.6369205895888225e-05,-0.4671755344799785,0.3039391122747882,0.0827036608622431,1.4381863606456358,9.34654413367802,59.53492835511016,23.85192375996669
2.38,31.22197356522413,131.01075951291293,66.36163553202748,1.078562882510702,0.4939151824654076,-2.198252030216788,-14.71044336705812,-18.901466637788804,75.33281551688272,59.49612556788703,37.391010850618734,41.81112621290056,15.732372888906468,137.6803316666146,2154.3588125707383,1.274,1.0313321750470368,0.0,8.962085800293226,345.0001478400497,0.1749686971690445,1.663679691347823e-05,-0.4736834696740052,0.307002804489994,0.0839415337122948,1.1862635805235464,9.15881040498038,59.573708622422,24.051920860987792
2.39,31.221971338755885,131.01076245257613,66.74898447168329,0.8715115863481249,0.3392589173358467,3.781207979458705,-14.730153374641295,-19.0543141750316,130.12031125441527,59.5474032637778,37.468648083458,41.50060183528368,15.817498791090816,137.80839273296047,2157.9935811069527,1.274,1.03130522852104,0.0,8.970780238054912,345.0001478400497,0.1751202629744416,1.6906276232759316e-05,-0.4789654558037132,0.3091459269871638,0.0849475448465437,0.935211303107842,8.975853098588697,59.60069361849773,24.379127156343984
2.4,31.22196910718589,131.0107653976976,67.13609927844513,0.6633417973234218,0.1846871964522428,3.2370233688981096,-14.694916624668696,-19.131538346758603,126.31563092509812,59.583220131273954,37.53580570375082,41.18706169451609,15.901479320901847,137.93551033322584,2160.5099478656985,1.274,1.0312823898993284,0.0,8.979425053869484,345.0001478400497,0.1752263613966252,1.7176524036530267e-05,-0.4830083696783347,0.310364756708593,0.085712916800998,0.6885711122361101,8.799049217401828,59.612230678015145,24.339980575387727
2.41,31.221966870581603,131.01076834811136,67.52294091131432,0.454502370511924,0.030637678266778,-0.692219391826904,-14.610917740169048,-19.14223201138471,92.07344096205104,59.62230911839328,37.60639907311781,40.871338774296646,15.98404602793312,138.06127414423264,2163.2651786812885,1.274,1.0312591204725357,0.0,8.98806368034848,345.0001478400497,0.1753420831215471,1.744644092402648e-05,-0.4858030852825512,0.3106588575083493,0.086262204902911,0.4555338104274319,8.62653145851988,59.62712167341223,24.091142174543933
2.42,31.221964629237807,131.01077130341477,67.9094417241906,0.2457134064412453,-0.1223651702259471,-1.1330258628998584,-14.480268156154615,-19.08922061525221,89.02968570019311,59.66982289611232,37.68442840305814,40.55427130742065,16.06494803917729,138.18529062599464,2166.6339029146534,1.274,1.0312338376516972,0.0,8.996591757348353,345.0001478400497,0.1754825815956987,1.7714943803735848e-05,-0.4873451834598809,0.3100312734574489,0.0866017727641673,0.2744963045233212,8.458427704243304,59.65060183473203,23.986668321755634
2.43,31.22196238308736,131.0107742635915,68.29558248842956,0.0378349031758518,-0.2737662046901876,-0.6281934683292874,-14.297722047416496,-18.96359378702073,94.35625516198084,59.70648096073842,37.755309797249176,40.23669966687324,16.143952270536555,138.3071836736282,2169.2163188006502,1.274,1.0312107679535611,0.0,9.005104898626412,345.0001478400497,0.1755911549526114,1.798094518968854e-05,-0.4876352726243703,0.308488401346626,0.0867033381547522,0.2763682395554956,8.298304598301154,59.663478029495415,23.757890733353467
2.44,31.221960132075942,131.0107772286117,68.68134211761028,-0.1685374371756547,-0.4231299605476775,-1.807030829759328,-14.064818572976964,-18.767080062525977,84.46406530816766,59.7340515245081,37.820282958724704,39.91946308241769,16.220843631461907,138.42659536658417,2171.1396014150087,1.274,1.0311899008845125,0.0,9.013585897876522,345.0001478400497,0.1756730029001919,1.824337639451973e-05,-0.4866785491656504,0.3060400537207171,0.0865699765143934,0.455459454677487,8.146553590273815,59.667587029877815,23.52206997659259
2.45,31.221957876138365,131.0107801984578,69.06670087924914,-0.3727224330090831,-0.5699090826916728,-3.141435152669441,-13.78713624600568,-18.507942165363605,73.0500013181566,59.76725925456132,37.89054861861748,39.60339635877202,16.295424997490436,138.54318646336037,2173.4737252693144,1.274,1.0311674619968272,0.0,9.021973535464944,345.0001478400497,0.1757714292896745,1.8501193848157288e-05,-0.4844845635691537,0.3026990835627391,0.0862244268468671,0.6809653390405049,8.001783443987877,59.677739621366754,23.291579248320517
2.46,31.22195561533604,131.01078317298447,69.45162442772587,-0.573979417355538,-0.713577621789933,-1.7442696926956052,-13.464396186856314,-18.185026788155888,85.98593843764652,59.8010712939049,37.96224421405394,39.289326958646846,16.36751684787254,138.6566364638443,2175.8530806180065,1.274,1.0311448497168108,0.0,9.030351800565024,345.0001478400497,0.1758716329147868,1.8753379145233853e-05,-0.4810674564888208,0.2984816581452113,0.0856615443801167,0.915766542244278,7.865293101298941,59.6889856808207,22.69422042554964
2.47,31.221953349452324,131.01078615233607,69.83611297289382,-0.7716624252941459,-0.853694188996651,-0.6697222682208174,-13.09779323329276,-17.79954425366537,95.87812829277556,59.83481737279221,38.0348612512722,38.97807178048713,16.436957054980034,138.76664398696286,2178.228935960665,1.274,1.0311221929655587,0.0,9.038671763074142,345.0001478400497,0.1759716425629421,1.8998933064403106e-05,-0.4764454875089039,0.2934067548898783,0.0848832676035348,1.1507443681583822,7.7375941773916415,59.70072436480704,22.10937563878348
2.48,31.2219510785206,131.01078913640103,70.22013675074122,-0.9651660864047004,-0.989856534330423,-0.7658075113135991,-12.687847081118996,-17.35153115607652,95.11718822806812,59.86475803739504,38.10549232520068,38.670434276099286,16.503600351145582,138.87292671163272,2180.328892978614,1.274,1.0311006023674327,0.0,9.046923911781862,345.0001478400497,0.1760604605492092,1.923689863907669e-05,-0.4706412190014471,0.2874963829222725,0.0838880418409662,1.3824864737649558,7.61949923354443,59.70927947110196,21.509150568038205
2.49,31.22194880256788,131.01079212507767,70.60366769614447,-1.153922435926943,-1.1216742697703452,-2.88093230344767,-12.235361143115012,-16.841372790217232,76.09374858278413,59.88715742221503,38.17114693725714,38.36720138931281,16.567317832082548,138.97522143254244,2181.8803450088726,1.274,1.0310808041601984,0.0,9.055165552349443,345.0001478400497,0.1761270995545481,1.9466355201769103e-05,-0.4636816295309011,0.2807757260698108,0.0826754255229238,1.609198570848031,7.511710599411045,59.71097649415119,21.01512956654244
2.5,31.22194652186229,131.01079511802112,70.98665022649563,-1.337068355446147,-1.248497997441274,-4.977786688315331,-11.746105330747303,-16.27777785202131,57.07031394300064,59.91605909143308,38.24275403060688,38.06914013726676,16.627996552823323,139.0732843169704,2183.906387988095,1.274,1.031059984533268,0.0,9.063328083459025,345.0001478400497,0.176212861238236,1.968643301712842e-05,-0.4555985453876206,0.2732734561279935,0.0812704052450879,1.829266536935806,7.412570645328418,59.719961004053765,20.681281453409387
2.51,31.22194423613853,131.01079811543565,71.3690926253859,-1.5143885560350188,-1.3702697589084731,-1.4513190992624807,-11.217401500902564,-15.655269218638448,88.2687526322175,59.9338748906049,38.30652357396824,37.77699539583824,16.685538570264928,139.16689030945787,2185.12497520985,1.274,1.0310398672107552,0.0,9.071441665739409,345.0001478400497,0.176266018956515,1.989627848216153e-05,-0.446426139936812,0.265019384824509,0.0796549663511131,2.0421984804153097,7.324228653261955,59.718653937926696,19.31382608051506
2.52,31.22194194552793,131.01080111712434,71.75095779923893,-1.684997856854173,-1.486305321093474,-2.4906210270187947,-10.65498857617014,-14.98251157163274,78.37656277911502,59.9540831208213,38.37292515126016,37.49148701755381,16.739860298830106,139.25583305906764,2186.5184765567174,1.274,1.0310206030728903,0.0,9.079543033979045,345.0001478400497,0.1763262121772966,2.0095102660122102e-05,-0.4362036374585017,0.2560471623083206,0.0778543686109431,2.2467052217741847,7.244941639090241,59.72064101074474,18.552833413057243
2.53,31.221939650000007,131.0108041230586,72.13222837201924,-1.8485616585645743,-1.596446708924082,-2.236814696313961,-10.059415671366825,-14.259385652429035,79.89843690921948,59.969884635513054,38.43661818871292,37.21330708074806,16.790891826890995,139.3399248001651,2187.5909842906303,1.274,1.0310018597949242,0.0,9.087552359650935,345.0001478400497,0.1763734444374409,2.0282154786698297e-05,-0.4249732183096152,0.2463922563638471,0.0758671537999533,2.4423222292009354,7.175260426597427,59.71914781952668,17.593330066240604
2.54,31.221937349668444,131.01080713306794,72.51287172145153,-2.004233961331312,-1.700061341476886,-2.3038372203308994,-9.435314710574334,-13.492827735224292,78.3765627802707,59.99099212564289,38.5052118733932,36.94311740704468,16.83857611183299,139.41899603802307,2189.05105489721,1.274,1.03098229819124,0.0,9.095524859511462,345.0001478400497,0.1764362809766044,2.0456743091332355e-05,-0.4127811019991671,0.2360928828876502,0.0737138289930077,2.627923765751418,7.1137484468419,59.72398629762136,16.624958042587664
2.55,31.221935044401903,131.010810147233,72.89288388197707,-2.1519077169323886,-1.7971525085140174,-1.417761566664698,-8.782371255052569,-12.681051587197048,85.22499837146472,60.005460646459824,38.5691869287189,36.681547633248094,16.882868074547282,139.49289505576192,2190.02705647845,1.274,1.0309638171443003,0.0,9.10348426089235,345.0001478400497,0.1764795912013329,2.0618211410897416e-05,-0.3996755374510861,0.2251884788306902,0.0713880620063461,2.8033810110871324,7.061402720097536,59.72321087731516,15.490292511074088
2.56,31.22193273415496,131.01081316555116,73.2722520730835,-2.2908910791431767,-1.887249769928252,-3.486443182137531,-8.10486502865112,-11.830451643612829,65.4406256619233,60.02137735769186,38.63495574863268,36.4291928184128,16.923733911006327,139.56148775987975,2191.1091059421087,1.274,1.0309455428972685,0.0,9.111344739176976,345.0001478400497,0.1765271597483625,2.0765964431974984e-05,-0.3857082350119914,0.2137208104952869,0.0689090521239616,2.967826691288895,7.016768386881953,59.72498245991501,14.758174320924208
2.57,31.221930419036863,131.01081618786918,73.65094791914022,-2.4208413920996503,-1.9701433742340173,-2.98980378541461,-7.4046905360808655,-10.943088800151576,68.48437292375992,60.03552649289741,38.69987893021058,36.18661164734307,16.961150229407934,139.6246572061995,2192.062442721659,1.274,1.0309271586245612,0.0,9.119175465725098,345.0001478400497,0.1765695287754289,2.0899465179634688e-05,-0.37093397769277,0.201733621943581,0.0662827521469786,3.1208376712955093,6.979715751752878,59.72611807587537,13.546939178220589
2.58,31.221928099036223,131.01081921415897,74.02895743699142,-2.541372736183216,-2.04559523696967,-1.8821362428373225,-6.684479125963941,-10.022347459536324,76.85468964629574,60.04779402313594,38.76380048720107,35.954324388307995,16.995103377646753,139.6823034055901,2192.878664337856,1.274,1.0309091313098853,0.0,9.126992008468914,345.0001478400497,0.1766063628167862,2.1018228530551143e-05,-0.35540985999613,0.1892721652407649,0.0635193923977852,3.261945815521129,6.949692501661715,59.72654093289598,12.193118822586928
2.59,31.22192577413703,131.01082224440097,74.40626822500575,-2.652112697959984,-2.1134015781582365,-3.0529281908494315,-5.947099161285003,-9.072124695468167,64.67968559640212,60.05943774682204,38.82772297407734,35.73281123010748,17.025588729058207,139.7343430140101,2193.649584625888,1.274,1.0308918173648802,0.0,9.134709247351983,345.0001478400497,0.1766413610983173,2.1121824475563e-05,-0.3391950102302039,0.1763828589823594,0.0606310047492567,3.390719291802708,6.925934565732362,59.7275406763376,11.269064089921725
2.6,31.221923444352218,131.01082527855084,74.78286594822781,-2.7527041538307992,-2.17333400672332,-1.7461538490631607,-5.195251301209184,-8.09596824508916,74.57187544829654,60.07063562226602,38.89170359510983,35.522510827186835,17.052609953054766,139.7807089406806,2194.388186872254,1.274,1.030873851987928,0.0,9.1423973274793,345.0001478400497,0.1766750469641258,2.120988304153711e-05,-0.3223508227306396,0.1631134749841541,0.0576287673824776,3.5067257924174857,6.907857500626781,59.72933097476323,9.776727017402392
2.61,31.22192110954592,131.01082831671627,75.15875309645028,-2.842608032055838,-2.22503181549988,0.2527975735486002,-4.43229655323222,-7.098901426875472,90.55156683124268,60.08686898375836,38.960117826048354,35.32381938887274,17.07617827358253,139.82134986938732,2195.4949992068364,1.274,1.030855027340141,0.0,9.150070947177804,345.0001478400497,0.1767235417410073,2.128208217210429e-05,-0.3049395305044491,0.1495121804918718,0.0545287978804133,3.609310727716279,6.894270795676617,59.73744964488776,8.37278692058271
2.62,31.2219187694974,131.0108313590928,75.53394191968167,-2.921958486351341,-2.2686863438465337,-2.750160914172622,-3.6597608622809297,-6.082153359065771,61.635938333987326,60.10057971291918,39.02685021565907,35.13708990624291,17.096311795153454,139.85622982268245,2196.4178093862024,1.274,1.0308375168680448,0.0,9.15765199871018,345.0001478400497,0.1767646161066986,2.1338155034661403e-05,-0.28702453376688,0.1356276924820557,0.0513351261789562,3.6986911027142737,6.885449736951686,59.74430840887041,7.612478184278828
2.63,31.221916424669207,131.0108344052038,75.90837535431906,-2.9907660703274592,-2.304356869710092,-1.6650807023980485,-2.880021542167137,-5.048345538634806,69.24531398985869,60.106809895004446,39.087782138232974,34.96263024581563,17.11303518405826,139.88532826669777,2196.7941029985977,1.274,1.0308207984317768,0.0,9.165198595558302,345.0001478400497,0.1767836878360468,2.137792143311092e-05,-0.2686739033534985,0.1215119245192623,0.0480563164105812,3.774906368356922,6.881459540319171,59.74493993909886,6.045892035613861
2.64,31.22191407495652,131.01083745513867,76.28205612880562,-3.048556694803987,-2.331729604065784,-1.7619077305786492,-2.096623129601716,-4.002906327584108,66.20156672372235,60.11197668770235,39.14804515227676,34.8007017546986,17.12637932809488,139.90864010822236,2197.092837785101,1.274,1.0308044231520874,0.0,9.172729979245595,345.0001478400497,0.1767996306158439,2.1401237827305776e-05,-0.2499543558722912,0.107215477979653,0.0447102838243083,3.837385648060608,6.881126273216946,59.74581055119105,4.850093449209673
2.65,31.22191172045429,131.01084050879342,76.65496778713865,-3.0949167318297603,-2.350566686133907,-2.192992998365073,-1.3127053921134697,-2.950727143596682,60.11406420199117,60.1220565324881,39.21250692146027,34.651519484612564,17.13638068022507,139.9261750569148,2197.750919385466,1.274,1.0307875270080888,0.0,9.1801804543587,345.0001478400497,0.1768300221863592,2.140802492585993e-05,-0.2309342287005363,0.092789838893099,0.0413135266421205,3.8856528326125472,6.883359959596154,59.752933943823,3.9037423600079255
2.66,31.221909361103624,131.0108435662204,77.02711076658683,-3.1302079698844247,-2.361191719966397,-1.9399825495178185,-0.5301534257005395,-1.8934015730020408,60.11406420131667,60.12800296150711,39.27371599668935,34.51525183611466,17.14308082572495,139.9379572859158,2198.1070143709503,1.274,1.030771106076703,0.0,9.18758519574429,345.0001478400497,0.1768482552931887,2.1398253223813287e-05,-0.211681450979728,0.0782857783537837,0.0378716454130474,3.920188738204834,6.888857304640381,59.75721280708444,2.7621666249273007
2.67,31.221906996991265,131.01084662733237,77.3984719888531,-3.1540994295605502,-2.363401961870093,-0.6648129609089297,0.2479924841974665,-0.835624261297147,69.24531398875841,60.1350962886093,39.3359177026398,34.39202000618653,17.14652622821039,139.94402531807256,2198.547149373876,1.274,1.0307542199130135,0.0,9.194974404008224,345.0001478400497,0.1768698602606647,2.1371956624457088e-05,-0.1922652946908313,0.0637548621219736,0.0344007561976816,3.940605019879162,6.896776655823455,59.76395924524772,1.096241055279053
2.68,31.221904628246385,131.01084969200443,77.76903552485976,-3.1668867301942503,-2.3574861698230865,-0.5789305268078611,1.0193440436050698,0.2199002907036408,67.72343985824304,60.13783671894147,39.39458155766254,34.28189795147008,17.146767959212102,139.9444317948469,2198.669179702337,1.274,1.0307386768124227,0.0,9.202301273062412,345.0001478400497,0.1768786609873398,2.132922591659571e-05,-0.1727552960637509,0.0492485194713674,0.0309102683563149,3.947309345163849,6.907537815343291,59.76762813755425,1.1927191504938235
2.69,31.221902254597524,131.01085276051083,78.1388264245838,-3.168054298053584,-2.343110154551429,-0.0696234254507541,1.781115942163488,1.2682085974571082,70.00625405259574,60.14673852598323,39.45828179122408,34.18491228949715,17.143861497619945,139.93924327901613,2199.2419239767614,1.274,1.030721443123667,0.0,9.209565380578963,345.0001478400497,0.1769055822921049,2.1270190648782976e-05,-0.1532186058073527,0.034815989811117,0.0274177459368159,3.93968734997201,6.919851186243892,59.77878622416209,2.1875955904747455
2.7,31.221899876151703,131.0108558327566,78.507833368158,-3.158054163589763,-2.320649966249672,-0.7535157555682067,2.5310521076572567,2.3069832618575523,61.635938331148765,60.154247926848505,39.520747287550144,34.10104398342236,17.13786621693972,139.9285394116965,2199.7130504371644,1.274,1.0307050444489532,0.0,9.216814130633836,345.0001478400497,0.176928406849315,2.119504701956656e-05,-0.1337239744086989,0.0205074946010192,0.0239314120241113,3.91832450884452,6.93454838560714,59.78982074160228,3.506591298691178
2.71,31.221897493109527,131.01085890855833,78.87603700913878,-3.1373279049339047,-2.290486389237961,-0.8470272040893881,3.266539880483351,3.333237643318748,58.59218706674122,60.154117246538064,39.57679755770228,34.030226872067466,17.128845747305427,139.91241353721145,2199.6256010242155,1.274,1.0306900495973772,0.0,9.224025488568136,345.0001478400497,0.1769287585464504,2.1104049452466485e-05,-0.1143402451067445,0.0063730011233601,0.0204617062167762,3.883800886624408,6.952368318236824,59.79442430930968,4.743227915891539
2.72,31.22189510568412,131.01086198772418,79.24341803195551,-3.1056947283094742,-2.2525504457088465,-1.797259247009456,3.9850440914677967,4.342700858914785,47.93906414673634,60.15280113370942,39.63171995369936,33.97234804748381,17.116867930852013,139.89097252420115,2199.451638308365,1.274,1.030675592043272,0.0,9.231150302451736,345.0001478400497,0.1769256219280435,2.099750875504288e-05,-0.0951358487663182,-0.0075382856562122,0.0170240182676924,3.835929146240859,6.972672137515103,59.79906247801876,6.161961372965804
2.73,31.22189271411152,131.01086507004322,79.60995609130502,-3.0632673196329065,-2.2069554492680283,-1.2253526227484843,4.68421133557751,5.331957095434725,50.982815411735935,60.15119927013529,39.686169909931984,33.927248730029824,17.10200473387098,139.86433642655015,2199.256969535692,1.274,1.0306610675513403,0.0,9.238258880156108,345.0001478400497,0.1769216431279116,2.0875782671409195e-05,-0.0761777194053934,-0.0211785600489636,0.0136307254830021,3.7748664756869954,6.995546269198696,59.804617236787486,7.202297644084569
2.74,31.22189031826535,131.0108681556659,79.97566756843528,-3.010309781389923,-2.1539395026513377,0.4423764905535756,5.361796392207812,6.297886320217126,63.918752526855165,60.1485053036162,39.7394380965508,33.89472575117983,17.084332154011825,139.83263805663077,2198.982635462276,1.274,1.0306463245417188,0.0,9.245351378257944,345.0001478400497,0.1769144504493695,2.073926447400772e-05,-0.0575298749100562,-0.0345024042834058,0.0102931833394033,3.700966117854229,7.021304726132359,59.810244965771695,8.282990378677571
2.75,31.221887918286647,131.01087124448185,80.34054365647457,-2.946949286733709,-2.093667791877337,0.313606721518378,6.015836569779164,7.237290057271635,60.87500126416428,60.14788671943805,39.79414311033661,33.874532818754666,17.063930229027335,139.7960226674703,2198.860242039516,1.274,1.0306316088629537,0.0,9.252346247378435,345.0001478400497,0.1769133603797032,2.058840476111625e-05,-0.0392561144704307,-0.0474649546952525,0.0070233430761755,3.614427824193668,7.0498211327636895,59.81908733599659,9.416315955996629
2.76,31.221885514095465,131.0108743366029,80.70459826751282,-2.8735460679634537,-2.0264250440321274,0.0876128358330583,6.644232616874935,8.147326524138078,57.07031393551561,60.147570842527486,39.84874032631634,33.86638172407624,17.040883095400247,139.75464765875012,2198.760159585672,1.274,1.0306168447568282,0.0,9.259316528527856,345.0001478400497,0.1769131590203333,2.042368863341893e-05,-0.0214171599095421,-0.0600239224986088,0.0038316070567834,3.5157106888742784,7.081622188142531,59.82932709812469,10.51344056753408
2.77,31.22188310591522,131.01087743184308,81.06781656803406,-2.7906731115322034,-1.9526643879527688,0.018605537020254,7.24451762739417,9.024974281397135,54.787502739389765,60.142217442761336,39.89877948451306,33.869943731404554,17.01527911285853,139.70868234228828,2198.291983708493,1.274,1.0306032653500743,0.0,9.26627091381592,345.0001478400497,0.1768981389707825,2.02456570804406e-05,-0.0040735262924945,-0.072137420751116,0.0007286782083272,3.4055452989187542,7.11765223311996,59.83555300985687,11.572966024296123
2.78,31.221880693988247,131.0108805300004,81.43018284089796,-2.6987201021589127,-1.8727221863256631,-2.020333511718232,7.814552711446602,9.86714545272602,35.003127028307844,60.13098774512471,39.94355777005055,33.884850019949205,16.987211237919578,139.6583081024133,2197.394550635036,1.274,1.03059115774395,0.0,9.273165652215626,345.0001478400497,0.1768658328929507,2.005489698758533e-05,0.0127160333774314,-0.0837652066422403,-0.0022741582525498,3.2844458362293607,7.158336316564174,59.83687360652701,12.747923005878288
2.79,31.221878279179343,131.01088363025508,81.79162108981535,-2.598312793138956,-1.7870898746901485,-0.9273168458277288,8.351624812940285,10.67044295446652,43.37343975468588,60.107896298961954,39.9781052083064,33.91069292823873,16.956777220788464,139.60371819341805,2195.6308649422854,1.274,1.0305815121363633,0.0,9.279997912428884,345.0001478400497,0.1767986350909802,1.9852059771845668e-05,0.0288925761260672,-0.0948674609594721,-0.0051650363615244,3.153209449054209,7.204716642554123,59.827226391504574,13.581896273834516
2.8,31.221875861295366,131.01088673284312,82.1521601410097,-2.4889992781689503,-1.695492662583991,-1.5510203874223725,8.856102055886156,11.433204240755815,36.525001161149824,60.09199142201957,40.01807771977244,33.9470272420413,16.92407983586127,139.5451175598066,2194.3929721833574,1.274,1.03057024691337,0.0,9.286812999550222,345.0001478400497,0.1767525732816022,1.963779548293186e-05,0.0444044500686194,-0.1054097321431152,-0.0079356703956011,3.0113126912242434,7.254910215388343,59.82570292536085,14.544908630765185
2.81,31.22187344033652,131.01088983780988,82.51181055686492,-2.3717208080708287,-1.5986300731315153,0.445964727004356,9.325216406931313,12.15253137823015,53.265625602936126,60.0716383106642,40.053852649361694,33.99337516497752,16.88922641191427,139.48272137516798,2192.8308917682125,1.274,1.0305593938366269,0.0,9.293611327330648,345.0001478400497,0.1766934253843511,1.9412788795144622e-05,0.0592024861321728,-0.1153595926301344,-0.0105763283983947,2.8599331781216017,7.310594074975143,59.820558665934776,15.324573875729836
2.82,31.22187101644196,131.0108929450643,82.87056998370987,-2.246573185267196,-1.4966528657938232,-0.5502948249673937,9.758899131208045,12.827032370185176,43.3734397523079,60.056840193167695,40.09369699856138,34.04922689168894,16.852329288483762,139.41675522648163,2191.675029276032,1.274,1.030548344859192,0.0,9.300306604773198,345.0001478400497,0.1766506146365824,1.917776689848061e-05,0.0732393688708705,-0.1246863395736265,-0.013080296614746,2.6992430001617858,7.370810174367606,59.82177324524309,16.126738544208415
2.83,31.22186858991026,131.0108960543568,83.22842087461974,-2.114554321901368,-1.3902667388634786,1.2441683585126977,10.153949675331948,13.453389320942112,58.59218706620188,60.03351427359552,40.12593513963384,34.11404276925251,16.813505916106266,139.34745465017295,2189.897503785522,1.274,1.030538450942747,0.0,9.306984699862603,345.0001478400497,0.1765827180346369,1.893349199193025e-05,0.0864703925657167,-0.1333614691140569,-0.0154367819774363,2.530475040439007,7.437508722143463,59.81515311407981,16.901015742680592
2.84,31.221866160645565,131.01089916583567,83.58538552211753,-1.9756314891342,-1.2795113994100564,-0.1250502222446628,10.511356693427036,14.031238540325928,45.6562499505332,60.01635698712704,40.16264516952242,34.1872552301304,16.772879055460937,139.27506484535107,2188.570815744427,1.274,1.0305279049330651,0.0,9.313646234450587,345.0001478400497,0.1765329636235925,1.868073936829908e-05,0.0988554282011471,-0.1413598475170022,-0.0176421216960807,2.3536397971987686,7.509089335065175,59.81538851144198,17.532253479517813
2.85,31.221863728576217,131.01090227962752,83.94148449009111,-1.830549115225768,-1.1649546701166584,-1.170302878549092,10.829480964282748,14.558511410642977,35.76406409430929,60.00011617546665,40.199502067833976,34.268272017508664,16.730576705644346,139.19983991393295,2187.311575345852,1.274,1.0305168963562137,0.0,9.320256141118689,345.0001478400497,0.1764859028304063,1.842030946506065e-05,0.1103574437963209,-0.1486587862560395,-0.0196888119343065,2.1696929839636967,7.586280047012063,59.81713813165901,18.182340918515536
2.86,31.221861293965063,131.01090539552192,84.29670537550805,-1.679986900665959,-1.0471115440143215,0.1505295162163962,11.106827410960085,15.033186989213748,47.17812708140805,59.98061636523869,40.23306530299162,34.356478142365646,16.686732242563956,139.12204249523668,2185.8153876818687,1.274,1.0305063966006731,0.0,9.32680058326472,345.0001478400497,0.1764292537689059,1.815303545763644e-05,0.1209419342455999,-0.1552377944128476,-0.0215694356914796,1.979516185569956,7.669636680065337,59.8161456243021,18.69173574938326
2.87,31.22185885668665,131.01090851370333,84.65107533237916,-1.524286779443854,-0.9262595854691056,0.2650176830243939,11.343837710273547,15.454915001609512,47.93906414598076,59.96477598280164,40.268971418997,34.45123787858116,16.641484521982274,139.04194336309175,2184.5865662066044,1.274,1.0304951668729163,0.0,9.333329252622883,345.0001478400497,0.1763833665818716,1.7879758861006067e-05,0.1305787204890316,-0.161079514046202,-0.0232811682881634,1.78359316617812,7.758291673443739,59.819285804819074,19.173087546775417
2.88,31.221856416681653,131.01091163429075,85.00461539261764,-1.3641035419280538,-0.8028896319203266,-1.4217918952901236,11.539618381120176,15.822349319604289,32.72031283152717,59.95021290420208,40.30524919527488,34.551897862832284,16.59497779022545,138.9598207161382,2183.451345104411,1.274,1.030484064665874,0.0,9.339842653138698,345.0001478400497,0.1763412345162551,1.7601336904451117e-05,0.1392410445162489,-0.1661691557456246,-0.024818720019064,1.5828102950241358,7.852439410171609,59.82409942323373,19.63494391555478
2.89,31.22185397416352,131.0109147571266,85.35731933675255,-1.2000790004518211,-0.6775058498832401,0.0250550444625357,11.693637216576516,16.134463595923332,45.6562499486834,59.935988927866525,40.34115069238384,34.657789079229985,16.54736173210735,138.87595975365247,2182.34132545807,1.274,1.030472326535986,0.0,9.346278455140036,345.0001478400497,0.1763000979111682,1.731865340818304e-05,0.1469048781148488,-0.1704941883018479,-0.0261776427592059,1.3780916722562302,7.95198800893796,59.82956903787316,19.92643205986289
2.9,31.221851529191028,131.0109178822109,85.70919690983821,-1.0328905402442574,-0.5505883177920268,-0.4978167445774086,11.804671225419812,16.38967266780762,41.090625555050096,59.91668821901048,40.372217844223776,34.76822937316324,16.498791335935714,138.79065197602952,2180.862213270967,1.274,1.030462148156338,0.0,9.352678551062535,345.0001478400497,0.1762440262034993,1.7032595040609375e-05,0.1535505415258721,-0.1740453316792984,-0.0273521265975587,1.1704603895207717,8.057424425649,59.8302033393685,20.20444145254494
2.91,31.22184908204751,131.0109210093142,86.06023511734973,-0.8630437825914558,-0.4225280021713053,0.158185278580305,11.87325234257276,16.58800566356115,47.17812707951601,59.89602417248364,40.40147270742525,34.88252584803816,16.44942675322267,138.70419453097213,2179.2846169187974,1.274,1.030451964823293,0.0,9.35906338904293,345.0001478400497,0.1761839421285071,1.6744066992160545e-05,0.1591614340548214,-0.1768156449941226,-0.0283408661975585,0.9609167397136584,8.167964581438957,59.82965423067924,20.400026364372813
2.92,31.221846632779336,131.01092413844998,86.41044544679013,-0.6911072574830402,-0.2937582772875207,-0.5584715220447646,11.899854442762203,16.729556683714623,41.09062555313811,59.87624879770185,40.4307509870093,34.99997752976515,16.399433064098794,138.61688945476106,2177.7724598905447,1.274,1.03044189125395,0.0,9.365433166118942,345.0001478400497,0.1761264699669088,1.6453968893740486e-05,0.1637253468039238,-0.1788013252922481,-0.029142926060696,0.7509453919459755,8.282927617119798,59.83010555756799,20.53768470479287
2.93,31.22184418172031,131.0109272693346,86.75980957983884,-0.517788854003615,-0.1648081121798632,-1.6255928898697385,11.883599956906057,16.813203523918776,31.95937576639485,59.851092532060406,40.45498988718025,35.11987808874542,16.348979940320238,138.52904280015696,2175.8697947483065,1.274,1.0304332474460027,0.0,9.3717071217805,345.0001478400497,0.1760531676729399,1.6163212458472986e-05,0.1672335976316877,-0.1800013552894167,-0.0297538844340308,0.5433840922749648,8.402681014559962,59.82520457003583,20.652997673850823
2.94,31.221841729039816,131.01093040185327,87.10832626800342,-0.3436096066735377,-0.036051985651821,-1.6807960078343405,11.825417527526517,16.839593881467206,31.959375764299384,59.823674264394086,40.47669210924462,35.241518361825335,16.298241213985364,138.4409636708309,2173.80380927703,1.274,1.030424714886116,0.0,9.377965239700591,345.0001478400497,0.1759732093677893,1.58727024436591e-05,0.1696816890858535,-0.1804177459835595,-0.030174602612799,0.3454957190549823,8.526358878806347,59.81801123210422,20.645520022828947
2.95,31.22183927477447,131.01093353602815,87.4560081140203,-0.1691411151800928,0.0920727764698642,-1.3187254992025648,11.726769332647958,16.80997865608882,35.76406409142815,59.79909743666524,40.50000993057706,35.3641891191172,16.24739442683179,138.3529632953734,2171.945448225448,1.274,1.03041552798552,0.0,9.38420839267738,345.0001478400497,0.1759016069933055,1.558333222197887e-05,0.171069004928509,-0.1800551642461479,-0.0304077951903291,0.1925774867030437,8.652705032686521,59.81356018834823,20.538537882272472
2.96,31.22183681896844,131.01093667187277,87.8028668796689,0.0049840675094895,0.2191008162605384,-1.6444662244656274,11.58835438665138,16.724953948849866,33.48124989822239,59.77752232906322,40.52507597168466,35.48718356360126,16.196620334543628,138.26535409748638,2170.3060717796607,1.274,1.0304061263935576,0.0,9.39042538297535,345.0001478400497,0.1758388321462544,1.529598847062785e-05,0.1713986061369002,-0.178920931617706,-0.0304543741613319,0.2191574970065983,8.781085921206355,59.811938520921856,20.413679510200488
2.97,31.221834361631306,131.01093980943637,88.14891796766307,0.1781481224075815,0.3445994094318652,-1.97584365293682,11.409482142967937,16.58381785840958,31.19843769831812,59.750268233435165,40.54489738718112,35.609799764288006,16.14610230203695,138.1784486522708,2168.2553506801846,1.274,1.0303976211291117,0.0,9.396559976612656,345.0001478400497,0.1757593500878876,1.5011544487738756e-05,0.1706773003531749,-0.1770250949064488,-0.0303113759211334,0.387924121222573,8.91210761120116,59.80439745575341,20.22630108725912
2.98,31.22183190306333,131.01094294846257,88.4941455545879,0.3497989231829961,0.4681717945585462,-2.907643406096012,11.191989664532713,16.38837777528475,23.589064040646782,59.72223464724821,40.56341700168807,35.731343163230775,16.09602556581833,138.0925584886519,2166.149291717152,1.274,1.0303895532758247,0.0,9.40267995636251,345.0001478400497,0.1756775728437272,1.4730870415887793e-05,0.168915611142639,-0.1743804610213011,-0.0299834389423356,0.584415428143522,9.044462867965054,59.79577408242107,20.057266736359363
2.99,31.22182944358383,131.0109460886721,88.8385312376803,0.5193911570995707,0.5894412545880529,-1.630307295239564,10.936326088293896,16.139161909744825,35.76406409072257,59.68933670692944,40.577347636717874,35.8511289949191,16.046576472765135,138.0079929263077,2163.691827027139,1.274,1.0303821534290531,0.0,9.408785090596725,345.0001478400497,0.1755814843637079,1.445481787171152e-05,0.1661278251956707,-0.1710024343176097,-0.0294713716896773,0.7856199141354415,9.178106363167378,59.78192428947394,19.5635803812944
3.0,31.221826983347228,131.0109492299568,89.18207390657966,0.6863221451482708,0.7079538203561301,-2.7384963385247074,10.644757167531608,15.838531464364513,26.63281330541912,59.65743369127434,40.59144773017729,35.9684847003527,15.997941640275911,137.92505784941943,2161.3081009190832,1.274,1.0303752496743437,0.0,9.414860057732083,345.0001478400497,0.1754883201370588,1.4184213425805996e-05,0.1623317917420203,-0.166908862592106,-0.0287816053955443,0.986008481949025,9.311485308374426,59.768635987666144,19.27872652172579
3.01,31.2218245222348,131.01095237249575,89.52480186092262,0.8500013073775948,0.8232778053870288,-1.976139083575697,10.318798472592544,15.488170579386924,34.24218696007312,59.62755197168262,40.60658568729133,36.08275211268005,15.950307102634891,137.84405452448044,2159.0723117607818,1.274,1.0303672308104883,0.0,9.42085824466834,345.0001478400497,0.1754010994425995,1.391985137763788e-05,0.1575484865480019,-0.1621197169675284,-0.0279186080868429,1.183316881497881,9.44373240577216,59.75686769696557,18.71539888679374
3.02,31.22182206026075,131.01095551632557,89.86672853821818,1.0100213977937684,0.9351778461296684,-2.0653852530283623,9.95876628463052,15.088671925482537,34.24218695837674,59.59237550620124,40.61685458579533,36.193289338117935,15.903857462162884,137.76527848739656,2156.454701434732,1.274,1.0303606292666487,0.0,9.426842464992902,345.0001478400497,0.1752983013412582,1.366250309611826e-05,0.1518020682746874,-0.1566571414575399,-0.0268835519674006,1.3764484130638657,9.575356811588447,59.73926637646975,18.196451924212187
3.03,31.221819597779536,131.0109586611198,90.20782962745876,1.1656800755576586,1.0431231247619568,-4.197426096465745,9.567932236186977,14.643535328968447,15.979688387736632,59.56288042746307,40.63109748510948,36.299473185717694,15.858774765164265,137.68901802037283,2154.249879507984,1.274,1.0303536032631566,0.0,9.43281221439067,345.0001478400497,0.1752122133755699,1.341292380552999e-05,0.1451205621132423,-0.1505460801494145,-0.0256867202388478,1.5642141016898157,9.703954800675362,59.726724773191634,17.98879762636471
3.04,31.22181713478395,131.0109618069337,90.54811999052536,1.316710534716305,1.1469811799421128,-3.349530725614302,9.146127968623968,14.153012192714554,24.35000010511094,59.526209542995424,40.63901194280327,36.40070098922656,15.815237532453889,137.61555294406142,2151.5276648386425,1.274,1.0303469974561694,0.0,9.438756358247144,345.0001478400497,0.1751050144664686,1.3171825158946642e-05,0.1375343482289987,-0.1438128766685098,-0.0243281563301984,1.7461560214833471,9.830922951756405,59.70636489216451,17.180767358514775
3.05,31.22181467131324,131.01096495377112,90.88760891798655,1.4623717060152384,1.2461843416299692,-3.5216730125282343,8.696824425437201,13.62086666924336,23.589064040145303,59.494360943591296,40.65028468261207,36.49639236578864,15.773419732657992,137.5451533547362,2149.155807559383,1.274,1.0303398516424656,0.0,9.444622077803318,345.0001478400497,0.1750119986585028,1.2939886281709866e-05,0.1290767443101479,-0.1364859376539982,-0.0228191476684518,1.9212415710612905,9.953662156912127,59.6900956888842,16.539798811211565
3.06,31.221812207498143,131.01096810153533,91.22629485307236,1.602418279282528,1.3406271795588929,-4.968368607669729,8.220750536952966,13.048339569628668,11.414062989657848,59.458831678016665,40.65807999171895,36.58599093301109,15.733489697325297,137.47807829883098,2146.5197406812395,1.274,1.0303337988628871,0.0,9.450473949649224,345.0001478400497,0.1749081532532771,1.2717753484876337e-05,0.1197840126199217,-0.1285956479523892,-0.0211629736454038,2.089152205051963,10.072986193821505,59.66939768815675,16.20261063954904
3.07,31.221809743595102,131.01097124999143,91.56416146251416,1.7364298108927985,1.4300308639268955,-3.77380915388094,7.719983332051086,12.438008605735684,22.828124973290755,59.41979276611156,40.66256436217004,36.66896625536742,15.695608952087264,137.414574334303,2143.6323086224047,1.274,1.0303279173610655,0.0,9.456311680770268,345.0001478400497,0.1747939811825033,1.2506038869487434e-05,0.1096954189915766,-0.1201743939409246,-0.0193672059504625,2.2493444828921785,10.188297216993336,59.64439816799669,15.117666362683664
3.08,31.22180727969589,131.0109743990785,91.90121013175292,1.863964729549702,1.5141009978909077,-4.9595689658658015,7.196793826746371,11.792664322285573,12.935938119230494,59.37890274149663,40.66509504986097,36.74481530915016,15.659931166397138,137.35487431023213,2140.613612889628,1.274,1.030323034088476,0.0,9.462135304470277,345.0001478400497,0.1746743612265705,1.2305308718289647e-05,0.098852087278307,-0.1112556510192051,-0.0174401926158877,2.401261645921237,10.298775007918758,59.61670948966121,14.678490982726421
3.09,31.221804815872115,131.01097754875445,92.23744383261064,1.9845015791266056,1.5924613129601963,-4.6100878672257615,6.653644930656585,11.115270238929888,16.74062444709442,59.3396783189238,40.66855274952261,36.8130637690135,15.626601132713816,137.29919620327027,2137.717313105783,1.274,1.0303174573211389,0.0,9.467870755860734,345.0001478400497,0.1745596384584752,1.2116087890159555e-05,0.0872974547338693,-0.1018744402607285,-0.0153909698232531,2.5442416027115478,10.403249673455454,59.58978935276475,13.750386666971758
3.1,31.22180235217784,131.010980698993,92.57286676942768,2.097685402731296,1.6649128323244322,-2.8102282521349444,6.09260164672303,10.40847306299047,33.48124989417879,59.30247069421541,40.67319783400095,36.873267153734815,15.595753764655583,137.24774198424777,2134.9684448745475,1.274,1.030311301942496,0.0,9.473592330767012,345.0001478400497,0.1744508460627908,1.1938856894180608e-05,0.07507684440431,-0.0920669416304571,-0.0132276897896655,2.677868574875265,10.50120753638739,59.56395778767328,12.383597585425159
3.11,31.221799888345817,131.0109838501137,92.9075190439913,2.203136390715111,1.7312190553563789,-4.667308633693911,5.515757165735011,9.674936868536776,17.501563513783047,59.268339720267086,40.679902040228285,36.92501163822388,15.567513250776376,137.20069673332003,2132.4429769532,1.274,1.0303050293117388,0.0,9.479300686865706,345.0001478400497,0.1743511019837387,1.1774043114427892e-05,0.0622358785735221,-0.0818691662622703,-0.0109585932666757,2.8016873492320125,10.592004116296152,59.54023759651222,12.075253637240216
3.12,31.22179742461232,131.01098700188695,93.24138262628466,2.3007636143291617,1.791366525126033,-5.669641916608524,4.924880239509985,8.917224048797273,9.131249795289026,59.23137674304214,40.683977973693246,36.96791478682681,15.541992246927048,137.15822779749126,2129.715585693015,1.274,1.0302995248006632,0.0,9.484995708418586,345.0001478400497,0.1742430245956223,1.16220420629734e-05,0.0488237374023244,-0.0713196265796003,-0.0085913244675509,2.915610074781376,10.67626079361832,59.51271809765386,11.65830903572764
3.13,31.22179496116893,131.0109901541281,93.5744436878714,2.390559595243655,1.8453843215446768,-5.731854229094536,4.32201612468344,8.138297447757308,9.131249789799783,59.18482728775354,40.68010419589936,37.00162751963353,15.519290698317969,137.120483305054,2126.3013176139,1.274,1.0302955013699495,0.0,9.490623183538872,345.0001478400497,0.1741067438288853,1.148320224072122e-05,0.0348912921072508,-0.0604578725927304,-0.0061346641923158,3.019642697175072,10.754792669639174,59.47464946487501,10.851998047999535
3.14,31.221792498097912,131.01099330676834,93.90670009247332,2.4714940563078724,1.8925396918958608,-4.2589449118308735,3.710371111711564,7.34148793327952,22.828124974320747,59.1488227888581,40.68433938099026,37.02583503855681,15.499495019237385,137.08759123980442,2123.647193813735,1.274,1.03028922406491,0.0,9.496218413862607,345.0001478400497,0.1740014811587461,1.1357820544174328e-05,0.0204902771847905,-0.0493238815477443,-0.0036003391609558,3.112517861402752,10.823693862634991,59.44604817364328,9.262986053272593
3.15,31.22179003517887,131.01099646006494,94.2381835923522,2.543860699710001,1.933121027833892,-4.655767448884696,3.0914671727137675,6.529395875555378,19.78437571123297,59.11079343410694,40.686680568542,37.04025609731446,15.482677874541425,137.05965946847877,2120.849665395601,1.274,1.0302836576626375,0.0,9.501800680692067,345.0001478400497,0.1738902595244564,1.1246136598721258e-05,0.0056715605986348,-0.0379565849705463,-0.0009958753692262,3.1946405382198777,10.884936507200212,59.41438976801526,8.594553526378245
3.16,31.221787572575792,131.01099961385344,94.56888096935536,2.607487748631551,1.9670461434741289,-5.475460429790224,2.467613251196826,5.70510907412756,12.935938121950784,59.070697880299726,40.687125407711136,37.04464403337804,15.468897496935153,137.03677494288516,2117.9060639891286,1.274,1.030278783455289,0.0,9.507369750819162,345.0001478400497,0.1737729572134031,1.1148353189776098e-05,-0.0095110376107831,-0.0263969061282601,0.001668867316469,3.265821658732217,10.938290256623825,59.37962007258804,8.28360136796631
3.17,31.22178511040076,131.01100276802242,94.89878409648976,2.6623079973317862,1.9943031930986903,-4.845367052526815,1.841116197166742,4.871809984681336,19.023437646140785,59.02664741355528,40.68421440854598,37.03878768592167,15.458197100066505,137.01900300477377,2114.6813744201,1.274,1.030274370659379,0.0,9.512898767047378,345.0001478400497,0.1736440179444158,1.1064622438752974e-05,-0.0250031885868592,-0.0146858839569183,0.0043838081334124,3.325998502925396,10.983890783677902,59.33984857511106,7.113495853096625
3.18,31.22178264861635,131.01100592262057,95.22790118270468,2.707855238291732,2.0145860191906726,-5.320119971015924,1.2141903367613247,4.032147260353792,15.218750315058047,58.986277944321166,40.68407316921548,37.02251169845872,15.450604552382751,137.00638705988743,2111.722954970212,1.274,1.0302692822817878,0.0,9.518370487481452,345.0001478400497,0.1735259049375898,1.099504309688568e-05,-0.0407507495694404,-0.0028642339799956,0.0071397148629063,3.374613220630547,11.020171907782576,59.30266317526098,6.784994193738536
3.19,31.221780187277204,131.01100907759275,95.55622897743204,2.744210433308812,2.0280167902203,-6.218950819949304,0.5889442114717641,3.189161038279175,7.609375658349378,58.94618041650165,40.68398896981397,36.99567608330472,15.446132366374515,136.99894870749475,2108.786315768712,1.274,1.0302643854965483,0.0,9.523829137291491,345.0001478400497,0.173408589507873,1.0939666812689676e-05,-0.056699042869921,0.0090272541830943,0.0099268612499052,3.411802650660816,11.04767394914275,59.264674035325065,7.013768795252102
3.2,31.221777726393025,131.01101223292972,95.88376854294482,2.771437565874322,2.0346885726954,-4.562394274006844,-0.03240963572241,2.34600136475709,22.828124967330115,58.90384806835425,40.68199185221432,36.95817662821407,15.444777569901252,136.996687604276,2105.692187158258,1.274,1.0302595261546967,0.0,9.529274646325865,345.0001478400497,0.1732846972199115,1.089849642041758e-05,-0.0727933217650423,0.0209480278982686,0.0127350916471285,3.4376727892547243,11.066795006405826,59.22338902973284,5.130323020962737
3.21,31.221775266013623,131.01101538857523,96.21051548262987,2.7894298767558925,2.034567900436395,-6.395669285944814,-0.6477948414498402,1.5054594628448503,6.848437594563942,58.86110856911592,40.67956751492835,36.909944836905055,15.446521793081928,136.99958161446983,2102.5714986560383,1.274,1.0302557073220524,0.0,9.534707084377612,345.0001478400497,0.1731596046946536,1.087148608301793e-05,-0.0889789886741151,0.0328579039167321,0.015554967908597,3.452117368769572,11.077175250669354,59.18063058729062,6.602320195662732
3.22,31.22177280628576,131.01101854436385,96.53645342355352,2.798219722361554,2.0277029795159978,-4.056743393040751,-1.2550508508399107,0.670563039005754,28.15468843280438,58.8170675609002,40.67606898196839,36.850948180828325,15.451331360127352,137.00758689583895,2099.360473543677,1.274,1.0302510775156395,0.0,9.540064184041832,345.0001478400497,0.1730306808280873,1.0858546530027652e-05,-0.1052006269412004,0.0447163127064311,0.0183764363337817,3.455190770962026,11.078964311992472,59.1355119173239,4.299066687602601
3.23,31.221770346950755,131.01102170057052,96.86161156724997,2.797569722526583,2.013986081898996,-5.0384964010033455,-1.852661858084332,-0.1568079883382863,19.7843757101158,58.77784046859488,40.67637648561234,36.781189381294126,15.459157733699476,137.0206385014254,2096.495551234744,1.274,1.0302460607562591,0.0,9.545401170036556,345.0001478400497,0.1729159163351118,1.0859529600469826e-05,-0.1214058180612016,0.0564851033191744,0.0211923509491228,3.446637804704066,11.071120403426711,59.09413151983545,5.370604313159819
3.24,31.221767888095943,131.01102485708884,97.18597872630107,2.7877894658584506,1.993688272044056,-5.254453447103428,-2.438431889137189,-0.973341304369906,18.26250058128455,58.738504986279416,40.676584808032416,36.7007055084985,15.469938145506914,137.03865122368663,2093.6251057229806,1.274,1.0302410814197032,0.0,9.550725207956631,345.0001478400497,0.1728008305868987,1.0874250952614693e-05,-0.1375408583721738,0.0681255274075055,0.0239920345151646,3.4268681941738603,11.054671104865132,59.051609614750056,5.873893461796083
3.25,31.221765429734965,131.01102801389007,97.5095513062264,2.769282842593093,1.96714074168894,-5.385848822206745,-3.0098704984110665,-1.7752326486079717,17.50156351152842,58.69268732813056,40.67161389586192,36.609568391580254,15.4835959415447,137.06151989868698,2090.2951334851946,1.274,1.0302373751119869,0.0,9.556036243041156,345.0001478400497,0.1726666726814367,1.0902479254812256e-05,-0.1535531971850565,0.0795999342863272,0.0267634315185302,3.3964034179321216,11.030948162856426,59.00162437111512,6.420135427664649
3.26,31.22176297204023,131.0110311707693,97.83230692659797,2.7418312024994584,1.934223080469164,-4.6669844016351245,-3.5657075278275494,-2.560949210416809,24.35000010368152,58.64764135557969,40.66730863433215,36.507884146393394,15.50004124849384,137.08912018395412,2087.0229993973408,1.274,1.0302334750719933,0.0,9.56131410420514,345.0001478400497,0.1725347824160749,1.0943944097853426e-05,-0.1693901740177446,0.0908708617123767,0.0295001494997017,3.3549963954438247,10.998781452178262,58.95141070093511,6.407298528822119
3.27,31.22176051494345,131.01103432778174,98.15424974591582,2.705618002944116,1.89510134843232,-4.97129540740558,-4.104159568625488,-3.327885552844119,22.06718790678714,58.60258130689446,40.66308091486033,36.39579245709548,15.519171767162044,137.12130949420873,2083.752690357472,1.274,1.030229748130001,0.0,9.566531007571518,345.0001478400497,0.1724028481960767,1.0998325261112066e-05,-0.1850016881035638,0.1019028638303901,0.0321932214511476,3.3028938521440483,10.958524521224511,58.90020885595959,7.2548415589357
3.28,31.221758058415247,131.0110374849374,98.47537871727208,2.660740446691221,1.8499045920755115,-5.703117214423839,-4.623899542033104,-4.074168473213973,15.979688382530238,58.55983875358764,40.660802448457694,36.27346550655962,15.540873720106944,137.15792814774974,2080.6498876485643,1.274,1.0302256535366523,0.0,9.571734716294458,345.0001478400497,0.1722777292942651,1.106526356360492e-05,-0.2003385699769045,0.1126614744432789,0.034835578161979,3.2402509452402484,10.91004398828053,58.850370603988985,8.396716125033771
3.29,31.22175560253781,131.0110406421224,98.79567963069616,2.6076930366997395,1.799021708817535,-6.096075509907994,-5.122584642521296,-4.796127808976304,12.935938119839436,58.51333716345081,40.655610702560494,36.14110715394165,15.565022823880229,137.19880051477116,2077.2827487929,1.274,1.0302223116119489,0.0,9.576925062557512,345.0001478400497,0.172141549089804,1.1144363103549144e-05,-0.2153526313794603,0.1231132345541407,0.0374153875267169,3.167697417207847,10.85476244201802,58.79588040131985,9.295474813172854
3.3,31.22175314725385,131.0110437993724,99.1151531648252,2.5465496361645594,1.7425485262098537,-5.469221656231883,-5.599168805812115,-5.4923064997651405,19.02343764426463,58.46660465177667,40.65036159696754,35.998952211596,15.591485255941503,137.2437361238508,2073.902221647448,1.274,1.030218795265302,0.0,9.582101967225938,345.0001478400497,0.1720046869376319,1.1235187899367384e-05,-0.2299977702410513,0.1332264234388343,0.0399266936152746,3.085350967540081,10.792363067840864,58.74028133949831,9.561825533251362
3.31,31.221750692536407,131.0110469566874,99.43379587334678,2.4774133721098703,1.6805919599342642,-6.632658527844497,-6.052807616126343,-6.161526229545032,9.131249788835012,58.423057882028246,40.64786051233122,35.84726525595627,15.620118767171975,137.29253099001886,2070.7505404282406,1.274,1.0302148918289191,0.0,9.587228305710145,345.0001478400497,0.171877194450086,1.1337266744867842e-05,-0.2442295062334916,0.1429707122649871,0.0423643891539083,2.9933602957529764,10.722570591126274,58.68700679754415,10.890043372833592
3.32,31.221748238455778,131.0110501139605,99.751593104029,2.4008298234738223,1.6135741236920451,-6.095014730890664,-6.481326657031046,-6.800307159550118,14.457812250903595,58.376880479775856,40.643426629816645,35.68633939861677,15.650773798035369,137.34496893473167,2067.415187387352,1.274,1.030211470904821,0.0,9.592312446457758,345.0001478400497,0.1717419602111772,1.145009721403576e-05,-0.258004720517548,0.152316930061935,0.0447171162807102,2.892417883631775,10.64685103053614,58.63030660825935,11.19825777829498
3.33,31.22174578487793,131.01105327130355,100.06855193664,2.3170445163924422,1.5417184320250243,-6.155316489348865,-6.883769280456337,-7.407177673267695,14.457812248569894,58.32962418161679,40.6383076569586,35.51649543764332,15.683294524343731,137.4008227787635,2064.006434952644,1.274,1.0302082040877245,0.0,9.597383134502472,345.0001478400497,0.1716035493054463,1.1573141634949978e-05,-0.2712829847917095,0.1612381131911656,0.046978997187363,2.782857360193207,10.565363180718345,58.571767523746686,11.838094511954187
3.34,31.22174333179752,131.01105642868745,100.38466477012946,2.226271977176104,1.465219776919203,-6.558088560200577,-7.259563794008538,-7.981265519031691,11.414062985687238,58.28418175803083,40.63486867751324,35.338080228193974,15.71752010846154,137.4598558885675,2060.7290279568665,1.274,1.0302047240884848,0.0,9.602440319395024,345.0001478400497,0.1714704721397427,1.1705835621216513e-05,-0.2840255342290099,0.1697087400797128,0.0491458542721148,2.6649719188185443,10.47804480321866,58.51431285718929,12.625782800602801
3.35,31.221740879088184,131.01105958621173,100.69993653133028,2.128827203089509,1.3843419112732356,-6.877402041636783,-7.607995111652611,-8.521407256132417,9.131249790585125,58.24161733771032,40.633999609147885,35.1514653391298,15.753285836808622,137.52182354182165,2057.6578426360697,1.274,1.0302007020506532,0.0,9.607484033878409,345.0001478400497,0.1713458594333221,1.1847585733009457e-05,-0.2961961252401278,0.1777052862481869,0.0512127886090417,2.539178176025996,10.38519225192042,58.45904810028377,13.333965279919774
3.36,31.221738426846787,131.01106274373427,101.01434774536696,2.025380720735412,1.2995618197915275,-5.494689461151308,-7.926572165074323,-9.023476255017412,22.067187904939708,58.193477420679024,40.62885814157844,34.95704577347675,15.790424211362769,137.58647423298436,2054.195567001488,1.274,1.0301974335879676,0.0,9.61246908808881,345.0001478400497,0.1712048410992501,1.1997779721973493e-05,-0.3077598801201961,0.185205430974014,0.053166589255976,2.4063092990185733,10.288772620328388,58.39759461135788,13.207773555277262
3.37,31.221735974944377,131.01106590135393,101.32790245446353,1.915872892733908,1.2109090629372634,-7.093628049678512,-8.217008763292451,-9.490264057521888,8.370312727943645,58.152458061197954,40.6298028011209,34.755238813470214,15.828765955783304,137.65355085711766,2051.238781668329,1.274,1.0301935069045012,0.0,9.617421350265914,345.0001478400497,0.1710847688179337,1.2155778113758047e-05,-0.3186849533713044,0.1921891035167048,0.0550134674846264,2.2663457686565365,10.187099030611018,58.34265305250152,14.418873180824585
3.38,31.22173352325241,131.0110690591674,101.64060410942376,1.8010476960563016,1.1189275948059387,-6.478961257776914,-8.47678903517303,-9.917506284271536,14.457812249522838,58.108917644755074,40.62895957732987,34.54648196087426,15.868141197821656,137.72279223600944,2048.1066635392312,1.274,1.0301893086187233,0.0,9.6223601992757,345.0001478400497,0.1709572770527581,1.232092079764864e-05,-0.3289421032747317,0.1986383373032188,0.0567399002085186,2.120226251479864,10.082402134014426,58.28466720859664,14.566736842037386
3.39,31.221731071765653,131.0110722171385,101.95244285493688,1.681261063134163,1.0239035439678008,-5.268213667856071,-8.70565944386597,-10.304658524559308,25.87187623377196,58.06443123349592,40.6276214779199,34.33123148494597,15.908380470347684,137.79393437307968,2044.910568537785,1.274,1.030185380444636,0.0,9.627285441721432,345.0001478400497,0.1708269995816369,1.249253516224038e-05,-0.3385039965311397,0.2045367463860813,0.0583427991882748,1.9684299089101145,9.974953334195323,58.22525706569132,14.482008455684973
3.4,31.22172862049221,131.01107537521582,102.26340711616984,1.5569245797408269,0.9261584946054296,-6.015665404888744,-8.903293089453642,-10.6510166927881,19.784375708828303,58.01955339052952,40.62625241066008,34.109961087021,15.949315613180168,137.8667115814008,2041.689686689166,1.274,1.0301820128648078,0.0,9.632196851217586,345.0001478400497,0.1706955679007589,1.266993495390638e-05,-0.3473458028570289,0.2098698936564641,0.059818666492378,1.8115111275551747,9.865217926743552,58.1650276912711,15.129475030229534
3.41,31.221726169330847,131.01107853346352,102.57349621902652,1.4284102063233175,0.825975830257129,-6.336412959327836,-9.069767611135006,-10.956527216658268,17.501563510963408,57.97608185695108,40.62636809110069,33.883160082603595,15.990780701862404,137.94085771268516,2038.5705068389748,1.274,1.0301781995061468,0.0,9.637051047727685,345.0001478400497,0.1705682710366314,1.285241812733806e-05,-0.3554457073684934,0.214625562949392,0.0611659136476598,1.6499849814366123,9.753431701140103,58.10582134309627,15.57100839253851
3.42,31.22172371838952,131.01108169172346,102.8826880865786,1.2962846767941956,0.7237768205086977,-6.229697019389212,-9.203983021329735,-11.219133104137793,19.02343764541628,57.93003689818627,40.62467755679402,33.65133164079396,16.03261286990076,138.01610725657568,2035.2731489963048,1.274,1.030175101862711,0.0,9.64187224591875,345.0001478400497,0.1704334003928097,1.3039280596177686e-05,-0.3627838388290373,0.218793075760098,0.0623772390805907,1.4846270456002333,9.640847428934812,58.04372447162707,15.792130192557094
3.43,31.22172126750688,131.01108485012165,103.19098743994968,1.1608668526570418,0.6198380752591454,-5.695120666370993,-9.30719371666766,-11.440651501824613,24.350000103289528,57.887392141649016,40.626116185029645,33.41499124078845,16.074653046097804,138.09219635052943,2032.2174618509457,1.274,1.0301709386993343,0.0,9.646679518832215,345.0001478400497,0.1703085307094171,1.322980370492732e-05,-0.369343841151514,0.2223643482472273,0.0634565378726896,1.3159629612013015,9.52705703582468,57.984754179697646,15.809704648421036
3.44,31.221718816450974,131.0110880088577,103.49840567066826,1.022638398822382,0.5145241273481657,-7.883088817636676,-9.37932590715994,-11.620676634574652,5.326562462958002,57.84763724674978,40.63027592872427,33.174664335467206,16.116746752300273,138.16886396574284,2029.3670863821592,1.274,1.0301668328351348,0.0,9.651473064212952,345.0001478400497,0.1701921606557574,1.3423262409591896e-05,-0.3751121255991368,0.2253333417928013,0.0644014148576394,1.1447690857932988,9.4127143005091,57.92845742140571,16.886532184697344
3.45,31.221716365289105,131.0110911678158,103.80492435462322,0.8821294815284153,0.4082226259778404,-7.853411175488835,-9.420003822093754,-11.758263037392895,6.0875005314480175,57.80860359418092,40.63537204042356,32.93088483089208,16.15874466920853,138.24585274404876,2026.5695378235143,1.274,1.0301622224849716,0.0,9.656252585390558,345.0001478400497,0.1700779100229746,1.3618940166918653e-05,-0.3800771185058101,0.2276956595851958,0.0652078790627691,0.9720004974913296,9.29873904734304,57.87272651180383,16.9902704144482
3.46,31.221713913975748,131.01109432699909,104.11053617715211,0.7399043005791448,0.3013113357086755,-7.22320865402057,-9.427670074288512,-11.85044643187632,12.175000055737364,57.762645875701416,40.635031425101225,32.68419340045473,16.20050315602576,138.32290981782407,2023.2890801635328,1.274,1.0301592387893992,0.0,9.660985233313214,345.0001478400497,0.1699432855869192,1.3816117377923283e-05,-0.3842302894467072,0.2294490733972572,0.0658660736686032,0.798900399413648,9.186854633461795,57.809975531479694,16.77762757137978
3.47,31.221711462549887,131.01109748632192,104.41522543863096,0.5962923964981695,0.1940766684089225,-7.525198484715346,-9.40488100990604,-11.90113451668208,9.892187856235902,57.71943437221184,40.637325208726296,32.43513572043028,16.241884698645507,138.39978756677223,2020.2037868542504,1.274,1.0301554407587927,0.0,9.665675681994095,345.0001478400497,0.1698167381092239,1.4014082349180934e-05,-0.3875656365359771,0.2305931883905033,0.0663861825811085,0.6270797520711447,9.076057490201102,57.74991980570059,16.932731670614018
3.48,31.221709010966727,131.01110064578705,104.71898470318004,0.4518149229201671,0.086900907323766,-6.37397614821053,-9.35144613360171,-11.9095907753917,20.54531277870677,57.67626660686627,40.63997585069019,32.184260443814914,16.282758315848486,138.4762443663278,2017.124176631406,1.274,1.030151642056233,0.0,9.670351887415045,345.0001478400497,0.1696903166603228,1.4212125078969526e-05,-0.390080199017313,0.2311298245201371,0.0667649791739347,0.4600960070829292,8.967292968762576,57.689916964234655,16.429104332400662
3.49,31.22170655913155,131.01110380544927,105.02181114586888,0.3069574434521344,-0.0198695671006266,-7.686581569370911,-9.267395259958423,-11.875414422446328,9.13124979042427,57.63097179899683,40.64115007834125,31.93211736198068,16.322999902088004,138.5520452872668,2013.8985243491463,1.274,1.0301485405764357,0.0,9.675013672928223,345.0001478400497,0.1695576345277806,1.4409545480899488e-05,-0.3917736852841439,0.2310627563209652,0.0670002187978963,0.3075998504704832,8.861367837263,57.627850694757726,16.911345861040708
3.5,31.22170410718537,131.01110696511932,105.32367994964096,0.1621602232662786,-0.1258868928231666,-8.737336718931843,-9.15490066769379,-11.801837831392216,8.97999656719861e-09,57.590237917992326,40.64648991803196,31.679255566696245,16.362492483665214,138.62696270007845,2010.9942446904067,1.274,1.0301448763764691,0.0,9.67966078139912,345.0001478400497,0.1694383685259914,1.4605659193268511e-05,-0.3926484763403143,0.2303977278663964,0.0671004124689496,0.2052885907215486,8.75772172428287,57.5704636670183,17.304237497613567
3.51,31.22170165486846,131.01111012502383,105.62460365009863,0.0179103750129676,-0.2308317058893997,-6.118575110001379,-9.013010500128404,-11.68674255744198,23.589064040525805,57.54685825022838,40.64991054918968,31.426221596712555,16.40112638967894,138.70077678237283,2007.9076901246128,1.274,1.0301405909904235,0.0,9.68428030058587,345.0001478400497,0.1693113156093774,1.4799784675617409e-05,-0.3927097039718355,0.229142301113287,0.0670583828269061,0.2315254980383159,8.657844800486645,57.51059938874303,15.976585093695046
3.52,31.22169920212079,131.01111328518314,105.92457629536824,-0.1253670198499579,-0.334409523526424,-5.621382125211481,-8.842498339785548,-11.530925319575996,28.154688431005614,57.500681052833485,40.65127809067094,31.17355772335846,16.43879933750495,138.77327592187626,2004.6287139985388,1.274,1.0301374103326768,0.0,9.688839356552151,345.0001478400497,0.1691760292397876,1.4991260938264591e-05,-0.3919648761163823,0.2273057190483027,0.0668755594650543,0.3571364453878845,8.56210486497717,57.44815242594838,15.580499113070676
3.53,31.221696749054423,131.01111644544133,106.2235765214346,-0.2671938303180704,-0.4362452617868869,-7.501089665255517,-8.645348385147374,-11.337246355062083,11.414062987461,57.45651312326751,40.65463917548374,30.92180023086064,16.475416496813224,138.8442571331591,2001.4926808855128,1.274,1.0301344813842053,0.0,9.693383615059007,345.0001478400497,0.1690466516974027,1.5179451095651672e-05,-0.3904241808227833,0.2248992183248501,0.0665596096075269,0.5115672896127621,8.470162650297123,57.38798853987366,16.110293286658127
3.54,31.22169429563572,131.0111196057938,106.52159641243524,-0.4071004416008677,-0.535998510350677,-7.07288510904319,-8.422885348868473,-11.107453490950776,15.218750318879632,57.41610161547885,40.661489662359855,30.67147759664897,16.510890525248573,138.91352647222672,1998.6208892620111,1.274,1.0301303685450816,0.0,9.697913001183329,345.0001478400497,0.1689283234671227,1.536373232697929e-05,-0.388100352248055,0.2219357688827191,0.0661150111694983,0.6730678553966896,8.38207240832596,57.33190839439536,15.631577796868193
3.55,31.2216918416342,131.0111227664385,106.81864568115172,-0.5447483551124374,-0.6334812181670219,-6.720825856842895,-8.173572507207709,-10.838196350117927,18.262500574490247,57.36765099998992,40.661732939571166,30.42310892842431,16.545141472256596,138.9808992416025,1995.1922026774723,1.274,1.0301276714926253,0.0,9.702427691649095,345.0001478400497,0.1687863400330819,1.5543496365313262e-05,-0.3850082830516294,0.2184297501422358,0.0655310403521501,0.8354861651426072,8.299773802823575,57.26814603024917,15.147385512104037
3.56,31.22168938718917,131.011125927196,107.11470155620404,-0.6795397056581971,-0.7281943021673088,-6.445380844432133,-7.902581504010373,-10.538019118211391,20.545312774054903,57.330113006086094,40.67158519011468,30.17720221289102,16.578096744230322,139.04620035565162,1992.5252173763213,1.274,1.0301229750984446,0.0,9.706927224893434,345.0001478400497,0.1686764608307612,1.57181721733897e-05,-0.3811655757758928,0.2143975800221136,0.06483268653688,0.9960001453489504,8.220777319647544,57.215731591951005,14.66436413872379
3.57,31.22168693185697,131.01112908848276,107.4097922099208,-0.8112343286347758,-0.8200479024450174,-6.160639013393731,-7.607880010928492,-10.202657529973832,22.828124966989147,57.288763832090325,40.678441376133726,29.93425304084752,16.60969087129245,139.10926435086705,1989.5955476865224,1.274,1.0301190153586277,0.0,9.71137065293068,345.0001478400497,0.1685553657768477,1.588719046757806e-05,-0.376591170288352,0.2098562674895374,0.0640066062403712,1.153488084028312,8.147309412638176,57.15995540660587,14.139573260461786
3.58,31.22168447600992,131.01113224988632,107.703875960143,-0.9394019377882312,-0.9087346518101224,-6.122086270604617,-7.291109546267212,-9.834300162518243,22.82812497234356,57.24528746185808,40.68371402273608,29.69474303369125,16.63986536704191,139.1699356057752,1986.5206695296404,1.274,1.0301159091708247,0.0,9.715783300822304,345.0001478400497,0.1684280093281624,1.605003736892011e-05,-0.3713072669362354,0.2048253717936591,0.0630588599660374,1.3069815106415583,8.079265109300042,57.10254974106646,13.687719985698887
3.59,31.22168201958557,131.01113541143772,107.99694867103592,-1.0636748499308506,-0.9940013871282084,-7.351836518126799,-6.953535085170191,-9.434467501932234,11.414062986384712,57.19944173785485,40.68715600178619,29.459138034388587,16.66856863525947,139.22806868391285,1983.28413876682,1.274,1.0301133850633764,0.0,9.72018078976546,345.0001478400497,0.168293678936536,1.6206211954638946e-05,-0.3653377049073938,0.1993254024918445,0.061993615156533,1.455791685449249,8.016750915274654,57.04331219717416,13.835112121517882
3.6,31.221679562700047,131.01113857298904,108.28899164947914,-1.1836178800675154,-1.075538745304585,-7.55025468511739,-6.597236533349203,-9.006198345782058,9.131249790668926,57.155017913157344,40.69202718499728,29.227886845944383,16.695755706002195,139.28352835458853,1980.1490557865093,1.274,1.0301104140043502,0.0,9.724562861273762,345.0001478400497,0.168163529261509,1.63552472733216e-05,-0.3587085978532874,0.1933784499509007,0.0608197488575813,1.599240543522804,7.959273496382126,56.98608260399052,13.477443538396367
3.61,31.2216771052812,131.01114173458456,108.58000238576292,-1.298915495609252,-1.1531464714943167,-7.313630564699618,-6.223230354877576,-8.550565144443635,10.653124922086985,57.110228741350525,40.696766404788654,29.00141994905062,16.721387982680174,139.33618964584758,1976.991441311228,1.274,1.03010742311296,0.0,9.728929437513465,345.0001478400497,0.168032301826902,1.6496700420038062e-05,-0.351447599427934,0.1870075241384759,0.0595402685371765,1.7368651156571853,7.907067582519534,56.92910514553617,12.858069543137201
3.62,31.221674647230703,131.0111448962965,108.86998081825628,-1.409194680456756,-1.226569703705376,-7.919951529951965,-5.83326029468409,-8.07001952090856,4.565625399279432,57.06711677746364,40.703130777378085,28.78014840124484,16.745432950095335,139.38593782204217,1973.9526573515536,1.274,1.0301045095080723,0.0,9.733278402721988,345.0001478400497,0.1679060063441517,1.6630157184829956e-05,-0.3435839125491991,0.1802366066900389,0.0581624832644869,1.8681540361653133,7.859805218865398,56.87446237496104,12.72311962413981
3.63,31.22167218861236,131.01114805803576,109.15891412411004,-1.5143076552396613,-1.2957669167847796,-7.92116886771946,-5.427703893467816,-7.564345537781031,3.8046873330369513,57.01942924944424,40.70569651019585,28.564462688861514,16.767863903641913,139.43266840347286,1970.6002153365089,1.274,1.0301022560503317,0.0,9.737558547827744,345.0001478400497,0.1677662455322781,1.675524107738622e-05,-0.3351487364197305,0.1730909966079074,0.056685576097565,1.9929246350452396,7.818227337376938,56.81590800785533,12.223919551479446
3.64,31.22166972945496,131.0111512197502,109.44679275155931,-1.6137833809331747,-1.3603824730307392,-4.5068170616130425,-5.0091390377565865,-7.037597303432772,33.481249889092005,56.97372147760292,40.71011515918668,28.35473141931671,16.788659714612777,139.47628725671552,1967.3876396905457,1.274,1.030098739408791,0.0,9.741823082060284,345.0001478400497,0.167632306795506,1.6871606219787512e-05,-0.3261746889460127,0.1655968426015107,0.0551219947766682,2.1105562891000496,7.781364038396954,56.760053175222296,9.743236101609549
3.65,31.22166726948932,131.01115438168853,109.73363136918368,-1.7072618424280364,-1.4201710510915706,-6.536462681756639,-4.579402264920748,-6.492506727270889,14.457812250959016,56.933015058278045,40.71901631044548,28.151300841743588,16.80780444064825,139.5167103497151,1964.5231060785168,1.274,1.0300956691647205,0.0,9.74607221168004,345.0001478400497,0.1675130806168021,1.6978928225706827e-05,-0.3166948743647016,0.157780461294101,0.0534802353990445,2.220592676440044,7.748677383283835,56.709957953118014,10.288290095910797
3.66,31.22166480873836,131.01115754380845,110.01942184057528,-1.7947884603436313,-1.4752290545117637,-7.110367731972121,-4.138437946176019,-5.92785102915684,8.370312725762007,56.88701132685856,40.72337382608744,27.95449400956129,16.825287045431157,139.55386371478983,1961.2956468830423,1.274,1.0300933370418035,0.0,9.7503058413502,345.0001478400497,0.1673782654374552,1.707692488034836e-05,-0.3067443332192393,0.1496695108707615,0.0517566088582726,2.323113098473015,7.721391811296124,56.65530849165032,10.140188151217696
3.67,31.22166234750559,131.01116070578928,110.30413467854216,-1.8759776928157568,-1.5252945119756691,-5.973666918907421,-3.688561936662997,-5.347226222094645,17.50156351400608,56.840692297497405,40.7275288594831,27.76460924591297,16.84110128053183,139.5876837383131,1958.0494088246537,1.274,1.0300911212915589,0.0,9.754523529478048,345.0001478400497,0.1672425196488082,1.7165358551916065e-05,-0.2963602666502401,0.1412931178750379,0.0499624334511591,2.4176402089425024,7.69867560315658,56.60112789469832,8.825135346775399
3.68,31.221659885379275,131.0111638680268,110.5877964371685,-1.9504219683270905,-1.5700831325815372,-6.19384624613692,-3.231992016974232,-4.754287182347936,14.45781224962016,56.8004770035953,40.73710575097048,27.58191980535864,16.855245320155,139.61811690345573,1955.2263366505083,1.274,1.0300873306653135,0.0,9.758717991745982,345.0001478400497,0.1671247300965654,1.724399972872761e-05,-0.285578562108618,0.1326790969191382,0.0481094039766111,2.5036682207322545,7.679494027977776,56.55387978747273,8.450606506683853
3.69,31.22165742241048,131.01116703045693,110.87039841947995,-2.0182699746100647,-1.609776617621028,-6.493402413872673,-2.768969096874069,-4.1482849722365485,10.653124922556696,56.756506963153456,40.74344758851916,27.406674110862383,16.867721315568353,139.64511932132976,1952.1472776060568,1.274,1.0300845698930543,0.0,9.762851015668009,345.0001478400497,0.1669958901177955,1.731266635622241e-05,-0.2744371724442228,0.1238566679487976,0.0461954470775118,2.581418695329326,7.66495848079949,56.50367710955164,8.187779490119079
3.7,31.22165495873437,131.01117019293375,111.15192601956086,-2.0793337990284435,-1.6442551516852209,-7.469352503047118,-2.3011629043548703,-3.531495225844594,0.760937067171013,56.70928770893451,40.74693702425012,27.23909413488204,16.87853536006681,139.6686571116,1948.847600386856,1.274,1.0300825865853187,0.0,9.76696837988408,345.0001478400497,0.16685748702828,1.737121371251643e-05,-0.2629751914330091,0.1148557311861517,0.044228049246121,2.650663495297023,7.654841930688358,56.451044163421166,8.576598163451425
3.71,31.22165249434708,131.01117335545214,111.43237577653144,-2.1332339154674966,-1.673260979727763,-6.9077806767875245,-1.8307561975502769,-2.9075815786537245,4.565625393994299,56.66541525014308,40.753374057764645,27.07937507727852,16.88769722453485,139.68870625726888,1945.7808424664856,1.274,1.0300796501777447,0.0,9.771069935527018,345.0001478400497,0.1667289284381329,1.7419526896724676e-05,-0.2512320144840367,0.1057062356883443,0.0422192142682473,2.710939936381058,7.648096228250145,56.4026173891264,7.715123639320004
3.72,31.22165002917176,131.01117651808147,111.71175026767132,-2.179972116574738,-1.6968363121640817,-5.575967503861345,-1.35884416367169,-2.277677923088905,15.21875031269427,56.621656239309736,40.75988622009704,26.927685492089896,16.895220034006663,139.70525228691483,1942.724567030068,1.274,1.0300765577676028,0.0,9.775155819578533,345.0001478400497,0.1666007008123014,1.7457518221982815e-05,-0.239246913663758,0.0964378395519633,0.0401730056352863,2.76227122536983,7.64498208678216,56.355156775145765,6.174600212693039
3.73,31.22164756324964,131.0111796807759,111.9900437520038,-2.219535075730575,-1.7150107032487931,-6.626622599016288,-0.8867338507994054,-1.6433316364429216,4.565625394671836,56.57588435605109,40.76457014525951,26.784166904329247,16.901120079626445,139.7182902080422,1939.5329636774948,1.274,1.0300744959149897,0.0,9.779225920919426,345.0001478400497,0.1664665477504019,1.748513876282994e-05,-0.2270601126927498,0.0870807461399226,0.0380948248559379,2.8046615060756137,7.645626697563503,56.3065313305175,6.884690469387937
3.74,31.22164509674623,131.01118284336823,112.2672418433176,-2.251640591604948,-1.7276068257444777,-6.3975854062999655,-0.4162736768930173,-1.0076522840149171,5.3265624657570285,56.533375701204285,40.7720864830057,26.64893318856073,16.905416703183796,139.72782455850728,1936.567831935196,1.274,1.030071694592531,0.0,9.783279025163608,345.0001478400497,0.1663419934044022,1.750237699346786e-05,-0.2147125740580681,0.0776655172887431,0.0359952000557034,2.837776239619962,7.649191819675586,56.26204497420497,6.48981863617596
3.75,31.221642629218984,131.01118600629695,112.54337539233724,-2.2763367054021724,-1.7347098895889128,-4.719138157801121,0.0513991297777219,-0.3720299538893645,19.023437639211988,56.49230323977401,40.78082953594786,26.522071108960475,16.908131990782252,139.73386898909212,1933.7035636988733,1.274,1.0300677448895543,0.0,9.787265975778505,345.0001478400497,0.166221662101135,1.7509229925100766e-05,-0.2022428256607222,0.068220641642035,0.0338791931382946,2.8617029274611183,7.655774472401628,56.21985727536565,4.734058840946887
3.76,31.22164016066492,131.0111891695661,112.81844342297012,-2.293690986295747,-1.7363895017378688,-4.232907117267614,0.51505375893653,0.2621273576633698,22.0671878990034,56.45006958164526,40.7884373608382,26.403641120359147,16.909290456457907,139.73644576918483,1930.7622546067748,1.274,1.0300648648485005,0.0,9.791237582833409,345.0001478400497,0.1660979113575551,1.750573937269067e-05,-0.1896908499840428,0.0587755632933768,0.0317519220174861,2.8765354047751925,7.665638426169701,56.17735990540792,4.272176703935016
3.77,31.22163769126441,131.01119233299983,113.09243213042896,-2.3035773687624768,-1.7325874575887064,-6.047348654408629,0.9731766494173716,0.8923910385521218,4.565625396751761,56.409611344346175,40.7975058038796,26.29367614693007,16.908919150135997,139.7355861945595,1927.9448185619667,1.274,1.0300620428147251,0.0,9.795193621827432,345.0001478400497,0.1659793818102542,1.749198651905198e-05,-0.1770974519987499,0.0493602026419306,0.0296219144275726,2.882136408038896,7.678309802913771,56.13749861817223,6.189819084968252
3.78,31.22163522100604,131.0111954966146,113.36534220843984,-2.306142745857128,-1.7234482332889596,-6.414622610116862,1.42458179013014,1.517431943202308,0.0,56.367865772237664,40.80529071637312,26.192181882877147,16.907047501750466,139.7313303623434,1925.041783170965,1.274,1.0300591230821137,0.0,9.79913408504176,345.0001478400497,0.1658570616474175,1.746807497395167e-05,-0.1645023201472135,0.0400034545455913,0.0274941257461458,2.878708723470298,7.6941330432288115,56.09718797920206,6.7438428369323375
3.79,31.221632749871286,131.01119866043578,113.63717535657663,-2.301318149280461,-1.7089524949004375,-4.568782864316996,1.8679099181000176,2.135026008441794,15.218750315400364,56.32764102806345,40.81427505452348,26.099137363677784,16.903707148049566,139.72372685783327,1922.2450080762324,1.274,1.030055365779989,0.0,9.803058983538394,345.0001478400497,0.1657392136176687,1.7434137373750013e-05,-0.1519447369410215,0.0307337391558238,0.0253765254353194,2.866184407880944,7.712689970442344,56.05923919890064,5.377843469285428
3.8,31.22163027775576,131.01120182457595,113.90793992876944,-2.2892567005021505,-1.6892448678862824,-3.74786269226126,2.301990342543718,2.7437346620489462,21.30624984146313,56.28689480273189,40.82261950428831,26.014495508670723,16.898931799166554,139.71283248309223,1919.4149698607275,1.274,1.0300520167539806,0.0,9.80696849060532,345.0001478400497,0.1656198284458552,1.7390330485466543e-05,-0.1394630244983391,0.0215786028524206,0.0232744799001523,2.8447716498397817,7.73423016521406,56.02158727928406,5.183986322603215
3.81,31.22162780473544,131.01120498897055,114.17763182199212,-2.270096819653043,-1.6644708512231725,-4.208143877413892,2.7256041474555306,3.341925216310488,15.979688379801162,56.244538671172,40.82935695865461,25.93818325982388,16.892757203553277,139.69871216424482,1916.477573516412,1.274,1.030049193044741,0.0,9.810830484859563,345.0001478400497,0.1654957034982479,1.7336846084451674e-05,-0.1270956874010703,0.0125655369003612,0.0211940285602493,2.81466745169038,7.758881222864273,55.98312097464196,6.025434176310842
3.82,31.22162533084324,131.01120815359943,114.4462505203131,-2.24378517234534,-1.6346178301510503,-5.013285118194111,3.137590716567824,3.927492942902652,7.609375658402095,56.204498668597886,40.837967127730096,25.870101972597745,16.885221083162808,139.6814387493567,1913.7004193636656,1.274,1.0300460573224757,0.0,9.814659524521948,345.0001478400497,0.1653783908598684,1.727390127813825e-05,-0.1148803029149742,0.0037211222574876,0.0191429014708555,2.7758208166877054,7.786129511550895,55.94776833033928,7.099486178418074
3.83,31.221622856250487,131.0112113183067,114.713786201636,-2.210813613121119,-1.6000706534417115,-4.459582332079605,3.536708133731705,4.499667370393997,11.4140629832285,56.15751367618428,40.84014414336176,25.81012812149364,16.87636305287559,139.66109272963027,1910.452988838452,1.274,1.030044167879408,0.0,9.818473177238127,345.0001478400497,0.1652406402055313,1.7201742131730377e-05,-0.1028540007409807,-0.0049285050428382,0.0171241487343349,2.7288554587385025,7.817264259479985,55.90620783378271,7.255562379580855
3.84,31.22162038125684,131.01121448281015,114.98022047919808,-2.1709852013585413,-1.560719379222097,-5.615078831660068,3.92191557093768,5.055974054798817,0.0,56.112137349214336,40.843518226563006,25.758113223087182,16.866224699507857,139.63776228875454,1907.317960085592,1.274,1.0300427263378182,0.0,9.822271134423666,345.0001478400497,0.1651076200938017,1.7120646677560343e-05,-0.0910536467388878,-0.0133575980271303,0.0151468717829336,2.6735474241089574,7.851160301687648,55.86701043909586,8.513131367136257
3.85,31.221617905780608,131.01121764720864,115.245562399676,-2.1244955332173,-1.5167354545004137,-4.049904774905228,4.292247440172472,5.595041203215529,12.935938118883108,56.06781610933351,40.84758070850413,25.713884961275586,16.85484947120253,139.61154288309007,1904.2574534581552,1.274,1.0300401352180104,0.0,9.826053524961456,345.0001478400497,0.164977701703195,1.7030902918958718e-05,-0.0795135561602521,-0.0215424266331843,0.0132163800712009,2.610155792717745,7.887934670338053,55.82959568642804,8.132010996005032
3.86,31.22161542967212,131.01122081167023,115.50982620994571,-2.0715755537160176,-1.468313175466652,-3.598435932693089,4.646752805120457,6.115561179419391,15.979688380955173,56.02352781198801,40.85140262542588,25.67724869575835,16.842282531988335,139.58253670843362,1901.2019145727968,1.274,1.0300379140116056,0.0,9.829820521223896,345.0001478400497,0.1648478774573178,1.6932818819991845e-05,-0.0682666708818898,-0.029460397616212,0.0113377227516882,2.538981938826531,7.927776908893342,55.79291096213512,8.481812384910027
3.87,31.221612952925568,131.0112239762214,115.7730163934992,-2.012341433150215,-1.4155664500583327,-3.0683730363804487,4.984666427475593,6.616088570706448,19.784375708593785,55.98178307344106,40.85721937430045,25.647987982245777,16.828570796642683,139.5508525539385,1898.321600326388,1.274,1.0300352443660117,0.0,9.833572086237352,345.0001478400497,0.1647255348198018,1.682672838324596e-05,-0.0573451945689764,-0.0370896098514457,0.0095165473175076,2.460187467142883,7.970387991234997,55.75944903586424,8.833710458183546
3.88,31.221610475508168,131.01122714091693,116.03513973176796,-1.9471020407357489,-1.3587622019572267,-3.9936203482327866,5.305119080936326,7.095487033181833,10.653124922636108,55.94071419320906,40.8633807729948,25.625865570208465,16.81376289929339,139.51660548030594,1895.489537348269,1.274,1.0300326133719175,0.0,9.837260911755564,345.0001478400497,0.1646051781782832,1.67129860228619e-05,-0.0467800007817419,-0.0444093115105105,0.0077573418066721,2.374179917005561,8.016051364784714,55.72730033076344,9.717984780127265
3.89,31.22160799756965,131.01123030563048,116.29619054928976,-1.8763257665976008,-1.298243450751729,-5.096184413300503,5.606880634392973,7.552698708438406,0.0,55.89320807026103,40.863469369201525,25.610624067246835,16.79790921639268,139.4799166039769,1892.2239729123191,1.274,1.0300313269919537,0.0,9.840934689609742,345.0001478400497,0.1644658772301138,1.6591970176118158e-05,-0.0366010210332069,-0.0513996050772211,0.0060640953601862,2.2815415553767004,8.065836000765037,55.68929791529386,10.698199091582897
3.9,31.22160551938623,131.01123347011008,116.5561546586338,-1.7999029796590682,-1.233969259971878,-3.991004074483344,5.8898102164331005,7.986250517162256,9.131249791495827,55.8497793361476,40.866893713240415,25.60198655797464,16.78106192260862,139.44091294217264,1889.237345124686,1.274,1.0300289879238975,0.0,9.844593162318468,345.0001478400497,0.1643385712016607,1.6464084151336222e-05,-0.0268372975387211,-0.058041371824147,0.0044428654362027,2.182161757206205,8.118297101316458,55.655962882003344,10.69570826224317
3.91,31.22160304059525,131.01123663474476,116.81506310092853,-1.7181769883239923,-1.1662070455616556,-2.978605165292964,6.153230882454297,8.395268052619006,17.501563510376773,55.808595567498415,40.87200245947243,25.599658168809533,16.76327490427953,139.3997269174419,1886.4051042564824,1.274,1.0300259077663438,0.0,9.848236771641266,345.0001478400497,0.1642178683199279,1.6329725571163948e-05,-0.017514281651415,-0.0643181339606998,0.0028972469679006,2.076478586333681,8.17371445335677,55.62542084172102,10.82658139482748
3.92,31.221600561236777,131.0112397995212,117.07291893230156,-1.6314776749860067,-1.0952177665442664,-1.7182168320020064,6.39648365135059,8.778826968235155,28.154688432044395,55.76837968805136,40.87764242332658,25.603327598030816,16.744603686214923,139.35649588626066,1883.6406309927145,1.274,1.0300228271715717,0.0,9.851865559075447,345.0001478400497,0.1641000108204176,1.6189321020971135e-05,-0.0086571069231712,-0.0702138015399381,0.0014310082021838,1.964916575042932,8.232276612481716,55.59635376009424,10.997048473203309
3.93,31.221598081280334,131.0112429644979,117.32973046771482,-1.5401529539089611,-1.0212722805703456,-3.192003032608067,6.618910343560648,9.136043919180628,14.457812250026349,55.72738523387751,40.88224046758302,25.61266762903476,16.725105510933716,139.31136201838925,1880.8258866892345,1.274,1.0300203896823477,0.0,9.855479651812352,345.0001478400497,0.1639798597139433,1.6043309479762894e-05,-0.000289088481181,-0.0757137078630475,4.7749632466260414e-05,1.8479223362523476,8.294229824244573,55.56697265374384,11.724596197288442
3.94,31.221595600746603,131.0112461296833,117.58550272327452,-1.4444499152688974,-0.9445747345716424,-4.077043389439811,6.820230793188936,9.466140748116963,6.087500526287577,55.687780713745184,40.88773439162221,25.62733636563871,16.704839306873527,139.2644719204453,1878.107255259662,1.274,1.0300174838377611,0.0,9.859075981671912,345.0001478400497,0.1638637959284944,1.5892144928334687e-05,0.0075679985873874,-0.080804416755125,-0.0012491104464472,1.725823847911828,8.359231543990623,55.53941398228488,12.359031172988352
3.95,31.221593119684865,131.01124929505735,117.84023894787452,-1.3446592938411233,-0.865373429877028,-1.987503784734566,7.000245947877027,9.768477346169265,24.35000010243256,55.651365756462056,40.89575761482959,25.646978461593964,16.683865652276612,139.2159762553273,1875.6058312350087,1.274,1.0300133876918447,0.0,9.862615108175582,345.0001478400497,0.1637571150134827,1.5736294333665432e-05,0.0148940783026327,-0.0854738717622458,-0.0024566240451738,1.5990129125215304,8.42694321302816,55.5154383840446,12.181000134953003
3.96,31.221590637947514,131.01125246079957,118.09395651203371,-1.2412625183119708,-0.7840046866790357,-3.3135343174964293,7.158013165812569,10.042279498171952,12.175000051334887,55.61144412208484,40.900275297881215,25.67122645776177,16.662246712270186,139.16602930959786,1872.870116574024,1.274,1.0300107345376723,0.0,9.866140139351067,345.0001478400497,0.1636401129857832,1.5576227255541067e-05,0.0216713877036701,-0.089711720827591,-0.0035718196912901,1.4680939421879482,8.498311041942605,55.48829679692555,12.769653075733002
3.97,31.221588155807783,131.01125562666485,118.34664327968773,-1.134495782855188,-0.7006668443806549,-2.6018154496303496,7.293606330140354,10.287062412633764,18.262500578357788,55.57193445743926,40.90479286796442,25.699701729114263,16.64004624248301,139.1147887276229,1870.1643779343644,1.274,1.0300079249625067,0.0,9.869650821331772,345.0001478400497,0.1635243206316895,1.541243856749634e-05,0.0278828645475686,-0.0935082668959778,-0.0045922018895631,1.3333981198818503,8.572660244656877,55.46187671007648,12.875938412963189
3.98,31.22158567324619,131.01125879270458,118.59830799706457,-1.0247100211959588,-0.6156278938544144,-2.74918323918485,7.406799300916218,10.50237235772986,16.740624446970063,55.53245238772136,40.908962135115296,25.732015686707324,16.617329537655504,139.0624151351712,1867.4626997931573,1.274,1.0300050759946713,0.0,9.873147318321235,345.0001478400497,0.1634086069286763,1.5245419949278887e-05,0.0335140730313424,-0.0968557214583078,-0.0055155853979537,1.1954028281813631,8.649932010839374,55.43575164498474,13.142241418687915
3.99,31.22158319017952,131.01126195903544,118.84896412154708,-0.9122187744194296,-0.5291322978515081,-4.607572822620591,7.497682186178602,10.687951396451687,5.5014048935193575e-09,55.49504128291829,40.91460935877279,25.76777132647741,16.59416332262336,139.0090716500304,1864.9024064517127,1.274,1.030002187618682,0.0,9.87662977112168,345.0001478400497,0.1632989847001365,1.5075668524343758e-05,0.0385524674397113,-0.0997477118330348,-0.0063403528531435,1.05456172103801,8.729671177564349,55.41192655738013,13.84475606623697
4.0,31.22158070678689,131.0112651255078,119.09860658580912,-0.7974774364333265,-0.4415093503132236,-4.597606195679523,7.565549221199805,10.843240058265245,4.011835120811825e-09,55.45352445496485,40.916203223150575,25.80656440506541,16.570615679172636,138.95492349840643,1862.068370483814,1.274,1.0300000015656,0.0,9.880098169010118,345.0001478400497,0.1631772784991984,1.49036931025536e-05,0.0429870425391396,-0.1021790843019029,-0.0070642059929521,0.911530679688896,8.812663641648289,55.38417301473701,13.998263203344756
4.01,31.22157822354875,131.01126829166404,119.34720884990304,-0.6809051335172336,-0.3530608121600634,-4.593300242199785,7.60965491930533,10.967646178151195,0.0,55.40108682234055,40.907646893686334,25.847984541473224,16.54675595951818,138.9001376254902,1858.5039645783693,1.274,1.0300000015656,0.0,9.883552177729127,345.0001478400497,0.1630234340957535,1.4730015927153008e-05,0.046808398767103,-0.1041459898736951,-0.0076847246428818,0.7669927441981457,8.89980670073425,55.34562851062381,14.117171026626226
4.02,31.22157574079049,131.01127145720372,119.59475544419628,-0.5626849661554783,-0.2639731744930111,-4.594725642584662,7.6313403775503215,11.061662843669083,0.0,55.3494577787446,40.89946333077328,25.891616410963465,16.52265465873842,138.84488223901255,1854.997444528561,1.274,1.0300000015656,0.0,9.886955579387982,345.0001478400497,0.1628719662476865,1.4555157405159194e-05,0.0500094642795367,-0.1056463270298571,-0.0082024098416773,0.6215255166022374,8.989049352845585,55.3079931161486,14.202437979292995
4.03,31.22157325853822,131.01127462213165,119.84125232099476,-0.4431810778606389,-0.1745060523165559,-4.601456670650048,7.630708166229816,11.12530736768202,0.0,55.29797761292757,40.89104238518988,25.93704150362893,16.498383205641396,138.78932619571873,1851.504474840624,1.274,1.0300000015656,0.0,9.890336657532773,345.0001478400497,0.1627209337118109,1.4379628319174996e-05,0.0525855821922506,-0.106679721317921,-0.0086167109065077,0.4762995094967817,9.080275177388565,55.27056630870872,14.253896822814317
4.04,31.221570776823047,131.01127778644715,120.08670510459184,-0.3227538382326886,-0.0849236540214021,-4.61307393401466,7.60799911204435,11.158721677815324,0.0,55.246652015799576,40.88238462270764,25.983839502807896,16.474013803951227,138.73363853507817,1848.025405398129,1.274,1.0300000015656,0.0,9.893703412739669,345.0001478400497,0.1625703532537011,1.4203938321945728e-05,0.0545339734061086,-0.1072471134013132,-0.0089274706896829,0.3337394055572698,9.173233327615202,55.23331224430447,14.271621179547148
4.05,31.22156829567593,131.0112809501497,120.33111944808503,-0.201765200564256,0.0045074432550535,-4.629143893797051,7.563519617304735,11.162137947362886,0.0,55.19548031844057,40.87349134375423,26.031589547715928,16.449619269565993,138.67798803588056,1844.56015965806,1.274,1.0300000015656,0.0,9.897055922443846,345.0001478400497,0.1624202229244289,1.4028594417033234e-05,0.0558537620969557,-0.1073508196591006,-0.0091348423429768,0.2018155423144804,9.267651492788913,55.19618834597067,14.25584531856286
4.06,31.221565815127583,131.0112841132386,120.57450100355848,-0.0805755165175036,0.0935234880756476,-4.64922411730555,7.497638262334472,11.13587613708226,0.0,55.144461848457055,40.864364564939024,26.07987149699265,16.42527284165451,138.6225427450954,1841.108661119844,1.274,1.0300000015656,0.0,9.900394264127168,345.0001478400497,0.1622705407647577,1.3854099502333148e-05,0.0565459563677398,-0.1069945112010337,-0.0092392855630419,0.1234465508516749,9.363241116404296,55.15915247708731,14.206956104183456
4.07,31.221563335208355,131.01128727571313,120.81685541612003,0.0404575033680657,0.1818643201959478,-4.672868170331278,7.410783986665085,11.080342049502024,0.0,55.09359593285851,40.855006998401926,26.12826717230685,16.401047977401372,138.56746950159825,1837.670833518932,1.274,1.0300000015656,0.0,9.90371851525595,345.0001478400497,0.1621213048135861,1.3680950925112576e-05,0.0566134217436914,-0.1061831858012663,-0.0092415608190233,0.1863100508340011,9.459699564428268,55.122163065502846,14.125487466571537
4.08,31.22156085594816,131.01129043757263,121.0581883020345,0.1609798084429228,0.2692741155705283,-4.699630354889303,7.303444072677905,10.99602509212058,0.0,55.04288190065813,40.84542202954725,26.17636157818872,16.377018131211646,138.5129334562594,1834.2466010016929,1.274,1.0300000015656,0.0,9.907028752907296,345.0001478400497,0.1619725131155729,1.3509639055207468e-05,0.056060849158589,-0.1049231361517917,-0.0091427227196731,0.3137241738334329,9.556712404137846,55.08517922411556,14.012115779634296
4.09,31.22155837737641,131.01129359881628,121.29850524077403,0.2806395259515109,0.3554967970148219,-4.729069986166722,7.176164415716242,10.883496929182057,0.0,54.992311392024845,40.8356136940278,26.22374409460686,16.35325651933175,138.4590975897998,1830.835376030504,1.274,1.0300000015656,0.0,9.910315520958054,345.0001478400497,0.1618241410894862,1.3340645881960436e-05,0.0548947185119135,-0.1032219164777722,-0.0089441114500694,0.452918873039382,9.65395165395038,55.048152340032864,13.867658204000062
4.1,31.22155589952192,131.01129675944327,121.53781174619256,0.3990870551282464,0.4402747324503758,-4.760755207760576,7.029551593539887,10.74341083177212,0.0,54.94186532540408,40.8255866746328,26.27000965108088,16.329835864373592,138.40612221478972,1827.4358600359124,1.274,1.0300000015656,0.0,9.913556099435592,345.0001478400497,0.1616761326030933,1.3174443649775896e-05,0.0531232917269005,-0.1010883788537757,-0.0086473500320578,0.594229907305963,9.751076517667196,55.01102283805322,13.693073506510405
4.11,31.2215534224128,131.01129991945297,121.77611327050442,0.5159937237078918,0.5233875504237913,-4.794269366742464,6.864247718435298,10.576487940688496,0.0,54.89156926992753,40.81534623808673,26.314759876213888,16.306828122796087,138.3541644672957,1824.049726807037,1.274,1.0300000015656,0.0,9.916783067282353,345.0001478400497,0.1615285629162368,1.3011493425263813e-05,0.0507565113827581,-0.098532516467023,-0.0082543353610046,0.7349671047144491,9.84776536821625,54.97378165071416,13.48944078383009
4.12,31.221550946076405,131.01130307884432,122.0134151675075,0.6310298412585525,0.6046038065647726,-4.829212390848149,6.680949576967067,10.383524291403347,0.0,54.841422589282814,40.80489821100016,26.357604161271382,16.284304229491568,138.30337786327993,1820.676903868136,1.274,1.0300000015656,0.0,9.91999649716509,345.0001478400497,0.1613814301747868,1.2852243839963949e-05,0.0478059468259336,-0.0955654153045269,-0.0077672165510221,0.8739162678552427,9.94368031235577,54.936391770616574,13.257977080839334
4.13,31.22154847053929,131.01130623761662,122.24972269954227,0.7438740762765816,0.6836997366383686,-4.865204711059395,6.480399612083731,10.165384424222328,0.0,54.79142466220561,40.79424896145056,26.3981607065388,16.262333821782224,138.25391183204815,1817.3173200157453,1.274,1.0300000015656,0.0,9.923196460413424,345.0001478400497,0.1612347325686301,1.26971298549138e-05,0.0442847573496506,-0.0921992479381106,-0.0071883921364765,1.010330493726295,10.038483402484486,54.8988174170128,13.000032173230627
4.14,31.22154599582713,131.011309395769,122.48504100369892,0.8542143012220894,0.760459835993817,-4.901890174243953,6.263382965781424,9.922997706148228,0.0,54.741574884865535,40.783405369322686,26.43605753143217,16.24098495401538,138.2059112496206,1813.9709054744408,1.274,1.0300000015656,0.0,9.926383026789276,345.0001478400497,0.161088468338654,1.254657154302292e-05,0.0402076318662686,-0.0884472234230252,-0.0065204991502156,1.1436513395712584,10.131838848792896,54.86102412946908,12.717089955355876
4.15,31.221543521964616,131.01131255330054,122.71937509778144,0.9617484012324824,0.8346774056121031,-4.938938547197574,6.030724415993753,9.65735448029499,0.0,54.69187267322141,40.77237479579875,26.470933440413823,16.220323808143142,138.1595159813455,1810.6375920461355,1.274,1.0300000015656,0.0,9.929556264317828,345.0001478400497,0.1609426357836767,1.2400972922273727e-05,0.035590724816656,-0.0843235348379636,-0.0057664016566111,1.2734131003032545,10.223415136618582,54.82297885609904,12.410771390720683
4.16,31.22154104897544,131.01131571021037,122.95272985446536,1.0661850446765833,0.9061550635097632,-4.976047596568641,5.783285223978749,9.369502065181072,0.0,54.64231746532761,40.761165052107344,26.5024389426484,16.200414402686345,138.11486043606112,1807.3173132592835,1.274,1.0300000015656,0.0,9.932716239164566,345.0001478400497,0.1607972332671936,1.2260720843892683e-05,0.0304515886213171,-0.079843304680553,-0.0049291787919963,1.3992043337864175,10.312887035638704,54.78465003615561,12.082839344071402
4.17,31.22153857688218,131.01131886649765,123.18510999434244,1.1672417941277733,0.9746994110210168,-5.01294454580036,5.521962684594399,9.060541978233436,0.0,54.59290027410506,40.74978436858903,26.53023712359221,16.181318302584913,138.0720731341423,1804.0094460888688,1.274,1.0300000015656,0.0,9.935852608376624,345.0001478400497,0.1606522343594379,1.2126183940396725e-05,0.0248091042524684,-0.0750225309408127,-0.0040121119497699,1.520644899710134,10.399932855645137,54.74599831492354,11.735207959327045
4.18,31.22153610570636,131.01132202216144,123.41652006703546,1.26464630739465,1.0401224805679388,-5.049386990974246,5.247689832100996,8.731627178949088,0.0,54.5436050183139,40.738241382512285,26.554004479836948,16.163094325401243,138.03127627587253,1800.71290141343,1.274,1.0300000015656,0.0,9.93894628466562,345.0001478400497,0.1605075917537489,1.1997711641617565e-05,0.0186834436049425,-0.0698781024577324,-0.0030186786348517,1.6373788078594045,10.484236979076725,54.706978101842274,11.369954738288035
4.19,31.221533635468266,131.01132517720086,123.64696445616936,1.3581513785257215,1.1022742342562837,-5.085165195426495,4.961411864492374,8.38394787140186,0.0,54.49445533354144,40.72654506994722,26.573431709333168,16.145798250102146,137.9925853206255,1797.42921416433,1.274,1.0300000015656,0.0,9.942027050555328,345.0001478400497,0.1603633750191546,1.18756331682629e-05,0.0120959357193162,-0.064427620314825,-0.0019525324863902,1.749101504609606,10.56551718531773,54.6675894850498,10.989317297461497
4.2,31.221531166187,131.01132833161495,123.87644735154169,1.447515725036612,1.1609990109958843,-5.120101044883651,4.664103114081156,8.01873701141333,0.0,54.44545076698719,40.71470471796648,26.58822440197926,16.129482560884927,137.9561086457815,1794.15832604082,1.274,1.0300000015656,0.0,9.945094962293693,345.0001478400497,0.1602195828388061,1.1760256728435654e-05,0.0050689908493646,-0.058689342015058,-0.0008174853765226,1.8555143979705997,10.643491103848609,54.62780758530759,10.595727243885158
4.21,31.22152869788039,131.01133148540293,124.10497274415307,1.5325120714232805,1.216152471647882,-5.1540483023081975,4.356757844032725,7.63726305587897,0.0,54.396590897859696,40.70272989989655,26.598103699689336,16.114196190053246,137.9219472011527,1790.90018108445,1.274,1.0300000015656,0.0,9.948150073534014,345.0001478400497,0.1600762139896312,1.1651868757942129e-05,-0.0023739616431271,-0.0526821565448558,0.0003825011220975,1.95634029409164,10.71789081388833,54.58760933714457,10.19182710797041
4.22,31.22152623056497,131.01133463856377,124.3325444291916,1.6129276586888024,1.2676018861500196,-5.186892123684709,4.0403868964635645,7.240825531250784,0.0,54.347875339070846,40.69063044178141,26.6028069074728,16.099984272315346,137.89019418314902,1787.6547257819811,1.274,1.0300000015656,0.0,9.95119243524388,345.0001478400497,0.1599332673472994,1.1550733210914488e-05,-0.0102085549994398,-0.0464255214819381,0.0016433295396528,2.051322911011504,10.788464083142822,54.54697353491367,9.780497459223131
4.23,31.22152376425597,131.0113377910966,124.5591659821772,1.6885647062397406,1.3152263820974834,-5.218548190768528,3.716014358838476,6.830750602724857,0.0,54.29930373868633,40.67841638880705,26.60208804995985,16.086887915806372,137.86093473708644,1784.421909150774,1.274,1.0300000015656,0.0,9.954222095462416,345.0001478400497,0.1597907418904785,1.1457090926631744e-05,-0.0184095680562672,-0.0399393994695571,0.0029607804409381,2.140226705345927,10.854975476520885,54.50588087249467,9.364889840841332
4.24,31.221521298967225,131.01134094300045,124.78484075896402,1.7592408254606255,1.3589171551028627,-5.248961485136548,3.3846742611071807,6.408386661795211,0.0,54.250875781472494,40.666097971777965,26.595718372991552,16.0749439922577,137.8342456897256,1781.2016828296528,1.274,1.0300000015656,0.0,9.957239099330602,345.0001478400497,0.1596486367053804,1.137115907427896e-05,-0.0269510092289275,-0.033244194260689,0.0043305264383242,2.222836866445552,10.917207337797622,54.46431397705651,8.948465574238027
4.25,31.22151883471124,131.01134409427442,125.00957188480648,1.8247893842060912,1.3985776409194224,-5.278104731385394,3.0474073152081527,5.975099948485957,0.0,54.202591190192365,40.65368557373509,26.58348679006276,16.06418494858091,137.81019531396865,1777.994001152667,1.274,1.0300000015656,0.0,9.96024348896992,345.0001478400497,0.1595069509895698,1.1293130677048714e-05,-0.0358062012052586,-0.0263606865299333,0.0057481462406455,2.298959393337882,10.974960647437848,54.42225743655084,8.53503956022782
4.26,31.221516371499085,131.01134724491763,125.2333622553553,1.8850516269371584,1.434104750223608,-5.305976016875404,2.705268244609192,5.532275436079058,0.0,54.1544220854331,40.64118970805615,26.5652002775142,16.05463863978063,137.78884312260922,1774.797009441871,1.274,1.0300000015656,0.0,9.963201463424788,345.0001478400497,0.1593656027124592,1.1223174224475176e-05,-0.0449478463838186,-0.0193100094843307,0.007209131855955,2.3684032430452917,11.02804047830557,54.37966721200634,8.128833204562117
4.27,31.22151390934045,131.01135039492905,125.45621452473128,1.9399006643569487,1.4654434815956787,-5.332597734911844,2.359297181097426,5.081299972311119,0.0,54.10639248605771,40.62862098037355,26.540684237422383,16.046328174730874,137.7702396695435,1771.6122584099592,1.274,1.0300000015656,0.0,9.966142743661036,345.0001478400497,0.1592246625687572,1.116143330827348e-05,-0.0543481160023821,-0.0121135770312062,0.008708912158456,2.43103239150096,11.076300723164737,54.3365587131733,7.734500061395705
4.28,31.221511448243604,131.01135354430784,125.6781311005545,1.9892199071251448,1.4925371265594225,-5.358013720762024,2.0105347227137886,4.62356705049755,0.0,54.058505758072926,40.61599003226722,26.509782761918103,16.03927181292695,137.75442644125775,1768.4399419126844,1.274,1.0300000015656,0.0,9.969071676460896,345.0001478400497,0.1590841404758932,1.1108026381312295e-05,-0.0639787869126273,-0.0047929159075502,0.0102428685132677,2.4867182683994966,11.11960427130374,54.29292642713592,7.357168828670342
4.29,31.221508988215344,131.011356693053,125.89911414692916,2.032908429528693,1.5153391160634184,-5.382286626331128,1.660016752817034,4.160471625517366,0.0,54.010761787124245,40.603307527004986,26.47235884550156,16.033482888166954,137.74143578292427,1765.2800256304783,1.274,1.0300000015656,0.0,9.9719882906907,345.0001478400497,0.1589440361088235,1.106304665814916e-05,-0.0738112918660407,0.0026303273710153,0.011806343895339,2.5353511810963227,11.15783296670282,54.2487629504777,7.00244165233465
4.3,31.221506529261084,131.0113598411636,126.11916556953356,2.070882136355976,1.533815423832421,-5.405495256782884,1.308770483170704,3.6934055834670168,0.0,53.963160501529416,40.590584118160336,26.42829455749801,16.02896975380603,137.73129084551726,1762.1324781862763,1.274,1.0300000015656,0.0,9.97489261183132,345.0001478400497,0.1588043492675812,1.1026562046432017e-05,-0.0838168032516173,0.0101344476694319,0.0133946567736073,2.576842639676652,11.190889860183477,54.20406288912331,6.6763391130698615
4.31,31.221504071384807,131.01136298863872,126.3382870265556,2.1030738279948595,1.5479445202262427,-5.427731751471304,0.9578116314072204,3.223753828484935,0.0,53.915701872967965,40.577830418790974,26.37749116110367,16.025735758075342,137.7240055716897,1758.9972711767452,1.274,1.0300000015656,0.0,9.977784662097998,345.0001478400497,0.1586650798793155,1.0998615158660671e-05,-0.0939663168216243,0.0176977430112341,0.0150031145458331,2.6111253346051866,11.218699409245527,54.15882285128092,6.38515965609788
4.32,31.22150161458907,131.01136613547732,126.55647991875288,2.129433216200189,1.557717292153632,-5.449098687803413,0.6081416928179851,2.7528904763421926,0.0,53.86838591680152,40.56505697130376,26.319869179615704,16.02377924992766,137.71958472061812,1755.874379180658,1.274,1.0300000015656,0.0,9.980664460275571,345.0001478400497,0.1585262279992296,1.0979223404206151e-05,-0.1042307345000783,0.025298575389739,0.016627026753803,2.6381530672641293,11.241207582185528,54.113041434790375,6.135219539894228
4.33,31.22149915887501,131.01136928167855,126.77374538746557,2.149926891263957,1.563136930281744,-5.469706146894102,0.2607453101888665,2.2821751598750315,0.0,53.8212126925156,40.55227421807249,26.255368410592222,16.023093615510074,137.71802393162548,1752.763779774804,1.274,1.0300000015656,0.0,9.983532021868282,345.0001478400497,0.1583877938118807,1.0968379160567332e-05,-0.1145809460894049,0.0329154304693787,0.0182617180511373,2.657900632034329,11.258381870358322,54.06671920957022,5.932452857841117
4.34,31.22149670424241,131.0113724272414,126.99008432654584,2.164537627583944,1.5642173167797884,-5.489668757616567,-0.0834115845985196,1.8129497798992105,0.0,53.7741801562452,40.53949247287286,26.18394788876577,16.02366734503852,137.71930982608168,1749.66531377403,1.274,1.0300000015656,0.0,9.98638474362726,345.0001478400497,0.1582497713114794,1.0966050022586049e-05,-0.124987909701821,0.0405269760421085,0.019902540102816,2.6703622925467663,11.270210026065094,54.01985631681789,5.781886151182264
4.35,31.221494250689624,131.01137557216487,127.2054973624777,2.17325827652026,1.5609684356388904,-5.509102338577756,-0.4233750604533776,1.3465395179951976,0.0,53.727262961807845,40.52672190806128,26.105585805633183,16.025484125717785,137.72342013812204,1746.5773075618868,1.274,1.0300000015656,0.0,9.989191606376831,345.0001478400497,0.1581120859161027,1.0972179136274724e-05,-0.135422703236719,0.0481120629442646,0.0215448707719708,2.6755383161899355,11.276688286518466,53.9724289791012,5.687057560132441
4.36,31.221491798213684,131.0113787164481,127.41998487326369,2.1761134022020285,1.553448447414139,-5.528122107832131,-0.758232222669284,0.8842363803690166,0.0,53.68048904070604,40.51397250891015,26.02027939610804,16.028522954804192,137.73032386145863,1743.501554357582,1.274,1.0300000015656,0.0,9.991986414209164,345.0001478400497,0.1579748198320428,1.098668553567374e-05,-0.1458566323587479,0.0556498426537543,0.0231841605455478,2.673482952315402,11.27786334789959,53.92447425725522,5.6495065376512725
4.37,31.22148934681028,131.01138186008995,127.6335469834553,2.173135864535931,1.5417080643704917,-5.5468393546323895,-1.0870902148574864,0.4273074053807405,0.0,53.633858629526586,40.50125404043792,25.928044730307874,16.032758305777993,137.73998148838473,1740.438043602786,1.274,1.0300000015656,0.0,9.99476916910596,345.0001478400497,0.1578379737631155,1.1009464639701005e-05,-0.1562613288071508,0.063119867642236,0.0248159186214772,2.664252863768082,11.273787257375975,53.87600034369864,5.668490414566366
4.38,31.22148689647379,131.01138500308954,127.8461835631594,2.164374537494356,1.525809277986036,-5.565358911574826,-1.4090846309121063,-0.0230115295531865,0.0,53.58737200857212,40.488576034146966,25.82891647251607,16.03816031299369,137.75234526432916,1737.386767644494,1.274,1.0300000015656,0.0,9.997539869765813,345.0001478400497,0.1577015485413202,1.1040388829646048e-05,-0.1666087986740938,0.0705020917490002,0.0264357296303512,2.6479243849058904,11.264532373164863,53.82701724196659,5.74101635968845
4.39,31.22148444719736,131.01138814544584,128.05789424394214,2.149894004393989,1.5058250694639004,-5.5837767406484655,-1.7233815037725808,-0.46551866201044,0.0,53.541029501333085,40.47594776437159,25.722947602392725,16.044694976459034,137.76735946350388,1734.3477216873428,1.274,1.0300000015656,0.0,10.000298511544992,345.0001478400497,0.157565545125298,1.1079308061091476e-05,-0.1768714941610627,0.0777769206014855,0.0280392646279938,2.6245931184295404,11.250190886286308,53.777536721108966,5.862193627101738
4.4,31.221481998972862,131.01139128715786,128.26867840391975,2.1297742126668875,1.48183909499032,-5.602177712347026,-2.02917918170148,-0.899049167133319,0.0,53.49483147417574,40.46337822580538,25.610209091252475,16.052324389370913,137.78496069383968,1731.3209037615754,1.274,1.0300000015656,0.0,10.003045086797648,345.0001478400497,0.1574299645994141,1.1126050541301194e-05,-0.1870223831934747,0.0849252601135706,0.0296222916904842,2.5943734907027527,11.23087426912873,53.72757226642337,6.025798924382689
4.41,31.221479551791,131.0113944282246,128.47853518962592,2.104110089453372,1.453945346196787,-5.620633601243769,-2.325710090413685,-1.3224778463367788,0.0,53.44877833545833,40.45087611221316,25.49078953467196,16.061006986269764,137.80507822890007,1728.3063146510194,1.274,1.0300000015656,0.0,10.005779584668726,345.0001478400497,0.1572948081711895,1.1180423469262858e-05,-0.197035016770896,0.0919285629700133,0.0311806860943987,2.5573982676274603,11.206712652050618,53.67713902579297,6.224901377382142
4.42,31.22147710564131,131.01139756864504,128.6874635140242,2.0730111199505377,1.422247787521819,-5.639201318327944,-2.612242379908807,-1.7347216798412963,0.0,53.40287053488353,40.43844979637039,25.364794742753023,16.07069780950028,137.82763436429963,1725.3039578411426,1.274,1.0300000015656,0.0,10.008501991315825,345.0001478400497,0.1571600771693829,1.1242213835376813e-05,-0.2068835939344363,0.0987688730107648,0.0327104400668042,2.5138180347425134,11.177854130111982,53.6262537526886,6.4524151343922895
4.43,31.221474660512204,131.01140070841817,128.89546205849615,2.0366008901427994,1.3868599712330982,-5.657921397127774,-2.88808145434464,-2.1347422402333884,0.0,53.357108562494766,40.426107311267614,25.232347289430447,16.081348791526267,137.8525447960267,1722.3138394412274,1.274,1.0300000015656,0.0,10.01121228983523,345.0001478400497,0.1570257730410573,1.1311189277616832e-05,-0.2165430242366051,0.105428867434066,0.0342076720892886,2.463800644941938,11.144464001154986,53.574934745346354,6.701508297036005
4.44,31.221472216391085,131.01140384754297,129.10252928476876,1.9950107268225457,1.347889871225365,-5.676816329132519,-3.152563670447151,-2.5215443359908205,0.0,53.31147122156624,40.41385633930327,25.093586024306543,16.092909049458868,137.879719015425,1719.3345667402311,1.274,1.0300000015656,0.0,10.013884165194064,345.0001478400497,0.1568918334102806,1.138709899710522e-05,-0.2259889756303565,0.1118918712849093,0.0356686193159557,2.407517515525321,11.10671219194778,53.523177738674974,6.965851503534669
4.45,31.22146977326427,131.0114069860184,129.30866344386015,1.9483951301147413,1.3054793820313308,-5.695890271408511,-3.4050746125065943,-2.894186189332293,0.0,53.26597420482705,40.401704198401056,24.948665566196865,16.105325179802342,137.90906069583923,1716.367129268696,1.274,1.0300000015656,0.0,10.016535930655603,345.0001478400497,0.1567583044634121,1.1469674686155954e-05,-0.235197923256292,0.118141876657541,0.0370896824609349,2.3451786677641926,11.064804221375203,53.471020683827874,7.239752260898492
4.46,31.22146733111717,131.01141012384343,129.51386257409172,1.896918768730776,1.2597729266040056,-5.715128316066579,-3.645041425839232,-3.251777171466608,0.0,53.22062481900311,40.38965780254528,24.79775572946034,16.118541577774455,137.94046813159147,1713.4119731617905,1.274,1.0300000015656,0.0,10.019175675724965,345.0001478400497,0.1566252077073369,1.1558631506158964e-05,-0.2441472560728394,0.1241636890891162,0.0384674142578131,2.27700433265645,11.01895546729954,53.41849354385298,7.518182854790211
4.47,31.221464889934254,131.01141326101703,129.71812451699142,1.8407564394813127,1.2109182123749067,-5.734495811980427,-3.871931588060737,-3.593478576112343,0.0,53.17542370565428,40.37772366343715,24.64104090914946,16.132500765283005,137.973834696032,1710.4691142389484,1.274,1.0300000015656,0.0,10.021803372909778,345.0001478400497,0.1564925450335292,1.1653669186002337e-05,-0.252815298382661,0.1299428974169489,0.0397985222124474,2.2032255089073853,10.9693911629982,53.36562013382719,7.796754755487823
4.48,31.22146244969913,131.0114163975382,129.92144692425137,1.780094286833107,1.1590703184704891,-5.753938326437819,-4.085255681128022,-3.918506163732708,0.0,53.13037154086256,40.36590787902966,24.478719448382417,16.147143713417336,138.00904928864622,1707.5385705118103,1.274,1.0300000015656,0.0,10.024418992221056,345.0001478400497,0.1563603184347278,1.175447310891634e-05,-0.2611813562796931,0.1354658999641455,0.0410798794615832,2.1240874227591853,10.916348957620109,53.31242546296139,8.071667163594523
4.49,31.22146001039464,131.0114195334058,130.12382725872143,1.7151291735147092,1.1043912035317285,-5.77338182166408,-4.2845681838513565,-4.226131667461821,0.0,53.085469033864726,40.35421612292311,24.311002974827733,16.16241016488644,138.04599678725577,1704.62036208703,1.274,1.0300000015656,0.0,10.027022501377544,345.0001478400497,0.1562285300009224,1.1860715431070496e-05,-0.2692257629058311,0.1407199322459,0.0423085311153884,2.0398489331000538,10.860077775448817,53.258935656475614,8.339643340785996
4.5,31.221457572002823,131.01142266861885,130.32526282025236,1.6460680296571963,1.0470492000785308,-5.792733109036309,-4.469468135283916,-4.515684133383601,0.0,53.04071692538671,40.34265363519399,24.138115707941825,16.178238954044613,138.08455850303437,1701.7145110484264,1.274,1.0300000015656,0.0,10.029613865747349,345.0001478400497,0.1560971819144839,1.197205622970301e-05,-0.2769299205041142,0.145693092079974,0.043481700065194,1.9507819817167669,10.80083661858602,53.205177874996025,8.597866332837244
4.51,31.221455134505096,131.01142580317628,130.52575073774327,1.5731271827558555,0.9872184971788426,-5.811880571231132,-4.639599667537085,-4.786551090924243,0.0,52.996115986238486,40.33122521466267,23.96029373893187,16.19456832212232,138.12461263585124,1698.8210413591328,1.274,1.0300000015656,0.0,10.032193048698332,345.0001478400497,0.1559662764460333,1.2088144676354918e-05,-0.2842763391845053,0.150374362065502,0.0445967922473209,1.857171122364188,10.738893316069632,53.15118023229869,8.843919504116498
4.52,31.22145269788224,131.01142893707703,130.7252879900146,1.496531670412658,0.9250786123545822,-5.830695139593099,-4.794652406374459,-5.038179549092574,0.0,52.95166701547626,40.31993521260762,23.77778428549212,16.211336225416954,138.16603472758646,1695.9399787345671,1.274,1.0300000015656,0.0,10.034760011510516,345.0001478400497,0.1558358159490587,1.2208620230766576e-05,-0.2912486723240601,0.1547536294002847,0.0456514013536241,1.7593131780617262,10.674523222276314,53.09697171084535,9.07573416742258
4.53,31.221450262114463,131.01143207032004,130.923871409784,1.4165145381900868,0.8608138546413466,-5.84903151131028,-4.934361738621809,-5.270076814766414,0.0,52.907370838836165,40.30878752792369,23.59084492343436,16.22848063435542,138.20869811121773,1693.0713505342128,1.274,1.0300000015656,0.0,10.037314713697292,345.0001478400497,0.1557058028553236,1.233311385083768e-05,-0.2978317485299194,0.1588217030133609,0.0466433129817811,1.6575171038763468,10.608007868814145,53.04258207611058,9.291544813507278
4.54,31.22144782718149,131.01143520290427,131.12149769758068,1.3333099905676535,0.7945964617592541,-5.8667288675479545,-5.0585005761495445,-5.481807527663929,0.0,52.8632041684799,40.29778561172055,23.39974280037137,16.245939819957886,138.25247434972664,1690.2136420639658,1.274,1.0300000015656,0.0,10.039828083271903,345.0001478400497,0.1555761686302296,1.2461249223063866e-05,-0.3040115862771137,0.1625702958895555,0.0475704843337046,1.5520905556112166,10.539620945973532,52.988015087908856,9.489844543225074
4.55,31.221445393062567,131.01143833482868,131.3181634296972,1.2471705108103543,0.7266333006101179,-5.88361408028396,-5.16689990143366,-5.673003052682557,0.0,52.819189300093285,40.28693246122191,23.204753847152634,16.26365261900129,138.29723364515024,1687.368256245561,1.274,1.0300000015656,0.0,10.042325870005024,345.0001478400497,0.1554469788907433,1.259264395289846e-05,-0.3097754229199236,0.165992045149447,0.0484311097295502,1.4433803527560878,10.46966356750989,52.933325532438,9.669370862310352
4.56,31.2214429597366,131.01144146609215,131.51386507409154,1.158349580716728,0.6571217251713471,-5.899502602940716,-5.2594335555181,-5.843355109412657,0.0,52.775329949369,40.276230602970855,23.006161940363167,16.281558702075383,138.34284528062858,1684.535405133154,1.274,1.0300000015656,0.0,10.044811422688063,345.0001478400497,0.1553182445731383,1.2726910782962612e-05,-0.3151117706574803,0.1690806018269569,0.0492235725209435,1.3317371662474926,10.398428854844962,52.878548125723086,9.829067667979148
4.57,31.221440527182192,131.0114445966937,131.7085989953571,1.0671050496605468,0.586259758454061,-5.914200476394984,-5.336020103074105,-5.992616814353949,0.0,52.73162703092065,40.26568210603521,22.804258053599625,16.29959882441872,138.38917804771643,1681.715121418662,1.274,1.0300000015656,0.0,10.04728469529682,345.0001478400497,0.1551899683699775,1.2863658864242152e-05,-0.3200104097913288,0.1718305813733653,0.0499464564538402,1.2175278026331144,10.326208862868778,52.82371489152416,9.968065715026126
4.58,31.221438095377657,131.01144772663227,131.90236146863705,0.9736991123137676,0.514247444172415,-5.927506492282819,-5.396623201897749,-6.120602904666524,0.0,52.68808147664978,40.25528858426426,22.5993394074886,16.317715054556526,138.43610064758607,1678.907438805478,1.274,1.0300000015656,0.0,10.049745640711611,345.0001478400497,0.1550621530245634,1.3002494977555605e-05,-0.3244624022789899,0.1742375662640404,0.0505985493655211,1.101142559505475,10.25329456962318,52.76885819176557,10.085665824125265
4.59,31.221435664301165,131.01145085590676,132.0951486945328,0.8783975607382829,0.4412862866281819,-5.939214403856256,-5.441251068599829,-6.227189436566635,0.0,52.64469423362669,40.24505119988812,22.39170861063545,16.3358509852522,138.4834820784859,1676.1123918692836,1.274,1.0300000015656,0.0,10.052194210702876,345.0001478400497,0.1549348013247172,1.3143024742873807e-05,-0.3284601020337332,0.1762981069176711,0.0511788438855215,0.9830059026365796,10.179974374911133,52.71401063613258,10.181324530992983
4.6,31.221433233930743,131.01145398451618,132.2869567971164,0.7814690360789943,0.3675786923833037,-5.949115213786631,-5.469955815777071,-6.312313296060485,0.0,52.60146626221029,40.23497066844327,22.18167279394048,16.35395192609,138.53119200859038,1673.3300159343255,1.274,1.0300000015656,0.0,10.054630356233856,345.0001478400497,0.1548079160972652,1.328485381255937e-05,-0.3319971615394919,0.1780097199688903,0.0516865375634069,0.863596879906072,10.10653260429617,52.65920499211929,10.25464224637227
4.61,31.22143080424435,131.0114571124595,132.47778185871684,0.6831842817036216,0.2933274150018815,-5.956999511386488,-5.48283266368633,-6.375971524283883,0.0,52.55839853400501,40.22504726498977,21.96954274077832,16.37196507718808,138.57910113350178,1670.560346939244,1.274,1.0300000015656,0.0,10.057054027590343,345.0001478400497,0.1546815002020541,1.342758904417311e-05,-0.3350685347907532,0.179370883930657,0.0521210324281737,0.7434901864985256,10.033248030054365,52.60447409533754,10.305353466772672
4.62,31.221428375219947,131.01146023973567,132.667619908987,0.5838153997154699,0.2187350044584405,-5.962659831625321,-5.480019030232126,-6.418220460867969,0.0,52.51549202973142,40.21528083158096,21.75563201554412,16.389839683735772,138.6270815178337,1667.8034212994444,1.274,1.0300000015656,0.0,10.0594651744239,345.0001478400497,0.1545555565256983,1.3570839648708067e-05,-0.3376704765797535,0.1803810322895919,0.0524819339864605,0.6234450795834244,9.960392421990196,52.54985076042599,10.333318669415387
4.63,31.221425946835573,131.0114633663438,132.85646695074536,0.4836351127661292,0.1440032629228057,-5.965893008537846,-5.461693503843013,-6.439174709904459,0.0,52.47274773728199,40.205670785943134,21.540256093067462,16.40752717123577,138.67500692046565,1665.0592757810348,1.274,1.0300000015656,0.0,10.06186374602573,345.0001478400497,0.1544300879758821,1.3714218310279587e-05,-0.339800538166631,0.1810405440856943,0.052769049668832,0.5046180431987208,9.888229142101126,52.49536769311212,10.33851760475915
4.64,31.22142351906932,131.01146649228275,133.04431896096864,0.3829138269293036,0.0693264550765402,-5.966502161354583,-5.428072015985346,-6.4390049317864175,0.0,52.4301573566769,40.19621613240465,21.323731491468035,16.424981261463916,138.7227531030831,1662.3273580906564,1.274,1.0300000015656,0.0,10.064238589881247,345.0001478400497,0.1543050701255035,1.385734227540112e-05,-0.341457557906282,0.1813507280714392,0.0529823771151787,0.3891389015152988,9.81700715722535,52.44104712811812,10.32104153483271
4.65,31.221421091899565,131.01146961755165,133.23117190868345,0.2819217999426135,-0.0051011876515284,-5.964299019029967,-5.379407740584015,-6.4179369766734204,0.0,52.38771511690025,40.18691548329869,21.106374920086417,16.442158064610553,138.77019810868904,1659.6072780101135,1.274,1.0300000015656,0.0,10.066581591494272,345.0001478400497,0.1541804859901357,1.3999834413139404e-05,-0.3426416320123726,0.1813137597231823,0.0531221106106946,0.2819679470940195,9.746965830019873,52.38691382421878,10.28108970218668
4.66,31.2214186653048,131.01147274214946,133.41702176987383,0.1809331557837118,-0.0790723364912271,-5.959107384884899,-5.315999223599708,-6.376253806146118,0.0,52.34543818546842,40.17776704978756,20.88850243388024,16.459016153811305,138.8172225256369,1656.9000987732452,1.274,1.0300000015656,0.0,10.068912026851724,345.0001478400497,0.1540563860949541,1.4141324164790751e-05,-0.343354134468308,0.1809327570881754,0.0531886642410717,0.1974568825745823,9.678343712998709,52.33301753583999,10.218973586926198
4.67,31.22141623926385,131.01147586607533,133.60186452648577,0.0802158990965161,-0.1523934033560782,-5.95076378469585,-5.23817744013397,-6.314289505166763,0.0,52.30332755917895,40.16876866108642,20.670428574561846,16.475516633936497,138.8637097693525,1654.2058572514231,1.274,1.0300000015656,0.0,10.071229845663831,345.0001478400497,0.1539327733738946,1.428144855463978e-05,-0.3435976905504448,0.1802117412261287,0.0531826273745806,0.1722159245851869,9.611357926823963,52.27938968758121,10.135104561406127
4.68,31.22141381375588,131.01147898932828,133.78569619227093,-0.0199648963937664,-0.2248741257722801,-5.939119823593384,-5.146307850436427,-6.23242882725742,0.0,52.26138423170565,40.15991778185968,20.45246553899093,16.4916231853551,138.90954632735156,1651.5245900137409,1.274,1.0300000015656,0.0,10.07353499785426,345.0001478400497,0.153809650751739,1.4419853128607186e-05,-0.3433761483041835,0.1791555963861061,0.0531047757090203,0.2257586487452496,9.546211340046952,52.22606117731648,10.029994908138928
4.69,31.22141138876044,131.01148211190747,133.96851280682102,-0.1193477581152817,-0.2963280434561117,-5.924043979721618,-5.040788798296423,-6.131105250425745,0.0,52.21960919170185,40.151211527060326,20.234922364718496,16.50730208993875,138.9546219853197,1648.8563332055016,1.274,1.0300000015656,0.0,10.075827433802054,345.0001478400497,0.1536870211385837,1.4556192831993445e-05,-0.3426945539749323,0.177770046955489,0.0529560667003147,0.3194590266436941,9.483091745161564,52.17306229899409,9.904256679554745
4.7,31.221408964257503,131.01148523381204,134.1503104643909,-0.2176754679754584,-0.3665729590595639,-5.905423230496685,-4.922049840016988,-6.010798915904131,0.0,52.17800342086298,40.1426466775819,20.018104132917344,16.52252224116974,138.99883003736485,1646.201122429775,1.274,1.0300000015656,0.0,10.078107104498155,345.0001478400497,0.1535648874241325,1.469013283771066e-05,-0.3415591244273489,0.1760616324443557,0.0527376345545669,0.4263305022660849,9.422171182654466,52.12042266793286,9.758601424709148
4.71,31.221406540227555,131.0114883550412,134.33108530992368,-0.3146956973535641,-0.4354313820193573,-5.8831644954903,-4.790550012361124,-5.87203446137192,0.0,52.13656789184704,40.13421969665645,19.80231119079165,16.5372551392821,139.04206748083053,1643.5589926184316,1.274,1.0300000015656,0.0,10.080373961488476,345.0001478400497,0.1534432524715948,1.4821349323219174e-05,-0.3399772166845123,0.1740376806068663,0.0524507848061002,0.537244789449734,9.363605424551908,52.06817114868937,9.593840868884069
4.72,31.221404116651577,131.01149147559414,134.5108335589273,-0.4101616222373136,-0.5027309540535584,-5.857195882297859,-4.646776048209661,-5.715378760806545,0.0,52.09530356664213,40.12592674692809,19.587838395465702,16.55147487243333,139.08423519609644,1640.929977930923,1.274,1.0300000015656,0.0,10.08262795730084,345.0001478400497,0.1533221191129117,1.494953019474842e-05,-0.3379572947277075,0.171706278805756,0.0520969885061855,0.648819428776343,9.307533627153214,52.01633578632068,9.410888673515405
4.73,31.221401693511154,131.01149459547008,134.689551497474,-0.5038325173794966,-0.5683048559275514,-5.827467724092231,-4.491240548351184,-5.541438583253297,0.0,52.0542113944895,40.11776370813156,19.374974381250304,16.5651580849596,139.12523811182092,1638.3141116282488,1.274,1.0300000015656,0.0,10.084869045288409,345.0001478400497,0.1532014901426437,1.5074375757629984e-05,-0.3355088937054279,0.1690762437297645,0.0516778760467713,0.7594796179238973,9.25407815935778,51.9649437402151,9.210763448838476
4.74,31.221399270788485,131.0114977146684,134.867235506055,-0.5954743280088317,-0.6319921939912745,-5.793953400092517,-4.324480118268582,-5.350858183088616,0.0,52.01329231026501,40.10972619530469,19.164000852078274,16.57828393380808,139.16498535609486,1635.7114259737052,1.274,1.0300000015656,0.0,10.087097179957,345.0001478400497,0.1530813683132376,1.5195599332036015e-05,-0.3326425817070074,0.1661570895769061,0.0511952306458983,0.8683256460363047,9.203344610924512,51.91402122163258,8.99459324212442
4.75,31.22139684846638,131.0115008331884,135.0438820526212,-0.6848603779724196,-0.6936388576555406,-5.756649900920159,-4.147053292644704,-5.14431677898349,0.0,51.972546496434255,40.1018095774598,18.955191900787927,16.590834034270472,139.20339039398343,1633.121905856195,1.274,1.0300000015656,0.0,10.08931144413925,345.0001478400497,0.1529617541628613,1.531292781359874e-05,-0.3293699192619535,0.1629589948189032,0.0506509808034283,0.9747541677470736,9.155421637750347,51.86359262092444,8.763621638131717
4.76,31.22139442652838,131.01150395102948,135.21948771146745,-0.7717763440829801,-0.7531116697634695,-5.715577069164894,-3.9595320114992782,-4.922524130085428,0.0,51.93195262659608,40.09400900414142,18.748813359817603,16.602792394580103,139.2403711470313,1630.5441855672186,1.274,1.0300000015656,0.0,10.091485457019376,345.0001478400497,0.1528425849264277,1.5426102193942877e-05,-0.3257034070793964,0.159492734505705,0.0500471717448101,1.0783235174886012,9.11037176157944,51.813657528559446,8.51921116036716
4.77,31.221392004958734,131.0115070681912,135.39404917118375,-0.8560062980665382,-0.810254140458342,-5.670780839784354,-3.762517872705071,-4.686223369912425,0.0,51.89153466290975,40.086319416284695,18.54512219029748,16.614145337642384,139.27585008590702,1627.9797454078423,1.274,1.0300000015656,0.0,10.093646554337688,345.0001478400497,0.1527239311289979,1.553487796874271e-05,-0.3216564513256038,0.1557696761529801,0.0493860244370176,1.1786474057062717,9.068262957386246,51.76426448226802,8.262867876712285
4.78,31.22138958374243,131.01151018467303,135.5675632406177,-0.9373480874768224,-0.8649324820263332,-5.622330476534914,-3.556624558988249,-4.436183725257953,0.0,51.85129346637861,40.07873555990076,18.34436587983239,16.6248814273463,139.30975434728404,1625.42861263848,1.274,1.0300000015656,0.0,10.095794696420397,345.0001478400497,0.1526057953063628,1.5639025530628742e-05,-0.3172433280389105,0.1518017809511111,0.0486698627224587,1.275406951244541,9.029137356691376,51.71543534999153,7.996243135699114
4.79,31.22138716286525,131.0115133004745,135.7400268588136,-1.015608715051339,-0.9170204420243228,-5.570319004564905,-3.342480208413724,-4.1731992587243845,0.0,51.81122987552399,40.07125201284752,18.14678187890745,16.6349913853737,139.3420158291108,1622.8908130391085,1.274,1.0300000015656,0.0,10.097929845237417,345.0001478400497,0.1524881799283709,1.573833054301748e-05,-0.3124791243022134,0.1476015297252737,0.0479011265545709,1.36831994669112,8.99302294966166,51.667190791044256,7.721154046466899
4.8,31.221384742313784,131.0115164155953,135.91143709501077,-1.0906047537043968,-0.9663995566381764,-5.514862681969643,-3.1207255093318773,-3.89808629975686,0.0,51.771344704870856,40.06386320465829,17.95259707537698,16.64446800051662,139.37257126697548,1620.3663708211725,1.274,1.0300000015656,0.0,10.10005196443047,345.0001478400497,0.1523710873944793,1.5832594229175645e-05,-0.3073796888997725,0.1431818843787907,0.0470823640198487,1.4571321265163248,8.959934565447611,51.61955021508659,7.4396044858532795
4.81,31.22138232207542,131.01151953003523,136.08179116951655,-1.1621627322123906,-1.0129593800505978,-5.456100260755443,-2.892011813286116,-3.6116808870650745,0.0,51.731638743530645,40.05656343644582,17.762027303331596,16.653306034038604,139.40136229944875,1617.8553085458334,1.274,1.0300000015656,0.0,10.102161019327136,345.0001478400497,0.1522545200295923,1.592163360959147e-05,-0.3019615817225273,0.1385562486319393,0.0462162232118256,1.5416122068822942,8.929874966386535,51.57253174501224,7.153810258428248
4.82,31.22137990213844,131.0115226437941,136.2510864477418,-1.2301194909448798,-1.0565976897126603,-5.394192047057529,-2.6569992715753328,-3.3148362313975968,0.0,51.69211275405433,40.04934690076272,17.57527688716063,16.661502122119387,139.4283355227499,1615.357647059582,1.274,1.0300000015656,0.0,10.104256977179675,345.0001478400497,0.1521384800806933,1.600528168913246e-05,-0.2962420220916743,0.1337384281740564,0.0453054439836494,1.621548981024831,8.902836034839623,51.52615218393005,6.866228383230255
4.83,31.22137748249196,131.01152575687175,136.4193204471568,-1.2943225071334716,-1.097220667678068,-5.329318772193762,-2.4163550005213508,-3.0084202067937538,0.0,51.652767471142376,40.04220770135103,17.392538221504537,16.669054676379236,139.45344253505257,1612.8734054210352,1.274,1.0300000015656,0.0,10.106339807136935,345.0001478400497,0.152022969713058,1.6083387595536865e-05,-0.2902388361675025,0.1287425903450573,0.0443528496047302,1.6967495823376166,8.878800029653428,51.48042698579274,6.579589820410262
4.84,31.221375063125983,131.01152886926823,136.58649085915889,-1.3546301891039867,-1.134743057741971,-5.261680287816327,-2.170751280080931,-2.69331287761096,0.0,51.61360360053478,40.03513987271634,17.213991387671392,16.6759637834283,139.47663997071632,1610.4026008390704,1.274,1.0300000015656,0.0,10.108409480328648,345.0001478400497,0.1519079910069987,1.6155816671038335e-05,-0.2839704036070732,0.1235832234606138,0.0433613383469129,1.767038431705414,8.857740888442368,51.43537023002612,6.296933763973775
4.85,31.221372644031444,131.0115319809836,136.75259552919172,-1.410912139073233,-1.1690882984837945,-5.191494099864843,-1.9208637897207448,-2.3704040676969287,0.0,51.57462181797628,40.02813739946254,17.039803806972518,16.682231104332125,139.4978895247006,1607.9452486171276,1.274,1.0300000015656,0.0,10.110465969935664,345.0001478400497,0.1517935459548162,1.622245051898564e-05,-0.2774556036301544,0.1182750958925974,0.0423338750244455,1.8322565946430247,8.839625551169371,51.39099460002808,6.02163965475733
4.86,31.22137022520012,131.011535092018,136.91763247562923,-1.4630493841732628,-1.2001886323020658,-5.118993757300934,-1.6673698849286769,-2.040590977191452,0.0,51.53582276827128,40.02119423532797,16.870129931319095,16.687859774824293,139.51715796738847,1605.5013621015505,1.274,1.0300000015656,0.0,10.112509251260205,345.0001478400497,0.1516796364580361,1.628318700744105e-05,-0.2707137606483108,0.1128332150142421,0.0412734825111435,1.8922613863760356,8.824415280632628,51.34731136552778,5.757450039440044
4.87,31.221367806624727,131.01153820237175,137.08159990071044,-1.5109345754570602,-1.2279851905992742,-5.044427112680725,-1.410946917144508,-1.704775851551048,0.0,51.49720706442898,40.01430432186498,16.705110971309114,16.692854307034768,139.53441715002336,1603.0709526378128,1.274,1.0300000015656,0.0,10.1145393017961,345.0001478400497,0.1515662643248863,1.6337940231811255e-05,-0.263764589606957,0.1072727861164681,0.0401832332573763,1.946926126313719,8.812066956121251,51.3043303687708,5.508473182487102
4.88,31.221365388298924,131.01154131204527,137.24449617562706,-1.5544750204678697,-1.252437928843048,-4.968053664215988,-1.1522665628766795,-1.3638628477553378,0.0,51.458760298734646,40.00746160935371,16.544874662480677,16.69722049313561,139.5496439998859,1600.6530971009583,1.274,1.0300000015656,0.0,10.116538488541522,345.0001478400497,0.1514533871548994,1.6386640446100526e-05,-0.2566281386287496,0.1016091593748074,0.0390662290605812,1.9961484048795088,8.802527846775897,51.26204347576576,5.279147403695112
4.89,31.221362970217235,131.0115444210391,137.40631986139763,-1.5935854269296248,-1.2735004187918015,-4.890144334599384,-0.8920014600067673,-1.0187576301224408,0.0,51.42049123359156,40.0006600774681,16.38953507692997,16.700965307653647,139.56282049159927,1598.2483155339144,1.274,1.0300000015656,0.0,10.118516467684591,345.0001478400497,0.151341030741984,1.6429233946152216e-05,-0.2493247304187282,0.0958577698131453,0.0379256218587351,2.039828325091885,8.795753398398173,51.22046672620916,5.074154641593154
4.9,31.22136055237513,131.01154752935375,137.56706969693883,-1.6281928494118798,-1.29113614700698,-4.8109787613179815,-0.630820865865173,-0.670364525483305,0.0,51.38240727889221,39.99389373909895,16.23919246198114,16.704096818916103,139.57393362921528,1595.8570424012144,1.274,1.0300000015656,0.0,10.120481331248463,345.0001478400497,0.1512292168997971,1.646568287508309e-05,-0.2418749228684771,0.0900341684991778,0.0367645876588963,2.0778825114417625,8.791697523661508,51.17961325157434,4.898248687407576
4.91,31.221358134768995,131.01155063699,137.7267446159621,-1.658237775341423,-1.3053221525820535,-4.730842708945303,-0.3693863255150232,-0.319583844845802,0.0,51.34450891401129,39.98715666453562,16.093933111348246,16.706624107022655,139.58297542911092,1593.4792806972418,1.274,1.0300000015656,0.0,10.122433065946032,345.0001478400497,0.1511179470444358,1.6495965084457262e-05,-0.2342994465261634,0.0841539458660624,0.0355863132638772,2.1102470628835697,8.7903112355594,51.13948712614477,4.7559912561047515
4.92,31.221355717396097,131.01155374394875,137.8853437350463,-1.683672828998342,-1.3160444421888116,-4.65002627524209,-0.1083516945978575,0.0326898257138918,0.0,51.30679658347049,39.98044299812752,15.953829280330936,16.708557182373728,139.58994288121767,1591.1150312690415,1.274,1.0300000015656,0.0,10.124371660806425,345.0001478400497,0.1510072224897228,1.6520073926948443e-05,-0.2266191496989661,0.078232688011273,0.0343939933415323,2.136873555964732,8.791546505655166,51.1000909829587,4.651403344676664
4.93,31.22135330025464,131.01155685023093,138.04286636357574,-1.7044627782428712,-1.323297938559999,-4.568821775802709,0.1516382501006664,0.3855695906435466,0.0,51.26927069653144,39.973746973787904,15.818939137979104,16.70990690875821,139.59483790131807,1588.764292802032,1.274,1.0300000015656,0.0,10.126297107105646,345.0001478400497,0.1508970444459888,1.653801801724365e-05,-0.2188549449061799,0.0722859374925679,0.0331908223575328,2.157728941311132,8.795356994143155,51.06142602168162,4.5875691261464
4.94,31.221350883343668,131.01155995583767,138.19931200175333,-1.7205845099476436,-1.3270864074716235,-4.487521633386408,0.4099491501861778,0.7381781469394351,0.0,51.23193162709717,39.967062929825936,15.689306755602251,16.710684931379262,139.59766727488008,1586.4270618208095,1.274,1.0300000015656,0.0,10.128209398546876,345.0001478400497,0.1507874140198073,1.6549820966350565e-05,-0.2110277559383691,0.0663291547499285,0.0319799866380456,2.17279542020204,8.80169864164988,51.02349202010708,4.56626934077134
4.95,31.221348466663155,131.01156306077027,138.35468033761717,-1.73202697468436,-1.3274223640796772,-4.406416290555921,0.6659583557625268,1.089649623126064,0.0,51.19477971338927,39.96038532307647,15.564962131117555,16.71090361001875,139.5984425925308,1584.1033326810254,1.274,1.0300000015656,0.0,10.13010853106632,345.0001478400497,0.150678332213013,1.6555521091114126e-05,-0.2031584656283042,0.0603776802334409,0.0307646565769596,2.1820702979953386,8.810530117354098,50.98628734861708,4.587738152779134
4.96,31.221346050213896,131.01156616503005,138.5089712579736,-1.7387911010811217,-1.3243269587157307,-4.325792163695708,0.9190561664433432,1.4391313559200445,0.0,51.157815258052494,39.95370874230037,15.445921248657587,16.71057595747037,139.59718017727135,1581.7930975820916,1.274,1.0300000015656,0.0,10.13199450302736,345.0001478400497,0.1505697999230401,1.655517110065621e-05,-0.1952678644345848,0.0544466973136872,0.0295479790018485,2.1855658117698784,8.821813121375282,50.949808988236775,4.650617285926783
4.97,31.221343633997563,131.01156926861853,138.66218483348902,-1.7408896805693597,-1.3178298431029911,-4.245929655690792,1.1686470239613505,1.7857856055418573,0.0,51.12103852806685,39.94702792082904,15.332186172789308,16.709715583303268,139.59390100353977,1579.496346573217,1.274,1.0300000015656,0.0,10.133867315081872,345.0001478400497,0.1504618179426349,1.6548837761323755e-05,-0.1873765999344402,0.0485511960484926,0.0283330697117332,2.183308931148152,8.835512541618808,50.91405255151364,4.752124234134535
4.98,31.221341218016608,131.0115723715374,138.81432132365802,-1.7383472231313153,-1.3079690172939575,-4.1671012437036445,1.414150656880322,2.1287912106803857,0.0,51.08444975489862,39.9403377484366,15.223745176630027,16.7083366429513,139.58863060823515,1577.2130675714925,1.274,1.0300000015656,0.0,10.135726970197949,345.0001478400497,0.1503543869602992,1.6536601541624853e-05,-0.1795051273178595,0.0427059378759146,0.0271230061992584,2.17534113137459,8.85159646833919,50.87901230660725,4.88838489424693
4.99,31.22133880227436,131.01157547378838,138.96538117779767,-1.7311997848379477,-1.2947906580779835,-4.08956965745735,1.65500317801849,2.4673451841444782,0.0,51.048049134656814,39.933633282417766,15.12057290308314,16.70645379205955,139.58139899382508,1574.9432463790977,1.274,1.0300000015656,0.0,10.137573473590576,345.0001478400497,0.1502475075607631,1.6518556238498797e-05,-0.1716736609714535,0.0369254213008078,0.025920820569053,2.1617181385840727,8.870036071876838,50.844681204242185,5.054840033093835
5.0,31.221336386774844,131.01157857537353,139.11536502908407,-1.7194947679697363,-1.278348929357506,-4.013586162337817,1.890658135041969,2.8006642501502923,0.0,51.01183682844946,39.9269097578617,15.02263055835769,16.70408214595949,139.57224052366865,1572.686866715951,1.274,1.0300000015656,0.0,10.139406832777096,345.0001478400497,0.1501411802260076,1.6494808586158297e-05,-0.1639021272368328,0.0312238486388603,0.0247294926637214,2.1425096474011656,8.890805351462761,50.81105090764471,5.246635332113323
5.01,31.221333971522924,131.0115816762948,139.26427369156923,-1.70329079200495,-1.2587061616211923,-3.939388932198368,2.1205876496431224,3.1279863456679697,0.0,50.97581236928898,39.9201625971085,14.929866136877612,16.701237244086997,139.56119380970063,1570.443873684065,1.274,1.0300000015656,0.0,10.141226366267537,345.0001478400497,0.1500354035896315,1.646547784860333e-05,-0.1562101184250801,0.0256150938793081,0.023551943133792,2.1177993194072435,8.913880514475027,50.77811117102269,5.458935401489121
5.02,31.221331556524152,131.0115847765545,139.41210816515257,-1.68266025195614,-1.2359439281690583,-3.867200599632509,2.3442883756159807,3.448572829553365,0.0,50.93995724255605,39.91338742306567,14.842214678385965,16.697935018137375,139.54830158886347,1568.2131013678977,1.274,1.0300000015656,0.0,10.14301042249616,345.0001478400497,0.1499301231664086,1.643069541151342e-05,-0.1486168442231151,0.0201126466818585,0.0223910188258843,2.087693396332725,8.93923217261404,50.74583068030529,5.687141903151349
5.03,31.2213291417848,131.01158787615495,139.55886961669407,-1.6576799106417424,-1.210126406804426,-3.797229733082657,2.561268704803523,3.7617076658352007,0.0,50.9042908339162,39.90658006171217,14.759598559596748,16.694191761832165,139.53361058115917,1565.995719114739,1.274,1.0300000015656,0.0,10.144781537501512,345.0001478400497,0.1498253960220092,1.6390604311449593e-05,-0.1411410922850958,0.0147296060918937,0.0212495125172053,2.0522913958726674,8.966848363183544,50.71421875451317,5.927014053232557
5.04,31.22132672731181,131.01159097509858,139.7045593929364,-1.6284400370810512,-1.1813374494589075,-3.7296671133500574,2.7710614545981564,4.066700641810299,0.0,50.868813169067,39.89973654534376,14.68192780116113,16.690024112005485,139.5171713686729,1563.7917026508887,1.274,1.0300000015656,0.0,10.146539727235648,345.0001478400497,0.1497212222409066,1.63453587775816e-05,-0.1338011909537394,0.0094786811654966,0.0201301307943387,2.011715516791631,8.996709711920582,50.68326226371951,6.174726914744077
5.05,31.221324313112767,131.01159407338815,139.8491790046024,-1.595040869204771,-1.1496677014017067,-3.664685456694959,2.973221432515828,4.3628880886115695,0.0,50.83352424143659,39.892853123113504,14.60910040544784,16.68544903143865,139.49903826027082,1561.6010258294596,1.274,1.0300000015656,0.0,10.148285009800375,345.0001478400497,0.1496176018128421,1.6295123794580258e-05,-0.126614964661977,0.0043721364742423,0.0190354970744347,1.9661001310909711,9.028796885163793,50.65294697921542,6.426877753390968
5.06,31.22132189919588,131.01159717102632,139.992730124406,-1.5575922700814888,-1.1152143184163956,-3.602438553413993,3.1673262081769247,4.649634076518667,0.0,50.79842401268258,39.88592626633091,14.541002723182103,16.680483793508696,139.47926914380932,1559.423660671249,1.274,1.0300000015656,0.0,10.15001740511866,345.0001478400497,0.149514534634257,1.624007462627279e-05,-0.1195996953545876,-0.0005782336299538,0.0179681461854913,1.9155913590544007,9.063089824584198,50.62325761807866,6.680465244700515
5.07,31.221319485569968,131.01160026801605,140.13521459003553,-1.5162133638891313,-1.078080670401267,-3.543060573278181,3.35297683715612,4.926331551820935,0.0,50.763512413789904,39.8789526729789,14.477509845053106,16.67514596971597,139.4579253318803,1557.2595774368078,1.274,1.0300000015656,0.0,10.15173693518104,345.0001478400497,0.1494120205115477,1.618039632741328e-05,-0.1127720855987307,-0.0053611293279325,0.0169305192200017,1.860346627212804,9.099566950307333,50.59417789047616,6.932854711797315
5.08,31.22131707224436,131.01160336436038,140.27663438725642,-1.4710321530100987,-1.0383760329822895,-3.4866655406381906,3.529798535991678,5.192403413967459,0.0,50.72878934575655,39.87192927142513,14.418486017061968,16.669453419635143,139.43507140134415,1555.108744677801,1.274,1.0300000015656,0.0,10.15344362373076,345.0001478400497,0.1493100591630515,1.611628324403182e-05,-0.1061482234470319,-0.009965768183749,0.0159249586694934,1.8005342133456097,9.138204348389186,50.56569054844732,7.181738474098296
5.09,31.22131465922891,131.01160646006247,140.41699164990985,-1.4221851173441482,-0.9962152674001046,-3.4333469805128525,3.697441307001197,5.447303531325134,0.0,50.69425468069094,39.86485322334176,14.363785078342676,16.66342428281584,139.41077502691442,1552.971129309532,1.274,1.0300000015656,0.0,10.155137496345864,345.0001478400497,0.1492086502222867,1.6047938502779143e-05,-0.0997435491142786,-0.0143819064957643,0.0149537038475458,1.7363327826242303,9.178974959327569,50.53777743695832,7.425096596658033
5.1,31.22131224653398,131.01160955512557,140.55628865196488,-1.3698167971685855,-0.9517184898461962,-3.383177735388589,3.8555805116658814,5.6905176936070365,0.0,50.659908262763125,39.8577219258482,14.313250920151331,16.657076972147653,139.38510680907433,1550.8466966795663,1.274,1.0300000015656,0.0,10.156818580274935,345.0001478400497,0.1491077932407009,1.5975573489650586e-05,-0.093572823526274,-0.0185998591140891,0.0140188866081768,1.6679309212098814,9.221847783211745,50.510419546491896,7.661160766647672
5.11,31.22130983417036,131.01161264955317,140.69452780552697,-1.314079360754835,-0.9050107308556212,-3.336209950970344,4.003917391018328,5.92156449872452,0.0,50.62574990936041,39.85053301289268,14.266717964682613,16.65043016819789,139.3581400966204,1548.7354106407076,1.274,1.0300000015656,0.0,10.158486904437051,345.0001478400497,0.14900748769111,1.5899407318454394e-05,-0.0876500987964526,-0.0226105176940916,0.0131225273661235,1.5955266754539674,9.26678711672698,50.483597067433934,7.888382433909195
5.12,31.22130742214925,131.01161574334876,140.83171164692607,-1.2551321580501449,-0.8562215857660065,-3.2924752276487688,4.142179531457002,6.139996171607224,0.0,50.59177941220642,39.84328435589083,14.224011662340088,16.643502814030132,139.3299508041393,1546.6372336282957,1.274,1.0300000015656,0.0,10.16014249931228,345.0001478400497,0.1489077329709496,1.5819666289385538e-05,-0.0819886906829569,-0.0264053673581224,0.012266531425191,1.5193271086887488,9.313751835956351,50.4572894458628,8.105405442225178
5.13,31.22130501048224,131.01161883651596,140.9678428406907,-1.1931412616939805,-0.8054848570526585,-3.2519849330261086,4.270121274289344,6.3453993123386265,0.0,50.55799653854877,39.835974063643526,14.184949006055374,16.636314110016738,139.3006172247402,1544.5521267385911,1.274,1.0300000015656,0.0,10.161785396845804,345.0001478400497,0.1488085284057612,1.5736583338072114e-05,-0.076601153075376,-0.0299765017420616,0.0114526856201799,1.4395478931442451,9.362694737811635,50.43147544072377,8.311042902957173
5.14,31.22130259918124,131.01162192905855,141.10292416265327,-1.128278996661501,-0.7529381894423062,-3.2147306694947897,4.38752406726683,6.537395570830606,0.0,50.524401032398046,39.82860048155443,14.149339061223786,16.628883508169114,139.2702198383753,1542.480049809224,1.274,1.0300000015656,0.0,10.163415630352082,345.0001478400497,0.1487098732528349,1.5650397475485194e-05,-0.0714992545568051,-0.0333166364062361,0.0106826552774584,1.3564129639401783,9.41356195142548,50.40613318223308,8.504257849321815
5.15,31.221300188258475,131.0116250209804,141.23695849398484,-1.060723459816049,-0.6987226986760828,-3.1806848895870448,4.494196756364165,6.715642245189334,0.0,50.49099261588585,39.821162190171634,14.116983509798184,16.6212307055257,139.23884111609448,1540.4209615085483,1.274,1.0300000015656,0.0,10.16503323450116,345.0001478400497,0.1486117667051819,1.556135321913592e-05,-0.0666939570828841,-0.0364191205941053,0.0099579814986685,1.2701542780309134,9.466292429252936,50.38124023144504,8.68414714391305
5.16,31.22129777772645,131.01162811228542,141.36994881324557,-0.990658030696578,-0.6429825950046018,-3.149801650604575,4.589975816169006,6.8798328009288685,0.0,50.45777099050184,39.813658003078224,14.08767720706067,16.613375636158857,139.20656532059016,1538.3748194149791,1.274,1.0300000015656,0.0,10.166638245113273,345.0001478400497,0.1485142078951738,1.5469700016025835e-05,-0.0621953968151273,-0.0392779473260176,0.0092800787712952,1.1810117492141294,9.52081752576228,50.35677364057339,8.849928123996511
5.17,31.22129536759787,131.01163120297767,141.50189820234857,-0.9182722990416504,-0.5858718287573306,-3.122017016464921,4.6747283423455945,7.029697734338956,0.0,50.4247248615668,39.806086965425045,14.061208749845305,16.60533846124227,139.17347830280465,1536.3409112179736,1.274,1.0300000015656,0.0,10.168218032699563,345.0001478400497,0.1484171635897967,1.5375691662591575e-05,-0.0580128659875443,-0.0418877694998255,0.0086502308542485,1.0892384612297956,9.577055945069024,50.33269793362979,9.000929149926465
5.18,31.221292957885623,131.0116342930613,141.6328098167402,-0.8437580641958681,-0.5275367183716643,-3.0972510338640364,4.748346904905385,7.165004139761634,0.0,50.39185837602946,39.79844835290116,14.037361059548871,16.59713955421376,139.13966728433323,1534.319466885977,1.274,1.0300000015656,0.0,10.169777819287544,345.0001478400497,0.1483206460059889,1.5279585713282668e-05,-0.0541547952252478,-0.044243925802476,0.0080695934766783,0.9950892131802946,9.634924920541494,50.30899427287431,9.136577401789893
5.19,31.2212905486028,131.0116373825404,141.76268689037408,-0.7673106725074264,-0.4681241837541211,-3.0754086049073264,4.810750236061708,7.285556066576514,0.0,50.3591778023335,39.79074165966576,14.015911967476544,16.588799486533222,139.10522065004847,1532.3108449364358,1.274,1.0300000015656,0.0,10.171325285387804,345.0001478400497,0.1482246736051224,1.5181642842940152e-05,-0.0506287496616621,-0.0463423880734661,0.0075391913263307,0.8988285812851555,9.6943343242148,50.285645845598665,9.256391474010574
5.2,31.22128813976255,131.01164047141935,141.8915327287506,-0.6891296079952187,-0.4077869480965006,-3.056380197669479,4.8618863067665,7.391195163687231,0.0,50.32668277369636,39.7829665980604,13.996634802038514,16.580339013127983,139.07022774896947,1530.3149994772807,1.274,1.0300000015656,0.0,10.172860470256976,345.0001478400497,0.14812924531893,1.5082126273656843e-05,-0.0474414147203901,-0.0481797912231216,0.0070599151158689,0.8007382798933974,9.755182864597794,50.26262829045987,9.359976726485128
5.21,31.221285731378124,131.0116435597024,142.0193506950035,-0.609417104161453,-0.3466788996773689,-3.0400433804057982,4.901730892139439,7.481800563533208,0.0,50.29437290993043,39.775123094099854,13.97929898595142,16.57177905209234,139.03477868249843,1528.3318839872777,1.274,1.0300000015656,0.0,10.1743834138952,345.0001478400497,0.1480343600397362,1.4981301169170556e-05,-0.0445985874761875,-0.049753439164908,0.0066325219838639,0.7011211977908172,9.817361011819068,50.23991704799183,9.447019062444463
5.22,31.221283323462863,131.01164664739397,142.14614420393795,-0.5283776287522063,-0.2849547034022998,-3.0262641800645684,4.930287405442702,7.557288874041763,0.0,50.2622478189215,39.767211282039206,13.96367063716942,16.56314066096268,138.99896409087452,1526.3614514106123,1.274,1.0300000015656,0.0,10.175894156910928,345.0001478400497,0.147940016624775,1.487943402178101e-05,-0.0421051709146949,-0.0510613048773997,0.0062576351061104,0.6003164163221856,9.88075116770808,50.217487423303695,9.517280279235463
5.23,31.22128091603006,131.0116497344984,142.2719167170601,-0.4462173685173572,-0.2227694137952278,-3.0148984964114622,4.947586663401705,7.617614076562335,0.0,50.230307098109385,39.75923149848902,13.949513171810692,16.55444500950263,138.96287493871972,1524.4036542473775,1.274,1.0300000015656,0.0,10.177392740372218,345.0001478400497,0.1478462139005568,1.4776792036204164e-05,-0.0399651704581944,-0.0521020288263172,0.0059357436388761,0.4987335444587117,9.945227929379817,50.195314648581885,9.570594075342196
5.24,31.221278509093,131.0116528210202,142.39667172170397,-0.3631437151375843,-0.1602780902809052,-3.005793557841053,4.95368658284668,7.662767329046305,0.0,50.19855033619215,39.75118427611184,13.936587907557165,16.54571334887682,138.9266023001189,1522.4584446598835,1.274,1.0300000015656,0.0,10.178879205901389,345.0001478400497,0.1477529506678637,1.4673642511430651e-05,-0.038181692748628,-0.0528749157669397,0.0056672029913201,0.3969409025055634,10.01065844112108,50.17337394547991,9.606862589447891
5.25,31.22127610266492,131.01165590696385,142.52041274693875,-0.2793647535544452,-0.0976354160835143,-2.9987894048197665,4.948671809183647,7.692776674238717,0.0,50.166977114496575,39.74307033692998,13.924654666019444,16.536966977141823,138.89023714368548,1520.5257745584777,1.274,1.0300000015656,0.0,10.180353595377593,345.0001478400497,0.1476602257057608,1.4570252221733358e-05,-0.0367569466723166,-0.0533799299518401,0.0054522354232167,0.2959345611104007,10.07690282797788,50.15164058662408,9.626053372446027
5.26,31.221273696758946,131.0116589923338,142.6431433267898,-0.1950887537873919,-0.0349953213424393,-2.993720386989392,4.932653277284933,7.7077066531067535,0.0,50.1355870085764,39.73489058527703,13.913472372577514,16.528227201036568,138.85387011807612,1518.6055956994485,1.274,1.0300000015656,0.0,10.181815950896276,345.0001478400497,0.1475680377762925,1.4466886798056198e-05,-0.0356922466040674,-0.0536176887727358,0.0052909309633172,0.1982026479083212,10.143814704078592,50.13008995669622,9.628196713805332
5.27,31.221271291388103,131.01166207713456,142.76486701018035,-0.1105236673903998,0.0274893884619898,-2.9904166601057884,4.905767705934901,7.707657824272781,0.0,50.10437958979599,39.726646100421455,13.902799652231067,16.51951529410732,138.81759133842567,1516.6978597811828,1.274,1.0300000015656,0.0,10.183266314715096,345.0001478400497,0.1474763856291421,1.4363810111084766e-05,-0.0349880178415391,-0.0535894548694578,0.0051832486426357,0.1138909416696881,10.211241747725998,50.10869761267252,9.613383260939171
5.28,31.22126888656525,131.01166516137064,142.88558734999938,-0.0258766296562509,0.0896673978101981,-2.9887056693027607,4.868177027276976,7.692766190735339,0.0,50.07335442683985,39.71833812889575,13.892395420021847,16.510852451255623,138.7814901741855,1514.8025185389104,1.274,1.0300000015656,0.0,10.184704729118756,345.0001478400497,0.1473852680060338,1.4261283657374227e-05,-0.0346438041940414,-0.0532971267427988,0.0051290180360419,0.0933265323797609,10.279026334919712,50.08743934300174,9.581761884536187
5.29,31.221266482303086,131.0116682450465,143.00530789117445,0.058646531365054,0.1513892393263074,-2.988413605596361,4.82006775304674,7.663202535679521,0.0,50.042511087224845,39.709968076560536,13.882019464621823,16.50225973985061,138.74565503885654,1512.9195238341135,1.274,1.0300000015656,0.0,10.186131236297326,345.0001478400497,0.1472946836452008,1.4159565949970347e-05,-0.034658277683245,-0.0527432279123106,0.0051279411045911,0.1623518075685686,10.34700622276778,50.06629122565991,9.533537754942786
5.3,31.22126407861404,131.01167132816667,143.12403216272,0.1428417779963322,0.2125076440228533,-2.9893668231069057,4.761650279697744,7.619171669685622,0.0,50.01184913889325,39.70153750043352,13.871433023718298,16.49375804759777,138.71017318211662,1511.0488277532731,1.274,1.0300000015656,0.0,10.187545878332733,345.0001478400497,0.147204631286037,1.4058911915015724e-05,-0.0350292503069355,-0.0519308946632924,0.0051795943302079,0.2560530779894319,10.415015274162714,50.04522968502529,9.468970605159669
5.31,31.221261675510327,131.01167441073557,143.24176366978787,0.2265073371607756,0.2728778825876747,-2.991393205112342,4.693158134951868,7.560911592155121,0.0,49.98136815160132,39.693048100314165,13.860399349867231,16.485368027406885,138.67513048485182,1509.1903826904029,1.274,1.0300000015656,0.0,10.188948696968946,345.0001478400497,0.1471151096731859,1.3959572295880592e-05,-0.0357536878107061,-0.0508638624310015,0.0052834311333851,0.3546371732894013,10.48288421500825,50.02423154712245,9.388373165338225
5.32,31.221259273003888,131.01167749275749,143.35850589267392,0.309444164764433,0.3323580971928274,-2.994323467841775,4.614847168438927,7.48869257021273,0.0,49.95106769854569,39.68450171023199,13.848684265531164,16.477110039548908,138.64061125760557,1507.344141445806,1.274,1.0300000015656,0.0,10.190339733679584,345.0001478400497,0.1470261175613067,1.3861793066393943e-05,-0.0368277254065896,-0.0495464508733327,0.0054387845638856,0.454110693395496,10.55044141581377,50.00327409359078,9.292109762011862
5.33,31.221256871106373,131.0116805742369,143.4742622699205,0.3914563992203032,0.3908096227285401,-2.9979923917371245,4.526994689592617,7.402816138816422,0.0,49.92094735770742,39.67590028974861,13.836056706064856,16.469004091436563,138.60669804296745,1505.5100573055854,1.274,1.0300000015656,0.0,10.19171902943808,345.0001478400497,0.1469376537190276,1.3765814854779688e-05,-0.0382466853721152,-0.0479835476860988,0.0056448702535569,0.5531436497254718,10.617513689375029,49.98233511368101,9.18059508341558
5.34,31.22125446982909,131.011683655178,143.58903619434298,0.4723518032330725,0.4480972970218189,-3.002239970883239,4.429898556007481,7.3036140261700995,0.0,49.891006713355935,39.667245915140576,13.822289249464951,16.46106977540483,138.5734714224265,1503.6880841326863,1.274,1.0300000015656,0.0,10.193086624704192,345.0001478400497,0.1468497169333481,1.3671872379919678e-05,-0.0400050964580606,-0.0461805912181111,0.0059007896198034,0.6510782323547574,10.683927097104984,49.96139295464855,9.054293119982077
5.35,31.221252069183016,131.011686735585,143.7028310030896,0.551941088930695,0.5040822197990121,-3.0069120734137047,4.323879496014772,7.1914475849008905,0.0,49.86123338914341,39.65854077191168,13.807158632333108,16.453326204617834,138.54100982701036,1501.8774554515978,1.274,1.0300000015656,0.0,10.194428869553343,345.0001478400497,0.1467622707860674,1.3580193907026177e-05,-0.0420967130440666,-0.0441435632872153,0.006205531525493,0.7474824345049224,10.749502583359536,49.94041341759922,8.913718218548022
5.36,31.22124966917872,131.0116898154621,143.81564997664967,0.6300414299492147,0.5586428133303933,-3.011862350291449,4.209272597084049,7.06670527119707,0.0,49.83163592714648,39.64978714599138,13.790446255499472,16.44579194531574,138.5093893428701,1500.0786661361872,1.274,1.0300000015656,0.0,10.195756038557162,345.0001478400497,0.1466753404303318,1.3491000703692149e-05,-0.0445145368834233,-0.0418789752712345,0.0065579796925135,0.8420340951115415,10.814071052886124,49.91938594471408,8.75943000449403
5.37,31.2212472698264,131.01169289481325,143.92749632990743,0.7064742825414219,0.6116581755040753,-3.0169524929956046,4.086430728740804,6.929802144044743,0.0,49.80221708724586,39.64098741004685,13.77193866494522,16.43848495250716,138.47868354008267,1498.2918620313687,1.274,1.0300000015656,0.0,10.197071772045918,345.0001478400497,0.1465889339998128,1.3404506502238476e-05,-0.0472508492772312,-0.0393938028759079,0.0069569147371324,0.9344584929145576,10.877462524317211,49.89829430384511,8.592035626171286
5.38,31.221244871135863,131.01169597364247,144.0383731972343,0.7810660618483921,0.6630100341629674,-3.0220529487479166,3.9557239223361886,6.781178622412424,0.0,49.77297649245072,39.6321440174657,13.75142801411574,16.431422506081862,138.44896331046047,1496.517000085896,1.274,1.0300000015656,0.0,10.198376107013967,345.0001478400497,0.1465030503949024,1.3320917025968942e-05,-0.0502972323921471,-0.0366954907005038,0.0074010177995209,1.024509281408698,10.939508074442497,49.877119540840994,8.412189922002597
5.39,31.22124247311644,131.0116990519535,144.14828363646532,0.8536488097028972,0.7125849811962875,-3.0270436449196807,3.817537582168768,6.62129898990572,0.0,49.74391377868756,39.623259493419134,13.728712511616688,16.424621145451543,138.42029670477035,1494.754038216088,1.274,1.0300000015656,0.0,10.199669079468096,345.0001478400497,0.1464176885538222,1.3240429512252584e-05,-0.0536445962551561,-0.0337919311269048,0.0078888751467216,1.111960463643265,11.000041957751291,49.85584348022754,8.220595278521264
5.4,31.22124007577704,131.0117021297502,144.25723061697235,0.9240605483125474,0.7602747032250862,-3.0318145116084905,3.6722713564835936,6.450649974853088,0.0,49.715028596069295,39.61433642587944,13.703596849828898,16.41809660506304,138.39274877743983,1493.002935378312,1.274,1.0300000015656,0.0,10.200950724414149,345.0001478400497,0.1463328474563662,1.316323225652879e-05,-0.0572832072769522,-0.0306914410578448,0.0084189826085701,1.1966016062031244,11.058902334082823,49.83444876264628,8.018002322681244
5.41,31.221237679126084,131.01170520703604,144.3652170186706,0.9921456166901654,0.8059761973634963,-3.036265887838604,3.52033798642963,6.269739291656316,0.0,49.6863206100692,39.60537745669466,13.675892613631166,16.4118637513495,138.36638143934016,1491.263651638135,1.274,1.0300000015656,0.0,10.20222107579031,345.0001478400497,0.146248526127332,1.3089504179601324e-05,-0.061202717976513,-0.0274027379109328,0.008989750170289,1.2782353561726087,11.115931966932015,49.81291887981843,7.805211135241046
5.42,31.22123528317155,131.0117082838145,144.47224561512283,1.05775498920922,0.8495919717439387,-3.0403088110868297,3.3621621370650123,6.079094148938484,0.0,49.65778950263071,39.59638527273997,13.645418668531324,16.405936521664394,138.34125331912037,1489.5361482339445,1.274,1.0300000015656,0.0,10.20348016638704,345.0001478400497,0.1461647236397815,1.3019414419614704e-05,-0.0653921978111517,-0.023934914938091,0.0095995067073159,1.356676133269501,11.170978889296157,49.79123820701884,7.583073095674596
5.43,31.22123288792088,131.01171136008887,144.57831908248454,1.1207465757034871,0.8910302305069716,-3.0438651909686807,3.198179214464768,5.879259729971996,0.0,49.62943497318754,39.587362597167285,13.612001527571246,16.4003278657384,138.317419633546,1487.8203876348634,1.274,1.0300000015656,0.0,10.204728027726956,345.0001478400497,0.1460814391180385,1.295312195002956e-05,-0.0698401650155583,-0.0202974159405698,0.0102465048479077,1.431749452772331,11.22389703442619,49.76939203299106,7.352493492761192
5.44,31.221230493381,131.0117144358624,144.6834399826089,1.1809855025857647,0.9302050431020422,-3.0468678690183286,3.0288341728614547,5.670797650765072,0.0,49.6012567397215,39.57831218077277,13.575475696434811,16.39504969019174,138.29493206727244,1486.1163336015577,1.274,1.0300000015656,0.0,10.205964690051482,345.0001478400497,0.1459986717407889,1.2890775224840166e-05,-0.0745346193531021,-0.0165000094497318,0.0109289259491313,1.503291599560311,11.274546829374634,49.7473665874106,7.114435062172701
5.45,31.221228099558346,131.011717511138,144.7876107690089,1.2383443744935154,0.967036497678183,-3.0492605675372464,2.8545803156714142,5.454284401054632,0.0,49.57325453979568,39.569236793500245,13.535683996251995,16.390112806617232,138.27383866245574,1484.4239512436463,1.274,1.0300000015656,0.0,10.207190182347532,345.0001478400497,0.1459164207441279,1.2832511852189728e-05,-0.0794630756828772,-0.0125527624434001,0.0116448851719051,1.571149501712824,11.322795749581642,49.72514906580378,6.869922642573507
5.46,31.22122570645882,131.01172058591857,144.89083377095707,1.2927035160024107,1.0014508382644192,-3.0509977314744434,2.67587809419472,5.230309773291575,0.0,49.54542813130613,39.560139216099984,13.492477863654385,16.3855268837303,138.25418371857316,1482.7432070623483,1.274,1.0300000015656,0.0,10.208404532120664,345.0001478400497,0.1458346854237536,1.2778458297447605e-05,-0.0846125982464683,-0.0084660136677782,0.0123924366408854,1.6351807176953586,11.368518833033596,49.70272765162312,6.620049173310024
5.47,31.221223314087776,131.01172366020674,144.99311119447844,1.3439511930531478,1.033380585952689,-3.0520442682434266,2.4931939074266154,4.999475284467382,0.0,49.517777293427606,39.551022231957546,13.445717627699574,16.381300404055125,138.23600770279108,1481.074069003541,1.274,1.0300000015656,0.0,10.209607765461772,345.0001478400497,0.1457534651377441,1.2728729616715583e-05,-0.0899698355794375,-0.0042503466338826,0.0131695786753287,1.6952534867776037,11.411599153195542,49.680091535992936,6.365983285820578
5.48,31.22122092245005,131.01172673400498,145.0944451243395,1.3919838137285865,1.0627646438432454,-3.052375191217524,2.306998906433944,4.762392595434785,0.0,49.49030182744961,39.54188861911067,13.395272763341069,16.377440625584693,138.21934717118182,1479.4165065025015,1.274,1.0300000015656,0.0,10.21079990706046,345.0001478400497,0.1456727593090306,1.2683429221629024e-05,-0.095521055953826,8.343764335091923e-05,0.0139742590771663,1.7512468117531996,11.451928249875431,49.65723093478938,6.10897876042303
5.49,31.22121853154992,131.0117298073156,145.19483750615754,1.4367061080771717,1.089548385589184,-3.0519751734245806,2.117767806574782,4.519681932126844,0.0,49.463001557241775,39.53274114246834,13.341022121180163,16.373953548816694,138.20423470104822,1477.7704905102814,1.274,1.0300000015656,0.0,10.21198097987138,345.0001478400497,0.145592567426735,1.2642648676212051e-05,-0.101252183259444,0.0045243480955253,0.0148043804628415,1.8030505545355668,11.489406517474434,49.634137102772925,5.8503861162626185
5.5,31.22121614139108,131.01173288014067,145.29429016131076,1.4780312868064236,1.1136837281556136,-3.050838018677992,1.9259777103418407,4.27197051276535,0.0,49.43587633027448,39.52358254624649,13.2828541332923,16.370843889526313,138.19069883457465,1476.1359935488665,1.274,1.0300000015656,0.0,10.21315100548792,345.0001478400497,0.1455128890491918,1.2606467526436476e-05,-0.1071488332336447,0.0090612311747957,0.0156578056260233,1.850565532622748,11.523943550798696,49.6108023458014,5.591666551117055
5.51,31.22121375197671,131.01173595248216,145.39280476407674,1.5158811785780553,1.1351291880697294,-3.0489660579410267,1.7321069439517478,4.019890984972244,0.0,49.40892601791504,39.51441554663382,13.220666994976348,16.368115057592334,138.17876403397509,1474.512989725544,1.274,1.0300000015656,0.0,10.214310003768528,345.0001478400497,0.1454337238048083,1.2574953163021952e-05,-0.1131963499512285,0.0136827984862072,0.016532362918175,1.893703607749113,11.555458447877417,49.58722002973484,5.334408310096203
5.52,31.22121136330942,131.0117390243417,145.49038285952497,1.5501863458499587,1.1538499219830751,-3.046369479288089,1.5366339100235906,3.764079876321623,0.0,49.382150516136655,39.50524282470048,13.154368822328388,16.36576914214454,138.16845064826228,1472.9014547706056,1.274,1.0300000015656,0.0,10.215457993010205,345.0001478400497,0.1453550713941538,1.2548160717900267e-05,-0.1193798424883242,0.0183776544146533,0.017425851634913,1.9323877617888607,11.583880070412029,49.56338458730316,5.080345273020503
5.53,31.221208975391285,131.01174209572076,145.58702584562633,1.5808861791380957,1.1698177512233003,-3.043065600207597,1.340035958944939,3.50517606167958,0.0,49.3555497458883,39.49606701956184,13.083877785593923,16.363806903249735,138.15977489171237,1471.30136605627,1.274,1.0300000015656,0.0,10.216594989815023,345.0001478400497,0.1452769315910352,1.2526132994651724e-05,-0.1256842216763772,0.0231343236840541,0.0183360473960031,1.9665521559636177,11.609147261828308,49.53929152213818,4.831377013006113
5.54,31.22120658822381,131.01174516662067,145.68273497325245,1.6079289697006187,1.183011170776314,-3.0390780913437903,1.1427882810498335,3.2438192503653567,0.0,49.32912365354727,39.48689072180708,13.009122218301233,16.36222777029959,138.15274883404882,1469.7127026191952,1.274,1.0300000015656,0.0,10.217721009130212,345.0001478400497,0.1451993042438298,1.250890043310094e-05,-0.1320942368647516,0.0279412787879578,0.019260707507531,1.9961421710880245,11.63120902350812,49.5149374104648,4.589588655819987
5.55,31.221204201807943,131.01174823704253,145.77751135810385,1.6312719606571628,1.1934153427064205,-3.034436160993148,0.9453628217229514,2.9806484959435826,0.0,49.302872211137554,39.47771646720454,12.930040702228132,16.361029847208282,138.14738040231737,1468.1354451679567,1.274,1.0300000015656,0.0,10.218836064101312,345.0001478400497,0.1451221892761425,1.2496481108146056e-05,-0.1385945126128788,0.0327869672323566,0.0201975762949715,2.02111442709973,11.650024649559048,49.49031990013885,4.3572673932419566
5.56,31.22120181614409,131.01175130698712,145.8713559658014,1.6508811671879104,1.2010194765912594,-3.029173610938902,0.7482282673979416,2.716300912675416,0.0,49.27679123281536,39.46854673084525,12.846582128318529,16.360209924462556,138.14367339433355,1466.5693270620254,1.274,1.0300000015656,0.0,10.219935418731572,345.0001478400497,0.1450455743726676,1.2488880763500911e-05,-0.145169584991872,0.0376598371239345,0.0211443885658526,2.041435083665051,11.665562079652748,49.46543311562308,4.1369105566283695
5.57,31.221199431232154,131.011754376455,145.96426961188627,1.666731645539265,1.2058195885877772,-3.0233279887298106,0.5518487903123755,2.451410189473952,0.0,49.25087682167377,39.45938392318928,12.75870573629564,16.35976349681335,138.1416274981241,1465.0140995224715,1.274,1.0300000015656,0.0,10.221014636910372,345.0001478400497,0.1449694480682447,1.2486092884128788e-05,-0.151803934322878,0.042548342897383,0.0220988759161596,2.057081691543684,11.677799846717402,49.44027253800212,3.931216240791518
5.58,31.22119704707145,131.0117574454467,146.05625296678923,1.6788080195053607,1.2078257895672135,-3.016940124252624,0.3566787087300467,2.186604439687476,0.0,49.22513725197334,39.45023038120037,12.666381130467984,16.359684787813137,138.14123832273535,1463.4702380961187,1.274,1.0300000015656,0.0,10.222083059625492,345.0001478400497,0.1448938347231477,1.2488098770292722e-05,-0.1584820278547511,0.0474410098176029,0.023058778468516,2.068047866924285,11.686731984602346,49.41484803171255,3.7430450692247557
5.59,31.221194663660818,131.0117605139623,146.1473065538441,1.6871034260853524,1.2070495628361724,-3.0100527695141377,0.1631666175849151,1.922505714281857,0.0,49.19957260089022,39.441088364163214,12.56958826460312,16.359966784464948,138.14249745561236,1461.9377302751611,1.274,1.0300000015656,0.0,10.223140693122131,345.0001478400497,0.1448187345693888,1.2494867686708553e-05,-0.165188354148935,0.0523264528638339,0.0240218410550676,2.0743349532420265,11.692359517762732,49.38916147829328,3.575341835657148
5.6,31.221192280998537,131.01176358200175,146.23743075326271,1.6916198909469689,1.2035088029914538,-3.002709878677208,-0.0282471578534036,1.6597283779191558,0.0,49.174182972006015,39.431960049522125,12.468317407732345,16.360601276415085,138.14539252209772,1460.416565249384,1.274,1.0300000015656,0.0,10.224187541932672,345.0001478400497,0.1447441479164257,1.2506357035768084e-05,-0.1719074568117063,0.0571933935541847,0.0249858214012328,2.075955297579294,11.694693837725302,49.36321579120867,3.4310002631743766
5.61,31.22118989908243,131.0117666495648,146.3266257941842,1.6923682537392093,1.1972277223928536,-2.99495575447933,-0.2171314755904289,1.3988778013061076,0.0,49.14896849525913,39.42284752841868,12.36256908766401,16.361578901115667,138.14990725404752,1458.9067338984253,1.274,1.0300000015656,0.0,10.225223608903033,345.0001478400497,0.1446700751510294,1.2522512556764382e-05,-0.1786239692347864,0.0620306849085162,0.0259484950718322,2.072932136391457,11.693756603144902,49.33701490114607,3.3126673772004245
5.62,31.221187517909783,131.0117697166509,146.41489175566815,1.6893680734943988,1.1882367442627173,-2.9868342196257487,-0.403065257544502,1.1405490902037128,0.0,49.12392932676983,39.41375280155754,12.252354011909704,16.36288919497654,138.15602156853336,1457.4082287779183,1.274,1.0300000015656,0.0,10.226248895153132,345.0001478400497,0.1445965167367638,1.2543268556594828e-05,-0.1853226487771599,0.0668273358560627,0.0269076603207059,2.065299459541437,11.689579603317846,49.31056373911636,3.222497864162409
5.63,31.22118513747744,131.0117727832593,146.50222858359265,1.6826475145560855,1.1765723829160029,-2.978387821187721,-0.585638336252129,0.8853258525687774,0.0,49.09906564873714,39.40467777540542,12.137692966407071,16.36452065017984,138.163711656219,1455.9210441082691,1.274,1.0300000015656,0.0,10.227263400195472,345.0001478400497,0.1445234732136987,1.2568548171090469e-05,-0.1919884103268131,0.0715725350422786,0.027861142835607,2.0531018533509062,11.68220458604232,49.28386821763274,3.1618931258842595
5.64,31.221182757781747,131.011775849389,146.5886360727627,1.6722432134874028,1.1622771112865342,-2.9696570755288088,-0.7644522666280124,0.6337790052505875,0.0,49.074377669038455,39.3956242587288,12.018616692460355,16.366460776785498,138.1729500789638,1454.4451757494087,1.274,1.0300000015656,0.0,10.22826712179022,345.0001478400497,0.1444509451972061,1.2598263656040827e-05,-0.1986063591829879,0.0762556739914467,0.0288068003703067,2.036394323282233,11.671683050496243,49.25693520962235,3.131281884737854
5.65,31.22118037881861,131.0117789150389,146.6741138808251,1.658200127494954,1.1453992165026088,-2.960679760731022,-0.9391211020058204,0.3864656215959954,0.0,49.0498656210759,39.38659395947054,11.89516574235491,16.368696169715484,138.18370587617247,1452.9806211838145,1.274,1.0300000015656,0.0,10.22926005615599,345.0001478400497,0.1443789333775586,1.2632316706842846e-05,-0.2051618232011966,0.0808663695826663,0.029742527256327,2.0152420973897422,11.658076006214362,49.22977252573001,3.130004595285845
5.66,31.22117800058352,131.0117819802075,146.7586615252876,1.6405713648957447,1.1259926435773295,-2.951490262874325,-1.1092721335070563,0.1439278213146717,0.0,49.025529763292965,39.3775884819721,11.7673903141378,16.371212580167697,138.19594467937867,1451.5273794890174,1.274,1.0300000015656,0.0,10.230242197877644,345.0001478400497,0.1443074385184537,1.2670598805652204e-05,-0.2116403841450519,0.0853944857994912,0.0306662587868732,1.989720411401178,11.641453698799214,49.20238888944475,3.156341973830725
5.67,31.22117562307151,131.0117850448932,146.84227838749396,1.619417998227997,1.1041168278741702,-2.942118981863965,-1.2745465919966414,-0.0933082960734969,0.0,49.00137037870972,39.36860932454126,11.635350066091144,16.37399499097915,138.2096288345281,1450.08545130202,1.274,1.0300000015656,0.0,10.231213539906276,345.0001478400497,0.1442364614557027,1.271299159477826e-05,-0.2180279081904578,0.0898301547144271,0.0315759754656322,1.9599142768571025,11.621895303427394,49.17479391049724,3.2076844540463525
5.68,31.22117324627724,131.01178810909417,146.92496371659928,1.5948088606292623,1.07983651679552,-2.9325918018184143,-1.4346003118692632,-0.3247336728950749,0.0,48.97738777446625,39.359657877366914,11.499113911458949,16.37702769543012,138.22471753140206,1448.654838791666,1.274,1.0300000015656,0.0,10.232174073638252,345.0001478400497,0.1441660030958571,1.27593672749993e-05,-0.2243105755293994,0.0941637966721226,0.032469707113879,1.925918233834586,11.599488587098792,49.14699805658449,3.2807963498546946
5.69,31.221170870194985,131.01179117280827,147.00671662857596,1.5668203261316749,1.0532215811575316,-2.922929630284593,-1.5891043558939535,-0.5498572687480425,0.0,48.95358228136681,39.35073542078371,11.358759794022095,16.380294378959302,138.24116693960977,1447.2355456271027,1.274,1.0300000015656,0.0,10.23312378906018,345.0001478400497,0.1440960644148869,1.2809589027371172e-05,-0.2304749090220144,0.0983861396360811,0.0333455368289966,1.8878360900890645,11.574329540628026,49.1190126234828,3.3721081378733717
5.7,31.221168494818635,131.01179423603324,147.087536114166,1.5355360745530784,1.0243468165131668,-2.913148009795582,-1.7377456003180975,-0.7682069883502614,0.0,48.92995425306218,39.34184312388423,11.214374445149188,16.383778203241953,138.25893035056194,1445.8275769256363,1.274,1.0300000015656,0.0,10.234062674551236,345.0001478400497,0.1440266464557848,1.2863511457047372e-05,-0.2365078018472774,0.1024882376662822,0.034201604787854,1.8457806487263744,11.546521981299474,49.09084970322348,3.477978302886757
5.71,31.22116612014173,131.01179729876668,147.1674210448432,1.5010468417110805,0.9932917353515556,-2.903256804536848,-1.8802272796724733,-0.9793305604829606,0.0,48.906504065574026,39.332982043480975,11.066053122983844,16.387461892072,138.27795832483315,1444.4309392226396,1.274,1.0300000015656,0.0,10.234990717133524,345.0001478400497,0.1439577503271599,1.2920981057517168e-05,-0.2423965441041296,0.1064614884964193,0.0350361118893648,1.799873427433536,11.516177127606356,49.06252215117697,3.59489124216713
5.72,31.221163746157508,131.01180036100584,147.24637016486264,1.463450155680173,0.9601403502833112,-2.8932599640704484,-2.0162694904433613,-1.1827963666500927,0.0,48.88323211650862,39.324153123414256,10.913899334460726,16.391327818480935,138.29819884431623,1443.045640421658,1.274,1.0300000015656,0.0,10.23590790243254,345.0001478400497,0.1438893772009349,1.298183669363526e-05,-0.2481288483165637,0.1102976501817594,0.0358473232298134,1.7502443725348449,11.483413147030952,49.03404355140545,3.7195837297668572
5.73,31.22116137285888,131.0118034227478,147.32438210815636,1.4228500598582563,0.9249809489226334,-2.8831553653051247,-2.145609653012676,-1.3781942181013382,0.0,48.86013882426642,39.31535719420638,10.758024540874976,16.39535809252546,138.31959746857177,1441.6716897445187,1.274,1.0300000015656,0.0,10.236814214690348,345.0001478400497,0.143821528310031,1.30459101017309e-05,-0.2536928737978264,0.1139888567903181,0.0366335714055256,1.697031572501824,11.448354678310553,49.00542818069879,3.849109630342693
5.74,31.221159000238472,131.01180648398963,147.40145539634463,1.3793568236207976,0.8879058610396225,-2.87293473311018,-2.2680029312443666,-1.5651360798625975,0.0,48.83722462730712,39.30659497305778,10.598547847759244,16.39953464917774,138.34209749478424,1440.3090976850624,1.274,1.0300000015656,0.0,10.237709636897332,345.0001478400497,0.1437542049462142,1.3113026405031185e-05,-0.2590772498307041,0.1175276331121821,0.0373932596375586,1.6403809768960025,11.411132329643747,48.976690971439375,3.9808594832437327
5.75,31.221156628288647,131.01180954472798,147.4775884466901,1.3330866413540148,0.8490112183679542,-2.862583639189963,-2.383222609057169,-1.7432567404265296,0.0,48.8144899832053,39.29786706418359,10.435595679853508,16.403839335760864,138.36564012074007,1438.9578759524709,1.274,1.0300000015656,0.0,10.23859415073951,345.0001478400497,0.1436874084573053,1.3183004642587322e-05,-0.264271097622749,0.1209069083638561,0.0381248647131602,1.5804461286889144,11.371882154288144,48.9478474730884,4.112551417152355
5.76,31.221154257001547,131.01181260495943,147.5527795701055,1.2841613206829492,0.8083967078971404,-2.8520815780912634,-2.4910604235178018,-1.9122144257996048,0.0,48.791935367929554,39.28917395948417,10.26930144198116,16.40825399838378,138.3901646102602,1437.6180374240566,1.274,1.0300000015656,0.0,10.239467736848855,345.0001478400497,0.1436211402450932,1.3255658309858856e-05,-0.2692640509973066,0.1241200288664451,0.0388269397393818,1.5173879212179222,11.330745105422896,48.918913812853816,4.242206427313546
5.77,31.22115188636906,131.0118156646804,147.6270269820902,1.2327079607096014,0.7661653187862006,-2.8414021184616214,-2.5913268538000724,-2.0716913566274826,0.0,48.76956127463647,39.280516039546846,10.099805166673097,16.41276056684647,138.41560846053127,1436.2895960740766,1.274,1.0300000015656,0.0,10.240330374552949,345.0001478400497,0.1435554017617685,1.3330795909041328e-05,-0.2740462757834146,0.127160769679001,0.0394981167040423,1.4513743952581917,11.287866471846415,48.88990665485012,4.368116978647503
5.78,31.221149516382887,131.01181872388716,147.70032880869124,1.178858621105528,0.7224230840953683,-2.830513127003373,-2.6838513657711447,-2.2213942472152444,0.0,48.747368212973846,39.27189357497167,9.927253149407624,16.41734113750744,138.4419075708016,1434.9725669291668,1.274,1.0300000015656,0.0,10.241182042243928,345.0001478400497,0.1434901945078991,1.3408221507275768e-05,-0.2786084878699104,0.1300233451698968,0.0401371088404731,1.3825805993347162,11.243395296930922,48.86084315893049,4.488814444511048
5.79,31.221147147034543,131.01182178257577,147.77268309147303,1.122749982890323,0.677278817322985,-2.8193770618589373,-2.7684826116347026,-2.3610547453052657,0.0,48.72535670790412,39.26330672801579,9.751797572359656,16.42197805362889,138.46899641192516,1433.666965998253,1.274,1.0300000015656,0.0,10.242022717246696,345.0001478400497,0.1434255200289631,1.3487735300732048e-05,-0.2829419698916726,0.1327024185123381,0.0407427127916727,1.3111885468470776,11.1974837826417,48.83174093819866,4.603038398513372
5.8,31.221144778315423,131.01182484074226,147.8440877825484,1.0645230017502492,0.6308438447588001,-2.807951331565813,-2.8450885844700977,-2.4904298116070454,0.0,48.70352729870312,39.25475555454793,9.573596117575654,16.42665398274325,138.49680819626417,1432.3728102111277,1.274,1.0300000015656,0.0,10.242852375924356,345.0001478400497,0.1433613799124204,1.3569134182708009e-05,-0.2870385865185131,0.1351931100913764,0.0413138105708798,1.2373873219584028,11.150286681283928,48.802618016013305,4.709709160921234
5.81,31.221142410216736,131.01182789838236,147.91454076644305,1.004322554746767,0.5832317341607786,-2.7961887151235514,-2.91355672745514,-2.6093020381834005,0.0,48.681880537963,39.246240006305285,9.392811570512798,16.43135199061488,138.52527504748127,1431.0901173585955,1.274,1.0300000015656,0.0,10.24367099382312,345.0001478400497,0.1432977757847834,1.3652212313744376e-05,-0.2908907983201716,0.137491004813165,0.041849371315558,1.161373415413664,11.101960677503278,48.77349278239331,4.8079040403435105
5.82,31.22114004272964,131.01183095549183,147.9840398551271,0.9422970812695391,0.5345580202598404,-2.784037838175201,-2.973793997626837,-2.7174799049375533,0.0,48.66041699040323,39.237759933444586,9.20961141490048,16.436055611403667,138.5543281697829,1429.8189060220311,1.274,1.0300000015656,0.0,10.244478545632797,345.0001478400497,0.1432347093081171,1.3736761691857428e-05,-0.2944916741838501,0.1395921583087519,0.0423484528320721,1.0833514215774591,11.052663763268908,48.74438394970679,4.896837189293929
5.83,31.22113767584513,131.0118340120662,148.05258279795237,0.8785982190891872,0.4849399278961541,-2.7714436998422105,-3.025726884278485,-2.814797973616346,0.0,48.63913723177235,39.22931508737609,9.024167419899744,16.44074891367358,138.58389801619836,1428.5591955059983,1.274,1.0300000015656,0.0,10.245275005279,345.0001478400497,0.1431721821768363,1.3822572720968802e-05,-0.2978349022639809,0.1414931020277637,0.042810202929131,1.0035353163355418,11.00255460896373,48.71531050805364,4.9758427418795454
5.84,31.22113530955424,131.01183706810096,148.12016728562935,0.8133804581614463,0.4344945346465908,-2.758348165352793,-3.069300805978862,-2.9011169961414103,0.0,48.61803928268561,39.220905123927686,8.83665522055548,16.445416561923036,138.61391445549924,1427.3108551660628,1.274,1.0300000015656,0.0,10.246057459567064,345.0001478400497,0.1431101885640373,1.3909434776066444e-05,-0.3009147994237401,0.1431908466019178,0.0432338582541238,0.922149981339382,10.951790922490073,48.686288870442574,5.044360401893204
5.85,31.221132943847863,131.01184012359147,148.18679095420055,0.7468007823521355,0.3833394166586646,-2.74469055293746,-3.1044798348004488,-2.976323997992797,0.0,48.59712009259577,39.2125296076576,8.647253893631603,16.450043872856888,138.644306934103,1426.0736918289804,1.274,1.0300000015656,0.0,10.246821780798376,345.0001478400497,0.1430487194896601,1.3997136768491928e-05,-0.3037263187653504,0.1446828709953411,0.0436187463635642,0.8394356408366976,10.900529431270735,48.65733445812187,5.101923736895191
5.86,31.22113057871692,131.01184317853304,148.25245140094472,0.6790181643914917,0.3315990637704251,-2.7304087164851647,-3.1312498658702346,-3.040332389092609,0.0,48.57638659834355,39.204188013749565,8.456145528962473,16.45461686657579,138.6750046350518,1424.8480986659351,1.274,1.0300000015656,0.0,10.247575070404991,345.0001478400497,0.1429877953720452,1.4085467678307603e-05,-0.3062650571167859,0.1459671477886483,0.0439642965527963,0.7556576333190268,10.848929595950706,48.62847376669881,5.148152922916733
5.87,31.221128214152326,131.01184623292087,148.3171461764238,0.61019332707614,0.2793946777491841,-2.7154392180389206,-3.149614835880337,-3.093081753033617,0.0,48.55583940879249,39.19587973222164,8.263514793483449,16.45912231423846,138.70593664567068,1423.6340972097878,1.274,1.0300000015656,0.0,10.248317300446784,345.0001478400497,0.1429274180026645,1.4174217105512984e-05,-0.3085272596850049,0.1470421411243467,0.0442700257806622,0.6711142459337763,10.797146560422933,48.59972644821484,5.182744301256899
5.88,31.221125850145032,131.01184928675005,148.38087280237397,0.5404883278664855,0.2268477513994217,-2.699718170291544,-3.159597636283927,-3.134537780450192,0.0,48.53547913791254,39.18760407237727,8.069548494592514,16.463547779436077,138.7370321168943,1422.4317093658983,1.274,1.0300000015656,0.0,10.24904844251537,345.0001478400497,0.1428675891879563,1.42631758075107e-05,-0.3105098232062751,0.1479067998286859,0.0445355444678944,0.5861621008226735,10.74533306219399,48.57111220628151,5.205464678516503
5.89,31.221123486686,131.0118523400157,148.4436287687219,0.4700661833080135,0.1740797905455747,-2.6831819334912947,-3.1612398673198605,-3.164692086792705,0.0,48.515306403668525,39.17936026709073,7.874435142257497,16.467881653912205,138.7682204186506,1421.240957349185,1.274,1.0300000015656,0.0,10.249768467916192,345.0001478400497,0.1428083107460373,1.4352136218942997e-05,-0.3122102978606828,0.1485605558821839,0.0447605565474624,0.5012637132860744,10.693638853815669,48.54265075115476,5.216145971035985
5.9,31.22112112376628,131.01185539271293,148.50541155247117,0.3990904944151527,0.121212038003199,-2.665767816563671,-3.154601550669009,-3.1835619693085406,0.0,48.49532182681116,39.1711474772856,7.678364510532409,16.47211318771545,138.79943129214857,1420.0618636115864,1.274,1.0300000015656,0.0,10.250477347746584,345.0001478400497,0.1427495845031751,1.4440892957658748e-05,-0.3136268876791917,0.1490033218173228,0.0449448593033272,0.4170915286560607,10.642210146360515,48.51436175501467,5.214680796341962
5.91,31.221118761377,131.01185844483663,148.5662186057726,0.3277250738236262,0.0683652001501487,-2.6474147754514377,-3.139760801910292,-3.1911901044155684,0.0,48.47552602954946,39.1629647965903,7.48152719950475,16.47623251374354,138.83059499886687,1418.894450765462,1.274,1.0300000015656,0.0,10.251175052843717,345.0001478400497,0.1426914122898794,1.4529243315438545e-05,-0.314758449453416,0.1492354870590638,0.0450883429999562,0.3347797389824634,10.59118907903252,48.48626480752893,5.201018858744005
5.92,31.2211163995094,131.01186149638187,148.62604737878493,0.2561335754929744,0.0156591769278831,-2.628064101787837,-3.1168134641510807,-3.1876441868911964,0.0,48.45591963445534,39.15481125615379,7.2841141986883855,16.480230666676874,138.86164246605912,1417.7387415202948,1.274,1.0300000015656,0.0,10.251861553992743,345.0001478400497,0.1426337959376829,1.4616987732111885e-05,-0.3156044901623556,0.1492579132259226,0.0451909903055512,0.2566118015296006,10.540713219119027,48.458379372184616,5.175164012438699
5.93,31.221114038154823,131.01186454734366,148.68489531669292,0.1844791277461769,-0.0367872043482707,-2.607660095169232,-3.08587270421248,-3.1730165125372287,0.0,48.436503263232765,39.14668582960583,7.086316452865768,16.484099596336304,138.8925054286125,1416.5947586097905,1.274,1.0300000015656,0.0,10.252536821978806,345.0001478400497,0.1425767372755462,1.4703930251839584e-05,-0.3161651629343811,0.1490719284122463,0.045252875511878,0.1881112497994954,10.490915096109385,48.43072474308345,5.13717191724937
5.94,31.2211116773048,131.01186759771687,148.74275986865112,0.1129239704073594,-0.0888564507530183,-2.586150712540752,-3.047068572950733,-3.1474235062061844,0.0,48.41727753538887,39.13858743814266,6.88832443137002,16.487832175536674,138.92311656711297,1415.46252471685,1.274,1.0300000015656,0.0,10.25320082752202,345.0001478400497,0.1425202381259316,1.4789878960463698e-05,-0.316441261566742,0.1486793204742306,0.0452741635547078,0.1436916201808328,10.441921773811368,48.403320002338255,5.087148230950056
5.95,31.22110931695093,131.01187064749655,148.79963850070536,0.0416290967763118,-0.1404326602760309,-2.563488188503398,-3.000547531497689,-3.1110051972850714,0.0,48.39824306720311,39.13051495572096,6.690327701780715,16.491422202542516,138.95340964198556,1414.3420624122523,1.274,1.0300000015656,0.0,10.253853541537598,345.0001478400497,0.1424643003018024,1.4874646402890263e-05,-0.3164342136287676,0.1480823293447168,0.0452551088393423,0.1464728995429855,10.39385446420332,48.37618397859728,5.025247309228476
5.96,31.22110695708509,131.01187369667775,148.85552867988906,-0.0292460988153586,-0.1914017729049308,-2.5396296206717004,-2.946471945106996,-3.063924644936975,0.0,48.3794004704078,39.12246721434196,6.492514508987592,16.494864398264102,138.98331962359296,1413.2333940806805,1.274,1.0300000015656,0.0,10.254494935057838,345.0001478400497,0.1424089256027234,1.4958049979635612e-05,-0.3161460721787033,0.1472836384038554,0.0451960538757642,0.1936232676768837,10.34682818608081,48.3493352061449,4.951671411084126
5.97,31.221104597699338,131.01187674525548,148.91042790901065,-0.0995441671686627,-0.2416518153818322,-2.514537514631661,-2.8850195466263697,-3.0063673155730526,0.0,48.360750351148994,39.11444300940664,6.295071360555394,16.498154398364495,139.01278281818486,1412.1365418586192,1.274,1.0300000015656,0.0,10.255124979453225,345.0001478400497,0.1423541158118419,1.5039912321734932e-05,-0.3155795061277699,0.1462863649347393,0.0450974277289849,0.2613514536775904,10.300951471636193,48.32279188528892,4.866670436042708
5.98,31.221102238785864,131.01187979322486,148.9643337127368,-0.1691099433886972,-0.2910731394857195,-2.4881802834604434,-2.81638287146442,-2.9385404151986774,0.0,48.3422933086172,39.1064411051231,6.098182619296516,16.501288740475296,139.04173698960307,1411.051527559168,1.274,1.0300000015656,0.0,10.255743646263335,345.0001478400497,0.1422998726918257,1.512006164339628e-05,-0.3147377892884799,0.1450940496952222,0.0449597442901344,0.3366325882315973,10.25632612320973,48.29657184344988,4.770542251509306
5.99,31.221099880337142,131.01188284058105,149.01724364653896,-0.2377908784154468,-0.3395586528679324,-2.4605326972785697,-2.7407686662587625,-2.860672179401107,0.0,48.32402993413804,39.0984602399474,5.902030103932006,16.504264846747212,139.0701214766534,1409.978372616904,1.274,1.0300000015656,0.0,10.25635090752204,345.0001478400497,0.1422461979822368,1.5198332071831984e-05,-0.3136247881475528,0.1437106456385474,0.0447836003748189,0.4145406115205322,10.213047022488952,48.27069249789693,4.663633707134627
6.0,31.22109752234588,131.01188588731927,149.0691553116,-0.3054373622322604,-0.3870040424637278,-2.431576278782821,-2.658397273203809,-2.7730111238784136,0.0,48.3059608099034,39.09049913203854,5.7067926986918405,16.507081001984798,139.09787730606135,1408.9170980182005,1.274,1.0300000015656,0.0,10.256946735653433,345.0001478400497,0.1421930933957726,1.5274563953870903e-05,-0.3122449484067778,0.1421405058177484,0.0445696736549967,0.4930138865829257,10.171201993242024,48.24517081930915,4.546342481035737
6.01,31.22109516480505,131.0118889334349,149.12006634984604,-0.3719030381385387,-0.4333079896761819,-2.401299641278999,-2.5695019922930906,-2.6758252584852915,0.0,48.28808650793428,39.08255648470705,5.512645972672381,16.509736327636677,139.12494730093556,1407.8677242401127,1.274,1.0300000015656,0.0,10.257531103601904,345.0001478400497,0.1421405606152485,1.5348604139066627e-05,-0.3106032803380641,0.1403883705096254,0.0443187204315195,0.571021056372741,10.130871718599646,48.2200232968809,4.419119965508142
6.02,31.22109280770784,131.01189197892327,149.169974450902,-0.4370451074691308,-0.4783723771071901,-2.369698766285077,-2.4743284235845047,-2.569401267845892,0.0,48.27040758895705,39.0746309918412,5.3197618097368045,16.512230751932975,139.15127618466363,1406.83027118913,1.274,1.0300000015656,0.0,10.258103984832148,345.0001478400497,0.1420886012902695,1.5420306239112355e-05,-0.3087053430014653,0.1384593535959695,0.0440315732546392,0.6479537937141199,10.092129712882269,48.19526590468887,4.282475483397339
6.03,31.22109045104776,131.01189502377994,149.21887736700083,-0.5007246241840934,-0.5221024862671784,-2.336777218365011,-2.3731337917189803,-2.45404366161521,0.0,48.252924601481865,39.06672134328815,5.128308049706919,16.514564976477576,139.1768106801687,1405.8047581474495,1.274,1.0300000015656,0.0,10.258665353524272,345.0001478400497,0.1420372170345479,1.5489530863501785e-05,-0.3065572273773173,0.1363589282407902,0.0437091384000249,0.7234011443326395,10.055042347521152,48.17091406969963,4.136982240085399
6.04,31.221088094818583,131.01189806800056,149.2667728980728,-0.5628067787502953,-0.5644071861689909,-2.3025462954351976,-2.2661862547716094,-2.3300738974975777,0.0,48.235638080634125,39.05882623017305,4.938448141558829,16.516740439618225,139.20149960445525,1404.791203707784,1.274,1.0300000015656,0.0,10.25921518445672,345.0001478400497,0.1419864094224615,1.5556145831504134e-05,-0.3041655384656716,0.1340929119035888,0.0433523932079265,0.7970550145878315,10.019668929622735,48.14698264098298,3.9832855724561953
6.05,31.22108573901441,131.01190111158087,149.31365892255923,-0.6231611708040701,-0.6051991121436952,-2.267025113412648,-2.153764199672044,-2.1978294801018574,0.0,48.218548547287845,39.05094435013799,4.750340809295729,16.518759276928986,139.22529395837404,1403.789625724882,1.274,1.0300000015656,0.0,10.2597534531884,345.0001478400497,0.1419361799865103,1.5620026360585616e-05,-0.3015373764080508,0.1316674507293428,0.0429623832939015,0.8686664306864263,9.98606183140511,48.12348586078377,3.8221142730480193
6.06,31.22108338362961,131.01190415451674,149.3595333815069,-0.681662070069732,-0.6443948348127935,-2.230240624647536,-2.036155526222496,-2.0576630386950767,0.0,48.20165650709441,39.04307441248071,4.564139731131521,16.520624279148997,139.2481470115338,1402.8000412609083,1.274,1.0300000015656,0.0,10.260280136084674,345.0001478400497,0.1418865302144687,1.568105523154572e-05,-0.2986803166880279,0.1290890033571616,0.0425402196389641,0.9380236077449016,9.954266667673233,48.10043733705474,3.654296067864028
6.07,31.221081028658915,131.01190719680432,149.40439429049593,-0.7381886650561523,-0.6819150188906526,-2.1922275701946257,-1.913656921768988,-1.9099413868524264,0.0,48.18496244949202,39.03521514317728,4.37999323257821,16.522338847928303,139.27001438228802,1401.822466530815,1.274,1.0300000015656,0.0,10.260795210278353,345.0001478400497,0.1418374615464668,1.573912293071618e-05,-0.2956023894684388,0.126364324189855,0.0420870755676169,1.0049402312243432,9.924322518022406,48.07785001758608,3.480778739731608
6.08,31.22107867409732,131.01191023843967,149.4482397426212,-0.7926252990981613,-0.7176845713886533,-2.1530283665714167,-1.78657312856941,-1.7550445669133703,0.0,48.16846684699823,39.02736528977001,4.198043993988639,16.52390694973577,139.2908541127231,1400.856916862579,1.274,1.0300000015656,0.0,10.26129865390382,345.0001478400497,0.1417889753729257,1.5794127769661213e-05,-0.2923120581240065,0.123500446167474,0.0416041836223874,1.069248872041616,9.8962621899239,48.05573616609932,3.302658947399748
6.09,31.221076319940185,131.0119132794193,149.4910679204181,-0.8448616932901734,-0.7516327793407537,-2.112692928193451,-1.6552162056554791,-1.5933648820824973,0.0,48.15217015421886,39.01952362610432,4.018428773064208,16.52533306828625,139.31062673857332,1399.9034066422023,1.274,1.0300000015656,0.0,10.261790445966971,345.0001478400497,0.1417410730316429,1.5845975982880412e-05,-0.2888181970289044,0.1205046630882116,0.0410928323429603,1.1307971384232989,9.870112517952723,48.03410733971849,3.1212215146889064
6.1,31.2210739661832,131.01191631973975,149.5328770839364,-0.894793155954809,-0.7836934365086585,-2.07127842726684,-1.5199047871213471,-1.4253059188666704,0.0,48.13607280716749,39.01168895689901,3.841278142794837,16.526622155842546,139.32929535398614,1398.9619492774264,1.274,1.0300000015656,0.0,10.26227056651429,345.0001478400497,0.1416937558057853,1.589458180411868e-05,-0.2851300686592973,0.1173845115202445,0.0405543629589427,1.189445358908059,9.84589469437397,48.01297436849541,2.9379928263240784
6.11,31.2210716128224,131.01191935939767,149.57366558962377,-0.9423207782572212,-0.8138049592013371,-2.028848993404004,-1.3809633384762174,-1.2512815624455824,0.0,48.12017522239672,39.0038601221338,3.666716245255924,16.527779583745932,139.34682567106222,1398.0325571485407,1.274,1.0300000015656,0.0,10.26273899654182,345.0001478400497,0.1416470249213508,1.5939867521932093e-05,-0.2812573000711591,0.1141477523483715,0.0399901660042819,1.2450651571271998,9.823624625481385,47.992347336466885,2.754812793778931
6.12,31.22106925985413,131.01192239839017,149.61343188535517,-0.9873516156715516,-0.841910490787095,-1.9854753557662848,-1.2387214127859505,-1.0717150073993051,0.0,48.10447779643111,38.99603600123918,3.494860561644629,16.528811092522186,139.3631860740925,1397.115241578893,1.274,1.0300000015656,0.0,10.263195718190248,345.0001478400497,0.1416008815454934,1.598176351520739e-05,-0.2772098588137082,0.1108023519993014,0.0394016778623743,1.297538562790969,9.803313308152251,47.97223556479729,2.5739301047104153
6.13,31.221066907275134,131.01192543671422,149.65217451540363,-1.029798854973906,-0.8679579950694252,-1.9412344309626648,-1.0935129080539423,-0.8870377661028422,0.0,48.08898090503972,38.98821551707753,3.3258216988959384,16.529722741903267,139.378347668416,1396.21001279425,1.274,1.0300000015656,0.0,10.263640714705923,345.0001478400497,0.1415553267843976,1.602020826937824e-05,-0.2729980283386383,0.1073564633895193,0.0387903772497905,1.3467574534680786,9.784967220497888,47.95264759651497,2.398123765473386
6.14,31.22106455508247,131.01192847436727,149.6898921283909,-1.0695819665140671,-0.8919003383224094,-1.8962088603900649,-0.9456753272987608,-0.6976886769206903,0.0,48.07368490255531,38.980397639698175,3.159703193176304,16.530520861094654,139.3922843238223,1395.316879886993,1.274,1.0300000015656,0.0,10.264073970401787,345.0001478400497,0.1415103616812647,1.605514837416276e-05,-0.2686323829650595,0.1038184066390639,0.038157781647274,1.3926232039591728,9.768588720649513,47.93359118307888,2.2308472284732432
6.15,31.22106220327352,131.01193151134694,149.72658346436447,-1.1066268415583551,-0.9136953598173496,-1.8504865010907188,-0.7955490427005776,-0.5041129141743343,0.0,48.05859012144176,38.972581389858014,2.9966013305116785,16.53121199960625,139.4049727124268,1394.4358507927652,1.274,1.0300000015656,0.0,10.264495470839512,345.0001478400497,0.1414659872150528,1.608653850359592e-05,-0.2641237624594901,0.1001966495947976,0.0375054436862995,1.4350464671152348,9.75417644770333,47.915073273000665,2.076373858508654
6.16,31.221059851846057,131.011934547651,149.76224738263042,-1.140865914476371,-0.9333059310765114,-1.8041598745304912,-0.6434765649579725,-0.3067610017236972,0.0,48.04369687166846,38.96476584229599,2.836604984765815,16.53180287895061,139.4163923409454,1393.5669322570795,1.274,1.0300000015656,0.0,10.26490520273844,345.0001478400497,0.1414222042986357,1.6114341379224712e-05,-0.2594832462896221,0.0964997882062183,0.0368349474990483,1.4739470379656143,9.741725718706244,47.89710000204122,1.939885887029058
6.17,31.22105750079817,131.01193758327753,149.79688283888913,-1.1722382696467504,-0.9507000036216277,-1.75732557803663,-0.4898018190436296,-0.1060878318176312,0.0,48.029005440274766,38.95695012875,2.679795473144237,16.532300345497422,139.4265255773055,1392.710129812494,1.274,1.0300000015656,0.0,10.26530315404061,345.0001478400497,0.1413790137775246,1.61385277173116e-05,-0.2547221276098927,0.0927365267961631,0.0361479050400599,1.509253769609959,9.73122891608446,47.87967668539896,1.827389842704613
6.18,31.221055150128336,131.0119406182248,149.83048890611153,-1.2006897329523762,-0.9658506453021736,-1.7100836638814718,-0.3348694273772354,0.0974483092663969,0.0,48.014516091022365,38.94913344070928,2.5262464293596847,16.532711324754164,139.43535767152895,1391.8654477608502,1.274,1.0300000015656,0.0,10.26568931401484,345.0001478400497,0.1413364164288506,1.6159076160892546e-05,-0.2498518870359333,0.0889156582687206,0.0354459523873123,1.5409045200565017,9.72267586001943,47.8628078117716,1.7452850322641043
6.19,31.221052799835324,131.0119436524914,149.86306476360198,-1.2261729477570604,-0.9787360654094972,-1.6625369912077967,-0.179024001298219,0.3033867074048487,0.0,48.000229063856096,38.941315031893616,2.376023694557191,16.533042777325296,139.44287677083386,1391.0328891449594,1.274,1.0300000015656,0.0,10.266063673087595,345.0001478400497,0.1412944129597744,1.6175973197546208e-05,-0.2448841662641151,0.0850460442956854,0.0347307460302212,1.5688461159651257,9.716054160594108,47.84649703897762,1.6994476556825908
6.2,31.22105044991828,131.01194668607607,149.89460970197013,-1.2486474353631003,-0.9893396282854224,-1.6147905561957647,-0.0226094418138261,0.5112651774206788,0.0,47.98614457477795,38.93349422045175,2.2291852260568965,16.533301656780957,139.44907392890667,1390.212455744812,1.274,1.0300000015656,0.0,10.266426223077172,345.0001478400497,0.1412530040071064,1.6189213063709424e-05,-0.2398307415913371,0.0811365955226043,0.0340039591525086,1.5930343234012905,9.71134954533024,47.83074719178602,1.6939456333900325
6.21,31.22104810037664,131.01194971897797,149.9251231300875,-1.268079639875288,-0.9976498559425624,-1.5669508059435395,0.1340317497304498,0.7206210093333258,0.0,47.97226281540384,38.92567039087588,2.085781023938486,16.533494869644667,139.45394310930624,1389.4041480513692,1.274,1.0300000015656,0.0,10.266776957011531,345.0001478400497,0.1412121901360395,1.6198797636366763e-05,-0.2347034973891948,0.0771962518345492,0.0332672779166233,1.6134338190678716,9.70854615774644,47.81556026114078,1.729911551864862
6.22,31.22104575121024,131.01195275119628,149.9546045701181,-1.284442957550376,-1.003660419396033,-1.519124941671329,0.2905591502125989,0.9309919030944402,0.0,47.95858395288741,38.91784299562512,1.9458530754528107,16.533629237687222,139.45748118297007,1388.6079652676704,1.274,1.0300000015656,0.0,10.267115869297465,345.0001478400497,0.1411719718398892,1.620473631291348e-05,-0.2295143995855578,0.0732339627212078,0.0325223977576193,1.6300181570465269,9.70762682369618,47.80093740551044,1.8052454491862302
6.23,31.221043402419173,131.01195578273072,149.9830536525476,-1.2977177506387882,-1.0073701191590048,-1.4714202168330823,0.4466350819649527,1.141916890869431,0.0,47.94510812965389,38.9100115564564,1.8094353172127693,16.53371146268932,139.45968791980536,1387.8239052956294,1.274,1.0300000015656,0.0,10.267442955616463,345.0001478400497,0.1411323495393144,1.6207045879949754e-05,-0.2242754692054884,0.0692586677800645,0.0317710196928355,1.6427697278596312,9.708573282388048,47.78687895373336,1.9153418850429453
6.24,31.221041054003884,131.01195881358117,150.01047013606302,-1.3078913458499888,-1.008782854784496,-1.4239432357476542,0.6019252679764827,1.3529372460569755,0.0,47.93183546338623,38.902175665460334,1.6765536150801548,16.53374809381259,139.46056597435668,1387.0519647349715,1.274,1.0300000015656,0.0,10.267758213041848,345.0001478400497,0.1410933235823078,1.6205750371756967e-05,-0.2189987560223415,0.065279277395676,0.0310148466545259,1.6516797073477356,9.711366380027822,47.77338440981899,2.054353318839847
6.25,31.221038705965128,131.01196184374763,150.03685388866765,-1.3149580175269573,-1.0079075838495688,-1.3767992582747552,0.7560994745578264,1.5635973782665196,0.0,47.91876604685498,38.89433498580036,1.54722576163277,16.533745497692266,139.460120865559,1386.2921388787784,1.274,1.0300000015656,0.0,10.268061639921669,345.0001478400497,0.141054894243659,1.62008809191409e-05,-0.2136963123687541,0.0613046536323176,0.0302555798519781,1.656747993811009,9.715986224373196,47.76045245923377,2.2163256471769825
6.26,31.221036358303955,131.01196487323068,150.0622048926502,-1.318918955721259,-1.004758270360531,-1.330091515974127,0.908832140855692,1.773445713552502,0.0,47.9058999479307,38.88648925215656,1.4214614910633276,16.53370983134122,139.45836095059389,1385.544421715124,1.274,1.0300000015656,0.0,10.268353235904716,345.0001478400497,0.1410170617250067,1.61924755893107e-05,-0.2083801671562112,0.0573435913762262,0.0294949151695859,1.6579831321848515,9.72241229945238,47.74808097701404,2.395877501049758
6.27,31.22103401102172,131.0119679020309,150.0865232495558,-1.3197822193540707,-0.9993538228049476,-1.283920545036404,1.0598029946829384,1.9820355592267689,0.0,47.8932372097196,38.87863827087472,1.299262511330128,16.53364701792828,139.45529739288415,1384.808805936654,1.274,1.0300000015656,0.0,10.2686330020446,345.0001478400497,0.1409798261552431,1.6180579217393484e-05,-0.2030623001507327,0.0534047997631266,0.0287345396072507,1.6554022245125162,9.730623540221044,47.73626703761134,2.5884550047363915
6.28,31.22103166412007,131.01197093014932,150.10980917322604,-1.3175626746574551,-0.9917180222185122,-1.238383541077796,1.2086976541819707,2.188925952574724,0.0,47.88077785054182,38.870781919822505,1.180622553349068,16.53356272547038,139.45094412427636,1384.0852829429125,1.274,1.0300000015656,0.0,10.268900940669663,345.0001478400497,0.1409431875904315,1.6165243230167468e-05,-0.1977546165512147,0.0494968839256935,0.0279761277691003,1.6490308263486837,9.740598367513387,47.7250069261325,2.7903298442823106
6.29,31.221029317600888,131.01197395758717,150.13206299377708,-1.3122819191833035,-0.9818794402935748,-1.1935737406856126,1.3552082147297817,2.393682492833093,0.0,47.86852186409117,38.86292014795784,1.0655274369862586,16.533462348451607,139.44531780147528,1383.3738428500565,1.274,1.0300000015656,0.0,10.269157055395995,345.0001478400497,0.1409071460142943,1.6146525462516124e-05,-0.1924689219159875,0.0456283270945925,0.0272213384066337,1.6389028287990308,9.752314684501677,47.714296151310094,2.9984868611052775
6.3,31.2210269714664,131.01197698434595,150.15328515362347,-1.3039681916609556,-0.969871347797896,-1.1495798343352288,1.4990338205483056,2.595878155764483,0.0,47.8564692197163,38.855052974612754,0.9539551535819508,16.53335099235938,139.43843775681137,1382.6744745107871,1.274,1.0300000015656,0.0,10.269401351218477,345.0001478400497,0.1408717013390184,1.6124489967097097e-05,-0.1872168974820949,0.0418074730860404,0.0264718110222171,1.625060326203972,9.76574983633662,47.70412946010228,3.2104858807091916
6.31,31.221024625719007,131.01198001042755,150.17347620946532,-1.292656267975346,-0.9557316137439787,-1.1064854149883951,1.639881220513369,2.795094090119588,0.0,47.844619862495485,38.84718048849805,0.8458759647075803,16.533233461103315,139.4303259434374,1381.987165519078,1.274,1.0300000015656,0.0,10.269633834315664,345.0001478400497,0.1408368534054918,1.6099206817635774e-05,-0.1820100759208359,0.0380425092078699,0.0257291625383113,1.6075534697161098,9.78088053508882,47.69450085352664,3.424335171036256
6.32,31.221022280361417,131.01198303583396,150.1926368213556,-1.2783873436714452,-0.9395025952562313,-1.064368466397788,1.7774653074889943,2.990920395296484,0.0,47.83297371365456,38.839302846437306,0.7412525168303638,16.533114247260535,139.42100687506678,1381.3119022376377,1.274,1.0300000015656,0.0,10.269854512179888,345.0001478400497,0.1408026019845132,1.6070751906236852e-05,-0.1768598175722355,0.0343414496148664,0.024994984038443,1.5864403069595476,9.797682752952385,47.68540360428752,3.6383880995008493
6.33,31.22101993539654,131.0119860605676,150.21076776562103,-1.261208903296588,-0.921231018682916,-1.0233008947476836,1.9115096406487653,3.182956879406404,0.0,47.821530670857776,38.83142027183544,0.6400399715328073,16.532997525069323,139.41050756038223,1380.6486698144247,1.274,1.0300000015656,0.0,10.270063393552189,345.0001478400497,0.1407689467776702,1.6039206735048e-05,-0.1717772872000428,0.030712119143577,0.0242708375849391,1.5617866083573395,9.816131586736924,47.676830275642736,3.8512632114210446
6.34,31.221017590827536,131.01198908463107,150.22786991995483,-1.2411745769945384,-0.9009678521307052,-0.9833481069152296,2.041746950112028,3.3708137969434944,0.0,47.81029060857047,38.82353305289171,0.5421861509081358,16.532887146071914,139.39885743225912,1379.9974522077432,1.274,1.0300000015656,0.0,10.270260488383304,345.0001478400497,0.1407358874183733,1.6004658202569438e-05,-0.1667734313080078,0.0271621376554804,0.0235582531189886,1.5336656807155025,9.836201097313795,47.66877274168262,4.061784061386098
6.35,31.221015246657743,131.0119921080273,150.24394427037237,-1.2183439847714728,-0.8787681697117994,-0.9445686382223714,2.1679196232165765,3.554112565185648,0.0,47.799253378514656,38.81564154056552,0.4476316977271387,16.532786637289917,139.3860882719625,1379.358232212781,1.274,1.0300000015656,0.0,10.27044580784668,345.0001478400497,0.1407034234732106,1.596719838487157e-05,-0.1618589560572474,0.0236989049163602,0.0228587254480507,1.5021581688712728,9.857864127940587,47.66122220899928,4.268934472564703
6.36,31.22101290289072,131.01199513075937,150.25899190127228,-1.1927825688535678,-0.8546910078979578,-0.9070138321339188,2.28978017173565,3.732486458391796,0.0,47.78841881008951,38.80774614630688,0.3563102499464499,16.53269920179683,139.37223412849383,1378.7309914869213,1.274,1.0300000015656,0.0,10.270619364260426,345.0001478400497,0.140671554443186,1.592692431193693e-05,-0.1570443058234522,0.020329586038965,0.0221737113256507,1.4673518464642017,9.881092105580516,47.654169239558094,4.471825409006274
6.37,31.2210105595302,131.01199815283076,150.27301399842082,-1.1645614146119851,-0.8287992142421616,-0.8707275739296076,2.407091679283845,3.9055812788100375,0.0,47.77778671087024,38.79984733956064,0.2681486291045483,16.532627721537317,139.357331233275,1378.1157105814125,1.274,1.0300000015656,0.0,10.270781171048286,345.0001478400497,0.1406402797651669,1.58839377393224e-05,-0.1523396424318313,0.0170610975145081,0.0215046266285355,1.4293413970972575,9.90585482961582,47.64760377484657,4.6696704365372845
6.38,31.22100821658009,131.01200117424509,150.28601184199118,-1.1337570605407352,-0.8011592887733693,-0.8357460799292222,2.519628228118445,4.0730560034496746,0.0,47.76735686725446,38.791945645056096,0.1830670421272186,16.532574762228936,139.3414179103733,1377.5123689784025,1.274,1.0300000015656,0.0,10.270931242817678,345.0001478400497,0.1406095988138007,1.5838344915298234e-05,-0.147754825106534,0.0139000938578348,0.0208528436358762,1.3882281875298794,9.932120252443427,47.64151516132364,4.861767489842125
6.39,31.22100587404448,131.0120041950063,150.2979868065664,-1.100451297742569,-0.7718412186086849,-0.8020977433880702,2.627175304599864,4.234583405489895,0.0,47.757129044929,38.784041639896415,0.1009792960419242,16.532542580169643,139.3245344824832,1376.9209451206505,1.274,1.0300000015656,0.0,10.271069595190625,345.0001478400497,0.1405795109028654,1.5790256343606277e-05,-0.143299391170313,0.0108529548895912,0.0202196884150792,1.3441200351177955,9.959854256332203,47.63589217675901,5.047485263881215
6.4,31.22100353192757,131.0120072151185,150.3089403571626,-1.064730959490413,-0.7409183059092027,-0.7698030377416138,2.729530182409308,4.389850649188557,0.0,47.74710298957351,38.77613595045794,0.0217930250774552,16.532533130764577,139.3067231728916,1376.34141645192,1.274,1.0300000015656,0.0,10.271196244855744,345.0001478400497,0.1405500152873519,1.573978654195552e-05,-0.1389825375290053,0.0079257736776655,0.0196064383187514,1.2971309722474191,9.989020431176227,47.63072305786128,5.226253003422318
6.41,31.221001190233743,131.01201023458617,150.31887404326648,-1.0266877013494302,-0.7084669897489811,-0.7388744773984148,2.826502282742763,4.538559857066678,0.0,47.73727842747399,38.76822924911461,-0.0545900703956029,16.53254807857769,139.28802800366685,1375.7737594541563,1.274,1.0300000015656,0.0,10.271311209477233,345.0001478400497,0.1405211111652551,1.5687053796362842e-05,-0.1348131029742155,0.005124345158866,0.0190143195970385,1.2473810116824946,10.019579857397416,47.62599552878024,5.397552799545173
6.42,31.22099884896745,131.0120132534138,150.32778950082235,-0.9864177724274464,-0.6745666621833709,-0.7093166358369366,2.917913510594924,4.680428648137155,0.0,47.72765506623082,38.760322250800925,-0.1282739736501146,16.53258880870742,139.26849469031984,1375.2179496890792,1.274,1.0300000015656,0.0,10.271414507668824,345.0001478400497,0.1404927976796548,1.56321799114333e-05,-0.1307995513362839,0.0024541554605227,0.0184445051294886,1.1949959181480134,10.051490898280234,47.62169683062456,5.560913744654777
6.43,31.220996508133304,131.01201627160629,150.33568844328826,-0.9440217783041684,-0.6392994789410774,-0.6811262203044223,3.003598566287684,4.815190645906617,0.0,47.71823259552487,38.75241570942825,-0.1993680906982699,16.532656439282324,139.24817053319535,1374.673961843012,1.274,1.0300000015656,0.0,10.2715061589938,345.0001478400497,0.1404650739209672,1.557528995667518e-05,-0.1269499555182683,-7.962805973626589e-05,0.0178981122803718,1.1401069938231485,10.084709005721775,47.6178137518935,5.715907472293285
6.44,31.220994167735945,131.01201928916862,150.34257265865423,-0.8996044361848305,-0.6027501652279744,-0.6542922019707803,3.083405231417883,4.942595954859347,0.0,47.70901068780938,38.744510414167216,-0.2679869793037092,16.53275183487007,139.2271043058607,1374.1417697683614,1.274,1.0300000015656,0.0,10.271586183847935,345.0001478400497,0.1404379389289654,1.551651200894233e-05,-0.1232719824401747,-0.0024721660391289,0.0173762008811573,1.0828508890746766,10.119186543067189,47.61433265961465,5.86214473377167
6.45,31.220991827780143,131.01202230610605,150.34844400844813,-0.853274322884392,-0.565005816957053,-0.6287959999704105,3.157194628356592,5.062411604150082,0.0,47.69998899912718,38.73660718561387,-0.3342500685327572,16.53287562059421,139.2053461407635,1373.6213465294777,1.274,1.0300000015656,0.0,10.27165460344646,345.0001478400497,0.1404113916952011,1.5455976891103363e-05,-0.1197728789210996,-0.0047189555843544,0.0168797713437038,1.0233694555407755,10.154872628497422,47.611239531338896,5.999272754320803
6.46,31.22098948827071,131.012025322424,150.353304421773,-0.8051436162183462,-0.5261556978669811,-0.6046117173483199,3.224841452502211,5.174421957231465,0.0,47.691167170001854,38.72870687185278,-0.3982813694846674,16.533028196754564,139.18294741243997,1373.112664456458,1.274,1.0300000015656,0.0,10.271711439863118,345.0001478400497,0.1403854311655995,1.5393817907047144e-05,-0.1164594585252595,-0.0068158379817983,0.0164097629075275,0.9618096684165356,10.191713001983418,47.60851998786945,6.126973177190395
6.47,31.220987149212537,131.01202833812803,150.35715588536783,-0.7553278303428118,-0.4862910331603022,-0.5817064265176038,3.286234176574847,5.278429086149038,0.0,47.6825448260761,38.72081034443385,-0.4602091778573705,16.533209753752033,139.15996061855543,1372.6156951824244,1.274,1.0300000015656,0.0,10.271756715756968,345.0001478400497,0.1403600562423309,1.533017057314854e-05,-0.1133380893960903,-0.0087590056309707,0.0159670520240272,0.8983236614621567,10.229649918318993,47.60615932629904,6.244960452032071
6.48,31.22098481061056,131.0120313532239,150.36000045056616,-0.7039455457504054,-0.4455047997040076,-0.5600405015025369,3.3412752260978253,5.374253109344544,0.0,47.67412157921677,38.71291849427659,-0.5201657690198545,16.5334202871245,139.13643925906686,1372.1304097059483,1.274,1.0300000015656,0.0,10.271790454593551,345.0001478400497,0.1403352657870769,1.5265172346338315e-05,-0.1104146831007066,-0.0105450081904766,0.015552450880738,0.833068947464598,10.268622068707517,47.60414255406858,6.352980559009903
6.49,31.220982472469675,131.01203436771755,150.36184022136823,-0.6511181343862015,-0.4038915137648893,-0.5395679938455523,3.3898811255483974,5.46173249176988,0.0,47.6658970281872,38.70503222751888,-0.5782870862749652,16.533659612507964,139.11243771379696,1371.6567784312977,1.274,1.0300000015656,0.0,10.271812680358703,345.0001478400497,0.140311058622987,1.5198962348941829e-05,-0.107694684504877,-0.0121707579271421,0.0151667060678842,0.7662089515159524,10.308564532343285,47.60245442299459,6.450809986116984
6.5,31.220980134794857,131.012037381615,150.36267735245454,-0.5969694806215178,-0.3615470162656924,-0.5202370487896396,3.431982614434867,5.540724306284584,0.0,47.657870759737,38.69715246132598,-0.6347124230103486,16.53392738034748,139.08801111871227,1371.1947712313945,1.274,1.0300000015656,0.0,10.271823417714652,345.0001478400497,0.1402874335378808,1.5131681090479976e-05,-0.1051830626967725,-0.0136335342612969,0.0148104973897505,0.6979140890183901,10.34940875961573,47.601079464117554,6.538254896451295
6.51,31.220977797591093,131.0120403949225,150.36251403825196,-0.5416256985761876,-0.3185682564571639,-0.5019903580142224,3.467524732887818,5.611104455310145,0.0,47.65004234935792,38.68928011967312,-0.6895840994443491,16.534223090192715,139.06321524119917,1370.7443574905924,1.274,1.0300000015656,0.0,10.271822691765884,345.0001478400497,0.1402643892864758,1.5063470186652431e-05,-0.1028843029752229,-0.0149309875020857,0.0144844368225686,0.62836383438616,10.391082587539405,47.60000202247834,6.615150436772344
6.52,31.220975460863325,131.01204340764633,150.3613525149229,-0.4852148464906141,-0.2750530741563278,-0.484765644992335,3.496466876223125,5.67276785188945,0.0,47.642411362289465,38.68141612911889,-0.7430471346835862,16.534546104426045,139.03810635462983,1370.305506164686,1.274,1.0300000015656,0.0,10.271810528085142,345.0001478400497,0.1402419245933159,1.4994472075758447e-05,-0.1008023999161023,-0.0160611417690917,0.0141890676208127,0.5577506900743049,10.433510288042717,47.59920629238176,6.681360149589362
6.53,31.220973124616464,131.01204641979285,150.35919506334773,-0.4278666387232814,-0.2310999811654375,-0.4684961787853014,3.5187828181615206,5.725628559366495,0.0,47.634977354538194,38.67356141458496,-0.7952489148171472,16.534895661284622,139.012741112511,1369.8781858365546,1.274,1.0300000015656,0.0,10.27178695273947,345.0001478400497,0.1402200381558008,1.4924829732840987e-05,-0.0989408515279469,-0.0170223970980605,0.0139248635730636,0.4862880515181778,10.476612649029628,47.59867635281341,6.736775459428524
6.54,31.220970788855418,131.0120494313686,150.3560439812939,-0.3697121559345052,-0.1868079425048163,-0.4531113119191267,3.5344607024936288,5.7696198890285615,0.0,47.62773987363814,38.665716895154446,-0.8463388577775118,16.535270887053077,138.98717642250563,1369.462364762502,1.274,1.0300000015656,0.0,10.271751992017029,345.0001478400497,0.1401987286463848,1.4854686381880676e-05,-0.0973026545053768,-0.0178135307302399,0.0136922284084638,0.414226751050224,10.52030708770723,47.59839620263659,6.781315210365522
6.55,31.22096845358503,131.01205244238022,150.3519016003148,-0.3108835541874209,-0.1422761575456004,-0.4385370378618344,3.54350300291456,5.8046944552467,0.0,47.62069845986463,38.65788347990635,-0.896468075703439,16.535670807318798,138.96146932061484,1369.058010940406,1.274,1.0300000015656,0.0,10.27170567264824,345.0001478400497,0.1401779947161611,1.47841852063983e-05,-0.0958903005863988,-0.0184336975869079,0.0134914953545287,0.3418930982296557,10.56450779563503,47.59834979626613,6.814925236861584
6.56,31.22096611881008,131.01205545283426,150.34677027183386,-0.2515137734118561,-0.0976038420453532,-0.4246965634724419,3.5459264511487327,5.830824187700074,0.0,47.61385264697531,38.65006206379897,-0.945789035542119,16.53609435719882,138.93567684580515,1368.6650921527005,1.274,1.0300000015656,0.0,10.271648021493595,345.0001478400497,0.140157834997029,1.4713469058867276e-05,-0.0947057740169281,-0.0188824299321608,0.0133229268463927,0.2697881150216152,10.609125914022124,47.59852107873394,6.837577953913928
6.57,31.22096378453529,131.0120584627375,150.34065236217566,-0.1917362459825787,-0.0528900110883516,-0.4115108917783377,3.5417619332885617,5.848000300531353,0.0,47.607201963329096,38.64225352361628,-0.9944552186294554,16.536540390464488,138.9098559153615,1368.2835760310015,1.274,1.0300000015656,0.0,10.271579065647732,345.0001478400497,0.1401382481049736,1.4642680169372484e-05,-0.0937505501233062,-0.019159636229204,0.0131867143876692,0.198897287196323,10.654069738109484,47.59889402099482,6.84927195555549
6.58,31.22096145076532,131.0120614720967,150.33355024560956,-0.1316846059105771,-0.008233263725641,-0.3988994103668858,3.531054354632509,5.856233218354889,0.0,47.60074593281971,38.63445871399069,-1.0426207799858005,16.5370076875073,138.8840632012414,1367.9134301082393,1.274,1.0300000015656,0.0,10.271498832335345,345.0001478400497,0.140119232642821,1.45719598539931e-05,-0.0930255949907685,-0.0192655991968364,0.0130829785623119,0.1319417369352156,10.69924494869274,47.59945265478239,6.850031613264535
6.59,31.220959117504687,131.01206448091853,150.32546630832505,-0.0714923992823221,0.0362684303425518,-0.3867804807187767,3.513862473291109,5.855552459252202,0.0,47.594484075856,38.62667846351595,-1.0904402080622848,16.537494962107495,138.85835500770264,1367.554621875321,1.274,1.0300000015656,0.0,10.27140734885919,345.0001478400497,0.1401007872031084,1.4501448223420531e-05,-0.0925313662431768,-0.0192009730748774,0.0130117691968034,0.0801658375617365,10.744554868884707,47.60018110719161,6.839906667822527
6.6,31.220956784757888,131.0120674892098,150.31640293153643,-0.0112927965224746,0.0805179415423316,-0.3750720238509638,3.49025870299593,5.846006475037258,0.0,47.5884159103277,38.61891357096208,-1.1380679856681293,16.538000866984742,138.83278715046876,1367.207118836946,1.274,1.0300000015656,0.0,10.271304642535023,345.0001478400497,0.1400829103709113,1.4431283892363823e-05,-0.0922678149165798,-0.0189667801089274,0.012973065671486,0.0813060027262177,10.789900743910191,47.60106363484633,6.818971809817961
6.61,31.22095445252925,131.01207049697734,150.3063624974446,0.0487816929373243,0.1244191882056236,-0.3636920977298707,3.4603288856549783,5.827662449244502,0.0,47.58254095256648,38.61116480160441,-1.1856582528030093,16.538523998127733,138.80741483769216,1366.8708885648173,1.274,1.0300000015656,0.0,10.271190740626574,345.0001478400497,0.1400656007266826,1.436160369032604e-05,-0.0922343884164941,-0.0185644062666873,0.0129667773795136,0.1336405036620121,10.835182041592264,47.60208465758831,6.787326245377027
6.62,31.220952120823007,131.01207350422783,150.29534737930112,0.108599503005201,0.1678773409239545,-0.35255946204933,3.424172034299123,5.800606053461372,0.0,47.57685871833423,38.60343288367809,-1.2333644721104455,16.539062897917155,138.78229255296765,1366.5458987544885,1.274,1.0300000015656,0.0,10.271065670319524,345.0001478400497,0.1400488568491489,1.4292542374367676e-05,-0.0924300345460564,-0.0179955961995407,0.0129927443316042,0.1999415412029382,10.880296771079706,47.60322879165068,6.745093244886198
6.63,31.22094978964324,131.0120765109681,150.28335993444898,0.1680302897424332,0.210799022989287,-0.3415941261235854,3.3819000472077034,5.764941162777123,0.0,47.57136872375593,38.59571850496906,-1.281339097658587,16.539616057073214,138.757473940643,1366.2321172794277,1.274,1.0300000015656,0.0,10.27092945864346,345.0001478400497,0.140032677318036,1.422423234450544e-05,-0.0928532065896775,-0.0172624474650225,0.013050737904352,0.2695742550222732,10.925141817234843,47.60448088215487,6.6924196735252375
6.64,31.22094745899396,131.01207951720465,150.27040249836048,0.2269452060740732,0.2530925065408102,-0.3307178758487326,3.333637394074485,5.720789531286532,0.0,47.566070486276246,38.588022309552414,-1.3297332477425423,16.54018191547547,138.73301169366428,1365.9295122447636,1.274,1.0300000015656,0.0,10.270782132432869,345.0001478400497,0.140017060716886,1.415680336242156e-05,-0.0935018694342542,-0.0163674040273459,0.0131404617295519,0.3399405954494088,10.969613288120955,47.60582603494884,6.629475503375452
6.65,31.22094512887896,131.01208252294418,150.25647739656387,0.2852171718614009,0.2946679039769051,-0.3198547759143203,3.2795207751911675,5.668290428730075,0.0,47.56096352559072,38.58034489468649,-1.3786963823899647,16.54075886191738,138.7089574441877,1365.6380520386365,1.274,1.0300000015656,0.0,10.270623718275084,345.0001478400497,0.1400020056358086,1.4090382274180886e-05,-0.0943735067074574,-0.0153132490544881,0.0132615527216452,0.4100942471429046,11.013606872963864,47.60724964766704,6.55645330777385
6.66,31.220942799301927,131.01208552819327,150.24158691383332,0.3427211388042567,0.3354373542313744,-0.308931643709759,3.2196987547146043,5.607600239492978,0.0,47.55604736454956,38.57268680787256,-1.4283759862362684,16.54134523287386,138.68536165718123,1365.357705386604,1.274,1.0300000015656,0.0,10.27045424244526,345.0001478400497,0.1399875106740977,1.402509273767596e-05,-0.0954651289102737,-0.0141030970319327,0.0134135822401429,0.4795567282765764,11.057018207997269,47.60873743994586,6.473567739473936
6.67,31.220940470266385,131.01208853295827,150.22573330909697,0.3993343496519857,0.3753152035304104,-0.2978784916450114,3.154331369183318,5.5388920253113385,0.0,47.55132153003214,38.565048544087695,-1.4789172574190628,16.54193931037174,138.6622735272299,1365.0884413980511,1.274,1.0300000015656,0.0,10.27027373082834,345.0001478400497,0.139973574442836,1.3961054955536252e-05,-0.0967732825188295,-0.0127403852149247,0.0135960573834382,0.5480211163235534,11.09974324764796,47.61027548273172,6.381054995097297
6.68,31.220938141775697,131.01209153724557,150.20891880450523,0.4549365911979309,0.4142181803061822,-0.2866289349338053,3.083589712482272,5.462355053166091,0.0,47.54678555387263,38.55743054319971,-1.53046280312458,16.542539319066943,138.6397408787519,1364.8302296209067,1.274,1.0300000015656,0.0,10.27008220891902,345.0001478400497,0.1399601955675858,1.3898385414250212e-05,-0.0982940600281171,-0.0112288644417012,0.0138084224103432,0.6152563670100959,11.141678638604658,47.61185022671059,6.279172269345453
6.69,31.220935813833066,131.01209454106137,150.19114558244823,0.5094104405879719,0.4520655638526059,-0.2751205621972118,3.0076554985824617,5.378194289932114,0.0,47.542438973716735,38.54983318756957,-1.5831523423985436,16.54314342264211,138.61781006982133,1364.583040088363,1.274,1.0300000015656,0.0,10.269879701769751,345.0001478400497,0.1399473726909261,1.3837196630259407e-05,-0.1000231109084136,-0.0095725893319885,0.0140500602851804,0.6810703973310196,11.182722094343063,47.61344852967333,6.16819720357216
6.7,31.220933486441496,131.01209754441177,150.17241577362947,0.5626415044666397,0.4887793463843597,-0.2632952666072717,2.926720603418003,5.286629865450072,0.0,47.53828133379676,38.54225679984805,-1.6371224168140166,16.543749719647966,138.59652589978688,1364.346843364479,1.274,1.0300000015656,0.0,10.269666233873668,345.0001478400497,0.139935104474705,1.3777596903785094e-05,-0.1019556534432651,-0.0077759078961608,0.0143202943422034,0.7452939236270568,11.222772767812994,47.61505768275093,6.048427334618304
6.71,31.22093115960386,131.0121005473027,150.15273147098168,0.6145186504508053,0.5242843883017713,-0.25109953565271,2.840986587262152,5.187896505786929,0.0,47.534312185834544,38.53470164097374,-1.692506109566774,16.544356238920287,138.57593152086258,1364.1216105935507,1.274,1.0300000015656,0.0,10.269441829216609,345.0001478400497,0.1399233896027128,1.371969008115116e-05,-0.1040864874160646,-0.0058434505813047,0.0146183900647957,0.8077727102995965,11.261731620182664,47.61666543569791,5.920179551378884
6.72,31.22092883332281,131.01210354973992,150.13209470581236,0.6649342305533332,0.5585085661948527,-0.2384846979731651,2.750664199102577,5.082242938480543,0.0,47.53053108975216,38.52716790837366,-1.7494327735461213,16.54496093471005,138.55606835386,1363.907313541425,1.274,1.0300000015656,0.0,10.269206511147036,345.0001478400497,0.1399122267827525,1.366357532636109e-05,-0.1064100076106737,-0.0037801187814949,0.0149435569746713,0.8683636020186892,11.299501783495288,47.61826002083112,5.783789568537856
6.73,31.220926507600808,131.01210655172903,150.1105074557555,0.7137842960585213,0.5913829134789634,-0.2254071261014117,2.655972864441763,4.9699312716538415,0.0,47.52693761449631,38.519655734375085,-1.808027768904816,16.545561681670055,138.53697600821937,1363.7039246409745,1.274,1.0300000015656,0.0,10.268960302402068,345.0001478400497,0.139901614749074,1.3609346902677412e-05,-0.1089202180901629,-0.0015910728407818,0.0152949506261871,0.9269324023745394,11.335988915419293,47.619830175913286,5.639611429354956
6.74,31.220924182440186,131.01210955327548,150.0879716378146,0.7609688034906767,0.6228417532820582,-0.2118283943285196,2.557140158052185,4.851236348890546,0.0,47.52353133873813,38.512165184828746,-1.868412210627581,16.546156269843543,138.5186922064861,1363.511417032811,1.274,1.0300000015656,0.0,10.268703225029428,345.0001478400497,0.1398915522644128,1.355709396493946e-05,-0.1116107472163075,0.0007182804221709,0.0156716747006276,0.98335271353112,11.37110154424716,47.62136516568431,5.488017052575897
6.75,31.220921857843013,131.01211255438452,150.06448910438732,0.8063918112674832,0.6528228233895913,-0.1977153912961849,2.4544012631807406,4.726445081807055,0.0,47.520311851518095,38.5046962579469,-1.93070272657186,16.546742399802838,138.50125271336904,1363.3297646006397,1.274,1.0300000015656,0.0,10.268435300283368,345.0001478400497,0.139882038121894,1.3506900363336656e-05,-0.114474863371398,0.0031423006378666,0.0160727831951755,1.0375053021086291,11.404751402529676,47.62285480208032,5.32939584268205
6.76,31.220919533811216,131.01211555506114,150.04006164227155,0.8499616666198326,0.6812673931449748,-0.183040387312356,2.3479984186673697,4.595855762275297,0.0,47.517278753033935,38.49724888336026,-1.9950112264281616,16.54731767808553,138.4846912695054,1363.1589420152734,1.274,1.0300000015656,0.0,10.268156548715751,345.0001478400497,0.1398730711473517,1.3458844459332504e-05,-0.1175054913428626,0.0056751272277305,0.0164972827012697,1.0892777647440175,11.43685374791268,47.62428946332363,5.164154388192802
6.77,31.22091721034652,131.01211855531017,150.01469096769645,0.8915911825035384,0.708120371929929,-0.1677810567463508,2.238180355536824,4.459777356216573,0.0,47.51443165522969,38.48982292139242,-2.0614446820208663,16.547879613074077,138.46903953004502,1362.9989247690703,1.274,1.0300000015656,0.0,10.26786699008497,345.0001478400497,0.1398646502010423,1.3412998954407488e-05,-0.1206952293303205,0.0083106931328437,0.0169441347667499,1.1385643690671337,11.467327669716436,47.62566011148397,4.992716280136089
6.78,31.22091488745041,131.0121215551361,149.9883787223463,0.9311978041331672,0.7333304091515264,-0.1519204562397733,2.125201724520928,4.318528780904642,0.0,47.51177018236201,38.48241816255506,-2.13010491934262,16.54842561146109,138.45432700815525,1362.849689206848,1.274,1.0300000015656,0.0,10.267566643277922,345.0001478400497,0.1398567741793156,1.3369430732258528e-05,-0.1240363665340397,0.0110427388979402,0.017412258336208,1.1852659990101524,11.496096380088243,47.62695830867699,4.815522092819486
6.79,31.22091256512424,131.01212455454333,149.96112646541013,0.9687037648277396,0.7568499855952571,-0.135446959826136,2.009322515963319,4.172438167686828,0.0,47.50929397155256,38.47503432726315,-2.201088422688383,16.54895297543854,138.44058102353554,1362.7112125569304,1.274,1.0300000015656,0.0,10.267255526257973,345.0001478400497,0.1398494420162377,1.3328200715057429e-05,-0.1275209012830542,0.0138648270788846,0.0179005322639052,1.2292901621745589,11.52308748864506,47.62817623188838,4.633029582816531
6.8,31.22091024336913,131.01212755353595,149.9329356884903,1.0040362308469968,0.7786354961002225,-0.1183541523947929,1.8908074735085387,4.021842112008344,0.0,47.5070026734772,38.46767106576896,-2.274486151226132,16.5494589007418,138.42782665601834,1362.5834729699293,1.274,1.0300000015656,0.0,10.266933656208026,345.0001478400497,0.1398426526856145,1.328936373433224e-05,-0.1311405596607591,0.0167703569414255,0.0184077978935713,1.2705510332905423,11.54823325968366,47.629306686568896,4.445714181229892
6.81,31.220907922186,131.01213055211772,149.9038077947303,1.0371274350874184,0.7986473231474648,-0.1006406832381492,1.7699255030791152,3.8670849125388767,0.0,47.504895952643935,38.460327958315936,-2.3503833683141924,16.549940475671907,138.41608670431953,1362.4664495339769,1.274,1.0300000015656,0.0,10.266601049257394,345.0001478400497,0.1398364052018075,1.3252968416993276e-05,-0.1348868145854629,0.0197525794187279,0.0189328616991078,1.3089695172361602,11.571470850944769,47.63034311838961,4.254069881226484
6.82,31.220905601575616,131.0121335502922,149.87374410577254,1.0679147992077271,0.8168499017251795,-0.0823100817650382,1.646949078351807,3.708517801240244,0.0,47.5029734880735,38.45300451550925,-2.4288594838454327,16.550394681210836,138.4053816499905,1362.3601223132437,1.274,1.0300000015656,0.0,10.266257720702896,345.0001478400497,0.1398306986217315,1.3219057086979427e-05,-0.1387509053031915,0.0228046122948444,0.0194744979807111,1.3444733210380986,11.592742533446522,47.63127962403024,4.058610661095717
6.83,31.220903281538487,131.01213654806267,149.84274585579516,1.0963410441879096,0.8332117749099002,-0.0633705376956542,1.5221536442111403,3.5464981660570767,0.0,47.50123497348531,38.44570017890157,-2.509987909870984,16.550818392333085,138.39572962660878,1362.2644723584178,1.274,1.0300000015656,0.0,10.265903684722716,345.0001478400497,0.1398255320453934,1.3187665682951476e-05,-0.1427238572497162,0.025919455581673,0.0200314516102406,1.376997027616677,11.61199589148476,47.632110960016334,3.8598726382458914
6.84,31.220900962075,131.01213954543212,149.8108141915114,1.1223542889214333,0.8477056406033827,-0.0438346483607688,1.39581701929555,3.381388767965516,0.0,47.49968011787313,38.4384143217917,-2.593835929726835,16.551208380606255,138.38714639423313,1362.1794817381256,1.274,1.0300000015656,0.0,10.265538954571497,345.0001478400497,0.1398209046175955,1.3158823692407872e-05,-0.1467965022389298,0.0290900070563339,0.0206024408203478,1.4064821665687832,11.629184002541283,47.63283255056064,3.658417229878978
6.85,31.22089864318528,131.01214254240327,149.777950168195,1.1459081368546853,0.8603083890068645,-0.0237191359168262,1.2682187989882867,3.2135569539579136,0.0,47.4983086457587,38.43114625023206,-2.680464580858547,16.55156131816026,138.3796453191337,1362.1051335536763,1.274,1.0300000015656,0.0,10.265163542463284,345.0001478400497,0.13981681552867,1.3132554102542672e-05,-0.1509594989345265,0.0323090779264581,0.0211861600313056,1.4328772785566524,11.6442655964455,47.63344049363245,3.454835714740601
6.86,31.22089632486934,131.01214553897844,149.74415475365544,1.166961750445343,0.8710011310329354,-0.0030445375206254,1.1396397599660415,3.0433738675492283,0.0,47.49712029750867,38.423895204243365,-2.769928551510055,16.551873783091278,138.37323735879744,1362.0414119560432,1.274,1.0300000015656,0.0,10.26477745957152,345.0001478400497,0.1398132640154171,1.3108873368112625e-05,-0.1552033535621875,0.0355694085905535,0.0217812827098554,1.4561379710215498,11.657205193554557,47.63393156567297,3.2497557676517355
6.87,31.220894007126944,131.01214853515978,149.7094288192924,1.185479913366476,0.8797692175946719,0.0181651283285968,1.0103612674574822,2.8712136582985264,0.0,47.496114829583945,38.416660359229375,-2.862276091414936,16.552142266352455,138.36793105219317,1361.9883021603196,1.274,1.0300000015656,0.0,10.264380716003044,345.0001478400497,0.1398102493618285,1.3087791396511904e-05,-0.1595184408195493,0.0388636844609815,0.0223864642542889,1.476226963559688,11.667973221643065,47.634303224817614,3.043850806834246
6.88,31.220891689957703,131.01215153094904,149.67377314606017,1.2014330803570363,0.8866022498332566,0.0398827159224608,0.880664686286666,2.6974526917928467,0.0,47.495292014793954,38.40944082759153,-2.9575489365992014,16.552363180168438,138.36373251526973,1361.9457904592116,1.274,1.0300000015656,0.0,10.263973320824077,345.0001478400497,0.1398077708998413,1.3069311550205467e-05,-0.1638950249414923,0.0421845518171265,0.0230003449000194,1.4931141218052362,11.676546111323422,47.634553612708366,2.8378534044524253
6.89,31.220889373361054,131.0121545263477,149.63718842049175,1.2147974147130691,0.8914940802341506,0.0620783234836972,0.7508307967676711,2.522468761467952,0.0,47.49465164237806,38.40223566053449,-3.055782248377156,16.55253286799522,138.36064544164665,1361.9138642273865,1.274,1.0300000015656,0.0,10.26355528194318,345.0001478400497,0.1398058280095738,1.3053430666600437e-05,-0.1683232808784837,0.0455246336567569,0.0236215526398866,1.506776478983734,11.682906369816644,47.63468155471131,2.6325746439945417
6.9,31.220887057336256,131.01215752135687,149.59967523171645,1.2255548132977123,0.8944428048918353,0.0847196777452671,0.6211392163790685,2.3466403036214225,0.0,47.49419351828804,38.39504385005966,-3.1570045665933457,16.55264761603133,138.35867110844555,1361.8925119372743,1.274,1.0300000015656,0.0,10.263126606267347,345.0001478400497,0.1398044201201555,1.3040139095370911e-05,-0.1727933155460871,0.0488765455136241,0.0242487061537049,1.5171982446193342,11.687042633118365,47.63468655895478,2.428932288990722
6.91,31.220884741882408,131.01216051597743,149.56123407245482,1.2336929192070658,0.8954507467142148,0.1077725283715933,0.4918678282691209,2.1703456168639184,0.0,47.493917465147376,38.38786433114051,-3.261237777135909,16.552703666270165,138.3578083871975,1361.8817231567089,1.274,1.0300000015656,0.0,10.262687299545892,345.0001478400497,0.139803546709602,1.3029420753196697e-05,-0.17729518910403,0.0522329112098219,0.0248804177412022,1.5243707999711922,11.688949696400124,47.63456881363163,2.2279921397972235
6.92,31.22088242699843,131.01216351020983,149.52186534299292,1.2392051219861595,0.8945244299412924,0.1312010485714785,0.3632922174044119,1.99396208728115,0.0,47.49382332241104,38.38069598407365,-3.36849709371906,16.552697231067818,138.35805375974965,1361.881488556432,1.274,1.0300000015656,0.0,10.262237366487524,345.0001478400497,0.1398032073052993,1.302125319580013e-05,-0.1818189362235609,0.0555863785118011,0.0255152962529988,1.5282926800485015,11.68862852285024,47.634329183148125,2.0310292356062902
6.93,31.22088011268309,131.01216650405425,149.48156934422704,1.24209054557154,0.8916745458306435,0.1549682382851563,0.2356851153263553,1.817865420468296,0.0,47.49391094626097,38.37353763700004,-3.4787910539045748,16.55262450918379,138.35940133908431,1361.8917999054,1.274,1.0300000015656,0.0,10.261776810630296,345.0001478400497,0.1398034014836768,1.3015607707109742e-05,-0.186354587302221,0.058929634659318,0.0261519500139685,1.528969542072758,11.686086230922886,47.63396920263176,1.8396187962178405
6.94,31.220877798935007,131.0121694975105,149.44034628362485,1.2423540239279478,0.8869159098717633,0.1790363263456967,0.1093158542871395,1.6424288816247814,0.0,47.494180209678426,38.36638806858832,-3.5921215293054027,16.552481703237806,138.36184289495216,1361.9126500731045,1.274,1.0300000015656,0.0,10.261305634458626,345.0001478400497,0.1398041288704378,1.301244940530844e-05,-0.1908921895856553,0.0622554217367435,0.0267889897336541,1.5264141204525767,11.68133606027987,47.63349107129574,1.6557706946751776
6.95,31.220875485752654,131.01217249057822,149.39819627125118,1.2400060645858006,0.8802674104601166,0.2033671680957624,-0.0155501683607759,1.4680225448150694,0.0,47.494631002322045,38.35924601087452,-3.708483749886992,16.55226503850933,138.36536788421083,1361.9440330238217,1.274,1.0300000015656,0.0,10.26082383935132,345.0001478400497,0.1398053891401828,1.3011737365459228e-05,-0.1954218281562903,0.0655565518571949,0.0274250313982441,1.520646168359879,11.674397316522366,47.63289764427769,1.4821235457547561
6.96,31.22087317313436,131.01217548325647,149.35511932473713,1.235062800156796,0.8717519492994164,0.2279226350279627,-0.1386520147639168,1.2950125525139686,0.0,47.49526323043334,38.35211015225119,-3.827866342255666,16.55197078299249,138.3699634857514,1361.9859438090543,1.274,1.0300000015656,0.0,10.260331425607546,345.0001478400497,0.1398071820161544,1.301342475834987e-05,-0.1999336467493325,0.0688259221299303,0.0280586991387732,1.5116923861344669,11.665295295030193,47.63219242321613,1.3222067235969297
6.97,31.22087086107832,131.01217847554415,149.31111536331628,1.2275459280209748,0.8613963736267882,0.2526649931401777,-0.2597337193700917,1.1237603865124974,0.0,47.49607681664106,38.34497914059749,-3.950251381796296,16.551595268604324,138.37561463988675,1362.03837855781,1.274,1.0300000015656,0.0,10.259828392407837,345.0001478400497,0.1398095072696417,1.3017459005109394e-05,-0.2044178683568718,0.0720565293822998,0.0286886280703248,1.4995863368135782,11.654061184175394,47.63137954544996,1.1807364693406677
6.98,31.2208685495826,131.0121814674398,149.26618421577547,1.2174826383215196,0.849231400534923,0.2775572668453308,-0.3785447892144244,0.9546221512683608,0.0,47.49707169985217,38.33785158654345,-4.075614458495612,16.55113491343191,138.3823040920657,1362.101334468766,1.274,1.0300000015656,0.0,10.259314737918125,345.0001478400497,0.1398123647196773,1.3023781947121135e-05,-0.2088648155814138,0.0752414846079041,0.0293134670969976,1.4843683491933166,11.64073194831474,47.63046377207115,1.063784586047512
6.99,31.220866238645154,131.01218445894168,149.2203256184683,1.204905530549556,0.8352915334370479,0.3025635854532335,-0.4948406909117397,0.7879478707424851,0.0,47.49824783496132,38.33072606685955,-4.203924756261363,16.550586244890003,138.3900124407728,1362.1748097946297,1.274,1.0300000015656,0.0,10.258790459237744,345.0001478400497,0.1398157542321691,1.3032330030663917e-05,-0.2132649307005902,0.0783740271133984,0.029931881677434,1.4660854089056514,11.625350190885648,47.6294504745685,0.9784037406060649
7.0,31.220863928263828,131.01218745004755,149.1735392182953,1.1898525189107636,0.819614970956302,0.3276495094313426,-0.608383323663028,0.6240807997883009,0.0,47.499605192532655,38.32360112796533,-4.335145145521972,16.54994592365083,138.39871818946375,1362.2588038228544,1.274,1.0300000015656,0.0,10.258255552360389,345.0001478400497,0.1398196757189765,1.3043034505693737e-05,-0.2176087954053445,0.0814475383368865,0.0305425565458142,1.444791038138121,11.607963998100574,47.62834562025944,0.931107573917363
7.01,31.220861618436345,131.01219044075515,149.12582456972297,1.1723667266800857,0.8022435085494616,0.3527823338626919,-0.7189414776029718,0.4633567511591797,0.0,47.50114375862712,38.3164752895468,-4.469232288865414,16.549210768196048,138.40839780238346,1362.3533168661215,1.274,1.0300000015656,0.0,10.257710012343196,345.0001478400497,0.139824129137398,1.3055821638072508e-05,-0.2218871501744311,0.0844555553115295,0.0311441983834845,1.420545164784336,11.58862676379676,47.6271557567304,0.9252198128814266
7.02,31.22085930916033,131.01219343106163,149.0771811407459,1.1524963699553743,0.7832224328387983,0.3779313667767906,-0.826291276710997,0.3061034391543804,0.0,47.50286353431222,38.30934704827487,-4.606136759451865,16.548377779832148,138.4190257641066,1362.4583502334392,1.274,1.0300000015656,0.0,10.257153833163697,345.0001478400497,0.1398291144887389,1.3070612934555252e-05,-0.2260909132485538,0.0873917837489021,0.0317355384359197,1.3934139819247868,11.567396995866783,47.625887994817454,0.9587954460804462
7.03,31.22085700043335,131.012196420964,149.02760831388264,1.1302946309560085,0.7626004091806347,0.4030681802494237,-0.9302166056941844,0.1526398409964052,0.0,47.504764535390045,38.302214881616784,-4.745803171908966,16.547444168002578,138.4305746426387,1362.5739062156151,1.274,1.0300000015656,0.0,10.256587007862874,345.0001478400497,0.1398346318174999,1.3087325379748912e-05,-0.2302111991682274,0.0902501107170068,0.032315335070572,1.3634697988602862,11.544338105043355,47.624549990744434,1.0252150079364815
7.04,31.220854692252846,131.01219941045892,148.9771053881609,1.10581952131041,0.7404293624882773,0.4281668324668993,-1.0305095200894363,0.0032755769677848,0.0,47.50684679191358,38.29507725173031,-4.888170325395157,16.546407375722605,138.4430151559102,1362.699988056236,1.274,1.0300000015656,0.0,10.256009528493149,345.0001478400497,0.1398406812099709,1.3105871684240364e-05,-0.2342393368399496,0.093024616889006,0.0328823762704461,1.3307908851438035,11.519518176593996,47.62314992699013,1.1159244763083969
7.05,31.22085238461621,131.01220239954273,148.92567158309504,1.079133735589236,0.7167643517228973,0.4532040592035831,-1.1269706389683452,-0.141689689611845,0.0,47.50911034777273,38.28793260943336,-5.033171358491786,16.54526510495809,138.45631624149505,1362.8365999289442,1.274,1.0300000015656,0.0,10.2554213861834,345.0001478400497,0.139847262793003,1.3126160543032938e-05,-0.2381668870960664,0.0957095883393229,0.0334354820590058,1.2954613095116756,11.493009725749744,47.62169649222962,1.2229197473741382
7.06,31.22085007752076,131.01220538821153,148.8733060337144,1.0503044954814171,0.6916634382562754,0.4781594334694281,-1.2194095195639345,-0.2819668315143937,0.0,47.51155526022218,38.28077939823865,-5.180733915562289,16.544015341764506,138.4704451293833,1362.9837469091387,1.274,1.0300000015656,0.0,10.254822571177998,345.0001478400497,0.1398543767326371,1.3148096903401627e-05,-0.2419856597144206,0.0982995278647596,0.0339735068516288,1.257570776160596,11.464889437643007,47.62019886025237,1.3398139103223314
7.07,31.22084777096374,131.0122083764611,148.8200078064677,1.0194033850071835,0.6651875483548413,0.503015492373903,-1.3076450131600454,-0.4172778147828558,0.0,47.5141815992833,38.2736160584444,-5.330780324192944,16.542656381000896,138.48536741763493,1363.1414349410768,1.274,1.0300000015656,0.0,10.254213072771774,345.0001478400497,0.1398620232323302,1.3171582241224282e-05,-0.2456877298647342,0.1007891658091009,0.0344953417291942,1.2172144615981006,11.435237892617591,47.618666667827405,1.4618757952440593
7.08,31.22084546494239,131.01221136428697,148.76577588630025,0.986506177063274,0.6374003302535652,0.5277578305488904,-1.3915056016693803,-0.5473562328739501,0.0,47.516989447346575,38.266441031272144,-5.483227783308094,16.541186850430957,138.50104715074377,1363.309670813786,1.274,1.0300000015656,0.0,10.253592879505108,345.0001478400497,0.1398702025318045,1.3196514844849328e-05,-0.2492654539495353,0.1031734703706815,0.0349999166295385,1.1744928564468726,11.40413927795948,47.61710999191441,1.5856907052918288
7.09,31.220843159453857,131.0122143516844,148.71060919255723,0.9516926518531548,0.6083680058674116,0.5523751597978523,-1.4708297141926887,-0.6719478167540137,0.0,47.51997889848807,38.25925276304141,-5.637988561530694,16.539605734024416,138.51744690053857,1363.488462123012,1.274,1.0300000015656,0.0,10.252961979072913,345.0001478400497,0.1398789149050267,1.3222790105487897e-05,-0.2527114848084238,0.1054476573733678,0.0354862024523195,1.129511618185658,11.371681086945358,47.61553932574061,1.7087926245610774
7.1,31.220840854495275,131.01221733864847,148.6545065730203,0.9150464075275924,0.5781592176306024,0.5768593349237428,-1.5454660230164403,-0.7908109198811522,0.0,47.52315005782662,38.2520497093722,-5.7949702053385135,16.537912394273413,138.53452784945003,1363.6778172335844,1.274,1.0300000015656,0.0,10.252320358311584,345.0001478400497,0.1398881606583294,1.3250300813147527e-05,-0.2560187862555268,0.1076071994824086,0.0359532130733066,1.0823814433008505,11.33795380641501,47.61396555414628,1.8293752571821313
7.11,31.22083855006376,131.01222032517387,148.5974668138454,0.8766546634301076,0.546844870859335,0.6012053459926943,-1.6152737184947412,-0.9037169770383467,0.0,47.52650304105028,38.24483033940458,-5.954075756545992,16.53610659334099,138.55224987597396,1363.8777452524057,1.274,1.0300000015656,0.0,10.25166800340716,345.0001478400497,0.1398979401290207,1.327893745705658e-05,-0.2591806469210881,0.1096478348477752,0.0364000072643151,1.033217971000799,11.30305059410046,47.61239992838877,1.9460887513927394
7.12,31.22083624615639,131.01222331125516,148.53948863658115,0.8366080565475964,0.514497971707573,0.625411277609302,-1.6801227621702226,-1.0104509360612035,0.0,47.5300379736164,38.23759314002748,-6.115203978622024,16.534188512863665,138.5705716421608,1364.088255983493,1.274,1.0300000015656,0.0,10.251004899765215,345.0001478400497,0.1399082536830242,1.3308588529566188e-05,-0.262190693369356,0.1115655751587327,0.0368256905146126,0.9821417363967984,11.26706694684892,47.61085403991957,2.0579025380980416
7.13,31.22083394277025,131.01222629688667,148.48057071009623,0.7950004314438553,0.4811934613795119,0.6494782360388303,-1.7398941177118492,-1.1108116614389023,0.0,47.53375499021571,38.23033662010372,-6.278249591336695,16.532158772235572,138.5894506829667,1364.309359895351,1.274,1.0300000015656,0.0,10.250331032206004,345.0001478400497,0.1399191017133298,1.3339140832460306e-05,-0.2650429024663081,0.1133567130944158,0.0372294167505297,0.9292782002134934,11.23010036127501,47.6093397938288,2.164013878681248
7.14,31.22083163990242,131.0122292820625,148.42071164163315,0.7519286243138652,0.4470080466607035,0.6734102453200435,-1.7944799590806964,-1.2046123089035887,0.0,47.53765423396008,38.22305931468453,-6.443103513211136,16.53001844520836,138.60884349729915,1364.5410680766568,1.274,1.0300000015656,0.0,10.249646384873374,345.0001478400497,0.1399304846375808,1.3370479784653908e-05,-0.2677316129720523,0.1150178291566141,0.0376103899496073,0.8747578969279851,11.192249988132058,47.60786938142593,2.2637867604538844
7.15,31.220829337549965,131.01223226677655,148.3599099917166,0.7074922415197263,0.4120200273356642,0.6972141137618014,-1.8437838555306263,-1.2916806700852783,0.0,47.54173585567584,38.21575978920056,-6.6096531112296,16.527769074649914,138.62870564059685,1364.7833921944653,1.274,1.0300000015656,0.0,10.248950941286816,345.0001478400497,0.1399424028960155,1.3402489730219908e-05,-0.2702515363343485,0.1165457978719883,0.0379678656461331,0.8187167682123155,11.153616282043124,47.60645525242798,2.3567107119491753
7.16,31.22082703571001,131.0122352510226,148.2981642721664,0.6617934331042926,0.3763091208415842,0.7208992724751254,-1.8877209330213809,-1.371859486397519,0.0,47.54600001327126,38.208436643621646,-6.777782457256638,16.525412685313263,138.6489918187825,1365.036344457989,1.274,1.0300000015656,0.0,10.248244684497548,345.0001478400497,0.1399548569496102,1.3435054245721768e-05,-0.2725977666612183,0.1179377933523732,0.0383011523251489,0.7612967916384333,11.11430064819024,47.60511008677858,2.442372725945232
7.17,31.22082473437964,131.01223823479413,148.23547295106496,0.6149366618893571,0.3399562843519183,0.744477587843118,-1.9262180116180028,-1.4450067314032262,0.0,47.5504468708311,38.20108851657295,-6.947372590589225,16.522951794479134,138.6696559834318,1365.2999375673287,1.274,1.0300000015656,0.0,10.24752759695846,345.0001478400497,0.1399678472774119,1.3468056445814338e-05,-0.2747657898521778,0.1191912942033519,0.0386096127018124,0.7026470919604292,11.0744050875454,47.60384676578152,2.520437890701327
7.18,31.22082243355601,131.0122412180846,148.17183445971642,0.5670284684775825,0.3030435349721252,0.7679631500240551,-1.9592137186414853,-1.5109958609005032,0.0,47.55507659800807,38.19371408939831,-7.1183017860598365,16.520389420345307,138.69065142800264,1365.5741846777437,1.274,1.0300000015656,0.0,10.246799660745204,345.0001478400497,0.1399813743747633,1.350137928614482e-05,-0.2767514918697012,0.1203040877720735,0.038892664883964,0.6429258666271834,11.034031842558038,47.60267834322624,2.590635884636496
7.19,31.220820133236312,131.01224420088724,148.1072471886694,0.5181772328441681,0.2656537681394018,0.7913720398117302,-1.9866585772134244,-1.5697160301358888,0.0,47.5598893691583,38.18631209016162,-7.29044582709577,16.517729088050327,138.7119308849719,1365.8590993510168,1.274,1.0300000015656,0.0,10.2460608575042,345.0001478400497,0.1399954387507517,1.3534905862555671e-05,-0.2785511661339977,0.12127427372738,0.0391497834151977,0.5823037395345951,10.993283044945755,47.60161801596736,2.652751481589827
7.2,31.220817833417755,131.01224718319517,148.04170949964407,0.4684949213705422,0.2278674256814964,0.8147222917228703,-2.00851387441637,-1.6210729753012103,0.0,47.56487936081384,38.178881297882505,-7.463678283225023,16.514974833281986,138.73344662333585,1366.1543507464928,1.274,1.0300000015656,0.0,10.2453044145402,345.0001478400497,0.1400100232594327,1.356851970831515e-05,-0.2801615221562636,0.1221002633197885,0.0393804955268966,0.5209701506157934,10.952258627050991,47.60067259798346,2.7066174438965587
7.21,31.220815534097607,131.01225016500143,147.97521972751954,0.4180918027889451,0.1897703596985609,0.8380331590552619,-2.024754190863853,-1.6649877457081712,0.0,47.570050033543936,38.1714205467416,-7.637870792650236,16.512131204046273,138.75515054135127,1366.460141372684,1.274,1.0300000015656,0.0,10.244533995474915,345.0001478400497,0.1400251380829221,1.360210508433883e-05,-0.2815796945512588,0.1227807760606064,0.0395843950079882,0.4591436657316002,10.911060417294944,47.59985903743736,2.752110699527774
7.22,31.220813235273216,131.0122531462989,147.90777617735148,0.3670794535075136,0.151448381784367,0.8613250399608682,-2.035366442885792,-1.7013973354140444,0.0,47.57540417624449,38.16392872832164,-7.812893346312983,16.50920325894342,138.77699426681625,1366.7766353628751,1.274,1.0300000015656,0.0,10.243752511111069,345.0001478400497,0.140040791426127,1.3635547245928112e-05,-0.2828032355045392,0.123314862244677,0.0397611330442732,0.397093973399205,10.86978891601088,47.5991936047227,2.7891486647798396
7.23,31.22081093694196,131.0122561270804,147.8393771432577,0.3155711690921741,0.1129860759146692,0.8846193046497711,-2.0403491301933285,-1.7302552070036887,0.0,47.58094197416644,38.15640479604284,-7.988614573570149,16.506196562296747,138.79892926098944,1367.1038474395882,1.274,1.0300000015656,0.0,10.242959941645836,345.0001478400497,0.1400569838298948,1.366873272921635e-05,-0.2838301245661243,0.1237018931594357,0.0399104179652625,0.3351878384235371,10.828542408086,47.59868977396636,2.8176868116600704
7.24,31.22080863910128,131.0122591073387,147.77002090145848,0.2636808578046583,0.0744679853238578,0.9079379151611704,-2.039712718671393,-1.7515310978961556,0.0,47.586663613177805,38.14884776874717,-8.164902030780313,16.503117177126597,138.82090691816632,1367.4417924958427,1.274,1.0300000015656,0.0,10.242156267012891,345.0001478400497,0.1400737158368336,1.3701549619393668e-05,-0.2846587721043826,0.1239415601838873,0.0400320178970156,0.2739945920289094,10.787417405558577,47.59836101366555,2.8377174664498175
7.25,31.22080634174873,131.01226208706652,147.6997057092838,0.2115227920218759,0.0359784293185349,0.9313031190638364,-2.033479579182821,-1.7652110315231435,0.0,47.59256927909981,38.14125673410465,-8.341622491145245,16.49997165540091,138.8428786651533,1367.790485558221,1.274,1.0300000015656,0.0,10.241341467106372,345.0001478400497,0.1400909879893484,1.373388780920297e-05,-0.2852880212010416,0.1240338742890604,0.040125761055395,0.2145607910142453,10.746508348321116,47.59822075719015,2.8492691491578284
7.26,31.22080404488191,131.01226506625648,147.6284298280327,0.1592113598771718,-0.0023986789350337,0.954737141278664,-2.0216839015808707,-1.771297293679788,0.0,47.59865915678537,38.13363085188574,-8.518642235144675,16.496767025541374,138.86479606061192,1368.149941732846,1.274,1.0300000015656,0.0,10.240515521715007,345.0001478400497,0.1401088008269472,1.3765639247991829e-05,-0.2857171486099174,0.1239791648603792,0.0401915359111159,0.1592294280609403,10.705907320141456,47.59828237317944,2.852406511955396
7.27,31.22080174849852,131.0122680449012,147.55619150706917,0.1068608175344433,-0.040580013089282,0.9782618770367192,-2.0043715842261687,-1.769808374138624,0.0,47.60493342925736,38.125969357089765,-8.695827340931118,16.493510777197145,138.88661089412503,1368.520176155344,1.274,1.0300000015656,0.0,10.239678410522131,345.0001478400497,0.1401271548837143,1.3796698180663795e-05,-0.2859458647796043,0.1237780778464319,0.0402292912268853,0.1143064734687897,10.665703781845425,47.59855913624008,2.8472308351954756
7.28,31.22079945259635,131.01227102299333,147.482989001715,0.0545850425747148,-0.0784830123230621,1.0018985889632954,-1.9816000993358,-1.7607788737412664,0.0,47.611392277002366,38.11827156292007,-8.873043974054806,16.49021084331495,138.90827528483567,1368.9012039515155,1.274,1.0300000015656,0.0,10.238830113276956,345.0001478400497,0.1401460506862213,1.3826961375967596e-05,-0.2859743129425285,0.1234315732402202,0.0402390359669866,0.095598683212232,10.625984323338518,47.59906419811031,2.8338810805091765
7.29,31.22079715717325,131.0122740005255,147.4088205712588,0.0024972891129048,-0.1160260578510302,1.0256676112417495,-1.9534383344782529,-1.7442593773398385,0.0,47.618035877116895,38.110536863595605,-9.050158675891588,16.486875579551462,138.92974177950703,1369.293040186162,1.274,1.0300000015656,0.0,10.237970609794564,345.0001478400497,0.1401654887510416,1.385632834362842e-05,-0.2858030672752251,0.1229409219000971,0.0402208390794714,0.1160529299257373,10.586832435902933,47.59981055902473,2.812535537695033
7.3,31.22079486222723,131.0122769774904,147.3336844849213,-0.0492900549016931,-0.1531286467793354,1.0495880637035349,-1.9199664106852088,-1.7203162930022964,0.0,47.62486440246101,38.102764736990565,-9.227038650153355,16.483513741091443,138.95096344985083,1369.6956998155972,1.274,1.0300000015656,0.0,10.23709987995592,345.0001478400497,0.1401854695822493,1.388470153986261e-05,-0.2854331301366646,0.1223077017194481,0.040174829152115,0.1608660504655812,10.548328306188974,47.600811039506894,2.7834141390740874
7.31,31.22079256775636,131.01227995388072,147.2575790228476,-0.1006657077349705,-0.1897115628860042,1.0736775785943486,-1.881275477690321,-1.6890316580068587,0.0,47.63187802091396,38.094954747092864,-9.403552046866556,16.48013445695148,138.97189398896762,1370.109197644322,1.274,1.0300000015656,0.0,10.236217903813271,345.0001478400497,0.1402059936692363,1.391198656090946e-05,-0.2848659283938616,0.1215337931552285,0.0401011939432258,0.2147650455120038,10.510548633135665,47.6020782527516,2.7467815543804295
7.32,31.220790273758844,131.0122829296892,147.18050248604754,-0.1515197307102594,-0.2256970440549586,1.0979520426402185,-1.837467486824761,-1.6505029122734851,0.0,47.63907689455871,38.08710654627263,-9.579568243213975,16.47674720186592,138.99248780674105,1370.5335482769394,1.274,1.0300000015656,0.0,10.235324661603318,345.0001478400497,0.140227061484328,1.3938092324231384e-05,-0.2841033088460329,0.1206213741270502,0.0400001797886222,0.2718405152707117,10.47356646877384,47.60362457746721,2.7029512234776245
7.33,31.220787980232952,131.01228590490865,147.10245319440557,-0.2017437614016233,-0.2610089459434284,1.1224253568729248,-1.7886549422024416,-1.6048426399373932,0.0,47.646461178925485,38.07921987735253,-9.754958120644067,16.47336176586755,139.01270012402338,1370.96876607521,1.274,1.0300000015656,0.0,10.2344201338131,345.0001478400497,0.1402486734805519,1.3962931237174048e-05,-0.2831475327607418,0.1195729142997372,0.0398720908866795,0.3298877590689174,10.437451083744506,47.60546213137483,2.652290535174786
7.34,31.22078568717712,131.012288879532,147.0234294956279,-0.2512312426806319,-0.2955729015680724,1.1471092165090695,-1.734960630849393,-1.5521782798736443,0.0,47.65403102223794,38.07129457547201,-9.929594337664732,16.469988221691683,139.03248706544747,1371.4148651134024,1.274,1.0300000015656,0.0,10.233504301232692,345.0001478400497,0.1402708300894338,1.3986419352849664e-05,-0.2820012695374841,0.1183911687636093,0.0397172884632862,0.3879174107184285,10.402267858072785,47.60760274535819,2.5952274192657723
7.35,31.22078339458984,131.01229185355228,146.94342976325302,-0.2998776471355797,-0.3293164764897219,1.1720129129780383,-1.6765173324864355,-1.492651806056228,0.0,47.66178656463972,38.06333056973711,-10.103351597749864,16.466636890146127,139.05180575069647,1371.8718591343804,1.274,1.0300000015656,0.0,10.232577144968388,345.0001478400497,0.1402935317187151,1.4008476513143916e-05,-0.2806675895161063,0.1170791711280561,0.0395361898190533,0.4453930339342309,10.368078197495532,47.61005793829252,2.5322586851342064
7.36,31.22078110246977,131.01229482696263,146.86245240559748,-0.3475806964310657,-0.3621693192387703,1.1971431599849216,-1.6134675097257611,-1.4264193786991932,0.0,47.66972793747424,38.055327884649856,-10.276106911802776,16.463318303604797,139.07061438405907,1372.3397615058427,1.274,1.0300000015656,0.0,10.23163864649538,345.0001478400497,0.1403167787502591,1.4029026478779324e-05,-0.2791499559494945,0.1156402260449671,0.0393292672612301,0.5019734527610024,10.334939475409616,47.61283889268186,2.4639605099043136
7.37,31.220778810815663,131.0122977997563,146.78049586774307,-0.3942405751492366,-0.3940633066839955,1.2225039452627766,-1.5459629794761416,-1.3536509671936208,0.0,47.6778552625945,38.047286641308645,-10.447739854634428,16.460043167794915,139.08887234209436,1372.8185851824164,1.274,1.0300000015656,0.0,10.230688787723672,345.0001478400497,0.140340571537996,1.4047997046406476e-05,-0.2774522161615406,0.1140779011800583,0.0390970469232501,0.5574128362935838,10.302905000205634,47.61595643112868,2.39100154142109
7.38,31.22077651962641,131.01230077192673,146.6975586305421,-0.4397601386547457,-0.4249326840795698,1.2480964094407032,-1.4741645663646137,-1.274529945927944,0.0,47.68616865164721,38.03920705837467,-10.618132814931975,16.456822322061,139.10654025922756,1373.3083426609464,1.274,1.0300000015656,0.0,10.22972755101123,345.0001478400497,0.1403649104058558,1.4065320152800492e-05,-0.2755785919134245,0.112396018650828,0.0388401074746038,0.6115171459516895,10.272024007465273,47.61942099362148,2.3141591127342203
7.39,31.220774228901,131.01230374346753,146.6136392295036,-0.4840451146076049,-0.4547141994425295,1.2739187531820355,-1.3982417390586377,-1.189252664088409,0.0,47.69466820546118,38.03108945279847,-10.787171238210007,16.45366669829902,139.12358011109455,1373.8090459472585,1.274,1.0300000015656,0.0,10.228754919269385,345.0001478400497,0.1403897956459408,1.4080931966265216e-05,-0.2735336690025181,0.1105986459513871,0.038559078724642,0.6641232995802964,10.242341676281594,47.62324261582497,2.2343390185009913
7.4,31.22077193863856,131.0123067143724,146.5287362319309,-0.5270042976103516,-0.4833472321294382,1.2999661735160797,-1.3183722303122345,-1.0980279906473278,0.0,47.70335401327269,38.022934240300245,-10.95474386225616,16.450587278765187,139.13995529545056,1374.320706508512,1.274,1.0300000015656,0.0,10.22777087585744,345.0001478400497,0.1404152275162781,1.409477296537182e-05,-0.2713223861201613,0.1086900863848413,0.0382546401232399,0.7150884477003246,10.213899168569602,47.62743090812592,2.152599093698012
7.41,31.22076964883832,131.01230968463534,146.44284826674013,-0.5685497367657124,-0.5107739151263085,1.326230829980896,-1.234741641713451,-1.0010768356695905,0.0,47.7122261522434,38.01474193559934,-11.12074294460108,16.44759505297167,139.15563071045588,1374.843335246048,1.274,1.0300000015656,0.0,10.226775404780303,345.0001478400497,0.1404412062393881,1.4106788005296632e-05,-0.2689500229956373,0.1066748690252959,0.0379275191625347,0.7642841306816727,10.18673369019766,47.63199503596597,2.070176313043719
7.42,31.22076735949964,131.0123126542505,146.35597401452077,-0.608596915584041,-0.5369392510602158,1.35270184096402,-1.1475430339653807,-0.8986316492231594,0.0,47.72128468679629,38.00651315239024,-11.28506448156438,16.444700973889677,139.17057283015015,1375.3769424559089,1.274,1.0300000015656,0.0,10.225768490648951,345.0001478400497,0.1404677320003387,1.41169263719492e-05,-0.2664221878551457,0.1045577382322038,0.0375784896829864,0.8115929533927435,10.160878572230738,47.636943700985086,1.9885160613722623
7.43,31.22076507062205,131.0123156232123,146.26811220554723,-0.647064923965686,-0.5617912215831283,1.3793653103273946,-1.056976503659726,-0.7909358991051184,0.0,47.73052966801338,37.99824860305915,-11.447608418447906,16.44191591368621,139.1847497769252,1375.9215377930996,1.274,1.0300000015656,0.0,10.224750118680449,345.0001478400497,0.1404948049449784,1.4125141824251674e-05,-0.2637448042258428,0.102343642740525,0.0372083700879869,0.8569066311700723,10.136363370580131,47.64228512327384,1.9093002867848081
7.44,31.220762782205128,131.0123185915153,146.1792616356818,-0.6838766219525355,-0.5852808898686624,1.4062043841346037,-0.9632487474927452,-0.6782435286172342,0.0,47.73996113320238,37.989949098139576,-11.608278850470036,16.439250619225096,139.19813139080748,1376.4771302449128,1.274,1.0300000015656,0.0,10.223720274856015,345.0001478400497,0.1405224251786735,1.4131392624827158e-05,-0.2609240971159655,0.100037724351106,0.0368180214711689,0.9001248171495276,10.113213982102272,47.648027024881074,1.834468098282682
7.45,31.2207604942486,131.01232155915443,146.0894211614048,-0.718958794765738,-0.607362496234555,1.4331993370450486,-0.8665726147854433,-0.5608183957069875,0.0,47.749579105237984,37.9816155455048,-11.766984214056704,16.43671566756659,139.2106892953594,1377.0437280926803,1.274,1.0300000015656,0.0,10.22267894578932,345.0001478400497,0.140550592764364,1.413564155953448e-05,-0.2579665786032706,0.0976453062461211,0.0364083456604227,0.9411543914922808,10.091452774860697,47.654176614180464,1.7662179110647154
7.46,31.22075820675231,131.01232452612476,145.99858969882004,-0.7522422990232084,-0.6279935464409551,1.460327687646635,-0.7671666493261765,-0.4389336946600848,0.0,47.759383592212735,37.97324894929396,-11.923637468127568,16.434321421701075,139.2223969600132,1377.6213388909844,1.274,1.0300000015656,0.0,10.221626118910905,345.0001478400497,0.1405793077215339,1.4137855946193064e-05,-0.2548790328648382,0.0951718809551483,0.0359802831833609,0.9799090316956444,10.071098730410403,47.6607405717,1.7069752228587483
7.47,31.220755919716225,131.0123274924217,145.90676624254095,-0.7836621996339109,-0.647134892788625,1.4875643417749085,-0.6652546213796378,-0.3128713616703632,0.0,47.769374586854106,37.96485040857374,-12.0781562650385,16.43207798675191,139.233229758651,1378.20996943059,1.274,1.0300000015656,0.0,10.220561782349614,345.0001478400497,0.1406085700245272,1.4138007632949515e-05,-0.2516685006820048,0.0926230979981317,0.035534811158217,1.0163089577484454,10.052167595512778,47.66772503685097,1.659307045468273
7.48,31.22075363314041,131.01233045804088,145.8139498448154,-0.8131575247575761,-0.6647512812991803,1.5148817926635971,-0.5610649021324599,-0.1829215997515533,0.0,47.77955113428868,37.95642111573164,-12.230463110865376,16.429995166882225,139.24316502425012,1378.809571935619,1.274,1.0300000015656,0.0,10.21948486630621,345.0001478400497,0.1406383768584947,1.413607298670502e-05,-0.2483422634551417,0.0900047512317097,0.0350729404312885,1.0502807988865082,10.034671740578291,47.67513458979817,1.6257678130053652
7.49,31.22075134702509,131.01233342297832,145.72013963341854,-0.8406679147571423,-0.6808157804582462,1.542250670137658,-0.4548281478704058,-0.0493839353934142,0.0,47.78990270338643,37.94796235649708,-12.38048551592398,16.428082423669903,139.25218209691502,1379.419545880456,1.274,1.0300000015656,0.0,10.218383431559417,345.0001478400497,0.1406686972211443,1.4132032881886468e-05,-0.2449078376760213,0.0873227539704412,0.0345957086759106,1.081757554883063,10.018617547332846,47.682962927240354,1.6086778878042116
7.5,31.220749061370515,131.01233638723025,145.62533480668267,-0.8661462947331535,-0.6952939182996447,1.5696388657864446,-0.346782312619923,0.0874384058472398,0.0,47.80044054567532,37.93947550552191,-12.52815613691623,16.426348836935617,139.26026236176307,1380.0405480716931,1.274,1.0300000015656,0.0,10.217270307475124,345.0001478400497,0.1406995642271775,1.412587265447392e-05,-0.2413729463750325,0.0845831389672471,0.0341041993139484,1.1106782657128946,10.004015685273908,47.69122671294406,1.6098663348708442
7.51,31.2207467761771,131.01233935079324,145.52953464244095,-0.8895457504864291,-0.708160578810373,1.5970127806698275,-0.2371672333569524,0.227234732611584,0.0,47.81116458902541,37.930962023001946,-12.673412899951355,16.424803063505287,139.26738929862435,1380.6725820289464,1.274,1.0300000015656,0.0,10.216145485418664,345.0001478400497,0.1407309776603354,1.4117582058299542e-05,-0.2377454929106745,0.0817920546645268,0.0335995134840447,1.1369884577974765,9.99087059891712,47.69992981757149,1.630439738814662
7.52,31.220744491445355,131.01234231366422,145.4327384950479,-0.910824113955264,-0.7193942832130023,1.6243372884923917,-0.1262255203305893,0.3696887853858238,0.0,47.82207474432366,37.92242345339444,-12.816199114145792,16.423453298564976,139.2735485221594,1381.315650409288,1.274,1.0300000015656,0.0,10.215008957742915,345.0001478400497,0.140762937254452,1.4107155229645888e-05,-0.2340335530730483,0.0789557408496107,0.0330827774111692,1.1606399549856523,9.97918431207462,47.7090755236379,1.6706508632295345
7.53,31.220742207175885,131.01234527584032,145.3349457914017,-0.9299440397235966,-0.728977224701189,1.6515760134595447,-0.0142020493779261,0.5144794022427874,0.0,47.83317090505977,37.9138614224987,-12.956463574695142,16.422307239412994,139.27872781434516,1381.969754981662,1.274,1.0300000015656,0.0,10.213860717628224,345.0001478400497,0.1407954426922395,1.4094590633012912e-05,-0.2302453571845818,0.076080514930726,0.0325551399506498,1.181590896449715,9.968956584275285,47.71866651968367,1.7299115820681563
7.54,31.220739923369383,131.01234823731917,145.2361560448607,-0.9468730709930032,-0.7368952950167023,1.678691623136992,0.0986565492119768,0.6612811923788183,0.0,47.84445294723711,37.90527763429096,-13.09416065389868,16.421372051195167,139.28291715207754,1382.6348966199907,1.274,1.0300000015656,0.0,10.212700759242498,345.0001478400497,0.1408284936050299,1.4079890999760928e-05,-0.2263892719288676,0.0731727580835146,0.0320177700917552,1.1998057562049822,9.960185059925347,47.72870489604844,1.8069398151810911
7.55,31.22073764002664,131.01235119809863,145.1363688433144,-0.9615836946738238,-0.7431381031092023,1.7056461337985622,0.2121024044999698,0.8097652162341477,0.0,47.85592072912056,37.89667386751094,-13.229250379989162,16.42065433480158,139.2861087297674,1383.3110752869331,1.274,1.0300000015656,0.0,10.211529077674514,345.0001478400497,0.1408620895720354,1.4063063260087954e-05,-0.222473781944977,0.0702389012968498,0.0314718544254753,1.215255360343576,9.952865408060106,47.73919214172059,1.899983123388044
7.56,31.220735357148527,131.01235415817695,145.03558385713796,-0.9740533856007346,-0.7476989857484087,1.732401225610732,0.3258869204743564,0.9595996711021232,0.0,47.86757409105866,37.88805197200963,-13.361698503645597,16.42016009709084,139.2882969768187,1383.9982900218552,1.274,1.0300000015656,0.0,10.210345668907204,345.0001478400497,0.1408962301198267,1.4044118468796196e-05,-0.218507471225057,0.0672854113464953,0.0309185945817224,1.2279168992023566,9.946991450992993,47.75012914251924,2.007049531081166
7.57,31.220733074736007,131.0123571175527,144.93380084316402,-0.9842646398789248,-0.7505750099953455,1.7589185649143133,0.4397612925063126,1.1104505811546403,0.0,47.87941285556552,37.879413864862286,-13.491476552090786,16.419894723591703,139.28947856989373,1384.6965389440595,1.274,1.0300000015656,0.0,10.209150530044548,345.0001478400497,0.1409309147225732,1.402307172526294e-05,-0.2144990043526729,0.064318776725682,0.0303592046410883,1.2377739324733603,9.94255528039923,47.76151618080864,2.12609618916307
7.58,31.220730792790125,131.01236007622484,144.8310196387227,-0.9922049970268376,-0.7517669678993658,1.7851601308311391,0.5534770239516456,1.26198249066049,0.0,47.89143682697384,37.87076152625692,-13.61856187069882,16.41986295381706,139.2896524398836,1385.405819230218,1.274,1.0300000015656,0.0,10.207943659004613,345.0001478400497,0.1409661428010312,1.3999942088043243e-05,-0.2104571076200342,0.0613454935610413,0.0297949085258026,1.2448163857825607,9.939547359321756,47.773352935998,2.2551570489624604
7.59,31.22072851131199,131.01236303419265,144.72724015666935,-0.9978670512840196,-0.7512793629796333,1.811088543326092,0.6667864418884738,1.4138591594482517,0.0,47.9036457915935,37.86209699516375,-13.74293765206276,16.420068859308493,139.28881977351926,1386.1261271226535,1.274,1.0300000015656,0.0,10.206725054746425,345.0001478400497,0.1410019137229997,1.3974752484477456e-05,-0.2063905500617425,0.058372051542878,0.0292269373756132,1.2490405377329326,9.937956609396425,47.78563848683077,2.392413758865517
7.6,31.22072623030277,131.0123659914558,144.6224624052656,-1.0012484517816151,-0.7491203889066205,1.8366673898955803,0.7794432112533226,1.5657442593992783,0.0,47.91603951765204,37.85342236479742,-13.864592952495435,16.42051582451172,139.28698400957495,1386.8574579235762,1.274,1.0300000015656,0.0,10.20549471720326,345.0001478400497,0.1410382268031524,1.3947529615682089e-05,-0.2023081244429724,0.0554049198983786,0.0286565269131545,1.2504489966480452,9.937770482321111,47.79837131467399,2.5362243407310263
7.61,31.22072394976371,131.01236894801434,144.51668646929284,-1.0023518917450072,-0.7453019002712052,1.8618615480249296,0.8912028464662837,1.7173020709171876,0.0,47.92861775535391,37.84473977787896,-13.983522695961012,16.421206530565524,139.28415082963397,1387.599805996119,1.274,1.0300000015656,0.0,10.20425264730932,345.0001478400497,0.1410750813032168,1.3918303857269612e-05,-0.1982186282399944,0.0524505334362188,0.0280849148041686,1.2490506665360694,9.938975015232604,47.81154930816254,2.685125200123796
7.62,31.22072166969613,131.01237190386863,144.4099125140289,-1.0011850867019112,-0.7398393756105948,1.8866375006030056,1.0018232197035448,1.86819817824312,0.0,47.941380236886346,37.83605142171204,-14.099727665458175,16.422142942067868,139.2803281434034,1388.353164763459,1.274,1.0300000015656,0.0,10.20299884691966,345.0001478400497,0.1411124764319842,1.3887109156093516e-05,-0.1941308446506067,0.0495152786911424,0.0275133380175756,1.2448607019576106,9.9415548697669,47.82516976899964,2.8378187495697547
7.63,31.220719390101365,131.01237485901947,144.30214079319964,-0.997760741864238,-0.7327518726656064,1.910963641529684,1.1110650649169755,2.01810016252432,0.0,47.95432667658934,37.82735952307959,-14.2132144818992,16.423326296864172,139.2755260685856,1389.1175267166109,1.274,1.0300000015656,0.0,10.201733318876924,345.0001478400497,0.1411504113458093,1.3853982923334052e-05,-0.1900535236723114,0.0466054801965162,0.0269430301906094,1.237900451638758,9.945493355003167,47.83922941913557,2.9931548379106685
7.64,31.22071711098081,131.0123778134679,144.1933716380457,-0.9920965086965804,-0.7240619760795405,1.934810568838773,1.2186924767474845,2.166678291476829,0.0,47.96745677109456,37.81866634297778,-14.323995570553162,16.424757098882974,139.26975690533092,1389.8928834197602,1.274,1.0300000015656,0.0,10.200456066997983,345.0001478400497,0.1411888851490281,1.381896592416675e-05,-0.1859953632855928,0.0437273869129778,0.0263752190039819,1.2281973908171102,9.950772434620903,47.85372440909664,3.1501108089919763
7.65,31.22071483233592,131.01238076721552,144.08360546626793,-0.9842149308402895,-0.7137957375962303,1.9581513627520697,1.3244734034288288,2.313606204505802,0.0,47.98077019954728,37.80997417119668,-14.432089115144471,16.426435114026322,139.26303510531633,1390.6792255211487,1.274,1.0300000015656,0.0,10.199167096113996,345.0001478400497,0.1412278968946094,1.378210216425388e-05,-0.1819649907797714,0.0408871588407204,0.0258111235722733,1.2157850424068843,9.957372718978664,47.868650327570265,3.307772698564077
7.66,31.22071255416816,131.01238372026413,143.9728427691067,-0.9741433794325596,-0.701982609008188,1.9809618462123924,1.4281801328154564,2.458561592078462,0.0,47.99426662367793,37.80128532076135,-14.537518999720907,16.428359369101397,139.2553772355147,1391.476542756392,1.274,1.0300000015656,0.0,10.197866411896896,345.0001478400497,0.1412674455843498,1.3743438773272158e-05,-0.1779709442585114,0.0380908538428416,0.0252519518544947,1.2007028872000594,9.965273442958996,47.88400221197378,3.4653186621090657
7.67,31.22071027647904,131.01238667261592,143.8610841222753,-0.961913978190992,-0.6886553677708199,2.003220825568234,1.529589770552482,2.6012268682297126,0.0,48.00794568819016,37.79260212224858,-14.64031473842922,16.43052815376268,139.24680193673663,1392.2848239676775,1.274,1.0300000015656,0.0,10.196554021006207,345.0001478400497,0.1413075301700292,1.3703025885645834e-05,-0.1740216543619725,0.0353444147066687,0.0246988980900774,1.1829962634598288,9.974452430880929,47.899774560488005,3.6220049367952596
7.68,31.2207079992701,131.01238962427348,143.74833017602054,-0.9475635182451592,-0.6738500356752143,2.0249103092690794,1.628484709532298,2.741289834918424,0.0,48.02180702099662,37.78392691799143,-14.740511393358632,16.4329390254157,139.23732987704827,1393.1040571153414,1.274,1.0300000015656,0.0,10.195229931022295,345.0001478400497,0.1413481495541035,1.3660916518646534e-05,-0.1701254262420823,0.032653656469796,0.0241531402651135,1.1627162563628657,9.984886049698622,47.91596134502574,3.777154242123529
7.69,31.220705722542885,131.01239257523963,143.63458166307444,-0.9311333630250672,-0.6576057906398936,2.04601570259427,1.7246530896739165,2.8784443370279567,0.0,48.0358502335364,37.77526205618797,-14.838149480635527,16.435588817014306,139.2269837001846,1393.934229294435,1.274,1.0300000015656,0.0,10.193894150433048,345.0001478400497,0.1413893025906348,1.3617166447989852e-05,-0.1662904218273958,0.0300242540368064,0.0236158376139887,1.1399195779188618,9.996549152111074,47.93255602536077,3.930146350500503
7.7,31.22070344629896,131.01239552551775,143.51983938672817,-0.9126651463525794,-0.6399694432541368,2.066526294647244,1.8178908687685968,3.012389200778779,0.0,48.050065664001245,37.76660988586929,-14.93327486522184,16.438473647782224,139.21578796865768,1394.7747893308283,1.274,1.0300000015656,0.0,10.1925360648312,345.0001478400497,0.1414309608388138,1.3571834084686472e-05,-0.1625246469436114,0.0274617258110991,0.0230881243568427,1.1146676262593052,10.009412060153949,47.94954158917944,4.080410130635071
7.71,31.2207011705399,131.0123984751114,143.40410422381203,-0.8922104887541975,-0.6209845519988662,2.0864348071297294,1.907999316047066,3.1428319472727555,0.0,48.06445612412109,37.75797275291661,-15.02593864951476,16.44158893901382,139.2037690930125,1395.625909845843,1.274,1.0300000015656,0.0,10.191159375097058,345.0001478400497,0.1414731325727408,1.352498035242206e-05,-0.15883594709649,0.0249714098498502,0.0225711198278287,1.087028150428552,10.023447488097805,47.966914008484906,4.227418153345704
7.72,31.22069889526728,131.01240142402452,143.28737712569236,-0.8698264921762257,-0.6006962231717953,2.105737576163527,1.9947856359944995,3.269489227232538,0.0,48.0790270923048,37.74935298753789,-15.116197045458152,16.444929430005995,139.1909552662953,1396.4879186812611,1.274,1.0300000015656,0.0,10.1897708747789,345.0001478400497,0.1415158339156549,1.3476668525446464e-05,-0.1552319545882259,0.0225584869166822,0.0220659157769425,1.0570744332436934,10.038627249226083,47.98467167878187,4.370681901056932
7.73,31.220696620482656,131.0124043722613,143.16965910634173,-0.8455716838970982,-0.5791552306009751,2.124435007439093,2.078065326649474,3.392085373433912,0.0,48.09377811837055,37.74075290121448,-15.204111230695537,16.44848919405015,139.17737640338262,1397.3607996823444,1.274,1.0300000015656,0.0,10.188370575934908,345.0001478400497,0.1415590635405922,1.3426964113025448e-05,-0.1517200882925922,0.0202279542299404,0.0215735723446877,1.0248843358155466,10.054919452607386,48.00280617667836,4.509747529886768
7.74,31.22069434618762,131.01240731982637,143.05095125625706,-0.8195085471586951,-0.5564149674768786,2.1425314630194365,2.15766175159056,3.5103538543128288,0.0,48.10870873769788,37.73217478093357,-15.289747199205292,16.4522616590274,139.1630640672335,1398.244535936742,1.274,1.0300000015656,0.0,10.186958491420816,345.0001478400497,0.1416028200781709,1.3375934726315704e-05,-0.1483075406902663,0.017984612249206,0.0210951191181319,0.990540641294262,10.072290320691303,48.02130865277094,4.6441930931857245
7.75,31.220692072383702,131.01241026672454,142.93125472357264,-0.7917033717117808,-0.5325313214455196,2.160035282909252,2.233406521643074,3.624037845581409,0.0,48.123818471744,37.72362088305152,-15.373175601976358,16.45623963028053,139.14805139082523,1399.1391098015197,1.274,1.0300000015656,0.0,10.185534634889931,345.0001478400497,0.1416471021181192,1.332364994054965e-05,-0.1450012626093073,0.0158330545541109,0.020631552947469,0.9541309071336852,10.090704111276931,48.04016985174277,4.773626233853778
7.76,31.22068979907245,131.01241321296104,142.8105707240012,-0.7622260963674032,-0.5075625444673573,2.1769587751232167,2.3051398602330875,3.7328907832546494,0.0,48.139106828527325,37.715093427173485,-15.454471577843062,16.460415315501436,139.1323729953948,1400.0445029311795,1.274,1.0300000015656,0.0,10.18409902072554,345.0001478400497,0.1416919082106718,1.3270181155113315e-05,-0.1418079484959438,0.013777658180099,0.0201838358316602,0.9157473234947214,10.11012304306167,48.05938013325491,4.897682399209743
7.77,31.220687526255364,131.01241615854127,142.6889005308948,-0.7311501439330708,-0.4815691177000186,2.193318174189404,2.372710951446793,3.8366768967338496,0.0,48.15457330312702,37.70659459006936,-15.533714574837736,16.464780351464903,139.1160649052286,1400.9606963029676,1.274,1.0300000015656,0.0,10.1826516639598,345.0001478400497,0.1417372368680574,1.3215601451527308e-05,-0.1387340222474906,0.0118225744317254,0.0197528928776122,0.875486584530348,10.13050722677404,48.07892949363973,5.01602347305875
7.78,31.220685253933937,131.012419103471,142.56624547623866,-0.6985522490062264,-0.4546136115818652,2.2091335682748454,2.4359782698287127,3.9351717206443,0.0,48.17021737841719,37.69812649963964,-15.610988162440371,16.469325832433825,139.09916445925182,1401.887670258606,1.274,1.0300000015656,0.0,10.181192580435953,345.0001478400497,0.1417830865666437,1.315998544934543e-05,-0.1357856236379526,0.0099717201935014,0.0193396103374576,0.8334497824709993,10.151814603873202,48.09880758858772,5.128336740553906
7.79,31.22068298210961,131.0124220477562,142.4426069397179,-0.6645122787349514,-0.4267605417081061,2.224428795416193,2.494809891109726,4.028162583991976,0.0,48.18603852544906,37.68969122895084,-15.686379835124152,16.474042340055473,139.0817102196791,1402.825404524199,1.274,1.0300000015656,0.0,10.179721786537966,345.0001478400497,0.1418294557480635,1.3103409159981515e-05,-0.132968595366075,0.0082287697571582,0.0189448337279208,0.7897423392922378,10.174000894435371,48.11900375614879,5.234334118274125
7.8,31.220680710783824,131.0124249914031,142.31798636462133,-0.6291130472835598,-0.3980762204535616,2.239231309555399,2.5490837828746606,4.115449075446848,0.0,48.20203620420718,37.68129079035634,-15.759980807614856,16.4789199745653,139.06374187799503,1403.7738782519327,1.274,1.0300000015656,0.0,10.17823929932572,345.0001478400497,0.1418763428214401,1.3045949838482657e-05,-0.1302884707545272,0.00659714718317,0.0185693660362502,0.7444739989976529,10.197019556125417,48.139507040781325,5.333751595491122
7.81,31.22067843995793,131.01242793441816,142.1923852319997,-0.5924401241559036,-0.3686286049347392,2.2535720173749807,2.598688074413022,4.19684348337569,0.0,48.218209864187074,37.67292712972126,-15.831885802301718,16.48394838711344,139.04530015853828,1404.7330700523505,1.274,1.0300000015656,0.0,10.176745136440363,345.0001478400497,0.1419237461650785,1.2987685833271111e-05,-0.1277504621276821,0.0050800192133618,0.0182139660165086,0.6977589169574269,10.220821755606426,48.16030621780373,5.426348843333333
7.82,31.22067616963326,131.0124308768081,142.06580507458028,-0.5545816368879531,-0.3384871415443262,2.267485087151849,2.643521304911451,4.272171209412355,0.0,48.234558944990525,37.66460212076503,-15.902192829254254,16.489116813028165,139.02642671997103,1405.702958027848,1.274,1.0300000015656,0.0,10.175239316009703,345.0001478400497,0.1419716641282043,1.2928696433889925e-05,-0.1253594498941056,0.0036802887503968,0.0178793465801324,0.6497159062726459,10.245356353799629,48.181389818408086,5.511908957204263
7.83,31.22067389981108,131.01243381857984,141.9382474588767,-0.5156280686142196,-0.307722607332171,2.2810077310889265,2.6834926492076203,4.341271154383181,0.0,48.25108287708058,37.65631755954287,-15.971002959317802,16.494414105833062,139.00716405491448,1406.6835198135311,1.274,1.0300000015656,0.0,10.173721856715792,345.0001478400497,0.1420200950331982,1.2869061716797344e-05,-0.1231199723587092,0.0024005889185839,0.0175661732844809,0.6004689432495196,10.270569906204251,48.20274615533484,5.5902383047163795
7.84,31.22067163049264,131.01243675974044,141.80971400506832,-0.4756720508170665,-0.2764069487114717,2.2941799628172888,2.7185221204281915,4.403996075398597,0.0,48.26778108242173,37.64807515907746,-16.038420090776608,16.499828771836558,138.9875553880377,1407.6747326128288,1.274,1.0300000015656,0.0,10.17219277771382,345.0001478400497,0.1420690371774748,1.2808862389272647e-05,-0.1210362162877797,0.0012432777195177,0.0172750629227869,0.5501481127232841,10.296406679166749,48.22436334885879,5.661166456939415
7.85,31.22066936167912,131.01243970029722,141.6802063502242,-0.4348081517641015,-0.2446131177971893,2.3070443319633647,2.7485407488416014,4.460212913036712,0.0,48.28465297511212,37.63987654416113,-16.104550710088844,16.505349005117434,138.96764457288438,1408.676573234835,1.274,1.0300000015656,0.0,10.170652098523952,345.0001478400497,0.1421184888353137,1.2748179631512344e-05,-0.1191120082488912,0.0002104332944963,0.0170065822188822,0.498891328428541,10.322808682897309,48.24622935314449,5.7245461852715
7.86,31.22066709337162,131.01244264025755,141.5497261791164,-0.3931326611892635,-0.2124149066424546,2.3196456378714534,2.773490736291554,4.509803087635879,0.0,48.30169796220356,37.63172324634216,-16.169503647212892,16.510962722735023,138.94747598772463,1409.6890181373064,1.274,1.0300000015656,0.0,10.169099839125987,345.0001478400497,0.1421684482603055,1.2687094937017063e-05,-0.1173508067458858,-0.0006961501954402,0.0167612466297575,0.4468474837974162,10.349715721849162,48.26833198312501,5.780253509911242
7.87,31.22066482557121,131.01244557962903,141.4182751934074,-0.3507433714843662,-0.1798867799413686,2.332030624756667,2.793325585739665,4.552662763690783,0.0,48.31891544429742,37.62361669910898,-16.233389826057365,16.51665760000064,138.92709443071485,1410.7120434628127,1.274,1.0300000015656,0.0,10.167536019783588,345.0001478400497,0.1422189136870672,1.26256899513894e-05,-0.1157556951673543,-0.0014749660623001,0.0165395192588085,0.3941823968972601,10.377065462686796,48.290658941402015,5.8281877888969404
7.88,31.22066255827887,131.01244851841943,141.28585512755336,-0.3077322904823809,-0.1471105806866606,2.3442481822994727,2.808012890711886,4.588700213959217,0.0,48.336290583275,37.61555823550832,-16.29632201142423,16.522421106063934,138.9065450131837,1411.7447936792348,1.274,1.0300000015656,0.0,10.165944167387314,345.0001478400497,0.1422698414409368,1.2564046316658823e-05,-0.1143293857360154,-0.0021248074623251,0.0163418065241823,0.3410871991977406,10.404789473715027,48.31318253268702,5.868271090211143
7.89,31.22066029149554,131.01245145663648,141.15246773290238,-0.2642048793551742,-0.1141563364578991,2.3563477938803787,2.8175281888972066,4.617842667137471,0.0,48.35383356941213,37.60754908394944,-16.35841455889138,16.528240542624104,138.88587304084174,1412.787874606897,1.274,1.0300000015656,0.0,10.16433679132528,345.0001478400497,0.1423212615143264,1.2502245503978924e-05,-0.1130742180162299,-0.0026447732652894,0.0161684712528156,0.2878120828974813,10.432824612493052,48.33590194587708,5.900450060748808
7.9,31.22065802522204,131.01245439428808,141.01811478067572,-0.2202637681745145,-0.0810978822493673,2.368379965601952,2.821858905960985,4.640032314165081,0.0,48.37154711927533,37.599590357280526,-16.419783150394313,16.534103076779616,138.86512391479874,1413.841456166795,1.274,1.0300000015656,0.0,10.162717769237185,345.0001478400497,0.1423731819019171,1.2440368623585467e-05,-0.1119921171775573,-0.0030342348107673,0.0160198153833778,0.2347188992733178,10.461103696994924,48.35880829797407,5.92469503207652
7.91,31.220655759459174,131.0124573313823,140.8827980500411,-0.1760105420073045,-0.0480106605897612,2.38039589207243,2.8210045297034343,4.655226279079787,0.0,48.389430615823926,37.59168305321946,-16.480544525975223,16.53999577272584,138.84434303515843,1414.9055136798872,1.274,1.0300000015656,0.0,10.16108712266172,345.0001478400497,0.1424256007864593,1.2378496279572222e-05,-0.1110846124387948,-0.00329285747313,0.0158960840164134,0.1824410238332189,10.48955689710521,48.38188911977633,5.941000157299917
7.92,31.220653494207657,131.0124602679271,140.74651934202845,-0.1315471608883168,-0.0149699384964406,2.3924469986300734,2.8149761060601146,4.663397250803829,0.0,48.40748343924032,37.583828050839024,-16.54081621815532,16.54590562514062,138.82357569699894,1415.9800223589805,1.274,1.0300000015656,0.0,10.159444873219742,345.0001478400497,0.142478516342525,1.2316708404261948e-05,-0.1103528352862398,-0.003420601848221,0.0157974661968755,0.1323962016173868,10.518112846775177,48.40513196682682,5.949383752772057
7.93,31.22065122946812,131.01246320393057,140.60928044871756,-0.0869757309315798,0.0179493617636083,2.4045845799934007,2.8037962119018704,4.664533541787347,0.0,48.42570496773163,37.576026107239294,-16.600716284900894,16.551819591872025,138.80286698718174,1417.0649573537137,1.274,1.0300000015656,0.0,10.157791042641636,345.0001478400497,0.1425319267388722,1.2255084091470609e-05,-0.1097975175897087,-0.0034177233626052,0.0157240945383879,0.0888085418855533,10.54669881394522,48.428524446838175,5.949888516827566
7.94,31.22064896524113,131.0124661394008,140.4710831770937,-0.0423982753912661,0.0506728308038508,2.416859439402673,2.78749890130087,4.658639110882818,0.0,48.44409457816525,37.56827785450985,-16.66036304172634,16.557724625811975,138.7822616823254,1418.1602937874677,1.274,1.0300000015656,0.0,10.156125652603036,345.0001478400497,0.142585830140301,1.219370142975996e-05,-0.1094189906083771,-0.0032847712291638,0.0156760449711807,0.0660707883227272,10.57524088507461,48.4520542467771,5.942581765531747
7.95,31.22064670152717,131.01246907434592,140.33192933115626,0.0020834936032194,0.083126738972661,2.429321531135152,2.766129625296383,4.645733550399393,0.0,48.462651646984405,37.56058379699265,-16.719874793531186,16.563607705877434,138.76180414818094,1419.266006810159,1.274,1.0300000015656,0.0,10.1544487248891,345.0001478400497,0.1426402247103414,1.2132637336013546e-05,-0.1092171848894318,-0.0030225867514695,0.0156533366146145,0.0831528452605026,10.603664163339651,48.47570916002723,5.927555687371119
7.96,31.22064443832665,131.01247200877398,140.19182070496143,0.0463684024673134,0.1152382012468338,2.442019609275527,2.7397451254360754,4.625852037231102,0.0,48.481375550765726,37.552944308854336,-16.779369566771404,16.569455867033998,138.7415382406352,1420.382071629405,1.274,1.0300000015656,0.0,10.152760281148067,345.0001478400497,0.1426951086128961,1.2071967389697618e-05,-0.1091916310598736,-0.0026323009803682,0.0156559317745161,0.1242170232879109,10.631892979141014,48.49947711288393,5.904927619775883
7.97,31.22064217563996,131.012474942693,140.05075908759284,0.0903560419149934,0.1469353400997931,2.455000885525848,2.708413301249045,4.599045248283237,0.0,48.50026566706483,37.54535963197617,-16.83896484256466,16.57525622930814,138.72150720855987,1421.5084635594255,1.274,1.0300000015656,0.0,10.151060342987096,345.0001478400497,0.1427504800147232,1.2011765668194134e-05,-0.1093414615098875,-0.0021153317279084,0.015683736065719,0.1724940305729805,10.659851111821215,48.52334619101642,5.874840351368883
7.98,31.22063991346732,131.012477876111,139.90874625322195,0.1339469908226739,0.178147445720121,2.468310698797637,2.672213052082884,4.565379240328163,0.0,48.51932137501917,37.53782987417079,-16.89877729132902,16.580996025748785,138.7017535987136,1422.6451580564765,1.274,1.0300000015656,0.0,10.149348931794266,345.0001478400497,0.1428063370871949,1.1952104583617764e-05,-0.1096654129641,-0.0014733799452681,0.0157365986595119,0.2228861838457696,10.687462021092411,48.547304665267575,5.837462454657876
7.99,31.22063765180893,131.01248080903588,139.76578396607826,0.1770430374654179,0.2088051334538114,2.4819921991925105,2.631234093640664,4.524935294715753,0.0,48.53854205619913,37.53035500772983,-16.958922509551112,16.586662629308467,138.68231916289403,1423.792130767377,1.274,1.0300000015656,0.0,10.147626068861795,345.0001478400497,0.1428626780088077,1.1893054721549831e-05,-0.1101618299347686,-0.000708425472657,0.0158143126556946,0.2737584375104133,10.714649086889349,48.57134101726198,5.792988654723382
8.0,31.22063539066492,131.01248374147548,139.62187396553963,0.2195473978880882,0.2388404978803474,2.4960860488795773,2.5855767497916617,4.477809727302454,0.0,48.557927095225565,37.522934868311744,-17.01951475927699,16.592243578628782,138.66324476752695,1424.9493575655622,1.274,1.0300000015656,0.0,10.145891775249144,345.0001478400497,0.1429195009669899,1.1834684682144355e-05,-0.1108286690488339,0.0001772778293995,0.0159166155783798,0.3244157273510363,10.74133585605316,48.5954439642473,5.741640240070685
8.01,31.220633130035303,131.0124866734375,139.47701797507983,0.2613649308284669,0.2681872632782862,2.510630142212233,2.535351720194289,4.424113664176538,0.0,48.57747588036242,37.51556915417165,-17.080666710911935,16.597726602723753,138.64457030586863,1426.116814585458,1.274,1.0300000015656,0.0,10.144146071632354,345.0001478400497,0.142976804159841,1.1777060924078192e-05,-0.111663504238935,0.0011812075563392,0.0160431899946049,0.3744803551065097,10.767446294415468,48.6196024833388,5.683665522321868
8.02,31.22063086992009,131.01248960492956,139.3312176794057,0.302402348538957,0.2967809303010059,2.525659347251747,2.4806798243078667,4.363972783890134,0.0,48.59718780442363,37.50825742573901,-17.142489189909895,16.60309964456726,138.62633461298594,1427.2944782757338,1.274,1.0300000015656,0.0,10.142388978536864,345.0001478400497,0.143034585798792,1.1720247611833413e-05,-0.1126635327862143,0.0023005788311921,0.0161936642545643,0.4237042401677116,10.792905042857267,48.64380583547774,5.619340351644669
8.03,31.22062861031915,131.01249253595904,139.18447474831413,0.342571668013667,0.3245560156659708,2.541205483110321,2.421692800671554,4.297525885497647,0.0,48.617056162431126,37.500999105917,-17.20509092794535,16.608350883610623,138.60857538363203,1428.4819667960655,1.274,1.0300000015656,0.0,10.140613381042291,345.0001478400497,0.1430928261478097,1.1664306467715038e-05,-0.1138255835573512,0.0035323496780241,0.0163676114920846,0.4719011547107783,10.817636165774536,48.66803702951455,5.548968378422852
8.04,31.220626351232315,131.0124954665332,139.0367908098542,0.3817879048415765,0.3514484998626732,2.5572971374490203,2.358533162994866,4.224924397690942,0.0,48.63707291871373,37.493793485757706,-17.268578323697852,16.613468759707743,138.5913290848908,1429.678819510658,1.274,1.0300000015656,0.0,10.138810577620072,345.0001478400497,0.1431515015543296,1.1609296640556638e-05,-0.1151461501699102,0.0048732042179475,0.0165645557702684,0.5189183213419042,10.84156467901911,48.69227797379341,5.472881644650804
8.05,31.220624092659367,131.0124983966592,138.8881674552985,0.4199573987808567,0.3774064820928957,2.5739584287353807,2.291348481910859,4.146337738871992,0.0,48.65725093106449,37.4866397152854,-17.3330552100303,16.618441996507467,138.57463087052312,1430.8858039190147,1.274,1.0300000015656,0.0,10.136996297384709,345.0001478400497,0.1432106498606335,1.1555274531543529e-05,-0.1166213556102567,0.0063196018570061,0.0167839744763248,0.5646213941938625,10.864622188426829,48.71653337394546,5.391442896220567
8.06,31.22062183459999,131.0125013263439,138.73860624510613,0.4569962679879991,0.4023739658208251,2.591210032247517,2.2202970470039767,4.061946577021868,0.0,48.67758961687348,37.4795368065817,-17.398622613096663,16.623259616254956,138.5585145243221,1432.1028980791807,1.274,1.0300000015656,0.0,10.135170559379208,345.0001478400497,0.1432702693502224,1.1502293671659608e-05,-0.1182469675140453,0.0078677799462846,0.0170252888482058,0.6088899440343103,10.886738638400352,48.74079385209288,5.305044618354725
8.07,31.220619577053814,131.01250425559397,138.5881086840736,0.4928234641898894,0.4262973931818195,2.6090686875163924,2.1455456570713567,3.9719443721440655,0.0,48.6980884010279,37.47248363707481,-17.46537852551968,16.627910957591745,138.54301239349402,1433.330080538026,1.274,1.0300000015656,0.0,10.133333382119517,345.0001478400497,0.1433303583285607,1.1450404601927908e-05,-0.1200184192135225,0.0095137522288078,0.0172878713546063,0.6516133459062081,10.90784593388926,48.76505042114365,5.214110439774285
8.08,31.22061732002041,131.01250718441585,138.43667625016155,0.5273609506673425,0.449125761321253,2.627547102644964,2.067269239374105,3.876536935440688,0.0,48.7187467165266,37.465478951233074,-17.533417688003837,16.632385693157232,138.52815532325877,1434.5673303647584,1.274,1.0300000015656,0.0,10.131484783622293,345.0001478400497,0.1433909151249141,1.1399654751492108e-05,-0.1219308205306442,0.0112533181532446,0.0175710471218517,0.6926888374401282,10.92787818888579,48.78929450366168,5.1190960624426864
8.09,31.22061506349929,131.01251011281573,138.2843103547346,0.5605338733573884,0.4708107326583381,2.646653889303936,1.98565045131156,3.775941961674517,0.0,48.73956400491637,37.45852136260802,-17.602831378588206,16.636673846361163,138.5139725950914,1435.814627178609,1.274,1.0300000015656,0.0,10.129624781252303,345.0001478400497,0.1434519380936098,1.1350088322638325e-05,-0.1239789692848629,0.013082072661461,0.017874095465714,0.7320204213622633,10.946771968835346,48.81351794960019,5.020490237267258
8.1,31.22061280748992,131.01251304079955,138.13101236939963,0.592270724506512,0.4913067389977827,2.666393528735775,1.900879265471626,3.670388535971047,0.0,48.7605397168923,37.45160935622275,-17.673707210014594,16.64076580738576,138.50049186868867,1437.071951184097,1.274,1.0300000015656,0.0,10.127753391791805,345.0001478400497,0.1435134256158052,1.130174618325948e-05,-0.1261573634895732,0.0149954164278416,0.0181962515248982,0.7695182422427299,10.964466525814036,48.83771305322924,4.918815755542349
8.11,31.220610551991687,131.01251596837304,137.9767836091085,0.6225034986562522,0.5105710791305766,2.6867663688492107,1.8131525391238288,3.560116616256022,0.0,48.78167331277663,37.444741291301405,-17.74612893566934,16.64465234848037,138.4877391277329,1438.339283200344,1.274,1.0300000015656,0.0,10.125870631398913,345.0001478400497,0.1435753761008858,1.12546657672499e-05,-0.1284602142093928,0.0169885665276907,0.0185367079925672,0.805098239554263,10.980904025243658,48.86187256891589,4.8146304086869005
8.12,31.220608297003967,131.01251889554146,137.82162533215777,0.6511678405939146,0.5285640097300391,2.707768652219872,1.7226735691926072,3.445376492603733,0.0,48.802964262911736,37.4379154043355,-17.820176264535164,16.64832463860961,138.4757386295182,1439.6166046835451,1.274,1.0300000015656,0.0,10.12397651549666,345.0001478400497,0.143637787987633,1.120888098330259e-05,-0.1308814590492632,0.0190565675109586,0.018894616942128,0.8386819660925817,10.99602976305495,48.88598972576304,4.708527845911695
8.13,31.220606042526047,131.01252182230988,137.66553874018885,0.6782031848204728,0.5452488294469194,2.729392574544259,1.6296516337314095,3.326428224827967,0.0,48.824412048165726,37.43112981247925,-17.89592468557198,16.65177425751915,138.46451285849335,1440.9038977590378,1.274,1.0300000015656,0.0,10.12207105882846,345.0001478400497,0.1437006597456899,1.1164422132558926e-05,-0.1334147762450858,0.0211943028566769,0.0192690917434737,0.8701965070055998,11.00979237232512,48.910058241290734,4.601138229637633
8.14,31.220603788557234,131.01252474868312,137.5085249752073,0.703552886334209,0.5605919559241848,2.751626372861239,1.5343015210024236,3.203541059589257,0.0,48.84601616033768,37.42438251726814,-17.973445301921917,16.6549932092802,138.45408248376938,1442.2011452451727,1.274,1.0300000015656,0.0,10.120154275430377,345.0001478400497,0.1437639898767589,1.1121315835536892e-05,-0.1360535993244836,0.0233965067826335,0.0196592090654213,0.8995744602960503,11.02214401838666,48.9340723339041,4.493128550759494
8.15,31.22060153509672,131.0125276746655,137.35058511560473,0.7271643424091154,0.5745629955930388,2.774454442594984,1.4368430472165417,3.076992828362989,0.0,48.86777610250872,37.417671408652005,-18.05280467531241,16.657973935371977,138.44446632062886,1443.5083306734757,1.274,1.0300000015656,0.0,10.11822617857564,345.0001478400497,0.1438277769156477,1.1079584968736196e-05,-0.1387911323048847,0.0256577763843301,0.0200640109600551,0.9267539543857574,11.033040581537104,48.95802673417274,4.385202419748355
8.16,31.22059928214372,131.0125306002612,137.1917201781494,0.7489891050737685,0.5871348061158411,2.7978574822380646,1.3375005640089384,2.9470693276030384,0.0,48.889691389362696,37.41099426933518,-18.1340646810088,16.660709327359474,138.4356812960688,1444.8254383116684,1.274,1.0300000015656,0.0,10.116286780719188,345.0001478400497,0.1438920194311727,1.103924861128822e-05,-0.1416203653954898,0.0279725840762162,0.0204825070246243,0.9516786870522004,11.042441826551844,48.98191669492539,4.27809909554914
8.17,31.220597029697384,131.01253352547383,137.03193111003287,0.7689881531543744,0.5982792448939204,2.821813007450956,1.2365041584953425,2.814061849079548,0.0,48.91175236090986,37.40434878031688,-18.2172823737478,16.663192739277036,138.42774241821138,1446.1519099490483,1.274,1.0300000015656,0.0,10.114325256159402,345.0001478400497,0.1439566889892068,1.1000322003924531e-05,-0.1445340944676384,0.030335287248804,0.0209136731856262,0.9742994108380476,11.050309536443118,49.005728137154094,4.172590954483879
8.18,31.22059477775687,131.0125364503068,136.87121879085927,0.7871234095221901,0.6079744350651306,2.846295220451309,1.1340875269316193,2.6782682473475967,0.0,48.93395547105443,37.397732531790815,-18.30250987135642,16.66541800335188,138.4206627381687,1447.4875481072545,1.274,1.0300000015656,0.0,10.112337946296693,345.0001478400497,0.1440217751500312,1.0962816527766158e-05,-0.1475249649825052,0.0327401159766898,0.021356464223776,0.9945717276626936,11.056611094617262,49.02945407983261,4.069480532630204
8.19,31.220592526321266,131.01253937476315,136.70958403463166,0.8033526024675325,0.6162090390014369,2.871274497794153,1.0304838135513616,2.539996224232008,0.0,48.95631245536076,37.39114301550102,-18.38979424710269,16.667379443987095,138.41445332092812,1448.8330595075097,1.274,1.0300000015656,0.0,10.110339222379146,345.0001478400497,0.1440873124505559,1.092673964548922e-05,-0.1505854335075944,0.0351812377366868,0.0218098124559546,1.0124544928846495,11.061321518789075,49.053104478889225,3.9695963208854477
8.2,31.22059027538967,131.0125422988454,136.5470275827954,0.8176448063889779,0.6229694172113986,2.8967186990699765,0.9259304069769602,2.3995569242779453,0.0,48.978822878436674,37.38457763454972,-18.47917742029065,16.66907188397096,138.40912324437437,1450.1884315518491,1.274,1.0300000015656,0.0,10.108329093693015,345.0001478400497,0.1441532996060439,1.0892094909360336e-05,-0.1537078010323619,0.0376527558666826,0.0222726206809777,1.0279141884151426,11.064417534870254,49.076676757600886,3.8737836507678653
8.21,31.22058802496117,131.0125452225558,136.3835501042377,0.8299736650211296,0.6282453793128054,2.922593067805301,0.8206666474542742,2.257266141211334,0.0,49.00148631775684,37.3780337107298,-18.570696067433865,16.670490655285867,138.4046795868996,1451.5536524572317,1.274,1.0300000015656,0.0,10.106307568611388,345.0001478400497,0.1442197353694885,1.0858881968609002e-05,-0.1568842394791017,0.040148714898809,0.0227437710378245,1.0409231160627883,11.065880379182698,49.10016889370755,3.782894978516658
8.22,31.22058577503483,131.01254814589612,136.2191522022455,0.8403174434752331,0.6320302002216251,2.948860505651212,0.7149332951253617,2.113443619535181,0.0,49.024302363853806,37.37150849047877,-18.66438154646889,16.671631610245043,138.40112741745935,1452.928711267775,1.274,1.0300000015656,0.0,10.104274654622255,345.0001478400497,0.1442866185321772,1.0827096582014249e-05,-0.1601068096736094,0.0426631142194658,0.0232221275310251,1.0514594322408672,11.065695875867034,49.12357942212774,3.6977766064518143
8.23,31.220583525609715,131.0125510688679,136.05383439860253,0.8486590696482244,0.6343206284371695,2.975481860523935,0.6089719954524421,1.9684123477213409,0.0,49.04727062046187,37.36499915105775,-18.760259833274624,16.672491132464398,138.39846978968086,1454.3135978644195,1.274,1.0300000015656,0.0,10.102230358342618,345.0001478400497,0.1443539479241149,1.0796730642009042e-05,-0.1633674795615397,0.0451899218291379,0.0237065385985834,1.0595071733619388,11.063854497427116,49.146907436389824,3.6192521830088253
8.24,31.22058127668488,131.01255399147212,135.88759714551557,0.8549861649369698,0.6351168863835693,3.002416226180713,0.5030247428333797,1.822497844322409,0.0,49.07039070455476,37.35850280694184,-18.8583514706418,16.673066147674348,138.39670774000234,1455.7083029675523,1.274,1.0300000015656,0.0,10.100174685448176,345.0001478400497,0.144421722414143,1.0767772210337584e-05,-0.1666581426310624,0.0477230881717674,0.0241958397169598,1.0650562710101406,11.060351408140452,49.17015258871383,3.548103081886947
8.25,31.220579028259376,131.01255691370935,135.7204408226334,0.8592910640814653,0.6344226628963316,3.029621250627111,0.3973333434080013,1.6760274383630542,0.0,49.0936622464554,37.35201651640808,-18.95867152980985,16.673354134366555,138.39584028981733,1457.1128181465103,1.274,1.0300000015656,0.0,10.098107640729571,345.0001478400497,0.1444899409102426,1.0740205565233498e-05,-0.169970636502214,0.0502565600030559,0.0246888560377721,1.0681025562314534,11.055186490184116,49.19331508893635,3.4850461520876572
8.26,31.22057678033228,131.01255983557988,135.55236573207617,0.8615708242484992,0.6322450977487811,3.057053450715857,0.2921388781158369,1.5293295452990112,0.0,49.11708488974429,37.345537288304335,-19.0612295846596,16.673353134262136,138.3958644515932,1458.5271358136847,1.274,1.0300000015656,0.0,10.09602922795188,345.0001478400497,0.1445586023592835,1.0714011260052977e-05,-0.1732967616426285,0.0527842942672529,0.0251844050503762,1.06864775253977,11.048364352289362,49.2163957019884,3.430709807425424
8.27,31.220574532902656,131.01256275708343,135.38337210340677,0.8618272230360541,0.6285947584941796,3.084668530232208,0.1876811669331029,1.38273293997138,0.0,49.14065829147617,37.33906208898466,-19.16602969862258,16.673061762578676,138.39677523892902,1459.951249240302,1.274,1.0300000015656,0.0,10.093939450121546,345.0001478400497,0.1446277057476435,1.0689166193230409e-05,-0.1766283001692803,0.0553002719516804,0.025681299265056,1.0666994572710349,11.039894320970232,49.23939574447941,3.3856099221718083
8.28,31.220572285969613,131.01256567821943,135.21346008965207,0.8600667458696181,0.6234856093019367,3.112421698804708,0.0841982354337496,1.2365660277469583,0.0,49.16438212189971,37.33258784939444,-19.27307042433833,16.672479218063113,138.3985656805141,1461.3851525403593,1.274,1.0300000015656,0.0,10.091838309205396,345.0001478400497,0.1446972501003923,1.0665643689386517e-05,-0.1799570346953742,0.0577985118884315,0.026178348910593,1.0622711112763268,11.029790414151956,49.26231707953117,3.3501274177288294
8.29,31.22057003953225,131.01256859898683,135.04262977326914,0.8563005623216867,0.6169349722568835,3.1402679889343426,-0.0180742154604179,1.0911561153455496,0.0,49.18825606453316,37.32611147228957,-19.38234481606373,16.671605292750147,138.40122683794385,1462.8288406758816,1.274,1.0300000015656,0.0,10.089725806313291,345.0001478400497,0.1447672344815204,1.0643413591355669e-05,-0.1832747671816347,0.0602730844724414,0.0266743646409454,1.0553819567709255,11.018071297440358,49.28516211078829,3.324489643185287
8.3,31.220567793589726,131.01257151938424,134.8708811591858,0.8505550134741082,0.6089552391142184,3.168163305952732,-0.1188997849089813,0.9468246306773598,0.0,49.21226199564271,37.319629843254816,-19.49384045587528,16.670440381996254,138.40474782554247,1464.2812489819528,1.274,1.0300000015656,0.0,10.087580731488991,345.0001478400497,0.1448376055459821,1.0622442369681087e-05,-0.1865733514399154,0.0627181132749654,0.0271681524003905,1.0460607408101452,11.004756485851692,49.30791466007317,3.308756983112248
8.31,31.22056554814118,131.0125744394097,134.69821418573468,0.8428431667842303,0.5995761567479491,3.196063086716177,-0.2180498566755679,0.803895419191428,0.0,49.23641212707565,37.31313983947541,-19.607539502730063,16.668985499888297,138.40911581679012,1465.743116851463,1.274,1.0300000015656,0.0,10.085417921896555,345.0001478400497,0.1449083992301023,1.060269323187592e-05,-0.1898447214979882,0.0651277803503188,0.0276585437192125,1.034335651605974,10.989876413637637,49.33059161062741,3.3028189231719827
8.32,31.22056330318581,131.01257735906103,134.52462871173108,0.8331868796395497,0.5888272671408554,3.2239235071253844,-0.3152996833456738,0.6626890598080307,0.0,49.26071141667399,37.30663832409064,-19.723418738537205,16.66724228544043,138.41431608099003,1467.214753123555,1.274,1.0300000015656,0.0,10.083243601408252,345.0001478400497,0.1449796301204463,1.0584126216499192e-05,-0.193080852276298,0.0674963902924329,0.0281443699706675,1.020241876621445,10.973464374032336,49.35320255939416,3.306395841411426
8.33,31.220561058722865,131.01258027833552,134.35012452641303,0.821615577283919,0.5767388111685701,3.2517019344956486,-0.4104280848564198,0.5235212016815103,0.0,49.28515959972942,37.30012216164962,-19.841449623397818,16.665213006365292,138.4203320290359,1468.6961560709503,1.274,1.0300000015656,0.0,10.081057767405712,345.0001478400497,0.1450512974328209,1.0566698350175172e-05,-0.1962738105684412,0.0698183545677088,0.0286244706097159,1.0038212056812563,10.955556858669889,49.37575199045511,3.3190497333200213
8.34,31.220558814751577,131.01258319723016,134.1747013544104,0.8081630910630418,0.5633440812436507,3.2793570252645026,-0.503218777845915,0.3867027953248265,0.0,49.309756423988695,37.29358822601253,-19.961598370662347,16.662900566438704,138.42714525005078,1470.18732477351,1.274,1.0300000015656,0.0,10.078860416516358,345.0001478400497,0.1451234004195501,1.055036379030668e-05,-0.1994157752949797,0.072088202601975,0.0290976989661099,0.9851208498239132,10.936194532811289,49.3982448795956,3.340202192897972
8.35,31.22055657127128,131.01258611574144,133.9983588438164,0.792867571856497,0.54867933847422,3.3068489783368222,-0.5934608651850867,0.2525393899445134,0.0,49.33450164924297,37.28703340800888,-20.08382603427477,16.660308512228568,138.43473555136055,1471.6882590942748,1.274,1.0300000015656,0.0,10.07665154445688,345.0001478400497,0.1451959383682774,1.0535073975080417e-05,-0.2024990555159902,0.074300594361773,0.0295629248810252,0.964193334455088,10.915422091722109,49.42068668091208,3.369157477398031
8.36,31.22055432828132,131.01258903386557,133.82109658308707,0.7757713934491751,0.532783723119476,3.334139770140192,-0.6809493152334891,0.1213304401382851,0.0,49.35939504705436,37.280454623108405,-20.208088608086687,16.657441039024125,138.44308100194175,1473.1989596660644,1.274,1.0300000015656,0.0,10.07443114607592,345.0001478400497,0.1452689106011435,1.0520777781429012e-05,-0.2055161081611445,0.0764503326430003,0.0300190373116163,0.941096384044331,10.893288101849654,49.44308331250454,3.4051286396333986
8.37,31.220552085781097,131.01259195159827,133.6429140871223,0.7569210461426127,0.5156991584776048,3.3611933696259464,-0.7654854298030683,-0.0066313766083429,0.0,49.38443640048645,37.273848819083646,-20.3343371369168,16.654302995863297,138.4521579792798,1474.7194278742857,1.274,1.0300000015656,0.0,10.072199215439456,345.0001478400497,0.1453423164740226,1.0507421690365275e-05,-0.2084595554366441,0.0785323750389942,0.0304649468973564,0.9158927997100804,10.869844827358571,49.46544114114136,3.447264536761566
8.38,31.220549843770087,131.012594868935,133.46381081018967,0.7363670209372056,0.4974702483510546,3.387975931642731,-0.8468772997953697,-0.1310608302065219,0.0,49.40962550369873,37.26721298364711,-20.462517839102933,16.650899889551862,138.46194121957006,1476.249665836396,1.274,1.0300000015656,0.0,10.069955745788103,345.0001478400497,0.1454161553753018,1.0494949959046613e-05,-0.2113222018693076,0.080541845560231,0.0308995884824314,0.8886503315009319,10.84514804264538,49.48776696577861,3.4946758097874473
8.39,31.220547602247805,131.01259778587075,133.28378614393523,0.7141636844523191,0.478144168391228,3.414455967316065,-0.9249402475377658,-0.2516807945250308,0.0,49.434962161571086,37.26054415204415,-20.59257224026638,16.647237887563193,138.4724038711933,1477.7896763789552,1.274,1.0300000015656,0.0,10.067700729565594,345.0001478400497,0.1454904267247982,1.048330479891964e-05,-0.2140970509484122,0.0824740458786176,0.0313219235882958,0.8594415477010221,10.819256831591574,49.51006800014681,3.5464584075649697
8.4,31.22054536121381,131.01260070240028,133.1028394223528,0.6903691448847648,0.4577705515493687,3.440604490285564,-0.99949725482157,-0.3682228887487659,0.0,49.460446189337546,37.253839414584846,-20.724437317982783,16.64332381970608,138.48351755139416,1479.3394630166226,1.274,1.0300000015656,0.0,10.065434158489904,345.0001478400497,0.1455651299726858,1.0472426559247733e-05,-0.2167773213263231,0.084324466170164,0.0317309428307218,0.8283437044322614,10.7922333743427,49.5323518544192,3.6017137749642916
8.41,31.22054312066776,131.01260361851791,132.92096991780843,0.6650465872663854,0.4364002663239409,3.466395224195905,-1.070378967535819,-0.4804286062906525,0.0,49.48607500865685,37.24709592409364,-20.858045657025784,16.639165178444948,138.49525240608924,1480.8988860770785,1.274,1.0300000015656,0.0,10.063153140665692,345.0001478400497,0.1456402575245809,1.0462253915308642e-05,-0.2193564625400746,0.0860887955302212,0.0321256667153544,0.7954392514742517,10.76414220378144,49.55462393940045,3.659565360833661
8.42,31.220540880609327,131.01260653421767,132.7381768479975,0.6382733780196032,0.4140784505108076,3.491805474323929,-1.1374204737512394,-0.5880544520359142,0.0,49.51182862673004,37.24031091237332,-20.99332561893636,16.634770120043402,138.50757716633615,1482.466762812266,1.274,1.0300000015656,0.0,10.06083385415676,345.0001478400497,0.145715750534442,1.045272407451763e-05,-0.2218282031701981,0.0877629054745915,0.0325051428063685,0.7608198048634248,10.73504672719591,49.576871351436445,3.7191717953310937
8.43,31.220538641038303,131.0126094494933,132.55445937495037,0.6101043373520612,0.3908715690893345,3.5168137876550727,-1.2004730344153005,-0.6908584655485088,0.0,49.53772903819,37.233481685619154,-21.13020153012518,16.63014746898624,138.52045919443427,1484.044423682014,1.274,1.0300000015656,0.0,10.058502833983075,345.0001478400497,0.1457916737274213,1.0443772942711512e-05,-0.2241865272157178,0.08934289073766,0.0328684811570814,0.7245702943651787,10.705021811307049,49.599126524448806,3.7797354593700256
8.44,31.220536401954504,131.0126123643382,132.36981661795383,0.5806109971462248,0.3668378567999321,3.541402141218976,-1.259394250957095,-0.7886133251978134,0.0,49.56377609529208,37.22660562817576,-21.26859385418556,16.625306706693337,138.5338645722899,1485.6318746818672,1.274,1.0300000015656,0.0,10.056160068901644,345.0001478400497,0.1458680266621856,1.0435335320038972e-05,-0.2264256663586602,0.0908250954579746,0.0332148117372097,0.6867856556771632,10.674139689995714,49.621398457409725,3.840509599239882
8.45,31.220534163357847,131.0126152787455,132.18424763764693,0.5498678379833692,0.3420373532206811,3.565555358766279,-1.314051280386636,-0.88110337661819,0.0,49.58996965834854,37.219680215524576,-21.408419381425112,16.620257962979505,138.54775817951776,1487.2291223631776,1.274,1.0300000015656,0.0,10.053805547193807,345.0001478400497,0.1459448089210066,1.0427345117421973e-05,-0.2285401403991942,0.0922060997237313,0.0335433046509605,0.6475651307318792,10.642474473333648,49.64369644104306,3.9008023462104133
8.46,31.220531925248302,131.01261819270803,131.99775145689506,0.517952108876853,0.3165317583519363,3.589261101462617,-1.3643211569337788,-0.9681251518690804,0.0,49.616309594943935,37.21270302105636,-21.54959143106723,16.615012007894418,138.5621037677942,1488.836173786819,1.274,1.0300000015656,0.0,10.051439256405784,345.0001478400497,0.1460220201074553,1.0419735556870427e-05,-0.2305247700377515,0.0934827274967072,0.0338531721044564,0.6070123654753198,10.610101880191854,49.66603003436226,3.9599790130013686
8.47,31.22052968762592,131.01262110621843,131.8103270508483,0.4849436403164034,0.2903842845629998,3.6125098331362215,-1.4100910928144668,-1.049487863075052,0.0,49.64279577961241,37.2056717226568,-21.692020061518,16.609580241547437,138.5768640378392,1490.453036503823,1.274,1.0300000015656,0.0,10.049061183665792,345.0001478400497,0.1460996598454624,1.0412439371919308e-05,-0.2323746889691835,0.0946520539746861,0.0341436702804998,0.5652356618630932,10.577098966042165,49.688409041094495,4.0174630003625955
8.48,31.220527450490817,131.01262401926903,131.6219733578757,0.4509246516185575,0.2636595048239135,3.6352947608951407,-1.4512587571166853,-1.1250138693617011,0.0,49.66942809307829,37.19858410908808,-21.83561228820384,16.60397468182059,138.5920007189329,1492.0797185110714,1.274,1.0300000015656,0.0,10.046671315496644,345.0001478400497,0.1461777277770797,1.0405389007403676e-05,-0.2340853552584243,0.0957114123739055,0.0344141011153555,0.5223484858410417,10.543543847094108,49.71084348508018,4.0727357126329355
8.49,31.220525213843203,131.012626931852,131.4326892805593,0.4159795525823248,0.2364231979007373,3.6576117521028255,-1.4877325321090136,-1.194539115595166,0.0,49.69620642177957,37.19143808614674,-21.98027230846672,16.598207949881246,138.60747465086416,1493.716228222868,1.274,1.0300000015656,0.0,10.044269637988748,345.0001478400497,0.1462562235610851,1.0398516817815334e-05,-0.2356525619686292,0.0966584001143053,0.0346638139734129,0.4784704113767953,10.50951542232004,49.73334358547422,4.12533580631966
8.5,31.220522977683355,131.01262984395925,131.2424736896688,0.3801947401447651,0.2087421906958271,3.679459228955584,-1.519431746128848,-1.2579135417171547,0.0,49.723130657293325,37.18423168258425,-22.12590173298524,16.592293253413974,138.62324586820657,1495.362574435864,1.274,1.0300000015656,0.0,10.04185613687214,345.0001478400497,0.1463351468713055,1.039175526351162e-05,-0.2370724470143742,0.0974908843916684,0.034892207215117,0.4337288358757856,10.475093094722403,49.75591973139651,4.174858024786709
8.51,31.22052074201164,131.0126327555825,131.05132541819728,0.3436583905634801,0.1806841980626149,3.700838042098416,-1.5462868823096283,-1.3150014614531846,0.0,49.75020069558112,37.17696305577207,-22.272399823173828,16.58624436750114,138.63927368681,1497.0187662851788,1.274,1.0300000015656,0.0,10.039430797386794,345.0001478400497,0.1464144973943868,1.0385037104043624e-05,-0.2383415022140033,0.0982070071222506,0.0350987296540077,0.3882621245197021,10.440356493300946,49.77858245600201,4.220951809707104
8.52,31.220518506828466,131.01263566671335,130.85924327726616,0.3064642499270223,0.1523148191240309,3.7217515545042463,-1.568238685093458,-1.3656833778916255,0.0,49.7774101648178,37.16963049755464,-22.41966373400829,16.580075613099314,138.6555167923725,1498.6844355629291,1.274,1.0300000015656,0.0,10.036986019034046,345.0001478400497,0.146494256370883,1.0378295588488624e-05,-0.2394565827566055,0.0988051883391974,0.0352828776363691,0.3422278763631451,10.405383738296672,49.80133569247688,4.263320102399996
8.53,31.2205162721344,131.01263857734327,130.66622605811028,0.2687121022531278,0.1236969533363077,3.742205807520552,-1.585236890081726,-1.409858332007865,0.0,49.80474538509991,37.1622324511384,-22.567588768898887,16.5738018369788,138.67193332074697,1500.3587729663711,1.274,1.0300000015656,0.0,10.034505320959177,345.0001478400497,0.1465743835339293,1.0371464656416458e-05,-0.2404149570843853,0.099284098946496,0.0354442017024404,0.2958158514669027,10.370250897369315,49.824175641999695,4.301718356639417
8.54,31.220514037929966,131.01264148746353,130.4722725271091,0.2304815379386478,0.0949090118560312,3.762207453312557,-1.5972490771542895,-1.4474322158431596,0.0,49.832226039533936,37.15476749654414,-22.71606864370949,16.567438391854136,138.68848093339184,1502.0429786498455,1.274,1.0300000015656,0.0,10.03201258501557,345.0001478400497,0.1466549368033983,1.0364479079477469e-05,-0.2412142477509803,0.0996427121791352,0.035582327005977,0.2492577205924786,10.335041238399274,49.847134305436434,4.335950824870068
8.55,31.22051180421586,131.0126443970653,130.27738143572645,0.19186565669987,0.0660206526412071,3.781765432907537,-1.6042519560960025,-1.4783299940403178,0.0,49.859852035886846,37.14723435705154,-22.86499572648762,16.561001098810866,138.7051169342822,1503.737062732284,1.274,1.0300000015656,0.0,10.029507795069902,345.0001478400497,0.1467359159004289,1.0357274646895464e-05,-0.241852436474601,0.0998803058309545,0.0356969165363646,0.2029067285800025,10.299832605910993,49.87022253345809,4.3658714707892425
8.56,31.220509570992814,131.01264730613968,130.08155152150343,0.1529582462543855,0.0371015971873667,3.8008902307512,-1.6062340559947987,-1.502492393225753,0.0,49.88762328329568,37.13963190851192,-23.014261292895863,16.554506214076106,138.72179837007965,1505.4410354889324,1.274,1.0300000015656,0.0,10.026990934930444,345.0001478400497,0.1468173205501344,1.0349788347230992e-05,-0.2423278911972421,0.0999964474372529,0.0357876892096454,0.157393615948177,10.264701745174538,49.89345118814641,4.391382217543659
8.57,31.220507338261623,131.01265021467773,129.8847815110397,0.1138535574941905,0.008221463662349,3.8195936622213935,-1.6031957766963698,-1.5198760746056998,0.0,49.915539691541134,37.13195918317061,-23.163755787143565,16.547970394951047,138.73848212728788,1507.154907306134,1.274,1.0300000015656,0.0,10.024461988303276,345.0001478400497,0.1468991504794824,1.0341958530864912e-05,-0.2426393698964034,0.0999909952279942,0.0358544205875428,0.1141500106434636,10.229724060273355,49.91683111602888,4.412431951323187
8.58,31.2205051060232,131.01265312267043,129.6870701289403,0.074646078631375,-0.0205503996904158,3.8378886545737454,-1.5951494125802317,-1.5304537693685392,0.0,49.943601170308405,37.124215373135726,-23.313369084711635,16.541410663255878,138.75512503064,1508.8786886367932,1.274,1.0300000015656,0.0,10.021920938733864,345.0001478400497,0.1469814054151162,1.0333725065409005e-05,-0.2427860234712808,0.0998640983933349,0.0358969434642143,0.0774232248312882,10.19497338328735,49.94037312114283,4.42901565966246
8.59,31.220502874278488,131.01265603010876,129.48841608886792,0.0354303087518854,-0.0491450804134225,3.8557890237469232,-1.582119148441618,-1.534214376298852,0.0,49.971807628580656,37.11639983348148,-23.4629907562417,16.53484436633002,138.77168394254167,1510.6123899632491,1.274,1.0300000015656,0.0,10.019367769709277,345.0001478400497,0.1470640850815748,1.0325029483588897e-05,-0.2427673976944348,0.0996161966592195,0.0359151483189401,0.0605850261972725,10.160521755946696,49.9640879383479,4.4411736903610235
8.6,31.22050064302852,131.0126589369836,129.2888181164052,-0.0036994686295967,-0.0774942666069767,3.873309249485579,-1.5641410273071552,-1.5311630211552851,0.0,50.000158974069855,37.108512084973846,-23.612510331958447,16.52828913564727,138.7881158633841,1512.3560217602785,1.274,1.0300000015656,0.0,10.01680246480418,345.0001478400497,0.1471471891996434,1.0315815123208763e-05,-0.2425834342219461,0.0992480191726768,0.0359089836330704,0.0775825200477893,10.12643922496329,49.987986206847815,4.448991109544883
8.61,31.220498412274395,131.012661843286,129.0882749341445,-0.0426494113464323,-0.1055304103064529,3.8904642512397487,-1.5412628900633332,-1.5213210775098571,0.0,50.02865511248392,37.10055181641035,-23.76181756599216,16.52176284312339,138.8043780325311,1514.1095944526833,1.274,1.0300000015656,0.0,10.014225007622455,345.0001478400497,0.1472307174841709,1.0306027258860744e-05,-0.2422344706576772,0.0987605826979439,0.0358784560700432,0.1138228348380408,10.09279365210943,50.01207844376898,4.452597130589807
8.62,31.22049618201728,131.01266474900692,128.8867852736149,-0.0813248524016425,-0.1331879023631236,3.907269243987817,-1.5135439212091624,-1.5047266959238867,0.0,50.057293687761536,37.09251888656311,-23.91080269996969,16.515283555211703,138.82042802977367,1515.872981548623,1.274,1.0300000015656,0.0,10.011632627900047,345.0001478400497,0.1473146629937856,1.029561322507704e-05,-0.2417212396697586,0.098155189126143,0.0358236289008424,0.1560536351418466,10.059649964729909,50.03637259982258,4.452164706731811
8.63,31.22049395225839,131.0126676541374,128.68434787528227,-0.1196182944691042,-0.16041148670977,3.923740423779616,-1.4810504124976367,-1.4814409930995542,0.0,50.086051576842735,37.08441333834944,-24.05935673061685,16.508869487764475,138.83622386999792,1517.6447977868825,1.274,1.0300000015656,0.0,10.008997207794703,345.0001478400497,0.1473989576716744,1.0284522545657716e-05,-0.24104490849276,0.0974333949090282,0.0357446148536504,0.2001008347165839,10.02706524874524,50.0608542323505,4.447911493453692
8.64,31.22049172299903,131.01267055866867,128.48096150246525,-0.1574552082946551,-0.1871255035167521,3.939892113248264,-1.4438680595826014,-1.4515292878426271,0.0,50.11495388259331,37.076235384148326,-24.20737168766721,16.50253896550232,138.8517240819683,1519.4265789481367,1.274,1.0300000015656,0.0,10.006349429230024,345.0001478400497,0.1474836753860802,1.0272707008423228e-05,-0.2402070303335042,0.0965970382159409,0.0356416184340726,0.2445567593364883,9.995106240075115,50.08556032949024,4.440094831305253
8.65,31.220489494240496,131.01267346259192,128.27662492741717,-0.1947457908237311,-0.2132670217645482,3.9557388482322975,-1.4020907536501694,-1.4150773970945296,0.0,50.14400049680018,37.067985400643046,-24.35474087486066,16.496310361404078,138.866887831956,1521.2183348581782,1.274,1.0300000015656,0.0,10.003689276352317,345.0001478400497,0.1475688158108695,1.0260120757642187e-05,-0.2392095088844516,0.0956482551155536,0.0355148782213864,0.2888054197255266,9.963830520554415,50.11050066871479,4.429014829129986
8.66,31.220487265984225,131.0126763658985,128.07133695021483,-0.2314017826688787,-0.2387746557655388,3.97129457714798,-1.3558234664990558,-1.372186897980302,0.0,50.17319130604299,37.05966393812238,-24.501359118322167,16.490202040064105,138.8816750327131,1523.0200750921888,1.274,1.0300000015656,0.0,10.001016733455767,345.0001478400497,0.1476543786045761,1.024672040053138e-05,-0.2380546297336601,0.0945894502087569,0.0353646897753182,0.3325053552514024,9.933292790114251,50.13568477938662,4.4150124318945325
8.67,31.22048503823165,131.01267926857994,127.86509639179712,-0.2673366793601382,-0.2635887116171357,3.986572490153861,-1.3051820235734453,-1.3229749157438035,0.0,50.202526191191225,37.05127172030607,-24.64712301704157,16.48423230273698,138.89604644390127,1524.8318089399168,1.274,1.0300000015656,0.0,9.998331785145137,345.0001478400497,0.147740363408958,1.0232465085043068e-05,-0.2367450547918853,0.0934232908044835,0.0351914049876694,0.3754296269870725,9.903544781084552,50.16112191924254,4.3984682517437985
8.68,31.220482810984265,131.01268217062787,127.6579021078824,-0.3024659383882881,-0.2876513295220757,4.001584864280771,-1.2502928503521606,-1.26757387370338,0.0,50.23200502685268,37.04280964375428,-24.791931188923527,16.478419331112388,138.90996377152933,1526.6535453717074,1.274,1.0300000015656,0.0,9.995634416409697,345.0001478400497,0.1478267698473646,1.0217316568373256e-05,-0.2352838158099838,0.0921527004605673,0.0349954312982575,0.4174064717096183,9.874635190897347,50.186821051482845,4.379801041483286
8.69,31.22048058424358,131.01268507203423,127.44975297405776,-0.336707181514304,-0.3109066216459105,4.016342926162614,-1.1912926925945817,-1.2061312057439366,0.0,50.26162768082544,37.03427877683805,-24.93568451182153,16.47278113003471,138.9233897661237,1528.4852930046643,1.274,1.0300000015656,0.0,9.992924612682389,345.0001478400497,0.1479135975231153,1.02012392762858e-05,-0.2336743070010975,0.0907808519038102,0.0347772307766415,0.4582941639491961,9.846609632939344,50.212790822569104,4.359465708711911
8.7,31.220478358011192,131.012687972791,127.2406479116234,-0.3699803917969882,-0.3333008052144239,4.030856733804381,-1.1283283110053752,-1.1388090319709443,0.0,50.29139401347264,37.02568035827026,-25.07828635898385,16.46733546939717,138.9362883193469,1530.3270600604153,1.274,1.0300000015656,0.0,9.990202359780657,345.0001478400497,0.1480008460176898,1.0184200353307335e-05,-0.2319202767842487,0.0893111593449743,0.0345373190713399,0.4979692490556962,9.819510605111208,50.23903954069621,4.337950760113692
8.71,31.22047613228869,131.01269087289052,127.03058586870507,-0.4022081050033425,-0.354782330427287,4.045135078600928,-1.061556150993514,-1.065783798167054,0.0,50.32130387723596,37.01701579519283,-25.21964282835271,16.46209982545262,138.9486245587727,1532.1788543348775,1.274,1.0300000015656,0.0,9.987467643995194,345.0001478400497,0.1480885148892857,1.016616970396345e-05,-0.230025818668113,0.0877472702059153,0.0342762642290201,0.5363206076003103,9.793377475540249,50.2655751552212,4.315775060203588
8.72,31.220473907077743,131.0126937723252,126.81956584212304,-0.4333051364413688,-0.3753088141208715,4.059185970862186,-0.9911392961544518,-0.9872502660698864,0.0,50.3513417545792,37.00828666427854,-25.35966296568484,16.4570913220649,138.96036493989183,1534.039747132378,1.274,1.0300000015656,0.0,9.984701568514556,345.0001478400497,0.1481765584645721,1.014712002901709e-05,-0.2279953713150452,0.0860930501328888,0.0339946765084364,0.5732428472031148,9.768242238054484,50.29238880550419,4.293484708052538
8.73,31.220471682379987,131.01269667108798,126.60758686943926,-0.4632008674416717,-0.394832678432997,4.07301581928257,-0.9172511066898964,-0.9034146529788128,0.0,50.38150924904637,36.999494721254656,-25.498258996436657,16.452326680316222,138.97147731609084,1535.9098513819176,1.274,1.0300000015656,0.0,9.981906239241226,345.0001478400497,0.1482649814553816,1.0127026858568732e-05,-0.2258337529048222,0.0843525462241338,0.0336932359051795,0.6086415129544268,9.744138477915882,50.31948956781272,4.271646695604253
8.74,31.220469458197115,131.01269956917176,126.39464802995164,-0.4918358190795703,-0.4133037424309069,4.086628880617161,-0.8400767290936612,-0.8144909072838761,0.0,50.41181970732676,36.99064186578112,-25.63534653702031,16.44782216158677,138.9819310219546,1537.789996753828,1.274,1.0300000015656,0.0,9.979098247818047,345.0001478400497,0.1483538231317267,1.0105868521591876e-05,-0.2235460414512336,0.0825300435867038,0.0333726703992242,0.6424315221282976,9.721100006023123,50.34689867030898,4.250842264387975
8.75,31.22046723453081,131.01270246656995,126.18074845463345,-0.5191445721398755,-0.4306805245570113,4.100028335260262,-0.7598075961663076,-0.7207084905232427,0.0,50.4422729457611,36.98173015121184,-25.77084477520137,16.443593499184832,138.9916969811782,1539.6801890236345,1.274,1.0300000015656,0.0,9.976277582740428,345.0001478400497,0.1484430829457593,1.0083626180924664e-05,-0.2211376036344121,0.0806300292111763,0.0330337434271193,0.6745307442809553,9.69915387886989,50.37462244423247,4.2316616903341115
8.76,31.2204650113828,131.01270536327627,125.9658873251396,-0.5450651156345829,-0.44692432897506,4.11321593703402,-0.6766428313386054,-0.6223088651556361,0.0,50.472868770442325,36.972761783139525,-25.90467665956813,16.43965584006718,139.00074778915237,1541.5804333861552,1.274,1.0300000015656,0.0,9.97344423313293,345.0001478400497,0.1485327603195416,1.0060283838422576e-05,-0.2186140933121109,0.0786571739276451,0.032677263027178,0.7048626181597358,9.678324175166448,50.40266677291965,4.2146956224054755
8.77,31.22046278875478,131.01270825928466,125.75006387778156,-0.5695389945564078,-0.4619993367141141,4.126192049616586,-0.5907887854560988,-0.519544936263671,0.0,50.50360697684929,36.96373911487065,-26.036769081031647,16.43602368823809,139.00905779043543,1543.4907344314613,1.274,1.0300000015656,0.0,9.970598188809204,345.0001478400497,0.1486228546439617,1.0035828327297556e-05,-0.2159814377501598,0.076616321041313,0.0323040799395281,0.7333560003445985,9.658632061499215,50.4310370771446,4.200526057547678
8.78,31.22046056664851,131.0127111545894,125.5332773965712,-0.5925114489675307,-0.475872689803034,4.138955705225681,-0.5024585546631252,-0.4126804642553266,0.0,50.53448734949682,36.95466464248416,-26.16705304475323,16.432710849500932,139.0166031522552,1545.411096120735,1.274,1.0300000015656,0.0,9.967739440316906,345.0001478400497,0.1487133652777082,1.0010249297369515e-05,-0.2132458231801184,0.0745124745377398,0.03191508559955,0.7599451042370594,9.640095866277942,50.4597383015781,4.189716469470501
8.79,31.220458345065648,131.0127140491853,125.31552723011654,-0.6139315440717354,-0.4885145681845859,4.1515046848648165,-0.4118714804388609,-0.3019894498512175,0.0,50.565509661601126,36.945540999478496,-26.295463832091908,16.42973037785091,139.0233619337435,1547.3415217629251,1.274,1.0300000015656,0.0,9.964867978967677,345.0001478400497,0.1488042915462897,9.983539193604917e-06,-0.2104136797176369,0.0723507868850072,0.0315112100291539,0.7845694938666276,9.622731160293377,50.48877490239676,4.182801321205067
8.8,31.220456124007928,131.0127169430673,125.0968127866532,-0.6337522909067581,-0.4998982592451544,4.163835619204317,-0.3192526328704344,-0.1877554927081469,0.0,50.59667367471554,36.93637095102064,-26.42194115218821,16.427094523795315,139.02931415061371,1549.282013988311,1.274,1.0300000015656,0.0,9.96198379679219,345.0001478400497,0.1488956327409815,9.95569322829652e-06,-0.2074916656763651,0.070136546461149,0.0310934196304974,0.8071741102418146,9.606550842146117,50.51815083602217,4.180275281891299
8.81,31.22045390347705,131.01271983623087,124.87713353006733,-0.6519198418102558,-0.510007064844045,4.175944659098551,-0.2248295856542015,-0.0702757912433925,0.0,50.62796355090536,36.927157391486126,-26.54642928332369,16.42481468514424,139.03444183441138,1551.2316195310557,1.274,1.0300000015656,0.0,9.95906757563811,345.0001478400497,0.1489873422471485,9.926709350909574e-06,-0.2044866615743073,0.0678751587198625,0.0306627069852042,0.8277049362499306,9.591560685546186,50.54785288640936,4.182583032681364
8.82,31.22045168347469,131.01272272867183,124.65648898486664,-0.6683960327964305,-0.5188202037234811,4.187826937346797,-0.128835663716371,0.0501460287037989,0.0,50.65937991205104,36.91790335249177,-26.66887722071929,16.422901369479487,139.0387290661462,1553.190392002818,1.274,1.0300000015656,0.0,9.956120345281697,345.0001478400497,0.1490794218883156,9.896588218500378e-06,-0.2014058044696082,0.0655721037088142,0.0302201159782236,0.8461178698796415,9.577768774422347,50.57788493873372,4.190108317168836
8.83,31.22044946400245,131.01272562038648,124.43487874810756,-0.6831566291041489,-0.5263141506301887,4.199476059079609,-0.0315118516689292,0.1732050267985005,0.0,50.69093711750454,36.90861195952546,-26.78923879975241,16.42136415251196,139.04216202020626,1555.1592280773957,1.274,1.0300000015656,0.0,9.953160210701586,345.0001478400497,0.1491719139143385,9.86533310342731e-06,-0.1982563516714103,0.0632329913054383,0.0297667191561106,0.8623783612103557,9.565184829738904,50.60826504672008,4.203164539830279
8.84,31.220447245061976,131.01272851137148,124.21230247846152,-0.696171490607672,-0.5324751328330586,4.210885432345254,0.0668993082609137,0.298586094567162,0.0,50.722634880262255,36.89928643968054,-26.907472781110936,16.420211625544187,139.04472903356069,1557.1381275036251,1.274,1.0300000015656,0.0,9.950187167163662,345.0001478400497,0.1492648174739362,9.832949872206197e-06,-0.1950457068725289,0.0608635217904595,0.0293036046879505,0.8764533976766996,9.55381200045612,50.63899508596644,4.221988310932675
8.85,31.220445026654843,131.01273140162382,123.9887598942272,-0.7074148765223544,-0.537292716272862,4.222048080278162,0.166152334771636,0.4259680881163958,0.0,50.75447290072199,36.88993011730072,-27.02354294408999,16.41945135664619,139.0464206454838,1559.1270892800928,1.274,1.0300000015656,0.0,9.947201210950432,345.0001478400497,0.1493581316788424,9.799446937567683e-06,-0.1917814155198727,0.0584694640346898,0.0288318847663562,0.888315597713039,9.543651205246515,50.670076395164656,4.2467334979515865
8.86,31.22044280878259,131.01273429114113,123.76425079420432,-0.7168655041576046,-0.5407598277236177,4.23295683449,0.2659993999651265,0.5550245968324681,0.0,50.78645086638667,36.88054640608384,-27.137418169147395,16.41908985602529,139.04722962958385,1561.1261116331711,1.274,1.0300000015656,0.0,9.944202339163768,345.0001478400497,0.1494518556029428,9.764835200501766e-06,-0.1884711463086048,0.0560566413180024,0.0283526929260118,0.8979432517566791,9.534701212554912,50.70150977233695,4.2774678895961875
8.87,31.22044059144672,131.01273717992126,123.53877503284384,-0.7245065968531094,-0.5428727685980991,4.243604536992954,0.3661909299741512,0.6854247277663289,0.0,50.8185684518586,36.87113880088353,-27.249072508095846,16.41913254505268,139.04715101961693,1563.1351920130007,1.274,1.0300000015656,0.0,9.9411905498463,345.0001478400497,0.1495459882822642,9.729127988549962e-06,-0.1851226723521738,0.0536309169939509,0.0278671813035034,0.9053203542100288,9.526958714953796,50.73329547267242,4.314172263715956
8.88,31.22043837464867,131.01274006796265,123.31233253714632,-0.7303259206781618,-0.5436312205287588,4.253984248345922,0.466476212458907,0.8168339038970573,0.0,50.8508253187206,36.861710869225625,-27.358485241751566,16.41958372913104,139.04618212892436,1565.1543270850143,1.274,1.0300000015656,0.0,9.938165841920709,345.0001478400497,0.149640528714603,9.692340990673016e-06,-0.1817438520720283,0.0511981800340865,0.0273765178444319,0.9104366251100384,9.520418396644043,50.765433207538905,4.356741863884173
8.89,31.220436158389848,131.01274295526412,123.0849233056678,-0.7343158099458622,-0.5430382426032918,4.264089459615764,0.5666040095718579,0.9489146745920216,0.0,50.883221115524165,36.85226624256026,-27.465640924886824,16.42044657456691,139.04432256335693,1567.1835127233944,1.274,1.0300000015656,0.0,9.935128215220088,345.0001478400497,0.1497354758595202,9.654492188994525e-06,-0.1783426098517303,0.0487643304863587,0.0268818834641672,0.9132875207591024,9.515072993314158,50.79792214490911,4.4049901342596955
8.9,31.22043394267157,131.01274584182505,122.85654740454316,-0.7364511075618302,-0.5411136021815274,4.273915519012241,0.6663290185717557,1.0813169614193732,0.0,50.91572476771788,36.84280862236835,-27.570529423613443,16.42172309236274,139.0415742215758,1569.2208510417431,1.274,1.0300000015656,0.0,9.932039314036226,345.0001478400497,0.1498307382671768,9.61560180059069e-06,-0.1749269605696231,0.0463352405345748,0.0263844599018663,0.9138643439139744,9.510904233983409,50.83072810538288,4.458653899519192
8.91,31.22043172749512,131.01274872764512,122.6272049684824,-0.7367547474867595,-0.5378540160276237,4.28345688725902,0.7653975294404656,1.2137058760378043,0.0,50.94836570096359,36.83334175819897,-27.67314596047296,16.423414137223464,139.03794126511931,1571.268170841628,1.274,1.0300000015656,0.0,9.928936280185605,345.0001478400497,0.1499264025235136,9.575692180079456e-06,-0.1715049611336012,0.0439167560516734,0.0258854703886511,0.9121834003267688,9.507910035116474,50.86388103052767,4.517401712999298
8.92,31.220429512861703,131.01275161272454,122.39689620573868,-0.7352334720450933,-0.5332721770414861,4.292709601264393,0.8635603015080753,1.3457405274208578,0.0,50.98114436659122,36.823869418716114,-27.773491100971743,16.425519386913585,139.03343013378893,1573.3255174406631,1.274,1.0300000015656,0.0,9.925820165919456,345.0001478400497,0.1500224699507642,9.534787727814312e-06,-0.1680846165356197,0.0415147228605429,0.0253861178972784,0.9082575976651054,9.506077861011857,50.8973793782986,4.580841591047566
8.93,31.220427298772428,131.01275449706404,122.16562138816916,-0.7318979762200288,-0.5273844283068773,4.30167098768614,0.9605701669262298,1.4770802656909832,0.0,51.01406036195982,36.81439539933761,-27.871570735444188,16.428037330350126,139.02804954462104,1575.3928835519428,1.274,1.0300000015656,0.0,9.922690974911088,345.0001478400497,0.1501189393582605,9.492914838522055e-06,-0.1646739183382499,0.0391349398080969,0.024887606149096,0.902105234603377,9.505393129638191,50.93122017945844,4.648530353045259
8.94,31.22042508522836,131.01275738066465,121.9333808572002,-0.7267634799206963,-0.5202103527845751,4.310339832824833,1.056182524728384,1.607385751314837,0.0,51.04711327166797,36.804923512368646,-27.96739605906521,16.43096526604192,139.0218104712723,1577.4702610994625,1.274,1.0300000015656,0.0,9.919548711679113,345.0001478400497,0.1502158095178784,9.450101821601158e-06,-0.1612808251169611,0.0367831441671889,0.0243911371285611,0.8937502184452122,9.505839478202128,50.96539994322311,4.7199830458920085
8.95,31.22042287223046,131.0127602635281,121.7001750307838,-0.7198496852647926,-0.5117727212585395,4.318716565302936,1.150155956656092,1.7363198000098143,0.0,51.08030266781674,36.79545757712231,-28.06098353885924,16.43429930501057,139.01472611662797,1579.5576412283908,1.274,1.0300000015656,0.0,9.91639338171042,345.0001478400497,0.1503130791648403,9.406378819617118e-06,-0.1579132426714814,0.0344649973164078,0.0238979081062509,0.8832220030538943,9.507398770213516,50.99991466568533,4.794682256829915
8.96,31.22042065977964,131.0127631456563,121.46600438053788,-0.7111807225430736,-0.5020974324024722,4.326803425439514,1.2422528383012763,1.86354822654934,0.0,51.113628110146266,36.78600140993813,-28.1523548677422,16.43803437817514,139.00681187870663,1581.6550143137565,1.274,1.0300000015656,0.0,9.91322499138333,345.0001478400497,0.1504107469980785,9.361777725254918e-06,-0.1545790043293287,0.0321860705805906,0.0234091086633171,0.8705555149067353,9.510051094574386,51.03475983934722,4.872087026043139
8.97,31.22041844787669,131.01276602705167,121.23086945659485,-0.7007850851809768,-0.4912134449778571,4.334604619142011,1.3322399440014463,1.98874068550701,0.0,51.147089146313874,36.7765588141225,-28.241536905673684,16.44216424816215,138.99808530995077,1583.7623699715584,1.274,1.0300000015656,0.0,9.910043548029083,345.0001478400497,0.150508811681085,9.316332096857652e-06,-0.1512858513896555,0.0299518312670587,0.022925917724494,0.8557910678422167,9.51377475753266,51.06993046402865,4.951641140760417
8.98,31.220416236522336,131.0127689077173,120.9947708667286,-0.6886749349146474,-0.4791647738573108,4.342127537840937,1.419894294325319,2.1115617882778235,0.0,51.180657298890665,36.76713358261917,-28.3285616116708,16.446681527427234,138.98856606590985,1585.877961041238,1.274,1.0300000015656,0.0,9.90681381353166,345.0001478400497,0.1506071894091944,9.27007708261653e-06,-0.1480414496029522,0.0277676095749681,0.0224494937554658,0.8389642361075171,9.518538069634642,51.10539114957751,5.032779008425587
8.99,31.2204140257172,131.01277178765645,120.75770928728898,-0.6749043113162667,-0.4659761809019023,4.349380476547814,1.504991293175341,2.231694930873195,0.0,51.21435525402644,36.757729484943695,-28.413465987390765,16.451577713672734,138.97827582022808,1588.003208473412,1.274,1.0300000015656,0.0,9.90356485544978,345.0001478400497,0.1507059469352605,9.223049319388823e-06,-0.1448533714433493,0.0256385844910922,0.0219810073753191,0.820133884120883,9.524322656212298,51.141160693580645,5.114936127342548
9.0,31.220411815461816,131.01277466687284,120.51968545723776,-0.659517884579764,-0.4516832185681552,4.356374152854177,1.5873137418302028,2.348827575520473,0.0,51.24818731446029,36.74835022517161,-28.49629196497268,16.456843206356243,138.96723822228324,1590.1383962930647,1.274,1.0300000015656,0.0,9.90030270323366,345.0001478400497,0.1508050969156967,9.175286816811711e-06,-0.1417289690821166,0.0235698289926983,0.0215215904258062,0.7993575916211726,9.531102832153053,51.17723781529272,5.197552467670175
9.01,31.220409605756608,131.01277754537077,120.2807001701968,-0.6425607974050397,-0.4363262236335239,4.363121803446608,1.6666518658256089,2.462653026792411,0.0,51.282152982575376,36.73899945355497,-28.577086282014825,16.462467326792353,138.9554788495181,1592.2835112187722,1.274,1.0300000015656,0.0,9.89702736765635,345.0001478400497,0.1509046378811677,9.12682889913576e-06,-0.138675424353203,0.0215662601203733,0.0210723499345656,0.7766961891201536,9.538849634065825,51.213615682093085,5.280077674044293
9.02,31.22040739660192,131.01278042315477,120.04075429333469,-0.6240820695891413,-0.4199481429408399,4.369639101269425,1.7428031606927867,2.5728725272694386,0.0,51.3162517503056,36.72968075672727,-28.6559003602262,16.468438350498257,138.94302513627775,1594.4385392963063,1.274,1.0300000015656,0.0,9.89373886048724,345.0001478400497,0.151004568331696,9.077716115709053e-06,-0.1356997327434261,0.0196326253579449,0.0206343677687007,0.7522153267782231,9.547532203751151,51.25028704088943,5.361975547672823
9.03,31.220405187997954,131.01278330022984,119.79984873655324,-0.6041344700865287,-0.4025944226585742,4.375944179934783,1.8155729270700864,2.679196035823637,0.0,51.3504830992698,36.72039764775332,-28.732790172408503,16.474743543289215,138.92990629701487,1596.603465906468,1.274,1.0300000015656,0.0,9.890437194149593,345.0001478400497,0.1511048867370295,9.027990149618484e-06,-0.132808685676941,0.0177734905628395,0.0202086978705235,0.7259853444349708,9.557117760734933,51.28724423562572,5.442727617453222
9.04,31.220402979944875,131.0127861766014,119.5579844733612,-0.5827743798927432,-0.3843128909619696,4.382057632412806,1.884774788754609,2.781342988159037,0.0,51.38484650136432,36.71115355629534,-28.80781609793405,16.481369200862368,138.91615324427357,1598.778275796558,1.274,1.0300000015656,0.0,9.887122381922891,345.0001478400497,0.1512055915384106,8.977693725261602e-06,-0.1300088532706022,0.0159932283263535,0.0197963635525093,0.6980811432846238,9.567571576639772,51.324479226283366,5.5218361000570955
9.05,31.22040077244269,131.0127890522751,119.31516253192936,-0.560058737436029,-0.3651552918564365,4.388002605045644,1.9502318139933383,2.879041876315505,0.0,51.41933755262135,36.7019518190039,-28.881042767036696,16.48830069165553,138.901798501745,1600.9627123317428,1.274,1.0300000015656,0.0,9.883789541467513,345.0001478400497,0.1513066697720346,8.926870514892601e-06,-0.1273065677655603,0.0142960067088862,0.0193983534241213,0.6685805334957028,9.578855858677546,51.36197948179474,5.598826048001261
9.06,31.22039856549137,131.01279192725718,119.0713839821682,-0.5360309091418848,-0.3451850603857334,4.393805756480089,2.011781499902975,2.972022543017854,0.0,51.45392940099504,36.6927956933883,-28.95253890366595,16.495522507886804,138.8868761020965,1603.1551193401956,1.274,1.0300000015656,0.0,9.880405321163227,345.0001478400497,0.1514080424187184,8.875565059442432e-06,-0.124707973174712,0.0126857433530974,0.0190156221466889,0.6375565740716562,9.590924595204108,51.39970818650675,5.673245263976849
9.07,31.22039635909069,131.012794801554,118.82664995859076,-0.5107798852626493,-0.3244434351924294,4.39949419657935,2.0692617471115127,3.06004393593014,0.0,51.48865160636984,36.68368831676148,-29.022377175521896,16.50301832913627,138.87142146054128,1605.357353751996,1.274,1.0300000015656,0.0,9.877007829765374,345.0001478400497,0.1515097964571932,8.823822633421852e-06,-0.1222189292341696,0.0111661384006801,0.0186491050788821,0.6051089532095167,9.603745745086906,51.43768842310223,5.744672510562912
9.08,31.220394153240395,131.0127976751723,118.58096162651644,-0.4843750121802066,-0.3029864464577252,4.405097824873714,2.122524252868656,3.1428705867840905,0.0,51.52350360659618,36.6746326904644,-29.09063397913648,16.510771058584876,138.85547130635345,1607.5693980374772,1.274,1.0300000015656,0.0,9.873597083500348,345.0001478400497,0.1516119302288495,8.771689151318558e-06,-0.1198449591433771,0.0097406847943141,0.018299677361441,0.5713298103320807,9.617276665978618,51.47591082869548,5.812712927368368
9.09,31.22039194794008,131.0128005481192,118.33432020294563,-0.4568884313539532,-0.2808718348447454,4.410648596910001,2.171431314792896,3.220279979290583,0.0,51.55848483208171,36.665631685930656,-29.15738923435875,16.518762871792507,138.83906358939842,1609.7912341644244,1.274,1.0300000015656,0.0,9.870173099162232,345.0001478400497,0.1517144420532519,8.719211090305457e-06,-0.1175912868415945,0.0084126316598932,0.0179681710565465,0.5363155360173251,9.631472714542548,51.5143657641387,5.877000778059087
9.1,31.22038974318928,131.01280342040204,118.08672694662116,-0.4283948926776626,-0.2581589023131438,4.416180366616346,2.2158562164187514,3.292063158682021,0.0,51.59359470642911,36.65668803614371,-29.222726178313376,16.526975272201906,138.82223737370074,1612.0228436365835,1.274,1.0300000015656,0.0,9.86673589420741,345.0001478400497,0.1518173302300036,8.666435391209097e-06,-0.1154628234967747,0.0071849758611588,0.0176553729414935,0.5001669331144363,9.646287261115198,51.55304333809034,5.937200320275606
9.11,31.2203875389874,131.01280629202844,117.83818315007424,-0.3989715609030582,-0.234908358923556,4.421728704840924,2.255683586037707,3.3580253090255034,0.0,51.628832646818886,36.64780432740679,-29.286731150671745,16.535389148402174,138.80503272816827,1614.2642075131832,1.274,1.0300000015656,0.0,9.863285486502267,345.0001478400497,0.1519205930398948,8.613409358328309e-06,-0.1134641547575672,0.0060604541775885,0.0173620224082158,0.4629895804458071,9.66167171543552,51.59193343146152,5.993006520569617
9.12,31.220385335333766,131.01280916300627,117.58869014360316,-0.3686978160643961,-0.2111821657530612,4.427330695369869,2.2908097275391395,3.417986296663257,0.0,51.66419806474188,36.63898299144792,-29.34949337074489,16.54398483288086,138.7874906148523,1616.5153064562533,1.274,1.0300000015656,0.0,9.859821894496632,345.0001478400497,0.1520242287470157,8.560180558107581e-06,-0.111599528804342,0.0050415361282013,0.0170888094749534,0.4248945411672104,9.67757556454841,51.631025722826415,6.044145648322019
9.13,31.220383132227585,131.0128120333437,117.33824929229029,-0.3376357093838966,-0.1870540744004589,4.433025712559103,2.321147670038726,3.4717722986516955,0.0,51.699665169514105,36.63022630836914,-29.41110470913333,16.55274216321996,138.76965277263076,1618.7745428647308,1.274,1.0300000015656,0.0,9.856312980029628,345.0001478400497,0.1521281614572064,8.506796723497244e-06,-0.1098728727154615,0.0041304027767213,0.0168363689211157,0.3859879453956809,9.693939772620723,51.67028283641057,6.090373253588127
9.14,31.22038092966797,131.01281490304896,117.08686198407511,-0.3058800631469436,-0.1625815375712954,4.4388532985378175,2.346617600966268,3.519234674907353,0.0,51.73524850115082,36.62153640836663,-29.471659479385103,16.561640559396203,138.7515615684037,1621.0428419942025,1.274,1.0300000015656,0.0,9.852777994798188,345.0001478400497,0.1522324339514091,8.453305644719129e-06,-0.108287817279026,0.0033289221553099,0.0166053055560217,0.3464031152736696,9.71071437933429,51.70971028722045,6.13147987586806
9.15,31.220378727653976,131.01281777213055,116.83452963869988,-0.2735233955543584,-0.1378249969688855,4.444853385777225,2.367151069698976,3.5602429888622806,0.0,51.77095746335454,36.612915217625286,-29.53125418554725,16.57065908096184,138.7332598895308,1623.3208096331043,1.274,1.0300000015656,0.0,9.849229713511054,345.0001478400497,0.1523370738964246,8.39975502670438e-06,-0.106847541757345,0.0026387220910664,0.0163961548809052,0.3062852157723819,9.72784618238534,51.749307984335495,6.167289189552838
9.16,31.22037652618452,131.01282064059723,116.58125369578282,-0.2406519143020343,-0.1128497491016573,4.451066689027074,2.3826937826303185,3.594680559018073,0.0,51.80679145104991,36.60436447845953,-29.589987249258865,16.579776476414818,138.714791051961,1625.6084251946536,1.274,1.0300000015656,0.0,9.845668156405743,345.0001478400497,0.1524420795078095,8.346192418141287e-06,-0.1055548415863338,0.0020611451417956,0.0162093918862223,0.2657975448359568,9.745277664744954,51.78906506537412,6.197657029340531
9.17,31.220374325258447,131.0128235084577,116.32703561382372,-0.2073529671095897,-0.0877215147370426,4.457534139097584,2.3932043129755742,3.6224475495397774,0.0,51.84274985638812,36.59588574496386,-29.64795875375177,16.588971245046466,138.69619868268637,1627.90566786847,1.274,1.0300000015656,0.0,9.842093343991332,345.0001478400497,0.1525474489929985,8.292665107478886e-06,-0.1044121277764182,0.0015972412591752,0.0160454340673752,0.2251450277543814,9.762949776761552,51.82897059845835,6.222472477563246
9.18,31.220372124874537,131.01282637572092,116.07187687020496,-0.1737148151685828,-0.0625062681228408,4.464296584225509,2.398654243252328,3.6434612760687295,0.0,51.87883206935446,36.58748037763939,-29.705270183732218,16.598221699024506,138.67752660142375,1630.212516658405,1.274,1.0300000015656,0.0,9.838505296984522,345.0001478400497,0.1526531805530792,8.239220015911685e-06,-0.1034214204120872,0.0012477648724272,0.0159046402206919,0.18461814264167,9.78080205720393,51.86901360966513,6.24165813232448
9.19,31.22036992503148,131.01282924239587,115.8157789512507,-0.1398264041416329,-0.0372700653787653,4.471394484150773,2.3990282737642423,3.6576564673894367,0.0,51.915037478455645,36.579149538514606,-29.762024161280937,16.607506025195605,138.65881870247716,1632.5289504232246,1.274,1.0300000015656,0.0,9.834904036341625,345.0001478400497,0.1527592723848265,8.185903589776424e-06,-0.1025843431473615,0.0010131727291685,0.0157873093859961,0.1447082523935877,9.798772768436756,51.90918311068887,6.255170351369335
9.2,31.220367725727865,131.01283210849175,115.55874335918688,-0.1057592846290669,-0.0120885070024077,4.478868526408656,2.3943286042433454,3.664977450431453,0.0,51.95134264067696,36.570894195401,-29.818324179899086,16.616802347222908,138.6401188354655,1634.8535110027983,1.274,1.0300000015656,0.0,9.831260248057609,345.0001478400497,0.1528656555037925,8.132761697684575e-06,-0.1019021404938759,0.0008936108288715,0.0156936763966033,0.1064479127101923,9.816793455360507,51.94944378245147,6.262997082397769
9.21,31.22036552696225,131.0128349740176,115.30077159524208,-0.0716103306606976,0.0129767038597087,4.4867578300861055,2.3845671362327856,3.665392940306732,0.0,51.987756202300325,36.562715134078914,-29.87427436293234,16.626088802450035,138.62147065596452,1637.18675711044,1.274,1.0300000015656,0.0,9.827585762671063,345.0001478400497,0.1529723553480839,8.079839521190115e-06,-0.1013757280257319,0.0008888850063697,0.0156239360909518,0.0727766048461448,9.83480279477859,51.98979457815857,6.265162540580318
9.22,31.2203633287331,131.0128378389826,115.04186516362437,-0.0374797909393963,0.0378660586506628,4.495099456150324,2.369766254850417,3.6588947047381977,0.0,52.02429107429239,36.55461290029383,-29.92997918943428,16.635343600605015,138.60291751228428,1639.5295178839046,1.274,1.0300000015656,0.0,9.82389795715678,345.0001478400497,0.1530794099041734,8.027181403580975e-06,-0.10100552867436,0.0009985475297444,0.0155782092690181,0.0532782593684207,9.852739565005669,52.03023906044327,6.261726733391671
9.23,31.220361131038807,131.01284070339585,114.7820255764914,-0.0034571034699196,0.062514929479876,4.503929212561969,2.3499635086371424,3.6454888568644654,0.0,52.06094664593852,36.54658782408762,-29.9855431940458,16.644545067233516,138.58450236222674,1641.881771998166,1.274,1.0300000015656,0.0,9.820196853000631,345.0001478400497,0.1531868173711772,7.974830777036732e-06,-0.1007915452703166,0.0012218584650612,0.0155565483266606,0.0626104461481359,9.87053857702272,52.07076646614982,6.252783048308829
9.24,31.220358933877726,131.01284356726651,114.5212543310892,0.0303687723902804,0.0868594603643754,4.513280976064888,2.3252095751652644,3.625199554338983,0.0,52.09772230812425,36.53864002053553,-30.041070692109045,16.65367170049376,138.5662676622721,1644.243498175858,1.274,1.0300000015656,0.0,9.816482471623784,345.0001478400497,0.1532945759529207,7.922830059026474e-06,-0.1007333718486069,0.0015577811768382,0.0155589428758757,0.0920153654794815,9.888134231692518,52.11136615502696,6.238459468981827
9.25,31.22035673724817,131.01284643060367,114.25955292267372,0.0639095878575233,0.1108367340350349,4.5231864021969965,2.2955681593090933,3.598068980349087,0.0,52.13461745393861,36.53076938815765,-30.09666550603262,16.662702227195048,138.5482552576887,1646.6146752253867,1.274,1.0300000015656,0.0,9.81275483431796,345.0001478400497,0.153402683859707,7.87122054579203e-06,-0.1008301944200948,0.0020049848227193,0.0155853196299206,0.1279422210881427,9.905460726306757,52.15202763654961,6.218918619052983
9.26,31.220354541148367,131.01284929341628,113.99692283556544,0.0970780349837801,0.1343849363972613,4.533674647974687,2.26111585647872,3.564157276666,0.0,52.17163147928276,36.52297560791981,-30.15243069259624,16.671615657369152,138.53050627502432,1648.99528208043,1.274,1.0300000015656,0.0,9.80901396219692,345.0001478400497,0.1535111393100926,7.820042306990691e-06,-0.1010807928122181,0.0025618476225151,0.01563554245211,0.1657812978752968,9.922452269649895,52.19274059637551,6.19435774095419
9.27,31.220352345576536,131.01285215571326,113.73336553420388,0.1298125189392425,0.1574305787431017,4.544773500730993,2.221948182992367,3.5235309019364136,0.0,52.208732917591846,36.51525815880574,-30.20846827585672,16.680391339554788,138.513061012687,1651.3833452357485,1.274,1.0300000015656,0.0,9.80521994228704,345.0001478400497,0.1536198497123865,7.769334090150718e-06,-0.1014835844227531,0.0032264389321753,0.0157094096042314,0.2040481188081272,9.939036359614978,52.23346202395685,6.1650052650221285
9.28,31.220350150530862,131.0128550175033,113.46888247507516,0.1620090217841706,0.1799247917271779,4.556506158644916,2.1781650947876057,3.476289003821356,0.0,52.24594536942728,36.5076163174638,-30.26487901244249,16.689009031920385,138.49595879969215,1653.7803715288455,1.274,1.0300000015656,0.0,9.801403998453168,345.0001478400497,0.1537288845059164,7.719133202290281e-06,-0.1020366389375894,0.003996518242422,0.0158066815552333,0.2421151947738385,9.955153615683988,52.2742078431706,6.131128508848059
9.29,31.22034795600948,131.0128578787951,113.20347508385063,0.1935790700906054,0.2018128544274937,4.5688925843414845,2.129879645788588,3.422546665116645,0.0,52.28327486745978,36.500049113037086,-30.32176210900113,16.697448942176766,138.4792379162552,1656.1867592520266,1.274,1.0300000015656,0.0,9.7975747117213,345.0001478400497,0.1538382614373664,7.669475383487841e-06,-0.1027375424923311,0.0048696164912704,0.0159270380268867,0.2796446488298192,9.97074118589029,52.31497549095372,6.093028182086162
9.3,31.220345762010485,131.012860739597,112.93714477129112,0.2244412896011155,0.2230389893717265,4.581949518940487,2.0772179177307897,3.3624342709618937,0.0,52.32072082540363,36.492555358491394,-30.379214939608136,16.7056917632793,138.46293552230156,1658.602488232372,1.274,1.0300000015656,0.0,9.7937321024291,345.0001478400497,0.1539479787776209,7.620394743668889e-06,-0.1035834892135947,0.0058429964230811,0.0160700951561866,0.3164174913113421,9.985735633125062,52.355755619443215,6.051037919101138
9.31,31.22034356853201,131.01286359991727,112.66989291336662,0.2545163533003554,0.2435492937153564,4.595690094307566,2.020317677674949,3.296099132809251,0.0,52.35828266269145,36.485133653184654,-30.437332788249982,16.713718719150634,138.44708756581187,1661.0275386104836,1.274,1.0300000015656,0.0,9.7898761905373,345.0001478400497,0.1540580348143295,7.5719236697541664e-06,-0.1045712918032066,0.0069136577387937,0.0162354088866436,0.3522704109193486,10.000074687271235,52.39653918107936,6.005524161548971
9.32,31.22034137557212,131.01286645976398,112.4017208602028,0.2837271895046467,0.2632918804904669,4.6101236827768055,1.95932804055502,3.2237051395605514,0.0,52.39595980500499,36.47778238549617,-30.49620859676336,16.72151160864066,138.43172869460133,1663.461890871783,1.274,1.0300000015656,0.0,9.786006995580545,345.0001478400497,0.1541684278534993,7.5240927353053055e-06,-0.1056973896760803,0.008078344818442,0.0164224759995462,0.3870699752635531,10.013697483517037,52.43731745132219,5.956885223657903
9.33,31.22033918312893,131.01286931914484,112.13262992912372,0.3120078618733088,0.2822125275729083,4.625256200945246,1.8944110365610567,3.1454287678819446,0.0,52.43374094280698,36.47049973781644,-30.555932718765447,16.7290528476125,138.41689217187076,1665.904843302731,1.274,1.0300000015656,0.0,9.782110557623474,345.0001478400497,0.1542791246141564,7.476930614976093e-06,-0.1069578617740972,0.0093335531579185,0.0166307324689976,0.4207042064550703,10.026542542042614,52.47807060372876,5.90554910517609
9.34,31.22033699120053,131.0128721780673,111.86262139669856,0.3393002387409232,0.3002566991470818,4.641090507982767,1.825742626433676,3.0614560088946283,0.0,52.47160838715157,36.46328372299721,-30.61659269777669,16.73632551951342,138.4026097753065,1668.3552864247115,1.274,1.0300000015656,0.0,9.77816452938083,345.0001478400497,0.1543900730451836,7.4304640141526095e-06,-0.108348526215396,0.0106754903029656,0.0168595699205925,0.4530758032801344,10.038549084904098,52.51877238328888,5.851971474269308
9.35,31.220334799785,131.01287503653867,111.59169650868289,0.3655126567028348,0.3173910459277722,4.657623365163161,1.753499874041164,2.972004930138095,0.0,52.50958941555584,36.45613213162168,-30.67827305934305,16.74331342814936,138.38891169238295,1670.8149690328205,1.274,1.0300000015656,0.0,9.774205102709535,345.0001478400497,0.1545013534028872,7.38471754184536e-06,-0.1098648037208613,0.012100165040842,0.0171083307407961,0.4840818233327545,10.049667840029413,52.55944482948559,5.79663958899821
9.36,31.22033260888045,131.0128778945658,111.31985646013813,0.3905789411356336,0.3335730898692311,4.674848187636684,1.6778732879000389,2.877301386015846,0.0,52.54768348416117,36.449042546726055,-30.741055050631235,16.750001112804778,138.37582649015465,1673.2838733365415,1.274,1.0300000015656,0.0,9.770232295205409,345.0001478400497,0.1546129640826543,7.339713662247821e-06,-0.1115017412046284,0.0136033915202622,0.0173762884678397,0.513635271323767,10.059845933624317,52.6000807265869,5.740063380631541
9.37,31.220330418485048,131.01288075215527,111.0471024083539,0.4144361169574495,0.3487629885506906,4.692754317446306,1.5990625831037797,2.7775854310283568,0.0,52.585890057750206,36.44201236235646,-30.805016418500102,16.7563738790084,138.36338105471387,1675.7619820506004,1.274,1.0300000015656,0.0,9.76624612385005,345.0001478400497,0.154724903505231,7.295472642344842e-06,-0.1132540671972604,0.0151807773403452,0.017662664920609,0.5416556063339346,10.069033043048645,52.64067328157481,5.682774415305825
9.38,31.220328228596934,131.01288360931332,110.77343546489608,0.4370245745647587,0.3629236394720913,4.711327054984976,1.5172761739796172,2.6731107196808286,0.0,52.624208610121805,36.43503878971351,-30.870231202775955,16.76241783098518,138.35160052805554,1678.249278421318,1.274,1.0300000015656,0.0,9.7622466049279,345.0001478400497,0.1548371701178139,7.252012491801786e-06,-0.1151162056323726,0.016827735082627,0.0179666321439069,0.56806821115242,10.077181608073614,52.681216140887294,5.625322259820516
9.39,31.220326039214328,131.01288646604573,110.4988566856671,0.4582882269320194,0.3760207771244905,4.730547722015568,1.432730642578968,2.564143869183462,0.0,52.66263862449051,36.4281188638456,-30.936769539278966,16.768119902262892,138.34050824943446,1680.7457462539608,1.274,1.0300000015656,0.0,9.75823375400958,345.0001478400497,0.1549497623952202,7.209348909341392e-06,-0.1170822904716881,0.0185394943870188,0.0182873144929798,0.5928041062814441,10.084247033080285,52.7217034060488,5.568270164631253
9.4,31.22032385033547,131.01288932235806,110.22336708382664,0.4782063189840305,0.3880070453401968,4.750395714434398,1.3456584534797964,2.4509483476468787,0.0,52.70114096743364,36.4212494763212,-31.00469748076103,16.773467889020427,138.33012569243152,1683.2489025184111,1.274,1.0300000015656,0.0,9.754156961758545,345.0001478400497,0.1550625651904555,7.167495246263162e-06,-0.1191462448900396,0.020311080402592,0.0186237871684464,0.6158143023260682,10.090180344371344,52.76208850574798,5.512186854595125
9.41,31.220321661958646,131.01289217825538,109.94696761687156,0.4966994239122584,0.39886980959367,4.770843898280686,1.2562863594073768,2.333822960515508,0.0,52.739752673574216,36.41442736129065,-31.0740768584394,16.77845049957932,138.32047237195658,1685.7611258867296,1.274,1.0300000015656,0.0,9.750065309702464,345.0001478400497,0.1551756874663943,7.126462435616173e-06,-0.1213017554582948,0.0221373494770231,0.0189751120923923,0.6370270458809676,10.094950988655166,52.80240649067605,5.457649359351007
9.42,31.22031947408222,131.01289503374227,109.66965918563994,0.5137219179134953,0.4085843065007042,4.791862312063507,1.1648518384117552,2.213069380094624,0.0,52.778474314833176,36.407649070912086,-31.14496508883196,16.783057362645746,138.31156583279488,1688.2824695201227,1.274,1.0300000015656,0.0,9.745960196223123,345.0001478400497,0.1552891309009031,7.0862589522089855e-06,-0.1235421819355009,0.0240130600175502,0.0193402847873435,0.6563892677880621,10.098524605146164,52.84265404365649,5.405228977974778
9.43,31.220317286704585,131.0128978888231,109.39144263530704,0.5292330989712198,0.4171284800656415,4.81341760387585,1.0715983595247789,2.0889990436494896,0.0,52.81730541584528,36.40091101322154,-31.217415004710144,16.787279041039323,138.30342162862098,1690.812919696994,1.274,1.0300000015656,0.0,9.741841633830328,345.0001478400497,0.1554028940903136,7.04689081748304e-06,-0.1258606594651352,0.0259328410636939,0.0197182622296722,0.6738537626631601,10.100870283097684,52.88282722546986,5.355485886248474
9.44,31.220315099824223,131.0129007435015,109.11231875240126,0.5431964272869724,0.4244834785795792,4.835473201985529,0.9767745767753044,1.96193268038405,0.0,52.85624551230413,36.39420946111046,-31.291474714558355,16.79110705342511,138.29605328685955,1693.3524633700924,1.274,1.0300000015656,0.0,9.737709634327688,345.0001478400497,0.155516975663398,7.008361583713869e-06,-0.1282501172088971,0.0278912063892653,0.0201079659805363,0.6893788390314176,10.101960911539337,52.92292261123344,5.308961245226198
9.45,31.220312913439688,131.0129035977809,108.83228827076942,0.5555796215003762,0.4306337030258004,4.857989547909233,0.8806336822763156,1.8321994860920432,0.0,52.89529415100712,36.38754056193505,-31.367187474742547,16.794533894394927,138.28947227827584,1695.9010881724569,1.274,1.0300000015656,0.0,9.733564208560392,345.0001478400497,0.1556313742814909,6.970672326462111e-06,-0.130703297173782,0.0298825691599442,0.0205082849921486,0.7029283674235772,10.101773305018508,52.96293729803458,5.266168729426627
9.46,31.220310727549617,131.01290645166415,108.55135184970824,0.566384911110917,0.4355518581882423,4.880926198210943,0.783440454564335,1.700121733038657,0.0,52.9344145878357,36.38090037014346,-31.44459158062529,16.79755305646814,138.28368798450998,1698.4564528411415,1.274,1.0300000015656,0.0,9.729357501753451,345.0001478400497,0.1557459818290815,6.9338216542155415e-06,-0.1332128288200374,0.0319012276136184,0.0209180728404576,0.7144866054584391,10.100281525749734,53.00283025479907,5.22758389749799
9.47,31.220308542152715,131.01290930515358,108.26951010080242,0.575562276204675,0.439242227267251,4.90423788962759,0.6854519527915013,1.5660489557283974,0.0,52.973638212645774,36.37428484771599,-31.52372030478124,16.80015907094209,138.27870763127066,1701.0205845862283,1.274,1.0300000015656,0.0,9.725131356363956,345.0001478400497,0.1558608906580699,6.897805692716962e-06,-0.1357712380669783,0.0339413862567194,0.0213361897270185,0.7240160068740142,10.097476667721503,53.0426335445371,5.193640629595253
9.48,31.220306357247782,131.01291215825117,107.98676356207945,0.5830888860248443,0.4417010614973136,4.927877556880454,0.5869302053796519,1.4303319534865333,0.0,53.01296905548188,36.36768982752681,-31.604601784790496,16.80234750839917,138.27453630081828,1703.5937584151015,1.274,1.0300000015656,0.0,9.720891638812573,345.0001478400497,0.1559761126203285,6.8626180867487576e-06,-0.1383708253314524,0.0359972467158773,0.0217614465967034,0.7314955511248613,10.09334878169814,53.08235060873765,5.1647181703126535
9.49,31.220304172833696,131.01291501095832,107.70311271888522,0.5889501325417791,0.4429261280937638,4.951796440685363,0.488139793439747,1.2933250927262363,0.0,53.05240670985682,36.361111059003285,-31.687258928802887,16.80411497974873,138.27117694487217,1706.175964830196,1.274,1.0300000015656,0.0,9.716638356405788,345.0001478400497,0.1560916465142072,6.8282500605046606e-06,-0.1410037818797444,0.0380629725246998,0.0221926318467952,0.7369117341236198,10.0878913429249,53.12198069038949,5.141133945288622
9.5,31.220301988909497,131.01291786327596,107.41855797903276,0.5931359719371155,0.4429185559378944,4.975944247166988,0.3893464130463969,1.1553867649582112,0.0,53.091950780962506,36.354544219595525,-31.771709355907223,16.80545914807647,138.26863037841468,1708.7671950630745,1.274,1.0300000015656,0.0,9.712371515326025,345.0001478400497,0.1562074911723045,6.794690454360166e-06,-0.1436622127216179,0.0401327039211753,0.0226285165653602,0.7402567935467598,10.08110213271114,53.161523572099256,5.123136769295442
9.51,31.22029980547428,131.01292071520444,107.13309969864588,0.5956415062273656,0.4416825576163783,5.000269505779671,0.290816285976959,1.016878219631284,0.0,53.13160022422007,36.347984926436006,-31.857965351029435,16.806378738938808,138.266895278156,1711.3673984663155,1.274,1.0300000015656,0.0,9.708090244175953,345.0001478400497,0.156323643515351,6.761925770009181e-06,-0.146338157935979,0.0422005737303983,0.0230678575269836,0.7415289998999712,10.072983139989416,53.20097887097938,5.110901149130161
9.52,31.22029762252724,131.01292356674375,106.8467381592978,0.5964999618198262,0.4392093260755429,5.024722049295466,0.1928241864535273,0.8781458548800812,0.0,53.17131417990176,36.34142877963979,-31.946033844062946,16.806873554904303,138.26596817464596,1713.97395736296,1.274,1.0300000015656,0.0,9.703740832988014,345.0001478400497,0.156439983320347,6.729940234621981e-06,-0.1490236906648927,0.0442606834309189,0.0235093952428557,0.7407496655767689,10.063533393594591,53.24030434383784,5.104522796697117
9.53,31.220295440067705,131.01292641789328,106.55947358490847,0.5956804011357388,0.435527044976677,5.049247987701251,0.0956296988910432,0.7395642751540558,0.0,53.211133408493126,36.33487134221652,-32.03591643465296,16.80694450738732,138.26584341349513,1716.589512082022,1.274,1.0300000015656,0.0,9.699377701418468,345.0001478400497,0.1565566305069232,6.698715826257769e-06,-0.1517108737558088,0.0463071534311836,0.0239519001809833,0.7379106401765423,10.05277130931012,53.27954517791896,5.104018573408532
9.54,31.220293258101066,131.01292926864582,106.2713066993482,0.5931912739430532,0.4306502550527901,4.786885450511332,-0.0026228379600681,0.5986406265430495,0.0,53.25036908961325,36.32773353292017,-32.12760935686425,16.80659360143687,138.2665132073016,1719.169602218441,1.274,1.0300000015656,0.0049999999496348,9.695000855919368,345.0001478400497,0.1566715584441884,6.66823240391733e-06,-0.1543916747277793,0.0483341849316174,0.0243937909472988,0.7330272186397966,10.04083354663523,53.31801483655359,4.824173483130959
9.55,31.22029107678989,131.01293211883183,105.98225316651563,0.5890501579641712,0.4245981700093985,4.236594887083415,-0.101329255019842,0.4565311703268096,0.0,53.284655534404656,36.31637094636129,-32.22110341813642,16.805823943000636,138.2679676463142,1721.432049197624,1.274,1.0300000015656,0.0149999998496293,9.690610498867615,345.0001478400497,0.1567719226229586,6.638469790891849e-06,-0.157057825450948,0.0503358428493069,0.0248317095705714,0.7261248809553598,10.028510088793624,53.35135064852709,4.26232619172491
9.56,31.22028889645376,131.01293496811968,105.6923437027011,0.5832837883706256,0.417394759073955,3.685203878109795,-0.1979298469212459,0.3168072686723467,0.0,53.313293069469424,36.30020399218064,-32.31638380414722,16.804639793037154,138.27019462286663,1723.3309710312424,1.274,1.0300000015656,0.0249999997496237,9.686207089721425,345.0001478400497,0.1568556646939335,6.6094080293713824e-06,-0.1597008413744264,0.0523060635810352,0.0252638600324216,0.7172393910881603,10.015947888531372,53.37885670499365,3.7040883754334715
9.57,31.220286717418244,131.012937816171,105.40160973295455,0.5759360026568098,0.4090614895689855,3.133027594183303,-0.2920847914927493,0.1799362621421106,0.0,53.33625926072379,36.27923069053399,-32.41343006193309,16.80304658518593,138.27317982650223,1724.864292995397,1.274,1.0300000015656,0.0349999996496182,9.681771985408927,345.0001478400497,0.1569227188696783,6.58102517231412e-06,-0.1623123643496532,0.0542388976528068,0.0256887694419667,0.7064191004647815,10.00317402789396,53.400513943380105,3.1517538751890273
9.58,31.2202845400088,131.01294066264717,105.11008279272988,0.5670550146486533,0.399623206663983,2.5803860427004897,-0.3834619423177607,0.0463679693549896,0.0,53.35353558179728,36.25345231551115,-32.512216228283684,16.8010509326424,138.276906760764,1726.0303069675656,1.274,1.0300000015656,0.0449999995496126,9.677286704818906,345.0001478400497,0.1569730308618615,6.5532972970719125e-06,-0.1648843176165287,0.0561284897020053,0.0261050111189066,0.6937181579871274,9.990219772474145,53.416307739361095,2.609134948436303
9.59,31.2202823645504,131.01294350720949,104.81779452391086,0.5566570397706089,0.3891253619052587,2.027595646106646,-0.4717514230361672,-0.0834421140175466,0.0,53.36514983457664,36.22287330220854,-32.61271098278722,16.798660631672128,138.28135676740254,1726.8304186606726,1.274,1.0300000015656,0.0549999994496071,9.672789658913873,345.0001478400497,0.1570066826873379,6.526198582598524e-06,-0.1674087470471,0.0579691994192359,0.026511202160028,0.6791765918979223,9.97712821218191,53.42627303360665,2.0834241276415595
9.6,31.22028019136746,131.01294634951955,104.52477663803444,0.544786844052968,0.3776046799579695,1.4749774962304478,-0.5566527184807328,-0.2090631562408649,0.0,53.37110502861756,36.187501273651904,-32.714877753732175,16.795884619513007,138.2865091361242,1727.2645476295693,1.274,1.0300000015656,0.0649999993496016,9.668281335664007,345.0001478400497,0.1570236834211519,6.4997014786496966e-06,-0.1698778851307983,0.0597556064230155,0.0269059808228114,0.6628527006659802,9.963940915251069,53.430418603670624,1.59032332142732
9.61,31.22027802078356,131.0129491892393,104.2310609143056,0.5314933103559221,0.3651007400732118,0.9228546921926688,-0.6378804417560421,-0.3300826881538313,0.0,53.37140785978191,36.147347063924,-32.81867488188388,16.792732951262963,138.29234117894742,1727.3329685085816,1.274,1.0300000015656,0.074999999249596,9.663762224053007,345.0001478400497,0.1570240529846811,6.473776862675735e-06,-0.1722842249218343,0.0614825087489597,0.0272880332075933,0.6448099455508051,9.950702972564262,53.42875736180845,1.1694044731810156
9.62,31.22027585312128,131.01295202603114,103.9366791717658,0.5168292599500462,0.351655831073477,0.3715520129326647,-0.7151656882188037,-0.446108579871679,0.0,53.36606869666657,36.1024247162146,-32.924055809861414,16.789216776650896,138.29882830476623,1727.0363098723003,1.274,1.0300000015656,0.0849999991495905,9.659232813658702,345.0001478400497,0.1570078221054275,6.448394190794572e-06,-0.1746205487934136,0.0631449427158699,0.0276560992168512,0.6251167518473155,9.937462758429715,53.42130631864365,0.9211545608392309
9.63,31.220273688701937,131.0129548595588,103.64166325140268,0.5008825571912662,0.3372999895735808,-0.1785951755855673,-0.7882482443835233,-0.5567890417750122,0.0,53.355065448560765,36.05275152700905,-33.03096929550422,16.785348316335195,138.3059440946139,1726.373215395951,1.274,1.0300000015656,0.0949999990495849,9.654645104750594,345.0001478400497,0.1569749260133563,6.4235216611565614e-06,-0.1768800095808292,0.0647381746978762,0.0280089677651245,0.6038639919548415,9.92426481852253,53.40804810099043,0.981450746882839
9.64,31.220271527845423,131.01295768948668,103.34604500223564,0.4836885176530018,0.3220922733449918,-0.7272643234920366,-0.8568990000431334,-0.6617718875213721,0.0,53.33844442110886,35.99834803933773,-33.139359682520805,16.781140858859672,138.3136603387233,1725.346870939951,1.274,1.0300000015656,0.1049999989495794,9.6500378101989,345.0001478400497,0.1569255011669259,6.399126350905193e-06,-0.1790561687420641,0.0662577126374811,0.0283455364696547,0.5811157803389376,9.911168721553974,53.389038290615424,1.3042742516866808
9.65,31.22026937086997,131.0129605154808,103.04985626839492,0.4653039055882285,0.3060852914354295,-1.274129644432784,-0.9209071618458488,-0.760733438322048,0.0,53.316234458379256,35.9392378749355,-33.24916711982008,16.77660871258718,138.32194715581005,1723.9594451253836,1.274,1.0300000015656,0.1149999988495739,9.645421573019808,345.0001478400497,0.1568596326503614,6.375174358017112e-06,-0.1811428371084729,0.0676994131342544,0.0286647434933498,0.5569505099497174,9.898232565516984,53.36431399483497,1.7464798068522505
9.66,31.220267218092,131.01296333720873,102.7531288593031,0.445795124020101,0.289330578168672,-1.8188636891157792,-0.9800812443178945,-0.8533798446181629,0.0,53.288460391897246,35.875447797882686,-33.36032779123935,16.771767151019723,138.33077312311167,1722.2129583153044,1.274,1.0300000015656,0.1249999987495683,9.64079688920388,345.0001478400497,0.1567773937421198,6.351631003727758e-06,-0.1831342083485671,0.06905943981729,0.0289655963020531,0.5314544070833537,9.88551519735056,53.33390813968399,2.2354152912262397
9.67,31.220265069825818,131.0129661543397,102.45589454072952,0.4252314185664324,0.2718815148452989,-2.36113951630083,-1.0342513476048711,-0.9394453074601165,0.0,53.255150571439366,35.807007685787084,-33.47277418598432,16.766632371034557,138.34010538127518,1720.1097679460554,1.274,1.0300000015656,0.1349999986495628,9.636164254033684,345.0001478400497,0.156678868070937,6.32846100004332e-06,-0.1850248832309965,0.0703342739622885,0.0292471802885854,0.5047177035178542,9.873077344807982,53.29785745965004,2.743576707724543
9.68,31.220262926383576,131.0129689665451,102.1581850149119,0.403702889745395,0.2537846165781706,-2.900623813607613,-1.083264566332028,-1.0187039060313745,0.0,53.2163161152145,35.7339505152401,-33.5864353823699,16.761221448251543,138.34990974293913,1717.651226615891,1.274,1.0300000015656,0.1449999985495572,9.63149622252473,345.0001478400497,0.1565640885689234,6.305628618689729e-06,-0.1868099033589962,0.0715207179247831,0.02950865334999,0.4768454560607294,9.860977205772128,53.256180379213966,3.2595763953160644
9.69,31.22026078807492,131.0129717734986,101.86003191359886,0.3812863521012441,0.2350952165783598,-3.436988907544924,-1.1269920167448697,-1.0909572801036298,0.0,53.17198937594372,35.65631243927251,-33.7012373750562,16.75555230903779,138.36015076957696,1714.8401658128134,1.274,1.0300000015656,0.1549999984495517,9.626789136888856,345.0001478400497,0.1564331506403844,6.283097856723166e-06,-0.1884848721619205,0.0726158538243282,0.0297492865959096,0.4479377493335837,9.849277697953143,53.20891794258598,3.777987763797632
9.7,31.22025865520688,131.01297457487632,101.56146676326068,0.358037008037344,0.2158808948004785,-3.969920389927264,-1.1653367506726886,-1.1560194501574883,0.0,53.12223275025996,35.574132483105835,-33.81710339260451,16.749643687763506,138.37079187341615,1711.6814566889807,1.274,1.0300000015656,0.1649999983495462,9.62207549539579,345.0001478400497,0.1562862380780108,6.260832549876578e-06,-0.1900457401457322,0.0736171623032076,0.0299684363239319,0.4180842657179883,9.838048055008572,53.1561431616824,4.295888570944437
9.71,31.22025652808365,131.0129773703571,101.26252098509,0.33403277436135,0.1962004896978733,-4.4990990056865705,-1.1982203411803127,-1.2137454133280836,0.0,53.06708815579376,35.48745258012488,-33.93395416359544,16.74351504468448,138.38179548812198,1708.1787455963693,1.274,1.0300000015656,0.1749999982495406,9.61735579438328,345.0001478400497,0.1561234744228025,6.238796571652346e-06,-0.1914888903337663,0.0745224919288647,0.0301655297385059,0.3873913917187612,9.827353475340432,53.09790719641558,4.811528008581381
9.72,31.220254407006465,131.01298015962263,100.96322586915866,0.3093530841963914,0.1761136786877164,-5.024208920666499,-1.2255877746506456,-1.2640216285712944,0.0,53.00660073891046,35.3963175420103,-34.05170822994762,16.73718650591283,138.3931231968726,1704.335981911874,1.274,1.0300000015656,0.1849999981495351,9.612630528127278,345.0001478400497,0.1559449927129771,6.216953997058213e-06,-0.1928111784847758,0.0753300481530666,0.0303400845041113,0.3559705846446435,9.817259495557364,53.0342645673071,5.323766650537379
9.73,31.22025229227333,131.01298294235795,100.66361257242912,0.2840879512507071,0.1556764732050789,-5.544933583071578,-1.247404707198424,-1.3067718542914617,0.0,52.94080842188768,35.30077500191511,-34.17028226852864,16.7306788029039,138.4047358587037,1700.1567427080151,1.274,1.0300000015656,0.1949999980495295,9.607886108260873,345.0001478400497,0.1557509047316948,6.1952692540202605e-06,-0.1940099424658804,0.0760383944552974,0.0304917042348911,0.3239458747267277,9.807829520841208,52.96526199502765,5.831805862971104
9.74,31.220250184178926,131.0129857182512,100.36371208496092,0.2583408659596447,0.1349396166856501,-6.0609528407171895,-1.2636537512115138,-1.3419648263161157,0.0,52.86973845016668,35.20087551623569,-34.289591437163885,16.724013222489678,138.41659371344798,1695.6440114397826,1.274,1.0300000015656,0.204999997949524,9.60309002082442,345.0001478400497,0.1555412908494292,6.1737072771353e-06,-0.1950831234870444,0.0766463981477132,0.0306200952459213,0.2914593964526967,9.799123729623004,52.89093469599474,6.335048518789603
9.75,31.2202480830144,131.01298848699412,100.0635552259322,0.2321628326586026,0.1139784938269299,-6.571979692240644,-1.2743567236006244,-1.3695659543030936,0.0,52.79348000770624,35.09667222710774,-34.409549737635295,16.71721156422255,138.4286564712348,1690.8048316476857,1.274,1.0300000015656,0.2149999978495185,9.59828978398089,345.0001478400497,0.1553164136560603,6.15223359349824e-06,-0.1960290870497974,0.0771533151628053,0.0307250802097762,0.2586321844306086,9.79121414748682,52.81138369584151,6.833052980725065
9.76,31.220245989067177,131.01299124828236,99.76317263270823,0.2056364478017778,0.0928541126635584,-7.077718369725121,-1.2795505762946633,-1.3895868563605025,0.0,52.71209041268202,34.98822080174696,-34.530070292583915,16.710296043131184,138.44088349619344,1685.644275810983,1.274,1.0300000015656,0.2249999977495129,9.593485887912674,345.0001478400497,0.1550764419899269,6.1308144807939086e-06,-0.1968466179405992,0.0775587889937644,0.030806543025872,0.2256284509607109,9.784164798764769,52.72667589620749,7.325455523707061
9.77,31.220243902620847,131.01299400181531,99.4625947389723,0.1788444314964404,0.0716272896745141,-7.57787967681017,-1.2792941337383277,-1.4020694347699492,0.0,52.62562980901453,34.87557942523852,-34.65106565965563,16.703289214349883,138.4532339478872,1680.1676713945667,1.274,1.0300000015656,0.2349999976495074,9.588678819714936,345.0001478400497,0.1548215529998206,6.109417107593296e-06,-0.197534981362707,0.0778628162123576,0.0308644577754018,0.1926545681811934,9.778038648399056,52.63688099443581,7.811955745954148
9.78,31.22024182395502,131.0129967472966,99.16185176180404,0.1518736080659309,0.0503565236423664,-8.072179007882571,-1.273666170702066,-1.407087851787072,0.0,52.5341564541941,34.758808715737345,-34.77244815227699,16.69621390220334,138.46566691175914,1674.3802954084936,1.274,1.0300000015656,0.2449999975495018,9.583862764046684,345.0001478400497,0.1545519182818415,6.088009648411166e-06,-0.1980939178442788,0.0780657407207138,0.0308988845048608,0.1600042698230323,9.772896337663292,52.54206643741252,8.292297369989674
9.79,31.22023975334509,131.01299948443415,98.8609736937273,0.1248395660519548,0.0290865608504076,-8.56032014055452,-1.2627550336334163,-1.4047688290100786,0.0,52.43769972304247,34.637971824416226,-34.8941301711366,16.689093137416133,138.47814151235673,1668.2856540838652,1.274,1.0300000015656,0.2549999974494963,9.5789886392508,345.0001478400497,0.1542676244586149,6.066561399784271e-06,-0.198523743363083,0.0781681975581927,0.0309099681014822,0.1281832435840377,9.768789891938578,52.442268629140514,8.766242447406313
9.8,31.22023769106221,131.01300221294025,98.55999027984764,0.0977860158360894,0.0078936484531114,-9.04205871908622,-1.2466899334015888,-1.395220176790822,0.0,52.33636879267827,34.51313410290754,-35.016024560783364,16.68195011249212,138.49061699206007,1661.8923992434147,1.274,1.0300000015656,0.2649999973494908,9.574112759823027,345.0001478400497,0.1539689929222571,6.045042829435176e-06,-0.1988252116952122,0.0781711634759167,0.0308979798989031,0.0981041004185275,9.765786771348653,52.33760872407387,9.233617980573607
9.81,31.22023563737301,131.013004932532,98.25893101785294,0.0707933973904318,-0.0131640428646377,-9.517137706892106,-1.2256095343749351,-1.3785958209655285,0.0,52.230234182174605,34.3843629382426,-35.138044865379165,16.674808079466008,138.5030528878846,1655.2067677114287,1.274,1.0300000015656,0.2749999972494852,9.569235604011707,345.0001478400497,0.1536562313315968,6.023425678578371e-06,-0.1989994357935453,0.0780759771784001,0.0308632348597276,0.0720069236299023,9.76394351814441,52.22816637917504,9.694253725804884
9.82,31.220233592539635,131.01300764293117,97.95782513117376,0.0439409767684728,-0.0340294698181702,-9.985309406453045,-1.1996700073771207,-1.3550747982918672,0.0,52.119368747759744,34.25172777561933,-35.260105607459515,16.66769026653837,138.51540917190331,1648.2351934674875,1.274,1.0300000015656,0.2849999971494797,9.56435764576078,345.0001478400497,0.1533295542174991,6.00168306344062e-06,-0.1990479625090344,0.0778842876656675,0.0308061262367127,0.055577099858296,9.76331458953636,52.11402341145469,10.147996835738846
9.83,31.220231556819467,131.01301034386455,97.65670157097256,0.0173093389293629,-0.0546481028307234,-10.44633401429942,-1.1690430757368282,-1.3248617000646097,0.0,52.003844685526985,34.11530001760131,-35.38212257215389,16.660619804044728,138.52764637245755,1640.9841128077608,1.274,1.0300000015656,0.2949999970494741,9.559475389075242,345.0001478400497,0.152989174164993,5.9797895434589646e-06,-0.1989727578346564,0.0775980417229691,0.0307271203652766,0.0573238891451674,9.76395152929367,51.99526058290922,10.594706913149384
9.84,31.220229530465136,131.01301303506395,97.3555889912914,-0.0089874011189958,-0.0749825227768845,-10.89995593838394,-1.1339029720156892,-1.2882120647929889,0.0,51.88369926076814,33.97515312438965,-35.504013094598434,16.65361965939474,138.5397256772069,1633.4578027896748,1.274,1.0300000015656,0.3049999969494686,9.554534214658014,345.0001478400497,0.1526352009933634,5.9577211888831326e-06,-0.1987762923492403,0.0772194252718263,0.0306267483782318,0.0755192164598227,9.765894696111117,51.87192103699501,11.03423154245621
9.85,31.220227513724303,131.01301571626655,97.0545157460704,-0.0349155791449692,-0.0949617910630647,-11.345985074073212,-1.094461724923072,-1.2453484586617165,0.0,51.75905497350796,33.83136227178363,-35.62569637026643,16.646712594062326,138.55160899588031,1625.6659517023147,1.274,1.0300000015656,0.3149999968494631,9.54959363936866,345.0001478400497,0.1522679952682245,5.93545558442994e-06,-0.1984614152040836,0.0767508973731782,0.0305056563656642,0.10117726183573,9.769201576540812,51.74413841707839,11.466477948869253
9.86,31.2202255068396,131.01301838721474,96.75350987721924,-0.0604029900335076,-0.1145349078212719,-11.784215318141944,-1.0509337877133202,-1.1965351452042472,0.0,51.6299929794339,33.68400412085269,-35.747093657782514,16.639921063957058,138.56325911840793,1617.615659307547,1.274,1.0300000015656,0.3249999967494575,9.544654123932872,345.0001478400497,0.1518877959203231,5.912971878565907e-06,-0.1980312436697432,0.0761952148161463,0.0303645122711208,0.1294865300113662,9.773917053474126,51.61200189016657,11.891336713935809
9.87,31.220223510048527,131.01302104765645,96.45259909672389,-0.085379672460681,-0.1336527473648014,-12.21445176986406,-1.0035449319192795,-1.1420535943140795,0.0,51.49659623011597,33.53315686653669,-35.86812849629698,16.633267138249497,138.57463983856698,1609.3141596719547,1.274,1.0300000015656,0.334999996649452,9.539716123635667,345.0001478400497,0.1514948471592724,5.890250839109954e-06,-0.1974892399429525,0.0755553725720951,0.0302040419460258,0.1585961289762708,9.780083378810993,51.47560212469286,12.308705085467025
9.88,31.2202215235834,131.01302369734515,96.15181079161596,-0.1097735561991345,-0.1522701746847465,-12.636507451869695,-0.952529500877474,-1.0822039391596092,0.0,51.35894468812668,33.37890012769925,-35.98872692616849,16.626772430674833,138.5857160539841,1600.768517108604,1.274,1.0300000015656,0.3449999965494464,9.534773644230343,345.0001478400497,0.1510893843970957,5.867274873711788e-06,-0.1968391898277793,0.0748345868997446,0.0300250217075527,0.1877136419369046,9.787738960374451,51.33502617317495,12.718482550883687
9.89,31.220219547671192,131.0130263360402,95.85117199315768,-0.1334839526222378,-0.170357844093797,-13.050181320107164,-0.8981187023784598,-1.017327381259736,0.0,51.21708796405467,33.22131508227421,-36.10881771070576,16.62045804267388,138.59645384412718,1591.98392335764,1.274,1.0300000015656,0.3549999964494409,9.529776286949057,345.0001478400497,0.1506715537512908,5.844028050623714e-06,-0.1960852911552732,0.0740362302987768,0.0298282744999501,0.2164248325531498,9.796911439302646,51.19032825590879,13.12054894781071
9.9,31.22021758253349,131.01302896350649,95.55070938280542,-0.1564889969531565,-0.1878551103388076,-13.455343380347465,-0.8405748307956552,-0.9477217759662804,0.0,51.071155490622665,33.06048403800504,-36.22833257481639,16.61434452877873,138.60682050909676,1582.9705498938572,1.274,1.0300000015656,0.3649999963494354,9.524781814075451,345.0001478400497,0.1502417361578425,5.820496053662971e-06,-0.1952319980243777,0.0731638714257835,0.029614708927074,0.2444959322722654,9.80764524282158,51.0416473317616,13.514843990733603
9.91,31.22021562838641,131.01303157951483,95.25044928127434,-0.1787294595932657,-0.2047213999819727,-13.851845506386924,-0.7801554608825895,-0.8737192189336721,0.0,50.92123629707245,32.89649023444055,-36.34720633032624,16.60845180533499,138.61678470335823,1573.7360422578984,1.274,1.0300000015656,0.3749999962494298,9.519790663712769,345.0001478400497,0.1498001936872539,5.796666193011396e-06,-0.1942839279505122,0.0722212862941008,0.0293852334761715,0.2717626453261752,9.81997180555197,50.88907880318634,13.90128237787761
9.92,31.220213685440584,131.01303418384225,94.95041762766309,-0.2001491065459289,-0.2209185132813628,-14.23955147781372,-0.717122669512754,-0.7956599631323577,0.0,50.76742064591103,32.72941789179642,-36.465377018271646,16.602799082275933,138.626316528636,1564.2881169953891,1.274,1.0300000015656,0.3849999961494243,9.51480326773609,345.0001478400497,0.1493471920331643,5.772527416049641e-06,-0.1932459286275757,0.0712124004931132,0.0291407898309473,0.2981014187154071,9.833919833595472,50.73271893297704,14.279781720648526
9.93,31.22021175390107,131.0130367762714,94.65063998541748,-0.2206853822310453,-0.2364147836471988,-14.61832901733858,-0.6517387254601207,-0.7138976772172954,0.0,50.60979048249252,32.559352107733005,-36.58278605074418,16.597404807859263,138.6353876036887,1554.633969489063,1.274,1.0300000015656,0.3949999960494187,9.509806948517006,345.0001478400497,0.1488829724170128,5.748070287802156e-06,-0.1921230557879334,0.070141269721372,0.0288823427531663,0.3234095104695985,9.849512866574056,50.57265464049448,14.65025448649148
9.94,31.220209833967253,131.0130393565913,94.35114153040072,-0.2402609344647456,-0.2511887854667446,-14.988040989377955,-0.5842598431948433,-0.6288097160722924,0.0,50.4484110670964,32.38637903683865,-36.699378357906006,16.592286630161407,138.6439711051299,1544.7797653440423,1.274,1.0300000015656,0.4049999959494132,9.504764018825377,345.0001478400497,0.1484077269719056,5.7232869720162856e-06,-0.190920672256913,0.0690120094484951,0.0286108890452356,0.3475927973140513,9.866767039889815,50.40895455133527,15.012599172783862
9.95,31.22020792583288,131.01304192459693,94.05194703796984,-0.2588660546224858,-0.265193719184787,-15.348616925076692,-0.5149639555283902,-0.540726010002509,0.0,50.28341282868857,32.210585331350586,-36.815102538963295,16.587461374975568,138.65204178041614,1534.7356498331465,1.274,1.0300000015656,0.4149999958494076,9.499726165342896,345.0001478400497,0.147921839537707,5.698171146169913e-06,-0.1896442399390403,0.067828853956492,0.0283274713928126,0.3705925854606534,9.885712709686604,50.24175644542492,15.366769797395202
9.96,31.220206029685947,131.01304448008963,93.7530808760172,-0.2764575465849299,-0.2784014007174909,-15.69996790868272,-0.4441182567169894,-0.4500014133433283,0.0,50.114889865603,32.03205804822711,-36.92991090124357,16.58294496943754,138.6595760513935,1524.5095035664317,1.274,1.0300000015656,0.4249999957494021,9.494693799008244,345.0001478400497,0.1474255870719385,5.672717989745277e-06,-0.1882992797588262,0.0665961441196806,0.0280331133400067,0.3923461653783401,9.906368074886576,50.07115884792349,15.712693423841362
9.97,31.220204145708767,131.01304702287683,93.45456700496896,-0.2929956080596137,-0.2907862513903361,-16.042016527338735,-0.3719881126955066,-0.3569902757589857,0.0,49.94293695757574,31.85088468166812,-37.04375952444131,16.57875239494706,138.66655206814457,1514.1092186242447,1.274,1.0300000015656,0.4349999956493966,9.489667323916226,345.0001478400497,0.1469192485314292,5.646924158593408e-06,-0.1868914202780731,0.0653182786275302,0.0277288468054704,0.4127981749908794,9.928748822534669,49.89726055610412,16.05029942014735
9.98,31.220202274077856,131.01304955277217,93.156428963867,-0.3084266695641977,-0.3023326700937805,-16.374681138582694,-0.2988303793732159,-0.2620583892378497,0.0,49.76763277899851,31.6671530883386,-37.15660832067476,16.57489765162141,138.67294974344858,1503.5416795639278,1.274,1.0300000015656,0.444999995549391,9.484623815602482,345.0001478400497,0.1464030554901544,5.620787738130033e-06,-0.1854263836097303,0.0639996922708999,0.0274156997040429,0.4318925456749822,9.952863666996295,49.72014269461612,16.37950416176455
9.99,31.22020041496394,131.0130520695956,92.85868986838082,-0.3227044299904963,-0.3130259706896266,-16.697893050923405,-0.224896721529361,-0.1655711460993528,0.0,49.589060573852464,31.480951687950164,-37.268421109690486,16.57139374610879,138.6787507487075,1492.8140216249817,1.274,1.0300000015656,0.4549999954493855,9.479545543728593,345.0001478400497,0.1458772529599282,5.5943081933437306e-06,-0.1839100870680481,0.0626447875185605,0.0270947215980187,0.4495802168159554,9.978719949743612,49.53989081396155,16.700228282267624
10.0,31.22019856853196,131.01305457317335,92.56137240384648,-0.3358301397080671,-0.3228352732979094,-17.01163507176808,-0.1504493460138081,-0.067850886723317,0.0,49.40734641780018,31.29236877302627,-37.379165674912535,16.568252681802285,138.68393850651208,1481.9359178419847,1.274,1.0300000015656,0.4649999953493799,9.474474423884276,345.0001478400497,0.1453422119462493,5.567486261730964e-06,-0.1823483864798836,0.0612580139992445,0.0267669654264216,0.4658361330801852,10.00633434389078,49.35663583998232,17.012435644655792
10.01,31.220196734941048,131.01305706333807,92.26449881731476,-0.3477779282734922,-0.3317454273793042,-17.31587369401574,-0.075735784764765,0.0307653598884484,0.0,49.22258677937803,31.10149256903408,-37.48881372321976,16.5654854038309,138.68849825838052,1470.9151987272132,1.274,1.0300000015656,0.4749999952493744,9.469410836241623,345.0001478400497,0.1447982163527448,5.5403239316523736e-06,-0.1807471037305519,0.059843831424121,0.0264334510958984,0.4806278855588823,10.035713254594553,49.17047662066605,17.316066649316443
10.02,31.22019491434455,131.0130595399284,91.96809091556044,-0.3585253744447436,-0.3397438680307871,-17.610585687183644,-0.0009967225468451,0.1299481603043717,0.0,49.0348782926608,30.908411236122983,-37.5973408771442,16.563101777201673,138.69241707794507,1459.7596536816295,1.274,1.0300000015656,0.4849999951493689,9.464355153420778,345.0001478400497,0.1442455505646508,5.512824392264236e-06,-0.1791120540304589,0.058406673922027,0.0260951854114542,0.4939279638287067,10.066860936956749,48.98151176340113,17.61106515130359
10.03,31.22019310689004,131.0130620027894,91.67217006110486,-0.3680258389759293,-0.3468322352289457,-17.8957314790478,0.0735438989241253,0.2293542141231711,0.0,48.84429175347427,30.713212856133275,-37.70472666131754,16.561110574549524,138.69568386898789,1448.4754850000152,1.274,1.0300000015656,0.4949999950493633,9.4592712426241,345.0001478400497,0.1436844229539196,5.484991973355532e-06,-0.17744905169391,0.0569509244936277,0.0257531485935588,0.5057014565759965,10.09977233399324,48.78981180608466,17.897352240786553
10.04,31.220191312719244,131.01306445177244,91.37675716128103,-0.3762696637015933,-0.3530004326537204,-18.17131144488762,0.1476620660388018,0.3286706873881768,0.0,48.65092991586727,30.515985579581496,-37.81095451685088,16.559519493878835,138.69828931530603,1437.0707490040984,1.274,1.0300000015656,0.5049999949493578,9.454167367222098,345.0001478400497,0.1431151358988085,5.456832071776352e-06,-0.1757639886670387,0.0554808615147003,0.0254083358702096,0.5159325284446101,10.134449241483576,48.59548108836117,18.174883442091147
10.05,31.220189531968185,131.01306688673495,91.08187267419518,-0.3832663983140698,-0.3582342139442373,-18.437351542963324,0.2211356065467768,0.4276136323707587,0.0,48.45490985046387,30.31681687749964,-37.91601176408199,16.5583351571287,138.7002258631701,1425.5542777709354,1.274,1.0300000015656,0.5149999948493523,9.449072584608947,345.0001478400497,0.1425380338865361,5.428351044557019e-06,-0.1740625608184682,0.0540007479205494,0.0250617073672834,0.5246169745502177,10.17089568634164,48.398638918350656,18.44363538714329
10.06,31.22018776476713,131.01306930754083,90.787536595804,-0.3890071633623681,-0.3625309259509545,-18.693866500307102,0.2937583349313496,0.5258949942273682,0.0,48.25632792023171,30.115793750751088,-38.01988950166659,16.557563081339737,138.7014877493647,1413.9336061250087,1.274,1.0300000015656,0.5249999947493467,9.44398724111029,345.0001478400497,0.1419534004834187,5.399556184123429e-06,-0.1723503553276038,0.0525147759100767,0.0247141823757599,0.5317454521942859,10.209108152508543,48.1993820755257,18.703569291330442
10.07,31.22018601124064,131.0130717140598,90.49376846587585,-0.3934862913075753,-0.3658902727819723,-18.94087964853816,0.3653341788591805,0.6232391528987797,0.0,48.05528019397064,29.913002697269604,-38.12258253908558,16.557207681535555,138.7020709782668,1402.216184328183,1.274,1.0300000015656,0.5349999946493412,9.43891167495116,345.0001478400497,0.141361518385133,5.370455656354036e-06,-0.1706328584447849,0.0510270452470635,0.0243666511702408,0.5373128031513948,10.249081346122464,47.99780667495957,18.954651618121495
10.08,31.220184271507605,131.01307410616792,90.20058735705612,-0.3966606990799294,-0.3683310877074383,-19.178382440579167,0.4356911503972094,0.719349304900864,0.0,47.85182570930121,29.708529807393774,-38.22408932646629,16.55727228270101,138.70197328527536,1390.407240588049,1.274,1.0300000015656,0.5449999945493356,9.433794159337808,345.0001478400497,0.1407625613498643,5.341058438797762e-06,-0.1689154957018743,0.0495415302077902,0.0240199621539665,0.5412996701514291,10.29079784085725,47.79396879584819,19.196813361548084
10.09,31.22018254568125,131.01307648374723,89.90801187983519,-0.3985610982467402,-0.3698449412565917,-19.40644248293488,0.5046473802138796,0.8139946007366426,0.0,47.64608759512375,29.5024607183318,-38.324411921090096,16.557759164687425,138.70119404829123,1378.5156756114495,1.274,1.0300000015656,0.5549999944493301,9.42867383117456,345.0001478400497,0.1401568916644401,5.311374229042961e-06,-0.167203643222286,0.0480620594953397,0.0236749744267444,0.5437223770509486,10.33425687552448,47.58799289104517,19.430060885953107
10.1,31.22018083386924,131.01307884668591,89.61606017061797,-0.3992014876355134,-0.370433815399675,-19.625116969603905,0.57203613313916,0.9069486722994224,0.0,47.4381700349842,29.29487997672456,-38.423555868244,16.55866956390057,138.69973427053495,1366.5491964057196,1.274,1.0300000015656,0.5649999943493245,9.423564385878423,345.0001478400497,0.1395448158794331,5.281413359818954e-06,-0.1655023972674719,0.0465923927297233,0.023332482609453,0.5445923419122438,10.379450979767592,47.3799828327017,19.65438875423089
10.11,31.220179136173662,131.01308119487794,89.32474990365152,-0.3985883218056641,-0.3701060886778354,-19.834460176691504,0.6377052252086998,0.997991792529806,0.0,47.22816712046873,29.08587132436699,-38.52153006375159,16.560003672307754,138.69759656862996,1354.5148447731628,1.274,1.0300000015656,0.574999994249319,9.418466133460942,345.0001478400497,0.1389266108533055,5.251186771674164e-06,-0.1638166904269561,0.045136161069669,0.0229932384756766,0.5439199917580976,10.426368477876451,47.17003139630436,19.86978777121126
10.12,31.22017745269115,131.0130835282233,89.03409827710632,-0.3967276858014532,-0.3688734007526788,-20.03453007898356,0.7015150023706558,1.0869166102001095,0.0,47.01616951647626,28.8755176426347,-38.618346642661685,16.561760660691732,138.6947851226161,1342.4193881305116,1.274,1.0300000015656,0.5849999941493134,9.413375475994073,345.0001478400497,0.1383025433594419,5.220705950070869e-06,-0.1621512868452762,0.043696857207218,0.0226579539740896,0.5417178858806717,10.474995450139094,46.958227418452125,20.076252302204637
10.13,31.22017578351285,131.01308584662772,88.74412202202083,-0.3935850856024458,-0.3667669471656882,-20.22534695463215,0.763352393183487,1.1734924103596596,0.0,46.80222962154921,28.6639012169914,-38.71402087573078,16.563938714255432,138.69130560740325,1330.2673410779043,1.274,1.0300000015656,0.5949999940493079,9.408234949252188,345.0001478400497,0.1376727676024759,5.1899828694706e-06,-0.1605108737891492,0.042277789188862,0.0223272977094109,0.5379824321007938,10.52530583929794,46.74461839766261,20.273737956987574
10.14,31.220174128724576,131.01308815000277,88.45483739235982,-0.3892244593067669,-0.3637803926822508,-20.40703332182804,0.8230861746208714,1.2575800316053891,0.0,46.5864830402928,28.45110328946785,-38.80857109533187,16.566535093503475,138.68716508518312,1318.067886693928,1.274,1.0300000015656,0.6049999939493023,9.403106651975696,345.0001478400497,0.1370376825405092,5.159029888774225e-06,-0.1588999447850079,0.0408821169847076,0.0220019370713243,0.532756809546315,10.577296279340336,46.52934093375393,20.46230650207705
10.15,31.220172488406767,131.01309043826564,88.16626017694058,-0.3836627205979773,-0.3599294481292328,-20.579668823723303,0.880610539927492,1.3390204633454084,0.0,46.36902073147284,28.2372038082186,-38.90201851865367,16.569546137383007,138.68237199155675,1305.827564998176,1.274,1.0300000015656,0.6149999938492969,9.397990864694316,345.0001478400497,0.1363975557962832,5.127859704554216e-06,-0.1573226989675156,0.0395128836144597,0.0216824630294219,0.5260649717665589,10.630949643287227,46.31248351782604,20.641977124743114
10.16,31.22017086263466,131.0130927113391,87.87840568750272,-0.3769190744615678,-0.3552314348878136,-20.743338602055942,0.9358312411590158,1.4176698965070311,0.0,46.149932713497634,28.02228163826157,-38.99438709536864,16.57296728676619,138.67693608997763,1293.5527791806237,1.274,1.0300000015656,0.6249999937492913,9.392887859747248,345.0001478400497,0.135752652221502,5.096485317898011e-06,-0.1557831334783432,0.0381729723543093,0.0213694249094772,0.5179339153563177,10.686247553960357,46.09413344767332,20.812776470402397
10.17,31.22016925147832,131.01309496915152,87.5912887686477,-0.3689962002704894,-0.3497127405426915,-20.898113873199588,0.9886713058724332,1.4933844451918916,0.0,45.92929224582348,27.806414546951668,-39.08570336997626,16.57679312167379,138.67086840529728,1281.2489124349183,1.274,1.0300000015656,0.6349999936492858,9.387775287882723,345.0001478400497,0.1351031873657714,5.064919979744821e-06,-0.1542850465117815,0.0368651001415369,0.0210633241199669,0.5083851943869107,10.74316595036317,45.87435983807622,20.974718866039986
10.18,31.22016765500268,131.01309721163656,87.3049237918711,-0.3599006012643358,-0.3434003607317269,-21.044071546804936,1.0390663473161534,1.566031436921106,0.0,45.70717357994628,27.5896795385276,-39.175996370283336,16.581017418893524,138.66418112608227,1268.9213342957592,1.274,1.0300000015656,0.6449999935492802,9.38263305192017,345.0001478400497,0.1344493796926394,5.033177137924809e-06,-0.1528321544256906,0.035591768255674,0.0207646390574002,0.4974441672942262,10.801680214736296,45.65323270036275,21.127826689051464
10.19,31.22016607326762,131.01309943873335,87.01932466550278,-0.3496932910688956,-0.3363014001529837,-21.181347387930263,1.086945465105366,1.6355384121360492,0.0,45.48369387257624,27.372152084469448,-39.26529749195961,16.585633210658,138.65688750654547,1256.5777138024814,1.274,1.0300000015656,0.6549999934492747,9.37750453998169,345.0001478400497,0.1337915738683838,5.001270337928912e-06,-0.1514278647840853,0.0343553468380143,0.0204738134579399,0.4851624730326784,10.861777178998924,45.43086807549592,21.2721863829242
10.2,31.22016450632813,131.0131016503863,86.7345048277464,-0.3384014798475948,-0.3284386020901861,-21.31004558816916,1.1322586688318554,1.7018210505806215,0.0,45.25893884647208,27.153906274979487,-39.3536403001114,16.59063279379167,138.6490018479219,1244.2238725783957,1.274,1.0300000015656,0.6649999933492691,9.372389994250064,345.0001478400497,0.1331300220899295,4.969213209107114e-06,-0.1500753173988373,0.033158056888759,0.0201912288633444,0.4715784373636814,10.923434005663054,45.20734811404143,21.40785480965321
10.21,31.220162954234272,131.01310384654477,86.45047725264122,-0.326054027256489,-0.3198358291584461,-21.43027437594061,1.1749664045475217,1.7648090832371128,0.0,45.03299303124257,26.93501491369593,-39.44106037561632,16.596007768676724,138.6405394332842,1231.865480307899,1.274,1.0300000015656,0.6749999932492636,9.367289648428327,345.0001478400497,0.132464973040003,4.937019428307274e-06,-0.1487774323576319,0.0320019507745635,0.0199172259650282,0.4567330533812143,10.986626842767514,44.98275359759861,21.534896261189377
10.22,31.220161417031377,131.01310602716325,86.16725445105493,-0.3126452205081444,-0.3105323286064424,-21.54210840758149,1.2150506118331956,1.8244160781639465,0.0,44.80591052086027,26.71554961517274,-39.527595170306654,16.601749085081124,138.63151645237133,1219.5064632540857,1.274,1.0300000015656,0.684999993149258,9.362161438351457,345.0001478400497,0.1317965858704411,4.904702678156166e-06,-0.1475369436356922,0.0308888994392212,0.019652097033643,0.4406545176518535,11.05132269703489,44.75713245555254,21.653343313668042
10.23,31.22015989476005,131.01310819220123,85.88484847664627,-0.2982229981573027,-0.3005473644241639,-21.645678854372967,1.2524886484299005,1.8806060711972288,0.0,44.577787095682126,26.495580983633754,-39.613283904630784,16.60784711568073,138.62194988379463,1207.1529510955763,1.274,1.0300000015656,0.6949999930492525,9.357024650968784,345.0001478400497,0.1311251423499091,4.872276589056897e-06,-0.1463564728034072,0.029820565323532,0.0193961282674882,0.4233968105319001,11.117499745239696,44.5305774425774,21.76329065366997
10.24,31.220158387456248,131.01311034162316,85.60327092884471,-0.2828404404687225,-0.289899569801105,-21.741124998464905,1.287264184608892,1.9333639456662008,0.0,44.34871976099691,26.275177828178567,-39.69816741434832,16.61429169766507,138.6118574283994,1194.8110383023138,1.274,1.0300000015656,0.7049999929492469,9.351902907022833,345.0001478400497,0.1304509278453805,4.839754668900558e-06,-0.1452382921574648,0.0287984947842412,0.019149550783756,0.4050182621336441,11.185135998527151,44.30318263735535,21.864845332776866
10.25,31.22015689515144,131.01311247539803,85.32253294887313,-0.2665318230387871,-0.2786162691274053,-21.828568773860628,1.3193756218736492,1.9826716910915736,0.0,44.11878789431432,26.05440753016106,-39.782287962987645,16.62107215200316,138.60125747823483,1182.485770663878,1.274,1.0300000015656,0.7149999928492414,9.346796409993292,345.0001478400497,0.1297741758673966,4.807150303936631e-06,-0.1441844404094659,0.027824076479366,0.0189125489756499,0.3855718845678706,11.25420407489294,44.07502312558266,21.958099958361917
10.26,31.22015541787263,131.01311459349947,85.04264523068,-0.24933243081396,-0.2667254259447053,-21.908134938568388,1.348829861804345,2.028523003497647,0.0,43.88806950362254,25.833336062360434,-39.865689095982056,16.628177328014715,138.59016904627663,1170.1820357739243,1.274,1.0300000015656,0.7249999927492359,9.341705355100924,345.0001478400497,0.1290951158939956,4.774476725626713e-06,-0.1431967413279149,0.0268985377305674,0.0186852710424319,0.3651145913595802,11.32467581577219,43.84617252301577,22.043153677691745
10.27,31.22015395564252,131.01311669590584,84.76361802690232,-0.231223298205421,-0.2542771632846508,-21.97989356006075,1.3756593097699297,2.0708767278793143,0.0,43.65659846287768,25.612028263859425,-39.94841550782147,16.63559565479699,138.57861168604856,1157.9022956473448,1.274,1.0300000015656,0.7349999926492304,9.33656742943212,345.0001478400497,0.1284138475810068,4.7417469816951954e-06,-0.1422768843291749,0.0260229181345048,0.0184678222171324,0.3436869773460765,11.396510696599607,43.61665683058292,22.120051760116404
10.28,31.220152508479515,131.0131187825998,84.48546114190502,-0.2122938486811216,-0.241279748059573,-22.04402783916136,1.3998723249084664,2.1097854831541927,0.0,43.42449146608725,25.390547599574823,-40.03051295181056,16.643315218172184,138.56660537215623,1145.6533466884334,1.274,1.0300000015656,0.7449999925492248,9.331442453513391,345.0001478400497,0.1277307141924724,4.708973869483154e-06,-0.1414263822089046,0.0251980905542702,0.0182603138246665,0.321378793016274,11.46969058701117,43.38659144390648,22.188961234918004
10.29,31.220151076397894,131.01312085356835,84.20818394967277,-0.1925844710971654,-0.2277614236316017,-22.100672588829244,1.4214976617032855,2.14527711875476,0.0,43.191824371849,25.16895572825801,-40.11202806462217,16.651323780881416,138.55417046988703,1133.4397129229935,1.274,1.0300000015656,0.7549999924492193,9.326333663728288,345.0001478400497,0.1270459388723668,4.676169907986254e-06,-0.1406464317811605,0.0244248194258716,0.0180627933555795,0.2982680828409348,11.544185931110384,43.156047785310825,22.250002211170877
10.3,31.22014965940784,131.01312290880267,83.9317953868485,-0.1721333930083094,-0.2137517821142436,-22.149961857693643,1.4405715294126429,2.177386778769316,0.0,42.95866946867113,24.947312855177312,-40.193008208832445,16.659608811263407,138.54132769177644,1121.2656480295263,1.274,1.0300000015656,0.7649999923492137,9.3212412254653,345.0001478400497,0.1263597342597161,4.643347338403681e-06,-0.139938030046762,0.0237037225992437,0.017875276544732,0.2744441507537914,11.619966024068596,42.92509349513677,22.303297285670496
10.31,31.220148257515607,131.0131249482982,83.6563039656563,-0.1509633111700569,-0.1992868007856915,-22.192015101369005,1.4571410491749617,2.2061458854696703,0.0,42.72508561550303,24.725677746178903,-40.273501342161694,16.6681575258618,138.52809803279567,1109.134627982835,1.274,1.0300000015656,0.7749999922492082,9.316147789540484,345.0001478400497,0.1256722734879838,4.610518098955053e-06,-0.1393019848318105,0.0230352737919944,0.0176977455040213,0.2500101165617824,11.696996492114172,42.69378178115655,22.348956887616822
10.32,31.220146870723543,131.0131269720542,83.38171777688001,-0.1290854210690671,-0.1844070743781025,-22.226940676987965,1.4712640440203804,2.231580698617828,0.0,42.491121904112575,24.50410814470475,-40.35355591400606,16.676956946273307,138.51450268388805,1097.049558749883,1.274,1.0300000015656,0.7849999921492026,9.311023164928224,345.0001478400497,0.1249837009582717,4.577693802774354e-06,-0.138739035714911,0.0224197638310371,0.0175301664201692,0.2250976620873349,11.775240402545766,42.46215535861565,22.387082484325937
10.33,31.22014549903025,131.013128980074,83.10804449085651,-0.1065826983925993,-0.1691255812768625,-22.254922239829984,1.4829817272497547,2.2537828875050114,0.0,42.256879231865526,24.282660037186343,-40.43322077575876,16.68599396143817,138.50056293759934,1085.0159517916352,1.274,1.0300000015656,0.7949999920491971,9.305915558290977,345.0001478400497,0.1242943134498881,4.54488567099162e-06,-0.1382496697179252,0.0218573776144002,0.017372492132277,0.1999082310608996,11.854674469312272,42.230313086260864,22.417857524934142
10.34,31.220144142430584,131.0131309723645,82.83529137139041,-0.0834945405438591,-0.1534722508320912,-22.276100132686054,1.4923521182034136,2.272819319319084,0.0,42.02242390172601,24.061387772383306,-40.51254501142023,16.69525533427881,138.48630017999886,1073.0374379449422,1.274,1.0300000015656,0.8049999919491915,9.300825105906936,345.0001478400497,0.1236043059820029,4.512104543108972e-06,-0.1378341409060019,0.0213481942402036,0.0172246298249651,0.1747142049259752,11.935266290284254,41.99831656576669,22.441422852048216
10.35,31.22014280091587,131.01313294893654,82.56346527376435,-0.0598603622274012,-0.137476927421266,-22.290615831482025,1.4994375647394236,2.288763170914479,0.0,41.78782069716404,23.84034423944585,-40.59157781427943,16.704727733702505,138.4717358434048,1061.1174959402117,1.274,1.0300000015656,0.814999991849186,9.295751936427962,345.0001478400497,0.1229138691011271,4.479360871215704e-06,-0.1374925346442751,0.0208921705942542,0.0170864637377791,0.1499438617026914,12.01698316544146,41.76622589262389,22.45792296740291
10.36,31.22014147447394,131.0131349098043,82.29257265467811,-0.0356836880652352,-0.1211829620425072,-22.29857520142,1.5043148592237603,2.301665259976004,0.0,41.5531072328707,23.61958098338744,-40.670368378520095,16.714397771847075,138.4568913511884,1049.2581590544771,1.274,1.0300000015656,0.8249999917491804,9.2906582178175,345.0001478400497,0.1222231134371776,4.446664705583752e-06,-0.1372248001287617,0.0204891372006263,0.016957849453991,0.1263274870520491,12.09978570175288,41.53407187189819,22.46746719543716
10.37,31.220140163089223,131.0131368549856,82.02261958019862,-0.011013755036152,-0.1046158897309839,-22.300131183860945,1.5070524218001369,2.311612763800773,0.0,41.318353165751184,23.399148490983848,-40.74896583342871,16.724252064715834,138.44178802691556,1037.4630270433215,1.274,1.0300000015656,0.834999991649175,9.2855548876383,345.0001478400497,0.1215322438657137,4.4140256674139285e-06,-0.1370308408074379,0.0201387724985495,0.0168386498343886,0.1051940447464466,12.183642901605216,41.30192014935076,22.470216095739435
10.38,31.220138866742843,131.0131387845016,81.75361172178295,0.0140846415621048,-0.0877950336604266,-22.29545392501497,1.5077156721210103,2.318713492579525,0.0,41.08363733452728,23.17909535994401,-40.82741914359749,16.734277266058946,138.42644704489425,1025.7360790720388,1.274,1.0300000015656,0.8449999915491694,9.280469409693207,345.0001478400497,0.1208414922660242,4.381452904744515e-06,-0.1369102938394183,0.0198406942596522,0.0167286989476913,0.0889176299086182,12.268526268411447,41.06984652828558,22.46635049426353
10.39,31.220137585412715,131.01314069837656,81.48555437715173,0.0395727813226286,-0.0707492416739022,-22.28468794233945,1.5063797514768376,2.3230603601019166,0.0,40.84901840884444,22.959468703882607,-40.90577697122536,16.744460071367627,138.41088942654653,1014.080203383637,1.274,1.0300000015656,0.8549999914491639,9.275401884769934,345.0001478400497,0.1201510311896964,4.348955117701549e-06,-0.13686263631068,0.0195944280620222,0.0166278040992168,0.0810645386265866,12.354402509140144,40.837905146774105,22.45602605270544
10.4,31.22013631907365,131.01314259663812,81.21845246531643,0.0654123378167482,-0.0535069846744753,-22.267978129566565,1.5031219999317675,2.32474972894354,0.0,40.61455353250245,22.74031422008766,-40.98408758333946,16.754787246239832,138.3951359993501,1002.4981463145969,1.274,1.0300000015656,0.8649999913491583,9.270352406575078,345.0001478400497,0.1194610286975388,4.3165405517033104e-06,-0.1368872127126622,0.019399405497203,0.0165357574588018,0.0845089942175639,12.441238309737468,40.60614867622567,22.439400326830413
10.41,31.220135067697488,131.01314447931685,80.95231054148961,0.0916221506219116,-0.0361176002972784,-22.24541243472074,1.4980381573620276,2.323836661279532,0.0,40.38025957170703,22.52167646790567,-41.0623987730744,16.765245659057754,138.37920734928556,990.9906124820176,1.274,1.0300000015656,0.8749999912491528,9.265263085546458,345.0001478400497,0.1187715343781584,4.284216992159052e-06,-0.1369833048797049,0.019254946492138,0.0164523292544669,0.098484000851403,12.52899117883937,40.3745862326948,22.41657220763352
10.42,31.22013383125306,131.01314634644632,80.68713280006544,0.1181150064295662,-0.0185897975100667,-22.21718582072065,1.491196125902684,2.3204565539505384,0.0,40.1462255963749,22.303598755793647,-41.14075782552071,16.775822338386188,138.36312373581416,979.5618109902172,1.274,1.0300000015656,0.8849999911491472,9.260185195860869,345.0001478400497,0.1180828101930308,4.251991727181229e-06,-0.1371501241107839,0.0191602708480776,0.0163773129515736,0.1195689542715762,12.617636415347768,40.14330551786166,22.387754025294942
10.43,31.220132609706447,131.01314819806285,80.42292307362352,0.1448472111545492,-0.0009480256207056,-22.183450410429725,1.4826755776485705,2.314718429072064,0.0,39.91250892729696,22.086122608823203,-41.21921141109687,16.786504477424998,138.3469050876896,968.2143098553948,1.274,1.0300000015656,0.8949999910491417,9.255125828894524,345.0001478400497,0.1173950247159503,4.2198715385772495e-06,-0.1373866597101677,0.0191145635344471,0.0163104653252106,0.1448503135303551,12.707142127904085,39.9123600117807,22.353114333050687
10.44,31.22013140302092,131.0131500342057,80.1596848597675,0.1717825589003789,0.016781237103837,-22.1443512932925,1.4725588340210984,2.306727754785866,0.0,39.67916065522924,21.86928819543925,-41.297805489771946,16.797279440377707,138.33057099567927,956.9503120416036,1.274,1.0300000015656,0.904999990949136,9.25008505224352,345.0001478400497,0.1167083281937742,4.187862725323756e-06,-0.137691796181323,0.0191169390977111,0.0162515315451087,0.1726002798884801,12.797475476612208,39.68179664575173,22.31281507688123
10.45,31.220130211157187,131.01315185491663,79.89742130323047,0.1988983840098061,0.0345673318204169,-22.100020581766287,1.4609321792586771,2.296581637230159,0.0,39.44622191161558,21.653134356091893,-41.37658524501789,16.80813478351932,138.31414068286244,945.77148564297,1.274,1.0300000015656,0.9149999908491306,9.245050238310633,345.0001478400497,0.1160228415778398,4.155971100051687e-06,-0.1380643243353272,0.0191664457943251,0.0162002453823558,0.2018798226444657,12.888601954222368,39.451651735071245,22.267005181733573
10.46,31.220129034073352,131.01315366024005,79.63613522569518,0.2261998061000281,0.0523702744221527,-22.050563026403267,1.4478905817162069,2.284354883148995,0.0,39.21371510667101,21.437699053717434,-41.45559504092474,16.819058286916864,138.29763295886477,934.6785604391968,1.274,1.0300000015656,0.924999990749125,9.239982185802273,345.0001478400497,0.1153386307531769,4.124201988420967e-06,-0.1385030524923379,0.019262032155045,0.0161563389190959,0.2321830822300447,12.980483573876535,39.22194140899512,22.215805052938595
10.47,31.220127871725044,131.01315545022277,79.37582911982831,0.253600061066733,0.0701850671078004,-21.99617439081775,1.4335030432667553,2.2701915382886866,0.0,38.9817220250952,21.22301870841108,-41.53487840205389,16.83003799682273,138.28106615815136,923.675055360088,1.274,1.0300000015656,0.9349999906491196,9.23493312964364,345.0001478400497,0.1146559362402439,4.092560186318388e-06,-0.1390066597229908,0.0194026099397181,0.0161195576894656,0.2631328608335879,13.073096321912198,38.99274666689895,22.15943113951347
10.48,31.22012672406552,131.01315722491407,79.11650515723164,0.2810658880869489,0.087987781822455,-21.936997927906315,1.417851811175678,2.2541991433281887,0.0,38.750287861579785,21.00912824417672,-41.61447791567488,16.84106221112347,138.26445816444627,912.7626745212912,1.274,1.0300000015656,0.944999990549114,9.229903112655554,345.0001478400497,0.113974890935355,4.061049984555199e-06,-0.1395736877824305,0.0195870649385135,0.016089620879954,0.2945162492896315,13.166408592731525,38.76410894459636,22.098045063425896
10.49,31.22012559104572,131.01315898436545,78.85816520136325,0.3085648843465538,0.1057551827904367,-21.8731761266934,1.4010184901028786,2.2364847513271537,0.0,38.51945637269928,20.79606132783326,-41.69443517445946,16.85211948706544,138.24782640128555,901.9430050603128,1.274,1.0300000015656,0.9549999904491084,9.224892171538432,345.0001478400497,0.1132956235030265,4.029675183255434e-06,-0.1402026112815133,0.019814238335653,0.0160662442925841,0.326184515900551,13.260389186753311,38.53606834853343,22.031807704359604
10.5,31.22012447261444,131.0131607286306,78.60081080952479,0.3360986690163119,0.1234526446537469,-21.804818569066367,1.3830927663962511,2.2171306214418607,0.0,38.28924907781708,20.583850469511088,-41.77479073475527,16.863198654892642,138.23118781361748,891.2165512133566,1.274,1.0300000015656,0.9649999903491028,9.219868794873816,345.0001478400497,0.1126181972007871,3.998439094629402e-06,-0.1408918604365486,0.0200829256350385,0.0160491344923342,0.358054040579469,13.3550030110266,38.308640958888006,21.96084530756715
10.51,31.22012336871829,131.0131624577653,78.34444324478856,0.3636380522186042,0.1410579732888281,-21.73206432801773,1.3641559614474368,2.196237279170377,0.0,38.05970674750813,20.372527400115903,-41.85558411073447,16.874288851529652,138.2145588193692,880.5846853692015,1.274,1.0300000015656,0.9749999902490974,9.21483185592268,345.0001478400497,0.1119427319075539,3.967344537020243e-06,-0.1416399191527572,0.0203918472874896,0.0160380173505573,0.3900380977436938,13.45021990450947,38.081864059755965,21.8853147025733
10.52,31.220122279301847,131.01316417182744,78.08906347003197,0.3911187697446677,0.1585627965327225,-21.655086301041823,1.3442774801310835,2.1739324898821404,0.0,37.830890850441406,20.16212222358625,-41.93685375050001,16.88537953793723,138.19795528572524,870.0496881063078,1.274,1.0300000015656,0.9849999901490918,9.209814315392816,345.0001478400497,0.1112694083784765,3.936393805976582e-06,-0.1424451220482945,0.0207397313926255,0.0160326158715419,0.4220375125033997,13.546014747786163,37.85579780448472,21.805408208050633
10.53,31.22012120430772,131.0131658708768,77.83467218571073,0.4185120270647083,0.1759468535538728,-21.57402290802344,1.3235341493262267,2.150318676737951,0.0,37.6028395473576,19.952663791845648,-42.01863696428735,16.896460479505976,138.18139256077689,859.612707960893,1.274,1.0300000015656,0.9949999900490863,9.204816187355668,345.0001478400497,0.1105983388125574,3.905588712646751e-06,-0.1433057357474661,0.0211252900263135,0.0160326413355472,0.4539923584175592,13.642358344646128,37.63047717104717,21.72128167240324
10.54,31.220120143674084,131.01316755497763,77.58126944517389,0.4457898226030866,0.1931905961032649,-21.34778431663104,1.3024693802631293,2.126544612926584,0.0,37.3759298825232,19.7444248351248,-42.10096989570055,16.90752175152201,138.16488546741223,849.2902540927805,1.274,1.0300000015656,1.0,9.1998374772748,345.0001478400497,0.1099306321360404,3.874930576232355e-06,-0.1442199930579667,0.0215472145209098,0.0160379524928524,0.4858502024620379,13.73910336631903,37.40627613289448,21.492941020406867
10.55,31.220119097270324,131.0131692242658,77.32884589246001,0.4729750671112585,0.2102547069719173,-20.98481082575976,1.2812145052003223,2.102484733641369,0.0,37.15227699851646,19.538949254351152,-42.18388751764692,16.918553746459548,138.14844829450456,839.1769424732212,1.274,1.0300000015656,1.0,9.194828661054451,345.0001478400497,0.109272509356661,3.844419663763646e-06,-0.1451862053727582,0.0220041940279402,0.0160491774641538,0.5176016342234141,13.83546533264616,37.1853036565325,21.128753821663373
10.56,31.220118064900767,131.01317087894455,77.07738315291661,0.4999961576828325,0.2271325563579822,-20.62893937894616,1.2593678079359365,2.0771474449068648,0.0,36.93217288478791,19.336422390919413,-42.267423711368096,16.929547199734525,138.1320947606393,829.283248328645,1.274,1.0300000015656,1.0,9.189824299470452,345.0001478400497,0.1086248291467622,3.814055142745799e-06,-0.1462028055811319,0.0224949182948627,0.0160661958840889,0.5491666835188629,13.931305688262151,36.96785068986407,20.771463325528707
10.57,31.22011704637132,131.01317251921563,76.82686290452668,0.5268040942294213,0.2438102662358402,-20.279981599130767,1.236980139908155,2.050628771769514,0.0,36.71555354338622,19.13678257338469,-42.351611257767615,16.940493175764875,138.11583803703985,819.6034850958744,1.274,1.0300000015656,1.0,9.184838723453524,345.0001478400497,0.1079874031437577,3.7838357531704735e-06,-0.1472681007781306,0.0230181164632843,0.0160887284096613,0.5804862828065741,14.026602394832082,36.75385105487104,20.42089253404999
10.58,31.220116041491945,131.0131741452763,76.57726721587427,0.5533668872443407,0.2602689485898792,-19.93774187414799,1.2141042045883592,2.0230109870432926,0.0,36.502347339693706,18.93996981182409,-42.43648179805311,16.951383047544407,138.09969077995868,810.1317387500077,1.274,1.0300000015656,1.0,9.179871575408146,345.0001478400497,0.1073600205280442,3.753759876149656e-06,-0.1483803755161916,0.0235725192906754,0.0161164964843872,0.6115167465072068,14.121332226368448,36.54323014993457,20.07685666416561
10.59,31.220115050076632,131.01317575731989,76.32857852725851,0.5796564304136906,0.2764894560976279,-19.602029526464303,1.1907912538011518,1.9943716189387684,0.0,36.29248296276443,18.74592575632912,-42.522065824815165,16.96220849523355,138.08366513463085,800.8622261667608,1.274,1.0300000015656,1.0,9.174919978643826,345.0001478400497,0.1067424714359631,3.723825540792192e-06,-0.1495379016615024,0.0241568588518612,0.016149226619153,0.6422191125196931,14.215472368913051,36.335913656406426,19.739175857186545
10.6,31.22011407194319,131.0131773555354,76.08077965069597,0.6057091603782391,0.2924309148518263,-19.27260619175008,1.1671063104083712,1.964742433787212,0.0,36.08585487105369,18.55459398575955,-42.60839268633888,16.972961511932205,138.06777272858474,791.7877754344408,1.274,1.0300000015656,1.0,9.169924942172823,345.0001478400497,0.1061344453299365,3.694030432993328e-06,-0.1507390187444503,0.0247698419380333,0.0161866432957564,0.6726040746029722,14.308994431193463,36.13178961231176,19.407619622024814
10.61,31.2201131069132,131.013178940108,75.83385375501129,0.631426962855258,0.308101355292861,-18.94935825274348,1.1430798061621157,1.9342401360312649,0.0,35.882437471271054,18.365919552241145,-42.69549062218165,16.98363442958526,138.0520246353066,782.9048476220589,1.274,1.0300000015656,1.0,9.164947530264916,345.0001478400497,0.1055358668176776,3.6643718684154655e-06,-0.1519820607688784,0.0254101801736134,0.0162285116892088,0.7025828147241459,14.401884574493486,35.930833685748226,19.08208831700313
10.62,31.220112154811865,131.01318051121896,75.58778435490451,0.6567818957850735,0.3234849096275066,-18.632117928779927,1.118756086577038,1.9029358672191976,0.0,35.68216658477149,18.17984868521454,-42.78338672410988,16.99421989098293,138.03643141765437,774.2082920159296,1.274,1.0300000015656,1.0,9.159987410037548,345.0001478400497,0.1049465470239206,3.6348468122035898e-06,-0.1532652767675139,0.0260766221224166,0.0162745764254359,0.7321204559220169,14.49412247324801,35.732979205602255,18.762425179276928
10.63,31.220111215467973,131.0131820690459,75.34255530200578,0.6817470489124225,0.3385664432025288,-18.320723710036564,1.094177548413418,1.8708980457514248,0.0,35.48497974990267,17.99632905235693,-42.87210692029985,17.004710836083884,138.0210031498812,765.693130483798,1.274,1.0300000015656,1.0,9.1550442554493,345.0001478400497,0.1043663021267934,3.6054519052868697e-06,-0.1545869151354374,0.0267679245731189,0.0163245883262037,0.7611838578595087,14.585688546425391,35.53816133294303,18.448479646424648
10.64,31.220110288713784,131.01318361376266,75.09815078288973,0.706318893668382,0.353323728665994,-18.01500196336981,1.0693897698287749,1.8381786436504792,0.0,35.29080386661563,17.815309736347444,-42.96167597670642,17.015100498749913,138.00574942421932,757.3540227422125,1.274,1.0300000015656,1.0,9.150098640281758,345.0001478400497,0.1037949170188759,3.5761834723929665e-06,-0.1559452308604309,0.0274828522387486,0.0163782992345967,0.7897580090589351,14.676561995285152,35.346303476375894,18.14008795309453
10.65,31.220109374384908,131.0131851455396,74.85455530018868,0.7305022470559348,0.3677328032659907,-17.714779415092497,1.044438920909308,1.8048202195391647,0.0,35.09956400758349,17.636741580052128,-43.05211752096325,17.02538241802575,137.99067933613884,749.1856525154218,1.274,1.0300000015656,1.0,9.145125036942,345.0001478400497,0.1032321712221499,3.5470375278313115e-06,-0.1573385842313756,0.0282201436132292,0.0164354759840152,0.8178347144726439,14.76672234775476,35.15732694467496,17.837086040319267
10.66,31.22010847232025,131.01318666454355,74.61175366464275,0.7542212292831718,0.3817989458173837,-17.419954256123532,1.0193503977457952,1.7709143017082476,0.0,34.91123141620599,17.460576419157007,-43.1434540721602,17.035550452503706,137.97580146526184,741.1847650420557,1.274,1.0300000015656,1.0,9.1401676673629,345.0001478400497,0.1026779800557246,3.518009748460125e-06,-0.1587652764064691,0.0289785736639372,0.0164959054287235,0.845347075367342,14.85615700199387,34.971203810532266,17.539384794878515
10.67,31.220107582361887,131.01318817093804,74.36973099410697,0.7774529349512521,0.3955099021229129,-17.130387515366095,0.994159228852866,1.7365191509174849,0.0,34.72574991796795,17.286767202398934,-43.23570700473701,17.045598746717648,137.9611239265988,733.3470044669507,1.274,1.0300000015656,1.0,9.135226227109008,345.0001478400497,0.1021321782017849,3.4890955105404284e-06,-0.160223573676939,0.0297569466827244,0.0165593628100402,0.8722680482723141,14.94484942649428,34.7878759747199,17.246855590525104
10.68,31.220106704355032,131.01318966488327,74.12847270062937,0.8001754656327311,0.4088541067668153,-16.845945298858172,0.9688987488705116,1.7016905835892704,0.0,34.54306478890624,17.115268101882954,-43.32889654921575,17.055521722280023,137.94665438532232,725.6681560812239,1.274,1.0300000015656,1.0,9.130300417909604,345.0001478400497,0.1015946046117002,3.460289907245424e-06,-0.1617117528934124,0.0305540812615863,0.0166256296334094,0.8985719717788443,15.03278385526656,34.607286896777964,16.959374653564353
10.69,31.220105838147955,131.0131911465362,73.88796448250046,0.8224108563038128,0.4218058866461327,-16.5664660549573,0.943609924410106,1.6664567061340487,0.0,34.36310015720633,16.946034565622263,-43.42304180164312,17.065314074147658,137.93240006401342,718.1431982760248,1.274,1.0300000015656,1.0,9.125354475435207,345.0001478400497,0.1010650360419362,3.431587758909036e-06,-0.1632281228365618,0.0313688040557124,0.0166944846835701,0.9242659808420624,15.119942037010045,34.42935667244835,16.676788515566084
10.7,31.220104983591863,131.01319261605073,73.64819232326028,0.8441300686334712,0.4343582976561186,-16.291832884963537,0.9183217509899974,1.6308714094386103,0.0,34.18580953634303,16.779023538462937,-43.51816076488378,17.074970788863403,137.91836771798552,710.7684247177889,1.274,1.0300000015656,1.0,9.120395818854185,345.0001478400497,0.1005433356770621,3.4029836100328046e-06,-0.1647710985348205,0.0321999240984516,0.0167657356102283,0.9493203109421756,15.206310661318769,34.25403772465871,16.398990064758404
10.71,31.22010414054084,131.0131940735777,73.40914247281268,0.8652803167669281,0.4465134737242866,-16.02195160465418,0.8930556787888205,1.595002874459713,0.0,34.01116019464854,16.614192677016625,-43.61427036179846,17.0844871420102,137.9045636410501,703.5407641602887,1.274,1.0300000015656,1.0,9.11545212375844,345.0001478400497,0.1000294071582465,3.374471715487077e-06,-0.1663390137829299,0.0330463028220349,0.0168391924259437,0.9736884262454736,15.29187889319585,34.08129765714089,16.125895815018538
10.72,31.22010330885177,131.01319551926494,73.17080144941426,0.8858435501030144,0.4582625279671774,-15.756648937176488,0.8678392195529514,1.5588988951127771,0.0,33.839103009206866,16.451500849769687,-43.711386410417504,17.093858668026417,137.89099371136305,696.4565237311074,1.274,1.0300000015656,1.0,9.110523110842006,345.0001478400497,0.0995231059209244,3.3460460809020385e-06,-0.1679301967337558,0.0339068236257212,0.0169146604248026,0.99734979138046,15.376633921729232,33.91108595129435,15.857342034704399
10.73,31.220102488384256,131.01319695325745,72.9331560287415,0.905802676795088,0.4695972082766142,-15.495870410568408,0.8426975774906715,1.5226034421068857,0.0,33.66959014647939,16.290908010234748,-43.80952363045474,17.103081154432434,137.8776634016483,689.5121288742436,1.274,1.0300000015656,1.0,9.105608506221646,345.0001478400497,0.0990242911951949,3.3177004751622447e-06,-0.1695429916403655,0.0347803869194133,0.0169919507510272,1.0202850852201433,15.460563666474131,33.74335347761803,15.593282535443072
10.74,31.22010167900063,131.0131983756974,72.69619323892105,0.92520662265386,0.4804878195679513,-15.23946578042722,0.817668255885655,1.4861222548851036,0.0,33.502541944021495,16.13237507068379,-43.908695663543405,17.11215063950385,137.8645777844409,682.7027707795176,1.274,1.0300000015656,1.0,9.10065602038772,345.0001478400497,0.0985327286031259,3.2894284423420512e-06,-0.1711758126913156,0.0356658992428558,0.0170708687243031,1.042523751396012,15.543652724392166,33.57801590958129,15.333572904119903
10.75,31.220100880565774,131.0131997867242,72.45990035257869,0.9439892015661258,0.4909447803358752,-14.987367812475837,0.7927645526877732,1.449521847938697,0.0,33.33793891371321,15.975864103608028,-44.00891512725438,17.12106343485569,137.8517415014891,676.0261679285265,1.274,1.0300000015656,1.0,9.095706307572735,345.0001478400497,0.0980483607455643,3.261223288375123e-06,-0.1728271491466077,0.0365622667793385,0.017151260574136,1.0640115509987669,15.625894209165734,33.41505539580524,15.078155827888455
10.76,31.22010009294709,131.0132011864746,72.22426488385808,0.9621219478366524,0.5009664854149799,-14.739486221859698,0.7680051303853209,1.4128487008096753,0.0,33.17574346807516,15.821337766631371,-44.11019360947383,17.129816105948084,137.83915879401857,669.4793455590868,1.274,1.0300000015656,1.0,9.090770387967405,345.0001478400497,0.0975710769939586,3.2330780872913e-06,-0.1744954144404505,0.0374684509130859,0.0172329590361551,1.0847223019604495,15.707279375255473,33.25443409694267,14.826949363104658
10.77,31.2200993160145,131.0132025750827,71.98927458444525,0.9795913823704994,0.5105471226012074,-14.495724164378494,0.7434102001865759,1.376139731579374,0.0,33.01591196161619,15.66875964119216,-44.21254165955428,17.138405449531724,137.8268335372209,663.059136259888,1.274,1.0300000015656,1.0,9.085848004576071,345.0001478400497,0.0971007489050046,3.204985716717957e-06,-0.1761790407761015,0.0383834344785807,0.0173157985702047,1.1046412279299438,15.78779927159733,33.09610745482202,14.579864139844355
10.78,31.220098549640365,131.01320395268,71.75491742865931,0.9963925015872585,0.5196789094991028,-14.255983061861544,0.7190002098902188,1.3394260480836393,0.0,32.858398121287955,15.518094212102904,-44.31596880375606,17.146828488263402,137.814769249906,656.7623217995475,1.274,1.0300000015656,1.0,9.08093302234692,345.0001478400497,0.0966372403098747,3.1769388687020395e-06,-0.1778764837701616,0.0393062207015093,0.0173996173035774,1.1237601882550623,15.86744523893027,32.940027974254,14.336808448890931
10.79,31.220097793699367,131.01320531939567,71.5211816263756,1.012580087495948,0.5283349862056727,-14.02012846026759,0.6948061612826913,1.3027043448397264,0.0,32.703128567291046,15.369307164793664,-44.42048357286354,17.15508247393935,137.80296909183488,650.5846604009449,1.274,1.0300000015656,1.0,9.075973713338051,345.0001478400497,0.0961803353206637,3.148930060940125e-06,-0.17958630182962,0.0402358051791351,0.0174842514228894,1.1421152435036344,15.946206095318573,32.786118056741394,14.097652153966134
10.8,31.220097048068524,131.01320667535634,71.28805559519341,1.0280692005173433,0.5365361066853922,-13.788122848225925,0.6708311934417457,1.266043750976512,0.0,32.55009902045028,15.222364922942385,-44.52609355421083,17.163164908606987,137.7914358356399,644.5247205807199,1.274,1.0300000015656,1.0,9.071027363139969,345.0001478400497,0.0957300212778225,3.120951614639367e-06,-0.1813070638044527,0.0411712097615631,0.0175695771030038,1.159640625300375,16.024079362057716,32.63437668326977,13.862366787358173
10.81,31.220096312627053,131.0132080206861,71.0555279683891,1.0428497476806269,0.5442786920403652,-13.55988190663356,0.6470909215585827,1.2294743748176655,0.0,32.3992698484428,15.077234510725088,-44.632805372597005,17.1710735131573,137.78017191392004,638.5796985688701,1.274,1.0300000015656,1.0,9.066093730223862,345.0001478400497,0.0952861815491499,3.0929956826132053e-06,-0.1830372969169944,0.0421115016070898,0.017655450204698,1.1763257104151406,16.101058938317106,32.48476365962831,13.63087419136957
10.82,31.220095587256413,131.0132093555071,70.82358758895235,1.0569124656655486,0.5515596815874967,-13.335324141534816,0.6235999360223716,1.1930247317959215,0.0,32.25060235252893,14.933883757023525,-44.74062469564685,17.178806213431294,137.76917944108416,632.7468738774446,1.274,1.0300000015656,1.0,9.06117257742038,345.0001478400497,0.0948487022500445,3.0650542745995634e-06,-0.1847755543488156,0.0430557691264866,0.0177417318047503,1.192160868038983,16.17713940779383,32.33723980658173,13.403098703310556
10.83,31.22009487184021,131.01321067993888,70.59222350362349,1.070280662515152,0.5583660467870559,-13.114350821979652,0.6003775876014821,1.1567057038687278,0.0,32.10404398631573,14.792281308092148,-44.849556251762976,17.186361135387195,137.75846022220412,627.0230300455961,1.274,1.0300000015656,1.0,9.056239778582098,345.0001478400497,0.0944174287720916,3.0371192685128023e-06,-0.1865204233418134,0.0440031193742238,0.0178282806241889,1.2071607492068537,16.252314471462284,32.19175053156178,13.178946043406317
10.84,31.22009416626413,131.01321199409892,70.36142495891711,1.0829674080457368,0.5646890132300566,-12.89687307280774,0.577440939664772,1.1205301860320576,0.0,31.95954876777969,14.652396923611574,-44.959603871050966,17.193736617287996,137.74801573776367,621.4052595140279,1.274,1.0300000015656,1.0,9.051279635309765,345.0001478400497,0.0939922258148062,3.009182415008952e-06,-0.1882706129752116,0.0449526470469225,0.0179149722878387,1.2213329250046032,16.326579157500507,32.048248474573114,12.958331721048173
10.85,31.220093470415893,131.01321329810256,70.13118139317116,1.0949133265534083,0.5705443679818856,-12.682850251641604,0.5547925221987599,1.0845479777594225,0.0,31.817105233634745,14.51420079804161,-45.070770521622826,17.20093121861835,137.7378471332419,615.8920388801943,1.274,1.0300000015656,1.0,9.046331438867796,345.0001478400497,0.0935730595982334,2.981235319432835e-06,-0.1900247868922779,0.0459034943975891,0.0180016991122506,1.2346321079747102,16.399932668948455,31.90672465226732,12.741221666869908
10.86,31.22009278418521,131.013214592063,69.90148243654723,1.1061122318750825,0.5759310203791143,-12.472211026530944,0.5324431732383467,1.0487819125445057,0.0,31.67667813356669,14.377663742706597,-45.18305828991786,17.207943687132726,137.72795526797185,610.4809510503112,1.274,1.0300000015656,1.0,9.041394965978771,345.0001478400497,0.0931598263867122,2.953269481194924e-06,-0.1917816036013196,0.0468548368371906,0.0180883415273798,1.2470523650854313,16.472372220404505,31.76714364323122,12.52754912674976
10.87,31.22009210746377,131.01321587609138,69.67231790109055,1.1165586878431155,0.5808483323114957,-12.26488635946221,0.5104029027414066,1.0132535033514138,0.0,31.53823302147733,14.24275726784165,-45.29646839491652,17.214772950909406,137.7183407283837,605.1696486259339,1.274,1.0300000015656,1.0,9.036469997439491,345.0001478400497,0.0927524248114343,2.925276310623176e-06,-0.1935397493428778,0.0478058712682044,0.0181747846385981,1.2585886452329813,16.543895650412153,31.62947090133784,12.317249335614788
10.88,31.22009144014516,131.01321715029684,69.44367779067231,1.1263069705945254,0.5852769538337311,-12.060774550161147,0.4886911236767205,0.9779540432666,0.0,31.401709986903665,14.10945367927998,-45.41100120907589,17.221418115413105,137.70900383414968,599.9548486248588,1.274,1.0300000015656,1.0,9.03151322775075,345.0001478400497,0.0923506786159503,2.897247140935805e-06,-0.1952979662390896,0.0487558061985548,0.0182609054662546,1.2692802605271858,16.614498900145772,31.493643476986307,12.110222783868046
10.89,31.220090782124807,131.01321841478656,69.21555227315531,1.1353219956673086,0.5892273634954349,-11.859829580280053,0.4673116729128517,0.942915327683622,0.0,31.26709061552519,13.97772619218621,-45.52665631119943,17.227878484754864,137.6999446104005,594.8349001699561,1.274,1.0300000015656,1.0,9.02654729514424,345.0001478400497,0.0919545335837307,2.869173221118428e-06,-0.1970550993466023,0.049703845284796,0.0183466157604301,1.2791010430472225,16.684182456997952,31.35964460191272,11.90642797769789
10.9,31.2200901333,131.0132196696658,68.98793169431245,1.1435725455367736,0.592709303813577,-11.66200525359726,0.4462675716794352,0.90816851248215,0.0,31.134355243948352,13.84754831012937,-45.6434324978063,17.234153551961274,137.6911628036543,589.8081302386473,1.274,1.0300000015656,1.0,9.021592372745909,345.0001478400497,0.0915639318259228,2.841045714910869e-06,-0.1988099264072535,0.0506492472865255,0.018431821726067,1.2880278859319805,16.752947166324276,31.22745614314884,11.705822966691697
10.91,31.220089493569727,131.01322091503795,68.76080657782713,1.1510559390934052,0.5957238455985122,-11.467240789544148,0.4255658161806553,0.8737304476481214,0.0,31.00347240180777,13.718894138895765,-45.76132777307566,17.24024297292156,137.6826579204794,584.8724458889409,1.274,1.0300000015656,1.0,9.016648253693951,345.0001478400497,0.0911787807314265,2.8128557386798133e-06,-0.2005612437045194,0.0515912955907412,0.0185164256777196,1.2960589993445053,16.820793235600867,31.09704679865902,11.508350119996956
10.92,31.2200888628348,131.01322215100467,68.5341676044183,1.1577704460489169,0.5982723576094813,-11.275477115862447,0.4052127902520764,0.8396167747439506,0.0,30.87441119290955,13.591738394218623,-45.88033936699681,17.24614656155972,137.67442923623062,580.0258082380012,1.274,1.0300000015656,1.0,9.011714534098624,345.0001478400497,0.0907989893792092,2.784594373488841e-06,-0.2023078758376002,0.0525292946479435,0.0186003339876467,1.303193577877755,16.887721416509745,30.96838588736065,11.313953240320247
10.93,31.220088240997693,131.01322337766555,68.30800561979419,1.163803673730002,0.600328228901425,-11.086607519806758,0.3852289261685624,0.8057998042517385,0.0,30.747103570530825,13.4660566313224,-46.000463762669455,17.251864292089387,137.66647579390292,575.264819696857,1.274,1.0300000015656,1.0,9.006727820633916,345.0001478400497,0.0904243575934359,2.7562526759801807e-06,-0.2040487391315779,0.0534625477955008,0.0186834398682484,1.309497387247399,16.95372967603802,30.8414011828238,11.1225258349138
10.94,31.220087627962528,131.01322459511877,68.08231163067633,1.169065642409166,0.6019223804431824,-10.900626659236586,0.3656054190673884,0.772332943371438,0.0,30.621558914188647,13.341824977381444,-46.12169675182128,17.25739632311506,137.65879637270965,570.5890214773385,1.274,1.0300000015656,1.0,9.001751443620867,345.0001478400497,0.0900549129035562,2.7278216597718e-06,-0.2057827898410055,0.0543903752818728,0.018765687673851,1.314904843296117,17.01882329001512,30.71610692143861,10.934067269864752
10.95,31.22008702363505,131.0132258034606,67.85707679982956,1.1735561701159651,0.6030573884440953,-10.717480756286994,0.3463467673763867,0.7392291039515351,0.0,30.497748403958045,13.219019865772824,-46.24403342285098,17.262742970529096,137.65138952799208,565.9965424183553,1.274,1.0300000015656,1.0,8.996785207893232,345.0001478400497,0.0896905704988016,2.699292317874878e-06,-0.207508935109854,0.0553121449219224,0.0188469952385915,1.3194170828301273,17.08300460680613,30.592474687991004,10.748525922785092
10.96,31.220086427922617,131.01322700278567,67.63229243910476,1.177275675543683,0.6037361694880986,-10.53711762240512,0.3274569286610012,0.7065002918933034,0.0,30.37564384381592,13.097618281079953,-46.36746816465804,17.267904692318098,137.64425361431643,561.4855626895952,1.274,1.0300000015656,1.0,8.99182892166395,345.0001478400497,0.0893312474045467,2.670655650040126e-06,-0.2092261102248148,0.0562272449202492,0.0189272841087713,1.323035933248593,17.146276470907765,30.470476744613368,10.565851527017307
10.97,31.220085840734114,131.01322819318708,67.40795001142705,1.1802577433296273,0.6039516771449847,-10.35946938255217,0.3089443677986395,0.6741430198313705,0.0,30.25520417750984,12.977597770693032,-46.49199468562132,17.27288208503958,137.63738679226591,557.0538162030903,1.274,1.0300000015656,1.0,8.986859848316623,345.0001478400497,0.0889768228271081,2.641902673380464e-06,-0.2109332849197491,0.0571350814672159,0.019006471557223,1.325788208606354,17.2086410955645,30.350070928290894,10.385977148136698
10.98,31.220085261979968,131.01322937475615,67.1840411258261,1.1825310704516143,0.6036990304748436,-10.184472706293011,0.2908167750071815,0.6421534807306107,0.0,30.136391703388004,12.858936724017596,-46.61760605366442,17.277675896789255,137.63078701250151,552.6991940416033,1.274,1.0300000015656,1.0,8.98185912449558,345.0001478400497,0.0886271858399042,2.613024425697356e-06,-0.2126295489524281,0.0580350492174668,0.019084488100721,1.327697443476224,17.270101384110223,30.23121877072674,10.208840276675275
10.99,31.22008469157205,131.0132305475829,66.96055753843135,1.1840380627033251,0.60300102035792,-10.01211138235689,0.2730676855313446,0.6105671174342742,0.0,30.019204879823484,12.741613773947902,-46.74429473435785,17.28228703912913,137.62445200143668,548.4209399071646,1.274,1.0300000015656,1.0,8.97686791555401,345.0001478400497,0.0882823318595253,2.584011948304421e-06,-0.2143139531716108,0.0589265856432527,0.0191612840684044,1.3287229213937355,17.33066364395121,30.11392231006857,10.034427362759363
11.0,31.22008412942372,131.01323171175562,66.73749114153658,1.1847813162087186,0.601861829041585,-9.842338942367851,0.255699110644719,0.5793927958727842,0.0,29.90361781653102,12.62560794872864,-46.87205257209347,17.286716555195103,137.61837930722092,544.2174216870823,1.274,1.0300000015656,1.0,8.971886040183428,345.0001478400497,0.0879421846971574,2.55485632349361e-06,-0.2159855419765117,0.0598091594203015,0.0192367945064135,1.328868991467061,17.390332563957415,29.99815631291387,9.86269303504598
11.01,31.22008357544973,131.01323286736107,66.51483396459581,1.1847639531821117,0.6002859198234569,-9.675110215311175,0.2387126465879652,0.5486386608833743,0.0,29.789605164763927,12.510898759257282,-47.00087080370554,17.290965612824557,137.6125663110332,540.0870507434017,1.274,1.0300000015656,1.0,8.966913320193923,345.0001478400497,0.087606669757732,2.525548690355996e-06,-0.2176433871455825,0.060682258487253,0.0193109576771859,1.3281405986659778,17.449113254773252,29.883896131527248,9.693593027679446
11.02,31.22008302956629,131.01323401448485,66.2925781752169,1.1840592388094917,0.5982563657294546,-9.510346483585428,0.2221198072978229,0.5182815986353287,0.0,29.67711448375639,12.397466309780144,-47.13074007951867,17.295035503642215,137.60701023014923,536.0272828145633,1.274,1.0300000015656,1.0,8.96190262213111,345.0001478400497,0.0872756327740367,2.496080255085344e-06,-0.219286619846962,0.0615453789210466,0.0193836997728912,1.3265956456495032,17.507009033286934,29.77108666634579,9.527047982566465
11.03,31.220082491690857,131.0132351532108,66.07071607021602,1.1826270929239076,0.5957920731042151,-9.348027301107104,0.20591555627022,0.4883453710584901,0.0,29.56613962678197,12.285291360240194,-47.261650516161126,17.29892766729366,137.60170808673303,532.0372768696167,1.274,1.0300000015656,1.0,8.956883683511235,345.0001478400497,0.0869490556237756,2.466442279715076e-06,-0.2209144642372224,0.0623980134282841,0.0194549853748787,1.324207167810013,17.564027218773646,29.659724740205405,9.363038867803128
11.04,31.22008196174231,131.01323628362147,65.84924007661182,1.1804466289616844,0.5929062390526407,-9.188123806175506,0.1900966792819638,0.4588470220755142,0.0,29.45666695068507,12.174354799472464,-47.39359170276809,17.302643679780562,137.5966567257886,528.1159347053981,1.274,1.0300000015656,1.0,8.951873494887366,345.0001478400497,0.086626898139514,2.4366260857422187e-06,-0.2225260778687205,0.0632397048667156,0.0195247687451695,1.320962645662698,17.620174911017045,29.549798782744837,9.2015377201178
11.05,31.220081439640776,131.01323740579826,65.62814274764985,1.1775228409052652,0.5896043677448753,-9.03059551576963,0.1746632849671844,0.4297922324698537,0.0,29.34867311831694,12.064637938247646,-47.52655269238409,17.306185230207582,137.59185284869838,524.2618272232124,1.274,1.0300000015656,1.0,8.946871887632778,345.0001478400497,0.0863090916463016,2.406623088019633e-06,-0.224120637747589,0.0640700166770072,0.0195929997786346,1.3168691682398692,17.67545876723788,29.441286321259977,9.042504298901134
11.06,31.2200809253077,131.0132385198209,65.40741676379689,1.1738753411586935,0.5858878367704917,-8.87539628833499,0.1596171346245857,0.401180218659492,0.0,29.24212981702925,11.956122516596988,-47.66052201894726,17.30955411761832,137.58729301921144,520.4733683982519,1.274,1.0300000015656,1.0,8.941869369627339,345.0001478400497,0.0859955528382221,2.376424804631073e-06,-0.2256973476835651,0.0648885300363438,0.0196596275257319,1.3119450609154204,17.729885365906053,29.334159259367627,8.885892328432748
11.07,31.220080418665766,131.01323962576802,65.18705492777129,1.1695795809276603,0.5817413226426741,-8.722454836579411,0.14496780671022,0.3729849964159007,0.0,29.136988304997736,11.84879097049915,-47.79548772745488,17.312752258493866,137.5829736549811,516.7482698854436,1.274,1.0300000015656,1.0,8.936820036059785,345.0001478400497,0.0856861383323384,2.3460228630851574e-06,-0.2272555174101478,0.0656948172569444,0.0197245964168833,1.3062512602906515,17.783459931724664,29.228366448232396,8.731629392541882
11.08,31.22007991963885,131.01324072371696,64.96705015659057,1.1645580984709445,0.577196805122759,-8.571773540990316,0.1307032280594718,0.3452443251002513,0.0,29.03325912316417,11.742626010636307,-47.93143742297195,17.31578170963907,137.5788909984442,513.0863707484158,1.274,1.0300000015656,1.0,8.931778898973159,345.0001478400497,0.0853808790859514,2.3154089787625254e-06,-0.2287944566592799,0.0664884767908837,0.0197878907785792,1.2997329868370784,17.83619263912147,29.12392345176438,8.579719028957811
11.09,31.220079428152047,131.01324181374372,64.74739549350107,1.158817526655461,0.5722606621323255,-8.42331592981759,0.1168223263654698,0.3179618794539769,0.0,28.930920742640925,11.637610578439675,-48.06835825186458,17.318644637846266,137.57504115964693,509.4863824035626,1.274,1.0300000015656,1.0,8.926745798696263,345.0001478400497,0.0850797117457958,2.2845749848459708e-06,-0.2303134435460639,0.0672691431662452,0.0198494707763198,1.2923991917816586,17.888091458666295,29.020809742721656,8.430124463271117
11.1,31.220078944131583,131.01324289592324,64.52808408511396,1.1523648940037643,0.5669394588131815,-8.277046445347315,0.1033237856278736,0.2911408746281227,0.0,28.829952060967862,11.53372800234975,-48.20623690867331,17.321343309762856,137.57142013150374,505.9470489650398,1.274,1.0300000015656,1.0,8.921720578029184,345.0001478400497,0.0847825742135623,2.253512851565279e-06,-0.2318117812010224,0.0680364677238805,0.0199092990136433,1.2842592641833777,17.939164651692657,28.91900524969,8.282809708787974
11.11,31.220078467504926,131.01324397032903,64.30910920427051,1.145267342170444,0.5612218580389954,-8.132903517012297,0.0902140497781211,0.2647596123229328,0.0,28.730310322348927,11.430962063566197,-48.34505965394341,17.323880090638347,137.56802379299853,502.46637431918407,1.274,1.0300000015656,1.0,8.916664685542074,345.0001478400497,0.0844893407142963,2.2222146946804976e-06,-0.2332888176340508,0.068790111745904,0.0199673268428913,1.2753686953589376,17.989418977782304,28.81846543596688,8.137711953867974
11.12,31.22007799820057,131.01324503703367,64.09046422419532,1.1375139707012965,0.5551205768085674,-7.990861830591212,0.0774894426975569,0.2388258952964833,0.0,28.631982702938856,11.329297160562165,-48.48481236130885,17.326257466788785,137.56484788065427,499.0434328793365,1.274,1.0300000015656,1.0,8.911590046273822,345.0001478400497,0.0841999734974427,2.190672766604495e-06,-0.2347440077191381,0.0695297259813792,0.0200235351769671,1.2657236663107947,18.038863739493124,28.719179475020265,7.994805514682223
11.13,31.22007753614813,131.01324609610845,63.87214263142054,1.1290717820091205,0.5486551750281659,-7.850906870071638,0.0651426327413193,0.2133580298665755,0.0,28.53496461594164,11.228717750400511,-48.62548053370026,17.328478043966417,137.56188799243327,495.6775976147815,1.274,1.0300000015656,1.0,8.906522926467517,345.0001478400497,0.0839144590362805,2.158879450904769e-06,-0.2361767402989805,0.0702550067387961,0.0200779050156075,1.2553033990593483,18.08750920391928,28.621145852199547,7.8540756231428706
11.14,31.22007708127832,131.0132471476236,63.654138022803664,1.1199491692164592,0.5418328993384091,-7.713006394367726,0.0531714384546871,0.1883577063031606,0.0,28.43923654657045,11.129208607778075,-48.76704928759828,17.33054452022349,137.55913962557523,492.3677329672891,1.274,1.0300000015656,1.0,8.901463177406058,345.0001478400497,0.0836327399049765,2.12682729666308e-06,-0.2375864136006094,0.0709656706771463,0.0201304076924936,1.2441188210115963,18.135364665988707,28.524346190793143,7.7154891916811446
11.15,31.220076633522893,131.0132481916482,63.43644409757504,1.1101630432067675,0.5346586890628565,-7.577125410499872,0.0415745355428863,0.1638230597055637,0.0,28.344776419448504,11.030754851556086,-48.909503367231615,17.332459682777223,137.5565981821391,489.1126301283456,1.274,1.0300000015656,1.0,8.896405505397674,345.0001478400497,0.0833547511484799,2.094509027522041e-06,-0.2389724492681685,0.0716614498157723,0.0201810145225781,1.2321875351527023,18.18243939824972,28.42875919108232,7.57901022055913
11.16,31.22007619281468,131.01324922825026,63.219054650380535,1.0998098001386432,0.527114042159806,-7.443195799121738,0.0303607811969585,0.1397194287929168,0.0,28.251534521991744,10.933342181586546,-49.05282717052806,17.33422641462288,137.5542589615671,485.9101455740205,1.274,1.0300000015656,1.0,8.891294884797961,345.0001478400497,0.0830803465388604,2.0619175461397948e-06,-0.2403343647817244,0.0723420679584824,0.0202296848476968,1.2195887353883543,18.228740450295085,28.33433223413474,7.444568959978851
11.17,31.22007575908743,131.0132502574968,63.00196358818047,1.0888031924432129,0.5192352824279834,-7.311228481722075,0.0195157937518798,0.1160836507164647,0.0,28.159526998802328,10.836956551416929,-49.19700479876534,17.33584772081485,137.55211712730164,482.76042180463526,1.274,1.0300000015656,1.0,8.886191292200818,345.0001478400497,0.0828095735180993,2.029045911179227e-06,-0.2416716912173714,0.0730072668788423,0.0202764257686007,1.2062608407806832,18.27428056504232,28.241087169854904,7.3121760230531585
11.18,31.22007533227596,131.01325127945375,62.78516491434473,1.0771527747247869,0.5110301967652128,-7.1811940768378735,0.0090367321574739,0.092916207268709,0.0,28.068735768462503,10.741584052723594,-49.34202003773965,17.337326699758208,137.55016774632483,479.66242982668246,1.274,1.0300000015656,1.0,8.881094586362938,345.0001478400497,0.0825423788787036,1.9958873629242666e-06,-0.2429839167189073,0.0736568238719291,0.0203212162520924,1.192216085487053,18.319069859799736,28.149007139765217,7.181800850296021
11.19,31.22007491231604,131.01325229418612,62.56865272368328,1.0648683811136208,0.5025066807157442,-7.053063859408224,-0.0010793738575897,0.0702173026077667,0.0,27.979143089708952,10.647211091841797,-49.487856360429184,17.338666531792654,137.54840580550436,476.6151655829686,1.274,1.0300000015656,1.0,8.876004628336338,345.0001478400497,0.0822787104142341,1.9624353420938823e-06,-0.2442705514916985,0.074290530436261,0.0203640370765854,1.1774670093710533,18.3631186236745,28.05807564261237,7.053413460128639
11.2,31.22007449914438,131.0132533017578,62.352421215368686,1.0520247964107083,0.4936536731340966,-6.926783362889732,-0.0108277254440166,0.0479618049848056,0.0,27.890709257051167,10.55382445632323,-49.63449694289128,17.33987047868313,137.54682621341746,473.6168919976986,1.274,1.0300000015656,1.0,8.870881494201148,345.0001478400497,0.0820184513285985,1.92868349600428e-06,-0.2455311486813529,0.0749081853126946,0.0204048562220886,1.1620769055498028,18.40643526708067,27.96825123532191,6.926957869857566
11.21,31.22007409269865,131.0132543022318,62.136464676038,1.0386097112776556,0.4844860965239253,-6.802334391549272,-0.0202137372111036,0.0261559810895851,0.0,27.803425538168582,10.461411463977823,-49.781924709915806,17.340941907796243,137.54542376978688,470.6669426051511,1.274,1.0300000015656,1.0,8.865739042354178,345.0001478400497,0.081761575909912,1.8946256659850712e-06,-0.2467653642942228,0.0755095753968405,0.0204436722942134,1.146041534792791,18.44903098260119,27.879527529335597,6.802414711333969
11.22,31.220073692917392,131.01325529567015,61.920777490727225,1.0245916169161164,0.4750245709539481,-6.67970719332692,-0.0292457285078496,0.0048151126276742,0.0,27.717289774514228,10.369959440200269,-49.93012234805356,17.341884290185355,137.5441931693426,467.7648813167708,1.274,1.0300000015656,1.0,8.860603016935977,345.0001478400497,0.0815080777782176,1.8602558823011256e-06,-0.2479727845556077,0.0760945297194956,0.0204804826806935,1.1293415209557067,18.49091780707754,27.791905604822425,6.679772951719914
11.23,31.220073299740072,131.013256282134,61.70535412796088,1.0099812705671287,0.4652773728332714,-6.558875434244395,-0.03792712360011,-0.0160614804868758,0.0,27.63228549110398,10.279455967472645,-50.0790722880807,17.34270117366691,137.543129038301,464.90979597122566,1.274,1.0300000015656,1.0,8.855473286071065,345.0001478400497,0.0812579084536647,1.825568395805876e-06,-0.2491530028597518,0.0766628946449376,0.020515274576771,1.111990457470912,18.532106606284707,27.70537028665977,6.559004756805304
11.24,31.22007291310704,131.01325726168352,61.49018915267524,0.9948089936924124,0.4552472181327339,-6.439805808184096,-0.0462591995317593,-0.0364818905082693,0.0,27.54839004079696,10.189888914159676,-50.22875671720014,17.343396180267288,137.5422259386828,462.10057879356975,1.274,1.0300000015656,1.0,8.850338064320937,345.0001478400497,0.0810110013067422,1.7905576845909796e-06,-0.2503056340163722,0.077214528997423,0.0205480319611516,1.0940174299182628,18.572607718578137,27.619899354173437,6.440075285972828
11.25,31.220072532959488,131.01325823437804,61.27527721528344,0.9791570370776576,0.4449219425293799,-6.3224454531491405,-0.0542369530434931,-0.0564752881080389,0.0,27.46556415953404,10.101246680161596,-50.37915760648043,17.34397301652244,137.54147835587167,459.3355799047313,1.274,1.0300000015656,1.0,8.845154428670003,345.0001478400497,0.0807672408438658,1.7552184533305312e-06,-0.2514303961788343,0.07774927844153,0.0205787343454126,1.0754928017797225,18.612429760914385,27.53545163245535,6.3229303027384836
11.26,31.22007215923944,131.01325920027605,61.06061304769971,0.9629463216078596,0.4343364361495813,-6.206804787865685,-0.0618742116360748,-0.0760103409577845,0.0,27.38382277772841,10.013517797844912,-50.53025675477695,17.344435497971155,137.5408806678669,456.6149767423575,1.274,1.0300000015656,1.0,8.83997678120893,345.0001478400497,0.080526670940591,1.719545609029353e-06,-0.2525269942931753,0.0782670112969577,0.0206074001595459,1.0563597851740782,18.651586831711477,27.452047532145343,6.207578566934976
11.27,31.220071791889783,131.01326015943508,60.846191473280726,0.9461883524495988,0.423499240851726,-6.092859560444304,-0.0691747233497213,-0.0950884063722034,0.0,27.303150569420044,9.9266909264849,-50.682035764809456,17.344787517776428,137.5404271871571,453.9379389792954,1.274,1.0300000015656,1.0,8.834804996765593,345.0001478400497,0.0802892464985747,1.6835342895526003e-06,-0.2535950995472974,0.0787676243046774,0.0206340221635005,1.036632867010307,18.69009019320769,27.36967306888168,6.093994139369883
11.28,31.2200714308542,131.0132611119119,60.63200740086096,0.9288948168356262,0.4124189421775665,-5.980585999565974,-0.0761422929139586,-0.1137110003473054,0.0,27.223532482032063,9.840754983434197,-50.83447604676904,17.345033038013476,137.5401121728634,451.3036555087371,1.274,1.0300000015656,1.0,8.829638952221654,345.0001478400497,0.0800549232240184,1.6471798767692613e-06,-0.2546344021236784,0.0792510259027279,0.0206585944411749,1.0163267497832185,18.727951177799607,27.288314538559305,5.98215151417738
11.29,31.22007107607717,131.0132620577625,60.41805580785362,0.9111668387120468,0.4010785533262128,-5.869927667596032,-0.0827707511397198,-0.1319129394285631,0.0,27.1449249846118,9.755699259018952,-50.98755883440663,17.34517609151247,137.53992982913076,448.7103835742786,1.274,1.0300000015656,1.0,8.824425789573906,345.0001478400497,0.0798235730789475,1.6104779994227512e-06,-0.2556446489161753,0.0797171244483161,0.0206810935310251,0.9955277257539912,18.765177939676896,27.207925741914003,5.871993089543134
11.3,31.22007072750395,131.0132629970419,60.204331767091446,0.8929506681869133,0.3895057714328397,-5.7608860985435255,-0.0890708049200296,-0.149674063495251,0.0,27.06733531018278,9.671513427004651,-51.14126523373679,17.345220811427453,137.5398742678732,446.1580742840112,1.274,1.0300000015656,1.0,8.81920427346315,345.0001478400497,0.0795952173052458,1.5734245114005802e-06,-0.2566256626678802,0.0801658222595864,0.0207015400953791,0.9741988288979708,18.801784111908205,27.128518262422222,5.763518419677717
11.31,31.22007038508053,131.0132639298045,59.99083042197458,0.8742348443718911,0.377716076011128,-5.653447601530593,-0.0950489973747592,-0.1669877831065581,0.0,26.9907568308165,9.588187141308545,-51.295576218431655,17.345171416681556,137.53993952848236,443.6462240972656,1.274,1.0300000015656,1.0,8.813988209254822,345.0001478400497,0.0793698363848265,1.5360154984088377e-06,-0.2575771915758457,0.0805970607504172,0.0207199378800135,0.9523365608466752,18.83778201977212,27.05008790354056,5.656711855385671
11.32,31.220070048753712,131.01326485610397,59.77754699541765,0.8550316017230765,0.3657181885274938,-5.547590168000418,-0.1007093310539351,-0.1838560865602381,0.0,26.915175514266743,9.50571028636723,-51.45047261731549,17.345032190649825,137.54011960598433,441.1740929116648,1.274,1.0300000015656,1.0,8.80877748011768,345.0001478400497,0.0791473890266458,1.4982473023951535e-06,-0.2584989969481024,0.0810107933681538,0.0207362856002825,0.9299563992594492,18.87318318811704,26.97262200289724,5.551549522612716
11.33,31.220069718470995,131.01326577599306,59.564476787862034,0.8354058024309556,0.3535059580137441,-5.4432735767646285,-0.1060502320525425,-0.2002999339218764,0.0,26.84056115147024,9.424073016618042,-51.60593512599485,17.344807480139764,137.54040845293744,438.74042052783096,1.274,1.0300000015656,1.0,8.803541533353442,345.0001478400497,0.0789277863704087,1.4601165246899789e-06,-0.2593908687797133,0.0814069805887421,0.0207505712898771,0.9071165643168656,18.90799711275833,26.896089385204963,5.44798989965579
11.34,31.220069394180605,131.0132666895238,59.3516151772759,0.8153808413498788,0.3410851770974341,-5.340472725906454,-0.1110741336990496,-0.2163274476666104,0.0,26.766897249384268,9.343265959734383,-51.76194434412288,17.34450171639326,137.54079995322812,436.3444082886842,1.274,1.0300000015656,1.0,8.798273953648778,345.0001478400497,0.0787109798902868,1.4216200133400724e-06,-0.2602527057957752,0.0817855659213121,0.0207628016392661,0.8838422713045401,18.942234743305143,26.82047446726076,5.34600635651901
11.35,31.220069075831447,131.01326759674757,59.138957613189774,0.7949058074274782,0.3284826563491296,-5.239189277953475,-0.1157917368728195,-0.2319188496050377,0.0,26.694190503458955,9.263279727055298,-51.91848079859441,17.344119424770795,137.54128791049263,433.9860207013471,1.274,1.0300000015656,1.0,8.793011434037137,345.0001478400497,0.078496989249199,1.3827548482027308e-06,-0.2610843439113646,0.082146526629307,0.0207729957936646,0.8600983520354704,18.975910064064053,26.745788155802707,5.245597999213512
11.36,31.220068763373185,131.013268497715,58.92649961470919,0.7739933357399952,0.3157071605060723,-5.1394027757217575,-0.1202071652025192,-0.2470764744561916,0.0,26.62242781124616,9.18410509235637,-52.07552491805295,17.343665193148983,137.54186608905815,431.6645811996653,1.274,1.0300000015656,1.0,8.787753863567334,345.0001478400497,0.078285775892421,1.3435183710520872e-06,-0.2618856103923311,0.082489857089162,0.0207811564534628,0.8359010898602319,19.009034646811944,26.672018725109208,5.14674241029141
11.37,31.220068456756103,131.01326939247608,58.71423678045532,0.752675494449894,0.3027620265630343,-5.041086561079813,-0.1243225871857139,-0.2618094819131813,0.0,26.55159041660098,9.105733047064,-52.23305704032544,17.34314366816357,137.54252821915787,429.37923816185753,1.274,1.0300000015656,1.0,8.782490123105061,345.0001478400497,0.0780772846405501,1.303908190505226e-06,-0.2626563494469654,0.0828155608383103,0.0207872827424128,0.8112829171602822,19.04161923323992,26.599147943199583,5.049411255463719
11.38,31.22006815593119,131.01327028108005,58.502164772659846,0.7310454920988979,0.2896335781678632,-4.94419357707581,-0.1281336050418041,-0.2761499852341386,0.0,26.481641601145743,9.028155025243043,-52.39105743669209,17.342559566085654,137.5432679835806,427.1285700968039,1.274,1.0300000015656,1.0,8.777174332775475,345.0001478400497,0.0778714074954547,1.263922176587484e-06,-0.2633965043355085,0.0831236263861415,0.0207913669519581,0.7863272657592443,19.073671794243733,26.527136943453584,4.953557021240748
11.39,31.220067860850065,131.01327116357552,58.29027932710613,0.7090164039238513,0.2763586067233722,-4.848738228876934,-0.1316542857025888,-0.2900669174026154,0.0,26.412599495307123,8.951362548419542,-52.54950635422985,17.34191769977861,137.54407898414468,424.9129356277136,1.274,1.0300000015656,1.0,8.771863228952974,345.0001478400497,0.0776681977471349,1.2235584337173572e-06,-0.2641060038100166,0.0834140601756756,0.0207934426415789,0.7609694094027012,19.105207953236064,26.456009635416677,4.859190681552634
11.4,31.220067571464995,131.01327204001035,58.07857624318858,0.6866011307149579,0.2629458368264345,-4.754701431499649,-0.1348888150818195,-0.3035628615345801,0.0,26.344451845544576,8.875347209594803,-52.70838398856943,17.34122294612696,137.54495478341212,422.73171515940686,1.274,1.0300000015656,1.0,8.766556706254038,345.0001478400497,0.0774676193391254,1.1828153270422798e-06,-0.2647847361013304,0.083686893643492,0.0207935159281699,0.7352267107294207,19.136239199076098,26.3857551360233,4.766291126866052
11.41,31.22006728772889,131.0132729104319,57.86705139285969,0.6638126412805663,0.2494039654568541,-4.662064420079799,-0.1378413814809137,-0.3166404650631258,0.0,26.277186601610143,8.800100799478614,-52.867670483994566,17.340480236731867,137.5458889167334,420.5843025637096,1.274,1.0300000015656,1.0,8.761254661059612,345.0001478400497,0.0772696368132314,1.1416914921587683e-06,-0.2654326042722681,0.0839421667165985,0.0207915937496563,0.7091168997883552,19.166776978124016,26.31636276117488,4.674837546646724
11.42,31.220067009595272,131.01327377488687,57.65570071367138,0.6407765649360803,0.2357105421378208,-4.570772116223315,-0.1405049279741449,-0.32934188912401,0.0,26.210758952141,8.725615452874182,-53.02734594940936,17.339694562447125,137.5468748867978,418.46905237627857,1.274,1.0300000015656,1.0,8.755893958769638,345.0001478400497,0.0770741183759386,1.1001858325843125e-06,-0.2660495795384114,0.0841799122928777,0.0207876618828065,0.6827530662483281,19.196827366283344,26.247784173080337,4.584775398333201
11.43,31.220066737018275,131.0132746334212,57.444520205793424,0.617402912004359,0.2219028639988451,-4.480839778328233,-0.1428933474408473,-0.3416364406480952,0.0,26.14518800036385,8.651883544655504,-53.1873905060678,17.33887100600643,137.5479061230887,416.3863719493373,1.274,1.0300000015656,1.0,8.750532185394249,345.0001478400497,0.0768811201788816,1.0582974909764017e-06,-0.2666356796577609,0.0844001623228996,0.0207817597561874,0.6560680840438884,19.226406276169392,26.18004433359248,4.496115999990454
11.44,31.22006646995258,131.01327548608035,57.23350593499534,0.5936950820637237,0.2079922131577007,-4.3922526719220185,-0.145011781782921,-0.3535236100257459,0.0,26.080465116504104,8.578897423157574,-53.347784270209935,17.338014718452477,137.5489760118465,414.3357840184361,1.274,1.0300000015656,1.0,8.745174642262105,345.0001478400497,0.0766906168233221,1.016025863841076e-06,-0.2671908501505947,0.0846029813316483,0.0207738987449218,0.6290731776912644,19.25552544294224,26.113136385190103,4.408842353011457
11.45,31.220066208353536,131.01327633290924,57.02265402767669,0.5696661570078361,0.1939871542983216,-4.304993217540653,-0.1468644290326673,-0.3650062025917444,0.0,26.01657900981998,8.506649619855002,-53.50850734296567,17.337130901609278,137.55007791819298,412.31673229736487,1.274,1.0300000015656,1.0,8.739821230930419,345.0001478400497,0.0765025750862119,9.73370617904102e-07,-0.2677150490724345,0.0847884417822091,0.0207640885880466,0.6017884233414563,19.284196089242712,26.047050382545745,4.322934800747816
11.46,31.22006595217701,131.013277173952,56.8119606768313,0.5454208605843801,0.1798711721872208,-4.219015546731621,-0.1484467083648687,-0.3761183919766444,0.0,25.95349250823016,8.4351329368721,-53.66953982194694,17.336224809516903,137.55120518443303,410.327848168795,1.274,1.0300000015656,1.0,8.734421404541497,345.0001478400497,0.0763168856402263,9.303316883810724e-07,-0.2682082808299451,0.0849566143109454,0.020752321413082,0.5743140051012319,19.312424659994896,25.981746559477354,4.238347986370465
11.47,31.220065701379443,131.01327800925233,56.60142213210696,0.5209144665108671,0.1656687083818998,-4.134320548365082,-0.1497678182578874,-0.3868456927160291,0.0,25.89121167237764,8.364340499971588,-53.83086184629224,17.33530177972646,137.55235109132835,408.3691405114113,1.274,1.0300000015656,1.0,8.72900691676336,345.0001478400497,0.0761335662857753,8.869092522717799e-07,-0.268670631730594,0.0851075576615588,0.0207386296261223,0.5466234957756282,19.340224898994794,25.91723481597535,4.155079588406512
11.48,31.220065455917823,131.01327883885344,56.39103470378178,0.4961261863285254,0.1513974690140479,-4.050901986506648,-0.1508351072583748,-0.397179785544497,0.0,25.829735454842577,8.294265367210377,-53.99245359314487,17.334367222333075,137.5535088720189,406.4403950215544,1.274,1.0300000015656,1.0,8.7235963243888,345.0001478400497,0.0759526139218761,8.431037309343972e-07,-0.2691021050545974,0.0852413646056332,0.020723033064357,0.5187116863085632,19.367609493426787,25.853516885989453,4.0731204151007265
11.49,31.220065215749703,131.0132796627978,56.18079476674076,0.4710691041446294,0.1370658217760511,-3.9687433424532896,-0.1516527540990985,-0.4071235830979988,0.0,25.769053261257017,8.22490075431645,-54.15429525811008,17.333426594612476,137.55467174358483,404.5411003031545,1.274,1.0300000015656,1.0,8.718189534097952,345.0001478400497,0.0757739973748414,7.989158116642915e-07,-0.2695027093254549,0.0853581367612783,0.0207055438460026,0.4906044405268829,19.394589346788116,25.790583489658754,3.9924518642067186
11.5,31.22006498083313,131.0132804811275,55.97069874655856,0.4458323004889344,0.1226615376728543,-3.887805607629778,-0.1522179310097163,-0.4167054550778416,0.0,25.70913364784428,8.156240100300515,-54.31636706398027,17.33248540056084,137.55583290756408,402.6700972602284,1.274,1.0300000015656,1.0,8.712745255804087,345.0001478400497,0.0755976241637691,7.543464463469658e-07,-0.2698724862396361,0.0854579766015858,0.020686159359873,0.4623980853321494,19.42117103249062,25.728401262407843,3.9130354173620834
11.51,31.220064751126724,131.01328129388406,55.76074313540566,0.4204054927983939,0.1081993226688644,-3.808079616044566,-0.1525364638514677,-0.4259227908323204,0.0,25.649973297479946,8.0882771984058,-54.4786493011496,17.331549219050906,137.55698551525523,400.8271171232604,1.274,1.0300000015656,1.0,8.70727604622287,345.0001478400497,0.0754234845148623,7.093968270655816e-07,-0.2702115760260903,0.0855409693622016,0.0206649065952984,0.4341055881964583,19.447366267135823,25.666969197239183,3.8348595748330645
11.52,31.22006452658956,131.0132821011084,55.550924470177584,0.3947489401167932,0.0937016540157531,-3.7295653200906873,-0.1526172363841232,-0.4347614822075236,0.0,25.591576811405137,8.021005767396149,-54.641122335695606,17.330623703710998,137.55812266802877,399.0121410827872,1.274,1.0300000015656,1.0,8.701810412781603,345.0001478400497,0.0752515919383349,6.640683793827352e-07,-0.2705200370325681,0.0856072324423099,0.0206418121523415,0.4057173730155494,19.47318852749586,25.606295426238468,3.757920574476789
11.53,31.220064307181264,131.013282902841,55.34123935436626,0.3688756287019143,0.0791766448325191,-3.652247154976565,-0.152464388224765,-0.4432245141851516,0.0,25.5339342346226,7.954419655413443,-54.80376658318124,17.329714551931666,137.55923745545775,397.22469824047056,1.274,1.0300000015656,1.0,8.696348266722294,345.0001478400497,0.0750819171421002,6.183627869012212e-07,-0.2707979239445878,0.0856568934453115,0.0206168901595505,0.3772771977238359,19.49864831702044,25.546371268951333,3.68220078766569
11.54,31.220064092861914,131.01328369912187,55.13168444016541,0.3428648443144612,0.0646146085828082,-3.576090718467732,-0.1520761600180727,-0.4513366666332379,0.0,25.47701793367924,7.888512903995969,-54.96656251506688,17.328827502902723,137.56032295754872,395.4637737230329,1.274,1.0300000015656,1.0,8.690854100293693,345.0001478400497,0.0749143788514941,5.722819902346981e-07,-0.2710453173775841,0.0856900818506295,0.0205901419439082,0.3489001279351445,19.523752022970324,25.487167570509783,3.6076663886513267
11.55,31.220063883592136,131.01328448999047,54.92225643543013,0.3167287816728021,0.050023847256449,-3.5010809610308007,-0.1514562772862101,-0.4591028533133865,0.0,25.420818911727128,7.823279910395309,-55.12949069526739,17.327968363209404,137.56137221331403,393.7289395172988,1.274,1.0300000015656,1.0,8.685328196720237,345.0001478400497,0.0747489505929367,5.258281638429901e-07,-0.2712624027212969,0.0857069076036016,0.0205615913106803,0.3206547690961531,19.548509668121707,25.4286766382811,3.534300826124206
11.56,31.22006367933296,131.01328527548574,54.712952103676685,0.2904145722355745,0.0354298607301702,-3.427221809569984,-0.1506145234338976,-0.4665052266222594,0.0,25.365345476755813,7.758715001886282,-55.29253179555855,17.327143013907783,137.56237821215956,392.02030682135273,1.274,1.0300000015656,1.0,8.679805564552076,345.0001478400497,0.0745856567772845,4.790037035882241e-07,-0.2714492879538067,0.0857075101420925,0.0205312696799397,0.2925677495020549,19.57293528182561,25.37091078591052,3.462103579202572
11.57,31.22006348004594,131.0132860556463,54.503768252153804,0.2639350125768611,0.0208404571121935,-3.3544985618481555,-0.1495549865761687,-0.4735468209358469,0.0,25.310588262096903,7.694812611113261,-55.45566656541351,17.326357376095928,137.56333393579985,390.33744134597447,1.274,1.0300000015656,1.0,8.674286119606668,345.0001478400497,0.0744244698438326,4.318112525459581e-07,-0.2716060698338798,0.0856920400884245,0.0204991928687667,0.2647565153959,19.597038900583907,25.313861873372776,3.3910579303617903
11.58,31.22006328569304,131.01328683051014,54.29470175271835,0.2373660274380952,0.0062466577880883,-3.2828792591591447,-0.1482763202614585,-0.4802510939134906,0.0,25.25652152687285,7.631567346283835,-55.61887583659431,17.32561740779512,137.56423236176286,388.67940917835847,1.274,1.0300000015656,1.0,8.668736517965609,345.0001478400497,0.0742653140848303,3.842537000499293e-07,-0.2717328680770356,0.0856606498304488,0.0204653646878586,0.2374482080212707,19.62082631455788,25.25750274958173,3.3211328203751016
11.59,31.220063096236725,131.01328760011492,54.08574952294828,0.2107291771645756,-0.0083461060576362,-3.2123469990243074,-0.1467813849810357,-0.4866260621196494,0.0,25.20313430842568,7.568974157956677,-55.78214055779053,17.324929128659722,137.56506643316317,387.0457387960213,1.274,1.0300000015656,1.0,8.663151980694845,345.0001478400497,0.0741081572476995,3.3633415818065025e-07,-0.2718299082907134,0.0856134714120723,0.0204298083943204,0.210894388927944,19.644306421053,25.20182330515648,3.2523104005385925
11.6,31.220062911639864,131.01328836449778,53.876908524154,0.1839648772127177,-0.0229111513879818,-3.1429075607728514,-0.1450802553667152,-0.4926522387336578,0.0,25.150436679491783,7.507027929138272,-55.945441812597,17.324298630033,137.56582904642713,385.4366079374124,1.274,1.0300000015656,1.0,8.657570424171475,345.0001478400497,0.0739530289332934,2.880559472115933e-07,-0.2718973409174787,0.0855506644109444,0.0203925581446146,0.1853860704102619,19.667493467356746,25.14683780434341,3.1845914093317704
11.61,31.220062731865774,131.01328912369544,53.6681757743025,0.1570856520223099,-0.0374410193507085,-3.0745470259137235,-0.1431769612239811,-0.4983326945300244,0.0,25.098419815532832,7.445723632306736,-56.10876078743142,17.32373203877222,137.56651309488888,383.8516154594432,1.274,1.0300000015656,1.0,8.651991768435927,345.0001478400497,0.0737999031763341,2.394226215180788e-07,-0.2719353009120637,0.0854723996955336,0.0203536311632806,0.1614860009055365,19.69039696929892,25.09253859438465,3.117959995127874
11.62,31.220062556878208,131.01328987774423,53.45954833807564,0.1301710835264756,-0.0519459023083573,-3.007233803986737,-0.1410699363709996,-0.5036918987441176,0.0,25.047057957092527,7.385056406081387,-56.272078774994704,17.323235513516305,137.56711147290153,382.2898471776912,1.274,1.0300000015656,1.0,8.646381071256569,345.0001478400497,0.0736487042162037,1.9043796822173082e-07,-0.2719439463961556,0.085378848999328,0.0203130322237061,0.1401530702869229,19.713021592135284,25.03889831495656,3.05238618258711
11.63,31.220062386641327,131.01329062668,53.25102332687099,0.103237838041205,-0.0664195131434005,-2.9409530296494126,-0.1387623822814273,-0.5087364447160814,0.0,24.99634189148711,7.325021712034776,-56.4353772093858,17.32281527068328,137.56761704418778,380.7509009792949,1.274,1.0300000015656,1.0,8.64073599108198,345.0001478400497,0.0734994049473103,1.411059815526261e-07,-0.27192354090842,0.085270163387037,0.0202707869283696,0.1227582915966829,19.735375950908654,24.985908741096534,2.9878541616890932
11.64,31.2200622211197,131.01329137053824,53.04259790078992,0.076226615111471,-0.0808359130958343,-2.8757103007334863,-0.136264077447652,-0.5134473706294026,0.0,24.94628151999441,7.265614936812327,-56.598637682061806,17.322477593275465,137.56802263106067,379.2349596745675,1.274,1.0300000015656,1.0,8.635093614334782,345.0001478400497,0.0733520344670756,9.143084970410217e-08,-0.2718742690276771,0.0851465211712131,0.0202269300097402,0.111107775795829,19.75747405692068,24.933583848670477,2.9243641761848993
11.65,31.220062060278305,131.01329210935393,52.8342692676436,0.0491495921360782,-0.0951880307249752,-2.8114924146224625,-0.1335789908038868,-0.5178277779307746,0.0,24.89686851864128,7.206831550659971,-56.76184190909746,17.32222879398631,137.56832105844174,377.7416521872378,1.274,1.0300000015656,1.0,8.629453865247816,345.0001478400497,0.0732065682833197,4.1416980154305176e-08,-0.271796300230729,0.0850081108763057,0.0201814798544844,0.1071281539935776,19.779324864039136,24.881916424617646,2.8619012128060173
11.66,31.220061904082527,131.01329284316182,52.626034675994426,0.0220976020897765,-0.1094892756683064,-2.748266150890116,-0.1307047142652045,-0.5219055870286274,0.0,24.84807521358553,7.14866718961486,-56.9249717347605,17.322075211946828,137.56850515726714,376.2700249338917,1.274,1.0300000015656,1.0,8.623776296335459,345.0001478400497,0.0730629250080874,-8.931002984704224e-09,-0.2716898314441965,0.0848551200123514,0.0201344407790246,0.1116969333071919,19.80093124916731,24.83087668884859,2.800434966256353
11.67,31.220061752498136,131.01329357199614,52.417891423109126,-0.0049329736524712,-0.1237285967119622,-2.686022445431058,-0.1276459874539502,-0.5256812523322836,0.0,24.799897840027832,7.091117782961249,-57.088009169354976,17.32202324216001,137.5685677288816,374.8198549916629,1.274,1.0300000015656,1.0,8.61806879240652,345.0001478400497,0.0729210935558956,-5.96082883654454e-08,-0.2715551605383247,0.0846877161696587,0.0200858435298042,0.1238268946368609,19.822302699215097,24.780462612609814,2.739954535120277
11.68,31.220061605491264,131.01329429589074,52.2098368539646,-0.031993571842254,-0.1378828093470758,-2.6247647590621064,-0.1244117143551746,-0.5291386046344889,0.0,24.75234420667103,7.034179173468931,-57.250936398150095,17.322079338228264,137.56850154150567,373.39127086711113,1.274,1.0300000015656,1.0,8.6123637273158,345.0001478400497,0.0727810968718343,-1.1060988514012257e-07,-0.2713924987103523,0.084506094943592,0.0200357213473811,0.14154594934791,19.843452396383714,24.73068564653114,2.6804581656869195
11.69,31.220061463028443,131.01329501487916,52.0018683513072,-0.0590724290826633,-0.1519452622661311,-2.564480546132035,-0.1210058034163602,-0.5322807759256856,0.0,24.70540645244688,6.977847289088239,-57.413735749841045,17.322249976388793,137.56829937270857,371.9839288004444,1.274,1.0300000015656,1.0,8.60666102929888,345.0001478400497,0.0726429118259944,-1.619305995542516e-07,-0.271202046478627,0.0843104600955116,0.019984093565926,0.1630242510254448,19.86438870276839,24.681538974438663,2.6219316734747586
11.7,31.220061325076585,131.01329572899456,51.79398334360543,-0.086059296168984,-0.1659346641448306,-2.5051330313904727,-0.1174243877326703,-0.5351416950931152,0.0,24.659053114556382,6.922118233811227,-57.57638970164029,17.322541654039128,137.56795401058227,370.59677878504544,1.274,1.0300000015656,1.0,8.60091069443374,345.0001478400497,0.0725064458912068,-2.135650399515745e-07,-0.2709840417073247,0.0841010111725432,0.0199309627887532,0.1869237665869605,19.88511189185813,24.63298819490004,2.564343312746003
11.71,31.220061191602927,131.01329643826963,51.5861793070387,-0.1129945944606639,-0.1798311179127544,-2.4467225933227184,-0.1136749403141171,-0.5377107424132497,0.0,24.61328954344117,6.866988357842431,-57.73888092152192,17.32296092431836,137.56745821222208,369.2298836201156,1.274,1.0300000015656,1.0,8.595138912329718,345.0001478400497,0.0723717147850862,-2.655076509915476e-07,-0.2707388103730708,0.0838779306675277,0.0198763674725803,0.2123840093346011,19.9056338177759,24.58504178387369,2.507689431177209
11.72,31.220061062575088,131.0132971427369,51.37845374859712,-0.1399137404219701,-0.1936162825485122,-2.38924867472658,-0.109764916284002,-0.5399769244149837,0.0,24.56811955487253,6.812453917604185,-57.901192264839736,17.32351438743686,137.56680471364675,367.88326021595606,1.274,1.0300000015656,1.0,8.589369316771952,345.0001478400497,0.0722387297127038,-3.177527116985098e-07,-0.2704665842232371,0.0836414297990509,0.0198203374524366,0.2388787246960604,19.92596608425257,24.53770643821174,2.4519650579545824
11.73,31.220060937961044,131.01329784242833,51.17080422497028,-0.1668054442958131,-0.2072839545102294,-2.332699335634121,-0.1056981659258172,-0.5419434073618887,0.0,24.52353571654593,6.758511260125996,-58.06330674667161,17.324208658163087,137.5659862677666,366.5565896703142,1.274,1.0300000015656,1.0,8.583601839736382,345.0001478400497,0.0721074688059381,-3.7029431609638113e-07,-0.2701675915190079,0.0833917253058692,0.0197628928218632,0.2660649782541114,19.946116442317305,24.490975700137565,2.3971568470859315
11.74,31.22006081772912,131.01329853737573,50.9632283345938,-0.1935313153966112,-0.2208602965510033,-2.277032383649593,-0.1014687410370556,-0.5436528404253632,0.0,24.47950093108473,6.705156933690024,-58.22520755056229,17.32505036822664,137.5649956408932,365.24867069287615,1.274,1.0300000015656,1.0,8.577772724131878,345.0001478400497,0.071977822971823,-4.231263822807182e-07,-0.2698421168488709,0.0831290243915602,0.0197040335332697,0.2936553338866075,19.96608158211253,24.4448083627454,2.3432308449017905
11.75,31.22006070184792,131.01329922761047,50.75572370969715,-0.220186200822452,-0.2343123216633742,-2.2222611754993618,-0.0970880598110939,-0.5450782971663213,0.0,24.436033283774908,6.652387652708439,-58.38687807436325,17.3260462054405,137.56382556611757,363.95995483667485,1.274,1.0300000015656,1.0,8.57193483398447,345.0001478400497,0.0718498453733492,-4.762426902545235e-07,-0.2694905015608578,0.0828535246051823,0.0196438077644093,0.3215337569239633,19.98587758614178,24.39922769294654,2.2901923878860972
11.76,31.220060590286447,131.01329991316356,50.54828802624453,-0.2467807743641604,-0.2476286957538108,-2.168379319169784,-0.0925615476656941,-0.5462164950934674,0.0,24.393130725985536,6.600200052350643,-58.5483019103715,17.32720288910971,137.56246877182028,362.69029228130137,1.274,1.0300000015656,1.0,8.566098889917308,345.0001478400497,0.0717235299729747,-5.296368671241225e-07,-0.2691129952622386,0.0825654504532337,0.0195822403415892,0.349600260818192,20.005513559652844,24.35423342251053,2.2380323883763786
11.77,31.22006048301401,131.01330059406578,50.340918999959015,-0.2732912352231491,-0.2608069658737438,-2.1153724355821235,-0.0878920427310894,-0.5470745423475849,0.0,24.35078322984429,6.5485908610114425,-58.70946282512898,17.32852714450291,137.56091801104742,361.4392979183732,1.274,1.0300000015656,1.0,8.560258377163342,345.0001478400497,0.0715988472718199,-5.833023745436481e-07,-0.2687098508290273,0.0822650295403093,0.0195193495528158,0.3777669345604018,20.0249954679881,24.30981590891984,2.1867364055324336
11.78,31.22006038000023,131.01330127034748,50.133614384333626,-0.299580886371587,-0.2738731336820801,-2.063200109298948,-0.0830737541008907,-0.5476949863743751,0.0,24.30895523220093,6.4975570530175935,-58.87034477527912,17.330025712684897,137.55916604928197,360.2058330617804,1.274,1.0300000015656,1.0,8.554350793528558,345.0001478400497,0.0714756926898848,-6.372325248866753e-07,-0.2682814099275628,0.0819524715140081,0.019455139353098,0.4058996394370764,20.04431875779468,24.265935504782966,2.1362737974639936
11.79,31.220060281215048,131.01330194203885,49.92637196864417,-0.325778603337833,-0.2867865636747706,-2.0118831140246347,-0.0781204099717772,-0.5480407321472899,0.0,24.26767213321796,6.447095639342485,-59.030931950765854,17.331705388164508,137.557205619837,358.9905708722138,1.274,1.0300000015656,1.0,8.548444988592168,345.0001478400497,0.071354140898384,-6.914205164768755e-07,-0.2678280081681406,0.0816279912526191,0.0193896617379851,0.4340245905040775,20.063502490084904,24.22262399324303,2.0866540458456826
11.8,31.220060186628714,131.0133026091696,49.719189580930816,-0.3518740725163556,-0.2995418831332839,-1.9614104642118773,-0.0730357707097937,-0.5481150104345572,0.0,24.226927175821235,6.397203606426704,-59.19120873915298,17.33357297839019,137.5550294706882,357.79323067692746,1.274,1.0300000015656,1.0,8.542540900456292,345.0001478400497,0.0712341720163102,-7.458594073454324e-07,-0.2673499146219264,0.0812918233539063,0.0193229377064323,0.4621034241588396,20.08255333483081,24.17987546118269,2.0378653776897777
11.81,31.220060096211785,131.01330327176927,49.512065086010765,-0.3777996101855415,-0.3121481695329077,-1.9117585010829248,-0.0678194343622866,-0.5479382489724643,0.0,24.186700853757056,6.347878043034537,-59.35115971558265,17.33563528808759,137.55263038202204,356.6131582362598,1.274,1.0300000015656,1.0,8.536610315060884,345.0001478400497,0.0711157286766983,-8.005421113869147e-07,-0.2668474117668629,0.0809442023954373,0.0192549787448045,0.4900689880527617,20.10147236243062,24.137668976497384,1.989888531256729
11.82,31.22006000993512,131.01330392986702,49.30499638547761,-0.4035046561516076,-0.3246102679582488,-1.8629072286983368,-0.062471807410901,-0.5475278733046957,0.0,24.146977932806752,6.299116288839264,-59.51076967162517,17.337899142745368,137.55000113817178,355.44982986203297,1.274,1.0300000015656,1.0,8.530633253003808,345.0001478400497,0.0709987660741312,-8.554614262348722e-07,-0.2663208914896955,0.0805853397147069,0.0191858073674484,0.5178668666393965,20.120261764337627,24.09598854392993,1.9427076057665664
11.83,31.22005992776985,131.0133045834918,49.09798142267272,-0.4290776343135419,-0.3368986377066656,-1.8148677966247488,-0.0570035138681993,-0.5468587513561883,0.0,24.107774048480003,6.250915617948154,-59.670023639953286,17.340371408693517,137.54713450371116,354.30363308173224,1.274,1.0300000015656,1.0,8.524657747862566,345.0001478400497,0.0708833301689476,-9.106100523274104e-07,-0.265770673817299,0.0802154670504982,0.0191154650891959,0.5455329380953692,20.138936894557517,24.05485443916302,1.8963251339772254
11.84,31.22005984968743,131.0133052326721,48.89101815882606,-0.4545088363946724,-0.3490084059506686,-1.7676297146958555,-0.0514182659345833,-0.5459341671889889,0.0,24.06908279432698,6.2032733330470124,-59.82890685426759,17.343058947544943,137.54402327574144,353.17430656809205,1.274,1.0300000015656,1.0,8.518683740938181,345.0001478400497,0.0707694021119674,-9.659805651524535e-07,-0.2651970473312106,0.0798348264910055,0.019043973258603,0.5730467649100186,20.15750380520384,24.01426102114202,1.8507303318559962
11.85,31.220059775659564,131.01330587743644,48.68410461282108,-0.4796763420258372,-0.3609625453636433,-1.7211583694855874,-0.0457117804349895,-0.5447910001587656,0.0,24.03087343488785,6.1561868721516335,-59.98740474989645,17.345968611264286,137.54066028879905,352.0608782907235,1.274,1.0300000015656,1.0,8.512656704784707,345.0001478400497,0.070656891520746,-1.021565420614032e-06,-0.2646003393071411,0.0794436535113349,0.0189713364874265,0.6003168398137007,20.175957184161767,23.974173945918132,1.8058994804735977
11.86,31.22005970565825,131.0133065178127,48.47723881645989,-0.5046365747151529,-0.3727400423769825,-1.6754573819140484,-0.0398919141044981,-0.5434154948273676,0.0,23.99315451752679,6.109653854440008,-60.14550300707743,17.349107281350335,137.5370383688237,350.9635319840538,1.274,1.0300000015656,1.0,8.506608388264612,345.0001478400497,0.070545823514967,-1.0773569943958536e-06,-0.2639809623578862,0.0790421658641686,0.0188975963021253,0.6273672123656306,20.19430892973429,23.93460506157628,1.7618312074201858
11.87,31.220059639655776,131.0133071538288,48.27041884826286,-0.5294271384186289,-0.3843248269516461,-1.6305266540686612,-0.0339655853969167,-0.5417974305603395,0.0,23.95593013650556,6.063671800991234,-60.30318754258986,17.352481855708362,137.53315034773755,349.882320614671,1.274,1.0300000015656,1.0,8.500561417217627,345.0001478400497,0.0704362101209244,-1.1333475740525243e-06,-0.2633392268407035,0.0786306080321474,0.0188227829765212,0.6542128580682033,20.21256924250885,23.895560986565904,1.718521249906874
11.88,31.22005957762464,131.01330778551218,48.063642822533446,-0.5540233989524053,-0.3957163501248497,-1.5863529171438486,-0.0279353977571163,-0.539944668464361,0.0,23.91919089283448,6.018238292954456,-60.46044447992145,17.356099212811323,137.52898910405904,348.81690374910835,1.274,1.0300000015656,1.0,8.49450826733513,345.0001478400497,0.0703280236915251,-1.1895293411963014e-06,-0.2626754381272772,0.0782092278344067,0.0187469154879015,0.6808292560331625,20.23074195979516,23.85703240807925,1.6759582957764
11.89,31.220059519537703,131.01330841289013,47.856908876435256,-0.5782850344000743,-0.4069424633170116,-1.5428986800640838,-0.021795700304212,-0.5379003843147647,0.0,23.88290308170519,5.973351113516533,-60.61726016412368,17.359966221765713,137.52454755047674,347.7662356317925,1.274,1.0300000015656,1.0,8.488385741524198,345.0001478400497,0.0702211651153397,-1.2458943900670047e-06,-0.2619899930747364,0.0777782536392273,0.0186700000807222,0.7071139414597165,20.24881853220736,23.818981246474912,1.6341200117926513
11.9,31.220059465368006,131.01330903598966,47.65021518390959,-0.6023506165250408,-0.4179629039607979,-1.500184608945013,-0.0155599333122754,-0.5356266067242504,0.0,23.84709242750731,5.929008057228015,-60.7736212050366,17.36408978273581,137.5198185867002,346.7310053421697,1.274,1.0300000015656,1.0,8.482264413157482,345.0001478400497,0.0701157100168443,-1.302434763191718e-06,-0.2612832769875373,0.0773379185569953,0.0185920884343719,0.7331526569332243,20.26681911277334,23.78143955036425,1.5930134444728077
11.91,31.22005941508885,131.01330965483743,47.44355994971028,-0.6262116048854148,-0.4287736941233432,-1.4582010048119418,-0.0092317350403108,-0.5331267190043446,0.0,23.811753078897446,5.885206885487904,-60.92951443833337,17.368476781735275,137.51479515072427,345.7109814570984,1.274,1.0300000015656,1.0,8.476144229104907,345.0001478400497,0.070011641180451,-1.3591424220449607e-06,-0.2605556058114055,0.0768884737520607,0.0185132021933893,0.758933814259918,20.28474870961772,23.744402093168485,1.5526298637739608
11.92,31.220059368673823,131.01331026946008,47.23694141437513,-0.6497702344944923,-0.4393926742097268,-1.4169201980576795,-0.0028086819612831,-0.5304301936819282,0.0,23.77686072129237,5.841945450203856,-61.08492691508696,17.373134074472638,137.50947023650184,344.7053990186288,1.274,1.0300000015656,1.0,8.46998262655303,345.0001478400497,0.0699088871050252,-1.4160092454064234e-06,-0.2598073184184103,0.0764301666490737,0.018433350055785,0.7843844739359983,20.302602500567765,23.70784175794526,1.5129530484214047
11.93,31.220059326096745,131.01331087988373,47.03035784627266,-0.6730311264113766,-0.4498128745332615,-1.376334968497215,0.0037052039120932,-0.5275390994743219,0.0,23.74241274442486,5.799221788650324,-61.23984593874344,17.37806852052233,137.50383685404216,343.7141263203372,1.274,1.0300000015656,1.0,8.463785543656542,345.0001478400497,0.0698074401051636,-1.4730270664314437e-06,-0.259038859132829,0.0759632217567884,0.0183525648755621,0.8095018301364064,20.32038621769963,23.67175702911985,1.473977332091114
11.94,31.22005928733166,131.01331148613448,46.82380754359058,-0.6960631459923171,-0.4600120120933146,-1.336451375003694,0.0103012521514534,-0.5244351733512451,0.0,23.70841958905236,5.75703384338212,-61.394259073046,17.383286987532788,137.4978880239442,342.7374101477744,1.274,1.0300000015656,1.0,8.457589463652367,345.0001478400497,0.069707330868101,-1.5301876760656069e-06,-0.2582505743970424,0.0754878877374952,0.0182708823212515,0.8343287984310284,20.33811265463433,23.6361618474644,1.4357021434103603
11.95,31.220059252352875,131.01331208823808,46.61728883532984,-0.7188529752763533,-0.4699879492784243,-1.2972590634636234,0.016976224463629,-0.5211234271023601,0.0,23.674874580626287,5.7153795867306405,-61.54815410345776,17.388796305456317,137.49161682888234,341.775002158234,1.274,1.0300000015656,1.0,8.45139175869715,345.0001478400497,0.0696085397586371,-1.5874827985278854e-06,-0.2574427924796555,0.0750044186640425,0.0181883232312877,0.8588519559624265,20.355785633465977,23.601049874097825,1.3981197717686655
11.96,31.220059221134925,131.01331268622008,46.41080008130492,-0.7412342485932031,-0.4797755016678519,-1.2587176054939548,0.0237372255096206,-0.5176540698585557,0.0,23.641740224324227,5.674257147877554,-61.70151904764016,17.394603272702454,137.48501640570822,340.8257671944087,1.274,1.0300000015656,1.0,8.445117519530655,345.0001478400497,0.0695109565246515,-1.6449041079496322e-06,-0.2566159238094574,0.0745130508479687,0.0181048904148631,0.8829495463745111,20.37339147091321,23.566378145469944,1.3612124016098504
11.97,31.220059193652567,131.0133132801058,46.20433966816734,-0.7633640019875075,-0.4893317468615174,-1.2208498469973323,0.030570212857057,-0.5139853372124975,0.0,23.60904484064822,5.633664682715656,-61.85434220093124,17.400714700838208,137.4780798938642,339.8904717579212,1.274,1.0300000015656,1.0,8.438844146235745,345.0001478400497,0.0694146644234924,-1.702443267069058e-06,-0.2557703866989643,0.0740140198767823,0.0180206375352324,0.9067281786409072,20.390952472331364,23.53218172399092,1.3249867220832745
11.98,31.22005916988078,131.01331386992035,45.99790601537029,-0.7852349435554539,-0.4986536182180963,-1.1836467982811816,0.0374716178997911,-0.5101207270112086,0.0,23.5767830703102,5.593600291251847,-62.006612099056895,17.407137370133324,137.47080048520908,338.96891012268577,1.274,1.0300000015656,1.0,8.43257159092503,345.0001478400497,0.0693196476876057,-1.7600918972702264e-06,-0.2549065167704531,0.073507581158938,0.0179355862266183,0.9301794339515388,20.40847266290069,23.498455731949388,1.2894367069987438
11.99,31.220059149794803,131.01331445568857,45.79149756721607,-0.8067397136621147,-0.5077621150833874,-1.147080484824914,0.0444444112511818,-0.506092526437914,0.0,23.544929775080167,5.5540621479363645,-62.15831750412109,17.41387800944166,137.46317144597063,338.06031010580085,1.274,1.0300000015656,1.0,8.426252944926977,345.0001478400497,0.0692258323963821,-1.8178415757381809e-06,-0.2540246753808034,0.072993984947823,0.0178497447206999,0.9532231075187816,20.4259442578236,23.465171732559213,1.254551150680567
12.0,31.220059133370043,131.01331503743515,45.58511279782663,-0.827898861073406,-0.5166477277624058,-1.111146967547464,0.0514837390519984,-0.5018988962188055,0.0,23.51348560852613,5.515048573657886,-62.30944744371133,17.420943334425722,137.4551860726209,337.1646436713838,1.274,1.0300000015656,1.0,8.419900876254653,345.0001478400497,0.0691332204617395,-1.875683875648654e-06,-0.2531253274334931,0.0724734586666174,0.0177631479925587,0.9758702892007768,20.443373835334725,23.43233187300287,1.2203280955965714
12.01,31.22005912058212,131.01331561518455,45.37875021014945,-0.8487787832996003,-0.5252902804347138,-1.0758513583168532,0.0585814304636349,-0.497523072723403,0.0,23.482460001911512,5.476557791040398,-62.45999121403324,17.428340047171098,137.4468376916212,336.2821346944674,1.274,1.0300000015656,1.0,8.413549494738794,345.0001478400497,0.0690418396033025,-1.933610363945133e-06,-0.2522088330718656,0.0719462540642738,0.0176758299742851,0.998165876315017,20.460773438552472,23.39994875350904,1.1867675160196796
12.02,31.220059111406925,131.013316188961,45.17240833297544,-0.8693417707458124,-0.5336946169275277,-1.041179301068306,0.0657359285903569,-0.4929773809315487,0.0,23.45184180411278,5.438588043051649,-62.60993834118924,17.43607478905714,137.43811971188182,335.41241752380665,1.274,1.0300000015656,1.0,8.407184315394812,345.0001478400497,0.0689516570254085,-1.9916125775988166e-06,-0.2512755373936153,0.071412626641583,0.0175878077465913,1.0200799971334062,20.478142835460797,23.368010461994423,1.1538640506536513
12.03,31.22005910582052,131.0133167587885,44.96608571895044,-0.8894670368951462,-0.5418853522762374,-1.0071008983449012,0.0729513141775171,-0.4882994464081618,0.0,23.42160407868728,5.401137716860131,-62.75927859794996,17.444154154668325,137.42902560817456,334.5546778063927,1.274,1.0300000015656,1.0,8.400752143587695,345.0001478400497,0.0688625935218115,-2.0496820476554144e-06,-0.2503258889461194,0.0708728089190366,0.017499093702933,1.0415218458085007,20.49547142996473,23.33648619554484,1.121610655731235
12.04,31.220059103799155,131.01331732469092,44.75978095153468,-0.9092943772852334,-0.5498255060924804,-0.9736344074499016,0.0802151052429215,-0.4834531841675694,0.0,23.39177042531644,5.36420516226474,-62.90800204344366,17.45258473229431,137.41954887477172,333.7095475586487,1.274,1.0300000015656,1.0,8.394320532557394,345.0001478400497,0.068774718469535,-2.1078103299983995e-06,-0.2493602986652773,0.0703270421058818,0.0174097352524442,1.062590688408697,20.51277973620084,23.305405362331303,1.0900116530391846
12.05,31.220059105319294,131.01331788669188,44.55349264003176,-0.928817812622646,-0.5575129200127021,-0.9407714828018005,0.0875238044218216,-0.4784422083815174,0.0,23.362335925722668,5.327788694180213,-63.05609897822223,17.461373049696398,137.40968308575134,332.87684331201405,1.274,1.0300000015656,1.0,8.387889438835026,345.0001478400497,0.0686880173988262,-2.1659889710579303e-06,-0.2483791147315628,0.069775581524504,0.0173197537575508,1.0832801840183133,20.53007087512047,23.274763382963226,1.059064845018732
12.06,31.220059110357603,131.01331844481484,44.34721941660654,-0.9478827655385004,-0.5649805465650782,-0.9084770842573122,0.0948833409797549,-0.4733125127235746,0.0,23.33326759954763,5.291886706622888,-63.203559939282655,17.47052556388416,137.39942190558648,332.05558417310107,1.274,1.0300000015656,1.0,8.381390326129084,345.0001478400497,0.0686023933344652,-2.224209513855217e-06,-0.2473827380039069,0.0692186706686387,0.017229153352731,1.1034743464397327,20.547329395582064,23.24452210103024,1.028765374474108
12.07,31.22005911889096,131.01331899908303,44.140959942250014,-0.9666011447517456,-0.5721986929386012,-0.8767637169663949,0.1022833741794542,-0.4680372634919711,0.0,23.304583358514616,5.256497658474967,-63.35037574738673,17.480048710863855,137.38875903253583,331.2462411048383,1.274,1.0300000015656,1.0,8.37487707624174,345.0001478400497,0.0685178989301725,-2.2824635429588488e-06,-0.2463716341682019,0.0686565385018629,0.0171379802573821,1.1232533351758247,20.564572326070444,23.21470409204661,0.9991173024421685
12.08,31.220059130896384,131.01331954951948,43.93471290379682,-0.9849992450776928,-0.5791581172853834,-0.8456289483930002,0.1097184892839778,-0.4626113855928098,0.0,23.276284495271348,5.221619916535664,-63.49653748387048,17.489948875773653,137.3776882314191,330.44881124688067,1.274,1.0300000015656,1.0,8.368364223058217,345.0001478400497,0.0684345379775105,-2.340742660230664e-06,-0.2453461588394498,0.0680894382093102,0.0170462603995568,1.1426349339207753,20.581806319861105,23.185312100163,0.9701215178167676
12.09,31.22005914635114,131.0133200961471,43.72847700398446,-1.0029754531252684,-0.5858796935755011,-0.81504794042063,0.1171911862953508,-0.4570655422478092,0.0,23.248348449139275,5.187251882143989,-63.64203646369736,17.50023235777064,137.36620337207583,329.6626156184089,1.274,1.0300000015656,1.0,8.361807687186918,345.0001478400497,0.0683522441370962,-2.3990384732633344e-06,-0.2443066838564851,0.0675176189703891,0.016954003204091,1.1615419546515848,20.599021784747038,23.1563202858641,0.9417780148418768
12.1,31.22005916523264,131.0133206389886,43.52225098133525,-1.020533744726624,-0.592359665500625,-0.7850139299387421,0.1246979496164842,-0.4514034187852193,0.0,23.22077267336999,5.153392058285503,-63.78686427229084,17.51090540844546,137.35429838559014,328.88754569580203,1.274,1.0300000015656,1.0,8.355211383037489,345.0001478400497,0.0682710099128146,-2.457342636378004e-06,-0.2432536919184376,0.0669413050591713,0.0168612403757444,1.1799754188555696,20.616222049054908,23.12772669229038,0.9140905290655885
12.11,31.220059187518448,131.01332117806646,43.31603359226283,-1.0377571494245728,-0.5985760746352714,-0.7555342810606485,0.1322300771741919,-0.4456049176874223,0.0,23.193569005728207,5.1200388525860365,-63.93101277395181,17.521974238394723,137.3419672562563,328.1239007664812,1.274,1.0300000015656,1.0,8.348615358904015,345.0001478400497,0.0681908701002131,-2.515646850009136e-06,-0.2421875602557353,0.0663607434636874,0.0167680065035565,1.197995841911043,20.63342057663569,23.09954660612038,0.8870628984657953
12.12,31.220059213186392,131.013321713403,43.109823615048114,-1.0545898743829254,-0.6045395305358454,-0.7265925574255833,0.1397872418757425,-0.4396878665007494,0.0,23.166723616665408,5.087190668632477,-64.07447406861712,17.533444963122527,137.3292040811293,327.3712536499108,1.274,1.0300000015656,1.0,8.34199637292033,345.0001478400497,0.0681117840308505,-2.5739428333370487e-06,-0.241108647266272,0.0657761845963307,0.0166743160420067,1.2155601895459596,20.650613036808146,23.0717645312246,0.8606989238087019
12.13,31.2200592422144,131.0133222450204,42.90361986077515,-1.0709422575379388,-0.6102685628886134,-0.6981662719689588,0.1473715906072073,-0.4336816162844968,0.0,23.140216881545378,5.054846003883139,-64.21724051280796,17.545323623532312,137.316003046342,326.6290158267363,1.274,1.0300000015656,1.0,8.335315592447001,345.0001478400497,0.0680336939987603,-2.632222354463202e-06,-0.2400174253096269,0.0651878531551163,0.0165801871461958,1.2325995556862386,20.66779029268025,23.04435793237553,0.8350055528775039
12.14,31.22005927458062,131.01332277294065,42.69742114947213,-1.0869469265728025,-0.6157303173704125,-0.67027081248721,0.1549717027342573,-0.4275533930322539,0.0,23.114069468482,5.0230032874469,-64.35930475289932,17.557616222103473,137.30235838616107,325.897737922114,1.274,1.0300000015656,1.0,8.328634979320894,345.0001478400497,0.0679566607614837,-2.690477252474536e-06,-0.2389143015002327,0.0645959872835808,0.0164856622376295,1.249212536898744,20.684972033910487,23.01735263802597,0.8099883299245815
12.15,31.220059310263327,131.0133232971856,42.49122633297607,-1.1025863247981789,-0.6209270170475026,-0.6428964239488583,0.1625850006880134,-0.4213106307776738,0.0,23.08827459764188,4.991660911667348,-64.50065967629676,17.570328661841017,137.28826445009724,325.17719526264165,1.274,1.0300000015656,1.0,8.32194840967597,345.0001478400497,0.0678806643776997,-2.7486994008564926e-06,-0.2377996303927516,0.0640008356025316,0.0163907601572253,1.2653850678523229,20.702158458146677,22.99074151904397,0.7856540854480634
12.16,31.220059349240987,131.0133238177768,42.285034285986086,-1.1176923208229337,-0.6258956975494502,-0.6160082787317795,0.1702181845440606,-0.4150035992620709,0.0,23.06279893365136,4.960817333948901,-64.64129841674395,17.58346674869238,137.27371569936585,324.4664172593984,1.274,1.0300000015656,1.0,8.315181724112291,345.0001478400497,0.0678056068318825,-2.806880725442425e-06,-0.2366738589639962,0.0634026255770583,0.0162954872543065,1.280988624110181,20.7193294717362,22.96448542274436,0.7620160216268679
12.17,31.220059391492228,131.01332433473587,42.07884390009831,-1.132439566353362,-0.6305944920230738,-0.5896280984749698,0.1778576577295778,-0.408589136851593,0.0,23.03767026806391,4.930470979038836,-64.78121440046414,17.597036243944714,137.2587066481012,323.7661559159118,1.274,1.0300000015656,1.0,8.308415096641488,345.0001478400497,0.0677315698247757,-2.8650132420806164e-06,-0.235537426248023,0.0628015852900668,0.016199892561829,1.2961546986473804,20.73651026711364,22.938618716616705,0.7390803228860785
12.18,31.220059436995843,131.01332484808407,41.87265409076548,-1.1468246118055416,-0.635022870747697,-0.5637485817393472,0.1855000845606476,-0.4020710251010709,0.0,23.012884380741944,4.900620208165451,-64.92040130188873,17.61104280813135,137.2432319247797,323.07626148374686,1.274,1.0300000015656,1.0,8.30164849164022,345.0001478400497,0.0676585409410923,-2.9230890179181578e-06,-0.2343906861308834,0.0621979600202575,0.0161039962909366,1.3108801936836263,20.753702529225336,22.91313726361726,0.7168569271555928
12.19,31.220059485730765,131.01332535784263,41.66646379630201,-1.1606652172897411,-0.639221387317588,-0.538333537679579,0.1931528443594745,-0.3955027774031087,0.0,22.9884060299848,4.871263415934994,-65.0588530353281,17.62549198732242,137.2272862865514,322.3957150352104,1.274,1.0300000015656,1.0,8.294801674430353,345.0001478400497,0.0675864165616098,-2.9811001784079926e-06,-0.233234059826475,0.0615919791564821,0.0160078015624167,1.3250252203600854,20.77088350695469,22.887999452193487,0.6953657066668869
12.2,31.220059537676104,131.0133258640325,41.46027197291413,-1.1741217224155716,-0.643152189055837,-0.5134016658916725,0.2008034930761128,-0.3888460896005016,0.0,22.96425997710568,4.842398991530045,-65.1965638044874,17.640389270743793,137.2108645548852,321.7251834062764,1.274,1.0300000015656,1.0,8.287947600119981,345.0001478400497,0.0675152694778495,-3.039038952804017e-06,-0.2320680106929065,0.060983861622613,0.015911356267609,1.3387115649281365,20.788076515421867,22.863235989083844,0.6746144045078746
12.21,31.220059592811115,131.01332636667465,41.25407760066447,-1.1872073768479037,-0.6468114101326187,-0.4889484620589995,0.2084478062938468,-0.3821004338849645,0.0,22.940444962640143,4.814025241503038,-65.33352806826737,17.655740046524503,137.1939616637459,321.0646025999119,1.274,1.0300000015656,1.0,8.281093444470724,345.0001478400497,0.0674450959793762,-3.0968976385355222e-06,-0.230892892350161,0.0603738484503473,0.0158146823130127,1.351949140753054,20.805285127080847,22.8388462219344,0.654615786605896
12.22,31.2200596511152,131.0133268657897,41.04787967850128,-1.199757922121522,-0.650235760553122,-0.464941443462183,0.2160920205859684,-0.3753140876009757,0.0,22.916929443188987,4.786140483717608,-65.46974052111844,17.67154957424304,137.17657268906365,320.4130623314032,1.274,1.0300000015656,1.0,8.2741672144665,345.0001478400497,0.067375803320999,-3.1546685992432414e-06,-0.2297091092528698,0.0597621681436528,0.0157177841771783,1.3646112330493547,20.822488297219262,22.81479284123349,0.6353951302625617
12.23,31.220059712567902,131.01332736139824,40.841677225252944,-1.2118957435020323,-0.6533967399429195,-0.4413927725134669,0.2237261356262836,-0.3684596579481059,0.0,22.89373118225897,4.7587430364157095,-65.60519614205266,17.687823043197167,137.1586927838824,319.7710336152901,1.274,1.0300000015656,1.0,8.267224253082489,345.0001478400497,0.0673074437204399,-3.2123443130482697e-06,-0.2285171358910552,0.0591490325648865,0.0156207050525634,1.3767915321195707,20.839704149992382,22.79109808695217,0.6169631130988551
12.24,31.22005977714892,131.0133278535207,40.63546927962773,-1.223655853245244,-0.6562860270304456,-0.4183013905577818,0.2313447823787499,-0.3615310295173156,0.0,22.87085263674,4.731831129593247,-65.73989016986943,17.704565539580273,137.14031721383552,319.1385586707944,1.274,1.0300000015656,1.0,8.260281109982573,345.0001478400497,0.0672400243936897,-3.2699173416641568e-06,-0.227317326601211,0.0585346775096072,0.0155234691095332,1.388517018049661,20.85693893278636,22.76776572292052,0.5993339194308087
12.25,31.220059844838115,131.01332834217737,40.429254903196544,-1.2348831051472289,-0.6589385370567107,-0.3956369672117378,0.2389536265285219,-0.3545738231460485,0.0,22.8482643507258,4.705402987544224,-65.87381807575632,17.721782009296486,137.12144139725004,318.5147900603492,1.274,1.0300000015656,1.0,8.253269987200387,345.0001478400497,0.0671734587336806,-3.3273803218875937e-06,-0.2261100757859344,0.0579193283564512,0.0154260815302677,1.399667476396489,20.874172179997004,22.744760809049072,0.5825375880713959
12.26,31.22005991561546,131.0133288273884,40.22303317045155,-1.2456796617798067,-0.661330990005171,-0.373408180973369,0.2465440175762441,-0.3475665339280115,0.0,22.825980320038266,4.67945682851864,-66.00697561105369,17.739477316046983,137.10206084072263,317.90009416997214,1.274,1.0300000015656,1.0,8.24623669031877,345.0001478400497,0.0671077878811158,-3.3847260147078926e-06,-0.2248958607818283,0.0573031909379203,0.0153285826071382,1.4103218019499697,20.891419129259976,22.722100997674204,0.566586372698115
12.27,31.22005998946108,131.01332930917377,40.016803175765006,-1.2560934284499965,-0.663452664619997,-0.3516158993131188,0.2541099787951928,-0.3404998756609952,0.0,22.804005081094008,4.653990783341548,-66.13935878820052,17.75765621563934,137.08217116669024,317.2945729841302,1.274,1.0300000015656,1.0,8.239203114844454,345.0001478400497,0.0670430251659938,-3.441947277401468e-06,-0.2236750350964612,0.056686495402618,0.0152309975173272,1.4205173771343056,20.908687572769797,22.69979250913225,0.5514941407650854
12.28,31.2200600663552,131.01332978755332,39.81056403935431,-1.2659690864255224,-0.6653387865309214,-0.330230441345275,0.2616571741298265,-0.3334194260401791,0.0,22.782309675921063,4.6290029643821535,-66.27096384929033,17.776323313457663,137.06176815929993,316.6973971405585,1.274,1.0300000015656,1.0,8.232101504244222,345.0001478400497,0.066979085446032,-3.499037051609409e-06,-0.2224479882434762,0.0560694621547141,0.0151333314445889,1.43013334589415,20.925956375739737,22.677800852541164,0.537294272094598
12.29,31.220060146278247,131.0133302625468,39.60431489236984,-1.2754071350976215,-0.6669670491618263,-0.3092599482087746,0.2691772161495424,-0.3263044776431873,0.0,22.76090752106964,4.604491465331552,-66.40178731368077,17.79548312385487,137.0408476987863,316.1089175985797,1.274,1.0300000015656,1.0,8.224976415115982,345.0001478400497,0.0669160081588801,-3.5559884130999657e-06,-0.2212151955169039,0.0554522913122767,0.0150356236860434,1.4392480421314042,20.943240437047752,22.65614294808048,0.5239968524620208
12.3,31.220060229210727,131.01333073417382,39.39805488584248,-1.2844590854009643,-0.6683264431796248,-0.2887057491045949,0.2766640541637097,-0.3191450206057748,0.0,22.73980361695088,4.5804542960104335,-66.53182595966449,17.815140045408047,137.01940578795384,315.5292506897588,1.274,1.0300000015656,1.0,8.217850953694239,345.0001478400497,0.066853807998837,-3.6127945432968975e-06,-0.2199770062772502,0.0548352073703131,0.0149378991119345,1.447902119531854,20.960547838717048,22.63482552534576,0.5116126978582587
12.31,31.220060315133303,131.01333120245383,39.19178319267176,-1.292959758565816,-0.6694546630339963,-0.2685373543593334,0.2841239233814126,-0.311989264101633,0.0,22.718967939606223,4.556889438198998,-66.66107679258683,17.83529831753247,136.99743859887792,314.95754146089394,1.274,1.0300000015656,1.0,8.210653143819057,345.0001478400497,0.066792396690542,-3.669448717594719e-06,-0.2187338102609755,0.0542184239748929,0.0148401622643236,1.4559664845639746,20.977855414114327,22.613812639717363,0.5001759844681025
12.32,31.220060404026736,131.0133316674062,38.985498997684566,-1.3010273549551512,-0.6703260193960545,-0.2487652246750805,0.2915476064293513,-0.3048120855645286,0.0,22.698416464404737,4.533794839424293,-66.78953709389562,17.855962083405174,136.97494240366836,314.3942124940772,1.274,1.0300000015656,1.0,8.203434796781513,345.0001478400497,0.0667318211944093,-3.7259443558043457e-06,-0.2174860762300999,0.0536021357778115,0.014742453241805,1.4635340510568156,20.995180501465672,22.59312430153357,0.48968821849062766
12.33,31.220060495871948,131.01333212905,38.7792015055884,-1.3087072984447303,-0.6709313801990255,-0.2293897334131075,0.2989295157144463,-0.2976052563578659,0.0,22.67815306603596,4.51116836883804,-66.91720439826591,17.877135359274835,136.9519136073847,313.8393501676801,1.274,1.0300000015656,1.0,8.196215987176316,345.0001478400497,0.0666720928953245,-3.7822749892446168e-06,-0.2162341458089735,0.05298656169371,0.0146447953446623,1.4706411602386007,21.01253009921229,22.572765819825783,0.48015351063221545
12.34,31.220060590649968,131.01333258740448,38.57288993500658,-1.3158144661677276,-0.6713131190482544,-0.210378159027145,0.3062770411538031,-0.2904223811408422,0.0,22.658145119251945,4.489007859217774,-67.04407646538753,17.898821995629415,136.9283487896776,313.292031420838,1.274,1.0300000015656,1.0,8.188916147373908,345.0001478400497,0.0666131158712171,-3.838434253715201e-06,-0.2149784154604715,0.0523719065866264,0.0145471919889799,1.4771424381888958,21.029877538551013,22.552697913757036,0.471603387605619
12.35,31.22006068834194,131.01333304248848,38.36656352941346,-1.3225049136189206,-0.6714377018380971,-0.1917460673413474,0.3135790230254005,-0.2832285320468023,0.0,22.638414239423067,4.467311093120238,-67.17015133100738,17.92102574460738,136.9042446309231,312.7528352477822,1.274,1.0300000015656,1.0,8.181603067578912,345.0001478400497,0.066554953663588,-3.894415939138384e-06,-0.2137193404297547,0.0517583604320878,0.0144496855619872,1.4831614092901582,21.047245591684824,22.53294746585276,0.46402236949076464
12.36,31.22006078892912,131.01333349432088,38.16022154023474,-1.3288078856668812,-0.6713000911843477,-0.1734914958406298,0.3208308837673303,-0.2760198523949612,0.0,22.61896161473813,4.446075782241274,-67.29542727485708,17.943750216895687,136.87959795856267,312.2217749377784,1.274,1.0300000015656,1.0,8.174289438064916,345.0001478400497,0.0664976097593759,-3.950213949529684e-06,-0.2124572521960907,0.051146136413313,0.0143522966825,1.4887220726288404,21.064638688211904,22.51351645551484,0.45740432226213346
12.37,31.22006089239292,131.01333394292038,37.95386324076484,-1.3345078414894656,-0.6709496006720646,-0.1555780992365677,0.3280417647962632,-0.2688582063220524,0.0,22.59975051448348,4.425299592063168,-67.41990280115874,17.96699885445824,136.85440577611337,311.69781798766394,1.274,1.0300000015656,1.0,8.16688161680711,345.0001478400497,0.0664409761677688,-4.005822305780048e-06,-0.2111925624301097,0.0505354282283995,0.0142550273554272,1.493654289357262,21.08202508720337,22.49436040640432,0.4517750319787731
12.38,31.220060998714825,131.0133343883056,37.74748791523199,-1.339819626555842,-0.6703402856254768,-0.1380292712392395,0.3351974260703128,-0.261693271044684,0.0,22.580811213816208,4.4049801254044265,-67.54357669005238,17.990775000502396,136.8286651867954,311.1817822809455,1.274,1.0300000015656,1.0,8.159472319925232,345.0001478400497,0.0663851418889841,-4.061235190385417e-06,-0.2099257022046809,0.0499264227447915,0.014157923354243,1.4981291066862712,21.099436190437316,22.475516810164336,0.44709368400041705
12.39,31.22006110787646,131.013334830495,37.541094866750925,-1.3447097432579491,-0.6694814266977259,-0.1208344578612075,0.342296816584146,-0.2545376705394193,0.0,22.562135177761608,4.385114922527199,-67.66644795319432,18.01508183918239,136.80237345840675,310.67341441010194,1.274,1.0300000015656,1.0,8.152046828804734,345.0001478400497,0.0663300818251039,-4.116446900056579e-06,-0.2086569934417128,0.0493193266671179,0.0140609983469979,1.5021209593882536,21.116866916796628,22.456975674133258,0.44334806030238405
12.4,31.22006121985954,131.0133352695069,37.33468341732313,-1.349029613854207,-0.6684077214649065,-0.1039670428005598,0.3493455779818923,-0.2474362694599483,0.0,22.543696622283534,4.3657014630816215,-67.78851582984697,18.039922389855544,136.77552802899194,310.1719873352157,1.274,1.0300000015656,1.0,8.144540511815336,345.0001478400497,0.0662757201683141,-4.1714518644532826e-06,-0.2073868719404697,0.0487143201065937,0.0139642630342532,1.5055122780407948,21.13429485037729,22.43870576438386,0.4405407884503454
12.41,31.220061334645912,131.01333570535968,37.128252899883805,-1.352966329759583,-0.6670800156321519,-0.0874462072284447,0.3563310788607476,-0.240345744170454,0.0,22.52552091105402,4.34673716116496,-67.90977983129409,18.0652995694928,136.74812643890928,309.6781828451963,1.274,1.0300000015656,1.0,8.13703350371491,345.0001478400497,0.0662221314792007,-4.226244676252481e-06,-0.2061157296531016,0.0481115892871784,0.0138677569445332,1.5084531553507967,21.15174734300368,22.42073859453566,0.43861686431503494
12.42,31.22006145221753,131.0133361380713,36.921802658301885,-1.3564356339097767,-0.6655190900904002,-0.071254807384524,0.3632551258127953,-0.2332921032383851,0.0,22.50759203519148,4.328219372750576,-68.03023968664708,18.09121611800182,136.7201664110982,309.19154408136086,1.274,1.0300000015656,1.0,8.129489100012181,345.0001478400497,0.0661692686879608,-4.280820043042138e-06,-0.204843889177088,0.0475113317281192,0.0137714891570688,1.5108774064289103,21.16921139829037,22.40305489170475,0.4375576984102379
12.43,31.22006157255644,131.01333656765996,36.71533205831551,-1.359384367724379,-0.6637389217893774,-0.055379338895744,0.3701183844917213,-0.2262958614700595,0.0,22.489899015410387,4.310145375741241,-68.14989536080581,18.11767462381549,136.69164582296116,308.7117538617954,1.274,1.0300000015656,1.0,8.121883646634434,345.0001478400497,0.0661170995115475,-4.335172824233567e-06,-0.2035718029197664,0.0469137149816111,0.013675480700937,1.5127433848466143,21.186678401745645,22.38564148129342,0.43733774892383537
12.44,31.2200616956448,131.01333699414343,36.5088404815673,-1.361954624169532,-0.6617108464640998,-0.0398326843829641,0.3769107230130079,-0.2193250352528627,0.0,22.47245989082134,4.292512391533961,-68.2687470793144,18.144677560707883,136.66256266627656,308.2392921881026,1.274,1.0300000015656,1.0,8.114277422657917,345.0001478400497,0.0660656769769741,-4.389298036534899e-06,-0.2022998210852596,0.0463189245457331,0.0135797633511605,1.5141661629172432,21.204168979538643,22.368520904721155,0.4378947441520743
12.45,31.22006182146488,131.0133374175396,36.30232731665725,-1.3640017747698432,-0.6594691134572122,-0.0245900795582601,0.3836373338294423,-0.2124216486415573,0.0,22.455250071563952,4.275317577885858,-68.38679527450665,18.17222721252209,136.6329151279216,307.77346923539164,1.274,1.0300000015656,1.0,8.106607795034973,345.0001478400497,0.0660149287882512,-4.443190815765442e-06,-0.2010282809052562,0.0457271453404544,0.0134843420692995,1.5150307557580704,21.22166066923831,22.351663192657163,0.4392097821452088
12.46,31.220061949999007,131.01333783786615,36.095791970078174,-1.365591279306294,-0.6570021084439756,-0.0096536809610774,0.3902926920120428,-0.2055757104944787,0.0,22.438276230083293,4.258558002976862,-68.50404062602506,18.20032573249953,136.6027015255627,307.31445373288113,1.274,1.0300000015656,1.0,8.098901687181147,345.0001478400497,0.0659648745561614,-4.4968464681281945e-06,-0.1997576309590458,0.045138536055671,0.0133892482408991,1.5153908979954902,21.239162405789838,22.335076841845307,0.44122891081548055
12.47,31.22006208122969,131.01333825514067,35.88923386621568,-1.3668086030378832,-0.6542940762398609,0.0049711815794149,0.3968697628313784,-0.1987695402221038,0.0,22.42154763899784,4.242230693692333,-68.62048405371384,18.228975135518,136.5719203156877,306.8624852423232,1.274,1.0300000015656,1.0,8.091194732344094,345.0001478400497,0.0659155415353761,-4.55026044451648e-06,-0.1984881837433693,0.0445532800412951,0.0132945054918815,1.5153168924326326,21.256686214561597,22.31877359961307,0.4438914860821692
12.48,31.22006221513947,131.01333866938063,35.68265243442467,-1.3674367813301476,-0.6513951895691568,0.0193182014117356,0.4033777964227325,-0.1920645247123274,0.0,22.405029752144944,4.2263325927597055,-68.73612668070841,18.258177246297635,136.54057014890645,306.4166042474818,1.274,1.0300000015656,1.0,8.083393439291102,345.0001478400497,0.0658668281608568,-4.6034283272986e-06,-0.1972203120134712,0.0439715448435493,0.0132001154686033,1.5146347668344784,21.27419825808581,22.30271103925447,0.44718633834858607
12.49,31.220062351710983,131.0133390806035,35.47604712592933,-1.3676838092672432,-0.6482632808246571,0.033367007467478,0.4098037925239238,-0.1854136176492937,0.0,22.38874965712223,4.210860563599385,-68.85096988601596,18.287933778646465,136.5086497844869,305.97753876660227,1.274,1.0300000015656,1.0,8.075585148081005,345.0001478400497,0.065818814060461,-4.656345879638919e-06,-0.1959544261303775,0.0433934868350455,0.013106118867966,1.5135139445728416,21.291728900196556,22.286922871666054,0.45103294243782727
12.5,31.22006249092703,131.0133394888265,35.26941739990574,-1.3674993985606383,-0.6449125029807523,0.0471294938387896,0.4161479870726581,-0.1788338911147356,0.0,22.372696921136072,4.195811434215392,-68.96501526220102,18.318246276375746,136.47615815349795,305.5449900777191,1.274,1.0300000015656,1.0,8.06774744670123,345.0001478400497,0.0657714685585058,-4.709008994966981e-06,-0.1946908173229534,0.0428192833019103,0.0130125261228706,1.5119152631505393,21.309269406741347,22.271396441117613,0.4553920255618919
12.51,31.220062632770432,131.0133398940668,35.06276273044047,-1.3667833375562004,-0.6413678450635023,0.0606243540577865,0.4224137775976679,-0.1723577894238285,0.0,22.35685432878332,4.1811819174942295,-69.07826461487926,18.349116114942458,136.44309435670127,305.1184753144311,1.274,1.0300000015656,1.0,8.059836404369332,345.0001478400497,0.0657247410400726,-4.761413722360777e-06,-0.1934299069011629,0.0422490813211411,0.0129193525464571,1.5097587136623194,21.32680324591956,22.25611060725113,0.46023463514203783
12.52,31.220062777224108,131.0133402963415,34.8560826045424,-1.3657093665510676,-0.6375951416869412,0.0738356743068559,0.4285899450766186,-0.1659460920904412,0.0,22.341243439410054,4.166968688375366,-69.19071999854307,18.38054455846906,136.40945760318843,304.69857072371724,1.274,1.0300000015656,1.0,8.051924389533982,345.0001478400497,0.0656786948805738,-4.813556282639713e-06,-0.1921720321627272,0.0416830415496485,0.0128266302966141,1.5071869970310492,21.344355555357414,22.24109229582796,0.4654880807294814
12.53,31.22006292427112,131.0133406956677,34.64937652512534,-1.3641192549726164,-0.633632104187968,0.0867885242806528,0.4346825932215483,-0.1596440122176695,0.0,22.32583892094693,4.153168358783269,-69.30238365986483,18.412532678261115,136.37524729738485,304.2845729479381,1.274,1.0300000015656,1.0,8.04394315291027,345.0001478400497,0.0656332556039678,-4.8654330240240765e-06,-0.1909175058571925,0.0411213259870228,0.0127343627749195,1.5040728445849951,21.36190083369065,22.226310251534404,0.4711341798612991
12.54,31.22006307389457,131.01334109206215,34.44264399808431,-1.3620978396485777,-0.6294640419184494,0.0994786311905876,0.4406856319618817,-0.1534369717309515,0.0,22.310649740755533,4.139777425158443,-69.41325807787375,18.44508141692896,136.34046297015675,303.87671498167407,1.274,1.0300000015656,1.0,8.035926904545516,345.0001478400497,0.0655884495677736,-4.917040474911665e-06,-0.1896667507843615,0.0405640704561956,0.0126425804896105,1.500486873631336,21.37945051165066,22.211775749260248,0.4771191974498205
12.55,31.22006322607768,131.01334148554173,34.23588455217789,-1.359705979008751,-0.6250816271993893,0.1119039869458812,0.446593746108747,-0.1473138124759765,0.0,22.295681215029223,4.126792379197581,-69.52334595221993,18.4781915751854,136.30510429273892,303.47512994262826,1.274,1.0300000015656,1.0,8.02789994435677,345.0001478400497,0.0655442923956624,-4.9683753116212085e-06,-0.1884200464762575,0.0400114362443461,0.012551302155389,1.4964805502281968,21.39701239708343,22.197495570374027,0.48339407909492965
12.56,31.22006338080372,131.01334187612306,34.029097720140186,-1.3567476976137371,-0.620530804437685,0.1240940446241684,0.4524153596726786,-0.1413306261003424,0.0,22.28090340699113,4.114209591739352,-69.63265017319947,18.51186376993453,136.26917112127683,303.07899167850246,1.274,1.0300000015656,1.0,8.019778014832234,345.0001478400497,0.0655006960755938,-5.019434355780517e-06,-0.1871777685003566,0.0394635612620249,0.0124605330527687,1.4918950431737814,21.414554853434023,22.18343256167208,0.4899523808012969
12.57,31.22006353805609,131.0133422638229,33.82228305259852,-1.3534500019880835,-0.6157667676959887,0.1360272889013671,0.45813698060748,-0.1354356754874665,0.0,22.26634451897024,4.102025384243412,-69.74117387213063,18.5460985167478,136.23266340857813,302.6890569657153,1.274,1.0300000015656,1.0,8.01165499363809,345.0001478400497,0.0654577435114707,-5.070214612657544e-06,-0.1859402692112551,0.0389205842993303,0.0123703096117212,1.4869179838598947,21.432110956187508,22.169621963241088,0.49672501298076466
12.58,31.220063697818244,131.0133426486576,33.61544010813199,-1.3496769672522286,-0.6108227124991574,0.1477251985038483,0.4637636542064835,-0.1296679697551459,0.0,22.251982980595248,4.090236043768416,-69.84892036645127,18.58089614994296,136.19558128923242,302.30472841915577,1.274,1.0300000015656,1.0,8.003472150844724,345.0001478400497,0.0654153712869001,-5.120713217391964e-06,-0.1847078278032034,0.0383826551282852,0.0122806354709745,1.481439599557117,21.44965814221641,22.156036990750135,0.5036995568951532
12.59,31.22006386007373,131.0133430306437,33.40856845724836,-1.34546299064282,-0.6056953856034577,0.1591896969456659,0.4692922047245275,-0.1240259541606387,0.0,22.237820606019167,4.078837717940922,-69.95589318658033,18.616256869388664,136.15792502951555,301.9260452624397,1.274,1.0300000015656,1.0,7.995241934884015,345.0001478400497,0.0653735847306904,-5.1709274822817785e-06,-0.1834808521611353,0.0378498934406139,0.0121915359286673,1.4754897903150943,21.467199824367217,22.142679969414573,0.5108414336507148
12.6,31.22006402480618,131.01334340979756,33.20166768337796,-1.3409058957016036,-0.6003681405071603,0.1704145664119293,0.4747157355882339,-0.1184893835163181,0.0,22.22386749307933,4.067826574578123,-70.06209607840213,18.65218075052095,136.11969501660755,301.5532715415623,1.274,1.0300000015656,1.0,7.987003638008353,345.0001478400497,0.0653324135234986,-5.220854875441189e-06,-0.1822596100045452,0.0373224434096585,0.0121030314117679,1.4691510189221593,21.48474916676228,22.129563611830136,0.5181079888078556
12.61,31.22006419199929,131.01334378613535,32.994737377903085,-1.3357894092928333,-0.5948914185849552,0.1814305585963705,0.4800438241365226,-0.1131189946201601,0.0,22.210091913362703,4.057198656557012,-70.16753296490326,18.688667689210384,136.0808918171544,301.1855363986043,1.274,1.0300000015656,1.0,7.978664745832625,345.0001478400497,0.0652917643876566,-5.2704930087157215e-06,-0.1810444509976374,0.0368004285707888,0.0120151249889815,1.462246567571548,21.502270968367554,22.11664826678317,0.5255045457729965
12.62,31.22006436163686,131.0133441596732,32.78777714612303,-1.3303560077389809,-0.58921794450439,0.1922152117531349,0.4852626009135097,-0.1078596467790393,0.0,22.19652318848504,4.046949961143282,-70.2722079973234,18.72571748963048,136.04151608366834,300.82362595916806,1.274,1.0300000015656,1.0,7.970324649132691,345.0001478400497,0.0652517235168058,-5.319839679246072e-06,-0.1798357130074614,0.0362839707993404,0.0119278521768652,1.4549785221382572,21.51980046650632,22.103970681550933,0.5329729663669123
12.63,31.220064533702743,131.0133445304273,32.580786603277126,-1.32445289355703,-0.5833847405667792,0.2027911876492248,0.4903781653130598,-0.1027543928333184,0.0,22.183138193332866,4.0370764662636045,-70.37612550134732,18.76332978470128,136.00156863905235,300.4669038444864,1.274,1.0300000015656,1.0,7.961917627360194,345.0001478400497,0.0652122229250751,-5.368892814527882e-06,-0.1786336581268979,0.0357732032231362,0.0118412150200494,1.4472223741014745,21.537312107725874,22.091501915958013,0.5405122348758903
12.64,31.22006470818088,131.01334489841355,32.373765376533626,-1.318142233777279,-0.5773831530707922,0.2131572280714649,0.4953862134382679,-0.0977947302395925,0.0,22.16994228529732,4.027574001387012,-70.47929000570132,18.801504088788967,135.96105042050235,300.11550640903005,1.274,1.0300000015656,1.0,7.953467308740199,345.0001478400497,0.065173278357638,-5.417650521823535e-06,-0.177438673995047,0.0352682294434459,0.0117552392960066,1.4390314231090533,21.55481327202653,22.079248686715665,0.548094256133423
12.65,31.22006488505527,131.01334526364786,32.16671309902459,-1.3114791565874226,-0.5712061683736723,0.2233121089017734,0.5002823111442852,-0.0929711263769408,0.0,22.156939664302413,4.018438447396797,-70.58170623751283,18.84023979782213,135.91996247935452,299.76953848161014,1.274,1.0300000015656,1.0,7.9449946715785105,345.0001478400497,0.0651349021569099,-5.466111058944388e-06,-0.1762510013670107,0.0347691786000591,0.0116699403347803,1.4304534525849295,21.572310257910164,22.067216295467404,0.5556926481120854
12.66,31.220065064310045,131.0133456261461,31.95962941879305,-1.3043080140121417,-0.5648914765557121,0.2332788598661397,0.5050732091839116,-0.0883291714698288,0.0,22.14410743896828,4.009665531601512,-70.68337909301131,18.879536148472685,135.87830602434923,299.4283721197244,1.274,1.0300000015656,1.0,7.936432614629198,345.0001478400497,0.0650970270249053,-5.5142728343620585e-06,-0.1750709923926306,0.0342761531352944,0.0115853265934121,1.421360844958775,21.589776833824672,22.05537593085515,0.5633116505348773
12.67,31.220065245929323,131.01334598592393,31.7525139908402,-1.296846201961991,-0.5583978993670607,0.2430384981626732,0.5097466055584852,-0.0838198163027299,0.0,22.13147067630134,4.001250988039684,-70.78431368231665,18.919392300101592,135.83608233470656,299.09267713478954,1.274,1.0300000015656,1.0,7.927869246249807,345.0001478400497,0.0650597266471972,-5.56213443471458e-06,-0.1738989360241455,0.0337892640260175,0.0115014275660829,1.411936626076803,21.60724411289668,22.04375912790132,0.570907238588362
12.68,31.220065429897364,131.01334634299704,31.54536647811938,-1.288882216802011,-0.5517750076499299,0.2526194845248289,0.5143118590579328,-0.0795009980110002,0.0,22.118999552683498,3.9931905001844807,-70.88451527236353,18.959807248206,135.7932928518682,298.7616391538674,1.274,1.0300000015656,1.0,7.919214529582898,345.0001478400497,0.0650229133474761,-5.609694576632104e-06,-0.1727351002919031,0.0333086222137458,0.0114182426622739,1.402006301931857,21.624677192663604,22.032328276859715,0.5784926110279734
12.69,31.220065616198447,131.01334669738097,31.338186560483432,-1.2805895328027792,-0.5449911425376132,0.2620083196580122,0.5187593097055155,-0.0753361366388401,0.0,22.1067133237063,3.9854796365930336,-70.98398933123055,19.00077990686868,135.7499390921583,298.4357707852401,1.274,1.0300000015656,1.0,7.9105378437059555,345.0001478400497,0.0649866437273875,-5.656952161892932e-06,-0.1715798360782156,0.032834317652741,0.0113358023323978,1.3917167231554568,21.642100279006534,22.021107606114377,0.5860333731621639
12.7,31.220065804816976,131.01334704909124,31.13097392076669,-1.2718956252748832,-0.5380666309205973,0.2712176958785018,0.5230912433938869,-0.0713475156715737,0.0,22.094599973125007,3.9781140272699687,-71.08274149606933,19.042309063952704,135.7060226942617,298.11473975839715,1.274,1.0300000015656,1.0,7.901806903331359,345.0001478400497,0.064950882459105,-5.703906226875952e-06,-0.1704333611378383,0.0323664628077167,0.0112541120195328,1.3810092768361983,21.65949974838505,22.01008190669189,0.5935267099849101
12.71,31.220065995737382,131.01334739814325,30.92372825174417,-1.2627916377979271,-0.5310084139816407,0.2802541327505709,0.5273073561110162,-0.0675443406490665,0.0,22.082655695078262,3.971089124561469,-71.18077757641754,19.08439339554509,135.66154540396917,297.7984360463722,1.274,1.0300000015656,1.0,7.893015347589558,345.0001478400497,0.0649156183509166,-5.750555975492747e-06,-0.1692960319693096,0.0319051378705354,0.0111731906390018,1.3698784611344592,21.676871661014907,21.999246282519085,0.6009639462449322
12.72,31.22006618894417,131.0133477445523,30.71644925911368,-1.253380870226496,-0.5237999611492004,0.2891113048937905,0.531401272177187,-0.063905271810524,0.0,22.070890482316784,3.964400469380027,-71.2781035685423,19.12703150031008,135.6165090379258,297.48712191636133,1.274,1.0300000015656,1.0,7.884203470510074,345.0001478400497,0.064880880774432,-5.796900767041811e-06,-0.1681680684294795,0.0314504461632102,0.0110930550579159,1.3584131323523994,21.694229285168717,21.98861332290985,0.6083227288652793
12.73,31.22006638442192,131.01334808833363,30.50913665652557,-1.243486202895182,-0.5164836449512373,0.2978133832558786,0.535381086241072,-0.0604806246830176,0.0,22.05927978815689,3.9580434507190136,-71.37472561626745,19.17022184175297,135.57091554471072,297.18012857166,1.274,1.0300000015656,1.0,7.87529547406057,345.0001478400497,0.0648465975670866,-5.842940104099774e-06,-0.1670497853570589,0.0310024675215703,0.0110137110257961,1.3464662671747574,21.711542773012948,21.978151825653832,0.6156164590985453
12.74,31.22006658215526,131.01334842950243,30.301790162599985,-1.2333436176483945,-0.5090152933608715,0.306340334995917,0.539234125002697,-0.0572170922132123,0.0,22.04784979931365,3.952013488455985,-71.4706500567084,19.213962837731973,135.52476691039237,296.87815491876484,1.274,1.0300000015656,1.0,7.866386022436797,345.0001478400497,0.0648128457051629,-5.888673663421584e-06,-0.1659414420264745,0.0305612885369058,0.0109351861059511,1.3342387447118378,21.728845595635416,21.967894915758205,0.6228094717119916
12.75,31.22006678212892,131.0133487680738,30.094409506891925,-1.222708654630948,-0.5014514043335553,0.3147227311376752,0.5429716982820748,-0.0541803679372022,0.0,22.03656802327776,3.946305954504816,-71.56588336473727,19.25825277416232,135.47806524972515,296.58031908906486,1.274,1.0300000015656,1.0,7.857371821416982,345.0001478400497,0.0647795296685616,-5.934101248576087e-06,-0.1648432858718223,0.0301269937486074,0.0108574778205772,1.3215263116358025,21.746097548854728,21.957801226439045,0.6299239437423287
12.76,31.220066984327623,131.0133491040627,29.88699442790292,-1.2118105535104455,-0.4937494377794998,0.3229418185243612,0.5465818435101116,-0.0513199937339665,0.0,22.0254595570808,3.940916136585901,-71.66043219861864,19.303089895893297,135.4308127103926,296.28729041942165,1.274,1.0300000015656,1.0,7.848344297009758,345.0001478400497,0.0647467232300787,-5.979222843547873e-06,-0.1637556226237996,0.0296996515403905,0.0107806161394277,1.3085247313901318,21.763330897083083,21.94790253669317,0.6369276815805606
12.77,31.220067188736262,131.01334943748407,29.67954467506937,-1.200496098929876,-0.4859468339422265,0.3310180531460691,0.5500712678881137,-0.0486781153966584,0.0,22.01450323732759,3.935839389036148,-71.75430335855592,19.34847234479772,135.3830115384251,295.99849303672454,1.274,1.0300000015656,1.0,7.839237869032862,345.0001478400497,0.0647143641735661,-6.024038557273255e-06,-0.1626786510058219,0.0292793472984935,0.0107046011628713,1.2951064246108903,21.780519368339057,21.938171802291308,0.6438329831433157
12.78,31.220067395339694,131.01334976835287,29.47205999981512,-1.188865583754178,-0.478028162654038,0.3389463749257425,0.5534346571284084,-0.0462366949521739,0.0,22.00370843606531,3.931070903325116,-71.84750380822511,19.39439820940617,135.334664026037,295.71417299692126,1.274,1.0300000015656,1.0,7.830090663124482,345.0001478400497,0.0646824800459678,-6.06854867037357e-06,-0.1616126921086583,0.0288661373822737,0.0106294560672596,1.2813584606030275,21.79767535630528,21.92862081899382,0.6506246204580959
12.79,31.22006760412288,131.01335009668367,29.26454016847573,-1.1768872355288476,-0.4700055882976363,0.3467344314334557,0.5566727595067958,-0.0440075205198756,0.0,21.99306867422194,3.926605999029261,-71.940040662187,19.440865514423752,135.28577252283523,295.43415011480545,1.274,1.0300000015656,1.0,7.820886974205174,345.0001478400497,0.0646510517978645,-6.112753597237075e-06,-0.1605579237415458,0.0284601023678468,0.0105551868739892,1.2672559920787034,21.814791080881204,21.91924119705604,0.6573020530781112
12.8,31.220067815070827,131.01335042249144,29.05698494838004,-1.1645483326822867,-0.4618873301974243,0.3543887087921652,0.5597859861652053,-0.0420004169236782,0.0,21.98257987992501,3.922439806245768,-72.03192117783917,19.48787221814956,135.23633943870715,295.1583092604834,1.274,1.0300000015656,1.0,7.811618458781565,345.0001478400497,0.0646200674562359,-6.156653909000121e-06,-0.1595146586301557,0.0280612912865675,0.0104818097086565,1.2527902243084912,21.831861589873668,21.91002757359099,0.6638642498644526
12.81,31.22006802816861,131.0133507457906,28.84939412077436,-1.151922291592549,-0.4536637699500421,0.3619061526113609,0.5627700438589238,-0.0402013271797203,0.0,21.97224797897128,3.9185675982226607,-72.1231527701904,19.53541625205541,135.18636720237174,294.8868039435592,1.274,1.0300000015656,1.0,7.802312370982358,345.0001478400497,0.0645895444372869,-6.200250321641008e-06,-0.1584830724178665,0.0276697760882075,0.0104093364735463,1.2380258685855163,21.848895031760048,21.90098738522969,0.6703001807175227
12.82,31.22006824340136,131.01335106659585,28.64176747187504,-1.138899912864798,-0.4453632194125439,0.3693027244356366,0.5656301628122731,-0.0386434498015497,0.0,21.962057729063,3.914984471324032,-72.21374298006307,19.583495475202035,135.135858309513,294.6192195375469,1.274,1.0300000015656,1.0,7.792920898268559,345.0001478400497,0.064559437931557,-6.2435436928414604e-06,-0.1574634549552341,0.0272856013251928,0.0103377765432644,1.2228717366591642,21.865871721245384,21.892100942622925,0.6766204989291909
12.83,31.220068460754227,131.01335138492155,28.434104797839264,-1.1256429522193816,-0.4369578651006982,0.3765667067610846,0.5683579146381234,-0.0372913560504837,0.0,21.95202519161105,3.911685647381949,-72.30369950799198,19.63210775006544,135.08481524330207,294.3559817267755,1.274,1.0300000015656,1.0,7.783507167622723,345.0001478400497,0.0645297951498511,-6.286535034353865e-06,-0.156455990805832,0.0269088280594212,0.0102671472066616,1.207468287860512,21.882813088479345,21.883388676000248,0.6828058648025579
12.84,31.220068680212503,131.01335170078224,28.22640589581788,-1.111962855419242,-0.4284924615998768,0.3837215242949081,0.570962447120754,-0.0361971398237102,0.0,21.942126214616824,3.908666211251499,-72.39303016822804,19.681250870459152,135.0332405503396,294.09643754327755,1.274,1.0300000015656,1.0,7.773991069495049,345.0001478400497,0.064500545092165,-6.329225487248433e-06,-0.1554609385792356,0.0265394979886804,0.0101974517395456,1.1916560448595848,21.899687407493968,21.87481940355317,0.688876300333191
12.85,31.22006890176145,131.01335201419215,28.01867057489091,-1.0980922751127025,-0.4199246822006154,0.3907487710714175,0.5734320950270049,-0.0353084480846207,0.0,21.93238473872932,3.9059213350344337,-72.48174293152401,19.73092265545022,134.98113674228895,293.84122385937786,1.274,1.0300000015656,1.0,7.764464344086259,345.0001478400497,0.0644717581308216,-6.371616351964547e-06,-0.1544784958677085,0.0261776604364588,0.0101287119152426,1.1756367605310325,21.91652666621772,21.86642371441863,0.6948062004667397
12.86,31.220069125386445,131.01335232516567,27.81089865109664,-1.0837810228033868,-0.411311979218113,0.3976773923917346,0.5757790328818722,-0.0346918338744771,0.0,21.922769949911643,3.9034461066232033,-72.5698458745374,19.78112086807337,134.92850638143,293.5895099903154,1.274,1.0300000015656,1.0,7.75482193224825,345.0001478400497,0.0644433436826949,-6.413709049508717e-06,-0.1535088895371803,0.025823354307326,0.0100609260284452,1.1591974257918063,21.933289864901045,21.858161770226975,0.700622813262206
12.87,31.220069351072866,131.01335263371692,27.60308994942032,-1.0693146173503512,-0.4026012878651634,0.4044842080697522,0.577989252075992,-0.0342824567096441,0.0,21.91331142747985,3.901235655879755,-72.65734722389831,19.83184331341677,134.8753519780401,293.3420836090835,1.274,1.0300000015656,1.0,7.745176750314339,345.0001478400497,0.0644153886951001,-6.455505162081929e-06,-0.1525523281336952,0.0254766175832542,0.0099941190799858,1.1425859829555007,21.950016755166505,21.85007148547826,0.7062962104749168
12.88,31.22006957880617,131.01335293986,27.395244294846663,-1.0543995386842109,-0.3938589211039285,0.4112017912950522,0.5800770610637006,-0.0341568716820644,0.0,21.90397392508221,3.8992850833165815,-72.74425530655111,19.88308775841324,134.82167607475776,293.09799629082846,1.274,1.0300000015656,1.0,7.735406315962333,345.0001478400497,0.0643877895563587,-6.497006386468944e-06,-0.1516090108155537,0.0251374855431113,0.0099282857469262,1.1255512982015636,21.966659897086814,21.842107197669304,0.7118588355985089
12.89,31.22006980857188,131.01335324360903,27.18736152826616,-1.03934822963277,-0.3850264491027509,0.4178047482370872,0.582027361202336,-0.0342440035198288,0.0,21.894789634132703,3.897589490166794,-72.83057859138381,19.93485202703991,134.76748114711074,292.8581052602741,1.274,1.0300000015656,1.0,7.725634137518224,345.0001478400497,0.0643606408918819,-6.53821457987222e-06,-0.1506791509230605,0.0248059860489823,0.0098634524212377,1.10836539459509,21.98326285215125,21.83431027612718,0.7172791009186565
12.9,31.22007004035554,131.013353544978,26.97944148858065,-1.0238647115050374,-0.3761705989785491,0.4243253547016123,0.5838546295224891,-0.0346205685675309,0.0,21.88572350086459,3.8961439891304326,-72.91632564266352,19.98713392535705,134.71276968232402,292.6214682448943,1.274,1.0300000015656,1.0,7.715736916904683,345.0001478400497,0.0643338396566552,-6.579131710218592e-06,-0.1497629282220612,0.0244821490820665,0.0097996128430363,1.0907741308082366,21.999777923349807,21.826635185851508,0.7225903533990966
12.91,31.22007027414276,131.0133538439808,26.771484026621128,-1.0082542909038843,-0.3672345859115109,0.4307392274765107,0.5855443036753598,-0.0352173907410038,0.0,21.876806506276026,3.8949436749640434,-73.00150515831199,20.03993133192895,134.65754408496736,292.3889096515138,1.274,1.0300000015656,1.0,7.705834948730963,345.0001478400497,0.0643074769176616,-6.6197599029131965e-06,-0.1488605515597355,0.0241659942382883,0.0097367924406546,1.0730442838948742,22.01624734915957,21.81912182737392,0.7277627898321869
12.92,31.22007050991917,131.0133541406313,26.563488996200665,-0.9922239520160904,-0.3582844252382619,0.437077872516706,0.5871107970416336,-0.0361101790826692,0.0,21.86800440155689,3.893983670037733,-73.0861259261511,20.093242127667835,134.60180675068148,292.1595097133791,1.274,1.0300000015656,1.0,7.695806296591232,345.0001478400497,0.0642814519966528,-6.660101391462921e-06,-0.1479721892382196,0.0238575446215762,0.0096749848117898,1.0549233467921155,22.03262400743561,21.81172558242624,0.7328301983952181
12.93,31.22007074767051,131.01335443494327,26.355456259085024,-0.9760811651512952,-0.349263052197182,0.4433169803468898,0.5885396019877684,-0.0372292392056093,0.0,21.859347983968725,3.8932590826670928,-73.17019686017117,20.14706428397705,134.5455599743169,291.93408751576817,1.274,1.0300000015656,1.0,7.685771845678254,345.0001478400497,0.0642558554201573,-6.700158563088116e-06,-0.147098038537714,0.0235568129817335,0.0096142144340581,1.0366809150156315,22.04895020312943,21.804486211787523,0.7377633932526294
12.94,31.220070987382503,131.01335472693043,26.147385682010366,-0.959525696290063,-0.3402378498014539,0.4494882825265031,0.589845590316397,-0.0386518855700928,0.0,21.8508027092484,3.892765042333521,-73.25372695779846,20.20139579395432,134.488806022191,291.7117163319423,1.274,1.0300000015656,1.0,7.675606878884096,345.0001478400497,0.0642305856419957,-6.739933910943213e-06,-0.1462382631844039,0.0232638141881775,0.0095544747155499,1.0180572351006112,22.065177887702266,21.79735858687976,0.742597808239728
12.95,31.22007122904096,131.01335501660645,25.93927714165384,-0.942862409642541,-0.3311524322898627,0.4555679168183937,0.591014509216042,-0.0403089073863379,0.0,21.84239869567457,3.892496691823831,-73.33672533593459,20.256234761724222,134.43154703908667,291.49319673846253,1.274,1.0300000015656,1.0,7.665430985579146,345.0001478400497,0.064205731192487,-6.779430077407841e-06,-0.1453930417276985,0.0229785555913422,0.0094957885134107,0.9993205480967952,22.08134872869459,21.790381682854846,0.7473052153924863
12.96,31.2200714726317,131.01335530398492,25.731130515686434,-0.9258193326716044,-0.32206829643374,0.4615846620337045,0.5920600096898315,-0.0422707905388912,0.0,21.83410485857768,3.892449161543485,-73.4192011880136,20.311579332546128,134.37378512160973,291.2776952453526,1.274,1.0300000015656,1.0,7.65513094806899,345.0001478400497,0.0641812006954769,-6.8186498097905375e-06,-0.1445625416130263,0.0227010422028959,0.0094381512174094,0.9802348679476578,22.09741900893552,21.78351475529602,0.7519190614896496
12.97,31.22007171814064,131.0133555890793,25.522945687743604,-0.908655232363018,-0.3129385956079966,0.4675189767734671,0.5929701568337403,-0.0444791660389266,0.0,21.825946072094737,3.892617650542941,-73.50116381999263,20.367427783675684,134.31552222368964,291.06587211616585,1.274,1.0300000015656,1.0,7.644807570585725,345.0001478400497,0.0641570672658117,-6.8575959981050205e-06,-0.1437469144725986,0.0224312776334684,0.0093815815619042,0.9610289723200248,22.113423346469705,21.77679003684478,0.7564165497596272
12.98,31.22007196555368,131.0133558719031,25.314722550407808,-0.8911551143487816,-0.3038131023682704,0.4733942103479565,0.5937560279675967,-0.0469908840593076,0.0,21.817897629591084,3.892997290334983,-73.58262260800431,20.423778455004943,134.25676022933902,290.85706479826365,1.274,1.0300000015656,1.0,7.6343706458431,345.0001478400497,0.0641332582760054,-6.896271638296508e-06,-0.1429463372786836,0.0221692559228392,0.0093260785189133,0.9415160093061812,22.129326553603704,21.770175002704136,0.760826157754515
12.99,31.22007221485681,131.01335615246967,25.106460998249432,-0.8735101517585134,-0.2946588347028715,0.4791969193416234,0.5944090149471227,-0.0497635002139355,0.0,21.80997707285181,3.893583346482643,-73.66358703255773,20.480629837829674,134.1975008604346,290.6517377603109,1.274,1.0300000015656,1.0,7.623893620586298,345.0001478400497,0.0641098252873182,-6.934679860313349e-06,-0.1421609316236506,0.021914977603281,0.0092716556602391,0.9218660896143492,22.145153113133222,21.76369237535489,0.7651327796601407
13.0,31.22007246603604,131.01335643079233,24.898160933791768,-0.8555840864093527,-0.2855094554496836,0.4849432393527698,0.5949365928623143,-0.0528350400639397,0.0,21.802168142828496,3.894370960538832,-73.7440666399525,20.537980512664404,134.13774574195585,290.449454290491,1.274,1.0300000015656,1.0,7.613317969537688,345.0001478400497,0.0640867205041479,-6.9728239034313324e-06,-0.1413908847138837,0.0216684256559771,0.0092183164019194,0.9019610407238504,22.160879475836325,21.757320608042647,0.7693575478144963
13.01,31.22007271907741,131.0133567068843,24.689822264528484,-0.8374784389428463,-0.2763502621702358,0.4906276156396876,0.5953345316331043,-0.0561842901017237,0.0,21.794478995744,3.895355465527405,-73.82407107002757,20.59582922599402,134.0774963223792,290.25042861902045,1.274,1.0300000015656,1.0,7.602681008336369,345.0001478400497,0.0640639678990208,-7.010707129658494e-06,-0.1406362907039231,0.0214295970692625,0.0091660685282519,0.8818923767909332,22.17651687527568,21.751070166378543,0.7734955308450898
13.02,31.22007297396705,131.0133569807589,24.481444898947128,-0.8191580105295497,-0.267194332354731,0.4962571634988836,0.5956056276173987,-0.0598250138774955,0.0,21.786903854103866,3.896532031274369,-73.90361002731008,20.654174848134097,134.01675391800188,290.0545037305948,1.274,1.0300000015656,1.0,7.591964769181207,345.0001478400497,0.0640415504867538,-7.048333016148766e-06,-0.139897340813968,0.0211984650672512,0.0091149202691313,0.8616308914206922,22.192056536244447,21.74493321864995,0.7775578874006203
13.03,31.22007323069107,131.01335725242913,24.273028759453062,-0.8006120401596917,-0.2580497496482671,0.5018360295001996,0.5957511275496133,-0.0637627834571051,0.0,21.779439471160625,3.897896048648208,-73.98269329525561,20.713016422511497,133.95551966202123,289.8615902237808,1.274,1.0300000015656,1.0,7.581161456970845,345.0001478400497,0.064019458721315,-7.0857051492623216e-06,-0.1391741112001246,0.02097502128291,0.0090648734800994,0.84116881666093,22.207493304541323,21.73890524830839,0.7815526207718573
13.04,31.220073489235645,131.0133575219081,24.06457376546885,-0.7819292807607559,-0.2489044392821104,0.5073604816112133,0.5957680251369811,-0.0679814171913015,0.0,21.77209254806692,3.8994427451720224,-74.06133072435993,20.772353159672303,133.8937945112138,289.67186356233907,1.274,1.0300000015656,1.0,7.570302745073314,345.0001478400497,0.0639977122980029,-7.122827237537298e-06,-0.138466784179358,0.0207592318244797,0.0090159411015357,0.820586969026701,22.222836336925383,21.732994853148337,0.7854779889721409
13.05,31.22007374958701,131.0133577892088,23.856079841387675,-0.7629635059142428,-0.2397938661982942,0.5128462109155095,0.5956641962202401,-0.0725191071621613,0.0,21.76484645750112,3.901167543422,-74.13953222700685,20.83218444555068,133.83157923774655,289.4848784677939,1.274,1.0300000015656,1.0,7.55932653813316,345.0001478400497,0.0639762623394918,-7.159703085880447e-06,-0.1377754358745073,0.0205510794795306,0.0089681195100769,0.7997568448254281,22.23806093454913,21.72717983504052,0.7893580249878359
13.06,31.22007401173139,131.01335805434417,23.64754692054973,-0.7439296749744991,-0.2306804272077561,0.5182785568058327,0.5954306560740554,-0.0773288104181939,0.0,21.75772026803139,3.9030657771511192,-74.2173077859711,20.89250988011118,133.7688743894383,289.3011395153532,1.274,1.0300000015656,1.0,7.5483149839123485,345.0001478400497,0.0639551648942745,-7.196336625162346e-06,-0.137100216466295,0.0203505279374718,0.0089214246991204,0.7788721528209673,22.253194327841125,21.721485169153063,0.7931772018648858
13.07,31.220074275655087,131.0133583173271,23.438974938283263,-0.7245859075805627,-0.2216188200513098,0.5236812793603617,0.5950800967120123,-0.0824722506997065,0.0,21.75068823488327,3.905132853349496,-74.29466743006547,20.953329243870662,133.70568032500617,289.1199593443089,1.274,1.0300000015656,1.0,7.537167668291997,345.0001478400497,0.0639343442852131,-7.232731876353609e-06,-0.1364412304955323,0.0201575455855087,0.0088758512732213,0.7577182989028608,22.268198197518664,21.71587651883939,0.7969718163089322
13.08,31.220074541344413,131.01335857817034,23.23036383786952,-0.7051594506841362,-0.2125689764258943,0.5290384522659488,0.5946029071755682,-0.0878984560265272,0.0,21.74377042025259,3.907364256031258,-74.37162125747669,21.01464257006165,133.64199713952274,288.94186887268023,1.274,1.0300000015656,1.0,7.525971658898887,345.0001478400497,0.0639138594813607,-7.2688929803401315e-06,-0.1357985730481868,0.019972098342744,0.0088314120505451,0.7365006036443087,22.283101394474556,21.710380240115487,0.8007249463888554
13.09,31.22007480878573,131.0133588368867,23.02171356258956,-0.6855327644150152,-0.2035603991761179,0.534363410770254,0.5940061469392357,-0.0936400633671669,0.0,21.73695340023741,3.909755381671701,-74.44817940485947,21.07645009650692,133.5778247148851,288.76650872634224,1.274,1.0300000015656,1.0,7.514676106955112,345.0001478400497,0.0638936710220724,-7.304824173496597e-06,-0.1351723843557766,0.0197941388608576,0.008788109116528,0.7151153961853027,22.29788346314967,21.704978274773875,0.804460079083495
13.1,31.22007507796544,131.01335909348896,22.81302405970076,-0.6657342827138681,-0.1945931023817152,0.539656625933552,0.5932896580485316,-0.0996929649634635,0.0,21.73023791562431,3.912301833086445,-74.52435206624257,21.13875232891377,133.51316265453974,288.59389622585945,1.274,1.0300000015656,1.0,7.503288722448736,345.0001478400497,0.0638737810827095,-7.340529795220079e-06,-0.1345627163672659,0.0196236330171934,0.0087459446399697,0.6935898691430363,22.31254482878222,21.69967136134343,0.8081835060953271
13.11,31.220075348869937,131.01335934798956,22.604295286401904,-0.645857971490687,-0.1856539127077261,0.5449138271649474,0.592450616865972,-0.1060392614622372,0.0,21.723630862570023,3.9149990700601847,-74.60014947761633,21.2015500275461,133.4480102978167,288.4242121557133,1.274,1.0300000015656,1.0,7.49184295347207,345.0001478400497,0.0638542099316479,-7.376014292470803e-06,-0.1339697112630428,0.0194605245390223,0.0087049291397648,0.6720107400581646,22.32709507850241,21.694468465187544,0.8118947822420572
13.12,31.220075621485687,131.01335960040117,22.39552719989148,-0.6257080926034866,-0.176787874891442,0.5501538387114623,0.5914996725357845,-0.1127285984129259,0.0,21.71711182981268,3.917842724602256,-74.6755819123725,21.26484421810072,133.38236670911195,288.25691221597657,1.274,1.0300000015656,1.0,7.48025713635423,345.0001478400497,0.0638348975701256,-7.411282198663099e-06,-0.1333934268980017,0.0193047696518479,0.0086650567339089,0.6502025279784565,22.34150298196303,21.6893420994262,0.8156278843682582
13.13,31.220075895799184,131.01335985073632,22.18671976035045,-0.6055115925618038,-0.1679550322752195,0.5553612217419506,0.5904276731189742,-0.1197104244115585,0.0,21.710700183289667,3.920828413800289,-74.75065969145129,21.32863623709368,133.31623063131315,288.09250840186235,1.274,1.0300000015656,1.0,7.468617723700261,345.0001478400497,0.0638159009200714,-7.446338158819795e-06,-0.1328339579836327,0.019156313080486,0.0086263399028069,0.628372605548023,22.35579683228416,21.68431790629671,0.81936652940683
13.14,31.22007617179696,131.01336009900737,21.977872934918526,-0.5851350702935609,-0.1591877992154051,0.5605498771660244,0.589242650475289,-0.1270204852834523,0.0,21.70438154363069,3.923951734901834,-74.82539315941419,21.39292769856637,133.2496005208268,287.93061684784294,1.274,1.0300000015656,1.0,7.456867696358001,345.0001478400497,0.0637971777129863,-7.481186903768557e-06,-0.1322914105274674,0.0190150931581248,0.0085887784011939,0.6064016201509674,22.369954244976377,21.679376414772985,0.8231386697341053
13.15,31.220076449465537,131.0133603452268,21.76898669570601,-0.5646137517599777,-0.1504846716370482,0.5657195228874049,0.5879444530877022,-0.1346528831565236,0.0,21.69815731530065,3.9272084701358447,-74.89979270080643,21.457720554560392,133.18247448539208,287.7712728024247,1.274,1.0300000015656,1.0,7.445017335946691,345.0001478400497,0.0637787320751701,-7.515833260784886e-06,-0.1317658207283173,0.0188810579264615,0.0085523737890122,0.5843231914280431,22.38397656689963,21.674519265532915,0.8269514238665501
13.16,31.22007672879151,131.0133605894069,21.56006101084656,-0.5440535163832871,-0.1418299806633518,0.5708648175214259,0.5865299770745483,-0.1425864718561139,0.0,21.692035278810096,3.9305942843968977,-74.97386872616481,21.523017085278195,133.11485029481452,287.61468058643214,1.274,1.0300000015656,1.0,7.433104647945463,345.0001478400497,0.0637605868743462,-7.55028215589661e-06,-0.1312573001806478,0.0187541364060847,0.008517135039211,0.5622360425319144,22.397874862108186,21.669756700296965,0.8308038010548673
13.17,31.220077009761468,131.01336083155988,21.3510958604034,-0.5232438796896277,-0.1332713600282636,0.5760050313094299,0.5850108846933569,-0.1508742712308246,0.0,21.68599446423737,3.9341049664764807,-75.04763166573518,21.588819906946604,133.04672537333187,287.4602821331467,1.274,1.0300000015656,1.0,7.421042262183491,345.0001478400497,0.0637426804705043,-7.584538595421625e-06,-0.1307659030951338,0.0186342649391454,0.0084830561313018,0.5399489969188936,22.411616351025664,21.66506026683447,0.8347350340215235
13.18,31.220077292362035,131.01336107169809,21.142091227422227,-0.5023848037817822,-0.1247742242369851,0.581126967905906,0.5833795569763186,-0.1594716250933063,0.0,21.680051184544727,3.93773637074182,-75.12109198060173,21.655132021914103,132.9780967482833,287.30850813939514,1.274,1.0300000015656,1.0,7.408905634441427,345.0001478400497,0.0637250608113227,-7.6186076855210845e-06,-0.130291682978046,0.0185213759968771,0.00845014567671,0.5176472728783686,22.42522515115651,21.66045171072537,0.8387320546725859
13.19,31.22007757657988,131.01336130983356,20.93304709494856,-0.4814564152881904,-0.1163479678887608,0.5862350835914997,0.5816389829266629,-0.1683870802711169,0.0,21.674201768715136,3.941484279394884,-75.19426014299626,21.72195679513461,132.90896107500637,287.1592593622506,1.274,1.0300000015656,1.0,7.39668281180519,345.0001478400497,0.0637077171044379,-7.652494617734256e-06,-0.1298347352896817,0.0184153897810051,0.0084184071779326,0.4953148603042469,22.4386948664151,21.65592588521645,0.8428105887420536
13.2,31.22007786240169,131.01336154597843,20.72396344801608,-0.460318630620975,-0.1080259070929273,0.591342526880372,0.5797975856269366,-0.1776562826631603,0.0,21.66843202921523,3.945344648694976,-75.26714664117137,21.789297989714,132.83931460059264,287.0121580928728,1.274,1.0300000015656,1.0,7.38431451282281,345.0001478400497,0.0636906076461128,-7.68620466447762e-06,-0.1293950847794795,0.0183162365653124,0.0083878355259201,0.4728240552489983,22.45200276234958,21.651463369462466,0.8470023489730009
13.21,31.22007814981417,131.01336178014475,20.51484028259413,-0.439153974641701,-0.0997768892671916,0.5964377172890059,0.5778488455571629,-0.1872390660693198,0.0,21.66275639053899,3.9493134108655847,-75.33976198095041,21.8571597953816,132.76915313501618,286.8675848038136,1.274,1.0300000015656,1.0,7.371869020442783,345.0001478400497,0.0636737748329121,-7.719743193817677e-06,-0.1289727939988152,0.0182238352596057,0.0083584391999876,0.4503459182929362,22.4651703098641,21.6470834813446,0.8512964858256946
13.22,31.22007843880403,131.01336201234452,20.305677592663525,-0.4179093412713347,-0.0916167655417023,0.6015273511106005,0.5757974386617475,-0.1971514781409615,0.0,21.65716839994401,3.953386488208296,-75.41211667021228,21.92554681504608,132.69847206560968,286.72536682776,1.274,1.0300000015656,1.0,7.359321263170861,345.0001478400497,0.0636571996962643,-7.75311565228656e-06,-0.1285679375399802,0.0181380985590438,0.0083302193807407,0.427833729853201,22.47818668777223,21.64277727819809,0.8557140584545345
13.23,31.220078729358047,131.0133622425896,20.096475370216968,-0.3964909216409912,-0.0835693990304387,0.6066206383568722,0.573649766390256,-0.2074179539815794,0.0,21.65165825901712,3.957559967309949,-75.48422122546282,21.99446410601768,132.62726631502568,286.5852431216892,1.274,1.0300000015656,1.0,7.346630333924224,345.0001478400497,0.0636408534338264,-7.786327566401775e-06,-0.128180529096393,0.018058947414189,0.0083031720753534,0.405202151917279,22.491035725785576,21.638531213168587,0.8602818497411177
13.24,31.22007902146297,131.01336247089193,19.887233626135654,-0.3750512121221331,-0.0756095351855686,0.6117083728869465,0.5714009159530542,-0.218005415875565,0.0,21.646237504008475,3.9618298981152336,-75.55608616925718,22.063917199397988,132.55553032180967,286.4475175580504,1.274,1.0300000015656,1.0,7.3338524750928995,345.0001478400497,0.0636247699524974,-7.819384552265363e-06,-0.1278106228875251,0.0179862910162157,0.0082773041433323,0.3825965654231923,22.5037346269104,21.63436078944155,0.8649927754398085
13.25,31.2200793151056,131.0133626972633,19.67795235539456,-0.3535586599840223,-0.067748536184563,0.6167953356311081,0.5690547008651092,-0.2289245645923306,0.0,21.640901710055697,3.966192334842833,-75.62772201856606,22.133912096653773,132.48325804454325,286.3120714197112,1.274,1.0300000015656,1.0,7.320971147780864,345.0001478400497,0.0636089362444701,-7.852292301692369e-06,-0.1274582802525374,0.0179200334578877,0.0082526167913495,0.3599910164802576,22.516275631948368,21.63025979735709,0.8698656188784325
13.26,31.220079610272744,131.01336292171544,19.4686315708632,-0.3318892762812286,-0.0600160438942911,0.6218926827953514,0.566619107991537,-0.2402068859305598,0.0,21.635638779999883,3.970643477100815,-75.69913928901931,22.20445530657966,132.41044292428117,286.17858315670145,1.274,1.0300000015656,1.0,7.307933566506171,345.0001478400497,0.0635933167510021,-7.885056582758088e-06,-0.1271235104410251,0.0178600854841538,0.0082291049780703,0.3372719628862811,22.52863873719472,21.626211483594044,0.8749326091214006
13.27,31.22007990695122,131.01336314426007,19.25927128044032,-0.3102032533985465,-0.0523851496595835,0.626990603061706,0.5640890170452993,-0.2518172590722572,0.0,21.63046070404612,3.975179514752055,-75.77034849362796,22.27555386911884,132.3370778606013,286.0473686024267,1.274,1.0300000015656,1.0,7.294798902685698,345.0001478400497,0.0635779467131548,-7.917683248604618e-06,-0.1268063511209067,0.0178063486278899,0.0082067747120639,0.3145953520165298,22.540842063006256,21.622232065126163,0.8801849620650639
13.28,31.22008020512789,131.01336336490888,19.04987149500708,-0.2885005431850678,-0.0448607556753507,0.6320913069703114,0.5614669188150329,-0.263758737504487,0.0,21.625365825260136,3.979796636285861,-75.8413601326463,22.347215356547505,132.2631552110261,285.91838246644375,1.274,1.0300000015656,1.0,7.281563039333276,345.0001478400497,0.06356282125901,-7.950178226890355e-06,-0.1265068520135429,0.017758718501667,0.008185627594311,0.2919675218405544,22.552882186186185,21.61831911495691,0.8856371677391616
13.29,31.22008050478961,131.01336358367342,18.840432235386224,-0.2666387591463519,-0.0374759103980891,0.6372070506449322,0.5587618757973069,-0.2760673256514719,0.0,21.62034081870649,3.984491119698564,-75.91218469382049,22.41944790168808,132.1886667625591,285.79127105162587,1.274,1.0300000015656,1.0,7.2681659359287645,345.0001478400497,0.0635479012213547,-7.982547517705374e-06,-0.1262250314414497,0.0177170934342867,0.008165658817327,0.2692594689140337,22.564736913931466,21.61445411688657,0.89132532081642
13.3,31.22008080592326,131.01336380056523,18.63095351643541,-0.2447332551736166,-0.0302124550921258,0.642331175890543,0.555970960979731,-0.2887180448359214,0.0,21.615393772706742,3.989259321292775,-75.98283265463851,22.492260232298165,132.1136036968927,285.6662469695696,1.274,1.0300000015656,1.0,7.25464905848001,345.0001478400497,0.0635332103724275,-8.014797200475251e-06,-0.1259609002792849,0.0176813697900766,0.0081468712296556,0.2465910644753774,22.57641832823192,21.61064801157845,0.897246431248144
13.31,31.22008110851572,131.01336401559587,18.421435356989026,-0.2228142524783787,-0.0230690747960061,0.6474634468851442,0.5530953921959402,-0.3017065879643672,0.0,21.61052563641082,3.994097562223121,-76.05331447357788,22.56566167701108,132.03795658497344,285.5433340121661,1.274,1.0300000015656,1.0,7.241020203981471,345.0001478400497,0.0635187515004247,-8.046933429944122e-06,-0.1257144959136664,0.0176514353211368,0.0081292667066098,0.2240052915371727,22.58792714815376,21.606901954713518,0.9034103680730443
13.32,31.22008141255387,131.0133642287767,18.211877785822903,-0.2008606215732165,-0.0160545548839875,0.6526072311175395,0.5501388135641114,-0.3150406349004707,0.0,21.605733195386456,3.9990022062824457,-76.12364058708246,22.63966218656075,131.96171536581434,285.4224459670329,1.274,1.0300000015656,1.0,7.227266978769901,345.0001478400497,0.0635045151557407,-8.078962431642492e-06,-0.1254858492752358,0.0176271757361737,0.0081128451628939,0.2015012083719995,22.599257367054783,21.603211351835448,0.9098348827864985
13.33,31.220081718024662,131.01336444011915,18.002280825747977,-0.1787604549808447,-0.009195540043466,0.6577719864173897,0.5471090123154236,-0.3287485636938845,0.0,21.601006088927832,4.00396972652831,-76.1938214109463,22.714272367554305,131.8848693124066,285.3033079379035,1.274,1.0300000015656,1.0,7.213341474523795,345.0001478400497,0.0634904708842641,-8.110890502893886e-06,-0.1252749586731025,0.0176084799192347,0.0080976017571716,0.1789968098787702,22.61039125358753,21.599561656881715,0.9165521674203979
13.34,31.220082024915,131.01336464963447,17.792644507528426,-0.1566489662770061,-0.0024697160295779,0.6629497180847914,0.5440024201919224,-0.3428009463098921,0.0,21.596353796922745,4.008996602246313,-76.26386733768841,22.789503506313807,131.80740700789804,285.1861692646021,1.274,1.0300000015656,1.0,7.199292760315137,345.0001478400497,0.0634766465482424,-8.142724017078093e-06,-0.1250818403785099,0.0175952300046184,0.0080835402830897,0.1566684336997906,22.621343403454503,21.59596585483612,0.9235547902936407
13.35,31.2200823332118,131.01336485733404,17.582968858945996,-0.1345248916175303,0.0041182938180451,0.6681421687848145,0.5408219035536693,-0.3572006626654072,0.0,21.591774801027128,4.014079323454851,-76.33378873088051,22.86536758489016,131.72931632985066,285.07098869619807,1.274,1.0300000015656,1.0,7.185116239746882,345.0001478400497,0.0634630376834037,-8.174469418481779e-06,-0.1249065178894985,0.0175873035587152,0.0080706608906493,0.1345879146793529,22.63211055398068,21.592421701106776,0.9308569183717205
13.36,31.220082642902018,131.01336506322906,17.37325391474145,-0.1123867415399177,0.0105639029116678,0.6733510102599176,0.5375703796195703,-0.3719505744049828,0.0,21.587267603260504,4.0192144196991055,-76.40359592324121,22.94187730787093,131.65058442340217,284.9577255700231,1.274,1.0300000015656,1.0,7.1708072271883845,345.0001478400497,0.0634496398853722,-8.206133221229027e-06,-0.1247490108050246,0.0175845758366468,0.0080589635110713,0.1128821313365563,22.64268946831944,21.588926977240128,0.938472549338859
13.37,31.220082953972582,131.01336526733073,17.163499712638085,-0.0901175995600178,0.0168398461209576,0.6785856392488528,0.534256084794588,-0.3870802447964528,0.0,21.58282184489324,4.024398496382879,-76.47329921614265,23.01904613395472,131.57119766955296,284.846105387201,1.274,1.0300000015656,1.0,7.156315884371892,345.0001478400497,0.0634364227062221,-8.237722009317306e-06,-0.124609318698442,0.0175869230223567,0.0080484435027766,0.0916774886984177,22.653062164131896,21.585467041698216,0.946434968630438
13.38,31.220083266410448,131.01336546965007,16.953706289365115,-0.0678233396247498,0.0229629040507811,0.6838400328739671,0.5308770056303966,-0.402567004731442,0.0,21.57844452469328,4.0296281966528,-76.54290887815633,23.09688830582195,131.4911416552423,284.7363119457708,1.274,1.0300000015656,1.0,7.14167966345597,345.0001478400497,0.0634234067155077,-8.269242439632936e-06,-0.1244874460098813,0.017594217382194,0.0080391030427998,0.0716051682040983,22.663239411797694,21.58205152913027,0.9547396393607052
13.39,31.220083580202555,131.01336567019837,16.743873681651753,-0.0455151093757322,0.028931233395792,0.6891147778996524,0.5274356135220061,-0.4184106591540197,0.0,21.574135231238383,4.034900166871576,-76.61243514057668,23.17541887227705,131.4104011514008,284.6283333989184,1.274,1.0300000015656,1.0,7.126898820244679,345.0001478400497,0.0634105907025959,-8.300701239668307e-06,-0.1243834067950945,0.0176063263951951,0.0080309421814894,0.0539318205857306,22.673219768670496,21.57867973856004,0.9633976246725562
13.4,31.220083895335847,131.01336586898643,16.53400193815705,-0.0231906640215234,0.0347404353091537,0.6944113103242239,0.5239350443833525,-0.434614128566182,0.0,21.56989255221183,4.0402110903872845,-76.68188819555404,23.25465371850269,131.32896008268528,284.5221315194988,1.274,1.0300000015656,1.0,7.111968360874588,345.0001478400497,0.0633979705150505,-8.332105206546851e-06,-0.124297213283746,0.0176231150743484,0.0080239605006141,0.0417696621585933,22.68300012981605,21.575349566694943,0.972421945139317
13.41,31.22008421179729,131.01336606602547,16.324091093622016,-0.0008475191327941,0.0403861519996049,0.6997310009643493,0.5203784851736145,-0.4511803444521338,0.0,21.565715096721167,4.045557687542042,-76.75127819450645,23.33460959810439,131.2468014954061,284.4176686883178,1.274,1.0300000015656,1.0,7.096883195615728,345.0001478400497,0.0633855420634423,-8.363461207427014e-06,-0.1242288751534078,0.0176444461754448,0.0080181574475079,0.0403950437770037,22.692577423535703,21.572058938117287,0.981825312752784
13.42,31.22008452957383,131.0133662613262,16.114141199688326,0.0215783606624966,0.0458520144096906,0.7050791825698038,0.5167719801275105,-0.4681265037076738,0.0,21.56159696476448,4.050936723367593,-76.82061524668606,23.415304166683416,131.16390752392,284.31478841167325,1.274,1.0300000015656,1.0,7.081614202689841,345.0001478400497,0.0633732880053233,-8.394776179697312e-06,-0.1241783945015187,0.0176701812534804,0.0080135303261855,0.0506757612161602,22.701940898163738,21.568799381576795,0.991631159560742
13.43,31.22008484865238,131.01336645489968,15.90415230501516,0.0440569884108222,0.0511402459283484,0.7104548136359266,0.5131172720665603,-0.4854477337581597,0.0,21.557539337274623,4.056345013783881,-76.88990941776734,23.496756016632887,131.0802593558036,284.213521025032,1.274,1.0300000015656,1.0,7.066169029752684,345.0001478400497,0.0633612118104676,-8.426057132241614e-06,-0.12414577140432,0.0177001796347701,0.0080100789642094,0.0675006849302434,22.7110917757448,21.56557242725356,1.0018457362899842
13.44,31.22008516901989,131.0133666467567,15.694124456273585,0.0665563050482701,0.0562535533410721,0.7158567701504644,0.5094160961632915,-0.5031388878136511,0.0,21.553543506377395,4.061779377190862,-76.95917072712585,23.578984709246868,130.99583719982317,284.11389978781426,1.274,1.0300000015656,1.0,7.050556058986081,345.0001478400497,0.063349317275424,-8.457311145802154e-06,-0.1241310151797746,0.0177342962693448,0.0080078038454729,0.08714472205475,22.720031538208588,21.562379792453505,1.0124744020620278
13.45,31.22008549066331,131.0133668369081,15.484057708087864,0.0890795509821425,0.0611877927184148,0.7212862166860886,0.5056718628636072,-0.5212031001750332,0.0,21.549608175076816,4.067236662317926,-77.02840914638345,23.66201081175178,130.9106202488854,284.0158897031247,1.274,1.0300000015656,1.0,7.034769869237128,345.0001478400497,0.0633376005868859,-8.488545372847357e-06,-0.1241341353871673,0.0177723835734561,0.0080067045265203,0.108069928120154,22.7287572778404,21.55921952925458,1.0235284612092366
13.46,31.220085813569536,131.01336702536454,15.273952108123314,0.1116302195161978,0.0659388646636797,0.7267442565421649,0.5018880326462711,-0.5396435419215916,0.0,21.545732069037392,4.072713751576472,-77.09763459787031,23.745855935445388,130.8245866418927,283.9194564072164,1.274,1.0300000015656,1.0,7.018804936301374,345.0001478400497,0.0633260579981813,-8.519767038087957e-06,-0.1241551401748179,0.0178142918251014,0.0080067805003738,0.1296504310839344,22.73726612684338,21.55608971939169,1.0350188230502135
13.47,31.220086137725463,131.0133672121368,15.06380771895758,0.1342120398151409,0.0705027187587047,0.7322319468713842,0.4980681245211565,-0.5584634710461224,0.0,21.541913938999816,4.078207554461465,-77.16685695315779,23.83054277549152,130.7377134239411,283.8245662313947,1.274,1.0300000015656,1.0,7.002655631228292,345.0001478400497,0.0633146858363815,-8.550983439518139e-06,-0.1241940389392851,0.017859868712126,0.0080080313682972,0.1516030866854827,22.74555526048589,21.5529884773706,1.0469560302018242
13.48,31.220086463118022,131.01336739723558,14.853624590244438,0.1568289828977041,0.0748753534368085,0.7377502955734062,0.4942157135680804,-0.5776662264451665,0.0,21.53815256073267,4.08371500787664,-77.23608603197553,23.91609515342917,130.64997650377924,283.73118619963026,1.274,1.0300000015656,1.0,6.98631621869401,345.0001478400497,0.0633034805021501,-8.582201949638326e-06,-0.1242508419527625,0.0179089594777528,0.0080104568150593,0.1737861744429568,22.753621898071124,21.54991395039962,1.0593502439380724
13.49,31.22008678973406,131.01336758067143,14.643402783567549,0.1794852646880681,0.0790528163972536,0.7433002620589488,0.4903344308198543,-0.597255234018576,0.0,21.534446735395683,4.089233074999648,-77.3053316010105,24.002538061008025,130.5613506099536,283.6392840365381,1.274,1.0300000015656,1.0,6.969780854636135,345.0001478400497,0.0632924384708151,-8.613430016658194e-06,-0.1243255606199042,0.017961406943031,0.0080140566249521,0.1961231439126074,22.761463304083104,21.546864318817832,1.0722112423337655
13.5,31.220087117560464,131.01336776245506,14.43314235752822,0.2021853288716654,0.0830312089357577,0.7488827622811834,0.486427966092699,-0.6172340282649106,0.0,21.530795291884267,4.094758738586789,-77.37460337270745,24.089897705789603,130.47180924519296,283.54882822788494,1.274,1.0300000015656,1.0,6.9530435845496505,345.0001478400497,0.0632815562992571,-8.644675165836617e-06,-0.1244182087182965,0.0180170513368143,0.0080188307619601,0.218570492636887,22.769076791231697,21.54383779911976,1.085548434427089
13.51,31.220087446584035,131.0133679425969,14.222843375698618,0.2249416901987474,0.0868051524844174,0.7544991460231029,0.4825004192640605,-0.6376080460891822,0.0,21.52719655085628,4.1002890144908894,-77.44391100458866,24.17820156029053,130.3813246372138,283.45977390440095,1.274,1.0300000015656,1.0,6.936095311053329,345.0001478400497,0.0632708290506218,-8.67594500119607e-06,-0.1245288006901175,0.0180757307058496,0.0080247790591889,0.2411096426398586,22.77645876991657,21.540831867106952,1.0993723829427635
13.52,31.220087776791623,131.01336812110748,14.012505897674412,0.2477640877265452,0.0903699142636012,0.7601505301930903,0.4785558155139676,-0.658382169516479,0.0,21.5236490849336,4.105820932344158,-77.51326409777907,24.26747841065701,130.28986769006045,283.37208286767213,1.274,1.0300000015656,1.0,6.918927992296308,345.0001478400497,0.0632602525286517,-8.707247206889694e-06,-0.1246573552715819,0.0181372802770252,0.0080319017347635,0.2637303806281096,22.783606079669653,21.537844351985747,1.1136927665439424
13.53,31.22008810817001,131.01336829799732,13.802129989016244,0.2706363842107358,0.0937259210398351,0.765836393367408,0.4745970488204864,-0.6795553507130307,0.0,21.52015325589416,4.111351537345656,-77.58267219682126,24.35775841159857,130.19740792908877,283.28576405471983,1.274,1.0300000015656,1.0,6.901543616310587,345.0001478400497,0.0632498277956352,-8.738589549773207e-06,-0.1248038956975867,0.0182015324934882,0.0080401999788124,0.2864062419032993,22.7905187700072,21.53487568257762,1.1285137193839625
13.54,31.22008844070597,131.01336847327676,13.591715714290752,0.293563779090628,0.0968695249676467,0.7715574888136644,0.4706280354036116,-0.7011315806029274,0.0,21.51670800140741,4.116877894380375,-77.65214478873385,24.449073141291503,130.1039134460426,283.2007889189796,1.274,1.0300000015656,1.0,6.883935848879832,345.0001478400497,0.0632395517282647,-8.769979881013356e-06,-0.124968447818569,0.018268317461152,0.0080496746335815,0.3091331673373902,22.797194368533823,21.53192422355805,1.1438431708809866
13.55,31.220088774386216,131.0133686469563,13.381263139058786,0.3165517066569691,0.0997971345832623,0.7773145351504698,0.4666527524773653,-0.7231150048763381,0.0,21.513312288600368,4.122397082971942,-77.72169130269369,24.54145566079836,130.00935083956847,283.1171297143053,1.274,1.0300000015656,1.0,6.866098236613627,345.0001478400497,0.0632294212898419,-8.801426138821996e-06,-0.1251510419444944,0.0183374626639108,0.0080603268529663,0.331910153088103,22.80363045691933,21.528988377916743,1.1596887462712564
13.56,31.22008910919745,131.01336881904626,13.170772334846257,0.3396058344320775,0.1025052158282517,0.7831082159836058,0.4626752375848538,-0.7455099278271246,0.0,21.50996511472148,4.1279061961606125,-77.79132110979377,24.634940576473028,129.91368515274172,283.0347595112052,1.274,1.0300000015656,1.0,6.848024205952881,345.0001478400497,0.0632194335322292,-8.832936351215393e-06,-0.1253517130193408,0.0184087930073746,0.0080721581133572,0.3547383810680743,22.809824672396044,21.526066587782147,1.1760577817029363
13.57,31.22008944512636,131.0133689895569,12.96024336721428,0.3627370880493742,0.1049893126141855,0.7889394777751336,0.4586998171731438,-0.7683219851809096,0.0,21.506665184051407,4.133402339377136,-77.86104352278916,24.72956410525557,129.8168798077064,282.95364369443075,1.274,1.0300000015656,1.0,6.829705112745896,345.0001478400497,0.0632095846462616,-8.864518638864054e-06,-0.1255705007955422,0.0184821308631472,0.0080851701028049,0.3776252157121034,22.81577411237589,21.52315685748303,1.192958379315519
13.58,31.22008978215956,131.01336915849862,12.749676307688963,0.3859768226850114,0.1072410919753189,0.7948104139331327,0.4547317981819971,-0.7915616809686478,0.0,21.5034099569456,4.138882628351963,-77.93086779599497,24.825364143596296,129.71889653667577,282.8737149478849,1.274,1.0300000015656,1.0,6.811124362239379,345.0001478400497,0.0631998671668383,-8.896181218258442e-06,-0.1258074504040204,0.0185572960360581,0.008099364397785,0.4005977851743284,22.821473553096773,21.52025533844549,1.210402617789759
13.59,31.220090120283626,131.0133693258816,12.539071229784888,0.4093112246981218,0.109261136604141,0.8007204064240712,0.450774490210417,-0.8152292089927248,0.0,21.50019985765324,4.14434417751501,-78.00080312585321,24.922380342017924,129.61969530724562,282.79498396701166,1.274,1.0300000015656,1.0,6.792282829042257,345.0001478400497,0.0631902823399799,-8.92793240602086e-06,-0.1260626159214916,0.0186341051446879,0.0081147442753016,0.4236430945414614,22.826923224726706,21.517362546455075,1.2283930451949387
13.6,31.22009045948509,131.01336949171608,12.328428199063454,0.4327471140239798,0.1110461080277847,0.8066700216819342,0.4468321927772485,-0.8393296899540716,0.0,21.49703401647563,4.149784110928866,-78.07085865091521,25.02065418137269,129.51923424605786,282.7174274144477,1.274,1.0300000015656,1.0,6.77317334592703,345.0001478400497,0.0631808276087149,-8.95978062207303e-06,-0.1263360569763113,0.0187123723671238,0.0081313128944525,0.4467673536881977,22.83212098659828,21.514477087414853,1.2469361895545636
13.61,31.220090799750448,131.0133696560123,12.117747298981053,0.4562915435810311,0.1125927280893578,0.81265980355156,0.4429092719022455,-0.863868471984747,0.0,21.493911597726505,4.155199557685043,-78.14104345243756,25.12022905507688,129.4174695564411,282.641022865934,1.274,1.0300000015656,1.0,6.753788612459689,345.0001478400497,0.063171500516068,-8.991734394145969e-06,-0.1266278409882115,0.018791909082633,0.0081490739384104,0.4699774751601957,22.83706475995789,21.511597610714222,1.2660384339879651
13.62,31.22009114106616,131.01336981878035,11.90702859509933,0.4799517801802823,0.1138977831060879,0.8186902706115704,0.4390101588892421,-0.8888511323769253,0.0,21.49083180200967,4.1605876455455295,-78.21136655523442,25.22115035647888,129.31435543089813,282.5657488698105,1.274,1.0300000015656,1.0,6.7341211934703935,345.0001478400497,0.0631622987117365,-9.023802362571435e-06,-0.1269380433995047,0.0188725239075773,0.0081680316296367,0.4932809674641187,22.841752530926552,21.508722812159625,1.2857060372922522
13.63,31.22009148341853,131.0133699800305,11.69627216789244,0.5037353133608113,0.1149581225358595,0.8247619166871619,0.435139350421186,-0.9142834855445308,0.0,21.48779386611348,4.165945501638611,-78.28183692849424,25.32346557066945,129.20984395915352,282.49158494260627,1.274,1.0300000015656,1.0,6.71416351549091,345.0001478400497,0.0631532199517951,-9.055993285206026e-06,-0.1272667479049622,0.0189540227319522,0.008188190744109,0.5166858768748486,22.846182350748187,21.50585143365941,1.3059451617284352
13.64,31.220091826793944,131.01337013977272,11.485478090875564,0.5276498494878589,0.1157706604706506,0.8308752114194651,0.431301408939608,-0.940171592660307,0.0,21.48479706410425,4.171270250485374,-78.3524634866145,25.427224371249537,129.1038850312411,282.41851159727224,1.274,1.0300000015656,1.0,6.693907865465686,345.0001478400497,0.0631442621018963,-9.088316042592402e-06,-0.127614046923453,0.0190362087089533,0.0082095566416205,0.5402007317566772,22.85035233749935,21.502982264551797,1.3267619025092823
13.65,31.220092171178607,131.0133702980172,11.274646443528926,0.5517212423188363,0.1163288911059032,0.8370316117261853,0.4275017841432771,-0.9665259695661932,0.0,21.481839645328527,4.176559007242309,-78.42325509078192,25.53247872502354,128.99642623260823,282.34648242517915,1.274,1.0300000015656,1.0,6.673339450379248,345.0001478400497,0.0631354200160511,-9.12077964435236e-06,-0.1279800439976236,0.0191188818677987,0.0082321350127128,0.5638513295785371,22.85425861560809,21.50011253225934,1.3481662153905543
13.66,31.2200925165587,131.01337045477396,11.063777304338764,0.5760475721083974,0.1166123903326447,0.8432365249382762,0.4237492736497279,-0.9933741867928038,0.0,21.478915723293007,4.181808860867581,-78.49422055017905,25.6392830010973,128.88741273484044,282.27534233906,1.274,1.0300000015656,1.0,6.652415495085643,345.0001478400497,0.0631266763930559,-9.153393235465083e-06,-0.1283648573021483,0.019201838510971,0.0082559309018389,0.5877319088874194,22.85788916859212,21.497233142086213,1.3701837682934783
13.67,31.22009286292035,131.0133706100531,10.852870746820608,0.6005414057006858,0.1166368951594082,0.8494850614992396,0.42004435814279,-1.0207012298657732,0.0,21.476030457231857,4.187016876255657,-78.56536862421297,25.747694089858943,128.7767871764235,282.2052266199958,1.274,1.0300000015656,1.0,6.631164839617042,345.0001478400497,0.063118046395264,-9.18616610409979e-06,-0.1287686246124133,0.0192848703274379,0.0082809548541932,0.6117627375742795,22.86125339367674,21.49435172522628,1.3928004642329272
13.68,31.22009321024954,131.01337076386463,10.641926860396724,0.625211518151798,0.1163995441087283,0.8557776431352794,0.4163919082229754,-1.0485144602078516,0.0,21.47318329168096,4.1921801330635295,-78.63670802500307,25.857771529696144,128.66448953574584,282.13612032146244,1.274,1.0300000015656,1.0,6.609579081137263,345.0001478400497,0.0631095283894254,-9.219107688154156e-06,-0.1291914855169709,0.0193677679534054,0.008307215354365,0.6359542110341455,22.86434968144933,21.49146727673661,1.416022658359924
13.69,31.220093558532223,131.0133709162185,10.430945710629612,0.6501045425256832,0.1158902377354218,0.8621167014959952,0.4127985705554875,-1.0768302816018631,0.0,21.4703715802008,4.197295690315747,-78.70824741879446,25.96957763700089,128.55045700088843,282.0679535682419,1.274,1.0300000015656,1.0,6.587635120229519,345.0001478400497,0.06310111459696,-9.25222758320098e-06,-0.1296335918091089,0.0194503190232363,0.008334720866167,0.6603528504144448,22.867172241349397,21.48857556376279,1.439865036114752
13.7,31.22009390775424,131.01337106712484,10.219927388930122,0.675334608101608,0.115085904618894,0.8685082730984937,0.4092741669569742,-1.1056813317523082,0.0,21.46758905416042,4.202360534309419,-78.77999542815787,26.08317764679566,128.4346238287279,282.00056135762634,1.274,1.0300000015656,1.0,6.565283690753511,345.0001478400497,0.0630927865938214,-9.285535552156132e-06,-0.1300951242498851,0.0195323049805,0.0083634802986265,0.6850700584431882,22.86970785918401,21.48566669362857,1.4643575968882774
13.71,31.220094257901327,131.01337121659355,10.008871975773475,0.7007817155479897,0.1140090058252904,0.8749458244900159,0.4058180200849136,-1.1350464603093395,0.0,21.46484273909904,4.207371640690609,-78.85196063649492,26.198639870645835,128.31692118657412,281.93412799227644,1.274,1.0300000015656,1.0,6.542565789017902,345.0001478400497,0.0630845650273247,-9.319041535802751e-06,-0.1305762822194928,0.0196135031863614,0.00839350892705,0.7099946606112704,22.871969852612786,21.48275122003832,1.4894794151913997
13.72,31.220094608959126,131.0133713646346,9.797779552629146,0.7265181220579383,0.1126448099860944,0.8814329251242076,0.4024380923633179,-1.1649487213122451,0.0,21.4621288552234,4.212326030051649,-78.92415158779036,26.316035845646848,128.19727700307843,281.8685538801243,1.274,1.0300000015656,1.0,6.51944821254409,345.0001478400497,0.0630764387881004,-9.352755656198023e-06,-0.1310772486710994,0.0196936938425569,0.0084248167764576,0.7351984458805549,22.8739499527395,21.47982304920053,1.515251115480559
13.73,31.22009496091316,131.013371511258,9.58665019798431,0.7526091146175968,0.1109800622477181,0.8879729810344892,0.3991423113204515,-1.19541100115298,0.0,21.459444237144083,4.217220548192404,-78.99657678767387,26.43544049770423,128.0756158047408,281.8037556121096,1.274,1.0300000015656,1.0,6.495900198250506,345.0001478400497,0.0630683985725892,-9.38668823168069e-06,-0.1315982759759776,0.0197726433238279,0.0084574185594603,0.7607472282171858,22.87564088444115,21.476876933655905,1.5416932449132283
13.74,31.220095313748857,131.01337165647377,9.375483998279575,0.7790585516680976,0.1090135272471094,0.8945660446346315,0.3959358616545503,-1.2264421259177003,0.0,21.456789202189896,4.22205204880636,-79.06924471973835,26.556932375814704,127.95185848027327,281.7397412773907,1.274,1.0300000015656,1.0,6.471914603479237,345.0001478400497,0.0630604453128609,-9.420849798432564e-06,-0.1321396219417659,0.0198501167518142,0.0084913307004852,0.7866482337513969,22.87704238082913,21.47391299667544,1.5688128961042196
13.75,31.22009566745146,131.0133718002917,9.164281037967363,0.8059109205811187,0.1067362091098576,0.9012142550049848,0.3928258510670623,-1.2580607844389482,0.0,21.454161974647903,4.226817337652673,-79.14216384281525,26.68059382468828,127.82592210802044,281.67646400490054,1.274,1.0300000015656,1.0,6.447468498574296,345.0001478400497,0.0630525737896426,-9.455251116463447e-06,-0.1327015651616954,0.0199258750851063,0.0085265701336017,0.8129478943364945,22.87814980586764,21.47092804947101,1.5966265123797403
13.76,31.220096022006143,131.01337194272193,8.953041398517737,0.8332085108432737,0.1041396534024528,0.907919613094278,0.3898194012376531,-1.2902857565296313,0.0,21.45156105191032,4.231513158982233,-79.21534259530623,26.806511197208188,127.69771974300436,281.61388411621454,1.274,1.0300000015656,1.0,6.422539658271371,345.0001478400497,0.063044779586349,-9.489903183767056e-06,-0.133284411433507,0.0199996739540971,0.0085631556408506,0.8396908511168346,22.87895894787445,21.467919261407324,1.6251506154586992
13.77,31.220096377397883,131.01337208377433,8.741765164383379,0.8609716197582417,0.1012197750107289,0.9146829964831406,0.3869227617320817,-1.3231313712635546,0.0,21.448986214532816,4.236136189540681,-79.28878940053859,26.93477508507919,127.5671601856874,281.55199563840733,1.274,1.0300000015656,1.0,6.397114162960032,345.0001478400497,0.0630370620575686,-9.524817251922676e-06,-0.1338884949054713,0.0200712635248966,0.0086011083316255,0.8669006873425494,22.879468170335223,21.464885771341137,1.6543974229983354
13.78,31.220096733611527,131.0133722234589,8.530452421011315,0.8892413381918806,0.0979685759171574,0.9215063482420645,0.3841432484244079,-1.3566174620694396,0.0,21.446436287606865,4.240683032641842,-79.36251267246115,27.06548056630263,127.43414773386424,281.49076752208003,1.274,1.0300000015656,1.0,6.3711699153197765,345.0001478400497,0.0630294177498548,-9.560004842974115e-06,-0.1345141812401632,0.0201403879705191,0.0086404509544609,0.8946212767274877,22.87967372584495,21.461825148027405,1.684384434608741
13.79,31.220097090631768,131.01337236178563,8.319103251860406,0.9180623376901615,0.0943774792613164,0.9283917773801824,0.3814884681316229,-1.3907654001704564,0.0,21.44391007359525,4.245150215630204,-79.43652082184236,27.198727471584657,127.2985819155604,281.4301681382997,1.274,1.0300000015656,1.0,6.344683263216398,345.0001478400497,0.0630218431432922,-9.595477767486832e-06,-0.1351618679939778,0.0202067854847345,0.008681208288869,0.9229002124735002,22.87957167229402,21.45873484666692,1.715130648649203
13.8,31.22009744844308,131.01337249876448,8.10771774536042,0.9474831922262814,0.0904372676635775,0.9353415919616836,0.3789663540715245,-1.425598287759957,0.0,21.441406352833056,4.2495341711988965,-79.5108222632239,27.33462067235132,127.16035720024452,281.3701652916209,1.274,1.0300000015656,1.0,6.317628849327836,345.0001478400497,0.0630143346529717,-9.631248144770136e-06,-0.1358319901554405,0.0202701872919415,0.0087234074995067,0.95178913283273,22.879157854609364,21.45561219971936,1.7466567691552344
13.81,31.22009780702981,131.01337263440553,7.896295981987993,0.9775567977437394,0.0861380026844364,0.942358314255256,0.3765851917923982,-1.4611411016804832,0.0,21.438923880211707,4.253831232147391,-79.58542542215159,27.47327039018617,127.0193626885678,281.3107261334357,1.274,1.0300000015656,1.0,6.289979439021924,345.0001478400497,0.0630068886192345,-9.667328424128116e-06,-0.1365250221740801,0.0203303173412464,0.008767078263219,0.98134414368737,22.87842787987086,21.452454400936205,1.7789853619812
13.82,31.22009816637604,131.01337276871877,7.684838048184883,1.0083408247032,0.0814689379934233,0.9494447016231136,0.3743536508997084,-1.497420867447162,0.0,21.43646138301889,4.258037621797754,-79.66033874371428,27.614792534057283,126.87548177418748,281.2518171047272,1.274,1.0300000015656,1.0,6.261705729701427,345.0001478400497,0.0629995013013392,-9.70373140883352e-06,-0.1372414810625097,0.0203868917919821,0.008812252965303,1.0116262755501413,22.87737709226086,21.44925848956148,1.8121410407714835
13.83,31.2200985264682,131.01337290171344,7.473344046299627,0.9647854174020138,0.0909197023254855,0.9528960827317308,0.3688098404022208,-1.5166014245158723,0.0,21.437564006080866,4.262224251245498,-79.7355675030094,27.7592948847652,126.72860618935276,281.2864634364944,1.274,1.0300000015656,1.0,6.261705729701427,345.0001478400497,0.0630025914811886,-9.740464489561024e-06,-0.1379555420175366,0.020444746578573,0.0088587382324716,0.9690596021919552,22.8839856703634,21.45184563353175,1.8286912051263773
13.84,31.22009888730305,131.01337303339548,7.261814148272378,0.9207472922174392,0.1002224409528413,0.9560685368490772,0.3631402173503315,-1.5350431816777408,0.0,21.438666137444528,4.2664665162713495,-79.81109935923344,27.90681167912856,126.57870246352256,281.32110058628683,1.274,1.0300000015656,1.0,6.261705729701427,345.0001478400497,0.0630056801760845,-9.777513422357666e-06,-0.1386349409982426,0.020509964100467,0.008903003967554,0.926185321155208,22.89050759086248,21.45440903362744,1.8445312234346436
13.85,31.22009924887986,131.01337316376996,7.050248543938558,0.876245330555784,0.1093741667259555,0.9589615762259168,0.3573470650700797,-1.5527382904504945,0.0,21.439767856149384,4.270763174515476,-79.88691594936827,28.057351519829226,126.425763175227,281.3557306210283,1.274,1.0300000015656,1.0,6.261705729701427,345.0001478400497,0.0630087676184592,-9.814859012156416e-06,-0.1392793104802463,0.0205824254169866,0.0089450261184338,0.8830445373887761,22.896943063882112,21.45694829964892,1.859650619934567
13.86,31.220099611197977,131.01337329284183,6.838647416174784,0.8313008741984541,0.118371520169541,0.96157517256397,0.3514328268166599,-1.5696797233801676,0.0,21.440869080563807,4.275113727489726,-79.9629987332688,28.210922553367944,126.26978135206345,281.39035139133466,1.274,1.0300000015656,1.0,6.261705729701427,345.0001478400497,0.0630118535685412,-9.852481890845629e-06,-0.1398882995366336,0.0206620089577161,0.0089847816257419,0.839685641779407,22.9032920518336,21.45946282224464,1.8740400951544811
13.87,31.220099974256684,131.01337342061615,6.627010953822984,0.7859354195934566,0.1272112150360314,0.9639094849933793,0.3453999988510606,-1.585860777813965,0.0,21.44196973061366,4.279517672950821,-80.03932900551753,28.367532420872063,126.11075051941268,281.42496078778083,1.274,1.0300000015656,1.0,6.261705729701427,345.0001478400497,0.0630149377911467,-9.89036252506424e-06,-0.1404615741504008,0.0207485905442974,0.0090222485100799,0.7961634015759043,22.90955445842209,21.461952005127017,1.8876909336740557
13.88,31.22010033805536,131.01337354709773,6.415339340754628,0.7401706080456966,0.1358900396433645,0.9659648571042402,0.3392511295018881,-1.6012750798060236,0.0,21.443069727750807,4.2839745047173645,-80.11588790742611,28.527188206395174,125.94866475167208,281.45955674070603,1.274,1.0300000015656,1.0,6.261705729701427,345.0001478400497,0.0630180200555707,-9.928481224134269e-06,-0.1409988173397145,0.0208420434483429,0.0090574058805663,0.7525407660955281,22.91573012477217,21.464415265250988,1.900594989795698
13.89,31.22010070259333,131.01337367229146,6.203632760841481,0.6940282158560064,0.1444048581795974,0.9677418138320636,0.3329888181978338,-1.6159165878923174,0.0,21.444168994922336,4.288483712493831,-80.19265643917089,28.689896382592423,125.78351872612186,281.4941372188354,1.274,1.0300000015656,1.0,6.261705729701427,345.0001478400497,0.063021100135512,-9.966818148132688e-06,-0.1414997292752679,0.0209422384504136,0.0090902339428383,0.7088913228235941,22.92181882578447,21.466852032988093,1.9127446746257881
13.9,31.220101067870043,131.01337379620227,5.991891394973172,0.6475301444126113,0.1527526119718268,0.9692410581244764,0.3266157144709132,-1.6297795967312518,0.0,21.44526745654045,4.293044781701955,-80.26961547206014,28.855662753701587,125.6153077794954,281.5287002290583,1.274,1.0300000015656,1.0,6.261705729701427,345.0001478400497,0.06302417780897,-1.0005353316103713e-05,-0.1419640273896651,0.0210490439000339,0.0091207140065802,0.6653026792094282,22.927820266727814,21.46926175229556,1.9241329443713295
13.91,31.220101433884874,131.0133739188349,5.780115430004668,0.600698410237741,0.160930320718789,0.970463467466624,0.3201345169308716,-1.6428587406032424,0.0,21.446365038452296,4.297657193319057,-80.34674576092915,29.024492395755736,125.44402796732696,281.5632438152797,1.274,1.0300000015656,1.0,6.261705729701427,345.0001478400497,0.0630272528581658,-1.0044066614406868e-05,-0.1423914464787752,0.0211623257767163,0.0091488284925071,0.6218811777803466,22.93373408007505,21.471643880879647,1.9347532897489483
13.92,31.22010180063724,131.0133740401941,5.5683050448379054,0.5535551349966433,0.1689350836856481,0.9714100902253496,0.3135479722109195,-1.6551489967661916,0.0,21.44746166791108,4.302320423724286,-80.42402795665832,29.19638959395673,125.2696761261484,281.5977660577401,1.274,1.0300000015656,1.0,6.261705729701427,345.0001478400497,0.0630303250694556,-1.0082937805199378e-05,-0.1427817387949978,0.0212819477519655,0.0091745609388445,0.5787585524305772,22.93955982258505,21.47399789035431,1.9445997263615287
13.93,31.220102168126584,131.01337416028454,5.356460416386832,0.506122535472295,0.1767640808635582,0.972082141827479,0.3068588738842254,-1.66664568866152,0.0,21.448557273546985,4.307033944551731,-80.50144261881037,29.371357777139007,125.09224993860543,281.6322650725713,1.274,1.0300000015656,1.0,6.261705729701427,345.0001478400497,0.0630333942332371,-1.0121946535048535e-05,-0.1431346741323893,0.0214077712522342,0.0091978960072926,0.5361014348860943,22.945296972641845,21.47632326639409,1.9536667859375165
13.94,31.220102536352368,131.01337427911096,5.144581726536536,0.458422913509885,0.1844145740902279,0.9724810008173704,0.3000700613522837,-1.67734448896572,0.0,21.44965178533875,4.311797222551057,-80.57897022838382,29.54939944925555,124.91174800156078,281.66673901047886,1.274,1.0300000015656,1.0,6.261705729701427,345.0001478400497,0.063036460143881,-1.0161072343671816e-05,-0.143450039903603,0.0215396555228009,0.0092188194884369,0.494125062170567,22.950944927851378,21.4786195088816,1.961949508354991
13.95,31.220102905314047,131.013374396678,4.932669153195802,0.4104786459368152,0.1918839081313312,0.9726082047317296,0.2931844187049965,-1.687241422484202,0.0,21.450745134585983,4.316609719455906,-80.65659120067613,29.73051611782136,124.72816989725035,281.7011860566155,1.274,1.0300000015656,1.0,6.261705729701427,345.0001478400497,0.0630395225996349,-1.0200294672801163e-05,-0.1437276412085994,0.021677457692538,0.0092373183066679,0.4531131459556152,22.95650300290071,21.48088613204951,1.9694434343309732
13.96,31.22010327501108,131.0133745129902,4.720722878250377,0.362312174462265,0.1991695117239233,0.97246544587559,0.2862048735527324,-1.6963328688819164,0.0,21.45183725388168,4.321470891859391,-80.7342858982509,29.91470821924949,124.5415162675564,281.7356044294078,1.274,1.0300000015656,1.0,6.261705729701427,345.0001478400497,0.0630425814025539,-1.0239592875167811e-05,-0.1439673008950925,0.0218210328395426,0.0092533805245348,0.4134465835130673,22.961970427685472,21.48312266461681,1.9761445987367672
13.97,31.22010364544297,131.01337462805213,4.508743073644657,0.3139459955613884,0.20626889858088,0.9720545669425202,0.2791343958304911,-1.7046155652475552,0.0,21.45292807708513,4.326380191097317,-80.81203464400961,30.101975041027863,124.35178889144996,281.76999238025985,1.274,1.0300000015656,1.0,6.261705729701427,345.0001478400497,0.0630456363584109,-1.02789462236024e-05,-0.1441688596106968,0.0219702340575948,0.0092669953465934,0.375644141234814,22.967346345708336,21.485328649919296,1.982049524440221
13.98,31.220104016609188,131.0133747418683,4.296729916294196,0.2654026503484711,0.2131796683539619,0.9713775565405444,0.2719759965751782,-1.712086608486659,0.0,21.454017539295634,4.33133706313897,-80.88981773435493,30.292314640671417,124.15899076566753,281.8043481925664,1.274,1.0300000015656,1.0,6.261705729701427,345.0001478400497,0.0630486872766271,-1.031833392024877e-05,-0.1443321758467501,0.0221249125234172,0.0092781531226958,0.3404171158618083,22.972629812749247,21.487503646034398,1.987155216640887
13.99,31.220104388509256,131.01337485444324,4.084683583114886,0.2167047144453436,0.2198995075583224,0.9704365445949256,0.2647327266755318,-1.7187434575405822,0.0,21.455105576826785,4.336340948485527,-80.96761545244541,30.48572376141149,123.96312618866136,281.83867018114285,1.274,1.0300000015656,1.0,6.261705729701427,345.0001478400497,0.0630517339701944,-1.0357735105884416e-05,-0.1444571259737905,0.0222849175646998,0.0092868453507546,0.3087336977199369,22.97781979581225,21.489647225900452,1.9914591576271294
14.0,31.22010476114267,131.01337496578137,3.872604250028752,0.1678747878451774,0.2264261904546483,0.9692337976487216,0.2574076755959731,-1.7245839354261967,0.0,21.456192127180348,4.341391282075598,-81.04540808153357,30.682197744572672,123.7642008478718,281.87295669170527,1.274,1.0300000015656,1.0,6.261705729701427,345.0001478400497,0.0630547762555938,-1.0397128869345529e-05,-0.1445436042686696,0.0224500967288607,0.0092930646789697,0.2818698589913476,22.982915172349063,21.491758977429,1.994959301913298
14.01,31.22010513450894,131.01337507588707,3.660492086993112,0.1189354847837063,0.232757579891477,0.9677717140849588,0.2500039700741795,-1.7296062310948372,0.0,21.45727712902187,4.346487493199024,-81.12317591838148,30.881730438601505,123.56222191035828,281.907206099964,1.274,1.0300000015656,1.0,6.261705729701427,345.0001478400497,0.0630578139527318,-1.04364942570491e-05,-0.1445915229332907,0.0226202958525086,0.0092968049075021,0.2613841286728824,22.987914729760817,21.493838503612448,1.9976540717246012
14.02,31.22010550860757,131.01337518476478,3.4483472749015087,0.0699094236154158,0.2388916281048037,0.9660528192528834,0.2425247727934604,-1.733808901105342,0.0,21.458360522155825,4.35162900541775,-81.20089928674649,31.0843141047168,123.35719811681828,281.94141681110614,1.274,1.0300000015656,1.0,6.261705729701427,345.0001478400497,0.0630608468848633,-1.047581028260973e-05,-0.1446008121049679,0.0227953591315761,0.0092980609896181,0.248910644947481,22.992817165178096,21.49588542262465,1.9995423527790246
14.03,31.22010588343811,131.0133752924188,3.236169977746844,0.0208192167034802,0.2448263774764329,0.9640797605167694,0.2349732810300421,-1.7371908711090047,0.0,21.45944224750142,4.356815236494372,-81.27855855093081,31.28993931916334,123.14913987901424,281.9755872593868,1.274,1.0300000015656,1.0,6.261705729701427,345.0001478400497,0.0630638748785156,-1.0515055936544117e-05,-0.1445714198584025,0.0229751291920883,0.0092968290322966,0.2457099758947767,22.997621085519967,21.49789936791557,2.000623490340088
14.04,31.220106259000023,131.01337539885347,3.023960371452423,-0.028312539671714,0.2505599612507768,0.961855302261372,0.227352725275985,-1.7397514371436604,0.0,21.460522247069207,4.362045598328368,-81.35613412938609,31.498594872051896,122.93805938062324,282.00971590709486,1.274,1.0300000015656,1.0,6.261705729701427,345.0001478400497,0.0630668977634302,-1.0554210196059642e-05,-0.1445033121992832,0.0231594471615366,0.0092931062962731,0.2521544942601336,23.00232500783204,21.499879988300336,2.0008972855252125
14.05,31.22010663529287,131.01337550407305,2.8117186309477,-0.077463275383326,0.2560906042075209,0.959382320815562,0.2196663678386913,-1.7414902667334016,0.0,21.46160046393781,4.367319496899857,-81.43360650836652,31.71026766278689,122.72397068151012,282.04380124429014,1.274,1.0300000015656,1.0,6.261705729701427,345.0001478400497,0.063069915372486,-1.0593252034920035e-05,-0.1443964730495194,0.0233481527408214,0.0092868911955682,0.2675498395391807,23.006927359899088,21.50182694804138,2.000363991822506
14.06,31.22010701231613,131.01337560808176,2.599444922214868,-0.1266104565015515,0.2614166232918868,0.9566637993393852,0.2119175014173325,-1.742407399791977,0.0,21.462676842231264,4.372636332220906,-81.51095625562176,31.92494259209022,122.50688982541412,282.07784178825267,1.274,1.0300000015656,1.0,6.261705729701427,345.0001478400497,0.0630729275416315,-1.063216043338196e-05,-0.1442509042241221,0.0235410842767306,0.0092781832964651,0.2904629879937898,23.011426481134517,21.503739926924567,1.9990243118139586
14.07,31.220107390069348,131.01337571088382,2.3871394181956487,-0.1757315953045372,0.2665364282040977,0.9537028226904632,0.2041094476565713,-1.742503249327649,0.0,21.463751327096624,4.377995498294086,-81.58816403411731,32.14260245064096,122.28683495103104,282.11183608243937,1.274,1.0300000015656,1.0,6.261705729701427,345.0001478400497,0.0630759341098314,-1.0670914388197854e-05,-0.1440666253997539,0.0237380788349209,0.0092669833159319,0.319253877631411,23.015820623744137,21.50561862032918,1.9968793940916518
14.08,31.22010776855201,131.01337581248347,2.1748022878553805,-0.2248042602542209,0.2714485219419032,0.9505025722269264,0.1962455556792968,-1.7417786019469463,0.0,21.46482386468236,4.383396383079002,-81.66521061577707,32.36322780436661,122.06382640645236,282.14578269648365,1.274,1.0300000015656,1.0,6.261705729701427,345.0001478400497,0.0630789349189885,-1.0709492922681264e-05,-0.1438436740749737,0.023938972273367,0.0092532931195394,0.3524498225024601,23.02010795415687,21.507462739291334,1.993930830328409
14.09,31.22010814776363,131.01337591288478,1.962433702148068,-0.2738060859304524,0.2761515013022096,0.9470663206163604,0.1883292005981322,-1.740234618155852,0.0,21.465894402116948,4.388838368465921,-81.74207689523571,32.586796876433105,121.8378868669178,282.17968022545705,1.274,1.0300000015656,1.0,6.261705729701427,345.0001478400497,0.0630819298138851,-1.0747875096821537e-05,-0.1435821055222061,0.024143599316243,0.0092371157188172,0.3888815293196572,23.02428655472534,21.50927201056116,1.9901806525217218
14.1,31.22010852770369,131.01337601209195,1.7500338270571376,-0.3227147829195889,0.2806440573384765,0.9433974266373584,0.1803637820070539,-1.7378728324567423,0.0,21.466962887487966,4.394320830256984,-81.8187439035875,32.813285425999645,121.60904145581206,282.2135272890537,1.274,1.0300000015656,1.0,6.261705729701427,345.0001478400497,0.0630849186421295,-1.0786040017449064e-05,-0.1432819927314732,0.0243517936282041,0.009218455268074,0.4276740407711203,23.02835442568864,21.51104617665351,1.9856313303927036
14.11,31.22010890837168,131.01337611010905,1.537602835525565,-0.3715081476539736,0.2849249757734792,0.9394993299549224,0.1723527224538663,-1.734695153239156,0.0,21.468029269821592,4.399843138154656,-81.89519282212451,33.04266662381701,121.37731786882928,282.24732253152104,1.274,1.0300000015656,1.0,6.261705729701427,345.0001478400497,0.0630879012540831,-1.0823966848440488e-05,-0.1429434263459288,0.0245633878890314,0.0091973170607082,0.4681873640739812,23.032309487394063,21.51278499589213,1.980285768921856
14.12,31.22010928976709,131.0133762069401,1.325140889560688,-0.420164072195156,0.2889931373685831,0.9353755459323064,0.1642994658943823,-1.7307038624642148,0.0,21.46909349906277,4.405404655757841,-81.97140499604745,33.274910924769635,121.14274650120308,282.2810646207516,1.274,1.0300000015656,1.0,6.261705729701427,345.0001478400497,0.063090877502813,-1.0861634820957535e-05,-0.142566514589243,0.024778213868606,0.0091737075249627,0.5099542959106799,23.03614958277225,21.51448824244761,1.9741473060463068
14.13,31.2201096718894,131.0133763025892,1.1126481601177405,-0.4686605539588301,0.2928475182500146,0.9310296604359964,0.1562074761287717,-1.725901615140656,0.0,21.47015552605549,4.411004740564886,-82.04736194813867,33.50998593747684,120.90536057788864,282.3147522480779,1.274,1.0300000015656,1.0,6.261705729701427,345.0001478400497,0.0630938472440255,-1.0899023243714352e-05,-0.142151383184887,0.0249961025021777,0.0091476342191755,0.5526305014470939,23.03987248006356,21.51615570636876,1.9672197104937752
14.14,31.22011002837196,131.01337638746125,0.9044865234192768,-2.1806876514205,1.2309165355616627,-342.1770159890412,-5.738274844369272,86.50979892909378,0.0,19.82918197658812,3.6255362818332255,-81.81986093268495,29.763831046209976,124.96260920444549,240.8138538094784,1.274,1.0300000015656,1.0,6.261705729701427,345.0001478400497,0.0582714195828682,1.9872264708570988,3.4066387751121394,2.102771219249356,-0.2024706481477996,2.503961351698211,25.725292064440094,20.022519020833425,352.9900613049981
14.15,31.220110351808763,131.0133764324662,0.7238908294476363,-0.7254220200613314,0.236392711344656,-294.9370644209351,18.07193317600277,64.71062234794918,0.0,16.93390183091904,3.7228941050392494,-80.30806934022559,18.47738781271165,137.92344398436694,175.62788705751228,1.274,1.0300000015656,1.0,6.261705729701427,345.0001478400497,0.0497630456938757,3.438905721767098,4.511123878578354,2.0162046570035304,-0.2289710155094459,0.7629650288038841,28.234434745513443,16.971034205837423,302.4928617052238
14.16,31.22011068865701,131.01337645162965,0.5696168042188989,1.457656124798836,-0.8365842158968173,-255.5566300749872,-0.6940580165476136,64.7703199937794,0.0,14.545596063896006,3.8575478461420807,-77.71699589431901,11.697683860751162,147.46343015805627,129.58325330771967,1.274,1.0300000015656,1.0,6.261705729701427,345.0001478400497,0.0427445434184585,5.294025107771429,6.1224204614246736,1.6016943566498592,-0.2669314995796139,1.6806199822228731,30.938263517817468,14.41419039181397,263.6377576219134
14.17,31.2201110366148,131.01337646039713,0.4368144808731913,4.450151955476894,-1.8763991474689428,-219.06433173792647,18.378138671473646,48.61762779001592,0.0,12.655078426422453,3.946326067135988,-73.86999390110358,8.988513400847337,153.36425158298408,98.0891683241952,1.274,1.0300000015656,1.0,6.261705729701427,345.0001478400497,0.0371889014812147,5.107545893585497,8.24672397354157,0.8560609983169468,-0.3128217837882583,4.82883452055408,33.78255745112055,12.360387021215466,225.14575535137396
14.18,31.220111385766327,131.01337646850598,0.320701943839841,8.061893420293721,-2.5733048262468987,-148.0679657747901,7.421218295355984,-46.64642414193485,0.0,11.289271225599128,3.8737532464771007,-68.6215498331323,8.492194979003076,156.77494247276834,78.05990634372942,1.274,1.0300000015656,1.0,6.261705729701427,345.0001478400497,0.0331752227387896,4.018092839902361,10.715681228137562,0.0172097489480149,-0.3626112072324911,8.460038932356358,36.70780240953642,10.885193328008226,155.4190652876957
14.19,31.22011171904205,131.0133764866976,0.2162502099310513,12.590403402382472,-2.57180752592415,-150.403524550287,16.010320602880217,53.85919684845808,0.0,10.47286413953518,3.656334620314956,-61.8853708543552,8.665533639226163,158.74629097101027,67.17868616013345,1.274,1.0300000015656,1.0,6.261705729701427,345.0001478400497,0.0307760513746247,4.96485373629898,12.987257352534796,-0.7177975381541583,-0.4077019616736581,12.846230284587538,39.73712351585723,10.069021200295165,160.5564188941593
14.2,31.220112034903067,131.01337651216352,0.1183352187385578,18.52880280677583,-1.995578537947717,-120.62500847397544,24.86341236857317,58.45636411572509,0.0,10.159038917325075,3.4244764439774262,-54.03153343290752,9.468260259116647,159.96709996007172,63.21350876200417,1.274,1.0300000015656,1.0,6.261705729701427,345.0001478400497,0.0298537968393043,3.7807080775291415,14.421944782500292,-1.4023150867822638,-0.4391778414989626,18.63220475718657,42.898774674394986,9.845637546488373,136.32948488711676
