group_key,landed_longitude,landed_latitude,landing_range
"(0.0,)",131.01379307827872,31.220533486899875,-1285736.5314750574
