group_key,landed_longitude,landed_latitude,landing_range
"(0.0,)",131.01313703716002,31.220858305702382,-1285744.7157133513
