Alpha,CD0
-0.34906585,0.482325781
-0.174532925,0.482325781
0,0.482325781
0.174532925,0.482325781
0.34906585,0.482325781