Mach,Cd0
0	,0
0.1, 0
0.2, -0.014517965
0.3, -0.019456493