Time,Latitude,Longitude,Altitude,Angle of Attack,Angle of Sideslip,X-Acceleration,Y-Acceleration,Z-Acceleration,Thrust,True Velocity,Ground Velocity,Pitch,Roll,Yaw,Dynamic Pressure,cp,cg,parachute_deploy_gain,Wind Speed,Wind Direction,Mach,omega_x,omega_y,omega_z,Cmq,Angle of Attack(total),Angle of Attack(gust),True Velocity(gust),Acceleration
0.0,31.222216000000007,131.010392,3.000000004412624,0.0,0.0,0.0,0.0,0.0,2.2828121974499247,0.0,0.0,71.99999999612658,-1.0292491154817412e-14,119.99999999354436,0.0,1.274,1.0271675151847728,0.0,0.0,0.0,0.0,0.0,0.0,0.0,-0.0,0.0,90.0,0.0,0.0
0.01,31.222215999991075,131.0103920000045,3.0000027652305543,0.0,0.0,0.0,0.0,0.0,34.242186961749226,3.465174813755317e-14,2.8705476994166044e-14,71.99999999615642,-2.4269694143064278e-11,119.99999999351908,7.3524959755255e-28,1.274,1.0271659134330349,0.0,0.0,0.0,1.0183245502395064e-16,-3.5270451923669066e-18,7.162510601982364e-18,5.495549761785901e-18,-7.708624262714742e-34,0.0,89.99999999999979,3.465174813755317e-14,0.0
0.02,31.222215999994766,131.0103920000085,3.0000030853541984,0.0,0.0,0.0,0.0,0.0,25.871876237766216,3.5231541872024486e-11,2.297393316555741e-11,71.9999999961845,-1.358608832436306e-11,119.9999999935294,7.600598599365218e-22,1.274,1.027164492361118,0.0,0.0,0.0,1.0353631767394845e-13,-7.047314121155779e-18,1.4331797467542762e-17,1.0997875787149837e-17,-1.5682625184426606e-30,0.0,89.99999999977571,3.5231541872024486e-11,0.0
0.03,31.222215999994766,131.0103920000085,3.0000030853541984,0.0,0.0,9.707476547313286,-2.5122800044576216e-05,3.0266159313830583,180.34219359854663,1.2364971733229308e-10,1.1291508257040443e-10,71.99999999621488,-1.8773503866396828e-11,119.99999999352436,9.36204561717154e-21,1.274,1.0271551940870716,0.0,0.0,0.0,3.633742871858506e-13,-1.0570971181733668e-17,2.150108433310316e-17,1.6493425548935736e-17,-8.25733569999059e-30,0.0,89.99999999921282,1.2364971733229308e-10,10.168358024448706
0.04,31.222215999994766,131.01039200000852,3.0000030853541984,17.316504878849113,-0.0001143971733773,48.57117900456143,-1.067688224757198e-05,3.026546672220721,548.635972453808,0.1525253703626079,0.088173803273562,71.99999999624131,-2.3940334426118243e-11,119.99999999351724,0.0142452040201274,1.274,1.027133720825283,0.0,0.0,0.0,0.0004482323043596,-1.4094628242311558e-17,-1.0848248501219536e-11,1.4146774463680288e-11,5.1391129608670144e-15,17.316504879215394,89.0729823845568,0.1525074008966342,48.66538209705533
0.05,31.22221599246117,131.01039201539675,3.0023884986471163,5.236103356311017,-5.5307966128818685e-06,71.0921346821736,4.7150008429589526e-05,3.0260275492044246,761.6984298824663,0.8291022491572058,0.3270982475336053,72.00000001144781,-1.0839022443982479e-10,120.00000000145307,0.4209209910430649,1.274,1.027093426565204,0.0,0.0,0.0,0.0024365154518576,-5.50910228894197e-18,-6.52692810648877e-07,2.378310305043308e-11,1.6807505940379295e-09,5.236103356313974,84.75864654192665,0.8291013803817053,71.15650677484861
0.06,31.22221596990869,131.0103920617776,3.015331231721257,3.6748961722957993,3.0179470573100845e-05,53.05117362739529,0.0001168280502105,3.0250325867617995,590.4875390737236,1.6525666154171492,0.6103583465838441,71.99999968328139,-3.8623601658183406e-10,120.00000002535084,1.6722523236955993,1.274,1.027050317124926,0.0,0.0,0.0,0.0048564633440672,2.6981401054365644e-13,-6.729442205621888e-06,3.182893472441009e-11,3.4540120959602285e-08,3.674896172419543,79.61699658362653,1.6525713559973012,53.13734887448433
0.07,31.22221593580231,131.01039213193175,3.0351264363252404,3.728577789728952,6.229754328283112e-05,81.0707071505367,0.0001548075848337,3.024069120169248,855.2937749779172,2.093907692403863,0.7751860007600448,71.99999589685905,-8.098130257360526e-10,120.00000006149412,2.684714431801962,1.274,1.027003201295312,0.0,0.0,0.0,0.0061534513221522,3.051597379465348e-12,-2.3711874475806102e-05,1.892711814981498e-10,1.5420853300340552e-07,3.7285777902486457,76.93104212633347,2.0939174780790784,81.12708889116884
0.08,31.222215900001803,131.01039220552698,3.055106219166761,3.132823913904556,7.792373799359217e-05,16.186874145416574,0.0002349551815063,3.022092567115142,241.2171988638792,3.0448306870120376,1.0977574088747404,71.99998238362734,-9.741936586293291e-10,120.00000009970027,5.676864071189041,1.274,1.0269597189470347,0.0,0.0,0.0,0.0089479692477308,1.2853028947282458e-11,-5.137920205787058e-05,6.791581217498087e-10,4.858863024779229e-07,3.1328239148727035,71.33761956260129,3.044842927244179,16.466570321076944
0.09,31.222215841380503,131.0103923261533,3.090004394730484,3.908538564121228,0.0001300676109577,50.248398797933454,0.0002230644802065,3.0214995939014377,563.0937377043203,2.884438651375518,1.0762613931492968,71.99995306462387,-5.840150608195401e-10,120.00000016300946,5.094521006344623,1.274,1.026918932011013,0.0,0.0,0.0,0.0084766219085237,3.408834140254582e-11,-0.0001005741890436,1.945871243107764e-09,9.010119348892992e-07,3.908538566282074,72.27253412996478,2.8844590823480707,50.33916012014765
0.1,31.222215800500727,131.01039241011944,3.1115340872331685,3.6554004166754894,0.0001418105830646,47.69328418383305,0.0002801828861712,3.0192560461823708,538.7437595981891,3.557759493838455,1.312902532936112,71.99989552285359,2.305103675565119e-09,120.0000002098018,7.750558866777853,1.274,1.0268846934974103,0.0,0.0,0.0,0.0104553408962627,7.565423746589426e-11,-0.0001556190779528,3.8490857460826474e-09,1.7195754023862931e-06,3.6554004194226,68.47699877007221,3.557781769392753,47.788756662951286
0.11,31.22221573238213,131.01039255023213,3.151063460926564,3.662921652467527,0.0001707089240329,37.564816901251085,0.0003200090876951,3.0170190987480114,442.86563930529127,4.022896718926456,1.485046452037728,71.99980649819477,8.192048214929102e-09,120.00000028899348,9.909596342873929,1.274,1.026848594915519,0.0,0.0,0.0,0.0118222649433402,1.3995735040334524e-10,-0.0002339714921598,6.991186226140113e-09,2.9233578415617104e-06,3.662921656439988,65.96838267424907,4.0229235338215386,37.68577812874686
0.12,31.222215663995925,131.0103926908424,3.189784893121109,3.785908144235445,0.0002014179902498,41.048480532435775,0.0003483101437034,3.0147738893105167,475.58594813540793,4.349175422842571,1.6141737130814375,71.99967258159425,1.964191671811292e-08,120.00000037423315,11.582183310930615,1.274,1.0268114448194128,0.0,0.0,0.0,0.0127811202184871,2.3662008606349926e-10,-0.0003343697502225,1.1817432188808896e-08,4.516608455781138e-06,3.785908149585578,64.26883676129042,4.349207061506495,41.159040510521464
0.13,31.22221559043897,131.01039284206664,3.23111772340097,3.807714352582803,0.0002268970970294,45.33738391930583,0.0003850591839716,3.011899422616702,515.9156326236897,4.778134953255692,1.7750831165713368,71.9994811518414,3.9553476356312936e-08,120.00000047381404,13.979501465688356,1.274,1.026779572895131,0.0,0.0,0.0,0.0140417297056178,3.747383313284559e-10,-0.0004556542525765,1.8474835673600617e-08,6.7619297335268975e-06,3.807714359333119,62.10334764837339,4.778170594168349,45.43731857104642
0.14,31.2222155076778,131.01039301222698,3.2778754514712065,3.791447851075684,0.0002507914981026,42.210803481290256,0.000425614905822,3.0084267624288006,486.2390860568421,5.253904554087416,1.950469400715064,71.9992202504165,7.10898937073254e-08,120.00000059536238,16.901967740244082,1.274,1.0267449573927567,0.0,0.0,0.0,0.0154399043306091,5.62915590270036e-10,-0.0006028980917757,2.752321238477242e-08,9.83786712217093e-06,3.791447859358104,59.79844806645642,5.253943948323817,42.31787521015383
0.15,31.22221541714896,131.01039319835945,3.329057119327625,3.8230888712874433,0.0002777051337243,40.775369263025226,0.0004604634358301,3.00469440276936,472.5421858721398,5.661479114212707,2.1047125594904927,71.99887500110232,1.1846263604496265e-07,120.00000074170718,19.62594582313372,1.274,1.0267115958081523,0.0,0.0,0.0,0.0166376730787558,8.118411267001673e-10,-0.0007801873297173,3.960891789134681e-08,1.371833906206364e-05,3.823088881358559,57.908369119160994,5.661522736033105,40.88592578384551
0.16,31.222215320908244,131.01039339622227,3.383229829375461,3.853867252812067,0.0003043043281701,32.15709218125372,0.000494750604438,3.0004803431723066,391.1218908297597,6.0631672778779455,2.25711138913372,71.99842818542713,1.870097672382981e-07,120.00000091617936,22.5095917444748,1.274,1.026675762255412,0.0,0.0,0.0,0.0178181451520741,1.1338868233085856e-09,-0.0009877810587543,5.514883528997064e-08,1.860076112837273e-05,3.8538672648079975,56.119975341925056,6.063215077890037,32.29677166665719
0.17,31.222215217601374,131.0103936086097,3.4413386621870097,3.955085268566092,0.000336641756841,40.72873808224437,0.0005189039099979,2.9963084484328464,471.78125980632416,6.343042351036623,2.371753932807908,71.99786244357576,2.827302027017608e-07,120.0000011264568,24.63549636611923,1.274,1.0266409836796937,0.0,0.0,0.0,0.0186406408098106,1.5415141855386874e-09,-0.0012278116121805,7.468185680148944e-08,2.418785719387977e-05,3.9550852828701824,54.92093920120298,6.343095230600133,40.83880471266849
0.18,31.2222151107022,131.01039382835415,3.500962017738751,3.945196365681508,0.000359416016582,33.880391674081,0.0005570992594718,2.9907779154258822,407.1015672119096,6.7941811475940685,2.539430895363702,71.99715918437903,4.126049091942847e-07,120.00000137603296,28.264275170809643,1.274,1.0266048342046536,0.0,0.0,0.0,0.0199664401616228,2.048068749841449e-09,-0.0014974063771583,9.834798760835864e-08,3.159674625412972e-05,3.945196382027416,53.0533019593849,6.794237604529932,34.01214037426777
0.19,31.222214993537087,131.0103940692252,3.566754013292423,4.016731617712791,0.0003902592623263,38.339611485293766,0.0005832119829499,2.9853908846241617,448.95313283182486,7.100083101374265,2.662085128973504,71.99630148340383,5.836859440800818e-07,120.00000167937696,30.8665243181856,1.274,1.026566130444714,0.0,0.0,0.0,0.0208654268280408,2.665643702254668e-09,-0.0018059742620045,1.2733385079165754e-07,3.98233515224393e-05,4.016731636640246,51.84149173841698,7.1001444031558405,38.455667565619024
0.2,31.22221487372917,131.0103943154942,3.6334003425495367,4.026991918141673,0.0004147013748914,35.1223283586036,0.0006175274781056,2.9787895874267294,418.5156301991588,7.506868135346392,2.8159757932932643,71.99526694509588,8.153201160395981e-07,120.00000205174048,34.50449382700571,1.274,1.026529240027363,0.0,0.0,0.0,0.0220608862319283,3.410268913256756e-09,-0.002149070516922,1.617226642884034e-07,5.010366479547646e-05,4.026991939459612,50.28693755033583,7.506933276486031,35.24842034924505
0.21,31.22221474501192,131.0103945800907,3.705270765720048,4.071982275945065,0.0004432356668711,33.681596705722335,0.0006459180250503,2.9719236937651217,404.8187610144608,7.843269670943875,2.948031002717444,71.99403590364047,1.0965263525240348e-06,120.00000248158324,37.66598979522509,1.274,1.0264923657015164,0.0,0.0,0.0,0.0230495084034931,4.296032673538693e-09,-0.0025336165336725,2.0257630625983053e-07,6.171561696092578e-05,4.071982300027669,49.05505132501119,7.843339294239617,33.81245757861588
0.22,31.222214611898128,131.01039485370347,3.779219998303775,4.115569588426447,0.0004714489281306,40.89670892047528,0.0006737246537595,2.964392760979728,472.5421858721387,8.174160240934494,3.0783554310106687,71.99258449420176,1.459702270889886e-06,120.00000300480832,40.91083091985461,1.274,1.0264494137127138,0.0,0.0,0.0,0.0240219373079499,5.339941022699335e-09,-0.0029581020288624,2.502585343984585e-07,7.509486761252465e-05,4.115569615382872,47.88753302070473,8.174234295958952,41.00400499245575
0.23,31.222214472675024,131.01039513986652,3.856442763351153,4.099633859666999,0.0004930707693018,33.87252306474173,0.0007108219569264,2.9551390401619044,406.340642146096,8.620180179536268,3.244339776668439,71.99088990899757,1.9027745713132408e-06,120.0000036163796,45.49686511007721,1.274,1.0264133390858623,0.0,0.0,0.0,0.0253327072294125,6.558306351911083e-09,-0.0034241218461472,3.053669259420208e-07,9.166769132642323e-05,4.099633889267766,46.37562072845681,8.620257630911594,34.0011862443565
0.24,31.22221432462593,131.01039544418495,3.9388336136528577,4.149366413838203,0.0005228628991908,34.939063385000544,0.000736167208604,2.94615604648544,416.2328240017099,8.925120643894708,3.3665679699713253,71.98892833202402,2.4435790883370134e-06,120.00000433940104,48.77233423490092,1.274,1.0263750048312463,0.0,0.0,0.0,0.0262288807978135,7.968001228390613e-09,-0.0039404242059554,3.694589752313929e-07,0.0001092205546644,4.149366446723634,45.38860649622283,8.925202775006854,35.06305728560005
0.25,31.22221417358214,131.01039575462735,4.022328928820314,4.172164590631676,0.0005489908804951,35.92460500985978,0.0007655130672774,2.9358513298659257,425.3640807915084,9.281043347411908,3.504580990966564,71.98667094163294,3.098092222585971e-06,120.00000518427862,52.739434804952175,1.274,1.0263373768840591,0.0,0.0,0.0,0.0272748816088524,9.589648053483792e-09,-0.0045006228245815,4.423477111173861e-07,0.0001297218823604,4.172164626687105,44.276139881016825,9.281129582697758,36.044368058429434
0.26,31.222214014978025,131.01039608061367,4.110111315127456,4.188544860680473,0.0005746385985598,39.17807931173276,0.0007954172026521,2.924466495205348,455.80158342417656,9.646384586486173,3.6454915535207593,71.98409259641693,3.881802780337444e-06,120.00000617208396,56.97277245809634,1.274,1.0263006300381676,0.0,0.0,0.0,0.0283485647271813,1.1441059370114837e-08,-0.0051097436158148,5.251240903506041e-07,0.0001530748507121,4.188544900028379,43.1789576050492,9.646474850506156,39.287076799765714
0.27,31.22221385030192,131.01039641907315,4.20114441129061,4.184734142359086,0.0005975725669818,35.79096166678535,0.0008286514515915,2.911496969356627,423.8421996598744,10.055474594721057,3.7999483379842327,71.98116526300556,4.812190388471264e-06,120.00000731945744,61.90697155191357,1.274,1.026260090595354,0.0,0.0,0.0,0.0295508190210489,1.3542112058908853e-08,-0.0057703700261586,6.18739930418172e-07,0.0001801949446595,4.1847341849493445,42.000630836682525,10.055568461200377,35.909187575362026
0.28,31.22221367828824,131.01039677261693,4.296310626724281,4.207464393235223,0.0006244172846847,41.39783559462852,0.0008561722214051,2.898129295525812,476.3468732012228,10.397660494868427,3.9336339503483218,71.97785943342986,5.9083508172938245e-06,120.00000864769208,66.19142184118738,1.274,1.0262212716723291,0.0,0.0,0.0,0.0305564606092192,1.5913651794783506e-08,-0.0064876178767075,7.245308716629357e-07,0.0002094851744209,4.2074644394858565,41.05748597258353,10.397758578106142,41.499155968121904
0.29,31.22221350143773,131.01039713608534,4.393868548192477,4.188625666643661,0.000645046495038,33.061745602638794,0.0008915956019556,2.882225348233379,397.9703104221098,10.840603526769112,4.098559149230632,71.97414266090233,7.191754822607419e-06,120.00001017651444,71.95041434915274,1.274,1.026183007522519,0.0,0.0,0.0,0.0318582088090837,1.857875054858292e-08,-0.0072586970954645,8.427554179445435e-07,0.0002443658228891,4.1886257162235845,39.88448935530008,10.84070485043561,33.18713976899105
0.3,31.22221331563664,131.010397517966,4.496683993164735,4.22780071310977,0.0006748607635377,30.966864242320035,0.0009143186910216,2.867067035454902,378.1859457108735,11.130871476578616,4.216094521260156,71.96998411069745,8.684197184823322e-06,120.00001193309951,75.85433859418119,1.274,1.0261430389738484,0.0,0.0,0.0,0.0327112819977698,2.155899244806882e-08,-0.00809317680839,9.755074692982082e-07,0.0002797513812728,4.227800766874228,39.15078722883886,11.13097748345946,31.099304738595844
0.31,31.22221312711366,131.01039790540767,4.600420125064151,4.260402701245077,0.0007033982062568,32.68287446203156,0.0009375864846521,2.8506100758875537,394.1656220930229,11.431361588169814,4.336787786008235,71.96534744432557,1.0411254105433856e-05,120.00001393745826,80.00436609165929,1.274,1.0261054058068628,0.0,0.0,0.0,0.0335943983249504,2.488036209147626e-08,-0.0089811695633228,1.1219886385358628e-06,0.0003188236838642,4.260402759203935,38.41498465858665,11.431472077701676,32.8069544728665
0.32,31.22221293223868,131.01039830590005,4.707604968129808,4.277312772010936,0.0007296018446042,35.61682775938575,0.0009634415390556,2.832308143212232,421.5593934624264,11.767955498086597,4.468674532584696,71.9602020084635,1.239689801107551e-05,120.0000162185144,84.78427861643382,1.274,1.026068246703101,0.0,0.0,0.0,0.0345836197558499,2.8564414065130808e-08,-0.0099249663020181,1.28307155744858e-06,0.0003626981215106,4.277312834121141,37.61724807565897,11.768070103676346,35.72926517559628
0.33,31.222212731122088,131.01039871921526,4.8181619013200345,4.2798747861521695,0.0007534771059636,35.304897460563474,0.0009917627019841,2.8119445681949102,418.5156301991632,12.1398660281321,4.611517708780164,71.95451582955924,1.4666616611403143e-05,120.00001880275144,90.22699065920207,1.274,1.0260310883392356,0.0,0.0,0.0,0.0356766334009793,3.2633509686938445e-08,-0.0109291329011522,1.4601760027830229e-06,0.000412012354743,4.279874852353991,36.76744695286101,12.139984384039137,35.416702527749464
0.34,31.222212523437697,131.01039914602634,4.932317992273902,4.287978966864087,0.0007783974873408,27.522827730622502,0.001018119134095,2.790342366698285,345.4656368807584,12.492466330386472,4.748355724323752,71.94825431889535,1.724830077692957e-05,120.00002171964182,95.54331368224204,1.274,1.0259901535019136,0.0,0.0,0.0,0.0367129023024176,3.711180214935592e-08,-0.0119984289196126,1.654839347827666e-06,0.0004654558022703,4.287979037383429,35.993061488569545,12.49258860077786,27.66391255497821
0.35,31.222212310132328,131.0103995843797,5.049414803571431,4.333550153269198,0.0008101054036261,30.21592601935212,0.0010348965123866,2.769529512328588,370.5765700527057,12.730206100475993,4.849495952107863,71.94138015813573,2.0172456026525054e-05,120.00002500002984,99.21330369960654,1.274,1.025950003202184,0.0,0.0,0.0,0.0374116221586678,4.20255200794517e-08,-0.0131329109956113,1.867828016702784e-06,0.0005191554660611,4.33355022884449,35.49138790029976,12.730333351535222,30.34258525567046
0.36,31.222212093670787,131.01040002919007,5.167739039340097,4.34990565686622,0.0008363227643301,34.21006339554822,0.0010575834003639,2.745698867662388,407.8625232777224,13.047013391393309,4.975209069791935,71.93385599340266,2.34708309550359e-05,120.00002867442568,104.2116624261678,1.274,1.0259105142325406,0.0,0.0,0.0,0.0383427089031689,4.74013130219591e-08,-0.0143234603031252,2.098109527807931e-06,0.0005803034039442,4.349905737108304,34.83778850496168,13.047144760665926,34.32007140024323
0.37,31.222211869984235,131.010400488852,5.290119088179969,4.349321611280769,0.000859556150857,32.43436263507354,0.0010834594885539,2.7191399593666987,391.1218908297639,13.410114706509452,5.115319401768469,71.92564970882358,2.7173130118939483e-05,120.00003277821472,110.09155094988752,1.274,1.025872170958032,0.0,0.0,0.0,0.0394098495140068,5.3261193533582616e-08,-0.0155787155325901,2.3478784724730584e-06,0.0006487167295104,4.349321696054607,34.112877178900085,13.410249725273893,32.54814284772579
0.38,31.222211639957216,131.01040096154043,5.415939478570699,4.362437072212508,0.0008855329080789,33.911643122124694,0.0011051376902154,2.691866014437182,404.81876101445977,13.72672419652409,5.240971666123133,71.91672422883624,3.131281414676501e-05,120.00003734539848,115.3499932702214,1.274,1.02583050512925,0.0,0.0,0.0,0.0403403635638566,5.963073977971845e-08,-0.016904638307613,2.619097454643859e-06,0.0007205406753173,4.362437161916112,33.50427397893267,13.72686329570801,34.01831393680995
0.39,31.222211405208075,131.01040144391652,5.544076156420129,4.364188004820684,0.0009091774294769,28.88178450570556,0.0011287093049497,2.661985432266176,357.6406249338268,14.07426004861282,5.376259860653969,71.90703906062531,3.592660246116895e-05,120.00004241261264,121.263348728351,1.274,1.02579027384009,0.0,0.0,0.0,0.0413617684581105,6.653843243162152e-08,-0.0182980963379397,2.9119238632183218e-06,0.0007996719255396,4.364188099340538,32.85728330592208,14.074402861869476,29.00420045354803
0.4,31.222211163806087,131.01040193996343,5.675869112702848,4.38991014364492,0.0009379278571215,27.59262780303409,0.0011452494664958,2.632491198021344,345.4656368807565,14.339180936007072,5.485830431699704,71.89655551327162,4.1051221675244e-05,120.0000480203164,125.86981936102468,1.274,1.0257493418632293,0.0,0.0,0.0,0.0421403868791803,7.40109266112593e-08,-0.0197635941094666,3.228024817412445e-06,0.0008799644830819,4.389910243645347,32.38222745416303,14.33932826537034,27.717920562264876
0.41,31.22221091875968,131.01040244347448,5.809230869593894,4.411777795931477,0.0009658050568095,31.1861729043838,0.0011617070790005,2.601161736687396,378.9468707766882,14.609875789151532,5.597210415633247,71.88523230492032,4.672613408104325e-05,120.00005420653083,130.66534078706556,1.274,1.025708445186429,0.0,0.0,0.0,0.0429359770928846,8.207750660441302e-08,-0.0212936947995365,3.5666155115888127e-06,0.0009659771654749,4.411777901437156,31.90945131330256,14.61002749745509,31.294463154879207
0.42,31.222210668225145,131.01040295825328,5.945439804389508,4.413702881065869,0.000989460430431,35.18762136031233,0.0011822233848683,2.566145123612837,416.23282400171047,14.940715950701064,5.7273611543844245,71.87303242458091,5.298908444795247e-05,120.00006101269176,136.64838290232507,1.274,1.0256701057426505,0.0,0.0,0.0,0.0439083283607259,9.07637286518577e-08,-0.0228899693847711,3.928657935456537e-06,0.0010618917647313,4.413702991754617,31.34586754667976,14.940871374782018,35.28106856643946
0.43,31.22221041119396,131.01040348638034,6.085193185839201,4.402081682541952,0.0010101985915116,30.884388296903527,0.0012052565346725,2.527566026505019,375.90313951343126,15.313457322953104,5.870616125604523,71.8599179594592,5.987920106268496e-05,120.000068480795,143.54972201103936,1.274,1.0256308158337524,0.0,0.0,0.0,0.0450038254322828,1.0009519023044612e-07,-0.0245600415754669,4.316602630473813e-06,0.0011677776373283,4.402081798224991,30.730915350275342,15.313616004576785,30.987643213785997
0.44,31.222210147628825,131.01040402793237,6.228514853755213,4.413447542170382,0.0010362359179914,28.454723540550983,0.0012210894146572,2.4895896075659967,353.07501253892326,15.601864310584087,5.987577599009639,71.84584662672015,6.743954889345444e-05,120.0000766559386,149.0056949503073,1.274,1.025586171750536,0.0,0.0,0.0,0.0458514820149938,1.1010059636308497e-07,-0.026309846728444,4.73269972966687e-06,0.0012745199630488,4.41344766357892,30.272928733962992,15.602027082141444,28.563426784514952
0.45,31.22220988018005,131.0104045774418,6.373570321964543,4.427194168329549,0.0010627639191968,33.19577162414778,0.001235096083811,2.450137809558988,397.2093853562887,15.87535769048632,6.0999102995727705,71.83077273734803,7.571674815539304e-05,120.00008558407636,154.27333358600623,1.274,1.0255397023523487,0.0,0.0,0.0,0.0466553133786584,1.2081239710441774e-07,-0.0281308397015516,5.175851512166683e-06,0.0013866025488433,4.427194295635772,29.85083461936261,15.875524629052364,33.28606961679117
0.46,31.2222096074508,131.0104051377902,6.521325187598352,4.416233858517647,0.0010834750811388,38.834850925836506,0.0012546018021977,2.4053286500062425,449.7140588976424,16.23183417894023,6.238230765863385,71.81465550657329,8.475501061263954e-05,120.00009531299096,161.2771569482008,1.274,1.02549635315424,0.0,0.0,0.0,0.0477030242296099,1.3225879563716033e-07,-0.0300220749966196,5.646544723493058e-06,0.0015130313284086,4.4162339911637405,29.313289625249208,16.23200437080798,38.90926951152528
0.47,31.222209327453587,131.01040571307726,6.673149607941206,4.388045809168552,0.0011001022565399,26.12847935557581,0.0012777127852769,2.3553483474228347,331.0078106302504,16.648976510057086,6.3955996370681,71.79745469255937,9.45989067227915e-05,120.00010589149008,169.67052912774557,1.274,1.025453319323251,0.0,0.0,0.0,0.0489290292958927,1.444661902568903e-07,-0.0319942895389621,6.148236782441076e-06,0.00165383926196,4.388045946798978,28.704727254072395,16.64914931371544,26.234425873363584
0.48,31.222209040191352,131.01040630329675,6.829037586096744,4.416362681889749,0.0011308782146314,25.734505398304247,0.0012836852607329,2.312048419499772,327.20312230115803,16.847939688099935,6.484692337991519,71.77912389761325,0.0001052984926938,120.00011737202964,173.74744659163434,1.274,1.0254092882449153,0.0,0.0,0.0,0.0495138415091525,1.5746538130403853e-07,-0.034055944453524,6.684116032104768e-06,0.0017814207799315,4.416362826392344,28.428633948454436,16.848117326034483,25.838156622276863
0.49,31.22220875208352,131.01040689520636,6.984563197684807,4.427521873837689,0.0011570756721801,32.43821187157665,0.0012931663819905,2.2643351550011848,389.6000096981238,17.1043200598705,6.591821778048795,71.75961186311278,0.0001169088178809,120.0001298054357,179.07294508521187,1.274,1.025367445590036,0.0,0.0,0.0,0.05026739732404,1.712950968183249e-07,-0.0361806432241184,7.2484387938444355e-06,0.0019213319229457,4.427522024729986,28.07693947498753,17.104501812892057,32.51714631993019
0.5,31.22220845723537,131.01040750096558,7.143787353550456,4.410619090312265,0.0011761991908937,33.34892030963086,0.0013091957526704,2.2094313376082386,397.970310422106,17.46288022547595,6.731083209566782,71.73888247959437,0.0001294741839897,120.00014324448878,186.65664605271024,1.274,1.0253278572281015,0.0,0.0,0.0,0.0513212517267361,1.8597886303513546e-07,-0.0383758910103075,7.843681829684468e-06,0.0020805971925162,4.410619246833444,27.59420766726193,17.4630649824128,33.42202977629738
0.51,31.222208155245536,131.0104081214021,7.306979827983644,4.3975637587310255,0.0011964255389857,25.36170345183464,0.0013227066113702,2.152634554963401,323.39843497208153,17.8016003357759,6.864203754504389,71.71689532627222,0.0001430425623146,120.00015773994836,193.9648322070124,1.274,1.025286455263166,0.0,0.0,0.0,0.0523168046764696,2.015420996581455e-07,-0.0406553036381121,8.474408842919338e-06,0.0022468967240222,4.397563921164342,27.152829835432605,17.801788269860076,25.45289451625446
0.52,31.222207848192888,131.01040875222748,7.472708023785239,4.4135929806400656,0.001224477891232,30.602446169903583,0.0013263264728996,2.0997297942192645,372.098451184342,18.016285423212743,6.9583920452131,71.6936021760193,0.0001576690490686,120.00017334743826,198.66826464752776,1.274,1.0252426840672306,0.0,0.0,0.0,0.0529478378262213,2.180179635015599e-07,-0.0430168746039911,9.141152821679247e-06,0.0024060466953,4.413593150159383,26.88367187661463,18.016477763750107,30.674396139936
0.53,31.222207538419,131.01040938861175,7.639365051166282,4.398821502691625,0.0012439499572902,32.16861929920445,0.0013373680340834,2.0380963892117694,386.55624643486095,18.34912128844332,7.089859457614783,71.66895595081657,0.0001734088047794,120.00019012240058,206.07323280499287,1.274,1.0251993415311351,0.0,0.0,0.0,0.0539261064056238,2.354412579825765e-07,-0.0454443700209663,9.840294374438007e-06,0.0025887395190992,4.398821678235242,26.470582324016195,18.34931668764567,32.2331181597037
0.54,31.222207220590928,131.0104100415545,7.810603337186065,4.383332686423666,0.001263417860757,28.1789282103354,0.0013470272680048,1.973687252317276,349.2703242098436,18.679207458594345,7.220572094581668,71.64291888959967,0.0001903097876639,120.00020812098334,213.5505979388176,1.274,1.0251561018460285,0.0,0.0,0.0,0.0548963004254738,2.5383446581506004e-07,-0.0479538377770964,1.0577091094349976e-05,0.0027807866474786,4.383332868147259,26.07256851345108,18.679405915807816,28.247963435753707
0.55,31.22220689768276,131.01041070492113,7.98437975261839,7.791411348996759,6.375027130809229,29.978162818887288,-0.342531307256745,1.718399250338007,365.2500005919912,19.58302740521056,7.330076501197885,71.61544401963367,0.0002084281073815,120.00022739902802,234.71255298583208,1.274,1.025112921033824,0.0,2.510309617313516,0.0,0.0575526486072548,2.7322932373126466e-07,-0.0505451022967554,1.1352636298721424e-05,0.0030728228164906,10.054652323182076,31.841326373021268,20.58234941754413,30.029326826882578
0.56,31.222206570758807,131.0104113765162,8.159965504549577,-0.6977788603664663,-5.475820864366842,27.898477317870693,0.1920077544649327,2.060042944617501,346.22656194657776,18.71920645033269,7.451734222232144,71.58648447267001,0.0002278206520814,120.0002480152978,214.45896214265605,1.274,1.0250709539098009,0.0,2.5195241895676523,165.0000707061107,0.0550140702310682,2.9364028645117364e-07,-0.0555323627359863,0.0041726955592221,0.0032270438822121,5.519966136777073,20.110847255840653,17.860375318625305,27.975090358516958
0.57,31.222206238330703,131.01041206152644,8.339076561759454,-0.6365114806733723,-5.403787353632701,27.581016678278186,0.2591505350200185,2.056676837062997,343.1828296833045,18.983432063511653,7.568180346160078,71.55466729016742,0.0073962954234309,120.00780418008,220.55216607837872,1.274,1.0250279191823897,0.0,2.5286594429904983,165.0000707061107,0.0557907183571855,3.183569890386103e-07,-0.0550944955720661,0.0008991688247975,0.0032467343783221,5.441035069764118,19.87244926975904,18.1358649696372,27.658806185722696
0.58,31.22220589976104,131.01041275529943,8.52005921220311,-0.583631816396539,-5.339234289155137,36.50903309290394,0.3291909465168835,2.0529860709601486,426.12500585731766,19.25365352924481,7.684452516725689,71.52310108237927,0.0089262291997259,120.00941728026984,226.87185399168328,1.274,1.024981594484354,0.0,2.5378143816291887,165.0000707061107,0.0565849921612997,3.410754270873383e-07,-0.0546819864600543,-0.0024228692052478,0.0032682382176042,5.370946129935766,19.626759397177064,18.416181878176285,36.56819131247238
0.59,31.222205556296256,131.01041346007827,8.703760906756,-0.5287302858446947,-5.2379852377184415,29.48077542240321,0.4044938087387979,2.041817089894804,360.68438819710633,19.65885477168151,7.84383786303688,71.49177147438736,0.004764557401099,120.00502917524202,236.51739299916483,1.274,1.0249386802161349,0.0,2.546902212839312,165.0000707061107,0.0577759668700133,3.617822694060706e-07,-0.0542912797012106,-0.0057990603450544,0.0033131179770355,5.264529021578982,19.276821183639072,18.83721957899621,29.554166402997524
0.6,31.222205203695136,131.01041418275648,8.89239356749171,-0.4796255906941319,-5.177315142003248,26.135139539755976,0.4801483731324738,2.0383284787511937,329.4859594986072,19.91467982252096,7.955847966498362,71.46066556509713,-0.0051514856011788,119.99457148400172,242.7087564874264,1.274,1.024891335813742,0.0,2.555964832511429,165.0000707061107,0.0585279429273498,3.804548777347491e-07,-0.0539204798531855,-0.0092519368410971,0.0033332494690577,5.199423654364727,19.060023447198244,19.10253532850011,26.2189024219174
0.61,31.22220484860375,131.01041490988916,9.081540088768524,-0.4323825261775158,-5.120083922224262,30.73114862938833,0.5577826474547563,2.0352502067132128,372.0984511843332,20.155544115832026,8.06321093500042,71.42977091838894,-0.0209230460424688,119.97793531012192,248.61077879280333,1.274,1.0248423929069768,0.0,2.565106399744191,165.0000707061107,0.0592359537462128,3.970689378960205e-07,-0.0535734018546057,-0.0127538764797347,0.0033517884892191,5.138260026765194,18.861403224873246,19.35235320767268,30.803520269074507
0.62,31.222204487835928,131.0104156480544,9.27335981735397,-0.3846177650099743,-5.040608415568617,38.35770283562672,0.6402587005453291,2.0272602357234684,442.86563930529206,20.48179382942584,8.197993479332409,71.39907230227523,-0.0426038933564457,119.95506170828568,256.7195137583105,1.274,1.0247996097896497,0.0,2.574108852497442,165.0000707061107,0.0601949126448562,4.1161206088113764e-07,-0.0532508302400084,-0.0163010224807487,0.0033854720139701,5.0552232574208205,18.602814597780544,19.691037860329484,38.41657301339118
0.63,31.22220411966912,131.01041640080436,9.469005624999316,-0.3371350850555259,-4.939602821215977,21.48831944495928,0.7290240555114793,2.0141195580806674,286.11251274707456,20.89917055099668,8.362136576133446,71.36855338371291,-0.0702411788692223,119.92589869751632,267.28392637367034,1.274,1.024756158874558,0.0,2.5830804450872664,165.0000707061107,0.0614216963986998,4.240701946056328e-07,-0.0529522312943595,-0.0199066773080485,0.003435025859183,4.951065982324882,18.28454603346701,20.12422036545165,21.594814799770166
0.64,31.222203743321334,131.01041716976016,9.66899488263142,-0.2954946215041953,-4.907341763828904,21.08799213525371,0.810816963165344,2.015698743153164,282.3078244179702,21.02650069546312,8.433509712244923,71.33819744956396,-0.1039045594078177,119.8903705276321,270.5455567902961,1.274,1.024708534665538,0.0,2.59207402101308,165.0000707061107,0.0617960532290895,4.3442156077988853e-07,-0.0526771437144792,-0.0235852452489507,0.0034379343228195,4.91620856352024,18.19131362227045,20.25659936673204,21.199619757614244
0.65,31.22220336785236,131.0104179361959,9.867221239576034,-0.2536859189990767,-4.855400220949029,37.73819257736878,0.8968097660732808,2.0126416041187274,436.7781447787504,21.231901000604065,8.529989935777019,71.30798729697612,-0.1436878238190364,119.84837593350056,275.851847204428,1.274,1.0246641738210605,0.0,2.6011093377097088,165.0000707061107,0.0623998561375378,4.4265456090400733e-07,-0.0524302471189086,-0.0272838085392541,0.0034551815667277,4.862007170080692,18.043967797790803,20.47012903765728,37.80246252547215
0.66,31.22220298515808,131.0104187168859,10.069147570097904,-0.2102252785986564,-4.7458839490836136,32.005994319537294,0.996017775452302,1.9960020064165287,383.5125151715984,21.688240270783567,8.707272867299919,71.2779024072355,-0.1895947884629873,119.79990861204176,287.83151678148454,1.274,1.0246195561629028,0.0,2.609912576563999,165.0000707061107,0.0637411673910004,4.487715680779153e-07,-0.0522108930345891,-0.0310144379362505,0.00351460971735,4.750527129278886,17.722758911156664,20.943610732295625,32.08363676083011
0.67,31.222202591610017,131.01041951938197,10.27720422704906,-0.1699669353313917,-4.674179319639856,21.84367997985227,1.091446995823356,1.9875876272400028,289.15624401033847,21.975987187401493,8.830525956361981,71.24792189574632,-0.2416496920410728,119.74494069036136,295.51383931391047,1.274,1.024572383541697,0.0,2.618722597909916,165.0000707061107,0.0645869996035952,4.527597493746916e-07,-0.0520173983230975,-0.0348189969632159,0.0035479705921749,4.677261694121648,17.53069107348772,21.24258294903224,21.96105908609255
0.68,31.222202196040246,131.0104203253719,10.48544719918812,-0.131801068749575,-4.62797886096274,27.43181517471181,1.182948122541758,1.9849543060313088,340.89999248584934,22.14038556242721,8.914136576589694,71.21802495705784,-0.2999471669699836,119.68336992131016,299.94574995387313,1.274,1.0245245285832842,0.0,2.6276600719887155,165.0000707061107,0.0650703161045695,4.546037189652576e-07,-0.0518522537577603,-0.0386655874591504,0.0035630927229023,4.629851192367971,17.428884233408827,21.414214577034397,27.528964630679567
0.69,31.22220179714168,131.01042113756608,10.694760806921632,-0.0936979133216822,-4.552292118891599,33.92308891790312,1.283283762124192,1.974710421734183,401.0140726853658,22.43903554909968,9.041166605494729,71.18818863908263,-0.3645274804825202,119.61515143920612,308.0860240204607,1.274,1.024479631064582,0.0,2.636451766491624,165.0000707061107,0.0659482004069278,4.543046941434945e-07,-0.051716773234964,-0.0425306125608717,0.0036016473265573,4.553254259671254,17.2405371442154,21.72471527705364,34.004738790289196
0.7,31.222201389950435,131.01042196634052,10.908482615849556,-0.0565600325425964,-4.462230647772815,28.34764497199712,1.3905197625254384,1.960210972088212,349.270324209851,22.8069631874926,9.190761628300324,71.15838854051673,-0.4353908463783962,119.54028266865772,318.2655518661094,1.274,1.0244351749185203,0.0,2.645137333240107,165.0000707061107,0.0670296993022676,4.518647290502293e-07,-0.0516107301226659,-0.046434995938382,0.0036531216049115,4.462588365599416,17.013535265884236,22.106745986080707,28.44934002263431
0.71,31.22220097584856,131.01042280886205,11.1256831871696,-0.020955964482909,-4.394643610521127,23.18184747348719,1.4937092414560782,1.95098915474828,301.3312640634036,23.05919743681885,9.30308180876812,71.12859951525134,-0.5125723167781305,119.45872420031893,325.337427851604,1.274,1.0243880468141104,0.0,2.653867962967519,165.0000707061107,0.0677711822077511,4.4727807053368534e-07,-0.0515346157022578,-0.0503879854425829,0.0036879993531283,4.394693476730681,16.868981760470746,22.36956508663094,23.311704748129877
0.72,31.22220055848372,131.0104236575074,11.343910730854752,0.0136967764125845,-4.335311068942537,28.529370853177863,1.5955518943717275,1.943578163689936,350.7922053414578,23.26200411370096,9.39948402837332,71.09879524604871,-0.5961218567040064,119.37042082380708,331.0783700824685,1.274,1.024337302174265,0.0,2.6626028692804526,165.0000707061107,0.0683674011174973,4.405436993237552e-07,-0.0514894643535184,-0.054366877602937,0.0037170979685446,4.335332664054769,16.760810018288375,22.58166466410601,28.639977011236585
0.73,31.222200136613967,131.0104245148943,11.564004007288585,0.0473763997837009,-4.254992730547008,36.25964299128056,1.706471846704162,1.929901927277576,422.3203185282354,23.57060926559769,9.530336254136555,71.06894810716288,-0.6860507356724391,119.27535818816568,339.9139515640886,1.274,1.024292465384646,0.0,2.671221470219421,165.0000707061107,0.0692745685926545,4.316702240482843e-07,-0.0514758164779939,-0.0583605672686078,0.0037653329004601,4.255255989068015,16.590854737221974,22.902850756651578,36.35104231611007
0.74,31.222199707144,131.01042538760316,11.788053494159907,0.0795747877484002,-4.158397180859056,22.457644620239385,1.826804407872462,1.9107757079896643,294.4828134710563,23.968252824473844,9.690308230714672,71.03902943542208,-0.7823510963510895,119.1735421329698,351.4720411549933,1.274,1.0242470321640116,0.0,2.6797795334311174,165.0000707061107,0.0704434303152797,4.206653624518544e-07,-0.0514941705449923,-0.0623840433383318,0.0038301380440975,4.159157142795339,16.373121645642783,23.315626629289824,22.612697318980608
0.75,31.22219926996204,131.01042627595157,12.016142440979134,0.1117085986399534,-4.103941466382064,26.32905270639015,1.9309689137266488,1.9035241190715624,330.24688556441737,24.120914402604583,9.7706951974585,71.0090093607162,-0.8850394515091944,119.06495269539056,355.9557820459742,1.274,1.0241984712898409,0.0,2.688358580888252,165.0000707061107,0.0708922898015773,4.075303664738677e-07,-0.0515452667556982,-0.0664490723376764,0.0038582736712088,4.105458929580916,16.309848274685084,23.476819865514884,26.468302957188932
0.76,31.222198832714408,131.01042716370358,12.243109345403472,0.1422472426543104,-4.026491942818954,28.39047838689996,2.0464391791780363,1.8888091703646168,349.2703242098581,24.40036556840604,9.89248592144135,70.9788566055891,-0.994151005272322,118.94955008656191,364.24342185276686,1.274,1.0241522053390697,0.0,2.696959238319179,165.0000707061107,0.0717137910960539,3.922761130712793e-07,-0.0516291929720191,-0.0705110147812953,0.0039092430633582,4.0289996677370326,16.174512477620397,23.768406164145052,28.52673792134604
0.77,31.22219838690213,131.01042806900932,12.474707340643072,0.1719731348124128,-3.94598695803024,26.503769465694283,2.1649212296793463,1.872543520794824,331.76876669606884,24.69143802865816,10.018206570100856,70.94853945537369,-1.1096458173597743,118.82737396207804,372.9770934801127,1.274,1.0241065975906936,0.0,2.7053701171735365,165.0000707061107,0.0725694559934471,3.749207893183689e-07,-0.0517465312184056,-0.0745880537590993,0.0039647788897167,3.9497267067656914,16.0379125664435,24.072093724017247,26.657889996371722
0.78,31.222197936030057,131.01042898446357,12.708574466513952,0.2009371349341474,-3.8708150849783527,21.654551041728364,2.2819060898035044,1.8573478330751567,286.8734378128874,24.94404051529072,10.131492380599028,70.91802489630463,-1.2315133544516244,118.6984328224404,380.63896630506025,1.274,1.0240588105546735,0.0,2.7138220217191087,165.0000707061107,0.0733120616357727,3.554787039595281e-07,-0.0518980630199919,-0.0786782592073137,0.0040169788448465,3.876019054213012,15.928482788628388,24.33647671816032,21.853521848766857
0.79,31.22219748061657,131.01042990898733,12.94436573218674,0.2296840884444739,-3.8041229494020232,31.043297455582582,2.3942949831910982,1.844522359415204,373.6203323159581,25.133540818486985,10.224226779734591,70.8872786998698,-1.3597388596932356,118.56273958960676,386.4356259883284,1.274,1.0240083170932772,0.0,2.722229185081196,165.0000707061107,0.0738692111326539,3.339678584774164e-07,-0.0520838777838261,-0.0827717845004307,0.0040618954978851,3.811040363660637,15.859180161168752,24.53642950889231,31.190082207597605
0.8,31.22219702157409,131.01043084063696,13.181466198853752,0.2559016057099792,-3.7113322442011145,31.458907611923703,2.523856160829538,1.8219484282692104,377.42502064505805,25.487815916178345,10.371087082324088,70.85626594291833,-1.4942902262513589,118.42032549350532,397.3975268984093,1.274,1.0239625010683884,0.0,2.730579534740149,165.0000707061107,0.0749106504825918,3.104125257362292e-07,-0.0523038620489611,-0.0868547993694264,0.004136454480249,3.720131858519892,15.701551622675757,24.90524879885116,31.612532548522285
0.81,31.22219655359469,131.0104317910578,13.42351081110224,0.2815572251706818,-3.6239742117367535,20.26365199986557,2.651665479557237,1.8004248821291953,273.9374926939922,25.8015501341918,10.504817481070049,70.82495127350785,-1.6351114815813828,118.2712469848408,407.2315517987888,1.274,1.0239149950770308,0.0,2.73885224133594,165.0000707061107,0.0758329465539562,2.8483642178915613e-07,-0.0525597021679026,-0.0909498877092422,0.0042077552400848,3.63488071536081,15.57241995347042,25.2326770787004,20.5155660887854
0.82,31.222196081190525,131.0104327504938,13.66743232148852,0.308283780055051,-3.5595187101504293,26.199709288612905,2.7629943775223538,1.7869606571597407,328.725004432774,25.94567517658104,10.582916333310942,70.79329730676946,-1.7821826649740449,118.11552232837724,411.7841270804335,1.274,1.0238644186635044,0.0,2.7471587488243294,165.0000707061107,0.0762567521485941,2.5725982662609014e-07,-0.0528515297113462,-0.0950461051595141,0.0042546529491299,3.572826617113904,15.539737533424924,25.386906879866263,26.40553224474535
0.83,31.222195607154976,131.01043371278251,13.911315464184296,0.3324254944255226,-3.4736149700101007,33.45342154796749,2.890295093265568,1.764626611450622,395.6875032246518,26.23459801776333,10.708754444260446,70.76126603282802,-1.9354644171879345,117.95319026169405,420.9963254009432,1.274,1.0238188483711983,0.0,2.7554060437644927,165.0000707061107,0.0771061354102885,2.277125626394133e-07,-0.0531776374678717,-0.0991128808544956,0.004328474701016,3.489465896964279,15.432455867720083,25.689298040458013,33.62438290987673
0.84,31.222195124811265,131.0104346927859,14.1597659351478,0.3546136355250447,-3.376494882826484,20.43378330356713,3.028072664123731,1.7367763231411486,275.45937482564227,26.60259249340516,10.86082120050152,70.72882038849204,-2.0948660017324694,117.784343887781,432.8795193016084,1.274,1.0237739661568126,0.0,2.763532912777635,165.0000707061107,0.078187927541774,1.9623094143855578e-07,-0.0535398792379787,-0.1031686002012913,0.0044189838822718,3.39504387580012,15.288584144771647,26.0725208523414,20.72981225561331
0.85,31.222194635745545,131.01043568715508,14.411719537312615,0.3791215781812067,-3.3081494279308115,22.334123906508616,3.1402517815968767,1.7204597616130233,292.9609323393965,26.739500211304616,10.936755339771656,70.69592133753349,-2.2603255114908256,117.60904571525424,437.3359490924822,1.274,1.0237227741398531,0.0,2.771692877195999,165.0000707061107,0.0785905376975605,1.6284522005586066e-07,-0.0539397231895844,-0.1072204004900501,0.0044747889723053,3.329778679141243,15.269728193239985,26.22014598742312,22.619333626666183
0.86,31.22219414662656,131.01043668092606,14.662560524263764,0.4014616904093918,-3.2266096512342988,28.108697689474848,3.2632509304894817,1.6979052467967517,346.2265619465616,26.96991079593564,11.043662506071888,70.66252824454679,-2.431791122337316,117.42734749524332,444.8946311217348,1.274,1.023674789281455,0.0,2.7798489488430915,165.0000707061107,0.0792679658573953,1.275890871454857e-07,-0.0543739050972078,-0.1112291533702149,0.0045495677121774,3.2514628885020693,15.205316742824904,26.463343988433856,28.34837869545151
0.87,31.222193650386103,131.01043769009962,14.91720843523346,0.4218868115512047,-3.1346245353088293,26.1303894835754,3.396246101872008,1.6698213401007496,327.9640783669946,27.2774132268822,11.176219883881448,70.6286027883529,-2.6091458752325765,117.23936995279372,455.0864343749089,1.274,1.0236288969245204,0.0,2.787852948967587,165.0000707061107,0.0801719845864803,9.05088924476458e-08,-0.0548437441137553,-0.1152046299830055,0.0046410874986334,3.1628597569381998,15.10547831836723,26.78527314870424,26.403030989939097
0.88,31.222193148069163,131.0104387124973,15.174968418251996,0.4423046473625923,-3.048644749282013,22.502082190706087,3.522494985137397,1.643779543659318,294.4828134710421,27.526535660544024,11.28957911927646,70.59410529935792,-2.792287390122067,117.04521830746556,463.4254574064494,1.274,1.0235805388426191,0.0,2.7958629177839645,165.0000707061107,0.0809044241981841,5.16476731492058e-08,-0.0553507911319417,-0.1191530430270915,0.0047266573103717,3.0805329973847675,15.039178093135432,27.047881597547885,22.83536040936869
0.89,31.22219264206899,131.010439742711,15.434179149237108,0.4626408409081092,-2.9664620834938225,24.732396327854108,3.642834597584251,1.619078788168895,315.02813424808807,27.731269379912007,11.388314657233447,70.55899469487436,-2.9811218119398126,116.84498868152792,470.33301102181633,1.274,1.0235293752791452,0.0,2.803847237490384,165.0000707061107,0.0815064042472368,1.1047677319463162e-08,-0.0558939749634504,-0.1230611908581079,0.0048084229503777,3.002289552413666,14.998345954420236,27.265506757944088,25.0516084941807
0.9,31.22219213206525,131.01044078152285,15.695075115706002,0.4812983917366376,-2.877487980737253,27.37424036810331,3.769714101088155,1.590195879386151,339.3781423542166,27.98761577648479,11.504320192798888,70.52323057847597,-3.1755324215697995,116.6388013826362,479.05666529144565,1.274,1.0234837388140003,0.0,2.8117648014600336,165.0000707061107,0.0822600873076902,-3.1242858073112554e-08,-0.0564723417384845,-0.1269182268530451,0.0049029643374506,2.917428736435717,14.935190981115689,27.53581100198384,27.678303832956537
0.91,31.222191616305704,131.01044183314283,15.958918584025128,0.4985895934764547,-2.784657667580701,20.68616845341863,3.900437830061617,1.5583492165596504,277.7421810230785,28.2724952870574,11.629971758945462,70.48677325242167,-3.375383618674457,116.4267966953062,488.8463275866727,1.274,1.023436404813438,0.0,2.8196238612548234,165.0000707061107,0.0830976412103879,-7.517049056475585e-08,-0.0570868128430323,-0.1307262588952508,0.0050066354147831,2.8289068814224154,14.86170191719661,27.835254465400297,21.108278774692643
0.92,31.22219109526704,131.01044289660732,16.22539983048577,0.5171305215350726,-2.702137239057224,24.7341733678534,4.01459738243085,1.531943281451142,315.0281342480675,28.444073992914426,11.717969891020882,70.4495823218185,-3.580541765034737,116.20911277513233,494.7850411062527,1.274,1.0233859136578225,0.0,2.827462586515508,165.0000707061107,0.0836021913863655,-1.206819189044637e-07,-0.0577378973994441,-0.1344838912165895,0.0050943370968562,2.75114000704197,14.846126896641817,28.01978059278416,25.10464448168172
0.93,31.222190572053005,131.01044396460048,16.4923122160871,0.53306519402504,-2.609418911149445,29.52457412897969,4.141288038774245,1.4987075682907984,359.16250706547066,28.70978997663872,11.837513558501568,70.41161708376306,-3.79086949736904,115.98589167866965,504.05956457531687,1.274,1.0233407575091376,0.0,2.8352715148819234,165.0000707061107,0.084383432038683,-1.6772426528058933e-07,-0.0584228340764904,-0.1381714547287093,0.0052027914581986,2.6632741246818123,14.788150998102472,28.30004509295674,29.851245677407896
0.94,31.222190042183392,131.0104450479647,16.76289534413139,0.5471635213473335,-2.511236140812399,21.260325564431536,4.2751447150453,1.4609562647635463,283.06875048378083,29.02717597837933,11.97450658939852,70.37283920888108,-4.006196786063812,115.75731010175824,515.2525085823695,1.274,1.0232914783978162,0.0,2.842987196257788,165.0000707061107,0.0853165492165177,-2.162332208555028e-07,-0.0591434452959734,-0.1417959329186265,0.0053250526051241,2.570117339565749,14.709294007129603,28.6328382106392,21.735056904635716
0.95,31.22218950668321,131.01044614445303,17.036451523081844,0.563262071042217,-2.4252940332992,27.7074367072304,4.3856628748226845,1.4309439881739712,342.421873617488,29.196892921054552,12.062178713033624,70.33320922327405,-4.226363448312592,115.5235342547916,521.2816141934909,1.274,1.0232418269359267,0.0,2.850703859090679,165.0000707061107,0.0858156453911366,-2.6614697245301737e-07,-0.0599008175586716,-0.145358039014113,0.0054246344003642,2.489804369038429,14.702694641624236,28.816042382038027,28.088853455313334
0.96,31.222188969623684,131.01044724416025,17.31003128864078,0.575708134436669,-2.326788209006263,27.12645500628724,4.515995520320347,1.391102562580609,337.09533515678265,29.50459813951847,12.196273562510644,70.29268718724633,-4.451209050945118,115.28473057760483,532.3130703691659,1.274,1.0231951201821403,0.0,2.8584007921118286,165.0000707061107,0.0867203217135627,-3.1740862721997253e-07,-0.0606907798209697,-0.1488347828033449,0.0055539516845584,2.396914892706286,14.63462915227219,29.139207554215,27.53495856338444
0.97,31.22218842481492,131.0104483624953,17.588186555720934,0.5881571212915784,-2.230964492046237,17.11815072133672,4.6387676644230895,1.352405447511157,245.0218871929888,29.77151092928339,12.316837414146448,70.2512368770255,-4.680535849242773,115.04110513112316,541.9732758966312,1.274,1.0231476260761452,0.0,2.865996102225833,165.0000707061107,0.0875051101005895,-3.699433608393244e-07,-0.0615163851621056,-0.1522368889584179,0.0056802801737868,2.3071533367766364,14.58866850046851,29.421160392243006,17.787024766873067
0.98,31.22218787646588,131.01044948919522,17.867863799966095,0.6027482273116977,-2.145513088395008,25.22421571270052,4.735779925030913,1.3219019252459214,319.593746642963,29.891419103205784,12.388035859598965,70.2088202673933,-4.914161912217149,114.79284716128468,546.3331115957484,1.274,1.0230935628253934,0.0,2.8736167443370992,165.0000707061107,0.0878578242171768,-4.236857782314083e-07,-0.0623761814725269,-0.1555537811099146,0.0057827141778659,2.228533600629896,14.611938694342804,29.554481451873485,25.6989512338372
0.99,31.22218732673287,131.01045061879657,18.147462903952377,0.6129573208666196,-2.0465170356562905,27.619705713903446,4.858411898677916,1.2791192714236284,341.66094855170127,30.182931964331807,12.517203324816723,70.16540115763334,-5.151887788093112,114.54016453109196,557.0262249324779,1.274,1.0230490803133316,0.0,2.8811784353200154,165.0000707061107,0.088714928111943,-4.785711789014965e-07,-0.0632653739913464,-0.1587648091461288,0.0059221888284706,2.1363026140488084,14.55959288569552,29.861534170607182,28.07291320847149
1.0,31.22218676925196,131.01045176771063,18.431766528942447,0.6224413580909353,-1.9474182730887528,24.637545434131457,4.97845517312054,1.235197617548644,314.2672081822764,30.469977283243047,12.64505929989838,70.12094781095395,-5.393481434395811,114.2832997797842,567.6559510200904,1.274,1.022999484445133,0.0,2.888639807616725,165.0000707061107,0.0895589109425623,-5.345120492734576e-07,-0.0641881956753853,-0.1618826530946136,0.006065549985059,2.0444368341478136,14.51223219293708,30.16413643090371,25.16583744054746
1.01,31.222186207844672,131.0104529263814,18.71795994493708,0.632151459046495,-1.8516264397516071,25.79373276551765,5.086600805186619,1.1937141684820047,324.92031610370094,30.70045085031269,12.753953402850788,70.07542618272426,-5.638729932813888,114.02247514300348,576.2600379678232,1.274,1.0229507481225095,0.0,2.89612921749129,165.0000707061107,0.090236622002065,-5.914331761438957e-07,-0.0651440090325849,-0.1649008737441921,0.0062022631078382,1.956526721260194,14.492447758058567,30.40964867380352,26.317581789486255
1.02,31.222185642913697,131.01045409381828,19.005751459376985,0.6402923115801908,-1.753267535658408,21.40137720781746,5.197578945203481,1.1487624962069016,284.59063161543185,30.963272725310578,12.873969247268844,70.02880375603489,-5.887409961479519,113.75792396468675,586.1526176300952,1.274,1.0229039803623294,0.0,2.903571658325019,165.0000707061107,0.0910094194909062,-6.49259910697277e-07,-0.0661301910148578,-0.1678084480192221,0.0063498809246773,1.8664922510453144,14.460702633292131,30.68791308295912,22.053422150668652
1.03,31.222185072828776,131.0104552744864,19.29641527777279,0.649129028930085,-1.6585326119061274,17.340011713716148,5.293008164008264,1.1074925744418267,247.3046933904342,31.15458614676137,12.96986492930858,69.98105107933394,-6.139281228839221,113.48989770522093,593.4017758082947,1.274,1.022853416101322,0.0,2.9109604736656505,165.0000707061107,0.0915720416308559,-7.079078344433472e-07,-0.0671468834705938,-0.1706026753738924,0.0064871608860238,1.781005677219076,14.462269061757343,30.894100834512404,18.163658261994335
1.04,31.222184500124325,131.01045646176095,19.58803331445964,0.6579800593074941,-1.5652234789010062,28.023203839129035,5.377855072151033,1.0678997819073837,345.4656368807608,31.307069386621,13.052670259785838,69.93213982975902,-6.394099426368953,113.21865217742922,599.20790792754,1.274,1.0228049544826707,0.0,2.918328942332636,165.0000707061107,0.0920205353155359,-7.672987459918775e-07,-0.0681909684327775,-0.1732720391139522,0.006620090585841,1.6978676603461056,14.482241863228674,31.06123523740497,28.55453884289912
1.05,31.222183924400746,131.0104576567865,19.880928609095847,0.6620688400869257,-1.4621983226335886,16.582818267251007,5.49154408493661,1.0143154224395488,240.4562587980608,31.64014491799469,13.197181665846191,69.88204535376262,-6.651603316248877,112.9444613234267,612.0084455656064,1.274,1.022755494436122,0.0,2.925629081169318,165.0000707061107,0.0929998480371657,-8.273486845145476e-07,-0.0692601760497259,-0.1758087687746344,0.0067952352405216,1.6050744279335465,14.425999757367586,31.410488272902924,17.497878554204068
1.06,31.222183341307183,131.01045887181036,20.17855908089584,0.6702482667001141,-1.3697333209563416,23.95724954246532,5.560689635788854,0.9757179199146055,308.1796836557233,31.74841718378904,13.265137891167171,69.8307461185615,-6.911520911568696,112.66761067209636,616.1865712303409,1.274,1.0227013895379469,0.0,2.9328705476629446,165.0000707061107,0.0933184060094395,-8.87951654641697e-07,-0.0703594815523261,-0.1782214272139429,0.0069265142978179,1.5248988571696942,14.46797427190745,31.53328047050016,24.613473958886154
1.07,31.22218275908253,131.01046008406297,20.47445976259849,0.6738313286163496,-1.2693320739016638,28.34579352267951,5.6563312633679885,0.9238824444564346,348.5093681440431,32.02454421143324,13.390638490543491,69.77821852307703,-7.173593713154276,112.38837151758416,626.9337418988953,1.274,1.0226540159946436,0.0,2.9401387670735204,165.0000707061107,0.0941303429418766,-9.490405367156576e-07,-0.0714803953889052,-0.1804886668514536,0.007097862576319,1.43707281919402,14.439499676743871,31.825174304934578,28.91939924276624
1.08,31.222182169510887,131.01046131676196,20.7751751639594,0.6759950228145131,-1.167776408166444,18.8040624981336,5.753404892363921,0.8685642554653304,261.0015785751465,32.3297569056795,13.526349418578548,69.72444677818395,-7.437533199374294,112.1070473357198,638.9223260555658,1.274,1.0226061614050743,0.0,2.9472767447264703,165.0000707061107,0.0950277827906022,-1.0105045330547312e-06,-0.0726272644014528,-0.1826172223847771,0.0072802662881188,1.3492989779422595,14.40080965432002,32.1463357161321,19.683720129971967
1.09,31.22218157576626,131.01046256128663,21.078243622376583,0.6808048550469576,-1.0724980728362368,17.225181506717693,5.815114843774937,0.8245964324260179,246.54375332456465,32.47005516792535,13.605629901799624,69.6694136909267,-7.703062227826109,111.82392966174038,644.4609349006481,1.274,1.0225512795791307,0.0,2.954443667463764,165.0000707061107,0.0954404918949496,-1.0722470520161932e-06,-0.0738000573240648,-0.1846028713513478,0.0074297161685529,1.2703122572454824,14.432789898241746,32.30159740256072,18.19896694491285
1.1,31.222180981155656,131.01046380805758,21.380991019673896,0.6842586590322532,-0.976002478421798,35.39166124092956,5.876250498903107,0.7780128574068362,413.1890617384087,32.63448329427848,13.693327265802692,69.61310399942866,-7.969899108172222,111.53931509251404,650.985622560661,1.274,1.0224981043155532,0.0,2.961580085147088,165.0000707061107,0.0959241295632485,-1.1341920150948503e-06,-0.074991639764749,-0.186431400658834,0.0075876879098397,1.1919502765599268,14.455545084291549,32.48118059776804,35.88461103766996
1.11,31.222180382498088,131.01046506647597,21.686027613103345,0.6807842460765711,-0.8709296824863785,25.67406121825063,5.985935711660482,0.7083910801713706,324.1593910379213,33.079363831860086,13.877978592513148,69.55550932240001,-8.237744282354193,111.25351953928036,668.8357655312516,1.274,1.0224548851875197,0.0,2.9686246443970288,165.0000707061107,0.0972321233256409,-1.1962392538620564e-06,-0.0762015120702084,-0.1881001773560637,0.007814980207467,1.105418474936051,14.363350386230533,32.942563785510565,26.372156978621973
1.12,31.2221797749576,131.01046635151332,21.99744470277827,0.6814799861688737,-0.7732454193136011,9.152571029031122,6.0454708348562765,0.6560884050064802,172.7328179403806,33.287814925117566,13.98127241554052,69.49662360313911,-8.506297206848668,110.96686025297568,677.2714630854397,1.274,1.0223979224661404,0.0,2.975639610585444,165.0000707061107,0.0978451797491161,-1.2582538901243382e-06,-0.0774382058765634,-0.1896163653959808,0.0079916181523743,1.0306770853572451,14.370499977302009,33.16635750566657,10.988527019202419
1.13,31.222179167792977,131.01046763540745,22.30758005748157,0.6855002386263696,-0.6804030032534093,30.40619410617883,6.0607884323673,0.619270940793569,367.5328077894322,33.297155782616954,14.015717406291351,69.43643714586534,-8.775269332392739,110.67964195624069,677.6314271068168,1.274,1.0223460397860296,0.0,2.982717491597369,165.0000707061107,0.0978729785049325,-1.3201674240373697e-06,-0.0786917478732834,-0.1909641444678116,0.0081230204522329,0.9658347344735576,14.45968050432037,33.19028084078801,31.010535192780093
1.14,31.22217856036953,131.0104689197777,22.616909292486906,0.6801820778758529,-0.5786776651056021,16.445821973693253,6.147912316018966,0.5490018947356885,239.6953177322812,33.70796587761253,14.189634880233728,69.37494915648159,-9.0443537004228,110.39218936258516,694.4347596147564,1.274,1.0223022138470996,0.0,2.989684964562848,165.0000707061107,0.0990808511484456,-1.3819076396941424e-06,-0.0799532094480894,-0.19213345092386,0.0083548135159908,0.8930284250048153,14.385505685862787,33.61706894790376,17.565969637805164
1.15,31.22217794247704,131.01047023697052,22.93420108303495,0.6807788927528396,-0.4836561379789491,16.19515461569996,6.167833972140642,0.5038674944079664,237.4125115347709,33.80326927673512,14.254127798201027,69.31216681413908,-9.31323430476102,110.10483723761868,698.3458137605195,1.274,1.0222426194541194,0.0,2.996555987253153,165.0000707061107,0.0993613407522029,-1.4433139889405127e-06,-0.0812356175072487,-0.1931322902065394,0.0085125616189309,0.8350881104391967,14.440452351548856,33.72729765049867,17.33721694466101
1.16,31.222177327546248,131.01047154484405,23.24800017030004,0.6790277382048376,-0.3877662407122681,43.777017810344304,6.194282780997142,0.4528231392780788,490.043774385954,33.964681356942,14.341782136547428,69.24809116019239,-9.581608292249005,109.81790664508644,705.0097497558878,1.274,1.02219674531104,0.0,3.0035156734510453,165.0000707061107,0.0998361490053841,-1.5043309784792e-06,-0.0825261237411755,-0.1939482180511979,0.0086888235664075,0.7819426366380402,14.468700970534652,33.90377164326336,44.21539863366184
1.17,31.22217670780938,131.0104728681232,23.56499843208181,0.6679229888151297,-0.2873103460202815,7.034598153558301,6.295422747640389,0.3651867072471692,153.70937929500428,34.54115615463027,14.574819935291728,69.18273375296927,-9.84916182083928,109.5317308434268,729.1225838531683,1.274,1.022149394360584,0.0,3.0103187932137323,165.0000707061107,0.1015310084159917,-1.5648463950751143e-06,-0.0838251322632187,-0.1945800884403929,0.0089751120860013,0.7270932640253454,14.331938979895364,34.49602574014944,9.447289562869551
1.18,31.22217607731232,131.01047422714998,23.89057718947913,0.6700291404188485,-0.1949455512607148,20.83696934035049,6.255177911197492,0.3364555454792749,280.0250182204742,34.42874346090083,14.5669266054222,69.11610811073906,-10.11558423997248,109.2466401259586,724.36185723226,1.274,1.0220864142162576,0.0,3.01711535461173,165.0000707061107,0.1012009519779211,-1.6246860315017145e-06,-0.0851459905240315,-0.1950275306273773,0.0090865821326011,0.6978116397368289,14.469984065408145,34.39812154439937,21.75821096334722
1.19,31.22217545553777,131.01047555720305,24.207470686018137,0.6632289546559883,-0.0997886261263357,37.04510773564356,6.284477381137452,0.2734440595405712,428.40781305479993,34.70710274332423,14.69623556654848,69.04822225733454,-10.380565933777651,108.96296409832428,736.099854010027,1.274,1.0220468515919483,0.0,3.024018633710407,165.0000707061107,0.1020195350079264,-1.6838603341352428e-06,-0.0864618502348457,-0.1952811272766028,0.009301325623686,0.6706936494688435,14.452421399244948,34.69142799051112,37.57538336135993
1.2,31.222174823202938,131.01047692298351,24.53288629909349,0.6523868249011978,-0.0050014427511611,3.023985691273903,6.340564244848985,0.193853144556478,117.18437413578772,35.15969267096387,14.887289990936516,68.97910251602744,-10.643795936358655,108.68103437526617,755.3992931125755,1.274,1.021993001444649,0.0,3.0306642407842497,165.0000707061107,0.1033502766390619,-1.7422005363706627e-06,-0.0877846102112786,-0.1953406505750439,0.0095664728288118,0.652405995260999,14.36749455821941,35.15890704617465,7.027433631542963
1.21,31.222174185457806,131.01047830806192,24.862383769748494,0.6522095573286592,0.087490323324724,29.565538517860823,6.2740433701796485,0.1675550626698475,359.92343213123,35.02102151627576,14.87001035409928,68.90877054375103,-10.90496568234756,108.40118048666372,749.4286769954773,1.274,1.021934467415424,0.0,3.0374154264408806,165.0000707061107,0.1029430420318735,-1.7995667218509128e-06,-0.0891189929437615,-0.1951999508589263,0.0096732791645041,0.6580513146594478,14.514304141583764,35.03476445878585,30.22437365374233
1.22,31.222173554490595,131.01047966955218,25.18473415243476,0.6401212529861116,0.1790643764955369,21.15418907350981,6.310763058801112,0.0891310301440208,283.06875048383864,35.4506014932554,15.05379861894557,68.83724805945668,-11.163762258403944,108.12373715170555,767.9031640482874,1.274,1.0218964691729235,0.0,3.044177525129268,165.0000707061107,0.1042061561111595,-1.8559640146351424e-06,-0.0904416007508998,-0.1948625478803282,0.0099369485827882,0.6646938659102247,14.437885292114016,35.4787288139534,22.07562887173693
1.23,31.222172910647497,131.0104810771335,25.51814108910764,0.6324152463418656,0.2700052820918221,7.671550139256522,6.289391105246259,0.0341799946698877,159.796873821485,35.62142942236694,15.146275867894191,68.76457170403731,-11.41989080090834,107.84902037097812,775.2968464005481,1.274,1.021840167284974,0.0,3.050724096808048,165.0000707061107,0.104708694509311,-1.911183879451683e-06,-0.0917704655954505,-0.1943187043469232,0.0101312157279017,0.6876401206406538,14.46283734232223,35.66384159592113,9.920196081021441
1.24,31.22217226907341,131.01048247722153,25.84860095271576,0.6267579830607253,0.3608276562694041,35.97860297214921,6.229701134961348,-0.0053337357107969,418.51563019911424,35.63211231510993,15.181957490545235,68.69077095734296,-11.673043715093458,107.57736032209912,775.7373153241346,1.274,1.0217868165759083,0.0,3.0574092544331983,165.0000707061107,0.1047404873370666,-1.965169302248021e-06,-0.093094817974458,-0.1935698532124015,0.0102801765863243,0.7231991244671552,14.549142527258516,35.68879061617059,36.51395728358157
1.25,31.222171626945816,131.0104838795583,26.178682251247128,0.6113520477849974,0.4463766738353753,16.90463432691404,6.256292168593928,-0.0921204372981629,244.2609461271705,36.13484736222425,15.393314606608872,68.61588323178199,-11.922925302375855,107.30907506241948,797.7562665560758,1.274,1.0217479393649098,0.0,3.0639655665688985,165.0000707061107,0.1062186711764787,-2.0178533643890414e-06,-0.0944067838386469,-0.1926203142655574,0.0105718052959021,0.756964926195891,14.444584677661574,36.20496333689263,18.025435905976263
1.26,31.22217097419624,131.01048532236152,26.518155282752733,0.6029576258743352,0.5345923767651397,9.579702870893652,6.192915553387272,-0.1377674345603933,177.29844633527966,36.21002943611128,15.452326383217638,68.53995175360343,-12.16925527880522,107.0444667351936,801.0532168038501,1.274,1.02168769711718,0.0,3.0704477016427005,165.0000707061107,0.1064400772653062,-2.0690331734129844e-06,-0.0957212182779802,-0.1914521342054028,0.0107409491794342,0.8058140962736179,14.504327362313973,36.294001791887176,11.407974842715047
1.27,31.222170325756537,131.0104867495812,26.852647140518776,0.5939009594159521,0.6218235526659011,34.57410868960163,6.119293649826616,-0.1813239053321712,405.5796860802705,36.27071656601594,15.5062297683462,68.46301532888732,-12.411730161104533,106.78386298936856,803.7147333754574,1.274,1.0216417608642272,0.0,3.077046609546737,165.0000707061107,0.1066188707288962,-2.118692302919567e-06,-0.0970214472579739,-0.1900786240664361,0.0109047445442835,0.8598657056516035,14.568493102688752,36.36839046381784,35.111929949973415
1.28,31.222169674410846,131.01048818839715,27.189121994962093,0.5771487294270394,0.7012043498680541,10.574767390876282,6.114086928434214,-0.2658127272162281,186.4296881251072,36.74295507375679,15.708379850984349,68.38512237301582,-12.6500776386788,106.527558676504,824.7527734649667,1.274,1.021596487298184,0.0,3.083483733685206,165.0000707061107,0.108007440277316,-2.166740649524268e-06,-0.0983046348132758,-0.1885017293011368,0.0111924625659965,0.908169348551317,14.474835072170526,36.85309724596612,12.217954851182771
1.29,31.2221690144126,131.01048966223206,27.533435527047345,0.5678681796134045,0.7869961612019262,17.999891493079122,6.01038866421374,-0.3012794957920352,254.15312898270548,36.730308855488914,15.73619591792974,68.30632426786761,-12.88403609544642,106.2758377916888,824.157883226375,1.274,1.021537906890682,0.0,3.0898923968979144,165.0000707061107,0.1079706857505622,-2.212988724040915e-06,-0.0995822766764816,-0.1866998232146828,0.0113336511602782,0.9704725377384718,14.564500509883928,36.85392603620871,18.979242213326533
1.3,31.22216835958565,131.01049111629484,27.871779701712168,0.5539518895476006,0.8667546778911496,26.42111767724785,5.941303419576573,-0.3595295382330348,331.0078106303023,36.948995784276285,15.847740055985032,68.22667024193791,-13.113316945005394,106.02901396912512,833.9738246709343,1.274,1.0214993775327004,0.0,3.0963701614058854,165.0000707061107,0.1086139422871939,-2.257444939979296e-06,-0.1008365030413506,-0.1846984211548042,0.0115443506631353,1.0286413168697062,14.565064998548989,37.08514009783834,27.083275413570515
1.31,31.22216769828974,131.01049259731687,28.21588572611272,0.538111788755314,0.9425978413728427,4.4963880227284525,5.879321321109299,-0.4267111074897432,130.881252320483,37.25689140423609,15.99203546395928,68.1462178424236,-13.33768028520984,105.78734916785284,847.9026974043686,1.274,1.0214458746532016,0.0,3.102673221697588,165.0000707061107,0.1095194465289449,-2.29996870268449e-06,-0.1020722405843953,-0.1824855965618613,0.0117828134668894,1.0853703808526425,14.531163795689764,37.40494764814851,7.413906312939313
1.32,31.22216703376864,131.01049409288126,28.5625905773678,0.5273188991493895,1.0251836726512331,31.44462284334768,5.74323977367641,-0.4543413470215219,376.66406457918,37.19384858226844,16.001743842061853,68.06502469623452,-13.556874902811064,105.5511181455304,845.0074887535696,1.274,1.0213907112113347,0.0,3.1090229438795047,165.0000707061107,0.1093345552083269,-2.3404436652974847e-06,-0.1032902915609105,-0.1800548138528326,0.0119028482253677,1.152838717584952,14.63513151207553,37.35487546445968,31.968039272340974
1.33,31.22216637256141,131.01049557542197,28.905083619946108,0.5080771739110312,1.0926301186225071,14.261799281359096,5.688848197269336,-0.5354151222712298,219.91093802105664,37.64453241893703,16.199006769418045,67.98315014668155,-13.77064726770843,105.32059881899356,865.5812608948365,1.274,1.0213547178302491,0.0,3.115360092371048,165.0000707061107,0.1106598073184126,-2.37886946847266e-06,-0.1044773439415121,-0.1774342101477368,0.0121851257466607,1.2049695836101677,14.544801988368071,37.81615195419082,15.363872620745921
1.34,31.222165701276488,131.01049710212732,29.257438985585868,0.4941240671295681,1.168427190664632,8.599800561859228,5.557523496946962,-0.5740778725079247,168.16718954544748,37.702805430504434,16.25326215277156,67.90065835008107,-13.978793905504348,105.09601582518766,868.2337517107768,1.274,1.0212928388838676,0.0,3.1215569264644225,165.0000707061107,0.1108315473189275,-2.41503903378337e-06,-0.1056459869857793,-0.1745867018776256,0.0123400794538415,1.2686003493542042,14.599733147423224,37.88632882348407,10.255349946568137
1.35,31.22216503397486,131.01049861294555,29.604883533571847,0.4793970144730934,1.2421371941825348,37.40177260283916,5.419167367154612,-0.6114910233622811,430.6906502522,37.76199662164992,16.3079620585392,67.81761243920785,-14.181062715203907,104.8776468346766,870.9329734019805,1.274,1.0212455175861788,0.0,3.1278572323812748,165.0000707061107,0.1110059816352614,-2.448956407516119e-06,-0.1067831421437453,-0.1715442491843169,0.0124920707033442,1.3314241624378418,14.652303138669774,37.95709579238365,37.797273579709106
1.36,31.22216436415808,131.01050013580533,29.954275523106915,0.4579415038116425,1.2991735784031788,10.361301548312214,5.347728510396857,-0.698258674117502,184.14688192766988,38.2813811645027,16.53243301609269,67.73407941156842,-14.377256356947155,104.66571110274415,895.0255945675353,1.274,1.0212038946068211,0.0,3.1340126554287644,165.0000707061107,0.1125332194250573,-2.480547819704232e-06,-0.1078866412115998,-0.1683110345043248,0.0127943280634149,1.377507337744311,14.533039313361028,38.48543738604854,11.68085335803634
1.37,31.22216368583821,131.01050169837376,30.31225352804714,0.443177958704556,1.3713269064062057,13.549988935301297,5.177795587148328,-0.723735481903307,213.0625034286327,38.25123186799725,16.554595136113694,67.65012755323156,-14.567189890062838,104.46041507596156,893.5856265987937,1.274,1.02114497632441,0.0,3.140147940125817,165.0000707061107,0.1124450458632845,-2.509616602732325e-06,-0.108966323503123,-0.1648466420947709,0.0129117467746764,1.4411476961903464,14.61438898423357,38.46661882949277,14.523620772274596
1.38,31.22216301317261,131.01050323675636,30.66338058441085,0.4253867601329587,1.4349445791112665,32.517187866120125,5.030029429922544,-0.7678720774883983,385.7953213690772,38.4039645088474,16.64454783786909,67.56582606268631,-14.750626326220251,104.26202201417608,900.7054529669011,1.274,1.0211044521907275,0.0,3.1463778415786874,165.0000707061107,0.1128944730222719,-2.5362178541518736e-06,-0.1100059026587888,-0.1612053614582834,0.0130865351135796,1.4966569433302348,14.626337617852014,38.62934151408828,32.91289003284007
1.39,31.2221623353906,131.01050479994768,31.019463885126,0.4040497531370081,1.4863481979288018,6.13349584581523,4.9142869162466365,-0.8409896074404856,145.3390625710013,38.82512248316847,16.834698745064554,67.48124598059086,-14.927413384350125,104.07070423583684,920.537499802114,1.274,1.0210556629341383,0.0,3.152412958507548,165.0000707061107,0.1141329915969971,-2.5602425210942604e-06,-0.1110076433475499,-0.1573742342251011,0.0133500682749881,1.5402761260706748,14.538783181181202,39.05857132605652,7.904255227764882
1.4,31.222161652308326,131.01050638985697,31.3808785363341,0.3878742301549996,1.55298886516717,24.61623859079784,4.71643228409196,-0.8573667112473047,313.5062531163733,38.75574770385016,16.84248715150575,67.39645920652946,-15.097385649168288,103.88664875723568,917.2188613907936,1.274,1.0209980751672216,0.0,3.15847895016212,165.0000707061107,0.1139295174792189,-2.581547691667976e-06,-0.1119757045028982,-0.1533273676559795,0.0134419604660909,1.600682351088468,14.627123463509731,38.99966075591325,25.078656533535938
1.41,31.222160973948547,131.0105079589258,31.736328011664007,0.3666089947703143,1.6012888970904504,14.683443765309548,4.571110982818941,-0.9185284109828074,222.9546852843992,39.09526247858648,17.003305645889807,67.31153941094533,-15.260346905671897,103.71007646180084,933.3277375751773,1.274,1.020963149414977,0.0,3.164583226682623,165.0000707061107,0.1149280435351611,-2.600191900019911e-06,-0.1128971308908644,-0.1491223456567092,0.0136708304834927,1.6427091319652858,14.564965321127826,39.34675960758062,15.405916748705296
1.42,31.2221602876954,131.0105095676641,32.10013246208792,0.3476414744082685,1.656211316052301,6.762554294291816,4.383012776075104,-0.950550186053264,150.66563203169656,39.193371080550655,17.074078944610193,67.22655900971425,-15.41618671048088,103.54111586915748,937.9851568644244,1.274,1.0209052114783703,0.0,3.170537441418062,165.0000707061107,0.1152169257467488,-2.616014103685603e-06,-0.1137781742820826,-0.14471865306822,0.0138116085378741,1.6922933714646111,14.5877351859291,39.45349191703996,8.114584846724334
1.43,31.22215960341769,131.01051116870337,32.46108866499068,0.3288685039626096,1.7110874799163491,38.298277230622496,4.17936284777449,-0.9726142083015764,437.5390698445324,39.22221325964762,17.118956963653304,67.1415928911043,-15.56474293695811,103.37995190445208,939.3336059406664,1.274,1.0208540818336955,0.0,3.1765542591692606,165.0000707061107,0.1153021829811203,-2.6290152050397467e-06,-0.1146124643761757,-0.1401484481396146,0.0139226391637061,1.7423956788771942,14.632632913827134,39.49095030212099,38.53791757535902
1.44,31.222158918189955,131.010512776088,32.8225189727734,0.3049960595121012,1.7414618044754833,10.55060876614404,4.0345818183877205,-1.0525176287657003,184.90782199347723,39.763344382085,17.357684235671332,67.05671445955663,-15.705902035854333,103.2267172760898,965.3980013806892,1.274,1.0208135402731948,0.0,3.182474670513164,165.0000707061107,0.1168934318738622,-2.6391680213719923e-06,-0.1153970614817699,-0.1354270499289872,0.0142108545429364,1.767960170897232,14.492317524696466,40.03685044684696,11.344645836003995
1.45,31.222158224410894,131.0105144285782,33.19339650307715,0.2859362720512551,1.7930890965630784,9.655942753713983,3.807936930516554,-1.063693161909657,176.53750626942457,39.730693295359735,17.37972667354548,66.97199601418268,-15.839574697742014,103.08151874647888,963.7788657747552,1.274,1.0207499579462165,0.0,3.1883562487242805,165.0000707061107,0.1167979354819716,-2.646284840633601e-06,-0.1161383358291184,-0.1304956464309522,0.0142898874173942,1.8157371413375176,14.5533406259674,40.01230509849513,10.434033605106261
1.46,31.22215753632703,131.01051605423743,33.557017213213605,0.2653320535926724,1.836250738220044,38.5354386433041,3.5918694241366755,-1.0872611348588948,439.0609509762296,39.82311833127505,17.4493354671317,66.88751499784206,-15.965595977863911,102.94454553956932,968.2343101391556,1.274,1.0207098371838443,0.0,3.194334594230982,165.0000707061107,0.1170701216088605,-2.650462550322812e-06,-0.1168253007803336,-0.1254326728820232,0.0144073486226427,1.85531500486338,14.567178786164025,40.11150654889037,38.717743918871065
1.47,31.22215684438377,131.0105177015063,33.92461113221844,0.2412761967770039,1.8567853256897824,0.7347471370723087,3.418027034524345,-1.1605465780679467,95.11718822711856,40.352852136304094,17.686219608613754,66.80334223789565,-16.08390950139524,102.81586930833764,994.1297574479032,1.274,1.0206581239454915,0.0,3.200129937048976,165.0000707061107,0.1186279002249213,-2.6516402818178934e-06,-0.1174580954297267,-0.1202303459282804,0.0146775559893814,1.872390335437205,14.425427185933962,40.64446424441581,3.6836979414768067
1.48,31.222156145366142,131.01051938802314,34.30014703849849,0.2220749640152242,1.9060253196748915,24.86713939510546,3.157902845488357,-1.147356463221675,314.26720818216694,40.1713548269383,17.65156402475646,66.71954891424973,-16.194450511400994,102.69557101717623,985.1716152261594,1.274,1.0205939603223877,0.0,3.2059447226602567,165.0000707061107,0.1180948413819312,-2.6496597100344624e-06,-0.1180403337815918,-0.114835171001487,0.0146834393493112,1.91891417607011,14.528967984731564,40.470697365438745,25.09309464635333
1.49,31.22215545379244,131.01052103754023,34.6661960411213,0.1988392702059087,1.9267352751901567,22.95933844095065,2.951466851604664,-1.1972652976159983,296.7656196685963,40.54034464313197,17.828246351683152,66.63621192099673,-16.297086318574273,102.58380576586065,1003.317832857486,1.274,1.020560550889276,0.0,3.211839879217932,165.0000707061107,0.1191800817346563,-2.644673010687825e-06,-0.1185623588169196,-0.1093521273404244,0.0148833220590047,1.936964370250694,14.437964331535738,40.84293847434236,23.17921099638879
1.5,31.222154752975843,131.010522738263,35.04286104982463,0.17661784650097,1.951084216842172,3.1428713725232846,2.721776243127709,-1.2271348041939218,116.42344106993176,40.75998007030952,17.94809065059681,66.5533959456223,-16.39182334715892,102.48057747945748,1014.1819287027488,1.274,1.0204979156004923,0.0,3.2175175103615765,165.0000707061107,0.1198262731292585,-2.6365198475240192e-06,-0.1190278058306286,-0.1037135120694016,0.0150221566363483,1.959058811405452,14.396554101409905,41.06639643453226,4.334924014275779
1.51,31.222154052987715,131.01052443708767,35.41802959245767,0.1556744138959709,1.9854379910742128,35.41307715650077,2.4607615268665444,-1.2199881820736391,409.384373409308,40.69183693147364,17.956995678829383,66.4711734067759,-16.478581077840364,102.38598482708332,1010.757280349074,1.274,1.0204428898184188,0.0,3.2233133491119803,165.0000707061107,0.1196264523836397,-2.625208098902485e-06,-0.1194340408694301,-0.0979468037731929,0.0150476839978542,1.991529271329747,14.450606313089038,41.0036463900824,35.51942781280102
1.52,31.222153354703067,131.01052612883984,35.79057794372421,0.1317892764013713,1.98880112400618,11.39292228027419,2.2454229193671886,-1.2803256183384213,190.99531651999905,41.20629015050867,18.192070662341884,66.3896127570488,-16.557315582400363,102.30008676129924,1036.4390666201436,1.274,1.02040340295591,0.0,3.229044628391627,165.0000707061107,0.1211393588404874,-2.6108027015540976e-06,-0.119777810790139,-0.0921033722590101,0.0152812395153494,1.9931611445499384,14.302878110948956,41.51862757112059,11.682458468154774
1.53,31.22215264737954,131.0105278724272,36.17370120381888,0.1102596485009704,2.0134906498203904,13.435129736147855,1.9801207287500104,-1.27534927183717,209.25781509953936,41.199194478481374,18.224969437252582,66.30877474658804,-16.628048668955568,102.222870585623,1036.0440121244949,1.274,1.02033978413276,0.0,3.234676623006687,165.0000707061107,0.1211190225919487,-2.593142224762939e-06,-0.120060486451036,-0.0861067418401122,0.015314101890617,2.0165060828144847,14.329263375927509,41.515407755493726,13.640018507785298
1.54,31.222151945205304,131.01052959019958,36.5499969959232,0.0879307989574167,2.027430518740025,28.125020211316063,1.7237349003504208,-1.2857742074542402,342.4218736175491,41.342493547741626,18.31666809649502,66.22873053496869,-16.690705275785934,102.15442927949832,1043.225965671625,1.274,1.0202990032694612,0.0,3.240415183608546,165.0000707061107,0.1215408151278673,-2.5723463995705218e-06,-0.1202789248941536,-0.0800424160661323,0.0153947702420848,2.029335631774748,14.30155863516337,41.66089513292171,28.20711327318302
1.55,31.22215123902076,131.0105313324835,36.930715609712095,0.0650831761551916,2.027870737114472,3.928545437582291,1.4765149797520976,-1.3188002171894024,122.51094359649728,41.69560024711692,18.491004034032684,66.14953784545338,-16.74531792088368,102.09473840560914,1061.0836616658498,1.274,1.0202459959056072,0.0,3.246013117846126,165.0000707061107,0.1225794233841732,-2.548385886238477e-06,-0.1204323010417491,-0.0738988402839785,0.0155454871049076,2.028914433244353,14.20104512255237,42.01407093834097,4.399181714073629
1.56,31.222150528985622,131.0105330988475,37.315703429066325,0.043452892433442,2.0456532749465937,26.679340466552738,1.197861922867383,-1.296361449212746,328.7250044327359,41.61233811710865,18.494349879968496,66.07125533537092,-16.79190352236171,102.04379042810469,1056.8110345096309,1.274,1.020190002307219,0.0,3.25162276229414,165.0000707061107,0.1223351756336259,-2.5212084884078955e-06,-0.1205196118232466,-0.0676532979689222,0.0155251175881811,2.046114530713315,14.242243824179686,41.93360031812289,26.737663209852485
1.57,31.222149822884013,131.01053484559347,37.69531500511963,0.0208429321176742,2.0376587000455766,13.62189081092551,0.9432896601110352,-1.3267978563877358,210.0187561654679,41.990794917039125,18.67985776929596,65.9939445645711,-16.830449825882948,102.00160959432525,1076.082215246218,1.274,1.0201537513763184,0.0,3.257239845680433,165.0000707061107,0.1234483212527666,-2.4909348213691464e-06,-0.1205407093266359,-0.0613826616874464,0.0156684867147195,2.0377652520645984,14.127579881392808,42.3108021303506,13.718822733724798
1.58,31.2221491092358,131.01053663736272,38.08377338955932,-0.0009851143456324,2.041024794231092,4.931546520440473,0.668522562870627,-1.3169761811556688,130.881252320448,42.059610375879245,18.74352428650648,65.9176531237731,-16.861037638648792,101.968118222656,1079.5718251547005,1.274,1.0200939958503294,0.0,3.2627432905120446,165.0000707061107,0.1236511733562677,-2.457471720144341e-06,-0.1204933632543322,-0.0550275606881172,0.0156874146754506,2.041025031866354,14.111706099567252,42.38014599913666,5.14796073820178
1.59,31.222148398315007,131.0105384162678,38.4683498381451,-0.0227055364264166,2.0438306425106343,32.97821844502202,0.3908781346737195,-1.296439573480073,385.03439630319735,42.06313873372331,18.78142346265881,65.84243812768324,-16.88367316520018,101.94332002512547,1079.7130636391896,1.274,1.0200449608608335,0.0,3.2683219179977323,165.0000707061107,0.1236620832384601,-2.420911253336468e-06,-0.1203784313548219,-0.0486453203932738,0.0156731869095851,2.0439567064793858,14.113526656776168,42.38411481859896,33.00600601544273
1.6,31.222147686567634,131.0105402022781,38.85343824051722,-0.0443843952174164,2.0210878723785246,8.922112250119586,0.1282483238585583,-1.3286405830899677,166.64532341388792,42.53031348338728,19.00421339657472,65.76834532598326,-16.89843020119089,101.9271445018604,1103.7891003082757,1.274,1.0200031395015845,0.0,3.273791797508181,165.0000707061107,0.1250360811785727,-2.38130575768466e-06,-0.1201962278332902,-0.042257753045439,0.0158226896215303,2.0215749665215643,13.962245302486044,42.847719389737705,9.021409004991414
1.61,31.222146967750767,131.01054203111065,39.24676532541529,-0.0657308147240435,2.01850071635948,12.480076007251215,-0.1534331847947837,-1.2976711918596304,198.60469217811743,42.49648432654678,19.027613532680792,65.6954152225103,-16.905405904873696,101.91949523555806,1101.9922135451177,1.274,1.0199415818075563,0.0,3.279236722561605,165.0000707061107,0.1249371806149471,-2.338576737373412e-06,-0.1199426125182514,-0.0358049381451885,0.0157761483146044,2.0195702251640806,13.968992144269569,42.81348409586564,12.548298267539948
1.62,31.22214625371112,131.0105438351897,39.633669166317965,-0.0868659053126438,2.0041373925041768,23.16592654062333,-0.429204269635942,-1.2845342346559545,295.2437695369254,42.63594425108424,19.12048415887832,65.62369905040785,-16.90462303418598,101.92035705955908,1109.1956191086651,1.274,1.0199044935167498,0.0,3.284742115920269,165.0000707061107,0.1253477321214613,-2.2928740264265896e-06,-0.1196218890055835,-0.0293746279582883,0.0157850103017321,2.0060182690756205,13.916875289185944,42.9506892247805,23.205482046073367
1.63,31.2221455356238,131.01054566481022,40.02504293479718,-0.1074052625592127,1.9798081865954893,4.388310700265681,-0.7034249998765367,-1.2852504564627365,124.79374979392456,42.91760848907047,19.270910472854723,65.55322975529583,-16.896206056623097,101.9296029463732,1123.8570369123588,1.274,1.0198508909558723,0.0,3.290111186160074,165.0000707061107,0.1261763696074044,-2.2442114387050565e-06,-0.1192322973485993,-0.0229529286626302,0.0158369454556319,1.982718274117642,13.816892562795452,43.22853414944901,4.626439912973608
1.64,31.22214481470945,131.01054751305105,40.419353059873714,-0.1280880668687035,1.9673017607984,33.38801201832496,-0.9812439548275708,-1.2432113085902048,387.31720250059215,42.864134771514735,19.28665844461437,65.48404213374073,-16.880259460038907,101.94712736620608,1121.0157397800851,1.274,1.0197952888626935,0.0,3.295512305386669,165.0000707061107,0.1260197195801234,-2.19260496737676e-06,-0.1187721958772793,-0.016529320702339,0.0157555797363398,1.971465526679116,13.818995854070844,43.17309709241502,33.42555550162935
1.65,31.222144096610062,131.01054934760924,40.80967649084084,-0.1474105468936804,1.927518292902345,9.30559106169354,-1.255230940110444,-1.2604373486484008,168.92813061136275,43.339013623695855,19.51625108495681,65.41617227145503,-16.856872002699262,101.9728416726117,1145.9491415438995,1.274,1.0197593008024797,0.0,3.30089158437364,165.0000707061107,0.1274164155830072,-2.138185517200484e-06,-0.1182467339397973,-0.0101663166984523,0.0158590594941336,1.93314470243954,13.653439245624442,43.64173038147506,9.47408739828534
1.66,31.22214336997957,131.0105512332133,41.20984484327381,-0.1673798188143421,1.9070205613094249,7.573837722589791,-1.5298502267009129,-1.2149715129643313,152.94843822909812,43.307740017092016,19.541237199163632,65.34964183763766,-16.826201727538777,102.00658068448648,1144.251894827667,1.274,1.0196919392499948,0.0,3.306180984513556,165.0000707061107,0.1273250465846445,-2.080901657155965e-06,-0.117647535093124,-0.0037979637665636,0.0157667036658839,1.9143492572566116,13.641538768325423,43.6072388012428,7.821739917791679
1.67,31.22214264837996,131.0105530924801,41.60333684382923,-0.186794282090461,1.878810215465598,39.60957961184258,-1.8003327716018966,-1.1777673350229692,442.8656393053132,43.370605196057774,19.60452754883893,65.28448669659979,-16.788326718455426,102.04826664527228,1147.5328894892991,1.274,1.0196499065833502,0.0,3.311570561757477,165.0000707061107,0.1275104370649114,-2.020920282464872e-06,-0.1169837374651478,0.0024898037355964,0.0156999079150531,1.888069761005306,13.597229915331212,43.66567512759968,39.667961014033054
1.68,31.222141923740107,131.0105549713222,41.9999436417644,-0.2039983732981072,1.8267352316827368,-0.1184337392379294,-2.0765481792620952,-1.1938863981107397,82.94219117406084,43.92222967349404,19.867652728987288,65.22072239282478,-16.743420427593204,102.09771648616145,1176.8642835077746,1.274,1.0195989728578725,0.0,3.3168071396931422,165.0000707061107,0.129132802123263,-1.9583038294085182e-06,-0.1162545400533388,0.0086978775759544,0.0157998833225012,1.838086733915236,13.402590419241156,44.20912396241156,2.3982167589649683
1.69,31.222141191442606,131.01055689568744,42.40511431044799,-0.2234118300359201,1.8031074945892984,24.62491380048945,-2.3371231512341577,-1.1197753188652433,306.6578325240348,43.71793820817522,19.82212008367397,65.15836400084275,-16.69165106947949,102.15475237327368,1165.896665874399,1.274,1.0195388727265873,0.0,3.322059655291465,165.0000707061107,0.1285327664153056,-1.8930285130894184e-06,-0.1154503301962465,0.0148839161118779,0.0156169967981202,1.81689102709148,13.43202888053642,44.00112292271121,24.760905093923974
1.7,31.222140467176946,131.01055877690231,42.80011503951404,-0.2401254878411765,1.7528405880802056,12.36895829571016,-2.60577971622987,-1.1079708798691414,195.56094491494264,44.08294015909705,20.010113259446623,65.09744026618,-16.633117702825796,102.21927212281872,1185.4011300712768,1.274,1.0195034752811478,0.0,3.3273783075702656,165.0000707061107,0.1296064670492817,-1.8253190731447943e-06,-0.1145883949932078,0.020929073541334,0.0156292225125221,1.769206711351957,13.288694780140164,44.35823276806864,12.68892496317833
1.71,31.22213973331344,131.0105607141463,43.20586661606183,-0.2573951192032241,1.712053074434137,7.181840053046798,-2.8623448547435286,-1.0581550332783,148.3828098342142,44.14038743248443,20.072105171160374,65.0379501628613,-16.568049847538692,102.29102938263156,1188.4463463390412,1.274,1.019440158853484,0.0,3.332517635553853,165.0000707061107,0.1297759599293015,-1.7551659466072274e-06,-0.1136565372250165,0.0268990955336227,0.0155217188536385,1.7312880342712758,13.233869114561031,44.40927608251991,7.803302934621736
1.72,31.22213900260604,131.0105626357087,43.60725666061822,-0.2742468041408114,1.66864369314814,30.751912900028216,-3.111645759443245,-1.0038748025285011,361.44531326295765,44.18110980958344,20.127319110747145,64.97990923722331,-16.49659914592905,102.36986303432836,1190.5942712435276,1.274,1.0193972980578831,0.0,3.3377728032101635,165.0000707061107,0.1298962753278411,-1.6827146628789365e-06,-0.1126638350544506,0.0327410975484025,0.0153997493236209,1.6910238966623614,13.180721921494088,44.443182697330656,30.925236473830473
1.73,31.22213827030742,131.01056456812333,44.00987344153904,-0.2883821877620035,1.608297305226971,4.69197184888189,-3.3721283395315784,-0.988692105676462,125.55469085976384,44.60101738762904,20.33972266727076,64.92331881062356,-16.418972206782136,102.45555086899104,1213.2862463604877,1.274,1.0193490180016624,0.0,3.342908292544456,165.0000707061107,0.1311314358991793,-1.6080723674208247e-06,-0.1116122974279096,0.0384404023957086,0.0154004180562143,1.6339408387396168,13.01554358881767,44.85361496300713,5.862027076771234
1.74,31.222137531464544,131.01056653841303,44.41934190688887,-0.3045964064760177,1.5637475467157396,24.57257287645856,-3.6035086205168296,-0.9145816714651344,305.1359513924,44.51223324933261,20.341590578955863,64.86817620279585,-16.3353878438981,102.54785666017256,1208.413094353068,1.274,1.019287185688994,0.0,3.348034543426364,165.0000707061107,0.1308710066869326,-1.5312797257494532e-06,-0.1104930287470186,0.0440333957600919,0.0152150320063757,1.5931297257349406,12.993752960170802,44.75783564608568,24.852224684739713
1.75,31.222136797823907,131.0105684819532,44.822176082787806,-0.3177042967681829,1.5013208178844857,15.665388338935736,-3.8496937572705936,-0.8844983957061293,224.4765664159356,44.8516379364682,20.521625295523663,64.8144889841011,-16.24602107654105,102.64659196992795,1226.864096992285,1.274,1.019252468535406,0.0,3.3532065791781287,165.0000707061107,0.1318694946505566,-1.4525239202789928e-06,-0.1093221921633095,0.0494450170788741,0.0151680040140998,1.5345608871958385,12.847784966816858,45.08743787366856,16.1557070797424
1.76,31.222136056164373,131.01057047082352,45.233391232979685,-0.3313662979411545,1.444492728174772,4.238193296455652,-4.076673603399905,-0.8263470411174563,120.98906246482512,44.95801800720963,20.60496757199649,64.76224356038806,-16.151125244355775,102.7514813966233,1232.6420914170587,1.274,1.0191936262454135,0.0,3.358249028473269,165.0000707061107,0.1321828792130418,-1.3718579302781345e-06,-0.1080887940553222,0.0547142518469202,0.0150318509770595,1.482005263253568,12.765460955364516,45.184894358722346,5.9383835779732825
1.77,31.22213531629639,131.01057245150497,45.64184558758296,-0.3451618030675362,1.3890157755143988,32.03542888573771,-4.2864445043459485,-0.7525261472776579,372.098451184325,44.93742894990606,20.63535118411064,64.71143837319427,-16.050907778132267,102.86229967385376,1231.465004463964,1.274,1.0191481207359632,0.0,3.3633762454769367,165.0000707061107,0.13212295379029,-1.2894308801919155e-06,-0.1068020087795247,0.0598027295737833,0.0148455136347844,1.4312505561079798,12.715678465378817,45.155593666351145,32.32968614113555
1.78,31.2221345762694,131.01057443465777,46.04976809834376,-0.354932476569957,1.3166807398700455,3.669550571512404,-4.520116709360009,-0.7257515511621431,115.66250100416036,45.390705341059146,20.864546572544107,64.66206070011161,-15.945613937765664,102.97877923790568,1256.3842115827952,1.274,1.019103442137101,0.0,3.368404719683451,165.0000707061107,0.1334562707539727,-1.2053858902910208e-06,-0.1054682489675125,0.0646853147694825,0.0148074143037566,1.363672635456506,12.533822247065716,45.59751086459928,5.867177496644943
1.79,31.222133827917528,131.01057646322,46.46602487570021,-0.3677446798062194,1.2589433863278987,21.878910634256645,-4.705257605742292,-0.6379293437059743,280.0250182204488,45.2795876485103,20.857101175168538,64.61409048806752,-15.835512302311306,103.10062622495032,1250.1904020580937,1.274,1.0190394627332136,0.0,3.373408082296152,165.0000707061107,0.1331301918178363,-1.119790423323118e-06,-0.1040740793148792,0.0694010888225744,0.0145753243584846,1.3115459712669415,12.503526118627974,45.47732610095312,22.388236498789833
1.8,31.222133085883605,131.01057845984286,46.87463755011813,-0.3768467823568408,1.1872378302194573,14.38879453949936,-4.911310608286707,-0.5904710897455491,212.30156236291745,45.58323759019864,21.0243271617336,64.56752135689094,-15.720826833890024,103.22759557814716,1266.964703301354,1.274,1.0190060176822393,0.0,3.3784672588295885,165.0000707061107,0.1340235959794396,-1.0328408072005562e-06,-0.1026410899193739,0.073881881065447,0.0144704673051623,1.2456030013058754,12.35946341494289,45.76971512720723,15.215355280072215
1.81,31.22213233553496,131.0105805009983,47.29138390402403,-0.3864602371293229,1.1192703615272828,7.324726806740768,-5.0918977631976885,-0.520087902432471,148.38280983421114,45.68350589574108,21.106099817634146,64.5223248786284,-15.601850108665896,103.35936588492476,1272.493688826729,1.274,1.0189412567677756,0.0,3.3833978719742683,165.0000707061107,0.1343190363443464,-9.446291017958304e-07,-0.1011573702912999,0.0781569735530276,0.0142920884625548,1.184102469512456,12.268198464074784,45.85930929098342,8.935856816808394
1.82,31.222131586753008,131.01058253502583,47.705612594704526,-0.3957720625592484,1.050944634115632,32.27567628259361,-5.2552408676175615,-0.4412333381549539,373.6203323159791,45.71521119026222,21.15898697225404,64.47848417597507,-15.478841308748231,103.49565215837632,1274.2098487463306,1.274,1.0188974073925765,0.0,3.388398403198121,165.0000707061107,0.1344128851692212,-8.553136268272176e-07,-0.0996329469850524,0.0821980518290608,0.0140859180315094,1.122988237962828,12.19291541801632,45.88028393066883,32.70369280271194
1.83,31.22213083689864,131.0105845756173,48.120150435253535,-0.4009919763666099,0.9716435192400146,2.0218938983629293,-5.444050219967608,-0.4000205681948202,100.4437496878242,46.15640639864785,21.38571585041833,64.43597317215078,-15.352086046306228,103.63613970804296,1298.871452749455,1.274,1.0188490462400648,0.0,3.393317173212804,165.0000707061107,0.1357107323719484,-7.650439737322825e-07,-0.0980733361743903,0.0859897326813053,0.0139986799886589,1.051128098342207,12.010327383723558,46.30902449034693,5.821147154019173
1.84,31.22213007896607,131.01058665764486,48.542139911359605,-0.4098292457727575,0.9034991680288388,26.395193992710936,-5.569050596518304,-0.3013843922646974,320.3547027087523,46.019122708949325,21.36703342688789,64.39476123205012,-15.221883020314984,103.78049889822036,1291.1040744865832,1.274,1.018789729565498,0.0,3.3982253450887905,165.0000707061107,0.1353077306106093,-6.739310066350922e-07,-0.0964660340730997,0.0895547167303775,0.0137277478671916,0.992097190429185,11.974807530524686,46.16103814471168,26.977980336031923
1.85,31.22212932774187,131.0105887069504,48.95638705481612,-0.4136822644638231,0.8234283655244423,9.10975453848832,-5.730038480547268,-0.2500307918025175,164.3625022164291,46.398612198272765,21.56837693936467,64.3548288692127,-15.088505914023576,103.92842733796184,1312.433395377081,1.274,1.0187549487161311,0.0,3.403160463677757,165.0000707061107,0.1364241627219031,-5.821661225593347e-07,-0.0948360783195027,0.0928410492856546,0.0136065437341261,0.9214963412195284,11.806906848338537,46.52795157104494,10.76491914214456
1.86,31.22212856603052,131.0105908087099,49.380328575214016,-0.4195838886967164,0.7494631632668607,8.611031926986122,-5.842112321744991,-0.1615869459214023,159.79687382143976,46.39703541322132,21.607502185169466,64.31613611704121,-14.952277934871828,104.07956738709775,1312.2907251637191,1.274,1.0186925110645255,0.0,3.407989300650597,165.0000707061107,0.1364201795763651,-4.898664946474178e-07,-0.0931666908194238,0.0958754201469709,0.0133660306036671,0.8589153810005131,11.733746863628756,46.51475745446582,10.407029238382641
1.87,31.222127808661767,131.01059288968008,49.7989836916208,-0.4239368067734405,0.6727710109718598,29.02209336990804,-5.948208578563183,-0.0795561981781707,343.94375574917825,46.47439611626672,21.680381603064983,64.27865730435644,-14.81349438552326,104.23359187702512,1316.6175261009887,1.274,1.0186550082889374,0.0,3.412884019447061,165.0000707061107,0.1366482875047629,-3.9720738599916804e-07,-0.0914761433372601,0.098626298948922,0.0131448512638461,0.795194938000624,11.639618944617672,46.58007231113666,29.625485954738725
1.88,31.222127047731,131.0105949884468,50.22024242220692,-0.4247370574378145,0.5908475579907106,0.9279792383987936,-6.07287056316784,-0.0234804293194393,90.55156683224682,46.86043844608386,21.885690363662583,64.24235333746024,-14.672479071838548,104.39014169142122,1338.5272999701451,1.274,1.0186062845340045,0.0,3.417689766657192,165.0000707061107,0.1377840200012081,-3.043394983002196e-07,-0.0897649247264506,0.1010916335789077,0.0130055735665336,0.7276647647848721,11.469882442405684,46.95324691853274,6.14340733424463
1.89,31.222126280046115,131.01059711952075,50.647052641757135,-0.4289076904544459,0.5152440502776043,25.23226144323448,-6.129440333796528,0.079391505856138,309.70156478730127,46.72310173720072,21.86667564322733,64.20718592565582,-14.529556079562823,104.54885702899576,1330.6384062355137,1.274,1.0185473174752795,0.0,3.422491483278484,165.0000707061107,0.137380870162239,-2.114081109197349e-07,-0.0880242004566786,0.1032791676535486,0.0127154703879771,0.6703978515119585,11.425787493477491,46.80403499251986,25.966196474580393
1.9,31.22212551853028,131.010599221766,51.06696460363028,-0.4279469408136086,0.433019730391197,10.118417495081236,-6.22496074120075,0.1395527123701846,173.49375900627157,47.09081228215104,22.06476142239793,64.17312417539124,-14.385041453761048,104.70938663610782,1351.6105047406863,1.274,1.0185161666180835,0.0,3.427317571514296,165.0000707061107,0.1384627133497492,-1.185874014024562e-07,-0.0862785710898344,0.105160345110864,0.0125608859985964,0.60880307507431,11.260653871165992,47.1588302148358,11.88074003561169
1.91,31.22212474619324,131.0106013745777,51.49614203361087,-0.4288448665672548,0.3542090176464959,8.346756967035105,-6.269063704728988,0.2299458654390667,157.51406662397366,47.11040333949772,22.113225490809583,64.14012110697045,-14.239275127656478,104.8713524799229,1352.679553368837,1.274,1.0184511448030602,0.0,3.432042896441597,165.0000707061107,0.1385209888961411,-2.602457645788616e-08,-0.0845114200730872,0.1067481188391759,0.0123082258213053,0.5562100366331197,11.17764294439588,47.16604200747515,10.441378582434982
1.92,31.222123977826246,131.01060350895008,51.92054588024383,-0.428392462924895,0.2744669592034588,30.12099557041436,-6.3034265416649005,0.3162270936200741,353.8359376048111,47.179048200602296,22.18285410917265,64.1081422941361,-14.092585685794353,105.03438875540476,1356.5690836306414,1.274,1.018414130490209,0.0,3.436824462389977,165.0000707061107,0.1387234934946927,6.611475423071404e-08,-0.082740571289623,0.1080269026815675,0.0120673861113241,0.5087738301084381,11.082667711770837,47.222161204847104,30.77511267069264
1.93,31.222123206054068,131.01060565889918,52.347098007630336,-0.424187670041234,0.192801422104586,-0.6217104525122931,-6.35958687718899,0.3762491799069184,76.85468964750788,47.583253501029496,22.39765125500004,64.07714296456005,-13.945313152825015,105.19811671377064,1379.8568278742189,1.274,1.0183639825866546,0.0,3.441539428345705,165.0000707061107,0.1399126774165906,1.5767338870073576e-07,-0.080968011136297,0.1089945976961642,0.0119095490761554,0.4659473024079525,10.9114182171839,47.61353862043882,6.400971221670823
1.94,31.22212242645543,131.01060784361303,52.77968841608452,-0.4236846092871515,0.1141194429955338,26.14840217347732,-6.338071465517663,0.4811865931358489,318.0718965112636,47.417567382257474,22.366004159909767,64.04707865456943,-13.797798395063031,105.36215639993216,1370.2071908295547,1.274,1.0183069505354043,0.0,3.4462228131539767,165.0000707061107,0.1394261789319987,2.4848792178121e-07,-0.0791839870174055,0.1096520886707052,0.011606099541572,0.438784295570134,10.869339927858777,47.43549321059251,26.90987972223838
1.95,31.22212165413384,131.01060999571024,53.204649314750334,-0.4177573768473462,0.0337796501029302,11.353323494947492,-6.362094393147582,0.5430451427928524,184.9078219934788,47.80722091015452,22.57504417743669,64.01791211134538,-13.650383112435,105.5261266365745,1392.7621632366263,1.274,1.018273988334325,0.0,3.450965007935012,165.0000707061107,0.1405725871517805,3.384064754820905e-07,-0.0774154429499576,0.1099911248856719,0.0114396573951874,0.4191208303707776,10.703337985019123,47.81252700487734,13.02570909683452
1.96,31.22212086933524,131.01061220228613,53.63964689057482,-0.413676376223442,-0.0451076966769009,7.801028632683321,-6.331485798816153,0.631771585559895,152.94843822908177,47.84124843700365,22.629943546352287,63.989591855084576,-13.503410163925397,105.68964480866272,1394.6871942080638,1.274,1.0182128312312066,0.0,3.4555665125398174,165.0000707061107,0.1406733328630415,4.272604169102018e-07,-0.0756440137380807,0.1100114846210973,0.0111853821741759,0.4161283614329723,10.616946812197869,47.834162937310566,10.066920854207432
1.97,31.222120088783992,131.01061438971183,54.06975508243068,-0.4085495873698154,-0.1236652062500551,20.04341432669952,-6.287598369846399,0.7179508531784085,263.2843857726507,47.896061489229375,22.69386874728977,63.96207822851631,-13.357227195450871,105.85232267917254,1397.827099597954,1.274,1.0181771561434128,0.0,3.4602686508891227,165.0000707061107,0.1408351902527306,5.148999434320404e-07,-0.0738880121627354,0.1097123683187592,0.0109377902129593,0.4268554666233992,10.526324371711016,47.87663621913863,21.018748881886815
1.98,31.222119304902005,131.01061659104087,54.50167796628556,-0.4008470420273914,-0.2008649929845793,0.1735677358397473,-6.2498561045394805,0.7889993941627703,84.46406530566735,48.152413071305766,22.845610849914088,63.935323116933226,-13.212177261748671,106.01377697409367,1412.771521869873,1.274,1.0181261660667749,0.0,3.464866496920012,165.0000707061107,0.1415896656699972,6.011728531164941e-07,-0.0721504989564866,0.109093943257923,0.0107373019992306,0.4483574893345917,10.393516863916751,48.12086133661983,6.3018526744413155
1.99,31.22211851536252,131.01061881560315,54.93730348434383,-0.394966383552419,-0.2783229857641844,27.46815923064748,-6.157909724970243,0.8839931454817723,330.24688556438457,48.04964090560989,22.84087338563093,63.90927842031832,-13.068602129390074,106.17362566149086,1406.6884703890703,1.274,1.01807432356272,0.0,3.4694716789466,165.0000707061107,0.1412881645094081,6.859157941698488e-07,-0.0704278451754912,0.1081530733512705,0.0104581324022051,0.4831779191095177,10.337946705153874,48.005922205177086,28.16382551398773
2.0,31.22211773014857,131.0106210212778,55.36811073319632,-0.3843783499885957,-0.3520654751741252,7.162844823042222,-6.10430974540278,0.9430595793337292,147.6218847684594,48.455756044136095,23.058298903958104,63.883899299814495,-12.926847892981808,106.3314816938373,1430.508357371076,1.274,1.0180381278087391,0.0,3.4740691165291286,165.0000707061107,0.1424830240002803,7.690002082957786e-07,-0.068737849383215,0.1069000088250399,0.010293022421903,0.5212436620535845,10.176928940978206,48.400454076627526,9.458240047544534
2.01,31.222116932829696,131.01062327634975,55.80791718511221,-0.3761467828737464,-0.4270172099136677,11.469189219949731,-5.988563419592703,1.0304976866268796,186.42968812502167,48.42098359303701,23.083181505295407,63.859134028329365,-12.787244177466752,106.48697626573696,1428.3956058796286,1.274,1.0179753184303997,0.0,3.4786008707990552,165.0000707061107,0.1423814835770242,8.502468134939695e-07,-0.0670654319023712,0.1053211130658056,0.0100349584259049,0.5690584154442461,10.109014045673364,48.35390850750832,12.979488382661248
2.02,31.22211614131232,131.01062550650045,56.2416935187213,-0.365888832062766,-0.499388842548171,17.20659945360606,-5.874863071311111,1.1050990878012787,238.17343660066425,48.55245466371471,23.180773048419127,63.83493899718202,-12.650140050538692,106.63971869762456,1436.102921169862,1.274,1.0179425917661091,0.0,3.4831832386107395,165.0000707061107,0.1427687724924892,9.295391238547824e-07,-0.0654308719612147,0.1034342434624015,0.0098165534492834,0.6190803367794554,10.008355140564634,48.474011840966455,18.215441934176358
2.03,31.22211534350427,131.01062776138855,56.67948563013746,-0.3543188056449474,-0.5692668220326778,-1.411784512773064,-5.7520213941091045,1.173953758713946,70.76718712094575,48.74860938330742,23.30678028222944,63.81126313452577,-12.515859026306746,106.7893467016068,1447.6693159511317,1.274,1.01788304359971,0.0,3.487686040032329,165.0000707061107,0.1433462752803547,1.0067289487298557e-06,-0.0638320426383579,0.1012368701903481,0.0096149677882408,0.6705239739769586,9.896699148093775,48.65919063119616,6.037967626312129
2.04,31.22211454235709,131.0106300285015,57.11876487244495,-0.3439565123551066,-0.6407890314885202,33.264051396885684,-5.584529158258863,1.2595068124127635,382.7515591057644,48.63696228251872,23.297766278514004,63.78805755258267,-12.384728190600793,106.93549385671716,1440.9849765023012,1.274,1.0178369862639849,0.0,3.492189248978137,165.0000707061107,0.143018684209223,1.081672541339028e-06,-0.0622706039673109,0.0987295637688669,0.0093578922871194,0.7272631797867274,9.848187381504582,48.53630947511911,33.753080432230334
2.05,31.22211374464237,131.01063228086022,57.55408465044952,-0.3289199952799438,-0.7026408586564593,1.6859463634232812,-5.459847509917924,1.306001047867226,98.92187555617508,49.138643241755936,23.558147944555287,63.76527378459177,-12.257073693024616,107.07779465750188,1470.8037110861608,1.274,1.0177975522444118,0.0,3.496690451286266,165.0000707061107,0.1444946049325388,1.154272089548567e-06,-0.0607609985916524,0.0959356902202251,0.0092248308628987,0.7758138410520529,9.681104546395234,49.02827544020648,5.861568792475905
2.06,31.222112932182988,131.0106345901046,57.99991827434494,-0.3171397287820756,-0.7708573167774901,16.91366489496572,-5.260394755387212,1.3885790295840532,235.89063040316208,48.99348472391236,23.534254892041137,63.742859373468434,-12.133191743211777,107.21591691555228,1462.0641995372105,1.274,1.0177373068522173,0.0,3.501111124240059,165.0000707061107,0.1440684845294188,1.2243369939620906e-06,-0.0592866064141934,0.0928227700260493,0.0089740122499028,0.8335421655774846,9.642441043278176,48.87240239267531,17.767159730331173
2.07,31.22211212964737,131.01063685910492,58.43665258511136,-0.3024052007138162,-0.8312984868100942,12.581381263167962,-5.081624629191654,1.4459198910544948,197.08281104651235,49.234719806585694,23.680356320910644,63.72076812532031,-12.013419721914175,107.34948234505757,1476.435541017967,1.274,1.0177082340332797,0.0,3.5056219359399496,165.0000707061107,0.1447785658493159,1.2918111556390414e-06,-0.0578720840034626,0.0894399569119112,0.0088026634035371,0.8845901099260177,9.531546985040482,49.1041443269414,13.645686046972799
2.08,31.22211131588679,131.0106391704262,58.88096297660549,-0.2877269314851593,-0.8912898548218304,1.1444986882149413,-4.876340759426308,1.5085966035119802,94.35625516127963,49.33501499298503,23.76442170136744,63.69894702600883,-11.898033352637071,107.47818139955672,1482.393593752488,1.274,1.0176484302529338,0.0,3.510000413412297,165.0000707061107,0.1450742196962129,1.3565416362639688e-06,-0.0565086991747948,0.0857676895022155,0.0086124264963128,0.93657766069141,9.45038099585712,49.19501715642229,5.231103149575236
2.09,31.22211050290448,131.01064147717963,59.323385436594656,-0.2731850671103251,-0.9515064893886,25.7728287804608,-4.6465576345792,1.576166612257625,315.7890593138982,49.28556328375478,23.78240044587028,63.6773462311193,-11.78733290451469,107.60167699630163,1479.3603646072636,1.274,1.0176080203317914,0.0,3.514440644772595,165.0000707061107,0.1449295264803749,1.4184324063248734e-06,-0.0552044155787836,0.0818245489828326,0.0084048511088455,0.98994334149244,9.399735517391882,49.13610786384461,26.235729499825432
2.1,31.222109690044807,131.0106437821012,59.76447712401456,-0.2558897808693172,-1.0009568822593216,0.7768773791836181,-4.435869037701762,1.6177281019007987,91.31249989798522,49.66281099265676,23.988775754503514,63.655914285962616,-11.681595819898822,107.71965744051248,1502.0303565398365,1.274,1.0175661763020758,0.0,3.5188195827188222,165.0000707061107,0.1460395916609177,1.4774068313321349e-06,-0.0539665974562767,0.077633256742284,0.0082789336653796,1.0331445196491629,9.272782692726386,49.50558905092175,4.785134981754217
2.11,31.22210886598052,131.01064612778555,60.21283283195436,-0.2403683481498075,-1.0571981512237745,21.18266034771555,-4.176453369301036,1.6822351077754187,274.698448759826,49.54219060514244,23.975175278377403,63.63459870430224,-11.58107222937058,107.83184143958904,1494.6785696029888,1.274,1.0175103157650212,0.0,3.5231749675393567,165.0000707061107,0.145685630314513,1.5333106703424454e-06,-0.0527871101482595,0.0731656590474944,0.0080779738389829,1.0841763309776704,9.240434536945648,49.37613573079117,21.655894742782134
2.12,31.22210804939843,131.01064844374508,60.65423851573801,-0.222462283325957,-1.1016755483693543,7.9529345265100195,-3.934446692280048,1.7208924264026384,155.99218549238682,49.8526908790582,24.15223499472101,63.61334849317877,-11.48604615377938,107.93790972421662,1513.4085298422433,1.274,1.0174791757246142,0.0,3.527556037076293,165.0000707061107,0.1465994299425427,1.5861229352505835e-06,-0.051681853059604,0.06847819113627,0.0079580672118549,1.123909419077229,9.132639435778172,49.67965075151608,9.038280207019392
2.13,31.222107220481824,131.0106508041069,61.1036446520824,-0.2052729987191884,-1.1493509061251634,4.727607583622659,-3.6614655740036657,1.7712135316316937,127.07656399147704,49.862912359785724,24.196385190925177,63.59211047528732,-11.396734058864592,108.03761839933875,1513.963783539737,1.274,1.0174167272994823,0.0,3.531863522831753,165.0000707061107,0.1466302320096208,1.6357040341990397e-06,-0.0506431952498625,0.0635406690252044,0.0077993946779028,1.1675353773028938,9.082361917231452,49.682384849635625,6.236489476378172
2.14,31.222106395399777,131.0106531484932,61.54888156878773,-0.1875282008740384,-1.193602595262136,20.393341324813697,-3.3802031474569807,1.8165459882504924,267.84999916738246,49.891019307360445,24.24839337151284,63.5708321386768,-11.313388322444544,108.13068331201184,1515.6061867385336,1.274,1.0173854188232476,0.0,3.5361988538521127,165.0000707061107,0.1467136229575876,1.682021431391555e-06,-0.0496808936101273,0.0583946002589613,0.0076551789044084,1.208242067676239,9.031942213863216,49.70354221117776,20.751240517999427
2.15,31.222105566802995,131.01065550420162,61.995454904849154,-0.1685651614836808,-1.2285953219111163,-2.923372143022491,-3.1011980080144124,1.8457593272540425,58.59218706787394,50.17031379369916,24.41182994830333,63.54946007672377,-11.236212041396108,108.21687526998616,1532.556891089514,1.274,1.0173355678413605,0.0,3.540493965245569,165.0000707061107,0.1475356833657799,1.7250155281071147e-06,-0.048796958428356,0.0530521800983265,0.007560743313757,1.240103351969009,8.940744017393401,49.97734128086045,4.64439030074538
2.16,31.222104730570884,131.01065788601085,62.4463415148193,-0.1504468462747705,-1.2704933580168287,27.33252224712023,-2.793580472857016,1.891301254082368,330.2468855644542,50.02175142588785,24.385295001863568,63.5279407137222,-11.165393946572268,108.29598101655132,1523.4279973526263,1.274,1.0172814105577237,0.0,3.544747116128599,165.0000707061107,0.147099555590249,1.7645873641061124e-06,-0.0479890111878956,0.0474984126822534,0.0074132183799669,1.2793685616142336,8.927934018963288,49.82219915011056,27.53993254678275
2.17,31.222103900715307,131.0106602428583,62.891263490803205,-0.130625141521696,-1.2948123099906843,5.105779988654,-2.5000818816415986,1.9057048339503315,130.8812523204303,50.44357916099276,24.612198349573664,63.50621957121452,-11.101139967440965,108.3677679354233,1549.163858537266,1.274,1.0172441606949043,0.0,3.549041258329015,165.0000707061107,0.1483407748416446,1.8007615004224283e-06,-0.0472669535993839,0.0417957528582802,0.0073629360525134,1.3013834718889417,8.819719314627873,50.24020783037206,5.9959244176018345
2.18,31.222103055515863,131.0106626534233,63.346057418721365,-0.1116163664869564,-1.3276785278892276,16.633821192656253,-2.1803718577773084,1.938512312837392,234.36874927164385,50.38097775893331,24.62369634506988,63.484242972639336,-11.043582998474644,108.43208495343144,1545.2535982377078,1.274,1.0171857200095027,0.0,3.55323168835686,165.0000707061107,0.1481574422849799,1.833403647413729e-06,-0.0466234693006756,0.0358925053862377,0.0072533679996446,1.332361158529744,8.798773387526262,50.17244516684454,16.88774285967399
2.19,31.22210221794468,131.01066503458532,63.79400233521967,-0.0919502325348502,-1.3497103512572468,7.63338579535759,-1.8622216772932547,1.9537449201142825,153.7093792949252,50.602445048889855,24.761597473439902,63.46195471031791,-10.99291540393011,108.48871433958924,1558.8017366494705,1.274,1.0171571518962312,0.0,3.55750780518548,165.0000707061107,0.148809473276886,1.862559901215241e-06,-0.0460678443873833,0.0298604786174052,0.007198122339114,1.3528382436772586,8.733026285223,50.39045265067934,8.09651576229061
2.2,31.22210137034908,131.010667449913,64.24788417618498,-0.0723542575235101,-1.3730300988741222,-1.2764224269647255,-1.532955411972772,1.973260391358864,73.81094238433616,50.63144336939112,24.813746543724765,63.439300455130045,-10.949245985007956,108.53753169029524,1560.5207304887492,1.274,1.0170998557786803,0.0,3.5616813188947174,165.0000707061107,0.1488955136028153,1.88816384989341e-06,-0.0455976546102135,0.0236813083268892,0.0071284267659945,1.3749348307583429,8.703773825792448,50.415788947768405,2.805880089964799
2.21,31.222100524492124,131.01066985710878,64.69920235591468,-0.0526629926306627,-1.3951458275308286,18.652758195119496,-1.1990265491270369,1.9920578242370544,252.6312628509942,50.57191523270763,24.826344866917296,63.416224082867984,-10.912704113670912,108.57838942074832,1556.785881973022,1.274,1.017063911157005,0.0,3.5658944359966864,165.0000707061107,0.1487212130774166,1.9102355642645807e-06,-0.0452167022112247,0.0173940001913225,0.0070602539321311,1.3961392203924965,8.693043955577027,50.35278789413887,18.79711007911091
2.22,31.2220996778429,131.01067226530287,65.14979586550984,-0.0326542816435293,-1.4040966138194892,-1.549590765323874,-0.8638146979104143,1.9907277374342665,71.52812818679516,50.855883194379885,24.99222492505368,63.39267047351309,-10.88337367480301,108.61119068456092,1574.2498824965014,1.274,1.0170180468140015,0.0,3.570055526650497,165.0000707061107,0.1495570634436677,1.9287983082915143e-06,-0.0449265318281744,0.0110269000906402,0.0070540302206406,1.4044761975858402,8.628777287739762,50.63535028906433,2.666534135707481
2.23,31.222098821635687,131.01067470554298,65.60589219200868,-0.0127061954299955,-1.420308520416384,28.9106864760086,-0.5237571644771324,2.0027197570171484,344.70468081503674,50.73739133039333,24.97833120398665,63.36858547436538,-10.861305553973803,108.63587541264314,1566.8538601690047,1.274,1.0169650895945912,0.0,3.574184779455588,165.0000707061107,0.149209371067092,1.943796670290749e-06,-0.0447257119895727,0.0045528856202512,0.0070058296656862,1.420365342965903,8.635397782652785,50.514312638235886,28.984702870765375
2.24,31.222097971787623,131.0106771213302,66.05616387078497,0.0070330265160793,-1.4173074647468291,6.066696805608077,-0.1781778082072907,1.985028066178808,140.0125091101185,51.176732256617136,25.21382821662923,63.34391141567344,-10.846580452677104,108.6523499914216,1594.0374709346297,1.274,1.0169319352936617,0.0,3.5783475728058614,165.0000707061107,0.1505021576833201,1.955322419935447e-06,-0.0446172676435619,-0.0019596604552048,0.0070490549872098,1.417324910879602,8.553818909890353,50.95412482465662,6.385678811687162
2.25,31.22209710625028,131.01067959073836,66.51625265093108,0.0268833613978987,-1.424113584540292,7.848226080678379,0.1665095976689357,1.9846831853442235,155.99218549271424,51.12137320298937,25.22801624358097,63.31859506450078,-10.8392006545519,108.66060844982036,1590.5203629645243,1.274,1.016872468923552,0.0,3.582421253570141,165.0000707061107,0.150340137331638,1.963295716130349e-06,-0.0445994904495271,-0.008564918485715,0.0070383129421015,1.4243672517846135,8.557603481648725,50.897696996881976,8.096996072973253
2.26,31.22209624849685,131.0106820307019,66.96952805610816,0.046456674573503,-1.4233100029621604,15.820396226457063,0.5127093137507593,1.9732657552436264,227.5203136789536,51.20698616601197,25.305271193929983,63.29257675757141,-10.839228381159824,108.66057750286016,1595.7825656707314,1.274,1.0168442492719274,0.0,3.586579289551456,165.0000707061107,0.1505926829976272,1.967837609005264e-06,-0.0446740681108158,-0.0151820097624224,0.0070615811720445,1.4240678155135738,8.542140019441026,50.98343614723675,15.95122519881532
2.27,31.222095383850444,131.01068449314693,67.4263828096778,0.0657247790394991,-1.4155420602865991,-5.667424660317107,0.8622301104788948,1.952041630953544,35.003127027626924,51.40335401840103,25.432180764392328,63.26580329104888,-10.846633666072844,108.65228694059692,1607.9743706304887,1.274,1.0167983806798395,0.0,3.590627847299966,165.0000707061107,0.1511709538858453,1.9689741292509727e-06,-0.0448402811835932,-0.0218107932701629,0.0071147221743659,1.4170667563981252,8.512756518741826,51.18102381079142,6.055873972661807
2.28,31.22209451459488,131.0106869699669,67.88518901790535,0.0853895555688699,-1.414052903676478,17.089798838999116,1.1986322514691368,1.9425020906291897,238.93437766649944,51.23773700109237,25.396643508974456,63.238220394131325,-10.861385324665076,108.63576773495738,1597.5590874392562,1.274,1.0167504353495855,0.0,3.594708374974527,165.0000707061107,0.1506846755098383,1.966735958583346e-06,-0.0450984796302818,-0.0284478956896217,0.0071323203985191,1.416628218747349,8.545871937075207,51.0156406383459,17.241556136376328
2.29,31.22209365067489,131.01068942608725,68.33895356985323,0.103903695332727,-1.396434562532568,13.17056944130406,1.5483631054235074,1.9077933004741467,203.9312616385213,51.52087481574085,25.5625951858263,63.209772519010485,-10.883446986018772,108.61105648759516,1615.1935031893147,1.274,1.0167229609710744,0.0,3.5987635441348984,165.0000707061107,0.151518130019311,1.961261111018868e-06,-0.0454465800389887,-0.0350292716603733,0.0072267742920825,1.4002940146996234,8.510122587297799,51.301545103217165,13.397798438242871
2.3,31.2220927744676,131.010691923773,68.80008401346052,0.122423048901766,-1.3798212118551687,-6.370112646599689,1.8898920039523643,1.876193181823422,28.91562550103648,51.63159147796575,25.651116985029663,63.18041092077429,-10.912709977458174,108.5782706814582,1622.0710367957995,1.274,1.0166796046015631,0.0,3.602764783807546,165.0000707061107,0.1518445284422404,1.9525408825861707e-06,-0.0458860109251165,-0.04159365549224,0.0073120072869749,1.3852404419791478,8.506225498834352,51.41487061861224,6.9043557101653645
2.31,31.22209189968193,131.01069441461703,69.25893498167949,0.1413688536363836,-1.3669536948729712,5.862831391296816,2.2119493958922463,1.8528918719883096,138.49062797897935,51.468956407875616,25.61658569578324,63.15008043917498,-10.949107153899284,108.53748107679972,1611.7972499491816,1.274,1.0166292836524051,0.0,3.6068036981094007,165.0000707061107,0.1513670158219368,1.9406837570768184e-06,-0.046415002988072,-0.0481012895521724,0.0073726799947616,1.3742429787823025,8.55004657994729,51.25425619272189,6.534425785181417
2.32,31.22209102768852,131.01069689375737,69.7145532143975,0.1591468858965383,-1.342922111703134,19.957460665075352,2.542492161861978,1.811960809827704,264.8062669041958,51.58753712061864,25.708635601606986,63.118729990792175,-10.992526081115477,108.48880905126413,1619.1617966098372,1.274,1.016597384215922,0.0,3.610798189342185,165.0000707061107,0.151716535217031,1.9258395327637447e-06,-0.0470294877915238,-0.0545013035193456,0.0074871693450208,1.3523175999787251,8.552141004692484,51.37661072222513,20.20019070621639
2.33,31.222090147950293,131.01069939860983,70.17436155352001,0.1758634061928084,-1.311484108671196,6.945569047546915,2.8783908201530086,1.7591387589740994,148.38280983394353,51.85643073970776,25.86853647057413,63.08631521260284,-11.04279744660124,108.43243964187144,1636.012813152642,1.274,1.016567734926667,0.0,3.6147542373907458,165.0000707061107,0.1525081309391303,1.9080614173802887e-06,-0.0477306564480474,-0.0608105565494769,0.0076380665910569,1.323220731129522,8.533733808061369,51.65044128640669,7.721439780319976
2.34,31.222089263035887,131.01070192019853,70.63656540031788,0.1929944744271172,-1.2834823456759463,-3.5953624831730626,3.190477247177021,1.7147696950023967,54.0265626730437,51.85984019727445,25.908680865730915,63.052788156122446,-11.099769216328212,108.3685383900268,1636.1552324243323,1.274,1.016528067157413,0.0,3.618706014893192,165.0000707061107,0.1525189543959645,1.887423475879452e-06,-0.0485188676648487,-0.0670289080009748,0.0077643649700589,1.2979089214552568,8.561567091011284,51.65824812281983,5.103548917866982
2.35,31.22208838044772,131.01070443180697,71.09588269743816,0.2100224085033511,-1.254421063040965,7.705787289258387,3.4857222384190325,1.6710993815095927,155.231260426872,51.77030833214438,25.906767857661503,63.01809970928824,-11.16328784742934,108.29727240771906,1630.4387156837674,1.274,1.016490420376218,0.0,3.622678380330671,165.0000707061107,0.1522564326453017,1.8640887892513225e-06,-0.0493885967149105,-0.0731078350354192,0.0078895524534403,1.2718783619031873,8.607808228363478,51.5732800737224,8.62102026523467
2.36,31.22208749717472,131.01070694416575,71.55444200691579,0.2255647579945701,-1.216563464421819,10.416472763281904,3.7889422972152658,1.6122448038075248,179.58125353265888,51.90305277464199,26.005352081874783,62.98220843562582,-11.233146201951593,108.2188688644944,1638.7384043223944,1.274,1.016462064341392,0.0,3.6265828247641294,165.0000707061107,0.1526476246903135,1.838204597366032e-06,-0.0503357965798016,-0.0790208801546155,0.0080611244969773,1.2372948220129598,8.6214642427664,51.71196979131055,11.200817910636037
2.37,31.222086607709983,131.01070947718392,72.01615860503733,0.2405090242829982,-1.1760129162579689,3.267685392334742,4.082059151449954,1.5500957392212256,115.66250100401436,52.02005699195862,26.096881522876025,62.94507749754861,-11.309107973897463,108.13358762930892,1646.0620129067945,1.274,1.016433207789165,0.0,3.63047360745056,165.0000707061107,0.1529925337807773,1.8098635422607755e-06,-0.0513617346412399,-0.0847765261905305,0.0082436017943396,1.200351134733152,8.640858744947245,51.83534228536044,5.453785065435378
2.38,31.222085716678635,131.01071201435911,72.47777489728175,0.2553786937756665,-1.13524194170192,-1.2429934176637307,4.353490527270175,1.4905617968243916,75.33281551589427,52.01640187771648,26.13374296870885,62.90666788757727,-11.390945188536914,108.04167918173752,1645.757650904597,1.274,1.0164037523122171,0.0,3.6343677970290007,165.0000707061107,0.1529825817686509,1.7792042664708113e-06,-0.0524635463228385,-0.0903567017718522,0.0084194781161231,1.163608185201419,8.68284826605005,51.83809015807368,4.766517269195494
2.39,31.22208482556278,131.0107145503335,72.93824303374537,0.2697916393417135,-1.0921949278669396,4.873958320680107,4.609163953159005,1.4294249692841463,130.1203112546363,51.9809432071504,26.156137711176807,62.86694390304802,-11.47840996377054,107.94341635678036,1643.4418770276548,1.274,1.0163753192589244,0.0,3.638234567602359,165.0000707061107,0.152879091493786,1.7463936557501109e-06,-0.053635882907154,-0.0957335877919923,0.008601369032036,1.1250193209458248,8.73300804697122,51.80939201907599,6.858798568382088
2.4,31.22208393320795,131.01071708934288,73.39839471066526,0.2828689553266881,-1.0438850804365138,4.440580056694904,4.86366726818278,1.3587143655997624,126.31563092554283,52.05987277855109,26.230506564502527,62.82587584997487,-11.571224669493755,107.83910544814324,1648.3636396523532,1.274,1.01635122205293,0.0,3.642089199646697,165.0000707061107,0.1531120240729068,1.7115909213417264e-06,-0.0548749003576964,-0.1008900304097831,0.0088130375740424,1.0815276480277063,8.767260446510916,51.8959087649546,6.724590341633922
2.41,31.22208303701718,131.0107196410464,73.86011076519894,0.2954259725623283,-0.9937141941471332,0.6070140193152547,5.101361631285099,1.2868494247429505,92.07344096372884,52.10183861994455,26.288108128960943,62.7834382032387,-11.669093652862768,107.72907309007756,1650.948924250669,1.274,1.0163266715490349,0.0,3.645894545264982,165.0000707061107,0.1532362480947414,1.6749330502850326e-06,-0.0561797541521728,-0.1058232309378594,0.0090294724247196,1.0366945807713874,8.810221496546413,51.94575418464518,5.296068159942268
2.42,31.222082139956445,131.01072219467648,74.32128358425103,0.307537654334317,-0.942141652554736,0.261480322602953,5.318773997065715,1.2153238839314315,89.0296857005307,52.08857735795132,26.3205731637242,62.73960642905551,-11.771718519096884,107.6136491073673,1650.0354367119555,1.274,1.0162999982283445,0.0,3.649712827909652,165.0000707061107,0.1531980436929781,1.6365870492915763e-06,-0.0575462649313675,-0.1105162287336108,0.0092463402228249,0.9910609354468586,8.864764362097803,51.94059276231869,5.462118722055126
2.43,31.222081242147297,131.01072474981893,74.781834303248,0.3188019213351338,-0.8879037514306938,0.8508632132151082,5.52280110819293,1.1404016376464488,94.3562551613016,52.08940939818235,26.35946368873166,62.69436069121987,-11.878783672744593,107.49318282704324,1650.0150735803577,1.274,1.0162756610357788,0.0,3.6534976401228976,165.0000707061107,0.1532012879365091,1.596728597615e-06,-0.0589693412615071,-0.1149521764026796,0.009474727062984,0.9433979016173104,8.919353561080012,51.9499433853869,5.70314090509839
2.44,31.222080342565903,131.01072731038937,75.24252036550801,0.3291998039254858,-0.8312695553073843,-0.2611578291947794,5.712733237142984,1.06243308393372,84.46406530577617,52.10091719119926,26.403249352412267,62.64768654954155,-11.989957031241488,107.36804233047384,1650.6710807525271,1.274,1.0162536485446152,0.0,3.657257714025696,165.0000707061107,0.1532359313028017,1.555525571313366e-06,-0.0604455682257824,-0.1191208936442572,0.0097136307849314,0.8940771669505474,8.97434477530865,51.97034625562648,5.816552974773359
2.45,31.2220794415046,131.01072987543256,75.70315100442147,0.3388970037467971,-0.7729363241193328,-1.542625102119798,5.884377154736446,0.9835243105112246,73.05000131838571,52.092903634878255,26.43813521616838,62.599573417125136,-12.104897258188585,107.23860636420996,1650.0902508395557,1.274,1.0162299790707638,0.0,3.6610140449035233,165.0000707061107,0.1532131596776484,1.513149201463376e-06,-0.0619713212454655,-0.1230125722388375,0.0099568471875639,0.8439637273140653,9.0346087488389,51.97149476356715,6.162216060334211
2.46,31.22207853954477,131.0107324428558,76.16331879907663,0.3478739331352623,-0.7129055695267345,-0.1014558536617557,6.037827957801775,0.9036191144740766,85.98593843730083,52.07134112155284,26.466829339615927,62.550014804566445,-12.2232545506681,107.1052635052052,1648.6515503973508,1.274,1.0162061278609396,0.0,3.6647268107402495,165.0000707061107,0.1531505372661617,1.469778110933578e-06,-0.0635420109174062,-0.1266162775498708,0.0102045303186244,0.7932492541506189,9.099041267245726,51.959361066012,6.105914120121401
2.47,31.22207763665423,131.01073501287507,76.62306314059097,0.3557836067114555,-0.650776876216969,0.9988811159532552,6.178190222723366,0.8202187798729155,95.87812829289147,52.0779004601857,26.50844508154396,62.49900916173363,-12.344670005178385,106.96841292947254,1648.9940249022343,1.274,1.0161822309129516,0.0,3.6684358459585407,165.0000707061107,0.1531706249823618,1.425591970475786e-06,-0.065153221369273,-0.1299224779754867,0.0104641380771253,0.7416785516452468,9.160340216967205,51.97567886545863,6.311937639015363
2.48,31.22207673209517,131.0107375884622,77.08294998134161,0.3627458055823782,-0.5870235384524022,0.9081738135690636,6.302889649368914,0.7346729272476107,95.11718822713544,52.093862263603775,26.554427015810592,62.44655976701639,-12.468777469771268,106.82846238040564,1649.9320363473475,1.274,1.016159459563737,0.0,3.6721147603984967,165.0000707061107,0.1532183676692724,1.380765151276984e-06,-0.0668014984036321,-0.1329251074106449,0.0107316785433473,0.6900554687643541,9.221487045394822,52.00165443500729,6.410221674622878
2.49,31.22207582620197,131.01074016848008,77.54275507621838,0.3688521831601039,-0.5220424430801058,-1.2240998821696845,6.4094714525371295,0.6483099031195271,76.0937485817288,52.10306067054472,26.59735292288416,62.392673893969686,-12.595207399347215,106.68582387027692,1650.4417745667747,1.274,1.0161385795567637,0.0,3.675774258598518,165.0000707061107,0.1532462181227136,1.3354756284775685e-06,-0.0684828420294003,-0.1356174064827738,0.0110032429087676,0.6391998752337233,9.285067205654917,52.02105956993272,6.557442378923287
2.5,31.22207491916608,131.01074275230653,78.00235536516848,0.3742759559537608,-0.4562648382223836,-3.355090678178676,6.494159592573396,0.5632176613073008,57.07031393663212,52.08082044180249,26.625842050911068,62.33736332194522,-12.723586574793956,106.54091404751412,1648.9602055313662,1.274,1.016116623274014,0.0,3.679433106327525,165.0000707061107,0.1531816002994231,1.2899042574063029e-06,-0.0701926343732807,-0.1379926723785616,0.0112726455946389,0.590133148276231,9.35520211999964,52.00915128609312,7.331299776071292
2.51,31.222074011569603,131.0107453377504,78.46133070946945,0.378984920489124,-0.3896644494120794,0.1314528049367077,6.558021426920868,0.4790755935560998,88.26875263458975,52.03737407996228,26.64456659784134,62.28064477887521,-12.853538658233814,106.39415361886256,1646.1375312790644,1.274,1.0160954085662492,0.0,3.68304428084104,165.0000707061107,0.1530546083185854,1.2442352170242063e-06,-0.0719254244330963,-0.1400445690063844,0.0115407791588615,0.5435676026642222,9.4300393375809,51.97616620322032,6.5768106480436295
2.52,31.222073103452,131.0107479247468,78.91966674363523,0.3822777525903455,-0.3217655534575006,-0.9788739473667034,6.612996973738562,0.3898377215683244,78.37656277911502,52.056957919230825,26.69245923756445,62.22254045655816,-12.984685136650526,106.24596633580262,1647.304171928517,1.274,1.0160750944361752,0.0,3.6866499488081694,165.0000707061107,0.1531130020736243,1.1986501192651383e-06,-0.0736762154038464,-0.1417684948246983,0.0118256296897648,0.4996677048085148,9.494469534352588,52.00641536995408,6.69640923396011
2.53,31.222072193264736,131.0107505196905,79.3785667307356,0.3849129712180647,-0.2535586850030997,-0.8108136474240267,6.6452747208475,0.3028990894942354,79.89843691065904,52.04253427328356,26.724687451583502,62.16307761394559,-13.116647394386083,106.096776703018,1646.3187872051712,1.274,1.0160553303537547,0.0,3.690233840149404,165.0000707061107,0.1530713720689046,1.1533175033832317e-06,-0.0754424385365589,-0.1431631412377677,0.0121052334289905,0.4609219401914841,9.565448154071271,52.00270549818509,6.7014060274542615
2.54,31.22207128287135,131.01075311519543,79.83663000372724,0.3865591497855568,-0.1849044242804875,-0.9827081322796346,6.660843365834595,0.2153628412320575,78.37656277918497,52.036254687016495,26.76074591341228,62.10228682782427,-13.249049892826548,105.94700641393236,1645.849005643104,1.274,1.0160347042149982,0.0,3.69379294055568,165.0000707061107,0.1530536942276931,1.1084175539451252e-06,-0.0772185277560196,-0.1442253483270188,0.0123881777847961,0.4285056634950037,9.63531768181497,52.00721001838532,6.736388555510646
2.55,31.222070371289888,131.01075571537203,80.29462773330448,0.3872952983116744,-0.1160825903163877,-0.2173585698872943,6.65809899725941,0.1283563877328578,85.22499837146472,52.026616186427496,26.79531164912145,62.04020395616988,-13.381519203189512,105.79707549321112,1645.1668842325923,1.274,1.0160152182201088,0.0,3.697345551641973,165.0000707061107,0.1530261365032868,1.0641222265682173e-06,-0.0790002513658107,-0.1449539093716933,0.0126711142056894,0.4043174626861794,9.70592608836754,52.008381988254655,6.662882436864847
2.56,31.22206945891159,131.0107583187637,80.7522804597029,0.38701295788256,-0.0472148493489462,-2.4309190365491458,6.639416128662145,0.0408200691717845,65.44062566033742,52.02937430752704,26.835715669311263,61.97686913698606,-13.513685987843102,105.64740008073456,1645.2689031207356,1.274,1.015995951017009,0.0,3.700866032267109,165.0000707061107,0.1530350403327798,1.0206022465428244e-06,-0.0807829447208497,-0.1453484412879568,0.0129571629240704,0.389882338232017,9.774236088101697,52.02195781717367,7.070564345923403
2.57,31.22206854540756,131.01076092688913,81.20986653632563,0.386109092519038,0.0213992572683896,-2.0884748889379554,6.597772250136834,-0.0428831954436844,68.48437292351457,51.99514751674632,26.85895429814156,61.912326921030974,-13.64518618232258,105.498391126295,1643.0326710457853,1.274,1.0159765685571125,0.0,3.704370193394301,165.0000707061107,0.1529351591188322,9.780230614957568e-07,-0.0825625414230211,-0.1454093755989874,0.0132333070933181,0.3867016325353673,9.849094755612231,51.99850890413951,6.92056103179876
2.58,31.222067631801192,131.01076353555297,81.666600607174,0.3841584523940898,0.0896610465717273,-1.1495557062412296,6.541131183509764,-0.126901356106837,76.85468964740586,51.977154962774144,26.88982867448968,61.84662579685735,-13.77566187462788,105.35045341249533,1641.82362495078,1.274,1.0159575631625175,0.0,3.707873844199284,165.0000707061107,0.1528830259836965,9.365522083444358e-07,-0.0843334472677141,-0.1451384750449218,0.013511880732494,0.3944828251681823,9.920549958312684,51.99123888128705,6.642588308469626
2.59,31.22206671715979,131.010766148841,82.12323753828171,0.3812347453305413,0.1573701478935867,-2.508748979739297,6.469148031561918,-0.2107910763938899,64.67968559454185,51.97156548257284,26.92658084641941,61.77981883006028,-13.904763223550615,105.20398340561955,1641.3984397158044,1.274,1.0159393105168495,0.0,3.7113270078842704,165.0000707061107,0.1528673741210055,8.963461951288822e-07,-0.0860917533299389,-0.1445383294881325,0.0137915069803669,0.4124377880536096,9.989109289884306,51.99628509651802,6.94176710755206
2.6,31.222065801664687,131.01076876615193,82.57965839994992,0.3776166243525796,0.2243699275245786,-1.3967197262123212,6.376766497553245,-0.2910179085042916,74.57187544991756,51.94090285202964,26.95166676650981,61.711962538325096,-14.032148992008812,105.05936865507148,1639.3902300735708,1.274,1.0159203718184202,0.0,3.714778801858652,165.0000707061107,0.1527779720456777,8.575576610228239e-07,-0.08783363256653,-0.1436120021585731,0.0140616293444544,0.4392441809144713,10.061571404548634,51.97614670775189,6.53442180923288
2.61,31.222064885974845,131.01077138473684,83.03535254723406,0.3729397496538222,0.290367605890281,0.3970920109270172,6.271274881112573,-0.3716785881524574,90.55156683212029,51.93371513556459,26.98784911528216,61.64311670705512,-14.157487075281416,104.9169872010122,1638.864703947052,1.274,1.01590052805617,0.0,3.7182190755636433,165.0000707061107,0.1527576168143406,8.203383340838249e-07,-0.0895540500593127,-0.1423645168099373,0.0143344454238636,0.4726480854754407,10.128635330289889,51.979325777200536,6.294816571791952
2.62,31.22206396920181,131.01077400862516,83.4910554784675,0.3672519103569373,0.3551454949874373,-2.8328286392280315,6.152590370559257,-0.452521219876991,61.63593833134037,51.947867499601024,27.034175687297296,61.57334470370324,-14.28045685805225,104.77720490151782,1639.686164321762,1.274,1.0158820703121532,0.0,3.721619813015669,165.0000707061107,0.1528000313410054,7.848289428107604e-07,-0.0912495541912887,-0.1408004483813322,0.014609175717552,0.5108821399653964,10.190480053299492,52.00365326627674,6.788524274212179
2.63,31.222063051389128,131.01077663781348,83.94675785602477,0.3611602612216042,0.4189574504874337,-1.9719142342422928,6.010277085047659,-0.5259495933176174,69.24531398935181,51.90457581021189,27.05352931538756,61.502712544400815,-14.400748320056536,104.64037643525477,1636.882631915462,1.274,1.0158644480761785,0.0,3.725020616011724,165.0000707061107,0.1526734788640526,7.511655629501635e-07,-0.0929167031387959,-0.1389247200382308,0.014863039767196,0.5531362895852601,10.261997452672023,51.97038490619149,6.347322219721268
2.64,31.22206213394092,131.01077926610037,84.40132579898821,0.3540363072899027,0.4811431649983184,-2.3029893773110315,5.856843168039927,-0.5998035519055319,66.2015667258881,51.89030914943021,27.086656321887613,61.43128872542611,-14.518062339692008,104.50684494419878,1635.9113908704123,1.274,1.0158471881384288,0.0,3.7284033923833615,165.0000707061107,0.1526322985501053,7.194858582039204e-07,-0.0945498033145894,-0.1367466346660935,0.0151194537722394,0.5973587747558949,10.32646902983086,51.9658860527848,6.321877590392107
2.65,31.222061215366825,131.01078190032536,84.85599954989361,0.346210870762591,0.5417978697365283,-2.973114340237468,5.6875243590973374,-0.6703036744957886,60.11406419968584,51.86672602477891,27.11546959420115,61.35914473521372,-14.632115660538949,104.3769363718833,1634.3532735258802,1.274,1.0158293798084297,0.0,3.7317524627806606,165.0000707061107,0.1525637140270411,6.899113210159037e-07,-0.0961458669463144,-0.1342726801278808,0.0153670206736403,0.64296448269955,10.39112031847157,51.95183016681064,6.452646684229178
2.66,31.2220602965509,131.0107845366161,85.31006989440156,0.3376794370299024,0.6007536732132243,-2.960239002844966,5.503107172031336,-0.7372994013558039,60.114064199642925,51.834678877323206,27.140357310657063,61.28635379330862,-14.74263715953736,104.25096367002077,1632.2629550592476,1.274,1.0158120729402356,0.0,3.735102312745872,165.0000707061107,0.1524702310813778,6.625609671425173e-07,-0.0977010211093992,-0.1315118216904735,0.015605251345734,0.6891503459957213,10.455632150791446,51.929043314581534,6.292123163771265
2.67,31.22205937742221,131.01078717538843,85.76360898223604,0.3284050566386588,0.6577648801024578,-1.923912260295732,5.305771304859857,-0.8017949236941508,69.24531398927611,51.806101001364205,27.16697574312416,61.2129908553641,-14.849370427243969,104.12922383585934,1630.3925023622671,1.274,1.0157942763484027,0.0,3.7384239911126538,165.0000707061107,0.1523869510810346,6.375463120081617e-07,-0.0992114688842313,-0.1284740306935755,0.0158370794217844,0.7351869018665455,10.51754184553515,51.90942019760784,5.700484420156958
2.68,31.222058457853983,131.0107898173478,86.21673886515627,0.3183285672837438,0.712519730805073,-2.0793419048763315,5.09753189917718,-0.8648813638013431,67.72343985772264,51.79291347300511,27.201018852404687,61.13913226821054,-14.952074545954495,104.01199698243104,1629.4915335169017,1.274,1.0157778957760872,0.0,3.7417228672631175,165.0000707061107,0.1523489402594503,6.149701753921389e-07,-0.1006740032813998,-0.1251691873218244,0.0160657519955596,0.7803923498907244,10.574313733274494,51.904832925830206,5.57283715839199
2.69,31.22205753764632,131.010792463565,86.66964536088581,0.307626756232691,0.765133108601402,-1.8071809573018944,4.8761586785608095,-0.924091071124164,70.00625405494971,51.77210641931013,27.23153755272708,61.06485530190894,-15.050523590397743,103.8995468627724,1628.111617909905,1.274,1.0157597341343036,0.0,3.745018767047607,165.0000707061107,0.152288515706929,5.949272534174353e-07,-0.1020857897545001,-0.1216069467199902,0.0162837935069362,0.8246558491403428,10.630359211882087,51.89228967480368,5.281739370573854
2.7,31.222056617166857,131.0107951124088,87.12203202577382,0.2962639235225461,0.8153356397043675,-2.7266556052783617,4.643825166006966,-0.9805525065533,61.635938331148765,51.75604473171918,27.264427464232284,60.99023782251936,-15.144506035031355,103.79212149735665,1627.030768057282,1.274,1.0157424530610497,0.0,3.748285979491989,165.0000707061107,0.1522420482905098,5.775068630139269e-07,-0.1034435323394763,-0.1177991816440883,0.0164945313945717,0.8674898229929487,10.683104960204604,51.8841130320817,5.473686708274734
2.71,31.222055696168194,131.01079776515982,87.57412245501267,0.2844004909866844,0.8632885972340912,-3.048030276621585,4.399022120745364,-1.0320229895396371,58.59218706779824,51.724703012780175,27.290098652838108,60.91535807009209,-15.23382680397353,103.68995078212672,1624.9901473794175,1.274,1.0157266518543897,0.0,3.7515345096760297,165.0000707061107,0.1521506329665078,5.627892456907265e-07,-0.1047444483383996,-0.1137573921719478,0.0166911282281011,0.9089250356952858,10.736460418223286,51.86030293771403,5.450408758703078
2.72,31.22205477506281,131.01080041992122,88.02557599619261,0.2719661676222149,0.9086477685617615,-4.220289484795805,4.14429665068894,-1.0799209374889616,47.939064146470734,51.69299309200223,27.315684308599657,60.840294271704735,-15.31830643514724,103.593247381967,1622.9278731618592,1.274,1.0157114172944173,0.0,3.7547809126305296,165.0000707061107,0.1520581325293698,5.508482019628356e-07,-0.1059854914509438,-0.1094954067450965,0.0168778029227022,0.9484725418456066,10.78730075641842,51.835717166921455,6.012675552166161
2.73,31.22205385364363,131.01080307777866,88.47658101555213,0.2591209457240557,0.9515930714467132,-3.8571247884909856,3.878884155122489,-1.1224352560017192,50.982815409867214,51.64515922995583,27.333594882903498,60.76512429171832,-15.397783118362616,103.50220433867302,1619.8554496850702,1.274,1.0156961126488104,0.0,3.7579946426338657,165.0000707061107,0.1519182005708983,5.417475797467749e-07,-0.1071641174461557,-0.1050264844278714,0.0170489636840011,0.9862387461359154,10.838766312695416,51.79462824826835,5.584175393625059
2.74,31.22205293229569,131.01080573692008,88.92681486088921,0.2457323836521553,0.9915431289290968,-2.3854104348589944,3.606424676576752,-1.1624112894879943,63.91875252846505,51.60846845509857,27.3569569264626,60.689925287561614,-15.472111621494989,103.416996228714,1617.484593800339,1.274,1.0156805782083187,0.0,3.76119194940606,165.0000707061107,0.1518110442802166,5.355438522614677e-07,-0.1082778496986108,-0.1003657638857189,0.0172131660265215,1.0215361729568702,10.885169264407676,51.76421191144863,4.477463779472152
2.75,31.22205201060037,131.01080839948608,89.37664949429222,0.2317853592714825,1.028200529493446,-2.7028489142585284,3.328295040968313,-1.200803899893827,60.875001265242936,51.59185712988124,27.390126236130847,60.61477325231358,-15.541164742563472,103.33777743184756,1616.3735705845745,1.274,1.015665073027121,0.0,3.7643837890687215,165.0000707061107,0.1517629520618402,5.322826596182365e-07,-0.1093248842528998,-0.0955263877415671,0.0173732695964665,1.0539995324211298,10.924527013030296,51.753357822757465,4.452512789318296
2.76,31.22205108840241,131.0108110663466,89.82623092014867,0.2175117146998808,1.0621015757263217,-3.104153572435662,3.0422223845332885,-1.2339994399805332,57.07031393619316,51.562946531216944,27.41745112307337,60.53974281235097,-15.604830771522844,103.26468496639076,1614.492714764912,1.274,1.0156495172826043,0.0,3.7675460135796257,165.0000707061107,0.1516786791152725,5.320013945098579e-07,-0.1103036319803779,-0.0905208922159274,0.0175182261673701,1.0841428337242554,10.963462453634962,51.729771501966255,4.518145754188632
2.77,31.222050166168493,131.01081373522948,90.27515922638356,0.202898184131399,1.0930257676254735,-3.334033124167933,2.7498848329922287,-1.2627591449211464,54.78750273884502,51.529411009163454,27.442626815454208,60.46490708408463,-15.66301246972262,103.1978395917511,1612.3236992425564,1.274,1.015635210167922,0.0,3.770692581505703,165.0000707061107,0.1515807993534395,5.347321374278035e-07,-0.1112122380967741,-0.0853652219472869,0.0176502797624604,1.1116960050605742,11.000319036773028,51.70109268151296,4.502466449164466
2.78,31.22204924374717,131.01081640694187,90.72357215984952,0.1879659918204198,1.1208368770328927,-5.523463415394134,2.4524411201674754,-1.2873584683700574,35.00312702762355,51.49423010806685,27.46709499089105,60.39033719172328,-15.71563009334912,103.13734226856292,1610.0534201897783,1.274,1.0156224540553322,0.0,3.773834578307328,165.0000707061107,0.1514780775881855,5.404974989567223e-07,-0.1120491516114943,-0.0800750077671151,0.0177701970012036,1.136486696794505,11.034404417200111,51.67027952397367,6.179029646730126
2.79,31.22204832116693,131.0108190813922,91.17145018638271,0.1729149604773285,1.1461399033650317,-4.557599094893745,2.148783108071048,-1.3043235096816244,43.37343975179764,51.42715786744664,27.47609032432677,60.31610204180275,-15.762620602695332,103.0832749884459,1605.7927124924277,1.274,1.0156122920322372,0.0,3.776949725426885,165.0000707061107,0.1512815401898374,5.493112886195025e-07,-0.1128130635118524,-0.0746659212150991,0.017867274325481,1.1591083958637385,11.072044448757582,51.60718109565837,5.2048283519455225
2.8,31.22204739903436,131.01082175551397,91.6182628665626,0.1575376955232795,1.167661135082095,-5.296726956885771,1.8439271986164807,-1.3201064730470056,36.52500115935308,51.3853029360339,27.497463128342527,60.24226809209393,-15.8039372455784,103.03570117687286,1603.1110606757934,1.274,1.0156004239297007,0.0,3.780044395286272,165.0000707061107,0.1511591802711702,5.611807502763426e-07,-0.1135027429923394,-0.0691571749205645,0.0179611028568148,1.1782390317459377,11.101184440735354,51.56870602228796,5.7617762078875145
2.81,31.22204647646332,131.01082443387776,92.0647934007531,0.1420450136346521,1.1862393714344073,-3.3924037221013728,1.5359072757379837,-1.3300069924556637,53.26562560682496,51.327314031917965,27.51101779538513,60.16889868749432,-15.839552562285684,102.99466216159756,1599.4261369320918,1.274,1.015588990283005,0.0,3.7831317040007097,165.0000707061107,0.1509893573949015,5.76099493669433e-07,-0.1141177860631125,-0.063561812336843,0.0180372756196018,1.1947124127807298,11.130485871311189,51.51363476502839,3.954280310419721
2.82,31.222045554225183,131.01082711255202,92.51036414278109,0.1263050181407599,1.2007745975437107,-4.472259100722333,1.2282948339648712,-1.3395643174538387,43.373439751610086,51.301356968475815,27.54036609926996,60.09605448825141,-15.869451830690972,102.96018463893932,1597.7403463521614,1.274,1.0155773505106669,0.0,3.786199670562224,165.0000707061107,0.1509137595862102,5.940571952979309e-07,-0.1146575902615044,-0.0578976678837767,0.0181126549136021,1.207398134854182,11.149710875674124,51.48996039422144,4.827446760321039
2.83,31.22204463140244,131.01082979629513,92.9557851722548,0.1105719452227682,1.212562671044716,-2.7378836733452805,0.9186977276804972,-1.3421368286095925,58.59218706774451,51.24946373327203,27.557054045571505,60.02379279771511,-15.893637388341036,102.93227563381086,1594.441309377712,1.274,1.0155669277786494,0.0,3.789239134914791,165.0000707061107,0.1507618636620286,6.150314322855362e-07,-0.1151220721275159,-0.05217709125394,0.0181668555841806,1.2175929372893122,11.17116163980794,51.43991841464297,3.1845476586677375
2.84,31.222043708971327,131.01083248006717,93.40019494159765,0.0946821028830546,1.220257316341592,-4.158597440467307,0.6106887629545809,-1.3443386176951126,45.65624994912407,51.228747708233726,27.589186654825937,59.95216808325993,-15.91212290353856,102.9109290313337,1593.084450351134,1.274,1.0155558183259878,0.0,3.792277578005837,165.0000707061107,0.1507016797512748,6.389976967643697e-07,-0.1155110366737479,-0.0464190254895378,0.0182200889957411,1.2239245333089388,11.182629587577114,51.42041078927955,4.412949099648289
2.85,31.22204278587252,131.01083516937553,93.844526356381,0.0788700854320687,1.2252906586108472,-5.237308618064961,0.3024383138785612,-1.3391008670703193,35.76406409345976,51.177828306791525,27.60649732849297,59.88123099876397,-15.924939401592532,102.896118568832,1589.8511331946584,1.274,1.015544221840988,0.0,3.795299837107072,165.0000707061107,0.1505526441656692,6.659183347836322e-07,-0.1158245978757374,-0.0406358812290563,0.0182506090589558,1.227826021937145,11.19723547676474,51.3702818433486,5.414246173452745
2.86,31.222041863188608,131.01083785858614,94.28782270350904,0.0631276320323876,1.2271965483279137,-3.928685632400739,-0.0039970639789853,-1.3288900529919592,47.17812708069672,51.117610364080704,27.619258132837142,59.811029210169096,-15.932128654408604,102.88780539672268,1586.044323614223,1.274,1.0155331615868095,0.0,3.7982921928946354,165.0000707061107,0.1503762511577699,6.957542994301128e-07,-0.1160629681799974,-0.0348470042150118,0.0182658717090575,1.2288188868737384,11.21054599041387,51.310363208533104,4.147352836170732
2.87,31.22204094056844,131.0108405495118,94.73039045355482,0.0474112749858996,1.2251601084007795,-3.8146634942241353,-0.3069147502455443,-1.3177320483565076,47.93906414640958,51.08218225497848,27.644376342823243,59.741606269727406,-15.933749473004603,102.88593075675831,1583.779169348453,1.274,1.0155213326477648,0.0,3.8012775779876136,165.0000707061107,0.1502727815019063,7.284560915046419e-07,-0.1162267675652518,-0.0290692022870466,0.0182781946273354,1.2260769868182655,11.215224585022808,51.274615289445045,4.047501944329417
2.88,31.222040017541858,131.01084324459913,95.17263786354516,0.0318255050170713,1.2199069111756888,-5.4912899313273416,-0.6065204039657521,-1.302221663665203,32.720312830234604,51.041697407691935,27.667065516605795,59.673001798472725,-15.929874906051772,102.89041915531271,1581.2024594616018,1.274,1.0155096382923448,0.0,3.804258056347327,165.0000707061107,0.1501544343614974,7.63963924913707e-07,-0.1163166992952272,-0.0233152688903447,0.0182770624535912,1.2203219172201998,11.21769994332904,51.23330545970193,5.676082572658963
2.89,31.2220390945628,131.0108459414552,95.61416063889382,0.0164649450433046,1.2119889987381751,-4.012686927277766,-0.902113783732654,-1.2800198516294992,45.65624994897199,50.975286157819006,27.67689652241296,59.605252093848655,-15.92058820013838,102.90118298629748,1577.0234855573392,1.274,1.0154972743755248,0.0,3.807199360273235,165.0000707061107,0.1499598141567365,8.022148257085495e-07,-0.1163336395096053,-0.0176012634610854,0.018255164772949,1.212100815544127,11.22253993580097,51.16565074712426,4.307425736528946
2.9,31.222038171948665,131.01084863838977,96.05467639396512,0.0012710015549241,1.2000917649131706,-4.496772441764131,-1.1921798648299156,-1.2577609327180597,41.09062555418027,50.93921424117793,27.70191923607485,59.53838956318442,-15.905985637374132,102.91811920247048,1574.725619412489,1.274,1.0154865535947195,0.0,3.8101348809129454,165.0000707061107,0.1498544434302535,8.43140739241691e-07,-0.1162789345225433,-0.0119451637473981,0.0182328957449961,1.2000924378650808,11.217619004758564,51.12771043136544,4.81915114797067
2.91,31.222037248794567,131.01085134009708,96.49496662855766,-0.01366032472861,1.185325709409002,-3.787168038102127,-1.4765559525886318,-1.230280754733592,47.17812708053552,50.88828140566434,27.719580774234704,59.47244221715637,-15.886178007956676,102.9411075621052,1571.511565982399,1.274,1.0154758278117733,0.0,3.8130637062602006,165.0000707061107,0.1497053527808135,8.866609443660523e-07,-0.1161537343271994,-0.0063585429852706,0.0181942822555847,1.1854044099947951,11.212736752497522,51.07445865181382,4.246934184257521
2.92,31.2220363258828,131.01085404245015,96.93434215300567,-0.0283035610656214,1.1671202631541524,-4.443075570633585,-1.754427719859313,-1.200906063829711,41.09062555401604,50.850212043942406,27.74374411483491,59.4074348288095,-15.861284496006924,102.97001767216088,1569.0948287660224,1.274,1.0154652178509815,0.0,3.815967063516871,165.0000707061107,0.1495941016176337,9.32694227473035e-07,-0.1159596067178854,-0.0008576610279468,0.018149518591764,1.1674633567823447,11.201977188818534,51.03353018786692,4.925557077601951
2.93,31.22203540263567,131.0108567484139,97.37329466340611,-0.0426102197272217,1.1461414507573122,-5.440471277037112,-2.025042778825086,-1.166687224983121,31.959375764483887,50.79856681501293,27.76114829275995,59.34338804813738,-15.831436824072108,103.00470415263872,1565.843063130566,1.274,1.0154561139501597,0.0,3.8188510532320006,165.0000707061107,0.1494429101669383,9.811499946089166e-07,-0.1156981344905836,0.0045446962344963,0.0180894383517491,1.146933133963769,11.19111047554842,50.97859028623985,5.921206384958751
2.94,31.222034479536035,131.01085945542147,97.81139791965764,-0.0565578727553161,1.122396910879237,-5.415022469309536,-2.2874863855722247,-1.1279634466175938,31.959375764299384,50.73505468268807,27.77261833347284,59.280319002014274,-15.796775889224316,103.04501050367617,1561.86420926277,1.274,1.0154471273704486,0.0,3.821732266347664,165.0000707061107,0.1492568046959285,1.0319354747617316e-06,-0.1153712881051246,0.009833220214178,0.0180150235891575,1.1238208083735235,11.179826172523033,50.91134910118646,5.985596364959039
2.95,31.222033556567688,131.0108621635046,98.24865770312437,-0.070097319121516,1.095590757187737,-4.964278445843249,-2.54129162196934,-1.0868429247595504,35.764064093208326,50.67673466324192,27.78673436263633,59.21824077482365,-15.757453915784328,103.09076657966789,1558.2099869875815,1.274,1.0154374518004992,0.0,3.824599062490943,165.0000707061107,0.1490859706495373,1.084951911559856e-06,-0.1149812115813719,0.0149932909304991,0.0179327210963991,1.0978306529230366,11.164523101293184,50.848819169725054,5.681852791022952
2.96,31.222032633515926,131.0108648737123,98.68524633974324,-0.0831758023166214,1.0658044802469495,-5.197025268544146,-2.786016592858597,-1.0436063493665135,33.48124989613604,50.62488676311651,27.80415394003313,59.15716250911101,-15.71363368532286,103.14178945584575,1554.957856931722,1.274,1.015427550299594,0.0,3.8274325623824046,165.0000707061107,0.1489341742208547,1.140093118935752e-06,-0.1145300868945172,0.0200126100622924,0.0178433379883741,1.069044716662357,11.145023749821524,50.79229328446645,5.988328173205597
2.97,31.222031710361247,131.0108675860728,99.12116749817515,-0.0957886982941671,1.0333729337026591,-5.430658145522749,-3.020818689642635,-0.9969812427631232,31.198437698467817,50.56713766999511,27.818622730080527,59.09708983825525,-15.665486322005416,103.1978859830428,1551.347252144413,1.274,1.015418592943358,0.0,3.830261713166344,165.0000707061107,0.1487650142740747,1.197248320513778e-06,-0.1140202617870942,0.0248795116304494,0.0177429013023836,1.037802534163208,11.124069778631627,50.72945071074332,6.29375603655308
2.98,31.222030787271457,131.01087029965137,99.55626785376164,-0.1079026589218713,0.9983191481033776,-6.262375825710948,-3.2451849514941475,-0.9475175998013026,23.58906404034603,50.50690200728357,27.831856021230205,59.0380249887678,-15.61319064016766,103.25885353255428,1547.58872917,1.274,1.0154100963861852,0.0,3.83308653859422,165.0000707061107,0.1485885359336184,1.2563043644490927e-06,-0.1134542921050987,0.029581507855121,0.0176330610610548,1.004132922974037,11.101020440898347,50.66370967776575,7.116626023178832
2.99,31.22202986417405,131.01087301474675,99.99059666658094,-0.1194753165514911,0.9609429563775468,-4.8772969554003724,-3.458221299080399,-0.8943885751053057,35.7640640931394,50.43523313030893,27.83929112725227,58.97996663928056,-15.556933836541182,103.32447917794292,1543.135325248536,1.274,1.0154023034492468,0.0,3.835878455658948,165.0000707061107,0.1483784185117844,1.317143459315395e-06,-0.1128348320908233,0.034107048217347,0.0175111682555178,0.9683410443916808,11.077932454023207,50.58617062056008,6.0454322482226175
3.0,31.22202894127296,131.010875730245,100.42397261469246,-0.1304419222072928,0.9206432438887387,-5.882460044126024,-3.660915929305892,-0.8418143416706457,26.632813303750112,50.38837520298237,27.85937314491049,58.922910110689,-15.496910602544888,103.39454071792144,1540.20506603601,1.274,1.0153950330588837,0.0,3.838657069055383,165.0000707061107,0.148241290603435,1.3796454522237882e-06,-0.1121649416885017,0.0384445435235664,0.0173903082987788,0.929837412234905,11.047084875510436,50.53298328267496,6.979562521965624
3.01,31.22202801791005,131.0108784493946,100.8569247583938,-0.1408530132747062,0.878420050833639,-5.011587047474904,-3.8509561414811055,-0.7847106216650785,34.24218696159716,50.319407711715584,27.8682018449312,58.86684724433121,-15.43332307228532,103.46880673251115,1535.9277523597436,1.274,1.0153865884623725,0.0,3.841429586516487,165.0000707061107,0.1480391145644545,1.4436812197170456e-06,-0.1114470778672345,0.0425860071204862,0.0172546401465781,0.889640265840009,11.01869588166333,50.45738420527441,6.368801982930798
3.02,31.222027094906583,131.0108811679612,101.28876483457935,-0.1506126461737715,0.83367000035443,-4.995531399163218,-4.029721561919711,-0.7277069548582764,34.242186961438335,50.26843072934848,27.886231217268413,58.81176737614905,-15.366377711377575,103.54704020651138,1532.7536404128768,1.274,1.0153796365323005,0.0,3.8441916986542526,165.0000707061107,0.1478898628185846,1.5091266418334729e-06,-0.1106846051023813,0.0465201756781158,0.0171185195025638,0.8471648232939912,10.984261452263476,50.399378686149085,6.459376691196709
3.03,31.22202617146636,131.01088388985832,101.72012891738748,-0.1597226315911034,0.7869405792194849,-7.027796541881308,-4.195893192466282,-0.6685110310300104,15.979688382662705,50.213263567209566,27.90213145536008,58.75765644740975,-15.296288133713334,103.62899524772986,1529.3277631143867,1.274,1.0153722377118268,0.0,3.846919157763297,165.0000707061107,0.1477282812433237,1.5758480369460632e-06,-0.1098802435572521,0.0502395730036324,0.0169747618755079,0.8029851742551152,10.94869662016808,50.33687201795552,8.21232920158907
3.04,31.22202524800572,131.01088661290203,102.15066313788236,-0.1682425181464234,0.7387323669565938,-6.07475248461418,-4.347535824767509,-0.604466893311922,24.350000106037527,50.12746231019067,27.902316472614206,58.70449802156818,-15.223271859735895,103.71442086938552,1524.0426533365091,1.274,1.0153652814766434,0.0,3.8496436105400336,165.0000707061107,0.1474765702409156,1.6437135151871511e-06,-0.1090372749179955,0.0537357564989783,0.0168150570475738,0.7576473364318795,10.917758220901876,50.2434989040395,7.494602439227395
3.05,31.222024325000696,131.0108893346641,102.579977098618,-0.176017050501627,0.688321182249848,-6.147400169308217,-4.4874102460377205,-0.5417421137097456,23.589064040300407,50.066056062836985,27.915015703547905,58.65227292406126,-15.147551127217266,103.80306005055373,1520.2482270368805,1.274,1.0153577566886367,0.0,3.852362822008781,165.0000707061107,0.1472966259946029,1.7125942529855445e-06,-0.1081595752215005,0.0569992207338693,0.0166585827572127,0.7104692544432839,10.879804176644155,50.1741747005901,7.630259764622808
3.06,31.222023401511176,131.01089205968492,103.00880454414,-0.1830848705338762,0.6363339814775264,-7.500685142872749,-4.613634214341385,-0.4772270218266919,11.414062987476884,49.99875429323615,27.92467725830156,58.600958852226896,-15.069353781134716,103.89464870307584,1516.1011973668549,1.274,1.0153513829848055,0.0,3.85505392778146,165.0000707061107,0.1470993342158017,1.7823492728299346e-06,-0.107249947644919,0.0600248449148928,0.0164955974168148,0.6621477384998417,10.841471092142802,50.09870734647749,8.818936665302399
3.07,31.222022478128228,131.010894784956,103.4366610328594,-0.1894763173094148,0.583063017363321,-6.2099887862402126,-4.725018385292925,-0.4096569873414681,22.828124974385968,49.9114861161304,27.924023256783325,58.55053169796449,-14.988909635515506,103.98891993084044,1510.7511893604533,1.274,1.0153451897116683,0.0,3.8577278187635655,165.0000707061107,0.146843296262351,1.8528426546644552e-06,-0.1063119689741624,0.0628062758187643,0.0163221197100945,0.6130762739942481,10.805877930433658,50.00307185996077,7.813934880318816
3.08,31.22202155506171,131.0108975093878,103.8633736655008,-0.1950532457396526,0.5280712237114592,-7.309997461755522,-4.824412383896347,-0.3440766845869799,12.935938118916225,49.85032079546386,27.93682319456384,58.5009650191048,-14.906451492806813,104.0856028520494,1506.9888008407595,1.274,1.0153400476362897,0.0,3.860395655503096,165.0000707061107,0.1466640508511069,1.9239407195286302e-06,-0.1053495771243639,0.0653372668250729,0.0161538787056271,0.5629421894898183,10.76336066853302,49.93326885495908,8.765238531017909
3.09,31.222020631475186,131.0109002369158,104.28957541451744,-0.1999465357962657,0.4720828497354998,-6.874800712867014,-4.908464790203813,-0.2755220119800701,16.74062444788347,49.76619274469258,27.93772853427797,58.45222993077736,-14.82221505035984,104.18442272092724,1501.8450702271475,1.274,1.0153341753718907,0.0,3.863056359890515,165.0000707061107,0.1464172441602429,1.995499716422329e-06,-0.1043656462698409,0.0676145358747157,0.0159753446474425,0.5126791681943883,10.7244862353807,49.84034650629512,8.451734959012436
3.1,31.222019708316765,131.01090296289243,104.71452239576088,-0.2040209390951501,0.4148850408201598,-4.990774573023115,-4.979482812648028,-0.2078386264459824,33.48124989576365,49.694099903388285,27.94483157525656,58.404296182960536,-14.73643657195812,104.28510366374532,1497.435750098655,1.274,1.0153276939107447,0.0,3.865684101098732,165.0000707061107,0.1462058420117772,2.0673866275405288e-06,-0.1033642180852168,0.0696332660176521,0.0157984887680028,0.4623347414730412,10.682004359652446,49.75926932368903,7.053104055296088
3.11,31.22201878485008,131.01090569074276,105.1387649527664,-0.2072437071609384,0.3565353999221878,-6.777162423551865,-5.038555239351149,-0.142567849256795,17.501563513783047,49.64810416826137,27.965462871805368,58.35713135771153,-14.649354090848483,104.38736729007276,1494.6040304946507,1.274,1.0153210890653388,0.0,3.868300004431658,165.0000707061107,0.1460712177732957,2.1394609665085565e-06,-0.1023486018550245,0.071390968319795,0.0156281419545674,0.4123916720570866,10.63310162367325,49.704108256483146,8.446140835129262
3.12,31.22201786077251,131.01090842176174,105.56251040633776,-0.2098212535693304,0.2976807417318735,-7.710244561697574,-5.081151549533879,-0.0735687160363468,9.131249790334046,49.56591557250204,27.967265756200145,58.31070165378203,-14.561205582463913,104.49093484640072,1489.5989815431735,1.274,1.015315293087107,0.0,3.8709115714579454,165.0000707061107,0.1458301067854338,2.211579546015019e-06,-0.1013216458412509,0.072885940964372,0.0154450892803902,0.364195533086503,10.59103718515501,49.61267494370331,9.234250626147029
3.13,31.22201693719756,131.0109111506437,105.98491398864736,-0.2116387317873773,0.2381890504968431,-7.705652941643942,-5.109509511921429,-0.0042493615445109,9.131249789799783,49.47869499375927,27.96639776665776,58.26497228874519,-14.472228460564644,104.59552782121096,1484.3007983229822,1.274,1.0153110566522716,0.0,3.87351738020918,165.0000707061107,0.1455741863881158,2.283615212224949e-06,-0.1002876874574904,0.0741153459037448,0.0152599550700275,0.3186294376551072,10.549391055954644,49.51610953455195,9.24576620765175
3.14,31.22201601354852,131.0109138800152,106.40639720353336,-0.2126290829731389,0.1781876163618596,-6.166372007306295,-5.12446977666152,0.0642263936068751,22.828124974481938,49.39625896048166,27.967969899538524,58.219906552590864,-14.38266034370214,104.70086706690137,1479.298955470908,1.274,1.015304447086571,0.0,3.876084465845076,165.0000707061107,0.1453323389980712,2.355434891400883e-06,-0.0992503424152353,0.075078196556504,0.0150763377779774,0.2774199123938437,10.506291018995164,49.42424856068921,8.018008434395899
3.15,31.222015089796,131.01091660990696,106.8269663531836,-0.2127581948888329,0.1177588440340624,-6.505724236138285,-5.127569362003912,0.1299423371566657,19.78437571123297,49.33693966269526,27.981575824145786,58.17546648746513,-14.292737654553736,104.80667445574493,1475.6884232073055,1.274,1.0152985861189283,0.0,3.878645958108208,165.0000707061107,0.1451585015651579,2.42690465192381e-06,-0.0982130716291005,0.0757745644237402,0.0149002553317896,0.243173047650574,10.458049704121215,49.35543716563811,8.284521736939556
3.16,31.222014165498816,131.0109193422262,107.24692586464838,-0.2121586541995492,0.0571998423891574,-7.272060674875424,-5.116241030097745,0.1962540755233634,12.93593811918758,49.264892849379656,27.98849547248283,58.13161313964497,-14.202694797942604,104.91267386490824,1471.3222066712897,1.274,1.0152934540276777,0.0,3.881201895283023,165.0000707061107,0.1449472145746866,2.4978878031806384e-06,-0.0971787323593357,0.0762050741876803,0.0147212073681571,0.2197341611278505,10.41229633367752,49.273877778118994,8.893666532948307
3.17,31.22201324126509,131.0109220741099,107.66582297218947,-0.210818871371835,-0.0033790429505822,-6.588310468136299,-5.09088869065626,0.2626588157695044,19.02343764548792,49.183115623788126,27.990269240980545,58.08830696932331,-14.112763888241984,105.0185915094775,1466.3825062036992,1.274,1.0152888078016753,0.0,3.883747871813485,165.0000707061107,0.1447072948786715,2.568259409944165e-06,-0.0961509954919944,0.0763706124170062,0.0145407555244429,0.2108459494653798,10.368545066404511,49.18258484496295,8.33018440004227
3.18,31.22201231698926,131.01092480596836,108.0837252937213,-0.2086446499307222,-0.0638266995149481,-7.014899058412985,-5.053555263821592,0.3267171687329903,15.2187503162053,49.11550709004057,27.999419670370216,58.045507437124805,-14.02317441073892,105.1241563605065,1462.2950036816328,1.274,1.0152834503057082,0.0,3.8862611811599432,165.0000707061107,0.144509058821422,2.6378966537244124e-06,-0.0951334243164408,0.0762729489435589,0.0143665155316433,0.2181889536810091,10.32202073469853,49.10548121759925,8.651819098465202
3.19,31.22201139223516,131.0109275396564,108.5009282465679,-0.205746141839253,-0.1240097493191624,-7.868404884913271,-5.00266843475474,0.3905467421291249,7.60937565818481,49.0381612802232,28.00340925370575,58.003173171792064,-13.934152536219711,105.22910096659032,1457.6345377877708,1.274,1.0152782945846592,0.0,3.888768521942095,165.0000707061107,0.1442821703238524,2.706672867148576e-06,-0.0941290106766238,0.0759145029487725,0.0141918796646836,0.2402286966780769,10.27779192245157,49.01868188956012,9.33225662199696
3.2,31.222010467487127,131.0109302729282,108.91707844968528,-0.2021313422520117,-0.1838170116613012,-6.162269107543048,-4.938472582331988,0.4540346267288581,22.828124973774663,48.950231432679935,28.001771576617383,57.96126235060252,-13.845920741738924,105.33316191266243,1452.3537177200767,1.274,1.0152731783348918,0.0,3.8912716666506815,165.0000707061107,0.1440241370204071,2.7744715160132195e-06,-0.0931411757960485,0.0752983662884309,0.0140172016412277,0.2732135302674124,10.236165459269166,48.9213575735393,7.91000755009077
3.21,31.22200954275148,131.01093300569275,109.3321640721051,-0.1976743442465607,-0.2429617568853672,-7.956058040346537,-4.864264446568494,0.5133218275365898,6.848437592572892,48.89225386736259,28.01585298609105,57.91973252856327,-13.758697183420328,105.43608057709297,1448.8574873850655,1.274,1.015269157638367,0.0,3.893761809793757,165.0000707061107,0.1438542272723574,2.8411801812862954e-06,-0.0921732869924855,0.0744284254294389,0.0138545568781113,0.3132176998019904,10.18898693221476,48.85408963821236,9.339348341620981
3.22,31.22200861717977,131.01093574156408,109.74675692923186,-0.1925875530322581,-0.3015369780732506,-5.56792532298268,-4.775598719919072,0.5742365541109337,28.15468843497014,48.79894154699769,28.011242367430608,57.87854074014771,-13.67269506633022,105.53760389018784,1443.2748023515512,1.274,1.0152642831394207,0.0,3.8962204902694406,165.0000707061107,0.1435803502437704,2.906677772474364e-06,-0.0912277118006438,0.0733083132277051,0.013685710931,0.3577906822407929,10.149777704790669,48.75157644789015,7.357845007614775
3.23,31.222007692144047,131.01093847449977,110.15990673943617,-0.1866569709637216,-0.3590198560154845,-6.509501887505685,-4.678591466735049,0.6293923132640181,19.78437571111943,48.75051817979404,28.03027852269242,57.83764396507917,-13.58812314194358,105.63748375325052,1440.354618569928,1.274,1.0152590012852811,0.0,3.898676251952315,165.0000707061107,0.1434385449829218,2.970867222366032e-06,-0.090308275350067,0.0719438483101471,0.0135337981589726,0.4046425902291767,10.102284372064464,48.69412384173029,8.041080003335493
3.24,31.22200676581369,131.01094121232455,110.57284748944107,-0.1801219520066804,-0.4156726753384284,-6.682535564423926,-4.568545730703538,0.6850615326032675,18.26250057977301,48.6761344337822,28.03554237497405,57.79699858243112,-13.50518350634289,105.73547966348292,1435.9055075559204,1.274,1.015253758881662,0.0,3.901123466009071,165.0000707061107,0.1432203545380869,3.0336305634326247e-06,-0.0894168053057044,0.0703389519696899,0.0133792226821687,0.4530200011130226,10.061082283698,48.61084129539037,8.123866134222846
3.25,31.222005839729704,131.0109439483308,110.98452566329924,-0.1729138934764331,-0.4712017167218061,-6.770551140443686,-4.447888713517032,0.7385757376464018,17.501563513551908,48.60396842061953,28.04191641929452,57.75656114524092,-13.424073755684844,105.83135616573033,1431.594267698935,1.274,1.0152498567956747,0.0,3.903565375822319,165.0000707061107,0.143008685308794,3.0948763993553983e-06,-0.0885566002000973,0.0685003011290634,0.0132303431740807,0.5019258892729417,10.02056533516466,48.52995306237781,8.134468075629496
3.26,31.22200491315695,131.01094668560475,111.39542882883704,-0.1650360487139973,-0.5254691826545671,-6.005379648404561,-4.316874343912958,0.7900442168861447,24.35000010588241,48.53146268540331,28.048043988486345,57.71628789173073,-13.344984271121392,105.924886084354,1427.2698030133415,1.274,1.015245750773779,0.0,3.905972774748208,165.0000707061107,0.1427960132832072,3.154509429589615e-06,-0.0877302309218314,0.0664341918577049,0.0130868137827335,0.5507758125181597,9.981410856759656,48.44892333628728,7.438021153992563
3.27,31.222003986263,131.01094942335527,111.80543454826326,-0.1565035870976618,-0.5782396570847194,-6.264758197926005,-4.1766853507961805,0.8383042260149853,22.0671879084869,48.470983097003256,28.060497678096063,57.67613501934065,-13.26809874987352,106.01584990083512,1423.6585324937723,1.274,1.0152418270207375,0.0,3.9083756416111135,165.0000707061107,0.1426187230019006,3.212439918485509e-06,-0.086940306469653,0.0641476071799829,0.0129523069296276,0.5990439401455717,9.941234021431969,48.38015496592706,7.575925671057701
3.28,31.222003058718872,131.01095216288863,112.21474933173884,-0.1473921818882726,-0.6295985621505799,-6.9506642555838205,-4.02653134113294,0.884962987967381,15.979688382188936,48.40289767406311,28.06885172336518,57.63605868926029,-13.19359362275554,106.10403645689604,1419.6058941617168,1.274,1.01523751623377,0.0,3.9107732604143135,165.0000707061107,0.1424190508163424,3.268578822742924e-06,-0.0861889850190598,0.0616472170289346,0.0128218340589848,0.6466203912161098,9.904108685101445,48.30400255345462,8.081327101723366
3.29,31.222002130908933,131.0109549025312,112.62311295644903,-0.137722480808755,-0.679472559291756,-7.294981765390608,-3.866903336843964,0.9300129459406868,12.935938118982795,48.325931949499726,28.072412445298617,57.596015159444605,-13.121638450112714,106.18924249363629,1415.0392207285329,1.274,1.0152339978811855,0.0,3.913166838788088,165.0000707061107,0.1421932460358187,3.3228488262813742e-06,-0.0854786758096227,0.0589411101461559,0.0126954464665952,0.6932889378660814,9.870396170892544,48.21920315117526,8.308707748711212
3.3,31.22200120284912,131.0109576421677,113.03050966118506,-0.1274731327539775,-0.7276440060772041,-6.615174227117249,-3.69878330951728,0.9727292544009034,19.02343764529665,48.24735054332444,28.07503555060682,57.55596075936639,-13.052394642779904,106.2712741778718,1410.3857509418287,1.274,1.0152302959227724,0.0,3.915525877862436,165.0000707061107,0.1419626836499328,3.375178858395702e-06,-0.0848116787208441,0.056037986759793,0.0125754071546342,0.7387247968983478,9.83877926371478,48.13305556252112,7.641186441139048
3.31,31.222000274456416,131.01096038208556,113.43698633030958,-0.116666736825028,-0.7738241303914336,-7.72786910609881,-3.5233490087780166,1.0118981263284754,9.13124978969841,48.180798870669165,28.08400947224268,57.515851950704565,-12.986014970239191,106.34994769492158,1406.442480937934,1.274,1.0152261864710463,0.0,3.917877857471972,165.0000707061107,0.1417675140389533,3.4255009899210524e-06,-0.0841901350360559,0.0529466680255226,0.012465541201979,0.7825689009046776,9.806624554308756,48.059250555779,8.553238391201342
3.32,31.22199934543421,131.01096312343748,113.8427244719514,-0.1053845440769687,-0.8184068952993411,-7.1330272560160655,-3.339560782647424,1.0501253981942025,14.457812250556888,48.09427062690335,28.08224115126116,57.47564535243477,-12.922643507052646,106.42508932296846,1401.340611869639,1.274,1.01522258502278,0.0,3.920224525540225,165.0000707061107,0.1415135619846086,3.473747826952028e-06,-0.0836157577822838,0.0496752894397864,0.0123577797028012,0.8251636159469414,9.78040866469505,47.965719943870006,7.945785512332766
3.33,31.221998416504512,131.01096586323217,114.2472597876807,-0.0935979541435734,-0.8607524605184457,-7.135953742774379,-3.1496236711261902,1.084461461785136,14.457812250310203,48.022337321662405,28.088203971629927,57.43529780973701,-12.862416334577707,106.49653460796225,1397.0974539812296,1.274,1.0152191458357709,0.0,3.9225669299499697,165.0000707061107,0.1413025503226277,3.5198695753430723e-06,-0.0830906136826382,0.0462345526832799,0.012261322830026,0.8658260311644272,9.753348355143602,47.88713572706596,7.875152173185686
3.34,31.221997486863955,131.01096860468735,114.65109524155324,-0.0813479265882857,-0.9010329526424736,-7.480039999183485,-2.953241346912739,1.1163094630894377,11.414062987084892,47.94750147094755,28.092541131050496,57.39476645700105,-12.805459235594142,106.56413111279136,1392.6923660394327,1.274,1.015215482241868,0.0,3.9248824715503225,165.0000707061107,0.1410829950294392,3.563809679993062e-06,-0.0826161251880064,0.0426329986634489,0.0121718331208283,0.9046973645272992,9.72903631454784,47.80597337935959,8.119038099423038
3.35,31.22199655694938,131.01097134598365,115.05394926654354,-0.0686729792259468,-0.939226645001939,-7.738482688217034,-2.7509408497386065,1.1457907818374773,9.131249789883594,47.86763025871758,28.094103767573813,57.35400871500718,-12.751889726957048,106.6277360101149,1388.0025012447963,1.274,1.0152112480432598,0.0,3.9271841587606713,165.0000707061107,0.1408486198173792,3.6055236326429054e-06,-0.0821938920319521,0.0388807701587332,0.0120889844786685,0.941733638736567,9.707966674597978,47.72010348968961,8.292443933505913
3.36,31.221995626751664,131.01097408712482,115.45582441269316,-0.0556020303874337,-0.9752159165400192,-6.289783850672992,-2.5434464161576904,1.1726161070253045,22.067187908284826,47.78571028634405,28.09448971060612,57.31298232935611,-12.701815631878572,106.68721778926556,1383.2022473685622,1.274,1.0152078071944584,0.0,3.929480252258697,165.0000707061107,0.140608212492765,3.644973935020205e-06,-0.0818253471593793,0.0349883981906384,0.0120137184614942,0.976799555231668,9.68961967215242,47.63253112477412,6.885167325091479
3.37,31.221994696243605,131.01097682818468,115.85673389386407,-0.042164644850604,-1.0084122394493156,-7.828778648812584,-2.331954461240844,1.1947122499067824,8.370312724408958,47.72691524222022,28.107237676461185,57.27164543959042,-12.655334785919296,106.74245661488064,1379.747343077432,1.274,1.0152036734371397,0.0,3.9317707665538375,165.0000707061107,0.1404358462629442,3.682128235537111e-06,-0.0815117228756189,0.0309664162183957,0.0119524855490581,1.0092932766898546,9.669087949414402,47.56852239575399,8.25561167336995
3.38,31.22199376480286,131.01097957159752,116.25705600758975,-0.0284000402838565,-1.0398405949003116,-7.147593149671987,-2.115600726527826,1.2163930252650936,14.457812250409887,47.637902391740845,28.10365352895812,57.2299566257536,-12.612535085646968,106.79334428084267,1374.5525952141757,1.274,1.0151992537887171,0.0,3.934047722460112,165.0000707061107,0.1401745616247778,3.7169498035811246e-06,-0.0812538714944136,0.0268232990306134,0.0118919958305956,1.040228309812364,9.656998680552976,47.47457357941574,7.552712510034826
3.39,31.22199283365347,131.0109823124779,116.65603634082832,-0.0143241993262892,-1.0684275318540737,-5.869336522801398,-1.896205186046917,1.2337142098311524,25.87187623733368,47.566906934391405,28.10969598079149,57.18787479222634,-12.573496358901476,106.83978199097514,1370.4059880224877,1.274,1.015195118526102,0.0,3.9363002870882737,165.0000707061107,0.1399662889321256,3.7494288766486055e-06,-0.0810529899797681,0.022572376125082,0.0118444617348121,1.0685235372824975,9.64388113378075,47.399088456518406,6.290211131354888
3.4,31.22199190163099,131.01098505541137,117.05438549192776,-2.925275557163672e-06,-1.0941486617331295,-6.554435688060585,-1.6739927054137729,1.2468545764812835,19.78437571097345,47.51177753632247,28.124236791593,57.1453595391782,-12.538286090122886,106.88168546146584,1367.178842797008,1.274,1.0151915734361752,0.0,3.938545301684248,165.0000707061107,0.1398046996769811,3.7795431493589295e-06,-0.0809097785098214,0.0182228898670336,0.0118093777838368,1.0941486617371168,9.630202425238638,47.33991951230651,6.878773517248048
3.41,31.22199096881168,131.01098780005455,117.45205079755596,0.0145421790103336,-1.1176940513315865,-6.812061945202609,-1.449044131853897,1.258437171550119,17.501563513475535,47.44008135639215,28.12976865029848,57.102370862407874,-12.506963079580316,106.91898057258902,1363.0035851940042,1.274,1.0151875590971462,0.0,3.9407867646915458,165.0000707061107,0.1395943594627392,3.8072762509041297e-06,-0.0808247942981121,0.0137842308265172,0.0117787209894721,1.117788638574733,9.622415630559637,47.26452552019929,7.077258011128097
3.42,31.221990035823705,131.01099054392157,117.84865047519315,0.0292738984578731,-1.138665438868574,-6.642729898517806,-1.2222443195305777,1.267150881873842,19.02343764541628,47.36804289128178,28.135044351687498,57.05886920883903,-12.479577346376004,106.95160349401688,1358.815372286006,1.274,1.0151842982160095,0.0,3.943024379782925,165.0000707061107,0.1393830084872555,3.8326306546575855e-06,-0.0807985944178426,0.009268856026638,0.0117565736620645,1.1390416278528566,9.61735466406856,47.1891935158348,6.872074871443181
3.43,31.22198910227624,131.01099328853223,118.24442011773894,0.0441713748518454,-1.1569037433895153,-6.0465566081986335,-0.9941490989354834,1.2726562815100666,24.350000105820577,47.299933126607165,28.14237592096609,57.01481582061229,-12.456167490257355,106.97950384122052,1354.8589282974774,1.274,1.0151799156950267,0.0,3.9452340355425366,165.0000707061107,0.1391832147759691,3.855608711764394e-06,-0.080831507777979,0.0046878034482257,0.0117440038309375,1.1577465684064916,9.614231470228258,47.11821945982202,6.258500879438448
3.44,31.22198816815136,131.01099603393794,118.6393684172033,0.0591733587945077,-1.172286659309299,-8.181802040206662,-0.7652021422806476,1.27462542857709,5.326562460961882,47.2400126230938,28.154084320320944,56.97017264469064,-12.436761984505772,107.002643146542,1351.3770019514984,1.274,1.0151755935262334,0.0,3.947432583675029,165.0000707061107,0.1390075155440239,3.87621662264473e-06,-0.0809237965438168,5.175757923650427e-05,0.0117420715307626,1.1737789439974409,9.61221273101824,47.05588311266903,8.315773501416217
3.45,31.22198723330248,131.01099878069655,119.03358167675044,0.0743377734046194,-1.1858739969215637,-8.096546595354633,-0.5363484997171036,1.2765869187673753,6.087500527076632,47.14518164046797,28.14677260119484,56.924902298680585,-12.421379514117952,107.0209944701628,1345.905787294064,1.274,1.015170740334328,0.0,3.949626569140871,165.0000707061107,0.1387290862562589,3.894464377001811e-06,-0.0810755379981609,-0.0046290618848491,0.0117400281947872,1.188201351628075,9.619859667001675,46.958918287955406,8.21409828557374
3.46,31.221986298803422,131.01100152462553,119.42642060492716,0.0895505480628638,-1.196496391519454,-7.414001444032959,-0.3079654153132376,1.2747616601678473,12.175000053360742,47.06239339743395,28.145921659056288,56.87896808937936,-12.410029432481696,107.03454186570464,1341.1323271261144,1.274,1.0151675995006684,0.0,3.951816471370891,165.0000707061107,0.1384860893766797,3.910386002218868e-06,-0.0812866376606293,-0.0093402114602407,0.0117494823830764,1.1998423854104396,9.627883427094453,46.874461843669096,7.5290953905091245
3.47,31.22198536362716,131.011004269718,119.8184977060612,0.1047783761620247,-1.2041803831366555,-7.670531122002986,-0.0804031830549454,1.2693518875678766,9.89218785568542,46.98950557816242,28.15038782915152,56.832334623804655,-12.402708199848735,107.04328465380291,1336.9309317884536,1.274,1.015163601470227,0.0,3.9539945388600777,165.0000707061107,0.1382722223269037,3.9240024143985e-06,-0.0815568985654426,-0.0140719193101831,0.0117698452174773,1.2087296168923356,9.636712876116858,46.80036729068177,7.775266334983894
3.48,31.22198442793715,131.01100701533264,120.20971496502712,0.1200442819913641,-1.209345860094239,-6.475575708851271,0.1455382878806547,1.2617940453426697,20.545312777233416,46.90945243383832,28.15088052767076,56.78496726945144,-12.39940345430164,107.04723257426758,1332.32934241937,1.274,1.015159602761213,0.0,3.9561447979786073,165.0000707061107,0.1380372671241776,3.935340084016668e-06,-0.0818860537822481,-0.0188143385687362,0.0117967703453062,1.2152884015259058,9.649762038111437,46.71950293509776,6.5989685835868395
3.49,31.221983492046743,131.01100976025765,120.59988849468094,0.1352050119016842,-1.2113339033293076,-7.756510551535831,0.3700597247376342,1.2499549282238172,9.131249789869736,46.84868793182942,28.161832376157484,56.73683220388033,-12.40009399125258,107.04640582719496,1328.8299828909685,1.274,1.015156338005936,0.0,3.9582903414851582,165.0000707061107,0.1378590678496475,3.94443786655908e-06,-0.0822736893165771,-0.0235559436686816,0.011836816422955,1.2188549942035811,9.66171113133236,46.65842622166147,7.865290042875125
3.5,31.221982555239872,131.0110125072742,120.98944209515903,0.1503849718614644,-1.2113058976591515,-8.780453007709502,0.5914062273187514,1.237566095719564,1.002621973242412e-09,46.762825544726255,28.159014295554528,56.68789671115785,-12.404748397175387,107.04083672553408,1323.9139475757956,1.274,1.0151524809311248,0.0,3.960430160879264,165.0000707061107,0.1376070115427035,3.951328497175211e-06,-0.0827193246188211,-0.0282880631919754,0.0118786735233108,1.220604050453539,9.681443717277014,46.5725682326956,8.886939078646865
3.51,31.22198161861177,131.01101525214636,121.37773269061653,0.1655149576207784,-1.2088678239449295,-6.133428128306126,0.8092938905004396,1.2233702638198491,23.589064040339608,46.66809434779338,28.15126672213547,56.63812886772239,-12.413327542546163,107.03056672621057,1318.5061797100727,1.274,1.0151479700063744,0.0,3.9625665804116665,165.0000707061107,0.1373288530649926,3.956068380844448e-06,-0.0832220844975642,-0.0329977514784087,0.0119262153044227,1.220144479885699,9.705709763828844,46.47821992207624,6.306388190453928
3.52,31.22198068181996,131.01101799621415,121.76496530178888,0.1803307037099152,-1.202621875026856,-5.621735877625263,1.025553229510705,1.2028908597776895,28.15468843474305,46.61826431746072,28.168042765051528,56.587498316339314,-12.425781067693316,107.01565066095436,1315.6429597141175,1.274,1.0151446219750992,0.0,3.964685041372306,165.0000707061107,0.1371828204514881,3.958712683549598e-06,-0.0837810582759772,-0.0376739286928899,0.011993052682175,1.2160648671909853,9.723622039039528,46.429370785865856,5.839744868132137
3.53,31.22197974362261,131.01102074430625,122.151869963143,0.1949953402855641,-1.1939027788645402,-7.499948927468118,1.2380141070174109,1.180400026373946,11.414062987273452,46.56296234491224,28.18177851540362,56.535976076963074,-12.442049047464309,106.99615476732484,1312.47450419157,1.274,1.015141538916417,0.0,3.966781648527847,165.0000707061107,0.1370206837859284,3.959297749367104e-06,-0.0843957598734313,-0.0423109225361481,0.0120662648717194,1.2097196058142214,9.745312209637689,46.37543810623354,7.692545551770747
3.54,31.22197880508008,131.01102349233,122.5378272309636,0.2096035219837224,-1.1834167067149115,-7.072262476730721,1.444753612470421,1.1581597226883484,15.218750316620948,46.477016001924646,28.178632568017623,56.48353365799497,-12.462066552212258,106.97215123741708,1307.5852373969394,1.274,1.015137209704014,0.0,3.9688764800386416,165.0000707061107,0.136768366750812,3.957884805758097e-06,-0.0850651338343237,-0.0468982191281406,0.0121390671794204,1.2018329711239546,9.775867432374213,46.29113855715352,7.310645900587528
3.55,31.221977866666546,131.0110262384621,122.92256398691148,0.2239048315406372,-1.1699973221050932,-6.730339611761018,1.6475565760971111,1.1322817238704883,18.26250057902384,46.40695285671033,28.184151411521967,56.43014401269188,-12.485759704865083,106.94372296695651,1303.597610662718,1.274,1.0151343707799672,0.0,3.9709661820511486,165.0000707061107,0.1365627854748724,3.95455076751562e-06,-0.0857876345292087,-0.0514232587591069,0.012223262799698,1.191226317190324,9.805784619314082,46.22318287941218,7.020966875245276
3.56,31.2219769274042,131.0110289865253,123.30665585510071,0.2379308118138603,-1.1540202550920005,-6.473768119264897,1.8454862026076573,1.1039299604454709,20.54531277670896,46.3399595444582,28.191308212501333,56.37578210755689,-12.513044130565252,106.91096544416403,1299.7885059501768,1.274,1.0151294273783893,0.0,3.973049275809196,165.0000707061107,0.1363662351236522,3.9493573155899975e-06,-0.0865621709110224,-0.0558781920918408,0.0123153606636765,1.1782895080860354,9.837616992721673,46.15869872285566,6.821594706781907
3.57,31.221975987700624,131.01103173496332,123.6898680827649,0.2516611099583599,-1.135548527253883,-6.21716999886531,2.038143421665413,1.0732558353656008,22.82812497364794,46.275187235488,28.199638771164555,56.320424117319874,-12.543828931280352,106.87398200180152,1296.10963547043,1.274,1.0151252594096192,0.0,3.975114720904005,165.0000707061107,0.1361762175656644,3.942374803584921e-06,-0.0873874321033933,-0.0602542554582859,0.0124149360192308,1.1630973645601996,9.8714900876268,46.09682736695463,6.6301666261275205
3.58,31.221975047467343,131.01103448415049,124.07225672358896,0.2650605848080563,-1.1146281314037116,-6.216670452362657,2.225219608599934,1.0403038733956715,22.828124974252823,46.213062192018725,28.209383164381563,56.264047711743885,-12.578016032689485,106.83288462843495,1292.5842996052888,1.274,1.0151219898999724,0.0,3.977163099908856,165.0000707061107,0.1359939873654539,3.933677661511854e-06,-0.0882620143893964,-0.0645427594112109,0.0125218909714699,1.1457068218515365,9.907251789240322,46.03798785802311,6.684371770688597
3.59,31.221974106664703,131.0110372342749,124.45384949277266,0.278115731600642,-1.091426091447953,-7.4965956684671795,2.40611034541755,1.005510190585845,11.414062987151125,46.1497394081433,28.21842186077781,56.206632144323336,-12.615500349994091,106.7877937940794,1288.9970831539345,1.274,1.015119333090276,0.0,3.979207076606462,165.0000707061107,0.1358082296902491,3.923343536717407e-06,-0.0891844228573971,-0.0687353311380051,0.0126349533032332,1.1262992130786362,9.94562372927914,45.978308966685134,7.937213891169761
3.6,31.221973165371686,131.01103998506278,124.83460511835416,0.2909356159630387,-1.0664362275565165,-7.751389520717786,2.579027809075217,0.9706241101121618,9.131249789899812,46.067295927400174,28.216824598752822,56.1481583143059,-12.656170161642036,106.73883802777884,1284.348700037012,1.274,1.0151162058471854,0.0,3.9812467991442446,165.0000707061107,0.1355662010077884,3.911454922612088e-06,-0.0901529727445483,-0.0728236081515775,0.0127488859263512,1.1054048965343868,9.990304779658084,45.8997901885935,8.226635709997607
3.61,31.221972224080847,131.0110427346121,125.21424090876468,0.3033599490996921,-1.0392003470158064,-7.579306297334821,2.7451869857533966,0.9337962050099806,10.65312492150812,45.98750574329757,28.21663793688684,56.08860892368284,-12.699907250063342,106.68615377577456,1279.8567012459157,1.274,1.0151130577468443,0.0,3.983282046900352,165.0000707061107,0.1353319766473671,3.898105141257475e-06,-0.0911655823044956,-0.0767981036870897,0.0128692831219174,1.0825684866936522,10.036681818192744,45.82427748432312,8.115042260398903
3.62,31.221971282374,131.01104548460347,125.59300657650748,0.3153676462711214,-1.0097532532897235,-8.260957205079665,2.904451074905196,0.894995369828031,4.565625395406824,45.911649699601405,28.21858043071605,56.02796890132928,-12.746586146810056,106.62988634402464,1275.5914408054196,1.274,1.015109991012425,0.0,3.985297553634,165.0000707061107,0.1351093263816136,3.88338125207426e-06,-0.0922205012976313,-0.0806516105829809,0.0129962521979653,1.057850692633,10.08440960375692,45.75304623984153,8.802287583502892
3.63,31.221970340318343,131.011048234816,125.9708684691634,0.3270533020186778,-0.9785140272910582,-8.344535888914155,3.0552539730762422,0.8557326531923827,3.8046873295394334,45.82478844378792,28.214349752446488,55.96622498368082,-12.796076078346571,106.57018758268508,1270.7231407724537,1.274,1.0151076191318549,0.0,3.9872963446199567,165.0000707061107,0.1348542864295901,3.867372130314592e-06,-0.0933159968443876,-0.0843773148602538,0.0131252783804822,1.0317185490379557,10.13658902685008,45.67109129148814,8.927381162195003
3.64,31.22196939828221,131.0110509838293,126.34761671832727,0.3382913287048902,-0.9452745882956284,-5.013073300368203,3.198451631451145,0.8148868295227973,33.481249895136465,45.74015492621466,28.211301631909105,55.90336571214562,-12.848241392403873,106.50721540131164,1265.9877744060027,1.274,1.01510391770523,0.0,3.989290366288116,165.0000707061107,0.1346057984739839,3.850175345678121e-06,-0.0944499577315691,-0.0879676231958815,0.0132597581175544,1.003979425557764,10.19031268978714,45.5916782769383,6.002086078900131
3.65,31.221968455984744,131.01105373279958,126.72342169856452,0.3486367881130657,-0.9091092166536484,-7.146990910413012,3.3385483411863475,0.7678444869176153,14.4578122505677,45.70597567290348,28.23635631479133,55.839381803893744,-12.902941094216423,106.44113436088,1264.0507320892104,1.274,1.0151006861524416,0.0,3.991278511123918,165.0000707061107,0.134505786252248,3.831884846341849e-06,-0.095620479063376,-0.0914164884925326,0.0134135702777273,0.97366163391369,10.235022628489087,45.56317912300696,7.925589521042211
3.66,31.22196751218068,131.01105648676707,127.09902110300176,0.3588901448265289,-0.8721840655203823,-7.827875308642297,3.466024512538084,0.7242864467558396,8.370312724191336,45.62320936335294,28.234259111343007,55.774265897895866,-12.960030197449576,106.3721140744466,1259.4313411853486,1.274,1.0150982315136965,0.0,3.9932616782230848,165.0000707061107,0.1342627878912529,3.812575568751735e-06,-0.0968266617870826,-0.0947214835692798,0.0135576861744728,0.9431316086169728,10.292071747009032,45.486212301773165,8.591481166022586
3.67,31.221966569130903,131.01105923672145,127.47309346529752,0.3686450750553266,-0.8335469117956832,-6.801071426661654,3.5851669833759505,0.6796295479920978,17.501563513809067,45.540970657147405,28.232399282834944,55.708011564975,-13.01936260627613,106.30032574002888,1254.849831550003,1.274,1.015095899371113,0.0,3.995233929888806,165.0000707061107,0.1340213378232418,3.7923655906489575e-06,-0.0980652667434635,-0.0978735058760751,0.0137058710415224,0.9114219976243528,10.350764139998049,45.41004203300605,7.71815335243778
3.68,31.221965625622428,131.0110619875656,127.846357475424,0.3777274230737841,-0.7929436547251487,-7.140669134128089,3.697767934743593,0.6321144510521483,14.457812250410903,45.477609258086304,28.241070124867047,55.640615548473086,-13.080786179944653,106.22594815152544,1251.3155328605424,1.274,1.0150919096475244,0.0,3.9971827790096457,165.0000707061107,0.1338354382618167,3.771354063807168e-06,-0.0993341784685765,-0.1008674608523498,0.0138634036192549,0.8783100457557222,10.406944194285549,45.35305793606482,8.066115053824639
3.69,31.22196468145664,131.01106474017425,128.2189378965712,0.3863656576975541,-0.7510395407856709,-7.565114962077531,3.800739668547768,0.5847509869316235,10.65312492156489,45.40408745782346,28.244010961823523,55.57207666045111,-13.144145934192268,106.1491638505704,1247.2281610738692,1.274,1.0150890038874327,0.0,3.99912741677936,165.0000707061107,0.1336196350669217,3.7496332349464303e-06,-0.1006317630545066,-0.103699728134349,0.0140212906387061,0.844588813177747,10.466894547137915,45.2861178210055,8.486372613445596
3.7,31.22196373726864,131.0110674920255,128.59046695516943,0.3945022146289364,-0.7078189338717056,-8.672210466840783,3.8944718579143993,0.5371247930946855,0.7609370659767893,45.325961458177005,28.24432479785107,55.5023953698569,-13.209285255659278,106.07015768318352,1242.8952279782138,1.274,1.0150869164313627,0.0,4.0010684931521885,165.0000707061107,0.1333902787190911,3.7273083785075104e-06,-0.1019555520138285,-0.1063652953077976,0.0141807868496471,0.8103281576595078,10.529309350560496,45.21478034808754,9.521693571871921
3.71,31.221962792894065,131.01107024383336,128.96104819805575,0.4022349822442355,-0.6635307519981662,-8.241767543767875,3.977718456463887,0.4904086002937276,4.565625394793152,45.23341510408565,28.23647433254031,55.43157450022533,-13.276045028278858,105.9891178891911,1237.7807692189244,1.274,1.0150838258401176,0.0,4.00300409212016,165.0000707061107,0.1331184810179902,3.70448305570018e-06,-0.1033031896974946,-0.108859987653708,0.0143383784103053,0.7759244852130324,10.5963300698622,45.12919026700963,9.164577293014721
3.72,31.22196184870302,131.0110729941272,129.33046884912855,0.40930358559353,-0.617851604431573,-7.042964776123997,4.0533367064284604,0.4419526782335866,15.218750315900497,45.15291986838803,28.23536766411572,55.35961909630692,-13.344264401032236,105.90623519687227,1233.3354294521007,1.274,1.0150805710733877,0.0,4.004932262158009,165.0000707061107,0.1328821449644294,3.681265102227152e-06,-0.104672082880477,-0.1111796903760136,0.0145020095731552,0.7411231587900786,10.661873061947812,45.05586984624669,8.138071851685845
3.73,31.22196090414757,131.01107574522027,129.69906133466955,0.4156615725444934,-0.570839942590823,-8.234991313666628,4.121820091302537,0.391382264829295,4.565625394872903,45.08831650796492,28.243202148298924,55.28653659419256,-13.41378098668902,105.82170261240536,1229.7650768349465,1.274,1.0150784009806275,0.0,4.006832332079258,165.0000707061107,0.1326925746592579,3.6577515027446152e-06,-0.1060603447885263,-0.1133220405980291,0.0146728042506575,0.7061353030653267,10.724910584520876,44.99865066288445,9.217248118525017
3.74,31.221959959127776,131.01107849760257,130.06689348308697,0.4216840724786735,-0.5231731297543976,-8.145217746009484,4.178545691871435,0.3430910195806669,5.326562461318733,44.99989454317178,28.23753523959993,55.212336226269215,-13.484432236872696,105.73571377106722,1224.9030803458145,1.274,1.015075452611844,0.0,4.0087281424525685,165.0000707061107,0.1324329044281952,3.634037498815681e-06,-0.1074662216961428,-0.1152849938497377,0.014837617268868,0.6719543427048146,10.794453036190642,44.917715842100456,9.160923953220115
3.75,31.221959014508148,131.0110812477207,130.43345616383468,0.4270539230924673,-0.4745283360806852,-6.603776130896336,4.227090871850395,0.2938434660938926,19.02343764467724,44.91882887268056,28.23599117794098,55.13702893193064,-13.556055754099733,105.64846257785416,1220.4507440899351,1.274,1.0150712956083277,0.0,4.010620042108148,165.0000707061107,0.1321948795125633,3.61023412627036e-06,-0.1088868029021206,-0.1170654148917344,0.0150061413015187,0.6383948817629602,10.863218103949158,44.84429098808784,7.8463048888278095
3.76,31.22195806957872,131.01108399859424,130.79918041477595,0.4315935535589294,-0.424862553747319,-6.25797836340494,4.26937413809552,0.2419723348035102,22.06718790753328,44.860481730752014,28.247316881265224,55.06062818414352,-13.628488724086264,105.56014392638178,1217.239340008026,1.274,1.0150682644274285,0.0,4.0125054124074895,165.0000707061107,0.1320237116558334,3.586439029986338e-06,-0.1103200607337021,-0.1186618906627756,0.0151833810932427,0.6056218051665117,10.927440309849562,44.7937450884702,7.579472233519528
3.77,31.22195712403056,131.01108675161092,131.16426049032216,0.4355472049318705,-0.3745848117139629,-8.217059924509377,4.30244501341368,0.190341595127576,4.565625395121615,44.79965754417402,28.2572279941836,54.98314928244803,-13.701569206422276,105.47095214341628,1213.8981132318156,1.274,1.015065294313788,0.0,4.014386470370072,165.0000707061107,0.1318452514896291,3.5627429549711254e-06,-0.1117643777974202,-0.1200736946791873,0.0153607669554263,0.5744670975194878,10.992891219561704,44.74081831869601,9.277248343084386
3.78,31.22195617831529,131.01108950492855,131.5284329758314,0.4392419211318137,-0.3240280877026859,-8.723206655012858,4.322797331287669,0.1423805530667444,0.0,44.70776318100468,28.24941432274325,54.90460904675028,-13.775136667082032,105.38108035520814,1208.8808650554745,1.274,1.0150622213912934,0.0,4.016248504773682,165.0000707061107,0.1315753486909952,3.5392458226891065e-06,-0.1132173941941336,-0.1212996120161937,0.0155280052765925,0.5458256223557163,11.066334185490971,44.65686523932353,9.736589923342772
3.79,31.22195523307887,131.0110922558264,131.89131405552067,0.4423324064437954,-0.2729787189194857,-7.008892275115395,4.334520393680539,0.0944562274071356,15.218750316220843,44.618108805598446,28.242826275640294,54.82502631141799,-13.849031793958924,105.29072072941952,1203.9952175711624,1.274,1.0150582669791444,0.0,4.018097694038146,165.0000707061107,0.1313120340837845,3.516057694365898e-06,-0.1146760017326516,-0.1223382939242738,0.0156959678182001,0.5197825106067618,11.13977066550201,44.57522957092306,8.241453751996715
3.8,31.221954287726646,131.0110950068988,132.25326938976775,0.4445214004573877,-0.2213950675167261,-6.319547542842506,4.340958180975032,0.0435627621229439,21.30624984269792,44.55672898911446,28.25236997790749,54.74442237529512,-13.923096599733736,105.20006436871924,1200.643049838171,1.274,1.015054742284907,0.0,4.019940325834702,165.0000707061107,0.1311319289077816,3.4932736415021902e-06,-0.1161381122424123,-0.12318977053662,0.0158736692308797,0.4966025250892376,11.20672882838219,44.52195241977387,7.666974422121453
3.81,31.221953341759647,131.01109776038993,132.61461063676973,0.4460811306848888,-0.16959918364313,-6.910538454529651,4.338960681765718,-0.0071744277898988,15.97968838186588,44.497142889525286,28.262939817251247,54.66282024516551,-13.997175366614483,105.1093001656144,1197.3922752969927,1.274,1.0150517704792994,0.0,4.021778256889123,165.0000707061107,0.1309571003391404,3.4709769473802515e-06,-0.1176023779517774,-0.1238547231476527,0.0160517498307463,0.4772333570340533,11.273457781464977,44.4705023509599,8.15979000966667
3.82,31.22195239564208,131.011100514364,132.97506408495158,0.4471658588826094,-0.117755762127533,-7.842162078858252,4.32687328102727,-0.0559517913193816,7.609375658194947,44.425265268896446,28.26644950004569,54.58024412971648,-14.071115049534235,105.01861431545171,1193.485606137278,1.274,1.0150484703147489,0.0,4.023613069742253,165.0000707061107,0.1307460943810846,3.449259860413068e-06,-0.1190666510146045,-0.1243336425641864,0.0162247961042227,0.4624104706064572,11.343326832888444,44.406768250057326,8.9568113223458
3.83,31.22195144957498,131.01110326799002,133.33451348231904,0.4477776283951693,-0.0659322233632668,-7.406643117564358,4.304976762158836,-0.1027645384959517,11.414062986761497,44.34238361907071,28.26360811404232,54.49671991031052,-14.144765310538617,104.92819028375388,1188.9953729973547,1.274,1.0150464817955984,0.0,4.025442205128804,165.0000707061107,0.1305026996032526,3.4282181260664764e-06,-0.1205283937379122,-0.124627338794328,0.0163927740181497,0.4526055391471534,11.415973784158435,44.33202701192875,8.567481995549413
3.84,31.22195050362219,131.01110602103407,133.69292602203564,0.4476947507696753,-0.0141473995593882,-8.678667886247753,4.276188315741124,-0.1502333336294904,0.0,44.27070814293912,28.26718625227159,54.41227530416724,-14.217978869554567,104.83820838104748,1185.1137707235553,1.274,1.0150449646691029,0.0,4.027244134709541,165.0000707061107,0.1302922819976075,3.407944705380875e-06,-0.121985167140801,-0.1247371689458894,0.0165635168814978,0.4479182232366561,11.48579164531685,44.268485874635545,9.676137289538755
3.85,31.221949557384995,131.0111087753269,134.05055352858798,0.4472774312405247,0.0374159304412241,-7.216922647312757,4.23663900168975,-0.1942423771932343,12.935938118883108,44.17777913462052,28.2584796299096,54.3269397213037,-14.29061192719616,104.7488452469964,1180.1029896533307,1.274,1.0150422376983737,0.0,4.029040866472648,165.0000707061107,0.1300193104117302,3.388521439398447e-06,-0.1234352999742545,-0.124664814625025,0.016724662448521,0.4488396416423888,11.560808391967514,44.18365641481287,8.370831059639906
3.86,31.22194861167304,131.01111152731588,134.40690468830485,0.4459738406651302,0.08868756672338,-6.865469784943957,4.192677187084376,-0.2409064047170189,15.979688382004428,44.11313257463198,28.266086341939246,54.240743769144736,-14.36252427046124,104.66027371634188,1176.6113879881168,1.274,1.0150399000458914,0.0,4.0308336628766686,165.0000707061107,0.1298295729556824,3.3700402753073e-06,-0.124876209997028,-0.1244125948025592,0.0168945571060601,0.4547064901689095,11.628393067855171,44.127063579473095,8.04805897461679
3.87,31.221947665348527,131.0111142821618,134.76268795338564,0.4441244924120913,0.1395401489525103,-6.427898507493688,4.140703140885187,-0.286390069095481,19.78437571090957,44.04644107159103,28.272507646788497,54.15371966008345,-14.433579939793193,104.57266200211474,1173.0162202851325,1.274,1.0150370904577488,0.0,4.032620060894816,165.0000707061107,0.1296338146330656,3.352571331297594e-06,-0.1263067625051076,-0.1239827448926973,0.0170616783772962,0.4655294061057725,11.696098570531513,44.06835996526444,7.6514914229353055
3.88,31.221946719090464,131.0111170368856,135.117491668242,0.4416510314328009,0.1898646687806734,-7.441484139079922,4.081754281651925,-0.3314912064199913,10.653124921580096,43.98454021312128,28.28170364346629,54.06590038115273,-14.503646864205528,104.48617413055209,1169.681567233798,1.274,1.0150343215609003,0.0,4.03440361205588,165.0000707061107,0.1294521527847418,3.336194090755908e-06,-0.127724976154427,-0.1233779920365228,0.0172284169311712,0.4807322664879516,11.762070901552006,44.01436403096939,8.493897257907918
3.89,31.22194577259995,131.01111979289692,135.47150735949336,0.4388222108075412,0.2396469847229074,-8.624666390109692,4.013337837648188,-0.3732363377855735,0.0,43.90522910017256,28.280769730172207,53.9773200788704,-14.57259738432512,104.400969295153,1165.427397605415,1.274,1.0150329677606664,0.0,4.036176071302882,165.0000707061107,0.1292192475067375,3.320982610549628e-06,-0.1291290713327974,-0.1226012484469756,0.0173858111150537,0.4999944870134398,11.831989542913997,43.9428726507469,9.520034469666061
3.9,31.221944826417488,131.01112254777772,135.82440498835865,0.43561793560086,0.2888204852456761,-7.586542246933245,3.936322329359084,-0.412093399577037,9.13124979000795,43.81321582615784,28.272402175313804,53.888013884465884,-14.64030832378986,104.3172017538744,1160.5082491782243,1.274,1.0150305061083784,0.0,4.0379281289309885,165.0000707061107,0.1289489543427581,3.3070164785794e-06,-0.1305167311107292,-0.1216562431861187,0.0175352209455558,0.5226649511790783,11.904622021168226,43.85858344975541,8.556873127205336
3.91,31.22194388054037,131.01112530157363,136.17619112302208,0.4316617784592968,0.3370925934008986,-6.633751415083268,3.855065388844369,-0.4525215209913128,17.50156351336199,43.74265556935328,28.276520520120084,53.798018067650666,-14.706661678803778,104.23501996646314,1156.734125889306,1.274,1.0150272645444631,0.0,4.0396746531551,165.0000707061107,0.1287417971465424,3.294369786012797e-06,-0.1318859454265872,-0.1205470736797994,0.0176900423910215,0.5476870982511254,11.970872243080567,43.795605644632495,7.6858937487025765
3.92,31.221942934323604,131.01112805733447,136.52727555320956,0.4270950713038506,0.3844055122738689,-5.424330820377953,3.7682548836437566,-0.4928858504001031,28.154688434825168,43.6811557573123,28.285934762661988,53.70736977832032,-14.771544785032704,104.15456637052812,1153.4448047099092,1.274,1.015024022539022,0.0,4.041415676478503,165.0000707061107,0.1285613037613196,3.283100431469062e-06,-0.1332356635607457,-0.1192771997780722,0.0178453528312442,0.5746086153740416,12.033847455189964,43.74153758098755,6.623144734831922
3.93,31.221941987994256,131.01113081408093,136.87752316846615,0.4218676472702966,0.4306186299256349,-6.947298530471596,3.676575713951935,-0.5337508015506586,14.457812250455508,43.63298495017443,28.303169072613365,53.61610656592945,-14.834849587347438,104.07597826434768,1150.863393818193,1.274,1.01502145734843,0.0,4.043153227024396,165.0000707061107,0.1284200374838406,3.2732683581953498e-06,-0.1345644978967264,-0.1178505428319523,0.01800285157067,0.6028278072967687,12.09227968270766,43.70062572959173,7.878264768974825
3.94,31.22194104127625,131.0111335731694,137.22711357670306,0.4164563053530444,0.4760187355500876,-7.870944259223923,3.575410630509398,-0.5692765102708365,6.087500526502836,43.55587029298735,28.30342198675384,53.524266469214815,-14.896472996554808,103.9993873493712,1146.7604310848214,1.274,1.0150183992802964,0.0,4.0448866360701965,165.0000707061107,0.1281935816326287,3.264928954732895e-06,-0.1358711490299327,-0.116270978829694,0.0181449261506452,0.6324758496522505,12.157453411473035,43.63064228092688,8.663682845863864
3.95,31.22194009506824,131.0111363304079,137.5754860061301,0.4106471793822387,0.5203626646091088,-5.80478078822057,3.467764026612676,-0.6024297004372869,24.35000010567156,43.4724577190561,28.299940232732023,53.43188793058503,-14.9563167727812,103.924919850334,1142.3340589218512,1.274,1.0150140885846175,0.0,4.0466098195093885,165.0000707061107,0.1279485861351792,3.258150121677237e-06,-0.1371533122881272,-0.114544327187196,0.018280462767197,0.6628753820933424,12.223272435488225,43.55419497159999,6.7885041715780465
3.96,31.22193914896752,131.01113908772862,137.92289840471136,0.4040143535695293,0.5631063788910861,-7.154954745067917,3.358531446847832,-0.6390212173559706,12.175000052851152,43.42459172730277,28.31739169069792,53.33901003772229,-15.014289104319108,103.85269453289747,1139.7817438018835,1.274,1.015011296479876,0.0,4.048311960271476,165.0000707061107,0.1278082088000677,3.252986900192487e-06,-0.1384094369361083,-0.1126758929336555,0.0184269563829591,0.6930448299784998,12.278224842831394,43.513042846515454,7.929783036102992
3.97,31.22193820216709,131.01114184905623,138.26986741794445,0.3972646092122201,0.6049033163238676,-6.453955588613028,3.2406337976627384,-0.6697745850140747,18.26250057944421,43.34607176377076,28.316754531992306,53.24567213692993,-15.070303981246695,103.78282345043992,1135.6256386020248,1.274,1.0150083397771004,0.0,4.0500094103304685,165.0000707061107,0.1275776079281235,3.249475423633803e-06,-0.1396390485155218,-0.1106691570544929,0.0185564235856367,0.7236859319888906,12.340310163459328,43.441087989366814,7.252851035632411
3.98,31.221937256056165,131.01114460778433,138.61551819688964,0.3899089988366323,0.645107808126803,-6.606819512652208,3.1196334138092023,-0.7013492105369762,16.740624447841906,43.28473647967302,28.326267962875725,53.15191345966064,-15.12427954207404,103.71541397194518,1132.3763676524488,1.274,1.015005341634564,0.0,4.051704694019935,165.0000707061107,0.1273975820693196,3.2476737060173425e-06,-0.1408400931144135,-0.1085310169554791,0.0186889230694076,0.7537815911284074,12.396327142847769,43.386067636208125,7.3398956003772735
3.99,31.22193630952057,131.01114736930833,138.96056127236974,0.3822103030599625,0.6839445651099547,-8.46691351749395,2.993317420989446,-0.730457032967811,6.913925876261826e-10,43.21751926455312,28.332295738883992,53.05777346957912,-15.176140832208125,103.6505653229384,1128.824636515738,1.274,1.015002302036626,0.0,4.053393536836616,165.0000707061107,0.1272002418983434,3.2476175070028826e-06,-0.1420117315314756,-0.1062661754360753,0.0188145060610265,0.7834908710963354,12.45256995592734,43.32495047418773,9.010113271903569
4.0,31.22193536316292,131.01115013077035,139.3046187893568,0.3744115723203004,0.7216853279012787,-8.446751394743718,2.8599359253950727,-0.753939804777981,5.028320503139836e-10,43.12307625531011,28.3221271403148,52.9632914608224,-15.225817837334125,103.58837099722524,1123.8591607957155,1.274,1.0150000015428002,0.0,4.055079410448599,165.0000707061107,0.1269227659665252,3.2493480118478505e-06,-0.1431526667332391,-0.10388071135499,0.0189235909458661,0.8130229543620853,12.514997918641203,43.23643532399697,8.949595960220718
4.01,31.221934417455767,131.0111528898838,139.64739296147303,0.3661782975807443,0.7577260390566639,-8.426277699543185,2.7236406705187988,-0.7770353358574064,0.0,43.038140113376365,28.31757241896348,52.86850657601393,-15.273246490657924,103.52891746983283,1119.3994142220388,1.274,1.0150000015428002,0.0,4.056756753319941,165.0000707061107,0.1266732674033418,3.2529103178157146e-06,-0.1442612756861325,-0.1013822837373315,0.0190319506078225,0.8415625221678324,12.57329086769322,43.157159971848486,8.889553323148128
4.02,31.22193347175212,131.01115564984218,139.9892993868291,0.3576435301027453,0.7921562909929618,-8.405238397339893,2.583769289883549,-0.7983829673968696,0.0,42.95331449475752,28.3130520770274,52.77345771421668,-15.318369780408991,103.47228277303162,1114.954510765241,1.274,1.0150000015428002,0.0,4.058410182527943,165.0000707061107,0.1264240909678484,3.2583313648194862e-06,-0.1453368862526561,-0.0987766034929139,0.0191354320317978,0.8691445989534209,12.630028955272028,43.0777421498054,8.829570296571156
4.03,31.22193252635798,131.01115840918584,140.330146628581,0.3488128319180697,0.8249008634447313,-8.383660138063567,2.440648868958559,-0.8179659924813097,0.0,42.868595256758205,28.308566986847065,52.67818325327946,-15.361136019803071,103.41853862035032,1110.5242197195732,1.274,1.0150000015428002,0.0,4.060059425999246,165.0000707061107,0.1261752242046069,3.26563808669746e-06,-0.1463787728310707,-0.0960699918709007,0.0192339657103854,0.8956134319312137,12.685139701565664,42.99816590503407,8.769925460171292
4.04,31.22193158122884,131.011161168161,140.6699660278841,0.3397084885042547,0.8559086039078823,-8.361571991511049,2.2946043178902413,-0.8357734873685326,0.0,42.78398311927308,28.30411714207069,52.58272095973204,-15.401499195031263,103.3677499369803,1106.1085395299683,1.274,1.0150000015428002,0.0,4.061703560316707,165.0000707061107,0.1259266692896552,3.274853786603563e-06,-0.147386239305063,-0.0932689429132068,0.0193274884327987,0.9208543918737456,12.738573758783396,42.91842392802882,8.710890452019859
4.05,31.221930636369027,131.01116392677375,141.00875757909037,0.3303522251670664,0.8851311194864327,-8.339004980539597,2.145960646354888,-0.8517981673545876,0.0,42.699478479729805,28.29970246623332,52.487107912720994,-15.439418972830763,103.31997481099114,1101.707455136709,1.274,1.0150000015428002,0.0,4.063342736681147,165.0000707061107,0.1256784274049739,3.2859980941739463e-06,-0.1483586735667701,-0.0903800405611504,0.0194159485625776,0.94476505520176,12.790284530186346,42.83850902064974,8.65272854532469
4.06,31.221929691782528,131.01116668502988,141.34652126362283,0.3207661656033528,0.9125240743167864,-8.315991933352052,1.995042112195207,-0.866036456823099,0.0,42.61508178375384,28.29532283048549,52.39138041419984,-15.474860635872874,103.27526453579434,1097.3209538519216,1.274,1.0150000015428002,0.0,4.06497695502684,165.0000707061107,0.1254304998744028,3.299086991877185e-06,-0.1492955443336281,-0.0874099474205538,0.0194993056156968,0.967255095328272,12.84022938378922,42.75841467046258,8.595692759141373
4.07,31.221928747472845,131.01116944293497,141.6832570817826,0.3109726628832836,0.9380470676053108,-8.29256730609017,1.842171588453656,-0.8784883952857085,0.0,42.53079347929832,28.290978053650168,52.2955739045147,-15.507795010485632,103.23366366187234,1092.9490229761884,1.274,1.0150000015428002,0.0,4.06660621528806,165.0000707061107,0.1251828880286505,3.31413284475987e-06,-0.1501964011410977,-0.0843653894966522,0.0195775301304371,0.9882447357133168,12.888369531359094,42.67813498560528,8.54002403673392
4.08,31.22192780344304,131.01117220049443,142.0189650308809,0.301007917249889,0.9616807632031988,-8.268766965418433,1.6876653742960823,-0.8891611631790246,0.0,42.44661921541734,28.28666790368856,52.19972288259564,-15.538198383756436,103.19521006180756,1088.5919164564375,1.274,1.0150000015428002,0.0,4.068213485521979,165.0000707061107,0.1249356085071266,3.33114443715388e-06,-0.151060873770848,-0.0812531416329237,0.0196506058915043,1.007684051636497,12.934685977996685,42.59767258378171,8.48594892266616
4.09,31.221926859695763,131.01117495771348,142.35364512213792,0.2908838098223995,0.9833792061043354,-8.244627768662896,1.5318428997583675,-0.8980608121605931,0.0,42.36255536710983,28.28239206070552,52.10386083107929,-15.566052411216484,103.15993500728844,1084.2494112315328,1.274,1.0150000015428002,0.0,4.069812178101498,165.0000707061107,0.1246886506525111,3.3501270136955106e-06,-0.1518887157331535,-0.078079957325243,0.0197185287956729,1.025494878237682,12.979135054667704,42.51701662790885,8.433679086595955
4.1,31.22192591623326,131.01117771459693,142.68729736179617,0.2806201400839932,1.0031101897539847,-8.220187876114597,1.3750197034868608,-0.9051972847614412,0.0,42.27860126637856,28.278150200484948,52.00802013071113,-15.591343967634772,103.127863318475,1079.9214368566284,1.274,1.0150000015428002,0.0,4.071405975854071,165.0000707061107,0.1244420125108912,3.371082380996256e-06,-0.1526797238249767,-0.0748526549901321,0.0197813018712019,1.0416187737588656,13.021686100707232,42.43616139713843,8.383409212721158
4.11,31.221924973057305,131.01118047114943,143.01992176901192,0.2702396973373557,1.020849162830087,-8.195486377296945,1.2175070961758996,-0.9105841312086728,0.0,42.19475736955314,28.2739419505704,51.912232008461565,-15.614065077107488,103.0990134134704,1075.60798053999,1.274,1.0150000015428002,0.0,4.0729948788229535,165.0000707061107,0.124195695437646,3.3940089215335068e-06,-0.153433762842844,-0.0715780717922886,0.0198389375921773,1.0560088916811423,13.06231574496652,42.35510349706112,8.335315467917667
4.12,31.22192403016929,131.01118322737554,143.35151835796438,0.2597652700970699,1.0365755328182464,-8.170563027586374,1.0596120773007287,-0.9142380439150164,0.0,42.11102413476157,28.269766891061543,51.81652648163072,-15.63421280741813,103.07339740344628,1071.309029449728,1.274,1.0150000015428002,0.0,4.074578887083851,165.0000707061107,0.1239497007934537,3.418901642418181e-06,-0.1541507740048722,-0.0682630380405569,0.0198914583587287,1.0686250364772785,13.101004454456616,42.27384015653051,8.289554218597315
4.13,31.221923087570147,131.01118598327926,143.68208716568603,0.2492196083561318,1.0502726551453427,-8.145458047073923,0.9016368174266076,-0.9161787521872896,0.0,42.02740202191992,28.26562455910379,51.72093230385413,-15.651789147291831,103.0510212101493,1067.0245707128645,1.274,1.0150000015428002,0.0,4.076158000739498,165.0000707061107,0.1237040299442633,3.4457522404185203e-06,-0.1548307736618987,-0.0649143639865837,0.01993889623061,1.0794332339197852,13.1377365201946,42.19236922586147,8.246260925603796
4.14,31.22192214526041,131.0111887388646,144.01162822025603,0.2386293475278916,1.0619327982392404,-8.120211908331333,0.7438768655991768,-0.9164299350144498,0.0,41.94389300361975,28.26151445064185,51.62547691647342,-15.666800877716463,103.03188469180236,1062.7546679794875,1.274,1.0150000015428002,0.0,4.077727315403293,165.0000707061107,0.1234586887084759,3.4745491718189827e-06,-0.1554738519032045,-0.061538826934739,0.0199812933694306,1.0884110955449602,13.172504647599183,42.11069146741756,8.205549223127617
4.15,31.221921203240218,131.0111914941352,144.3401415676373,0.22802529258109,1.0715575418089551,-8.094865044953993,0.5866199087479153,-0.9150197099016396,0.0,41.86050069852615,28.25743601142324,51.53018640526808,-15.679259437934824,103.01598177676676,1058.4994673950707,1.274,1.0150000015428002,0.0,4.079276626669088,165.0000707061107,0.1232136877496818,3.505277726247868e-06,-0.1560801835594324,-0.0581431427774838,0.0200187034314711,1.0955478251144468,13.205310294018249,42.02881075148183,8.167510274426713
4.16,31.221920261509247,131.01119424909444,144.66762725974857,0.2174175111325874,1.0791264218496337,-8.069457632202697,0.4301527284948339,-0.91197470573505,0.0,41.77722090395985,28.253388631042466,51.43508545808651,-15.689180773239768,103.00330062153984,1054.2587189374372,1.274,1.0150000015428002,0.0,4.080821106252368,165.0000707061107,0.1229690147099037,3.537920118780517e-06,-0.1566500398448608,-0.0547339368511242,0.0200511884165442,1.100808166265773,13.236134681190537,41.94671966442088,8.132212227410598
4.17,31.221919320066824,131.01119700374548,144.99408534850048,0.2068281796601506,1.0846382565320287,-8.044029774953488,0.2747535555674073,-0.9073256315893,0.0,41.69405408647245,28.249371704576443,51.340197323085725,-15.696585164565215,102.99382379335071,1050.0324095433798,1.274,1.0150000015428002,0.0,4.082360754382682,165.0000707061107,0.1227246709746554,3.572455604647236e-06,-0.1571837218031016,-0.051317814698497,0.0200788159900095,1.104179755875702,13.264977051160908,41.86441848955708,8.099700262255025
4.18,31.22191837891185,131.0111997580912,145.3195159046815,0.196279213750426,1.0880955906363918,-8.018621073412163,0.1206935807418227,-0.9011056571646444,0.0,41.61100071377858,28.24538458215379,51.24554379514655,-15.701497124250524,102.9875283694776,1045.8205260767695,1.274,1.0150000015428002,0.0,4.0838955713429606,165.0000707061107,0.1224806579328714,3.6088605200041744e-06,-0.1576815975248835,-0.0479013010538496,0.0201016619747613,1.105654969941604,13.291840244361566,41.78190809601717,8.069996422847785
4.19,31.22191743804288,131.01120251213425,145.6439190010596,0.1857922530578086,1.0895046648947209,-7.9932704426108705,-0.0317634185719161,-0.8933502956082456,0.0,41.52806125497966,28.241426582203832,51.1511451935396,-15.703945246356495,102.9843860958999,1041.6230553381272,1.274,1.0150000015428002,0.0,4.085425557416132,165.0000707061107,0.1222369769775883,3.647108371935183e-06,-0.1581441001704498,-0.0444908289470297,0.0201198100138528,1.105230752154596,13.316730670704052,41.69918993412182,8.043099902036484
4.2,31.22191649745801,131.01120526587695,145.96729471934057,0.1753886254803252,1.0888753514266651,-7.968015940393744,-0.1823614237689321,-0.8840972824789061,0.0,41.445236180485246,28.23749699341664,51.057020344617904,-15.703962054387398,102.98436355073322,1037.4399840615763,1.274,1.0150000015428002,0.0,4.0869507129652,165.0000707061107,0.1219936295057011,3.6871699316382896e-06,-0.1585717259763106,-0.0410927291423356,0.020133351234484,1.102908426601482,13.33965824731999,41.61626602516001,8.018987574509293
4.21,31.221915557155064,131.0112080193215,146.28964315116147,0.1650960138649188,1.0862295654524827,-7.942894587636178,-0.330854645327504,-0.8733881305182578,0.0,41.3625285194292,28.233595076741786,50.963186569379566,-15.70158384679036,102.98742231203984,1033.27142668831,1.274,1.0150000015428002,0.0,4.0884628269519325,165.0000707061107,0.1217506244457106,3.7290133306006896e-06,-0.1589650321834653,-0.0377132200102971,0.0201423851509166,1.0987029157489263,13.360644125084768,41.533142839881386,7.997615022815555
4.22,31.221914617131407,131.01121077246964,146.61096439610327,0.1549373846172509,1.0815872429212314,-7.91794209403641,-0.4770053750051131,-0.861266093905244,0.0,41.27993966227537,28.22972004977621,50.86965967575028,-15.69685054064696,102.99351912954118,1029.1174147861595,1.274,1.0150000015428002,0.0,4.089958995536399,165.0000707061107,0.1215079659028002,3.772604158452156e-06,-0.1593246554245258,-0.0343583715104351,0.0201470198779287,1.0926269746174042,13.379707772887528,41.449824898892224,7.97891724589297
4.23,31.22191367738414,131.011213525323,146.93125856566652,0.1449237715855964,1.0749571267421767,-7.893192825778095,-0.6205812428408574,-0.8477736996042867,0.0,41.19746660691569,28.22587110635285,50.7764539481767,-15.689805492240255,103.00260612778068,1024.977760851623,1.274,1.0150000015428002,0.0,4.091450396475862,165.0000707061107,0.1212656450525657,3.817905588192898e-06,-0.1596512959198323,-0.0310341133003533,0.0201473686788345,1.084681178751501,13.396858552393052,41.36631057173983,7.962809448280263
4.24,31.221912737909943,131.01121627788297,147.25052577929404,0.1350749126329097,1.066362845349469,-7.8686798792468515,-0.7613601767084643,-0.8329563006227751,0.0,41.115109828768645,28.222047444785662,50.68358214639336,-15.680495331237488,103.01463099354363,1020.852451345146,1.274,1.0150000015428002,0.0,4.092937030276263,165.0000707061107,0.1210236633066785,3.864878489535611e-06,-0.1599456800798427,-0.027746271065263,0.0201435490116448,1.074882711398367,13.412119678399984,41.28260404272166,7.9491891762297975
4.25,31.22191179870522,131.0112190301506,147.56876616536744,0.1254100592602005,1.0558312359537363,-7.8444347764619184,-0.8991292216863584,-0.8168608540642526,0.0,41.032869804160406,28.21824823568168,50.59105552075835,-15.668969831211344,103.02953711802267,1016.7414726409016,1.274,1.0150000015428002,0.0,4.094418897496246,165.0000707061107,0.120782022079491,3.9134815012928926e-06,-0.1602085863466197,-0.0245005221163409,0.0201356840568166,1.0632523225758086,13.425517471998416,41.19871000046585,7.937937513885962
4.26,31.221910859766023,131.0112217821268,147.8859798612048,0.1159479649216958,1.043392270273721,-7.820487352546396,-1.0336847447735946,-0.7995358004172832,0.0,40.95074701050248,28.21447263205244,50.49888382163979,-15.655281749731731,103.0472637798404,1012.644811036379,1.274,1.0150000015428002,0.0,4.095895998741884,165.0000707061107,0.1205407227885523,3.963671138897264e-06,-0.1604408427771022,-0.0213023875984182,0.0201239023501562,1.049814209314871,13.437081292420396,41.11463362650103,7.928920738604005
4.27,31.22190992108811,131.01122453381214,148.20216701703777,0.1067068587894827,1.02907895570394,-7.796865656242215,-1.1648326142850542,-0.781030941480409,0.0,40.86874192627745,28.21071977130596,50.4070753125991,-15.639486668374047,103.06774632989487,1008.5624527509356,1.274,1.0150000015428002,0.0,4.097368334640334,165.0000707061107,0.1202997668545783,4.015401903443195e-06,-0.1606433246333696,-0.0181572251053208,0.0201083374204956,1.0345958758765408,13.446843444753103,41.03038057978374,7.92199207348387
4.28,31.22190898266693,131.01122728520696,148.51732778905273,0.0977096953082741,1.0129339509092847,-7.7735958579354785,-1.2923900103490595,-0.7613986005872458,0.0,40.78685704837709,28.20698877723726,50.315636787138814,-15.621642832856718,103.0909163777552,1004.4944832917718,1.274,1.0150000015428002,0.0,4.09882950001854,165.0000707061107,0.120059161639633,4.0686263921138085e-06,-0.1608169519367273,-0.0150702217679876,0.0200891284204857,1.0176351894414306,13.454845218905296,40.94596005311954,7.916993894802363
4.29,31.22190804449765,131.01123003631145,148.831462347344,0.088978392236621,0.99500217404569,-7.750702073287475,-1.4161845884792454,-0.7406927449267015,0.0,40.70509470987908,28.203278748586367,50.22457358879422,-15.601810993550696,103.11670197928665,1000.4409791751476,1.274,1.0150000015428002,0.0,4.100273652153683,165.0000707061107,0.1198189140236686,4.123295408847528e-06,-0.1609627026833764,-0.0120463675594456,0.0200664206488376,0.9989723143003626,13.461130115748608,40.86138143012089,7.913759356961516
4.3,31.221907106575145,131.01123278712552,149.14457086895413,0.0805192882179888,0.9753121607341472,-7.728206318658021,-1.5360499769026013,-0.718965293674925,0.0,40.623451521144375,28.199588766879927,50.13388962880016,-15.580054230295556,103.14502784641228,996.4017353169636,1.274,1.0150000015428002,0.0,4.101713101894203,165.0000707061107,0.1195790140413617,4.179358094705471e-06,-0.1610816086912242,-0.0090904513974391,0.0200403622189774,0.9786299302737516,13.465726853327489,40.77664579852692,7.912113088726508
4.31,31.22190616889408,131.0112355376488,149.45665354284571,0.0723482736546641,0.9539079897056464,-7.706128757382991,-1.6518313453462992,-0.6962702467256823,0.0,40.54192796500497,28.195917935856382,50.04358740720984,-15.556437779992676,103.17581555508252,992.3767376338236,1.274,1.0150000015428002,0.0,4.1031478500621725,165.0000707061107,0.1193394631262595,4.236762059711516e-06,-0.1611747086187698,-0.0062071130891033,0.0200111028882076,0.9566473968488544,13.468678523627124,40.69176055955497,7.911874586677238
4.32,31.22190523144881,131.01123828788076,149.76771056691751,0.0644805885323775,0.9308362074969032,-7.684487456769759,-1.763383926294184,-0.672662364979305,0.0,40.460524525057245,28.192265344722696,49.95366805236952,-15.531028911329974,103.2089836935029,988.36597195009,1.274,1.0150000015428002,0.0,4.104577897510889,165.0000707061107,0.1191002627141719,4.295453460374744e-06,-0.1612430758307306,-0.0034007991038758,0.0199787956004572,0.933066678047761,13.470030635019128,40.60673350274301,7.912859470635378
4.33,31.22190429423351,131.01124103782067,150.07774214900016,0.0569308225593913,0.9061457334192208,-7.663298361149866,-1.870573068394349,-0.6481970574670525,0.0,40.37924168591446,28.18863007870984,49.86413135211076,-15.50389676885598,103.24444805178668,984.369424011188,1.274,1.0150000015428002,0.0,4.1060032451560735,165.0000707061107,0.1188614142439051,4.355377113916729e-06,-0.1612878158038965,-0.0006757580926763,0.0199435961255642,0.9079322323401602,13.469831025591253,40.52157279135855,7.914881224725574
4.34,31.221903357242088,131.01124378746763,150.38674850387272,0.0497128993303916,0.8798877398553506,-7.642575278543515,-1.973274267336176,-0.6229302681615764,0.0,40.298079933226575,28.185011220876355,49.77497578716719,-15.475112218431386,103.28212181140628,980.3870794843536,1.274,1.0150000015428002,0.0,4.107423893944678,165.0000707061107,0.1186229191573259,4.416476612630367e-06,-0.1613100635807347,0.0019639631921003,0.0199056627084743,0.8812908786690155,13.468129751961383,40.43628694369843,7.917752859323627
4.35,31.22190242046826,131.0112465368204,150.69472986419748,0.0428400619620842,0.8521155306450044,-7.622329879058517,-2.071373177327685,-0.5969183646521445,0.0,40.21703975368696,28.18140785388596,49.686198566572514,-15.444747694152928,103.32191573427964,976.4189239592864,1.274,1.0150000015428002,0.0,4.108839844875676,165.0000707061107,0.1183847788993797,4.478694438248394e-06,-0.1613109812236722,0.0045145235126315,0.0198651557225958,0.8531916626190708,13.46497897625828,40.35088481407239,7.921288478461052
4.36,31.22190148390555,131.01124928587765,151.00168646859123,0.0363395372573123,0.8229032564392951,-7.602571730307994,-2.1647700817677222,-0.5702214780992471,0.0,40.13612726658052,28.17781906174132,49.59779566481748,-15.412877046888584,103.36373835126771,972.4652158436636,1.274,1.0150000015428002,0.0,4.110233448271273,165.0000707061107,0.1181470114954421,4.541972076145106e-06,-0.1612917552747472,0.0069722903023062,0.0198222401091338,0.8237051903588183,13.460449955051503,40.265384163923066,7.925306237331187
4.37,31.22190054754729,131.01125203463786,151.30761856162655,0.0302086937323684,0.792289568329644,-7.583307960467608,-2.253368729817601,-0.5428948116355685,0.0,40.05533743822666,28.17424389546577,49.509761860548565,-15.379575394551892,103.40749614986836,968.5256718383775,1.274,1.0150000015428002,0.0,4.111622068831744,165.0000707061107,0.1179096021404914,4.60625012633263e-06,-0.1612536364588661,0.0093338972239598,0.0197770819287182,0.7928652263118533,13.454581850658428,40.17978602642843,7.929625781353872
4.38,31.22189961138666,131.01125478309925,151.61252639880036,0.0244583728608482,0.76033304991247,-7.564543929391172,-2.337085042169885,-0.5149952841338862,0.0,39.97467064846232,28.170681458572368,49.422090761578005,-15.344918931344372,103.45309381734012,964.6002719643888,1.274,1.0150000015428002,0.0,4.11300605467224,165.0000707061107,0.1176725519649418,4.6714684705775565e-06,-0.1611978528878835,0.0115961370304822,0.0197298458458774,0.7607263132535265,13.447432113878198,40.094099979308616,7.934072818969031
4.39,31.22189867541669,131.01125753126,151.9164102524989,0.0190989579862327,0.727094255785608,-7.546282971288956,-2.415844997071308,-0.4865798424989269,0.0,39.89412738838456,28.167130849587,49.33477486090592,-15.308984825040932,103.5004343695916,960.6890015176824,1.274,1.0150000015428002,0.0,4.114385406953639,165.0000707061107,0.1174358624267255,4.73756633434049e-06,-0.1611256487812384,0.0137560168365451,0.0196806972725312,0.7273450401366846,13.439060140983331,40.00833602157248,7.93847930499075
4.4,31.221897739630244,131.01126027911795,152.21927039211695,0.0141401021243143,0.6926352447981989,-7.528526436334282,-2.4895845128957483,-0.4577053308827931,0.0,39.8137081502581,28.16359117463196,49.24780557908311,-15.271851074011618,103.54941933415064,956.7918457237308,1.274,1.0150000015428002,0.0,4.115760126888191,165.0000707061107,0.117199534987218,4.804482397632199e-06,-0.1610382827595504,0.015810760495134,0.0196298020902195,0.6927795573519822,13.429526848816822,39.92250439016463,7.942684402603005
4.41,31.221896804020083,131.01126302667095,152.52110710890872,0.0095907227497861,0.6570194531933202,-7.511273749763951,-2.558249354486659,-0.4284283932739524,0.0,39.73341342756575,28.160061549122343,49.16117330703587,-15.233596365634156,103.5999489325802,952.9087897405176,1.274,1.0150000015428002,0.0,4.117130215734375,165.0000707061107,0.1169635711113799,4.8721549058223e-06,-0.1609370253983933,0.017757809553074,0.0195773263394307,0.6570894458186272,13.41889455586473,39.83661554013147,7.946535345154372
4.42,31.22189586857884,131.01126577391665,152.82192069312458,0.0054589975218187,0.6203115670697988,-7.494522479123597,-2.6217950238085783,-0.3988053786900973,0.0,39.653243715057705,28.15654109918528,49.07486744944151,-15.194299936977874,103.65192226112907,949.039818660845,1.274,1.0150000015428002,0.0,4.118495674776352,165.0000707061107,0.1167279722679052,4.940521779308054e-06,-0.1608231568141798,0.019594823791209,0.0195234359165905,0.6203355863807594,13.40722686237081,39.7506801246705,7.949888179529853
4.43,31.221894933299048,131.01126852085244,153.1217114499166,0.0017569479778027,0.5825833238461622,-7.478268429788435,-2.6801880008741383,-0.3688932962465084,0.0,39.573201274671725,28.15302896302111,48.988876468479376,-15.154041437850085,103.70523746944352,945.1850018680884,1.274,1.0150000015428002,0.0,4.119851035235128,165.0000707061107,0.1164927451276173,5.009520721907856e-06,-0.1606979642845888,0.0213196813567828,0.0194682971476702,0.5825859730403748,13.394593893845231,39.66471167231895,7.9526089236184445
4.44,31.221893998173183,131.0112712674757,153.42047968939747,-0.0015034068191013,0.5439084407249297,-7.462505631462603,-2.733405122390956,-0.3387493532273537,0.0,39.49328866753292,28.14952428128245,48.90318792779183,-15.112900796291504,103.7597919371686,941.3444221919084,1.274,1.0150000015428002,0.0,4.121189943017849,165.0000707061107,0.1162578972421396,5.07908932683243e-06,-0.1605627527281685,0.0229304952220876,0.019412077326032,0.543910518427586,13.381067696512751,39.57872432240012,7.954573840692921
4.45,31.22189306319361,131.0112740137837,153.71822573260525,-0.0043261237192097,0.5043416734754606,-7.447226330373594,-2.7814287666856474,-0.30842729553969,0.0,39.41350256139136,28.146026200374088,48.81778853189758,-15.070958073841036,103.8154824652248,937.5178811643556,1.274,1.0150000015428002,0.0,4.122524284102274,165.0000707061107,0.1160234188145662,5.1491651965564745e-06,-0.1604188442474777,0.024425614972829,0.0193549415984457,0.5043602268884979,13.366703301003431,39.492723343157294,7.955668004422389
4.46,31.221892128352664,131.01127675977347,154.01494990852026,-0.0067060071501243,0.4639514296071967,-7.432421481689402,-2.8242519513857145,-0.2779813630127588,0.0,39.33384345692028,28.142533910565653,48.7326641648062,-15.028293321803838,103.87220546690286,933.7053636622162,1.274,1.0150000015428002,0.0,4.123854059913394,165.0000707061107,0.1157893113310385,5.219686066640272e-06,-0.1602675331146087,0.0258035699800222,0.0192970523144679,0.4639998907152621,13.35156822748386,39.406719980648994,7.955787943665073
4.47,31.221891193642616,131.011279505442,154.31065255406588,-0.0086386193529901,0.4228067137513883,-7.418080618331015,-2.8618766655128955,-0.2474650652979084,0.0,39.25431185595096,28.13904661106979,48.64779994374487,-14.984986482795591,103.9298570997968,929.9068544918368,1.274,1.0150000015428002,0.0,4.125179271911696,165.0000707061107,0.1155555762811154,5.290589873199238e-06,-0.1601101116462809,0.0270631046151969,0.0192385702886663,0.4228949533665894,13.335730657900973,39.32072557647676,7.95484110885996
4.48,31.221890259055737,131.0112822507862,154.60533401112755,-0.010120260345839,0.380977025806626,-7.404191949916205,-2.894313681447284,-0.2169311066942206,0.0,39.174908261905934,28.13556351909596,48.56318026250253,-14.941117266864053,103.98833343231917,926.1223384111532,1.274,1.0150000015428002,0.0,4.126499921618524,165.0000707061107,0.1153222151590297,5.361814852815308e-06,-0.1599478680021102,0.0282031764410396,0.0191796545445325,0.3811114172426148,13.319259339080942,39.23475155219909,7.952746017751884
4.49,31.22188932458423,131.0112849958028,154.8989946345024,-0.0111479633157382,0.3385322388488224,-7.390742466693308,-2.92158235303642,-0.1864313122166889,0.0,39.095633179888594,28.13208387082387,48.47878883432276,-14.896765030507376,104.0475306072464,922.35180013241,1.274,1.0150000015428002,0.0,4.127816010550147,165.0000707061107,0.1150892294639732,5.433299640315673e-06,-0.159782084082731,0.02922295412012,0.0191204620733914,0.3387157397875346,13.302223465205916,39.14880939021543,7.949432324935696
4.5,31.221888390220336,131.01128774048854,155.19163477897965,-0.0117194889699798,0.2955424784953709,-7.377718045797335,-2.943710402921042,-0.1560165568615523,0.0,39.01648711672871,28.12860692232493,48.39460873422357,-14.852008658617784,104.10734500220448,918.5952243256052,1.274,1.0150000015428002,0.0,4.129127540293832,165.0000707061107,0.1148566207002119,5.5049833643639e-06,-0.1596140334838659,0.0301218149934094,0.0190611476031354,0.2957747484132632,13.28469256119667,39.06291061482695,7.9448408206561405
4.51,31.22188745595628,131.01129048484003,155.48325481524296,-0.0118287939310321,0.252083903180828,-7.365103595097077,-2.9607350083851904,-0.1257376978464642,0.0,38.93747233126237,28.125131950419952,48.31062244064904,-14.806926449424695,104.1676733869495,914.852677864793,1.274,1.0150000015428002,0.0,4.130429165530117,165.0000707061107,0.1146243955295835,5.57680574074104e-06,-0.1594449795084741,0.030899342340846,0.0190018642309753,0.252361276160983,13.266741691664327,38.9770694504292,7.938923902207986
4.52,31.22188652178432,131.0112932288538,155.77385511098532,-0.0114700674062923,0.2082333409321178,-7.352883059920475,-2.97270202428934,-0.0956450921705975,0.0,38.85859128250228,28.12165824304308,48.22681187636938,-14.761596002509968,104.22841307729776,911.1242362120112,1.274,1.0150000015428002,0.0,4.131714971997137,165.0000707061107,0.114392561203271,5.648707162114071e-06,-0.1592761854796164,0.0315553383666146,0.0189427639067728,0.2085490017776422,13.248446605702112,38.89130042720066,7.931645138414586
4.53,31.2218855876967,131.01129597252623,156.063436047807,-0.01065282322269,0.1640484477106871,-7.341039395139672,-2.979661454934131,-0.0657852627544752,0.0,38.77984078269802,28.118185102508548,48.14315844410412,-14.716094098057283,104.28946210154788,907.4097096985768,1.274,1.0150000015428002,0.0,4.132996282240804,165.0000707061107,0.114161108349451,5.720628800292386e-06,-0.1591089139600403,0.0320898223120437,0.0188839944980726,0.1643939643916454,13.229865825260598,38.8056094173982,7.922977312084676
4.54,31.221884653685784,131.0112987158539,156.35199800729947,-0.0093776594522721,0.1195991840944229,-7.329555116928367,-2.9816721349287456,-0.0362046087582492,0.0,38.70122134682166,28.11471188010064,48.05964306081372,-14.670496578465968,104.35071936452596,903.7090828842712,1.274,1.0150000015428002,0.0,4.134273097953308,165.0000707061107,0.1139300384963479,5.792512710831007e-06,-0.1589443854926294,0.0325029751507796,0.0188256994723338,0.1199662669477658,13.211069052346897,38.72000792908504,7.912904505047226
4.55,31.22188371974392,131.01130145883312,156.63954138496112,-0.0076458726610639,0.0749551700698558,-7.318412172044061,-2.978800060926632,-0.0069482718161974,0.0,38.62273349155404,28.111237943236016,47.9762462053878,-14.624878271638313,104.41208475633525,900.0223402840205,1.274,1.0150000015428002,0.0,4.135545420806805,165.0000707061107,0.1136993531772248,5.864301883586485e-06,-0.1587838029910163,0.0327951699070634,0.0187680190282886,0.0753441228959237,13.192125737593877,38.63450741877767,7.901421062149543
4.56,31.221882785863567,131.0113042014602,156.92606657429383,-0.0054594304738865,0.0301855979579251,-7.307592041775561,-2.971118130430748,0.0219399127168624,0.0,38.54437773578271,28.107762683450165,47.89294795589874,-14.579312891980887,104.47345929151868,896.3494663923478,1.274,1.0150000015428002,0.0,4.136813252538542,165.0000707061107,0.113469053931831,5.9359403229228015e-06,-0.1586283500324565,0.0329669674725439,0.018711089921527,0.0306753272565375,13.173104993287357,38.54911927820281,7.888531279887648
4.57,31.221881852037228,131.01130694373143,157.2115739747553,-0.0028209589035844,-0.0146408724505028,-7.297075845572977,-2.9587058721011985,0.050417462905868,0.0,38.4661546007108,28.10428551686408,47.80972802584385,-14.53387294485766,104.53474524415708,892.690445687417,1.274,1.0150000015428002,0.0,4.138076594885762,165.0000707061107,0.113239142306733,6.007373124986168e-06,-0.1584791892622166,0.0330191122413603,0.0186550453053821,0.0149101628387031,13.154075488118396,38.4638548178692,7.87424905970192
4.58,31.221880918257504,131.0113096856431,157.49606399374562,0.0002662710857854,-0.0594562160522126,-7.286844441943906,-2.9416491704976515,0.07844329396353,0.0,38.38806460993335,28.10080588460219,47.72656579933452,-14.488629634517284,104.59584627883672,889.0452626350782,1.274,1.0150000015428002,0.0,4.139335449625761,165.0000707061107,0.1130096198555284,6.0785465520198746e-06,-0.1583374608683254,0.0329525275219688,0.0186000145823267,0.0594568122839268,13.135105344015807,38.37872525103152,7.8585975284236405
4.59,31.22187998451709,131.0113124271915,157.77953704163892,0.0037983578753378,-0.1041931415942784,-7.276878526130859,-2.920039985936397,0.1059777585448448,0.0,38.31010828954177,28.097323253151085,47.64344036521236,-14.44365277555382,104.65666757737372,885.413901692518,1.274,1.0150000015428002,0.0,4.140589818535833,165.0000707061107,0.1127804881391659,6.149408103646676e-06,-0.1582042811275561,0.0327683107394716,0.0185461232658124,0.10426235304186,13.116262035333902,38.29374167815313,7.841608628899943
4.6,31.221879050808816,131.0113151683728,158.0619935297951,0.0077839672575329,-0.1487678245211814,-7.267158877062787,-2.8939797602173334,0.13297987500513,0.0,38.2322912995031,28.09383711465937,47.56033055008106,-14.399010707959922,104.7171159611834,881.7965840111254,1.274,1.0150000015428002,0.0,4.141824277668892,165.0000707061107,0.1125517638321592,6.219906585055426e-06,-0.1580807410237009,0.0324677284426999,0.0184934953346688,0.1489713248366857,13.097627956314644,38.2089229305301,7.823324142854904
4.61,31.221878117125566,131.01131790918333,158.3434338814926,0.0122051545239502,-0.193131580140779,-7.257665795502864,-2.863569918143135,0.159414374278032,0.0,38.15460920864581,28.09034695785332,47.47721495025058,-14.354770215827465,104.77710000919072,878.1930641394047,1.274,1.0150000015428002,0.0,4.1430537977461,165.0000707061107,0.1123234339018912,6.289992168450513e-06,-0.1579679393265194,0.0320522563302987,0.0184422497620983,0.1935168532219885,13.079253782977812,38.12427222842756,7.803791284884095
4.62,31.221877183460407,131.01132064961928,158.6238585170202,0.0170557795593666,-0.2372204610813046,-7.248380027155501,-2.828918824709298,0.1852462077046956,0.0,38.0770623810266,28.08685233609027,47.39407194990537,-14.310996417150552,104.83653021544752,874.6033186752918,1.274,1.0150000015428002,0.0,4.144278894618318,165.0000707061107,0.112095499432277,6.359616501589096e-06,-0.157866913200541,0.0315234843590004,0.018392499635448,0.2378328091547379,13.06120394604908,38.03979998459417,7.783065648722898
4.63,31.221876249806503,131.0113233896769,158.9032678576521,0.0223295557075338,-0.2809710670505686,-7.239282518911213,-2.7901398223677147,0.2104418468212219,0.0,37.9996513536332,28.083352820341627,47.31087976326285,-14.267752722349735,104.89531905406112,871.0273320854803,1.274,1.0150000015428002,0.0,4.1454995701242,165.0000707061107,0.1118679620163079,6.428732723914204e-06,-0.1577786696656913,0.0308831540919315,0.0183443536529445,0.2818569594325718,13.043542346483664,37.95551669851911,7.761209788935559
4.64,31.22187531615721,131.0113261293525,159.18166233360003,0.0280196471199945,-0.324321180997327,-7.230354480138163,-2.7473508754941567,0.2349693527576341,0.0,37.922376666402336,28.079848007595995,47.227616463720096,-14.225100765298455,104.953381081687,867.4650888467843,1.274,1.0150000015428002,0.0,4.146715826097457,165.0000707061107,0.1116408232556585,6.497295520352095e-06,-0.1577041856115414,0.0301331545116415,0.01829791608388,0.3255292931260857,13.026331771045545,37.87143268647102,7.738292663001824
4.65,31.22187438250596,131.01132886864238,159.45904237208617,0.0341186875833735,-0.3672098480409942,-7.221577452942911,-2.700674274410707,0.258798396194983,0.0,37.84523886232494,28.076337521202515,47.14426001155709,-14.183100337131355,105.0106330366306,863.9165734514853,1.274,1.0150000015428002,0.0,4.147927664416285,165.0000707061107,0.11141408476098,6.565261173168798e-06,-0.1576444067842017,0.0292755162598984,0.0182532866920392,0.3687914605884,13.00963380833171,37.78755806915864,7.7143890915088225
4.66,31.221873448846395,131.01133160754284,159.73540840926955,0.0406187992704409,-0.4095774516813814,-7.212933377029121,-2.6502363388005112,0.2819002741359459,0.0,37.76823848756317,28.072821010849875,47.06078828062527,-14.141809323925482,105.06699393305897,860.3817704118308,1.274,1.0150000015428002,0.0,4.149135086948994,165.0000707061107,0.11118774815225,6.632587610451765e-06,-0.1576002468490773,0.0283124057675029,0.0182105606691519,0.4115866223246469,12.993508767046649,37.70390275983593,7.6895792028899335
4.67,31.22187251517232,131.0113343460503,160.01076087732557,0.0475116119042848,-0.4513657865447639,-7.204404648920487,-2.5961671211643447,0.3042479234807278,0.0,37.69137609154469,28.06929815249802,46.977179084050206,-14.101283648285367,105.1223851502586,856.860664263635,1.274,1.0150000015428002,0.0,4.15033809556884,165.0000707061107,0.1109618150590503,6.69923445120459e-06,-0.1575725865277549,0.0272461192855505,0.01816982857805,0.4538594273907,12.978015597321898,37.62047645293445,7.663947864210992
4.68,31.22187158147769,131.01133708416114,160.28510021040952,0.0547911880878429,-0.4925142632868664,-7.195974217133988,-2.538600901281004,0.3258153317879231,0.0,37.61465336540275,28.065768648264022,46.89341019898191,-14.06157721486193,105.1767305168797,853.3532912202371,1.274,1.0150000015428002,0.0,4.151533320177629,165.0000707061107,0.1107362904721033,6.765163047028745e-06,-0.1575622728085385,0.026079076831193,0.0181311768540525,0.4955525198106223,12.963215306622327,37.53729035858457,7.6375843759705795
4.69,31.22187064775664,131.01133982187184,160.55842684565025,0.0624555463670867,-0.5329579484440158,-7.187625613741915,-2.477676662219876,0.3465769614426925,0.0,37.53807374119696,28.06223221999919,46.80945939042818,-14.022741859828605,105.2299563901152,849.8597657731212,1.274,1.0150000015428002,0.0,4.152712277181768,165.0000707061107,0.1105111845073962,6.8303365195140885e-06,-0.1575701255721291,0.0248138257425284,0.0180946888989959,0.5366048430436949,12.949172721299462,37.45435810968038,7.610582053695414
4.7,31.221869714003496,131.01134255917893,160.83074122016956,0.07048465412254,-0.5726569558069616,-7.179342610617344,-2.4135323864822817,0.366511858202535,0.0,37.461633762564496,28.058688601806107,46.72530443146896,-13.984827297533975,105.28199173910612,846.3798899504843,1.274,1.0150000015428002,0.0,4.153886882165469,165.0000707061107,0.110286487001609,6.894719802245849e-06,-0.1575969479221211,0.0234530489863217,0.0180604421422619,0.5769782578842831,12.935929909292788,37.371682515925954,7.583035661489916
4.71,31.2218687802128,131.01134529607896,161.10204377008677,0.0788683683742042,-0.6115593828113269,-7.171109911769472,-2.346310076381904,0.385599620715909,0.0,37.385333993580495,28.0551375808492,46.64092311850846,-13.947881061123496,105.33276823704388,842.9136484514073,1.274,1.0150000015428002,0.0,4.155057137026893,165.0000707061107,0.1100621996274009,6.958279698711319e-06,-0.1576434811420949,0.0219995002744149,0.0180285081713298,0.6166237604994838,12.923539662141996,37.28927229441701,7.555043044795037
4.72,31.22186784637925,131.01134803256855,161.37233493350112,0.0875961393418652,-0.6496150682919881,-7.162912888617292,-2.2761540002833414,0.4038215125947537,0.0,37.309175001462606,28.05157896213885,46.55629330232752,-13.911948488400366,105.38222029149962,839.4610259894263,1.274,1.0150000015428002,0.0,4.156223043634923,165.0000707061107,0.1098383240666735,7.020984876802451e-06,-0.1577104303486658,0.0204560322691262,0.0179989537997153,0.6554940821920836,12.912053047930865,37.20713589134696,7.5267037869813835
4.73,31.221866912497777,131.01135076864455,161.6416151494988,0.0966570479307636,-0.6867756218133485,-7.1547376026826885,-2.20321041008896,0.4211604561101842,0.0,37.23315735728949,28.04801257567877,46.47139290866407,-13.877072687265434,105.43028510298612,836.022007324388,1.274,1.0150000015428002,0.0,4.1573846038682,165.0000707061107,0.1096148620126847,7.082805893403891e-06,-0.1577984640213999,0.0188255902403942,0.0179718410600544,0.6935437204619966,12.901519374285494,37.1252814781224,7.498118590963798
4.74,31.221865978563468,131.01135350430363,161.9098848551697,0.1060398271243768,-0.722994470782167,-7.146570824397294,-2.1276272600424777,0.4376010250239311,0.0,37.15728163610089,28.04443827610253,46.38619995810173,-13.84329450519676,105.4769027182604,832.596577266111,1.274,1.0150000015428002,0.0,4.1585418196102415,165.0000707061107,0.1093918151703433,7.143715215539211e-06,-0.1579082136429453,0.0171112057659889,0.0179472272098558,0.7307289873089755,12.89198613359598,37.04371694407333,7.469388660586921
4.75,31.22186504457167,131.01135623954275,162.17714448660223,0.1157328835633707,-0.7582269038398318,-7.138400046435192,-2.049553929609843,0.4531294347676793,0.0,37.08154841699615,28.040855942288808,46.30069258529524,-13.810652502722728,105.5220160784154,829.1847206786656,1.274,1.0150000015428002,0.0,4.159694692749451,165.0000707061107,0.1091691852564879,7.203687238167418e-06,-0.1580402734070344,0.0153159904318843,0.0179251647452487,0.7670080548110112,12.883498951916993,36.962449889752335,7.4406150833098454
4.76,31.22186411051791,131.0113589743588,162.4433944759016,0.1257243192866429,-0.7924301105287461,-7.1302134917415225,-1.969140950854712,0.4677335300528633,0.0,37.00595828324489,28.03726547694504,46.21484905757636,-13.77918293087607,105.5655710617638,825.7864224831333,1.274,1.0150000015428002,0.0,4.16084322514007,165.0000707061107,0.1089469740002325,7.26269829864368e-06,-0.158195199993154,0.0134431295438547,0.0179057014224193,0.8023409977519609,12.8761015415963,36.88148762083711,7.411898216872756
4.77,31.22186317639795,131.01136170874892,162.70863525814744,0.1360024592144762,-0.8255625370191354,-7.122000124852522,-1.886539874033213,0.4814026692630133,0.0,36.9305120221312,28.033666806162536,46.12864779298344,-13.748919712611263,105.60751652152427,822.4016765586762,1.274,1.0150000015428002,0.0,4.161986836877154,165.0000707061107,0.1087251837312958,7.320726687888719e-06,-0.1583735124066143,0.0114958758610477,0.0178888803833246,0.836689244208167,12.869836274086127,36.80083744919365,7.383337118450582
4.78,31.221862242207745,131.0113644427102,162.972867265429,0.1465664963728656,-0.8575696026972299,-7.113749821969642,-1.8019058575589784,0.494125553599027,0.0,36.85521482722567,28.03005987789212,46.042067377755934,-13.719894428160028,105.6478043183305,819.0306724223753,1.274,1.0150000015428002,0.0,4.163112156798013,165.0000707061107,0.1085038297517504,7.377752658145366e-06,-0.1585756931159665,0.0094775449951769,0.0178747423694814,0.8700033087101955,12.864757118693904,36.72051313855798,7.355029660837406
4.79,31.221861307943502,131.0113671762399,163.23609092784187,0.1573915259425381,-0.888430823962089,-7.105452629236033,-1.7153895665658707,0.5058961343515845,0.0,36.780062490902345,28.026444638766808,45.955086582869846,-13.692136303182275,105.68638934913773,815.673180791089,1.274,1.0150000015428002,0.0,4.164233196853389,165.0000707061107,0.1082828996860804,7.433758425489905e-06,-0.1588022150400434,0.0073915450255844,0.017863322112136,0.9022635069606292,12.86088691671442,36.64051369569436,7.327069627767445
4.8,31.22186037360164,131.01136990933537,163.49830667249051,0.1684646511111839,-0.9181113162855146,-7.097099674040268,-1.6271434877262658,0.5167086268290969,0.0,36.705055614799285,28.022821090851902,45.86768436991741,-13.665672176476104,105.72322960487988,812.329186886202,1.274,1.0150000015428002,0.0,4.165349958869061,165.0000707061107,0.1080623953174147,7.4887282120895325e-06,-0.159053483368803,0.0052412932745409,0.0178546486954878,0.9334378922258556,12.858261328218994,36.56084519816406,7.299548446167892
4.81,31.22185943917879,131.0113726419941,163.75951492647377,0.1797727609581037,-0.9465782650300324,-7.08868278371758,-1.5373199730489209,0.5265587818136491,0.0,36.63019480437014,28.019189249049777,45.77983991849626,-13.640526524202864,105.75828614985991,808.998675966352,1.274,1.0150000015428002,0.0,4.166462444661174,165.0000707061107,0.107842318440098,7.542648205700629e-06,-0.1593298656094745,0.003030249882089,0.0178487466785477,0.9634966097688802,12.856913893889676,36.48151340193862,7.272553915813496
4.82,31.22185850467181,131.0113753742136,164.01971610992413,0.1913025712509461,-0.9738009184074202,-7.080194464869908,-1.446071004260563,0.5354438575241233,0.0,36.5554806697981,28.01554914908088,45.69153264195292,-13.616721460625792,105.79152313391668,805.6816333665878,1.274,1.0150000015428002,0.0,4.167570656026601,165.0000707061107,0.1076226708623885,7.595506555107465e-06,-0.1596316916853076,0.0007619117359501,0.0178456361525413,0.992411899643452,12.85687603546451,36.40252374346654,7.246169687103523
4.83,31.221857570077823,131.01137810599155,164.27891064097966,0.2030406460472567,-0.9997506022679252,-7.0716278808808335,-1.3535479612401915,0.5433625918590782,0.0,36.48091382607726,28.01190084688916,45.602742202789045,-13.594276742622116,105.82290779957128,802.3780445014771,1.274,1.0150000015428002,0.0,4.168674594767032,165.0000707061107,0.1074034544066878,7.647293362536984e-06,-0.1599592541363905,-0.0015601934595793,0.0178453328089354,1.0201581184700943,12.858177034718354,36.32388133748076,7.220474767995554
4.84,31.22185663539413,131.0113808373258,164.53709893975895,0.2149734192329786,-1.0244007313936132,-7.0629768262157535,-1.2599013974130269,0.55031517283728,0.0,36.4064948931125,28.00824441804355,45.51344852774125,-13.57320977786801,105.85241048427709,799.0878948681149,1.274,1.0150000015428002,0.0,4.169774262655257,165.0000707061107,0.1071846709098394,7.698000673173377e-06,-0.1603128083742395,-0.0039325130292864,0.0178478480129145,1.0467117583491758,12.86084401632251,36.24559097537508,7.195543062779833
4.85,31.221855700618285,131.01138356821414,164.79428141544022,0.2270872158450218,-1.0477268175185237,-7.054235697825551,-1.1652808222854438,0.5563032073543889,0.0,36.33222449580112,28.00457995712438,45.423631822559926,-13.553535636633312,105.88000461784618,795.811170048297,1.274,1.0150000015428002,0.0,4.1708696614496095,165.0000707061107,0.1069663222233726,7.747622461845913e-06,-0.1606925729884954,-0.0063514750795026,0.0178531888820375,1.0720514631475364,12.86490193440794,36.16765712407735,7.171442946421268
4.86,31.221854765748063,131.01138629865468,165.05045847520623,0.23936827319056,-1.0697064740806124,-7.045399463977791,-1.0698344913078373,0.5613296883530102,0.0,36.25810326411311,28.000907577097298,45.33327258650991,-13.535267067117571,105.90566671513145,792.5478557114061,1.274,1.0150000015428002,0.0,4.171960792908429,165.0000707061107,0.1067484102137316,7.79615461696588e-06,-0.1610987301037374,-0.0088134941504174,0.0178613583697968,1.0961580421962194,12.87037356285456,36.090083925434726,7.148236878058598
4.87,31.22185383078145,131.01138902864557,165.3056305262326,0.2518073355876232,-1.090313178859563,-7.036463712759654,-0.9737103713069848,0.5653980836405611,0.0,36.18413365855789,27.997227408674856,45.24235162661064,-13.518414514252246,105.92937636405247,789.2980172520506,1.274,1.0150000015428002,0.0,4.173042443744646,165.0000707061107,0.1065309421366991,7.84359492179383e-06,-0.1615314257844895,-0.0113149767615673,0.0178723562553594,1.119009431744121,12.8772851655539,36.012878001316444,7.125981227954406
4.88,31.22185289571672,131.01139175818503,165.5597979707192,0.2643934817706126,-1.1095246868394315,-7.027424447478009,-0.877054889247419,0.5685130960337282,0.0,36.110317513223954,27.99353959055128,45.15085007163307,-13.502986141890876,105.9511162090576,786.061691999289,1.274,1.0150000015428002,0.0,4.174111239280054,165.0000707061107,0.1063139234038269,7.88994303151658e-06,-0.1619907812215973,-0.0138523125347829,0.0178861792170209,1.1405876580697487,12.885658843899195,35.93604467543026,7.104725665648622
4.89,31.221851960552303,131.01139448727147,165.81296119594808,0.2771052000769644,-1.1273352776947427,-7.018277908975675,-0.7800102783635757,0.5706824751145042,0.0,36.036652452102565,27.989844275155097,45.05874938179571,-13.4889878488691,105.97087194344029,782.8387338028879,1.274,1.0150000015428002,0.0,4.175175826975858,165.0000707061107,0.1060973470315343,7.935200462545133e-06,-0.162476889269586,-0.0164218847425447,0.0179028186967189,1.1608885437423666,12.895501378766625,35.85958246625022,7.084512638803858
4.9,31.22185102528689,131.01139721590337,166.06512060311138,0.2899285785069002,-1.1437309619020437,-7.009020999923182,-0.6827177980895333,0.5719144255900703,0.0,35.963139126765824,27.986141647838046,44.966031359731936,-13.476423291896245,105.98863229229164,779.6291287306584,1.274,1.0150000015428002,0.0,4.17623620850614,165.0000707061107,0.1058812149497906,7.979370577936909e-06,-0.1629897902683618,-0.019020108463164,0.0179222618498623,1.179901660485159,12.906826792482413,35.78349421864701,7.065377914831619
4.91,31.221850089919386,131.0113999440794,166.31627657450812,0.3028497076762684,-1.1586998437937075,-6.999651011841993,-0.5853165150785381,0.5722183560626034,0.0,35.889778193739204,27.982431903989934,44.87267817061064,-13.465293933263707,106.00438896055084,776.4328629259151,1.274,1.0150000015428002,0.0,4.177292385487913,165.0000707061107,0.105665529103141,8.022458535091089e-06,-0.163529490554487,-0.0216434117545518,0.0179444921481785,1.19761879145147,12.919646917666036,35.70778245376317,7.047350108900459
4.92,31.22184915444891,131.01140267179832,166.56642949143688,0.3158547117258801,-1.172232092752168,-6.990165584451016,-0.4879431413112246,0.5716048374289616,0.0,35.81657031508619,27.97871525346113,44.77867235525447,-13.455599075693256,106.01813659927572,773.2499226326314,1.274,1.0150000015428002,0.0,4.178344359552461,165.0000707061107,0.1054502914524126,8.064471254958272e-06,-0.1640959630519181,-0.0242882406136745,0.0179694894839671,1.2140339195853291,12.933971424378498,35.632449374162256,7.030450589924395
4.93,31.22184821887482,131.01140539905904,166.81557973021967,0.3289297673145824,-1.1843199270328082,-6.980562665475523,-0.3907318786644208,0.5700855616808235,0.0,35.74351615849754,27.974991919877915,44.68399684305224,-13.447335900128262,106.02987276787924,770.0802941974258,1.274,1.0150000015428002,0.0,4.179392132293016,165.0000707061107,0.1052355039749873,8.105417389091137e-06,-0.1646891479261028,-0.0269510637615532,0.0179972302799562,1.2291432267222344,12.949807835108633,35.5574968664958,7.014693441289669
4.94,31.221847283196684,131.01140812586056,167.0637276602145,0.3420611221441693,-1.1949575950124331,-6.970840470385359,-0.2938142715110502,0.5676732999172472,0.0,35.67061639734916,27.97126213996368,44.58863496464943,-13.440499506336668,106.03959789249262,766.923964071782,1.274,1.0150000015428002,0.0,4.180435705298054,165.0000707061107,0.1050211686649556,8.145307284658945e-06,-0.1653089532724656,-0.029628377285732,0.018027687601805,1.242945091280877,12.967161542909976,35.48292650453945,7.000085475559915
4.95,31.221846347414267,131.01141085220195,167.31087365077252,0.3552351131334854,-1.2041413537626693,-6.960997442341837,-0.1973190673872706,0.5643818596424187,0.0,35.59787171078925,27.967526162859585,44.492570464411045,-13.435082956215735,106.04731522059043,763.7809188128117,1.274,1.0150000015428002,0.0,4.181475080094227,165.0000707061107,0.1048072875334006,8.184152947522243e-06,-0.165955255837143,-0.0323167091368542,0.0180608312729023,1.255440084568257,12.986035832763632,35.40873955267442,6.986626302453682
4.96,31.22184541152756,131.01141357808268,167.55701805831623,0.368438184006865,-1.211869445332042,-6.951032212616505,-0.1013720856726451,0.5602260414729365,0.0,35.525282783769555,27.96378424944573,44.39578751264504,-13.431077319684004,106.05303077201494,760.6511450850494,1.274,1.0150000015428002,0.0,4.18251025824148,165.0000707061107,0.1045938626084615,8.221968003476414e-06,-0.1666279017681567,-0.035012623475915,0.0180966279913194,1.266630966116553,13.006431905799696,35.3349369696685,6.974308448737435
4.97,31.22184447553676,131.011416303502,167.80216123926257,0.3816589103393817,-1.2181392908450197,-6.940943597698452,-0.0060965925098151,0.5552212247016556,0.0,35.45285111758058,27.960036671664287,44.29827071757445,-13.428471723042696,106.05675328654335,757.5346642962686,1.274,1.0150000015428002,0.0,4.183538970201329,165.0000707061107,0.1043808983217407,8.2587676577511e-06,-0.1673267073947358,-0.0377127248697872,0.0181350418631026,1.2765206257095494,13.02835144448727,35.26152065988212,6.963117534785017
4.98,31.22184353944225,131.01141902845947,168.04630354107553,0.3948915629498755,-1.2229425225817916,-6.930730598659884,0.0883857181007314,0.549382510390137,0.0,35.38058047128104,27.95628370802092,44.200005137042346,-13.427253399686366,106.05849416814358,754.4315937112102,1.274,1.0150000015428002,0.0,4.184552664864709,165.0000707061107,0.1041684057522296,8.294568652126601e-06,-0.1680514645700378,-0.0404136562285474,0.0181760357627061,1.285108586138148,13.051801156165984,35.188495694891195,6.953032418239335
4.99,31.22184260324466,131.0114217529548,168.28944530226752,0.4081133557384262,-1.2262965105367682,-6.920391887353245,0.1819598535476233,0.5427284108951536,0.0,35.308467671645445,27.952525633729604,44.100976288215165,-13.427407739152889,106.05826743164796,751.3417543454685,1.274,1.0150000015428002,0.0,4.185562220779749,165.0000707061107,0.1039563755687328,8.329389224520179e-06,-0.1688019539335296,-0.0431120859192521,0.0182195680755957,1.2924141014776276,13.076763982752,35.115856172394686,6.9440253017137294
5.0,31.22184166694477,131.01142447698774,168.53158686333245,0.4213113263783628,-1.2282071522214957,-6.909926469265639,0.2745128864703169,0.5352772783156156,0.0,35.236513428142445,27.9487627562815,44.001170152285134,-13.4289183277128,106.05608966165669,748.2651333360474,1.274,1.0150000015428002,0.0,4.186567639355028,165.0000707061107,0.1037448098715029,8.363249090357286e-06,-0.169577906890259,-0.0458047638003342,0.0182655941416512,1.298448633259396,13.103233088576747,35.043601874843034,6.9360624925224785
5.01,31.22184073054357,131.0114272005582,168.7727285528296,0.434472686159948,-1.2286821961660412,-6.899333356065914,0.3659353578602289,0.5270482376688399,0.0,35.16471845566755,27.94499538540296,43.90057319355293,-13.431767024264923,106.05197992074676,745.2017179040381,1.274,1.0150000015428002,0.0,4.187568921985042,165.0000707061107,0.1035337107767513,8.3961693666165e-06,-0.1703790283912882,-0.0484884953474102,0.0183140667828869,1.3032258120745788,13.131199697835502,34.97173229979017,6.929104508454601
5.02,31.221839794042246,131.01142992366624,169.01287069533683,0.447584849117683,-1.2277311856514377,-6.888611532871488,0.4561213590859737,0.5180611400722717,0.0,35.093083475280004,27.941223838583245,43.79917236986909,-13.435934019167656,106.04595968203344,742.1514953848349,1.274,1.0150000015428002,0.0,4.188566070036114,165.0000707061107,0.1033230804188159,8.428172524156856e-06,-0.1712049977942995,-0.0511601451003253,0.0183649364246788,1.306761416250403,13.160653154478748,34.90024666946423,6.923106447966656
5.03,31.22183885744217,131.011432646312,169.25201360449202,0.4606354460835073,-1.225365420159216,-6.8777599281428206,0.5449686082196881,0.5083365174960871,0.0,35.021609214252265,27.93744844041961,43.696955142711005,-13.441397894800902,106.038052759166,739.1144532286686,1.274,1.0150000015428002,0.0,4.189559084841701,165.0000707061107,0.1031129209503112,8.459282338897614e-06,-0.172055469773639,-0.0538166399045256,0.0184181512205774,1.3090733652478102,13.191580964523396,34.82914393686405,6.918018388825812
5.04,31.221837920744868,131.0114353684958,169.4901575929327,0.4736123381753886,-1.221597915095607,-6.866777385608534,0.6323785188577015,0.4978955375609943,0.0,34.950296406110624,27.933669521979056,43.593909486857214,-13.44813568769676,106.02828523396164,736.090579001407,1.274,1.0150000015428002,0.0,4.190547967716477,165.0000707061107,0.1029032345422412,8.489523841943037e-06,-0.1729300752453791,-0.0564549719898392,0.0184736571773312,1.3101817137459846,13.223968840442172,34.75842279211364,6.9137858095938
5.05,31.22183698395205,131.011438090218,169.7273029653381,0.4865036297408548,-1.2164433598463504,-6.855662638339492,0.7182562615416496,0.4867599584475439,0.0,34.87914579068656,27.929887420168647,43.49002389963149,-13.456122952101484,106.0166853818448,733.079860384605,1.274,1.0150000015428002,0.0,4.1915327199328605,165.0000707061107,0.1026940233841644,8.518923268805127e-06,-0.1738284223056245,-0.0590722018863286,0.0185313982798797,1.3101086466240972,13.257800747529105,34.688081669085506,6.91035002913135
5.06,31.221836047065608,131.0114408114792,169.96345002041815,0.4992976806517934,-1.209918074393224,-6.844414285071326,0.8025108179230008,0.4749520840004594,0.0,34.8081581141405,27.926102477116046,43.38528740968849,-13.465333824831948,106.00328359525778,730.0822851763182,1.274,1.0150000015428002,0.0,4.192513342767967,165.0000707061107,0.1024852896842445,8.547508007777632e-06,-0.174750097180375,-0.0616654611770452,0.0185913166161825,1.3088784752030007,13.293058951986934,34.61811875221863,6.9076486593245505
5.07,31.22183511008761,131.01144353227994,170.19859904693655,0.5119831181056533,-1.202039964359464,-6.8330307688588325,0.8850550277668827,0.4624947190709848,0.0,34.73733412902364,27.92231503955968,43.27968958531332,-13.475741091288311,105.98811230521233,727.097841291525,1.274,1.0150000015428002,0.0,4.193489837437867,165.0000707061107,0.1022770356694479,8.575306547577185e-06,-0.1756946651850902,-0.064231955088076,0.0186533525016145,1.3065176348499985,13.32972407081177,34.54853198361779,6.9056160663271395
5.08,31.221834173020248,131.01144625262103,170.4327503316632,0.5245527906748949,-1.1928229197561142,-6.821510423497356,0.9658046771231968,0.4494104268509357,0.0,34.666676207615865,27.918525458249874,43.173220542205534,-13.48731625248368,105.97120590115058,724.1265841608016,1.274,1.0150000015428002,0.0,4.194457779223412,165.0000707061107,0.1020692683356968,8.602348424366324e-06,-0.1766616716924879,-0.066768964916018,0.0187174454738763,1.303051186364553,13.36778020540016,34.4793215560183,6.904183721773231
5.09,31.221833235865887,131.0114489725034,170.66590414744644,0.5369989998048316,-1.182283464974803,-6.809851325453774,1.044679271483068,0.4357220322409509,0.0,34.596186400684125,27.914734080248447,43.06587095071981,-13.500029592952504,105.95260064928496,721.1685551046462,1.274,1.0150000015428002,0.0,4.195413673158173,165.0000707061107,0.1018619937323098,8.628664166656408e-06,-0.1776506516550808,-0.0692738386313695,0.0187835342902016,1.2985072921037948,13.407208865453956,34.41048692717679,6.903280636366387
5.1,31.22183229862705,131.01145169192796,170.89806076911609,0.5493041087523546,-1.170454008268302,-6.798051137668406,1.1216044167778352,0.4214543013839945,0.0,34.52586257756269,27.910941252369025,42.95763203933362,-13.51385024227504,105.93233462002785,718.223620884512,1.274,1.0150000015428002,0.0,4.196365495064702,165.0000707061107,0.1016552055971438,8.654285251825884e-06,-0.1786611286439802,-0.0717439955649226,0.0188515547239264,1.2929252163771945,13.447976854807958,34.34202087913167,6.902834161867523
5.11,31.22183136130637,131.01145441089582,171.12922045956844,0.5614579160684816,-1.157358328237122,-6.786107514668302,1.196508741242231,0.4066316235365031,0.0,34.455705517038545,27.907147338455363,42.848495598262346,-13.528746238922292,105.91044761181858,715.2917699031643,1.274,1.0150000015428002,0.0,4.197313246036948,165.0000707061107,0.1014489062343382,8.679244063706454e-06,-0.1796925936986159,-0.0741769585815784,0.0189214411768732,1.2863399298278697,13.49005871463124,34.273920458794144,6.902770287773351
5.12,31.221830423906685,131.01145712940823,171.35938347871223,0.5734505269884612,-1.143021560760087,-6.774017885551409,1.2693248665262489,0.3912786735085302,0.0,34.38571600393769,27.903352699780545,42.7384539907321,-13.544684612998452,105.8869810468856,712.3729906601886,1.274,1.0150000015428002,0.0,4.198256927168869,165.0000707061107,0.1012430979657851,8.703573816625947e-06,-0.1807445218319234,-0.0765703347230595,0.0189931268879366,1.2787885552106562,13.533427591901091,34.20618250610258,6.903014046841775
5.13,31.22182948643088,131.01145984746643,171.58855007452215,0.585272372096726,-1.1274701331233257,-6.76177944709068,1.339989413534758,0.3754203686157765,0.0,34.315894829650645,27.899557698833576,42.62750015777503,-13.561631456278311,105.8619778851906,709.4672717714593,1.274,1.0150000015428002,0.0,4.1991965394941495,165.0000707061107,0.1010377831326973,8.72730850065754e-06,-0.1818163729930894,-0.0789218168676002,0.0190665440494593,1.2703103696320035,13.578055311132651,34.138803664857804,6.903489941519055
5.14,31.22182854888204,131.01146256507184,171.81672049397335,0.5969142147528476,-1.110731711882049,-6.749389159613204,1.4084430035735211,0.3590818274314206,0.0,34.24624279212516,27.895762698788992,42.5156276223553,-13.579551992453812,105.83548253766412,706.5746019689669,1.274,1.0150000015428002,0.0,4.200132084060392,165.0000707061107,0.1008329640955651,8.750482826700734e-06,-0.1829075930517878,-0.0812291852037282,0.0191416239242472,1.2609468185058292,13.623912432103012,34.07178039086832,6.904122354145452
5.15,31.221827611263308,131.011465282226,172.0438949691255,0.6083671580617787,-1.0928351498232147,-6.7368437452802095,1.4746302535725089,0.3422883292184219,0.0,34.176760695913,27.89196806299629,42.40283049279462,-13.598410647437849,105.80754077892423,703.6949701007927,1.274,1.0150000015428002,0.0,4.201063561850297,165.0000707061107,0.100628643234307,8.773132171599729e-06,-0.1840176147796818,-0.0834903085510528,0.0192182969608663,1.250741532073368,13.67096830841063,34.00510896029058,6.904835938195168
5.16,31.221826673577983,131.01146799893047,172.27007373898988,0.6196226511269939,-1.0738104324915776,-6.724139688708042,1.5384997656087087,0.325065274122,0.0,34.10744935216819,27.888174154483448,42.28910346547508,-13.618171119593224,105.77819965963955,700.8283651297982,1.274,1.0150000015428002,0.0,4.20199097382803,165.0000707061107,0.1004248229482656,8.795292523311024e-06,-0.1851458588281578,-0.0857031455296762,0.019296492907145,1.239740344551032,13.719191146407503,33.93878547798934,6.905555988801824
5.17,31.22182573582948,131.011470715187,172.49525701871687,0.6306724947409205,-1.053688624154697,-6.711273239865223,1.6000041108822287,0.3074381441476521,0.0,34.03830957865783,27.884381335474785,42.17444182680001,-13.638796449757804,105.74750741869634,697.9747761333264,1.274,1.0150000015428002,0.0,4.202914320943842,165.0000707061107,0.1002215056562338,8.817000426257908e-06,-0.1862917347007332,-0.0878657455807852,0.0193761409217612,1.2279913154813933,13.76854806458056,33.87280588599939,6.90620879118551
5.18,31.221824798021256,131.01147343099734,172.71944503438442,0.6415088465039791,-1.0325018133081572,-6.698240419164858,1.6590998083245587,0.2894324649648155,0.0,33.96934219978108,27.880589966923782,42.05884145439467,-13.660249090938436,105.71551339532516,695.1341923025576,1.274,1.0150000015428002,0.0,4.203833604110906,165.0000707061107,0.1000186937965149,8.838292926897276e-06,-0.1874546417189547,-0.0899762498407019,0.0194571696837769,1.2155447528124397,13.819005153257908,33.80716597206835,6.906721945951784
5.19,31.22182386015694,131.01147614636335,172.9426379901976,0.6521242253169963,-1.0102830578954172,-6.685014761408826,1.715746905405274,0.271074021988255,0.0,33.900548046570044,27.8768004080606,41.94229881753103,-13.682490977550575,105.68226794134084,692.306602941926,1.274,1.0150000015428002,0.0,4.204748824223852,165.0000707061107,0.0998163898269185,8.85920751959779e-06,-0.1886339699806075,-0.0920328918708421,0.0195395075000425,1.2024532370297136,13.870527534446952,33.74186137822758,6.907003035257662
5.2,31.22182292224021,131.01147886128706,173.1648360943315,0.6625202689986948,-0.987053739673315,-6.671612225342211,1.7699079109514408,0.2523866573687192,0.0,33.83193193017216,27.873013265619253,41.82481097676336,-13.705483594081832,105.64782233364512,689.4921594258842,1.274,1.0150000015428002,0.0,4.205650223535592,165.0000707061107,0.0996146079242775,8.879782092925728e-06,-0.1898290982047738,-0.094033993436662,0.0196230843941142,1.1887660695996356,13.923090789379838,33.6768935603195,6.907002441247716
5.21,31.221821984274825,131.01148157577052,173.38603954799615,0.6726830723604901,-0.962858937459226,-6.658030248529102,1.821551839472651,0.2333963910782544,0.0,33.763491662522846,27.869228819499646,41.70637558514492,-13.729188041051207,105.6122286901585,686.6907269417757,1.274,1.0150000015428002,0.0,4.206545751871458,165.0000707061107,0.0994133416570229,8.900054873126946e-06,-0.1910394186632363,-0.0959779491589872,0.0197078283519615,1.1745455508467315,13.976648937639752,33.61225325307894,6.906655613941023
5.22,31.221821046264616,131.01148428981583,173.6062485454392,0.6826045865610889,-0.937736691983897,-6.6442639768583,1.8706509435473249,0.2141287390181204,0.0,33.69522738780908,27.865447413800368,41.58699087744059,-13.753565089495378,105.57553990238571,683.902266205233,1.274,1.0150000015428002,0.0,4.207437271458859,165.0000707061107,0.0992125914605771,8.920064399394777e-06,-0.1922643025378166,-0.0978632687153402,0.0197936670910144,1.159852369952059,14.031162359226094,33.54793462865899,6.905898193837269
5.23,31.221820108213528,131.01148700342523,173.82546326897514,0.6922788004920867,-0.9117234030040388,-6.630308427394337,1.917181023000612,0.194608921786389,0.0,33.62713996101796,27.8616693964771,41.46665567263981,-13.778575259725232,105.53780953090327,681.1267668023896,1.274,1.0150000015428002,0.0,4.208324783066611,165.0000707061107,0.0990123598632181,8.93984945117343e-06,-0.1935031120444344,-0.0996885605906499,0.0198805284089606,1.1447484657419904,14.086592883992507,33.483932827528264,6.9046683881102435
5.24,31.221819170125546,131.011489716601,174.04368390588118,0.701700076141247,-0.884856166302547,-6.616158458867814,1.9611215959325183,0.1748619944135532,0.0,33.559230243684134,27.85789511079508,41.34536937162532,-13.804178889388286,105.49909171607472,678.3642184248362,1.274,1.0150000015428002,0.0,4.209208287445222,165.0000707061107,0.0988126494124875,8.95944899176799e-06,-0.194755204801336,-0.1014525273152041,0.0199683402320763,1.1292981383946998,14.142901669063637,33.42024288715734,6.902907169010121
5.25,31.2218182320047,131.0114924293455,174.2609106265328,0.71086315213349,-0.8571727151535705,-6.601808789137476,2.0024558445913607,0.1549128146427172,0.0,33.491499103985625,27.85412489591746,41.223131952744346,-13.830336197579896,105.45944109395036,675.6146108729157,1.274,1.0150000015428002,0.0,4.210087785331472,165.0000707061107,0.0986134626754674,8.978902117506718e-06,-0.1960199347135551,-0.1031539653949196,0.0200570307074945,1.1135680417669205,14.200049261178284,33.35685975128773,6.900558432330782
5.26,31.2218172938551,131.0114951416612,174.4771436012983,0.7197631443622408,-0.8287113652972846,-6.587254013959681,2.041170557686456,0.1347860125298601,0.0,33.42394741674135,27.850359086558804,41.0999439665612,-13.85700734773477,105.41891271323712,672.8779340546616,1.274,1.0150000015428002,0.0,4.210963277430106,165.0000707061107,0.0984148022387745,8.99824800766944e-06,-0.1972966528472301,-0.1047917651118761,0.0201465282931951,1.0976271607978576,14.257995655172136,33.29377827855415,6.897569134062207
5.27,31.2218163556809,131.01149785355048,174.692382991595,0.7283955460873655,-0.7995109602050667,-6.572488626884168,2.077256069036033,0.1145059611393062,0.0,33.35657606339822,27.84659801265608,40.975806529794944,-13.884152509203696,105.37756195346122,670.1541779843521,1.274,1.0150000015428002,0.0,4.211834764418417,165.0000707061107,0.0982166707085235,9.0175258752789e-06,-0.1985847082880397,-0.1063649102052696,0.0202367618452182,1.081546767318954,14.316700351898858,33.23099325105392,6.893889405988843
5.28,31.221815417486287,131.01150056501595,174.9066289558531,0.7367562275291047,-0.7696108166768469,-6.557507040135498,2.110706192739604,0.0940967483509402,0.0,33.28938593201547,27.842841999054446,40.85072131844755,-13.911731917426971,105.33544444443696,667.4433327810676,1.274,1.0150000015428002,0.0,4.212702246950809,165.0000707061107,0.0980190707102809,9.036774918718306e-06,-0.1998834489829083,-0.1078724774363172,0.0203276607020551,1.0654003480792371,14.3761224155374,33.168499382864404,6.8894726511937145
5.29,31.221814479275505,131.0115032760602,175.1198816445439,0.7448414349755561,-0.7390506708293365,-6.542303606337787,2.1415181550653286,0.0735821497938906,0.0,33.222377917248906,27.83909136520961,40.72469056013274,-13.93970593262314,105.29261598714947,664.7453886672847,1.274,1.0150000015428002,0.0,4.2135657256588095,165.0000707061107,0.0978220048890185,9.056034274315177e-06,-0.2011922225642109,-0.1093136360406657,0.0204191547661697,1.0492634978361548,14.43622053022366,33.106291328502266,6.884275620480568
5.3,31.2218135410528,131.01150598668588,175.33214120316427,0.7526477894112367,-0.7078706245423197,-6.526872640939916,2.169692523243796,0.0529856029211733,0.0,33.155552920332205,27.83534642490472,40.597717025616944,-13.968035096915193,105.24913247615144,662.0603359673154,1.274,1.0150000015428002,0.0,4.214425201151063,165.0000707061107,0.0976254759090599,9.075342969864772e-06,-0.2025103771557627,-0.1106876470719033,0.0205111745826108,1.033213769421531,14.496953055937558,33.04436369131081,6.878258470760382
5.31,31.22181260282248,131.0115086968957,175.54340777024723,0.7601722846774416,-0.6761110924295407,-6.5112084451988,2.195233131359834,0.0323301822368646,0.0,33.088911849055265,27.8316074859838,40.46980401958693,-13.9966801898227,105.20504982357085,659.3881651058157,1.274,1.0150000015428002,0.0,4.215280674017908,165.0000707061107,0.0974294864540153,9.094739879193692e-06,-0.2038372621599163,-0.1119938626398456,0.0206036514146877,1.0173304718624157,14.558278083578635,32.98271103176525,6.871384806465982
5.32,31.22181166458884,131.01151140669236,175.75368148332538,0.7674172326109184,-0.6438054762551119,-6.495305382454613,2.2181458626465664,0.0116377752107757,0.0,33.022457709310714,27.827874850099963,40.34095537066098,-14.025602282053471,105.16042388481812,656.72894979795,1.274,1.0150000015428002,0.0,4.216126660655705,165.0000707061107,0.0972340453852997,9.114263677749708e-06,-0.2051722290251253,-0.1132317250473235,0.0206965186275548,1.00169352283505,14.620160107428775,32.9213311096472,6.863621385036605
5.33,31.221810726356217,131.01151411607867,175.96296246998637,0.7743802055672174,-0.6109948524033325,-6.479157724764448,2.238440410570392,-0.0090696428489586,0.0,32.9561913713483,27.82414880467967,40.21117542066271,-14.054762787532976,105.11531038607772,654.0826781505846,1.274,1.0150000015428002,0.0,4.216963322155394,165.0000707061107,0.0970391552759954,9.133952797178272e-06,-0.2065146417897535,-0.1144007518482032,0.0207897101161048,0.986385665480252,14.6825566527033,32.86021834336727,6.854938552056523
5.34,31.221809788128944,131.01151682505747,176.17125085284223,0.7810544347356053,-0.5777274002419005,-6.462759754426728,2.256130601761454,-0.0297697538206749,0.0,32.89011171586672,27.82042963349123,40.08046900968435,-14.084123505917956,105.06976486560004,651.4492593150993,1.274,1.0150000015428002,0.0,4.217796033679044,165.0000707061107,0.0968448128409393,9.153845397315668e-06,-0.207863867578733,-0.1155005492985638,0.0208831593831278,0.9714907636106532,14.745418821521598,32.79936404581313,6.84531045124214
5.35,31.22180884991137,131.0115195336316,176.37854675052313,0.7874383740004667,-0.5440442732985346,-6.44610595119359,2.2712325641479487,-0.0504411436109137,0.0,32.82421967678713,27.816717621030445,39.948841464143854,-14.113646671384632,105.0238426044241,648.8286841119319,1.274,1.0150000015428002,0.0,4.2186247957236285,165.0000707061107,0.0966510208406107,9.17397932669142e-06,-0.2092192680678425,-0.1165308244637942,0.0209768012193175,0.957091807803912,14.808704154225358,32.73876268635079,6.834714595608822
5.36,31.221807911707817,131.01152224180393,176.58485028264678,0.7935308278002827,-0.5099866919012178,-6.429190899313351,2.283765286606528,-0.0710628662789511,0.0,32.75851619419868,27.81301304218041,39.81629858745398,-14.14329500672685,104.9775985478324,646.2209434433368,1.274,1.0150000015428002,0.0,4.219449608754492,165.0000707061107,0.096457782053637,9.194392068739808e-06,-0.2105802098375237,-0.1174913702179985,0.0210705714667053,0.9432714194762244,14.872370173815655,32.678408729750274,6.823131937394029
5.37,31.221806973522646,131.01152494957745,176.79016155192855,0.7993309536496669,-0.4755958846262711,-6.412009310918905,2.2937505304787424,-0.0916144624882684,0.0,32.69300221457302,27.80931616461431,39.68284664658444,-14.173031767839962,104.93108724068748,643.6260283017729,1.274,1.0150000015428002,0.0,4.220270473232462,165.0000707061107,0.0962650992774212,9.215120703208498e-06,-0.2119460650222941,-0.1183820639483824,0.0211644070752123,0.9301111461496134,14.936374445157467,32.61829664561098,6.8105468289351965
5.38,31.221806035360164,131.01152765695505,176.99448066704136,0.8048382574661886,-0.4409130403492668,-6.394556049120031,2.301212740338187,-0.1120759761054446,0.0,32.62767869073604,27.80562724863034,39.54849235801929,-14.202820786229791,104.88436276486402,641.0439297686013,1.274,1.0150000015428002,0.0,4.221087389595776,165.0000707061107,0.0960729753280539,9.236201868740232e-06,-0.2133162119511089,-0.1192028661621594,0.0212582461573697,0.917690657557772,15.00067462306917,32.55842091588109,6.796946973903236
5.39,31.22180509722469,131.01153036393973,177.1978077257184,0.8100525885540583,-0.4059792612029654,-6.37682615060768,2.3061789533298542,-0.1324279696318447,0.0,32.56254658183619,27.801946547004302,39.41324287313544,-14.232626509508275,104.83747867883906,638.4746390117995,1.274,1.0150000015428002,0.0,4.221900358246528,165.0000707061107,0.095881413040233,9.257671726770244e-06,-0.2146900357650378,-0.1199538190187654,0.0213520280399941,0.9060868473368378,15.065228499260009,32.49877604223305,6.782323369391669
5.4,31.22180415912049,131.01153307053443,177.40014282568734,0.8149741342011682,-0.3708355165685997,-6.358814847661339,2.308678707270264,-0.1526515384662064,0.0,32.497606853287934,27.798274304856204,39.277105763035,-14.262414039852644,104.79048795948329,635.9181472840753,1.274,1.0150000015428002,0.0,4.222709379595849,165.0000707061107,0.0956904152670858,9.279565926680222e-06,-0.2160669290119817,-0.1206350447912463,0.0214456933128903,0.895372852647796,15.129994048005958,32.43935655325357,6.766670239670136
5.41,31.22180322105186,131.01153577674216,177.60148605771133,0.8196034140362918,-0.3355225979427381,-6.340517589455876,2.308743947656457,-0.1727283240241638,0.0,32.43286047674675,27.794610759531608,39.14008900286613,-14.29214917041158,104.74344294608645,633.3744459214257,1.274,1.0150000015428002,0.0,4.223514454023242,165.0000707061107,0.0954999848800991,9.301919572256643e-06,-0.217446292218087,-0.1212467442608476,0.0215391838745532,0.8856170116159843,15.194929470712674,32.38015701152911,6.749984962350648
5.42,31.221802283023013,131.01153848256598,177.8018375105609,0.8239412740332088,-0.3000810749018034,-6.321930062568846,2.306408933775208,-0.1926405257100978,0.0,32.368308430060935,27.79095614049577,39.002200955666815,-14.321798419645155,104.69639528664796,630.8435263409226,1.274,1.0150000015428002,0.0,4.224315581890142,165.0000707061107,0.0953101247689796,9.324767189467473e-06,-0.2188275344358105,-0.1217891950484512,0.0216324429748983,0.8768817863121917,15.259993239172434,32.321172020536984,6.732267987681097
5.43,31.221801345038152,131.0115411880089,178.00119726504826,0.8279888802329457,-0.2645512521199311,-6.303048210598185,2.3017101440721888,-0.2123709117594398,0.0,32.30395169722379,27.787310669242647,38.863450355769,-14.351329063592368,104.6493958864557,628.325380038972,1.274,1.0150000015428002,0.0,4.225112763548945,165.0000707061107,0.0951208378415084,9.348142695537652e-06,-0.2202100737683738,-0.1222627498868446,0.0217254152550625,0.8692226865256044,15.32514413756162,32.26239623137232,6.713522751626848
5.44,31.221800407101423,131.0115438930739,178.19956540197916,0.8317477122165198,-0.2289731274362182,-6.283868252806107,2.294686180939045,-0.2319028289683912,0.0,32.239791268334095,27.78367455921628,38.723846291799376,-14.38070916606362,104.602494858971,625.8199985892649,1.274,1.0150000015428002,0.0,4.225905999324943,165.0000707061107,0.0949321270234313,9.372079369410676e-06,-0.2215933378705035,-0.1226678348376382,0.0218180467842731,0.8626872358769703,15.39034130319186,32.20382434931922,6.693755583355329
5.45,31.221799469216965,131.01154659776407,178.3969419981788,0.8352213824819283,-0.1933835969134036,-6.264386714259568,2.2853772617392933,-0.2512204924516915,0.0,32.17582892662663,27.780048015745823,38.58339818931577,-14.409907606760852,104.5557414790332,623.3274041368353,1.274,1.0150000015428002,0.0,4.226693273739685,165.0000707061107,0.0947439975759166,9.39660982349888e-06,-0.2229767644254146,-0.123004947456558,0.0219102856298315,0.8573151837607723,15.455546751830004,32.14545235993149,6.672975488497949
5.46,31.22179853138882,131.0115493020825,178.59332712748295,0.8384173932100482,-0.1578137211540615,-6.244600426551437,2.27382455593218,-0.270309374316452,0.0,32.112068018845854,27.776431233339743,38.44211579311736,-14.438894107333068,104.50918413839064,620.8476788805918,1.274,1.0150000015428002,0.0,4.227468603179758,165.0000707061107,0.0945564593640206,9.421765975983562e-06,-0.2243598050379407,-0.1232746498453096,0.0220020827700171,0.8531395654618423,15.520727835155332,32.08727872883941,6.651193859472893
5.47,31.22179759362104,131.0115520060321,178.788720856765,0.841330802205331,-0.1223133544500854,-6.224506385811666,2.260073448017708,-0.2891539292263298,0.0,32.04850641451713,27.772824391415096,38.30000914808488,-14.467639252765611,104.46287030776928,618.380692771052,1.274,1.0150000015428002,0.0,4.228240037973257,165.0000707061107,0.0943695061247021,9.447579027901142e-06,-0.2257419323450505,-0.1234775568091818,0.0220933879520853,0.8501746880125629,15.585835024260067,32.02929349232132,6.628425282993834
5.48,31.221796655917554,131.01155470961595,178.98312325189713,0.8439642730293984,-0.0869208706727524,-6.204102077949982,2.2441700941713782,-0.3077398804606622,0.0,31.98514512785131,27.76922767444217,38.1570885774989,-14.4961145057178,104.4168465094366,615.9264376842785,1.274,1.0150000015428002,0.0,4.22900757836996,165.0000707061107,0.0941831408546414,9.474079457403532e-06,-0.2271226164508282,-0.1236143692148915,0.022184153231254,0.848428185220611,15.65082924988588,31.97149163465101,6.6046866571565985
5.49,31.2217957182823,131.0115574128371,179.1765343807344,0.8463207365542063,-0.0516741592211256,-6.183385341074652,2.2261622971798385,-0.3260535610626001,0.0,31.92198517856807,27.7656412550721,38.013364669398754,-14.524292237084644,104.37115826271136,613.4849055513561,1.274,1.0150000015428002,0.0,4.229771224646406,165.0000707061107,0.093997366566718,9.50129697629308e-06,-0.2285013391605497,-0.1236858516403086,0.0222743322331007,0.847896699869665,15.71567196483371,31.913868221718975,6.579997247285405
5.5,31.221794780719097,131.01156011569856,179.3689542982034,0.8484033932513739,-0.0166105752380982,-6.162354376807921,2.206099409672622,-0.3440819182393361,0.0,31.8590275921792,27.76206529771331,37.8688482579801,-14.552145743949149,104.32585004878204,611.0560883694684,1.274,1.0150000015428002,0.0,4.23053097704791,165.0000707061107,0.093812186290847,9.529260508529089e-06,-0.2298775943207048,-0.1236928303642818,0.0223638801722106,0.8485659719338932,15.780325192020385,31.856418409158756,6.554378569870747
5.51,31.22179384323175,131.0115628182033,179.56038306320156,0.8502157051436346,0.0182330940058657,-6.141007760368408,2.1840322390951155,-0.361812515829918,0.0,31.796273399927244,27.758499958534536,37.723550404870174,-14.579649265582896,104.28096527779476,608.6399781991544,1.274,1.0150000015428002,0.0,4.231286835797487,165.0000707061107,0.0936276030738105,9.55799817006874e-06,-0.2312508881542711,-0.1236361912993214,0.0224527538697919,0.8504111750139215,15.844751555886567,31.79913744758796,6.527854274639027
5.52,31.22179290582393,131.01156552035428,179.75082073461883,0.851761387582561,0.0528206614476522,-6.119344449267703,2.1600129532750296,-0.3792335358198115,0.0,31.73372363870809,27.754945385483367,37.57748238031322,-14.606777997513344,104.23654625821328,606.2365671626824,1.274,1.0150000015428002,0.0,4.232038801140456,165.0000707061107,0.0934436199790113,9.587537249985912e-06,-0.2326207395726001,-0.1235168778981707,0.0225409117687691,0.8533974912777337,15.908914312429053,31.742020687630912,6.500450024559051
5.53,31.22179196849933,131.01156822215452,179.94026735941287,0.8530444009843848,0.0871165714605798,-6.097363790602048,2.1340949866820225,-0.3963337789449958,0.0,31.671379351036688,27.75140171831605,37.43065564430528,-14.63350810369094,104.1926341684278,603.8458474422715,1.274,1.0150000015428002,0.0,4.232786873277526,165.0000707061107,0.0932602400863878,9.61790419296747e-06,-0.2339866804640804,-0.1233358890377342,0.022628313946319,0.857480895590981,15.97277737802155,31.6850635848094,6.472193374077999
5.54,31.221791031261457,131.0115709236069,180.1287229924855,0.8540689423243248,0.1210859296384053,-6.0750655269263225,2.106332947539545,-0.413102664387203,0.0,31.609241584960984,27.747869088636715,37.28308182771579,-14.65981672679535,104.14926903058428,601.4678112776608,1.274,1.0150000015428002,0.0,4.233531052422793,165.0000707061107,0.0930774664921527,9.649124583072015e-06,-0.2353482559599806,-0.1230942768834295,0.0227149221239721,0.862609108832669,16.036305356732203,31.62826170415316,6.443113645875186
5.55,31.221790094113825,131.01157362471443,180.31618767779992,0.854839436592638,0.1546945314194212,-6.05244980070725,2.076782525871541,-0.4295302286102234,0.0,31.54731139400869,27.74434761994794,37.13477271343506,-14.685681996720048,104.10648968660333,599.1024509645895,1.274,1.0150000015428002,0.0,4.234271338776972,165.0000707061107,0.0928953023086364,9.681223128816396e-06,-0.2367050246775165,-0.1227931447375554,0.0228006996753194,0.8687226742448779,16.099463566401585,31.571610724659426,6.4132418063828345
5.56,31.221789157059828,131.01157632548,180.502661465276,0.8553605281241193,0.1879088893899353,-6.029517157355892,2.0455004026093486,-0.4456071233558531,0.0,31.485589837122166,27.740837427710662,36.98574021758292,-14.711083037279234,104.0643337763552,596.7497588528283,1.274,1.0150000015428002,0.0,4.2350077325273965,165.0000707061107,0.0927137506640965,9.714223649549556e-06,-0.2380565589405606,-0.1224336448746688,0.022885611631378,0.8757561079280324,16.162218063349474,31.515106443531412,6.382610340316066
5.57,31.221788220102788,131.01157902590637,180.6881443998584,0.8556370718337136,0.2206962592946823,-6.006268546848039,2.01254415986085,-0.4613246128304533,0.0,31.424077978589228,27.73733861941328,36.83599637081571,-14.73599997118238,104.02283771795256,594.4097273441143,1.274,1.0150000015428002,0.0,4.235740233852473,165.0000707061107,0.0925328147025146,9.748149063040874e-06,-0.2394024449782509,-0.1220169763671674,0.0229696246836854,0.8836390760495233,16.22453566574426,31.458744780207883,6.351253124435306
5.58,31.22178728324593,131.01158172599648,180.8726365205214,0.8556741243756945,0.2530246647581667,-5.9827053239464405,1.9779721924405,-0.4766745701135106,0.0,31.362776887973528,27.73385129465017,36.68555329976585,-14.760413923323922,103.9820366901228,592.0823488900787,1.274,1.0150000015428002,0.0,4.236468842926159,165.0000707061107,0.0923524975833939,9.783021374385698e-06,-0.24074228310182,-0.1215443829041415,0.0230527071851831,0.8922975559554471,16.28638397564925,31.40252178018776,6.319205300750868
5.59,31.221786346492408,131.01158442575309,181.05613787319007,0.8554769352337764,0.2848629207109706,-5.958829247045212,1.9418436207546632,-0.4916494728181576,0.0,31.301687640041497,27.73037554520928,36.53442320864834,-14.784307022437767,103.94196461661636,589.7676159905537,1.274,1.0150000015428002,0.0,4.237193559926861,165.0000707061107,0.092172802481538,9.818861666110474e-06,-0.2420756878599926,-0.1210171506064641,0.0231348291489773,0.9016549451697548,16.347731399751193,31.34643361864611,6.28650314936924
5.6,31.22178540984527,131.011587125179,181.2386484948389,0.8550568917304299,0.3161899269354876,-5.93464249394399,1.9042168816845253,-0.506243263028587,0.0,31.2408139430114,27.72691145516746,36.38261836106682,-14.807662401168322,103.90265415260698,587.4656200396826,1.274,1.0150000015428002,0.0,4.237907827381817,165.0000707061107,0.0919937403263662,9.855690089463309e-06,-0.2434022881733189,-0.120436605841017,0.0232159641981907,0.9116418901572694,16.408555436440455,31.29048068849489,6.253183645534482
5.61,31.221784473307487,131.01158982427697,181.4201684274049,0.8544159722219286,0.3469705441514236,-5.910147524699326,1.865152569099856,-0.5204494236298343,0.0,31.180155299927016,27.72345909314768,36.23015106205048,-14.83046419461036,103.86413667303763,585.1762936693367,1.274,1.0150000015428002,0.0,4.238615617653247,165.0000707061107,0.0918153096644892,9.8935258540464e-06,-0.2447217380299331,-0.1198040968177111,0.0232960855113613,0.9221747600029224,16.46882114125589,31.23465697243317,6.219284964711457
5.62,31.22178353688192,131.01159252304964,181.6006977058607,0.8535575507371433,0.3771723601569789,-5.885347247508753,1.824711804408481,-0.534261992639146,0.0,31.1197117462696,27.72001852779583,36.07703363687374,-14.852697529680231,103.82644227589996,582.899589781777,1.274,1.0150000015428002,0.0,4.239319565945286,165.0000707061107,0.0916375106103196,9.932387239619667e-06,-0.2460336994410866,-0.1191210175700523,0.0233751676510941,0.9331714513152604,16.52849611663546,31.1789574141602,6.184846099110734
5.63,31.221782600571352,131.01159522149973,181.78023636815567,0.8524875529002824,0.4067675557240058,-5.860244997663946,1.7829557844631447,-0.547675796550928,0.0,31.05948437687468,27.71658982192673,35.92327841583301,-14.874348525634437,103.78959976621688,580.6355010542283,1.274,1.0150000015428002,0.0,4.240019672407652,165.0000707061107,0.0914603463976907,9.972291581994044e-06,-0.2473378447881341,-0.1183888023899133,0.0234531871854062,0.9445542135830072,16.587552160994154,31.12337873837717,6.149906628569542
5.64,31.22178166437844,131.01159791962988,181.95878445223167,0.8512120490503061,0.435729196189604,-5.8348444890248645,1.7399460202339505,-0.5606862340755818,0.0,30.999474291334025,27.71317303004718,35.768897718565306,-14.895404291488056,103.75363664463757,578.3840201999595,1.274,1.0150000015428002,0.0,4.240715937190059,165.0000707061107,0.0912838202744217,1.0013255262337816e-05,-0.2486338611526189,-0.1176089171299078,0.0235301223060638,0.95624678631652,16.645961957049305,31.06791781368032,6.114506637294105
5.65,31.221780728305763,131.0116006174426,182.13634199204887,0.849737248419778,0.4640312521775368,-5.809149805219354,1.6957442590346967,-0.5732892682905861,0.0,30.93968259400528,27.709768199551213,35.6139038372974,-14.915852918984404,103.71857910305935,576.1451399696537,1.274,1.0150000015428002,0.0,4.241408360429013,165.0000707061107,0.0911079355023479,1.0055293704211096e-05,-0.249921450346525,-0.116782857061324,0.0236059528155241,0.9681748845817426,16.703699090002274,31.01257165582288,6.078686588126283
5.66,31.22177979235581,131.01160331494052,182.3129090205665,0.8480694900914232,0.4916486141346506,-5.78316538981938,1.6504124090201415,-0.585481417983775,0.0,30.880110393930504,27.70637537085737,35.45830902046411,-14.935683474316718,103.68445202193412,573.9188531492265,1.274,1.0150000015428002,0.0,4.242096942256619,165.0000707061107,0.0909326953570863,1.0098421371666313e-05,-0.251200328929701,-0.1159121447380724,0.023680660112684,0.980266579543001,16.7607380594675,30.95733742991268,6.042487197889351
5.67,31.22177885653095,131.01160601212604,182.48848557769608,0.8462152339686587,0.5185571056191403,-5.756896035470104,1.6040124655929022,-0.5972597485036936,0.0,30.82075880474789,27.702994577553028,35.30212545671681,-14.954885988655068,103.65127896921068,571.7051525584105,1.274,1.0150000015428002,0.0,4.2427816828225895,165.0000707061107,0.0907581031277638,1.0142651768390864e-05,-0.2524702282093083,-0.114998327877499,0.0237542271770794,0.9924525891576949,16.81705429020139,30.902212452405077,6.005949313819716
5.68,31.22177792083344,131.01160870900168,182.6630716963838,0.8441810518381566,0.5447334954605816,-5.7303468720286,1.5566064397511807,-0.6086218621582797,0.0,30.76162894462979,27.699625846544848,35.14536525934373,-14.973451447536355,103.61908220085864,569.5040310490612,1.274,1.0150000015428002,0.0,4.243462582250222,165.0000707061107,0.0905841621168475,1.0187997437891371e-05,-0.2537308942217797,-0.11404297726025,0.0238266385515397,1.0046664903845242,16.87262414174422,30.847194192943444,5.969113791270847
5.69,31.22177698526544,131.0116114055698,182.83666740957,0.841973618388161,0.5701555085788153,-5.703523353773292,1.5082562884432302,-0.6195658881761625,0.0,30.7027219361816,27.69626919821383,34.988040451121485,-14.991371779175198,103.58788266291884,567.3154815033929,1.274,1.0150000015428002,0.0,4.24413964068483,165.0000707061107,0.0904108756398348,1.023446996464568e-05,-0.2549820876978958,-0.1130476846510982,0.0238978803234336,1.0168448640112764,16.927424916796088,30.792280275948304,5.932021372892836
5.7,31.221776049829018,131.01161410183275,183.0092727551578,0.8395997023612539,0.5948018357413505,-5.676431245746455,1.4590238469341543,-0.6300904722810299,0.0,30.64403890637739,27.692924646575623,34.830162949616174,-15.008639841752728,103.55769999502397,565.1394968324008,1.274,1.0150000015428002,0.0,4.244812858249708,165.0000707061107,0.0902382470250757,1.0282079976221296e-05,-0.2562235840113494,-0.1120140607429305,0.0239679401045185,1.0289273832617851,16.9814348685812,30.73746848207512,5.894712569487042
5.71,31.221775114526128,131.01161679779293,183.18088776309293,0.8370661576843339,0.6186521420166302,-5.649076609294405,1.408970763243495,-0.6401947658916362,0.0,30.58558098645892,27.68959219944525,34.67174455295031,-15.025249409741336,103.52855253533436,562.976069974239,1.274,1.0150000015428002,0.0,4.2454822350901695,165.0000707061107,0.0900662796134628,1.0330837146358297e-05,-0.2574551731114646,-0.1109437331255566,0.0240368070095232,1.0408568559896934,17.034633206994652,30.68275674942936,5.857227542756656
5.72,31.221774179358608,131.01161949345243,183.3515124722592,0.8343799147450581,0.6416870741937538,-5.621465786870998,1.3581584346506468,-0.6498784149954034,0.0,30.52734931186913,27.68627185860578,34.51279692605064,-15.041195159321171,103.500457326833,560.8251938926944,1.274,1.0150000015428002,0.0,4.246147771329508,165.0000707061107,0.0898949767582475,1.0380750198941777e-05,-0.2586766594404616,-0.1098383442813377,0.0241044716334724,1.0525792297839125,17.087000103777708,30.628143174652635,5.819605990172428
5.73,31.221773244328205,131.0116221888136,183.52114691855263,0.8315479716626699,0.6638882669314335,-5.59360538617158,1.306647946316836,-0.6591415487079714,0.0,30.469345022149223,27.682963619981223,34.35333158739044,-15.056472652945237,103.47343012492368,558.6868615754489,1.274,1.0150000015428002,0.0,4.2468094671130405,165.0000707061107,0.0897243418247283,1.043182691286139e-05,-0.2598878618359356,-0.1086995496091162,0.024170926027877,1.0640435676666715,17.13851669651915,30.57362601377182,5.781887032194149
5.74,31.22177230943655,131.0116248838785,183.6897911378624,0.8285773857081943,0.6852383478921522,-5.565502263665537,1.254500012013933,-0.6679847675637146,0.0,30.411569260864727,27.6796674738123,34.19335989623725,-15.071078323108084,103.44748540627816,556.5610660328545,1.274,1.0150000015428002,0.0,4.247467322577269,165.0000707061107,0.0895543781900361,1.048407412772428e-05,-0.2610886134189512,-0.107529015478263,0.0242361636758264,1.075202001475169,17.189165091716873,30.519203682916988,5.744109102089403
5.75,31.22177137468516,131.01162757864927,183.8574451650768,0.8254752647735604,0.7057209417080638,-5.5371635075953085,1.2017749169896443,-0.6764091315547723,0.0,30.35402317551327,27.67638340483576,34.03289304041752,-15.085009455373056,103.42263637887646,554.4478002963472,1.274,1.0150000015428002,0.0,4.248121337863103,165.0000707061107,0.0893850892428615,1.0537497750392436e-05,-0.2622787614684067,-0.1063284173141669,0.0243001794660612,1.086009668511268,17.23892836676858,30.464874758836917,5.706309838608602
5.76,31.22177044007545,131.0116302731279,184.02410904004785,0.8222543137226983,0.7253296543793489,-5.508596423050127,1.1485312485362735,-0.6844169067467288,0.0,30.29671043973596,27.67311139246632,33.871942024605374,-15.09826417071137,103.3988949931863,552.3471493862892,1.274,1.0150000015428002,0.0,4.248765385881902,165.0000707061107,0.0892164858107594,1.0592102762315883e-05,-0.2634581672821412,-0.105099437716691,0.0243629716943824,1.0964347430012993,17.287798468484773,30.41064191224763,5.668525829803169
5.77,31.22176950560872,131.0116329673165,184.1897828006322,0.8189180547946224,0.7440442443354696,-5.4798084290111255,1.0948286001670362,-0.6920098245886585,0.0,30.239630566387923,27.669851404375944,33.710517659144045,-15.110841407206417,103.37627195442802,550.2590460812247,1.274,1.0150000015428002,0.0,4.249403478522784,165.0000707061107,0.0890485664687886,1.0647893224647111e-05,-0.2646267153059799,-0.1038437497302887,0.0244245375363324,1.1064316154272444,17.335755237689735,30.356501478132085,5.630792810939887
5.78,31.22176857128618,131.01163566121684,184.35446648666868,0.8154717291229903,0.7618481653930397,-5.450807175188158,1.0407259238359987,-0.6991900760225662,0.0,30.182783824556623,27.666603409935004,33.54863054649615,-15.122740894781504,103.3547767474136,548.1834509706057,1.274,1.0150000015428002,0.0,4.2500377803938205,165.0000707061107,0.0888813320188808,1.0704872304154691e-05,-0.2657842974830736,-0.1025630397671033,0.0244848754984885,1.115960382790005,17.382781871560162,30.30245112818909,5.593145454217639
5.79,31.221767637108925,131.0116383548309,184.51816013898247,0.8119225592109744,0.7787290410482952,-5.421600499849856,0.9862812753588492,-0.7059604252434803,0.0,30.126171376512747,27.66336737461924,33.38629107311293,-15.13396314016538,103.33441764308148,546.1203571586017,1.274,1.0150000015428002,0.0,4.250668291642822,165.0000707061107,0.0887147858931541,1.0763042273791135e-05,-0.2669308159837104,-0.1012590012602855,0.0245439857870208,1.1249873639077987,17.428865324359467,30.24849008225352,5.5556172344849
5.8,31.221766703077936,131.01164104816047,184.680863797399,0.8082777747388051,0.7946754919530495,-5.392196382749128,0.9315520291273076,-0.7123240329589448,0.0,30.06979438795344,27.660143258549017,33.22350940091758,-15.144509409292851,103.31520170958612,544.0697577618241,1.274,1.0150000015428002,0.0,4.251295012430633,165.0000707061107,0.0885489315337935,1.082240451750036e-05,-0.2680661863147798,-0.0999333276563928,0.0246018698707969,1.133481453415248,17.47399351300761,30.194617720222304,5.518240348248241
5.81,31.22176576919408,131.01164374120737,184.84257750968703,0.8045446072914606,0.8096771378437913,-5.362602926229233,0.8765948334151169,-0.718284443727988,0.0,30.013654027971736,27.656931017465222,33.06029545829744,-15.154381706973084,103.29713482837757,542.031645909807,1.274,1.0150000015428002,0.0,4.25191794290941,165.0000707061107,0.0883837723929707,1.0882959541112013e-05,-0.2691903371190089,-0.0985877107227992,0.0246585304503815,1.1414140368045285,17.518155317716463,30.140833582310968,5.481045629118046
5.82,31.221764835458146,131.01164643397323,185.00330131665248,0.800730282605776,0.8237245943534408,-5.332828336382393,0.8214655681275013,-0.7238455730155471,0.0,29.957751468947446,27.653730602919648,32.89665893164448,-15.163582756171015,103.28022171110472,540.006014744073,1.274,1.0150000015428002,0.0,4.252537083261736,165.0000707061107,0.0882193119325069,1.0944706983828431e-05,-0.2703032099683921,-0.0972238388879667,0.0247139714268487,1.148758903034958,17.56134057755673,30.087137368428284,5.444062468278284
5.83,31.22176390187077,131.01164912645973,185.16303526704533,0.7968420130478719,0.8368094690523515,-5.30288090420598,0.7662193046194656,-0.729011694210134,0.0,29.902087886478693,27.65054196246726,32.732609257441524,-15.172115976943944,103.26446591730014,537.992857417005,1.274,1.0150000015428002,0.0,4.253152433639769,165.0000707061107,0.0880555536236875,1.1007645630312969e-05,-0.2714047591480681,-0.0958433956222137,0.0247681978700258,1.1554921604234372,17.60354008534699,30.033528937471036,5.407318740120569
5.84,31.22176296843256,131.01165181866844,185.32177940762105,0.7928869901153869,0.8489243564045088,-5.272768986818381,0.7109102675995931,-0.7337874256030356,0.0,29.84666445926005,27.647365039857792,32.56815561489212,-15.179985465077166,103.24986987279816,535.9921670902302,1.274,1.0150000015428002,0.0,4.253763994230436,165.0000707061107,0.0878925009468941,1.1071773423341405e-05,-0.2724949514313156,-0.0944480578594718,0.0248212159863047,1.161592156005802,17.644745581594176,29.980008306395625,5.370840733340116
5.85,31.221762035143893,131.01165451060095,185.47953378910373,0.7888723771757391,0.8600628319982001,-5.242500988793839,0.6555917990621642,-0.7381777173709622,0.0,29.79148236900178,27.644199775228028,32.4033069190911,-15.187195970461127,103.23643488884096,534.0039369340852,1.274,1.0150000015428002,0.0,4.2543717652206725,165.0000707061107,0.0877301573913662,1.1137087477015076e-05,-0.2735737658459949,-0.0930394944609884,0.0248730330860527,1.167039399145312,17.68494974780288,29.926575649217643,5.33465308777665
5.86,31.221761102005186,131.0116572022588,185.6362984612172,0.7848053023210582,0.8702194458769927,-5.212085343672504,0.6003163242412589,-0.742187838569435,0.0,29.73654280033353,27.64104610529328,32.2380718147309,-15.193752875250592,103.22416118182646,532.0281601265134,1.274,1.0150000015428002,0.0,4.254975746797409,165.0000707061107,0.0875685264549188,1.1203584090456209e-05,-0.2746411934330889,-0.0916193647213188,0.0249236575506607,1.1718164894141745,17.724146199004803,29.87323129585542,5.298778737274905
5.87,31.221760169016648,131.01165989364327,185.7920734786477,0.7806928513714116,0.8793897150418591,-5.181530495700932,0.5451353195561529,-0.7458233641577015,0.0,29.68184694070584,27.63790396353852,32.072458670339074,-15.199662171845878,103.21304789365531,530.0648298518545,1.274,1.0150000015428002,0.0,4.255575939151925,165.0000707061107,0.0874076116436547,1.127125876202118e-05,-0.2756972369977922,-0.090189316917201,0.0249730987992883,1.1759080489255422,17.762329475572965,29.81997573084217,5.263238858823515
5.88,31.22175923617844,131.01166258475578,185.94685889309343,0.7765420610253829,0.8875701151440945,-5.150844881856032,0.4900992825195296,-0.7490901620715701,0.0,29.6273959802868,27.634773280408115,31.90647557303992,-15.204930440733438,103.20309311263333,528.1139392999845,1.274,1.0150000015428002,0.0,4.2561723424928894,165.0000707061107,0.0872474164716548,1.1340106203922018e-05,-0.2767419108536312,-0.0887509868997634,0.0250213672553774,1.1793006591844817,17.799495034341014,29.76680959190729,5.228052828212531
5.89,31.221758303490592,131.01166527559772,186.10065476519023,0.7723599122013949,0.8947580714594453,-5.120036914201707,0.4352577035696149,-0.7519943803657425,0.0,29.57319111187304,27.631653983495152,31.74013032383345,-15.209564828222614,103.1942938948886,526.1754816652874,1.274,1.0150000015428002,0.0,4.256764957024624,165.0000707061107,0.0870879444607247,1.141012035736514e-05,-0.2777752405600866,-0.0873059967304508,0.0250684743129437,1.181982802526716,17.83563923910906,29.7137336684601,5.1932381824259215
5.9,31.221757370953046,131.01166796617028,186.253461155568,0.7681533234892133,0.9009519490331762,-5.089114962626593,0.3806590398078733,-0.7545424344317103,0.0,29.519233530775807,27.628545997728448,31.573430433383656,-15.213573024113265,103.18664628626252,524.2494501460129,1.274,1.0150000015428002,0.0,4.25735378298188,165.0000707061107,0.0869291991400437,1.1481294408025562e-05,-0.2787972626542413,-0.0858559533608926,0.0251144323027571,1.1839448079621595,17.870759350441844,29.660748899919767,5.158810588960933
5.91,31.22175643856565,131.01167065647465,186.40527812087376,0.7639291448481239,0.90615104224516,-5.0580873380067,0.3263506905835134,-0.7567409943209104,0.0,29.46552443474525,27.625449245558823,31.406383118306923,-15.216963239327884,103.18014534463607,522.335837943513,1.274,1.0150000015428002,0.0,4.257938820573324,165.0000707061107,0.0867711840459577,1.155362080194056e-05,-0.2798080243768405,-0.084402447357081,0.0251592544583721,1.1851788016272051,17.904853514978306,29.607856373993485,5.124783822234246
5.92,31.22175550632816,131.01167334651203,186.55610572669244,0.7596941513656446,0.910355563505612,-5.0269622758357215,0.2723789749220465,-0.7585969721661596,0.0,29.412065023844,27.62236364714268,31.23899529795129,-15.21974418354007,103.1747851626533,520.4346382610586,1.274,1.0150000015428002,0.0,4.2585200700424055,165.0000707061107,0.0866139027215962,1.1627091261730228e-05,-0.2808075833933437,-0.0829470516678192,0.0252029548821253,1.185678661420412,17.937920754002374,29.55505732476868,5.091169747202965
5.93,31.221754574240205,131.01167603628346,186.7059440386028,0.7554550372754182,0.9135666314370388,-4.995747920362372,0.2187891107273243,-0.7601175097349162,0.0,29.358856500362617,27.619289120523824,31.0712735916562,-15.2219250428298,103.17055889080558,518.54584430347,1.274,1.0150000015428002,0.0,4.259097531628222,165.0000707061107,0.0864573587166278,1.1701696803203969e-05,-0.2817960075102515,-0.0814913204378319,0.0252455485111077,1.1854399761442385,17.969960951585932,29.50235313076772,5.0579783102919125
5.94,31.221753642301355,131.01167872579003,186.8547931251585,0.7512237021109208,0.9157952327542708,-4.964452307893713,0.1656240564257317,-0.7613106418765596,0.0,29.30590256077562,27.616225581813104,30.90322431648192,-15.223515457394672,103.1674587608412,516.6695371475412,1.274,1.0150000015428002,0.0,4.259665322909227,165.0000707061107,0.0863015629257012,1.1777427752224516e-05,-0.2827733743872822,-0.0800367878653585,0.0252870532334769,1.1844703032306896,18.00098261758834,29.44974921444959,5.025217601144514
5.95,31.221752710511048,131.01168141503263,187.0026530568933,0.7470025874930549,0.9170374094673928,-4.933083285073739,0.1129272185574322,-0.7621836631622956,0.0,29.253202514456024,27.61317293971029,30.734853485397306,-15.224525499344852,103.16547610946624,514.8056427512796,1.274,1.0150000015428002,0.0,4.260227941725748,165.0000707061107,0.0861465133241019,1.1854273758610607e-05,-0.2837397795083736,-0.0785849531433779,0.0253274846709099,1.1827606799131123,18.030981370250707,29.39724426383412,4.992893669061712
5.96,31.22175177886868,131.01168410401232,187.1495239013533,0.7427968173610676,0.9172947341939512,-4.901648616972796,0.0607405870782489,-0.7627442205553492,0.0,29.200756963376275,27.61013110763749,30.56616680344623,-15.22496564530152,103.1646014127112,512.9541329049606,1.274,1.0150000015428002,0.0,4.260786821738432,165.0000707061107,0.0859922116935807,1.193222383048758e-05,-0.284695321191809,-0.077137304144346,0.0253668596982925,1.1803091119427571,18.05995770858526,29.34483912804929,4.961010716495231
5.97,31.22175084737353,131.01168679272988,187.2954057429737,0.7386127013981558,0.9165718118279684,-4.870155937308248,0.0091048132259861,-0.7630002445847304,0.0,29.148567117595423,27.607099997519345,30.397169668750404,-15.224846758661048,103.1648243019964,511.1150008142079,1.274,1.0150000015428002,0.0,4.261341963221962,165.0000707061107,0.0858386616065871,1.2011266341622125e-05,-0.2856401046987855,-0.0756953090492357,0.0254051962298028,1.1771176960777854,18.08791483124704,29.29253574043001,4.9295710893098015
5.98,31.221749916024784,131.01168948118618,187.44029865326195,0.7344564394237924,0.9148740824342848,-4.838612718272152,-0.0419406309064153,-0.7629598351495172,0.0,29.09663418884396,27.604079519576526,30.227867172603595,-15.224180069106966,103.1661335859558,509.28823968199634,1.274,1.0150000015428002,0.0,4.261893366463886,165.0000707061107,0.0856858666404648,1.2091389045750844e-05,-0.2865742439542404,-0.0742604119775273,0.0254425128451158,1.1731900963766957,18.114856729962035,29.24033616702802,4.898575278996663
5.99,31.221748984821545,131.01169216938194,187.58420271266428,0.7303341180586401,0.9122078086845746,-4.807026258250354,-0.0923574635009943,-0.7626312501623536,0.0,29.044959390457848,27.601069582953464,30.05826409936933,-15.22297715098802,103.16851727498003,507.4738427091023,1.274,1.0150000015428002,0.0,4.262441031747461,165.0000707061107,0.0855338303772652,1.2172579094670282e-05,-0.2874978612419581,-0.0728340320703933,0.0254788287558954,1.1685315320507208,18.14078817753857,29.18824260457559,4.868021956842115
6.0,31.22174805376284,131.0116948573179,187.7271180046012,0.7262517058979693,0.9085800600068245,-4.775403670359736,-0.1421086024217026,-0.7620228942516771,0.0,28.99354393725861,27.59807009587928,29.88836492677405,-15.221249901898611,103.17196260589492,505.6718030936237,1.274,1.0150000015428002,0.0,4.262984959385994,165.0000707061107,0.0853825564033854,1.2254823056497334e-05,-0.2884110869003556,-0.0714175626134974,0.0255141637727425,1.1631487665608828,18.165714712653465,29.136257377880224,4.83790801495142
6.01,31.2217471228476,131.0116975449948,187.86904461546823,0.722215048926641,0.9039986963853668,-4.743751871702935,-0.1911581731708785,-0.7611433076651449,0.0,28.9423890454606,27.595080965824923,29.71817382658155,-15.219010521479705,103.1764560667504,503.8821140308432,1.274,1.0150000015428002,0.0,4.263525149688497,165.0000707061107,0.0852320483092991,1.2338106934072275e-05,-0.2893140590167536,-0.0700123702034081,0.0255485382723937,1.1570501014650385,18.189642624356424,29.08438293719277,4.808228613768127
6.02,31.22174619207468,131.01170023241315,188.009982631654,0.718229866064595,0.8984723516495272,-4.71207757335427,-0.2394715154195418,-0.760001155369669,0.0,28.891495932556765,27.592102099657232,29.547694665634985,-15.216271490458984,103.18198342169433,502.1047687126822,1.274,1.0150000015428002,0.0,4.264061602976852,165.0000707061107,0.0850823096892188,1.2422416183523288e-05,-0.290206923120578,-0.0686197939571364,0.0255819731652125,1.1502453749768031,18.212578936151,29.032621855474748,4.77897723578684
6.03,31.22174526144287,131.01170291957365,188.1499321425217,0.7143017449097628,0.8920104163868917,-4.680387271087799,-0.2870151881643034,-0.7586052163590794,0.0,28.840865817212222,27.58913340378859,29.376931007252487,-15.21304554994716,103.18852973590586,500.3397603274312,1.274,1.0150000015428002,0.0,4.264594319581532,165.0000707061107,0.0849333441407818,1.2507735732920792e-05,-0.2910898318757567,-0.0672411447645516,0.0256144898630024,1.1427459656021164,18.23453138976875,28.980976825615397,4.750145745120342
6.04,31.22174433095085,131.0117056064767,188.288893243392,0.7104361376534374,0.8846230204679325,-4.648687236855685,-0.333756973550154,-0.7569643731716055,0.0,28.790499919155742,27.5861747843228,29.20588611296243,-15.209345681006807,103.19607940056376,498.5870820592652,1.274,1.0150000015428002,0.0,4.265123299841588,165.0000707061107,0.0847851552647349,1.2594050001041424e-05,-0.2919629447726653,-0.0658777045832253,0.0256461102471516,1.1345648010742413,18.255508428625465,28.92945065758658,4.72172445254373
6.05,31.22174340059727,131.0117082931229,188.4268660295772,0.7066383571575883,0.8763210151845912,-4.616983511022821,-0.379665879398884,-0.7550876016196272,0.0,28.740399459062854,27.583226147196825,29.034562944564303,-15.20518508450894,103.20461615782644,496.8467270883353,1.274,1.0150000015428002,0.0,4.2656485441218255,165.0000707061107,0.0846377466645773,1.26813429162073e-05,-0.2928264278199297,-0.0645307257752751,0.0256768566371811,1.1257163728877453,18.27551918095948,28.87804627552941,4.693702185605305
6.06,31.221742470380647,131.0117109795126,188.5638505983713,0.702913573266076,0.8671159551547338,-4.585281895359612,-0.4247121404991976,-0.7529839607430135,0.0,28.690565658466028,27.58028739831811,28.862964166501083,-15.20057716129066,103.2141231258018,495.11868859045177,1.274,1.0150000015428002,0.0,4.266170052765593,165.0000707061107,0.0844911219463126,1.2769597935184878e-05,-0.2936804532363646,-0.0632014304857794,0.025706751759633,1.116216756940045,18.29457344278336,28.82676671483188,4.666066363366073
6.07,31.22174154029949,131.01171366564623,188.69984705004325,0.6992668091914185,0.8570200797417301,-4.553587946794544,-0.4688672186720953,-0.7506625829722264,0.0,28.640999739616404,27.57735844369776,28.69109214852911,-15.1955354926278,103.22458282348504,493.40295973667344,1.274,1.0150000015428002,0.0,4.266687826159149,165.0000707061107,0.0843452847180266,1.2858798062123017e-05,-0.2945251991434257,-0.061891010062116,0.0257358187174102,1.1060836403747756,18.312681660429952,28.775615119082445,4.638803075299963
6.08,31.221740610352185,131.01171635152411,188.83485549280604,0.6957029381837253,0.8460462943746597,-4.521906971924434,-0.5121038016888936,-0.7481326645239154,0.0,28.59170292539618,27.57443918957905,28.51894896867157,-15.19007382103377,103.23597719564424,491.6995336936264,1.274,1.0150000015428002,0.0,4.267201864675886,165.0000707061107,0.0842002385896369,1.2948925867528548e-05,-0.2953608492583068,-0.0606006245139552,0.0257640809595306,1.0953363555115954,18.32985491302592,28.7245947370593,4.611897163876344
6.09,31.22173968053708,131.01171903714655,188.9688760259205,0.6922266802970082,0.8342081514692338,-4.490244022277492,-0.5543958010524552,-0.7454034560132851,0.0,28.54267643919361,27.571529542561564,28.346536416441506,-15.18420603139592,103.24828763763377,490.0084036229114,1.274,1.0150000015428002,0.0,4.267712168706357,165.0000707061107,0.084055987172525,1.3039963507220731e-05,-0.296187592588111,-0.059331402013071,0.0257915622513182,1.0839959209813517,18.34610489463104,28.6737089196198,4.585332310319492
6.1,31.22173875085245,131.01172172251384,189.10190876553688,0.6888425993505938,0.821519831148149,-4.458603890324177,-0.5957183486977939,-0.7424842532930341,0.0,28.49392150478837,27.5686294097208,28.173855996320867,-15.17794613245964,103.26149502011704,488.3295626813183,1.274,1.0150000015428002,0.0,4.268218738662576,165.0000707061107,0.0839125340791922,1.3131892741318496e-05,-0.2970056231252419,-0.058084438432593,0.0258182866450878,1.072085090819453,18.36144389621388,28.62296111656919,4.559091123039463
6.11,31.221737821296514,131.0117244076262,189.23395381786,0.6855551000895574,0.8079961217883233,-4.426991106226188,-0.6360477926545184,-0.7393843885210326,0.0,28.44543934624888,27.56573869872267,28.000908931481685,-15.171308238669225,103.27557971368044,486.6630040209605,1.274,1.0150000015428002,0.0,4.268721574952266,165.0000707061107,0.0837698829229608,1.3224694953150688e-05,-0.2978151395442962,-0.0568607969250318,0.0258442784512918,1.05962841209863,18.37588478748647,28.572354873514207,4.533155228219642
6.12,31.221736891867423,131.01172709248377,189.36501130001992,0.6823684254757171,0.793652400304588,-4.395409935313777,-0.6753616916995066,-0.7361132214506236,0.0,28.397231187811048,27.56285731793393,27.82769616773638,-15.164306552374244,103.29052161332083,485.00872078916206,1.274,1.0150000015428002,0.0,4.269220677996027,165.0000707061107,0.083628037317615,1.3318351168180484e-05,-0.2986163449007372,-0.0556615075383849,0.0258695622101681,1.0466522915618182,18.389440998517127,28.52189382865692,4.5075053620450305
6.13,31.22173596256327,131.0117297770867,189.49508132814609,0.6792866541716616,0.778504612296292,-4.363864376278565,-0.7136388090486472,-0.7326801309489334,0.0,28.34929825376668,27.55998517652736,27.654218377703646,-15.156955346408576,103.3063001627913,483.3667061283554,1.274,1.0150000015428002,0.0,4.269716048218747,165.0000707061107,0.0834870008770765,1.34128420728351e-05,-0.299409446331518,-0.0544875668697738,0.0258941626638823,1.033185071983627,18.40212650122999,28.471581709576625,4.4821214640637335
6.14,31.221735033382085,131.01173246143517,189.62416402233748,0.6763142708282823,0.7625702843710441,-4.332358160963043,-0.7508592270219253,-0.7290945749034154,0.0,28.30164205133172,27.55712218458217,27.480475965176968,-15.149268947049364,103.32289437878792,481.73696281007096,1.274,1.0150000015428002,0.0,4.270207037891756,165.0000707061107,0.0833467780484307,1.3508148033280753e-05,-0.3001946547579074,-0.0533399377558916,0.0259181049883694,1.019258271044276,18.413956673555475,28.4214227751112,4.456982803738493
6.15,31.22173410432186,131.01173514552917,189.752259502685,0.6734593612165531,0.7458743043262201,-4.300894752638528,-0.7870050639965505,-0.7253664854054888,0.0,28.254265959515912,27.55426825262549,27.306469069683576,-15.141261717361903,103.34028287496356,480.1195571566185,1.274,1.0150000015428002,0.0,4.2706887215605365,165.0000707061107,0.0832073787910703,1.360424911368338e-05,-0.3009721854238454,-0.0522195475059883,0.0259414163006101,1.0049131146724302,18.42495323509731,28.371424312113284,4.432068273636966
6.16,31.22173317538051,131.01173782936877,189.87936789821828,0.6707205071426602,0.7284252362259966,-4.269477277471311,-0.822057971334272,-0.7215048677222611,0.0,28.207168750712803,27.55142328828326,27.13219757098318,-15.132948040447072,103.35844388682251,478.5143987083628,1.274,1.0150000015428002,0.0,4.271166721351892,165.0000707061107,0.0830687994981294,1.3701125093117276e-05,-0.3017422630585946,-0.0511272778371197,0.0259641201598039,0.99017427029658,18.43512399443899,28.32158643695439,4.407355761136714
6.17,31.22173224655593,131.011740512954,190.0054893319962,0.6681011094448795,0.7102411011725466,-4.2381086646052335,-0.8560014404771409,-0.7175190910237464,0.0,28.1603516482728,27.54858720660048,26.957661092183567,-15.12434229991585,103.37735530341584,476.9214805954638,1.274,1.0150000015428002,0.0,4.271641037748847,165.0000707061107,0.0829310437806246,1.379875549986432e-05,-0.3025051080122029,-0.0500639890180286,0.0259862418300331,0.975078792196879,18.44448490604292,28.27191320238,4.38282296757289
6.18,31.22173131784596,131.01174319628475,190.1306239360169,0.6656043885929936,0.6913403771037641,-4.206791578348057,-0.8888201216381943,-0.7134185040210148,0.0,28.1138158748812,27.545759922262835,26.7828590068742,-15.11545886875335,103.39699468138866,475.34079593945887,1.274,1.0150000015428002,0.0,4.272111671213245,165.0000707061107,0.0827941152475823,1.3897119615833e-05,-0.3032609432600187,-0.0490305066683109,0.0260078066464429,0.9596662014319008,18.453052361334485,28.22240873228004,4.358447264126142
6.19,31.22173038924836,131.0117458793611,190.2547718442582,0.6632333891579123,0.6717419890297621,-4.175528419718012,-0.9204998132913706,-0.7092124282825872,0.0,28.067562652568647,27.54294135129482,26.60779044432233,-15.106312094250596,103.41733926816929,473.77233785777696,1.274,1.0150000015428002,0.0,4.272578622223875,165.0000707061107,0.0826580175060733,1.3996196494767056e-05,-0.3040099941110324,-0.0480276216374252,0.0260288399900525,0.9439786403789188,18.460843180459687,28.173077220175788,4.334205781752031
6.2,31.221729460760887,131.0117485621828,190.3779331877101,0.6609909784025486,0.6514652884740848,-4.14432132915933,-0.9510274501646764,-0.7049101513121411,0.0,28.02159320258546,27.54013141112889,26.432454294802447,-15.096916283347582,103.43836602490944,472.2160994642885,1.274,1.0150000015428002,0.0,4.273041891289188,165.0000707061107,0.0825227541608317,1.4095964980304996e-05,-0.3047524879280966,-0.0470560899009144,0.0260493672637871,0.9280610255583184,18.467874593157465,28.12392292587449,4.310075499537634
6.21,31.22172853238124,131.0117512447498,190.500108108288,0.6588798450779381,0.630530032990224,-4.113172189818784,-0.9803910905690846,-0.7005209198463235,0.0,27.975908745297385,27.537330020671675,26.25684921504613,-15.08728568838548,103.46005164917445,470.6720738699139,1.274,1.0150000015428002,0.0,4.27350147890916,165.0000707061107,0.0823883288139536,1.419640372387506e-05,-0.3054886538515706,-0.0461166324884327,0.0260694138690637,0.9119612094157143,18.47416421968896,28.07495017215656,4.28603333079763
6.22,31.2217276041071,131.011753927062,190.62129674193747,0.6569024983188888,0.6089563655800821,-4.082082631358973,-1.0085799030783515,-0.6960539333610138,0.0,27.93051050005504,27.53453710036549,26.080973633801573,-15.077434493269424,103.4823725973726,469.14025418274974,1.274,1.0150000015428002,0.0,4.273957385596479,165.0000707061107,0.0822547450645093,1.4297491202414112e-05,-0.3062187225266079,-0.0452099354426804,0.0260890051829568,0.8957301484955056,18.47973005167216,28.026163341420347,4.262056206607729
6.23,31.221726675936065,131.01175660911915,190.7414992325483,0.6550612667143882,0.5867647941760623,-4.051054034283816,-1.0355841526051863,-0.6915183377898085,0.0,27.88539968507533,27.53175257224488,25.90482575749281,-15.06737680004372,103.5053051069143,467.62063350840106,1.274,1.0150000015428002,0.0,4.274409611868067,165.0000707061107,0.0821220065081974,1.4399205735914969e-05,-0.3069429258341455,-0.0443366498086074,0.0261081665359401,0.8794220746711057,18.48459043295883,27.977566872348145,4.238121156516619
6.24,31.221725747865744,131.0117592909211,190.8607157240033,0.6533582975065784,0.56397617112015,-4.020087534749859,-1.0613951858981248,-0.6869232194483025,0.0,27.8405775173126,27.52897635998804,25.728403575969093,-15.057126615880176,103.52882521809008,466.1132049503278,1.274,1.0150000015428002,0.0,4.274858158257798,165.0000707061107,0.0819901167369617,1.450152550475226e-05,-0.307661496625762,-0.0434973916520375,0.0261269231902241,0.8630946643808161,18.488764040495123,27.929165256560555,4.2142053862046325
6.25,31.22172481989368,131.01176197246764,190.9789463631597,0.6517955559564109,0.5406116727324148,-3.9891840298369257,-1.0860054164977415,-0.6822775991653107,0.0,27.796045212340445,27.52620838896389,25.551704868334674,-15.046697840480192,103.55290879565922,464.6179616102936,1.274,1.0150000015428002,0.0,4.2753030253037805,165.0000707061107,0.0818590793386455,1.4604428566828546e-05,-0.3083746684624977,-0.0426927421069761,0.0261453003186702,0.8468091991883844,18.492269865244204,27.880963035294783,4.190286351896633
6.26,31.221723892017422,131.0117646537585,191.09619130084468,0.6503748248295169,0.5166927789016299,-3.9583441832508615,-1.1094083091750002,-0.6775904266141061,0.0,27.75180398422197,27.523448586274714,25.374727208850626,-15.036104253890636,103.57753155013977,463.13489658893326,1.274,1.0150000015428002,0.0,4.275744213561075,165.0000707061107,0.0817288978966031,1.470789287449404e-05,-0.3090826753577792,-0.0419232474507556,0.02616332298431,0.8306307085685415,18.49512719311098,27.832964796073902,4.166341831364963
6.27,31.22172296423445,131.01176733479335,191.2124506878772,0.6490977040552236,0.4922412528168079,-3.9275684314307098,-1.1315983638918268,-0.672870574845485,0.0,27.70785504539503,27.520696880792908,25.19746797289955,-15.025359504733371,103.6026690587915,461.664002986217,1.274,1.0150000015428002,0.0,4.276181723576264,165.0000707061107,0.0815995759893685,1.4811896291230368e-05,-0.3097857515245243,-0.0411894192062808,0.0261810161204281,0.814628083411138,18.49735558597117,27.78517516941236,4.14234999139699
6.28,31.221722036542264,131.011770015572,191.32772467407645,0.6479656104748467,0.4672791207028218,-3.896856990032569,-1.152571099298514,-0.668126835012537,0.0,27.664199606533327,27.51795320319438,25.019924343005417,-15.014477098847683,103.62829678628457,460.20527390170736,1.274,1.0150000015428002,0.0,4.276615555917116,165.0000707061107,0.0814711171902421,1.4916416608125408e-05,-0.3104841311265693,-0.0404917342704962,0.026198404511243,0.798874145380986,18.498974862685483,27.737598825496985,4.118289451625244
6.29,31.22172110893828,131.01177269609414,191.44201342018664,0.6469797777661479,0.4418286517396888,-3.8662098607623214,-1.1723230358117167,-0.6633679112914987,0.0,27.62083887642697,27.51521748598664,24.842093314900463,-15.003470388344564,103.65439010504566,458.7587024351661,1.274,1.0150000015428002,0.0,4.277045711155636,165.0000707061107,0.0813435250669411,1.5021431560078242e-05,-0.3111780480344427,-0.0398306350684012,0.0262155127731706,0.7834456542753856,18.50000508025147,27.690240470915423,4.094139344658637
6.3,31.22172018141995,131.0117753763594,191.5553170819769,0.6461412564746833,0.4159123380549738,-3.8356268385289,-1.1908516782901477,-0.6586024159898861,0.0,27.57777406184899,27.51248966353272,24.663971703631915,-14.99235256107164,103.68092431527536,457.32428168724647,1.274,1.0150000015428002,0.0,4.277472189880784,165.0000707061107,0.0812168031811993,1.51269188417646e-05,-0.311867735585625,-0.0392065297317114,0.0262323653366887,0.7684232316911302,18.50046651499879,27.64310484538102,4.069879372472529
6.31,31.22171925398467,131.01177805636746,191.66763581819004,0.6454509142120936,0.3895528749212384,-3.805107518889744,-1.2081554983464848,-0.6538388648446509,0.0,27.535006367440413,27.50976967207056,24.48555614970124,-14.981136630487104,103.70787466462964,455.9020047600856,1.274,1.0150000015428002,0.0,4.277894992668796,165.0000707061107,0.0810909550884357,1.5232856123338943e-05,-0.3125534263493378,-0.0386197923014353,0.0262489864287568,0.7538911762096373,18.50037964393885,27.59619671850752,4.045489859050131
6.32,31.221718326629848,131.01178073611797,191.77896978855685,0.6449094359275162,0.3627731409965407,-3.7746513057602247,-1.2242339163058165,-0.6490856724979505,0.0,27.49253699556539,27.507057449727768,24.30684312522965,-14.969835425940548,103.7352163675595,454.4918647575598,1.274,1.0150000015428002,0.0,4.2783141201171055,165.0000707061107,0.0809659843373243,1.5339221065870494e-05,-0.3132353518959795,-0.0380707629534769,0.0262654000558248,0.739937142287513,18.49976512613111,27.549520886559677,4.020951799282474
6.33,31.221717399352844,131.01178341561055,191.88931915876407,0.6445173243485766,0.3355961788092488,-3.744257419359584,-1.2390872828534123,-0.6443511481566696,0.0,27.45036714618921,27.504352936532666,24.127828940143043,-14.958461583358815,103.762924624303,453.0938547859904,1.274,1.0150000015428002,0.0,4.278729572827379,165.0000707061107,0.0808418944694364,1.5445991336490123e-05,-0.3139137425711989,-0.0375597482466111,0.0262816299874147,0.726651653885523,18.49864378423621,27.503082169264115,3.9962469041701065
6.34,31.221716472151023,131.01178609484484,191.998684095486,0.6442749005199794,0.3080451753661789,-3.713924904365176,-1.2527168603860912,-0.6396434914257828,0.0,27.40849801674119,27.50165607442021,23.94850974837072,-14.947027536333946,103.7909746395243,451.7079679547964,1.274,1.0150000015428002,0.0,4.279141351418228,165.0000707061107,0.0807186890188322,1.5553144623279927e-05,-0.3145888272747239,-0.0370870213919275,0.0262976997402853,0.7141274241858477,18.49703658615414,27.45688540662368,3.9713576423790937
6.35,31.221715545021727,131.0117887738204,192.1070647643959,0.6441823044921285,0.2801434430007296,-3.683652638247691,-1.2651248041017582,-0.6349707883177136,0.0,27.36693080199309,27.498966807234986,23.76888155405244,-14.935545507610904,103.81934164059427,450.3341973773466,1.274,1.0150000015428002,0.0,4.279549456504031,165.0000707061107,0.0805963715117036,1.56606586498465e-05,-0.3152608332439619,-0.0366528225430184,0.0263136325631565,0.7024584565747373,18.494964626844567,27.41093545578398,3.946267278231355
6.36,31.22171461796232,131.01179145253684,192.2144613311602,0.644239496102547,0.2519144003669228,-3.653439339759757,-1.2763141428420548,-0.6303410074291323,0.0,27.32566669392256,27.496285080728967,23.588940217748167,-14.924027500972018,103.84800089550852,448.9725361714666,1.274,1.0150000015428002,0.0,4.279953888703401,165.0000707061107,0.0804749454659721,1.576851118961324e-05,-0.315929985842459,-0.0362573591060538,0.0263294514219908,0.6917389095437799,18.49244911025155,27.36523718790717,3.920959906218072
6.37,31.221713690970105,131.0117941309938,192.32087397038407,0.6444462558806228,0.2233815536531687,-3.6232835775515744,-1.28628875971709,-0.625761996284462,0.0,27.284706881580025,27.493610842556205,23.408681462645816,-14.912485293514818,103.87692773043815,447.62297745980254,1.274,1.0150000015428002,0.0,4.280354648639194,165.0000707061107,0.0803544143909024,1.5876680079794256e-05,-0.3165965083532225,-0.0359008060690265,0.0263451789858152,0.6820617207706566,18.48951133139404,27.31979548508277,3.895420482146103
6.38,31.221712764042444,131.0117968091908,192.42630285269007,0.6448021860446075,0.1945684779690592,-3.5931837788876075,-1.295053372529764,-0.6212414778401262,0.0,27.24405255094321,27.490944042262967,23.22810088076244,-14.900930428320097,103.90609754690928,446.2855143707079,1.274,1.0150000015428002,0.0,4.280751736963913,165.0000707061107,0.0802347817866607,1.598514323508584e-05,-0.3172606217769513,-0.0355833063493755,0.026360837613136,0.6735170031494649,18.486172658584323,27.274615237252704,3.8696348510357828
6.39,31.22171183717663,131.0117994871274,192.5307481516755,0.6453068548026186,0.1654990817974409,-3.5631382393744766,-1.302613544531923,-0.6167870629256742,0.0,27.20370496105709,27.488284631274794,23.04719393913459,-14.889374207506426,103.935485838608,444.9601425337274,1.274,1.0150000015428002,0.0,4.281144985637392,165.0000707061107,0.0801160513685588,1.6093878661017917e-05,-0.3179225446351774,-0.035304971159274,0.026376449412802,0.6661904568444819,18.48245475520108,27.229701459884488,3.843589785640911
6.4,31.221710910370007,131.0118021648032,192.63421003993747,0.6459634331490394,0.1362048049206948,-3.533145154975694,-1.308976450418797,-0.6124066519286445,0.0,27.16366738891864,27.485632562752127,22.865955985993768,-14.877827685667702,103.96506820780677,443.646923595326,1.274,1.0150000015428002,0.0,4.281529762200129,165.0000707061107,0.0799982327948288,1.6202864466862492e-05,-0.3185824929710915,-0.0350658800140557,0.0263920381379703,0.6601664334246715,18.47838566740312,27.185062369493583,3.8172733647468404
6.41,31.22170998361989,131.01180484221774,192.73668869702348,0.6467668586143502,0.1067011815263228,-3.5032025095127324,-1.314148620484763,-0.6081072759829667,0.0,27.123938820859287,27.482987788263248,22.6843822568716,-14.866301663590626,103.99482038166477,442.34577897268525,1.274,1.0150000015428002,0.0,4.281910915887534,165.0000707061107,0.0798813230874654,1.6312078874977573e-05,-0.3192406852326247,-0.034866071261398,0.0264076234717016,0.6555089838884168,18.473979984425384,27.14069939357198,3.790673934603415
6.42,31.2217090569236,131.0118075193706,192.83818429750443,0.6477160342186822,0.0770118842087646,-3.4733082539817044,-1.318137906064872,-0.6038961238617429,0.0,27.084520429311503,27.480350266035405,22.50246787932492,-14.854806679769588,104.02471823486448,441.0567018307207,1.274,1.0150000015428002,0.0,4.282288447343793,165.0000707061107,0.0797653257065724,1.6421500248714696e-05,-0.3198973312417767,-0.0347055635349892,0.0264232263921337,0.6522780378352777,18.469259196924995,27.09661742415249,3.7637811167757564
6.43,31.221708130278486,131.01181019626128,192.9386970209148,0.6488096866693529,0.0471605560354986,-3.4434602427491514,-1.3209528924171918,-0.5997802442174934,0.0,27.045413382787384,27.477719954856173,22.32020788054828,-14.843353007874745,104.05473779748688,439.7796853380804,1.274,1.0150000015428002,0.0,4.282662357225649,165.0000707061107,0.0796502441006587,1.6531107092289214e-05,-0.320552637607389,-0.0345843453796604,0.0264388675070843,0.6505213543726165,18.464244773663097,27.05282134476991,3.7365855173852216
6.44,31.22170720368185,131.0118128728894,193.0382270487688,0.6500463728606097,0.0171708028094666,-3.4136562418213097,-1.3226028790848467,-0.5957665433795963,0.0,27.006618845924656,27.475096815274235,22.137597193455527,-14.831950651676328,104.0848552699042,438.51472267329984,1.274,1.0150000015428002,0.0,4.28303264617729,165.0000707061107,0.0795360817067874,1.664087806251424e-05,-0.3212068075470606,-0.0345023757053773,0.0264545670432272,0.6502731046935286,18.458958154299744,27.00931602928241,3.7090787383526367
6.45,31.22170627713108,131.01181554925444,193.1367745605881,0.6514244815736113,-0.0129338238412171,-3.3838939375803365,-1.3230978595577212,-0.5918617829078496,0.0,26.968137979323146,27.472480809564736,21.95463066273264,-14.82060934033354,104.11504703727356,437.26180702563687,1.274,1.0150000015428002,0.0,4.283399314884735,165.0000707061107,0.0794228419500743,1.6750791980174408e-05,-0.3218600407204696,-0.0344595842420595,0.0264703448361863,0.6515528618495896,18.45342073294145,26.96610633904228,3.681253386664118
6.46,31.221705350623488,131.01181822535597,193.23433973886767,0.6529422353879306,-0.0431298428633251,-3.354170945434901,-1.32244850092511,-0.5880725772927439,0.0,26.929971939438524,27.46987190169227,21.771303050858258,-14.809338524040603,104.14528968363985,436.0209315963547,1.274,1.0150000015428002,0.0,4.283762364000539,165.0000707061107,0.0793105282433879,1.6860827841064496e-05,-0.3225125330676424,-0.0344558720069643,0.0264862203210856,0.6543650858438083,18.447653842111848,26.92319712020385,3.653103081622863
6.47,31.22170442415647,131.01182090119354,193.3309227641094,0.6545976925799252,-0.0733938601024244,-3.324484818364867,-1.3206661234996055,-0.5844053917801482,0.0,26.892121878418767,27.467270057271087,21.58760904408913,-14.7981473700249,104.17556000564538,434.7920895988557,1.274,1.0150000015428002,0.0,4.28412179419399,165.0000707061107,0.0791991439868643,1.6970964826691413e-05,-0.3231644766523126,-0.0344911117836333,0.0265022125235745,0.6586991448752771,18.44167873677822,26.880593200985796,3.6246224602349506
6.48,31.22170349772737,131.01182357676672,193.4265238217766,0.6563887491619314,-0.1037025842337185,-3.2948330553431058,-1.3177626804551037,-0.5808665403301018,0.0,26.854588943966377,27.464675243522475,21.40354325840924,-14.787044758892264,104.20583502584654,433.57527425972086,1.274,1.0150000015428002,0.0,4.284477606142744,165.0000707061107,0.0790886925674986,1.7081182314612783e-05,-0.3238160595102211,-0.0345651486119835,0.0265183400513523,0.6645298680463526,18.435516578703503,26.838299389020925,3.595807180906238
6.49,31.2217025713336,131.01182625207508,193.52114309832143,0.6583131410142109,-0.1340328423864007,-3.2652131096154395,-1.3137507374902893,-0.577462183703238,0.0,26.81737427920176,27.46208742922952,21.219100245440423,-14.776039281314704,104.23609200563574,432.3704788195368,1.274,1.0150000015428002,0.0,4.284829800520268,165.0000707061107,0.0789791773587449,1.719145988844008e-05,-0.324467465502408,-0.0346778002887329,0.0265346210861428,0.6718185796237622,18.429188421052984,26.79632046875518,3.5666539256098453
6.5,31.221701644972555,131.01182892711813,193.61478077621223,0.6603684460826627,-0.1643615955057278,-3.235622396822021,-1.308643452529562,-0.5741983276693836,0.0,26.78047902251441,27.45950658468888,21.034274498313568,-14.765139235055369,104.2663084577688,431.1776965335884,1.274,1.0150000015428002,0.0,4.2851783780084025,165.0000707061107,0.0788706017200755,1.730177734749037e-05,-0.3251188741734844,-0.0348288578774765,0.0265510733761309,0.6805145277207787,18.42271519321996,26.754661198875617,3.537160400683448
6.51,31.221700718641657,131.01183160189544,193.70743704188777,0.6625520866794292,-0.1946659533701119,-3.206058302944314,-1.3024545554843188,-0.5710808213387376,0.0,26.74390430742317,27.45693268166076,20.84906045749853,-14.754352622325577,104.29646215849804,429.99692067273486,1.274,1.0150000015428002,0.0,4.285523339288982,165.0000707061107,0.0787629689965703,1.7412114716080255e-05,-0.3257704606148336,-0.0350180862278117,0.0265677142288452,0.690556595693727,18.41611768594303,26.71332630980181,3.507325336418188
6.52,31.221699792338363,131.01183427640655,193.79911207879763,0.6648613318555643,-0.2249231893150851,-3.1765181920626,-1.295198328085904,-0.5681153556100861,0.0,26.70765126242985,27.4543656933158,20.663452516592123,-14.7436871474687,104.3265311593102,428.82814452428175,1.274,1.0150000015428002,0.0,4.285864685048028,165.0000707061107,0.0786562825184816,1.752245225247289e-05,-0.3264223953327433,-0.0352452245028145,0.0265845605044863,0.7018751747584754,18.40941653667289,26.672320501216767,3.4771484855929216
6.53,31.221698866060112,131.01183695065114,193.8898060803243,0.6672932998687103,-0.2551107546103932,-3.1469994139098096,-1.2868895838099597,-0.5653074617353345,0.0,26.67172101088016,27.45180559418037,20.47744502806288,-14.73315021496552,104.35649379827052,427.67136139259793,1.274,1.0150000015428002,0.0,4.286202415963193,165.0000707061107,0.0785505456008327,1.7632770457470904e-05,-0.3270748441214249,-0.0355099867142613,0.0266016286096585,0.7143940807298915,18.402632215237396,26.63164843965985,3.44663062110823
6.54,31.221697939804407,131.01183962462875,193.97951922592907,0.6698449606919215,-0.2852062925943364,-3.117499311208781,-1.2775436478968925,-0.5626625099923706,0.0,26.636114670802044,27.449252360078777,20.291032308952072,-14.722748927755754,104.3863287109735,426.5265645999681,1.274,1.0150000015428002,0.0,4.2865365327372285,165.0000707061107,0.0784457615429292,1.7743050082653806e-05,-0.32772796794091,-0.0358120622649318,0.0266189344915581,0.7280324132231595,18.395785009719003,26.591314756135542,3.4157735328648235
6.55,31.221697013568743,131.0118422983389,194.06825170699267,0.6725131386682139,-0.3151876523381877,-3.088015226781319,-1.2671763375029768,-0.5601857084735921,0.0,26.600833354783244,27.44670596807464,20.10420864653003,-14.712490085870204,104.41601484110052,425.3937474877888,1.274,1.0150000015428002,0.0,4.286867036047792,165.0000707061107,0.0783419336280057,1.7853272138275527e-05,-0.3283819227997414,-0.0361511164974859,0.0266364936325497,0.7427062781650975,18.38889501273855,26.551324043835606,3.3845800240412105
6.56,31.22169608735065,131.01184497178124,194.156003713897,0.6752945151712898,-0.3450329021261916,-3.0585445104164424,-1.2558039419714606,-0.5578821019744699,0.0,26.565878169808293,27.44416639640925,19.91696830390748,-14.70238018536796,104.4455314505866,424.272903416717,1.274,1.0150000015428002,0.0,4.287193926580898,165.0000707061107,0.0782390651227488,1.79634179007834e-05,-0.3290368596425113,-0.0365267912491303,0.0266543210451215,0.7583303193877504,18.38198210790861,26.511680855849963,3.353053906899361
6.57,31.221695161147704,131.0118476449554,194.24277542906464,0.6781856313568589,-0.3747203425681344,-3.0290845254896266,-1.243443203250262,-0.5557565709867716,0.0,26.53125021710576,27.44163362443898,19.729305525601287,-14.69242541757328,104.47485812939664,423.1640257678733,1.274,1.0150000015428002,0.0,4.287517205043486,165.0000707061107,0.0781371592768343,1.8073468920011603e-05,-0.3296929242421197,-0.0369387054116746,0.0266724312672813,0.7748190292120694,18.37506595661204,26.472389702946096,3.3211999982634235
6.58,31.22169423495747,131.011850317861,194.3285670418701,0.681182891036259,-0.4042285192691713,-2.9996326553228227,-1.2301112964778622,-0.5538138307970158,0.0,26.49695059202282,27.43910763257016,19.54121454305425,-14.682631668606128,104.50397480491375,422.0671079437649,1.274,1.0150000015428002,0.0,4.287836872113209,165.0000707061107,0.0780362193225706,1.8183407026008223e-05,-0.3303502570967369,-0.0373864554963568,0.0266908383582877,0.7920878285123514,18.368165985173743,26.433455051445733,3.289024114807242
6.59,31.22169330877757,131.0118529904976,194.41337874168096,0.6842825635342862,-0.4335362353450741,-2.970186309276528,-1.2158258107237958,-0.5520584306754867,0.0,26.462980383851864,27.43658840219313,19.35268958010893,-14.673004519201012,104.53286175094044,420.9821433688113,1.274,1.0150000015428002,0.0,4.288152928492818,165.0000707061107,0.0779362484743766,1.8293214335528613e-05,-0.33100899333149,-0.0378696162027462,0.0267095558947767,0.8100539227404141,18.361301372184112,26.39488132107847,3.2565330682668923
6.6,31.22169238260565,131.01185566286497,194.4972107168645,0.687480786695849,-0.462622563424609,-2.9407429285680537,-1.2006047299255085,-0.5504947531671068,0.0,26.42934067570236,27.434075915614137,19.163724858435,-14.663549244808294,104.56149959631574,419.9091254904018,1.274,1.0150000015428002,0.0,4.28846537486415,165.0000707061107,0.0778372499284131,1.840287325815511e-05,-0.3316692626047215,-0.0383877409914055,0.0267285969672332,0.8286369514019233,18.35449103628057,26.35667288296172,3.223734660716826
6.61,31.221691456439384,131.01185833496262,194.580063149818,0.690773569890558,-0.4914668574582743,-2.911299991808177,-1.1844664140063292,-0.5491270134690139,0.0,26.39603254433393,27.43157015598648,18.974314602910383,-14.65427081597198,104.58986933315012,418.848047779478,1.274,1.0150000015428002,0.0,4.288774211925774,165.0000707061107,0.0777392268620834,1.851236650209709e-05,-0.3323311890188753,-0.0389403626595632,0.0267479741768236,0.8477594551356238,18.34775362412047,26.31883405757301,3.1906376800151883
6.62,31.221690530276472,131.01186100679027,194.6619362328716,0.6941567971351305,-0.5200487640692978,-2.881855020252055,-1.1674295802068335,-0.5479592589023116,0.0,26.363057060019784,27.42907110723989,18.78445304695593,-14.645173898978456,104.61795232468032,417.7989037316168,1.274,1.0150000015428002,0.0,4.289079440363711,165.0000707061107,0.0776421824336337,1.86216770796346e-05,-0.3329948910358773,-0.0395269939194629,0.0267676996325686,0.8673471873894346,18.34110749877105,26.281369112825104,3.1572518955431232
6.63,31.22168960411466,131.0118636783477,194.7428301503981,0.6976262302435278,-0.5483482336353981,-2.8524055827586934,-1.1495132846248126,-0.5469953684681168,0.0,26.33041528639,27.42657875400869,18.59413443782358,-14.636262856770104,104.6457303127479,416.7616868675054,1.274,1.0150000015428002,0.0,4.289381060863979,165.0000707061107,0.0775461197816945,1.8730788312223545e-05,-0.3336604813970269,-0.0401471279787424,0.0267877849488288,0.8873292980260313,18.33457072836143,26.24428226216403,3.123588054338705
6.64,31.22168867795172,131.01186634963452,194.82274509073824,0.7011775120382482,-0.5763455310290632,-2.82294930045605,-1.13073690397816,-0.546239052487883,0.0,26.298108280274977,27.42409308155945,18.40335304183836,-14.627541750118084,104.67318542490302,415.7363907337848,1.274,1.0150000015428002,0.0,4.289679074125148,165.0000707061107,0.077451042024814,1.883968383526036e-05,-0.3343280670473047,-0.0408002391224443,0.0268082412431338,0.90763841453878,18.328161075059864,26.20757766272159,3.0896578777311703
6.65,31.221687751785456,131.0118690206505,194.9016812382523,0.704806169645698,-0.6040212459549269,-2.79348385110936,-1.1111201176060008,-0.5456938523279896,0.0,26.26613709156366,27.42161407571719,18.21210314959405,-14.619014339048052,104.7003001811381,414.72300890428033,1.274,1.0150000015428002,0.0,4.289973480837423,165.0000707061107,0.0773569522610366,1.8948347602524508e-05,-0.3349977490640441,-0.0414857832961885,0.0268290791343318,0.9282106439238594,18.32189598443137,26.17125941354666,3.055474058575218
6.66,31.221686825613737,131.0118716913952,194.97963877928143,0.7085076178412261,-0.6313563029585063,-2.764006973189584,-1.09068288971137,-0.5453631402033845,0.0,26.23450276305761,27.41914172279081,18.020379081102742,-14.610684084513318,104.72705750025308,413.7215349805611,1.274,1.0150000015428002,0.0,4.290264281670089,165.0000707061107,0.0772638535674827,1.9056763890263275e-05,-0.3356696225899449,-0.0422031986899732,0.0268503087410025,0.9489855151119676,18.315792575117268,26.135331553884747,3.0210502591718478
6.67,31.221685899434423,131.01187436186856,195.056617898172,0.7122771624094046,-0.6583319711804952,-2.734516469641089,-1.06944545184571,-0.5452501190545254,0.0,26.20320633030125,27.41667600949776,17.82817519089836,-14.602554150309135,104.75344070585732,412.73196259229945,1.274,1.0150000015428002,0.0,4.290551477309166,165.0000707061107,0.0771717489998444,1.916491730097452e-05,-0.3363437767703638,-0.0429519063221812,0.0268719396801744,0.9699058786309313,18.309867628775425,26.09979806147438,2.98640110995506
6.68,31.22168497324544,131.01187703207023,195.13261877926493,0.7161100035967394,-0.6849298736791208,-2.705010211349505,-1.04742828565748,-0.5453578225017762,0.0,26.172248821435325,27.414216922888063,17.635485873094456,-14.594627405222177,104.7794335320106,411.7542853984135,1.274,1.0150000015428002,0.0,4.290835068444859,165.0000707061107,0.07708064159195,1.927279276685217e-05,-0.3370202946947737,-0.0437313106234689,0.0268939810663474,0.990917777000627,18.30413758043613,26.06466285093539,2.9515422090263828
6.69,31.221684047044768,131.0118797020001,195.2076416039127,0.7200012396189215,-0.7111319964028991,-2.675486140308996,-1.0246521059069236,-0.5456891148725331,0.0,26.14163125705204,27.4117644502678,17.442305566396122,-14.586906425409452,104.80502012850772,410.7884970880758,1.274,1.0150000015428002,0.0,4.291115055754821,165.0000707061107,0.0769905343553369,1.938037555291409e-05,-0.3376992533423864,-0.0445408000200176,0.0269164415107803,1.0119702966370443,18.298618509205337,26.029929772214498,2.916490122598633
6.7,31.2216831208304,131.01188237165783,195.28168655644345,0.723945870203522,-0.7369206968505551,-2.6459422724899366,-1.0011378437503935,-0.5462466912970579,0.0,26.11135465004214,27.409318579122115,17.248628759066538,-14.579393497000284,104.83018506581088,409.83459138120975,1.274,1.0150000015428002,0.0,4.291391439904154,165.0000707061107,0.0769014302788069,1.9487651259814e-05,-0.3383807235318811,-0.0453797475157394,0.0269393291210168,1.0330154096209203,18.2933261292884,25.99560260907276,2.881262386401381
6.71,31.221682194600376,131.01188504104334,195.35475381620907,0.7279388001609763,-0.7622787124348372,-2.616376700409241,-0.9769066302977556,-0.547033077869641,0.0,26.08142000543,27.406879297037584,17.05444999384789,-14.572090618915766,104.85491333963328,408.89256202913725,1.274,1.0150000015428002,0.0,4.2916642215705165,165.0000707061107,0.0768133323279337,1.959460582634202e-05,-0.3390647698751632,-0.0462475112730875,0.0269626515006884,1.0540078116670428,18.288275781323343,25.96168507760828,2.84587750808913
6.72,31.221681268352786,131.0118877101564,195.42684356553752,0.7319748430401887,-0.787189168417127,-2.58678759540643,-0.9519797804602844,-0.548050631878166,0.0,26.051828320232087,27.40444659162472,16.859763872837178,-14.564999505899175,104.87919037517892,407.9624028155612,1.274,1.0150000015428002,0.0,4.2919334014190085,165.0000707061107,0.0767262434446492,1.970122553161868e-05,-0.3397514507350678,-0.0471434351921564,0.026986415749558,1.074904760881343,18.283482424137976,25.928180824870463,2.8103549706853492
6.73,31.221680342085754,131.01189037899687,195.49795598376824,0.7360493518272117,-0.8116341353016814,-2.557173218943072,-0.9263789173188312,-0.5493016059126123,0.0,26.0225809661408,27.402020450439814,16.66456506231655,-14.558121591751936,104.9030020310433,407.04411953390735,1.274,1.0150000015428002,0.0,4.292198166777541,165.0000707061107,0.0766401676743016,1.9807496996987048e-05,-0.3404408181869971,-0.0480668494876092,0.0270106288611682,1.095665267641858,18.278961846446467,25.895094038127823,2.7747153051062114
6.74,31.221679415797464,131.01189304756468,195.5680912492412,0.7401582764030048,-0.8355944722249024,-2.5275319193679247,-0.9001260186156078,-0.5507881748930361,0.0,25.993679732526527,27.39960086037444,16.468848297538695,-14.551458032768371,104.92633460277882,406.1377312701071,1.274,1.0150000015428002,0.0,4.292456803979689,165.0000707061107,0.0765551102922979,1.9913407186761885e-05,-0.3411329187633078,-0.0490170695448663,0.0270352978340128,1.1162497729643652,18.27473079553606,25.862429512464363,2.7389801142787604
6.75,31.221678489486127,131.01189571585962,195.63724953531948,0.7442941813729933,-0.8590591082610904,-2.4978620660003803,-0.8732425601204336,-0.5525120550082278,0.0,25.965124380858576,27.39718780717668,16.27260838728224,-14.545009711051424,104.94917482723984,405.2431939980543,1.274,1.0150000015428002,0.0,4.292711887243068,165.0000707061107,0.0764710706015386,2.0018943409823844e-05,-0.3418277942604995,-0.0499933946044469,0.0270604271941491,1.1366243298844452,18.2707991709365,25.83018874745659,2.703171663157705
6.76,31.22167756315,131.01189838388163,195.70543102132456,0.7484515530706182,-0.8820127926802432,-2.4681621630377024,-0.8457504318110798,-0.5544749292297771,0.0,25.9369158745798,27.394781278371337,16.075840218168082,-14.538777237696996,104.97150988781075,404.36050164231926,1.274,1.0150000015428002,0.0,4.292963417232562,165.0000707061107,0.0763880514448338,2.012409332771656e-05,-0.3425254776090469,-0.0509951173981071,0.02708602202282,1.156754962302766,18.267180328950108,25.798375101046403,2.667313386744037
6.77,31.2216766367874,131.01190105163073,195.77263587862,0.7526248032152775,-0.9044407022361856,-2.4384308007803464,-0.8176716307412646,-0.5566783135611914,0.0,25.909055168242247,27.392381260550785,15.878538759901128,-14.532760957809872,104.9933274134584,403.4896481596418,1.274,1.0150000015428002,0.0,4.293211394571753,165.0000707061107,0.0763060556387533,2.022884494873929e-05,-0.3432259953379428,-0.0520215192498666,0.0271120869010121,1.1766095477758594,18.263887203140843,25.76699185503931,2.631429727487073
6.78,31.22167571039668,131.01190371910675,195.83886428055123,0.7568082749842671,-0.9263284423189356,-2.40866665601808,-0.7890282469811745,-0.5591235578048217,0.0,25.88154320745584,27.38998773986376,15.680699069874535,-14.526960954673568,105.01461548100994,402.6306275432584,1.274,1.0150000015428002,0.0,4.293455819900747,165.0000707061107,0.0762250859734652,2.0333186628402883e-05,-0.3439293675523471,-0.0530718706432481,0.0271386259107091,1.1961576997616314,18.260932303031684,25.736042214878047,2.5955461443094836
6.79,31.221674783976223,131.01190638630973,195.90411639846909,0.7609962469476305,-0.9476620525316816,-2.378868492363416,-0.7598424495705718,-0.5618118461892297,0.0,25.85438092875491,27.38760070193768,15.482316297729092,-14.52137705409044,105.035362617118,401.78343382363056,1.274,1.0150000015428002,0.0,4.29369669383487,165.0000707061107,0.076145145212355,2.0437107069625783e-05,-0.3446356079174327,-0.0541454317787704,0.0271656426363876,1.2153706609058503,18.258327708360564,25.705529308639623,2.5596891222660907
6.8,31.22167385752451,131.0119090532396,195.9683924027252,0.7651829369646426,-0.9684280121090284,-2.3490351603304207,-0.7301364727690339,-0.5647441980388541,0.0,25.82756925941951,27.38522013180127,15.283385689866806,-14.516008828884724,105.0555577999214,400.9480610692012,1.274,1.0150000015428002,0.0,4.293934017018353,165.0000707061107,0.0760662360914797,2.054059532266764e-05,-0.3453447236457423,-0.055241453127162,0.0271931401667432,1.2342212050607064,18.256085063554607,25.675456186012607,2.523886182567415
6.81,31.221672931040008,131.01191171989646,196.0316924586949,0.7693625062127112,-0.9886132447682356,-2.319165597168098,-0.6999326026390708,-0.5679214684988791,0.0,25.801109117361545,27.382846013807896,15.08390259391884,-14.510855603563272,105.0751904604074,400.1245033872991,1.274,1.0150000015428002,0.0,4.294167790041746,165.0000707061107,0.0759883613192534,2.064364078479112e-05,-0.3460567154879115,-0.0563591759782484,0.0272211210965237,1.2526835473789892,18.25421557276585,25.64582581742869,2.4881658927224057
6.82,31.22167200452129,131.01191438628027,196.09401673174807,0.7735290631129561,-1.0082051235544378,-2.289258826453141,-0.6692531639172123,-0.5713443492939009,0.0,25.775001410929125,27.380478331559207,14.883862463167116,-14.505916459127276,105.09425048348112,399.3127549241975,1.274,1.0150000015428002,0.0,4.29439801353276,165.0000707061107,0.0759115235758541,2.074623319971276e-05,-0.3467715777268208,-0.0574978329849972,0.0272495875285586,1.27073326227412,18.252729994998703,25.61664109311386,2.452557876458144
6.83,31.221671077966928,131.0119170523911,196.1553653902297,0.7776766674025656,-1.0271914750787308,-2.25931395745383,-0.6381205072214922,-0.5750133695390868,0.0,25.74924703878733,27.378117067829315,14.6832608609193,-14.501190238029611,105.11272820874728,398.51280986629854,1.274,1.0150000015428002,0.0,4.294624688086077,165.0000707061107,0.075835725512883,2.0848362656755687e-05,-0.3474892981749591,-0.0586566487028741,0.027278541075934,1.2883472083898977,18.25163863983636,25.58790482231164,2.4170928230481747
6.84,31.22167015137556,131.01191971822905,196.21573859253965,0.7817993341445956,-1.0455605836530255,-2.229330184269908,-0.6065569965568667,-0.5789288965856664,0.0,25.723846889744816,27.375762204489902,14.482093464836968,-14.496675549271664,105.13061443101104,397.72466244061695,1.274,1.0150000015428002,0.0,4.294847814308759,165.0000707061107,0.0757609697528415,2.0950019589817145e-05,-0.3482098581750836,-0.0598348401239673,0.0273079828643284,1.30550346031182,18.25095136334391,25.55961973246873,2.3818024955631576
6.85,31.221669224745902,131.01192238379417,196.2751365000536,0.7858910378299621,-1.0633011949420452,-2.1993067847593006,-0.5745849971482156,-0.5830911369115842,0.0,25.69880184262563,27.373413722435814,14.28035607121628,-14.492370773633915,105.14790040050237,396.94830691537726,1.274,1.0150000015428002,0.0,4.295067392770707,165.0000707061107,0.0756872588887704,2.1051194776066422e-05,-0.3489332326040158,-0.0610316172059379,0.0273379135344464,1.3221812462690603,18.250677564468063,25.531788468541983,2.3467197375018927
6.86,31.22166829807669,131.01192504908664,196.33355927115983,0.7899457164114981,-1.0804025195269311,-2.169243119258476,-0.5422268635683558,-0.5875001370424907,0.0,25.67411276608465,27.37107160151108,14.078044599220608,-14.488274069034487,105.16457782283156,396.1837376003173,1.274,1.0150000015428002,0.0,4.2952834240748565,165.0000707061107,0.0756145954836888,2.1151879334434448e-05,-0.3496593898795948,-0.0622461833954179,0.02736833324463,1.3383608915396787,18.25082618160359,25.504413592262964,2.311878477137231
6.87,31.22166737136669,131.01192771410655,196.39100705927007,0.7939572754597375,-1.096854235909872,-2.139138629108344,-0.509504928198171,-0.5921557845174213,0.0,25.649780518490395,27.368735820436463,13.875155095064766,-14.484383376009792,105.18063885868006,395.430948847878,1.274,1.0150000015428002,0.0,4.295495908786978,165.0000707061107,0.0755429820702587,2.1252064723899044e-05,-0.350388291970629,-0.0634777361459475,0.0273992416735804,1.3540237667934945,18.251405689722755,25.47749758155795,2.2773137288347405
6.88,31.221666444614776,131.0119303788541,196.44748002474856,0.7979195922527516,-1.1126464934216187,-2.1089928349915588,-0.4764414899821374,-0.5970578088828024,0.0,25.6258059477552,27.36640635673727,13.671683736149818,-14.480696423311468,105.19607612323448,394.68993505333776,1.274,1.0150000015428002,0.0,4.295704847476968,165.0000707061107,0.0754724211502806,2.135174274153336e-05,-0.3511198944099118,-0.0647254674300037,0.0274306380231908,1.3691522411775363,18.252424097679537,25.45104282993057,2.2430615904540083
6.89,31.22166551781984,131.01193304332935,196.5029783140376,0.8018265199232861,-1.1277699147273303,-2.0788053350931457,-0.4430588035001327,-0.6022057827228505,0.0,25.6021898911936,27.364083186672325,13.467626835148128,-14.477210733614184,105.210882685368,393.9606906554888,1.274,1.0150000015428002,0.0,4.295910240702337,165.0000707061107,0.0754029151942787,2.145090552037652e-05,-0.3518541463101457,-0.0659885642452147,0.0274625210214975,1.3837296395371863,18.253888945946475,25.42505164593581,2.2091592358441563
6.9,31.221664590980808,131.01193570753273,196.55750207854487,0.8056718915971456,-1.1422155980920468,-2.048575803092832,-0.409379068341853,-0.6075991227200209,0.0,25.578933175367467,27.36176628516385,13.262980844037704,-14.473923629328263,105.22505206657706,393.2432101371684,1.274,1.0150000015428002,0.0,4.296112089020598,165.0000707061107,0.075334466641041,2.1549545527078432e-05,-0.3525909903827726,-0.0672662091145127,0.0274948889257465,1.3977402034686508,18.25580730464773,25.39952625267847,2.175644901298009
6.91,31.22166366409669,131.01193837146428,196.61105146271257,0.8094495245639127,-1.155975119304635,-2.0183039859991654,-0.3754244187895912,-0.613237090747935,0.0,25.55603661594592,27.35945562572855,13.057742358084864,-14.470832238511743,105.23857823967823,392.5374880259124,1.274,1.0150000015428002,0.0,4.296310392972738,165.0000707061107,0.0752670778972089,2.1647655559380253e-05,-0.3533303629596314,-0.0685575805801675,0.0275277395255543,1.411169055778477,18.25818577197347,25.37446878738004,2.1425578647011174
6.92,31.22166273716653,131.01194103512427,196.6636266179356,0.8131532244348768,-1.169040533368166,-1.987989701834836,-0.341216913798535,-0.6191187949914935,0.0,25.53350101755176,27.35715118040945,12.851908119774718,-14.467933500876196,105.2514556272721,391.84351889436607,1.274,1.0150000015428002,0.0,4.29650515309562,165.0000707061107,0.0752007513368227,2.1745228743398086e-05,-0.3540721940174131,-0.0698618536915363,0.0275610701461671,1.42400216807071,18.26103047288598,25.349881300968608,2.10993841596746
6.93,31.22166181018944,131.01194369851308,196.71522767970032,0.816776789323255,-1.181404375871141,-1.957632837183352,-0.3067785272781362,-0.625243191096367,0.0,25.51132717361917,27.35485291970929,12.645475022688077,-14.465224173880593,105.26367909998024,391.1612973608807,1.274,1.0150000015428002,0.0,4.296696369913715,165.0000707061107,0.0751354893009035,2.1842258530732543e-05,-0.3548164072048397,-0.0711782004864938,0.0275948776518118,1.4362263311179548,18.26434705818764,25.325765757730025,2.0778278172239997
6.94,31.22166088316456,131.0119463616309,196.7658547904441,0.8203140140204997,-1.1930596641032456,-1.927233344606584,-0.2721311386669575,-0.6316090833442655,0.0,25.489515866245807,27.35256081252476,12.438440115324187,-14.46270083890811,105.27524397446138,390.4908180898455,1.274,1.0150000015428002,0.0,4.296884043943236,165.0000707061107,0.0750712940970186,2.193873869540817e-05,-0.3555629198725319,-0.0725057904664166,0.0276291584491235,1.44782912776176,18.268140703898037,25.302124034993373,2.0462682510752686
6.95,31.22165995609108,131.011949024478,196.8155080886233,0.8237586941730283,-1.2039998979046769,-1.8967912399434144,-0.2372965237977873,-0.6382151258537333,0.0,25.468067866044294,27.350274826082263,12.230800604867978,-14.460359907519948,105.2861460112133,389.83207579235,1.274,1.0150000015428002,0.0,4.297068175700398,165.0000707061107,0.0750081679988376,2.203466333064949e-05,-0.3563116431055079,-0.0738437910646707,0.0276639084906802,1.4587989080931676,18.272416110947653,25.278957922857384,2.015302755171313
6.96,31.22165902896827,131.0119516870548,196.864187709706,0.8271046304862778,-1.214219060176334,-1.866306599499386,-0.2022963460563244,-0.6450598238074822,0.0,25.446983932012035,27.347994925874502,12.02255386090082,-14.458197627781043,105.29638141216653,389.185065226632,1.274,1.0150000015428002,0.0,4.297248765672502,165.0000707061107,0.0749461132457579,2.213002684550564e-05,-0.3570624817582597,-0.0751913681085498,0.0276991232785808,1.4691247666340803,18.2771775052495,25.2562691239882,1.9849751412179553
6.97,31.221658101795448,131.01195434936164,196.91189378020985,0.8303456328786265,-1.223711617253252,-1.8357795571363351,-0.1671521478127842,-0.6521415346992642,0.0,25.42626481136869,27.34572107559877,11.81369741905363,-14.456210090651972,105.30594681807602,388.5497811983054,1.274,1.0150000015428002,0.0,4.2974258143592445,165.0000707061107,0.0748851320424172,2.222482396129373e-05,-0.3578153344923946,-0.0765476862745263,0.0277347978681182,1.4787965214398848,18.282428637976896,25.234059253405864,1.9553298965131223
6.98,31.22165717457195,131.01195701139886,196.95862643559107,0.8334755246883132,-1.232472518871112,-1.8052103012734404,-0.13188534214354,-0.6594584696077884,0.0,25.405911239432648,27.34345323709672,11.604228984601196,-14.454393236442348,105.31483930571756,387.92621856104125,1.274,1.0150000015428002,0.0,4.29759932223554,165.0000707061107,0.0748252265583361,2.2319049707982245e-05,-0.3585700938167342,-0.0779119095369193,0.0277709268715117,1.487804694768564,18.28817278627289,25.212329838373385,1.9264120661046302
6.99,31.221656247297204,131.01195967316687,197.0043857993737,0.836488146829183,-1.2404971979959087,-1.7745990718077824,-0.0965172048180759,-0.6670086944883779,0.0,25.385923939466394,27.34119137029513,11.394146435996303,-14.452742861319628,105.3230563848942,387.3143722168561,1.274,1.0150000015428002,0.0,4.297769289780436,165.0000707061107,0.0747663989274556,2.241269942030741e-05,-0.3593266461298967,-0.0792832016097753,0.0278075044617126,1.496140495314365,18.29441275416394,25.19108231827572,1.898267113714513
7.0,31.22165531997066,131.01196233466607,197.049171998058,0.8393773619807114,-1.2477815702926038,-1.7439461569654844,-0.0610688665638175,-0.6747901314887533,0.0,25.3663036225511,27.338935433148293,11.183447828342551,-14.451254623868712,105.33059599526024,386.71423711671656,1.274,1.0150000015428002,0.0,4.297935717448198,165.0000707061107,0.0747086512477725,2.2505768733889515e-05,-0.3600848717652617,-0.0806607263820722,0.0278445243762637,1.5037958017164106,18.30115087386399,25.17031804458424,1.8709407597282925
7.01,31.22165439259185,131.0119649958969,197.0929851491924,0.8421370587349672,-1.2543220334348193,-1.713251890091723,-0.0255613055888616,-0.6828005602820405,0.0,25.347050987438667,27.33668538158183,10.97213139680454,-14.449924051696875,105.33745650296773,386.1258082607093,1.274,1.0150000015428002,0.0,4.2980986056889625,165.0000707061107,0.0746519855809008,2.259825358114196e-05,-0.3608446450383261,-0.0820436483461026,0.0278819799212123,1.5107631473312724,18.308389007297357,25.150038280823114,1.8444787947731298
7.02,31.22165346516033,131.0119676568598,197.1358253733012,0.8447611557538965,-1.260115466115117,-1.68251664639012,0.0099846596319924,-0.6910376194205426,0.0,25.328166720419134,27.334441169438342,10.76019555995388,-14.44874654807911,105.34363669714234,385.5490806984516,1.274,1.0150000015428002,0.0,4.298257954940478,165.0000707061107,0.0745964039516837,2.2690150187099456e-05,-0.3616058342963701,-0.0834311330191262,0.0279198639750804,1.517035706057556,18.3161285479571,25.130244202597577,1.8189268677608326
7.03,31.22165253767572,131.01197031755527,197.1776927839464,0.8472436059030614,-1.2651592268433525,-1.651740839620354,0.0455483773192963,-0.6994988077069773,0.0,25.309651495181075,27.332202748424024,10.54763892304988,-14.44771739863844,105.34913578619492,384.98404952943855,1.274,1.0150000015428002,0.0,4.298413765636366,165.0000707061107,0.0745419083477783,2.2781455065103683e-05,-0.3623683019704188,-0.0848223473582252,0.0279581689928918,1.522607279160757,18.3243704230222,25.110936897647896,1.7943302477330239
7.04,31.221651610137663,131.0119729779838,197.2185874946831,0.8495784003852008,-1.26945115246834,-1.620924918763528,0.0811093690990863,-0.70818148558492,0.0,25.291505972684053,27.329970068057552,10.33446028125328,-14.446831778056763,105.35395339397428,384.43070990336594,1.274,1.0150000015428002,0.0,4.298566038193726,165.0000707061107,0.0744885007192854,2.287216501244122e-05,-0.3631319046294495,-0.0862164601683975,0.0279968870102345,1.527472282953267,18.333115095786965,25.09211736595829,1.770733559446329
7.05,31.221650682545928,131.01197563814583,197.25850961608023,0.8517595728364123,-1.2729895565275002,-1.5900693646639117,0.1166473364748196,-0.7170828765444877,0.0,25.27373080101576,27.327743075619875,10.120658622771758,-14.446084756810691,105.35808955576746,383.88905702072094,1.274,1.0150000015428002,0.0,4.298714773033783,165.0000707061107,0.0744361829783141,2.2962277105804524e-05,-0.3638964930368255,-0.0876126425038504,0.0280360096474099,1.5316257373158124,18.342362568311906,25.073786519876997,1.7481804933652254
7.06,31.22164975490025,131.01197829804198,197.29745924975447,0.8537812034563794,-1.2757732272194071,-1.5591746866566991,0.1521421670492988,-0.7262000685495484,0.0,25.256326615289588,27.32552171610644,9.906233131935538,-14.4454713079279,105.36154471415388,383.3590861329865,1.274,1.0150000015428002,0.0,4.298859970524084,165.0000707061107,0.0743849569987029,2.305178869674317e-05,-0.3646619122088978,-0.0890100680625795,0.0280755281135541,1.5350632548416647,18.35211238446454,25.055945184335283,1.7267134915980824
7.07,31.22164882720048,131.0119809576727,197.33543650129303,0.8556374230173854,-1.2778014254361123,-1.5282414191882712,0.1875739405376355,-0.7355300154722766,0.0,25.239294037468888,27.323305932180208,9.691183192201922,-14.444986313759006,105.36431971471872,382.840792542272,1.274,1.0150000015428002,0.0,4.299001631073472,165.0000707061107,0.0743348246154837,2.3140697406944903e-05,-0.3654280014758017,-0.0904079135740853,0.0281154332108464,1.5377810308186923,18.3623636329836,25.038594096983296,1.706373412284675
7.08,31.221647899446463,131.01198361703865,197.37244147329537,0.8573224169650587,-1.2790738822571364,-1.4972701184418369,0.2229229345310209,-0.7450695385528671,0.0,25.222633676275755,27.321095664127256,9.47550838908676,-14.444624572760148,105.36641580163196,382.3341716026523,1.274,1.0150000015428002,0.0,4.2991397550577455,165.0000707061107,0.0742857876246144,2.322900112351868e-05,-0.3661945945442981,-0.091805359180572,0.0281557153387861,1.5397758336017906,18.37311495106233,25.02173390849421,1.687199176030541
7.09,31.221646971638137,131.01198627614033,197.40847425742209,0.8588304294429279,-1.279590796371968,-1.466261358972194,0.2581696300493123,-0.7548153278706479,0.0,25.20634612706284,27.31889084981353,9.259208513021822,-14.44438080628152,105.3678346130986,381.8392187198481,1.274,1.0150000015428002,0.0,4.2992743428238,165.0000707061107,0.0742378477826123,2.3316697994113576e-05,-0.3669615195627649,-0.0932015888113081,0.028196364498435,1.54104499562125,18.38436452805896,25.005365182842063,1.6692273990931425
7.1,31.221646043775475,131.01198893497835,197.44353495029847,0.8601557672627218,-1.2793528313746667,-1.4352157303595858,0.2932947168879176,-0.764763943827817,0.0,25.190431971665376,27.31669142464376,9.042283562136234,-14.44424966535752,105.36857817668589,381.3559293513332,1.274,1.0150000015428002,0.0,4.299405394739181,165.0000707061107,0.0741910068061048,2.340378642207183e-05,-0.3677285991882456,-0.0945957905503422,0.0282373702967526,1.5415864049383072,18.396110109377247,24.989488397579287,1.652492019165309
7.11,31.2216451158585,131.0119915935534,197.47762364158527,0.8612928039178014,-1.2783611126463543,-1.4041338338919365,0.328279098741068,-0.7749118186533667,0.0,25.174891778306808,27.31449732152176,8.824733744960486,-14.4442257374934,105.36864890453327,380.8842990069393,1.274,1.0150000015428002,0.0,4.299532911134263,165.0000707061107,0.0741452663715618,2.349026506140261e-05,-0.3684956506554947,-0.0959871569977136,0.0282787219509441,1.5413984971301211,18.408349000753127,24.97410394423184,1.6370239206679247
7.12,31.22164418788729,131.01199425186604,197.510740416963,0.862235983500732,-1.2766172242266882,-1.3730162792803102,0.3631038981377093,-0.785255257916433,0.0,25.15972610145631,27.312308470812976,8.60655948305153,-14.444303553444287,105.36804958845084,380.42432324881565,1.274,1.0150000015428002,0.0,4.299656892347683,165.0000707061107,0.0741006281148658,2.357613281179548e-05,-0.3692624858480779,-0.0973748856239731,0.028320408292856,1.5404802477145847,18.421078072607035,24.959212128647422,1.622850567395825
7.13,31.22164325986196,131.01199690991692,197.542885364094,0.8629798246461704,-1.2741232053195637,-1.341863681417684,0.3977504611693484,-0.795790442058358,0.0,25.144935481730247,27.310124800308564,8.387761413537408,-14.444477593982,105.3667833949113,379.9759976918891,1.274,1.0150000015428002,0.0,4.299777338685037,165.0000707061107,0.0740570936310298,2.366138881352745e-05,-0.3700289113714233,-0.0987581791182805,0.0283624177733939,1.538831164867531,18.4342937647571,24.944813171444387,1.609995651093408
7.14,31.221642331782693,131.0119995677067,197.57405855970143,0.8635189243942446,-1.2708815467423211,-1.310676657185743,0.4322003620387901,-0.8065134279353188,0.0,25.13052044575997,27.307946235191874,8.168340391579694,-14.44474229664502,105.3648538599416,379.5393180036439,1.274,1.0150000015428002,0.0,4.299894250451923,165.0000707061107,0.0740146644738051,2.3746032442300127e-05,-0.370794728627866,-0.1001362457299465,0.0284047384669668,1.536451282594817,18.447992091229533,24.9309072084353,1.5984787649756358
7.15,31.221641403649688,131.01200222523605,197.60426008249084,0.8638479620457457,-1.2668951871017264,-1.279455822318883,0.466435407420022,-0.8174201503765687,0.0,25.116481506080703,27.305772698005786,7.948297492752491,-14.445092062467738,105.36226488391884,379.1142799044228,1.274,1.0150000015428002,0.0,4.300007627945682,165.0000707061107,0.0739733421553533,2.383006330411063e-05,-0.3715597338936099,-0.1015082996036305,0.0284473580759806,1.53334115420263,18.462168645345592,24.91749429111385,1.5883151113058214
7.16,31.221640475463246,131.01200488250566,197.63349000321148,0.8639617029792385,-1.262167508788922,-1.248201788330992,0.5004376406413343,-0.8285064237570269,0.0,25.102819161021745,27.30360410862332,7.727634015336214,-14.445521262684045,105.35902072627654,378.7008791678522,1.274,1.0150000015428002,0.0,4.300117471451263,165.0000707061107,0.0739331281459179,2.3913481230004857e-05,-0.3723237183976169,-0.1028735611081646,0.0284902639353767,1.5295018461092271,18.476818605003217,24.904574387170992,1.5795152518320328
7.17,31.22163954722365,131.01200753951625,197.66174839459387,0.863855002440939,-1.2567023337567045,-1.2169151595113503,0.5341893456938026,-0.8397679435844428,0.0,25.08953389460596,27.30144038421921,7.506351482524733,-14.446024245401825,105.35512600012548,378.29911162075786,1.274,1.0150000015428002,0.0,4.300223781220575,165.0000707061107,0.0738940238735391,2.3996286270858136e-05,-0.3730864684024019,-0.1042312571590743,0.0285334430171581,1.5249349319591985,18.49193673818113,24.89214738105393,1.5720849091487876
7.18,31.221638618931284,131.0120101962685,197.68903532339928,0.8635228092507639,-1.250503919247089,-1.1855965299956146,0.5676730510856087,-0.8512002880969289,0.0,25.07662617641773,27.299281439243902,7.284451644544384,-14.4465953422433,105.35058566679484,377.9089731430061,1.274,1.0150000015428002,0.0,4.300326557522051,165.0000707061107,0.0738560307236548,2.4078478692042245e-05,-0.3738477652867273,-0.1055806215348216,0.0285768819349835,1.519642487141732,18.50751740852145,24.88021307450089,1.5660248258960587
7.19,31.221637690586544,131.01201285276315,197.71535085340247,0.862960169528291,-1.2435769531617002,-1.1542464809192514,0.6008715335238186,-0.862798919879105,0.0,25.06409646151904,27.29712718539934,7.06193648068317,-14.447228874947958,105.34540503029852,377.53045966808,1.274,1.0150000015428002,0.0,4.300425800595213,165.0000707061107,0.0738191500388566,2.4160058968170264e-05,-0.3746073856301285,-0.1069208951869836,0.0286205669487958,1.5136270835099177,18.52355458124419,24.868771187179615,1.5613306871570454
7.2,31.22163676218989,131.01201550900095,197.74069504439632,0.8621622303356634,-1.235926549373744,-1.1228655776572225,0.6337678214509198,-0.874559187489473,0.0,25.051945190338103,27.294977531616983,6.838808201229112,-14.44791916193344,105.33958973173108,377.1635671827976,1.274,1.0150000015428002,0.0,4.300521510667195,165.0000707061107,0.0737833831185646,2.4241027777736007e-05,-0.3753651012993271,-0.108251326544236,0.0286644839694584,1.5068917844952945,18.540041829139447,24.857821357307035,1.5579931095535628
7.21,31.22163583374184,131.01201816498272,197.76506794921056,0.861124243280135,-1.2275582428621277,-1.0914543671563204,0.666345198434484,-0.88647632710202,0.0,25.040172788562263,27.29283238403797,6.615069249315736,-14.44866052481064,105.33314574359812,376.80829172754926,1.274,1.0150000015428002,0.0,4.3006136879651296,165.0000707061107,0.0737487312187033,2.4321385997792834e-05,-0.376120679536468,-0.1095711718103352,0.0287086185634618,1.499440140549865,18.55697233873555,24.847363142300743,1.5559976984473927
7.22,31.22163490524292,131.01202082070907,197.78846962663272,0.8598415681009857,-1.2184779845844336,-1.0600133753652932,0.6985872064075119,-0.89854546416439,0.0,25.02877966705682,27.290691645994617,6.390722302673743,-14.449447294849204,105.32607936408664,376.4646293962946,1.274,1.0150000015428002,0.0,4.300702332678983,165.0000707061107,0.0737151955514755,2.4401134698555646e-05,-0.3768738830491742,-0.1108796952561645,0.0287529559576226,1.4912761848608918,18.57433891670675,24.837396019496985,1.5553251724575066
7.23,31.22163397669373,131.01202347618093,197.81090012153064,0.8583096761505021,-1.208692136366828,-1.0285431047665827,0.7304776487875483,-0.910761615066232,0.0,25.017766221741,27.2885552179952,6.165770275287185,-14.450273819389308,105.3183972112778,376.13257633644383,1.274,1.0150000015428002,0.0,4.300787445019371,165.0000707061107,0.0736827772849806,2.448027513808104e-05,-0.3776244701024397,-0.1121761695058078,0.0287974810438637,1.4824044295466556,18.592133996286247,24.827919386822742,1.5559515523367422
7.24,31.221633048094915,131.01202613139895,197.83235948274069,0.8565241539038472,-1.1982074653905093,-0.9970440320162912,0.7620005934470628,-0.923119688828046,0.0,25.00713283352803,27.28642299770972,5.940216318953036,-14.451134468196203,105.31010621730898,375.8121287491412,1.274,1.0150000015428002,0.0,4.300869025147353,165.0000707061107,0.0736514775430554,2.455880875680515e-05,-0.3783721946122834,-0.1134598758169228,0.0288421783839917,1.4728298620752909,18.610349644031384,24.81893256359493,1.5578484092154048
7.25,31.221632119447136,131.012028786364,197.852847751144,0.8544807063314251,-1.1870311387980794,-0.9655166056936372,0.7931403755804812,-0.9356144887982056,0.0,24.99687986819739,27.284294879958463,5.714063824742519,-14.452023639753657,105.301213622487,375.5032828888957,1.274,1.0150000015428002,0.0,4.300947073248763,165.0000707061107,0.0736212974048802,2.46367371722707e-05,-0.3791168062412418,-0.114730104355216,0.0288870322145475,1.4625579422692556,18.628977566500545,24.81043479123266,1.560983165474643
7.26,31.221631190751136,131.01203144107683,197.872364965627,0.8521751603070292,-1.1751707178627435,-0.9339612441676504,0.8238816004311207,-0.948240714372196,0.0,24.98700767634285,27.282170756702893,5.487316424363176,-14.452935767492544,105.2917269693584,375.20603506399385,1.274,1.0150000015428002,0.0,4.301021589459884,165.0000707061107,0.073592237904841,2.471406217364024e-05,-0.3798580504955922,-0.1159861544633966,0.0289320264516722,1.4515945995793194,18.64800911730288,24.802425234113613,1.5653194400917734
7.27,31.22163026200768,131.01203409553833,197.89091115910773,0.8496034678803184,-1.1626341522780612,-0.902378333580628,0.8542091459246234,-0.960992962720526,0.0,24.977516593253306,27.28005051703773,5.259977991420333,-14.453865325951224,105.28165409673984,374.9203816359095,1.274,1.0150000015428002,0.0,4.301092573933512,165.0000707061107,0.0735643000321678,2.4790785716405023e-05,-0.3805956688243981,-0.1172273349243668,0.0289771446960224,1.4399462310168163,18.66743530405344,24.79490298034413,1.5708174293327026
7.28,31.221629333217567,131.01203674974923,197.9084863684744,0.8467617095587782,-1.1494297740880974,-0.8707682259559664,0.8841081651790716,-0.9738657305377332,0.0,24.96840693885192,27.277934047186346,5.0320526425767165,-14.4548068368641,105.27100313371248,374.6463190197141,1.274,1.0150000015428002,0.0,4.30116002679354,165.0000707061107,0.07353748473076,2.4866909916933144e-05,-0.3813293987202741,-0.118452964219018,0.02902237023774,1.4276196994919808,18.68724679562843,24.78786704264385,1.5774343131131003
7.29,31.22162840438164,131.0120394037104,197.9250906176873,0.843646097494447,-1.135566291602221,-0.839131237430429,0.9135640889209248,-0.9868534158043456,0.0,24.95967901760504,27.275821230497776,4.8035447386091406,-14.455754875174582,105.25978249358428,374.3838436837586,1.274,1.0150000015428002,0.0,4.3012239481556,165.0000707061107,0.0735117928989164,2.494243704716168e-05,-0.382058973821938,-0.1196623707784691,0.0290676860614543,1.414622332836622,18.707433929432124,24.78131635920238,1.5851246772674215
7.3,31.2216274755008,131.0120420574227,197.94072393269084,0.840252978629332,-1.12105278311608,-0.8074676466154316,0.9425626277994292,-0.9999503195666556,0.0,24.951333118448183,27.273711947446195,4.574458885361016,-14.456704074969505,105.24800086782396,374.13295214957407,1.274,1.0150000015428002,0.0,4.3012843381188,165.0000707061107,0.0734872253891194,2.501736952921689e-05,-0.3827841240184994,-0.1208548932309569,0.0291130748513314,1.400961923462735,18.727986718820187,24.775249794583416,1.5938409422700515
7.31,31.221626546575983,131.01204471088687,197.9553863324652,0.8365788377698788,-1.1058986905373656,-0.7757776930892591,0.9710897746113452,-1.0131506477322303,0.0,24.94336951470452,27.27160607563233,4.344799934589832,-14.45764913533133,105.23566721996949,373.893640991765,1.274,1.0150000015428002,0.0,4.301341196778131,165.0000707061107,0.0734637830077902,2.509170993007964e-05,-0.3835045755554957,-0.1220298806433883,0.0291585189961873,1.3866467288061202,18.74889486059405,24.769666140636225,1.6035337896189914
7.32,31.221625617608154,131.0120473641038,197.9690778349916,0.8326203006183233,-1.0901138128154937,-0.7440615760234408,0.9991318064326786,-1.026448512884253,0.0,24.935788464022416,27.269503489787528,4.1145729847083325,-14.458584826104987,105.22279077951484,373.6659068380104,1.274,1.0150000015428002,0.0,4.301394524203793,165.0000707061107,0.073441466515109,2.516546095626184e-05,-0.3842200511426601,-0.1231866927576674,0.0292040005946432,1.37168547258186,18.7701477426466,24.76456411745695,1.6141525780242116
7.33,31.221624688598308,131.01205001707436,197.9817984562568,0.8283741367213584,-1.0737082993151483,-0.7123194529440866,1.026675286672374,-1.0398379361118315,0.0,24.928590208297727,27.26740406177985,3.883783381418679,-14.45950599357586,105.2093810357783,373.44974636866567,1.274,1.0150000015428002,0.0,4.301444320457732,165.0000707061107,0.0734202766247854,2.5238625448490973e-05,-0.3849302700634344,-0.1243247002217967,0.0292495014603281,1.3560873470570507,18.79173445164089,24.759942374343552,1.6256457426769455
7.34,31.22162375954751,131.0120526697994,197.9935482032984,0.8238372623636447,-1.0566926430320187,-0.6805514386314476,1.0537070670454416,-1.053312848859073,0.0,24.921774973607164,27.265307660622973,3.652436718238401,-14.460407566056269,105.1954477317544,373.2451563167153,1.274,1.0150000015428002,0.0,4.301490585593636,165.0000707061107,0.0734002140038593,2.531120637646756e-05,-0.3856349482861997,-0.1254432848158962,0.0292950031271562,1.3398620163995103,18.813643780801467,24.755799490786657,1.6379611721089289
7.35,31.22162283045684,131.0120553222797,198.0043270851347,0.8190067434039581,-1.0390776736633711,-0.648757604158479,1.080214289469602,-1.0668670947930323,0.0,24.91534297014996,27.263214152486487,3.4205388369175607,-14.461284559376702,105.18100085795356,373.052133467582,1.274,1.0150000015428002,0.0,4.301533319644541,165.0000707061107,0.0733812792725332,2.538320683354085e-05,-0.3863337985772306,-0.1265418396731727,0.029340486854649,1.32301962127448,18.83586423780756,24.7521339774916,1.6510465584228362
7.36,31.221621901327406,131.0120579745162,198.01413510382216,0.8138797980280342,-1.0208745506151289,-0.6169379760698883,1.1061843878963535,-1.0804944316897278,0.0,24.90929439217921,27.261123400709486,3.188095827746116,-14.462132082279195,105.16605064623153,372.8706746588932,1.274,1.0150000015428002,0.0,4.301572522639355,165.0000707061107,0.0733634730039648,2.545463003151344e-05,-0.3870265306153766,-0.1276197694958767,0.0293859336333331,1.3055707849102802,18.85838405271424,24.748944277400263,1.6648497179191124
7.37,31.221620972160377,131.0120606265097,198.0229722564407,0.808453799454596,-1.0020947558218023,-0.5850925357030852,1.1316050900706311,-1.0941885333409322,0.0,24.90362941795364,27.259035265815985,2.955114029750894,-14.462945341709624,105.1506075636109,372.7007767802976,1.274,1.0150000015428002,0.0,4.301608194582207,165.0000707061107,0.0733467957241305,2.5525479295419807e-05,-0.3877128511084498,-0.1286764907663701,0.0294313241901876,1.2875266207697595,18.8811911860045,24.74622876676301,1.6793188802916519
7.38,31.22162004295693,131.0120632782611,198.03083854304748,0.8027262785470222,-0.9827500865414486,-0.5532212186512998,1.1564644192354483,-1.1079429914792027,0.0,24.89834820967061,27.256949605532803,2.721600030781254,-14.46371964800606,105.1346823060979,372.5424367731055,1.274,1.0150000015428002,0.0,4.301640335477228,165.0000707061107,0.0733312479116225,2.55957580583328e-05,-0.3883924639113369,-0.1297114319532864,0.0294766389941741,1.2688987421732312,18.90427333663262,24.743985756195844,1.6944029456098972
7.39,31.221619113718337,131.01206592977127,198.03773394977927,0.7966949263820107,-0.962852647945776,-0.5213239143702866,1.1807506957714096,-1.1217513177253389,0.0,24.89345091342624,27.254866274810222,2.4875606674831148,-14.464450419980231,105.11828579249595,372.3956516301831,1.274,1.0150000015428002,0.0,4.30166894530377,165.0000707061107,0.073316829997536,2.5665469856251422e-05,-0.3890650701458046,-0.1307240337129379,0.0295218582618292,1.2496992740558968,18.92761795020689,24.742213491797298,1.7100517091823744
7.4,31.22161818444581,131.01206858104095,198.0436584717122,0.7903575967219552,-0.9424148456914492,-0.4894004659280262,1.204452538788455,-1.13560694555501,0.0,24.88893765915608,27.252785125844348,2.253003025160528,-14.46513318988928,105.1014291582186,372.26041839556416,1.274,1.0150000015428002,0.0,4.301694024037054,165.0000707061107,0.0733035423652895,2.5734618322915047e-05,-0.3897303683220256,-0.1317137490859208,0.0295669619629381,1.229940867307335,18.951212227154627,24.74091015624903,1.726216055144113
7.41,31.221617255140654,131.01207123207115,198.04861209099505,0.7837123084365271,-0.9214493783084056,-0.4574506698984182,1.2275588676610798,-1.1495032322886936,0.0,24.88480856059948,27.250706008102487,2.017934437524369,-14.46576360829508,105.08412374910375,372.1367341641709,1.274,1.0150000015428002,0.0,4.301715571627521,165.0000707061107,0.0732913853505267,2.580320718475376e-05,-0.3903880544617941,-0.1326800436890701,0.0296119298262704,1.2096367160030663,18.975043131002924,24.74007386996921,1.7428481201774348
7.42,31.22161632580421,131.0120738828626,198.0525947867903,0.7767572478239652,-0.8999692295836165,-0.4254742763980561,1.2500589035237384,-1.1634334611015664,0.0,24.881063715242547,27.24862876835093,1.782362486327736,-14.46633744880822,105.06638111523088,372.02459608139486,1.274,1.0150000015428002,0.0,4.301733588029748,165.0000707061107,0.0732803592409406,2.587124025581953e-05,-0.3910378222234526,-0.1336223959027252,0.0296567413454163,1.1888005781103086,18.99909739662542,24.7397026922456,1.7599014292187476
7.43,31.22161539643781,131.01207653341623,198.0556065412366,0.7694907708894986,-0.8779876607272951,-0.3934709892667956,1.2719421707133118,-1.1773908430586637,0.0,24.87770320429459,27.24655325068485,1.546295000887601,-14.466850612714287,105.0482130047428,371.924001342919,1.274,1.0150000015428002,0.0,4.301748073169399,165.0000707061107,0.0732704642762117,2.5938721432761784e-05,-0.3916793630284954,-0.1345402970534634,0.0297013757846897,1.1674468001024632,19.02336153862889,24.73979462243669,1.7773310052862616
7.44,31.22161446704285,131.01207918373285,198.0576473245389,0.7619114055134834,-0.855518202573551,-0.3614404663900163,1.2931984981804217,-1.1913685191705583,0.0,24.874727092635258,27.24447929656105,1.3097400574923876,-14.467299133479315,105.02963135767408,371.8349471941995,1.274,1.0150000015428002,0.0,4.30175902697627,165.0000707061107,0.0732617006478449,2.600565468982745e-05,-0.3923123661898842,-0.1354332515922142,0.0297458121851333,1.14559034631508,19.047821859670236,24.74034760113852,1.7950934557596103
7.45,31.221613537620783,131.01208183381334,198.05871711286133,0.7540178535750923,-0.8325746475599582,-0.3293823201636786,1.313818020853434,-1.2053595624755242,0.0,24.872135428797208,27.24240674483284,1.0727059786951985,-14.467679181132404,105.01064829978668,371.75743093037374,1.274,1.0150000015428002,0.0,4.301766449351248,165.0000707061107,0.0732540684991229,2.607204407394873e-05,-0.3929365190420322,-0.1363007772679412,0.0297900293706085,1.1232468336817156,19.07246445891142,24.741359511422225,1.813147037503255
7.46,31.221612608173007,131.01208448365853,198.0588158674533,0.7458089929704709,-0.8091710417242022,-0.2972961180990918,1.3337911809750185,-1.2193569801441395,0.0,24.869928244925788,27.24033543178788,0.8352013324926298,-14.467987066522545,104.991276136415,371.6914498956078,1.274,1.0150000015428002,0.0,4.301770340186958,165.0000707061107,0.0732475679249869,2.613789369976312e-05,-0.39355150707249,-0.1371424052967887,0.0298340059539692,1.1004325729642062,19.09727524041552,24.74282818004639,1.831451703242474
7.47,31.22161167870101,131.0120871332692,198.0579435604907,0.7372838795629632,-0.7853216765654605,-0.2651813835676944,1.3531087294034128,-1.233353715609682,0.0,24.868105556753854,27.2382651911882,0.5972349313887385,-14.468219245447372,104.97152734632031,371.63700148254406,1.274,1.0150000015428002,0.0,4.301770699363642,165.0000707061107,0.0732421989719664,2.6203207744774528e-05,-0.3941570140553003,-0.137957680526849,0.0298777203433263,1.0771646175365317,19.12223992160705,24.744751378706304,1.8499691315226865
7.48,31.22161074920632,131.01208978264629,198.0561001462545,0.7284417490404846,-0.7610410808716112,-0.233037596683995,1.3717617268882134,-1.247342650723103,0.0,24.866667363567466,27.23619585431264,0.3588158313443274,-14.46837232265126,104.95141457555684,371.5940831322535,1.274,1.0150000015428002,0.0,4.301767526769797,165.0000707061107,0.0732379616380628,2.6267990444499905e-05,-0.3947527221860277,-0.1387461615985309,0.0299211507484698,1.0534608211636771,19.14734404171197,24.74712682527991,1.868662742480976
7.49,31.22160981969043,131.0120924317905,198.05328558498283,0.7192820187356651,-0.7363440122896393,-0.2008641953250897,1.3897415453044184,-1.2613166079382452,0.0,24.865613648219767,27.234127250002377,0.1199533306114296,-14.468443055690653,104.93095063134896,371.5626923338101,1.274,1.0150000015428002,0.0,4.301760822231974,165.0000707061107,0.0732348558728137,2.6332246087664025e-05,-0.3953383122184485,-0.1395074211006157,0.0299642751873116,1.0293399063452535,19.17257297035968,24.74995218516289,1.887497701500468
7.5,31.22160889015492,131.01209508070275,198.0494998279634,0.7098042892761317,-0.7112454491554071,-0.1686605762834012,1.4070398688876002,-1.2752683525168655,0.0,24.86494437706251,27.232059204708296,-0.119343031547014,-14.46842835866391,104.9101484759813,371.542826623158,1.274,1.0150000015428002,0.0,4.301750585618024,165.0000707061107,0.0732328815770712,2.6395979011432616e-05,-0.3959134636029427,-0.1402410457218374,0.0300070714924863,1.004821545527161,19.197911915918937,24.75322507248113,1.9064409126858783
7.51,31.221607960601343,131.01209772938384,198.0447428304533,0.7000083462452891,-0.6857605818796207,-0.1364260965539046,1.4236486954194123,-1.289190594768528,0.0,24.864659499974334,27.229991542541608,-0.3590634762521148,-14.468325305803736,104.88902122070172,371.53448358337727,1.274,1.0150000015428002,0.0,4.30173681675037,165.0000707061107,0.0732320386030975,2.6459193596694467e-05,-0.3964778546264863,-0.1409466363983807,0.030049517318059,0.9799264572822708,19.22334593414852,24.75694305147024,1.9254610038715303
7.52,31.22160703103133,131.01210037783454,198.0390145347838,0.6898941616878601,-0.6599048045350004,-0.1041600747499143,1.4395603374117467,-1.3030759923135096,0.0,24.86475895032313,27.22792408532652,-0.5991979865186253,-14.46813113492962,104.8675821196376,371.5376608437968,1.274,1.0150000015428002,0.0,4.301719515459695,165.0000707061107,0.0732323267544451,2.652189426333001e-05,-0.3970311625543427,-0.1416238084569182,0.0300915901463453,0.9546765208198194,19.248859936627152,24.7611036377581,1.9445283047476494
7.53,31.221606101446493,131.0121030260556,198.03231488824963,0.679461895575161,-0.6336937061889258,-0.0718617926476974,1.4547674232586072,-1.3169171523780865,0.0,24.86524264497836,27.225856652655736,-0.8397363088786876,-14.467843250758396,104.8458445637256,371.55235607971616,1.274,1.0150000015428002,0.0,4.301698681543641,165.0000707061107,0.073233745786001,2.6584085465623024e-05,-0.3975730637733703,-0.142272191753506,0.03013326729484,0.9290949122743966,19.27443869933958,24.765704299737923,1.9636148194706202
7.54,31.221605171848488,131.0121056740479,198.0246438311824,0.6687118971450238,-0.6071430623227397,-0.0395304968553638,1.4692628983821612,-1.3307066341163976,0.0,24.86611048428808,27.22378906194869,-1.0806679551197689,-14.467459228070492,104.82382207465582,371.57856701156754,1.274,1.0150000015428002,0.0,4.301674314803985,165.0000707061107,0.0732362954039135,2.6645771687617263e-05,-0.3981032339369863,-0.1428914308081499,0.0301745259232722,0.9032062674795028,19.300066871135307,24.77074245989292,1.982694194984535
7.55,31.221604242238968,131.01210832181212,198.01600129993216,0.6576447061830434,-0.5802688260663074,-0.0071654006047402,1.483040026354635,-1.3444369509647436,0.0,24.86736235208921,27.22172112851172,-1.3219822041363485,-14.46697681472979,104.80152829882888,371.61629140455074,1.274,1.0150000015428002,0.0,4.301646415021851,165.0000707061107,0.0732399752656267,2.670695743851214e-05,-0.3986213481117396,-0.1434811849352271,0.0302153430407885,0.877036876664645,19.32572898228392,24.77621549618388,2.0017416860961754
7.56,31.22160331261965,131.01211096934907,198.0063872298508,0.6462610541939146,-0.5530871194519189,0.0252343143377953,1.496092390011993,-1.358100573025414,0.0,24.868998115701448,27.21965266560179,-1.5636681038948954,-14.466393934555336,104.7789770013272,371.6655270679906,1.274,1.0150000015428002,0.0,4.301614981974236,165.0000707061107,0.0732447849798586,2.676764724819084e-05,-0.3991270809255144,-0.1440411283696389,0.0302556955132674,0.8506149180423109,19.35140945295732,24.78212074341784,2.0207341182164105
7.57,31.22160238299222,131.01211361665952,197.99580154932457,0.634561865497465,-0.5256142245447231,0.0576694956439905,1.50841389255004,-1.3716899294832043,0.0,24.87101762593999,27.21758348449216,-1.8057144735118569,-14.465708690042208,104.75618205989952,371.7262718547749,1.274,1.0150000015428002,0.0,4.301580015417488,165.0000707061107,0.073250724106643,2.682784566268292e-05,-0.399620106717333,-0.1445709503887929,0.0302955600707559,0.8239707387199389,19.37709260175681,24.788455494655533,2.039649848530731
7.58,31.221601453358407,131.01211626374413,197.98424419170584,0.6225482582165645,-0.4978665745909175,0.0901410182840828,1.5199987586146615,-1.3851974110529237,0.0,24.87342071711344,27.21551339454073,-2.0481099054441496,-14.464919364930418,104.73315745895847,371.7985236606863,1.274,1.0150000015428002,0.0,4.301541515107952,165.0000707061107,0.0732577921573183,2.688755723971749e-05,-0.4001000996887637,-0.1450703554303457,0.0303349133150562,0.7971371935038163,19.402762654168058,24.795217002601795,2.0584687262514154
7.59,31.221600523719967,131.0121189106037,197.97171508040145,0.6102215451915616,-0.4698607450222793,0.1226497822771455,1.5308415353748304,-1.3986153724615245,0.0,24.876207207047155,27.21344220326128,-2.2908427677915006,-14.464024426618872,104.7099172835903,371.88228042384895,1.274,1.0150000015428002,0.0,4.301499480777202,165.0000707061107,0.0732659885946026,2.6946786544304333e-05,-0.400566734056904,-0.1455390632057895,0.0303737317274353,0.7701500545425066,19.428403751076257,24.80240248104448,2.077172052480749
7.6,31.221599594078665,131.0121215572389,197.958214134836,0.5975832347778989,-0.4416134445167254,0.1551967103365384,1.5409370935942377,-1.411936134962181,0.0,24.87937689708357,27.211369716396995,-2.533901206710253,-14.463022528423508,104.686475713577,371.9775401239047,1.274,1.0150000015428002,0.0,4.301453912160932,165.0000707061107,0.0732753128325892,2.7005538144363303e-05,-0.401019684208947,-0.1459768088097806,0.0304119916764901,0.7430485079943258,19.45399995717752,24.810009106262047,2.095742540133659
7.61,31.221598664436264,131.01212420365047,197.94374127840533,0.5846350315719557,-0.4131415059042478,0.1877827454126048,1.55028062868649,-1.42515198888453,0.0,24.88292957211179,27.20929573799688,-2.7772731489379145,-14.461912511676887,104.66284701742912,372.08430078166407,1.274,1.0150000015428002,0.0,4.301404808974196,165.0000707061107,0.0732857642368347,2.7063816606339683e-05,-0.401458624858292,-0.1463833428253216,0.030449669426165,0.7158757574986233,19.47953526945938,24.818034018485264,2.1141642742646103
7.62,31.221597734794567,131.01212684983904,197.92829642157767,0.5713788370282596,-0.3844618770850349,0.2204088481381672,1.558867661766142,-1.4382551962194772,0.0,24.88686500058649,27.207220070494703,-3.0209463044277687,-14.460693407667875,104.6390455464291,372.20256045816654,1.274,1.0150000015428002,0.0,4.301352170915524,165.0000707061107,0.0732973421244196,2.7121626490960736e-05,-0.4018832312022103,-0.1467584314246717,0.0304867411438911,0.6886797589412771,19.504993625613483,24.8264743233467,2.1324226730857463
7.63,31.22159680515537,131.01212949580528,197.91187948276743,0.5578167499732543,-0.3555916119369093,0.253075994180159,1.566694040695472,-1.4512379932389912,0.0,24.891182934541376,27.20514251479021,-3.2649081690928488,-14.459364439419508,104.61508572868397,372.332317253906,1.274,1.0150000015428002,0.0,4.301295997687579,165.0000707061107,0.0733100457639823,2.7178972348935977e-05,-0.4022931790810356,-0.147101856466036,0.0305231829089031,0.6615141162283192,19.53035891239912,24.835327093326978,2.1505044498910753
7.64,31.22159587552052,131.01213214154987,197.89449036944984,0.5439510670403943,-0.3265478610935636,0.285785171501142,1.573755941117779,-1.4640925931545568,0.0,24.89588310962859,27.203062870333536,-3.50914602765864,-14.457925023303126,104.59098206318616,372.4735693084039,1.274,1.0150000015428002,0.0,4.3012362889723725,165.0000707061107,0.0733238743758371,2.723585871669396e-05,-0.4026881451388538,-0.1474134155860551,0.030558970720714,0.634439173782517,19.555614974056105,24.844589369247625,2.1683975760416905
7.65,31.22159494589181,131.0121347870734,197.87612899108203,0.5297842829914134,-0.2973478627493336,0.3185373775361256,1.5800498674884191,-1.4768111888117952,0.0,24.900965245144643,27.20098093521171,-3.753646956623508,-14.456374770487256,104.56674911388168,372.62631479913887,1.274,1.0150000015428002,0.0,4.30117304443953,165.0000707061107,0.0733388271320555,2.7292290112249188e-05,-0.4030678069856971,-0.1476929222879767,0.030594080507719,0.607523347859957,19.58074562063821,24.85425816174675,2.186091245130786
7.66,31.221594016271112,131.01213743237653,197.85679525115225,0.5153190909342416,-0.2680089334549479,0.3513336162887289,1.5855726541024695,-1.4893859554231508,0.0,24.90642904405369,27.19889650623809,-3.9983978273262366,-14.454713488219571,104.54240150374405,372.79055194094127,1.274,1.0150000015428002,0.0,4.3011062637669335,165.0000707061107,0.0733549031565245,2.7348271031000966e-05,-0.4034318433612039,-0.1479402060255601,0.0306284881360084,0.5808447443857665,19.60573463629757,24.864330452753794,2.2035758384008015
7.67,31.221593086660263,131.01214007745983,197.83648905413685,0.5005583824659867,-0.2385484587493893,0.3841748953505504,1.5903214661056728,-1.50180905334173,0.0,24.91227419304598,27.19680937904415,-4.2433853091196525,-14.452941180939897,104.51795390885272,372.96627898547297,1.274,1.0150000015428002,0.0,4.301035946595299,165.0000707061107,0.0733721015251284,2.7403805941619663e-05,-0.4037799342997215,-0.148155112282716,0.0306621694183142,0.5544931141687297,19.630565787648504,24.87480319702558,2.220842891443086
7.68,31.22159215706113,131.01214272232383,197.81521029854247,0.4855052476792619,-0.2089838839340457,0.4170622228505715,1.5942938005120129,-1.5140726308723356,0.0,24.918500362556845,27.194719348173727,-4.4885958726495145,-14.4510580512233,104.493421052475,373.15349421986537,1.274,1.0150000015428002,0.0,4.300962092569471,165.0000707061107,0.0733904212658036,2.7458899281947496e-05,-0.4041117612968572,-0.1483375026487091,0.0306951001231122,0.5285721936950017,19.6552228319583,24.885673323620832,2.2378850622042172
7.69,31.221591227475592,131.0121453669692,197.79295887988872,0.4701629750837016,-0.1793327047294737,0.4499966043368481,1.5974874872095104,-1.526168827124554,0.0,24.92510720681147,27.192626207180307,-4.7340157932378135,-14.449064500551048,104.46881769914916,373.35219596626666,1.274,1.0150000015428002,0.0,4.300884701334299,165.0000707061107,0.0734098613586645,2.751355545498613e-05,-0.4044270074774151,-0.1484872548890817,0.0307272559839415,0.5032024644894767,19.679689525380443,24.8969377374192,2.2546961002743555
7.7,31.221590297905497,131.01214801139636,197.76973469468268,0.4545350514341885,-0.1496124578596267,0.482979039597176,1.599900689954919,-1.5380897749082751,0.0,24.932094363884207,27.19052974872636,-4.979631154369262,-14.446961129908392,104.44415864876804,373.5623825810216,1.274,1.0150000015428002,0.0,4.300803772505716,165.0000707061107,0.0734304207361871,2.7567778824803984e-05,-0.4047253577647147,-0.1486042630121635,0.0307586127088563,0.4785243263967455,19.70394963119366,24.908593320666427,2.2712708174248672
7.71,31.22158936835276,131.01215065560592,197.74553763445647,0.4386251614261564,-0.1198407117526441,0.5160105194237878,1.601531907372444,-1.5498276036692635,0.0,24.93946145572685,27.188429764685267,-5.225427851280429,-14.444748740207366,104.41945873066072,373.78405245358925,1.274,1.0150000015428002,0.0,4.300719305712053,165.0000707061107,0.0734520982832847,2.7621573712633944e-05,-0.4050064990512765,-0.1486884373310791,0.0307891459900775,0.4547016031044171,19.727986927893152,24.92063693447045,2.287605059354267
7.72,31.22158843881924,131.0121532995983,197.72036758974247,0.4224371873161122,-0.0900350570676639,0.5490920223258849,1.6023799739338027,-1.5613744424704896,0.0,24.947208088238163,27.186326046246045,-5.471391594649964,-14.442428332533437,104.39473279767113,374.0172040061433,1.274,1.0150000015428002,0.0,4.300631300556856,165.0000707061107,0.0734748928375143,2.7674944392858667e-05,-0.4052701203708125,-0.1487397045213623,0.0308188315138328,0.431925157685243,19.751785217372305,24.93306542036617,2.3036956785665192
7.73,31.221587509306847,131.01215594337407,197.6942244460976,0.4059752084178648,-0.0602130972955964,0.5822245111972716,1.6024440609363877,-1.5727224230161132,0.0,24.95533385131412,27.184218384020063,-5.7175079143894365,-14.440001108214366,104.3699957202316,374.26183569228186,1.274,1.0150000015428002,0.0,4.300539756627155,165.0000707061107,0.0734988031892313,2.7727895089081448e-05,-0.4055159130715306,-0.1487580076739654,0.0308476449703364,0.4104161622790639,19.775328332994395,24.945875601849423,2.319540508317731
7.74,31.221586579817483,131.01215858693357,197.66710809106027,0.389243500483221,-0.0303924393864236,0.6154089299430693,1.6017236774772707,-1.5838636827197003,0.0,24.963838318891103,27.182106568150736,-5.963762163533247,-14.437468468710044,104.34526238042945,374.5179459959568,1.274,1.0150000015428002,0.0,4.30044467352237,165.0000707061107,0.0735238280817114,2.7780429970334017e-05,-0.4057435709906987,-0.1487433063437131,0.0308755620639845,0.3904282121339949,19.79860014759205,24.95906428589993,2.3351383375473493
7.75,31.221585650353013,131.0121612302773,197.6390184042118,0.3722465349953772,-0.0005906842600891,0.648646200070716,1.600218671410062,-1.5947903678196476,0.0,24.972721049017977,27.17999038842529,-6.210139522226887,-14.434832015322057,104.32054766606493,374.78553343099713,1.274,1.0150000015428002,0.0,4.300346050829531,165.0000707061107,0.0735499662113614,2.78325531471089e-05,-0.4059527906304278,-0.1486955765931994,0.0309025585237556,0.3722470036405333,19.82158458151611,24.97262826455137,2.350488886696955
7.76,31.221584720915367,131.0121638734056,197.6099552700976,0.3549889783460107,0.0291745826578878,0.681937217251913,1.5979292302933674,-1.60549463654104,0.0,24.98198158392304,27.17786963438889,-6.456625001812291,-14.432093548721491,104.29586646469848,375.06459654001327,1.274,1.0150000015428002,0.0,4.300243888115016,165.0000707061107,0.0735772162279225,2.78842686676322e-05,-0.4061432713346628,-0.1486148110319557,0.0309286101137604,0.3561857943956815,19.84426561061668,24.986564316452483,2.3655927843272777
7.77,31.22158379150643,131.01216651631893,197.5799185653057,0.3374756908885605,0.0588858008329149,0.7152828478605509,1.5948558823341736,-1.615968662303735,0.0,24.991619450065816,27.17574409546153,-6.703203449009213,-14.429255068294117,104.2712336576854,375.35513389339593,1.274,1.0150000015428002,0.0,4.300138184953472,165.0000707061107,0.0736055767346154,2.793558051400207e-05,-0.4063147154673386,-0.1485010188508708,0.0309536926440155,0.342574574919698,19.866627274124035,25.00086920840231,2.380451544435874
7.78,31.22158286212809,131.0121691590176,197.54890816840555,0.3197117259052645,0.0885254441502942,0.7486839254920552,1.5909994973091186,-1.6262046369807708,0.0,25.001634158223524,27.1736135610566,-6.949859550191552,-14.426318771301508,104.2466641141958,375.65714408831286,1.274,1.0150000015428002,0.0,4.300028940890626,165.0000707061107,0.0736350462884078,2.798649259847365e-05,-0.4064668285916448,-0.148354225851887,0.0309777819813709,0.3317412555094202,19.88865368259514,25.015539696940863,2.395067544364004
7.79,31.22158193278227,131.012171801502,197.51692395100395,0.3017023284268836,0.1180760302568284,0.7821412474702029,1.5863612874871165,-1.6361947742032423,0.0,25.012025203534417,27.17147782070262,-7.1965778357573615,-14.42328705185696,104.22217268521838,375.9706257477529,1.274,1.0150000015428002,0.0,4.299916155501121,165.0000707061107,0.0736656234001227,2.803700875972385e-05,-0.4065993196503909,-0.1481744744727657,0.031000854060695,0.3239847450722187,19.91032902566429,25.03057252986711,2.409444003201159
7.8,31.221581003470835,131.01217444377238,197.48396578967032,0.2834529339927691,0.1475201301837344,0.8156555713466354,1.5809428085148067,-1.6459313127193855,0.0,25.022792065613665,27.16933666416616,-7.4433426845916735,-14.420162499715625,104.19777419754516,376.295577519796,1.274,1.0150000015428002,0.0,4.299799828301782,165.0000707061107,0.0736973065348024,2.8087132759157973e-05,-0.406711901147387,-0.1479618238070657,0.0310228848961891,0.3195427624859003,19.931637579985946,25.04596444787357,2.423584960560213
7.81,31.221580074195685,131.012177085829,197.450033553018,0.2649691672300419,0.1768403775970141,0.849227611400358,1.5747459603140368,-1.6554065197995127,0.0,25.03393420858196,27.16718988157784,-7.690138328620701,-14.416947898877128,104.173483447736,376.631998075935,1.274,1.0150000015428002,0.0,4.29967995885073,165.0000707061107,0.0737300941117751,2.813686827724824e-05,-0.4068042893298582,-0.147716349618953,0.0310438505929361,0.3185607568294228,19.952563716831943,25.06171218603487,2.437495255643561
7.82,31.22157914495869,131.01217972767216,197.41512711263508,0.2462568403822205,0.2060194783888013,0.8828580351406201,1.5677729879357312,-1.664612694697622,0.0,25.045451081183103,27.165037263560343,-7.936948857456442,-14.41364622600046,104.14931519606036,376.97988611065927,1.274,1.0150000015428002,0.0,4.299556546668921,165.0000707061107,0.0737639845050142,2.8186218909903887e-05,-0.40687620437177,-0.1474381443531784,0.0310637273586446,0.3210703903473334,19.97309190993436,25.077812475438694,2.4511805064625016
7.83,31.221578215761745,131.0121823693021,197.3792463351344,0.2273219516758752,0.2350402199959855,0.9165474598215864,1.5600264824132857,-1.6735421721620736,0.0,25.05734211683957,27.162878601358056,-8.183758223130637,-14.410260648629809,104.12528416041418,377.3392403400688,1.274,1.0150000015428002,0.0,4.299429591293825,165.0000707061107,0.0737989760432909,2.8235188164862536e-05,-0.4069273705580898,-0.1471273171397617,0.0310824915155971,0.3269845330608283,19.993206743068725,25.094262044711577,2.4646470891267827
7.84,31.221577286606703,131.012185010719,197.3423910861288,0.2081706836061182,0.263885480898977,0.9502964489728596,1.55150938158026,-1.6821873260025553,0.0,25.069606733759127,27.160713686969288,-8.430550244916583,-14.406794523230744,104.10140501021075,377.71005950118746,1.274,1.0150000015428002,0.0,4.299299092234014,165.0000707061107,0.0738350670104958,2.82837794581654e-05,-0.4069575164698802,-0.1467839937935989,0.0311001195127968,0.33611050880878,20.0128929177542,25.111057621623733,2.477902117079207
7.85,31.221576357495444,131.01218765192303,197.3045612352007,0.1888094010792857,0.2925382399559706,0.984105508953365,1.542224970875632,-1.6905405727096494,0.0,25.08224433500788,27.15854231328052,-8.677308614238102,-14.403251393036008,104.07769236024238,378.0923423502177,1.274,1.0150000015428002,0.0,4.299165048998049,165.0000707061107,0.0738722556458597,2.833199611056032e-05,-0.4069663751702133,-0.1464083168086965,0.0311165879382763,0.3481771129719355,20.032135260787403,25.128195934634217,2.4909534201831587
7.86,31.221575428429823,131.01219029291434,197.2657566380124,0.1692446494416959,0.3209815857234505,1.0179750855331309,1.5321768841247858,-1.6985943751292432,0.0,25.09525430858747,27.156364274202048,-8.924016899664222,-14.399634985700132,104.05416076451168,378.4860876618581,1.274,1.0150000015428002,0.0,4.299027461119272,165.0000707061107,0.0739105401441635,2.8379841344041447e-05,-0.4069536843908211,-0.146000445347118,0.0311318735316957,0.3628672347846465,20.05091873173788,25.145673714437667,2.5038095235527056
7.87,31.22157449941165,131.01219293369303,197.2259771641332,0.1494831524225992,0.3491987259569682,1.0519055605091483,1.5213691042761583,-1.7063412461962233,0.0,25.10863602756524,27.15417936480624,-9.17065855198836,-14.395949210762582,104.03082471003084,378.89129422852295,1.274,1.0150000015428002,0.0,4.298886328077344,165.0000707061107,0.0739499186561402,2.8427318278379432e-05,-0.4069191867194282,-0.1455605552225512,0.0311459531970724,0.3798482412716924,20.06922843056549,25.163487695591957,2.516479626014601
7.88,31.2215735704428,131.01219557425927,197.1852226712004,0.129531809907384,0.3771729967650815,1.0858972483632816,1.509805964132626,-1.713773752720661,0.0,25.122388850128367,27.15198738146714,-9.417216909391383,-14.39219815691858,104.00769861058572,379.3079608584181,1.274,1.0150000015428002,0.0,4.29874164938083,165.0000707061107,0.0739903892886259,2.84744299276432e-05,-0.4068626297877475,-0.1450888388781833,0.0311588040157218,0.3987953320967661,20.08704960492911,25.181634618014964,2.5289735781236726
7.89,31.22157264152506,131.01219821461302,197.1434930178396,0.1093976956312392,0.4048878719783987,1.119950392964853,1.4974921470334035,-1.7208845192346816,0.0,25.136512119700534,27.14978812200208,-9.663675202686766,-14.388386089097557,103.98479680046468,379.7360863750477,1.274,1.0150000015428002,0.0,4.298593424525905,165.0000707061107,0.074031950104902,2.8521179196859188e-05,-0.4067837664600158,-0.1445855053591559,0.031170403259442,0.4194065396127363,20.10436765765132,25.200111228577192,2.541301859612593
7.9,31.221571712660246,131.01220085475435,197.1007880676392,0.089088054741386,0.4323269724101777,1.1540651643267823,1.4844326875056904,-1.72766623189701,0.0,25.15100516504292,27.147581385814924,-9.91001656064717,-14.384517445348624,103.96213352814884,380.1756696157036,1.274,1.0150000015428002,0.0,4.298441652992228,165.0000707061107,0.0740745991250032,2.856756887861074e-05,-0.406682355022055,-0.1440507802792342,0.0311807284038427,0.4414104008128116,20.121168154074628,25.218914282661224,2.5534755561949645
7.91,31.22157078385016,131.01220349468326,197.0571076742416,0.0686103012246403,0.4594740749905337,1.188241655419657,1.4706329718870343,-1.7341116424553205,0.0,25.165867300335425,27.14536697404097,-10.156224015411263,-14.380596833533131,103.93972294996338,380.6267094302369,1.274,1.0150000015428002,0.0,4.298286334284233,165.0000707061107,0.074118334325944,2.861360164968262e-05,-0.4065581593707752,-0.1434849057816844,0.0311897571419279,0.4645682921940141,20.137436829297567,25.2380405456811,2.565506335633344
7.92,31.22156985509657,131.0122061343998,197.01245169327245,0.0479720152448847,0.4863131220470365,1.222479879049795,1.4560987388928208,-1.7402135722707348,0.0,25.18109782530605,27.14314468969334,-10.402280507969444,-14.376629027823927,103.91757912368712,381.08920468040645,1.274,1.0150000015428002,0.0,4.29812746787745,165.0000707061107,0.0741631536421061,2.8659280067782464e-05,-0.4064109492040386,-0.1428881404943658,0.0311974673978702,0.4886734202495025,20.15315959551705,25.257486794672342,2.5774064229768143
7.93,31.22156892640125,131.01220877390378,196.9668199853191,0.0271809403340523,0.5128282303863169,1.256779764808241,1.4408360801518951,-1.7459649164010926,0.0,25.19669602532443,27.140914337810752,-10.648168893727847,-14.372618965011512,103.89571600212004,381.5631542381111,1.274,1.0150000015428002,0.0,4.297965053243276,165.0000707061107,0.0742090549655188,2.8704606568308583e-05,-0.4062405002108451,-0.1422607594787324,0.0312038373409438,0.5135480285905197,20.168322549195334,25.27724981981437,2.5891885749018764
7.94,31.221567997765927,131.0122114131952,196.92021240599416,0.0062449804635398,0.5390037003368617,1.2911411560951525,1.4248514406967918,-1.7513586477452363,0.0,25.21266117149991,27.138675725607296,-10.89387194814908,-14.368571740617076,103.87414742660616,382.04855698421903,1.274,1.0150000015428002,0.0,4.297799089869628,165.0000707061107,0.0742560361461409,2.8749583461050767e-05,-0.4060465942617385,-0.1416030541728233,0.0312088453997023,0.5390398757123172,20.182911978186343,25.29732642595081,2.6008660530774117
7.95,31.22156706919233,131.0122140522739,196.87262880990988,-0.0148278029891295,0.5648240248458481,1.3255638072260787,1.4081516193960744,-1.7563878212501318,0.0,25.228992520807065,27.136428662622645,-11.139372372468936,-14.364492604812712,103.85288712051144,382.54541180761294,1.274,1.0150000015428002,0.0,4.297629577227904,165.0000707061107,0.0743040949922349,2.87942129270852e-05,-0.405829019599358,-0.1409153323281317,0.0312124702763409,0.5650186153236969,20.19691436889912,25.31771343414528,2.6124525964830956
7.96,31.22156614068218,131.0122166911397,196.82406904869063,-0.0360291944124734,0.5902738984159402,1.3600473806260025,1.3907437693418294,-1.7610455781791725,0.0,25.245689316187693,27.134172960874007,-11.384652799487949,-14.360386958149087,103.83194868265512,383.05371760377886,1.274,1.0150000015428002,0.0,4.297456514793632,165.0000707061107,0.0743532292706653,2.8838497015541656e-05,-0.4055875710290766,-0.1401979179401361,0.0312146909612502,0.5913724140305129,20.2103164133266,25.338407683187857,2.6239623926297395
7.97,31.221565212237152,131.01221932979257,196.7745329779292,-0.0573508272456102,0.6153382260491935,1.3945914441163871,1.3726353981761028,-1.7653251504436922,0.0,25.26275078667076,27.13190843500936,-11.629695799436837,-14.356260347091132,103.8113455806932,383.57347327366256,1.274,1.0150000015428002,0.0,4.29727990203408,165.0000707061107,0.074403436707254,2.888243764057772e-05,-0.4053220501096236,-0.1394511511725092,0.031215486747765,0.6180049541596153,20.223105016077856,25.3594060311202,2.6354100476240396
7.98,31.221564283858925,131.01222196823213,196.72402045221992,-0.0787841873906641,0.6400021320880602,1.4291954683013912,1.3538343683605232,-1.769219864997208,0.0,25.280176147484006,27.12963490246104,-11.874483885914572,-14.352118459362222,103.79109114445372,384.10467772223456,1.274,1.0150000015428002,0.0,4.297099738416519,165.0000707061107,0.0744547149871103,2.8926036578217025e-05,-0.4050322653436183,-0.1386753882748295,0.0312148372470952,0.6448328613735418,20.23526730132756,25.38070535673552,2.646810555039425
7.99,31.22156335554912,131.01222460645823,196.6725313261492,-0.1003206167468884,0.6642509689994113,1.463858824058179,1.334348897381955,-1.7727231482930568,0.0,25.29796460017006,27.127352183601275,-12.118999521898488,-14.347967119097763,103.7711985592226,384.6473298572183,1.274,1.0150000015428002,0.0,4.296916023412344,165.0000707061107,0.0745070617549721,2.896929546343897e-05,-0.4047180323679211,-0.1378710014937366,0.0312127224034546,0.6717835403301491,20.24679061972167,25.402302561073636,2.6581792635583255
8.0,31.22156242730937,131.01222724447055,196.6200654523101,-0.1219513168638271,0.6880703261050356,1.498580780137238,1.314187557889196,-1.7758285308059278,0.0,25.31611533270757,27.12506010189744,-12.363225125824975,-14.343812281808876,103.75168085897954,385.20142858785056,1.274,1.0150000015428002,0.0,4.296728756492955,165.0000707061107,0.0745604746155633,2.9012215787093543e-05,-0.4043791741437124,-0.1370383789774162,0.0312091225093735,0.6987933760417462,20.25766255524608,25.42419456891202,2.669531843363522
8.01,31.22156149914128,131.01222988226883,196.56662268229496,-0.1436673527194836,0.7114460382317528,1.5333605008775546,1.2933592777583007,-1.7785296516170996,0.0,25.33462751963292,27.122758484068967,-12.607143077740252,-14.339660029157535,103.73255091958352,385.76697282380974,1.274,1.0150000015428002,0.0,4.29653793712975,165.0000707061107,0.0746149511339478,2.905479889300805e-05,-0.4040155211462078,-0.1361779246732884,0.0312040182212098,0.7258062501393505,20.267870932037365,25.446378330244404,2.680884251267887
8.02,31.22156057104641,131.01223251985272,196.51220287166595,-0.1654596566140455,0.734364194324233,1.5681970440428472,1.2718733400781714,-1.7808202630643848,0.0,25.35350032217321,27.120447160244463,-12.850735725519788,-14.335516563544056,103.71382145190805,386.3439614736641,1.274,1.0150000015428002,0.0,4.296343564773476,165.0000707061107,0.0746704888359337,2.9097045975130657e-05,-0.403626911553911,-0.1352900582188015,0.0311973905747866,0.7527723219672859,20.277403821174858,25.46885082176412,2.692252694582556
8.03,31.22155964302632,131.01223515722182,196.4568058759784,-0.1873190322062685,0.7568111458316265,1.6030893587829906,1.2497393830678385,-1.7826942354541586,0.0,25.372732888345336,27.11812596411936,-13.09398539115587,-14.331388202508355,103.69550499492478,386.93239344340736,1.274,1.0150000015428002,0.0,4.296145638907926,165.0000707061107,0.0747270852083513,2.9138958074629232e-05,-0.4032131914373129,-0.1343752148251758,0.0311892210012553,0.7796470288461559,20.28624954730073,25.491609048277603,2.7036535937422768
8.04,31.22155871508251,131.01223779437575,196.40043154680563,-0.2092361586400814,0.7787735152362198,1.6380362837260336,1.2269673998906938,-1.7841455618398856,0.0,25.392324353112087,27.11579473311375,-13.336874377111998,-14.327281372946972,103.67761390873778,387.532267635442,1.274,1.0150000015428002,0.0,4.2959441589879725,165.0000707061107,0.0747847376995268,2.9180536077145675e-05,-0.4027742149469079,-0.1334338451541564,0.031179491343096,0.8063902665715411,20.29439669537357,25.51465004419669,2.715103543703349
8.05,31.22155778721648,131.01224043131407,196.34307973969024,-0.231201594825059,0.8002382042578751,1.6730365452058755,1.2035677383970862,-1.7851683628620685,0.0,25.41227383848297,27.113453308531263,-13.579384972743362,-14.323202605146932,103.6601603675662,388.14358294692346,1.274,1.0150000015428002,0.0,4.295739124497408,165.0000707061107,0.0748434437195679,2.922178071004041e-05,-0.4023098445004584,-0.1324664151874034,0.0311681838703003,0.8329657166795604,20.301834117174405,25.53797087492426,2.7266192741687143
8.06,31.221556859429697,131.01224306803638,196.2847503091748,-0.2532057838093975,0.8211924021771417,1.7080887556299331,1.1795511007556658,-1.7857568916535105,0.0,25.432580453667285,27.11110153571707,-13.821499460782604,-14.319158526638788,103.64315635267788,388.7663382687909,1.274,1.0150000015428002,0.0,4.2955305348993695,165.0000707061107,0.0749032006408225,2.9262692539754512e-05,-0.401819950969361,-0.1314734060886797,0.0311552812967071,0.859340293609458,20.30855093793245,25.56156863831027,2.738217608681115
8.07,31.221555931723582,131.01224570454212,196.22544311277647,-0.2752390572949096,0.8416235938981349,1.743191411992105,1.1549285429971548,-1.785905538806395,0.0,25.45324329518976,27.10873926421659,-14.063200123889448,-14.315155855871112,103.6266136452737,389.4005324840709,1.274,1.0150000015428002,0.0,4.295318389669385,165.0000707061107,0.0749640057982176,2.930327196912464e-05,-0.4013044138640322,-0.1304553140584823,0.0311407667964799,0.8854836891347122,20.31453656276096,25.585440466029123,2.749915422665199
8.08,31.22155500409956,131.01224834083075,196.16515800303688,-0.2972916402605458,0.8615195680003669,1.7783428945345907,1.1297114744464094,-1.7856088374025167,0.0,25.47426144702924,27.10636634793409,-14.30446925126406,-14.311201395708224,103.61054381932368,390.0461644667446,1.274,1.0150000015428002,0.0,4.295102688282982,165.0000707061107,0.0750258564896661,2.9343519234861728e-05,-0.4007631215181745,-0.1294126501811945,0.0311246240207512,0.9113679961801436,20.31978068311088,25.60958352497785,2.7617296004945007
8.09,31.221554076558984,131.01225097690175,196.103894840442,-0.3193536557067621,0.8808684246680529,1.8135414655637687,1.103911657044692,-1.7848614681053867,0.0,25.49563398075476,27.10398264529061,-14.545289145322458,-14.307302026754224,103.59495823435628,390.7032330802258,1.274,1.0150000015428002,0.0,4.294883430211558,165.0000707061107,0.0750887499764736,2.9383434405039192e-05,-0.4001959712718133,-0.1283459402645433,0.0311068371143806,0.9369673972971994,20.324273283153,25.633995018652158,2.7736769916855235
8.1,31.2215531491032,131.0122536127545,196.041653484478,-0.3414151295246921,0.8996585834614926,1.8487852684235664,1.077541204560026,-1.78365826431287,0.0,25.517359955651187,27.10158801938177,-14.78564212843333,-14.303464700506067,103.57986802820253,391.37173717590514,1.274,1.0150000015428002,0.0,4.294660614943032,165.0000707061107,0.0751526834837037,2.9423017376655656e-05,-0.3996028696529816,-0.1272557246712721,0.0310873907328661,0.9622579059318376,20.32800464606192,25.658672188486754,2.7857743663326846
8.11,31.2215522217335,131.01225624838847,195.97843378965413,-0.3634659954731605,0.9178787910555648,1.884072326630298,1.0506125816691128,-1.7819942173707477,0.0,25.53943841886612,27.09918233813527,-15.025510549715696,-14.299696432338113,103.56528410969584,392.0516755920748,1.274,1.0150000015428002,0.0,4.294434241961189,165.0000707061107,0.0752176542006112,2.9462267873264667e-05,-0.3989837325579165,-0.1261425581429734,0.0310662700593882,0.987217151048659,20.33096536030705,25.68361231521161,2.7980383699081623
8.12,31.221551294451164,131.0122588838029,195.9142356194189,-0.3854961002771911,0.9355181288186484,1.9194005431734864,1.023138602914036,-1.7798644818450495,0.0,25.561868405548093,27.096765474467503,-15.264876791895883,-14.296004294322213,103.55121715133087,392.7430471522075,1.274,1.0150000015428002,0.0,4.294204310745688,165.0000707061107,0.075283659281057,2.950118544267341e-05,-0.3983384854296473,-0.1250070096158765,0.031043460821932,1.0118241972804742,20.33314632584865,25.70881272017408,2.810485477571643
8.13,31.22155036725744,131.01226151899715,195.84905883820807,-0.4074952088489247,0.952566020204015,1.9547676999852803,0.9951324315310156,-1.7772643808514204,0.0,25.58464893897013,27.094337306439087,-15.503723278223168,-14.292395407886184,103.5376775818824,393.44585066359167,1.274,1.0150000015428002,0.0,4.293970820805095,165.0000707061107,0.0753506958438613,2.953976945471376e-05,-0.3976670634348379,-0.1238496620285319,0.031018949310568,1.0360593943158485,20.334538760218223,25.73427076661661,2.8231319481444284
8.14,31.22154944015349,131.01226415397048,195.78290330349307,-0.4294530096052573,0.9690122381758682,1.9901714575819964,0.966607578125615,-1.7741894114423622,0.0,25.607779030694136,27.091897717410017,-15.74203247944318,-14.288876936314631,103.52467557898744,394.1600849164165,1.274,1.0150000015428002,0.0,4.293733771627325,165.0000707061107,0.0754187609732935,2.95780190990881e-05,-0.3969694116387336,-0.1226711121213556,0.0309927223948199,1.059904250658305,20.33513420466821,25.759983861000705,2.8359937779089206
8.15,31.22154851314054,131.01226678872223,195.7157688826784,-0.4513591199152183,0.9848469123575612,2.0256093548818326,0.9375778992121347,-1.7706352500480127,0.0,25.631257680700912,27.08944659619341,-15.97978692082808,-14.285456077096171,103.5122210616938,394.88574868179336,1.274,1.0150000015428002,0.0,4.293493162704427,165.0000707061107,0.0754878517194607,2.9615933383293013e-05,-0.3962454851780926,-0.1214719702277399,0.0309647675410844,1.0833413273442187,20.33492453013623,25.78594945425248,2.8490866544189952
8.16,31.221547586219657,131.01226942325147,195.64765544316103,-0.4732030916571271,1.0000605360509032,2.061078809200529,0.9080575956007004,-1.766597757969882,0.0,25.65508387752324,27.08698383720782,-16.216969189262077,-14.282140054121085,103.50032368297722,395.62284071022566,1.274,1.0150000015428002,0.0,4.293248993553223,165.0000707061107,0.0755579650986961,2.9653511130623777e-05,-0.3954952494319388,-0.1202528600567947,0.0309350728301657,1.1063541483807848,20.3339019431478,25.81216504299108,2.8624259105045513
8.17,31.221546659391965,131.01227205755757,195.57856284935,-0.4949744168787707,1.0146439731875991,2.0965771164275715,0.8780612106185838,-1.762072986925978,0.0,25.679256598397927,27.084509340628586,-16.4535619403821,-14.278936109734216,103.48899282223142,396.3713597308464,1.274,1.0150000015428002,0.0,4.293001263698801,165.0000707061107,0.0756290980939986,2.969075097826289e-05,-0.3947186801899861,-0.1190144184676073,0.0309036269749193,1.1289271252116733,20.332058991710607,25.83862817076519,2.8760264786637415
8.18,31.22154573265849,131.0122746916396,195.5084909716115,-0.5166625335621325,1.0285884651748416,2.132101451386664,0.8476036281600063,-1.7570571846452594,0.0,25.70377480942812,27.082023012536887,-16.689547905771633,-14.275851496647595,103.47823757773494,397.1313044498072,1.274,1.0150000015428002,0.0,4.292749972637335,165.0000707061107,0.0757012476555278,2.972765137545544e-05,-0.3939157638185902,-0.1177572952348301,0.0308704193378797,1.151045492890736,20.3293885711702,25.865336429283182,2.8899028460466716
8.19,31.221544806020265,131.01227732549668,195.43743968428035,-0.5382568315167157,1.0418856373790335,2.16764886838187,0.8167000705802157,-1.7515468005068586,0.0,25.72863746569654,27.07952476506789,-16.92490990020722,-14.27289346971822,103.46806675909777,397.9026735482981,1.274,1.0150000015428002,0.0,4.292495119906298,165.0000707061107,0.075774410700928,2.9764210581785298e-05,-0.3930864974240753,-0.1164821528054507,0.0308354399489691,1.1726952558979629,20.32588392981825,25.892287459537336,2.9040690102421367
8.2,31.22154387947824,131.012279959128,195.36540885770845,-0.5597466583560177,1.0545275056743146,2.2032163019303463,0.7853660963917543,-1.7455384912241825,0.0,25.753843511431626,27.07701451655624,-17.159630828956384,-14.270069277596024,103.4584888796938,398.6854656818167,1.274,1.0150000015428002,0.0,4.292236705043165,165.0000707061107,0.0758485841158165,2.980042666549319e-05,-0.3922308890132517,-0.1151896660468971,0.0307986795232781,1.1938631424154948,20.32153867460713,25.919478952991103,2.918538436066664
8.21,31.22154295303333,131.01228259253253,195.29239837019304,-0.5811209418335987,1.0665105308205167,2.238800563789079,0.7536171994818837,-1.7390291594950866,0.0,25.779392854909364,27.07449219167992,-17.39369369512545,-14.267386154247948,103.4495121490829,399.4797096881572,1.274,1.0150000015428002,0.0,4.291972654583144,165.0000707061107,0.075923767625008,2.9836297501985104e-05,-0.3913489576509816,-0.1138805219861186,0.0307601306418972,1.2145399364888294,20.316350115442173,25.946910263223646,2.9333239277910312
8.22,31.221542026686464,131.0122852257094,195.21840809505508,-0.6023691179232846,1.0778261119440364,2.2743983750812062,0.7214696046131531,-1.732015891173824,0.0,25.80528407940124,27.071957720341608,-17.627081607056493,-14.264851310364044,103.44114446542744,400.28539372002354,1.274,1.0150000015428002,0.0,4.291703683882881,165.0000707061107,0.0759999570509366,2.987182076913765e-05,-0.3904407340095801,-0.1125554146580924,0.0307197850621814,1.2347124682524675,20.31031142583771,25.974578623842536,2.9484377908023336
8.23,31.221541100438447,131.0122878586576,195.14343791852863,-0.623480693118866,1.0884649045133508,2.3100063338224994,0.6889400259085525,-1.7244959845387724,0.0,25.831515480063725,27.06941103990651,-17.85977778530194,-14.262471925537616,103.4333934108167,401.1024972348108,1.274,1.0150000015428002,0.0,4.291431103651207,165.0000707061107,0.0760771473674546,2.9906993952968164e-05,-0.3895062599601765,-0.1112150513908445,0.0306776349407083,1.2543672739308842,20.30341520271956,26.002480863526184,2.9638917021863826
8.24,31.221540174290084,131.01229049137615,195.06748772187228,-0.6444449085404244,1.098420545347022,2.3456209070109866,0.6560453360699169,-1.716466982644583,0.0,25.85808595908776,27.066852095153216,-18.091765570261703,-14.260255139194363,103.42626624270213,401.931018770845,1.274,1.0150000015428002,0.0,4.291154913461454,165.0000707061107,0.0761553353361529,2.9941814346409266e-05,-0.3885455886276923,-0.109860153926855,0.0306336739083366,1.273493640919549,20.29565654042183,26.03061488618448,2.979696599470344
8.25,31.22153924824213,131.012293123864,194.9905573883254,-0.6652509947522025,1.1076870887705477,2.381238448446304,0.622802729786523,-1.7079266648043927,0.0,25.884994408531263,27.064280837489168,-18.323028430012062,-14.25820804113966,103.41976988449991,402.7709568326388,1.274,1.0150000015428002,0.0,4.290875112870216,165.0000707061107,0.0762345176887289,2.9976279044456943e-05,-0.3875587847917409,-0.1084914550355246,0.030587896369847,1.2920814348702083,20.287030916164458,26.058978651125425,2.995862693939487
8.26,31.22153832229532,131.01229575612007,194.9126468050964,-0.6858881781010703,1.116259014782664,2.416855200504436,0.5892297200265522,-1.6988730524870976,0.0,25.91223971048735,27.06169722534624,-18.55354996788405,-14.256337662559163,103.41391091804591,403.62230989004377,1.274,1.0150000015428002,0.0,4.290591701455008,165.0000707061107,0.0763146911274811,3.001038494312264e-05,-0.386545925026538,-0.1071096982097124,0.0305402975216427,1.3101210852006766,20.277534197889977,26.08757017449956,3.0123994375970025
8.27,31.22153739645028,131.01229838814328,194.8337558673373,-0.706345687375223,1.1241312343037912,2.452467296212648,0.5553441342668369,-1.6893044152139147,0.0,25.939820737238783,27.05910122430789,-18.78331393008372,-14.254650966935568,103.40869557607506,404.4850763771359,1.274,1.0150000015428002,0.0,4.290304678810074,165.0000707061107,0.0763958523257596,3.0044128738585407e-05,-0.3855070978370595,-0.105715637349616,0.0304908733694072,1.3276035709949676,20.26716264931009,26.11638753027269,3.0293154926019814
8.28,31.221536470707644,131.01230101993255,194.75388446721232,-0.726612760547041,1.1312990942647771,2.4880707615171858,0.5211641104770169,-1.679219276469271,0.0,25.967736351421145,27.05649280723345,-19.012304213352287,-14.253154840889591,103.40412973473352,405.35925469083423,1.274,1.0150000015428002,0.0,4.290014044525472,165.0000707061107,0.0764779979284535,3.0077506926414423e-05,-0.3844424037909808,-0.1043100364371496,0.0304396207456538,1.344520409235902,20.255912934882225,26.14542885118253,3.0466187032236234
8.29,31.221535545068,131.01230365148675,194.6730324988665,-0.7466786516072192,1.1377583823974593,2.5236615177429846,0.4867080928618695,-1.6686164196199202,0.0,25.99598540616272,27.053871954378355,-19.2405048726644,-14.251856084953424,103.40021890613212,406.24484318939454,1.274,1.0150000015428002,0.0,4.289719798216368,165.0000707061107,0.0765611245523977,3.0110515800917868e-05,-0.3833519556462067,-0.1028936692007157,0.0303865373272019,1.360863644931688,20.243782124602607,26.17469232962564,3.0643160704501855
8.3,31.22153461953184,131.01230628280464,194.591199864389,-0.7665326374697843,1.1435053319336892,2.559235384244183,0.4519948273363081,-1.6574948938387053,0.0,26.02456674525246,27.051238653510865,-19.46790012896236,-14.250761404285532,103.39696823094872,407.1418401910189,1.274,1.0150000015428002,0.0,4.289421939493731,165.0000707061107,0.0766452287868765,3.014315145464261e-05,-0.3822358784737835,-0.101467318770429,0.0303316216525155,1.37662584303486,20.23076769878632,26.20417621855847,3.082413729369831
8.31,31.22153369409965,131.0123089138851,194.50838646685585,-0.7861640249660942,1.1485366259552428,2.5947880812438413,0.4170433567458601,-1.64585402002567,0.0,26.05347920327555,27.04859290002504,-19.69447437692474,-14.24987739933524,103.39438247108755,408.0502439724588,1.274,1.0150000015428002,0.0,4.28912046800619,165.0000707061107,0.0767303071940118,3.017540977797684e-05,-0.3810943097760041,-0.1000317773236028,0.0302748731389524,1.3918000817153915,20.216867552621373,26.233878832311547,3.1009169294267798
8.32,31.221532768771898,131.01231154472694,194.4245922123185,-0.8055621578976482,1.152849401715368,2.630315232861246,0.3818730157971027,-1.6336933967228044,0.0,26.08272160579396,27.04593469704928,-19.92021219276665,-14.249210556466414,103.3924660024052,408.9700527680925,1.274,1.0150000015428002,0.0,4.288815383385635,165.0000707061107,0.0768163563093023,3.02072864589373e-05,-0.3799273995994854,-0.0985878457206187,0.0302162920998463,1.4063799470410856,20.202080000762997,26.26379854744468,3.1198300176310214
8.33,31.22153184354891,131.01231417532884,194.3398170137782,-0.824716424173107,1.1564412545678897,2.665812370325343,0.3465034257191213,-1.621012906014265,0.0,26.112292769486533,27.043264055550537,-20.14509834206986,-14.248767238549988,103.39122280751128,409.9012647678596,1.274,1.0150000015428002,0.0,4.28850668528069,165.0000707061107,0.0769033726420421,3.023877698307232e-05,-0.3787353106430286,-0.0971363331309118,0.0301558797613852,1.4203595286081836,20.18640378166597,26.293933803500533,3.139156424786685
8.34,31.221530918431032,131.01231680568964,194.25406077926,-0.8436162630106219,1.159310241695467,2.701274935370124,0.3109544886340723,-1.6078127194064915,0.0,26.14219150229573,27.04058099443432,-20.369117787639887,-14.248553675534907,103.39065646865453,410.8438781162876,1.274,1.0150000015428002,0.0,4.288194373377627,165.0000707061107,0.0769913526757384,3.026987663348949e-05,-0.3775182183600347,-0.0956780566492474,0.030093638279376,1.4337334161281226,20.16983806181358,26.32428310373382,3.158898654776035
8.35,31.22152999341856,131.012319435808,194.16732343268447,-0.8622511721909019,1.161454885768018,2.73669828381092,0.2752463816145254,-1.5940933036826457,0.0,26.172416603613208,27.0378855406396,-20.59225569738792,-14.248575955007691,103.39077016070256,411.7978909112695,1.274,1.0150000015428002,0.0,4.287878447337619,165.0000707061107,0.0770802928686762,3.030058049105416e-05,-0.3762763110552633,-0.0942138409022315,0.0300295707557365,1.4464966969384598,20.152382439951,26.354845015868847,3.1790582769196565
8.36,31.221529068511703,131.01232206568267,194.0796048870324,-0.8806107153903145,1.1628741780970886,2.772077689297438,0.2393995504566668,-1.579855426721681,0.0,26.202966864402047,27.035177729229066,-20.814497452234527,-14.248840012751282,103.39156664422728,412.76330120227794,1.274,1.0150000015428002,0.0,4.287558906872033,165.0000707061107,0.0771701896542654,3.033088343476683e-05,-0.3750097899757295,-0.0927445176448396,0.0299636812547929,1.4586449540011697,20.134036950962813,26.385618172715105,3.1996359214137824
8.37,31.22152814371065,131.01232469531232,193.9909050751548,-0.8986845295506504,1.1635675818082696,2.807408347239892,0.2034347031179608,-1.5651001632776116,0.0,26.233841067381142,27.032457603474185,-21.035828654032287,-14.249351623313688,103.39304825870508,413.7401069895496,1.274,1.0150000015428002,0.0,4.287235751683878,165.0000707061107,0.0772610394415918,3.036078014224623e-05,-0.3737188693954986,-0.0912709253472801,0.0298959748193243,1.470174264684896,20.114802069826624,26.416601272848386,3.2206312778206265
8.38,31.221527219015528,131.01232732469555,193.9012239219456,-0.91646233231313,1.1635350345879742,2.842685378904969,0.1673728028463579,-1.5498289007090016,0.0,26.26503798716712,27.029725214934665,-21.25623513350434,-14.25011639059774,103.3952169158432,414.72830622252553,1.274,1.0150000015428002,0.0,4.2869089815012495,165.0000707061107,0.0773528386158309,3.0390265090419903e-05,-0.3724037766941743,-0.089793908771872,0.02982645748633,1.481081199918489,20.094678715273403,26.44779308118313,3.242043096574382
8.39,31.22152629442641,131.01232995383114,193.81056136024247,-0.9339339294931016,1.1627769512834312,2.8779038356767623,0.1312350609709558,-1.5340433446522528,0.0,26.29655639044231,27.02698062353297,-21.475702958195704,-14.251139738483312,103.3980740930436,415.7278967987024,1.274,1.0150000015428002,0.0,4.286578596056439,165.0000707061107,0.077445583538747,3.0419332556348807e-05,-0.371064752428842,-0.088314318540162,0.0297551363025018,1.491362823845014,20.07366825338481,26.47919242954836,3.263869193442492
8.4,31.221525369943336,131.0123325827176,193.71891732685168,-0.9510892226021668,1.1612942261725772,2.913058703478373,0.0950429293607493,-1.5177455246293947,0.0,26.328395036104737,27.024223897622427,-21.694218440433595,-14.252426901493616,103.4016208270155,416.7388765621162,1.274,1.0150000015428002,0.0,4.286244595102642,165.0000707061107,0.0775392705491355,3.0447976618220144e-05,-0.3697020503992484,-0.0868330106901669,0.0296820193393705,1.5010166937852631,20.051772500973826,26.510798217194328,3.2861064568673255
8.41,31.221524445566256,131.0123352113536,193.6262917655297,-0.9679182164083387,1.1590882350047564,2.948144907348497,0.0588180925357924,-1.5009377995820554,0.0,26.3605526754268,27.02145511405014,-21.911768145293497,-14.25398291551756,103.40585770754892,417.7612433022799,1.274,1.0150000015428002,0.0,4.285906978413975,165.0000707061107,0.0776338959632869,3.047619115653374e-05,-0.3683159377059812,-0.0853508462238575,0.0296071157081334,1.510040860524081,20.028993728830823,26.5426094112724,3.308750858095642
8.42,31.221523521295108,131.0123378397377,193.53268462101985,-0.9844110265265628,1.1561608368047156,2.9831573161686595,0.0225824594225614,-1.4836228633231971,0.0,26.393028052221307,27.01867435821312,-22.128338898566945,-14.255812608600532,103.41078487146032,418.79499475296086,1.274,1.0150000015428002,0.0,4.2855657457687375,165.0000707061107,0.0777294560754812,3.0503969855469155e-05,-0.3669066948014195,-0.0838686906448759,0.0295304355740945,1.5184338688670769,20.005334664826808,26.57462504728576,3.3317974639913954
8.43,31.221522597129745,131.0123404678686,193.4380958430281,-1.000557887045184,1.1525143753329568,3.018090747534325,-0.0136418452443569,-1.4658037498964067,0.0,26.425819902990625,27.015881724108542,-22.34391779472684,-14.25792059181592,103.416401996724,419.84012859084686,1.274,1.0150000015428002,0.0,4.2852208969703245,165.0000707061107,0.0778259471584236,3.053130620439072e-05,-0.3654746155332256,-0.0823874134864945,0.0294519901707233,1.5261947583444295,19.980798496782537,26.60684422946973,3.355240452412366
8.44,31.22152167307,131.01234309574463,193.3425253872172,-1.01634915817191,1.1481516803403036,3.052939972764403,-0.0498324898931868,-1.447483838834064,0.0,26.45892695709324,27.01307731437736,-22.55849220488657,-14.26031125023028,103.42270829680072,420.8966424344071,1.274,1.0150000015428002,0.0,4.2848724318305,165.0000707061107,0.0779233654637398,3.055819349956159e-05,-0.3640200071801368,-0.0809078878299598,0.0293717918132906,1.5333230641306097,19.95538887521656,26.63926613115777,3.379073130022117
8.45,31.22152074911561,131.0123457233646,193.2459732122232,-1.0317753339032616,1.1430760684754917,3.087699722042539,-0.0859669454537463,-1.4286668603039543,0.0,26.492347936894888,27.010261240341045,-22.772049784747743,-14.26298873397494,103.42970251517724,421.9645338424689,1.274,1.0150000015428002,0.0,4.284520350186125,165.0000707061107,0.0780217072224215,3.058462484606493e-05,-0.3625431904798274,-0.0794309898132002,0.029289853912058,1.539818818033175,19.92910991585105,26.671889995078114,3.4032879523988235
8.46,31.22151982526631,131.0123483507269,193.14843928363325,-1.0468270497081915,1.1372913439384116,3.1223646896826738,-0.1220224950783642,-1.4093569001343795,0.0,26.52608155792789,27.00743362203193,-22.98457848253241,-14.26595694943747,103.43738292012937,423.04380031338286,1.274,1.0150000015428002,0.0,4.284164651899159,165.0000707061107,0.0781209686452893,3.061059315988854e-05,-0.361044499648602,-0.077957598130056,0.0292061909850292,1.5456825495993132,19.901966201950376,26.7047151336191,3.4278765462949097
8.47,31.221518901521737,131.01235097783012,193.04992357100343,-1.0614950902168672,1.1308017988960744,3.1569295395130257,-0.1579762442542315,-1.389558404707718,0.0,26.560126529063368,27.00459458821575,-23.196066546894567,-14.269219550586069,103.44574729972172,424.13443928394287,1.274,1.0150000015428002,0.0,4.283805336827378,165.0000707061107,0.0782211459235083,3.063609117020214e-05,-0.3595242823926807,-0.0764885935200787,0.0291208186701715,1.5509152873157137,19.87396278650372,26.737740929070696,3.4528297338983363
8.48,31.221517977881508,131.0123536046727,192.95042604586985,-1.075770396922114,1.1236122134819464,3.191388910369904,-0.1938051312971617,-1.3692761857107287,0.0,26.59448155265526,27.00174427640765,-23.406502534805863,-14.272779930440985,103.4547929570587,425.236448127972,1.274,1.0150000015428002,0.0,4.28344240485784,165.0000707061107,0.0783222352290089,3.066111142182546e-05,-0.3579828999108463,-0.0750248582489355,0.0290337537371221,1.555518559753284,19.84510519409817,26.770966833772835,3.478137558939214
8.49,31.221517054345163,131.0123562312533,192.8499466897006,-1.0896440758731816,1.1157278555892407,3.2257374216940287,-0.2294859382499447,-1.3485154247317086,0.0,26.62914532470704,26.99888283288004,-23.61587531940992,-14.276641212705943,103.46451670579845,426.34982415518687,1.274,1.0150000015428002,0.0,4.283075855890151,165.0000707061107,0.0784242327149844,3.0685646277920904e-05,-0.3564207268882069,-0.0735672755796842,0.0289450140983358,1.5594943967862305,19.81539942265529,26.804392370254536,3.5037893144866796
8.5,31.221516130912203,131.0123588575703,192.7484854859451,-1.10310740536844,1.1071544802781732,3.259969679220451,-0.2649953021759564,-1.327281677692162,0.0,26.66411653501951,26.996010412663423,-23.82417409783984,-14.280806243574183,103.4749148659456,427.47456461028105,1.274,1.0150000015428002,0.0,4.282705689861567,165.0000707061107,0.0785271345163157,3.070968792287212e-05,-0.3548381514808458,-0.0721167292349251,0.0288546188196874,1.5628453307350698,19.78485194487633,26.838017131293928,3.529773572277595
8.51,31.22151520758205,131.0123614836222,192.64604242500167,-1.116151843628384,1.0978983290077196,3.294080280754675,-0.3003097268717876,-1.3055808791027304,0.0,26.69939386737078,26.993127179538764,-24.03138839899296,-14.285277583722731,103.48598325993504,428.61066667193904,1.274,1.0150000015428002,0.0,4.282331906700973,165.0000707061107,0.078630936750115,3.073322836534591e-05,-0.3532355752911126,-0.0706741028500735,0.0287625881304242,1.5655743975614125,19.753469709568456,26.87184077998325,3.556078213424062
8.52,31.22151428435413,131.01236410940754,192.54261750024463,-1.128769036460928,1.0879661283602111,3.32806382202518,-0.3354055949743365,-1.2834193461300605,0.0,26.73497599965087,26.990233306022624,-24.237508091256384,-14.290057500508816,103.49771720902176,429.7581274516904,1.274,1.0150000015428002,0.0,4.281954506383276,165.0000707061107,0.0787356355161086,3.075625944160758e-05,-0.3516134133333336,-0.0692402794177349,0.0286689434325197,1.5676851378733268,19.72126014257061,26.90586304966921,3.5826904603431555
8.53,31.22151336122776,131.0123667349248,192.43821071299192,-1.1409508248927671,1.077365088662174,3.36191490260396,-0.3702591805014516,-1.2608037824641642,0.0,26.770861604047017,26.987328973343374,-24.442523390177108,-14.295147960383211,103.51011152999024,430.9169439930065,1.274,1.0150000015428002,0.0,4.281573488870823,165.0000707061107,0.0788412268971994,3.0778772819019e-05,-0.3499720939896932,-0.0678161407235977,0.0285737073093193,1.5691815979929165,19.68823114761142,26.940083743928103,3.609596909763214
8.54,31.221512438202208,131.0123693601724,192.33282206952327,-1.1526892527811858,1.0661029020403885,3.395628131885335,-0.4048466617897561,-1.2377412819726648,0.0,26.807049347172622,26.984414371409542,-24.646424866070216,-14.300550621534,103.52316053219748,432.08711327003033,1.274,1.0150000015428002,0.0,4.281188854180349,165.0000707061107,0.0789477069598334,3.0800759999722006e-05,-0.3483120589560682,-0.0664025667737514,0.0284769035335261,1.5700683307648398,19.654391106708623,26.97450273639605,3.6367835666578694
8.55,31.221511515276728,131.0123719851489,192.22645157809933,-1.1639762878748547,1.0541958960309827,3.429198129158314,-0.4391450040098401,-1.2142393452652631,0.0,26.843539813880145,26.98148969876941,-24.84920345155769,-14.306266826775552,103.536858014964,433.2686942837664,1.274,1.0150000015428002,0.0,4.280796322339177,165.0000707061107,0.0790550774196987,3.08222123245814e-05,-0.3466337631775736,-0.065000435213938,0.0283785591080767,1.570355658269243,19.61975572608633,27.00912317513805,3.664235981914906
8.56,31.22151059245048,131.01237460985269,192.11909925691327,-1.1748046662789329,1.0416460099834983,3.4626195927535472,-0.4731298303376061,-1.190305846763102,0.0,26.880330081397915,26.978555159294263,-25.050850449031024,-14.31229759669648,103.55119726532632,434.461633090696,1.274,1.0150000015428002,0.0,4.280399391299245,165.0000707061107,0.0791633296623664,3.084312097069618e-05,-0.3449376749198657,-0.063610610090992,0.0282786985266997,1.5700446967743986,19.584328719067774,27.043942440877142,3.6919390961003757
8.57,31.221509669722607,131.01237723428227,192.0107651271325,-1.1851671371885226,1.0284609625736651,3.495887206824473,-0.5067770220676138,-1.1659490677511144,0.0,26.91741846954188,26.97561096910633,-25.251357536602235,-14.31864362586905,103.56617106272536,435.6659157835785,1.274,1.0150000015428002,0.0,4.279998796469898,165.0000707061107,0.0792724587328476,3.086347697338449e-05,-0.3432242753774393,-0.0622339606150459,0.0281773488172653,1.5691406020749847,19.54811872464904,27.078960064562057,3.719877355710054
8.58,31.221508747092177,131.01237985843613,191.901449216874,-1.1950566311419168,1.0146503423572448,3.528995680729082,-0.5400625172074413,-1.1411776936447342,0.0,26.954803624170665,26.972657352474616,-25.450716776533625,-14.325305274360089,103.58177167219776,436.8815390516039,1.274,1.0150000015428002,0.0,4.279594537931644,165.0000707061107,0.0793824606363307,3.088327122186359e-05,-0.3414940587083309,-0.0608713536762783,0.0280745385705767,1.5676499504408987,19.511136032022787,27.11417619684789,3.7480347604537063
8.59,31.2215078245582,131.01238248231272,191.79115156319344,-1.2044663188787368,1.0002242040047282,3.561939764034748,-0.5729622288517077,-1.1160008146634257,0.0,26.99248418635206,26.969694541873714,-25.648920622668303,-14.332282561272308,103.59799084217588,438.10849950997056,1.274,1.0150000015428002,0.0,4.279186615803119,165.0000707061107,0.0794933313638551,3.090249446196137e-05,-0.3397475319545107,-0.0595236514106245,0.0279702975951444,1.565579825940387,19.47339140546085,27.14959105680526,3.7763948968072794
8.6,31.22150690211966,131.0123851059105,191.67987220313907,-1.213389618608381,0.985193066143748,3.594714252588933,-0.6054520607887707,-1.0904279279475393,0.0,27.03045879255969,26.96672277808451,-25.845961927510785,-14.339575159069035,103.61481980382185,439.34679369968126,1.274,1.0150000015428002,0.0,4.278775030194488,165.0000707061107,0.0796050668929045,3.092113730110604e-05,-0.337985214922685,-0.058191710583559,0.0278646569203479,1.5629378214807148,19.434896084744334,27.18520493178571,3.8049409748020198
8.61,31.221505979775475,131.01238772922807,191.5676111797152,-1.22182020323799,0.9695679070573904,3.6273139946235577,-0.6375079234069063,-1.0644689393686406,0.0,27.068726074804683,26.9637423100996,-26.0418339491912,-14.347182388227148,103.63224927079092,440.59641808652026,1.274,1.0150000015428002,0.0,4.27835978126676,165.0000707061107,0.0797176631877833,3.093919021354509e-05,-0.3362076400535495,-0.0568763819650101,0.0277576487987054,1.5597320384542337,19.39566178353757,27.221018176885185,3.833655864951769
8.62,31.221505057524503,131.01239035226376,191.45436854983404,-1.229752007512511,0.9533601602404989,3.659733896834352,-0.6691057500427205,-1.0381341650239386,0.0,27.107284660815605,26.960753395019044,-26.23653035830484,-14.355103212232889,103.65026943943742,441.8573690607749,1.274,1.0150000015428002,0.0,4.277940869180946,165.0000707061107,0.0798311162001533,3.095664354580876e-05,-0.3344153522792459,-0.0555785096980227,0.0276493067071983,1.5559710862710334,19.355700687612924,27.257031214433557,3.862522135207581
8.63,31.22150413536558,131.01239297501613,191.3401443664248,-1.2371792350720243,0.9365817094545412,3.691968930424815,-0.7002215137392888,-1.0114343324012984,0.0,27.14613317418504,26.95775629793693,-26.430045244617567,-14.363336232933444,103.6688699894768,443.1296429359596,1.274,1.0150000015428002,0.0,4.277518294123476,165.0000707061107,0.0799454218694708,3.097348752235733e-05,-0.3326089088688365,-0.0542989306612216,0.0275396653475947,1.5516640815397909,19.315025452615966,27.29324453337184,3.8915220878578545
8.64,31.221503213297467,131.01239559748365,191.22493869334247,-1.2440963654136548,0.9192448834327032,3.7240141371021664,-0.7308312444223015,-0.9843805812008,0.0,27.185270234517223,26.95475129181813,-26.622373123627813,-14.3718796862574,103.68804008511589,444.41323594854,1.274,1.0150000015428002,0.0,4.277092056327388,165.0000707061107,0.0800605761234079,3.0989712251478314e-05,-0.3307888792616023,-0.0530384738256133,0.0274287606458312,1.5468206469717742,19.273649201491693,27.329658688575464,3.9206377963037937
8.65,31.22150229131888,131.01239821966485,191.1087516023861,-1.250498160747601,0.9013624503748728,3.7558646350152847,-0.7609110465058032,-0.9569844638004376,0.0,27.22469445761124,26.951738657364608,-26.813508942976,-14.380731438317136,103.70776837666364,445.7081442576026,1.274,1.0150000015428002,0.0,4.276662156013014,165.0000707061107,0.0801765748784046,3.1005307731390404e-05,-0.3289558448879796,-0.0517979596060748,0.0273166297503207,1.541450910063938,19.231585521683417,27.36627430017979,3.9498511416518554
8.66,31.221501369428484,131.0124008415582,190.99158316733536,-1.256379672750389,0.8829476118709862,3.787515624623116,-0.7904371168900483,-0.929257945351806,0.0,27.264404455595287,26.948718682872688,-27.00344808869143,-14.389888981905177,103.7280430026343,447.0143639435082,1.274,1.0150000015428002,0.0,4.2762285934388125,165.0000707061107,0.0802934140400661,3.102026385656728e-05,-0.3271103989779669,-0.0505781992077132,0.027203311029183,1.5355655013271552,19.188848461790663,27.403092052766777,3.979143849061145
8.67,31.221500447624926,131.0124034631623,190.8734334719024,-1.2617362491992807,0.8640139965471322,3.8189623944809528,-0.8193857633702791,-0.9012134034924306,0.0,27.30439883708124,26.94569166407975,-27.19218639126696,-14.399349433397072,103.74885159235376,448.33189100788655,1.274,1.0150000015428002,0.0,4.275791368905621,165.0000707061107,0.0804110895036061,3.1034570424295866e-05,-0.3252531463568304,-0.0493799939677686,0.0270888440664425,1.529175552205097,19.14545252792716,27.44011269452808,4.008497523799659
8.68,31.221499525906754,131.01240608447563,190.7543026017788,-1.266563540481114,0.8445756534471076,3.850200326934615,-0.8477334234549545,-0.8728636276620177,0.0,27.344676207342943,26.94265790400057,-27.379720131550965,-14.409109530072,103.77018126908064,449.6607213734371,1.274,1.0150000015428002,0.0,4.275350482705794,165.0000707061107,0.0805295971543818,3.104821714141256e-05,-0.3233847032279474,-0.0482041346933595,0.0269732696570658,1.5222926926596012,19.101412679783003,27.47733703641001,4.037893686969157
8.69,31.22149860427252,131.0124087054967,190.63419065457697,-1.270857505975337,0.8246470448774676,3.881224903711076,-0.8754566835609701,-0.8442218180090121,0.0,27.38523516845556,26.93961771275438,-27.56604604644705,-14.419165627862796,103.79201865365152,451.0008508827944,1.274,1.0150000015428002,0.0,4.274905935161352,165.0000707061107,0.0806489328683075,3.10611936313053e-05,-0.3215056969426436,-0.0470514009953673,0.0268566298008271,1.5149290482349045,19.05674432615125,27.51476595113488,4.067313810856136
8.7,31.22149768272069,131.01241132622417,190.5130977259138,-1.2746144202962928,0.8042430389298058,3.912031711393333,-0.9025322985948546,-0.8153015838745143,0.0,27.426074319445064,26.93657140738067,-27.751161334409986,-14.429513699545971,103.81434986866132,452.35227529836993,1.274,1.0150000015428002,0.0,4.274457726636681,165.0000707061107,0.0807690925122869,3.107348944110328e-05,-0.31961676575688,-0.045922560619137,0.0267389676950393,1.5070972366918387,19.011463320093213,27.552400372181477,4.096739353879162
8.71,31.221496761249725,131.0124139466565,190.391023928296,-1.2778308793901207,0.7833789017272477,3.9426164467690303,-0.9289372119180492,-0.7861169418408311,0.0,27.46719225646032,26.933519311645384,-27.9350636607284,-14.44014933338194,103.83716054318654,453.71499030219593,1.274,1.0150000015428002,0.0,4.274005857500413,165.0000707061107,0.0808900719447269,3.1085094049068465e-05,-0.3177185585746604,-0.0448183687723986,0.0266203277260516,1.4988103641880963,18.965585953773232,27.59024129274428,4.126151795107508
8.72,31.221495839858,131.01241656679238,190.2679693692524,-1.280503806479932,0.7620702891706179,3.9729749220421,-0.9546485756657624,-0.7566823133319482,0.0,27.50858757291481,26.9304617558366,-28.117751162582348,-14.451067732215522,103.8604358180612,455.0889914953768,1.274,1.0150000015428002,0.0,4.273550328155066,165.0000707061107,0.0810118670159521,3.109599687221971e-05,-0.3158117346780406,-0.0437395674507716,0.0265007554595122,1.490082020848596,18.91912895276427,27.62828976458337,4.1555326683236995
8.73,31.22149491854388,131.01241918663035,190.14393417519057,-1.2826304578497505,0.7403332383995181,4.003103069896024,-0.9796437714272012,-0.7270125217535383,0.0,27.550258859648373,26.927399076549698,-28.29922245386595,-14.462263713045612,103.8841603517126,456.4742743978503,1.274,1.0150000015428002,0.0,4.2730911390201145,165.0000707061107,0.0811344735686853,3.1106187274148246e-05,-0.3138969634436301,-0.0426868847615273,0.0263802976293628,1.4809262757832369,18.87210946999848,27.666546896848985,4.184863595613783
8.74,31.221493997305664,131.0124218061691,190.01891846654624,-1.2842084284607675,0.7181841588163433,4.032996948398305,-1.00390043126233,-0.6971227891602892,0.0,27.5922047050739,26.924331616462425,-28.47947662976312,-14.4737317070727,103.90831832656416,457.8708344482598,1.274,1.0150000015428002,0.0,4.272628290548925,165.0000707061107,0.0812578874384731,3.111565457305215e-05,-0.3119749240454912,-0.0416610342460189,0.0262590021255591,1.4713576714297123,18.824545079225487,27.705013854821885,4.214126320466123
8.75,31.22149307614163,131.01242442540715,189.8929223746816,-1.285235657391924,0.6956398228247093,4.062652745735754,-1.0273964590565408,-0.6670287324388048,0.0,27.63442369534389,26.92125972409944,-28.65851327106575,-14.485465760232415,103.9328934560123,459.278667003749,1.274,1.0150000015428002,0.0,4.272161783199104,165.0000707061107,0.0813821044541863,3.112438804994232e-05,-0.3100463051443496,-0.0406627142014034,0.0261369179804463,1.461391217224422,18.77645376809736,27.743691858628235,4.243302740368061
8.76,31.221492155050004,131.01242704434335,189.76594604486607,-1.2857104330968747,0.6727173560677407,4.092066784770856,-1.0501100521792963,-0.6367463589946116,0.0,27.676914414486983,26.91818375358632,-28.83633244822341,-14.497459534221964,103.95786899198224,460.6977673394041,1.274,1.0150000015428002,0.0,4.271691617470623,165.0000707061107,0.0815071204384192,3.113237695708158e-05,-0.3081118045630468,-0.0396926070021006,0.0260140953537971,1.4510423824475716,18.72785393069065,27.782582181845264,4.2723749388842025
8.77,31.22149123402898,131.01242966297627,189.6379896183875,-1.2856313984706131,0.6494342273904459,4.121235527407844,-1.072019723451929,-0.6062920619316585,0.0,27.719675444566352,26.91510406439351,-29.01293472511264,-14.509706308026605,103.98322773306812,462.128130648902,1.274,1.0150000015428002,0.0,4.271217793893122,165.0000707061107,0.0816329312079456,3.113961052658978e-05,-0.3061721289481773,-0.0387513784217369,0.0258905855165261,1.440327088263601,18.678764359645832,27.821686150084886,4.301325217209215
8.78,31.221490313076703,131.01243228130463,189.50905324248777,-1.284997555716398,0.625808238493308,4.150155578761257,-1.093104323408838,-0.575682614714293,0.0,27.762705365852323,26.912021021069872,-29.18832116251524,-14.52219897995163,104.00895203326168,463.5697520439717,1.274,1.0150000015428002,0.0,4.270740312979286,165.0000707061107,0.0817595325742512,3.114607797923967e-05,-0.3042279934178619,-0.0378396769560378,0.0257664408329278,1.4292616988682263,18.629204237888857,27.861005139542485,4.330136125188511
8.79,31.22148939219128,131.0124348993272,189.3791370842821,-1.2838082710068344,0.6018575129477391,4.17882369111634,-1.1133430628012082,-0.5449351653008986,0.0,27.806002756932184,26.90893499296593,-29.362493321294085,-14.534930070165244,104.03502381127149,465.022626554094,1.274,1.0150000015428002,0.0,4.270259175322308,165.0000707061107,0.081886920343835,3.115176853344899e-05,-0.3022801211956325,-0.036958133147197,0.0256417147415696,1.417863011502941,18.57919312964385,27.900540575382003,4.358790491788322
8.8,31.221488471370805,131.0124375170427,189.24824129994488,-1.2820633069196143,0.5776096529770413,4.207236747176889,-1.132716578481634,-0.5140672049069926,0.0,27.849568328844565,26.905846353946604,-29.53545326525477,-14.547891723756642,104.06142456043683,466.4868206154636,1.274,1.0150000015428002,0.0,4.269769440735933,165.0000707061107,0.0820150966031016,3.1156671414440285e-05,-0.3003292432304144,-0.0361073589107181,0.0255164636899059,1.406152036266055,18.52875881197505,27.940297504141093,4.387271701766782
8.81,31.221487550613315,131.01244013444992,189.11636606452723,-1.2797627794957247,0.5530767074909754,4.235391871350146,-1.1512044955748713,-0.4830966158810325,0.0,27.89339910603261,26.902755477583806,-29.70720356368265,-14.561075714312844,104.0881353592358,467.96227738313206,1.274,1.0150000015428002,0.0,4.269274681698051,165.0000707061107,0.0821440525816387,3.11607758561498e-05,-0.2983760974843366,-0.0352879340852673,0.0253907417246364,1.3941433728195147,18.477915876350743,27.980274842885414,4.415563206976703
8.82,31.22148662991682,131.01244275154772,188.98351155307367,-1.2769071684063835,0.52827523626641,4.263286298224002,-1.1687870711595447,-0.4520416316188209,0.0,27.93749309113394,26.89966274606624,-29.87774729152453,-14.574473452051285,104.11513689050886,469.4489725174372,1.274,1.0150000015428002,0.0,4.268776220525623,165.0000707061107,0.0822737823897538,3.116407113009924e-05,-0.2964214290339143,-0.0345004277915789,0.0252646048392789,1.3818539853857328,18.42668286937674,28.020473195484755,4.443648828952489
8.83,31.22148570927932,131.01244536833488,188.84967794757955,-1.2734973376384024,0.503224528306766,4.29091740348831,-1.1854451923044065,-0.4209208272435979,0.0,27.981848857533457,26.896568545307304,-30.04708803267392,-14.588075985615752,104.14240944733292,470.9469007230936,1.274,1.0150000015428002,0.0,4.268274057901047,165.0000707061107,0.0824042818185432,3.116654654688801e-05,-0.294465989538385,-0.0337453919462429,0.0251381105446949,1.3693022645243045,18.37508077579603,28.060894165329906,4.471512810036881
8.84,31.22148478869875,131.0124479848103,188.71486543897737,-1.2695345349886311,0.4779441322513243,4.318282726385638,-1.2011602217544777,-0.3897531147857717,0.0,28.026464977682927,26.893473264088303,-30.21522988200274,-14.601874006158935,104.16993294314882,472.45605662249926,1.274,1.0150000015428002,0.0,4.26776819450243,165.0000707061107,0.0825355466563409,3.1168191462260445e-05,-0.2925105367239168,-0.0330233571902679,0.0250113173084158,1.3565069643971612,18.323130907305195,28.10153939574894,4.499139814876957
8.85,31.221483868173024,131.01245060097295,188.57907422515063,-1.2650203953848744,0.452453846196936,4.345379972189744,-1.2159140218488331,-0.358557733962432,0.0,28.07134002327004,26.890377294122064,-30.38217744648908,-14.61585785301102,104.19768692463826,473.9764347569471,1.274,1.0150000015428002,0.0,4.2672586310508,165.0000707061107,0.082667572689212,3.116899528707109e-05,-0.2905558339345461,-0.03233483224099,0.0248842845266492,1.3434871857438488,18.270854893479257,28.1424105685746,4.526514957428134
8.86,31.221482947700046,131.01245321682163,188.4423045039761,-1.2599569438844145,0.4267737044232188,4.372207014495182,-1.229688978368312,-0.3273542423679068,0.0,28.11647256537624,26.8872810297064,-30.54793584596585,-14.630017519871576,104.22565058518563,475.50802958728434,1.274,1.0150000015428002,0.0,4.266745368288638,165.0000707061107,0.0828003557014181,3.1168947497382084e-05,-0.2886026496693789,-0.0316803032464557,0.0247570724947123,1.330262355795293,18.218274669445293,28.183509402213616,4.553623827361856
8.87,31.22148202727769,131.01245583235536,188.30455648624405,-1.2543465984022166,0.4009239637355134,4.398761897243654,-1.2424680244806343,-0.2961625050729323,0.0,28.161861174624725,26.88418486736793,-30.7125107134794,-14.644342661523591,104.25380277892152,477.0508354943005,1.274,1.0150000015428002,0.0,4.266228406979891,165.0000707061107,0.0829338914758536,3.116803764469422e-05,-0.2866517571062446,-0.0310602331468114,0.0246297423758996,1.3168522061561196,18.165412463000106,28.22483764964553,4.580452515844965
8.88,31.221481106903788,131.01245844757318,188.1658303847248,-1.2481921721647435,0.3749250894691493,4.425042836481976,-1.2542346647602811,-0.2650026836272895,0.0,28.20750442132781,26.88108920549727,-30.8759081952482,-14.658822601067776,104.28212203534302,478.6048467791236,1.274,1.0150000015428002,0.0,4.265707747909958,165.0000707061107,0.0830681757944812,3.1166255366310535e-05,-0.2847039336119302,-0.0304750610434998,0.0245023561687829,1.3032767484798429,18.11229078120129,28.26639709636728,4.60698764067329
8.89,31.221480186576176,131.01246106247407,188.026126422123,-1.241496875878935,0.3487977411506749,4.451048221848212,-1.2649729992556629,-0.2338952244617134,0.0,28.253400875632035,26.8779944439748,-31.038134950211447,-14.673446337673752,104.3105865745038,480.1700576638119,1.274,1.0150000015428002,0.0,4.265183391889995,165.0000707061107,0.0832032044387568,3.116359039581169e-05,-0.2827599602391334,-0.0299252015770249,0.0243749766729432,1.2895562477770304,18.05893239642149,28.30818955828114,4.63321637073966
8.9,31.22147926629263,131.01246367705707,187.88544482212825,-1.23426431961071,0.3225627578623588,4.476776617782993,-1.274667747580468,-0.2028608466856771,0.0,28.2995491076698,26.8749009837874,-31.19919814915787,-14.688202554843718,104.33917432276604,481.7464622916123,1.274,1.0150000015428002,0.0,4.26465533974403,165.0000707061107,0.083338973190086,3.116003257364876e-05,-0.2808206212103001,-0.0294110443140729,0.0242476674530928,1.275711193163698,18.005360331898267,28.35021687954208,4.65912644981529
8.91,31.221478346050937,131.0124662913214,187.74378581736943,-1.2264985143635176,0.2962411431894969,4.50222676446324,-1.2833042729876147,-0.1719205292783032,0.0,28.345947687688685,26.871809226636746,-31.359105473425416,-14.703079629183804,104.3678629291058,483.3340547278987,1.274,1.0150000015428002,0.0,4.264123592347594,165.0000707061107,0.0834754778301872,3.1155571857823474e-05,-0.2788867033885255,-0.0289329531447278,0.0241204928016582,1.2617622658343737,17.951597846669966,28.392480930316992,4.684706219615562
8.92,31.221477425848867,131.0124689052661,187.60114965239552,-1.2182038733540104,0.2698540500569789,4.527397578457152,-1.2908686064274515,-0.141095497670442,0.0,28.39259518622733,26.86871957453885,-31.5178651131631,-14.71806563967684,104.3966297819616,484.93282896076767,1.274,1.0150000015428002,0.0,4.263588150554758,165.0000707061107,0.0836127141416329,3.1150198334679245e-05,-0.2769589957357236,-0.0284912656907172,0.0239935176997064,1.2477303041485088,17.89766842015669,28.434983604572665,4.709944642131424
8.93,31.22147650568415,131.01247151889035,187.4575365628032,-1.2093852129706648,0.2434227649584333,4.552288153099889,-1.297347470510211,-0.1104072097176138,0.0,28.439490174221863,26.865632429416127,-31.675485765146068,-14.733148377449837,104.42545202661503,486.5427789014536,1.274,1.0150000015428002,0.0,4.263049015288264,165.0000707061107,0.083750677908143,3.11439022297629e-05,-0.2750382887582832,-0.0280862927252006,0.0238668077763229,1.2336362654890711,17.8435957359512,28.47772681769857,4.7348313211824635
8.94,31.22147558555453,131.01247413219343,187.31294680207247,-1.2000477534159817,0.216968692198486,4.576897758588817,-1.302728303400656,-0.07987734106273,0.0,28.48663122318393,26.862548192680244,-31.83197663013568,-14.748315356028474,104.45430658309226,488.1638983856188,1.274,1.0150000015428002,0.0,4.262506187457976,165.0000707061107,0.0838893649151226,3.113667391876192e-05,-0.2731253739404623,-0.027718317605346,0.0237404292663704,1.2195011848790231,17.789403665352566,28.520712504203072,4.759356523173247
8.95,31.22147466545771,131.01247674517452,187.16738062864687,-1.1901971190189635,0.1905133375990677,4.601225841800698,-1.3069992825615169,-0.0495277698905806,0.0,28.534016905322265,26.85946726480853,-31.98734740977716,-14.76355382206962,104.4831701645724,489.7961811735885,1.274,1.0150000015428002,0.0,4.261959668012386,165.0000707061107,0.084028770950017,3.112850393851307e-05,-0.2712210431657757,-0.0273875957180706,0.0236144489666442,1.2053461300184904,17.735116250162484,28.56394261526874,4.7835111970038495
8.96,31.221473745391407,131.01247935783297,187.02083829996883,-1.1798393382147168,0.1640782920397659,4.625272025830744,-1.31014934834519,-0.0193805610748931,0.0,28.581645793690328,26.856390044912484,-32.14160830302718,-14.778850766562844,104.51201929628904,491.4396209517152,1.274,1.0150000015428002,0.0,4.261409457925738,165.0000707061107,0.0841688918027412,3.111938299806098e-05,-0.2693260881266728,-0.0270943539401282,0.0234889341904655,1.1911921526660532,17.680757685062293,28.60741911630754,4.807286993102173
8.97,31.22147282535332,131.01248197016807,186.87332008440728,-1.1689808431846824,0.1376852147456518,4.649036109257128,-1.312168227394388,0.010542050278646,0.0,28.62951646233896,26.85331693029908,-32.294770002104606,-14.79419293649054,104.5408303349107,493.0942113330767,1.274,1.0150000015428002,0.0,4.260855558172272,165.0000707061107,0.0843097232661412,3.110930198976407e-05,-0.267441299722807,-0.026838790113215,0.0233639527206482,1.1770602361866236,17.626352299491995,28.651143984481184,4.830676281534923
8.98,31.221471905341136,131.01248458217927,186.72482625529327,-1.1576284691460623,0.111355816176937,4.672518065134009,-1.313046455800492,0.0402176758896057,0.0,28.67762748643745,26.850248316025663,-32.446843687958214,-14.809566846935091,104.56957948838252,494.7599458583012,1.274,1.0150000015428002,0.0,4.2602979697734416,165.0000707061107,0.0844512611363402,3.1098252000427645e-05,-0.265567467448227,-0.0266210725349058,0.0232395727609156,1.1629712391139024,17.571924538903733,28.695119206127355,4.853672169146558
8.99,31.22147098535253,131.0124871938659,186.57535708992785,-1.145789453292519,0.0851118408275031,4.695718039716075,-1.3127754020143585,0.0696237919561966,0.0,28.725977442431965,26.84718459444828,-32.597841025245614,-14.824958793621832,104.59824283621376,496.4368179969949,1.274,1.0150000015428002,0.0,4.259736693754993,165.0000707061107,0.0845935012132106,3.108622432248056e-05,-0.2637053787678507,-0.0264413394664687,0.0231158628857448,1.148945834685921,17.517498945654882,28.739346774208904,4.876268515684437
9.0,31.2214700653852,131.01248980522746,186.42491286958057,-1.1334714605086853,0.058975942100196,4.718636347152496,-1.3113473969556757,0.0987377626101057,0.0,28.77456511410095,26.8441261547642,-32.747774156818046,-14.840354865884525,104.62679635019236,498.1248282781064,1.274,1.0150000015428002,0.0,4.2591712377442175,165.0000707061107,0.0847364399071748,3.107321046513968e-05,-0.2618558184835845,-0.0262996986581726,0.0229928921531878,1.1350045197202103,17.463100914854863,28.78382903178711,4.898459974107814
9.01,31.221469145436807,131.01249241626343,186.2734938864472,-1.1206828946467084,0.0329813580708138,4.7412734304342905,-1.3087569694033685,0.1275369194722348,0.0,28.823391728834075,26.841073382033905,-32.89665569770654,-14.855740960040496,104.65521591550784,499.82406190560647,1.274,1.0150000015428002,0.0,4.258595244001368,165.0000707061107,0.084880080824667,3.105920216488169e-05,-0.2600195680254645,-0.0261962255760367,0.0228707318144696,1.121168043431314,17.408765107277734,28.828572428159003,4.920242292096244
9.02,31.22146822550504,131.01249502697345,186.12110043072943,-1.1074318279064408,0.0071374603567073,4.763630068277887,-1.3049971951357977,0.1559984021624337,0.0,28.872453021999764,26.838026650716948,-33.04449872837595,-14.871102793628008,104.6834773531216,501.5344137877112,1.274,1.0150000015428002,0.0,4.258015518254908,165.0000707061107,0.0850244113989982,3.104419138880625e-05,-0.2581974040011865,-0.0261309472802737,0.0227494488684335,1.107454825469962,17.354505490142596,28.87357417164796,4.941611539588146
9.03,31.221467305587588,131.012497637357,185.96773280355487,-1.0937270874511436,-0.0185340451605641,4.7857070809599085,-1.3000630021901451,0.1840993344159067,0.0,28.921747576664742,26.834986340010424,-33.191316784721764,-14.886425925631016,104.7115564527516,503.2558771296834,1.274,1.0150000015428002,0.0,4.25743206162643,165.0000707061107,0.0851694274494959,3.1028170373445395e-05,-0.2563900992752699,-0.02610387722066,0.0226291128357956,1.093884093918848,17.30034679461678,28.91883625570963,4.962564723945254
9.04,31.22146638568213,131.01250024741375,185.813391306046,-1.0795778908817968,-0.0440115233118478,4.8075054520870975,-1.2939502587111946,0.2118168014051808,0.0,28.9712739775888,26.83195282170909,-33.337123853695864,-14.901695764613615,104.73942898328012,504.9884450623175,1.274,1.0150000015428002,0.0,4.256844875263609,165.0000707061107,0.0853151248004614,3.10111316167687e-05,-0.2545984214185414,-0.0261149966251823,0.0225097933340067,1.0804745288198196,17.246313730930748,28.964360664353176,4.983099668000175
9.05,31.221465465786377,131.0125028571434,185.65807624726827,-1.0649938436296065,-0.0692734133393318,4.829026325477996,-1.2866557946188495,0.2391278707959365,0.0,29.02103081163261,26.828926462090617,-33.4819343652648,-14.916897583587012,104.76707071530905,506.7321106524892,1.274,1.0150000015428002,0.0,4.256253960322819,165.0000707061107,0.0854614992823754,3.09930678892654e-05,-0.2528231320300275,-0.0261642541485114,0.0223915600183333,1.0672441801614616,17.19243098115112,29.01014937196189,5.003215018823115
9.06,31.221464545898016,131.01250546654566,185.5017879392636,-1.0499849352621315,-0.0942982476804488,4.850271002203203,-1.278177421634929,0.2660096143475097,0.0,29.0710166678852,26.825907621428264,-33.6257631838597,-14.932016535200493,104.7944574440022,508.48686690444725,1.274,1.0150000015428002,0.0,4.255659317986511,165.0000707061107,0.0856085467322703,3.097397224496568e-05,-0.2510649860501631,-0.0262515655213158,0.0222744825212098,1.0542103814465709,17.138723176777717,29.05620434046428,5.022910255112657
9.07,31.22146362601478,131.01250807562033,185.3445266980426,-1.0345615353946696,-0.1190646708373832,4.871240937419532,-1.2685139527570972,0.2924391300332697,0.0,29.121230137802623,26.822896653502625,-33.7686255993143,-14.947037667247807,104.8215650122066,510.2527067614848,1.274,1.0150000015428002,0.0,4.255060949450182,165.0000707061107,0.0857562629941385,3.0953838032390125e-05,-0.2493247310669073,-0.0263768132232815,0.0221586303901963,1.0413896608126043,17.085214876013264,29.10252751650322,5.042185693080528
9.08,31.22146270613437,131.01251068436716,185.1862928485548,-1.0187343892027831,-0.1435514584048348,4.89193773701023,-1.2576652211337316,0.3183935646661372,0.0,29.17166981534264,26.81989390511131,-33.91053731729112,-14.961945938470688,104.84836933382628,512.0296231070398,1.274,1.0150000015428002,0.0,4.2544588559180205,165.0000707061107,0.0859046439193375,3.093265890542167e-05,-0.2476031066153188,-0.0265398461805828,0.0220440730245455,1.028797650343856,17.031930540649363,29.149120828576788,5.061042490757704
9.09,31.22146178625456,131.01251329278608,185.0270867127616,-1.0025146125284514,-0.167737536295316,4.9123631540427,-1.2456320982932616,0.3438501370136291,0.0,29.22233429708196,26.81689971557647,-34.05151444919662,-14.976726234641903,104.8748464174264,513.8176087663837,1.274,1.0150000015428002,0.0,4.253853038637695,165.0000707061107,0.0860536853669233,3.091042883409361e-05,-0.2459008434711703,-0.0267404794886769,0.0219308796104745,1.016448994330759,16.978894512542826,29.19598618413104,5.079482650646532
9.1,31.221460866373096,131.01251590087702,184.8669086245458,-0.9859136865856996,-0.1916019999214421,4.932519085055959,-1.2324165117131909,0.3687861613865993,0.0,29.27322218236845,26.81391441625069,-34.191573501587186,-14.991363384908883,104.90097239004048,515.6166565085659,1.274,1.0150000015428002,0.0,4.253243498848168,165.0000707061107,0.0862033832041059,3.088714211527774e-05,-0.2442186629392021,-0.0269784941613716,0.0218191190551259,1.0043572573229589,16.926130989904152,29.243125466695016,5.0975090206506595
9.11,31.22145994648776,131.01251850863983,184.7057589118185,-0.968943452251367,-0.2151241336224531,4.952407566192754,-1.218021461659364,0.3931790716826055,0.0,29.324332073438537,26.81093833002256,-34.3307313650688,-15.005842178379908,104.9267235211556,517.4267590475396,1.274,1.0150000015428002,0.0,4.252630237810148,165.0000707061107,0.0863537333065973,3.086279338324634e-05,-0.2425572761366307,-0.0272536369067639,0.0217088599192645,0.9925348329969712,16.873664003158478,29.290540532943137,5.1151252932020395
9.12,31.221459026596364,131.01252111607462,184.5436379183893,-0.951616103945115,-0.238283430123748,4.97203076918828,-1.202451037272983,0.4170064458659872,0.0,29.37566257554372,26.807971770821016,-34.469005302693176,-15.020147380932784,104.95207624684994,519.2479090442123,1.274,1.0150000015428002,0.0,4.252013256810422,165.0000707061107,0.0865047315589752,3.083737762012834e-05,-0.2409173832725634,-0.0275656199311006,0.0216001703487972,0.9809928548998856,16.821517390577192,29.33823320976207,5.1323360025126625
9.13,31.22145810669672,131.01252372318137,184.3805459811028,-0.9339441830986684,-0.2610596099903864,4.991390997230959,-1.185710431871056,0.4402460308644969,0.0,29.42721229709264,26.805015043120576,-34.606412937855026,-15.034263752227496,104.97700719405476,521.0800991079897,1.274,1.0150000015428002,0.0,4.251392557127084,165.0000707061107,0.0866563738551149,3.0810890166208884e-05,-0.2392996729239819,-0.0279141207713047,0.0214931180050954,0.9697411102564252,16.76971477372879,29.38620529133469,5.149146519878616
9.14,31.221457186786694,131.01252632996022,184.2164834457428,-0.9159405712020884,-0.2834326412814434,5.010490680710388,-1.1678059573960031,0.4628757678604834,0.0,29.478979849756254,26.802068441447098,-34.74297224169528,-15.048176062902543,105.00149320491488,522.9233217985168,1.274,1.0150000015428002,0.0,4.2507681400817,165.0000707061107,0.0868086560984859,3.07833267300936e-05,-0.2377048213089762,-0.0282987821568663,0.021387769994239,0.9587879581295572,16.718279532583242,29.43445853615623,5.165563046957
9.15,31.221456266864152,131.01252893641123,184.05145066305693,-0.8976184824419333,-0.3053827590386664,5.029332372866559,-1.1487450580113374,0.4848738179561166,0.0,29.530963848616256,26.79913224988512,-34.87870152001604,-15.061869111935763,105.02551136122004,524.7775696277288,1.274,1.0150000015428002,0.0,4.250140006982795,165.0000707061107,0.0869615742025994,3.075468339870515e-05,-0.2361334915579482,-0.0287192119021273,0.0212841927951799,0.9481402531927912,16.667234780608997,29.482994664120287,5.1815926069509155
9.16,31.22145534692703,131.01253154253473,183.8854479788168,-0.8789914559127185,-0.3268904849636967,5.047918745358092,-1.1285363227667389,0.5062185881872961,0.0,29.583162912271675,26.796206741586992,-35.01361939971397,-15.075327744149426,105.04903900887952,526.6428350614117,1.274,1.0150000015428002,0.0,4.249508159169326,165.0000707061107,0.0871151240913166,3.072495664710731e-05,-0.2345863329834963,-0.0291749828294379,0.0211824521869095,0.9378032765060544,16.61660333956943,29.531815353534046,5.197243033625407
9.17,31.22145442697325,131.01253414833084,183.7184757527025,-0.8600733474158608,-0.3479366469629213,5.066252583763678,-1.1071894973228844,0.5268887578634541,0.0,29.635575662972368,26.793292178284748,-35.14774481473944,-15.088536867839633,105.07205378241248,528.5191105214026,1.274,1.0150000015428002,0.0,4.248872597984593,165.0000707061107,0.0872693016992433,3.069414334814348e-05,-0.2330639803497469,-0.0296656327242238,0.0210826131746848,0.9277806745808928,16.566407714320103,29.580922238181813,5.212522958092093
9.18,31.2214535070008,131.01253675379988,183.5505343404133,-0.8408783902063881,-0.3685010840391957,5.084336774936912,-1.084715662188736,0.5468633163125322,0.0,29.68820102820304,26.790388809805524,-35.28109699159016,-15.101481472510168,105.09453362942624,530.4063991591883,1.274,1.0150000015428002,0.0,4.248232578979113,165.0000707061107,0.0874241038598193,3.066224078187889e-05,-0.2315670531418878,-0.0301906643225173,0.0209847401284456,0.9180739439161966,16.516671225023476,29.6303174123407,5.227441821340699
9.19,31.221452587007708,131.01253935894215,183.3816240986351,-0.8214216982673244,-0.3885533117262111,5.102174250911354,-1.061128505489343,0.5661216754116438,0.0,29.741040385642908,26.78749687272441,-35.413695434347915,-15.114146646690635,105.11645683505428,532.304791731211,1.274,1.0150000015428002,0.0,4.247581289222081,165.0000707061107,0.0875795346216527,3.062924664379351e-05,-0.2300961546991185,-0.0307495432795932,0.0208888981945385,0.9086786774078264,16.467426226449327,29.680007041975625,5.242010067063565
9.2,31.221451666992028,131.01254196375805,183.2117453920002,-0.8017173366895457,-0.4080885049148224,5.119768270300976,-1.0364402699127884,0.5846434266196097,0.0,29.794089326089605,26.784616583073834,-35.545559908885515,-15.126517596614075,105.13780204769618,534.2141720010444,1.274,1.0150000015428002,0.0,4.24692624228662,165.0000707061107,0.0877355809924667,3.059515904645764e-05,-0.2286518703432612,-0.0313416814911694,0.0207951473125787,0.899597713833797,16.41868240270542,29.729987475619463,5.256238532540838
9.21,31.221450746951863,131.012544568248,183.0408985851343,-0.7817803376412993,-0.4270889088013197,5.137122027823778,-1.0106654332656997,0.6024086088886503,0.0,29.847346487853883,26.78174815491304,-35.676710423500325,-15.138579671470096,105.15854831585726,536.1345322469066,1.274,1.0150000015428002,0.0,4.246267439559806,165.0000707061107,0.0878922389541464,3.055997655756144e-05,-0.2272347693062213,-0.0319664766918087,0.0207035486341987,0.8908277680562194,16.370460739962944,29.780260140203097,5.270138848153205
9.22,31.22144982688534,131.01254717241238,182.8690840476268,-0.7616260016334847,-0.4455371883935903,5.154238809717244,-0.9838196710686962,0.6193976690650644,0.0,29.900810513128526,26.77889178559952,-35.80716721649409,-15.150318373416324,105.17867509852904,538.0658647001636,1.274,1.0150000015428002,0.0,4.245604882468346,165.0000707061107,0.0880495045000002,3.0523698187580124e-05,-0.2258454026370979,-0.032623291850795,0.0206141621561936,0.8823637914860514,16.32278176467089,29.83082640053068,5.283723339201285
9.23,31.22144890679068,131.0125497762518,182.6963021421041,-0.7412698878918043,-0.4634164311825178,5.171121988688415,-0.9559198630328476,0.6355914895990151,0.0,29.954480048473727,26.77604765824317,-35.93695073949035,-15.161719375538564,105.1981622891935,540.0081615606106,1.274,1.0150000015428002,0.0,4.244938572434541,165.0000707061107,0.0882073736361914,3.048632339805612e-05,-0.2244843024866957,-0.0333114553589464,0.0205270466428749,0.8741989780400811,16.275665534822533,29.881687559349103,5.297004997929326
9.24,31.221447986666103,131.0125523797667,182.5225532431136,-0.7207278032553023,-0.4807101661382044,5.187775019428452,-0.9269840970335678,0.6509714163851693,0.0,30.008353744929167,26.773215941252595,-36.06608164035829,-15.172768539786777,105.21699023963026,541.9614149982585,1.274,1.0150000015428002,0.0,4.244268510880696,165.0000707061107,0.0883658423820738,3.0447852109597328e-05,-0.2231519813955286,-0.0340302612261747,0.0204422595475426,0.8663247899847664,16.229131615068503,29.932844854480468,5.309997453230042
9.25,31.221447066509903,131.01255498295777,182.3478377212212,-0.7000157906704149,-0.4974023825463251,5.204201434194204,-0.8970316718316645,0.6655192866951598,0.0,30.06243025811753,26.77039678789212,-36.19458074575192,-15.183451934877276,105.23513978351708,543.9256171556506,1.274,1.0150000015428002,0.0,4.243594699251131,165.0000707061107,0.088524906770488,3.040828470958989e-05,-0.221848931587927,-0.0347789693162462,0.0203598569336069,0.858730998027324,16.183199052051634,29.984299455971566,5.322714937783288
9.26,31.221446146320428,131.0125575858256,182.1721559499684,-0.6791501172935493,-0.513477548551779,5.220404838473349,-0.8660830985209955,0.6792174571690144,0.0,30.11670824836964,26.767590335848407,-36.32246904327919,-15.193755854142871,105.25259225979678,545.9007601500472,1.274,1.0150000015428002,0.0,4.242917138976955,165.0000707061107,0.0886845628481405,3.036762205961933e-05,-0.2205756242731552,-0.0355568056193209,0.0202798933953984,0.8514057353474828,16.13788635010639,30.036052463311435,5.3351722526290395
9.27,31.22144522609608,131.0125601883708,181.9955083028918,-0.6581472621917053,-0.528920629619115,5.236388906750266,-0.8341601006438981,0.692048831829618,0.0,30.17118638081797,26.76479670680641,-36.44976766331687,-15.203666833311615,105.26932953578324,547.886836075555,1.274,1.0150000015428002,0.0,4.242235831515697,165.0000707061107,0.0888448066758702,3.032586550259551e-05,-0.2193325089544538,-0.0363629625626424,0.0202024219787931,0.8443355651533004,16.093211447166688,30.088104902630747,5.347384729181194
9.28,31.22144430583529,131.01256279059416,181.81789515749725,-0.637023903663008,-0.5437171066261918,5.252157378386422,-0.8012856129689837,0.7039968900862557,0.0,30.225863325518745,26.76201600603543,-36.57649786048706,-15.213171668196487,105.2853340299802,549.8838370055923,1.274,1.0150000015428002,0.0,4.241550778316085,165.0000707061107,0.0890056343290137,3.028301686955812e-05,-0.2181200127469566,-0.0371965993600886,0.0201274941017159,0.8375055608642191,16.049191691160292,30.14045772398776,5.359368188708547
9.29,31.22144338553662,131.0125653924964,181.63931688830343,-0.6157969061696469,-0.557852993799054,5.267714053631742,-0.7674837788758998,0.7150457146895983,0.0,30.28073775754942,26.75924832198663,-36.70268099481252,-15.22225743227778,105.30058873458664,551.891754995156,1.274,1.0150000015428002,0.0,4.240861980840048,165.0000707061107,0.0891670418976876,3.0239078486158504e-05,-0.2169385397054192,-0.038056842400842,0.0200551594746314,0.8308993980348716,16.005843816735855,30.19311179865493,5.371138899317625
9.3,31.22144246519861,131.01256799407832,181.4597738728052,-0.5944833069009081,-0.5713148562884633,5.283062789780149,-0.7327799463342252,0.7251800196021133,0.0,30.335808357122087,26.756493725902075,-36.828338512568166,-15.230911494160482,105.315077237663,553.9105820831337,1.274,1.0150000015428002,0.0,4.240169440540714,165.0000707061107,0.0893290254871279,3.0194053178806884e-05,-0.2157884701627318,-0.0389427856777756,0.0199854660210998,0.8244994567338174,15.963183922527437,30.24606791647792,5.382713530491784
9.31,31.22144154481991,131.0125705953407,181.27926648948568,-0.5731003019635426,-0.5840898275196463,5.298207497483782,-0.6972006624302322,0.7343851777447034,0.0,30.391073809677813,26.75375227143641,-36.95349192684731,-15.23912153488976,105.32878374493292,555.9403102946751,1.274,1.0150000015428002,0.0,4.239473158884422,165.0000707061107,0.0894915812179614,3.0147944280464982e-05,-0.2146701600801829,-0.0398534912558273,0.0199184597985192,0.8182869330980562,15.921227448868184,30.29932678325142,5.394109105253399
9.32,31.22144062439921,131.01257319628442,181.0977951158282,-0.5516652322189503,-0.5961656261303184,5.313152137237905,-0.6607736664303631,0.7426472485822031,0.0,30.44653280599827,26.751023994292,-37.07816279786135,-15.24687556510749,105.34169310119556,557.9809316434233,1.274,1.0150000015428002,0.0,4.238773137324298,165.0000707061107,0.0896547052265442,3.0100755636101047e-05,-0.2135839404104673,-0.0407879897808526,0.019854184919125,0.8122419584902869,15.879989156146989,30.352889018177056,5.405342950036589
9.33,31.221439703935324,131.01257579691045,180.91536012533567,-0.5301955687623507,-0.6075305726664519,5.32790071604947,-0.6235278813324652,0.7499530055065248,0.0,30.502184042291702,26.74830891186811,-37.2023727129927,-15.2541619420333,105.35379081132366,560.0324381338606,1.274,1.0150000015428002,0.0,4.238069377335483,165.0000707061107,0.0898183936652053,3.0052491607751167e-05,-0.2125301164744219,-0.0417452810291395,0.0197926834713858,0.8063437248106323,15.839483103683923,30.406755151333755,5.4164326423715154
9.34,31.221438783427047,131.0125783972196,180.73196190044976,-0.5087089583963836,-0.6181727547507042,5.342457277858916,-0.5854935183926182,0.7562899720702714,0.0,30.55802641459944,26.745607022924936,-37.3261432666205,-15.260969386254478,105.36506306082453,562.0948289119183,1.274,1.0150000015428002,0.0,4.23736138560766,165.0000707061107,0.0899826432747085,3.0003157079222097e-05,-0.2115089673525061,-0.0427243344980463,0.019733995567354,0.800569995434764,15.79972338569459,30.46092594921849,5.427395963782403
9.35,31.22143786287332,131.01258099721295,180.54760081565607,-0.4872241031658915,-0.628067673590806,5.3568258109672175,-0.5467037829187116,0.7616465869527206,0.0,30.614061842622927,26.74291830663753,-37.44949603974084,-15.267286998308444,105.37549673593884,564.1682144069761,1.274,1.0150000015428002,0.0,4.236640965621382,165.0000707061107,0.0901474596994115,2.9952757459746625e-05,-0.2105207451797535,-0.0437240886351373,0.0196781610667494,0.794887929755809,15.760735111262145,30.515407178944205,5.438250942970446
9.36,31.22143694227312,131.0125835968914,180.3622772474228,-0.4657577301604859,-0.6372205003901154,5.371010645866688,-0.5071898786977501,0.7660118343909215,0.0,30.67028563718408,26.74024271270316,-37.57245257912788,-15.273104275625885,105.38507944421296,566.2524616802092,1.274,1.0150000015428002,0.0,4.235916763361251,165.0000707061107,0.0903128291228389,2.990129867849367e-05,-0.2095656727974056,-0.0447434296251971,0.0196252131267359,0.7892853002444435,15.722516832130893,30.57019333847769,5.449015604812826
9.37,31.221436021625514,131.01258619625602,180.1759915692302,-0.4443276795469634,-0.6456221183272421,5.385015945789006,-0.4669853586990121,0.7693756136584323,0.0,30.726696517570545,26.737580185654657,-37.69503437204778,-15.278411138378363,105.39379954952258,568.3475627411625,1.274,1.0150000015428002,0.0,4.235188780290248,165.0000707061107,0.0904787477652735,2.984878722188945e-05,-0.2086439470272608,-0.0457812399618954,0.0195751849615215,0.7837388917283192,15.685079609568172,30.625284578502864,5.459707949747258
9.38,31.221435100929632,131.01258879530783,179.9887441585293,-0.4229518427326323,-0.6532641084811958,5.398845907709752,-0.4261248917758516,0.7717286703692595,0.0,30.78329320851501,26.734930646564887,-37.8172628301711,-15.283197935251223,105.401646173974,570.4535095855142,1.274,1.0150000015428002,0.0,4.234457017893648,165.0000707061107,0.0906452118630269,2.979523011295964e-05,-0.2077557361838166,-0.0468363746293415,0.0195281073775808,0.7782252276672028,15.648433690559449,30.68068094555509,5.470345939632632
9.39,31.2214341801847,131.012591394048,179.80053538481442,-0.401648147446489,-0.6601387449456755,5.412504759542218,-0.3846442462315395,0.7730626217894084,0.0,30.84007444075071,26.732293996448792,-37.93915926858576,-15.2874554590548,105.40860921594152,572.5702942147385,1.274,1.0150000015428002,0.0,4.2337214776433525,165.0000707061107,0.0908122176700744,2.9740634914001992e-05,-0.2069011795572451,-0.0479076619323457,0.0194840087001582,0.7727206859715865,15.612588510194904,30.736382383350065,5.480947435018338
9.4,31.22143325939001,131.01259399247755,179.6113656215506,-0.3804345410671297,-0.6662390083663948,5.425996758341318,-0.3425802702001722,0.7733699816463636,0.0,30.89703895109841,26.72967011602768,-38.06074488472069,-15.291174962043153,105.41467936751354,574.6979086381782,1.274,1.0150000015428002,0.0,4.232982160993419,165.0000707061107,0.0909797614583187,2.9685009728791186e-05,-0.2060803869147487,-0.0489939043370096,0.0194429147003907,0.7672016248263275,15.577552676194369,30.792388730750165,5.491530132082734
9.41,31.221432338544943,131.01259659059767,179.42123523822133,-0.359328973691974,-0.671558598972425,5.439326188746128,-0.2999708703538249,0.772644184397817,0.0,30.95418548254097,26.72705886551931,-38.18204073719828,-15.294348170939914,105.41984813134712,576.8363448752132,1.274,1.0150000015428002,0.0,4.232239069406823,165.0000707061107,0.0911478395178068,2.962836320435303e-05,-0.2052934380238279,-0.0500938793530957,0.0194048485237307,0.7616445039645826,15.543333954375749,30.848699719797416,5.50211149889968
9.42,31.221431417648954,131.01259918840944,179.23014460331115,-0.3383493809666492,-0.6760919489877084,5.452497361662324,-0.2568549889332356,0.7708796089162534,0.0,31.01151278430852,26.72446008444776,-38.3030677246386,-15.29696730165844,105.42410783691322,578.9855949582869,1.274,1.0150000015428002,0.0,4.231492204346542,165.0000707061107,0.091316448156972,2.957070453226272e-05,-0.2045403821984982,-0.0512063404581358,0.0193698306198018,0.7560260006010152,15.50993925518238,30.90531497385396,5.512708711306755
9.43,31.2214304967016,131.01260178591411,179.03809408132452,-0.3175136666911665,-0.6798342344159216,5.465514613185367,-0.2132725790917786,0.7680716015443992,0.0,31.069019611972287,26.721873591475543,-38.42384656444026,-15.29902507370323,105.42745165611171,581.1456509350087,1.274,1.0150000015428002,0.0,4.23074156723987,165.0000707061107,0.0914855837029256,2.951204344951418e-05,-0.2038212378694778,-0.0523300180630363,0.0193378786737537,0.7503231194893393,15.477374621290698,30.96223400584916,5.523338588664851
9.44,31.221429575702487,131.01260438311283,178.8450840367591,-0.2968396851999272,-0.6827813863816591,5.47838230376322,-0.1692645785166685,0.7642164984742579,0.0,31.12670472750015,26.71929918425769,-38.54439777156176,-15.300514724240577,105.42987361823891,583.3165048704071,1.274,1.0150000015428002,0.0,4.229987159536405,165.0000707061107,0.0916552425016076,2.945239023887825e-05,-0.2031359921793682,-0.0534636205189012,0.0193090075393086,0.7445132968902031,15.445645216145842,31.019456216557543,5.534017529812016
9.45,31.22142865465137,131.01260698000686,178.65111482615805,-0.2763452235612443,-0.6849301016621157,5.491104817592544,-0.1248728813586447,0.7593116474076915,0.0,31.18456689935097,26.71673663931912,-38.66474163732802,-15.30143002182624,105.43136862428956,585.4981488497624,1.274,1.0150000015428002,0.0,4.229228982658984,165.0000707061107,0.0918254209180696,2.939175572882059e-05,-0.2024846006038723,-0.0546058351650939,0.0192832291735928,0.73857449792287,15.41475531376225,31.07698089304211,5.54476144952836
9.46,31.22142773354801,131.01260957659736,178.45618681599697,-0.2560479835867943,-0.6862778526861237,5.503686562246694,-0.0801403084331704,0.7533554284499714,0.0,31.24260490254113,26.71418571195509,-38.784898208286656,-15.301765279778335,105.43193246057533,587.6905749804614,1.274,1.0150000015428002,0.0,4.228467038021516,165.0000707061107,0.0919961153366755,2.933015129290488e-05,-0.2018669866000414,-0.0557553294179158,0.019260552573872,0.7324853074792861,15.384708289548769,31.13480720715287,5.555585715841817
9.47,31.221426812392348,131.01261217288567,178.26030035485672,-0.2359655636804899,-0.6868228968614364,5.516131968526258,-0.0351105756992828,0.7463472741918507,0.0,31.30081751870871,26.711646136156794,-38.90488726513977,-15.301515369183468,105.43156181164322,589.893775394993,1.274,1.0150000015428002,0.0,4.227701327046839,165.0000707061107,0.092167322161274,2.926758884870884e-05,-0.2012830412825759,-0.0569107518997259,0.0192409837163762,0.7262250146369158,15.355506612287318,31.192934214127927,5.566505088510826
9.48,31.22142589118436,131.01261476887296,178.06345579528866,-0.2161154405536494,-0.6865642850758553,5.528445490524874,0.0101717389657742,0.7382876889356095,0.0,31.35920353620605,26.70911762456141,-39.02472830177514,-15.30067573152524,105.43025427247792,592.1077422529598,1.274,1.0150000015428002,0.0,4.226931851104263,165.0000707061107,0.0923390378154942,2.92040808562427e-05,-0.2007326231291797,-0.0580707336080738,0.0192245254972545,0.7197736906146165,15.327151837405856,31.251360851352032,5.577533659029974
9.49,31.221424969924094,131.01261736456053,177.86565349083307,-0.1965156600807698,-0.6854936577073197,5.54063153796564,0.0556600634840886,0.7291783723010575,0.0,31.41776361877825,26.70659986842769,-39.144440504422725,-15.299242390923068,105.42800835997124,594.3325384416207,1.274,1.0150000015428002,0.0,4.226153720767398,165.0000707061107,0.0925112642451523,2.9139640315852115e-05,-0.2002155577159369,-0.0592338891241179,0.0192111788185059,0.7131045623044313,15.29965194543491,31.310089095623145,5.588684727267961
9.5,31.22142404861175,131.01261995994966,177.666893779122,-0.1771834553646992,-0.6836113197307385,5.552694660918243,0.1013076647837717,0.7190220774729817,0.0,31.476496654676826,26.704092530997546,-39.264042730961606,-15.29721196597086,105.42482352364388,596.5681598544169,1.274,1.0150000015428002,0.0,4.225366681951948,165.0000707061107,0.0926839981679833,2.90742807595166e-05,-0.1997316361857547,-0.0603988035588816,0.0192009401681376,0.706198926369616,15.27300697218261,31.369117787376336,5.599970891730372
9.51,31.221423127247583,131.0126225550416,177.46717700573487,-0.158135091901801,-0.6809273519069524,5.564639511210379,0.1470683105823802,0.7078225676825449,0.0,31.53539950081801,26.701595255964385,-39.383553487523606,-15.294581687483054,105.42070016557668,598.8145250390673,1.274,1.0150000015428002,0.0,4.224575833694693,165.0000707061107,0.0928572303203814,2.9008016260706988e-05,-0.1992806162443314,-0.0615640473646981,0.0191938015409167,0.6990476296666569,15.247208007612247,31.428442200307188,5.611403992319743
9.52,31.221422205831967,131.0126251498377,177.26650350928765,-0.1393873735327004,-0.6774440570646687,5.576470641171718,0.1928943315450871,0.6955848096317317,0.0,31.594470973175856,26.699107672781928,-39.5029909080059,-15.29134940995851,105.41563965021406,601.0716262972518,1.274,1.0150000015428002,0.0,4.2237811773735965,165.0000707061107,0.0930309572072954,2.8940861437705613e-05,-0.1988622234371136,-0.0627281933718126,0.0191897529654481,0.6916345747370797,15.222252902645302,31.48806078889721,5.622994865939568
9.53,31.22142128436534,131.01262774433917,177.06487362242882,-0.1209568884148722,-0.6731645746504208,5.588192630201513,0.2387373901758072,0.6823149233192095,0.0,31.6537098944608,26.696629387396367,-39.62237273698376,-15.287513615619376,105.40964430239252,603.3394559590791,1.274,1.0150000015428002,0.0,4.222982714330481,165.0000707061107,0.0932051753535047,2.8872831435545443e-05,-0.1984761496698191,-0.0638898032202667,0.0191887811323844,0.6839447640151941,15.198138567789886,31.547971883017045,5.634753416813424
9.54,31.22142036284826,131.01263033854738,176.8622876728318,-0.1028599912663606,-0.6680928736141805,5.599810085276471,0.2845485233711217,0.6680201951767282,0.0,31.713115094449023,26.69415998467116,-39.74171630987389,-15.28307342453514,105.40271741492124,605.6180063951468,1.274,1.0150000015428002,0.0,4.222180445880058,165.0000707061107,0.0933798813045987,2.8803941921255e-05,-0.198122053110164,-0.0650474287762123,0.0191908693516138,0.6759643378610839,15.17486098469565,31.608173689370386,5.646688572471543
9.55,31.221419441281384,131.01263293246356,176.65874598518383,-0.0851127846046084,-0.6622337556667827,5.6113276421543326,0.330278187575089,0.65270909001549,0.0,31.772685410019875,26.69169902852632,-39.86103853337769,-15.278028604281143,105.39486325532948,607.9072700189994,1.274,1.0150000015428002,0.0,4.221374373346074,165.0000707061107,0.0935550716270716,2.8734209078555687e-05,-0.1977995581234789,-0.0661996135638097,0.0191959975122616,0.6676806202514041,15.152415207835409,31.66866429101629,5.658808244231468
9.56,31.22141851966543,131.012635526089,176.45424887720915,-0.0677311000168632,-0.6555928575178094,5.622749966666556,0.3758763055548806,0.6363912617561692,0.0,31.83241968522661,26.6892460621095,-39.980355866225246,-15.272379579128591,105.38608707178086,610.2072392891328,1.274,1.0150000015428002,0.0,4.2205644980025845,165.0000707061107,0.0937307429085475,2.866364960197717e-05,-0.1975082552448477,-0.067344894231456,0.0192041420459045,0.6590821621992112,15.13079536757603,31.729441647084347,5.67111929188286
9.57,31.221417598001263,131.01263811942502,176.2487966676216,-0.0507304794532049,-0.648176652451729,5.634081756080328,0.4212923148196438,0.6190775628958838,0.0,31.89231677131848,26.6868006079974,-40.09968430024456,-15.26612743875469,105.3763950981415,612.5179067109792,1.274,1.0150000015428002,0.0,4.219750821137193,165.0000707061107,0.0939068917578302,2.859228069043781e-05,-0.1972477011885815,-0.0684818020510128,0.0192152758931919,0.6501587840979747,15.109994674292878,31.790503592544454,5.68362749286091
9.58,31.22141667628981,131.01264071247283,176.0423896641973,-0.0341261565993963,-0.639992450819792,5.645327740503531,0.4664752176101737,0.6007800526734765,0.0,31.952375526805955,26.684362168427366,-40.21903934178008,-15.259273946460704,105.36579455818956,614.839264839223,1.274,1.0150000015428002,0.0,4.218933343992327,165.0000707061107,0.0940835148051046,2.8520120040248346e-05,-0.1970174188958727,-0.0696088644493045,0.0192293684739636,0.640901617438251,15.09000542388434,31.851847838189634,5.696337516161899
9.59,31.221415754532096,131.01264330523367,175.83502817371297,-0.0179330383200197,-0.6310483997942576,5.656492684310956,0.5113736324722234,0.5815120038876017,0.0,32.012594817487674,26.68193022555932,-40.33843599348504,-15.251821546886193,105.35429366895326,617.1713062793502,1.274,1.0150000015428002,0.0,4.218112067801375,165.0000707061107,0.0942606087020139,2.844718583753379e-05,-0.1968168976213768,-0.0707246065703584,0.0192463856610059,0.6313031472613322,15.07081900434778,31.913471970695863,5.709252901239932
9.6,31.22141483272928,131.0126458977089,175.62671249101416,-0.0021656862171722,-0.6213534821351174,5.667581387563009,0.5559358473576063,0.5612879083289591,0.0,32.07297351649154,26.679504241769248,-40.457888736511016,-15.243773373206627,105.34190164316504,619.5140236898148,1.274,1.0150000015428002,0.0,4.217286993779656,165.0000707061107,0.0944381701217783,2.8373496750103566e-05,-0.196645593059502,-0.0718275528674369,0.0192662897575887,0.6213572561532547,15.0524259036139,31.97537345285075,5.722376042088126
9.61,31.22141391088256,131.01264848989965,175.4174429139233,0.0131617016799169,-0.6109175140321913,5.678598687391315,0.6001098742255802,0.5401234807858191,0.0,32.13351050431296,26.677083659973466,-40.57741151311823,-15.235133253801724,105.32862869081988,621.8674097837304,1.274,1.0150000015428002,0.0,4.216458123115386,165.0000707061107,0.0946161957593126,2.829907191872842e-05,-0.1965029275111104,-0.0729162287234178,0.0192890394788858,0.6110592710836887,15.034815718551592,32.03754962392422,5.735708176684165
9.62,31.22141298899325,131.01265108180715,175.20721973031797,0.028035148618958,-0.599749514781218,5.689549445954936,0.6438432618040674,0.5180356856810375,0.0,32.19420503819614,26.674667903984503,-40.69701770972924,-15.22590571838178,105.31448601982564,624.2314716541612,1.274,1.0150000015428002,0.0,4.215624466736336,165.0000707061107,0.0947946834188474,2.822393094781812e-05,-0.1963882900913144,-0.0739891620981454,0.0193145901590258,0.6004043815063088,15.017978626045515,32.099998325119614,5.749249343642667
9.63,31.221412067062808,131.0126536734326,174.99604322012087,0.0424397946184995,-0.5878464946601953,5.700438471229167,0.6870813647263345,0.4950429172804615,0.0,32.255059296654494,26.672256377476383,-40.816720140449846,-15.21609600355764,105.29948583573284,626.6063297740593,1.274,1.0150000015428002,0.0,4.214777201098792,165.0000707061107,0.0949736395061527,2.8148093894382834e-05,-0.1963010366822307,-0.0750448822202372,0.0193428952368576,0.589376428314095,15.001915460723144,32.16272220519336,5.762998096127855
9.64,31.221411145092727,131.0126562647772,174.7839136592739,0.0563642178410619,-0.5752368872255574,5.711270961789542,0.7297731071426171,0.4711644334026763,0.0,32.31606853145837,26.669848453553804,-40.93653103046568,-15.205710059230393,105.28364134265598,628.9918357212109,1.274,1.0150000015428002,0.0,4.21392609325259,165.0000707061107,0.0951530500314577,2.8071581249860125e-05,-0.1962404878460382,-0.0760818976302645,0.01937390010843,0.5779916043818337,14.98659871934824,32.22571205047288,5.776952545260579
9.65,31.22141022308464,131.01265885584203,174.57083132172616,0.0697958543619414,-0.5619337996966146,5.722051915842845,0.7718659587287569,0.4464208534933958,0.0,32.37723165331577,26.66744350575337,-41.05646199508433,-15.194754565497252,105.26696676014512,631.3879824657537,1.274,1.0150000015428002,0.0,4.2130711443189215,165.0000707061107,0.0953329117786246,2.7994413964287423e-05,-0.1962059347490211,-0.0770987540049021,0.0194075490266534,0.5662516228087271,14.972014549122411,32.28896471353537,5.79110928616261
9.66,31.22140930104022,131.01266144662827,174.35679646850105,0.0827225947170559,-0.5479511691833088,5.732786375450512,0.8133074102550871,0.4208340171520417,0.0,32.43854757990756,26.66504088557289,-41.17652403083598,-15.183236922880324,105.24947729921732,633.7947630207971,1.274,1.0150000015428002,0.0,4.212212355391514,165.0000707061107,0.0955132215520398,2.791661340825616e-05,-0.1961966366251587,-0.0780940064213353,0.0194437826257293,0.5541599975278176,14.958148246676792,32.352476923565575,5.805463791991057
9.67,31.22140837896132,131.012664037137,174.14180935564812,0.095132798801512,-0.5333037332326449,5.743479425745316,0.8540450344820844,0.3944269788531449,0.0,32.50001523643714,26.662639927682807,-41.296727501078045,-15.171165255536048,105.23118915829671,636.212170464103,1.274,1.0150000015428002,0.0,4.211349727522912,165.0000707061107,0.0956939761782397,2.7838201360674727e-05,-0.1962118212022548,-0.0790662211566216,0.0194825379291958,0.5417221242697705,14.944984294919085,32.41624529152431,5.82001043611869
9.68,31.2214074568498,131.01266662736924,173.92587023523586,0.1070153125893764,-0.5180070209404964,5.75413619525435,0.8940265500901103,0.3672240009343356,0.0,32.56163355563445,26.660239950469087,-41.417082122180446,-15.158548413814966,105.21211951814624,638.640197939188,1.274,1.0150000015428002,0.0,4.210483261751927,165.0000707061107,0.0958751725059201,2.775919999587248e-05,-0.1962506851684886,-0.0800139774645335,0.0195237483619974,0.5289454025137231,14.93250637950129,32.48026631154141,5.834742521539786
9.69,31.22140653470764,131.01266921732605,173.70897935435914,0.1183594845178164,-0.5020773429687507,5.764761855945375,0.9331998867135765,0.3392505448820446,0.0,32.623401477771125,26.657840256614687,-41.537596950303936,-15.145395976173289,105.19228653580812,641.0788386569809,1.274,1.0150000015428002,0.0,4.209612959094494,165.0000707061107,0.096056807405977,2.7679631870122967e-05,-0.1963123946836866,-0.080935869367831,0.0195673437673859,0.5158393813188096,14.920697406326916,32.54453636249179,5.849652315866965
9.7,31.221405612536945,131.0126718070084,173.4911369451989,0.1291551815185879,-0.4855317805440504,5.775361622968774,0.9715132510229442,0.3105332608869287,0.0,32.68531795067399,26.655440133712727,-41.65828036879032,-15.131718250419397,105.17170933754024,643.5280858968824,1.274,1.0150000015428002,0.0,4.208738820529939,165.0000707061107,0.0962388777715529,2.759951990755194e-05,-0.1963960859356239,-0.0818305074638427,0.0196132504287257,0.5024159347944664,14.90953951998858,32.60905170973014,5.864731091797027
9.71,31.221404690339856,131.01267439641728,173.27234324490095,0.1393928046794012,-0.4683881735004419,5.785940754064823,1.0089151937981369,0.2810999756421687,0.0,32.74738192972202,26.65303885491187,-41.77914007618342,-15.117526274277166,105.15040801073717,645.9879330080047,1.274,1.0150000015428002,0.0,4.207860847023852,165.0000707061107,0.0964213805180201,2.7518887385472568e-05,-0.1965008657416214,-0.082696520741317,0.0196613910963285,0.4886894742381495,14.899014123042486,32.67380850695963,5.8799691728895125
9.72,31.22140376811865,131.01267698555355,173.0525984717223,0.1490633044948757,-0.4506651072220789,5.796504548605835,1.0453546779057972,0.2509796783628864,0.0,32.809592377859175,26.650635679593712,-41.90018307489862,-15.102831815247832,105.12840359482328,648.4583734103487,1.274,1.0150000015428002,0.0,4.2069790395006414,165.0000707061107,0.0966043125830235,2.743775791909384e-05,-0.1966258121956628,-0.0835325584065648,0.0197116850193846,0.4746772054600828,14.889101896210509,32.73880279828965,5.895355984465977
9.73,31.22140284587565,131.01267957441812,172.83190284391455,0.1581581956989938,-0.4323818986393982,5.80705834624554,1.0807811471261577,0.2202025050031895,0.0,32.87194826558692,26.6482298540814,-42.02141566055851,-15.087647369751492,105.1057180711068,650.9394005955774,1.274,1.0150000015428002,0.0,4.206093398861836,165.0000707061107,0.0967876709264573,2.735615544565848e-05,-0.1967699753611689,-0.084337291716578,0.0197640479830837,0.4603994421049794,14.879782819336867,32.80403052042235,5.910880109416279
9.74,31.22140192361332,131.0126821630118,172.61025657475622,0.1666695716422721,-0.4135585811673321,5.817607525146569,1.1151445957411927,0.188799720652545,0.0,32.93444857096225,26.64582061237973,-42.14284341201132,-15.071986161528384,105.08237435158136,653.4310081279722,1.274,1.0150000015428002,0.0,4.2052039259815,165.0000707061107,0.0969714525304594,2.727410420795796e-05,-0.1969323780095375,-0.0851094158170407,0.01981839235101,0.4458799880601484,14.871036193162391,32.86948750501148,5.926529348663621
9.75,31.22140100133411,131.01268475133534,172.38765986062307,0.1745887868072763,-0.394203757511014,5.828157409128874,1.1483937268148272,0.1568039063929315,0.0,32.99709502640465,26.64340717694637,-42.26447118204849,-15.055862139280096,105.0583962666642,655.9332988504464,1.274,1.0150000015428002,0.0,4.204303075663256,165.0000707061107,0.0971556624870263,2.719162873728233e-05,-0.1971120164044699,-0.0858476515828729,0.0198746287673281,0.4311349741716186,14.862851587383922,32.935174133496496,5.942290333064475
9.76,31.22140007904065,131.01268733938952,172.16411290385062,0.1819097371785911,-0.3743445784822279,5.83871358123495,1.180479919861836,0.1242485215535167,0.0,33.05988533559959,26.640988748055804,-42.3863030888366,-15.03928997352988,105.03380855185824,658.446215741532,1.274,1.0150000015428002,0.0,4.203394351846006,165.0000707061107,0.0973402940260171,2.7108753827413088e-05,-0.1973078585929869,-0.0865507240318768,0.0199326618721229,0.4162025288986723,14.85520185099984,33.00108384506345,5.9581496137645535
9.77,31.22139915673561,131.012689927175,171.93961588689072,0.1886270367968215,-0.3540095808777942,5.849281617247062,1.211355815870656,0.0911680351893301,0.0,33.12281704254425,26.63856452511889,-42.50834250319464,-15.022285064204928,105.00863685040024,660.9696947885126,1.274,1.0150000015428002,0.0,4.202481748767869,165.0000707061107,0.0975253399071433,2.702550454051229e-05,-0.1975188489546244,-0.0872173984362299,0.0199923930526814,0.4011265256738474,14.848058571570782,33.06720970142289,5.974093233382648
9.78,31.22139823442176,131.01269251469236,171.71416899219125,0.1947352290887544,-0.3332215052557298,5.859867024426609,1.2409743071991184,0.0575980187605874,0.0,33.1858891555695,26.6361337027962,-42.63059204375462,-15.0048635307348,104.98290768998211,663.5037298614751,1.274,1.0150000015428002,0.0,4.201565267189048,165.0000707061107,0.0977107972016687,2.694190618331685e-05,-0.19774390932534,-0.0878464837321187,0.0200537215094305,0.3859507137710556,14.8413985534982,33.133547138990735,5.990106535518032
9.79,31.221397312101885,131.01269510194217,171.48777239424282,0.2002295013360545,-0.3120037269983365,5.870475333058776,1.269289195394954,0.0235750568567757,0.0,33.24910069029189,26.63369546557932,-42.75305357321533,-14.98704220039983,104.95664845711792,666.0483148981532,1.274,1.0150000015428002,0.0,4.200644907855842,165.0000707061107,0.0978966630023021,2.6857984277026173e-05,-0.1979819386287133,-0.0884368219475571,0.0201165433145321,0.3707260209095822,14.835198032731556,33.200091501675935,6.006174446426254
9.8,31.221396389778896,131.012697688925,171.2604262585871,0.2051056948770525,-0.2903802263137826,5.881112090995058,1.2962552628470922,-0.0108632815731676,0.0,33.31245066980345,26.631248990731287,-42.8757281927798,-14.968838601843888,104.92988737936902,668.6034439125145,1.274,1.0150000015428002,0.0,4.199720671472828,165.0000707061107,0.0980829344237588,2.677376453738132e-05,-0.1982318138893103,-0.0889872900370829,0.0201807514875524,0.3555118306350466,14.829432711304348,33.26683804578148,6.022281556369943
9.81,31.22139546745578,131.01270027564124,171.0321307408214,0.2093603156430006,-0.268375566130423,5.891782858253303,1.32182834537524,-0.0456784739195889,0.0,33.37593812464276,26.62879344922992,-42.99861623737826,-14.950270957686191,104.90265350641911,671.169110994599,1.274,1.0150000015428002,0.0,4.198792558712138,165.0000707061107,0.0982696086026791,2.6689272854111783e-05,-0.1984923912887536,-0.0894968016868015,0.0202462360764628,0.3403775340735563,14.824077783626633,33.33378194344778,6.038412204083499
9.82,31.22139454513556,131.0127028620913,170.80288599455022,0.2129905440485502,-0.246014869007578,5.902493201027597,1.345965404865738,-0.080831076498272,0.0,33.43956209276215,26.626328006741847,-43.12171727168454,-14.931358176215824,104.87497668999988,673.7453103107297,1.274,1.0150000015428002,0.0,4.197860570227366,165.0000707061107,0.0984566826975267,2.6604535269875425e-05,-0.1987625072658918,-0.0899643091043408,0.0203128842443327,0.3254043774088487,14.81910796329838,33.40091828624748,6.054550563188012
9.83,31.221393622821328,131.01270544827548,170.57269216641615,0.2159942442102014,-0.2233237930285163,5.913248685098428,1.368624601843193,-0.1162807590190428,0.0,33.503321619503204,26.623851824622207,-43.24503008693666,-14.91211984214626,104.84688756265533,676.332036103782,1.274,1.0150000015428002,0.0,4.196924706635016,165.0000707061107,0.0986441538885163,2.651957795864053e-05,-0.19904097966053,-0.0903888047909813,0.0203805803617116,0.3106876145017456,14.8144975104553,33.468242088949225,6.070680730157597
9.84,31.221392700516247,131.0127080341941,170.34154938814754,0.2183699724787078,-0.2003285067699659,5.924054868635899,1.389765367882281,-0.1519863409307918,0.0,33.567215757562465,26.621364060939165,-43.36855269857158,-14.892576206404724,104.8184175153332,678.9292826926288,1.274,1.0150000015428002,0.0,4.195984968514508,165.0000707061107,0.0988320193775203,2.6434427203557697e-05,-0.1993266089000979,-0.0907693232930933,0.0204492061046954,0.2963389295893446,14.81022025954433,33.53574829341758,6.086786813434753
9.85,31.221391778223555,131.01271061984727,170.10945779047495,0.2201169852648595,-0.1770556633774511,5.934917294389912,1.4093484777568368,-0.187905829633171,0.0,33.63124356694437,26.618863871523555,-43.49228234468369,-14.872748174932964,104.78959867379275,681.5370444721949,1.274,1.0150000015428002,0.0,4.1950413564360005,165.0000707061107,0.0990202763879189,2.6349109374278712e-05,-0.1996181792285725,-0.0911049429301286,0.020518640558719,0.2824890102442644,14.806249647486547,33.603431772641414,6.102853023284611
9.86,31.22139085594652,131.01271320523523,169.87641749617208,0.2212351947707264,-0.1535319398228457,5.945841478509696,1.4273360496389058,-0.2239964522657817,0.0,33.695404212943885,26.61635041104126,-43.616215485315344,-14.852657296474945,104.76046387381736,684.1553198933666,1.274,1.0150000015428002,0.0,4.194093595968851,165.0000707061107,0.0992089224530941,2.626365090381056e-05,-0.1999144599768911,-0.091394787496417,0.020588760387914,0.2692897153644857,14.802559134077422,33.671287501093474,6.1188637422966705
9.87,31.221389933688467,131.0127157903579,169.6424286170746,0.2217230749809867,-0.1297663911708172,5.9568327954593485,1.4436886656604888,-0.2602143540691279,0.0,33.75970094607114,26.613822833652858,-43.740347802588445,-14.832325749326712,104.73104663522211,686.7842734320031,1.274,1.0150000015428002,0.0,4.193129948090768,165.0000707061107,0.0993979671344401,2.617807826457608e-05,-0.2002142067722017,-0.0916380270569195,0.0206594423757547,0.2569053409290427,14.799138145660546,33.73931730643838,6.134802802574847
9.88,31.22138901145279,131.01271837521534,169.40749126103833,0.2215842555809103,-0.1058059476392946,5.967896965161918,1.4583733210107237,-0.2965155535149714,0.0,33.824128573340126,26.611280276049914,-43.86467420149841,-14.811776327476696,104.70138113529865,689.4237264577774,1.274,1.0150000015428002,0.0,4.192162377719055,165.0000707061107,0.0995873951332722,2.6092417932790684e-05,-0.2005161586050719,-0.0918338429361798,0.0207305554432939,0.2455492314483464,14.795941949816909,33.80750862339576,6.150655932801068
9.89,31.2213880892429,131.01272095980744,169.1716055319374,0.220820856419423,-0.0816789188716647,5.979039379672505,1.471356859629657,-0.3328552252084291,0.0,33.88868618408908,26.60872190226654,-43.98918880382976,-14.791032444646948,104.67150220839468,692.0736736877368,1.274,1.0150000015428002,0.0,4.19119088529037,165.0000707061107,0.0997772037593267,2.600669640765817e-05,-0.200819048016278,-0.0919815050998249,0.0208019694544072,0.2354426966081571,14.792942687005612,33.8758560938607,6.166408639800186
9.9,31.221387167062296,131.012723544134,168.93477151376365,0.2194357281943487,-0.0574139824037968,5.990265369341165,1.482607825444883,-0.3691879504902156,0.0,33.95337287419387,26.606146873354646,-44.11388495891976,-14.77011809829428,104.64144528795426,694.7341098900562,1.274,1.0150000015428002,0.0,4.190215471217896,165.0000707061107,0.0999673903415833,2.592094015440464e-05,-0.2011215981100871,-0.0920803354665416,0.0208735522854121,0.2268223711779791,14.790112220363556,33.94435430843652,6.182046983159026
9.91,31.221386244914463,131.01272612819483,168.69698929845435,0.2174324525009364,-0.0330401258079291,6.001599486648739,1.4920965169809524,-0.4054676930566376,0.0,34.018187746564976,26.603554354897444,-44.23875524721693,-14.749057851982048,104.61124637562372,697.4050299050998,1.274,1.0150000015428002,0.0,4.189236135877256,165.0000707061107,0.1001579522297356,2.583517557883413e-05,-0.2014225240240155,-0.0921297094895102,0.0209451699635039,0.2199284339805087,14.787422192342584,34.012997816027024,6.197576337911601
9.92,31.221385322802966,131.0127287119896,168.45825896502197,0.2148153431478625,-0.0085866145212089,6.013031789828378,1.499795125532322,-0.4416480823980934,0.0,34.083130200541085,26.6009437228546,-44.363791484722896,-14.727876816568113,104.58094200906856,700.0864405359974,1.274,1.0150000015428002,0.0,4.18825287963468,165.0000707061107,0.1003488876462254,2.574942900145595e-05,-0.2017205335304302,-0.092129057503649,0.0210166868947006,0.2149868862397798,14.784843935286622,34.08178141829118,6.21296947946335
9.93,31.221384400731367,131.0127312955179,168.21858057657047,0.2115894494542715,0.0159170405574585,6.024563379683546,1.5056777001739443,-0.4776822236514509,0.0,34.14819931923097,26.598314130717487,-44.48898472779195,-14.7066006301609,104.5505692284584,702.7783354474342,1.274,1.0150000015428002,0.0,4.187265702809447,165.0000707061107,0.1005401938824258,2.566372663019308e-05,-0.2020143301971865,-0.0920778666284982,0.0210879658041722,0.2121872902616515,14.782348757273075,34.15069956208292,6.228210783155762
9.94,31.221383478703256,131.01273387877936,167.9779542001751,0.2077605557333815,0.040441116900149,6.036199212376303,1.5097202525570923,-0.5135228295988657,0.0,34.213394208649575,26.595664751661506,-44.6143252797797,-14.685255436854924,104.52016554166244,705.480709024878,1.274,1.0150000015428002,0.0,4.1862746056832725,165.0000707061107,0.1007318682971481,2.557809453476596e-05,-0.2023026144161807,-0.0919756818756672,0.0211588680426869,0.2116599283905821,14.779907831290354,34.21974668390993,6.243289346890193
9.95,31.22138255672228,131.01273646177333,167.73637989296623,0.2033351809086269,0.0649557145512937,6.0479441173781225,1.5119008226145658,-0.5491222856900548,0.0,34.27871400145644,26.59299478228203,-44.73980269823584,-14.66386786432022,104.48976888828705,708.1935565360569,1.274,1.0150000015428002,0.0,4.185279588505008,165.0000707061107,0.100923908327659,2.549255861972133e-05,-0.2025840848128442,-0.0918221074335104,0.0212292537283867,0.2134582463500868,14.777492224994964,34.28891721905297,6.25819522138713
9.96,31.22138163479207,131.01273904449923,167.4938577021304,0.1983205772776701,0.0894307909226511,6.059802783989856,1.512199538276196,-0.5844327031629616,0.0,34.34415783702413,26.59030342977065,-44.86540580287132,-14.642465000154113,104.45941760244828,710.9168733164562,1.274,1.0150000015428002,0.0,4.18428065153289,165.0000707061107,0.1011163114309743,2.540714459713688e-05,-0.2028574398712654,-0.0916168079444682,0.0212989818983618,0.2175520300892269,14.77507294029761,34.35820558710843,6.272919480508283
9.97,31.221380712916297,131.01274162695637,167.25038767186703,0.1927245126012385,0.1138379036696616,6.07177973875955,1.51059838049343,-0.6194059412261593,0.0,34.409725246201155,26.587589913163374,-44.9911226844115,-14.621074366977904,104.4291503742798,713.650670729096,1.274,1.0150000015428002,0.0,4.183276692185892,165.0000707061107,0.1013090762167003,2.5321877959075527e-05,-0.2031213795865506,-0.091359509723757,0.0213679109162432,0.2238342181055937,14.77262249172083,34.427606850529806,6.2874542052556235
9.98,31.221379791098634,131.01274420914396,167.00596983941287,0.1865535768525187,0.1381635067799682,6.083879284861098,1.507078806147781,-0.6539933632103254,0.0,34.47541914035971,26.58485346277364,-45.11694071433772,-14.599723896262478,104.39900621017604,716.3951005450992,1.274,1.0150000015428002,0.0,4.182256910906504,165.0000707061107,0.1015022112473308,2.523678394870592e-05,-0.203374606694753,-0.0910499983039939,0.0214359004585125,0.2321450498812997,14.770126956783493,34.49712179222132,6.301791888012882
9.99,31.221378869342743,131.01274679106112,166.7606042350421,0.1798195243142806,0.1623588861912676,6.0961058584103744,1.5016293257687268,-0.6881468291391956,0.0,34.541234533526875,26.582093305967323,-45.24284655474761,-14.578441902821684,104.36902439452808,719.1499866888972,1.274,1.0150000015428002,0.0,4.18123315973102,165.0000707061107,0.1016957018340103,2.5151887524618336e-05,-0.2036158243882839,-0.0906880876715939,0.0215028042629563,0.2422712997882691,14.767540606154547,34.56673777360086,6.315927748748259
10.0,31.22137794765233,131.01274937270688,166.51429088703614,0.1725325090652307,0.1863937917338965,6.10846344276494,1.494238982300764,-0.7218179497586932,0.0,34.607170591686064,26.579308711267387,-45.368826162310846,-14.557257075352965,104.33924447457164,721.9153247687219,1.274,1.0150000015428002,0.0,4.180205438792606,165.0000707061107,0.1018895455120994,2.506721337298701e-05,-0.2038437472745286,-0.0902736956824412,0.021568478763791,0.2539882030125971,14.764834498145255,34.63644920838165,6.329857575049914
10.01,31.221377026031075,131.01275195408024,166.26702981075,0.1647034011097977,0.2102379872972807,6.120955808092938,1.4848991908292093,-0.7549583689274612,0.0,34.673226486710824,26.576498957552555,-45.49486480897476,-14.536198425573891,104.30970618741,724.6911104325042,1.274,1.0150000015428002,0.0,4.179173748195891,165.0000707061107,0.1020837398342946,2.498278584764805e-05,-0.2040570983189106,-0.0898068060900242,0.0216327802033092,0.2670713385813147,14.761979758382186,34.7062505184242,6.343578465689971
10.02,31.22137610448265,131.01275453518008,166.018821020539,0.1563437760489125,0.2338613155001986,6.133586493616332,1.473603785592461,-0.7875198285980968,0.0,34.739401396748505,26.573663341871185,-45.620947095259126,-14.5152952568489,104.28044941526286,727.4773393845329,1.274,1.0150000015428002,0.0,4.178138088007458,165.0000707061107,0.1022782823717675,2.489862894161708e-05,-0.2042546106138678,-0.0892874694835564,0.0216955648239505,0.2813082925466557,14.758947638329294,34.77613614428569,6.357088867714554
10.03,31.221375183010743,131.01275711600516,165.76966452578455,0.1474659070327323,0.2572337361396205,6.146358791834283,1.4603490670937795,-0.8194542351448276,0.0,34.80569450612479,26.570801180693685,-45.74705696445012,-14.4945771314636,104.25151413944484,730.2740073830929,1.274,1.0150000015428002,0.0,4.177098458289136,165.0000707061107,0.1024731707138777,2.4814766258457933e-05,-0.2044350291566765,-0.0887158040940371,0.0217566890633264,0.2965050465646908,14.75570954753003,34.84610055117073,6.370388609748784
10.04,31.22137426161897,131.0127596965542,165.5195603259222,0.1380827557004541,0.2803253651089673,6.15927573270656,1.4451338466338075,-0.8507137267342121,0.0,34.872105005263634,26.567911811168727,-45.8731777176791,-14.474073836573488,104.22294039313164,733.0811102383993,1.274,1.0150000015428002,0.0,4.1760548590789695,165.0000707061107,0.102668402467938,2.473122098361879e-05,-0.2045971126408017,-0.0880919965218148,0.0218160097529963,0.3124884087568755,14.752237086031077,34.91613823497067,6.383478928534861
10.05,31.221373340310976,131.01276227682587,165.26850842237087,0.1282079621192082,0.3031065135903331,6.17234006786572,1.4279594881593427,-0.8812507416648395,0.0,34.93863209059912,26.56499459237365,-45.99929202988561,-14.453815348827106,104.19476821293132,735.8986438101812,1.274,1.0150000015428002,0.0,4.175007290391227,165.0000707061107,0.1028639752589537,2.4648015855733727e-05,-0.2047396352584388,-0.0874163023827455,0.0218733843207701,0.3291058899387595,14.748502076837612,34.98624372833711,6.396362488390548
10.06,31.2213724190904,131.01276485681868,165.0165088046172,0.1178558337148406,0.3255477275024578,6.185554254925172,1.4088299473054586,-0.9110180875963804,0.0,35.00527496448515,26.56204890655636,-46.125381966660775,-14.4338317976676,104.1670375892826,738.7266040053189,1.274,1.0150000015428002,0.0,4.173955752216399,165.0000707061107,0.1030598867293551,2.4565173137960565e-05,-0.204861388511874,-0.0866890468704201,0.0219286709963228,0.3462241628610851,14.744476598408776,35.056411606792686,6.40904339328229
10.07,31.22137149796077,131.01276743653105,164.76356146214127,0.1070413331904707,0.3476198271691198,6.198920441953433,1.387751807509955,-0.9399690115853612,0.0,35.07203283510664,26.5590741603663,-46.25142900196838,-14.414153427318457,104.13978841570416,741.5649867747795,1.274,1.0150000015428002,0.0,4.17290024451168,165.0000707061107,0.1032561345387445,2.448271458936908e-05,-0.2049611830312207,-0.0859106252319379,0.0219817290198575,0.3637268902141399,14.740133017193786,35.126636494877125,6.421527191226091
10.08,31.22137057692568,131.01277001596142,164.5096663804431,0.0957779726626018,0.3693096052293737,6.212440401228941,1.364731483869527,-0.9680568978662936,0.0,35.13890843618415,26.556069786073543,-46.37741403674056,-14.39481055746448,104.11306043692312,744.413937244221,1.274,1.0150000015428002,0.0,4.171830459296868,165.0000707061107,0.1034527267262817,2.440066143643483e-05,-0.2050378503960128,-0.0850815031547499,0.0220324210605576,0.38152703379907,14.73545826095418,35.196919051625585,6.433820165297817
10.09,31.2213696559886,131.0127725951081,164.25482353905284,0.0840833758596089,0.3905779694211727,6.226115805618958,1.3397815275602094,-0.9952361607524824,0.0,35.20589862119111,26.553035225014,-46.50331741834297,-14.375833542641944,104.08689319591572,747.2733518649292,1.274,1.0150000015428002,0.0,4.170753275050924,165.0000707061107,0.1036496540189723,2.431903433506492e-05,-0.2050902403732429,-0.0842021823977631,0.0220806070410239,0.3995260376733833,14.730415753781262,35.26724998999424,6.44593108730144
10.1,31.22136873515301,131.0127751739692,163.99903291451412,0.0719750754465171,0.4113916423255855,6.239947852070303,1.3129170877309284,-1.0214618550855914,0.0,35.273001459388084,26.54996996421787,-46.6291189534362,-14.357252750014664,104.06132600696397,750.1431778273917,1.274,1.0150000015428002,0.0,4.16967206980501,165.0000707061107,0.1038469107232895,2.4237853376232355e-05,-0.2051172303209585,-0.0832732587789285,0.0221261496123999,0.4176402828219553,14.7249742285588,35.33762215220191,6.457869989184324
10.11,31.221367814422337,131.01277775254297,163.7422944734245,0.0594705171350101,0.4317229216014481,6.253937303646054,1.2841555436548724,-1.0466896948957167,0.0,35.34021618138638,26.546873521789976,-46.7547979341411,-14.339098503467635,104.0363978828503,753.0234112357234,1.274,1.0150000015428002,0.0,4.168586843448326,165.0000707061107,0.1040444945648626,2.415713804288252e-05,-0.2051177255055081,-0.0822954105474476,0.0221689141814947,0.4357996747477925,14.719107510089968,35.408030417622854,6.469648102921527
10.12,31.22136689379993,131.01278033082744,163.48460819231644,0.0465877273971826,0.4515445712259789,6.268084541456788,1.253517038038387,-1.070876193153978,0.0,35.407542023022934,26.54374544424049,-46.8803331625377,-14.321401032871709,104.01214747003928,755.9140482186374,1.274,1.0150000015428002,0.0,4.167497595870073,165.0000707061107,0.1042424032847067,2.407690717327772e-05,-0.2050906594205211,-0.0812693870492264,0.0222087682463378,0.4539414843493374,14.712789866032502,35.478469744193454,6.481278007041978
10.13,31.22136597328912,131.01278290882058,163.22597403380115,0.0333452943465335,0.4708298688974727,6.282389551084931,1.221024492511328,-1.0939787346877774,0.0,35.474978225374834,26.540585309548675,-47.005702973566684,-14.304190428515374,103.9886129917338,758.8150849314958,1.274,1.0150000015428002,0.0,4.166404326945002,165.0000707061107,0.1044406346392604,2.3997178933657886e-05,-0.2050349955904432,-0.0801960086533009,0.0222455816180224,0.4720091620646174,14.705996046781957,35.54893517587058,6.492773579514592
10.14,31.221365052893123,131.01278548652024,162.96639195949007,0.019762348623087,0.4895526456931313,6.296851910282234,1.1867036201635803,-1.1159556493287424,0.0,35.54252403466426,26.53739272825792,-47.1308852587756,-14.28749659437072,103.96583219005092,761.7265175525217,1.274,1.0150000015428002,0.0,4.165307036514138,165.0000707061107,0.1046391864001186,2.391797079125628e-05,-0.2049497293594194,-0.0790761665597689,0.02227922664331,0.4899513586313884,14.698701317745932,35.61942184876288,6.504149942413928
10.15,31.221364132615143,131.01278806392435,162.7058619339711,0.0058585433126647,0.5076873254034162,6.311470777438906,1.150582934298448,-1.1367662851090814,0.0,35.61017870213867,26.534167344544027,-47.255857490899096,-14.271349200244089,103.94384226738832,764.6483422794095,1.274,1.0150000015428002,0.0,4.164205724432958,165.0000707061107,0.1048380563536698,2.383929948774117e-05,-0.2048338896648121,-0.0779108225041584,0.0223095784280405,0.5077211262166997,14.690881491415936,35.689924997185415,6.515423397610074
10.16,31.22136321245827,131.01279064103056,162.4443839118866,-0.008345967119792,0.5252089637042376,6.32624488090141,1.112693753273786,-1.1563710813952772,0.0,35.67794148398012,26.530908837254085,-47.38059674926462,-14.255777632859235,103.9226798270456,767.580555326153,1.274,1.0150000015428002,0.0,4.16310039053286,165.0000707061107,0.105037242300834,2.376118101314216e-05,-0.2046865407924432,-0.076701008356792,0.0223365150609788,0.5252752695216659,14.682512959413692,35.76043995971717,6.52661135349678
10.17,31.22136229242556,131.0127932178366,162.18195785284342,-0.022830548839645,0.5420932868886151,6.341172509215332,1.0730702013669269,-1.1747316418538412,0.0,35.74581164119384,26.52761692091196,-47.50507974601443,-14.240810945924874,103.9023808131688,770.5231529195382,1.274,1.0150000015428002,0.0,4.161991034640416,165.0000707061107,0.1052367420567307,2.3683630580300964e-05,-0.2045067841105393,-0.0754478256153348,0.0223599178377652,0.5425738199519408,14.67357272428812,35.830962185167486,6.53773224283945
10.18,31.221361372519933,131.01279579434012,161.91858371047806,-0.03757698193483,0.55833725370619,6.3562514628420255,1.0317453441687303,-1.1918102690638177,0.0,35.813793040613334,26.5242913466886,-47.629282853134,-14.226477809245942,103.8829804500932,773.4763300369477,1.274,1.0150000015428002,0.0,4.160863910244897,165.0000707061107,0.1054365669961439,2.3606662599885777e-05,-0.2042937597793917,-0.0741524447893374,0.0223796743597856,0.5596002803346065,14.664057174659584,35.901495063267575,6.548804687234244
10.19,31.221360452744264,131.0127983705386,161.65426144040975,-0.0525610189949842,0.5738983848002703,6.371479378938732,0.9887608101604752,-1.2075713717996692,0.0,35.881880561693634,26.520931878710783,-47.75318213027667,-14.212806456941296,103.86451318116347,776.4398940416737,1.274,1.0150000015428002,0.0,4.159732075502355,165.0000707061107,0.105636702034743,2.353029064389437e-05,-0.204046641821609,-0.0728160573659504,0.0223956695303923,0.5763002033680913,14.653926682989628,35.97202680178147,6.5598495435444875
10.2,31.221359533101342,131.0128009464295,161.38899099129367,-0.0677605965249069,0.5887536945553646,6.386853190708044,0.9441591843819506,-1.2219804895876387,0.0,35.95007326627143,26.5175383510876,-47.87675334305011,-14.199824662844582,103.847012644911,779.4138319949438,1.274,1.0150000015428002,0.0,4.158596166231713,165.0000707061107,0.1058371444013025,2.345452747004573e-05,-0.2037646525988902,-0.071439967256481,0.0224077954223322,0.5926400675686113,14.643159404614194,36.0425528528471,6.5708878062285585
10.21,31.22135861359384,131.0128035220104,161.1227723197314,-0.0831533977223266,0.6028819430289286,6.402369353163673,0.897985727325546,-1.2350046013599087,0.0,36.01837043358308,26.51411063062053,-47.99997200218966,-14.187559660969956,103.8305115775298,782.3981401386364,1.274,1.0150000015428002,0.0,4.157456182228029,165.0000707061107,0.1060378919646335,2.337938496468173e-05,-0.2034470585216542,-0.0700255470666338,0.022415948371205,0.6085892453822889,14.631735072908434,36.113069160240734,6.581941056116346
10.22,31.22135769422436,131.01280609727843,160.8556053743661,-0.098716749994865,0.616262745842516,6.418023848649851,0.8502884495591838,-1.2466122090038032,0.0,36.086771347137486,26.51064862389477,-48.12281339417014,-14.176038090218803,103.81504174893388,785.3928147080321,1.274,1.0150000015428002,0.0,4.1563121232863605,165.0000707061107,0.10623894260613,2.3304874118957e-05,-0.2030931713355691,-0.0685742349134088,0.0224200290289569,0.6241188931997259,14.61963418638991,36.18357180642888,6.593031364170001
10.23,31.221356774995368,131.01280867223105,160.58749010979895,-0.1144276525308777,0.6288766109568521,6.433812183974365,0.801118086844898,-1.2567734068907654,0.0,36.1552752946284,26.507152278410285,-48.24525261209575,-14.165285939753463,103.8006339003536,788.3978519285865,1.274,1.0150000015428002,0.0,4.155163989196888,165.0000707061107,0.1064402942195141,2.323100500752404e-05,-0.2027023496643216,-0.0670875332577272,0.0224199425808559,0.6392018098074977,14.606838040359268,36.25405701824733,6.6041811607492145
10.24,31.22135585590925,131.01281124686545,160.31842647664905,-0.1302628044873931,0.6407049732338534,6.449729389026412,0.7505280708761356,-1.2654599504313293,0.0,36.22388156782242,26.50362158329393,-48.36726458731802,-14.1553284938872,103.78731768189137,791.4132480120411,1.274,1.0150000015428002,0.0,4.154011779759545,165.0000707061107,0.1066419447105045,2.3157786768104248e-05,-0.2022740005090512,-0.0655670076204564,0.0224155989598829,0.6538123229751763,14.593328756750497,36.3245211722079,6.615413098438353
10.25,31.221354936968247,131.01281382117878,160.04841442950584,-0.1461986339705803,0.6517302281824487,6.4657700168315,0.6985744954237056,-1.272645323511641,0.0,36.29258946245505,26.50005656996045,-48.488824121761695,-14.146190276593837,103.77512159015504,794.4389991530171,1.274,1.0150000015428002,0.0,4.15285549477427,165.0000707061107,0.1068438919965043,2.3085227582010407e-05,-0.2018075807017633,-0.064014285184778,0.0224069130581965,0.6679262003037469,14.579089313600155,36.39496079968495,6.626749908942524
10.26,31.221354018174544,131.0128163951682,159.7774539199696,-0.1622113277762734,0.6619357647996494,6.481928145090921,0.6453160778387994,-1.278304804685447,0.0,36.3613982781304,26.496457312720825,-48.609905920940726,-14.13789499574488,103.76407290608938,797.4751015243446,1.274,1.0150000015428002,0.0,4.151695134021481,165.0000707061107,0.107046134006323,2.3013334655690127e-05,-0.2013025983095671,-0.062431053284668,0.0223938049352102,0.6815205799666361,14.564103574074243,36.46537259196317,6.6382142547616665
10.27,31.221353099530138,131.01281896883083,159.505544905599,-0.1782789051415071,0.6713200790865625,6.498197365338331,0.590811370661937,-1.282415131130184,0.0,36.4303104670206,26.492823929335486,-48.730484627643214,-14.13046548718904,103.7541976331332,800.5216896582353,1.274,1.0150000015428002,0.0,4.150521117672927,165.0000707061107,0.1072486779497438,2.29421142033019e-05,-0.200758613986601,-0.0608190577794948,0.0223762019560175,0.6945880521285533,14.548369228884628,36.53575876572073,6.6498282416273815
10.28,31.221352181036952,131.01282154216375,159.2326873439463,-0.1943762972449369,0.6798625390642392,6.51457097665428,0.5351240945688338,-1.2849553419820452,0.0,36.49932398298923,26.489156563730432,-48.85053485626312,-14.123923658793824,103.7455204358343,803.5787008878604,1.274,1.0150000015428002,0.0,4.149337510269871,165.0000707061107,0.1074515177937344,2.287157142235196e-05,-0.2001752373460313,-0.0591800676820138,0.0223540337280269,0.7071021451791258,14.531866410992455,36.60611403488314,6.661614146537055
10.29,31.221351262696764,131.01282411516388,158.9588811925574,-0.2104779844953086,0.6875416227663773,6.531041751197291,0.4783213858984383,-1.2859065996788788,0.0,36.568436337324144,26.48545541758056,-48.9700312203178,-14.118290455243864,103.73806460648176,806.6460523762979,1.274,1.0150000015428002,0.0,4.148149773881164,165.0000707061107,0.1076546462024111,2.2801710507408256e-05,-0.1995521351478696,-0.0575159212040035,0.0223272355838812,0.7190357004847994,14.514574400439558,36.67643253098625,6.67359374604026
10.3,31.22135034451124,131.01282668782824,158.68412641394164,-0.226559496804368,0.6943449824223417,6.5476019123595615,0.4204719615926887,-1.2852519892194374,0.0,36.63764684412192,26.481720744973885,-49.08894837112482,-14.113585793983065,103.73185199371954,809.7237401768758,1.274,1.0150000015428002,0.0,4.146957908333815,165.0000707061107,0.1078580611472713,2.273253462994004e-05,-0.1988890332524087,-0.0558285287629737,0.022295750233848,0.7303708971703109,14.496480862262777,36.74671162931438,6.685787922826502
10.31,31.22134942648188,131.01282926015372,158.40842297358367,-0.2425962798466226,0.7002613994863405,6.564243239495337,0.3616469027548643,-1.2829766986175073,0.0,36.706954820690925,26.47795284170657,-49.20726103816615,-14.1098284982367,103.72690292781748,812.8117602950557,1.274,1.0150000015428002,0.0,4.145761913440003,165.0000707061107,0.1080617606092921,2.266404591114712e-05,-0.1981857149362308,-0.0541198517156277,0.0222595265315722,0.7410911227406657,14.477574471058668,36.81694888567794,6.6982167028790505
10.32,31.221348508610088,131.01283183213727,158.13177083497436,-0.2585637304133069,0.7052808228902585,6.580957078206261,0.301919586327918,-1.2790680747335568,0.0,36.77635958755351,26.47415204891688,-49.324944065752085,-14.107036242201886,103.72323616251973,815.9101086909984,1.274,1.0150000015428002,0.0,4.144561789076163,165.0000707061107,0.1082657425789059,2.2596245410582e-05,-0.1974420219407251,-0.0523919002008477,0.0222185196538428,0.7511809802442393,14.457844948589084,36.8871420424158,6.710899093385634
10.33,31.22134759089709,131.0128344037758,157.85416997253108,-0.2744372305135548,0.7093943938523393,6.597734353052938,0.2413656131680648,-1.2735156771155025,0.0,36.8458604683797,26.4703187532595,-49.44197245019768,-14.105225496873464,103.72086881807036,819.0187812754682,1.274,1.0150000015428002,0.0,4.143357535074246,165.0000707061107,0.1084700050558328,2.2529133116147503e-05,-0.1966578554456829,-0.0506467308439804,0.0221726912734057,0.7606262886231956,14.43728308856982,36.9572890322183,6.723852923178334
10.34,31.221346673344,131.0128369750661,157.5756203586772,-0.2901921818950448,0.7125944689933368,6.614565581901959,0.1800627313092722,-1.2663113295457111,0.0,36.91545678985696,26.466453387016344,-49.55832137747128,-14.10441147667734,103.71981632560414,822.1377739051497,1.274,1.0150000015428002,0.0,4.142149151315629,165.0000707061107,0.1086745460486866,2.246270793548694e-05,-0.1958331769691892,-0.0488864443524914,0.0221220097250153,0.769414087225896,14.415880780390006,37.02738798162135,6.737094685977361
10.35,31.221345755951766,131.01283954600507,157.29612197676292,-0.3058040410070348,0.7148746421694405,6.6314408918943295,0.1180907543566276,-1.2574491691490195,0.0,36.98514788160207,26.4625564281362,-49.673966261277485,-14.104608087071876,103.7200923730706,825.2670823793867,1.274,1.0150000015428002,0.0,4.140936637696518,165.0000707061107,0.108879363574713,2.2396967688847287e-05,-0.194968009191016,-0.0471131830052756,0.0220664501642913,0.7775326441991212,14.393631032137195,37.09743721434192,6.750639387639243
10.36,31.2213448387212,131.01284211658944,157.0156748071501,-0.3212509077482476,0.7162467801577996,6.648350029546287,0.0555280412421602,-1.246925169334123,0.0,37.05493687078454,26.458628400202752,-49.78888278153542,-14.10582787328028,103.72170885286208,828.406872106543,1.274,1.0150000015428002,0.0,4.1397082372836485,165.0000707061107,0.1090844668306318,2.23319091034316e-05,-0.1940624366966101,-0.0453291280369934,0.0220059969724819,0.7849880380571346,14.370543665967292,37.167441721647045,6.764500266586678
10.37,31.221343921652952,131.01284468681615,156.734278838146,-0.3365067712097166,0.7166956544096758,6.665282592813459,-0.0075410816607263,-1.2347383230433728,0.0,37.124820574340085,26.454669849719103,-49.90304692320901,-14.108081970322868,103.72467581132224,831.557026920692,1.274,1.0150000015428002,0.0,4.1384716940412885,165.0000707061107,0.1092898464366526,2.226752779980493e-05,-0.1931166002086458,-0.0435364548517004,0.0219406371408056,0.7917597881190975,14.34660354450033,37.237395928692536,6.778689227008911
10.38,31.22134300474753,131.01284725668188,156.45193406302027,-0.3515466027017232,0.7162129207737724,6.682227714867292,-0.0710305454910422,-1.2208900633426236,0.0,37.194797049515685,26.45068139085718,-50.016435005995845,-14.111380081300515,103.72900143529156,834.7174852769277,1.274,1.0150000015428002,0.0,4.137230967359642,165.0000707061107,0.1094954966643787,2.2203818326856223e-05,-0.1921307077653563,-0.0417374000093544,0.021870366134601,0.7978342714308512,14.321801850925777,37.30729658217414,6.793216110098519
10.39,31.22134208800531,131.01284982618355,156.16864047901328,-0.3663464297449154,0.7147972850426724,6.699174150687552,-0.1348532017663674,-1.205384213514733,0.0,37.26486563676583,26.44666368556508,-50.12902372990984,-14.115730413289732,103.73469198318163,837.8882427094932,1.274,1.0150000015428002,0.0,4.135986057223686,165.0000707061107,0.1097014155630137,2.214077414343289e-05,-0.1911050332017402,-0.0399342447839403,0.021795187803393,0.8032047699134706,14.296136255247324,37.37714281922232,6.80808862967114
10.4,31.221341171426456,131.01285239531788,155.88439809329623,-0.3808825124947765,0.712448766209172,6.7161103674407645,-0.1989203123222252,-1.188227115069687,0.0,37.335025678925405,26.442617438036283,-50.240790218068526,-14.121139623350668,103.74175172945424,841.0692946719956,1.274,1.0150000015428002,0.0,4.134736963618404,165.0000707061107,0.1099076011887861,2.207838760859957e-05,-0.1900399143957953,-0.038129297999314,0.0217151134893421,0.8078658649651056,14.269605637231912,37.44693398551969,6.82331235070523
10.41,31.221340255011032,131.01285496408173,155.59920691701163,-0.3951313815173447,0.7091687172071006,6.733024568978114,-0.2631416603214348,-1.1694276592730373,0.0,37.40527652119669,26.43854339683607,-50.35171205646244,-14.127612775449917,103.75018292338592,844.2606365369688,1.274,1.0150000015428002,0.0,4.133483686563821,165.0000707061107,0.1101140516049129,2.2016649984054166e-05,-0.1889357535790648,-0.0363248929474046,0.0216301621342003,0.8118134669553012,14.242210111947012,37.516669638546965,6.838890584746363
10.42,31.22133933875892,131.01285753247188,155.31306696526983,-0.4090698742692635,0.70495983488758,6.749904722134874,-0.3274256649010052,-1.1489973154387971,0.0,37.475617511061806,26.43444235440428,-50.46176733382802,-14.135153299545344,103.7599857505956,847.4622635928215,1.274,1.0150000015428002,0.0,4.1322262261200144,165.0000707061107,0.1103207648813321,2.1955551438282622e-05,-0.1877930175489732,-0.0345233841952161,0.021540360375657,0.8150448371411781,14.21395104513597,37.5863495490647,6.854824297881025
10.43,31.221338422669817,131.01286010048523,155.02597826212047,-0.422675171591854,0.6998261681779591,6.766738584268199,-0.391679500344549,-1.1269501557110375,0.0,37.54604799821092,26.43031514648132,-50.57093468155852,-14.14376295302472,103.77115829753376,850.6741710401584,1.274,1.0150000015428002,0.0,4.130964582352068,165.0000707061107,0.1105277390945013,2.189508105245387e-05,-0.186612237784011,-0.0327271443059078,0.021445742633046,0.8175586106470061,14.184831067334509,37.65597370232671,6.871112031707188
10.44,31.22133750674329,131.01286266811857,154.73794083955812,-0.4359257343696765,0.6937789599693825,6.7835137297945005,-0.4558104330872607,-1.1033026845651284,0.0,37.6165686328643,26.426162651452,-50.67919331359017,-14.1534417846778,103.78369651911518,853.8964129360227,1.274,1.0150000015428002,0.0,4.129694667022741,165.0000707061107,0.1107349761493725,2.183522682811076e-05,-0.1853940104595828,-0.0309385604773915,0.0213463519188569,0.8193602403791677,14.154859483541976,37.7255445139811,6.887749885629582
10.45,31.22133659097875,131.01286523536882,154.44895473851636,-0.4488013541450505,0.6868366478456749,6.8002176468116255,-0.519726550199837,-1.0780737571211647,0.0,37.68718136893772,26.42198578149321,-50.786523066197326,-14.164188101378574,103.79759420967304,857.1291028992323,1.274,1.0150000015428002,0.0,4.128408251282379,165.0000707061107,0.1109424817886517,2.177597569347388e-05,-0.1841389940095849,-0.0291600162372904,0.0212422396075808,0.8204618138106966,14.12405229271955,37.79506683336287,6.904731620909259
10.46,31.22133567537543,131.0128678022329,154.15901999793445,-0.4612777506397593,0.6789897482023065,6.816837849130655,-0.5833301539902125,-1.051285660385973,0.0,37.75788165896519,26.417785476116723,-50.892904434234495,-14.175998447397395,103.81284298997808,860.3720589747104,1.274,1.0150000015428002,0.0,4.127117598604729,165.0000707061107,0.111150242616431,2.1717313519259466e-05,-0.1828479064957383,-0.0273938728102939,0.021133460806826,0.8208497308738136,14.092399698560529,37.86453462283015,6.922048386830857
10.47,31.221334759932382,131.01287036870772,153.8681366766233,-0.4733338397402112,0.6702477535926301,6.833361550903004,-0.6465247370298662,-1.022963045444168,0.0,37.82866886092052,26.41356274485445,-50.99831860365448,-14.188867596908985,103.82943231088971,863.6252759896049,1.274,1.0150000015428002,0.0,4.125822709182493,165.0000707061107,0.1113582567336279,2.1659225163110955e-05,-0.1815215371629791,-0.0256425402679775,0.0210200816749848,0.8205283390426218,14.05990949605631,37.9339487306693,6.9396885890719515
10.48,31.221333844648548,131.01287293479027,153.5763048363695,-0.4849490567267795,0.6606214915266463,6.849775910374992,-0.7092132007611872,-0.9931332340449924,0.0,37.89954233433281,26.40931862832221,-51.102747500781,-14.202788500774474,103.84734939771296,866.8887486546669,1.274,1.0150000015428002,0.0,4.124523583264156,165.0000707061107,0.1115665222457537,2.160169445195476e-05,-0.1801607389883681,-0.0239084291477702,0.020902176408038,0.8195034600440195,14.026590765392449,38.00331021635236,6.957638033632688
10.49,31.221332929522664,131.0128755004776,153.2835245469047,-0.4961033959434226,0.6501231483939887,6.8660680615945004,-0.7712980025622626,-0.961826219233608,0.0,37.97050144048973,26.40505420530164,-51.20617383101461,-14.217752265757092,103.86657923612576,870.1624715729552,1.274,1.0150000015428002,0.0,4.1232202211184905,165.0000707061107,0.11177503726352,2.154470419886e-05,-0.1787664281837963,-0.0221939468137692,0.0207798272550079,0.8177824434666059,13.992453904679875,38.07262035450755,6.975879938130372
10.5,31.22133201455333,131.01287806576678,152.98979588689943,-0.5067774456462348,0.6387662632330348,6.882225147914358,-0.8326813034803847,-0.929074662095321,0.0,38.04154554236423,26.400770591574247,-51.30858111708672,-14.23374813723513,103.88710456219718,873.4464392368121,1.274,1.0150000015428002,0.0,4.121912623064977,165.0000707061107,0.1119837999026192,2.1488236221734185e-05,-0.1773395835779953,-0.0205014936908943,0.0206531245188008,0.8153741951175207,13.957510632960386,38.14188063387746,6.994394960788112
10.51,31.22133109973896,131.01288063065488,152.69511894396237,-0.5169524223899993,0.6265657194419032,6.60016163032136,-0.8965249966213096,-0.8922244433690694,0.0,38.11267400455822,26.39646893868376,-51.4099537367623,-14.2507634856077,103.90890585669976,876.7406460254,1.274,1.0150000015428002,0.0099999998999358,4.120600789458596,165.0000707061107,0.1121928082835576,2.143227136389335e-05,-0.1758812458877992,-0.0188334594484279,0.020522166543546,0.8122892063486316,13.921773991486829,38.211092755971634,6.720264509175097
10.52,31.22133018507781,131.01288319513907,152.3994938156357,-0.5265999410446514,0.6135375411735484,6.315956326678159,-0.9594047767258164,-0.8531313866862054,0.0,38.17941523578802,26.389347539951547,-51.51027695990348,-14.268783796536608,103.93196134385738,879.8390090219679,1.274,1.0150000015428002,0.0199999997999356,4.119282875275425,165.0000707061107,0.1123888993559081,2.1376789516505822e-05,-0.1743925168775826,-0.0171922191380674,0.0203846725639664,0.8085327531350166,13.886754802136798,38.27578764558289,6.445121799396758
10.53,31.221329270693253,131.0128857586651,152.10298697950296,-0.5357026989090882,0.5997178056869786,6.029686332527404,-1.0211639201774527,-0.8121249911933507,0.0,38.24323344850141,26.38033495099696,-51.609536985293225,-14.287792665147649,103.95624699435984,882.8080447773144,1.274,1.0150000015428002,0.0299999996999354,4.117945516427899,165.0000707061107,0.1125763835213714,2.1321780356086595e-05,-0.1728749231691671,-0.0155805053559935,0.0202416369461552,0.8041320461261775,13.85198324163878,38.33743518099792,6.169233341498825
10.54,31.221328356579857,131.01288832124493,151.80559725712405,-0.5442340533971802,0.5851020732920352,5.741473857697283,-1.0816650025992776,-0.7692830750015768,0.0,38.304104706425,26.369428602049457,-51.707721230925415,-14.307771595499387,103.98173628037496,885.6459605558042,1.274,1.0150000015428002,0.0399999995999352,4.11660416888114,165.0000707061107,0.11275519039866,2.126722891597453e-05,-0.1713299553412163,-0.0140008352669469,0.0200932452626856,0.7990774961937102,13.81745092046754,38.39601072776916,5.892904011262469
10.55,31.22132744278832,131.0128908826429,151.5073532566838,-0.5521719113531164,0.569709333965975,5.4514428277012845,-1.1407752264476791,-0.7246881906690105,0.0,38.36201148277561,26.356627079903543,-51.80481828947384,-14.328700119477173,104.00840033736834,888.3512819007655,1.274,1.0150000015428002,0.0499999994999349,4.115258827298171,165.0000707061107,0.1129252685134652,2.1213119295173148e-05,-0.1697592001313203,-0.0124557432492099,0.0199397007424313,0.7933804236023901,13.783171253827309,38.45149974106533,5.616473092134214
10.56,31.22132652936019,131.0128934426631,151.20827901771278,-0.5594952171188192,0.553559764917741,5.159719146451918,-1.1983642473131515,-0.6784278143199345,0.0,38.41693759683782,26.34192990719244,-51.900817989242526,-14.350555779001336,104.03620795104096,890.9226237207826,1.274,1.0150000015428002,0.0599999993999347,4.113909621107099,165.0000707061107,0.1130865703494232,2.1159434658404584e-05,-0.1681643276226905,-0.0109477167542638,0.0197812200353884,0.7870537283276251,13.749158881272344,38.50388920863553,5.340322353448699
10.57,31.221325616336856,131.01289600110965,150.9083987785704,-0.5661840358895758,0.5366749532622308,4.866430582180955,-1.2543046289531508,-0.6305941157912082,0.0,38.468868279983226,26.325337554195496,-51.99571143940881,-14.3733141529601,104.06512560043564,893.3586940169849,1.274,1.0150000015428002,0.0699999992999345,4.112556659050749,165.0000707061107,0.1132390525484422,2.1106157280295705e-05,-0.1665470877432257,-0.0094791903551388,0.0196180327286996,0.7801121668306217,13.715429889424705,38.5531677518155,5.06488653893351
10.58,31.22132470375961,131.01289855778657,150.60773694364747,-0.5722195896576239,0.5190778288881353,4.571706655154668,-1.3084722525114452,-0.5812837154709989,0.0,38.517790184021294,26.30685143802132,-52.08949107257192,-14.396948890100932,104.09511750779896,895.6582952907929,1.274,1.0150000015428002,0.0799999991999343,4.111200050786274,165.0000707061107,0.1133826759351485,2.105326859165041e-05,-0.164909306381747,-0.0080525392279437,0.0194503807781165,0.7725723868079784,13.682001762693686,38.59932562334496,4.790667190929634
10.59,31.221323791669576,131.01290111249807,150.30631809927144,-0.5775842956973374,0.500792624936406,4.275678520570988,-1.3607467208592707,-0.5305974219064599,0.0,38.563691394713565,26.286473920735016,-52.182150684308105,-14.42143174830254,104.12614569568248,897.8203261170218,1.274,1.0150000015428002,0.0899999990999341,4.109839906720775,165.0000707061107,0.1135174055565917,2.1000749228118825e-05,-0.1632528812544878,-0.0066700728423999,0.0192785178948625,0.7644529916217165,13.648893359214211,38.642354714684494,4.518250997204024
10.6,31.221322880107728,131.01290366504873,150.00416697892052,-0.5822629431122474,0.4818518699474622,3.978478594189321,-1.411013667459721,-0.4786396306578603,0.0,38.60656299605485,26.26420830623324,-52.27368546957588,-14.44673264011546,104.15817005110648,899.8438549399488,1.274,1.0150000015428002,0.0999999989999339,4.108471290880032,165.0000707061107,0.1136432152867783,2.0948579081067267e-05,-0.1615797775214437,-0.0053340288037822,0.0191027096532637,0.7557799723477224,13.616131437850957,38.6822512185916,4.248334660807345
10.61,31.221321969114875,131.0129062152432,149.7013084592494,-0.5862421571416107,0.4622927413696685,3.6802405251822345,-1.4591650941538938,-0.4255180295094243,0.0,38.646398283809326,26.24005882047752,-52.36409205580907,-14.472819684478743,104.19114839664564,901.7280845572848,1.274,1.0150000015428002,0.1099999988999337,4.107086752502879,165.0000707061107,0.1137600855114352,2.089673734685665e-05,-0.1598920200033047,-0.0040465480356588,0.0189232319807799,0.7465835435232479,13.583747281879944,38.71901426991031,3.9817582408564607
10.62,31.22132105873161,131.01290876288672,149.39776755909747,-0.5895052935293328,0.4421254719933268,3.3811004051837306,-1.505091256038721,-0.3713447136852045,0.0,38.68318582544588,26.21403060116299,-52.45336852808719,-14.499659277483111,104.22503658465772,903.4720287803934,1.274,1.0150000015428002,0.1199999987999335,4.1056989726298365,165.0000707061107,0.1138679826990757,2.084520258961044e-05,-0.1581916867272355,-0.0028096596578682,0.0187403668307335,0.7368748376605132,13.551747254891074,38.75263404296356,3.7195478939408413
10.63,31.22132014899836,131.0129113077851,149.09356941066608,-0.5920398816261948,0.421379040405259,3.081194672543482,-1.5486904424980434,-0.3162342839310513,0.0,38.71691954445581,26.186129756928963,-52.54151444843196,-14.527216175697172,104.25978860635396,905.0749831707444,1.274,1.0150000015428002,0.1299999986999333,4.104308065893432,165.0000707061107,0.1139668890853265,2.0793952826738844e-05,-0.1564809165649255,-0.0016253507974805,0.0185544078875702,0.726680946208515,13.520155386949066,38.7831090126622,3.462976583681805
10.64,31.22131923995529,131.01291384974465,148.788739260515,-0.5938347919185558,0.4000834456280032,2.7806607567678827,-1.5898664758166896,-0.2603039788821246,0.0,38.747594837096045,26.156363301232425,-52.62853088920686,-14.555453533208397,104.29535664155048,906.536344793954,1.274,1.0150000015428002,0.139999998599933,4.102914147482913,165.0000707061107,0.1140567912419204,2.07429655535398e-05,-0.1547618961075898,-0.0004955141152028,0.0183656568680207,0.7160312786675617,13.488996869714526,38.81043928706681,3.21364400899922
10.65,31.221318331642365,131.0129163885725,148.4833024546544,-0.594880263312002,0.3782696836642369,2.479636936988516,-1.6285290304917437,-0.2036733250723756,0.0,38.775208578650606,26.12473915578556,-52.71442045155529,-14.584332976429696,104.33169115525808,907.8556130009302,1.274,1.0150000015428002,0.1499999984999328,4.101517333066204,165.0000707061107,0.114137680095026,2.0692217802668893e-05,-0.1530368542838577,0.0005780571544996,0.0181744226690734,0.7049576864155075,13.458298043760944,38.83462660996906,2.973581841109843
10.66,31.221317424099286,131.0129189240766,148.17728442264337,-0.5951679213961483,0.3559696862614928,2.178262198681168,-1.664593925984948,-0.1464637778060505,0.0,38.79975912482335,26.09126614033645,-52.79918727990684,-14.61381468407274,104.36874099987531,909.032389901748,1.274,1.0150000015428002,0.1599999983999326,4.1001177387795,165.0000707061107,0.1142095509292306,2.064168620474616e-05,-0.1513080568131309,0.0015936739731253,0.0179810204835869,0.6934945670492274,13.42808634793665,38.85567435266884,2.745387182682712
10.67,31.221316517365505,131.01292145606573,147.87071067063488,-0.5946907934914488,0.3332162573613642,1.876676087239897,-1.6979833973807708,-0.0887983539355949,0.0,38.82124631138682,26.05595396137784,-52.88283707244425,-14.64385747207099,104.40645352272064,910.0663806773748,1.274,1.0150000015428002,0.1699999982999324,4.098715481170031,165.0000707061107,0.1142724033863743,2.0591347049960523e-05,-0.1495778005302242,0.002549755965276,0.0177857708907274,0.6816789763472216,13.398390265259566,38.873587503642206,2.532379494045169
10.68,31.221315611480208,131.01292398434973,147.56360676447906,-0.5934463601456093,0.3100613348511775,1.575017372495471,-1.7286321792063226,-0.0308002553711479,0.0,38.83967545329779,26.01881319979032,-52.96537708745916,-14.674418883144355,104.44477467853004,910.9575814157224,1.274,1.0150000015428002,0.1799999981999322,4.097297463173656,165.0000707061107,0.1143262532370303,2.0541176350475813e-05,-0.1478484076018443,0.0034448355663316,0.0175890007370424,0.6695619282936657,13.369256389537483,38.88837953616441,2.338759840253177
10.69,31.221314706482296,131.01292650873953,147.25599832078052,-0.5914285823540236,0.2865276847212878,1.2734270721908214,-1.7564745958996104,0.0274052628206549,0.0,38.855046803508415,25.979855246398028,-53.046816145542,-14.705455280671108,104.48364914651825,911.7057849930308,1.274,1.0150000015428002,0.189999998099932,4.0958720515078015,165.0000707061107,0.114371101351817,2.0491149894220924e-05,-0.1461222111264539,0.0042776114095824,0.0173910363512738,0.6571780323626824,13.340704302324935,38.900054279381365,2.169693656408539
10.7,31.22131380241039,131.01292902904723,146.9479110009357,-0.588633611566207,0.2626434458061414,0.9720459991150388,-1.781452094187839,0.0856925185224485,0.0,38.86736311839788,25.93909238473015,-53.12716461561693,-14.73692198145363,104.5230204952858,912.31093563179,1.274,1.0150000015428002,0.1999999979999318,4.094444298049389,165.0000707061107,0.1144069559706577,2.044124334887599e-05,-0.1444015630597106,0.005046870906402,0.0171922077529319,0.6445686009599279,13.31275883216573,38.90861890990584,2.031203632335397
10.71,31.221312899302816,131.0129315450863,146.63937047733987,-0.5850601617920818,0.2384442102766785,0.6710144141261591,-1.8035147724502312,0.1439360236476776,0.0,38.876630115605295,25.89653773857377,-53.20643441615877,-14.76877333539271,104.56283128039648,912.7731505583027,1.274,1.0150000015428002,0.2099999978999316,4.093014321889411,165.0000707061107,0.1144338340502288,2.0391432306845688e-05,-0.1426888261038877,0.0057515060119746,0.0169928476057995,0.6317824453229576,13.2854520050103,38.91408473645576,1.929674443349133
10.72,31.22131199719757,131.01293405667138,146.33040244829817,-0.5807083712013004,0.2139660792427631,0.3704723681281181,-1.8226201156492448,0.202010626664174,0.0,38.88285496275301,25.85220524057969,-53.284639009201165,-14.80096281698196,104.603023156116,913.0926490623852,1.274,1.0150000015428002,0.2199999977999314,4.091582242208453,165.0000707061107,0.1144517568153348,2.034169233575856e-05,-0.1409863645242817,0.0063905344996234,0.0167932891762508,0.618871656987297,13.258816555275876,38.91646459776712,1.8708292692816664
10.73,31.221311096132343,131.01293656361884,146.02103260820823,-0.5755797996766494,0.189245604548986,0.070559541383275,-1.8387331148142123,0.25979189374091,0.0,38.886046268885536,25.806109621376702,-53.361793385683,-14.83344313254374,104.64353700616311,913.269751933558,1.274,1.0150000015428002,0.2299999976999311,4.090148178276693,165.0000707061107,0.1144607497335786,2.0291999041789647e-05,-0.1392965381559738,0.0069631022622058,0.0165938653595541,0.6058917394055615,13.232885867886202,38.9157728448837,1.8583352615844326
10.74,31.221310196144486,131.0129390657463,145.71128664159843,-0.5696774203105966,0.1643197137769123,-0.2285849172069264,-1.851826355080504,0.3171564859872679,0.0,38.88621407209286,25.758266391595672,-53.437914046624925,-14.866166329761784,104.6843130766636,913.3048806369789,1.274,1.0150000015428002,0.2399999975999309,4.088712249348496,165.0000707061107,0.1144608424788255,2.0242328132529805e-05,-0.1376216964257116,0.0074684852654123,0.0163949077079968,0.5929017134275775,13.207693902514684,38.912025316992136,1.8926436934481448
10.75,31.221309297271016,131.01294156287324,145.40119020722497,-0.5630072805751448,0.1392355319515982,-0.5268234367419061,-1.861883604989807,0.3739831488864576,0.0,38.88337195771011,25.70869182311972,-53.513018980177534,-14.899083909100424,104.72529111083584,913.1986564890256,1.274,1.0150000015428002,0.2499999974999307,4.087267436547148,165.0000707061107,0.1144520751659304,2.019265547923529e-05,-0.1359641724182355,0.0079060911041652,0.0161967463551258,0.5799681951340692,13.183284379513116,38.9052430023985,1.9707909294700499
10.76,31.2213083995486,131.01294405482065,145.09076893310456,-0.5555761569016217,0.1140364265401985,-0.8240189586624485,-1.8688961577733376,0.4301524390570101,0.0,38.877534039269165,25.657402897069183,-53.58712763460637,-14.932146936663258,104.76641048489368,912.9517584084356,1.274,1.0150000015428002,0.2599999973999305,4.085809542635852,165.0000707061107,0.1144344894640763,2.014295717342229e-05,-0.1343262723164707,0.0082754869443763,0.0159997072155394,0.5671585008770882,13.159697714543343,38.89544682743574,2.0872975862587935
10.77,31.221307503013527,131.01294654141142,144.7800483956408,-0.5473884855840276,0.0887440306461798,-1.1200333515236187,-1.8728557212407453,0.4855458283945843,0.0,38.86871111037136,25.604417305050887,-53.66026088074129,-14.965306177238256,104.80761036849604,912.5647417154008,1.274,1.0150000015428002,0.2699999972999303,4.084350121508688,165.0000707061107,0.1144081172699274,2.009320960304652e-05,-0.1327102714830437,0.0085763894237367,0.0158041097366435,0.5545353167429489,13.136954170475034,38.882650984534095,2.2355800170382643
10.78,31.2213066077018,131.01294902247022,144.4690541126702,-0.5384527412553843,0.0633960142320759,-1.4147312151885785,-1.8737655408789515,0.5400479962062829,0.0,38.85691877426517,25.54975349808688,-53.73244097314032,-14.998512220322636,104.84882987589556,912.038419474992,1.274,1.0150000015428002,0.2799999971999301,4.0828892934213545,165.0000707061107,0.1143730046366794,2.0043389530451583e-05,-0.1311184191871928,0.0088086057695364,0.015610270610804,0.5421718278063801,13.11508920196064,38.86687699486215,2.409172794056243
10.79,31.22130571364897,131.0129514978237,144.15781152855078,-0.5287787129312401,0.0380299996896988,-1.7079784834229663,-1.8716364516778687,0.5935464892239766,0.0,38.84217397052805,25.49343058938325,-53.80369152202389,-15.031715563713435,104.89000816398092,911.3736987307824,1.274,1.0150000015428002,0.2899999970999299,4.081427178341281,165.0000707061107,0.1143292015503019,1.9993474120032185e-05,-0.1295529254987978,0.0089720770088859,0.0154185005269017,0.5301444775375003,13.094138388774384,38.84814770847148,2.6024048382131566
10.8,31.221304820890246,131.01295396730055,143.84634600919625,-0.518377483486027,0.0126835272724966,-1.9996425863789955,-1.8664868070874487,0.6459320445688089,0.0,38.82449496044512,25.43546834961015,-53.87403745104008,-15.064866727549765,104.93108456782312,910.57157913632,1.274,1.0150000015428002,0.2999999969999296,4.079963895894245,165.0000707061107,0.1142767618863962,1.9943440994481216e-05,-0.1280159559117325,0.009066877400746,0.0152291033112325,0.5185326246819636,13.07413738879148,38.82648728423389,2.810617668857296
10.81,31.221303929460465,131.01295643073135,143.53468282120144,-0.5072613990052344,-0.0126060206046202,-2.289592607416116,-1.8583423705255315,0.697098897612122,0.0,38.80390130395818,25.375887184382314,-53.94350495158515,-15.097916367457278,104.97199873476744,909.6331511260672,1.274,1.0150000015428002,0.3099999968999295,4.078499565327012,165.0000707061107,0.1142157433422345,1.9893268289228423e-05,-0.1265096261134692,0.00909321358472,0.0150423750941071,0.5074180076861419,13.055121850394084,38.80192115488803,3.0301184047949374
10.82,31.221303039394023,131.01295888794905,143.22284712588112,-0.4954450048550546,-0.0377958624396789,-2.5777000747296577,-1.8472383873895213,0.7469454663992425,0.0,38.7804150281684,25.31470811133345,-54.0121214338149,-15.130815386440847,105.01269075667932,908.5596498562148,1.274,1.0150000015428002,0.3199999967999292,4.077030257837273,165.0000707061107,0.1141462108760165,1.9842934704984288e-05,-0.1250359969387341,0.0090514233398319,0.0148586039678061,0.4968845383468405,13.037132601369462,38.77447806841016,3.2580292915934783
10.83,31.221302150724974,131.01296133878864,142.9108639653542,-0.4829456776181666,-0.0628340917512037,-2.863839587201725,-1.833221670195464,0.7953750320562178,0.0,38.75406138896634,25.25195271563133,-54.07991547452477,-15.16351504510364,105.05310129986792,907.3524898157316,1.274,1.0150000015428002,0.329999996699929,4.075545248594199,165.0000707061107,0.1140682389484732,1.979241955557955e-05,-0.123597066832273,0.0089419890962484,0.0146780691771576,0.487015972134344,13.020219123369062,38.74419143489269,3.4921197452144197
10.84,31.22130126348692,131.01296378308743,142.59875825558737,-0.4697757588703539,-0.0877051047468547,-3.147883590618485,-1.8163334347864728,0.8422929779586131,0.0,38.72485926332871,25.187643095850262,-54.14691675832569,-15.195967080800685,105.09317174582588,906.012813953432,1.274,1.0150000015428002,0.3399999965999288,4.07405953708988,165.0000707061107,0.113981883243575,1.9741702819668104e-05,-0.1221947627093664,0.0087655611354381,0.0145010362351638,0.4778925367162324,13.004396960034551,38.71108258307115,3.730642800795426
10.85,31.221300377713128,131.01296622068503,142.28655476651628,-0.4559522900046385,-0.1123728665399568,-3.4297093076471814,-1.7966274558340076,0.8876102805375509,0.0,38.6928331592381,25.121801988214585,-54.213156009766365,-15.22812384282588,105.13284435151604,904.5420555294944,1.274,1.0150000015428002,0.3499999964999286,4.0725732419864284,165.0000707061107,0.113887216018413,1.96907652242828e-05,-0.1208309527421082,0.0085228586836235,0.0143277629054665,0.4695954485871796,12.989700855604386,38.675181681955245,3.9722321382484984
10.86,31.22129949343637,131.01296865142348,141.97427812403453,-0.441493372315185,-0.1368019208760065,-3.7091963477427945,-1.7741639758764245,0.9312426981774856,0.0,38.65800873761688,25.05445261998409,-54.27866494691259,-15.259938354532952,105.17206231933912,902.9417271400824,1.274,1.0150000015428002,0.3599999963999284,4.071086481253827,165.0000707061107,0.1137843129223304,1.9639588249501108e-05,-0.1195074322211436,0.0082147234523693,0.0141584956572635,0.4622021126698309,12.976165049010614,38.6365199625532,4.215804587776218
10.87,31.221298610689047,131.0129710751472,141.661952788126,-0.42641813195942,-0.1609573974387789,-3.9862268509086345,-1.7490094717560964,0.9731109732355434,0.0,38.62041279366469,24.985618710960303,-54.34347621869851,-15.291364412976128,105.21076991340432,901.2134187677128,1.274,1.0150000015428002,0.3699999962999282,4.069599372148301,165.0000707061107,0.1136732529418946,1.958815416947784e-05,-0.1182259196876859,0.0078421164394909,0.0139934690869352,0.4557841909534304,12.963823244508808,38.59512969805289,4.460491408514193
10.88,31.22129772950312,131.0129734917031,141.34960304690273,-0.4107466723587979,-0.1848050774534398,-4.260685619191438,-1.7212363843060907,1.013141011766397,0.0,38.58007322557665,24.91532444881937,-54.40762334023433,-15.32235668491842,105.24891257126592,899.3587951983203,1.274,1.0150000015428002,0.379999996199928,4.068112031158247,165.0000707061107,0.1135541183087257,1.953644609071804e-05,-0.1169880533039958,0.007406114571949,0.0138329053808604,0.4504055510668784,12.952708526754808,38.55104416222735,4.705587247726565
10.89,31.2212968499101,131.0129759009407,141.03725300268894,-0.3945008824425839,-0.2083065622903158,-4.532460904666703,-1.6909249030127946,1.0512644150484145,0.0,38.53702001814682,24.84359446440684,-54.47114062626381,-15.35287079902309,105.28643701093246,897.3796406644682,1.274,1.0150000015428002,0.3899999960999278,4.066621080723345,165.0000707061107,0.1134269973944758,1.9484447987616182e-05,-0.1157953875012094,0.0069079070446856,0.0136770141894033,0.4461186887327691,12.942857865468197,38.50429937194038,4.950513685498508
10.9,31.22129597194112,131.012978302712,140.7249265710273,-0.3777056853128946,-0.2314119950417733,-4.801445566977906,-1.6581664178114923,1.087419297706918,0.0,38.49128671150551,24.77045378645256,-54.53406312301061,-15.38286343395179,105.32329133284148,895.2779256934938,1.274,1.0150000015428002,0.3999999959999275,4.065114407456046,165.0000707061107,0.1132919890336404,1.9432144732962234e-05,-0.1146493875769768,0.0063488043413991,0.0135259924267056,0.4429585990031876,12.934318912974376,38.45493669915486,5.194793174981559
10.91,31.221295095626804,131.0129806968717,140.4126474627895,-0.3603799319090058,-0.2541116833010815,-5.067529966154708,-1.6230424535280883,1.1215466691670066,0.0,38.44289969334632,24.695927770475823,-54.59642653539199,-15.41229241169429,105.3594251282727,893.0553076233612,1.274,1.0150000015428002,0.4099999958999273,4.063607848085039,165.0000707061107,0.1131491710071023,1.9379522128982487e-05,-0.1135514211001866,0.005730266203485,0.0133800194489774,0.4409598523360751,12.927101593838865,38.40298405433078,5.438013763769821
10.92,31.22129422099741,131.0129830832771,140.1004391732398,-0.3425471297111838,-0.2763745933026656,-5.330610770361371,-1.5856462297322451,1.1535944529364544,0.0,38.39189095670003,24.620042257156488,-54.65826714496393,-15.441116810247198,105.3947896114882,890.7137236592889,1.274,1.0150000015428002,0.4199999957999271,4.062101516983128,165.0000707061107,0.1129986375923533,1.9326566975228866e-05,-0.1125027742115302,0.005053792971247,0.0132392634898731,0.4401369580393799,12.92123572865433,38.34847830545369,5.679829690475102
10.93,31.221293348082696,131.01298546178836,139.7883249800497,-0.3242314891061259,-0.2981707032616652,-5.5905878707027625,-1.5460753112784735,1.1835163088649534,0.0,38.33829341398828,24.542823400537195,-54.71962175321264,-15.469296994684976,105.42933765176778,888.2551711242705,1.274,1.0150000015428002,0.4299999956999269,4.060595527487937,165.0000707061107,0.1128404857711089,1.92732670519754e-05,-0.1115046388214217,0.0043209799860458,0.0131038784624363,0.4404893617233466,12.916750061258313,38.291457080850336,5.91994361979428
10.94,31.22129247691199,131.01298783226812,139.47632793037545,-0.3054578797654005,-0.3194709834600921,-5.847364487201969,-1.5044312767252868,1.2112716854007397,0.0,38.28214087588402,24.464297674357592,-54.78052760939641,-15.496794686710931,105.46302385283968,885.6817051736883,1.274,1.0150000015428002,0.4399999955999267,4.0590899918854975,165.0000707061107,0.1126748151670064,1.9219611141265903e-05,-0.1105581107741287,0.0035335125062148,0.0129740037482465,0.4420014237995594,12.913672254211836,38.23195875117645,6.158097434145839
10.95,31.22129160751415,131.01299019458207,139.16447083489476,-0.2862517737540969,-0.3402474434711313,-6.100847256716335,-1.4608193561632343,1.2368258479266565,0.0,38.22346801485535,24.384491847479417,-54.8410223380484,-15.523573029019788,105.49580462604936,882.9954357803542,1.274,1.0150000015428002,0.4499999954999265,4.057585021344504,165.0000707061107,0.1125017279382346,1.9165589044836583e-05,-0.1096641882844252,0.0026931606207508,0.0128497640313181,0.4446430450996403,12.912028822075706,38.17002238554317,6.394065109085448
10.96,31.221290739917592,131.0129925485985,138.85277624891998,-0.2666404543804676,-0.3604660717875431,-6.350947415574857,-1.415351267840626,1.2601504685944935,0.0,38.16231176790952,24.303432959586047,-54.90114386633582,-15.54959664450168,105.52763825731938,880.1985910973298,1.274,1.0150000015428002,0.4599999953999263,4.056075708431296,165.0000707061107,0.1123213329060879,1.911119159903666e-05,-0.1088237706808499,0.0018017739961162,0.0127312696659118,0.4483659028001377,12.911851724324114,38.10569026328128,6.627649016828965
10.97,31.221289874150248,131.01299489418864,138.54126648233904,-0.2466528074499459,-0.3800878052252069,-6.597580749523863,-1.3681452747064275,1.28122369648553,0.0,38.09871108378928,24.22114826455228,-54.96093035151458,-15.57483169020826,105.55848496781532,877.293503915747,1.274,1.0150000015428002,0.469999995299926,4.054552774897406,165.0000707061107,0.1121337448107647,1.9056410683671e-05,-0.108037654099187,0.0008612949110502,0.0126186161364897,0.453104242610203,12.913177432800886,38.03900746885782,6.858675338549379
10.98,31.22128901023961,131.0129972312265,138.2299635727777,-0.2263121072752621,-0.3991085919603591,-6.8406612612374325,-1.3193081784929377,1.3000269144365646,0.0,38.0326988108842,24.137665187364863,-55.02042010402124,-15.59924591982396,105.58830698510812,874.2822368236616,1.274,1.0150000015428002,0.4799999951999259,4.053030744370698,165.0000707061107,0.1119390604354822,1.900123923783213e-05,-0.1073065279556866,-0.0001262315709998,0.0125118810504341,0.4588071595879405,12.916009383742022,37.97000748684534,7.086980354078337
10.99,31.22128814821272,131.0129995595892,137.91888929156224,-0.2056456618336861,-0.4175049769638581,-7.08011000165624,-1.2689560452455353,1.316548511436939,0.0,37.96431271045144,24.05301146639273,-55.07965150708724,-15.622808752742053,105.6170686224501,871.1670889883155,1.274,1.0150000015428002,0.4899999950999257,4.05150972455162,165.0000707061107,0.1117373910211185,1.894567129806825e-05,-0.1066309905791296,-0.0011587509648192,0.0124111297362401,0.4654028314377855,12.9203689353387,37.89873176240107,7.3124214227083995
11.0,31.22128728809608,131.01300187915635,137.6080651347743,-0.184681078669595,-0.4352548012138767,-7.315851753391628,-1.2172066892591855,1.330782522021788,0.0,37.893591202171336,23.96721498480217,-55.13866295946387,-15.645491272197743,105.64473627156316,867.9503982466093,1.274,1.0150000015428002,0.4999999949999254,4.04998982181468,165.0000707061107,0.1115288497442053,1.888970196486264e-05,-0.1060115393985988,-0.0022341513936819,0.0123164127759652,0.4728141143220468,12.926275960863654,37.82522219546107,7.534869681878999
11.01,31.2212864299158,131.01300418981089,137.29751230436509,-0.1634462194185137,-0.4523371592149905,-7.547815086879579,-1.1641793224134382,1.3427285379141842,0.0,37.820573341551295,23.88030377908835,-55.197492805520206,-15.667266258078156,105.67127843796104,864.6345387132742,1.274,1.0150000015428002,0.5099999948999253,4.048471141164068,165.0000707061107,0.1113135516503771,1.883332740298129e-05,-0.105448571209504,-0.0033502695267935,0.0122277661551853,0.4809605152476727,12.933748872639171,37.74952112482365,7.754208277251209
11.02,31.22128557369744,131.0130064914384,136.98725172107558,-0.141969142048986,-0.4687324234550339,-7.775932395276177,-1.1099941823106922,1.3523915994245843,0.0,37.745298781516205,23.792306016388544,-55.25617926657823,-15.68810821436676,105.69666576985144,861.2219176704942,1.274,1.0150000015428002,0.519999994799925,4.046953786228106,165.0000707061107,0.1110916135412648,1.8776544838912333e-05,-0.104942382687471,-0.0045048963717716,0.0121452114500325,0.4897600151533205,12.942804585408116,37.6716712859056,7.970330905229925
11.03,31.22128471946612,131.0130087839276,136.6773040005812,-0.1202801681889283,-0.4844105430321918,-8.000141942775615,-1.0547777278147976,1.3597830907478057,0.0,37.6678100458844,23.70324997229129,-55.31476037363339,-15.707993391429802,105.7208710808716,857.7150777550185,1.274,1.0150000015428002,0.5299999946999248,4.04542969313496,165.0000707061107,0.1108631606657075,1.8719352555594525e-05,-0.1044931711756848,-0.0056957830838261,0.0120687567992665,0.4991197735538198,12.953469453502484,37.5917199222079,8.183143479955328
11.04,31.221283867246456,131.01301106717003,136.36768945945545,-0.0984084276501061,-0.4993499076295722,-8.220384610708633,-0.998654601491718,1.3649191981930624,0.0,37.588148737250926,23.61316395136772,-55.373273901644296,-15.726899803238304,105.74386936676964,854.1165221883907,1.274,1.0150000015428002,0.5399999945999246,4.043895732132884,165.0000707061107,0.110628315558736,1.8661749879654712e-05,-0.1041010303007337,-0.0069206171706,0.0119983953393111,0.5089541272921142,12.965761602232222,37.509712030153096,8.392558523993257
11.05,31.221283017062607,131.01301334106037,136.0584281002589,-0.0763792424840135,-0.513551339989458,-8.436601428991706,-0.9417397243583768,1.3678193604946691,0.0,37.50635279986345,23.52207631833521,-55.43175729796388,-15.744807262092156,105.76563784344604,850.4285899748874,1.274,1.0150000015428002,0.5499999944999244,4.042363420054584,165.0000707061107,0.1103871899858222,1.8603737189229e-05,-0.1037659546461544,-0.0081770467230565,0.0119341050644128,0.5191999723233731,12.979677836909948,37.425685424138855,8.598490982901799
11.06,31.221282168938224,131.013015605496,135.7495396145206,-0.0542208951797171,-0.5270004790166773,-8.648740291374356,-0.8841537811069698,1.3685089987314725,0.0,37.42246390617407,23.43001557094691,-55.49024761737439,-15.76169739475092,105.78615596241792,846.6537908812354,1.274,1.0150000015428002,0.5599999943999242,4.04083285591596,165.0000707061107,0.1101399066827734,1.8545315915400854e-05,-0.1034878510589488,-0.0094627392039407,0.011875852675528,0.5297823396932316,12.995228831024528,37.33968403173315,8.800866628684753
11.07,31.221281322896463,131.01301786037757,135.44104337081026,-0.0319615761357628,-0.5396843712995824,-8.856752961593596,-0.8260166961742602,1.3670182072891015,0.0,37.33652412138454,23.33701020390109,-55.54878147281286,-15.777553613586146,105.80540537176284,842.7946519724151,1.274,1.0150000015428002,0.5699999942999239,4.039304137159442,165.0000707061107,0.109886589538828,1.8486488498441885e-05,-0.1032665327389233,-0.0107753451843083,0.0118235920152479,0.5406299406827204,13.012423597993887,37.25175195212592,8.999617513212186
11.08,31.221280478960008,131.01302010560843,135.13295841672422,-0.0096293422405871,-0.5515914153042438,-9.060595077357863,-0.7674473337249513,1.3633815638115687,0.0,37.248575879805806,23.24308871608209,-55.607394977543294,-15.792361114869916,105.8233699101665,838.8537152971429,1.274,1.0150000015428002,0.5799999941999237,4.037777359653998,165.0000707061107,0.1096273635270446,1.8427258370359604e-05,-0.1031017212694135,-0.0121125040859367,0.0117772644942511,0.5516754578597998,13.031269539867855,37.161933441263415,9.194681498258891
11.09,31.221279637151028,131.0130223410951,134.8253034689459,0.0127479341842082,-0.5627113626144142,-9.260226133703554,-0.7085631871937949,1.3576379262072755,0.0,37.15866194752464,23.14827959097812,-55.66612368968107,-15.806106872612732,105.84003559564374,834.8335349794759,1.274,1.0150000015428002,0.5899999940999235,4.036252617655797,165.0000707061107,0.1093623545944018,1.836762993520417e-05,-0.102993048828178,-0.0134718496757632,0.011736799539985,0.5628557383698871,13.051772445255928,37.07027287432904,9.386001841905259
11.1,31.221278797491166,131.01302456674708,134.51809691125624,0.0351392546956678,-0.5730170720225091,-9.455612867874605,-0.649489085335848,1.3498318853797584,0.0,37.06682887626904,23.05261127771065,-55.72500255914006,-15.818779628248414,105.8553906092904,830.7368308317125,1.274,1.0150000015428002,0.5999999939999233,4.034717505256114,165.0000707061107,0.1090916998268773,1.830760854735272e-05,-0.1029400605936594,-0.0148510154484453,0.0117021161747084,0.5740934513496793,13.073953531806962,36.97682106553477,9.573531056923253
11.11,31.221277960001608,131.01302678247663,134.21135679552702,0.0575187000306517,-0.5825088986704227,-9.646720848978925,-0.5903368114687957,1.3400098389161663,0.0,36.97311842200118,22.956112077532843,-55.78406587710288,-15.830369876361832,105.8694252742974,826.5661015390137,1.274,1.0150000015428002,0.609999993899923,4.033177470458169,165.0000707061107,0.1088155221933183,1.8247200480716863e-05,-0.1029422090818344,-0.0162475953005128,0.0116731198828777,0.5853416984081881,13.097807979851831,36.881619714428965,9.7572202525869
11.12,31.221277124703047,131.01302898819912,133.9051008258163,0.0798611752301349,-0.5911911441612689,-9.833518942129158,-0.5312137750139235,1.3282214005811543,0.0,36.87757210700379,22.858810292113013,-55.84334721658063,-15.840869880961804,105.88213207193344,822.3238297870193,1.274,1.0150000015428002,0.6199999937999229,4.03163977393306,165.0000707061107,0.1085339439723103,1.818641293669844e-05,-0.1029988688225616,-0.0176592131655923,0.0116497059474362,0.5965606003611019,13.123326948086472,36.78470966703675,9.937024451461275
11.13,31.22127629161565,131.0130311838329,133.5993463683066,0.1021400258851294,-0.5990589211708452,-10.015981784987783,-0.4722290859224521,1.3145203414105466,0.0,36.780233668476896,22.760734176183337,-55.90287939229732,-15.85027363886838,105.8935055935296,818.0125903756981,1.274,1.0150000015428002,0.6299999936999227,4.030104504454919,165.0000707061107,0.1082470939585931,1.8125254007709763e-05,-0.1031093403825796,-0.0190835338866245,0.0116317608939245,0.6077037072133832,13.150509842700766,36.6861354276549,10.112905376536474
11.14,31.22127546075907,131.0130333692992,133.2941104463346,0.1243290208247465,-0.6061086955408984,-10.194087684146998,-0.4134891220618855,1.2989635812065163,0.0,36.68114698591624,22.661911861273367,-55.96269442487406,-15.858576835023188,105.90354248280455,813.6349560462976,1.274,1.0150000015428002,0.6399999935999225,4.028571749067478,165.0000707061107,0.1079551013630896,1.8063732631086023e-05,-0.1032728486373194,-0.0205182421609866,0.0116191618599849,0.6187284377000192,13.179354479133368,36.58594143036861,10.284828795436601
11.15,31.22127463215246,131.01303554452207,132.98940972746797,0.1464023855422625,-0.6123382295620818,-10.367818573087364,-0.355097323832313,1.2816109500023576,0.0,36.58035605632293,22.562371357784205,-56.02282350113513,-15.86577681446082,105.9122413983946,809.1934953610944,1.274,1.0150000015428002,0.6499999934999223,4.0270415931068335,165.0000707061107,0.1076580957399289,1.800185855911877e-05,-0.1034885459653888,-0.0219610472501581,0.0116117771717007,0.6295958623019993,13.2098571435436,36.48417202317579,10.45276435690646
11.16,31.22127380581448,131.0130377094287,132.6852605374195,0.1683348411563996,-0.6177465632808823,-10.53715995452358,-0.2971539892272713,1.2625249451663747,0.0,36.47790496038596,22.46214053915248,-56.08329693726788,-15.871872551307623,105.91960297281784,804.690770220399,1.274,1.0150000015428002,0.6599999933999221,4.025514120144531,165.0000707061107,0.1073562068869224,1.793964232774876e-05,-0.103755515536577,-0.0234096874034602,0.0116094669257227,0.6402705187520839,13.24201262080044,36.38087143711082,10.61668543556304
11.17,31.22127298176325,131.01303986394896,132.3816788461313,0.1900967410484805,-0.6223078010219675,-10.702106027349394,-0.2397693951041949,1.2417729665671895,0.0,36.37384267704217,22.361247126642294,-56.144144144832254,-15.87686461510222,105.9256297682265,800.1295467286524,1.274,1.0150000015428002,0.6699999932999218,4.023971814613303,165.0000707061107,0.1070495790149858,1.787709522411215e-05,-0.1040727746976229,-0.0248619340861288,0.0116120851273246,0.6506937445219424,13.27583863323948,36.2760927181695,10.776574728732406
11.18,31.22127216001637,131.01304200801573,132.07868027174834,0.2116682379008389,-0.6260467465981079,-10.862644463187376,-0.1830275850360152,1.2194203717419427,0.0,36.26820898006137,22.259718532036256,-56.20539359963713,-15.880755134656654,105.93032622920953,795.5121725268993,1.274,1.0150000015428002,0.6799999931999215,4.022430292309833,165.0000707061107,0.1067383292411728,1.7814229243333964e-05,-0.1044392669527388,-0.0263155343827647,0.0116194745278609,0.660860188555054,13.31130536128492,36.1698717438413,10.932407322887247
11.19,31.221271340591,131.01304414156462,131.7762800736593,0.2330263284600112,-0.6289692182031827,-11.01877046012352,-0.1270170111007174,1.195535941118362,0.0,36.161047441731455,22.15758215892617,-56.26707279748708,-15.883547807812752,105.93369869081155,790.8411505376814,1.274,1.0150000015428002,0.6899999930999214,4.020891730955635,165.0000707061107,0.1064225858591949,1.7751057104464705e-05,-0.1048538873248773,-0.0277683319898426,0.0116314738046843,0.6707468717395926,13.348400412345532,36.062251172276646,11.084166272683994
11.2,31.221270523503737,131.0130462645342,131.47449316243652,0.2541480700916163,-0.6310791588652733,-11.170483134072205,-0.0718236048476966,1.1701903857386773,0.0,36.05240215565735,22.054865191284566,-56.329208243186166,-15.885247818047787,105.93575527438166,786.1189928244629,1.274,1.0150000015428002,0.6999999929999212,4.019356208029357,165.0000707061107,0.1061024786944286,1.7687592178944886e-05,-0.1053154769782313,-0.0292182225577637,0.0116479161244127,0.6803304595933407,13.387112885974824,35.953274477535025,11.23183856800302
11.21,31.22126970877065,131.0130483768658,131.1733340879048,0.275011181800058,-0.632381673533096,-11.317784815005584,-0.0175293757314702,1.143455868073078,0.0,35.942317137770566,21.951594600156195,-56.3918254298768,-15.885861786581469,105.936505826257,781.348193408435,1.274,1.0150000015428002,0.7099999928999209,4.017823799239593,165.0000707061107,0.1057781373410573,1.762384844992881e-05,-0.1058228255085279,-0.0306631498324025,0.011668629409908,0.6895902116582445,13.427430557745462,35.84298487355883,11.375414353772582
11.22,31.22126889640732,131.01305047850352,130.87281704709443,0.2955940682655404,-0.6328829852775049,-11.460680969781532,0.0357876870665572,1.1154057663058967,0.0,35.830836299875,21.847797136795435,-56.45494881931564,-15.885397728487876,105.93596186128708,776.531226390233,1.274,1.0150000015428002,0.7199999927999207,4.016294578472997,165.0000707061107,0.1054496910842307,1.755984047595711e-05,-0.106374674615517,-0.0321011088341252,0.0116934369368826,0.6985078185574138,13.46933993591363,35.7314252945987,11.514886845868983
11.23,31.22126808642877,131.01305256939426,130.5729558752911,0.3158748648616975,-0.6325852362236128,-11.599181179431303,0.0880510287412914,1.0861149431671575,0.0,35.718004348210386,21.74349932074002,-56.518601824928176,-15.883865007374176,105.93413650465035,771.6705840873113,1.274,1.0150000015428002,0.7299999926999206,4.014765211296357,165.0000707061107,0.105117271544535,1.7495583354211512e-05,-0.1069697217871204,-0.0335301487812977,0.0117221582274727,0.7070622017402608,13.512831112271591,35.61864011039421,11.650253331439053
11.24,31.221267278849588,131.01305464948754,130.2737640559764,0.3358296988666369,-0.6314772381702841,-11.733300932610115,0.1391803570791805,1.055660506778881,0.0,35.60386837227621,21.638727399477617,-56.58280679759127,-15.881274288843274,105.93104443222748,766.7688441906166,1.274,1.0150000015428002,0.7399999925999204,4.013222912034601,165.0000707061107,0.1047810173538202,1.7431092681648522e-05,-0.1076066217892328,-0.0349483640642339,0.0117546099343747,0.7152206109886928,13.557906368884746,35.504678167798225,11.781516924936225
11.25,31.22126647368377,131.01305671873578,129.9752547148625,0.3554438863011177,-0.6295933078413423,-11.86304927243692,0.1891210453108061,1.0241160869324604,0.0,35.48846728694423,21.53350726581964,-56.64758501104062,-15.877637502214526,105.92670182088312,761.8282141024154,1.274,1.0150000015428002,0.7499999924999202,4.01168405551614,165.0000707061107,0.1044410430836722,1.7366384518871496e-05,-0.1082839843057363,-0.0363538645937707,0.0117906022876781,0.7229958537068286,13.60452550753229,35.38957299163088,11.908674089484498
11.26,31.221265670944835,131.01305877709396,129.67744062485883,0.3746987826446177,-0.6269437305443863,-11.988443385171468,0.2378119386953458,0.991557644137582,0.0,35.37184433463264,21.427864724616526,-56.71295664153102,-15.872967827040144,105.92112632840188,756.8510709354975,1.274,1.0150000015428002,0.7599999923999199,4.010148709241049,165.0000707061107,0.1040974760390811,1.7301475391113413e-05,-0.1090003965246354,-0.0377448788726314,0.0118299458297624,0.7303779949300402,13.652670512697345,35.27336620892665,12.03172954646568
11.27,31.2212648706458,131.01306082451967,129.38033420408505,0.3935765482247953,-0.6235398353529998,-12.10950312263686,0.2851962262475529,0.9580612424139096,0.0,35.25404249397838,21.321825259763344,-56.77894077628186,-15.86727959916373,105.914336977082,751.8397620326366,1.274,1.0150000015428002,0.7699999922999197,4.008616938898968,165.0000707061107,0.1037504427462473,1.7236382212560493e-05,-0.1097544160644572,-0.0391196988663173,0.0118724492953951,0.7373590103751757,13.70232225820084,35.1560990190431,12.150690684435737
11.28,31.22126407279912,131.01306286097324,129.08394751686163,0.4120601418307865,-0.6193938507181777,-12.226250942683375,0.3312214057290993,0.9237028534260544,0.0,35.13510448085476,21.215414072258145,-56.845555409532906,-15.860588261249006,105.90635409070296,746.7966045658648,1.274,1.0150000015428002,0.7799999921999194,4.007088808369101,165.0000707061107,0.103400068955594,1.717112224934235e-05,-0.1105445746134531,-0.0404766820232324,0.0119179201579396,0.7439325832017015,13.753460655962355,35.03781221735358,12.26556752435478
11.29,31.221263277416767,131.01306488641748,128.78829227172145,0.4301333322281381,-0.6145188648788985,-12.338711815474277,0.3758392796492656,0.8885581626375219,0.0,35.01507272483892,21.10865607124373,-56.91281744105432,-15.85291031277158,105.89719923089336,741.7238841210373,1.274,1.0150000015428002,0.7899999920999193,4.005564379685169,165.0000707061107,0.1030464795725533,1.710571308258793e-05,-0.1113693814754836,-0.0418142528340139,0.0119661651465148,0.7500940103715731,13.806064709503875,34.91854617792864,12.376372652673382
11.3,31.221262484510223,131.0130669008178,128.4933798333363,0.4477780223724228,-0.6089148254197098,-12.446916074241583,0.4189986166369421,0.8527037669118713,0.0,34.89399175774191,21.001575865769983,-56.98074267696474,-15.844263259811484,105.88689513331128,736.6239551708882,1.274,1.0150000015428002,0.7999999919999191,4.004034726041792,165.0000707061107,0.1026898056868053,1.7040172571785515e-05,-0.1122273270581296,-0.0431309041727879,0.0120169915765433,0.7558272773253055,13.860125515054238,34.79834544112122,12.483123940507154
11.31,31.2212616940904,131.01306890414216,128.1992212175443,0.4649791296006405,-0.6025939230142285,-12.550893855535124,0.4606573364336185,0.8162146994600498,0.0,34.77190374570642,20.894197676754647,-57.04934583277102,-15.834665564786574,105.87546564381196,731.499050994939,1.274,1.0150000015428002,0.8099999918999188,4.002498285756452,165.0000707061107,0.1023301714236233,1.6974518813933926e-05,-0.1131168805752919,-0.0444251681757577,0.012070205711167,0.7611288033198306,13.915622725217466,34.67725025862353,12.585839192923693
11.32,31.221260906167743,131.01307089636094,127.90582709234378,0.4817261004191829,-0.5955882449707509,-12.650673450437766,0.500787492249754,0.779163298949092,0.0,34.64884722656912,20.786545421749828,-57.11864053065896,-15.824136620660104,105.8629356838359,726.3512319305748,1.274,1.0150000015428002,0.8199999917999186,4.000965772751202,165.0000707061107,0.1019676902281937,1.69087701273686e-05,-0.1140364981990762,-0.0456956426832375,0.0121256132846238,0.7660137301749014,13.972517484153627,34.55529412866362,12.684534769097132
11.33,31.22126012075221,131.013072877447,127.61320777888513,0.4980060114179063,-0.5879138713941198,-12.74628895362413,0.5393578669677008,0.7416223234680583,0.0,34.52486328597979,20.678642797039096,-57.18863930547164,-15.81269670508026,105.84933119187036,721.1826455881245,1.274,1.0150000015428002,0.8299999916999184,3.999437242602717,165.0000707061107,0.1016024830413795,1.684294502521891e-05,-0.1149846341104122,-0.046941033053447,0.0121830229108125,0.770482967531722,14.030785731808267,34.43251561156314,12.779232866984099
11.34,31.221259337853184,131.01307484737566,127.32137326637874,0.5138067906569511,-0.5795876062634665,-12.837776474512731,0.5763413747941905,0.7036633996086891,0.0,34.39999260256528,20.57051313849799,-57.259353623336814,-15.800366901570278,105.8346790257858,715.9954014893573,1.274,1.0150000015428002,0.8399999915999183,3.997912749083421,165.0000707061107,0.1012346696039323,1.6777062156369487e-05,-0.1159597367915916,-0.048160116213525,0.0122422447623982,0.7745387056863144,14.090402704367063,34.30895274693514,12.869957900855816
11.35,31.22125855747961,131.0130768061245,127.03033319519668,0.5291172036849277,-0.5706268621254241,-12.92517406745448,0.6117149552564218,0.6653568857846334,0.0,34.274275447352586,20.4621794481954,-57.33079389263168,-15.787169050338845,105.81900690060364,710.7915708960516,1.274,1.0150000015428002,0.8499999914999181,3.9963923442383984,165.0000707061107,0.1008643684548053,1.6711140271648697e-05,-0.1169602521381919,-0.0493517411317726,0.0123030909810834,0.7781842805594326,14.151343052650738,34.1846430712128,12.956736458149605
11.36,31.22125777963989,131.0130787536736,126.74009687774384,0.5439268518306483,-0.5610496178561998,-13.00852163787676,0.6454594897602501,0.6267717409646995,0.0,34.147751666613985,20.3536643888256,-57.40296947672414,-15.773125699486508,105.80234332683683,705.5731859769912,1.274,1.0150000015428002,0.8599999913999178,3.994876078278908,165.0000707061107,0.1004916968807365,1.664519819065606e-05,-0.1179846264417939,-0.0505148289459888,0.0123653760569519,0.7814241086079237,14.213580893896156,34.05962360712317,13.039597231943223
11.37,31.221257004341936,131.01308069000524,126.4506732835476,0.5582217131658201,-0.550851540040664,-13.087865731139516,0.6775476543393735,0.5879777001829253,0.0,34.02046445171403,20.24499027873473,-57.47588870834996,-15.758260056825268,105.78471754967,700.3423949375241,1.274,1.0150000015428002,0.8699999912999176,3.993349675018945,165.0000707061107,0.1001167820103174,1.65792547694002e-05,-0.1190313092681974,-0.0516483729130001,0.0124289185690305,0.7842444128611159,14.277110991307692,33.93393822712788,13.118575303597158
11.38,31.221256231593166,131.01308261510405,126.1620710621176,0.5719958995524947,-0.54006633361498,-13.163214645470868,0.7079737394096997,0.5490397359918504,0.0,33.892450237154975,20.13617895378757,-57.549558905521856,-15.742595942395388,105.7661594890876,695.101044698766,1.274,1.0150000015428002,0.8799999911999175,3.9918223526605936,165.0000707061107,0.0997397310855347,1.651332886173415e-05,-0.1200987472493413,-0.0527513911072879,0.0124935369304645,0.7866646451415441,14.341892920164597,33.807618072059626,13.193668604680447
11.39,31.22125546140052,131.01308452895668,125.87429852902842,0.585243109493982,-0.5287217296659088,-13.234629849598829,0.7367338083950231,0.510021094743015,0.0,33.76374659569977,20.027252273439647,-57.6239863766067,-15.72615778049248,105.74669972693292,689.851008350216,1.274,1.0150000015428002,0.8899999910999172,3.990299364782482,165.0000707061107,0.0993606546960316,1.6447439324972773e-05,-0.1211853977619543,-0.0538230006506359,0.0125590536999391,0.7886992090782803,14.407891609971845,33.680696359313394,13.264928400764454
11.4,31.2212546937704,131.01308643155232,125.5873636758582,0.5979562393084055,-0.5168375529124252,-13.302172149609156,0.763823686545523,0.4709839153072998,0.0,33.63439157117627,19.91823153341966,-57.69917644442961,-15.708970530847028,105.72636942189776,684.5941567871108,1.274,1.0150000015428002,0.899999990999917,3.9887807552758177,165.0000707061107,0.0989796648156405,1.6381604972162987e-05,-0.1222897347033016,-0.054862409163791,0.0126252959823434,0.7903562627989893,14.475079517722262,33.55320801920085,13.332405498275383
11.41,31.22125392870875,131.0130883228821,125.30127417416368,0.6101289972011998,-0.5044340235475271,-13.365889257543683,0.7892425414717268,0.4319885160615468,0.0,33.50442257763879,19.80913758901821,-57.77513347212509,-15.691059628119278,105.70520023460448,679.3323133906922,1.274,1.0150000015428002,0.9099999908999168,3.987266566300133,165.0000707061107,0.0985968715628388,1.6315844531826967e-05,-0.1234102473746244,-0.055868896241152,0.012692094925854,0.7916447809454511,14.543428829445189,33.42518729011955,13.396138007358667
11.42,31.221253166221047,131.01309020293928,125.0160373804468,0.6217558842528162,-0.4915316783905858,-13.425830285379597,0.8129928341280513,0.3930932159335821,0.0,33.37387659358357,19.6999909707187,-57.85186088538366,-15.672450936853537,105.68322427118694,674.0672620706865,1.274,1.0150000015428002,0.9199999907999163,3.985756838337203,165.0000707061107,0.0982123837723367,1.62501766199703e-05,-0.1245454410799702,-0.0568418109964365,0.0127592858657794,0.7925744675901557,14.61291145657258,33.29666792514904,13.45616581633017
11.43,31.22125240631224,131.01309207171923,124.73166033814324,0.632832182766047,-0.4781513313842776,-13.482045567282718,0.8350801854585125,0.3543542785857123,0.0,33.24279007707933,19.59081184321534,-57.9293611945332,-15.653170708425298,105.66047402939256,668.8007439189685,1.274,1.0150000015428002,0.9299999906999163,3.9842516102210137,165.0000707061107,0.0978263087453564,1.618461971329124e-05,-0.1256938393110575,-0.0577805710985899,0.0128267085209396,0.7931557036059537,14.683499110183172,33.16768311338247,13.512530427317639
11.44,31.22125164898685,131.0130939292194,124.44814978259016,0.6433477369752714,-0.4642826609440261,-13.534593293856876,0.8554966770327289,0.3158290424408476,0.0,33.11120393732802,19.48162000345777,-58.00763601755104,-15.633245539038173,105.63698234609232,663.5346566211788,1.274,1.0150000015428002,0.939999990599916,3.9827317775161695,165.0000707061107,0.0974387668798617,1.611919212357641e-05,-0.12685398580483,-0.0586846616801358,0.01289420913501,0.7933761028707255,14.755192308770816,33.038275385609566,13.565280615548602
11.45,31.22125089424887,131.01309577543907,124.16551214798208,0.6533055078069877,-0.4499781643789975,-13.583519016564129,0.8742682690598443,0.2775667464954421,0.0,32.979148508785165,19.372434693499684,-58.08668610390907,-15.612702328808256,105.61278234624952,658.2704508487236,1.274,1.0150000015428002,0.949999990499916,3.981216332486464,165.0000707061107,0.0970498474527457,1.605391196416082e-05,-0.1280244346695571,-0.0595535727909254,0.0129616336488993,0.7932714918609992,14.82793363649947,32.908466830612305,13.614454714692185
11.46,31.221250142101884,131.01309761037967,123.88375356140592,0.6627030969702056,-0.4352595484081103,-13.628876201618528,0.8914094657811761,0.2396171380323426,0.0,32.8466586008946,19.263275030466367,-58.166511343195445,-15.591568293544816,105.58790745412176,653.009736831062,1.274,1.0150000015428002,0.9599999903999156,3.9797055534480807,165.0000707061107,0.0966596529080344,1.5988797176688136e-05,-0.1292037759191877,-0.0603869215134518,0.0130288360680176,0.7928542241991268,14.90169417302596,32.77828884851832,13.660098598749826
11.47,31.221249392548984,131.01309943404436,123.60287986073256,0.6715387777688324,-0.4201483861317191,-13.670719251239428,0.906937267003932,0.2020277586532309,0.0,32.71376849864064,19.15415969924614,-58.24711080653261,-15.569870874527444,105.56239128437636,647.7540826247681,1.274,1.0150000015428002,0.9699999902999156,3.978199473193868,165.0000707061107,0.0962682841445821,1.5923865467262777e-05,-0.1303906253559603,-0.0611843890305002,0.0130956754834103,0.7921369282863246,14.97644520032322,32.64777233594288,13.702259494979478
11.48,31.22124864559281,131.01310124643837,123.32289659163216,0.679811529709317,-0.4046663412636175,-13.709103388673856,0.9208711491350252,0.1648438926793676,0.0,32.58051192375799,19.0451070112037,-58.32848277252108,-15.547637700554068,105.53626759510767,642.5050128221706,1.274,1.0150000015428002,0.9799999901999152,3.976698122902216,165.0000707061107,0.095875840401978,1.5859134284900614e-05,-0.1315836260358301,-0.0619457186092275,0.0131620161679241,0.7911326559263996,15.052157994261576,32.516947611976256,13.74098587815343
11.49,31.22124790123556,131.01310304756862,123.04380900657875,0.6875210206022399,-0.3888351323694319,-13.744084583707922,0.933232923195118,0.1281085504670277,0.0,32.446922028571755,18.93613490412208,-58.41062475352186,-15.524896551597728,105.50957024294308,637.2640085978925,1.274,1.0150000015428002,0.9899999900999152,3.975201532209888,165.0000707061107,0.0954824192424607,1.5794620801430036e-05,-0.1327814497121863,-0.0626707140163528,0.0132277276755553,0.7898548329843263,15.128803859860716,32.38584441764002,13.776327396434647
11.5,31.22124715947893,131.0131048374439,122.76562207677784,0.6946662457457031,-0.3726697903746836,-13.775720906174024,0.944043064978586,0.0918631435822127,0.0,32.313032415023535,18.82726094195794,-58.49353352233144,-15.501675323656391,105.48233313974968,632.0325478831397,1.274,1.0150000015428002,0.9999999899999148,3.9737057369034376,165.0000707061107,0.0950881195496701,1.5730341892503986e-05,-0.1339827981593124,-0.0633592378574439,0.0132926853435297,0.7883128569637768,15.20636034853203,32.254493993998274,13.808335983400863
11.51,31.221246420324235,131.01310661607468,122.48834050110987,0.7012443904861698,-0.3561731108178529,-13.590969953456758,0.9519924256373156,0.0587564410096473,0.0,32.178877926223784,18.71850227513563,-58.57720513916725,-15.478001994806489,105.45459021095569,626.8121357075456,1.274,1.0150000015428002,1.0,3.972199539626621,165.0000707061107,0.0946930438579619,1.5666314117929844e-05,-0.1351864019485542,-0.0640111973440986,0.0133567704644532,0.7865091517192832,15.284816368255276,32.12293074514076,13.62439746093732
11.52,31.22124568377229,131.01310838347322,122.21196870115998,0.7072539175227602,-0.3393906963597573,-13.410811195839416,0.9588325539871508,0.0257097464372344,0.0,32.047682823579954,18.61147742225672,-58.66163497563777,-15.453904603191248,105.42637536805653,621.7279987829269,1.274,1.0150000015428002,1.0,3.9706982442388488,165.0000707061107,0.0943066801976131,1.560255370826458e-05,-0.136391017204787,-0.0646265203195758,0.013421205118199,0.784466887875824,15.362635002637797,31.99437176942237,13.445068902318768
11.53,31.22124494974877,131.01311013997045,121.93645811201652,0.7126939871674671,-0.3223431947155411,-13.233659226282162,0.9645066709938926,-0.0070786347142594,0.0,31.918294871914863,18.50560155477956,-58.746817732836256,-15.429411245533723,105.39772250545468,616.7342135731075,1.274,1.0150000015428002,1.0,3.9692018746795767,165.0000707061107,0.093925637752801,1.5539070972067166e-05,-0.1375956774329721,-0.0652053531832522,0.01348543945017,0.7821972229207933,15.440308827644069,31.86766158839486,13.268762555069864
11.54,31.22124421825885,131.01311188555957,121.66181600075456,0.717561705328919,-0.3050502635139676,-13.059454078684162,0.9690415132190496,-0.0395843730933833,0.0,31.79069076386204,18.400858376107088,-58.832747629401446,-15.404549958215236,105.36866535955124,611.8290416566498,1.274,1.0150000015428002,1.0,3.967710168008269,165.0000707061107,0.0935498478841843,1.5475877994972743e-05,-0.1387993546220145,-0.0657478299275631,0.013549383133136,0.7797086629189266,15.517814774157491,31.742773806899915,13.095417107148418
11.55,31.22124348927304,131.01311362038055,121.38802522591313,0.7218548405761993,-0.2875319231176625,-12.888127413959973,0.9724636762263582,-0.0717831429552136,0.0,31.664840073069005,18.297228202282284,-58.91941836594688,-15.379348721351969,105.33923751281436,607.010498947262,1.274,1.0150000015428002,1.0,3.966223163564565,165.0000707061107,0.0931792209789032,1.5412986634300048e-05,-0.1400010420725528,-0.0662541162120509,0.0136129461196172,0.7770100664428613,15.595133138314964,31.61967485377704,12.924962926819513
11.56,31.221242762768085,131.01311534454675,121.11507298044911,0.7255716974564697,-0.2698078222502179,-12.719613012715213,0.9747998129274568,-0.1036517515693716,0.0,31.54071313182632,18.194691831595705,-59.00682314241204,-15.353835443415305,105.3094723748166,602.2766596394155,1.274,1.0150000015428002,1.0,3.964740768535441,165.0000707061107,0.0928136696627799,1.5350408521989956e-05,-0.1411997542240779,-0.0667244086216352,0.0136760417773763,0.7741102361253723,15.672244664699562,31.498331974847364,12.757332540704619
11.57,31.22124203872111,131.01311705816963,120.84294664314515,0.7287085842246426,-0.2518847993612265,-12.553849081349384,0.9760703979828076,-0.1351668857255255,0.0,31.41828277086221,18.09323050416904,-59.0949546748883,-15.328037946000611,105.27940316368618,597.6257214522482,1.274,1.0150000015428002,1.0,3.9632555748053857,165.0000707061107,0.0924531139154481,1.5288155054074777e-05,-0.142394526848733,-0.0671589329502838,0.0137385875975414,0.7710114991963919,15.749142021843186,31.378716926547767,12.592462438542823
11.58,31.22124131710961,131.01311876135878,120.57163381638097,0.7312633921990042,-0.2337746727459875,-12.390774485488343,0.9762980021458364,-0.1663067017213805,0.0,31.297521649440828,17.992825819501128,-59.183805212176544,-15.301983949721151,105.2490628889946,593.0559020217114,1.274,1.0150000015428002,1.0,3.9617631588049353,165.0000707061107,0.0920974732136958,1.5226237378067763e-05,-0.1435844128992417,-0.0675579206046479,0.0138005035763151,0.7677198570784853,15.82581342247838,31.260800511602323,12.430289942646564
11.59,31.221240597911468,131.01312045422193,120.30112231818198,0.7332402433893787,-0.2155170867794921,-12.230324412177808,0.9755186961357252,-0.1970530572988957,0.0,31.17839898000999,17.893459779556515,-59.273366546353536,-15.275701080463357,105.21848435847726,588.5653148173831,1.274,1.0150000015428002,1.0,3.9602752043406735,165.0000707061107,0.0917466568932644,1.5164666397378717e-05,-0.1447684845896797,-0.0679216170745171,0.0138617108777276,0.7642554111936994,15.902221594112032,31.14454571501289,12.270749849174402
11.6,31.22123988110492,131.01312213686495,120.03140017228138,0.7346396341339946,-0.1971309469270142,-12.072440064196352,0.9737594580048604,-0.2273870656148813,0.0,31.060887615032087,17.795114923797872,-59.363630025667184,-15.249216868178216,105.18770017610136,584.152237595382,1.274,1.0150000015428002,1.0,3.9587916445761175,165.0000707061107,0.091400585002884,1.5103452776846668e-05,-0.1459458432247808,-0.0682503298106419,0.0139221358072168,0.7606272889412271,15.978348475133757,31.02992241939148,12.113782293869908
11.61,31.22123916666858,131.01312380939194,119.76245560215662,0.7354625961172019,-0.1786350380306886,-11.917064310236492,0.9710472984362782,-0.2572908490640327,0.0,30.94496097019448,17.697774149648836,-59.45458657996096,-15.222558703070248,105.15674269071476,579.8149939631211,1.274,1.0150000015428002,1.0,3.957312413826815,165.0000707061107,0.0910591792502698,1.5042606910946517e-05,-0.1471156121739519,-0.0685443905018494,0.0139817077277199,0.7568447360312468,16.05417624291326,30.916901089496267,11.959329128806719
11.62,31.22123845458137,131.01312547190528,119.49427703997732,0.7357106640010063,-0.1600479163033334,-11.764141662662688,0.9674091922333232,-0.2867475068846021,0.0,30.83059302913365,17.601420741512296,-59.54622673637353,-15.195753824206632,105.12564398262587,575.5519526488542,1.274,1.0150000015428002,1.0,3.955837447522976,165.0000707061107,0.0907223630159824,1.4982138917105583e-05,-0.1482769370134645,-0.0688041540869214,0.0140403590088867,0.7529170663493705,16.129687408011105,30.805452793923997,11.807333896232379
11.63,31.221237744822584,131.01312712450567,119.22685310672536,0.7353858623233336,-0.1413878978860488,-11.613618224042757,0.962872052320272,-0.3157410882147896,0.0,30.717758327975734,17.506038360422504,-59.6385406348512,-15.16882930854895,105.09443585080322,571.361526041631,1.274,1.0150000015428002,1.0,3.9543666822157126,165.0000707061107,0.0903900613078815,1.4922058629493306e-05,-0.1494289856092858,-0.069029997626634,0.0140980249640523,0.7488536615712249,16.204864822485728,30.69554919145078,11.657741774363702
11.64,31.2212370373718,131.01312876729207,118.96017262014898,0.7344870683386613,-0.1226553924881623,-11.465444845707545,0.9574543518414704,-0.3442549054888139,0.0,30.60643440516484,17.411611034208786,-59.73151804342324,-15.141812060520175,105.06314980082308,567.2422601472954,1.274,1.0150000015428002,1.0,3.9528901174220574,165.0000707061107,0.0900622079699278,1.4862375593388316e-05,-0.1505709481745079,-0.0692223192048721,0.0141546449271321,0.7446574882206097,16.279707929672938,30.58716775588242,11.510501978010124
11.65,31.22123633220891,131.01313040036186,118.69422458184118,0.7330175959246906,-0.1038699958185308,-11.31957008892081,0.9511828889183802,-0.3722748283616236,0.0,30.49659654820278,17.31812305327158,-59.825148373237774,-15.114728802072396,105.0318170335224,563.1926381141177,1.274,1.0150000015428002,1.0,3.951408675126149,165.0000707061107,0.0897387302238832,1.4803099055993536e-05,-0.151702031411956,-0.0693815072467642,0.0142101592398683,0.740339910668928,16.354198642829036,30.480280696350224,11.36556221372236
11.66,31.221235629314176,131.01313202381084,118.42899817823508,0.7309841574376034,-0.08506533061833,-11.17594145961626,0.9440910997196476,-0.3997889515184181,0.0,30.38821859919608,17.22555909904977,-59.91942068567647,-15.087606089975612,105.00046846524704,559.2111109443568,1.274,1.0150000015428002,1.0,3.9499313016720334,165.0000707061107,0.0894195510397703,1.4744237982166229e-05,-0.1528214651033725,-0.0695079727109777,0.0142645101489628,0.7359168134305383,16.42830608187881,30.37485657321766,11.22286980763368
11.67,31.22123492866812,131.01313363773315,118.16448277662884,0.7283905968191056,-0.0662586047437458,-11.034510955895897,0.9362054440869227,-0.4267848683040966,0.0,30.2812771774118,17.13390427488141,-60.014323707854274,-15.060470304014574,104.9691347144692,555.2962528534366,1.274,1.0150000015428002,1.0,3.9484579369920914,165.0000707061107,0.0891046015610592,1.468580105170896e-05,-0.1539285068054806,-0.0696021716192659,0.0143176441498369,0.7313978587105859,16.50201457080484,30.270869302436594,11.082376008471194
11.68,31.22123423025156,131.01313524222152,117.90066792021705,0.7252411967416682,-0.0474668075225891,-10.895231903507256,0.927552240610707,-0.4532509967092694,0.0,30.175749370145525,17.04314398500839,-60.10984585396658,-15.033347614094168,104.9378460642003,551.4466746581617,1.274,1.0150000015428002,1.0,3.946988522015306,165.0000707061107,0.0887938143097783,1.462779663766126e-05,-0.1550224364059742,-0.0696645768015905,0.0143695103600606,0.7267927978006313,16.57530874365554,30.1682933023083,10.944033436365325
11.69,31.2212335340456,131.0131368373671,117.63754332610256,0.7215406507066239,-0.028706628436403,-10.75805893672547,0.9181576194067186,-0.4791765512247749,0.0,30.07161273509556,16.95326395564511,-60.20597523930289,-15.006263972089524,104.90663245318376,547.661023171192,1.274,1.0150000015428002,1.0,3.945522998648348,165.0000707061107,0.0884871231934658,1.4570232803293535e-05,-0.1561025560966378,-0.0696956770537224,0.014420060467079,0.7221114440131469,16.64817361369322,30.06710350863396,10.807796059668087
11.7,31.22123284003163,131.01313842325968,117.37509887635296,0.7172940501352595,-0.0099944496676895,-10.622947956851595,0.9080475058552526,-0.5045515188264155,0.0,29.968845288042928,16.86425022662678,-60.302699694038616,-14.979245103939084,104.87552346748048,543.9379800787796,1.274,1.0150000015428002,1.0,3.944061309769261,165.0000707061107,0.0881844634688757,1.4513117299458891e-05,-0.1571681903047804,-0.0696959761987355,0.0144692486672615,0.717363672181077,16.720594576940506,29.967275363568252,10.673619152003573
11.71,31.221232148191262,131.0131399999875,117.11332462694584,0.7125023226085533,0.0086755555706504,-10.489859784342592,0.8972377268580475,-0.5293646463966755,0.0,29.86742841779233,16.776089143444956,-60.40000677677164,-14.95231650206438,104.84454833254196,540.2763667480773,1.274,1.0150000015428002,1.0,3.9425913804578494,165.0000707061107,0.0878857803192439,1.4456457562364088e-05,-0.1582186856079571,-0.0696659921749744,0.0145170330281444,0.7125551354860014,16.792577553294166,29.86879117086945,10.541461984113973
11.72,31.22123145850644,131.01314156763743,116.85221078888524,0.7071733034780843,0.0272779813683576,-10.358750837002638,0.885757196424339,-0.5536080702048807,0.0,29.767339667163352,16.688767237215288,-60.497883787804575,-14.925503418091203,104.8137359057384,536.6748815373019,1.274,1.0150000015428002,1.0,3.9411184080696144,165.0000707061107,0.0875910076120468,1.4400260707008688e-05,-0.1592534035735767,-0.0696062211319112,0.0145633713036798,0.7076991815981734,16.86409983869218,29.771624482295064,10.411280738195293
11.73,31.221230770959306,131.01314312629503,116.5917477331711,0.7013157841571132,0.0457849546388992,-10.229578386334811,0.8736362147016888,-0.5772749723444536,0.0,29.668556682348257,16.602271418258255,-60.59631777310586,-14.898830888392803,104.7831147066846,533.1322437181011,1.274,1.0150000015428002,1.0,3.939649151751482,165.0000707061107,0.0873000795201744,1.4344533551282986e-05,-0.1602717309019279,-0.0695171876414555,0.0146082237023319,0.7028086414438929,16.9351365410941,29.675748565439772,10.283032655374674
11.74,31.22123008553232,131.01314467604445,116.33192599179527,0.6949363147334325,0.064181414506042,-10.102303038863251,0.8608997746469071,-0.6003582053788933,0.0,29.571059209104053,16.51658892696856,-60.69529554126038,-14.872323713015072,104.7527128940017,529.6472645674206,1.274,1.0150000015428002,1.0,3.9381835573045727,165.0000707061107,0.0870129363957291,1.428928260690388e-05,-0.1612730801292547,-0.0693994478452394,0.0146515538895244,0.6978936405394263,17.005674634235174,29.58114080001112,10.156677856749152
11.75,31.22122940220812,131.01314621696855,116.07273624680742,0.6880417907835912,0.0824525845745114,-9.97688646509988,0.8475726196013984,-0.6228512838302818,0.0,29.47482738483197,16.431707258044874,-60.7948036811904,-14.84600643075508,104.72255823785088,526.2187848233933,1.274,1.0150000015428002,1.0,3.936721571456431,165.0000707061107,0.0867295197443617,1.4234514065348525e-05,-0.1622568854411958,-0.0692535685399933,0.0146933277381865,0.6929643625558836,17.075701437755647,29.487779002060112,10.032177560468126
11.76,31.2212287209696,131.01314774914894,115.8141693313107,0.6806394295705993,0.100584033005119,-9.853291382821627,0.8336792115561747,-0.6447483603204001,0.0,29.379841739250985,16.347614175417885,-60.89482857441254,-14.81990331291972,104.69267811405784,522.8456741761516,1.274,1.0150000015428002,1.0,3.935263141777963,165.0000707061107,0.0864497722272272,1.4180233797539911e-05,-0.1632226025349561,-0.0690801264748529,0.0147335132788752,0.6880310348134134,17.145204666998385,29.39564143409344,9.909494061288079
11.77,31.2212280417999,131.0131492726659,115.55621622449148,0.6727367577897152,0.1185616766821784,-9.731481524533162,0.81924372181579,-0.6660442048451755,0.0,29.28608318449597,16.26429770545782,-60.995356407066495,-14.794038357196028,104.66309949845906,519.526830396933,1.274,1.0150000015428002,1.0,3.9338082166898296,165.0000707061107,0.0861736376318151,1.4126447353811306e-05,-0.1641697084527529,-0.068879707583686,0.0147720806438489,0.6831039236328658,17.214172433209644,29.304706795828118,9.788590696360366
11.78,31.22122736468236,131.01315078759856,115.2988680526148,0.6643361936138643,0.1363975020403651,-9.61142563658328,0.8042789226323543,-0.6867319185954955,0.0,29.19353630050972,16.181746130476863,-61.096373181700486,-14.76843528169634,104.6338489615382,516.2612950349879,1.274,1.0150000015428002,1.0,3.932342956331964,165.0000707061107,0.0859010705390916,1.407315996415365e-05,-0.1650977014048008,-0.0686529062407531,0.0148090036834325,0.6781932047557971,17.282616904491842,29.21496154979179,9.669434734304733
11.79,31.221226689600527,131.0131522940247,115.04211608007908,0.6554493307519558,0.1540614565741341,-9.493086483480722,0.7888145502145486,-0.7068086850902907,0.0,29.10218053412958,16.09994785585422,-61.19786472881123,-14.743117519160435,104.6049526633309,513.0479408200881,1.274,1.0150000015428002,1.0,3.9308761831952808,165.0000707061107,0.085632010426981,1.4020376533560084e-05,-0.1660060925392187,-0.0684002851923556,0.0148442547544313,0.673311014461807,17.350511653469365,29.126380421977125,9.551989211404797
11.8,31.22122601653824,131.0131537920211,114.78595171041069,0.646086492990323,0.171531275917208,-9.376429147408272,0.7728774776965722,-0.726271743785132,0.0,29.011996700874267,16.018891656464298,-61.29981670796012,-14.718108248967408,104.576436391539,509.88570275947046,1.274,1.0150000015428002,1.0,3.9294128081277977,165.0000707061107,0.0853664008017789,1.39681016725157e-05,-0.1668944190856916,-0.0681224403092046,0.0148778091284772,0.6684680156373473,17.41783746730926,29.03894073043957,9.436219253372546
11.81,31.221225345479485,131.0131552816632,114.53036648626455,0.636256322275431,0.1887943180918369,-9.261421133817857,0.7564906650493832,-0.7451181429771989,0.0,28.922967159053368,15.938566562324375,-61.40221462560954,-14.693430367293685,104.54832552903444,506.7735832163604,1.274,1.0150000015428002,1.0,3.927952782152068,165.0000707061107,0.0851041897103813,1.3916339682582216e-05,-0.1677622417580767,-0.0678199880291541,0.0149096448286813,0.6636745716368894,17.48458404432498,28.952622847526364,9.322092071591477
11.82,31.221224676408447,131.01315676302545,114.27535208147256,0.6259677185210836,0.205838266885407,-9.148030804910544,0.7396767601790903,-0.7633454535500949,0.0,28.83507459703147,15.858961819710984,-61.50504384963947,-14.66910646823471,104.52064503405975,503.7106084579461,1.274,1.0150000015428002,1.0,3.9264960570542993,165.0000707061107,0.0848453261718153,1.3865094548265855e-05,-0.1686091416325046,-0.0674935504363918,0.0149397417088153,0.6589410375702979,17.550741440861273,28.867407526834523,9.209575755625059
11.83,31.221224009309527,131.01315823618117,114.0209003080034,0.6152298197619194,0.2226511738612456,-9.036227364578648,0.7224580788434183,-0.780951749191033,0.0,28.748302032488663,15.780066901023856,-61.60828961993485,-14.645158838512431,104.49341943603116,500.6958282156257,1.274,1.0150000015428002,1.0,3.9250425853908255,165.0000707061107,0.0845897601750354,1.3814369938654512e-05,-0.1694347199398223,-0.0671437546840949,0.0149680814076296,0.6542777476362516,17.616300105148596,28.783275909071072,9.09863925510901
11.84,31.221223344167328,131.01315970120243,113.7670030921056,0.6040519908021482,0.2392214599955074,-8.925980832693423,0.7048566000865459,-0.7979355889055381,0.0,28.66263280441773,15.701871499225044,-61.71193705876089,-14.62160945220758,104.46667283144237,497.7283150035031,1.274,1.0150000015428002,1.0,3.923592320455753,165.0000707061107,0.0843374426553521,1.3764169209227136e-05,-0.1702385978391394,-0.0667712323761696,0.0149946472991898,0.6496950009573327,17.681250875373014,28.700209514307826,8.989252352467247
11.85,31.221222680966605,131.01316115816053,113.51365250114712,0.5924375541681443,0.2555673540231898,-8.81726631731845,0.6868817727488631,-0.8142934758501434,0.0,28.57805418328841,15.624365522500815,-61.81597118091487,-14.598479965562424,104.44042887991831,494.8072887431992,1.274,1.0150000015428002,1.0,3.9221297757587417,165.0000707061107,0.0840883361169954,1.3714495403883478e-05,-0.1710204161852837,-0.0663766189689341,0.0150194263455766,0.6452089586315881,17.745612082033237,28.618198476264546,8.881388728406455
11.86,31.221222019692323,131.01316260712542,113.26084071976013,0.5804012644535363,0.2716545370988533,-8.710051660960573,0.6685634928203598,-0.8300266476972518,0.0,28.494547175067407,15.547538949650098,-61.92037690365929,-14.57579171184212,104.41471080040236,491.9317625251807,1.274,1.0150000015428002,1.0,3.920667134026395,165.0000707061107,0.0838423846322656,1.3665351251598412e-05,-0.1717798263298732,-0.0659605099834683,0.0150424029283628,0.6408270367911235,17.809353734913273,28.537218410098117,8.775016884110352
11.87,31.221221360329647,131.0131640481662,113.00856005381664,0.5679544075927648,0.2874663865283671,-8.604308257250251,0.6499250357057959,-0.8451355008579238,0.0,28.412095283205783,15.471382123803863,-62.02513904524772,-14.553565738909928,104.3895414157946,489.100847213278,1.274,1.0150000015428002,1.0,3.9192076029366976,165.0000707061107,0.0835995396230039,1.3616739202098708e-05,-0.1725165060622027,-0.0655235386916154,0.0150635647981525,0.6365582658327288,17.87246215549584,28.457250208163977,8.670108254954629
11.88,31.221220702863903,131.0131654813509,112.75680293043013,0.5551071456081905,0.302992808878778,-8.50000916239815,0.630987030068993,-0.8596203763965832,0.0,28.330683062959864,15.395885579624071,-62.13024234351718,-14.531822770354092,104.36494311089524,486.313700349232,1.274,1.0150000015428002,1.0,3.9177511380778354,165.0000707061107,0.0833597556067345,1.3568661406346703e-05,-0.1732301540181769,-0.0650663496159579,0.0150829018146307,0.6324126128322709,17.93492971350213,28.37827684025336,8.566635721476898
11.89,31.221220047280585,131.01316690674668,112.50556189397945,0.5418698180328086,0.3182240588341609,-8.397128125432783,0.6117697616174111,-0.8734820210328254,0.0,28.25029534976884,15.321040037170404,-62.23567146753844,-14.51058319161246,104.34093781885812,483.5694990220432,1.274,1.0150000015428002,1.0,3.916297695745967,165.0000707061107,0.0831229879261985,1.3521119713290508e-05,-0.1739204875459637,-0.0645895889124823,0.0151004053357112,0.6283998982402308,17.996749133563537,28.300281611047037,8.464572867973393
11.9,31.22121939356535,131.01316832441952,112.25482960412188,0.5282529259334,0.3331507652322794,-8.29563957409646,0.5922931619739383,-0.8867215710566543,0.0,28.170917257217027,15.246836407147992,-62.3414110267042,-14.489867044983466,104.31754701778608,480.86743947326767,1.274,1.0150000015428002,1.0,3.914847232873104,165.0000707061107,0.0828891927433493,1.3474115672849215e-05,-0.1745872424574592,-0.0640939039011327,0.0151160681765725,0.6245297761233021,18.0579135153536,28.22324816216677,8.363893966186657
11.91,31.22121874170401,131.01316973443468,112.0045988328106,0.5142671216559477,0.3477639304882599,-8.195518594374176,0.5725768074202772,-0.8993405378494796,0.0,28.092534170496016,15.173265786328272,-62.44744557962846,-14.469694024611789,104.29479172734916,478.20673655888487,1.274,1.0150000015428002,1.0,3.9133997070861146,165.0000707061107,0.0826583270200921,1.3427650539015408e-05,-0.1752301727684936,-0.0635799425751515,0.0151298845664846,0.620811707370713,18.11841633013494,28.14716046554616,8.264573953577273
11.92,31.22121809168256,131.01317113685636,111.75486246429712,0.4999160262953215,0.362088304791064,-8.096745458686286,0.5526266236166423,-0.9113380005062356,0.0,28.015135677883567,15.100319453135624,-62.5537596428494,-14.450083471479845,104.2726925054595,475.58675692676366,1.274,1.0150000015428002,1.0,3.91193792710992,165.0000707061107,0.0824303600860466,1.3381725273109068e-05,-0.175849050436033,-0.063048353127508,0.0151418522349146,0.6172686989945347,18.17828218373555,28.072011997210435,8.166591710074261
11.93,31.22121744348713,131.01317253174787,111.50561349115377,0.4852171421311737,0.3760849205707753,-7.999292000183779,0.5324724936445335,-0.9227184699737762,0.0,27.938703996814034,15.027988710791716,-62.66033769934232,-14.43105436839824,104.25126944499064,473.00662501639073,1.274,1.0150000015428002,1.0,3.910477526457593,165.0000707061107,0.0822052395839154,1.3336340541241643e-05,-0.1764436551757733,-0.0624997363694562,0.0151519652812516,0.6138991458053509,18.23747699099489,27.99777885378429,8.069920001804416
11.94,31.221216797104056,131.01317391917172,111.25684500930502,0.4701821285905396,0.3897430392092288,-7.903134775268181,0.5121339793583202,-0.9334847237517776,0.0,27.863224961349875,14.956265228530242,-62.76716419462171,-14.41262538303022,104.230542224588,470.4655973222468,1.274,1.0150000015428002,1.0,3.9090199759943856,165.0000707061107,0.0819829237985769,1.329149675463536e-05,-0.1770137933088871,-0.0619347363338734,0.0151602216940188,0.6107106195927292,18.29599267888429,27.924445182662748,7.974535360655476
11.95,31.22121615251977,131.0131752991894,111.00855022796884,0.4548221470665511,0.4030551326598144,-7.808251319995906,0.4916292629235504,-0.943639643474355,0.0,27.78868498519483,14.885140810236576,-62.87422355628334,-14.394814818962196,104.21053005589224,467.96295828338464,1.274,1.0150000015428002,1.0,3.9075652353429007,165.0000707061107,0.0817633727211383,1.3247194044610326e-05,-0.1775592891444601,-0.0613539999701934,0.0151666209643562,0.6077114554724669,18.353824152756147,27.85199621520812,7.880415203852965
11.96,31.221215509720857,131.01317667186171,110.76072245673372,0.4391484635283122,0.4160140298884342,-7.714619733055883,0.4709761734425853,-0.9531864198125736,0.0,27.71507072181865,14.814607420527654,-62.98150020301554,-14.37764060659144,104.1912516757576,465.49800845008633,1.274,1.0150000015428002,1.0,3.906113264783088,165.0000707061107,0.0815465470488745,1.32034322636859e-05,-0.1780799838598013,-0.0607581726984509,0.0151711637941214,0.6049096271784669,18.41096666138189,27.78041747864557,7.78753751403619
11.97,31.22121486869405,131.01317803724845,110.51335510555992,0.4231724366462799,0.4286129269875491,-7.622218661864348,0.4501921833591584,-0.9621285397320608,0.0,27.64236906096948,14.744657185281516,-63.08897855238862,-14.361120298053434,104.17272534305911,463.0700641105704,1.274,1.0150000015428002,1.0,3.904664025185845,165.0000707061107,0.0813324081749489,1.3160210989450249e-05,-0.1785757352303025,-0.0601478980287338,0.0151738520594278,0.6023127193503646,18.467415803567363,27.70969479416266,7.6958808240641154
11.98,31.221214229426256,131.01317939540874,110.26644167782172,0.4069053249356952,0.4408462322829403,-7.531027395229674,0.4292940822121508,-0.9704697050580056,0.0,27.57056721989817,14.675282387849451,-63.196643028477176,-14.345271062107894,104.1549688354866,460.6784600903376,1.274,1.0150000015428002,1.0,3.9032170498710994,165.0000707061107,0.0811209184568132,1.3117529528527126e-05,-0.1790464173545515,-0.0595238171782448,0.0151746888267871,0.5999283929054544,18.523168305966607,27.639814500877275,7.6054242804170755
11.99,31.22121359190447,131.01318074640082,110.0199757911822,0.3903509781214007,0.4527431712855332,-7.4410301220021315,0.4082850434772686,-0.9782110622236868,0.0,27.499656544237823,14.606475461620724,-63.30447806931594,-14.33010967899893,104.13799944633918,458.3226761653028,1.274,1.0150000015428002,1.0,3.901754505313908,165.0000707061107,0.0809120523994824,1.3075386920503106e-05,-0.1794919201313923,-0.058886567543203,0.0151736803968522,0.5977851569471752,18.578253047936983,27.570772535203098,7.516150799147598
12.0,31.221212956115824,131.01318209028213,109.77395114280333,0.3735288733781108,0.4642615675942751,-7.35220206071664,0.3871942238078908,-0.985359610853994,0.0,27.429620401000623,14.53822883535742,-63.41246813389285,-14.315652536501126,104.1218339826748,456.00193264455504,1.274,1.0150000015428002,1.0,3.900294611651403,165.0000707061107,0.0807057610331078,1.3033781936957846e-05,-0.1799121389679094,-0.0582367354553955,0.0151708287568352,0.595868751323872,18.63263302007091,27.502545639492222,7.428036622907734
12.01,31.221212322047645,131.0131834271094,109.5283615361839,0.356450624654783,0.4753961834042294,-7.264523936315959,0.3660376642339112,-0.9919199085289824,0.0,27.360446598983007,14.470535299347084,-63.520597696785394,-14.301915675361998,104.10648881868812,453.71560552466,1.274,1.0150000015428002,1.0,3.8988373315895735,165.0000707061107,0.0805020084575714,1.2992713123666884e-05,-0.1803069954323792,-0.0575749540522232,0.0151661401513334,0.5941848729859311,18.686305283568423,27.435120800030667,7.341062368477839
12.02,31.22121168968733,131.01318475693853,109.28320086028724,0.3391279262965458,0.4861419884441106,-7.177976910034886,0.3448311053429136,-0.9978967597941226,0.0,27.292123133374663,14.403387732195029,-63.62885126818716,-14.288914732172447,104.09197983430543,451.463083710733,1.274,1.0150000015428002,1.0,3.897382628419544,165.0000707061107,0.0803007593217833,1.2952178771648022e-05,-0.1806764262723337,-0.0569018526042433,0.0151596218056266,0.5927385793450782,18.7392670968434,27.368485222105427,7.255209091088526
12.03,31.22121105902241,131.01318607982472,109.0384631004746,0.3215725125235636,0.496494306144069,-7.0925426014113855,0.3235899386516988,-1.0032951994285124,0.0,27.22463820586965,14.336779152761332,-63.73721340068732,-14.276664934289872,104.07832241214598,449.2437694788242,1.274,1.0150000015428002,1.0,3.8959304659368654,165.0000707061107,0.0801019788828549,1.2912176921668108e-05,-0.181020383179323,-0.0562180564012123,0.0151512819099558,0.5915343510685325,18.791516043947556,27.302626373073117,7.1704583018401475
12.04,31.221210430040568,131.01318739582243,108.79414233055373,0.3037961494022815,0.5064488098155548,-7.008203074555407,0.3023292088227311,-1.0081204825828496,0.0,27.15798021997972,14.27070271668876,-63.845668695954735,-14.265181094517862,104.06553143422812,447.0570781182183,1.274,1.0150000015428002,1.0,3.894480808528952,165.0000707061107,0.0799056329922807,1.2872705368695253e-05,-0.1813388325106881,-0.0555241864460293,0.0151411295872571,0.5905760693588115,18.84305002945932,27.23753197707147,7.086791953494777
12.05,31.221209802729582,131.01318870498545,108.55023271277956,0.2858094256637492,0.516007002814809,-6.924941486817772,0.2810615702609046,-1.0123776335696624,0.0,27.092138377479223,14.205151713255155,-63.95420181127746,-14.254477605755872,104.053621278657,444.90245732265066,1.274,1.0150000015428002,1.0,3.8930308997554257,165.0000707061107,0.0797116898508251,1.2833761666401817e-05,-0.1816317550117213,-0.0548208591617278,0.0151291751972458,0.5898712115667104,18.89387234433167,27.17319147224968,7.00419293531236
12.06,31.22120917707736,131.01319000736677,108.30672849586615,0.2676182892160538,0.5251919290627478,-6.842743890006767,0.259791300885822,-1.0160701347082008,0.0,27.0271043665426,14.140119538672057,-64.0627974659623,-14.244568435618486,104.04260581629092,442.7794420780148,1.274,1.0150000015428002,1.0,3.891567484741065,165.0000707061107,0.0795201249753702,1.279534313084491e-05,-0.1818991439703328,-0.0541086788597549,0.0151154311244998,0.5894438948695156,18.94400620456133,27.10960016659683,6.922646458030833
12.07,31.2212085530719,131.01319130301874,108.0636240139934,0.249241655914627,0.533967825807344,-6.761589445398046,0.2385434068124946,-1.0192062026596762,0.0,26.96286357744245,14.075599610393388,-64.17144044570412,-14.235467128885496,104.03249841612195,440.6873664527408,1.274,1.0150000015428002,1.0,3.890106502050066,165.0000707061107,0.0793308953534035,1.2757446845714244e-05,-0.1821409989128325,-0.053388209715455,0.0150999063414465,0.5892717908997983,18.993420447709813,27.046737833248592,6.842132421152921
12.08,31.22120793070137,131.01319259199306,107.82091368680732,0.2306913185464573,0.5423318344154319,-6.681461902891073,0.2173315574066489,-1.021791881919386,0.0,26.89940519999752,14.011585649058327,-64.28011559956927,-14.227186840375335,104.02331198440817,438.6256952179948,1.274,1.0150000015428002,1.0,3.8886479177148967,165.0000707061107,0.0791439691521668,1.272006969526648e-05,-0.1823573422330693,-0.0526600536581189,0.0150826134243696,0.5893561857546135,19.04211430380598,26.984593213251195,6.762634458226022
12.09,31.22120730995405,131.01319387434074,107.57859201345636,0.2119790913463117,0.5502812997798647,-6.602345365958697,0.1961691294470707,-1.0238333979212553,0.0,26.836718584332267,13.94807144963006,-64.38880785724993,-14.219740283350175,104.01505890990369,436.5939038696515,1.274,1.0150000015428002,1.0,3.8871916982244654,165.0000707061107,0.0789593150110914,1.2683208340463e-05,-0.1825482095754144,-0.0519248068294761,0.015063565718067,0.5896976025257178,19.0900871855154,26.92315523992312,6.684136554966788
12.1,31.22120669081825,131.01319515011215,107.33665357855568,0.1931167743668095,0.557813896552299,-6.52422430999038,0.1750691670770447,-1.0253371431385394,0.0,26.77479325776413,13.88505092628478,-64.49750223489126,-14.213139724193868,104.00775106061909,434.5914790162327,1.274,1.0150000015428002,1.0,3.885737810585439,165.0000707061107,0.0787769020914724,1.2646859223822114e-05,-0.1827136495964545,-0.0511830595165508,0.0150427773226004,0.5902959032805642,19.137338799737226,26.86241307556853,6.606623064579211
12.11,31.22120607328248,131.013196419357,107.09509304224748,0.1741161465099696,0.5649276246555338,-6.447083571250374,0.154044384735105,-1.0263096691372209,0.0,26.713618920933847,13.822518109495975,-64.60618384083824,-14.207396976889315,104.00139978036007,432.61791809104216,1.274,1.0150000015428002,1.0,3.8842862223154255,165.0000707061107,0.0785967000650639,1.2611018574178028e-05,-0.1828537236907265,-0.0504353959222729,0.0150202630659991,0.5911502948888179,19.18386914256368,26.80235610690124,6.53007869662529
12.12,31.22120545733529,131.01319768212443,106.85390514616564,0.1549864598218302,0.5716321016356082,-6.370909618167246,0.1331030894133913,-1.0267567851260295,0.0,26.65318663475749,13.76046714338989,-64.71483788126034,-14.202523397482814,103.99601588525114,430.67276755272695,1.274,1.0150000015428002,1.0,3.882831389360536,165.0000707061107,0.078418682606306,1.2575682411477957e-05,-0.1829685057176629,-0.0496823939466756,0.0149960391475524,0.5922695884053506,19.229688961430416,26.74297690570553,6.4544895453528826
12.13,31.221204842965378,131.01319893846292,106.61308470846552,0.1357359420663009,0.5779416671145526,-6.295689638886233,0.1122513550494947,-1.0266840146546332,0.0,26.59348805586463,13.698892235833476,-64.82344966565624,-14.198529878541352,103.9916096602478,428.75559765227047,1.274,1.0150000015428002,1.0,3.8813656111125394,165.0000707061107,0.078242825142793,1.2540846549920813e-05,-0.1830580785570074,-0.0489246105142725,0.0149701224257298,0.5936667345228342,19.27481338332173,26.684269381168274,6.37984235399569
12.14,31.22120423016153,131.01320018842037,106.372626622831,0.1163822958459066,0.5838279842415995,-6.221406203715821,0.0915098846936587,-1.0261002919116335,0.0,26.534510481275905,13.637787654039906,-64.93200460844787,-14.19542685982144,103.98819087354974,426.865842709078,1.274,1.0150000015428002,1.0,3.879902066031892,165.0000707061107,0.0780690902758277,1.250650661005203e-05,-0.1831225326363145,-0.0481625760238017,0.0149425275086131,0.5953146102502573,19.31921797590886,26.626216379592588,6.3061201241089195
12.15,31.22120361891266,131.01320143204404,106.13252585748,0.0969371305318376,0.5892903918402616,-6.148045518127623,0.0708900989786816,-1.025012731618396,0.0,26.47624428688295,13.57714790767598,-65.04048822904126,-14.193224345430975,103.98576879809168,425.0030413701856,1.274,1.0150000015428002,1.0,3.8784407230797657,165.0000707061107,0.0778974496658236,1.2472658040767987e-05,-0.1831619777213646,-0.0473968490729287,0.0149132719023913,0.5972098809042312,19.362903914606747,26.56880817321614,6.233308928577355
12.16,31.221203009207727,131.01320266938066,105.89277745814682,0.0774120248508727,0.5943284258403099,-6.07559407598902,0.0504031379714822,-1.0234285760941186,0.0,26.418679988152327,13.51696757134018,-65.14888616619028,-14.191931859475645,103.98435216509402,423.16674127654153,1.274,1.0150000015428002,1.0,3.8769815516865647,165.0000707061107,0.0777278753843086,1.2439296101009584e-05,-0.1831765349391914,-0.0466279810596982,0.0148823737031545,0.5993485500259285,19.405872545324968,26.512035204800537,6.161395126339187
12.17,31.22120240103585,131.01320390047638,105.65337653516166,0.0578184969723283,0.5989419223808606,-6.004038673522736,0.0300598298954129,-1.0213551839363904,0.0,26.361808253380683,13.457241321132948,-65.25718418301399,-14.19155844066318,103.98394916070664,421.3564993577236,1.274,1.0150000015428002,1.0,3.875524521731239,165.0000707061107,0.0775603399529106,1.240641586472514e-05,-0.1831663365414683,-0.0458565161460451,0.0148498515850527,0.6017260865276,19.44812547627675,26.45588811708006,6.090365374777094
12.18,31.221201794386182,131.01320512537683,105.41431827736513,0.0381679985880589,0.6031310127931723,-5.933366400394348,0.0098706944137713,-1.0188000236463983,0.0,26.30561990047793,13.397963932205183,-65.36536817194329,-14.19211263677691,103.98456742249516,419.5718815983444,1.274,1.0150000015428002,1.0,3.874069603513667,165.0000707061107,0.0773948163338878,1.2374012225785922e-05,-0.183131525639315,-0.0450829910915148,0.0148157247772237,0.6043374561451377,19.4896645730571,26.40035774875593,6.0202066210487075
12.19,31.221201189248024,131.01320634412704,105.17559794117572,0.0184677546412097,0.6069147245515208,-5.863566621504173,-0.0101605754013913,-1.0157692190067589,0.0,26.25010778123796,13.339130276525246,-65.47342415956247,-14.193602499178285,103.98621403594392,417.81252289359287,1.274,1.0150000015428002,1.0,3.872607832071621,165.0000707061107,0.0772312834738923,1.2342079902878643e-05,-0.1830722559398144,-0.0443079350956473,0.0147800141039797,0.6071956258759833,19.53050923170255,26.345439940432858,5.950907818845117
12.2,31.22120058561073,131.01320755677145,104.93721084561984,-0.0012713351055547,0.6102954878177868,-5.794627007370805,-0.0300252121405563,-1.01227017152116,0.0,26.195263137615925,13.280735244737777,-65.58133831134525,-14.196035577347352,103.98889553098395,416.0780105542586,1.274,1.0150000015428002,1.0,3.871138309159031,165.0000707061107,0.0770697155835932,1.2310613441788315e-05,-0.1829886863428835,-0.0435318465345499,0.0147427394973568,0.6102968119551276,19.570663442507342,26.29112631590385,5.882456507962187
12.21,31.2211999834638,131.01320876335413,104.69915239022384,-0.0210334584398063,0.6132536889577254,-5.726533142092185,-0.0497070247929538,-1.0083120965451584,0.0,26.14107511274545,13.222773839116735,-65.68909693018486,-14.199418940276484,103.9926179079812,414.3678692695115,1.274,1.0150000015428002,1.0,3.869670837625916,165.0000707061107,0.0769100806991087,1.2279607235349688e-05,-0.1828809853844206,-0.0427552141028836,0.0147039200860461,0.613614273382854,19.610110694286664,26.23740293769366,5.81483842422412
12.22,31.221199382796765,131.01320996391843,104.4614180331466,-0.040807497887341,0.6157906443145809,-5.659273227720341,-0.069196692189633,-1.0039028447536973,0.0,26.087535106037134,13.165241238728123,-65.79668646042359,-14.20375917387882,103.99738663727102,412.68169949951215,1.274,1.0150000015428002,1.0,3.868205389149911,165.0000707061107,0.0767523534952386,1.2249055532445732e-05,-0.1827493371234092,-0.0419785442130076,0.0146635771217392,0.6171412361776166,19.64885388041497,26.18426141208016,5.748041629103494
12.23,31.221198783599306,131.01321115850743,104.22400329614956,-0.0605824125633126,0.6179078620017456,-5.592835703750176,-0.0884851606355087,-0.9990503512425912,0.0,26.03463464031165,13.108132682547655,-65.90409349906385,-14.209062346282764,104.00320662346616,411.0191093295337,1.274,1.0150000015428002,1.0,3.8667419357581374,165.0000707061107,0.0765965090102737,1.2218952425960048e-05,-0.1825939351621,-0.0412023350873212,0.0146217322960021,0.6208705278438097,19.686896057680137,26.131693498857608,5.682054420463902
12.24,31.221198185861127,131.0132123471635,103.9869037705608,-0.0803472610955231,0.6196071166887706,-5.527209255876596,-0.1075636654787126,-0.9937626267092898,0.0,25.98236537084113,13.051443496069572,-66.01130480008163,-14.21533400268864,104.01008220224745,409.3797146498016,1.274,1.0150000015428002,1.0,3.8652804498970985,165.0000707061107,0.076442522672588,1.2189291857740896e-05,-0.1824149824130968,-0.0404270767366223,0.0145784077287167,0.6247946940863632,19.7242405134452,26.07969113212448,5.61686534097296
12.25,31.22119758957207,131.01321352992863,103.75011510832988,-0.1000912065338225,0.6208904442100925,-5.462382808814664,-0.1264237277162721,-0.9880477523404678,0.0,25.930719082661334,12.995169089250275,-66.11830727866996,-14.222579160192822,104.01801713709284,407.7631389654642,1.274,1.0150000015428002,1.0,3.8638209044256895,165.0000707061107,0.0762903702927202,1.216006762348688e-05,-0.1822126908462626,-0.0396532508459924,0.0145336259485739,0.6289060352554648,19.760890760876443,26.028246416748708,5.5524631714103885
12.26,31.22119699472205,131.01321470684425,103.51363302699758,-0.1198097682735333,0.6217878625916708,-5.398348323208005,-0.1450665978004083,-0.9819117479682056,0.0,25.879690396444687,12.939304954614297,-66.22508801538588,-14.230802302704056,104.02701461608036,406.16909822907456,1.274,1.0150000015428002,1.0,3.862350152580373,165.0000707061107,0.0761400360242469,1.213127337762396e-05,-0.1819872812376107,-0.0388813306678203,0.0144874113902456,0.6332250493498267,19.796876343042896,25.97735868839297,5.4888395510597725
12.27,31.22119640130104,131.01321587795147,103.27745330373216,-0.1394887718852247,0.6222860264800912,-5.3350933565088345,-0.1634797469453154,-0.9753638419245853,0.0,25.82926974899812,12.883846554868716,-66.33163426020376,-14.24000737596158,104.03707724877243,404.59718001103056,1.274,1.0150000015428002,1.0,3.860875603047429,165.0000707061107,0.0759914917118211,1.2102902634463332e-05,-0.1817389753715984,-0.0381117474376552,0.0144397858430293,0.6377274113397444,19.83218645300446,25.927016287735487,5.425982065438467
12.28,31.221195809299115,131.01321704329075,103.04157177632383,-0.1591150012534005,0.6223756347892754,-5.272606221951519,-0.1816517688699204,-0.9684131425151808,0.0,25.7794481141822,12.828789532688944,-66.43793342755995,-14.250197822846404,104.04820710704664,403.04699232751113,1.274,1.0150000015428002,1.0,3.859402938830873,165.0000707061107,0.0758447107805545,1.2074948797243976e-05,-0.1814680077096108,-0.0373449432868728,0.0143907720358809,0.6423924179353293,19.866814004392783,25.877208727729563,5.363878983673249
12.29,31.22119521870647,131.0132182029022,102.80598434119692,-0.1786780880356906,0.6220597356108352,-5.210876747562542,-0.1995752817657409,-0.9610679684342835,0.0,25.730217778720515,12.77412963469623,-66.54397310538343,-14.261376556047162,104.06040569740136,401.518187625484,1.274,1.0150000015428002,1.0,3.8579321339753614,165.0000707061107,0.0756996705184695,1.2047405151714471e-05,-0.1811746240762652,-0.0365813662863104,0.0143403939647072,0.6472116496093413,19.90076338353872,25.82792877386696,5.302520005745405
12.3,31.221194629513327,131.01321935682543,102.5706869573862,-0.1981677807923329,0.6213415665220327,-5.149894959374481,-0.2172431588914393,-0.953336687629238,0.0,25.68157114041757,12.719862666631691,-66.64974106276081,-14.273545936101025,104.07367393918588,400.0104248981033,1.274,1.0150000015428002,1.0,3.8564631628937183,165.0000707061107,0.0755563485407491,1.2020264861307931e-05,-0.1808590781108326,-0.0358214556756646,0.0142886759391693,0.6521765651933047,19.934039139195285,25.77916933246829,5.241895031632711
12.31,31.221194041710028,131.01322050509975,102.33567563560256,-0.2175739595373864,0.6202245954521128,-5.089651084255854,-0.2346485393414615,-0.945227710967056,0.0,25.63350071240557,12.66598450802196,-66.75522525360672,-14.28670776696386,104.0880121619572,398.5233697305104,1.274,1.0150000015428002,1.0,3.854996000374,165.0000707061107,0.0754147228022215,1.1993520971975771e-05,-0.1805216310384037,-0.0350656418426303,0.0142356425704035,0.6572785768764463,19.966646019760184,25.730923461349136,5.181994164610945
12.32,31.221193455286965,131.0132216477638,102.10094644916776,-0.2368866397140925,0.6187125151904134,-5.030135544123407,-0.2517848247372547,-0.936749488106064,0.0,25.58599912090239,12.612491110463004,-66.86041382025792,-14.300863291672275,104.10342010290016,397.05669414446487,1.274,1.0150000015428002,1.0,3.853530621558269,165.0000707061107,0.0752747715907588,1.1967166416948278e-05,-0.1801625514304741,-0.0343143462518756,0.0141813187544533,0.6625090756537112,19.998588968777103,25.683184366715924,5.1228077061010815
12.33,31.22119287023461,131.01322278485603,101.86649552506864,-0.2561048324207969,0.6168482048246322,-4.971342685864648,-0.2686586060692109,-0.927907554535593,0.0,25.539062770777274,12.55937849600728,-66.9652950969757,-14.316013188177047,104.11989690439538,395.610190077212,1.274,1.0150000015428002,1.0,3.8520488162370974,165.0000707061107,0.0751364843114456,1.1941194021493324e-05,-0.1797821149676138,-0.0335679813797953,0.0141257316847283,0.6678988387854337,20.02990948291467,25.635955188426003,5.064329963250736
12.34,31.221192286543523,131.0132239164143,101.63231904395684,-0.275210276501221,0.6145980370806846,-4.913259405236189,-0.2852523804258772,-0.9187130095378494,0.0,25.49268089789597,12.506642603584678,-67.06985761335783,-14.332157565358388,104.13744111174572,394.1834297231901,1.274,1.0150000015428002,1.0,3.850568047444336,165.0000707061107,0.0749998292782679,1.191559650269936e-05,-0.1793805937394605,-0.0328269048265166,0.0140689039523977,0.6734007265035625,20.06057769181587,25.589219880431244,5.0065477624381645
12.35,31.221191704204365,131.01322504247617,101.39841324511988,-0.2941930897827449,0.6119649097925156,-4.855876548813884,-0.301559866134135,-0.9091745011109544,0.0,25.44684632803744,12.454279638315748,-67.17409008534321,-14.349296016123922,104.15605073281938,392.77609960871627,1.274,1.0150000015428002,1.0,3.8490890120113,165.0000707061107,0.0748647853671975,1.1890366509086812e-05,-0.1789582766614519,-0.0320915098566223,0.0140108611243241,0.6790046639629918,20.09059775192741,25.542971723599184,4.949451856888178
12.36,31.22119112320785,131.01322616307868,101.16477441753447,-0.3130438616358716,0.6089533401384608,-4.799185270890392,-0.3175754592738654,-0.8993006004570294,0.0,25.401552120471976,12.402285827197504,-67.27798143042199,-14.367427559330206,104.17572317683832,391.38789611538766,1.274,1.0150000015428002,1.0,3.847611686171727,165.0000707061107,0.0747313321414587,1.1865496596038246e-05,-0.1785154594440842,-0.0313621822698158,0.0139516290913165,0.6847020810991609,20.11997532213253,25.497204486628867,4.89303331346177
12.37,31.221190543544736,131.01322727825868,100.93139890583105,-0.3317533337762832,0.6055680381585424,-4.743176893753935,-0.333293800644234,-0.889099898955604,0.0,25.356791436557973,12.350657459728907,-67.38152077122393,-14.38655063434918,104.19645525040396,390.0185213284101,1.274,1.0150000015428002,1.0,3.846136046496407,165.0000707061107,0.0745994494649297,1.1840979229347287e-05,-0.1780524439827625,-0.0306392986842782,0.0138912339516188,0.6904844857782557,20.148716230376674,25.4519120705902,4.8372833732697496
12.38,31.221189965205923,131.01322838805245,100.69828309935956,-0.3503124047035482,0.6018139066355775,-4.687842903811627,-0.3487097741900614,-0.8785810044483335,0.0,25.31255753851992,12.299390888327856,-67.48469743856703,-14.406663097914995,104.21824315595636,388.66768292729546,1.274,1.0150000015428002,1.0,3.8446620698860223,165.0000707061107,0.0744691174985416,1.181680678983117e-05,-0.1775695381321242,-0.0299232265029172,0.0138297019969436,0.6963434827920506,20.17682647425273,25.40708850768411,4.782193448493082
12.39,31.22118938818233,131.01322949249595,100.46542344809512,-0.3687147362762799,0.5977074087026105,-4.633175990738318,-0.3638221979420517,-0.8677516864068314,0.0,25.26884482497946,12.248482526914607,-67.58750097441656,-14.427762221209653,104.24108249044605,387.3351258623816,1.274,1.0150000015428002,1.0,3.84318448449004,165.0000707061107,0.0743403197467791,1.179297157790708e-05,-0.1770670554810165,-0.0292143238781284,0.0137670602635272,0.7022818319387354,20.20432285295524,25.362730782297017,4.727756269323883
12.4,31.221188812464952,131.01323059162476,100.23281644971432,-0.386955772570024,0.5932722020922813,-4.5791695452196,-0.378632685940741,-0.8566191248557494,0.0,25.22564840170619,12.197928805923503,-67.68992113475193,-14.44984468720824,104.2649682442398,386.0206188812891,1.274,1.0150000015428002,1.0,3.8416947676539657,165.0000707061107,0.0742130417947965,1.1769465816763013e-05,-0.1765453121083979,-0.0285129265883312,0.0137033360433361,0.708308777501704,20.231228906885583,25.31883771602603,4.673965421331015
12.41,31.22118823804489,131.01323168547407,100.00045864661428,-0.4050200230469775,0.5884836585695288,-4.525812579060925,-0.3931279140933085,-0.8451940028014138,0.0,25.18295905532564,12.147726159149697,-67.79194788878985,-14.472906605023468,104.289894818347,384.7238007385986,1.274,1.0150000015428002,1.0,3.8402066671485855,165.0000707061107,0.0740872565212383,1.1746281663264715e-05,-0.1760046245259889,-0.0278193401541876,0.0136385540033638,0.7143867769029584,20.257523006966423,25.27539622698621,4.620809664982635
12.42,31.221187664913312,131.01323277407883,99.76834663485894,-0.4228990621800373,0.5833474822392218,-4.473097214152833,-0.4073037169441385,-0.8334849613209268,0.0,25.140770448962023,12.097871216736968,-67.89357141595201,-14.496943535090123,104.31585605323656,383.4444007506481,1.274,1.0150000015428002,1.0,3.8387201608692014,165.0000707061107,0.0739629452676436,1.172341122979638e-05,-0.1754453223249421,-0.0271338955224257,0.0135727410931641,0.7205079611947798,20.28321186137001,25.232400874115815,4.568281097507738
12.43,31.22118709306143,131.0132338574734,99.53647705423896,-0.4405846098517207,0.5778694309908419,-4.4210156955963535,-0.4211561238602229,-0.8215006472263323,0.0,25.099076322914616,12.048360625984245,-67.99478211784607,-14.521950443565762,104.34284518112666,382.1821527719189,1.274,1.0150000015428002,1.0,3.837235227038004,165.0000707061107,0.0738400896028741,1.1700846565903324e-05,-0.1748677399276591,-0.0264569141862814,0.0135059243779937,0.7266645001210137,20.308302225737844,25.18984630197166,4.516371948230964
12.44,31.221186522480536,131.01323493569203,99.3048466002002,-0.4580685596371012,0.5720554234413933,-4.3695604068680485,-0.4346813888265422,-0.8092497049377155,0.0,25.057870507812343,11.999191089248542,-68.09557062072695,-14.54792170097168,104.37085482609308,380.9367955379356,1.274,1.0150000015428002,1.0,3.8357518441677407,165.0000707061107,0.0737186713618132,1.1678579662781868e-05,-0.174272216403132,-0.025788708301081,0.0134381310364999,0.7328487159893606,20.33280100088239,25.14772727068232,4.4650745955698
12.45,31.221185953162014,131.01323600876847,99.07345200296916,-0.4753429810589364,0.5659115329848127,-4.318723865833638,-0.4478759873042527,-0.7967407736381533,0.0,25.017146922901457,11.95035936255706,-68.19592777789624,-14.574851080995732,104.39987700430063,379.7080725545872,1.274,1.0150000015428002,1.0,3.834269991090786,165.0000707061107,0.0735986726403184,1.1656602457646684e-05,-0.1736590952542705,-0.0251295806742346,0.0133693883482287,0.7390530868204263,20.356715228220825,25.106038653302264,4.414381563673707
12.46,31.221185385097268,131.01323707673623,98.84229004942245,-0.4924063527473848,0.5594709829056242,-4.2685010824217695,-0.460745180051538,-0.7839804866879908,0.0,24.976901949967505,11.901862254401056,-68.29584467200608,-14.602731759633832,104.42990312454585,378.4958039886199,1.274,1.0150000015428002,1.0,3.832777335941562,165.0000707061107,0.0734800827791135,1.1634906838066084e-05,-0.1730287242074653,-0.0244798247598249,0.013299724946344,0.7452946335039254,20.380077402217136,25.064782049915184,4.3642883744184555
12.47,31.221184818277816,131.01323813962847,98.61135756419912,-0.5092482859760533,0.5527278574170862,-4.218883571759445,-0.4732826882654272,-0.7709781939657206,0.0,24.93712855822913,11.853696522903515,-68.39531261726441,-14.631556314681676,104.46092398912332,377.2997082658442,1.274,1.0150000015428002,1.0,3.8312793766094746,165.0000707061107,0.0733628810796303,1.1613484643136395e-05,-0.1723814479165352,-0.0238396942938771,0.0132291671223229,0.7515542936080143,20.40288334876921,25.02394950039186,4.314786491895529
12.48,31.22118425269524,131.01323919747796,98.38065141864864,-0.5258579343000147,0.5456736671054241,-4.169862844693645,-0.485481279234916,-0.7577435149392313,0.0,24.89781959769408,11.805859057077509,-68.49432315321097,-14.66131676568011,104.49292983813456,376.1195023549724,1.274,1.0150000015428002,1.0,3.8297829042601736,165.0000707061107,0.0732470464928862,1.1592327689058876e-05,-0.1717176181025561,-0.0232094477380942,0.0131577413867984,0.7578112940319995,20.42512645248787,24.98353252113837,4.265867256546622
12.49,31.221183688341185,131.01324025031718,98.15016853182404,-0.5422280986669263,0.5383150790315225,-4.121431933966609,-0.4973382784538672,-0.7442850431610948,0.0,24.858969334513244,11.75834683577715,-68.59286805053414,-14.692004556387063,104.52591033184258,374.95494807200464,1.274,1.0150000015428002,1.0,3.828287898622508,165.0000707061107,0.0731325621363469,1.1571427765840077e-05,-0.1710375940353394,-0.0225893511248561,0.0130854753202089,0.7640587569737494,20.44681429961991,24.94352642536269,4.217523772903777
12.5,31.221183125207343,131.01324129817837,97.91990585855392,-0.558351753377126,0.5306588331159152,-4.073583980130416,-0.5088512023139083,-0.7306113563037514,0.0,24.820572108852783,11.711156866683751,-68.69093931760109,-14.723610533345644,104.55985452884605,373.8058112904192,1.274,1.0150000015428002,1.0,3.826794339749075,165.0000707061107,0.0730194113454587,1.1550776630398415e-05,-0.1703417383787239,-0.0219796611083883,0.0130123965409045,0.77028992165515,20.467954546734266,24.903926611734693,4.169749266230702
12.51,31.22118256328549,131.01324234109333,97.6898604083298,-0.5742220606416095,0.5227117923508454,-4.026312237190566,-0.5200177711651468,-0.7167310110721434,0.0,24.78262234051418,11.664286204362073,-68.78852920224956,-14.75612494694084,104.59475088840772,372.6718620609004,1.274,1.0150000015428002,1.0,3.825302207876424,165.0000707061107,0.0729075776902036,1.1530366010728668e-05,-0.169630417005127,-0.0213806250396219,0.012938532698969,0.7764981937220513,20.48855496722384,24.864728577893956,4.122537089694957
12.52,31.22118200256748,131.01324337909367,97.46002921548414,-0.5898330568776998,0.5144838848745045,-3.979610317338969,-0.5308368241656932,-0.7026523247525932,0.0,24.745114779043263,11.617731949126876,-68.8856301934925,-14.789537452785964,104.63058727307998,371.55288207480777,1.274,1.0150000015428002,1.0,3.8238101525005,165.0000707061107,0.0727970457108605,1.1510187609992943e-05,-0.1689039987974378,-0.0207924809818948,0.0128639115961959,0.7826795973804442,20.50862621701856,24.82592863268108,4.075881046012176
12.53,31.22118144304517,131.01324441221064,97.23040937100096,-0.6051868340718025,0.5060189555338666,-3.933474743336084,-0.5413179630554804,-0.6883810963054365,0.0,24.70804711475912,11.571491235068349,-68.98223502311944,-14.823837113529846,104.66735095172386,370.4487428551132,1.274,1.0150000015428002,1.0,3.8223015778139056,165.0000707061107,0.0726878085993092,1.1490233110235006e-05,-0.1681628546866616,-0.020215454477584,0.0127885624664767,0.7888578864297747,20.528210843772072,24.78753135313372,4.0297788062547655
12.54,31.221180884710574,131.01324544047523,97.0009979996522,-0.6202678301145778,0.4972841445560063,-3.887895494856176,-0.5514481020698186,-0.6739284768080314,0.0,24.671410548141782,11.52556110761709,-69.07833666628848,-14.859012405512152,104.70502860766273,369.35912271102416,1.274,1.0150000015428002,1.0,3.8207943903761694,165.0000707061107,0.0725798404553648,1.14704941744738e-05,-0.1674073486875804,-0.019649721422324,0.0127125104079502,0.7949931074178471,20.547279327051083,24.74952277820736,3.9842196199572317
12.55,31.221180327555714,131.0132464639181,96.7717922649682,-0.6350700004897956,0.4882868712888858,-3.84286627624592,-0.5612257688581417,-0.6593029135955698,0.0,24.635199822608783,11.479938849207151,-69.17392833167834,-14.895051276642842,104.74360640158672,368.2838081000954,1.274,1.0150000015428002,1.0,3.8192885713163065,165.0000707061107,0.0724731258019777,1.145096248147364e-05,-0.1666378576816619,-0.0190954928489846,0.0126357831153525,0.8010794031121866,20.565839971427184,24.71189881656784,3.9391973690860174
12.56,31.221179771572704,131.01324748256965,96.54278937520276,-0.6495874613035,0.4790345055575772,-3.798380867906763,-0.5706496397291076,-0.6445128285050313,0.0,24.599409736510943,11.434621733753763,-69.26900347502132,-14.93194109009724,104.78306991208476,367.2225886868134,1.274,1.0150000015428002,1.0,3.817784102039084,165.0000707061107,0.0723676493239231,1.1431629700645056e-05,-0.1658547607574278,-0.0185529704608474,0.0125584082513151,0.807110955976391,20.58390104508977,24.674655424042804,3.8947060242219376
12.57,31.221179216753693,131.01324849645997,96.31398657140387,-0.6638145245266412,0.4695345089987871,-3.754433146172616,-0.5797185781922746,-0.629566608740959,0.0,24.564035159972853,11.389607076155068,-69.36355580023232,-14.969668628081696,104.82340414052904,366.1752578058103,1.274,1.0150000015428002,1.0,3.816280964172861,165.0000707061107,0.0722633959173519,1.1412487496022412e-05,-0.1650584390611953,-0.018022346824872,0.0124804134488748,0.8130821076481259,20.601470909448377,24.637788642662706,3.8507396684043016
12.58,31.221178663090903,131.01324950561894,96.0853811383489,-0.6777456987594794,0.4597944291001038,-3.7110170805452793,-0.5884316320533728,-0.614472604789403,0.0,24.529071033563337,11.344892231169716,-69.45757926047186,-15.00822009585084,104.86459351616908,365.14161238184926,1.274,1.0150000015428002,1.0,3.81477913966648,165.0000707061107,0.0721603506858601,1.1393527530081984e-05,-0.1642492756112953,-0.0175038054059318,0.0124018263018142,0.8189873556326125,20.6185580144784,24.60129459839568,3.807292494639265
12.59,31.22117811057664,131.01325051007612,95.85697039361035,-0.6913813277275804,0.4498459808472821,-3.668128671296385,-0.5967953763128467,-0.5992373812593426,0.0,24.494514351578463,11.300474592509127,-69.55106805909558,-15.04758112620234,104.90662190167696,364.121511854177,1.274,1.0150000015428002,1.0,3.813267850575973,165.0000707061107,0.0720585047749596,1.1374741467516976e-05,-0.1634276551145701,-0.0169975206048529,0.0123226753535672,0.8248392114576313,20.63519358733109,24.56517526705085,3.7643615805968387
12.6,31.22117755920323,131.01325150986085,95.62875169749576,-0.7047151666382279,0.439691889578871,-3.625761510740313,-0.6048082972313458,-0.5838694169898592,0.0,24.460359745159167,11.256351503916408,-69.64401665049125,-15.087736784454036,104.94947259914802,363.1147465952204,1.274,1.0150000015428002,1.0,3.8117492325306577,165.0000707061107,0.0719578423783499,1.135612097642409e-05,-0.1625939575878702,-0.0165036317642501,0.0122429873858145,0.8306278798416358,20.651381582760926,24.529425707763536,3.7219407713264103
12.61,31.22117700896309,131.0132525050021,95.4007224450962,-0.7177377801522462,0.4293205210400936,-3.583908172372058,-0.6124645581053382,-0.568378225403458,0.0,24.426600750212327,11.212520394364136,-69.73641973347989,-15.128671610393887,104.99312839546776,362.1210759660151,1.274,1.0150000015428002,1.0,3.8102318913393263,165.0000707061107,0.0718583444679847,1.1337657749513284e-05,-0.1617485656860456,-0.0160222748494856,0.012162788639789,0.8363336592334832,20.667112415920617,24.494037628904252,3.68002234097066
12.62,31.221176459848728,131.01325349552872,95.17288006231038,-0.7304444808077505,0.4187397591301084,-3.542562988460752,-0.6197639168824532,-0.5527719911066906,0.0,24.393232586710297,11.16897879390864,-69.82827225343591,-15.170369617156028,105.03757156160324,361.1403108036704,1.274,1.0150000015428002,1.0,3.808715809691493,165.0000707061107,0.0717599969702476,1.1319343506115172e-05,-0.1608918682174128,-0.0155535979350665,0.0120821064765409,0.8419516766887319,20.682394889106284,24.45900748872514,3.638600928108702
12.63,31.22117591185267,131.01325448146915,94.94522202075449,-0.7428307646678025,0.4079574787437831,-3.5017203620926343,-0.626706283194073,-0.5370588554025159,0.0,24.360250531063063,11.12572424416491,-69.91956940866432,-15.212814268561909,105.0827838289245,360.1722649289058,1.274,1.0150000015428002,1.0,3.8072009704729566,165.0000707061107,0.0716627859777568,1.1301169982043776e-05,-0.1600242549530369,-0.0150977401561452,0.0120009681672146,0.8474771527238837,20.69723780998872,24.424331800512263,3.5976712570571756
12.64,31.221175364967504,131.0132554628518,94.7177458178824,-0.7548923281300974,0.3969816107197905,-3.4613747752225663,-0.6332917351099345,-0.5212469110210523,0.0,24.32764992337903,11.082754321530976,-70.01030665075285,-15.2559884861508,105.12874639716004,359.2167553277704,1.274,1.0150000015428002,1.0,3.805687356863933,165.0000707061107,0.0715666977707084,1.1283128933187098e-05,-0.1591461164716563,-0.0146548318353505,0.0119194008900361,0.852905450355456,20.71165005162932,24.39000715004845,3.5572281482292656
12.65,31.2211748191859,131.01325643970455,94.49044898891368,-0.766626158973795,0.3858247685772795,-3.4215211467121383,-0.6395219057364874,-0.5053438671390801,0.0,24.29542653682601,11.04006663629936,-70.10047968482529,-15.2998746566126,105.17543994272216,358.27361301065486,1.274,1.0150000015428002,1.0,3.804172900775773,165.0000707061107,0.0714717199034633,1.1265212138995587e-05,-0.1582578439884183,-0.0142249945364764,0.0118374319023246,0.8582351286809845,20.72564492151004,24.35603129172408,3.517267071089464
12.66,31.22117427450057,131.0132574120553,94.2633291048464,-0.7780365689340905,0.3745298094736494,-3.382156774486647,-0.6454077320222317,-0.4893551834240297,0.0,24.263578600511604,10.997658815149586,-70.19008446967396,-15.34445463973231,105.22284462751834,357.3427424934818,1.274,1.0150000015428002,1.0,3.8026421673013706,165.0000707061107,0.0713778471553618,1.1247411405454689e-05,-0.1573598280041729,-0.0138083361970833,0.0117550894193953,0.8634841392215044,20.73926431270579,24.32240918644252,3.4777872395107736
12.67,31.2211737309043,131.01325837993156,94.03638376947409,-0.7891104852320485,0.363064973633407,-3.3432730567705504,-0.6509388467128499,-0.4732914077705541,0.0,24.23209842557201,10.955528397229388,-70.27911721636964,-15.389709783931288,105.2709401157774,356.42387497716584,1.274,1.0150000015428002,1.0,3.8011126254497367,165.0000707061107,0.0712850568965934,1.122971856817888e-05,-0.1564524504531353,-0.0134049192276863,0.0116723979670131,0.8686214356024806,20.752479690122712,24.289128156610097,3.4387789796608312
12.68,31.221173188389933,131.0132593433607,93.80961061938672,-0.7998444341947645,0.3514384819795161,-3.3048647944410767,-0.6561159957587066,-0.457160418022765,0.0,24.200981613845205,10.91367313916823,-70.36757437761658,-15.435620988688264,105.31970564058652,355.5168399928544,1.274,1.0150000015428002,1.0,3.799584259093784,165.0000707061107,0.0711933361780638,1.1212125523784204e-05,-0.1555361035850252,-0.0130148399252475,0.0115893842904179,0.8736430062022937,20.765300252064023,24.25618509534908,3.400237514826464
12.69,31.221172646950382,131.01326030236967,93.58300732297664,-0.8102351091994205,0.3396584448863516,-3.2669268369756894,-0.660940041904552,-0.440970041496638,0.0,24.17022380934104,10.872090779876435,-70.4554526595459,-15.48216865366892,105.36911994996544,354.6214694405665,1.274,1.0150000015428002,1.0,3.798057052320535,165.0000707061107,0.0711026721749175,1.1194624205516866e-05,-0.1546111795908605,-0.0126381859373604,0.0115060749907887,0.8785448770508469,20.77773511231392,24.2235769206004,3.3621581275487804
12.7,31.221172106578607,131.01326125698543,93.35657158043828,-0.8202794043319525,0.3277330003375384,-3.2294541006852526,-0.665412001121066,-0.4247280462747952,0.0,24.1398207138414,10.830779088604327,-70.54274902131553,-15.52933268889208,105.41916131781112,353.73759801949603,1.274,1.0150000015428002,1.0,3.7965309894234736,165.0000707061107,0.0710130522324307,1.1177206586598656e-05,-0.1536780704788487,-0.012275036479286,0.0114224965283481,0.8833232037210623,20.789793427224843,24.19130061242502,3.324536183133091
12.71,31.221171567267632,131.01326220723465,93.13030112675104,-0.8299744139735528,0.3156703086520425,-3.1924415667865262,-0.6695330399802896,-0.4084421395488146,0.0,24.10976808588597,10.789735864060152,-70.62946067462974,-15.577092525189112,105.46980755509776,352.86506316951704,1.274,1.0150000015428002,1.0,3.79500605493314,165.0000707061107,0.0709244638630196,1.1159864683423144e-05,-0.1527371679153174,-0.0119254624011158,0.0113386752147453,0.88797426851395,20.801484391299454,24.159353211161196,3.2873671274031553
12.72,31.22117102901052,131.01326315314364,92.90419372173795,-0.8393251034013117,0.3035108950810552,-3.1558867004183297,-0.6733139995981506,-0.3921176613086819,0.0,24.0800642400084,10.748958933726485,-70.71558508313115,-15.625427125172871,105.52103602156168,352.0037781107153,1.274,1.0150000015428002,1.0,3.793468039878448,165.0000707061107,0.070836902098304,1.1142590558700857e-05,-0.1517888630678725,-0.0115895262577798,0.011254638374146,0.8925126907658939,20.81284784730431,24.12773939695238,3.2506505300081616
12.73,31.221170491800404,131.0132640947387,92.67824716696568,-0.8483242152751858,0.291242843488453,-3.1197829167571265,-0.6767511958253057,-0.3757634249224099,0.0,24.05070345142372,10.708446037830669,-70.80111996166656,-15.674314994708464,105.57282363786392,351.15353878779774,1.274,1.0150000015428002,1.0,3.7919256464332713,165.0000707061107,0.0707503500874701,1.1125376321417078e-05,-0.1508335382767062,-0.0112672486161228,0.01117041063115,0.8969226108054122,20.823874057806588,24.096451573289272,3.214379532701452
12.74,31.22116995563051,131.01326503204572,92.45245927989932,-0.8569664729018783,0.2788618216290195,-3.0841243905772155,-0.6798428437011516,-0.359387763635049,0.0,24.021680672236943,10.668195054656914,-70.8860632656757,-15.723734244941731,105.62514695122204,350.3141621174112,1.274,1.0150000015428002,1.0,3.7903843502104495,165.0000707061107,0.0706647929711293,1.1108214153779448e-05,-0.1498715801880264,-0.0109586631018205,0.0110860171268493,0.9011934599907098,20.83456045046058,24.065484011808923,3.1785482713552664
12.75,31.22116942049409,131.01326596509048,92.22682792372272,-0.865249771438718,0.2663760519655596,-3.0489063560645944,-0.6825906813555335,-0.3429981270779337,0.0,23.99299188499388,10.628203909892676,-70.97041319624805,-15.7736625742207,105.67798211609536,349.4854961481532,1.274,1.0150000015428002,1.0,3.7888441363462295,165.0000707061107,0.0705802189213459,1.1091096301628707e-05,-0.1489033776631885,-0.0106638083824954,0.0110014835197138,0.9053220277869604,20.844916347723423,24.03483398665821,3.1431525132426303
12.76,31.22116888638445,131.0132668938986,92.00135097354244,-0.8731721931790337,0.2537937124689161,-3.0141240980228416,-0.6849965732105998,-0.3266018982303706,0.0,23.964633119691808,10.588470540345996,-71.05416820277476,-15.824077261819784,105.7313048873838,348.6673912633618,1.274,1.0150000015428002,1.0,3.787304990255697,165.0000707061107,0.0704966162499238,1.1074015068868428e-05,-0.1479293184526001,-0.0103827151054827,0.0109168352809963,0.9093051967605148,20.85495105019224,24.00449881245644,3.1081880868956357
12.77,31.22116835329498,131.01326781849536,91.77602635117876,-0.8807320174921494,0.2411229771011181,-2.9797729562913498,-0.6870625196039631,-0.3102063896451631,0.0,23.9366004579534,10.548992908454323,-71.13732698169692,-15.874955181385834,105.785090634474,347.85970027762687,1.274,1.0150000015428002,1.0,3.7857668974623766,165.0000707061107,0.0704139734207029,1.1056962820388076e-05,-0.1469497890605804,-0.010115406024198,0.0108320976910976,0.9131399659161068,20.864673874015217,23.97447585482781,3.073650887961501
12.78,31.22116782121909,131.01326873890596,91.5508519953446,-0.8879321300416124,0.2283905018919143,-2.945849665398901,-0.6887960207614171,-0.29381753462989,0.0,23.90889142066204,10.509769001629042,-71.21988847513953,-15.92627281478459,105.83931435565816,347.0623186992652,1.274,1.0150000015428002,1.0,3.784221790667399,165.0000707061107,0.0703322831315165,1.1039931984904633e-05,-0.145965174600784,-0.0098618960795519,0.010747296457036,0.9168323254294488,20.874111681348342,23.944766821799373,3.0395392665671497
12.79,31.22116729015028,131.01326965515534,91.32582587556205,-0.8947732337998195,0.2156129012899163,-2.9123501746848923,-0.690202219963661,-0.2774417914813535,0.0,23.88150279649481,10.470796766365924,-71.30185186941779,-15.978006266405636,105.893950692989,346.27512150839794,1.274,1.0150000015428002,1.0,3.7826659199766857,165.0000707061107,0.0702515359264064,1.1022915056026608e-05,-0.1449758540172423,-0.0096221734627964,0.0106624563746536,0.9203826833353872,20.883281856175994,23.91537111189349,3.005850394163068
12.8,31.22116676008207,131.01327056726825,91.1009459901744,-0.9012476890889444,0.2027710154675212,-2.8792678711632225,-0.6912762467922888,-0.2610880169634153,0.0,23.85442875233181,10.432074165193088,-71.38321658785371,-16.03013130682381,105.94897397807244,345.49790852962497,1.274,1.0150000015428002,1.0,3.781111073548424,165.0000707061107,0.0701717146371007,1.100590460655736e-05,-0.1439822024821143,-0.0093962101819661,0.0105776006847597,0.9237749134383586,20.892167866104792,23.88627988247189,2.972576874681951
12.81,31.22116623100809,131.0132714752693,90.87621036634702,-0.9073545703264678,0.1898730278309735,-2.846598317032589,-0.692020628699062,-0.244763226686054,0.0,23.827665579531185,10.393599290203984,-71.46398228647288,-16.082623401598212,106.0043582620636,344.73054217217884,1.274,1.0150000015428002,1.0,3.779557237535077,165.0000707061107,0.0700928083450303,1.0988893299242491e-05,-0.142984600212673,-0.0091839988413927,0.0104927538560419,0.927006509761278,20.900779110850888,23.857490710408637,2.939714878387967
12.82,31.221165702922026,131.0132723791828,90.65161705410196,-0.9130931209557442,0.1769270005842754,-2.814337110038979,-0.6924379914164513,-0.2284743634035252,0.0,23.801209606737185,10.3553702236739,-71.54414886032166,-16.13545768458401,106.06007728707472,343.97288674603794,1.274,1.0150000015428002,1.0,3.7780043983244815,165.0000707061107,0.0700148062414511,1.0971873871146297e-05,-0.1419834254599774,-0.0089855245003918,0.0104079401280896,0.930075029763414,20.90912489786368,23.829001190832276,2.9072606136416543
12.83,31.221165175817543,131.01327327903294,90.427164134271,-0.9184627754024712,0.1639409671877472,-2.7824798946495446,-0.6925310821073056,-0.2122282907526205,0.0,23.775057209648487,10.317385070177057,-71.62371644144412,-16.18860897405232,106.11610450276306,343.2248087240448,1.274,1.0150000015428002,1.0,3.776452542437851,165.0000707061107,0.0699376976561851,1.0954839136299569e-05,-0.1409790543992798,-0.0088007648625388,0.0103231835118365,0.9329781392629084,20.917214527461955,23.80080896141676,2.8752103420809814
12.84,31.221164649688447,131.01327417484376,90.20284971153772,-0.923464939926783,0.150930359298652,-2.7510228839067903,-0.6923048941566121,-0.1960312703440519,0.0,23.749205352585008,10.279641955944127,-71.70268539676523,-16.242051789053825,106.17241308313254,342.4861923410376,1.274,1.0150000015428002,1.0,3.774898442817108,165.0000707061107,0.0698614736507085,1.0937781988232908e-05,-0.1399718609979222,-0.0086296903672424,0.0102385080173829,0.9357165682241592,20.92506434897418,23.772913410564733,2.843561364416941
12.85,31.22116412452856,131.01327506663904,89.97867191443721,-0.928106973185394,0.1379345581521176,-2.719963971672368,-0.6917715533691413,-0.1798877570426315,0.0,23.72365277510484,10.2421390023377,-71.78105632584851,-16.295760366162025,106.22897594369329,341.7569736796626,1.274,1.0150000015428002,1.0,3.773328492360183,165.0000707061107,0.0697861305087074,1.0920695401788893e-05,-0.1389622150357757,-0.0084722567435353,0.0101539380127872,0.938299969035607,20.93271350306638,23.74531946390447,2.8123142595343618
12.86,31.221163600331728,131.01327595444243,89.75462890330842,-0.9323794728913896,0.1249222541231583,-2.6892959862515524,-0.690923858526105,-0.1638068861125118,0.0,23.6983931021808,10.204874250310718,-71.85883005629859,-16.349708688316195,106.28576577131712,341.0369420931952,1.274,1.0150000015428002,1.0,3.7717594981310953,165.0000707061107,0.0697116494687844,1.0903572437627043e-05,-0.1379504760245124,-0.0083283808929054,0.010069494830394,0.9407101963397974,20.940133991346062,23.7180158284251,2.7814602955798575
12.87,31.22116307709196,131.01327683827736,89.53071885836621,-0.9362826496514892,0.1119014350506534,-2.659014767915888,-0.689765037279698,-0.1477951885145687,0.0,23.673422905783,10.167845935018352,-71.9360076318314,-16.403870552125486,106.34275509449256,340.32597274578046,1.274,1.0150000015428002,1.0,3.7701914472636906,165.0000707061107,0.0696380204386792,1.0886406268649192e-05,-0.1369370106674289,-0.0081980126464331,0.0099852015272229,0.9429453942757572,20.947335144978176,23.69100033092251,2.7509959579025747
12.88,31.22116255480321,131.0132777181672,89.30693998765325,-0.9398168648734194,0.0988799037478379,-2.62911618053311,-0.6882983908988709,-0.131859116421202,0.0,23.648738786955217,10.131052264953652,-72.0125903214272,-16.45821952420707,106.39991623673454,339.6239423470071,1.274,1.0150000015428002,1.0,3.76862432698718,165.0000707061107,0.0695652334118001,1.0869190156479712e-05,-0.1359221829244552,-0.0080810948369507,0.0099010808945606,0.9450037555367302,20.954326142540733,23.66427079820544,2.7209177481574787
12.89,31.22116203345956,131.0132785941349,89.08329052008206,-0.9429826622458398,0.085865411387263,-2.5995961276798543,-0.686527327692646,-0.1160050349746899,0.0,23.624337389707463,10.094491468003374,-72.08857961657199,-16.512728959431534,106.45722133517332,338.9307295351923,1.274,1.0150000015428002,1.0,3.767058124793019,165.0000707061107,0.0694932785080711,1.0851917453828656e-05,-0.1349063539253641,-0.0079775635373341,0.0098171554614002,0.9468835749225232,20.96111613288324,23.63782509193937,2.6912222068897207
12.9,31.22116151305509,131.01327946620353,88.85976870841746,-0.9457807660265592,0.0728656537703085,-2.5704505515125806,-0.6844553606528596,-0.1002392210244368,0.0,23.60021540033533,10.058161790826576,-72.16397722842505,-16.567372019239794,106.51464235918404,338.24621483975073,1.274,1.0150000015428002,1.0,3.765492828275984,165.0000707061107,0.0694221459719356,1.0834581606710683e-05,-0.1338898818503893,-0.0078873481610312,0.0097334474891321,0.948583248133712,20.96771423131351,23.61166110737926,2.661905911171421
12.91,31.22116099358397,131.0132803343958,88.6363728362343,-0.9482232953798084,0.0599347457921478,-2.541678597411809,-0.6820992112941812,-0.0845646267781761,0.0,23.576372829305097,10.022061498412004,-72.23878508487117,-16.62212169022826,106.57215112926414,337.5703746447667,1.274,1.0150000015428002,1.0,3.763908479157693,165.0000707061107,0.0693518358262945,1.0817176156611631e-05,-0.132873121813029,-0.0078103715640981,0.0096499803099278,0.9501153949361256,20.97417376374867,23.58578735544191,2.632971819577934
12.92,31.221160475040424,131.0132811987343,88.41310120201358,-0.9503001824518506,0.0470339887601751,-2.5132728952088064,-0.6794506147731828,-0.0689902943304071,0.0,23.55280313233879,9.986188712434704,-72.3130053274603,-16.676950802977984,106.62971933613528,336.9029980938032,1.274,1.0150000015428002,1.0,3.7623247603483776,165.0000707061107,0.0692823288128018,1.079969473860157e-05,-0.131856414271564,-0.0077465036949028,0.0095667734255861,0.9514633098608496,20.980459751012727,23.56019121318692,2.604410383257352
12.93,31.22115995741873,131.0132820592415,88.18995212908244,-0.952012566211066,0.0341704099292696,-2.4852294755944566,-0.6765132501050903,-0.0535222634126365,0.0,23.52950309239821,9.950541786641644,-72.38664029427808,-16.731832125417263,106.68731863803276,336.24397043008787,1.274,1.0150000015428002,1.0,3.7607419222977136,165.0000707061107,0.0692136154606391,1.0782131117375542e-05,-0.1308401078469213,-0.0076956546170841,0.0094838482550175,0.9526255485153108,20.986580721026776,23.534870567520223,2.5762182276763865
12.94,31.221159440713222,131.01328291593967,87.96692396859666,-0.9533618686717358,0.0213514239265427,-2.4575444294655804,-0.6732910094373129,-0.0381664497103265,0.0,23.50646955973864,9.915119039751044,-72.45969253052918,-16.786738308856822,106.74492060326465,335.5931794379193,1.274,1.0150000015428002,1.0,3.759159953132491,165.0000707061107,0.069145686497062,1.0764479159284062e-05,-0.129824547872405,-0.0076577286276143,0.0094012259493317,0.9536009091163294,20.992545591913213,23.50982343348858,2.5483920585478823
12.95,31.221158924918274,131.01328376885087,87.74401509158841,-0.9543496827373604,0.0085843714368309,-2.430213881309004,-0.6697878772150422,-0.0229286747966638,0.0,23.48369942374244,9.879918806625396,-72.53216478529535,-16.841641906651425,106.802496729052,334.9505146198166,1.274,1.0150000015428002,1.0,3.7575788411485433,165.0000707061107,0.0690785327645412,1.0746732833996337e-05,-0.1288100761729074,-0.0076326239064081,0.0093189273675836,0.9543882865785772,20.998363228478343,23.485047853649476,2.520928605395071
12.96,31.22115841002832,131.01328461799713,87.52122388598374,-0.9549777705583464,-0.0041234823889149,-2.4032339884862286,-0.666007928277621,-0.0078146649116519,0.0,23.46118961249232,9.844939438406833,-72.60406000805617,-16.896515393740188,106.86001846126582,334.31586716909413,1.274,1.0150000015428002,1.0,3.7559985747865983,165.0000707061107,0.0690121452195061,1.0728886216402911e-05,-0.1277970309588888,-0.0076202326260522,0.0092369730722448,0.9549866720500562,21.00404244012736,23.460541897393867,2.4938246195215403
12.97,31.221157896037848,131.01328546340017,87.298548769526,-0.9552583479466996,-0.016722542766644,-2.376603751653537,-0.661967141219428,0.0071728820430059,0.0,23.4389400054212,9.8101793021337,-72.67538134511052,-16.951331186315784,106.9174572142742,333.6892128867866,1.274,1.0150000015428002,1.0,3.754401054748216,165.0000707061107,0.0689465235000167,1.071093348846606e-05,-0.1267857467221385,-0.0076204410610558,0.0091553844626086,0.955404693754104,21.009632415836904,23.43631323458324,2.4670827587790183
12.98,31.2211573829414,131.01328630508166,87.07598817387034,-0.9551844669872604,-0.0292430557116047,-2.3503167058784014,-0.6576603154613023,0.022026099088221,0.0,23.416944999248777,9.775636634306093,-72.74613213589944,-17.006061661601947,106.97478439088016,333.07037186370866,1.274,1.0150000015428002,1.0,3.752802053505488,165.0000707061107,0.0688816511165945,1.0692868937499217e-05,-0.1257765437356158,-0.0076330878185233,0.0090741797070336,0.9556319600433296,21.015106260155555,23.412351510998604,2.44069474894031
12.99,31.221156870733594,131.01328714306308,86.8535405575072,-0.9547570870056418,-0.0416833549755989,-2.3243687349978868,-0.6530904060397605,0.0367392099824329,0.0,23.395201270732933,9.741309864220336,-72.81631589650075,-17.06067924622625,107.03197147405344,332.45922981361224,1.274,1.0150000015428002,1.0,3.751203874636488,165.0000707061107,0.0688175182867373,1.0674686987996797e-05,-0.1247697475412956,-0.007658042907188,0.0089933782238317,0.955666488083136,21.020467486592903,23.388653665222098,2.4146566762682826
13.0,31.221156359409072,131.01328797736582,86.63120439681526,-0.9539786233817044,-0.054036516049257,-2.29875612580609,-0.6482618147606616,0.0513068775201118,0.0,23.37370589990788,9.70719741132514,-72.88593632695074,-17.11515637650133,107.08898998445608,331.8556844733184,1.274,1.0150000015428002,1.0,3.749606507044146,165.0000707061107,0.0687541164143156,1.065638217985588e-05,-0.1237656809767545,-0.0076951760664979,0.0089129993566177,0.9555076604106996,21.02572463718123,23.365217865073888,2.388965362262223
13.01,31.221155848962542,131.01328880801097,86.40897819003814,-0.9528516453026068,-0.0662957232648827,-2.2734751918593514,-0.6431790171854044,0.0657238641223239,0.0,23.35245600099185,9.673297703352892,-72.95499730889914,-17.1694655097921,107.14581149150963,331.2596350709952,1.274,1.0150000015428002,1.0,3.7480099398189215,165.0000707061107,0.0686914370038594,1.0637949166613863e-05,-0.1227646627671279,-0.0077443515876928,0.0088330621302982,0.9551549485210498,21.030886163947105,23.34204229545688,2.36361763457262
13.02,31.221155339388776,131.01328963501967,86.18686045629059,-0.9513788779618548,-0.0784542539798908,-2.248522274886264,-0.6378465650448456,0.0799850338058251,0.0,23.3314487237144,9.639609182193672,-73.02350290157887,-17.22357914445815,107.20240763342932,330.6709823504808,1.274,1.0150000015428002,1.0,3.746414162149122,165.0000707061107,0.0686294716644696,1.061938271704372e-05,-0.1217670074364164,-0.0078054284461071,0.0087535852481513,0.9546079162179052,21.03596044277405,23.31912516216809,2.338610328129106
13.03,31.22115483068255,131.01329045841274,85.96484973257544,-0.9495733864989542,-0.0904636928853276,-2.2238964429049988,-0.63228059642857,0.0940882234089111,0.0,23.31068404595724,9.606130303546868,-73.0914573377006,-17.277469839751724,107.2587501371956,330.08970764870094,1.274,1.0150000015428002,1.0,3.7448014424145946,165.0000707061107,0.0685682203243462,1.0600677716685672e-05,-0.1207730252163763,-0.0078782604159853,0.0086745881273867,0.95387239544522,21.04099567613156,23.296474048211984,2.3139461392110707
13.04,31.221154322838743,131.01329127821097,85.742944574779,-0.9474295995890808,-0.1023528672326936,-2.1995916072447166,-0.6264769975695136,0.1080263153707394,0.0,23.29015678408672,9.57285939357996,-73.15886501927072,-17.33111023567599,107.31481083847024,329.5156464632543,1.274,1.0150000015428002,1.0,3.7431866182324,165.0000707061107,0.0685076677291881,1.0581829165985796e-05,-0.1197830117780805,-0.0079626553811172,0.0085960871736906,0.9529417614718636,21.045966344460645,23.27407924184924,2.2896170753987852
13.05,31.221153815852286,131.01329209443492,85.52114356363454,-0.9449490539423012,-0.1141220895792856,-2.1756037363048053,-0.620438822486129,0.1217940567487208,0.0,23.269863743511443,9.53979496058773,-73.22573050078347,-17.384473141003955,107.37056177270294,328.94869123702506,1.274,1.0150000015428002,1.0,3.741572561900612,165.0000707061107,0.0684478044755979,1.0562832210783784e-05,-0.1187972669676708,-0.0080584509598424,0.0085180998270748,0.9518147850387928,21.05087413592367,23.251937499452826,2.2656190637727947
13.06,31.221153309718154,131.01329290710507,85.29944529080593,-0.9421350729979768,-0.1257650398390543,-2.1519292842283955,-0.6141708943476734,0.1353867245465073,0.0,23.24980221404225,9.506935508284224,-73.29205849548396,-17.43753149595558,107.42597513521234,328.3887486028766,1.274,1.0150000015428002,1.0,3.7399592630707743,165.0000707061107,0.068388622585153,1.0543682121886357e-05,-0.1178160877226591,-0.008165486510604,0.0084406434783679,0.9504914073531447,21.055727081563163,23.230047103644058,2.241948950571129
13.07,31.22115280443136,131.0132937162418,85.0778483737986,-0.9389911181247446,-0.1372755269198984,-2.1285647274857338,-0.607678094681918,0.1487997006893014,0.0,23.229969516342056,9.474279545232845,-73.35785387299654,-17.490258380868976,107.4810232893739,327.83572651648365,1.274,1.0150000015428002,1.0,3.738346711551353,165.0000707061107,0.0683301141702802,1.0524374292158116e-05,-0.1168397663464721,-0.0082835966569708,0.0083637351777236,0.9489716555674332,21.060533098228948,23.208406347627754,2.2186035735971146
13.08,31.22115229998697,131.01329452186522,84.856351446019,-0.935520791699788,-0.1486474678970271,-2.105506566900841,-0.6009653668856959,0.1620284740913095,0.0,23.21036300370783,9.441825592337729,-73.42312165487508,-17.54262703564248,107.53567878605816,327.2895342952855,1.274,1.0150000015428002,1.0,3.73673489724992,165.0000707061107,0.0682722714395012,1.0504904237798712e-05,-0.1158685904342233,-0.0084126114287825,0.0082873916325556,0.9472556454136412,21.06530000696465,23.187013540245463,2.1955797644073383
13.09,31.22115179638012,131.01329532399544,84.63495315776838,-0.9317388125774412,-0.1598300676549809,-2.0827541495877706,-0.5940499327254599,0.1750717008710001,0.0,23.190982977732684,9.409572182540188,-73.4878670101032,-17.594610878979225,107.58991438285445,326.7501647679715,1.274,1.0150000015428002,1.0,3.735104905262813,165.0000707061107,0.0682150952737042,1.0485267599553226e-05,-0.1149028427949963,-0.0085523563813068,0.0082116302369009,0.9453468218079324,21.07007839020366,23.16587696197537,2.1728806388391577
13.1,31.22115129360596,131.01329612265232,84.41365218220781,-0.927639106784612,-0.1708581627842161,-2.0603012509315444,-0.586926743711312,0.1879225639841596,0.0,23.17182416768125,9.37751770799948,-73.55209525053735,-17.646183527448596,107.64370306309786,326.21745402334886,1.274,1.0150000015428002,1.0,3.733473733384032,165.0000707061107,0.068158570163105,1.0465460140422103e-05,-0.1139427905259602,-0.0087026094066288,0.0081364652587639,0.9432413654301688,21.07483698259728,23.144985870007662,2.150497416210499
13.11,31.22115079165976,131.01329691785568,84.19244720342915,-0.9232245984263834,-0.1817304415094934,-2.0381441549421204,-0.5795997973446477,0.2005765973218625,0.0,23.15288373797947,9.345660761974466,-73.6158118128408,-17.69731888830176,107.69701813177996,325.6913073177552,1.274,1.0150000015428002,1.0,3.7318432784396975,165.0000707061107,0.0681026877609661,1.0445477777680016e-05,-0.1129887056717175,-0.0088631836591378,0.008061912190616,0.9409392935716232,21.079579055915296,23.124337634844167,2.12842629489487
13.12,31.221150290536777,131.0132977096251,83.97133692937773,-0.9184994236323611,-0.1924412877238338,-2.016279459831384,-0.5720742495848664,0.2130297224948788,0.0,23.134159170159897,9.313999917701237,-73.67902226602696,-17.74799111168279,107.74983316479812,325.17163924895976,1.274,1.0150000015428002,1.0,3.7302135307591406,165.0000707061107,0.0680474406534046,1.0425316558904716e-05,-0.1120408563450869,-0.0090338924678321,0.0079879863489941,0.9384410839148356,21.08431200284293,23.103930620207134,2.106664061933528
13.13,31.22114979023236,131.01329849798023,83.75032008191216,-0.913467842164814,-0.2029852193691949,-1.9947037839477808,-0.5643553024590827,0.225277971057596,0.0,23.115647974782668,9.28253375438072,-73.74173230810189,-17.798174601741916,107.80212201967989,324.6583656223739,1.274,1.0150000015428002,1.0,3.728584480839008,165.0000707061107,0.0679928215120073,1.04049726602351e-05,-0.1110995055869107,-0.009214545176322,0.0079147026924358,0.9357472986322498,21.089043090901423,23.08376319778333,2.0852074854443394
13.14,31.221149290741863,131.01329928294035,83.52939539978678,-0.9081346323512792,-0.2133552725764225,-1.9734138658319649,-0.556448638796267,0.2373175948346671,0.0,23.09734779441327,9.251260862012726,-73.80394776134236,-17.847844034714907,107.85385885357152,324.15140633135627,1.274,1.0150000015428002,1.0,3.7269554462229375,165.0000707061107,0.0679388233967411,1.0384442387322412e-05,-0.1101649113033947,-0.0094049472792447,0.0078420758542245,0.9328586017460844,21.09378100767196,23.063834104018834,2.064053539590044
13.15,31.22114879206074,131.0133000645247,83.30856163666286,-0.90251583731441,-0.2234993228543546,-1.9524092389238887,-0.5483722433608719,0.2491480388114287,0.0,23.07925916755124,9.220179835716053,-73.86567456754909,-17.896974376685332,107.90501814089627,323.65076285662883,1.274,1.0150000015428002,1.0,3.7253067376639617,165.0000707061107,0.0678854478857743,1.0363722176100315e-05,-0.1092373258160035,-0.0096048990087258,0.0077701210416363,0.929775592529088,21.09857767692621,23.044152065046298,2.043205495971361
13.16,31.221148294184445,131.0133008427525,83.08781757005563,-0.8966040602233233,-0.2334611834563155,-1.931683358063538,-0.5401193019468031,0.2607626247315771,0.0,23.06137655375653,9.18928912397473,-73.92691878278781,-17.945540903704984,107.95557469346603,323.15626642637034,1.274,1.0150000015428002,1.0,3.7236587076191294,165.0000707061107,0.0678326786767056,1.034280859113318e-05,-0.1083169849054143,-0.0098141521438384,0.0076988502227175,0.9264979848301672,21.10339320391517,23.02470465829116,2.022653357007085
13.17,31.22114779710856,131.01330161764267,82.86716198841178,-0.8904040755568219,-0.2432357276781922,-1.9112329459706816,-0.5316952189618409,0.272157838639766,0.0,23.04369759743184,9.158587404202027,-73.98768655850233,-17.99351929715027,108.00550375887669,322.6678380837964,1.274,1.0150000015428002,1.0,3.722011346962274,165.0000707061107,0.0677805088351761,1.032169835872574e-05,-0.1074041308356555,-0.0100325019617515,0.007628276919644,0.923026691977732,21.108234510140385,23.00549033343746,2.0023938345799306
13.18,31.22114730082864,131.01330238921415,82.6465936960792,-0.8839207296268115,-0.2528181224628371,-1.891054727053256,-0.5231053956929865,0.2833302715844253,0.0,23.026219955987127,9.128073307808204,-74.04798415136658,-18.04088557967004,108.05478095296344,322.1853995832016,1.274,1.0150000015428002,1.0,3.7203646466434894,165.0000707061107,0.0677289314651742,1.0300388337548744e-05,-0.1064990004588417,-0.0102597402441178,0.0075584142775395,0.9193627077613588,21.11310823756956,22.986507507044674,1.9824235870544127
13.19,31.22114680534031,131.01330315748564,82.42611151330784,-0.8771589787843302,-0.262203663512097,-1.871145445186168,-0.5143552690699958,0.2942766289771035,0.0,23.008941314963337,9.097745476106152,-74.10781791841043,-18.08761613181488,108.10338227628628,321.7088738056961,1.274,1.0150000015428002,1.0,3.7187185977315,165.0000707061107,0.0676779397535219,1.027887551941692e-05,-0.1056018252008274,-0.0104956555594053,0.0074892750705592,0.9155071075504078,21.11802090126712,22.967754603572008,1.9627392476391607
13.2,31.22114631063928,131.0133039224758,82.20571427624908,-0.8701267905468899,-0.2713760172488804,-1.851502571399129,-0.505453459153582,0.3049945250740609,0.0,22.99186011636983,9.0676025599193,-74.16719431218672,-18.133687708010967,108.15128412993678,321.2382051032368,1.274,1.0150000015428002,1.0,3.717068276160691,165.0000707061107,0.0676275291121798,1.025715702990898e-05,-0.1047128310084165,-0.0107400333859667,0.0074208719351289,0.9114603187411062,21.1229901543578,22.94923263064361,1.9433390418537526
13.21,31.22114581672123,131.01330468420312,81.98540084292028,-0.8628360713262407,-0.2803034979700835,-1.83212446584226,-0.4964130021804031,0.3154827981300133,0.0,22.974975768964168,9.037643179712449,-74.22611987593014,-18.17907745213543,108.19846333093513,320.77336508962685,1.274,1.0150000015428002,1.0,3.7154022570652447,165.0000707061107,0.0675776977967253,1.0235230128092483e-05,-0.1038322354830008,-0.0109926450712598,0.0073532172262383,0.9072211402927152,21.12804836618644,22.93094597409817,1.9242233038261152
13.22,31.22114532358197,131.01330544268603,81.76517007431806,-0.8552823593434737,-0.2890212204729451,-1.8130053932176,-0.4872297228120333,0.3257360575344097,0.0,22.95828357784385,9.007865886521008,-74.28460123518344,-18.22376293247593,108.24489714777216,320.31421105670825,1.274,1.0150000015428002,1.0,3.713736871423849,165.0000707061107,0.0675284319924561,1.0213092212235952e-05,-0.1029602441407797,-0.0112532333497115,0.0072863211336689,0.9027928751443062,21.133163895037008,22.912884423231407,1.9053832522108658
13.23,31.22114483121736,131.01330619794274,81.5450208552932,-0.8474710460682435,-0.2975249059407155,-1.7941421893536316,-0.4779091949563067,0.335751474084941,0.0,22.94178134987339,8.978269403972991,-74.3426450847647,-18.26772220264516,108.29056336288802,319.86067056183487,1.274,1.0150000015428002,1.0,3.7120721106790975,165.0000707061107,0.0674797252433873,1.0190740839527436e-05,-0.1020970663291772,-0.0115215757342065,0.0072201949450382,0.8981769246498603,21.138342817864288,22.89504645697075,1.8868154246223021
13.24,31.22114433962324,131.01330694999146,81.3249520846103,-0.8394075845066513,-0.3058105445934194,-1.7755316938449204,-0.4684569835229438,0.3455263279481222,0.0,22.92546690609369,8.94885241966277,-74.40025819575838,-18.31093375002744,108.33544021830376,319.4126718587766,1.274,1.0150000015428002,1.0,3.710407966376583,165.0000707061107,0.0674315711353149,1.016817370251195e-05,-0.101242905702636,-0.0117974470385995,0.007154849562522,0.8933747764006779,21.143590948147462,22.87743052615572,1.8685163056726426
13.25,31.22114384879556,131.0133076988502,81.1049626709715,-0.8310975192388863,-0.313874263351608,-1.7571707640487484,-0.4588786747496933,0.3550580161195369,0.0,22.90933809349905,8.919613629978187,-74.45744741066189,-18.35337650979556,108.37950642942413,318.9701442196058,1.274,1.0150000015428002,1.0,3.7087444301992254,165.0000707061107,0.0673839633304491,1.0145388629527002e-05,-0.1003979602138369,-0.01208061962805,0.007090295507692,0.8883879952098266,21.148913958369395,22.860035086102396,1.8504823498154308
13.26,31.22114335873024,131.01330844453685,80.88505154494531,-0.8225529681008477,-0.3216861804360222,-1.7390578119755784,-0.4491868165972277,0.3643458082116614,0.0,22.893394363316272,8.890551739786217,-74.51421963858716,-18.395029878243573,108.42274119813844,318.53306184662006,1.274,1.0150000015428002,1.0,3.7070706148875385,165.0000707061107,0.0673369002096508,1.0122383585002983e-05,-0.0995624220747792,-0.0123708635426765,0.007026543404761,0.8832147386765522,21.154342452303965,22.842864281728023,1.8327134903086861
13.27,31.22114286942336,131.01330918706927,80.66521764306174,-0.8137794419463796,-0.3292435880913632,-1.7211895569348314,-0.4393873430694961,0.373387419233536,0.0,22.87763353247503,8.861665374399395,-74.5705818504816,-18.43587372564585,108.46512422543728,318.1013536587755,1.274,1.0150000015428002,1.0,3.705386796614108,165.0000707061107,0.0672903753468251,1.0099156667908428e-05,-0.0987364714942434,-0.0126679220138029,0.0069636025346411,0.8778559284364772,21.159880977725784,22.8259163552216,1.8152060194350041
13.28,31.22114238087095,131.01330992646507,80.44545992172912,-0.8047763846181328,-0.3365686737537579,-1.703561301571462,-0.4294796277714377,0.3821790168816525,0.0,22.86205196579644,8.832953199717489,-74.6265410665168,-18.47588845315333,108.50663576971608,317.67490850344086,1.274,1.0150000015428002,1.0,3.7037035696390896,165.0000707061107,0.0672443780448561,1.0075706127701876e-05,-0.0979202831019231,-0.0129715371452012,0.006901481366952,0.8723164859753149,21.165510184724617,22.80918418620085,1.797952908122783
13.29,31.22114189306916,131.0133106627419,80.22577734629913,-0.7955496893216853,-0.343658063252534,-1.6861699842011388,-0.4194693256520627,0.3907184690458508,0.0,22.846647618867333,8.804413974785607,-74.6821043516154,-18.5150550036875,108.54725665732344,317.2536597914072,1.274,1.0150000015428002,1.0,3.7020209259552814,165.0000707061107,0.0671989022856725,1.0052030365607182e-05,-0.0971140317990067,-0.01328147326276,0.0068401889027738,0.8665982822867242,21.171235212955377,22.792666260194093,1.7809504914054737
13.3,31.221141406014127,131.01331139591713,80.00616890100842,-0.7861053033642483,-0.350508610115187,-1.6690125509353286,-0.409362080169124,0.3990037569407425,0.0,22.831418463912264,8.776046437530729,-74.73727881843897,-18.553354830012136,108.58696824872706,316.83754165723445,1.274,1.0150000015428002,1.0,3.7003388576598097,165.0000707061107,0.067153942100217,1.002812791928578e-05,-0.0963178865989122,-0.0135974928028106,0.006779733753988,0.8607032733342078,21.17706097070808,22.776361043598868,1.76419505891862
13.31,31.22114091970208,131.0133121260082,79.7866335810249,-0.7764492464816555,-0.3571173098782679,-1.6520859645791257,-0.3991635419498051,0.407032979873907,0.0,22.816362497128274,8.74784933376606,-74.79207162270473,-18.5907699057192,108.62575244922527,316.42648915722435,1.274,1.0150000015428002,1.0,3.698657356980212,165.0000707061107,0.0671094915900107,1.0003997462926578e-05,-0.0955320106208101,-0.0139193565164655,0.0067201241464318,0.8546334877073901,21.182992214023887,22.760267004476955,1.7476828700557452
13.32,31.221140434129254,131.01331285303226,79.56717039443728,-0.7665988016310658,-0.3634363521111501,-1.6353897850739565,-0.3888912054147339,0.4148073570794745,0.0,22.80148038327013,8.719821416966262,-74.84648995856422,-18.627282735564886,108.6635917189956,316.0205115686959,1.274,1.0150000015428002,1.0,3.6969577932327007,165.0000707061107,0.0670655527056294,9.97963780722543e-06,-0.0947565610645906,-0.0142468235924531,0.0066613686920319,0.8483818849806192,21.18907668169419,22.744392317409563,1.7314159703145935
13.33,31.22113994929196,131.01331357700647,79.34777836125971,-0.7565507038808486,-0.3695009050364046,-1.6189186375688616,-0.3785416959231697,0.4223229400919128,0.0,22.786767900007245,8.69196129757811,-74.9005410540231,-18.66287636529109,108.70046908262016,315.6194828487934,1.274,1.0150000015428002,1.0,3.6952556979112696,165.0000707061107,0.0670221130233897,9.955047896339993e-06,-0.0939916785423556,-0.0145796098185844,0.0066034734198458,0.8419572146892925,21.195282481116703,22.72872723588694,1.7153856815154094
13.34,31.22113946518653,131.01331429794783,79.12845651740896,-0.7463093283269274,-0.3753157956014546,-1.602669089682867,-0.3681188732322482,0.4295777264012745,0.0,22.772222680428623,8.664267770698425,-74.95423215291785,-18.69753446836876,108.73636821828516,315.22332871920105,1.274,1.0150000015428002,1.0,3.693554154447813,165.0000707061107,0.066979165577027,9.930226836965044e-06,-0.0932375067037862,-0.0149174651719353,0.006546445153637,0.8353631506188149,21.2016067958702,22.71326863472873,1.6995872260271838
13.35,31.2211389818094,131.0133150158733,78.90920390774566,-0.735880950827643,-0.3808785958183735,-1.5866381753913903,-0.357628385831642,0.4365702859463009,0.0,22.7578428162983,8.636739621084516,-75.00757052178096,-18.73124129031361,108.77127339942564,314.83198785560694,1.274,1.0150000015428002,1.0,3.691853155348136,165.0000707061107,0.0669367047494425,9.905173876041252e-06,-0.0924941849727685,-0.0152601453525777,0.0064902905813582,0.8286020165075608,21.20805375263522,22.69801498700983,1.684016738792433
13.36,31.221138499156982,131.01331573079963,78.69001959203912,-0.7252718971903027,-0.386187046932062,-1.570822942389221,-0.347075871752181,0.4432993054866352,0.0,22.74362641970503,8.609375632396594,-75.06056344761927,-18.76398164431112,108.80516948957522,314.4453997238426,1.274,1.0150000015428002,1.0,3.6901526932237214,165.0000707061107,0.0668947249833838,9.879888396136094e-06,-0.0917618467769275,-0.0156074049853359,0.0064350160026529,0.8216762100374377,21.21462729568485,22.682964759547502,1.6686703243402512
13.37,31.22113801722575,131.0133164427435,78.47090264397265,-0.7144923298696193,-0.391223891528996,-1.5552213069812115,-0.3364709257303796,0.4497645968417234,0.0,22.729572497283257,8.582174595452377,-75.11321823353133,-18.795740918969305,108.83804194979372,314.06352873306986,1.274,1.0150000015428002,1.0,3.68844650748636,165.0000707061107,0.0668532233527491,9.854369915179152e-06,-0.0910406195400544,-0.0159589977639913,0.0063806275748277,0.8145842429563674,21.22134574889556,22.668119669634017,1.6535459443639309
13.38,31.22113753601224,131.0133171517215,78.2518521421974,-0.7035543770319014,-0.395964391760969,-1.5398315579594497,-0.325825434287347,0.4559666771091039,0.0,22.71568049637252,8.555135257499593,-75.16554219438441,-18.826505085513023,108.86987684552838,313.6863516250877,1.274,1.0150000015428002,1.0,3.6867251449498353,165.0000707061107,0.0668121982276924,9.828618085160303e-06,-0.0903306210996155,-0.01631466252418,0.0063271309270203,0.8073219188214964,21.228234605199717,22.65348305025804,1.638642441519895
13.39,31.221137055513008,131.0133178577501,78.0328671882259,-0.6924549378323036,-0.4004450681736604,-1.5246484836536975,-0.3151357776211916,0.4619022447311469,0.0,22.70194636902438,8.528256313598215,-75.21754264801373,-18.856260730816928,108.9006608802121,313.31374879387863,1.274,1.0150000015428002,1.0,3.685004304426248,165.0000707061107,0.0667716376979554,9.802632699222284e-06,-0.0896319579152058,-0.0166741163739653,0.0062745299444435,0.7999014227536576,21.23526051782412,22.639045116903077,1.6239511201794543
13.4,31.221136575724703,131.01331856084576,77.81394688655,-0.6812005547436522,-0.4046641414135995,-1.5096692122285205,-0.3044075705524765,0.4675704612059169,0.0,22.6883683257862,8.501536619112636,-75.26922690419757,-18.884995103598275,108.9303814424509,312.94566328948594,1.274,1.0150000015428002,1.0,3.683283978824124,165.0000707061107,0.0667315364961463,9.776413707004848e-06,-0.0889447394710521,-0.017037111478493,0.0062228293937708,0.7923254049784958,21.242426875364284,22.624804359547483,1.6094679976789399
13.41,31.221136096643978,131.01331926102463,77.59509035657047,-0.6697977778996645,-0.4086201050802112,-1.4948908751135896,-0.293646381470883,0.4729705984288048,0.0,22.674944587433988,8.474974993030957,-75.32060227200103,-18.912696053873194,108.95902654282196,312.58203864616814,1.274,1.0150000015428002,1.0,3.6815641611233447,165.0000707061107,0.0666918893850245,9.749961191527747e-06,-0.0882690691917504,-0.0174033994544865,0.0061720336509947,0.78459661443965,21.249736782887403,22.610759235525947,1.5951890523780932
13.42,31.221135618267525,131.0133199583029,77.37629672663216,-0.6582531940374609,-0.4123115973487754,-1.480310620017402,-0.2828577608046632,0.4781020453475183,0.0,22.66167339557982,8.448570261204958,-75.37167605567475,-18.939352038283296,108.98658481884908,312.2228191706788,1.274,1.0150000015428002,1.0,3.6798448444108383,165.0000707061107,0.0666526911886943,9.72327536873136e-06,-0.087605044470658,-0.0177727316071426,0.0061221467072628,0.7767178646149719,21.257193181501226,22.59690820030216,1.5811102461084785
13.43,31.22113514059208,131.01332065269665,77.15756514098254,-0.6465840859866304,-0.4156948882417187,-1.4659279476666007,-0.2720582868562046,0.482967120791363,0.0,22.64855540055392,8.422321256130944,-75.4224555506598,-18.964952124702084,109.01304553924484,311.8680156990008,1.274,1.0150000015428002,1.0,3.6781085325034697,165.0000707061107,0.0666139438158475,9.696356586885824e-06,-0.0869527566699144,-0.0181448590474187,0.0060731728100083,0.7686780110815865,21.264839684460988,22.58325877305923,1.5672324967797995
13.44,31.221134663614446,131.01332134422182,76.93889475181965,-0.6347892346275983,-0.4188003368575885,-1.451738129641778,-0.2612461782441524,0.4875635956156061,0.0,22.635587085884247,8.396226675170047,-75.47294803966001,-18.98948599634567,109.03839860765196,311.51752442174285,1.274,1.0150000015428002,1.0,3.676368000320504,165.0000707061107,0.0665756369197991,9.669205323338713e-06,-0.0863122811461933,-0.0185194936509661,0.0060251139936907,0.7604892622954131,21.272648725327134,22.569802668596385,1.553548010996957
13.45,31.221134187331447,131.0133220328943,76.72028472426184,-0.6228724476145489,-0.4216384593473027,-1.437737697784658,-0.2504241772571219,0.491890509856515,0.0,22.62276611118396,8.370285374280881,-75.52316077607462,-19.012944030330186,109.06263464329308,311.1712741786593,1.274,1.0150000015428002,1.0,3.674627955105336,165.0000707061107,0.0665377636130617,9.641822210566897e-06,-0.0856836946320309,-0.01889637640304,0.0059779727482797,0.7521582764722143,21.280611754606984,22.556535894648142,1.5400513724785083
13.46,31.221133711739977,131.0133227187298,76.50173423038369,-0.6108404273480889,-0.4242084607668132,-1.4239238717752103,-0.2395977362870879,0.4959477156224849,0.0,22.61009080246041,8.344496218974617,-75.57310098961821,-19.035317246227983,109.08574492729504,310.8292123511971,1.274,1.0150000015428002,1.0,3.6728883901989335,165.0000707061107,0.0665003189682131,9.614208017696718e-06,-0.0850670705310705,-0.0192752589982654,0.0059317515451274,0.7436881254520029,21.28873105940704,22.54345690204331,1.526738485948515
13.47,31.221133236836938,131.01332340174395,76.283242457169,-0.5986998868709676,-0.4265097276315752,-1.410293884113795,-0.2287722697038018,0.4997351780024068,0.0,22.597559502112617,8.318858068349014,-75.62277588603821,-19.056597288731023,109.10772138430174,310.49128694749834,1.274,1.0150000015428002,1.0,3.6711492990416494,165.0000707061107,0.0664632981061003,9.586363643037157e-06,-0.0844624762354382,-0.0196558933869474,0.0058864524746053,0.7350819555960831,21.297008725419463,22.53056412950314,1.5136052454610813
13.48,31.22113276261928,131.0133240819524,76.0648085985573,-0.5864625997775764,-0.4285217416596171,-1.3968460641037772,-0.2179583419975515,0.5032542980754275,0.0,22.585171674873216,8.29336978790545,-75.67219264348282,-19.07677642987685,109.12855658431393,310.1574769736003,1.274,1.0150000015428002,1.0,3.669402452117716,165.0000707061107,0.0664266994485969,9.558290113260948e-06,-0.0838699731460016,-0.0200380319237575,0.0058420775342546,0.7263352194169583,21.30546593509209,22.51786026463716,1.5006497440042186
13.49,31.221132289084,131.01332475937048,75.84643186538555,-0.5741389662922988,-0.4302296842265054,-1.3835783675455422,-0.2071654519896531,0.5065063302931015,0.0,22.57292647686201,8.268030182747944,-75.72135840896051,-19.095847570751125,109.14824374399896,309.82775306890795,1.274,1.0150000015428002,1.0,3.6676418359264105,165.0000707061107,0.0663905205099249,9.52998858132691e-06,-0.0832896119995167,-0.0204214091166783,0.0057986279266331,0.717444728432477,21.314118372980065,22.50534679116832,1.4878693780923946
13.5,31.221131816228127,131.01332543401364,75.62811146948256,-0.5617269469384799,-0.4316683418179222,-1.3704860610927525,-0.1963905968476664,0.5094894625889382,0.0,22.560820369719828,8.242838038323475,-75.7702802888927,-19.11380427847463,109.166776764417,309.5020120657574,1.274,1.0150000015428002,1.0,3.6658816801467617,165.0000707061107,0.0663547508794768,9.501460336305127e-06,-0.0827214341993571,-0.0208057469111784,0.0057561035478718,0.7084269546291511,21.322934031215144,22.493014706612357,1.475256188825817
13.51,31.22113134404877,131.01332610589708,75.40984663957407,-0.5492333252858012,-0.4328375808915963,-1.3575664587098648,-0.1856390685389514,0.5122041176200498,0.0,22.54885178157316,8.217792278681156,-75.81896534141454,-19.1306408133672,109.18415025858508,309.1802049947698,1.274,1.0150000015428002,1.0,3.664121978482165,165.0000707061107,0.0663193859304705,9.472706812777544e-06,-0.0821654833900129,-0.0211908000747956,0.0057145049984814,0.6992852626042741,21.331914413610864,22.480862460048108,1.4628060745324332
13.52,31.22113087254304,131.01332677503595,75.19163661333073,-0.536664859792839,-0.4337375240809737,-1.3448168802205147,-0.1749160922042425,0.5146508238450717,0.0,22.53701914950041,8.192891794880003,-75.86742058351008,-19.146352067523782,109.20035948766004,308.8622832883623,1.274,1.0150000015428002,1.0,3.662362724690929,165.0000707061107,0.0662844210625078,9.443729569507608e-06,-0.0816217972701037,-0.0215763241409439,0.0056738325034426,0.6900231226694774,21.341060750593986,22.46888846927187,1.450514926197746
13.53,31.221130401708088,131.0133274414453,74.97348063438545,-0.5240285875836109,-0.4343673330018998,-1.3322347209706562,-0.1642271344345821,0.5168302933846995,0.0,22.525320988029623,8.16813548428038,-75.91565298776888,-19.16093356495288,109.21540036067644,308.5482006539182,1.274,1.0150000015428002,1.0,3.6606034626315904,165.0000707061107,0.066249851903039,9.41453028842692e-06,-0.0810904076418305,-0.0219620756238469,0.0056340859333231,0.6806435775519165,21.35037516599994,22.45709138048593,1.4383787594387198
13.54,31.22112993154109,131.01332810514015,74.75537795929176,-0.5113447356159506,-0.4346740562149809,-1.3198201363067488,-0.1535910610308594,0.5187467837548441,0.0,22.51375863324772,8.143522246724734,-75.96366947925544,-19.17438146110372,109.22926943366495,308.2379882061003,1.274,1.0150000015428002,1.0,3.658822371937652,165.0000707061107,0.0662156823781071,9.385110773439418e-06,-0.0805713401789087,-0.0223478111234737,0.0055952654701125,0.671125887882,21.359909835724427,22.445480847119896,1.4263988333861413
13.55,31.221129462039297,131.01332876613532,74.53732785553657,-0.4986061986956978,-0.4347131806085953,-1.3075673855360188,-0.1429999672361579,0.5203978389442832,0.0,22.50232758951848,8.11905081216486,-76.0114769321366,-19.18669254398399,109.24196391041856,307.9315174454897,1.274,1.0150000015428002,1.0,3.6570417164176847,165.0000707061107,0.0661818992619733,9.355472946842933e-06,-0.0800646022939367,-0.0227332398693694,0.0055573686066156,0.6614974832408956,21.36961270639795,22.43404365792215,1.4145654347271892
13.56,31.22112899319999,131.01332942444557,74.31932959656874,-0.4858197589676929,-0.4344852274296751,-1.295473879180041,-0.1324589303229061,0.5217844348889848,0.0,22.491026380123287,8.0947201582639,-76.05908215084946,-19.19786432937201,109.2534817402274,307.6287427605301,1.274,1.0150000015428002,1.0,3.6552614901109086,165.0000707061107,0.0661484982079912,9.325618881871446e-06,-0.0795702083950137,-0.023118122535992,0.0055203941190682,0.6517620170748653,21.379484497658297,22.4227782542985,1.4028745262326527
13.57,31.22112852502049,131.01333008008558,74.1013824687585,-0.4729921410726228,-0.4339910351343348,-1.28353702826462,-0.121972935505361,0.5229076458351714,0.0,22.479853531149807,8.070529207261385,-76.10649188358417,-19.2078949609564,109.26382151454808,307.32961875519845,1.274,1.0150000015428002,1.0,3.6534816870843545,165.0000707061107,0.066115474877822,9.295550769751324e-06,-0.079088167066632,-0.0235022210598307,0.0054843404171679,0.64192328626281,21.389525597612188,22.41168303063981,1.3913220712671268
13.58,31.22112805749814,131.01333073306992,73.88348576344438,-0.4601300552163385,-0.4332315760713205,-1.2717542622321487,-0.1115469167851492,0.5237686533489126,0.0,22.46880758577316,8.046476887662745,-76.15371281944529,-19.21678320864478,109.2729824649032,307.0341006369662,1.274,1.0150000015428002,1.0,3.65170230149776,165.0000707061107,0.0660828249834328,9.265270918492718e-06,-0.0786184811449446,-0.0238852989079527,0.0054492055531866,0.6319851511442829,21.39973623484883,22.400756377397578,1.3799040620205607
13.59,31.221127590630324,131.0133313834131,73.66563878289789,-0.4472508697245758,-0.432165786293974,-1.2601252011013049,-0.1011965340981809,0.5243715031015161,0.0,22.45788932207203,8.022562134015292,-76.20075158574998,-19.22452846620281,109.2809644601005,306.742204797475,1.274,1.0150000015428002,1.0,3.649906133512777,165.0000707061107,0.0660505508098875,9.234781751523375e-06,-0.0781611477522699,-0.0242671211793725,0.005414987759393,0.6219299106917521,21.41015700849948,22.39000552278916,1.368620376228935
13.6,31.221127124414448,131.01333203112944,73.44784084131761,-0.4343540913426361,-0.4308232581858764,-1.2486456757310047,-0.0909202194115288,0.5247159564757656,0.0,22.447095794392176,7.998783746984528,-76.24761474541002,-19.231130748558915,109.28776800311596,306.4538459726253,1.274,1.0150000015428002,1.0,3.648104590490272,165.0000707061107,0.0660186436904434,9.20408580396988e-06,-0.077716148554566,-0.0246474165008687,0.005381683329917,0.6117749592602758,21.420760588141672,22.379422872951167,1.3574643070076853
13.61,31.221126658848,131.0133326762333,73.23009125787075,-0.4214427739633023,-0.4292195642615719,-1.2373123943918318,-0.0807193954022361,0.5248026552350451,0.0,22.43642484747484,7.975140673986216,-76.29430878189328,-19.23659076595783,109.29339430709425,306.16896067451154,1.274,1.0150000015428002,1.0,3.646303452984919,165.0000707061107,0.0659870972830648,9.173185746830394e-06,-0.0772834661758654,-0.0250259411209417,0.0053492888606268,0.6015314817283725,21.43153307612005,22.36900382659152,1.3464306179864984
13.62,31.22112619392848,131.01333331873883,73.01238935768687,-0.4085235435825544,-0.4273561836119462,-1.2261228688344687,-0.0705987705856771,0.5246331996430204,0.0,22.425875094805622,7.951631884105317,-76.34084010520215,-19.24090986969092,109.2978452391047,305.8875065482265,1.274,1.0150000015428002,1.0,3.6445027153908818,165.0000707061107,0.0659559075067096,9.142084369986818e-06,-0.0768630809396976,-0.025402466101986,0.0053178010121164,0.5912036014806604,21.44247408803444,22.358746764892864,1.3355154323536476
13.63,31.22112572965341,131.01333395866018,72.79473448279343,-0.395602984753508,-0.4252347699965408,-1.2150746258204623,-0.0605629820497849,0.524209289675515,0.0,22.415445162271485,7.928256336599149,-76.38721505372254,-19.24409002272652,109.3011232895798,305.60944169811586,1.274,1.0150000015428002,1.0,3.642702372139884,165.0000707061107,0.0659250703168602,9.110784572556344e-06,-0.0764549676094947,-0.0257767645129668,0.0052872161005378,0.5807955385908655,21.453583042135,22.34865005400681,1.3247149129113054
13.64,31.22112526602036,131.01333459601133,72.57712597720393,-0.3826956441086806,-0.4228256089998492,-1.204166800307788,-0.0506246188153048,0.523534779323214,0.0,22.405135315090146,7.905012996793139,-76.43343989193282,-19.24613379586057,109.30323156804268,305.33476902845365,1.274,1.0150000015428002,1.0,3.6408896081271327,165.0000707061107,0.0658945864903961,9.07928936133614e-06,-0.0760590954441028,-0.0261486115668649,0.0052575304833883,0.5702936024246799,21.464889474964792,22.338718626586477,1.3140278536449286
13.65,31.221124803026928,131.0133352308062,72.3595631948714,-0.3698065014757047,-0.420136705375954,-1.1933965176482555,-0.0407872706982055,0.5226113366913112,0.0,22.394943870644045,7.881900731631912,-76.47952080821052,-19.247044363511776,109.3041737984768,305.063438415788,1.274,1.0150000015428002,1.0,3.6390667908112975,165.0000707061107,0.0658644510755353,9.047601847514208e-06,-0.075675420964866,-0.0265177563093697,0.0052287392127839,0.5597046083483486,21.476386646352143,22.328949542705782,1.3034498298838628
13.66,31.221124340670755,131.01333586305864,72.14204550068135,-0.3569354833636949,-0.4171959106467909,-1.1827599700408082,-0.0310493311118063,0.5214394125824366,0.0,22.38486816325757,7.858918469102242,-76.52546390341558,-19.24682555764545,109.30395437448227,304.7953730962682,1.274,1.0150000015428002,1.0,3.637244356506488,165.0000707061107,0.0658346562293452,9.015725263198564e-06,-0.0753038967104784,-0.0268839557004027,0.0052008368772578,0.5490474619935823,21.48804870679828,22.319335761942817,1.2929749683144454
13.67,31.221123878949523,131.0133364927824,71.92457226051216,-0.3440890411126641,-0.4140053187457951,-1.1722547748173655,-0.0214151852145241,0.5200211058121057,0.0,22.374906888034857,7.836065221972766,-76.57127519068382,-19.245481852574947,109.3025783433098,304.53053352107423,1.274,1.0150000015428002,1.0,3.6354222998768586,165.0000707061107,0.065805198111065,8.983662957531673e-06,-0.0749444758353222,-0.0272469924391996,0.0051738184664084,0.5383266773834229,21.49987452801472,22.309875650539297,1.2825996326718365
13.68,31.22112341786093,131.01333711999106,71.70714285614574,-0.331273560577694,-0.4105672286008628,-1.1618785620247305,-0.0118891294668579,0.5183586068874229,0.0,22.365058748701383,7.813339980241658,-76.61696060111414,-19.24301831260391,109.30005135171209,304.2688804834494,1.274,1.0150000015428002,1.0,3.6336006156246072,165.0000707061107,0.0657760729053411,8.951418380283776e-06,-0.0745971061729528,-0.0276066516812548,0.0051476786415068,0.5275469105039129,21.511862757302342,22.3005675511612,1.2723202386295696
13.69,31.22112295740272,131.01333774469825,71.48975667333843,-0.31850168757852,-0.4068592760494041,-1.151630206107776,-0.0024816690369553,0.5164558116377007,0.0,22.35532371602281,7.790741740047518,-76.66252598187886,-19.23944058699829,109.29637964049503,304.01040934346673,1.274,1.0150000015428002,1.0,3.6317692430695936,165.0000707061107,0.0657472805232383,8.918995080109578e-06,-0.0742617303098732,-0.0279627212024874,0.0051224120290145,0.5166972908834724,21.5240357162899,22.29141494748845,1.2621350544515448
13.7,31.22112249757266,131.01333836691737,71.27241310480396,-0.3057818100393348,-0.4028757912572346,-1.1415076771217028,0.0068004721470936,0.5143157607602965,0.0,22.345700915659723,7.76826942149928,-76.70797709443721,-19.234754904595786,109.2915700387028,303.7550925325323,1.274,1.0150000015428002,1.0,3.6299247654218783,165.0000707061107,0.0657188183903763,8.88639670146307e-06,-0.0739382799314637,-0.0283149692293018,0.0050980123426497,0.5057765094744241,21.53639965737533,22.28241785583135,1.2520410237351056
13.71,31.221122038368545,131.01333898666184,71.05511155518286,-0.2931116593700338,-0.3986528630743357,-1.1315068963263284,0.0159610172207835,0.5119389263342408,0.0,22.33618739475397,7.745921950961373,-76.7533196055367,-19.22896811478861,109.2856300054542,303.5028460809697,1.274,1.0150000015428002,1.0,3.6280806493544513,165.0000707061107,0.0656906778194884,8.853626996297571e-06,-0.0736266797138755,-0.0286631594825181,0.0050744723767694,0.4948102299738518,21.54892067121237,22.273567654706383,1.2420322358139573
13.72,31.22112157978823,131.01333960394493,70.83785143209668,-0.2804974389462945,-0.394193172139614,-1.12162559172154,0.0249959481861928,0.5093278735932149,0.0,22.32678192430544,7.723698380610863,-76.7985590831939,-19.22208769791641,109.27856764031772,303.2536330214963,1.274,1.0150000015428002,1.0,3.626236889799737,165.0000707061107,0.065662855193249,8.820689828419153e-06,-0.0733268569722426,-0.0290070886255104,0.0050517855414017,0.4838035022787247,21.56159692118305,22.26486269410418,1.232105372218386
13.73,31.221121121829583,131.01334021877983,70.6206321521122,-0.267945266800679,-0.3894996198916211,-1.111861503143828,0.0339013490613879,0.5064852513075008,0.0,22.317483281321184,7.701597731443125,-76.84370100498806,-19.21412169709749,109.270391612991,303.00741664558734,1.274,1.0150000015428002,1.0,3.6243934817383288,165.0000707061107,0.0656353469120453,8.787589152661941e-06,-0.0730387339892895,-0.0293465562011697,0.0050299449374641,0.4727615825452089,21.57442633370353,22.256301295341245,1.2222571797430593
13.74,31.22112066449052,131.0133408311797,70.40345313775889,-0.2554668574723012,-0.3845530444257486,-1.1022134636627707,0.0426677860151666,0.5034152328897715,0.0,22.308291355128496,7.679619030696757,-76.88875075655356,-19.205078712313053,109.26111115697032,302.7641905313298,1.274,1.0150000015428002,1.0,3.622541443505943,165.0000707061107,0.0656081526476069,8.754329012976726e-06,-0.072762228103605,-0.0296813648098811,0.00500894361122,0.4616745382466079,21.587428011344688,22.247886357678787,1.2124858581230469
13.75,31.221120207768912,131.01334144115745,70.18631382448788,-0.2430718565573103,-0.3793422940165133,-1.0926798502047934,0.0512874627611909,0.5001216804269718,0.0,22.29920563673464,7.657761238344444,-76.93371363017721,-19.194967894142188,109.25073606286756,302.52393749445014,1.274,1.0150000015428002,1.0,3.6206749198525374,165.0000707061107,0.0655812709002358,8.720913539329283e-06,-0.0724972466803801,-0.0300113003532387,0.004988773865675,0.4505370574871151,21.600613335531516,22.239619123858336,1.2027889898536437
13.76,31.22111975166276,131.01334204872612,69.96921364675465,-0.2307567820707124,-0.3739075033712029,-1.083256552929066,0.0597652815945,0.4966053015280748,0.0,22.29022310377855,7.636023297737058,-76.97859481697265,-19.18379897962369,109.23927671497486,302.2865722433133,1.274,1.0150000015428002,1.0,3.618808737399824,165.0000707061107,0.0655546927785309,8.687346957404342e-06,-0.0722436890063964,-0.030336139244406,0.0049694269219545,0.4393799695415392,21.613944377731176,22.23149026737666,1.1931611265263475
13.77,31.221119296170063,131.01334265389852,69.75215205392472,-0.2185275204431882,-0.3682519060457517,-1.0739414159236051,0.0680976313198254,0.4928690915214105,0.0,22.2813425977663,7.614404296260735,-77.0233994014715,-19.1715823136686,109.22674411296572,302.0520601848441,1.274,1.0150000015428002,1.0,3.6169428913172825,165.0000707061107,0.0655284148727326,8.653633596262946e-06,-0.0720014581115347,-0.0306556942399473,0.0049508947146838,0.4282091614318583,21.62741863799863,22.223498121882663,1.1835993382916827
13.78,31.22111884128884,131.0133432566874,69.5351284943678,-0.2063898573418455,-0.3623789573793608,-1.0647322955802228,0.0762810119940683,0.4889161210689753,0.0,22.2725629647252,7.592903286374135,-77.06813237125635,-19.15832877276659,109.21314979331856,301.8203669335929,1.274,1.0150000015428002,1.0,3.615077376823185,165.0000707061107,0.0655024337864198,8.619777865500614e-06,-0.0717704523276369,-0.0309697813694308,0.0049331688915013,0.4170308309695382,21.641033381530043,22.21564099070895,1.1741007739898237
13.79,31.221118387017125,131.01334385710538,69.31814242937526,-0.1943555943094788,-0.3562684024451722,-1.055628196421466,0.0843060217089154,0.4847510795876688,0.0,22.26388422024212,7.571519326901461,-77.112798615808,-19.14404975845037,109.1985058223769,301.5914898738228,1.274,1.0150000015428002,1.0,3.61320257026908,165.0000707061107,0.0654767495628171,8.585784253167548e-06,-0.0715505653873848,-0.0312782201141601,0.0049162410769904,0.4058334446335248,21.65480863251852,22.20792207107457,1.164663901534615
13.8,31.221117933352986,131.0133444551651,69.10119332818981,-0.1824334002633254,-0.3499120794554898,-1.0466274772900777,0.0921658933529723,0.480378082257163,0.0,22.25530578930657,7.550251404125993,-77.15740292545212,-19.12875719044152,109.18282478908768,301.3654104309979,1.274,1.0150000015428002,1.0,3.6113136150590006,165.0000707061107,0.0654513605082448,8.55165732247197e-06,-0.0713416810419995,-0.031580812256993,0.0049001021115789,0.3946137289908812,21.668752774562265,22.20034207005969,1.1552864277005999
13.81,31.221117480294545,131.01334505087908,68.88428066005277,-0.1706196111765687,-0.3433498285452908,-1.0377262309629045,0.0998657448360733,0.4757982889718085,0.0,22.24682479229312,7.5290984977637585,-77.20194998343635,-19.11246354577661,109.1661198449004,301.14204769713126,1.274,1.0150000015428002,1.0,3.609424981605408,165.0000707061107,0.0654262581513467,8.517401722306414e-06,-0.0711436758966313,-0.0318773527041961,0.0048847418725707,0.3834055398777986,21.68282804629864,22.19289185014433,1.1459637468998047
13.82,31.22111702783995,131.0133456442597,68.66740390414478,-0.1589197324233529,-0.3365853975530723,-1.0289224230715324,0.1074024069272351,0.4710150849614279,0.0,22.238440136124726,7.508059726229305,-77.24644436159747,-19.09518187546972,109.14840472059484,300.9213692610069,1.274,1.0150000015428002,1.0,3.6075366653218026,165.0000707061107,0.0654014392749506,8.483022193232161e-06,-0.0709564304570824,-0.0321676722195764,0.0048701509352294,0.3722162283880113,21.69703133737206,22.18556972960621,1.1366933799289842
13.83,31.22111657598736,131.01334623531923,68.45056254958631,-0.1473391578357415,-0.3296227421077997,-1.0202140333065557,0.1147728267144286,0.4660319226260621,0.0,22.230150731845846,7.487134174068927,-77.29089053003534,-19.076925728325,109.1296936479024,300.7033428988574,1.274,1.0150000015428002,1.0,3.605648661700768,165.0000707061107,0.0653769006740382,8.448523545049291e-06,-0.0707798209079073,-0.0324516052008337,0.0048563196126605,0.3610536525872059,21.71135931932152,22.17837399820323,1.1274729391050564
13.84,31.221116124734927,131.01334682407,68.23375608648992,-0.1358908431281742,-0.3224360726929676,-1.0116004432874928,0.1219665664826325,0.4608542490445969,0.0,22.221956923779743,7.466320932326583,-77.33529285628158,-19.057709144014435,109.11000135219383,300.48797522304807,1.274,1.0150000015428002,1.0,3.6037489378883394,165.0000707061107,0.0653526433587678,8.413910654565694e-06,-0.0706137192179023,-0.0327289898459603,0.0048432382743187,0.3499016251447642,21.72583722079046,22.171309051252116,1.1183013632565568
13.85,31.221115674080888,131.01334741052412,68.01698401391445,-0.124580163880754,-0.3150289675733994,-1.0030795826582386,0.1289800311334283,0.4554858471237074,0.0,22.21385765088256,7.445618999727474,-77.37965560456105,-19.0375466458848,109.08934304489392,300.2752348717498,1.274,1.0150000015428002,1.0,3.60183716531913,165.0000707061107,0.0653286642062534,8.379188461926026e-06,-0.0704579864022955,-0.0329996417176735,0.0048308962630836,0.3387673408758684,21.74046203928545,22.164373265702523,1.1091762053465661
13.86,31.22111522402349,131.01334799469367,67.80024583986355,-0.1134043549093236,-0.3074364847882289,-0.9946479735057534,0.1358175633828573,0.449928548804846,0.0,22.20585038311756,7.4250274124680065,-77.42398292646877,-19.01645329235332,109.06773447593388,300.06505085427267,1.274,1.0150000015428002,1.0,3.5999256960047683,165.0000707061107,0.0653049557734997,8.344361984806001e-06,-0.0703124793091794,-0.0332633798737473,0.0048192823507334,0.3276852399264289,21.75520050899838,22.157558604748324,1.1000939508751026
13.87,31.22111477456101,131.01334857659063,67.5835410713458,-0.1023684818503535,-0.299662843507702,-0.9863037082589438,0.142476466304211,0.4441860855532782,0.0,22.19793408802224,7.404545315776573,-77.46827886022787,-18.994444671721286,109.0451919281888,299.85739276335494,1.274,1.0150000015428002,1.0,3.598014525589869,165.0000707061107,0.0652815150217796,8.309436317676011e-06,-0.0701770578699629,-0.0335200547698044,0.0048083858801123,0.3166654864450185,21.770048968613317,22.15086337323228,1.0910526233757118
13.88,31.221114325691715,131.01334915622692,67.36686922829162,-0.0914774929348698,-0.2917124412549982,-0.978044896375882,0.1489541600212289,0.4382622479996823,0.0,22.19010773791456,7.3841718270211585,-77.51254733907324,-18.97153683492348,109.02173214834436,299.6522303883865,1.274,1.0150000015428002,1.0,3.5961036497691103,165.0000707061107,0.0652583389264574,8.274416612254436e-06,-0.0700515781100969,-0.0337695208210968,0.0047981959592046,0.3057191649072304,21.78500357037633,22.14428585275884,1.0820503496308638
13.89,31.22111387741392,131.01334973361432,67.15022983361217,-0.0807466141410598,-0.2835493671346898,-0.9698714940955112,0.1552380736956628,0.4321634864133546,0.0,22.1823722031949,7.363906070198803,-77.5567921907105,-18.94774628841008,108.997372339406,299.44958483080205,1.274,1.0150000015428002,1.0,3.594176812470834,165.0000707061107,0.0652354300449473,8.239308075145588e-06,-0.0699358922570068,-0.0340116365431617,0.0047887018769684,0.2948223296659757,21.800099169982182,22.13783255456516,1.0730866011523696
13.9,31.221113429725968,131.01335030876464,66.93362241518828,-0.070175529910575,-0.2751979687738358,-0.9617806055671844,0.1613299701958267,0.4258926489336762,0.0,22.17472552784176,7.343747042230638,-77.60101713685151,-18.92308998682457,108.9721301530029,299.24940090530254,1.274,1.0150000015428002,1.0,3.592241836327335,165.0000707061107,0.0652127826225265,8.204115963638233e-06,-0.0698298396189852,-0.0342462288524222,0.004779891457252,0.2840043822640284,21.8153127283725,22.13149769820315,1.0641587479997097
13.91,31.22111298262624,131.01335088168946,66.71704650984599,-0.0597635045549466,-0.2666838876675389,-0.9537694010182404,0.1672323975928226,0.4194524629986601,0.0,22.167165733006183,7.32369385661815,-77.6452257811763,-18.89758540635,108.94602376428402,299.0516229078028,1.274,1.0150000015428002,1.0,3.59030714579477,165.0000707061107,0.0651903908374047,8.168845606423242e-06,-0.0697332604093072,-0.0344731464651813,0.0047717526136761,0.2732982740987966,21.83061994406685,22.12527527714604,1.055264475777982
13.92,31.221112536113093,131.01335145240037,66.50050166037457,-0.0495151111684901,-0.2580117678120941,-0.9458361044468206,0.1729431565343925,0.4128469596088416,0.0,22.159691842302404,7.30374568110196,-77.6894216147205,-18.871250499117547,108.91907182500071,298.8562222696095,1.274,1.0150000015428002,1.0,3.588372736735318,165.0000707061107,0.0651682518159418,8.133502391010273e-06,-0.06964599610264,-0.0346922609709997,0.0047642735933759,0.2627200068348641,21.846016669108813,22.119163585562543,1.0464023527904938
13.93,31.221112090184967,131.01335202090888,66.2839874105567,-0.0394348046554648,-0.2491863865941814,-0.9379789610028336,0.17846016105303,0.4060802211879951,0.0,22.15230288579884,7.283901666669506,-77.73360802162908,-18.84410364437976,108.89129341331704,298.6631706560868,1.274,1.0150000015428002,1.0,3.586438605041588,165.0000707061107,0.0651463627035132,8.098091749598888e-06,-0.0695678847172431,-0.0349034482075806,0.0047574424381517,0.2522874338467176,21.86149861557373,22.11316090311842,1.0375710608951658
13.94,31.22111164484027,131.0133525872264,66.06750331510821,-0.0295412463479404,-0.2401569803714777,-0.93019869012465,0.1837675790661272,0.3991599513157108,0.0,22.145000452275088,7.264160971058554,-77.7777882788654,-18.81616364134029,108.86270802628628,298.47250876452046,1.274,1.0150000015428002,1.0,3.5844824099206973,165.0000707061107,0.0651247281702676,8.06261915659144e-06,-0.0694987609210903,-0.0351065883622783,0.0047512475389809,0.2419670542585214,21.877114827064524,22.107276792473836,1.0287705249275956
13.95,31.22111120007745,131.0133531513642,65.85104892973847,-0.0198259519426214,-0.2309779747695331,-0.9224911899303104,0.1888747619568756,0.3920874437575066,0.0,22.137781292645126,7.244522574705615,-77.8219655559875,-18.787449701870564,108.83333557221616,298.2841468953384,1.274,1.0150000015428002,1.0,3.582523843264372,165.0000707061107,0.0651033386589937,8.027090123734128e-06,-0.0694384434733188,-0.035301516939604,0.0047456751894545,0.231827287154456,21.892813314202588,22.10149945548439,1.019998154290292
13.96,31.22111075589501,131.01335371333363,65.63462381910203,-0.0102913955598854,-0.2216608145816211,-0.914854488893763,0.1937814140692089,0.3848665492637693,0.0,22.1306441756644,7.224985689922175,-77.86614289905602,-18.757981556233315,108.80319647863632,298.0980498415359,1.274,1.0150000015428002,1.0,3.580565545383532,165.0000707061107,0.0650821905466891,7.991510230221346e-06,-0.0693867592513818,-0.0354881176621359,0.0047407127013569,0.2218995921918247,21.90858334684329,22.09582586318448,1.0112528037191946
13.97,31.221110312291447,131.01335427314572,65.41822755083491,-0.0009416111993794,-0.2122105193810525,-0.9072869466434168,0.1984858536494389,0.3775015491170242,0.0,22.12358817673088,7.205549502525686,-77.91032324473376,-18.727779346925832,108.77231158347008,297.91419071922473,1.274,1.0150000015428002,1.0,3.578607512374542,165.0000707061107,0.0650612811121639,7.95588509307518e-06,-0.0693435335367541,-0.0356662844425246,0.0047363473713617,0.2122126083997592,21.924420357858477,22.09025430250785,1.002533619004487
13.98,31.22110986926525,131.0133548308117,65.20185970151859,0.0082162398540128,-0.2026196062597829,-0.8997874917572133,0.2029833803648674,0.3699975743246119,0.0,22.11661294775469,7.186213197940809,-77.95450942204047,-18.69686360849036,108.74070211420565,297.73255821990205,1.274,1.0150000015428002,1.0,3.576644695621647,165.0000707061107,0.0650406093296703,7.92022036099805e-06,-0.0693085886337977,-0.0358359156913182,0.0047325664437133,0.2027861217059945,21.94033177780598,22.08478560076852,0.9938400213480952
13.99,31.22110942681497,131.01335538634245,64.98551985170995,0.017168601017787,-0.1928554299902019,-0.8923561081804017,0.2072628926898335,0.3623614774178344,0.0,22.109719273099586,7.1669759268234445,-77.99870415228573,-18.665255260387912,108.70838968043904,297.5531715507191,1.274,1.0150000015428002,1.0,3.5746618939714168,165.0000707061107,0.0650201775037925,7.884521711281362e-06,-0.069281741113287,-0.035996903293479,0.0047293570403792,0.1936181205992684,21.956349193326027,22.07942567019947,0.9851716453539788
14.0,31.221108984939143,131.01335593974895,64.76920758196484,0.0259248870877122,-0.1829740800011059,-0.8849888553019845,0.2113346678728544,0.3545946654192916,0.0,22.102903944023023,7.147836735460593,-78.04291004546569,-18.63297562579009,108.67539629291625,297.37594247038885,1.274,1.0150000015428002,1.0,3.572679348908486,165.0000707061107,0.06499997619621,7.8487948525817e-06,-0.0692627961895237,-0.0361491104807505,0.0047267046809599,0.1848015460918577,21.97241897492119,22.07416249159965,0.9765270055648567
14.01,31.221108543636383,131.0133564910421,64.55292248576106,0.0344814762187199,-0.1729806522134628,-0.8776842206501893,0.2151974076395244,0.3467015928868671,0.0,22.09616608735721,7.128794887107668,-78.08712958955763,-18.60004650313841,108.64174443649088,297.20084568804606,1.274,1.0150000015428002,1.0,3.5706970566036604,165.0000707061107,0.064980002837117,7.813045545026112e-06,-0.0692515679642668,-0.0362924499493964,0.0047245960184343,0.1763838842696175,21.988536445689444,22.068994391324587,0.9679057340172093
14.02,31.22110810290528,131.01335704023256,64.33666415657555,0.0428349027221291,-0.1628804488058976,-0.8704407062154088,0.2188499530394142,0.3386867423697036,0.0,22.08950482897355,7.1098495952381215,-78.13136516509405,-18.56649005542016,108.6074569567406,297.02785593535594,1.274,1.0150000015428002,1.0,3.5687150133005807,165.0000707061107,0.064960254853913,7.777279569628038e-06,-0.0692478679211389,-0.0364268388994549,0.0047230175526806,0.16841871793806,22.00469672760681,22.06391966236562,0.9593075807263984
14.03,31.221107662744405,131.01335758733103,64.12043219186035,0.0509723468604423,-0.1526421384390365,-0.8632583859984416,0.2222821623151423,0.3305569766231018,0.0,22.08292092807703,7.091000080464744,-78.17561904519769,-18.53232880350568,108.5725570530011,296.85699190498894,1.274,1.0150000015428002,1.0,3.566718528036143,165.0000707061107,0.0649407344772786,7.741502725741454e-06,-0.069251505061441,-0.0365521992020896,0.0047219559888013,0.1609279230733031,22.02093011329437,22.058943985402248,0.9507325152083185
14.04,31.221107223152405,131.01335813234823,63.90422620397799,0.0588930823226319,-0.1422808492507515,-0.8561352583641487,0.2254947850146928,0.3223164086412625,0.0,22.07641307456865,7.072245448954549,-78.21989339569286,-18.49758561920433,108.53706827111786,296.68821666890693,1.274,1.0150000015428002,1.0,3.564711374420072,165.0000707061107,0.0649214378525514,7.705720826997506e-06,-0.0692622776880334,-0.0366684252178836,0.004721396885084,0.1539877530184717,22.03722228382961,22.0540636740011,0.9421801027205315
14.05,31.221106784127947,131.0133586752946,63.68804579833144,0.0666010629245157,-0.1318293884132827,-0.8490686643368582,0.2284932269271699,0.3139680048279535,0.0,22.069979204684174,7.053584886572923,-78.2641902648838,-18.46228379534777,108.50101457487976,296.52147310684285,1.274,1.0150000015428002,1.0,3.562704461881681,165.0000707061107,0.0649023589087698,7.669939719072668e-06,-0.0692799840428141,-0.03677542464093,0.0047213256594656,0.1476979397446463,22.05354193739701,22.049271511046754,0.9336501805098167
14.06,31.22110634566969,131.0133592161806,63.47189058926924,0.0740932730076799,-0.1212931347025517,-0.842057231641199,0.2312767300436642,0.3055163765850387,0.0,22.06361848959205,7.035017666083095,-78.30851158654377,-18.42644701989536,108.46442031937414,296.3567373537539,1.274,1.0150000015428002,1.0,3.5606977868268888,165.0000707061107,0.0648834952066564,7.634165272704697e-06,-0.0693044264009241,-0.0368731339699943,0.0047217282929985,0.1421331398017771,22.069884101836024,22.044565822777315,0.925142996287915
14.07,31.22110590777632,131.01335975501664,63.25576019710374,0.0813665688613488,-0.1106765396085268,-0.8350996527833001,0.2338444010696698,0.2969662236316832,0.0,22.057330149607303,7.016543036796783,-78.35285918787869,-18.390099312346457,108.42731018587564,296.1939869077116,1.274,1.0150000015428002,1.0,3.55869092847624,165.0000707061107,0.0648648444514889,7.598403366054131e-06,-0.0693354049402554,-0.0369614943861559,0.0047225906577727,0.1373674150356465,22.086244694265314,22.03994513023096,0.9166589180106655
14.08,31.22110547044652,131.013360291813,63.03965424711669,0.0884019754697949,-0.0999224108724067,-0.8281971741893884,0.2361801908405794,0.2883262129796748,0.0,22.05111609220833,6.998160251759512,-78.39723478973252,-18.353265017186875,108.3897091750148,296.03327145749086,1.274,1.0150000015428002,1.0,3.556658801955408,165.0000707061107,0.0648464122507973,7.5626598820510595e-06,-0.0693727176264573,-0.0370404509275344,0.0047238990738188,0.1334143528210409,22.10267881612803,22.03542032456836,0.9081980218938938
14.09,31.221105033678985,131.01336082657994,62.82357236856512,0.0952134901967152,-0.0891006317254824,-0.821345613210105,0.23829832907141,0.2795972402240132,0.0,22.0449726831226,6.979868364529552,-78.44164000654656,-18.3159687994324,108.35164260209244,295.8744919015179,1.274,1.0150000015428002,1.0,3.554626905224532,165.0000707061107,0.0648281879153041,7.5269407039762654e-06,-0.0694161463545494,-0.0371098984878669,0.0047256376031503,0.1304013956269342,22.119119567109298,22.030976794260777,0.8997607052536768
14.1,31.22110459747249,131.01336135932755,62.60751419269374,0.1017985544273024,-0.0782165829285015,-0.8145437270929806,0.240198452689121,0.2707840135605574,0.0,22.038899138756253,6.9616667180777,-78.48607632904277,-18.278235772214728,108.31313622716102,295.71762575846685,1.274,1.0150000015428002,1.0,3.5525952348459424,165.0000707061107,0.0648101691388716,7.491251749319967e-06,-0.0694654858284311,-0.0371697931842056,0.0047277918125924,0.1283774633292225,22.13556196285885,22.0266129104565,0.8913477222839222
14.11,31.221104161825743,131.013361890066,62.39147936267487,0.1081547852255431,-0.0672758692336708,-0.8077902851027629,0.2418803478771781,0.2618912479065034,0.0,22.032894671176408,6.9435545908021,-78.53054514267058,-18.240091354747136,108.2742161098668,295.56265046936744,1.274,1.0150000015428002,1.0,3.550563787317916,165.0000707061107,0.0647923536026369,7.45559893201864e-06,-0.0695205290409028,-0.0372200957660772,0.004730347173093,0.1273714833589916,22.15200080763517,22.022327004777285,0.8829599498989822
14.12,31.22110372673752,131.01336241880517,62.17546751472167,0.1142709765522868,-0.0562495687283535,-0.8010854733862196,0.243335384552838,0.2529258769829449,0.0,22.026959979231385,6.925531268521056,-78.5750477278762,-18.20156126623665,108.23490860311396,295.4095833932852,1.274,1.0150000015428002,1.0,3.5485187634735555,165.0000707061107,0.0647747433599397,7.419988159912318e-06,-0.0695810674234044,-0.0372607717999812,0.0047332893899011,0.1273650888934186,22.16846405496079,22.01812431905648,0.8745979329346102
14.13,31.22110329220658,131.01336294555503,61.959478300951865,0.1201459400732625,-0.0451470060276522,-0.7944278288935704,0.2445637987210649,0.243892584414775,0.0,22.02109411206992,6.907595929781286,-78.61958526045044,-18.16267151941385,108.1952403463434,295.2583976496971,1.274,1.0150000015428002,1.0,3.5464615154584846,165.0000707061107,0.0647573356128399,7.384425330846099e-06,-0.0696468831388301,-0.0372917614757802,0.0047366032048699,0.1283483388366327,22.18494294429438,22.01400243768037,0.8662624427377351
14.14,31.221102858231703,131.01336347032552,61.74351136950556,0.1257857781325087,-0.0340051627125746,-0.787814840803232,0.245572810588641,0.2347942842180459,0.0,22.015294959575456,6.8897478106792445,-78.66415880226141,-18.1234484891838,108.1552383354384,295.109035320965,1.274,1.0150000015428002,1.0,3.5444044829751977,165.0000707061107,0.0647401241543924,7.348916348914565e-06,-0.0697177578404381,-0.0373130130849127,0.0047402730961831,0.130301232586193,22.20140216051029,22.009953441420947,0.8579548849395817
14.15,31.22110242481171,131.0133639931263,61.52756638144557,0.1311885827667856,-0.022829607343635,-0.7812454071675495,0.2463626022947681,0.2256357446741575,0.0,22.00956177574124,6.871986254268853,-78.70876930273725,-18.08391889973197,108.11492990941366,294.9614751228549,1.274,1.0150000015428002,1.0,3.5423476627146457,165.0000707061107,0.0647231067891311,7.313467120874419e-06,-0.0697934790222853,-0.0373245071551013,0.0047442842520105,0.1331601828962634,22.21783654451756,22.005975709500373,0.8496766486755428
14.16,31.221101991945403,131.0133645139671,61.31164299286333,0.1363508355239511,-0.0116192201834872,-0.7747187143380168,0.2469318079015589,0.2164221686749735,0.0,22.003894102942915,6.854310575921123,-78.75341760804896,-18.04410975095479,108.0743426752488,294.81570353399167,1.274,1.0150000015428002,1.0,3.5402883418112587,165.0000707061107,0.0647062821696471,7.278083536474009e-06,-0.0698738330131942,-0.0373262289531385,0.0047486218627232,0.1368450085733093,22.234247362899723,22.002068960116983,0.8414291171531091
14.17,31.221101559631585,131.01336503285762,61.09574087078445,0.1412571660101146,-0.000326718676366,-0.7682357539507287,0.2472676735069096,0.2071617389809406,0.0,21.99829342487232,6.8367200758801525,-78.79810446150769,-18.004048312397675,108.0335045016052,294.671759068698,1.274,1.0150000015428002,1.0,3.538205372124818,165.0000707061107,0.0646896546573149,7.242771465643947e-06,-0.0699586035691162,-0.0373181626386584,0.0047532713823444,0.1412575438492928,22.25068020690603,21.998242104022648,0.8332127352047445
14.18,31.22110112786909,131.01336554980733,60.87985968024523,0.1459217085608076,0.0109818949632686,-0.7617929100355887,0.2473843977062934,0.1978556936229393,0.0,21.992756451855385,6.819213893547153,-78.84283050212834,-17.963762132020392,107.99244352766216,294.5295523688784,1.274,1.0150000015428002,1.0,3.5361226075552734,165.0000707061107,0.064673214576629,7.2075367577343296e-06,-0.0700475615542502,-0.0373002510053972,0.0047582163772761,0.1463343663844337,22.267071916309447,21.994481483871777,0.8250299106747648
14.19,31.2211006966568,131.01336606482576,60.66399909721654,0.1503430388023521,0.0223011244904122,-0.7553892083259967,0.2472825550016357,0.1885088198551281,0.0,21.98728247746672,6.801791434143505,-78.88759625043679,-17.92327914776317,107.9511882767198,294.3890633476991,1.274,1.0150000015428002,1.0,3.5340400449479943,165.0000707061107,0.0646569598486134,7.17238526962506e-06,-0.0701404906394503,-0.0372724943354739,0.0047634418591219,0.1519880532412648,22.283417411486003,21.99078552982156,0.8168825455514924
14.2,31.221100265993545,131.01336657792234,60.44815879866237,0.1545199083424307,0.0336252881658362,-0.7490236880925046,0.2469628628717679,0.1791258933064727,0.0,21.98187079133349,6.78445204288198,-78.93240212574611,-17.88262754982312,107.90976751568144,294.25027184406053,1.274,1.0150000015428002,1.0,3.531957681115481,165.0000707061107,0.0646408883827131,7.137322830412449e-06,-0.0702371737300968,-0.0372348975452335,0.0047689328039606,0.1581362050175377,22.299711442427373,21.987152638944124,0.808772666831885
14.21,31.2210998358782,131.0133670891063,60.23233846452819,0.1584381521518614,0.0449989335728689,-0.742697340053552,0.2464138020965283,0.1697148822723947,0.0,21.976522768583408,6.767195072532202,-78.97724844659616,-17.841835774944823,107.86821024915326,294.1132135490286,1.274,1.0150000015428002,1.0,3.5298555046064704,165.0000707061107,0.0646250042210943,7.102355238927785e-06,-0.0703373931135795,-0.0371874703377899,0.0047746746158745,0.1647044228875135,22.315996990176732,21.983591183813346,0.8007010940738256
14.22,31.221099406309623,131.0133675983871,60.01653778072325,0.1621054347349384,0.056383020781321,-0.7364077829415223,0.245643521695363,0.160278683047344,0.0,21.97123630667941,6.750019716555494,-79.02213543126382,-17.800932500320375,107.8265457131511,293.9778310719629,1.274,1.0150000015428002,1.0,3.5277466346220345,165.0000707061107,0.0646093011793608,7.067488259499392e-06,-0.0704409192323765,-0.0371301834608316,0.004780651157464,0.1716310243527278,22.33223679601903,21.98009292944365,0.7926704351539418
14.23,31.22109897728673,131.0133681057738,59.80075643415003,0.1655253790836045,0.067754602920606,-0.7301534260980695,0.2446569570283859,0.150821039287227,0.0,21.96601000177178,6.732925341988214,-79.06706318446086,-17.759946750765927,107.78480348419248,293.8440857786295,1.274,1.0150000015428002,1.0,3.52563795663803,165.0000707061107,0.0645937751277565,7.032727647619028e-06,-0.0705475296610899,-0.0370630415389108,0.0047868469423901,0.1788555969677185,22.348409047579796,21.976652867430392,0.7846833999498255
14.24,31.221098548808406,131.01336861127558,59.58499411966321,0.1686972329216103,0.0791080883710615,-0.7239334321523581,0.2434552156245701,0.1413467015512343,0.0,21.96084317888264,6.715911343652897,-79.11203170714334,-17.71890781950262,107.74301339847987,293.71195857693385,1.274,1.0150000015428002,1.0,3.5235294676144018,165.0000707061107,0.0645784240799026,6.998079129891953e-06,-0.0706570055738333,-0.0369860690010645,0.0047932469023586,0.1863245232303118,22.364508599813263,21.973269444397864,0.7767425224887025
14.25,31.22109812087356,131.0133691149015,59.36925053311069,0.1716123662190026,0.0904686881344719,-0.7177481429438488,0.2420319515782851,0.1318623667045571,0.0,21.95573642412856,6.698977104439127,-79.15704090184185,-17.677845223633856,107.70120550647832,293.5814641286649,1.274,1.0150000015428002,1.0,3.521408891038172,165.0000707061107,0.064563249757827,6.9635483921703854e-06,-0.0707691279330773,-0.0368992949481287,0.0047998362454719,0.193998359006135,22.38055989112713,21.969947206524736,0.7688494950489752
14.26,31.221097693481088,131.01336961666055,59.153525375309975,0.1742686010344454,0.1018372785281271,-0.7115968879018802,0.2403862992592507,0.1223733242760252,0.0,21.950689317956783,6.682121912272498,-79.20209057321117,-17.636788698237577,107.65941006684332,293.4525902060579,1.274,1.0150000015428002,1.0,3.519273538818698,165.0000707061107,0.0645482509262732,6.929141076089138e-06,-0.0708836706530041,-0.0368027263700241,0.0048065994980945,0.2018423756892841,22.39656400720035,21.96668587183851,0.761006527066335
14.27,31.22109726662992,131.01337011656167,58.93781835304255,0.1766754150432254,0.1131704366534721,-0.7054773597726682,0.2385282253960815,0.1128820630306108,0.0,21.94569965248435,6.665345074990721,-79.24718042016553,-17.595768261081037,107.61765761224568,293.3252767981539,1.274,1.0150000015428002,1.0,3.517138369009817,165.0000707061107,0.0645334210912424,6.894862792994586e-06,-0.0710004062010411,-0.0366963693380019,0.0048135207112455,0.2098135110524773,22.412479501536357,21.963476411545003,0.7532173521743013
14.28,31.221096840319017,131.01337061461368,58.722129169112726,0.1788325476734887,0.1244627138190841,-0.6993888432712224,0.2364592139463135,0.10339327598663,0.0,21.940766787144167,6.648646040585168,-79.29231003475739,-17.554814223074654,107.5759789599207,293.19950584367143,1.274,1.0150000015428002,1.0,3.5150033786783066,165.0000707061107,0.0645187583676343,6.860719126131899e-06,-0.0711191156910398,-0.0365802674837745,0.0048205848783342,0.2178806942672356,22.42830138903373,21.960317329137244,0.7454849988239967
14.29,31.22109641454728,131.0133711108254,58.506457543223775,0.1807358963239392,0.1357239325464289,-0.6933312044769112,0.2341771081245481,0.0939126059568875,0.0,21.93589069823243,6.632024222144271,-79.33747891317405,-17.513957096585916,107.53440511827174,293.07527579031995,1.274,1.0150000015428002,1.0,3.512862457277776,165.0000707061107,0.0645042626843039,6.826715607792978e-06,-0.0712395804248709,-0.0364544689543997,0.0048277771545952,0.2260229833161133,22.444039358509954,21.957210143764136,0.7378120727045568
14.3,31.221095989313667,131.01337160520552,58.290803181160896,0.1823754530906846,0.1469870914115395,-0.6873051140037332,0.2316738876685036,0.0844472214313336,0.0,21.931072283433664,6.615478989230244,-79.38268645631902,-17.473227589663065,107.49296728095888,292.9526097133872,1.274,1.0150000015428002,1.0,3.5107002425289995,165.0000707061107,0.0644899366795223,6.792857716488632e-06,-0.0713615785604968,-0.0363190131519885,0.0048350826992167,0.2342347923866409,22.459725367218216,21.954160936435557,0.7302002760685563
14.31,31.221095564617126,131.01337209776273,58.07516580660233,0.1837655317139525,0.1581922754229133,-0.681307738798727,0.2289636343701426,0.0749985558306654,0.0,21.92630871400157,6.599009607779019,-79.42793196625571,-17.432656635824745,107.45169685717713,292.83143114602626,1.274,1.0150000015428002,1.0,3.508538200901748,165.0000707061107,0.06447577203372,6.759150881632505e-06,-0.0714848800039641,-0.0361739106475655,0.0048424853044369,0.2424757324783357,22.475302157413367,21.95115746694741,0.722654387786931
14.32,31.221095140456622,131.0133725885056,57.859545146207786,0.1849063611858156,0.1693342077805586,-0.6753384818318656,0.226048197613564,0.0655712117023353,0.0,21.92159938150892,6.5826155746067,-79.47321463640746,-17.3922754790523,107.41062555806556,292.7117229863033,1.274,1.0150000015428002,1.0,3.5063763295842745,165.0000707061107,0.0644617669563913,6.725600503508384e-06,-0.0716092674532102,-0.0360192238167782,0.0048499701294119,0.2507276147232389,22.49076493481733,21.948198297945208,0.7151779054832598
14.33,31.22109471683112,131.01337307744262,57.643940918683775,0.185797321986121,0.1804113815988665,-0.6693968997948885,0.2229286010996184,0.056170002319181,0.0,21.916943828574446,6.56629633300972,-79.51853356707964,-17.352115542272664,107.3697852628572,292.59347218845903,1.274,1.0150000015428002,1.0,3.5042130758772045,165.0000707061107,0.0644479201012105,6.692211921623028e-06,-0.0717345241895759,-0.0358550193734276,0.0048575224179286,0.2589764417464206,22.506112536138588,21.94528273529819,0.7077742859159109
14.34,31.221094293739576,131.0133735645823,57.42835285963549,0.186422651725198,0.1914808973008525,-0.6634846460221298,0.2195915702983798,0.0468034495065639,0.0,21.912343910755297,6.550051320869214,-79.56388776606899,-17.312208421584025,107.329208012998,292.4767274709096,1.274,1.0150000015428002,1.0,3.502023614676932,165.0000707061107,0.0644342369231642,6.6589904123680405e-06,-0.071860433337574,-0.0356813650968199,0.0048651279281707,0.2672418562336081,22.521400099773253,21.94242160377987,0.7004447845040553
14.35,31.22109387118097,131.01337404993305,57.21278069770904,0.1868004445072038,0.2024704436619333,-0.657598545929394,0.2160543625928772,0.0374721377619999,0.0,21.90779635845678,6.5338797799446455,-79.60927614827702,-17.27258588930452,107.2889260152442,292.3614007341702,1.274,1.0150000015428002,1.0,3.4998343176267475,165.0000707061107,0.0644207078064875,6.62594118697414e-06,-0.0719867647805273,-0.0354982790635149,0.0048727703968535,0.2754787494092382,22.536558484621995,21.939600275183267,0.6931951358112102
14.36,31.22109344915429,131.0133745335031,56.99722417248473,0.1869314132696793,0.2133749430916583,-0.6517381162018085,0.212319179494849,0.0281805472046507,0.0,21.90330059320945,6.517781251300449,-79.65469751951325,-17.233280037025967,107.24897178708832,292.24747576747654,1.274,1.0150000015428002,1.0,3.4976451820169525,165.0000707061107,0.0644073310488512,6.593069424729016e-06,-0.0721133044124789,-0.0353058418094658,0.0048804352508593,0.2836759737169899,22.551583114965005,21.93681737341977,0.6860292627376777
14.37,31.22109302765852,131.01337501530082,56.78168302354247,0.1868164468149651,0.2241891560293811,-0.645902883673301,0.2083883552560382,0.018933111081522,0.0,21.89885603071037,6.5017552083498416,-79.70015059538538,-17.194323112235228,107.20937799060935,292.1349362256955,1.274,1.0150000015428002,1.0,3.495456205207032,165.0000707061107,0.0643941049307871,6.560380234759116e-06,-0.0722398390993781,-0.0351041380121954,0.0048881079915885,0.2918235500603715,22.5664692702738,21.9340714911301,0.6789511797169424
14.38,31.22109260669264,131.01337549533432,56.566156992449486,0.1864388565146843,0.2349757247251703,-0.6400947640748547,0.2042477543662074,0.0097385301984234,0.0,21.894464728620044,6.485801132067427,-79.74563400194147,-17.155747512387617,107.17017742646767,292.0238362602556,1.274,1.0150000015428002,1.0,3.4932404697831214,165.0000707061107,0.0643810355015885,6.5278786539531714e-06,-0.0723661568234306,-0.0348932566262471,0.0048957747963756,0.2999547358429267,22.581277453081125,21.93137452568382,0.6719622691268522
14.39,31.221092186255632,131.0133759736118,56.35064582673712,0.1858167234809199,0.2456645035842047,-0.6343108062370038,0.1999144514503498,0.0005973762726556,0.0,21.89012355855143,6.469918284911864,-79.79114627638118,-17.117585778392595,107.13140302730991,291.91409167693286,1.274,1.0150000015428002,1.0,3.491023530001748,165.0000707061107,0.0643681135608656,6.495569642853678e-06,-0.0724920315166756,-0.0346732321583129,0.0049034197439411,0.3080238488492737,22.59594061850506,21.9287123303007,0.6650686759020779
14.4,31.22109176634653,131.0133764501413,56.13514927592424,0.1849521432419967,0.256247159964062,-0.6285505004140726,0.1953917676315584,-0.0084862271328463,0.0,21.88583183317847,6.454106228195092,-79.83668584954542,-17.07987075292546,107.093088018647,291.80568344373097,1.274,1.0150000015428002,1.0,3.4888067431061103,165.0000707061107,0.064355337086271,6.4634581216919176e-06,-0.0726172530575901,-0.0344441595983937,0.0049110285447972,0.3160216356649259,22.61045109192705,21.92608290875698,0.6582747834148869
14.41,31.22109134696431,131.01337692493084,55.91966709151725,0.1838464800535462,0.2667186726314667,-0.6228134799292258,0.1906823723746267,-0.0175080081572925,0.0,21.881588995055875,6.438364469139264,-79.88225106421878,-17.042635418744005,107.05526575454732,291.69859601326925,1.274,1.0150000015428002,1.0,3.4865901065500595,165.0000707061107,0.0643427044373909,6.431548933524077e-06,-0.0727416134590579,-0.0342061408761789,0.0049185870913372,0.32394156017796,22.62480438962476,21.92348491486618,0.6515849355729487
14.42,31.22109092810797,131.01337739798836,55.7041990339689,0.1824840567160729,0.2771397789800984,-0.6171016401160976,0.1857730020992058,-0.0264595715690606,0.0,21.8773970084088,6.422692518586282,-79.92784017674919,-17.005912884088087,107.01796970284846,291.5928810772852,1.274,1.0150000015428002,1.0,3.4843475669958424,165.0000707061107,0.0643302213887713,6.399846840437046e-06,-0.0728649062293117,-0.0339592819901545,0.0049260819530092,0.3318231883739189,22.63905922793589,21.920929853338087,0.6450008926122097
14.43,31.221090509776506,131.0133778693218,55.48874485776685,0.1808820771762984,0.2874457834921855,-0.6114123698961746,0.1806798076126067,-0.0353401999017838,0.0,21.87325300817861,6.40708967566603,-79.97345135780024,-16.969736375749463,106.98123343817248,291.4884615881508,1.274,1.0150000015428002,1.0,3.482102593337983,165.0000707061107,0.0643178795144908,6.368356519711496e-06,-0.0729869116877925,-0.0337036361971304,0.0049334977301799,0.3396220396177611,22.65315381001823,21.91840469686018,0.6385289411374266
14.44,31.22109009196896,131.0133783389389,55.27330432932717,0.179043918113299,0.2976254700971799,-0.6057451460006404,0.1754071319443423,-0.0441461350919583,0.0,21.86915621362757,6.39155551876703,-80.01908267554454,-16.934139394743724,106.9450908000614,291.38531610154024,1.274,1.0150000015428002,1.0,3.479857764342945,165.0000707061107,0.0643056765176018,6.33708259859374e-06,-0.0731074252925308,-0.0334393124323742,0.0049408205217895,0.3473288884202968,22.66707771625765,21.91590690289792,0.6321738092359052
14.45,31.221089674684308,131.01337880684747,55.05787721108906,0.1769714029129451,0.3076740711446865,-0.600099703258869,0.1699579590289484,-0.0528732950374171,0.0,21.865106092893743,6.376089588235216,-80.06473211252046,-16.89915556411419,106.90957573842798,291.2834298260908,1.274,1.0150000015428002,1.0,3.477613077538164,165.0000707061107,0.0642936108329911,6.3060296205183695e-06,-0.073226245707545,-0.0331664290434391,0.0049480367065253,0.3549393053253376,22.68082673172435,21.91343519070292,0.6259400506572351
14.46,31.22108925792159,131.01337927305528,54.84246327344402,0.1746487070052685,0.3176548278765187,-0.5944780614792605,0.1643188089886815,-0.0615133402687958,0.0,21.86110468370549,6.360691424435558,-80.11039756812977,-16.864818605997502,106.87472229034124,291.1828564398083,1.274,1.0150000015428002,1.0,3.475341608868057,165.0000707061107,0.0642816884513399,6.275202039796801e-06,-0.0733431734560359,-0.0328851082119194,0.0049551333778757,0.36250027312104,22.69446202423952,21.911001531770587,0.6198295956136839
14.47,31.221088841679784,131.0133797375699,54.62706228976505,0.1720944293770049,0.3274997549549215,-0.5888776272514248,0.1585069434088138,-0.0700659701441717,0.0,21.857149044199943,6.345360348214425,-80.15607685943526,-16.83116233410129,106.84056457247485,291.0835169618017,1.274,1.0150000015428002,1.0,3.473068206390056,165.0000707061107,0.0642699007210259,6.244604217939926e-06,-0.0734579957329981,-0.0325954172758527,0.0049620956086354,0.3699625110378829,22.707918642041548,21.908592305283484,0.6138489644516124
14.48,31.221088425957955,131.01338020039893,54.41167402845444,0.1693120567344952,0.337199201895967,-0.5832980270320882,0.15252671238718,-0.0785275612904878,0.0,21.853238470734752,6.330095974152799,-80.20176770388684,-16.798220817504113,106.80713694743432,290.98539207516126,1.274,1.0150000015428002,1.0,3.470794940617305,165.0000707061107,0.0642582455718738,6.214240459771132e-06,-0.0735705160229986,-0.0322974820092696,0.004968910083942,0.3773188881425532,22.721187691222426,21.90620529174729,0.6080029310894804
14.49,31.22108801075508,131.01338066154992,54.19629827580744,0.166303718694661,0.3467491977573994,-0.5777391077805343,0.1463812674314022,-0.0868942156862352,0.0,21.849372474632894,6.31489787035901,-80.24746773709398,-16.76602821615193,106.77447385683269,290.888468205838,1.274,1.0150000015428002,1.0,3.4685216019920087,165.0000707061107,0.0642467215658275,6.184114977923938e-06,-0.0736805410774014,-0.0319914362265482,0.0049755637640269,0.384566763183276,22.734265745037405,21.903839378765905,0.6022960707439469
14.5,31.22108759607018,131.01338112103036,53.98093480817786,0.16305265964574,0.3562184360208159,-0.5722030987669257,0.1400561710059637,-0.0951574882731808,0.0,21.845553272418616,6.299765604536421,-80.29317451502142,-16.734618760091813,106.74260980032156,290.7928038147363,1.274,1.0150000015428002,1.0,3.4662192404659,165.0000707061107,0.0642353352193002,6.1542318883825005e-06,-0.0737878797383221,-0.0316774168769835,0.004982044372706,0.3917619193193783,22.747219259612766,21.90150757303029,0.5967303116566012
14.51,31.22108718190228,131.01338157884769,53.765583404901456,0.1595807968014989,0.3655282461515115,-0.5666871685935255,0.1335715110068183,-0.1033179749757404,0.0,21.84177757031044,6.284698507844789,-80.33888551470035,-16.70402674246569,106.71157932859992,290.69831065756733,1.274,1.0150000015428002,1.0,3.463917010261637,165.0000707061107,0.064224076846012,6.1245952071732655e-06,-0.0738923267059479,-0.0313555014297529,0.0049883374293369,0.3988440596893519,22.75997300846893,21.89919422346977,0.5913123536290098
14.52,31.221086768250387,131.0133820350092,53.55024386121878,0.1558906576797305,0.3746745765125119,-0.5611912309229741,0.1269307242499055,-0.111371978901968,0.0,21.83804488941388,6.269696247702979,-80.38459811572145,-16.674286699097465,106.68141722569368,290.6049754673404,1.274,1.0150000015428002,1.0,3.4616149090487114,165.0000707061107,0.0642129450367237,6.095208889567287e-06,-0.0739936957727492,-0.0310258349212785,0.0049944303875396,0.4058110262568366,22.77252349756209,21.896898214812065,0.5860466910647895
14.53,31.22108635511353,131.01338248952223,53.334915957458406,0.1519820860567371,0.3836640976413001,-0.5557155517621719,0.1201347218117126,-0.1193151889288132,0.0,21.834355143538502,6.254758414960881,-80.43030962089662,-16.645433212040597,106.65215830974624,290.51279544176504,1.274,1.0150000015428002,1.0,3.459308632971392,165.0000707061107,0.0642019395369156,6.066076788815343e-06,-0.0740918031397471,-0.0306885655850196,0.0050003109579614,0.4126697821025656,22.78487755492811,21.89462050869165,0.5809373805878144
14.54,31.221085942490728,131.01338294239406,53.11959949283664,0.1478439056638597,0.3925460218487578,-0.5502617233138671,0.1131739624536237,-0.1271406120519314,0.0,21.83070980133313,6.239884571278348,-80.4760172571002,-16.617500901032443,106.62383742449276,290.4218091554861,1.274,1.0150000015428002,1.0,3.456977048250665,165.0000707061107,0.0641910646639309,6.037202654432789e-06,-0.0741864651048329,-0.0303438356194142,0.0050059672190344,0.4194637740185576,22.79708294548963,21.892370303869605,0.5759870182171998
14.55,31.221085530380968,131.01338339363187,52.90429425662778,0.1434959793450545,0.4012514708324068,-0.5448273944363698,0.1060666512398879,-0.1348485444910513,0.0,21.827105983146623,6.225074118999712,-80.52171817331086,-16.590524442461003,106.5964894586394,290.33193948996285,1.274,1.0150000015428002,1.0,3.4546455873638986,165.0000707061107,0.0641803119493517,6.008590135125534e-06,-0.0742774886008746,-0.0299917445878776,0.0050113856252583,0.4261378911889587,22.809073846815256,21.89013390160141,0.5712015005100414
14.56,31.22108511878332,131.0133838432428,52.68900005102948,0.1389412429855763,0.409776693706773,-0.5394125609797096,0.0988164819063726,-0.1424355505127311,0.0,21.823543230281786,6.21032674321099,-80.56740942748233,-16.564538700271477,106.57014947871438,290.2431737724886,1.274,1.0150000015428002,1.0,3.452314248085719,165.0000707061107,0.0641696800433895,5.980242807276889e-06,-0.0743646978375367,-0.0296324510994869,0.005016554354534,0.4326907424005697,22.820847069099283,21.887910254073155,0.5665849398712484
14.57,31.22108470769676,131.0133842912339,52.47371667426205,0.1341759847074279,0.4181437632270287,-0.5340180357415512,0.0914209572016475,-0.1498966294188093,0.0,21.820022019185544,6.195642062823354,-80.61308800467644,-16.53957854909046,106.54485254985453,290.15552421401554,1.274,1.0150000015428002,1.0,3.449972774223316,165.0000707061107,0.0641591703459469,5.95216413897263e-06,-0.0744479197517183,-0.0292661166951437,0.005021461987322,0.4391435778609424,22.832424280609523,21.88570330487949,0.562140599337968
14.58,31.22108429712029,131.01338473761228,52.258443926533765,0.1291970694125146,0.4263729779623965,-0.5286444837553186,0.0838776008266566,-0.1572268383409492,0.0,21.816542746602945,6.181019616923662,-80.65875081798018,-16.515678864401092,106.52063372602191,290.06900090491195,1.274,1.0150000015428002,1.0,3.447611559013872,165.0000707061107,0.0641487840225666,5.9243574880958735e-06,-0.0745269782986584,-0.0288928836406725,0.0050260968887,0.4455171051276944,22.843825460078797,21.88351663921957,0.5578715988648769
14.59,31.221083887052952,131.01338518238487,52.04318161699939,0.1240210271219383,0.4344100390000604,-0.5232901794355713,0.0762016486501246,-0.1644259182766167,0.0,21.81310310951019,6.166458899542682,-80.70439470266217,-16.49287458091511,106.4975281093398,289.98354215453,1.274,1.0150000015428002,1.0,3.445250460420828,165.0000707061107,0.0641385143004706,5.896826114191011e-06,-0.0746016949469341,-0.0285128764872138,0.0050304466372775,0.4517665353054949,22.85499879417229,21.881339425103597,0.553782615971121
14.6,31.22108347749376,131.01338562555867,51.82792955381886,0.1186511785973578,0.4422515080315975,-0.5179551932208916,0.0683970277446011,-0.1714907170503631,0.0,21.80970266766713,6.151959607349968,-80.75001641087563,-16.47120074764225,106.47557090604522,289.89913583274574,1.274,1.0150000015428002,1.0,3.4428894763146016,165.0000707061107,0.0641283598841992,5.8695731911541205e-06,-0.0746719055350672,-0.0281262662158123,0.0050345002117425,0.4578910557661123,22.86594140365101,21.87917068228981,0.5498770786487054
14.61,31.221083068441708,131.01338606714043,51.61268754515197,0.1130789540034172,0.4499397215171453,-0.5126410054951974,0.0604566412925221,-0.1784152591425347,0.0,21.806342616827408,6.1375213865843525,-80.79561262604793,-16.45069238366857,106.45479728050678,289.815813307201,1.274,1.0150000015428002,1.0,3.440510495950841,165.0000707061107,0.0641183242887113,5.842601779069151e-06,-0.0747374489273299,-0.0277332264671915,0.0050382471751031,0.4639313957767904,22.876694487362087,21.877018256595857,0.5461573131309307
14.62,31.22108265989578,131.0133865071371,51.39745540810473,0.1073117877839789,0.457456386367966,-0.5073470743899501,0.0523872955358872,-0.1851972627475681,0.0,21.80302196311148,6.123143736685629,-80.84117996388498,-16.43138446676117,106.43524234389068,289.73354773982805,1.274,1.0150000015428002,1.0,3.438119238796257,165.0000707061107,0.0641084045906509,5.815914822025565e-06,-0.0747981568179158,-0.0273338942222822,0.0050416761041351,0.4698743667489427,22.887240890019072,21.874878280815807,0.5426264910182673
14.63,31.221082251855023,131.01338694555548,51.182232958788816,0.1013615613883787,0.4647666895641625,-0.5020724395004486,0.0442001451660013,-0.1918356487876491,0.0,21.79973913998694,6.108826264382345,-80.88671496140854,-16.413312045644798,106.41694126809747,289.6522970944288,1.274,1.0150000015428002,1.0,3.4357280912875026,165.0000707061107,0.0640985961829013,5.78951517165344e-06,-0.0748538674469635,-0.0269284219292811,0.0050447758859574,0.4756910935771269,22.897547534932336,21.87274372024445,0.5392877742767821
14.64,31.221081844318423,131.01338738240216,50.96702001132707,0.0952319546326578,0.4718675139649657,-0.4968172379946525,0.0358993259293327,-0.1983275689499231,0.0,21.796493723994825,6.094568671583819,-80.93221408199646,-16.39651018981082,106.39992923509536,289.572049733629,1.274,1.0150000015428002,1.0,3.433337051368404,165.0000707061107,0.0640888978194091,5.763405578825378e-06,-0.074904429396944,-0.0265169916658516,0.0050475363703809,0.4813812115953591,22.90761185624168,21.870613661881244,0.5361435947359645
14.65,31.221081437284983,131.0133878176839,50.75181639276538,0.0889082004347312,0.4788264402328932,-0.4915837334304595,0.0274719227644003,-0.204665777662489,0.0,21.793287784411767,6.080370631019504,-80.97767372478881,-16.381013892136746,106.38424133850508,289.4928602558952,1.274,1.0150000015428002,1.0,3.4309182066195407,165.0000707061107,0.0640793155835809,5.737588675888949e-06,-0.0749496945527183,-0.0260997878928317,0.0050499482087681,0.4870105172847789,22.91749939753715,21.868500790260644,0.5331954182661304
14.66,31.221081030753687,131.0133882514074,50.53662191921396,0.0824108983870454,0.4855766577066222,-0.4863699069537313,0.0189362920950443,-0.2108512781490291,0.0,21.790118623129,6.066231584838508,-81.02309022580077,-16.366858055607377,106.3699125704006,289.4146565971304,1.274,1.0150000015428002,1.0,3.4284964917653684,165.0000707061107,0.0640698415411461,5.712066974119497e-06,-0.0749895023012902,-0.0256769367909766,0.0050520001076792,0.4925201357123821,22.92714626362914,21.866391913107933,0.5304455966878878
14.67,31.22108062472355,131.0133886835791,50.321436425670704,0.0757459283820538,0.4921078659759151,-0.4811756977220047,0.0102983696670962,-0.2168818968252517,0.0,21.7869855674197,6.052151274002272,-81.06845984056977,-16.35407767518192,106.35697800567344,289.33742052936446,1.274,1.0150000015428002,1.0,3.4260748798724547,165.0000707061107,0.0640604737131633,5.6868429016996365e-06,-0.0750237098165292,-0.0252486216416795,0.0050536824418815,0.497903059177666,22.936542967045803,21.86428473985408,0.5278956958212269
14.68,31.221080219193563,131.0133891142057,50.106259734209615,0.0689116947688737,0.4984386259904434,-0.4760019307658072,0.0015573090223512,-0.2227537542366803,0.0,21.78388895416669,6.038129399057727,-81.11377876210491,-16.342707650518978,106.34547261263444,289.26116065082954,1.274,1.0150000015428002,1.0,3.4236449427952738,165.0000707061107,0.0640512130892659,5.661918769138527e-06,-0.0750521794365399,-0.0248150342788207,0.0050549861689662,0.503179655549063,22.94570783309903,21.86218252290578,0.5255468564559233
14.69,31.221079814162696,131.01338954329356,49.891091677839526,0.0619027299527683,0.5046026053411264,-0.4708497962868147,-0.0072917283979525,-0.2284619949692137,0.0,21.78082963247448,6.024165586663584,-81.1590431240395,-16.332782750804263,106.33543121767808,289.18589916156213,1.274,1.0150000015428002,1.0,3.421192251785941,165.0000707061107,0.0640420621651675,5.637296764055808e-06,-0.0750747722578781,-0.0243763503339209,0.0050559022826176,0.5083853245523215,22.954673762804298,21.86009139973332,0.5234000220784075
14.7,31.221079409629944,131.01338997084915,49.67593209056296,0.0547385203998078,0.5105388193936161,-0.4657175895626841,-0.0162313154345725,-0.2340076696000575,0.0,21.777805150415407,6.010259371243388,-81.20424899628814,-16.32433765932218,106.32688855066756,289.1115706100514,1.274,1.0150000015428002,1.0,3.4187396592178514,165.0000707061107,0.0640330137305702,5.6129789609171726e-06,-0.0750913448216878,-0.0239327163149881,0.0050564207040804,0.5134648112797031,22.963382428657223,21.857999339408217,0.5214555764976179
14.71,31.221079005594305,131.0133903968789,49.46078080737615,0.0474232476663981,0.516244945799636,-0.4606055605940951,-0.0252570612175856,-0.2393884919202561,0.0,21.77481512177888,5.99641052957876,-81.24939237682212,-16.317407061707808,106.31987933449166,289.0381644204743,1.274,1.0150000015428002,1.0,3.4162871631625604,165.0000707061107,0.0640240666490403,5.5889673408305055e-06,-0.0751017704598778,-0.0234843307697697,0.0050565329648857,0.5184185062512352,22.971832020423047,21.855905591029547,0.5197136246582381
14.72,31.22107860205476,131.01339082138915,49.24563766426896,0.0399466400566709,0.5217740221627478,-0.4555155590845552,-0.0343779019629425,-0.2445987566264843,0.0,21.771861063113327,5.982618778407232,-81.29446920826787,-16.312025467521607,106.31443810476732,288.96572053479224,1.274,1.0150000015428002,1.0,3.4138128999484665,165.0000707061107,0.0640152253787828,5.5652637599285084e-06,-0.0751059261837749,-0.0230313939518164,0.0050562312861823,0.5233008887275521,22.980074115788064,21.853820002015453,0.5181745038640079
14.73,31.221078199010247,131.01339124438618,49.03050250617795,0.0323212054968555,0.5270927227488645,-0.4504467404143137,-0.0435828862600949,-0.2496380470525281,0.0,21.76894149516893,5.968883654299126,-81.33947537919597,-16.308227193516597,106.3105991932206,288.8941993665728,1.274,1.0150000015428002,1.0,3.4113289130368094,165.0000707061107,0.0640064855695241,5.541869947652658e-06,-0.0751036803190543,-0.0225740604022153,0.0050555066085532,0.5280827295310851,22.98807703084954,21.851735858608404,0.5168373907341077
14.74,31.22107779645979,131.01339166587627,48.8153751700864,0.0245579196208926,0.5321739157858482,-0.445398578292437,-0.0528619301473242,-0.2545058011676501,0.0,21.76605517345397,5.955204865663821,-81.38440671100612,-16.30604650490371,106.3083968708897,288.8235675820505,1.274,1.0150000015428002,1.0,3.4088450183130283,165.0000707061107,0.0639978435612773,5.518787536174868e-06,-0.075094911987019,-0.022112512979095,0.0050543506536351,0.5327402281750666,22.99581502775934,21.84964765472873,0.5157009598903343
14.75,31.22107739440233,131.01339208586566,48.600255505900414,0.0166577107284611,0.5370290369364715,-0.4403717482791713,-0.0622137494902106,-0.2591992296211705,0.0,21.76320218152998,5.941582175562881,-81.42925896745977,-16.30551751137175,106.30786524321285,288.75382710725086,1.274,1.0150000015428002,1.0,3.406355918628538,165.0000707061107,0.0639892995989102,5.496018043957207e-06,-0.0750795097797001,-0.0216469575171457,0.0050527560884826,0.5372873139333031,23.00329955890866,21.84755727025424,0.5147640896025021
14.76,31.22107699283683,131.01339250436047,48.3851433585556,0.0086108054952018,0.5417105356693183,-0.4353680350383835,-0.0716471658791551,-0.2637129699887889,0.0,21.760383985908245,5.928015279281617,-81.47402786264065,-16.30667407746949,106.30903815970468,288.685016565284,1.274,1.0150000015428002,1.0,3.403840118799653,165.0000707061107,0.0639808579934959,5.473562861807842e-06,-0.0750573631599247,-0.021177589786142,0.005050715958977,0.541778966200833,23.010581662647752,21.845474410150008,0.5140264320557905
14.77,31.22107659176225,131.01339292136697,48.17003857795745,0.0004398126723901,0.5461480179863974,-0.4303855607483821,-0.0811423134823729,-0.2680492692705994,0.0,21.757597865836694,5.914503709741196,-81.5187090589009,-16.309549842242426,106.3119492341544,288.6170634774176,1.274,1.0150000015428002,1.0,3.4013244068785093,165.0000707061107,0.0639725107445184,5.451423258479981e-06,-0.0750283533134551,-0.0207045604109953,0.0050482217811581,0.5461481950718096,23.017593850446712,21.84338529676104,0.5134843879754021
14.78,31.22107619117758,131.01339333689108,47.95494101599928,-0.007850678459507,0.5503399497955439,-0.4254246621682236,-0.0906946266948158,-0.2722064465275791,0.0,21.754843466950863,5.901047296536057,-81.56329815415657,-16.31417835918653,106.31663198645217,288.54995817384344,1.274,1.0150000015428002,1.0,3.3988087810857026,165.0000707061107,0.0639642568092696,5.4296004104818085e-06,-0.0749923808212859,-0.0202280800408559,0.0050452669249147,0.5503959407533653,23.024335045371657,21.841289334839693,0.5131354675165526
14.79,31.221075791081745,131.01339375093897,47.739850523580046,-0.0162710198299054,0.554341888775091,-0.4204872630651492,-0.1003132759824627,-0.2761792961624062,0.0,21.75212234958268,5.887645797069356,-81.60779070135082,-16.320592878444547,106.32311962268372,288.48374177912933,1.274,1.0150000015428002,1.0,3.396270706874287,165.0000707061107,0.0639561007746855,5.408095365521862e-06,-0.0749493502432893,-0.0197483603668506,0.0050418454705024,0.5545806230624598,23.030859290628342,21.839196811366666,0.5129788449508574
14.8,31.22107539147368,131.0133941635166,47.5247669625336,-0.0248079455551708,0.5581198920905027,-0.415572587152859,-0.1099868633361655,-0.2799680972332849,0.0,21.749433043461423,5.8742987817807935,-81.6521822099835,-16.328826325660227,106.33144501412656,288.41837502688594,1.274,1.0150000015428002,1.0,3.393722754152249,165.0000707061107,0.0639480383170343,5.386909041216812e-06,-0.0748991573502847,-0.0192655653007056,0.0050379502026228,0.5586709484522001,23.037134242390117,21.837100924653413,0.513010546448974
14.81,31.22107499235237,131.01339457462993,47.3096901857464,-0.0334500018153963,0.5616472085732503,-0.4106801979109554,-0.1197050846181775,-0.2835729312754188,0.0,21.746774341054408,5.861005999372035,-81.69646813279233,-16.338911449565988,106.34164084678744,288.3538256383048,1.274,1.0150000015428002,1.0,3.391174883519535,165.0000707061107,0.0639400658851275,5.366042255753146e-06,-0.0748417093003106,-0.0187798875672851,0.0050335747321709,0.5626423852503406,23.04313446847021,21.834996265370396,0.5132262070391183
14.82,31.22107459371676,131.01339498428493,47.09462005505158,-0.0421984156642817,0.5649455546922806,-0.4058110904178062,-0.1294688144952412,-0.2869910303792112,0.0,21.744146660262395,5.84776725251275,-81.74064387589173,-16.350880706187382,106.3537395046959,288.29010445171707,1.274,1.0150000015428002,1.0,3.388618059818732,165.0000707061107,0.0639321847069218,5.345495711107162e-06,-0.0747769230771021,-0.0182915425206803,0.005028713705951,0.5665193097702185,23.04888133171467,21.832886662536467,0.5136230782889467
14.83,31.221074195565745,131.01339539248747,46.87955643228186,-0.0510581892971345,0.5680512380025386,-0.4009665683372763,-0.1392828367554436,-0.2902186845744919,0.0,21.74155088774902,5.8345822429308765,-81.78470480710466,-16.36476616070813,106.36777297110709,288.22723473329194,1.274,1.0150000015428002,1.0,3.386037437585628,165.0000707061107,0.0639243973886142,5.325269979122955e-06,-0.0747047146514524,-0.0178007266956051,0.0050233618086969,0.57034118058739,23.05441030654772,21.83077870577172,0.5141991660971102
14.84,31.22107379789828,131.0133957992434,46.66449918125795,-0.0600083282254973,0.5709020690873488,-0.3961451210549378,-0.1491288579483851,-0.2932583396631997,0.0,21.73898463632047,5.8214505767168365,-81.82864625169766,-16.38059953228239,106.3837728741791,288.16515294898755,1.274,1.0150000015428002,1.0,3.383456893447604,165.0000707061107,0.0639166969106236,5.305365512884788e-06,-0.0746249957575983,-0.0173076053697113,0.0050175126817925,0.5740470823636462,23.059661707543707,21.828660239723813,0.514947402159325
14.85,31.221073400713312,131.01339620455855,46.449448171764814,-0.0690439361658083,0.5734972752336412,-0.3913471464750671,-0.1590022192315722,-0.2961089502123328,0.0,21.736447578358355,5.808372112680049,-81.87246348436157,-16.39841228410932,106.4017705783472,288.10385018967867,1.274,1.0150000015428002,1.0,3.3808764257833546,165.0000707061107,0.0639090823089609,5.285782667704539e-06,-0.0745376960844033,-0.0168123967504058,0.005011161648954,0.5776383216330907,23.064635151411476,21.826530815461226,0.5158631651616467
14.86,31.221073004009742,131.0133966084387,46.23440326961076,-0.0781802744150429,0.5759128532124184,-0.3865751024736416,-0.1689167303524168,-0.2987647007531398,0.0,21.733941901651068,5.795346645112746,-81.91615174703689,-16.418235415508168,106.42179697463858,288.0433842266985,1.274,1.0150000015428002,1.0,3.3782657858128013,165.0000707061107,0.0639015600153828,5.266521668933413e-06,-0.0744427495168056,-0.0163153194528141,0.0050043048932172,0.5811949448816569,23.069404465206944,21.82440455776789,0.5169463396345608
14.87,31.221072607786496,131.01339701088955,46.01936434557425,-0.0873939814344232,0.5780783692952551,-0.3818272314877415,-0.1788523272446108,-0.3012287766567263,0.0,21.73146496181592,5.7823737140441045,-81.95970625075496,-16.44009943554105,106.44388245445894,287.98368474175373,1.274,1.0150000015428002,1.0,3.375652134384042,165.0000707061107,0.063894122254196,5.247582610709289e-06,-0.0743400769290509,-0.0158165269503479,0.0049969366067941,0.58464694463835,23.07390195050145,21.82226775915523,0.518188156515097
14.88,31.221072212042525,131.01339741191688,45.80433127043339,-0.0966779981540452,0.5799855296360679,-0.3771037144460653,-0.1888025935077686,-0.3035008692432976,0.0,21.72901618357138,5.7694531853150925,-82.00312215744354,-16.464034571952155,106.4680571210291,287.92473627992115,1.274,1.0150000015428002,1.0,3.373038555614388,165.0000707061107,0.0638867673332713,5.228965497985006e-06,-0.074229619149236,-0.0153162326741797,0.004989052799163,0.58798769601768,23.0781199329506,21.820118541658527,0.519582917728938
14.89,31.221071816776707,131.0133978115263,45.589303922919136,-0.1060406407085184,0.5816846027430248,-0.3724063099530299,-0.1987750462087733,-0.3055770932399495,0.0,21.726596894617906,5.756584876770681,-82.04639460014593,-16.490070532823403,106.49435054905376,287.8665738218048,1.274,1.0150000015428002,1.0,3.370405077942144,165.0000707061107,0.0638794991555557,5.210670210136398e-06,-0.0741113230302611,-0.0148146568983881,0.0049806503191065,0.5912708416808128,23.08210737249281,21.817966128770752,0.5211289078540059
14.9,31.22107142198795,131.01339820972348,45.37428217679111,-0.1154725682994784,0.5831590335687324,-0.3677348172785733,-0.2087620347089667,-0.3074576476603434,0.0,21.7242062301584,5.7437684306362655,-82.08951868707602,-16.518236454001446,106.52279173207918,287.8091742445305,1.274,1.0150000015428002,1.0,3.367757880134067,165.0000707061107,0.063872315177697,5.192696496250784e-06,-0.0739851283271704,-0.0143119767597065,0.0049717250318455,0.5944812125105914,23.08584861698596,21.815807055397983,0.5228199384870142
14.91,31.221071027675183,131.01339860651396,45.159265909785695,-0.1249593945049877,0.5843733287921054,-0.3630886082138162,-0.2187510315633263,-0.3091441124520756,0.0,21.721842726089367,5.731003604965233,-82.13248949037322,-16.54856102775175,106.55340921283286,287.75249855815514,1.274,1.0150000015428002,1.0,3.3651107512827703,165.0000707061107,0.0638652110943267,5.175044002521499e-06,-0.0738509827623138,-0.0138083833303249,0.0049622731996035,0.597583882172785,23.08930966460882,21.81363428247642,0.5246479138321691
14.92,31.221070633837304,131.0133990019034,44.94425500262077,-0.134503492266618,0.585355769181748,-0.3584688579508879,-0.2287441849572627,-0.3106342973435111,0.0,21.719506988059543,5.718290262664845,-82.17530205245642,-16.58107242504285,106.58623100517008,287.69656262105497,1.274,1.0150000015428002,1.0,3.362452542630412,165.0000707061107,0.0638581886854605,5.157712264759527e-06,-0.0737088463193384,-0.0133040977574992,0.0049522923799153,0.6006096373864321,23.09251819774945,21.8114528577821,0.526609429234298
14.93,31.2210702404732,131.01339939589724,44.7292493380025,-0.1441076327816635,0.5861363021447137,-0.3538766724965117,-0.2387445538918818,-0.311925864154478,0.0,21.71719965733265,5.70562813501882,-82.21795139745485,-16.61579815542301,106.62128445306496,287.64138323196727,1.274,1.0150000015428002,1.0,3.359771353986638,165.0000707061107,0.0638512498358156,5.140700689761565e-06,-0.0735586769390667,-0.0127993168382587,0.0049417799969867,0.603590962547199,23.09550353055236,21.80926812647938,0.5287016229204852
14.94,31.22106984758176,131.01339978850106,44.514248799630735,-0.1537510954110967,0.5866559418677149,-0.3493107419117042,-0.2487343469998088,-0.3130220656965767,0.0,21.71491851886328,5.69301688788179,-82.26043252597425,-16.652765124840148,106.65859628944033,287.5869015305362,1.274,1.0150000015428002,1.0,3.357090230758567,165.0000707061107,0.0638443880322016,5.124008570232449e-06,-0.0734004301805125,-0.012294211632769,0.0049307326620591,0.6064682739881151,23.09820888790961,21.80706860855193,0.5309139133656967
14.95,31.22106945516189,131.01340017972024,44.29925327219912,-0.1634313188658159,0.5869247406786474,-0.3447717670398726,-0.2587112715403977,-0.3139221685018704,0.0,21.71266358985372,5.680456424261781,-82.30274040946706,-16.691999700301054,106.6981927018634,287.5331178000708,1.274,1.0150000015428002,1.0,3.3544053571931007,165.0000707061107,0.0638376033245565,5.107635102188414e-06,-0.0732340792498968,-0.0117890033171507,0.0049191486787472,0.6092532420403493,23.10064428923019,21.80485590014657,0.533241241134594
14.96,31.221069063212468,131.01340056956033,44.084262647359935,-0.1731612244320454,0.5870115806530742,-0.3402619158583913,-0.2686873516696862,-0.3146217570303124,0.0,21.71043674603809,5.667946551074908,-82.34487000811453,-16.73352749126701,106.74009911237752,287.480081546324,1.274,1.0150000015428002,1.0,3.351689727952844,165.0000707061107,0.0638309012270817,5.09157935428656e-06,-0.0730595995031158,-0.0112839042779928,0.0049070269117602,0.612018264704788,23.102876739256452,21.80264269640643,0.5356845287365816
14.97,31.221068671732365,131.01340095802664,43.86927681278881,-0.18291477740558,0.5868377854479863,-0.3357793216664033,-0.2786403987417007,-0.3151255344003451,0.0,21.708235158357542,5.655486858019418,-82.38681627064457,-16.777373346726748,106.78434017504064,287.42771767354026,1.274,1.0150000015428002,1.0,3.3489741605702714,165.0000707061107,0.0638242734213973,5.0758402724391545e-06,-0.0728769552456071,-0.0107790679923792,0.0048943644153095,0.6146830339809397,23.104830341503973,21.800413810471237,0.5382307377889031
14.98,31.22106828072049,131.01340134512455,43.654295657155,-0.1926868558045961,0.5864041025006989,-0.3313244469287014,-0.2885658465892075,-0.315433656897592,0.0,21.70605854817145,5.643077283102997,-82.42857411865263,-16.823561542440622,106.83093996531164,287.37601864512044,1.274,1.0150000015428002,1.0,3.346258653725908,165.0000707061107,0.0638177190876515,5.060416718006193e-06,-0.0726861329435107,-0.0102747148287174,0.0048811603084772,0.617249300883446,23.106506077335887,21.798169081097576,0.5408738566931699
14.99,31.221067890175703,131.01340173085947,43.43931907708056,-0.2024944885858843,0.5857953269749124,-0.3268998760121093,-0.2984793255260121,-0.3155410452832242,0.0,21.70390927414632,5.630717677906828,-82.47013846997973,-16.872115493794954,106.87992169079652,287.32504675632754,1.274,1.0150000015428002,1.0,3.3435101217354366,165.0000707061107,0.0638112451599018,5.0453074269281154e-06,-0.0724871233807576,-0.0097710643072183,0.0048674145888785,0.6198054164551563,23.107986381083293,21.7959241858396,0.5436171336166892
15.0,31.22106750009686,131.01340211523663,43.224346963222494,-0.2123114172134723,0.5849323113621379,-0.3225037331265753,-0.3083586285967117,-0.3154527020440314,0.0,21.70178451386119,5.618407612691414,-82.51150424125389,-16.9230577196739,106.93130765531367,287.2747271173684,1.274,1.0150000015428002,1.0,3.3407596550428846,165.0000707061107,0.0638048433393604,5.030511009168287e-06,-0.0722799027786621,-0.0092682635193225,0.0048531251081122,0.6222703437760576,23.10919483103909,21.793663870453766,0.5464468033921532
15.01,31.22106711048288,131.0134024982614,43.0093792151848,-0.2221311780327442,0.5838110330785587,-0.3181363391411678,-0.3181981205503903,-0.3151693577128577,0.0,21.69968383726721,5.606147026350564,-82.55266632819209,-16.976410081211423,106.9851195001994,287.2250481964785,1.274,1.0150000015428002,1.0,3.3380092455157166,165.0000707061107,0.0637985123610545,5.01602599521206e-06,-0.0720644696916224,-0.0087665268261719,0.0048382917544129,0.6246405966171158,23.11012776018405,21.79138707303965,0.5493564400688138
15.02,31.22106672133257,131.01340287993898,42.79441573356516,-0.2319682821714152,0.5825069998870804,-0.3138000163677728,-0.3280111783220228,-0.3146868172628489,0.0,21.697609288339205,5.593935787331084,-82.59361962943203,-17.032193486698986,107.04137790712856,287.1760639566064,1.274,1.0150000015428002,1.0,3.335229601862103,165.0000707061107,0.0637922582338042,5.001850795033798e-06,-0.0718408281219928,-0.0082660718170409,0.0048229153291591,0.6269942861842138,23.110858619059854,21.789107697666648,0.5523491435094636
15.03,31.221066332644813,131.0134032602746,42.57945641498455,-0.2418018995138461,0.5809619152659184,-0.3094934658500316,-0.3377804270566028,-0.3140091034262667,0.0,21.695558719865147,5.581773509021256,-82.63435905060543,-17.090427837000625,107.10010254358306,287.1277174113214,1.274,1.0150000015428002,1.0,3.332443775102804,165.0000707061107,0.0637860746440582,4.987983695199615e-06,-0.0716089696460448,-0.0077670516079069,0.0048069948613953,0.6292717233512194,23.111331129813838,21.786814440377427,0.5554129448806298
15.04,31.221065944418488,131.0134036392735,42.36450116401674,-0.2516227051956319,0.5791611451955364,-0.3052166994574469,-0.3474978856542442,-0.3131378594193757,0.0,21.693531369504832,5.569660093083079,-82.67487948728568,-17.151132234385138,107.16131227393184,287.079988246177,1.274,1.0150000015428002,1.0,3.329658002288981,165.0000707061107,0.0637799593499188,4.9744229000508176e-06,-0.0713689035291753,-0.0072696688026788,0.0047905308758678,0.631458202451439,23.11153130879052,21.78450424021189,0.5585403594760332
15.05,31.22106555665244,131.0134040169408,42.14954988125881,-0.2614437951016099,0.577175003362109,-0.3009718831908064,-0.3571756798480457,-0.3120695111250158,0.0,21.69152909904616,5.5575954306106095,-82.71517584361814,-17.214324749808778,107.22502492524032,287.0329256021864,1.274,1.0150000015428002,1.0,3.3268451809988635,165.0000707061107,0.0637739178245438,4.961166501809601e-06,-0.0711206469105652,-0.0067741382813058,0.0047735250017787,0.6336257021233346,23.11152758397681,21.782190003207575,0.5617347421338121
15.06,31.22106516934548,131.01340439328166,41.9346024712838,-0.2712476327304225,0.5749578535741476,-0.2967580616219079,-0.3667993885294471,-0.3108075964229643,0.0,21.68955017024424,5.5455791634441125,-82.75524303949206,-17.280022330543442,107.29125719465426,286.9864833401866,1.274,1.0150000015428002,1.0,3.3240235277587167,165.0000707061107,0.0637679449568346,4.948212472192353e-06,-0.0708642057003629,-0.0062806149139412,0.0047559773155749,0.6357274116841093,23.11127589922302,21.779862822934167,0.5649853985346778
15.07,31.221064782496537,131.01340476830123,41.71965884363558,-0.2810231382925645,0.5724885584400888,-0.292575057581536,-0.3763596142848628,-0.3093544265197911,0.0,21.68759362267149,5.533611173577701,-82.79507599504659,-17.348240992348597,107.36002484363443,286.9406359181788,1.274,1.0150000015428002,1.0,3.3212019253898952,165.0000707061107,0.063762037922542,4.935558700584704e-06,-0.070599600676258,-0.0057892922679097,0.0047378890631225,0.6377417389676496,23.110755926605147,21.777518418834298,0.5682841584901682
15.08,31.221064396104424,131.0134051420046,41.50471890586917,-0.290783114479881,0.5698363990667401,-0.2884249836745733,-0.3858682489871792,-0.3077067790982579,0.0,21.685661266394515,5.521691369217794,-82.83466964624985,-17.418995623994018,107.43134250137491,286.89543110872137,1.274,1.0150000015428002,1.0,3.3183538166607693,165.0000707061107,0.0637562020427472,4.9232029708933344e-06,-0.0703268619725413,-0.0053003817275474,0.0047192627203789,0.6397386602955356,23.11003510703895,21.77516948303669,0.571635144727066
15.09,31.22106401016796,131.01340551439682,41.28978256951596,-0.3005111267505259,0.5669600043376424,-0.2843069975184053,-0.3953119025671856,-0.3058682137737639,0.0,21.6837515072182,5.5098194056259455,-82.87401895409752,-17.492299870183007,107.5052235473072,286.8508266044259,1.274,1.0150000015428002,1.0,3.315495864872432,165.0000707061107,0.063750432629918,4.911142949758937e-06,-0.0700460087362584,-0.004814035586694,0.0047000992779677,0.6416756472367581,23.109073471221773,21.772807923065773,0.575028115266003
15.1,31.221063624686032,131.01340588548297,41.07484974411905,-0.3101954748630187,0.5638359429394804,-0.2802208517055929,-0.4046807116569535,-0.3038414578655352,0.0,21.681863320171825,5.497995163201647,-82.91311888955694,-17.568166321255443,107.5816803027964,286.8067951706089,1.274,1.0150000015428002,1.0,3.312637960958916,165.0000707061107,0.0637447266700883,4.899376224056264e-06,-0.0697570740296736,-0.0043304411989566,0.0046804007847272,0.6435286295802997,23.10784842551332,21.77042903349549,0.5784546962689818
15.11,31.22106323965747,131.013406255268,40.85992034021509,-0.3198498182922866,0.5605367255774221,-0.2761687075543238,-0.4139873739797783,-0.3016233641299455,0.0,21.67999859351047,5.486218561593174,-82.95196444832115,-17.646606328071808,107.66072384505254,286.76338664836726,1.274,1.0150000015428002,1.0,3.309752410565592,165.0000707061107,0.0637390897141956,4.887900280002866e-06,-0.0694601007882192,-0.0038498056885121,0.0046601705778737,0.6453697103816959,23.106430564966328,21.768046091929516,0.5819204023197366
15.12,31.2210628550811,131.01340662375696,40.644994279276176,-0.3294565752774962,0.5570166440495125,-0.272149607392669,-0.4232175627757718,-0.299218032381509,0.0,21.67815561335608,5.474489254059133,-82.99055066091913,-17.727629874372013,107.7423638790146,286.72055558231466,1.274,1.0150000015428002,1.0,3.306857682378581,165.0000707061107,0.0637335167228938,4.876712490112189e-06,-0.0691551202235348,-0.0033722743840184,0.0046394104261376,0.6471520356030357,23.104775656494752,21.76565020495664,0.5854143363021699
15.13,31.221062470955776,131.01340699095485,40.43007147183872,-0.3390045879012725,0.5532542848167369,-0.2681633515399059,-0.432361920062689,-0.2966283469518741,0.0,21.676333423136487,5.462807137998658,-83.02887257692498,-17.81124577923833,107.82660894184868,286.67827656180714,1.274,1.0150000015428002,1.0,3.303962999167499,165.0000707061107,0.0637280048833532,4.865810152396512e-06,-0.0688421784270046,-0.0028980313544889,0.0046181232603494,0.648853482997739,23.102863026715724,21.76323705247041,0.5889285094515391
15.14,31.22106208728034,131.01340735686657,40.21515183937427,-0.348509550787997,0.5493297532315738,-0.2642122516919439,-0.4414350119922461,-0.2938509512058918,0.0,21.674534118750863,5.451172138697623,-83.0669252812046,-17.897461493706057,107.9134661984886,286.63660491956324,1.274,1.0150000015428002,1.0,3.301037807606781,165.0000707061107,0.063722560356956,4.855190467146001e-06,-0.0685213308900877,-0.0024272787242876,0.0045963132889758,0.6505523523504594,23.100770674193733,21.76082131264103,0.5924705606874733
15.15,31.221061704053607,131.01340772149706,40.00023529937778,-0.3579504272015623,0.5451841912037534,-0.2602950079927034,-0.4504195613634011,-0.2908910157710905,0.0,21.67275560389917,5.4395838915885415,-83.1047039037681,-17.986282977775023,108.0029413182311,286.595485102794,1.274,1.0150000015428002,1.0,3.2981058193144768,165.0000707061107,0.0637171769801023,4.8448505248133885e-06,-0.0681926196420429,-0.0019601504107778,0.0045739829202821,0.6521889631952497,23.098441531307188,21.75839164413238,0.5960275627024786
15.16,31.22106132127444,131.01340808485125,39.78532177232611,-0.3673177930186627,0.5408026188222795,-0.2564115859769138,-0.4593077082932589,-0.2877513155755574,0.0,21.670997122842085,5.428042330199665,-83.14220360202066,-18.07771493192064,108.0950387084336,286.5548970263909,1.274,1.0150000015428002,1.0,3.295173873217697,165.0000707061107,0.0637118525304462,4.83478734934474e-06,-0.0678561045218345,-0.0014968302383909,0.0045511360432321,0.6537475252595171,23.095861140517226,21.75594493820248,0.5995926049712968
15.17,31.221060938941648,131.013408446934,39.57041118167872,-0.3766305851961754,0.5362772060306481,-0.2525645493005731,-0.46811697326878,-0.2844279922816267,0.0,21.66926110822613,5.416547379517168,-83.17941958090586,-18.17176054501724,108.1897612610472,286.5149049263728,1.274,1.0150000015428002,1.0,3.292206794803654,165.0000707061107,0.0637065941593665,4.824997867940621e-06,-0.0675118532819456,-0.0010375146197643,0.0045277777429524,0.6553164861806154,23.093119263650312,21.75349810480809,0.6031762885086601
15.18,31.221060557054063,131.01340880775018,39.355503450894446,-0.3858619445834036,0.5315269174902549,-0.2487520297373026,-0.4768250678415956,-0.2809278303788464,0.0,21.66754481937657,5.405098640919948,-83.21634710129153,-18.26842139230596,108.28711025033938,286.4754362278804,1.274,1.0150000015428002,1.0,3.2892370567690303,165.0000707061107,0.0637013938088944,4.815478902117731e-06,-0.0671599174484535,-0.0005823215585945,0.0045039109265141,0.6568150676384146,23.090137203277735,21.7510356747752,0.6067620320207388
15.19,31.22106017561056,131.01340916730467,39.14059850442639,-0.3950075847529965,0.5265559798052994,-0.2449744703941149,-0.4854286209272204,-0.2772526974299934,0.0,21.66584807704333,5.393696103745351,-83.25298145895901,-18.36769771332754,108.38708561326716,286.43648610195305,1.274,1.0150000015428002,1.0,3.286264121759668,165.0000707061107,0.0636962509515689,4.806227217638931e-06,-0.0668003713021514,-0.0001314377902477,0.0044795405646136,0.6582460019800962,23.086919155283,21.7485581326624,0.6103462094519696
15.2,31.22105979460993,131.01340952560224,38.92569626970966,-0.4040843506482377,0.5214483731371156,-0.2412341751795747,-0.4939434228135288,-0.2733994697291932,0.0,21.66417304534519,5.382339658482188,-83.2893180111695,-18.469588078928016,108.4896856145608,286.39811168030013,1.274,1.0150000015428002,1.0,3.283256100418901,165.0000707061107,0.0636911719492769,4.797239482334457e-06,-0.0664332926554326,0.0003149536697629,0.0044546723434801,0.6596878504850329,23.08354695085572,21.74608083353774,0.6139391682109215
15.21,31.22105941405101,131.01340988264775,38.71079667219095,-0.4130637301435716,0.5161165718598877,-0.237529124944133,-0.5023457294014069,-0.2693755994792854,0.0,21.662516816367447,5.371028921710671,-83.32535218001132,-18.574089357212248,108.5949068129119,286.36023598716224,1.274,1.0150000015428002,1.0,3.2802481170148785,165.0000707061107,0.0636861482524533,4.788512267348836e-06,-0.0660587448716468,0.0007567412110077,0.0044293099295217,0.6610547223621079,23.07993550240973,21.743587121505133,0.6175228988785609
15.22,31.221059033932665,131.01341023844594,38.49589964526983,-0.4219486738688861,0.510591838340105,-0.2338603998726648,-0.5106386127893998,-0.2651815206869774,0.0,21.66088000448073,5.359763911504582,-83.36107943364057,-18.681196967452674,108.70274431706557,286.32287518335465,1.274,1.0150000015428002,1.0,3.2772291588049898,165.0000707061107,0.063681181666846,4.780042092802949e-06,-0.0656768154639968,0.0011937390053013,0.0044034593341153,0.6623745131608115,23.076115312868573,21.741082521339525,0.6210987992372414
15.23,31.22105865425369,131.01341059300162,38.28100511737506,-0.4307459793139678,0.5049198312860407,-0.2302293039203857,-0.5188291508836546,-0.2608166917766043,0.0,21.659263627093587,5.34854444767171,-83.3964953150172,-18.7909045211482,108.81319142483376,286.2860560821361,1.274,1.0150000015428002,1.0,3.274182392889785,165.0000707061107,0.0636762751830757,4.771825381788455e-06,-0.0652875893126381,0.0016257878776487,0.0043771264667367,0.6636876762359698,23.072130932715847,21.73857522215366,0.6246715672252192
15.24,31.22105827501293,131.01341094631948,38.0661130228999,-0.4394322576508749,0.499032053259985,-0.2266343254839688,-0.5268979262947839,-0.2562876927357757,0.0,21.65766536205181,5.33737023760298,-83.43159543790351,-18.903203887402345,108.9262396893566,286.2497172141552,1.274,1.0150000015428002,1.0,3.271135662407087,165.0000707061107,0.0636714219737497,4.7638584763439885e-06,-0.0648911453951323,0.0020527674897275,0.0043503161614931,0.664927677526829,23.067915726957654,21.736052142597,0.6282260132063495
15.25,31.22105789620924,131.01341129840432,37.85122329226116,-0.4480171394202844,0.4929845926350638,-0.2230770936642914,-0.5348540632449194,-0.2515936184726552,0.0,21.6560865362216,5.326241282370927,-83.46637547874457,-19.018085314017444,109.04187904140208,286.2138935777164,1.274,1.0150000015428002,1.0,3.26806829843234,165.0000707061107,0.0636666259392785,4.756137662691168e-06,-0.0644875824678431,0.0024744994640707,0.0043230353145182,0.6661442880521711,23.063524393392424,21.73352341946894,0.6317686345043344
15.26,31.22105751784144,131.0134116492608,37.636335860845854,-0.4564948378930855,0.4867751518569534,-0.219557687593634,-0.5426937326511801,-0.2467370882654455,0.0,21.65452676062604,5.315157321692305,-83.50083120048886,-19.13553713534508,109.16009749567174,286.1785748130589,1.274,1.0150000015428002,1.0,3.26498227993207,165.0000707061107,0.0636618859356504,4.748659134809134e-06,-0.0640769909675044,0.0028908531102678,0.004295289913393,0.6673324296783503,23.058954769810292,21.73098830284845,0.6352961957748878
15.27,31.22105713990836,131.0134119988936,37.42145066901156,-0.4648483933860939,0.4803590965908744,-0.2160752210565311,-0.5504029225661285,-0.241723514707111,0.0,21.652984430209045,5.30411817505428,-83.53495844166032,-19.25554593287996,109.2808813128422,286.1437184228268,1.274,1.0150000015428002,1.0,3.261896294452101,165.0000707061107,0.0636571972437401,4.741419024090878e-06,-0.0636594661306186,0.0033016958614401,0.0042670860259873,0.6684488220467104,23.054163409858106,21.72843817672168,0.6387974138068527
15.28,31.221056762408857,131.01341234730748,37.20656764816855,-0.4730954380729485,0.4738222317662763,-0.2126319755812835,-0.5579979888478537,-0.23655033050772,0.0,21.651461712916863,5.2931238200836495,-83.5687531217221,-19.378096486169262,109.40421495051288,286.1093816349364,1.274,1.0150000015428002,1.0,3.258778092614941,165.0000707061107,0.063652566236614,4.7344133990715725e-06,-0.0632351174927188,0.0037068573784624,0.0042384314218364,0.6695682926654118,23.04923400748324,21.72588868670153,0.6422851169544258
15.29,31.22105638534175,131.01341269450702,36.9916867396684,-0.4812149946274197,0.4671044176737033,-0.2092265774286798,-0.5654619450803682,-0.2312239092469045,0.0,21.649956552725232,5.282173898585561,-83.60221125851275,-19.503171567961576,109.5300808574052,286.0755100386663,1.274,1.0150000015428002,1.0,3.255652307321752,165.0000707061107,0.0636479868693715,4.727638241037519e-06,-0.0628040394618984,0.0041062401720559,0.0042093320201083,0.6706334898836667,23.044107994649444,21.72332833031354,0.6457456683896636
15.3,31.221056008705915,131.01341304049694,36.77680788486222,-0.4892015335191566,0.4602036615420204,-0.2058592029070941,-0.5727905940421968,-0.2257473140635721,0.0,21.64846858854768,5.271268364060688,-83.63532894881915,-19.630752221352992,109.65845975261232,286.0420940256608,1.274,1.0150000015428002,1.0,3.252521132664179,165.0000707061107,0.0636434580800503,4.721089490031844e-06,-0.062366344162574,0.0044996958147327,0.0041797952619849,0.6716400851495762,23.038783459866117,21.720756433389983,0.6491755739795466
15.31,31.22105563250017,131.0134133852818,36.56193102410705,-0.4970710132257572,0.4531988696376366,-0.2025318903735597,-0.5799990314539432,-0.2201185615582981,0.0,21.64699976638276,5.260407116790022,-83.66810239022065,-19.760817501260178,109.78933036575816,286.0091849548256,1.274,1.0150000015428002,1.0,3.2493550306322527,165.0000707061107,0.0636389855891883,4.714763013658931e-06,-0.0619221482880988,0.0048870742752903,0.0041498293354891,0.6726541865820371,23.03333741678352,21.71818733604082,0.652587330744548
15.32,31.221055256723368,131.01341372886628,36.34705609875381,-0.504795667561568,0.4460037314084309,-0.1992426322710199,-0.5870642912845073,-0.2143458674058081,0.0,21.645547301099885,5.249589793277142,-83.7005278866269,-19.893344430098622,109.92266939273073,285.97670916300194,1.274,1.0150000015428002,1.0,3.2461889579787786,165.0000707061107,0.0636345612084823,4.708654605088359e-06,-0.0614715548282213,0.0052682924760959,0.0041194405955184,0.6735969473799018,23.027685716057924,21.715604695885155,0.6559620869300405
15.33,31.22105488137437,131.0134140712549,36.13218305512394,-0.5123855564765076,0.4386744778877714,-0.19599297674341,-0.5939958852515166,-0.2084288962397187,0.0,21.644112492637788,5.238816423964688,-83.7326018305838,-20.028308258466872,110.05845175825792,285.94470093921854,1.274,1.0150000015428002,1.0,3.243002452139504,165.0000707061107,0.063630188759149,4.702760025767348e-06,-0.0610146902553808,0.0056431942327922,0.0040886377543939,0.6745139924806283,23.02188325133142,21.713018645282386,0.6593079427825689
15.34,31.221054506452035,131.0134144124523,35.91731183655649,-0.5198367604770586,0.4312143646353923,-0.1927830735613744,-0.6007916825905464,-0.2023704858516272,0.0,21.64269511682048,5.228086756975644,-83.76432073284013,-20.1656821117096,110.19665026058652,285.9131542982548,1.274,1.0150000015428002,1.0,3.2397955379324506,165.0000707061107,0.0636258675817305,4.697074959669527e-06,-0.0605516723501868,0.006011671090743,0.0040574286453836,0.6754043112134277,23.015933247610175,21.7104294713806,0.662623401990583
15.35,31.221054131955206,131.0134147524631,35.70244238738435,-0.5271316674490503,0.4235747746250336,-0.1896118873949209,-0.6074372052549853,-0.1961768387109396,0.0,21.641293489404976,5.217400602100048,-83.79568121113752,-20.30543717020628,110.3372357531326,285.88202468189866,1.274,1.0150000015428002,1.0,3.2365886509413846,165.0000707061107,0.0636215927244391,4.691595042811384e-06,-0.0600826220932342,0.0063736174007605,0.004025821042411,0.6762235742458585,23.0097882757213,21.707827853359813,0.6658963719799571
15.36,31.22105375788276,131.01341509129176,35.48757465989326,-0.5342921127795073,0.4158556580787931,-0.1864819244923784,-0.6139525709804433,-0.1898450308534771,0.0,21.639910127685543,5.206757948195797,-83.82667999408339,-20.44754265519056,110.4801771304488,285.85137854079994,1.274,1.0150000015428002,1.0,3.2333442348491124,165.0000707061107,0.0636173715872837,4.686315865826742e-06,-0.0596076753037033,0.0067288863806756,0.003993824495527,0.6770516799596807,23.003545954851024,21.70523200818227,0.6691445309614621
15.37,31.22105338423353,131.01341542894284,35.27270859642775,-0.5412915218442356,0.4079741235862912,-0.1833912128202071,-0.6203160361088533,-0.18338335119427,0.0,21.638542378034675,5.196158394804986,-83.8573139401282,-20.59196561989891,110.62544111837222,285.8211457109672,1.274,1.0150000015428002,1.0,3.23009597490184,165.0000707061107,0.0636131963686742,4.681232947271727e-06,-0.0591269490982695,0.0070774159747847,0.0039614463368077,0.677815937635454,22.99712538613837,21.702626261983347,0.6723494441796674
15.38,31.22105301100644,131.0134157654209,35.0578441532498,-0.5481338763165788,0.3999622869374087,-0.1803406682188432,-0.6265318007952339,-0.1767932625856193,0.0,21.63719084529881,5.185601948641533,-83.88758001335425,-20.73867130583419,110.77299263257666,285.791342119201,1.274,1.0150000015428002,1.0,3.226832951706927,165.0000707061107,0.0636090688463711,4.676341787157469e-06,-0.0586405830538264,0.0074190739439375,0.0039286960073587,0.6785393850108704,22.990557954398923,21.700016264170795,0.6755151454386535
15.39,31.221052638200323,131.01341610073047,34.84298127469188,-0.5548240968183717,0.3918555361477367,-0.1773311740528575,-0.6326054238998918,-0.1700759373953038,0.0,21.63585621102888,5.1750884204742365,-83.91747531234675,-20.887622809523272,110.92279444357273,285.7619857168796,1.274,1.0150000015428002,1.0,3.2235427818408806,165.0000707061107,0.0636049910236098,4.671637823330396e-06,-0.0581487132213859,0.0077537553079147,0.0038955827189964,0.6792464501733807,22.98387826984885,21.69740825486613,0.6786470305832171
15.4,31.221052265814063,131.013416434876,34.62811991900411,-0.5613403481114593,0.3835881161912179,-0.1743612192807257,-0.6385189479059978,-0.1632388819107162,0.0,21.63453633115269,5.164617545254196,-83.94699706564703,-21.03878118708744,111.07480728205968,285.73301981575094,1.274,1.0150000015428002,1.0,3.2202526359516312,165.0000707061107,0.0636009565968775,4.667116447853985e-06,-0.0576514713320707,0.0080813850884027,0.0038621148823644,0.6798809612535403,22.97702211388633,21.694789761435096,0.6817295755587435
15.41,31.22105189384657,131.01341676786203,34.413260033500926,-0.5677035784331307,0.3752553014661426,-0.171433144101735,-0.6442916531655564,-0.1562797582709686,0.0,21.633233561561976,5.154189333053662,-83.97614262602445,-21.192105576257887,111.22898996177284,285.7045065972477,1.274,1.0150000015428002,1.0,3.216926927641308,165.0000707061107,0.0635969724916324,4.66277302652676e-06,-0.0571490075401823,0.0084018326662894,0.0038283029487598,0.6805139866384448,22.97008262469693,21.69217810506915,0.6847805634512739
15.42,31.221051522296715,131.013417099693,34.19840157742649,-0.5738910197918978,0.366787281276272,-0.1685452622414128,-0.6499051393079702,-0.1492063315877382,0.0,21.63194564919649,5.143803400595788,-84.00490949450973,-21.347552933677832,111.38529911543728,285.67638650043006,1.274,1.0150000015428002,1.0,3.2135943269550484,165.0000707061107,0.0635930320839819,4.65860286329815e-06,-0.0566414540534021,0.0087150481241055,0.0037941553411093,0.6810868617221001,22.96299161008836,21.689560067092263,0.6877839231247042
15.43,31.221051151163405,131.01341743037344,33.9835445020715,-0.5799054953695159,0.3582104349507229,-0.1656982855154516,-0.6553626827010065,-0.1420206637849236,0.0,21.6306730313468,5.133459722370547,-84.0332952968307,-21.50507839327519,111.5436895552437,285.6486710301522,1.274,1.0150000015428002,1.0,3.2102462273927346,165.0000707061107,0.0635891366591124,4.6546012510534e-06,-0.0561289622958981,0.0090209224638079,0.0037596822483891,0.6816162539950792,22.955774880725844,21.68694022833745,0.690743104664629
15.44,31.22105078044553,131.01341775990775,33.76868876667986,-0.5857521116396819,0.3495594450264897,-0.1628930275407406,-0.660670014954294,-0.1347242272779839,0.0,21.629416362993112,5.123158111401906,-84.06129780855028,-21.664634993965784,111.7041139991232,285.62137743980725,1.274,1.0150000015428002,1.0,3.2068706211103466,165.0000707061107,0.0635852881421482,4.650763434886568e-06,-0.055611681150396,0.0093193690556161,0.0037248937211154,0.6821239512439614,22.94846639188227,21.68432469158534,0.6936639132149988
15.45,31.22105041014201,131.0134180883004,33.55383432453032,-0.5914092122285401,0.3407678442086828,-0.160127926490595,-0.6658093521651465,-0.127324826651505,0.0,21.62817351031497,5.112898300747622,-84.0889149517307,-21.82617377988396,111.8665231716014,285.5944493302752,1.274,1.0150000015428002,1.0,3.203495035860371,165.0000707061107,0.0635814802598118,4.647084625436504e-06,-0.0550897550215107,0.009610330641509,0.0036897990269976,0.6825565587104874,22.94100117251843,21.681700882540287,0.6965304428053273
15.46,31.221050040251768,131.01341841555575,33.3389811398372,-0.5969013299260684,0.3319429050017485,-0.1574055323941621,-0.6708031480766234,-0.1198196063913939,0.0,21.62694713014025,5.10268030081791,-84.11614478885747,-21.989643937728363,112.03086594192344,285.5679568252947,1.274,1.0150000015428002,1.0,3.200079284834953,165.0000707061107,0.0635777208221781,4.643560017957737e-06,-0.0545633465792245,0.0098936937391671,0.0036544094776446,0.6829885090932909,22.9334841919538,21.679088308044356,0.6993640705480848
15.47,31.221049670773706,131.0134187416783,33.124129166873175,-0.6022006114176026,0.3229942045113792,-0.1547236287448441,-0.675628637334357,-0.1122178250273782,0.0,21.62573443393901,5.0925036859883885,-84.14298554705249,-22.154992544689968,112.19708907065596,285.5418262407644,1.274,1.0150000015428002,1.0,3.196660135229088,165.0000707061107,0.0635740016313134,4.640184756191794e-06,-0.0540325975050838,0.0101694356549442,0.0036187340476352,0.683349830587003,22.925827038106167,21.67646997621701,0.7021440714925447
15.48,31.221049301706792,131.01341906667244,32.90927836687005,-0.6073177899266868,0.3139763832851769,-0.1520835396666089,-0.6802960042264271,-0.1045200198013233,0.0,21.62453663025248,5.082368473763235,-84.16943558990414,-22.32216499554924,112.365137639053,285.5160894529168,1.274,1.0150000015428002,1.0,3.193218042075701,165.0000707061107,0.0635703262396851,4.63695398957706e-06,-0.0534976730137275,0.0104374571950006,0.00358278396557,0.6836756359604176,22.91808321030484,21.673855678370018,0.7048804798994202
15.49,31.22104893304992,131.01341939054257,32.6944287060298,-0.6122490497111936,0.3048889424594112,-0.1494851843396184,-0.6848032701415053,-0.0967300279896367,0.0,21.62335340600868,5.072274399040904,-84.19549344873253,-22.491104664112065,112.53495470867946,285.4907381550246,1.274,1.0150000015428002,1.0,3.18975476323114,165.0000707061107,0.0635666937266004,4.633862825362625e-06,-0.0529587290577298,0.0106977054131148,0.0035465695795446,0.6839609842299091,22.910252275265726,21.671245023077773,0.7075719309359474
15.5,31.221048564802075,131.01341971329308,32.47958014160751,-0.6169822302441555,0.295699629510615,-0.1469277812242693,-0.6891408661335278,-0.0888537698841739,0.0,21.622183591709195,5.062221270191825,-84.22115780999756,-22.66175313314657,112.70648155251564,285.4657414283282,1.274,1.0150000015428002,1.0,3.186284573579365,165.0000707061107,0.0635631006537268,4.630906357101901e-06,-0.052415924694848,0.0109501269432655,0.0035101013061135,0.6841797743144872,22.902302706898578,21.66863177470261,0.7102097568277876
15.51,31.22104819696219,131.01342003492832,32.264732639805004,-0.6215359878144461,0.2864919123689029,-0.1444132353444729,-0.693326227241351,-0.0808900177874609,0.0,21.62102916471576,5.052209015229916,-84.24642751915756,-22.83405021359211,112.87965767419692,285.44115144874104,1.274,1.0150000015428002,1.0,3.182776593458432,165.0000707061107,0.0635595528336192,4.628079664830807e-06,-0.0518694291755938,0.0111946411534415,0.0034733907553353,0.6843839422815047,22.894316279970525,21.666031021550992,0.7128110793899316
15.52,31.22104782952924,131.01342035545272,32.049886163841855,-0.6258822476226122,0.277172937732507,-0.1419392636394114,-0.6973362582910778,-0.0728484102555386,0.0,21.619887311943824,5.042237246650736,-84.27130159421436,-23.00793384210184,113.05442070495477,285.4168939029421,1.274,1.0150000015428002,1.0,3.179268630653384,165.0000707061107,0.0635560419962924,4.62537779709415e-06,-0.0513193957622518,0.0114312379999764,0.0034364476893556,0.6845073918545559,22.886202136048315,21.663425365376824,0.7153541099110695
15.53,31.221047462502188,131.01342067487056,31.83504067892576,-0.6300443902829908,0.2678432609876101,-0.1395081880058927,-0.7011922812107532,-0.0647267880013264,0.0,21.61876047066639,5.0323060018957175,-84.29577920354565,-23.18334043766121,113.23070676193994,285.3930331096907,1.274,1.0150000015428002,1.0,3.1757232554572488,165.0000707061107,0.0635525753062916,4.62279581566748e-06,-0.050766001432596,0.011659828919268,0.0033992843007657,0.6846116085509724,22.878058811917395,21.6608330384805,0.7178598100152954
15.54,31.221047095880017,131.01342099318623,31.6201961542408,-0.6340001273535246,0.2584311329063332,-0.1371181834034584,-0.7048763666610585,-0.0565335153659053,0.0,21.61764641002389,5.022414874146616,-84.31985969780872,-23.3602045678665,113.40845011269592,285.3695101344456,1.274,1.0150000015428002,1.0,3.172170011063012,165.0000707061107,0.0635491462052391,4.620328745774662e-06,-0.0502094031634591,0.0118804103706615,0.0033619106978882,0.6846459567287367,22.869816104697765,21.65824053980972,0.7203111319817197
15.55,31.221046729661747,131.01342131040403,31.405352550023828,-0.6377588293187322,0.2489836410753921,-0.134770298694347,-0.7083976010238127,-0.0482697968600263,0.0,21.616546118327435,5.012563828614068,-84.3435425820443,-23.5384593811792,113.58758360943176,285.34635103901746,1.274,1.0150000015428002,1.0,3.1685923340494497,165.0000707061107,0.063545757598158,4.617971629378029e-06,-0.0496497767314782,0.0120929181417574,0.0033243387560984,0.6846361205701371,22.861520209095097,21.655656254117183,0.7227172115256179
15.56,31.22104636384636,131.01342162652838,31.190509842417832,-0.641316523025514,0.2394972747335907,-0.1324643140250998,-0.7117538639281772,-0.0399398742150012,0.0,21.61545921351165,5.0027525946426765,-84.36682754087336,-23.71803636289181,113.76803844361336,285.32354570490406,1.274,1.0150000015428002,1.0,3.1649932212786047,165.0000707061107,0.0635424083615815,4.615719487115945e-06,-0.049087289816,0.012297327824769,0.0032865795912273,0.6845753661066376,22.853167768629312,21.65307924790143,0.7250762379633886
15.57,31.22104599843287,131.01342194156356,30.975667994641707,-0.6446655185123276,0.2299541723587852,-0.1301997075440456,-0.7149395459117684,-0.0315489670809879,0.0,21.61438493664489,4.992980976828533,-84.38971442670768,-23.8988655640774,113.94974437586316,285.3010740663464,1.274,1.0150000015428002,1.0,3.1613813684934646,165.0000707061107,0.0635390962641962,4.613567342792759e-06,-0.0485221133376382,0.0124936120284629,0.0032486444800592,0.6844489175125009,22.84474135819292,21.650505956600004,0.7273828809347646
15.58,31.221045633420303,131.01342225551383,30.76082697985589,-0.6478184327495933,0.2204125228094509,-0.1279777054439389,-0.7179668323874682,-0.0230975863794103,0.0,21.61332456299021,4.983248846401528,-84.41220326344104,-24.08087563425103,114.13262976857943,285.27896976013386,1.274,1.0150000015428002,1.0,3.157735793060094,165.0000707061107,0.0635358250545497,4.611510221710802e-06,-0.0479544246135396,0.0126817282572024,0.0032105454331087,0.6842867321526714,22.83629810186348,21.6479467957162,0.7296493431750246
15.59,31.22104526880769,131.01342256838353,30.5459867692324,-0.6507522825231509,0.2107961730818853,-0.1257963772636285,-0.7208169526893836,-0.0145945522793359,0.0,21.6122757805834,4.973555862011077,-84.43429425454441,-24.263993800027613,114.31662156428092,285.25717172527845,1.274,1.0150000015428002,1.0,3.154087851803017,165.0000707061107,0.0635325879359517,4.609543140495622e-06,-0.0473843901122716,0.012861683170327,0.0031722931971058,0.6840406779473729,22.827763442124244,21.645387491322957,0.7318570958686514
15.6,31.221044904594088,131.01342288017693,30.33114732996657,-0.6534944896363528,0.2012182523707508,-0.123658231661193,-0.7235148455796471,-0.0060370500626576,0.0,21.61124132699264,4.9639020213153575,-84.45598776695249,-24.448146149800944,114.50164557141692,285.2357522006111,1.274,1.0150000015428002,1.0,3.150395211869025,165.0000707061107,0.0635293929556127,4.607661138295727e-06,-0.0468121956890781,0.0130334190622725,0.0031339005633927,0.6837704858713368,22.81924839439164,21.6428485511916,0.734031018421683
15.61,31.221044540778536,131.01342319089835,30.116308640189185,-0.6560131051630606,0.1915681260703381,-0.1215604713562321,-0.7260341978596274,0.0025640061983534,0.0,21.610217982185613,4.954286852174365,-84.47728435724235,-24.63325738674802,114.68762621595324,285.2146261591502,1.274,1.0150000015428002,1.0,3.146702585225544,165.0000707061107,0.0635262306474761,4.605859235532274e-06,-0.0462380037801517,0.0131969737888672,0.0030953778808983,0.6834105189584035,22.81064458684537,21.640309376996704,0.7361448082991601
15.62,31.221044177360145,131.0134235005521,29.90147067007792,-0.6583349348255082,0.1819558161631537,-0.1195055362256903,-0.7283992434124277,0.0112111699437693,0.0,21.609208395525155,4.94471040406275,-84.4981847375326,-24.819251339376702,114.87448705406564,285.1938635097118,1.274,1.0150000015428002,1.0,3.142968915828133,165.0000707061107,0.0635231087994341,4.60413249409416e-06,-0.0456620038237446,0.0133522917104655,0.003056738157639,0.6830163602982725,22.802060026858427,21.63778990024997,0.7382226773297438
15.63,31.22104381433796,131.01342380914235,29.68663339279269,-0.6604352467605826,0.1722970791773929,-0.1174912271816586,-0.7305899446962457,0.0198951316585219,0.0,21.60821006158504,4.93517222727607,-84.51868981237283,-25.00605058246503,115.0621503910278,285.17339809405325,1.274,1.0150000015428002,1.0,3.1392286142864134,165.0000707061107,0.063520020046164,4.602475958198426e-06,-0.0450843623653596,0.0134994101061818,0.0030179921285507,0.6825391445728453,22.7934122113224,21.635274382703678,0.7402443326494472
15.64,31.221043451711097,131.01342411667346,29.47179678646419,-0.6623317196545839,0.1626668033490809,-0.1155191344927883,-0.7326226292796383,0.0286162666692701,0.0,21.607224692963904,4.925672299090443,-84.53880064499593,-25.19357694172041,115.25053778792928,285.15327509292814,1.274,1.0150000015428002,1.0,3.1354542951093727,165.0000707061107,0.0635169694217907,4.600884712576748e-06,-0.0445052668239895,0.0136382950635254,0.0029791525237756,0.682013648777299,22.78477472591925,21.632776300357374,0.7422260289727517
15.65,31.22104308947865,131.0134244231496,29.25696082325804,-0.6640098529390467,0.1530184490702884,-0.1135879338193805,-0.7344860690283826,0.0373675555526394,0.0,21.606250792709847,4.9162102491731545,-84.55851848556466,-25.38175122482136,115.43956979117426,285.1334549715432,1.274,1.0150000015428002,1.0,3.1316657013847053,165.0000707061107,0.0635139525255622,4.59935383753142e-06,-0.0439248894800601,0.0137689758930192,0.0029402306094761,0.6814122704236553,22.776102048748974,21.630286845910074,0.7441561250934521
15.66,31.22104272763977,131.013424728575,29.042125483292967,-0.6654784710355683,0.1433927964517024,-0.1116983820798413,-0.7361889808966366,0.0461472811357896,0.0,21.60528917077065,4.906785963297924,-84.57784474806024,-25.57049359133126,115.6291663037803,285.11395908519233,1.274,1.0150000015428002,1.0,3.1278486910810845,165.0000707061107,0.0635109717381449,4.597878448318566e-06,-0.0433434148006762,0.0138914425646631,0.002901238786638,0.6807511769159931,22.76743433288768,21.62781323505332,0.7460431057982563
15.67,31.221042366193576,131.013425032954,28.827290741717068,-0.6667313730338275,0.1337737197804186,-0.1098498563630365,-0.7377272742283413,0.0549502759856142,0.0,21.604339138984447,4.897399140887687,-84.59678102610897,-25.759723438879625,115.81924647071884,285.0947692493108,1.274,1.0150000015428002,1.0,3.1240111798938446,165.0000707061107,0.0635080250363373,4.596453670250551e-06,-0.0427610196360087,0.0140057194514852,0.0028621887406724,0.6800186204320313,22.75875590444812,21.625352246658416,0.7478823804009914
15.68,31.221042005139232,131.0134253362907,28.61245657765479,-0.6677704909388146,0.1241752687970059,-0.1080424559781409,-0.7391037490160879,0.0637731898808829,0.0,21.603400805910034,4.888049592786803,-84.6153290803212,-25.94935964116324,116.00972891766187,285.0758883080253,1.274,1.0150000015428002,1.0,3.120149395398242,165.0000707061107,0.0635051127389979,4.595074659920105e-06,-0.0421778859780263,0.0141118172696828,0.0028230926088902,0.6792173641607192,22.750080707190325,21.622906196250916,0.7496762927097321
15.69,31.22104164447588,131.01342563858944,28.397622969236384,-0.6685959383126759,0.1146042463089576,-0.1062760819184204,-0.7403197362351822,0.0726122572450933,0.0,21.60247408983848,4.878737070968772,-84.63349084387816,-26.13932055974555,116.20053176249428,285.0573140844643,1.274,1.0150000015428002,1.0,3.116262333452754,165.0000707061107,0.063502234605671,4.593736596449039e-06,-0.0415941940565182,0.0142097585584696,0.002783962384066,0.678346567644651,22.74141558365078,21.620476070748214,0.7514256166444475
15.7,31.221041284202723,131.01342593985433,28.18278989558621,-0.6692047646132793,0.1050555271792329,-0.1045503553314849,-0.74137385193056,0.0814629652623061,0.0,21.601558601190675,4.869461328402192,-84.6512684180746,-26.32952417847929,116.39157274999052,285.0390362776572,1.274,1.0150000015428002,1.0,3.1123536492606414,165.0000707061107,0.0634993894908932,4.592434688500492e-06,-0.0410101238850765,0.0142995715553303,0.0027448100047625,0.6774003091960566,22.73275567242313,21.618060675564383,0.7531282625394052
15.71,31.221040924318974,131.0134262400896,27.96795733483456,-0.6696013634244131,0.0955511781057033,-0.1028655198321681,-0.7422710924573429,0.0903224889545119,0.0,21.60065466031424,4.860222151974808,-84.66866406997987,-26.51988821030228,116.58276935872944,285.0210633227736,1.274,1.0150000015428002,1.0,3.1084163952072097,165.0000707061107,0.0634965783360954,4.591164177673338e-06,-0.0404258578627398,0.0143812801270369,0.0027056476597889,0.6763842087698941,22.72412281840653,21.615663797316028,0.7547886074121002
15.72,31.2210405648238,131.01342653929947,27.75312527505285,-0.6697799606895118,0.0860746365473704,-0.101220901807483,-0.7430076632849703,0.0991856346063404,0.0,21.59976158490492,4.851019254300014,-84.68568023382508,-26.710330157280303,116.77403886104575,285.0033771952684,1.274,1.0150000015428002,1.0,3.1044586423285203,165.0000707061107,0.063493799135344,4.5899203353391804e-06,-0.039841574542509,0.0144549267175291,0.002666487153361,0.6752878655169552,22.715500943879515,21.61328215211112,0.7564019095528345
15.73,31.221040205716463,131.01342683748814,27.53829369138877,-0.6697471449724058,0.0766553843025026,-0.0996169021495873,-0.7435904283508656,0.1080500451493534,0.0,21.598879890716525,4.84185243910039,-84.70231950316419,-26.90076748081948,116.96529849362366,284.98599148816504,1.274,1.0150000015428002,1.0,3.1004705466439626,165.0000707061107,0.0634910534044765,4.588698474092669e-06,-0.0392574572621496,0.0145205397425501,0.0026273407595774,0.6741194393468706,22.70691919509917,21.610920886733545,0.7579743165739071
15.74,31.2210398469962,131.0134271346597,27.32346256893136,-0.6694964277148078,0.0672733439005839,-0.0980527401376225,-0.7440149969743188,0.1169103390633782,0.0,21.59800881044213,4.832721396633798,-84.71858463563984,-27.09111761736154,117.15646547289788,284.9688859357516,1.274,1.0150000015428002,1.0,3.0964615122260626,165.0000707061107,0.0634883388877034,4.587493938540848e-06,-0.0386736836540569,0.0145781724458747,0.0025882202122468,0.6728677162295914,22.698358054176445,21.608576080163136,0.759500285023716
15.75,31.22103948866228,131.01342743081844,27.1086318897871,-0.6690344565791055,0.0579573784220714,-0.0965287843171149,-0.7442882611155662,0.1257641430123319,0.0,21.59714884624108,4.823625928929487,-84.73447854219884,-27.2812981795366,117.34745719670732,284.9520737728386,1.274,1.0150000015428002,1.0,3.092421916942317,165.0000707061107,0.0634856570609045,4.586302120627411e-06,-0.0380904367445678,0.0146278610744258,0.0025491377606536,0.6715400279464445,22.689846080315903,21.60625276840212,0.7609858352845995
15.76,31.22103913071397,131.01342772596837,26.893801636062523,-0.6683561880793311,0.048692005064827,-0.0950443389505079,-0.7444070899442194,0.1346063922747121,0.0,21.596299355966696,4.814565722371634,-84.75000429265118,-27.471226958348893,117.53819124612544,284.9355380385673,1.274,1.0150000015428002,1.0,3.08835934326042,165.0000707061107,0.0634830060362161,4.585118448594985e-06,-0.0375078938083469,0.0146696661733564,0.0025101051316939,0.6701274490432446,22.681368280575263,21.60394787731605,0.7624265359803356
15.77,31.2210387731506,131.0134280201138,26.67897179582896,-0.6674661409730303,0.0394972446054953,-0.0935995460975376,-0.7443765210061725,0.1434342012842711,0.0,21.59546061663009,4.80554055831152,-84.76516510461713,-27.66082212197136,117.72858558473534,284.919286027262,1.274,1.0150000015428002,1.0,3.0842675820918592,165.0000707061107,0.0634803866276869,4.583938401907964e-06,-0.0369262362907561,0.01470363516559,0.0024711344404115,0.6686336897772075,22.67294454707148,21.601664828813185,0.763826321982278
15.78,31.22103841597143,131.01342831325877,26.464142353181007,-0.6663629284298953,0.0303705110053197,-0.092193991809848,-0.7441965821461083,0.152243338533697,0.0,21.59463232406975,4.796550138236553,-84.77996434718087,-27.85000223603172,117.91855857863808,284.90330969820934,1.274,1.0150000015428002,1.0,3.0801491657088995,165.0000707061107,0.0634777979409857,4.582757502702434e-06,-0.0363456416957728,0.0147298323051006,0.0024322374699169,0.6670546294988756,22.664572570710423,21.59940291255936,0.7651838466222803
15.79,31.221038059175847,131.01342860540743,26.249313292213404,-0.665046699110672,0.0213145654488962,-0.0908273927397176,-0.7438685302670394,0.1610298982361617,0.0,21.59381431585396,4.787594203366381,-84.79440553237646,-28.038686425995586,118.10802915915764,284.88760475117044,1.274,1.0150000015428002,1.0,3.076004563799234,165.0000707061107,0.0634752394984112,4.581571325937205e-06,-0.0357662885989499,0.0147483196006012,0.0023934260922716,0.6653881591189357,22.65625530147861,21.597162399888173,0.7664989456740882
15.8,31.221037702763176,131.0134288965639,26.03448459900901,-0.663521987122861,0.0123482157733597,-0.0894998184760325,-0.7433974941357031,0.1697910104541911,0.0,21.593006841446616,4.778672489772696,-84.80849231411507,-28.22679444791306,118.29691689352484,284.8721777548274,1.274,1.0150000015428002,1.0,3.071827954907172,165.0000707061107,0.0634727120330318,4.580375497743413e-06,-0.0351883553457457,0.0147591613271785,0.0023547122096205,0.6636368728544478,22.64801146879342,21.59494649462953,0.7677753831854345
15.81,31.2210373467328,131.01342918673245,25.819656260644816,-0.6617822759647944,0.0034483500827337,-0.0882103563592308,-0.7427789793932073,0.1785212290047404,0.0,21.59220908178017,4.769784678614728,-84.82222848514334,-28.414246779641857,118.48514207612745,284.8570070843157,1.274,1.0150000015428002,1.0,3.0676298287650767,165.0000707061107,0.0634702131369682,4.579165696334628e-06,-0.0346120163342058,0.0147624375552535,0.0023161073430183,0.6617912596664854,22.639818608533503,21.592750747344187,0.7690068324812206
15.82,31.22103699108409,131.01342947591695,25.60482826618604,-0.6598403386570321,-0.0053361341302689,-0.0869597664203249,-0.742025202266036,0.1872195860156347,0.0,21.591422058589423,4.76093056054104,-84.83561796830318,-28.600964775141072,118.67262588309188,284.84211968574215,1.274,1.0150000015428002,1.0,3.0633926302782264,165.0000707061107,0.0634677458133802,4.577937661766746e-06,-0.0340374513895099,0.014758208797133,0.0022776235762225,0.6598619140301974,22.63172504209481,21.590583860601523,0.770204242497855
15.83,31.221036635816464,131.01342976412167,25.39000060469795,-0.6576806435007923,-0.0140630355649968,-0.0857462975750167,-0.7411239011790186,0.195878562297476,0.0,21.590644075875865,4.752109736236203,-84.84866482203189,-28.78687064915971,118.8592903565682,284.8274707982008,1.274,1.0150000015428002,1.0,3.059140287624572,165.0000707061107,0.063465305076673,4.576687183039962e-06,-0.0334648294057974,0.0147465767291316,0.002239271971975,0.6578309730610135,22.62367421894437,21.58843505943713,0.7713530162087636
15.84,31.22103628092937,131.01343005135064,25.175173263257392,-0.6553265751266125,-0.0226444688502925,-0.0845716125674988,-0.7400964115399497,0.2044996448838497,0.0,21.589877149495383,4.743322071440059,-84.86137322088504,-28.97188774886073,119.04505867712815,284.8131135971566,1.274,1.0150000015428002,1.0,3.0548400542978102,165.0000707061107,0.0634628968522049,4.5754101238785526e-06,-0.0328943323533145,0.0147275942193361,0.0022010648580601,0.6557176752813979,22.61575280785122,21.586320164738755,0.7724734045805061
15.85,31.221035926422235,131.013430337608,24.96034622894125,-0.6527531360346635,-0.0311745975964837,-0.0834330711854805,-0.7389223877533881,0.2130731639752004,0.0,21.589118668571952,4.734567065453357,-84.87374747277312,-29.155940396035056,119.22985500501116,284.7989791858177,1.274,1.0150000015428002,1.0,3.050529925888044,165.0000707061107,0.0634605134651427,4.57410239135823e-06,-0.0323261222774161,0.0147013881643282,0.0021630127509218,0.6534971079437281,22.60786851301856,21.584221774474184,0.7735422067974136
15.86,31.221035572294568,131.01343062289774,24.745519493797108,-0.6499908659456131,-0.0395395330222054,-0.0823329433875899,-0.7376292441117129,0.2216022555722659,0.0,21.588371308846472,4.725844654561136,-84.8857919855655,-29.338954310513948,119.413604904929,284.7851381493041,1.274,1.0150000015428002,1.0,3.046167031760807,165.0000707061107,0.0634581627805351,4.572759982320276e-06,-0.0317603823292666,0.0146680059938225,0.0021251281177468,0.651192316766277,22.60013359222959,21.582160454015995,0.774585808681257
15.87,31.2210352185458,131.01343090722395,24.53069304887824,-0.6470147894579377,-0.0478341785019893,-0.0812685229995863,-0.7361968359617983,0.23007732645532,0.0,21.58763245101867,4.717154275219167,-84.89751129681326,-29.520856302754776,119.59623503710472,284.77152137103,1.274,1.0150000015428002,1.0,3.0417895492827545,165.0000707061107,0.0634558370988263,4.571378932834893e-06,-0.0311972696742353,0.0146275910767547,0.0020874211560215,0.6487805092236798,22.592455025449,21.5801186767029,0.7755810275267989
15.88,31.22103486517551,131.01343119059075,24.315866882255623,-0.6438449178726995,-0.0559850097876845,-0.0802411351159139,-0.7346433391370872,0.2384990652879842,0.0,21.58690374992668,4.7084958336564,-84.90891003084054,-29.701574795910183,119.7776736811318,284.7581725008464,1.274,1.0150000015428002,1.0,3.037370308512969,165.0000707061107,0.063453541284136,4.569955378057139e-06,-0.0306369625675602,0.0145802066934986,0.002049903898354,0.6462742975404571,22.584905401462663,21.578109646553063,0.7765444479528664
15.89,31.221034512183195,131.0134314730022,24.101040987965053,-0.6404733169320586,-0.0640237966647685,-0.079249549548972,-0.7329632457451905,0.2468618315473853,0.0,21.58618419400068,4.699868875658456,-84.9199929286472,-29.88103951075337,119.9578504193513,284.7450648411751,1.274,1.0150000015428002,1.0,3.032922886596568,165.0000707061107,0.0634512723627904,4.568485501826595e-06,-0.0300796222110362,0.0145259780273527,0.0020125869761055,0.6436652433575327,22.57745378360017,21.57612736163073,0.7774679251210105
15.9,31.22103415956844,131.01343175446223,23.886215358053853,-0.6369020346898968,-0.0719452589531944,-0.0782934570522143,-0.7311592846060082,0.2551622099187135,0.0,21.58547371673897,4.691273149559608,-84.93076481875654,-30.05918182059641,120.13669649290014,284.7321966285041,1.274,1.0150000015428002,1.0,3.0284465706646984,165.0000707061107,0.0634490301391142,4.5669655748037296e-06,-0.0295254164506349,0.0144650033960654,0.0019754815586165,0.6409525012649778,22.57010566724848,21.57417258485939,0.778351795946639
15.91,31.2210338073308,131.01343203497495,23.671389983575384,-0.6331427822361039,-0.0797082775350444,-0.0773733390006182,-0.7292428078470886,0.263399117395971,0.0,21.584773151703963,4.682708354406151,-84.94123062488414,-30.23593468285789,120.314144732738,284.7195898450186,1.274,1.0150000015428002,1.0,3.0239265723452062,165.0000707061107,0.063446817063098,4.565391937620401e-06,-0.0289745113129692,0.0143973854899394,0.0019385987747595,0.6381402146818415,22.562901805359036,21.57225260878587,0.7792052370395023
15.92,31.221033455469893,131.0134323145444,23.45656485757113,-0.6291787712079133,-0.0873790616393133,-0.0764871632352649,-0.7272004160203495,0.2715648585518972,0.0,21.58408063837004,4.674174057705272,-84.95139536056017,-30.411232715640853,120.49012963627092,284.70719539855867,1.274,1.0150000015428002,1.0,3.0193898736654847,165.0000707061107,0.0634446276656672,4.5637610027552205e-06,-0.0284270628198296,0.0143232615645013,0.0019019488409854,0.6352170649860919,22.555777394062208,21.57035517278427,0.7800116688872413
15.93,31.22103310398536,131.0134325931745,23.241739975070946,-0.6250387294555207,-0.0948534801768535,-0.0756369008890825,-0.7250579967617661,0.2796622936706074,0.0,21.58339859844343,4.665670111906408,-84.96126411086986,-30.585012413267297,120.66458758348284,284.6950771690526,1.274,1.0150000015428002,1.0,3.01479717942235,165.0000707061107,0.0634424690650295,4.562069276295666e-06,-0.02788324114402,0.0142427129957674,0.0018655433033393,0.6321947794089505,22.548835172285727,21.56849905542474,0.7807951318658404
15.94,31.221032752876823,131.0134328708694,23.02691532712799,-0.6207006475471685,-0.102218131346532,-0.0748199636522279,-0.7227980176335492,0.2876826696690334,0.0,21.58272466536492,4.657195934132202,-84.97084205231921,-30.75721193224001,120.83745662182926,284.6831727160836,1.274,1.0150000015428002,1.0,3.010183229078568,165.0000707061107,0.0634403343046878,4.560313322024478e-06,-0.0273431920367321,0.0141559088190186,0.001829391651904,0.6290607534186539,22.541990289764204,21.566668287357224,0.7815345927620936
15.95,31.221032402144,131.01343314763292,22.81209091175449,-0.6161780817741117,-0.1094266073096044,-0.0740369887216009,-0.7204329862039811,0.295625314118881,0.0,21.58205981966408,4.648751370926719,-84.9801344119115,-30.92777154992651,121.0086769264822,284.6715078998384,1.274,1.0150000015428002,1.0,3.005531217921958,165.0000707061107,0.0634382262666278,4.558489816006893e-06,-0.0268070798302375,0.0140629450028426,0.0017935049140907,0.6258187830470467,22.53528871665885,21.564871138831943,0.7822400460585198
15.96,31.221032051786555,131.01343342346917,22.597266720003613,-0.6114757013417597,-0.11646623874782,-0.0732877313990091,-0.7179682482411154,0.3034876652118141,0.0,21.5814041908284,4.640336011044491,-84.98914649424277,-31.096633363038247,121.17819049743096,284.66008612913447,1.274,1.0150000015428002,1.0,3.000837228807777,165.0000707061107,0.0634361453312636,4.556595500855768e-06,-0.0262750572961788,0.0139639565356587,0.0017578932682122,0.6224679936458357,22.5287432487231,21.56310972942497,0.7829139543984046
15.97,31.22103170180424,131.01343369838207,22.382442751875825,-0.606581969417465,-0.1233855214736859,-0.0725705413247906,-0.7153948576846093,0.3112633601586157,0.0,21.58075638850138,4.63194945815481,-84.99788366107505,-31.26374151034612,121.3459413828621,284.6488707193823,1.274,1.0150000015428002,1.0,2.996121223334236,165.0000707061107,0.0634340874116109,4.5546272092163164e-06,-0.0257472731833452,0.0138590889819642,0.001722566501558,0.6190033148146356,22.522306512050758,21.56137505109047,0.7835439778640301
15.98,31.2210313521968,131.0134339723756,22.167618997430047,-0.6015230502423949,-0.1300919766065361,-0.0718870739766704,-0.7127364912755895,0.31895481778564,0.0,21.580118543190768,4.6235915054125325,-85.00635132283358,-31.429042257545685,121.5118757641652,284.6379178670667,1.274,1.0150000015428002,1.0,2.9913482639536344,165.0000707061107,0.0634320587698566,4.5525818705517004e-06,-0.0252238859472079,0.0137484469612334,0.001687535335502,0.6154293465233522,22.516069814741368,21.55968376084885,0.7841512820811024
15.99,31.22103100296397,131.01343424545368,21.95279545865509,-0.596281330147154,-0.1366576642568886,-0.0712350344313615,-0.7099794299660348,0.326554464418147,0.0,21.579488679957176,4.615261570596439,-85.01455495224518,-31.59248383757066,121.67594179546506,284.6271754675127,1.274,1.0150000015428002,1.0,2.9865472655320104,165.0000707061107,0.0634300536007121,4.550456484550167e-06,-0.024705031814099,0.0136322129030772,0.0016528086763574,0.6117401962054981,22.509962609916627,21.55802256460572,0.7847184459006656
16.0,31.22103065410564,131.01343451762028,21.737972127598173,-0.5908630773703207,-0.1430654823858256,-0.0706143337735025,-0.7071298366160321,0.3340600944725453,0.0,21.578867059612417,4.606959436291166,-85.02250004694174,-31.75401684307828,121.83808999744488,284.61665039540173,1.274,1.0150000015428002,1.0,2.9817126599003885,165.0000707061107,0.063428072670625,4.5482481694377285e-06,-0.0241908618719333,0.0135105084305632,0.0016183966054719,0.6079360022878881,22.50400205588366,21.55639440954234,0.7852484553858721
16.01,31.221030305621568,131.01343478887927,21.523149004259704,-0.5852848973685923,-0.1492599684351068,-0.0700257044649883,-0.7042033100187374,0.341472072810366,0.0,21.57825489140808,4.598684745672667,-85.03019215159982,-31.913593966686783,121.99827299644872,284.6063745444173,1.274,1.0150000015428002,1.0,2.976823723285688,165.0000707061107,0.063426119533833,4.545954124142532e-06,-0.0236815218362935,0.0133834694856075,0.0015843089131232,0.604016700383828,22.49824305693783,21.554809216911305,0.7857538276308755
16.02,31.22102995751164,131.01343505923467,21.308326084663445,-0.5795310010036197,-0.1553074699248732,-0.0694669855945793,-0.7011875361507753,0.3487833182989786,0.0,21.577650360904016,4.590436971906493,-85.03763684789578,-32.071170089658615,122.15644561336812,284.5963000459328,1.274,1.0150000015428002,1.0,2.971907099471395,165.0000707061107,0.063424188856868,4.543571636070734e-06,-0.0231771433031564,0.0132512786212712,0.0015505542205716,0.5999798069646128,22.492620684768543,21.553254750450307,0.7862184340655204
16.03,31.22102960977574,131.01343532869035,21.093503367815725,-0.5736150103574462,-0.161164462835413,-0.0689386775472708,-0.69809510387005,0.3559934712228032,0.0,21.57705439207336,4.582215889580435,-85.04483973031185,-32.226702516632535,122.31256509913888,284.58645126885114,1.274,1.0150000015428002,1.0,2.966946797034423,165.0000707061107,0.0634222833554316,4.541098110186807e-06,-0.0226778711864659,0.0131140624064992,0.0015171422444187,0.5958248873588142,22.487178095356427,21.551738770833623,0.7866515536516554
16.04,31.221029262413765,131.01343559725015,20.87868085172852,-0.5675435251635211,-0.1668141212991473,-0.0684405640010289,-0.6949330659194887,0.3631007316510137,0.0,21.57646724149432,4.57402104726011,-85.05180642647984,-32.380150729236064,122.466590887315,284.5768349765245,1.274,1.0150000015428002,1.0,2.961936987062103,165.0000707061107,0.0634204037835108,4.5385310338124e-06,-0.0221838388095502,0.0129719839726529,0.0014840818747421,0.5915502462983239,22.48193218520591,21.55026417761364,0.7870566804459135
16.05,31.221028915425663,131.01343586491797,20.663858533419848,-0.5613068587781884,-0.1723010157838836,-0.0679709987073922,-0.6916942126661088,0.3700995191474731,0.0,21.57588765165711,4.565851989157025,-85.0585425774222,-32.53147656729388,122.61848477586037,284.56741799355075,1.274,1.0150000015428002,1.0,2.9568957783399688,165.0000707061107,0.0634185464446838,4.535867998511082e-06,-0.0216951738593859,0.0128252205120312,0.0014513815217377,0.5871559247704392,22.476839447777436,21.54882271218057,0.7874227546713767
16.06,31.221028568811423,131.01343613169772,20.449036412890017,-0.5549192812309166,-0.1775803032273618,-0.0675304800941777,-0.6883917722198653,0.3769897832119341,0.0,21.57531658516721,4.557708439133359,-85.0650538274753,-32.68064430122912,122.76821099973428,284.55822570788206,1.274,1.0150000015428002,1.0,2.951806510519221,165.0000707061107,0.063416714168194,4.533106708923408e-06,-0.0212120121761335,0.012673911580879,0.0014190502952437,0.5826398430898801,22.471944336127976,21.547422381024,0.7877594140649403
16.07,31.22102822257102,131.01343639759318,20.23421449113358,-0.548385323694282,-0.1826439961824018,-0.0671185561727628,-0.685031050215605,0.3837693975271219,0.0,21.57475408946836,4.549589915099477,-85.07134583692643,-32.82762046200767,122.91573606012496,284.54925936715694,1.274,1.0150000015428002,1.0,2.9466666701865054,165.0000707061107,0.0634149070933085,4.530244958806493e-06,-0.0207344774713484,0.0125182343976381,0.0013870964297339,0.5780002369801969,22.46725504830357,21.54606448622607,0.7880681384376234
16.08,31.221027876704493,131.01343666260823,20.01939276715675,-0.5416974259063306,-0.1875297566773002,-0.0667337221879394,-0.6816066714222052,0.3904334205467765,0.0,21.574199091438324,4.541495962620726,-85.07742426174755,-32.97237401670087,123.06102890060224,284.5404906610416,1.274,1.0150000015428002,1.0,2.9414915610069845,165.0000707061107,0.063413122065612,4.527280653687491e-06,-0.0202626895798978,0.0123583727936617,0.0013555278303572,0.5732385742810342,22.46273487111267,21.544742038736675,0.7883395842428382
16.09,31.22102753121189,131.01343692674675,19.80457123996564,-0.5348663175145753,-0.1922070696682915,-0.0663761216201349,-0.6781287791329844,0.3969811263453182,0.0,21.5736522081696,4.5334262719313525,-85.08329474688195,-33.114876396526505,123.20406093520772,284.531935863927,1.274,1.0150000015428002,1.0,2.936269974601395,165.0000707061107,0.0634113608987642,4.5242118150349045e-06,-0.019796774694666,0.0121944787833315,0.0013243529382945,0.5683524101112671,22.45841415573766,21.5434604488957,0.7885800183140075
16.1,31.22102718609332,131.01343719001252,19.58974990956065,-0.5279027739458906,-0.1966455985321379,-0.0660458171245873,-0.6746080446338986,0.4034119849515542,0.0,21.573114049470327,4.525380384974262,-85.08896293658668,-33.25510134510743,123.34480589610688,284.52361105820125,1.274,1.0150000015428002,1.0,2.9309905841877075,165.0000707061107,0.0634096253849912,4.5210365600468655e-06,-0.0193368498860118,0.0120267299728523,0.0012935795811517,0.5633380298913766,22.45432307685956,21.54222509172718,0.7887961038487573
16.11,31.22102684134885,131.0134374524093,19.37492877892454,-0.5207971918808068,-0.2008916742224765,-0.0657410529002721,-0.6710375022369282,0.4097207892741082,0.0,21.57258333957789,4.517357775526278,-85.09443445955803,-33.39302502869552,123.48323994418756,284.51548258933417,1.274,1.0150000015428002,1.0,2.9256718906661674,165.0000707061107,0.0634079117742828,4.517753116621079e-06,-0.0188830230708121,0.0118553293944792,0.0012632148611102,0.5581989505307321,22.45041638906623,21.541027413838663,0.7889767681042389
16.12,31.22102649697869,131.01343771394093,19.16010785104016,-0.5135539383834647,-0.2049396250493275,-0.0654613788836898,-0.6674217054060423,0.41590547948566,0.0,21.572060094263666,4.5093581182017175,-85.09971491406348,-33.528626141825235,123.61934177507632,284.507550871004,1.274,1.0150000015428002,1.0,2.9203122547859826,165.0000707061107,0.0634062201128365,4.514359839150193e-06,-0.0184354102595259,0.0116804409622302,0.0012332665035655,0.5529346912463325,22.44669999478616,21.53986832188318,0.7891224827862026
16.13,31.22102615298299,131.01343797461115,18.94528712093699,-0.5061940299176465,-0.2087217593497882,-0.0652077452085655,-0.6637800519129538,0.4219680377584555,0.0,21.571545854281183,4.50138101580106,-85.10480988177795,-33.66188571411971,123.75309242521725,284.4998565419748,1.274,1.0150000015428002,1.0,2.9148857098463274,165.0000707061107,0.0634045549291815,4.510855184141176e-06,-0.0179941237318104,0.0115022332651195,0.0012037420700856,0.5475363323944713,22.44324079645921,21.538759989505035,0.7892483970477673
16.14,31.22102580936197,131.01343823442377,18.73046659557452,-0.4987061839839913,-0.2122916621463314,-0.0649781668706749,-0.6601043941964291,0.4279031145967709,0.0,21.57103917572537,4.493425841874936,-85.109724922367,-33.79278711630829,123.88447527790456,284.4923615137224,1.274,1.0150000015428002,1.0,2.909413366743424,165.0000707061107,0.0634029119791118,4.507237711909018e-06,-0.0175592579575097,0.0113209317617307,0.0011746477607678,0.5420096582454924,22.439986406829107,21.53769255571404,0.7893421621128097
16.15,31.221025466115872,131.01343849338244,18.515646272964688,-0.491093403889669,-0.2156497281806441,-0.0647720135477631,-0.6563982539936368,0.4337085525429936,0.0,21.57053993570904,4.485492239661833,-85.11446554478586,-33.921316301628494,124.01347630556846,284.48506254297126,1.274,1.0150000015428002,1.0,2.903895800863795,165.0000707061107,0.0634012909012729,4.503506121712697e-06,-0.0171309169276773,0.0111367166815013,0.0011459904914831,0.536354731283142,22.43693674734592,21.536665835596857,0.7894030593643941
16.16,31.22102512324497,131.013438751491,18.300826163049404,-0.4833624121308805,-0.2187827345685389,-0.0645889677688279,-0.6526683942708711,0.439383126601897,0.0,21.570048347544542,4.477579792739792,-85.11903722412947,-34.04746157788601,124.14008384100778,284.4779652548804,1.274,1.0150000015428002,1.0,2.898328168792219,165.0000707061107,0.0633996923224818,4.499659223691279e-06,-0.0167092020651563,0.0109497678160639,0.0011177770252049,0.5305694778745887,22.434105128735705,21.53568211947646,0.7894335308181548
16.17,31.221024780749605,131.01343900875307,18.086006259864032,-0.4755294714955305,-0.221642049307448,-0.0644294909655548,-0.648930241822183,0.4449280009642331,0.0,21.569565495090643,4.469688039259752,-85.12344539870246,-34.1712135829462,124.26428855280668,284.47109823702493,1.274,1.0150000015428002,1.0,2.8926917158583647,165.0000707061107,0.0633981194282993,4.4956959380998485e-06,-0.01629420908164,0.0107602759799351,0.0010900137865987,0.5246449735947121,22.43153967591717,21.53475013023104,0.7894444528271168
16.18,31.22102443863008,131.01343926517242,17.87118657235633,-0.4675848597046484,-0.2242766143751671,-0.0642916928752743,-0.6451769628122278,0.4503384310043606,0.0,21.569090067557948,4.461816362984054,-85.12769546202776,-34.292565310304674,124.3860834710199,284.4644269133559,1.274,1.0150000015428002,1.0,2.887005580560856,165.0000707061107,0.0633965683658266,4.491615301112404e-06,-0.0158860199159179,0.0105684728014288,0.001062706156417,0.5185889355854778,22.42919255381343,21.53386086931859,0.7894247510408123
16.19,31.22102409688681,131.01343952075263,17.65636710052658,-0.4595334058751406,-0.2266811809529581,-0.0641750513738247,-0.6414137141083994,0.4556129561724273,0.0,21.56862209572509,4.453964378163468,-85.13179274147046,-34.41151226730206,124.50546414598776,284.45795209486744,1.274,1.0150000015428002,1.0,2.881267934256767,165.0000707061107,0.0633950392253708,4.48741649004525e-06,-0.0154847247134633,0.0103745485929496,0.0010358601364221,0.5124004362973742,22.427069209306296,21.533015191975743,0.7893751679001201
16.2,31.221023755520207,131.0134397754975,17.441547852328394,-0.4513799565189182,-0.2288507173401804,-0.0640790272228425,-0.6376457130949724,0.4607501999963107,0.0,21.56816160660349,4.446131624059944,-85.13574251383747,-34.528052258515565,124.62242843097393,284.4516744932316,1.274,1.0150000015428002,1.0,2.875476913099975,165.0000707061107,0.0633935320861699,4.483098797625765e-06,-0.015090409517831,0.0101786979755011,0.0010094814545678,0.5060784845102756,22.42517487024098,21.53221391556808,0.7892964740544975
16.21,31.221023414530706,131.01344002941053,17.226728826767868,-0.4431394230244103,-0.2307428023197684,-0.0640039290996303,-0.6338871618288169,0.4657512664092461,0.0,21.567709547043776,4.438317629106621,-85.13955000064594,-34.64218537539156,124.7369764717976,284.44561908306576,1.274,1.0150000015428002,1.0,2.8696160026213366,165.0000707061107,0.0633920497310586,4.478661634228213e-06,-0.0147031562589764,0.0099811196942814,0.0009835756063895,0.4996135781101442,22.423551515100765,21.5314646503852,0.7891981240686015
16.22,31.2210230739188,131.01344028249545,17.011910030804483,-0.43480933101173,-0.2323803514613003,-0.063948463495828,-0.6301375442532435,0.4706133794260387,0.0,21.5672652623155,4.430521778615688,-85.14322036355178,-34.75391398346542,124.84911069404832,284.4397685941203,1.274,1.0150000015428002,1.0,2.863694003584925,165.0000707061107,0.0633905902354758,4.474104529525706e-06,-0.0143230342495181,0.0097820480768793,0.0009581471687324,0.4930098837051436,22.422176877131022,21.53076314214002,0.7890752077944043
16.23,31.22102273368501,131.01344053475583,16.797091467421048,-0.4263913715676606,-0.2337709481896616,-0.0639117506223078,-0.6263995851525083,0.4753347039147724,0.0,21.566828482307017,4.422743588757877,-85.14675868557525,-34.86324284973455,124.95883593096532,284.4341159017464,1.274,1.0150000015428002,1.0,2.857713816655945,165.0000707061107,0.0633891528053425,4.469427154180659e-06,-0.0139501148877774,0.0095816980400602,0.0009332008787487,0.4862689061608496,22.42104375510497,21.53010792951558,0.7889259996302485
16.24,31.221022393829927,131.01344078619528,16.582273144571108,-0.4178906160717347,-0.2349097800110101,-0.0638932167687294,-0.6226788315711733,0.4799142345920029,0.0,21.56639924498327,4.414982575580984,-85.15016997726316,-34.97017902026087,125.06615930064652,284.4286620072657,1.274,1.0150000015428002,1.0,2.851673456127828,165.0000707061107,0.0633877375520925,4.464629307676536e-06,-0.0135844681352154,0.0093802780018578,0.000908741392718,0.4793893962546751,22.42015712562673,21.529499806403884,0.7887515090317897
16.25,31.221022054354115,131.01344103681734,16.36745506225502,-0.4093121780685464,-0.2357921243620908,-0.0638922768823298,-0.6189809149510084,0.4843510623119904,0.0,21.565977589553945,4.407238229103443,-85.15345917716213,-35.074731755523615,125.17109014122184,284.42340794532214,1.274,1.0150000015428002,1.0,2.8455708988627824,165.0000707061107,0.0633863445908097,4.459710913922063e-06,-0.0132261596607402,0.0091780003154575,0.0008847730806723,0.4723700236231442,22.41952186746838,21.528939553817263,0.7885528185743484
16.26,31.221021715258228,131.0134412866256,16.152637229420524,-0.4006631524438372,-0.2364060873314309,-0.0639085025244228,-0.6153132734619576,0.4886448373660887,0.0,21.56556373491985,4.399510027980626,-85.15663114764585,-35.17691251191648,125.27363999233852,284.41835949031514,1.274,1.0150000015428002,1.0,2.8394012641632247,165.0000707061107,0.0633849745647255,4.454672023246074e-06,-0.0128752508079817,0.0089750811921657,0.0008613000313487,0.4652073611500861,22.419149896437748,21.52842925892426,0.7883327332274839
16.27,31.221021376542943,131.0134415356236,15.93781964905049,-0.3919540033895723,-0.2367274072838046,-0.06394172453547,-0.6116865168361177,0.4927961368400495,0.0,21.565158206436248,4.391797413854727,-85.15969067086844,-35.27673492197684,125.37382257537676,284.41353050044205,1.274,1.0150000015428002,1.0,2.833154757751374,165.0000707061107,0.0633836290177823,4.449512814252593e-06,-0.0125317969243413,0.0087717467334752,0.0008383259444038,0.4578940182500324,22.419065268317063,21.527973258050785,0.7880970571573966
16.28,31.22102103820896,131.01344178381478,15.723002330092651,-0.3831819685131968,-0.2367815244371926,-0.0639905721926793,-0.6080999202711163,0.4968025720852738,0.0,21.56476031415756,4.384099755855496,-85.16264244202074,-35.37421480077719,125.47165379992424,284.40890277786417,1.274,1.0150000015428002,1.0,2.826840862617701,165.0000707061107,0.0633823059219464,4.4442335992048254e-06,-0.0121958445191729,0.0085682433314538,0.0008158538811997,0.45043653874192,22.419243188219856,21.52756686514209,0.7878407846727841
16.29,31.22102070025706,131.01344203120271,15.508185276524015,-0.3743523591306324,-0.2365638930674412,-0.0640544336214858,-0.604559432486815,0.5006636228921468,0.0,21.56437011122044,4.376416540427296,-85.16549105789262,-35.46937019781515,125.56715181591188,284.4044777253161,1.274,1.0150000015428002,1.0,2.8204574248336804,165.0000707061107,0.0633810054332363,4.438834836365572e-06,-0.0118674424420861,0.0083647958451166,0.000793887091003,0.4428333410654,22.41968831591345,21.527210847368945,0.7875653250130041
16.3,31.221020362688023,131.0134422777908,15.293368496298225,-0.365470503282991,-0.2360701152626645,-0.064132685255874,-0.6010710694413008,0.5043788654057634,0.0,21.56398765033512,4.368747206736562,-85.16824102460342,-35.56222126139125,125.66033687756897,284.40025673457507,1.274,1.0150000015428002,1.0,2.814002249772566,165.0000707061107,0.063379727706414,4.433317116382818e-06,-0.0115466350611552,0.0081616328394818,0.0007724285241555,0.4350827878277209,22.4204051549065,21.526905948260097,0.7872721713012872
16.31,31.22102002550272,131.01344252358257,15.078551990409776,-0.3565417691476402,-0.2352958457455205,-0.0642246954018109,-0.5976409345750168,0.507947978370441,0.0,21.56361298731244,4.361091182258039,-85.17089675392944,-35.65279021581272,125.75123132060816,284.39624127937606,1.274,1.0150000015428002,1.0,2.807473101371832,165.0000707061107,0.0633784729053546,4.427681164135008e-06,-0.0112334622516538,0.0079589864601566,0.0007514808314651,0.4271831615786232,22.421398144523145,21.526652906179816,0.786962926007174
16.32,31.221019688702,131.0134427685814,14.863735772777323,-0.3475715626413553,-0.2342367930424691,-0.0643298245495246,-0.5942752178903306,0.5113707436890639,0.0,21.56324618112315,4.353447882551249,-85.17346255974806,-35.741101337706645,125.83985953851789,284.39243291707726,1.274,1.0150000015428002,1.0,2.800867701557632,165.0000707061107,0.0633772412032182,4.421927840496075e-06,-0.010927959364953,0.0077570923880785,0.0007310463621304,0.4191326679505978,22.42267165835735,21.52645245420364,0.7866393064335642
16.33,31.22101935228681,131.01344301279067,14.648919846383691,-0.3385653252625909,-0.2328887196839825,-0.0644474257155911,-0.5909801952364673,0.5146470469981067,0.0,21.56288729399148,4.345816711151013,-85.17594265457721,-35.82718093190797,125.92624795842757,284.38883329098,1.274,1.0150000015428002,1.0,2.7941837294188185,165.0000707061107,0.063376032782729,4.416058144069813e-06,-0.0106301571994311,0.007556189793337,0.0007111271617995,0.4109294391423937,22.424230003686496,21.52630532018053,0.7863031507166756
16.34,31.221019016258104,131.01344325621386,14.434104220176753,-0.3295285317319496,-0.2312474430801322,-0.0645768447905106,-0.5877622274269826,0.517776878157771,0.0,21.56253639147438,4.33819705945474,-85.17834114619339,-35.911057307011525,126.01042501663596,284.3854441326726,1.274,1.0150000015428002,1.0,2.787418820650297,165.0000707061107,0.0633748478364015,4.410073212893301e-06,-0.0103400819731881,0.0073565212888915,0.00069172497075,0.4025715384033027,22.426077420236897,21.526212226674748,0.7859564240006139
16.35,31.221018680616904,131.01344349885423,14.219288899127692,-0.320466687945682,-0.2293088351591691,-0.0647174209127734,-0.5846277596315065,0.5207603317757699,0.0,21.56219354257409,4.330588306609761,-85.18066203433878,-35.99276075069104,126.09242113390552,284.382267264916,1.274,1.0150000015428002,1.0,2.780570566522607,165.0000707061107,0.0633736865668734,4.4039743261092655e-06,-0.0100577552987361,0.0071583328836183,0.000672841222199,0.394056964961689,22.42821808017947,21.52617389113512,0.785601225210708
16.36,31.22101834536428,131.01344374071516,14.004473892184368,-0.311385328658006,-0.2270688229522945,-0.064868486825504,-0.5815833205462317,0.5235976076312593,0.0,21.561858819829983,4.322989819395924,-85.18290920750904,-36.072323504864286,126.17226869060154,284.3793046039215,1.274,1.0150000015428002,1.0,2.7736365132250262,165.0000707061107,0.0633725491871797,4.397762905607041e-06,-0.0097831941593984,0.0069618739357283,0.0006544770407273,0.3853836603078716,22.430656087212547,21.52619102589513,0.7852397939723825
16.37,31.22101801050132,131.01344398179995,13.789659206306323,-0.3022900151047648,-0.2245233893369978,-0.0650293692448788,-0.5786355215128025,0.5262890110444665,0.0,21.561532299409105,4.315400952108358,-85.18508643981627,-36.149779740796376,126.2500020017684,284.3765581617779,1.274,1.0150000015428002,1.0,2.7666141612798465,165.0000707061107,0.0633714359210181,4.391440517632015e-06,-0.0095164108876445,0.00676739710576,0.0006366332408311,0.376549515801541,22.43339547550594,21.526264338146685,0.7848745178478801
16.38,31.2210176760292,131.0134442221119,13.574844853423956,-0.2931863327709851,-0.2216685731798894,-0.0651993892660905,-0.5757910557629143,0.5288349532390094,0.0,21.561214061215075,4.307821046439206,-85.1871973879321,-36.22516553421488,126.32565729221608,284.37403004973606,1.274,1.0150000015428002,1.0,2.7595009647304862,165.0000707061107,0.0633703470030578,4.385008874363876e-06,-0.0092574131454098,0.0065751583090153,0.0006193103256084,0.367552381552352,22.436440209250865,21.52639453002651,0.784507940064693
16.39,31.221017341949103,131.01344446165425,13.360030835525984,-0.2840798894769629,-0.2185004682391593,-0.0653778627725424,-0.5730566979517597,0.5312359517406051,0.0,21.560904189029884,4.300249431356902,-85.18924558809967,-36.2985188405092,126.39927267169102,284.3717224813746,1.274,1.0150000015428002,1.0,2.752294329852071,165.0000707061107,0.0633692826793722,4.3784698354628565e-06,-0.0090062039062755,0.0063854166679441,0.000602508485566,0.3583900766018941,22.43979418344453,21.52658229893031,0.7841427678872173
16.4,31.221017008262297,131.01344470043023,13.14521716653116,-0.2749763126308678,-0.2150152251293601,-0.065564100812129,-0.5704393029815298,0.533492630544029,0.0,21.56060277058417,4.292685422978776,-85.19123445321735,-36.3698794700798,126.47088811019503,284.36963777477166,1.274,1.0150000015428002,1.0,2.744991615059682,165.0000707061107,0.0633682432076367,4.371825409584169e-06,-0.0087627814392394,0.0061984344655233,0.0005862275975334,0.3490604025083332,22.443461221686636,21.52682833727434,0.7837818807207426
16.41,31.22101667497009,131.0134449384431,12.93040385041661,-0.2658812472355677,-0.2112090504220125,-0.0657574100494852,-0.5679458054659825,0.5356057204106414,0.0,21.560309897701547,4.285128324449377,-85.1931672699878,-36.43928906390615,126.54054541352204,284.36777835648184,1.274,1.0150000015428002,1.0,2.737590129713664,165.0000707061107,0.0633672288575489,4.365077755861208e-06,-0.0085271392947791,0.0060144770970526,0.0005704672237295,0.3395611585580229,22.447445076803454,21.52713333278085,0.783428339198565
16.42,31.221016342073835,131.01344517569595,12.715590902095204,-0.2568003537775491,-0.2070782061452621,-0.0659570931940236,-0.5655832191140002,0.5375760591023351,0.0,21.56002566643603,4.277577425811272,-85.1950471961307,-36.50679106937866,126.6082881990587,284.3661467646764,1.274,1.0150000015428002,1.0,2.7300871330822347,165.0000707061107,0.0633662399112453,4.358229185356485e-06,-0.0082992662925679,0.0058338130227802,0.0005552266109385,0.3298901605387243,22.45174943109896,21.527497968693968,0.7830853945809215
16.43,31.221016009574942,131.01344541219197,12.5007783255441,-0.2477393055449048,-0.2026190113774334,-0.0661624494267038,-0.5633586356224612,0.539404591442208,0.0,21.559750177162485,4.270032003872281,-85.19687725765337,-36.57243071645343,126.67416187190572,284.3647456521044,1.274,1.0150000015428002,1.0,2.7224798341269185,165.0000707061107,0.0633652766635524,4.351282162480744e-06,-0.0080791465109449,0.0056567137210217,0.0005405046898024,0.3200452646644514,22.456377894568117,21.527922923619634,0.7827564980972548
16.44,31.22101567747488,131.01344564793433,12.285966129711284,-0.2387037868794412,-0.1978278403201431,-0.0663727748901962,-0.5612792243731713,0.5410923695490689,0.0,21.55948353475757,4.262491322077,-85.19866034617732,-36.63625499416696,126.73821360135996,284.3635777904745,1.274,1.0150000015428002,1.0,2.714765389927196,165.0000707061107,0.0633643394225289,4.34423930638078e-06,-0.007866759278615,0.0054834536400133,0.0005263000742619,0.3100243955709673,22.461334006581797,21.528408872008967,0.7824453114076406
16.45,31.22101534577516,131.01344588292605,12.071154326527203,-0.2296994905810917,-0.192701123502589,-0.0665873631378107,-0.5593522314192558,0.5426405528390481,0.0,21.559225848707392,4.254954630366953,-85.20039921631559,-36.69831262755383,126.80049229779767,284.36264607359084,1.274,1.0150000015428002,1.0,2.706940905325184,165.0000707061107,0.0633634285097746,4.337103392294769e-06,-0.0076620791677926,0.005314310151461,0.000512611061093,0.2998255826855049,22.4666212345181,21.528956484076478,0.7821557167909822
16.46,31.221015014477373,131.01344611717025,11.8563429269282,-0.220732115933955,-0.1872353466453536,-0.0668055056346365,-0.557584979002885,0.5440504081280108,0.0,21.558977233277595,4.2474211650453615,-85.20209648310158,-36.75865405499916,126.86104858999173,284.36195352161025,1.274,1.0150000015428002,1.0,2.6990034316700515,165.0000707061107,0.0633625442609367,4.329877352876492e-06,-0.0074650759895002,0.0051495635031535,0.0004994356295867,0.2894470048242676,22.47224297470612,21.529566426148307,0.781891828181496
16.47,31.221014683583142,131.0134463506699,11.64153193886812,-0.2118073662573914,-0.1814270512711476,-0.0670264922432195,-0.5559848646769173,0.545323309585323,0.0,21.558737807644988,4.239890148633736,-85.20375461945433,-36.81733140604664,126.91993480288482,284.3615032846865,1.274,1.0150000015428002,1.0,2.6909499662452223,165.0000707061107,0.0633616870260923,4.322564279487581e-06,-0.0072757147904982,0.004989496772609,0.0004867714413367,0.2788870477335136,22.478202551674112,21.530239360697568,0.7816580021910672
16.48,31.22101435309417,131.01344658342805,11.42672137228916,-0.2029355196021419,-0.1752557553470399,-0.067250010745416,-0.5545634144423075,0.5464618264936684,0.0,21.558508121434286,4.232360789730185,-85.20537595368944,-36.87439847969268,126.97720493584735,284.36130986880005,1.274,1.0150000015428002,1.0,2.68277078511964,165.0000707061107,0.0633608584204096,4.315167423458461e-06,-0.0070939558522423,0.0048343958202869,0.0004746158495272,0.2681366749628248,22.48451995250316,21.530979054687343,0.7814625214288687
16.49,31.2210140230122,131.01344681544765,11.211911238127676,-0.1941256392966181,-0.1687055716426703,-0.0674756025898954,-0.5533314632535051,0.5474684300373789,0.0,21.55828861705861,4.224832222198476,-85.20696266706518,-36.92991072317177,127.03291464142572,284.3613849525568,1.274,1.0150000015428002,1.0,2.674457817230957,165.0000707061107,0.0633600597439442,4.307690197109106e-06,-0.0069197508359918,0.0046845636112216,0.0004629656283144,0.2571890838047136,22.491210635501005,21.531788446126296,0.7813132195596891
16.5,31.221013693339074,131.01344704673164,10.997101546325936,-0.1853766594048809,-0.1617984874476965,-0.0677018968085621,-0.5522911731086307,0.5483433516050151,0.0,21.5580787991316,4.217303541297888,-85.2085167846355,-36.98392527384103,127.08712126741024,284.3617154752812,1.274,1.0150000015428002,1.0,2.6660176677799585,165.0000707061107,0.0633592895405438,4.3001361835644486e-06,-0.006753043812309,0.0045403163438311,0.0004518170246602,0.2460552073124811,22.49825293624447,21.5326635859342,0.7812102904945671
16.51,31.22101336407668,131.0134472772829,10.782292308814483,-0.1766943142411838,-0.1545311272660751,-0.0679281778332074,-0.5514503514862484,0.5490884249325236,0.0,21.557878813598705,4.20977393250796,-85.21004016790009,-37.03650098459875,127.1398838823756,284.36230529524425,1.274,1.0150000015428002,1.0,2.6574470666775687,165.0000707061107,0.0633585482389429,4.292509144643051e-06,-0.0065937798047475,0.0044019515824039,0.0004411663646511,0.2347353281400009,22.50565002419953,21.533605150318905,0.7811592833045808
16.52,31.22101303522695,131.01344750710433,10.567483537523945,-0.1680872555859549,-0.1468892503068142,-0.0681539860199033,-0.5508194726812186,0.5497062867701781,0.0,21.55768908515961,4.202242536309624,-85.21153452234955,-37.087698311196114,127.19126316262845,284.3631656251628,1.274,1.0150000015428002,1.0,2.648738390590704,165.0000707061107,0.0633578370871293,4.284813008963891e-06,-0.0064418990551016,0.0042697696044654,0.0004310096609148,0.2232257051672121,22.51341568988893,21.53461580095197,0.7811683935041626
16.53,31.221012706791925,131.0134477361987,10.352675240408274,-0.159573435557434,-0.1388239146120067,-0.0683796524761868,-0.5504175351466152,0.550201948292577,0.0,21.5575109185848,4.194708439295717,-85.21300139505058,-37.137579293492855,127.241321373426,284.3643308969,1.274,1.0150000015428002,1.0,2.639870349386643,165.0000707061107,0.0633571599195844,4.277051872980297e-06,-0.0062973345664535,0.0041440825426861,0.0004213424593559,0.2115081813428408,22.5215976676644,21.53570453040657,0.7812537512067299
16.54,31.22101237877369,131.01344796456888,10.137867430392255,-0.1511445774952672,-0.1303841217506584,-0.0686031117956967,-0.5502412103062424,0.5505745174190975,0.0,21.55734316582947,4.187170563290741,-85.21444216793952,-37.18620757708488,127.29012239070585,284.36577083324863,1.274,1.0150000015428002,1.0,2.630859642164354,165.0000707061107,0.0633565133619982,4.269230007165382e-06,-0.0061600042684957,0.0040252435778698,0.0004121592493959,0.1996112799350172,22.530147784508056,21.53686249355418,0.7814115917354972
16.55,31.22101205117441,131.01344819221757,9.923060120400708,-0.142809178227599,-0.1215562452480149,-0.0688238949423801,-0.5503011708076943,0.5508269458094098,0.0,21.55718626428289,4.179628054448812,-85.2158580373934,-37.233648562061866,127.33773185038906,284.36749698395823,1.274,1.0150000015428002,1.0,2.62169867819732,165.0000707061107,0.0633558986996297,4.261351881193094e-06,-0.0060298331326853,0.0039135645182366,0.0004034550244244,0.1875376003531156,22.53907916372975,21.53809226825313,0.7816510930953026
16.56,31.22101172399636,131.0134484191475,9.708253322364316,-0.1345857925271564,-0.1122891104314044,-0.0690423935565124,-0.550617279955891,0.550964737759698,0.0,21.5570416079311,4.172079944151833,-85.21725003239881,-37.279969194284575,127.38421693895,284.3695461377547,1.274,1.0150000015428002,1.0,2.612365022475993,165.0000707061107,0.0633553200291249,4.2534221379848e-06,-0.0059067390296613,0.0038093685120906,0.0003952243207048,0.1752773707060106,22.54844163859811,21.53940328700173,0.7819900148650551
16.57,31.22101139724182,131.0134486453613,9.493447046225448,-0.1264730393809312,-0.1026059525460513,-0.069257148982627,-0.5511927012893688,0.5509890038704682,0.0,21.55690872046741,4.164525089262626,-85.2186190080308,-37.32523798651859,127.42964641464394,284.3719057412092,1.274,1.0150000015428002,1.0,2.6028650312960004,165.0000707061107,0.0633547759503875,4.245445599534482e-06,-0.0057906242574789,0.0037130216394649,0.0003874605980188,0.1628600444829687,22.558212208290627,21.54079142374546,0.7824313573892883
16.58,31.22101107091322,131.01344887086168,9.278641306897342,-0.118480333072282,-0.0924896850879144,-0.0694677200138454,-0.5520397780619996,0.5509034039012681,0.0,21.55678815819761,4.156962481096736,-85.219965624036,-37.36952517671916,127.4740907663658,284.37459048482884,1.274,1.0150000015428002,1.0,2.5931893808768263,165.0000707061107,0.06335426809813,4.237427292905147e-06,-0.0056813923498102,0.0036248702870109,0.000380157418901,0.150306084304565,22.5684072996834,21.54225991874698,0.7829867438958769
16.59,31.221010745013047,131.01344909565125,9.063836115316528,-0.1106187740873418,-0.0819169003746701,-0.0696737898552405,-0.5531726978678561,0.5507121784348552,0.0,21.55668064926732,4.149391013306291,-85.22129035277187,-37.41290261511983,127.51762210036064,284.3776195944585,1.274,1.0150000015428002,1.0,2.583326101738117,165.0000707061107,0.0633537986120745,4.229372437443444e-06,-0.0055789389774961,0.0035452750872171,0.0003733078231509,0.1376476785504303,22.579049490709423,21.54381317702996,0.7836698119333539
16.6,31.22101041954388,131.0134493197324,8.849031487390462,-0.1028945212413172,-0.0708825975469739,-0.0698745728896228,-0.5546017387323364,0.5504186049388858,0.0,21.55658646620458,4.141809506816339,-85.22259347118262,-37.45544379892672,127.56031417505704,284.38100027649006,1.274,1.0150000015428002,1.0,2.573270253612104,165.0000707061107,0.0633533682928918,4.221286452660616e-06,-0.0054831505319208,0.0034746162354077,0.0003669042221421,0.1249464674777582,22.590143331215117,21.545452256658688,0.7844910357705225
16.61,31.22101009450837,131.0134495431078,8.634227433061598,-0.0953150217364598,-0.0593769200371923,-0.0700694053369976,-0.5563384570686629,0.5500263891366804,0.0,21.55650601837261,4.134216782493388,-85.22387505021037,-37.49722393015698,127.60224245912244,284.3847433487666,1.274,1.0150000015428002,1.0,2.563014916330891,165.0000707061107,0.0633529783433952,4.213174969559778e-06,-0.0053939082931148,0.0034132779960267,0.0003609386883413,0.1122967886875881,22.60169809325628,21.547179115252987,0.7854624301165244
16.62,31.221009769909315,131.01344976577985,8.419423969231586,-0.0878889684391431,-0.0473853081802504,-0.0702577311283809,-0.5583957409243109,0.5495396788300332,0.0,21.556439849042416,4.126611621616343,-85.22513495143868,-37.53831990658522,127.643484122393,284.388863163735,1.274,1.0150000015428002,1.0,2.552551207282942,165.0000707061107,0.0633526303599312,4.205043832416129e-06,-0.0053110873461849,0.0033616527908274,0.0003554028825533,0.0998490683159315,22.61372761750475,21.548996583087565,0.7865976168755751
16.63,31.22100944574956,131.01344998775093,8.20462110683708,-0.0806253696601834,-0.0348919632082737,-0.0704390111383005,-0.5607870745236079,0.5489628661122073,0.0,21.55638854833828,4.118992754479564,-85.22637282175383,-37.57881033053594,127.68411804471188,284.3933753118508,1.274,1.0150000015428002,1.0,2.5418696197634003,165.0000707061107,0.0633523260765286,4.196899102986112e-06,-0.0052345555344868,0.0033201451577197,0.0003502879822894,0.0878515709907434,22.62624692414555,21.550907731912822,0.7879111787587592
16.64,31.22100912203208,131.01345020902343,7.989818860791427,-0.0735335873005611,-0.0218796970866587,-0.0706127255997667,-0.5635265979073621,0.5483006028328689,0.0,21.556352758570235,4.111358861140183,-85.22758808608458,-37.61877553477489,127.72422484192477,284.3982967625872,1.274,1.0150000015428002,1.0,2.5309599622892742,165.0000707061107,0.0633520673805657,4.188747067102924e-06,-0.0051641731970296,0.0032891727934432,0.0003455846642338,0.0767196802870506,22.63927235733444,21.55291590387225,0.7894187321267219
16.65,31.22100879875993,131.01345042959963,7.775017246008048,-0.0666234314866364,-0.0083295717035618,-0.0707783811840128,-0.5666292194743424,0.5475578302120176,0.0,21.556333185085364,4.103708567498488,-85.22877993956848,-37.65829761275599,127.76388689624788,284.4036461508,1.274,1.0150000015428002,1.0,2.519811210589164,165.0000707061107,0.0633518563446654,4.180594241869217e-06,-0.0050997928738093,0.0032691677227831,0.000341283084646,0.0671421131384192,22.65282193510671,21.5550247790264,0.7911370481981138
16.66,31.221008475936333,131.01345064948185,7.560216277400323,-0.059910811814873,0.0058001904120288,-0.0709360069327965,-0.5701156582380138,0.5467411305824045,0.0,21.556331146410376,4.096040440251207,-85.22994733909015,-37.69746045362619,127.80318839140976,284.4094582941253,1.274,1.0150000015428002,1.0,2.5084032661705167,165.0000707061107,0.0633516968434966,4.172447383518841e-06,-0.0050412589314992,0.0032605777716813,0.0003373728628638,0.060190925972241,22.666935930877028,21.557242238188213,0.7930886739313955
16.67,31.22100815356457,131.01345086867224,7.345415970875883,-0.0453854780793429,-0.0093878983471736,-0.0703784868559352,-0.5668970519057608,0.5439504080621085,0.0,21.55556989563204,4.088352906989323,-85.23108899403465,-37.736349783149954,127.84221535373558,284.39523669896454,1.274,1.0150000015428002,1.0,2.5084032661705167,165.0000707061107,0.0633493061081031,4.164313495870054e-06,-0.0049884024295934,0.0032638857930172,0.0003338306778396,0.0463462429721047,22.652435140322478,21.55409524801463,0.7888012711085779
16.68,31.221007831648087,131.0134510871729,7.13061634234235,-0.0309581137495067,-0.0243989246536732,-0.0698689820025789,-0.5634434671496839,0.5409221666768524,0.0,21.55482014381162,4.080751148407525,-85.23220334785891,-37.77505328672879,127.88105577561248,284.38131847961427,1.274,1.0150000015428002,1.0,2.5084032661705167,165.0000707061107,0.0633469491791561,4.156200218789836e-06,-0.0049478002650807,0.0032544078493972,0.0003311088378678,0.0394171570952639,22.638108099607543,21.55098756980508,0.7841855684224965
16.69,31.221007510172026,131.0134513049918,6.915817342092537,-0.0166100301899401,-0.0393197844539315,-0.0694032843790789,-0.5597364201527996,0.5376527487139618,0.0,21.55407824209626,4.073199532022548,-85.233300471809,-37.813552404954194,127.91969103509687,284.3676073443004,1.274,1.0150000015428002,1.0,2.5084032661705167,165.0000707061107,0.0633446153328745,4.148100102030048e-06,-0.0049193628244879,0.0032323003773734,0.0003292012511712,0.0426841716444419,22.623871213693405,21.547901905281996,0.779225355162262
16.7,31.22100718914034,131.01345152213085,6.701018992993232,-0.0023476800750276,-0.0541434804300715,-0.0689805600738015,-0.5557781606347773,0.5341441207230946,0.0,21.55334410277918,4.065697841725388,-85.2343903454782,-37.851829361986574,127.95810329603488,284.35410096968167,1.274,1.0150000015428002,1.0,2.5084032661705167,165.0000707061107,0.0633423043113469,4.140005807009656e-06,-0.0049030163158756,0.0031976465542028,0.0003281029426059,0.0541943546271524,22.60973146212559,21.544839266027022,0.7739235254272346
16.71,31.22100686854881,131.01345173859454,6.48622128112708,0.0118226148908277,-0.0688633708569277,-0.0685999576831612,-0.5515709876059364,0.5303983411989622,0.0,21.552617623105576,4.058245744241764,-85.23548288948874,-37.88986682824344,127.9962751695942,284.34079663663806,1.274,1.0150000015428002,1.0,2.5084032661705167,165.0000707061107,0.063340015812416,4.131910061128051e-06,-0.0048986815816254,0.0031505353702047,0.000327808579777,0.0698708666145573,22.59569547040291,21.54180059271058,0.7682830916461264
16.72,31.221006548394566,131.0134519543869,6.271424206495109,0.0258945864831231,-0.0834728733481397,-0.0682606246328724,-0.547117313812219,0.5264175770282546,0.0,21.551898701697866,4.05084290248566,-85.2365879608854,-37.92764792253076,128.0341897164159,284.3276916624371,1.274,1.0150000015428002,1.0,2.5084032661705167,165.0000707061107,0.0633377495379833,4.123805660975645e-06,-0.0049062742118243,0.0030910613263354,0.0003283124808455,0.0873970807309607,22.5817697911367,21.538786818051943,0.7623072434082379
16.73,31.221006228674742,131.01345216951202,6.056627759156598,0.0398620230899156,-0.0979654688106912,-0.0679617080215907,-0.542419664228567,0.5222041022565814,0.0,21.55118723846382,4.043488975273319,-85.23771534867228,-37.9651562122256,128.0718304468144,284.31478339866885,1.274,1.0150000015428002,1.0,2.5084032661705167,165.0000707061107,0.0633355051937287,4.115685475337642e-06,-0.0049257045923008,0.0030193243812866,0.0003296086177075,0.105764892170421,22.5679609004641,21.53579886610571,0.755999345444588
16.74,31.22100590938652,131.01345238397383,5.841831935135849,0.0537187725426697,-0.1123347044152014,-0.0677023555003252,-0.5374806747075657,0.5177602968637471,0.0,21.550483134583303,4.03618361740322,-85.23887476939356,-38.00237571253863,128.10918132005645,284.3020692308532,1.274,1.0150000015428002,1.0,2.5084032661705167,165.0000707061107,0.0633332824890726,4.10754244814814e-06,-0.0049568779552657,0.0029354298953074,0.0003316906193473,0.1245182261417803,22.554275195395743,21.532837651781463,0.7493629358547351
16.75,31.221005590527056,131.01345259777642,5.627036733439689,0.0674587449148395,-0.1265741965319202,-0.0674817161255401,-0.5323030905755128,0.5130886454889811,0.0,21.54978629249452,4.028926479737273,-85.24007586274486,-38.03929088491574,128.1462267427788,284.2895465780056,1.274,1.0150000015428002,1.0,2.5084032661705167,165.0000707061107,0.0633310811371373,4.099369601393012e-06,-0.004999694432301,0.002839488571581,0.0003345517753468,0.1434283866262099,22.54071899121936,21.5299040803684,0.7424017243899748
16.76,31.221005272093567,131.01345281092367,5.412242148104047,0.0810759152868378,-0.1406776336288579,-0.0672989411882159,-0.5268897651770686,0.5081917361068898,0.0,21.549096615880497,4.02171720928411,-85.2413281872373,-38.07588663461152,128.1829515665765,284.27721289226906,1.274,1.0150000015428002,1.0,2.5084032661705167,165.0000707061107,0.063328900854707,4.091160037960815e-06,-0.0050540491096672,0.0027316163951857,0.0003381850395491,0.1623683695625218,22.52729851896317,21.526999047066177,0.7351195908018887
16.77,31.22100495408328,131.0134530234195,5.197448172170673,0.0945643264768391,-0.1546387791304355,-0.0671531850188843,-0.5212436583694265,0.503072258654608,0.0,21.54841400965572,4.014555449284241,-85.24264121589685,-38.112148307486045,128.21934108481443,284.265065658642,1.274,1.0150000015428002,1.0,2.5084032661705167,165.0000707061107,0.0633267413621857,4.082906944440744e-06,-0.0051198320858984,0.0026119345696727,0.0003425830338756,0.1812609779844648,22.51401992291971,21.524123436522157,0.7275205832664619
16.78,31.22100463649344,131.0134532352678,4.982654805640535,0.107918091733015,-0.168451474235585,-0.0670436057558561,-0.51536783496668,0.4977330036117454,0.0,21.54773837995281,4.007440839297701,-85.24402433201334,-38.14806168606785,128.2553810287032,284.2531023944662,1.274,1.0150000015428002,1.0,2.5084032661705167,165.0000707061107,0.0633246023835628,4.074603593866805e-06,-0.0051969285316545,0.0024805694512961,0.0003477380522919,0.2000554426641877,22.50088925822993,21.521278122375104,0.7196089168953922
16.79,31.221004319321302,131.01345344647248,4.767862043543721,0.1211313973905467,-0.1821096406934742,-0.0669693660942335,-0.5092654631354284,0.4921768605327475,0.0,21.547069634109302,4.000373015293337,-85.24548682494269,-38.18361298491971,128.2910575626786,284.24132064921884,1.274,1.0150000015428002,1.0,2.5084032661705167,165.0000707061107,0.0633224836463695,4.066243348407483e-06,-0.0052852187517943,0.0023376524809298,0.0003536420649232,0.2187159968037864,22.4879124885298,21.51846396680571,0.7113889723502027
16.8,31.22100400256417,131.01345365703733,4.553069880910309,0.1341985054883235,-0.1956072835362681,-0.0669296339971527,-0.5029398127422716,0.4864068165334517,0.0,21.54640768065434,3.99335160974026,-85.24703788595183,-38.21878884536,128.32635727913447,284.22971800409243,1.274,1.0150000015428002,1.0,2.5084032661705167,165.0000707061107,0.0633203848816417,4.057819661999995e-06,-0.0053845782496397,0.0021833201137082,0.0003602867223144,0.2372158896020549,22.4750954836582,21.51568182009381,0.7028652945753056
16.81,31.22100368621936,131.01345386696627,4.33827831376454,0.1471137563465383,-0.2089384937674967,-0.0669235833766448,-0.4963942536541785,0.4804259547321085,0.0,21.54575242929584,3.986376251701116,-85.24868660412452,-38.25357632957285,128.36126719254463,284.21829207161454,1.274,1.0150000015428002,1.0,2.5084032661705167,165.0000707061107,0.0633183058238828,4.049326082928808e-06,-0.0054948777933913,0.0020177137464281,0.0003676633598349,0.2555340594686898,22.46244401742685,21.512932520183096,0.6940425916707976
16.82,31.22100337028419,131.01345407626297,4.123487341113168,0.1598715711024925,-0.2220974510045461,-0.06695039474314,-0.4896322539927143,0.4742374526460492,0.0,21.545103790907355,3.979446566927357,-85.25044196231873,-38.287962914154,128.39577473301955,284.20704049529365,1.274,1.0150000015428002,1.0,2.5084032661705167,165.0000707061107,0.0633162462110252,4.040756256347207e-06,-0.0056159834846637,0.0018409796427506,0.0003757630022236,0.2736531910525034,22.449963765453763,21.510216892252785,0.6849257339292063
16.83,31.22100305475603,131.01345428493124,3.908696957986249,0.1724664542050486,-0.2350784260745837,-0.0670092558273815,-0.482657378342878,0.4678445805445233,0.0,21.54446167751532,3.972562177956128,-85.25231283318182,-38.321936483132205,128.4298677393374,284.1959609494278,1.274,1.0150000015428002,1.0,2.5084032661705167,165.0000707061107,0.0633142057843884,4.032103926741932e-06,-0.0057477568290997,0.001653268856242,0.0003845763682737,0.2915585315626477,22.4376603030584,21.507535748297023,0.6755197530644389
16.84,31.221002739632244,131.01345449297483,3.693907161402179,0.1848929958657265,-0.2478757835623082,-0.0670993621500923,-0.4754732859178008,0.4612506997588871,0.0,21.543826002286103,3.965722704208943,-85.25430797522675,-38.355485320504194,128.46353445148833,284.1850511383828,1.274,1.0150000015428002,1.0,2.5084032661705167,165.0000707061107,0.0633121842886513,4.023362940339673e-06,-0.0058900548090285,0.0014547371512948,0.0003940938756525,0.3092371431763946,22.42553910322116,21.50488988671175,0.665829841664132
16.85,31.221002424910253,131.01345470039735,3.4791179463910025,0.197145874464312,-0.2604839843087695,-0.0672199175863646,-0.4680837286799388,0.4544592609511459,0.0,21.54319667951347,3.958927762092346,-85.25643602896774,-38.38859810232404,128.49676350277264,284.1743087967176,1.274,1.0150000015428002,1.0,2.5084032661705167,165.0000707061107,0.0633101814718024,4.014527247455587e-06,-0.0060427299581269,0.0012455449219704,0.0004043056458565,0.3266774159986066,22.413605534605093,21.502280091889656,0.655861352908901
16.86,31.221002110587463,131.01345490720263,3.264329311959436,0.209219858910809,-0.2728975878602762,-0.0673701348703744,-0.4604925494200208,0.4474738023412994,0.0,21.54257362460592,3.9521769650996976,-85.25870551311989,-38.421263888383606,128.5295439114888,284.16373168859667,1.274,1.0150000015428002,1.0,2.5084032661705167,165.0000707061107,0.0633081970851096,4.005590904782672e-06,-0.0062056304380448,0.0010258571088041,0.0004152015092964,0.3438687421292247,22.40186485964104,21.499707133822923,0.6456198005990701
16.87,31.221001796661334,131.01345511339423,3.0495412551258654,0.221109810959306,-0.2851112548656941,-0.0675492360729985,-0.4527036797947645,0.4402979478951559,0.0,21.541956754074207,3.9454699239150313,-85.26112482086745,-38.45347211352031,128.5618650722485,284.1533176074496,1.274,1.0150000015428002,1.0,2.5084032661705167,165.0000707061107,0.0633062308830831,3.996548077622092e-06,-0.0063786001169547,0.0007958431136185,0.0004267710105107,0.3608012924311161,22.3903222326763,21.497171767714324,0.635110859546939
16.88,31.22100148312933,131.01345531897576,2.834753774897007,0.2328106874754471,-0.297119749421377,-0.0677564530403461,-0.4447211383244212,0.4329354054729852,0.0,21.54134598551865,3.938806246518293,-85.26370221619177,-38.485212578589085,128.5937167469552,284.143064375538,1.274,1.0150000015428002,1.0,2.5084032661705167,165.0000707061107,0.0633042826234407,3.98739304205369e-06,-0.0065614786499825,0.0005556767123865,0.0004390034135056,0.3774658605054897,22.378982698187063,21.49467473359636,0.6243403663973968
16.89,31.22100116998896,131.01345552395077,2.619966863320349,0.2443175426550139,-0.3089179413635477,-0.0679910278104005,-0.4365490283508993,0.4253899649402744,0.0,21.54074123761721,3.932185538291909,-85.26644583027624,-38.51647544113133,128.62508905547796,284.1329698439432,1.274,1.0150000015428002,1.0,2.5084032661705167,165.0000707061107,0.0633023520670646,3.978120187046548e-06,-0.0067541015614783,0.0003055359661914,0.0004518877072172,0.3938537517181591,22.36785118905244,21.492216755959447,0.6133143209551827
16.9,31.22100085723772,131.01345572832287,2.405180523379302,0.2556255301930422,-0.3205008085057785,-0.0682522129733578,-0.4281915359580884,0.4176654962417039,0.0,21.54014243011288,3.9256074021289695,-85.26936365797715,-38.547251205771005,128.65597246605378,284.12303189197934,1.274,1.0150000015428002,1.0,2.5084032661705167,165.0000707061107,0.0633004389779709,3.968724016509128e-06,-0.0069563003290852,4.5603130327493565e-05,0.0004654126110939,0.4099567030586612,22.35693252489276,21.489798543388133,0.6020388881066873
16.91,31.221000544873185,131.01345593209558,2.1903947471213385,0.266729905402389,-0.3318634388215293,-0.0685392720030845,-0.4196529278551173,0.4097659474392507,0.0,21.53954948380165,3.919071438542789,-85.27246355436685,-38.577530714375925,128.6863577854522,284.1132484268347,1.274,1.0150000015428002,1.0,2.5084032661705167,165.0000707061107,0.0632985431232747,3.959199151278688e-06,-0.0071679024695597,-0.0002239354384109,0.0004795665807962,0.4257668245145979,22.34623141047033,21.48742078820651,0.5905204004476661
16.92,31.221000232892905,131.01345613527235,1.9756095365356887,0.277626027282258,-0.343001032570726,-0.0688514795616604,-0.4109375492236869,0.4016953427151417,0.0,21.53896232052048,3.9125772457774377,-85.27575323135287,-38.60730513600714,128.71623614892917,284.10361738350014,1.274,1.0150000015428002,1.0,2.5084032661705167,165.0000707061107,0.0632966642731484,3.949540331049867e-06,-0.0073887316263017,-0.0005028893762047,0.0004943378140106,0.4412765556985577,22.335752434152223,21.4850841661325,0.578765361747604
16.93,31.220999921294467,131.01345633785667,1.7608248866523344,0.2883093605317654,-0.3539089043692083,-0.0691881217465282,-0.4020498215308337,0.3934577803418079,0.0,21.538380863135245,3.9061244199201264,-85.27924025437042,-38.63656595668936,128.74559900999947,284.09413672410136,1.274,1.0150000015428002,1.0,2.5084032661705167,165.0000707061107,0.0632948022007953,3.9397424162419646e-06,-0.0076186076585491,-0.0007910644084029,0.0005097142563748,0.4564786334702549,22.325500066435605,21.482789335941103,0.5667804514053832
16.94,31.22099961007549,131.01345653985203,1.5460407944896186,0.2987754775133037,-0.3645824851999196,-0.0695484963244922,-0.3929942403080899,0.3850574306183876,0.0,21.53780503552874,3.8997125550143177,-85.28293203915452,-38.66530496902588,128.77443813005485,284.08480443791615,1.274,1.0150000015428002,1.0,2.5084032661705167,165.0000707061107,0.0632929566824052,3.929800389804945e-06,-0.0078573467321876,-0.0010882624473822,0.0005256836075109,0.4713660675874678,22.3154786585352,21.48053693913691,0.5545725300903075
16.95,31.22099929923364,131.0134567412618,1.3312572590542202,0.309020060160803,-0.3750173243662834,-0.0699319129123321,-0.383775372898178,0.3764985337760115,0.0,21.53723476258901,3.893341243174013,-85.28683584858643,-38.69351426168878,128.8027455678554,284.07561854090744,1.274,1.0150000015428002,1.0,2.5084032661705167,165.0000707061107,0.0632911274971241,3.91970935896393e-06,-0.0081047614121347,-0.0013942816920268,0.0005422333271642,0.4859321222965323,22.30569244103137,21.47832759963604,0.5421486467955076
16.96,31.22099898876656,131.0134569420893,1.1164742783586468,0.319038901832739,-0.3852090913853443,-0.0703376931197412,-0.3743978561706754,0.367785397852765,0.0,21.536669970197497,3.8870100746993006,-85.29095878962569,-38.72118620880401,128.8305136689156,284.0665770752177,1.274,1.0150000015428002,1.0,2.5084032661705167,165.0000707061107,0.0632893144270244,3.9094645569018506e-06,-0.0083606607562468,-0.0017089167287756,0.0005593506414435,0.5001703023523827,22.29614552257985,21.4761619234574,0.5295160475871541
16.97,31.220998678671936,131.01345714233787,0.9016918484270384,0.3288279091102421,-0.3951535778209708,-188.2516907574636,-71.06078629575153,33.64217739313288,0.0,21.536110585217465,3.880718638192832,-85.29530781031471,-38.74831345925653,128.85773505480967,284.05767810923027,1.274,1.0150000015428002,1.0,2.5084032661705167,165.0000707061107,0.063287517257061,3.899061344380386e-06,-0.0086248504107031,-0.0020319586341877,0.0005770225491608,0.5140743423889437,22.286841888681597,21.47404049842365,204.01012357666272
16.98,31.22099836894749,131.01345734201092,0.6869099692602468,1.9181548618333093,-3.70589563743922,-320.1422908565695,60.26352603370204,0.2743994032199944,0.0,18.761716645114863,2.493922607453167,-85.29988969687595,-38.77488892593601,128.88440261241735,215.58874682134524,1.274,1.0150000015428002,1.0,2.5084032661705167,165.0000707061107,0.0551343560744605,-1.5229761834127016,-1.3717487599557427,-2.979833902168545,0.0799521312716768,4.172271313099537,21.95184297007137,18.18000171966497,325.7650292157516
16.99,31.220998268552112,131.01345740513793,0.5243928280747987,2.3353966089290465,-1.3944989828054113,-256.0306791869761,-10.07833732294952,-52.041011719071726,0.0,14.949311119815263,2.517528221257205,-86.87706041668241,-24.34129996267533,113.5443519555019,136.87687444960795,1.274,1.0150000015428002,1.0,2.5084032661705167,165.0000707061107,0.0439309017991643,0.8441226117044992,-1.8013312327676037,-2.6256719757491167,0.083657413280448,2.7198580170754347,29.729690648816124,14.730285357271816,261.46041472636733
17.0,31.22099798670516,131.01345747477615,0.398401446390765,-0.4719816473778916,-3.322691248414631,-221.73642425153056,49.440944658182346,49.23405535678545,0.0,12.800127331475174,1.9939678685050688,-88.16712532784537,7.399877513164901,82.26088068742943,100.35096469180849,1.274,1.0150000015428002,1.0,2.5084032661705167,165.0000707061107,0.0376151337822931,-6.339431981931872,-0.9456785090485988,-3.7090930258603168,0.0376056184173987,3.3560086449029254,31.746727249722912,12.278492706912695,232.45524527405962
17.01,31.22099790871114,131.01345765142014,0.2749196268180077,3.2957305265837924,-0.7568633657988385,-185.1530029875329,-27.629524874696248,-47.10587017669767,0.0,10.841567853307648,1.8955378998407275,-87.36490404745014,59.04367241992609,26.951416511946626,71.99167943217677,1.274,1.0150000015428002,1.0,2.5084032661705167,165.0000707061107,0.0318595625401721,-7.247902367362845,-1.457790944002958,-3.851613693729968,0.0491006695330325,3.38142720207259,39.05390476308778,10.722683491397728,193.0388255383013
17.02,31.220997687289376,131.01345757276064,0.1754467701539689,-3.4638126839864487,-4.325661315657663,-158.67326974741337,36.39426190639019,24.07865035489797,0.0,9.317481121866226,1.4597179295144564,-85.5452183303853,80.13858287235885,1.6618235568021251,53.173997513275495,1.274,1.0150000015428002,1.0,2.5084032661705167,165.0000707061107,0.0273807758696768,-6.195461014728263,-0.3977229327410845,-5.103745403464124,0.0115128640423387,5.539542806617318,39.71749931132992,8.638653124567448,164.5646688537967
17.03,31.220997689277645,131.01345781606523,0.0904893591159257,-0.8119382302077147,-1.2107243334079023,-132.82566889451505,15.687446089389487,-1.214276588196889,0.0,7.92895502406396,1.3887592654172811,-82.68385354631721,82.94845534178076,355.27171156056863,38.50682567683659,1.274,1.0150000015428002,1.0,2.5084032661705167,165.0000707061107,0.0233003672905581,-12.243711802211536,-0.1414417142416539,-5.74281458503574,0.0034841851803994,1.4577376218402278,47.408205265237626,7.738789043527807,133.75435974096504
17.04,31.220997516116263,131.0134577983032,0.0176211723313873,-5.503980774572978,-0.3433447748489774,-109.56591758530688,11.822262093893205,8.994441435349758,0.0,6.9221357644534445,1.42085147174051,-79.44900402732544,79.61766650392438,351.55249004202415,29.348713862350632,1.274,1.0150000015428002,1.0,2.5084032661705167,165.0000707061107,0.020341668315529,1.8400506284169464,0.7857842823841001,-6.622333109142849,-0.0168987372050716,5.514646603375553,52.29516544404392,6.868203616123165,110.56833251008582
