<?xml version="1.0" encoding="UTF-8"?>
<kml xmlns="http://www.opengis.net/kml/2.2" xmlns:gx="http://www.google.com/kml/ext/2.2">
    <Document id="1">
        <Style id="4">
            <LineStyle id="5">
                <color>ff0000ff</color>
                <colorMode>normal</colorMode>
                <width>3</width>
            </LineStyle>
        </Style>
        <Style id="8">
            <LineStyle id="9">
                <color>ff00ff00</color>
                <colorMode>normal</colorMode>
                <width>3</width>
            </LineStyle>
        </Style>
        <Placemark id="3">
            <name>flight_path</name>
            <styleUrl>#4</styleUrl>
            <LineString id="2">
                <altitudeMode>relativeToGround</altitudeMode>
                <coordinates>131.010392,31.222216000000007,3.000000004412624 131.01039200000443,31.222215999997832,3.000001213326771 131.01039200000838,31.22221599999592,3.0000022870334204 131.01039200156927,31.22221599922939,3.000155598424469 131.0103920107707,31.222215994720663,3.00143247422864 131.01039203742107,31.2222159816978,3.006473030804484 131.010392088111,31.2222159569549,3.0170688916597044 131.01039216212592,31.22221592083948,3.0330260972795577 131.0103922636662,31.22221587130824,3.055486808373592 131.0103923844792,31.22221581237558,3.082208192375512 131.01039252515778,31.222215743753047,3.11335189204785 131.01039268406848,31.222215666235183,3.1484744140852543 131.01039286028256,31.222215580273765,3.18732386509662 131.01039305289004,31.2222154863114,3.22965350646451 131.01039326165517,31.222215384462743,3.2753998712516856 131.01039348632565,31.22221527485052,3.3244950425541213 131.01039372716193,31.222215157348028,3.3770104803713004 131.01039398330897,31.22221503237113,3.4327145454487686 131.01039425605987,31.222214899290844,3.491959398097115 131.01039454508373,31.222214758268127,3.554655858745988 131.01039485092463,31.22221460903824,3.620952625189168 131.0103951726634,31.222214452048327,3.690600689741237 131.0103955107142,31.222214287096943,3.7637133456140894 131.01039586615806,31.222214113658165,3.8405851659894576 131.0103962366477,31.222213932873814,3.920579214543799 131.01039662252973,31.22221374457524,4.003790414036599 131.0103970230398,31.22221354913428,4.090011877822942 131.01039743921817,31.222213346044875,4.179526724988613 131.010397870804,31.222213135433904,4.27226483974809 131.01039831796237,31.22221291722104,4.368271597024648 131.01039877993492,31.22221269177516,4.467341725566604 131.01039925630897,31.22221245929701,4.569363767042761 131.0103997468628,31.22221221989441,4.674278004697126 131.01040025155262,31.222211973588667,4.782072871362433 131.0104007708504,31.222211720150103,4.892876493452194 131.01040130426037,31.22221145981994,5.006554737551554 131.0104018519686,31.22221119250759,5.123158058524281 131.01040241380718,31.222210918294696,5.242640938132137 131.01040298993863,31.22221063710217,5.365047087659009 131.0104035805201,31.222210348853565,5.490418699198249 131.01040418505892,31.222210053788448,5.618622160205767 131.01040480327404,31.22220975204353,5.749580988029521 131.0104054350388,31.222209443680384,5.883260328789349 131.0104060803318,31.22220912870935,6.019653428705182 131.0104067396056,31.22220880691024,6.158881055619188 131.0104074134594,31.22220847799141,6.301103308354104 131.01040810202363,31.22220814188937,6.446353771976953 131.01040880554538,31.222207798483826,6.594696853548455 131.01040952280388,31.222207448368604,6.74580275481479 131.0104102533307,31.222207091771544,6.899543889930736 131.01041099705338,31.222206728727805,7.055898593393043 131.0104117537764,31.22220635933244,7.214811894207681 131.01041252354435,31.22220598356361,7.3762930374012 131.0104133067339,31.222205601237967,7.540439557562795 131.01041410363473,31.222205212229948,7.707322248111239 131.01041491388003,31.222204816074072,7.876772349992039 131.01041573757672,31.22220441228776,8.048785809128933 131.01041657455923,31.222204000946068,8.22331329431465 131.0104174249012,31.22220358200713,8.400368921732058 131.01041828964378,31.222203154964493,8.580222534445246 131.01041916826847,31.222202720073746,8.76273166597589 131.01042006091748,31.222202277275056,8.947928708821609 131.01042096731865,31.22220182671155,9.135737241649286 131.01042188795844,31.222201368174087,9.32628004682194 131.0104228213724,31.222200902382607,9.519168171273378 131.01042376762635,31.22220042933271,9.714415018244448 131.01042472802527,31.222199948453422,9.912358041596798 131.01042570211834,31.222199459998336,10.112875097637096 131.01042668949592,31.22219896420211,10.315855429914592 131.0104276899744,31.22219846119932,10.521247616370864 131.01042870392217,31.222197950885537,10.72914417983372 131.0104297312232,31.222197433379907,10.939511498509686 131.01043077189297,31.222196908746703,11.152350461723804 131.01043182595947,31.222196377046785,11.36766549894366 131.01043289360743,31.222195838291032,11.585501522535708 131.0104339739274,31.22219529294822,11.80562000956352 131.01043506722596,31.22219474098304,12.028098069194655 131.01043617367296,31.222194182428936,12.252977337056649 131.01043729312153,31.22219361745355,12.480217576254072 131.0104384253625,31.222193046248023,12.709762750877273 131.01043957099225,31.222192468705167,12.941765016241634 131.010440729764,31.222191885048176,13.176158815293524 131.01044190120487,31.222191295576284,13.41282057048938 131.01044308537726,31.222190700397743,13.651765028487915 131.01044428257904,31.22219009956193,13.893067483534852 131.01044549205292,31.22218949346651,14.136531780416725 131.01044671427488,31.22218888210724,14.382279420427128 131.01044794919903,31.222188265661146,14.630297627060932 131.01044919674857,31.22218764432116,14.880565785952848 131.01045045672444,31.222187018313992,15.133032068543365 131.01045172934164,31.22218638775468,15.387751098489234 131.01045301442934,31.222185752878435,15.644678457576711 131.01045431146815,31.222185113992573,15.903680600605105 131.0104556207116,31.222184471225308,16.164822293511453 131.01045694246514,31.22218382472355,16.428181436678194 131.01045827597434,31.22218317483095,16.693564784757086 131.01045962202977,31.22218252161544,16.9611746103564 131.01046098059135,31.222181865311768,17.231000574450324 131.01046235090624,31.222181206250337,17.50285019246007 131.01046373337823,31.222180544590003,17.77682690903468 131.0104651280218,31.222179880575663,18.052934434438576 131.0104665343682,31.222179214482416,18.331053339829328 131.01046795262894,31.22217854653096,18.611237834885102 131.01046938263156,31.22217787698141,18.89344415482492 131.01047082422093,31.22217720607728,19.177633082133685 131.0104722781544,31.22217653406381,19.463997919030664 131.0104737438141,31.22217586120828,19.75238146759364 131.0104752215104,31.22217518776692,20.04286313056385 131.01047671151315,31.222174514033767,20.33551175273824 131.01047821310303,31.222173840253017,20.63014445594752 131.0104797260835,31.2221731666678,20.92671158433152 131.01048125151237,31.222172493650927,21.22548221608683 131.01048278922715,31.2221718215092,21.526414880617608 131.0104843376795,31.22217115029864,21.829116641097773 131.01048589860585,31.22217048056701,22.134028198240216 131.0104874707317,31.222169812420034,22.44082591244384 131.01048905369635,31.22216914603477,22.74941857943056 131.01049064977627,31.222168482216805,23.06038229727467 131.01049225596415,31.2221678205884,23.37295523374996 131.01049387361056,31.22216716172657,23.687479107961696 131.0104955038723,31.222166506303463,24.00424510061084 131.01049714374,31.222165853723872,24.32249258512692 131.01049879549643,31.222165204964213,24.642797104395253 131.01050045822134,31.22216456006561,24.964925057600297 131.01050213064266,31.222163918832745,25.28855536362969 131.01050381487107,31.222163282340272,25.614217901965688 131.01050550949338,31.22216265036766,25.941555401423347 131.01050721404044,31.222162022956947,26.270449156245807 131.01050893018856,31.222161401146085,26.601317451502847 131.01051065584633,31.222160784284565,26.93363412372066 131.0105123917259,31.222160172946925,27.26757592919437 131.01051413871593,31.222159567890014,27.603361779302155 131.01051589454931,31.22215896820401,27.94042383752592 131.01051766146412,31.222158375332047,28.27931729879816 131.01051943847077,31.22215778904325,28.6197919795808 131.01052122479007,31.22215720910753,28.96165219451063 131.01052302231776,31.22215663691589,29.30536420143389 131.01052482895045,31.222156071468945,29.650403041020983 131.01052664497377,31.22215551314716,29.996836562496817 131.01052847173253,31.2221549630814,30.344991620091264 131.01053030703508,31.22215442006152,30.694324361826386 131.01053215253594,31.22215388540442,31.04523760395284 131.01053400783533,31.22215335909211,31.39762727531979 131.01053587167473,31.2221528404193,31.75118155498358 131.0105377467011,31.222152331508084,32.10654114162927 131.01053963086807,31.222151831084712,32.46320084798123 131.01054152411405,31.22215133925613,32.821141693464824 131.010543428736,31.22215085799212,33.18091295289835 131.01054534179087,31.222150385191767,33.54179652543488 131.010547265323,31.222149922611017,33.90428030138296 131.0105491992946,31.222149470419343,34.26834609971459 131.01055114176347,31.222149027174904,34.63352231184995 131.01055309539996,31.222148595212246,35.00044043102162 131.0105550578788,31.2221481727538,35.368536755378024 131.01055702974523,31.22214776035637,35.73793527829807 131.0105590121742,31.22214735914289,36.10890516919087 131.0105610025416,31.222146966967703,36.48081852204026 131.010563002906,31.2221465856844,36.8541533101754 131.0105650124817,31.22214621470148,37.228714935407126 131.01056703035442,31.22214585327804,37.604282651444265 131.010569058785,31.222145503454783,37.9813750549958 131.01057109558897,31.22214516335809,38.35947406142088 131.01057314145808,31.222144833627127,38.73873324888343 131.01057519703627,31.222144514857863,39.119290712014575 131.01057726035145,31.22214420531103,39.50068428375308 131.01057933424732,31.222143907512287,39.88355780470666 131.01058141715816,31.222143620059164,40.26754162819934 131.01058350870633,31.2221433426002,40.65254294710201 131.01058561174457,31.222143077625063,41.03919761537768 131.0105877222773,31.22214282155954,41.42659207607348 131.01058984307488,31.22214257679587,41.81534245906118 131.0105919731604,31.222142342400435,42.20521732743583 131.0105941117054,31.22214211758768,42.5960238524052 131.01059626084128,31.222141904114498,42.98822593843335 131.01059841795396,31.222141699627134,43.38123306286895 131.01060058522475,31.22214150590261,43.77551957452575 131.01060276166223,31.22214132196297,44.17085488560095 131.01060494614072,31.222141146754645,44.566984209153496 131.0106071413408,31.222140982377287,44.96448353955181 131.01060934452352,31.22214082641516,45.36274548421132 131.01061155800383,31.22214068063533,45.76226499523513 131.01061378115156,31.222140544337616,46.1628934585509 131.0106160129143,31.222140416541663,46.56439664168956 131.01061825578995,31.22214029902961,46.96730016339208 131.01062050639473,31.22214018898072,47.37087034921128 131.01062276767962,31.222140088497408,47.77572852604042 131.01062503776282,31.22213999593064,48.18146368554006 131.01062731650111,31.222139911014047,48.58803893431308 131.01062960582655,31.222139834943462,48.99585170518568 131.0106319029188,31.222139765475934,49.40430048420561 131.0106342103866,31.222139704281943,49.813924859090434 131.0106365268655,31.222139650156624,50.22442941004884 131.01063885209794,31.222139602750016,50.63575470330537 131.0106411884362,31.22213956340125,51.04837926497888 131.01064353232672,31.222139529539863,51.46156047384303 131.01064588676385,31.22213950291341,51.87590931714032 131.01064825019665,31.22213948227566,52.29109785357856 131.0106506224987,31.222139467362297,52.70709483443922 131.01065300519133,31.222139458858333,53.12420296568138 131.01065539560045,31.22213945494972,53.54187132494059 131.0106577969165,31.222139457301555,53.96074199385936 131.0106602069372,31.22213946439753,54.38036119737852 131.01066262661507,31.222139476592943,54.800916903144206 131.01066505700192,31.22213949421515,55.222613462178266 131.0106674955005,31.22213951567137,55.644924289080485 131.01066994557752,31.222139542577104,56.06853849615255 131.01067240326273,31.22213957265497,56.49265626036566 131.01067487091504,31.222139606934064,56.91774470266241 131.0106773484079,31.22213964512165,57.34377243803616 131.01067983424136,31.222139686326884,57.77043842976636 131.01068233104323,31.22213973160279,58.19825850267033 131.01068483542815,31.222139779188325,58.62655925135395 131.010687350166,31.22213983019592,59.0558841704857 131.0106898740463,31.22213988389277,59.48599031248967 131.01069240676443,31.222139940013854,59.91681575090232 131.0106949502265,31.222139999208096,60.34873018386656 131.0106975013637,31.22214006004005,60.781130392993454 131.01070006418576,31.22214012404457,61.21479726633185 131.01070263508075,31.22214018960144,61.649023099106216 131.01070521595636,31.22214025737449,62.08417783501473 131.01070780624767,31.222140327012628,62.52014863560996 131.01071040465624,31.222140397921624,62.956682515899786 131.0107130136101,31.222140470940232,63.394247760946605 131.0107156298544,31.222140544746367,63.83221333832549 131.01071825740345,31.22214062078517,64.27135349983428 131.01072089303696,31.22214069778024,64.71104517012148 131.01072353752988,31.222140775974047,65.1514374084088 131.01072619176708,31.222140855644472,65.59269891549073 131.0107288530139,31.222140935757647,66.0343039188297 131.01073152317196,31.222141016987308,66.47661711661587 131.01073420195604,31.22214109921597,66.91958295424674 131.01073688795313,31.22214118192657,67.36293094371807 131.01073958180152,31.22214126535721,67.80678341734611 131.01074228385718,31.222141349655505,68.25120810389201 131.01074499311875,31.22214143448177,68.69601397112149 131.01074770863565,31.22214151951771,69.1410204646038 131.010750431108,31.222141605063847,69.58636138877364 131.01075316006998,31.22214169099928,70.03194854070172 131.01075589483727,31.22214177712443,70.47765259099825 131.01075863483902,31.22214186328468,70.92336608428651 131.01076138019943,31.22214194959763,71.36911344071137 131.0107641307303,31.22214203606908,71.81485986640413 131.01076688603763,31.222142122627133,72.26053173021916 131.01076964606395,31.222142209335868,72.70611924723654 131.01077241073935,31.22214229626116,73.15161017237597 131.01077518000315,31.22214238347953,73.59699402300004 131.0107779536848,31.222142471023712,74.04223966380886 131.0107807318634,31.2221425590374,74.48736293684924 131.01078351439725,31.22214264757403,74.93233812431215 131.0107863011535,31.22214273669354,75.3771411873794 131.01078909179142,31.222142826364976,75.82170908521175 131.01079188644107,31.222142916771386,76.26606706840754 131.01079468489016,31.222143007941508,76.71017621009187 131.01079748707053,31.222143099972808,77.15402454608336 131.01080029279436,31.22214319290631,77.59757769633218 131.01080310208775,31.22214328688784,78.04084122019667 131.01080591490663,31.222143382031728,78.48380746366686 131.01080873108123,31.22214347838709,78.92644535495273 131.01081155054848,31.222143576057217,79.3687436289472 131.01081437325345,31.222143675150235,79.81069246189328 131.01081719912173,31.22214377576352,80.25227831050817 131.01082002820695,31.22214387806472,80.69351129579155 131.01082286063695,31.22214398226486,81.13441508098721 131.0108256959818,31.22214408825245,81.5749103089827 131.01082853428372,31.22214419618656,82.01500465961331 131.0108313754262,31.222144306130325,82.45467650064182 131.01083421942369,31.222144418222783,82.89392819105397 131.01083706617675,31.22214453253135,83.33274109163403 131.0108399155573,31.22214464909977,83.77109127219362 131.01084276776655,31.22214476818104,84.20901482603918 131.01084562270427,31.222144889829988,84.64649275121513 131.01084848019983,31.22214501405016,85.083493161695 131.01085134007766,31.222145140835643,85.5199832710163 131.01085420214883,31.222145270164464,85.95592787247122 131.01085706652165,31.22214540221231,86.39134550753803 131.0108599330933,31.222145537005325,86.8262164360991 131.01086280194363,31.222145674692605,87.26055380124444 131.0108656729124,31.2221458152474,87.69432745188227 131.01086854582812,31.2221459586282,88.12750524508371 131.01087142001978,31.222146104420425,88.55996584669806 131.01087429567585,31.22214625283003,88.99174150463203 131.01087717283187,31.222146403944794,89.4228371331029 131.0108800514142,31.222146557766703,89.85323814435915 131.01088293122243,31.22214671419521,90.28290751553244 131.01088581238076,31.222146873369407,90.71186559349952 131.0108886949972,31.222147035411272,91.14012971727377 131.01089157890814,31.22214720022933,91.56766940744492 131.01089446427204,31.222147367973964,91.9945106287678 131.01089735119592,31.22214753875092,92.42067020627472 131.01090023956343,31.222147712487264,92.84612588873436 131.01090312938783,31.22214788920469,93.2708780757104 131.0109060204971,31.222148068774544,93.6948949281896 131.01090891291815,31.222148251217696,94.11817915879284 131.01091180643658,31.2221484363604,94.540691872428 131.01091470097683,31.222148624132096,94.9624181964552 131.01091759657663,31.222148814545392,95.3833626904172 131.01092049326746,31.22214900760322,95.80352889799836 131.01092339111156,31.22214920332725,96.22292550268048 131.01092628992035,31.22214940153861,96.6415185635722 131.01092918948646,31.222149602039604,97.05927115700752 131.01093208974393,31.22214980473863,97.47617045617764 131.01093499086576,31.222150009724565,97.8922438948864 131.0109378929075,31.22215021699143,98.30749912892615 131.01094079562296,31.22215042629721,98.72189322528445 131.01094369908418,31.222150637640897,99.13543665472989 131.01094660332097,31.22215085098518,99.548132798058 131.01094950827869,31.222151066226026,99.95997108878868 131.01095241378647,31.222151283169577,100.37092179493764 131.01095531981937,31.22215150172953,100.7809794680382 131.01095822636847,31.22215172182891,101.19014136121751 131.01096113343817,31.222151943398647,101.59840697096811 131.01096404132744,31.222152166581324,102.00582398575813 131.0109669498673,31.22215239117764,102.41236362490233 131.01096985892613,31.222152617015112,102.8180033697286 131.010972768471,31.222152843990408,103.22273682456392 131.0109756787492,31.22215307219768,103.62660308001988 131.01097858964442,31.2221533014736,104.02958239255548 131.01098150108513,31.22215353168676,104.43166240474564 131.01098441313843,31.22215376279973,104.83285304655108 131.01098732578012,31.222153994713445,105.23314972728518 131.01099023902546,31.222154227355343,105.6325542095909 131.0109931528478,31.22215446062528,106.0310616592698 131.0109960671238,31.222154694360217,106.4286519452936 131.01099898211655,31.222154928649008,106.82536626018144 131.0110018977528,31.222155163363272,107.22119256358636 131.0110048140268,31.22215539841908,107.6161295756396 131.01100773077553,31.22215563363536,108.01015138257964 131.01101064806568,31.22215586897652,108.40326820948296 131.01101356592292,31.22215610438233,108.79548390028135 131.01101648426146,31.222156339726823,109.18678496356618 131.0110194031278,31.222156574965872,109.57717860279308 131.01102232253584,31.22215681003692,109.96666696024975 131.01102524240235,31.222157044823305,110.35523721447125 131.01102816283955,31.222157279324207,110.74290682930216 131.01103108383208,31.22215751346644,111.12967356373144 131.01103400547936,31.222157747244825,111.5155529115438 131.0110369276621,31.22215798053272,111.90052676152952 131.01103985047723,31.222158213327265,112.28461023869396 131.0110427740191,31.222158445625976,112.66781804755207 131.01104569826083,31.2221586773622,113.05014639150782 131.01104862316075,31.222158908464085,113.43158927937247 131.01105154878093,31.22215913891864,113.81215650160296 131.0110544749806,31.222159368607624,114.19182716202808 131.01105740187623,31.222159597552327,114.57061931065655 131.01106032965043,31.222159825811275,114.94856096056677 131.01106325819805,31.222160053294623,115.32563671595652 131.01106618752112,31.222160279972087,115.70184739698075 131.0110691175401,31.22216050577389,116.07718153488892 131.011072048255,31.22216073067516,116.45163969739409 131.01107497971256,31.22216095467772,116.82522940470125 131.01107791173598,31.22216117767268,117.19792484875076 131.01108084452724,31.222161399747023,117.569756710151 131.0110837780995,31.222161620894603,117.94072749570168 131.01108671230412,31.22216184103089,118.31081574279524 131.01108964712995,31.222162060143887,118.68002039506032 131.0110925827505,31.22216227831739,119.04836768914616 131.0110955189936,31.22216249546458,119.41583279507698 131.01109845623148,31.222162711774555,119.78247103942708 131.01110139407777,31.22216292705904,120.14822626988273 131.01110433255124,31.222163141335784,120.51310180328306 131.0111072715065,31.22216335454296,120.87707695836804 131.01111021097344,31.22216356670945,121.24015672078568 131.0111131510072,31.222163777879626,121.60234968903872 131.0111160915149,31.222163988025567,121.96364294437667 131.01111903243728,31.22216419713896,122.32402843427964 131.0111219739896,31.222164405353524,122.68353786667372 131.011124916121,31.22216461266969,123.0421644005621 131.011127858526,31.222164818959328,123.39986449385252 131.0111308015534,31.22216502443361,123.75668878739624 131.01113374513176,31.22216522908837,124.11262749027613 131.01113668911472,31.2221654328824,124.4676600744191 131.01113963348433,31.22216563584329,124.82178437125296 131.01114257829065,31.222165838035977,125.17500793757688 131.0111455234784,31.22216603947128,125.52732329138216 131.0111484688816,31.222166240102,125.87870722810652 131.01115141488623,31.222166440180736,126.22921471674766 131.01115436148237,31.22216663974736,126.5788446093852 131.01115730849622,31.22216683875333,126.92757260514897 131.01116025592907,31.22216703724715,127.27539910764813 131.01116320379057,31.222167235283024,127.62232563265962 131.01116615216932,31.222167432960784,127.96836475308476 131.01116910099324,31.22216763029053,128.3135064683478 131.01117205023058,31.222167827306087,128.65774642920314 131.01117499972662,31.22216802396928,129.0010632410725 131.01117794921262,31.222168220174687,129.34341973033116 131.01118089876513,31.222168416019027,129.6848265934664 131.01118384852384,31.22216861163732,130.0253031519505 131.01118679850006,31.222168807089563,130.36485091859024 131.01118974873094,31.222169002451167,130.70347494643153 131.01119269909017,31.22216919769772,131.04115788018888 131.0111956493383,31.222169392733548,131.37786697916883 131.01119859981495,31.222169587822204,131.71364834818505 131.01120155049665,31.222169783001178,132.0484986478294 131.0112045014251,31.222169978349203,132.38242328393687 131.01120745259675,31.22217017391632,132.71542149225525 131.01121040398317,31.22217036973529,133.04748915216763 131.0112133557356,31.22217056595503,133.37864624583807 131.0112163076236,31.222170762474256,133.70886158309887 131.01121925968388,31.222170959365872,134.03813969017057 131.0112222120119,31.22217115674168,134.36649287041027 131.0112251644645,31.22217135455196,134.69390171425104 131.0112281166226,31.222171552555768,135.0203105532895 131.01123106820876,31.222171750605,135.3456825782164 131.01123401921987,31.222171948736555,135.67001719989537 131.0112369696485,31.222172146983063,135.99331323285406 131.01123991948737,31.22217234537596,136.31556953236677 131.0112428687298,31.22217254394541,136.6367849914705 131.0112458173693,31.2221727427204,136.95695853798497 131.01124876539987,31.222172941728576,137.27608913948015 131.01125171281592,31.22217314099626,137.59417581122807 131.01125465961212,31.22217334054849,137.9112176052703 131.01125760578364,31.22217354040884,138.2272136312884 131.01126055132605,31.22217374059952,138.5421630377204 131.01126349623527,31.222173941141325,138.8560650256751 131.0112664405078,31.2221741420536,139.1689188459501 131.01126938414035,31.22217434335421,139.48072380499488 131.0112723271302,31.222174545059616,139.79147926192854 131.01127526947496,31.222174747184805,140.10118462058887 131.01127821117268,31.22217494974325,140.40983935736188 131.01128115222187,31.22217515274701,140.71744299335123 131.0112840926215,31.22217535620658,141.02399510928626 131.0112870323708,31.22217556013107,141.32949534850525 131.01128997146964,31.22217576452809,141.63394340502694 131.01129290991813,31.222175969403835,141.937339035477 131.01129584771687,31.22217617476301,142.2396820571013 131.01129878486685,31.222176380608943,142.54097234677047 131.01130172136948,31.222176586943533,142.84120983700507 131.01130465722656,31.22217679376728,143.1403945229316 131.01130759244023,31.222177001079352,143.4385264602962 131.01131052701317,31.2221772088775,143.73560575949864 131.0113134609483,31.22217741715824,144.03163259553386 131.01131639424892,31.22217762591678,144.326607195069 131.0113193269187,31.222177835147047,144.62052984638342 131.01132225896188,31.222178044841765,144.91340089837377 131.0113251903827,31.222178254992425,145.20522075160957 131.01132812118598,31.222178465589387,145.4959898623082 131.01133105137674,31.22217867662187,145.78570874432256 131.01133398096044,31.222178888078,146.07437796417153 131.01133690994277,31.22217909994485,146.36199813905233 131.0113398383297,31.222179312208503,146.6485699418095 131.01134276612754,31.22217952485408,146.93409409298357 131.01134569334286,31.22217973786572,147.2185713618054 131.01134861998247,31.222179951226728,147.5020025642078 131.01135154605353,31.222180164919543,147.78438856481338 131.01135447156324,31.22218037892578,148.06573027295912 131.01135739651923,31.22218059322632,148.34602863772653 131.0113603209292,31.222180807801355,148.62528465191713 131.01136324480115,31.22218102263034,148.90349935006543 131.0113661681432,31.22218123769219,149.18067379949224 131.0113690909637,31.2221814529652,149.45680910726406 131.01137201327109,31.222181668427112,149.73190641522152 131.01137493507397,31.22218188405524,150.0059668920296 131.01137785638113,31.2221820998264,150.2789917460979 131.01138077720145,31.222182315717035,150.5509822066961 131.0113836975439,31.22218253170324,150.82193953886352 131.01138661741754,31.22218274776083,151.091865016573 131.0113895368315,31.222182963865304,151.36075995055984 131.01139245579503,31.222183179992,151.6286256694397 131.01139537431732,31.222183396116066,151.895463516725 131.01139829240773,31.22218361221248,152.16127485579457 131.01140121007555,31.22218382825617,152.42606106194387 131.01140412733008,31.22218404422204,152.68982352735387 131.01140704418063,31.22218426008493,152.95256365115156 131.0114099606366,31.222184475819773,153.2142828404046 131.0114128767071,31.222184691401534,153.47498251509143 131.0114157924015,31.22218490680532,153.73466409021023 131.01141870772886,31.2221851220064,153.9933289946635 131.01142162269832,31.22218533698019,154.25097864939224 131.0114245373189,31.222185551702378,154.50761447731617 131.01142745159953,31.22218576614889,154.76323789538088 131.01143036554907,31.222185980295915,155.01785032151605 131.01143327917617,31.22218619412,155.27145316668583 131.0114361924894,31.22218640759805,155.52404782693495 131.01143910549732,31.222186620707355,155.77563569233652 131.01144201820807,31.22218683342563,156.0262181410274 131.01144493062992,31.222187045731022,156.27579653821527 131.01144784277076,31.22218725760215,156.52437223120864 131.01145075463847,31.222187469018124,156.77194655438643 131.01145366624064,31.222187679958616,157.01852082124833 131.0114565775847,31.222187890403767,157.2640963283885 131.01145948867787,31.22218810033436,157.50867434655217 131.01146239952715,31.22218830973172,157.75225612659824 131.01146531013947,31.222188518577774,157.99484289850716 131.01146822052127,31.22218872685512,158.2364358634276 131.011471130679,31.22218893454698,158.47703619566633 131.01147404061877,31.22218914163721,158.7166450476568 131.01147695034646,31.222189348110344,158.9552635370391 131.01147985986776,31.22218955395161,159.19289275262318 131.01148276918795,31.222189759146943,159.4295337593594 131.01148567831237,31.222189963682965,159.66518758342897 131.01148858724582,31.22219016754699,159.89985522317758 131.01149149599297,31.22219037072708,160.1335376441465 131.0114944045581,31.22219057321204,160.3662357750961 131.0114973129455,31.222190774991404,160.59795051098885 131.0115002211588,31.22219097605545,160.82868271298872 131.01150312920174,31.222191176395206,161.05843320647315 131.0115060370776,31.22219137600243,161.28720278600505 131.01150894478937,31.22219157486961,161.51499220141434 131.01151185233988,31.22219177299004,161.7418021687346 131.01151475973157,31.22219197035768,161.96763336721932 131.0115176669667,31.222192166967297,162.19248644033763 131.01152057404732,31.222192362814365,162.416361995773 131.01152348097503,31.22219255789512,162.63926059946004 131.0115263877512,31.22219275220649,162.86118277856744 131.0115292943771,31.2221929457462,163.08212902845446 131.0115322008535,31.22219313851261,163.30209980273185 131.0115351071812,31.222193330504847,163.5210955162446 131.01153801336042,31.22219352172273,163.73911654904663 131.0115409193913,31.22219371216675,163.9561632434202 131.01154382527375,31.22219390183811,164.17223590288043 131.0115467310074,31.222194090738647,164.38733480012863 131.01154963659147,31.222194278870887,164.60146016313624 131.01155254202524,31.222194466237983,164.81461218707267 131.01155544730753,31.22219465284373,165.02679103430458 131.01155835243696,31.22219483869254,165.2379968304207 131.01156125741196,31.22219502378944,165.44822966224365 131.01156416223074,31.22219520814005,165.65748958578283 131.01156706689127,31.222195391750564,165.86577662225648 131.01156997139125,31.22219557462772,166.07309076107464 131.01157287572826,31.222195756778788,166.27943195884535 131.01157577989963,31.222195938211616,166.48480014036826 131.01157868390248,31.222196118934512,166.68919519962907 131.0115815877338,31.22219629895629,166.89261699582283 131.01158449139027,31.22219647828624,167.09506536925804 131.01158739486863,31.222196656934084,167.2965401125311 131.01159029816512,31.222196834910008,167.4970410142609 131.01159320127604,31.222197012224605,167.69656781436072 131.01159610419748,31.22219718888885,167.89512023882588 131.01159900692537,31.222197364914127,168.09269798184394 131.01160190945544,31.22219754031216,168.28930071672633 131.01160481178331,31.22219771509503,168.48492808994612 131.0116077139045,31.222197889275108,168.6795797261065 131.0116106158144,31.22219806286508,168.87325522992967 131.01161351750824,31.22219823587793,169.06595418128595 131.0116164189811,31.22219840832686,169.25767613917023 131.0116193202281,31.22219858022536,169.44842064865944 131.01162222124412,31.222198751587086,169.63818723097216 131.011625122024,31.222198922425964,169.8269753934096 131.01162802256252,31.22219909275602,170.01478462438396 131.01163092285435,31.222199262591488,170.20161439739525 131.01163382289403,31.222199431946745,170.38746417301851 131.01163672267623,31.222199600836287,170.57233339791108 131.0116396221953,31.22219976927472,170.75622150282143 131.0116425214458,31.22219993727672,170.93912791054467 131.01164542042198,31.22220010485704,171.1210520329374 131.0116483191183,31.222200272030488,171.3019932689314 131.0116512175291,31.222200438811875,171.4819510144723 131.01165411564864,31.222200605216063,171.66092465059205 131.01165701347122,31.22220077125786,171.83891355831847 131.01165991099114,31.222200936952085,172.015917107741 131.01166280820274,31.2222011023135,172.19193466695685 131.01166570510023,31.222201267356823,172.36696559908893 131.01166860167805,31.22220143209668,172.54100926427216 131.01167149793042,31.22220159654762,172.71406502064974 131.0116743938517,31.222201760724086,172.88613222337696 131.0116772894364,31.22220192464038,173.05721023058587 131.01168018467877,31.222202088310723,173.2272984013964 131.01168307957343,31.222202251749145,173.396396089954 131.01168597411487,31.222202414969537,173.5645026593425 131.01168886829768,31.222202577985616,173.7316174756228 131.01169176211653,31.22220274081089,173.897739902861 131.01169465556617,31.222202903458687,174.0628693180385 131.01169754864128,31.22220306594212,174.2270050991242 131.01170044133687,31.22220322827404,174.39014663004403 131.0117033336479,31.2222033904671,174.55229329968728 131.01170622556933,31.222203552533664,174.713444514827 131.0117091170964,31.222203714485893,174.87359967924775 131.01171200822432,31.22220387633564,175.03275820865463 131.01171489894847,31.22220403809448,175.19091953067232 131.01171778926422,31.22220419977372,175.3480830848462 131.01172067916724,31.222204361384343,175.5042483216462 131.01172356865322,31.222204522937087,175.65941470147592 131.0117264577179,31.22220468444232,175.81358169268165 131.01172934635733,31.22220484591011,175.96674878845056 131.01173223456743,31.222205007350244,176.1189154869321 131.0117351223445,31.222205168772128,176.27008129918832 131.01173800968485,31.22220533018485,176.42024575714655 131.0117408965849,31.22220549159717,176.56940840564658 131.01174378304137,31.222205653017475,176.71756880343514 131.01174666905095,31.222205814453847,176.8647265301235 131.01174955461056,31.222205975913983,177.01088117525336 131.01175243971727,31.222206137405223,177.1560323492309 131.01175532436824,31.22220629893456,177.30017968034454 131.0117582085609,31.222206460508623,177.44332281377066 131.0117610922928,31.222206622133697,177.58546141455545 131.0117639755616,31.22220678381569,177.7265951646328 131.0117668583651,31.22220694556012,177.86672376481323 131.01176974070137,31.222207107372185,178.00584693279438 131.01177262256854,31.22220726925668,178.14396441508896 131.011775503965,31.222207431218063,178.2810759651582 131.01177838488923,31.222207593260432,178.41718136329055 131.01178126533992,31.222207755387497,178.55228041063748 131.01178414531591,31.222207917602624,178.6863729262313 131.0117870248162,31.222208079908825,178.81945875096238 131.01178990383994,31.22220824230873,178.95153774260763 131.01179278238652,31.222208404804665,179.08260978477776 131.01179566045548,31.22220856739853,179.2126747779696 131.0117985380465,31.22220873009193,179.34173264553155 131.01180141515945,31.222208892886112,179.46978333068145 131.01180429179428,31.222209055781978,179.59682679948617 131.0118071679513,31.222209218780087,179.72286303390803 131.01181004363087,31.22220938188067,179.8478920427342 131.01181291883347,31.22220954508361,179.97191385263386 131.01181579355986,31.22220970838852,180.09492851014397 131.01181866781093,31.22220987179464,180.2169360846532 131.01182154158764,31.222210035300886,180.33793666144345 131.0118244148913,31.22221019890592,180.4579303546092 131.0118272877232,31.22221036260809,180.5769172881771 131.01183016008494,31.22221052640541,180.69489761597947 131.0118330319782,31.222210690295626,180.8118715077433 131.01183590340477,31.222210854276195,180.927839148094 131.0118387743667,31.222211018344325,181.04280075047225 131.01184164486617,31.22221118249693,181.15675653625925 131.01184451490545,31.22221134673065,181.26970675763857 131.01184738448703,31.222211511041888,181.38165167771783 131.01185025361346,31.22221167542679,181.49259158146145 131.0118531222876,31.22221183988127,181.602526769727 131.01185599051223,31.222212004401,181.7114575622465 131.0118588582905,31.222212168981432,181.8193842956404 131.01186172562552,31.22221233361777,181.92630732639688 131.0118645925206,31.22221249830505,182.03222702491112 131.01186745897922,31.22221266303808,182.13714377846443 131.0118703250049,31.222212827811465,182.2410579902325 131.01187319060136,31.222212992619628,182.343970079284 131.01187605577246,31.22221315745681,182.44588048058128 131.0118789205221,31.22221332231709,182.5467896439866 131.01188178485427,31.22221348719441,182.64669802929248 131.0118846487732,31.22221365208248,182.74560611914248 131.0118875122832,31.22221381697491,182.84351440213453 131.0118903753886,31.22221398186519,182.94042338375488 131.01189323809388,31.22221414674664,183.036333576438 131.01189610040365,31.222214311612465,183.131245512488 131.01189896232253,31.22221447645577,183.22515973016428 131.0119018238553,31.22221464126953,183.3180767826261 131.01190468500684,31.22221480604665,183.4099972319696 131.0119075457821,31.22221497077992,183.50092164724023 131.011910406186,31.22221513546205,183.5908506094013 131.01191326622364,31.22221530008567,183.6797847143172 131.01191612590023,31.222215464643384,183.7677245568507 131.01191898522097,31.222215629127668,183.85467074676387 131.01192184419116,31.222215793530992,183.940623897788 131.011924702816,31.222215957845787,184.0255846296082 131.01192756110106,31.222216122064427,184.1095535728368 131.01193041905168,31.222216286179275,184.192531361058 131.01193327667335,31.22221645018264,184.27451863381327 131.01193613397163,31.22221661406685,184.35551603461167 131.01193899095205,31.22221677782424,184.4355242159004 131.01194184762016,31.222216941447066,184.51454382713587 131.01194470398164,31.22221710492767,184.5925755247268 131.01194756004213,31.222217268258383,184.6696199690488 131.01195041580726,31.22221743143156,184.74567782146443 131.0119532712827,31.22221759443958,184.8207497403476 131.01195612647416,31.22221775727485,184.89483639301068 131.01195898138732,31.222217919929847,184.967938443777 131.0119618360279,31.22221808239704,185.04005655696304 131.01196469040156,31.222218244669,185.11119139489065 131.01196754451396,31.222218406738325,185.18134362683267 131.01197039837083,31.22221856859771,185.25051391012823 131.0119732519778,31.222218730239906,185.31870290608563 131.01197610534047,31.22221889165772,185.38591127700045 131.0119789584645,31.22221905284408,185.45213967124764 131.01198181135555,31.22221921379198,185.5173887461404 131.011984664019,31.222219374494507,185.58165914606576 131.01198751646052,31.22221953494485,185.6449515173917 131.01199036868547,31.222219695136296,185.7072664985296 131.01199322069937,31.22221985506225,185.76860472390857 131.01199607250757,31.22222001471622,185.8289668190068 131.0119989241154,31.22222017409185,185.88835340830343 131.01200177552815,31.22222033318287,185.9467651093136 131.0120046267511,31.22222049198316,186.004202530602 131.01200747778927,31.22222065048672,186.06066627178305 131.01201032864788,31.22222080868769,186.1161569284894 131.0120131793319,31.222220966580373,186.1706750854152 131.01201602984622,31.222221124159155,186.2242213202925 131.01201888019577,31.22222128141861,186.2767962009085 131.01202173038536,31.22222143835344,186.32840028908151 131.01202458041962,31.222221594958505,186.37903413171705 131.0120274303032,31.22222175122881,186.42869826975087 131.01203028004065,31.22222190715953,186.4773932321877 131.0120331296363,31.222222062745995,186.52511954007525 131.01203597909466,31.22222221798371,186.57187769656687 131.01203882841986,31.2222223728683,186.6176682038164 131.012041677616,31.22222252739561,186.6624915431016 131.01204452668716,31.222222681561604,186.70634818873657 131.01204737563725,31.222222835362448,186.7492386060874 131.01205022447004,31.22222298879448,186.79116323666065 131.01205307318924,31.222223141854176,186.83212252195847 131.01205592179846,31.22222329453824,186.8721168865825 131.0120587703011,31.22222344684352,186.91114673823265 131.01206161870053,31.22222359876704,186.949212474666 131.01206446699993,31.222223750306,186.98631448468936 131.01206731520247,31.22222390145779,187.02245313424584 131.01207016331102,31.22222405221998,187.0576287753597 131.01207301132845,31.222224202590297,187.0918417590567 131.01207585925746,31.22222435256668,187.12509240852805 131.0120787071006,31.222224502147235,187.1573810419925 131.01208155486034,31.22222465133023,187.18870795579767 131.01208440253896,31.222224800114148,187.21907343535497 131.01208725013862,31.22222494849761,187.24847775414435 131.01209009766131,31.22222509647948,187.2769211637745 131.01209294510895,31.222225244058727,187.3044039098888 131.0120957924833,31.222225391234552,187.3309262152646 131.01209863978588,31.22222553800632,187.35648829273748 131.0121014870182,31.222225684373537,187.38109033625403 131.01210433418154,31.222225830335947,187.4047325318056 131.01210718127703,31.22222597589344,187.42741503854447 131.0121100283058,31.222226121046063,187.4491380106485 131.01211287526863,31.22222626579407,187.46990158738387 131.01211572216624,31.22222641013787,187.48970588217028 131.01211856899923,31.22222655407805,187.50855100941808 131.012121415768,31.22222669761532,187.52643705172824 131.01212426247287,31.22222684075061,187.543364090704 131.01212710911395,31.22222698348501,187.55933218408987 131.01212995569122,31.22222712581976,187.5743413767073 131.01213280220452,31.222227267756235,187.5883917024396 131.01213564865347,31.22222740929603,187.6014831732996 131.0121384950377,31.222227550440827,187.6136157933462 131.01214134135657,31.222227691192508,187.6247895507312 131.01214418760927,31.22222783155309,187.63500441471712 131.01214703379495,31.222227971524752,187.64426034561868 131.01214987991258,31.222228111109786,187.65255728684983 131.0121527259609,31.222228250310664,187.65989516591665 131.0121555719386,31.222228389129985,187.66627390137745 131.01215841784415,31.222228527570465,187.67169339588304 131.01216126367595,31.22222866563497,187.6761535351833 131.0121641094323,31.222228803326527,187.67965419409265 131.0121669551112,31.222228940648247,187.68219523549223 131.01216980071064,31.222229077603373,187.68377651132727 131.01217264622844,31.222229214195288,187.6843978516725 131.0121754916623,31.222229350427472,187.684059082622 131.0121783370097,31.222229486303544,187.68276001436405 131.01218118226805,31.22222962182721,187.68050044714315 131.01218402743473,31.22222975700232,187.67728016231456 131.0121868725068,31.222229891832768,187.6730989412296 131.01218971748133,31.222230026322595,187.66795654138127 131.0121925623552,31.22223016047593,187.66185271826976 131.0121954071252,31.222230294296992,187.65478721049547 131.01219825178802,31.22223042779008,187.64675974969543 131.0122010963401,31.222230560959574,187.6377700555756 131.0122039407779,31.222230693809976,187.62781783690448 131.01220678509785,31.22223082634581,187.61690279350063 131.01220962929597,31.22223095857172,187.60502461523816 131.0122124733685,31.222231090492368,187.59218298502967 131.01221531731127,31.222231222112537,187.57837757087367 131.01221816112027,31.222231353437035,187.56360803778287 131.01222100479123,31.22223148447072,187.54787404181863 131.01222384831988,31.222231615218536,187.53117522711108 131.01222669170178,31.22223174568545,187.51351123281563 131.0122295349324,31.22223187587648,187.4948816891372 131.0122323780072,31.222232005796688,187.47528622229987 131.01223522092147,31.22223213545116,187.4547244505715 131.01223806367048,31.22223226484504,187.4331959842629 131.0122409062494,31.222232393983457,187.41070042473444 131.01224374865325,31.222232522871607,187.3872373743353 131.0122465908771,31.222232651514663,187.3628064294452 131.01224943291592,31.22223277991786,187.33740717351768 131.0122522747645,31.2222329080864,187.31103919198864 131.01225511641783,31.22223303602552,187.28370206830053 131.01225795787056,31.22223316374044,187.2553953769444 131.01226079911743,31.2222332912364,187.22611868445472 131.0122636401531,31.2222334185186,187.19587156531088 131.01226648097216,31.22223354559225,187.16465358802367 131.01226932156922,31.222233672462536,187.1324643111581 131.01227216193885,31.222233799134656,187.09930329426737 131.01227500207548,31.22223392561376,187.06517010087407 131.01227784197363,31.222234051904955,187.0300642915126 131.01228068162777,31.222234178013352,186.99398542174248 131.0122835210323,31.222234303943992,186.956933047116 131.0122863601816,31.222234429701903,186.91890672417367 131.01228919907012,31.222234555292065,186.8799060104428 131.01229203769222,31.2222346807194,186.8399304634449 131.01229487604226,31.2222348059888,186.7989796377132 131.01229771411465,31.22223493110508,186.75705309771257 131.0123005519037,31.222235056073007,186.7141503999508 131.0123033894039,31.222235180897293,186.67027111086787 131.01230622660967,31.222235305582576,186.62541479093355 131.01230906351532,31.22223543013341,186.57958101154324 131.01231190011532,31.222235554554327,186.53276934309224 131.01231473640416,31.22223567884972,186.4849793619321 131.0123175723763,31.222235803023946,186.4362106444072 131.01232040802623,31.222235927081265,186.3864627718244 131.01232324334865,31.22223605102585,186.33573533442888 131.012326078338,31.22223617486181,186.2840279224588 131.012328912989,31.222236298593096,186.23134013508903 131.01233174729634,31.22223642222365,186.17767157049528 131.01233458125475,31.222236545757266,186.1230218427464 131.01233741485908,31.222236669197635,186.067390565905 131.01234024810415,31.222236792548347,186.01077736297137 131.01234308098495,31.22223691581292,185.95318186190784 131.01234591349652,31.22223703899472,185.89460369464425 131.0123487456339,31.22223716209701,185.8350425119876 131.01235157739222,31.22223728512297,185.7744979617556 131.01235440876678,31.222237408075618,185.71296970964795 131.0123572397529,31.2222375309579,185.650457417382 131.01236007034606,31.22223765377261,185.58696076853312 131.01236290054177,31.22223777652241,185.522479446668 131.01236573033557,31.22223789920988,185.45701314826715 131.0123685597233,31.222238021837445,185.39056158172963 131.0123713887008,31.2222381444074,185.32312446439144 131.01237421726393,31.22223826692192,185.2547015215337 131.01237704540884,31.22223838938304,185.18529249035376 131.01237987313166,31.22223851179267,185.11489712096383 131.01238270042876,31.222238634152585,185.0435151704244 131.0123855272965,31.22223875646442,184.9711464116909 131.01238835373147,31.222238878729684,184.8977906256612 131.0123911797304,31.222239000949724,184.82344761012257 131.0123940052901,31.22223912312577,184.74811716881663 131.0123968304075,31.222239245258915,184.67179912237296 131.01239965507983,31.22223936735012,184.59449329936604 131.01240247930423,31.22223948940016,184.5161995482381 131.0124053030782,31.22223961140971,184.4369177233878 131.0124081263992,31.222239733379293,184.35664769510768 131.01241094926505,31.222239855309287,184.27538934660348 131.01241377167355,31.22223997719994,184.1931425729981 131.01241659362276,31.222240099051334,184.109907287298 131.0124194151109,31.22224022086344,184.02568341343328 131.01242223613627,31.222240342636063,183.94047088924137 131.01242505669742,31.22224046436888,183.8542696654712 131.01242787679303,31.2222405860614,183.76707970578485 131.012430696422,31.22224070771304,183.67890099172635 131.01243351558333,31.22224082932304,183.589733518746 131.01243633427623,31.22224095089049,183.49957729520617 131.01243915250012,31.2222410724144,183.4084323413888 131.01244197025454,31.222241193893584,183.3162986984388 131.01244478753918,31.222241315326755,183.2231764164381 131.01244760435404,31.222241436712483,183.1290655573884 131.01245042069917,31.222241558049166,183.03396620713423 131.01245323657483,31.22224167933513,182.93787845946585 131.01245605198156,31.22224180056856,182.84080242307303 131.01245886691993,31.22224192174744,182.74273822452687 131.0124616813908,31.22224204286969,182.64368600231856 131.01246449539516,31.222242163933124,182.5436459058624 131.01246730893428,31.222242284935376,182.44261810742603 131.01247012200943,31.222242405873995,182.34060278722023 131.01247293462225,31.222242526746367,182.23760014234227 131.01247574677444,31.222242647549816,182.13361037982253 131.01247855846796,31.222242768281507,182.02863372755408 131.01248136970494,31.222242888938524,181.92267042236807 131.0124841804876,31.222243009517783,181.81572071897773 131.01248699081847,31.22224313001617,181.7077848810333 131.01248980070017,31.222243250430388,181.5988631910612 131.01249261013558,31.22224337075709,181.48895593953245 131.0124954191276,31.222243490992817,181.37806343380544 131.01249822767954,31.222243611133983,181.26618599315853 131.01250103579463,31.22224373117696,181.15332395177032 131.01250384347645,31.22224385111796,181.0394776537514 131.01250665072868,31.22224397095317,180.92464745811304 131.01250945755518,31.222244090678668,180.8088337308168 131.0125122639599,31.22224421029044,180.69203686067544 131.01251506994709,31.222244329784395,180.57425723749 131.01251787552104,31.2222444491564,180.45549526695456 131.01252068068618,31.222244568402186,180.3357513706605 131.01252348544725,31.222244687517488,180.21502597217807 131.01252628980893,31.222244806497937,180.09331951097377 131.0125290937762,31.22224492533911,179.9706324394274 131.01253189735405,31.22224504403653,179.8469652128932 131.0125347005478,31.22224516258565,179.72231830460936 131.01253750336264,31.22224528098189,179.59669219376963 131.01254030580412,31.22224539922063,179.47008736453108 131.01254310787775,31.222245517297186,179.3425043199281 131.01254590958928,31.222245635206832,179.21394356199383 131.01254871094443,31.22224575294484,179.08440560766388 131.01255151194923,31.222245870506462,178.95389097386737 131.0125543126096,31.222245987886858,178.82240019442267 131.01255711293172,31.222246105081226,178.68993380512984 131.01255991292172,31.222246222084728,178.5564923497333 131.0125627125859,31.22224633889252,178.422076375947 131.01256551193066,31.22224645549972,178.2866864424121 131.01256831096248,31.22224657190148,178.15032310875628 131.0125711096878,31.222246688092927,178.01298693957173 131.0125739081132,31.22224680406923,177.8746785083889 131.01257670624537,31.222246919825498,177.73539838873236 131.0125795040909,31.22224703535693,177.59514716207198 131.01258230165655,31.22224715065869,177.45392540887795 131.01258509894913,31.222247265726008,177.31173371657212 131.01258789597532,31.22224738055408,177.1685726715761 131.01259069274195,31.222247495138177,177.02444286825744 131.01259348925592,31.222247609473623,176.87934489600855 131.01259628552398,31.22224772355571,176.7332793481916 131.012599081553,31.222247837379847,176.5862468201516 131.0126018773498,31.222247950941444,176.43824790424594 131.0126046729212,31.222248064235977,176.28928319580837 131.01260746827398,31.222248177258976,176.1393532921555 131.01261026341493,31.22224829000601,175.98845878264692 131.01261305835075,31.22224840247277,175.83660025862525 131.01261585308816,31.22224851465496,175.68377830943984 131.0126186476338,31.22224862654836,175.52999352542935 131.01262144199424,31.222248738148863,175.375246486988 131.01262423617598,31.22224884945241,175.21953777848069 131.0126270301855,31.222248960455047,175.0628679753226 131.01262982402915,31.22224907115289,174.9052376509356 131.01263261771322,31.2222491815422,174.74664737476166 131.01263541124388,31.22224929161924,174.5870977092804 131.0126382046272,31.222249401380463,174.42658921299196 131.0126409978691,31.222249510822365,174.26512243544522 131.01264379097557,31.22224961994157,174.1026979251918 131.01264658395215,31.22224972873483,173.9393162228268 131.01264937680463,31.22224983719896,173.77497785800867 131.0126521695383,31.22224994533097,173.60968334945713 131.0126549621586,31.22225005312791,173.44343321787673 131.01265775467058,31.222250160586963,173.27622797402742 131.01266054707932,31.2222502677055,173.10806811176937 131.0126633393896,31.22225037448096,172.93895411998832 131.01266613160607,31.22225048091092,172.76888648160207 131.01266892373323,31.22225058699312,172.59786566262866 131.01267171577535,31.222250692725403,172.4258921251054 131.01267450773656,31.222250798105776,172.2529663171513 131.0126772996207,31.2222509031324,172.07908867594804 131.01268009143143,31.222251007803543,171.90425962873374 131.0126828831723,31.222251112117625,171.72847959081636 131.01268567484647,31.22225121607324,171.55174895960852 131.0126884664571,31.2222513196691,171.37406813251968 131.01269125800684,31.22225142290409,171.19543748210674 131.01269404949835,31.22225152577722,171.01585737595357 131.01269684093396,31.22225162828768,170.835328164743 131.01269963231567,31.222251730434778,170.6538501862339 131.0127024236454,31.222251832218014,170.47142376526008 131.01270521492475,31.22225193363701,170.2880492137294 131.01270800615498,31.2222520346916,170.1037268246629 131.01271079733715,31.22225213538168,169.91845688610735 131.01271358847217,31.222252235707387,169.73223966026407 131.01271637956043,31.222252335669,169.54507540734264 131.01271917060225,31.222252435266945,169.356964359719 131.01272196159763,31.22225253450181,169.16790674678325 131.01272475254626,31.222252633374296,168.9779027730736 131.0127275434476,31.222252731885348,168.78695263417964 131.0127303343008,31.22225283003601,168.59505650978403 131.01273312510477,31.22225292782748,168.40221455968677 131.012735915858,31.222253025261143,168.2084269297697 131.012738706559,31.222253122338497,168.01369375597093 131.0127414972056,31.22225321906121,167.81801515335223 131.01274428779573,31.222253315431097,167.6213912230571 131.01274707832675,31.222253411450144,167.423822050321 131.01274986879585,31.22225350712042,167.22530770944374 131.0127526591999,31.222253602444194,167.02584825086512 131.01275544953555,31.22225369742387,166.82544372104695 131.01275823979913,31.222253792061966,166.6240941406028 131.01276102998662,31.222253886361152,166.42179952616843 131.01276382009385,31.22225398032425,166.2185598675376 131.0127666101163,31.222254073954154,166.0143751525129 131.01276940004917,31.22225416725394,165.80924534205676 131.0127721898874,31.22225426022676,165.60317039513808 131.01277497962576,31.222254352875925,165.39615024587465 131.0127777692586,31.222254445204843,165.1881848214216 131.0127805587801,31.222254537217044,164.97927403103856 131.01278334818414,31.22225462891614,164.76941777602923 131.0127861374644,31.222254720305862,164.55861594079653 131.01278892661435,31.222254811390066,164.34686839781062 131.01279171562712,31.22225490217265,164.13417500661643 131.0127945044956,31.222254992657668,163.92053561582057 131.01279729321263,31.222255082849195,163.70595006110386 131.01280008177062,31.222255172751424,163.49041817018974 131.0128028701619,31.22225526236861,163.27393975588907 131.0128056583785,31.222255351705066,163.0565146210673 131.01280844641246,31.22225544076519,162.83814256162762 131.0128112342553,31.22225552955341,162.61882335955255 131.01281402189863,31.222255618074254,162.39855678986223 131.01281680933377,31.22225570633223,162.17734261862563 131.0128195965519,31.22225579433196,161.95518060196707 131.01282238354415,31.22225588207805,161.73207049103573 131.01282517030123,31.22225596957515,161.50801203101128 131.01282795681402,31.222256056827945,161.28300495414635 131.01283074307307,31.22225614384116,161.05704898970703 131.01283352906896,31.222256230619447,160.83014386496436 131.01283631479205,31.222256317167567,160.60228929625117 131.01283910023267,31.222256403490192,160.37348499790565 131.01284188538105,31.22225648959203,160.14373068227292 131.01284467022737,31.22225657547776,159.91302605175156 131.01284745476173,31.22225666115204,159.68137081171656 131.0128502389742,31.222256746619507,159.44876466455406 131.01285302285476,31.222256831884767,159.21520731165026 131.0128558063935,31.2222569169524,158.98069845140327 131.0128585895803,31.222257001826897,158.74523778021654 131.01286137240527,31.222257086512737,158.50882499846236 131.01286415485836,31.22225717101433,158.27145980650695 131.01286693692958,31.222257255336004,158.03314190570313 131.01286971860907,31.22225733948201,157.793870998391 131.01287249988695,31.22225742345656,157.5536467908798 131.0128752807534,31.22225750726372,157.31246899344762 131.01287806119876,31.22225759090752,157.07033732034043 131.0128808412133,31.222257674391862,156.8272514857981 131.0128836207876,31.22225775772056,156.58321121896185 131.01288639991213,31.22225784089733,156.33821624598428 131.01288917857772,31.222257923925767,156.09226630394394 131.01289195677523,31.22225800680932,155.84536113587546 131.01289473449566,31.22225808955132,155.59750049176375 131.0128975117302,31.222258172154984,155.34868413351415 131.01290028847032,31.22225825462339,155.09891182600526 131.01290306470753,31.22225833695945,154.84818335200063 131.0129058404336,31.222258419165968,154.5964984952487 131.01290861564058,31.222258501245584,154.3438570583766 131.0129113903207,31.22225858320077,154.0902588499662 131.01291416446648,31.22225866503384,153.83570369449555 131.0129169380706,31.222258746746967,153.58019142438692 131.01291971112607,31.222258828342127,153.3237218889508 131.01292248362623,31.22225890982113,153.0662949484246 131.0129252555647,31.22225899118564,152.8079104769525 131.01292802693527,31.22225907243707,152.54856836457378 131.01293079773225,31.22225915357673,152.28826851523596 131.01293356795003,31.22225923460573,152.0270108517633 131.01293633758362,31.22225931552496,151.76479530889955 131.01293910662804,31.22225939633516,151.50162183628987 131.01294187507892,31.22225947703686,151.23749040444508 131.01294464293215,31.22225955763039,150.9724009957945 131.01294741018398,31.22225963811588,150.7063536166156 131.01295017683108,31.22225971849329,150.43934828112913 131.01295294287047,31.22225979876236,150.17138503336636 131.0129557082995,31.22225987892265,149.90246392629655 131.012958473116,31.222259958973503,149.6325850357426 131.01296123731822,31.2222600389141,149.3617484534219 131.01296400090467,31.222260118743403,149.08995428992975 131.01296676387443,31.222260198460173,148.81720268070328 131.01296952622693,31.22226027806296,148.54349377309796 131.01297228796193,31.22226035755017,148.26882773434207 131.0129750490798,31.222260436919925,147.993204755511 131.01297780958114,31.222260516170262,147.7166250445696 131.0129805694671,31.222260595298945,147.43908882637223 131.01298332873912,31.22226067430361,147.1605963496213 131.01298608739924,31.222260753181693,146.88114787990935 131.01298884544977,31.22226083193041,146.60074370468763 131.01299160289352,31.222260910546822,146.3193841263111 131.01299435973368,31.22226098902784,146.0370694699872 131.0129971159739,31.22226106737016,145.75380007781453 131.01299987161815,31.22226114557033,145.46957631275714 131.013002626671,31.222261223624745,145.18439855467005 131.0130053811372,31.22226130152963,144.89826720228635 131.01300813502203,31.222261379281075,144.61118267321734 131.0130108883311,31.222261456875,144.32314540494775 131.01301364107047,31.222261534307165,144.0341558468823 131.01301639324657,31.22226161157323,143.7442144712806 131.01301914486612,31.22226168866869,143.45332176331797 131.01302189593633,31.222261765588968,143.1614782260537 131.01302464646463,31.22226184232932,142.86868438142733 131.01302739645888,31.222261918884893,142.57494076528647 131.01303014592727,31.222261995250754,142.28024792440743 131.01303289487828,31.22226207142188,141.98460642345125 131.01303564332068,31.22226214739309,141.6880168459587 131.0130383912636,31.2222622231592,141.390479783417 131.01304113871635,31.222262298714902,141.09199583923458 131.01304388568866,31.222262374054832,140.79256563371203 131.01304663219037,31.2222624491736,140.492189797085 131.0130493782316,31.222262524065705,140.19086897051625 131.01305212382275,31.22226259872565,139.8886038051036 131.01305486897436,31.22226267314789,139.5853949628735 131.01305761369716,31.22226274732688,139.2812431147932 131.0130603580021,31.222262821256983,138.97614894176473 131.01306310190023,31.222262894932616,138.67011312866111 131.01306584540282,31.222262968348208,138.36313636730827 131.01306858852112,31.22226304149816,138.05521936543175 131.0130713312666,31.22226311437693,137.74636282081255 131.0130740736508,31.222263186978967,137.43656745110667 131.01307681568528,31.222263259298767,137.12583396303228 131.0130795573816,31.222263331330872,136.81416307821323 131.01308229875144,31.22226340306989,136.50155551628123 131.0130850398064,31.22226347451049,136.18801199487592 131.01308778055807,31.22226354564744,135.87353323759703 131.01309052101809,31.222263616475537,135.55811996704676 131.01309326119784,31.22226368698969,135.24177289787184 131.01309600110886,31.222263757184948,134.92449275266685 131.0130987407624,31.2222638270564,134.6062802470654 131.01310148016964,31.222263896599284,134.2871360917276 131.01310421934164,31.222263965809017,133.96706098935883 131.01310695828923,31.22226403468106,133.64605565061234 131.01310969702317,31.222264103211074,133.3241207612893 131.01311243555384,31.22226417139487,133.00125701613405 131.01311517389155,31.22226423922836,132.67746509199486 131.01311791204623,31.22226430670766,132.3527456637304 131.01312065002767,31.22226437382911,132.02709939029205 131.01312338784527,31.22226444058916,131.70052692665269 131.0131261255081,31.222264506984462,131.37302891784248 131.013128863025,31.222264573011856,131.04460598503303 131.01313160040442,31.222264638668413,130.7152587493939 131.0131343376544,31.222264703951367,130.3849878151936 131.01313707478263,31.2222647688582,130.05379377377636 131.0131398117964,31.222264833386603,129.7216771956105 131.01314254870266,31.222264897534448,129.38863864519715 131.01314528550773,31.222264961299885,129.05467866616215 131.0131480222177,31.222265024681256,128.7197977812543 131.0131507588381,31.222265087677147,128.3839965042743 131.01315349537393,31.222265150286404,128.04727532715253 131.01315623182978,31.22226521250808,127.70963472491904 131.01315896820972,31.222265274341485,127.3710751537156 131.0131617045173,31.22226533578616,127.0315970478134 131.0131644407556,31.22226539684192,126.69120082557808 131.013167176927,31.22226545750877,126.34988688648616 131.01316991303355,31.22226551778703,126.00765560317387 131.01317264907664,31.222265577677224,125.66450733336522 131.01317538505705,31.222265637180165,125.32044241092548 131.01317812097517,31.22226569629687,124.9754611528196 131.01318085683067,31.2222657550286,124.62956384519596 131.0131835926227,31.22226581337689,124.28275076724204 131.01318632834986,31.222265871343502,123.93502216037096 131.0131890640101,31.22226592893047,123.58637825605268 131.01319179960095,31.222265986139984,123.23681925593456 131.0131945351192,31.22226604297453,122.88634534873913 131.0131972705611,31.22226609943684,122.53495669435944 131.01320000592253,31.222266155529788,122.18265343280588 131.01320274119843,31.222266211256567,121.82943568022944 131.01320547638355,31.222266266620505,121.47530353786776 131.01320821147186,31.2222663216252,121.12025708011728 131.0132109464569,31.222266376274384,120.76429636149076 131.01321368133156,31.22226643057205,120.4074214136356 131.01321641608828,31.222266484522343,120.0496322572612 131.01321915071907,31.22226653812959,119.6909288822591 131.01322188521527,31.222266591398288,119.33131126559532 131.0132246195678,31.222266644333097,118.97077936136948 131.01322735376715,31.22226669693885,118.60933310976088 131.01323008780332,31.22226674922051,118.2469724280828 131.0132328216658,31.22226680118318,117.88369722171645 131.01323555534378,31.22226685283209,117.5195073731755 131.0132382888259,31.222266904172564,117.15440275403608 131.01324102210057,31.22226695521005,116.78838322195276 131.01324375515568,31.222267005950105,116.42144861370171 131.01324648797885,31.222267056398344,116.05359875511957 131.01324922055738,31.222267106560462,115.6848334620987 131.0132519528783,31.222267156442182,115.31515253561508 131.01325468492823,31.22226720604932,114.94455576769414 131.0132574166938,31.222267255387727,114.57304293743364 131.01326014816107,31.222267304463244,114.20061381696785 131.0132628793162,31.222267353281733,113.82726816848476 131.013265610145,31.222267401849045,113.4530057501913 131.0132683406332,31.22226745017105,113.07782631134208 131.01327107076642,31.222267498253565,112.70172959323368 131.0132738005302,31.22226754610239,112.32471533815075 131.01327652990992,31.222267593723245,111.94678328141372 131.0132792588911,31.22226764112176,111.56793316430064 131.01328198745915,31.222267688303564,111.18816471217887 131.01328471559947,31.22226773527414,110.8074776623382 131.01328744329763,31.22226778203888,110.4258717530552 131.0132901705393,31.222267828603066,110.04334671762972 131.01329289731007,31.22226787497185,109.65990230028964 131.01329562359598,31.22226792115024,109.2755382482374 131.01329834938295,31.22226796714313,108.89025430668111 131.0133010746574,31.22226801295517,108.5040502387141 131.0133037994057,31.22226805859093,108.11692580841658 131.0133065236147,31.22226810405476,107.72888079079613 131.01330924727145,31.2222681493508,107.33991497476931 131.01331197036345,31.222268194482968,106.95002814924572 131.0133146928784,31.22226823945505,106.55922012400188 131.01331741480445,31.222268284270545,106.16749072272432 131.01332013613015,31.22226832893272,105.77483978101888 131.01332285684458,31.22226837344464,105.3812671444264 131.01332557693712,31.222268417809065,104.98677268134117 131.0133282963978,31.22226846202857,104.591356273074 131.01333101521703,31.222268506105408,104.19501782080764 131.01333373338585,31.22226855004161,103.79775724162276 131.01333645089576,31.222268593838905,103.39957447247308 131.01333916773893,31.222268637498736,103.00046947117924 131.0133418839081,31.22226868102232,102.60044221841802 131.0133445993966,31.222268724410497,102.19949271275031 131.01334731419843,31.22226876766389,101.79762097261188 131.01335002830817,31.22226881078283,101.39482704625088 131.01335274172115,31.222268853767314,100.9911109968197 131.01335545443337,31.222268896617045,100.5864729182783 131.01335816644135,31.222268939331475,100.18091292346618 131.0133608777426,31.22226898190972,99.77443114907288 131.01336358833507,31.222269024350627,99.367027760608 131.0133662982176,31.22226906665272,98.95870294643684 131.01336900738963,31.22226910881428,98.5494569147996 131.0133717158514,31.22226915083325,98.1392899087199 131.0133744236038,31.22226919270732,97.7282021901022 131.0133771306485,31.222269234433888,97.3161940466898 131.01337983698787,31.22226927601009,96.90326579007596 131.01338254262504,31.2222693174328,96.48941776564524 131.01338524756375,31.2222693586986,96.07465033070484 131.01338795180857,31.22226939980384,95.65896387436489 131.01339065536467,31.22226944074464,95.24235881555092 131.01339335823795,31.222269481516847,94.82483558511184 131.01339606043504,31.22226952211608,94.40639464768742 131.01339876196317,31.22226956253777,93.9870364867996 131.01340146283007,31.222269602777136,93.56676160683936 131.01340416304438,31.22226964282917,93.14557054201411 131.01340686261517,31.222269682688705,92.7234638414368 131.0134095615522,31.2222697223504,92.30044207409637 131.0134122598657,31.222269761808697,91.8765058397922 131.01341495756648,31.222269801058,91.45165574328968 131.01341765466583,31.22226984009244,91.02589242215302 131.01342035117565,31.222269878906143,90.59921652090048 131.0134230471081,31.222269917493097,90.17162870591514 131.013425742476,31.22226995584713,89.74312966146904 131.0134284372924,31.222269993962087,89.31372008475277 131.01343113157083,31.2222700318317,88.88340068388811 131.01343382532502,31.222270069449657,88.4521721828977 131.01343651856916,31.222270106809628,88.02003532170538 131.0134392113176,31.22227014390525,87.58699084520244 131.01344190358495,31.222270180730177,87.15303950622896 131.013444595386,31.222270217278066,86.71818207352693 131.01344728673575,31.22227025354262,86.2824193188176 131.01344997764917,31.222270289517585,85.84575201779542 131.01345266814147,31.22227032519676,85.40818095708705 131.01345535822776,31.22227036057406,84.96970691834606 131.0134580479233,31.222270395643445,84.53033069117603 131.0134607372432,31.222270430399025,84.09005306517811 131.0134634262024,31.22227046483504,83.64887482995138 131.0134661148159,31.222270498945846,83.2067967701221 131.01346880309848,31.22227053272601,82.76381966932072 131.01347149106456,31.22227056617022,82.31994430918716 131.01347417872847,31.22227059927335,81.87517146042549 131.01347686610427,31.22227063203053,81.42950189075474 131.0134795532056,31.222270664437044,80.98293635994038 131.01348224004573,31.22227069648845,80.53547561581706 131.01348492663757,31.22227072818055,80.08712039528297 131.01348761299363,31.22227075950936,79.63787142827623 131.01349029912592,31.222270790471185,79.18772942286412 131.01349298504584,31.22227082106264,78.73669508114773 131.0134956707643,31.22227085128053,78.2847690883274 131.01349835629173,31.22227088112208,77.83195210872661 131.01350104163785,31.22227091058473,77.37824479076211 131.0135037268117,31.22227093966628,76.92364776495614 131.01350641182182,31.2222709683648,76.4681616449295 131.01350909667585,31.22227099667874,76.01178702044452 131.0135117813808,31.222271024606872,75.5545244574035 131.013514465943,31.22227105214828,75.09637450878465 131.0135171503679,31.2222710793024,74.63733769873603 131.0135198346603,31.222271106069016,74.17741452555829 131.01352251882403,31.22227113244828,73.71660546369246 131.01352520286224,31.22227115844065,73.25491096869021 131.01352788677727,31.22227118404692,72.79233146727316 131.01353057057042,31.222271209268296,72.32886735832662 131.0135332542424,31.22227123410628,71.86451901886431 131.01353593779285,31.22227125856271,71.39928679706945 131.0135386212207,31.2222712826398,70.9331710132888 131.01354130452395,31.22227130634007,70.46617196500276 131.0135439876998,31.222271329666352,69.99828992284912 131.01354667074446,31.22227135262185,69.52952512267053 131.0135493536534,31.22227137521002,69.0598777863893 131.01355203642126,31.22227139743467,68.58934810013848 131.01355471904182,31.222271419299897,68.11793622618973 131.01355740150802,31.222271440810086,67.64564229997147 131.01356008381205,31.222271461969864,67.17246643901538 131.01356276594527,31.22227148278415,66.69840872406863 131.01356544789823,31.22227150325812,66.22346922096366 131.0135681296609,31.222271523397144,65.74764796371831 131.01357081122245,31.222271543206865,65.27094497044156 131.01357349257125,31.22227156269313,64.79336023239772 131.01357617369513,31.22227158186196,64.31489372195958 131.01357885458134,31.222271600719527,63.835545388631566 131.0135815352164,31.222271619272217,63.35531516302592 131.0135842155864,31.22227163752652,62.87420296083921 131.01358689567678,31.22227165548908,62.392208672911096 131.01358957547268,31.222271673166595,61.90933218112943 131.01359225495855,31.222271690565915,61.42557334749529 131.01359493411863,31.22227170769392,60.94093202207587 131.01359761293685,31.222271724557533,60.45540804499184 131.0136002913966,31.222271741163738,59.96900123548293 131.01360296948116,31.22227175751951,59.48171141775383 131.01360564717362,31.22227177363181,58.993538395127366 131.01360832445675,31.222271789507595,58.5044819719153 131.01361100131342,31.222271805153728,58.0145419434764 131.01361367772623,31.22227182057705,57.52371810317548 131.01361635367786,31.22227183578428,57.03201023443068 131.013619029151,31.222271850782047,56.539418133576994 131.01362170412835,31.222271865576865,56.045941587996666 131.01362437859288,31.222271880175047,55.551580393018426 131.01362705252762,31.222271894582835,55.05633434197693 131.0136297259159,31.22227190880622,54.560203234164746 131.0136323987413,31.222271922850982,54.06318688576808 131.0136350709877,31.22227193672276,53.56528510899049 131.0136377426394,31.222271950426894,53.066497734916815 131.01364041368112,31.222271963968502,52.56682459760814 131.01364308409805,31.22227197735245,52.066265551995166 131.01364575387586,31.222271990583305,51.564820465925656 131.01364842300083,31.22227200366537,51.06248922016444 131.01365109145985,31.22227201660264,50.55927171734029 131.01365375924038,31.222272029398777,50.05516786902271 131.0136564263306,31.22227204205716,49.55017761759199 131.01365909271945,31.222272054580813,49.0443009223226 131.01366175839652,31.222272066972405,48.53753776137041 131.01366442335225,31.22227207923431,48.02988813972643 131.01366708757797,31.22227209136849,47.52135208424602 131.0136697510657,31.222272103376632,47.01192964861976 131.0136724138084,31.222272115260008,46.50162090641452 131.0136750757999,31.222272127019487,45.990425966979465 131.01367773703504,31.222272138655665,45.47834495954058 131.01368039750935,31.22227215016872,44.965378045129775 131.01368305721962,31.222272161558497,44.45152540863258 131.01368571616328,31.222272172824457,43.93678726872908 131.01368837433893,31.222272183965742,43.421163867953055 131.013691031746,31.222272194981123,42.904655483627415 131.01369368838493,31.22227220586903,42.38726241692902 131.0136963442572,31.222272216627587,41.86898499984786 131.01369899936506,31.22227222725453,41.349823598169216 131.0137016537119,31.22227223774737,40.82977860153321 131.01370430730196,31.222272248103256,40.308850429399 131.01370696014038,31.22227225831905,39.78703953104561 131.0137096122332,31.2222722683914,39.26434638457762 131.0137122635874,31.22227227831658,38.740771496925504 131.01371491421077,31.22227228809073,38.21631539589265 131.01371756411191,31.22227229770973,37.69097864208536 131.01372021330033,31.222272307169213,37.1647618189714 131.01372286178616,31.22227231646468,36.63766553586285 131.01372550958038,31.222272325591423,36.1096904269219 131.01372815669455,31.222272334544616,35.58083714619086 131.013730803141,31.22227234331929,35.05110636957984 131.01373344893253,31.222272351910387,34.52049879685606 131.01373609408265,31.222272360312743,33.989015143690175 131.01373873860527,31.222272368521143,33.45665614861574 131.01374138251484,31.2222723765304,32.923422561099905 131.01374402582607,31.222272384335245,32.38931515049047 131.0137466685543,31.222272391930467,31.854334695080748 131.01374931071487,31.222272399310867,31.318481993044944 131.01375195232353,31.22227240647137,30.781757843550007 131.0137545933962,31.22227241340697,30.24416306166767 131.0137572339489,31.22227242011277,29.705698468433063 131.01375987399763,31.222272426584027,29.16636489084487 131.0137625135586,31.222272432816208,28.62616315888324 131.01376515264772,31.222272438804964,28.085094107497703 131.01376779128097,31.222272444546167,27.54315856865455 131.01377042947408,31.22227245003596,27.000357377301395 131.01377306724248,31.222272455270776,26.45669135943775 131.0137757046014,31.22227246024736,25.91216134802122 131.01377834156563,31.22227246496275,25.366768156125687 131.01378097814958,31.2222724694144,24.82051259980663 131.0137836143671,31.22227247360013,24.27339548020655 131.0137862502316,31.222272477518167,23.725417591508084 131.01378888575584,31.222272481167188,23.17657970502762 131.01379152095194,31.22227248454632,22.626882595063165 131.01379415583122,31.2222724876552,22.076327004099088 131.01379679040448,31.222272490493943,21.524913665671395 131.01379942468148,31.22227249306324,20.97264329542048 131.0138020586712,31.22227249536429,20.4195165821436 131.01380469238185,31.222272497398887,19.865534201712787 131.0138073258205,31.222272499169456,19.31069680315693 131.0138099589933,31.222272500679026,18.75500501263797 131.01381259190552,31.222272501931293,18.19845943543923 131.01381522456123,31.222272502930608,17.64106064701795 131.01381785696347,31.22227250368205,17.08280919300506 131.01382048911427,31.222272504191405,16.523705604117353 131.01382312101427,31.222272504465213,15.963750375280211 131.01382575266325,31.222272504510823,15.402943972586348 131.0138283840596,31.222272504336367,14.841286837272452 131.01383101520062,31.22227250395088,14.278779380748093 131.01383364608233,31.22227250336424,13.715421984595672 131.0138362766996,31.222272502587263,13.151215005540976 131.013838907046,31.2222725016318,12.586158762528928 131.01384153711388,31.22227250051068,12.020253556606718 131.0138441668943,31.22227249923787,11.4534996520344 131.01384679637707,31.222272497828527,10.885897286226475 131.0138494255507,31.22227249629908,10.317446672734144 131.0138520544024,31.222272494667337,9.748147993291838 131.01385468291812,31.2222724929526,9.178001406764547 131.01385731108243,31.22227249117588,8.60700704020011 131.01385993887848,31.222272489360048,8.035165007718286 131.01386256628814,31.22227248753005,7.462475387644691 131.01386519329716,31.22227248569704,6.888938154907593 131.01386781990274,31.2222724838366,6.314553084603198 131.01387044610314,31.22227248191897,5.739319893165939 131.01387307189634,31.222272479913936,5.163238275152377 131.0138756972798,31.22227247779072,4.586307908211929 131.01387832225072,31.222272475518228,4.008528447121669 131.01388094680578,31.222272473065125,3.429899537704617 131.01388357094143,31.222272470400004,2.850420803905435 131.01388619465376,31.222272467491432,2.2700918646912016 131.0138888179384,31.22227246430812,1.688912333057256 131.01389144079073,31.22227246081904,1.1068818150329292</coordinates>
            </LineString>
        </Placemark>
        <Placemark id="7">
            <name>flight_path</name>
            <styleUrl>#8</styleUrl>
            <LineString id="6">
                <altitudeMode>clampToGround</altitudeMode>
                <coordinates>131.010392,31.222216000000007,0.0 131.01039200000443,31.222215999997832,0.0 131.01039200000838,31.22221599999592,0.0 131.01039200156927,31.22221599922939,0.0 131.0103920107707,31.222215994720663,0.0 131.01039203742107,31.2222159816978,0.0 131.010392088111,31.2222159569549,0.0 131.01039216212592,31.22221592083948,0.0 131.0103922636662,31.22221587130824,0.0 131.0103923844792,31.22221581237558,0.0 131.01039252515778,31.222215743753047,0.0 131.01039268406848,31.222215666235183,0.0 131.01039286028256,31.222215580273765,0.0 131.01039305289004,31.2222154863114,0.0 131.01039326165517,31.222215384462743,0.0 131.01039348632565,31.22221527485052,0.0 131.01039372716193,31.222215157348028,0.0 131.01039398330897,31.22221503237113,0.0 131.01039425605987,31.222214899290844,0.0 131.01039454508373,31.222214758268127,0.0 131.01039485092463,31.22221460903824,0.0 131.0103951726634,31.222214452048327,0.0 131.0103955107142,31.222214287096943,0.0 131.01039586615806,31.222214113658165,0.0 131.0103962366477,31.222213932873814,0.0 131.01039662252973,31.22221374457524,0.0 131.0103970230398,31.22221354913428,0.0 131.01039743921817,31.222213346044875,0.0 131.010397870804,31.222213135433904,0.0 131.01039831796237,31.22221291722104,0.0 131.01039877993492,31.22221269177516,0.0 131.01039925630897,31.22221245929701,0.0 131.0103997468628,31.22221221989441,0.0 131.01040025155262,31.222211973588667,0.0 131.0104007708504,31.222211720150103,0.0 131.01040130426037,31.22221145981994,0.0 131.0104018519686,31.22221119250759,0.0 131.01040241380718,31.222210918294696,0.0 131.01040298993863,31.22221063710217,0.0 131.0104035805201,31.222210348853565,0.0 131.01040418505892,31.222210053788448,0.0 131.01040480327404,31.22220975204353,0.0 131.0104054350388,31.222209443680384,0.0 131.0104060803318,31.22220912870935,0.0 131.0104067396056,31.22220880691024,0.0 131.0104074134594,31.22220847799141,0.0 131.01040810202363,31.22220814188937,0.0 131.01040880554538,31.222207798483826,0.0 131.01040952280388,31.222207448368604,0.0 131.0104102533307,31.222207091771544,0.0 131.01041099705338,31.222206728727805,0.0 131.0104117537764,31.22220635933244,0.0 131.01041252354435,31.22220598356361,0.0 131.0104133067339,31.222205601237967,0.0 131.01041410363473,31.222205212229948,0.0 131.01041491388003,31.222204816074072,0.0 131.01041573757672,31.22220441228776,0.0 131.01041657455923,31.222204000946068,0.0 131.0104174249012,31.22220358200713,0.0 131.01041828964378,31.222203154964493,0.0 131.01041916826847,31.222202720073746,0.0 131.01042006091748,31.222202277275056,0.0 131.01042096731865,31.22220182671155,0.0 131.01042188795844,31.222201368174087,0.0 131.0104228213724,31.222200902382607,0.0 131.01042376762635,31.22220042933271,0.0 131.01042472802527,31.222199948453422,0.0 131.01042570211834,31.222199459998336,0.0 131.01042668949592,31.22219896420211,0.0 131.0104276899744,31.22219846119932,0.0 131.01042870392217,31.222197950885537,0.0 131.0104297312232,31.222197433379907,0.0 131.01043077189297,31.222196908746703,0.0 131.01043182595947,31.222196377046785,0.0 131.01043289360743,31.222195838291032,0.0 131.0104339739274,31.22219529294822,0.0 131.01043506722596,31.22219474098304,0.0 131.01043617367296,31.222194182428936,0.0 131.01043729312153,31.22219361745355,0.0 131.0104384253625,31.222193046248023,0.0 131.01043957099225,31.222192468705167,0.0 131.010440729764,31.222191885048176,0.0 131.01044190120487,31.222191295576284,0.0 131.01044308537726,31.222190700397743,0.0 131.01044428257904,31.22219009956193,0.0 131.01044549205292,31.22218949346651,0.0 131.01044671427488,31.22218888210724,0.0 131.01044794919903,31.222188265661146,0.0 131.01044919674857,31.22218764432116,0.0 131.01045045672444,31.222187018313992,0.0 131.01045172934164,31.22218638775468,0.0 131.01045301442934,31.222185752878435,0.0 131.01045431146815,31.222185113992573,0.0 131.0104556207116,31.222184471225308,0.0 131.01045694246514,31.22218382472355,0.0 131.01045827597434,31.22218317483095,0.0 131.01045962202977,31.22218252161544,0.0 131.01046098059135,31.222181865311768,0.0 131.01046235090624,31.222181206250337,0.0 131.01046373337823,31.222180544590003,0.0 131.0104651280218,31.222179880575663,0.0 131.0104665343682,31.222179214482416,0.0 131.01046795262894,31.22217854653096,0.0 131.01046938263156,31.22217787698141,0.0 131.01047082422093,31.22217720607728,0.0 131.0104722781544,31.22217653406381,0.0 131.0104737438141,31.22217586120828,0.0 131.0104752215104,31.22217518776692,0.0 131.01047671151315,31.222174514033767,0.0 131.01047821310303,31.222173840253017,0.0 131.0104797260835,31.2221731666678,0.0 131.01048125151237,31.222172493650927,0.0 131.01048278922715,31.2221718215092,0.0 131.0104843376795,31.22217115029864,0.0 131.01048589860585,31.22217048056701,0.0 131.0104874707317,31.222169812420034,0.0 131.01048905369635,31.22216914603477,0.0 131.01049064977627,31.222168482216805,0.0 131.01049225596415,31.2221678205884,0.0 131.01049387361056,31.22216716172657,0.0 131.0104955038723,31.222166506303463,0.0 131.01049714374,31.222165853723872,0.0 131.01049879549643,31.222165204964213,0.0 131.01050045822134,31.22216456006561,0.0 131.01050213064266,31.222163918832745,0.0 131.01050381487107,31.222163282340272,0.0 131.01050550949338,31.22216265036766,0.0 131.01050721404044,31.222162022956947,0.0 131.01050893018856,31.222161401146085,0.0 131.01051065584633,31.222160784284565,0.0 131.0105123917259,31.222160172946925,0.0 131.01051413871593,31.222159567890014,0.0 131.01051589454931,31.22215896820401,0.0 131.01051766146412,31.222158375332047,0.0 131.01051943847077,31.22215778904325,0.0 131.01052122479007,31.22215720910753,0.0 131.01052302231776,31.22215663691589,0.0 131.01052482895045,31.222156071468945,0.0 131.01052664497377,31.22215551314716,0.0 131.01052847173253,31.2221549630814,0.0 131.01053030703508,31.22215442006152,0.0 131.01053215253594,31.22215388540442,0.0 131.01053400783533,31.22215335909211,0.0 131.01053587167473,31.2221528404193,0.0 131.0105377467011,31.222152331508084,0.0 131.01053963086807,31.222151831084712,0.0 131.01054152411405,31.22215133925613,0.0 131.010543428736,31.22215085799212,0.0 131.01054534179087,31.222150385191767,0.0 131.010547265323,31.222149922611017,0.0 131.0105491992946,31.222149470419343,0.0 131.01055114176347,31.222149027174904,0.0 131.01055309539996,31.222148595212246,0.0 131.0105550578788,31.2221481727538,0.0 131.01055702974523,31.22214776035637,0.0 131.0105590121742,31.22214735914289,0.0 131.0105610025416,31.222146966967703,0.0 131.010563002906,31.2221465856844,0.0 131.0105650124817,31.22214621470148,0.0 131.01056703035442,31.22214585327804,0.0 131.010569058785,31.222145503454783,0.0 131.01057109558897,31.22214516335809,0.0 131.01057314145808,31.222144833627127,0.0 131.01057519703627,31.222144514857863,0.0 131.01057726035145,31.22214420531103,0.0 131.01057933424732,31.222143907512287,0.0 131.01058141715816,31.222143620059164,0.0 131.01058350870633,31.2221433426002,0.0 131.01058561174457,31.222143077625063,0.0 131.0105877222773,31.22214282155954,0.0 131.01058984307488,31.22214257679587,0.0 131.0105919731604,31.222142342400435,0.0 131.0105941117054,31.22214211758768,0.0 131.01059626084128,31.222141904114498,0.0 131.01059841795396,31.222141699627134,0.0 131.01060058522475,31.22214150590261,0.0 131.01060276166223,31.22214132196297,0.0 131.01060494614072,31.222141146754645,0.0 131.0106071413408,31.222140982377287,0.0 131.01060934452352,31.22214082641516,0.0 131.01061155800383,31.22214068063533,0.0 131.01061378115156,31.222140544337616,0.0 131.0106160129143,31.222140416541663,0.0 131.01061825578995,31.22214029902961,0.0 131.01062050639473,31.22214018898072,0.0 131.01062276767962,31.222140088497408,0.0 131.01062503776282,31.22213999593064,0.0 131.01062731650111,31.222139911014047,0.0 131.01062960582655,31.222139834943462,0.0 131.0106319029188,31.222139765475934,0.0 131.0106342103866,31.222139704281943,0.0 131.0106365268655,31.222139650156624,0.0 131.01063885209794,31.222139602750016,0.0 131.0106411884362,31.22213956340125,0.0 131.01064353232672,31.222139529539863,0.0 131.01064588676385,31.22213950291341,0.0 131.01064825019665,31.22213948227566,0.0 131.0106506224987,31.222139467362297,0.0 131.01065300519133,31.222139458858333,0.0 131.01065539560045,31.22213945494972,0.0 131.0106577969165,31.222139457301555,0.0 131.0106602069372,31.22213946439753,0.0 131.01066262661507,31.222139476592943,0.0 131.01066505700192,31.22213949421515,0.0 131.0106674955005,31.22213951567137,0.0 131.01066994557752,31.222139542577104,0.0 131.01067240326273,31.22213957265497,0.0 131.01067487091504,31.222139606934064,0.0 131.0106773484079,31.22213964512165,0.0 131.01067983424136,31.222139686326884,0.0 131.01068233104323,31.22213973160279,0.0 131.01068483542815,31.222139779188325,0.0 131.010687350166,31.22213983019592,0.0 131.0106898740463,31.22213988389277,0.0 131.01069240676443,31.222139940013854,0.0 131.0106949502265,31.222139999208096,0.0 131.0106975013637,31.22214006004005,0.0 131.01070006418576,31.22214012404457,0.0 131.01070263508075,31.22214018960144,0.0 131.01070521595636,31.22214025737449,0.0 131.01070780624767,31.222140327012628,0.0 131.01071040465624,31.222140397921624,0.0 131.0107130136101,31.222140470940232,0.0 131.0107156298544,31.222140544746367,0.0 131.01071825740345,31.22214062078517,0.0 131.01072089303696,31.22214069778024,0.0 131.01072353752988,31.222140775974047,0.0 131.01072619176708,31.222140855644472,0.0 131.0107288530139,31.222140935757647,0.0 131.01073152317196,31.222141016987308,0.0 131.01073420195604,31.22214109921597,0.0 131.01073688795313,31.22214118192657,0.0 131.01073958180152,31.22214126535721,0.0 131.01074228385718,31.222141349655505,0.0 131.01074499311875,31.22214143448177,0.0 131.01074770863565,31.22214151951771,0.0 131.010750431108,31.222141605063847,0.0 131.01075316006998,31.22214169099928,0.0 131.01075589483727,31.22214177712443,0.0 131.01075863483902,31.22214186328468,0.0 131.01076138019943,31.22214194959763,0.0 131.0107641307303,31.22214203606908,0.0 131.01076688603763,31.222142122627133,0.0 131.01076964606395,31.222142209335868,0.0 131.01077241073935,31.22214229626116,0.0 131.01077518000315,31.22214238347953,0.0 131.0107779536848,31.222142471023712,0.0 131.0107807318634,31.2221425590374,0.0 131.01078351439725,31.22214264757403,0.0 131.0107863011535,31.22214273669354,0.0 131.01078909179142,31.222142826364976,0.0 131.01079188644107,31.222142916771386,0.0 131.01079468489016,31.222143007941508,0.0 131.01079748707053,31.222143099972808,0.0 131.01080029279436,31.22214319290631,0.0 131.01080310208775,31.22214328688784,0.0 131.01080591490663,31.222143382031728,0.0 131.01080873108123,31.22214347838709,0.0 131.01081155054848,31.222143576057217,0.0 131.01081437325345,31.222143675150235,0.0 131.01081719912173,31.22214377576352,0.0 131.01082002820695,31.22214387806472,0.0 131.01082286063695,31.22214398226486,0.0 131.0108256959818,31.22214408825245,0.0 131.01082853428372,31.22214419618656,0.0 131.0108313754262,31.222144306130325,0.0 131.01083421942369,31.222144418222783,0.0 131.01083706617675,31.22214453253135,0.0 131.0108399155573,31.22214464909977,0.0 131.01084276776655,31.22214476818104,0.0 131.01084562270427,31.222144889829988,0.0 131.01084848019983,31.22214501405016,0.0 131.01085134007766,31.222145140835643,0.0 131.01085420214883,31.222145270164464,0.0 131.01085706652165,31.22214540221231,0.0 131.0108599330933,31.222145537005325,0.0 131.01086280194363,31.222145674692605,0.0 131.0108656729124,31.2221458152474,0.0 131.01086854582812,31.2221459586282,0.0 131.01087142001978,31.222146104420425,0.0 131.01087429567585,31.22214625283003,0.0 131.01087717283187,31.222146403944794,0.0 131.0108800514142,31.222146557766703,0.0 131.01088293122243,31.22214671419521,0.0 131.01088581238076,31.222146873369407,0.0 131.0108886949972,31.222147035411272,0.0 131.01089157890814,31.22214720022933,0.0 131.01089446427204,31.222147367973964,0.0 131.01089735119592,31.22214753875092,0.0 131.01090023956343,31.222147712487264,0.0 131.01090312938783,31.22214788920469,0.0 131.0109060204971,31.222148068774544,0.0 131.01090891291815,31.222148251217696,0.0 131.01091180643658,31.2221484363604,0.0 131.01091470097683,31.222148624132096,0.0 131.01091759657663,31.222148814545392,0.0 131.01092049326746,31.22214900760322,0.0 131.01092339111156,31.22214920332725,0.0 131.01092628992035,31.22214940153861,0.0 131.01092918948646,31.222149602039604,0.0 131.01093208974393,31.22214980473863,0.0 131.01093499086576,31.222150009724565,0.0 131.0109378929075,31.22215021699143,0.0 131.01094079562296,31.22215042629721,0.0 131.01094369908418,31.222150637640897,0.0 131.01094660332097,31.22215085098518,0.0 131.01094950827869,31.222151066226026,0.0 131.01095241378647,31.222151283169577,0.0 131.01095531981937,31.22215150172953,0.0 131.01095822636847,31.22215172182891,0.0 131.01096113343817,31.222151943398647,0.0 131.01096404132744,31.222152166581324,0.0 131.0109669498673,31.22215239117764,0.0 131.01096985892613,31.222152617015112,0.0 131.010972768471,31.222152843990408,0.0 131.0109756787492,31.22215307219768,0.0 131.01097858964442,31.2221533014736,0.0 131.01098150108513,31.22215353168676,0.0 131.01098441313843,31.22215376279973,0.0 131.01098732578012,31.222153994713445,0.0 131.01099023902546,31.222154227355343,0.0 131.0109931528478,31.22215446062528,0.0 131.0109960671238,31.222154694360217,0.0 131.01099898211655,31.222154928649008,0.0 131.0110018977528,31.222155163363272,0.0 131.0110048140268,31.22215539841908,0.0 131.01100773077553,31.22215563363536,0.0 131.01101064806568,31.22215586897652,0.0 131.01101356592292,31.22215610438233,0.0 131.01101648426146,31.222156339726823,0.0 131.0110194031278,31.222156574965872,0.0 131.01102232253584,31.22215681003692,0.0 131.01102524240235,31.222157044823305,0.0 131.01102816283955,31.222157279324207,0.0 131.01103108383208,31.22215751346644,0.0 131.01103400547936,31.222157747244825,0.0 131.0110369276621,31.22215798053272,0.0 131.01103985047723,31.222158213327265,0.0 131.0110427740191,31.222158445625976,0.0 131.01104569826083,31.2221586773622,0.0 131.01104862316075,31.222158908464085,0.0 131.01105154878093,31.22215913891864,0.0 131.0110544749806,31.222159368607624,0.0 131.01105740187623,31.222159597552327,0.0 131.01106032965043,31.222159825811275,0.0 131.01106325819805,31.222160053294623,0.0 131.01106618752112,31.222160279972087,0.0 131.0110691175401,31.22216050577389,0.0 131.011072048255,31.22216073067516,0.0 131.01107497971256,31.22216095467772,0.0 131.01107791173598,31.22216117767268,0.0 131.01108084452724,31.222161399747023,0.0 131.0110837780995,31.222161620894603,0.0 131.01108671230412,31.22216184103089,0.0 131.01108964712995,31.222162060143887,0.0 131.0110925827505,31.22216227831739,0.0 131.0110955189936,31.22216249546458,0.0 131.01109845623148,31.222162711774555,0.0 131.01110139407777,31.22216292705904,0.0 131.01110433255124,31.222163141335784,0.0 131.0111072715065,31.22216335454296,0.0 131.01111021097344,31.22216356670945,0.0 131.0111131510072,31.222163777879626,0.0 131.0111160915149,31.222163988025567,0.0 131.01111903243728,31.22216419713896,0.0 131.0111219739896,31.222164405353524,0.0 131.011124916121,31.22216461266969,0.0 131.011127858526,31.222164818959328,0.0 131.0111308015534,31.22216502443361,0.0 131.01113374513176,31.22216522908837,0.0 131.01113668911472,31.2221654328824,0.0 131.01113963348433,31.22216563584329,0.0 131.01114257829065,31.222165838035977,0.0 131.0111455234784,31.22216603947128,0.0 131.0111484688816,31.222166240102,0.0 131.01115141488623,31.222166440180736,0.0 131.01115436148237,31.22216663974736,0.0 131.01115730849622,31.22216683875333,0.0 131.01116025592907,31.22216703724715,0.0 131.01116320379057,31.222167235283024,0.0 131.01116615216932,31.222167432960784,0.0 131.01116910099324,31.22216763029053,0.0 131.01117205023058,31.222167827306087,0.0 131.01117499972662,31.22216802396928,0.0 131.01117794921262,31.222168220174687,0.0 131.01118089876513,31.222168416019027,0.0 131.01118384852384,31.22216861163732,0.0 131.01118679850006,31.222168807089563,0.0 131.01118974873094,31.222169002451167,0.0 131.01119269909017,31.22216919769772,0.0 131.0111956493383,31.222169392733548,0.0 131.01119859981495,31.222169587822204,0.0 131.01120155049665,31.222169783001178,0.0 131.0112045014251,31.222169978349203,0.0 131.01120745259675,31.22217017391632,0.0 131.01121040398317,31.22217036973529,0.0 131.0112133557356,31.22217056595503,0.0 131.0112163076236,31.222170762474256,0.0 131.01121925968388,31.222170959365872,0.0 131.0112222120119,31.22217115674168,0.0 131.0112251644645,31.22217135455196,0.0 131.0112281166226,31.222171552555768,0.0 131.01123106820876,31.222171750605,0.0 131.01123401921987,31.222171948736555,0.0 131.0112369696485,31.222172146983063,0.0 131.01123991948737,31.22217234537596,0.0 131.0112428687298,31.22217254394541,0.0 131.0112458173693,31.2221727427204,0.0 131.01124876539987,31.222172941728576,0.0 131.01125171281592,31.22217314099626,0.0 131.01125465961212,31.22217334054849,0.0 131.01125760578364,31.22217354040884,0.0 131.01126055132605,31.22217374059952,0.0 131.01126349623527,31.222173941141325,0.0 131.0112664405078,31.2221741420536,0.0 131.01126938414035,31.22217434335421,0.0 131.0112723271302,31.222174545059616,0.0 131.01127526947496,31.222174747184805,0.0 131.01127821117268,31.22217494974325,0.0 131.01128115222187,31.22217515274701,0.0 131.0112840926215,31.22217535620658,0.0 131.0112870323708,31.22217556013107,0.0 131.01128997146964,31.22217576452809,0.0 131.01129290991813,31.222175969403835,0.0 131.01129584771687,31.22217617476301,0.0 131.01129878486685,31.222176380608943,0.0 131.01130172136948,31.222176586943533,0.0 131.01130465722656,31.22217679376728,0.0 131.01130759244023,31.222177001079352,0.0 131.01131052701317,31.2221772088775,0.0 131.0113134609483,31.22217741715824,0.0 131.01131639424892,31.22217762591678,0.0 131.0113193269187,31.222177835147047,0.0 131.01132225896188,31.222178044841765,0.0 131.0113251903827,31.222178254992425,0.0 131.01132812118598,31.222178465589387,0.0 131.01133105137674,31.22217867662187,0.0 131.01133398096044,31.222178888078,0.0 131.01133690994277,31.22217909994485,0.0 131.0113398383297,31.222179312208503,0.0 131.01134276612754,31.22217952485408,0.0 131.01134569334286,31.22217973786572,0.0 131.01134861998247,31.222179951226728,0.0 131.01135154605353,31.222180164919543,0.0 131.01135447156324,31.22218037892578,0.0 131.01135739651923,31.22218059322632,0.0 131.0113603209292,31.222180807801355,0.0 131.01136324480115,31.22218102263034,0.0 131.0113661681432,31.22218123769219,0.0 131.0113690909637,31.2221814529652,0.0 131.01137201327109,31.222181668427112,0.0 131.01137493507397,31.22218188405524,0.0 131.01137785638113,31.2221820998264,0.0 131.01138077720145,31.222182315717035,0.0 131.0113836975439,31.22218253170324,0.0 131.01138661741754,31.22218274776083,0.0 131.0113895368315,31.222182963865304,0.0 131.01139245579503,31.222183179992,0.0 131.01139537431732,31.222183396116066,0.0 131.01139829240773,31.22218361221248,0.0 131.01140121007555,31.22218382825617,0.0 131.01140412733008,31.22218404422204,0.0 131.01140704418063,31.22218426008493,0.0 131.0114099606366,31.222184475819773,0.0 131.0114128767071,31.222184691401534,0.0 131.0114157924015,31.22218490680532,0.0 131.01141870772886,31.2221851220064,0.0 131.01142162269832,31.22218533698019,0.0 131.0114245373189,31.222185551702378,0.0 131.01142745159953,31.22218576614889,0.0 131.01143036554907,31.222185980295915,0.0 131.01143327917617,31.22218619412,0.0 131.0114361924894,31.22218640759805,0.0 131.01143910549732,31.222186620707355,0.0 131.01144201820807,31.22218683342563,0.0 131.01144493062992,31.222187045731022,0.0 131.01144784277076,31.22218725760215,0.0 131.01145075463847,31.222187469018124,0.0 131.01145366624064,31.222187679958616,0.0 131.0114565775847,31.222187890403767,0.0 131.01145948867787,31.22218810033436,0.0 131.01146239952715,31.22218830973172,0.0 131.01146531013947,31.222188518577774,0.0 131.01146822052127,31.22218872685512,0.0 131.011471130679,31.22218893454698,0.0 131.01147404061877,31.22218914163721,0.0 131.01147695034646,31.222189348110344,0.0 131.01147985986776,31.22218955395161,0.0 131.01148276918795,31.222189759146943,0.0 131.01148567831237,31.222189963682965,0.0 131.01148858724582,31.22219016754699,0.0 131.01149149599297,31.22219037072708,0.0 131.0114944045581,31.22219057321204,0.0 131.0114973129455,31.222190774991404,0.0 131.0115002211588,31.22219097605545,0.0 131.01150312920174,31.222191176395206,0.0 131.0115060370776,31.22219137600243,0.0 131.01150894478937,31.22219157486961,0.0 131.01151185233988,31.22219177299004,0.0 131.01151475973157,31.22219197035768,0.0 131.0115176669667,31.222192166967297,0.0 131.01152057404732,31.222192362814365,0.0 131.01152348097503,31.22219255789512,0.0 131.0115263877512,31.22219275220649,0.0 131.0115292943771,31.2221929457462,0.0 131.0115322008535,31.22219313851261,0.0 131.0115351071812,31.222193330504847,0.0 131.01153801336042,31.22219352172273,0.0 131.0115409193913,31.22219371216675,0.0 131.01154382527375,31.22219390183811,0.0 131.0115467310074,31.222194090738647,0.0 131.01154963659147,31.222194278870887,0.0 131.01155254202524,31.222194466237983,0.0 131.01155544730753,31.22219465284373,0.0 131.01155835243696,31.22219483869254,0.0 131.01156125741196,31.22219502378944,0.0 131.01156416223074,31.22219520814005,0.0 131.01156706689127,31.222195391750564,0.0 131.01156997139125,31.22219557462772,0.0 131.01157287572826,31.222195756778788,0.0 131.01157577989963,31.222195938211616,0.0 131.01157868390248,31.222196118934512,0.0 131.0115815877338,31.22219629895629,0.0 131.01158449139027,31.22219647828624,0.0 131.01158739486863,31.222196656934084,0.0 131.01159029816512,31.222196834910008,0.0 131.01159320127604,31.222197012224605,0.0 131.01159610419748,31.22219718888885,0.0 131.01159900692537,31.222197364914127,0.0 131.01160190945544,31.22219754031216,0.0 131.01160481178331,31.22219771509503,0.0 131.0116077139045,31.222197889275108,0.0 131.0116106158144,31.22219806286508,0.0 131.01161351750824,31.22219823587793,0.0 131.0116164189811,31.22219840832686,0.0 131.0116193202281,31.22219858022536,0.0 131.01162222124412,31.222198751587086,0.0 131.011625122024,31.222198922425964,0.0 131.01162802256252,31.22219909275602,0.0 131.01163092285435,31.222199262591488,0.0 131.01163382289403,31.222199431946745,0.0 131.01163672267623,31.222199600836287,0.0 131.0116396221953,31.22219976927472,0.0 131.0116425214458,31.22219993727672,0.0 131.01164542042198,31.22220010485704,0.0 131.0116483191183,31.222200272030488,0.0 131.0116512175291,31.222200438811875,0.0 131.01165411564864,31.222200605216063,0.0 131.01165701347122,31.22220077125786,0.0 131.01165991099114,31.222200936952085,0.0 131.01166280820274,31.2222011023135,0.0 131.01166570510023,31.222201267356823,0.0 131.01166860167805,31.22220143209668,0.0 131.01167149793042,31.22220159654762,0.0 131.0116743938517,31.222201760724086,0.0 131.0116772894364,31.22220192464038,0.0 131.01168018467877,31.222202088310723,0.0 131.01168307957343,31.222202251749145,0.0 131.01168597411487,31.222202414969537,0.0 131.01168886829768,31.222202577985616,0.0 131.01169176211653,31.22220274081089,0.0 131.01169465556617,31.222202903458687,0.0 131.01169754864128,31.22220306594212,0.0 131.01170044133687,31.22220322827404,0.0 131.0117033336479,31.2222033904671,0.0 131.01170622556933,31.222203552533664,0.0 131.0117091170964,31.222203714485893,0.0 131.01171200822432,31.22220387633564,0.0 131.01171489894847,31.22220403809448,0.0 131.01171778926422,31.22220419977372,0.0 131.01172067916724,31.222204361384343,0.0 131.01172356865322,31.222204522937087,0.0 131.0117264577179,31.22220468444232,0.0 131.01172934635733,31.22220484591011,0.0 131.01173223456743,31.222205007350244,0.0 131.0117351223445,31.222205168772128,0.0 131.01173800968485,31.22220533018485,0.0 131.0117408965849,31.22220549159717,0.0 131.01174378304137,31.222205653017475,0.0 131.01174666905095,31.222205814453847,0.0 131.01174955461056,31.222205975913983,0.0 131.01175243971727,31.222206137405223,0.0 131.01175532436824,31.22220629893456,0.0 131.0117582085609,31.222206460508623,0.0 131.0117610922928,31.222206622133697,0.0 131.0117639755616,31.22220678381569,0.0 131.0117668583651,31.22220694556012,0.0 131.01176974070137,31.222207107372185,0.0 131.01177262256854,31.22220726925668,0.0 131.011775503965,31.222207431218063,0.0 131.01177838488923,31.222207593260432,0.0 131.01178126533992,31.222207755387497,0.0 131.01178414531591,31.222207917602624,0.0 131.0117870248162,31.222208079908825,0.0 131.01178990383994,31.22220824230873,0.0 131.01179278238652,31.222208404804665,0.0 131.01179566045548,31.22220856739853,0.0 131.0117985380465,31.22220873009193,0.0 131.01180141515945,31.222208892886112,0.0 131.01180429179428,31.222209055781978,0.0 131.0118071679513,31.222209218780087,0.0 131.01181004363087,31.22220938188067,0.0 131.01181291883347,31.22220954508361,0.0 131.01181579355986,31.22220970838852,0.0 131.01181866781093,31.22220987179464,0.0 131.01182154158764,31.222210035300886,0.0 131.0118244148913,31.22221019890592,0.0 131.0118272877232,31.22221036260809,0.0 131.01183016008494,31.22221052640541,0.0 131.0118330319782,31.222210690295626,0.0 131.01183590340477,31.222210854276195,0.0 131.0118387743667,31.222211018344325,0.0 131.01184164486617,31.22221118249693,0.0 131.01184451490545,31.22221134673065,0.0 131.01184738448703,31.222211511041888,0.0 131.01185025361346,31.22221167542679,0.0 131.0118531222876,31.22221183988127,0.0 131.01185599051223,31.222212004401,0.0 131.0118588582905,31.222212168981432,0.0 131.01186172562552,31.22221233361777,0.0 131.0118645925206,31.22221249830505,0.0 131.01186745897922,31.22221266303808,0.0 131.0118703250049,31.222212827811465,0.0 131.01187319060136,31.222212992619628,0.0 131.01187605577246,31.22221315745681,0.0 131.0118789205221,31.22221332231709,0.0 131.01188178485427,31.22221348719441,0.0 131.0118846487732,31.22221365208248,0.0 131.0118875122832,31.22221381697491,0.0 131.0118903753886,31.22221398186519,0.0 131.01189323809388,31.22221414674664,0.0 131.01189610040365,31.222214311612465,0.0 131.01189896232253,31.22221447645577,0.0 131.0119018238553,31.22221464126953,0.0 131.01190468500684,31.22221480604665,0.0 131.0119075457821,31.22221497077992,0.0 131.011910406186,31.22221513546205,0.0 131.01191326622364,31.22221530008567,0.0 131.01191612590023,31.222215464643384,0.0 131.01191898522097,31.222215629127668,0.0 131.01192184419116,31.222215793530992,0.0 131.011924702816,31.222215957845787,0.0 131.01192756110106,31.222216122064427,0.0 131.01193041905168,31.222216286179275,0.0 131.01193327667335,31.22221645018264,0.0 131.01193613397163,31.22221661406685,0.0 131.01193899095205,31.22221677782424,0.0 131.01194184762016,31.222216941447066,0.0 131.01194470398164,31.22221710492767,0.0 131.01194756004213,31.222217268258383,0.0 131.01195041580726,31.22221743143156,0.0 131.0119532712827,31.22221759443958,0.0 131.01195612647416,31.22221775727485,0.0 131.01195898138732,31.222217919929847,0.0 131.0119618360279,31.22221808239704,0.0 131.01196469040156,31.222218244669,0.0 131.01196754451396,31.222218406738325,0.0 131.01197039837083,31.22221856859771,0.0 131.0119732519778,31.222218730239906,0.0 131.01197610534047,31.22221889165772,0.0 131.0119789584645,31.22221905284408,0.0 131.01198181135555,31.22221921379198,0.0 131.011984664019,31.222219374494507,0.0 131.01198751646052,31.22221953494485,0.0 131.01199036868547,31.222219695136296,0.0 131.01199322069937,31.22221985506225,0.0 131.01199607250757,31.22222001471622,0.0 131.0119989241154,31.22222017409185,0.0 131.01200177552815,31.22222033318287,0.0 131.0120046267511,31.22222049198316,0.0 131.01200747778927,31.22222065048672,0.0 131.01201032864788,31.22222080868769,0.0 131.0120131793319,31.222220966580373,0.0 131.01201602984622,31.222221124159155,0.0 131.01201888019577,31.22222128141861,0.0 131.01202173038536,31.22222143835344,0.0 131.01202458041962,31.222221594958505,0.0 131.0120274303032,31.22222175122881,0.0 131.01203028004065,31.22222190715953,0.0 131.0120331296363,31.222222062745995,0.0 131.01203597909466,31.22222221798371,0.0 131.01203882841986,31.2222223728683,0.0 131.012041677616,31.22222252739561,0.0 131.01204452668716,31.222222681561604,0.0 131.01204737563725,31.222222835362448,0.0 131.01205022447004,31.22222298879448,0.0 131.01205307318924,31.222223141854176,0.0 131.01205592179846,31.22222329453824,0.0 131.0120587703011,31.22222344684352,0.0 131.01206161870053,31.22222359876704,0.0 131.01206446699993,31.222223750306,0.0 131.01206731520247,31.22222390145779,0.0 131.01207016331102,31.22222405221998,0.0 131.01207301132845,31.222224202590297,0.0 131.01207585925746,31.22222435256668,0.0 131.0120787071006,31.222224502147235,0.0 131.01208155486034,31.22222465133023,0.0 131.01208440253896,31.222224800114148,0.0 131.01208725013862,31.22222494849761,0.0 131.01209009766131,31.22222509647948,0.0 131.01209294510895,31.222225244058727,0.0 131.0120957924833,31.222225391234552,0.0 131.01209863978588,31.22222553800632,0.0 131.0121014870182,31.222225684373537,0.0 131.01210433418154,31.222225830335947,0.0 131.01210718127703,31.22222597589344,0.0 131.0121100283058,31.222226121046063,0.0 131.01211287526863,31.22222626579407,0.0 131.01211572216624,31.22222641013787,0.0 131.01211856899923,31.22222655407805,0.0 131.012121415768,31.22222669761532,0.0 131.01212426247287,31.22222684075061,0.0 131.01212710911395,31.22222698348501,0.0 131.01212995569122,31.22222712581976,0.0 131.01213280220452,31.222227267756235,0.0 131.01213564865347,31.22222740929603,0.0 131.0121384950377,31.222227550440827,0.0 131.01214134135657,31.222227691192508,0.0 131.01214418760927,31.22222783155309,0.0 131.01214703379495,31.222227971524752,0.0 131.01214987991258,31.222228111109786,0.0 131.0121527259609,31.222228250310664,0.0 131.0121555719386,31.222228389129985,0.0 131.01215841784415,31.222228527570465,0.0 131.01216126367595,31.22222866563497,0.0 131.0121641094323,31.222228803326527,0.0 131.0121669551112,31.222228940648247,0.0 131.01216980071064,31.222229077603373,0.0 131.01217264622844,31.222229214195288,0.0 131.0121754916623,31.222229350427472,0.0 131.0121783370097,31.222229486303544,0.0 131.01218118226805,31.22222962182721,0.0 131.01218402743473,31.22222975700232,0.0 131.0121868725068,31.222229891832768,0.0 131.01218971748133,31.222230026322595,0.0 131.0121925623552,31.22223016047593,0.0 131.0121954071252,31.222230294296992,0.0 131.01219825178802,31.22223042779008,0.0 131.0122010963401,31.222230560959574,0.0 131.0122039407779,31.222230693809976,0.0 131.01220678509785,31.22223082634581,0.0 131.01220962929597,31.22223095857172,0.0 131.0122124733685,31.222231090492368,0.0 131.01221531731127,31.222231222112537,0.0 131.01221816112027,31.222231353437035,0.0 131.01222100479123,31.22223148447072,0.0 131.01222384831988,31.222231615218536,0.0 131.01222669170178,31.22223174568545,0.0 131.0122295349324,31.22223187587648,0.0 131.0122323780072,31.222232005796688,0.0 131.01223522092147,31.22223213545116,0.0 131.01223806367048,31.22223226484504,0.0 131.0122409062494,31.222232393983457,0.0 131.01224374865325,31.222232522871607,0.0 131.0122465908771,31.222232651514663,0.0 131.01224943291592,31.22223277991786,0.0 131.0122522747645,31.2222329080864,0.0 131.01225511641783,31.22223303602552,0.0 131.01225795787056,31.22223316374044,0.0 131.01226079911743,31.2222332912364,0.0 131.0122636401531,31.2222334185186,0.0 131.01226648097216,31.22223354559225,0.0 131.01226932156922,31.222233672462536,0.0 131.01227216193885,31.222233799134656,0.0 131.01227500207548,31.22223392561376,0.0 131.01227784197363,31.222234051904955,0.0 131.01228068162777,31.222234178013352,0.0 131.0122835210323,31.222234303943992,0.0 131.0122863601816,31.222234429701903,0.0 131.01228919907012,31.222234555292065,0.0 131.01229203769222,31.2222346807194,0.0 131.01229487604226,31.2222348059888,0.0 131.01229771411465,31.22223493110508,0.0 131.0123005519037,31.222235056073007,0.0 131.0123033894039,31.222235180897293,0.0 131.01230622660967,31.222235305582576,0.0 131.01230906351532,31.22223543013341,0.0 131.01231190011532,31.222235554554327,0.0 131.01231473640416,31.22223567884972,0.0 131.0123175723763,31.222235803023946,0.0 131.01232040802623,31.222235927081265,0.0 131.01232324334865,31.22223605102585,0.0 131.012326078338,31.22223617486181,0.0 131.012328912989,31.222236298593096,0.0 131.01233174729634,31.22223642222365,0.0 131.01233458125475,31.222236545757266,0.0 131.01233741485908,31.222236669197635,0.0 131.01234024810415,31.222236792548347,0.0 131.01234308098495,31.22223691581292,0.0 131.01234591349652,31.22223703899472,0.0 131.0123487456339,31.22223716209701,0.0 131.01235157739222,31.22223728512297,0.0 131.01235440876678,31.222237408075618,0.0 131.0123572397529,31.2222375309579,0.0 131.01236007034606,31.22223765377261,0.0 131.01236290054177,31.22223777652241,0.0 131.01236573033557,31.22223789920988,0.0 131.0123685597233,31.222238021837445,0.0 131.0123713887008,31.2222381444074,0.0 131.01237421726393,31.22223826692192,0.0 131.01237704540884,31.22223838938304,0.0 131.01237987313166,31.22223851179267,0.0 131.01238270042876,31.222238634152585,0.0 131.0123855272965,31.22223875646442,0.0 131.01238835373147,31.222238878729684,0.0 131.0123911797304,31.222239000949724,0.0 131.0123940052901,31.22223912312577,0.0 131.0123968304075,31.222239245258915,0.0 131.01239965507983,31.22223936735012,0.0 131.01240247930423,31.22223948940016,0.0 131.0124053030782,31.22223961140971,0.0 131.0124081263992,31.222239733379293,0.0 131.01241094926505,31.222239855309287,0.0 131.01241377167355,31.22223997719994,0.0 131.01241659362276,31.222240099051334,0.0 131.0124194151109,31.22224022086344,0.0 131.01242223613627,31.222240342636063,0.0 131.01242505669742,31.22224046436888,0.0 131.01242787679303,31.2222405860614,0.0 131.012430696422,31.22224070771304,0.0 131.01243351558333,31.22224082932304,0.0 131.01243633427623,31.22224095089049,0.0 131.01243915250012,31.2222410724144,0.0 131.01244197025454,31.222241193893584,0.0 131.01244478753918,31.222241315326755,0.0 131.01244760435404,31.222241436712483,0.0 131.01245042069917,31.222241558049166,0.0 131.01245323657483,31.22224167933513,0.0 131.01245605198156,31.22224180056856,0.0 131.01245886691993,31.22224192174744,0.0 131.0124616813908,31.22224204286969,0.0 131.01246449539516,31.222242163933124,0.0 131.01246730893428,31.222242284935376,0.0 131.01247012200943,31.222242405873995,0.0 131.01247293462225,31.222242526746367,0.0 131.01247574677444,31.222242647549816,0.0 131.01247855846796,31.222242768281507,0.0 131.01248136970494,31.222242888938524,0.0 131.0124841804876,31.222243009517783,0.0 131.01248699081847,31.22224313001617,0.0 131.01248980070017,31.222243250430388,0.0 131.01249261013558,31.22224337075709,0.0 131.0124954191276,31.222243490992817,0.0 131.01249822767954,31.222243611133983,0.0 131.01250103579463,31.22224373117696,0.0 131.01250384347645,31.22224385111796,0.0 131.01250665072868,31.22224397095317,0.0 131.01250945755518,31.222244090678668,0.0 131.0125122639599,31.22224421029044,0.0 131.01251506994709,31.222244329784395,0.0 131.01251787552104,31.2222444491564,0.0 131.01252068068618,31.222244568402186,0.0 131.01252348544725,31.222244687517488,0.0 131.01252628980893,31.222244806497937,0.0 131.0125290937762,31.22224492533911,0.0 131.01253189735405,31.22224504403653,0.0 131.0125347005478,31.22224516258565,0.0 131.01253750336264,31.22224528098189,0.0 131.01254030580412,31.22224539922063,0.0 131.01254310787775,31.222245517297186,0.0 131.01254590958928,31.222245635206832,0.0 131.01254871094443,31.22224575294484,0.0 131.01255151194923,31.222245870506462,0.0 131.0125543126096,31.222245987886858,0.0 131.01255711293172,31.222246105081226,0.0 131.01255991292172,31.222246222084728,0.0 131.0125627125859,31.22224633889252,0.0 131.01256551193066,31.22224645549972,0.0 131.01256831096248,31.22224657190148,0.0 131.0125711096878,31.222246688092927,0.0 131.0125739081132,31.22224680406923,0.0 131.01257670624537,31.222246919825498,0.0 131.0125795040909,31.22224703535693,0.0 131.01258230165655,31.22224715065869,0.0 131.01258509894913,31.222247265726008,0.0 131.01258789597532,31.22224738055408,0.0 131.01259069274195,31.222247495138177,0.0 131.01259348925592,31.222247609473623,0.0 131.01259628552398,31.22224772355571,0.0 131.012599081553,31.222247837379847,0.0 131.0126018773498,31.222247950941444,0.0 131.0126046729212,31.222248064235977,0.0 131.01260746827398,31.222248177258976,0.0 131.01261026341493,31.22224829000601,0.0 131.01261305835075,31.22224840247277,0.0 131.01261585308816,31.22224851465496,0.0 131.0126186476338,31.22224862654836,0.0 131.01262144199424,31.222248738148863,0.0 131.01262423617598,31.22224884945241,0.0 131.0126270301855,31.222248960455047,0.0 131.01262982402915,31.22224907115289,0.0 131.01263261771322,31.2222491815422,0.0 131.01263541124388,31.22224929161924,0.0 131.0126382046272,31.222249401380463,0.0 131.0126409978691,31.222249510822365,0.0 131.01264379097557,31.22224961994157,0.0 131.01264658395215,31.22224972873483,0.0 131.01264937680463,31.22224983719896,0.0 131.0126521695383,31.22224994533097,0.0 131.0126549621586,31.22225005312791,0.0 131.01265775467058,31.222250160586963,0.0 131.01266054707932,31.2222502677055,0.0 131.0126633393896,31.22225037448096,0.0 131.01266613160607,31.22225048091092,0.0 131.01266892373323,31.22225058699312,0.0 131.01267171577535,31.222250692725403,0.0 131.01267450773656,31.222250798105776,0.0 131.0126772996207,31.2222509031324,0.0 131.01268009143143,31.222251007803543,0.0 131.0126828831723,31.222251112117625,0.0 131.01268567484647,31.22225121607324,0.0 131.0126884664571,31.2222513196691,0.0 131.01269125800684,31.22225142290409,0.0 131.01269404949835,31.22225152577722,0.0 131.01269684093396,31.22225162828768,0.0 131.01269963231567,31.222251730434778,0.0 131.0127024236454,31.222251832218014,0.0 131.01270521492475,31.22225193363701,0.0 131.01270800615498,31.2222520346916,0.0 131.01271079733715,31.22225213538168,0.0 131.01271358847217,31.222252235707387,0.0 131.01271637956043,31.222252335669,0.0 131.01271917060225,31.222252435266945,0.0 131.01272196159763,31.22225253450181,0.0 131.01272475254626,31.222252633374296,0.0 131.0127275434476,31.222252731885348,0.0 131.0127303343008,31.22225283003601,0.0 131.01273312510477,31.22225292782748,0.0 131.012735915858,31.222253025261143,0.0 131.012738706559,31.222253122338497,0.0 131.0127414972056,31.22225321906121,0.0 131.01274428779573,31.222253315431097,0.0 131.01274707832675,31.222253411450144,0.0 131.01274986879585,31.22225350712042,0.0 131.0127526591999,31.222253602444194,0.0 131.01275544953555,31.22225369742387,0.0 131.01275823979913,31.222253792061966,0.0 131.01276102998662,31.222253886361152,0.0 131.01276382009385,31.22225398032425,0.0 131.0127666101163,31.222254073954154,0.0 131.01276940004917,31.22225416725394,0.0 131.0127721898874,31.22225426022676,0.0 131.01277497962576,31.222254352875925,0.0 131.0127777692586,31.222254445204843,0.0 131.0127805587801,31.222254537217044,0.0 131.01278334818414,31.22225462891614,0.0 131.0127861374644,31.222254720305862,0.0 131.01278892661435,31.222254811390066,0.0 131.01279171562712,31.22225490217265,0.0 131.0127945044956,31.222254992657668,0.0 131.01279729321263,31.222255082849195,0.0 131.01280008177062,31.222255172751424,0.0 131.0128028701619,31.22225526236861,0.0 131.0128056583785,31.222255351705066,0.0 131.01280844641246,31.22225544076519,0.0 131.0128112342553,31.22225552955341,0.0 131.01281402189863,31.222255618074254,0.0 131.01281680933377,31.22225570633223,0.0 131.0128195965519,31.22225579433196,0.0 131.01282238354415,31.22225588207805,0.0 131.01282517030123,31.22225596957515,0.0 131.01282795681402,31.222256056827945,0.0 131.01283074307307,31.22225614384116,0.0 131.01283352906896,31.222256230619447,0.0 131.01283631479205,31.222256317167567,0.0 131.01283910023267,31.222256403490192,0.0 131.01284188538105,31.22225648959203,0.0 131.01284467022737,31.22225657547776,0.0 131.01284745476173,31.22225666115204,0.0 131.0128502389742,31.222256746619507,0.0 131.01285302285476,31.222256831884767,0.0 131.0128558063935,31.2222569169524,0.0 131.0128585895803,31.222257001826897,0.0 131.01286137240527,31.222257086512737,0.0 131.01286415485836,31.22225717101433,0.0 131.01286693692958,31.222257255336004,0.0 131.01286971860907,31.22225733948201,0.0 131.01287249988695,31.22225742345656,0.0 131.0128752807534,31.22225750726372,0.0 131.01287806119876,31.22225759090752,0.0 131.0128808412133,31.222257674391862,0.0 131.0128836207876,31.22225775772056,0.0 131.01288639991213,31.22225784089733,0.0 131.01288917857772,31.222257923925767,0.0 131.01289195677523,31.22225800680932,0.0 131.01289473449566,31.22225808955132,0.0 131.0128975117302,31.222258172154984,0.0 131.01290028847032,31.22225825462339,0.0 131.01290306470753,31.22225833695945,0.0 131.0129058404336,31.222258419165968,0.0 131.01290861564058,31.222258501245584,0.0 131.0129113903207,31.22225858320077,0.0 131.01291416446648,31.22225866503384,0.0 131.0129169380706,31.222258746746967,0.0 131.01291971112607,31.222258828342127,0.0 131.01292248362623,31.22225890982113,0.0 131.0129252555647,31.22225899118564,0.0 131.01292802693527,31.22225907243707,0.0 131.01293079773225,31.22225915357673,0.0 131.01293356795003,31.22225923460573,0.0 131.01293633758362,31.22225931552496,0.0 131.01293910662804,31.22225939633516,0.0 131.01294187507892,31.22225947703686,0.0 131.01294464293215,31.22225955763039,0.0 131.01294741018398,31.22225963811588,0.0 131.01295017683108,31.22225971849329,0.0 131.01295294287047,31.22225979876236,0.0 131.0129557082995,31.22225987892265,0.0 131.012958473116,31.222259958973503,0.0 131.01296123731822,31.2222600389141,0.0 131.01296400090467,31.222260118743403,0.0 131.01296676387443,31.222260198460173,0.0 131.01296952622693,31.22226027806296,0.0 131.01297228796193,31.22226035755017,0.0 131.0129750490798,31.222260436919925,0.0 131.01297780958114,31.222260516170262,0.0 131.0129805694671,31.222260595298945,0.0 131.01298332873912,31.22226067430361,0.0 131.01298608739924,31.222260753181693,0.0 131.01298884544977,31.22226083193041,0.0 131.01299160289352,31.222260910546822,0.0 131.01299435973368,31.22226098902784,0.0 131.0129971159739,31.22226106737016,0.0 131.01299987161815,31.22226114557033,0.0 131.013002626671,31.222261223624745,0.0 131.0130053811372,31.22226130152963,0.0 131.01300813502203,31.222261379281075,0.0 131.0130108883311,31.222261456875,0.0 131.01301364107047,31.222261534307165,0.0 131.01301639324657,31.22226161157323,0.0 131.01301914486612,31.22226168866869,0.0 131.01302189593633,31.222261765588968,0.0 131.01302464646463,31.22226184232932,0.0 131.01302739645888,31.222261918884893,0.0 131.01303014592727,31.222261995250754,0.0 131.01303289487828,31.22226207142188,0.0 131.01303564332068,31.22226214739309,0.0 131.0130383912636,31.2222622231592,0.0 131.01304113871635,31.222262298714902,0.0 131.01304388568866,31.222262374054832,0.0 131.01304663219037,31.2222624491736,0.0 131.0130493782316,31.222262524065705,0.0 131.01305212382275,31.22226259872565,0.0 131.01305486897436,31.22226267314789,0.0 131.01305761369716,31.22226274732688,0.0 131.0130603580021,31.222262821256983,0.0 131.01306310190023,31.222262894932616,0.0 131.01306584540282,31.222262968348208,0.0 131.01306858852112,31.22226304149816,0.0 131.0130713312666,31.22226311437693,0.0 131.0130740736508,31.222263186978967,0.0 131.01307681568528,31.222263259298767,0.0 131.0130795573816,31.222263331330872,0.0 131.01308229875144,31.22226340306989,0.0 131.0130850398064,31.22226347451049,0.0 131.01308778055807,31.22226354564744,0.0 131.01309052101809,31.222263616475537,0.0 131.01309326119784,31.22226368698969,0.0 131.01309600110886,31.222263757184948,0.0 131.0130987407624,31.2222638270564,0.0 131.01310148016964,31.222263896599284,0.0 131.01310421934164,31.222263965809017,0.0 131.01310695828923,31.22226403468106,0.0 131.01310969702317,31.222264103211074,0.0 131.01311243555384,31.22226417139487,0.0 131.01311517389155,31.22226423922836,0.0 131.01311791204623,31.22226430670766,0.0 131.01312065002767,31.22226437382911,0.0 131.01312338784527,31.22226444058916,0.0 131.0131261255081,31.222264506984462,0.0 131.013128863025,31.222264573011856,0.0 131.01313160040442,31.222264638668413,0.0 131.0131343376544,31.222264703951367,0.0 131.01313707478263,31.2222647688582,0.0 131.0131398117964,31.222264833386603,0.0 131.01314254870266,31.222264897534448,0.0 131.01314528550773,31.222264961299885,0.0 131.0131480222177,31.222265024681256,0.0 131.0131507588381,31.222265087677147,0.0 131.01315349537393,31.222265150286404,0.0 131.01315623182978,31.22226521250808,0.0 131.01315896820972,31.222265274341485,0.0 131.0131617045173,31.22226533578616,0.0 131.0131644407556,31.22226539684192,0.0 131.013167176927,31.22226545750877,0.0 131.01316991303355,31.22226551778703,0.0 131.01317264907664,31.222265577677224,0.0 131.01317538505705,31.222265637180165,0.0 131.01317812097517,31.22226569629687,0.0 131.01318085683067,31.2222657550286,0.0 131.0131835926227,31.22226581337689,0.0 131.01318632834986,31.222265871343502,0.0 131.0131890640101,31.22226592893047,0.0 131.01319179960095,31.222265986139984,0.0 131.0131945351192,31.22226604297453,0.0 131.0131972705611,31.22226609943684,0.0 131.01320000592253,31.222266155529788,0.0 131.01320274119843,31.222266211256567,0.0 131.01320547638355,31.222266266620505,0.0 131.01320821147186,31.2222663216252,0.0 131.0132109464569,31.222266376274384,0.0 131.01321368133156,31.22226643057205,0.0 131.01321641608828,31.222266484522343,0.0 131.01321915071907,31.22226653812959,0.0 131.01322188521527,31.222266591398288,0.0 131.0132246195678,31.222266644333097,0.0 131.01322735376715,31.22226669693885,0.0 131.01323008780332,31.22226674922051,0.0 131.0132328216658,31.22226680118318,0.0 131.01323555534378,31.22226685283209,0.0 131.0132382888259,31.222266904172564,0.0 131.01324102210057,31.22226695521005,0.0 131.01324375515568,31.222267005950105,0.0 131.01324648797885,31.222267056398344,0.0 131.01324922055738,31.222267106560462,0.0 131.0132519528783,31.222267156442182,0.0 131.01325468492823,31.22226720604932,0.0 131.0132574166938,31.222267255387727,0.0 131.01326014816107,31.222267304463244,0.0 131.0132628793162,31.222267353281733,0.0 131.013265610145,31.222267401849045,0.0 131.0132683406332,31.22226745017105,0.0 131.01327107076642,31.222267498253565,0.0 131.0132738005302,31.22226754610239,0.0 131.01327652990992,31.222267593723245,0.0 131.0132792588911,31.22226764112176,0.0 131.01328198745915,31.222267688303564,0.0 131.01328471559947,31.22226773527414,0.0 131.01328744329763,31.22226778203888,0.0 131.0132901705393,31.222267828603066,0.0 131.01329289731007,31.22226787497185,0.0 131.01329562359598,31.22226792115024,0.0 131.01329834938295,31.22226796714313,0.0 131.0133010746574,31.22226801295517,0.0 131.0133037994057,31.22226805859093,0.0 131.0133065236147,31.22226810405476,0.0 131.01330924727145,31.2222681493508,0.0 131.01331197036345,31.222268194482968,0.0 131.0133146928784,31.22226823945505,0.0 131.01331741480445,31.222268284270545,0.0 131.01332013613015,31.22226832893272,0.0 131.01332285684458,31.22226837344464,0.0 131.01332557693712,31.222268417809065,0.0 131.0133282963978,31.22226846202857,0.0 131.01333101521703,31.222268506105408,0.0 131.01333373338585,31.22226855004161,0.0 131.01333645089576,31.222268593838905,0.0 131.01333916773893,31.222268637498736,0.0 131.0133418839081,31.22226868102232,0.0 131.0133445993966,31.222268724410497,0.0 131.01334731419843,31.22226876766389,0.0 131.01335002830817,31.22226881078283,0.0 131.01335274172115,31.222268853767314,0.0 131.01335545443337,31.222268896617045,0.0 131.01335816644135,31.222268939331475,0.0 131.0133608777426,31.22226898190972,0.0 131.01336358833507,31.222269024350627,0.0 131.0133662982176,31.22226906665272,0.0 131.01336900738963,31.22226910881428,0.0 131.0133717158514,31.22226915083325,0.0 131.0133744236038,31.22226919270732,0.0 131.0133771306485,31.222269234433888,0.0 131.01337983698787,31.22226927601009,0.0 131.01338254262504,31.2222693174328,0.0 131.01338524756375,31.2222693586986,0.0 131.01338795180857,31.22226939980384,0.0 131.01339065536467,31.22226944074464,0.0 131.01339335823795,31.222269481516847,0.0 131.01339606043504,31.22226952211608,0.0 131.01339876196317,31.22226956253777,0.0 131.01340146283007,31.222269602777136,0.0 131.01340416304438,31.22226964282917,0.0 131.01340686261517,31.222269682688705,0.0 131.0134095615522,31.2222697223504,0.0 131.0134122598657,31.222269761808697,0.0 131.01341495756648,31.222269801058,0.0 131.01341765466583,31.22226984009244,0.0 131.01342035117565,31.222269878906143,0.0 131.0134230471081,31.222269917493097,0.0 131.013425742476,31.22226995584713,0.0 131.0134284372924,31.222269993962087,0.0 131.01343113157083,31.2222700318317,0.0 131.01343382532502,31.222270069449657,0.0 131.01343651856916,31.222270106809628,0.0 131.0134392113176,31.22227014390525,0.0 131.01344190358495,31.222270180730177,0.0 131.013444595386,31.222270217278066,0.0 131.01344728673575,31.22227025354262,0.0 131.01344997764917,31.222270289517585,0.0 131.01345266814147,31.22227032519676,0.0 131.01345535822776,31.22227036057406,0.0 131.0134580479233,31.222270395643445,0.0 131.0134607372432,31.222270430399025,0.0 131.0134634262024,31.22227046483504,0.0 131.0134661148159,31.222270498945846,0.0 131.01346880309848,31.22227053272601,0.0 131.01347149106456,31.22227056617022,0.0 131.01347417872847,31.22227059927335,0.0 131.01347686610427,31.22227063203053,0.0 131.0134795532056,31.222270664437044,0.0 131.01348224004573,31.22227069648845,0.0 131.01348492663757,31.22227072818055,0.0 131.01348761299363,31.22227075950936,0.0 131.01349029912592,31.222270790471185,0.0 131.01349298504584,31.22227082106264,0.0 131.0134956707643,31.22227085128053,0.0 131.01349835629173,31.22227088112208,0.0 131.01350104163785,31.22227091058473,0.0 131.0135037268117,31.22227093966628,0.0 131.01350641182182,31.2222709683648,0.0 131.01350909667585,31.22227099667874,0.0 131.0135117813808,31.222271024606872,0.0 131.013514465943,31.22227105214828,0.0 131.0135171503679,31.2222710793024,0.0 131.0135198346603,31.222271106069016,0.0 131.01352251882403,31.22227113244828,0.0 131.01352520286224,31.22227115844065,0.0 131.01352788677727,31.22227118404692,0.0 131.01353057057042,31.222271209268296,0.0 131.0135332542424,31.22227123410628,0.0 131.01353593779285,31.22227125856271,0.0 131.0135386212207,31.2222712826398,0.0 131.01354130452395,31.22227130634007,0.0 131.0135439876998,31.222271329666352,0.0 131.01354667074446,31.22227135262185,0.0 131.0135493536534,31.22227137521002,0.0 131.01355203642126,31.22227139743467,0.0 131.01355471904182,31.222271419299897,0.0 131.01355740150802,31.222271440810086,0.0 131.01356008381205,31.222271461969864,0.0 131.01356276594527,31.22227148278415,0.0 131.01356544789823,31.22227150325812,0.0 131.0135681296609,31.222271523397144,0.0 131.01357081122245,31.222271543206865,0.0 131.01357349257125,31.22227156269313,0.0 131.01357617369513,31.22227158186196,0.0 131.01357885458134,31.222271600719527,0.0 131.0135815352164,31.222271619272217,0.0 131.0135842155864,31.22227163752652,0.0 131.01358689567678,31.22227165548908,0.0 131.01358957547268,31.222271673166595,0.0 131.01359225495855,31.222271690565915,0.0 131.01359493411863,31.22227170769392,0.0 131.01359761293685,31.222271724557533,0.0 131.0136002913966,31.222271741163738,0.0 131.01360296948116,31.22227175751951,0.0 131.01360564717362,31.22227177363181,0.0 131.01360832445675,31.222271789507595,0.0 131.01361100131342,31.222271805153728,0.0 131.01361367772623,31.22227182057705,0.0 131.01361635367786,31.22227183578428,0.0 131.013619029151,31.222271850782047,0.0 131.01362170412835,31.222271865576865,0.0 131.01362437859288,31.222271880175047,0.0 131.01362705252762,31.222271894582835,0.0 131.0136297259159,31.22227190880622,0.0 131.0136323987413,31.222271922850982,0.0 131.0136350709877,31.22227193672276,0.0 131.0136377426394,31.222271950426894,0.0 131.01364041368112,31.222271963968502,0.0 131.01364308409805,31.22227197735245,0.0 131.01364575387586,31.222271990583305,0.0 131.01364842300083,31.22227200366537,0.0 131.01365109145985,31.22227201660264,0.0 131.01365375924038,31.222272029398777,0.0 131.0136564263306,31.22227204205716,0.0 131.01365909271945,31.222272054580813,0.0 131.01366175839652,31.222272066972405,0.0 131.01366442335225,31.22227207923431,0.0 131.01366708757797,31.22227209136849,0.0 131.0136697510657,31.222272103376632,0.0 131.0136724138084,31.222272115260008,0.0 131.0136750757999,31.222272127019487,0.0 131.01367773703504,31.222272138655665,0.0 131.01368039750935,31.22227215016872,0.0 131.01368305721962,31.222272161558497,0.0 131.01368571616328,31.222272172824457,0.0 131.01368837433893,31.222272183965742,0.0 131.013691031746,31.222272194981123,0.0 131.01369368838493,31.22227220586903,0.0 131.0136963442572,31.222272216627587,0.0 131.01369899936506,31.22227222725453,0.0 131.0137016537119,31.22227223774737,0.0 131.01370430730196,31.222272248103256,0.0 131.01370696014038,31.22227225831905,0.0 131.0137096122332,31.2222722683914,0.0 131.0137122635874,31.22227227831658,0.0 131.01371491421077,31.22227228809073,0.0 131.01371756411191,31.22227229770973,0.0 131.01372021330033,31.222272307169213,0.0 131.01372286178616,31.22227231646468,0.0 131.01372550958038,31.222272325591423,0.0 131.01372815669455,31.222272334544616,0.0 131.013730803141,31.22227234331929,0.0 131.01373344893253,31.222272351910387,0.0 131.01373609408265,31.222272360312743,0.0 131.01373873860527,31.222272368521143,0.0 131.01374138251484,31.2222723765304,0.0 131.01374402582607,31.222272384335245,0.0 131.0137466685543,31.222272391930467,0.0 131.01374931071487,31.222272399310867,0.0 131.01375195232353,31.22227240647137,0.0 131.0137545933962,31.22227241340697,0.0 131.0137572339489,31.22227242011277,0.0 131.01375987399763,31.222272426584027,0.0 131.0137625135586,31.222272432816208,0.0 131.01376515264772,31.222272438804964,0.0 131.01376779128097,31.222272444546167,0.0 131.01377042947408,31.22227245003596,0.0 131.01377306724248,31.222272455270776,0.0 131.0137757046014,31.22227246024736,0.0 131.01377834156563,31.22227246496275,0.0 131.01378097814958,31.2222724694144,0.0 131.0137836143671,31.22227247360013,0.0 131.0137862502316,31.222272477518167,0.0 131.01378888575584,31.222272481167188,0.0 131.01379152095194,31.22227248454632,0.0 131.01379415583122,31.2222724876552,0.0 131.01379679040448,31.222272490493943,0.0 131.01379942468148,31.22227249306324,0.0 131.0138020586712,31.22227249536429,0.0 131.01380469238185,31.222272497398887,0.0 131.0138073258205,31.222272499169456,0.0 131.0138099589933,31.222272500679026,0.0 131.01381259190552,31.222272501931293,0.0 131.01381522456123,31.222272502930608,0.0 131.01381785696347,31.22227250368205,0.0 131.01382048911427,31.222272504191405,0.0 131.01382312101427,31.222272504465213,0.0 131.01382575266325,31.222272504510823,0.0 131.0138283840596,31.222272504336367,0.0 131.01383101520062,31.22227250395088,0.0 131.01383364608233,31.22227250336424,0.0 131.0138362766996,31.222272502587263,0.0 131.013838907046,31.2222725016318,0.0 131.01384153711388,31.22227250051068,0.0 131.0138441668943,31.22227249923787,0.0 131.01384679637707,31.222272497828527,0.0 131.0138494255507,31.22227249629908,0.0 131.0138520544024,31.222272494667337,0.0 131.01385468291812,31.2222724929526,0.0 131.01385731108243,31.22227249117588,0.0 131.01385993887848,31.222272489360048,0.0 131.01386256628814,31.22227248753005,0.0 131.01386519329716,31.22227248569704,0.0 131.01386781990274,31.2222724838366,0.0 131.01387044610314,31.22227248191897,0.0 131.01387307189634,31.222272479913936,0.0 131.0138756972798,31.22227247779072,0.0 131.01387832225072,31.222272475518228,0.0 131.01388094680578,31.222272473065125,0.0 131.01388357094143,31.222272470400004,0.0 131.01388619465376,31.222272467491432,0.0 131.0138888179384,31.22227246430812,0.0 131.01389144079073,31.22227246081904,0.0</coordinates>
            </LineString>
        </Placemark>
    </Document>
</kml>
