<?xml version="1.0" encoding="UTF-8"?>
<kml xmlns="http://www.opengis.net/kml/2.2" xmlns:gx="http://www.google.com/kml/ext/2.2">
    <Document id="120">
        <Style id="123">
            <LineStyle id="124">
                <color>ff0000ff</color>
                <colorMode>normal</colorMode>
                <width>3</width>
            </LineStyle>
        </Style>
        <Style id="127">
            <LineStyle id="128">
                <color>ff00ff00</color>
                <colorMode>normal</colorMode>
                <width>3</width>
            </LineStyle>
        </Style>
        <Placemark id="122">
            <name>flight_path</name>
            <styleUrl>#123</styleUrl>
            <LineString id="121">
                <altitudeMode>relativeToGround</altitudeMode>
                <coordinates>131.010392,31.222216000000007,3.000000004412624 131.01039200000366,31.222215999998223,3.0000012441461297 131.0103920000069,31.22221599999664,3.000002344695444 131.0103920012945,31.22221599936533,3.000166580057381 131.01039200888485,31.222215995653773,3.001507853405411 131.01039203086904,31.22221598493976,3.006734928727884 131.01039207268363,31.222215964588354,3.0176855472081607 131.0103921337392,31.222215934885217,3.0341607446412624 131.01039221750068,31.222215894150946,3.057332067452448 131.0103923171602,31.222215845685003,3.084898908675023 131.0103924332069,31.22221578925032,3.1170270587098545 131.01039256429323,31.22221572549999,3.1532615653660576 131.01039270965296,31.222215654805304,3.19334402535535 131.01039286853543,31.222215577530086,3.2370213064799174 131.01039304074615,31.222215493768605,3.2842282804780445 131.0103932260769,31.222215403621764,3.3348952339101667 131.0103934247424,31.22221530698543,3.389095440071656 131.0103936360374,31.222215204201444,3.4465912468853928 131.01039386102843,31.22221509475285,3.5077438436389103 131.01039409944244,31.22221497877201,3.5724617054232204 131.01039435172825,31.22221485604135,3.6408973137474057 131.01039461712753,31.222214726928424,3.712795200709545 131.01039489598176,31.222214591267665,3.788271538532508 131.01039518918276,31.222214448626875,3.867628431114421 131.01039549479407,31.22221429994456,3.950212485539893 131.01039581310155,31.22221414508213,4.036121021396292 131.0103961434746,31.222213984345263,4.125141770492458 131.01039648677124,31.222213817318053,4.217565113193795 131.0103968427763,31.222213644104784,4.313319082446867 131.0103972116258,31.22221346463949,4.412450185397884 131.01039759269415,31.22221327922542,4.514747805028783 131.01039798564082,31.22221308802757,4.620097570964151 131.01039839028283,31.2222128911346,4.728438185591834 131.01039880658402,31.22221268856405,4.839757751546061 131.0103992349337,31.222212480127176,4.954187694729273 131.01039967492267,31.222212266022247,5.071590380136336 131.01040012670458,31.22221204617485,5.19201755191265 131.0104005901408,31.22221182065209,5.315422498673153 131.0104010653653,31.222211589389,5.441850065884945 131.01040155250774,31.22221135232272,5.571343545022316 131.01040205116163,31.22221110965021,5.703765847792214 131.0104025610951,31.22221086148384,5.8390385139967 131.01040308220365,31.222210607874224,5.977125792861548 131.0104036144696,31.22221034882986,6.1180207902659 131.01040415826623,31.222210084169745,6.261847472087579 131.01040471408808,31.222209813654104,6.408770185001772 131.01040528204263,31.222209537230743,6.5588234513736285 131.01040586233393,31.222209254800703,6.712073457604728 131.0104064539547,31.22220896685217,6.868181798843773 131.01040705651843,31.22220867357242,7.027017595426381 131.0104076699655,31.222208374990306,7.188558709442616 131.01040829413455,31.22220807118393,7.352748821642447 131.0104089290626,31.22220776213529,7.51959754669109 131.01040957506035,31.222207447693588,7.6892051469370095 131.01041023240796,31.22220712769944,7.861649101315085 131.01041090087728,31.222206801452725,8.036760135640328 131.01041158053135,31.22220646867344,8.214536350968574 131.01041227123463,31.22220612941734,8.394927238807686 131.01041297304883,31.22220578364992,8.57794761997781 131.0104136868334,31.22220543095642,8.763875000199102 131.01041441216063,31.22220507154909,8.95256334774975 131.01041514914763,31.222204705382524,9.144046237923591 131.01041589756943,31.222204332578222,9.338245419922783 131.01041665782583,31.222203952972706,9.53528732934216 131.01041742870825,31.22220356716028,9.734772537597866 131.0104182102693,31.222203175145417,9.936715017345518 131.01041900358172,31.22220277647653,10.14146176595034 131.01041980827122,31.2222023713716,10.348887446283818 131.01042062399767,31.222201960033235,10.558878391798084 131.01042145060654,31.22220154258431,10.77138189078764 131.01042228839674,31.22220111895892,10.986493170870263 131.0104231372682,31.222200689271503,11.204177777898336 131.01042399722877,31.222200253593844,11.4244367092927 131.01042486829638,31.22219981199548,11.647274585125457 131.01042575061635,31.222199364511404,11.87273761483072 131.01042664343632,31.22219891153384,12.100580611537955 131.01042754700117,31.222198453063047,12.330882838428728 131.0104284614427,31.222197989156324,12.563687070126935 131.0104293866327,31.22219751997593,12.798951881474002 131.01043032239193,31.222197045701822,13.036619590007083 131.01043126919913,31.222196566292297,13.276846507194776 131.01043222684305,31.22219608195685,13.519565109309436 131.01043319492808,31.22219559295893,13.764648190960596 131.01043417349538,31.222195099422475,14.012110732138073 131.01043516277608,31.22219460143672,14.262029910650982 131.01043616214278,31.222194099335848,14.51420384883826 131.01043717197103,31.222193593173262,14.76875716426236 131.01043819221107,31.222193083133,15.025676418033676 131.01043922278737,31.222192569412265,15.284940082884168 131.0104402635254,31.222192052229648,15.546494522649938 131.0104413145855,31.22219153173417,15.81039547905809 131.01044237581462,31.22219100815664,16.07659685949831 131.01044344677925,31.22219048176304,16.344961005830427 131.01044452766888,31.2221899527208,16.615553965093543 131.01044561871214,31.22218942122316,16.888455201084316 131.01044671928747,31.222188887546736,17.163465680457332 131.01044783001174,31.222188351858208,17.44079252772765 131.0104489508344,31.22218781440293,17.72042445516314 131.0104500811356,31.22218727544338,18.002163171317008 131.0104512212203,31.222186735196736,18.286114189239743 131.0104523710795,31.222186193925165,18.57228052299455 131.01045353032163,31.222185651865846,18.860538853514534 131.01045469909465,31.22218510927833,19.150943987602023 131.01045587724107,31.2221845664186,19.44345015207741 131.0104570646183,31.22218402352693,19.73801627810196 131.01045826180183,31.222183480952587,20.0348396041426 131.01045946828265,31.22218293890625,20.33375799927118 131.01046068428323,31.22218239769601,20.634851872892487 131.01046190999097,31.222181857664747,20.938190657938243 131.01046314481857,31.222181318986497,21.243585915991567 131.01046438859046,31.222180781895467,21.55098574025797 131.0104656421073,31.22218024690936,21.86066447717456 131.01046690521463,31.22217971433281,22.172578344537225 131.01046817668828,31.22217918404416,22.48632416922201 131.010469457848,31.22217865682376,22.80235151767537 131.01047074768078,31.22217813263377,23.12032803195864 131.01047204588704,31.22217761161868,23.44015937218068 131.01047335418923,31.22217709489158,23.762432831128635 131.01047467025143,31.22217658170356,24.08636867719885 131.01047599508692,31.22217607281881,24.412314790309694 131.01047732954774,31.222175569077365,24.74056680906682 131.0104786713152,31.222175069502445,25.070347113284512 131.0104800221017,31.22217457538451,25.402241628294306 131.0104813811782,31.222174086657727,25.73601046854796 131.01048274755956,31.22217360296821,26.071325051586747 131.01048412281364,31.222173125686712,26.40872401297115 131.0104855058462,31.22217265441541,26.74784174219637 131.01048689628357,31.22217218914253,27.088556173364903 131.0104882953546,31.22217173114688,27.43129161195036 131.0104897014686,31.222171279502263,27.77551112491297 131.01049111513564,31.22217083489029,28.1213933339795 131.01049253698866,31.2221703982016,28.46915929221913 131.0104939653216,31.22216996822004,28.818230478217085 131.01049540176993,31.222169546708933,29.169169830804268 131.01049684557418,31.22216913330813,29.521721659312263 131.01049829614047,31.22216872768469,29.875686157969888 131.01049975483923,31.22216833150353,30.231535301637287 131.0105012201016,31.22216794347532,30.58873500589137 131.0105026921185,31.222167564025742,30.947353092810943 131.01050417184973,31.22216719448156,31.307719769894536 131.0105056576752,31.22216683332601,31.66928252245864 131.01050715078216,31.22216648211448,32.03244868495999 131.01050865085716,31.22216614077539,32.3971116135407 131.0105101569711,31.22216580842661,32.762954558002576 131.01051167102193,31.222165487568777,33.13062547839907 131.01051319151023,31.222165176637844,33.4996118340083 131.01051471837812,31.22216487573252,33.86989373454969 131.01051625326173,31.222164587148903,34.24202626992327 131.010517794028,31.222164308366608,34.615282013105706 131.0105193421331,31.22216404143069,34.99015406520202 131.01052089753293,31.222163786502183,35.366623357323746 131.01052245882468,31.22216354186161,35.744212376916 131.01052402790722,31.22216331021733,36.123559441027886 131.01052560310575,31.222163089458583,36.504094047404905 131.01052718480145,31.22216288021494,36.88594134811089 131.0105287738222,31.222162683767586,37.269373382688016 131.01053036828966,31.22216249759766,37.653755024463806 131.010531969664,31.222162323839576,38.03956963640941 131.0105335773791,31.222162161783974,38.42662051719695 131.0105351907804,31.22216201055649,38.81468447751356 131.01053681147172,31.22216187250065,39.20428635150186 131.01053843789694,31.22216174543267,39.5949023765189 131.0105400705463,31.222161630078222,39.986688231713536 131.01054170987675,31.222161527109225,40.379784243940975 131.01054335448688,31.222161434509463,40.77372311381569 131.01054500639933,31.222161355176983,41.16915727194938 131.01054666450386,31.2221612874857,41.56571328408869 131.01054832853453,31.22216123102412,41.9632977358626 131.0105500005257,31.22216118864532,42.36255593601427 131.01055167763954,31.222161156235583,42.762562953769056 131.01055336185425,31.22216113653801,43.16394434399081 131.01055505248252,31.22216112847591,43.56646671991359 131.01055674894073,31.22216113114485,43.96993537834971 131.01055845275985,31.222161146560087,44.37482254568094 131.01056016208352,31.2221611720194,44.78052996595013 131.0105618784807,31.22216120956345,45.18754064582298 131.01056360125602,31.222161258072205,45.59562195422112 131.01056532961405,31.22216131633853,46.00451605602319 131.01056706549113,31.22216138677944,46.4148104401509 131.0105688069361,31.222161466625234,46.82588866868484 131.01057055562586,31.22216155791361,47.2382560174651 131.0105723111258,31.222161659849647,47.65176312815182 131.01057407269124,31.222161771312862,48.06617267332511 131.0105758421436,31.22216189436872,48.482022515811934 131.01057761705556,31.222162025777777,48.89856596900771 131.01057939957892,31.22216216797853,49.316438777568 131.0105811883715,31.22216231908375,49.73522331780115 131.0105829833447,31.22216247879845,50.15488331557125 131.01058478592464,31.22216264852716,50.57582707925177 131.01058659407732,31.22216282568792,50.9974411599984 131.01058840972274,31.22216301223819,51.42027931786977 131.0105902318881,31.222163206802414,51.84404122221022 131.0105920604013,31.222163408990937,52.26866740943735 131.01059389700913,31.22216362039404,52.69465036040215 131.01059573912423,31.22216383803145,53.12123031568371 131.0105975889658,31.222164063974063,53.54903566315987 131.01059944541603,31.22216429679133,53.97773180426643 131.01060130839892,31.22216453619619,54.40728804287997 131.01060317906027,31.222164783030195,54.83801723592824 131.01060505544194,31.222165035178044,55.26935464247111 131.01060693992568,31.222165294644405,55.70196205167617 131.0106088309007,31.222165559665093,56.13537440242242 131.0106107290908,31.22216583069228,56.56978640705649 131.0106126353008,31.22216610815948,57.00541022482557 131.01061454761344,31.22216639018889,57.44170471219812 131.01061646863317,31.222166678763283,57.879381396388574 131.01061839541492,31.22216697117491,58.31761723916394 131.01062032973695,31.22216726870236,58.756894973919486 131.0106222715244,31.22216757103639,59.197183663795805 131.0106242196673,31.222167877123844,59.63817363273986 131.01062617615403,31.22216818829756,60.08039850261155 131.01062813845766,31.22216850243412,60.52316400742404 131.01063010867347,31.222168820942468,60.96703233734423 131.0106320859065,31.22216914296189,61.41175354344405 131.01063406993822,31.222169468196032,61.857264305589055 131.0106360622199,31.222169797501994,62.3039476481848 131.01063806044695,31.222170129117345,62.75118057764363 131.01064006765824,31.22217046501381,63.19977122801675 131.01064208113536,31.22217080318625,63.64898825102188 131.01064410232908,31.22217114451059,64.0992147684268 131.01064613082178,31.22217148858211,64.55033453936392 131.0106481656368,31.22217183467077,65.00208602796629 131.01065020862063,31.22217218389077,65.45495421870766 131.0106522573124,31.222172534569623,65.90828609760409 131.01065431476,31.22217288860632,66.36288332712921 131.0106563785262,31.22217324437761,66.81810091798404 131.0106584492013,31.22217360222148,67.27409315405782 131.01066052745918,31.222173962528384,67.73103465749394 131.01066261122597,31.222174323965863,68.18838081905493 131.010664701945,31.222174687435395,68.64650906550132 131.01066679939933,31.22217505280108,69.10536157382768 131.0106689025152,31.22217541939524,69.56465788000403 131.01067101177483,31.222175787541925,70.02452424888338 131.01067312744505,31.222176157444817,70.48503031319417 131.01067524876214,31.22217652866097,70.94597771343493 131.01067737500082,31.222176900772222,71.40717893271932 131.0106795066866,31.222177274175817,71.86877185508747 131.01068164346006,31.22217764870934,72.33066445682825 131.01068378479613,31.222178024104245,72.7927221287855 131.0106859302556,31.222178400149456,73.25483290909187 131.01068807992462,31.22217877699084,73.7170212504337 131.01069023365227,31.222179154624417,74.17925029739459 131.01069239113184,31.222179532942377,74.64144299569583 131.01069455231078,31.222179912014152,75.10358833275183 131.01069671712636,31.222180291909464,75.56567270562019 131.01069888552232,31.222180672709808,76.02768429765548 131.01070105735943,31.222181054438376,76.48958994684163 131.010703232686,31.22218143726105,76.95140500699652 131.01070541138384,31.222181821224847,77.41310187572446 131.0107075933412,31.22218220638396,77.87465469125209 131.01070977829033,31.222182592674184,78.33599730575263 131.01071196631628,31.222182980306183,78.79715473604186 131.01071415724752,31.22218336929112,79.2580857473288 131.01071635102042,31.222183759727283,79.71877693613925 131.01071854748164,31.222184151640143,80.17919178945105 131.01072074663776,31.22218454518797,80.63933498587917 131.01072294844275,31.222184940487764,81.09919757227394 131.01072515275715,31.222185337573688,81.55874650888627 131.01072735952107,31.22218573654801,82.01796916490986 131.01072956868063,31.22218613751828,82.47685441847993 131.01073178016756,31.222186540578168,82.93538733579305 131.01073399400863,31.22218694590857,83.39357735094403 131.01073621028536,31.222187353743383,83.85144784176772 131.0107384286677,31.22218776391667,84.30891629272027 131.01074064917438,31.222188176597417,84.76598970770057 131.0107428717075,31.222188591836165,85.22264499842998 131.0107450962658,31.22218900977684,85.67888376649213 131.01074732276464,31.22218943047536,86.13468607765162 131.0107495510989,31.22218985395933,86.5900266282163 131.01075178140496,31.222190280510844,87.0449417389392 131.01075401359898,31.222190710171223,87.49941124705003 131.01075624754617,31.2221911429202,87.95340182847472 131.01075848310876,31.22219157872673,88.40687928555607 131.01076072014015,31.222192017541296,88.85980700538826 131.01076295871056,31.22219245955272,89.31220353039755 131.01076519873715,31.222192904770445,89.76404821415342 131.01076744027057,31.222193353351663,90.21535416395288 131.01076968318733,31.22219380524396,90.66609016641064 131.01077192735667,31.22219426037812,91.11622303720034 131.01077417228657,31.222194718242875,91.56562824940733 131.0107764181086,31.22219517906516,92.01433871381822 131.01077866484405,31.222195642932387,92.46235937156024 131.01078091243582,31.222196109830826,92.90967524743432 131.0107831607357,31.2221965796266,93.35624842037667 131.01078540983087,31.222197052469244,93.80209981473898 131.0107876597972,31.222197528488586,94.24724732018656 131.01078991051492,31.222198007563968,94.69165987018856 131.0107921620975,31.222198489859647,95.13536431008988 131.01079441462173,31.22219897548792,95.57837816665476 131.01079666800365,31.222199464352368,96.0206789493632 131.01079892225354,31.22219995646824,96.46226743658288 131.01080117724837,31.22220045167579,96.9031113811092 131.0108034330094,31.222200949990928,97.3432140284182 131.01080568938394,31.222201451203315,97.78253593513313 131.01080794632034,31.222201955223927,98.22106236898225 131.01081020384893,31.222202462061567,98.65879857542404 131.01081246199635,31.22220297171449,99.095748803942 131.0108147208116,31.22220348420351,99.53192262169472 131.010816980163,31.22220399931692,99.96728579592076 131.01081923990543,31.222204516822128,100.40180101469636 131.01082149999652,31.22220503661073,100.8354557824114 131.01082376056723,31.22220555878482,101.26827908633666 131.01082602166386,31.22220608333699,101.70027956335016 131.0108282831143,31.222206609986383,102.13141374214192 131.01083054497747,31.22220713873284,102.5616931997836 131.01083280728196,31.222207669534765,102.99112223457072 131.01083506999518,31.222208202273816,103.4196907394126 131.01083733300027,31.22220873672788,103.84736881666473 131.0108395962866,31.22220927280048,104.27415165314451 131.01084185985525,31.222209810406675,104.70003720979706 131.01084412371728,31.22221034947126,105.1250257863344 131.0108463880991,31.222210890166053,105.5491675697396 131.01084865288536,31.222211432265485,105.9724335828412 131.01085091798788,31.222211975575703,106.39480129332102 131.01085318339096,31.22221251998395,106.81626488512286 131.01085544928404,31.22221306560828,107.23686568501766 131.01085771559008,31.222213612266827,107.65658399940288 131.01085998226492,31.22221415981537,108.0754077622645 131.01086224936614,31.222214708220047,108.49334805057843 131.01086451688423,31.222215257375208,108.91040082640885 131.01086678483847,31.222215807206595,109.32656864463677 131.0108690532173,31.222216357607905,109.74184716417584 131.0108713219377,31.22221690839924,110.15621611012058 131.0108735912017,31.22221745969724,110.569719029369 131.0108758609628,31.22221801136312,110.98234401990244 131.01087813122436,31.222218563310687,111.39409034263404 131.01088040187304,31.222219115339005,111.804931552334 131.01088267296527,31.222219667419186,112.21487886502013 131.01088494452705,31.22222021949339,112.62393680451224 131.01088721650132,31.22222077142571,113.03209177224012 131.010889488929,31.22222132317751,113.43935173997724 131.01089176182677,31.22222187468835,113.84571938181448 131.01089403513848,31.22222242583292,114.25118167767592 131.01089630895336,31.222222976624384,114.65575725819772 131.0108985832654,31.222223526989364,115.05944411006008 131.01090085815383,31.22222407693588,115.4622587447582 131.01090313353455,31.22222462632573,115.8641824758158 131.01090540948448,31.222225175169648,116.26523138034904 131.01090768607844,31.2222257234788,116.6654210583272 131.01090996330026,31.22222627118642,117.06474771721892 131.01091224112255,31.22222681821913,117.46320521486764 131.010914519595,31.222227364574696,117.8608039261254 131.01091679861543,31.222227910122303,118.25752201779552 131.0109190782738,31.22222845490089,118.65337846412852 131.01092135870925,31.222228998994584,119.04840266849816 131.0109236398452,31.22222954230575,119.44257846798487 131.01092592168496,31.22223008480896,119.83590667284908 131.01092820417043,31.22223062642999,120.22837517143353 131.01093048730274,31.22223116714894,120.61998445795184 131.01093277111778,31.222231706978384,121.01074229312312 131.0109350554835,31.222232245793617,121.40062141210296 131.01093734055166,31.22223278371128,121.7896538430218 131.01093962633206,31.222233320732407,122.17784200723496 131.01094191271284,31.22223385676016,122.56516311850018 131.01094419968493,31.22223439178692,122.95161580147122 131.0109464873776,31.222234925923445,123.3372273292597 131.01094877566038,31.222235459067743,123.72197130180524 131.01095106481117,31.22223599146088,124.10590550911682 131.01095335453823,31.22223652287259,124.48897060703844 131.0109556448536,31.222237053328904,124.8711697067044 131.01095793564576,31.222237582755675,125.2524806909269 131.01096022693477,31.22223811119148,125.63290838138252 131.01096251875907,31.222238638693423,126.01246138550792 131.0109648110461,31.22223916522768,126.39112569145648 131.0109671037482,31.22223969078408,126.76889238614336 131.0109693970232,31.222240215529663,127.145794306334 131.01097169082948,31.22224073946405,127.52182377629369 131.0109739849343,31.222241262425,127.89693459476234 131.01097627959476,31.2222417846746,128.27117942475854 131.01097857475327,31.222242306204635,128.64454747567734 131.010980870296,31.22224282695996,129.01701668415998 131.01098316620505,31.222243346970856,129.3885842565821 131.01098546251316,31.22224386631386,129.7592575847668 131.01098775917433,31.222244384997165,130.12902830130994 131.01099005605982,31.222244902956035,130.49787152030626 131.0109923534525,31.22224542049931,130.86584436902632 131.01099465133998,31.22224593766988,131.2329450983421 131.01099694958737,31.222246454399937,131.59914769524656 131.01099924819047,31.22224697074212,131.96445204065225 131.01100154715098,31.222247486755727,132.32885919024537 131.01100384652955,31.222248002556224,132.69238179441675 131.01100614626702,31.22224851814726,133.05500884697548 131.01100844633444,31.222249033561457,133.4167352693069 131.01101074661156,31.222249548742266,133.77753814054864 131.01101304689365,31.22225006354976,134.13737803443607 131.0110153472322,31.22225057809364,134.49626566336232 131.0110176477253,31.22225109253045,134.85422077707423 131.01101994837595,31.222251606923766,135.21124447899385 131.01102224920632,31.222252121355904,135.5673416005909 131.01102455011778,31.22225263578637,135.92249353359358 131.01102685092852,31.22225315008731,136.27666560169965 131.0110291518839,31.222253664570857,136.62990559894558 131.0110314529616,31.222254179272007,136.98220963049835 131.01103375418737,31.222254694276003,137.33358295018834 131.0110360555536,31.222255209632745,137.68402438441208 131.01103835703455,31.222255725371223,138.03352926111535 131.0110406587368,31.22225624166157,138.3821181258912 131.0110429604864,31.2222567583698,138.72975804875637 131.01104526230588,31.222257275573504,139.076453450655 131.01104756426105,31.2222577933972,139.42221690327807 131.0110498662427,31.222258311770084,139.76702785643056 131.01105216794002,31.222258830391088,140.1108279122913 131.0110544691462,31.222259349071663,140.45357840157632 131.01105676985574,31.222259867846816,140.79527849975503 131.01105907005996,31.222260386746413,141.13592679491535 131.0110613697506,31.22226090579904,141.4755219228472 131.01106366891992,31.222261425031967,141.81406257896933 131.01106596756057,31.222261944471107,142.15154752230555 131.01106826566573,31.222262464140982,142.48797557250117 131.01107056322897,31.22226298406476,142.82334560982386 131.01107286024438,31.22226350426411,143.15765658808343 131.01107515670648,31.2222640247593,143.49090752270533 131.01107745261035,31.222264545569143,143.8230974996741 131.01107974795153,31.22226506671097,144.15422567652854 131.011082042726,31.22226558820064,144.4842912873301 131.01108433693028,31.222266110052526,144.81329363272337 131.0110866305614,31.22226663227956,145.14123208689313 131.01108892361685,31.22226715489312,145.46810610949197 131.0110912160947,31.22226767790316,145.79391522476624 131.0110935079933,31.222268201318133,146.1186590414345 131.01109579931187,31.22226872514507,146.4423372367859 131.01109809004964,31.222269249389505,146.76494957357423 131.01110038020667,31.2222697740556,147.08649588511096 131.01110266978344,31.222270299146032,147.4069760901723 131.01110495878075,31.22227082466212,147.72639017510846 131.01110724720016,31.222271350603805,148.04473820974772 131.01110953504335,31.222271876969646,148.362020335467 131.01111182231273,31.222272403756914,148.67823677513232 131.01111410901095,31.222272930961555,148.99338782117067 131.0111163951413,31.22227345857829,149.30747384153395 131.0111186807073,31.222273986600552,149.62049527969845 131.01112096571305,31.22227451502061,149.9324526496958 131.0111232501629,31.222275043829537,150.24334653611038 131.01112553406185,31.22227557301726,150.553177595077 131.011127817415,31.22227610257264,150.8619465483139 131.01113010022794,31.222276632483467,151.16965418908808 131.01113238250667,31.222277162736543,151.47630137028662 131.01113466425747,31.22227769331765,151.78188901038197 131.01113694548707,31.222278224211685,152.086418092437 131.01113922620232,31.2222787554026,152.38988965217703 131.01114150641052,31.22227928687352,152.69230479190625 131.01114378611928,31.22227981860677,152.9936646636102 131.01114606533645,31.222280350583915,153.29397047392547 131.01114834407008,31.222280882785807,153.59322348513425 131.0111506223286,31.222281415192622,153.8914250012483 131.01115290012052,31.22228194778392,154.18857638093075 131.01115517745473,31.22228248053868,154.4846790205998 131.0111574543402,31.222283013435327,154.77973436337348 131.01115973078615,31.22228354645181,155.07374389111783 131.01116200680198,31.22228407956564,155.3667091224613 131.0111642823972,31.22228461275392,155.65863161279208 131.01116655758145,31.222285145993432,155.94951294432158 131.01116883236452,31.222285679260622,156.23935473204642 131.01117110675636,31.222286212531703,156.528158619773 131.0111733807669,31.222286745782604,156.8159262741548 131.0111756544063,31.22228727898917,157.10265938568713 131.01117792768457,31.22228781212704,157.38835965975977 131.011180200612,31.22228834517177,157.67302882262302 131.01118247319872,31.222288878098905,157.95666861244095 131.01118474545493,31.222289410883967,158.2392807792934 131.0111870173909,31.222289943502503,158.52086708119802 131.0111892890168,31.22229047593016,158.80142928808948 131.0111915603428,31.222291008142623,159.08096916690684 131.011193831379,31.22229154011581,159.3594884865676 131.01119610213547,31.222292071825777,159.63698901995272 131.0111983726222,31.222292603248786,159.91347253595728 131.0112006428491,31.222293134361355,160.18894079451903 131.01120291282595,31.222293665140324,160.46339554761596 131.01120518256246,31.222294195562828,160.73683854125167 131.0112074520681,31.22229472560633,161.00927150352877 131.01120972135243,31.222295255248724,161.2806961486267 131.01121199042464,31.22229578446825,161.55111417580545 131.0112142592938,31.22229631324364,161.82052726642735 131.0112165279689,31.222296841554005,162.08893708097165 131.01121879645868,31.22229736937902,162.35634525307512 131.0112210647717,31.22229789669881,162.6227533944991 131.01122333291633,31.22229842349408,162.8881630901616 131.0112256009007,31.22229894974605,163.15257589913185 131.01122786873276,31.22229947543653,163.41599334568326 131.01123013642015,31.22230000054792,163.67841692526005 131.01123240397035,31.22230052506321,163.93984809851148 131.01123467139058,31.222301048966045,164.20028829526956 131.0112369386878,31.22230157224066,164.45973890560273 131.01123920586875,31.22230209487197,164.71820128578105 131.01124147293987,31.222302616845543,164.97567675131725 131.01124373990731,31.22230313814763,165.23216657994993 131.011246006777,31.222303658765167,165.48767200468737 131.01124827355457,31.222304178685786,165.74219422076263 131.0112505402453,31.22230469789779,165.99573437768433 131.01125280685434,31.22230521639021,166.2482935871876 131.0112550733864,31.22230573415283,166.49987291031377 131.011257339846,31.222306251176068,166.75047336635512 131.01125960623727,31.222306767451087,167.00009593086807 131.01126187256415,31.2223072829698,167.2487415287156 131.01126413883023,31.22230779772481,167.49641104301216 131.01126640503884,31.22230831170943,167.74310530518545 131.01126867119297,31.222308824917697,167.98882510193403 131.0112709372953,31.2223093373444,168.23357117721514 131.01127320334822,31.22230984898501,168.47734421832962 131.0112754693539,31.22231035983569,168.72014486884305 131.01127773531408,31.222310869893345,168.96197372659927 131.01128000123032,31.22231137915552,169.20283134073702 131.0112822671039,31.22231188762048,169.44271821268467 131.01128453293566,31.222312395287204,169.68163479119187 131.01128679872636,31.22231290215525,169.91958148524856 131.01128906447627,31.22231340822489,170.15655865613505 131.01129133018554,31.22231391349709,170.39256661245267 131.011293595854,31.2223144179734,170.62760562205017 131.01129586148113,31.222314921655983,170.86167590606 131.01129812706617,31.22231542454768,171.09477763790602 131.01130039260815,31.222315926651888,171.32691094926503 131.01130265810588,31.2223164279726,171.5580759290751 131.0113049235577,31.22231692851439,171.78827261160615 131.01130718896195,31.2223174282824,172.01750100528565 131.01130945431655,31.22231792728227,172.24576106486805 131.01131171961927,31.22231842552024,172.47305270733733 131.0113139848676,31.222318923003,172.69937580991973 131.01131625005883,31.22231941973777,172.9247302100831 131.01131851519003,31.222319915732232,173.14911570851925 131.011320780258,31.22232041099456,173.3725320621863 131.01132304525945,31.222320905533337,173.59497899822318 131.01132531019067,31.2223213993576,173.81645620102924 131.01132757504803,31.22232189247677,174.03696333015407 131.01132983982748,31.222322384900703,174.25650000141349 131.0113321045249,31.22232287663956,174.47506580676807 131.0113343691359,31.22232336770393,174.69266029941335 131.01133663365616,31.22232385810465,174.90928300670143 131.0113388980809,31.22232434785296,175.1249334261657 131.0113411624054,31.22232483696033,175.33961102750706 131.01134342662465,31.22232532543856,175.5533152516014 131.0113456907336,31.22232581329965,175.76604551546885 131.011347954727,31.22232630055592,175.97780121127843 131.01135021859957,31.22232678721985,176.18858171231304 131.01135248234576,31.222327273304163,176.39838635806052 131.01135474596012,31.22232775882173,176.60721448104803 131.01135700943692,31.22232824378563,176.8150653869646 131.01135927277045,31.222328728209035,177.02193836161857 131.0113615359548,31.222329212105304,177.2278326768997 131.01136379898415,31.22232969548788,177.4327475907807 131.01136606185247,31.222330178370285,177.63668234433456 131.0113683245538,31.22233066076613,177.83963616173335 131.01137058708187,31.222331142689097,178.0416082611838 131.01137284943078,31.222331624152886,178.2425978459791 131.0113751115942,31.222332105171244,178.4426041124518 131.01137737356595,31.22233258575791,178.6416262440094 131.0113796353398,31.222333065926616,178.83966342008037 131.01138189690954,31.22233354569112,179.03671481511878 131.01138415826887,31.22233402506508,179.2327795966173 131.01138641941165,31.2223345040621,179.4278569310694 131.0113886803316,31.2223349826958,179.62194597502537 131.01139094102243,31.222335460979608,179.81504589894604 131.01139320147809,31.222335938926925,180.0071558534074 131.01139546169227,31.22233641655099,180.1982750048848 131.0113977216589,31.22233689386496,180.388402514877 131.0113999813719,31.222337370881814,180.57753754686672 131.01140224082522,31.2223378476144,180.7656792732753 131.01140450001284,31.22233832407541,180.95282686552463 131.01140675892884,31.22233880027732,181.13897950298173 131.01140901756736,31.222339276232464,181.32413637594192 131.01141127592263,31.22233975195296,181.50829667568607 131.0114135339889,31.22234022745074,181.6914596074052 131.01141579176053,31.222340702737498,181.8736243842345 131.011418049232,31.22234117782468,182.05479022725336 131.01142030639784,31.222341652723536,182.2349563744313 131.0114225632527,31.22234212744507,182.4141220696944 131.01142481979136,31.222342601999976,182.5922865788272 131.01142707600863,31.22234307639877,182.76944917257708 131.0114293318996,31.22234355065164,182.94560914255527 131.01143158745924,31.22234402476849,183.12076579428097 131.01143384268283,31.222344498759007,183.29491844618693 131.0114360975657,31.222344972632538,183.46806643955608 131.0114383521034,31.22234544639816,183.6402091256047 131.01144060629144,31.222345920064623,183.81134588535647 131.01144286012564,31.22234639364042,183.98147610479768 131.01144511360187,31.222346867133727,184.1505991977356 131.01144736671614,31.222347340552407,184.31871459983407 131.01144961946463,31.22234781390399,184.4858217616578 131.01145187184372,31.222348287195743,184.65192015761647 131.0114541238499,31.22234876043456,184.81700928397663 131.0114563754798,31.222349233627032,184.98108865588057 131.01145862673016,31.222349706779465,185.14415781629103 131.01146087759804,31.2223501798978,185.30621632505736 131.0114631280805,31.22235065298766,185.4672637698497 131.0114653781748,31.22235112605439,185.6272997601951 131.01146762787852,31.222351599102943,185.7863239304579 131.01146987718917,31.22235207213801,185.9443359368604 131.0114721261046,31.222352545163943,186.1013354584735 131.0114743746227,31.22235301818474,186.25732220914628 131.01147662274178,31.222353491204125,186.4122959166328 131.0114788704599,31.22235396422547,186.56625633551232 131.01148111777576,31.22235443725185,186.71920325315324 131.01148336468788,31.22235491028606,186.8711364698352 131.01148561119513,31.222355383330505,187.022055823596 131.01148785729643,31.222355856387377,187.1719611673724 131.01149010299105,31.222356329458503,187.32085238788352 131.01149234827827,31.22235680254541,187.46872939370408 131.01149459315764,31.22235727564936,187.61559211725293 131.01149683762884,31.2223577487713,187.7614405217496 131.0114990816917,31.22235822191192,187.90627458531188 131.01150132534627,31.222358695071573,188.05009432679768 131.0115035685928,31.222359168250364,188.1928997819504 131.01150581143156,31.22235964144813,188.3346910063819 131.01150805386317,31.22236011466444,188.4754680904801 131.01151029588834,31.22236058789856,188.61523114549468 131.0115125375079,31.22236106114953,188.75398030552483 131.01151477872287,31.22236153441618,188.89171572751977 131.0115170195346,31.222362007697008,189.02843759922823 131.0115192599443,31.22236248099032,189.164146128268 131.01152149995352,31.222362954294155,189.29884154411107 131.01152373956396,31.222363427606368,189.43252410703167 131.01152597877743,31.222363900924577,189.56519409220104 131.011528217596,31.22236437424615,189.69685179863444 131.01153045602172,31.22236484756828,189.82749755117848 131.01153269405688,31.222365320887967,189.95713169653555 131.01153493170392,31.222365794201977,190.08575459531167 131.01153716896548,31.22236626750693,190.2133666418968 131.0115394058442,31.222366740799227,190.3399682435904 131.01154164234293,31.222367214075103,190.46555982557305 131.01154387846472,31.222367687330635,190.59014184084333 131.0115461142126,31.222368160561714,190.71371475829383 131.0115483495899,31.22236863376409,190.83627906270843 131.0115505846,31.222369106933407,190.95783525874063 131.01155281924636,31.222369580065056,191.07838387389225 131.0115550535326,31.22237005315442,191.19792544360752 131.01155728746247,31.222370526196684,191.31646053115065 131.01155952103983,31.222370999186907,191.43398971070823 131.01156175426857,31.222371472120063,191.55051356937847 131.01156398715287,31.22237194499102,191.6660327190977 131.01156621969687,31.22237241779452,191.78054777576887 131.0115684519048,31.222372890525225,191.8940593771507 131.011570683781,31.22237336317772,192.0065681699381 131.01157291533,31.22237383574651,192.1180748157262 131.0115751465563,31.222374308226005,192.2285799920016 131.0115773774646,31.222374780610583,192.3380843822075 131.01157960805952,31.222375252894533,192.44658868269687 131.01158183834588,31.222375725072105,192.55409360671229 131.01158406832857,31.222376197137496,192.66059986947351 131.0115862980125,31.222376669084884,192.7661081971258 131.01158852740264,31.222377140908367,192.87061933071425 131.01159075650412,31.222377612602063,192.97413401425663 131.01159298532195,31.222378084160056,193.07665299872008 131.0115952138614,31.2223785555764,193.1781770469904 131.01159744212765,31.222379026845164,193.2787069239332 131.01159967012595,31.22237949796037,193.37824340235625 131.01160189786165,31.2223799689161,193.47678726102367 131.01160412534003,31.222380439706367,193.5743392846551 131.01160635256656,31.222380910325285,193.6709002559744 131.01160857954653,31.222381380766933,193.76647096863056 131.0116108062855,31.222381851025403,193.8610522182529 131.0116130327889,31.222382321094848,193.95464479251223 131.01161525906213,31.222382790969466,194.04724949596843 131.01161748511075,31.22238326064344,194.13886712422885 131.01161971094027,31.222383730111016,194.22949847587435 131.0116219365562,31.222384199366523,194.3191443534564 131.01162416196402,31.222384668404302,194.40780555256072 131.01162638716923,31.2223851372188,194.4954828707542 131.0116286121774,31.222385605804444,194.58217710460343 131.011630836994,31.222386074155786,194.66788904768657 131.0116330616245,31.222386542267447,194.7526194905936 131.0116352860744,31.22238701013412,194.83636921993167 131.0116375103491,31.222387477750527,194.9191390193209 131.0116397344541,31.22238794511153,195.0009296674052 131.0116419583947,31.22238841221205,195.08174194083503 131.0116441821764,31.222388879047088,195.1615766053204 131.01164640580444,31.22238934561175,195.2404344255732 131.01164862928417,31.222389811901223,195.318316156359 131.0116508526208,31.22239027791081,195.39522254647585 131.01165307581957,31.222390743635888,195.4711543427267 131.01165529888564,31.222391209071947,195.5461122750135 131.01165752182416,31.22239167421459,195.62009707124443 131.01165974464013,31.222392139059515,195.6931094464015 131.01166196733857,31.222392603602543,195.7651501124805 131.0116641899244,31.222393067839608,195.8362197625872 131.01166641240255,31.22239353176673,195.90631909181016 131.01166863477775,31.222393995380063,195.97544877137904 131.0116708570548,31.2223944586759,196.0436094725188 131.0116730792384,31.222394921650608,196.1108018515404 131.01167530133304,31.222395384300693,196.1770265518305 131.01167752334328,31.2223958466228,196.24228420683096 131.01167974527354,31.222396308613675,196.3065754340764 131.01168196712817,31.222396770270205,196.3699008451341 131.01168418891146,31.22239723158939,196.4322610326821 131.01168641062753,31.22239769256836,196.49365658045005 131.0116886322805,31.22239815320436,196.55408805228328 131.01169085387434,31.222398613494764,196.6135560070548 131.0116930754129,31.222399073437128,196.6720609827608 131.01169529690003,31.222399533029044,196.72960350745413 131.01169751833947,31.22239999226832,196.78618408930632 131.01169973973467,31.22240045115283,196.84180322654456 131.0117019610892,31.22240090968061,196.89646139850893 131.0117041824064,31.222401367849823,196.95015907558977 131.01170640368954,31.222401825658743,197.002896705314 131.01170862494183,31.2224022831058,197.05467472228344 131.01171084616624,31.22240274018952,197.10549354917043 131.01171306736575,31.222403196908594,197.1553535837951 131.01171528854314,31.22240365326181,197.2042552150284 131.01171750970113,31.22240410924812,197.2521988188176 131.0117197308423,31.22240456486657,197.29918473930127 131.0117219519691,31.222405020116327,197.3452133226018 131.01172417308382,31.222405474996723,197.3902848850215 131.01172639418874,31.22240592950717,197.43439972993784 131.01172861528593,31.222406383647247,197.47755814681005 131.01173083637738,31.222406837416607,197.51976040521657 131.01173305746485,31.22240729081508,197.56100675783523 131.01173527855013,31.22240774384255,197.60129744143828 131.0117374996348,31.222408196499085,197.64063267291607 131.01173972072024,31.22240864878482,197.67901265723003 131.01174194180783,31.22240910070005,197.71643757846417 131.01174416289876,31.22240955224516,197.75290760281047 131.0117463839941,31.22241000342062,197.78842288353607 131.0117486050948,31.22241045422708,197.8229835500512 131.01175082620165,31.22241090466524,197.85658972182367 131.01175304731527,31.22241135473593,197.88924149446504 131.01175526843627,31.22241180444009,197.92093895264915 131.01175748956504,31.22241225377876,197.95168216216257 131.01175971070185,31.222412702753065,197.98147116990555 131.01176193184682,31.22241315136429,198.01030600786555 131.01176415299997,31.222413599613738,198.03818669113025 131.0117663741612,31.222414047502863,198.06511321689337 131.01176859533024,31.222414495033178,198.0910855674373 131.01177081650667,31.22241494220632,198.1161037101328 131.01177303769,31.222415389024,198.1401675884925 131.0117752588796,31.222415835488,198.16327714205093 131.01177748007467,31.222416281600232,198.18543228250869 131.01177970127432,31.22241672736264,198.20663291361288 131.01178192247747,31.222417172777288,198.22687891823463 131.01178414368303,31.222417617846297,198.24617017029595 131.0117863648896,31.22241806257188,198.2645065198624 131.01178858609586,31.222418506956288,198.2818878110316 131.0117908073002,31.222418951001888,198.2983138630512 131.01179302850093,31.22241939471109,198.3137844911885 131.01179524969632,31.222419838086363,198.32829948784743 131.0117974708844,31.222420281130248,198.3418586325081 131.0117996920631,31.22242072384536,198.35446169470708 131.01180191323036,31.22242116623434,198.36610842906904 131.0118041343838,31.22242160829992,198.3767985733184 131.0118063555211,31.222422050044884,198.3865318532484 131.01180857663968,31.22242249147202,198.3953079807345 131.01181079773693,31.222422932584205,198.40312665870223 131.0118130188101,31.222423373384345,198.4099875751648 131.01181523985636,31.222423813875405,198.41589040421707 131.01181746087275,31.222424254060364,198.4208348100101 131.01181968185617,31.222424693942248,198.42482044277656 131.01182190280346,31.22242513352414,198.42784694578745 131.01182412371136,31.2224255728091,198.42991394640688 131.01182634457643,31.222426011800284,198.43102106503767 131.01182856539523,31.22242645050081,198.43116790716937 131.01183078616418,31.22242688891387,198.4303540733173 131.0118330068796,31.22242732704265,198.42857914809008 131.01183522753772,31.222427764890345,198.42584271509807 131.01183744813463,31.2224282024602,198.4221443380688 131.01183966866648,31.222428639755424,198.41748357873703 131.0118418891292,31.222429076779274,198.41185998889387 131.01184410951862,31.222429513535022,198.4052731153565 131.01184632983055,31.222429950025912,198.3977224910215 131.0118485500608,31.2224303862552,198.38920764579973 131.01185077020492,31.222430822226144,198.37972809568208 131.01185299025852,31.222431257942024,198.369283361624 131.01185521021708,31.22243169340607,198.35787294569133 131.01185743007605,31.22243212862153,198.34549635193235 131.01185964983085,31.22243256359165,198.33215307942112 131.01186186947672,31.222432998319626,198.31784261331143 131.01186408900887,31.22243343280867,198.3025644437209 131.0118663084226,31.22243386706198,198.28631804684704 131.01186852771295,31.222434301082703,198.26910290285784 131.01187074687508,31.222434734874003,198.25091848296992 131.011872965904,31.22243516843899,198.23176425640696 131.01187518479472,31.22243560178075,198.21163969039853 131.01187740354214,31.22243603490233,198.1905442462052 131.01187962214124,31.22243646780677,198.1684773880627 131.01188184058688,31.222436900497087,198.145438572251 131.01188405887393,31.22243733297621,198.1214272580244 131.01188627699716,31.222437765247086,198.09644289767343 131.01188849495145,31.22243819731258,198.07048495242867 131.0118907127315,31.222438629175542,198.04355287258136 131.01189293033215,31.22243906083876,198.0156461143788 131.01189514774808,31.222439492304986,197.9867641330688 131.01189736497403,31.22243992357693,197.95690638190456 131.01189958200476,31.222440354657223,197.92607232208417 131.01190179883497,31.222440785548496,197.8942614068472 131.01190401545935,31.22244121625328,197.86147309936604 131.0119062318727,31.22244164677407,197.8277068618128 131.01190844806976,31.22244207711329,197.7929621593329 131.0119106640452,31.22244250727335,197.7572384580608 131.01191287979373,31.222442937256545,197.72053523107988 131.01191509531023,31.222443367065143,197.6828519494788 131.01191731058947,31.22244379670133,197.64418809527217 131.01191952562624,31.222444226167244,197.60454315146188 131.0119217404154,31.222444655464965,197.56391660601096 131.0119239549518,31.22244508459648,197.5223079508512 131.0119261692304,31.222445513563727,197.47971668486525 131.01192838324607,31.22244594236856,197.43614231487763 131.0119305969939,31.2224463710128,197.39158434969457 131.01193281046883,31.222446799498144,197.34604231004104 131.011935023666,31.222447227826265,197.29951571762825 131.01193723658056,31.22244765599873,197.2520041050925 131.01193944920763,31.22244808401709,197.203507009039 131.01194166154255,31.222448511882728,197.15402398295967 131.0119438735806,31.222448939597022,197.1035545773584 131.01194608531716,31.222449367161268,197.0520983596263 131.01194829674768,31.22244979457664,196.9996549001287 131.01195050786768,31.22245022184431,196.94622378711364 131.01195271867277,31.222450648965328,196.89180460484505 131.01195492915863,31.22245107594065,196.83639696043784 131.01195713932103,31.22245150277119,196.7800004669632 131.0119593491559,31.22245192945777,196.7226147434465 131.01196155865904,31.22245235600116,196.6642394277899 131.0119637678266,31.22245278240199,196.60487415987427 131.01196597665466,31.222453208660863,196.54451859945 131.01196818513947,31.222453634778304,196.48317241222367 131.01197039327738,31.22245406075473,196.42083527880072 131.01197260106483,31.222454486590504,196.35750688971785 131.0119748084984,31.22245491228591,196.29318694742923 131.0119770155747,31.22245533784112,196.2278751712776 131.01197922229056,31.22245576325628,196.1615712925237 131.01198142864283,31.22245618853142,196.0942750493768 131.01198363462862,31.22245661366652,196.0259861999152 131.011985840245,31.222457038661457,195.9567045141364 131.01198804548926,31.22245746351607,195.88642977296087 131.01199025035882,31.22245788823008,195.8151617761858 131.01199245485117,31.222458312803173,195.74290033651897 131.011994658964,31.222458737234927,195.66964527262337 131.01199686269513,31.222459161524856,195.5953964329709 131.01199906604248,31.22245958567243,195.5201536650292 131.01200126900414,31.222460009677008,195.44391684309429 131.0120034715783,31.222460433537915,195.3666858503969 131.01200567376344,31.22246085725437,195.2884605860621 131.012007875558,31.222461280825545,195.2092409651085 131.01201007696062,31.22246170425053,195.12902691745407 131.01201227797017,31.22246212752841,195.0478183889108 131.01201447858563,31.222462550658104,194.96561534018963 131.0120166788061,31.222462973638525,194.8824177488896 131.01201887863087,31.222463396468537,194.79822560552128 131.01202107805935,31.22246381914692,194.71303892046475 131.01202327709123,31.222464241672384,194.62685771502348 131.01202547572615,31.222464664043606,194.5396820313648 131.01202767396418,31.222465086259195,194.4515119235734 131.01202987180528,31.222465508317693,194.3623474636156 131.01203206924978,31.22246593021759,194.272188739352 131.01203426629803,31.222466351957326,194.1810358535413 131.0120364629506,31.222466773535288,194.08888892583144 131.01203865920834,31.22246719494984,193.99574809076887 131.0120408550721,31.222467616199253,193.90161349978865 131.0120430505429,31.22246803728177,193.80648532121305 131.01204524562212,31.222468458195635,193.71036373230072 131.01204744031105,31.22246887893896,193.6132489411121 131.01204963461132,31.22246929950988,193.51514115073084 131.01205182852465,31.222469719906464,193.4160406000109 131.01205402205304,31.22247014012675,193.3159475287929 131.01205621519844,31.222470560168745,193.2148621957924 131.0120584079632,31.22247098003041,193.1127848805884 131.01206060034963,31.222471399709686,193.00971587368457 131.01206279236044,31.222471819204475,192.9056554765092 131.0120649839983,31.22247223851264,192.80060401433585 131.01206717526605,31.222472657632046,192.69456181938688 131.0120693661668,31.22247307656051,192.58752924077297 131.0120715567038,31.222473495295848,192.4795066464804 131.01207374688036,31.22247391383582,192.3704944104512 131.01207593670009,31.222474332178184,192.26049292450924 131.0120781261666,31.222474750320696,192.1495025963725 131.01208031528378,31.22247516826108,192.03752384567872 131.0120825040556,31.22247558599703,191.9245571039838 131.01208469248616,31.22247600352629,191.81060281277496 131.01208688057977,31.22247642084653,191.6956614334094 131.01208906834088,31.222476837955423,191.5797334391636 131.012091255774,31.22247725485069,191.4628193082765 131.01209344288387,31.222477671529976,191.3449195358749 131.01209562967534,31.222478087990982,191.22603462602368 131.01209781615336,31.222478504231347,191.1061651016641 131.012100002323,31.222478920248776,190.9853114857303 131.0121021881895,31.222479336040948,190.8634743180452 131.0121043737582,31.222479751605533,190.7406541533333 131.01210655903455,31.22248016694024,190.6168515443237 131.01210874402412,31.22248058204276,190.49206706361656 131.0121109287326,31.222480996910807,190.36630128380543 131.01211311316578,31.22248141154213,190.2395547973548 131.01211529732956,31.22248182593445,190.1118281987094 131.01211748122986,31.22248224008554,189.98312208727776 131.01211966487284,31.22248265399316,189.8534370763754 131.0121218482646,31.22248306765512,189.72277378925065 131.0121240314114,31.22248348106924,189.5911328451696 131.01212621431955,31.222483894233346,189.4585148783008 131.0121283969955,31.22248430714533,189.32492052678123 131.01213057944565,31.222484719803088,189.19035043569943 131.01213276167655,31.22248513220453,189.05480524914347 131.0121349436948,31.22248554434764,188.91828562908617 131.0121371255069,31.222485956230404,188.7807922245728 131.01213930711972,31.222486367850824,188.64232570054503 131.01214148853984,31.22248677920697,188.5028867279025 131.01214366977405,31.22248719029695,188.362475969588 131.01214585082909,31.22248760111887,188.2210940964887 131.0121480317118,31.22248801167091,188.07874178246945 131.01215021242896,31.222488421951297,187.93541970437 131.0121523929874,31.22248883195825,187.7911285320673 131.01215457339393,31.222489241690106,187.64586894537268 131.01215675365535,31.222489651145164,187.4996416201156 131.01215893377855,31.222490060321825,187.3524472341089 131.01216111377025,31.222490469218528,187.20428646118407 131.01216329363723,31.222490877833728,187.05515997318008 131.0121654733863,31.222491286165955,186.9050684459056 131.01216765302408,31.222491694213804,186.7540125452265 131.01216983255722,31.222492101975888,186.6019929389912 131.0121720119924,31.22249250945088,186.4490102940489 131.0121741913362,31.222492916637485,186.2950652692932 131.01217637059497,31.22249332353453,186.14015851764927 131.01217854977523,31.22249373014084,185.9842906960143 131.01218072888332,31.222494136455303,185.82746244438349 131.01218290792545,31.222494542476863,185.6696744057297 131.0121850869078,31.22249494820453,185.51092721606463 131.0121872658364,31.22249535363736,185.3512215014551 131.0121894447173,31.222495758774464,185.190557882002 131.0121916235563,31.22249616361499,185.0289369728312 131.01219380235915,31.2224965681582,184.86635937813216 131.01219598113138,31.22249697240335,184.7028256971209 131.01219815987855,31.2224973763498,184.53833651012465 131.01220033860602,31.222497779996925,184.37289240243567 131.01220251731888,31.22249818334422,184.20649393946667 131.01220469602225,31.222498586391165,184.0391416836416 131.01220687472096,31.22249898913733,183.87083618048635 131.01220905341978,31.22249939158236,183.70157796657685 131.0122112321232,31.222499793725927,183.5313675655653 131.01221341083564,31.2225001955678,183.36020549712404 131.0122155895613,31.22250059710776,183.188092257068 131.012217768304,31.22250099834568,183.01502833822693 131.01221994706776,31.22250139928148,182.84101421454275 131.01222212585608,31.222501799915115,182.66605035001507 131.01222430467234,31.222502200246623,182.4901371937312 131.01222648351975,31.222502600276105,182.31327518185367 131.01222866240124,31.22250300000368,182.13546473265168 131.0122308413196,31.22250339942953,181.95670625445248 131.0122330202773,31.222503798553923,181.7770001396761 131.01223519927666,31.222504197377127,181.5963467628501 131.01223737831972,31.22250459589952,181.4147464865713 131.01223955740824,31.22250499412147,181.2321996545484 131.01224173654384,31.22250539204344,181.0487065965724 131.0122439157278,31.22250578966593,180.86426762354705 131.0122460949612,31.222506186989463,180.67888303543944 131.01224827424485,31.222506584014617,180.4925531093532 131.0122504535792,31.222506980742065,180.3052781114558 131.01225263296465,31.22250737717247,180.11705828703927 131.01225481240112,31.222507773306567,179.92789386648403 131.0122569918884,31.22250816914512,179.73778506128167 131.0122591714259,31.222508564688912,179.54673206900662 131.0122613510129,31.2225089599388,179.35473506337613 131.01226353064837,31.222509354895656,179.16179420915805 131.0122657103308,31.2225097495604,178.9679096452759 131.01226789005867,31.22251014393397,178.77308149971657 131.01227006983007,31.222510538017367,178.5773098756152 131.0122722496428,31.222510931811584,178.38059486914608 131.01227442949437,31.22251132531767,178.18293654964515 131.01227660938207,31.222511718536687,177.9843349715352 131.01227878930294,31.22251211146972,177.78479017333282 131.01228096925357,31.222512504117912,177.58430217566115 131.01228314923043,31.222512896482367,177.3828709832358 131.0122853292296,31.22251328856429,177.18049657691617 131.01228750924705,31.22251368036484,176.97717892960563 131.0122896892783,31.2225140718852,176.77291799531952 131.01229186931872,31.222514463126576,176.56771370421492 131.01229404936333,31.22251485409021,176.3615659775006 131.01229622940693,31.22251524477732,176.154474717496 131.01229840944407,31.22251563518914,175.94643981061384 131.01230058946902,31.22251602532692,175.73746112736143 131.01230276947578,31.2225164151919,175.52753852333117 131.01230494945807,31.222516804785343,175.31667183820963 131.01230712940955,31.22251719410848,175.10486089378827 131.01230930932337,31.22251758316256,174.89210550589073 131.0123114891926,31.22251797194881,174.6784054674754 131.01231366901,31.22251836046852,174.46376056155765 131.01231584876825,31.2225187487229,174.24817055425126 131.01231802845967,31.22251913671318,174.03163520470807 131.01232020807646,31.222519524440568,173.8141542512029 131.0123223876105,31.222519911906296,173.59572742107235 131.01232456705364,31.222520299111505,173.37635443767172 131.01232674639735,31.222520686057383,173.15603500447432 131.01232892563317,31.22252107274506,172.93476881699524 131.0123311047522,31.22252145917565,172.71255556478195 131.0123332837455,31.222521845350247,172.48939491650393 131.01233546260397,31.222522231269927,172.26528654380627 131.01233764131837,31.222522616935724,172.04023010540888 131.01233981987923,31.22252300234864,171.8142252480975 131.01234199827712,31.222523387509654,171.58727161964683 131.01234417650232,31.22252377241972,171.3593688519231 131.01234635454512,31.22252415707972,171.13051657777996 131.01234853239563,31.22252454149053,170.90071441416293 131.01235071004393,31.22252492565296,170.66996198993803 131.01235288747995,31.22252530956779,170.43825891110498 131.0123550646937,31.22252569323574,170.20560479558424 131.012357241675,31.22252607665752,169.97199924439323 131.01235941841364,31.222526459833755,169.73744186748812 131.01236159489935,31.222526842765063,169.5019322668668 131.01236377112204,31.22252722545198,169.2654700504849 131.01236594707137,31.222527607895,169.0280548153569 131.01236812273712,31.222527990094576,168.78968617041872 131.012370298109,31.222528372051084,168.55036371664667 131.01237247317695,31.22252875376488,168.31008706097427 131.01237464793073,31.22252913523623,168.06885581331045 131.01237682236027,31.22252951646536,167.82666958653698 131.0123789964555,31.22252989745244,167.58352799551767 131.0123811702066,31.22253027819757,167.33943065908383 131.01238334360357,31.2225306587008,167.0943772099748 131.01238551663675,31.222531038962096,166.84836727893395 131.01238768929647,31.22253141898144,166.60140050166743 131.01238986157324,31.22253179875868,166.35347652878215 131.01239203345773,31.22253217829364,166.10459501982214 131.01239420494068,31.22253255758605,165.8547556363128 131.01239637601313,31.22253293663561,165.60395805070365 131.0123985466662,31.22253331544196,165.3522019503458 131.01240071689128,31.22253369400464,165.0994870305339 131.01240288667995,31.222534072323185,164.84581300046926 131.0124050560239,31.22253445039703,164.59117957829062 131.01240722491528,31.22253482822556,164.33558649902525 131.0124093933462,31.22253520580813,164.07903350961942 131.0124115613093,31.222535583144,163.82152037390813 131.01241372879727,31.2225359602324,163.56304686267595 131.0124158958033,31.22253633707247,163.30361277154677 131.0124180623206,31.222536713663327,163.043217905082 131.0124202283429,31.222537090004003,162.78186209467063 131.01242239386417,31.222537466093502,162.51954517368168 131.0124245588787,31.222537841930748,162.25626700926873 131.0124267233811,31.222538217514625,161.99202747354727 131.0124288873664,31.222538592844003,161.72682646645427 131.01243105082986,31.222538967917647,161.46066390083928 131.01243321376717,31.222539342734336,161.19353971141027 131.01243537617432,31.22253971729276,160.9254538537396 131.01243753804783,31.22254009159156,160.65640630525715 131.01243969938443,31.22254046562937,160.38639706326398 131.0124418601814,31.22254083940473,160.11542613896756 131.01244402043628,31.22254121291621,159.84349357338465 131.01244618014707,31.222541586162297,159.5705994244213 131.0124483393122,31.222541959141456,159.29674377879903 131.0124504979305,31.222542331852136,159.02192673814002 131.0124526560012,31.22254270429276,158.7461484289076 131.01245481352393,31.22254307646169,158.46940899644108 131.01245697049885,31.222543448357296,158.19170861489556 131.01245912692644,31.222543819977908,157.91304748127922 131.01246128280766,31.222544191321845,157.63342580650723 131.01246343814393,31.22254456238739,157.3528438352808 131.012465592937,31.22254493317285,157.07130182521468 131.01246774718922,31.222545303676483,156.7888000627397 131.0124699009032,31.222545673896565,156.50533885813368 131.0124720540821,31.22254604383137,156.22091853856404 131.01247420672945,31.22254641347914,155.93553946001447 131.01247635884923,31.222546782838137,155.64920199337058 131.0124785104459,31.2225471519066,155.36190654131704 131.01248066152425,31.2225475206828,155.07365351845772 131.01248281208953,31.22254788916499,154.78444336920867 131.01248496214745,31.222548257351463,154.4942765518927 131.01248711170396,31.222548625240503,154.2031535556395 131.0124892607656,31.22254899283041,153.91107487851565 131.0124914093393,31.222549360119544,153.6180410513821 131.01249355743224,31.222549727106216,153.32405261403875 131.01249570505203,31.222550093788808,153.02911013311478 131.0124978522067,31.22255046016569,152.7332141911365 131.0124999989046,31.222550826235288,152.43636539050303 131.01250214515449,31.222551191996068,152.1385643465278 131.01250429096527,31.222551557446504,151.8398117033431 131.01250643634643,31.222551922585147,151.54010811004525 131.01250858130757,31.22255228741052,151.23945423759048 131.01251072585873,31.22255265192125,150.937850773828 131.0125128700101,31.22255301611598,150.63529841852758 131.0125150137723,31.222553379993386,150.33179788636312 131.012517157156,31.2225537435522,150.02734990293652 131.0125193001723,31.222554106791183,149.72195521074187 131.01252144283248,31.222554469709216,149.4156145681712 131.01252358514796,31.222554832305185,149.10832873062975 131.0125257271304,31.22255519457801,148.80009847836652 131.0125278687916,31.22255555652672,148.49092459361407 131.01253001014356,31.222555918150345,148.1808078695333 131.01253215119843,31.222556279448003,147.869749106239 131.01253429196845,31.22255664041885,147.5577491107988 131.01253643246588,31.222557001062167,147.2448086962399 131.01253857270316,31.22255736137725,146.93092868055558 131.01254071269278,31.22255772136346,146.61610988869225 131.01254285244718,31.222558081020228,146.3003531436051 131.01254499197898,31.22255844034704,145.98365927619668 131.01254713130066,31.22255879934348,145.66602910941504 131.01254927042473,31.222559158009165,145.34746347912542 131.0125514093636,31.222559516343807,145.0279632112506 131.0125535481297,31.22255987434717,144.70752913469147 131.01255568673523,31.222560232019088,144.3861620703948 131.0125578251925,31.222560589359496,144.0638628402974 131.01255996351347,31.222560946368343,143.74063226335207 131.0125621017101,31.222561303045648,143.4164711485685 131.01256423979405,31.22256165939156,143.0913802970023 131.01256637777684,31.22256201540621,142.76536050672388 131.01256851566978,31.222562371089907,142.43841256884443 131.012570653484,31.22256272644292,142.11053726055587 131.01257279123024,31.22256308146564,141.78173534513334 131.012574928919,31.222563436158502,141.45200758286688 131.0125770665606,31.222563790521992,141.12135472012906 131.01257920416484,31.22256414455669,140.7897774853989 131.01258134174128,31.22256449826323,140.4572765932374 131.0125834792992,31.222564851642296,140.1238527512462 131.0125856168473,31.22256520469464,139.78950664316875 131.01258775439405,31.22256555742107,139.4542389368442 131.01258989194747,31.222565909822407,139.11805029116277 131.0125920295151,31.2225662618996,138.78094133320667 131.01259416710403,31.222566613653548,138.44291268409165 131.01259630472097,31.22256696508532,138.10396493312516 131.012598442372,31.22256731619593,137.76409866066612 131.0126005800628,31.222567666986524,137.4233144192411 131.0126027177986,31.222568017458183,137.08161274149546 131.01260485558396,31.22256836761209,136.7389941372105 131.012606993423,31.22256871744948,136.39545909628683 131.01260913131924,31.222569066971577,136.0510080807916 131.01261126927568,31.22256941617968,135.7056415329101 131.01261340729477,31.22256976507508,135.35935986997765 131.0126155453783,31.22257011365912,135.01216347950685 131.0126176835276,31.22257046193312,134.66405273409936 131.01261982174327,31.22257080989844,134.315027970571 131.01262196002543,31.222571157556505,133.96508951182082 131.0126240983735,31.22257150490869,133.6142376429734 131.0126262367864,31.22257185195641,133.26247263026633 131.01262837526232,31.222572198701062,132.90979470912075 131.01263051379897,31.222572545144068,132.55620409805863 131.0126326523934,31.222572891286816,132.20170098379123 131.012634791042,31.22257323713076,131.8462855222144 131.01263692974058,31.222573582677263,131.48995784834753 131.01263906848445,31.222573927927744,131.13271807335155 131.01264120726816,31.22257427288353,130.77456628154755 131.0126433460858,31.22257461754601,130.41550252743392 131.01264548493083,31.222574961916525,130.0555268446318 131.0126476237961,31.22257530599637,129.6946392409161 131.01264976267393,31.22257564978684,129.33283970020295 131.01265190155607,31.22257599328916,128.9701281805611 131.0126540404338,31.22257633650458,128.60650461818804 131.01265617929775,31.222576679434248,128.2419689244285 131.01265831813808,31.22257702207932,127.87652099173674 131.0126604569444,31.222577364440887,127.51016068771403 131.012662595706,31.222577706520006,127.1428878610716 131.01266473441157,31.222578048317647,126.7747023336794 131.01266687304928,31.22257838983478,126.40560391746205 131.01266901160704,31.222578731072268,126.03559239849628 131.01267115007226,31.22257907203097,125.66466754993318 131.01267328843187,31.22257941271165,125.29282912305004 131.01267542667276,31.22257975311497,124.92007685520414 131.01267756478103,31.22258009324161,124.54641046784332 131.01267970274284,31.22258043309215,124.17182967048282 131.01268184054382,31.22258077266707,123.79633415871622 131.01268397816946,31.22258111196681,123.41992361520988 131.01268611560496,31.22258145099173,123.0425977067204 131.01268825283535,31.222581789742097,122.66435609900496 131.01269038984546,31.22258212821812,122.2851984458866 131.0126925266199,31.22258246641992,121.90512439322995 131.01269466314324,31.222582804347564,121.52413358391225 131.01269679939995,31.222583142001007,121.14222564688802 131.01269893537443,31.22258347938012,120.75940021706931 131.012701071051,31.22258381648471,120.3756569204156 131.01270320641405,31.22258415331452,119.990995386856 131.01270534144794,31.222584489869185,119.60541524432404 131.0127074761371,31.22258482614825,119.2189161207472 131.01270961046615,31.222585162151184,118.83149764503916 131.01271174441968,31.22258549787737,118.44315945803488 131.01271387798255,31.22258583332618,118.05390119956824 131.0127160111398,31.2225861684968,117.66372251642328 131.0127181438766,31.22258650338838,117.272623062335 131.01272027617853,31.222586838000005,116.88060250295904 131.01272240803135,31.22258717233067,116.48766051288926 131.0127245394212,31.2225875063793,116.09379678062768 131.0127266703344,31.22258784014476,115.69901100361535 131.01272880075788,31.222588173625784,115.30330289518916 131.01273093067888,31.22258850682112,114.90667218955222 131.012733060085,31.2225888397294,114.50911862686466 131.01273518896434,31.2225891723492,114.1106419711338 131.01273731730566,31.22258950467904,113.71124200524612 131.012739445098,31.22258983671737,113.31091852698988 131.01274157233107,31.22259016846259,112.90967135998964 131.0127436989951,31.222590499913064,112.5075003487364 131.01274582508094,31.222590831067084,112.10440535858756 131.0127479505801,31.222591161922903,111.7003862807369 131.0127500754846,31.22259149247874,111.2954430262504 131.01275219978723,31.222591822732788,110.8895755350124 131.01275432348143,31.222592152683177,110.48278377274424 131.01275644656127,31.222592482328,110.07506773100336 131.01275856902163,31.22259281166537,109.66642742718456 131.01276069085804,31.22259314069338,109.25686290849484 131.01276281206674,31.222593469410047,108.84637424996608 131.01276493264484,31.22259379781343,108.43496155246764 131.01276705259005,31.22259412590155,108.0226249516515 131.01276917190097,31.222594453672457,107.60936460503088 131.01277129057692,31.22259478112417,107.19518070689072 131.01277340861796,31.222595108254744,106.78007347437068 131.01277552602502,31.22259543506221,106.36404316138308 131.0127776427997,31.222595761544664,105.94709005065894 131.01277975894448,31.22259608770017,105.52921444877956 131.01278187446255,31.222596413526848,105.1104167000922 131.01278398935793,31.222596739022848,104.69069717180057 131.0127861036353,31.22259706418636,104.27005626191652 131.01278821730023,31.2225973890156,103.8484944062182 131.01279033035897,31.222597713508808,103.42601205638243 131.0127924428185,31.22259803766432,103.00260970284717 131.01279455468645,31.222598361480514,102.57828785691916 131.01279666597136,31.222598684955774,102.15304706170798 131.0127987766823,31.2225990080886,101.72688788914496 131.012800886829,31.222599330877543,101.2998109290486 131.01280299642195,31.22259965332121,100.87181680204728 131.01280510547218,31.222599975418312,100.44290615659708 131.01280721399135,31.222600297167588,100.01307965605967 131.01280932199168,31.22260061856789,99.58233799659556 131.0128114294859,31.22260093961816,99.15068188728289 131.0128135364874,31.222601260317383,98.71811206304044 131.01281564300993,31.22260158066468,98.28462927766972 131.0128177490677,31.222601900659235,97.85023429987872 131.0128198546754,31.22260222030032,97.41492792322256 131.01282195984808,31.22260253958732,96.97871095218734 131.0128240646011,31.222602858519704,96.54158420417806 131.01282616895023,31.222603177097056,96.10354851349508 131.01282827291143,31.22260349531904,95.66460472735844 131.01283037650097,31.22260381318544,95.22475370391926 131.0128324797352,31.22260413069612,94.7839963043086 131.01283458263083,31.222604447851065,94.3423334065533 131.0128366852044,31.222604764650345,93.89976588967168 131.0128387874728,31.22260508109416,93.45629463864404 131.01284088945272,31.22260539718277,93.01192054540716 131.01284299116102,31.2226057129166,92.56664449593092 131.01284509261436,31.222606028296088,92.12046738811246 131.01284719382943,31.22260634332186,91.67339010692416 131.01284929482267,31.22260665799457,91.22541354528887 131.01285139561037,31.222606972315027,90.7765385802238 131.01285349620855,31.22260728628409,90.32676609669656 131.012855596633,31.22260759990275,89.87609695979255 131.0128576968992,31.222607913172062,89.42453203559 131.01285979702223,31.222608226093165,88.9720721762491 131.01286189701685,31.22260853866729,88.5187182190185 131.01286399689724,31.222608850895767,88.06447099816307 131.0128660966772,31.22260916277999,87.60933132011341 131.0128681963699,31.22260947432141,87.15329998334694 131.01287029598825,31.22260978552159,86.6963777704352 131.01287239554415,31.222610096382127,86.23856544406739 131.01287449504906,31.222610406904703,85.77986373711067 131.01287659451387,31.22261071709104,85.32027338143708 131.0128786939487,31.22261102694291,84.85979506816109 131.0128807933628,31.22261133646216,84.39842947547379 131.01288289276488,31.22261164565067,83.93617725273772 131.01288499216272,31.22261195451035,83.47303902943325 131.0128870915634,31.222612263043136,83.00901540422377 131.01288919097303,31.22261257125105,82.54410694396194 131.01289129039705,31.22261287913605,82.07831419859974 131.01289338983983,31.222613186700176,81.61163768627864 131.012895489305,31.222613493945463,81.14407788736416 131.0128975887952,31.222613800873955,80.67563526333335 131.0128996883122,31.22261410748768,80.20631024186352 131.0129017878568,31.22261441378865,79.73610321484433 131.012903887429,31.22261471977896,79.26501454732396 131.01290598702766,31.222615025460566,78.79304457850286 131.01290808665087,31.222615330835488,78.32019360483521 131.01291018629576,31.222615635905665,77.84646190090336 131.01291228595835,31.22261594067304,77.37184970450701 131.012914385634,31.222616245139506,76.89635722262759 131.012916485317,31.22261654930692,76.41998463739203 131.0129185850007,31.222616853177048,75.94273209016804 131.01292068467768,31.222617156751674,75.46459969846289 131.0129227843395,31.222617460032463,74.9855875489646 131.012924883977,31.22261776302104,74.50569569654786 131.01292698358012,31.22261806571896,74.02492417222622 131.01292908313795,31.22261836812772,73.54327297122332 131.01293118263885,31.222618670248696,73.06074206788348 131.01293328207035,31.222618972083247,72.57733141070149 131.01293538141945,31.2226192736326,72.09304091735162 131.0129374806722,31.222619574897863,71.60787048860468 131.01293957981417,31.22261987588016,71.12181999441127 131.0129416788302,31.222620176580428,70.63488928582926 131.0129437777047,31.22262047699952,70.1470781960192 131.01294587642136,31.2226207771382,69.65838653527244 131.01294797496345,31.22262107699713,69.16881410194672 131.01295007331393,31.222621376576896,68.6783606675544 131.0129521714551,31.222621675877903,68.18702599962612 131.0129542693692,31.222621974900527,67.69480984381727 131.01295636703793,31.22262227364499,67.20171193881909 131.0129584644428,31.222622572111423,66.70773201238205 131.01296056156522,31.22262287029984,66.2128697813161 131.0129626583863,31.22262316821014,65.71712496143068 131.01296475488724,31.222623465842144,65.22049726057665 131.012966851049,31.22262376319553,64.72298638262225 131.0129689468527,31.222624060269908,64.2245920284469 131.0129710422795,31.22262435706473,63.7253139048884 131.01297313731067,31.2226246535794,63.2251517157956 131.01297523192767,31.222624949813177,62.72410517196908 131.01297732611215,31.22262524576527,62.22217398817954 131.01297941984615,31.22262554143476,61.71935788913136 131.01298151311195,31.22262583682064,61.215656610457486 131.0129836058923,31.222626131921825,60.71106989176023 131.01298569817033,31.222626426737136,60.20559749351075 131.01298778992972,31.22262672126536,59.69923918611472 131.0129898811547,31.22262701550513,59.19199475885832 131.01299197183016,31.22262730945509,58.683864014938266 131.01299406194144,31.2226276031138,58.17484678140256 131.0129961514747,31.222627896479707,57.664942904180606 131.0129982404169,31.222628189551283,57.15415225007043 131.01300032875565,31.222628482326915,56.64247471071612 131.0130024164794,31.222628774804967,56.129910204595454 131.01300450357746,31.22262906698377,55.616458675032405 131.01300659004005,31.222629358861635,55.10212009019645 131.01300867585823,31.22262965043681,54.586894448073934 131.01301076102413,31.22262994170761,54.0707817774619 131.0130128455307,31.22263023267228,53.55378213697392 131.013014929372,31.22263052332909,53.035895612058624 131.01301701254303,31.22263081367636,52.51712232792244 131.0130190950398,31.22263110371238,51.99746243263038 131.01302117685944,31.22263139343548,51.47691611400608 131.01302325800003,31.22263168284402,50.95548359068467 131.01302533846084,31.22263197193644,50.4331651121132 131.01302741824207,31.22263226071119,49.90996096550977 131.01302949734503,31.22263254916677,49.38587146989828 131.01303157577212,31.2226328373018,48.86089697610975 131.01303365352675,31.222633125114896,48.335037869764 131.01303573061335,31.22263341260481,47.80829457624088 131.01303780703745,31.222633699770384,47.28066753781541 131.0130398828055,31.222633986610507,46.75215725044099 131.013041957925,31.222634273124218,46.22276422100184 131.01304403240437,31.22263455931061,45.69248900111371 131.01304610625303,31.222634845168937,45.16133216823555 131.0130481794812,31.222635130698528,44.629294331634725 131.0130502521001,31.222635415898896,44.09637612443408 131.0130523241216,31.22263570076964,43.56257821255927 131.0130543955586,31.2226359853105,43.02790128678621 131.01305646642456,31.22263626952136,42.49234606274075 131.01305853673375,31.22263655340224,41.95591328089964 131.01306060650094,31.22263683695333,41.418603699631255 131.0130626757417,31.222637120174948,40.88041810613144 131.0130647444721,31.222637403067584,40.34135729753531 131.0130668127086,31.22263768563188,39.80142210179388 131.01306888046824,31.22263796786861,39.26061334983904 131.01307094776828,31.2226382497788,38.71893189546601 131.01307301462643,31.22263853136353,38.17637860439808 131.01307508106063,31.22263881262413,37.63295434931632 131.01307714708892,31.222639093562048,37.088660017812536 131.0130792127296,31.222639374178943,36.54349650046008 131.01308127800098,31.22263965447659,35.99746469280188 131.01308334292128,31.222639934456986,35.45056550131572 131.01308540750878,31.222640214122272,34.90279982353149 131.01308747178155,31.22264049347476,34.354168565925626 131.0130895357574,31.222640772516915,33.80467262403859 131.01309159945404,31.2226410512514,33.25431289738694 131.0130936628887,31.222641329681,32.70309027256295 131.01309572607823,31.222641607808708,32.151005638146984 131.01309778903905,31.22264188563766,31.59805985885965 131.013099851787,31.222642163171127,31.04425379743288 131.01310191433743,31.222642440412567,30.489588305662824 131.01310397670497,31.222642717365584,29.934064210491847 131.01310603890343,31.22264299403394,29.37768232792633 131.01310810094617,31.2226432704215,28.820443459060066 131.01311016284535,31.22264354653237,28.262348375162293 131.0131122246126,31.222643822370696,27.70339783358364 131.01311428625843,31.22264409794084,27.143592568808945 131.01311634779248,31.222644373247256,26.58293328649211 131.01311840922332,31.222644648294583,26.02142067339767 131.0131204705586,31.22264492308756,25.45905538248824 131.01312253180473,31.222645197631056,24.8958380418719 131.01312459296713,31.22264547193012,24.331769257784423 131.01312665405004,31.22264574598987,23.76684959371204 131.01312871505658,31.22264601981562,23.201079600215632 131.01313077598863,31.222646293412783,22.63445978212384 131.01313283684686,31.22264656678692,22.066990621398176 131.0131348976308,31.222646839943742,21.49867256222074 131.01313695833872,31.22264711288912,20.929506027894377 131.01313901896765,31.22264738562904,20.35949139897132 131.01314107951333,31.22264765816965,19.788629032141888 131.01314313997037,31.22264793051732,19.21691925128692 131.01314520033208,31.22264820267854,18.644362348471624 131.0131472605906,31.222648474660023,18.07095858096304 131.01314932073683,31.222648746468675,17.496708186142087 131.01315138076052,31.222649018111657,16.921611365596984 131.0131534406502,31.22264928959635,16.34566829108785 131.01315550039322,31.222649560930417,15.768879114488223 131.01315755997592,31.22264983212185,15.191243953866609 131.01315961938343,31.22265010317892,14.612762911381068 131.01316167859991,31.22265037411035,14.033436059361057 131.01316373760835,31.222650644925263,13.453263455219377 131.0131657963909,31.22265091563328,12.872245127534075 131.01316785492847,31.222651186244512,12.290381099907844 131.0131699132014,31.222651456769768,11.707671372079153 131.0131719711887,31.222651727220548,11.12411593284596 131.01317402886883,31.22265199760916,10.53971476404245 131.01317608621915,31.22265226794885,9.954467836562245 131.01317814321624,31.222652538253985,9.368375119305805 131.0131801998359,31.22265280854017,8.781436575203738 131.01318225605294,31.222653078824543,8.193652172152545 131.0131843118415,31.22265334912594,7.60502188699137 131.01318636718045,31.222653619449066,7.015545508657512 131.01318842206143,31.22265388976277,6.425222393620634 131.01319047647797,31.22265416003032,5.834051828750656 131.0131925304239,31.22265443021406,5.242033094944056 131.0131945838935,31.222654700275715,4.649165463147116 131.0131966368811,31.22265497017639,4.055448211256772 131.01319868938182,31.222655239876755,3.4608806131847185 131.01320074139088,31.22265550933724,2.8654619557583394 131.01320279290402,31.22265577851815,2.269191535738256 131.0132048439174,31.222656047379825,1.672068664789228 131.0132068944276,31.22265631588281,1.0740926814103968</coordinates>
            </LineString>
        </Placemark>
        <Placemark id="126">
            <name>flight_path</name>
            <styleUrl>#127</styleUrl>
            <LineString id="125">
                <altitudeMode>clampToGround</altitudeMode>
                <coordinates>131.010392,31.222216000000007,0.0 131.01039200000366,31.222215999998223,0.0 131.0103920000069,31.22221599999664,0.0 131.0103920012945,31.22221599936533,0.0 131.01039200888485,31.222215995653773,0.0 131.01039203086904,31.22221598493976,0.0 131.01039207268363,31.222215964588354,0.0 131.0103921337392,31.222215934885217,0.0 131.01039221750068,31.222215894150946,0.0 131.0103923171602,31.222215845685003,0.0 131.0103924332069,31.22221578925032,0.0 131.01039256429323,31.22221572549999,0.0 131.01039270965296,31.222215654805304,0.0 131.01039286853543,31.222215577530086,0.0 131.01039304074615,31.222215493768605,0.0 131.0103932260769,31.222215403621764,0.0 131.0103934247424,31.22221530698543,0.0 131.0103936360374,31.222215204201444,0.0 131.01039386102843,31.22221509475285,0.0 131.01039409944244,31.22221497877201,0.0 131.01039435172825,31.22221485604135,0.0 131.01039461712753,31.222214726928424,0.0 131.01039489598176,31.222214591267665,0.0 131.01039518918276,31.222214448626875,0.0 131.01039549479407,31.22221429994456,0.0 131.01039581310155,31.22221414508213,0.0 131.0103961434746,31.222213984345263,0.0 131.01039648677124,31.222213817318053,0.0 131.0103968427763,31.222213644104784,0.0 131.0103972116258,31.22221346463949,0.0 131.01039759269415,31.22221327922542,0.0 131.01039798564082,31.22221308802757,0.0 131.01039839028283,31.2222128911346,0.0 131.01039880658402,31.22221268856405,0.0 131.0103992349337,31.222212480127176,0.0 131.01039967492267,31.222212266022247,0.0 131.01040012670458,31.22221204617485,0.0 131.0104005901408,31.22221182065209,0.0 131.0104010653653,31.222211589389,0.0 131.01040155250774,31.22221135232272,0.0 131.01040205116163,31.22221110965021,0.0 131.0104025610951,31.22221086148384,0.0 131.01040308220365,31.222210607874224,0.0 131.0104036144696,31.22221034882986,0.0 131.01040415826623,31.222210084169745,0.0 131.01040471408808,31.222209813654104,0.0 131.01040528204263,31.222209537230743,0.0 131.01040586233393,31.222209254800703,0.0 131.0104064539547,31.22220896685217,0.0 131.01040705651843,31.22220867357242,0.0 131.0104076699655,31.222208374990306,0.0 131.01040829413455,31.22220807118393,0.0 131.0104089290626,31.22220776213529,0.0 131.01040957506035,31.222207447693588,0.0 131.01041023240796,31.22220712769944,0.0 131.01041090087728,31.222206801452725,0.0 131.01041158053135,31.22220646867344,0.0 131.01041227123463,31.22220612941734,0.0 131.01041297304883,31.22220578364992,0.0 131.0104136868334,31.22220543095642,0.0 131.01041441216063,31.22220507154909,0.0 131.01041514914763,31.222204705382524,0.0 131.01041589756943,31.222204332578222,0.0 131.01041665782583,31.222203952972706,0.0 131.01041742870825,31.22220356716028,0.0 131.0104182102693,31.222203175145417,0.0 131.01041900358172,31.22220277647653,0.0 131.01041980827122,31.2222023713716,0.0 131.01042062399767,31.222201960033235,0.0 131.01042145060654,31.22220154258431,0.0 131.01042228839674,31.22220111895892,0.0 131.0104231372682,31.222200689271503,0.0 131.01042399722877,31.222200253593844,0.0 131.01042486829638,31.22219981199548,0.0 131.01042575061635,31.222199364511404,0.0 131.01042664343632,31.22219891153384,0.0 131.01042754700117,31.222198453063047,0.0 131.0104284614427,31.222197989156324,0.0 131.0104293866327,31.22219751997593,0.0 131.01043032239193,31.222197045701822,0.0 131.01043126919913,31.222196566292297,0.0 131.01043222684305,31.22219608195685,0.0 131.01043319492808,31.22219559295893,0.0 131.01043417349538,31.222195099422475,0.0 131.01043516277608,31.22219460143672,0.0 131.01043616214278,31.222194099335848,0.0 131.01043717197103,31.222193593173262,0.0 131.01043819221107,31.222193083133,0.0 131.01043922278737,31.222192569412265,0.0 131.0104402635254,31.222192052229648,0.0 131.0104413145855,31.22219153173417,0.0 131.01044237581462,31.22219100815664,0.0 131.01044344677925,31.22219048176304,0.0 131.01044452766888,31.2221899527208,0.0 131.01044561871214,31.22218942122316,0.0 131.01044671928747,31.222188887546736,0.0 131.01044783001174,31.222188351858208,0.0 131.0104489508344,31.22218781440293,0.0 131.0104500811356,31.22218727544338,0.0 131.0104512212203,31.222186735196736,0.0 131.0104523710795,31.222186193925165,0.0 131.01045353032163,31.222185651865846,0.0 131.01045469909465,31.22218510927833,0.0 131.01045587724107,31.2221845664186,0.0 131.0104570646183,31.22218402352693,0.0 131.01045826180183,31.222183480952587,0.0 131.01045946828265,31.22218293890625,0.0 131.01046068428323,31.22218239769601,0.0 131.01046190999097,31.222181857664747,0.0 131.01046314481857,31.222181318986497,0.0 131.01046438859046,31.222180781895467,0.0 131.0104656421073,31.22218024690936,0.0 131.01046690521463,31.22217971433281,0.0 131.01046817668828,31.22217918404416,0.0 131.010469457848,31.22217865682376,0.0 131.01047074768078,31.22217813263377,0.0 131.01047204588704,31.22217761161868,0.0 131.01047335418923,31.22217709489158,0.0 131.01047467025143,31.22217658170356,0.0 131.01047599508692,31.22217607281881,0.0 131.01047732954774,31.222175569077365,0.0 131.0104786713152,31.222175069502445,0.0 131.0104800221017,31.22217457538451,0.0 131.0104813811782,31.222174086657727,0.0 131.01048274755956,31.22217360296821,0.0 131.01048412281364,31.222173125686712,0.0 131.0104855058462,31.22217265441541,0.0 131.01048689628357,31.22217218914253,0.0 131.0104882953546,31.22217173114688,0.0 131.0104897014686,31.222171279502263,0.0 131.01049111513564,31.22217083489029,0.0 131.01049253698866,31.2221703982016,0.0 131.0104939653216,31.22216996822004,0.0 131.01049540176993,31.222169546708933,0.0 131.01049684557418,31.22216913330813,0.0 131.01049829614047,31.22216872768469,0.0 131.01049975483923,31.22216833150353,0.0 131.0105012201016,31.22216794347532,0.0 131.0105026921185,31.222167564025742,0.0 131.01050417184973,31.22216719448156,0.0 131.0105056576752,31.22216683332601,0.0 131.01050715078216,31.22216648211448,0.0 131.01050865085716,31.22216614077539,0.0 131.0105101569711,31.22216580842661,0.0 131.01051167102193,31.222165487568777,0.0 131.01051319151023,31.222165176637844,0.0 131.01051471837812,31.22216487573252,0.0 131.01051625326173,31.222164587148903,0.0 131.010517794028,31.222164308366608,0.0 131.0105193421331,31.22216404143069,0.0 131.01052089753293,31.222163786502183,0.0 131.01052245882468,31.22216354186161,0.0 131.01052402790722,31.22216331021733,0.0 131.01052560310575,31.222163089458583,0.0 131.01052718480145,31.22216288021494,0.0 131.0105287738222,31.222162683767586,0.0 131.01053036828966,31.22216249759766,0.0 131.010531969664,31.222162323839576,0.0 131.0105335773791,31.222162161783974,0.0 131.0105351907804,31.22216201055649,0.0 131.01053681147172,31.22216187250065,0.0 131.01053843789694,31.22216174543267,0.0 131.0105400705463,31.222161630078222,0.0 131.01054170987675,31.222161527109225,0.0 131.01054335448688,31.222161434509463,0.0 131.01054500639933,31.222161355176983,0.0 131.01054666450386,31.2221612874857,0.0 131.01054832853453,31.22216123102412,0.0 131.0105500005257,31.22216118864532,0.0 131.01055167763954,31.222161156235583,0.0 131.01055336185425,31.22216113653801,0.0 131.01055505248252,31.22216112847591,0.0 131.01055674894073,31.22216113114485,0.0 131.01055845275985,31.222161146560087,0.0 131.01056016208352,31.2221611720194,0.0 131.0105618784807,31.22216120956345,0.0 131.01056360125602,31.222161258072205,0.0 131.01056532961405,31.22216131633853,0.0 131.01056706549113,31.22216138677944,0.0 131.0105688069361,31.222161466625234,0.0 131.01057055562586,31.22216155791361,0.0 131.0105723111258,31.222161659849647,0.0 131.01057407269124,31.222161771312862,0.0 131.0105758421436,31.22216189436872,0.0 131.01057761705556,31.222162025777777,0.0 131.01057939957892,31.22216216797853,0.0 131.0105811883715,31.22216231908375,0.0 131.0105829833447,31.22216247879845,0.0 131.01058478592464,31.22216264852716,0.0 131.01058659407732,31.22216282568792,0.0 131.01058840972274,31.22216301223819,0.0 131.0105902318881,31.222163206802414,0.0 131.0105920604013,31.222163408990937,0.0 131.01059389700913,31.22216362039404,0.0 131.01059573912423,31.22216383803145,0.0 131.0105975889658,31.222164063974063,0.0 131.01059944541603,31.22216429679133,0.0 131.01060130839892,31.22216453619619,0.0 131.01060317906027,31.222164783030195,0.0 131.01060505544194,31.222165035178044,0.0 131.01060693992568,31.222165294644405,0.0 131.0106088309007,31.222165559665093,0.0 131.0106107290908,31.22216583069228,0.0 131.0106126353008,31.22216610815948,0.0 131.01061454761344,31.22216639018889,0.0 131.01061646863317,31.222166678763283,0.0 131.01061839541492,31.22216697117491,0.0 131.01062032973695,31.22216726870236,0.0 131.0106222715244,31.22216757103639,0.0 131.0106242196673,31.222167877123844,0.0 131.01062617615403,31.22216818829756,0.0 131.01062813845766,31.22216850243412,0.0 131.01063010867347,31.222168820942468,0.0 131.0106320859065,31.22216914296189,0.0 131.01063406993822,31.222169468196032,0.0 131.0106360622199,31.222169797501994,0.0 131.01063806044695,31.222170129117345,0.0 131.01064006765824,31.22217046501381,0.0 131.01064208113536,31.22217080318625,0.0 131.01064410232908,31.22217114451059,0.0 131.01064613082178,31.22217148858211,0.0 131.0106481656368,31.22217183467077,0.0 131.01065020862063,31.22217218389077,0.0 131.0106522573124,31.222172534569623,0.0 131.01065431476,31.22217288860632,0.0 131.0106563785262,31.22217324437761,0.0 131.0106584492013,31.22217360222148,0.0 131.01066052745918,31.222173962528384,0.0 131.01066261122597,31.222174323965863,0.0 131.010664701945,31.222174687435395,0.0 131.01066679939933,31.22217505280108,0.0 131.0106689025152,31.22217541939524,0.0 131.01067101177483,31.222175787541925,0.0 131.01067312744505,31.222176157444817,0.0 131.01067524876214,31.22217652866097,0.0 131.01067737500082,31.222176900772222,0.0 131.0106795066866,31.222177274175817,0.0 131.01068164346006,31.22217764870934,0.0 131.01068378479613,31.222178024104245,0.0 131.0106859302556,31.222178400149456,0.0 131.01068807992462,31.22217877699084,0.0 131.01069023365227,31.222179154624417,0.0 131.01069239113184,31.222179532942377,0.0 131.01069455231078,31.222179912014152,0.0 131.01069671712636,31.222180291909464,0.0 131.01069888552232,31.222180672709808,0.0 131.01070105735943,31.222181054438376,0.0 131.010703232686,31.22218143726105,0.0 131.01070541138384,31.222181821224847,0.0 131.0107075933412,31.22218220638396,0.0 131.01070977829033,31.222182592674184,0.0 131.01071196631628,31.222182980306183,0.0 131.01071415724752,31.22218336929112,0.0 131.01071635102042,31.222183759727283,0.0 131.01071854748164,31.222184151640143,0.0 131.01072074663776,31.22218454518797,0.0 131.01072294844275,31.222184940487764,0.0 131.01072515275715,31.222185337573688,0.0 131.01072735952107,31.22218573654801,0.0 131.01072956868063,31.22218613751828,0.0 131.01073178016756,31.222186540578168,0.0 131.01073399400863,31.22218694590857,0.0 131.01073621028536,31.222187353743383,0.0 131.0107384286677,31.22218776391667,0.0 131.01074064917438,31.222188176597417,0.0 131.0107428717075,31.222188591836165,0.0 131.0107450962658,31.22218900977684,0.0 131.01074732276464,31.22218943047536,0.0 131.0107495510989,31.22218985395933,0.0 131.01075178140496,31.222190280510844,0.0 131.01075401359898,31.222190710171223,0.0 131.01075624754617,31.2221911429202,0.0 131.01075848310876,31.22219157872673,0.0 131.01076072014015,31.222192017541296,0.0 131.01076295871056,31.22219245955272,0.0 131.01076519873715,31.222192904770445,0.0 131.01076744027057,31.222193353351663,0.0 131.01076968318733,31.22219380524396,0.0 131.01077192735667,31.22219426037812,0.0 131.01077417228657,31.222194718242875,0.0 131.0107764181086,31.22219517906516,0.0 131.01077866484405,31.222195642932387,0.0 131.01078091243582,31.222196109830826,0.0 131.0107831607357,31.2221965796266,0.0 131.01078540983087,31.222197052469244,0.0 131.0107876597972,31.222197528488586,0.0 131.01078991051492,31.222198007563968,0.0 131.0107921620975,31.222198489859647,0.0 131.01079441462173,31.22219897548792,0.0 131.01079666800365,31.222199464352368,0.0 131.01079892225354,31.22219995646824,0.0 131.01080117724837,31.22220045167579,0.0 131.0108034330094,31.222200949990928,0.0 131.01080568938394,31.222201451203315,0.0 131.01080794632034,31.222201955223927,0.0 131.01081020384893,31.222202462061567,0.0 131.01081246199635,31.22220297171449,0.0 131.0108147208116,31.22220348420351,0.0 131.010816980163,31.22220399931692,0.0 131.01081923990543,31.222204516822128,0.0 131.01082149999652,31.22220503661073,0.0 131.01082376056723,31.22220555878482,0.0 131.01082602166386,31.22220608333699,0.0 131.0108282831143,31.222206609986383,0.0 131.01083054497747,31.22220713873284,0.0 131.01083280728196,31.222207669534765,0.0 131.01083506999518,31.222208202273816,0.0 131.01083733300027,31.22220873672788,0.0 131.0108395962866,31.22220927280048,0.0 131.01084185985525,31.222209810406675,0.0 131.01084412371728,31.22221034947126,0.0 131.0108463880991,31.222210890166053,0.0 131.01084865288536,31.222211432265485,0.0 131.01085091798788,31.222211975575703,0.0 131.01085318339096,31.22221251998395,0.0 131.01085544928404,31.22221306560828,0.0 131.01085771559008,31.222213612266827,0.0 131.01085998226492,31.22221415981537,0.0 131.01086224936614,31.222214708220047,0.0 131.01086451688423,31.222215257375208,0.0 131.01086678483847,31.222215807206595,0.0 131.0108690532173,31.222216357607905,0.0 131.0108713219377,31.22221690839924,0.0 131.0108735912017,31.22221745969724,0.0 131.0108758609628,31.22221801136312,0.0 131.01087813122436,31.222218563310687,0.0 131.01088040187304,31.222219115339005,0.0 131.01088267296527,31.222219667419186,0.0 131.01088494452705,31.22222021949339,0.0 131.01088721650132,31.22222077142571,0.0 131.010889488929,31.22222132317751,0.0 131.01089176182677,31.22222187468835,0.0 131.01089403513848,31.22222242583292,0.0 131.01089630895336,31.222222976624384,0.0 131.0108985832654,31.222223526989364,0.0 131.01090085815383,31.22222407693588,0.0 131.01090313353455,31.22222462632573,0.0 131.01090540948448,31.222225175169648,0.0 131.01090768607844,31.2222257234788,0.0 131.01090996330026,31.22222627118642,0.0 131.01091224112255,31.22222681821913,0.0 131.010914519595,31.222227364574696,0.0 131.01091679861543,31.222227910122303,0.0 131.0109190782738,31.22222845490089,0.0 131.01092135870925,31.222228998994584,0.0 131.0109236398452,31.22222954230575,0.0 131.01092592168496,31.22223008480896,0.0 131.01092820417043,31.22223062642999,0.0 131.01093048730274,31.22223116714894,0.0 131.01093277111778,31.222231706978384,0.0 131.0109350554835,31.222232245793617,0.0 131.01093734055166,31.22223278371128,0.0 131.01093962633206,31.222233320732407,0.0 131.01094191271284,31.22223385676016,0.0 131.01094419968493,31.22223439178692,0.0 131.0109464873776,31.222234925923445,0.0 131.01094877566038,31.222235459067743,0.0 131.01095106481117,31.22223599146088,0.0 131.01095335453823,31.22223652287259,0.0 131.0109556448536,31.222237053328904,0.0 131.01095793564576,31.222237582755675,0.0 131.01096022693477,31.22223811119148,0.0 131.01096251875907,31.222238638693423,0.0 131.0109648110461,31.22223916522768,0.0 131.0109671037482,31.22223969078408,0.0 131.0109693970232,31.222240215529663,0.0 131.01097169082948,31.22224073946405,0.0 131.0109739849343,31.222241262425,0.0 131.01097627959476,31.2222417846746,0.0 131.01097857475327,31.222242306204635,0.0 131.010980870296,31.22224282695996,0.0 131.01098316620505,31.222243346970856,0.0 131.01098546251316,31.22224386631386,0.0 131.01098775917433,31.222244384997165,0.0 131.01099005605982,31.222244902956035,0.0 131.0109923534525,31.22224542049931,0.0 131.01099465133998,31.22224593766988,0.0 131.01099694958737,31.222246454399937,0.0 131.01099924819047,31.22224697074212,0.0 131.01100154715098,31.222247486755727,0.0 131.01100384652955,31.222248002556224,0.0 131.01100614626702,31.22224851814726,0.0 131.01100844633444,31.222249033561457,0.0 131.01101074661156,31.222249548742266,0.0 131.01101304689365,31.22225006354976,0.0 131.0110153472322,31.22225057809364,0.0 131.0110176477253,31.22225109253045,0.0 131.01101994837595,31.222251606923766,0.0 131.01102224920632,31.222252121355904,0.0 131.01102455011778,31.22225263578637,0.0 131.01102685092852,31.22225315008731,0.0 131.0110291518839,31.222253664570857,0.0 131.0110314529616,31.222254179272007,0.0 131.01103375418737,31.222254694276003,0.0 131.0110360555536,31.222255209632745,0.0 131.01103835703455,31.222255725371223,0.0 131.0110406587368,31.22225624166157,0.0 131.0110429604864,31.2222567583698,0.0 131.01104526230588,31.222257275573504,0.0 131.01104756426105,31.2222577933972,0.0 131.0110498662427,31.222258311770084,0.0 131.01105216794002,31.222258830391088,0.0 131.0110544691462,31.222259349071663,0.0 131.01105676985574,31.222259867846816,0.0 131.01105907005996,31.222260386746413,0.0 131.0110613697506,31.22226090579904,0.0 131.01106366891992,31.222261425031967,0.0 131.01106596756057,31.222261944471107,0.0 131.01106826566573,31.222262464140982,0.0 131.01107056322897,31.22226298406476,0.0 131.01107286024438,31.22226350426411,0.0 131.01107515670648,31.2222640247593,0.0 131.01107745261035,31.222264545569143,0.0 131.01107974795153,31.22226506671097,0.0 131.011082042726,31.22226558820064,0.0 131.01108433693028,31.222266110052526,0.0 131.0110866305614,31.22226663227956,0.0 131.01108892361685,31.22226715489312,0.0 131.0110912160947,31.22226767790316,0.0 131.0110935079933,31.222268201318133,0.0 131.01109579931187,31.22226872514507,0.0 131.01109809004964,31.222269249389505,0.0 131.01110038020667,31.2222697740556,0.0 131.01110266978344,31.222270299146032,0.0 131.01110495878075,31.22227082466212,0.0 131.01110724720016,31.222271350603805,0.0 131.01110953504335,31.222271876969646,0.0 131.01111182231273,31.222272403756914,0.0 131.01111410901095,31.222272930961555,0.0 131.0111163951413,31.22227345857829,0.0 131.0111186807073,31.222273986600552,0.0 131.01112096571305,31.22227451502061,0.0 131.0111232501629,31.222275043829537,0.0 131.01112553406185,31.22227557301726,0.0 131.011127817415,31.22227610257264,0.0 131.01113010022794,31.222276632483467,0.0 131.01113238250667,31.222277162736543,0.0 131.01113466425747,31.22227769331765,0.0 131.01113694548707,31.222278224211685,0.0 131.01113922620232,31.2222787554026,0.0 131.01114150641052,31.22227928687352,0.0 131.01114378611928,31.22227981860677,0.0 131.01114606533645,31.222280350583915,0.0 131.01114834407008,31.222280882785807,0.0 131.0111506223286,31.222281415192622,0.0 131.01115290012052,31.22228194778392,0.0 131.01115517745473,31.22228248053868,0.0 131.0111574543402,31.222283013435327,0.0 131.01115973078615,31.22228354645181,0.0 131.01116200680198,31.22228407956564,0.0 131.0111642823972,31.22228461275392,0.0 131.01116655758145,31.222285145993432,0.0 131.01116883236452,31.222285679260622,0.0 131.01117110675636,31.222286212531703,0.0 131.0111733807669,31.222286745782604,0.0 131.0111756544063,31.22228727898917,0.0 131.01117792768457,31.22228781212704,0.0 131.011180200612,31.22228834517177,0.0 131.01118247319872,31.222288878098905,0.0 131.01118474545493,31.222289410883967,0.0 131.0111870173909,31.222289943502503,0.0 131.0111892890168,31.22229047593016,0.0 131.0111915603428,31.222291008142623,0.0 131.011193831379,31.22229154011581,0.0 131.01119610213547,31.222292071825777,0.0 131.0111983726222,31.222292603248786,0.0 131.0112006428491,31.222293134361355,0.0 131.01120291282595,31.222293665140324,0.0 131.01120518256246,31.222294195562828,0.0 131.0112074520681,31.22229472560633,0.0 131.01120972135243,31.222295255248724,0.0 131.01121199042464,31.22229578446825,0.0 131.0112142592938,31.22229631324364,0.0 131.0112165279689,31.222296841554005,0.0 131.01121879645868,31.22229736937902,0.0 131.0112210647717,31.22229789669881,0.0 131.01122333291633,31.22229842349408,0.0 131.0112256009007,31.22229894974605,0.0 131.01122786873276,31.22229947543653,0.0 131.01123013642015,31.22230000054792,0.0 131.01123240397035,31.22230052506321,0.0 131.01123467139058,31.222301048966045,0.0 131.0112369386878,31.22230157224066,0.0 131.01123920586875,31.22230209487197,0.0 131.01124147293987,31.222302616845543,0.0 131.01124373990731,31.22230313814763,0.0 131.011246006777,31.222303658765167,0.0 131.01124827355457,31.222304178685786,0.0 131.0112505402453,31.22230469789779,0.0 131.01125280685434,31.22230521639021,0.0 131.0112550733864,31.22230573415283,0.0 131.011257339846,31.222306251176068,0.0 131.01125960623727,31.222306767451087,0.0 131.01126187256415,31.2223072829698,0.0 131.01126413883023,31.22230779772481,0.0 131.01126640503884,31.22230831170943,0.0 131.01126867119297,31.222308824917697,0.0 131.0112709372953,31.2223093373444,0.0 131.01127320334822,31.22230984898501,0.0 131.0112754693539,31.22231035983569,0.0 131.01127773531408,31.222310869893345,0.0 131.01128000123032,31.22231137915552,0.0 131.0112822671039,31.22231188762048,0.0 131.01128453293566,31.222312395287204,0.0 131.01128679872636,31.22231290215525,0.0 131.01128906447627,31.22231340822489,0.0 131.01129133018554,31.22231391349709,0.0 131.011293595854,31.2223144179734,0.0 131.01129586148113,31.222314921655983,0.0 131.01129812706617,31.22231542454768,0.0 131.01130039260815,31.222315926651888,0.0 131.01130265810588,31.2223164279726,0.0 131.0113049235577,31.22231692851439,0.0 131.01130718896195,31.2223174282824,0.0 131.01130945431655,31.22231792728227,0.0 131.01131171961927,31.22231842552024,0.0 131.0113139848676,31.222318923003,0.0 131.01131625005883,31.22231941973777,0.0 131.01131851519003,31.222319915732232,0.0 131.011320780258,31.22232041099456,0.0 131.01132304525945,31.222320905533337,0.0 131.01132531019067,31.2223213993576,0.0 131.01132757504803,31.22232189247677,0.0 131.01132983982748,31.222322384900703,0.0 131.0113321045249,31.22232287663956,0.0 131.0113343691359,31.22232336770393,0.0 131.01133663365616,31.22232385810465,0.0 131.0113388980809,31.22232434785296,0.0 131.0113411624054,31.22232483696033,0.0 131.01134342662465,31.22232532543856,0.0 131.0113456907336,31.22232581329965,0.0 131.011347954727,31.22232630055592,0.0 131.01135021859957,31.22232678721985,0.0 131.01135248234576,31.222327273304163,0.0 131.01135474596012,31.22232775882173,0.0 131.01135700943692,31.22232824378563,0.0 131.01135927277045,31.222328728209035,0.0 131.0113615359548,31.222329212105304,0.0 131.01136379898415,31.22232969548788,0.0 131.01136606185247,31.222330178370285,0.0 131.0113683245538,31.22233066076613,0.0 131.01137058708187,31.222331142689097,0.0 131.01137284943078,31.222331624152886,0.0 131.0113751115942,31.222332105171244,0.0 131.01137737356595,31.22233258575791,0.0 131.0113796353398,31.222333065926616,0.0 131.01138189690954,31.22233354569112,0.0 131.01138415826887,31.22233402506508,0.0 131.01138641941165,31.2223345040621,0.0 131.0113886803316,31.2223349826958,0.0 131.01139094102243,31.222335460979608,0.0 131.01139320147809,31.222335938926925,0.0 131.01139546169227,31.22233641655099,0.0 131.0113977216589,31.22233689386496,0.0 131.0113999813719,31.222337370881814,0.0 131.01140224082522,31.2223378476144,0.0 131.01140450001284,31.22233832407541,0.0 131.01140675892884,31.22233880027732,0.0 131.01140901756736,31.222339276232464,0.0 131.01141127592263,31.22233975195296,0.0 131.0114135339889,31.22234022745074,0.0 131.01141579176053,31.222340702737498,0.0 131.011418049232,31.22234117782468,0.0 131.01142030639784,31.222341652723536,0.0 131.0114225632527,31.22234212744507,0.0 131.01142481979136,31.222342601999976,0.0 131.01142707600863,31.22234307639877,0.0 131.0114293318996,31.22234355065164,0.0 131.01143158745924,31.22234402476849,0.0 131.01143384268283,31.222344498759007,0.0 131.0114360975657,31.222344972632538,0.0 131.0114383521034,31.22234544639816,0.0 131.01144060629144,31.222345920064623,0.0 131.01144286012564,31.22234639364042,0.0 131.01144511360187,31.222346867133727,0.0 131.01144736671614,31.222347340552407,0.0 131.01144961946463,31.22234781390399,0.0 131.01145187184372,31.222348287195743,0.0 131.0114541238499,31.22234876043456,0.0 131.0114563754798,31.222349233627032,0.0 131.01145862673016,31.222349706779465,0.0 131.01146087759804,31.2223501798978,0.0 131.0114631280805,31.22235065298766,0.0 131.0114653781748,31.22235112605439,0.0 131.01146762787852,31.222351599102943,0.0 131.01146987718917,31.22235207213801,0.0 131.0114721261046,31.222352545163943,0.0 131.0114743746227,31.22235301818474,0.0 131.01147662274178,31.222353491204125,0.0 131.0114788704599,31.22235396422547,0.0 131.01148111777576,31.22235443725185,0.0 131.01148336468788,31.22235491028606,0.0 131.01148561119513,31.222355383330505,0.0 131.01148785729643,31.222355856387377,0.0 131.01149010299105,31.222356329458503,0.0 131.01149234827827,31.22235680254541,0.0 131.01149459315764,31.22235727564936,0.0 131.01149683762884,31.2223577487713,0.0 131.0114990816917,31.22235822191192,0.0 131.01150132534627,31.222358695071573,0.0 131.0115035685928,31.222359168250364,0.0 131.01150581143156,31.22235964144813,0.0 131.01150805386317,31.22236011466444,0.0 131.01151029588834,31.22236058789856,0.0 131.0115125375079,31.22236106114953,0.0 131.01151477872287,31.22236153441618,0.0 131.0115170195346,31.222362007697008,0.0 131.0115192599443,31.22236248099032,0.0 131.01152149995352,31.222362954294155,0.0 131.01152373956396,31.222363427606368,0.0 131.01152597877743,31.222363900924577,0.0 131.011528217596,31.22236437424615,0.0 131.01153045602172,31.22236484756828,0.0 131.01153269405688,31.222365320887967,0.0 131.01153493170392,31.222365794201977,0.0 131.01153716896548,31.22236626750693,0.0 131.0115394058442,31.222366740799227,0.0 131.01154164234293,31.222367214075103,0.0 131.01154387846472,31.222367687330635,0.0 131.0115461142126,31.222368160561714,0.0 131.0115483495899,31.22236863376409,0.0 131.0115505846,31.222369106933407,0.0 131.01155281924636,31.222369580065056,0.0 131.0115550535326,31.22237005315442,0.0 131.01155728746247,31.222370526196684,0.0 131.01155952103983,31.222370999186907,0.0 131.01156175426857,31.222371472120063,0.0 131.01156398715287,31.22237194499102,0.0 131.01156621969687,31.22237241779452,0.0 131.0115684519048,31.222372890525225,0.0 131.011570683781,31.22237336317772,0.0 131.01157291533,31.22237383574651,0.0 131.0115751465563,31.222374308226005,0.0 131.0115773774646,31.222374780610583,0.0 131.01157960805952,31.222375252894533,0.0 131.01158183834588,31.222375725072105,0.0 131.01158406832857,31.222376197137496,0.0 131.0115862980125,31.222376669084884,0.0 131.01158852740264,31.222377140908367,0.0 131.01159075650412,31.222377612602063,0.0 131.01159298532195,31.222378084160056,0.0 131.0115952138614,31.2223785555764,0.0 131.01159744212765,31.222379026845164,0.0 131.01159967012595,31.22237949796037,0.0 131.01160189786165,31.2223799689161,0.0 131.01160412534003,31.222380439706367,0.0 131.01160635256656,31.222380910325285,0.0 131.01160857954653,31.222381380766933,0.0 131.0116108062855,31.222381851025403,0.0 131.0116130327889,31.222382321094848,0.0 131.01161525906213,31.222382790969466,0.0 131.01161748511075,31.22238326064344,0.0 131.01161971094027,31.222383730111016,0.0 131.0116219365562,31.222384199366523,0.0 131.01162416196402,31.222384668404302,0.0 131.01162638716923,31.2223851372188,0.0 131.0116286121774,31.222385605804444,0.0 131.011630836994,31.222386074155786,0.0 131.0116330616245,31.222386542267447,0.0 131.0116352860744,31.22238701013412,0.0 131.0116375103491,31.222387477750527,0.0 131.0116397344541,31.22238794511153,0.0 131.0116419583947,31.22238841221205,0.0 131.0116441821764,31.222388879047088,0.0 131.01164640580444,31.22238934561175,0.0 131.01164862928417,31.222389811901223,0.0 131.0116508526208,31.22239027791081,0.0 131.01165307581957,31.222390743635888,0.0 131.01165529888564,31.222391209071947,0.0 131.01165752182416,31.22239167421459,0.0 131.01165974464013,31.222392139059515,0.0 131.01166196733857,31.222392603602543,0.0 131.0116641899244,31.222393067839608,0.0 131.01166641240255,31.22239353176673,0.0 131.01166863477775,31.222393995380063,0.0 131.0116708570548,31.2223944586759,0.0 131.0116730792384,31.222394921650608,0.0 131.01167530133304,31.222395384300693,0.0 131.01167752334328,31.2223958466228,0.0 131.01167974527354,31.222396308613675,0.0 131.01168196712817,31.222396770270205,0.0 131.01168418891146,31.22239723158939,0.0 131.01168641062753,31.22239769256836,0.0 131.0116886322805,31.22239815320436,0.0 131.01169085387434,31.222398613494764,0.0 131.0116930754129,31.222399073437128,0.0 131.01169529690003,31.222399533029044,0.0 131.01169751833947,31.22239999226832,0.0 131.01169973973467,31.22240045115283,0.0 131.0117019610892,31.22240090968061,0.0 131.0117041824064,31.222401367849823,0.0 131.01170640368954,31.222401825658743,0.0 131.01170862494183,31.2224022831058,0.0 131.01171084616624,31.22240274018952,0.0 131.01171306736575,31.222403196908594,0.0 131.01171528854314,31.22240365326181,0.0 131.01171750970113,31.22240410924812,0.0 131.0117197308423,31.22240456486657,0.0 131.0117219519691,31.222405020116327,0.0 131.01172417308382,31.222405474996723,0.0 131.01172639418874,31.22240592950717,0.0 131.01172861528593,31.222406383647247,0.0 131.01173083637738,31.222406837416607,0.0 131.01173305746485,31.22240729081508,0.0 131.01173527855013,31.22240774384255,0.0 131.0117374996348,31.222408196499085,0.0 131.01173972072024,31.22240864878482,0.0 131.01174194180783,31.22240910070005,0.0 131.01174416289876,31.22240955224516,0.0 131.0117463839941,31.22241000342062,0.0 131.0117486050948,31.22241045422708,0.0 131.01175082620165,31.22241090466524,0.0 131.01175304731527,31.22241135473593,0.0 131.01175526843627,31.22241180444009,0.0 131.01175748956504,31.22241225377876,0.0 131.01175971070185,31.222412702753065,0.0 131.01176193184682,31.22241315136429,0.0 131.01176415299997,31.222413599613738,0.0 131.0117663741612,31.222414047502863,0.0 131.01176859533024,31.222414495033178,0.0 131.01177081650667,31.22241494220632,0.0 131.01177303769,31.222415389024,0.0 131.0117752588796,31.222415835488,0.0 131.01177748007467,31.222416281600232,0.0 131.01177970127432,31.22241672736264,0.0 131.01178192247747,31.222417172777288,0.0 131.01178414368303,31.222417617846297,0.0 131.0117863648896,31.22241806257188,0.0 131.01178858609586,31.222418506956288,0.0 131.0117908073002,31.222418951001888,0.0 131.01179302850093,31.22241939471109,0.0 131.01179524969632,31.222419838086363,0.0 131.0117974708844,31.222420281130248,0.0 131.0117996920631,31.22242072384536,0.0 131.01180191323036,31.22242116623434,0.0 131.0118041343838,31.22242160829992,0.0 131.0118063555211,31.222422050044884,0.0 131.01180857663968,31.22242249147202,0.0 131.01181079773693,31.222422932584205,0.0 131.0118130188101,31.222423373384345,0.0 131.01181523985636,31.222423813875405,0.0 131.01181746087275,31.222424254060364,0.0 131.01181968185617,31.222424693942248,0.0 131.01182190280346,31.22242513352414,0.0 131.01182412371136,31.2224255728091,0.0 131.01182634457643,31.222426011800284,0.0 131.01182856539523,31.22242645050081,0.0 131.01183078616418,31.22242688891387,0.0 131.0118330068796,31.22242732704265,0.0 131.01183522753772,31.222427764890345,0.0 131.01183744813463,31.2224282024602,0.0 131.01183966866648,31.222428639755424,0.0 131.0118418891292,31.222429076779274,0.0 131.01184410951862,31.222429513535022,0.0 131.01184632983055,31.222429950025912,0.0 131.0118485500608,31.2224303862552,0.0 131.01185077020492,31.222430822226144,0.0 131.01185299025852,31.222431257942024,0.0 131.01185521021708,31.22243169340607,0.0 131.01185743007605,31.22243212862153,0.0 131.01185964983085,31.22243256359165,0.0 131.01186186947672,31.222432998319626,0.0 131.01186408900887,31.22243343280867,0.0 131.0118663084226,31.22243386706198,0.0 131.01186852771295,31.222434301082703,0.0 131.01187074687508,31.222434734874003,0.0 131.011872965904,31.22243516843899,0.0 131.01187518479472,31.22243560178075,0.0 131.01187740354214,31.22243603490233,0.0 131.01187962214124,31.22243646780677,0.0 131.01188184058688,31.222436900497087,0.0 131.01188405887393,31.22243733297621,0.0 131.01188627699716,31.222437765247086,0.0 131.01188849495145,31.22243819731258,0.0 131.0118907127315,31.222438629175542,0.0 131.01189293033215,31.22243906083876,0.0 131.01189514774808,31.222439492304986,0.0 131.01189736497403,31.22243992357693,0.0 131.01189958200476,31.222440354657223,0.0 131.01190179883497,31.222440785548496,0.0 131.01190401545935,31.22244121625328,0.0 131.0119062318727,31.22244164677407,0.0 131.01190844806976,31.22244207711329,0.0 131.0119106640452,31.22244250727335,0.0 131.01191287979373,31.222442937256545,0.0 131.01191509531023,31.222443367065143,0.0 131.01191731058947,31.22244379670133,0.0 131.01191952562624,31.222444226167244,0.0 131.0119217404154,31.222444655464965,0.0 131.0119239549518,31.22244508459648,0.0 131.0119261692304,31.222445513563727,0.0 131.01192838324607,31.22244594236856,0.0 131.0119305969939,31.2224463710128,0.0 131.01193281046883,31.222446799498144,0.0 131.011935023666,31.222447227826265,0.0 131.01193723658056,31.22244765599873,0.0 131.01193944920763,31.22244808401709,0.0 131.01194166154255,31.222448511882728,0.0 131.0119438735806,31.222448939597022,0.0 131.01194608531716,31.222449367161268,0.0 131.01194829674768,31.22244979457664,0.0 131.01195050786768,31.22245022184431,0.0 131.01195271867277,31.222450648965328,0.0 131.01195492915863,31.22245107594065,0.0 131.01195713932103,31.22245150277119,0.0 131.0119593491559,31.22245192945777,0.0 131.01196155865904,31.22245235600116,0.0 131.0119637678266,31.22245278240199,0.0 131.01196597665466,31.222453208660863,0.0 131.01196818513947,31.222453634778304,0.0 131.01197039327738,31.22245406075473,0.0 131.01197260106483,31.222454486590504,0.0 131.0119748084984,31.22245491228591,0.0 131.0119770155747,31.22245533784112,0.0 131.01197922229056,31.22245576325628,0.0 131.01198142864283,31.22245618853142,0.0 131.01198363462862,31.22245661366652,0.0 131.011985840245,31.222457038661457,0.0 131.01198804548926,31.22245746351607,0.0 131.01199025035882,31.22245788823008,0.0 131.01199245485117,31.222458312803173,0.0 131.011994658964,31.222458737234927,0.0 131.01199686269513,31.222459161524856,0.0 131.01199906604248,31.22245958567243,0.0 131.01200126900414,31.222460009677008,0.0 131.0120034715783,31.222460433537915,0.0 131.01200567376344,31.22246085725437,0.0 131.012007875558,31.222461280825545,0.0 131.01201007696062,31.22246170425053,0.0 131.01201227797017,31.22246212752841,0.0 131.01201447858563,31.222462550658104,0.0 131.0120166788061,31.222462973638525,0.0 131.01201887863087,31.222463396468537,0.0 131.01202107805935,31.22246381914692,0.0 131.01202327709123,31.222464241672384,0.0 131.01202547572615,31.222464664043606,0.0 131.01202767396418,31.222465086259195,0.0 131.01202987180528,31.222465508317693,0.0 131.01203206924978,31.22246593021759,0.0 131.01203426629803,31.222466351957326,0.0 131.0120364629506,31.222466773535288,0.0 131.01203865920834,31.22246719494984,0.0 131.0120408550721,31.222467616199253,0.0 131.0120430505429,31.22246803728177,0.0 131.01204524562212,31.222468458195635,0.0 131.01204744031105,31.22246887893896,0.0 131.01204963461132,31.22246929950988,0.0 131.01205182852465,31.222469719906464,0.0 131.01205402205304,31.22247014012675,0.0 131.01205621519844,31.222470560168745,0.0 131.0120584079632,31.22247098003041,0.0 131.01206060034963,31.222471399709686,0.0 131.01206279236044,31.222471819204475,0.0 131.0120649839983,31.22247223851264,0.0 131.01206717526605,31.222472657632046,0.0 131.0120693661668,31.22247307656051,0.0 131.0120715567038,31.222473495295848,0.0 131.01207374688036,31.22247391383582,0.0 131.01207593670009,31.222474332178184,0.0 131.0120781261666,31.222474750320696,0.0 131.01208031528378,31.22247516826108,0.0 131.0120825040556,31.22247558599703,0.0 131.01208469248616,31.22247600352629,0.0 131.01208688057977,31.22247642084653,0.0 131.01208906834088,31.222476837955423,0.0 131.012091255774,31.22247725485069,0.0 131.01209344288387,31.222477671529976,0.0 131.01209562967534,31.222478087990982,0.0 131.01209781615336,31.222478504231347,0.0 131.012100002323,31.222478920248776,0.0 131.0121021881895,31.222479336040948,0.0 131.0121043737582,31.222479751605533,0.0 131.01210655903455,31.22248016694024,0.0 131.01210874402412,31.22248058204276,0.0 131.0121109287326,31.222480996910807,0.0 131.01211311316578,31.22248141154213,0.0 131.01211529732956,31.22248182593445,0.0 131.01211748122986,31.22248224008554,0.0 131.01211966487284,31.22248265399316,0.0 131.0121218482646,31.22248306765512,0.0 131.0121240314114,31.22248348106924,0.0 131.01212621431955,31.222483894233346,0.0 131.0121283969955,31.22248430714533,0.0 131.01213057944565,31.222484719803088,0.0 131.01213276167655,31.22248513220453,0.0 131.0121349436948,31.22248554434764,0.0 131.0121371255069,31.222485956230404,0.0 131.01213930711972,31.222486367850824,0.0 131.01214148853984,31.22248677920697,0.0 131.01214366977405,31.22248719029695,0.0 131.01214585082909,31.22248760111887,0.0 131.0121480317118,31.22248801167091,0.0 131.01215021242896,31.222488421951297,0.0 131.0121523929874,31.22248883195825,0.0 131.01215457339393,31.222489241690106,0.0 131.01215675365535,31.222489651145164,0.0 131.01215893377855,31.222490060321825,0.0 131.01216111377025,31.222490469218528,0.0 131.01216329363723,31.222490877833728,0.0 131.0121654733863,31.222491286165955,0.0 131.01216765302408,31.222491694213804,0.0 131.01216983255722,31.222492101975888,0.0 131.0121720119924,31.22249250945088,0.0 131.0121741913362,31.222492916637485,0.0 131.01217637059497,31.22249332353453,0.0 131.01217854977523,31.22249373014084,0.0 131.01218072888332,31.222494136455303,0.0 131.01218290792545,31.222494542476863,0.0 131.0121850869078,31.22249494820453,0.0 131.0121872658364,31.22249535363736,0.0 131.0121894447173,31.222495758774464,0.0 131.0121916235563,31.22249616361499,0.0 131.01219380235915,31.2224965681582,0.0 131.01219598113138,31.22249697240335,0.0 131.01219815987855,31.2224973763498,0.0 131.01220033860602,31.222497779996925,0.0 131.01220251731888,31.22249818334422,0.0 131.01220469602225,31.222498586391165,0.0 131.01220687472096,31.22249898913733,0.0 131.01220905341978,31.22249939158236,0.0 131.0122112321232,31.222499793725927,0.0 131.01221341083564,31.2225001955678,0.0 131.0122155895613,31.22250059710776,0.0 131.012217768304,31.22250099834568,0.0 131.01221994706776,31.22250139928148,0.0 131.01222212585608,31.222501799915115,0.0 131.01222430467234,31.222502200246623,0.0 131.01222648351975,31.222502600276105,0.0 131.01222866240124,31.22250300000368,0.0 131.0122308413196,31.22250339942953,0.0 131.0122330202773,31.222503798553923,0.0 131.01223519927666,31.222504197377127,0.0 131.01223737831972,31.22250459589952,0.0 131.01223955740824,31.22250499412147,0.0 131.01224173654384,31.22250539204344,0.0 131.0122439157278,31.22250578966593,0.0 131.0122460949612,31.222506186989463,0.0 131.01224827424485,31.222506584014617,0.0 131.0122504535792,31.222506980742065,0.0 131.01225263296465,31.22250737717247,0.0 131.01225481240112,31.222507773306567,0.0 131.0122569918884,31.22250816914512,0.0 131.0122591714259,31.222508564688912,0.0 131.0122613510129,31.2225089599388,0.0 131.01226353064837,31.222509354895656,0.0 131.0122657103308,31.2225097495604,0.0 131.01226789005867,31.22251014393397,0.0 131.01227006983007,31.222510538017367,0.0 131.0122722496428,31.222510931811584,0.0 131.01227442949437,31.22251132531767,0.0 131.01227660938207,31.222511718536687,0.0 131.01227878930294,31.22251211146972,0.0 131.01228096925357,31.222512504117912,0.0 131.01228314923043,31.222512896482367,0.0 131.0122853292296,31.22251328856429,0.0 131.01228750924705,31.22251368036484,0.0 131.0122896892783,31.2225140718852,0.0 131.01229186931872,31.222514463126576,0.0 131.01229404936333,31.22251485409021,0.0 131.01229622940693,31.22251524477732,0.0 131.01229840944407,31.22251563518914,0.0 131.01230058946902,31.22251602532692,0.0 131.01230276947578,31.2225164151919,0.0 131.01230494945807,31.222516804785343,0.0 131.01230712940955,31.22251719410848,0.0 131.01230930932337,31.22251758316256,0.0 131.0123114891926,31.22251797194881,0.0 131.01231366901,31.22251836046852,0.0 131.01231584876825,31.2225187487229,0.0 131.01231802845967,31.22251913671318,0.0 131.01232020807646,31.222519524440568,0.0 131.0123223876105,31.222519911906296,0.0 131.01232456705364,31.222520299111505,0.0 131.01232674639735,31.222520686057383,0.0 131.01232892563317,31.22252107274506,0.0 131.0123311047522,31.22252145917565,0.0 131.0123332837455,31.222521845350247,0.0 131.01233546260397,31.222522231269927,0.0 131.01233764131837,31.222522616935724,0.0 131.01233981987923,31.22252300234864,0.0 131.01234199827712,31.222523387509654,0.0 131.01234417650232,31.22252377241972,0.0 131.01234635454512,31.22252415707972,0.0 131.01234853239563,31.22252454149053,0.0 131.01235071004393,31.22252492565296,0.0 131.01235288747995,31.22252530956779,0.0 131.0123550646937,31.22252569323574,0.0 131.012357241675,31.22252607665752,0.0 131.01235941841364,31.222526459833755,0.0 131.01236159489935,31.222526842765063,0.0 131.01236377112204,31.22252722545198,0.0 131.01236594707137,31.222527607895,0.0 131.01236812273712,31.222527990094576,0.0 131.012370298109,31.222528372051084,0.0 131.01237247317695,31.22252875376488,0.0 131.01237464793073,31.22252913523623,0.0 131.01237682236027,31.22252951646536,0.0 131.0123789964555,31.22252989745244,0.0 131.0123811702066,31.22253027819757,0.0 131.01238334360357,31.2225306587008,0.0 131.01238551663675,31.222531038962096,0.0 131.01238768929647,31.22253141898144,0.0 131.01238986157324,31.22253179875868,0.0 131.01239203345773,31.22253217829364,0.0 131.01239420494068,31.22253255758605,0.0 131.01239637601313,31.22253293663561,0.0 131.0123985466662,31.22253331544196,0.0 131.01240071689128,31.22253369400464,0.0 131.01240288667995,31.222534072323185,0.0 131.0124050560239,31.22253445039703,0.0 131.01240722491528,31.22253482822556,0.0 131.0124093933462,31.22253520580813,0.0 131.0124115613093,31.222535583144,0.0 131.01241372879727,31.2225359602324,0.0 131.0124158958033,31.22253633707247,0.0 131.0124180623206,31.222536713663327,0.0 131.0124202283429,31.222537090004003,0.0 131.01242239386417,31.222537466093502,0.0 131.0124245588787,31.222537841930748,0.0 131.0124267233811,31.222538217514625,0.0 131.0124288873664,31.222538592844003,0.0 131.01243105082986,31.222538967917647,0.0 131.01243321376717,31.222539342734336,0.0 131.01243537617432,31.22253971729276,0.0 131.01243753804783,31.22254009159156,0.0 131.01243969938443,31.22254046562937,0.0 131.0124418601814,31.22254083940473,0.0 131.01244402043628,31.22254121291621,0.0 131.01244618014707,31.222541586162297,0.0 131.0124483393122,31.222541959141456,0.0 131.0124504979305,31.222542331852136,0.0 131.0124526560012,31.22254270429276,0.0 131.01245481352393,31.22254307646169,0.0 131.01245697049885,31.222543448357296,0.0 131.01245912692644,31.222543819977908,0.0 131.01246128280766,31.222544191321845,0.0 131.01246343814393,31.22254456238739,0.0 131.012465592937,31.22254493317285,0.0 131.01246774718922,31.222545303676483,0.0 131.0124699009032,31.222545673896565,0.0 131.0124720540821,31.22254604383137,0.0 131.01247420672945,31.22254641347914,0.0 131.01247635884923,31.222546782838137,0.0 131.0124785104459,31.2225471519066,0.0 131.01248066152425,31.2225475206828,0.0 131.01248281208953,31.22254788916499,0.0 131.01248496214745,31.222548257351463,0.0 131.01248711170396,31.222548625240503,0.0 131.0124892607656,31.22254899283041,0.0 131.0124914093393,31.222549360119544,0.0 131.01249355743224,31.222549727106216,0.0 131.01249570505203,31.222550093788808,0.0 131.0124978522067,31.22255046016569,0.0 131.0124999989046,31.222550826235288,0.0 131.01250214515449,31.222551191996068,0.0 131.01250429096527,31.222551557446504,0.0 131.01250643634643,31.222551922585147,0.0 131.01250858130757,31.22255228741052,0.0 131.01251072585873,31.22255265192125,0.0 131.0125128700101,31.22255301611598,0.0 131.0125150137723,31.222553379993386,0.0 131.012517157156,31.2225537435522,0.0 131.0125193001723,31.222554106791183,0.0 131.01252144283248,31.222554469709216,0.0 131.01252358514796,31.222554832305185,0.0 131.0125257271304,31.22255519457801,0.0 131.0125278687916,31.22255555652672,0.0 131.01253001014356,31.222555918150345,0.0 131.01253215119843,31.222556279448003,0.0 131.01253429196845,31.22255664041885,0.0 131.01253643246588,31.222557001062167,0.0 131.01253857270316,31.22255736137725,0.0 131.01254071269278,31.22255772136346,0.0 131.01254285244718,31.222558081020228,0.0 131.01254499197898,31.22255844034704,0.0 131.01254713130066,31.22255879934348,0.0 131.01254927042473,31.222559158009165,0.0 131.0125514093636,31.222559516343807,0.0 131.0125535481297,31.22255987434717,0.0 131.01255568673523,31.222560232019088,0.0 131.0125578251925,31.222560589359496,0.0 131.01255996351347,31.222560946368343,0.0 131.0125621017101,31.222561303045648,0.0 131.01256423979405,31.22256165939156,0.0 131.01256637777684,31.22256201540621,0.0 131.01256851566978,31.222562371089907,0.0 131.012570653484,31.22256272644292,0.0 131.01257279123024,31.22256308146564,0.0 131.012574928919,31.222563436158502,0.0 131.0125770665606,31.222563790521992,0.0 131.01257920416484,31.22256414455669,0.0 131.01258134174128,31.22256449826323,0.0 131.0125834792992,31.222564851642296,0.0 131.0125856168473,31.22256520469464,0.0 131.01258775439405,31.22256555742107,0.0 131.01258989194747,31.222565909822407,0.0 131.0125920295151,31.2225662618996,0.0 131.01259416710403,31.222566613653548,0.0 131.01259630472097,31.22256696508532,0.0 131.012598442372,31.22256731619593,0.0 131.0126005800628,31.222567666986524,0.0 131.0126027177986,31.222568017458183,0.0 131.01260485558396,31.22256836761209,0.0 131.012606993423,31.22256871744948,0.0 131.01260913131924,31.222569066971577,0.0 131.01261126927568,31.22256941617968,0.0 131.01261340729477,31.22256976507508,0.0 131.0126155453783,31.22257011365912,0.0 131.0126176835276,31.22257046193312,0.0 131.01261982174327,31.22257080989844,0.0 131.01262196002543,31.222571157556505,0.0 131.0126240983735,31.22257150490869,0.0 131.0126262367864,31.22257185195641,0.0 131.01262837526232,31.222572198701062,0.0 131.01263051379897,31.222572545144068,0.0 131.0126326523934,31.222572891286816,0.0 131.012634791042,31.22257323713076,0.0 131.01263692974058,31.222573582677263,0.0 131.01263906848445,31.222573927927744,0.0 131.01264120726816,31.22257427288353,0.0 131.0126433460858,31.22257461754601,0.0 131.01264548493083,31.222574961916525,0.0 131.0126476237961,31.22257530599637,0.0 131.01264976267393,31.22257564978684,0.0 131.01265190155607,31.22257599328916,0.0 131.0126540404338,31.22257633650458,0.0 131.01265617929775,31.222576679434248,0.0 131.01265831813808,31.22257702207932,0.0 131.0126604569444,31.222577364440887,0.0 131.012662595706,31.222577706520006,0.0 131.01266473441157,31.222578048317647,0.0 131.01266687304928,31.22257838983478,0.0 131.01266901160704,31.222578731072268,0.0 131.01267115007226,31.22257907203097,0.0 131.01267328843187,31.22257941271165,0.0 131.01267542667276,31.22257975311497,0.0 131.01267756478103,31.22258009324161,0.0 131.01267970274284,31.22258043309215,0.0 131.01268184054382,31.22258077266707,0.0 131.01268397816946,31.22258111196681,0.0 131.01268611560496,31.22258145099173,0.0 131.01268825283535,31.222581789742097,0.0 131.01269038984546,31.22258212821812,0.0 131.0126925266199,31.22258246641992,0.0 131.01269466314324,31.222582804347564,0.0 131.01269679939995,31.222583142001007,0.0 131.01269893537443,31.22258347938012,0.0 131.012701071051,31.22258381648471,0.0 131.01270320641405,31.22258415331452,0.0 131.01270534144794,31.222584489869185,0.0 131.0127074761371,31.22258482614825,0.0 131.01270961046615,31.222585162151184,0.0 131.01271174441968,31.22258549787737,0.0 131.01271387798255,31.22258583332618,0.0 131.0127160111398,31.2225861684968,0.0 131.0127181438766,31.22258650338838,0.0 131.01272027617853,31.222586838000005,0.0 131.01272240803135,31.22258717233067,0.0 131.0127245394212,31.2225875063793,0.0 131.0127266703344,31.22258784014476,0.0 131.01272880075788,31.222588173625784,0.0 131.01273093067888,31.22258850682112,0.0 131.012733060085,31.2225888397294,0.0 131.01273518896434,31.2225891723492,0.0 131.01273731730566,31.22258950467904,0.0 131.012739445098,31.22258983671737,0.0 131.01274157233107,31.22259016846259,0.0 131.0127436989951,31.222590499913064,0.0 131.01274582508094,31.222590831067084,0.0 131.0127479505801,31.222591161922903,0.0 131.0127500754846,31.22259149247874,0.0 131.01275219978723,31.222591822732788,0.0 131.01275432348143,31.222592152683177,0.0 131.01275644656127,31.222592482328,0.0 131.01275856902163,31.22259281166537,0.0 131.01276069085804,31.22259314069338,0.0 131.01276281206674,31.222593469410047,0.0 131.01276493264484,31.22259379781343,0.0 131.01276705259005,31.22259412590155,0.0 131.01276917190097,31.222594453672457,0.0 131.01277129057692,31.22259478112417,0.0 131.01277340861796,31.222595108254744,0.0 131.01277552602502,31.22259543506221,0.0 131.0127776427997,31.222595761544664,0.0 131.01277975894448,31.22259608770017,0.0 131.01278187446255,31.222596413526848,0.0 131.01278398935793,31.222596739022848,0.0 131.0127861036353,31.22259706418636,0.0 131.01278821730023,31.2225973890156,0.0 131.01279033035897,31.222597713508808,0.0 131.0127924428185,31.22259803766432,0.0 131.01279455468645,31.222598361480514,0.0 131.01279666597136,31.222598684955774,0.0 131.0127987766823,31.2225990080886,0.0 131.012800886829,31.222599330877543,0.0 131.01280299642195,31.22259965332121,0.0 131.01280510547218,31.222599975418312,0.0 131.01280721399135,31.222600297167588,0.0 131.01280932199168,31.22260061856789,0.0 131.0128114294859,31.22260093961816,0.0 131.0128135364874,31.222601260317383,0.0 131.01281564300993,31.22260158066468,0.0 131.0128177490677,31.222601900659235,0.0 131.0128198546754,31.22260222030032,0.0 131.01282195984808,31.22260253958732,0.0 131.0128240646011,31.222602858519704,0.0 131.01282616895023,31.222603177097056,0.0 131.01282827291143,31.22260349531904,0.0 131.01283037650097,31.22260381318544,0.0 131.0128324797352,31.22260413069612,0.0 131.01283458263083,31.222604447851065,0.0 131.0128366852044,31.222604764650345,0.0 131.0128387874728,31.22260508109416,0.0 131.01284088945272,31.22260539718277,0.0 131.01284299116102,31.2226057129166,0.0 131.01284509261436,31.222606028296088,0.0 131.01284719382943,31.22260634332186,0.0 131.01284929482267,31.22260665799457,0.0 131.01285139561037,31.222606972315027,0.0 131.01285349620855,31.22260728628409,0.0 131.012855596633,31.22260759990275,0.0 131.0128576968992,31.222607913172062,0.0 131.01285979702223,31.222608226093165,0.0 131.01286189701685,31.22260853866729,0.0 131.01286399689724,31.222608850895767,0.0 131.0128660966772,31.22260916277999,0.0 131.0128681963699,31.22260947432141,0.0 131.01287029598825,31.22260978552159,0.0 131.01287239554415,31.222610096382127,0.0 131.01287449504906,31.222610406904703,0.0 131.01287659451387,31.22261071709104,0.0 131.0128786939487,31.22261102694291,0.0 131.0128807933628,31.22261133646216,0.0 131.01288289276488,31.22261164565067,0.0 131.01288499216272,31.22261195451035,0.0 131.0128870915634,31.222612263043136,0.0 131.01288919097303,31.22261257125105,0.0 131.01289129039705,31.22261287913605,0.0 131.01289338983983,31.222613186700176,0.0 131.012895489305,31.222613493945463,0.0 131.0128975887952,31.222613800873955,0.0 131.0128996883122,31.22261410748768,0.0 131.0129017878568,31.22261441378865,0.0 131.012903887429,31.22261471977896,0.0 131.01290598702766,31.222615025460566,0.0 131.01290808665087,31.222615330835488,0.0 131.01291018629576,31.222615635905665,0.0 131.01291228595835,31.22261594067304,0.0 131.012914385634,31.222616245139506,0.0 131.012916485317,31.22261654930692,0.0 131.0129185850007,31.222616853177048,0.0 131.01292068467768,31.222617156751674,0.0 131.0129227843395,31.222617460032463,0.0 131.012924883977,31.22261776302104,0.0 131.01292698358012,31.22261806571896,0.0 131.01292908313795,31.22261836812772,0.0 131.01293118263885,31.222618670248696,0.0 131.01293328207035,31.222618972083247,0.0 131.01293538141945,31.2226192736326,0.0 131.0129374806722,31.222619574897863,0.0 131.01293957981417,31.22261987588016,0.0 131.0129416788302,31.222620176580428,0.0 131.0129437777047,31.22262047699952,0.0 131.01294587642136,31.2226207771382,0.0 131.01294797496345,31.22262107699713,0.0 131.01295007331393,31.222621376576896,0.0 131.0129521714551,31.222621675877903,0.0 131.0129542693692,31.222621974900527,0.0 131.01295636703793,31.22262227364499,0.0 131.0129584644428,31.222622572111423,0.0 131.01296056156522,31.22262287029984,0.0 131.0129626583863,31.22262316821014,0.0 131.01296475488724,31.222623465842144,0.0 131.012966851049,31.22262376319553,0.0 131.0129689468527,31.222624060269908,0.0 131.0129710422795,31.22262435706473,0.0 131.01297313731067,31.2226246535794,0.0 131.01297523192767,31.222624949813177,0.0 131.01297732611215,31.22262524576527,0.0 131.01297941984615,31.22262554143476,0.0 131.01298151311195,31.22262583682064,0.0 131.0129836058923,31.222626131921825,0.0 131.01298569817033,31.222626426737136,0.0 131.01298778992972,31.22262672126536,0.0 131.0129898811547,31.22262701550513,0.0 131.01299197183016,31.22262730945509,0.0 131.01299406194144,31.2226276031138,0.0 131.0129961514747,31.222627896479707,0.0 131.0129982404169,31.222628189551283,0.0 131.01300032875565,31.222628482326915,0.0 131.0130024164794,31.222628774804967,0.0 131.01300450357746,31.22262906698377,0.0 131.01300659004005,31.222629358861635,0.0 131.01300867585823,31.22262965043681,0.0 131.01301076102413,31.22262994170761,0.0 131.0130128455307,31.22263023267228,0.0 131.013014929372,31.22263052332909,0.0 131.01301701254303,31.22263081367636,0.0 131.0130190950398,31.22263110371238,0.0 131.01302117685944,31.22263139343548,0.0 131.01302325800003,31.22263168284402,0.0 131.01302533846084,31.22263197193644,0.0 131.01302741824207,31.22263226071119,0.0 131.01302949734503,31.22263254916677,0.0 131.01303157577212,31.2226328373018,0.0 131.01303365352675,31.222633125114896,0.0 131.01303573061335,31.22263341260481,0.0 131.01303780703745,31.222633699770384,0.0 131.0130398828055,31.222633986610507,0.0 131.013041957925,31.222634273124218,0.0 131.01304403240437,31.22263455931061,0.0 131.01304610625303,31.222634845168937,0.0 131.0130481794812,31.222635130698528,0.0 131.0130502521001,31.222635415898896,0.0 131.0130523241216,31.22263570076964,0.0 131.0130543955586,31.2226359853105,0.0 131.01305646642456,31.22263626952136,0.0 131.01305853673375,31.22263655340224,0.0 131.01306060650094,31.22263683695333,0.0 131.0130626757417,31.222637120174948,0.0 131.0130647444721,31.222637403067584,0.0 131.0130668127086,31.22263768563188,0.0 131.01306888046824,31.22263796786861,0.0 131.01307094776828,31.2226382497788,0.0 131.01307301462643,31.22263853136353,0.0 131.01307508106063,31.22263881262413,0.0 131.01307714708892,31.222639093562048,0.0 131.0130792127296,31.222639374178943,0.0 131.01308127800098,31.22263965447659,0.0 131.01308334292128,31.222639934456986,0.0 131.01308540750878,31.222640214122272,0.0 131.01308747178155,31.22264049347476,0.0 131.0130895357574,31.222640772516915,0.0 131.01309159945404,31.2226410512514,0.0 131.0130936628887,31.222641329681,0.0 131.01309572607823,31.222641607808708,0.0 131.01309778903905,31.22264188563766,0.0 131.013099851787,31.222642163171127,0.0 131.01310191433743,31.222642440412567,0.0 131.01310397670497,31.222642717365584,0.0 131.01310603890343,31.22264299403394,0.0 131.01310810094617,31.2226432704215,0.0 131.01311016284535,31.22264354653237,0.0 131.0131122246126,31.222643822370696,0.0 131.01311428625843,31.22264409794084,0.0 131.01311634779248,31.222644373247256,0.0 131.01311840922332,31.222644648294583,0.0 131.0131204705586,31.22264492308756,0.0 131.01312253180473,31.222645197631056,0.0 131.01312459296713,31.22264547193012,0.0 131.01312665405004,31.22264574598987,0.0 131.01312871505658,31.22264601981562,0.0 131.01313077598863,31.222646293412783,0.0 131.01313283684686,31.22264656678692,0.0 131.0131348976308,31.222646839943742,0.0 131.01313695833872,31.22264711288912,0.0 131.01313901896765,31.22264738562904,0.0 131.01314107951333,31.22264765816965,0.0 131.01314313997037,31.22264793051732,0.0 131.01314520033208,31.22264820267854,0.0 131.0131472605906,31.222648474660023,0.0 131.01314932073683,31.222648746468675,0.0 131.01315138076052,31.222649018111657,0.0 131.0131534406502,31.22264928959635,0.0 131.01315550039322,31.222649560930417,0.0 131.01315755997592,31.22264983212185,0.0 131.01315961938343,31.22265010317892,0.0 131.01316167859991,31.22265037411035,0.0 131.01316373760835,31.222650644925263,0.0 131.0131657963909,31.22265091563328,0.0 131.01316785492847,31.222651186244512,0.0 131.0131699132014,31.222651456769768,0.0 131.0131719711887,31.222651727220548,0.0 131.01317402886883,31.22265199760916,0.0 131.01317608621915,31.22265226794885,0.0 131.01317814321624,31.222652538253985,0.0 131.0131801998359,31.22265280854017,0.0 131.01318225605294,31.222653078824543,0.0 131.0131843118415,31.22265334912594,0.0 131.01318636718045,31.222653619449066,0.0 131.01318842206143,31.22265388976277,0.0 131.01319047647797,31.22265416003032,0.0 131.0131925304239,31.22265443021406,0.0 131.0131945838935,31.222654700275715,0.0 131.0131966368811,31.22265497017639,0.0 131.01319868938182,31.222655239876755,0.0 131.01320074139088,31.22265550933724,0.0 131.01320279290402,31.22265577851815,0.0 131.0132048439174,31.222656047379825,0.0 131.0132068944276,31.22265631588281,0.0</coordinates>
            </LineString>
        </Placemark>
    </Document>
</kml>
