extrema_type,extrema_value,time,thrust,acceleration,dynamic_pressure,angle_of_attack_gust,angle_of_attack_total,true_velocity,altitude,temperature,pressure,latitude,longitude,lat_m,long_m,range_m,landing_range
initial_point,3.000000,0.000000,2.282812,0.000000,0.000000,90.000000,0.000000,0.000000,3.000000,14.980500,1012.889649,31.222216,131.010392,0.000000,0.000000,0.000000,-1285779.124571
launch_clear,7.810603,0.540000,349.270324,28.247963,213.550598,26.072569,4.383333,18.679207,7.810603,14.949231,1012.312031,31.222207,131.010410,-0.973402,1.719037,1.975500,-1285778.885395
max_speed,53.515659,2.490000,76.093749,7.695609,1741.333237,9.377022,0.630648,53.515659,76.431827,14.503193,1004.101548,31.222058,131.010758,-17.510114,34.883318,39.031423,-1285772.468339
max_dynamic_pressure,1741.333237,2.490000,76.093749,7.695609,1741.333237,9.377022,0.630648,53.515659,76.431827,14.503193,1004.101548,31.222058,131.010758,-17.510114,34.883318,39.031423,-1285772.468339
max_acceleration,341.568303,16.460000,0.000000,341.568303,255.685909,22.578802,1.198101,20.432165,0.756773,14.995081,1013.159089,31.220865,131.013536,-149.784164,299.583589,334.943128,-1285721.512506
max_qbar_atan_aoa,1030830.236750,2.780000,35.003127,5.656460,1709.951978,10.521571,1.332264,53.063836,89.204029,14.420174,1002.579333,31.222025,131.010841,-21.159606,42.736319,47.687793,-1285770.734862
max_altitude,188.920251,7.280000,0.000000,1.824523,552.751431,16.866167,0.339599,30.314950,188.920251,13.772018,990.759086,31.221500,131.012161,-79.411285,168.517114,186.291127,-1285742.814016
final_point,0.041140,16.520000,0.000000,117.552477,30.279967,55.370718,6.252980,7.031108,0.041140,14.999733,1013.245058,31.220865,131.013536,-149.842470,299.589105,334.974140,-1285721.556121
parachute_deploy,1.000000,11.340000,0.000000,15.256961,672.422862,15.280808,0.188636,33.314906,113.645260,14.261306,999.671589,31.221052,131.013258,-129.031919,273.048675,302.002862,-1285720.592352
max_thrust,855.293775,0.070000,855.293775,81.127089,2.684714,76.931042,3.728578,2.093908,3.035126,14.980272,1012.885431,31.222216,131.010392,-0.007118,0.012571,0.014446,-1285779.122822
initial_point,3.000000,0.000000,2.282812,0.000000,0.000000,90.000000,0.000000,0.000000,3.000000,14.980500,1012.889649,31.222216,131.010392,0.000000,0.000000,0.000000,-1285779.124571
launch_clear,7.810603,0.540000,349.270324,28.247963,213.550598,26.072569,4.383333,18.679207,7.810603,14.949231,1012.312031,31.222207,131.010410,-0.973402,1.719037,1.975500,-1285778.885395
max_speed,53.770607,2.490000,76.093749,11.370550,1757.995552,9.192021,0.647850,53.770607,76.245920,14.504402,1004.123719,31.222074,131.010768,-15.749459,35.825918,39.134944,-1285770.492207
max_dynamic_pressure,1757.995552,2.490000,76.093749,11.370550,1757.995552,9.192021,0.647850,53.770607,76.245920,14.504402,1004.123719,31.222074,131.010768,-15.749459,35.825918,39.134944,-1285770.492207
max_acceleration,360.804767,16.370000,0.000000,360.804767,278.862032,22.757745,0.959772,21.338134,0.792752,14.994847,1013.154767,31.221027,131.013614,-131.831010,307.018232,334.126907,-1285702.655260
max_qbar_atan_aoa,1121217.589150,2.780000,35.003127,5.713315,1728.592861,11.320733,1.997569,53.351633,88.949034,14.421831,1002.609705,31.222047,131.010854,-18.769752,44.010254,47.845684,-1285768.055807
max_altitude,187.373658,7.250000,0.000000,1.843875,587.150787,16.943662,0.915207,31.241679,187.373658,13.782071,990.941552,31.221619,131.012222,-66.180952,174.369738,186.507144,-1285728.695635
final_point,0.051040,16.430000,0.000000,117.520848,34.073605,53.804112,5.608448,7.458566,0.051040,14.999668,1013.243868,31.221026,131.013614,-131.928018,307.015203,334.162412,-1285702.735079
parachute_deploy,1.000000,11.310000,0.000000,15.500765,680.102420,15.002654,0.123250,33.502221,112.165964,14.270921,999.847384,31.221246,131.013362,-107.539890,283.013449,302.757755,-1285697.385435
max_thrust,855.293775,0.070000,855.293775,81.127089,2.684714,76.931042,3.728578,2.093908,3.035126,14.980272,1012.885431,31.222216,131.010392,-0.007118,0.012571,0.014446,-1285779.122822
initial_point,3.000000,0.000000,2.282812,0.000000,0.000000,90.000000,0.000000,0.000000,3.000000,14.980500,1012.889649,31.222216,131.010392,0.000000,0.000000,0.000000,-1285779.124571
launch_clear,7.810603,0.540000,349.270324,28.247963,213.550598,26.072569,4.383333,18.679207,7.810603,14.949231,1012.312031,31.222207,131.010410,-0.973402,1.719037,1.975500,-1285778.885395
max_speed,54.188425,2.490000,76.093749,15.713293,1785.473998,9.079105,0.613780,54.188425,75.944958,14.506358,1004.159611,31.222090,131.010777,-13.992628,36.705766,39.282423,-1285768.556454
max_dynamic_pressure,1785.473998,2.490000,76.093749,15.713293,1785.473998,9.079105,0.613780,54.188425,75.944958,14.506358,1004.159611,31.222090,131.010777,-13.992628,36.705766,39.282423,-1285768.556454
max_acceleration,351.902635,16.230000,0.000000,351.902635,261.604893,21.751991,2.748094,20.667317,0.765870,14.995022,1013.157996,31.221191,131.013673,-113.674788,312.599938,332.628521,-1285684.735923
max_qbar_atan_aoa,1219394.785765,2.780000,35.003127,5.599720,1759.293267,12.097161,2.780979,53.822250,88.535870,14.424517,1002.658919,31.222068,131.010866,-16.385697,45.196160,48.074808,-1285765.433742
max_altitude,184.890008,7.210000,0.000000,1.145977,642.928235,17.075444,1.764398,32.688033,184.890008,13.798215,991.234628,31.221737,131.012273,-53.072077,179.269644,186.960992,-1285715.241214
final_point,0.038663,16.290000,0.000000,128.488496,36.667828,54.604106,5.428393,7.737285,0.038663,14.999749,1013.245355,31.221189,131.013673,-113.823484,312.574215,332.655198,-1285684.870799
parachute_deploy,1.000000,11.260000,0.000000,15.866298,692.134936,14.053575,1.010254,33.793507,109.842069,14.286027,1000.123601,31.221439,131.013449,-86.146899,291.231944,303.707141,-1285675.296044
max_thrust,855.293775,0.070000,855.293775,81.127089,2.684714,76.931042,3.728578,2.093908,3.035126,14.980272,1012.885431,31.222216,131.010392,-0.007118,0.012571,0.014446,-1285779.122822
initial_point,3.000000,0.000000,2.282812,0.000000,0.000000,90.000000,0.000000,0.000000,3.000000,14.980500,1012.889649,31.222216,131.010392,0.000000,0.000000,0.000000,-1285779.124571
launch_clear,7.810603,0.540000,349.270324,28.247963,213.550598,26.072569,4.383333,18.679207,7.810603,14.949231,1012.312031,31.222207,131.010410,-0.973402,1.719037,1.975500,-1285778.885395
max_speed,54.760847,2.560000,65.440626,18.882803,1822.933828,10.455008,1.125699,54.760847,78.575758,14.489258,1003.845900,31.222102,131.010808,-12.688608,39.598203,41.581491,-1285765.788446
max_dynamic_pressure,1823.436282,2.490000,76.093749,20.271789,1823.436282,9.088859,0.478784,54.760389,75.536318,14.509014,1004.208347,31.222105,131.010786,-12.254268,37.517874,39.468464,-1285766.675822
max_acceleration,367.346684,16.040000,0.000000,367.346684,282.575161,22.017630,1.115022,21.479742,0.809177,14.994740,1013.152794,31.221353,131.013711,-95.654096,316.283830,330.433164,-1285668.053503
max_qbar_atan_aoa,1325686.784879,2.770000,54.787503,3.452101,1803.294207,12.830740,3.589746,54.488582,87.553604,14.430902,1002.775928,31.222090,131.010875,-13.968272,45.978404,48.053398,-1285763.024798
max_altitude,181.568649,7.140000,0.000000,1.045142,718.754031,17.027087,2.529731,34.556374,181.568649,13.819804,991.626665,31.221854,131.012308,-40.171091,182.546870,186.914964,-1285702.918475
final_point,0.053541,16.100000,0.000000,147.190633,40.481334,51.409769,3.705338,8.129685,0.053541,14.999652,1013.243568,31.221351,131.013711,-95.857387,316.238900,330.449075,-1285668.243700
parachute_deploy,1.000000,11.190000,0.000000,16.318752,707.602473,13.092601,1.882748,34.164073,106.831539,14.305595,1000.481521,31.221627,131.013515,-65.265133,297.594080,304.667561,-1285654.721112
max_thrust,855.293775,0.070000,855.293775,81.127089,2.684714,76.931042,3.728578,2.093908,3.035126,14.980272,1012.885431,31.222216,131.010392,-0.007118,0.012571,0.014446,-1285779.122822
initial_point,3.000000,0.000000,2.282812,0.000000,0.000000,90.000000,0.000000,0.000000,3.000000,14.980500,1012.889649,31.222216,131.010392,0.000000,0.000000,0.000000,-1285779.124571
launch_clear,7.810603,0.540000,349.270324,28.247963,213.550598,26.072569,4.383333,18.679207,7.810603,14.949231,1012.312031,31.222207,131.010410,-0.973402,1.719037,1.975500,-1285778.885395
max_speed,55.496020,2.560000,65.440626,22.223401,1872.307648,10.961042,1.761878,55.496020,78.026522,14.492828,1003.911387,31.222118,131.010816,-10.841998,40.397653,41.827276,-1285763.828290
max_dynamic_pressure,1872.307648,2.560000,65.440626,22.223401,1872.307648,10.961042,1.761878,55.496020,78.026522,14.492828,1003.911387,31.222118,131.010816,-10.841998,40.397653,41.827276,-1285763.828290
max_acceleration,354.382697,15.810000,0.000000,354.382697,206.408509,22.403642,8.454880,18.357897,0.667376,14.995662,1013.169828,31.221512,131.013733,-78.082743,318.371999,327.808475,-1285652.680862
max_qbar_atan_aoa,1441226.978268,2.760000,57.070314,2.976922,1857.919826,13.538881,4.415422,55.304776,86.449701,14.438077,1002.907440,31.222111,131.010882,-11.639557,46.643989,48.074353,-1285760.756537
max_altitude,177.531126,7.050000,0.000000,3.956619,812.562058,16.521095,2.852879,36.735147,177.531126,13.846048,992.103403,31.221965,131.012328,-27.831446,184.431374,186.519733,-1285691.874990
final_point,-0.005535,15.870000,0.000000,128.922245,44.029304,48.232896,10.647352,8.478441,-0.005535,15.000036,1013.250665,31.221510,131.013733,-78.318880,318.299603,327.794505,-1285652.913799
parachute_deploy,1.000000,11.110000,0.000000,17.236905,726.621471,13.742268,1.060230,34.613728,102.969005,14.330701,1000.940889,31.221807,131.013565,-45.303786,302.349303,305.725248,-1285635.841488
max_thrust,855.293775,0.070000,855.293775,81.127089,2.684714,76.931042,3.728578,2.093908,3.035126,14.980272,1012.885431,31.222216,131.010392,-0.007118,0.012571,0.014446,-1285779.122822
initial_point,3.000000,0.000000,2.282812,0.000000,0.000000,90.000000,0.000000,0.000000,3.000000,14.980500,1012.889649,31.222216,131.010392,0.000000,0.000000,0.000000,-1285779.124571
launch_clear,7.810603,0.540000,349.270324,28.247963,213.550598,26.072569,4.383333,18.679207,7.810603,14.949231,1012.312031,31.222207,131.010410,-0.973402,1.719037,1.975500,-1285778.885395
max_speed,56.383488,2.620000,61.635938,18.197593,1932.322414,13.001546,3.993666,56.383488,79.889765,14.480717,1003.689240,31.222133,131.010843,-9.171354,43.016211,43.983062,-1285760.928275
max_dynamic_pressure,1932.322414,2.620000,61.635938,18.197593,1932.322414,13.001546,3.993666,56.383488,79.889765,14.480717,1003.689240,31.222133,131.010843,-9.171354,43.016211,43.983062,-1285760.928275
max_acceleration,375.805762,15.540000,0.000000,375.805762,258.825665,21.706697,3.711103,20.557235,0.759428,14.995064,1013.158770,31.221664,131.013737,-61.224741,318.706955,324.535333,-1285638.923946
max_qbar_atan_aoa,1566171.813020,2.740000,63.918753,2.326123,1922.250842,14.220233,5.240064,56.249733,84.835262,14.448571,1003.099800,31.222131,131.010884,-9.396868,46.869988,47.802708,-1285758.818761
max_altitude,172.913468,6.950000,0.000000,7.754371,921.994883,15.299308,2.421975,39.122007,172.913468,13.876062,992.648870,31.222069,131.012336,-16.287084,185.223319,185.938162,-1285682.120483
final_point,0.022852,15.600000,0.000000,152.785159,55.269925,42.345896,8.986750,9.499268,0.022852,14.999851,1013.247255,31.221661,131.013736,-61.506341,318.626425,324.509509,-1285639.198279
parachute_deploy,1.000000,11.010000,0.000000,17.531680,746.956071,15.813009,1.431783,35.087752,98.841480,14.357530,1001.431960,31.221977,131.013595,-26.469977,305.226080,306.372084,-1285618.985129
max_thrust,855.293775,0.070000,855.293775,81.127089,2.684714,76.931042,3.728578,2.093908,3.035126,14.980272,1012.885431,31.222216,131.010392,-0.007118,0.012571,0.014446,-1285779.122822
initial_point,3.000000,0.000000,2.282812,0.000000,0.000000,90.000000,0.000000,0.000000,3.000000,14.980500,1012.889649,31.222216,131.010392,0.000000,0.000000,0.000000,-1285779.124571
launch_clear,7.810603,0.540000,349.270324,28.247963,213.550598,26.072569,4.383333,18.679207,7.810603,14.949231,1012.312031,31.222207,131.010410,-0.973402,1.719037,1.975500,-1285778.885395
max_speed,57.390557,2.620000,61.635938,17.548441,2002.114625,13.919969,5.080654,57.390557,79.115233,14.485751,1003.781580,31.222150,131.010851,-7.317184,43.697704,44.306115,-1285759.032159
max_dynamic_pressure,2002.114625,2.620000,61.635938,17.548441,2002.114625,13.919969,5.080654,57.390557,79.115233,14.485751,1003.781580,31.222150,131.010851,-7.317184,43.697704,44.306115,-1285759.032159
max_acceleration,389.155959,15.250000,0.000000,389.155959,209.097044,26.717814,10.402561,18.477073,0.672049,14.995632,1013.169266,31.221807,131.013726,-45.343287,317.678884,320.899238,-1285626.762545
max_qbar_atan_aoa,1702560.591288,2.720000,47.939064,4.177582,1997.992544,14.872572,6.060844,57.342582,83.153597,14.459502,1003.300202,31.222150,131.010885,-7.308066,46.972315,47.537435,-1285757.078251
max_altitude,167.858646,6.840000,0.000000,11.309937,1044.790743,13.369040,1.225253,41.635689,167.858646,13.908919,993.246255,31.222165,131.012333,-5.657224,184.953727,185.040276,-1285673.732394
final_point,0.069106,15.300000,0.000000,296.407316,76.302169,43.999851,7.323930,11.161308,0.069106,14.999551,1013.241698,31.221805,131.013725,-45.590026,317.618281,320.874212,-1285626.996998
parachute_deploy,1.000000,10.900000,0.000000,18.336662,768.974440,16.204178,2.031413,35.593347,94.287387,14.387132,1001.974008,31.222135,131.013609,-8.988758,306.550285,306.682173,-1285604.139363
max_thrust,855.293775,0.070000,855.293775,81.127089,2.684714,76.931042,3.728578,2.093908,3.035126,14.980272,1012.885431,31.222216,131.010392,-0.007118,0.012571,0.014446,-1285779.122822
initial_point,3.000000,0.000000,2.282812,0.000000,0.000000,90.000000,0.000000,0.000000,3.000000,14.980500,1012.889649,31.222216,131.010392,0.000000,0.000000,0.000000,-1285779.124571
launch_clear,7.810603,0.540000,349.270324,28.247963,213.550598,26.072569,4.383333,18.679207,7.810603,14.949231,1012.312031,31.222207,131.010410,-0.973402,1.719037,1.975500,-1285778.885395
max_speed,58.505081,2.700000,61.635938,3.818545,2080.169521,15.509547,6.875186,58.505081,81.425538,14.470734,1003.506165,31.222167,131.010885,-5.377958,46.959090,47.266052,-1285755.534041
max_dynamic_pressure,2080.551463,2.620000,61.635938,15.144027,2080.551463,14.894579,6.236796,58.501569,78.268130,14.491257,1003.882579,31.222166,131.010857,-5.535559,44.297009,44.641556,-1285757.243236
max_acceleration,396.137942,14.930000,0.000000,396.137942,279.775887,24.773604,2.402925,21.373106,0.829892,14.994606,1013.150306,31.221942,131.013703,-30.426503,315.452220,316.916650,-1285616.089391
max_qbar_atan_aoa,1848905.238709,2.690000,70.006254,2.112563,2079.643465,15.516835,6.880151,58.496581,81.033741,14.473281,1003.552868,31.222167,131.010881,-5.399229,46.624415,46.936008,-1285755.750092
max_altitude,162.508115,6.730000,0.000000,13.586757,1178.418138,10.853605,0.654740,44.206777,162.508115,13.943697,993.878905,31.222252,131.012323,3.990974,184.001433,184.044675,-1285666.539559
final_point,0.044792,14.990000,0.000000,214.710224,74.757949,42.776667,14.888600,11.047775,0.044792,14.999709,1013.244619,31.221938,131.013702,-30.791852,315.340065,316.840315,-1285616.449871
parachute_deploy,1.000000,10.780000,0.000000,20.295490,791.746253,13.308699,0.720554,36.108233,89.517480,14.418136,1002.541998,31.222279,131.013608,7.017648,306.413961,306.494209,-1285591.347780
max_thrust,855.293775,0.070000,855.293775,81.127089,2.684714,76.931042,3.728578,2.093908,3.035126,14.980272,1012.885431,31.222216,131.010392,-0.007118,0.012571,0.014446,-1285779.122822
initial_point,3.000000,0.000000,2.282812,0.000000,0.000000,90.000000,0.000000,0.000000,3.000000,14.980500,1012.889649,31.222216,131.010392,0.000000,0.000000,0.000000,-1285779.124571
launch_clear,7.810603,0.540000,349.270324,28.247963,213.550598,26.072569,4.383333,18.679207,7.810603,14.949231,1012.312031,31.222207,131.010410,-0.973402,1.719037,1.975500,-1285778.885395
max_speed,54.315962,2.490000,76.093749,10.046452,1793.911918,9.355510,0.518245,54.315962,75.808592,14.507244,1004.175875,31.222048,131.010766,-18.625113,35.600203,40.177998,-1285772.938800
max_dynamic_pressure,1793.911918,2.490000,76.093749,10.046452,1793.911918,9.355510,0.518245,54.315962,75.808592,14.507244,1004.175875,31.222048,131.010766,-18.625113,35.600203,40.177998,-1285772.938800
max_acceleration,326.668747,16.180000,0.000000,326.668747,282.563563,22.714808,0.737290,21.479310,0.817145,14.994689,1013.151837,31.220793,131.013552,-157.736442,301.080258,339.899197,-1285727.018709
max_qbar_atan_aoa,1034088.120739,2.770000,54.787503,3.423964,1769.544960,10.199369,1.741419,53.977260,87.928248,14.428466,1002.731298,31.222013,131.010848,-22.524152,43.410300,48.905987,-1285771.431505
max_altitude,183.998717,7.190000,0.000000,0.941097,654.169325,15.700975,1.041376,32.971141,183.998717,13.804008,991.339819,31.221440,131.012184,-86.066470,170.715622,191.184464,-1285746.859360
final_point,0.060706,16.240000,0.000000,122.461799,32.911955,51.806971,1.228612,7.330326,0.060706,14.999605,1013.242707,31.220793,131.013552,-157.770458,301.067092,339.903323,-1285727.053891
parachute_deploy,1.000000,11.240000,0.000000,16.220087,695.399499,14.669542,0.846025,33.871915,109.109175,14.290790,1000.210725,31.220950,131.013305,-140.371529,277.538235,311.018753,-1285727.043961
max_thrust,855.293775,0.070000,855.293775,81.127089,2.684714,76.931042,3.728578,2.093908,3.035126,14.980272,1012.885431,31.222216,131.010392,-0.007118,0.012571,0.014446,-1285779.122822
initial_point,3.000000,0.000000,2.282812,0.000000,0.000000,90.000000,0.000000,0.000000,3.000000,14.980500,1012.889649,31.222216,131.010392,0.000000,0.000000,0.000000,-1285779.124571
launch_clear,7.810603,0.540000,349.270324,28.247963,213.550598,26.072569,4.383333,18.679207,7.810603,14.949231,1012.312031,31.222207,131.010410,-0.973402,1.719037,1.975500,-1285778.885395
max_speed,55.339903,2.560000,65.440626,13.269275,1861.787851,9.777336,0.870685,55.339903,78.029376,14.492809,1003.911047,31.222046,131.010804,-18.887521,39.286183,43.590657,-1285770.958700
max_dynamic_pressure,1861.787851,2.560000,65.440626,13.269275,1861.787851,9.777336,0.870685,55.339903,78.029376,14.492809,1003.911047,31.222046,131.010804,-18.887521,39.286183,43.590657,-1285770.958700
max_acceleration,320.468711,15.840000,0.000000,320.468711,224.229057,23.400491,2.209212,19.134003,0.703901,14.995425,1013.165440,31.220880,131.013644,-148.141092,309.814804,343.412793,-1285714.110725
max_qbar_atan_aoa,1132766.174876,2.760000,57.070314,2.536884,1845.387762,10.713466,2.541443,55.117973,86.462354,14.437995,1002.905933,31.222022,131.010867,-21.518776,45.279589,50.132855,-1285769.511860
max_altitude,178.015506,7.070000,0.000000,1.757516,782.788427,14.901427,1.718975,36.056689,178.015506,13.842899,992.046199,31.221498,131.012261,-79.621953,178.049292,195.042164,-1285737.317803
final_point,0.020172,15.900000,0.000000,106.960511,32.024784,53.124529,2.070245,7.230840,0.020172,14.999869,1013.247577,31.220879,131.013643,-148.189731,309.763969,343.387919,-1285714.180054
parachute_deploy,1.000000,11.120000,0.000000,17.053544,723.065065,14.260285,1.177715,34.529762,103.478076,14.327393,1000.880336,31.221038,131.013449,-130.585162,291.280284,319.214255,-1285711.006352
max_thrust,855.293775,0.070000,855.293775,81.127089,2.684714,76.931042,3.728578,2.093908,3.035126,14.980272,1012.885431,31.222216,131.010392,-0.007118,0.012571,0.014446,-1285779.122822
initial_point,3.000000,0.000000,2.282812,0.000000,0.000000,90.000000,0.000000,0.000000,3.000000,14.980500,1012.889649,31.222216,131.010392,0.000000,0.000000,0.000000,-1285779.124571
launch_clear,7.810603,0.540000,349.270324,28.247963,213.550598,26.072569,4.383333,18.679207,7.810603,14.949231,1012.312031,31.222207,131.010410,-0.973402,1.719037,1.975500,-1285778.885395
max_speed,56.508057,2.620000,61.635938,11.320352,1940.924630,10.727623,2.588434,56.508057,79.597445,14.482617,1003.724089,31.222045,131.010842,-18.918097,42.836240,46.827782,-1285768.872980
max_dynamic_pressure,1940.924630,2.620000,61.635938,11.320352,1940.924630,10.727623,2.588434,56.508057,79.597445,14.482617,1003.724089,31.222045,131.010842,-18.918097,42.836240,46.827782,-1285768.872980
max_acceleration,319.721666,15.470000,0.000000,319.721666,218.779284,23.420214,3.124229,18.900042,0.693811,14.995490,1013.166652,31.220967,131.013716,-138.532326,316.715430,345.689439,-1285702.281837
max_qbar_atan_aoa,1242039.344503,2.720000,47.939064,3.701692,1933.849789,11.209597,3.314354,56.416105,83.700291,14.455948,1003.235049,31.222034,131.010875,-20.152508,46.021976,50.240919,-1285767.971884
max_altitude,171.675247,6.930000,0.000000,5.335054,924.430022,13.805230,1.570228,39.171300,171.675247,13.884111,992.795177,31.221556,131.012317,-73.157608,183.456551,197.505888,-1285728.905300
final_point,-0.062151,15.540000,0.000000,127.762709,35.910323,50.407564,3.931508,7.656911,-0.062151,15.000404,1013.257466,31.220966,131.013715,-138.612863,316.603587,345.619265,-1285702.413077
parachute_deploy,1.000000,10.990000,0.000000,17.933249,751.440967,14.901348,0.752347,35.190761,97.559165,14.365865,1001.584563,31.221125,131.013569,-120.969165,302.724052,326.000680,-1285696.471656
max_thrust,855.293775,0.070000,855.293775,81.127089,2.684714,76.931042,3.728578,2.093908,3.035126,14.980272,1012.885431,31.222216,131.010392,-0.007118,0.012571,0.014446,-1285779.122822
initial_point,3.000000,0.000000,2.282812,0.000000,0.000000,90.000000,0.000000,0.000000,3.000000,14.980500,1012.889649,31.222216,131.010392,0.000000,0.000000,0.000000,-1285779.124571
launch_clear,7.810603,0.540000,349.270324,28.247963,213.550598,26.072569,4.383333,18.679207,7.810603,14.949231,1012.312031,31.222207,131.010410,-0.973402,1.719037,1.975500,-1285778.885395
max_speed,57.783127,2.620000,61.635938,10.217903,2029.710329,11.392988,3.641605,57.783127,78.542387,14.489474,1003.849879,31.222052,131.010859,-18.164861,44.498713,48.063511,-1285767.279029
max_dynamic_pressure,2029.710329,2.620000,61.635938,10.217903,2029.710329,11.392988,3.641605,57.783127,78.542387,14.489474,1003.849879,31.222052,131.010859,-18.164861,44.498713,48.063511,-1285767.279029
max_acceleration,316.877983,15.080000,0.000000,316.877983,279.785108,22.796652,0.697109,21.373456,0.827063,14.994624,1013.150645,31.221052,131.013770,-129.051418,321.904124,346.810904,-1285691.573168
max_qbar_atan_aoa,1362171.814504,2.700000,61.635938,1.918616,2027.099990,11.728274,4.118617,57.754826,81.735522,14.468719,1003.469217,31.222044,131.010887,-19.085569,47.179568,50.893758,-1285766.425796
max_altitude,165.131439,6.790000,0.000000,8.848434,1076.329624,12.304754,0.593286,42.253888,165.131439,13.926646,993.568681,31.221612,131.012360,-66.996393,187.559176,199.166224,-1285721.512005
final_point,0.057583,15.140000,0.000000,157.605430,47.547156,48.742767,3.501570,8.810665,0.057583,14.999626,1013.243082,31.221051,131.013769,-129.149336,321.761625,346.715104,-1285691.736605
parachute_deploy,1.000000,10.850000,0.000000,19.579819,779.827022,14.688842,0.891787,35.838945,91.568728,14.404803,1002.297708,31.221209,131.013665,-111.607387,311.883545,331.253053,-1285683.498973
max_thrust,855.293775,0.070000,855.293775,81.127089,2.684714,76.931042,3.728578,2.093908,3.035126,14.980272,1012.885431,31.222216,131.010392,-0.007118,0.012571,0.014446,-1285779.122822
initial_point,3.000000,0.000000,2.282812,0.000000,0.000000,90.000000,0.000000,0.000000,3.000000,14.980500,1012.889649,31.222216,131.010392,0.000000,0.000000,0.000000,-1285779.124571
launch_clear,7.810603,0.540000,349.270324,28.247963,213.550598,26.072569,4.383333,18.679207,7.810603,14.949231,1012.312031,31.222207,131.010410,-0.973402,1.719037,1.975500,-1285778.885395
max_speed,59.145203,2.700000,61.635938,6.687548,2126.122436,12.159547,4.813600,59.145203,80.524069,14.476594,1003.613623,31.222051,131.010905,-18.271020,48.857975,52.162593,-1285764.773071
max_dynamic_pressure,2126.343043,2.620000,61.635938,7.007062,2126.343043,12.109882,4.705111,59.139476,77.431373,14.496696,1003.982353,31.222059,131.010875,-17.416110,46.050306,49.233678,-1285765.754597
max_acceleration,318.766270,14.690000,0.000000,318.766270,205.695901,26.483518,7.201537,18.326185,0.673043,14.995625,1013.169147,31.221135,131.013811,-119.880825,325.757442,347.117460,-1285681.907681
max_qbar_atan_aoa,1491906.036421,2.660000,60.114064,2.038476,2124.961321,12.253716,4.901852,59.124673,78.984221,14.486603,1003.797200,31.222055,131.010890,-17.843423,47.449088,50.693269,-1285765.266723
max_altitude,158.522789,6.650000,0.000000,10.951058,1236.255486,10.649080,0.891487,45.269936,158.522789,13.969602,994.350345,31.221664,131.012391,-61.168891,190.437385,200.020603,-1285715.114836
final_point,0.079683,14.740000,0.000000,172.701394,53.709077,48.747460,5.443569,9.364201,0.079683,14.999482,1013.240427,31.221134,131.013809,-119.969241,325.621090,347.020058,-1285682.059822
parachute_deploy,1.000000,10.710000,0.000000,21.040165,808.381420,12.923379,1.775554,36.478283,85.352086,14.445211,1003.038218,31.221290,131.013742,-102.687968,319.157131,335.271660,-1285672.002856
max_thrust,855.293775,0.070000,855.293775,81.127089,2.684714,76.931042,3.728578,2.093908,3.035126,14.980272,1012.885431,31.222216,131.010392,-0.007118,0.012571,0.014446,-1285779.122822
initial_point,3.000000,0.000000,2.282812,0.000000,0.000000,90.000000,0.000000,0.000000,3.000000,14.980500,1012.889649,31.222216,131.010392,0.000000,0.000000,0.000000,-1285779.124571
launch_clear,7.810603,0.540000,349.270324,28.247963,213.550598,26.072569,4.383333,18.679207,7.810603,14.949231,1012.312031,31.222207,131.010410,-0.973402,1.719037,1.975500,-1285778.885395
max_speed,60.602027,2.700000,61.635938,14.451640,2232.421129,12.348177,5.217930,60.602027,79.264413,14.484781,1003.763794,31.222058,131.010921,-17.465368,50.416605,53.356137,-1285763.198701
max_dynamic_pressure,2232.421129,2.700000,61.635938,14.451640,2232.421129,12.348177,5.217930,60.602027,79.264413,14.484781,1003.763794,31.222058,131.010921,-17.465368,50.416605,53.356137,-1285763.198701
max_acceleration,350.113449,14.270000,0.000000,350.113449,276.939865,24.527124,3.198110,21.264491,0.817322,14.994687,1013.151816,31.221215,131.013844,-111.007913,328.942284,347.169877,-1285672.878883
max_qbar_atan_aoa,1632914.868305,2.630000,69.245314,1.607028,2228.985826,12.785968,5.686686,60.547780,76.654025,14.501749,1004.075050,31.222065,131.010894,-16.774501,47.855372,50.710198,-1285764.165648
max_altitude,151.965319,6.520000,0.000000,10.620554,1401.844765,9.121288,2.553747,48.191289,151.965319,14.012225,995.126447,31.221713,131.012413,-55.793306,192.542565,200.463784,-1285709.540561
final_point,0.053294,14.330000,0.000000,195.338935,57.952216,48.737491,6.522161,9.727054,0.053294,14.999654,1013.243598,31.221214,131.013842,-111.137591,328.738517,347.018324,-1285673.104274
parachute_deploy,1.000000,10.580000,0.000000,20.718449,836.910680,12.353925,2.618472,37.104643,78.767467,14.488011,1003.823042,31.221365,131.013803,-94.368368,325.043986,338.467027,-1285661.813280
max_thrust,855.293775,0.070000,855.293775,81.127089,2.684714,76.931042,3.728578,2.093908,3.035126,14.980272,1012.885431,31.222216,131.010392,-0.007118,0.012571,0.014446,-1285779.122822
initial_point,3.000000,0.000000,2.282812,0.000000,0.000000,90.000000,0.000000,0.000000,3.000000,14.980500,1012.889649,31.222216,131.010392,0.000000,0.000000,0.000000,-1285779.124571
launch_clear,7.810603,0.540000,349.270324,28.247963,213.550598,26.072569,4.383333,18.679207,7.810603,14.949231,1012.312031,31.222207,131.010410,-0.973402,1.719037,1.975500,-1285778.885395
max_speed,62.121715,2.770000,54.787503,33.380340,2345.522972,10.435976,3.146386,62.121715,80.437727,14.477155,1003.623916,31.222060,131.010964,-17.305200,54.545253,57.224641,-1285760.615675
max_dynamic_pressure,2345.564324,2.760000,57.070314,32.403053,2345.564324,10.714123,3.486795,62.121217,80.087745,14.479430,1003.665638,31.222061,131.010960,-17.214785,54.159686,56.829792,-1285760.772163
max_acceleration,357.949864,13.870000,0.000000,357.949864,263.164532,24.846649,4.677100,20.728847,0.779974,14.994930,1013.156302,31.221292,131.013862,-102.501810,330.655090,346.179828,-1285665.019922
max_qbar_atan_aoa,1783323.081269,2.600000,74.571875,2.804537,2335.154656,13.328821,6.463672,61.966156,74.363045,14.516640,1004.348286,31.222074,131.010897,-15.765017,48.075577,50.594469,-1285763.222983
max_altitude,145.548759,6.380000,0.000000,8.662066,1572.419841,8.049065,3.808945,51.023310,145.548759,14.053933,995.886346,31.221759,131.012420,-50.673986,193.268197,199.801473,-1285704.992338
final_point,0.029532,13.930000,0.000000,231.195473,66.316742,43.638060,9.343611,10.405367,0.029532,14.999808,1013.246452,31.221290,131.013860,-102.650699,330.409847,345.989735,-1285665.285413
parachute_deploy,1.000000,10.440000,0.000000,21.076721,863.099815,13.803222,0.366355,37.669738,72.704108,14.527423,1004.546178,31.221436,131.013846,-86.469721,329.063407,340.236135,-1285653.072076
max_thrust,855.293775,0.070000,855.293775,81.127089,2.684714,76.931042,3.728578,2.093908,3.035126,14.980272,1012.885431,31.222216,131.010392,-0.007118,0.012571,0.014446,-1285779.122822
initial_point,3.000000,0.000000,2.282812,0.000000,0.000000,90.000000,0.000000,0.000000,3.000000,14.980500,1012.889649,31.222216,131.010392,0.000000,0.000000,0.000000,-1285779.124571
launch_clear,7.810603,0.540000,349.270324,28.247963,213.550598,26.072569,4.383333,18.679207,7.810603,14.949231,1012.312031,31.222207,131.010410,-0.973402,1.719037,1.975500,-1285778.885395
max_speed,63.704345,2.780000,35.003127,41.449931,2466.813129,8.956693,1.518080,63.704345,79.352738,14.484207,1003.753264,31.222067,131.010983,-16.554136,56.356099,58.737163,-1285758.935277
max_dynamic_pressure,2466.813129,2.780000,35.003127,41.449931,2466.813129,8.956693,1.518080,63.704345,79.352738,14.484207,1003.753264,31.222067,131.010983,-16.554136,56.356099,58.737163,-1285758.935277
max_acceleration,343.149519,13.510000,0.000000,343.149519,83.384103,36.569096,10.975518,11.667777,0.061836,14.999598,1013.242571,31.221363,131.013878,-94.544494,332.161219,345.355943,-1285657.725164
max_qbar_atan_aoa,1944714.844454,2.560000,65.440626,2.151899,2446.477012,13.873695,7.223596,63.418085,71.768456,14.533505,1004.657804,31.222083,131.010893,-14.732112,47.741719,49.963087,-1285762.590843
max_altitude,139.336788,6.260000,0.000000,4.001072,1745.135847,7.331826,4.812352,53.736464,139.336788,14.094311,996.622464,31.221800,131.012426,-46.084988,193.821523,199.225434,-1285700.973015
final_point,0.061836,13.510000,0.000000,343.149519,83.384103,36.569096,10.975518,11.667777,0.061836,14.999598,1013.242571,31.221363,131.013878,-94.544494,332.161219,345.355943,-1285657.725164
parachute_deploy,1.000000,10.320000,0.000000,22.366585,889.519338,15.417415,2.947650,38.229868,66.143199,14.570069,1005.329127,31.221501,131.013880,-79.239301,332.338264,341.655410,-1285645.310789
max_thrust,855.293775,0.070000,855.293775,81.127089,2.684714,76.931042,3.728578,2.093908,3.035126,14.980272,1012.885431,31.222216,131.010392,-0.007118,0.012571,0.014446,-1285779.122822
initial_point,3.000000,0.000000,2.282812,0.000000,0.000000,90.000000,0.000000,0.000000,3.000000,14.980500,1012.889649,31.222216,131.010392,0.000000,0.000000,0.000000,-1285779.124571
launch_clear,7.810603,0.540000,349.270324,28.247963,213.550598,26.072569,4.383333,18.679207,7.810603,14.949231,1012.312031,31.222207,131.010410,-0.973402,1.719037,1.975500,-1285778.885395
max_speed,54.640320,2.490000,76.093749,10.846378,1815.445411,9.351008,0.440065,54.640320,75.555690,14.508888,1004.206036,31.222035,131.010762,-20.104982,35.301336,40.625079,-1285774.306477
max_dynamic_pressure,1815.445411,2.490000,76.093749,10.846378,1815.445411,9.351008,0.440065,54.640320,75.555690,14.508888,1004.206036,31.222035,131.010762,-20.104982,35.301336,40.625079,-1285774.306477
max_acceleration,353.051982,16.070000,0.000000,353.051982,279.161141,22.863115,0.347741,21.349576,0.794212,14.994838,1013.154592,31.220677,131.013499,-170.679837,296.052421,341.730981,-1285740.416527
max_qbar_atan_aoa,985983.830288,2.330000,148.382810,9.668583,1790.579757,9.610666,1.963566,54.246580,68.558337,14.554371,1005.040858,31.222057,131.010718,-17.674273,31.044408,35.723057,-1285774.882373
max_altitude,182.045760,7.150000,0.000000,0.474370,694.997254,14.886382,1.246838,33.981266,182.045760,13.816703,991.570341,31.221351,131.012148,-95.859294,167.290706,192.809334,-1285756.770382
final_point,0.052885,16.130000,0.000000,120.616405,32.050058,51.257480,2.900994,7.233704,0.052885,14.999656,1013.243647,31.220677,131.013499,-170.675506,296.040957,341.718885,-1285740.419856
parachute_deploy,1.000000,11.200000,0.000000,16.503977,704.360441,14.836250,1.176018,34.086498,107.307431,14.302502,1000.424936,31.220802,131.013251,-156.744011,272.457823,314.329533,-1285743.230778
max_thrust,855.293775,0.070000,855.293775,81.127089,2.684714,76.931042,3.728578,2.093908,3.035126,14.980272,1012.885431,31.222216,131.010392,-0.007118,0.012571,0.014446,-1285779.122822
initial_point,3.000000,0.000000,2.282812,0.000000,0.000000,90.000000,0.000000,0.000000,3.000000,14.980500,1012.889649,31.222216,131.010392,0.000000,0.000000,0.000000,-1285779.124571
launch_clear,7.810603,0.540000,349.270324,28.247963,213.550598,26.072569,4.383333,18.679207,7.810603,14.949231,1012.312031,31.222207,131.010410,-0.973402,1.719037,1.975500,-1285778.885395
max_speed,55.976785,2.620000,61.635938,10.318527,1904.522126,9.321282,1.923998,55.976785,80.023695,14.479846,1003.673273,31.222008,131.010816,-23.041234,40.372452,46.484803,-1285773.653135
max_dynamic_pressure,1904.765541,2.560000,65.440626,13.527637,1904.765541,9.187029,1.148844,55.973586,77.506168,14.496210,1003.973434,31.222017,131.010798,-22.048970,38.639123,44.487549,-1285773.885583
max_acceleration,309.142706,15.630000,0.000000,309.142706,216.076680,25.598285,0.576827,18.782939,0.690352,14.995513,1013.167068,31.220653,131.013543,-173.346827,300.271835,346.718591,-1285740.053933
max_qbar_atan_aoa,1036005.473230,2.750000,60.875001,1.882279,1892.098659,9.556429,2.709273,55.808361,85.407188,14.444853,1003.031652,31.221989,131.010856,-25.223605,44.183747,50.876699,-1285773.142477
max_altitude,174.445480,6.990000,0.000000,3.336688,859.585739,13.507624,1.605520,37.777528,174.445480,13.866104,992.467872,31.221330,131.012189,-98.263637,171.211181,197.406394,-1285756.373759
final_point,-0.052832,15.700000,0.000000,85.263561,26.304955,53.581370,6.231276,6.553343,-0.052832,15.000343,1013.256347,31.220653,131.013543,-173.316087,300.213112,346.652364,-1285740.064108
parachute_deploy,1.000000,11.050000,0.000000,17.573663,739.337059,14.449550,0.249747,34.910357,100.039902,14.349741,1001.289358,31.220753,131.013346,-162.169423,281.479844,324.855421,-1285742.232370
max_thrust,855.293775,0.070000,855.293775,81.127089,2.684714,76.931042,3.728578,2.093908,3.035126,14.980272,1012.885431,31.222216,131.010392,-0.007118,0.012571,0.014446,-1285779.122822
initial_point,3.000000,0.000000,2.282812,0.000000,0.000000,90.000000,0.000000,0.000000,3.000000,14.980500,1012.889649,31.222216,131.010392,0.000000,0.000000,0.000000,-1285779.124571
launch_clear,7.810603,0.540000,349.270324,28.247963,213.550598,26.072569,4.383333,18.679207,7.810603,14.949231,1012.312031,31.222207,131.010410,-0.973402,1.719037,1.975500,-1285778.885395
max_speed,57.427883,2.620000,61.635938,9.637463,2004.780550,9.379873,2.984300,57.427883,78.800119,14.487799,1003.819149,31.222000,131.010831,-23.899274,41.807959,48.156876,-1285773.489794
max_dynamic_pressure,2004.780550,2.620000,61.635938,9.637463,2004.780550,9.379873,2.984300,57.427883,78.800119,14.487799,1003.819149,31.222000,131.010831,-23.899274,41.807959,48.156876,-1285773.489794
max_acceleration,329.653192,15.180000,0.000000,329.653192,244.359226,24.298623,1.930030,19.974457,0.739372,14.995194,1013.161179,31.220636,131.013572,-175.150852,303.040235,350.018188,-1285739.859620
max_qbar_atan_aoa,1097850.088779,2.710000,58.592187,2.096321,2000.515799,9.578079,3.491811,57.376746,82.416647,14.464292,1003.388033,31.221986,131.010860,-25.484158,44.571033,51.342225,-1285773.121779
max_altitude,166.812099,6.830000,0.000000,7.336898,1032.093281,12.324938,0.836972,41.379827,166.812099,13.915721,993.369974,31.221315,131.012217,-99.950840,173.912244,200.588948,-1285756.125197
final_point,0.025136,15.240000,0.000000,115.932970,40.004151,48.946450,3.532729,8.081617,0.025136,14.999837,1013.246980,31.220637,131.013572,-175.106554,302.960347,349.926853,-1285739.871469
parachute_deploy,1.000000,10.890000,0.000000,19.081955,772.760289,14.207127,1.038467,35.678611,92.978805,14.395638,1002.129805,31.220715,131.013419,-166.369409,288.412846,332.959553,-1285741.489970
max_thrust,855.293775,0.070000,855.293775,81.127089,2.684714,76.931042,3.728578,2.093908,3.035126,14.980272,1012.885431,31.222216,131.010392,-0.007118,0.012571,0.014446,-1285779.122822
initial_point,3.000000,0.000000,2.282812,0.000000,0.000000,90.000000,0.000000,0.000000,3.000000,14.980500,1012.889649,31.222216,131.010392,0.000000,0.000000,0.000000,-1285779.124571
launch_clear,7.810603,0.540000,349.270324,28.247963,213.550598,26.072569,4.383333,18.679207,7.810603,14.949231,1012.312031,31.222207,131.010410,-0.973402,1.719037,1.975500,-1285778.885395
max_speed,58.944129,2.620000,61.635938,6.627027,2112.298399,9.573458,4.057846,58.944129,77.532728,14.496037,1003.970267,31.221993,131.010845,-24.700334,43.146421,49.716441,-1285773.338322
max_dynamic_pressure,2112.298399,2.620000,61.635938,6.627027,2112.298399,9.573458,4.057846,58.944129,77.532728,14.496037,1003.970267,31.221993,131.010845,-24.700334,43.146421,49.716441,-1285773.338322
max_acceleration,329.688146,14.730000,0.000000,329.688146,240.054092,24.797389,4.495607,19.797715,0.734361,14.995227,1013.161781,31.220626,131.013590,-176.317281,304.744775,352.077713,-1285739.784753
max_qbar_atan_aoa,1170646.680138,2.680000,67.723440,2.584059,2110.932609,9.678963,4.261347,58.931680,79.865403,14.480875,1003.692144,31.221983,131.010865,-25.802504,45.065053,51.929117,-1285773.084110
max_altitude,159.277804,6.670000,0.000000,9.930313,1210.439608,11.405485,0.573602,44.796401,159.277804,13.964694,994.261017,31.221305,131.012234,-100.976862,175.491101,202.469130,-1285756.011914
final_point,0.023137,14.790000,0.000000,116.397172,51.968463,43.869321,6.052222,9.211188,0.023137,14.999850,1013.247220,31.220626,131.013589,-176.259911,304.640465,351.958694,-1285739.800602
parachute_deploy,1.000000,10.730000,0.000000,21.122432,805.247401,13.959168,1.269343,36.408527,85.937025,14.441409,1002.968522,31.220687,131.013474,-169.570561,293.649300,339.095082,-1285740.952533
max_thrust,855.293775,0.070000,855.293775,81.127089,2.684714,76.931042,3.728578,2.093908,3.035126,14.980272,1012.885431,31.222216,131.010392,-0.007118,0.012571,0.014446,-1285779.122822
initial_point,3.000000,0.000000,2.282812,0.000000,0.000000,90.000000,0.000000,0.000000,3.000000,14.980500,1012.889649,31.222216,131.010392,0.000000,0.000000,0.000000,-1285779.124571
launch_clear,7.810603,0.540000,349.270324,28.247963,213.550598,26.072569,4.383333,18.679207,7.810603,14.949231,1012.312031,31.222207,131.010410,-0.973402,1.719037,1.975500,-1285778.885395
max_speed,60.546639,2.700000,61.635938,13.086846,2228.351674,9.655826,4.608513,60.546639,79.220773,14.485065,1003.768997,31.221973,131.010886,-26.977243,47.052797,54.237838,-1285772.847175
max_dynamic_pressure,2228.351674,2.700000,61.635938,13.086846,2228.351674,9.655826,4.608513,60.546639,79.220773,14.485065,1003.768997,31.221973,131.010886,-26.977243,47.052797,54.237838,-1285772.847175
max_acceleration,328.027471,14.270000,0.000000,328.027471,276.882465,23.125700,2.961365,21.262289,0.819059,14.994676,1013.151607,31.220618,131.013602,-177.127816,305.872882,353.460120,-1285739.766221
max_qbar_atan_aoa,1255776.314345,2.640000,66.201567,3.173020,2226.134177,9.845512,5.023733,60.510003,76.985924,14.499591,1004.035471,31.221983,131.010865,-25.826441,45.052169,51.929837,-1285773.111018
max_altitude,151.947033,6.520000,0.000000,10.075166,1392.481282,10.853120,2.158941,48.030033,151.947033,14.012344,995.128611,31.221300,131.012243,-101.589667,176.375921,203.541706,-1285755.978830
final_point,0.057855,14.330000,0.000000,116.952437,53.033638,43.697612,3.582894,9.305123,0.057855,14.999624,1013.243050,31.220619,131.013601,-177.058629,305.743946,353.313869,-1285739.787201
parachute_deploy,1.000000,10.580000,0.000000,20.829716,836.732704,13.836633,2.475526,37.100680,78.757405,14.488077,1003.824242,31.220664,131.013516,-172.058380,297.680463,343.830179,-1285740.557706
max_thrust,855.293775,0.070000,855.293775,81.127089,2.684714,76.931042,3.728578,2.093908,3.035126,14.980272,1012.885431,31.222216,131.010392,-0.007118,0.012571,0.014446,-1285779.122822
initial_point,3.000000,0.000000,2.282812,0.000000,0.000000,90.000000,0.000000,0.000000,3.000000,14.980500,1012.889649,31.222216,131.010392,0.000000,0.000000,0.000000,-1285779.124571
launch_clear,7.810603,0.540000,349.270324,28.247963,213.550598,26.072569,4.383333,18.679207,7.810603,14.949231,1012.312031,31.222207,131.010410,-0.973402,1.719037,1.975500,-1285778.885395
max_speed,62.195746,2.770000,54.787503,30.848509,2351.161166,8.722449,2.663008,62.195746,80.241159,14.478432,1003.647349,31.221953,131.010924,-29.127580,50.735910,58.502612,-1285772.386975
max_dynamic_pressure,2351.229771,2.720000,47.939064,25.273560,2351.229771,9.249876,4.095809,62.191412,78.488496,14.489825,1003.856304,31.221962,131.010906,-28.123031,48.991318,56.489473,-1285772.616222
max_acceleration,320.705206,13.830000,0.000000,320.705206,220.394971,26.455335,7.811151,18.969709,0.700871,14.995444,1013.165804,31.220616,131.013605,-177.441700,306.177283,353.880862,-1285739.837766
max_qbar_atan_aoa,1352326.802311,2.600000,74.571875,3.571107,2341.109677,10.081781,5.780416,62.044599,74.189082,14.517771,1004.369036,31.221984,131.010863,-25.743733,44.859481,51.721541,-1285773.159050
max_altitude,144.892881,6.370000,0.000000,8.083893,1577.244956,10.566263,3.424999,51.099921,144.892881,14.058196,995.964047,31.221299,131.012243,-101.670711,176.360722,203.569000,-1285756.053040
final_point,0.088537,13.880000,0.000000,137.773290,65.618985,40.780862,1.014382,10.350511,0.088537,14.999425,1013.239364,31.220616,131.013604,-177.371375,306.046362,353.732325,-1285739.859011
parachute_deploy,1.000000,10.430000,0.000000,21.172928,865.868356,13.390901,0.251462,37.728735,71.948352,14.532336,1004.636341,31.220649,131.013545,-173.765033,300.388142,347.028545,-1285740.321159
max_thrust,855.293775,0.070000,855.293775,81.127089,2.684714,76.931042,3.728578,2.093908,3.035126,14.980272,1012.885431,31.222216,131.010392,-0.007118,0.012571,0.014446,-1285779.122822
initial_point,3.000000,0.000000,2.282812,0.000000,0.000000,90.000000,0.000000,0.000000,3.000000,14.980500,1012.889649,31.222216,131.010392,0.000000,0.000000,0.000000,-1285779.124571
launch_clear,7.810603,0.540000,349.270324,28.247963,213.550598,26.072569,4.383333,18.679207,7.810603,14.949231,1012.312031,31.222207,131.010410,-0.973402,1.719037,1.975500,-1285778.885395
max_speed,63.896550,2.780000,35.003127,38.534238,2481.802100,8.171268,1.019745,63.896550,79.012951,14.486416,1003.793774,31.221945,131.010941,-30.067514,52.317419,60.342154,-1285772.202712
max_dynamic_pressure,2481.802100,2.780000,35.003127,38.534238,2481.802100,8.171268,1.019745,63.896550,79.012951,14.486416,1003.793774,31.221945,131.010941,-30.067514,52.317419,60.342154,-1285772.202712
max_acceleration,316.638424,13.380000,0.000000,316.638424,213.876584,26.713789,7.620691,18.687064,0.683374,14.995558,1013.167906,31.220612,131.013610,-177.807643,306.607098,354.436253,-1285739.876649
max_qbar_atan_aoa,1462035.880692,2.560000,65.440626,3.591888,2461.492477,10.366613,6.522869,63.611535,71.484073,14.535354,1004.691734,31.221985,131.010859,-25.564560,44.504483,51.324464,-1285773.225994
max_altitude,138.159593,6.230000,0.000000,4.138986,1763.202412,10.396583,4.342977,54.010840,138.159593,14.101963,996.762011,31.221301,131.012238,-101.475941,175.886334,203.060747,-1285756.178363
final_point,0.069364,13.430000,0.000000,166.641343,77.038115,39.553828,7.441757,11.215005,0.069364,14.999549,1013.241667,31.220613,131.013608,-177.716442,306.447915,354.252795,-1285739.897899
parachute_deploy,1.000000,10.300000,0.000000,23.043880,894.525299,13.480063,2.609999,38.334852,64.819981,14.578670,1005.487094,31.220637,131.013567,-175.120267,302.508502,349.542591,-1285740.151022
max_thrust,855.293775,0.070000,855.293775,81.127089,2.684714,76.931042,3.728578,2.093908,3.035126,14.980272,1012.885431,31.222216,131.010392,-0.007118,0.012571,0.014446,-1285779.122822
initial_point,3.000000,0.000000,2.282812,0.000000,0.000000,90.000000,0.000000,0.000000,3.000000,14.980500,1012.889649,31.222216,131.010392,0.000000,0.000000,0.000000,-1285779.124571
launch_clear,7.810603,0.540000,349.270324,28.247963,213.550598,26.072569,4.383333,18.679207,7.810603,14.949231,1012.312031,31.222207,131.010410,-0.973402,1.719037,1.975500,-1285778.885395
max_speed,65.613890,2.780000,35.003127,43.176696,2617.398352,7.945645,0.772226,65.613890,77.434709,14.496674,1003.981955,31.221939,131.010953,-30.745749,53.447859,61.660223,-1285772.076138
max_dynamic_pressure,2617.398352,2.780000,35.003127,43.176696,2617.398352,7.945645,0.772226,65.613890,77.434709,14.496674,1003.981955,31.221939,131.010953,-30.745749,53.447859,61.660223,-1285772.076138
max_acceleration,295.854172,12.960000,0.000000,295.854172,189.744213,27.960540,7.503698,17.601211,0.626828,14.995926,1013.174699,31.220614,131.013604,-177.577091,306.034721,353.825456,-1285740.031378
max_qbar_atan_aoa,1582581.728351,2.530000,79.898437,6.259796,2581.138207,10.701194,7.246034,65.132081,69.219046,14.550076,1004.962008,31.221986,131.010858,-25.503628,44.359150,51.168095,-1285773.263388
max_altitude,131.768377,6.100000,0.000000,1.989330,1949.503087,10.198112,4.852647,56.775134,131.768377,14.143506,997.519915,31.221304,131.012229,-101.072211,175.066728,202.149067,-1285756.340825
final_point,0.025384,13.010000,0.000000,274.276828,96.244830,38.555894,13.331889,12.535292,0.025384,14.999835,1013.246951,31.220615,131.013602,-177.476473,305.855596,353.620023,-1285740.056906
parachute_deploy,1.000000,10.160000,0.000000,27.117849,920.271950,13.116819,0.809641,38.870784,58.483485,14.619857,1006.243829,31.220632,131.013575,-175.666847,303.259406,350.466321,-1285740.144365
max_thrust,855.293775,0.070000,855.293775,81.127089,2.684714,76.931042,3.728578,2.093908,3.035126,14.980272,1012.885431,31.222216,131.010392,-0.007118,0.012571,0.014446,-1285779.122822
initial_point,3.000000,0.000000,2.282812,0.000000,0.000000,90.000000,0.000000,0.000000,3.000000,14.980500,1012.889649,31.222216,131.010392,0.000000,0.000000,0.000000,-1285779.124571
launch_clear,7.810603,0.540000,349.270324,28.247963,213.550598,26.072569,4.383333,18.679207,7.810603,14.949231,1012.312031,31.222207,131.010410,-0.973402,1.719037,1.975500,-1285778.885395
max_speed,54.317420,2.490000,76.093749,10.036522,1794.008571,9.462924,0.515264,54.317420,75.806734,14.507256,1004.176096,31.222026,131.010751,-21.101285,34.162610,40.154084,-1285775.784551
max_dynamic_pressure,1794.008571,2.490000,76.093749,10.036522,1794.008571,9.462924,0.515264,54.317420,75.806734,14.507256,1004.176096,31.222026,131.010751,-21.101285,34.162610,40.154084,-1285775.784551
max_acceleration,350.980202,16.180000,0.000000,350.980202,274.879664,23.763623,0.899150,21.185218,0.787528,14.994881,1013.155395,31.220579,131.013407,-181.477061,287.271473,339.794415,-1285754.318712
max_qbar_atan_aoa,1036176.684634,2.270000,35.003127,5.656268,1738.183719,10.404363,2.111152,53.440775,66.133845,14.570130,1005.330244,31.222058,131.010692,-17.530316,28.630088,33.570751,-1285776.201801
max_altitude,183.983346,7.190000,0.000000,0.926675,654.475706,14.887384,1.043736,32.978836,183.983346,13.804108,991.341633,31.221281,131.012076,-103.698923,160.473936,191.064398,-1285767.126660
final_point,0.050698,16.240000,0.000000,119.100431,31.556817,48.733749,3.231120,7.177825,0.050698,14.999670,1013.243909,31.220579,131.013407,-181.452471,287.291584,339.798286,-1285754.286983
parachute_deploy,1.000000,11.240000,0.000000,16.224083,695.525552,15.139353,0.851024,33.874937,109.079729,14.290982,1000.214225,31.220689,131.013128,-169.295254,260.729738,310.872920,-1285760.295129
max_thrust,855.293775,0.070000,855.293775,81.127089,2.684714,76.931042,3.728578,2.093908,3.035126,14.980272,1012.885431,31.222216,131.010392,-0.007118,0.012571,0.014446,-1285779.122822
initial_point,3.000000,0.000000,2.282812,0.000000,0.000000,90.000000,0.000000,0.000000,3.000000,14.980500,1012.889649,31.222216,131.010392,0.000000,0.000000,0.000000,-1285779.124571
launch_clear,7.810603,0.540000,349.270324,28.247963,213.550598,26.072569,4.383333,18.679207,7.810603,14.949231,1012.312031,31.222207,131.010410,-0.973402,1.719037,1.975500,-1285778.885395
max_speed,55.344508,2.560000,65.440626,13.179734,1862.099046,8.707196,0.896873,55.344508,78.022187,14.492856,1003.911904,31.221998,131.010772,-24.184939,36.209342,43.543435,-1285777.047564
max_dynamic_pressure,1862.099046,2.560000,65.440626,13.179734,1862.099046,8.707196,0.896873,55.344508,78.022187,14.492856,1003.911904,31.221998,131.010772,-24.184939,36.209342,43.543435,-1285777.047564
max_acceleration,303.279468,15.830000,0.000000,303.279468,281.832397,23.216239,0.458422,21.451516,0.830558,14.994601,1013.150226,31.220465,131.013362,-194.178053,283.020881,343.230844,-1285767.059686
max_qbar_atan_aoa,1131683.627773,2.240000,140.012509,7.414584,1782.754214,11.079264,2.953247,54.116725,64.258970,14.582317,1005.554074,31.222051,131.010687,-18.346973,28.071723,33.535569,-1285777.190422
max_altitude,177.968255,7.060000,0.000000,1.684923,783.844919,13.288811,1.720091,36.080931,177.968255,13.843206,992.051779,31.221194,131.012051,-113.272839,158.119352,194.506387,-1285776.225481
final_point,0.062886,15.890000,0.000000,124.668385,36.961977,49.581212,1.031405,7.768266,0.062886,14.999591,1013.242445,31.220465,131.013362,-194.099300,283.035144,343.198059,-1285766.987873
parachute_deploy,1.000000,11.120000,0.000000,17.065212,723.394334,15.010713,1.160094,34.537480,103.392108,14.327951,1000.890561,31.220535,131.013109,-186.383359,258.839041,318.963307,-1285775.161869
max_thrust,855.293775,0.070000,855.293775,81.127089,2.684714,76.931042,3.728578,2.093908,3.035126,14.980272,1012.885431,31.222216,131.010392,-0.007118,0.012571,0.014446,-1285779.122822
initial_point,3.000000,0.000000,2.282812,0.000000,0.000000,90.000000,0.000000,0.000000,3.000000,14.980500,1012.889649,31.222216,131.010392,0.000000,0.000000,0.000000,-1285779.124571
launch_clear,7.810603,0.540000,349.270324,28.247963,213.550598,26.072569,4.383333,18.679207,7.810603,14.949231,1012.312031,31.222207,131.010410,-0.973402,1.719037,1.975500,-1285778.885395
max_speed,56.517304,2.620000,61.635938,11.099555,1941.562931,7.837550,2.608361,56.517304,79.581147,14.482723,1003.726033,31.221970,131.010791,-27.272420,37.981876,46.759080,-1285778.476658
max_dynamic_pressure,1941.562931,2.620000,61.635938,11.099555,1941.562931,7.837550,2.608361,56.517304,79.581147,14.482723,1003.726033,31.221970,131.010791,-27.272420,37.981876,46.759080,-1285778.476658
max_acceleration,335.826360,15.460000,0.000000,335.826360,245.274037,26.283159,2.711890,20.011812,0.739071,14.995196,1013.161215,31.220365,131.013308,-205.259669,277.866097,345.459990,-1285779.035624
max_qbar_atan_aoa,1233410.137424,2.190000,153.709379,8.594403,1808.444018,11.903641,3.912499,54.498166,61.556616,14.599882,1005.876763,31.222048,131.010675,-18.636473,26.992253,32.800932,-1285778.064909
max_altitude,171.582975,6.930000,0.000000,5.405050,926.032913,12.256714,1.528285,39.205071,171.582975,13.884711,992.806081,31.221120,131.012022,-121.558440,155.320411,197.233777,-1285784.552358
final_point,0.023701,15.520000,0.000000,81.026919,40.375382,45.721804,5.601848,8.119028,0.023701,14.999846,1013.247153,31.220366,131.013308,-205.154851,277.879803,345.408746,-1285778.943178
parachute_deploy,1.000000,10.990000,0.000000,17.943091,752.022938,13.781899,0.782433,35.204107,97.394381,14.366937,1001.604174,31.220400,131.013078,-201.370834,255.956880,325.676818,-1285788.928453
max_thrust,855.293775,0.070000,855.293775,81.127089,2.684714,76.931042,3.728578,2.093908,3.035126,14.980272,1012.885431,31.222216,131.010392,-0.007118,0.012571,0.014446,-1285779.122822
initial_point,3.000000,0.000000,2.282812,0.000000,0.000000,90.000000,0.000000,0.000000,3.000000,14.980500,1012.889649,31.222216,131.010392,0.000000,0.000000,0.000000,-1285779.124571
launch_clear,7.810603,0.540000,349.270324,28.247963,213.550598,26.072569,4.383333,18.679207,7.810603,14.949231,1012.312031,31.222207,131.010410,-0.973402,1.719037,1.975500,-1285778.885395
max_speed,57.797853,2.620000,61.635938,9.866545,2030.750452,7.263596,3.659535,57.797853,78.514445,14.489656,1003.853210,31.221953,131.010792,-29.128944,38.125397,47.979634,-1285779.884249
max_dynamic_pressure,2030.750452,2.620000,61.635938,9.866545,2030.750452,7.263596,3.659535,57.797853,78.514445,14.489656,1003.853210,31.221953,131.010792,-29.128944,38.125397,47.979634,-1285779.884249
max_acceleration,346.628829,15.070000,0.000000,346.628829,263.806925,24.413543,2.530849,20.754124,0.772204,14.994981,1013.157235,31.220279,131.013247,-214.761002,271.984477,346.553534,-1285790.172555
max_qbar_atan_aoa,1347665.757167,2.170000,130.881252,6.766103,1869.405648,12.582183,4.807442,55.405275,60.118701,14.609228,1006.048499,31.222042,131.010671,-19.338502,26.608384,32.893541,-1285778.857625
max_altitude,164.984100,6.790000,0.000000,8.869878,1078.816775,11.847407,0.523655,42.302379,164.984100,13.927603,993.586103,31.221058,131.011986,-128.352745,151.878430,198.851114,-1285792.062139
final_point,0.033242,15.130000,0.000000,127.501205,49.289839,39.287368,5.960498,8.970664,0.033242,14.999784,1013.246007,31.220280,131.013247,-214.602651,271.997141,346.465366,-1285790.037673
parachute_deploy,1.000000,10.850000,0.000000,19.641856,780.686557,13.600224,0.816731,35.858240,91.306998,14.406505,1002.328876,31.220284,131.013039,-214.225819,252.167087,330.880998,-1285801.519402
max_thrust,855.293775,0.070000,855.293775,81.127089,2.684714,76.931042,3.728578,2.093908,3.035126,14.980272,1012.885431,31.222216,131.010392,-0.007118,0.012571,0.014446,-1285779.122822
initial_point,3.000000,0.000000,2.282812,0.000000,0.000000,90.000000,0.000000,0.000000,3.000000,14.980500,1012.889649,31.222216,131.010392,0.000000,0.000000,0.000000,-1285779.124571
launch_clear,7.810603,0.540000,349.270324,28.247963,213.550598,26.072569,4.383333,18.679207,7.810603,14.949231,1012.312031,31.222207,131.010410,-0.973402,1.719037,1.975500,-1285778.885395
max_speed,59.166985,2.700000,61.635938,7.190259,2127.698061,6.944528,4.777176,59.166985,80.478429,14.476890,1003.619064,31.221919,131.010816,-32.880176,40.362554,52.060031,-1285781.570912
max_dynamic_pressure,2127.855191,2.620000,61.635938,6.535028,2127.855191,6.833310,4.712475,59.160380,77.389003,14.496971,1003.987405,31.221937,131.010793,-30.885779,38.217537,49.137722,-1285781.242219
max_acceleration,333.511960,14.670000,0.000000,333.511960,228.789822,26.207140,6.460003,19.327623,0.714414,14.995356,1013.164177,31.220205,131.013181,-222.970513,265.719893,346.878085,-1285800.498115
max_qbar_atan_aoa,1466937.720305,2.150000,58.592187,5.045624,1927.867900,13.280419,5.705511,56.261078,58.685370,14.618545,1006.219711,31.222036,131.010667,-19.937445,26.198140,32.921810,-1285779.583125
max_altitude,158.313209,6.650000,0.000000,10.833703,1239.717844,11.976212,1.008645,45.332827,158.313209,13.970964,994.375142,31.221008,131.011947,-133.902868,148.125534,199.678318,-1285798.756143
final_point,0.008715,14.730000,0.000000,126.272176,51.029092,40.547600,11.510501,9.127552,0.008715,14.999943,1013.248953,31.220207,131.013181,-222.782435,265.724848,346.761016,-1285800.343906
parachute_deploy,1.000000,10.710000,0.000000,21.040562,809.507635,15.015469,1.871416,36.503032,84.980491,14.447627,1003.082495,31.220185,131.012993,-225.200949,247.835751,334.872125,-1285812.920317
max_thrust,855.293775,0.070000,855.293775,81.127089,2.684714,76.931042,3.728578,2.093908,3.035126,14.980272,1012.885431,31.222216,131.010392,-0.007118,0.012571,0.014446,-1285779.122822
initial_point,3.000000,0.000000,2.282812,0.000000,0.000000,90.000000,0.000000,0.000000,3.000000,14.980500,1012.889649,31.222216,131.010392,0.000000,0.000000,0.000000,-1285779.124571
launch_clear,7.810603,0.540000,349.270324,28.247963,213.550598,26.072569,4.383333,18.679207,7.810603,14.949231,1012.312031,31.222207,131.010410,-0.973402,1.719037,1.975500,-1285778.885395
max_speed,60.630686,2.700000,61.635938,15.033498,2234.546836,6.706815,5.150251,60.630686,79.200463,14.485197,1003.771418,31.221903,131.010816,-34.672224,40.406998,53.243723,-1285782.985554
max_dynamic_pressure,2234.546836,2.700000,61.635938,15.033498,2234.546836,6.706815,5.150251,60.630686,79.200463,14.485197,1003.771418,31.221903,131.010816,-34.672224,40.406998,53.243723,-1285782.985554
max_acceleration,345.848976,14.260000,0.000000,345.848976,238.694639,25.534009,7.968758,19.741575,0.732337,14.995240,1013.162024,31.220141,131.013112,-230.019412,259.175879,346.529268,-1285810.056301
max_qbar_atan_aoa,1596492.467478,2.120000,155.992185,10.166105,1985.861831,14.031213,6.639410,57.096070,56.878478,14.630290,1006.435579,31.222034,131.010660,-20.206375,25.524441,32.554507,-1285780.199860
max_altitude,151.688606,6.510000,0.000000,10.707514,1406.800868,12.379758,2.527158,48.275759,151.688606,14.014024,995.159207,31.220969,131.011905,-138.279900,144.126133,199.734688,-1285804.653260
final_point,0.008300,14.320000,0.000000,162.725203,63.470677,35.823163,12.405071,10.179629,0.008300,14.999946,1013.249003,31.220143,131.013112,-229.798415,259.182328,346.387437,-1285809.874729
parachute_deploy,1.000000,10.570000,0.000000,20.744954,837.372935,15.198439,2.594803,37.114664,78.641386,14.488831,1003.838075,31.220102,131.012943,-234.418365,243.106082,337.718600,-1285823.144311
max_thrust,855.293775,0.070000,855.293775,81.127089,2.684714,76.931042,3.728578,2.093908,3.035126,14.980272,1012.885431,31.222216,131.010392,-0.007118,0.012571,0.014446,-1285779.122822
initial_point,3.000000,0.000000,2.282812,0.000000,0.000000,90.000000,0.000000,0.000000,3.000000,14.980500,1012.889649,31.222216,131.010392,0.000000,0.000000,0.000000,-1285779.124571
launch_clear,7.810603,0.540000,349.270324,28.247963,213.550598,26.072569,4.383333,18.679207,7.810603,14.949231,1012.312031,31.222207,131.010410,-0.973402,1.719037,1.975500,-1285778.885395
max_speed,62.158653,2.770000,54.787503,33.638726,2348.333496,6.996133,3.011952,62.158653,80.347728,14.477740,1003.634645,31.221870,131.010836,-38.360341,42.293076,57.098394,-1285784.830172
max_dynamic_pressure,2348.360731,2.760000,57.070314,32.714147,2348.360731,6.883619,3.354195,62.157970,79.998471,14.480010,1003.676281,31.221873,131.010833,-38.072372,42.022437,56.704471,-1285784.759481
max_acceleration,347.972518,13.840000,0.000000,347.972518,254.414161,23.761132,5.894283,20.381295,0.763553,14.995037,1013.158274,31.220084,131.013044,-236.377591,252.694774,346.020877,-1285819.021584
max_qbar_atan_aoa,1734290.614974,2.100000,91.312500,6.602174,2058.169653,14.706796,7.515762,58.122348,55.482659,14.639363,1006.602362,31.222030,131.010655,-20.598704,25.071173,32.447982,-1285780.784790
max_altitude,145.201579,6.380000,0.000000,8.101134,1577.948627,12.853270,3.884810,51.112079,145.201579,14.056190,995.927475,31.220937,131.011863,-141.842309,140.200504,199.438429,-1285809.851408
final_point,0.019644,13.900000,0.000000,252.063061,68.563585,40.728910,10.689526,10.580163,0.019644,14.999872,1013.247640,31.220087,131.013044,-236.100040,252.698468,345.834029,-1285818.796164
parachute_deploy,1.000000,10.440000,0.000000,21.078358,864.671169,12.871292,0.575344,37.702895,72.087130,14.531434,1004.619784,31.220031,131.012893,-242.255669,238.312530,339.826393,-1285832.296305
max_thrust,855.293775,0.070000,855.293775,81.127089,2.684714,76.931042,3.728578,2.093908,3.035126,14.980272,1012.885431,31.222216,131.010392,-0.007118,0.012571,0.014446,-1285779.122822
initial_point,3.000000,0.000000,2.282812,0.000000,0.000000,90.000000,0.000000,0.000000,3.000000,14.980500,1012.889649,31.222216,131.010392,0.000000,0.000000,0.000000,-1285779.124571
launch_clear,7.810603,0.540000,349.270324,28.247963,213.550598,26.072569,4.383333,18.679207,7.810603,14.949231,1012.312031,31.222207,131.010410,-0.973402,1.719037,1.975500,-1285778.885395
max_speed,63.748668,2.780000,35.003127,41.459777,2470.274357,7.553702,1.368185,63.748668,79.237324,14.484957,1003.767023,31.221852,131.010838,-40.340435,42.510525,58.604627,-1285786.293194
max_dynamic_pressure,2470.274357,2.780000,35.003127,41.459777,2470.274357,7.553702,1.368185,63.748668,79.237324,14.484957,1003.767023,31.221852,131.010838,-40.340435,42.510525,58.604627,-1285786.293194
max_acceleration,344.958956,13.430000,0.000000,344.958956,238.913611,25.819090,7.825386,19.750626,0.729361,14.995259,1013.162382,31.220036,131.012975,-241.750582,246.142454,345.008467,-1285827.236841
max_qbar_atan_aoa,1877595.975119,2.070000,197.082811,15.277885,2114.565813,15.497381,8.462848,58.908375,53.752024,14.650612,1006.809183,31.222030,131.010648,-20.656535,24.369380,31.946209,-1285781.248475
max_altitude,138.917026,6.250000,0.000000,4.220549,1752.344834,13.099686,4.792478,53.846251,138.917026,14.097039,996.672222,31.220913,131.011821,-144.428464,136.133838,198.474828,-1285814.348279
final_point,0.086144,13.480000,0.000000,217.241802,89.756808,37.911836,9.598148,12.105444,0.086144,14.999440,1013.239651,31.220038,131.012975,-241.514726,246.149694,344.848408,-1285827.042849
parachute_deploy,1.000000,10.310000,0.000000,22.433104,890.532328,11.422065,2.940688,38.250917,65.755082,14.572592,1005.375459,31.219974,131.012840,-248.607013,233.257347,340.904270,-1285840.408690
max_thrust,855.293775,0.070000,855.293775,81.127089,2.684714,76.931042,3.728578,2.093908,3.035126,14.980272,1012.885431,31.222216,131.010392,-0.007118,0.012571,0.014446,-1285779.122822
initial_point,3.000000,0.000000,2.282812,0.000000,0.000000,90.000000,0.000000,0.000000,3.000000,14.980500,1012.889649,31.222216,131.010392,0.000000,0.000000,0.000000,-1285779.124571
launch_clear,7.810603,0.540000,349.270324,28.247963,213.550598,26.072569,4.383333,18.679207,7.810603,14.949231,1012.312031,31.222207,131.010410,-0.973402,1.719037,1.975500,-1285778.885395
max_speed,53.517817,2.490000,76.093749,7.686495,1741.474161,9.726698,0.623028,53.517817,76.429123,14.503211,1004.101871,31.222026,131.010737,-21.038889,32.834609,38.996776,-1285776.523801
max_dynamic_pressure,1741.474161,2.490000,76.093749,7.686495,1741.474161,9.726698,0.623028,53.517817,76.429123,14.503211,1004.101871,31.222026,131.010737,-21.038889,32.834609,38.996776,-1285776.523801
max_acceleration,324.384395,16.460000,0.000000,324.384395,229.233401,26.358974,1.430390,19.346349,0.713055,14.995365,1013.164341,31.220555,131.013326,-184.176286,279.578571,334.793143,-1285761.061405
max_qbar_atan_aoa,1039788.614788,2.270000,35.003127,5.567439,1690.514373,10.735037,1.694847,52.704059,66.599532,14.567103,1005.274655,31.222058,131.010682,-17.475352,27.628404,32.691251,-1285776.753052
max_altitude,188.897239,7.280000,0.000000,1.808079,553.208412,16.183768,0.354076,30.327445,188.897239,13.772168,990.761801,31.221268,131.012004,-105.120417,153.584165,186.114570,-1285772.364882
final_point,0.027850,16.520000,0.000000,114.629703,28.836771,53.170592,7.354466,6.861501,0.027850,14.999819,1013.246654,31.220555,131.013327,-184.155118,279.630309,334.824707,-1285761.013633
parachute_deploy,1.000000,11.340000,0.000000,15.264014,672.618047,14.967150,0.174809,33.319671,113.601415,14.261591,999.676799,31.220673,131.013001,-171.087506,248.608921,301.791872,-1285768.940022
max_thrust,855.293775,0.070000,855.293775,81.127089,2.684714,76.931042,3.728578,2.093908,3.035126,14.980272,1012.885431,31.222216,131.010392,-0.007118,0.012571,0.014446,-1285779.122822
initial_point,3.000000,0.000000,2.282812,0.000000,0.000000,90.000000,0.000000,0.000000,3.000000,14.980500,1012.889649,31.222216,131.010392,0.000000,0.000000,0.000000,-1285779.124571
launch_clear,7.810603,0.540000,349.270324,28.247963,213.550598,26.072569,4.383333,18.679207,7.810603,14.949231,1012.312031,31.222207,131.010410,-0.973402,1.719037,1.975500,-1285778.885395
max_speed,53.777483,2.490000,76.093749,11.336806,1758.446930,9.787888,0.620886,53.777483,76.235908,14.504467,1004.124913,31.222011,131.010725,-22.776108,31.744605,39.070107,-1285778.568711
max_dynamic_pressure,1758.446930,2.490000,76.093749,11.336806,1758.446930,9.787888,0.620886,53.777483,76.235908,14.504467,1004.124913,31.222011,131.010725,-22.776108,31.744605,39.070107,-1285778.568711
max_acceleration,307.892241,16.370000,0.000000,307.892241,198.430574,29.458590,3.380177,17.999616,0.658425,14.995720,1013.170903,31.220413,131.013198,-199.954138,267.361724,333.864202,-1285781.011232
max_qbar_atan_aoa,1136093.011537,2.240000,140.012509,6.646088,1690.099662,11.732186,2.402111,52.693872,65.129967,14.576655,1005.450086,31.222051,131.010667,-18.250150,26.161590,31.898243,-1285778.248041
max_altitude,187.299145,7.250000,0.000000,1.774941,588.500657,15.153305,0.944554,31.277458,187.299145,13.782556,990.950344,31.221161,131.011912,-117.009734,144.833599,186.194206,-1285787.127301
final_point,0.008301,16.430000,0.000000,105.798970,29.871078,47.412593,8.597510,6.983463,0.008301,14.999946,1013.249003,31.220413,131.013199,-199.905357,267.437844,333.895956,-1285780.926763
parachute_deploy,1.000000,11.310000,0.000000,15.521896,680.660601,15.109020,0.151724,33.515749,112.031204,14.271797,999.863400,31.220495,131.012854,-190.786809,234.612328,302.396343,-1285793.101376
max_thrust,855.293775,0.070000,855.293775,81.127089,2.684714,76.931042,3.728578,2.093908,3.035126,14.980272,1012.885431,31.222216,131.010392,-0.007118,0.012571,0.014446,-1285779.122822
initial_point,3.000000,0.000000,2.282812,0.000000,0.000000,90.000000,0.000000,0.000000,3.000000,14.980500,1012.889649,31.222216,131.010392,0.000000,0.000000,0.000000,-1285779.124571
launch_clear,7.810603,0.540000,349.270324,28.247963,213.550598,26.072569,4.383333,18.679207,7.810603,14.949231,1012.312031,31.222207,131.010410,-0.973402,1.719037,1.975500,-1285778.885395
max_speed,54.202476,2.490000,76.093749,15.637809,1786.403783,9.717414,0.564807,54.202476,75.923017,14.506500,1004.162228,31.221995,131.010713,-24.457346,30.624722,39.192315,-1285780.586365
max_dynamic_pressure,1786.403783,2.490000,76.093749,15.637809,1786.403783,9.717414,0.564807,54.202476,75.923017,14.506500,1004.162228,31.221995,131.010713,-24.457346,30.624722,39.192315,-1285780.586365
max_acceleration,335.615482,16.220000,0.000000,335.615482,227.989620,28.408323,4.482097,19.293790,0.710027,14.995385,1013.164704,31.220284,131.013058,-214.237476,253.995891,332.284398,-1285800.441932
max_qbar_atan_aoa,1239160.219959,2.240000,140.012509,7.098162,1714.613625,12.613586,3.236577,53.074076,64.907334,14.578102,1005.476665,31.222040,131.010658,-19.461093,25.362294,31.968442,-1285779.696942
max_altitude,184.737143,7.200000,0.000000,1.101628,645.723518,13.687634,1.760883,32.758774,184.737143,13.799209,991.252668,31.221063,131.011814,-127.796093,135.486849,186.249162,-1285801.357084
final_point,0.020212,16.280000,0.000000,113.176209,35.056432,41.164069,8.533218,7.565358,0.020212,14.999869,1013.247572,31.220285,131.013059,-214.144478,254.100774,332.304639,-1285800.304805
parachute_deploy,1.000000,11.260000,0.000000,15.901435,693.194292,15.836936,1.073897,33.818919,109.571983,14.287782,1000.155707,31.220332,131.012699,-208.912263,219.819375,303.258718,-1285816.470269
max_thrust,855.293775,0.070000,855.293775,81.127089,2.684714,76.931042,3.728578,2.093908,3.035126,14.980272,1012.885431,31.222216,131.010392,-0.007118,0.012571,0.014446,-1285779.122822
initial_point,3.000000,0.000000,2.282812,0.000000,0.000000,90.000000,0.000000,0.000000,3.000000,14.980500,1012.889649,31.222216,131.010392,0.000000,0.000000,0.000000,-1285779.124571
launch_clear,7.810603,0.540000,349.270324,28.247963,213.550598,26.072569,4.383333,18.679207,7.810603,14.949231,1012.312031,31.222207,131.010410,-0.973402,1.719037,1.975500,-1285778.885395
max_speed,54.785220,2.560000,65.440626,18.534678,1824.564106,8.101806,1.227971,54.785220,78.534641,14.489525,1003.850802,31.221967,131.010716,-27.644514,30.903343,41.463699,-1285782.983660
max_dynamic_pressure,1825.005925,2.490000,76.093749,20.127606,1825.005925,9.470856,0.423804,54.783853,75.497903,14.509264,1004.212928,31.221981,131.010701,-26.070564,29.485498,39.358239,-1285782.560820
max_acceleration,378.977908,16.020000,0.000000,378.977908,277.714128,24.024903,1.604848,21.294167,0.789772,14.994866,1013.155125,31.220170,131.012909,-226.806576,239.783257,330.058285,-1285818.997203
max_qbar_atan_aoa,1346257.145858,2.240000,140.012509,8.088016,1748.527308,13.437948,4.096041,53.595605,64.603670,14.580076,1005.512919,31.222030,131.010650,-20.628774,24.547256,32.064237,-1285781.120412
max_altitude,181.313356,7.130000,0.000000,1.133143,723.230670,12.155066,2.511444,34.663395,181.313356,13.821463,991.656803,31.220978,131.011712,-137.258779,125.742371,186.148656,-1285814.758777
final_point,0.046129,16.080000,0.000000,143.863369,39.881408,44.654052,3.434387,8.069217,0.046129,14.999700,1013.244458,31.220172,131.012910,-226.671272,239.934472,330.075227,-1285818.798518
parachute_deploy,1.000000,11.190000,0.000000,16.397265,709.256996,16.410659,1.856449,34.203259,106.387013,14.308484,1000.534380,31.220185,131.012539,-225.155709,204.542787,304.193589,-1285838.613010
max_thrust,855.293775,0.070000,855.293775,81.127089,2.684714,76.931042,3.728578,2.093908,3.035126,14.980272,1012.885431,31.222216,131.010392,-0.007118,0.012571,0.014446,-1285779.122822
initial_point,3.000000,0.000000,2.282812,0.000000,0.000000,90.000000,0.000000,0.000000,3.000000,14.980500,1012.889649,31.222216,131.010392,0.000000,0.000000,0.000000,-1285779.124571
launch_clear,7.810603,0.540000,349.270324,28.247963,213.550598,26.072569,4.383333,18.679207,7.810603,14.949231,1012.312031,31.222207,131.010410,-0.973402,1.719037,1.975500,-1285778.885395
max_speed,55.533247,2.620000,61.635938,16.721340,1874.372592,6.159106,3.112172,55.533247,80.510412,14.476682,1003.615251,31.221938,131.010715,-30.777126,30.799138,43.541029,-1285785.564657
max_dynamic_pressure,1874.757102,2.560000,65.440626,21.699935,1874.757102,7.323196,1.889977,55.532140,77.963094,14.493240,1003.918950,31.221952,131.010703,-29.302790,29.660159,41.693897,-1285785.056147
max_acceleration,348.087309,15.790000,0.000000,348.087309,195.042562,32.220604,8.872343,17.845280,0.646269,14.995799,1013.172363,31.220074,131.012755,-237.442062,225.107519,327.189960,-1285836.272595
max_qbar_atan_aoa,1457780.974325,2.220000,71.528128,5.425112,1768.838199,14.384062,5.063534,53.902808,63.376201,14.588055,1005.659477,31.222024,131.010637,-21.296046,23.367052,31.615531,-1285782.358561
max_altitude,177.153413,7.040000,0.000000,4.151541,819.014941,11.038852,2.786908,36.880052,177.153413,13.848503,992.148012,31.220906,131.011607,-145.223001,115.793712,185.736611,-1285827.076777
final_point,0.068610,15.840000,0.000000,180.379877,47.413993,44.207624,3.878866,8.798323,0.068610,14.999554,1013.241758,31.220076,131.012756,-237.299682,225.252216,327.186251,-1285836.072092
parachute_deploy,1.000000,11.100000,0.000000,17.279917,727.737740,15.275335,0.933045,34.639832,102.685338,14.332545,1000.974632,31.220058,131.012377,-239.296310,189.087874,304.988131,-1285859.170546
max_thrust,855.293775,0.070000,855.293775,81.127089,2.684714,76.931042,3.728578,2.093908,3.035126,14.980272,1012.885431,31.222216,131.010392,-0.007118,0.012571,0.014446,-1285779.122822
initial_point,3.000000,0.000000,2.282812,0.000000,0.000000,90.000000,0.000000,0.000000,3.000000,14.980500,1012.889649,31.222216,131.010392,0.000000,0.000000,0.000000,-1285779.124571
launch_clear,7.810603,0.540000,349.270324,28.247963,213.550598,26.072569,4.383333,18.679207,7.810603,14.949231,1012.312031,31.222207,131.010410,-0.973402,1.719037,1.975500,-1285778.885395
max_speed,56.434459,2.620000,61.635938,17.250920,1935.835407,5.052447,4.089847,56.434459,79.794237,14.481337,1003.700628,31.221923,131.010701,-32.443031,29.474203,43.832426,-1285787.691875
max_dynamic_pressure,1935.835407,2.620000,61.635938,17.250920,1935.835407,5.052447,4.089847,56.434459,79.794237,14.481337,1003.700628,31.221923,131.010701,-32.443031,29.474203,43.832426,-1285787.691875
max_acceleration,361.916338,15.510000,0.000000,361.916338,229.568241,28.657006,7.296963,19.360470,0.709309,14.995389,1013.164791,31.219993,131.012599,-246.478571,210.252975,323.973817,-1285852.368295
max_qbar_atan_aoa,1580320.913867,2.190000,153.709379,9.047752,1799.891540,15.324147,6.067617,54.369505,61.693588,14.598992,1005.860405,31.222021,131.010624,-21.614018,22.071014,30.891689,-1285783.384683
max_altitude,172.398230,6.940000,0.000000,7.980519,930.641449,10.712466,2.276012,39.304048,172.398230,13.879412,992.709748,31.220847,131.011504,-151.829892,105.996992,185.169761,-1285838.212919
final_point,0.085765,15.560000,0.000000,187.117442,65.895290,36.747617,8.670392,10.372279,0.085765,14.999443,1013.239697,31.219995,131.012601,-246.300403,210.431046,323.953931,-1285852.119175
parachute_deploy,1.000000,11.000000,0.000000,17.528307,748.808101,12.799073,1.565306,35.130346,98.321796,14.360908,1001.493803,31.219948,131.012217,-251.434513,173.877914,305.701758,-1285877.972108
max_thrust,855.293775,0.070000,855.293775,81.127089,2.684714,76.931042,3.728578,2.093908,3.035126,14.980272,1012.885431,31.222216,131.010392,-0.007118,0.012571,0.014446,-1285779.122822
initial_point,3.000000,0.000000,2.282812,0.000000,0.000000,90.000000,0.000000,0.000000,3.000000,14.980500,1012.889649,31.222216,131.010392,0.000000,0.000000,0.000000,-1285779.124571
launch_clear,7.810603,0.540000,349.270324,28.247963,213.550598,26.072569,4.383333,18.679207,7.810603,14.949231,1012.312031,31.222207,131.010410,-0.973402,1.719037,1.975500,-1285778.885395
max_speed,57.456441,2.620000,61.635938,16.295891,2006.738843,3.838167,5.174635,57.456441,78.986870,14.486585,1003.796884,31.221909,131.010688,-34.002936,28.161643,44.150655,-1285789.726498
max_dynamic_pressure,2006.738843,2.620000,61.635938,16.295891,2006.738843,3.838167,5.174635,57.456441,78.986870,14.486585,1003.796884,31.221909,131.010688,-34.002936,28.161643,44.150655,-1285789.726498
max_acceleration,406.316440,15.210000,0.000000,406.316440,270.585415,23.326884,2.073041,21.019080,0.781657,14.994919,1013.156100,31.219930,131.012444,-253.511689,195.509472,320.145358,-1285866.786806
max_qbar_atan_aoa,1709961.648563,2.170000,130.881252,6.913378,1844.698761,16.178501,7.031508,55.038690,60.407183,14.607353,1006.014043,31.222017,131.010612,-22.048847,21.003633,30.451686,-1285784.368848
max_altitude,167.195481,6.830000,0.000000,11.440633,1055.773254,11.207283,0.995490,41.852610,167.195481,13.913229,993.324651,31.220800,131.011405,-157.045329,96.474632,184.311499,-1285848.067003
final_point,0.029264,15.270000,0.000000,215.667657,64.603762,41.689507,9.863235,10.270101,0.029264,14.999810,1013.246484,31.219932,131.012446,-253.279840,195.748433,320.107869,-1285866.458325
parachute_deploy,1.000000,10.880000,0.000000,18.480028,770.491899,12.273862,1.907766,35.627744,93.876469,14.389803,1002.022929,31.219860,131.012060,-261.270873,158.928911,305.812843,-1285894.767364
max_thrust,855.293775,0.070000,855.293775,81.127089,2.684714,76.931042,3.728578,2.093908,3.035126,14.980272,1012.885431,31.222216,131.010392,-0.007118,0.012571,0.014446,-1285779.122822
initial_point,3.000000,0.000000,2.282812,0.000000,0.000000,90.000000,0.000000,0.000000,3.000000,14.980500,1012.889649,31.222216,131.010392,0.000000,0.000000,0.000000,-1285779.124571
launch_clear,7.810603,0.540000,349.270324,28.247963,213.550598,26.072569,4.383333,18.679207,7.810603,14.949231,1012.312031,31.222207,131.010410,-0.973402,1.719037,1.975500,-1285778.885395
max_speed,58.589911,2.700000,61.635938,5.002630,2086.241952,2.246146,6.811019,58.589911,81.247367,14.471892,1003.527403,31.221875,131.010686,-37.837529,28.052688,47.102386,-1285792.874810
max_dynamic_pressure,2086.393265,2.620000,61.635938,13.549407,2086.393265,2.596650,6.314114,58.583176,78.102718,14.492332,1003.902302,31.221896,131.010674,-35.453991,26.870573,44.486128,-1285791.660815
max_acceleration,392.377697,14.880000,0.000000,392.377697,200.190232,26.983462,12.819375,18.079247,0.656024,14.995736,1013.171192,31.219874,131.012293,-259.678813,181.128134,316.609058,-1285880.293646
max_qbar_atan_aoa,1847305.169824,2.170000,130.881252,9.336593,1909.476032,16.885029,7.899327,55.995353,59.905060,14.610617,1006.074017,31.222009,131.010605,-22.903757,20.269722,30.585039,-1285785.492583
max_altitude,161.691158,6.710000,0.000000,13.584505,1192.166140,12.192330,0.751752,44.462148,161.691158,13.949007,993.975531,31.220765,131.011309,-160.869433,87.329901,183.045356,-1285856.577749
final_point,0.057337,14.930000,0.000000,272.132626,82.447723,37.575076,13.330743,11.602077,0.057337,14.999627,1013.243112,31.219876,131.012295,-259.477568,181.327714,316.558302,-1285880.013183
parachute_deploy,1.000000,10.770000,0.000000,20.391292,794.988052,15.113973,1.178623,36.180256,88.469030,14.424951,1002.666880,31.219784,131.011912,-269.590861,144.857164,306.044715,-1285909.821752
max_thrust,855.293775,0.070000,855.293775,81.127089,2.684714,76.931042,3.728578,2.093908,3.035126,14.980272,1012.885431,31.222216,131.010392,-0.007118,0.012571,0.014446,-1285779.122822
initial_point,3.000000,0.000000,2.282812,0.000000,0.000000,90.000000,0.000000,0.000000,3.000000,14.980500,1012.889649,31.222216,131.010392,0.000000,0.000000,0.000000,-1285779.124571
launch_clear,7.810603,0.540000,349.270324,28.247963,213.550598,26.072569,4.383333,18.679207,7.810603,14.949231,1012.312031,31.222207,131.010410,-0.973402,1.719037,1.975500,-1285778.885395
max_speed,52.689551,2.490000,76.093749,4.266255,1687.882867,9.890536,0.586026,52.689551,77.073919,14.499020,1004.024978,31.222036,131.010729,-19.936017,32.093068,37.781103,-1285776.077748
max_dynamic_pressure,1687.882867,2.490000,76.093749,4.266255,1687.882867,9.890536,0.586026,52.689551,77.073919,14.499020,1004.024978,31.222036,131.010729,-19.936017,32.093068,37.781103,-1285776.077748
max_acceleration,314.027413,16.760000,0.000000,314.027413,210.311176,27.496978,2.323483,18.530645,0.679125,14.995586,1013.168417,31.220622,131.013305,-176.693745,277.525659,329.002224,-1285756.263560
max_qbar_atan_aoa,994758.240035,2.330000,148.382810,7.385894,1671.146263,10.389160,0.999800,52.409326,69.794613,14.546335,1004.893323,31.222058,131.010690,-17.525394,28.414224,33.384261,-1285776.326163
max_altitude,194.167187,7.380000,0.000000,1.723413,446.506134,18.380552,0.666689,27.253073,194.167187,13.737913,990.140260,31.221324,131.011976,-98.952703,150.892618,180.445099,-1285769.004612
final_point,0.017368,16.820000,0.000000,112.579104,27.328997,60.230876,7.682886,6.679707,0.017368,14.999887,1013.247914,31.220622,131.013305,-176.694847,277.588898,329.056162,-1285756.226863
parachute_deploy,1.000000,11.440000,0.000000,14.338913,646.633599,15.212811,0.319210,32.677681,118.655914,14.228737,999.076322,31.220771,131.012943,-160.244775,243.041247,291.115671,-1285763.528781
max_thrust,855.293775,0.070000,855.293775,81.127089,2.684714,76.931042,3.728578,2.093908,3.035126,14.980272,1012.885431,31.222216,131.010392,-0.007118,0.012571,0.014446,-1285779.122822
initial_point,3.000000,0.000000,2.282812,0.000000,0.000000,90.000000,0.000000,0.000000,3.000000,14.980500,1012.889649,31.222216,131.010392,0.000000,0.000000,0.000000,-1285779.124571
launch_clear,7.810603,0.540000,349.270324,28.247963,213.550598,26.072569,4.383333,18.679207,7.810603,14.949231,1012.312031,31.222207,131.010410,-0.973402,1.719037,1.975500,-1285778.885395
max_speed,52.108425,2.490000,76.093749,6.576781,1650.782857,10.272479,0.595052,52.108425,77.535240,14.496021,1003.969968,31.222030,131.010709,-20.593457,30.239795,36.586029,-1285777.708092
max_dynamic_pressure,1651.273226,2.410000,92.073441,5.421254,1651.273226,10.747927,0.990737,52.106938,73.853191,14.519954,1004.409102,31.222042,131.010692,-19.316347,28.561302,34.480005,-1285777.678899
max_acceleration,374.604382,16.970000,0.000000,374.604382,284.039107,23.068085,0.505204,21.535299,0.797487,14.994816,1013.154198,31.220542,131.013148,-185.583738,262.586084,321.549359,-1285772.291908
max_qbar_atan_aoa,1044826.364448,2.300000,28.915626,6.982517,1622.369815,11.240138,1.360610,51.636331,68.793933,14.552839,1005.012741,31.222057,131.010668,-17.592709,26.294366,31.636976,-1285777.640442
max_altitude,197.998968,7.450000,0.000000,1.830224,372.835338,20.664900,1.086471,24.908096,197.998968,13.713007,989.688535,31.221267,131.011848,-105.198409,138.696256,174.079146,-1285781.276565
final_point,0.052595,17.030000,0.000000,130.431910,32.663351,53.025235,3.175555,7.302586,0.052595,14.999658,1013.243682,31.220542,131.013149,-185.578713,262.693689,321.634340,-1285772.223918
parachute_deploy,1.000000,11.510000,0.000000,13.644327,627.293516,15.955679,0.768208,32.191067,122.382018,14.204517,998.633846,31.220684,131.012726,-169.850275,222.405192,279.846357,-1285783.518252
max_thrust,855.293775,0.070000,855.293775,81.127089,2.684714,76.931042,3.728578,2.093908,3.035126,14.980272,1012.885431,31.222216,131.010392,-0.007118,0.012571,0.014446,-1285779.122822
initial_point,3.000000,0.000000,2.282812,0.000000,0.000000,90.000000,0.000000,0.000000,3.000000,14.980500,1012.889649,31.222216,131.010392,0.000000,0.000000,0.000000,-1285779.124571
launch_clear,7.810603,0.540000,349.270324,28.247963,213.550598,26.072569,4.383333,18.679207,7.810603,14.949231,1012.312031,31.222207,131.010410,-0.973402,1.719037,1.975500,-1285778.885395
max_speed,51.706680,2.410000,92.073441,8.262230,1625.954575,11.380397,1.521920,51.706680,74.157913,14.517974,1004.372754,31.222037,131.010674,-19.888491,26.840740,33.406268,-1285779.161766
max_dynamic_pressure,1625.954575,2.410000,92.073441,8.262230,1625.954575,11.380397,1.521920,51.706680,74.157913,14.517974,1004.372754,31.222037,131.010674,-19.888491,26.840740,33.406268,-1285779.161766
max_acceleration,351.854966,17.130000,0.000000,351.854966,240.004134,29.866075,5.531729,19.795648,0.726907,14.995275,1013.162677,31.220470,131.012972,-193.633091,245.853865,312.952086,-1285788.709578
max_qbar_atan_aoa,1101721.486563,2.300000,28.915626,7.562842,1598.182378,12.031585,2.137999,51.250614,69.055071,14.551142,1004.981576,31.222053,131.010652,-18.082666,24.817631,30.706655,-1285778.912278
max_altitude,200.800489,7.510000,0.000000,1.858619,322.288638,22.993458,1.819800,23.161312,200.800489,13.694797,989.358373,31.221213,131.011708,-111.172978,125.404776,167.588648,-1285793.981414
final_point,0.026411,17.190000,0.000000,115.519738,34.412347,45.043789,5.748979,7.495540,0.026411,14.999828,1013.246827,31.220470,131.012974,-193.614326,246.004176,313.058580,-1285788.605157
parachute_deploy,1.000000,11.560000,0.000000,12.920775,613.072036,16.965080,1.265746,31.828281,125.130578,14.186651,998.307555,31.220603,131.012491,-178.819380,199.993494,268.280538,-1285804.051306
max_thrust,855.293775,0.070000,855.293775,81.127089,2.684714,76.931042,3.728578,2.093908,3.035126,14.980272,1012.885431,31.222216,131.010392,-0.007118,0.012571,0.014446,-1285779.122822
initial_point,3.000000,0.000000,2.282812,0.000000,0.000000,90.000000,0.000000,0.000000,3.000000,14.980500,1012.889649,31.222216,131.010392,0.000000,0.000000,0.000000,-1285779.124571
launch_clear,7.810603,0.540000,349.270324,28.247963,213.550598,26.072569,4.383333,18.679207,7.810603,14.949231,1012.312031,31.222207,131.010410,-0.973402,1.719037,1.975500,-1285778.885395
max_speed,51.478602,2.410000,92.073441,11.072394,1611.613051,12.023079,2.218367,51.478602,74.344925,14.516758,1004.350447,31.222032,131.010655,-20.434792,25.092940,32.361050,-1285780.640044
max_dynamic_pressure,1611.613051,2.410000,92.073441,11.072394,1611.613051,12.023079,2.218367,51.478602,74.344925,14.516758,1004.350447,31.222032,131.010655,-20.434792,25.092940,32.361050,-1285780.640044
max_acceleration,373.084060,17.210000,0.000000,373.084060,260.755497,27.339220,3.938520,20.633730,0.758320,14.995071,1013.158903,31.220404,131.012780,-200.867527,227.552903,303.527716,-1285805.404222
max_qbar_atan_aoa,1164715.784040,2.300000,28.915626,8.039905,1584.313818,12.830870,3.042918,51.028155,69.215903,14.550097,1004.962383,31.222049,131.010637,-18.550806,23.320202,29.798745,-1285780.178872
max_altitude,202.449203,7.540000,0.000000,1.519107,296.791201,24.762520,2.742901,22.228016,202.449203,13.684080,989.164111,31.221166,131.011556,-116.413849,110.919492,160.796312,-1285806.805844
final_point,0.035816,17.270000,0.000000,134.963195,38.971471,47.651700,3.411205,7.976628,0.035816,14.999767,1013.245697,31.220404,131.012782,-200.860138,227.751207,303.671527,-1285805.280427
parachute_deploy,1.000000,11.600000,0.000000,12.343483,606.684123,17.570582,1.713600,31.663884,126.347449,14.178742,998.163123,31.220528,131.012244,-187.164139,176.439982,257.219820,-1285824.760972
max_thrust,855.293775,0.070000,855.293775,81.127089,2.684714,76.931042,3.728578,2.093908,3.035126,14.980272,1012.885431,31.222216,131.010392,-0.007118,0.012571,0.014446,-1285779.122822
initial_point,3.000000,0.000000,2.282812,0.000000,0.000000,90.000000,0.000000,0.000000,3.000000,14.980500,1012.889649,31.222216,131.010392,0.000000,0.000000,0.000000,-1285779.124571
launch_clear,7.810603,0.540000,349.270324,28.247963,213.550598,26.072569,4.383333,18.679207,7.810603,14.949231,1012.312031,31.222207,131.010410,-0.973402,1.719037,1.975500,-1285778.885395
max_speed,51.426947,2.410000,92.073441,13.874428,1608.370104,12.646606,2.962689,51.426947,74.411462,14.516326,1004.342511,31.222027,131.010637,-20.952184,23.332510,31.359227,-1285782.102583
max_dynamic_pressure,1608.370104,2.410000,92.073441,13.874428,1608.370104,12.646606,2.962689,51.426947,74.411462,14.516326,1004.342511,31.222027,131.010637,-20.952184,23.332510,31.359227,-1285782.102583
max_acceleration,415.756786,17.240000,0.000000,415.756786,278.377617,25.235735,2.617747,21.319582,0.782857,14.994911,1013.155956,31.220352,131.012576,-206.712766,208.071100,293.299506,-1285821.683481
max_qbar_atan_aoa,1234027.526600,2.300000,28.915626,8.489911,1580.867583,13.624065,3.986350,50.972769,69.274479,14.549716,1004.955393,31.222045,131.010621,-18.995060,21.813462,28.924735,-1285781.431795
max_altitude,202.876393,7.550000,0.000000,1.135406,297.197649,25.440958,3.508678,22.243689,202.876393,13.681303,989.113782,31.221125,131.011397,-120.985406,95.792411,154.317076,-1285819.473548
final_point,0.042860,17.300000,0.000000,163.088296,42.657219,44.880105,4.088235,8.345308,0.042860,14.999721,1013.244851,31.220352,131.012578,-206.694380,208.330541,293.470668,-1285821.514504
parachute_deploy,1.000000,11.600000,0.000000,12.008380,604.312441,17.995524,2.130907,31.602989,127.041721,14.174229,998.080727,31.220464,131.011985,-194.250297,151.766604,246.509036,-1285845.124158
max_thrust,855.293775,0.070000,855.293775,81.127089,2.684714,76.931042,3.728578,2.093908,3.035126,14.980272,1012.885431,31.222216,131.010392,-0.007118,0.012571,0.014446,-1285779.122822
initial_point,3.000000,0.000000,2.282812,0.000000,0.000000,90.000000,0.000000,0.000000,3.000000,14.980500,1012.889649,31.222216,131.010392,0.000000,0.000000,0.000000,-1285779.124571
launch_clear,7.810603,0.540000,349.270324,28.247963,213.550598,26.072569,4.383333,18.679207,7.810603,14.949231,1012.312031,31.222207,131.010410,-0.973402,1.719037,1.975500,-1285778.885395
max_speed,51.551934,2.410000,92.073441,16.806256,1616.205870,13.221447,3.695050,51.551934,74.357641,14.516675,1004.348930,31.222023,131.010618,-21.438365,21.574514,30.414866,-1285783.538578
max_dynamic_pressure,1616.205870,2.410000,92.073441,16.806256,1616.205870,13.221447,3.695050,51.551934,74.357641,14.516675,1004.348930,31.222023,131.010618,-21.438365,21.574514,30.414866,-1285783.538578
max_acceleration,429.772269,17.190000,0.000000,429.772269,285.213027,24.216080,1.956740,21.579760,0.802602,14.994783,1013.153584,31.220308,131.012362,-211.572280,187.695351,282.830483,-1285837.701372
max_qbar_atan_aoa,1310128.375980,2.300000,28.915626,9.048875,1587.826907,14.400848,4.938337,51.084736,69.231014,14.549998,1004.960580,31.222041,131.010605,-19.413942,20.309046,28.095538,-1285782.662934
max_altitude,202.074000,7.530000,0.000000,1.793845,323.443024,24.808279,3.830090,23.204180,202.074000,13.686519,989.208317,31.221092,131.011234,-124.602036,80.259778,148.213952,-1285831.614436
final_point,0.046983,17.250000,0.000000,195.828715,47.707221,43.650050,2.176024,8.825478,0.046983,14.999695,1013.244356,31.220308,131.012365,-211.536837,188.017398,283.017818,-1285837.481469
parachute_deploy,1.000000,11.590000,0.000000,12.379114,610.484466,18.190008,2.459439,31.762488,126.076454,14.180503,998.195287,31.220408,131.011724,-200.466346,126.950673,237.283662,-1285864.872477
max_thrust,855.293775,0.070000,855.293775,81.127089,2.684714,76.931042,3.728578,2.093908,3.035126,14.980272,1012.885431,31.222216,131.010392,-0.007118,0.012571,0.014446,-1285779.122822
initial_point,3.000000,0.000000,2.282812,0.000000,0.000000,90.000000,0.000000,0.000000,3.000000,14.980500,1012.889649,31.222216,131.010392,0.000000,0.000000,0.000000,-1285779.124571
launch_clear,7.810603,0.540000,349.270324,28.247963,213.550598,26.072569,4.383333,18.679207,7.810603,14.949231,1012.312031,31.222207,131.010410,-0.973402,1.719037,1.975500,-1285778.885395
max_speed,51.866095,2.490000,76.093749,26.100435,1635.407012,12.009785,2.440743,51.866095,77.901629,14.493639,1003.926279,31.222005,131.010608,-23.438436,20.585825,31.195150,-1285785.734629
max_dynamic_pressure,1635.407012,2.490000,76.093749,26.100435,1635.407012,12.009785,2.440743,51.866095,77.901629,14.493639,1003.926279,31.222005,131.010608,-23.438436,20.585825,31.195150,-1285785.734629
max_acceleration,387.046236,17.090000,0.000000,387.046236,195.045510,28.665594,11.882071,17.845412,0.642741,14.995822,1013.172787,31.220277,131.012146,-214.968152,167.080551,272.264185,-1285852.684353
max_qbar_atan_aoa,1393942.845265,2.290000,203.931262,13.716831,1598.129857,15.223351,5.941496,51.248708,68.623615,14.553947,1005.033067,31.222039,131.010589,-19.618629,18.727561,27.122182,-1285783.767646
max_altitude,200.096269,7.500000,0.000000,3.124864,374.276665,22.644602,3.045478,24.958719,200.096269,13.699374,989.441357,31.221065,131.011073,-127.580986,64.932099,143.154241,-1285843.120763
final_point,0.059195,17.140000,0.000000,312.744650,64.850657,41.905828,7.012082,10.289722,0.059195,14.999615,1013.242889,31.220277,131.012148,-214.933144,167.349846,272.401907,-1285852.496149
parachute_deploy,1.000000,11.550000,0.000000,13.411479,621.536636,17.006766,1.333625,32.045934,124.276091,14.192205,998.408985,31.220364,131.011465,-205.325856,102.252374,229.378419,-1285883.460114
max_thrust,855.293775,0.070000,855.293775,81.127089,2.684714,76.931042,3.728578,2.093908,3.035126,14.980272,1012.885431,31.222216,131.010392,-0.007118,0.012571,0.014446,-1285779.122822
initial_point,3.000000,0.000000,2.282812,0.000000,0.000000,90.000000,0.000000,0.000000,3.000000,14.980500,1012.889649,31.222216,131.010392,0.000000,0.000000,0.000000,-1285779.124571
launch_clear,7.810603,0.540000,349.270324,28.247963,213.550598,26.072569,4.383333,18.679207,7.810603,14.949231,1012.312031,31.222207,131.010410,-0.973402,1.719037,1.975500,-1285778.885395
max_speed,52.351497,2.490000,76.093749,30.430169,1666.211352,12.049583,2.645272,52.351497,77.587203,14.495683,1003.963771,31.222000,131.010588,-23.899234,18.696736,30.343732,-1285787.228142
max_dynamic_pressure,1666.211352,2.490000,76.093749,30.430169,1666.211352,12.049583,2.645272,52.351497,77.587203,14.495683,1003.963771,31.222000,131.010588,-23.899234,18.696736,30.343732,-1285787.228142
max_acceleration,387.449299,16.910000,0.000000,387.449299,201.085356,22.862558,10.745610,18.119621,0.656340,14.995734,1013.171154,31.220256,131.011927,-217.286993,146.227533,261.909469,-1285866.942878
max_qbar_atan_aoa,1487366.974548,2.270000,35.003127,7.005665,1617.372870,16.050381,6.964318,51.553491,67.479300,14.561385,1005.169643,31.222039,131.010572,-19.599651,17.146626,26.041384,-1285784.692176
max_altitude,197.052862,7.440000,0.000000,4.112910,447.800332,19.093807,0.859679,27.296338,197.052862,13.719156,989.800055,31.221048,131.010916,-129.470684,49.942108,138.769243,-1285853.550494
final_point,0.057313,16.960000,0.000000,287.808176,78.881602,39.695524,9.715149,11.348390,0.057313,14.999627,1013.243115,31.220257,131.011930,-217.243576,146.519040,262.036339,-1285866.734707
parachute_deploy,1.000000,11.500000,0.000000,12.929291,639.205903,14.174359,1.988667,32.493212,121.055848,14.213137,998.791310,31.220330,131.011215,-209.113478,78.371774,223.317495,-1285900.699911
max_thrust,855.293775,0.070000,855.293775,81.127089,2.684714,76.931042,3.728578,2.093908,3.035126,14.980272,1012.885431,31.222216,131.010392,-0.007118,0.012571,0.014446,-1285779.122822
initial_point,3.000000,0.000000,2.282812,0.000000,0.000000,90.000000,0.000000,0.000000,3.000000,14.980500,1012.889649,31.222216,131.010392,0.000000,0.000000,0.000000,-1285779.124571
launch_clear,7.810603,0.540000,349.270324,28.247963,213.550598,26.072569,4.383333,18.679207,7.810603,14.949231,1012.312031,31.222207,131.010410,-0.973402,1.719037,1.975500,-1285778.885395
max_speed,52.337043,2.490000,76.093749,1.462350,1665.329640,9.756873,0.499255,52.337043,77.348520,14.497235,1003.992233,31.222050,131.010732,-18.428811,32.390185,37.265896,-1285774.689130
max_dynamic_pressure,1665.462618,2.410000,92.073441,0.918096,1665.462618,9.763195,0.564333,52.329912,73.684504,14.521051,1004.429224,31.222059,131.010712,-17.355926,30.509150,35.100398,-1285774.944562
max_acceleration,334.917191,16.890000,0.000000,334.917191,240.734567,24.544605,2.533350,19.825752,0.730566,14.995251,1013.162237,31.220745,131.013359,-163.042056,282.690328,326.339962,-1285742.214800
max_qbar_atan_aoa,931642.925170,2.410000,92.073441,0.918096,1665.462618,9.763195,0.564333,52.329912,73.684504,14.521051,1004.429224,31.222059,131.010712,-17.355926,30.509150,35.100398,-1285774.944562
max_altitude,196.472525,7.430000,0.000000,1.563589,400.376541,19.231331,0.810756,25.809782,196.472525,13.722929,989.868466,31.221418,131.012013,-88.480208,154.475363,178.021306,-1285758.453215
final_point,0.033054,16.950000,0.000000,114.911864,29.505483,52.852764,5.607272,6.940604,0.033054,14.999785,1013.246029,31.220745,131.013359,-163.075491,282.744958,326.403991,-1285742.209224
parachute_deploy,1.000000,11.480000,0.000000,13.875223,634.557305,15.542900,0.610695,32.374734,120.985550,14.213594,998.799658,31.220929,131.012995,-142.695514,248.018459,286.139824,-1285746.456965
max_thrust,855.293775,0.070000,855.293775,81.127089,2.684714,76.931042,3.728578,2.093908,3.035126,14.980272,1012.885431,31.222216,131.010392,-0.007118,0.012571,0.014446,-1285779.122822
initial_point,3.000000,0.000000,2.282812,0.000000,0.000000,90.000000,0.000000,0.000000,3.000000,14.980500,1012.889649,31.222216,131.010392,0.000000,0.000000,0.000000,-1285779.124571
launch_clear,7.810603,0.540000,349.270324,28.247963,213.550598,26.072569,4.383333,18.679207,7.810603,14.949231,1012.312031,31.222207,131.010410,-0.973402,1.719037,1.975500,-1285778.885395
max_speed,51.400320,2.410000,92.073441,3.263993,1606.711955,9.909852,0.131326,51.400320,74.366830,14.516616,1004.347834,31.222067,131.010697,-16.571161,29.093327,33.481733,-1285775.155140
max_dynamic_pressure,1606.711955,2.410000,92.073441,3.263993,1606.711955,9.909852,0.131326,51.400320,74.366830,14.516616,1004.347834,31.222067,131.010697,-16.571161,29.093327,33.481733,-1285775.155140
max_acceleration,326.874184,17.240000,0.000000,326.874184,218.930436,25.900232,4.782279,18.906568,0.691844,14.995503,1013.166889,31.220792,131.013258,-157.863042,273.072184,315.420791,-1285743.765640
max_qbar_atan_aoa,912279.306620,2.410000,92.073441,3.263993,1606.711955,9.909852,0.131326,51.400320,74.366830,14.516616,1004.347834,31.222067,131.010697,-16.571161,29.093327,33.481733,-1285775.155140
max_altitude,202.949660,7.550000,0.000000,2.599673,275.484659,22.811122,0.947941,21.415803,202.949660,13.680827,989.105151,31.221462,131.011920,-83.576178,145.633444,167.911422,-1285759.764872
final_point,0.019072,17.300000,0.000000,106.069024,33.278266,51.676994,11.919699,7.370992,0.019072,14.999876,1013.247709,31.220792,131.013259,-157.912117,273.155029,315.517076,-1285743.755873
parachute_deploy,1.000000,11.610000,0.000000,12.529874,602.774843,15.936437,0.675388,31.562413,126.814598,14.175705,998.107682,31.221007,131.012831,-134.033646,232.432494,268.310585,-1285748.753901
max_thrust,855.293775,0.070000,855.293775,81.127089,2.684714,76.931042,3.728578,2.093908,3.035126,14.980272,1012.885431,31.222216,131.010392,-0.007118,0.012571,0.014446,-1285779.122822
initial_point,3.000000,0.000000,2.282812,0.000000,0.000000,90.000000,0.000000,0.000000,3.000000,14.980500,1012.889649,31.222216,131.010392,0.000000,0.000000,0.000000,-1285779.124571
launch_clear,7.810603,0.540000,349.270324,28.247963,213.550598,26.072569,4.383333,18.679207,7.810603,14.949231,1012.312031,31.222207,131.010410,-0.973402,1.719037,1.975500,-1285778.885395
max_speed,50.616885,2.410000,92.073441,5.897883,1558.019356,10.095234,0.960479,50.616885,74.950153,14.512824,1004.278258,31.222074,131.010682,-15.760906,27.628910,31.808238,-1285775.374109
max_dynamic_pressure,1558.019356,2.410000,92.073441,5.897883,1558.019356,10.095234,0.960479,50.616885,74.950153,14.512824,1004.278258,31.222074,131.010682,-15.760906,27.628910,31.808238,-1285775.374109
max_acceleration,327.147148,17.550000,0.000000,327.147148,206.381178,27.289341,7.861108,18.356680,0.666415,14.995668,1013.169943,31.220851,131.013131,-151.302281,260.998398,301.684475,-1285745.664707
max_qbar_atan_aoa,902921.464168,2.330000,148.382810,7.576058,1546.421307,10.190594,1.343403,50.418915,71.147133,14.537544,1004.731935,31.222082,131.010666,-14.869516,26.070605,30.012995,-1285775.583648
max_altitude,208.640787,7.660000,0.000000,5.115387,169.927058,28.466351,4.049454,16.824266,208.640787,13.643835,988.434858,31.221514,131.011813,-77.879246,135.370969,156.174939,-1285761.283313
final_point,0.008977,17.610000,0.000000,110.000232,31.919858,49.943000,3.161332,7.218981,0.008977,14.999942,1013.248922,31.220851,131.013132,-151.368404,261.100401,301.805886,-1285745.657264
parachute_deploy,1.000000,11.720000,0.000000,12.392390,572.940102,16.354855,1.357980,30.779336,132.171799,14.140883,997.472062,31.221098,131.012641,-123.937696,214.302753,247.561634,-1285751.409585
max_thrust,855.293775,0.070000,855.293775,81.127089,2.684714,76.931042,3.728578,2.093908,3.035126,14.980272,1012.885431,31.222216,131.010392,-0.007118,0.012571,0.014446,-1285779.122822
initial_point,3.000000,0.000000,2.282812,0.000000,0.000000,90.000000,0.000000,0.000000,3.000000,14.980500,1012.889649,31.222216,131.010392,0.000000,0.000000,0.000000,-1285779.124571
launch_clear,7.810603,0.540000,349.270324,28.247963,213.550598,26.072569,4.383333,18.679207,7.810603,14.949231,1012.312031,31.222207,131.010410,-0.973402,1.719037,1.975500,-1285778.885395
max_speed,49.994402,2.410000,92.073441,7.921596,1519.864794,10.334887,1.879255,49.994402,75.424466,14.509741,1004.221687,31.222081,131.010666,-14.931174,26.126700,30.092282,-1285775.599883
max_dynamic_pressure,1519.864794,2.410000,92.073441,7.921596,1519.864794,10.334887,1.879255,49.994402,75.424466,14.509741,1004.221687,31.222081,131.010666,-14.931174,26.126700,30.092282,-1285775.599883
max_acceleration,351.331902,17.820000,0.000000,351.331902,231.096022,24.950544,0.795434,19.424790,0.714500,14.995356,1013.164167,31.220922,131.012981,-143.450360,246.650786,285.333918,-1285747.876873
max_qbar_atan_aoa,906689.238262,2.330000,148.382810,7.570936,1509.534811,10.483172,2.345019,49.814981,71.569730,14.534797,1004.681514,31.222089,131.010652,-14.129541,24.728633,28.480696,-1285775.786346
max_altitude,213.266937,7.750000,0.000000,4.877506,87.808668,40.115926,17.050743,12.096798,213.266937,13.613765,987.890268,31.221572,131.011690,-71.376762,123.673066,142.792763,-1285763.007244
final_point,0.079132,17.870000,0.000000,140.330498,58.647274,44.261159,16.912809,9.785224,0.079132,14.999486,1013.240494,31.220921,131.012982,-143.535688,246.802255,285.507753,-1285747.855476
parachute_deploy,1.000000,11.810000,0.000000,12.425083,545.326705,21.466197,13.910089,30.035515,137.053034,14.109155,996.893199,31.221200,131.012429,-112.642570,194.053970,224.378463,-1285754.360608
max_thrust,855.293775,0.070000,855.293775,81.127089,2.684714,76.931042,3.728578,2.093908,3.035126,14.980272,1012.885431,31.222216,131.010392,-0.007118,0.012571,0.014446,-1285779.122822
initial_point,3.000000,0.000000,2.282812,0.000000,0.000000,90.000000,0.000000,0.000000,3.000000,14.980500,1012.889649,31.222216,131.010392,0.000000,0.000000,0.000000,-1285779.124571
launch_clear,7.810603,0.540000,349.270324,28.247963,213.550598,26.072569,4.383333,18.679207,7.810603,14.949231,1012.312031,31.222207,131.010410,-0.973402,1.719037,1.975500,-1285778.885395
max_speed,49.545071,2.410000,92.073441,9.472715,1492.616255,10.631360,2.846262,49.545071,75.782215,14.507416,1004.179020,31.222089,131.010650,-14.088668,24.598868,28.347763,-1285775.830619
max_dynamic_pressure,1492.616255,2.410000,92.073441,9.472715,1492.616255,10.631360,2.846262,49.545071,75.782215,14.507416,1004.179020,31.222089,131.010650,-14.088668,24.598868,28.347763,-1285775.830619
max_acceleration,386.603794,18.100000,0.000000,386.603794,271.906317,23.640781,6.655582,21.070321,0.781190,14.994922,1013.156156,31.220986,131.012843,-136.341975,233.562846,270.446748,-1285749.938529
max_qbar_atan_aoa,1206734.640394,11.530000,0.000000,6.614898,598.468580,35.192311,31.422392,31.487770,152.091606,14.011405,995.111495,31.221329,131.012163,-98.382911,168.755201,195.340168,-1285757.929427
max_altitude,216.629609,7.800000,0.000000,1.249488,32.213970,63.657691,43.950852,7.328149,216.629609,13.591908,987.494567,31.221638,131.011552,-64.050682,110.523412,127.741883,-1285764.931897
final_point,0.102170,18.150000,0.000000,204.613791,69.160492,45.666326,22.569162,10.626161,0.102170,14.999336,1013.237726,31.220985,131.012846,-136.479867,233.788606,270.711238,-1285749.915251
parachute_deploy,1.000000,11.860000,0.000000,40.636501,517.468833,27.375942,21.537029,29.265608,142.253217,14.075354,996.276813,31.221303,131.012213,-101.177142,173.486019,200.834514,-1285757.364723
max_thrust,855.293775,0.070000,855.293775,81.127089,2.684714,76.931042,3.728578,2.093908,3.035126,14.980272,1012.885431,31.222216,131.010392,-0.007118,0.012571,0.014446,-1285779.122822
initial_point,3.000000,0.000000,2.282812,0.000000,0.000000,90.000000,0.000000,0.000000,3.000000,14.980500,1012.889649,31.222216,131.010392,0.000000,0.000000,0.000000,-1285779.124571
launch_clear,7.810603,0.540000,349.270324,28.247963,213.550598,26.072569,4.383333,18.679207,7.810603,14.949231,1012.312031,31.222207,131.010410,-0.973402,1.719037,1.975500,-1285778.885395
max_speed,49.277550,2.410000,92.073441,10.743137,1476.507324,10.977265,3.830291,49.277550,76.018714,14.505878,1004.150815,31.222097,131.010634,-13.240566,23.058561,26.589669,-1285776.064271
max_dynamic_pressure,1476.507324,2.410000,92.073441,10.743137,1476.507324,10.977265,3.830291,49.277550,76.018714,14.505878,1004.150815,31.222097,131.010634,-13.240566,23.058561,26.589669,-1285776.064271
max_acceleration,311.090454,11.940000,0.000000,311.090454,482.731668,176.276136,162.363880,28.267652,143.276308,14.068704,996.155580,31.221380,131.012062,-92.719179,159.163920,184.201582,-1285759.075419
max_qbar_atan_aoa,4955979.137095,11.930000,0.000000,267.263049,485.295133,178.238247,164.729958,28.342966,143.538462,14.067000,996.124518,31.221381,131.012061,-92.580458,158.983957,183.976254,-1285759.070825
max_altitude,218.703511,7.820000,0.000000,8.624012,4.034832,90.914648,79.404185,2.593751,218.703511,13.578427,987.250585,31.221709,131.011405,-56.239670,96.517917,111.707916,-1285766.975450
final_point,0.125752,18.390000,0.000000,159.608894,284.508523,152.474740,154.817428,21.552392,0.125752,14.999183,1013.234893,31.220901,131.012817,-145.751155,231.052158,273.183524,-1285758.997846
parachute_deploy,1.000000,11.870000,0.000000,228.733466,501.385039,155.755011,159.040937,28.811204,145.134793,14.056624,995.935387,31.221388,131.012049,-91.778734,157.893903,182.630878,-1285759.073980
max_thrust,855.293775,0.070000,855.293775,81.127089,2.684714,76.931042,3.728578,2.093908,3.035126,14.980272,1012.885431,31.222216,131.010392,-0.007118,0.012571,0.014446,-1285779.122822
initial_point,3.000000,0.000000,2.282812,0.000000,0.000000,90.000000,0.000000,0.000000,3.000000,14.980500,1012.889649,31.222216,131.010392,0.000000,0.000000,0.000000,-1285779.124571
launch_clear,7.810603,0.540000,349.270324,28.247963,213.550598,26.072569,4.383333,18.679207,7.810603,14.949231,1012.312031,31.222207,131.010410,-0.973402,1.719037,1.975500,-1285778.885395
max_speed,49.196231,2.410000,92.073441,11.939747,1471.622092,11.359752,4.807956,49.196231,76.132401,14.505139,1004.137257,31.222104,131.010618,-12.394287,21.519473,24.833579,-1285776.298668
max_dynamic_pressure,1471.622092,2.410000,92.073441,11.939747,1471.622092,11.359752,4.807956,49.196231,76.132401,14.505139,1004.137257,31.222104,131.010618,-12.394287,21.519473,24.833579,-1285776.298668
max_acceleration,247.397402,14.150000,0.000000,247.397402,302.653432,126.792273,145.084104,22.325426,90.173963,14.413869,1002.463810,31.221341,131.012131,-97.055261,165.738577,192.065751,-1285758.654710
max_qbar_atan_aoa,4066803.885914,10.560000,0.000000,201.678914,413.782030,171.537459,154.371867,26.222738,184.157959,13.802973,991.321024,31.221618,131.011573,-66.346145,112.510642,130.615984,-1285765.596638
max_altitude,219.557497,7.830000,0.000000,12.970093,2.770546,90.118546,64.828948,2.149395,219.557497,13.572876,987.150133,31.221781,131.011255,-48.280389,82.241407,95.366010,-1285769.061035
final_point,0.149346,18.350000,0.000000,103.662670,286.048173,147.876042,133.498187,21.610654,0.149346,14.999029,1013.232059,31.221088,131.012714,-125.085180,221.211093,254.128375,-1285748.226539
parachute_deploy,1.000000,11.890000,0.000000,111.452931,507.903304,96.198564,104.693527,28.996828,144.382192,14.061516,996.024551,31.221535,131.011754,-75.516216,129.789116,150.160029,-1285762.700787
max_thrust,855.293775,0.070000,855.293775,81.127089,2.684714,76.931042,3.728578,2.093908,3.035126,14.980272,1012.885431,31.222216,131.010392,-0.007118,0.012571,0.014446,-1285779.122822
initial_point,3.000000,0.000000,2.282812,0.000000,0.000000,90.000000,0.000000,0.000000,3.000000,14.980500,1012.889649,31.222216,131.010392,0.000000,0.000000,0.000000,-1285779.124571
launch_clear,7.810603,0.540000,349.270324,28.247963,213.550598,26.072569,4.383333,18.679207,7.810603,14.949231,1012.312031,31.222207,131.010410,-0.973402,1.719037,1.975500,-1285778.885395
max_speed,49.300902,2.410000,92.073441,13.267807,1477.891964,11.763717,5.760645,49.300902,76.124925,14.505188,1004.138148,31.222112,131.010602,-11.557257,19.995383,23.095150,-1285776.531588
max_dynamic_pressure,1477.891964,2.410000,92.073441,13.267807,1477.891964,11.763717,5.760645,49.300902,76.124925,14.505188,1004.138148,31.222112,131.010602,-11.557257,19.995383,23.095150,-1285776.531588
max_acceleration,479.469008,18.190000,0.000000,479.469008,286.797187,26.806118,16.369037,21.639535,0.733006,14.995235,1013.161944,31.221237,131.012313,-108.579488,183.068699,212.847361,-1285757.622169
max_qbar_atan_aoa,1092404.871267,11.470000,0.000000,6.006074,605.902697,31.467201,26.866234,31.689833,156.742161,13.981176,994.561040,31.221666,131.011460,-60.939810,101.747385,118.601225,-1285767.646718
max_altitude,219.153159,7.830000,0.000000,15.107477,28.584161,59.958751,30.853582,6.903793,219.153159,13.575504,987.197693,31.221853,131.011104,-40.277681,67.884070,78.933872,-1285771.159915
final_point,0.005804,18.250000,0.000000,142.970324,58.955783,81.499119,60.083359,9.810893,0.005804,14.999962,1013.249303,31.221235,131.012316,-108.765859,183.363055,213.195612,-1285757.597098
parachute_deploy,1.000000,11.890000,0.000000,35.432729,513.592818,20.427174,11.151751,29.158299,144.035305,14.063771,996.065650,31.221643,131.011504,-63.509543,105.990526,123.561812,-1285767.191081
max_thrust,855.293775,0.070000,855.293775,81.127089,2.684714,76.931042,3.728578,2.093908,3.035126,14.980272,1012.885431,31.222216,131.010392,-0.007118,0.012571,0.014446,-1285779.122822
initial_point,3.000000,0.000000,2.282812,0.000000,0.000000,90.000000,0.000000,0.000000,3.000000,14.980500,1012.889649,31.222216,131.010392,0.000000,0.000000,0.000000,-1285779.124571
launch_clear,7.810603,0.540000,349.270324,28.247963,213.550598,26.072569,4.383333,18.679207,7.810603,14.949231,1012.312031,31.222207,131.010410,-0.973402,1.719037,1.975500,-1285778.885395
max_speed,52.687953,2.490000,76.093749,4.266574,1687.780205,9.501642,0.594800,52.687953,77.075888,14.499007,1004.024743,31.222059,131.010744,-17.420390,33.553579,37.806276,-1285773.186647
max_dynamic_pressure,1687.780205,2.490000,76.093749,4.266574,1687.780205,9.501642,0.594800,52.687953,77.075888,14.499007,1004.024743,31.222059,131.010744,-17.420390,33.553579,37.806276,-1285773.186647
max_acceleration,326.736537,16.760000,0.000000,326.736537,228.962092,23.643388,2.106059,19.334896,0.711444,14.995376,1013.164534,31.220847,131.013457,-151.772169,292.022400,329.109560,-1285727.604945
max_qbar_atan_aoa,981946.087713,2.780000,35.003127,5.741659,1650.952902,10.380788,0.704359,52.142569,90.084695,14.414449,1002.474442,31.222026,131.010822,-21.041615,40.945144,46.035397,-1285771.704731
max_altitude,194.184506,7.380000,0.000000,1.725884,446.163831,18.179476,0.672245,27.242647,194.184506,13.737801,990.138218,31.221493,131.012090,-80.164755,161.805438,180.575710,-1285747.409186
final_point,0.027200,16.820000,0.000000,115.058560,28.069629,50.913678,4.996211,6.769617,0.027200,14.999823,1013.246732,31.220847,131.013457,-151.830198,292.051497,329.162142,-1285727.634324
parachute_deploy,1.000000,11.440000,0.000000,14.335756,646.482022,15.585868,0.319194,32.673902,118.688579,14.228524,999.072442,31.221047,131.013129,-129.646219,260.822659,291.268671,-1285728.352491
max_thrust,855.293775,0.070000,855.293775,81.127089,2.684714,76.931042,3.728578,2.093908,3.035126,14.980272,1012.885431,31.222216,131.010392,-0.007118,0.012571,0.014446,-1285779.122822
initial_point,3.000000,0.000000,2.282812,0.000000,0.000000,90.000000,0.000000,0.000000,3.000000,14.980500,1012.889649,31.222216,131.010392,0.000000,0.000000,0.000000,-1285779.124571
launch_clear,7.810603,0.540000,349.270324,28.247963,213.550598,26.072569,4.383333,18.679207,7.810603,14.949231,1012.312031,31.222207,131.010410,-0.973402,1.719037,1.975500,-1285778.885395
max_speed,52.103061,2.490000,76.093749,6.557442,1650.441775,9.285067,0.639200,52.103061,77.542755,14.495972,1003.969071,31.222076,131.010740,-15.541530,33.174217,36.634266,-1285771.901300
max_dynamic_pressure,1650.948924,2.410000,92.073441,5.296068,1650.948924,8.810221,1.036695,52.101839,73.860111,14.519909,1004.408277,31.222083,131.010720,-14.742043,31.218320,34.524089,-1285772.421084
max_acceleration,325.765029,16.980000,0.000000,325.765029,215.588747,21.951843,4.172271,18.761717,0.686910,14.995535,1013.167481,31.220998,131.013457,-135.002750,292.072162,321.765418,-1285714.088568
max_qbar_atan_aoa,1020717.053224,2.840000,45.656250,4.412949,1593.084450,11.182630,1.223925,51.228748,93.400195,14.392899,1002.079633,31.222044,131.010832,-19.102473,41.969857,46.112651,-1285769.536259
max_altitude,198.058816,7.460000,0.000000,1.831452,371.691450,19.097275,1.100433,24.869928,198.058816,13.712618,989.681481,31.221613,131.012084,-66.900035,161.263363,174.589954,-1285737.064020
final_point,0.017621,17.040000,0.000000,110.568333,29.348714,52.295165,5.514647,6.922136,0.017621,14.999885,1013.247883,31.220998,131.013458,-135.097306,292.115639,321.844564,-1285714.138776
parachute_deploy,1.000000,11.510000,0.000000,13.624397,626.812136,15.284816,0.786509,32.178878,122.488341,14.203826,998.621222,31.221246,131.013107,-107.500482,258.654266,280.105455,-1285711.830874
max_thrust,855.293775,0.070000,855.293775,81.127089,2.684714,76.931042,3.728578,2.093908,3.035126,14.980272,1012.885431,31.222216,131.010392,-0.007118,0.012571,0.014446,-1285779.122822
initial_point,3.000000,0.000000,2.282812,0.000000,0.000000,90.000000,0.000000,0.000000,3.000000,14.980500,1012.889649,31.222216,131.010392,0.000000,0.000000,0.000000,-1285779.124571
launch_clear,7.810603,0.540000,349.270324,28.247963,213.550598,26.072569,4.383333,18.679207,7.810603,14.949231,1012.312031,31.222207,131.010410,-0.973402,1.719037,1.975500,-1285778.885395
max_speed,51.695681,2.410000,92.073441,8.061528,1625.260433,8.294410,1.593768,51.695681,74.173562,14.517872,1004.370887,31.222099,131.010716,-13.020382,30.832213,33.468745,-1285771.266159
max_dynamic_pressure,1625.260433,2.410000,92.073441,8.061528,1625.260433,8.294410,1.593768,51.695681,74.173562,14.517872,1004.370887,31.222099,131.010716,-13.020382,30.832213,33.468745,-1285771.266159
max_acceleration,352.709938,17.130000,0.000000,352.709938,247.459340,19.204240,4.869058,20.100763,0.739104,14.995196,1013.161211,31.221160,131.013442,-117.080171,290.629389,313.327539,-1285700.531871
max_qbar_atan_aoa,1065015.766957,2.840000,45.656250,4.849178,1564.062267,11.884458,1.943861,50.761197,93.902567,14.389633,1002.019822,31.222068,131.010826,-16.359602,41.366070,44.483603,-1285767.689529
max_altitude,200.931196,7.510000,0.000000,1.810051,320.031560,19.469825,1.885872,23.080212,200.931196,13.693947,989.342971,31.221741,131.012065,-52.646997,159.428154,167.896306,-1285726.692734
final_point,0.029975,17.190000,0.000000,115.988135,40.656344,41.473200,9.255470,8.147230,0.029975,14.999805,1013.246399,31.221159,131.013443,-117.220304,290.692110,313.438100,-1285700.607296
parachute_deploy,1.000000,11.570000,0.000000,12.916726,613.548299,14.593089,1.292266,31.840418,124.984386,14.187601,998.324907,31.221456,131.013071,-84.253592,255.274108,268.819752,-1285695.144043
max_thrust,855.293775,0.070000,855.293775,81.127089,2.684714,76.931042,3.728578,2.093908,3.035126,14.980272,1012.885431,31.222216,131.010392,-0.007118,0.012571,0.014446,-1285779.122822
initial_point,3.000000,0.000000,2.282812,0.000000,0.000000,90.000000,0.000000,0.000000,3.000000,14.980500,1012.889649,31.222216,131.010392,0.000000,0.000000,0.000000,-1285779.124571
launch_clear,7.810603,0.540000,349.270324,28.247963,213.550598,26.072569,4.383333,18.679207,7.810603,14.949231,1012.312031,31.222207,131.010410,-0.973402,1.719037,1.975500,-1285778.885395
max_speed,51.459232,2.410000,92.073441,10.787257,1610.396112,7.761290,2.311284,51.459232,74.373171,14.516574,1004.347078,31.222114,131.010711,-11.291132,30.409830,32.438379,-1285770.126697
max_dynamic_pressure,1610.396112,2.410000,92.073441,10.787257,1610.396112,7.761290,2.311284,51.459232,74.373171,14.516574,1004.347078,31.222114,131.010711,-11.291132,30.409830,32.438379,-1285770.126697
max_acceleration,357.051132,17.230000,0.000000,357.051132,232.067869,17.851464,7.266371,19.465589,0.711464,14.995375,1013.164532,31.221329,131.013409,-98.388429,287.435630,303.809638,-1285687.397325
max_qbar_atan_aoa,1114814.292332,2.860000,47.178127,4.883578,1540.723862,12.628596,2.755158,50.384011,95.123317,14.381698,1001.874494,31.222092,131.010824,-13.699981,41.188262,43.406965,-1285765.656525
max_altitude,202.680729,7.540000,0.000000,1.423941,292.894519,19.318997,2.831179,22.081860,202.680729,13.682575,989.136834,31.221875,131.012036,-37.851584,156.610501,161.120078,-1285716.469306
final_point,0.017561,17.290000,0.000000,120.578628,38.249399,54.857410,6.579289,7.902379,0.017561,14.999886,1013.247890,31.221327,131.013409,-98.571868,287.504468,303.934213,-1285687.503942
parachute_deploy,1.000000,11.600000,0.000000,12.241718,604.917629,14.197841,1.688222,31.618354,126.742563,14.176173,998.116231,31.221673,131.013019,-60.206497,250.314901,257.454326,-1285678.752369
max_thrust,855.293775,0.070000,855.293775,81.127089,2.684714,76.931042,3.728578,2.093908,3.035126,14.980272,1012.885431,31.222216,131.010392,-0.007118,0.012571,0.014446,-1285779.122822
initial_point,3.000000,0.000000,2.282812,0.000000,0.000000,90.000000,0.000000,0.000000,3.000000,14.980500,1012.889649,31.222216,131.010392,0.000000,0.000000,0.000000,-1285779.124571
launch_clear,7.810603,0.540000,349.270324,28.247963,213.550598,26.072569,4.383333,18.679207,7.810603,14.949231,1012.312031,31.222207,131.010410,-0.973402,1.719037,1.975500,-1285778.885395
max_speed,51.396702,2.410000,92.073441,13.494725,1606.471935,7.247093,3.077698,51.396702,74.456339,14.516034,1004.337158,31.222130,131.010706,-9.567958,29.956175,31.447083,-1285769.010712
max_dynamic_pressure,1606.471935,2.410000,92.073441,13.494725,1606.471935,7.247093,3.077698,51.396702,74.456339,14.516034,1004.337158,31.222130,131.010706,-9.567958,29.956175,31.447083,-1285769.010712
max_acceleration,376.773295,17.260000,0.000000,376.773295,249.242203,19.837900,5.483762,20.173042,0.738403,14.995200,1013.161296,31.221502,131.013359,-79.217487,282.738394,293.627333,-1285674.771078
max_qbar_atan_aoa,1172749.295885,2.870000,47.939064,5.073296,1535.344983,13.331425,3.584549,50.297392,95.704629,14.377920,1001.805296,31.222118,131.010819,-10.916934,40.690078,42.129130,-1285763.714718
max_altitude,203.238472,7.550000,0.000000,0.905927,291.213615,18.616176,3.651815,22.018998,203.238472,13.678950,989.071126,31.222010,131.011997,-22.847569,152.893206,154.591056,-1285706.612957
final_point,0.025040,17.320000,0.000000,153.574770,42.955567,49.377084,2.812497,8.374434,0.025040,14.999837,1013.246992,31.221499,131.013360,-79.447110,282.840597,293.787764,-1285674.895006
parachute_deploy,1.000000,11.610000,0.000000,11.919112,603.113505,13.828267,2.097895,31.571987,127.281248,14.172672,998.052302,31.221892,131.012955,-35.938880,244.167978,246.799125,-1285662.889513
max_thrust,855.293775,0.070000,855.293775,81.127089,2.684714,76.931042,3.728578,2.093908,3.035126,14.980272,1012.885431,31.222216,131.010392,-0.007118,0.012571,0.014446,-1285779.122822
initial_point,3.000000,0.000000,2.282812,0.000000,0.000000,90.000000,0.000000,0.000000,3.000000,14.980500,1012.889649,31.222216,131.010392,0.000000,0.000000,0.000000,-1285779.124571
launch_clear,7.810603,0.540000,349.270324,28.247963,213.550598,26.072569,4.383333,18.679207,7.810603,14.949231,1012.312031,31.222207,131.010410,-0.973402,1.719037,1.975500,-1285778.885395
max_speed,51.508408,2.410000,92.073441,16.322959,1613.467725,6.784170,3.835745,51.508408,74.423258,14.516249,1004.341104,31.222145,131.010701,-7.864448,29.477181,30.508268,-1285767.925604
max_dynamic_pressure,1613.467725,2.410000,92.073441,16.322959,1613.467725,6.784170,3.835745,51.508408,74.423258,14.516249,1004.341104,31.222145,131.010701,-7.864448,29.477181,30.508268,-1285767.925604
max_acceleration,434.645130,17.220000,0.000000,434.645130,285.263709,20.908060,2.136581,21.581675,0.799604,14.994803,1013.153944,31.221676,131.013295,-59.885598,276.639398,283.047835,-1285662.848669
max_qbar_atan_aoa,1239460.619216,2.870000,47.939064,5.511959,1545.493869,13.997253,4.419884,50.463198,95.639906,14.378341,1001.813001,31.222143,131.010811,-8.113373,39.899548,40.716114,-1285761.930203
max_altitude,202.593416,7.540000,0.000000,1.571681,314.928813,17.604787,4.066543,22.897307,202.593416,13.683143,989.147121,31.222144,131.011949,-7.972237,148.379396,148.593467,-1285697.333642
final_point,0.046041,17.280000,0.000000,197.992728,47.237732,47.477399,1.895624,8.781944,0.046041,14.999701,1013.244469,31.221673,131.013297,-60.185051,276.767062,283.236094,-1285663.013621
parachute_deploy,1.000000,11.600000,0.000000,12.137611,608.200816,13.370278,2.579836,31.703790,126.577896,14.177244,998.135774,31.222108,131.012879,-11.927327,236.979647,237.279746,-1285647.851826
max_thrust,855.293775,0.070000,855.293775,81.127089,2.684714,76.931042,3.728578,2.093908,3.035126,14.980272,1012.885431,31.222216,131.010392,-0.007118,0.012571,0.014446,-1285779.122822
initial_point,3.000000,0.000000,2.282812,0.000000,0.000000,90.000000,0.000000,0.000000,3.000000,14.980500,1012.889649,31.222216,131.010392,0.000000,0.000000,0.000000,-1285779.124571
launch_clear,7.810603,0.540000,349.270324,28.247963,213.550598,26.072569,4.383333,18.679207,7.810603,14.949231,1012.312031,31.222207,131.010410,-0.973402,1.719037,1.975500,-1285778.885395
max_speed,51.804226,2.490000,76.093749,25.870532,1631.492351,7.601758,2.659504,51.804226,77.999489,14.493003,1003.914611,31.222161,131.010714,-6.078233,30.698428,31.294391,-1285765.763280
max_dynamic_pressure,1631.492351,2.490000,76.093749,25.870532,1631.492351,7.601758,2.659504,51.804226,77.999489,14.493003,1003.914611,31.222161,131.010714,-6.078233,30.698428,31.294391,-1285765.763280
max_acceleration,400.901146,17.130000,0.000000,400.901146,239.469869,24.802742,5.562874,19.773599,0.723186,14.995299,1013.163124,31.221846,131.013217,-41.077952,269.186014,272.302756,-1285652.153022
max_qbar_atan_aoa,1316520.314657,2.870000,47.939064,5.664289,1568.567603,14.648788,5.267645,50.837877,95.383920,14.380005,1001.843472,31.222168,131.010802,-5.365969,39.072991,39.439739,-1285760.212266
max_altitude,200.795477,7.510000,0.000000,2.925025,362.961728,16.885687,3.508742,24.579383,200.795477,13.694829,989.358963,31.222274,131.011895,6.441682,143.187711,143.332493,-1285688.828423
final_point,0.003465,17.190000,0.000000,218.200515,62.128905,41.491746,12.163155,10.071453,0.003465,14.999977,1013.249584,31.221843,131.013219,-41.391083,269.318866,272.481483,-1285652.325887
parachute_deploy,1.000000,11.560000,0.000000,13.130059,618.090856,13.912383,1.863605,31.958212,125.077275,14.186998,998.313882,31.222318,131.012792,11.329225,228.691475,228.971801,-1285634.075304
max_thrust,855.293775,0.070000,855.293775,81.127089,2.684714,76.931042,3.728578,2.093908,3.035126,14.980272,1012.885431,31.222216,131.010392,-0.007118,0.012571,0.014446,-1285779.122822
initial_point,3.000000,0.000000,2.282812,0.000000,0.000000,90.000000,0.000000,0.000000,3.000000,14.980500,1012.889649,31.222216,131.010392,0.000000,0.000000,0.000000,-1285779.124571
launch_clear,7.810603,0.540000,349.270324,28.247963,213.550598,26.072569,4.383333,18.679207,7.810603,14.949231,1012.312031,31.222207,131.010410,-0.973402,1.719037,1.975500,-1285778.885395
max_speed,52.271556,2.490000,76.093749,30.175670,1661.106030,7.402908,2.909371,52.271556,77.716125,14.494845,1003.948399,31.222177,131.010708,-4.280438,30.132813,30.435324,-1285764.653847
max_dynamic_pressure,1661.106030,2.490000,76.093749,30.175670,1661.106030,7.402908,2.909371,52.271556,77.716125,14.494845,1003.948399,31.222177,131.010708,-4.280438,30.132813,30.435324,-1285764.653847
max_acceleration,384.140364,16.970000,0.000000,384.140364,192.813876,33.940152,12.098735,17.743026,0.639499,14.995843,1013.173177,31.222011,131.013129,-22.710681,260.752621,261.740044,-1285642.394202
max_qbar_atan_aoa,1404785.644577,2.860000,47.178127,6.146502,1606.160013,15.265064,6.111888,51.441284,94.503739,14.385726,1001.948252,31.222191,131.010791,-2.746388,38.007637,38.106738,-1285758.739072
max_altitude,197.949702,7.460000,0.000000,4.004773,433.366558,17.160114,1.412901,26.853980,197.949702,13.713327,989.694342,31.222397,131.011835,20.083494,137.446740,138.906145,-1285681.270718
final_point,0.050903,17.020000,0.000000,333.062518,75.424944,37.764082,11.155250,11.096954,0.050903,14.999669,1013.243885,31.222009,131.013130,-22.987221,260.861764,261.872910,-1285642.551728
parachute_deploy,1.000000,11.510000,0.000000,13.039810,634.576219,16.437960,1.458264,32.377092,122.189258,14.205770,998.656732,31.222517,131.012700,33.371209,219.905060,222.422390,-1285621.571955
max_thrust,855.293775,0.070000,855.293775,81.127089,2.684714,76.931042,3.728578,2.093908,3.035126,14.980272,1012.885431,31.222216,131.010392,-0.007118,0.012571,0.014446,-1285779.122822
