<?xml version="1.0" encoding="UTF-8"?>
<kml xmlns="http://www.opengis.net/kml/2.2" xmlns:gx="http://www.google.com/kml/ext/2.2">
    <Document id="1969">
        <Style id="1972">
            <LineStyle id="1973">
                <color>ff0000ff</color>
                <colorMode>normal</colorMode>
                <width>3</width>
            </LineStyle>
        </Style>
        <Style id="1976">
            <LineStyle id="1977">
                <color>ff00ff00</color>
                <colorMode>normal</colorMode>
                <width>3</width>
            </LineStyle>
        </Style>
        <Placemark id="1971">
            <name>flight_path</name>
            <styleUrl>#1972</styleUrl>
            <LineString id="1970">
                <altitudeMode>relativeToGround</altitudeMode>
                <coordinates>131.010392,31.222216000000007,3.000000004412624 131.0103920000045,31.222215999991075,3.0000027652305543 131.0103920000085,31.222215999994766,3.0000030853541984 131.0103920000085,31.222215999994766,3.0000030853541984 131.01039200000852,31.222215999994766,3.0000030853541984 131.01039201539675,31.22221599246117,3.0023884986471163 131.0103920617776,31.22221596990869,3.015331231721257 131.01039213193175,31.22221593580231,3.0351264363252404 131.01039220552698,31.222215900001803,3.055106219166761 131.0103923261533,31.222215841380503,3.090004394730484 131.01039241011944,31.222215800500727,3.1115340872331685 131.01039255023213,31.22221573238213,3.151063460926564 131.0103926908424,31.222215663995925,3.189784893121109 131.01039284206664,31.22221559043897,3.23111772340097 131.01039301222698,31.2222155076778,3.2778754514712065 131.01039319835945,31.22221541714896,3.329057119327625 131.01039339622227,31.222215320908244,3.383229829375461 131.0103936086097,31.222215217601374,3.4413386621870097 131.01039382835415,31.2222151107022,3.500962017738751 131.0103940692252,31.222214993537087,3.566754013292423 131.0103943154942,31.22221487372917,3.6334003425495367 131.0103945800907,31.22221474501192,3.705270765720048 131.01039485370347,31.222214611898128,3.779219998303775 131.01039513986652,31.222214472675024,3.856442763351153 131.01039544418495,31.22221432462593,3.9388336136528577 131.01039575462735,31.22221417358214,4.022328928820314 131.01039608061367,31.222214014978025,4.110111315127456 131.01039641907315,31.22221385030192,4.20114441129061 131.01039677261693,31.22221367828824,4.296310626724281 131.01039713608534,31.22221350143773,4.393868548192477 131.010397517966,31.22221331563664,4.496683993164735 131.01039790540767,31.22221312711366,4.600420125064151 131.01039830590005,31.22221293223868,4.707604968129808 131.01039871921526,31.222212731122088,4.8181619013200345 131.01039914602634,31.222212523437697,4.932317992273902 131.0103995843797,31.222212310132328,5.049414803571431 131.01040002919007,31.222212093670787,5.167739039340097 131.010400488852,31.222211869984235,5.290119088179969 131.01040096154043,31.222211639957216,5.415939478570699 131.01040144391652,31.222211405208075,5.544076156420129 131.01040193996343,31.222211163806087,5.675869112702848 131.01040244347448,31.22221091875968,5.809230869593894 131.01040295825328,31.222210668225145,5.945439804389508 131.01040348638034,31.22221041119396,6.085193185839201 131.01040402793237,31.222210147628825,6.228514853755213 131.0104045774418,31.22220988018005,6.373570321964543 131.0104051377902,31.2222096074508,6.521325187598352 131.01040571307726,31.222209327453587,6.673149607941206 131.01040630329675,31.222209040191352,6.829037586096744 131.01040689520636,31.22220875208352,6.984563197684807 131.01040750096558,31.22220845723537,7.143787353550456 131.0104081214021,31.222208155245536,7.306979827983644 131.01040875222748,31.222207848192888,7.472708023785239 131.01040938861175,31.222207538419,7.639365051166282 131.0104100415545,31.222207220590928,7.810603337186065 131.01041070492113,31.22220689768276,7.98437975261839 131.0104113765162,31.222206570758807,8.159965504549577 131.0104120622233,31.22220624092616,8.339288810191986 131.010412758959,31.222205901607875,8.520284705755946 131.0104134669701,31.222205558559583,8.704092506952234 131.0104141941131,31.22220520587779,8.892822647915736 131.01041492680838,31.222204850444577,9.0820709431143 131.01041567161064,31.222204489070418,9.2739972363863 131.01041643205448,31.22220412002172,9.46975460725239 131.01041720973174,31.22220374250908,9.669860991311138 131.0104179860495,31.22220336561201,9.868206625941152 131.01041877761668,31.222202981212387,10.070258510151566 131.01041959182157,31.22220258567305,10.278451248785448 131.0104204105975,31.22220218783849,10.486834138932604 131.01042123662032,31.222201786401754,10.696292223742516 131.0104220799684,31.222201376403813,10.910171202976205 131.0104229377882,31.222200959233376,11.127542135884392 131.0104238026726,31.22220053853301,11.345946931476572 131.01042467712685,31.22220011306756,11.566227306735335 131.0104255673488,31.222199679769943,11.790484551736588 131.01042647350096,31.22219923854701,12.018806242508568 131.01042738025822,31.222198796974936,12.24600419065919 131.01042830457772,31.22219834665924,12.477865883283666 131.01042923940807,31.22219789108009,12.712018846010732 131.01043018369555,31.222197430756967,12.94811698446766 131.01043113561738,31.222196966592072,13.18554146175134 131.01043210553388,31.22219649342528,13.427964496051247 131.01043308453535,31.22219601568017,13.672293652085688 131.010434067196,31.222195536062376,13.916591605819356 131.0104350663916,31.2221950481432,14.16552175649804 131.0104360789334,31.22219455350016,14.418014673754737 131.01043709205155,31.222194058518152,14.669389942844006 131.01043811918112,31.22219355647144,14.924641441248616 131.0104391582025,31.22219304840833,15.1830718673033 131.01044020456197,31.22219253660852,15.442994363194147 131.01044125882865,31.222192020784146,15.70464895772032 131.0104423241577,31.22219149934139,15.969327598307611 131.0104433995616,31.22219097276877,16.236720312569194 131.01044447935448,31.222190443930227,16.504572901597843 131.01044557154245,31.22218990877932,16.776205206800498 131.01044667412654,31.22218936831445,17.05091114787081 131.01044777987445,31.22218882619417,17.325664632974917 131.01044889953096,31.222188276967746,17.60514816815584 131.010450025637,31.222187724409142,17.886227891385907 131.01045115452305,31.22218717038498,18.16725296315931 131.01045229681455,31.22218660948025,18.4531654626214 131.01045344591475,31.222186045043827,18.741066775116288 131.0104546011181,31.22218547743393,19.03065635608861 131.0104557649536,31.222184905351394,19.32325978083114 131.0104569332611,31.222184330920424,19.61689060268897 131.01045810662464,31.222183753839523,19.91188595997861 131.0104592915361,31.22218317076097,20.211855237913767 131.01046047539467,31.22218258816576,20.510061813980226 131.0104616703827,31.22218199976965,20.8133400720078 131.01046287153346,31.222181408121635,21.119129028153715 131.0104640741269,31.222180815666256,21.42462773867375 131.01046528256524,31.22218022011776,21.732574233284367 131.0104665030146,31.222179618248152,22.04727974988708 131.01046772298628,31.222179016558712,22.360692695096883 131.0104689435604,31.22217841449869,22.673304431195124 131.0104701771643,31.222177805535864,22.99437425289048 131.01047140714573,31.222177198406968,23.311814816990257 131.0104726428627,31.22217658819005,23.632694969927204 131.01047389039016,31.22217597163596,23.962732350486537 131.0104751284194,31.22217536005816,24.283621319680176 131.0104763775288,31.22217474250685,24.61361874152275 131.01047763154705,31.222174122230854,24.948030895286745 131.01047887907663,31.22217350537734,25.274900611057223 131.01048013807284,31.22217288224188,25.613620763091955 131.0104813946229,31.22217226033928,25.94927393174381 131.0104826515226,31.22217163817169,26.2845911965096 131.01048391590135,31.222171011772808,26.63002783028519 131.01048517668698,31.222170387266885,26.970213019068247 131.01048643915604,31.222169761731795,27.3125955963418 131.0104877060323,31.22216913356249,27.66346741249514 131.01048896949027,31.22216850724214,28.00801436833744 131.01049023562055,31.22216787924242,28.358830719367724 131.01049150221905,31.22216725079608,28.712528851495488 131.01049276698782,31.222166623332807,29.061778194262576 131.01049403400387,31.222165994238694,29.42173607776336 131.01049529900405,31.22216536624956,29.776491771589903 131.01049656380894,31.22216473817648,30.13343373565021 131.0104978284131,31.222164109759127,30.499736623634085 131.01049909152437,31.222163482261063,30.85873329918679 131.01050035378387,31.22216285489357,31.2231760766978 131.0105016142504,31.22216222811923,31.59348127351215 131.01050287409095,31.222161601790862,31.957427089803183 131.01050413124406,31.222160976394164,32.33051310600715 131.01050538736135,31.22216035152993,32.70061282330912 131.01050664194997,31.2221597273194,33.07132257069952 131.01050789163034,31.222159105135173,33.4523767598381 131.0105091420919,31.22215848273052,33.825660218455305 131.01051038932496,31.222157861713107,34.20335382652483 131.0105116306954,31.22215724327821,34.589774626914675 131.0105128748484,31.222156623683567,34.96599338187464 131.01051411126056,31.22215600753526,35.3538496374931 131.01051534615328,31.22215539212052,35.74018559161576 131.01051658062912,31.22215477691561,36.1237752796994 131.01051780571242,31.22215416602399,36.518975873927936 131.01051903310838,31.222153554103272,36.90685337000927 131.0105202550216,31.2221529447301,37.29965123653168 131.0105214710821,31.22215233810818,37.69720792992679 131.01052268895643,31.222151730652605,38.08901445965514 131.01052389703582,31.22215112781716,38.49057229641477 131.01052510574948,31.222150524700755,38.88800766099868 131.01052631153,31.22214992298004,39.28610949356811 131.01052750722084,31.222149326081016,39.69331389532197 131.01052870608882,31.222148727674806,40.093617533146926 131.01052989820627,31.22214813250791,40.4989128023616 131.0105310847949,31.222147540012674,40.907529918644094 131.01053227254044,31.22214694696292,41.3119010048768 131.01053344800806,31.22214635986254,41.72715249757225 131.01053462729243,31.22214577091687,42.135213920604656 131.01053580086867,31.22214518474552,42.54679648712528 131.01053696323413,31.22214460405289,42.96787574688744 131.01053813303923,31.22214401972433,43.377926596460405 131.01053928954548,31.222143441911648,43.79987731407772 131.01054044775293,31.22214286326859,44.217162228117296 131.0105416021736,31.22214228648633,44.63590792762984 131.0105427473568,31.222141714265973,45.06229619627482 131.01054389648388,31.222141140095754,45.481513549654274 131.0105450351141,31.22214057112504,45.91006106735299 131.01054617398978,31.222140002035168,46.33569259701678 131.01054731097986,31.222139433878905,46.760855523179536 131.01054843812386,31.222138870634605,47.19531738216073 131.0105495699086,31.22213830507087,47.62147739378469 131.0105506924189,31.222137744148323,48.05672348643436 131.010551815067,31.22213718315828,48.48931516167978 131.01055293542066,31.222136623318207,48.92236753516495 131.01055404802187,31.222136067389183,49.3637735554292 131.01055516477038,31.222135509362587,49.79674602638676 131.0105562726152,31.22213495584507,50.24055911544167 131.01055738265143,31.222134401215698,50.67864825938228 131.0105584893105,31.222133848302207,51.11974032747921 131.0105595911502,31.22213329785528,51.56710678058801 131.01056069580278,31.222132745964675,52.0069523624766 131.0105617940127,31.22213219738834,52.45719397157506 131.0105628937416,31.222131648030874,52.9022662510108 131.01056399133614,31.222131099777865,53.34984517923635 131.01056508557454,31.22213055328323,53.8042550828352 131.01056618209364,31.222130005592447,54.25031442358453 131.01056727439095,31.22212946013701,54.7076512941336 131.010568367872,31.22212891406108,55.159679034120416 131.01056946035268,31.22212836852586,55.61384814406402 131.01057055186288,31.22212782353908,56.07226193056592 131.01057164405367,31.222127278180736,56.52543798342269 131.01057273513527,31.222126733498747,56.98875646273719 131.01057382695802,31.222126188401283,57.44548575108856 131.0105749187557,31.22212564338165,57.90681080814856 131.0105760110737,31.22212509813861,58.36991710030014 131.01057710357136,31.222124552783445,58.82873506891936 131.01057819792285,31.22212400662991,59.299393063383455 131.01057929174883,31.222123460664168,59.760033224141054 131.01058038779215,31.22212291368184,60.229240157374335 131.01058148452063,31.22212236635376,60.69646527280282 131.01058258184528,31.222121818730823,61.162328471415165 131.01058368290657,31.22212126931264,61.63641169947766 131.01058478273671,31.222120720465497,62.10286737894861 131.0105858872964,31.222120169321627,62.57836339740072 131.01058699160384,31.222119618281823,63.04933112997777 131.01058809809828,31.222119066163444,63.52190838791009 131.01058920876417,31.222118511982885,63.999413445192445 131.01059031780292,31.222117958590857,64.47038728166302 131.01059143484363,31.22211740123048,64.95248457421985 131.01059254957644,31.222116844999075,65.42706400027143 131.01059367037283,31.22211628574104,65.90837865739432 131.01059479157746,31.222115726265745,66.38695193866151 131.0105959143808,31.22211516598193,66.86483353547298 131.01059704378255,31.222114602375257,67.34896446408725 131.01059817091735,31.222114039896947,67.82671793794906 131.0105993085642,31.22211347210691,68.31552901150113 131.01060044301002,31.2221129059206,68.79685953896244 131.01060158297335,31.222112336932103,69.2822940382025 131.01060272726627,31.222111765732127,69.77001786012674 131.01060386956763,31.222111195536943,70.25223400241092 131.01060502118503,31.222110620579723,70.74277656090975 131.01060617337473,31.22211004531521,71.23089072836348 131.01060732511942,31.22210947027253,71.71551166178875 131.01060848342598,31.22210889185068,72.20491962731472 131.01060964666706,31.22210831087236,72.69711457850428 131.01061080979062,31.222107729943524,73.18620119940678 131.01061197478876,31.22210714803875,73.67455377170579 131.01061314536906,31.22210656322727,74.16654575047302 131.01061431840972,31.222105977122183,74.65854033843914 131.0106154928994,31.22210539025156,75.14936563938502 131.01061666959242,31.2221048022202,75.63995079391204 131.01061785016205,31.22210421214359,76.13240075367555 131.0106190326185,31.222103621061468,76.62435878178793 131.01062021686255,31.222103029025423,77.1157359476766 131.01062140350652,31.22210243570735,77.60738100939442 131.01062259230693,31.222101841230582,78.09908135555123 131.01062378285687,31.222101245808023,78.59038066188853 131.01062497512993,31.22210064945024,79.08132339857893 131.01062616948923,31.22210005195588,79.57254593806967 131.01062736566243,31.222099453465297,80.06379772273561 131.0106285634751,31.222098854067927,80.55494119831572 131.01062976255977,31.22209825396028,81.04550415242899 131.01063096284312,31.22209765317864,81.53547062726835 131.01063216497516,31.22209705135323,82.02619777097932 131.0106333679888,31.22209644901616,82.51610798523593 131.0106345722563,31.22209584595237,83.00607153684629 131.01063577751313,31.222095242303062,83.4957742500329 131.01063698378857,31.2220946380418,83.98553177102299 131.0106381906379,31.22209403342097,84.47445674852646 131.01063939828487,31.22209342829821,84.96340407353799 131.01064060654835,31.22209282276774,85.45224074379799 131.01064181517242,31.22209221697814,85.94038871377114 131.010643024261,31.22209161084663,86.42868318425533 131.01064423365915,31.22209100445036,86.9171154752606 131.0106454430784,31.2220903979816,87.4043979349675 131.0106466526168,31.22208979133878,87.89194104607473 131.01064786206408,31.222089184657207,88.37893964305741 131.0106490713465,31.22208857797106,88.86547638946304 131.01065028036308,31.222087971325937,89.35169131429299 131.01065148898724,31.222087364777487,89.83779751464111 131.01065269714067,31.22208675837829,90.32345783413062 131.01065390469986,31.222086152181173,90.8089283902884 131.01065511163435,31.22208554621688,91.29382089241888 131.01065631782066,31.222084940539947,91.77835135485115 131.01065752326596,31.222084335161668,92.26215143342417 131.01065872777073,31.22208373016691,92.74564759420744 131.01065993117024,31.222083125633088,93.22900828027257 131.01066113354483,31.222082521538344,93.71177601720656 131.01066233477124,31.22208191793977,94.19410925026332 131.0106635347829,31.22208131487288,94.6759863142092 131.010664733816,31.22208071224286,95.15679864449068 131.01066593136187,31.2220801102734,95.6374463234809 131.01066712776188,31.222079508823057,96.11715142752053 131.01066832243262,31.22207890815282,96.59684595500256 131.01066951590195,31.222078308034483,97.07553948712518 131.01067070745407,31.22207770879156,97.55430625011142 131.0106718977522,31.22207711013088,98.03204518175242 131.01067308654348,31.22207651216864,98.50910933837513 131.01067427344287,31.22207591508452,98.9859700991734 131.0106754587457,31.222075318747617,99.4621618193925 131.0106766426869,31.22207472305183,99.93735861311188 131.01067782454194,31.222074128334395,100.41246320886172 131.01067900490816,31.22207353432222,100.88668011771072 131.01068018331608,31.22207294123556,101.36057778598304 131.0106813601552,31.222072348895423,101.83366373586787 131.0106825354206,31.22207175730557,102.30594461250304 131.0106837089381,31.22207116654973,102.77762013473486 131.01068488070018,31.22207057663361,103.2486949322942 131.0106860508656,31.22206998748408,103.71899149006104 131.0106872193934,31.22206939912182,104.18856697261327 131.0106883864814,31.222068811454527,104.6572110244374 131.01068955159968,31.22206822473516,105.1255380872499 131.0106907154743,31.222067638619965,105.59274889707504 131.0106918774725,31.222067053411124,106.05958263436736 131.01069303798286,31.222066468924783,106.5256281572366 131.01069419743257,31.222065884957257,106.99043070616813 131.01069535510263,31.22206530185321,107.45484459329712 131.0106965115201,31.222064719361303,107.91830575780791 131.01069766689042,31.22206413738329,108.38061210028654 131.0106988206236,31.222063556202954,108.84250207812931 131.0106999734922,31.222062975449592,109.30310738113864 131.01070112500196,31.222062395361124,109.76307044805256 131.0107022750127,31.2220618160056,110.2226341516986 131.01070342435716,31.22206123698203,110.68081011579606 131.0107045726835,31.222060658459824,111.13809088384548 131.0107057200402,31.222060080415684,111.5944838792688 131.0107068662233,31.22205950294808,112.0503460574594 131.01070801167316,31.22205892584432,112.5051463752093 131.01070915637655,31.222058349110505,112.95896358895745 131.0107103001586,31.22205777283076,113.41214458676104 131.01071144335123,31.222057196844474,113.86427402281502 131.01071258600788,31.2220566211254,114.3153374286386 131.01071372779154,31.222056045835373,114.7660076921332 131.01071486940566,31.22205547063478,115.21516574533516 131.01071601010855,31.22205489587981,115.66426509422628 131.01071715062787,31.22205432121957,116.11206405143894 131.01071829071768,31.222053746771287,116.55913700892576 131.01071943051423,31.22205317246843,117.00533943442112 131.01072056997813,31.222052598328364,117.45091512285028 131.0107217092981,31.222052024259696,117.89555643041513 131.01072284852972,31.22205145023468,118.33924426564111 131.01072398770958,31.222050876234327,118.7820338077862 131.010725126837,31.222050302256672,119.22413982348526 131.0107262661197,31.22204972820295,119.6650120817494 131.0107274054578,31.222049154116903,120.10524624161624 131.0107285449924,31.222048579930863,120.54450843363148 131.01072968476797,31.22204800562216,120.98280127659469 131.01073082483157,31.22204743116664,121.42014015214076 131.01073196519164,31.222046856554588,121.85697425412717 131.01073310598252,31.22204628172813,122.2924070175383 131.0107342471838,31.222045706687386,122.72728262195471 131.01073538887465,31.22204513139242,123.16153868519936 131.01073653110183,31.222044555824688,123.5947206972692 131.0107376739052,31.222043979960056,124.02710869890896 131.01073881733703,31.22204340377132,124.45871295944616 131.01073996145496,31.222042827227263,124.88963624707328 131.0107411062066,31.22204225036416,125.31911610593112 131.0107422517099,31.222041673111693,125.747882526318 131.0107433980006,31.222041095452425,126.17581869674322 131.01074454507005,31.222040517393246,126.60270489348048 131.0107456930564,31.222039938855648,127.02904711990092 131.01074684181634,31.22203935992341,127.45407689729475 131.01074799141895,31.22203878055716,127.87803872874564 131.01074914214368,31.222038200599247,128.30180597228068 131.010750293819,31.222037620148058,128.72463778171442 131.01075144634632,31.222037039258968,129.1462065790684 131.0107525999668,31.22203645779612,129.5672016449026 131.0107537546143,31.22203587579697,129.98734192209366 131.01075491032776,31.22203529323943,130.40669455257083 131.01075606713536,31.222034710107344,130.82529281804415 131.0107572250312,31.222034126403603,131.243087202875 131.01075838388624,31.222033542200272,131.6597379443948 131.01075954382645,31.22203295742576,132.07554496423856 131.01076070484342,31.22203237208398,132.49046795154877 131.01076186683136,31.2220317862338,132.9042542293491 131.0107630298776,31.22203119982488,133.31710878917673 131.0107641943763,31.22203061263212,133.72992138130908 131.01076535962375,31.22203002505403,134.14109859931807 131.0107665259934,31.22202943687716,134.55150686628653 131.01076769354964,31.22202884806267,134.96129757676616 131.0107688620861,31.222028258727043,135.3700264525127 131.01077003164804,31.22202766884288,135.77781851690176 131.01077120211033,31.222027078480767,136.1844160598717 131.01077237363674,31.222026487543715,136.59022193043512 131.0107735462462,31.2220258960178,136.99531904317033 131.01077471965823,31.222025304065443,137.39908933529773 131.01077589407822,31.22202471156364,137.80205620656764 131.01077706957932,31.222024118465068,138.20445678535864 131.01077824600756,31.22202352485824,138.60597100912935 131.0107794231636,31.222022930861588,139.0061306882311 131.01078060119997,31.222022336380064,139.4053814807153 131.01078178022345,31.22202174134287,139.8041049202983 131.01078296008197,31.22202114583916,140.20196731845067 131.0107841407047,31.22202054991017,140.5988263221273 131.0107853220563,31.22201995357496,140.99464160165854 131.01078650420067,31.22201935678696,141.3897223369833 131.01078768693614,31.222018759674143,141.78346559004348 131.01078887046708,31.222018162093217,142.17674218618714 131.0107900546224,31.22201756415261,142.56904678850677 131.01079123942628,31.222016965828555,142.96061542207744 131.01079242476408,31.222016367197817,143.35104129239292 131.0107936106168,31.22201576826944,143.7403321008751 131.01079479702685,31.22201516899642,144.12899497378993 131.0107959839212,31.22201456942292,144.51686383713044 131.0107971712825,31.22201396954575,144.90416190159905 131.01079835901925,31.2220133694464,145.2901936560782 131.0107995471339,31.222012769107103,145.67527890545102 131.01080073559203,31.22201216851063,146.06006143408263 131.01080192434185,31.222011567740363,146.44345271616285 131.01080311334513,31.222010966768163,146.82633807653383 131.0108043025712,31.222010365634404,147.20824703611325 131.01080549203283,31.222009764353206,147.58880690695713 131.01080668165076,31.222009162935887,147.96853749610912 131.01080787141183,31.22200856140205,148.34719973275386 131.0108090612808,31.22200795976736,148.72483296725127 131.01081025122548,31.222007358047904,149.10143736217293 131.01081144121423,31.22200675625973,149.47701307411953 131.01081263121563,31.22200615441867,149.85156027061717 131.0108138211988,31.222005552540367,150.22507911123347 131.0108150111333,31.222004950640248,150.59756975652215 131.01081620098918,31.22200434873354,150.96903236603555 131.0108173907371,31.22200374683521,151.3394670993191 131.01081858034811,31.222003144959967,151.70887411193462 131.01081976979413,31.22200254312224,152.07725356639446 131.0108209590475,31.22200194133613,152.44460561228175 131.0108221480814,31.222001339615456,152.81093041308753 131.01082333686963,31.22200073797368,153.17622812036888 131.0108245253868,31.2220001364239,153.5404988936261 131.01082571360817,31.22199953497891,153.9037428873827 131.01082690150983,31.2219989336511,154.26596025615447 131.01082808906872,31.22199833245246,154.62715115942018 131.01082927626248,31.221997731394616,154.98731574969256 131.01083046306977,31.22199713048876,155.346454185441 131.0108316494699,31.221996529745688,155.70456662413423 131.01083283544327,31.221995929175755,156.06165322422575 131.010834020971,31.22199532878892,156.41771414018734 131.01083520603513,31.22199472859468,156.7727495334403 131.01083639061855,31.221994128602084,157.12675956440387 131.0108375747053,31.22199352881976,157.47974439746676 131.0108387582801,31.22199292925588,157.83170418806338 131.01083994132864,31.22199232991813,158.1826391055372 131.01084112383757,31.221991730813787,158.53254930928307 131.01084230579443,31.221991131949643,158.8814349716107 131.01084348718774,31.22199053333204,159.22929625885797 131.01084466800688,31.221989934966867,159.57613333934324 131.01084584824216,31.221989336859544,159.9219463893288 131.01084702788486,31.22198873901504,160.26673557910547 131.01084820692716,31.22198814143785,160.61050108690768 131.01084938536206,31.221987544132062,160.95324309195695 131.01085056318357,31.22198694710128,161.29496177247202 131.01085174038647,31.22198635034868,161.63565731461665 131.01085291696648,31.22198575387699,161.97532990454596 131.01085409292023,31.221985157688486,162.31397973039515 131.0108552682451,31.221984561785057,162.65160698426791 131.01085644293948,31.221983966168107,162.9882118741618 131.01085761700236,31.22198337083868,163.32379459017685 131.01085879043367,31.22198277579737,163.6583553462594 131.01085996323408,31.221982181044403,163.9918943434263 131.01086113540512,31.221981586579588,164.3244117936208 131.01086230694904,31.22198099240232,164.6559079107654 131.01086347786878,31.221980398511672,164.9863829097687 131.0108646481681,31.221979804906294,165.31583701447735 131.01086581785142,31.22197921158449,165.6442704467418 131.01086698692384,31.221978618544213,165.97168343138648 131.01086815539108,31.221978025783105,166.29807620117947 131.01086932325956,31.221977433298417,166.62344898987487 131.01087049053635,31.22197684108712,166.94780203420018 131.01087165722907,31.221976249145857,167.27113557385792 131.01087282334595,31.221975657470967,167.5934498505293 131.01087398889575,31.2219750660585,167.9147451188093 131.01087515388784,31.22197447490421,168.23502162235172 131.01087631833198,31.221973884003624,168.55427961772327 131.01087748223858,31.22197329335196,168.8725193614828 131.01087864561833,31.22197270294421,169.18974111912692 131.01087980848254,31.221972112775155,169.50594514819255 131.01088097084286,31.22197152283931,169.8211317191296 131.01088213271132,31.221970933130983,170.13530109741072 131.0108832941004,31.22197034364428,170.4484535644033 131.010884455023,31.221969754373127,170.76058938953972 131.0108856154921,31.22196916531126,171.0717088551656 131.0108867755212,31.221968576452248,171.38181224163057 131.0108879351241,31.22196798778951,171.69089983225845 131.0108890943147,31.221967399316306,171.99897191732222 131.01089025310733,31.221966811025748,172.30602878311183 131.01089141151647,31.22196622291084,172.61207072386023 131.01089256955677,31.221965634964462,172.917098031805 131.01089372724311,31.221965047179395,173.22111100712715 131.01089488459053,31.22196445954831,173.5241099440364 131.01089604161416,31.22196387206382,173.82609514369184 131.01089719832927,31.22196328471845,174.12706690923346 131.01089835475128,31.221962697504665,174.42702554379198 131.01089951089563,31.22196211041486,174.72597135148615 131.01090066677787,31.2219615234414,175.02390464238877 131.0109018224136,31.22196093657662,175.3208257186148 131.01090297781832,31.221960349812807,175.61673489320384 131.01090413300776,31.221959763142262,175.91163247720073 131.01090528799747,31.22195917655724,176.20551877865992 131.010906442803,31.221958590050026,176.49839410960467 131.0109075974399,31.221958003612905,176.79025878006297 131.0109087519237,31.22195741723819,177.08111310800555 131.01090990626963,31.22195683091821,177.37095740145725 131.01091106049316,31.22195624464532,177.6597919724109 131.01091221460945,31.22195565841192,177.94761713483945 131.01091336863357,31.22195507221045,178.23443320370245 131.01091452258046,31.221954486033432,178.52024048898247 131.010915676465,31.2219538998734,178.8050393046301 131.01091683030182,31.22195331372301,179.088829958625 131.0109179841054,31.22195272757496,179.371612764903 131.01091913789008,31.22195214142204,179.6533880314291 131.01092029166995,31.22195155525711,179.9341560661609 131.01092144545896,31.22195096907315,180.21391718003088 131.0109225992708,31.221950382863216,180.4926716760123 131.010923753119,31.22194979662044,180.77041986502223 131.01092490701677,31.221949210338124,181.0471620450508 131.0109260609772,31.22194862400961,181.32289852203087 131.01092721501303,31.2219480376284,181.5976295969197 131.01092836913685,31.221947451188104,181.87135556669097 131.01092952336091,31.22194686468247,182.1440767302996 131.0109306776972,31.221946278105328,182.4157933827165 131.0109318321574,31.221945691450685,182.6865058149316 131.01093298675306,31.22194510471264,182.9562143248843 131.01093414149534,31.22194451788548,183.22491919261608 131.01093529639513,31.22194393096357,183.49262071108345 131.01093645146304,31.22194334394144,183.75931916329523 131.01093760670935,31.22194275681377,184.0250148312608 131.0109387621441,31.221942169575367,184.28970799499365 131.010939917777,31.221941582221195,184.55339892953165 131.01094107361746,31.221940994746383,184.81608791089923 131.01094222967458,31.22194040714617,185.07777521312607 131.01094338595715,31.221939819415976,185.33846109930192 131.01094454247365,31.22193923155136,185.59814583946792 131.0109456992323,31.22193864354802,185.85682969570567 131.01094685624096,31.221938055401825,186.11451293009088 131.0109480135072,31.22193746710879,186.37119579872848 131.01094917103825,31.22193687866507,186.62687855871155 131.0109503288411,31.22193629006698,186.88156145817973 131.01095148692238,31.221935701311008,187.1352447482492 131.01095264528843,31.22193511239375,187.38792867406448 131.01095380394523,31.221934523312,187.6396134777828 131.01095496289864,31.221933934062672,187.890299401554 131.0109561221539,31.22193334464285,188.13998667957048 131.01095728171623,31.22193275504975,188.3886755450236 131.0109584415905,31.22193216528073,188.63636623109832 131.0109596017812,31.22193157533333,188.88305896004016 131.01096076229257,31.2219309852052,189.12875396203896 131.0109619231286,31.221930394894148,189.3734514543572 131.0109630842929,31.22192980439811,189.6171516572319 131.01096424578895,31.2219292137152,189.85985478592576 131.01096540761984,31.221928622843624,190.10156105271096 131.01096656978837,31.221928031781765,190.34227066389155 131.01096773229713,31.221927440528127,190.5819838267575 131.0109688951485,31.221926849081346,190.82070074461737 131.01097005834444,31.221926257440185,191.0584216207732 131.01097122188676,31.221925665603543,191.29514664460527 131.01097238577702,31.221925073570457,191.53087601542697 131.01097355001656,31.221924481340068,191.76560992359967 131.01097471460636,31.221923888911647,191.99934855749063 131.01097587954726,31.221923296284604,192.23209210148488 131.0109770448399,31.221922703458432,192.4638407389674 131.0109782104846,31.22192211043276,192.6945946473521 131.01097937648154,31.221921517207328,192.9243540100113 131.01098054283062,31.221920923782,193.1531189924202 131.0109817095315,31.221920330156703,193.38088977197327 131.01098287658382,31.221919736331543,193.6076665131393 131.01098404398684,31.22191914230667,193.8334493863433 131.01098521173964,31.221918548082343,194.0582385510706 131.01098637984117,31.22191795365894,194.28203417177016 131.0109875482902,31.22191735903691,194.50483640195148 131.01098871708535,31.2219167642168,194.72664540306832 131.01098988622496,31.22191616919924,194.94746132861724 131.01099105570725,31.22191557398497,195.16728432214933 131.01099222553037,31.2219149785748,195.386114539136 131.01099339569225,31.221914382969604,195.60395212311508 131.0109945661906,31.22191378717035,195.82079721960648 131.0109957370231,31.22191319117808,196.03664996716583 131.0109969081873,31.221912594993924,196.2515105103056 131.01099807968046,31.22191199861905,196.4653789825996 131.01099925149987,31.221911402054715,196.67825551860847 131.01100042364263,31.22191080530224,196.89014025487435 131.0110015961058,31.221910208362992,197.10103332097617 131.0110027688862,31.221909611238424,197.31093484251 131.0110039419806,31.22190901393001,197.5198449510295 131.0110051153858,31.22190841643931,197.7277637691366 131.0110062890983,31.22190781876792,197.93469142042105 131.01100746311465,31.22190722091748,198.1406280264777 131.01100863743125,31.221906622889684,198.3455737079016 131.01100981204445,31.221906024686263,198.549528583293 131.0110109869505,31.221905426309007,198.7524927642896 131.01101216214568,31.22190482775972,198.95446637146645 131.011013337626,31.221904229040263,199.1554495114787 131.0110145133876,31.22190363015252,199.3554422989255 131.0110156894265,31.221903031098407,199.55444484343013 131.01101686573867,31.221902431879872,199.75245725162827 131.01101804232,31.221901832498904,199.94947963014909 131.01101921916631,31.221901232957485,200.14551208362687 131.01102039627355,31.221900633257647,200.340554719672 131.01102157363746,31.221900033401425,200.53460763396123 131.01102275125385,31.221899433390888,200.72767093309767 131.0110239291185,31.22189883322812,200.91974471274523 131.01102510722697,31.2218982329152,201.11082907452547 131.01102628557518,31.22189763245424,201.3009241150829 131.01102746415873,31.221897031847345,201.49002992708063 131.0110286429733,31.221896431096663,201.6781466081449 131.01102982201456,31.22189583020431,201.8652742529136 131.01103100127824,31.22189522917241,202.05141295204248 131.01103218076,31.22189462800314,202.2365627931997 131.01103336045543,31.22189402669862,202.42072387497933 131.01103454036033,31.221893425261,202.60389627907287 131.0110357204703,31.22189282369243,202.7860800971052 131.01103690078105,31.22189222199503,202.9672754177116 131.01103808128832,31.221891620170965,203.1474823235584 131.01103926198783,31.221891018222333,203.32670090426248 131.01104044287536,31.22189041615128,203.50493124049004 131.01104162394665,31.221889813959915,203.68217341985687 131.01104280519755,31.221889211650343,203.85842752102843 131.0110439866238,31.22188860922465,204.03369363061367 131.01104516822136,31.221888006684928,204.20797182825896 131.01104634998606,31.22188740403324,204.38126219459747 131.01104753191387,31.22188680127164,204.55356480826845 131.01104871400068,31.221886198402167,204.7248797488984 131.01104989624258,31.22188559542683,204.8952070971013 131.01105107863552,31.221884992347647,205.06454692950987 131.01105226117565,31.22188438916661,205.2328993237427 131.01105344385903,31.22188378588568,205.40026435641903 131.01105462668187,31.221883182506804,205.56664210017664 131.01105580964042,31.221882579031902,205.73203263758467 131.01105699273083,31.221881975462896,205.89643603729183 131.0110581759495,31.221881371801647,206.05985237688552 131.01105935929277,31.221880768050028,206.2222817309648 131.01106054275704,31.221880164209864,206.3837241711404 131.0110617263388,31.22187956028297,206.54417976901743 131.01106291003447,31.221878956271137,206.70364860116297 131.0110640938408,31.221878352176123,206.8621307361873 131.01106527775428,31.221877747999635,207.01962625163893 131.01106646177166,31.22187714374341,207.17613521015144 131.01106764588965,31.22187653940912,207.33165768926065 131.01106883010507,31.2218759349984,207.48619375755027 131.01107001441477,31.22187533051289,207.6397434835985 131.01107119881573,31.221874725954187,207.792306940946 131.01107238330485,31.221874121323854,207.9438841971636 131.01107356787918,31.221873516623425,208.09447531981587 131.01107475253585,31.22187291185441,208.2440803824238 131.011075937272,31.2218723070183,208.39269944955777 131.01107712208488,31.22187170211653,208.5403325917441 131.01107830697174,31.221871097150537,208.686979876522 131.01107949192993,31.221870492121703,208.83264137341104 131.01108067695688,31.2218698870314,208.97731714496743 131.01108186205002,31.22186928188094,209.12100726666185 131.01108304720688,31.22186867667164,209.2637118010373 131.0110842324251,31.22186807140477,209.4054308156008 131.01108541770228,31.221867466081576,209.5461643778516 131.01108660303615,31.221866860703248,209.68591255428944 131.0110877884245,31.221866255271,209.82467541041365 131.01108897386518,31.22186564978596,209.9624530156925 131.01109015935603,31.22186504424925,210.09924543461875 131.01109134489505,31.22186443866197,210.23505273167777 131.01109253048028,31.22186383302517,210.3698749773128 131.01109371610974,31.221863227339902,210.5037122340088 131.01109490178163,31.221862621607144,210.63656456921404 131.0110960874941,31.221862015827885,210.7684320463952 131.01109727324544,31.22186141000306,210.89931473497504 131.01109845903397,31.221860804133584,211.02921269840684 131.011099644858,31.22186019822036,211.158126001132 131.01110083071603,31.221859592264224,211.2860547115594 131.01110201660657,31.221858986266007,211.41299889113583 131.01110320252806,31.221858380226525,211.53895860925203 131.0111043884792,31.221857774146542,211.66393392932952 131.01110557445855,31.22185716802681,211.78792491478208 131.01110676046488,31.221856561868048,211.9109316339878 131.01110794649696,31.221855955670943,212.03295414935488 131.01110913255357,31.22185534943617,212.1539925262657 131.01111031863357,31.221854743164368,212.27404683109103 131.0111115047359,31.221854136856145,212.39311712820725 131.0111126908595,31.22185353051209,212.51120348297803 131.01111387700345,31.22185292413277,212.62830595976607 131.01111506316673,31.221852317718724,212.74442462392355 131.01111624934853,31.22185171127046,212.859559537812 131.01111743554796,31.221851104788463,212.9737107727329 131.01111862176427,31.221850498273227,213.08687838706103 131.01111980799666,31.22184989172516,213.19906244810835 131.0111209942445,31.221849285144696,213.31026302218825 131.01112218050707,31.221848678532243,213.4204801696428 131.01112336678375,31.22184807188816,213.5297139627352 131.01112455307407,31.221847465212804,213.6379644608012 131.01112573937746,31.22184685850652,213.74523172814017 131.01112692569336,31.221846251769588,213.85151583401336 131.01112811202137,31.22184564500233,213.9568168397256 131.0111292983611,31.221845038205,214.06113481551995 131.01113048471217,31.221844431377853,214.1644698187121 131.01113167107422,31.22184382452112,214.26682192052573 131.01113285744697,31.221843217635023,214.3681911812468 131.01113404383017,31.22184261071974,214.46857767109168 131.01113523022354,31.221842003775464,214.56798145232 131.01113641662693,31.221841396802343,214.6664025891732 131.01113760304014,31.221840789800524,214.76384114886727 131.0111387894631,31.221840182770134,214.86029719165472 131.0111399758956,31.22183957571128,214.9557707887149 131.0111411623377,31.221838968624063,215.05026200525688 131.01114234878924,31.22183836150856,215.1437709015144 131.01114353525023,31.221837754364827,215.23629754566497 131.01114472172074,31.22183714719292,215.32784200289885 131.01114590820077,31.22183653999288,215.4184043383992 131.01114709469033,31.221835932764726,215.50798461734377 131.01114828118955,31.221835325508472,215.59658290589687 131.01114946769852,31.2218347182241,215.68419926624108 131.01115065421735,31.22183411091161,215.77083376750983 131.0111518407463,31.221833503570984,215.85648647485488 131.0111530272854,31.22183289620217,215.94115744944588 131.01115421383489,31.22183228880513,216.02484676039649 131.01115540039498,31.221831681379783,216.1075544748268 131.01115658696588,31.22183107392609,216.1892806548813 131.01115777354786,31.221830466443954,216.27002536667345 131.01115896014116,31.221829858933297,216.3497886792917 131.01116014674602,31.221829251394023,216.4285706518789 131.0111613333628,31.22182864382604,216.5063713554996 131.0111625199917,31.2218280362292,216.5831908532588 131.01116370663308,31.221827428603422,216.65902921123853 131.01116489328723,31.221826820948568,216.73388649551373 131.01116607995456,31.22182621326452,216.80776277215264 131.01116726663528,31.221825605551125,216.88065810324224 131.01116845332987,31.22182499780824,216.95257256179488 131.01116964003856,31.22182439003572,217.0235062059096 131.01117082676177,31.22182378223341,217.09345910560447 131.01117201349987,31.22182317440118,217.16243132691608 131.01117320025318,31.22182256653884,217.23042293388724 131.01117438702215,31.22182195864624,217.29743399154768 131.0111755738071,31.221821350723207,217.36346456889643 131.01117676060835,31.221820742769577,217.4285147309508 131.01117794742643,31.221820134785183,217.49258454073365 131.01117913426162,31.221819526769835,217.55567406821888 131.01118032111427,31.221818918723383,217.61778337641704 131.01118150798484,31.221818310645645,217.6789125313135 131.01118269487364,31.22181770253644,217.7390616018691 131.01118388178105,31.2218170943956,217.79823065008088 131.01118506870742,31.22181648622293,217.8564197448978 131.01118625565314,31.221815878018287,217.91362895029104 131.01118744261856,31.221815269781487,217.96985833320912 131.01118862960405,31.221814661512354,218.0251079605925 131.01118981660983,31.22181405321073,218.07937789738875 131.01119100363644,31.22181344487644,218.13266820953223 131.01119219068403,31.221812836509308,218.1849789629512 131.01119337775293,31.221812228109204,218.23631022655 131.01119456484355,31.22181161967596,218.28666206226777 131.01119575195602,31.2218110112094,218.33603453998893 131.01119693909078,31.2218104027094,218.3844277236294 131.01119812624796,31.22180979417581,218.4318416780912 131.0111993134279,31.221809185608503,218.4782764742338 131.01120050063082,31.221808577007323,218.52373217495943 131.01120168785687,31.22180796837216,218.56820884912744 131.01120287510636,31.221807359702865,218.61170656062 131.01120406237936,31.221806750999367,218.6542253782848 131.01120524967615,31.221806142261528,218.6957653679792 131.0112064369968,31.221805533489256,218.73632659654936 131.01120762434147,31.221804924682463,218.77590912785297 131.0112088117103,31.22180431584105,218.8145130326986 131.01120999910333,31.22180370696497,218.8521383779133 131.01121118652063,31.221803098054128,218.88878522634184 131.01121237396228,31.221802489108484,218.92445365175493 131.0112135614283,31.221801880127977,218.95914371698552 131.01121474891863,31.221801271112582,218.9928554938037 131.0112159364333,31.221800662062268,219.02558904304104 131.01121712397224,31.22180005297702,219.05734443844383 131.01121831153537,31.22179944385683,219.0881217487816 131.01121949912263,31.221798834701712,219.11792103685497 131.01122068673382,31.221798225511662,219.1467423783776 131.01122187436883,31.22179761628673,219.1745858381256 131.01122306202743,31.22179700702696,219.2014514898119 131.0112242497095,31.2217963977324,219.2273394011814 131.01122543741468,31.221795788403128,219.2522496409649 131.01122662514277,31.221795179039223,219.27618228285763 131.0112278128934,31.22179456964079,219.29913740054727 131.01122900066628,31.22179396020793,219.32111506572767 131.01123018846104,31.221793350740786,219.34211535306807 131.0112313762773,31.221792741239494,219.3621383332552 131.01123256411452,31.221792131704216,219.3811840869085 131.01123375197233,31.22179152213513,219.3992526886776 131.01123493985017,31.221790912532445,219.41634421817443 131.0112361277475,31.22179030289636,219.43245875500503 131.01123731566375,31.221789693227127,219.44759638075632 131.01123850359832,31.22178908352497,219.46175718197708 131.01123969155051,31.221788473790216,219.4749412422293 131.0112408795196,31.22178786402312,219.48714865401183 131.01124206750487,31.221787254224022,219.498379506836 131.01124325550552,31.22178664439328,219.50863389716224 131.01124444352064,31.22178603453125,219.5179119264142 131.01124563154943,31.22178542463836,219.52621369402064 131.01124681959084,31.221784814715026,219.5335393113301 131.01124800764384,31.221784204761743,219.5398888837202 131.01124919570742,31.221783594779016,219.5452625394203 131.01125038378032,31.2217829847674,219.5496603967144 131.01125157186135,31.221782374727464,219.5530825848105 131.01125275994917,31.22178176465988,219.5555292438432 131.0112539480423,31.221781154565328,219.5570005169204 131.01125513613923,31.221780544444577,219.55749655509325 131.0112563242384,31.221779934298432,219.55701752331973 131.01125751233786,31.221779324127773,219.55556358456224 131.01125870043583,31.221778713933563,219.55313491966467 131.01125988853016,31.22177810371684,219.5497317134397 131.01126107661875,31.221777493478708,219.54535416361105 131.01126226469907,31.22177688322039,219.54000247485263 131.01126345276867,31.221776272943185,219.53367685978145 131.01126464082472,31.221775662648493,219.5263775429325 131.0112658288643,31.22177505233783,219.5181047587722 131.01126701688423,31.221774442012805,219.50885874871585 131.0112682048811,31.22177383167517,219.49863976311664 131.01126939285126,31.221773221326785,219.487448064245 131.01127058079086,31.221772610969616,219.4752839183412 131.0112717686958,31.22177200060578,219.46214760058032 131.01127295656164,31.22177139023753,219.44803940004567 131.0112741443838,31.22177077986723,219.4329596068069 131.01127533215737,31.22177016949741,219.4169085208646 131.01127651987707,31.22176955913072,219.39988644817464 131.0112777075375,31.221768948769974,219.38189369965616 131.0112788951329,31.22176833841809,219.3629306011273 131.01128008265718,31.2217677280782,219.34299747144388 131.01128127010404,31.22176711775352,219.3220946493309 131.01128245746685,31.22176650744745,219.30022246555504 131.01128364473865,31.22176589716356,219.27738126876656 131.01128483191215,31.2217652869055,219.2535714006504 131.01128601897986,31.221764676677164,219.228793217794 131.0112872059339,31.22176406648255,219.20304707578288 131.01128839276615,31.221763456325792,219.17633334013493 131.01128957946818,31.221762846211234,219.14865237039783 131.01129076603112,31.22176223614333,219.1200045420144 131.01129195244596,31.221761626126725,219.09039022743903 131.01129313870328,31.221761016166177,219.059809804089 131.01129432479334,31.221760406266643,219.0282636553381 131.0112955107062,31.2217597964332,218.9957521655465 131.0112966964315,31.22175918667111,218.962275725032 131.01129788195857,31.221758576985778,218.9278347270867 131.01129906727647,31.221757967382764,218.89242956499672 131.011300252374,31.221757357867773,218.85606064297315 131.01130143723955,31.221756748446687,218.81872836025207 131.01130262186123,31.221756139125524,218.78043312600136 131.0113038062269,31.221755529910464,218.7411753513704 131.01130499032396,31.221754920807847,218.70095544650707 131.01130617413972,31.221754311824164,218.65977382950507 131.01130735766097,31.22175370296604,218.61763092143224 131.01130854087435,31.22175309424027,218.57452714235632 131.01130972376612,31.22175248565381,218.5304629262529 131.0113109063222,31.221751877213755,218.48543869814617 131.01131208852823,31.22175126892736,218.439454892992 131.01131327036967,31.22175066080201,218.3925119517035 131.0113144518314,31.22175005284528,218.3446103092236 131.01131563289826,31.221749445064845,218.29575041937312 131.01131681355469,31.221748837468592,218.2459327250332 131.01131799378473,31.22174823006449,218.1951576790162 131.0113191735722,31.22174762286072,218.1434257440685 131.01132035290073,31.221747015865564,218.09073737497823 131.01132153175345,31.221746409087483,218.0370930394469 131.01132271011323,31.22174580253508,217.98249320815145 131.01132388796273,31.221745196217096,217.92693835375013 131.01132506528424,31.22174459014242,217.8704289548569 131.0113262420597,31.22174398432012,217.8129654950501 131.01132741827084,31.22174337875936,217.7545484648578 131.0113285938991,31.221742773469497,217.6951783528132 131.01132976892544,31.221742168460004,217.6348556593703 131.0113309433307,31.22174156374053,217.57358088795763 131.01133211709532,31.22174095932084,217.51135454796017 131.0113332901995,31.22174035521088,217.44817715273217 131.01133446262307,31.22173975142071,217.38404922059064 131.0113356343456,31.22173914796056,217.31897127978417 131.01133680534633,31.2217385448408,217.25294386253063 131.0113379756041,31.221737942071936,217.18596750501607 131.0113391450977,31.22173733966463,217.118042754353 131.0113403138053,31.22173673762972,217.0491701586412 131.01134148170496,31.221736135978137,216.97935027690573 131.01134264877433,31.221735534721013,216.90858367512257 131.01134381499082,31.221734933869577,216.8368709252231 131.01134498033144,31.22173433343525,216.76421260907213 131.01134614477297,31.22173373342959,216.6906093095204 131.0113473082918,31.221733133864305,216.6160616253148 131.011348470864,31.22173253475123,216.5405701581752 131.01134963246537,31.22173193610237,216.46413552373085 131.01135079307133,31.221731337929903,216.3867583366092 131.011351952657,31.221730740246127,216.30843923230168 131.01135311119717,31.221730143063496,216.22917884529983 131.01135426866628,31.22172954639464,216.1489778279773 131.01135542503843,31.22172895025232,216.0678368336952 131.01135658028744,31.221728354649468,215.98575653270248 131.01135773438665,31.221727759599165,215.9027376012052 131.01135888730917,31.22172716511465,215.81878072931647 131.01136003902775,31.22172657120934,215.73388661708063 131.0113611895148,31.221725977896767,215.6480559764611 131.01136233874223,31.221725385190688,215.56128952836008 131.01136348668174,31.22172479310496,215.4735880075853 131.01136463330462,31.221724201653647,215.3849521598713 131.0113657785818,31.221723610850983,215.29538274386496 131.0113669224838,31.221723020711327,215.2048805351017 131.01136806498076,31.22172243124925,215.11344631606656 131.01136920604245,31.22172184247948,215.02108088911555 131.01137034563823,31.22172125441691,214.92778506554123 131.0113714837371,31.22172066707663,214.8335596725313 131.0113726203076,31.221720080473887,214.7384055561488 131.01137375531792,31.22171949462413,214.6423235723886 131.0113748887358,31.221718909542968,214.5453145981096 131.01137602052847,31.22171832524621,214.44737951910727 131.01137715066295,31.221717741749856,214.34851924999225 131.01137827910554,31.221717159070085,214.24873471232408 131.0113794058223,31.221716577223287,214.14802684554496 131.0113805307789,31.221715996226028,214.0463966189051 131.0113816539401,31.221715416095087,213.94384500562296 131.0113827752708,31.22171483684744,213.8403730067358 131.01138389473493,31.22171425850029,213.73598164215937 131.0113850122962,31.221713681071023,213.63067195167665 131.01138612791777,31.22171310457725,213.52444499692857 131.01138724156212,31.221712529036832,213.4173018614133 131.01138835319145,31.22171195446779,213.3092436494917 131.01138946276723,31.221711380888426,213.20027149135785 131.0113905702506,31.22171080831724,213.0903865430372 131.01139167560189,31.22171023677298,212.97958997843773 131.011392778781,31.22170966627465,212.86788300525043 131.0113938797473,31.221709096841483,212.7552668500402 131.01139497845935,31.221708528492968,212.6417427721628 131.01139607487542,31.22170796124884,212.5273120548172 131.01139716895284,31.22170739512912,212.41197601299808 131.01139826064852,31.22170683015408,212.29573598952007 131.01139934991855,31.221706266344256,212.17859335998617 131.01140043671853,31.22170570372049,212.06054952881271 131.01140152100325,31.22170514230392,211.9416059371804 131.01140260272675,31.221704582115937,211.8217640550834 131.01140368184247,31.22170402317825,211.70102539524265 131.01140475830312,31.22170346551292,211.5793914932293 131.0114058320605,31.22170290914225,211.4568639333044 131.01140690306576,31.22170235408892,211.3334443394744 131.01140797126922,31.221701800375943,211.20913436654627 131.01140903662036,31.22170124802667,211.08393571304785 131.01141009906783,31.221700697064776,210.95785012520213 131.01141115855947,31.221700147514344,210.8308793869901 131.0114122150421,31.22169959939979,210.7030253310818 131.01141326846172,31.221699052745915,210.57428983486105 131.01141431876343,31.221698507577948,210.4446748244016 131.01141536589128,31.22169796392149,210.3141822804288 131.0114164097884,31.22169742180256,210.18281422937648 131.01141745039683,31.22169688124761,210.0505727543166 131.0114184876577,31.22169634228353,209.91745999396807 131.01141952151085,31.221695804937667,209.78347814766497 131.0114205518952,31.22169526923784,209.64862946839744 131.01142157874847,31.22169473521235,209.5129162747413 131.01142260200723,31.22169420288997,209.3763409518486 131.0114236216068,31.22169367230001,209.2389059494614 131.01142463748138,31.221693143472304,209.1006137829054 131.01142564956373,31.221692616437217,208.9614670450148 131.01142665778542,31.2216920912257,208.82146839818344 131.0114276620766,31.22169156786926,208.6806205852942 131.0114286623662,31.22169104640001,208.53892642872768 131.0114296585815,31.22169052685072,208.3963888343356 131.01143065064846,31.22169000925473,208.2530107874651 131.0114316384915,31.22168949364609,208.10879537383107 131.01143262203345,31.22168898005953,207.96374576758825 131.01143360119565,31.22168846853049,207.8178652333187 131.01143457589768,31.22168795909512,207.671157151872 131.01143554605747,31.221687451790338,207.52362498756807 131.01143651159128,31.22168694665388,207.37527233192728 131.0114374724135,31.22168644372425,207.22610287583905 131.01143842843666,31.221685943040807,207.07612043441137 131.01143937957158,31.221685444643803,206.9253289439876 131.0114403257269,31.221684948574367,206.7737324621454 131.01144126680956,31.221684454874595,206.62133518757463 131.0114422027241,31.22168396358749,206.4681414501372 131.01144313337323,31.221683474757167,206.3141557257757 131.0114440586574,31.221682988428704,206.1593826345252 131.01144497847494,31.22168250464827,206.00382695840025 131.01144589272172,31.221682023463195,205.847493632452 131.01144680129147,31.221681544921942,205.69038777160208 131.0114477040755,31.22168106907421,205.53251464877408 131.01144860096247,31.22168059597095,205.3738797356453 131.01144949183893,31.221680125664395,205.2144886807776 131.01145037658853,31.22167965820816,205.0543473374481 131.0114512550925,31.221679193657256,204.89346175867723 131.01145216391672,31.22167871627444,204.7305436279869 131.01145306554605,31.221678242195303,204.56693555887165 131.01145397633752,31.22167776439117,204.40205265152747 131.01145489366303,31.22167728398868,204.2359967631888 131.0114558175289,31.22167680098544,204.06877147100647 131.01145674794188,31.22167631537792,203.9003809384304 131.01145768490926,31.22167582716209,203.73082924742053 131.0114586284388,31.22167533633337,203.56012042229904 131.01145957853888,31.221674842886568,203.3882584188168 131.0114605352185,31.22167434681595,203.21524712415305 131.01146149848736,31.221673848115103,203.0410903708307 131.01146246835583,31.221673346777028,202.8657919257824 131.011463444835,31.221672842794003,202.68935549929435 131.01146442793663,31.22167233615768,202.5117847469957 131.0114654176735,31.22167182685894,202.3330832658812 131.01146641405887,31.22167131488798,202.15325460425004 131.01146741710707,31.22167080023423,201.97230226071227 131.01146842683323,31.22167028288631,201.7902296901504 131.01146944325336,31.221669762832096,201.6070402898061 131.01147046638437,31.221669240058613,201.42273742810235 131.01147149624407,31.22166871455203,201.23732442476376 131.0114725328514,31.22166818629768,201.0508045657268 131.01147357622602,31.221667655279976,200.863181093199 131.01147462638875,31.221667121482447,200.67445722653085 131.01147568336145,31.22166658488766,200.4846361483009 131.0114767471669,31.221666045477207,200.29372101226656 131.01147781782905,31.221665503231726,200.1017149423708 131.01147889537285,31.221664958130805,199.90862104168423 131.0114799798244,31.22166441015301,199.714442391414 131.011481071211,31.22166385927583,199.5191820548777 131.01148216956088,31.22166330547564,199.32284307551407 131.01148327490367,31.221662748727685,199.12542847887283 131.01148438727003,31.221662189006064,198.9269412885142 131.01148550669188,31.221661626283684,198.72738450812 131.0114866332023,31.22166106053221,198.5267611403776 131.01148776683576,31.22166049172208,198.3250741790268 131.01148890762775,31.221659919822383,198.1223266257572 131.01149005561533,31.221659344800944,197.91852147529897 131.01149121083665,31.221658766624174,197.7136617263548 131.0114923733312,31.22165818525709,197.5077503895512 131.01149354313995,31.22165760066329,197.3007904844567 131.01149472030517,31.22165701280486,197.0927850405758 131.01149590487054,31.221656421642344,196.8837371003285 131.01149709688107,31.221655827134743,196.67364973197303 131.01149829638337,31.221655229239424,196.46252601867025 131.01149950342543,31.221654627912063,196.25036907240025 131.0115007180568,31.221654023106684,196.03718203097884 131.0115019403285,31.221653414775457,195.82296806401988 131.0115031702931,31.22165280286879,195.60773037790705 131.01150440800498,31.221652187335184,195.391472214796 131.01150565351975,31.22165156812123,195.17419686255647 131.01150690689508,31.22165094517148,194.95590765079373 131.0115081681901,31.22165031842848,194.73660796377013 131.0115094374657,31.221649687832617,194.51630124040423 131.01151071478455,31.22164905332211,194.29499097625805 131.01151200021127,31.22164841483292,194.0726807324826 131.0115132938121,31.221647772298645,193.84937413879825 131.01151459565543,31.221647125650527,193.6250748925003 131.01151590581142,31.22164647481732,193.39978677436176 131.01151722435236,31.22164581972517,193.17351364366328 131.01151855135257,31.22164516029764,192.9462594521058 131.0115198868884,31.221644496455525,192.7180282458 131.01152123103856,31.2216438281168,192.4888241712268 131.01152258388385,31.22164315519656,192.25865148319048 131.0115239455075,31.221642477606864,192.027514543822 131.0115253159951,31.22164179525668,191.79541784742685 131.01152669543467,31.22164110805176,191.56236601153967 131.0115280839168,31.221640415894555,191.32836379779408 131.01152948153484,31.221639718684106,191.09341610198484 131.01153088838475,31.221639016315905,190.8575279848764 131.01153230456546,31.221638308681808,190.62070466524577 131.01153373017883,31.22163759566993,190.38295153876524 131.01153516532975,31.221636877164467,190.14427417998968 131.0115366101265,31.221636153045647,189.90467836521543 131.01153806468056,31.22163542318956,189.66417007943568 131.01153952910707,31.221634687468026,189.42275552528525 131.01154100352477,31.22163394574852,189.1804411369548 131.01154248805636,31.22163319789397,188.93723360404104 131.01154398282853,31.221632443762715,188.6931398765172 131.0115454879723,31.22163168320828,188.44816719156503 131.0115470036233,31.221630916079324,188.20232307655712 131.01154852992178,31.221630142219496,187.95561538185257 131.0115500670132,31.22162936146731,187.70805229272227 131.01155161504835,31.22162857365604,187.45964235817152 131.0115531741838,31.221627778613566,187.2103945068392 131.01155474458207,31.221626976162405,186.9603180688612 131.01155632641235,31.22162616611948,186.70942281960168 131.01155791985076,31.221625348296183,186.45771898461925 131.01155952508074,31.221624522498217,186.20521729234017 131.0115611422939,31.22162368852568,185.95192899294213 131.01156277169036,31.221622846172984,185.6978659000922 131.0115644134795,31.221621995228983,185.44304043467827 131.0115660678808,31.221621135476983,185.18746564169967 131.01156773512443,31.22162026669494,184.9311552667968 131.0115694154524,31.22161938865563,184.67412377512875 131.0115711091192,31.22161850112689,184.4163864209438 131.0115728163932,31.221617603872023,184.15795928931863 131.01157453755755,31.22161669665017,183.8988593607575 131.01157620418556,31.221615844660445,183.63753199328843 131.0115778867926,31.22161498049161,183.37563997881145 131.01157955486573,31.221614133415528,183.1124583732785 131.01158121342803,31.2216132985096,182.84812920762377 131.01158286258783,31.221612475632263,182.5826629980264 131.01158450243227,31.22161166463072,182.31607207532616 131.01158613303562,31.221610865348968,182.04836822082257 131.01158775445938,31.22161007762776,181.7795626960864 131.01158936675273,31.22160930130429,181.50966626780263 131.01159096995275,31.22160853621192,181.2386892306272 131.01159256408485,31.22160778217988,180.96664142805545 131.01159414916344,31.22160703903288,180.69353227527665 131.01159572519225,31.221606306590804,180.41937077308708 131.01159729216505,31.22160558466827,180.1441655337272 131.01159885006615,31.22160487307436,179.8679247938013 131.0116003988715,31.221604171612103,179.5906564242106 131.0116019385491,31.221603480078205,179.31236795599483 131.01160346905976,31.22160279826264,179.03306658728604 131.01160499035873,31.22160212594835,178.75275919324568 131.0116065023959,31.221601462911,178.4714523449461 131.0116080051174,31.22160080891868,178.1891523073822 131.01160949846647,31.221600163731807,177.90586506332187 131.01161098238484,31.221599527103,177.62159630237204 131.01161245681385,31.22159889877707,177.3363514448311 131.01161392169584,31.221598278491143,177.05013563274267 131.01161537697533,31.221597665974745,176.7629537457952 131.01161682260056,31.22159706095014,176.47481040728528 131.01161825852463,31.22159646313271,176.18570998113495 131.01161968470694,31.2215958722314,175.89565658182812 131.0116211011144,31.221595287949345,175.6046540793809 131.01162250772265,31.22159470998457,175.31270608641748 131.01162390451728,31.22159413803076,175.01981599295817 131.01162529149477,31.22159357177805,174.72598694256263 131.01162666865514,31.22159301089778,174.43127254983867 131.0116280360281,31.221592455071672,174.13567464365448 131.01162939365108,31.221591903975145,173.83921756442595 131.01163074157964,31.221591357283646,173.5419220093583 131.01163207988594,31.221590814673466,173.24380863396442 131.0116334086591,31.221590275822848,172.94489806299958 131.01163472800516,31.22158974041304,172.64521088549185 131.01163603804747,31.221589208129377,172.3447676517609 131.01163733892608,31.22158867866224,172.0435888764005 131.0116386307978,31.221588151707984,171.74169502336932 131.0116399138357,31.221587626969725,171.43910651990782 131.01164118822877,31.221587104158008,171.1358437426211 131.0116424541814,31.221586582991527,170.83192702940894 131.01164371191285,31.221586063197595,170.5273766615736 131.0116449616566,31.221585544512603,170.2222128807174 131.01164620365984,31.221585026682384,169.91645587085276 131.0116474381827,31.221584509462524,169.61012576834116 131.0116486654977,31.221583992618537,169.30324265394148 131.01164988588891,31.221583475926064,168.99582655976948 131.01165109965154,31.221582959170927,168.68789745935644 131.011652307091,31.22158244214918,168.37947527659577 131.01165350852233,31.22158192466708,168.07057987878565 131.0116547042697,31.22158140654108,167.76123107364663 131.01165589466532,31.22158088759772,167.45144862721315 131.01165708004928,31.221580367673536,167.1412522389846 131.0116582607685,31.221579846614933,166.83066156081014 131.01165943717632,31.22157932427796,166.51969619291265 131.01166060963155,31.221578800528256,166.2083756848839 131.0116617784981,31.22157827524071,165.89671953468746 131.01166294414435,31.221577748299342,165.5847471956194 131.01166410694228,31.22157721959701,165.27247807829303 131.01166526726692,31.221576689035228,164.95993154368313 131.0116664254958,31.221576156523824,164.64712692399635 131.01166758200827,31.22157562198074,164.3340835077642 131.01166873718486,31.221575085331704,164.02082055077364 131.01166989140657,31.221574546509984,163.70735728203192 131.0116710450544,31.221574005455967,163.39371289780135 131.01167219850888,31.22157346211696,163.07990657452183 131.01167335214916,31.221572916446696,162.76595746682057 131.0116745063527,31.221572368405127,162.45188470751324 131.01167566149468,31.22157181795795,162.13770741754254 131.01167681794743,31.221571265076257,161.82344470597843 131.01167797607997,31.22157070973612,161.509115666041 131.01167913625758,31.221570151918208,161.19473939001017 131.0116802988412,31.22156959160734,160.88033495431625 131.01168146418735,31.221569028791983,160.56592143643726 131.0116826326473,31.221568463463854,160.25151790197637 131.01168380456733,31.22156789561743,159.93714341659108 131.01168498028773,31.221567325249417,159.62281703903344 131.01168616014303,31.22156675235829,159.30855782313927 131.01168734446176,31.22156617694377,158.99438481087117 131.01168853356577,31.221565599006297,158.68031704921353 131.01168972777072,31.22156501854643,158.36637356632016 131.0116909273854,31.221564435564343,158.0525733834409 131.01169213271208,31.22156385005927,157.73893550498173 131.0116933440461,31.22156326202888,157.425478926458 131.0116945616761,31.22156267146876,157.1122226156083 131.0116957858837,31.2215620783718,156.79918552829798 131.01169701694363,31.22156148272766,156.48638659659247 131.0116982551238,31.22156088452224,156.17384472478082 131.01169950068527,31.22156028373704,155.86157879335218 131.01170075388217,31.221559680348705,155.549607652038 131.0117020149618,31.221559074328564,155.23795011484265 131.01170328416453,31.22155846564213,154.9266249670003 131.01170456172383,31.22155785424876,154.61565095602947 131.01170584786618,31.22155724010133,154.3050467957095 131.01170714281088,31.22155662314607,153.99483116110983 131.0117084467701,31.221556003322355,153.6850226915712 131.01170975994864,31.22155538056269,153.3756399857375 131.01171108254394,31.221554754792862,153.06670160552972 131.01171241474563,31.22155412593212,152.7582260672002 131.0117137567357,31.221553493893584,152.45023184928547 131.0117151086881,31.22155285858481,152.14273738167122 131.01171647076865,31.2215522199084,151.83576106248947 131.011717843135,31.22155157776288,151.5293212342633 131.0117192259366,31.22155093204354,151.22343619285343 131.01172061931484,31.221550282643573,150.91812418149368 131.01172202340285,31.22154962945512,150.61340338383303 131.011723438326,31.22154897237056,150.30929192990067 131.01172486420217,31.221548311283648,150.00580787821218 131.01172630114192,31.221547646090908,149.7029692177604 131.0117277492491,31.221546976692814,149.40079386701998 131.01172920862135,31.22154630299503,149.09929966301323 131.01173067935076,31.221545624909467,148.7985043503785 131.01173216152455,31.22154494235544,148.49842558633873 131.01173365522556,31.221544255260586,148.1990809277799 131.0117351605333,31.2215435635618,147.90048783125178 131.0117366775244,31.221542867205944,147.60266364203315 131.0117382062734,31.22154216615051,147.30562559910229 131.01173974685344,31.221541460364296,147.0093908311595 131.01174129933693,31.22154074982769,146.71397634072434 131.0117428637962,31.22154003453303,146.41939902003935 131.011744440304,31.221539314484904,146.125675635164 131.01174602893408,31.221538589700263,145.832822827964 131.0117476297616,31.221537860208585,145.54085712604908 131.01174924286354,31.22153712605181,145.24979493084524 131.01175086831898,31.221536387284385,144.95965251958094 131.01175250620943,31.221535643973265,144.67044607212344 131.0117541566191,31.22153489619753,144.38219163619047 131.01175581963497,31.221534144048405,144.0949051551787 131.01175749540803,31.221533387610567,143.80855319033287 131.01175918404016,31.221532626995664,143.52315449865938 131.0117608856613,31.22153186231961,143.2387052177954 131.01176260040455,31.221531093709466,142.95520565066084 131.011764328409,31.22153032130259,142.67265643013295 131.0117660698197,31.22152954524636,142.39105856675596 131.0117678247878,31.221528765697787,142.11041343581945 131.0117695934702,31.22152798282336,141.8307228041948 131.01177137602983,31.221527196798704,141.55198884126915 131.0117731726353,31.221526407808263,141.27421412888515 131.01177498346087,31.22152561604489,140.99740168817723 131.0117768086866,31.221524821709405,140.72155498752286 131.0117786484977,31.22152402501021,140.44667796639675 131.0117805030851,31.221523226162606,140.17277507214757 131.0117823726451,31.221522425388105,139.89985125602095 131.01178425737925,31.22152162291372,139.62791203279556 131.01178615749464,31.22152081897112,139.35696349271063 131.01178807320372,31.2215200137956,139.08701234420317 131.0117900047244,31.22151920762497,138.81806595764186 131.0117919522803,31.221518400698248,138.55013240508336 131.01179391610063,31.221517593254283,138.28322051791787 131.0117958964207,31.221516785530007,138.017339937562 131.0117977841828,31.22151595605044,137.75013937825796 131.01179969344437,31.2215151282709,137.48412556828984 131.01180157508992,31.22151429205813,137.2182006058368 131.01180343779387,31.221513449593804,136.95257052437768 131.011805282125,31.221512601159063,136.68724532783312 131.01180710864443,31.22151174707452,136.42223665905573 131.01180891789747,31.22151088765783,136.15755486887923 131.0118107104147,31.221510023224013,135.89320911649463 131.01181248671347,31.221509154085,135.6292074797695 131.01181424729938,31.22150828054893,135.36555703773573 131.0118159926676,31.22150740291935,135.1022639560615 131.01181772330443,31.22150652149389,134.8393335854429 131.0118194396885,31.22150563656296,134.57677054011904 131.01182114229215,31.22150474840813,134.31457877837343 131.01182283158212,31.22150385730044,134.0527616780691 131.01182450802057,31.221502963498708,133.7913221151628 131.01182617206547,31.22150206724783,133.5302625213494 131.01182782417106,31.22150116877709,133.26958495760869 131.01182946478764,31.221500268298858,133.00929115395917 131.0118310943616,31.221499366007244,132.74938257306724 131.0118327133351,31.22149846207732,132.4898604400615 131.01183432214555,31.22149755666452,132.23072577831343 131.01183592122493,31.221496649904427,131.97197945217425 131.01183751099964,31.221495741912943,131.7136221719423 131.0118390918898,31.221494832786767,131.45565452467474 131.0118406643089,31.22149392260416,131.19807699307097 131.01184222866357,31.221493011425967,130.9408899534844 131.01184378535336,31.221492099296924,130.68409369381115 131.01184533477078,31.22149118624695,130.42768841746667 131.01184687730128,31.22149027229269,130.17167425531275 131.01184841332343,31.221489357439086,129.9160512577042 131.0118499432095,31.22148844168084,129.66081940244047 131.01185146732556,31.221487525004004,129.4059785957597 131.0118529860318,31.221486607387508,129.15152868625404 131.01185449968344,31.22148568880452,128.89746944498935 131.0118560086306,31.221484769223856,128.64380057643837 131.01185751321916,31.221483848611268,128.39052172941527 131.011859013791,31.221482926930616,128.13763247620105 131.0118605106844,31.221482004145063,127.8851323324226 131.0118620042344,31.22148108021796,127.63302075307818 131.01186349477322,31.22148015511396,127.38129711663086 131.01186498263036,31.221479228799804,127.12996075383678 131.0118664681328,31.221478301245096,126.87901092388644 131.0118679516054,31.221477372423188,126.6284468203712 131.01186943337075,31.22147644231168,126.3782675832086 131.0118709137492,31.221475510893143,126.12847227975776 131.01187239305895,31.22147457815573,125.87905991674664 131.01187387161613,31.22147364409356,125.63002943927876 131.0118753497345,31.22147270870716,125.38137972983672 131.01187682772536,31.221471772004023,125.13310960331512 131.0118783058975,31.221470833998847,124.88521781198816 131.01187978455692,31.22146989471389,124.63770304252832 131.01188126400646,31.221468954179247,124.3905639219702 131.01188274454574,31.22146801243312,124.1437990077704 131.01188422647064,31.22146706952193,123.89740679774648 131.0118857100732,31.22146612550055,123.6513857251082 131.0118871956412,31.22146518043236,123.40573415845624 131.01188868345778,31.22146423438929,123.1604504037706 131.01189017380102,31.22146328745197,122.91553270441 131.0118916669437,31.221462339709586,122.67097924707572 131.01189316315288,31.221461391259865,122.42678815286516 131.01189466268934,31.22146044220912,122.18295749019428 131.01189616580743,31.221459492671887,121.93948527479624 131.01189767275477,31.22145854277097,121.69636945679976 131.01189918377153,31.221457592637087,121.4536079495546 131.01190069909046,31.221456642408715,121.2111986087574 131.01190221893637,31.22145569223177,120.96913925034283 131.01190374352592,31.221454742259382,120.72742764650762 131.01190527306733,31.22145379265145,120.48606153465592 131.01190680776003,31.221452843574408,120.24503862833193 131.01190834779464,31.22145189520076,120.00435660827576 131.01190989335277,31.221450947708657,119.76401313136604 131.0119114446067,31.22145000128156,119.52400584851377 131.0119130017196,31.22144905610774,119.28433239670846 131.01191456484523,31.221448112379885,119.04499041293374 131.01191613412809,31.221447170294628,118.8059775411256 131.01191770970323,31.221446230052145,118.5672914381348 131.01191929169676,31.221445291855726,118.32892978466052 131.01192088022543,31.22144435591128,118.0908902902206 131.01192247539723,31.22144342242696,117.85317069414413 131.01192407731148,31.22144249161277,117.61576879439708 131.01192568605887,31.22144156368021,117.37868242969088 131.01192730172204,31.221440638841823,117.14190951228144 131.0119289243756,31.221439717310982,116.9054480170376 131.01193055408666,31.221438799301527,116.66929601225254 131.011932190915,31.22143788502749,116.43345164672172 131.01193383491372,31.22143697470281,116.19791317061735 131.0119354861294,31.22143606854113,115.96267894642112 131.0119371446026,31.221435166755622,115.72774744892403 131.0119388103683,31.221434269558777,115.49311728311802 131.01194048345644,31.22143337716229,115.2587871951296 131.01194216389223,31.221432489776927,115.02475607718928 131.0119438516967,31.22143160761253,114.79102298452896 131.01194554688726,31.22143073087779,114.55758713836468 131.01194724947814,31.221429859780244,114.32444794577457 131.01194895948095,31.22142899452632,114.09160500964012 131.01195067690523,31.221428135321176,113.85905814255996 131.01195240175915,31.22142728236881,113.62680737877896 131.01195413404997,31.221426435871976,113.39485299704864 131.01195587378467,31.2214255960322,113.16319554050676 131.01195762097083,31.221424763049743,112.9318358266168 131.01195937561732,31.221423937123543,112.70077497996898 131.01196113773514,31.22142311845115,112.47001445116524 131.0119629073385,31.221422307228604,112.23955605459012 131.01196468444567,31.22142150365029,112.00940199723544 131.01196646908042,31.22142070790874,111.77955491945292 131.01196826127338,31.2214199201942,111.55001794365756 131.0119700610635,31.22141914069437,111.3207947339658 131.01197186850032,31.221418369593604,111.09188954589276 131.01197368364606,31.22141760707219,110.86330731680307 131.01197550657838,31.221416853305232,110.63505374840835 131.0119773373936,31.221416108461263,110.40713542504903 131.01197917621056,31.22141537270029,110.1795599260099 131.0119810231754,31.221414646171365,109.9523360024458 131.0119828326185,31.221413869033423,109.72474298695936 131.01198465193391,31.22141310401233,109.4975638513816 131.01198646065623,31.22141232401665,109.27045256228402 131.01198826212752,31.221411533969075,109.04347529132215 131.0119900563588,31.22141073427236,108.81663180610616 131.01199184329465,31.221409925386745,108.5899211904124 131.01199362283074,31.221409107811933,108.36334040793562 131.01199539482383,31.221408282091893,108.13688445932448 131.01199715910676,31.221407448817526,107.91054668732008 131.0119989155095,31.22140660862515,107.68431920911534 131.01200066388407,31.22140576218827,107.4581935306112 131.01200240413024,31.2214049102013,107.232161252116 131.0120041362172,31.221404053355457,107.00621482672734 131.0120058601948,31.221403192311072,106.7803481358285 131.01200757619284,31.22140232767231,106.5545568439324 131.0120092844101,31.221401459970085,106.32883844043118 131.0120109850981,31.221400589655456,106.10319207957664 131.01201267854495,31.221399717101896,105.87761827434632 131.01201436506216,31.22139884261308,105.6521186072097 131.0120160449746,31.22139796643304,105.42669543790764 131.01201771861452,31.22139708875673,105.20135168975683 131.0120193863169,31.221396209739734,104.97609065483532 131.0120210484172,31.221395329506738,104.7509158687464 131.0120227052501,31.22139444815865,104.5258310092356 131.01202435714873,31.221393565778538,104.30083980872313 131.01202600444455,31.2213926824362,104.07594602150424 131.0120276474671,31.221391798192126,103.85115336510464 131.01202928654433,31.2213909131006,103.626465504379 131.01203092200242,31.22139002721216,103.40188601870804 131.01203255416593,31.22138914057569,103.17741840100643 131.0120341833577,31.22138825324024,102.95306602591452 131.01203580989906,31.221387365256327,102.72883215476884 131.01203743410957,31.221386476677218,102.5047199226792 131.01203905630686,31.221385587560047,102.28073232958415 131.01204067680652,31.22138469796669,102.0568722362732 131.01204229592196,31.221383807964667,101.83314236041228 131.01204391396385,31.221382917627853,101.60954527157264 131.01204553123995,31.221382027037222,101.38608338228444 131.01204714805476,31.221381136281465,101.16275894704374 131.01204876470905,31.221380245457528,100.93957405535312 131.0120503814993,31.22137935467129,100.71653061979444 131.01205199871734,31.22137846403797,100.49363038397968 131.01205361664933,31.2213775736827,100.27087489471968 131.0120552355755,31.22137668374089,100.04826551693355 131.01205685576917,31.221375794358643,99.82580341277446 131.012058477496,31.22137490569301,99.60348953765364 131.01206010101328,31.221374017912296,99.38132462930572 131.01206172656876,31.221373131196074,99.15930920679511 131.01206335439988,31.22137224573529,98.9374435615692 131.01206498473277,31.22137136173216,98.71572774254808 131.01206661778113,31.22137047939987,98.49416157501064 131.01206825374535,31.221369598962188,98.27274463574254 131.01206989281167,31.22136872065285,98.0514762689418 131.0120715351513,31.221367844714845,97.83035558820424 131.01207318091963,31.22136697139943,97.6093814745354 131.0120748302556,31.221366100965085,97.3885526091517 131.0120764832815,31.221365233676284,97.16786747149112 131.01207814010272,31.22136436980217,96.94732436704388 131.01207980080767,31.221363509615127,96.72692146413009 131.01208146546836,31.221362653389328,96.50665679687933 131.01208313414057,31.22136180139924,96.28652832685816 131.01208480686492,31.22136095391832,96.0665339510209 131.0120864836678,31.2213601112176,95.84667156134792 131.0120881645623,31.22135927356458,95.62693906571916 131.01208984954977,31.221358441222176,95.40733443264271 131.01209153862106,31.22135761444774,95.18785573300164 131.0120932317582,31.221356793492447,94.96850115894004 131.01209492893557,31.221355978600723,94.74926907554976 131.01209663012193,31.221355170009847,94.53015804174392 131.0120983352814,31.22135436794985,94.3111668460416 131.0121000443752,31.22135357264337,94.0922945324102 131.012101757363,31.22135278430586,93.87354041815824 131.01210347420408,31.221352003145626,93.65490412971944 131.01210519485886,31.221351229364195,93.43638561955092 131.01210691928992,31.221350463156647,93.21798518004933 131.01210864746307,31.221349704712,92.9997034703886 131.01211037934868,31.22134895421369,92.78154153838987 131.01211211492245,31.221348211840017,92.563500839406 131.0121138541666,31.221347477764585,92.3455832611738 131.012115597071,31.22134675215673,92.12779113872344 131.01211734363437,31.22134603518195,91.91012729413907 131.01211909386527,31.221345327002226,91.69259506240356 131.0121208477837,31.22134462777633,91.47519832917084 131.0121226054224,31.22134393766012,91.25794157052628 131.01212436682877,31.22134325680656,91.0408299166035 131.01212613206675,31.2213425853657,90.8238691903496 131.01212790121951,31.221341923484363,90.60706600593316 131.01212967439207,31.22134127130577,90.39042783832316 131.01213145171505,31.22134062896873,90.17396313064164 131.0121332333484,31.221339996606297,89.9576814283538 131.01213499248425,31.2213393135504,89.7410734631712 131.01213675705043,31.22133864317884,89.52470472509822 131.0121385150351,31.22133795807885,89.3083265925285 131.0121402683991,31.221337263111028,89.09199081421919 131.0121420171274,31.221336558591723,88.87569898557177 131.01214376113876,31.221335844873632,88.65945216424387 131.01214550029576,31.22133512233395,88.44324945172995 131.012147234409,31.22133439138036,88.2270880559779 131.0121489632452,31.22133365245708,88.01096341762003 131.0121506865401,31.22133290605011,87.79486945548467 131.01215240401703,31.2213321526894,87.57879893734953 131.0121541154107,31.221331392946016,87.3627440117235 131.01215582049335,31.22133062742211,87.1466968469797 131.01215751909885,31.221329856733245,86.93065031323277 131.01215921113925,31.22132908148576,86.71459854792195 131.0121608966102,31.221328302253728,86.49853729774574 131.01216257558517,31.22132751956113,86.28246402701235 131.01216424820282,31.2213267338722,86.06637777550206 131.01216591465254,31.22132594558952,85.85027892786601 131.01216757516045,31.221325155057976,85.63416892238814 131.01216922997853,31.221324362571387,85.41804999255035 131.01217087937636,31.221323568380296,85.20192496127768 131.01217252363497,31.221322772699647,84.98579704512227 131.01217416304283,31.22132197571573,84.7696697389617 131.01217579789292,31.22132117759216,84.55354669970126 131.01217742848067,31.22132037847497,84.33743167470702 131.012179055103,31.221319578496807,84.12132845310022 131.01218067805723,31.22131877778024,83.90524082202172 131.01218229764035,31.221317976440645,83.68917253184142 131.01218391414895,31.22131717458854,83.47312727926074 131.0121855278784,31.22131637233145,83.25710869737226 131.01218713912272,31.2213155697756,83.04112033180417 131.0121887481742,31.221314767027287,82.82516563475464 131.0121903553232,31.22131396419409,82.60924796300498 131.01219196085782,31.221313161386007,82.39337056698525 131.01219356506343,31.2213123587164,82.17753658480898 131.01219516822246,31.22131155630301,81.9617490333278 131.01219677061383,31.22131075426888,81.74601081011905 131.0121983725126,31.22130995274321,81.53032468056321 131.01219997418934,31.22130915186221,81.3146932669095 131.01220157590967,31.22130835177008,81.09911904926985 131.0122031779334,31.2213075526198,80.88360433878012 131.01220478051383,31.22130675457412,80.66815128555228 131.01220638389665,31.22130595780643,80.45276184090099 131.01220798831895,31.221305162501576,80.23743776430214 131.01220959400823,31.22130436885672,80.02218058064916 131.0122112011805,31.221303577081937,79.80699157925957 131.01221281003913,31.22130278740092,79.5918717800771 131.01221442077295,31.22130200005116,79.37682191776777 131.0122160335546,31.221301215284136,79.1618424268088 131.0122176485384,31.22130043336492,78.94693341464973 131.01221926585904,31.22129965457145,78.73209465475368 131.01222088562952,31.221298879193373,78.51732558162648 131.01222250794,31.22129810753036,78.3026252987679 131.01222413285697,31.22129733989001,78.08799258662282 131.01222576042272,31.22129657658534,77.87342594929974 131.01222739065582,31.22129581793187,77.65892363643725 131.01222902355207,31.22129506424485,77.44448370980307 131.0122306590862,31.22129431583621,77.23010410392764 131.01223229721424,31.221293573011984,77.01578270164926 131.01223393787615,31.22129283606984,76.80151740866461 131.0122355809993,31.2212921052972,76.58730622807948 131.01223722650138,31.22129138096969,76.37314733694855 131.01223887429435,31.221290663350302,76.15903915685041 131.0122405242871,31.22128995268884,75.94498041452303 131.01224217638915,31.221289249221897,75.73097019554099 131.0122438305125,31.221288553173306,75.51700799799384 131.01224548657495,31.221287864754505,75.3030937563424 131.01224714450183,31.2212871841655,75.08922788714543 131.0122488042279,31.221286511595714,74.8754113119224 131.01225046569877,31.22128584722505,74.6616454690833 131.01225212887232,31.221285191224936,74.44793234772608 131.01225379371988,31.221284543759296,74.2342744965849 131.0122554602273,31.221283904985484,74.02067503695201 131.0122571283958,31.221283275055228,73.8071376925015 131.01225879824312,31.221282654115416,73.5936667992298 131.01226046980435,31.2212820423088,73.38026733428366 131.01226214313317,31.22128143977457,73.16694494379468 131.01226381830293,31.221280846648742,72.95370597667721 131.01226549540843,31.22128026306437,72.74055752538504 131.01226717456748,31.22127968915169,72.5275074785959 131.01226885592305,31.221279125037864,72.31456457787283 131.0122705396454,31.221278570846685,72.10173848923584 131.01227222593573,31.221278026697583,71.88903987970323 131.01227389424983,31.22127743287976,71.67591584277133 131.01227556606096,31.2212768517258,71.46297753551742 131.0122772321617,31.22127625626743,71.24995767344426 131.01227889409384,31.221275651252743,71.03691285016343 131.0122805518699,31.22127503696509,70.82384663319061 131.01228220545542,31.22127441371224,70.61076266758221 131.01228385477526,31.22127378181449,70.39766323559168 131.01228549971665,31.221273141607664,70.18454934115924 131.01228714013348,31.22127249344636,69.97142079638888 131.0122887758528,31.22127183770697,69.75827633983486 131.01229040668295,31.221271174790143,69.54511378361465 131.01229203242437,31.22127050512176,69.33193024402264 131.01229365288182,31.221269829151908,69.1187223731354 131.0122952678778,31.22126914735129,68.90548665205067 131.01229687726567,31.22126846020464,68.692219683131 131.01229848094067,31.22126776820173,68.47891845739804 131.0123000788471,31.22126707182695,68.26558058216688 131.0123016709817,31.221266371549056,68.05220441225956 131.0123032573922,31.22126566781252,67.83878910567252 131.0123048381732,31.22126496103138,67.6253346106564 131.01230641345975,31.22126425158597,67.41184159116526 131.01230798342047,31.22126353982233,67.19831132546696 131.01230954825087,31.22126282605345,66.9847455977952 131.01231110816727,31.22126211056182,66.77114659397665 131.012312663402,31.22126139360265,66.55751680998166 131.01231421419925,31.2212606754074,66.34385895848432 131.012315760812,31.22125995618708,66.13017592214453 131.01231730349963,31.221259236135584,65.9164706880014 131.01231884252576,31.221258515432528,65.702746305724 131.01232037815703,31.221257794245755,65.48900587170714 131.0123219106621,31.22125707273369,65.27525248632774 131.01232344031047,31.2212563510472,65.06148924897472 131.01232496737185,31.221255629331463,64.84771922723297 131.01232649211568,31.22125490772742,64.63394547179527 131.0123280148104,31.22125418637316,64.42017098763432 131.01232953572327,31.221253465405145,64.20639873698468 131.0123310551196,31.22125274495944,63.99263163337864 131.0123325732625,31.221252025172817,63.77887252772925 131.01233409041237,31.22125130618388,63.5651242222472 131.0123356068264,31.22125058813408,63.35138944360098 131.01233712275808,31.221249871168908,63.13767085086972 131.01233863845658,31.221249155439065,62.9239710226199 131.01234015416594,31.22124844110172,62.710292449947005 131.01234167012427,31.22124772832184,62.49663752156511 131.012343186563,31.22124701727354,62.28300849895438 131.0123447037052,31.22124630814161,62.06940752530891 131.01234622176457,31.22124560112304,61.855836565891785 131.01234774094323,31.22124489642856,61.64229741499469 131.01234926143024,31.221244194284093,61.42879164225804 131.01235078339857,31.22124349493197,61.21532056781956 131.01235230700283,31.22124279863193,61.00188522354584 131.01235383237608,31.22124210566159,60.78848632022836 131.01235535962664,31.221241416316136,60.57512421378488 131.01235688883548,31.221240730907127,60.361798877425336 131.01235842005363,31.22124004976048,60.14850989668063 131.01235995330046,31.221239373213173,59.935256479342456 131.012361488563,31.221238701609323,59.72203749224238 131.01236302579753,31.221238035295247,59.50885151194722 131.01236456493152,31.221237374614663,59.2956969082587 131.01236610586793,31.221236719903807,59.08257195952304 131.01236764849023,31.221236071487382,58.869474954024 131.01236919266847,31.221235429675108,58.65640431622722 131.01237073826536,31.221234794759624,58.443358718114496 131.01237228514228,31.221234167015268,58.230337186542 131.0123738331647,31.22123354669801,58.01733918674155 131.01237538220704,31.221232934045844,57.80436470184606 131.01237693215668,31.221232329279967,57.591414280604965 131.0123784829169,31.221231732606224,57.37848908510029 131.01238003440935,31.221231144216787,57.165590909634936 131.01238158657608,31.221230564291822,56.95272222347944 131.0123831393805,31.22122999300109,56.73988615198487 131.01238469280847,31.22122943050545,56.52708651734206 131.01238624686923,31.221228876958303,56.31432781969508 131.01238780159542,31.22122833250676,56.10161527193605 131.01238935704404,31.221227797292435,55.88895478678262 131.01239091329683,31.22122727145237,55.67635300560839 131.01239247046098,31.221226755119524,55.463817306396464 131.0123940286696,31.22122624842316,55.251355824616496 131.01239558808302,31.22122575148872,55.03897749895365 131.01239714888987,31.221225264437823,54.826692074291685 131.0123987113085,31.22122478738773,54.6145101653354 131.0124002557087,31.2212242614533,54.40181643029525 131.012401802745,31.22122374807028,54.1892894289642 131.01240334357675,31.221223220659382,53.97663314020033 131.01240487975565,31.221222683882964,53.76391080103959 131.0124064113433,31.221222138007366,53.55112768687596 131.0124079383703,31.221221583316805,53.338289593008106 131.01240946083735,31.2212210201013,53.125401347521816 131.01241097871866,31.22122044865795,52.91246686894339 131.01241249196408,31.22121986929225,52.69948924178616 131.01241400050338,31.22121928231943,52.4864707791752 131.0124155042496,31.22121868806572,52.273413107340765 131.01241700310365,31.221218086869325,52.06031723619483 131.01241849695924,31.22121747908107,51.84718365774313 131.0124199857088,31.22121686506424,51.63401243753761 131.01242146924915,31.22121624519393,51.42080332402261 131.01242294748732,31.221215619855368,51.20755584794126 131.01242442034663,31.2212149894414,50.99426944858165 131.0124258877717,31.22121435434917,50.780943554295874 131.0124273497325,31.22121371497636,50.56757768787165 131.01242880622715,31.22121307171696,50.354171534129165 131.0124302572837,31.221212424957105,50.14072500155395 131.01243170296038,31.22121177507142,49.92723825211943 131.01243314334408,31.221211122419845,49.71371171321612 131.01243457854886,31.221210467345365,49.500146091570166 131.01243600871337,31.22120981017246,49.28654234043858 131.01243743399786,31.22120915120644,49.07290164966956 131.01243885458135,31.221208490733485,48.85922541488704 131.01244027065874,31.22120782902116,48.645515209656736 131.01244168243807,31.221207166319303,48.43177274969982 131.01244309013845,31.221206502861296,48.21799987897672 131.01244449398754,31.221205838865483,48.00419853290622 131.0124458942202,31.221205174536408,47.790370725442735 131.0124472910769,31.22120451006641,47.57651853118331 131.0124486848021,31.22120384563698,47.362644067474186 131.0124500756436,31.2212031814201,47.14874948347603 131.0124514638513,31.221202517579467,46.93483695419978 131.0124528496767,31.22120185427174,46.720908672554 131.01245423337167,31.221201191647776,46.50696684039788 131.01245561518854,31.221200529853533,46.293013671524086 131.01245699537907,31.221199869031263,46.07905137774107 131.01245837419398,31.221199209320645,45.86508217185562 131.0124597518826,31.22119855085967,45.65110826469046 131.0124611286922,31.221197893785824,45.43713186707291 131.0124625048676,31.221197238237288,45.22315516895814 131.0124638806505,31.22119658435413,45.00918036030608 131.01246525627892,31.22119593227953,44.79520960125784 131.01246663198643,31.221195282161425,44.58124502710688 131.01246800800115,31.221194634154024,44.36728873636922 131.01246938454497,31.22119398841952,44.15334277686695 131.01247076183202,31.221193345130143,43.93940912584572 131.01247214006696,31.22119270447024,43.72548967904024 131.01247351944332,31.22119206663835,43.511586212898415 131.0124749001406,31.22119143184956,43.29770035972895 131.01247628232164,31.22119080033755,43.08383357191416 131.01247766612892,31.22119017235631,42.86998709109314 131.01247905168088,31.2211895481812,42.656161894479766 131.0124804390676,31.2211889281092,42.44235866802233 131.01248182834712,31.22118831245772,42.22857777757431 131.0124832195422,31.2211877015618,42.01481925795855 131.01248461263847,31.22118709576999,41.801082828871934 131.01248600758456,31.221186495438577,41.58736793862468 131.0124874042947,31.221185900925104,41.37367382875525 131.01248880265356,31.221185312581813,41.15999965829163 131.01249020252308,31.22118473074964,40.94634460514769 131.01249160375076,31.22118415575341,40.732708014243606 131.01249300617823,31.221183587898786,40.51908951083156 131.0124944096492,31.22118302747061,40.30548912873536 131.01249581401734,31.22118247473263,40.091907390871775 131.01249721915173,31.22118192992844,39.87834539673268 131.0124986249418,31.22118139328296,39.66480486413776 131.01250003130104,31.221180865004225,39.45128817397029 131.01250143816898,31.22118034528557,39.23779839204893 131.01250284551278,31.22117983430753,39.024339269128845 131.01250425332844,31.22117933223953,38.81091527072677 131.01250566164063,31.221178839241688,38.59753155326391 131.0125070705033,31.221178355465952,38.38419397500264 131.01250847999944,31.22117788105714,38.17090910101886 131.01250989024084,31.221177416153864,37.95768419525068 131.01251130136836,31.22117696088884,37.74452723242942 131.01251271355173,31.221176515389168,37.53144689012783 131.01251412698943,31.221176079776527,37.31845257957999 131.0125155419094,31.221175654166533,37.1055544426994 131.0125169353568,31.221175180847744,36.89209770775067 131.0125183315574,31.22117471999903,36.67880320898516 131.01251972011372,31.22117424559677,36.46535639569166 131.0125211028958,31.221173762198607,36.25182451453919 131.01252248000645,31.221173270064817,36.03821362445007 131.01252385152873,31.221172769470204,35.82453058460923 131.0125252175228,31.22117226069289,35.610781485773835 131.01252657802925,31.221171744014367,35.39697172383533 131.01252793307114,31.22117121972001,35.18310604753406 131.01252928265703,31.221170688099328,34.96918862705159 131.01253062678373,31.221170149446344,34.75522308681426 131.0125319654384,31.22116960405994,34.54121257309135 131.01253329860185,31.22116905224397,34.327159782822534 131.01253462625098,31.221168494307367,34.11306702425778 131.01253594836135,31.221167930564057,33.89893625572624 131.01253726491026,31.22116736133252,33.684769122417165 131.01253857587895,31.221166786935367,33.47056701602607 131.01253988125566,31.22116620769845,33.25633109960642 131.0125411810375,31.22116562394987,33.042062354292135 131.01254247523286,31.22116503601878,32.827761620055824 131.01254376386328,31.221164444233946,32.61342962751987 131.01254504696453,31.221163848922306,32.39906703274972 131.0125463245883,31.22116325040731,32.184674442106925 131.0125475968023,31.22116264900749,31.97025243908949 131.01254886369105,31.221162045034887,31.75580160719668 131.01255012535546,31.221161438793708,31.54132254185822 131.01255138191243,31.22116083057928,31.32681586534609 131.01255263349455,31.221160220676847,31.11228224466862 131.01255388024867,31.22115960936112,30.89772237467031 131.0125551223354,31.22115899689547,30.68313701183244 131.0125563599274,31.221158383531865,30.46852695140792 131.01255759320867,31.221157769510626,30.253893043327675 131.01255882237317,31.221157155060578,30.039236181265206 131.0125600476233,31.22115654039925,29.82455730263669 131.0125612691696,31.221155925733235,29.609857391583823 131.01256248722862,31.221155311258684,29.39513747996775 131.0125637020228,31.22115469716174,29.18039862649245 131.01256491377896,31.22115408361928,28.96564194155836 131.012566122728,31.221153470799383,28.75086856439724 131.0125673291035,31.22115285886221,28.53607967102552 131.01256853314152,31.221152247960447,28.32127647424417 131.01256973507964,31.221151638240325,28.10646022065657 131.0125709351566,31.221151029842048,27.891632187686096 131.0125721336114,31.22115042290092,27.6767936905352 131.01257333068318,31.221149817547808,27.46194607622068 131.01257452661025,31.22114921391032,27.247090724567787 131.01257572163013,31.22114861211344,27.03222904622225 131.01257691597843,31.22114801228072,26.817362482650108 131.01257810988892,31.22114741453515,26.60249250713205 131.01257930359247,31.221146819000484,26.38762061681064 131.0125804973169,31.22114622580228,26.17274833766068 131.0125816912858,31.22114563506956,25.957877206595168 131.01258288571825,31.221145046935945,25.74300878438912 131.0125840808273,31.221144461541765,25.528144628838017 131.0125852768195,31.22114387903535,25.313286300722645 131.01258647389275,31.22114329957536,25.09843534492084 131.01258767223538,31.22114272333236,24.88359327648937 131.01258887202363,31.221142150491048,24.66876156674646 131.01259007341983,31.22114158125184,24.453941630347863 131.01259127656922,31.221141015832444,24.239134796457016 131.0125924815977,31.22114045446883,24.024342304768435 131.01259368860872,31.22113989741545,23.80956528562501 131.01259489768051,31.221139344944657,23.594804746099708 131.0125961088644,31.22113879734473,23.380061582919165 131.01259732218318,31.221138254917207,23.16533658445165 131.01259853763173,31.22113771797278,22.95063046450724 131.01259975517854,31.22113718682681,22.73594391403244 131.01260097476927,31.221136661794468,22.521277639881 131.01260219633133,31.221136143185987,22.306632456274407 131.01260341977982,31.22113563130282,22.092009343455576 131.0126046450239,31.221135126434287,21.877409533184643 131.012605871973,31.22113462885561,21.662834575346555 131.0126071005427,31.22113413882672,21.448286406546835 131.0126083306602,31.22113365659188,21.233767398825023 131.01260956226804,31.221133182380093,21.01928040836836 131.0126107953281,31.221132716405783,20.804828803348467 131.0126120298239,31.221132258869737,20.590416501699966 131.0126132657624,31.22113180996031,20.37604797509797 131.01261450317534,31.221131369854355,20.16172827580131 131.01261574211995,31.221130938718247,19.947463035659577 131.0126169826793,31.22113051670883,19.733258483014893 131.01261822496247,31.22113010397389,19.519121441709096 131.0126194691047,31.22112970065284,19.30505934202077 131.0126207152668,31.22112930687693,19.09108021967229 131.01262196363544,31.22112892276943,18.87719273173773 131.0126232144227,31.221128548445563,18.663406146702663 131.01262446786572,31.22112818401228,18.44973037627824 131.01262569170234,31.221127775035487,18.23543187988833 131.01262691987014,31.22112737825188,18.021312780471376 131.01262813773803,31.22112696915476,17.80702292014736 131.01262934792817,31.22112655203806,17.592635749783348 131.01263055058692,31.221126127159508,17.378157704318674 131.01263174585236,31.2211256947886,17.163596189981547 131.0126329338456,31.22112525519746,16.948957956880037 131.01263411467383,31.221124808660367,16.73424916262579 131.01263528843225,31.22112435545334,16.519475420051368 131.01263645520652,31.22112389585381,16.30464184592222 131.01263761507468,31.221123430140377,16.089753095730394 131.01263876810907,31.221122958592524,15.874813408430132 131.01263991437813,31.22112248149043,15.659826631290375 131.0126410539476,31.221121999114644,15.444796260653993 131.01264218688254,31.22112151174584,15.229725455854703 131.01264331324828,31.22112101966454,15.014617088924089 131.01264443311197,31.221120523150663,14.799473745584548 131.01264554654347,31.221120022483248,14.58429776998571 131.0126466536165,31.221119517940007,14.369091268680112 131.01264775440958,31.22111900979688,14.153856142435636 131.01264884900675,31.22111849832755,13.938594107112092 131.0126499374983,31.22111798380301,13.723306700619716 131.01265101998123,31.221117466491023,13.50799530578432 131.01265209655983,31.22111694665565,13.292661177189032 131.0126531673459,31.22111642455673,13.077305434214743 131.01265423245903,31.221115900449448,12.861929097823603 131.01265529202666,31.22111537458384,12.646533090558687 131.0126563461841,31.22111484720441,12.431118250461871 131.01265739507443,31.221114318549752,12.215685348968428 131.01265843884835,31.2211137888522,12.000235092895174 131.01265947766404,31.22111325833756,11.784768144323408 131.01266051168665,31.221112727224888,11.569285124575355 131.01266154108802,31.22111219572636,11.353786623161565 131.01266256604637,31.221111664047104,11.138273206728096 131.0126635867458,31.221111132385165,10.922745428004006 131.01266460337578,31.22111060093153,10.707203836736948 131.0126656161307,31.2211100698702,10.491648974722365 131.01266662520945,31.22110953937828,10.27608139668088 131.01266763081472,31.22110900962617,10.06050166628154 131.01266863315277,31.221108480777744,9.844910367077713 131.01266963243273,31.22110795299069,9.629308104495347 131.01267062886612,31.221107426416783,9.41369551080387 131.0126716226665,31.221106901202194,9.19807325804038 131.0126726140488,31.22110637748797,8.982442045085476 131.012673603229,31.221105855410432,8.766802620529198 131.01267459042367,31.22110533510164,8.551155775711942 131.0126755758494,31.221104816689945,8.335502348701198 131.01267655972237,31.221104300300524,8.1198432372158 131.01267754225805,31.221103786055973,7.904179384707736 131.01267852367067,31.22110327407694,7.688511798257228 131.01267950417267,31.221102764482776,7.472841542607906 131.01268048397446,31.22110225739224,7.2571697421552415 131.01268146334755,31.221101752889844,7.041497793697862 131.01268244249457,31.221101251096734,6.825826802746819 131.0126834216433,31.22110075212028,6.6101580318933335 131.0126844010127,31.221100256072948,6.394492746713564 131.01268538081726,31.22109976307068,6.178832216762701 131.0126863612659,31.22109927323347,5.96317774639424 131.01268734256195,31.221098786686195,5.7475306558707935 131.01268832490223,31.22109830355916,5.531892292300021 131.0126893084764,31.221097823988583,5.316264034605502 131.01269029346676,31.22109734811703,5.100647300486052 131.01269128004736,31.22109687609357,4.885043546415745 131.01269226838372,31.22109640807388,4.669454286533262 131.01269325863248,31.221095944220057,4.453881085682824 131.01269425094122,31.22109548470032,4.238325585262755 131.0126952454484,31.221095029688424,4.022789508196504 131.01269624228357,31.221094579363104,3.807274672851241 131.01269724156765,31.22109413390707,3.591783011927351 131.01269824341367,31.221093693506145,3.376316582400414 131.0126992479276,31.22109325834821,3.160877590375841 131.01270025520915,31.22109282862212,2.945468404013446 131.01270126535314,31.22109240451666,2.7300915714229688 131.01270227845086,31.221091986219488,2.514749840547972 131.0127032945914,31.22109157391624,2.2994461840207068 131.01270431386305,31.22109116778964,2.084183801150939 131.01270533635503,31.22109076801876,1.8689661537168505 131.0127063621586,31.22109037477844,1.6537969669598007 131.01270739136882,31.22108998823873,1.4386802524510125 131.0127084240855,31.221089608564505,1.2236203239990735 131.01270946041473,31.22108923591509,1.0086218095807746 131.01271050046972,31.221088870444188,0.7936896583010882 131.0127115443719,31.22108851229952,0.5788291652483786 131.0127125922518,31.221088161622845,0.3640459714952067 131.01271364424963,31.22108781854984,0.1493460800060066</coordinates>
            </LineString>
        </Placemark>
        <Placemark id="1975">
            <name>flight_path</name>
            <styleUrl>#1976</styleUrl>
            <LineString id="1974">
                <altitudeMode>clampToGround</altitudeMode>
                <coordinates>131.010392,31.222216000000007,0.0 131.0103920000045,31.222215999991075,0.0 131.0103920000085,31.222215999994766,0.0 131.0103920000085,31.222215999994766,0.0 131.01039200000852,31.222215999994766,0.0 131.01039201539675,31.22221599246117,0.0 131.0103920617776,31.22221596990869,0.0 131.01039213193175,31.22221593580231,0.0 131.01039220552698,31.222215900001803,0.0 131.0103923261533,31.222215841380503,0.0 131.01039241011944,31.222215800500727,0.0 131.01039255023213,31.22221573238213,0.0 131.0103926908424,31.222215663995925,0.0 131.01039284206664,31.22221559043897,0.0 131.01039301222698,31.2222155076778,0.0 131.01039319835945,31.22221541714896,0.0 131.01039339622227,31.222215320908244,0.0 131.0103936086097,31.222215217601374,0.0 131.01039382835415,31.2222151107022,0.0 131.0103940692252,31.222214993537087,0.0 131.0103943154942,31.22221487372917,0.0 131.0103945800907,31.22221474501192,0.0 131.01039485370347,31.222214611898128,0.0 131.01039513986652,31.222214472675024,0.0 131.01039544418495,31.22221432462593,0.0 131.01039575462735,31.22221417358214,0.0 131.01039608061367,31.222214014978025,0.0 131.01039641907315,31.22221385030192,0.0 131.01039677261693,31.22221367828824,0.0 131.01039713608534,31.22221350143773,0.0 131.010397517966,31.22221331563664,0.0 131.01039790540767,31.22221312711366,0.0 131.01039830590005,31.22221293223868,0.0 131.01039871921526,31.222212731122088,0.0 131.01039914602634,31.222212523437697,0.0 131.0103995843797,31.222212310132328,0.0 131.01040002919007,31.222212093670787,0.0 131.010400488852,31.222211869984235,0.0 131.01040096154043,31.222211639957216,0.0 131.01040144391652,31.222211405208075,0.0 131.01040193996343,31.222211163806087,0.0 131.01040244347448,31.22221091875968,0.0 131.01040295825328,31.222210668225145,0.0 131.01040348638034,31.22221041119396,0.0 131.01040402793237,31.222210147628825,0.0 131.0104045774418,31.22220988018005,0.0 131.0104051377902,31.2222096074508,0.0 131.01040571307726,31.222209327453587,0.0 131.01040630329675,31.222209040191352,0.0 131.01040689520636,31.22220875208352,0.0 131.01040750096558,31.22220845723537,0.0 131.0104081214021,31.222208155245536,0.0 131.01040875222748,31.222207848192888,0.0 131.01040938861175,31.222207538419,0.0 131.0104100415545,31.222207220590928,0.0 131.01041070492113,31.22220689768276,0.0 131.0104113765162,31.222206570758807,0.0 131.0104120622233,31.22220624092616,0.0 131.010412758959,31.222205901607875,0.0 131.0104134669701,31.222205558559583,0.0 131.0104141941131,31.22220520587779,0.0 131.01041492680838,31.222204850444577,0.0 131.01041567161064,31.222204489070418,0.0 131.01041643205448,31.22220412002172,0.0 131.01041720973174,31.22220374250908,0.0 131.0104179860495,31.22220336561201,0.0 131.01041877761668,31.222202981212387,0.0 131.01041959182157,31.22220258567305,0.0 131.0104204105975,31.22220218783849,0.0 131.01042123662032,31.222201786401754,0.0 131.0104220799684,31.222201376403813,0.0 131.0104229377882,31.222200959233376,0.0 131.0104238026726,31.22220053853301,0.0 131.01042467712685,31.22220011306756,0.0 131.0104255673488,31.222199679769943,0.0 131.01042647350096,31.22219923854701,0.0 131.01042738025822,31.222198796974936,0.0 131.01042830457772,31.22219834665924,0.0 131.01042923940807,31.22219789108009,0.0 131.01043018369555,31.222197430756967,0.0 131.01043113561738,31.222196966592072,0.0 131.01043210553388,31.22219649342528,0.0 131.01043308453535,31.22219601568017,0.0 131.010434067196,31.222195536062376,0.0 131.0104350663916,31.2221950481432,0.0 131.0104360789334,31.22219455350016,0.0 131.01043709205155,31.222194058518152,0.0 131.01043811918112,31.22219355647144,0.0 131.0104391582025,31.22219304840833,0.0 131.01044020456197,31.22219253660852,0.0 131.01044125882865,31.222192020784146,0.0 131.0104423241577,31.22219149934139,0.0 131.0104433995616,31.22219097276877,0.0 131.01044447935448,31.222190443930227,0.0 131.01044557154245,31.22218990877932,0.0 131.01044667412654,31.22218936831445,0.0 131.01044777987445,31.22218882619417,0.0 131.01044889953096,31.222188276967746,0.0 131.010450025637,31.222187724409142,0.0 131.01045115452305,31.22218717038498,0.0 131.01045229681455,31.22218660948025,0.0 131.01045344591475,31.222186045043827,0.0 131.0104546011181,31.22218547743393,0.0 131.0104557649536,31.222184905351394,0.0 131.0104569332611,31.222184330920424,0.0 131.01045810662464,31.222183753839523,0.0 131.0104592915361,31.22218317076097,0.0 131.01046047539467,31.22218258816576,0.0 131.0104616703827,31.22218199976965,0.0 131.01046287153346,31.222181408121635,0.0 131.0104640741269,31.222180815666256,0.0 131.01046528256524,31.22218022011776,0.0 131.0104665030146,31.222179618248152,0.0 131.01046772298628,31.222179016558712,0.0 131.0104689435604,31.22217841449869,0.0 131.0104701771643,31.222177805535864,0.0 131.01047140714573,31.222177198406968,0.0 131.0104726428627,31.22217658819005,0.0 131.01047389039016,31.22217597163596,0.0 131.0104751284194,31.22217536005816,0.0 131.0104763775288,31.22217474250685,0.0 131.01047763154705,31.222174122230854,0.0 131.01047887907663,31.22217350537734,0.0 131.01048013807284,31.22217288224188,0.0 131.0104813946229,31.22217226033928,0.0 131.0104826515226,31.22217163817169,0.0 131.01048391590135,31.222171011772808,0.0 131.01048517668698,31.222170387266885,0.0 131.01048643915604,31.222169761731795,0.0 131.0104877060323,31.22216913356249,0.0 131.01048896949027,31.22216850724214,0.0 131.01049023562055,31.22216787924242,0.0 131.01049150221905,31.22216725079608,0.0 131.01049276698782,31.222166623332807,0.0 131.01049403400387,31.222165994238694,0.0 131.01049529900405,31.22216536624956,0.0 131.01049656380894,31.22216473817648,0.0 131.0104978284131,31.222164109759127,0.0 131.01049909152437,31.222163482261063,0.0 131.01050035378387,31.22216285489357,0.0 131.0105016142504,31.22216222811923,0.0 131.01050287409095,31.222161601790862,0.0 131.01050413124406,31.222160976394164,0.0 131.01050538736135,31.22216035152993,0.0 131.01050664194997,31.2221597273194,0.0 131.01050789163034,31.222159105135173,0.0 131.0105091420919,31.22215848273052,0.0 131.01051038932496,31.222157861713107,0.0 131.0105116306954,31.22215724327821,0.0 131.0105128748484,31.222156623683567,0.0 131.01051411126056,31.22215600753526,0.0 131.01051534615328,31.22215539212052,0.0 131.01051658062912,31.22215477691561,0.0 131.01051780571242,31.22215416602399,0.0 131.01051903310838,31.222153554103272,0.0 131.0105202550216,31.2221529447301,0.0 131.0105214710821,31.22215233810818,0.0 131.01052268895643,31.222151730652605,0.0 131.01052389703582,31.22215112781716,0.0 131.01052510574948,31.222150524700755,0.0 131.01052631153,31.22214992298004,0.0 131.01052750722084,31.222149326081016,0.0 131.01052870608882,31.222148727674806,0.0 131.01052989820627,31.22214813250791,0.0 131.0105310847949,31.222147540012674,0.0 131.01053227254044,31.22214694696292,0.0 131.01053344800806,31.22214635986254,0.0 131.01053462729243,31.22214577091687,0.0 131.01053580086867,31.22214518474552,0.0 131.01053696323413,31.22214460405289,0.0 131.01053813303923,31.22214401972433,0.0 131.01053928954548,31.222143441911648,0.0 131.01054044775293,31.22214286326859,0.0 131.0105416021736,31.22214228648633,0.0 131.0105427473568,31.222141714265973,0.0 131.01054389648388,31.222141140095754,0.0 131.0105450351141,31.22214057112504,0.0 131.01054617398978,31.222140002035168,0.0 131.01054731097986,31.222139433878905,0.0 131.01054843812386,31.222138870634605,0.0 131.0105495699086,31.22213830507087,0.0 131.0105506924189,31.222137744148323,0.0 131.010551815067,31.22213718315828,0.0 131.01055293542066,31.222136623318207,0.0 131.01055404802187,31.222136067389183,0.0 131.01055516477038,31.222135509362587,0.0 131.0105562726152,31.22213495584507,0.0 131.01055738265143,31.222134401215698,0.0 131.0105584893105,31.222133848302207,0.0 131.0105595911502,31.22213329785528,0.0 131.01056069580278,31.222132745964675,0.0 131.0105617940127,31.22213219738834,0.0 131.0105628937416,31.222131648030874,0.0 131.01056399133614,31.222131099777865,0.0 131.01056508557454,31.22213055328323,0.0 131.01056618209364,31.222130005592447,0.0 131.01056727439095,31.22212946013701,0.0 131.010568367872,31.22212891406108,0.0 131.01056946035268,31.22212836852586,0.0 131.01057055186288,31.22212782353908,0.0 131.01057164405367,31.222127278180736,0.0 131.01057273513527,31.222126733498747,0.0 131.01057382695802,31.222126188401283,0.0 131.0105749187557,31.22212564338165,0.0 131.0105760110737,31.22212509813861,0.0 131.01057710357136,31.222124552783445,0.0 131.01057819792285,31.22212400662991,0.0 131.01057929174883,31.222123460664168,0.0 131.01058038779215,31.22212291368184,0.0 131.01058148452063,31.22212236635376,0.0 131.01058258184528,31.222121818730823,0.0 131.01058368290657,31.22212126931264,0.0 131.01058478273671,31.222120720465497,0.0 131.0105858872964,31.222120169321627,0.0 131.01058699160384,31.222119618281823,0.0 131.01058809809828,31.222119066163444,0.0 131.01058920876417,31.222118511982885,0.0 131.01059031780292,31.222117958590857,0.0 131.01059143484363,31.22211740123048,0.0 131.01059254957644,31.222116844999075,0.0 131.01059367037283,31.22211628574104,0.0 131.01059479157746,31.222115726265745,0.0 131.0105959143808,31.22211516598193,0.0 131.01059704378255,31.222114602375257,0.0 131.01059817091735,31.222114039896947,0.0 131.0105993085642,31.22211347210691,0.0 131.01060044301002,31.2221129059206,0.0 131.01060158297335,31.222112336932103,0.0 131.01060272726627,31.222111765732127,0.0 131.01060386956763,31.222111195536943,0.0 131.01060502118503,31.222110620579723,0.0 131.01060617337473,31.22211004531521,0.0 131.01060732511942,31.22210947027253,0.0 131.01060848342598,31.22210889185068,0.0 131.01060964666706,31.22210831087236,0.0 131.01061080979062,31.222107729943524,0.0 131.01061197478876,31.22210714803875,0.0 131.01061314536906,31.22210656322727,0.0 131.01061431840972,31.222105977122183,0.0 131.0106154928994,31.22210539025156,0.0 131.01061666959242,31.2221048022202,0.0 131.01061785016205,31.22210421214359,0.0 131.0106190326185,31.222103621061468,0.0 131.01062021686255,31.222103029025423,0.0 131.01062140350652,31.22210243570735,0.0 131.01062259230693,31.222101841230582,0.0 131.01062378285687,31.222101245808023,0.0 131.01062497512993,31.22210064945024,0.0 131.01062616948923,31.22210005195588,0.0 131.01062736566243,31.222099453465297,0.0 131.0106285634751,31.222098854067927,0.0 131.01062976255977,31.22209825396028,0.0 131.01063096284312,31.22209765317864,0.0 131.01063216497516,31.22209705135323,0.0 131.0106333679888,31.22209644901616,0.0 131.0106345722563,31.22209584595237,0.0 131.01063577751313,31.222095242303062,0.0 131.01063698378857,31.2220946380418,0.0 131.0106381906379,31.22209403342097,0.0 131.01063939828487,31.22209342829821,0.0 131.01064060654835,31.22209282276774,0.0 131.01064181517242,31.22209221697814,0.0 131.010643024261,31.22209161084663,0.0 131.01064423365915,31.22209100445036,0.0 131.0106454430784,31.2220903979816,0.0 131.0106466526168,31.22208979133878,0.0 131.01064786206408,31.222089184657207,0.0 131.0106490713465,31.22208857797106,0.0 131.01065028036308,31.222087971325937,0.0 131.01065148898724,31.222087364777487,0.0 131.01065269714067,31.22208675837829,0.0 131.01065390469986,31.222086152181173,0.0 131.01065511163435,31.22208554621688,0.0 131.01065631782066,31.222084940539947,0.0 131.01065752326596,31.222084335161668,0.0 131.01065872777073,31.22208373016691,0.0 131.01065993117024,31.222083125633088,0.0 131.01066113354483,31.222082521538344,0.0 131.01066233477124,31.22208191793977,0.0 131.0106635347829,31.22208131487288,0.0 131.010664733816,31.22208071224286,0.0 131.01066593136187,31.2220801102734,0.0 131.01066712776188,31.222079508823057,0.0 131.01066832243262,31.22207890815282,0.0 131.01066951590195,31.222078308034483,0.0 131.01067070745407,31.22207770879156,0.0 131.0106718977522,31.22207711013088,0.0 131.01067308654348,31.22207651216864,0.0 131.01067427344287,31.22207591508452,0.0 131.0106754587457,31.222075318747617,0.0 131.0106766426869,31.22207472305183,0.0 131.01067782454194,31.222074128334395,0.0 131.01067900490816,31.22207353432222,0.0 131.01068018331608,31.22207294123556,0.0 131.0106813601552,31.222072348895423,0.0 131.0106825354206,31.22207175730557,0.0 131.0106837089381,31.22207116654973,0.0 131.01068488070018,31.22207057663361,0.0 131.0106860508656,31.22206998748408,0.0 131.0106872193934,31.22206939912182,0.0 131.0106883864814,31.222068811454527,0.0 131.01068955159968,31.22206822473516,0.0 131.0106907154743,31.222067638619965,0.0 131.0106918774725,31.222067053411124,0.0 131.01069303798286,31.222066468924783,0.0 131.01069419743257,31.222065884957257,0.0 131.01069535510263,31.22206530185321,0.0 131.0106965115201,31.222064719361303,0.0 131.01069766689042,31.22206413738329,0.0 131.0106988206236,31.222063556202954,0.0 131.0106999734922,31.222062975449592,0.0 131.01070112500196,31.222062395361124,0.0 131.0107022750127,31.2220618160056,0.0 131.01070342435716,31.22206123698203,0.0 131.0107045726835,31.222060658459824,0.0 131.0107057200402,31.222060080415684,0.0 131.0107068662233,31.22205950294808,0.0 131.01070801167316,31.22205892584432,0.0 131.01070915637655,31.222058349110505,0.0 131.0107103001586,31.22205777283076,0.0 131.01071144335123,31.222057196844474,0.0 131.01071258600788,31.2220566211254,0.0 131.01071372779154,31.222056045835373,0.0 131.01071486940566,31.22205547063478,0.0 131.01071601010855,31.22205489587981,0.0 131.01071715062787,31.22205432121957,0.0 131.01071829071768,31.222053746771287,0.0 131.01071943051423,31.22205317246843,0.0 131.01072056997813,31.222052598328364,0.0 131.0107217092981,31.222052024259696,0.0 131.01072284852972,31.22205145023468,0.0 131.01072398770958,31.222050876234327,0.0 131.010725126837,31.222050302256672,0.0 131.0107262661197,31.22204972820295,0.0 131.0107274054578,31.222049154116903,0.0 131.0107285449924,31.222048579930863,0.0 131.01072968476797,31.22204800562216,0.0 131.01073082483157,31.22204743116664,0.0 131.01073196519164,31.222046856554588,0.0 131.01073310598252,31.22204628172813,0.0 131.0107342471838,31.222045706687386,0.0 131.01073538887465,31.22204513139242,0.0 131.01073653110183,31.222044555824688,0.0 131.0107376739052,31.222043979960056,0.0 131.01073881733703,31.22204340377132,0.0 131.01073996145496,31.222042827227263,0.0 131.0107411062066,31.22204225036416,0.0 131.0107422517099,31.222041673111693,0.0 131.0107433980006,31.222041095452425,0.0 131.01074454507005,31.222040517393246,0.0 131.0107456930564,31.222039938855648,0.0 131.01074684181634,31.22203935992341,0.0 131.01074799141895,31.22203878055716,0.0 131.01074914214368,31.222038200599247,0.0 131.010750293819,31.222037620148058,0.0 131.01075144634632,31.222037039258968,0.0 131.0107525999668,31.22203645779612,0.0 131.0107537546143,31.22203587579697,0.0 131.01075491032776,31.22203529323943,0.0 131.01075606713536,31.222034710107344,0.0 131.0107572250312,31.222034126403603,0.0 131.01075838388624,31.222033542200272,0.0 131.01075954382645,31.22203295742576,0.0 131.01076070484342,31.22203237208398,0.0 131.01076186683136,31.2220317862338,0.0 131.0107630298776,31.22203119982488,0.0 131.0107641943763,31.22203061263212,0.0 131.01076535962375,31.22203002505403,0.0 131.0107665259934,31.22202943687716,0.0 131.01076769354964,31.22202884806267,0.0 131.0107688620861,31.222028258727043,0.0 131.01077003164804,31.22202766884288,0.0 131.01077120211033,31.222027078480767,0.0 131.01077237363674,31.222026487543715,0.0 131.0107735462462,31.2220258960178,0.0 131.01077471965823,31.222025304065443,0.0 131.01077589407822,31.22202471156364,0.0 131.01077706957932,31.222024118465068,0.0 131.01077824600756,31.22202352485824,0.0 131.0107794231636,31.222022930861588,0.0 131.01078060119997,31.222022336380064,0.0 131.01078178022345,31.22202174134287,0.0 131.01078296008197,31.22202114583916,0.0 131.0107841407047,31.22202054991017,0.0 131.0107853220563,31.22201995357496,0.0 131.01078650420067,31.22201935678696,0.0 131.01078768693614,31.222018759674143,0.0 131.01078887046708,31.222018162093217,0.0 131.0107900546224,31.22201756415261,0.0 131.01079123942628,31.222016965828555,0.0 131.01079242476408,31.222016367197817,0.0 131.0107936106168,31.22201576826944,0.0 131.01079479702685,31.22201516899642,0.0 131.0107959839212,31.22201456942292,0.0 131.0107971712825,31.22201396954575,0.0 131.01079835901925,31.2220133694464,0.0 131.0107995471339,31.222012769107103,0.0 131.01080073559203,31.22201216851063,0.0 131.01080192434185,31.222011567740363,0.0 131.01080311334513,31.222010966768163,0.0 131.0108043025712,31.222010365634404,0.0 131.01080549203283,31.222009764353206,0.0 131.01080668165076,31.222009162935887,0.0 131.01080787141183,31.22200856140205,0.0 131.0108090612808,31.22200795976736,0.0 131.01081025122548,31.222007358047904,0.0 131.01081144121423,31.22200675625973,0.0 131.01081263121563,31.22200615441867,0.0 131.0108138211988,31.222005552540367,0.0 131.0108150111333,31.222004950640248,0.0 131.01081620098918,31.22200434873354,0.0 131.0108173907371,31.22200374683521,0.0 131.01081858034811,31.222003144959967,0.0 131.01081976979413,31.22200254312224,0.0 131.0108209590475,31.22200194133613,0.0 131.0108221480814,31.222001339615456,0.0 131.01082333686963,31.22200073797368,0.0 131.0108245253868,31.2220001364239,0.0 131.01082571360817,31.22199953497891,0.0 131.01082690150983,31.2219989336511,0.0 131.01082808906872,31.22199833245246,0.0 131.01082927626248,31.221997731394616,0.0 131.01083046306977,31.22199713048876,0.0 131.0108316494699,31.221996529745688,0.0 131.01083283544327,31.221995929175755,0.0 131.010834020971,31.22199532878892,0.0 131.01083520603513,31.22199472859468,0.0 131.01083639061855,31.221994128602084,0.0 131.0108375747053,31.22199352881976,0.0 131.0108387582801,31.22199292925588,0.0 131.01083994132864,31.22199232991813,0.0 131.01084112383757,31.221991730813787,0.0 131.01084230579443,31.221991131949643,0.0 131.01084348718774,31.22199053333204,0.0 131.01084466800688,31.221989934966867,0.0 131.01084584824216,31.221989336859544,0.0 131.01084702788486,31.22198873901504,0.0 131.01084820692716,31.22198814143785,0.0 131.01084938536206,31.221987544132062,0.0 131.01085056318357,31.22198694710128,0.0 131.01085174038647,31.22198635034868,0.0 131.01085291696648,31.22198575387699,0.0 131.01085409292023,31.221985157688486,0.0 131.0108552682451,31.221984561785057,0.0 131.01085644293948,31.221983966168107,0.0 131.01085761700236,31.22198337083868,0.0 131.01085879043367,31.22198277579737,0.0 131.01085996323408,31.221982181044403,0.0 131.01086113540512,31.221981586579588,0.0 131.01086230694904,31.22198099240232,0.0 131.01086347786878,31.221980398511672,0.0 131.0108646481681,31.221979804906294,0.0 131.01086581785142,31.22197921158449,0.0 131.01086698692384,31.221978618544213,0.0 131.01086815539108,31.221978025783105,0.0 131.01086932325956,31.221977433298417,0.0 131.01087049053635,31.22197684108712,0.0 131.01087165722907,31.221976249145857,0.0 131.01087282334595,31.221975657470967,0.0 131.01087398889575,31.2219750660585,0.0 131.01087515388784,31.22197447490421,0.0 131.01087631833198,31.221973884003624,0.0 131.01087748223858,31.22197329335196,0.0 131.01087864561833,31.22197270294421,0.0 131.01087980848254,31.221972112775155,0.0 131.01088097084286,31.22197152283931,0.0 131.01088213271132,31.221970933130983,0.0 131.0108832941004,31.22197034364428,0.0 131.010884455023,31.221969754373127,0.0 131.0108856154921,31.22196916531126,0.0 131.0108867755212,31.221968576452248,0.0 131.0108879351241,31.22196798778951,0.0 131.0108890943147,31.221967399316306,0.0 131.01089025310733,31.221966811025748,0.0 131.01089141151647,31.22196622291084,0.0 131.01089256955677,31.221965634964462,0.0 131.01089372724311,31.221965047179395,0.0 131.01089488459053,31.22196445954831,0.0 131.01089604161416,31.22196387206382,0.0 131.01089719832927,31.22196328471845,0.0 131.01089835475128,31.221962697504665,0.0 131.01089951089563,31.22196211041486,0.0 131.01090066677787,31.2219615234414,0.0 131.0109018224136,31.22196093657662,0.0 131.01090297781832,31.221960349812807,0.0 131.01090413300776,31.221959763142262,0.0 131.01090528799747,31.22195917655724,0.0 131.010906442803,31.221958590050026,0.0 131.0109075974399,31.221958003612905,0.0 131.0109087519237,31.22195741723819,0.0 131.01090990626963,31.22195683091821,0.0 131.01091106049316,31.22195624464532,0.0 131.01091221460945,31.22195565841192,0.0 131.01091336863357,31.22195507221045,0.0 131.01091452258046,31.221954486033432,0.0 131.010915676465,31.2219538998734,0.0 131.01091683030182,31.22195331372301,0.0 131.0109179841054,31.22195272757496,0.0 131.01091913789008,31.22195214142204,0.0 131.01092029166995,31.22195155525711,0.0 131.01092144545896,31.22195096907315,0.0 131.0109225992708,31.221950382863216,0.0 131.010923753119,31.22194979662044,0.0 131.01092490701677,31.221949210338124,0.0 131.0109260609772,31.22194862400961,0.0 131.01092721501303,31.2219480376284,0.0 131.01092836913685,31.221947451188104,0.0 131.01092952336091,31.22194686468247,0.0 131.0109306776972,31.221946278105328,0.0 131.0109318321574,31.221945691450685,0.0 131.01093298675306,31.22194510471264,0.0 131.01093414149534,31.22194451788548,0.0 131.01093529639513,31.22194393096357,0.0 131.01093645146304,31.22194334394144,0.0 131.01093760670935,31.22194275681377,0.0 131.0109387621441,31.221942169575367,0.0 131.010939917777,31.221941582221195,0.0 131.01094107361746,31.221940994746383,0.0 131.01094222967458,31.22194040714617,0.0 131.01094338595715,31.221939819415976,0.0 131.01094454247365,31.22193923155136,0.0 131.0109456992323,31.22193864354802,0.0 131.01094685624096,31.221938055401825,0.0 131.0109480135072,31.22193746710879,0.0 131.01094917103825,31.22193687866507,0.0 131.0109503288411,31.22193629006698,0.0 131.01095148692238,31.221935701311008,0.0 131.01095264528843,31.22193511239375,0.0 131.01095380394523,31.221934523312,0.0 131.01095496289864,31.221933934062672,0.0 131.0109561221539,31.22193334464285,0.0 131.01095728171623,31.22193275504975,0.0 131.0109584415905,31.22193216528073,0.0 131.0109596017812,31.22193157533333,0.0 131.01096076229257,31.2219309852052,0.0 131.0109619231286,31.221930394894148,0.0 131.0109630842929,31.22192980439811,0.0 131.01096424578895,31.2219292137152,0.0 131.01096540761984,31.221928622843624,0.0 131.01096656978837,31.221928031781765,0.0 131.01096773229713,31.221927440528127,0.0 131.0109688951485,31.221926849081346,0.0 131.01097005834444,31.221926257440185,0.0 131.01097122188676,31.221925665603543,0.0 131.01097238577702,31.221925073570457,0.0 131.01097355001656,31.221924481340068,0.0 131.01097471460636,31.221923888911647,0.0 131.01097587954726,31.221923296284604,0.0 131.0109770448399,31.221922703458432,0.0 131.0109782104846,31.22192211043276,0.0 131.01097937648154,31.221921517207328,0.0 131.01098054283062,31.221920923782,0.0 131.0109817095315,31.221920330156703,0.0 131.01098287658382,31.221919736331543,0.0 131.01098404398684,31.22191914230667,0.0 131.01098521173964,31.221918548082343,0.0 131.01098637984117,31.22191795365894,0.0 131.0109875482902,31.22191735903691,0.0 131.01098871708535,31.2219167642168,0.0 131.01098988622496,31.22191616919924,0.0 131.01099105570725,31.22191557398497,0.0 131.01099222553037,31.2219149785748,0.0 131.01099339569225,31.221914382969604,0.0 131.0109945661906,31.22191378717035,0.0 131.0109957370231,31.22191319117808,0.0 131.0109969081873,31.221912594993924,0.0 131.01099807968046,31.22191199861905,0.0 131.01099925149987,31.221911402054715,0.0 131.01100042364263,31.22191080530224,0.0 131.0110015961058,31.221910208362992,0.0 131.0110027688862,31.221909611238424,0.0 131.0110039419806,31.22190901393001,0.0 131.0110051153858,31.22190841643931,0.0 131.0110062890983,31.22190781876792,0.0 131.01100746311465,31.22190722091748,0.0 131.01100863743125,31.221906622889684,0.0 131.01100981204445,31.221906024686263,0.0 131.0110109869505,31.221905426309007,0.0 131.01101216214568,31.22190482775972,0.0 131.011013337626,31.221904229040263,0.0 131.0110145133876,31.22190363015252,0.0 131.0110156894265,31.221903031098407,0.0 131.01101686573867,31.221902431879872,0.0 131.01101804232,31.221901832498904,0.0 131.01101921916631,31.221901232957485,0.0 131.01102039627355,31.221900633257647,0.0 131.01102157363746,31.221900033401425,0.0 131.01102275125385,31.221899433390888,0.0 131.0110239291185,31.22189883322812,0.0 131.01102510722697,31.2218982329152,0.0 131.01102628557518,31.22189763245424,0.0 131.01102746415873,31.221897031847345,0.0 131.0110286429733,31.221896431096663,0.0 131.01102982201456,31.22189583020431,0.0 131.01103100127824,31.22189522917241,0.0 131.01103218076,31.22189462800314,0.0 131.01103336045543,31.22189402669862,0.0 131.01103454036033,31.221893425261,0.0 131.0110357204703,31.22189282369243,0.0 131.01103690078105,31.22189222199503,0.0 131.01103808128832,31.221891620170965,0.0 131.01103926198783,31.221891018222333,0.0 131.01104044287536,31.22189041615128,0.0 131.01104162394665,31.221889813959915,0.0 131.01104280519755,31.221889211650343,0.0 131.0110439866238,31.22188860922465,0.0 131.01104516822136,31.221888006684928,0.0 131.01104634998606,31.22188740403324,0.0 131.01104753191387,31.22188680127164,0.0 131.01104871400068,31.221886198402167,0.0 131.01104989624258,31.22188559542683,0.0 131.01105107863552,31.221884992347647,0.0 131.01105226117565,31.22188438916661,0.0 131.01105344385903,31.22188378588568,0.0 131.01105462668187,31.221883182506804,0.0 131.01105580964042,31.221882579031902,0.0 131.01105699273083,31.221881975462896,0.0 131.0110581759495,31.221881371801647,0.0 131.01105935929277,31.221880768050028,0.0 131.01106054275704,31.221880164209864,0.0 131.0110617263388,31.22187956028297,0.0 131.01106291003447,31.221878956271137,0.0 131.0110640938408,31.221878352176123,0.0 131.01106527775428,31.221877747999635,0.0 131.01106646177166,31.22187714374341,0.0 131.01106764588965,31.22187653940912,0.0 131.01106883010507,31.2218759349984,0.0 131.01107001441477,31.22187533051289,0.0 131.01107119881573,31.221874725954187,0.0 131.01107238330485,31.221874121323854,0.0 131.01107356787918,31.221873516623425,0.0 131.01107475253585,31.22187291185441,0.0 131.011075937272,31.2218723070183,0.0 131.01107712208488,31.22187170211653,0.0 131.01107830697174,31.221871097150537,0.0 131.01107949192993,31.221870492121703,0.0 131.01108067695688,31.2218698870314,0.0 131.01108186205002,31.22186928188094,0.0 131.01108304720688,31.22186867667164,0.0 131.0110842324251,31.22186807140477,0.0 131.01108541770228,31.221867466081576,0.0 131.01108660303615,31.221866860703248,0.0 131.0110877884245,31.221866255271,0.0 131.01108897386518,31.22186564978596,0.0 131.01109015935603,31.22186504424925,0.0 131.01109134489505,31.22186443866197,0.0 131.01109253048028,31.22186383302517,0.0 131.01109371610974,31.221863227339902,0.0 131.01109490178163,31.221862621607144,0.0 131.0110960874941,31.221862015827885,0.0 131.01109727324544,31.22186141000306,0.0 131.01109845903397,31.221860804133584,0.0 131.011099644858,31.22186019822036,0.0 131.01110083071603,31.221859592264224,0.0 131.01110201660657,31.221858986266007,0.0 131.01110320252806,31.221858380226525,0.0 131.0111043884792,31.221857774146542,0.0 131.01110557445855,31.22185716802681,0.0 131.01110676046488,31.221856561868048,0.0 131.01110794649696,31.221855955670943,0.0 131.01110913255357,31.22185534943617,0.0 131.01111031863357,31.221854743164368,0.0 131.0111115047359,31.221854136856145,0.0 131.0111126908595,31.22185353051209,0.0 131.01111387700345,31.22185292413277,0.0 131.01111506316673,31.221852317718724,0.0 131.01111624934853,31.22185171127046,0.0 131.01111743554796,31.221851104788463,0.0 131.01111862176427,31.221850498273227,0.0 131.01111980799666,31.22184989172516,0.0 131.0111209942445,31.221849285144696,0.0 131.01112218050707,31.221848678532243,0.0 131.01112336678375,31.22184807188816,0.0 131.01112455307407,31.221847465212804,0.0 131.01112573937746,31.22184685850652,0.0 131.01112692569336,31.221846251769588,0.0 131.01112811202137,31.22184564500233,0.0 131.0111292983611,31.221845038205,0.0 131.01113048471217,31.221844431377853,0.0 131.01113167107422,31.22184382452112,0.0 131.01113285744697,31.221843217635023,0.0 131.01113404383017,31.22184261071974,0.0 131.01113523022354,31.221842003775464,0.0 131.01113641662693,31.221841396802343,0.0 131.01113760304014,31.221840789800524,0.0 131.0111387894631,31.221840182770134,0.0 131.0111399758956,31.22183957571128,0.0 131.0111411623377,31.221838968624063,0.0 131.01114234878924,31.22183836150856,0.0 131.01114353525023,31.221837754364827,0.0 131.01114472172074,31.22183714719292,0.0 131.01114590820077,31.22183653999288,0.0 131.01114709469033,31.221835932764726,0.0 131.01114828118955,31.221835325508472,0.0 131.01114946769852,31.2218347182241,0.0 131.01115065421735,31.22183411091161,0.0 131.0111518407463,31.221833503570984,0.0 131.0111530272854,31.22183289620217,0.0 131.01115421383489,31.22183228880513,0.0 131.01115540039498,31.221831681379783,0.0 131.01115658696588,31.22183107392609,0.0 131.01115777354786,31.221830466443954,0.0 131.01115896014116,31.221829858933297,0.0 131.01116014674602,31.221829251394023,0.0 131.0111613333628,31.22182864382604,0.0 131.0111625199917,31.2218280362292,0.0 131.01116370663308,31.221827428603422,0.0 131.01116489328723,31.221826820948568,0.0 131.01116607995456,31.22182621326452,0.0 131.01116726663528,31.221825605551125,0.0 131.01116845332987,31.22182499780824,0.0 131.01116964003856,31.22182439003572,0.0 131.01117082676177,31.22182378223341,0.0 131.01117201349987,31.22182317440118,0.0 131.01117320025318,31.22182256653884,0.0 131.01117438702215,31.22182195864624,0.0 131.0111755738071,31.221821350723207,0.0 131.01117676060835,31.221820742769577,0.0 131.01117794742643,31.221820134785183,0.0 131.01117913426162,31.221819526769835,0.0 131.01118032111427,31.221818918723383,0.0 131.01118150798484,31.221818310645645,0.0 131.01118269487364,31.22181770253644,0.0 131.01118388178105,31.2218170943956,0.0 131.01118506870742,31.22181648622293,0.0 131.01118625565314,31.221815878018287,0.0 131.01118744261856,31.221815269781487,0.0 131.01118862960405,31.221814661512354,0.0 131.01118981660983,31.22181405321073,0.0 131.01119100363644,31.22181344487644,0.0 131.01119219068403,31.221812836509308,0.0 131.01119337775293,31.221812228109204,0.0 131.01119456484355,31.22181161967596,0.0 131.01119575195602,31.2218110112094,0.0 131.01119693909078,31.2218104027094,0.0 131.01119812624796,31.22180979417581,0.0 131.0111993134279,31.221809185608503,0.0 131.01120050063082,31.221808577007323,0.0 131.01120168785687,31.22180796837216,0.0 131.01120287510636,31.221807359702865,0.0 131.01120406237936,31.221806750999367,0.0 131.01120524967615,31.221806142261528,0.0 131.0112064369968,31.221805533489256,0.0 131.01120762434147,31.221804924682463,0.0 131.0112088117103,31.22180431584105,0.0 131.01120999910333,31.22180370696497,0.0 131.01121118652063,31.221803098054128,0.0 131.01121237396228,31.221802489108484,0.0 131.0112135614283,31.221801880127977,0.0 131.01121474891863,31.221801271112582,0.0 131.0112159364333,31.221800662062268,0.0 131.01121712397224,31.22180005297702,0.0 131.01121831153537,31.22179944385683,0.0 131.01121949912263,31.221798834701712,0.0 131.01122068673382,31.221798225511662,0.0 131.01122187436883,31.22179761628673,0.0 131.01122306202743,31.22179700702696,0.0 131.0112242497095,31.2217963977324,0.0 131.01122543741468,31.221795788403128,0.0 131.01122662514277,31.221795179039223,0.0 131.0112278128934,31.22179456964079,0.0 131.01122900066628,31.22179396020793,0.0 131.01123018846104,31.221793350740786,0.0 131.0112313762773,31.221792741239494,0.0 131.01123256411452,31.221792131704216,0.0 131.01123375197233,31.22179152213513,0.0 131.01123493985017,31.221790912532445,0.0 131.0112361277475,31.22179030289636,0.0 131.01123731566375,31.221789693227127,0.0 131.01123850359832,31.22178908352497,0.0 131.01123969155051,31.221788473790216,0.0 131.0112408795196,31.22178786402312,0.0 131.01124206750487,31.221787254224022,0.0 131.01124325550552,31.22178664439328,0.0 131.01124444352064,31.22178603453125,0.0 131.01124563154943,31.22178542463836,0.0 131.01124681959084,31.221784814715026,0.0 131.01124800764384,31.221784204761743,0.0 131.01124919570742,31.221783594779016,0.0 131.01125038378032,31.2217829847674,0.0 131.01125157186135,31.221782374727464,0.0 131.01125275994917,31.22178176465988,0.0 131.0112539480423,31.221781154565328,0.0 131.01125513613923,31.221780544444577,0.0 131.0112563242384,31.221779934298432,0.0 131.01125751233786,31.221779324127773,0.0 131.01125870043583,31.221778713933563,0.0 131.01125988853016,31.22177810371684,0.0 131.01126107661875,31.221777493478708,0.0 131.01126226469907,31.22177688322039,0.0 131.01126345276867,31.221776272943185,0.0 131.01126464082472,31.221775662648493,0.0 131.0112658288643,31.22177505233783,0.0 131.01126701688423,31.221774442012805,0.0 131.0112682048811,31.22177383167517,0.0 131.01126939285126,31.221773221326785,0.0 131.01127058079086,31.221772610969616,0.0 131.0112717686958,31.22177200060578,0.0 131.01127295656164,31.22177139023753,0.0 131.0112741443838,31.22177077986723,0.0 131.01127533215737,31.22177016949741,0.0 131.01127651987707,31.22176955913072,0.0 131.0112777075375,31.221768948769974,0.0 131.0112788951329,31.22176833841809,0.0 131.01128008265718,31.2217677280782,0.0 131.01128127010404,31.22176711775352,0.0 131.01128245746685,31.22176650744745,0.0 131.01128364473865,31.22176589716356,0.0 131.01128483191215,31.2217652869055,0.0 131.01128601897986,31.221764676677164,0.0 131.0112872059339,31.22176406648255,0.0 131.01128839276615,31.221763456325792,0.0 131.01128957946818,31.221762846211234,0.0 131.01129076603112,31.22176223614333,0.0 131.01129195244596,31.221761626126725,0.0 131.01129313870328,31.221761016166177,0.0 131.01129432479334,31.221760406266643,0.0 131.0112955107062,31.2217597964332,0.0 131.0112966964315,31.22175918667111,0.0 131.01129788195857,31.221758576985778,0.0 131.01129906727647,31.221757967382764,0.0 131.011300252374,31.221757357867773,0.0 131.01130143723955,31.221756748446687,0.0 131.01130262186123,31.221756139125524,0.0 131.0113038062269,31.221755529910464,0.0 131.01130499032396,31.221754920807847,0.0 131.01130617413972,31.221754311824164,0.0 131.01130735766097,31.22175370296604,0.0 131.01130854087435,31.22175309424027,0.0 131.01130972376612,31.22175248565381,0.0 131.0113109063222,31.221751877213755,0.0 131.01131208852823,31.22175126892736,0.0 131.01131327036967,31.22175066080201,0.0 131.0113144518314,31.22175005284528,0.0 131.01131563289826,31.221749445064845,0.0 131.01131681355469,31.221748837468592,0.0 131.01131799378473,31.22174823006449,0.0 131.0113191735722,31.22174762286072,0.0 131.01132035290073,31.221747015865564,0.0 131.01132153175345,31.221746409087483,0.0 131.01132271011323,31.22174580253508,0.0 131.01132388796273,31.221745196217096,0.0 131.01132506528424,31.22174459014242,0.0 131.0113262420597,31.22174398432012,0.0 131.01132741827084,31.22174337875936,0.0 131.0113285938991,31.221742773469497,0.0 131.01132976892544,31.221742168460004,0.0 131.0113309433307,31.22174156374053,0.0 131.01133211709532,31.22174095932084,0.0 131.0113332901995,31.22174035521088,0.0 131.01133446262307,31.22173975142071,0.0 131.0113356343456,31.22173914796056,0.0 131.01133680534633,31.2217385448408,0.0 131.0113379756041,31.221737942071936,0.0 131.0113391450977,31.22173733966463,0.0 131.0113403138053,31.22173673762972,0.0 131.01134148170496,31.221736135978137,0.0 131.01134264877433,31.221735534721013,0.0 131.01134381499082,31.221734933869577,0.0 131.01134498033144,31.22173433343525,0.0 131.01134614477297,31.22173373342959,0.0 131.0113473082918,31.221733133864305,0.0 131.011348470864,31.22173253475123,0.0 131.01134963246537,31.22173193610237,0.0 131.01135079307133,31.221731337929903,0.0 131.011351952657,31.221730740246127,0.0 131.01135311119717,31.221730143063496,0.0 131.01135426866628,31.22172954639464,0.0 131.01135542503843,31.22172895025232,0.0 131.01135658028744,31.221728354649468,0.0 131.01135773438665,31.221727759599165,0.0 131.01135888730917,31.22172716511465,0.0 131.01136003902775,31.22172657120934,0.0 131.0113611895148,31.221725977896767,0.0 131.01136233874223,31.221725385190688,0.0 131.01136348668174,31.22172479310496,0.0 131.01136463330462,31.221724201653647,0.0 131.0113657785818,31.221723610850983,0.0 131.0113669224838,31.221723020711327,0.0 131.01136806498076,31.22172243124925,0.0 131.01136920604245,31.22172184247948,0.0 131.01137034563823,31.22172125441691,0.0 131.0113714837371,31.22172066707663,0.0 131.0113726203076,31.221720080473887,0.0 131.01137375531792,31.22171949462413,0.0 131.0113748887358,31.221718909542968,0.0 131.01137602052847,31.22171832524621,0.0 131.01137715066295,31.221717741749856,0.0 131.01137827910554,31.221717159070085,0.0 131.0113794058223,31.221716577223287,0.0 131.0113805307789,31.221715996226028,0.0 131.0113816539401,31.221715416095087,0.0 131.0113827752708,31.22171483684744,0.0 131.01138389473493,31.22171425850029,0.0 131.0113850122962,31.221713681071023,0.0 131.01138612791777,31.22171310457725,0.0 131.01138724156212,31.221712529036832,0.0 131.01138835319145,31.22171195446779,0.0 131.01138946276723,31.221711380888426,0.0 131.0113905702506,31.22171080831724,0.0 131.01139167560189,31.22171023677298,0.0 131.011392778781,31.22170966627465,0.0 131.0113938797473,31.221709096841483,0.0 131.01139497845935,31.221708528492968,0.0 131.01139607487542,31.22170796124884,0.0 131.01139716895284,31.22170739512912,0.0 131.01139826064852,31.22170683015408,0.0 131.01139934991855,31.221706266344256,0.0 131.01140043671853,31.22170570372049,0.0 131.01140152100325,31.22170514230392,0.0 131.01140260272675,31.221704582115937,0.0 131.01140368184247,31.22170402317825,0.0 131.01140475830312,31.22170346551292,0.0 131.0114058320605,31.22170290914225,0.0 131.01140690306576,31.22170235408892,0.0 131.01140797126922,31.221701800375943,0.0 131.01140903662036,31.22170124802667,0.0 131.01141009906783,31.221700697064776,0.0 131.01141115855947,31.221700147514344,0.0 131.0114122150421,31.22169959939979,0.0 131.01141326846172,31.221699052745915,0.0 131.01141431876343,31.221698507577948,0.0 131.01141536589128,31.22169796392149,0.0 131.0114164097884,31.22169742180256,0.0 131.01141745039683,31.22169688124761,0.0 131.0114184876577,31.22169634228353,0.0 131.01141952151085,31.221695804937667,0.0 131.0114205518952,31.22169526923784,0.0 131.01142157874847,31.22169473521235,0.0 131.01142260200723,31.22169420288997,0.0 131.0114236216068,31.22169367230001,0.0 131.01142463748138,31.221693143472304,0.0 131.01142564956373,31.221692616437217,0.0 131.01142665778542,31.2216920912257,0.0 131.0114276620766,31.22169156786926,0.0 131.0114286623662,31.22169104640001,0.0 131.0114296585815,31.22169052685072,0.0 131.01143065064846,31.22169000925473,0.0 131.0114316384915,31.22168949364609,0.0 131.01143262203345,31.22168898005953,0.0 131.01143360119565,31.22168846853049,0.0 131.01143457589768,31.22168795909512,0.0 131.01143554605747,31.221687451790338,0.0 131.01143651159128,31.22168694665388,0.0 131.0114374724135,31.22168644372425,0.0 131.01143842843666,31.221685943040807,0.0 131.01143937957158,31.221685444643803,0.0 131.0114403257269,31.221684948574367,0.0 131.01144126680956,31.221684454874595,0.0 131.0114422027241,31.22168396358749,0.0 131.01144313337323,31.221683474757167,0.0 131.0114440586574,31.221682988428704,0.0 131.01144497847494,31.22168250464827,0.0 131.01144589272172,31.221682023463195,0.0 131.01144680129147,31.221681544921942,0.0 131.0114477040755,31.22168106907421,0.0 131.01144860096247,31.22168059597095,0.0 131.01144949183893,31.221680125664395,0.0 131.01145037658853,31.22167965820816,0.0 131.0114512550925,31.221679193657256,0.0 131.01145216391672,31.22167871627444,0.0 131.01145306554605,31.221678242195303,0.0 131.01145397633752,31.22167776439117,0.0 131.01145489366303,31.22167728398868,0.0 131.0114558175289,31.22167680098544,0.0 131.01145674794188,31.22167631537792,0.0 131.01145768490926,31.22167582716209,0.0 131.0114586284388,31.22167533633337,0.0 131.01145957853888,31.221674842886568,0.0 131.0114605352185,31.22167434681595,0.0 131.01146149848736,31.221673848115103,0.0 131.01146246835583,31.221673346777028,0.0 131.011463444835,31.221672842794003,0.0 131.01146442793663,31.22167233615768,0.0 131.0114654176735,31.22167182685894,0.0 131.01146641405887,31.22167131488798,0.0 131.01146741710707,31.22167080023423,0.0 131.01146842683323,31.22167028288631,0.0 131.01146944325336,31.221669762832096,0.0 131.01147046638437,31.221669240058613,0.0 131.01147149624407,31.22166871455203,0.0 131.0114725328514,31.22166818629768,0.0 131.01147357622602,31.221667655279976,0.0 131.01147462638875,31.221667121482447,0.0 131.01147568336145,31.22166658488766,0.0 131.0114767471669,31.221666045477207,0.0 131.01147781782905,31.221665503231726,0.0 131.01147889537285,31.221664958130805,0.0 131.0114799798244,31.22166441015301,0.0 131.011481071211,31.22166385927583,0.0 131.01148216956088,31.22166330547564,0.0 131.01148327490367,31.221662748727685,0.0 131.01148438727003,31.221662189006064,0.0 131.01148550669188,31.221661626283684,0.0 131.0114866332023,31.22166106053221,0.0 131.01148776683576,31.22166049172208,0.0 131.01148890762775,31.221659919822383,0.0 131.01149005561533,31.221659344800944,0.0 131.01149121083665,31.221658766624174,0.0 131.0114923733312,31.22165818525709,0.0 131.01149354313995,31.22165760066329,0.0 131.01149472030517,31.22165701280486,0.0 131.01149590487054,31.221656421642344,0.0 131.01149709688107,31.221655827134743,0.0 131.01149829638337,31.221655229239424,0.0 131.01149950342543,31.221654627912063,0.0 131.0115007180568,31.221654023106684,0.0 131.0115019403285,31.221653414775457,0.0 131.0115031702931,31.22165280286879,0.0 131.01150440800498,31.221652187335184,0.0 131.01150565351975,31.22165156812123,0.0 131.01150690689508,31.22165094517148,0.0 131.0115081681901,31.22165031842848,0.0 131.0115094374657,31.221649687832617,0.0 131.01151071478455,31.22164905332211,0.0 131.01151200021127,31.22164841483292,0.0 131.0115132938121,31.221647772298645,0.0 131.01151459565543,31.221647125650527,0.0 131.01151590581142,31.22164647481732,0.0 131.01151722435236,31.22164581972517,0.0 131.01151855135257,31.22164516029764,0.0 131.0115198868884,31.221644496455525,0.0 131.01152123103856,31.2216438281168,0.0 131.01152258388385,31.22164315519656,0.0 131.0115239455075,31.221642477606864,0.0 131.0115253159951,31.22164179525668,0.0 131.01152669543467,31.22164110805176,0.0 131.0115280839168,31.221640415894555,0.0 131.01152948153484,31.221639718684106,0.0 131.01153088838475,31.221639016315905,0.0 131.01153230456546,31.221638308681808,0.0 131.01153373017883,31.22163759566993,0.0 131.01153516532975,31.221636877164467,0.0 131.0115366101265,31.221636153045647,0.0 131.01153806468056,31.22163542318956,0.0 131.01153952910707,31.221634687468026,0.0 131.01154100352477,31.22163394574852,0.0 131.01154248805636,31.22163319789397,0.0 131.01154398282853,31.221632443762715,0.0 131.0115454879723,31.22163168320828,0.0 131.0115470036233,31.221630916079324,0.0 131.01154852992178,31.221630142219496,0.0 131.0115500670132,31.22162936146731,0.0 131.01155161504835,31.22162857365604,0.0 131.0115531741838,31.221627778613566,0.0 131.01155474458207,31.221626976162405,0.0 131.01155632641235,31.22162616611948,0.0 131.01155791985076,31.221625348296183,0.0 131.01155952508074,31.221624522498217,0.0 131.0115611422939,31.22162368852568,0.0 131.01156277169036,31.221622846172984,0.0 131.0115644134795,31.221621995228983,0.0 131.0115660678808,31.221621135476983,0.0 131.01156773512443,31.22162026669494,0.0 131.0115694154524,31.22161938865563,0.0 131.0115711091192,31.22161850112689,0.0 131.0115728163932,31.221617603872023,0.0 131.01157453755755,31.22161669665017,0.0 131.01157620418556,31.221615844660445,0.0 131.0115778867926,31.22161498049161,0.0 131.01157955486573,31.221614133415528,0.0 131.01158121342803,31.2216132985096,0.0 131.01158286258783,31.221612475632263,0.0 131.01158450243227,31.22161166463072,0.0 131.01158613303562,31.221610865348968,0.0 131.01158775445938,31.22161007762776,0.0 131.01158936675273,31.22160930130429,0.0 131.01159096995275,31.22160853621192,0.0 131.01159256408485,31.22160778217988,0.0 131.01159414916344,31.22160703903288,0.0 131.01159572519225,31.221606306590804,0.0 131.01159729216505,31.22160558466827,0.0 131.01159885006615,31.22160487307436,0.0 131.0116003988715,31.221604171612103,0.0 131.0116019385491,31.221603480078205,0.0 131.01160346905976,31.22160279826264,0.0 131.01160499035873,31.22160212594835,0.0 131.0116065023959,31.221601462911,0.0 131.0116080051174,31.22160080891868,0.0 131.01160949846647,31.221600163731807,0.0 131.01161098238484,31.221599527103,0.0 131.01161245681385,31.22159889877707,0.0 131.01161392169584,31.221598278491143,0.0 131.01161537697533,31.221597665974745,0.0 131.01161682260056,31.22159706095014,0.0 131.01161825852463,31.22159646313271,0.0 131.01161968470694,31.2215958722314,0.0 131.0116211011144,31.221595287949345,0.0 131.01162250772265,31.22159470998457,0.0 131.01162390451728,31.22159413803076,0.0 131.01162529149477,31.22159357177805,0.0 131.01162666865514,31.22159301089778,0.0 131.0116280360281,31.221592455071672,0.0 131.01162939365108,31.221591903975145,0.0 131.01163074157964,31.221591357283646,0.0 131.01163207988594,31.221590814673466,0.0 131.0116334086591,31.221590275822848,0.0 131.01163472800516,31.22158974041304,0.0 131.01163603804747,31.221589208129377,0.0 131.01163733892608,31.22158867866224,0.0 131.0116386307978,31.221588151707984,0.0 131.0116399138357,31.221587626969725,0.0 131.01164118822877,31.221587104158008,0.0 131.0116424541814,31.221586582991527,0.0 131.01164371191285,31.221586063197595,0.0 131.0116449616566,31.221585544512603,0.0 131.01164620365984,31.221585026682384,0.0 131.0116474381827,31.221584509462524,0.0 131.0116486654977,31.221583992618537,0.0 131.01164988588891,31.221583475926064,0.0 131.01165109965154,31.221582959170927,0.0 131.011652307091,31.22158244214918,0.0 131.01165350852233,31.22158192466708,0.0 131.0116547042697,31.22158140654108,0.0 131.01165589466532,31.22158088759772,0.0 131.01165708004928,31.221580367673536,0.0 131.0116582607685,31.221579846614933,0.0 131.01165943717632,31.22157932427796,0.0 131.01166060963155,31.221578800528256,0.0 131.0116617784981,31.22157827524071,0.0 131.01166294414435,31.221577748299342,0.0 131.01166410694228,31.22157721959701,0.0 131.01166526726692,31.221576689035228,0.0 131.0116664254958,31.221576156523824,0.0 131.01166758200827,31.22157562198074,0.0 131.01166873718486,31.221575085331704,0.0 131.01166989140657,31.221574546509984,0.0 131.0116710450544,31.221574005455967,0.0 131.01167219850888,31.22157346211696,0.0 131.01167335214916,31.221572916446696,0.0 131.0116745063527,31.221572368405127,0.0 131.01167566149468,31.22157181795795,0.0 131.01167681794743,31.221571265076257,0.0 131.01167797607997,31.22157070973612,0.0 131.01167913625758,31.221570151918208,0.0 131.0116802988412,31.22156959160734,0.0 131.01168146418735,31.221569028791983,0.0 131.0116826326473,31.221568463463854,0.0 131.01168380456733,31.22156789561743,0.0 131.01168498028773,31.221567325249417,0.0 131.01168616014303,31.22156675235829,0.0 131.01168734446176,31.22156617694377,0.0 131.01168853356577,31.221565599006297,0.0 131.01168972777072,31.22156501854643,0.0 131.0116909273854,31.221564435564343,0.0 131.01169213271208,31.22156385005927,0.0 131.0116933440461,31.22156326202888,0.0 131.0116945616761,31.22156267146876,0.0 131.0116957858837,31.2215620783718,0.0 131.01169701694363,31.22156148272766,0.0 131.0116982551238,31.22156088452224,0.0 131.01169950068527,31.22156028373704,0.0 131.01170075388217,31.221559680348705,0.0 131.0117020149618,31.221559074328564,0.0 131.01170328416453,31.22155846564213,0.0 131.01170456172383,31.22155785424876,0.0 131.01170584786618,31.22155724010133,0.0 131.01170714281088,31.22155662314607,0.0 131.0117084467701,31.221556003322355,0.0 131.01170975994864,31.22155538056269,0.0 131.01171108254394,31.221554754792862,0.0 131.01171241474563,31.22155412593212,0.0 131.0117137567357,31.221553493893584,0.0 131.0117151086881,31.22155285858481,0.0 131.01171647076865,31.2215522199084,0.0 131.011717843135,31.22155157776288,0.0 131.0117192259366,31.22155093204354,0.0 131.01172061931484,31.221550282643573,0.0 131.01172202340285,31.22154962945512,0.0 131.011723438326,31.22154897237056,0.0 131.01172486420217,31.221548311283648,0.0 131.01172630114192,31.221547646090908,0.0 131.0117277492491,31.221546976692814,0.0 131.01172920862135,31.22154630299503,0.0 131.01173067935076,31.221545624909467,0.0 131.01173216152455,31.22154494235544,0.0 131.01173365522556,31.221544255260586,0.0 131.0117351605333,31.2215435635618,0.0 131.0117366775244,31.221542867205944,0.0 131.0117382062734,31.22154216615051,0.0 131.01173974685344,31.221541460364296,0.0 131.01174129933693,31.22154074982769,0.0 131.0117428637962,31.22154003453303,0.0 131.011744440304,31.221539314484904,0.0 131.01174602893408,31.221538589700263,0.0 131.0117476297616,31.221537860208585,0.0 131.01174924286354,31.22153712605181,0.0 131.01175086831898,31.221536387284385,0.0 131.01175250620943,31.221535643973265,0.0 131.0117541566191,31.22153489619753,0.0 131.01175581963497,31.221534144048405,0.0 131.01175749540803,31.221533387610567,0.0 131.01175918404016,31.221532626995664,0.0 131.0117608856613,31.22153186231961,0.0 131.01176260040455,31.221531093709466,0.0 131.011764328409,31.22153032130259,0.0 131.0117660698197,31.22152954524636,0.0 131.0117678247878,31.221528765697787,0.0 131.0117695934702,31.22152798282336,0.0 131.01177137602983,31.221527196798704,0.0 131.0117731726353,31.221526407808263,0.0 131.01177498346087,31.22152561604489,0.0 131.0117768086866,31.221524821709405,0.0 131.0117786484977,31.22152402501021,0.0 131.0117805030851,31.221523226162606,0.0 131.0117823726451,31.221522425388105,0.0 131.01178425737925,31.22152162291372,0.0 131.01178615749464,31.22152081897112,0.0 131.01178807320372,31.2215200137956,0.0 131.0117900047244,31.22151920762497,0.0 131.0117919522803,31.221518400698248,0.0 131.01179391610063,31.221517593254283,0.0 131.0117958964207,31.221516785530007,0.0 131.0117977841828,31.22151595605044,0.0 131.01179969344437,31.2215151282709,0.0 131.01180157508992,31.22151429205813,0.0 131.01180343779387,31.221513449593804,0.0 131.011805282125,31.221512601159063,0.0 131.01180710864443,31.22151174707452,0.0 131.01180891789747,31.22151088765783,0.0 131.0118107104147,31.221510023224013,0.0 131.01181248671347,31.221509154085,0.0 131.01181424729938,31.22150828054893,0.0 131.0118159926676,31.22150740291935,0.0 131.01181772330443,31.22150652149389,0.0 131.0118194396885,31.22150563656296,0.0 131.01182114229215,31.22150474840813,0.0 131.01182283158212,31.22150385730044,0.0 131.01182450802057,31.221502963498708,0.0 131.01182617206547,31.22150206724783,0.0 131.01182782417106,31.22150116877709,0.0 131.01182946478764,31.221500268298858,0.0 131.0118310943616,31.221499366007244,0.0 131.0118327133351,31.22149846207732,0.0 131.01183432214555,31.22149755666452,0.0 131.01183592122493,31.221496649904427,0.0 131.01183751099964,31.221495741912943,0.0 131.0118390918898,31.221494832786767,0.0 131.0118406643089,31.22149392260416,0.0 131.01184222866357,31.221493011425967,0.0 131.01184378535336,31.221492099296924,0.0 131.01184533477078,31.22149118624695,0.0 131.01184687730128,31.22149027229269,0.0 131.01184841332343,31.221489357439086,0.0 131.0118499432095,31.22148844168084,0.0 131.01185146732556,31.221487525004004,0.0 131.0118529860318,31.221486607387508,0.0 131.01185449968344,31.22148568880452,0.0 131.0118560086306,31.221484769223856,0.0 131.01185751321916,31.221483848611268,0.0 131.011859013791,31.221482926930616,0.0 131.0118605106844,31.221482004145063,0.0 131.0118620042344,31.22148108021796,0.0 131.01186349477322,31.22148015511396,0.0 131.01186498263036,31.221479228799804,0.0 131.0118664681328,31.221478301245096,0.0 131.0118679516054,31.221477372423188,0.0 131.01186943337075,31.22147644231168,0.0 131.0118709137492,31.221475510893143,0.0 131.01187239305895,31.22147457815573,0.0 131.01187387161613,31.22147364409356,0.0 131.0118753497345,31.22147270870716,0.0 131.01187682772536,31.221471772004023,0.0 131.0118783058975,31.221470833998847,0.0 131.01187978455692,31.22146989471389,0.0 131.01188126400646,31.221468954179247,0.0 131.01188274454574,31.22146801243312,0.0 131.01188422647064,31.22146706952193,0.0 131.0118857100732,31.22146612550055,0.0 131.0118871956412,31.22146518043236,0.0 131.01188868345778,31.22146423438929,0.0 131.01189017380102,31.22146328745197,0.0 131.0118916669437,31.221462339709586,0.0 131.01189316315288,31.221461391259865,0.0 131.01189466268934,31.22146044220912,0.0 131.01189616580743,31.221459492671887,0.0 131.01189767275477,31.22145854277097,0.0 131.01189918377153,31.221457592637087,0.0 131.01190069909046,31.221456642408715,0.0 131.01190221893637,31.22145569223177,0.0 131.01190374352592,31.221454742259382,0.0 131.01190527306733,31.22145379265145,0.0 131.01190680776003,31.221452843574408,0.0 131.01190834779464,31.22145189520076,0.0 131.01190989335277,31.221450947708657,0.0 131.0119114446067,31.22145000128156,0.0 131.0119130017196,31.22144905610774,0.0 131.01191456484523,31.221448112379885,0.0 131.01191613412809,31.221447170294628,0.0 131.01191770970323,31.221446230052145,0.0 131.01191929169676,31.221445291855726,0.0 131.01192088022543,31.22144435591128,0.0 131.01192247539723,31.22144342242696,0.0 131.01192407731148,31.22144249161277,0.0 131.01192568605887,31.22144156368021,0.0 131.01192730172204,31.221440638841823,0.0 131.0119289243756,31.221439717310982,0.0 131.01193055408666,31.221438799301527,0.0 131.011932190915,31.22143788502749,0.0 131.01193383491372,31.22143697470281,0.0 131.0119354861294,31.22143606854113,0.0 131.0119371446026,31.221435166755622,0.0 131.0119388103683,31.221434269558777,0.0 131.01194048345644,31.22143337716229,0.0 131.01194216389223,31.221432489776927,0.0 131.0119438516967,31.22143160761253,0.0 131.01194554688726,31.22143073087779,0.0 131.01194724947814,31.221429859780244,0.0 131.01194895948095,31.22142899452632,0.0 131.01195067690523,31.221428135321176,0.0 131.01195240175915,31.22142728236881,0.0 131.01195413404997,31.221426435871976,0.0 131.01195587378467,31.2214255960322,0.0 131.01195762097083,31.221424763049743,0.0 131.01195937561732,31.221423937123543,0.0 131.01196113773514,31.22142311845115,0.0 131.0119629073385,31.221422307228604,0.0 131.01196468444567,31.22142150365029,0.0 131.01196646908042,31.22142070790874,0.0 131.01196826127338,31.2214199201942,0.0 131.0119700610635,31.22141914069437,0.0 131.01197186850032,31.221418369593604,0.0 131.01197368364606,31.22141760707219,0.0 131.01197550657838,31.221416853305232,0.0 131.0119773373936,31.221416108461263,0.0 131.01197917621056,31.22141537270029,0.0 131.0119810231754,31.221414646171365,0.0 131.0119828326185,31.221413869033423,0.0 131.01198465193391,31.22141310401233,0.0 131.01198646065623,31.22141232401665,0.0 131.01198826212752,31.221411533969075,0.0 131.0119900563588,31.22141073427236,0.0 131.01199184329465,31.221409925386745,0.0 131.01199362283074,31.221409107811933,0.0 131.01199539482383,31.221408282091893,0.0 131.01199715910676,31.221407448817526,0.0 131.0119989155095,31.22140660862515,0.0 131.01200066388407,31.22140576218827,0.0 131.01200240413024,31.2214049102013,0.0 131.0120041362172,31.221404053355457,0.0 131.0120058601948,31.221403192311072,0.0 131.01200757619284,31.22140232767231,0.0 131.0120092844101,31.221401459970085,0.0 131.0120109850981,31.221400589655456,0.0 131.01201267854495,31.221399717101896,0.0 131.01201436506216,31.22139884261308,0.0 131.0120160449746,31.22139796643304,0.0 131.01201771861452,31.22139708875673,0.0 131.0120193863169,31.221396209739734,0.0 131.0120210484172,31.221395329506738,0.0 131.0120227052501,31.22139444815865,0.0 131.01202435714873,31.221393565778538,0.0 131.01202600444455,31.2213926824362,0.0 131.0120276474671,31.221391798192126,0.0 131.01202928654433,31.2213909131006,0.0 131.01203092200242,31.22139002721216,0.0 131.01203255416593,31.22138914057569,0.0 131.0120341833577,31.22138825324024,0.0 131.01203580989906,31.221387365256327,0.0 131.01203743410957,31.221386476677218,0.0 131.01203905630686,31.221385587560047,0.0 131.01204067680652,31.22138469796669,0.0 131.01204229592196,31.221383807964667,0.0 131.01204391396385,31.221382917627853,0.0 131.01204553123995,31.221382027037222,0.0 131.01204714805476,31.221381136281465,0.0 131.01204876470905,31.221380245457528,0.0 131.0120503814993,31.22137935467129,0.0 131.01205199871734,31.22137846403797,0.0 131.01205361664933,31.2213775736827,0.0 131.0120552355755,31.22137668374089,0.0 131.01205685576917,31.221375794358643,0.0 131.012058477496,31.22137490569301,0.0 131.01206010101328,31.221374017912296,0.0 131.01206172656876,31.221373131196074,0.0 131.01206335439988,31.22137224573529,0.0 131.01206498473277,31.22137136173216,0.0 131.01206661778113,31.22137047939987,0.0 131.01206825374535,31.221369598962188,0.0 131.01206989281167,31.22136872065285,0.0 131.0120715351513,31.221367844714845,0.0 131.01207318091963,31.22136697139943,0.0 131.0120748302556,31.221366100965085,0.0 131.0120764832815,31.221365233676284,0.0 131.01207814010272,31.22136436980217,0.0 131.01207980080767,31.221363509615127,0.0 131.01208146546836,31.221362653389328,0.0 131.01208313414057,31.22136180139924,0.0 131.01208480686492,31.22136095391832,0.0 131.0120864836678,31.2213601112176,0.0 131.0120881645623,31.22135927356458,0.0 131.01208984954977,31.221358441222176,0.0 131.01209153862106,31.22135761444774,0.0 131.0120932317582,31.221356793492447,0.0 131.01209492893557,31.221355978600723,0.0 131.01209663012193,31.221355170009847,0.0 131.0120983352814,31.22135436794985,0.0 131.0121000443752,31.22135357264337,0.0 131.012101757363,31.22135278430586,0.0 131.01210347420408,31.221352003145626,0.0 131.01210519485886,31.221351229364195,0.0 131.01210691928992,31.221350463156647,0.0 131.01210864746307,31.221349704712,0.0 131.01211037934868,31.22134895421369,0.0 131.01211211492245,31.221348211840017,0.0 131.0121138541666,31.221347477764585,0.0 131.012115597071,31.22134675215673,0.0 131.01211734363437,31.22134603518195,0.0 131.01211909386527,31.221345327002226,0.0 131.0121208477837,31.22134462777633,0.0 131.0121226054224,31.22134393766012,0.0 131.01212436682877,31.22134325680656,0.0 131.01212613206675,31.2213425853657,0.0 131.01212790121951,31.221341923484363,0.0 131.01212967439207,31.22134127130577,0.0 131.01213145171505,31.22134062896873,0.0 131.0121332333484,31.221339996606297,0.0 131.01213499248425,31.2213393135504,0.0 131.01213675705043,31.22133864317884,0.0 131.0121385150351,31.22133795807885,0.0 131.0121402683991,31.221337263111028,0.0 131.0121420171274,31.221336558591723,0.0 131.01214376113876,31.221335844873632,0.0 131.01214550029576,31.22133512233395,0.0 131.012147234409,31.22133439138036,0.0 131.0121489632452,31.22133365245708,0.0 131.0121506865401,31.22133290605011,0.0 131.01215240401703,31.2213321526894,0.0 131.0121541154107,31.221331392946016,0.0 131.01215582049335,31.22133062742211,0.0 131.01215751909885,31.221329856733245,0.0 131.01215921113925,31.22132908148576,0.0 131.0121608966102,31.221328302253728,0.0 131.01216257558517,31.22132751956113,0.0 131.01216424820282,31.2213267338722,0.0 131.01216591465254,31.22132594558952,0.0 131.01216757516045,31.221325155057976,0.0 131.01216922997853,31.221324362571387,0.0 131.01217087937636,31.221323568380296,0.0 131.01217252363497,31.221322772699647,0.0 131.01217416304283,31.22132197571573,0.0 131.01217579789292,31.22132117759216,0.0 131.01217742848067,31.22132037847497,0.0 131.012179055103,31.221319578496807,0.0 131.01218067805723,31.22131877778024,0.0 131.01218229764035,31.221317976440645,0.0 131.01218391414895,31.22131717458854,0.0 131.0121855278784,31.22131637233145,0.0 131.01218713912272,31.2213155697756,0.0 131.0121887481742,31.221314767027287,0.0 131.0121903553232,31.22131396419409,0.0 131.01219196085782,31.221313161386007,0.0 131.01219356506343,31.2213123587164,0.0 131.01219516822246,31.22131155630301,0.0 131.01219677061383,31.22131075426888,0.0 131.0121983725126,31.22130995274321,0.0 131.01219997418934,31.22130915186221,0.0 131.01220157590967,31.22130835177008,0.0 131.0122031779334,31.2213075526198,0.0 131.01220478051383,31.22130675457412,0.0 131.01220638389665,31.22130595780643,0.0 131.01220798831895,31.221305162501576,0.0 131.01220959400823,31.22130436885672,0.0 131.0122112011805,31.221303577081937,0.0 131.01221281003913,31.22130278740092,0.0 131.01221442077295,31.22130200005116,0.0 131.0122160335546,31.221301215284136,0.0 131.0122176485384,31.22130043336492,0.0 131.01221926585904,31.22129965457145,0.0 131.01222088562952,31.221298879193373,0.0 131.01222250794,31.22129810753036,0.0 131.01222413285697,31.22129733989001,0.0 131.01222576042272,31.22129657658534,0.0 131.01222739065582,31.22129581793187,0.0 131.01222902355207,31.22129506424485,0.0 131.0122306590862,31.22129431583621,0.0 131.01223229721424,31.221293573011984,0.0 131.01223393787615,31.22129283606984,0.0 131.0122355809993,31.2212921052972,0.0 131.01223722650138,31.22129138096969,0.0 131.01223887429435,31.221290663350302,0.0 131.0122405242871,31.22128995268884,0.0 131.01224217638915,31.221289249221897,0.0 131.0122438305125,31.221288553173306,0.0 131.01224548657495,31.221287864754505,0.0 131.01224714450183,31.2212871841655,0.0 131.0122488042279,31.221286511595714,0.0 131.01225046569877,31.22128584722505,0.0 131.01225212887232,31.221285191224936,0.0 131.01225379371988,31.221284543759296,0.0 131.0122554602273,31.221283904985484,0.0 131.0122571283958,31.221283275055228,0.0 131.01225879824312,31.221282654115416,0.0 131.01226046980435,31.2212820423088,0.0 131.01226214313317,31.22128143977457,0.0 131.01226381830293,31.221280846648742,0.0 131.01226549540843,31.22128026306437,0.0 131.01226717456748,31.22127968915169,0.0 131.01226885592305,31.221279125037864,0.0 131.0122705396454,31.221278570846685,0.0 131.01227222593573,31.221278026697583,0.0 131.01227389424983,31.22127743287976,0.0 131.01227556606096,31.2212768517258,0.0 131.0122772321617,31.22127625626743,0.0 131.01227889409384,31.221275651252743,0.0 131.0122805518699,31.22127503696509,0.0 131.01228220545542,31.22127441371224,0.0 131.01228385477526,31.22127378181449,0.0 131.01228549971665,31.221273141607664,0.0 131.01228714013348,31.22127249344636,0.0 131.0122887758528,31.22127183770697,0.0 131.01229040668295,31.221271174790143,0.0 131.01229203242437,31.22127050512176,0.0 131.01229365288182,31.221269829151908,0.0 131.0122952678778,31.22126914735129,0.0 131.01229687726567,31.22126846020464,0.0 131.01229848094067,31.22126776820173,0.0 131.0123000788471,31.22126707182695,0.0 131.0123016709817,31.221266371549056,0.0 131.0123032573922,31.22126566781252,0.0 131.0123048381732,31.22126496103138,0.0 131.01230641345975,31.22126425158597,0.0 131.01230798342047,31.22126353982233,0.0 131.01230954825087,31.22126282605345,0.0 131.01231110816727,31.22126211056182,0.0 131.012312663402,31.22126139360265,0.0 131.01231421419925,31.2212606754074,0.0 131.012315760812,31.22125995618708,0.0 131.01231730349963,31.221259236135584,0.0 131.01231884252576,31.221258515432528,0.0 131.01232037815703,31.221257794245755,0.0 131.0123219106621,31.22125707273369,0.0 131.01232344031047,31.2212563510472,0.0 131.01232496737185,31.221255629331463,0.0 131.01232649211568,31.22125490772742,0.0 131.0123280148104,31.22125418637316,0.0 131.01232953572327,31.221253465405145,0.0 131.0123310551196,31.22125274495944,0.0 131.0123325732625,31.221252025172817,0.0 131.01233409041237,31.22125130618388,0.0 131.0123356068264,31.22125058813408,0.0 131.01233712275808,31.221249871168908,0.0 131.01233863845658,31.221249155439065,0.0 131.01234015416594,31.22124844110172,0.0 131.01234167012427,31.22124772832184,0.0 131.012343186563,31.22124701727354,0.0 131.0123447037052,31.22124630814161,0.0 131.01234622176457,31.22124560112304,0.0 131.01234774094323,31.22124489642856,0.0 131.01234926143024,31.221244194284093,0.0 131.01235078339857,31.22124349493197,0.0 131.01235230700283,31.22124279863193,0.0 131.01235383237608,31.22124210566159,0.0 131.01235535962664,31.221241416316136,0.0 131.01235688883548,31.221240730907127,0.0 131.01235842005363,31.22124004976048,0.0 131.01235995330046,31.221239373213173,0.0 131.012361488563,31.221238701609323,0.0 131.01236302579753,31.221238035295247,0.0 131.01236456493152,31.221237374614663,0.0 131.01236610586793,31.221236719903807,0.0 131.01236764849023,31.221236071487382,0.0 131.01236919266847,31.221235429675108,0.0 131.01237073826536,31.221234794759624,0.0 131.01237228514228,31.221234167015268,0.0 131.0123738331647,31.22123354669801,0.0 131.01237538220704,31.221232934045844,0.0 131.01237693215668,31.221232329279967,0.0 131.0123784829169,31.221231732606224,0.0 131.01238003440935,31.221231144216787,0.0 131.01238158657608,31.221230564291822,0.0 131.0123831393805,31.22122999300109,0.0 131.01238469280847,31.22122943050545,0.0 131.01238624686923,31.221228876958303,0.0 131.01238780159542,31.22122833250676,0.0 131.01238935704404,31.221227797292435,0.0 131.01239091329683,31.22122727145237,0.0 131.01239247046098,31.221226755119524,0.0 131.0123940286696,31.22122624842316,0.0 131.01239558808302,31.22122575148872,0.0 131.01239714888987,31.221225264437823,0.0 131.0123987113085,31.22122478738773,0.0 131.0124002557087,31.2212242614533,0.0 131.012401802745,31.22122374807028,0.0 131.01240334357675,31.221223220659382,0.0 131.01240487975565,31.221222683882964,0.0 131.0124064113433,31.221222138007366,0.0 131.0124079383703,31.221221583316805,0.0 131.01240946083735,31.2212210201013,0.0 131.01241097871866,31.22122044865795,0.0 131.01241249196408,31.22121986929225,0.0 131.01241400050338,31.22121928231943,0.0 131.0124155042496,31.22121868806572,0.0 131.01241700310365,31.221218086869325,0.0 131.01241849695924,31.22121747908107,0.0 131.0124199857088,31.22121686506424,0.0 131.01242146924915,31.22121624519393,0.0 131.01242294748732,31.221215619855368,0.0 131.01242442034663,31.2212149894414,0.0 131.0124258877717,31.22121435434917,0.0 131.0124273497325,31.22121371497636,0.0 131.01242880622715,31.22121307171696,0.0 131.0124302572837,31.221212424957105,0.0 131.01243170296038,31.22121177507142,0.0 131.01243314334408,31.221211122419845,0.0 131.01243457854886,31.221210467345365,0.0 131.01243600871337,31.22120981017246,0.0 131.01243743399786,31.22120915120644,0.0 131.01243885458135,31.221208490733485,0.0 131.01244027065874,31.22120782902116,0.0 131.01244168243807,31.221207166319303,0.0 131.01244309013845,31.221206502861296,0.0 131.01244449398754,31.221205838865483,0.0 131.0124458942202,31.221205174536408,0.0 131.0124472910769,31.22120451006641,0.0 131.0124486848021,31.22120384563698,0.0 131.0124500756436,31.2212031814201,0.0 131.0124514638513,31.221202517579467,0.0 131.0124528496767,31.22120185427174,0.0 131.01245423337167,31.221201191647776,0.0 131.01245561518854,31.221200529853533,0.0 131.01245699537907,31.221199869031263,0.0 131.01245837419398,31.221199209320645,0.0 131.0124597518826,31.22119855085967,0.0 131.0124611286922,31.221197893785824,0.0 131.0124625048676,31.221197238237288,0.0 131.0124638806505,31.22119658435413,0.0 131.01246525627892,31.22119593227953,0.0 131.01246663198643,31.221195282161425,0.0 131.01246800800115,31.221194634154024,0.0 131.01246938454497,31.22119398841952,0.0 131.01247076183202,31.221193345130143,0.0 131.01247214006696,31.22119270447024,0.0 131.01247351944332,31.22119206663835,0.0 131.0124749001406,31.22119143184956,0.0 131.01247628232164,31.22119080033755,0.0 131.01247766612892,31.22119017235631,0.0 131.01247905168088,31.2211895481812,0.0 131.0124804390676,31.2211889281092,0.0 131.01248182834712,31.22118831245772,0.0 131.0124832195422,31.2211877015618,0.0 131.01248461263847,31.22118709576999,0.0 131.01248600758456,31.221186495438577,0.0 131.0124874042947,31.221185900925104,0.0 131.01248880265356,31.221185312581813,0.0 131.01249020252308,31.22118473074964,0.0 131.01249160375076,31.22118415575341,0.0 131.01249300617823,31.221183587898786,0.0 131.0124944096492,31.22118302747061,0.0 131.01249581401734,31.22118247473263,0.0 131.01249721915173,31.22118192992844,0.0 131.0124986249418,31.22118139328296,0.0 131.01250003130104,31.221180865004225,0.0 131.01250143816898,31.22118034528557,0.0 131.01250284551278,31.22117983430753,0.0 131.01250425332844,31.22117933223953,0.0 131.01250566164063,31.221178839241688,0.0 131.0125070705033,31.221178355465952,0.0 131.01250847999944,31.22117788105714,0.0 131.01250989024084,31.221177416153864,0.0 131.01251130136836,31.22117696088884,0.0 131.01251271355173,31.221176515389168,0.0 131.01251412698943,31.221176079776527,0.0 131.0125155419094,31.221175654166533,0.0 131.0125169353568,31.221175180847744,0.0 131.0125183315574,31.22117471999903,0.0 131.01251972011372,31.22117424559677,0.0 131.0125211028958,31.221173762198607,0.0 131.01252248000645,31.221173270064817,0.0 131.01252385152873,31.221172769470204,0.0 131.0125252175228,31.22117226069289,0.0 131.01252657802925,31.221171744014367,0.0 131.01252793307114,31.22117121972001,0.0 131.01252928265703,31.221170688099328,0.0 131.01253062678373,31.221170149446344,0.0 131.0125319654384,31.22116960405994,0.0 131.01253329860185,31.22116905224397,0.0 131.01253462625098,31.221168494307367,0.0 131.01253594836135,31.221167930564057,0.0 131.01253726491026,31.22116736133252,0.0 131.01253857587895,31.221166786935367,0.0 131.01253988125566,31.22116620769845,0.0 131.0125411810375,31.22116562394987,0.0 131.01254247523286,31.22116503601878,0.0 131.01254376386328,31.221164444233946,0.0 131.01254504696453,31.221163848922306,0.0 131.0125463245883,31.22116325040731,0.0 131.0125475968023,31.22116264900749,0.0 131.01254886369105,31.221162045034887,0.0 131.01255012535546,31.221161438793708,0.0 131.01255138191243,31.22116083057928,0.0 131.01255263349455,31.221160220676847,0.0 131.01255388024867,31.22115960936112,0.0 131.0125551223354,31.22115899689547,0.0 131.0125563599274,31.221158383531865,0.0 131.01255759320867,31.221157769510626,0.0 131.01255882237317,31.221157155060578,0.0 131.0125600476233,31.22115654039925,0.0 131.0125612691696,31.221155925733235,0.0 131.01256248722862,31.221155311258684,0.0 131.0125637020228,31.22115469716174,0.0 131.01256491377896,31.22115408361928,0.0 131.012566122728,31.221153470799383,0.0 131.0125673291035,31.22115285886221,0.0 131.01256853314152,31.221152247960447,0.0 131.01256973507964,31.221151638240325,0.0 131.0125709351566,31.221151029842048,0.0 131.0125721336114,31.22115042290092,0.0 131.01257333068318,31.221149817547808,0.0 131.01257452661025,31.22114921391032,0.0 131.01257572163013,31.22114861211344,0.0 131.01257691597843,31.22114801228072,0.0 131.01257810988892,31.22114741453515,0.0 131.01257930359247,31.221146819000484,0.0 131.0125804973169,31.22114622580228,0.0 131.0125816912858,31.22114563506956,0.0 131.01258288571825,31.221145046935945,0.0 131.0125840808273,31.221144461541765,0.0 131.0125852768195,31.22114387903535,0.0 131.01258647389275,31.22114329957536,0.0 131.01258767223538,31.22114272333236,0.0 131.01258887202363,31.221142150491048,0.0 131.01259007341983,31.22114158125184,0.0 131.01259127656922,31.221141015832444,0.0 131.0125924815977,31.22114045446883,0.0 131.01259368860872,31.22113989741545,0.0 131.01259489768051,31.221139344944657,0.0 131.0125961088644,31.22113879734473,0.0 131.01259732218318,31.221138254917207,0.0 131.01259853763173,31.22113771797278,0.0 131.01259975517854,31.22113718682681,0.0 131.01260097476927,31.221136661794468,0.0 131.01260219633133,31.221136143185987,0.0 131.01260341977982,31.22113563130282,0.0 131.0126046450239,31.221135126434287,0.0 131.012605871973,31.22113462885561,0.0 131.0126071005427,31.22113413882672,0.0 131.0126083306602,31.22113365659188,0.0 131.01260956226804,31.221133182380093,0.0 131.0126107953281,31.221132716405783,0.0 131.0126120298239,31.221132258869737,0.0 131.0126132657624,31.22113180996031,0.0 131.01261450317534,31.221131369854355,0.0 131.01261574211995,31.221130938718247,0.0 131.0126169826793,31.22113051670883,0.0 131.01261822496247,31.22113010397389,0.0 131.0126194691047,31.22112970065284,0.0 131.0126207152668,31.22112930687693,0.0 131.01262196363544,31.22112892276943,0.0 131.0126232144227,31.221128548445563,0.0 131.01262446786572,31.22112818401228,0.0 131.01262569170234,31.221127775035487,0.0 131.01262691987014,31.22112737825188,0.0 131.01262813773803,31.22112696915476,0.0 131.01262934792817,31.22112655203806,0.0 131.01263055058692,31.221126127159508,0.0 131.01263174585236,31.2211256947886,0.0 131.0126329338456,31.22112525519746,0.0 131.01263411467383,31.221124808660367,0.0 131.01263528843225,31.22112435545334,0.0 131.01263645520652,31.22112389585381,0.0 131.01263761507468,31.221123430140377,0.0 131.01263876810907,31.221122958592524,0.0 131.01263991437813,31.22112248149043,0.0 131.0126410539476,31.221121999114644,0.0 131.01264218688254,31.22112151174584,0.0 131.01264331324828,31.22112101966454,0.0 131.01264443311197,31.221120523150663,0.0 131.01264554654347,31.221120022483248,0.0 131.0126466536165,31.221119517940007,0.0 131.01264775440958,31.22111900979688,0.0 131.01264884900675,31.22111849832755,0.0 131.0126499374983,31.22111798380301,0.0 131.01265101998123,31.221117466491023,0.0 131.01265209655983,31.22111694665565,0.0 131.0126531673459,31.22111642455673,0.0 131.01265423245903,31.221115900449448,0.0 131.01265529202666,31.22111537458384,0.0 131.0126563461841,31.22111484720441,0.0 131.01265739507443,31.221114318549752,0.0 131.01265843884835,31.2211137888522,0.0 131.01265947766404,31.22111325833756,0.0 131.01266051168665,31.221112727224888,0.0 131.01266154108802,31.22111219572636,0.0 131.01266256604637,31.221111664047104,0.0 131.0126635867458,31.221111132385165,0.0 131.01266460337578,31.22111060093153,0.0 131.0126656161307,31.2211100698702,0.0 131.01266662520945,31.22110953937828,0.0 131.01266763081472,31.22110900962617,0.0 131.01266863315277,31.221108480777744,0.0 131.01266963243273,31.22110795299069,0.0 131.01267062886612,31.221107426416783,0.0 131.0126716226665,31.221106901202194,0.0 131.0126726140488,31.22110637748797,0.0 131.012673603229,31.221105855410432,0.0 131.01267459042367,31.22110533510164,0.0 131.0126755758494,31.221104816689945,0.0 131.01267655972237,31.221104300300524,0.0 131.01267754225805,31.221103786055973,0.0 131.01267852367067,31.22110327407694,0.0 131.01267950417267,31.221102764482776,0.0 131.01268048397446,31.22110225739224,0.0 131.01268146334755,31.221101752889844,0.0 131.01268244249457,31.221101251096734,0.0 131.0126834216433,31.22110075212028,0.0 131.0126844010127,31.221100256072948,0.0 131.01268538081726,31.22109976307068,0.0 131.0126863612659,31.22109927323347,0.0 131.01268734256195,31.221098786686195,0.0 131.01268832490223,31.22109830355916,0.0 131.0126893084764,31.221097823988583,0.0 131.01269029346676,31.22109734811703,0.0 131.01269128004736,31.22109687609357,0.0 131.01269226838372,31.22109640807388,0.0 131.01269325863248,31.221095944220057,0.0 131.01269425094122,31.22109548470032,0.0 131.0126952454484,31.221095029688424,0.0 131.01269624228357,31.221094579363104,0.0 131.01269724156765,31.22109413390707,0.0 131.01269824341367,31.221093693506145,0.0 131.0126992479276,31.22109325834821,0.0 131.01270025520915,31.22109282862212,0.0 131.01270126535314,31.22109240451666,0.0 131.01270227845086,31.221091986219488,0.0 131.0127032945914,31.22109157391624,0.0 131.01270431386305,31.22109116778964,0.0 131.01270533635503,31.22109076801876,0.0 131.0127063621586,31.22109037477844,0.0 131.01270739136882,31.22108998823873,0.0 131.0127084240855,31.221089608564505,0.0 131.01270946041473,31.22108923591509,0.0 131.01271050046972,31.221088870444188,0.0 131.0127115443719,31.22108851229952,0.0 131.0127125922518,31.221088161622845,0.0 131.01271364424963,31.22108781854984,0.0</coordinates>
            </LineString>
        </Placemark>
    </Document>
</kml>
