<?xml version="1.0" encoding="UTF-8"?>
<kml xmlns="http://www.opengis.net/kml/2.2" xmlns:gx="http://www.google.com/kml/ext/2.2">
    <Document id="1919">
        <Style id="1922">
            <LineStyle id="1923">
                <color>ff0000ff</color>
                <colorMode>normal</colorMode>
                <width>3</width>
            </LineStyle>
        </Style>
        <Style id="1926">
            <LineStyle id="1927">
                <color>ff00ff00</color>
                <colorMode>normal</colorMode>
                <width>3</width>
            </LineStyle>
        </Style>
        <Placemark id="1921">
            <name>flight_path</name>
            <styleUrl>#1922</styleUrl>
            <LineString id="1920">
                <altitudeMode>relativeToGround</altitudeMode>
                <coordinates>131.010392,31.222216000000007,3.000000004412624 131.0103920000045,31.222215999991075,3.0000027652305543 131.0103920000085,31.222215999994766,3.0000030853541984 131.0103920000085,31.222215999994766,3.0000030853541984 131.01039200000852,31.222215999994766,3.0000030853541984 131.01039201539675,31.22221599246117,3.0023884986471163 131.0103920617776,31.22221596990869,3.015331231721257 131.01039213193175,31.22221593580231,3.0351264363252404 131.01039220552698,31.222215900001803,3.055106219166761 131.0103923261533,31.222215841380503,3.090004394730484 131.01039241011944,31.222215800500727,3.1115340872331685 131.01039255023213,31.22221573238213,3.151063460926564 131.0103926908424,31.222215663995925,3.189784893121109 131.01039284206664,31.22221559043897,3.23111772340097 131.01039301222698,31.2222155076778,3.2778754514712065 131.01039319835945,31.22221541714896,3.329057119327625 131.01039339622227,31.222215320908244,3.383229829375461 131.0103936086097,31.222215217601374,3.4413386621870097 131.01039382835415,31.2222151107022,3.500962017738751 131.0103940692252,31.222214993537087,3.566754013292423 131.0103943154942,31.22221487372917,3.6334003425495367 131.0103945800907,31.22221474501192,3.705270765720048 131.01039485370347,31.222214611898128,3.779219998303775 131.01039513986652,31.222214472675024,3.856442763351153 131.01039544418495,31.22221432462593,3.9388336136528577 131.01039575462735,31.22221417358214,4.022328928820314 131.01039608061367,31.222214014978025,4.110111315127456 131.01039641907315,31.22221385030192,4.20114441129061 131.01039677261693,31.22221367828824,4.296310626724281 131.01039713608534,31.22221350143773,4.393868548192477 131.010397517966,31.22221331563664,4.496683993164735 131.01039790540767,31.22221312711366,4.600420125064151 131.01039830590005,31.22221293223868,4.707604968129808 131.01039871921526,31.222212731122088,4.8181619013200345 131.01039914602634,31.222212523437697,4.932317992273902 131.0103995843797,31.222212310132328,5.049414803571431 131.01040002919007,31.222212093670787,5.167739039340097 131.010400488852,31.222211869984235,5.290119088179969 131.01040096154043,31.222211639957216,5.415939478570699 131.01040144391652,31.222211405208075,5.544076156420129 131.01040193996343,31.222211163806087,5.675869112702848 131.01040244347448,31.22221091875968,5.809230869593894 131.01040295825328,31.222210668225145,5.945439804389508 131.01040348638034,31.22221041119396,6.085193185839201 131.01040402793237,31.222210147628825,6.228514853755213 131.0104045774418,31.22220988018005,6.373570321964543 131.0104051377902,31.2222096074508,6.521325187598352 131.01040571307726,31.222209327453587,6.673149607941206 131.01040630329675,31.222209040191352,6.829037586096744 131.01040689520636,31.22220875208352,6.984563197684807 131.01040750096558,31.22220845723537,7.143787353550456 131.0104081214021,31.222208155245536,7.306979827983644 131.01040875222748,31.222207848192888,7.472708023785239 131.01040938861175,31.222207538419,7.639365051166282 131.0104100415545,31.222207220590928,7.810603337186065 131.01041070492113,31.22220689768276,7.98437975261839 131.0104113765162,31.222206570758807,8.159965504549577 131.01041206152644,31.222206238330703,8.339076561759454 131.01041275595318,31.22220590024304,8.520045610094941 131.01041346137723,31.2222055572539,8.703733886470284 131.0104141849824,31.22220520533609,8.892347250571657 131.01041491328348,31.22220485110589,9.081469454724242 131.01041565285288,31.22220449137321,9.27325990137532 131.0104164072384,31.22220412441231,9.468871510002886 131.01041717805356,31.22220374943584,9.66882174002126 131.01041794660432,31.22220337552638,9.867003767541608 131.01041872962503,31.22220299455138,10.068881015613192 131.01041953462695,31.222202602853297,10.276884411719996 131.01042034335717,31.222202209306555,10.485069086666485 131.0104211585177,31.222201812598268,10.694319456306031 131.0104219904114,31.2222014077122,10.90797413408958 131.01042283619947,31.222200996026263,11.125103767712565 131.0104236883113,31.222200581225835,11.343255796681708 131.010424549337,31.22220016204921,11.563269367120736 131.0104254257627,31.222199735333582,11.787236347550412 131.0104263178673,31.222199300939494,12.015240562108026 131.01042720963824,31.222198866672983,12.24211722277056 131.0104281189329,31.22219842382562,12.473623781366614 131.0104290384323,31.2221979759638,12.70739703303283 131.01042996706354,31.22219752361019,12.943091898464484 131.01043090291233,31.222197067698247,13.180093011372424 131.0104318573091,31.222196602694265,13.422040082317 131.01043282070466,31.222196133258446,13.665862779992093 131.01043378711685,31.222195662313307,13.909643119567976 131.0104347709218,31.222195182833687,14.15799420939872 131.01043576880974,31.22219469643344,14.409851341418856 131.01043676635234,31.222194210165387,14.660590566480469 131.0104377789244,31.22219371651217,14.915141086953872 131.01043880436202,31.22219321652884,15.17280793056954 131.01043983746533,31.222192712757845,15.43192659097112 131.01044087896472,31.22219220484149,15.692732400699436 131.01044193281396,31.222191690843324,15.956491733931118 131.01044299804423,31.222191171235814,16.222895055834186 131.0104440677351,31.222190649406635,16.48972949311215 131.01044515204237,31.22219012038164,16.760245703955302 131.01044624878014,31.222189585229195,17.033745186578717 131.01044734868913,31.22218904848497,17.307268095822216 131.0104484660536,31.222188503149155,17.585384727301264 131.01044959128765,31.222187953917548,17.865030688665048 131.01045071935903,31.22218740325699,18.144598785184847 131.01045186529015,31.222186843802007,18.42889480580832 131.01045302023732,31.222186279886746,18.71509244571929 131.0104541832786,31.222185711963125,19.002898936677 131.0104553584172,31.22218513806696,19.293596435289924 131.01045653961813,31.22218456115788,19.585257018862567 131.0104577278926,31.222183980739626,19.878206078169487 131.01045893412095,31.222183391472488,20.17592535886717 131.01046013795147,31.22218280334276,20.47190820951605 131.01046135998402,31.22218220624073,20.772744846231767 131.01046259246849,31.222181603968792,21.075958822560025 131.0104638269741,31.222181000665447,21.37885576778824 131.0104650717223,31.22218039229477,21.68406700383788 131.01046633961707,31.222179772520228,21.995721512343888 131.01046760649177,31.222179153206824,22.30609253488584 131.01046887383373,31.222178533625154,22.615657719740327 131.01047016932856,31.22217790017954,22.93327164787331 131.01047145680198,31.222177270633523,23.2473695977288 131.01047275738668,31.22217663460968,23.56470982012509 131.0104740881141,31.22217598374293,23.890736709464846 131.01047539435856,31.222175344861103,24.207994329641128 131.0104767305721,31.222174691221884,24.533884043993915 131.01047808272267,31.222174029716285,24.86392147901352 131.01047941519803,31.22217337783498,25.18673716954926 131.01048078574013,31.222172707219485,25.52076622643739 131.0104821499199,31.22217203969004,25.85182770160735 131.01048351587073,31.22217137125233,26.18252086918008 131.01048491469123,31.22217068663454,26.5227581546644 131.01048630063957,31.222170008299862,26.85796179066021 131.0104876958772,31.222169325365552,27.195195822903724 131.01048911912522,31.22216862864021,27.540412581434712 131.01049052628633,31.222167939775893,27.879586505976004 131.01049195485197,31.2221672403654,28.22463779342016 131.01049339474068,31.22216653535959,28.572356751827908 131.010494824097,31.22216583548684,28.91581355010963 131.01049628812487,31.22216511855985,29.269333861846352 131.01049773935785,31.222164407876505,29.617880364169725 131.0104991998393,31.22216369261807,29.96843516298149 131.01050069105213,31.222162962245488,30.32777086506991 131.01050216312484,31.2221622412284,30.680149240697208 131.01050365423268,31.222161510837594,31.03761070223696 131.0105051656789,31.22216077043699,31.40054569659115 131.01050666074497,31.22216003803541,31.75741980099804 131.01050818604344,31.222159290774435,32.12285961214723 131.01050970509047,31.22215854654551,32.485421799393066 131.01051122870302,31.22215780004445,32.848499904100315 131.01051278636857,31.222157036820008,33.221277056310164 131.01051432325255,31.22215628374845,33.58666338916494 131.01051587625008,31.22215552274772,33.95614992077677 131.01051745859397,31.222154747338816,34.333808537424545 131.01051901260692,31.22215398577689,34.701783504584085 131.01052060493043,31.22215320541949,35.0806751253654 131.0105221954242,31.22215242592916,35.458072296534944 131.01052378025707,31.222151649179622,35.8328186724786 131.01052540363528,31.22215085353145,36.21845526139258 131.01052700726632,31.222150067520577,36.59712463124824 131.01052862890495,31.22214927266725,36.980373469457255 131.01053026816857,31.22214846916276,37.36804878175471 131.01053189239786,31.2221476729854,37.750241250810994 131.01053354988252,31.22214686051372,38.14156619029704 131.01053519738292,31.222146052898925,38.52894333569592 131.01053684982315,31.22214524284096,38.9168875893935 131.01053853382012,31.222144417329226,39.31334791048425 131.0105401989925,31.22214360099456,39.70324394919847 131.01054188284658,31.222142775502544,40.097780679770175 131.01054358022057,31.222141943379373,40.495382707538674 131.01054526703734,31.222141116389984,40.88892438303552 131.01054699158092,31.222140270945168,41.292643565163694 131.01054869612793,31.22213943524537,41.6895330532636 131.01055041494794,31.222138592549733,42.0896721116373 131.01055216746457,31.222137733376204,42.49867359088083 131.01055388738763,31.22213689009564,42.8972452061867 131.0105556489312,31.222136026470864,43.30693147460888 131.01055739842857,31.222135168705776,43.71216897810658 131.01055915576026,31.22213430709392,44.1187124045094 131.0105609412774,31.222133431704023,44.53235519421242 131.01056270639535,31.222132566248863,44.939207321618255 131.0105645054035,31.222131684233737,45.354732771046095 131.0105662979965,31.222130805328806,45.767456427953846 131.0105680921986,31.22212992561765,46.17967355763827 131.0105699205941,31.22212902920345,46.6005128773787 131.0105717245411,31.222128144697,47.01352182890854 131.01057356214503,31.22212724375064,47.434944002499385 131.01057539415524,31.22212634551348,47.85381326115261 131.01057723099032,31.222125444902588,48.27303936273508 131.01057909942253,31.22212452885907,48.69997079509811 131.0105809426102,31.222123625109983,49.11897330498239 131.01058282601323,31.222122701724665,49.547984845892486 131.01058469330596,31.222121786178164,49.97159444744698 131.0105865742364,31.22212086395964,50.39791674518636 131.01058848017146,31.22211992952442,50.82997948771822 131.01059036364953,31.222119006023995,51.25498527356354 131.01059228647554,31.222118063309267,51.68954467321378 131.0105941949115,31.22211712759441,52.11923072789902 131.01059611551497,31.22211618592369,52.55115458790217 131.0105980634799,31.22211523088352,52.98930730397526 131.01059998579393,31.222114288338137,53.41965680466092 131.01060195116688,31.222113324762297,53.86033478934794 131.01060390149183,31.222112368508228,54.29602213945398 131.01060586291047,31.222111406819685,54.733597683767854 131.01060784295467,31.22211043601935,55.17499445176362 131.01060980804417,31.22210947249689,55.61147599849456 131.01061181281744,31.222108489580936,56.05720340588292 131.0106137977874,31.22210751631018,56.49677381047684 131.0106158028055,31.22210653322892,56.940479647831786 131.01061781790747,31.22210554520012,57.38572788412948 131.01061982127675,31.2221045628783,57.82694247264634 131.01062187100294,31.222103557889977,58.27893561935083 131.01062388830735,31.22210256871492,58.72163507564993 131.0106259403013,31.22210156256793,59.17210215581429 131.0106279888774,31.222100558065183,59.620653395628366 131.01063003622198,31.22209955413953,60.06785967864253 131.0106321172984,31.22209853369964,60.52250521590161 131.01063417429398,31.22209752500513,60.970060941533326 131.01063626814124,31.222096498265795,61.42580458304322 131.01063834918574,31.222095477758906,61.87730040816948 131.01064043990849,31.222094452491348,62.3301732858037 131.01064255259732,31.222093416448946,62.787461307078885 131.01064464498015,31.22209239031275,63.23866937337236 131.01064678229892,31.22209134215715,63.69996543226476 131.0106488956069,31.22209030572212,64.15427888212263 131.0106510377027,31.222089255164644,64.61466091935968 131.01065317344012,31.222088207688376,65.07243471377427 131.01065531039853,31.222087159583463,65.52947736952254 131.01065747448695,31.222086098157543,65.99214256818952 131.01065961858595,31.222085046490864,66.44887218461601 131.01066180785483,31.222083972658616,66.91562529501988 131.0106639729546,31.222082910635216,67.37543400551614 131.0106661572345,31.222081839177587,67.83890176444501 131.01066835393473,31.22208076159505,68.30436757000224 131.01067053374456,31.22207969225908,68.7646964725263 131.01067274867358,31.22207860566475,69.2325483746394 131.01067495828173,31.22207752164202,69.69808184387375 131.01067715850985,31.222076442185013,70.1603236343774 131.01067938057392,31.22207535197729,70.62684962514585 131.010681616955,31.222074254704225,71.09582951640814 131.010683845379,31.22207316129772,71.56187130301963 131.0106860747898,31.22207206736911,72.02714764887355 131.01068832172152,31.22207096479923,72.49565787169674 131.01069057242273,31.222069860337967,72.96407622605479 131.0106928224434,31.22206875617106,73.43133217267686 131.0106950752878,31.222067650577426,73.89827569294383 131.01069733891964,31.22206653964407,74.3668303686444 131.0106996044061,31.222065427758373,74.83484274083612 131.01070187139754,31.222064315092265,75.30223232978257 131.0107041430996,31.22206320007016,75.76977466901485 131.01070641869703,31.2220620830921,76.23727568500524 131.01070869644963,31.22206096501309,76.70431915232444 131.0107109765152,31.22205984575541,77.17094609123154 131.0107132612961,31.222058724137806,77.63773728006825 131.01071554983218,31.22205760063188,78.10446421261024 131.0107178415916,31.22205647549904,78.57100171266474 131.01072013477307,31.22205534962484,79.03691971087704 131.0107224293058,31.22205422304416,79.50220413999274 131.01072473032855,31.22205309322984,79.96809142949857 131.01072703184715,31.22205196312961,80.43314470346513 131.0107293371541,31.222050831124328,80.89815684956798 131.0107316450486,31.222049697804582,81.36284194733264 131.01073395672057,31.222048562585243,81.82748738223273 131.0107362687926,31.222047427127592,82.29128616585038 131.01073858450363,31.22204628983881,82.75501611562737 131.01074090334225,31.2220451509706,83.21855624536715 131.01074322310458,31.22204401160718,83.68138138053142 131.0107455469603,31.22204287018989,84.14425067947758 131.01074787487312,31.222041726736894,84.60715613743254 131.01075020193545,31.222040583662167,85.06892850375328 131.0107525335139,31.22203943832672,85.5308488623586 131.01075486653835,31.22203829224088,85.99218615686429 131.01075720131956,31.22203714525224,86.4530156520196 131.01075953838955,31.22203599709952,86.91346451641189 131.0107618785626,31.222034847382943,87.37372611278035 131.01076422054877,31.222033696737228,87.83349464540572 131.01076656532803,31.22203254468104,88.29300248597627 131.01076891141238,31.22203139194654,88.75189758648352 131.01077125963047,31.22203023812684,89.2103758810219 131.01077360856752,31.22202908391791,89.6681035136541 131.01077595986598,31.222027928513,90.12546703949012 131.01077831418172,31.22202677159042,90.58261900497828 131.0107806697533,31.22202561401647,91.03914487316558 131.01078302719495,31.222024455489848,91.49518819049612 131.0107853864278,31.22202329604988,91.9507292696936 131.01078774509267,31.22202213685624,92.40521697259224 131.01079010669127,31.222020976189143,92.8594662498074 131.01079246820373,31.222019815532704,93.31277264970556 131.01079483327203,31.2220186530986,93.7659796490051 131.0107971980347,31.222017490784047,94.21819071663182 131.0107995667052,31.222016326520315,94.67037766653957 131.01080193497327,31.22201516242467,95.12154418638632 131.01080430422755,31.22201399781563,95.57200955847628 131.0108066763397,31.22201283177492,96.02219961838492 131.01080904948338,31.222011665199776,96.47169307132388 131.01081142237058,31.222010498722845,96.92019531727496 131.01081379859528,31.22200933058056,97.36852152617442 131.0108161750077,31.22200816231944,97.8159527800284 131.01081855388256,31.22200699282355,98.26300197921732 131.01082093326357,31.22200582305341,98.709224227674 131.0108233131824,31.222004652993792,99.15462531368814 131.01082569445205,31.22200348224624,99.59938490026028 131.01082807710486,31.22200231079532,100.0435065864158 131.01083046043442,31.22200113898792,100.48683001151396 131.01083284468092,31.221999966706584,100.92940625147357 131.01083522899927,31.22199879436612,101.3710456304817 131.0108376159026,31.22199762073416,101.81230009658368 131.01084000214323,31.22199644740391,102.25245065689384 131.01084239075155,31.221995272889327,102.69216088399732 131.0108447800581,31.221994098009468,103.13106085131352 131.01084716819577,31.221992923680105,103.56874254440524 131.01084955869396,31.22199174817057,104.00597127619731 131.01085194923877,31.221990572615773,104.4422408335886 131.010854338995,31.221989397425386,104.87737024981068 131.01085673103955,31.22198822109069,105.31201934253232 131.0108591217694,31.22198704537855,105.74541139114795 131.01086151386912,31.22198586897261,106.17811986718084 131.01086390837312,31.22198469136565,106.610360195582 131.01086630114284,31.221983514587123,107.0412508433703 131.01086869424665,31.221982337622688,107.47123071946224 131.01087108772657,31.221981160451765,107.90030565492528 131.01087348310284,31.221979982328733,108.32879212071695 131.0108758781359,31.221978804351785,108.7562176243902 131.01087827316087,31.22197762635648,109.18265200719908 131.01088066966233,31.22197644761466,109.60840217773412 131.01088306587724,31.22197526899079,110.03309944517028 131.0108854617445,31.22197409051474,110.456730890265 131.01088786015617,31.221972910767736,110.8798908357764 131.01089025631336,31.221971732103555,111.30158981348718 131.01089265647383,31.221970551452223,111.72311081910576 131.01089505529535,31.2219693714342,112.143357335702 131.01089745525684,31.2219681908332,112.562835822655 131.01089985573947,31.221967009952493,112.98141826754308 131.0109022578071,31.22196582826972,113.39931860669888 131.01090466012647,31.22196464643884,113.81626579210452 131.0109070626142,31.22196346450057,114.23224289776527 131.01090946551287,31.22196228233552,114.647298047413 131.01091186976703,31.221961099479664,115.0616190870308 131.01091427296458,31.221959917116823,115.47472345604815 131.01091667772204,31.2219587339621,115.88713273649236 131.01091908257425,31.22195755073444,116.2985541397166 131.01092148753096,31.22195636742878,116.70898987491243 131.01092389265955,31.22195518401171,117.11845320468072 131.0109262999526,31.221953999504,117.52733604629644 131.01092870543204,31.22195281585952,117.93485555869668 131.0109311128452,31.221951631236905,118.34174832045385 131.01093352192137,31.22195044576859,118.7479592680918 131.01093593063135,31.221949260451368,119.15309226304812 131.01093834022194,31.221948074672177,119.55739127637035 131.01094075073976,31.22194688840763,119.96086503091252 131.0109431626458,31.22194570143068,120.36360273983264 131.01094557251002,31.2219445154274,120.764941556793 131.01094798360964,31.221943328786143,121.16551619448263 131.01095039542062,31.22194214176407,121.56522489901118 131.0109528069474,31.22194095485045,121.96387694870546 131.01095522047498,31.22193976692096,122.36191155611468 131.01095763252093,31.22193857968835,122.75866205985778 131.0109600441843,31.2219373926118,123.1543409245622 131.0109624594328,31.221936203738327,123.54970507079904 131.01096487489943,31.22193501472437,123.94411233996009 131.01096728908175,31.221933826309296,124.33727949068088 131.0109697051178,31.221932636948136,124.72980358795604 131.010972121724,31.22193144727236,125.1214413302036 131.01097453920255,31.22193025713277,125.51225102915066 131.01097695770227,31.221929066455864,125.90226165129296 131.010979376992,31.22192787535509,126.29143058805104 131.01098179550507,31.22192668460187,126.67946454387616 131.0109842146136,31.22192549352016,127.06662301652749 131.01098663412856,31.221924302202748,127.45287138669045 131.0109890528792,31.22192311122623,127.83799186929936 131.0109914718047,31.221921920127727,128.22216178581706 131.01099389501547,31.221920726881283,128.6061487006241 131.0109963151384,31.221919535120264,128.98857875242007 131.01099873617255,31.221918342873742,129.37019962688404 131.01100115881903,31.221917149795846,129.75114184248667 131.01100358101183,31.22191595690478,130.1310229868429 131.01100600332435,31.22191476391781,130.50995122316272 131.01100842455168,31.22191357142893,130.88770519385994 131.01101084656352,31.221912378516134,131.26463188868405 131.0110132697442,31.22191118498972,131.64080276654067 131.011015691204,31.22190999227471,132.01568699208923 131.01101811337975,31.22190879916927,132.38973485445928 131.01102053737918,31.22190760512697,132.76315009509423 131.01102296170123,31.22190641088803,133.13565816077875 131.01102538414415,31.221905217538584,133.50685797429296 131.01102780679085,31.221904024051195,133.8771323513095 131.01103023143216,31.221902829542376,134.24680842476928 131.01103265649817,31.221901634786576,134.615600386498 131.011035081313,31.221900440117256,134.9833868247108 131.01103750568092,31.221899245631096,135.3501337311424 131.01103993105656,31.221898050610445,135.7161059264375 131.01104235458916,31.221896856461903,136.08078818990447 131.0110447803908,31.22189566115666,136.44492519126896 131.0110472060707,31.221894465874414,136.80808523980335 131.011049632743,31.22189327006553,137.17047024154627 131.01105205847463,31.221892074683986,137.5317334150772 131.01105448329588,31.221890879714948,137.89188191302637 131.01105690961683,31.22188968396932,138.2513481949887 131.0110593366484,31.22188848783665,138.60999073752555 131.01106176545417,31.22188729079222,138.9679997247091 131.011064192711,31.221886094476023,139.32478363339038 131.01106661994115,31.221884898137063,139.68061506232476 131.0110690502299,31.221883700253134,140.03604107951583 131.01107147835978,31.22188250339896,140.39013704333274 131.0110739085758,31.221881305480064,140.74365512617152 131.01107633861932,31.221880107611167,141.09619599787908 131.01107876668968,31.22187891068093,141.44744416946685 131.0110811952904,31.22187771345429,141.79784056925155 131.01108362326875,31.22187651650029,142.1471827043677 131.01108605081313,31.221875319726152,142.4955041530907 131.01108847792352,31.221874123132128,142.84280525567937 131.01109090460008,31.2218729267184,143.1890863384695 131.01109333084307,31.22187173048504,143.53434771586325 131.01109575665305,31.221870534432057,143.87858969032834 131.01109818203062,31.221869338559376,144.2218125514042 131.0111006069766,31.221868142866832,144.564016575703 131.01110303149198,31.2218669473542,144.90520202989023 131.01110545557793,31.22186575202116,145.24536916174 131.0111078792357,31.22186455686732,145.58451821802544 131.01111030246676,31.22186336189221,145.92264942066592 131.0111127252727,31.22186216709532,146.2597629905787 131.0111151476553,31.22186097247601,146.5958591307845 131.01111756961637,31.221859778033604,146.9309380363457 131.01111999115793,31.22185858376737,147.26499988641547 131.01112241228216,31.2218573896765,147.59804485715824 131.01112483299127,31.221856195760115,147.93007310982367 131.01112725328767,31.22185500201727,148.2610847917388 131.01112967317388,31.22185380844697,148.59108004624923 131.01113209265247,31.22185261504818,148.92005900675474 131.01113451172617,31.22185142181978,149.24802179173946 131.01113693039775,31.22185022876061,149.5749685186871 131.01113934867007,31.221849035869475,149.900899290166 131.0111417665462,31.22184784314512,150.2258142017807 131.01114418402915,31.221846650586222,150.5497133441598 131.01114660112205,31.22184545819148,150.87259679798566 131.01114901782813,31.221844265959472,151.194464636977 131.01115143415063,31.221843073888817,151.5153169259005 131.01115385009288,31.221841881978044,151.83515372951683 131.01115626565823,31.221840690225672,152.15397510065253 131.01115868085017,31.221839498630207,152.47178108715846 131.0111610956721,31.221838307190087,152.78857173489052 131.01116351012752,31.22183711590377,153.1043470817473 131.01116592421997,31.221835924769664,153.419107161645 131.011168337953,31.22183473378617,153.73285200451713 131.01117075133016,31.22183354295169,154.04558163730982 131.01117316435503,31.221832352264563,154.35729608298567 131.01117557703122,31.221831161723166,154.66799536450176 131.01117798936232,31.22182997132585,154.9776794968562 131.01118040135185,31.22182878107096,155.28634849603537 131.01118281300347,31.22182759095683,155.59400237702417 131.0111852243207,31.22182640098181,155.90064115082544 131.01118763530707,31.22182521114424,156.2062648274416 131.0111900459662,31.22182402144245,156.51087342183763 131.01119245630147,31.221822831874817,156.814466940026 131.01119486631643,31.22182164243968,157.11704539596488 131.0111972760145,31.221820453135408,157.41860879863503 131.01119968539908,31.22181926396038,157.71915715899817 131.0112020944735,31.221818074913,158.01869049099164 131.01120450324106,31.221816885991664,158.31720880655715 131.01120691170507,31.22181569719481,158.6147121216055 131.01120931986867,31.221814508520858,158.91120045899822 131.01121172773512,31.2218133199683,159.20667382767402 131.01121413530737,31.221812131535625,159.5011322594257 131.01121654258853,31.221810943221328,159.7945757760992 131.01121894958152,31.22180975502397,160.08700440450284 131.01122135628927,31.22180856694209,160.37841818137755 131.01122376271456,31.221807378974304,160.66881713749285 131.0112261688602,31.221806191119228,160.95820131255692 131.0112285747288,31.221805003375515,161.24657075024555 131.01123098032303,31.22180381574184,161.53392550019151 131.0112333856453,31.221802628216945,161.82026561301393 131.0112357906982,31.221801440799567,162.105591145288 131.01123819548397,31.221800253488496,162.38990215855102 131.01124060000487,31.22179906628256,162.6731987202965 131.01124300426324,31.2217978791806,162.9554809049681 131.01124540826106,31.22179669218153,163.23674878501387 131.0112478120004,31.221795505284287,163.517002449771 131.01125021548313,31.22179431848784,163.7962419806181 131.01125261871118,31.221793131791184,164.07446747979776 131.01125502168625,31.22179194519339,164.35167904358272 131.01125742441008,31.22179075869352,164.62787678115757 131.01125982688416,31.221789572290728,164.9030608017004 131.01126222911003,31.221788385984176,165.177231225314 131.01126463108915,31.221787199773065,165.4503881800455 131.0112670328228,31.221786013656647,165.72253179393354 131.0112694343122,31.22178482763421,165.99366220395498 131.01127183555852,31.22178364170508,166.26377955900548 131.0112742365628,31.22178245586862,166.53288400399742 131.01127663732606,31.22178127012424,166.8009757027199 131.0112790378491,31.22178008447139,167.0680548119969 131.01128143813287,31.22177889890955,167.33412150454652 131.011283838178,31.221777713438257,167.59917596003763 131.01128623798513,31.22177652805705,167.86321835813027 131.0112886375549,31.221775342765543,168.12624888642867 131.01129103688774,31.221774157563384,168.3882677434616 131.0112934359841,31.221772972450225,168.64927512973827 131.01129583484428,31.22177178742579,168.90927125371127 131.01129823346855,31.221770602489823,169.1682563297885 131.01130063185713,31.22176941764211,169.42623058131596 131.01130303001008,31.221768232882464,169.6831942296429 131.0113054279275,31.22176704821074,169.9391475130083 131.01130782560944,31.2217658636268,170.19409066864796 131.0113102230558,31.22176467913054,170.44802394571758 131.0113126202664,31.221763494721927,170.70094759435858 131.01131501724117,31.22176231040092,170.95286187166224 131.01131741397967,31.221761126167504,171.20376704365677 131.0113198104818,31.221759942021723,171.4536633773569 131.0113222067471,31.22175875796364,171.70255114473824 131.0113246027752,31.22175757399332,171.95043062472675 131.01132699856555,31.221756390110887,172.19730210120989 131.01132939411778,31.22175520631648,172.44316586303665 131.01133178943118,31.221754022610245,172.68802220202977 131.01133418450527,31.22175283899238,172.9318714159684 131.01133657933937,31.22175165546308,173.17471380461072 131.01133897393277,31.22175047202256,173.4165496746654 131.01134136828475,31.221749288671106,173.65737933780238 131.01134376239463,31.22174810540896,173.89720310568345 131.0113461562615,31.221746922236395,174.13602129692094 131.01134854988467,31.221745739153743,174.37383423310067 131.0113509432632,31.22174455616133,174.61064223580067 131.0113533363962,31.22174337325946,174.8464456335489 131.01135572928288,31.221742190448506,175.0812447568535 131.01135812192223,31.221741007728824,175.31503994118407 131.0113605143133,31.22173982510079,175.54783151902112 131.01136290645525,31.221738642564805,175.77961983078927 131.01136529834696,31.221737460121243,176.0104052159105 131.0113676899875,31.221736277770543,176.24018801877 131.01137008137593,31.2217350955131,176.46896858374458 131.01137247251117,31.22173391334936,176.69674725719184 131.01137486339215,31.22173273127972,176.92352438844324 131.011377254018,31.221731549304653,177.14930032483488 131.0113796443876,31.2217303674246,177.37407542065353 131.01138203449992,31.221729185639983,177.59785002719588 131.0113844243539,31.221728003951284,177.8206244957518 131.01138681394866,31.221726822358928,178.04239918257295 131.011389203283,31.221725640863383,178.2631744379402 131.011391592356,31.22172445946512,178.48295062007875 131.01139398116663,31.22172327816456,178.70172808521875 131.01139636971388,31.221722096962186,178.91950718461254 131.0113987579968,31.22172091585844,179.13628827546978 131.01140114601432,31.22171973485377,179.35207171399878 131.0114035337655,31.221718553948648,179.56685785143068 131.01140592124943,31.221717373143484,179.7806470459469 131.0114083084652,31.221716192438745,179.99343964876488 131.01141069541177,31.22171501183485,180.2052360101005 131.01141308208832,31.221713831332234,180.41603648215064 131.0114154684939,31.22171265093132,180.62584141809887 131.01141785462775,31.221711470632503,180.83465116615253 131.01142024048892,31.22171029043624,181.04246607053616 131.0114226260767,31.22170911034289,181.2492864794424 131.01142501139014,31.22170793035285,181.4551127410581 131.0114273964286,31.22170675046652,181.65994519163533 131.0114297811913,31.221705570684257,181.8637841743769 131.0114321656775,31.221704391006423,182.06663002850323 131.01143454988653,31.221703211433383,182.2684830902465 131.01143693381766,31.22170203196547,182.46934369384343 131.01143931747035,31.22170085260301,182.66921216855496 131.01144170084393,31.221699673346343,182.8680888466174 131.01144408393787,31.22169849419576,183.06597405528987 131.01144646675155,31.22169731515154,183.26286811486844 131.01144884928456,31.22169613621399,183.4587713496169 131.01145123153628,31.221694957383374,183.65368407683624 131.0114536135064,31.22169377865993,183.84760661282624 131.01145599519438,31.22169260004392,184.0405392669227 131.0114583765999,31.22169142153556,184.23248235342524 131.0114607577226,31.221690243135075,184.42343617469896 131.0114631385621,31.221689064842653,184.61340103012097 131.0114655191182,31.221687886658486,184.8023772280073 131.0114678993906,31.221686708582748,184.99036505380752 131.01147027937907,31.221685530615588,185.177364809861 131.0114726590834,31.22168435275717,185.36337677762904 131.01147503850348,31.2216831750076,185.54840124751115 131.01147741763918,31.221681997367,185.73243849698 131.0114797964904,31.22168081983545,185.91548880747743 131.01148217505707,31.22167964241306,186.09755245049968 131.0114845533392,31.22167846509989,186.27862969853047 131.01148693133675,31.221677287896,186.4587208190783 131.0114893090499,31.221676110801408,186.63782607268743 131.01149168647856,31.22167493381616,186.81594571989527 131.01149406362296,31.22167375694025,186.99308001527115 131.0114964404832,31.22167258017369,187.1692292103951 131.0114988170594,31.22167140351645,187.34439355286528 131.01150119335188,31.221670226968488,187.5185732872924 131.01150356936077,31.22166905052977,187.6917686523176 131.0115059450864,31.221667874200225,187.8639798825997 131.0115083205291,31.22166669797977,188.0352072108036 131.0115106956891,31.221665521868328,188.2054508636249 131.01151307056685,31.221664345865783,188.3747110677528 131.01151544516273,31.22166316997201,188.54298804092505 131.01151781947712,31.221661994186896,188.71028199789183 131.0115201935105,31.22166081851029,188.87659315339727 131.0115225672633,31.22165964294201,189.041921713234 131.01152494073608,31.221658467481923,189.20626788020647 131.01152731392935,31.221657292129805,189.36963185910136 131.01152968684363,31.221656116885462,189.532013843766 131.0115320594796,31.22165494174872,189.69341402605409 131.01153443183776,31.22165376671932,189.8538325948317 131.01153680391877,31.22165259179702,190.01326973597577 131.01153917572333,31.2216514169816,190.17172563138337 131.01154154725205,31.22165024227281,190.3292004559874 131.01154391850568,31.221649067670352,190.48569438471404 131.01154628948495,31.22164789317396,190.6412075875145 131.01154866019056,31.221646718783347,190.79574023234684 131.0115510306233,31.2216455444982,190.94929248020424 131.01155340078404,31.22164437031822,191.1018644890932 131.01155577067345,31.221643196243072,191.2534564199952 131.01155814029244,31.22164202227244,191.4040684199716 131.0115605096418,31.221640848405965,191.5537006380657 131.01156287872243,31.221639674643303,191.70235322231983 131.0115652475352,31.22163850098412,191.8500263128205 131.011567616081,31.22163732742801,191.9967200506408 131.01156998436076,31.22163615397461,192.14243456989047 131.0115723523754,31.221634980623566,192.2871700006989 131.01157472012585,31.22163380737445,192.43092647716395 131.0115770876131,31.22163263422687,192.5737041194629 131.01157945483803,31.221631461180426,192.71550305671244 131.01158182180174,31.221630288234703,192.8563234041085 131.01158418850514,31.22162911538928,192.9961652808164 131.01158655494928,31.221627942643725,193.13502880301417 131.01158892113511,31.221626769997624,193.27291407792816 131.0115912870637,31.22162559745052,193.40982122073044 131.0115936527361,31.221624425001977,193.54575032869565 131.01159601815337,31.221623252651543,193.6807015130088 131.0115983833165,31.221622080398767,193.8146748689444 131.0116007482266,31.22162090824319,193.94767049972432 131.01160311288473,31.22161973618434,194.07968849762943 131.0116054772919,31.22161856422176,194.21072895692373 131.0116078414493,31.22161739235497,194.34079196888268 131.01161020535787,31.221616220583496,194.46987762179432 131.0116125690189,31.22161504890685,194.5979860009588 131.0116149324333,31.22161387732457,194.7251171916704 131.0116172956023,31.22161270583616,194.8512712762356 131.0116196585269,31.221611534441124,194.97644833596027 131.01162202120827,31.221610363138986,195.1006484432001 131.0116243836475,31.22160919192922,195.22387168223057 131.01162674584572,31.221608020811367,195.34611812241351 131.01162910780397,31.22160684978492,195.4673878331039 131.01163146952345,31.22160567884936,195.58768089060783 131.01163383100527,31.22160450800421,195.7069973592993 131.01163619225048,31.22160333724896,195.8253373085149 131.01163855326024,31.22160216658308,195.94270080460367 131.01164091403567,31.22160099600612,196.05908790794564 131.01164327457784,31.22159982551752,196.174498683883 131.01164563488788,31.2215986551168,196.2889331927836 131.01164799496692,31.221597484803446,196.4023914920267 131.01165035481603,31.221596314576978,196.51487364097383 131.0116527144364,31.221595144436844,196.62637969798584 131.011655073829,31.22159397438257,196.736909716448 131.011657432995,31.22159280441365,196.84646374973988 131.01165979193556,31.22159163452955,196.9550418542161 131.01166215065163,31.2215904647298,197.0626440772804 131.01166450914442,31.221589295013867,197.1692704752752 131.01166686741496,31.221588125381263,197.27492109459817 131.01166922546437,31.221586955831487,197.37959598462203 131.0116715832936,31.221585786364027,197.48329519272576 131.01167394090388,31.2215846169784,197.58601876528783 131.01167629829618,31.221583447674067,197.68776675166288 131.0116786554716,31.22158227845057,197.78853919126007 131.01168101243115,31.221581109307408,197.88833613242767 131.01168336917596,31.22157994024408,197.9871576215195 131.01168572570694,31.22157877126008,198.0850036979261 131.01168808202524,31.22157760235493,198.1818744040132 131.01169043813184,31.221576433528146,198.2777697831352 131.0116927940278,31.22157526477924,198.372689872676 131.01169514971403,31.221574096107712,198.4666347179644 131.01169750519168,31.2215729275131,198.55960435836047 131.01169986046165,31.221571758994912,198.6515988282476 131.011702215525,31.22157059055268,198.74261817194213 131.01170457038268,31.22156942218591,198.83266242480977 131.01170692503564,31.221568253894148,198.92173162717867 131.01170927948488,31.22156708567692,199.0098258183772 131.0117116337314,31.221565917533745,199.0969450307701 131.01171398777615,31.221564749464186,199.1830893066553 131.01171634162003,31.22156358146775,199.26825867838457 131.011718695264,31.221562413543992,199.352453183274 131.011721048709,31.221561245692463,199.43567285863267 131.01172340195595,31.22156007791269,199.51791773878168 131.01172575500578,31.22155891020424,199.5991878610184 131.01172810785943,31.22155774256665,199.67948325965097 131.01173046051773,31.221556574999504,199.75880396997704 131.0117328129816,31.22155540750232,199.83715002827944 131.011735165252,31.22155424007468,199.9145214658674 131.0117375173297,31.22155307271615,199.99091831901245 131.0117398692156,31.221551905426285,200.0663406219919 131.01174222091055,31.22155073820467,200.14078841007125 131.01174457241552,31.22154957105087,200.21426171652143 131.01174692373118,31.221548403964448,200.2867605756018 131.01174927485854,31.221547236945007,200.3582850195764 131.01175162579827,31.22154606999212,200.4288350816976 131.01175397655132,31.22154490310536,200.49841079918767 131.0117563271184,31.22154373628433,200.56701220031687 131.0117586775004,31.221542569528623,200.634639323288 131.0117610276981,31.22154140283784,200.7012921973528 131.01176337771224,31.22154023621153,200.7669708567264 131.01176572754363,31.22153906964936,200.8316753366112 131.01176807719307,31.22153790315088,200.89540566624063 131.01177042666134,31.22153673671573,200.95816187981023 131.0117727759491,31.22153557034352,201.01994400952285 131.01177512505723,31.22153440403384,201.080752089562 131.0117774739864,31.22153323778632,201.1405861481412 131.01177982273737,31.221532071600578,201.1994462194324 131.01178217131084,31.221530905476246,201.25733233461827 131.01178451970756,31.22152973941293,201.31424452785805 131.0117868679283,31.22152857341028,201.3701828293281 131.01178921597364,31.221527407467903,201.42514727019343 131.01179156384427,31.221526241585448,201.47913788061817 131.01179391154108,31.22152507576256,201.532154693742 131.0117962590646,31.221523909998847,201.5841977387228 131.0117986064155,31.221522744294,201.63526704670133 131.01180095359453,31.221521578647632,201.68536264880936 131.01180330060228,31.2215204130594,201.73448457120583 131.01180564743945,31.221519247528967,201.78263284501125 131.01180799410668,31.221518082055976,201.8298075043216 131.01181034060457,31.221516916640088,201.87600857428257 131.01181268693384,31.22151575128097,201.9212360840084 131.01181503309508,31.22151458597828,201.96549006161365 131.01181737908885,31.22151342073169,202.0087705342122 131.01181972491585,31.221512255540866,202.05107753388216 131.01182207057667,31.221511090405485,202.092411080768 131.01182441607185,31.22150992532523,202.1327712069345 131.01182676140203,31.221508760299766,202.17215793947187 131.01182910656783,31.2215075953288,202.21057130049377 131.0118314515698,31.221506430412,202.2480113160832 131.01183379640847,31.221505265549048,202.28447801132367 131.01183614108444,31.221504100739647,202.31997141328 131.0118384855983,31.22150293598349,202.35449154304723 131.01184082995056,31.221501771280288,202.3880384207212 131.0118431741418,31.22150060662973,202.42061207434136 131.01184551817255,31.221499442031508,202.45221252100967 131.0118478620433,31.22149827748536,202.48283978477835 131.01185020575463,31.221497112990967,202.51249388472408 131.01185254930704,31.221495948548064,202.5411748409115 131.01185489270102,31.22149478415636,202.5688826733991 131.0118572359371,31.221493619815565,202.5956173972691 131.01185957901575,31.22149245552544,202.62137903058104 131.0118619219375,31.221491291285663,202.64616759039225 131.01186426470284,31.221490127096,202.66998309375543 131.0118666073122,31.22148896295617,202.69282555274748 131.01186894976604,31.22148779886593,202.71469498142645 131.01187129206488,31.221486634824984,202.7355913958324 131.0118736342091,31.221485470833105,202.75551480206053 131.01187597619926,31.221484306890048,202.77446521315747 131.01187831803568,31.22148314299554,202.79244263918088 131.01188065971883,31.221481979149363,202.8094470891901 131.01188300124923,31.22148081535126,202.82547857124305 131.01188534262712,31.221479651601,202.84053708842288 131.01188768385305,31.22147848789835,202.85462264678856 131.01189002492737,31.22147732424308,202.8677352523924 131.01189236585043,31.221476160634964,202.8798749063115 131.01189470662268,31.221474997073784,202.89104161061067 131.01189704724447,31.22147383355933,202.90123536337347 131.01189938771617,31.221472670091384,202.91045616665264 131.01190172803814,31.221471506669733,202.91870401454383 131.01190406821067,31.22147034329419,202.92597890610648 131.0119064082342,31.221469179964537,202.93228083343584 131.01190874810902,31.2214680166806,202.93760979061008 131.01191108783544,31.22146685344218,202.9419657697128 131.0119134274138,31.221465690249094,202.9453487608338 131.0119157668443,31.22146452710116,202.9477587520698 131.01191810612738,31.22146336399821,202.94919573051683 131.01192044526323,31.22146220094008,202.94965968525315 131.0119227842522,31.221461037926588,202.9491505954116 131.01192512309447,31.2214598749576,202.94766844508965 131.01192746179035,31.22145871203293,202.9452132173834 131.01192980034,31.22145754915247,202.94178488842704 131.01193213874373,31.22145638631605,202.9373834353416 131.01193447700177,31.221455223523545,202.9320088352428 131.01193681511424,31.221454060774818,202.9256610642461 131.0119391530814,31.22145289806975,202.91834008951616 131.01194149090344,31.221451735408216,202.91004588616343 131.0119438285805,31.22145057279013,202.9007784183583 131.01194616611275,31.22144941021536,202.8905376572236 131.01194850350035,31.22144824768381,202.87932356393645 131.01195084074345,31.2214470851954,202.86713610165623 131.01195317784212,31.22144592275004,202.85397523453005 131.01195551479648,31.22144476034764,202.83984092073584 131.01195785160667,31.221443597988152,202.8247331144705 131.01196018827275,31.221442435671488,202.80865177688096 131.01196252479474,31.2214412733976,202.79159685718275 131.01196486117274,31.22144011116645,202.7735683075668 131.0119671974068,31.221438948977983,202.75456607524808 131.0119695334969,31.22143778683217,202.7345901133992 131.0119718694431,31.22143662472899,202.7136403612728 131.0119742052453,31.221435462668417,202.69171676904787 131.0119765409036,31.221434300650444,202.66881927099567 131.0119788764179,31.221433138675064,202.64494781330785 131.01198121178817,31.22143197674229,202.6201023272613 131.01198354701427,31.22143081485214,202.5942827530729 131.01198588209618,31.22142965300464,202.56748902002016 131.0119882170338,31.2214284911998,202.53972106433264 131.01199055182695,31.221427329437688,202.51097881129965 131.01199288647553,31.22142616771836,202.4812621872002 131.0119952209794,31.22142500604185,202.45057112228147 131.01199755533835,31.221423844408257,202.4189055338649 131.0119998895522,31.22142268281763,202.3862653472166 131.01200222362075,31.22142152127008,202.35265047964657 131.01200455754375,31.221420359765688,202.3180608494511 131.012006891321,31.2214191983046,202.28249636895848 131.01200922495215,31.22141803688689,202.2459569534724 131.012011558437,31.221416875512723,202.2084425113325 131.01201389177513,31.22141571418221,202.1699529558432 131.01201622496637,31.22141455289553,202.1304881893695 131.0120185580102,31.22141339165284,202.09004811923964 131.01202089090634,31.221412230454288,202.0486326488009 131.0120232236544,31.22141106930008,202.00624167841147 131.01202555625397,31.2214099081904,201.962875106438 131.01202788870464,31.22140874712545,201.91853283322683 131.01203022100592,31.221407586105464,201.873214752162 131.01203255315727,31.221406425130656,201.82692075364008 131.01203488515836,31.22140526420125,201.7796507369956 131.01203721700855,31.221404103317543,201.73140458565567 131.01203954870732,31.221402942479763,201.68218218801087 131.01204188025412,31.221401781688183,201.63198343642057 131.01204421164834,31.221400620943108,201.58080820932383 131.0120465428894,31.221399460244825,201.5286563931052 131.01204887397668,31.22139829959365,201.47552786817928 131.01205120490948,31.221397138989904,201.42142251495497 131.0120535356872,31.22139597843392,201.3663402118468 131.012055866309,31.221394817926043,201.3102808382572 131.0120581967743,31.221393657466635,201.253244264638 131.01206052708227,31.22139249705608,201.19523036540988 131.01206285723217,31.221391336694747,201.13623901598143 131.0120651872232,31.221390176383053,201.0762700877796 131.01206751705453,31.22138901612137,201.0153234492425 131.01206984672532,31.221387855910177,200.95339896880407 131.0120721762347,31.221386695749857,200.89049651489063 131.0120745055818,31.22138553564088,200.82661595492823 131.01207683476568,31.22138437558372,200.7617571523621 131.01207916378544,31.22138321557881,200.695919973612 131.01208149264005,31.221382055626687,200.62910428111664 131.0120838213286,31.22138089572781,200.5613099383013 131.01208614985003,31.22137973588272,200.49253680560503 131.0120884782033,31.22137857609192,200.4227847454463 131.0120908063874,31.22137741635596,200.35205361526928 131.0120931344012,31.221376256675374,200.28034327946864 131.0120954622436,31.22137509705073,200.2076535954755 131.01209778991353,31.22137393748262,200.1339844197209 131.01210011740974,31.221372777971617,200.059335615586 131.0121024447311,31.221371618518315,199.98370704048352 131.0121047718765,31.221370459123328,199.9070985478432 131.01210709884455,31.221369299787284,199.82951000202104 131.01210942563412,31.22136814051081,199.75094125544103 131.01211175224392,31.22136698129457,199.67139217045835 131.01211407867265,31.22136582213921,199.5908626004776 131.01211640491903,31.22136466304541,199.50935240684805 131.0121187309817,31.22136350401384,199.42686144793024 131.0121210568593,31.2213623450452,199.34338958307217 131.01212338255053,31.2213611861402,199.25893667260948 131.01212570805387,31.221360027299543,199.1735025738899 131.012128033368,31.221358868523986,199.0870871492233 131.01213035849148,31.22135770981423,198.9996902589256 131.0121326834228,31.22135655117104,198.91131177026315 131.01213500816058,31.221355392595186,198.8219515415516 131.01213733270325,31.221354234087407,198.7316094410372 131.01213965704932,31.221353075648512,198.6402853329859 131.0121419811973,31.221351917279275,198.5479790796674 131.0121443051456,31.22135075898049,198.45469056223016 131.0121466288927,31.22134960075297,198.36041963796137 131.012148952437,31.22134844259752,198.26516618700217 131.01215127577694,31.22134728451496,198.16893007954653 131.01215359891088,31.22134612650613,198.071711190753 131.01215592183723,31.221344968571863,197.9735093987533 131.01215824455434,31.22134381071301,197.8743245836616 131.0121605670606,31.22134265293042,197.77415662757207 131.01216288935433,31.221341495224955,197.6730054125721 131.01216521143385,31.221340337597475,197.5708708257124 131.01216753329754,31.22133918004886,197.46775275801167 131.01216985494366,31.221338022579967,197.36365110048257 131.0121721763705,31.221336865191702,197.25856574412967 131.0121744975764,31.221335707884936,197.15249659287247 131.01217681855968,31.221334550660565,197.04544354267168 131.0121791393186,31.22133339351948,196.9374064974324 131.0121814598514,31.221332236462576,196.82838536701607 131.01218378015642,31.22133107949076,196.71838006028327 131.01218610023187,31.22132992260492,196.60739049105743 131.0121884200761,31.22132876580597,196.49541658110533 131.01219073968727,31.221327609094825,196.38245824423683 131.01219305906375,31.22132645247237,196.2685154141313 131.01219537820378,31.22132529593953,196.153588013529 131.01219769710562,31.2213241394972,196.0376759810652 131.01220001576755,31.221322983146287,195.92077925039888 131.01220233418786,31.221321826887696,195.8028977681018 131.01220465236483,31.221320670722324,195.68403147974607 131.01220697029677,31.221319514651064,195.5641803378521 131.01220928798196,31.22131835867484,195.44334429592945 131.01221160541868,31.221317202794506,195.3215233164232 131.01221392260527,31.221316047010955,195.1987173687297 131.01221623954012,31.221314891325097,195.07492642025048 131.01221855622143,31.221313735737777,194.95015045030644 131.01222087264773,31.221312580249897,194.82438943821103 131.01222318881727,31.221311424862296,194.69764337321 131.01222550472846,31.22131026957583,194.5699122505047 131.0122278203797,31.22130911439136,194.44119606827127 131.0122301357694,31.22130795930969,194.31149482766003 131.01223245089605,31.22130680433171,194.18080854174147 131.01223476575808,31.22130564945819,194.0491372275532 131.01223708035394,31.22130449468996,193.91648091007863 131.0122393946822,31.2213033400278,193.7828396132977 131.01224170874136,31.221302185472503,193.648213377088 131.01224402252996,31.221301031024844,193.51260224131707 131.01224633604664,31.22129987668557,193.3760062557868 131.01224864928997,31.22129872245543,193.23842547426523 131.0122509622586,31.22129756833516,193.0998599584658 131.01225327495126,31.22129641432545,192.96030978003304 131.0122555873666,31.221295260427016,192.8197750106044 131.0122578995034,31.221294106640528,192.67825573671857 131.01226021136043,31.221292952966653,192.53575204490585 131.0122625229365,31.22129179940603,192.39226403361792 131.01226483423048,31.22129064595927,192.24779180726125 131.01226714524128,31.221289492627,192.1023354781865 131.0122694559678,31.221288339409764,191.9558951637067 131.01227176640904,31.221287186308164,191.8084709900732 131.012274076564,31.221286033322723,191.66006308949207 131.01227638643184,31.221284880453965,191.51067160609028 131.01227869601155,31.221283727702367,191.36029668895665 131.01228100530238,31.22128257506841,191.20893849214184 131.01228331430346,31.22128142255256,191.05659718062284 131.01228562301412,31.22128027015521,190.90327292632657 131.01228793143363,31.221279117876755,190.7489659111108 131.01229023956137,31.221277965717583,190.59367632080296 131.01229254739675,31.221276813678013,190.43740434917376 131.01229485493923,31.221275661758376,190.28015020191384 131.01229716218836,31.22127450995896,190.12191408768865 131.01229946914367,31.22127335828001,189.96269623006424 131.01230177580484,31.221272206721768,189.8024968486248 131.01230408217157,31.22127105528441,189.64131618680008 131.01230638824356,31.221269903968143,189.4791544800624 131.01230869402067,31.22126875277307,189.31601198176645 131.01231099950277,31.22126760169932,189.1518889482428 131.0123133046898,31.22126645074696,188.9867856507219 131.01231560958175,31.22126529991604,188.8207023574466 131.01231791417862,31.221264149206565,188.6536393505677 131.01232021848065,31.22126299861852,188.4855969231604 131.01232252248795,31.22126184815184,188.3165753692882 131.0123248262008,31.22126069780645,188.1465749959284 131.0123271296195,31.22125954758224,187.97559611104484 131.01232943274445,31.221258397479044,187.80363903750288 131.01233173557608,31.221257247496663,187.63070410412507 131.01233403811497,31.221256097634896,187.45679164370253 131.01233634036163,31.22125494789348,187.28190199597665 131.0123386423167,31.221253798272112,187.10603551459727 131.012340943981,31.22125264877048,186.92919255221287 131.0123432453552,31.221251499388217,186.7513734733932 131.01234554644023,31.221250350124937,186.57257864766967 131.01234784723698,31.2212492009802,186.3928084535133 131.01235014774645,31.221248051953538,186.2120632743573 131.01235244796965,31.221246903044456,186.0303434995924 131.01235474790775,31.22124575425244,185.84764952456555 131.01235704756195,31.22124460557689,185.66398175555096 131.0123593469334,31.22124345701723,185.4793406008041 131.01236164602352,31.22124230857281,185.293726470561 131.01236394483365,31.22124116024297,185.10713979095496 131.01236624336525,31.221240012026986,184.9195809901002 131.01236854161982,31.22123886392413,184.73105049411728 131.01237083959893,31.221237715933665,184.54154874303467 131.01237313730422,31.221236568054746,184.35107618383248 131.0123754347374,31.22123542028656,184.1596332565275 131.0123777319002,31.221234272628223,183.96722041902007 131.0123800287944,31.221233125078864,183.77383812622327 131.01238232542195,31.221231977637537,183.5794868400018 131.01238462178475,31.22123083030329,183.38416702519515 131.01238691788475,31.22122968307516,183.18787915160763 131.01238921372405,31.221228535952108,182.9906236940072 131.01239150930465,31.22122738893309,182.79240112715408 131.01239380462872,31.221226242017075,182.5932119307752 131.01239609969852,31.22122509520293,182.39305658856497 131.01239839451614,31.221223948489552,182.19193558818924 131.012400689084,31.221222801875808,181.98984941531967 131.01240298340431,31.22122165536051,181.7867985625804 131.0124052774795,31.221220508942487,181.5827835206012 131.0124075713119,31.221219362620545,181.37780478398324 131.01240986490404,31.221218216393424,181.17186284930887 131.01241215825834,31.221217070259897,180.96495821415013 131.01241445137728,31.2212159242187,180.7570913770667 131.01241674426345,31.221214778268536,180.54826283661325 131.01241903691934,31.221213632408134,180.33847309133964 131.01242132934755,31.22121248663617,180.12772264078416 131.0124236215507,31.22121134095132,179.91601198547363 131.01242591353144,31.22121019535225,179.70334162294807 131.01242820529237,31.22120904983764,179.48971205273105 131.01243049683617,31.22120790440611,179.2751237683764 131.0124327881654,31.22120675905633,179.05957726840373 131.01243507928282,31.22120561378692,178.84307304536344 131.01243737019112,31.221204468596515,178.62561159478335 131.0124396608929,31.22120332348376,178.40719340224672 131.01244195139094,31.22120217844727,178.18781895730837 131.0124442416878,31.221201033485706,177.9674887445486 131.0124465317861,31.221199888597663,177.74620324754875 131.01244882168868,31.22119874378184,177.5239629389525 131.01245111139795,31.22119759903683,177.30076829636928 131.01245340091663,31.221196454361326,177.07661978845755 131.01245569024726,31.22119530975398,176.85151788486598 131.01245797939245,31.22119416521348,176.62546304231725 131.01246026835463,31.22119302073851,176.39845571951787 131.0124625571364,31.221191876327776,176.17049636821224 131.01246484574023,31.221190731980023,175.9415854302016 131.0124671341684,31.22118958769398,175.7117233492701 131.0124694224234,31.221188443468417,175.4809105562767 131.01247171050753,31.22118729930212,175.24914748008885 131.01247399842305,31.221186155193905,175.0164345386357 131.0124762861722,31.22118501114261,174.782772150837 131.01247857375708,31.221183867147115,174.54816072069855 131.01248086117982,31.221182723206315,174.31260064327745 131.01248314844244,31.221181579319136,174.07609231462027 131.01248543554695,31.22118043548457,173.83863611486672 131.0124877224952,31.221179291701585,173.60023242117057 131.0124900092889,31.22117814796925,173.36088159875473 131.01249229592997,31.221177004286645,173.1205840019042 131.0124945824199,31.22117586065288,172.87933998589426 131.01249686876028,31.22117471706713,172.6371498881062 131.0124991549526,31.221173573528606,172.39401403498255 131.01250144099825,31.22117243003657,172.14993275196963 131.0125037268984,31.221171286590348,171.90490634462955 131.0125060126543,31.221170143189266,171.658935117528 131.01250829826702,31.22116899983276,171.4120193613109 131.01251058373748,31.221167856520285,171.1641593536991 131.0125128690665,31.221166713251367,170.91535536644605 131.01251515425488,31.221165570025576,170.66560765639255 131.0125174393032,31.221164426842563,170.4149164734173 131.01251972421198,31.221163283702023,170.1632820544747 131.0125220089815,31.22116214060369,169.91070462756932 131.0125242936122,31.22116099754741,169.65718440479867 131.01252657810403,31.22115985453308,169.40272159129904 131.01252886245712,31.221158711560605,169.14731638027592 131.0125311466712,31.22115756863003,168.89096895300253 131.0125334307461,31.221156425741444,168.63367947782754 131.01253571468135,31.221155282894976,168.37544811415043 131.0125379984765,31.22115414009088,168.11627501043296 131.01254028213077,31.221152997329423,167.85616029724184 131.01254256564343,31.22115185461098,167.5951041031522 131.01254484901347,31.221150711935973,167.3331065388437 131.0125471322398,31.22114956930492,167.0701677050526 131.0125494153212,31.221148426718383,166.80628769157804 131.01255169825623,31.221147284177043,166.54146657728117 131.0125539810434,31.22114614168161,166.27570442610994 131.01255626368106,31.221144999232905,166.00900129604415 131.01255854616733,31.22114385683177,165.7413572321383 131.01256082850028,31.22114271447917,165.4727722665215 131.01256311067783,31.221141572176137,165.2032464164093 131.01256539269772,31.22114042992373,164.9327796970246 131.0125676745576,31.22113928772313,164.66137210171968 131.0125699562549,31.22113814557557,164.38902362483563 131.012572237787,31.221137003482355,164.11573424381228 131.0125745191511,31.22113586144488,163.84150392515104 131.0125768003442,31.2211347194646,163.5663326303793 131.01257908136324,31.22113357754304,163.29022030809796 131.01258136220503,31.221132435681792,163.01316690093978 131.01258364286616,31.22113129388253,162.73517233364154 131.0125859233432,31.22113015214697,162.45623653888643 131.01258820363253,31.221129010476936,162.1763594264918 131.01259048373043,31.221127868874287,161.89554090030683 131.012592763633,31.221126727340952,161.61378086318112 131.0125950433363,31.22112558587892,161.3310792030498 131.0125973228362,31.22112444449024,161.04743580883675 131.01259960212852,31.22112330317704,160.7628505575337 131.01260188120895,31.221122161941487,160.47732331519285 131.01260416007304,31.2211210207858,160.1908539518364 131.01260643871632,31.221119879712266,159.90344232953052 131.01260871713413,31.2211187387232,159.61508829940166 131.0126109953218,31.22111759782098,159.32579171555253 131.01261327327452,31.22111645700804,159.03555242412813 131.01261555098748,31.22111531628685,158.7443702682868 131.01261782845563,31.221114175659896,158.45224508620998 131.012620105674,31.22111303512973,158.1591767170679 131.01262238263757,31.22111189469896,157.8651649940612 131.01262465934107,31.221110754370148,157.57020975237148 131.01262693577945,31.221109614145966,157.2743108231993 131.01262921194743,31.22110847402908,156.9774680367444 131.0126314874335,31.22110733422621,156.6797446200746 131.0126337622428,31.221106194734848,156.3811391900262 131.0126360361982,31.221105055644056,156.08167880907217 131.01263830915147,31.221103917028287,155.78138618872333 131.01264058095433,31.22110277896216,155.48028422341406 131.01264285145822,31.22110164152033,155.17839597757958 131.0126451205147,31.221100504777496,154.8757446975868 131.0126473879752,31.221099368808343,154.5723537670096 131.0126496536913,31.22109823368755,154.2682467354534 131.01265191751477,31.22109709948967,153.96344727780627 131.0126541792976,31.221095966289173,153.65797920318658 131.01265643889215,31.22109483416036,153.35186643506455 131.0126586961511,31.22109370317729,153.04513301126568 131.0126609509278,31.22109257341385,152.7378030561403 131.01266320307593,31.22109144494362,152.4299007905069 131.01266545245,31.22109031783988,152.12145050779628 131.01266769890506,31.221089192175505,151.81247657007964 131.01266994229707,31.221088068023064,151.5030033951484 131.01267218248287,31.22108694545465,151.19305544359332 131.01267441932015,31.22108582454192,150.88265721085534 131.01267665266755,31.221084705355977,150.57183321828123 131.0126788823849,31.221083587967456,150.2606080011977 131.01268110833317,31.221082472446408,149.94900608903347 131.01268333037444,31.221081358862257,149.63705201923557 131.0126855483721,31.22108024728381,149.324770295526 131.01268776219092,31.221079137779213,149.01218539485836 131.01268997169709,31.22107803041592,148.6993217594696 131.0126921767581,31.2210769252606,148.3862037799822 131.0126943772431,31.22107582237924,148.07285577950233 131.01269657302277,31.221074721836988,147.75930201461577 131.01269876396947,31.2210736236982,147.44556666147204 131.01270094995715,31.22107252802636,147.1316737978943 131.01270313086164,31.22107143488414,146.8176474063629 131.01270530656035,31.22107034433325,146.50351135413632 131.01270747693263,31.22106925643455,146.1892893813236 131.01270964185974,31.22106817124791,145.87500510486214 131.01271180122478,31.22106708883225,145.56068199565647 131.01271395491284,31.22106600924552,145.24634337261443 131.01271610281103,31.221064932544657,144.93201239469715 131.01271824480853,31.221063858785605,144.61771205495438 131.0127203807963,31.22106278802324,144.3034651666105 131.01272251066783,31.221061720311383,143.98929434815375 131.01272463431843,31.22106065570284,143.67522203625947 131.01272675164563,31.22105959424928,143.36127045298866 131.01272886254918,31.22105853600129,143.0474616127456 131.01273096693103,31.221057481008376,142.73381730935677 131.01273306469523,31.221056429318903,142.42035911308824 131.0127351557482,31.221055380980143,142.107108350767 131.01273723999856,31.221054336038208,141.7940861147258 131.01273931735713,31.22105329453808,141.48131324590548 131.01274138773715,31.22105225652361,141.16881032987953 131.01274345105406,31.221051222037463,140.85659768890085 131.01274550722556,31.2210501911212,140.5446953799144 131.01274755617172,31.2210491638152,140.23312318064032 131.0127495978148,31.22104814015868,139.92190060050748 131.01275163207947,31.221047120189724,139.61104685182792 131.0127536588927,31.221046103945216,139.30058086172352 131.01275567818368,31.221045091460937,138.99052126616144 131.01275768988395,31.221044082771467,138.6808863920624 131.01275969392736,31.22104307791024,138.37169427618457 131.01276169024993,31.22104207690957,138.06296263530447 131.01276367879004,31.221041079800617,137.75470888510085 131.01276565948837,31.22104008661339,137.44695012226242 131.0127676322877,31.22103909737677,137.13970312349346 131.0127695971332,31.221038112118528,136.83298435147577 131.01277155397224,31.221037130865287,136.52680994095292 131.01277350275433,31.22103615364259,136.2211956997223 131.0127754434311,31.22103518047487,135.91615711459866 131.01277737595657,31.22103421138546,135.61170933948443 131.0127793002866,31.22103324639664,135.30786719735772 131.01278121637947,31.22103228552956,135.00464518026965 131.01278312419544,31.2210313288044,134.70205744636243 131.01278502369675,31.221030376240176,134.40011782086123 131.0127869148479,31.221029427854976,134.09883979607386 131.01278879761534,31.221028483665823,133.7982365284066 131.01279067196737,31.221027543688727,133.49832083637543 131.01279253787447,31.2210266079387,133.1991052145204 131.012794395309,31.221025676429765,132.90060181352476 131.0127962442453,31.221024749175,132.60282245512306 131.01279808465952,31.221023826186467,132.30577862911792 131.0127999165298,31.221022907475348,132.00948148343963 131.0128017398359,31.221021993051863,131.7139418460116 131.01280355455975,31.221021082925336,131.41917021381462 131.01280536068475,31.221020177104183,131.1251767578565 131.01280715819607,31.22101927559596,130.83197131819995 131.01280894708083,31.221018378407305,130.53956342085948 131.0128107273277,31.221017485544063,130.2479622638835 131.01281249892688,31.221016597011207,129.9571767322635 131.01281426187035,31.22101571281293,129.66721539495026 131.01281601615173,31.221014832952584,129.37808650683996 131.01281776176603,31.22101395743275,129.08979800976786 131.01281949870992,31.221013086255223,128.80235754443385 131.01282122698157,31.221012219421063,128.51577244145557 131.01282294658054,31.22101135693058,128.2300497313065 131.0128246575079,31.22101049878336,127.94519615226724 131.0128263597661,31.22100964497828,127.66121814247155 131.012828053359,31.221008795513526,127.37812185580896 131.0128297382917,31.221007950386618,127.09591314999568 131.01283141457077,31.22100710959438,126.81459761341128 131.01283308220394,31.22100627313303,126.53418053925256 131.01283474144444,31.22100544087508,126.25461451898248 131.01283639228566,31.22100461282402,125.97590760877216 131.01283803483395,31.22100378892635,125.6980435906668 131.01283966917526,31.221002969138908,125.42101052642548 131.01284129539405,31.221002153419217,125.1447966397794 131.01284291357345,31.22100134172552,124.86939035420212 131.0128445237952,31.22100053401675,124.59478028495988 131.01284612613964,31.220999730252508,124.32095522917083 131.01284772068573,31.22099893039312,124.04790416879004 131.0128493075112,31.220998134399537,123.77561626464608 131.0128508866925,31.220997342233368,123.5040808445128 131.01285245830462,31.22099655385684,123.23328741901626 131.0128540224216,31.220995769232832,122.96322565678452 131.01285557911612,31.2209949883248,122.69388539240072 131.01285712845964,31.2209942110968,122.42525662441687 131.01285867052252,31.22099343751352,122.1573295044196 131.01286020537395,31.220992667540155,121.89009434100772 131.012861733082,31.22099190114252,121.62354159184108 131.01286325371368,31.220991138286955,121.35766186364104 131.01286476733483,31.220990378940343,121.09244590821592 131.01286627401035,31.22098962307008,120.82788462146712 131.0128677738041,31.220988870644128,120.56396903245644 131.01286926677875,31.220988121630903,120.30069031632856 131.0128707529962,31.22098737599938,120.03803977443152 131.01287223251728,31.220986633719,119.7760088442582 131.0128737054018,31.220985894759643,119.5145890924883 131.01287517170874,31.220985159091725,119.25377221001966 131.0128766314961,31.22098442668609,118.99355001395595 131.01287808482104,31.220983697514043,118.73391444363254 131.01287953173977,31.22098297154733,118.4748575576342 131.01288097230758,31.220982248758155,118.2163715308142 131.01288240657908,31.220981529119115,117.95844865528844 131.01288383460786,31.220980812603266,117.70108133646109 131.01288525644685,31.220980099184032,117.44426209004148 131.0128866721481,31.22097938883526,117.1879835450286 131.01288808176287,31.22097868153121,116.93223842879964 131.01288948534165,31.22097797724652,116.67701958599852 131.01289088293416,31.220977275956184,116.42231995666668 131.01289227458946,31.22097657763562,116.16813258618464 131.0128936603558,31.220975882260564,115.91445061831412 131.01289504028068,31.22097518980713,115.66126729420488 131.012896414411,31.22097450025182,115.40857595537663 131.012897782793,31.2209738135714,115.1563700367617 131.01289914547212,31.22097312974303,114.90464306670576 131.01290050249318,31.220972448744217,114.65338866398604 131.01290185390036,31.22097177055277,114.40260053880556 131.01290319973722,31.220971095146822,114.15227249279395 131.01290454004675,31.220970422504816,113.9023984110558 131.01290587487117,31.22096975260549,113.65297226415854 131.0129072042523,31.220969085427924,113.40398811211 131.0129085282312,31.22096842095145,113.15544009441705 131.01290984684843,31.220967759155727,112.90732243406354 131.01291116014403,31.22096710002068,112.65962943254 131.0129124681574,31.220966443526503,112.41235547282612 131.0129137709274,31.2209657896537,112.1654950124327 131.0129150684924,31.220965138383008,111.91904259036096 131.0129163608903,31.22096448969544,111.67299281815583 131.01291764815835,31.22096384357226,111.42734038288891 131.01291893033337,31.220963199995023,111.18208004119414 131.01292020745169,31.22096255894548,110.93720663020336 131.01292147954916,31.220961920405657,110.69271504865928 131.0129227466611,31.22096128435781,110.44860027182636 131.01292400882247,31.22096065078444,110.20485733956345 131.01292526606767,31.220960019668247,109.96148136029912 131.0129265184308,31.2209593909922,109.71846751202712 131.01292776594522,31.22095876473948,109.4758110383299 131.0129290086442,31.220958140893448,109.2335072404266 131.01293024656036,31.22095751943772,108.99155149109026 131.01293147972603,31.22095690035609,108.74993922470765 131.01293270817317,31.220956283632592,108.50866593628508 131.0129339319331,31.220955669251406,108.26772718045518 131.01293515103708,31.220955057196967,108.0271185734652 131.0129363655157,31.220954447453863,107.78683579118868 131.01293757539935,31.22095384000691,107.54687456912656 131.01293878071803,31.220953234841044,107.30723069843036 131.01293998150126,31.22095263194146,107.06790002490916 131.0129411777784,31.22095203129348,106.82887845300588 131.01294236957833,31.22095143288261,106.590161941821 131.0129435569296,31.220950836694527,106.35174650908904 131.01294473986044,31.220950242715087,106.11362821825648 131.0129459183988,31.220949650930315,105.87580318842264 131.01294709257223,31.220949061326365,105.63826759235124 131.01294826240803,31.2209484738896,105.40101765348884 131.0129494279332,31.22094788860646,105.16404964695928 131.0129505891744,31.22094730546362,104.92735989260515 131.012951746158,31.220946724447856,104.69094476691669 131.01295289891007,31.22094614554611,104.45480069110374 131.01295404745645,31.22094556874545,104.21892413407772 131.0129551918226,31.2209449940331,103.98331161344656 131.01295633203387,31.22094442139641,103.7479596875612 131.01295746811516,31.220943850822863,103.5128649714218 131.01295860009125,31.220943282300084,103.27802411480876 131.0129597279866,31.220942715815816,103.04343381918105 131.01296085182543,31.220942151357946,102.80909082873036 131.0129619716317,31.22094158891446,102.57499192739904 131.01296308742917,31.2209410284735,102.34113394385108 131.0129641992413,31.220940470023272,102.10751375445336 131.01296530709135,31.22093991355217,101.87412826538412 131.01296641100245,31.22093935904862,101.64097443748337 131.01296751099727,31.220938806501245,101.40804926637269 131.01296860709854,31.22093825589872,101.17534978146142 131.01296969932855,31.220937707229847,100.94287306185068 131.01297078770955,31.220937160483544,100.7106162194362 131.01297187226345,31.2209366156488,100.47857640984172 131.01297295301202,31.22093607271472,100.2467508194968 131.0129740299769,31.220935531670527,100.0151366795544 131.01297510317943,31.220934992505526,99.78373124998544 131.0129761726408,31.22093445520912,99.55253183846612 131.01297723838195,31.220933919770783,99.32153577652085 131.01297830042387,31.22093338618013,99.0907404413918 131.01297935878708,31.22093285442681,98.86014323615728 131.01298041349207,31.220932324500584,98.6297416076259 131.0129814645592,31.22093179639131,98.39953303341302 131.0129825120085,31.22093127008892,98.16951501697127 131.0129835558601,31.22093074558344,97.93968511045357 131.01298459613366,31.22093022286493,97.71004088190956 131.0129856328489,31.220929701923584,97.48057994610176 131.01298666602534,31.220929182749654,97.25129994064751 131.01298769568234,31.220928665333464,97.02219854093102 131.01298872183904,31.22092814966541,96.79327344717996 131.01298974451456,31.220927635735976,96.5645223954004 131.01299076372774,31.22092712353572,96.33594314843108 131.01299177949744,31.220926613055223,96.1075335019065 131.0129927918423,31.2209261042852,95.87929127730013 131.01299380078072,31.22092559721637,95.65121433086976 131.01299480633116,31.22092509183959,95.423300543718 131.01299580851187,31.22092458814572,95.19554782378005 131.01299680734093,31.22092408612572,94.96795411079428 131.0129978028363,31.22092358577057,94.74051736934368 131.01299879501596,31.22092308707137,94.51323559382637 131.01299978389758,31.220922590019228,94.28610680447976 131.0130007694989,31.220922094605328,94.05912904638625 131.0130017518373,31.220921600820947,93.83230038947312 131.01300273093025,31.22092110865736,93.60561894044228 131.01300370679508,31.22092061810592,93.37908281493549 131.01300467944893,31.220920129158056,93.15269016934536 131.01300564890894,31.220919641805224,92.92643916900492 131.01300661519207,31.220919156038928,92.70032802198584 131.01300757831518,31.22091867185076,92.47435494430717 131.01300853829505,31.22091818923232,92.24851818478544 131.01300949514837,31.22091770817529,92.02281601410172 131.01301044889172,31.220917228671382,91.79724672579444 131.01301139954157,31.22091675071236,91.57180863725456 131.0130123471143,31.220916274290023,91.34650008276648 131.0130132916263,31.220915799396245,91.12131942941336 131.01301423309363,31.22091532602293,90.89626505819042 131.01301517153252,31.22091485416202,90.67133537394496 131.01301610695893,31.22091438380552,90.44652880338896 131.01301703938887,31.22091391494545,90.22184379609268 131.01301796883814,31.220913447573885,89.99727881951462 131.01301889532257,31.220912981682943,89.772832361984 131.0130198188578,31.220912517264807,89.54850293369476 131.01302073945945,31.220912054311665,89.32428906571145 131.01302165714307,31.22091159281576,89.10018930301095 131.01302257192407,31.220911132769373,88.87620221939356 131.0130234838179,31.220910674164816,88.65232640058385 131.0130243928398,31.220910216994447,88.42856045516542 131.01302529900502,31.220909761250688,88.20490300662908 131.01302620232863,31.22090930692596,87.98135270331235 131.0130271028258,31.220908854012706,87.75790820547773 131.01302800051147,31.220908402503465,87.53456819127689 131.01302889540057,31.220907952390768,87.31133136271478 131.013029787508,31.220907503667185,87.08819643173318 131.0130306768485,31.220907056325338,86.86516213412744 131.01303156343675,31.22090661035788,86.64222722060022 131.01303244728743,31.22090616575748,86.41939045676118 131.01303332841516,31.22090572251687,86.19665062412157 131.01303420683445,31.22090528062878,85.974006525064 131.01303508255967,31.220904840086,85.75145697389677 131.01303595560523,31.220904400881345,85.52900080381113 131.01303682598547,31.22090396300768,85.30663685893053 131.01303769371458,31.22090352645786,85.08436400623762 131.01303855880678,31.220903091224816,84.8621811196707 131.0130394212762,31.22090265730148,84.64008709205177 131.01304028113685,31.220902224680827,84.41808083210461 131.01304113840274,31.22090179335588,84.19616126544892 131.01304199308777,31.22090136331967,83.97432732366578 131.01304284520586,31.220900934565265,83.75257795821419 131.01304369477077,31.22090050708577,83.53091213744969 131.01304454179623,31.220900080874312,83.30932883370035 131.01304538629597,31.220899655924047,83.08782704613168 131.01304622828354,31.220899232228177,82.86640577688824 131.01304706777253,31.22089880977993,82.64506404501078 131.01304790477644,31.220898388572543,82.42380087947805 131.0130487393087,31.22089796859931,82.20261532517088 131.01304957138268,31.22089754985353,81.98150644585486 131.01305040101167,31.220897132328563,81.76047330330438 131.01305122820898,31.22089671601777,81.53951498513747 131.01305205298775,31.22089630091456,81.3186305809571 131.01305287536113,31.22089588701235,81.09781919925138 131.0130536953422,31.220895474304616,80.87707995745214 131.01305451294397,31.220895062784844,80.65641198292961 131.0130553281794,31.220894652446542,80.43581441696865 131.01305614106138,31.220894243283286,80.21528641278003 131.01305695160272,31.220893835288635,79.99482713550142 131.0130577598162,31.220893428456208,79.77443575325027 131.0130585657146,31.220893022779634,79.55411145501684 131.01305936931053,31.220892618252574,79.3338534357537 131.01306017061657,31.22089221486874,79.11366090035213 131.01306096964527,31.220891812621858,78.89353306364161 131.01306176640912,31.22089141150568,78.67346915635454 131.0130625609205,31.220891011514,78.45346840922122 131.01306335319182,31.220890612640616,78.2335300718574 131.0130641432353,31.220890214879383,78.01365339884661 131.01306493106327,31.2208898182242,77.7938376557056 131.01306571668783,31.220889422668925,77.57408211888352 131.01306650012114,31.22088902820754,77.3543860697983 131.0130672813752,31.22088863483397,77.13474880378227 131.0130680604621,31.22088824254224,76.91516962213079 131.01306883739366,31.22088785132636,76.69564783707187 131.01306961218182,31.2208874611804,76.47618276679617 131.0130703848384,31.220887072098428,76.2567737424156 131.01307115537503,31.220886684074586,76.03742009901603 131.01307192380355,31.220886297103,75.81812118361094 131.01307269013554,31.22088591117785,75.5988763461939 131.01307345438252,31.22088552629336,75.37968495564448 131.013074216556,31.220885142443773,75.16054637288755 131.01307497666738,31.220884759623345,74.94145998369832 131.01307573472815,31.220884377826383,74.72242516689187 131.0130764907495,31.22088399704723,74.50344131917491 131.01307724474273,31.220883617280244,74.28450784222282 131.013077996719,31.22088323851984,74.06562413969775 131.01307874668947,31.220882860760423,73.84678962917708 131.0130794946651,31.22088248399648,73.62800373519545 131.01308024065705,31.22088210822246,73.40926588626182 131.01308098467604,31.220881733432943,73.19057551784269 131.01308172673308,31.220881359622464,72.97193207534347 131.01308246683885,31.22088098678561,72.75333500615643 131.0130832050042,31.220880614917004,72.53478376960115 131.01308394123973,31.2208802440113,72.31627782996651 131.01308467555603,31.2208798740632,72.09781665750407 131.0130854079636,31.220879505067423,71.87939972246419 131.01308613847297,31.22087913701872,71.66102651497745 131.0130868670945,31.22087876991188,71.44269651920833 131.01308759383855,31.220878403741708,71.22440923323761 131.01308831871535,31.22087803850308,71.0061641571323 131.01308904173507,31.22087767419088,70.7879607999054 131.01308976290787,31.22087731080004,70.56979866858013 131.01309048224385,31.2208769483255,70.35167728608376 131.01309119975295,31.220876586762248,70.13359617534243 131.01309191544507,31.22087622610533,69.91555486723347 131.01309262933012,31.2208758663498,69.69755289660965 131.01309334141783,31.220875507490742,69.47958980031058 131.01309405171796,31.220875149523287,69.2616651300857 131.0130947602401,31.2208747924426,69.04377843271325 131.0130954669939,31.220874436243875,68.82592926988136 131.01309617198876,31.22087408092236,68.60811719731244 131.01309687523425,31.220873726473304,68.39034178265695 131.01309757673957,31.22087337289201,68.17260260151683 131.01309827651417,31.22087302017384,67.95489922651065 131.0130989745672,31.22087266831414,67.73723123820872 131.01309967090776,31.22087231730834,67.51959822513278 131.01310036554503,31.220871967151872,67.3019997787858 131.01310105848796,31.220871617840217,67.08443548967591 131.01310174974554,31.22087126936888,66.86690496322116 131.0131024393266,31.220870921733447,66.64940779788014 131.0131031272399,31.22087057492947,66.43194360702167 131.0131038134942,31.220870228952588,66.21451200103154 131.0131044980982,31.220869883798457,65.99711259625869 131.0131051810604,31.22086953946276,65.7797450160101 131.01310586238935,31.220869195941248,65.56240888657386 131.01310654209348,31.22086885322969,65.34510383523141 131.01310722018113,31.22086851132388,65.12782949721557 131.0131078966606,31.22086817021964,64.91058551074111 131.01310857154016,31.22086782991288,64.69337151600956 131.0131092448279,31.22086749039949,64.47618716018025 131.01310991653187,31.22086715167542,64.2590320924002 131.01311058666013,31.220866813736663,64.04190596479745 131.01311125522062,31.22086647657924,63.824808432481575 131.01311192222113,31.22086614019919,63.607739161496205 131.01311258766947,31.220865804592624,63.39069781191983 131.0131132515734,31.22086546975568,63.17368405078863 131.0131139139405,31.22086513568449,62.95669755309055 131.01311457477837,31.22086480237529,62.73973798884239 131.01311523409447,31.22086446982432,62.5228050419776 131.01311589189626,31.220864138027828,62.30589838748159 131.01311654819108,31.22086380698214,62.089017716245145 131.0131172029862,31.2208634766836,61.87216271319311 131.01311785628883,31.2208631471286,61.65533306921428 131.01311850810612,31.22086281831355,61.43852848016737 131.01311915844508,31.220862490234907,61.22174864489239 131.0131198073128,31.22086216288916,61.00499326322301 131.01312045471613,31.220861836272835,60.78826203996228 131.01312110066192,31.2208615103825,60.57155467991284 131.01312174515698,31.22086118521476,60.35487089781734 131.013122388208,31.22086086076624,60.138210402453474 131.01312302982163,31.2208605370336,59.92157291055065 131.01312367000443,31.22086021401357,59.70495814281416 131.01312430876288,31.220859891702865,59.48836581994868 131.01312494610343,31.22085957009828,59.27179566464614 131.01312558203244,31.22085924919659,59.05524741252156 131.01312621655617,31.22085892899469,58.83872078228911 131.01312684968087,31.22085860948944,58.62221551552695 131.01312748141268,31.22085829067773,58.405731343871466 131.01312811175768,31.22085797255655,58.18926800492292 131.01312874072187,31.22085765512285,57.972825246222165 131.01312936831127,31.22085733837368,57.75640280536836 131.01312999453165,31.22085702230605,57.54000043089496 131.01313061938893,31.220856706917072,57.32361787034086 131.0131312428888,31.22085639220386,57.10725487720902 131.01313186503688,31.22085607816356,56.89091120301362 131.01313248583887,31.220855764793374,56.67458660423868 131.01313310530034,31.220855452090493,56.45828084134393 131.0131337234267,31.2208551400522,56.24199367280056 131.0131343402234,31.22085482867575,56.02572486801417 131.01313495569576,31.22085451795849,55.80947418843712 131.01313556984914,31.220854207897737,55.59324140148567 131.01313618268873,31.22085389849088,55.37702628153422 131.01313679421966,31.220853589735345,55.16082859997455 131.0131374044471,31.22085328162857,54.944648131180045 131.01313801337605,31.22085297416801,54.72848465548815 131.0131386210115,31.2208526673512,54.51233794826543 131.01313922735835,31.22085236117567,54.29620779581296 131.01313983242147,31.220852055638968,54.08009398045495 131.0131404362057,31.22085175073869,53.863996292467775 131.01314103871573,31.220851446472487,53.64791451318061 131.01314163995625,31.22085114283801,53.4318484398277 131.01314223993185,31.22085083983293,53.21579786367806 131.0131428386472,31.220850537454982,52.999762576994605 131.01314343610673,31.22085023570189,52.78374238198048 131.01314403231487,31.22084993457143,52.56773707288573 131.01314462727606,31.22084963406141,52.351746453900994 131.01314522099463,31.22084933416964,52.13577032722824 131.01314581347492,31.22084903489401,51.919808499045246 131.01314640472103,31.22084873623236,51.70386077851184 131.01314699473733,31.22084843818264,51.48792696981669 131.0131475835278,31.22084814074276,51.2720068880834 131.01314817109653,31.22084784391068,51.05610034644685 131.01314875744762,31.220847547684407,50.84020716002957 131.01314934258497,31.220847252061954,50.62432714494808 131.01314992651257,31.220846957041346,50.40846012328266 131.01315050923424,31.22084666262065,50.192605911148895 131.0131510907539,31.220846368797968,49.97676433559712 131.01315167107515,31.220846075571387,49.76093521970059 131.01315225020187,31.220845782939072,49.54511839150302 131.01315282813775,31.22084549089917,49.329313679047445 131.01315340488637,31.22084519944986,49.11352091037661 131.01315398045136,31.22084490858935,48.89773992148586 131.01315455483623,31.220844618315887,48.68197054439349 131.01315512804456,31.220844328627685,48.46621261608812 131.01315570007975,31.220844039523044,48.25046597256394 131.01315627094527,31.22084375100025,48.03473045478517 131.01315684064448,31.220843463057623,47.81900590371556 131.0131574091807,31.22084317569349,47.60329215932483 131.01315797655727,31.22084288890621,47.387589070528726 131.01315854277743,31.22084260269416,47.17189648326086 131.01315910784444,31.220842317055727,46.95621424544237 131.01315967176149,31.22084203198932,46.7405422049941 131.01316023453165,31.22084174749339,46.52488021778974 131.01316079615813,31.220841463566376,46.309228130755066 131.01316135664396,31.220841180206744,46.09358580473373 131.0131619159922,31.220840897412973,45.87795309261558 131.01316247420584,31.220840615183583,45.66232985623752 131.0131630312879,31.220840333517085,45.4467159534596 131.01316358724128,31.22084005241201,45.231111246117855 131.01316414206892,31.22083977186693,45.01551559903064 131.01316469577372,31.2208394918804,44.79992887602146 131.01316524835855,31.220839212450976,44.584350943896354 131.0131657998262,31.220838933577305,44.368781670454666 131.01316635017943,31.22083865525796,44.15322092548408 131.0131668994211,31.220838377491592,43.93766858075999 131.01316744755388,31.220838100276826,43.72212451004578 131.01316799458053,31.22083782361232,43.50658858710448 131.01316854050373,31.22083754749673,43.29106068768728 131.01316908532613,31.220837271928755,43.07554069350945 131.0131696290504,31.22083699690707,42.86002847733929 131.01317017167912,31.220836722430377,42.64452392586213 131.01317071321495,31.220836448497405,42.429026917810376 131.0131712536604,31.220836175106857,42.21353733788058 131.01317179301807,31.220835902257488,41.99805507375164 131.01317233129046,31.220835629948024,41.782580009125645 131.01317286848015,31.220835358177247,41.56711203466315 131.01317340458957,31.2208350869439,41.35165104102455 131.01317393962125,31.220834816246768,41.13619691489346 131.01317447357755,31.22083454608464,40.92074955488271 131.01317500646104,31.22083427645628,40.705308854634296 131.0131755382741,31.22083400736052,40.489874706795845 131.01317606901912,31.220833738796145,40.27444701097359 131.01317659869855,31.22083347076199,40.05902566577933 131.01317712731472,31.22083320325685,39.84361057280709 131.01317765487002,31.2208329362796,39.62820163066835 131.0131781813668,31.22083266982904,39.41279874294473 131.01317870680745,31.22083240390401,39.197401817194354 131.01317923119427,31.220832138503365,38.982010756998605 131.0131797545296,31.22083187362597,38.766625468920914 131.01318027681577,31.220831609270668,38.55124586250688 131.01318079805495,31.220831345436324,38.33587184929018 131.01318131824968,31.22083108212181,38.12050333881612 131.01318183740207,31.22083081932599,37.905140245600286 131.01318235551443,31.22083055704776,37.68978248018158 131.01318287258908,31.220830295285968,37.47442996204585 131.01318338862822,31.220830034039533,37.259082606702336 131.01318390363417,31.220829773307305,37.04374033264229 131.01318441760915,31.220829513088194,36.82840305835688 131.01318493055544,31.220829253381083,36.613070704325295 131.01318544247525,31.220828994184863,36.39774319500318 131.01318595337085,31.220828735498447,36.18242045186343 131.01318646324444,31.22082847732071,35.9671024003553 131.0131869720983,31.22082821965056,35.751788965928014 131.0131874799347,31.2208279624869,35.53648007303633 131.01318798675575,31.220827705828626,35.32117565707038 131.01318849256376,31.22082744967464,35.10587564149036 131.01318899736094,31.220827194023848,34.8905799616862 131.01318950114955,31.22082693887513,34.67528854608847 131.01319000393175,31.22082668422743,34.460001331080754 131.01319050570984,31.220826430079608,34.24471824906984 131.013191006486,31.2208261764306,34.029439237433195 131.01319150626247,31.220825923279296,33.81416423056558 131.0131920050415,31.22082567062459,33.59889316882647 131.0131925028253,31.220825418465385,33.383625992575155 131.01319299961608,31.220825166800573,33.168362641176714 131.0131934954161,31.220824915629063,32.95310305598428 131.01319399022762,31.22082466494975,32.73784717934502 131.01319448405283,31.220824414761527,32.52259495658838 131.01319497689403,31.220824165063306,32.30734633204941 131.01319546875342,31.220823915853927,32.09210125304565 131.0131959596333,31.22082366713233,31.87685966291776 131.01319644953583,31.2208234188974,31.661621513953623 131.0131969384634,31.220823171147984,31.44638675545857 131.01319742641817,31.220822923883,31.23115533673771 131.01319791340248,31.22082267710132,31.0159272100786 131.0131983994185,31.220822430801825,30.80070232677445 131.0131988844686,31.22082218498337,30.58548064308898 131.013199368555,31.22082193964487,30.370262110315256 131.01319985168007,31.22082169478516,30.155046686705138 131.013200333846,31.22082145040313,29.939834328521982 131.01320081505511,31.22082120649763,29.724624995011627 131.01320129530976,31.220820963067528,29.509418641443183 131.01320177461218,31.22082072011169,29.294215229050536 131.01320225296473,31.22082047762896,29.079014720061505 131.01320273036967,31.22082023561821,28.863817075709736 131.0132032068294,31.22081999407828,28.648622256234663 131.0132036823462,31.220819753008016,28.433430227840464 131.0132041569224,31.22081951240627,28.2182409537488 131.01320463056035,31.22081927227189,28.00305439916947 131.01320510326235,31.22081903260369,27.78787053130054 131.01320557503084,31.22081879340056,27.57268931634583 131.0132060458681,31.220818554661257,27.35751072249729 131.01320651577652,31.220818316384687,27.142334718941125 131.0132069847584,31.220818078569632,26.927161277845663 131.01320745281615,31.22081784121495,26.711990366408536 131.01320791995218,31.22081760431944,26.49682195679814 131.0132083861688,31.22081736788193,26.28165602416501 131.01320885146845,31.220817131901264,26.06649253670073 131.01320931585343,31.22081689637622,25.851331473532348 131.0132097793262,31.22081666130564,25.63617280583376 131.01321024188908,31.220816426688327,25.4210165107437 131.01321070354453,31.22081619252309,25.20586256440648 131.01321116429492,31.22081595880875,24.99071094296657 131.01321162414263,31.22081572554412,24.77556162555076 131.0132120830901,31.220815492727965,24.560414592279862 131.0132125411397,31.220815260359142,24.345269818303983 131.01321299829385,31.220815028436423,24.13012728772045 131.01321345455491,31.22081479695863,23.91498697866165 131.01321390992535,31.220814565924552,23.69984887423072 131.0132143644075,31.220814335333,23.484712958524806 131.01321481800386,31.220814105182768,23.269579209676184 131.01321527071676,31.22081387547267,23.05444761476441 131.0132157225486,31.22081364620149,22.839318157886524 131.01321617350183,31.22081341736805,22.624190823139507 131.0132166235788,31.22081318897115,22.409065593626305 131.01321707278197,31.22081296100958,22.193942460402727 131.0132175211137,31.220812733482145,21.978821408559966 131.01321796857636,31.220812506387663,21.763702422194747 131.01321841517233,31.22081227972496,21.5485854943514 131.01321886090406,31.2208120534928,21.33347061012068 131.01321930577384,31.220811827690024,21.11835776453512 131.01321974978407,31.220811602315447,20.903246939703127 131.01322019293718,31.22081137736788,20.68813813165116 131.01322063523543,31.22081115284616,20.47303132646424 131.01322107668125,31.22081092874908,20.25792652116295 131.0132215172769,31.22081070507549,20.042823703820503 131.01322195702477,31.220810481824223,19.827722869469163 131.01322239592716,31.22081025899412,19.61262400916455 131.01322283398636,31.22081003658401,19.397527118933013 131.01322327120468,31.220809814592748,19.182432192812644 131.01322370758444,31.220809593019176,18.967339223847247 131.0132241431279,31.22080937186217,18.75224820607486 131.01322457783726,31.220809151120605,18.537159138504272 131.01322501171484,31.22080893079333,18.322072015173354 131.0132254447628,31.22080871087924,18.10698683608509 131.0132258769834,31.220808491377216,17.891903594283217 131.0132263083788,31.220808272286167,17.67682228977062 131.0132267389512,31.220808053605,17.461742916585205 131.01322716870274,31.22080783533261,17.24666547870642 131.01322759763556,31.22080761746795,17.03158997216051 131.01322802575177,31.22080740000993,16.81651639695027 131.0132284530534,31.22080718295753,16.601444752084344 131.01322887954262,31.22080696630968,16.38637503955389 131.0132293052214,31.22080675006536,16.17130725836754 131.0132297300918,31.220806534223552,15.9562414085281 131.01323015415576,31.220806318783254,15.741177494015016 131.01323057741527,31.22080610374347,15.526115515825197 131.0132309998722,31.22080588910324,15.311055475949788 131.01323142152856,31.2208056748616,15.095997376379886 131.0132318423861,31.2208054610176,14.88094121811244 131.01323226244668,31.22080524757032,14.66588700910352 131.01323268171214,31.22080503451883,14.450834752338377 131.01323310018418,31.22080482186225,14.235784448813988 131.01323351786456,31.22080460959972,14.020736103503928 131.01323393475496,31.220804397730344,13.805689724364273 131.01323435085703,31.22080418625333,13.590645312392036 131.01323476617233,31.220803975167847,13.37560287653741 131.01323518070242,31.220803764473104,13.160562420779902 131.0132355944488,31.22080355416833,12.94552395009309 131.01323600741298,31.220803344252776,12.730487475415604 131.01323641959632,31.22080313472573,12.515452997744433 131.01323683100014,31.220802925586508,12.300420531994847 131.01323724162583,31.22080271683442,12.085390076181364 131.01323765147455,31.22080250846884,11.870361647207613 131.01323806054756,31.220802300489133,11.655335249053095 131.01323846884594,31.220802092894743,11.440310888679877 131.0132388763707,31.22080188568509,11.225288577026587 131.01323928312303,31.22080167885968,11.010268325031957 131.01323968910367,31.220801472418007,10.795250138663858 131.01324009431357,31.220801266359626,10.580234032837703 131.01324049875345,31.22080106068412,10.365220012527235 131.0132409024241,31.22080085539111,10.15020809264789 131.0132413053261,31.220800650480268,9.935198282150116 131.01324170746,31.220800445951287,9.72019059396104 131.01324210882632,31.220800241803904,9.505185038025315 131.0132425094253,31.220800038037915,9.290181626275956 131.0132429092574,31.22079983465313,9.07518037561679 131.01324330832267,31.22079963164948,8.860181294998393 131.01324370662124,31.22079942902686,8.645184396353805 131.01324410415307,31.22079922678526,8.430189699569471 131.01324450091803,31.220799024924727,8.215197215584343 131.01324489691584,31.220798823445367,8.000206956331532 131.0132452921461,31.220798622347328,7.785218942691725 131.01324568660843,31.22079842163083,7.570233185603949 131.01324608030205,31.22079822129616,7.3552497039605695 131.01324647322627,31.22079802134368,7.140268513671525 131.01324686539948,31.220797821764258,6.925289556084426 131.0132472568203,31.22079762255855,6.710312850091635 131.013247647496,31.220797423722946,6.495338382772286 131.01324803743233,31.220797225254543,6.280366142199608 131.01324842663513,31.220797027150496,6.065396122411854 131.01324881511005,31.22079682940793,5.8504283144647244 131.01324920286282,31.22079663202401,5.635462708419756 131.0132495898991,31.22079643499593,5.4204992963268 131.01324997622444,31.22079623832087,5.205538072224028 131.0132503618445,31.22079604199605,4.99057902617292 131.01325074676478,31.22079584601872,4.77562215221162 131.01325113099082,31.220795650386137,4.560667440401572 131.013251514528,31.22079545509556,4.345714883786713 131.0132518973817,31.220795260144328,4.130764474416813 131.01325227955746,31.22079506552973,3.9158162083183057 131.01325266106042,31.220794871249144,3.7008700725700425 131.01325304189595,31.220794677299903,3.4859260651867854 131.01325342206923,31.220794483679416,3.270984176229884 131.01325380158548,31.220794290385108,3.056044395760666 131.01325418044985,31.2207940974144,2.8411067207996816 131.01325455866737,31.220793904764754,2.626171142402408 131.01325493624313,31.22079371243366,2.411237652618485 131.0132553131821,31.220793520418628,2.196306246480068 131.01325568948923,31.2207933287172,1.98137691206006 131.0132560651694,31.22079313732693,1.7664496473731237 131.01325644022742,31.220792946245403,1.5515244434746605 131.01325681466815,31.22079275547023,1.3366012924142412 131.01325718849623,31.22079256499907,1.121680184253066 131.01325756171644,31.220792374829568,0.9067611160115588 131.01325793433327,31.220792184959425,0.6918440767567136 131.01325805075666,31.22079212302751,0.5264823459672657 131.01325828343892,31.220792005137817,0.4014870304333736 131.0132584211412,31.22079193119444,0.2772730694504902 131.01325865499447,31.22079184729653,0.1776115496702425 131.0132585772765,31.2207918146596,0.0922575233406645 131.01325880380165,31.2207917423372,0.0190718233644696</coordinates>
            </LineString>
        </Placemark>
        <Placemark id="1925">
            <name>flight_path</name>
            <styleUrl>#1926</styleUrl>
            <LineString id="1924">
                <altitudeMode>clampToGround</altitudeMode>
                <coordinates>131.010392,31.222216000000007,0.0 131.0103920000045,31.222215999991075,0.0 131.0103920000085,31.222215999994766,0.0 131.0103920000085,31.222215999994766,0.0 131.01039200000852,31.222215999994766,0.0 131.01039201539675,31.22221599246117,0.0 131.0103920617776,31.22221596990869,0.0 131.01039213193175,31.22221593580231,0.0 131.01039220552698,31.222215900001803,0.0 131.0103923261533,31.222215841380503,0.0 131.01039241011944,31.222215800500727,0.0 131.01039255023213,31.22221573238213,0.0 131.0103926908424,31.222215663995925,0.0 131.01039284206664,31.22221559043897,0.0 131.01039301222698,31.2222155076778,0.0 131.01039319835945,31.22221541714896,0.0 131.01039339622227,31.222215320908244,0.0 131.0103936086097,31.222215217601374,0.0 131.01039382835415,31.2222151107022,0.0 131.0103940692252,31.222214993537087,0.0 131.0103943154942,31.22221487372917,0.0 131.0103945800907,31.22221474501192,0.0 131.01039485370347,31.222214611898128,0.0 131.01039513986652,31.222214472675024,0.0 131.01039544418495,31.22221432462593,0.0 131.01039575462735,31.22221417358214,0.0 131.01039608061367,31.222214014978025,0.0 131.01039641907315,31.22221385030192,0.0 131.01039677261693,31.22221367828824,0.0 131.01039713608534,31.22221350143773,0.0 131.010397517966,31.22221331563664,0.0 131.01039790540767,31.22221312711366,0.0 131.01039830590005,31.22221293223868,0.0 131.01039871921526,31.222212731122088,0.0 131.01039914602634,31.222212523437697,0.0 131.0103995843797,31.222212310132328,0.0 131.01040002919007,31.222212093670787,0.0 131.010400488852,31.222211869984235,0.0 131.01040096154043,31.222211639957216,0.0 131.01040144391652,31.222211405208075,0.0 131.01040193996343,31.222211163806087,0.0 131.01040244347448,31.22221091875968,0.0 131.01040295825328,31.222210668225145,0.0 131.01040348638034,31.22221041119396,0.0 131.01040402793237,31.222210147628825,0.0 131.0104045774418,31.22220988018005,0.0 131.0104051377902,31.2222096074508,0.0 131.01040571307726,31.222209327453587,0.0 131.01040630329675,31.222209040191352,0.0 131.01040689520636,31.22220875208352,0.0 131.01040750096558,31.22220845723537,0.0 131.0104081214021,31.222208155245536,0.0 131.01040875222748,31.222207848192888,0.0 131.01040938861175,31.222207538419,0.0 131.0104100415545,31.222207220590928,0.0 131.01041070492113,31.22220689768276,0.0 131.0104113765162,31.222206570758807,0.0 131.01041206152644,31.222206238330703,0.0 131.01041275595318,31.22220590024304,0.0 131.01041346137723,31.2222055572539,0.0 131.0104141849824,31.22220520533609,0.0 131.01041491328348,31.22220485110589,0.0 131.01041565285288,31.22220449137321,0.0 131.0104164072384,31.22220412441231,0.0 131.01041717805356,31.22220374943584,0.0 131.01041794660432,31.22220337552638,0.0 131.01041872962503,31.22220299455138,0.0 131.01041953462695,31.222202602853297,0.0 131.01042034335717,31.222202209306555,0.0 131.0104211585177,31.222201812598268,0.0 131.0104219904114,31.2222014077122,0.0 131.01042283619947,31.222200996026263,0.0 131.0104236883113,31.222200581225835,0.0 131.010424549337,31.22220016204921,0.0 131.0104254257627,31.222199735333582,0.0 131.0104263178673,31.222199300939494,0.0 131.01042720963824,31.222198866672983,0.0 131.0104281189329,31.22219842382562,0.0 131.0104290384323,31.2221979759638,0.0 131.01042996706354,31.22219752361019,0.0 131.01043090291233,31.222197067698247,0.0 131.0104318573091,31.222196602694265,0.0 131.01043282070466,31.222196133258446,0.0 131.01043378711685,31.222195662313307,0.0 131.0104347709218,31.222195182833687,0.0 131.01043576880974,31.22219469643344,0.0 131.01043676635234,31.222194210165387,0.0 131.0104377789244,31.22219371651217,0.0 131.01043880436202,31.22219321652884,0.0 131.01043983746533,31.222192712757845,0.0 131.01044087896472,31.22219220484149,0.0 131.01044193281396,31.222191690843324,0.0 131.01044299804423,31.222191171235814,0.0 131.0104440677351,31.222190649406635,0.0 131.01044515204237,31.22219012038164,0.0 131.01044624878014,31.222189585229195,0.0 131.01044734868913,31.22218904848497,0.0 131.0104484660536,31.222188503149155,0.0 131.01044959128765,31.222187953917548,0.0 131.01045071935903,31.22218740325699,0.0 131.01045186529015,31.222186843802007,0.0 131.01045302023732,31.222186279886746,0.0 131.0104541832786,31.222185711963125,0.0 131.0104553584172,31.22218513806696,0.0 131.01045653961813,31.22218456115788,0.0 131.0104577278926,31.222183980739626,0.0 131.01045893412095,31.222183391472488,0.0 131.01046013795147,31.22218280334276,0.0 131.01046135998402,31.22218220624073,0.0 131.01046259246849,31.222181603968792,0.0 131.0104638269741,31.222181000665447,0.0 131.0104650717223,31.22218039229477,0.0 131.01046633961707,31.222179772520228,0.0 131.01046760649177,31.222179153206824,0.0 131.01046887383373,31.222178533625154,0.0 131.01047016932856,31.22217790017954,0.0 131.01047145680198,31.222177270633523,0.0 131.01047275738668,31.22217663460968,0.0 131.0104740881141,31.22217598374293,0.0 131.01047539435856,31.222175344861103,0.0 131.0104767305721,31.222174691221884,0.0 131.01047808272267,31.222174029716285,0.0 131.01047941519803,31.22217337783498,0.0 131.01048078574013,31.222172707219485,0.0 131.0104821499199,31.22217203969004,0.0 131.01048351587073,31.22217137125233,0.0 131.01048491469123,31.22217068663454,0.0 131.01048630063957,31.222170008299862,0.0 131.0104876958772,31.222169325365552,0.0 131.01048911912522,31.22216862864021,0.0 131.01049052628633,31.222167939775893,0.0 131.01049195485197,31.2221672403654,0.0 131.01049339474068,31.22216653535959,0.0 131.010494824097,31.22216583548684,0.0 131.01049628812487,31.22216511855985,0.0 131.01049773935785,31.222164407876505,0.0 131.0104991998393,31.22216369261807,0.0 131.01050069105213,31.222162962245488,0.0 131.01050216312484,31.2221622412284,0.0 131.01050365423268,31.222161510837594,0.0 131.0105051656789,31.22216077043699,0.0 131.01050666074497,31.22216003803541,0.0 131.01050818604344,31.222159290774435,0.0 131.01050970509047,31.22215854654551,0.0 131.01051122870302,31.22215780004445,0.0 131.01051278636857,31.222157036820008,0.0 131.01051432325255,31.22215628374845,0.0 131.01051587625008,31.22215552274772,0.0 131.01051745859397,31.222154747338816,0.0 131.01051901260692,31.22215398577689,0.0 131.01052060493043,31.22215320541949,0.0 131.0105221954242,31.22215242592916,0.0 131.01052378025707,31.222151649179622,0.0 131.01052540363528,31.22215085353145,0.0 131.01052700726632,31.222150067520577,0.0 131.01052862890495,31.22214927266725,0.0 131.01053026816857,31.22214846916276,0.0 131.01053189239786,31.2221476729854,0.0 131.01053354988252,31.22214686051372,0.0 131.01053519738292,31.222146052898925,0.0 131.01053684982315,31.22214524284096,0.0 131.01053853382012,31.222144417329226,0.0 131.0105401989925,31.22214360099456,0.0 131.01054188284658,31.222142775502544,0.0 131.01054358022057,31.222141943379373,0.0 131.01054526703734,31.222141116389984,0.0 131.01054699158092,31.222140270945168,0.0 131.01054869612793,31.22213943524537,0.0 131.01055041494794,31.222138592549733,0.0 131.01055216746457,31.222137733376204,0.0 131.01055388738763,31.22213689009564,0.0 131.0105556489312,31.222136026470864,0.0 131.01055739842857,31.222135168705776,0.0 131.01055915576026,31.22213430709392,0.0 131.0105609412774,31.222133431704023,0.0 131.01056270639535,31.222132566248863,0.0 131.0105645054035,31.222131684233737,0.0 131.0105662979965,31.222130805328806,0.0 131.0105680921986,31.22212992561765,0.0 131.0105699205941,31.22212902920345,0.0 131.0105717245411,31.222128144697,0.0 131.01057356214503,31.22212724375064,0.0 131.01057539415524,31.22212634551348,0.0 131.01057723099032,31.222125444902588,0.0 131.01057909942253,31.22212452885907,0.0 131.0105809426102,31.222123625109983,0.0 131.01058282601323,31.222122701724665,0.0 131.01058469330596,31.222121786178164,0.0 131.0105865742364,31.22212086395964,0.0 131.01058848017146,31.22211992952442,0.0 131.01059036364953,31.222119006023995,0.0 131.01059228647554,31.222118063309267,0.0 131.0105941949115,31.22211712759441,0.0 131.01059611551497,31.22211618592369,0.0 131.0105980634799,31.22211523088352,0.0 131.01059998579393,31.222114288338137,0.0 131.01060195116688,31.222113324762297,0.0 131.01060390149183,31.222112368508228,0.0 131.01060586291047,31.222111406819685,0.0 131.01060784295467,31.22211043601935,0.0 131.01060980804417,31.22210947249689,0.0 131.01061181281744,31.222108489580936,0.0 131.0106137977874,31.22210751631018,0.0 131.0106158028055,31.22210653322892,0.0 131.01061781790747,31.22210554520012,0.0 131.01061982127675,31.2221045628783,0.0 131.01062187100294,31.222103557889977,0.0 131.01062388830735,31.22210256871492,0.0 131.0106259403013,31.22210156256793,0.0 131.0106279888774,31.222100558065183,0.0 131.01063003622198,31.22209955413953,0.0 131.0106321172984,31.22209853369964,0.0 131.01063417429398,31.22209752500513,0.0 131.01063626814124,31.222096498265795,0.0 131.01063834918574,31.222095477758906,0.0 131.01064043990849,31.222094452491348,0.0 131.01064255259732,31.222093416448946,0.0 131.01064464498015,31.22209239031275,0.0 131.01064678229892,31.22209134215715,0.0 131.0106488956069,31.22209030572212,0.0 131.0106510377027,31.222089255164644,0.0 131.01065317344012,31.222088207688376,0.0 131.01065531039853,31.222087159583463,0.0 131.01065747448695,31.222086098157543,0.0 131.01065961858595,31.222085046490864,0.0 131.01066180785483,31.222083972658616,0.0 131.0106639729546,31.222082910635216,0.0 131.0106661572345,31.222081839177587,0.0 131.01066835393473,31.22208076159505,0.0 131.01067053374456,31.22207969225908,0.0 131.01067274867358,31.22207860566475,0.0 131.01067495828173,31.22207752164202,0.0 131.01067715850985,31.222076442185013,0.0 131.01067938057392,31.22207535197729,0.0 131.010681616955,31.222074254704225,0.0 131.010683845379,31.22207316129772,0.0 131.0106860747898,31.22207206736911,0.0 131.01068832172152,31.22207096479923,0.0 131.01069057242273,31.222069860337967,0.0 131.0106928224434,31.22206875617106,0.0 131.0106950752878,31.222067650577426,0.0 131.01069733891964,31.22206653964407,0.0 131.0106996044061,31.222065427758373,0.0 131.01070187139754,31.222064315092265,0.0 131.0107041430996,31.22206320007016,0.0 131.01070641869703,31.2220620830921,0.0 131.01070869644963,31.22206096501309,0.0 131.0107109765152,31.22205984575541,0.0 131.0107132612961,31.222058724137806,0.0 131.01071554983218,31.22205760063188,0.0 131.0107178415916,31.22205647549904,0.0 131.01072013477307,31.22205534962484,0.0 131.0107224293058,31.22205422304416,0.0 131.01072473032855,31.22205309322984,0.0 131.01072703184715,31.22205196312961,0.0 131.0107293371541,31.222050831124328,0.0 131.0107316450486,31.222049697804582,0.0 131.01073395672057,31.222048562585243,0.0 131.0107362687926,31.222047427127592,0.0 131.01073858450363,31.22204628983881,0.0 131.01074090334225,31.2220451509706,0.0 131.01074322310458,31.22204401160718,0.0 131.0107455469603,31.22204287018989,0.0 131.01074787487312,31.222041726736894,0.0 131.01075020193545,31.222040583662167,0.0 131.0107525335139,31.22203943832672,0.0 131.01075486653835,31.22203829224088,0.0 131.01075720131956,31.22203714525224,0.0 131.01075953838955,31.22203599709952,0.0 131.0107618785626,31.222034847382943,0.0 131.01076422054877,31.222033696737228,0.0 131.01076656532803,31.22203254468104,0.0 131.01076891141238,31.22203139194654,0.0 131.01077125963047,31.22203023812684,0.0 131.01077360856752,31.22202908391791,0.0 131.01077595986598,31.222027928513,0.0 131.01077831418172,31.22202677159042,0.0 131.0107806697533,31.22202561401647,0.0 131.01078302719495,31.222024455489848,0.0 131.0107853864278,31.22202329604988,0.0 131.01078774509267,31.22202213685624,0.0 131.01079010669127,31.222020976189143,0.0 131.01079246820373,31.222019815532704,0.0 131.01079483327203,31.2220186530986,0.0 131.0107971980347,31.222017490784047,0.0 131.0107995667052,31.222016326520315,0.0 131.01080193497327,31.22201516242467,0.0 131.01080430422755,31.22201399781563,0.0 131.0108066763397,31.22201283177492,0.0 131.01080904948338,31.222011665199776,0.0 131.01081142237058,31.222010498722845,0.0 131.01081379859528,31.22200933058056,0.0 131.0108161750077,31.22200816231944,0.0 131.01081855388256,31.22200699282355,0.0 131.01082093326357,31.22200582305341,0.0 131.0108233131824,31.222004652993792,0.0 131.01082569445205,31.22200348224624,0.0 131.01082807710486,31.22200231079532,0.0 131.01083046043442,31.22200113898792,0.0 131.01083284468092,31.221999966706584,0.0 131.01083522899927,31.22199879436612,0.0 131.0108376159026,31.22199762073416,0.0 131.01084000214323,31.22199644740391,0.0 131.01084239075155,31.221995272889327,0.0 131.0108447800581,31.221994098009468,0.0 131.01084716819577,31.221992923680105,0.0 131.01084955869396,31.22199174817057,0.0 131.01085194923877,31.221990572615773,0.0 131.010854338995,31.221989397425386,0.0 131.01085673103955,31.22198822109069,0.0 131.0108591217694,31.22198704537855,0.0 131.01086151386912,31.22198586897261,0.0 131.01086390837312,31.22198469136565,0.0 131.01086630114284,31.221983514587123,0.0 131.01086869424665,31.221982337622688,0.0 131.01087108772657,31.221981160451765,0.0 131.01087348310284,31.221979982328733,0.0 131.0108758781359,31.221978804351785,0.0 131.01087827316087,31.22197762635648,0.0 131.01088066966233,31.22197644761466,0.0 131.01088306587724,31.22197526899079,0.0 131.0108854617445,31.22197409051474,0.0 131.01088786015617,31.221972910767736,0.0 131.01089025631336,31.221971732103555,0.0 131.01089265647383,31.221970551452223,0.0 131.01089505529535,31.2219693714342,0.0 131.01089745525684,31.2219681908332,0.0 131.01089985573947,31.221967009952493,0.0 131.0109022578071,31.22196582826972,0.0 131.01090466012647,31.22196464643884,0.0 131.0109070626142,31.22196346450057,0.0 131.01090946551287,31.22196228233552,0.0 131.01091186976703,31.221961099479664,0.0 131.01091427296458,31.221959917116823,0.0 131.01091667772204,31.2219587339621,0.0 131.01091908257425,31.22195755073444,0.0 131.01092148753096,31.22195636742878,0.0 131.01092389265955,31.22195518401171,0.0 131.0109262999526,31.221953999504,0.0 131.01092870543204,31.22195281585952,0.0 131.0109311128452,31.221951631236905,0.0 131.01093352192137,31.22195044576859,0.0 131.01093593063135,31.221949260451368,0.0 131.01093834022194,31.221948074672177,0.0 131.01094075073976,31.22194688840763,0.0 131.0109431626458,31.22194570143068,0.0 131.01094557251002,31.2219445154274,0.0 131.01094798360964,31.221943328786143,0.0 131.01095039542062,31.22194214176407,0.0 131.0109528069474,31.22194095485045,0.0 131.01095522047498,31.22193976692096,0.0 131.01095763252093,31.22193857968835,0.0 131.0109600441843,31.2219373926118,0.0 131.0109624594328,31.221936203738327,0.0 131.01096487489943,31.22193501472437,0.0 131.01096728908175,31.221933826309296,0.0 131.0109697051178,31.221932636948136,0.0 131.010972121724,31.22193144727236,0.0 131.01097453920255,31.22193025713277,0.0 131.01097695770227,31.221929066455864,0.0 131.010979376992,31.22192787535509,0.0 131.01098179550507,31.22192668460187,0.0 131.0109842146136,31.22192549352016,0.0 131.01098663412856,31.221924302202748,0.0 131.0109890528792,31.22192311122623,0.0 131.0109914718047,31.221921920127727,0.0 131.01099389501547,31.221920726881283,0.0 131.0109963151384,31.221919535120264,0.0 131.01099873617255,31.221918342873742,0.0 131.01100115881903,31.221917149795846,0.0 131.01100358101183,31.22191595690478,0.0 131.01100600332435,31.22191476391781,0.0 131.01100842455168,31.22191357142893,0.0 131.01101084656352,31.221912378516134,0.0 131.0110132697442,31.22191118498972,0.0 131.011015691204,31.22190999227471,0.0 131.01101811337975,31.22190879916927,0.0 131.01102053737918,31.22190760512697,0.0 131.01102296170123,31.22190641088803,0.0 131.01102538414415,31.221905217538584,0.0 131.01102780679085,31.221904024051195,0.0 131.01103023143216,31.221902829542376,0.0 131.01103265649817,31.221901634786576,0.0 131.011035081313,31.221900440117256,0.0 131.01103750568092,31.221899245631096,0.0 131.01103993105656,31.221898050610445,0.0 131.01104235458916,31.221896856461903,0.0 131.0110447803908,31.22189566115666,0.0 131.0110472060707,31.221894465874414,0.0 131.011049632743,31.22189327006553,0.0 131.01105205847463,31.221892074683986,0.0 131.01105448329588,31.221890879714948,0.0 131.01105690961683,31.22188968396932,0.0 131.0110593366484,31.22188848783665,0.0 131.01106176545417,31.22188729079222,0.0 131.011064192711,31.221886094476023,0.0 131.01106661994115,31.221884898137063,0.0 131.0110690502299,31.221883700253134,0.0 131.01107147835978,31.22188250339896,0.0 131.0110739085758,31.221881305480064,0.0 131.01107633861932,31.221880107611167,0.0 131.01107876668968,31.22187891068093,0.0 131.0110811952904,31.22187771345429,0.0 131.01108362326875,31.22187651650029,0.0 131.01108605081313,31.221875319726152,0.0 131.01108847792352,31.221874123132128,0.0 131.01109090460008,31.2218729267184,0.0 131.01109333084307,31.22187173048504,0.0 131.01109575665305,31.221870534432057,0.0 131.01109818203062,31.221869338559376,0.0 131.0111006069766,31.221868142866832,0.0 131.01110303149198,31.2218669473542,0.0 131.01110545557793,31.22186575202116,0.0 131.0111078792357,31.22186455686732,0.0 131.01111030246676,31.22186336189221,0.0 131.0111127252727,31.22186216709532,0.0 131.0111151476553,31.22186097247601,0.0 131.01111756961637,31.221859778033604,0.0 131.01111999115793,31.22185858376737,0.0 131.01112241228216,31.2218573896765,0.0 131.01112483299127,31.221856195760115,0.0 131.01112725328767,31.22185500201727,0.0 131.01112967317388,31.22185380844697,0.0 131.01113209265247,31.22185261504818,0.0 131.01113451172617,31.22185142181978,0.0 131.01113693039775,31.22185022876061,0.0 131.01113934867007,31.221849035869475,0.0 131.0111417665462,31.22184784314512,0.0 131.01114418402915,31.221846650586222,0.0 131.01114660112205,31.22184545819148,0.0 131.01114901782813,31.221844265959472,0.0 131.01115143415063,31.221843073888817,0.0 131.01115385009288,31.221841881978044,0.0 131.01115626565823,31.221840690225672,0.0 131.01115868085017,31.221839498630207,0.0 131.0111610956721,31.221838307190087,0.0 131.01116351012752,31.22183711590377,0.0 131.01116592421997,31.221835924769664,0.0 131.011168337953,31.22183473378617,0.0 131.01117075133016,31.22183354295169,0.0 131.01117316435503,31.221832352264563,0.0 131.01117557703122,31.221831161723166,0.0 131.01117798936232,31.22182997132585,0.0 131.01118040135185,31.22182878107096,0.0 131.01118281300347,31.22182759095683,0.0 131.0111852243207,31.22182640098181,0.0 131.01118763530707,31.22182521114424,0.0 131.0111900459662,31.22182402144245,0.0 131.01119245630147,31.221822831874817,0.0 131.01119486631643,31.22182164243968,0.0 131.0111972760145,31.221820453135408,0.0 131.01119968539908,31.22181926396038,0.0 131.0112020944735,31.221818074913,0.0 131.01120450324106,31.221816885991664,0.0 131.01120691170507,31.22181569719481,0.0 131.01120931986867,31.221814508520858,0.0 131.01121172773512,31.2218133199683,0.0 131.01121413530737,31.221812131535625,0.0 131.01121654258853,31.221810943221328,0.0 131.01121894958152,31.22180975502397,0.0 131.01122135628927,31.22180856694209,0.0 131.01122376271456,31.221807378974304,0.0 131.0112261688602,31.221806191119228,0.0 131.0112285747288,31.221805003375515,0.0 131.01123098032303,31.22180381574184,0.0 131.0112333856453,31.221802628216945,0.0 131.0112357906982,31.221801440799567,0.0 131.01123819548397,31.221800253488496,0.0 131.01124060000487,31.22179906628256,0.0 131.01124300426324,31.2217978791806,0.0 131.01124540826106,31.22179669218153,0.0 131.0112478120004,31.221795505284287,0.0 131.01125021548313,31.22179431848784,0.0 131.01125261871118,31.221793131791184,0.0 131.01125502168625,31.22179194519339,0.0 131.01125742441008,31.22179075869352,0.0 131.01125982688416,31.221789572290728,0.0 131.01126222911003,31.221788385984176,0.0 131.01126463108915,31.221787199773065,0.0 131.0112670328228,31.221786013656647,0.0 131.0112694343122,31.22178482763421,0.0 131.01127183555852,31.22178364170508,0.0 131.0112742365628,31.22178245586862,0.0 131.01127663732606,31.22178127012424,0.0 131.0112790378491,31.22178008447139,0.0 131.01128143813287,31.22177889890955,0.0 131.011283838178,31.221777713438257,0.0 131.01128623798513,31.22177652805705,0.0 131.0112886375549,31.221775342765543,0.0 131.01129103688774,31.221774157563384,0.0 131.0112934359841,31.221772972450225,0.0 131.01129583484428,31.22177178742579,0.0 131.01129823346855,31.221770602489823,0.0 131.01130063185713,31.22176941764211,0.0 131.01130303001008,31.221768232882464,0.0 131.0113054279275,31.22176704821074,0.0 131.01130782560944,31.2217658636268,0.0 131.0113102230558,31.22176467913054,0.0 131.0113126202664,31.221763494721927,0.0 131.01131501724117,31.22176231040092,0.0 131.01131741397967,31.221761126167504,0.0 131.0113198104818,31.221759942021723,0.0 131.0113222067471,31.22175875796364,0.0 131.0113246027752,31.22175757399332,0.0 131.01132699856555,31.221756390110887,0.0 131.01132939411778,31.22175520631648,0.0 131.01133178943118,31.221754022610245,0.0 131.01133418450527,31.22175283899238,0.0 131.01133657933937,31.22175165546308,0.0 131.01133897393277,31.22175047202256,0.0 131.01134136828475,31.221749288671106,0.0 131.01134376239463,31.22174810540896,0.0 131.0113461562615,31.221746922236395,0.0 131.01134854988467,31.221745739153743,0.0 131.0113509432632,31.22174455616133,0.0 131.0113533363962,31.22174337325946,0.0 131.01135572928288,31.221742190448506,0.0 131.01135812192223,31.221741007728824,0.0 131.0113605143133,31.22173982510079,0.0 131.01136290645525,31.221738642564805,0.0 131.01136529834696,31.221737460121243,0.0 131.0113676899875,31.221736277770543,0.0 131.01137008137593,31.2217350955131,0.0 131.01137247251117,31.22173391334936,0.0 131.01137486339215,31.22173273127972,0.0 131.011377254018,31.221731549304653,0.0 131.0113796443876,31.2217303674246,0.0 131.01138203449992,31.221729185639983,0.0 131.0113844243539,31.221728003951284,0.0 131.01138681394866,31.221726822358928,0.0 131.011389203283,31.221725640863383,0.0 131.011391592356,31.22172445946512,0.0 131.01139398116663,31.22172327816456,0.0 131.01139636971388,31.221722096962186,0.0 131.0113987579968,31.22172091585844,0.0 131.01140114601432,31.22171973485377,0.0 131.0114035337655,31.221718553948648,0.0 131.01140592124943,31.221717373143484,0.0 131.0114083084652,31.221716192438745,0.0 131.01141069541177,31.22171501183485,0.0 131.01141308208832,31.221713831332234,0.0 131.0114154684939,31.22171265093132,0.0 131.01141785462775,31.221711470632503,0.0 131.01142024048892,31.22171029043624,0.0 131.0114226260767,31.22170911034289,0.0 131.01142501139014,31.22170793035285,0.0 131.0114273964286,31.22170675046652,0.0 131.0114297811913,31.221705570684257,0.0 131.0114321656775,31.221704391006423,0.0 131.01143454988653,31.221703211433383,0.0 131.01143693381766,31.22170203196547,0.0 131.01143931747035,31.22170085260301,0.0 131.01144170084393,31.221699673346343,0.0 131.01144408393787,31.22169849419576,0.0 131.01144646675155,31.22169731515154,0.0 131.01144884928456,31.22169613621399,0.0 131.01145123153628,31.221694957383374,0.0 131.0114536135064,31.22169377865993,0.0 131.01145599519438,31.22169260004392,0.0 131.0114583765999,31.22169142153556,0.0 131.0114607577226,31.221690243135075,0.0 131.0114631385621,31.221689064842653,0.0 131.0114655191182,31.221687886658486,0.0 131.0114678993906,31.221686708582748,0.0 131.01147027937907,31.221685530615588,0.0 131.0114726590834,31.22168435275717,0.0 131.01147503850348,31.2216831750076,0.0 131.01147741763918,31.221681997367,0.0 131.0114797964904,31.22168081983545,0.0 131.01148217505707,31.22167964241306,0.0 131.0114845533392,31.22167846509989,0.0 131.01148693133675,31.221677287896,0.0 131.0114893090499,31.221676110801408,0.0 131.01149168647856,31.22167493381616,0.0 131.01149406362296,31.22167375694025,0.0 131.0114964404832,31.22167258017369,0.0 131.0114988170594,31.22167140351645,0.0 131.01150119335188,31.221670226968488,0.0 131.01150356936077,31.22166905052977,0.0 131.0115059450864,31.221667874200225,0.0 131.0115083205291,31.22166669797977,0.0 131.0115106956891,31.221665521868328,0.0 131.01151307056685,31.221664345865783,0.0 131.01151544516273,31.22166316997201,0.0 131.01151781947712,31.221661994186896,0.0 131.0115201935105,31.22166081851029,0.0 131.0115225672633,31.22165964294201,0.0 131.01152494073608,31.221658467481923,0.0 131.01152731392935,31.221657292129805,0.0 131.01152968684363,31.221656116885462,0.0 131.0115320594796,31.22165494174872,0.0 131.01153443183776,31.22165376671932,0.0 131.01153680391877,31.22165259179702,0.0 131.01153917572333,31.2216514169816,0.0 131.01154154725205,31.22165024227281,0.0 131.01154391850568,31.221649067670352,0.0 131.01154628948495,31.22164789317396,0.0 131.01154866019056,31.221646718783347,0.0 131.0115510306233,31.2216455444982,0.0 131.01155340078404,31.22164437031822,0.0 131.01155577067345,31.221643196243072,0.0 131.01155814029244,31.22164202227244,0.0 131.0115605096418,31.221640848405965,0.0 131.01156287872243,31.221639674643303,0.0 131.0115652475352,31.22163850098412,0.0 131.011567616081,31.22163732742801,0.0 131.01156998436076,31.22163615397461,0.0 131.0115723523754,31.221634980623566,0.0 131.01157472012585,31.22163380737445,0.0 131.0115770876131,31.22163263422687,0.0 131.01157945483803,31.221631461180426,0.0 131.01158182180174,31.221630288234703,0.0 131.01158418850514,31.22162911538928,0.0 131.01158655494928,31.221627942643725,0.0 131.01158892113511,31.221626769997624,0.0 131.0115912870637,31.22162559745052,0.0 131.0115936527361,31.221624425001977,0.0 131.01159601815337,31.221623252651543,0.0 131.0115983833165,31.221622080398767,0.0 131.0116007482266,31.22162090824319,0.0 131.01160311288473,31.22161973618434,0.0 131.0116054772919,31.22161856422176,0.0 131.0116078414493,31.22161739235497,0.0 131.01161020535787,31.221616220583496,0.0 131.0116125690189,31.22161504890685,0.0 131.0116149324333,31.22161387732457,0.0 131.0116172956023,31.22161270583616,0.0 131.0116196585269,31.221611534441124,0.0 131.01162202120827,31.221610363138986,0.0 131.0116243836475,31.22160919192922,0.0 131.01162674584572,31.221608020811367,0.0 131.01162910780397,31.22160684978492,0.0 131.01163146952345,31.22160567884936,0.0 131.01163383100527,31.22160450800421,0.0 131.01163619225048,31.22160333724896,0.0 131.01163855326024,31.22160216658308,0.0 131.01164091403567,31.22160099600612,0.0 131.01164327457784,31.22159982551752,0.0 131.01164563488788,31.2215986551168,0.0 131.01164799496692,31.221597484803446,0.0 131.01165035481603,31.221596314576978,0.0 131.0116527144364,31.221595144436844,0.0 131.011655073829,31.22159397438257,0.0 131.011657432995,31.22159280441365,0.0 131.01165979193556,31.22159163452955,0.0 131.01166215065163,31.2215904647298,0.0 131.01166450914442,31.221589295013867,0.0 131.01166686741496,31.221588125381263,0.0 131.01166922546437,31.221586955831487,0.0 131.0116715832936,31.221585786364027,0.0 131.01167394090388,31.2215846169784,0.0 131.01167629829618,31.221583447674067,0.0 131.0116786554716,31.22158227845057,0.0 131.01168101243115,31.221581109307408,0.0 131.01168336917596,31.22157994024408,0.0 131.01168572570694,31.22157877126008,0.0 131.01168808202524,31.22157760235493,0.0 131.01169043813184,31.221576433528146,0.0 131.0116927940278,31.22157526477924,0.0 131.01169514971403,31.221574096107712,0.0 131.01169750519168,31.2215729275131,0.0 131.01169986046165,31.221571758994912,0.0 131.011702215525,31.22157059055268,0.0 131.01170457038268,31.22156942218591,0.0 131.01170692503564,31.221568253894148,0.0 131.01170927948488,31.22156708567692,0.0 131.0117116337314,31.221565917533745,0.0 131.01171398777615,31.221564749464186,0.0 131.01171634162003,31.22156358146775,0.0 131.011718695264,31.221562413543992,0.0 131.011721048709,31.221561245692463,0.0 131.01172340195595,31.22156007791269,0.0 131.01172575500578,31.22155891020424,0.0 131.01172810785943,31.22155774256665,0.0 131.01173046051773,31.221556574999504,0.0 131.0117328129816,31.22155540750232,0.0 131.011735165252,31.22155424007468,0.0 131.0117375173297,31.22155307271615,0.0 131.0117398692156,31.221551905426285,0.0 131.01174222091055,31.22155073820467,0.0 131.01174457241552,31.22154957105087,0.0 131.01174692373118,31.221548403964448,0.0 131.01174927485854,31.221547236945007,0.0 131.01175162579827,31.22154606999212,0.0 131.01175397655132,31.22154490310536,0.0 131.0117563271184,31.22154373628433,0.0 131.0117586775004,31.221542569528623,0.0 131.0117610276981,31.22154140283784,0.0 131.01176337771224,31.22154023621153,0.0 131.01176572754363,31.22153906964936,0.0 131.01176807719307,31.22153790315088,0.0 131.01177042666134,31.22153673671573,0.0 131.0117727759491,31.22153557034352,0.0 131.01177512505723,31.22153440403384,0.0 131.0117774739864,31.22153323778632,0.0 131.01177982273737,31.221532071600578,0.0 131.01178217131084,31.221530905476246,0.0 131.01178451970756,31.22152973941293,0.0 131.0117868679283,31.22152857341028,0.0 131.01178921597364,31.221527407467903,0.0 131.01179156384427,31.221526241585448,0.0 131.01179391154108,31.22152507576256,0.0 131.0117962590646,31.221523909998847,0.0 131.0117986064155,31.221522744294,0.0 131.01180095359453,31.221521578647632,0.0 131.01180330060228,31.2215204130594,0.0 131.01180564743945,31.221519247528967,0.0 131.01180799410668,31.221518082055976,0.0 131.01181034060457,31.221516916640088,0.0 131.01181268693384,31.22151575128097,0.0 131.01181503309508,31.22151458597828,0.0 131.01181737908885,31.22151342073169,0.0 131.01181972491585,31.221512255540866,0.0 131.01182207057667,31.221511090405485,0.0 131.01182441607185,31.22150992532523,0.0 131.01182676140203,31.221508760299766,0.0 131.01182910656783,31.2215075953288,0.0 131.0118314515698,31.221506430412,0.0 131.01183379640847,31.221505265549048,0.0 131.01183614108444,31.221504100739647,0.0 131.0118384855983,31.22150293598349,0.0 131.01184082995056,31.221501771280288,0.0 131.0118431741418,31.22150060662973,0.0 131.01184551817255,31.221499442031508,0.0 131.0118478620433,31.22149827748536,0.0 131.01185020575463,31.221497112990967,0.0 131.01185254930704,31.221495948548064,0.0 131.01185489270102,31.22149478415636,0.0 131.0118572359371,31.221493619815565,0.0 131.01185957901575,31.22149245552544,0.0 131.0118619219375,31.221491291285663,0.0 131.01186426470284,31.221490127096,0.0 131.0118666073122,31.22148896295617,0.0 131.01186894976604,31.22148779886593,0.0 131.01187129206488,31.221486634824984,0.0 131.0118736342091,31.221485470833105,0.0 131.01187597619926,31.221484306890048,0.0 131.01187831803568,31.22148314299554,0.0 131.01188065971883,31.221481979149363,0.0 131.01188300124923,31.22148081535126,0.0 131.01188534262712,31.221479651601,0.0 131.01188768385305,31.22147848789835,0.0 131.01189002492737,31.22147732424308,0.0 131.01189236585043,31.221476160634964,0.0 131.01189470662268,31.221474997073784,0.0 131.01189704724447,31.22147383355933,0.0 131.01189938771617,31.221472670091384,0.0 131.01190172803814,31.221471506669733,0.0 131.01190406821067,31.22147034329419,0.0 131.0119064082342,31.221469179964537,0.0 131.01190874810902,31.2214680166806,0.0 131.01191108783544,31.22146685344218,0.0 131.0119134274138,31.221465690249094,0.0 131.0119157668443,31.22146452710116,0.0 131.01191810612738,31.22146336399821,0.0 131.01192044526323,31.22146220094008,0.0 131.0119227842522,31.221461037926588,0.0 131.01192512309447,31.2214598749576,0.0 131.01192746179035,31.22145871203293,0.0 131.01192980034,31.22145754915247,0.0 131.01193213874373,31.22145638631605,0.0 131.01193447700177,31.221455223523545,0.0 131.01193681511424,31.221454060774818,0.0 131.0119391530814,31.22145289806975,0.0 131.01194149090344,31.221451735408216,0.0 131.0119438285805,31.22145057279013,0.0 131.01194616611275,31.22144941021536,0.0 131.01194850350035,31.22144824768381,0.0 131.01195084074345,31.2214470851954,0.0 131.01195317784212,31.22144592275004,0.0 131.01195551479648,31.22144476034764,0.0 131.01195785160667,31.221443597988152,0.0 131.01196018827275,31.221442435671488,0.0 131.01196252479474,31.2214412733976,0.0 131.01196486117274,31.22144011116645,0.0 131.0119671974068,31.221438948977983,0.0 131.0119695334969,31.22143778683217,0.0 131.0119718694431,31.22143662472899,0.0 131.0119742052453,31.221435462668417,0.0 131.0119765409036,31.221434300650444,0.0 131.0119788764179,31.221433138675064,0.0 131.01198121178817,31.22143197674229,0.0 131.01198354701427,31.22143081485214,0.0 131.01198588209618,31.22142965300464,0.0 131.0119882170338,31.2214284911998,0.0 131.01199055182695,31.221427329437688,0.0 131.01199288647553,31.22142616771836,0.0 131.0119952209794,31.22142500604185,0.0 131.01199755533835,31.221423844408257,0.0 131.0119998895522,31.22142268281763,0.0 131.01200222362075,31.22142152127008,0.0 131.01200455754375,31.221420359765688,0.0 131.012006891321,31.2214191983046,0.0 131.01200922495215,31.22141803688689,0.0 131.012011558437,31.221416875512723,0.0 131.01201389177513,31.22141571418221,0.0 131.01201622496637,31.22141455289553,0.0 131.0120185580102,31.22141339165284,0.0 131.01202089090634,31.221412230454288,0.0 131.0120232236544,31.22141106930008,0.0 131.01202555625397,31.2214099081904,0.0 131.01202788870464,31.22140874712545,0.0 131.01203022100592,31.221407586105464,0.0 131.01203255315727,31.221406425130656,0.0 131.01203488515836,31.22140526420125,0.0 131.01203721700855,31.221404103317543,0.0 131.01203954870732,31.221402942479763,0.0 131.01204188025412,31.221401781688183,0.0 131.01204421164834,31.221400620943108,0.0 131.0120465428894,31.221399460244825,0.0 131.01204887397668,31.22139829959365,0.0 131.01205120490948,31.221397138989904,0.0 131.0120535356872,31.22139597843392,0.0 131.012055866309,31.221394817926043,0.0 131.0120581967743,31.221393657466635,0.0 131.01206052708227,31.22139249705608,0.0 131.01206285723217,31.221391336694747,0.0 131.0120651872232,31.221390176383053,0.0 131.01206751705453,31.22138901612137,0.0 131.01206984672532,31.221387855910177,0.0 131.0120721762347,31.221386695749857,0.0 131.0120745055818,31.22138553564088,0.0 131.01207683476568,31.22138437558372,0.0 131.01207916378544,31.22138321557881,0.0 131.01208149264005,31.221382055626687,0.0 131.0120838213286,31.22138089572781,0.0 131.01208614985003,31.22137973588272,0.0 131.0120884782033,31.22137857609192,0.0 131.0120908063874,31.22137741635596,0.0 131.0120931344012,31.221376256675374,0.0 131.0120954622436,31.22137509705073,0.0 131.01209778991353,31.22137393748262,0.0 131.01210011740974,31.221372777971617,0.0 131.0121024447311,31.221371618518315,0.0 131.0121047718765,31.221370459123328,0.0 131.01210709884455,31.221369299787284,0.0 131.01210942563412,31.22136814051081,0.0 131.01211175224392,31.22136698129457,0.0 131.01211407867265,31.22136582213921,0.0 131.01211640491903,31.22136466304541,0.0 131.0121187309817,31.22136350401384,0.0 131.0121210568593,31.2213623450452,0.0 131.01212338255053,31.2213611861402,0.0 131.01212570805387,31.221360027299543,0.0 131.012128033368,31.221358868523986,0.0 131.01213035849148,31.22135770981423,0.0 131.0121326834228,31.22135655117104,0.0 131.01213500816058,31.221355392595186,0.0 131.01213733270325,31.221354234087407,0.0 131.01213965704932,31.221353075648512,0.0 131.0121419811973,31.221351917279275,0.0 131.0121443051456,31.22135075898049,0.0 131.0121466288927,31.22134960075297,0.0 131.012148952437,31.22134844259752,0.0 131.01215127577694,31.22134728451496,0.0 131.01215359891088,31.22134612650613,0.0 131.01215592183723,31.221344968571863,0.0 131.01215824455434,31.22134381071301,0.0 131.0121605670606,31.22134265293042,0.0 131.01216288935433,31.221341495224955,0.0 131.01216521143385,31.221340337597475,0.0 131.01216753329754,31.22133918004886,0.0 131.01216985494366,31.221338022579967,0.0 131.0121721763705,31.221336865191702,0.0 131.0121744975764,31.221335707884936,0.0 131.01217681855968,31.221334550660565,0.0 131.0121791393186,31.22133339351948,0.0 131.0121814598514,31.221332236462576,0.0 131.01218378015642,31.22133107949076,0.0 131.01218610023187,31.22132992260492,0.0 131.0121884200761,31.22132876580597,0.0 131.01219073968727,31.221327609094825,0.0 131.01219305906375,31.22132645247237,0.0 131.01219537820378,31.22132529593953,0.0 131.01219769710562,31.2213241394972,0.0 131.01220001576755,31.221322983146287,0.0 131.01220233418786,31.221321826887696,0.0 131.01220465236483,31.221320670722324,0.0 131.01220697029677,31.221319514651064,0.0 131.01220928798196,31.22131835867484,0.0 131.01221160541868,31.221317202794506,0.0 131.01221392260527,31.221316047010955,0.0 131.01221623954012,31.221314891325097,0.0 131.01221855622143,31.221313735737777,0.0 131.01222087264773,31.221312580249897,0.0 131.01222318881727,31.221311424862296,0.0 131.01222550472846,31.22131026957583,0.0 131.0122278203797,31.22130911439136,0.0 131.0122301357694,31.22130795930969,0.0 131.01223245089605,31.22130680433171,0.0 131.01223476575808,31.22130564945819,0.0 131.01223708035394,31.22130449468996,0.0 131.0122393946822,31.2213033400278,0.0 131.01224170874136,31.221302185472503,0.0 131.01224402252996,31.221301031024844,0.0 131.01224633604664,31.22129987668557,0.0 131.01224864928997,31.22129872245543,0.0 131.0122509622586,31.22129756833516,0.0 131.01225327495126,31.22129641432545,0.0 131.0122555873666,31.221295260427016,0.0 131.0122578995034,31.221294106640528,0.0 131.01226021136043,31.221292952966653,0.0 131.0122625229365,31.22129179940603,0.0 131.01226483423048,31.22129064595927,0.0 131.01226714524128,31.221289492627,0.0 131.0122694559678,31.221288339409764,0.0 131.01227176640904,31.221287186308164,0.0 131.012274076564,31.221286033322723,0.0 131.01227638643184,31.221284880453965,0.0 131.01227869601155,31.221283727702367,0.0 131.01228100530238,31.22128257506841,0.0 131.01228331430346,31.22128142255256,0.0 131.01228562301412,31.22128027015521,0.0 131.01228793143363,31.221279117876755,0.0 131.01229023956137,31.221277965717583,0.0 131.01229254739675,31.221276813678013,0.0 131.01229485493923,31.221275661758376,0.0 131.01229716218836,31.22127450995896,0.0 131.01229946914367,31.22127335828001,0.0 131.01230177580484,31.221272206721768,0.0 131.01230408217157,31.22127105528441,0.0 131.01230638824356,31.221269903968143,0.0 131.01230869402067,31.22126875277307,0.0 131.01231099950277,31.22126760169932,0.0 131.0123133046898,31.22126645074696,0.0 131.01231560958175,31.22126529991604,0.0 131.01231791417862,31.221264149206565,0.0 131.01232021848065,31.22126299861852,0.0 131.01232252248795,31.22126184815184,0.0 131.0123248262008,31.22126069780645,0.0 131.0123271296195,31.22125954758224,0.0 131.01232943274445,31.221258397479044,0.0 131.01233173557608,31.221257247496663,0.0 131.01233403811497,31.221256097634896,0.0 131.01233634036163,31.22125494789348,0.0 131.0123386423167,31.221253798272112,0.0 131.012340943981,31.22125264877048,0.0 131.0123432453552,31.221251499388217,0.0 131.01234554644023,31.221250350124937,0.0 131.01234784723698,31.2212492009802,0.0 131.01235014774645,31.221248051953538,0.0 131.01235244796965,31.221246903044456,0.0 131.01235474790775,31.22124575425244,0.0 131.01235704756195,31.22124460557689,0.0 131.0123593469334,31.22124345701723,0.0 131.01236164602352,31.22124230857281,0.0 131.01236394483365,31.22124116024297,0.0 131.01236624336525,31.221240012026986,0.0 131.01236854161982,31.22123886392413,0.0 131.01237083959893,31.221237715933665,0.0 131.01237313730422,31.221236568054746,0.0 131.0123754347374,31.22123542028656,0.0 131.0123777319002,31.221234272628223,0.0 131.0123800287944,31.221233125078864,0.0 131.01238232542195,31.221231977637537,0.0 131.01238462178475,31.22123083030329,0.0 131.01238691788475,31.22122968307516,0.0 131.01238921372405,31.221228535952108,0.0 131.01239150930465,31.22122738893309,0.0 131.01239380462872,31.221226242017075,0.0 131.01239609969852,31.22122509520293,0.0 131.01239839451614,31.221223948489552,0.0 131.012400689084,31.221222801875808,0.0 131.01240298340431,31.22122165536051,0.0 131.0124052774795,31.221220508942487,0.0 131.0124075713119,31.221219362620545,0.0 131.01240986490404,31.221218216393424,0.0 131.01241215825834,31.221217070259897,0.0 131.01241445137728,31.2212159242187,0.0 131.01241674426345,31.221214778268536,0.0 131.01241903691934,31.221213632408134,0.0 131.01242132934755,31.22121248663617,0.0 131.0124236215507,31.22121134095132,0.0 131.01242591353144,31.22121019535225,0.0 131.01242820529237,31.22120904983764,0.0 131.01243049683617,31.22120790440611,0.0 131.0124327881654,31.22120675905633,0.0 131.01243507928282,31.22120561378692,0.0 131.01243737019112,31.221204468596515,0.0 131.0124396608929,31.22120332348376,0.0 131.01244195139094,31.22120217844727,0.0 131.0124442416878,31.221201033485706,0.0 131.0124465317861,31.221199888597663,0.0 131.01244882168868,31.22119874378184,0.0 131.01245111139795,31.22119759903683,0.0 131.01245340091663,31.221196454361326,0.0 131.01245569024726,31.22119530975398,0.0 131.01245797939245,31.22119416521348,0.0 131.01246026835463,31.22119302073851,0.0 131.0124625571364,31.221191876327776,0.0 131.01246484574023,31.221190731980023,0.0 131.0124671341684,31.22118958769398,0.0 131.0124694224234,31.221188443468417,0.0 131.01247171050753,31.22118729930212,0.0 131.01247399842305,31.221186155193905,0.0 131.0124762861722,31.22118501114261,0.0 131.01247857375708,31.221183867147115,0.0 131.01248086117982,31.221182723206315,0.0 131.01248314844244,31.221181579319136,0.0 131.01248543554695,31.22118043548457,0.0 131.0124877224952,31.221179291701585,0.0 131.0124900092889,31.22117814796925,0.0 131.01249229592997,31.221177004286645,0.0 131.0124945824199,31.22117586065288,0.0 131.01249686876028,31.22117471706713,0.0 131.0124991549526,31.221173573528606,0.0 131.01250144099825,31.22117243003657,0.0 131.0125037268984,31.221171286590348,0.0 131.0125060126543,31.221170143189266,0.0 131.01250829826702,31.22116899983276,0.0 131.01251058373748,31.221167856520285,0.0 131.0125128690665,31.221166713251367,0.0 131.01251515425488,31.221165570025576,0.0 131.0125174393032,31.221164426842563,0.0 131.01251972421198,31.221163283702023,0.0 131.0125220089815,31.22116214060369,0.0 131.0125242936122,31.22116099754741,0.0 131.01252657810403,31.22115985453308,0.0 131.01252886245712,31.221158711560605,0.0 131.0125311466712,31.22115756863003,0.0 131.0125334307461,31.221156425741444,0.0 131.01253571468135,31.221155282894976,0.0 131.0125379984765,31.22115414009088,0.0 131.01254028213077,31.221152997329423,0.0 131.01254256564343,31.22115185461098,0.0 131.01254484901347,31.221150711935973,0.0 131.0125471322398,31.22114956930492,0.0 131.0125494153212,31.221148426718383,0.0 131.01255169825623,31.221147284177043,0.0 131.0125539810434,31.22114614168161,0.0 131.01255626368106,31.221144999232905,0.0 131.01255854616733,31.22114385683177,0.0 131.01256082850028,31.22114271447917,0.0 131.01256311067783,31.221141572176137,0.0 131.01256539269772,31.22114042992373,0.0 131.0125676745576,31.22113928772313,0.0 131.0125699562549,31.22113814557557,0.0 131.012572237787,31.221137003482355,0.0 131.0125745191511,31.22113586144488,0.0 131.0125768003442,31.2211347194646,0.0 131.01257908136324,31.22113357754304,0.0 131.01258136220503,31.221132435681792,0.0 131.01258364286616,31.22113129388253,0.0 131.0125859233432,31.22113015214697,0.0 131.01258820363253,31.221129010476936,0.0 131.01259048373043,31.221127868874287,0.0 131.012592763633,31.221126727340952,0.0 131.0125950433363,31.22112558587892,0.0 131.0125973228362,31.22112444449024,0.0 131.01259960212852,31.22112330317704,0.0 131.01260188120895,31.221122161941487,0.0 131.01260416007304,31.2211210207858,0.0 131.01260643871632,31.221119879712266,0.0 131.01260871713413,31.2211187387232,0.0 131.0126109953218,31.22111759782098,0.0 131.01261327327452,31.22111645700804,0.0 131.01261555098748,31.22111531628685,0.0 131.01261782845563,31.221114175659896,0.0 131.012620105674,31.22111303512973,0.0 131.01262238263757,31.22111189469896,0.0 131.01262465934107,31.221110754370148,0.0 131.01262693577945,31.221109614145966,0.0 131.01262921194743,31.22110847402908,0.0 131.0126314874335,31.22110733422621,0.0 131.0126337622428,31.221106194734848,0.0 131.0126360361982,31.221105055644056,0.0 131.01263830915147,31.221103917028287,0.0 131.01264058095433,31.22110277896216,0.0 131.01264285145822,31.22110164152033,0.0 131.0126451205147,31.221100504777496,0.0 131.0126473879752,31.221099368808343,0.0 131.0126496536913,31.22109823368755,0.0 131.01265191751477,31.22109709948967,0.0 131.0126541792976,31.221095966289173,0.0 131.01265643889215,31.22109483416036,0.0 131.0126586961511,31.22109370317729,0.0 131.0126609509278,31.22109257341385,0.0 131.01266320307593,31.22109144494362,0.0 131.01266545245,31.22109031783988,0.0 131.01266769890506,31.221089192175505,0.0 131.01266994229707,31.221088068023064,0.0 131.01267218248287,31.22108694545465,0.0 131.01267441932015,31.22108582454192,0.0 131.01267665266755,31.221084705355977,0.0 131.0126788823849,31.221083587967456,0.0 131.01268110833317,31.221082472446408,0.0 131.01268333037444,31.221081358862257,0.0 131.0126855483721,31.22108024728381,0.0 131.01268776219092,31.221079137779213,0.0 131.01268997169709,31.22107803041592,0.0 131.0126921767581,31.2210769252606,0.0 131.0126943772431,31.22107582237924,0.0 131.01269657302277,31.221074721836988,0.0 131.01269876396947,31.2210736236982,0.0 131.01270094995715,31.22107252802636,0.0 131.01270313086164,31.22107143488414,0.0 131.01270530656035,31.22107034433325,0.0 131.01270747693263,31.22106925643455,0.0 131.01270964185974,31.22106817124791,0.0 131.01271180122478,31.22106708883225,0.0 131.01271395491284,31.22106600924552,0.0 131.01271610281103,31.221064932544657,0.0 131.01271824480853,31.221063858785605,0.0 131.0127203807963,31.22106278802324,0.0 131.01272251066783,31.221061720311383,0.0 131.01272463431843,31.22106065570284,0.0 131.01272675164563,31.22105959424928,0.0 131.01272886254918,31.22105853600129,0.0 131.01273096693103,31.221057481008376,0.0 131.01273306469523,31.221056429318903,0.0 131.0127351557482,31.221055380980143,0.0 131.01273723999856,31.221054336038208,0.0 131.01273931735713,31.22105329453808,0.0 131.01274138773715,31.22105225652361,0.0 131.01274345105406,31.221051222037463,0.0 131.01274550722556,31.2210501911212,0.0 131.01274755617172,31.2210491638152,0.0 131.0127495978148,31.22104814015868,0.0 131.01275163207947,31.221047120189724,0.0 131.0127536588927,31.221046103945216,0.0 131.01275567818368,31.221045091460937,0.0 131.01275768988395,31.221044082771467,0.0 131.01275969392736,31.22104307791024,0.0 131.01276169024993,31.22104207690957,0.0 131.01276367879004,31.221041079800617,0.0 131.01276565948837,31.22104008661339,0.0 131.0127676322877,31.22103909737677,0.0 131.0127695971332,31.221038112118528,0.0 131.01277155397224,31.221037130865287,0.0 131.01277350275433,31.22103615364259,0.0 131.0127754434311,31.22103518047487,0.0 131.01277737595657,31.22103421138546,0.0 131.0127793002866,31.22103324639664,0.0 131.01278121637947,31.22103228552956,0.0 131.01278312419544,31.2210313288044,0.0 131.01278502369675,31.221030376240176,0.0 131.0127869148479,31.221029427854976,0.0 131.01278879761534,31.221028483665823,0.0 131.01279067196737,31.221027543688727,0.0 131.01279253787447,31.2210266079387,0.0 131.012794395309,31.221025676429765,0.0 131.0127962442453,31.221024749175,0.0 131.01279808465952,31.221023826186467,0.0 131.0127999165298,31.221022907475348,0.0 131.0128017398359,31.221021993051863,0.0 131.01280355455975,31.221021082925336,0.0 131.01280536068475,31.221020177104183,0.0 131.01280715819607,31.22101927559596,0.0 131.01280894708083,31.221018378407305,0.0 131.0128107273277,31.221017485544063,0.0 131.01281249892688,31.221016597011207,0.0 131.01281426187035,31.22101571281293,0.0 131.01281601615173,31.221014832952584,0.0 131.01281776176603,31.22101395743275,0.0 131.01281949870992,31.221013086255223,0.0 131.01282122698157,31.221012219421063,0.0 131.01282294658054,31.22101135693058,0.0 131.0128246575079,31.22101049878336,0.0 131.0128263597661,31.22100964497828,0.0 131.012828053359,31.221008795513526,0.0 131.0128297382917,31.221007950386618,0.0 131.01283141457077,31.22100710959438,0.0 131.01283308220394,31.22100627313303,0.0 131.01283474144444,31.22100544087508,0.0 131.01283639228566,31.22100461282402,0.0 131.01283803483395,31.22100378892635,0.0 131.01283966917526,31.221002969138908,0.0 131.01284129539405,31.221002153419217,0.0 131.01284291357345,31.22100134172552,0.0 131.0128445237952,31.22100053401675,0.0 131.01284612613964,31.220999730252508,0.0 131.01284772068573,31.22099893039312,0.0 131.0128493075112,31.220998134399537,0.0 131.0128508866925,31.220997342233368,0.0 131.01285245830462,31.22099655385684,0.0 131.0128540224216,31.220995769232832,0.0 131.01285557911612,31.2209949883248,0.0 131.01285712845964,31.2209942110968,0.0 131.01285867052252,31.22099343751352,0.0 131.01286020537395,31.220992667540155,0.0 131.012861733082,31.22099190114252,0.0 131.01286325371368,31.220991138286955,0.0 131.01286476733483,31.220990378940343,0.0 131.01286627401035,31.22098962307008,0.0 131.0128677738041,31.220988870644128,0.0 131.01286926677875,31.220988121630903,0.0 131.0128707529962,31.22098737599938,0.0 131.01287223251728,31.220986633719,0.0 131.0128737054018,31.220985894759643,0.0 131.01287517170874,31.220985159091725,0.0 131.0128766314961,31.22098442668609,0.0 131.01287808482104,31.220983697514043,0.0 131.01287953173977,31.22098297154733,0.0 131.01288097230758,31.220982248758155,0.0 131.01288240657908,31.220981529119115,0.0 131.01288383460786,31.220980812603266,0.0 131.01288525644685,31.220980099184032,0.0 131.0128866721481,31.22097938883526,0.0 131.01288808176287,31.22097868153121,0.0 131.01288948534165,31.22097797724652,0.0 131.01289088293416,31.220977275956184,0.0 131.01289227458946,31.22097657763562,0.0 131.0128936603558,31.220975882260564,0.0 131.01289504028068,31.22097518980713,0.0 131.012896414411,31.22097450025182,0.0 131.012897782793,31.2209738135714,0.0 131.01289914547212,31.22097312974303,0.0 131.01290050249318,31.220972448744217,0.0 131.01290185390036,31.22097177055277,0.0 131.01290319973722,31.220971095146822,0.0 131.01290454004675,31.220970422504816,0.0 131.01290587487117,31.22096975260549,0.0 131.0129072042523,31.220969085427924,0.0 131.0129085282312,31.22096842095145,0.0 131.01290984684843,31.220967759155727,0.0 131.01291116014403,31.22096710002068,0.0 131.0129124681574,31.220966443526503,0.0 131.0129137709274,31.2209657896537,0.0 131.0129150684924,31.220965138383008,0.0 131.0129163608903,31.22096448969544,0.0 131.01291764815835,31.22096384357226,0.0 131.01291893033337,31.220963199995023,0.0 131.01292020745169,31.22096255894548,0.0 131.01292147954916,31.220961920405657,0.0 131.0129227466611,31.22096128435781,0.0 131.01292400882247,31.22096065078444,0.0 131.01292526606767,31.220960019668247,0.0 131.0129265184308,31.2209593909922,0.0 131.01292776594522,31.22095876473948,0.0 131.0129290086442,31.220958140893448,0.0 131.01293024656036,31.22095751943772,0.0 131.01293147972603,31.22095690035609,0.0 131.01293270817317,31.220956283632592,0.0 131.0129339319331,31.220955669251406,0.0 131.01293515103708,31.220955057196967,0.0 131.0129363655157,31.220954447453863,0.0 131.01293757539935,31.22095384000691,0.0 131.01293878071803,31.220953234841044,0.0 131.01293998150126,31.22095263194146,0.0 131.0129411777784,31.22095203129348,0.0 131.01294236957833,31.22095143288261,0.0 131.0129435569296,31.220950836694527,0.0 131.01294473986044,31.220950242715087,0.0 131.0129459183988,31.220949650930315,0.0 131.01294709257223,31.220949061326365,0.0 131.01294826240803,31.2209484738896,0.0 131.0129494279332,31.22094788860646,0.0 131.0129505891744,31.22094730546362,0.0 131.012951746158,31.220946724447856,0.0 131.01295289891007,31.22094614554611,0.0 131.01295404745645,31.22094556874545,0.0 131.0129551918226,31.2209449940331,0.0 131.01295633203387,31.22094442139641,0.0 131.01295746811516,31.220943850822863,0.0 131.01295860009125,31.220943282300084,0.0 131.0129597279866,31.220942715815816,0.0 131.01296085182543,31.220942151357946,0.0 131.0129619716317,31.22094158891446,0.0 131.01296308742917,31.2209410284735,0.0 131.0129641992413,31.220940470023272,0.0 131.01296530709135,31.22093991355217,0.0 131.01296641100245,31.22093935904862,0.0 131.01296751099727,31.220938806501245,0.0 131.01296860709854,31.22093825589872,0.0 131.01296969932855,31.220937707229847,0.0 131.01297078770955,31.220937160483544,0.0 131.01297187226345,31.2209366156488,0.0 131.01297295301202,31.22093607271472,0.0 131.0129740299769,31.220935531670527,0.0 131.01297510317943,31.220934992505526,0.0 131.0129761726408,31.22093445520912,0.0 131.01297723838195,31.220933919770783,0.0 131.01297830042387,31.22093338618013,0.0 131.01297935878708,31.22093285442681,0.0 131.01298041349207,31.220932324500584,0.0 131.0129814645592,31.22093179639131,0.0 131.0129825120085,31.22093127008892,0.0 131.0129835558601,31.22093074558344,0.0 131.01298459613366,31.22093022286493,0.0 131.0129856328489,31.220929701923584,0.0 131.01298666602534,31.220929182749654,0.0 131.01298769568234,31.220928665333464,0.0 131.01298872183904,31.22092814966541,0.0 131.01298974451456,31.220927635735976,0.0 131.01299076372774,31.22092712353572,0.0 131.01299177949744,31.220926613055223,0.0 131.0129927918423,31.2209261042852,0.0 131.01299380078072,31.22092559721637,0.0 131.01299480633116,31.22092509183959,0.0 131.01299580851187,31.22092458814572,0.0 131.01299680734093,31.22092408612572,0.0 131.0129978028363,31.22092358577057,0.0 131.01299879501596,31.22092308707137,0.0 131.01299978389758,31.220922590019228,0.0 131.0130007694989,31.220922094605328,0.0 131.0130017518373,31.220921600820947,0.0 131.01300273093025,31.22092110865736,0.0 131.01300370679508,31.22092061810592,0.0 131.01300467944893,31.220920129158056,0.0 131.01300564890894,31.220919641805224,0.0 131.01300661519207,31.220919156038928,0.0 131.01300757831518,31.22091867185076,0.0 131.01300853829505,31.22091818923232,0.0 131.01300949514837,31.22091770817529,0.0 131.01301044889172,31.220917228671382,0.0 131.01301139954157,31.22091675071236,0.0 131.0130123471143,31.220916274290023,0.0 131.0130132916263,31.220915799396245,0.0 131.01301423309363,31.22091532602293,0.0 131.01301517153252,31.22091485416202,0.0 131.01301610695893,31.22091438380552,0.0 131.01301703938887,31.22091391494545,0.0 131.01301796883814,31.220913447573885,0.0 131.01301889532257,31.220912981682943,0.0 131.0130198188578,31.220912517264807,0.0 131.01302073945945,31.220912054311665,0.0 131.01302165714307,31.22091159281576,0.0 131.01302257192407,31.220911132769373,0.0 131.0130234838179,31.220910674164816,0.0 131.0130243928398,31.220910216994447,0.0 131.01302529900502,31.220909761250688,0.0 131.01302620232863,31.22090930692596,0.0 131.0130271028258,31.220908854012706,0.0 131.01302800051147,31.220908402503465,0.0 131.01302889540057,31.220907952390768,0.0 131.013029787508,31.220907503667185,0.0 131.0130306768485,31.220907056325338,0.0 131.01303156343675,31.22090661035788,0.0 131.01303244728743,31.22090616575748,0.0 131.01303332841516,31.22090572251687,0.0 131.01303420683445,31.22090528062878,0.0 131.01303508255967,31.220904840086,0.0 131.01303595560523,31.220904400881345,0.0 131.01303682598547,31.22090396300768,0.0 131.01303769371458,31.22090352645786,0.0 131.01303855880678,31.220903091224816,0.0 131.0130394212762,31.22090265730148,0.0 131.01304028113685,31.220902224680827,0.0 131.01304113840274,31.22090179335588,0.0 131.01304199308777,31.22090136331967,0.0 131.01304284520586,31.220900934565265,0.0 131.01304369477077,31.22090050708577,0.0 131.01304454179623,31.220900080874312,0.0 131.01304538629597,31.220899655924047,0.0 131.01304622828354,31.220899232228177,0.0 131.01304706777253,31.22089880977993,0.0 131.01304790477644,31.220898388572543,0.0 131.0130487393087,31.22089796859931,0.0 131.01304957138268,31.22089754985353,0.0 131.01305040101167,31.220897132328563,0.0 131.01305122820898,31.22089671601777,0.0 131.01305205298775,31.22089630091456,0.0 131.01305287536113,31.22089588701235,0.0 131.0130536953422,31.220895474304616,0.0 131.01305451294397,31.220895062784844,0.0 131.0130553281794,31.220894652446542,0.0 131.01305614106138,31.220894243283286,0.0 131.01305695160272,31.220893835288635,0.0 131.0130577598162,31.220893428456208,0.0 131.0130585657146,31.220893022779634,0.0 131.01305936931053,31.220892618252574,0.0 131.01306017061657,31.22089221486874,0.0 131.01306096964527,31.220891812621858,0.0 131.01306176640912,31.22089141150568,0.0 131.0130625609205,31.220891011514,0.0 131.01306335319182,31.220890612640616,0.0 131.0130641432353,31.220890214879383,0.0 131.01306493106327,31.2208898182242,0.0 131.01306571668783,31.220889422668925,0.0 131.01306650012114,31.22088902820754,0.0 131.0130672813752,31.22088863483397,0.0 131.0130680604621,31.22088824254224,0.0 131.01306883739366,31.22088785132636,0.0 131.01306961218182,31.2208874611804,0.0 131.0130703848384,31.220887072098428,0.0 131.01307115537503,31.220886684074586,0.0 131.01307192380355,31.220886297103,0.0 131.01307269013554,31.22088591117785,0.0 131.01307345438252,31.22088552629336,0.0 131.013074216556,31.220885142443773,0.0 131.01307497666738,31.220884759623345,0.0 131.01307573472815,31.220884377826383,0.0 131.0130764907495,31.22088399704723,0.0 131.01307724474273,31.220883617280244,0.0 131.013077996719,31.22088323851984,0.0 131.01307874668947,31.220882860760423,0.0 131.0130794946651,31.22088248399648,0.0 131.01308024065705,31.22088210822246,0.0 131.01308098467604,31.220881733432943,0.0 131.01308172673308,31.220881359622464,0.0 131.01308246683885,31.22088098678561,0.0 131.0130832050042,31.220880614917004,0.0 131.01308394123973,31.2208802440113,0.0 131.01308467555603,31.2208798740632,0.0 131.0130854079636,31.220879505067423,0.0 131.01308613847297,31.22087913701872,0.0 131.0130868670945,31.22087876991188,0.0 131.01308759383855,31.220878403741708,0.0 131.01308831871535,31.22087803850308,0.0 131.01308904173507,31.22087767419088,0.0 131.01308976290787,31.22087731080004,0.0 131.01309048224385,31.2208769483255,0.0 131.01309119975295,31.220876586762248,0.0 131.01309191544507,31.22087622610533,0.0 131.01309262933012,31.2208758663498,0.0 131.01309334141783,31.220875507490742,0.0 131.01309405171796,31.220875149523287,0.0 131.0130947602401,31.2208747924426,0.0 131.0130954669939,31.220874436243875,0.0 131.01309617198876,31.22087408092236,0.0 131.01309687523425,31.220873726473304,0.0 131.01309757673957,31.22087337289201,0.0 131.01309827651417,31.22087302017384,0.0 131.0130989745672,31.22087266831414,0.0 131.01309967090776,31.22087231730834,0.0 131.01310036554503,31.220871967151872,0.0 131.01310105848796,31.220871617840217,0.0 131.01310174974554,31.22087126936888,0.0 131.0131024393266,31.220870921733447,0.0 131.0131031272399,31.22087057492947,0.0 131.0131038134942,31.220870228952588,0.0 131.0131044980982,31.220869883798457,0.0 131.0131051810604,31.22086953946276,0.0 131.01310586238935,31.220869195941248,0.0 131.01310654209348,31.22086885322969,0.0 131.01310722018113,31.22086851132388,0.0 131.0131078966606,31.22086817021964,0.0 131.01310857154016,31.22086782991288,0.0 131.0131092448279,31.22086749039949,0.0 131.01310991653187,31.22086715167542,0.0 131.01311058666013,31.220866813736663,0.0 131.01311125522062,31.22086647657924,0.0 131.01311192222113,31.22086614019919,0.0 131.01311258766947,31.220865804592624,0.0 131.0131132515734,31.22086546975568,0.0 131.0131139139405,31.22086513568449,0.0 131.01311457477837,31.22086480237529,0.0 131.01311523409447,31.22086446982432,0.0 131.01311589189626,31.220864138027828,0.0 131.01311654819108,31.22086380698214,0.0 131.0131172029862,31.2208634766836,0.0 131.01311785628883,31.2208631471286,0.0 131.01311850810612,31.22086281831355,0.0 131.01311915844508,31.220862490234907,0.0 131.0131198073128,31.22086216288916,0.0 131.01312045471613,31.220861836272835,0.0 131.01312110066192,31.2208615103825,0.0 131.01312174515698,31.22086118521476,0.0 131.013122388208,31.22086086076624,0.0 131.01312302982163,31.2208605370336,0.0 131.01312367000443,31.22086021401357,0.0 131.01312430876288,31.220859891702865,0.0 131.01312494610343,31.22085957009828,0.0 131.01312558203244,31.22085924919659,0.0 131.01312621655617,31.22085892899469,0.0 131.01312684968087,31.22085860948944,0.0 131.01312748141268,31.22085829067773,0.0 131.01312811175768,31.22085797255655,0.0 131.01312874072187,31.22085765512285,0.0 131.01312936831127,31.22085733837368,0.0 131.01312999453165,31.22085702230605,0.0 131.01313061938893,31.220856706917072,0.0 131.0131312428888,31.22085639220386,0.0 131.01313186503688,31.22085607816356,0.0 131.01313248583887,31.220855764793374,0.0 131.01313310530034,31.220855452090493,0.0 131.0131337234267,31.2208551400522,0.0 131.0131343402234,31.22085482867575,0.0 131.01313495569576,31.22085451795849,0.0 131.01313556984914,31.220854207897737,0.0 131.01313618268873,31.22085389849088,0.0 131.01313679421966,31.220853589735345,0.0 131.0131374044471,31.22085328162857,0.0 131.01313801337605,31.22085297416801,0.0 131.0131386210115,31.2208526673512,0.0 131.01313922735835,31.22085236117567,0.0 131.01313983242147,31.220852055638968,0.0 131.0131404362057,31.22085175073869,0.0 131.01314103871573,31.220851446472487,0.0 131.01314163995625,31.22085114283801,0.0 131.01314223993185,31.22085083983293,0.0 131.0131428386472,31.220850537454982,0.0 131.01314343610673,31.22085023570189,0.0 131.01314403231487,31.22084993457143,0.0 131.01314462727606,31.22084963406141,0.0 131.01314522099463,31.22084933416964,0.0 131.01314581347492,31.22084903489401,0.0 131.01314640472103,31.22084873623236,0.0 131.01314699473733,31.22084843818264,0.0 131.0131475835278,31.22084814074276,0.0 131.01314817109653,31.22084784391068,0.0 131.01314875744762,31.220847547684407,0.0 131.01314934258497,31.220847252061954,0.0 131.01314992651257,31.220846957041346,0.0 131.01315050923424,31.22084666262065,0.0 131.0131510907539,31.220846368797968,0.0 131.01315167107515,31.220846075571387,0.0 131.01315225020187,31.220845782939072,0.0 131.01315282813775,31.22084549089917,0.0 131.01315340488637,31.22084519944986,0.0 131.01315398045136,31.22084490858935,0.0 131.01315455483623,31.220844618315887,0.0 131.01315512804456,31.220844328627685,0.0 131.01315570007975,31.220844039523044,0.0 131.01315627094527,31.22084375100025,0.0 131.01315684064448,31.220843463057623,0.0 131.0131574091807,31.22084317569349,0.0 131.01315797655727,31.22084288890621,0.0 131.01315854277743,31.22084260269416,0.0 131.01315910784444,31.220842317055727,0.0 131.01315967176149,31.22084203198932,0.0 131.01316023453165,31.22084174749339,0.0 131.01316079615813,31.220841463566376,0.0 131.01316135664396,31.220841180206744,0.0 131.0131619159922,31.220840897412973,0.0 131.01316247420584,31.220840615183583,0.0 131.0131630312879,31.220840333517085,0.0 131.01316358724128,31.22084005241201,0.0 131.01316414206892,31.22083977186693,0.0 131.01316469577372,31.2208394918804,0.0 131.01316524835855,31.220839212450976,0.0 131.0131657998262,31.220838933577305,0.0 131.01316635017943,31.22083865525796,0.0 131.0131668994211,31.220838377491592,0.0 131.01316744755388,31.220838100276826,0.0 131.01316799458053,31.22083782361232,0.0 131.01316854050373,31.22083754749673,0.0 131.01316908532613,31.220837271928755,0.0 131.0131696290504,31.22083699690707,0.0 131.01317017167912,31.220836722430377,0.0 131.01317071321495,31.220836448497405,0.0 131.0131712536604,31.220836175106857,0.0 131.01317179301807,31.220835902257488,0.0 131.01317233129046,31.220835629948024,0.0 131.01317286848015,31.220835358177247,0.0 131.01317340458957,31.2208350869439,0.0 131.01317393962125,31.220834816246768,0.0 131.01317447357755,31.22083454608464,0.0 131.01317500646104,31.22083427645628,0.0 131.0131755382741,31.22083400736052,0.0 131.01317606901912,31.220833738796145,0.0 131.01317659869855,31.22083347076199,0.0 131.01317712731472,31.22083320325685,0.0 131.01317765487002,31.2208329362796,0.0 131.0131781813668,31.22083266982904,0.0 131.01317870680745,31.22083240390401,0.0 131.01317923119427,31.220832138503365,0.0 131.0131797545296,31.22083187362597,0.0 131.01318027681577,31.220831609270668,0.0 131.01318079805495,31.220831345436324,0.0 131.01318131824968,31.22083108212181,0.0 131.01318183740207,31.22083081932599,0.0 131.01318235551443,31.22083055704776,0.0 131.01318287258908,31.220830295285968,0.0 131.01318338862822,31.220830034039533,0.0 131.01318390363417,31.220829773307305,0.0 131.01318441760915,31.220829513088194,0.0 131.01318493055544,31.220829253381083,0.0 131.01318544247525,31.220828994184863,0.0 131.01318595337085,31.220828735498447,0.0 131.01318646324444,31.22082847732071,0.0 131.0131869720983,31.22082821965056,0.0 131.0131874799347,31.2208279624869,0.0 131.01318798675575,31.220827705828626,0.0 131.01318849256376,31.22082744967464,0.0 131.01318899736094,31.220827194023848,0.0 131.01318950114955,31.22082693887513,0.0 131.01319000393175,31.22082668422743,0.0 131.01319050570984,31.220826430079608,0.0 131.013191006486,31.2208261764306,0.0 131.01319150626247,31.220825923279296,0.0 131.0131920050415,31.22082567062459,0.0 131.0131925028253,31.220825418465385,0.0 131.01319299961608,31.220825166800573,0.0 131.0131934954161,31.220824915629063,0.0 131.01319399022762,31.22082466494975,0.0 131.01319448405283,31.220824414761527,0.0 131.01319497689403,31.220824165063306,0.0 131.01319546875342,31.220823915853927,0.0 131.0131959596333,31.22082366713233,0.0 131.01319644953583,31.2208234188974,0.0 131.0131969384634,31.220823171147984,0.0 131.01319742641817,31.220822923883,0.0 131.01319791340248,31.22082267710132,0.0 131.0131983994185,31.220822430801825,0.0 131.0131988844686,31.22082218498337,0.0 131.013199368555,31.22082193964487,0.0 131.01319985168007,31.22082169478516,0.0 131.013200333846,31.22082145040313,0.0 131.01320081505511,31.22082120649763,0.0 131.01320129530976,31.220820963067528,0.0 131.01320177461218,31.22082072011169,0.0 131.01320225296473,31.22082047762896,0.0 131.01320273036967,31.22082023561821,0.0 131.0132032068294,31.22081999407828,0.0 131.0132036823462,31.220819753008016,0.0 131.0132041569224,31.22081951240627,0.0 131.01320463056035,31.22081927227189,0.0 131.01320510326235,31.22081903260369,0.0 131.01320557503084,31.22081879340056,0.0 131.0132060458681,31.220818554661257,0.0 131.01320651577652,31.220818316384687,0.0 131.0132069847584,31.220818078569632,0.0 131.01320745281615,31.22081784121495,0.0 131.01320791995218,31.22081760431944,0.0 131.0132083861688,31.22081736788193,0.0 131.01320885146845,31.220817131901264,0.0 131.01320931585343,31.22081689637622,0.0 131.0132097793262,31.22081666130564,0.0 131.01321024188908,31.220816426688327,0.0 131.01321070354453,31.22081619252309,0.0 131.01321116429492,31.22081595880875,0.0 131.01321162414263,31.22081572554412,0.0 131.0132120830901,31.220815492727965,0.0 131.0132125411397,31.220815260359142,0.0 131.01321299829385,31.220815028436423,0.0 131.01321345455491,31.22081479695863,0.0 131.01321390992535,31.220814565924552,0.0 131.0132143644075,31.220814335333,0.0 131.01321481800386,31.220814105182768,0.0 131.01321527071676,31.22081387547267,0.0 131.0132157225486,31.22081364620149,0.0 131.01321617350183,31.22081341736805,0.0 131.0132166235788,31.22081318897115,0.0 131.01321707278197,31.22081296100958,0.0 131.0132175211137,31.220812733482145,0.0 131.01321796857636,31.220812506387663,0.0 131.01321841517233,31.22081227972496,0.0 131.01321886090406,31.2208120534928,0.0 131.01321930577384,31.220811827690024,0.0 131.01321974978407,31.220811602315447,0.0 131.01322019293718,31.22081137736788,0.0 131.01322063523543,31.22081115284616,0.0 131.01322107668125,31.22081092874908,0.0 131.0132215172769,31.22081070507549,0.0 131.01322195702477,31.220810481824223,0.0 131.01322239592716,31.22081025899412,0.0 131.01322283398636,31.22081003658401,0.0 131.01322327120468,31.220809814592748,0.0 131.01322370758444,31.220809593019176,0.0 131.0132241431279,31.22080937186217,0.0 131.01322457783726,31.220809151120605,0.0 131.01322501171484,31.22080893079333,0.0 131.0132254447628,31.22080871087924,0.0 131.0132258769834,31.220808491377216,0.0 131.0132263083788,31.220808272286167,0.0 131.0132267389512,31.220808053605,0.0 131.01322716870274,31.22080783533261,0.0 131.01322759763556,31.22080761746795,0.0 131.01322802575177,31.22080740000993,0.0 131.0132284530534,31.22080718295753,0.0 131.01322887954262,31.22080696630968,0.0 131.0132293052214,31.22080675006536,0.0 131.0132297300918,31.220806534223552,0.0 131.01323015415576,31.220806318783254,0.0 131.01323057741527,31.22080610374347,0.0 131.0132309998722,31.22080588910324,0.0 131.01323142152856,31.2208056748616,0.0 131.0132318423861,31.2208054610176,0.0 131.01323226244668,31.22080524757032,0.0 131.01323268171214,31.22080503451883,0.0 131.01323310018418,31.22080482186225,0.0 131.01323351786456,31.22080460959972,0.0 131.01323393475496,31.220804397730344,0.0 131.01323435085703,31.22080418625333,0.0 131.01323476617233,31.220803975167847,0.0 131.01323518070242,31.220803764473104,0.0 131.0132355944488,31.22080355416833,0.0 131.01323600741298,31.220803344252776,0.0 131.01323641959632,31.22080313472573,0.0 131.01323683100014,31.220802925586508,0.0 131.01323724162583,31.22080271683442,0.0 131.01323765147455,31.22080250846884,0.0 131.01323806054756,31.220802300489133,0.0 131.01323846884594,31.220802092894743,0.0 131.0132388763707,31.22080188568509,0.0 131.01323928312303,31.22080167885968,0.0 131.01323968910367,31.220801472418007,0.0 131.01324009431357,31.220801266359626,0.0 131.01324049875345,31.22080106068412,0.0 131.0132409024241,31.22080085539111,0.0 131.0132413053261,31.220800650480268,0.0 131.01324170746,31.220800445951287,0.0 131.01324210882632,31.220800241803904,0.0 131.0132425094253,31.220800038037915,0.0 131.0132429092574,31.22079983465313,0.0 131.01324330832267,31.22079963164948,0.0 131.01324370662124,31.22079942902686,0.0 131.01324410415307,31.22079922678526,0.0 131.01324450091803,31.220799024924727,0.0 131.01324489691584,31.220798823445367,0.0 131.0132452921461,31.220798622347328,0.0 131.01324568660843,31.22079842163083,0.0 131.01324608030205,31.22079822129616,0.0 131.01324647322627,31.22079802134368,0.0 131.01324686539948,31.220797821764258,0.0 131.0132472568203,31.22079762255855,0.0 131.013247647496,31.220797423722946,0.0 131.01324803743233,31.220797225254543,0.0 131.01324842663513,31.220797027150496,0.0 131.01324881511005,31.22079682940793,0.0 131.01324920286282,31.22079663202401,0.0 131.0132495898991,31.22079643499593,0.0 131.01324997622444,31.22079623832087,0.0 131.0132503618445,31.22079604199605,0.0 131.01325074676478,31.22079584601872,0.0 131.01325113099082,31.220795650386137,0.0 131.013251514528,31.22079545509556,0.0 131.0132518973817,31.220795260144328,0.0 131.01325227955746,31.22079506552973,0.0 131.01325266106042,31.220794871249144,0.0 131.01325304189595,31.220794677299903,0.0 131.01325342206923,31.220794483679416,0.0 131.01325380158548,31.220794290385108,0.0 131.01325418044985,31.2207940974144,0.0 131.01325455866737,31.220793904764754,0.0 131.01325493624313,31.22079371243366,0.0 131.0132553131821,31.220793520418628,0.0 131.01325568948923,31.2207933287172,0.0 131.0132560651694,31.22079313732693,0.0 131.01325644022742,31.220792946245403,0.0 131.01325681466815,31.22079275547023,0.0 131.01325718849623,31.22079256499907,0.0 131.01325756171644,31.220792374829568,0.0 131.01325793433327,31.220792184959425,0.0 131.01325805075666,31.22079212302751,0.0 131.01325828343892,31.220792005137817,0.0 131.0132584211412,31.22079193119444,0.0 131.01325865499447,31.22079184729653,0.0 131.0132585772765,31.2207918146596,0.0 131.01325880380165,31.2207917423372,0.0</coordinates>
            </LineString>
        </Placemark>
    </Document>
</kml>
