<?xml version="1.0" encoding="UTF-8"?>
<kml xmlns="http://www.opengis.net/kml/2.2" xmlns:gx="http://www.google.com/kml/ext/2.2">
    <Document id="231">
        <Style id="234">
            <LineStyle id="235">
                <color>ff0000ff</color>
                <colorMode>normal</colorMode>
                <width>3</width>
            </LineStyle>
        </Style>
        <Style id="238">
            <LineStyle id="239">
                <color>ff00ff00</color>
                <colorMode>normal</colorMode>
                <width>3</width>
            </LineStyle>
        </Style>
        <Placemark id="233">
            <name>flight_path</name>
            <styleUrl>#234</styleUrl>
            <LineString id="232">
                <altitudeMode>relativeToGround</altitudeMode>
                <coordinates>131.010392,31.222216000000007,3.000000004412624 131.0103920000045,31.222215999991075,3.0000027652305543 131.0103920000085,31.222215999994766,3.0000030853541984 131.0103920000085,31.222215999994766,3.0000030853541984 131.01039200000852,31.222215999994766,3.0000030853541984 131.01039201539675,31.22221599246117,3.0023884986471163 131.0103920617776,31.22221596990869,3.015331231721257 131.01039213193175,31.22221593580231,3.0351264363252404 131.01039220552698,31.222215900001803,3.055106219166761 131.0103923261533,31.222215841380503,3.090004394730484 131.01039241011944,31.222215800500727,3.1115340872331685 131.01039255023213,31.22221573238213,3.151063460926564 131.0103926908424,31.222215663995925,3.189784893121109 131.01039284206664,31.22221559043897,3.23111772340097 131.01039301222698,31.2222155076778,3.2778754514712065 131.01039319835945,31.22221541714896,3.329057119327625 131.01039339622227,31.222215320908244,3.383229829375461 131.0103936086097,31.222215217601374,3.4413386621870097 131.01039382835415,31.2222151107022,3.500962017738751 131.0103940692252,31.222214993537087,3.566754013292423 131.0103943154942,31.22221487372917,3.6334003425495367 131.0103945800907,31.22221474501192,3.705270765720048 131.01039485370347,31.222214611898128,3.779219998303775 131.01039513986652,31.222214472675024,3.856442763351153 131.01039544418495,31.22221432462593,3.9388336136528577 131.01039575462735,31.22221417358214,4.022328928820314 131.01039608061367,31.222214014978025,4.110111315127456 131.01039641907315,31.22221385030192,4.20114441129061 131.01039677261693,31.22221367828824,4.296310626724281 131.01039713608534,31.22221350143773,4.393868548192477 131.010397517966,31.22221331563664,4.496683993164735 131.01039790540767,31.22221312711366,4.600420125064151 131.01039830590005,31.22221293223868,4.707604968129808 131.01039871921526,31.222212731122088,4.8181619013200345 131.01039914602634,31.222212523437697,4.932317992273902 131.0103995843797,31.222212310132328,5.049414803571431 131.01040002919007,31.222212093670787,5.167739039340097 131.010400488852,31.222211869984235,5.290119088179969 131.01040096154043,31.222211639957216,5.415939478570699 131.01040144391652,31.222211405208075,5.544076156420129 131.01040193996343,31.222211163806087,5.675869112702848 131.01040244347448,31.22221091875968,5.809230869593894 131.01040295825328,31.222210668225145,5.945439804389508 131.01040348638034,31.22221041119396,6.085193185839201 131.01040402793237,31.222210147628825,6.228514853755213 131.0104045774418,31.22220988018005,6.373570321964543 131.0104051377902,31.2222096074508,6.521325187598352 131.01040571307726,31.222209327453587,6.673149607941206 131.01040630329675,31.222209040191352,6.829037586096744 131.01040689520636,31.22220875208352,6.984563197684807 131.01040750096558,31.22220845723537,7.143787353550456 131.0104081214021,31.222208155245536,7.306979827983644 131.01040875222748,31.222207848192888,7.472708023785239 131.01040938861175,31.222207538419,7.639365051166282 131.0104100415545,31.222207220590928,7.810603337186065 131.01041070492113,31.22220689768276,7.98437975261839 131.0104113765162,31.222206570758807,8.159965504549577 131.0104120620245,31.22220624038504,8.33923168469853 131.0104127526745,31.22220590409632,8.52049441104081 131.01041345459768,31.222205563794017,8.704540394081219 131.01041417304918,31.22220521519636,8.893627601315451 131.0104148948174,31.22220486495575,9.083330990591412 131.01041562650786,31.222204509858983,9.275809057534936 131.01041637170152,31.222204148152446,9.472213445962714 131.01041713206467,31.222203779012418,9.673059539325733 131.0104178887127,31.222203411652124,9.872248331700051 131.01041865862337,31.222203037781224,10.075233820318834 131.0104194495694,31.22220265358107,10.284436326797175 131.01042024294023,31.222202268151207,10.49392506112452 131.0104210414876,31.222201880148333,10.70458260775243 131.01042185597245,31.22220148428764,10.919729197957206 131.01042268360024,31.222201081927697,11.13843328718613 131.01042351647953,31.222200676941767,11.358254831277186 131.01042435737406,31.22220026797005,11.580025799375964 131.0104252133577,31.22219985152276,11.805813913766018 131.01042608495544,31.222199427329915,12.035692201936282 131.01042695478466,31.22219900395968,12.264550826775904 131.0104278425055,31.222198571710905,12.49807339404124 131.01042874027831,31.222198134442912,12.733916626659932 131.01042964699673,31.22219769269948,12.971735939327214 131.01043056057125,31.22219724751128,13.210922337193685 131.01043149426476,31.222196792308104,13.45503331026256 131.01043243726969,31.22219633243304,13.701049403025165 131.01043338250943,31.22219587139368,13.947098292986428 131.01043434732253,31.22219540058996,14.197665018805418 131.01043532816468,31.222194921769788,14.45169167747672 131.0104363073638,31.222194443704257,14.704693999005116 131.0104373040895,31.22219395687378,14.961433809592272 131.01043831609016,31.22219346238863,15.221215999920416 131.0104393369132,31.22219296345312,15.482429413726209 131.01044036760592,31.22219245954541,15.745293294297063 131.01044141365932,31.22219194793073,16.01100086257915 131.0104424741343,31.22219142907238,16.27923710123055 131.0104435397547,31.22219090758628,16.547896102246053 131.01044462476392,31.22219037637906,16.820033555133147 131.01044572660268,31.22218983672093,17.094962423965985 131.0104468321939,31.222189295125528,17.369903398400016 131.01044796245563,31.22218874116945,17.64910124202713 131.0104491038046,31.222188181618545,17.929680359684617 131.0104502486927,31.222187620235527,18.210157416987293 131.0104514202485,31.22218704549037,18.49492610877129 131.01045260545254,31.222186463871378,18.78136249325964 131.0104538029861,31.222185876036264,19.06919098735729 131.0104550195119,31.222185278662668,19.35954986743674 131.0104562455878,31.22218467645841,19.65068447682905 131.0104574829928,31.222184068536794,19.942876310560624 131.01045875037627,31.22218344559903,20.239178256288408 131.01046001362275,31.222182824655853,20.533827935493605 131.01046130815743,31.2221821880454,20.83259462342381 131.01046262125024,31.22218154211568,21.133263966734912 131.01046393803563,31.222180894278264,21.433503884748127 131.0104652733294,31.22218023714848,21.735565689417253 131.01046665142044,31.22217955862313,22.042898587002547 131.01046802821057,31.2221788806816,22.34893382633852 131.01046940600682,31.222178202172888,22.65411154315803 131.01047083790095,31.222177496648868,22.96574106732536 131.01047225514435,31.22217679836057,23.27422238462644 131.01047369840109,31.22217608705316,23.58512119392375 131.01047520230432,31.22217534548824,23.90275104186684 131.01047665820198,31.22217462776252,24.21306020406988 131.01047817521675,31.222173879553704,24.52997910713803 131.01047972628487,31.222173114343963,24.849814256350253 131.01048123767384,31.22217236881703,25.16369798130861 131.0104828295243,31.222171583209377,25.485947828266507 131.01048440955614,31.22217080342732,25.805534491764007 131.01048599441287,31.22217002118938,26.124507567347283 131.0104876514729,31.22216920301167,26.45027686006052 131.01048928231572,31.22216839781308,26.771872736285896 131.01049093472977,31.22216758184368,27.09460066037276 131.01049265075298,31.22216673423619,27.4227352890394 131.01049433280454,31.222165903450325,27.74603920933948 131.01049606436047,31.22216504804181,28.073151277854446 131.0104978234847,31.222164178911395,28.401681584543816 131.0104995604817,31.22216332071348,28.726743395922508 131.0105013786707,31.22216242220592,29.05836816128964 131.01050316959828,31.222161537178224,29.38602500531241 131.0105049837554,31.22216064059304,29.714587754807567 131.01050687161103,31.222159707456004,30.0485988734424 131.01050871698848,31.222158795328266,30.377363332395586 131.0105106090257,31.222157860054487,30.70903099412572 131.01051255134723,31.22215689985914,31.04377151830996 131.010514457194,31.222155957685416,31.37395060102776 131.01051643696343,31.22215497890534,31.709199732016227 131.01051840424523,31.222154006278146,32.04198668431382 131.01052038464934,31.22215302713268,32.37454678030413 131.01052244885062,31.22215200654453,32.7127496741752 131.01052446568576,31.22215100934465,33.04562008779242 131.01052652341903,31.222149991912943,33.38052794170073 131.01052865400862,31.222148938486065,33.71999496850618 131.01053071889234,31.22214791748416,34.0527480570197 131.0105328781351,31.22214684988736,34.39176709847606 131.01053503532336,31.222145783297204,34.72922628914489 131.01053718120133,31.22214472227053,35.0644297605323 131.0105394218668,31.22214361448832,35.40580434787555 131.01054161740373,31.222142528951608,35.742231416734064 131.0105438582895,31.22214142105013,36.08090034835317 131.01054614343093,31.22214029133897,36.4217050414323 131.0105483948236,31.222139178249545,36.75850745611598 131.01055072743387,31.222138025154745,37.10037551509845 131.01055303828892,31.22213688277474,37.43919876618499 131.0105553628539,31.222135733641803,37.777784928498 131.01055776364214,31.22213454699863,38.12109082635076 131.0105601219311,31.22213338127309,38.459729672623006 131.01056252578377,31.222132193132808,38.800698721117584 131.01056496269038,31.2221309887432,39.14303703766229 131.0105673766802,31.22212979562928,39.48226966311511 131.01056987920228,31.222128558995667,39.8273987027066 131.010572337046,31.22212734433633,40.16767277642455 131.01057482897204,31.222126112931896,40.50949080373854 131.01057739838447,31.22212484346356,40.85650336355146 131.01057989521567,31.222123609670245,41.19630756233072 131.01058248659268,31.22212232943803,41.54282756057647 131.01058505175004,31.22212106210096,41.88600073792796 131.01058763517267,31.22211978580412,42.229571220902166 131.01059028105547,31.222118478846514,42.577412396672905 131.01059288281672,31.22211719357129,42.92032942853531 131.010595558549,31.22211587198572,43.268645913200174 131.01059822052247,31.2221145571718,43.614709442318976 131.01060088626912,31.22211324051896,43.96004895307755 131.0106036243309,31.22211188837369,44.310949384357656 131.01060631077794,31.22211056158583,44.65613733517391 131.01060906733582,31.222109200386416,45.00683662241901 131.01061181174623,31.222107845164903,45.355476948880565 131.01061456573035,31.222106485255,45.70408040636319 131.0106173831734,31.2221050941934,46.057904234357046 131.01062014891036,31.22210372853589,46.40583475565749 131.0106229943347,31.222102323749496,46.76072951440543 131.0106258066309,31.222100935243617,47.11152860418143 131.01062864488048,31.222099533996005,47.46410091142189 131.01063153043577,31.222098109508966,47.820734187134086 131.0106343712548,31.222096707010344,48.17200773102371 131.0106372861877,31.22209526808702,48.53023519744632 131.01064017201256,31.222093843471526,48.88471917871864 131.01064307936207,31.22209240827265,49.240766792606365 131.01064603597095,31.22209094884036,49.60145006789375 131.01064894311253,31.22208951373648,49.95613251726984 131.01065192781496,31.22208804046052,50.31863359364472 131.0106548827567,31.222086581817635,50.6772760657749 131.01065785597177,31.222085114167488,51.03732576808395 131.01066086057375,31.22208363104156,51.40031490756356 131.01066383615938,31.222082162190706,51.75947277807926 131.01066688023235,31.22208065956804,52.125832435755946 131.0106698867295,31.222079175439088,52.487393156851184 131.01067292635395,31.222077674950228,52.85219966789286 131.010675981168,31.222076166934503,53.218243336200416 131.0106790130843,31.22207467018441,53.58113233663195 131.01068212317253,31.22207313480879,53.95255477105824 131.01068517443008,31.22207162843757,54.31667362963131 131.01068828327115,31.22207009358392,54.68696350905473 131.0106913836125,31.222068562878807,55.05577671565393 131.01069447936564,31.222067034394527,55.42355961702125 131.01069763055844,31.222065478443024,55.797261914385565 131.0107007378879,31.222063944128912,56.16539002227029 131.01070390599511,31.22206237968687,56.54001369659085 131.0107070496694,31.22206082727235,56.91130742644588 131.01071020755285,31.222059267762408,57.28370519015395 131.01071340080483,31.222057690667977,57.65957815241156 131.01071655681326,31.22205613195404,58.03068734387429 131.01071978799305,31.22205453592156,58.40966964419829 131.01072297555385,31.222052961431206,58.78318628797549 131.0107262107992,31.222051363228648,59.161385316410346 131.01072943298627,31.2220497714226,59.53751891403458 131.01073265527364,31.22204817949113,59.913041833258895 131.0107359231633,31.22204656485808,60.292788066008605 131.0107391541955,31.22204496843032,60.667923764554885 131.01074246322972,31.22204333321532,61.05053369552121 131.01074572797629,31.222041719895152,61.4277803524524 131.01074902528035,31.22204009033488,61.807635217455086 131.01075234354718,31.222038450285023,62.188796291704485 131.0107556301335,31.222036825879663,62.56599932931041 131.01075897910286,31.222035170421783,62.94850104737629 131.0107623175763,31.22203352009145,63.329071187315 131.01076563786566,31.22203187870793,63.70705031262934 131.01076899751973,31.222030217699647,64.08782566426461 131.01077238326738,31.222028543656496,64.47001332076744 131.01077575376203,31.22202687710692,64.84982352154111 131.0107791255901,31.222025209817183,65.22879020573005 131.0107825302098,31.22202352617343,65.60961721530315 131.01078594200283,31.222021838895216,65.9899803559302 131.010789352513,31.22202015218072,66.36915868938311 131.01079276851877,31.222018462667325,66.74771306034917 131.01079620561515,31.222016762620022,67.12687802533287 131.01079964676373,31.22201506049616,67.50520890147297 131.01080309134218,31.22201335660604,67.88264854698073 131.0108065457609,31.222011647772884,68.25967578649859 131.0108100086026,31.22200993470324,68.63614161901292 131.0108134765609,31.2220082190396,69.01176754591873 131.01081695005672,31.22200650057612,69.38656550061404 131.01082043401823,31.22200477687388,69.76087356766529 131.01082392667115,31.22200304881628,70.13453146751661 131.01082742705506,31.2220013168827,70.50744905161719 131.01083093162154,31.221999582833888,70.8793585484542 131.01083444029737,31.221997846708973,71.2502433781947 131.01083796363113,31.22199610328968,71.62081305609155 131.01084148950787,31.22199435857731,71.99021668798794 131.01084502469857,31.22199260922381,72.35890762801337 131.01084856681538,31.221990856414745,72.72671144518017 131.01085211835408,31.22198909891937,73.09378433495206 131.01085567240463,31.22198734015833,73.45966522040625 131.01085923566512,31.22198557682296,73.82478888002576 131.0108628071151,31.22198380942199,74.18908189949661 131.0108663822118,31.22198204020359,74.55225108269222 131.01086996751192,31.22198026593133,74.91471740197896 131.01087356294263,31.221978486645465,75.27647508082768 131.01087715833236,31.221976707372026,75.6368826566979 131.01088076476415,31.22197492264089,75.9966493892326 131.01088437585608,31.22197313560636,76.35537699994661 131.0108879922132,31.221971345971976,76.71311309651341 131.01089161488906,31.22196955322046,77.06993445073718 131.0108952455058,31.221967756554143,77.4259556393702 131.01089888134064,31.22196595731861,77.78101764462723 131.01090252434167,31.22196415455501,78.13525898685907 131.01090617137663,31.22196234980993,78.48849605879516 131.01090982406637,31.221960542285736,78.84084942292965 131.01091347943353,31.221958733451743,79.19214566793661 131.01091714073712,31.221956921702645,79.54261473761633 131.01092080919585,31.22195510643924,79.89235877882119 131.01092448113215,31.221953289474936,80.2411590506702 131.01092815768897,31.221951470247127,80.5891120531843 131.01093183859396,31.22194964889052,80.93622320760734 131.01093551901914,31.221947827784334,81.28218999933189 131.01093920584773,31.22194600353708,81.62750158490175 131.01094289294272,31.22194417917253,81.9717654459779 131.0109465873944,31.22194235119693,82.31549556227966 131.01095028145815,31.22194052342564,82.65817982478752 131.01095398328192,31.22193869184332,83.00041592695727 131.01095768431273,31.221936860663384,83.34162417746195 131.0109613871631,31.221935028597592,83.68201198396953 131.01096509530527,31.22193319393349,84.02185966511024 131.01096880508675,31.22193135846957,84.36092764440144 131.01097251395538,31.22192952346237,84.69904741071053 131.01097622862392,31.221927685601173,85.03674573311667 131.0109799429937,31.221925847890365,85.37358926839563 131.01098366124367,31.22192400826759,85.7099179975863 131.01098737959268,31.22192216859506,86.04546460073328 131.01099109801646,31.221920328882703,86.38024561261332 131.0109948179185,31.22191848843584,86.71439149312576 131.01099853924848,31.22191664727647,87.04791928660819 131.01100226062064,31.22191480608583,87.38073678010859 131.01100598239267,31.221912964684805,87.71288891039252 131.01100970295678,31.22191112386448,88.04426079288793 131.01101342676353,31.221909281424228,88.37523014016027 131.01101714790005,31.221907440281328,88.7053269648418 131.0110208717312,31.221905597782808,89.03500352503664 131.0110245952062,31.22190375543276,89.3640197446391 131.01102831498537,31.221901914879577,89.6921050895976 131.01103203725933,31.22190007305996,90.01978275273734 131.0110357578972,31.22189823201316,90.34671478698392 131.01103947542,31.2218963924686,90.67278053652925 131.0110431951763,31.221894551777105,90.99843170483727 131.011046910858,31.221892713057528,91.32314056397664 131.01105062712867,31.221890873999147,91.647298169278 131.0110543457561,31.22188903372325,91.97105095384708 131.01105805957687,31.221887195775263,92.29379623398744 131.0110617721827,31.221885358374408,92.615830726946 131.01106548365016,31.22188352148027,92.93715480100884 131.0110691966094,31.221881683786737,93.25797830683791 131.01107290722362,31.22187984719368,93.57797537673198 131.011076616099,31.221878011399056,93.89718775737032 131.0110803258182,31.22187617512021,94.21581461688451 131.01108403338472,31.22187433984176,94.53360018042147 131.01108773873403,31.22187250559457,94.85052829570594 131.0110914468881,31.22187066988537,95.16698351325576 131.0110951496335,31.221868836788943,95.48230097884588 131.0110988578068,31.221867000925982,95.79731401164592 131.0111025622547,31.22186516683889,96.11129144134055 131.01110626731327,31.221863332374888,96.42455298214436 131.01110997197844,31.22186149803182,96.73700211526383 131.0111136781622,31.22185966286004,97.04876159139543 131.01111738362255,31.22185782797265,97.35964488812132 131.01112108828153,31.221855993408628,97.66962897406124 131.01112479263324,31.221854158922767,97.97873010338316 131.01112849840447,31.22185232365788,98.28704855800277 131.0111322014516,31.22185048967245,98.59427460041076 131.0111359064327,31.2218486546538,98.90071101595876 131.0111396108586,31.221846819839016,99.20616482637908 131.01114331481924,31.22184498518447,99.5106239878252 131.0111470185089,31.2218431505948,99.81408201271972 131.0111507255349,31.221841314280063,100.1167492957482 131.01115442892356,31.221839479704474,100.41816172171517 131.01115813539735,31.221837643531632,100.71872571918142 131.01116184456467,31.221835805957934,101.01839033850598 131.01116555287774,31.22183396874639,101.31692236209656 131.0111692626298,31.221832130760408,101.61444392372444 131.0111729739779,31.22183029192416,101.910944640511 131.01117668782027,31.22182845179409,102.20645759033708 131.01118039804845,31.221826613403035,102.5006228309941 131.0111841106178,31.22182477379836,102.79376284385384 131.0111878246508,31.221822933418,103.08581001119096 131.01119153840273,31.22182109312953,103.37665706663076 131.01119525606117,31.221819250858843,103.66651443930316 131.01119897136596,31.2218174097122,103.95504069053734 131.01120268634716,31.22181556868505,104.24233598637412 131.0112064082599,31.221813724184567,104.5287568713764 131.0112101310281,31.221811879224905,104.81398261722968 131.0112138519442,31.221810035149183,105.0978760233136 131.01121757675176,31.22180818911464,105.380714149544 131.0112213031416,31.22180634226788,105.66237557213988 131.0112250316865,31.221804494327696,105.94288350893302 131.011228762676,31.221802645153247,106.22224763117826 131.01123249570267,31.22180079494864,106.50044581174738 131.0112362279179,31.22179894512578,106.77734433320306 131.0112399618313,31.22179709444488,107.05306038610564 131.01124369710024,31.22179524307781,107.32757801183284 131.01124743158823,31.22179339208338,107.60080146985128 131.0112511670031,31.221791540618806,107.87281204126197 131.01125491082215,31.221789684989325,108.14395146981816 131.0112586496028,31.221787831843063,108.41361546870024 131.01126239061497,31.22178597758716,108.6821398250088 131.0112661351082,31.2217841216062,108.94958663427872 131.0112698793051,31.22178226576865,109.21579315945124 131.01127362422403,31.22178040957253,109.4808138269038 131.0112773676554,31.22177855411072,109.74455795660204 131.01128111295333,31.22177669772744,110.00718710068504 131.011284860771,31.221774840101464,110.26874213482203 131.01128860586016,31.221772983825783,110.5289955911598 131.01129235257952,31.22177112674848,110.78815794516906 131.01129610286836,31.22176926791296,111.04633221531245 131.01129985398313,31.221767408674587,111.30340605067948 131.0113036019476,31.221765550996903,111.55920714937498 131.01130735044893,31.221763693059696,111.81392067773211 131.01131110261932,31.22176183331702,112.0677108236723 131.01131485560504,31.22175997317784,112.32045917836996 131.01131860816366,31.22175811325539,112.57212082471304 131.01132235990573,31.221756253741727,112.82269149058848 131.01132611334722,31.22175439339455,113.07230974790023 131.01132986341736,31.221752534716664,113.32074268216496 131.0113336172897,31.221750674166103,113.56836114607265 131.01133737070737,31.22174881384369,113.8149715391008 131.0113411255687,31.221746952811426,114.06068515526212 131.01134487845792,31.22174509275485,114.30534396512932 131.0113486293923,31.22174323366461,114.54896243505463 131.01135238248847,31.22174137350668,114.79177069502138 131.0113561363179,31.22173951298501,115.03371227728104 131.0113598926552,31.22173765122169,115.27489729251884 131.0113636457571,31.221735791052257,115.5150340580825 131.01136739820004,31.22173393120271,115.75427271223526 131.01137115517855,31.22173206910452,115.99291193916376 131.01137490777523,31.22173020916234,116.23047918480329 131.01137866315688,31.221728347832794,116.46737996036784 131.01138241745286,31.221726487026874,116.70341423459116 131.01138616761227,31.22172462825141,116.93842092055452 131.0113899178134,31.22172276943884,117.17264500015288 131.0113936660852,31.22172091156164,117.40598642330995 131.01139741271754,31.22171905447464,117.63847073419898 131.01140115768473,31.22171719818858,117.87010513509624 131.01140490096373,31.22171534271288,118.10089620805358 131.01140864253432,31.221713488055546,118.33084987712677 131.01141238237895,31.221711634223304,118.55997141732723 131.0114161204829,31.221709781221456,118.78826542579644 131.01141985683412,31.221707929053984,119.01573581485236 131.01142359142352,31.221706077723447,119.24238580801396 131.0114273242447,31.221704227231115,119.46821793105968 131.011431055294,31.221702377576857,119.6932340080518 131.01143478457067,31.22170052875922,119.91743516233308 131.01143851207664,31.22169868077546,120.14082181950988 131.0114422378165,31.22169683362151,120.36339370844802 131.0114459617976,31.221694987292075,120.58514986624388 131.0114496840298,31.22169314178061,120.80608865114704 131.0114534045256,31.22169129707937,121.02620775349487 131.01145712329992,31.221689453179504,121.24550420465977 131.0114608403701,31.221687610070976,121.46397439394651 131.0114645557557,31.22168576774276,121.68161408847338 131.0114682694787,31.221683926182763,121.89841844311 131.01147198156303,31.22168208537796,122.114382029306 131.0114756920347,31.2216802453144,122.32949885496632 131.0114794009216,31.221678405977297,122.54376239029828 131.01148310825351,31.22167656735108,122.75716558967544 131.01148681406173,31.22167472941946,122.96970092642783 131.01149051837913,31.221672892165472,123.18136040774976 131.01149422124004,31.22167105557156,123.392135619428 131.0114979226801,31.221669219619663,123.60201774870248 131.01150162273595,31.221667384291244,123.8109976160712 131.01150532144536,31.22166554956737,124.01906571107284 131.01150901884685,31.22166371542881,124.2262122250846 131.01151271497974,31.22166188185609,124.43242708511752 131.0115164098839,31.221660048829545,124.63769998860212 131.0115201035996,31.22165821632941,124.84202044314576 131.01152379616735,31.22165638433588,125.04537779535552 131.0115274876279,31.2216545528292,125.24776127457116 131.01153117802187,31.22165272178968,125.4491600226812 131.01153486738983,31.221650891197854,125.64956313487392 131.01153855577212,31.22164906103445,125.8489596904473 131.01154224320848,31.22164723128049,126.04733879852944 131.01154592973828,31.22164540191739,126.2446896179554 131.01154961540016,31.22164357292693,126.44100141292608 131.01155330023187,31.22164174429141,126.63626356990387 131.01155698427047,31.22163991599365,126.83046564233798 131.0115606675518,31.22163808801705,127.02359737551086 131.01156435011063,31.2216362603456,127.2156487492752 131.01156803198057,31.22163443296403,127.40660999495064 131.0115717131938,31.221632605857728,127.59647164501727 131.0115753937812,31.22163077901287,127.78522453907745 131.01157907377203,31.2216289524164,127.97285987156374 131.01158275319415,31.22162712605609,128.15936921161503 131.01158643207367,31.221625299920568,128.34474452295316 131.01159011043504,31.221623473999315,128.52897819270558 131.01159378830098,31.221621648282703,128.71206306221532 131.0115974656925,31.22161982276205,128.89399242405773 131.0116011426286,31.221617997429554,129.07476006775832 131.0116048191266,31.22161617227836,129.25436028078698 131.01160849520187,31.221614347302538,129.43278787240868 131.01161217086795,31.221612522497114,129.6100381776583 131.0116158461365,31.22161069785803,129.7861070851701 131.01161952101717,31.221608873382188,129.9609910341929 131.0116231955178,31.221607049067376,130.13468702750987 131.0116268696443,31.22160522491232,130.3071926433652 131.01163054340083,31.22160340091664,130.47850603347447 131.0116342167896,31.22160157708084,130.6486259260044 131.01163788981114,31.22159975340625,130.81755163750023 131.01164156246404,31.221597929895086,130.98528306195047 131.01164523474532,31.221596106550344,131.15182067177983 131.0116489066503,31.22159428337583,131.31716551188555 131.01165257817254,31.221592460376066,131.48131919963495 131.01165624930422,31.22159063755632,131.64428391691536 131.01165992003587,31.221588814922548,131.80606239124725 131.0116635903567,31.22158699248136,131.96665789876596 131.01166726025443,31.221585170239976,132.12607424235563 131.01167092971548,31.221583348206217,132.28431574170827 131.01167459872508,31.22158152638841,132.44138721742172 131.01167826726729,31.221579704795424,132.59729397410223 131.01168193532507,31.22157788343655,132.75204178247415 131.01168560288036,31.22157606232152,132.90563686248277 131.01168926991423,31.221574241460434,133.05808585645937 131.0116929364068,31.221572420863748,133.20939581222353 131.0116966023375,31.221570600542183,133.3595741592304 131.01170026768523,31.221568780506736,133.5086286817344 131.01170393242796,31.2215669607686,133.6565674949356 131.01170759654337,31.22156514133914,133.80339902510295 131.01171126000864,31.221563322229866,133.94913197776827 131.01171492280068,31.22156150345236,134.0937753039332 131.011718584896,31.221559685018235,134.2373381911271 131.01172224627095,31.22155786693916,134.37983000973284 131.01172590690192,31.22155604922673,134.5212603060328 131.01172956676504,31.22155423189252,134.66163876145848 131.0117332258366,31.22155241494797,134.8009751667491 131.01173688409298,31.22155059840438,134.93927939114158 131.01174054151073,31.221548782272908,135.07656135553654 131.0117441980667,31.221546966564485,135.21283099771043 131.01174785373797,31.221545151289835,135.34809824647687 131.01175150850213,31.221543336459384,135.4823729968395 131.01175516233704,31.22154152208332,135.6156650642714 131.01175881522127,31.22153970817144,135.74798418273136 131.0117624671338,31.22153789473327,135.87933995099118 131.0117661180542,31.221536081777927,136.00974182170526 131.01176976796287,31.221534269314155,136.13919906761845 131.0117734168408,31.221532457350296,136.26772075473144 131.01177706466976,31.22153064589425,136.3953157234183 131.01178071143227,31.221528834953496,136.52199255264614 131.01178435711185,31.22152702453503,136.6477595530199 131.01178800169268,31.22152521464537,136.77262472106227 131.01179164516003,31.2215234052906,136.8965957491561 131.01179528749995,31.221521596476222,137.01967997087863 131.01179892869956,31.22151978820732,137.14188436796078 131.01180256874693,31.22151798048841,137.2632155364956 131.0118062076311,31.221516173323536,137.38367967699995 131.01180984534227,31.22151436671617,137.50328258348293 131.01181348187149,31.221512560669296,137.6220296176052 131.0118171172109,31.221510755185363,137.73992569973473 131.01182075135372,31.2215089502663,137.85697530795414 131.0118243842943,31.22150714591351,137.9731824571897 131.0118280160279,31.22150534212788,138.08855068430267 131.01183164655086,31.2215035389098,138.20308306200627 131.01183527586073,31.22150173625913,138.31678217302405 131.01183890395586,31.22149993417525,138.42965011704823 131.0118425308358,31.221498132657068,138.54168850080177 131.011846156501,31.221496331703,138.6528984420137 131.011849780953,31.221494531310967,138.76328057240283 131.01185340419428,31.22149273147851,138.87283502177428 131.0118570262282,31.22149093220268,138.98156144286872 131.01186064705917,31.22148913348012,139.0894590044055 131.0118642666924,31.221487335307103,139.1965263900882 131.01186788513405,31.22148553767948,139.30276182345406 131.01187150239105,31.22148374059273,139.40816305693957 131.01187511847112,31.221481944042047,139.5127273927542 131.0118787333829,31.22148014802224,139.61645169083087 131.01188234713553,31.221478352527825,139.71933238174748 131.01188595973906,31.221476557553064,139.8213654726896 131.011889571204,31.221474763091937,139.92254657031052 131.01189318154155,31.22147296913821,140.022870890671 131.0118967907635,31.221471175685423,140.1223332801095 131.01190039888212,31.221469382726934,140.22092822617637 131.01190400591005,31.22146759025594,140.31864987949896 131.0119076118605,31.22146579826552,140.4154920676955 131.011911216747,31.221464006748608,140.5114483291685 131.01191482058323,31.22146221569808,140.6065119081328 131.0119184233835,31.22146042510673,140.70067580630095 131.0119220251619,31.221458634967355,140.79393277294045 131.0119256259331,31.221456845272687,140.8862753575532 131.01192922571153,31.22145505601553,140.97769590589667 131.01193282451194,31.221453267188664,141.06818660272185 131.01193642234895,31.22145147878499,141.15773947873006 131.0119400192372,31.22144969079745,141.246346453311 131.01194361519137,31.221447903219143,141.33399933752116 131.0119472102258,31.22144611604322,141.42068987682282 131.0119508043548,31.221444329263072,141.50640975605168 131.0119543975924,31.221442542872182,141.59115064314858 131.01195798995246,31.22144075686428,141.67490420307254 131.01196158144847,31.221438971233265,141.7576621166837 131.01196517209365,31.221437185973286,141.83941611354115 131.01196876190076,31.22143540107872,141.92015799675127 131.01197235088225,31.221433616544207,141.99987964892665 131.01197593905005,31.22143183236465,142.07857308088987 131.01197952641573,31.221430048535247,142.15623043166983 131.01198311299024,31.221428265051465,142.23284400627128 131.0119866987841,31.22142648190908,142.3084062796468 131.01199028380728,31.221424699104176,142.38290993446623 131.01199386806917,31.221422916633184,142.4563478710541 131.01199745157857,31.2214211344928,142.52871323322915 131.0120010343437,31.221419352680105,142.59999941526212 131.01200461637225,31.22141757119245,142.6702000946721 131.0120081976712,31.22141579002757,142.7393092352088 131.01201177824692,31.221414009183505,142.80732111269162 131.01201535810523,31.221412228658583,142.87423032395483 131.01201893725127,31.22141044845153,142.94003180274896 131.01202251568958,31.221408668561327,143.0047208376303 131.01202609342408,31.22140688898729,143.0682930699712 131.01202967045808,31.221405109729066,143.13074451781443 131.01203324679432,31.22140333078656,143.1920715868056 131.0120368224349,31.22140155215998,143.2522710691969 131.0120403973814,31.22139977384984,143.3113401498109 131.01204397163485,31.22139799585688,143.36927643287595 131.01204754519568,31.221396218182104,143.42607792015835 131.0120511180638,31.22139444082679,143.48174303183526 131.01205469023867,31.221392663792408,143.53627061146327 131.01205826171932,31.221390887080663,143.58965991106868 131.01206183250414,31.22138911069345,143.64191061301457 131.01206540259133,31.22138733463285,143.6930228111152 131.0120689719785,31.22138555890113,143.7429970235575 131.01207254066293,31.22138378350065,143.7918341809732 131.01207610864168,31.221382008433977,143.83953562743355 131.0120796759113,31.22138023370376,143.8861031075275 131.01208324246815,31.221378459312728,143.93153877530818 131.0120868083084,31.221376685263763,143.9758451724264 131.01209037342784,31.22137491155973,144.0190252261427 131.01209393782216,31.221373138203614,144.0610822453528 131.01209750148683,31.2213713651984,144.10201989971577 131.01210106441718,31.22136959254708,144.1418422156781 131.0121046266085,31.221367820252688,144.18055356156577 131.0121081880559,31.221366048318195,144.21815863963377 131.01211174875445,31.22136427674661,144.2546624691716 131.01211530869924,31.221362505540835,144.29007036960388 131.0121188678853,31.221360734703747,144.32438794956167 131.01212242630768,31.221358964238146,144.35762108899067 131.01212598396157,31.22135719414675,144.3897759202687 131.01212954084204,31.2213554244322,144.42085882025535 131.0121330969444,31.22135365509701,144.4508763764988 131.01213665226405,31.22135188614359,144.47983538525003 131.01214020679643,31.22135011757422,144.5077428266163 131.01214376053724,31.221348349391047,144.5346058426948 131.0121473134822,31.221346581596084,144.56043171869052 131.0121508656274,31.2213448141912,144.58522786602 131.01215441696894,31.22134304717809,144.60900180243536 131.0121579675032,31.22134128055832,144.63176113015763 131.01216151722673,31.221339514333263,144.65351351003787 131.0121650661364,31.221337748504137,144.67426665559444 131.01216861422915,31.221335983071988,144.69402830120785 131.0121721615023,31.22133421803772,144.71280617528765 131.01217570795333,31.22133245340203,144.730608002261 131.01217925357997,31.22133068916544,144.7474414608292 131.01218279838028,31.221328925328336,144.76331417204236 131.01218634235244,31.221327161890898,144.77823368339736 131.0121898854949,31.22132539885316,144.79220744001637 131.0121934278065,31.221323636215,144.805242775702 131.01219696928607,31.221321873976088,144.81734688411538 131.0122005099329,31.221320112136,144.8285268148017 131.01220404974643,31.221318350694137,144.83878943243977 131.01220758872628,31.221316589649703,144.8481414277777 131.01221112687233,31.22131482900185,144.8565892729068 131.0122146641847,31.22131306874953,144.8641392302081 131.0122182006637,31.22131130889161,144.8707973185595 131.01222173630984,31.22130954942681,144.87656930439277 131.01222527112367,31.221307790353745,144.88146069572977 131.01222880510616,31.22130603167092,144.8854767173359 131.0122323382583,31.22130427337676,144.88862230078152 131.0122358705812,31.221302515469617,144.89090207847957 131.01223940207615,31.221300757947724,144.89232036977114 131.01224293274464,31.22129900080928,144.89288116701053 131.0122464625881,31.221297244052423,144.89258813656147 131.0122499916083,31.22129548767523,144.89144459494173 131.01225351980676,31.22129373167576,144.88945351975826 131.0122570471854,31.221291976052,144.88661753082144 131.01226057374603,31.221290220801976,144.88293889213543 131.0122640994905,31.22128846592368,144.87841949996968 131.0122676244207,31.221286711415104,144.87306088882283 131.01227114853856,31.22128495727424,144.86686421850237 131.01227467184597,31.221283203499134,144.85983028704592 131.01227819434487,31.22128145008784,144.8519595138241 131.0122817160371,31.22127969703844,144.84325195444913 131.01228523692453,31.22127794434911,144.83370729282413 131.01228875700883,31.22127619201804,144.8233248480989 131.01229227629176,31.22127444004352,144.81210357964156 131.01229579477487,31.221272688423905,144.80004208305985 131.01229931245973,31.221270937157648,144.78713860809398 131.01230282934765,31.221269186243298,144.77339105364405 131.01230634543998,31.221267435679486,144.75879698268082 131.0123098607378,31.221265685464967,144.74335362820656 131.0123133752421,31.221263935598632,144.72705789424944 131.01231688895373,31.22126218607947,144.70990638170474 131.01232040187332,31.22126043690661,144.69189538237043 131.01232391400137,31.221258688079352,144.6730209008132 131.01232742533813,31.221256939597087,144.65327866032928 131.0123309358837,31.2212551914594,144.63266411984318 131.01233444563803,31.22125344366601,144.61117248682547 131.01233795460072,31.2212516962168,144.58879872623763 131.0123414627712,31.221249949111805,144.56553757941597 131.01234497014883,31.221248202351248,144.54138357897924 131.0123484767325,31.22124645593552,144.5163310627426 131.012351982521,31.22124470986516,144.49037419061247 131.01235548751288,31.22124296414087,144.4635069634712 131.0123589917064,31.22124121876359,144.43572323112605 131.01236249509964,31.221239473734368,144.40701672113246 131.0123659976904,31.221237729054444,144.37738105370192 131.0123694994763,31.22123598472525,144.34680974468117 131.01237300045463,31.221234240748377,144.3152962423281 131.01237650062257,31.221232497125552,144.2828339442061 131.01237999997693,31.221230753858705,144.24941619718237 131.0123834985144,31.22122901094992,144.21503633320907 131.0123869962314,31.221227268401435,144.17968768224245 131.01239049312423,31.22122552621563,144.14336358814447 131.01239398918892,31.22122378439504,144.1060574245844 131.01239748442129,31.22122204294232,144.06776262684346 131.01240097881703,31.22122030186029,144.02847268485584 131.01240447237163,31.221218561151847,143.98818118892825 131.01240796508048,31.221216820820057,143.94688181781092 131.0124114569388,31.22121508086803,143.90456838541323 131.0124149479417,31.22121334129904,143.86123482986653 131.01241843808415,31.22121160211637,143.8168752473183 131.01242192736106,31.22120986332344,143.77148390087677 131.01242541576732,31.221208124923702,143.7250552355172 131.01242890329775,31.221206386920663,143.67758389497956 131.01243238994704,31.22120464931785,143.62906473468706 131.01243587571,31.221202912118887,143.57949283268056 131.01243936058137,31.221201175327288,143.5288635075057 131.012442844556,31.22119943894665,143.47717232517235 131.01244632762877,31.221197702980568,143.4244151130675 131.01244980979456,31.22119596743256,143.37058796691227 131.01245329104853,31.22119423230609,143.31568726865203 131.01245677138584,31.2211924976046,143.2597096884444 131.0124602508018,31.22119076333145,143.20265219658577 131.01246372929197,31.22118902948989,143.1445120674856 131.01246720685205,31.22118729608309,143.085286889607 131.012470683478,31.22118556311412,143.02497456844745 131.012474159166,31.22118383058585,142.9635733404535 131.0124776339125,31.22118209850108,142.90108175811193 131.01248110771436,31.22118036686241,142.83749871479853 131.01248458056853,31.22117863567228,142.77282343384417 131.01248805247243,31.22117690493292,142.7070554744987 131.0124915234239,31.221175174646408,142.64019472994354 131.01249499342103,31.221173444814568,142.57224143325513 131.0124984624624,31.22117171543903,142.5031961444843 131.0125019305469,31.221169986521176,142.4330597665601 131.01250539767395,31.221168258062143,142.36183352143473 131.01250886384332,31.22116653006284,142.289518960025 131.01251232905534,31.221164802523887,142.21611796022296 131.01251579331068,31.22116307544564,142.1416327109956 131.01251925661063,31.2211613488282,142.06606570642074 131.01252271895683,31.22115962267136,141.98941975264623 131.01252618035147,31.22115789697465,141.911697944035 131.01252964079728,31.221156171737288,141.8329036641615 131.01253310029745,31.221154446958217,141.75304057587206 131.01253655885563,31.221152722636063,141.6721126033958 131.01254001647607,31.22115099876919,141.5901239333386 131.0125434731634,31.22114927535564,141.5070789958012 131.01254692892283,31.22114755239315,141.42298245344466 131.0125503837601,31.2211458298792,141.3378391885722 131.0125538376813,31.22114410781096,141.25165429617184 131.01255729069305,31.22114238618529,141.16443306403957 131.0125607428025,31.221140664998835,141.0761809578709 131.0125641940171,31.221138944247915,140.98690361331035 131.01256764434484,31.221137223928604,140.89660681706934 131.0125710937941,31.221135504036724,140.80529648704714 131.01257454237367,31.22113378456784,140.71297866935132 131.0125779900926,31.221132065517285,140.6196595074863 131.01258143696046,31.221130346880187,140.52534524036733 131.01258488298694,31.22112862865144,140.43004217150977 131.01258832818223,31.22112691082576,140.33375666604772 131.01259177255665,31.22112519339766,140.23649512886962 131.0125952161208,31.22112347636152,140.1382639857345 131.01259865888557,31.22112175971153,140.0390696673692 131.01260210086184,31.22112004344177,139.93891859754436 131.01260554206087,31.221118327546208,139.83781717021267 131.0126089824938,31.22111661201869,139.7357717365904 131.01261242217208,31.221114896853,139.63278858826155 131.01261586110704,31.221113182042856,139.52887394226903 131.0126192993101,31.22111146758192,139.42403392024326 131.01262273679262,31.22110975346384,139.3182745404526 131.0126261735659,31.221108039682264,139.2116017009061 131.01262960964124,31.22110632623085,139.10402115053068 131.0126330450296,31.221104613103293,138.99553849911177 131.01263647974207,31.221102900293342,138.8861591825059 131.01263991378923,31.22110118779484,138.77588846065356 131.01264334718164,31.221099475601665,138.66473139571306 131.01264677992947,31.22109776370789,138.5526928500744 131.01265021204267,31.22109605210768,138.43977746548563 131.01265364353077,31.221094340795368,138.325989650133 131.01265707440297,31.221092629765423,138.2113335796353 131.01266050466805,31.22109091901256,138.09581317418355 131.01266393433437,31.22108920853165,137.9794320945661 131.01266736340975,31.221087498317853,137.86219373719814 131.01267079190168,31.22108578836652,137.74410121623208 131.01267421981697,31.221084078673268,137.6251573625627 131.01267764716192,31.221082369234008,137.50536472184092 131.01268107394228,31.221080660044954,137.38472553757532 131.01268450016315,31.221078951102573,137.26324175411415 131.0126879258291,31.221077242403705,137.14091500670676 131.01269135094404,31.221075533945488,137.01774662846017 131.0126947755111,31.221073825725416,136.89373763542977 131.01269819953285,31.221072117741336,136.76888873457116 131.01270162301122,31.22107040999144,136.64320031479335 131.01270504594734,31.221068702474327,136.51667245491092 131.0127084683416,31.22106699518893,136.38930491270906 131.01271189019377,31.22106528813461,136.26109714382895 131.01271531150283,31.221063581311103,136.13204828983964 131.01271873226705,31.221061874718536,136.00215718718235 131.01272215248392,31.22106016835744,135.87142237213976 131.01272557215023,31.221058462228743,135.73984207984142 131.0127289912621,31.22105675633379,135.6074142571842 131.0127324098147,31.221055050674327,135.47413656581318 131.01273582780271,31.221053345252496,135.34000638907855 131.01273924521993,31.221051640070847,135.20502084495567 131.01274266205957,31.221049935132328,135.0691767840564 131.012746078314,31.22104823044027,134.9324708124884 131.012749493975,31.22104652599841,134.7948992908613 131.01275290903365,31.221044821810864,134.65645834621094 131.01275632348035,31.221043117882093,134.51714389486153 131.01275973730495,31.221041414216973,134.37695163645873 131.0127631504965,31.221039710820687,134.2358770867695 131.01276656304367,31.221038007698795,134.09391556873592 131.01276997493443,31.22103630485717,133.95106224229133 131.01277338615628,31.22103460230203,133.80731211330578 131.0127767966961,31.221032900039862,133.66266004849336 131.0127802065404,31.221031198077487,133.51710078435667 131.0127836156752,31.22102949642195,133.3706289520339 131.01278702408604,31.221027795080605,133.22323908425653 131.0127904317582,31.221026094061006,133.0749256372133 131.0127938386765,31.22102439337096,132.92568300148392 131.01279724482552,31.22102269301844,132.7755055219158 131.01280065018955,31.221020993011624,132.62438750855716 131.01280405475262,31.221019293358847,132.47232326249812 131.01280745849863,31.221017594068584,132.31930707785705 131.0128108614113,31.22101589514942,132.16533327159937 131.01281426347427,31.22101419661004,132.01039619148693 131.01281766467105,31.22101249845918,131.85449023496224 131.01282106498527,31.22101080070565,131.69760986505085 131.01282446440044,31.22100910335825,131.53974962228793 131.01282786290022,31.22100740642584,131.3809041475785 131.0128312604685,31.22100570991714,131.22106818815936 131.01283465708914,31.22100401384092,131.060236624436 131.0128380527464,31.22100231820584,130.89840446898748 131.01284144742465,31.22100062302041,130.7355668943962 131.01284484110863,31.22099892829308,130.5717192392116 131.0128482337836,31.220997234032104,130.40685702186403 131.012851625435,31.22099554024556,130.2409759605446 131.01285501604886,31.22099384694131,130.07407197519086 131.0128584056116,31.220992154127007,129.90614120140364 131.01286179411028,31.220990461810032,129.73718000734263 131.0128651815325,31.220988769997497,129.56718499472066 131.0128685678665,31.2209870786962,129.39615301768868 131.01287195310118,31.2209853879126,129.224081184823 131.01287533722612,31.220983697652866,129.0509668680716 131.01287872023173,31.22098200792271,128.87680771666905 131.0128821021091,31.22098031872752,128.70160165614257 131.0128854828502,31.22097863007224,128.52534689328252 131.0128888624479,31.2209769419614,128.3480419290632 131.0128922408958,31.220975254399075,128.1696855586437 131.01289561818857,31.220973567388874,127.9902768703742 131.01289899432166,31.220971880933924,127.8098152607062 131.0129023692916,31.220970195036863,127.62830041828848 131.01290574309587,31.22096850969984,127.44573233788437 131.01290911573292,31.22096682492444,127.26211131937738 131.01291248720224,31.22096514071175,127.07743796280252 131.0129158575043,31.220963457062325,126.89171316635944 131.01291922664066,31.220961773976168,126.70493812541892 131.0129225946139,31.220960091452724,126.51711433550489 131.0129259614276,31.2209584094909,126.32824357440516 131.0129293270865,31.22095672808903,126.1383279131053 131.01293269159626,31.220955047244903,125.9473696988924 131.01293605496363,31.22095336695576,125.75537154839812 131.01293941719635,31.22095168721828,125.56233635058216 131.01294277830323,31.2209500080286,125.36826724784753 131.01294613829413,31.220948329382303,125.1731676320656 131.01294949717965,31.220946651274485,124.97704113662708 131.01295285497164,31.220944973699662,124.77989162451338 131.01295621168262,31.220943296651885,124.581723174384 131.01295956732622,31.22094162012469,124.38254007560684 131.01296292191677,31.220939944111148,124.18234681335106 131.01296627546958,31.220938268603845,123.98114805864776 131.01296962800066,31.220936593594946,123.77894864552988 131.01297297952675,31.22093491907616,123.5757535720288 131.01297633006536,31.220933245038843,123.3715679743306 131.01297967963464,31.22093157147393,123.16639712081476 131.01298302825333,31.22092989837201,122.96024639316984 131.01298637594076,31.22092822572337,122.75312126850272 131.01298972271675,31.220926553517977,122.54502731437034 131.01299306860153,31.22092488174551,122.3359701639319 131.01299641361578,31.220923210395444,122.12595550402212 131.01299975778048,31.220921539457,121.91498905825468 131.01300310111688,31.220919868919268,121.70307657112028 131.01300644364645,31.22091819877114,121.4902237940718 131.01300978539075,31.220916529001425,121.27643646564609 131.01301312637145,31.220914859598857,121.06172029854328 131.01301646661022,31.220913190552103,120.84608096173602 131.01301980612868,31.220911521849835,120.62952407251916 131.0130231449483,31.220909853480723,120.4120551637084 131.01302648309047,31.220908185433533,120.1936796906007 131.01302982057612,31.220906517697102,119.9744029971781 131.013033157426,31.220904850260418,119.754230310146 131.01303649366045,31.220903183112583,119.53316672203448 131.0130398292993,31.220901516242968,119.31121717927353 131.01304316436185,31.22089984964113,119.08838646827584 131.0130464988669,31.220898183296903,118.86467919754703 131.01304983283256,31.220896517200448,118.64009978675108 131.01305316627617,31.22089485134221,118.41465246671171 131.0130564992144,31.22089318571304,118.18834124561664 131.01305983166304,31.22089152030417,117.96116991796458 131.013063163637,31.22088985510728,117.73314204369052 131.01306649515027,31.220888190114447,117.50426093822644 131.01306982621588,31.22088652531829,117.274529668526 131.01307315684582,31.220884860711934,117.04395104212976 131.01307648705097,31.22088319628898,116.81252760020752 131.01307981684118,31.22088153204364,116.58026161258844 131.01308314622509,31.220879867970663,116.34715506483768 131.01308647521017,31.22087820406544,116.11320966720449 131.0130898038027,31.22087654032393,115.87842682976884 131.01309313200767,31.220874876742748,115.64280768132969 131.01309645982883,31.22087321331917,115.40635304654026 131.0130997872687,31.2208715500511,115.169063460819 131.0131031143284,31.220869886937123,114.93093916040776 131.0131064410078,31.220868223976503,114.69198008435974 131.01310976730545,31.220866561169185,114.4521858765262 131.01311309321852,31.220864898515817,114.21155588257416 131.01311641874295,31.22086323601772,113.97008916290685 131.0131197438732,31.22086157367692,113.7277844857045 131.01312306860257,31.22085991149613,113.4846403309 131.013126392923,31.220858249478773,113.2406549100571 131.01312971682506,31.220856587628887,112.99582615941164 131.0131330402982,31.22085492595126,112.75015174384612 131.01313636333057,31.22085326445132,112.50362907577428 131.01313968590893,31.22085160313512,112.25625531812196 131.01314300801909,31.22084994200939,112.00802739029028 131.0131463296456,31.220848281081448,111.75894198902688 131.0131496507719,31.220846620359247,111.50899558544442 131.0131529713804,31.220844959851306,111.25818444390312 131.0131562914524,31.22084329956669,111.00650463890943 131.01315961096824,31.220841639515044,110.7539520531248 131.0131629299074,31.2208399797065,110.50052240619196 131.01316624824844,31.220838320151675,110.24621125870785 131.01316956596912,31.220836660861632,109.9910140291212 131.01317288304642,31.220835001847902,109.73492601062937 131.01317619945667,31.22083334312236,109.47794238608633 131.0131795151756,31.22083168469727,109.22005823595345 131.01318283017832,31.220830026585208,108.96126856811884 131.01318614443952,31.220828368799072,108.70156831590693 131.01318945793344,31.220826711351968,108.44095237286894 131.01319277063405,31.22082505425724,108.17941559675576 131.013196082515,31.2208233975284,107.916952829398 131.01319939354983,31.220821741179098,107.6535589175788 131.01320270371195,31.22082008522308,107.38922871800284 131.01320601297476,31.22081842967413,107.12395713208493 131.01320932131168,31.220816774546048,106.85773910396142 131.01321262869635,31.22081511985262,106.59056964732764 131.0132159351026,31.22081346560753,106.3224438573645 131.01321924050464,31.22081181182436,106.05335693061812 131.01322254487695,31.220810158516525,105.78330417990972 131.01322584819462,31.220808505697235,105.51228104228632 131.01322915043315,31.22080685337945,105.24028310387024 131.01323245156888,31.22080520157586,104.9673061088058 131.01323575157863,31.22080355029881,104.69334596820369 131.0132390504402,31.22080189956027,104.41839878896744 131.0132423481321,31.22080024937181,104.14246087180514 131.013245644634,31.220798599744537,103.86552872514572 131.01324893992629,31.22079695068908,103.58759908601245 131.01325223399067,31.22079530221556,103.30866891803512 131.01325552680984,31.22079365433349,103.02873542934267 131.01325881836783,31.220792007051823,102.74779609144896 131.01326210864994,31.220790360378896,102.46584861539736 131.01326539764258,31.22078871432235,102.1828910014614 131.0132686853338,31.22078706888917,101.89892151031836 131.01327197171287,31.2207854240856,101.61393868988922 131.01327525677067,31.220783779917166,101.32794137533824 131.01327854049958,31.220782136388635,101.04092868907368 131.01328182289336,31.22078049350396,100.752900046713 131.01328510394748,31.22077885126633,100.46385516404207 131.01328838365905,31.22077720967811,100.1737940440928 131.0132916620266,31.220775568740816,99.88271699503684 131.01329493905055,31.22077392845513,99.59062462521716 131.0132982147328,31.220772288820903,99.29751782724344 131.01330148907687,31.22077064983712,99.003397794893 131.01330476208807,31.220769011501915,98.70826600820048 131.01330803377323,31.22076737381256,98.41212422948335 131.01331130414096,31.22076573676547,98.11497451030148 131.01331457320123,31.22076410035623,97.81681916660791 131.01331784096593,31.2207624645796,97.5176607857079 131.01332110744815,31.22076082942948,97.21750221333888 131.01332437266288,31.220759194898992,96.91634654273646 131.01332763662631,31.220757560980456,96.61419711364266 131.01333089935625,31.22075592766541,96.31105749043824 131.0133341608718,31.22075429494468,96.00693146711548 131.01333742119354,31.220752662808323,95.70182302851028 131.01334068034316,31.220751031245747,95.39573637316929 131.01334393834367,31.22074940024568,95.0886758735876 131.01334719521927,31.2207477697962,94.78064607322952 131.0133504509951,31.22074613988485,94.4716516706253 131.0133537056974,31.220744510498594,94.1616975014804 131.01335695935325,31.22074288162388,93.85078852873542 131.0133602119907,31.22074125324667,93.53892983064055 131.01336346363834,31.22073962535256,93.22612657491143 131.01336671432557,31.22073799792672,92.9123840028262 131.0133699640822,31.22073637095404,92.59770742425592 131.0133732129386,31.22073474441908,92.28210218784572 131.01337646092543,31.220733118306207,91.9655736740577 131.01337970807364,31.220731492599626,91.64812727529063 131.01338295441423,31.22072986728337,91.32976837301892 131.01338619997836,31.22072824234149,91.01050232685913 131.013389444797,31.22072661775796,90.69033446164808 131.013392688901,31.220724993516804,90.36927003762304 131.01339593232095,31.22072336960217,90.04731424843462 131.01339917508693,31.22072174599837,89.72447219331389 131.01340241722866,31.22072012268989,89.40074886514459 131.0134056587752,31.22071849966151,89.07614914350638 131.0134088997549,31.22071687689831,88.75067775888867 131.01341214019524,31.22071525438577,88.42433929567403 131.0134153801229,31.220713632109785,88.09713817126342 131.01341861956345,31.220712010056687,87.76907862613538 131.01342185854145,31.2207103882134,87.44016469700811 131.0134250970802,31.220708766567384,87.11040022479136 131.01342833520167,31.220707145106736,86.77978882178297 131.0134315729267,31.220705523820207,86.44833387962083 131.01343481027436,31.22070390269725,86.11603854343782 131.0134380472624,31.22070228172812,85.7829057078858 131.013441283907,31.22070066090379,85.44893800818795 131.01344452022255,31.2206990402161,85.11413781218593 131.0134477562219,31.220697419657714,84.7785072203407 131.01345099191596,31.220695799222234,84.44204803590851 131.01345422731396,31.22069417890413,84.10476178879864 131.0134574624232,31.220692558698808,83.76664971370313 131.01346069724912,31.22069093860267,83.42771275009613 131.01346393179523,31.220689318613047,83.0879515412382 131.01346716606315,31.22068769872832,82.74736643119422 131.01347040005248,31.2206860789478,82.40595746880744 131.01347363376084,31.220684459271848,82.06372440074078 131.01347686718393,31.22068283970184,81.72066667942758 131.01348010031543,31.220681220240166,81.37678346008833 131.0134833331472,31.220679600890204,81.03207361563997 131.01348656566896,31.22067798165636,80.68653572476643 131.0134897978687,31.22067636254403,80.34016809080364 131.01349302973236,31.220674743559574,79.99296874571456 131.01349626124428,31.220673124710327,79.64493545605214 131.0134994923868,31.2206715060046,79.2960657239519 131.01350272314048,31.220669887451567,78.94635681595794 131.01350595348444,31.22066826906132,78.59580575805094 131.0135091833959,31.22066665084481,78.24440934161149 131.0135124128508,31.22066503281385,77.89216415821059 131.01351564182335,31.220663414981008,77.53906659165504 131.01351887028653,31.22066179735957,77.18511284084968 131.01352209821195,31.22066017996364,76.83029892774867 131.01352532557,31.220658562807863,76.4746207222051 131.01352855233,31.22065694590757,76.11807395290435 131.01353177846025,31.220655329278653,75.76065421730334 131.013535003928,31.220653712937505,75.40235700250476 131.01353822869993,31.22065209690096,75.04317770613017 131.01354145274192,31.22065048118628,74.68311165321904 131.01354467601917,31.220648865811068,74.32215410517325 131.01354789849665,31.220647250793192,73.96030028560169 131.0135511201388,31.220645636150728,73.59754539821246 131.01355434090996,31.22064402190196,73.23388463874124 131.0135575607744,31.22064240806522,72.86931321880675 131.01356077969635,31.22064079465887,72.5038263847979 131.01356399764035,31.22063918170124,72.13741943079602 131.0135672145711,31.220637569210588,71.77008771746091 131.01357043045385,31.220635957204944,71.4018267008585 131.0135736452542,31.22063434570216,71.03263192351396 131.01357685893868,31.22063273471976,70.66249906212602 131.0135800714745,31.22063112427489,70.29142392756701 131.0135832828298,31.22062951438432,69.91940247581745 131.0135864929738,31.22062790506425,69.54643083878217 131.0135897018768,31.22062629633041,69.17250533124792 131.01359290951052,31.220624688197866,68.79762246281392 131.01359611584795,31.22062308068104,68.42177894882536 131.0135993208636,31.22062147379357,68.04497173920211 131.01360252453367,31.22061986754843,67.66719801346972 131.01360572683583,31.22061826195764,67.28845519368103 131.01360892774974,31.220616657032394,66.90874096827598 131.01361212725686,31.22061505278297,66.52805328015316 131.01361532534057,31.22061344921866,66.14639035748617 131.01361852198627,31.22061184634774,65.76375070179601 131.01362171718145,31.22061024417748,65.38013310485154 131.01362491091578,31.220608642714,64.99553665562809 131.01362810318105,31.22060704196239,64.60996073036894 131.0136312939713,31.22060544192657,64.22340501445544 131.01363448328283,31.22060384260929,63.83586948749655 131.0136376711143,31.220602244012188,63.44735443625468 131.01364085746664,31.220600646135672,63.05786044967486 131.01364404234306,31.220599048978976,62.667388412922655 131.01364722574905,31.22059745254017,62.27593950937371 131.0136504076926,31.220595856816068,61.883515224590575 131.01365358818384,31.22059426180236,61.49011732246783 131.01365676723515,31.220592667493523,61.095747858154944 131.01365994486127,31.220591073882904,60.700409160165634 131.01366312107902,31.22058948096269,60.304103820437824 131.01366629590743,31.220587888723937,59.906834703281845 131.0136694693675,31.220586297156647,59.50860491059 131.01367264148243,31.22058470624972,59.10941778978936 131.01367581227714,31.22058311599109,58.70927690799837 131.01367898177855,31.22058152636765,58.30818605699785 131.01368215001528,31.22057993736541,57.906149222416175 131.01368531701752,31.220578348969507,57.50317057279603 131.01368848281714,31.220576761164168,57.09925445860073 131.01369164744736,31.220575173932936,56.69440537941222 131.01369481094267,31.220573587258567,56.288627978960285 131.01369797333888,31.22057200112324,55.88192702027297 131.0137011346727,31.22057041550848,55.47430737374754 131.01370429498175,31.220568830395333,55.0657740042294 131.01370745430458,31.2205672457644,54.65633193820734 131.01371061268014,31.220565661595906,54.24598625685649 131.01371377014803,31.22056407786979,53.83474208112749 131.01371692674806,31.220562494565744,53.42260454788904 131.01372008252028,31.220560911663373,53.00957877712384 131.01372323750465,31.22055932914217,52.595669883857965 131.01372639174107,31.220557746981694,52.18088293740415 131.01372954526911,31.22055616516157,51.76522294147925 131.01373269812782,31.22055458366165,51.3486948322178 131.01373585035572,31.220553002462,50.93130344934215 131.01373900199047,31.22055142154304,50.513053515287424 131.0137421530689,31.22054984088564,50.093949626254464 131.01374530362665,31.220548260471148,49.67399623133355 131.0137484536982,31.220546680281508,49.25319761858712 131.01375160331668,31.220545100299283,48.83155789516721 131.01375475251365,31.2205435205078,48.40908097737438 131.0137579013191,31.22054194089112,47.98577057375736 131.01376104976129,31.220540361434217,47.56163017417783 131.01376419786646,31.22053878212295,47.1366630348974 131.01376734565903,31.220537202944207,46.71087216068385 131.0137704931612,31.220535623885848,46.284260310774336 131.013773640393,31.220534044936866,45.856829975016495 131.01377678737222,31.22053246608739,45.42858336889666 131.01377993411427,31.22053088732872,44.999522427573964 131.01378308063215,31.2205293086534,44.56964879693288 131.0137862269363,31.220527730055192,44.13896383159289 131.0137893730346,31.220526151529192,43.70746858695552 131.01379251893246,31.220524573071778,43.27516381721362 131.0137956646326,31.22052299468065,42.842049978333016 131.013798810135,31.220521416354888,42.40812721811008 131.0138019554372,31.22051983809491,41.9733953821345 131.01380510053394,31.22051825990248,41.53785401975272 131.01380824541735,31.22051668178073,41.10150237710759 131.01381139007697,31.22051510373414,40.66433940807208 131.01381453449974,31.220513525768524,40.226363784188926 131.01381767867,31.220511947891016,39.78757388671608 131.01382082256967,31.220510370110045,39.34796782650752 131.01382396617828,31.22050879243529,38.90754345494688 131.01382710947294,31.220507214877657,38.46629835897552 131.01383025242848,31.220505637449275,38.0242298869378 131.01383339501763,31.22050406016337,37.58133515653293 131.013836537211,31.22050248303432,37.13761106475432 131.01383967897723,31.220500906077472,36.69305429981784 131.0138428202832,31.220499329309217,36.24766136501926 131.01384596109403,31.22049775274681,35.801428594638885 131.01384910137327,31.220496176408417,35.35435215195223 131.013852241083,31.220494600312914,34.906428071975945 131.01385538018417,31.220493024479943,34.457652254507764 131.01385851863645,31.220491448929728,34.00802050786729 131.01386165639863,31.220489873683047,33.55752854491813 131.01386479342867,31.22048829876115,33.10617201388514 131.01386792968407,31.22048672418564,32.65394651923054 131.01387106512163,31.22048514997841,32.20084763258813 131.01387419969808,31.220483576161577,31.746870916622186 131.01387733337003,31.22048200275733,31.29201195286253 131.0138804660941,31.220480429787845,30.83626634766872 131.0138835978273,31.22047885727527,30.37962976205395 131.01388672852704,31.22047728524153,29.922097926596752 131.0138898581514,31.22047571370831,29.463666662317685 131.01389298665933,31.220474142696894,29.0043318965856 131.01389611401066,31.220472572228136,28.54408968995922 131.01389924016655,31.22047100232235,28.08293624215265 131.0139023650894,31.220469432999185,27.6208679188769 131.01390548874315,31.2204678642776,27.15788126078789 131.01390861109343,31.22046629617572,26.693973006352167 131.0139117321078,31.220464728710784,26.229140101788843 131.01391485175563,31.22046316189905,25.76337972095335 131.01391797000855,31.220461595755776,25.296689269314697 131.01392108684047,31.22046003029505,24.82906640483356 131.01392420222754,31.22045846552981,24.360509042933888 131.01392731614857,31.220456901471746,23.8910153704222 131.01393042858487,31.22045533813122,23.4205838514536 131.01393353952062,31.220453775517264,22.949213238468527 131.0139366489426,31.22045221363748,22.476902577165063 131.01393975684064,31.22045065249804,22.003651206500315 131.01394286320732,31.220449092103635,21.529458770621407 131.01394596803848,31.220447532457413,21.054325220855645 131.0139490713327,31.220445973561027,20.578250807758725 131.0139521730918,31.220444415414534,20.101236091057714 131.0139552733207,31.220442858016444,19.623281935676363 131.0139583720272,31.22044130136369,19.144389503783284 131.0139614692224,31.220439745451607,18.66456026473526 131.0139645649203,31.220438190274,18.1837959712192 131.013967659138,31.220436635823106,17.7020986642246 131.01397075189547,31.2204350820896,17.219470672050996 131.01397384321567,31.22043352906272,16.73591458247332 131.01397693312438,31.22043197673016,16.25143325169079 131.01398002165007,31.22043042507823,15.766029783451252 131.01398310882402,31.22042887409184,15.279707521099512 131.0139861946799,31.220427323754528,14.792470034654643 131.01398927925385,31.220425774048604,14.304321102916647 131.01399236258445,31.220424224955103,13.815264703526095 131.0139954447123,31.220422676453943,13.325305003023969 131.0139985256801,31.220421128523952,12.834446325039618 131.01400160553257,31.22041958114292,12.342693152280194 131.01400468431595,31.220418034287693,11.85005010267182 131.01400776207825,31.220416487934298,11.356521906494956 131.0140108388688,31.220414942057943,10.862113398431708 131.01401391473823,31.220413396633173,10.366829492712617 131.01401698973828,31.220411851633887,9.870675176158162 131.01402006392163,31.220410307033497,9.373655478354364 131.01402313734167,31.22040876280491,8.875775466682384 131.01402621005252,31.22040721892072,8.377040219476385 131.0140292821087,31.220405675353188,7.8774548200588255 131.01403235356514,31.22040413207433,7.3770243388455485 131.014035424477,31.220402589056054,6.875753817439233 131.0140384948996,31.22040104627008,6.373648260675933 131.0140415648149,31.220399503724053,5.8707070126232255 131.0140446342765,31.22039796139051,5.366934919066589 131.01404770330464,31.220396419258247,4.862334217108801 131.01405077192302,31.220394877314416,4.356907377488019 131.01405384015337,31.220393335547023,3.8506566989572506 131.01405690801545,31.220391793945087,3.34358429734754 131.01405997552703,31.22039025249859,2.83569209860778 131.01406304270367,31.220388711198563,2.326981827867745 131.0140661095586,31.2203871700372,1.8174550064545112 131.01406917610285,31.220385629007776,1.3071129528855014 131.01407224234504,31.22038408810479,0.7959567619896246 131.01407530829132,31.220382547323936,0.2839873088827787</coordinates>
            </LineString>
        </Placemark>
        <Placemark id="237">
            <name>flight_path</name>
            <styleUrl>#238</styleUrl>
            <LineString id="236">
                <altitudeMode>clampToGround</altitudeMode>
                <coordinates>131.010392,31.222216000000007,0.0 131.0103920000045,31.222215999991075,0.0 131.0103920000085,31.222215999994766,0.0 131.0103920000085,31.222215999994766,0.0 131.01039200000852,31.222215999994766,0.0 131.01039201539675,31.22221599246117,0.0 131.0103920617776,31.22221596990869,0.0 131.01039213193175,31.22221593580231,0.0 131.01039220552698,31.222215900001803,0.0 131.0103923261533,31.222215841380503,0.0 131.01039241011944,31.222215800500727,0.0 131.01039255023213,31.22221573238213,0.0 131.0103926908424,31.222215663995925,0.0 131.01039284206664,31.22221559043897,0.0 131.01039301222698,31.2222155076778,0.0 131.01039319835945,31.22221541714896,0.0 131.01039339622227,31.222215320908244,0.0 131.0103936086097,31.222215217601374,0.0 131.01039382835415,31.2222151107022,0.0 131.0103940692252,31.222214993537087,0.0 131.0103943154942,31.22221487372917,0.0 131.0103945800907,31.22221474501192,0.0 131.01039485370347,31.222214611898128,0.0 131.01039513986652,31.222214472675024,0.0 131.01039544418495,31.22221432462593,0.0 131.01039575462735,31.22221417358214,0.0 131.01039608061367,31.222214014978025,0.0 131.01039641907315,31.22221385030192,0.0 131.01039677261693,31.22221367828824,0.0 131.01039713608534,31.22221350143773,0.0 131.010397517966,31.22221331563664,0.0 131.01039790540767,31.22221312711366,0.0 131.01039830590005,31.22221293223868,0.0 131.01039871921526,31.222212731122088,0.0 131.01039914602634,31.222212523437697,0.0 131.0103995843797,31.222212310132328,0.0 131.01040002919007,31.222212093670787,0.0 131.010400488852,31.222211869984235,0.0 131.01040096154043,31.222211639957216,0.0 131.01040144391652,31.222211405208075,0.0 131.01040193996343,31.222211163806087,0.0 131.01040244347448,31.22221091875968,0.0 131.01040295825328,31.222210668225145,0.0 131.01040348638034,31.22221041119396,0.0 131.01040402793237,31.222210147628825,0.0 131.0104045774418,31.22220988018005,0.0 131.0104051377902,31.2222096074508,0.0 131.01040571307726,31.222209327453587,0.0 131.01040630329675,31.222209040191352,0.0 131.01040689520636,31.22220875208352,0.0 131.01040750096558,31.22220845723537,0.0 131.0104081214021,31.222208155245536,0.0 131.01040875222748,31.222207848192888,0.0 131.01040938861175,31.222207538419,0.0 131.0104100415545,31.222207220590928,0.0 131.01041070492113,31.22220689768276,0.0 131.0104113765162,31.222206570758807,0.0 131.0104120620245,31.22220624038504,0.0 131.0104127526745,31.22220590409632,0.0 131.01041345459768,31.222205563794017,0.0 131.01041417304918,31.22220521519636,0.0 131.0104148948174,31.22220486495575,0.0 131.01041562650786,31.222204509858983,0.0 131.01041637170152,31.222204148152446,0.0 131.01041713206467,31.222203779012418,0.0 131.0104178887127,31.222203411652124,0.0 131.01041865862337,31.222203037781224,0.0 131.0104194495694,31.22220265358107,0.0 131.01042024294023,31.222202268151207,0.0 131.0104210414876,31.222201880148333,0.0 131.01042185597245,31.22220148428764,0.0 131.01042268360024,31.222201081927697,0.0 131.01042351647953,31.222200676941767,0.0 131.01042435737406,31.22220026797005,0.0 131.0104252133577,31.22219985152276,0.0 131.01042608495544,31.222199427329915,0.0 131.01042695478466,31.22219900395968,0.0 131.0104278425055,31.222198571710905,0.0 131.01042874027831,31.222198134442912,0.0 131.01042964699673,31.22219769269948,0.0 131.01043056057125,31.22219724751128,0.0 131.01043149426476,31.222196792308104,0.0 131.01043243726969,31.22219633243304,0.0 131.01043338250943,31.22219587139368,0.0 131.01043434732253,31.22219540058996,0.0 131.01043532816468,31.222194921769788,0.0 131.0104363073638,31.222194443704257,0.0 131.0104373040895,31.22219395687378,0.0 131.01043831609016,31.22219346238863,0.0 131.0104393369132,31.22219296345312,0.0 131.01044036760592,31.22219245954541,0.0 131.01044141365932,31.22219194793073,0.0 131.0104424741343,31.22219142907238,0.0 131.0104435397547,31.22219090758628,0.0 131.01044462476392,31.22219037637906,0.0 131.01044572660268,31.22218983672093,0.0 131.0104468321939,31.222189295125528,0.0 131.01044796245563,31.22218874116945,0.0 131.0104491038046,31.222188181618545,0.0 131.0104502486927,31.222187620235527,0.0 131.0104514202485,31.22218704549037,0.0 131.01045260545254,31.222186463871378,0.0 131.0104538029861,31.222185876036264,0.0 131.0104550195119,31.222185278662668,0.0 131.0104562455878,31.22218467645841,0.0 131.0104574829928,31.222184068536794,0.0 131.01045875037627,31.22218344559903,0.0 131.01046001362275,31.222182824655853,0.0 131.01046130815743,31.2221821880454,0.0 131.01046262125024,31.22218154211568,0.0 131.01046393803563,31.222180894278264,0.0 131.0104652733294,31.22218023714848,0.0 131.01046665142044,31.22217955862313,0.0 131.01046802821057,31.2221788806816,0.0 131.01046940600682,31.222178202172888,0.0 131.01047083790095,31.222177496648868,0.0 131.01047225514435,31.22217679836057,0.0 131.01047369840109,31.22217608705316,0.0 131.01047520230432,31.22217534548824,0.0 131.01047665820198,31.22217462776252,0.0 131.01047817521675,31.222173879553704,0.0 131.01047972628487,31.222173114343963,0.0 131.01048123767384,31.22217236881703,0.0 131.0104828295243,31.222171583209377,0.0 131.01048440955614,31.22217080342732,0.0 131.01048599441287,31.22217002118938,0.0 131.0104876514729,31.22216920301167,0.0 131.01048928231572,31.22216839781308,0.0 131.01049093472977,31.22216758184368,0.0 131.01049265075298,31.22216673423619,0.0 131.01049433280454,31.222165903450325,0.0 131.01049606436047,31.22216504804181,0.0 131.0104978234847,31.222164178911395,0.0 131.0104995604817,31.22216332071348,0.0 131.0105013786707,31.22216242220592,0.0 131.01050316959828,31.222161537178224,0.0 131.0105049837554,31.22216064059304,0.0 131.01050687161103,31.222159707456004,0.0 131.01050871698848,31.222158795328266,0.0 131.0105106090257,31.222157860054487,0.0 131.01051255134723,31.22215689985914,0.0 131.010514457194,31.222155957685416,0.0 131.01051643696343,31.22215497890534,0.0 131.01051840424523,31.222154006278146,0.0 131.01052038464934,31.22215302713268,0.0 131.01052244885062,31.22215200654453,0.0 131.01052446568576,31.22215100934465,0.0 131.01052652341903,31.222149991912943,0.0 131.01052865400862,31.222148938486065,0.0 131.01053071889234,31.22214791748416,0.0 131.0105328781351,31.22214684988736,0.0 131.01053503532336,31.222145783297204,0.0 131.01053718120133,31.22214472227053,0.0 131.0105394218668,31.22214361448832,0.0 131.01054161740373,31.222142528951608,0.0 131.0105438582895,31.22214142105013,0.0 131.01054614343093,31.22214029133897,0.0 131.0105483948236,31.222139178249545,0.0 131.01055072743387,31.222138025154745,0.0 131.01055303828892,31.22213688277474,0.0 131.0105553628539,31.222135733641803,0.0 131.01055776364214,31.22213454699863,0.0 131.0105601219311,31.22213338127309,0.0 131.01056252578377,31.222132193132808,0.0 131.01056496269038,31.2221309887432,0.0 131.0105673766802,31.22212979562928,0.0 131.01056987920228,31.222128558995667,0.0 131.010572337046,31.22212734433633,0.0 131.01057482897204,31.222126112931896,0.0 131.01057739838447,31.22212484346356,0.0 131.01057989521567,31.222123609670245,0.0 131.01058248659268,31.22212232943803,0.0 131.01058505175004,31.22212106210096,0.0 131.01058763517267,31.22211978580412,0.0 131.01059028105547,31.222118478846514,0.0 131.01059288281672,31.22211719357129,0.0 131.010595558549,31.22211587198572,0.0 131.01059822052247,31.2221145571718,0.0 131.01060088626912,31.22211324051896,0.0 131.0106036243309,31.22211188837369,0.0 131.01060631077794,31.22211056158583,0.0 131.01060906733582,31.222109200386416,0.0 131.01061181174623,31.222107845164903,0.0 131.01061456573035,31.222106485255,0.0 131.0106173831734,31.2221050941934,0.0 131.01062014891036,31.22210372853589,0.0 131.0106229943347,31.222102323749496,0.0 131.0106258066309,31.222100935243617,0.0 131.01062864488048,31.222099533996005,0.0 131.01063153043577,31.222098109508966,0.0 131.0106343712548,31.222096707010344,0.0 131.0106372861877,31.22209526808702,0.0 131.01064017201256,31.222093843471526,0.0 131.01064307936207,31.22209240827265,0.0 131.01064603597095,31.22209094884036,0.0 131.01064894311253,31.22208951373648,0.0 131.01065192781496,31.22208804046052,0.0 131.0106548827567,31.222086581817635,0.0 131.01065785597177,31.222085114167488,0.0 131.01066086057375,31.22208363104156,0.0 131.01066383615938,31.222082162190706,0.0 131.01066688023235,31.22208065956804,0.0 131.0106698867295,31.222079175439088,0.0 131.01067292635395,31.222077674950228,0.0 131.010675981168,31.222076166934503,0.0 131.0106790130843,31.22207467018441,0.0 131.01068212317253,31.22207313480879,0.0 131.01068517443008,31.22207162843757,0.0 131.01068828327115,31.22207009358392,0.0 131.0106913836125,31.222068562878807,0.0 131.01069447936564,31.222067034394527,0.0 131.01069763055844,31.222065478443024,0.0 131.0107007378879,31.222063944128912,0.0 131.01070390599511,31.22206237968687,0.0 131.0107070496694,31.22206082727235,0.0 131.01071020755285,31.222059267762408,0.0 131.01071340080483,31.222057690667977,0.0 131.01071655681326,31.22205613195404,0.0 131.01071978799305,31.22205453592156,0.0 131.01072297555385,31.222052961431206,0.0 131.0107262107992,31.222051363228648,0.0 131.01072943298627,31.2220497714226,0.0 131.01073265527364,31.22204817949113,0.0 131.0107359231633,31.22204656485808,0.0 131.0107391541955,31.22204496843032,0.0 131.01074246322972,31.22204333321532,0.0 131.01074572797629,31.222041719895152,0.0 131.01074902528035,31.22204009033488,0.0 131.01075234354718,31.222038450285023,0.0 131.0107556301335,31.222036825879663,0.0 131.01075897910286,31.222035170421783,0.0 131.0107623175763,31.22203352009145,0.0 131.01076563786566,31.22203187870793,0.0 131.01076899751973,31.222030217699647,0.0 131.01077238326738,31.222028543656496,0.0 131.01077575376203,31.22202687710692,0.0 131.0107791255901,31.222025209817183,0.0 131.0107825302098,31.22202352617343,0.0 131.01078594200283,31.222021838895216,0.0 131.010789352513,31.22202015218072,0.0 131.01079276851877,31.222018462667325,0.0 131.01079620561515,31.222016762620022,0.0 131.01079964676373,31.22201506049616,0.0 131.01080309134218,31.22201335660604,0.0 131.0108065457609,31.222011647772884,0.0 131.0108100086026,31.22200993470324,0.0 131.0108134765609,31.2220082190396,0.0 131.01081695005672,31.22200650057612,0.0 131.01082043401823,31.22200477687388,0.0 131.01082392667115,31.22200304881628,0.0 131.01082742705506,31.2220013168827,0.0 131.01083093162154,31.221999582833888,0.0 131.01083444029737,31.221997846708973,0.0 131.01083796363113,31.22199610328968,0.0 131.01084148950787,31.22199435857731,0.0 131.01084502469857,31.22199260922381,0.0 131.01084856681538,31.221990856414745,0.0 131.01085211835408,31.22198909891937,0.0 131.01085567240463,31.22198734015833,0.0 131.01085923566512,31.22198557682296,0.0 131.0108628071151,31.22198380942199,0.0 131.0108663822118,31.22198204020359,0.0 131.01086996751192,31.22198026593133,0.0 131.01087356294263,31.221978486645465,0.0 131.01087715833236,31.221976707372026,0.0 131.01088076476415,31.22197492264089,0.0 131.01088437585608,31.22197313560636,0.0 131.0108879922132,31.221971345971976,0.0 131.01089161488906,31.22196955322046,0.0 131.0108952455058,31.221967756554143,0.0 131.01089888134064,31.22196595731861,0.0 131.01090252434167,31.22196415455501,0.0 131.01090617137663,31.22196234980993,0.0 131.01090982406637,31.221960542285736,0.0 131.01091347943353,31.221958733451743,0.0 131.01091714073712,31.221956921702645,0.0 131.01092080919585,31.22195510643924,0.0 131.01092448113215,31.221953289474936,0.0 131.01092815768897,31.221951470247127,0.0 131.01093183859396,31.22194964889052,0.0 131.01093551901914,31.221947827784334,0.0 131.01093920584773,31.22194600353708,0.0 131.01094289294272,31.22194417917253,0.0 131.0109465873944,31.22194235119693,0.0 131.01095028145815,31.22194052342564,0.0 131.01095398328192,31.22193869184332,0.0 131.01095768431273,31.221936860663384,0.0 131.0109613871631,31.221935028597592,0.0 131.01096509530527,31.22193319393349,0.0 131.01096880508675,31.22193135846957,0.0 131.01097251395538,31.22192952346237,0.0 131.01097622862392,31.221927685601173,0.0 131.0109799429937,31.221925847890365,0.0 131.01098366124367,31.22192400826759,0.0 131.01098737959268,31.22192216859506,0.0 131.01099109801646,31.221920328882703,0.0 131.0109948179185,31.22191848843584,0.0 131.01099853924848,31.22191664727647,0.0 131.01100226062064,31.22191480608583,0.0 131.01100598239267,31.221912964684805,0.0 131.01100970295678,31.22191112386448,0.0 131.01101342676353,31.221909281424228,0.0 131.01101714790005,31.221907440281328,0.0 131.0110208717312,31.221905597782808,0.0 131.0110245952062,31.22190375543276,0.0 131.01102831498537,31.221901914879577,0.0 131.01103203725933,31.22190007305996,0.0 131.0110357578972,31.22189823201316,0.0 131.01103947542,31.2218963924686,0.0 131.0110431951763,31.221894551777105,0.0 131.011046910858,31.221892713057528,0.0 131.01105062712867,31.221890873999147,0.0 131.0110543457561,31.22188903372325,0.0 131.01105805957687,31.221887195775263,0.0 131.0110617721827,31.221885358374408,0.0 131.01106548365016,31.22188352148027,0.0 131.0110691966094,31.221881683786737,0.0 131.01107290722362,31.22187984719368,0.0 131.011076616099,31.221878011399056,0.0 131.0110803258182,31.22187617512021,0.0 131.01108403338472,31.22187433984176,0.0 131.01108773873403,31.22187250559457,0.0 131.0110914468881,31.22187066988537,0.0 131.0110951496335,31.221868836788943,0.0 131.0110988578068,31.221867000925982,0.0 131.0111025622547,31.22186516683889,0.0 131.01110626731327,31.221863332374888,0.0 131.01110997197844,31.22186149803182,0.0 131.0111136781622,31.22185966286004,0.0 131.01111738362255,31.22185782797265,0.0 131.01112108828153,31.221855993408628,0.0 131.01112479263324,31.221854158922767,0.0 131.01112849840447,31.22185232365788,0.0 131.0111322014516,31.22185048967245,0.0 131.0111359064327,31.2218486546538,0.0 131.0111396108586,31.221846819839016,0.0 131.01114331481924,31.22184498518447,0.0 131.0111470185089,31.2218431505948,0.0 131.0111507255349,31.221841314280063,0.0 131.01115442892356,31.221839479704474,0.0 131.01115813539735,31.221837643531632,0.0 131.01116184456467,31.221835805957934,0.0 131.01116555287774,31.22183396874639,0.0 131.0111692626298,31.221832130760408,0.0 131.0111729739779,31.22183029192416,0.0 131.01117668782027,31.22182845179409,0.0 131.01118039804845,31.221826613403035,0.0 131.0111841106178,31.22182477379836,0.0 131.0111878246508,31.221822933418,0.0 131.01119153840273,31.22182109312953,0.0 131.01119525606117,31.221819250858843,0.0 131.01119897136596,31.2218174097122,0.0 131.01120268634716,31.22181556868505,0.0 131.0112064082599,31.221813724184567,0.0 131.0112101310281,31.221811879224905,0.0 131.0112138519442,31.221810035149183,0.0 131.01121757675176,31.22180818911464,0.0 131.0112213031416,31.22180634226788,0.0 131.0112250316865,31.221804494327696,0.0 131.011228762676,31.221802645153247,0.0 131.01123249570267,31.22180079494864,0.0 131.0112362279179,31.22179894512578,0.0 131.0112399618313,31.22179709444488,0.0 131.01124369710024,31.22179524307781,0.0 131.01124743158823,31.22179339208338,0.0 131.0112511670031,31.221791540618806,0.0 131.01125491082215,31.221789684989325,0.0 131.0112586496028,31.221787831843063,0.0 131.01126239061497,31.22178597758716,0.0 131.0112661351082,31.2217841216062,0.0 131.0112698793051,31.22178226576865,0.0 131.01127362422403,31.22178040957253,0.0 131.0112773676554,31.22177855411072,0.0 131.01128111295333,31.22177669772744,0.0 131.011284860771,31.221774840101464,0.0 131.01128860586016,31.221772983825783,0.0 131.01129235257952,31.22177112674848,0.0 131.01129610286836,31.22176926791296,0.0 131.01129985398313,31.221767408674587,0.0 131.0113036019476,31.221765550996903,0.0 131.01130735044893,31.221763693059696,0.0 131.01131110261932,31.22176183331702,0.0 131.01131485560504,31.22175997317784,0.0 131.01131860816366,31.22175811325539,0.0 131.01132235990573,31.221756253741727,0.0 131.01132611334722,31.22175439339455,0.0 131.01132986341736,31.221752534716664,0.0 131.0113336172897,31.221750674166103,0.0 131.01133737070737,31.22174881384369,0.0 131.0113411255687,31.221746952811426,0.0 131.01134487845792,31.22174509275485,0.0 131.0113486293923,31.22174323366461,0.0 131.01135238248847,31.22174137350668,0.0 131.0113561363179,31.22173951298501,0.0 131.0113598926552,31.22173765122169,0.0 131.0113636457571,31.221735791052257,0.0 131.01136739820004,31.22173393120271,0.0 131.01137115517855,31.22173206910452,0.0 131.01137490777523,31.22173020916234,0.0 131.01137866315688,31.221728347832794,0.0 131.01138241745286,31.221726487026874,0.0 131.01138616761227,31.22172462825141,0.0 131.0113899178134,31.22172276943884,0.0 131.0113936660852,31.22172091156164,0.0 131.01139741271754,31.22171905447464,0.0 131.01140115768473,31.22171719818858,0.0 131.01140490096373,31.22171534271288,0.0 131.01140864253432,31.221713488055546,0.0 131.01141238237895,31.221711634223304,0.0 131.0114161204829,31.221709781221456,0.0 131.01141985683412,31.221707929053984,0.0 131.01142359142352,31.221706077723447,0.0 131.0114273242447,31.221704227231115,0.0 131.011431055294,31.221702377576857,0.0 131.01143478457067,31.22170052875922,0.0 131.01143851207664,31.22169868077546,0.0 131.0114422378165,31.22169683362151,0.0 131.0114459617976,31.221694987292075,0.0 131.0114496840298,31.22169314178061,0.0 131.0114534045256,31.22169129707937,0.0 131.01145712329992,31.221689453179504,0.0 131.0114608403701,31.221687610070976,0.0 131.0114645557557,31.22168576774276,0.0 131.0114682694787,31.221683926182763,0.0 131.01147198156303,31.22168208537796,0.0 131.0114756920347,31.2216802453144,0.0 131.0114794009216,31.221678405977297,0.0 131.01148310825351,31.22167656735108,0.0 131.01148681406173,31.22167472941946,0.0 131.01149051837913,31.221672892165472,0.0 131.01149422124004,31.22167105557156,0.0 131.0114979226801,31.221669219619663,0.0 131.01150162273595,31.221667384291244,0.0 131.01150532144536,31.22166554956737,0.0 131.01150901884685,31.22166371542881,0.0 131.01151271497974,31.22166188185609,0.0 131.0115164098839,31.221660048829545,0.0 131.0115201035996,31.22165821632941,0.0 131.01152379616735,31.22165638433588,0.0 131.0115274876279,31.2216545528292,0.0 131.01153117802187,31.22165272178968,0.0 131.01153486738983,31.221650891197854,0.0 131.01153855577212,31.22164906103445,0.0 131.01154224320848,31.22164723128049,0.0 131.01154592973828,31.22164540191739,0.0 131.01154961540016,31.22164357292693,0.0 131.01155330023187,31.22164174429141,0.0 131.01155698427047,31.22163991599365,0.0 131.0115606675518,31.22163808801705,0.0 131.01156435011063,31.2216362603456,0.0 131.01156803198057,31.22163443296403,0.0 131.0115717131938,31.221632605857728,0.0 131.0115753937812,31.22163077901287,0.0 131.01157907377203,31.2216289524164,0.0 131.01158275319415,31.22162712605609,0.0 131.01158643207367,31.221625299920568,0.0 131.01159011043504,31.221623473999315,0.0 131.01159378830098,31.221621648282703,0.0 131.0115974656925,31.22161982276205,0.0 131.0116011426286,31.221617997429554,0.0 131.0116048191266,31.22161617227836,0.0 131.01160849520187,31.221614347302538,0.0 131.01161217086795,31.221612522497114,0.0 131.0116158461365,31.22161069785803,0.0 131.01161952101717,31.221608873382188,0.0 131.0116231955178,31.221607049067376,0.0 131.0116268696443,31.22160522491232,0.0 131.01163054340083,31.22160340091664,0.0 131.0116342167896,31.22160157708084,0.0 131.01163788981114,31.22159975340625,0.0 131.01164156246404,31.221597929895086,0.0 131.01164523474532,31.221596106550344,0.0 131.0116489066503,31.22159428337583,0.0 131.01165257817254,31.221592460376066,0.0 131.01165624930422,31.22159063755632,0.0 131.01165992003587,31.221588814922548,0.0 131.0116635903567,31.22158699248136,0.0 131.01166726025443,31.221585170239976,0.0 131.01167092971548,31.221583348206217,0.0 131.01167459872508,31.22158152638841,0.0 131.01167826726729,31.221579704795424,0.0 131.01168193532507,31.22157788343655,0.0 131.01168560288036,31.22157606232152,0.0 131.01168926991423,31.221574241460434,0.0 131.0116929364068,31.221572420863748,0.0 131.0116966023375,31.221570600542183,0.0 131.01170026768523,31.221568780506736,0.0 131.01170393242796,31.2215669607686,0.0 131.01170759654337,31.22156514133914,0.0 131.01171126000864,31.221563322229866,0.0 131.01171492280068,31.22156150345236,0.0 131.011718584896,31.221559685018235,0.0 131.01172224627095,31.22155786693916,0.0 131.01172590690192,31.22155604922673,0.0 131.01172956676504,31.22155423189252,0.0 131.0117332258366,31.22155241494797,0.0 131.01173688409298,31.22155059840438,0.0 131.01174054151073,31.221548782272908,0.0 131.0117441980667,31.221546966564485,0.0 131.01174785373797,31.221545151289835,0.0 131.01175150850213,31.221543336459384,0.0 131.01175516233704,31.22154152208332,0.0 131.01175881522127,31.22153970817144,0.0 131.0117624671338,31.22153789473327,0.0 131.0117661180542,31.221536081777927,0.0 131.01176976796287,31.221534269314155,0.0 131.0117734168408,31.221532457350296,0.0 131.01177706466976,31.22153064589425,0.0 131.01178071143227,31.221528834953496,0.0 131.01178435711185,31.22152702453503,0.0 131.01178800169268,31.22152521464537,0.0 131.01179164516003,31.2215234052906,0.0 131.01179528749995,31.221521596476222,0.0 131.01179892869956,31.22151978820732,0.0 131.01180256874693,31.22151798048841,0.0 131.0118062076311,31.221516173323536,0.0 131.01180984534227,31.22151436671617,0.0 131.01181348187149,31.221512560669296,0.0 131.0118171172109,31.221510755185363,0.0 131.01182075135372,31.2215089502663,0.0 131.0118243842943,31.22150714591351,0.0 131.0118280160279,31.22150534212788,0.0 131.01183164655086,31.2215035389098,0.0 131.01183527586073,31.22150173625913,0.0 131.01183890395586,31.22149993417525,0.0 131.0118425308358,31.221498132657068,0.0 131.011846156501,31.221496331703,0.0 131.011849780953,31.221494531310967,0.0 131.01185340419428,31.22149273147851,0.0 131.0118570262282,31.22149093220268,0.0 131.01186064705917,31.22148913348012,0.0 131.0118642666924,31.221487335307103,0.0 131.01186788513405,31.22148553767948,0.0 131.01187150239105,31.22148374059273,0.0 131.01187511847112,31.221481944042047,0.0 131.0118787333829,31.22148014802224,0.0 131.01188234713553,31.221478352527825,0.0 131.01188595973906,31.221476557553064,0.0 131.011889571204,31.221474763091937,0.0 131.01189318154155,31.22147296913821,0.0 131.0118967907635,31.221471175685423,0.0 131.01190039888212,31.221469382726934,0.0 131.01190400591005,31.22146759025594,0.0 131.0119076118605,31.22146579826552,0.0 131.011911216747,31.221464006748608,0.0 131.01191482058323,31.22146221569808,0.0 131.0119184233835,31.22146042510673,0.0 131.0119220251619,31.221458634967355,0.0 131.0119256259331,31.221456845272687,0.0 131.01192922571153,31.22145505601553,0.0 131.01193282451194,31.221453267188664,0.0 131.01193642234895,31.22145147878499,0.0 131.0119400192372,31.22144969079745,0.0 131.01194361519137,31.221447903219143,0.0 131.0119472102258,31.22144611604322,0.0 131.0119508043548,31.221444329263072,0.0 131.0119543975924,31.221442542872182,0.0 131.01195798995246,31.22144075686428,0.0 131.01196158144847,31.221438971233265,0.0 131.01196517209365,31.221437185973286,0.0 131.01196876190076,31.22143540107872,0.0 131.01197235088225,31.221433616544207,0.0 131.01197593905005,31.22143183236465,0.0 131.01197952641573,31.221430048535247,0.0 131.01198311299024,31.221428265051465,0.0 131.0119866987841,31.22142648190908,0.0 131.01199028380728,31.221424699104176,0.0 131.01199386806917,31.221422916633184,0.0 131.01199745157857,31.2214211344928,0.0 131.0120010343437,31.221419352680105,0.0 131.01200461637225,31.22141757119245,0.0 131.0120081976712,31.22141579002757,0.0 131.01201177824692,31.221414009183505,0.0 131.01201535810523,31.221412228658583,0.0 131.01201893725127,31.22141044845153,0.0 131.01202251568958,31.221408668561327,0.0 131.01202609342408,31.22140688898729,0.0 131.01202967045808,31.221405109729066,0.0 131.01203324679432,31.22140333078656,0.0 131.0120368224349,31.22140155215998,0.0 131.0120403973814,31.22139977384984,0.0 131.01204397163485,31.22139799585688,0.0 131.01204754519568,31.221396218182104,0.0 131.0120511180638,31.22139444082679,0.0 131.01205469023867,31.221392663792408,0.0 131.01205826171932,31.221390887080663,0.0 131.01206183250414,31.22138911069345,0.0 131.01206540259133,31.22138733463285,0.0 131.0120689719785,31.22138555890113,0.0 131.01207254066293,31.22138378350065,0.0 131.01207610864168,31.221382008433977,0.0 131.0120796759113,31.22138023370376,0.0 131.01208324246815,31.221378459312728,0.0 131.0120868083084,31.221376685263763,0.0 131.01209037342784,31.22137491155973,0.0 131.01209393782216,31.221373138203614,0.0 131.01209750148683,31.2213713651984,0.0 131.01210106441718,31.22136959254708,0.0 131.0121046266085,31.221367820252688,0.0 131.0121081880559,31.221366048318195,0.0 131.01211174875445,31.22136427674661,0.0 131.01211530869924,31.221362505540835,0.0 131.0121188678853,31.221360734703747,0.0 131.01212242630768,31.221358964238146,0.0 131.01212598396157,31.22135719414675,0.0 131.01212954084204,31.2213554244322,0.0 131.0121330969444,31.22135365509701,0.0 131.01213665226405,31.22135188614359,0.0 131.01214020679643,31.22135011757422,0.0 131.01214376053724,31.221348349391047,0.0 131.0121473134822,31.221346581596084,0.0 131.0121508656274,31.2213448141912,0.0 131.01215441696894,31.22134304717809,0.0 131.0121579675032,31.22134128055832,0.0 131.01216151722673,31.221339514333263,0.0 131.0121650661364,31.221337748504137,0.0 131.01216861422915,31.221335983071988,0.0 131.0121721615023,31.22133421803772,0.0 131.01217570795333,31.22133245340203,0.0 131.01217925357997,31.22133068916544,0.0 131.01218279838028,31.221328925328336,0.0 131.01218634235244,31.221327161890898,0.0 131.0121898854949,31.22132539885316,0.0 131.0121934278065,31.221323636215,0.0 131.01219696928607,31.221321873976088,0.0 131.0122005099329,31.221320112136,0.0 131.01220404974643,31.221318350694137,0.0 131.01220758872628,31.221316589649703,0.0 131.01221112687233,31.22131482900185,0.0 131.0122146641847,31.22131306874953,0.0 131.0122182006637,31.22131130889161,0.0 131.01222173630984,31.22130954942681,0.0 131.01222527112367,31.221307790353745,0.0 131.01222880510616,31.22130603167092,0.0 131.0122323382583,31.22130427337676,0.0 131.0122358705812,31.221302515469617,0.0 131.01223940207615,31.221300757947724,0.0 131.01224293274464,31.22129900080928,0.0 131.0122464625881,31.221297244052423,0.0 131.0122499916083,31.22129548767523,0.0 131.01225351980676,31.22129373167576,0.0 131.0122570471854,31.221291976052,0.0 131.01226057374603,31.221290220801976,0.0 131.0122640994905,31.22128846592368,0.0 131.0122676244207,31.221286711415104,0.0 131.01227114853856,31.22128495727424,0.0 131.01227467184597,31.221283203499134,0.0 131.01227819434487,31.22128145008784,0.0 131.0122817160371,31.22127969703844,0.0 131.01228523692453,31.22127794434911,0.0 131.01228875700883,31.22127619201804,0.0 131.01229227629176,31.22127444004352,0.0 131.01229579477487,31.221272688423905,0.0 131.01229931245973,31.221270937157648,0.0 131.01230282934765,31.221269186243298,0.0 131.01230634543998,31.221267435679486,0.0 131.0123098607378,31.221265685464967,0.0 131.0123133752421,31.221263935598632,0.0 131.01231688895373,31.22126218607947,0.0 131.01232040187332,31.22126043690661,0.0 131.01232391400137,31.221258688079352,0.0 131.01232742533813,31.221256939597087,0.0 131.0123309358837,31.2212551914594,0.0 131.01233444563803,31.22125344366601,0.0 131.01233795460072,31.2212516962168,0.0 131.0123414627712,31.221249949111805,0.0 131.01234497014883,31.221248202351248,0.0 131.0123484767325,31.22124645593552,0.0 131.012351982521,31.22124470986516,0.0 131.01235548751288,31.22124296414087,0.0 131.0123589917064,31.22124121876359,0.0 131.01236249509964,31.221239473734368,0.0 131.0123659976904,31.221237729054444,0.0 131.0123694994763,31.22123598472525,0.0 131.01237300045463,31.221234240748377,0.0 131.01237650062257,31.221232497125552,0.0 131.01237999997693,31.221230753858705,0.0 131.0123834985144,31.22122901094992,0.0 131.0123869962314,31.221227268401435,0.0 131.01239049312423,31.22122552621563,0.0 131.01239398918892,31.22122378439504,0.0 131.01239748442129,31.22122204294232,0.0 131.01240097881703,31.22122030186029,0.0 131.01240447237163,31.221218561151847,0.0 131.01240796508048,31.221216820820057,0.0 131.0124114569388,31.22121508086803,0.0 131.0124149479417,31.22121334129904,0.0 131.01241843808415,31.22121160211637,0.0 131.01242192736106,31.22120986332344,0.0 131.01242541576732,31.221208124923702,0.0 131.01242890329775,31.221206386920663,0.0 131.01243238994704,31.22120464931785,0.0 131.01243587571,31.221202912118887,0.0 131.01243936058137,31.221201175327288,0.0 131.012442844556,31.22119943894665,0.0 131.01244632762877,31.221197702980568,0.0 131.01244980979456,31.22119596743256,0.0 131.01245329104853,31.22119423230609,0.0 131.01245677138584,31.2211924976046,0.0 131.0124602508018,31.22119076333145,0.0 131.01246372929197,31.22118902948989,0.0 131.01246720685205,31.22118729608309,0.0 131.012470683478,31.22118556311412,0.0 131.012474159166,31.22118383058585,0.0 131.0124776339125,31.22118209850108,0.0 131.01248110771436,31.22118036686241,0.0 131.01248458056853,31.22117863567228,0.0 131.01248805247243,31.22117690493292,0.0 131.0124915234239,31.221175174646408,0.0 131.01249499342103,31.221173444814568,0.0 131.0124984624624,31.22117171543903,0.0 131.0125019305469,31.221169986521176,0.0 131.01250539767395,31.221168258062143,0.0 131.01250886384332,31.22116653006284,0.0 131.01251232905534,31.221164802523887,0.0 131.01251579331068,31.22116307544564,0.0 131.01251925661063,31.2211613488282,0.0 131.01252271895683,31.22115962267136,0.0 131.01252618035147,31.22115789697465,0.0 131.01252964079728,31.221156171737288,0.0 131.01253310029745,31.221154446958217,0.0 131.01253655885563,31.221152722636063,0.0 131.01254001647607,31.22115099876919,0.0 131.0125434731634,31.22114927535564,0.0 131.01254692892283,31.22114755239315,0.0 131.0125503837601,31.2211458298792,0.0 131.0125538376813,31.22114410781096,0.0 131.01255729069305,31.22114238618529,0.0 131.0125607428025,31.221140664998835,0.0 131.0125641940171,31.221138944247915,0.0 131.01256764434484,31.221137223928604,0.0 131.0125710937941,31.221135504036724,0.0 131.01257454237367,31.22113378456784,0.0 131.0125779900926,31.221132065517285,0.0 131.01258143696046,31.221130346880187,0.0 131.01258488298694,31.22112862865144,0.0 131.01258832818223,31.22112691082576,0.0 131.01259177255665,31.22112519339766,0.0 131.0125952161208,31.22112347636152,0.0 131.01259865888557,31.22112175971153,0.0 131.01260210086184,31.22112004344177,0.0 131.01260554206087,31.221118327546208,0.0 131.0126089824938,31.22111661201869,0.0 131.01261242217208,31.221114896853,0.0 131.01261586110704,31.221113182042856,0.0 131.0126192993101,31.22111146758192,0.0 131.01262273679262,31.22110975346384,0.0 131.0126261735659,31.221108039682264,0.0 131.01262960964124,31.22110632623085,0.0 131.0126330450296,31.221104613103293,0.0 131.01263647974207,31.221102900293342,0.0 131.01263991378923,31.22110118779484,0.0 131.01264334718164,31.221099475601665,0.0 131.01264677992947,31.22109776370789,0.0 131.01265021204267,31.22109605210768,0.0 131.01265364353077,31.221094340795368,0.0 131.01265707440297,31.221092629765423,0.0 131.01266050466805,31.22109091901256,0.0 131.01266393433437,31.22108920853165,0.0 131.01266736340975,31.221087498317853,0.0 131.01267079190168,31.22108578836652,0.0 131.01267421981697,31.221084078673268,0.0 131.01267764716192,31.221082369234008,0.0 131.01268107394228,31.221080660044954,0.0 131.01268450016315,31.221078951102573,0.0 131.0126879258291,31.221077242403705,0.0 131.01269135094404,31.221075533945488,0.0 131.0126947755111,31.221073825725416,0.0 131.01269819953285,31.221072117741336,0.0 131.01270162301122,31.22107040999144,0.0 131.01270504594734,31.221068702474327,0.0 131.0127084683416,31.22106699518893,0.0 131.01271189019377,31.22106528813461,0.0 131.01271531150283,31.221063581311103,0.0 131.01271873226705,31.221061874718536,0.0 131.01272215248392,31.22106016835744,0.0 131.01272557215023,31.221058462228743,0.0 131.0127289912621,31.22105675633379,0.0 131.0127324098147,31.221055050674327,0.0 131.01273582780271,31.221053345252496,0.0 131.01273924521993,31.221051640070847,0.0 131.01274266205957,31.221049935132328,0.0 131.012746078314,31.22104823044027,0.0 131.012749493975,31.22104652599841,0.0 131.01275290903365,31.221044821810864,0.0 131.01275632348035,31.221043117882093,0.0 131.01275973730495,31.221041414216973,0.0 131.0127631504965,31.221039710820687,0.0 131.01276656304367,31.221038007698795,0.0 131.01276997493443,31.22103630485717,0.0 131.01277338615628,31.22103460230203,0.0 131.0127767966961,31.221032900039862,0.0 131.0127802065404,31.221031198077487,0.0 131.0127836156752,31.22102949642195,0.0 131.01278702408604,31.221027795080605,0.0 131.0127904317582,31.221026094061006,0.0 131.0127938386765,31.22102439337096,0.0 131.01279724482552,31.22102269301844,0.0 131.01280065018955,31.221020993011624,0.0 131.01280405475262,31.221019293358847,0.0 131.01280745849863,31.221017594068584,0.0 131.0128108614113,31.22101589514942,0.0 131.01281426347427,31.22101419661004,0.0 131.01281766467105,31.22101249845918,0.0 131.01282106498527,31.22101080070565,0.0 131.01282446440044,31.22100910335825,0.0 131.01282786290022,31.22100740642584,0.0 131.0128312604685,31.22100570991714,0.0 131.01283465708914,31.22100401384092,0.0 131.0128380527464,31.22100231820584,0.0 131.01284144742465,31.22100062302041,0.0 131.01284484110863,31.22099892829308,0.0 131.0128482337836,31.220997234032104,0.0 131.012851625435,31.22099554024556,0.0 131.01285501604886,31.22099384694131,0.0 131.0128584056116,31.220992154127007,0.0 131.01286179411028,31.220990461810032,0.0 131.0128651815325,31.220988769997497,0.0 131.0128685678665,31.2209870786962,0.0 131.01287195310118,31.2209853879126,0.0 131.01287533722612,31.220983697652866,0.0 131.01287872023173,31.22098200792271,0.0 131.0128821021091,31.22098031872752,0.0 131.0128854828502,31.22097863007224,0.0 131.0128888624479,31.2209769419614,0.0 131.0128922408958,31.220975254399075,0.0 131.01289561818857,31.220973567388874,0.0 131.01289899432166,31.220971880933924,0.0 131.0129023692916,31.220970195036863,0.0 131.01290574309587,31.22096850969984,0.0 131.01290911573292,31.22096682492444,0.0 131.01291248720224,31.22096514071175,0.0 131.0129158575043,31.220963457062325,0.0 131.01291922664066,31.220961773976168,0.0 131.0129225946139,31.220960091452724,0.0 131.0129259614276,31.2209584094909,0.0 131.0129293270865,31.22095672808903,0.0 131.01293269159626,31.220955047244903,0.0 131.01293605496363,31.22095336695576,0.0 131.01293941719635,31.22095168721828,0.0 131.01294277830323,31.2209500080286,0.0 131.01294613829413,31.220948329382303,0.0 131.01294949717965,31.220946651274485,0.0 131.01295285497164,31.220944973699662,0.0 131.01295621168262,31.220943296651885,0.0 131.01295956732622,31.22094162012469,0.0 131.01296292191677,31.220939944111148,0.0 131.01296627546958,31.220938268603845,0.0 131.01296962800066,31.220936593594946,0.0 131.01297297952675,31.22093491907616,0.0 131.01297633006536,31.220933245038843,0.0 131.01297967963464,31.22093157147393,0.0 131.01298302825333,31.22092989837201,0.0 131.01298637594076,31.22092822572337,0.0 131.01298972271675,31.220926553517977,0.0 131.01299306860153,31.22092488174551,0.0 131.01299641361578,31.220923210395444,0.0 131.01299975778048,31.220921539457,0.0 131.01300310111688,31.220919868919268,0.0 131.01300644364645,31.22091819877114,0.0 131.01300978539075,31.220916529001425,0.0 131.01301312637145,31.220914859598857,0.0 131.01301646661022,31.220913190552103,0.0 131.01301980612868,31.220911521849835,0.0 131.0130231449483,31.220909853480723,0.0 131.01302648309047,31.220908185433533,0.0 131.01302982057612,31.220906517697102,0.0 131.013033157426,31.220904850260418,0.0 131.01303649366045,31.220903183112583,0.0 131.0130398292993,31.220901516242968,0.0 131.01304316436185,31.22089984964113,0.0 131.0130464988669,31.220898183296903,0.0 131.01304983283256,31.220896517200448,0.0 131.01305316627617,31.22089485134221,0.0 131.0130564992144,31.22089318571304,0.0 131.01305983166304,31.22089152030417,0.0 131.013063163637,31.22088985510728,0.0 131.01306649515027,31.220888190114447,0.0 131.01306982621588,31.22088652531829,0.0 131.01307315684582,31.220884860711934,0.0 131.01307648705097,31.22088319628898,0.0 131.01307981684118,31.22088153204364,0.0 131.01308314622509,31.220879867970663,0.0 131.01308647521017,31.22087820406544,0.0 131.0130898038027,31.22087654032393,0.0 131.01309313200767,31.220874876742748,0.0 131.01309645982883,31.22087321331917,0.0 131.0130997872687,31.2208715500511,0.0 131.0131031143284,31.220869886937123,0.0 131.0131064410078,31.220868223976503,0.0 131.01310976730545,31.220866561169185,0.0 131.01311309321852,31.220864898515817,0.0 131.01311641874295,31.22086323601772,0.0 131.0131197438732,31.22086157367692,0.0 131.01312306860257,31.22085991149613,0.0 131.013126392923,31.220858249478773,0.0 131.01312971682506,31.220856587628887,0.0 131.0131330402982,31.22085492595126,0.0 131.01313636333057,31.22085326445132,0.0 131.01313968590893,31.22085160313512,0.0 131.01314300801909,31.22084994200939,0.0 131.0131463296456,31.220848281081448,0.0 131.0131496507719,31.220846620359247,0.0 131.0131529713804,31.220844959851306,0.0 131.0131562914524,31.22084329956669,0.0 131.01315961096824,31.220841639515044,0.0 131.0131629299074,31.2208399797065,0.0 131.01316624824844,31.220838320151675,0.0 131.01316956596912,31.220836660861632,0.0 131.01317288304642,31.220835001847902,0.0 131.01317619945667,31.22083334312236,0.0 131.0131795151756,31.22083168469727,0.0 131.01318283017832,31.220830026585208,0.0 131.01318614443952,31.220828368799072,0.0 131.01318945793344,31.220826711351968,0.0 131.01319277063405,31.22082505425724,0.0 131.013196082515,31.2208233975284,0.0 131.01319939354983,31.220821741179098,0.0 131.01320270371195,31.22082008522308,0.0 131.01320601297476,31.22081842967413,0.0 131.01320932131168,31.220816774546048,0.0 131.01321262869635,31.22081511985262,0.0 131.0132159351026,31.22081346560753,0.0 131.01321924050464,31.22081181182436,0.0 131.01322254487695,31.220810158516525,0.0 131.01322584819462,31.220808505697235,0.0 131.01322915043315,31.22080685337945,0.0 131.01323245156888,31.22080520157586,0.0 131.01323575157863,31.22080355029881,0.0 131.0132390504402,31.22080189956027,0.0 131.0132423481321,31.22080024937181,0.0 131.013245644634,31.220798599744537,0.0 131.01324893992629,31.22079695068908,0.0 131.01325223399067,31.22079530221556,0.0 131.01325552680984,31.22079365433349,0.0 131.01325881836783,31.220792007051823,0.0 131.01326210864994,31.220790360378896,0.0 131.01326539764258,31.22078871432235,0.0 131.0132686853338,31.22078706888917,0.0 131.01327197171287,31.2207854240856,0.0 131.01327525677067,31.220783779917166,0.0 131.01327854049958,31.220782136388635,0.0 131.01328182289336,31.22078049350396,0.0 131.01328510394748,31.22077885126633,0.0 131.01328838365905,31.22077720967811,0.0 131.0132916620266,31.220775568740816,0.0 131.01329493905055,31.22077392845513,0.0 131.0132982147328,31.220772288820903,0.0 131.01330148907687,31.22077064983712,0.0 131.01330476208807,31.220769011501915,0.0 131.01330803377323,31.22076737381256,0.0 131.01331130414096,31.22076573676547,0.0 131.01331457320123,31.22076410035623,0.0 131.01331784096593,31.2207624645796,0.0 131.01332110744815,31.22076082942948,0.0 131.01332437266288,31.220759194898992,0.0 131.01332763662631,31.220757560980456,0.0 131.01333089935625,31.22075592766541,0.0 131.0133341608718,31.22075429494468,0.0 131.01333742119354,31.220752662808323,0.0 131.01334068034316,31.220751031245747,0.0 131.01334393834367,31.22074940024568,0.0 131.01334719521927,31.2207477697962,0.0 131.0133504509951,31.22074613988485,0.0 131.0133537056974,31.220744510498594,0.0 131.01335695935325,31.22074288162388,0.0 131.0133602119907,31.22074125324667,0.0 131.01336346363834,31.22073962535256,0.0 131.01336671432557,31.22073799792672,0.0 131.0133699640822,31.22073637095404,0.0 131.0133732129386,31.22073474441908,0.0 131.01337646092543,31.220733118306207,0.0 131.01337970807364,31.220731492599626,0.0 131.01338295441423,31.22072986728337,0.0 131.01338619997836,31.22072824234149,0.0 131.013389444797,31.22072661775796,0.0 131.013392688901,31.220724993516804,0.0 131.01339593232095,31.22072336960217,0.0 131.01339917508693,31.22072174599837,0.0 131.01340241722866,31.22072012268989,0.0 131.0134056587752,31.22071849966151,0.0 131.0134088997549,31.22071687689831,0.0 131.01341214019524,31.22071525438577,0.0 131.0134153801229,31.220713632109785,0.0 131.01341861956345,31.220712010056687,0.0 131.01342185854145,31.2207103882134,0.0 131.0134250970802,31.220708766567384,0.0 131.01342833520167,31.220707145106736,0.0 131.0134315729267,31.220705523820207,0.0 131.01343481027436,31.22070390269725,0.0 131.0134380472624,31.22070228172812,0.0 131.013441283907,31.22070066090379,0.0 131.01344452022255,31.2206990402161,0.0 131.0134477562219,31.220697419657714,0.0 131.01345099191596,31.220695799222234,0.0 131.01345422731396,31.22069417890413,0.0 131.0134574624232,31.220692558698808,0.0 131.01346069724912,31.22069093860267,0.0 131.01346393179523,31.220689318613047,0.0 131.01346716606315,31.22068769872832,0.0 131.01347040005248,31.2206860789478,0.0 131.01347363376084,31.220684459271848,0.0 131.01347686718393,31.22068283970184,0.0 131.01348010031543,31.220681220240166,0.0 131.0134833331472,31.220679600890204,0.0 131.01348656566896,31.22067798165636,0.0 131.0134897978687,31.22067636254403,0.0 131.01349302973236,31.220674743559574,0.0 131.01349626124428,31.220673124710327,0.0 131.0134994923868,31.2206715060046,0.0 131.01350272314048,31.220669887451567,0.0 131.01350595348444,31.22066826906132,0.0 131.0135091833959,31.22066665084481,0.0 131.0135124128508,31.22066503281385,0.0 131.01351564182335,31.220663414981008,0.0 131.01351887028653,31.22066179735957,0.0 131.01352209821195,31.22066017996364,0.0 131.01352532557,31.220658562807863,0.0 131.01352855233,31.22065694590757,0.0 131.01353177846025,31.220655329278653,0.0 131.013535003928,31.220653712937505,0.0 131.01353822869993,31.22065209690096,0.0 131.01354145274192,31.22065048118628,0.0 131.01354467601917,31.220648865811068,0.0 131.01354789849665,31.220647250793192,0.0 131.0135511201388,31.220645636150728,0.0 131.01355434090996,31.22064402190196,0.0 131.0135575607744,31.22064240806522,0.0 131.01356077969635,31.22064079465887,0.0 131.01356399764035,31.22063918170124,0.0 131.0135672145711,31.220637569210588,0.0 131.01357043045385,31.220635957204944,0.0 131.0135736452542,31.22063434570216,0.0 131.01357685893868,31.22063273471976,0.0 131.0135800714745,31.22063112427489,0.0 131.0135832828298,31.22062951438432,0.0 131.0135864929738,31.22062790506425,0.0 131.0135897018768,31.22062629633041,0.0 131.01359290951052,31.220624688197866,0.0 131.01359611584795,31.22062308068104,0.0 131.0135993208636,31.22062147379357,0.0 131.01360252453367,31.22061986754843,0.0 131.01360572683583,31.22061826195764,0.0 131.01360892774974,31.220616657032394,0.0 131.01361212725686,31.22061505278297,0.0 131.01361532534057,31.22061344921866,0.0 131.01361852198627,31.22061184634774,0.0 131.01362171718145,31.22061024417748,0.0 131.01362491091578,31.220608642714,0.0 131.01362810318105,31.22060704196239,0.0 131.0136312939713,31.22060544192657,0.0 131.01363448328283,31.22060384260929,0.0 131.0136376711143,31.220602244012188,0.0 131.01364085746664,31.220600646135672,0.0 131.01364404234306,31.220599048978976,0.0 131.01364722574905,31.22059745254017,0.0 131.0136504076926,31.220595856816068,0.0 131.01365358818384,31.22059426180236,0.0 131.01365676723515,31.220592667493523,0.0 131.01365994486127,31.220591073882904,0.0 131.01366312107902,31.22058948096269,0.0 131.01366629590743,31.220587888723937,0.0 131.0136694693675,31.220586297156647,0.0 131.01367264148243,31.22058470624972,0.0 131.01367581227714,31.22058311599109,0.0 131.01367898177855,31.22058152636765,0.0 131.01368215001528,31.22057993736541,0.0 131.01368531701752,31.220578348969507,0.0 131.01368848281714,31.220576761164168,0.0 131.01369164744736,31.220575173932936,0.0 131.01369481094267,31.220573587258567,0.0 131.01369797333888,31.22057200112324,0.0 131.0137011346727,31.22057041550848,0.0 131.01370429498175,31.220568830395333,0.0 131.01370745430458,31.2205672457644,0.0 131.01371061268014,31.220565661595906,0.0 131.01371377014803,31.22056407786979,0.0 131.01371692674806,31.220562494565744,0.0 131.01372008252028,31.220560911663373,0.0 131.01372323750465,31.22055932914217,0.0 131.01372639174107,31.220557746981694,0.0 131.01372954526911,31.22055616516157,0.0 131.01373269812782,31.22055458366165,0.0 131.01373585035572,31.220553002462,0.0 131.01373900199047,31.22055142154304,0.0 131.0137421530689,31.22054984088564,0.0 131.01374530362665,31.220548260471148,0.0 131.0137484536982,31.220546680281508,0.0 131.01375160331668,31.220545100299283,0.0 131.01375475251365,31.2205435205078,0.0 131.0137579013191,31.22054194089112,0.0 131.01376104976129,31.220540361434217,0.0 131.01376419786646,31.22053878212295,0.0 131.01376734565903,31.220537202944207,0.0 131.0137704931612,31.220535623885848,0.0 131.013773640393,31.220534044936866,0.0 131.01377678737222,31.22053246608739,0.0 131.01377993411427,31.22053088732872,0.0 131.01378308063215,31.2205293086534,0.0 131.0137862269363,31.220527730055192,0.0 131.0137893730346,31.220526151529192,0.0 131.01379251893246,31.220524573071778,0.0 131.0137956646326,31.22052299468065,0.0 131.013798810135,31.220521416354888,0.0 131.0138019554372,31.22051983809491,0.0 131.01380510053394,31.22051825990248,0.0 131.01380824541735,31.22051668178073,0.0 131.01381139007697,31.22051510373414,0.0 131.01381453449974,31.220513525768524,0.0 131.01381767867,31.220511947891016,0.0 131.01382082256967,31.220510370110045,0.0 131.01382396617828,31.22050879243529,0.0 131.01382710947294,31.220507214877657,0.0 131.01383025242848,31.220505637449275,0.0 131.01383339501763,31.22050406016337,0.0 131.013836537211,31.22050248303432,0.0 131.01383967897723,31.220500906077472,0.0 131.0138428202832,31.220499329309217,0.0 131.01384596109403,31.22049775274681,0.0 131.01384910137327,31.220496176408417,0.0 131.013852241083,31.220494600312914,0.0 131.01385538018417,31.220493024479943,0.0 131.01385851863645,31.220491448929728,0.0 131.01386165639863,31.220489873683047,0.0 131.01386479342867,31.22048829876115,0.0 131.01386792968407,31.22048672418564,0.0 131.01387106512163,31.22048514997841,0.0 131.01387419969808,31.220483576161577,0.0 131.01387733337003,31.22048200275733,0.0 131.0138804660941,31.220480429787845,0.0 131.0138835978273,31.22047885727527,0.0 131.01388672852704,31.22047728524153,0.0 131.0138898581514,31.22047571370831,0.0 131.01389298665933,31.220474142696894,0.0 131.01389611401066,31.220472572228136,0.0 131.01389924016655,31.22047100232235,0.0 131.0139023650894,31.220469432999185,0.0 131.01390548874315,31.2204678642776,0.0 131.01390861109343,31.22046629617572,0.0 131.0139117321078,31.220464728710784,0.0 131.01391485175563,31.22046316189905,0.0 131.01391797000855,31.220461595755776,0.0 131.01392108684047,31.22046003029505,0.0 131.01392420222754,31.22045846552981,0.0 131.01392731614857,31.220456901471746,0.0 131.01393042858487,31.22045533813122,0.0 131.01393353952062,31.220453775517264,0.0 131.0139366489426,31.22045221363748,0.0 131.01393975684064,31.22045065249804,0.0 131.01394286320732,31.220449092103635,0.0 131.01394596803848,31.220447532457413,0.0 131.0139490713327,31.220445973561027,0.0 131.0139521730918,31.220444415414534,0.0 131.0139552733207,31.220442858016444,0.0 131.0139583720272,31.22044130136369,0.0 131.0139614692224,31.220439745451607,0.0 131.0139645649203,31.220438190274,0.0 131.013967659138,31.220436635823106,0.0 131.01397075189547,31.2204350820896,0.0 131.01397384321567,31.22043352906272,0.0 131.01397693312438,31.22043197673016,0.0 131.01398002165007,31.22043042507823,0.0 131.01398310882402,31.22042887409184,0.0 131.0139861946799,31.220427323754528,0.0 131.01398927925385,31.220425774048604,0.0 131.01399236258445,31.220424224955103,0.0 131.0139954447123,31.220422676453943,0.0 131.0139985256801,31.220421128523952,0.0 131.01400160553257,31.22041958114292,0.0 131.01400468431595,31.220418034287693,0.0 131.01400776207825,31.220416487934298,0.0 131.0140108388688,31.220414942057943,0.0 131.01401391473823,31.220413396633173,0.0 131.01401698973828,31.220411851633887,0.0 131.01402006392163,31.220410307033497,0.0 131.01402313734167,31.22040876280491,0.0 131.01402621005252,31.22040721892072,0.0 131.0140292821087,31.220405675353188,0.0 131.01403235356514,31.22040413207433,0.0 131.014035424477,31.220402589056054,0.0 131.0140384948996,31.22040104627008,0.0 131.0140415648149,31.220399503724053,0.0 131.0140446342765,31.22039796139051,0.0 131.01404770330464,31.220396419258247,0.0 131.01405077192302,31.220394877314416,0.0 131.01405384015337,31.220393335547023,0.0 131.01405690801545,31.220391793945087,0.0 131.01405997552703,31.22039025249859,0.0 131.01406304270367,31.220388711198563,0.0 131.0140661095586,31.2203871700372,0.0 131.01406917610285,31.220385629007776,0.0 131.01407224234504,31.22038408810479,0.0 131.01407530829132,31.220382547323936,0.0</coordinates>
            </LineString>
        </Placemark>
    </Document>
</kml>
