<?xml version="1.0" encoding="UTF-8"?>
<kml xmlns="http://www.opengis.net/kml/2.2" xmlns:gx="http://www.google.com/kml/ext/2.2">
    <Document id="121">
        <Style id="124">
            <LineStyle id="125">
                <color>ff0000ff</color>
                <colorMode>normal</colorMode>
                <width>3</width>
            </LineStyle>
        </Style>
        <Style id="128">
            <LineStyle id="129">
                <color>ff00ff00</color>
                <colorMode>normal</colorMode>
                <width>3</width>
            </LineStyle>
        </Style>
        <Placemark id="123">
            <name>flight_path</name>
            <styleUrl>#124</styleUrl>
            <LineString id="122">
                <altitudeMode>relativeToGround</altitudeMode>
                <coordinates>131.010392,31.222216000000007,3.000000004412624 131.0103920000045,31.222215999991075,3.0000027652305543 131.0103920000085,31.222215999994766,3.0000030853541984 131.0103920000085,31.222215999994766,3.0000030853541984 131.01039200000852,31.222215999994766,3.0000030853541984 131.01039201539675,31.22221599246117,3.0023884986471163 131.0103920617776,31.22221596990869,3.015331231721257 131.01039213193175,31.22221593580231,3.0351264363252404 131.01039220552698,31.222215900001803,3.055106219166761 131.0103923261533,31.222215841380503,3.090004394730484 131.01039241011944,31.222215800500727,3.1115340872331685 131.01039255023213,31.22221573238213,3.151063460926564 131.0103926908424,31.222215663995925,3.189784893121109 131.01039284206664,31.22221559043897,3.23111772340097 131.01039301222698,31.2222155076778,3.2778754514712065 131.01039319835945,31.22221541714896,3.329057119327625 131.01039339622227,31.222215320908244,3.383229829375461 131.0103936086097,31.222215217601374,3.4413386621870097 131.01039382835415,31.2222151107022,3.500962017738751 131.0103940692252,31.222214993537087,3.566754013292423 131.0103943154942,31.22221487372917,3.6334003425495367 131.0103945800907,31.22221474501192,3.705270765720048 131.01039485370347,31.222214611898128,3.779219998303775 131.01039513986652,31.222214472675024,3.856442763351153 131.01039544418495,31.22221432462593,3.9388336136528577 131.01039575462735,31.22221417358214,4.022328928820314 131.01039608061367,31.222214014978025,4.110111315127456 131.01039641907315,31.22221385030192,4.20114441129061 131.01039677261693,31.22221367828824,4.296310626724281 131.01039713608534,31.22221350143773,4.393868548192477 131.010397517966,31.22221331563664,4.496683993164735 131.01039790540767,31.22221312711366,4.600420125064151 131.01039830590005,31.22221293223868,4.707604968129808 131.01039871921526,31.222212731122088,4.8181619013200345 131.01039914602634,31.222212523437697,4.932317992273902 131.0103995843797,31.222212310132328,5.049414803571431 131.01040002919007,31.222212093670787,5.167739039340097 131.010400488852,31.222211869984235,5.290119088179969 131.01040096154043,31.222211639957216,5.415939478570699 131.01040144391652,31.222211405208075,5.544076156420129 131.01040193996343,31.222211163806087,5.675869112702848 131.01040244347448,31.22221091875968,5.809230869593894 131.01040295825328,31.222210668225145,5.945439804389508 131.01040348638034,31.22221041119396,6.085193185839201 131.01040402793237,31.222210147628825,6.228514853755213 131.0104045774418,31.22220988018005,6.373570321964543 131.0104051377902,31.2222096074508,6.521325187598352 131.01040571307726,31.222209327453587,6.673149607941206 131.01040630329675,31.222209040191352,6.829037586096744 131.01040689520636,31.22220875208352,6.984563197684807 131.01040750096558,31.22220845723537,7.143787353550456 131.0104081214021,31.222208155245536,7.306979827983644 131.01040875222748,31.222207848192888,7.472708023785239 131.01040938861175,31.222207538419,7.639365051166282 131.0104100415545,31.222207220590928,7.810603337186065 131.01041070492113,31.22220689768276,7.98437975261839 131.0104113765162,31.222206570758807,8.159965504549577 131.01041206172027,31.22220623933769,8.33913983713323 131.01041275308185,31.222205900920656,8.52026051186062 131.01041345556945,31.222205558056025,8.704126142380332 131.01041417490822,31.222205206054056,8.89297807189896 131.01041489781846,31.22220485162676,9.082394491338212 131.010415630899,31.22220449158189,9.27453431195424 131.01041637772204,31.2222041241902,9.470549849690451 131.0104171399405,31.222203748662483,9.670957529953569 131.010417898709,31.2222033740896,9.869654970703468 131.01041867095375,31.22220299233233,10.072100370583897 131.01041946438784,31.222202599731613,10.280718949519228 131.01042026047523,31.222202205168248,10.489573828318656 131.01042106195732,31.22220180732859,10.69954845245246 131.01042187949437,31.22220140119895,10.91397137638208 131.0104227102794,31.22220098816152,11.131912228723344 131.0104235464889,31.22220057190051,11.350925555160924 131.01042439084824,31.222200151157026,11.571846651365757 131.01042525030277,31.22219972278013,11.796754194312198 131.01042612532217,31.2221992866392,12.025726280746156 131.01042699881648,31.222198850514594,12.25362873664308 131.0104278900587,31.22219840573777,12.486178312011988 131.010428791318,31.222197955868072,12.721023132347495 131.0104297014939,31.22219750142952,12.957818613383097 131.01043061853272,31.22219704335275,13.195953144692584 131.01043155528552,31.22219657616192,13.43902136386538 131.01043250120975,31.22219610448572,13.683981353486905 131.01043344945833,31.222195631214035,13.928940494478828 131.01043441674483,31.22219514941765,14.178441705061024 131.0104353995739,31.222194660709903,14.431424480488111 131.01043638094993,31.222194172036588,14.683341884471927 131.0104373792502,31.222193676012107,14.939031499475115 131.0104383922421,31.2221931736956,15.197798779792231 131.01043941373143,31.22219266758804,15.458008827844177 131.0104404446988,31.22219215734569,15.719888494117482 131.01044149032052,31.22219164109492,15.984664547007368 131.01044254965282,31.22219111931515,16.252024932621257 131.01044361389657,31.22219059530413,16.519815559601263 131.01044469647024,31.22219006425592,16.79118108942668 131.0104457948945,31.222189527231755,17.065429833387444 131.01044689685324,31.22218898861096,17.339700690798146 131.0104480219495,31.22218844167961,17.61838710226191 131.0104491573952,31.222187890969696,17.89852798602612 131.01045029613076,31.222187338838296,18.178583808760543 131.01045145971173,31.222186778287337,18.463136787133426 131.0104526359378,31.222186213472657,18.749471154222565 131.01045382356628,31.222185644831075,19.037303837860463 131.0104550287587,31.222185070528607,19.327839287043663 131.01045624272135,31.22218449336947,19.619244061324213 131.01045746708903,31.222183912897275,19.91182007710396 131.0104587190863,31.222183324162422,20.20881675359469 131.01045996713373,31.222182736475503,20.504131773942746 131.0104612439571,31.222182140474395,20.803910042334056 131.01046253775488,31.222181539724016,21.10581776941765 131.0104638348055,31.222180938031528,21.40735759938056 131.01046514875952,31.22218033170896,21.7109547287798 131.01046650196395,31.222179715045,22.02036880289496 131.0104678537787,31.22217909884157,22.32850286964732 131.01046920633303,31.222178482402462,22.63581468273841 131.01047060848828,31.222177853556985,22.95031728047688 131.0104719969417,31.22217722825725,23.261516512677588 131.0104734091243,31.22217659722646,23.575520643828327 131.0104748769203,31.222175953148263,23.897155481545337 131.01047630026875,31.222175319697072,24.21082651953908 131.0104777796719,31.222174673348324,24.53203599406841 131.01047929022275,31.222174020262702,24.85673065336989 131.0104807639225,31.22217337560268,25.174915644104463 131.01048231159336,31.22217271484428,25.50276200611616 131.0104838481016,31.22217205687232,25.82782216104756 131.01048538877836,31.222171398203223,26.152394096043096 131.0104869959657,31.222170725909287,26.4850041101556 131.01048857862165,31.22217005907573,26.813071714442863 131.01049018095355,31.222169388466764,27.142687187675733 131.01049184202645,31.22216870647297,27.478865160751564 131.0104934712746,31.22216803118084,27.80969212157368 131.01049514623705,31.22216734727612,28.14525532856509 131.0104968466055,31.222166658941063,28.48279957954212 131.0104985260433,31.22216597496777,28.81654496689292 131.01050028098723,31.222165277245743,29.15839453524909 131.0105020101933,31.22216458479343,29.495854101701585 131.0105037608204,31.22216388879604,29.83471453343056 131.01050558031133,31.22216318085376,30.180472090704004 131.01050735966135,31.22216248061048,30.52026450732032 131.01050918257667,31.222161773065007,30.86390930938599 131.0105110526524,31.22216105780583,31.21165991694089 131.01051288805547,31.22216034907913,31.55423088971829 131.01051479305613,31.222159628856176,31.90335963591741 131.0105166860322,31.222158911245604,32.24986558835607 131.01051859118195,31.2221581920639,32.59647170378119 131.0105205757691,31.22215746010377,32.950412085628386 131.01052251511086,31.2221567362648,33.298184728855 131.0105244931769,31.222156006498448,33.64885797089964 131.0105265407096,31.22215526587137,34.005569361777646 131.01052852522906,31.222154536137424,34.35437864999187 131.01053059997642,31.22215379219857,34.71133856453153 131.0105326726982,31.22215304918079,35.06677107234716 131.0105347343832,31.222152308487107,35.4198059411206 131.0105368873099,31.22215155360963,35.78087867748156 131.01053899666226,31.22215080632552,36.13622005391238 131.01054114974065,31.222150052536684,36.494723815358746 131.0105433456956,31.222149292407675,36.856249008028406 131.0105455088952,31.222148538083022,37.213213335500186 131.01054775101716,31.22214777160202,37.57679162129492 131.01054997204588,31.22214700904267,37.93698578274667 131.01055220644793,31.22214624484845,38.2972505968157 131.010554515433,31.222145469119443,38.66363580493262 131.01055678298067,31.22214470058919,39.02465598281434 131.01055909526747,31.22214392529449,39.3888487448911 131.01056144021595,31.222143145142155,39.75501321380532 131.010563762811,31.22214236910939,40.1177279275864 131.0105661728527,31.222141579143926,40.48784053314973 131.01056853910154,31.22214079682597,40.85239575562424 131.01057093924612,31.222140009320466,41.21908015667647 131.01057341648695,31.222139209281085,41.59219250593944 131.01057582210257,31.222138421663995,41.95699021839889 131.01057832194192,31.22213761846419,42.32996294167494 131.01058079614893,31.222136819937543,42.69919830934037 131.0105832889328,31.222136018559176,43.06911050860039 131.01058584455157,31.222135206531767,43.44417862997015 131.0105883565593,31.222134402389543,43.8136968101732 131.01059094311344,31.22213358534032,44.189620421107286 131.01059351645543,31.22213277081408,44.563081644792256 131.01059609410547,31.222131955741016,44.93585442621732 131.01059874511276,31.22213112745675,45.315078303174126 131.01060134476614,31.22213030870484,45.687908518969806 131.0106040157472,31.22212947685768,46.06707144762841 131.01060667516225,31.222128647195184,46.44397864275796 131.0106093449154,31.22212781564884,46.820915915701775 131.01061207967575,31.222126971610223,47.203729736094274 131.01061476274316,31.222126137534712,47.58001599703573 131.01061752742984,31.22212528745313,47.96406355420829 131.01062025924247,31.22212444372741,48.34358843560431 131.010623018199,31.222123594500545,48.72508390124226 131.0106258261411,31.222122735138445,49.11102774443752 131.0106285892935,31.22212188473665,49.49108575013823 131.0106314288218,31.222121018336228,49.878723385549954 131.01063423948256,31.222120157643097,50.26224293056376 131.01063707291715,31.2221192918928,50.64743175846885 131.01063995749465,31.222118414822884,51.03759744601504 131.01064279235655,31.222117548106247,51.42121423433339 131.01064570726783,31.22211666356561,51.8132277564853 131.01064859258852,31.22211578503301,52.201008894688925 131.0106514973702,31.22211490176015,52.590245097436366 131.01065443498416,31.22211401058785,52.9825734943495 131.01065734375644,31.22211312542188,53.37070906743115 131.0106603231266,31.2221122235616,53.76650978853461 131.01066326492335,31.22211132972252,54.15707707409257 131.01066624116842,31.22211042731196,54.551054534781215 131.01066923352144,31.22210952045324,54.94628255886022 131.01067220328494,31.222108618274667,55.33804626300751 131.0106752529118,31.22210769642984,55.73890348786288 131.01067824353572,31.22210678793381,56.13183743609228 131.0106812929327,31.22210586463103,56.531338904635454 131.01068433421807,31.222104942505865,56.92918600841868 131.01068737138127,31.22210402064712,57.32585827654696 131.0106904646056,31.222103084338343,57.7288673473012 131.01069351422876,31.222102157903112,58.125799019283406 131.01069662494126,31.2221012157007,58.529722388295646 131.0106997115147,31.222100278626183,58.92999827474377 131.01070281248707,31.222099337221977,59.33144148864302 131.01070594865553,31.22209838632536,59.73666053843856 131.01070904810706,31.22209744370968,60.13665798533343 131.01071222174812,31.222096481974525,60.54529265347728 131.01071535242374,31.222095530072394,60.947932851968766 131.01071852985794,31.222094565863216,61.355758899307865 131.01072169437248,31.222093604085007,61.76133737672425 131.0107248588816,31.222092641562696,62.16627504140333 131.01072806750915,31.22209166750685,62.57599355799056 131.01073124009176,31.222090701566746,62.98062277239636 131.01073448783333,31.22208971665615,63.39375908648836 131.0107376923828,31.222088741589,63.80095097052921 131.0107409279391,31.222087758391712,64.21121291710439 131.010744183134,31.222086769909648,64.62311537863064 131.0107474074584,31.22208578821505,65.03062669520953 131.0107506909631,31.222084791957503,65.44441708144562 131.01075396378863,31.222083797766643,65.85617959403454 131.0107572186856,31.222082807264712,66.26511460322583 131.0107605104487,31.222081807768543,66.6775449962631 131.0107638263071,31.22208080240569,67.09190829414337 131.01076712694012,31.222079800186982,67.50372457559924 131.01077042812295,31.222078797488926,67.91480205161993 131.01077375966725,31.22207778772125,68.32841347496934 131.01077709722352,31.222076776435586,68.74180170585619 131.0107804327679,31.222075765403865,69.15409229718061 131.01078377271827,31.22207475324333,69.56597348072859 131.01078713185862,31.222073736844543,69.97898399178227 131.01079049402415,31.22207271975814,70.39136801918204 131.01079385862147,31.22207170212735,70.80305788844593 131.01079723174345,31.222070682720968,71.21466243409138 131.01080061205897,31.222069661883687,71.62601192792935 131.01080399643666,31.222068640308223,72.03676642207687 131.01080738529222,31.22206761794984,72.44694924086275 131.0108107833538,31.22206659390956,72.8570019017892 131.0108141889648,31.2220655685794,73.26673171058253 131.0108176012397,31.222064542180394,73.67603069683753 131.0108210168079,31.22206351540935,74.08455896337776 131.01082443562763,31.22206248830508,74.4922985106373 131.0108278679025,31.222061458959807,74.90017730416186 131.01083130201678,31.22206042963719,75.30709312918003 131.0108347445465,31.22205939911936,75.713637715861 131.0108381932437,31.22205836786959,76.11958514391237 131.01084165059095,31.222057335461948,76.52514007310302 131.01084510992408,31.22205630315227,76.92969605319344 131.01084857782632,31.222055269759416,77.33382097198107 131.01085205338325,31.22205423548523,77.73741506883097 131.01085553220616,31.222053201141872,78.14008826035851 131.01085902080237,31.222052165582788,78.54238674040107 131.01086251919637,31.222051128832568,78.94429479867857 131.01086601740568,31.22205009267212,79.34496527865177 131.0108695264614,31.22204905516371,79.7453154983003 131.01087304012594,31.222048017421297,80.1448149683039 131.0108765590653,31.222046979333207,80.54351502919364 131.01088008440783,31.222045940708856,80.94150267022393 131.0108836178634,31.22204490125612,81.33891118789974 131.0108871567828,31.22204386143647,81.73552207849627 131.0108907032008,31.22204282089526,82.13149773685792 131.01089425403643,31.22204178016204,82.52658976326909 131.01089781099878,31.22204073893432,82.92093568764217 131.01090137114232,31.22203969771311,83.31430217301529 131.01090493784983,31.222038655901823,83.70696051042258 131.01090851245073,31.222037613256035,84.09901803633286 131.0109120912626,31.222036570398668,84.4901875951446 131.01091567551674,31.22203552709873,84.88057211225396 131.01091926500268,31.222034483373022,85.2701609370566 131.01092285480647,31.22203344006149,85.6585736965946 131.01092645208433,31.22203239588605,86.04638259995795 131.0109300505597,31.222031351925395,86.43310100779593 131.01093365763265,31.222030306843127,86.81932284070795 131.010937265322,31.222029262027707,87.20442741054528 131.01094088215018,31.222028215927097,87.58910053711976 131.01094449925475,31.22202717009963,87.97265080401034 131.01094811938978,31.22202612402318,88.355308044584 131.01095174623543,31.22202507699002,88.73737940760024 131.0109553760048,31.2220240296542,89.11857598293501 131.010959006038,31.22202298247789,89.49869619484043 131.01096264341953,31.22202193410866,89.87832549209996 131.0109662817574,31.222020885698587,90.25696234133004 131.0109699254692,31.222019836381136,90.6349798965645 131.01097357058006,31.222018786870315,91.01206919340184 131.01097721706728,31.22201773713888,91.38824186967672 131.010980866417,31.222016686862425,91.76363567227077 131.01098451857587,31.22201563600968,92.1382625129574 131.0109881720709,31.22201458483164,92.51201499835771 131.01099182726847,31.222013533220863,92.88493846887572 131.0109954824516,31.22201248148464,93.25690290856582 131.01099914230767,31.222011428642908,93.62832094956433 131.0110028005585,31.222010375927123,93.99867402401593 131.01100646284513,31.222009322155987,94.36845827528046 131.01101012590956,31.222008267957754,94.73740988159317 131.01101378619555,31.22200721404496,95.10523271895644 131.01101745018644,31.222006159034706,95.47250336476716 131.01102111348408,31.222005103812727,95.83885309226191 131.01102477449388,31.222004048695847,96.2041521459484 131.01102843877248,31.22200299247076,96.5689030201646 131.0110320996585,31.222001936536994,96.93252814845748 131.01103576197332,31.222000879834543,97.29546581625893 131.01103942748304,31.22199982194669,97.65788690090432 131.01104308868085,31.221998764493577,98.01912768032366 131.01104674924562,31.221997706656715,98.37952569972109 131.01105040918506,31.221996648413423,98.73909085600744 131.01105407113306,31.221995589159288,99.09807021456008 131.0110577310714,31.221994529773845,99.45610643842542 131.01106138956484,31.221993470122648,99.81325607132176 131.01106504917686,31.22199240961807,100.16975846104783 131.0110687067796,31.22199134895492,100.52533313652494 131.0110723622493,31.22199028815736,100.87997217608594 131.0110760205874,31.221989226086315,101.2341360430268 131.01107967343737,31.221988164634983,101.58706314933544 131.0110833316299,31.22198710134224,101.9397447520524 131.01108698590204,31.221986038314643,102.29133532919376 131.0110906405388,31.221984974581684,102.64222603149456 131.01109429446635,31.221983910392463,102.99231797701768 131.0110979495152,31.221982845337383,103.34177563910715 131.01110160339948,31.22198177994583,103.69038889559208 131.0111052559901,31.221980714257512,104.03814345538066 131.0111089077191,31.22197964818652,104.38507464348577 131.01111256022483,31.22197858137643,104.73132447447487 131.01111620939523,31.22197751477249,105.07651996225935 131.01111985974524,31.22197644737283,105.42105813426572 131.01112350879305,31.22197537975608,105.76471118597632 131.01112715659002,31.221974311929458,106.10747747938257 131.01113080328955,31.221973243879344,106.4493632773592 131.01113445236123,31.22197217485981,106.79066107141507 131.01113809700377,31.2219711063998,107.13077352952035 131.01114174371818,31.22197003708828,107.47025258484236 131.01114539209735,31.22196896704811,107.8090494898249 131.01114903868682,31.22196789705864,108.14686187754384 131.0111526856964,31.2219668266647,108.4838670715106 131.01115633326853,31.221965755866336,108.82006482801468 131.011159982269,31.221964684509604,109.15551421577604 131.01116362677558,31.221963613879783,109.48972123721391 131.01116727256445,31.221962542778183,109.82314700348653 131.01117091879428,31.22196147141844,110.15570846974305 131.0111745637815,31.221960400180475,110.48726047819322 131.01117821161492,31.22195932824796,110.8181134396638 131.01118185621883,31.221958256901427,111.1477805354597 131.0111854995864,31.221957185753,111.47640972744516 131.01118914883915,31.221956113396693,111.80452986196003 131.0111927980767,31.221955041060976,112.13167612565368 131.01119644466624,31.22195396928964,112.457645533508 131.01120009428195,31.221952896982074,112.78284937059388 131.0112037447035,31.221951824611583,113.10710895734564 131.0112073965396,31.22195075208579,113.43045769287885 131.01121105012652,31.22194967936753,113.7529080211626 131.01121470511268,31.22194860655156,114.07442363484088 131.01121835871425,31.221947534192648,114.3948000448314 131.0112220134787,31.22194646182644,114.71420685755736 131.01122566912633,31.22194538953156,115.03261357140508 131.01122932357225,31.221944317719327,115.34986982017134 131.0112329785848,31.221943246077405,115.66608807702644 131.0112366417784,31.221942173222835,115.98176365327816 131.01124029965024,31.22194110166648,116.29599247154827 131.01124395959303,31.22194003005727,116.6092597539651 131.011247622962,31.22193895817168,116.92164186172128 131.01125128598173,31.221937886711057,117.23288805263977 131.01125494974843,31.221936815487364,117.5430644189456 131.01125861205972,31.22193574490692,117.85202720989984 131.01126227642547,31.221934674351445,118.15999198764236 131.01126594360105,31.22193360369954,118.46699837485755 131.01126960822484,31.22193253391034,118.7727124660672 131.01127327486648,31.22193146417853,119.07741271434804 131.01127694562643,31.221930394142493,119.381220593504 131.0112806177204,31.22192932429796,119.6839640451972 131.01128428703856,31.22192825536689,119.98539723206214 131.0112879574935,31.22192718666273,120.2857536207726 131.01129163245687,31.221926117597256,120.58522934191627 131.0112953089952,31.22192504868317,120.88364941942405 131.01129898584475,31.22192398013784,121.1809408622744 131.0113026626399,31.221922912020844,121.47708375364724 131.0113063421088,31.221921843850524,121.77223716268414 131.01131001890187,31.221920776555216,122.06609332820204 131.01131370072198,31.22191970878034,122.35909824395716 131.01131738307737,31.22191864130232,122.6509949685695 131.01132106804295,31.22191757374739,122.94190557431855 131.01132475198676,31.22191650674228,123.2316259109476 131.01132843495284,31.22191544026876,123.5201628705116 131.01133212142295,31.22191437352265,123.8077754242123 131.01133580989625,31.22191330675241,124.09438225221976 131.01133950232767,31.221912239594552,124.38009925899736 131.0113431925062,31.221911173138515,124.66457919296307 131.01134688324248,31.22191010686948,124.94798733613008 131.01135058022152,31.221909039746446,125.23065229367792 131.01135427373967,31.221907973494726,125.5120292786877 131.01135797162277,31.2219069066848,125.79256956999636 131.01136166965594,31.22190584005744,126.07204037893187 131.01136536449803,31.22190477420676,126.35025797646136 131.01136906072028,31.221903708277303,126.62749022269196 131.0113727561628,31.22190264264289,126.90362135466128 131.01137645113442,31.22190157722637,127.17867655487105 131.01138014559606,31.221900512013853,127.4526612897398 131.01138383950803,31.22189944699134,127.72558112306736 131.01138753283055,31.221898382144744,127.9974417070898 131.01139122552345,31.22189731745992,128.26824876061383 131.01139491754662,31.221896252922704,128.5380080521195 131.01139860886,31.22189518851897,128.80672539181035 131.0114022994236,31.22189412423468,129.0744066017951 131.01140598919778,31.22189306005584,129.3410575180768 131.0114096781432,31.22189199596864,129.60668396172937 131.01141336622112,31.221890931959408,129.87129172697047 131.01141705339325,31.22188986801476,130.134886569236 131.01142073962205,31.22188880412143,130.39747418728936 131.01142442487077,31.221887740266528,130.65906021129584 131.01142810910346,31.221886676437425,130.91965018890784 131.01143179228518,31.221885612621843,131.17924956240554 131.011435474382,31.22188454880784,131.43786366869747 131.01143915536116,31.221883484983888,131.69549772540776 131.011442835191,31.22188242113892,131.9521568030456 131.01144651384115,31.221881357262266,132.2078458250061 131.01145019128262,31.221880293343727,132.46256956359707 131.01145386748783,31.221879229373645,132.71633260922636 131.01145754243055,31.221878165342822,132.9691393813382 131.0114612160861,31.221877101242644,133.2209940966058 131.01146488843133,31.22187603706504,133.47190078284993 131.01146855944475,31.221874972802475,133.7218632541902 131.01147222910646,31.221873908448067,133.9708851060762 131.01147589739816,31.221872843995506,134.21896971429632 131.01147956430333,31.221871779439088,134.46612022106132 131.01148322980717,31.22187071477376,134.7123395369949 131.01148689389652,31.22186964999507,134.957630326225 131.01149055656003,31.22186858509924,135.20199501334247 131.01149421778814,31.2218675200831,135.4454357694862 131.01149787757302,31.221866454944173,135.68795451333943 131.01150153590856,31.221865389680623,135.92955290715312 131.01150519279048,31.221864324291246,136.1702323646996 131.01150884821624,31.22186325877552,136.40999403238783 131.01151250218496,31.22186219313353,136.64883880119123 131.01151615469752,31.221861127366047,136.88676730664903 131.01151980575656,31.22186006147445,137.1237799258848 131.0115234553663,31.22185899546076,137.3598767835701 131.0115271035326,31.2218579293276,137.5950577449686 131.01153075026295,31.22185686307821,137.82932243084434 131.01153439556649,31.22185579671644,138.06267021149986 131.01153803945368,31.221854730246687,138.2951002157207 131.01154168193662,31.221853663673937,138.52661133276453 131.0115453230288,31.221852597003725,138.75720222329485 131.01154896274508,31.221851530242105,138.98687131142827 131.01155260110164,31.221850463395626,139.21561680859085 131.01155623811593,31.22184939647136,139.4434367105364 131.01155987380665,31.221848329476806,139.6703287963506 131.01156350819355,31.22184726241996,139.89629065628307 131.01156714129755,31.2218461953092,140.1213196798204 131.01157077314053,31.22184512815332,140.34541307854448 131.0115744037454,31.2218440609615,140.56856788116497 131.0115780331359,31.22184299374324,140.79078095935938 131.0115816613365,31.221841926508382,141.0120490237993 131.01158528837254,31.221840859267058,141.2323686350809 131.01158891426996,31.221839792029662,141.45173622062347 131.0115925390553,31.221838724806847,141.67014807963795 131.01159616275558,31.22183765760948,141.88760039405915 131.01159978539835,31.22183659044857,142.10408923947975 131.0116034070115,31.22183552333537,142.31961059508842 131.01160702762314,31.22183445628119,142.5341603585777 131.0116106472617,31.22183338929747,142.74773434813264 131.01161426595573,31.22183232239573,142.9603283252897 131.01161788373383,31.22183125558753,143.17193799493583 131.0116215006246,31.221830188884454,143.38255902419309 131.0116251166567,31.221829122298068,143.59218705036955 131.01162873185842,31.221828055839904,143.80081769288407 131.01163234625807,31.22182698952145,144.00844655923223 131.01163595988362,31.221825923354075,144.2150692668484 131.0116395727626,31.22182485734905,144.42068144012592 131.01164318492235,31.221823791517544,144.62527873128698 131.0116467963896,31.221822725870496,144.82885683131647 131.0116504071906,31.221821660418687,145.03141146896564 131.01165401735108,31.2218205951727,145.23293843560072 131.01165762689607,31.221819530142835,145.43343358619543 131.01166123584997,31.22181846533917,145.63289284926927 131.01166484423646,31.221817400771503,145.83131224080176 131.01166845207845,31.2218163364493,146.02868786522544 131.011672059398,31.221815272381743,146.22501593729208 131.01167566621635,31.22181420857764,146.42029277809436 131.0116792725539,31.221813145045463,146.61451482600006 131.01168287842998,31.22181208179329,146.80767865255265 131.0116864838631,31.221811018828816,146.99978096048355 131.01169008887075,31.22180995615932,147.1908185916622 131.01169369346945,31.221808893791664,147.3807885429979 131.01169729767457,31.22180783173224,147.56968796047536 131.0117009015005,31.22180676998704,147.7575141550582 131.01170450496056,31.221805708561536,147.94426460069764 131.011708108067,31.221804647460782,148.129936945267 131.01171171083098,31.22180358668932,148.31452900857266 131.01171531326253,31.221802526251185,148.4980387982559 131.01171891537055,31.221801466149945,148.6804645008467 131.01172251716298,31.221800406388656,148.8618044887212 131.01172611864644,31.221799346969863,149.04205732506995 131.01172971982663,31.2217982878956,149.22122177184983 131.0117333207081,31.221797229167368,149.3992967788488 131.01173692129424,31.221796170786195,149.57628149461993 131.01174052158743,31.22179511275253,149.75217526648026 131.01174412158912,31.22179405506637,149.92697763852212 131.01174772129943,31.221792997727164,150.10068835061992 131.01175132071776,31.22179194073384,150.27330734439226 131.01175491984228,31.221790884084847,150.4448347582324 131.01175851867026,31.221789827778128,150.61527092233882 131.01176211719806,31.221788771811124,150.78461636964738 131.01176571542103,31.22178771618078,150.95287181794046 131.0117693133338,31.2217866608836,151.12003817779916 131.0117729109298,31.2217856059156,151.28611654962015 131.011776508202,31.22178455127232,151.451108215665 131.01178010514235,31.22178349694891,151.6150146370785 131.011783701742,31.22178244294001,151.7778374578632 131.0117872979915,31.221781389239908,151.93957848798468 131.01179089388063,31.22178033584245,152.100239712315 131.0117944893985,31.221779282741103,152.25982327075573 131.01179808453364,31.22177822992895,152.41833146917034 131.011801679274,31.221777177398742,152.57576676149475 131.0118052736069,31.221776125142863,152.73213174476683 131.0118088675193,31.22177507315338,152.88742916210938 131.01181246099756,31.221774021422057,153.04166188782148 131.01181605402772,31.221772969940368,153.19483292539056 131.01181964659537,31.221771918699528,153.3469453955659 131.0118232386858,31.221770867690505,153.49800253437138 131.01182683028395,31.22176981690404,153.64800767819727 131.01183042137467,31.221768766330648,153.79696427473323 131.01183401194234,31.221767715960684,153.94487585016992 131.0118376019713,31.22176666578432,154.09174601814468 131.01184119144582,31.22176561579157,154.23757846980268 131.01184478034992,31.22176456597237,154.3823769608775 131.01184836866767,31.221763516316525,154.52614530771476 131.01185195638303,31.22176246681375,154.6688873783284 131.01185554348007,31.221761417453703,154.81060708047295 131.01185912994293,31.221760368226025,154.95130836065235 131.01186271575563,31.221759319120327,155.09099519418072 131.01186630090262,31.221758270126216,155.2296715633146 131.01186988536827,31.221757221233336,155.36734147614197 131.0118734691372,31.221756172431387,155.50400893079924 131.01187705219436,31.221755123710107,155.6396779254109 131.01188063452477,31.22175407505936,155.77435244119667 131.0118842161139,31.22175302646908,155.90803643948573 131.01188779694746,31.22175197792934,156.04073384880175 131.01189137701147,31.22175092943039,156.17244856386552 131.0118949562924,31.221749880962605,156.30318443665303 131.011898534777,31.22174883251656,156.43294525751014 131.01190211245253,31.22174778408303,156.5617347640994 131.01190568930664,31.221746735653017,156.68955662848063 131.01190926532743,31.22174568721776,156.81641444120635 131.01191284050347,31.22174463876874,156.94231172225895 131.0119164148239,31.221743590297724,157.06725189918305 131.0119199882783,31.221742541796743,157.19123830907398 131.0119235608567,31.22174149325816,157.3142741876468 131.01192713254989,31.2217404446746,157.43636266724755 131.01193070334898,31.221739396039062,157.55750677287995 131.01193427324577,31.22173834734489,157.67770940729503 131.0119378422326,31.221737298585737,157.7969733629216 131.0119414103024,31.221736249755647,157.91530129602202 131.0119449774487,31.221735200849047,158.03269574359172 131.01194854366562,31.221734151860726,158.14915910049837 131.0119521089478,31.22173310278588,158.26469363439168 131.01195567329063,31.221732053620087,158.37930146483174 131.01195923669,31.22173100435936,158.49298457024642 131.0119627991423,31.2217299550001,158.60574478097428 131.01196636064486,31.221728905539152,158.71758378125477 131.0119699211952,31.221727855973743,158.82850310425573 131.0119734807917,31.22172680630157,158.93850412611334 131.01197703943328,31.22172575652076,159.0475880709 131.01198059711936,31.22172470662982,159.15575600863815 131.01198415385005,31.22172365662776,159.26300885033038 131.0119877096259,31.221722606513985,159.3693473489535 131.01199126444817,31.22172155628833,159.47477210244057 131.01199481831856,31.22172050595108,159.5792835477182 131.0119983712393,31.221719455502924,159.6828819686566 131.0120019232132,31.22171840494501,159.7855674841445 131.0120054742436,31.22171735427889,159.88734007293604 131.0120090243343,31.221716303506536,159.9881995408521 131.0120125734895,31.221715252630325,160.0881455555667 131.012016121714,31.221714201653047,160.1871776217597 131.01201966901297,31.221713150577887,160.28529510397715 131.01202321539205,31.22171209940842,160.38249721967267 131.01202676085725,31.221711048148624,160.4787830322514 131.012030305415,31.22170999680281,160.57415147989263 131.0120338490721,31.221708945375696,160.66860134473723 131.0120373918357,31.22170789387232,160.7621312896654 131.01204093371328,31.221706842298047,160.85473983940824 131.0120444747126,31.221705790658607,160.94642539645324 131.01204801484175,31.22170473896004,161.03718623010928 131.01205155410915,31.221703687208663,161.12702050334275 131.01205509252327,31.221702635411123,161.21592625488597 131.01205863009304,31.22170158357429,161.30390142209876 131.0120621668274,31.221700531705345,161.39094383201967 131.0120657027356,31.22169947981168,161.47705121627794 131.01206923782695,31.22169842790096,161.56222120910235 131.01207277211094,31.221697375980995,161.64645135328587 131.0120763055972,31.22169632405988,161.72973911409977 131.01207983829536,31.221695272145823,161.81208187829876 131.0120833702152,31.22169422024725,161.89347695213291 131.01208690136653,31.22169316837272,161.9739215852012 131.01209043175908,31.221692116530903,162.05341295951774 131.01209396140277,31.221691064730607,162.13194820938995 131.01209749030727,31.221690012980755,162.2095244124724 131.01210101848247,31.22168896129032,162.28613860865002 131.01210454593797,31.221687909668365,162.36178780202692 131.0121080726834,31.221686858123995,162.43646896490011 131.01211159872818,31.22168580666635,162.51017904173497 131.0121151240818,31.22168475530456,162.58291497103065 131.01211864875347,31.22168370404778,162.65467366544163 131.01212217275224,31.22168265290515,162.72545204060023 131.01212569608705,31.22168160188573,162.79524701213396 131.0121292187666,31.221680550998588,162.86405549665955 131.0121327407994,31.221679500252648,162.93187443364772 131.01213626219382,31.221678449656807,162.9987007725024 131.01213978295783,31.22167739921984,163.06453149144374 131.0121433030993,31.22167634895038,163.12936360148348 131.0121468226257,31.22167529885696,163.19319414244868 131.01215034154447,31.221674248947927,163.25602020484737 131.01215385986248,31.221673199231475,163.31783892291017 131.0121573775865,31.221672149715644,163.37864748452958 131.0121608947229,31.221671100408223,163.4384431362276 131.0121644112779,31.221670051316835,163.4972231841506 131.01216792725708,31.221669002448863,163.55498500997004 131.01217144266613,31.22166795381146,163.61172606392597 131.01217495751004,31.22166690541152,163.66744387476407 131.01217847179373,31.22166585725565,163.72213605768803 131.01218198552166,31.22166480935028,163.77580030739986 131.01218549869793,31.22166376170141,163.82843441698557 131.0121890113264,31.221662714314864,163.8800362709553 131.01219252341056,31.221661667196106,163.93060385419076 131.01219603495352,31.221660620350285,163.98013525194227 131.01219954595808,31.221659573782247,164.02862865479895 131.01220305642676,31.22165852749648,164.07608236962176 131.01220656636164,31.221657481497143,164.1224948036396 131.0122100757646,31.22165643578804,164.16786448830428 131.01221358463707,31.22165539037262,164.2121900653732 131.01221709298028,31.221654345253988,164.2554703008264 131.01222060079508,31.22165330043485,164.2977040789007 131.01222410808202,31.22165225591757,164.33889040706083 131.01222761484135,31.22165121170412,164.3790284199722 131.01223112107317,31.22165016779612,164.4181173735411 131.01223462677703,31.221649124194755,164.45615665783154 131.0122381319524,31.22164808090088,164.49314578116454 131.0122416365985,31.221647037914927,164.52908439198475 131.0122451407142,31.22164599523699,164.56397225599767 131.01224864429818,31.22164495286673,164.59780927704486 131.0122521473488,31.221643910803465,164.63059548318702 131.01225564986447,31.22164286904608,164.66233103167403 131.01225915184307,31.22164182759315,164.6930162099396 131.01226265328245,31.22164078644281,164.722651427649 131.01226615418025,31.221639745592864,164.75123722465088 131.01226965453395,31.22163870504073,164.77877426998378 131.01227315434087,31.22163766478346,164.80526334497907 131.0122766535982,31.22163662481776,164.83070536214572 131.0122801523029,31.22163558513997,164.855101348274 131.01228365045193,31.22163454574612,164.87845245139323 131.01228714804216,31.221633506631846,164.90075993779013 131.0122906450702,31.22163246779249,164.92202518008142 131.01229414153275,31.22163142922311,164.94224965920293 131.01229763742643,31.22163039091837,164.96143497633685 131.01230113274767,31.221629352872696,164.97958282508074 131.01230462749297,31.221628315080217,164.99669500437156 131.01230812165875,31.22162727753475,165.01277341152627 131.01231161524154,31.22162624022988,165.0278200323036 131.01231510823763,31.221625203158915,165.04183694985045 131.0123186006435,31.22162416631492,165.0548263337685 131.01232209245563,31.22162312969074,165.0667904281881 131.01232558367045,31.221622093278988,165.077731562701 131.01232907428448,31.221621057072085,165.08765214043527 131.01233256429424,31.221620021062243,165.09655463209074 131.0123360536964,31.22161898524151,165.10444156997627 131.01233954248764,31.22161794960176,165.11131555397495 131.01234303066468,31.221616914134728,165.11717923564103 131.01234651822443,31.221615878832008,165.12203531919377 131.0123500051637,31.221614843685096,165.12588655058627 131.01235349147973,31.221613808685348,165.12873572148047 131.0123569771695,31.221612773824056,165.13058565930933 131.01236046223036,31.22161173909244,165.1314392242953 131.01236394665963,31.221610704481648,165.1312992945423 131.01236743045484,31.2216096699828,165.1301687819385 131.01237091361364,31.22160863558697,165.1280506043279 131.0123743961338,31.221607601285267,165.1249476924678 131.01237787801324,31.22160656706876,165.12086298505952 131.01238135925004,31.221605532928542,165.11579941980497 131.01238483984233,31.22160449885577,165.10975993241195 131.01238831978847,31.221603464841667,165.10274744367447 131.01239179908703,31.22160243087746,165.09476486941247 131.0123952777366,31.22160139695452,165.08581509363563 131.012398755736,31.221600363064294,165.07590098246072 131.0124022330842,31.221599329198348,165.0650253751653 131.01240570978027,31.221598295348368,165.05319107226148 131.01240918582354,31.221597261506208,165.0404008384785 131.01241266121335,31.22159622766385,165.02665739083633 131.01241613594928,31.22159519381348,165.0119634036154 131.01241961003103,31.22159415994744,164.99632149643045 131.0124230834585,31.22159312605832,164.9797342282673 131.0124265562316,31.221592092138845,164.96220410543418 131.01243002835056,31.221591058182057,164.94373355870312 131.01243349981556,31.22159002418117,164.92432495821822 131.01243697062705,31.22158899012969,164.90398059958187 131.01244044078553,31.22158795602135,164.8827026998787 131.0124439102917,31.221586921850204,164.8604933917138 131.01244737914627,31.221585887610527,164.83735473613203 131.01245084735007,31.22158485329696,164.81328869578402 131.01245431490426,31.2215838189044,164.78829714983567 131.01245778180976,31.221582784428065,164.7623818820397 131.01246124806784,31.22158174986352,164.73554458073772 131.0124647136797,31.221580715206628,164.70778684084695 131.0124681786467,31.22157968045361,164.67911015094015 131.01247164297033,31.22157864560104,164.64951589821558 131.012475106652,31.22157761064582,164.6190053684969 131.01247856969331,31.221576575585207,164.5875797412639 131.01248203209585,31.221575540416868,164.55524007971331 131.01248549386125,31.22157450513876,164.52198735560685 131.01248895499123,31.221573469749284,164.4878224075271 131.01249241548754,31.22157243424717,164.45274598063395 131.01249587535185,31.22157139863153,164.41675870181675 131.01249933458587,31.22157036290188,164.37986107969445 131.01250279319154,31.221569327058063,164.34205351952457 131.0125062511705,31.22156829110036,164.30333630730004 131.01250970852453,31.22156725502937,164.26370961372507 131.01251316525534,31.221566218846128,164.2231735011725 131.0125166213647,31.22156518255201,164.18172791573195 131.01252007685423,31.22156414614877,164.1393726921812 131.0125235317257,31.22156310963854,164.09610755398248 131.01252698598057,31.22156207302383,164.0519321142797 131.0125304396204,31.22156103630748,164.00684587689045 131.0125338926468,31.221559999492715,163.96084823630648 131.01253734506105,31.22155896258312,163.91393848266205 131.01254079686456,31.221557925582584,163.86611580471688 131.01254424805856,31.22155688849537,163.8173792799153 131.01254769864423,31.221555851326087,163.76772788929603 131.01255114862272,31.22155481407962,163.7171605194787 131.0125545979949,31.22155377676121,163.66567595670088 131.0125580467617,31.22155273937639,163.61327289576235 131.01256149492383,31.22155170193098,163.55994994002455 131.01256494248204,31.221550664431096,163.50570560936288 131.01256838943678,31.22154962688313,163.4505383332071 131.0125718357884,31.221548589293764,163.3944464634634 131.01257528153724,31.221547551669865,163.3374282784886 131.0125787266834,31.221546514018605,163.2794819741456 131.01258217122685,31.221545476347355,163.2206056777162 131.01258561516747,31.221544438663702,163.16079745585344 131.012589058505,31.22154340097545,163.1000553046412 131.01259250123897,31.221542363290567,163.03837716748518 131.01259594336875,31.221541325617217,162.97576093212882 131.01259938489366,31.22154028796369,162.9122044326427 131.01260282581282,31.221539250338484,162.84770545439267 131.01260626612512,31.221538212750144,162.7822617499419 131.01260970582945,31.221537175207395,162.7158710261297 131.0126131449244,31.221536137719024,162.64853095898036 131.01261658340852,31.221535100293927,162.5802391976771 131.01262002128016,31.22153406294104,162.51099336456227 131.0126234585375,31.22153302566937,162.44079106706448 131.01262689517864,31.221531988487943,162.3696298907394 131.01263033120145,31.22153095140585,162.29750741616667 131.01263376660376,31.22152991443211,162.22442121894937 131.01263720138317,31.22152887757579,162.1503688717013 131.01264063553722,31.22152784084589,162.0753479529913 131.01264406906324,31.22152680425141,161.9993560443613 131.01264750195853,31.221525767801246,161.92239074622952 131.0126509342202,31.221524731504225,161.84444967788812 131.01265436584526,31.221523695369086,161.76553047551658 131.01265779683067,31.22152265940446,161.6856308051009 131.0126612271732,31.22152162361884,161.60474836442228 131.01266465686953,31.2215205880206,161.5228808850434 131.01266808591637,31.22151955261793,161.44002614324157 131.01267151431023,31.22151851741888,161.35618195106332 131.0126749420476,31.22151748243128,161.2713461791836 131.01267836912487,31.221516447662776,161.18551674100294 131.01268179553844,31.221515413120816,161.09869161451385 131.01268522128458,31.2215143788126,161.010868834348 131.01268864635963,31.22151334474505,160.92204649873415 131.01269207075984,31.221512310924915,160.83222277744872 131.01269549448142,31.2215112773586,160.74139590684675 131.0126989175206,31.221510244052272,160.64956419979976 131.0127023398736,31.22150921101178,160.55672604967162 131.01270576153675,31.2215081782427,160.46287992435506 131.01270918250623,31.221507145750245,160.36802438714324 131.01271260277844,31.22150611353936,160.27215807188185 131.01271602234968,31.221505081614616,160.1752797167626 131.01271944121635,31.221504049980265,160.07738814742558 131.012722859375,31.221503018640167,159.97848227695923 131.01272627682215,31.22150198759787,159.87856112577998 131.01272969355443,31.22150095685653,159.77762379876984 131.01273310956867,31.22149992641893,159.6756695141018 131.01273652486165,31.22149889628748,159.57269758336042 131.01273993943036,31.2214978664642,159.46870742645137 131.012743353272,31.22149683695072,159.36369856166112 131.01274676638374,31.22149580774828,159.257670615597 131.012750178763,31.221494778857707,159.15062332219367 131.01275359040747,31.221493750279457,159.0425565157541 131.01275700131478,31.22149272201357,158.9334701468548 131.01276041148287,31.221491694059672,158.82336426345856 131.01276382090992,31.221490666417008,158.7122390288084 131.01276722959415,31.22148963908441,158.60009470750987 131.01277063753423,31.22148861206032,158.4869316744781 131.01277404472876,31.221487585342736,158.37275040698665 131.0127774511768,31.22148655892933,158.2575514896363 131.01278085687747,31.221485532817347,158.14133561236883 131.01278426183026,31.22148450700363,158.02410356450244 131.01278766603482,31.22148348148465,157.90585624367787 131.012791069491,31.22148245625652,157.78659464393226 131.01279447219903,31.221481431314952,157.66631985470423 131.01279787415933,31.221480406655324,157.54503306878695 131.01280127537257,31.22147938227264,157.42273556542986 131.01280467583967,31.22147835816154,157.29942872425636 131.01280807556188,31.221477334316365,157.17511401234185 131.01281147454057,31.22147631073111,157.04979298023773 131.0128148727776,31.22147528739944,156.92346726793707 131.0128182702749,31.221474264314743,156.79613859592845 131.01282166703476,31.22147324147008,156.66780876122093 131.0128250630597,31.22147221885825,156.53847963933242 131.01282845835252,31.2214711964718,156.4081531763393 131.01283185291626,31.221470174302976,156.27683138390557 131.0128352467543,31.22146915234381,156.144516343261 131.01283863987007,31.22146813058613,156.01121019625523 131.01284203226754,31.221467109021496,155.8769151413824 131.0128454239507,31.22146608764133,155.7416334258305 131.01284881492373,31.221465066436835,155.60536735542195 131.0128522051913,31.22146404539907,155.46811927274587 131.01285559475812,31.22146302451893,155.32989156610483 131.0128589836291,31.2214620037872,155.19068666057137 131.01286237180935,31.221460983194543,155.0505070050646 131.0128657593044,31.22145996273152,154.90935509322554 131.01286914611958,31.221458942388644,154.76723342465365 131.01287253226073,31.22145792215633,154.6241445267732 131.0128759177337,31.221456902025,154.4800909389319 131.01287930254452,31.22145588198499,154.33507521240048 131.01288268669927,31.221454862026693,154.18909989844624 131.0128860702044,31.221453842140505,154.04216755429772 131.01288945306618,31.22145282231684,153.89428073022336 131.01289283529115,31.221451802546166,153.74544196356848 131.01289621688588,31.221450782819048,153.5956537837255 131.01289959785703,31.221449763126103,153.44491870020735 131.01290297821132,31.221448743458087,153.29323919966612 131.01290635795544,31.221447723805888,153.14061773495942 131.0129097370962,31.22144670416052,152.9870567390672 131.0129131156404,31.22144568451316,152.83255860024218 131.01291649359473,31.22144466485518,152.6771256669816 131.012919870966,31.22144364517816,152.52076024703248 131.01292324776085,31.221442625473887,152.3634645904952 131.01292662398595,31.22144160573437,152.2052409047334 131.01292999964787,31.221440585951903,152.04609133151317 131.0129333747531,31.221439566119,151.8860179569427 131.01293674930795,31.221438546228526,151.72502280054096 131.0129401233187,31.221437526273576,151.56310781026465 131.0129434967915,31.2214365062476,151.40027486549383 131.0129468697322,31.221435486144347,151.23652576808465 131.01295024214664,31.22143446595794,151.0718622433648 131.0129536140404,31.22143344568283,150.9062859331746 131.01295698541887,31.22143242531384,150.73979839487464 131.01296035628718,31.221431404846182,150.5724010963752 131.01296372665027,31.22143038427545,150.4040954191186 131.0129670965128,31.22142936359764,150.23488265112186 131.01297046587925,31.22142834280914,150.06476398300063 131.01297383475372,31.221427321906795,149.89374050896336 131.01297720314008,31.221426300887835,149.72181322780483 131.01298057104185,31.22142527974995,149.5489830359494 131.01298393846227,31.22142425849128,149.3752507274506 131.01298730540435,31.221423237110365,149.20061699200238 131.01299067187054,31.221422215606257,149.0250824179226 131.0129940378631,31.2214211939784,148.84864748718076 131.0129974033839,31.22142017222672,148.67131257639417 131.01300076843452,31.22141915035164,148.4930779538447 131.013004133016,31.221418128353964,148.31394378444898 131.0130074971291,31.22141710623501,148.13391012478752 131.01301086077424,31.22141608399656,147.95297692409886 131.01301422395133,31.221415061640805,147.77114403123795 131.0130175866599,31.22141403917044,147.588411183741 131.0130209488992,31.221413016588585,147.40477801776507 131.01302431066796,31.22141199389881,147.22024406411256 131.0130276719645,31.221410971105144,147.03480875518807 131.01303103278676,31.22140994821201,146.8484714200281 131.01303439313227,31.221408925224296,146.66123128827692 131.01303775299812,31.22140790214728,146.47308749614967 131.01304111238105,31.221406878986663,146.28403908345015 131.0130444712773,31.221405855748543,146.094084997546 131.01304782968276,31.22140483243939,145.90322409237447 131.0130511875929,31.221403809066075,145.7114551383816 131.01305454500283,31.221402785635817,145.51877681953962 131.0130579019072,31.221401762156184,145.32518774229243 131.01306125830027,31.221400738635072,145.13068643257304 131.01306461417605,31.221399715080725,144.93527133878433 131.01306796952804,31.22139869150166,144.73894084273323 131.01307132434937,31.2213976679067,144.54169325863504 131.013074678633,31.221396644304928,144.34352683112604 131.01307803237128,31.22139562070572,144.14443975215968 131.01308138555643,31.221394597118564,143.9444301570296 131.0130847381803,31.221393573553343,143.74349612437064 131.01308809023448,31.22139255001998,143.54163569504175 131.0130914417102,31.221391526528656,143.33884686019923 131.0130947925984,31.22139050308968,143.13512758018064 131.0130981428898,31.221389479713515,142.93047577158308 131.01310149257495,31.221388456410715,142.7248893370813 131.01310484164415,31.22138743319192,142.5183661445541 131.0131081900874,31.221386410067872,142.31090405093877 131.0131115378946,31.221385387049324,142.10250089527264 131.01311488505547,31.22138436414708,141.8931545086328 131.0131182315596,31.22138334137193,141.6828627191044 131.0131215773964,31.22138231873464,141.47162335873892 131.01312492255522,31.221381296245934,141.25943426454654 131.0131282670254,31.221380273916463,141.04629328446046 131.0131316107961,31.221379251756805,140.83219828429333 131.0131349538565,31.221378229777432,140.61714714873128 131.0131382961958,31.221377207988656,140.4011377942549 131.01314163780316,31.22137618640063,140.18416816516265 131.0131449786678,31.221375165023343,139.96623624251643 131.013148318779,31.221374143866576,139.747340051099 131.0131516581261,31.221373122939884,139.52747765941362 131.01315499669863,31.221372102252573,139.30664718564702 131.01315833448615,31.221371081813675,139.08484680661508 131.0131616714784,31.22137006163195,138.86207475378694 131.01316500766535,31.221369041715835,138.63832932819403 131.0131683430372,31.221368022073463,138.41360889247775 131.01317167758424,31.221367002712583,138.18791188778656 131.01317501129716,31.22136598364062,137.96123682582564 131.01317834416685,31.2213649648646,137.7335822987938 131.0131816761845,31.221363946391136,137.50494698534948 131.01318500734172,31.221362928226444,137.2753296486215 131.0131883376303,31.22136191037631,137.0447291352149 131.01319166704252,31.221360892846043,136.8131443931027 131.01319499557104,31.221359875640527,136.5805744636747 131.01319832320888,31.22135885876417,136.3470184807422 131.01320164994948,31.221357842220893,136.11247568544832 131.0132049757868,31.221356826014127,135.87694541434044 131.01320830071523,31.2213558101468,135.64042711626763 131.01321162472962,31.22135479462129,135.40292033846535 131.01321494782533,31.221353779439543,135.16442474245886 131.01321826999825,31.22135276460289,134.92494008815976 131.01322159124476,31.221351750112184,134.68446625672823 131.01322491156182,31.221350735967714,134.44300323168696 131.01322823094696,31.22134972216925,134.20055111283725 131.01323154939823,31.22134870871604,133.9571101093018 131.01323486691425,31.22134769560675,133.71268053753664 131.01323818349428,31.22134668283953,133.46726282828976 131.01324149913813,31.221345670412028,133.22085752262493 131.01324481384614,31.221344658321296,132.97346526993445 131.01324812761942,31.22134364656389,132.72508683092218 131.01325144045947,31.22134263513585,132.47572306865663 131.0132547523686,31.22134162403269,132.2253749525487 131.01325806334947,31.221340613249417,131.974043565309 131.01326137340567,31.221339602780567,131.7217300751178 131.01326468254115,31.22133859262016,131.46843576942027 131.01326799076045,31.221337582761727,131.2141620171558 131.0132712980688,31.221336573198407,130.9589102856566 131.01327460447197,31.22133556392281,130.7026821406475 131.0132779099762,31.221334554927164,130.44547923133777 131.0132812145885,31.221333546203265,130.1873032894267 131.01328451831628,31.22133253774254,129.92815613407518 131.01328782116747,31.221331529536,129.6680396589832 131.0132911231505,31.221330521574306,129.40695583736138 131.01329442427445,31.22132951384781,129.144906707022 131.01329772454875,31.22132850634652,128.88189437137262 131.01330102398325,31.221327499060152,128.61792099544155 131.01330432258834,31.22132649197816,128.35298880389007 131.0133076203748,31.22132548508973,128.0871000720672 131.01331091735372,31.22132447838388,127.82025712302884 131.0133142135367,31.221323471849384,127.55246232058012 131.01331750893553,31.221322465474863,127.28371806728752 131.0133208035624,31.221321459248767,127.01402679454092 131.01332409742977,31.22132045315948,126.74339096553456 131.01332739055033,31.221319447195263,126.4718130613538 131.01333068293698,31.221318441344327,126.19929557500896 131.01333397460283,31.221317435594848,125.92584102038468 131.0133372655612,31.221316429935,125.65145190838275 131.01334055582544,31.221315424352984,125.37613075089985 131.01334384540897,31.221314418837053,125.09988005685092 131.0133471343254,31.22131341337555,124.82270231726112 131.01335042258825,31.22131240795692,124.54460001023484 131.01335371021102,31.22131140256975,124.2655755880355 131.01335699720724,31.221310397202803,123.98563148503744 131.01336028359023,31.22130939184504,123.70477008790624 131.01336356937335,31.22130838648566,123.4229937515036 131.01336685456965,31.221307381114087,123.14030478894728 131.01337013919206,31.221306375720047,122.85670545570748 131.01337342325323,31.221305370293567,122.57219796352432 131.0133767067656,31.221304364825023,122.28678445555607 131.01337998974125,31.221303359305143,122.0004670163216 131.013383272192,31.22130235372504,121.71324765877635 131.0133865541292,31.22130134807623,121.42512832530896 131.01338983556388,31.22130034235068,121.13611087879396 131.0133931165066,31.221299336540785,120.846197100604 131.0133963969674,31.22129833063945,120.55538868365215 131.01339967695588,31.22129732464003,120.26368723835658 131.01340295648114,31.221296318536464,119.9710942737533 131.01340623555163,31.22129531232317,119.67761120843151 131.01340951417535,31.22129430599514,119.3832393566164 131.01341279235947,31.22129329954792,119.08797993811044 131.0134160701107,31.22129229297764,118.79183405542976 131.01341934743513,31.221291286281023,118.49480271169716 131.01342262433795,31.221290279455413,118.19688680268956 131.01342590082388,31.221289272498748,117.89808710689763 131.01342917689675,31.2212882654096,117.5984042914896 131.01343245255973,31.22128725818716,117.29783890734134 131.01343572781522,31.22128625083125,116.9963913979824 131.01343900266488,31.221285243342347,116.69406207872002 131.01344227710953,31.22128423572156,116.39085116149082 131.01344555114932,31.22128322797064,116.08675873100285 131.01344882478344,31.221282220091982,115.7817847626284 131.0134520980104,31.22128121208861,115.475929111469 131.01345537082793,31.22128020396416,115.16919152030644 131.01345864323284,31.22127919572293,114.86157161463392 131.0134619152212,31.22127818736981,114.5530689135874 131.01346518678832,31.221277178910327,114.2436828150366 131.01346845792867,31.221276170350578,113.93341261844635 131.01347172863595,31.221275161697232,113.6222575139416 131.013474998903,31.221274152957548,113.310216581313 131.01347826872205,31.221273144139328,112.99728880691436 131.01348153808442,31.22127213525093,112.68347307074008 131.01348480698084,31.221271126301204,112.36876817028052 131.01348807540123,31.22127011729951,112.0531727976598 131.01349134333486,31.221269108255647,111.73668556746657 131.01349461077024,31.221268099179923,111.41930500681354 131.0134978776953,31.221267090083007,111.10102956825968 131.0135011440974,31.22126608097603,110.7818576238444 131.01350440996316,31.221265071870423,110.4617874809917 131.01350767527876,31.22126406277801,110.14081738449764 131.0135109400298,31.221263053710928,109.81894551354746 131.0135142042014,31.221262044681566,109.4961699976192 131.01351746777812,31.221261035702582,109.17248892244692 131.01352073074415,31.221260026786865,108.84790032405652 131.01352399308348,31.221259017947457,108.52240220268028 131.0135272547794,31.221258009197577,108.19599253468635 131.01353051581512,31.221257000550537,107.86866926661212 131.01353377617357,31.22125599201976,107.54043032609826 131.01353703583737,31.22125498361869,107.21127363182956 131.013540294789,31.2212539753608,106.881197097509 131.0135435530109,31.221252967259527,106.5501986298698 131.01354681048522,31.22125195932823,106.21827614756148 131.0135500671943,31.22125095158021,105.88542758910116 131.01355332312033,31.22124994402857,105.551650899951 131.0135565782456,31.221248936686315,105.21694406233831 131.01355983255257,31.221247929566186,104.88130508133922 131.01356308602365,31.221246922680702,104.54473200376432 131.01356633864177,31.22124591604212,104.20722292611067 131.01356959038986,31.22124490966233,103.8687759866093 131.0135728412512,31.221243903552946,103.52938938709356 131.01357609120953,31.221242897725144,103.1890613810703 131.01357934024875,31.22124189218969,102.84779030155283 131.0135825883535,31.221240886956974,102.50557454813833 131.01358583550865,31.22123988203681,102.16241259495878 131.01358908169976,31.221238877438584,101.818303005594 131.01359232691283,31.22123787317111,101.47324442809844 131.0135955711347,31.221236869242663,101.12723560096704 131.0135988143526,31.22123586566091,100.78027536307486 131.0136020565546,31.22123486243292,100.43236265268396 131.01360529772958,31.22123385956515,100.08349650843624 131.013608537867,31.22123285706336,99.73367608028953 131.01361177695733,31.22123185493269,99.38290063051006 131.01361501499176,31.22123085317756,99.03116952870414 131.01361825196236,31.221229851801663,98.67848226772124 131.01362148786208,31.22122885080802,98.32483845570393 131.01362472268497,31.221227850198904,97.97023782105649 131.01362795642575,31.22122684997584,97.61468021244671 131.0136311890804,31.22122585013964,97.25816560476972 131.0136344206456,31.221224850690312,96.90069409318453 131.01363765111927,31.221223851627133,96.54226590206046 131.01364088050028,31.22122285294864,96.18288137503764 131.01364410878844,31.221221854652608,95.82254098397368 131.01364733598467,31.221220856736046,95.46124532099203 131.0136505620909,31.22121985919521,95.09899510047008 131.01365378711017,31.221218862025665,94.73579116699293 131.01365701104643,31.221217865222208,94.3716344734847 131.01366023390474,31.22121686877892,94.0065260941314 131.01366345569116,31.2212158726892,93.64046722140024 131.0136666764128,31.22121487694577,93.27345916106869 131.0136698960777,31.221213881540645,92.90550332228644 131.01367311469485,31.22121288646525,92.5366012265216 131.01367633227431,31.221211891710343,92.1667544946388 131.01367954882696,31.22121089726613,91.7959648478937 131.0136827643646,31.22120990312221,91.42423410197 131.0136859789,31.221208909267663,91.05156416002195 131.01368919244655,31.221207915691046,90.67795701267472 131.0136924050187,31.221206922380464,90.30341472907811 131.01369561663145,31.22120592932356,89.9279394509442 131.01369882730063,31.22120493650755,89.55153339552976 131.01370203704266,31.221203943919328,89.17419883277293 131.01370524587472,31.22120295154542,88.79593810219421 131.0137084538144,31.22120195937208,88.41675358208056 131.0137116608799,31.221200967385297,88.03664769942716 131.01371486708987,31.22119997557085,87.65562292397316 131.01371807246335,31.221198983914384,87.27368175130387 131.01372127701984,31.22119799240137,86.8908267018575 131.013724480779,31.22119700101724,86.50706031297251 131.01372768376075,31.221196009747395,86.12238513988325 131.01373088598524,31.22119501857721,85.7368037328564 131.01373408747267,31.221194027492142,85.35031864017407 131.01373728824336,31.22119303647777,84.96293240316383 131.01374048831747,31.2211920455198,84.57464754526458 131.01374368771522,31.221191054604112,84.185466564075 131.01374688645657,31.221190063716858,83.79539192439414 131.0137500845613,31.22118907284448,83.4044260582234 131.01375328204898,31.221188081973708,83.01257134587874 131.01375647893866,31.221187091091657,82.61983012195526 131.01375967524916,31.22118610018589,82.22620466041694 131.01376287099868,31.22118510924441,81.83169716763851 131.0137660662049,31.221184118255675,81.43630978836921 131.0137692608851,31.22118312720872,81.04004458485814 131.01377245505563,31.22118213609316,80.64290352989606 131.01377564873215,31.22118114489917,80.24488852371381 131.0137788419297,31.22118015361761,79.84600136217264 131.0137820346625,31.22117916224,79.44624375167525 131.01378522694364,31.22117817075858,79.04561728630205 131.0137884187855,31.22117717916628,78.64412345775114 131.01379161019943,31.22117618745685,78.24176364937432 131.01379480119573,31.2211751956248,77.83853912723029 131.01379799178363,31.221174203665417,77.43445103511367 131.01380118197133,31.22117321157485,77.02950040449518 131.0138043717658,31.22117221935008,76.62368813265262 131.01380756117297,31.221171226988925,76.21701499956843 131.01381075019742,31.221170234490128,75.80948165301942 131.0138139388426,31.22116924185322,75.40108861255142 131.01381712711074,31.22116824907868,74.99183626649763 131.0138203150028,31.221167256167863,74.58172487197713 131.01382350251842,31.22116626312297,74.17075455887142 131.01382668965607,31.221165269947143,73.75892531988262 131.01382987641287,31.22116427664435,73.3462370244496 131.01383306278467,31.221163283219443,72.93268940284304 131.01383624876613,31.221162289678126,72.51828207300359 131.01383943435047,31.22116129602696,72.10301451668465 131.01384261952984,31.2211603022733,71.68688608740338 131.0138458042951,31.221159308425342,71.26989603330361 131.0138489886359,31.22115831449204,70.85204347628049 131.0138521725407,31.221157320483087,70.4333274239076 131.01385535599684,31.22115632640894,70.01374678136573 131.01385853899046,31.221155332280727,69.59330033851907 131.01386172150674,31.22115433811024,69.17198679476621 131.0138649035297,31.2211533439099,68.74980474909863 131.01386808504253,31.221152349692687,68.32675271302331 131.01387126602728,31.22115135547221,67.90282911354382 131.01387444646528,31.22115036126248,67.47803229912454 131.01387762633692,31.22114936707802,67.05236054664799 131.0138808056219,31.22114837293376,66.62581207433747 131.01388398429913,31.221147378845,66.1983850328102 131.013887162347,31.221146384827364,65.77007752793934 131.01389033974323,31.22114539089669,65.34088762483086 131.01389351646503,31.22114439706911,64.91081334583419 131.01389669248923,31.221143403360827,64.47985269141775 131.01389986779236,31.22114240978821,64.04800363619171 131.0139030423505,31.221141416367665,63.6152641497836 131.0139062161398,31.221140423115564,63.18163218789121 131.013909389136,31.221139430048275,62.74710571912183 131.013912561315,31.22113843718197,62.31168271704005 131.01391573265275,31.221137444532733,61.875361176072175 131.0139189031253,31.22113645211636,61.438139118464925 131.01392207270882,31.221135459948385,61.000014604226 131.01392524137995,31.221134468044,60.560985732117686 131.01392840911555,31.221133476418007,60.1210506515864 131.01393157589305,31.221132485084787,59.680207575685074 131.01393474169035,31.221131494058167,59.238454775109055 131.0139379064861,31.221130503351503,58.79579059907153 131.01394107025948,31.221129512977488,58.35221347331616 131.0139442329906,31.221128522948245,57.90772191005727 131.0139473946603,31.221127533275126,57.462314512950975 131.01395055525057,31.22112654396885,57.01598998405375 131.01395371474393,31.221125555039286,56.568747131775694 131.01395687312453,31.221124566495583,56.12058486889234 131.01396003037726,31.221123578345946,55.6715022244743 131.01396318648827,31.22112259059779,55.221498348858056 131.01396634144507,31.2211216032576,54.77057250668778 131.01396949523635,31.221120616330936,54.31872409977979 131.01397264785209,31.221119629822404,53.86595264922983 131.0139757992838,31.22111864373564,53.4122578172829 131.0139789495243,31.22111765807328,52.95763938944096 131.0139820985679,31.221116672837,52.50209730229771 131.01398524641036,31.22111568802741,52.04563161669872 131.013988393049,31.22111470364416,51.58824253961238 131.01399153848263,31.221113719685828,51.12993041220123 131.01399468271157,31.22111273615001,50.67069571678147 131.01399782573776,31.22111175303332,50.21053907284719 131.01400096756456,31.22111077033128,49.74946123607724 131.014004108197,31.221109788038504,49.28746310231208 131.01400724764156,31.221108806148603,48.824545692643206 131.01401038590623,31.221107824654247,48.36071016335497 131.0140135230006,31.22110684354717,47.89595779598413 131.0140166589355,31.2211058628182,47.43028999433872 131.0140197937235,31.22110488245731,46.96370828350396 131.01402292737828,31.22110390245364,46.49621430487355 131.014026059915,31.221102922795485,46.02780981018479 131.01402919135015,31.221101943470472,45.55849665058478 131.01403232170142,31.22110096446544,45.088276778619054 131.01403545098765,31.22109998576659,44.61715224425605 131.01403857922887,31.221099007359527,44.14512517798787 131.0140417064461,31.221098029229253,43.67219779182493 131.01404483266137,31.221097051360296,43.19837237333213 131.0140479578976,31.22109607373673,42.72365126773537 131.01405108217855,31.22109509634223,42.24803688686909 131.01405420552865,31.22109411916012,41.77153167935361 131.014057327973,31.221093142173505,41.294138154454 131.01406044953728,31.22109216536525,40.81585883237536 131.01406357024754,31.221091188718084,40.33669627408595 131.0140666901303,31.221090212214687,39.85665305149504 131.01406980921223,31.22108923583773,39.37573174347584 131.0140729275202,31.22108825956993,38.89393492990183 131.0140760450811,31.22108728339416,38.411265178722935 131.0140791619218,31.22108630729345,37.927725040995455 131.01408227806894,31.22108533125116,37.4433170399467 131.01408539354904,31.221084355250905,36.95804366501045 131.01408850838814,31.221083379276763,36.471907362879904 131.01409162261177,31.22108240331324,35.98491052358987 131.01409473624503,31.221081427345386,35.49705548051687 131.01409784931226,31.221080451358816,35.00834449944347 131.014100961837,31.221079475339817,34.518779769611065 131.01410407384202,31.22107849927537,34.02836340073743 131.01410718534908,31.221077523153216,33.53709740412787 131.0141102963789,31.221076546961903,33.04498370361027 131.01411340695103,31.221075570690857,32.55202411962902 131.01411651708386,31.22107459433039,32.05822035532633 131.01411962679452,31.221073617871777,31.563574007477527 131.01412273609867,31.221072641307288,31.068086552572765 131.01412584501062,31.221071664630216,30.57175933985731 131.0141289535432,31.22107068783492,30.07459359232525 131.01413206170764,31.221069710916847,29.57659040274249 131.0141351695136,31.221068733872546,29.077750722710327 131.01413827696908,31.221067756699696,28.57807537360055 131.0141413840805,31.221066779397173,28.0775650346249 131.01414449085237,31.22106580196493,27.576220240846176 131.0141475972877,31.22106482440413,27.07404138715406 131.01415070338754,31.221063846717136,26.571028728264217 131.0141538091514,31.221062868907424,26.067182377723533 131.0141569145769,31.221061890979648,25.562502297967693 131.01416001965984,31.221060912939627,25.05698832418012 131.01416312439449,31.22105993479427,24.550640147390336 131.0141662287732,31.221058956551605,24.04345732143243 131.0141693327867,31.2210579782208,23.535439272885668 131.0141724364242,31.22105699981199,23.026585294114472 131.01417553967303,31.221056021336366,22.51689456016829 131.01417864251923,31.221055042806142,22.00636612281595 131.01418174494708,31.22105406423438,21.49499891949207 131.01418484693963,31.22105308563512,20.98279178323787 131.01418794847848,31.22105210702317,20.46974343772982 131.0141910495439,31.22105112841419,19.955852522132524 131.01419415011503,31.22105014982452,19.44111757916827 131.01419725016987,31.2210491712712,18.925537075993724 131.01420034968532,31.22104819277184,18.40910941016415 131.01420344863752,31.22104721434464,17.891832911621165 131.0142065470017,31.22104623600822,17.373705858598775 131.0142096447524,31.22104525778166,16.854726481599513 131.01421274186364,31.221044279684328,16.334892979300445 131.01421583830893,31.22104330173587,15.814203519547112 131.01421893406146,31.221042323956127,15.2926562552597 131.01422202909427,31.22104134636501,14.770249335368426 131.01422512338038,31.221040368982525,14.246980909784403 131.01422821689275,31.221039391828604,13.722849144311692 131.01423130960475,31.22103841492309,13.19785222760644 131.01423440148983,31.221037438285617,12.671988378136104 131.0142374925223,31.2210364619356,12.14525587102168 131.0142405826769,31.22103548589212,11.617653025114048 131.01424367192925,31.221034510173848,11.089178233812875 131.014246760256,31.22103353479904,10.559829960096412 131.01424984763477,31.22103255978543,10.029606759387354 131.0142529340447,31.221031585150204,9.498507273588412 131.0142560194662,31.221030610909896,8.966530265878502 131.0142591038814,31.221029637080427,8.433674606795062 131.01426218727423,31.221028663677007,7.899939292129571 131.01426526963058,31.221027690714127,7.365323467782477 131.01426835093872,31.22102671820556,6.829826421810597 131.01427143118903,31.22102574616432,6.293447596357976 131.01427451030423,31.22102477457688,5.756183196553288 131.01427758827808,31.221023803454145,5.218032930950687 131.01428066507563,31.2210228327946,4.678995147079924 131.0142837406683,31.221021862597247,4.139068562289216 131.01428681502907,31.221020892859823,3.598252022163623 131.01428988813285,31.221019923578755,3.056544513450061 131.01429295995635,31.221018954749223,2.513945162069751 131.01429603047845,31.221017986365155,1.9704532490258568 131.01429909967993,31.22101701841922,1.4260682054334923 131.01430216754392,31.221016050902914,0.8807896224624039 131.01430523405585,31.221015083806545,0.3346172543204422</coordinates>
            </LineString>
        </Placemark>
        <Placemark id="127">
            <name>flight_path</name>
            <styleUrl>#128</styleUrl>
            <LineString id="126">
                <altitudeMode>clampToGround</altitudeMode>
                <coordinates>131.010392,31.222216000000007,0.0 131.0103920000045,31.222215999991075,0.0 131.0103920000085,31.222215999994766,0.0 131.0103920000085,31.222215999994766,0.0 131.01039200000852,31.222215999994766,0.0 131.01039201539675,31.22221599246117,0.0 131.0103920617776,31.22221596990869,0.0 131.01039213193175,31.22221593580231,0.0 131.01039220552698,31.222215900001803,0.0 131.0103923261533,31.222215841380503,0.0 131.01039241011944,31.222215800500727,0.0 131.01039255023213,31.22221573238213,0.0 131.0103926908424,31.222215663995925,0.0 131.01039284206664,31.22221559043897,0.0 131.01039301222698,31.2222155076778,0.0 131.01039319835945,31.22221541714896,0.0 131.01039339622227,31.222215320908244,0.0 131.0103936086097,31.222215217601374,0.0 131.01039382835415,31.2222151107022,0.0 131.0103940692252,31.222214993537087,0.0 131.0103943154942,31.22221487372917,0.0 131.0103945800907,31.22221474501192,0.0 131.01039485370347,31.222214611898128,0.0 131.01039513986652,31.222214472675024,0.0 131.01039544418495,31.22221432462593,0.0 131.01039575462735,31.22221417358214,0.0 131.01039608061367,31.222214014978025,0.0 131.01039641907315,31.22221385030192,0.0 131.01039677261693,31.22221367828824,0.0 131.01039713608534,31.22221350143773,0.0 131.010397517966,31.22221331563664,0.0 131.01039790540767,31.22221312711366,0.0 131.01039830590005,31.22221293223868,0.0 131.01039871921526,31.222212731122088,0.0 131.01039914602634,31.222212523437697,0.0 131.0103995843797,31.222212310132328,0.0 131.01040002919007,31.222212093670787,0.0 131.010400488852,31.222211869984235,0.0 131.01040096154043,31.222211639957216,0.0 131.01040144391652,31.222211405208075,0.0 131.01040193996343,31.222211163806087,0.0 131.01040244347448,31.22221091875968,0.0 131.01040295825328,31.222210668225145,0.0 131.01040348638034,31.22221041119396,0.0 131.01040402793237,31.222210147628825,0.0 131.0104045774418,31.22220988018005,0.0 131.0104051377902,31.2222096074508,0.0 131.01040571307726,31.222209327453587,0.0 131.01040630329675,31.222209040191352,0.0 131.01040689520636,31.22220875208352,0.0 131.01040750096558,31.22220845723537,0.0 131.0104081214021,31.222208155245536,0.0 131.01040875222748,31.222207848192888,0.0 131.01040938861175,31.222207538419,0.0 131.0104100415545,31.222207220590928,0.0 131.01041070492113,31.22220689768276,0.0 131.0104113765162,31.222206570758807,0.0 131.01041206172027,31.22220623933769,0.0 131.01041275308185,31.222205900920656,0.0 131.01041345556945,31.222205558056025,0.0 131.01041417490822,31.222205206054056,0.0 131.01041489781846,31.22220485162676,0.0 131.010415630899,31.22220449158189,0.0 131.01041637772204,31.2222041241902,0.0 131.0104171399405,31.222203748662483,0.0 131.010417898709,31.2222033740896,0.0 131.01041867095375,31.22220299233233,0.0 131.01041946438784,31.222202599731613,0.0 131.01042026047523,31.222202205168248,0.0 131.01042106195732,31.22220180732859,0.0 131.01042187949437,31.22220140119895,0.0 131.0104227102794,31.22220098816152,0.0 131.0104235464889,31.22220057190051,0.0 131.01042439084824,31.222200151157026,0.0 131.01042525030277,31.22219972278013,0.0 131.01042612532217,31.2221992866392,0.0 131.01042699881648,31.222198850514594,0.0 131.0104278900587,31.22219840573777,0.0 131.010428791318,31.222197955868072,0.0 131.0104297014939,31.22219750142952,0.0 131.01043061853272,31.22219704335275,0.0 131.01043155528552,31.22219657616192,0.0 131.01043250120975,31.22219610448572,0.0 131.01043344945833,31.222195631214035,0.0 131.01043441674483,31.22219514941765,0.0 131.0104353995739,31.222194660709903,0.0 131.01043638094993,31.222194172036588,0.0 131.0104373792502,31.222193676012107,0.0 131.0104383922421,31.2221931736956,0.0 131.01043941373143,31.22219266758804,0.0 131.0104404446988,31.22219215734569,0.0 131.01044149032052,31.22219164109492,0.0 131.01044254965282,31.22219111931515,0.0 131.01044361389657,31.22219059530413,0.0 131.01044469647024,31.22219006425592,0.0 131.0104457948945,31.222189527231755,0.0 131.01044689685324,31.22218898861096,0.0 131.0104480219495,31.22218844167961,0.0 131.0104491573952,31.222187890969696,0.0 131.01045029613076,31.222187338838296,0.0 131.01045145971173,31.222186778287337,0.0 131.0104526359378,31.222186213472657,0.0 131.01045382356628,31.222185644831075,0.0 131.0104550287587,31.222185070528607,0.0 131.01045624272135,31.22218449336947,0.0 131.01045746708903,31.222183912897275,0.0 131.0104587190863,31.222183324162422,0.0 131.01045996713373,31.222182736475503,0.0 131.0104612439571,31.222182140474395,0.0 131.01046253775488,31.222181539724016,0.0 131.0104638348055,31.222180938031528,0.0 131.01046514875952,31.22218033170896,0.0 131.01046650196395,31.222179715045,0.0 131.0104678537787,31.22217909884157,0.0 131.01046920633303,31.222178482402462,0.0 131.01047060848828,31.222177853556985,0.0 131.0104719969417,31.22217722825725,0.0 131.0104734091243,31.22217659722646,0.0 131.0104748769203,31.222175953148263,0.0 131.01047630026875,31.222175319697072,0.0 131.0104777796719,31.222174673348324,0.0 131.01047929022275,31.222174020262702,0.0 131.0104807639225,31.22217337560268,0.0 131.01048231159336,31.22217271484428,0.0 131.0104838481016,31.22217205687232,0.0 131.01048538877836,31.222171398203223,0.0 131.0104869959657,31.222170725909287,0.0 131.01048857862165,31.22217005907573,0.0 131.01049018095355,31.222169388466764,0.0 131.01049184202645,31.22216870647297,0.0 131.0104934712746,31.22216803118084,0.0 131.01049514623705,31.22216734727612,0.0 131.0104968466055,31.222166658941063,0.0 131.0104985260433,31.22216597496777,0.0 131.01050028098723,31.222165277245743,0.0 131.0105020101933,31.22216458479343,0.0 131.0105037608204,31.22216388879604,0.0 131.01050558031133,31.22216318085376,0.0 131.01050735966135,31.22216248061048,0.0 131.01050918257667,31.222161773065007,0.0 131.0105110526524,31.22216105780583,0.0 131.01051288805547,31.22216034907913,0.0 131.01051479305613,31.222159628856176,0.0 131.0105166860322,31.222158911245604,0.0 131.01051859118195,31.2221581920639,0.0 131.0105205757691,31.22215746010377,0.0 131.01052251511086,31.2221567362648,0.0 131.0105244931769,31.222156006498448,0.0 131.0105265407096,31.22215526587137,0.0 131.01052852522906,31.222154536137424,0.0 131.01053059997642,31.22215379219857,0.0 131.0105326726982,31.22215304918079,0.0 131.0105347343832,31.222152308487107,0.0 131.0105368873099,31.22215155360963,0.0 131.01053899666226,31.22215080632552,0.0 131.01054114974065,31.222150052536684,0.0 131.0105433456956,31.222149292407675,0.0 131.0105455088952,31.222148538083022,0.0 131.01054775101716,31.22214777160202,0.0 131.01054997204588,31.22214700904267,0.0 131.01055220644793,31.22214624484845,0.0 131.010554515433,31.222145469119443,0.0 131.01055678298067,31.22214470058919,0.0 131.01055909526747,31.22214392529449,0.0 131.01056144021595,31.222143145142155,0.0 131.010563762811,31.22214236910939,0.0 131.0105661728527,31.222141579143926,0.0 131.01056853910154,31.22214079682597,0.0 131.01057093924612,31.222140009320466,0.0 131.01057341648695,31.222139209281085,0.0 131.01057582210257,31.222138421663995,0.0 131.01057832194192,31.22213761846419,0.0 131.01058079614893,31.222136819937543,0.0 131.0105832889328,31.222136018559176,0.0 131.01058584455157,31.222135206531767,0.0 131.0105883565593,31.222134402389543,0.0 131.01059094311344,31.22213358534032,0.0 131.01059351645543,31.22213277081408,0.0 131.01059609410547,31.222131955741016,0.0 131.01059874511276,31.22213112745675,0.0 131.01060134476614,31.22213030870484,0.0 131.0106040157472,31.22212947685768,0.0 131.01060667516225,31.222128647195184,0.0 131.0106093449154,31.22212781564884,0.0 131.01061207967575,31.222126971610223,0.0 131.01061476274316,31.222126137534712,0.0 131.01061752742984,31.22212528745313,0.0 131.01062025924247,31.22212444372741,0.0 131.010623018199,31.222123594500545,0.0 131.0106258261411,31.222122735138445,0.0 131.0106285892935,31.22212188473665,0.0 131.0106314288218,31.222121018336228,0.0 131.01063423948256,31.222120157643097,0.0 131.01063707291715,31.2221192918928,0.0 131.01063995749465,31.222118414822884,0.0 131.01064279235655,31.222117548106247,0.0 131.01064570726783,31.22211666356561,0.0 131.01064859258852,31.22211578503301,0.0 131.0106514973702,31.22211490176015,0.0 131.01065443498416,31.22211401058785,0.0 131.01065734375644,31.22211312542188,0.0 131.0106603231266,31.2221122235616,0.0 131.01066326492335,31.22211132972252,0.0 131.01066624116842,31.22211042731196,0.0 131.01066923352144,31.22210952045324,0.0 131.01067220328494,31.222108618274667,0.0 131.0106752529118,31.22210769642984,0.0 131.01067824353572,31.22210678793381,0.0 131.0106812929327,31.22210586463103,0.0 131.01068433421807,31.222104942505865,0.0 131.01068737138127,31.22210402064712,0.0 131.0106904646056,31.222103084338343,0.0 131.01069351422876,31.222102157903112,0.0 131.01069662494126,31.2221012157007,0.0 131.0106997115147,31.222100278626183,0.0 131.01070281248707,31.222099337221977,0.0 131.01070594865553,31.22209838632536,0.0 131.01070904810706,31.22209744370968,0.0 131.01071222174812,31.222096481974525,0.0 131.01071535242374,31.222095530072394,0.0 131.01071852985794,31.222094565863216,0.0 131.01072169437248,31.222093604085007,0.0 131.0107248588816,31.222092641562696,0.0 131.01072806750915,31.22209166750685,0.0 131.01073124009176,31.222090701566746,0.0 131.01073448783333,31.22208971665615,0.0 131.0107376923828,31.222088741589,0.0 131.0107409279391,31.222087758391712,0.0 131.010744183134,31.222086769909648,0.0 131.0107474074584,31.22208578821505,0.0 131.0107506909631,31.222084791957503,0.0 131.01075396378863,31.222083797766643,0.0 131.0107572186856,31.222082807264712,0.0 131.0107605104487,31.222081807768543,0.0 131.0107638263071,31.22208080240569,0.0 131.01076712694012,31.222079800186982,0.0 131.01077042812295,31.222078797488926,0.0 131.01077375966725,31.22207778772125,0.0 131.01077709722352,31.222076776435586,0.0 131.0107804327679,31.222075765403865,0.0 131.01078377271827,31.22207475324333,0.0 131.01078713185862,31.222073736844543,0.0 131.01079049402415,31.22207271975814,0.0 131.01079385862147,31.22207170212735,0.0 131.01079723174345,31.222070682720968,0.0 131.01080061205897,31.222069661883687,0.0 131.01080399643666,31.222068640308223,0.0 131.01080738529222,31.22206761794984,0.0 131.0108107833538,31.22206659390956,0.0 131.0108141889648,31.2220655685794,0.0 131.0108176012397,31.222064542180394,0.0 131.0108210168079,31.22206351540935,0.0 131.01082443562763,31.22206248830508,0.0 131.0108278679025,31.222061458959807,0.0 131.01083130201678,31.22206042963719,0.0 131.0108347445465,31.22205939911936,0.0 131.0108381932437,31.22205836786959,0.0 131.01084165059095,31.222057335461948,0.0 131.01084510992408,31.22205630315227,0.0 131.01084857782632,31.222055269759416,0.0 131.01085205338325,31.22205423548523,0.0 131.01085553220616,31.222053201141872,0.0 131.01085902080237,31.222052165582788,0.0 131.01086251919637,31.222051128832568,0.0 131.01086601740568,31.22205009267212,0.0 131.0108695264614,31.22204905516371,0.0 131.01087304012594,31.222048017421297,0.0 131.0108765590653,31.222046979333207,0.0 131.01088008440783,31.222045940708856,0.0 131.0108836178634,31.22204490125612,0.0 131.0108871567828,31.22204386143647,0.0 131.0108907032008,31.22204282089526,0.0 131.01089425403643,31.22204178016204,0.0 131.01089781099878,31.22204073893432,0.0 131.01090137114232,31.22203969771311,0.0 131.01090493784983,31.222038655901823,0.0 131.01090851245073,31.222037613256035,0.0 131.0109120912626,31.222036570398668,0.0 131.01091567551674,31.22203552709873,0.0 131.01091926500268,31.222034483373022,0.0 131.01092285480647,31.22203344006149,0.0 131.01092645208433,31.22203239588605,0.0 131.0109300505597,31.222031351925395,0.0 131.01093365763265,31.222030306843127,0.0 131.010937265322,31.222029262027707,0.0 131.01094088215018,31.222028215927097,0.0 131.01094449925475,31.22202717009963,0.0 131.01094811938978,31.22202612402318,0.0 131.01095174623543,31.22202507699002,0.0 131.0109553760048,31.2220240296542,0.0 131.010959006038,31.22202298247789,0.0 131.01096264341953,31.22202193410866,0.0 131.0109662817574,31.222020885698587,0.0 131.0109699254692,31.222019836381136,0.0 131.01097357058006,31.222018786870315,0.0 131.01097721706728,31.22201773713888,0.0 131.010980866417,31.222016686862425,0.0 131.01098451857587,31.22201563600968,0.0 131.0109881720709,31.22201458483164,0.0 131.01099182726847,31.222013533220863,0.0 131.0109954824516,31.22201248148464,0.0 131.01099914230767,31.222011428642908,0.0 131.0110028005585,31.222010375927123,0.0 131.01100646284513,31.222009322155987,0.0 131.01101012590956,31.222008267957754,0.0 131.01101378619555,31.22200721404496,0.0 131.01101745018644,31.222006159034706,0.0 131.01102111348408,31.222005103812727,0.0 131.01102477449388,31.222004048695847,0.0 131.01102843877248,31.22200299247076,0.0 131.0110320996585,31.222001936536994,0.0 131.01103576197332,31.222000879834543,0.0 131.01103942748304,31.22199982194669,0.0 131.01104308868085,31.221998764493577,0.0 131.01104674924562,31.221997706656715,0.0 131.01105040918506,31.221996648413423,0.0 131.01105407113306,31.221995589159288,0.0 131.0110577310714,31.221994529773845,0.0 131.01106138956484,31.221993470122648,0.0 131.01106504917686,31.22199240961807,0.0 131.0110687067796,31.22199134895492,0.0 131.0110723622493,31.22199028815736,0.0 131.0110760205874,31.221989226086315,0.0 131.01107967343737,31.221988164634983,0.0 131.0110833316299,31.22198710134224,0.0 131.01108698590204,31.221986038314643,0.0 131.0110906405388,31.221984974581684,0.0 131.01109429446635,31.221983910392463,0.0 131.0110979495152,31.221982845337383,0.0 131.01110160339948,31.22198177994583,0.0 131.0111052559901,31.221980714257512,0.0 131.0111089077191,31.22197964818652,0.0 131.01111256022483,31.22197858137643,0.0 131.01111620939523,31.22197751477249,0.0 131.01111985974524,31.22197644737283,0.0 131.01112350879305,31.22197537975608,0.0 131.01112715659002,31.221974311929458,0.0 131.01113080328955,31.221973243879344,0.0 131.01113445236123,31.22197217485981,0.0 131.01113809700377,31.2219711063998,0.0 131.01114174371818,31.22197003708828,0.0 131.01114539209735,31.22196896704811,0.0 131.01114903868682,31.22196789705864,0.0 131.0111526856964,31.2219668266647,0.0 131.01115633326853,31.221965755866336,0.0 131.011159982269,31.221964684509604,0.0 131.01116362677558,31.221963613879783,0.0 131.01116727256445,31.221962542778183,0.0 131.01117091879428,31.22196147141844,0.0 131.0111745637815,31.221960400180475,0.0 131.01117821161492,31.22195932824796,0.0 131.01118185621883,31.221958256901427,0.0 131.0111854995864,31.221957185753,0.0 131.01118914883915,31.221956113396693,0.0 131.0111927980767,31.221955041060976,0.0 131.01119644466624,31.22195396928964,0.0 131.01120009428195,31.221952896982074,0.0 131.0112037447035,31.221951824611583,0.0 131.0112073965396,31.22195075208579,0.0 131.01121105012652,31.22194967936753,0.0 131.01121470511268,31.22194860655156,0.0 131.01121835871425,31.221947534192648,0.0 131.0112220134787,31.22194646182644,0.0 131.01122566912633,31.22194538953156,0.0 131.01122932357225,31.221944317719327,0.0 131.0112329785848,31.221943246077405,0.0 131.0112366417784,31.221942173222835,0.0 131.01124029965024,31.22194110166648,0.0 131.01124395959303,31.22194003005727,0.0 131.011247622962,31.22193895817168,0.0 131.01125128598173,31.221937886711057,0.0 131.01125494974843,31.221936815487364,0.0 131.01125861205972,31.22193574490692,0.0 131.01126227642547,31.221934674351445,0.0 131.01126594360105,31.22193360369954,0.0 131.01126960822484,31.22193253391034,0.0 131.01127327486648,31.22193146417853,0.0 131.01127694562643,31.221930394142493,0.0 131.0112806177204,31.22192932429796,0.0 131.01128428703856,31.22192825536689,0.0 131.0112879574935,31.22192718666273,0.0 131.01129163245687,31.221926117597256,0.0 131.0112953089952,31.22192504868317,0.0 131.01129898584475,31.22192398013784,0.0 131.0113026626399,31.221922912020844,0.0 131.0113063421088,31.221921843850524,0.0 131.01131001890187,31.221920776555216,0.0 131.01131370072198,31.22191970878034,0.0 131.01131738307737,31.22191864130232,0.0 131.01132106804295,31.22191757374739,0.0 131.01132475198676,31.22191650674228,0.0 131.01132843495284,31.22191544026876,0.0 131.01133212142295,31.22191437352265,0.0 131.01133580989625,31.22191330675241,0.0 131.01133950232767,31.221912239594552,0.0 131.0113431925062,31.221911173138515,0.0 131.01134688324248,31.22191010686948,0.0 131.01135058022152,31.221909039746446,0.0 131.01135427373967,31.221907973494726,0.0 131.01135797162277,31.2219069066848,0.0 131.01136166965594,31.22190584005744,0.0 131.01136536449803,31.22190477420676,0.0 131.01136906072028,31.221903708277303,0.0 131.0113727561628,31.22190264264289,0.0 131.01137645113442,31.22190157722637,0.0 131.01138014559606,31.221900512013853,0.0 131.01138383950803,31.22189944699134,0.0 131.01138753283055,31.221898382144744,0.0 131.01139122552345,31.22189731745992,0.0 131.01139491754662,31.221896252922704,0.0 131.01139860886,31.22189518851897,0.0 131.0114022994236,31.22189412423468,0.0 131.01140598919778,31.22189306005584,0.0 131.0114096781432,31.22189199596864,0.0 131.01141336622112,31.221890931959408,0.0 131.01141705339325,31.22188986801476,0.0 131.01142073962205,31.22188880412143,0.0 131.01142442487077,31.221887740266528,0.0 131.01142810910346,31.221886676437425,0.0 131.01143179228518,31.221885612621843,0.0 131.011435474382,31.22188454880784,0.0 131.01143915536116,31.221883484983888,0.0 131.011442835191,31.22188242113892,0.0 131.01144651384115,31.221881357262266,0.0 131.01145019128262,31.221880293343727,0.0 131.01145386748783,31.221879229373645,0.0 131.01145754243055,31.221878165342822,0.0 131.0114612160861,31.221877101242644,0.0 131.01146488843133,31.22187603706504,0.0 131.01146855944475,31.221874972802475,0.0 131.01147222910646,31.221873908448067,0.0 131.01147589739816,31.221872843995506,0.0 131.01147956430333,31.221871779439088,0.0 131.01148322980717,31.22187071477376,0.0 131.01148689389652,31.22186964999507,0.0 131.01149055656003,31.22186858509924,0.0 131.01149421778814,31.2218675200831,0.0 131.01149787757302,31.221866454944173,0.0 131.01150153590856,31.221865389680623,0.0 131.01150519279048,31.221864324291246,0.0 131.01150884821624,31.22186325877552,0.0 131.01151250218496,31.22186219313353,0.0 131.01151615469752,31.221861127366047,0.0 131.01151980575656,31.22186006147445,0.0 131.0115234553663,31.22185899546076,0.0 131.0115271035326,31.2218579293276,0.0 131.01153075026295,31.22185686307821,0.0 131.01153439556649,31.22185579671644,0.0 131.01153803945368,31.221854730246687,0.0 131.01154168193662,31.221853663673937,0.0 131.0115453230288,31.221852597003725,0.0 131.01154896274508,31.221851530242105,0.0 131.01155260110164,31.221850463395626,0.0 131.01155623811593,31.22184939647136,0.0 131.01155987380665,31.221848329476806,0.0 131.01156350819355,31.22184726241996,0.0 131.01156714129755,31.2218461953092,0.0 131.01157077314053,31.22184512815332,0.0 131.0115744037454,31.2218440609615,0.0 131.0115780331359,31.22184299374324,0.0 131.0115816613365,31.221841926508382,0.0 131.01158528837254,31.221840859267058,0.0 131.01158891426996,31.221839792029662,0.0 131.0115925390553,31.221838724806847,0.0 131.01159616275558,31.22183765760948,0.0 131.01159978539835,31.22183659044857,0.0 131.0116034070115,31.22183552333537,0.0 131.01160702762314,31.22183445628119,0.0 131.0116106472617,31.22183338929747,0.0 131.01161426595573,31.22183232239573,0.0 131.01161788373383,31.22183125558753,0.0 131.0116215006246,31.221830188884454,0.0 131.0116251166567,31.221829122298068,0.0 131.01162873185842,31.221828055839904,0.0 131.01163234625807,31.22182698952145,0.0 131.01163595988362,31.221825923354075,0.0 131.0116395727626,31.22182485734905,0.0 131.01164318492235,31.221823791517544,0.0 131.0116467963896,31.221822725870496,0.0 131.0116504071906,31.221821660418687,0.0 131.01165401735108,31.2218205951727,0.0 131.01165762689607,31.221819530142835,0.0 131.01166123584997,31.22181846533917,0.0 131.01166484423646,31.221817400771503,0.0 131.01166845207845,31.2218163364493,0.0 131.011672059398,31.221815272381743,0.0 131.01167566621635,31.22181420857764,0.0 131.0116792725539,31.221813145045463,0.0 131.01168287842998,31.22181208179329,0.0 131.0116864838631,31.221811018828816,0.0 131.01169008887075,31.22180995615932,0.0 131.01169369346945,31.221808893791664,0.0 131.01169729767457,31.22180783173224,0.0 131.0117009015005,31.22180676998704,0.0 131.01170450496056,31.221805708561536,0.0 131.011708108067,31.221804647460782,0.0 131.01171171083098,31.22180358668932,0.0 131.01171531326253,31.221802526251185,0.0 131.01171891537055,31.221801466149945,0.0 131.01172251716298,31.221800406388656,0.0 131.01172611864644,31.221799346969863,0.0 131.01172971982663,31.2217982878956,0.0 131.0117333207081,31.221797229167368,0.0 131.01173692129424,31.221796170786195,0.0 131.01174052158743,31.22179511275253,0.0 131.01174412158912,31.22179405506637,0.0 131.01174772129943,31.221792997727164,0.0 131.01175132071776,31.22179194073384,0.0 131.01175491984228,31.221790884084847,0.0 131.01175851867026,31.221789827778128,0.0 131.01176211719806,31.221788771811124,0.0 131.01176571542103,31.22178771618078,0.0 131.0117693133338,31.2217866608836,0.0 131.0117729109298,31.2217856059156,0.0 131.011776508202,31.22178455127232,0.0 131.01178010514235,31.22178349694891,0.0 131.011783701742,31.22178244294001,0.0 131.0117872979915,31.221781389239908,0.0 131.01179089388063,31.22178033584245,0.0 131.0117944893985,31.221779282741103,0.0 131.01179808453364,31.22177822992895,0.0 131.011801679274,31.221777177398742,0.0 131.0118052736069,31.221776125142863,0.0 131.0118088675193,31.22177507315338,0.0 131.01181246099756,31.221774021422057,0.0 131.01181605402772,31.221772969940368,0.0 131.01181964659537,31.221771918699528,0.0 131.0118232386858,31.221770867690505,0.0 131.01182683028395,31.22176981690404,0.0 131.01183042137467,31.221768766330648,0.0 131.01183401194234,31.221767715960684,0.0 131.0118376019713,31.22176666578432,0.0 131.01184119144582,31.22176561579157,0.0 131.01184478034992,31.22176456597237,0.0 131.01184836866767,31.221763516316525,0.0 131.01185195638303,31.22176246681375,0.0 131.01185554348007,31.221761417453703,0.0 131.01185912994293,31.221760368226025,0.0 131.01186271575563,31.221759319120327,0.0 131.01186630090262,31.221758270126216,0.0 131.01186988536827,31.221757221233336,0.0 131.0118734691372,31.221756172431387,0.0 131.01187705219436,31.221755123710107,0.0 131.01188063452477,31.22175407505936,0.0 131.0118842161139,31.22175302646908,0.0 131.01188779694746,31.22175197792934,0.0 131.01189137701147,31.22175092943039,0.0 131.0118949562924,31.221749880962605,0.0 131.011898534777,31.22174883251656,0.0 131.01190211245253,31.22174778408303,0.0 131.01190568930664,31.221746735653017,0.0 131.01190926532743,31.22174568721776,0.0 131.01191284050347,31.22174463876874,0.0 131.0119164148239,31.221743590297724,0.0 131.0119199882783,31.221742541796743,0.0 131.0119235608567,31.22174149325816,0.0 131.01192713254989,31.2217404446746,0.0 131.01193070334898,31.221739396039062,0.0 131.01193427324577,31.22173834734489,0.0 131.0119378422326,31.221737298585737,0.0 131.0119414103024,31.221736249755647,0.0 131.0119449774487,31.221735200849047,0.0 131.01194854366562,31.221734151860726,0.0 131.0119521089478,31.22173310278588,0.0 131.01195567329063,31.221732053620087,0.0 131.01195923669,31.22173100435936,0.0 131.0119627991423,31.2217299550001,0.0 131.01196636064486,31.221728905539152,0.0 131.0119699211952,31.221727855973743,0.0 131.0119734807917,31.22172680630157,0.0 131.01197703943328,31.22172575652076,0.0 131.01198059711936,31.22172470662982,0.0 131.01198415385005,31.22172365662776,0.0 131.0119877096259,31.221722606513985,0.0 131.01199126444817,31.22172155628833,0.0 131.01199481831856,31.22172050595108,0.0 131.0119983712393,31.221719455502924,0.0 131.0120019232132,31.22171840494501,0.0 131.0120054742436,31.22171735427889,0.0 131.0120090243343,31.221716303506536,0.0 131.0120125734895,31.221715252630325,0.0 131.012016121714,31.221714201653047,0.0 131.01201966901297,31.221713150577887,0.0 131.01202321539205,31.22171209940842,0.0 131.01202676085725,31.221711048148624,0.0 131.012030305415,31.22170999680281,0.0 131.0120338490721,31.221708945375696,0.0 131.0120373918357,31.22170789387232,0.0 131.01204093371328,31.221706842298047,0.0 131.0120444747126,31.221705790658607,0.0 131.01204801484175,31.22170473896004,0.0 131.01205155410915,31.221703687208663,0.0 131.01205509252327,31.221702635411123,0.0 131.01205863009304,31.22170158357429,0.0 131.0120621668274,31.221700531705345,0.0 131.0120657027356,31.22169947981168,0.0 131.01206923782695,31.22169842790096,0.0 131.01207277211094,31.221697375980995,0.0 131.0120763055972,31.22169632405988,0.0 131.01207983829536,31.221695272145823,0.0 131.0120833702152,31.22169422024725,0.0 131.01208690136653,31.22169316837272,0.0 131.01209043175908,31.221692116530903,0.0 131.01209396140277,31.221691064730607,0.0 131.01209749030727,31.221690012980755,0.0 131.01210101848247,31.22168896129032,0.0 131.01210454593797,31.221687909668365,0.0 131.0121080726834,31.221686858123995,0.0 131.01211159872818,31.22168580666635,0.0 131.0121151240818,31.22168475530456,0.0 131.01211864875347,31.22168370404778,0.0 131.01212217275224,31.22168265290515,0.0 131.01212569608705,31.22168160188573,0.0 131.0121292187666,31.221680550998588,0.0 131.0121327407994,31.221679500252648,0.0 131.01213626219382,31.221678449656807,0.0 131.01213978295783,31.22167739921984,0.0 131.0121433030993,31.22167634895038,0.0 131.0121468226257,31.22167529885696,0.0 131.01215034154447,31.221674248947927,0.0 131.01215385986248,31.221673199231475,0.0 131.0121573775865,31.221672149715644,0.0 131.0121608947229,31.221671100408223,0.0 131.0121644112779,31.221670051316835,0.0 131.01216792725708,31.221669002448863,0.0 131.01217144266613,31.22166795381146,0.0 131.01217495751004,31.22166690541152,0.0 131.01217847179373,31.22166585725565,0.0 131.01218198552166,31.22166480935028,0.0 131.01218549869793,31.22166376170141,0.0 131.0121890113264,31.221662714314864,0.0 131.01219252341056,31.221661667196106,0.0 131.01219603495352,31.221660620350285,0.0 131.01219954595808,31.221659573782247,0.0 131.01220305642676,31.22165852749648,0.0 131.01220656636164,31.221657481497143,0.0 131.0122100757646,31.22165643578804,0.0 131.01221358463707,31.22165539037262,0.0 131.01221709298028,31.221654345253988,0.0 131.01222060079508,31.22165330043485,0.0 131.01222410808202,31.22165225591757,0.0 131.01222761484135,31.22165121170412,0.0 131.01223112107317,31.22165016779612,0.0 131.01223462677703,31.221649124194755,0.0 131.0122381319524,31.22164808090088,0.0 131.0122416365985,31.221647037914927,0.0 131.0122451407142,31.22164599523699,0.0 131.01224864429818,31.22164495286673,0.0 131.0122521473488,31.221643910803465,0.0 131.01225564986447,31.22164286904608,0.0 131.01225915184307,31.22164182759315,0.0 131.01226265328245,31.22164078644281,0.0 131.01226615418025,31.221639745592864,0.0 131.01226965453395,31.22163870504073,0.0 131.01227315434087,31.22163766478346,0.0 131.0122766535982,31.22163662481776,0.0 131.0122801523029,31.22163558513997,0.0 131.01228365045193,31.22163454574612,0.0 131.01228714804216,31.221633506631846,0.0 131.0122906450702,31.22163246779249,0.0 131.01229414153275,31.22163142922311,0.0 131.01229763742643,31.22163039091837,0.0 131.01230113274767,31.221629352872696,0.0 131.01230462749297,31.221628315080217,0.0 131.01230812165875,31.22162727753475,0.0 131.01231161524154,31.22162624022988,0.0 131.01231510823763,31.221625203158915,0.0 131.0123186006435,31.22162416631492,0.0 131.01232209245563,31.22162312969074,0.0 131.01232558367045,31.221622093278988,0.0 131.01232907428448,31.221621057072085,0.0 131.01233256429424,31.221620021062243,0.0 131.0123360536964,31.22161898524151,0.0 131.01233954248764,31.22161794960176,0.0 131.01234303066468,31.221616914134728,0.0 131.01234651822443,31.221615878832008,0.0 131.0123500051637,31.221614843685096,0.0 131.01235349147973,31.221613808685348,0.0 131.0123569771695,31.221612773824056,0.0 131.01236046223036,31.22161173909244,0.0 131.01236394665963,31.221610704481648,0.0 131.01236743045484,31.2216096699828,0.0 131.01237091361364,31.22160863558697,0.0 131.0123743961338,31.221607601285267,0.0 131.01237787801324,31.22160656706876,0.0 131.01238135925004,31.221605532928542,0.0 131.01238483984233,31.22160449885577,0.0 131.01238831978847,31.221603464841667,0.0 131.01239179908703,31.22160243087746,0.0 131.0123952777366,31.22160139695452,0.0 131.012398755736,31.221600363064294,0.0 131.0124022330842,31.221599329198348,0.0 131.01240570978027,31.221598295348368,0.0 131.01240918582354,31.221597261506208,0.0 131.01241266121335,31.22159622766385,0.0 131.01241613594928,31.22159519381348,0.0 131.01241961003103,31.22159415994744,0.0 131.0124230834585,31.22159312605832,0.0 131.0124265562316,31.221592092138845,0.0 131.01243002835056,31.221591058182057,0.0 131.01243349981556,31.22159002418117,0.0 131.01243697062705,31.22158899012969,0.0 131.01244044078553,31.22158795602135,0.0 131.0124439102917,31.221586921850204,0.0 131.01244737914627,31.221585887610527,0.0 131.01245084735007,31.22158485329696,0.0 131.01245431490426,31.2215838189044,0.0 131.01245778180976,31.221582784428065,0.0 131.01246124806784,31.22158174986352,0.0 131.0124647136797,31.221580715206628,0.0 131.0124681786467,31.22157968045361,0.0 131.01247164297033,31.22157864560104,0.0 131.012475106652,31.22157761064582,0.0 131.01247856969331,31.221576575585207,0.0 131.01248203209585,31.221575540416868,0.0 131.01248549386125,31.22157450513876,0.0 131.01248895499123,31.221573469749284,0.0 131.01249241548754,31.22157243424717,0.0 131.01249587535185,31.22157139863153,0.0 131.01249933458587,31.22157036290188,0.0 131.01250279319154,31.221569327058063,0.0 131.0125062511705,31.22156829110036,0.0 131.01250970852453,31.22156725502937,0.0 131.01251316525534,31.221566218846128,0.0 131.0125166213647,31.22156518255201,0.0 131.01252007685423,31.22156414614877,0.0 131.0125235317257,31.22156310963854,0.0 131.01252698598057,31.22156207302383,0.0 131.0125304396204,31.22156103630748,0.0 131.0125338926468,31.221559999492715,0.0 131.01253734506105,31.22155896258312,0.0 131.01254079686456,31.221557925582584,0.0 131.01254424805856,31.22155688849537,0.0 131.01254769864423,31.221555851326087,0.0 131.01255114862272,31.22155481407962,0.0 131.0125545979949,31.22155377676121,0.0 131.0125580467617,31.22155273937639,0.0 131.01256149492383,31.22155170193098,0.0 131.01256494248204,31.221550664431096,0.0 131.01256838943678,31.22154962688313,0.0 131.0125718357884,31.221548589293764,0.0 131.01257528153724,31.221547551669865,0.0 131.0125787266834,31.221546514018605,0.0 131.01258217122685,31.221545476347355,0.0 131.01258561516747,31.221544438663702,0.0 131.012589058505,31.22154340097545,0.0 131.01259250123897,31.221542363290567,0.0 131.01259594336875,31.221541325617217,0.0 131.01259938489366,31.22154028796369,0.0 131.01260282581282,31.221539250338484,0.0 131.01260626612512,31.221538212750144,0.0 131.01260970582945,31.221537175207395,0.0 131.0126131449244,31.221536137719024,0.0 131.01261658340852,31.221535100293927,0.0 131.01262002128016,31.22153406294104,0.0 131.0126234585375,31.22153302566937,0.0 131.01262689517864,31.221531988487943,0.0 131.01263033120145,31.22153095140585,0.0 131.01263376660376,31.22152991443211,0.0 131.01263720138317,31.22152887757579,0.0 131.01264063553722,31.22152784084589,0.0 131.01264406906324,31.22152680425141,0.0 131.01264750195853,31.221525767801246,0.0 131.0126509342202,31.221524731504225,0.0 131.01265436584526,31.221523695369086,0.0 131.01265779683067,31.22152265940446,0.0 131.0126612271732,31.22152162361884,0.0 131.01266465686953,31.2215205880206,0.0 131.01266808591637,31.22151955261793,0.0 131.01267151431023,31.22151851741888,0.0 131.0126749420476,31.22151748243128,0.0 131.01267836912487,31.221516447662776,0.0 131.01268179553844,31.221515413120816,0.0 131.01268522128458,31.2215143788126,0.0 131.01268864635963,31.22151334474505,0.0 131.01269207075984,31.221512310924915,0.0 131.01269549448142,31.2215112773586,0.0 131.0126989175206,31.221510244052272,0.0 131.0127023398736,31.22150921101178,0.0 131.01270576153675,31.2215081782427,0.0 131.01270918250623,31.221507145750245,0.0 131.01271260277844,31.22150611353936,0.0 131.01271602234968,31.221505081614616,0.0 131.01271944121635,31.221504049980265,0.0 131.012722859375,31.221503018640167,0.0 131.01272627682215,31.22150198759787,0.0 131.01272969355443,31.22150095685653,0.0 131.01273310956867,31.22149992641893,0.0 131.01273652486165,31.22149889628748,0.0 131.01273993943036,31.2214978664642,0.0 131.012743353272,31.22149683695072,0.0 131.01274676638374,31.22149580774828,0.0 131.012750178763,31.221494778857707,0.0 131.01275359040747,31.221493750279457,0.0 131.01275700131478,31.22149272201357,0.0 131.01276041148287,31.221491694059672,0.0 131.01276382090992,31.221490666417008,0.0 131.01276722959415,31.22148963908441,0.0 131.01277063753423,31.22148861206032,0.0 131.01277404472876,31.221487585342736,0.0 131.0127774511768,31.22148655892933,0.0 131.01278085687747,31.221485532817347,0.0 131.01278426183026,31.22148450700363,0.0 131.01278766603482,31.22148348148465,0.0 131.012791069491,31.22148245625652,0.0 131.01279447219903,31.221481431314952,0.0 131.01279787415933,31.221480406655324,0.0 131.01280127537257,31.22147938227264,0.0 131.01280467583967,31.22147835816154,0.0 131.01280807556188,31.221477334316365,0.0 131.01281147454057,31.22147631073111,0.0 131.0128148727776,31.22147528739944,0.0 131.0128182702749,31.221474264314743,0.0 131.01282166703476,31.22147324147008,0.0 131.0128250630597,31.22147221885825,0.0 131.01282845835252,31.2214711964718,0.0 131.01283185291626,31.221470174302976,0.0 131.0128352467543,31.22146915234381,0.0 131.01283863987007,31.22146813058613,0.0 131.01284203226754,31.221467109021496,0.0 131.0128454239507,31.22146608764133,0.0 131.01284881492373,31.221465066436835,0.0 131.0128522051913,31.22146404539907,0.0 131.01285559475812,31.22146302451893,0.0 131.0128589836291,31.2214620037872,0.0 131.01286237180935,31.221460983194543,0.0 131.0128657593044,31.22145996273152,0.0 131.01286914611958,31.221458942388644,0.0 131.01287253226073,31.22145792215633,0.0 131.0128759177337,31.221456902025,0.0 131.01287930254452,31.22145588198499,0.0 131.01288268669927,31.221454862026693,0.0 131.0128860702044,31.221453842140505,0.0 131.01288945306618,31.22145282231684,0.0 131.01289283529115,31.221451802546166,0.0 131.01289621688588,31.221450782819048,0.0 131.01289959785703,31.221449763126103,0.0 131.01290297821132,31.221448743458087,0.0 131.01290635795544,31.221447723805888,0.0 131.0129097370962,31.22144670416052,0.0 131.0129131156404,31.22144568451316,0.0 131.01291649359473,31.22144466485518,0.0 131.012919870966,31.22144364517816,0.0 131.01292324776085,31.221442625473887,0.0 131.01292662398595,31.22144160573437,0.0 131.01292999964787,31.221440585951903,0.0 131.0129333747531,31.221439566119,0.0 131.01293674930795,31.221438546228526,0.0 131.0129401233187,31.221437526273576,0.0 131.0129434967915,31.2214365062476,0.0 131.0129468697322,31.221435486144347,0.0 131.01295024214664,31.22143446595794,0.0 131.0129536140404,31.22143344568283,0.0 131.01295698541887,31.22143242531384,0.0 131.01296035628718,31.221431404846182,0.0 131.01296372665027,31.22143038427545,0.0 131.0129670965128,31.22142936359764,0.0 131.01297046587925,31.22142834280914,0.0 131.01297383475372,31.221427321906795,0.0 131.01297720314008,31.221426300887835,0.0 131.01298057104185,31.22142527974995,0.0 131.01298393846227,31.22142425849128,0.0 131.01298730540435,31.221423237110365,0.0 131.01299067187054,31.221422215606257,0.0 131.0129940378631,31.2214211939784,0.0 131.0129974033839,31.22142017222672,0.0 131.01300076843452,31.22141915035164,0.0 131.013004133016,31.221418128353964,0.0 131.0130074971291,31.22141710623501,0.0 131.01301086077424,31.22141608399656,0.0 131.01301422395133,31.221415061640805,0.0 131.0130175866599,31.22141403917044,0.0 131.0130209488992,31.221413016588585,0.0 131.01302431066796,31.22141199389881,0.0 131.0130276719645,31.221410971105144,0.0 131.01303103278676,31.22140994821201,0.0 131.01303439313227,31.221408925224296,0.0 131.01303775299812,31.22140790214728,0.0 131.01304111238105,31.221406878986663,0.0 131.0130444712773,31.221405855748543,0.0 131.01304782968276,31.22140483243939,0.0 131.0130511875929,31.221403809066075,0.0 131.01305454500283,31.221402785635817,0.0 131.0130579019072,31.221401762156184,0.0 131.01306125830027,31.221400738635072,0.0 131.01306461417605,31.221399715080725,0.0 131.01306796952804,31.22139869150166,0.0 131.01307132434937,31.2213976679067,0.0 131.013074678633,31.221396644304928,0.0 131.01307803237128,31.22139562070572,0.0 131.01308138555643,31.221394597118564,0.0 131.0130847381803,31.221393573553343,0.0 131.01308809023448,31.22139255001998,0.0 131.0130914417102,31.221391526528656,0.0 131.0130947925984,31.22139050308968,0.0 131.0130981428898,31.221389479713515,0.0 131.01310149257495,31.221388456410715,0.0 131.01310484164415,31.22138743319192,0.0 131.0131081900874,31.221386410067872,0.0 131.0131115378946,31.221385387049324,0.0 131.01311488505547,31.22138436414708,0.0 131.0131182315596,31.22138334137193,0.0 131.0131215773964,31.22138231873464,0.0 131.01312492255522,31.221381296245934,0.0 131.0131282670254,31.221380273916463,0.0 131.0131316107961,31.221379251756805,0.0 131.0131349538565,31.221378229777432,0.0 131.0131382961958,31.221377207988656,0.0 131.01314163780316,31.22137618640063,0.0 131.0131449786678,31.221375165023343,0.0 131.013148318779,31.221374143866576,0.0 131.0131516581261,31.221373122939884,0.0 131.01315499669863,31.221372102252573,0.0 131.01315833448615,31.221371081813675,0.0 131.0131616714784,31.22137006163195,0.0 131.01316500766535,31.221369041715835,0.0 131.0131683430372,31.221368022073463,0.0 131.01317167758424,31.221367002712583,0.0 131.01317501129716,31.22136598364062,0.0 131.01317834416685,31.2213649648646,0.0 131.0131816761845,31.221363946391136,0.0 131.01318500734172,31.221362928226444,0.0 131.0131883376303,31.22136191037631,0.0 131.01319166704252,31.221360892846043,0.0 131.01319499557104,31.221359875640527,0.0 131.01319832320888,31.22135885876417,0.0 131.01320164994948,31.221357842220893,0.0 131.0132049757868,31.221356826014127,0.0 131.01320830071523,31.2213558101468,0.0 131.01321162472962,31.22135479462129,0.0 131.01321494782533,31.221353779439543,0.0 131.01321826999825,31.22135276460289,0.0 131.01322159124476,31.221351750112184,0.0 131.01322491156182,31.221350735967714,0.0 131.01322823094696,31.22134972216925,0.0 131.01323154939823,31.22134870871604,0.0 131.01323486691425,31.22134769560675,0.0 131.01323818349428,31.22134668283953,0.0 131.01324149913813,31.221345670412028,0.0 131.01324481384614,31.221344658321296,0.0 131.01324812761942,31.22134364656389,0.0 131.01325144045947,31.22134263513585,0.0 131.0132547523686,31.22134162403269,0.0 131.01325806334947,31.221340613249417,0.0 131.01326137340567,31.221339602780567,0.0 131.01326468254115,31.22133859262016,0.0 131.01326799076045,31.221337582761727,0.0 131.0132712980688,31.221336573198407,0.0 131.01327460447197,31.22133556392281,0.0 131.0132779099762,31.221334554927164,0.0 131.0132812145885,31.221333546203265,0.0 131.01328451831628,31.22133253774254,0.0 131.01328782116747,31.221331529536,0.0 131.0132911231505,31.221330521574306,0.0 131.01329442427445,31.22132951384781,0.0 131.01329772454875,31.22132850634652,0.0 131.01330102398325,31.221327499060152,0.0 131.01330432258834,31.22132649197816,0.0 131.0133076203748,31.22132548508973,0.0 131.01331091735372,31.22132447838388,0.0 131.0133142135367,31.221323471849384,0.0 131.01331750893553,31.221322465474863,0.0 131.0133208035624,31.221321459248767,0.0 131.01332409742977,31.22132045315948,0.0 131.01332739055033,31.221319447195263,0.0 131.01333068293698,31.221318441344327,0.0 131.01333397460283,31.221317435594848,0.0 131.0133372655612,31.221316429935,0.0 131.01334055582544,31.221315424352984,0.0 131.01334384540897,31.221314418837053,0.0 131.0133471343254,31.22131341337555,0.0 131.01335042258825,31.22131240795692,0.0 131.01335371021102,31.22131140256975,0.0 131.01335699720724,31.221310397202803,0.0 131.01336028359023,31.22130939184504,0.0 131.01336356937335,31.22130838648566,0.0 131.01336685456965,31.221307381114087,0.0 131.01337013919206,31.221306375720047,0.0 131.01337342325323,31.221305370293567,0.0 131.0133767067656,31.221304364825023,0.0 131.01337998974125,31.221303359305143,0.0 131.013383272192,31.22130235372504,0.0 131.0133865541292,31.22130134807623,0.0 131.01338983556388,31.22130034235068,0.0 131.0133931165066,31.221299336540785,0.0 131.0133963969674,31.22129833063945,0.0 131.01339967695588,31.22129732464003,0.0 131.01340295648114,31.221296318536464,0.0 131.01340623555163,31.22129531232317,0.0 131.01340951417535,31.22129430599514,0.0 131.01341279235947,31.22129329954792,0.0 131.0134160701107,31.22129229297764,0.0 131.01341934743513,31.221291286281023,0.0 131.01342262433795,31.221290279455413,0.0 131.01342590082388,31.221289272498748,0.0 131.01342917689675,31.2212882654096,0.0 131.01343245255973,31.22128725818716,0.0 131.01343572781522,31.22128625083125,0.0 131.01343900266488,31.221285243342347,0.0 131.01344227710953,31.22128423572156,0.0 131.01344555114932,31.22128322797064,0.0 131.01344882478344,31.221282220091982,0.0 131.0134520980104,31.22128121208861,0.0 131.01345537082793,31.22128020396416,0.0 131.01345864323284,31.22127919572293,0.0 131.0134619152212,31.22127818736981,0.0 131.01346518678832,31.221277178910327,0.0 131.01346845792867,31.221276170350578,0.0 131.01347172863595,31.221275161697232,0.0 131.013474998903,31.221274152957548,0.0 131.01347826872205,31.221273144139328,0.0 131.01348153808442,31.22127213525093,0.0 131.01348480698084,31.221271126301204,0.0 131.01348807540123,31.22127011729951,0.0 131.01349134333486,31.221269108255647,0.0 131.01349461077024,31.221268099179923,0.0 131.0134978776953,31.221267090083007,0.0 131.0135011440974,31.22126608097603,0.0 131.01350440996316,31.221265071870423,0.0 131.01350767527876,31.22126406277801,0.0 131.0135109400298,31.221263053710928,0.0 131.0135142042014,31.221262044681566,0.0 131.01351746777812,31.221261035702582,0.0 131.01352073074415,31.221260026786865,0.0 131.01352399308348,31.221259017947457,0.0 131.0135272547794,31.221258009197577,0.0 131.01353051581512,31.221257000550537,0.0 131.01353377617357,31.22125599201976,0.0 131.01353703583737,31.22125498361869,0.0 131.013540294789,31.2212539753608,0.0 131.0135435530109,31.221252967259527,0.0 131.01354681048522,31.22125195932823,0.0 131.0135500671943,31.22125095158021,0.0 131.01355332312033,31.22124994402857,0.0 131.0135565782456,31.221248936686315,0.0 131.01355983255257,31.221247929566186,0.0 131.01356308602365,31.221246922680702,0.0 131.01356633864177,31.22124591604212,0.0 131.01356959038986,31.22124490966233,0.0 131.0135728412512,31.221243903552946,0.0 131.01357609120953,31.221242897725144,0.0 131.01357934024875,31.22124189218969,0.0 131.0135825883535,31.221240886956974,0.0 131.01358583550865,31.22123988203681,0.0 131.01358908169976,31.221238877438584,0.0 131.01359232691283,31.22123787317111,0.0 131.0135955711347,31.221236869242663,0.0 131.0135988143526,31.22123586566091,0.0 131.0136020565546,31.22123486243292,0.0 131.01360529772958,31.22123385956515,0.0 131.013608537867,31.22123285706336,0.0 131.01361177695733,31.22123185493269,0.0 131.01361501499176,31.22123085317756,0.0 131.01361825196236,31.221229851801663,0.0 131.01362148786208,31.22122885080802,0.0 131.01362472268497,31.221227850198904,0.0 131.01362795642575,31.22122684997584,0.0 131.0136311890804,31.22122585013964,0.0 131.0136344206456,31.221224850690312,0.0 131.01363765111927,31.221223851627133,0.0 131.01364088050028,31.22122285294864,0.0 131.01364410878844,31.221221854652608,0.0 131.01364733598467,31.221220856736046,0.0 131.0136505620909,31.22121985919521,0.0 131.01365378711017,31.221218862025665,0.0 131.01365701104643,31.221217865222208,0.0 131.01366023390474,31.22121686877892,0.0 131.01366345569116,31.2212158726892,0.0 131.0136666764128,31.22121487694577,0.0 131.0136698960777,31.221213881540645,0.0 131.01367311469485,31.22121288646525,0.0 131.01367633227431,31.221211891710343,0.0 131.01367954882696,31.22121089726613,0.0 131.0136827643646,31.22120990312221,0.0 131.0136859789,31.221208909267663,0.0 131.01368919244655,31.221207915691046,0.0 131.0136924050187,31.221206922380464,0.0 131.01369561663145,31.22120592932356,0.0 131.01369882730063,31.22120493650755,0.0 131.01370203704266,31.221203943919328,0.0 131.01370524587472,31.22120295154542,0.0 131.0137084538144,31.22120195937208,0.0 131.0137116608799,31.221200967385297,0.0 131.01371486708987,31.22119997557085,0.0 131.01371807246335,31.221198983914384,0.0 131.01372127701984,31.22119799240137,0.0 131.013724480779,31.22119700101724,0.0 131.01372768376075,31.221196009747395,0.0 131.01373088598524,31.22119501857721,0.0 131.01373408747267,31.221194027492142,0.0 131.01373728824336,31.22119303647777,0.0 131.01374048831747,31.2211920455198,0.0 131.01374368771522,31.221191054604112,0.0 131.01374688645657,31.221190063716858,0.0 131.0137500845613,31.22118907284448,0.0 131.01375328204898,31.221188081973708,0.0 131.01375647893866,31.221187091091657,0.0 131.01375967524916,31.22118610018589,0.0 131.01376287099868,31.22118510924441,0.0 131.0137660662049,31.221184118255675,0.0 131.0137692608851,31.22118312720872,0.0 131.01377245505563,31.22118213609316,0.0 131.01377564873215,31.22118114489917,0.0 131.0137788419297,31.22118015361761,0.0 131.0137820346625,31.22117916224,0.0 131.01378522694364,31.22117817075858,0.0 131.0137884187855,31.22117717916628,0.0 131.01379161019943,31.22117618745685,0.0 131.01379480119573,31.2211751956248,0.0 131.01379799178363,31.221174203665417,0.0 131.01380118197133,31.22117321157485,0.0 131.0138043717658,31.22117221935008,0.0 131.01380756117297,31.221171226988925,0.0 131.01381075019742,31.221170234490128,0.0 131.0138139388426,31.22116924185322,0.0 131.01381712711074,31.22116824907868,0.0 131.0138203150028,31.221167256167863,0.0 131.01382350251842,31.22116626312297,0.0 131.01382668965607,31.221165269947143,0.0 131.01382987641287,31.22116427664435,0.0 131.01383306278467,31.221163283219443,0.0 131.01383624876613,31.221162289678126,0.0 131.01383943435047,31.22116129602696,0.0 131.01384261952984,31.2211603022733,0.0 131.0138458042951,31.221159308425342,0.0 131.0138489886359,31.22115831449204,0.0 131.0138521725407,31.221157320483087,0.0 131.01385535599684,31.22115632640894,0.0 131.01385853899046,31.221155332280727,0.0 131.01386172150674,31.22115433811024,0.0 131.0138649035297,31.2211533439099,0.0 131.01386808504253,31.221152349692687,0.0 131.01387126602728,31.22115135547221,0.0 131.01387444646528,31.22115036126248,0.0 131.01387762633692,31.22114936707802,0.0 131.0138808056219,31.22114837293376,0.0 131.01388398429913,31.221147378845,0.0 131.013887162347,31.221146384827364,0.0 131.01389033974323,31.22114539089669,0.0 131.01389351646503,31.22114439706911,0.0 131.01389669248923,31.221143403360827,0.0 131.01389986779236,31.22114240978821,0.0 131.0139030423505,31.221141416367665,0.0 131.0139062161398,31.221140423115564,0.0 131.013909389136,31.221139430048275,0.0 131.013912561315,31.22113843718197,0.0 131.01391573265275,31.221137444532733,0.0 131.0139189031253,31.22113645211636,0.0 131.01392207270882,31.221135459948385,0.0 131.01392524137995,31.221134468044,0.0 131.01392840911555,31.221133476418007,0.0 131.01393157589305,31.221132485084787,0.0 131.01393474169035,31.221131494058167,0.0 131.0139379064861,31.221130503351503,0.0 131.01394107025948,31.221129512977488,0.0 131.0139442329906,31.221128522948245,0.0 131.0139473946603,31.221127533275126,0.0 131.01395055525057,31.22112654396885,0.0 131.01395371474393,31.221125555039286,0.0 131.01395687312453,31.221124566495583,0.0 131.01396003037726,31.221123578345946,0.0 131.01396318648827,31.22112259059779,0.0 131.01396634144507,31.2211216032576,0.0 131.01396949523635,31.221120616330936,0.0 131.01397264785209,31.221119629822404,0.0 131.0139757992838,31.22111864373564,0.0 131.0139789495243,31.22111765807328,0.0 131.0139820985679,31.221116672837,0.0 131.01398524641036,31.22111568802741,0.0 131.013988393049,31.22111470364416,0.0 131.01399153848263,31.221113719685828,0.0 131.01399468271157,31.22111273615001,0.0 131.01399782573776,31.22111175303332,0.0 131.01400096756456,31.22111077033128,0.0 131.014004108197,31.221109788038504,0.0 131.01400724764156,31.221108806148603,0.0 131.01401038590623,31.221107824654247,0.0 131.0140135230006,31.22110684354717,0.0 131.0140166589355,31.2211058628182,0.0 131.0140197937235,31.22110488245731,0.0 131.01402292737828,31.22110390245364,0.0 131.014026059915,31.221102922795485,0.0 131.01402919135015,31.221101943470472,0.0 131.01403232170142,31.22110096446544,0.0 131.01403545098765,31.22109998576659,0.0 131.01403857922887,31.221099007359527,0.0 131.0140417064461,31.221098029229253,0.0 131.01404483266137,31.221097051360296,0.0 131.0140479578976,31.22109607373673,0.0 131.01405108217855,31.22109509634223,0.0 131.01405420552865,31.22109411916012,0.0 131.014057327973,31.221093142173505,0.0 131.01406044953728,31.22109216536525,0.0 131.01406357024754,31.221091188718084,0.0 131.0140666901303,31.221090212214687,0.0 131.01406980921223,31.22108923583773,0.0 131.0140729275202,31.22108825956993,0.0 131.0140760450811,31.22108728339416,0.0 131.0140791619218,31.22108630729345,0.0 131.01408227806894,31.22108533125116,0.0 131.01408539354904,31.221084355250905,0.0 131.01408850838814,31.221083379276763,0.0 131.01409162261177,31.22108240331324,0.0 131.01409473624503,31.221081427345386,0.0 131.01409784931226,31.221080451358816,0.0 131.014100961837,31.221079475339817,0.0 131.01410407384202,31.22107849927537,0.0 131.01410718534908,31.221077523153216,0.0 131.0141102963789,31.221076546961903,0.0 131.01411340695103,31.221075570690857,0.0 131.01411651708386,31.22107459433039,0.0 131.01411962679452,31.221073617871777,0.0 131.01412273609867,31.221072641307288,0.0 131.01412584501062,31.221071664630216,0.0 131.0141289535432,31.22107068783492,0.0 131.01413206170764,31.221069710916847,0.0 131.0141351695136,31.221068733872546,0.0 131.01413827696908,31.221067756699696,0.0 131.0141413840805,31.221066779397173,0.0 131.01414449085237,31.22106580196493,0.0 131.0141475972877,31.22106482440413,0.0 131.01415070338754,31.221063846717136,0.0 131.0141538091514,31.221062868907424,0.0 131.0141569145769,31.221061890979648,0.0 131.01416001965984,31.221060912939627,0.0 131.01416312439449,31.22105993479427,0.0 131.0141662287732,31.221058956551605,0.0 131.0141693327867,31.2210579782208,0.0 131.0141724364242,31.22105699981199,0.0 131.01417553967303,31.221056021336366,0.0 131.01417864251923,31.221055042806142,0.0 131.01418174494708,31.22105406423438,0.0 131.01418484693963,31.22105308563512,0.0 131.01418794847848,31.22105210702317,0.0 131.0141910495439,31.22105112841419,0.0 131.01419415011503,31.22105014982452,0.0 131.01419725016987,31.2210491712712,0.0 131.01420034968532,31.22104819277184,0.0 131.01420344863752,31.22104721434464,0.0 131.0142065470017,31.22104623600822,0.0 131.0142096447524,31.22104525778166,0.0 131.01421274186364,31.221044279684328,0.0 131.01421583830893,31.22104330173587,0.0 131.01421893406146,31.221042323956127,0.0 131.01422202909427,31.22104134636501,0.0 131.01422512338038,31.221040368982525,0.0 131.01422821689275,31.221039391828604,0.0 131.01423130960475,31.22103841492309,0.0 131.01423440148983,31.221037438285617,0.0 131.0142374925223,31.2210364619356,0.0 131.0142405826769,31.22103548589212,0.0 131.01424367192925,31.221034510173848,0.0 131.014246760256,31.22103353479904,0.0 131.01424984763477,31.22103255978543,0.0 131.0142529340447,31.221031585150204,0.0 131.0142560194662,31.221030610909896,0.0 131.0142591038814,31.221029637080427,0.0 131.01426218727423,31.221028663677007,0.0 131.01426526963058,31.221027690714127,0.0 131.01426835093872,31.22102671820556,0.0 131.01427143118903,31.22102574616432,0.0 131.01427451030423,31.22102477457688,0.0 131.01427758827808,31.221023803454145,0.0 131.01428066507563,31.2210228327946,0.0 131.0142837406683,31.221021862597247,0.0 131.01428681502907,31.221020892859823,0.0 131.01428988813285,31.221019923578755,0.0 131.01429295995635,31.221018954749223,0.0 131.01429603047845,31.221017986365155,0.0 131.01429909967993,31.22101701841922,0.0 131.01430216754392,31.221016050902914,0.0 131.01430523405585,31.221015083806545,0.0</coordinates>
            </LineString>
        </Placemark>
    </Document>
</kml>
