<?xml version="1.0" encoding="UTF-8"?>
<kml xmlns="http://www.opengis.net/kml/2.2" xmlns:gx="http://www.google.com/kml/ext/2.2">
    <Document id="1709">
        <Style id="1712">
            <LineStyle id="1713">
                <color>ff0000ff</color>
                <colorMode>normal</colorMode>
                <width>3</width>
            </LineStyle>
        </Style>
        <Style id="1716">
            <LineStyle id="1717">
                <color>ff00ff00</color>
                <colorMode>normal</colorMode>
                <width>3</width>
            </LineStyle>
        </Style>
        <Placemark id="1711">
            <name>flight_path</name>
            <styleUrl>#1712</styleUrl>
            <LineString id="1710">
                <altitudeMode>relativeToGround</altitudeMode>
                <coordinates>131.010392,31.222216000000007,3.000000004412624 131.0103920000045,31.222215999991075,3.0000027652305543 131.0103920000085,31.222215999994766,3.0000030853541984 131.0103920000085,31.222215999994766,3.0000030853541984 131.01039200000852,31.222215999994766,3.0000030853541984 131.01039201539675,31.22221599246117,3.0023884986471163 131.0103920617776,31.22221596990869,3.015331231721257 131.01039213193175,31.22221593580231,3.0351264363252404 131.01039220552698,31.222215900001803,3.055106219166761 131.0103923261533,31.222215841380503,3.090004394730484 131.01039241011944,31.222215800500727,3.1115340872331685 131.01039255023213,31.22221573238213,3.151063460926564 131.0103926908424,31.222215663995925,3.189784893121109 131.01039284206664,31.22221559043897,3.23111772340097 131.01039301222698,31.2222155076778,3.2778754514712065 131.01039319835945,31.22221541714896,3.329057119327625 131.01039339622227,31.222215320908244,3.383229829375461 131.0103936086097,31.222215217601374,3.4413386621870097 131.01039382835415,31.2222151107022,3.500962017738751 131.0103940692252,31.222214993537087,3.566754013292423 131.0103943154942,31.22221487372917,3.6334003425495367 131.0103945800907,31.22221474501192,3.705270765720048 131.01039485370347,31.222214611898128,3.779219998303775 131.01039513986652,31.222214472675024,3.856442763351153 131.01039544418495,31.22221432462593,3.9388336136528577 131.01039575462735,31.22221417358214,4.022328928820314 131.01039608061367,31.222214014978025,4.110111315127456 131.01039641907315,31.22221385030192,4.20114441129061 131.01039677261693,31.22221367828824,4.296310626724281 131.01039713608534,31.22221350143773,4.393868548192477 131.010397517966,31.22221331563664,4.496683993164735 131.01039790540767,31.22221312711366,4.600420125064151 131.01039830590005,31.22221293223868,4.707604968129808 131.01039871921526,31.222212731122088,4.8181619013200345 131.01039914602634,31.222212523437697,4.932317992273902 131.0103995843797,31.222212310132328,5.049414803571431 131.01040002919007,31.222212093670787,5.167739039340097 131.010400488852,31.222211869984235,5.290119088179969 131.01040096154043,31.222211639957216,5.415939478570699 131.01040144391652,31.222211405208075,5.544076156420129 131.01040193996343,31.222211163806087,5.675869112702848 131.01040244347448,31.22221091875968,5.809230869593894 131.01040295825328,31.222210668225145,5.945439804389508 131.01040348638034,31.22221041119396,6.085193185839201 131.01040402793237,31.222210147628825,6.228514853755213 131.0104045774418,31.22220988018005,6.373570321964543 131.0104051377902,31.2222096074508,6.521325187598352 131.01040571307726,31.222209327453587,6.673149607941206 131.01040630329675,31.222209040191352,6.829037586096744 131.01040689520636,31.22220875208352,6.984563197684807 131.01040750096558,31.22220845723537,7.143787353550456 131.0104081214021,31.222208155245536,7.306979827983644 131.01040875222748,31.222207848192888,7.472708023785239 131.01040938861175,31.222207538419,7.639365051166282 131.0104100415545,31.222207220590928,7.810603337186065 131.01041070492113,31.22220689768276,7.98437975261839 131.0104113765162,31.222206570758807,8.159965504549577 131.01041206185752,31.222206239855776,8.339182092958302 131.01041275501964,31.222205904666936,8.520348815202622 131.01041345934192,31.22220556521332,8.704278489492152 131.01041418127923,31.222205217973244,8.89321141712808 131.01041490744623,31.222204869490795,9.082725614039594 131.01041564442866,31.222204516546714,9.274979889060956 131.010416395785,31.22220415738297,9.471126379162218 131.0104171631468,31.2222037911664,9.671681260190892 131.0104179277481,31.222203427148884,9.870542948401392 131.01041870641475,31.222203056989745,10.07316864725278 131.0104195067521,31.222202676815183,10.281982406514242 131.01042031037215,31.222202295801736,10.491048765646545 131.010421119996,31.222201912595576,10.701250950385363 131.0104219460951,31.222201521810337,10.915915556667969 131.01042278584436,31.222201124794005,11.134111909870304 131.0104236315526,31.22220072549225,11.353395787421547 131.01042448587353,31.22220032250592,11.57460167671672 131.01042535550968,31.2221999122096,11.79980565398684 131.01042624082865,31.22219949427523,12.02908456630194 131.0104271253068,31.222199077589885,12.25730991328196 131.01042802747082,31.22219865203052,12.49019058509958 131.01042893980463,31.22219822157735,12.725376655785483 131.01042986122107,31.222197786781525,12.962523474447671 131.0104307897386,31.222197348715216,13.201019987370367 131.0104317374037,31.222196900344883,13.444451830054918 131.01043269419583,31.22219644731332,13.68978236304862 131.01043365372365,31.22219599339267,13.935123828669484 131.01043463146303,31.22219552926437,14.185004967507496 131.0104356240128,31.222195056729035,14.438365707280123 131.01043661573527,31.222194585350305,14.690674447477296 131.01043762341504,31.2221941046778,14.946749973140433 131.01043864485135,31.222193615838144,15.205897364777217 131.01043967437505,31.22219312234348,15.466487510766328 131.01044071283152,31.222192623592605,15.72874524049008 131.01044176474312,31.222192116463773,15.993888671276665 131.01044282914816,31.222191601407896,16.26160475809057 131.01044389824648,31.22219108363304,16.52975160677472 131.0104449837115,31.22219055500854,16.801450825569507 131.0104460832139,31.222190016890863,17.07601159171102 131.01044718607056,31.2221894767678,17.35059394701422 131.01044830903055,31.222188922509083,17.629552239388715 131.01044944101596,31.22218836190145,17.909947495897867 131.0104505760555,31.222187799362143,18.19025502379172 131.01045173218395,31.222187221242127,18.475006609953 131.0104528989992,31.22218663510824,18.761510550735725 131.01045407542827,31.22218604172037,19.04948565494108 131.01045526646035,31.222185437045017,19.34011820771087 131.0104564647886,31.22218482668905,19.63159592295447 131.01045767170672,31.222184209558545,19.924215008786007 131.01045890098243,31.222183574246447,20.221170324278784 131.01046012713775,31.22218294148028,20.51645325602096 131.01046137628768,31.22218228956089,20.81610420469852 131.0104626388242,31.2221816261694,21.11782195894812 131.01046390391812,31.22218096049139,21.41915553543972 131.010465182243,31.22218028331376,21.722480972884604 131.0104664909393,31.222179579316588,22.03146884546183 131.0104677984138,31.222178876052475,22.339172294370886 131.01046910645638,31.22217817217031,22.64604465142068 131.01047045221637,31.222177433960063,22.95989539197297 131.01047178737753,31.22217670495881,23.270488343764928 131.01047314035057,31.222175959313933,23.58377452395901 131.01047453472935,31.222175174601908,23.90442831991876 131.01047589573503,31.222174420693936,24.21730822357707 131.01047729821394,31.222173627241936,24.53745360379333 131.01047872327248,31.22217281146033,24.860915313212328 131.0104801210622,31.222172021433806,25.17803492839524 131.0104815726301,31.2221711786797,25.50442908604852 131.01048301567005,31.222170343454863,25.82807426563128 131.01048446149196,31.222169504958263,26.15119480864833 131.01048595476763,31.22216861851313,26.481976973157145 131.0104874300445,31.222167749232234,26.80832968342833 131.01048891907328,31.22216686547973,27.13610460444444 131.01049044931835,31.22216593898494,27.47008695167324 131.01049195663472,31.2221650350272,27.79887975346241 131.0104934957589,31.22216409762535,28.132122438038543 131.01049505217054,31.22216314134963,28.4671712343756 131.0104965935531,31.222162199838216,28.79852586796548 131.0104981869625,31.22216120299449,29.13750145891968 131.01049976199772,31.222160224401595,29.47222068591685 131.01050135140508,31.22215922976529,29.8081858149088 131.01050298761035,31.222158184375704,30.15058749068351 131.01050459573557,31.22215716782319,30.487254178411742 131.01050623318943,31.222156118959823,30.827470709639886 131.01050790217823,31.22215503507119,31.17146052679209 131.0105095470499,31.222153976091324,31.51047156243133 131.0105112385778,31.222152865622785,31.855558716650368 131.0105129213675,31.222151763469505,32.19807572105972 131.0105146118437,31.22215065190531,32.54058737098893 131.01051635517967,31.2221494815493,32.889877554892564 131.01051806749967,31.22214834390608,33.233275625474874 131.0105198052609,31.222147177357343,33.57929012300918 131.01052158889004,31.22214595932765,33.93085042924954 131.01052332979165,31.222144787065044,34.27490545401302 131.01052513036734,31.22214354811336,34.62648052139595 131.01052692895036,31.222142310179663,34.97651613470126 131.0105287196054,31.222141079869665,35.324202646929386 131.01053057038396,31.22213978222572,35.67929347342573 131.01053239156423,31.22213851606168,36.02891848617089 131.0105342412371,31.222137217432586,36.381391535539215 131.01053611879922,31.222135887018457,36.736580480254176 131.0105379740147,31.222134580125346,37.08739985184928 131.01053988108376,31.222133215183884,37.44429666819408 131.01054177356178,31.222131865252933,37.79792470782549 131.01054367436257,31.222130505172675,38.15151501627052 131.01054562419523,31.2221290904536,38.51073279757079 131.01054754592133,31.22212770552573,38.86482753659688 131.01054949688407,31.22212628775173,39.22179573340486 131.01055146909377,31.222124846003144,39.5805184152988 131.01055342588367,31.2221234201342,39.93591002823791 131.0105554405674,31.222121930783985,40.298159630152696 131.0105574255118,31.222120472805265,40.65509826435814 131.01055943265217,31.222118990122063,41.01395172685354 131.01056149107498,31.222117451830684,41.37878158950912 131.010563500975,31.22211596476848,41.735691591878044 131.01056557382628,31.222114409987896,42.100240398475215 131.01056762904983,31.22211287343256,42.46118687798415 131.01056969642073,31.222111323457792,42.82270120338906 131.01057180601003,31.222109728677488,43.18903776123594 131.01057388570945,31.22210816482329,43.550046942423975 131.01057601577887,31.222106548049982,43.91708074084744 131.01057813661896,31.222104940646272,44.281720276606805 131.0105802601175,31.22210333016363,44.64564901226949 131.0105824336884,31.222101668104514,45.015685695698814 131.0105845718244,31.22210004219321,45.37957335190052 131.010586758893,31.22209836636425,45.74947438427533 131.0105889378972,31.22209669878032,46.11718209908128 131.01059112392906,31.22209502409812,46.484883134978645 131.0105933551017,31.22209330443148,46.85820020459699 131.0105955502435,31.22209162082722,47.22521749800731 131.01059780239285,31.22208988096627,47.59968129073348 131.01060003158818,31.222088164088,47.969771387935474 131.01060227987864,31.222086428763205,48.34174421961716 131.01060456287766,31.22208466017441,48.718005284731056 131.01060681433287,31.22208292259048,49.088566706014525 131.01060912012787,31.22208113318543,49.46645784657871 131.01061140564045,31.222079363881463,49.840359432667086 131.0106137075987,31.222077579468937,50.21587756117492 131.01061604651673,31.222075760862595,50.59623238605561 131.01061835003858,31.22207397634928,50.97023084882485 131.0106207115439,31.222072138264213,51.352399584112575 131.01062305211332,31.22207032065955,51.73046341990216 131.01062540713983,31.22206849045694,52.109954011419646 131.01062778649356,31.22206663878554,52.492471986231166 131.010630145299,31.22206480698035,52.87091886941767 131.01063255618527,31.222062928546645,53.25685761106045 131.0106349401274,31.222061075804287,53.63771070533992 131.01063734987628,31.22205920066657,54.02191014190976 131.01063977209938,31.222057315426124,54.40735162922012 131.01064217824867,31.222055445810383,54.789431345468486 131.0106446440865,31.222053523751743,55.18041321244991 131.01064706690985,31.222051641504727,55.56367922906422 131.0106495339786,31.22204972085957,55.953381103483295 131.01065199574452,31.222047806226616,56.34148922673131 131.0106544551223,31.222045894938777,56.72847145510638 131.01065695703028,31.22204394707667,57.12166153801152 131.01065942713237,31.22204202874554,57.508938742893065 131.0106619436101,31.22204007045912,57.90305831403484 131.0106644427953,31.22203812878032,58.29363654863076 131.0106669534888,31.22203617810303,58.68537016794795 131.01066949129722,31.222034204547548,59.08079776986416 131.0106720023437,31.22203225598009,59.47115142057707 131.01067456971916,31.22203025843009,59.86992441521584 131.0106771056413,31.22202829004584,60.2628717010821 131.01067967731376,31.222026290844408,60.66086769348333 131.01068224002452,31.22202430072041,61.056682119672864 131.0106848034352,31.22202231102751,61.45187679236464 131.0106874005128,31.222020291992976,61.851703482934205 131.01068997132091,31.22201829760669,62.246592989141696 131.01069259884557,31.22201625269101,62.6497048811187 131.01069519477807,31.222014237284675,63.047053910764845 131.0106978143964,31.222012201083714,63.447353732945885 131.01070044914383,31.222010151668098,63.849212057700335 131.0107030615458,31.22200812351983,64.24681763795229 131.01070571824593,31.222006054967338,64.65043438972954 131.0107083674789,31.222003993775644,65.05206481547194 131.0107110039753,31.2220019450253,65.45094966544045 131.01071366798206,31.221999870849697,65.85314185722194 131.0107163499477,31.22199777989726,66.25712955269185 131.01071902108396,31.22199569943192,66.65863245431396 131.0107216929507,31.22199361852629,67.05937937686511 131.01072438712913,31.221991516289776,67.46247638831011 131.01072708582106,31.221989409632894,67.86529170728626 131.0107297832222,31.221987304179383,68.26699581424873 131.01073248394235,31.221985195403608,68.66823912151388 131.01073519851755,31.221983072824607,69.07046909395974 131.01073791527293,31.22198094778466,69.47202132602196 131.01074063376842,31.221978820690925,69.87283095029899 131.01074335829327,31.22197668719128,70.27346686769921 131.01074608783188,31.221974548185127,70.67376443930587 131.01074882011875,31.22197240586893,71.07340148487783 131.0107515554062,31.22197025992185,71.47239698902055 131.01075429696067,31.22196810693812,71.87115937936443 131.01075704355617,31.221965948068533,72.26950459354701 131.01075979452554,31.221963783923627,72.66732903880823 131.01076254748284,31.22196161690092,73.06431448105582 131.01076530236716,31.22195944701696,73.46044241782883 131.0107680661851,31.221957266925248,73.85656940276685 131.01077083086145,31.22195508495429,74.25167236148474 131.01077360089863,31.22195289636973,74.64629714784553 131.01077637470638,31.22195070277828,75.0402329840851 131.01077915394626,31.2219485023871,75.43366697935815 131.01078193403447,31.221946299992293,75.82603954095697 131.01078471943288,31.22194409085287,76.21787263381567 131.0107875094787,31.22194187562851,76.60907335696771 131.01079030117026,31.221939657485446,76.9992831184964 131.01079309889167,31.221937431744102,77.3890034578663 131.0107959026251,31.221935198397663,77.77821979421678 131.01079870562003,31.221932964642964,78.16615547303033 131.0108015152989,31.22193072255581,78.55365295009376 131.01080432744155,31.22192847664075,78.94022650796155 131.01080714248826,31.221926226436143,79.325924617725 131.01080996118708,31.22192397115249,79.71082870158497 131.01081278467575,31.22192170958786,80.09506310158494 131.01081561117408,31.221919443667343,80.4784293218514 131.01081844204407,31.221917171960083,80.86107899574014 131.01082127522423,31.22191489669843,81.2427862470416 131.01082411186272,31.221912616689423,81.62368039668921 131.01082694999488,31.221910334065107,82.00354933002522 131.01082979189255,31.22190804644661,82.38264649564506 131.0108326384563,31.221905752927874,82.76107499203054 131.01083548723534,31.22190345616163,83.1385728666177 131.01083833906912,31.221901155307297,83.51523888825254 131.0108411938344,31.221898850551696,83.89106710396781 131.0108440482551,31.221896545401066,84.26570741970856 131.0108469071527,31.22189423484127,84.6396963519751 131.01084976633763,31.22189192333637,85.01258459629595 131.01085263080952,31.221889605722115,85.38493113826969 131.0108554952263,31.221887287642247,85.75615963372935 131.01085836535816,31.221884963165326,86.12691715987857 131.01086123525815,31.221882638529955,86.49655891618448 131.01086410681123,31.221880311842583,86.8653042818862 131.0108669825447,31.22187798058652,87.23344764390002 131.01086985992984,31.221875647436537,87.60072076603987 131.01087273718832,31.221873314265373,87.96693609394153 131.0108756191761,31.22187097621037,88.33265271578753 131.01087850157904,31.22186863772728,88.69739883842956 131.0108813874479,31.221866295804567,89.06153284746601 131.01088427410315,31.221863953211862,89.42476421769913 131.0108871615612,31.22186160999143,89.78710696048942 131.01089005088087,31.22185926515712,90.14869602302072 131.01089294206704,31.221856918778823,90.50954620151155 131.01089583414137,31.221854571889445,90.86955747340684 131.01089872739283,31.22185222426438,91.22877593454 131.01090162066683,31.22184987709371,91.58707905993292 131.01090451725867,31.221847527223066,91.94486621249288 131.01090741283778,31.22184517892781,92.30164039653992 131.0109103113714,31.221842828410107,92.6578813853358 131.01091321062384,31.221840477891966,93.01333673996136 131.01091610812898,31.22183812978096,93.36772173596944 131.01091900847047,31.2218357797234,93.72159431179524 131.01092190859347,31.22183343069319,94.07459943602444 131.01092480739612,31.22183108376655,94.42661221395949 131.01092770883463,31.22182873522005,94.77811896682604 131.01093060822487,31.22182638952869,95.128561535951 131.01093350900692,31.22182404346009,95.47836372318328 131.01093641247058,31.22182169583357,95.8276905767586 131.0109393132942,31.22181935167584,96.17589994183696 131.01094221411307,31.22181700851717,96.523317564392 131.0109451149555,31.22181466634683,96.86995212953968 131.01094801772754,31.221812323391674,97.21604103917603 131.010950919569,31.22180998233364,97.56123796484523 131.01095382089477,31.22180764278268,97.90559616525488 131.0109567235598,31.221805303004498,98.24934458423044 131.0109596253274,31.22180296508201,98.59221106881176 131.01096252611404,31.221800629082527,98.93418620517586 131.01096542953078,31.22179829162044,99.27571012895424 131.0109683295592,31.221795958301257,99.61604903784558 131.01097123401252,31.22179362180036,99.95615114364952 131.01097413621002,31.221791288342065,100.2952031049788 131.0109770392412,31.22178895500876,100.6335768648923 131.01097994232828,31.221786622498257,100.97117460045584 131.0109828467878,31.22178428953844,101.30814975172272 131.01098575096202,31.22178195765212,101.64429875261222 131.0109886547488,31.2217796269003,101.97960496810704 131.0109915584494,31.221777296958404,102.314098527872 131.01099446323255,31.22177496667217,102.64791000563224 131.01099736611962,31.22177263882786,102.98068330872204 131.01100027034823,31.22177031029639,103.31278956290448 131.01100317411283,31.22176798274801,103.64400998167164 131.01100607743268,31.22176565611791,103.97433959222649 131.0110089803984,31.22176333026882,104.30378058320348 131.0110118854746,31.22176100276146,104.63260204590192 131.01101478776607,31.22175867828293,104.96024281324868 131.0110176919029,31.2217563522868,105.28721350751196 131.01102059756116,31.221754025014675,105.6134635798891 131.01102350225187,31.2217516988482,105.9387091841983 131.01102640752438,31.22174937221565,106.26311098525112 131.0110293134491,31.221747044984816,106.5866645717307 131.011032220608,31.221744716516376,106.909420144693 131.01103512478684,31.22174239095295,107.2309216290542 131.01103803004085,31.221740064203967,107.5515883071124 131.01104093573926,31.22173773683172,107.87133994649848 131.01104384066974,31.221735410003426,108.19004125955348 131.01104674766748,31.221733080801457,108.50797080187844 131.01104965245068,31.221730753510936,108.82468444211372 131.0110525563915,31.221728426704164,109.1403142119794 131.01105546440712,31.221726095296955,109.45533303956395 131.01105837235608,31.22172376346424,109.76931900068044 131.01106127839702,31.22172143307152,110.0820887683772 131.01106418642513,31.22171910006276,110.39400861346914 131.01106709487055,31.22171676600652,110.70491597520864 131.01107000412364,31.22171443045864,111.01483880816528 131.0110729143846,31.22171209317037,111.32378635100356 131.0110758253836,31.22170975438616,111.63172476816318 131.01107873519643,31.221707416091338,111.93847170243454 131.0110816455372,31.22170507646237,112.24417657737165 131.0110845561874,31.22170273569745,112.548811376083 131.0110874657108,31.22170039528784,112.85224285802283 131.01109037528545,31.221698053971263,113.15457006599628 131.0110932900224,31.22169570630865,113.45622889198845 131.0110962007924,31.22169336195673,113.75642318059724 131.01109911256742,31.221691015638378,114.05558086353976 131.01110202623047,31.22168866639572,114.35376939392256 131.01110493923042,31.221686316934765,114.65076905466968 131.01110785229017,31.221683966483777,114.94663906438385 131.011110763925,31.221681616625023,115.2412542181802 131.01111367646664,31.221679264871543,115.53480563182576 131.01111659040257,31.22167691070412,115.8273300061322 131.01111950215383,31.221674557952515,116.11853507019286 131.01112241475553,31.221672203384564,116.4086682543207 131.01112532959175,31.22166984553303,116.69783943497012 131.01112824480614,31.221667486395585,116.98589931066904 131.01113115767131,31.221665128900128,117.27263255000236 131.01113407078105,31.221662770296515,117.55824853725473 131.01113698636553,31.221660408231283,117.8429250693275 131.0111399024802,31.221658044803483,118.12651015251724 131.01114281829115,31.22165568092566,118.40894170557344 131.01114573355983,31.22165331687721,118.69020498185742 131.01114865009615,31.22165095076801,118.97044613844328 131.01115156436498,31.22164858637709,119.24939230962696 131.01115448147252,31.221646218334087,119.5274487392622 131.0111573984536,31.22164384981516,119.80438814677292 131.0111603166922,31.22164147939715,120.08032473927732 131.01116323379273,31.22163910963883,120.35507692801436 131.01116614979497,31.2216367405308,120.62865412154932 131.01116906768485,31.221634368988983,120.90129713780244 131.0111719864831,31.2216319960893,121.17293637756464 131.01117490750468,31.221629620508644,121.44368271378065 131.01117782663744,31.221627246565472,121.71321978627128 131.01118074576476,31.22162487233937,121.98170324697324 131.01118366869403,31.22162249395004,122.2494427482454 131.0111865889789,31.2216201180984,122.51593584599746 131.01118951185697,31.221617739432425,122.7816062826548 131.01119243453752,31.22161536087175,123.04624080116436 131.0111953548024,31.22161298471765,123.30966961363164 131.0111982757313,31.221610607868616,123.57214746916334 131.01120119590072,31.22160823182304,123.8335689056994 131.0112041155391,31.221605856390138,124.0939605409349 131.01120703464227,31.221603481616416,124.35333038057496 131.01120995320613,31.221601107547592,124.61168638855592 131.01121287122643,31.22159873422857,124.8690364562333 131.01121578869905,31.221596361703337,125.12538838250532 131.01121870561985,31.221593990014743,125.38074985989836 131.0112216219846,31.221591619204485,125.63512843182816 131.01122453778925,31.221589249312952,125.888531495585 131.0112274530297,31.221586880379128,126.14096626456288 131.01123036770187,31.221584512440497,126.39243976229842 131.0112332818019,31.22158214553293,126.6429587916604 131.0112361953258,31.22157977969067,126.89252992590508 131.0112391082697,31.221577414946125,127.14115949078716 131.0112420206299,31.221575051329896,127.38885353971185 131.01124493240272,31.22157268887068,127.63561785175 131.01124784358453,31.22157032759516,127.88145790579536 131.01125075417187,31.22156796752801,128.12637887659244 131.01125366416136,31.221565608691844,128.37038561187435 131.01125657354967,31.221563251107103,128.6134826393247 131.01125948233363,31.221560894792123,128.855674135765 131.01126239051024,31.22155853976301,129.096963929145 131.01126529807644,31.22155618603363,129.33735549456716 131.01126820502938,31.221553833615687,129.5768519383864 131.01127111136643,31.22155148251857,129.81545599423404 131.0112740170849,31.22154913274944,130.053170028984 131.01127692218228,31.221546784313222,130.28999602287445 131.01127982665628,31.221544437212582,130.52593558342383 131.01128273050455,31.221542091448004,130.76098993052395 131.01128563372504,31.22153974701772,130.9951599073728 131.01128853631567,31.221537403917846,131.22844597550744 131.01129143827464,31.22153506214233,131.4608482167911 131.0112943396001,31.221532721682983,131.6923663433554 131.0112972402904,31.22153038252962,131.9229996856716 131.01130014034413,31.22152804467,132.15274722336505 131.01130303975975,31.221525708089967,132.38160756334835 131.01130593853608,31.221523372773497,132.6095789636767 131.01130883667184,31.22152103870267,132.83665934348744 131.01131173416607,31.22151870585789,133.06284627803132 131.0113146310178,31.22151637421783,133.28813702451498 131.0113175272262,31.2215140437596,133.5125285161366 131.01132042279056,31.22151171445876,133.73601738793 131.01132331771024,31.22150938628944,133.9585999767635 131.0113262119848,31.221507059224432,134.18027234519565 131.01132910561375,31.22150473323527,134.4010302854491 131.01133199859683,31.221502408292327,134.62086934028463 131.01133489093388,31.221500084364926,134.83978480697593 131.01133778262465,31.221497761421404,135.05777177011035 131.01134067366922,31.22149543942921,135.2748250976103 131.01134356406757,31.221493118355085,135.4909394715477 131.01134645381984,31.22149079816504,135.7061093891353 131.01134934292622,31.221488478824536,135.9203291985092 131.01135223138695,31.2214861602986,136.13359309872715 131.01135511920245,31.221483842551844,136.34589516660455 131.01135800637297,31.22148152554868,136.5572293656593 131.01136089289906,31.22147920925332,136.76758957493456 131.01136377878112,31.221476893629923,136.9769695979439 131.01136666401973,31.22147457864272,137.1853631795664 131.01136954861548,31.22147226425605,137.3927640308951 131.0113724325689,31.22146995043452,137.59916583619275 131.01137531588068,31.221467637143004,137.80456228072077 131.01137819855148,31.22146532434685,138.00894706564864 131.01138108058197,31.22146301201189,138.21231391500783 131.0113839619729,31.221460700104583,138.41465660551043 131.011386842725,31.22145838859204,138.615968979469 131.01138972283894,31.22145607744212,138.81624495672187 131.01139260231562,31.221453766623554,139.0154785564988 131.01139548115566,31.22145145610597,139.21366390735886 131.01139835936,31.221449145860007,139.4107952660743 131.01140123692937,31.22144683585732,139.6068670305501 131.01140411386464,31.22144452607068,139.80187375473125 131.01140699016662,31.221442216474017,139.99581016450568 131.0114098658362,31.221439907042527,140.1886711626709 131.01141274087422,31.221437597752644,140.3804518557708 131.01141561528163,31.221435288582143,140.57114755309908 131.0114184890593,31.22143297951016,140.76075378061333 131.01142136220835,31.22143067051724,140.94926629385506 131.01142423472965,31.22142836158532,141.1366810958401 131.01142710662427,31.221426052697872,141.32299442612236 131.0114299778933,31.2214237438398,141.5082027906124 131.0114328485379,31.221421434997524,141.6923029536239 131.01143571855923,31.221419126158995,141.8752919587455 131.01143858795865,31.22141681731369,142.0571671198944 131.01144145673734,31.22141450845261,142.2379260451696 131.0114443248968,31.22141219956832,142.41756662293582 131.01144719243845,31.221409890654904,142.59608703673223 131.0114500593639,31.22140758170796,142.7734857742159 131.0114529256748,31.22140527272465,142.9497616102653 131.01145579137287,31.221402963703603,143.12491362983891 131.01145865646,31.22140065464495,143.29894121704248 131.01146152093816,31.221398345550288,143.4718440561215 131.0114643848094,31.22139603642264,143.64362213841824 131.01146724807592,31.22139372726645,143.81427575143843 131.01147011074,31.22139141808752,143.98380548282623 131.01147297280414,31.221389108893028,144.15221221440035 131.01147583427084,31.221386799691395,144.3194971241417 131.01147869514284,31.221384490492344,144.4856616742656 131.01148155542293,31.221382181306804,144.65070761321053 131.01148441511407,31.22137987214687,144.8146369656969 131.01148727421943,31.221377563025737,144.97745203272916 131.01149013274215,31.22137525395772,145.1391553707217 131.0114929906856,31.22137294495808,145.29974980541442 131.01149584805336,31.221370636043098,145.45923840205526 131.011498704849,31.22136832722992,145.61762447633356 131.01150156107624,31.221366018536543,145.77491156953187 131.0115044167391,31.221363709981787,145.93110344753245 131.01150727184148,31.221361401585146,146.08620408789687 131.01151012638755,31.22135909336681,146.2402176699264 131.0115129803816,31.22135678534756,146.39314856870052 131.01151583382796,31.22135447754873,146.54500133122153 131.0115186867311,31.22135216999212,146.69578067442768 131.01152153909567,31.22134986269996,146.8454914752554 131.01152439092627,31.221347555694823,146.99413875274948 131.01152724222763,31.2213452489996,147.14172765215895 131.0115300930047,31.22134294263738,147.28826344195824 131.01153294326224,31.22134063663145,147.43375149297432 131.01153579300535,31.2213383310052,147.5781972694437 131.01153864223895,31.22133602578204,147.72160631310828 131.0115414909682,31.221333720985427,147.86398422731534 131.0115443391981,31.22133141663869,148.00533667503052 131.0115471869339,31.22132911276509,148.14566935100768 131.0115500341807,31.221326809387666,148.28498797582728 131.0115528809436,31.22132450652922,148.42329827900073 131.0115557272278,31.22132220421229,148.5606059949959 131.0115585730384,31.22131990245908,148.6969168264619 131.01156141838044,31.221317601291343,148.8322364641095 131.01156426325903,31.22131530073048,148.9665705489439 131.01156710767916,31.22131300079733,149.09992466431237 131.01156995164573,31.221310701512245,149.2323043339192 131.01157279516357,31.221308402894994,149.36371499300225 131.0115756382375,31.22130610496475,149.49416199032285 131.01157848087217,31.22130380774,149.62365056828637 131.01158132307205,31.22130151123856,149.75218585698187 131.01158416484165,31.22129921547752,149.87977285430347 131.0115870061852,31.221296920473225,150.00641642893424 131.01158984710688,31.221294626241203,150.13212129947365 131.0115926876106,31.2212923327962,150.2568920235061 131.0115955277002,31.2212900401521,150.38073299660766 131.01159836737926,31.221287748321927,150.5036484374384 131.01160120665122,31.221285457317816,150.62564238178015 131.0116040455193,31.22128316715101,150.7467186686221 131.01160688398647,31.22128087783181,150.8668809471186 131.0116097220555,31.221278589369582,150.98613264975543 131.01161255972903,31.221276301772743,151.10447700328237 131.01161539700922,31.22127401504877,151.22191701281255 131.0116182338982,31.22127172920416,151.3384554598337 131.01162107039772,31.22126944424444,151.4540948972411 131.0116239065093,31.22126716017416,151.5688376463549 131.01162674223423,31.22126487699689,151.68268578996393 131.01162957757347,31.221262594715256,151.79564117332086 131.01163241252766,31.221260313330905,151.90770539718375 131.0116352470973,31.221258032844503,152.0188798188121 131.01163808128243,31.221255753255782,152.12916555196583 131.0116409150829,31.221253474563536,152.23856346491883 131.0116437484982,31.22125119676562,152.34707417548873 131.01164658152763,31.221248919858976,152.45469805600797 131.01164941417008,31.221246643839656,152.56143523829303 131.01165224642415,31.221244368702845,152.66728560668696 131.01165507828824,31.221242094442843,152.77224880302907 131.01165790976032,31.22123982105312,152.87632423361305 131.01166074083815,31.221237548526386,152.97951106620502 131.01166357151916,31.2212352768545,153.081808235013 131.01166640180057,31.22123300602861,153.18321444565595 131.01166923167915,31.2212307360391,153.28372818411 131.0116720611516,31.221228466875715,153.38334770975024 131.01167489021424,31.221226198527475,153.48207107324035 131.01167771886298,31.22122393098281,153.57989611752828 131.01168054709373,31.22122166422955,153.67682048480123 131.01168337490205,31.221219398254945,153.77284161748037 131.0116862022831,31.22121713304575,153.8679567721354 131.011689029232,31.22121486858821,153.9621630343921 131.01169185574355,31.221212604868125,154.0554573010421 131.01169468181237,31.221210341870894,154.1478363197988 131.01169750743284,31.221208079581555,154.23929667438836 131.01170033259913,31.22120581798479,154.3298348024385 131.01170315730522,31.221203557065014,154.41944700641278 131.0117059815449,31.221201296806388,154.5081294595725 131.0117088053119,31.221199037192832,154.595878209951 131.01171162859967,31.221196778208142,154.68268920619624 131.0117144514016,31.22119451983596,154.76855829160516 131.0117172737108,31.22119226205984,154.85348122201512 131.01172009552047,31.22119000486329,154.93745366977691 131.0117229168236,31.22118774822981,155.02047124462763 131.01172573761306,31.22118549214292,155.10252949170092 131.01172855788175,31.221183236586207,155.18362391239958 131.01173137762237,31.22118098154339,155.2637499683694 131.01173419682766,31.221178726998296,155.3429030944192 131.01173701549033,31.22117647293493,155.42107871144202 131.0117398336031,31.22117421933754,155.49827222442468 131.01174265115847,31.221171966190607,155.5744790572358 131.01174546814937,31.221169713478886,155.64969463771428 131.01174828456837,31.221167461187427,155.72391442351133 131.0117511004082,31.22116520930168,155.79713390507155 131.0117539156618,31.22116295780739,155.86934861954614 131.01175673032196,31.22116070669078,155.94055415675533 131.01175954438168,31.221158455938472,156.01074617509158 131.01176235783413,31.22115620553753,156.0799204025105 131.0117651706724,31.221153955475486,156.1480726564101 131.01176798289,31.221151705740407,156.2151988396534 131.01177079448036,31.22114945632088,156.28129496442145 131.01177360543718,31.221147207205984,156.34635714525552 131.01177641575435,31.221144958385423,156.4103816189346 131.01177922542595,31.22114270984942,156.47336474844974 131.01178203444627,31.221140461588828,156.53530302896755 131.01178484280987,31.22113821359507,156.59619309677387 131.01178765051148,31.221135965860206,156.65603173821907 131.0117904575462,31.221133718376898,156.71481589170423 131.01179326390934,31.22113147113845,156.77254265861492 131.0117960695965,31.221129224138814,156.82920930431263 131.01179887460364,31.22112697737256,156.88481326807556 131.01180167892696,31.22112473083492,156.93935216707186 131.0118044825631,31.22112248452176,156.99282379934175 131.01180728550895,31.22112023842957,157.04522614777187 131.01181008776177,31.22111799255554,157.0965573890415 131.01181288931917,31.221115746897446,157.146815888651 131.01181569017925,31.221113501453715,157.1960002118558 131.01181849034035,31.22111125622341,157.24410911869526 131.0118212898013,31.221109011206188,157.29114157492643 131.01182408856127,31.221106766402336,157.33709674705386 131.0118268866199,31.22110452181274,157.38197400630474 131.0118296839772,31.221102277438856,157.42577292465327 131.0118324806336,31.22110003328273,157.4684932817783 131.01183527658995,31.22109778934695,157.5101350670504 131.01183807184765,31.22109554563466,157.55069846661166 131.0118408664083,31.22109330214952,157.5901838743081 131.0118436602741,31.22109105889569,157.6285918827443 131.01184645344776,31.22108881587785,157.66592329123608 131.01184924593213,31.22108657310111,157.7021790918942 131.01185203773076,31.221084330571063,157.73736047260724 131.0118548288475,31.221082088293688,157.77146881604727 131.0118576192867,31.22107984627541,157.80450569171933 131.01186040905307,31.221077604523003,157.83647285894344 131.01186319815173,31.22107536304365,157.8673722499582 131.01186598658833,31.221073121844807,157.89720598582312 131.0118687743687,31.22107088093429,157.92597634660223 131.01187156149933,31.221068640320176,157.9536857882613 131.01187434798686,31.221066400010844,157.98033692378397 131.01187713383842,31.221064160014866,158.0059325191949 131.01187991906153,31.221061920341043,158.03047549853272 131.0118827036639,31.221059680998376,158.05396891701173 131.01188548765384,31.22105744199604,158.07641597096415 131.0118882710397,31.22105520334332,158.09781999088267 131.0118910538303,31.221052965049644,158.11818442054775 131.01189383603474,31.221050727124503,158.13751282498086 131.0118966176624,31.2210484895775,158.15580886857825 131.0118993987228,31.221046252418247,158.17307632107617 131.01190217922593,31.221044015656386,158.18931903965947 131.0119049591817,31.221041779301554,158.2045409669763 131.01190773860048,31.22103954336336,158.21874611523464 131.0119105174927,31.22103730785137,158.23193856719857 131.01191329586905,31.221035072775088,158.2441224612784 131.0119160737402,31.22103283814392,158.2553019885522 131.01191885111703,31.221030603967144,158.2654813708974 131.01192162801055,31.221028370253947,158.27466487192785 131.0119244044318,31.22102613701336,158.2828567681685 131.0119271803919,31.2210239042542,158.2900613609847 131.01192995590193,31.221021671985127,158.2962829497467 131.0119327309731,31.22101944021464,158.30152583083708 131.01193550561646,31.22101720895096,158.30579428572307 131.01193827984315,31.22101497820209,158.30909258195368 131.01194105366417,31.2210127479758,158.31142495328044 131.0119438270904,31.22101051827958,158.31279559767063 131.0119466001327,31.22100828912066,158.31320865842335 131.01194937280175,31.221006060505964,158.31266824007503 131.01195214510813,31.22100383244212,158.3111783696342 131.01195491706213,31.221001604935463,158.3087430085114 131.0119576886739,31.220999377992,158.30536604456844 131.01196045995337,31.22099715161739,158.30105127323392 131.0119632309102,31.220994925816985,158.29580239949243 131.0119660015538,31.22099270059577,158.2896230309273 131.0119687718933,31.220990475958388,158.28251666380615 131.0119715419374,31.22098825190914,158.2744866791074 131.01197431169467,31.220986028451943,158.2655363435127 131.01197708117317,31.22098380559036,158.2556687954945 131.01197985038067,31.2209815833276,158.2448870363692 131.01198261932447,31.22097936166648,158.233193937258 131.01198538801157,31.22097714060945,158.22059222516953 131.01198815644844,31.220974920158618,158.20708447405707 131.0119909246412,31.220972700315706,158.19267310879388 131.0119936925954,31.22097048108205,158.1773603992098 131.01199646031623,31.22096826245863,158.16114845810486 131.0119992278084,31.22096604444608,158.14403922335745 131.012001995076,31.22096382704465,158.12603447681076 131.01200476212273,31.22096161025425,158.1071358243931 131.01200752895173,31.22095939407444,158.08734469810733 131.01201029556563,31.22095717850441,158.06666236596908 131.01201306196648,31.220954963543047,158.0450899021898 131.01201582815585,31.220952749188896,158.0226282189829 131.01201859413473,31.220950535440185,157.99927804072064 131.0120213599035,31.220948322294817,157.97503991785007 131.01202412546215,31.220946109750383,157.94991421397123 131.01202689080992,31.22094389780421,157.9239011207467 131.01202965594555,31.22094168645334,157.89700064498052 131.0120324208673,31.220939475694504,157.8692126165681 131.0120351855728,31.220937265524206,157.84053668849802 131.01203795005915,31.220935055938696,157.81097233883847 131.0120407143228,31.220932846934,157.7805188697434 131.01204347835977,31.220930638505887,157.74917541242132 131.01204624216552,31.220928430649977,157.71694092813013 131.01204900573487,31.22092622336161,157.68381421811492 131.0120517690623,31.22092401663604,157.64979390671115 131.01205453214163,31.220921810468287,157.61487847513862 131.01205729496607,31.22091960485325,157.57906623863877 131.01206005752863,31.22091739978569,157.54235536436667 131.01206281982152,31.22091519526025,157.50474387238407 131.0120655818367,31.220912991271447,157.46622964062746 131.0120683435656,31.220910787813736,157.42681041286036 131.0120711049991,31.22090858488149,157.38648379568994 131.01207386612788,31.220906382469007,157.34524727446953 131.01207662694196,31.220904180570567,157.30309821230466 131.01207938743116,31.220901979180404,157.26003385800203 131.0120821475848,31.220899778292743,157.21605135799817 131.0120849073919,31.22089757790184,157.17114774840638 131.0120876668412,31.22089537800192,157.1253199758877 131.01209042592103,31.22089317858728,157.07856489765135 131.01209318461952,31.220890979652253,157.0308792943745 131.0120959429244,31.220888781191235,156.98225986821345 131.01209870082337,31.2208865831987,156.93270326069452 131.01210145830368,31.220884385669223,156.88220604475987 131.0121042153525,31.220882188597454,156.83076475259926 131.0121069719569,31.220879991978176,156.77837586769593 131.01210972810367,31.22087779580632,156.72503584072902 131.01211248377956,31.22087560007692,156.67074109156144 131.01211523897115,31.220873404785188,156.61548801818313 131.01211799366513,31.22087120992648,156.55927301360828 131.01212074784792,31.22086901549636,156.50209245991016 131.01212350150607,31.220866821490528,156.44394274213565 131.0121262546261,31.220864627904927,156.3848202592374 131.01212900719472,31.22086243473564,156.32472142904308 131.0121317591984,31.220860241979,156.26364269222992 131.01213451062398,31.220858049631552,156.20158052922147 131.01213726145835,31.220855857690044,156.1385314591914 131.01214001168856,31.220853666151463,156.07449204901044 131.01214276130173,31.220851475013035,156.0094589261643 131.01214551028536,31.22084928427219,155.943428778755 131.01214825862712,31.22084709392664,155.8763983654382 131.01215100631487,31.22084490397432,155.80836452536224 131.0121537533369,31.22084271441337,155.7393241801557 131.01215649968168,31.220840525242245,155.6692743418776 131.01215924533807,31.220838336459604,155.5982121219631 131.0121619902954,31.22083614806435,155.5261347342035 131.01216473454323,31.22083396005564,155.45303949971645 131.0121674780716,31.22083177243288,155.3789238578791 131.01217022087104,31.22082958519569,155.30378536433724 131.01217296293248,31.220827398343967,155.22762170591716 131.01217570424734,31.22082521187781,155.15043069565365 131.0121784448076,31.220823025797536,155.07221028173498 131.01218118460568,31.22082084010373,154.9929585534673 131.0121839236346,31.22081865479716,154.91267374027913 131.012186661888,31.22081646987881,154.8313542196735 131.01218939935993,31.22081428534988,154.74899852219713 131.0121921360452,31.22081210121175,154.66560532845816 131.0121948719392,31.22080991746599,154.5811734800595 131.0121976070379,31.220807734114373,154.49570196667796 131.0122003413379,31.22080555115881,154.40918994991785 131.0122030748365,31.220803368601416,154.32163674840237 131.01220580753164,31.220801186444408,154.23304184274335 131.012208539422,31.220799004690186,154.14340488448693 131.01221127050675,31.220796823341256,154.05272568418528 131.01221400078597,31.22079464240025,153.9610042203436 131.0122167302602,31.22079246186992,153.8682406384256 131.01221945893093,31.22079028175309,153.77443525085354 131.01222218680007,31.22078810205272,153.67958852706988 131.01222491387048,31.22078592277179,153.58370111043348 131.0122276401455,31.22078374391336,153.48677380430567 131.01223036562928,31.220781565480564,153.38880756608648 131.0122330903266,31.220779387476536,153.28980352212395 131.01223581424293,31.220777209904483,153.18976294286642 131.01223853738446,31.220775032767577,153.08868726472997 131.01224125975796,31.22077285606904,152.98657807121333 131.0122439813709,31.22077067981205,152.88343708594118 131.0122467022314,31.2207685039998,152.77926618558584 131.01224942234816,31.220766328635417,152.67406738495887 131.01225214173047,31.220764153722023,152.5678428280658 131.0122548603884,31.220761979262665,152.460594800035 131.0122575783323,31.220759805260325,152.35232570525028 131.01226029557333,31.220757631717923,152.2430380743104 131.01226301212304,31.2207554586383,152.13273455011372 131.0122657279935,31.220753286024216,152.02141788785957 131.01226844319748,31.220751113878286,151.90909095107264 131.01227115774788,31.220748942203084,151.79575669967696 131.01227387165827,31.220746771001025,151.6814181840325 131.01227658494258,31.220744600274408,151.56607854195445 131.01227929761512,31.22074243002542,151.4497409987139 131.01228200969058,31.22074026025611,151.33240884119664 131.01228472118393,31.22073809096836,151.21408543778156 131.01228743211044,31.22073592216393,151.09477419957926 131.0122901424857,31.22073375384444,150.9744786022982 131.01229285232552,31.220731586011343,150.85320216537403 131.01229556164583,31.220729418665936,150.73094844401749 131.01229827046285,31.220727251809343,150.60772102524066 131.01230097879278,31.22072508544256,150.48352351990528 131.01230368665207,31.2207229195664,150.3583595498034 131.01230639405713,31.220720754181496,150.232232755608 131.01230910102444,31.220718589288364,150.10514677202715 131.01231180757043,31.220716424887296,149.97710522879737 131.0123145137115,31.220714260978458,149.8481117387574 131.0123172194639,31.220712097561847,149.71816989884323 131.01231992484395,31.22070993463729,149.5872832741854 131.0123226298676,31.220707772204488,149.4554553951275 131.01232533455075,31.22070561026293,149.32268974530055 131.01232803890892,31.220703448812007,149.18898976261656 131.01233074295746,31.220701287850936,149.05435882535474 131.01233344671147,31.2206991273788,148.91880024619792 131.01233615018555,31.220696967394545,148.78231726825737 131.01233885339414,31.220694807896965,148.6449130551342 131.01234155635112,31.220692648884743,148.5065906879378 131.01234425906992,31.220690490356446,148.3673531573355 131.01234696156357,31.220688332310512,148.22720335559967 131.0123496638446,31.22068617474527,148.0861440746232 131.01235236592495,31.220684017658968,147.94417799796489 131.01235506781606,31.220681861049727,147.80130769091323 131.0123577695287,31.220679704915607,147.65753560744236 131.01236047107304,31.220677549254564,147.5128640753047 131.0123631724587,31.220675394064507,147.3672952940423 131.01236587369442,31.220673239343263,147.2208313290242 131.01236857478847,31.22067108508861,147.07347410945744 131.0123712757483,31.22066893129829,146.92522542640063 131.0123739765806,31.22066677797001,146.77608692878806 131.01237667729137,31.220664625101417,146.62606011348936 131.01237937788576,31.22066247269017,146.4751463282927 131.01238207836815,31.220660320733927,146.32334677289765 131.01238477874213,31.22065816923031,146.17066248897615 131.01238747901047,31.22065601817697,146.0170943641483 131.0123901791752,31.220653867571595,145.86264312601847 131.01239287923727,31.22065171741185,145.70730934515683 131.01239557919712,31.22064956769549,145.5510934331114 131.01239827905405,31.22064741842029,145.3939956384322 131.0124009788066,31.220645269584047,145.2360160526338 131.01240367845253,31.22064312118468,145.07715460622092 131.01240637798864,31.22064097322013,144.9174110706743 131.01240907741095,31.22063882568847,144.75678505944535 131.01241177671469,31.220636678587823,144.59527602397918 131.0124144758941,31.220634531916414,144.4328832696181 131.01241717494264,31.220632385672577,144.26960594168537 131.01241987385305,31.220630239854763,144.1054430364183 131.01242257261703,31.22062809446156,143.94039340295575 131.01242527122585,31.220625949491644,143.77445574532564 131.01242796966963,31.22062380494388,143.6076286194613 131.0124306679379,31.22062166081721,143.43991045208773 131.01243336601948,31.220619517110805,143.27129953177447 131.01243606390236,31.220617373823902,143.10179401589224 131.01243876157392,31.22061523095596,142.9313919395589 131.0124414590208,31.220613088506564,142.7600912166317 131.0124441562291,31.220610946475503,142.58788964666525 131.0124468531841,31.22060880486272,142.4147849129211 131.01244954987072,31.22060666366829,142.24077460423655 131.01245224627317,31.220604522892568,142.0658562070702 131.01245494237517,31.220602382536004,141.89002711345358 131.01245763815996,31.22060024259928,141.71328463291786 131.0124603336103,31.220598103083223,141.53562599746283 131.0124630287086,31.22059596398891,141.3570483605621 131.01246572343675,31.220593825317543,141.1775488160471 131.0124684177764,31.220591687070527,140.99712439711325 131.01247111170886,31.22058954924948,140.8157720882459 131.01247380521517,31.220587411856147,140.6334888262135 131.01247649827613,31.220585274892528,140.45027151497635 131.0124791908724,31.220583138360745,140.2661170306563 131.01248188298445,31.22058100226312,140.0810222215344 131.0124845745927,31.22057886660213,139.8949839319067 131.0124872656775,31.22057673138045,139.70799899413075 131.01248995621916,31.220574596600912,139.52006424552292 131.01249264619804,31.220572462266468,139.33117653332718 131.01249533559462,31.22057032838028,139.14133271670218 131.01249802438943,31.2205681949456,138.95052969057582 131.0125007125633,31.220566061965847,138.7587643717288 131.01250340009716,31.220563929444573,138.56603372265013 131.01250608697217,31.22056179738542,138.3723347565042 131.01250877316994,31.22055966579217,138.17766453812663 131.01251145867224,31.22055753466869,137.98202019396152 131.01251414346143,31.22055540401896,137.78539892398976 131.0125168275202,31.220553273847,137.587798001727 131.0125195108317,31.22055114415696,137.3892147831704 131.01252219337968,31.220549014953,137.1896467187252 131.01252487514836,31.220546886239354,136.98909135320366 131.0125275561226,31.220544758020303,136.78754632681995 131.01253023628792,31.220542630300127,136.58500940103175 131.0125329156305,31.220540503083125,136.38147844064895 131.01253559413715,31.220538376373582,136.17695143868315 131.01253827179568,31.2205362501758,135.97142650441913 131.01254094859436,31.22053412449404,135.7649018813061 131.01254362452244,31.220531999332493,135.55737594894583 131.01254629957003,31.22052987469535,135.34884721613471 131.0125489737281,31.220527750586708,135.13931434571325 131.01255164698838,31.22052562701058,134.92877613369183 131.01255431934376,31.220523503970888,134.7172315370825 131.01255699078783,31.22052138147148,134.50467965302613 131.01255966131532,31.220519259516013,134.29111974165227 131.01256233092187,31.220517138108075,134.07655121514796 131.0125649996041,31.220515017251085,133.86097364570733 131.0125676673597,31.22051289694829,133.64438676553365 131.01257033418733,31.2205107772028,133.426790461869 131.0125730000867,31.22050865801753,133.20818478991566 131.0125756650585,31.220506539395167,132.98856996289828 131.01257832910463,31.22050442133825,132.7679463530564 131.01258099222784,31.220502303849088,132.54631450059313 131.01258365443204,31.220500186929737,132.32367509478686 131.0125863157221,31.22049807058204,132.1000289918862 131.01258897610398,31.2204959548076,131.87537720318107 131.01259163558464,31.220493839607755,131.64972089301645 131.012594294172,31.220491724983585,131.42306137879203 131.01259695187508,31.22048961093593,131.19540012798197 131.0125996087038,31.22048749746533,130.96673875415854 131.01260226466908,31.22048538457208,130.73707901102964 131.01260491978272,31.220483272256143,130.50642279343353 131.01260757405748,31.22048116051728,130.27477213236955 131.01261022750697,31.220479049354847,130.04212918406444 131.01261288014572,31.22047693876804,129.8084962379267 131.01261553198904,31.22047482875565,129.57387569666562 131.012618183053,31.220472719316287,129.33827008026964 131.01262083335445,31.220470610448192,129.1016820180548 131.01262348291098,31.220468502149348,128.86411424071355 131.01262613174083,31.220466394417464,128.6255695753461 131.0126287798629,31.220464287249968,128.386050938503 131.01263142729655,31.220462180644,128.1455613361862 131.01263407406185,31.22046007459642,127.90410383999416 131.0126367201793,31.220457969103865,127.66168160203264 131.0126393656698,31.22045586416269,127.41829782807837 131.01264201055463,31.22045375976902,127.173955780561 131.0126446548556,31.22045165591872,126.92865877061271 131.01264729859443,31.220449552607462,126.68241014514685 131.0126499417935,31.220447449830672,126.43521328487124 131.01265258447503,31.22044534758362,126.18707158639704 131.0126552266615,31.22044324586131,125.93798847317278 131.01265786837547,31.22044114465864,125.6879673676549 131.01266050963943,31.22043904397029,125.43701169130676 131.01266315047584,31.22043694379086,125.18512485764344 131.01266579090702,31.22043484411476,124.93231026328456 131.0126684309552,31.22043274493629,124.6785712770226 131.01267107064228,31.22043064624969,124.42391123684052 131.01267370998988,31.220428548049085,124.16833343202158 131.01267634901933,31.220426450328524,123.91184111706498 131.0126789877515,31.220424353082027,123.65443747490905 131.0126816262068,31.2204222563036,123.39612562786596 131.01268426440507,31.22042015998717,123.13690862966942 131.01268690236577,31.2204180641268,122.8767894495724 131.0126895401075,31.220415968716427,122.61577097035892 131.0126921776482,31.22041387375016,122.35385598436832 131.01269481500523,31.22041177922207,122.091047183556 131.01269745219503,31.22040968512636,121.82734714855908 131.0127000892333,31.220407591457352,121.56275835068608 131.01270272613473,31.22040549820944,121.297283141976 131.0127053629132,31.2204034053772,121.03092375022833 131.01270799958155,31.22040131295532,120.76368227105186 131.0127106361518,31.22039922093869,120.49556066488276 131.01271327263464,31.220397129322407,120.226560754996 131.01271590903983,31.22039503810172,119.95668422352976 131.01271854537612,31.220392947272128,119.68593259856353 131.01272118165093,31.22039085682939,119.41430726206912 131.01272381787066,31.22038876676952,119.14180944196022 131.01272645404043,31.220386677088754,118.86844020115588 131.0127290901642,31.220384587783688,118.59420045149804 131.0127317262447,31.22038249885114,118.31909094281684 131.01273436228345,31.220380410288296,118.04311225795968 131.01273699828064,31.22037832209262,117.76626481776132 131.01273963423526,31.220376234261952,117.48854887905524 131.01274227014505,31.22037414679445,117.20996453069736 131.0127449060064,31.220372059688657,116.93051170151764 131.01274754181455,31.22036997294344,116.65019015037868 131.0127501775635,31.220367886558044,116.36899948108643 131.0127528132458,31.22036580053212,116.0869391314544 131.01275544885303,31.22036371486567,115.80400837429772 131.01275808437535,31.220361629559108,115.52020633432974 131.01276071980183,31.220359544613235,115.23553197921689 131.01276335512037,31.22035746002925,114.94998412056984 131.01276599031766,31.22035537580872,114.663561431836 131.01276862537932,31.220353291953625,114.37626243637052 131.01277126028987,31.22035120846635,114.08808552135176 131.01277389503278,31.22034912534967,113.79902893877392 131.01277652959052,31.22034704260675,113.50909081041652 131.01277916305838,31.22034496113752,113.21835755898007 131.01278179544198,31.220342880920075,112.92682505414264 131.0127844263486,31.220340802335134,112.63452874399596 131.0127870554492,31.220338725698312,112.34149774933464 131.01278968241468,31.220336651324867,112.0477612307826 131.01279230691603,31.220334579529496,111.7533483738838 131.01279492862474,31.220332510626086,111.45828838313956 131.01279754721295,31.220330444927487,111.1626104730641 131.01280016235384,31.220328382745336,110.86634385426828 131.01280277372177,31.220326324389845,110.56951773346243 131.01280538099283,31.220324270169574,110.27216129158712 131.01280798384477,31.220322220391207,109.97430369276196 131.01281058195747,31.220320175359365,109.67597405943452 131.01281317501324,31.220318135376367,109.37720147735288 131.0128157626969,31.22031610074206,109.07801498264227 131.01281834469634,31.22031407175364,108.77844354093352 131.01282092070247,31.22031204870539,108.47851606127792 131.01282349040957,31.220310031888555,108.1782613762696 131.01282605351577,31.2203080215911,107.87770823409188 131.0128286097228,31.22030601809752,107.57688529056723 131.01283115873676,31.220304021688715,107.27582110418696 131.01283370026792,31.22030203264181,106.97454411921332 131.01283623403114,31.220300051229984,106.67308266667432 131.012838759746,31.22029807772225,106.37146495541796 131.01284127713714,31.22029611238337,106.0697190512374 131.0128437859341,31.22029415547365,105.76787288283585 131.01284628587203,31.22029220724884,105.46595422095282 131.0128487766912,31.22029026796005,105.16399068035176 131.01285125813763,31.22028833785352,104.86200969596392 131.01285372996318,31.22028641717053,104.5600385288528 131.0128561919255,31.22028450614728,104.25810424533942 131.01285864378815,31.22028260501484,103.95623370706228 131.01286108532096,31.220280713999006,103.65445356998369 131.0128635162998,31.220278833320265,103.35279026450868 131.01286593650696,31.22027696319361,103.0512699934974 131.0128683457309,31.220275103828524,102.7499187084082 131.0128707437667,31.22027325542889,102.44876211923734 131.01287313041576,31.220271418193057,102.14782566271084 131.0128755054859,31.22026959231361,101.8471345092418 131.0128778687917,31.22026777797744,101.54671353907312 131.01288022015405,31.220265975365614,101.24658734227816 131.0128825594005,31.22026418465344,100.94678019490244 131.0128848863652,31.220262406010423,100.647316071887 131.0128872008887,31.220260639600248,100.34821860929324 131.01288950281807,31.22025888558077,100.04951110927358 131.01289179200705,31.22025714410395,99.75121653708824 131.0128940683155,31.22025541531593,99.45335749227804 131.0128963316099,31.22025369935709,99.15595621065152 131.01289858176312,31.22025199636201,98.85903455633172 131.01290081865403,31.22025030645948,98.56261401280942 131.01290304216795,31.22024862977256,98.26671566604344 131.01290525219625,31.22024696641853,97.9713602044598 131.01290744863627,31.220245316509164,97.67656790801637 131.01290963139152,31.220243680150524,97.38235864422516 131.01291180037109,31.220242057443183,97.08875184926583 131.01291395549003,31.22024044848219,96.79576653991124 131.01291609666904,31.220238853357063,96.50342128867683 131.01291822383436,31.2202372721521,96.21173423475274 131.01292033691763,31.22023570494623,95.9207230601461 131.01292243585593,31.220234151813195,95.63040500160795 131.01292452059147,31.2202326128216,95.3407968406916 131.0129265910717,31.220231088034804,95.05191489579852 131.0129286472489,31.220229577511425,94.76377501820136 131.01293068908043,31.220228081305063,94.4763925960176 131.01293271652813,31.22022659946457,94.18978255122684 131.0129347295587,31.22022513203408,93.9039593297282 131.0129367281433,31.22022367905293,93.61893690432068 131.01293871225738,31.22022224055613,93.33472878066632 131.0129406818808,31.22022081657418,93.05134798436563 131.0129426369974,31.22021940713329,92.76880706791408 131.0129445775951,31.220218012255376,92.48711811865246 131.01294650366592,31.22021663195815,92.2062927408732 131.01294841520524,31.22021526625538,91.9263420776868 131.01295031221252,31.220213915156865,91.64727679511532 131.01295219469043,31.220212578668576,91.36910709898964 131.0129540626453,31.22021125679277,91.09184273196558 131.01295591608664,31.22020994952789,90.8154929765038 131.0129577550272,31.22020865686901,90.54006665884452 131.0129595794828,31.22020737880771,90.26557214801136 131.01296138947228,31.22020611533223,89.9920173766848 131.01296318501724,31.2202048664276,89.7194098282774 131.0129649661422,31.220203632075567,89.44775654687278 131.0129667328742,31.220202412254928,89.1770641501464 131.01296848524296,31.22020120694153,88.90733882638118 131.01297022328055,31.22020001610836,88.63858634540077 131.01297194702153,31.22019883972564,88.37081206353761 131.0129736565026,31.22019767776084,88.10402092661396 131.01297535176272,31.22019653017889,87.8382174888264 131.01297703284297,31.220195396942263,87.5734059028039 131.01297869978637,31.22019427801103,87.3095899414755 131.01298035263787,31.220193173342928,87.04677299707366 131.01298199144435,31.220192082893423,86.78495809107461 131.01298361625436,31.22019100661583,86.52414788612433 131.01298522711815,31.22018994446147,86.2643446810667 131.0129868240876,31.22018889637966,86.00555044076381 131.01298840721614,31.220187862317832,85.74776678217762 131.01298997655863,31.22018684222152,85.49099499027353 131.01299153217138,31.220185836034503,85.2352360388935 131.012993074112,31.220184843698984,84.98049057286235 131.01299460243936,31.220183865155512,84.72675894575968 131.0129961176015,31.22018289995358,84.47398608897744 131.01299761962915,31.220181948061576,84.22217573358817 131.01299910873283,31.22018100926717,83.9713059784877 131.01300058508798,31.22018008339286,83.72135961020608 131.0130020488666,31.22017917026464,83.4723197144231 131.01300350023675,31.220178269712115,83.22416970181321 131.01300493936276,31.220177381568472,82.97689328319663 131.01300636640548,31.220176505670224,82.73047448246258 131.013007781522,31.220175641857388,82.48489762364902 131.0130091848662,31.220174789973225,82.2401473100686 131.01301057658853,31.220173949864176,81.99620844220284 131.01301195683612,31.220173121379847,81.75306618291219 131.01301332575312,31.220172304372674,81.51070597334241 131.01301468348043,31.22017149869824,81.26911350906755 131.0130160301561,31.22017070421488,81.02827473512252 131.0130173659153,31.2201699207838,80.78817586389562 131.01301869089008,31.220169148268965,80.54880334033886 131.01302000521,31.220168386536866,80.31014384892694 131.01302130900183,31.220167635456704,80.07218431564705 131.01302260238967,31.22016689490022,79.83491188612983 131.01302388549516,31.22016616474162,79.59831394056255 131.01302515843733,31.220165444857525,79.36237806883724 131.01302642133285,31.22016473512685,79.12709207850531 131.01302767429607,31.22016403543084,78.89244399080185 131.01302891743893,31.220163345653013,78.65842202275329 131.01303015087123,31.22016266567908,78.4250146010957 131.01303137470052,31.22016199539684,78.19221034835776 131.01303258903215,31.220161334696183,77.95999807491076 131.01303379396967,31.22016068346902,77.72836678592681 131.01303498961423,31.220160041609283,77.49730566746243 131.01303617606536,31.22015940901284,77.26680409242496 131.01303735342032,31.220158785577432,77.03685160665503 131.0130385217748,31.22015817120268,76.80743793489313 131.01303968122255,31.220157565789886,76.57855297083884 131.0130408318555,31.220156969242275,76.3501867741693 131.01304197376393,31.2201563814647,76.12232957551049 131.0130431070363,31.220155802363767,75.89497176252131 131.01304423175964,31.22015523184768,75.66810388685188 131.01304534801915,31.220154669826147,75.44171664923422 131.01304645589855,31.220154116210608,75.21580090644049 131.01304755548009,31.220153570913947,74.99034767028989 131.01304864684445,31.22015303385059,74.76534809671459 131.0130497300709,31.220152504936426,74.54079348675428 131.01305080523727,31.220151984088663,74.31667528059246 131.01305187242008,31.22015147122603,74.09298506352118 131.0130529316944,31.22015096626858,73.86971455997744 131.01305398313403,31.22015046913771,73.64685562658488 131.01305502681151,31.22014997975615,73.42440025513692 131.01305606279817,31.220149498047807,73.2023405646447 131.01305709116397,31.22014902393789,72.98066880531334 131.01305811197787,31.22014855735288,72.75937735456675 131.0130591253075,31.2201480982204,72.53845871406561 131.01306013121956,31.22014764646929,72.3179055107019 131.01306112977943,31.22014720202941,72.0977104816885 131.01306212105155,31.220146764831824,71.87786649245227 131.01306310509935,31.220146334808685,71.65836652570097 131.01306408198502,31.22014591189324,71.43920366949341 131.01306505176998,31.220145496019743,71.22037113513399 131.0130660145146,31.220145087123456,71.00186223927989 131.0130669702783,31.22014468514062,70.78367040791684 131.0130679191195,31.22014429000852,70.56578917437267 131.01306886109583,31.22014390166538,70.34821218329289 131.01306979626395,31.22014352005037,70.13093317871301 131.01307072467972,31.220143145103503,69.91394600604605 131.01307164639812,31.22014277676576,69.69724461506658 131.0130725614733,31.22014241497898,69.48082305096285 131.01307346995867,31.22014205968585,69.26467546626701 131.01307437190678,31.22014171082996,69.04879610196777 131.01307526736943,31.22014136835561,68.83317929049294 131.01307615639777,31.22014103220797,68.61781946664453 131.01307703904203,31.220140702332976,68.40271115567032 131.01307791535203,31.220140378677407,68.18784896630535 131.01307878537656,31.220140061188744,67.97322760866605 131.01307964916387,31.220139749815143,67.75884186840402 131.01308050676175,31.22013944450556,67.54468662658823 131.013081358217,31.220139145209657,67.33075684578843 131.013082203576,31.220138851877778,67.11704757504505 131.01308304288446,31.220138564461006,66.90355394291171 131.0130838761875,31.22013828291092,66.69027116640162 131.01308470352967,31.2201380071799,66.47719453210094 131.0130855249549,31.22013773722093,66.26431941605023 131.0130863405066,31.22013747298762,66.05164126684514 131.0130871502276,31.220137214434217,65.83915561458416 131.01308795416023,31.22013696151544,65.62685805595679 131.01308875234636,31.220136714186744,65.41474427313199 131.01308954482718,31.22013647240408,65.20281001586456 131.01309033164347,31.22013623612402,64.99105110845397 131.01309111283564,31.22013600530364,64.77946344477444 131.01309188844348,31.22013577990052,64.56804299026315 131.0130926585063,31.22013555987284,64.35678577893827 131.01309342306303,31.220135345179287,64.14568791439324 131.01309418215217,31.22013513577905,63.934745568802725 131.0130949358118,31.220134931631804,63.723954973976426 131.01309568407945,31.22013473269765,63.5133124362704 131.01309642699235,31.2201345389373,63.30281431769945 131.01309716458735,31.22013435031185,63.09245705084914 131.01309789690083,31.22013416678289,62.882237126946144 131.01309862396877,31.220133988312377,62.67215109884152 131.01309934582684,31.220133814862795,62.46219557902236 131.01310006251035,31.22013364639703,62.25236724458215 131.01310077405418,31.220133482878424,62.04266282529257 131.01310148049288,31.220133324270687,61.83307911752022 131.0131021818607,31.220133170537903,61.623612959375215 131.0131028781915,31.22013302164463,61.41426126351554 131.01310356951885,31.2201328775558,61.20502098334913 131.01310425587596,31.220132738236725,60.99588913887938 131.01310493729576,31.22013260365304,60.786862791853935 131.01310561381086,31.220132473770786,60.57793906664031 131.01310628545357,31.22013234855637,60.3691151353144 131.01310695225587,31.22013222797657,60.1603882216378 131.01310761424952,31.22013211199849,59.95175560304562 131.0131082714659,31.22013200058952,59.74321459871733 131.0131089239363,31.22013189371744,59.534762587471086 131.0131095716915,31.220131791350365,59.32639698887606 131.01311021476212,31.220131693456736,59.11811527518108 131.01311085317857,31.22013160000525,58.90991496137482 131.01311148697098,31.220131510964915,58.70179361114958 131.0131121161692,31.22013142630509,58.49374883292561 131.01311274080285,31.22013134599545,58.28577827587471 131.0131133609013,31.220131270005915,58.07787964184961 131.0131139764937,31.220131198306607,57.87005067146653 131.01311458760898,31.22013113086808,57.662289144105536 131.01311519427583,31.22013106766108,57.45459288884541 131.01311579652275,31.2201310086567,57.24695977054711 131.01311639437793,31.220130953826107,57.03938769879981 131.01311698786952,31.22013090314092,56.83187461599272 131.01311757702527,31.220130856572936,56.62441851520849 131.0131181618728,31.220130814094244,56.41701741934727 131.01311874243967,31.22013077567708,56.20966939305629 131.01311931875298,31.22013074129399,56.00237253775926 131.01311989083987,31.220130710917765,55.79512499265057 131.01312045872714,31.22013068452144,55.58792493568959 131.01312102244148,31.22013066207817,55.38077057365973 131.01312158200935,31.22013064356144,55.17366015409801 131.01312213745717,31.22013062894492,54.96659196131812 131.01312268881097,31.22013061820253,54.75956430547618 131.0131232360967,31.220130611308324,54.55257554145823 131.01312377934016,31.22013060823659,54.34562404800438 131.01312431856704,31.220130608961863,54.13870823864415 131.0131248538027,31.220130613458856,53.931826561696056 131.01312538507247,31.22013062170248,53.72497749430414 131.01312591240156,31.22013063366776,53.518159544424975 131.01312643581485,31.22013064933003,53.311371254805294 131.0131269553372,31.220130668664783,53.10461119105194 131.01312747099325,31.22013069164764,52.89787795455574 131.01312798280753,31.220130718254413,52.691170168574544 131.01312849080446,31.22013074846113,52.48448649612631 131.0131289950082,31.22013078224401,52.27782561215484 131.01312949544285,31.22013081957937,52.07118623434689 131.01312999213235,31.22013086044372,51.86456709728586 131.01313048510056,31.22013090481376,51.65796696935109 131.01313097437102,31.220130952666377,51.45138463780683 131.01313145996735,31.220131003978537,51.244818921725496 131.01313194191292,31.22013105872739,51.03826866403504 131.0131324202309,31.220131116890304,50.83173272455992 131.0131328949445,31.22013117844476,50.62520999990389 131.0131333660767,31.220131243368343,50.41869940257321 131.01313383365033,31.220131311638816,50.21219987290648 131.01313429768814,31.22013138323415,50.00571036615104 131.01313475821274,31.220131458132407,49.799229872345165 131.0131352152466,31.22013153631174,49.59275739146583 131.01313566881203,31.220131617750503,49.38629195331033 131.01313611893138,31.22013170242722,49.17983260954409 131.01313656562667,31.22013179032049,48.97337842773548 131.01313700891987,31.220131881409017,48.766928496326976 131.01313744883296,31.220131975671706,48.56048193059949 131.0131378853876,31.2201320730876,48.35403785776101 131.01313831860543,31.220132173635804,48.14759543185807 131.01313874850797,31.22013227729555,47.941153816876216 131.01313917511663,31.22013238404629,47.73471220264576 131.0131395984527,31.22013249386753,47.52826980086501 131.0131400185373,31.220132606738844,47.321825828200986 131.0131404353915,31.220132722640017,47.11537953114221 131.0131408490363,31.220132841550942,46.90893016810415 131.0131412594924,31.2201329634516,46.70247701937102 131.01314166678063,31.22013308832204,46.49601937516633 131.01314207092156,31.22013321614252,46.289556543605606 131.01314247193562,31.2201333468934,46.08308785864959 131.01314286984322,31.220133480555063,45.87661265226905 131.01314326466462,31.220133617108072,45.67013028625648 131.01314365641997,31.220133756533105,45.4636401333377 131.0131440451293,31.22013389881096,45.25714158015485 131.0131444308126,31.220134043922407,45.05063403024816 131.01314481348967,31.220134191848526,44.84411689411515 131.01314519318012,31.2201343425704,44.637589608098814 131.0131455699037,31.22013449606912,44.4310516125172 131.01314594367983,31.22013465232605,44.22450236558088 131.0131463145279,31.220134811322605,44.017941337428496 131.0131466824672,31.22013497304021,43.81136801211473 131.01314704751687,31.22013513746048,43.60478188264023 131.013147409696,31.22013530456512,43.398182456915855 131.01314776902353,31.22013547433593,43.1915692627337 131.0131481255183,31.220135646754727,42.984941821919854 131.0131484791991,31.22013582180356,42.77829968015792 131.01314883008445,31.22013599946451,42.57164240003031 131.01314917819292,31.22013617971968,42.36496953815387 131.01314952354295,31.22013636255136,42.15828067798503 131.0131498661528,31.22013654794197,41.95157540198534 131.01315020604068,31.22013673587385,41.74485331050936 131.01315054322464,31.220136926329616,41.53811401186347 131.01315087772272,31.22013711929192,41.33135712230614 131.01315120955277,31.22013731474341,41.12458227002401 131.0131515387325,31.22013751266693,40.91778909314432 131.0131518652796,31.22013771304543,40.71097723675191 131.0131521892116,31.22013791586184,40.5041463598486 131.01315251054595,31.22013812109924,40.297296122429245 131.0131528293,31.22013832874085,40.09042619840574 131.01315314549092,31.22013853876988,39.88353627063598 131.01315345913582,31.22013875116965,39.67662602893611 131.0131537702517,31.220138965923656,39.46969517107439 131.01315407885545,31.22013918301537,39.26274340475938 131.01315438496388,31.22013940242836,39.05577043968729 131.01315468859363,31.220139624146377,38.84877599947128 131.01315498976126,31.220139848153128,38.64175981468263 131.0131552884832,31.22014007443248,38.434721616886 131.01315558477583,31.220140302968407,38.22766115156319 131.01315587865537,31.220140533744864,38.02057816817173 131.0131561701379,31.220140766745978,37.81347242412161 131.01315645923947,31.22014100195596,37.60634368179267 131.01315674597595,31.220141239359016,37.39919170952905 131.01315703036315,31.22014147893953,37.19201628362728 131.01315731241672,31.220141720681976,36.98481718833612 131.01315759215228,31.220141964570743,36.77759420790404 131.01315786958517,31.220142210590524,36.57034713652003 131.01315814473088,31.220142458725963,36.36307577632554 131.01315841760453,31.22014270896176,36.15577992946175 131.01315868822127,31.2201429612828,35.948459407016216 131.0131589565961,31.220143215673986,35.7411140250468 131.01315922274395,31.22014347212024,35.53374360358727 131.01315948667957,31.220143730606736,35.32634796664755 131.01315974841762,31.22014399111853,35.118926947184235 131.0131600079727,31.22014425364087,34.91148038014177 131.0131602653592,31.220144518159103,34.704008102452384 131.01316052059147,31.2201447846585,34.496509964965746 131.0131607736838,31.220145053124625,34.28898580958384 131.01316102465023,31.220145323542948,34.08143549312042 131.0131612735048,31.22014559589908,33.873858873382844 131.01316152026135,31.22014587017876,33.66625581215463 131.01316176493364,31.22014614636766,33.458626171219024 131.0131620075354,31.220146424451684,33.25096982329426 131.0131622480801,31.22014670441672,33.04328664209237 131.01316248658128,31.220146986248725,32.83557650132526 131.01316272305215,31.22014726993384,32.627839287627886 131.013162957506,31.220147555458087,32.42007487769396 131.01316318995586,31.220147842807776,32.21228316412272 131.01316342041477,31.220148131969136,32.004464035536714 131.0131636488956,31.220148422928524,31.79661738751709 131.01316387541107,31.220148715672423,31.58874311663888 131.01316409997386,31.220149010187257,31.380841118482703 131.0131643225965,31.220149306459664,31.172911307517552 131.01316454329148,31.22014960447624,30.96495357932349 131.013164762071,31.220149904223728,30.756967849363072 131.01316497894734,31.22015020568893,30.548954028128 131.0131651939326,31.22015050885868,30.34091202909208 131.01316540703868,31.22015081371996,30.132841771693748 131.01316561827753,31.220151120259672,29.92474317537127 131.0131658276609,31.220151428465,29.7166161635391 131.01316603520044,31.220151738322983,29.50846065961167 131.0131662409077,31.22015204982092,29.30027659197376 131.01316644479408,31.22015236294602,29.09206388801588 131.01316664687093,31.220152677685665,28.883822485069803 131.01316684714945,31.22015299402725,28.675552315496272 131.01316704564078,31.220153311958267,28.46725331364432 131.0131672423559,31.22015363146628,28.25892541982745 131.01316743730567,31.22015395253884,28.050568578335685 131.01316763050093,31.22015427516371,27.842182727494045 131.01316782195235,31.22015459932855,27.633767814574654 131.01316801167047,31.22015492502128,27.42532378486111 131.01316819966578,31.22015525222962,27.216850589601847 131.01316838594866,31.220155580941665,27.00834817706265 131.01316857052933,31.22015591114528,26.79981650246823 131.01316875341797,31.22015624282863,26.59125552004892 131.0131689346246,31.22015657597975,26.382665182046743 131.01316911415924,31.22015691058692,26.17404545263321 131.0131692920317,31.220157246638284,25.9653962860384 131.01316946825168,31.220157584122248,25.756717647427827 131.01316964282887,31.220157923027063,25.54800949699605 131.0131698157728,31.22015826334128,25.33927180189673 131.01316998709297,31.220158605053246,25.13050452530664 131.01317015679862,31.220158948151617,24.92170763636747 131.0131703248991,31.22015929262489,24.71288110720321 131.01317049140354,31.220159638461794,24.5040249019846 131.01317065632097,31.22015998565098,24.295138998800287 131.0131708196604,31.220160334181223,24.08622336977396 131.01317098143065,31.220160684041343,23.87727799001172 131.01317114164047,31.220161035220183,23.668302834619563 131.01317130029864,31.220161387706696,23.459297883674104 131.01317145741368,31.2201617414898,23.25026311526367 131.01317161299403,31.22016209655858,23.041198510458848 131.01317176704828,31.220162452902034,22.83210404933616 131.01317191958455,31.22016281050932,22.62297971694268 131.01317207061123,31.220163169369563,22.41382550130784 131.0131722201364,31.220163529472,22.20464138151385 131.01317236816809,31.22016389080589,21.995427350560725 131.0131725147143,31.22016425336048,21.78618339349549 131.01317265978295,31.22016461712516,21.57690950232388 131.01317280338185,31.22016498208928,21.36760566805767 131.01317294551873,31.22016534824227,21.15827188170845 131.01317308620116,31.22016571557363,20.94890813528202 131.0131732254368,31.22016608407279,20.739514425754805 131.01317336323316,31.22016645372932,20.53009075209151 131.01317349959754,31.22016682453282,20.320637106297784 131.0131736345374,31.22016719647284,20.11115348733832 131.01317376805997,31.22016756953907,19.90163989815432 131.01317390017235,31.22016794372117,19.692096338704555 131.01317403088183,31.220168319008813,19.482522807953607 131.01317416019543,31.22016869539178,19.27291931182512 131.01317428812,31.22016907285982,19.06328585524849 131.0131744146626,31.22016945140268,18.85362244017076 131.01317453983006,31.2201698310102,18.643929078480376 131.01317466362912,31.220170211672247,18.434205773118485 131.01317478606654,31.22017059337863,18.22445253597355 131.0131749071489,31.22017097611924,18.01466937694577 131.013175026883,31.22017135988397,17.804856309911834 131.01317514527523,31.22017174466277,17.59501334377782 131.01317526233214,31.22017213044552,17.3851404924205 131.01317537806008,31.22017251722216,17.175237773693233 131.01317549246556,31.22017290498267,16.965305200478713 131.01317560555484,31.220173293717025,16.7553427926186 131.0131757173342,31.220173683415144,16.545350569954675 131.0131758278099,31.22017407406701,16.33532854835205 131.0131759369881,31.220174465662616,16.12527675063496 131.01317604487497,31.22017485819193,15.915195200621795 131.01317615147656,31.220175251644967,15.705083919148557 131.01317625679897,31.22017564601167,15.494942932022008 131.0131763608482,31.220176041281977,15.284772263060564 131.01317646363023,31.220176437445872,15.074571943041905 131.013176565151,31.22017683449329,14.864341996778691 131.0131766654164,31.22017723241419,14.654082454054436 131.01317676443236,31.220177631198467,14.443793345646828 131.0131768622047,31.220178030836028,14.23347470432196 131.01317695873922,31.22017843131676,14.0231265628459 131.01317705404168,31.22017883263052,13.81274895398482 131.0131771481179,31.22017923476712,13.602341915475677 131.01317724097365,31.220179637716367,13.391905480084736 131.0131773326146,31.220180041468,13.181439688531531 131.01317742304647,31.22018044601175,12.970944582529842 131.01317751227495,31.2201808513373,12.760420196834394 131.01317760030577,31.22018125743427,12.549866577135685 131.01317768714452,31.220181664292248,12.339283764153542 131.01317777279695,31.22018207190076,12.128671801590263 131.01317785726863,31.22018248024927,11.918030735136597 131.01317794056527,31.220182889327184,11.707360613465765 131.01317802269247,31.22018329912386,11.496661480280371 131.01317810365595,31.22018370962856,11.285933390218752 131.01317818346132,31.22018412083049,11.075176386983598 131.01317826211425,31.220184532718783,10.864390526207623 131.01317833962042,31.22018494528244,10.65357586352362 131.01317841598552,31.22018535851037,10.442732446611142 131.01317849121523,31.220185772391456,10.231860334085654 131.01317856531523,31.22018618691441,10.020959582574363 131.01317863829135,31.22018660206788,9.810030247710383 131.0131787101494,31.220187017840285,9.599072389103636 131.013178780895,31.22018743422006,9.38808607232908 131.0131788505341,31.22018785119544,9.17707135500848 131.01317891907257,31.22018826875449,8.966028298740323 131.0131789865162,31.22018868688518,8.754956970094069 131.01317905287107,31.220189105575244,8.543857433650935 131.01317911814314,31.220189524812312,8.332729754986433 131.01317918233843,31.22018994458379,8.121574004646977 131.01317924546308,31.220190364876903,7.910390251190805 131.0131793075232,31.220190785678664,7.6991785651645746 131.0131793685251,31.22019120697588,7.48793901612092 131.01317942847504,31.220191628755085,7.276671680571747 131.01317948736536,31.22019205104668,7.065376836844372 131.01317954520283,31.22019247383603,6.854054551509623 131.01317960198787,31.22019289712819,6.642704981607435 131.01317965772188,31.22019332092498,6.431328272248055 131.01317971240638,31.220193745228286,6.21992456357115 131.0131797660428,31.220194170039928,6.00849400168166 131.0131798186326,31.22019459536177,5.797036723737271 131.0131798701773,31.220195021195668,5.58555287584345 131.01317992067837,31.22019544754341,5.37404259615256 131.01317997013734,31.22019587440685,5.162506028782246 131.0131800185557,31.220196301787805,4.950943311885407 131.013180065935,31.22019672968804,4.739354588586017 131.0131801122768,31.220197158109368,4.527739996043313 131.0131801575826,31.220197587053526,4.316099682352678 131.0131802018541,31.22019801652228,4.104433778708801 131.0131802450928,31.22019844651733,3.892742432213407 131.0131802873004,31.2201988770404,3.681025780026751 131.0131803284785,31.220199308093136,3.469283963286036 131.01318036862884,31.22019973967721,3.257517122134536 131.01318040775303,31.220200171794247,3.0457253967158 131.01318044585287,31.220200604445825,2.8339089251852703 131.01318048293012,31.220201037633498,2.622067855640413 131.01318051898653,31.22020147135881,2.41020231927796 131.0131805540239,31.220201905623217,2.198312461213354 131.0131805880441,31.22020234042821,1.986398420597256 131.01318062104895,31.2202027757752,1.7744603365805691 131.01318065304048,31.220203211665545,1.5624983542795263 131.0131806840205,31.2202036481006,1.3505126088688435 131.0131807139911,31.22020408508164,1.1385032484478026 131.0131807429542,31.22020452260991,0.9264704081916358 131.01318077091193,31.22020496068664,0.7144142272525408 131.01318078804408,31.22020515307653,0.5433431509945805 131.01318075037915,31.22020553133932,0.4201372549197656 131.01318080039678,31.220205812668265,0.2925652420780571 131.01318078182112,31.22020610970156,0.188211297690022 131.01318084194514,31.22020641267324,0.0948746535418353 131.01318082292028,31.220206657015154,0.008714598544725</coordinates>
            </LineString>
        </Placemark>
        <Placemark id="1715">
            <name>flight_path</name>
            <styleUrl>#1716</styleUrl>
            <LineString id="1714">
                <altitudeMode>clampToGround</altitudeMode>
                <coordinates>131.010392,31.222216000000007,0.0 131.0103920000045,31.222215999991075,0.0 131.0103920000085,31.222215999994766,0.0 131.0103920000085,31.222215999994766,0.0 131.01039200000852,31.222215999994766,0.0 131.01039201539675,31.22221599246117,0.0 131.0103920617776,31.22221596990869,0.0 131.01039213193175,31.22221593580231,0.0 131.01039220552698,31.222215900001803,0.0 131.0103923261533,31.222215841380503,0.0 131.01039241011944,31.222215800500727,0.0 131.01039255023213,31.22221573238213,0.0 131.0103926908424,31.222215663995925,0.0 131.01039284206664,31.22221559043897,0.0 131.01039301222698,31.2222155076778,0.0 131.01039319835945,31.22221541714896,0.0 131.01039339622227,31.222215320908244,0.0 131.0103936086097,31.222215217601374,0.0 131.01039382835415,31.2222151107022,0.0 131.0103940692252,31.222214993537087,0.0 131.0103943154942,31.22221487372917,0.0 131.0103945800907,31.22221474501192,0.0 131.01039485370347,31.222214611898128,0.0 131.01039513986652,31.222214472675024,0.0 131.01039544418495,31.22221432462593,0.0 131.01039575462735,31.22221417358214,0.0 131.01039608061367,31.222214014978025,0.0 131.01039641907315,31.22221385030192,0.0 131.01039677261693,31.22221367828824,0.0 131.01039713608534,31.22221350143773,0.0 131.010397517966,31.22221331563664,0.0 131.01039790540767,31.22221312711366,0.0 131.01039830590005,31.22221293223868,0.0 131.01039871921526,31.222212731122088,0.0 131.01039914602634,31.222212523437697,0.0 131.0103995843797,31.222212310132328,0.0 131.01040002919007,31.222212093670787,0.0 131.010400488852,31.222211869984235,0.0 131.01040096154043,31.222211639957216,0.0 131.01040144391652,31.222211405208075,0.0 131.01040193996343,31.222211163806087,0.0 131.01040244347448,31.22221091875968,0.0 131.01040295825328,31.222210668225145,0.0 131.01040348638034,31.22221041119396,0.0 131.01040402793237,31.222210147628825,0.0 131.0104045774418,31.22220988018005,0.0 131.0104051377902,31.2222096074508,0.0 131.01040571307726,31.222209327453587,0.0 131.01040630329675,31.222209040191352,0.0 131.01040689520636,31.22220875208352,0.0 131.01040750096558,31.22220845723537,0.0 131.0104081214021,31.222208155245536,0.0 131.01040875222748,31.222207848192888,0.0 131.01040938861175,31.222207538419,0.0 131.0104100415545,31.222207220590928,0.0 131.01041070492113,31.22220689768276,0.0 131.0104113765162,31.222206570758807,0.0 131.01041206185752,31.222206239855776,0.0 131.01041275501964,31.222205904666936,0.0 131.01041345934192,31.22220556521332,0.0 131.01041418127923,31.222205217973244,0.0 131.01041490744623,31.222204869490795,0.0 131.01041564442866,31.222204516546714,0.0 131.010416395785,31.22220415738297,0.0 131.0104171631468,31.2222037911664,0.0 131.0104179277481,31.222203427148884,0.0 131.01041870641475,31.222203056989745,0.0 131.0104195067521,31.222202676815183,0.0 131.01042031037215,31.222202295801736,0.0 131.010421119996,31.222201912595576,0.0 131.0104219460951,31.222201521810337,0.0 131.01042278584436,31.222201124794005,0.0 131.0104236315526,31.22220072549225,0.0 131.01042448587353,31.22220032250592,0.0 131.01042535550968,31.2221999122096,0.0 131.01042624082865,31.22219949427523,0.0 131.0104271253068,31.222199077589885,0.0 131.01042802747082,31.22219865203052,0.0 131.01042893980463,31.22219822157735,0.0 131.01042986122107,31.222197786781525,0.0 131.0104307897386,31.222197348715216,0.0 131.0104317374037,31.222196900344883,0.0 131.01043269419583,31.22219644731332,0.0 131.01043365372365,31.22219599339267,0.0 131.01043463146303,31.22219552926437,0.0 131.0104356240128,31.222195056729035,0.0 131.01043661573527,31.222194585350305,0.0 131.01043762341504,31.2221941046778,0.0 131.01043864485135,31.222193615838144,0.0 131.01043967437505,31.22219312234348,0.0 131.01044071283152,31.222192623592605,0.0 131.01044176474312,31.222192116463773,0.0 131.01044282914816,31.222191601407896,0.0 131.01044389824648,31.22219108363304,0.0 131.0104449837115,31.22219055500854,0.0 131.0104460832139,31.222190016890863,0.0 131.01044718607056,31.2221894767678,0.0 131.01044830903055,31.222188922509083,0.0 131.01044944101596,31.22218836190145,0.0 131.0104505760555,31.222187799362143,0.0 131.01045173218395,31.222187221242127,0.0 131.0104528989992,31.22218663510824,0.0 131.01045407542827,31.22218604172037,0.0 131.01045526646035,31.222185437045017,0.0 131.0104564647886,31.22218482668905,0.0 131.01045767170672,31.222184209558545,0.0 131.01045890098243,31.222183574246447,0.0 131.01046012713775,31.22218294148028,0.0 131.01046137628768,31.22218228956089,0.0 131.0104626388242,31.2221816261694,0.0 131.01046390391812,31.22218096049139,0.0 131.010465182243,31.22218028331376,0.0 131.0104664909393,31.222179579316588,0.0 131.0104677984138,31.222178876052475,0.0 131.01046910645638,31.22217817217031,0.0 131.01047045221637,31.222177433960063,0.0 131.01047178737753,31.22217670495881,0.0 131.01047314035057,31.222175959313933,0.0 131.01047453472935,31.222175174601908,0.0 131.01047589573503,31.222174420693936,0.0 131.01047729821394,31.222173627241936,0.0 131.01047872327248,31.22217281146033,0.0 131.0104801210622,31.222172021433806,0.0 131.0104815726301,31.2221711786797,0.0 131.01048301567005,31.222170343454863,0.0 131.01048446149196,31.222169504958263,0.0 131.01048595476763,31.22216861851313,0.0 131.0104874300445,31.222167749232234,0.0 131.01048891907328,31.22216686547973,0.0 131.01049044931835,31.22216593898494,0.0 131.01049195663472,31.2221650350272,0.0 131.0104934957589,31.22216409762535,0.0 131.01049505217054,31.22216314134963,0.0 131.0104965935531,31.222162199838216,0.0 131.0104981869625,31.22216120299449,0.0 131.01049976199772,31.222160224401595,0.0 131.01050135140508,31.22215922976529,0.0 131.01050298761035,31.222158184375704,0.0 131.01050459573557,31.22215716782319,0.0 131.01050623318943,31.222156118959823,0.0 131.01050790217823,31.22215503507119,0.0 131.0105095470499,31.222153976091324,0.0 131.0105112385778,31.222152865622785,0.0 131.0105129213675,31.222151763469505,0.0 131.0105146118437,31.22215065190531,0.0 131.01051635517967,31.2221494815493,0.0 131.01051806749967,31.22214834390608,0.0 131.0105198052609,31.222147177357343,0.0 131.01052158889004,31.22214595932765,0.0 131.01052332979165,31.222144787065044,0.0 131.01052513036734,31.22214354811336,0.0 131.01052692895036,31.222142310179663,0.0 131.0105287196054,31.222141079869665,0.0 131.01053057038396,31.22213978222572,0.0 131.01053239156423,31.22213851606168,0.0 131.0105342412371,31.222137217432586,0.0 131.01053611879922,31.222135887018457,0.0 131.0105379740147,31.222134580125346,0.0 131.01053988108376,31.222133215183884,0.0 131.01054177356178,31.222131865252933,0.0 131.01054367436257,31.222130505172675,0.0 131.01054562419523,31.2221290904536,0.0 131.01054754592133,31.22212770552573,0.0 131.01054949688407,31.22212628775173,0.0 131.01055146909377,31.222124846003144,0.0 131.01055342588367,31.2221234201342,0.0 131.0105554405674,31.222121930783985,0.0 131.0105574255118,31.222120472805265,0.0 131.01055943265217,31.222118990122063,0.0 131.01056149107498,31.222117451830684,0.0 131.010563500975,31.22211596476848,0.0 131.01056557382628,31.222114409987896,0.0 131.01056762904983,31.22211287343256,0.0 131.01056969642073,31.222111323457792,0.0 131.01057180601003,31.222109728677488,0.0 131.01057388570945,31.22210816482329,0.0 131.01057601577887,31.222106548049982,0.0 131.01057813661896,31.222104940646272,0.0 131.0105802601175,31.22210333016363,0.0 131.0105824336884,31.222101668104514,0.0 131.0105845718244,31.22210004219321,0.0 131.010586758893,31.22209836636425,0.0 131.0105889378972,31.22209669878032,0.0 131.01059112392906,31.22209502409812,0.0 131.0105933551017,31.22209330443148,0.0 131.0105955502435,31.22209162082722,0.0 131.01059780239285,31.22208988096627,0.0 131.01060003158818,31.222088164088,0.0 131.01060227987864,31.222086428763205,0.0 131.01060456287766,31.22208466017441,0.0 131.01060681433287,31.22208292259048,0.0 131.01060912012787,31.22208113318543,0.0 131.01061140564045,31.222079363881463,0.0 131.0106137075987,31.222077579468937,0.0 131.01061604651673,31.222075760862595,0.0 131.01061835003858,31.22207397634928,0.0 131.0106207115439,31.222072138264213,0.0 131.01062305211332,31.22207032065955,0.0 131.01062540713983,31.22206849045694,0.0 131.01062778649356,31.22206663878554,0.0 131.010630145299,31.22206480698035,0.0 131.01063255618527,31.222062928546645,0.0 131.0106349401274,31.222061075804287,0.0 131.01063734987628,31.22205920066657,0.0 131.01063977209938,31.222057315426124,0.0 131.01064217824867,31.222055445810383,0.0 131.0106446440865,31.222053523751743,0.0 131.01064706690985,31.222051641504727,0.0 131.0106495339786,31.22204972085957,0.0 131.01065199574452,31.222047806226616,0.0 131.0106544551223,31.222045894938777,0.0 131.01065695703028,31.22204394707667,0.0 131.01065942713237,31.22204202874554,0.0 131.0106619436101,31.22204007045912,0.0 131.0106644427953,31.22203812878032,0.0 131.0106669534888,31.22203617810303,0.0 131.01066949129722,31.222034204547548,0.0 131.0106720023437,31.22203225598009,0.0 131.01067456971916,31.22203025843009,0.0 131.0106771056413,31.22202829004584,0.0 131.01067967731376,31.222026290844408,0.0 131.01068224002452,31.22202430072041,0.0 131.0106848034352,31.22202231102751,0.0 131.0106874005128,31.222020291992976,0.0 131.01068997132091,31.22201829760669,0.0 131.01069259884557,31.22201625269101,0.0 131.01069519477807,31.222014237284675,0.0 131.0106978143964,31.222012201083714,0.0 131.01070044914383,31.222010151668098,0.0 131.0107030615458,31.22200812351983,0.0 131.01070571824593,31.222006054967338,0.0 131.0107083674789,31.222003993775644,0.0 131.0107110039753,31.2220019450253,0.0 131.01071366798206,31.221999870849697,0.0 131.0107163499477,31.22199777989726,0.0 131.01071902108396,31.22199569943192,0.0 131.0107216929507,31.22199361852629,0.0 131.01072438712913,31.221991516289776,0.0 131.01072708582106,31.221989409632894,0.0 131.0107297832222,31.221987304179383,0.0 131.01073248394235,31.221985195403608,0.0 131.01073519851755,31.221983072824607,0.0 131.01073791527293,31.22198094778466,0.0 131.01074063376842,31.221978820690925,0.0 131.01074335829327,31.22197668719128,0.0 131.01074608783188,31.221974548185127,0.0 131.01074882011875,31.22197240586893,0.0 131.0107515554062,31.22197025992185,0.0 131.01075429696067,31.22196810693812,0.0 131.01075704355617,31.221965948068533,0.0 131.01075979452554,31.221963783923627,0.0 131.01076254748284,31.22196161690092,0.0 131.01076530236716,31.22195944701696,0.0 131.0107680661851,31.221957266925248,0.0 131.01077083086145,31.22195508495429,0.0 131.01077360089863,31.22195289636973,0.0 131.01077637470638,31.22195070277828,0.0 131.01077915394626,31.2219485023871,0.0 131.01078193403447,31.221946299992293,0.0 131.01078471943288,31.22194409085287,0.0 131.0107875094787,31.22194187562851,0.0 131.01079030117026,31.221939657485446,0.0 131.01079309889167,31.221937431744102,0.0 131.0107959026251,31.221935198397663,0.0 131.01079870562003,31.221932964642964,0.0 131.0108015152989,31.22193072255581,0.0 131.01080432744155,31.22192847664075,0.0 131.01080714248826,31.221926226436143,0.0 131.01080996118708,31.22192397115249,0.0 131.01081278467575,31.22192170958786,0.0 131.01081561117408,31.221919443667343,0.0 131.01081844204407,31.221917171960083,0.0 131.01082127522423,31.22191489669843,0.0 131.01082411186272,31.221912616689423,0.0 131.01082694999488,31.221910334065107,0.0 131.01082979189255,31.22190804644661,0.0 131.0108326384563,31.221905752927874,0.0 131.01083548723534,31.22190345616163,0.0 131.01083833906912,31.221901155307297,0.0 131.0108411938344,31.221898850551696,0.0 131.0108440482551,31.221896545401066,0.0 131.0108469071527,31.22189423484127,0.0 131.01084976633763,31.22189192333637,0.0 131.01085263080952,31.221889605722115,0.0 131.0108554952263,31.221887287642247,0.0 131.01085836535816,31.221884963165326,0.0 131.01086123525815,31.221882638529955,0.0 131.01086410681123,31.221880311842583,0.0 131.0108669825447,31.22187798058652,0.0 131.01086985992984,31.221875647436537,0.0 131.01087273718832,31.221873314265373,0.0 131.0108756191761,31.22187097621037,0.0 131.01087850157904,31.22186863772728,0.0 131.0108813874479,31.221866295804567,0.0 131.01088427410315,31.221863953211862,0.0 131.0108871615612,31.22186160999143,0.0 131.01089005088087,31.22185926515712,0.0 131.01089294206704,31.221856918778823,0.0 131.01089583414137,31.221854571889445,0.0 131.01089872739283,31.22185222426438,0.0 131.01090162066683,31.22184987709371,0.0 131.01090451725867,31.221847527223066,0.0 131.01090741283778,31.22184517892781,0.0 131.0109103113714,31.221842828410107,0.0 131.01091321062384,31.221840477891966,0.0 131.01091610812898,31.22183812978096,0.0 131.01091900847047,31.2218357797234,0.0 131.01092190859347,31.22183343069319,0.0 131.01092480739612,31.22183108376655,0.0 131.01092770883463,31.22182873522005,0.0 131.01093060822487,31.22182638952869,0.0 131.01093350900692,31.22182404346009,0.0 131.01093641247058,31.22182169583357,0.0 131.0109393132942,31.22181935167584,0.0 131.01094221411307,31.22181700851717,0.0 131.0109451149555,31.22181466634683,0.0 131.01094801772754,31.221812323391674,0.0 131.010950919569,31.22180998233364,0.0 131.01095382089477,31.22180764278268,0.0 131.0109567235598,31.221805303004498,0.0 131.0109596253274,31.22180296508201,0.0 131.01096252611404,31.221800629082527,0.0 131.01096542953078,31.22179829162044,0.0 131.0109683295592,31.221795958301257,0.0 131.01097123401252,31.22179362180036,0.0 131.01097413621002,31.221791288342065,0.0 131.0109770392412,31.22178895500876,0.0 131.01097994232828,31.221786622498257,0.0 131.0109828467878,31.22178428953844,0.0 131.01098575096202,31.22178195765212,0.0 131.0109886547488,31.2217796269003,0.0 131.0109915584494,31.221777296958404,0.0 131.01099446323255,31.22177496667217,0.0 131.01099736611962,31.22177263882786,0.0 131.01100027034823,31.22177031029639,0.0 131.01100317411283,31.22176798274801,0.0 131.01100607743268,31.22176565611791,0.0 131.0110089803984,31.22176333026882,0.0 131.0110118854746,31.22176100276146,0.0 131.01101478776607,31.22175867828293,0.0 131.0110176919029,31.2217563522868,0.0 131.01102059756116,31.221754025014675,0.0 131.01102350225187,31.2217516988482,0.0 131.01102640752438,31.22174937221565,0.0 131.0110293134491,31.221747044984816,0.0 131.011032220608,31.221744716516376,0.0 131.01103512478684,31.22174239095295,0.0 131.01103803004085,31.221740064203967,0.0 131.01104093573926,31.22173773683172,0.0 131.01104384066974,31.221735410003426,0.0 131.01104674766748,31.221733080801457,0.0 131.01104965245068,31.221730753510936,0.0 131.0110525563915,31.221728426704164,0.0 131.01105546440712,31.221726095296955,0.0 131.01105837235608,31.22172376346424,0.0 131.01106127839702,31.22172143307152,0.0 131.01106418642513,31.22171910006276,0.0 131.01106709487055,31.22171676600652,0.0 131.01107000412364,31.22171443045864,0.0 131.0110729143846,31.22171209317037,0.0 131.0110758253836,31.22170975438616,0.0 131.01107873519643,31.221707416091338,0.0 131.0110816455372,31.22170507646237,0.0 131.0110845561874,31.22170273569745,0.0 131.0110874657108,31.22170039528784,0.0 131.01109037528545,31.221698053971263,0.0 131.0110932900224,31.22169570630865,0.0 131.0110962007924,31.22169336195673,0.0 131.01109911256742,31.221691015638378,0.0 131.01110202623047,31.22168866639572,0.0 131.01110493923042,31.221686316934765,0.0 131.01110785229017,31.221683966483777,0.0 131.011110763925,31.221681616625023,0.0 131.01111367646664,31.221679264871543,0.0 131.01111659040257,31.22167691070412,0.0 131.01111950215383,31.221674557952515,0.0 131.01112241475553,31.221672203384564,0.0 131.01112532959175,31.22166984553303,0.0 131.01112824480614,31.221667486395585,0.0 131.01113115767131,31.221665128900128,0.0 131.01113407078105,31.221662770296515,0.0 131.01113698636553,31.221660408231283,0.0 131.0111399024802,31.221658044803483,0.0 131.01114281829115,31.22165568092566,0.0 131.01114573355983,31.22165331687721,0.0 131.01114865009615,31.22165095076801,0.0 131.01115156436498,31.22164858637709,0.0 131.01115448147252,31.221646218334087,0.0 131.0111573984536,31.22164384981516,0.0 131.0111603166922,31.22164147939715,0.0 131.01116323379273,31.22163910963883,0.0 131.01116614979497,31.2216367405308,0.0 131.01116906768485,31.221634368988983,0.0 131.0111719864831,31.2216319960893,0.0 131.01117490750468,31.221629620508644,0.0 131.01117782663744,31.221627246565472,0.0 131.01118074576476,31.22162487233937,0.0 131.01118366869403,31.22162249395004,0.0 131.0111865889789,31.2216201180984,0.0 131.01118951185697,31.221617739432425,0.0 131.01119243453752,31.22161536087175,0.0 131.0111953548024,31.22161298471765,0.0 131.0111982757313,31.221610607868616,0.0 131.01120119590072,31.22160823182304,0.0 131.0112041155391,31.221605856390138,0.0 131.01120703464227,31.221603481616416,0.0 131.01120995320613,31.221601107547592,0.0 131.01121287122643,31.22159873422857,0.0 131.01121578869905,31.221596361703337,0.0 131.01121870561985,31.221593990014743,0.0 131.0112216219846,31.221591619204485,0.0 131.01122453778925,31.221589249312952,0.0 131.0112274530297,31.221586880379128,0.0 131.01123036770187,31.221584512440497,0.0 131.0112332818019,31.22158214553293,0.0 131.0112361953258,31.22157977969067,0.0 131.0112391082697,31.221577414946125,0.0 131.0112420206299,31.221575051329896,0.0 131.01124493240272,31.22157268887068,0.0 131.01124784358453,31.22157032759516,0.0 131.01125075417187,31.22156796752801,0.0 131.01125366416136,31.221565608691844,0.0 131.01125657354967,31.221563251107103,0.0 131.01125948233363,31.221560894792123,0.0 131.01126239051024,31.22155853976301,0.0 131.01126529807644,31.22155618603363,0.0 131.01126820502938,31.221553833615687,0.0 131.01127111136643,31.22155148251857,0.0 131.0112740170849,31.22154913274944,0.0 131.01127692218228,31.221546784313222,0.0 131.01127982665628,31.221544437212582,0.0 131.01128273050455,31.221542091448004,0.0 131.01128563372504,31.22153974701772,0.0 131.01128853631567,31.221537403917846,0.0 131.01129143827464,31.22153506214233,0.0 131.0112943396001,31.221532721682983,0.0 131.0112972402904,31.22153038252962,0.0 131.01130014034413,31.22152804467,0.0 131.01130303975975,31.221525708089967,0.0 131.01130593853608,31.221523372773497,0.0 131.01130883667184,31.22152103870267,0.0 131.01131173416607,31.22151870585789,0.0 131.0113146310178,31.22151637421783,0.0 131.0113175272262,31.2215140437596,0.0 131.01132042279056,31.22151171445876,0.0 131.01132331771024,31.22150938628944,0.0 131.0113262119848,31.221507059224432,0.0 131.01132910561375,31.22150473323527,0.0 131.01133199859683,31.221502408292327,0.0 131.01133489093388,31.221500084364926,0.0 131.01133778262465,31.221497761421404,0.0 131.01134067366922,31.22149543942921,0.0 131.01134356406757,31.221493118355085,0.0 131.01134645381984,31.22149079816504,0.0 131.01134934292622,31.221488478824536,0.0 131.01135223138695,31.2214861602986,0.0 131.01135511920245,31.221483842551844,0.0 131.01135800637297,31.22148152554868,0.0 131.01136089289906,31.22147920925332,0.0 131.01136377878112,31.221476893629923,0.0 131.01136666401973,31.22147457864272,0.0 131.01136954861548,31.22147226425605,0.0 131.0113724325689,31.22146995043452,0.0 131.01137531588068,31.221467637143004,0.0 131.01137819855148,31.22146532434685,0.0 131.01138108058197,31.22146301201189,0.0 131.0113839619729,31.221460700104583,0.0 131.011386842725,31.22145838859204,0.0 131.01138972283894,31.22145607744212,0.0 131.01139260231562,31.221453766623554,0.0 131.01139548115566,31.22145145610597,0.0 131.01139835936,31.221449145860007,0.0 131.01140123692937,31.22144683585732,0.0 131.01140411386464,31.22144452607068,0.0 131.01140699016662,31.221442216474017,0.0 131.0114098658362,31.221439907042527,0.0 131.01141274087422,31.221437597752644,0.0 131.01141561528163,31.221435288582143,0.0 131.0114184890593,31.22143297951016,0.0 131.01142136220835,31.22143067051724,0.0 131.01142423472965,31.22142836158532,0.0 131.01142710662427,31.221426052697872,0.0 131.0114299778933,31.2214237438398,0.0 131.0114328485379,31.221421434997524,0.0 131.01143571855923,31.221419126158995,0.0 131.01143858795865,31.22141681731369,0.0 131.01144145673734,31.22141450845261,0.0 131.0114443248968,31.22141219956832,0.0 131.01144719243845,31.221409890654904,0.0 131.0114500593639,31.22140758170796,0.0 131.0114529256748,31.22140527272465,0.0 131.01145579137287,31.221402963703603,0.0 131.01145865646,31.22140065464495,0.0 131.01146152093816,31.221398345550288,0.0 131.0114643848094,31.22139603642264,0.0 131.01146724807592,31.22139372726645,0.0 131.01147011074,31.22139141808752,0.0 131.01147297280414,31.221389108893028,0.0 131.01147583427084,31.221386799691395,0.0 131.01147869514284,31.221384490492344,0.0 131.01148155542293,31.221382181306804,0.0 131.01148441511407,31.22137987214687,0.0 131.01148727421943,31.221377563025737,0.0 131.01149013274215,31.22137525395772,0.0 131.0114929906856,31.22137294495808,0.0 131.01149584805336,31.221370636043098,0.0 131.011498704849,31.22136832722992,0.0 131.01150156107624,31.221366018536543,0.0 131.0115044167391,31.221363709981787,0.0 131.01150727184148,31.221361401585146,0.0 131.01151012638755,31.22135909336681,0.0 131.0115129803816,31.22135678534756,0.0 131.01151583382796,31.22135447754873,0.0 131.0115186867311,31.22135216999212,0.0 131.01152153909567,31.22134986269996,0.0 131.01152439092627,31.221347555694823,0.0 131.01152724222763,31.2213452489996,0.0 131.0115300930047,31.22134294263738,0.0 131.01153294326224,31.22134063663145,0.0 131.01153579300535,31.2213383310052,0.0 131.01153864223895,31.22133602578204,0.0 131.0115414909682,31.221333720985427,0.0 131.0115443391981,31.22133141663869,0.0 131.0115471869339,31.22132911276509,0.0 131.0115500341807,31.221326809387666,0.0 131.0115528809436,31.22132450652922,0.0 131.0115557272278,31.22132220421229,0.0 131.0115585730384,31.22131990245908,0.0 131.01156141838044,31.221317601291343,0.0 131.01156426325903,31.22131530073048,0.0 131.01156710767916,31.22131300079733,0.0 131.01156995164573,31.221310701512245,0.0 131.01157279516357,31.221308402894994,0.0 131.0115756382375,31.22130610496475,0.0 131.01157848087217,31.22130380774,0.0 131.01158132307205,31.22130151123856,0.0 131.01158416484165,31.22129921547752,0.0 131.0115870061852,31.221296920473225,0.0 131.01158984710688,31.221294626241203,0.0 131.0115926876106,31.2212923327962,0.0 131.0115955277002,31.2212900401521,0.0 131.01159836737926,31.221287748321927,0.0 131.01160120665122,31.221285457317816,0.0 131.0116040455193,31.22128316715101,0.0 131.01160688398647,31.22128087783181,0.0 131.0116097220555,31.221278589369582,0.0 131.01161255972903,31.221276301772743,0.0 131.01161539700922,31.22127401504877,0.0 131.0116182338982,31.22127172920416,0.0 131.01162107039772,31.22126944424444,0.0 131.0116239065093,31.22126716017416,0.0 131.01162674223423,31.22126487699689,0.0 131.01162957757347,31.221262594715256,0.0 131.01163241252766,31.221260313330905,0.0 131.0116352470973,31.221258032844503,0.0 131.01163808128243,31.221255753255782,0.0 131.0116409150829,31.221253474563536,0.0 131.0116437484982,31.22125119676562,0.0 131.01164658152763,31.221248919858976,0.0 131.01164941417008,31.221246643839656,0.0 131.01165224642415,31.221244368702845,0.0 131.01165507828824,31.221242094442843,0.0 131.01165790976032,31.22123982105312,0.0 131.01166074083815,31.221237548526386,0.0 131.01166357151916,31.2212352768545,0.0 131.01166640180057,31.22123300602861,0.0 131.01166923167915,31.2212307360391,0.0 131.0116720611516,31.221228466875715,0.0 131.01167489021424,31.221226198527475,0.0 131.01167771886298,31.22122393098281,0.0 131.01168054709373,31.22122166422955,0.0 131.01168337490205,31.221219398254945,0.0 131.0116862022831,31.22121713304575,0.0 131.011689029232,31.22121486858821,0.0 131.01169185574355,31.221212604868125,0.0 131.01169468181237,31.221210341870894,0.0 131.01169750743284,31.221208079581555,0.0 131.01170033259913,31.22120581798479,0.0 131.01170315730522,31.221203557065014,0.0 131.0117059815449,31.221201296806388,0.0 131.0117088053119,31.221199037192832,0.0 131.01171162859967,31.221196778208142,0.0 131.0117144514016,31.22119451983596,0.0 131.0117172737108,31.22119226205984,0.0 131.01172009552047,31.22119000486329,0.0 131.0117229168236,31.22118774822981,0.0 131.01172573761306,31.22118549214292,0.0 131.01172855788175,31.221183236586207,0.0 131.01173137762237,31.22118098154339,0.0 131.01173419682766,31.221178726998296,0.0 131.01173701549033,31.22117647293493,0.0 131.0117398336031,31.22117421933754,0.0 131.01174265115847,31.221171966190607,0.0 131.01174546814937,31.221169713478886,0.0 131.01174828456837,31.221167461187427,0.0 131.0117511004082,31.22116520930168,0.0 131.0117539156618,31.22116295780739,0.0 131.01175673032196,31.22116070669078,0.0 131.01175954438168,31.221158455938472,0.0 131.01176235783413,31.22115620553753,0.0 131.0117651706724,31.221153955475486,0.0 131.01176798289,31.221151705740407,0.0 131.01177079448036,31.22114945632088,0.0 131.01177360543718,31.221147207205984,0.0 131.01177641575435,31.221144958385423,0.0 131.01177922542595,31.22114270984942,0.0 131.01178203444627,31.221140461588828,0.0 131.01178484280987,31.22113821359507,0.0 131.01178765051148,31.221135965860206,0.0 131.0117904575462,31.221133718376898,0.0 131.01179326390934,31.22113147113845,0.0 131.0117960695965,31.221129224138814,0.0 131.01179887460364,31.22112697737256,0.0 131.01180167892696,31.22112473083492,0.0 131.0118044825631,31.22112248452176,0.0 131.01180728550895,31.22112023842957,0.0 131.01181008776177,31.22111799255554,0.0 131.01181288931917,31.221115746897446,0.0 131.01181569017925,31.221113501453715,0.0 131.01181849034035,31.22111125622341,0.0 131.0118212898013,31.221109011206188,0.0 131.01182408856127,31.221106766402336,0.0 131.0118268866199,31.22110452181274,0.0 131.0118296839772,31.221102277438856,0.0 131.0118324806336,31.22110003328273,0.0 131.01183527658995,31.22109778934695,0.0 131.01183807184765,31.22109554563466,0.0 131.0118408664083,31.22109330214952,0.0 131.0118436602741,31.22109105889569,0.0 131.01184645344776,31.22108881587785,0.0 131.01184924593213,31.22108657310111,0.0 131.01185203773076,31.221084330571063,0.0 131.0118548288475,31.221082088293688,0.0 131.0118576192867,31.22107984627541,0.0 131.01186040905307,31.221077604523003,0.0 131.01186319815173,31.22107536304365,0.0 131.01186598658833,31.221073121844807,0.0 131.0118687743687,31.22107088093429,0.0 131.01187156149933,31.221068640320176,0.0 131.01187434798686,31.221066400010844,0.0 131.01187713383842,31.221064160014866,0.0 131.01187991906153,31.221061920341043,0.0 131.0118827036639,31.221059680998376,0.0 131.01188548765384,31.22105744199604,0.0 131.0118882710397,31.22105520334332,0.0 131.0118910538303,31.221052965049644,0.0 131.01189383603474,31.221050727124503,0.0 131.0118966176624,31.2210484895775,0.0 131.0118993987228,31.221046252418247,0.0 131.01190217922593,31.221044015656386,0.0 131.0119049591817,31.221041779301554,0.0 131.01190773860048,31.22103954336336,0.0 131.0119105174927,31.22103730785137,0.0 131.01191329586905,31.221035072775088,0.0 131.0119160737402,31.22103283814392,0.0 131.01191885111703,31.221030603967144,0.0 131.01192162801055,31.221028370253947,0.0 131.0119244044318,31.22102613701336,0.0 131.0119271803919,31.2210239042542,0.0 131.01192995590193,31.221021671985127,0.0 131.0119327309731,31.22101944021464,0.0 131.01193550561646,31.22101720895096,0.0 131.01193827984315,31.22101497820209,0.0 131.01194105366417,31.2210127479758,0.0 131.0119438270904,31.22101051827958,0.0 131.0119466001327,31.22100828912066,0.0 131.01194937280175,31.221006060505964,0.0 131.01195214510813,31.22100383244212,0.0 131.01195491706213,31.221001604935463,0.0 131.0119576886739,31.220999377992,0.0 131.01196045995337,31.22099715161739,0.0 131.0119632309102,31.220994925816985,0.0 131.0119660015538,31.22099270059577,0.0 131.0119687718933,31.220990475958388,0.0 131.0119715419374,31.22098825190914,0.0 131.01197431169467,31.220986028451943,0.0 131.01197708117317,31.22098380559036,0.0 131.01197985038067,31.2209815833276,0.0 131.01198261932447,31.22097936166648,0.0 131.01198538801157,31.22097714060945,0.0 131.01198815644844,31.220974920158618,0.0 131.0119909246412,31.220972700315706,0.0 131.0119936925954,31.22097048108205,0.0 131.01199646031623,31.22096826245863,0.0 131.0119992278084,31.22096604444608,0.0 131.012001995076,31.22096382704465,0.0 131.01200476212273,31.22096161025425,0.0 131.01200752895173,31.22095939407444,0.0 131.01201029556563,31.22095717850441,0.0 131.01201306196648,31.220954963543047,0.0 131.01201582815585,31.220952749188896,0.0 131.01201859413473,31.220950535440185,0.0 131.0120213599035,31.220948322294817,0.0 131.01202412546215,31.220946109750383,0.0 131.01202689080992,31.22094389780421,0.0 131.01202965594555,31.22094168645334,0.0 131.0120324208673,31.220939475694504,0.0 131.0120351855728,31.220937265524206,0.0 131.01203795005915,31.220935055938696,0.0 131.0120407143228,31.220932846934,0.0 131.01204347835977,31.220930638505887,0.0 131.01204624216552,31.220928430649977,0.0 131.01204900573487,31.22092622336161,0.0 131.0120517690623,31.22092401663604,0.0 131.01205453214163,31.220921810468287,0.0 131.01205729496607,31.22091960485325,0.0 131.01206005752863,31.22091739978569,0.0 131.01206281982152,31.22091519526025,0.0 131.0120655818367,31.220912991271447,0.0 131.0120683435656,31.220910787813736,0.0 131.0120711049991,31.22090858488149,0.0 131.01207386612788,31.220906382469007,0.0 131.01207662694196,31.220904180570567,0.0 131.01207938743116,31.220901979180404,0.0 131.0120821475848,31.220899778292743,0.0 131.0120849073919,31.22089757790184,0.0 131.0120876668412,31.22089537800192,0.0 131.01209042592103,31.22089317858728,0.0 131.01209318461952,31.220890979652253,0.0 131.0120959429244,31.220888781191235,0.0 131.01209870082337,31.2208865831987,0.0 131.01210145830368,31.220884385669223,0.0 131.0121042153525,31.220882188597454,0.0 131.0121069719569,31.220879991978176,0.0 131.01210972810367,31.22087779580632,0.0 131.01211248377956,31.22087560007692,0.0 131.01211523897115,31.220873404785188,0.0 131.01211799366513,31.22087120992648,0.0 131.01212074784792,31.22086901549636,0.0 131.01212350150607,31.220866821490528,0.0 131.0121262546261,31.220864627904927,0.0 131.01212900719472,31.22086243473564,0.0 131.0121317591984,31.220860241979,0.0 131.01213451062398,31.220858049631552,0.0 131.01213726145835,31.220855857690044,0.0 131.01214001168856,31.220853666151463,0.0 131.01214276130173,31.220851475013035,0.0 131.01214551028536,31.22084928427219,0.0 131.01214825862712,31.22084709392664,0.0 131.01215100631487,31.22084490397432,0.0 131.0121537533369,31.22084271441337,0.0 131.01215649968168,31.220840525242245,0.0 131.01215924533807,31.220838336459604,0.0 131.0121619902954,31.22083614806435,0.0 131.01216473454323,31.22083396005564,0.0 131.0121674780716,31.22083177243288,0.0 131.01217022087104,31.22082958519569,0.0 131.01217296293248,31.220827398343967,0.0 131.01217570424734,31.22082521187781,0.0 131.0121784448076,31.220823025797536,0.0 131.01218118460568,31.22082084010373,0.0 131.0121839236346,31.22081865479716,0.0 131.012186661888,31.22081646987881,0.0 131.01218939935993,31.22081428534988,0.0 131.0121921360452,31.22081210121175,0.0 131.0121948719392,31.22080991746599,0.0 131.0121976070379,31.220807734114373,0.0 131.0122003413379,31.22080555115881,0.0 131.0122030748365,31.220803368601416,0.0 131.01220580753164,31.220801186444408,0.0 131.012208539422,31.220799004690186,0.0 131.01221127050675,31.220796823341256,0.0 131.01221400078597,31.22079464240025,0.0 131.0122167302602,31.22079246186992,0.0 131.01221945893093,31.22079028175309,0.0 131.01222218680007,31.22078810205272,0.0 131.01222491387048,31.22078592277179,0.0 131.0122276401455,31.22078374391336,0.0 131.01223036562928,31.220781565480564,0.0 131.0122330903266,31.220779387476536,0.0 131.01223581424293,31.220777209904483,0.0 131.01223853738446,31.220775032767577,0.0 131.01224125975796,31.22077285606904,0.0 131.0122439813709,31.22077067981205,0.0 131.0122467022314,31.2207685039998,0.0 131.01224942234816,31.220766328635417,0.0 131.01225214173047,31.220764153722023,0.0 131.0122548603884,31.220761979262665,0.0 131.0122575783323,31.220759805260325,0.0 131.01226029557333,31.220757631717923,0.0 131.01226301212304,31.2207554586383,0.0 131.0122657279935,31.220753286024216,0.0 131.01226844319748,31.220751113878286,0.0 131.01227115774788,31.220748942203084,0.0 131.01227387165827,31.220746771001025,0.0 131.01227658494258,31.220744600274408,0.0 131.01227929761512,31.22074243002542,0.0 131.01228200969058,31.22074026025611,0.0 131.01228472118393,31.22073809096836,0.0 131.01228743211044,31.22073592216393,0.0 131.0122901424857,31.22073375384444,0.0 131.01229285232552,31.220731586011343,0.0 131.01229556164583,31.220729418665936,0.0 131.01229827046285,31.220727251809343,0.0 131.01230097879278,31.22072508544256,0.0 131.01230368665207,31.2207229195664,0.0 131.01230639405713,31.220720754181496,0.0 131.01230910102444,31.220718589288364,0.0 131.01231180757043,31.220716424887296,0.0 131.0123145137115,31.220714260978458,0.0 131.0123172194639,31.220712097561847,0.0 131.01231992484395,31.22070993463729,0.0 131.0123226298676,31.220707772204488,0.0 131.01232533455075,31.22070561026293,0.0 131.01232803890892,31.220703448812007,0.0 131.01233074295746,31.220701287850936,0.0 131.01233344671147,31.2206991273788,0.0 131.01233615018555,31.220696967394545,0.0 131.01233885339414,31.220694807896965,0.0 131.01234155635112,31.220692648884743,0.0 131.01234425906992,31.220690490356446,0.0 131.01234696156357,31.220688332310512,0.0 131.0123496638446,31.22068617474527,0.0 131.01235236592495,31.220684017658968,0.0 131.01235506781606,31.220681861049727,0.0 131.0123577695287,31.220679704915607,0.0 131.01236047107304,31.220677549254564,0.0 131.0123631724587,31.220675394064507,0.0 131.01236587369442,31.220673239343263,0.0 131.01236857478847,31.22067108508861,0.0 131.0123712757483,31.22066893129829,0.0 131.0123739765806,31.22066677797001,0.0 131.01237667729137,31.220664625101417,0.0 131.01237937788576,31.22066247269017,0.0 131.01238207836815,31.220660320733927,0.0 131.01238477874213,31.22065816923031,0.0 131.01238747901047,31.22065601817697,0.0 131.0123901791752,31.220653867571595,0.0 131.01239287923727,31.22065171741185,0.0 131.01239557919712,31.22064956769549,0.0 131.01239827905405,31.22064741842029,0.0 131.0124009788066,31.220645269584047,0.0 131.01240367845253,31.22064312118468,0.0 131.01240637798864,31.22064097322013,0.0 131.01240907741095,31.22063882568847,0.0 131.01241177671469,31.220636678587823,0.0 131.0124144758941,31.220634531916414,0.0 131.01241717494264,31.220632385672577,0.0 131.01241987385305,31.220630239854763,0.0 131.01242257261703,31.22062809446156,0.0 131.01242527122585,31.220625949491644,0.0 131.01242796966963,31.22062380494388,0.0 131.0124306679379,31.22062166081721,0.0 131.01243336601948,31.220619517110805,0.0 131.01243606390236,31.220617373823902,0.0 131.01243876157392,31.22061523095596,0.0 131.0124414590208,31.220613088506564,0.0 131.0124441562291,31.220610946475503,0.0 131.0124468531841,31.22060880486272,0.0 131.01244954987072,31.22060666366829,0.0 131.01245224627317,31.220604522892568,0.0 131.01245494237517,31.220602382536004,0.0 131.01245763815996,31.22060024259928,0.0 131.0124603336103,31.220598103083223,0.0 131.0124630287086,31.22059596398891,0.0 131.01246572343675,31.220593825317543,0.0 131.0124684177764,31.220591687070527,0.0 131.01247111170886,31.22058954924948,0.0 131.01247380521517,31.220587411856147,0.0 131.01247649827613,31.220585274892528,0.0 131.0124791908724,31.220583138360745,0.0 131.01248188298445,31.22058100226312,0.0 131.0124845745927,31.22057886660213,0.0 131.0124872656775,31.22057673138045,0.0 131.01248995621916,31.220574596600912,0.0 131.01249264619804,31.220572462266468,0.0 131.01249533559462,31.22057032838028,0.0 131.01249802438943,31.2205681949456,0.0 131.0125007125633,31.220566061965847,0.0 131.01250340009716,31.220563929444573,0.0 131.01250608697217,31.22056179738542,0.0 131.01250877316994,31.22055966579217,0.0 131.01251145867224,31.22055753466869,0.0 131.01251414346143,31.22055540401896,0.0 131.0125168275202,31.220553273847,0.0 131.0125195108317,31.22055114415696,0.0 131.01252219337968,31.220549014953,0.0 131.01252487514836,31.220546886239354,0.0 131.0125275561226,31.220544758020303,0.0 131.01253023628792,31.220542630300127,0.0 131.0125329156305,31.220540503083125,0.0 131.01253559413715,31.220538376373582,0.0 131.01253827179568,31.2205362501758,0.0 131.01254094859436,31.22053412449404,0.0 131.01254362452244,31.220531999332493,0.0 131.01254629957003,31.22052987469535,0.0 131.0125489737281,31.220527750586708,0.0 131.01255164698838,31.22052562701058,0.0 131.01255431934376,31.220523503970888,0.0 131.01255699078783,31.22052138147148,0.0 131.01255966131532,31.220519259516013,0.0 131.01256233092187,31.220517138108075,0.0 131.0125649996041,31.220515017251085,0.0 131.0125676673597,31.22051289694829,0.0 131.01257033418733,31.2205107772028,0.0 131.0125730000867,31.22050865801753,0.0 131.0125756650585,31.220506539395167,0.0 131.01257832910463,31.22050442133825,0.0 131.01258099222784,31.220502303849088,0.0 131.01258365443204,31.220500186929737,0.0 131.0125863157221,31.22049807058204,0.0 131.01258897610398,31.2204959548076,0.0 131.01259163558464,31.220493839607755,0.0 131.012594294172,31.220491724983585,0.0 131.01259695187508,31.22048961093593,0.0 131.0125996087038,31.22048749746533,0.0 131.01260226466908,31.22048538457208,0.0 131.01260491978272,31.220483272256143,0.0 131.01260757405748,31.22048116051728,0.0 131.01261022750697,31.220479049354847,0.0 131.01261288014572,31.22047693876804,0.0 131.01261553198904,31.22047482875565,0.0 131.012618183053,31.220472719316287,0.0 131.01262083335445,31.220470610448192,0.0 131.01262348291098,31.220468502149348,0.0 131.01262613174083,31.220466394417464,0.0 131.0126287798629,31.220464287249968,0.0 131.01263142729655,31.220462180644,0.0 131.01263407406185,31.22046007459642,0.0 131.0126367201793,31.220457969103865,0.0 131.0126393656698,31.22045586416269,0.0 131.01264201055463,31.22045375976902,0.0 131.0126446548556,31.22045165591872,0.0 131.01264729859443,31.220449552607462,0.0 131.0126499417935,31.220447449830672,0.0 131.01265258447503,31.22044534758362,0.0 131.0126552266615,31.22044324586131,0.0 131.01265786837547,31.22044114465864,0.0 131.01266050963943,31.22043904397029,0.0 131.01266315047584,31.22043694379086,0.0 131.01266579090702,31.22043484411476,0.0 131.0126684309552,31.22043274493629,0.0 131.01267107064228,31.22043064624969,0.0 131.01267370998988,31.220428548049085,0.0 131.01267634901933,31.220426450328524,0.0 131.0126789877515,31.220424353082027,0.0 131.0126816262068,31.2204222563036,0.0 131.01268426440507,31.22042015998717,0.0 131.01268690236577,31.2204180641268,0.0 131.0126895401075,31.220415968716427,0.0 131.0126921776482,31.22041387375016,0.0 131.01269481500523,31.22041177922207,0.0 131.01269745219503,31.22040968512636,0.0 131.0127000892333,31.220407591457352,0.0 131.01270272613473,31.22040549820944,0.0 131.0127053629132,31.2204034053772,0.0 131.01270799958155,31.22040131295532,0.0 131.0127106361518,31.22039922093869,0.0 131.01271327263464,31.220397129322407,0.0 131.01271590903983,31.22039503810172,0.0 131.01271854537612,31.220392947272128,0.0 131.01272118165093,31.22039085682939,0.0 131.01272381787066,31.22038876676952,0.0 131.01272645404043,31.220386677088754,0.0 131.0127290901642,31.220384587783688,0.0 131.0127317262447,31.22038249885114,0.0 131.01273436228345,31.220380410288296,0.0 131.01273699828064,31.22037832209262,0.0 131.01273963423526,31.220376234261952,0.0 131.01274227014505,31.22037414679445,0.0 131.0127449060064,31.220372059688657,0.0 131.01274754181455,31.22036997294344,0.0 131.0127501775635,31.220367886558044,0.0 131.0127528132458,31.22036580053212,0.0 131.01275544885303,31.22036371486567,0.0 131.01275808437535,31.220361629559108,0.0 131.01276071980183,31.220359544613235,0.0 131.01276335512037,31.22035746002925,0.0 131.01276599031766,31.22035537580872,0.0 131.01276862537932,31.220353291953625,0.0 131.01277126028987,31.22035120846635,0.0 131.01277389503278,31.22034912534967,0.0 131.01277652959052,31.22034704260675,0.0 131.01277916305838,31.22034496113752,0.0 131.01278179544198,31.220342880920075,0.0 131.0127844263486,31.220340802335134,0.0 131.0127870554492,31.220338725698312,0.0 131.01278968241468,31.220336651324867,0.0 131.01279230691603,31.220334579529496,0.0 131.01279492862474,31.220332510626086,0.0 131.01279754721295,31.220330444927487,0.0 131.01280016235384,31.220328382745336,0.0 131.01280277372177,31.220326324389845,0.0 131.01280538099283,31.220324270169574,0.0 131.01280798384477,31.220322220391207,0.0 131.01281058195747,31.220320175359365,0.0 131.01281317501324,31.220318135376367,0.0 131.0128157626969,31.22031610074206,0.0 131.01281834469634,31.22031407175364,0.0 131.01282092070247,31.22031204870539,0.0 131.01282349040957,31.220310031888555,0.0 131.01282605351577,31.2203080215911,0.0 131.0128286097228,31.22030601809752,0.0 131.01283115873676,31.220304021688715,0.0 131.01283370026792,31.22030203264181,0.0 131.01283623403114,31.220300051229984,0.0 131.012838759746,31.22029807772225,0.0 131.01284127713714,31.22029611238337,0.0 131.0128437859341,31.22029415547365,0.0 131.01284628587203,31.22029220724884,0.0 131.0128487766912,31.22029026796005,0.0 131.01285125813763,31.22028833785352,0.0 131.01285372996318,31.22028641717053,0.0 131.0128561919255,31.22028450614728,0.0 131.01285864378815,31.22028260501484,0.0 131.01286108532096,31.220280713999006,0.0 131.0128635162998,31.220278833320265,0.0 131.01286593650696,31.22027696319361,0.0 131.0128683457309,31.220275103828524,0.0 131.0128707437667,31.22027325542889,0.0 131.01287313041576,31.220271418193057,0.0 131.0128755054859,31.22026959231361,0.0 131.0128778687917,31.22026777797744,0.0 131.01288022015405,31.220265975365614,0.0 131.0128825594005,31.22026418465344,0.0 131.0128848863652,31.220262406010423,0.0 131.0128872008887,31.220260639600248,0.0 131.01288950281807,31.22025888558077,0.0 131.01289179200705,31.22025714410395,0.0 131.0128940683155,31.22025541531593,0.0 131.0128963316099,31.22025369935709,0.0 131.01289858176312,31.22025199636201,0.0 131.01290081865403,31.22025030645948,0.0 131.01290304216795,31.22024862977256,0.0 131.01290525219625,31.22024696641853,0.0 131.01290744863627,31.220245316509164,0.0 131.01290963139152,31.220243680150524,0.0 131.01291180037109,31.220242057443183,0.0 131.01291395549003,31.22024044848219,0.0 131.01291609666904,31.220238853357063,0.0 131.01291822383436,31.2202372721521,0.0 131.01292033691763,31.22023570494623,0.0 131.01292243585593,31.220234151813195,0.0 131.01292452059147,31.2202326128216,0.0 131.0129265910717,31.220231088034804,0.0 131.0129286472489,31.220229577511425,0.0 131.01293068908043,31.220228081305063,0.0 131.01293271652813,31.22022659946457,0.0 131.0129347295587,31.22022513203408,0.0 131.0129367281433,31.22022367905293,0.0 131.01293871225738,31.22022224055613,0.0 131.0129406818808,31.22022081657418,0.0 131.0129426369974,31.22021940713329,0.0 131.0129445775951,31.220218012255376,0.0 131.01294650366592,31.22021663195815,0.0 131.01294841520524,31.22021526625538,0.0 131.01295031221252,31.220213915156865,0.0 131.01295219469043,31.220212578668576,0.0 131.0129540626453,31.22021125679277,0.0 131.01295591608664,31.22020994952789,0.0 131.0129577550272,31.22020865686901,0.0 131.0129595794828,31.22020737880771,0.0 131.01296138947228,31.22020611533223,0.0 131.01296318501724,31.2202048664276,0.0 131.0129649661422,31.220203632075567,0.0 131.0129667328742,31.220202412254928,0.0 131.01296848524296,31.22020120694153,0.0 131.01297022328055,31.22020001610836,0.0 131.01297194702153,31.22019883972564,0.0 131.0129736565026,31.22019767776084,0.0 131.01297535176272,31.22019653017889,0.0 131.01297703284297,31.220195396942263,0.0 131.01297869978637,31.22019427801103,0.0 131.01298035263787,31.220193173342928,0.0 131.01298199144435,31.220192082893423,0.0 131.01298361625436,31.22019100661583,0.0 131.01298522711815,31.22018994446147,0.0 131.0129868240876,31.22018889637966,0.0 131.01298840721614,31.220187862317832,0.0 131.01298997655863,31.22018684222152,0.0 131.01299153217138,31.220185836034503,0.0 131.012993074112,31.220184843698984,0.0 131.01299460243936,31.220183865155512,0.0 131.0129961176015,31.22018289995358,0.0 131.01299761962915,31.220181948061576,0.0 131.01299910873283,31.22018100926717,0.0 131.01300058508798,31.22018008339286,0.0 131.0130020488666,31.22017917026464,0.0 131.01300350023675,31.220178269712115,0.0 131.01300493936276,31.220177381568472,0.0 131.01300636640548,31.220176505670224,0.0 131.013007781522,31.220175641857388,0.0 131.0130091848662,31.220174789973225,0.0 131.01301057658853,31.220173949864176,0.0 131.01301195683612,31.220173121379847,0.0 131.01301332575312,31.220172304372674,0.0 131.01301468348043,31.22017149869824,0.0 131.0130160301561,31.22017070421488,0.0 131.0130173659153,31.2201699207838,0.0 131.01301869089008,31.220169148268965,0.0 131.01302000521,31.220168386536866,0.0 131.01302130900183,31.220167635456704,0.0 131.01302260238967,31.22016689490022,0.0 131.01302388549516,31.22016616474162,0.0 131.01302515843733,31.220165444857525,0.0 131.01302642133285,31.22016473512685,0.0 131.01302767429607,31.22016403543084,0.0 131.01302891743893,31.220163345653013,0.0 131.01303015087123,31.22016266567908,0.0 131.01303137470052,31.22016199539684,0.0 131.01303258903215,31.220161334696183,0.0 131.01303379396967,31.22016068346902,0.0 131.01303498961423,31.220160041609283,0.0 131.01303617606536,31.22015940901284,0.0 131.01303735342032,31.220158785577432,0.0 131.0130385217748,31.22015817120268,0.0 131.01303968122255,31.220157565789886,0.0 131.0130408318555,31.220156969242275,0.0 131.01304197376393,31.2201563814647,0.0 131.0130431070363,31.220155802363767,0.0 131.01304423175964,31.22015523184768,0.0 131.01304534801915,31.220154669826147,0.0 131.01304645589855,31.220154116210608,0.0 131.01304755548009,31.220153570913947,0.0 131.01304864684445,31.22015303385059,0.0 131.0130497300709,31.220152504936426,0.0 131.01305080523727,31.220151984088663,0.0 131.01305187242008,31.22015147122603,0.0 131.0130529316944,31.22015096626858,0.0 131.01305398313403,31.22015046913771,0.0 131.01305502681151,31.22014997975615,0.0 131.01305606279817,31.220149498047807,0.0 131.01305709116397,31.22014902393789,0.0 131.01305811197787,31.22014855735288,0.0 131.0130591253075,31.2201480982204,0.0 131.01306013121956,31.22014764646929,0.0 131.01306112977943,31.22014720202941,0.0 131.01306212105155,31.220146764831824,0.0 131.01306310509935,31.220146334808685,0.0 131.01306408198502,31.22014591189324,0.0 131.01306505176998,31.220145496019743,0.0 131.0130660145146,31.220145087123456,0.0 131.0130669702783,31.22014468514062,0.0 131.0130679191195,31.22014429000852,0.0 131.01306886109583,31.22014390166538,0.0 131.01306979626395,31.22014352005037,0.0 131.01307072467972,31.220143145103503,0.0 131.01307164639812,31.22014277676576,0.0 131.0130725614733,31.22014241497898,0.0 131.01307346995867,31.22014205968585,0.0 131.01307437190678,31.22014171082996,0.0 131.01307526736943,31.22014136835561,0.0 131.01307615639777,31.22014103220797,0.0 131.01307703904203,31.220140702332976,0.0 131.01307791535203,31.220140378677407,0.0 131.01307878537656,31.220140061188744,0.0 131.01307964916387,31.220139749815143,0.0 131.01308050676175,31.22013944450556,0.0 131.013081358217,31.220139145209657,0.0 131.013082203576,31.220138851877778,0.0 131.01308304288446,31.220138564461006,0.0 131.0130838761875,31.22013828291092,0.0 131.01308470352967,31.2201380071799,0.0 131.0130855249549,31.22013773722093,0.0 131.0130863405066,31.22013747298762,0.0 131.0130871502276,31.220137214434217,0.0 131.01308795416023,31.22013696151544,0.0 131.01308875234636,31.220136714186744,0.0 131.01308954482718,31.22013647240408,0.0 131.01309033164347,31.22013623612402,0.0 131.01309111283564,31.22013600530364,0.0 131.01309188844348,31.22013577990052,0.0 131.0130926585063,31.22013555987284,0.0 131.01309342306303,31.220135345179287,0.0 131.01309418215217,31.22013513577905,0.0 131.0130949358118,31.220134931631804,0.0 131.01309568407945,31.22013473269765,0.0 131.01309642699235,31.2201345389373,0.0 131.01309716458735,31.22013435031185,0.0 131.01309789690083,31.22013416678289,0.0 131.01309862396877,31.220133988312377,0.0 131.01309934582684,31.220133814862795,0.0 131.01310006251035,31.22013364639703,0.0 131.01310077405418,31.220133482878424,0.0 131.01310148049288,31.220133324270687,0.0 131.0131021818607,31.220133170537903,0.0 131.0131028781915,31.22013302164463,0.0 131.01310356951885,31.2201328775558,0.0 131.01310425587596,31.220132738236725,0.0 131.01310493729576,31.22013260365304,0.0 131.01310561381086,31.220132473770786,0.0 131.01310628545357,31.22013234855637,0.0 131.01310695225587,31.22013222797657,0.0 131.01310761424952,31.22013211199849,0.0 131.0131082714659,31.22013200058952,0.0 131.0131089239363,31.22013189371744,0.0 131.0131095716915,31.220131791350365,0.0 131.01311021476212,31.220131693456736,0.0 131.01311085317857,31.22013160000525,0.0 131.01311148697098,31.220131510964915,0.0 131.0131121161692,31.22013142630509,0.0 131.01311274080285,31.22013134599545,0.0 131.0131133609013,31.220131270005915,0.0 131.0131139764937,31.220131198306607,0.0 131.01311458760898,31.22013113086808,0.0 131.01311519427583,31.22013106766108,0.0 131.01311579652275,31.2201310086567,0.0 131.01311639437793,31.220130953826107,0.0 131.01311698786952,31.22013090314092,0.0 131.01311757702527,31.220130856572936,0.0 131.0131181618728,31.220130814094244,0.0 131.01311874243967,31.22013077567708,0.0 131.01311931875298,31.22013074129399,0.0 131.01311989083987,31.220130710917765,0.0 131.01312045872714,31.22013068452144,0.0 131.01312102244148,31.22013066207817,0.0 131.01312158200935,31.22013064356144,0.0 131.01312213745717,31.22013062894492,0.0 131.01312268881097,31.22013061820253,0.0 131.0131232360967,31.220130611308324,0.0 131.01312377934016,31.22013060823659,0.0 131.01312431856704,31.220130608961863,0.0 131.0131248538027,31.220130613458856,0.0 131.01312538507247,31.22013062170248,0.0 131.01312591240156,31.22013063366776,0.0 131.01312643581485,31.22013064933003,0.0 131.0131269553372,31.220130668664783,0.0 131.01312747099325,31.22013069164764,0.0 131.01312798280753,31.220130718254413,0.0 131.01312849080446,31.22013074846113,0.0 131.0131289950082,31.22013078224401,0.0 131.01312949544285,31.22013081957937,0.0 131.01312999213235,31.22013086044372,0.0 131.01313048510056,31.22013090481376,0.0 131.01313097437102,31.220130952666377,0.0 131.01313145996735,31.220131003978537,0.0 131.01313194191292,31.22013105872739,0.0 131.0131324202309,31.220131116890304,0.0 131.0131328949445,31.22013117844476,0.0 131.0131333660767,31.220131243368343,0.0 131.01313383365033,31.220131311638816,0.0 131.01313429768814,31.22013138323415,0.0 131.01313475821274,31.220131458132407,0.0 131.0131352152466,31.22013153631174,0.0 131.01313566881203,31.220131617750503,0.0 131.01313611893138,31.22013170242722,0.0 131.01313656562667,31.22013179032049,0.0 131.01313700891987,31.220131881409017,0.0 131.01313744883296,31.220131975671706,0.0 131.0131378853876,31.2201320730876,0.0 131.01313831860543,31.220132173635804,0.0 131.01313874850797,31.22013227729555,0.0 131.01313917511663,31.22013238404629,0.0 131.0131395984527,31.22013249386753,0.0 131.0131400185373,31.220132606738844,0.0 131.0131404353915,31.220132722640017,0.0 131.0131408490363,31.220132841550942,0.0 131.0131412594924,31.2201329634516,0.0 131.01314166678063,31.22013308832204,0.0 131.01314207092156,31.22013321614252,0.0 131.01314247193562,31.2201333468934,0.0 131.01314286984322,31.220133480555063,0.0 131.01314326466462,31.220133617108072,0.0 131.01314365641997,31.220133756533105,0.0 131.0131440451293,31.22013389881096,0.0 131.0131444308126,31.220134043922407,0.0 131.01314481348967,31.220134191848526,0.0 131.01314519318012,31.2201343425704,0.0 131.0131455699037,31.22013449606912,0.0 131.01314594367983,31.22013465232605,0.0 131.0131463145279,31.220134811322605,0.0 131.0131466824672,31.22013497304021,0.0 131.01314704751687,31.22013513746048,0.0 131.013147409696,31.22013530456512,0.0 131.01314776902353,31.22013547433593,0.0 131.0131481255183,31.220135646754727,0.0 131.0131484791991,31.22013582180356,0.0 131.01314883008445,31.22013599946451,0.0 131.01314917819292,31.22013617971968,0.0 131.01314952354295,31.22013636255136,0.0 131.0131498661528,31.22013654794197,0.0 131.01315020604068,31.22013673587385,0.0 131.01315054322464,31.220136926329616,0.0 131.01315087772272,31.22013711929192,0.0 131.01315120955277,31.22013731474341,0.0 131.0131515387325,31.22013751266693,0.0 131.0131518652796,31.22013771304543,0.0 131.0131521892116,31.22013791586184,0.0 131.01315251054595,31.22013812109924,0.0 131.0131528293,31.22013832874085,0.0 131.01315314549092,31.22013853876988,0.0 131.01315345913582,31.22013875116965,0.0 131.0131537702517,31.220138965923656,0.0 131.01315407885545,31.22013918301537,0.0 131.01315438496388,31.22013940242836,0.0 131.01315468859363,31.220139624146377,0.0 131.01315498976126,31.220139848153128,0.0 131.0131552884832,31.22014007443248,0.0 131.01315558477583,31.220140302968407,0.0 131.01315587865537,31.220140533744864,0.0 131.0131561701379,31.220140766745978,0.0 131.01315645923947,31.22014100195596,0.0 131.01315674597595,31.220141239359016,0.0 131.01315703036315,31.22014147893953,0.0 131.01315731241672,31.220141720681976,0.0 131.01315759215228,31.220141964570743,0.0 131.01315786958517,31.220142210590524,0.0 131.01315814473088,31.220142458725963,0.0 131.01315841760453,31.22014270896176,0.0 131.01315868822127,31.2201429612828,0.0 131.0131589565961,31.220143215673986,0.0 131.01315922274395,31.22014347212024,0.0 131.01315948667957,31.220143730606736,0.0 131.01315974841762,31.22014399111853,0.0 131.0131600079727,31.22014425364087,0.0 131.0131602653592,31.220144518159103,0.0 131.01316052059147,31.2201447846585,0.0 131.0131607736838,31.220145053124625,0.0 131.01316102465023,31.220145323542948,0.0 131.0131612735048,31.22014559589908,0.0 131.01316152026135,31.22014587017876,0.0 131.01316176493364,31.22014614636766,0.0 131.0131620075354,31.220146424451684,0.0 131.0131622480801,31.22014670441672,0.0 131.01316248658128,31.220146986248725,0.0 131.01316272305215,31.22014726993384,0.0 131.013162957506,31.220147555458087,0.0 131.01316318995586,31.220147842807776,0.0 131.01316342041477,31.220148131969136,0.0 131.0131636488956,31.220148422928524,0.0 131.01316387541107,31.220148715672423,0.0 131.01316409997386,31.220149010187257,0.0 131.0131643225965,31.220149306459664,0.0 131.01316454329148,31.22014960447624,0.0 131.013164762071,31.220149904223728,0.0 131.01316497894734,31.22015020568893,0.0 131.0131651939326,31.22015050885868,0.0 131.01316540703868,31.22015081371996,0.0 131.01316561827753,31.220151120259672,0.0 131.0131658276609,31.220151428465,0.0 131.01316603520044,31.220151738322983,0.0 131.0131662409077,31.22015204982092,0.0 131.01316644479408,31.22015236294602,0.0 131.01316664687093,31.220152677685665,0.0 131.01316684714945,31.22015299402725,0.0 131.01316704564078,31.220153311958267,0.0 131.0131672423559,31.22015363146628,0.0 131.01316743730567,31.22015395253884,0.0 131.01316763050093,31.22015427516371,0.0 131.01316782195235,31.22015459932855,0.0 131.01316801167047,31.22015492502128,0.0 131.01316819966578,31.22015525222962,0.0 131.01316838594866,31.220155580941665,0.0 131.01316857052933,31.22015591114528,0.0 131.01316875341797,31.22015624282863,0.0 131.0131689346246,31.22015657597975,0.0 131.01316911415924,31.22015691058692,0.0 131.0131692920317,31.220157246638284,0.0 131.01316946825168,31.220157584122248,0.0 131.01316964282887,31.220157923027063,0.0 131.0131698157728,31.22015826334128,0.0 131.01316998709297,31.220158605053246,0.0 131.01317015679862,31.220158948151617,0.0 131.0131703248991,31.22015929262489,0.0 131.01317049140354,31.220159638461794,0.0 131.01317065632097,31.22015998565098,0.0 131.0131708196604,31.220160334181223,0.0 131.01317098143065,31.220160684041343,0.0 131.01317114164047,31.220161035220183,0.0 131.01317130029864,31.220161387706696,0.0 131.01317145741368,31.2201617414898,0.0 131.01317161299403,31.22016209655858,0.0 131.01317176704828,31.220162452902034,0.0 131.01317191958455,31.22016281050932,0.0 131.01317207061123,31.220163169369563,0.0 131.0131722201364,31.220163529472,0.0 131.01317236816809,31.22016389080589,0.0 131.0131725147143,31.22016425336048,0.0 131.01317265978295,31.22016461712516,0.0 131.01317280338185,31.22016498208928,0.0 131.01317294551873,31.22016534824227,0.0 131.01317308620116,31.22016571557363,0.0 131.0131732254368,31.22016608407279,0.0 131.01317336323316,31.22016645372932,0.0 131.01317349959754,31.22016682453282,0.0 131.0131736345374,31.22016719647284,0.0 131.01317376805997,31.22016756953907,0.0 131.01317390017235,31.22016794372117,0.0 131.01317403088183,31.220168319008813,0.0 131.01317416019543,31.22016869539178,0.0 131.01317428812,31.22016907285982,0.0 131.0131744146626,31.22016945140268,0.0 131.01317453983006,31.2201698310102,0.0 131.01317466362912,31.220170211672247,0.0 131.01317478606654,31.22017059337863,0.0 131.0131749071489,31.22017097611924,0.0 131.013175026883,31.22017135988397,0.0 131.01317514527523,31.22017174466277,0.0 131.01317526233214,31.22017213044552,0.0 131.01317537806008,31.22017251722216,0.0 131.01317549246556,31.22017290498267,0.0 131.01317560555484,31.220173293717025,0.0 131.0131757173342,31.220173683415144,0.0 131.0131758278099,31.22017407406701,0.0 131.0131759369881,31.220174465662616,0.0 131.01317604487497,31.22017485819193,0.0 131.01317615147656,31.220175251644967,0.0 131.01317625679897,31.22017564601167,0.0 131.0131763608482,31.220176041281977,0.0 131.01317646363023,31.220176437445872,0.0 131.013176565151,31.22017683449329,0.0 131.0131766654164,31.22017723241419,0.0 131.01317676443236,31.220177631198467,0.0 131.0131768622047,31.220178030836028,0.0 131.01317695873922,31.22017843131676,0.0 131.01317705404168,31.22017883263052,0.0 131.0131771481179,31.22017923476712,0.0 131.01317724097365,31.220179637716367,0.0 131.0131773326146,31.220180041468,0.0 131.01317742304647,31.22018044601175,0.0 131.01317751227495,31.2201808513373,0.0 131.01317760030577,31.22018125743427,0.0 131.01317768714452,31.220181664292248,0.0 131.01317777279695,31.22018207190076,0.0 131.01317785726863,31.22018248024927,0.0 131.01317794056527,31.220182889327184,0.0 131.01317802269247,31.22018329912386,0.0 131.01317810365595,31.22018370962856,0.0 131.01317818346132,31.22018412083049,0.0 131.01317826211425,31.220184532718783,0.0 131.01317833962042,31.22018494528244,0.0 131.01317841598552,31.22018535851037,0.0 131.01317849121523,31.220185772391456,0.0 131.01317856531523,31.22018618691441,0.0 131.01317863829135,31.22018660206788,0.0 131.0131787101494,31.220187017840285,0.0 131.013178780895,31.22018743422006,0.0 131.0131788505341,31.22018785119544,0.0 131.01317891907257,31.22018826875449,0.0 131.0131789865162,31.22018868688518,0.0 131.01317905287107,31.220189105575244,0.0 131.01317911814314,31.220189524812312,0.0 131.01317918233843,31.22018994458379,0.0 131.01317924546308,31.220190364876903,0.0 131.0131793075232,31.220190785678664,0.0 131.0131793685251,31.22019120697588,0.0 131.01317942847504,31.220191628755085,0.0 131.01317948736536,31.22019205104668,0.0 131.01317954520283,31.22019247383603,0.0 131.01317960198787,31.22019289712819,0.0 131.01317965772188,31.22019332092498,0.0 131.01317971240638,31.220193745228286,0.0 131.0131797660428,31.220194170039928,0.0 131.0131798186326,31.22019459536177,0.0 131.0131798701773,31.220195021195668,0.0 131.01317992067837,31.22019544754341,0.0 131.01317997013734,31.22019587440685,0.0 131.0131800185557,31.220196301787805,0.0 131.013180065935,31.22019672968804,0.0 131.0131801122768,31.220197158109368,0.0 131.0131801575826,31.220197587053526,0.0 131.0131802018541,31.22019801652228,0.0 131.0131802450928,31.22019844651733,0.0 131.0131802873004,31.2201988770404,0.0 131.0131803284785,31.220199308093136,0.0 131.01318036862884,31.22019973967721,0.0 131.01318040775303,31.220200171794247,0.0 131.01318044585287,31.220200604445825,0.0 131.01318048293012,31.220201037633498,0.0 131.01318051898653,31.22020147135881,0.0 131.0131805540239,31.220201905623217,0.0 131.0131805880441,31.22020234042821,0.0 131.01318062104895,31.2202027757752,0.0 131.01318065304048,31.220203211665545,0.0 131.0131806840205,31.2202036481006,0.0 131.0131807139911,31.22020408508164,0.0 131.0131807429542,31.22020452260991,0.0 131.01318077091193,31.22020496068664,0.0 131.01318078804408,31.22020515307653,0.0 131.01318075037915,31.22020553133932,0.0 131.01318080039678,31.220205812668265,0.0 131.01318078182112,31.22020610970156,0.0 131.01318084194514,31.22020641267324,0.0 131.01318082292028,31.220206657015154,0.0</coordinates>
            </LineString>
        </Placemark>
    </Document>
</kml>
