<?xml version="1.0" encoding="UTF-8"?>
<kml xmlns="http://www.opengis.net/kml/2.2" xmlns:gx="http://www.google.com/kml/ext/2.2">
    <Document id="101">
        <Style id="104">
            <LineStyle id="105">
                <color>ff0000ff</color>
                <colorMode>normal</colorMode>
                <width>3</width>
            </LineStyle>
        </Style>
        <Style id="108">
            <LineStyle id="109">
                <color>ff00ff00</color>
                <colorMode>normal</colorMode>
                <width>3</width>
            </LineStyle>
        </Style>
        <Placemark id="103">
            <name>flight_path</name>
            <styleUrl>#104</styleUrl>
            <LineString id="102">
                <altitudeMode>relativeToGround</altitudeMode>
                <coordinates>131.010392,31.222216000000007,3.000000004412624 131.0103920000045,31.222215999991075,3.0000027652305543 131.0103920000085,31.222215999994766,3.0000030853541984 131.0103920000085,31.222215999994766,3.0000030853541984 131.01039200000852,31.222215999994766,3.0000030853541984 131.01039201539675,31.22221599246117,3.0023884986471163 131.0103920617776,31.22221596990869,3.015331231721257 131.01039213193175,31.22221593580231,3.0351264363252404 131.01039220552698,31.222215900001803,3.055106219166761 131.0103923261533,31.222215841380503,3.090004394730484 131.01039241011944,31.222215800500727,3.1115340872331685 131.01039255023213,31.22221573238213,3.151063460926564 131.0103926908424,31.222215663995925,3.189784893121109 131.01039284206664,31.22221559043897,3.23111772340097 131.01039301222698,31.2222155076778,3.2778754514712065 131.01039319835945,31.22221541714896,3.329057119327625 131.01039339622227,31.222215320908244,3.383229829375461 131.0103936086097,31.222215217601374,3.4413386621870097 131.01039382835415,31.2222151107022,3.500962017738751 131.0103940692252,31.222214993537087,3.566754013292423 131.0103943154942,31.22221487372917,3.6334003425495367 131.0103945800907,31.22221474501192,3.705270765720048 131.01039485370347,31.222214611898128,3.779219998303775 131.01039513986652,31.222214472675024,3.856442763351153 131.01039544418495,31.22221432462593,3.9388336136528577 131.01039575462735,31.22221417358214,4.022328928820314 131.01039608061367,31.222214014978025,4.110111315127456 131.01039641907315,31.22221385030192,4.20114441129061 131.01039677261693,31.22221367828824,4.296310626724281 131.01039713608534,31.22221350143773,4.393868548192477 131.010397517966,31.22221331563664,4.496683993164735 131.01039790540767,31.22221312711366,4.600420125064151 131.01039830590005,31.22221293223868,4.707604968129808 131.01039871921526,31.222212731122088,4.8181619013200345 131.01039914602634,31.222212523437697,4.932317992273902 131.0103995843797,31.222212310132328,5.049414803571431 131.01040002919007,31.222212093670787,5.167739039340097 131.010400488852,31.222211869984235,5.290119088179969 131.01040096154043,31.222211639957216,5.415939478570699 131.01040144391652,31.222211405208075,5.544076156420129 131.01040193996343,31.222211163806087,5.675869112702848 131.01040244347448,31.22221091875968,5.809230869593894 131.01040295825328,31.222210668225145,5.945439804389508 131.01040348638034,31.22221041119396,6.085193185839201 131.01040402793237,31.222210147628825,6.228514853755213 131.0104045774418,31.22220988018005,6.373570321964543 131.0104051377902,31.2222096074508,6.521325187598352 131.01040571307726,31.222209327453587,6.673149607941206 131.01040630329675,31.222209040191352,6.829037586096744 131.01040689520636,31.22220875208352,6.984563197684807 131.01040750096558,31.22220845723537,7.143787353550456 131.0104081214021,31.222208155245536,7.306979827983644 131.01040875222748,31.222207848192888,7.472708023785239 131.01040938861175,31.222207538419,7.639365051166282 131.0104100415545,31.222207220590928,7.810603337186065 131.01041070492113,31.22220689768276,7.98437975261839 131.0104113765162,31.222206570758807,8.159965504549577 131.01041206152644,31.222206238330703,8.339076561759454 131.01041275397347,31.222205900358126,8.520125112136638 131.01041345744483,31.22220555748276,8.703891836679485 131.01041417824558,31.222205205728265,8.89261799710855 131.01041490301395,31.222204851704184,9.081882270522218 131.0104156383392,31.22220449221895,9.273843732249665 131.0104163877839,31.22220412554576,9.469654967689928 131.01041715298567,31.22220375089568,9.66983281585949 131.01041791515425,31.222203377358195,9.868273324964946 131.01041869114553,31.22220299679172,10.070436543829397 131.0104194885966,31.22220260553002,10.278749737409097 131.01042028907503,31.22220221246055,10.487273303532984 131.01042109530795,31.222201816268385,10.696891048591349 131.0104219178226,31.2222014119214,10.9109350275274 131.01042275379913,31.222201000796467,11.128475284549054 131.0104235955071,31.22220058659037,11.347064013190767 131.01042444562148,31.222200168035368,11.567537886072444 131.01042531091684,31.22219974194844,11.791980142399776 131.01042619179125,31.22219930818202,12.020470928902174 131.01042707155304,31.222198874590244,12.247865810877997 131.0104279689511,31.2221984324018,12.479895420791348 131.01042887640588,31.22219798520192,12.714204206769685 131.01042979282667,31.22219753351469,12.95044756071432 131.0104307162109,31.222197078280004,13.188012728947204 131.01043165884687,31.222196613897296,13.430509885734208 131.01043261055847,31.22219614507127,13.674887657271094 131.0104335648174,31.22219567476269,13.9192448906896 131.0104345374744,31.222195195843845,14.168148769519384 131.01043552510205,31.222194709937536,14.420537687484256 131.01043651165028,31.2221942242097,14.671838341413435 131.0104375143903,31.22219373101147,14.926920187272268 131.01043853111483,31.222193231401807,15.18508894278473 131.01043955599502,31.222192727967247,15.444699694302804 131.010440589919,31.22219222033955,15.705982502421415 131.01044163761452,31.22219170652964,15.970178388627165 131.0104426981289,31.22219118700973,16.236976611268965 131.0104437633507,31.22219066524972,16.504202596558024 131.0104448455049,31.222190136134465,16.77503898532662 131.01044594222077,31.222189600746248,17.048792255590445 131.0104470422974,31.222189063753497,17.322566272957 131.0104481633996,31.22218851792752,17.600818455148406 131.01044929390687,31.22218796810341,17.880551099045807 131.01045042749547,31.222187416835546,18.160200332684106 131.01045158335043,31.22218685647894,18.44443026711421 131.0104527504919,31.222186291513168,18.730485556512942 131.01045392779326,31.22218572240451,19.01807992948564 131.01045512063757,31.22218514709773,19.30844699304972 131.0104563212281,31.22218456867096,19.59971889749282 131.01045753097483,31.22218398660212,19.892206611764152 131.01045876482607,31.222183395284063,20.18924702412412 131.0104599952341,31.22218280517931,20.4845869701908 131.0104612505806,31.222182205666744,20.78453902608353 131.01046252052203,31.22218160072181,21.086716740823604 131.0104637932236,31.222180994705887,21.388548398170343 131.01046508040216,31.222180383355912,21.69253780870726 131.01046640106327,31.222179759943128,22.002586769488424 131.010467720414,31.22217913702177,22.31135818047985 131.0104690403444,31.22217851383456,22.61931691933547 131.01047040225671,31.22217787590878,22.93480117648336 131.01047175241072,31.22217724213447,23.246904427173245 131.01047312250287,31.22217660145948,23.561986251796508 131.01047453924517,31.222175944910816,23.88511455950852 131.01047591844727,31.22217530118564,24.199970267626828 131.01047734455028,31.222174641650344,24.52279625111081 131.01047879647342,31.222173973647568,24.849372982750204 131.01048021742128,31.222173315988687,25.16916609218751 131.01048169987706,31.22217263815357,25.499236280251385 131.0104831727698,31.22217196362152,25.826455368623872 131.01048464892972,31.2221712881036,26.15323932208525 131.01048618003435,31.222170595068828,26.48866302560756 131.0104876905255,31.22216990881,26.819356783296872 131.01048921707775,31.222169217554445,27.15179582741448 131.01049079190355,31.22216851129932,27.491367720204263 131.0104923401545,31.222167813558304,27.825321037812188 131.0104939258569,31.22216710432288,28.164470772003337 131.0104955321868,31.22216638895631,28.5058818987182 131.01049712098364,31.222165679158927,28.84331708822993 131.01049877161924,31.222164950713072,29.18964330224687 131.0105004007557,31.22216422904808,29.53135477435004 131.01050204719957,31.22216350235041,29.874716217342822 131.01050374989546,31.22216275906353,30.225731772927222 131.0105054192835,31.22216202598237,30.57039523605045 131.01050712412655,31.22216128258891,30.919407995573863 131.0105088673479,31.222160528162743,31.273077404726564 131.0105105817668,31.22215978247435,31.62122513118652 131.01051235298303,31.22215902041652,31.97673459075681 131.0105141139857,31.22215826164077,32.32952785261867 131.01051588464273,31.22215750032068,32.682593694829144 131.01051772019508,31.22215672054357,33.04393497597144 131.01051951824604,31.222155951890727,33.398633593762774 131.01052134776944,31.2221551744572,33.756713214477564 131.01052323406583,31.222154381092697,34.12167584975292 131.01052506821296,31.22215360293443,34.47804547208792 131.0105269762558,31.222152804004875,34.84365528564101 131.01052888232363,31.22215200597356,35.20775662183643 131.01053077896958,31.222151210910354,35.56936964201315 131.01053275051544,31.22215039494919,35.940133573493135 131.0105346858273,31.22214958955968,36.30469397878068 131.01053665691663,31.22214877436236,36.672970839362605 131.01053866315695,31.222147949567724,37.04481435446869 131.0105406420277,31.22214713279655,37.41175020076072 131.01054268594245,31.2221462980034,37.78626709063838 131.0105447121405,31.222145468509115,38.15719008382177 131.01054674915412,31.222144636265547,38.52837837807389 131.01054884786802,31.22214378694039,38.90659394895557 131.0105509119348,31.22214294767068,39.278998074529824 131.01055301298587,31.22214209826176,39.655129164679366 131.0105551410715,31.222141241502896,40.03364112420644 131.01055725032583,31.22214039034028,40.40848107556992 131.0105594324484,31.22213951883144,40.79174471978634 131.01056157782764,31.22213865798725,41.16898603333884 131.01056375141172,31.22213778940467,41.54876887607991 131.01056598956967,31.222136902688085,41.93586010527326 131.01056816750176,31.222136033366688,42.313875209236414 131.01057042454502,31.222135141687584,42.70111971500931 131.0105726599865,31.222134256392764,43.08437096993137 131.01057491102043,31.222133366840687,43.468522100268686 131.01057721513683,31.22213246217719,43.85850824856515 131.01057948237698,31.22213156834192,44.242508050423794 131.01058181277935,31.222130656376788,44.6336969442407 131.01058413205476,31.22212974778028,45.02230015257205 131.0105864550221,31.222128838269043,45.41027378233229 131.01058884056067,31.222127910532407,45.80542781639625 131.01059118243805,31.222126995738044,46.1936960070091 131.01059358534806,31.22212606303428,46.58898628021253 131.01059597855922,31.22212513326064,46.98191116733637 131.01059838078228,31.22212420088771,47.37496521849875 131.01060083905645,31.222123251769588,47.77448100541274 131.01060325311215,31.22212231596037,48.16700187346527 131.0106057377093,31.222121358887737,48.56799560346368 131.0106081942488,31.2221204102894,48.96416967039634 131.01061067450524,31.22211945447508,49.362536138396685 131.01061319753606,31.22211848549101,49.7657391640912 131.01061568206055,31.22211752829044,50.16267304954064 131.010618233277,31.222116550414,50.567780548239774 131.0106207597943,31.22211558007784,50.9685162344086 131.01062330652343,31.222114603350608,51.37107564522783 131.01062589835152,31.22211361230965,51.77896843918094 131.0106284471611,31.22211263466892,52.1799114270402 131.01063106648556,31.222111634546327,52.58980669419957 131.0106336603838,31.22211064228031,52.99521766353282 131.0106362718211,31.222109644232315,53.402187607281775 131.010638912634,31.22210863650592,53.81243767769872 131.0106415285808,31.22210763655843,54.21825618470482 131.01064420724563,31.22210661602529,54.63217394212355 131.0106468533402,31.222105605781188,55.04056057389054 131.0106495303631,31.222104585162967,55.45253991549284 131.01065222218523,31.222103559352785,55.865825029840096 131.01065489459052,31.222102539623982,56.27545206069434 131.0106576382063,31.222101495989925,56.69463050227208 131.01066033018796,31.222100469110067,57.10545983393278 131.01066307475335,31.22209942437674,57.523175007607286 131.01066581271252,31.22209838144058,57.93913112268024 131.01066854757835,31.222097339164435,58.353834184232525 131.01067133265343,31.222096279595213,58.77516810067113 131.0106740796695,31.22209523242645,59.19010067819232 131.01067688131096,31.22209416639111,59.612350698688665 131.01067966211735,31.22209310696177,60.03075031798132 131.01068245618433,31.222092042611774,60.45035459352288 131.01068528186187,31.22209096706829,60.8739042888592 131.01068807559312,31.222089901950653,61.29195020035808 131.0106909352702,31.222088813916887,61.719056367667775 131.01069375749424,31.22208773819534,62.1398456310315 131.01069662134088,31.22208664782565,62.56607741911756 131.01069947421294,31.222085560749743,62.989933499505774 131.01070232748097,31.222084473096,63.41310492922669 131.0107052197963,31.22208337166889,63.84131626192445 131.01070808085248,31.22208228047356,64.26415420621618 131.01071100793587,31.222081166331314,64.69598898915645 131.01071389753423,31.222080064543885,65.12154388177238 131.01071681443577,31.22207895304497,65.55036025662454 131.010719748604,31.22207783528099,65.98093778123993 131.01072265614482,31.222076726156303,66.40686839843963 131.01072561514687,31.222075599224567,66.83950969931567 131.0107285649634,31.222074475050057,67.27002833866766 131.01073149940916,31.22207335569181,67.69755994651733 131.01073446570396,31.22207222528248,68.1288744222271 131.01073745268914,31.222071087644974,68.56232105952031 131.01074042655915,31.22206995409946,68.99309127040718 131.010743400886,31.22206882009852,69.42312432413044 131.0107464011103,31.22206767723584,69.855963481003 131.01074940632168,31.22206653250049,70.28864578650338 131.01075240967285,31.222065388154004,70.7202239124804 131.0107554166163,31.222064242413136,71.15144737702067 131.0107584396659,31.2220630912247,71.58400243184758 131.01076146503837,31.222061939130423,72.01598498014302 131.010764492219,31.222060786306912,72.44732294408291 131.01076752633776,31.22205963112036,72.87869007338142 131.01077056623024,31.222058473983,73.30990877051283 131.01077360922483,31.222057315778663,73.7406106606651 131.01077665565083,31.22205615642473,74.1708266502999 131.0107797094672,31.22205499469414,74.601053093955 131.0107827692516,31.222053831072994,75.03108423834638 131.01078583423947,31.2220526658298,75.46080594233078 131.01078890158155,31.22205149988084,75.88984353223766 131.0107919712305,31.222050333259936,76.31818077876903 131.0107950517412,31.22204916334047,76.74686621123065 131.01079813334732,31.2220479931798,77.17466712899385 131.01080122156313,31.22204682109374,77.60225362046924 131.0108043144949,31.22204564769257,78.0293761751058 131.01080741422243,31.222044472364928,78.45627131046513 131.01081051515152,31.22204329683508,78.88225421296553 131.01081362280843,31.22204211944361,79.30797373262638 131.01081673642983,31.222040940448665,79.73332104848323 131.010819852335,31.222039760975672,80.15785316070209 131.0108229759989,31.222038579398863,80.5821973532971 131.01082610745596,31.222037395733256,81.00633946126531 131.0108292383197,31.22203621249088,81.42930825423782 131.0108323778863,31.222035026918974,81.85215853612073 131.01083552092237,31.222033840588264,82.27428202218456 131.0108386680047,31.22203265333708,82.69573784644409 131.01084182010567,31.222031464889884,83.11662649300148 131.01084497869437,31.222030274826384,83.53710175960441 131.01084814155615,31.22202908380596,83.9569108165633 131.01085131043857,31.222027891323325,84.3762400298612 131.01085448275762,31.222026698140187,84.79480100534298 131.01085765998985,31.222025503828952,85.21275066187484 131.01086083966115,31.22202430911413,85.629817254566 131.0108640246793,31.22202311315021,86.04631135648258 131.01086721621613,31.222021915598297,86.46235358100182 131.01087041116466,31.22202071736142,86.87760924709214 131.01087361060743,31.22201951812245,87.29219339619127 131.01087681440052,31.222018317920288,87.70608967207706 131.0108800183619,31.22201711796572,88.11885676233939 131.01088322866897,31.222015916458087,88.531147407746 131.010886439966,31.2220147149478,88.94239828741254 131.0108896586637,31.22201351156236,89.35328433932328 131.0108928779177,31.22201230828487,89.76309031295169 131.01089610512864,31.22201110294952,90.17259347267624 131.0108993326675,31.222009897769983,90.58100009821815 131.01090256294785,31.22200869203201,90.98856701128584 131.01090579921055,31.222007484773783,91.39563591356372 131.01090903820366,31.222006276932923,91.8018729746076 131.01091227763624,31.22200506917018,92.2070456067893 131.0109155237311,31.22200385964031,92.61180728431496 131.01091877094055,31.222002649960064,93.01558697589856 131.01092202316585,31.22200143896212,93.41879760934276 131.0109252769555,31.22200022765028,93.82108688582676 131.01092853231577,31.221999016008127,94.2224626711186 131.01093179058648,31.22199780361924,94.62307247616776 131.01093505175447,31.221996590467707,95.02292318327017 131.01093831454733,31.22199537691592,95.42189000534697 131.0109415793145,31.221994162841348,95.8200178622315 131.0109448445588,31.22199294867716,96.2171581060386 131.0109481144655,31.221991733138708,96.6137597248049 131.01095138348177,31.22199051788781,97.00924727338612 131.01095465664375,31.22198930137652,97.40416074793822 131.01095793107385,31.221988084459348,97.79820585060314 131.0109612036112,31.221986868089687,98.19105559501956 131.01096448005845,31.221985650468103,98.58333518370596 131.01096775650328,31.22198443277657,98.97463830684772 131.01097103152514,31.22198321544104,99.36482116048944 131.01097431010925,31.221981996896705,99.75442612944744 131.0109775862956,31.221980778978537,100.14282347055558 131.01098086440956,31.22197956032272,100.53048584958616 131.01098414604303,31.22197834040711,100.91759502872472 131.01098742445828,31.221977121333826,101.30343143439012 131.0109907029545,31.221975902053984,101.68835861566129 131.01099398153687,31.22197468254877,102.07238556418696 131.01099726256697,31.22197346205144,102.45577750240372 131.01100054242804,31.22197224169723,102.8381481244346 131.01100382161832,31.22197102131775,103.2195580282616 131.01100710242923,31.221969800166093,103.60026496225797 131.01101038203953,31.22196857913413,103.9799666136242 131.0110136603247,31.22196735825387,104.35865480763808 131.01101694175335,31.221966136072417,104.73682688195488 131.01102021881664,31.221964915005955,105.11366212356548 131.01102350119655,31.221963691912133,105.49023186271276 131.01102678057785,31.221962469476896,105.86562465555104 131.01103006077344,31.22196124645784,106.24026483403728 131.01103334079815,31.22196002316817,106.6140477145996 131.01103662225785,31.221958799078504,106.9871540612997 131.01103990308755,31.22195757485839,107.35935881884464 131.01104318314748,31.22195635055132,107.73064907214896 131.01104646279393,31.221955126038555,108.10106629275212 131.01104974344858,31.22195390085247,108.47076889435608 131.01105302143887,31.22195267619657,108.83935335130448 131.0110563007304,31.221951450771183,109.20725722890312 131.0110595790955,31.221950225307985,109.57423560407824 131.01106285655075,31.22194899980404,109.9402904838443 131.0110661332004,31.221947774228223,110.30543296178875 131.01106941205623,31.221946547596552,110.66999083479018 131.01107268712036,31.221945321880828,111.03330851541187 131.0110759640587,31.221944095229084,111.39600159398591 131.0110792424721,31.221942867779664,111.75802274975176 131.01108251931507,31.22194164053652,112.11904012846304 131.01108579648545,31.22194041288632,112.47925628825116 131.01108907407271,31.22193918480905,112.83867687953946 131.0110923527949,31.221937956080684,113.19737430024313 131.01109562749335,31.22193672838975,113.55479617272 131.01109890314453,31.221935500126698,113.91146803779948 131.0111021789862,31.22193427155236,114.26730275544072 131.01110545353953,31.221933043157016,114.62214038255736 131.011108730301,31.2219318138228,114.97634113699168 131.01111200401638,31.22193058525749,115.32935285175634 131.0111152763828,31.221929356923454,115.6813489062226 131.01111855348563,31.2219281268836,116.03294673353584 131.0111218302362,31.221926896786684,116.38361593438536 131.01112510436607,31.221925667366328,116.73312355888268 131.01112838071566,31.22192443709256,117.0819536097854 131.01113165736476,31.221923206593967,117.42990383825824 131.011134934819,31.2219219757246,117.77701826415 131.01113821335136,31.22192074441364,118.12331665946417 131.0111414926492,31.221919512774985,118.4687609817623 131.01114477032712,31.221918281571146,118.8131124715628 131.01114804855067,31.22191705013592,119.1565763438456 131.0111513270736,31.221915818562444,119.49912082703672 131.0111546041123,31.221914587419526,119.84056921558545 131.0111578811716,31.221913356251928,120.1810594527176 131.011161164746,31.221912123068886,120.52119352181766 131.011164443314,31.22191089144391,120.85988290638667 131.01116772318474,31.221909659438875,121.19771533228172 131.01117100552,31.22190842671596,121.53478766429104 131.0111742871,31.22190719427506,121.8707971432257 131.01117756886651,31.22190596183852,122.20582553962646 131.01118084894227,31.221904729988445,122.53969827803968 131.01118413034015,31.22190349782132,122.87268062990208 131.01118741372144,31.22190226515203,123.20482299736672 131.0111906945001,31.221901033374888,123.53571506756856 131.01119397660804,31.22189980131312,123.86569954202062 131.01119726187042,31.22189856843278,124.1949269928256 131.01120054791252,31.221897335457285,124.52318491725828 131.01120383120713,31.2218961034464,124.85016836993688 131.01120711514093,31.221894871395303,125.1761648309836 131.01121040265178,31.22189363844124,125.50141603321052 131.01121369123112,31.221892405339528,125.82570393045556 131.01121697980395,31.221891172414047,126.14893619408792 131.01122026807252,31.22188993975762,126.47108600289748 131.01122355843015,31.221888706669144,126.7923476402842 131.01122684625,31.22188747451837,127.1123379172444 131.01123013826398,31.22188624132636,127.43160469263304 131.01123343058998,31.221885008241383,127.74982721047284 131.0112367250658,31.22188377472613,128.0671523782881 131.01124001853967,31.221882541707902,128.383325246956 131.0112433110703,31.22188130917004,128.6983508330945 131.01124660662413,31.22188007595277,129.01254229337343 131.01124990391892,31.22187884243352,129.32579485190965 131.01125320471013,31.221877608099312,129.63824500042952 131.01125650354317,31.221876374544216,129.94946502556627 131.011259802922,31.22187514103477,130.25965196255376 131.01126310792225,31.221873906087183,130.56919787496864 131.01126640996793,31.221872672204864,130.8774384178249 131.0112697160355,31.22187143734678,131.18491328656583 131.01127302241,31.221870202595262,131.4913362069943 131.0112763261296,31.221868968812448,131.7964829255049 131.01127963130145,31.221867734793687,132.10066864722495 131.01128293602474,31.221866501090048,132.40374941305595 131.01128624060058,31.22186526760845,132.70575002274958 131.0112895450189,31.22186403434636,133.00667164726943 131.01129284926867,31.22186280130113,133.30651557584065 131.0112961533378,31.22186156846997,133.6052832268828 131.0112994572132,31.221860335850074,133.9029761221686 131.01130276088088,31.22185910343849,134.19959589576757 131.0113060643259,31.2218578712322,134.49514429404746 131.01130936753265,31.22185663922811,134.78962315480055 131.0113126704846,31.22185540742308,135.08303441519556 131.01131597316456,31.22185417581388,135.37538010780153 131.0113192755546,31.221852944397227,135.66666234766677 131.01132257763626,31.221851713169805,135.95688333132537 131.01132587939057,31.221850482128254,136.2460453387848 131.01132918079787,31.22184925126917,136.5341507096713 131.01133248183822,31.221848020589125,136.8212018581397 131.01133578249124,31.22184679008468,137.10720125001228 131.01133908273616,31.22184555975236,137.3921514176891 131.01134238255204,31.22184432958869,137.67605493132282 131.0113456819176,31.22184309959021,137.9589144057767 131.0113489808115,31.22184186975345,138.24073249565694 131.0113522792122,31.22184064007496,138.5215118843769 131.01135557709813,31.221839410551308,138.80125528415985 131.01135887444767,31.22183818117908,139.07996541914017 131.01136217123943,31.22183695195489,139.3576450362997 131.01136546745187,31.221835722875426,139.63429688359858 131.0113687630637,31.22183449393737,139.909923713954 131.01137205805384,31.22183326513749,140.1845282752994 131.0113753524014,31.22183203647261,140.45811330462217 131.0113786460859,31.2218308079396,140.73068153094596 131.011381939087,31.22182957953539,141.0022356534638 131.0113852313849,31.221828351257017,141.272778354461 131.01138852296012,31.22182712310157,141.54231227645317 131.0113918137937,31.221825895066235,141.81084003709836 131.01139510386707,31.221824667148272,142.0783642013648 131.01139839316235,31.22182343934505,142.344887295448 131.01140168166208,31.22182221165404,142.61041179782595 131.01140496934948,31.2218209840728,142.8749401213675 131.01140825620834,31.221819756599,143.13847463023097 131.01141154222316,31.221818529230408,143.40101761799755 131.01141482737907,31.221817301964936,143.66257131661754 131.01141811166195,31.22181607480057,143.9231378864716 131.01142139505836,31.22181484773548,144.18271940941267 131.0114246775557,31.221813620767875,144.4413178907558 131.01142795914205,31.221812393896165,144.69893525530185 131.01143123980629,31.221811167118844,144.9555733453506 131.01143451953817,31.221809940434564,145.2112339097679 131.0114377983282,31.221808713842087,145.4659186188951 131.01144107616767,31.221807487340303,145.71962904367675 131.0114443530488,31.22180626092825,145.97236666261836 131.0114476289646,31.221805034605115,146.22413285880594 131.01145090390892,31.221803808370183,146.4749289208993 131.01145417787643,31.22180258222292,146.72475603418783 131.0114574508627,31.221801356162885,146.97361528854205 131.01146072286423,31.22180013018981,147.22150767046244 131.01146399387818,31.22179890430354,147.4684340680491 131.01146726390263,31.221797678504057,147.71439526205782 131.01147053293653,31.2217964527915,147.9593919368324 131.0114738009796,31.22179522716611,148.20342467334825 131.01147706803246,31.22179400162828,148.44649394623073 131.01148033409643,31.221792776178503,148.6886001317056 131.01148359917372,31.221791550817453,148.92974350561437 131.01148686326724,31.22179032554589,149.16992424142336 131.01149012638072,31.221789100364703,149.40914241221387 131.01149338851863,31.22178787527492,149.6473979916753 131.0114966496861,31.221786650277647,149.88469086106304 131.01149990988912,31.221785425374154,150.1210208022415 131.0115031691342,31.22178420056579,150.35638750464148 131.01150642742857,31.221782975854016,150.5907905632721 131.01150968478015,31.221781751240425,150.8242294846845 131.01151294119745,31.22178052672665,151.0567036859782 131.01151619668954,31.221779302314488,151.2882124997715 131.0115194512661,31.2217780780058,151.51875517916963 131.01152270493742,31.221776853802528,151.7483308848442 131.01152595771413,31.22177562970669,151.9769387118698 131.01152920960746,31.22177440572044,152.20457767481489 131.01153246062907,31.221773181845915,152.43124671171634 131.01153571079115,31.221771958085405,152.65694470197198 131.01153896010612,31.221770734441225,152.8816704494419 131.01154220858686,31.22176951091575,153.1054226973578 131.0115454562466,31.221768287511416,153.32820013428727 131.01154870309884,31.22176706423072,153.5500013871751 131.0115519491574,31.22176584107621,153.77082502830044 131.01155519443634,31.221764618050432,153.9906695901869 131.01155843894992,31.221763395156007,154.20953354969768 131.0115616827126,31.2217621723956,154.42741534990387 131.01156492573898,31.221760949771816,154.6443133881537 131.01156816804385,31.221759727287388,154.86022603396736 131.011571409642,31.221758504945004,155.0751516220759 131.01157465054845,31.22175728274736,155.28908845937934 131.01157789077803,31.221756060697167,155.50203483190435 131.01158113034572,31.22175483879716,155.713989009774 131.01158436926653,31.22175361705,155.92494923726565 131.01158760755533,31.22175239545841,156.13491375467987 131.01159084522695,31.22175117402505,156.34388079038789 131.0115940822961,31.221749952752603,156.55184857076964 131.01159731877746,31.22174873164368,156.75881531922008 131.0116005546854,31.221747510700872,156.96477926012454 131.01160379003423,31.22174628992676,157.1697386297914 131.011607024838,31.22174506932385,157.37369166850073 131.01161025911065,31.221743848894647,157.57663663044255 131.01161349286568,31.221742628641543,157.77857179266175 131.01161672611656,31.22174140856696,157.97949544511997 131.01161995887625,31.22174018867317,158.17940590261964 131.01162319115758,31.221738968962462,158.37830150778765 131.0116264229729,31.22173774943701,158.57618063405587 131.01162965433443,31.22173653009896,158.77304168367274 131.0116328852538,31.221735310950347,158.96888309764284 131.01163611574245,31.22173409199313,159.16370335572554 131.0116393458113,31.22173287322922,159.35750097544135 131.01164257547094,31.22173165466042,159.5502745210173 131.01164580473153,31.22173043628844,159.74202260239105 131.01164903360282,31.22172921811492,159.93274387918805 131.01165226209412,31.2217280001414,160.1224370617143 131.01165549021422,31.22172678236929,160.31110091294352 131.0116587179716,31.221725564799986,160.49873425050487 131.0116619453742,31.221724347434687,160.6853359536412 131.01166517242945,31.22172313027455,160.87090495525504 131.0116683991444,31.221721913320607,161.0554402518497 131.0116716255256,31.2217206965738,161.23894090452202 131.01167485157907,31.221719480034924,161.42140603597971 131.0116780773103,31.2217182637047,161.6028348325302 131.01168130272458,31.22171704758373,161.78322655203112 131.01168452782636,31.221715831672498,161.9625805199136 131.01168775261985,31.22171461597136,162.14089612421378 131.01169097710863,31.22171340048059,162.31817282849235 131.0116942012959,31.22171218520032,162.49441016587252 131.0116974251844,31.22171097013057,162.66960773506148 131.01170064877627,31.22170975527124,162.8437652162553 131.01170387207338,31.221708540622146,163.01688235026523 131.01170709507696,31.221707326182948,163.18895896038492 131.01171031778787,31.221706111953218,163.3599949285339 131.01171354020656,31.2217048979324,163.52999022607196 131.01171676233295,31.221703684119813,163.69894488099726 131.01171998416655,31.22170247051469,163.8668589988197 131.01172320570663,31.22170125711614,164.03373275361517 131.0117264269518,31.221700043923143,164.1995663969714 131.0117296479004,31.221698830934592,164.36436024208376 131.01173286855033,31.221697618149253,164.52811467866547 131.0117360888992,31.2216964055658,164.6908301570445 131.01173930894416,31.22169519318279,164.85250719810216 131.01174252868205,31.22169398099868,165.01314639426715 131.01174574810935,31.221692769011824,165.1727483965958 131.0117489672224,31.221691557220502,165.33131391973996 131.01175218601685,31.221690345622857,165.48884374492968 131.01175540448844,31.22168913421698,165.64533871401036 131.01175862263233,31.22168792300084,165.80079972546568 131.01176184044365,31.22168671197232,165.95522773938845 131.01176505791707,31.22168550112924,166.1086237665469 131.0117682750472,31.221684290469323,166.2609888773311 131.0117714918283,31.221683079990218,166.412324192806 131.01177470825448,31.22168186968949,166.56263088471405 131.01177792431963,31.221680659564647,166.7119101744788 131.01178114001752,31.221679449613124,166.8601633262491 131.01178435534166,31.22167823983228,167.00739165584537 131.0117875702855,31.221677030219432,167.15359651286673 131.0117907848423,31.221675820771804,167.2987792965963 131.01179399900525,31.221674611486623,167.4429414341338 131.0117972127674,31.22167340236103,167.5860843933174 131.01180042612168,31.22167219339212,167.72820967676023 131.01180363906104,31.22167098457696,167.86931881489295 131.01180685157834,31.221669775912567,168.0094133679524 131.0118100636664,31.22166856739595,168.14849492200483 131.0118132753179,31.22166735902407,168.28656508596703 131.0118164865257,31.221666150793872,168.4236254916032 131.01181969728253,31.22166494270227,168.559677784583 131.01182290758115,31.22166373474617,168.6947236314372 131.0118261174144,31.221662526922472,168.82876471657727 131.01182932677509,31.22166131922806,168.96180272142317 131.01183253565603,31.221660111659823,169.09383935123878 131.01183574405033,31.22165890421464,169.22487630829767 131.01183895195092,31.22165769688941,169.35491530082754 131.01184215935092,31.221656489681035,169.48395804102313 131.0118453662436,31.22165528258644,169.61200623411366 131.01184857262223,31.221654075602533,169.7390615892955 131.01185177848032,31.221652868726306,169.8651258028368 131.01185498381136,31.22165166195472,169.9902005660283 131.01185818860907,31.2216504552848,170.11428756021513 131.0118613928674,31.221649248713604,170.23738845083167 131.01186459658035,31.221648042238208,170.35950489137983 131.01186779974208,31.22164683585576,170.48063851746394 131.01187100234696,31.22164562956343,170.6007909408294 131.01187420438953,31.22164442335845,170.71996375830648 131.0118774058645,31.22164321723812,170.83815853491467 131.01188060676685,31.22164201119977,170.95537681777856 131.0118838070917,31.221640805240813,171.07162012221178 131.0118870068343,31.22163959935872,171.1868899366884 131.01189020599037,31.221638393551007,171.30118771091486 131.0118934045555,31.22163718781531,171.41451487074033 131.01189660252575,31.2216359821493,171.52687279927136 131.01189979989735,31.221634776550747,171.63826284979396 131.01190299666672,31.221633571017488,171.74868633185827 131.01190619283048,31.22163236554745,171.858144517243 131.0119093883856,31.221631160138635,171.96663863896077 131.01191258332915,31.22162995478915,172.07416988231466 131.01191577765857,31.2216287494972,172.18073939284807 131.01191897137144,31.221627544261047,172.2863482683949 131.0119221644656,31.22162633907908,172.39099756504245 131.01192535693914,31.221625133949768,172.49468828520483 131.01192854879042,31.221623928871697,172.5974213885564 131.011931740018,31.22162272384355,172.69919778109883 131.0119349306206,31.221621518864097,172.80001832211912 131.01193812059736,31.221620313932213,172.89988382021266 131.01194130994753,31.22161910904692,172.9987950273213 131.0119444986706,31.22161790420728,173.0967526476782 131.01194768676635,31.221616699412508,173.19375733681403 131.01195087423469,31.22161549466193,173.28980968764276 131.01195406107584,31.22161428995496,173.3849102483515 131.01195724729018,31.221613085291125,173.4790595055042 131.01196043287842,31.221611880670064,173.5722578999452 131.0119636178413,31.221610676091554,173.6645058128834 131.01196680217993,31.22160947155544,173.75580357185612 131.01196998589555,31.221608267061693,173.8461514517238 131.01197316898958,31.221607062610406,173.93554967466875 131.01197635146372,31.221605858201777,174.02399840622104 131.0119795333198,31.221604653836103,174.111497759233 131.0119827145598,31.2216034495138,174.1980477968614 131.01198589518594,31.22160224523538,174.28364851964668 131.01198907520063,31.221601041001488,174.3682998903606 131.01199225460633,31.221599836812853,174.45200180418874 131.0119954334058,31.221598632670307,174.53475411954233 131.01199861160185,31.221597428574803,174.6165566342037 131.01200178919743,31.22159622452738,174.69740909924113 131.01200496619575,31.22159502052919,174.77731122000327 131.01200814260002,31.221593816581468,174.85626264617832 131.01201131841364,31.22159261268557,174.93426298869363 131.01201449364007,31.22159140884292,175.01131180380895 131.012017668283,31.22159020505505,175.08740860902245 131.0120208423461,31.221589001323583,175.16255287511754 131.01202401583316,31.22158779765024,175.23674403312 131.0120271887481,31.2215865940368,175.30998146436002 131.01203036109493,31.22158539048513,175.38226451736713 131.0120335328776,31.22158418699721,175.45359249892607 131.01203670410032,31.221582983575072,175.52396467705765 131.01203987476725,31.221581780220816,175.5933802810187 131.0120430448826,31.22158057693664,175.66183850925364 131.0120462144506,31.22157937372477,175.72933852740596 131.01204938347558,31.221578170587552,175.79587946136064 131.0120525519619,31.22157696752736,175.86146041414145 131.01205571991386,31.221575764546618,175.9260804539823 131.01205888733583,31.22157456164784,175.98973862724984 131.01206205423225,31.22157335883356,176.05243394750775 131.01206522060738,31.221572156106376,176.11416541142128 131.01206838646564,31.22157095346895,176.1749319878231 131.01207155181137,31.221569750923948,176.23473262566492 131.01207471664887,31.22156854847409,176.29356625501003 131.0120778809825,31.221567346122136,176.3514317850467 131.01208104481643,31.22156614387087,176.40832811601396 131.012084208155,31.22156494172312,176.46425412826895 131.0120873710023,31.22156373968172,176.51920869023724 131.01209053336248,31.221562537749502,176.57319066437677 131.01209369523963,31.22156133592937,176.6261988972384 131.01209685663773,31.221560134224188,176.67823223536763 131.01210001756067,31.221558932636857,176.7292895133786 131.01210317801247,31.22155773117027,176.7793695648857 131.01210633799676,31.221556529827307,176.8284712244921 131.01210949751732,31.22155532861088,176.87659332182537 131.01211265657767,31.221554127523856,176.9237346884947 131.01211581518152,31.22155292656912,176.96989416405475 131.01211897333212,31.221551725749524,177.01507058507173 131.01212213103292,31.221550525067883,177.05926280599596 131.01212528828705,31.22154932452704,177.1024696753063 131.01212844509772,31.22154812412976,177.14469006433626 131.01213160146787,31.2215469238788,177.1859228473919 131.01213475740047,31.221545723776885,177.22616691865116 131.0121379128983,31.221544523826687,177.2654211792404 131.01214106796402,31.221543324030872,177.30368455015747 131.01214422260017,31.22154212439199,177.34095597425687 131.0121473768092,31.221540924912624,177.37723440432498 131.01215053059343,31.22153972559525,177.4125188229556 131.01215368395506,31.221538526442284,177.44680823062515 131.01215683689617,31.22153732745614,177.48010164966666 131.01215998941865,31.22153612863909,177.5123981312267 131.0121631415244,31.22153492999342,177.54369674930345 131.0121662932151,31.22153373152128,177.57399660472092 131.01216944449223,31.22153253322478,177.60329683009795 131.0121725953574,31.22153133510597,177.6315965848796 131.01217574581185,31.22153013716678,177.65889506030524 131.01217889585675,31.221528939409087,177.6851914813979 131.01218204549326,31.221527741834684,177.71048510199336 131.01218519472224,31.221526544445265,177.73477521169698 131.01218834354464,31.221525347242444,177.7580611348911 131.01219149196112,31.22152415022775,177.78034223371554 131.01219463997228,31.221522953402605,177.8016179030983 131.01219778757863,31.221521756768343,177.82188758069452 131.0122009347805,31.2215205603262,177.8411507359533 131.01220408157832,31.22151936407732,177.85940688105077 131.01220722797203,31.22151816802271,177.87665556790753 131.01221037396186,31.221516972163325,177.89289638620224 131.0122135195477,31.22151577649999,177.9081289633704 131.01221666472938,31.22151458103344,177.92235297454323 131.0122198095067,31.221513385764247,177.93556813360271 131.0122229538793,31.221512190692945,177.94777419715817 131.01222609784682,31.221510995819926,177.95897095659333 131.0122292414087,31.221509801145487,177.96915825695143 131.01223238456436,31.221508606669783,177.97833597606282 131.01223552731315,31.22150741239288,177.98650404144212 131.01223866965427,31.221506218314737,177.99366241537803 131.01224181158705,31.221505024435185,177.9998111108378 131.01224495311047,31.22150383075396,178.0049501775507 131.01224809422365,31.221502637270632,178.00907971691782 131.0122512349256,31.22150144398476,178.0121998591519 131.01225437521524,31.22150025089569,178.0143107841493 131.01225751509148,31.221499058002724,178.01541271751455 131.0122606545532,31.221497865305,178.01550591962723 131.01226379359915,31.22149667280157,178.01459069756913 131.0122669322282,31.22149548049141,178.01266739220313 131.012270070439,31.22149428837332,178.00973639109415 131.0122732082303,31.221493096446032,178.0057981225465 131.01227634560078,31.22149190470817,178.0008530476522 131.01227948254916,31.22149071315824,177.99490167221728 131.012282619074,31.221489521794656,177.987944541793 131.012285755174,31.221488330615728,177.9799822307437 131.01228889084777,31.22148713961965,177.97101535914135 131.01229202609397,31.221485948804546,177.96104457587123 131.0122951609112,31.22148475816841,177.95007057055795 131.0122982952981,31.22148356770917,177.9380940646204 131.01230142925334,31.221482377424657,177.92511581127195 131.01230456277554,31.221481187312587,177.91113659949707 131.01230769586337,31.221479997370626,177.89615724709256 131.01231082851547,31.22147880759632,177.88017860166244 131.01231396073072,31.22147761798717,177.8632015426064 131.0123170925077,31.22147642854057,177.84522697515553 131.0123202238452,31.22147523925385,177.8262558353425 131.01232335474202,31.221474050124275,177.80628907906876 131.012326485197,31.22147286114902,177.78532769204395 131.01232961520904,31.221471672325222,177.76337267885285 131.01233274477704,31.22147048364992,177.7404250728941 131.01233587389993,31.221469295120137,177.7164859204792 131.0123390025767,31.2214681067328,177.6915562957398 131.01234213080647,31.221466918484804,177.6656372827384 131.01234525858823,31.221465730373005,177.63872998938368 131.01234838592123,31.22146454239419,177.6108355355022 131.01235151280468,31.221463354545147,177.58195505482823 131.01235463923774,31.221462166822583,177.55208969599687 131.01235776521975,31.2214609792232,177.52124061956252 131.0123608907502,31.22145979174365,177.48940899501784 131.01236401582838,31.221458604380604,177.45659599781104 131.01236714045388,31.22145741713065,177.42280281531114 131.01237026462618,31.221456229990444,177.38803063786253 131.01237338834497,31.221455042956546,177.35228065778963 131.01237651160992,31.22145385602556,177.3155540763575 131.0123796344207,31.221452669194075,177.277852090848 131.01238275677724,31.221451482458708,177.2391758995321 131.01238587867928,31.221450295816023,177.19952670166816 131.01238900012683,31.221449109262647,177.15890569551553 131.01239212111992,31.22144792279521,177.11731406441987 131.0123952416585,31.221446736410368,177.07475299470315 131.0123983617428,31.22144555010477,177.03122366671903 131.01240148137293,31.221444363875143,176.98672724690175 131.01240460054913,31.221443177718218,176.941264892736 131.01240771927172,31.221441991630748,176.8948377557379 131.01241083754107,31.221440805609564,176.84744696555464 131.01241395535752,31.221439619651523,176.79909364685844 131.01241707272163,31.221438433753548,176.74977890046506 131.01242018963384,31.2214372479126,176.6995038192347 131.01242330609475,31.2214360621257,176.6482694711765 131.01242642210502,31.22143487638996,176.5960769064055 131.01242953766527,31.22143369070252,176.54292715913152 131.01243265277617,31.221432505060623,176.4888212357316 131.01243576743855,31.221431319461576,176.433760121708 131.01243888165317,31.22143013390277,176.37774478268156 131.0124419954208,31.22142894838167,176.32077615445328 131.01244510874238,31.221427762895832,176.26285514598675 131.0124482216188,31.22142657744291,176.20398264835237 131.01245133405095,31.221425392020645,176.14415950888562 131.01245444603978,31.22142420662687,176.0833865610062 131.01245755758634,31.221423021259543,176.02166460036247 131.01246066869152,31.221421835916708,175.9589943907963 131.01246377935638,31.22142065059652,175.89537666931147 131.01246688958196,31.221419465297224,175.83081213514143 131.01246999936927,31.221418280017232,175.76530145869535 131.01247310871935,31.221417094755008,175.6988452765873 131.01247621763332,31.221415909509183,175.6314441846793 131.01247932611216,31.221414724278496,175.563098750009 131.01248243415688,31.2214135390618,175.49380949786783 131.0124855417686,31.221412353858064,175.4235769286988 131.0124886489483,31.221411168666418,175.35240149125949 131.01249175569703,31.221409983486097,175.28028360548316 131.0124948620158,31.22140879831647,175.20722365055133 131.01249796790557,31.22140761315704,175.13322197284543 131.01250107336728,31.221406428007448,175.05827887302533 131.01250417840188,31.22140524286748,174.98239462193274 131.01250728301028,31.22140405773704,174.9055694397185 131.0125103871934,31.221402872616164,174.8278035206905 131.01251349095196,31.22140168750504,174.7490970114477 131.01251659428684,31.221400502404,174.6694500238007 131.01251969719874,31.221399317313505,174.58886262582683 131.0125227996884,31.22139813223415,174.50733485677836 131.01252590175648,31.221396947166674,174.4248667052172 131.01252900340353,31.221395762111968,174.34145812889207 131.0125321046301,31.22139457707103,174.257109043806 131.01253520543676,31.221393392045016,174.17181933017963 131.01253830582385,31.221392207035223,174.0855888314574 131.01254140579175,31.221391022043072,173.9984173473494 131.01254450534077,31.22138983707012,173.91030464874106 131.0125476044711,31.221388652118048,173.82125046576476 131.012550703183,31.22138746718869,173.731254493765 131.01255380147643,31.221386282284023,173.64031639130823 131.01255689935144,31.22138509740609,173.54843578813612 131.012559996808,31.22138391255713,173.45561226926145 131.01256309384587,31.22138272773945,173.3618453968351 131.01256619046487,31.221381542955505,173.26713469523528 131.0125692866647,31.22138035820788,173.17147965802823 131.0125723824449,31.22137917349924,173.07487975293398 131.012575477805,31.2213779888324,172.97733440692 131.01257857274447,31.22137680421025,172.8788430270721 131.0125816672626,31.221375619635825,172.77940498966103 131.01258476135862,31.221374435112224,172.67901964312523 131.01258785503174,31.221373250642685,172.57768631204567 131.01259094828097,31.221372066230487,172.4754042971451 131.01259404110533,31.221370881879057,172.3721728693249 131.01259713350368,31.22136969759188,172.26799128358013 131.01260022547487,31.221368513372525,172.16285877204172 131.0126033170175,31.221367329224645,172.05677454596304 131.01260640813024,31.22136614515197,171.94973779373393 131.01260949881163,31.221364961158287,171.84174769479327 131.01261258906007,31.221363777247472,171.73280340670965 131.01261567887394,31.22136259342342,171.62290407114324 131.01261876825149,31.221361409690136,171.51204881981045 131.01262185719082,31.22136022605161,171.400236772494 131.0126249456901,31.22135904251193,171.28746703306933 131.01262803374732,31.221357859075216,171.17373870143 131.0126311213604,31.2213566757456,171.05905087050607 131.01263420852715,31.22135549252723,170.94340261930603 131.0126372952454,31.221354309424328,170.82679302882053 131.0126403815128,31.22135312644108,170.7092211740696 131.01264346732697,31.22135194358172,170.5906861290727 131.01264655268548,31.221350760850463,170.47118696585423 131.01264963758584,31.22134957825156,170.3507227574256 131.0126527220254,31.221348395789207,170.22929257877823 131.0126558060016,31.22134721346762,170.10689551185402 131.01265888951173,31.221346031290988,169.9835306415685 131.012661972553,31.22134484926348,169.8591970597867 131.01266505512268,31.221343667389228,169.7338938673107 131.0126681372179,31.22134248567233,169.60762017387952 131.01267121883575,31.221341304116866,169.4803751001579 131.0126742999734,31.22134012272684,169.35215778270324 131.01267738062785,31.2213389415062,169.22296736899813 131.01268046079613,31.22133776045885,169.0928030244063 131.01268354047522,31.22133657958864,168.96166392620995 131.0126866196621,31.221335398899324,168.82954927553607 131.01268969835377,31.22133421839459,168.6964582943741 131.01269277654717,31.22133303807804,168.56239021762556 131.01269585423927,31.2213318579532,168.42734430801153 131.012698931427,31.221330678023488,168.29131985607395 131.01270200810734,31.22132949829224,168.1543161662591 131.01270508427723,31.221328318762662,168.01633257878436 131.0127081599337,31.221327139437896,167.877368452742 131.01271123507377,31.22132596032092,167.73742318796502 131.01271430969447,31.22132478141461,167.59649619818995 131.0127173837928,31.221323602721743,167.4545869378948 131.012720457366,31.221322424244928,167.3116948883828 131.0127235304111,31.22132124598668,167.1678195677217 131.0127266029254,31.22132006794933,167.022960522792 131.01272967490607,31.221318890135127,166.8771173352512 131.0127327463505,31.22131771254612,166.73028962749714 131.01273581725604,31.22131653518424,166.58247704974644 131.01273888762017,31.22131535805125,166.43367929494377 131.01274195744037,31.22131418114878,166.28389608981627 131.01274502671424,31.221313004478272,166.1331272008373 131.01274809543955,31.221311828041017,165.98137243124407 131.01275116361407,31.22131065183813,165.8286316250145 131.01275423123568,31.221309475870605,165.67490466289115 131.01275729830235,31.2213083001392,165.52019146734892 131.01276036481215,31.221307124644543,165.36449200657466 131.0127634307633,31.22130594938708,165.20780627557863 131.01276649615411,31.22130477436705,165.0501343240266 131.0127695609831,31.22130359958457,164.89147623437398 131.01277262524863,31.22130242503956,164.73183213180354 131.01277568894963,31.22130125073172,164.57120218621418 131.01277875208467,31.22130007666063,164.4095866042697 131.01278181465293,31.221298902825644,164.24698563436843 131.01278487665334,31.221297729225974,164.08339956664264 131.0127879380852,31.22129655586064,163.9188287329604 131.01279099894785,31.22129538272845,163.75327350493518 131.01279405924086,31.22129420982809,163.58673429293486 131.0127971189638,31.22129303715805,163.41921154607962 131.01280017811663,31.221291864716616,163.25070576019507 131.0128032366992,31.221290692501928,163.08121746091376 131.01280629471168,31.221289520511952,162.9107472165994 131.01280935215436,31.22128834874448,162.73929563138574 131.01281240902767,31.221287177197134,162.56686334915543 131.01281546533224,31.22128600586738,162.39345104956357 131.01281852106877,31.221284834752527,162.2190594460492 131.0128215762382,31.221283663849714,162.0436892858361 131.01282463084155,31.221282493155936,161.86734134993347 131.0128276848802,31.22128132266803,161.69001646108683 131.0128307383554,31.2212801523827,161.51171546091808 131.01283379126872,31.221278982296504,161.33243922781585 131.01283684362193,31.22127781240585,161.15218866997995 131.01283989541676,31.221276642707057,160.97096472343117 131.01284294665535,31.22127547319626,160.78876835499548 131.01284599733972,31.221274303869524,160.6056005483879 131.01284904747223,31.221273134722768,160.42146232011595 131.0128520970554,31.22127196575182,160.236354709541 131.01285514609165,31.221270796952407,160.05027877192 131.0128581945838,31.221269628320144,159.8632355953037 131.01286124253468,31.22126845985057,159.67522627171195 131.01286428994726,31.22126729153916,159.48625191999443 131.01286733682463,31.22126612338125,159.29631367390374 131.01287038317,31.2212649553722,159.1054126820966 131.0128734289867,31.22126378750724,158.9135501071387 131.0128764742782,31.221262619781577,158.7207271195416 131.01287951904803,31.22126145219037,158.52694489875793 131.01288256329985,31.221260284728736,158.33220463914347 131.0128856070373,31.22125911739177,158.13650753703834 131.0128886502643,31.22125795017456,157.93985479374706 131.01289169298462,31.221256783072125,157.7422476135521 131.0128947352023,31.22125561607956,157.54368720271918 131.01289777692128,31.22125444919189,157.34417476850484 131.0129008181457,31.22125328240421,157.14371151517943 131.01290385887967,31.22125211571161,156.942298640053 131.0129068991273,31.221250949109223,156.73993734142573 131.0129099388928,31.22124978259222,156.53662880666138 131.0129129781803,31.22124861615579,156.33237421516927 131.0129160169942,31.22124744979521,156.12717473343562 131.0129190553386,31.22124628350584,155.92103151800367 131.01292209321767,31.22124511728305,155.71394571547506 131.01292513063575,31.221243951122343,155.50591844958925 131.01292816759693,31.221242785019303,155.2969508291737 131.0129312041054,31.221241618969607,155.08704394913943 131.0129342401653,31.22124045296904,154.87619887457683 131.0129372757807,31.221239287013503,154.6644166576544 131.01294031095557,31.221238121099,154.4516983246956 131.0129433456939,31.221236955221727,154.2380448722049 131.01294637999953,31.22123578937796,154.02345727978815 131.01294941387627,31.22123462356412,153.80793648928037 131.01295244732785,31.221233457776847,153.5914834176675 131.0129554803578,31.221232292012868,153.3740989541029 131.0129585129696,31.22123112626912,153.15578395195823 131.01296154516666,31.22122996054269,152.93653923279723 131.01296457695216,31.221228794830868,152.71636558737163 131.01296760832926,31.22122762913113,152.49526376369172 131.01297063930087,31.22122646344113,152.2732344789559 131.01297366986978,31.22122529775873,152.0502784125914 131.01297670003862,31.22122413208202,151.82639620526126 131.01297972980987,31.221222966409265,151.60158845588202 131.01298275918586,31.221221800738945,151.3758557305696 131.01298578816863,31.221220635069788,151.1491985457422 131.01298881676016,31.22121946940072,150.92161738004717 131.01299184496216,31.221218303730904,150.6931126713796 131.0129948727761,31.22121713805973,150.46368481588817 131.0129979002033,31.22121597238684,150.2333341630057 131.01300092724483,31.22121480671207,150.00206101942356 131.01300395390163,31.22121364103552,149.76986565108177 131.0130069801743,31.221212475357536,149.536748277203 131.01301000606327,31.221211309678697,149.3027090712878 131.0130130315687,31.22121014399981,149.06774817105304 131.01301605669056,31.22120897832193,148.83186566054167 131.01301908142847,31.221207812646377,148.5950615840376 131.01302210578197,31.22120664697469,148.35733593612505 131.01302512975028,31.221205481308647,148.11868867958165 131.01302815333224,31.22120431565026,147.87911972251513 131.01303117652665,31.22120315000181,147.63862893327388 131.01303419933197,31.22120198436576,147.3972161414402 131.01303722174632,31.22120081874485,147.1548811278908 131.0130402437677,31.22119965314206,146.9116236406998 131.01304326539383,31.221198487560528,146.66744337923507 131.0130462866221,31.22119732200369,146.422340008074 131.0130493074498,31.22119615647514,146.17631314905137 131.0130523278737,31.22119499097871,145.92936239119763 131.01305534789063,31.221193825518448,145.68148728080135 131.01305836749702,31.221192660098577,145.43268733035268 131.01306138668903,31.221191494723527,145.1829620235137 131.01306440546267,31.221190329397903,144.9323108031909 131.0130674238137,31.221189164126542,144.68073307948612 131.01307044173765,31.221187998914367,144.42822824062944 131.0130734592298,31.221186833766545,144.1747956350897 131.01307647628522,31.22118566868836,143.92043459145108 131.01307949289878,31.221184503685222,143.66514440748023 131.01308250906516,31.221183338762746,143.4089243590722 131.01308552477883,31.221182173926607,143.1517737002495 131.0130885400341,31.22118100918264,142.8936916601805 131.01309155482508,31.221179844536767,142.6346774491419 131.0130945691457,31.22117867999505,142.37473026647191 131.01309758298976,31.221177515563586,142.11384928963443 131.01310059635085,31.22117635124858,141.8520336811785 131.01310360922255,31.221175187056296,141.58928259867616 131.0131066215982,31.22117402299306,141.32559518478362 131.013109633471,31.22117285906522,141.06097057419788 131.0131126448341,31.22117169527917,140.79540789962084 131.01311565568065,31.22117053164134,140.52890628977133 131.01311866600355,31.221169368158144,140.26146486839028 131.01312167579567,31.22116820483599,139.99308276020497 131.01312468504992,31.221167041681284,139.72375909987403 131.013127693759,31.221165878700383,139.4534930170777 131.0131307019158,31.22116471589964,139.18228365341585 131.013133709513,31.2211635532853,138.91013016041893 131.01313671654336,31.221162390863583,138.63703169656594 131.01313972299965,31.221161228640607,138.36298743821888 131.0131427288746,31.221160066622417,138.08799657266354 131.01314573416113,31.221158904814924,137.81205831301975 131.01314873885207,31.22115774322395,137.53517187836135 131.01315174294035,31.221156581855183,137.25733652055382 131.013154746419,31.22115542071417,136.97855150835005 131.01315774928122,31.221154259806287,136.6988161403119 131.01316075152016,31.22115309913676,136.41812973785255 131.0131637531292,31.221151938710666,136.13649165219448 131.01316675410186,31.22115077853284,135.8539012693379 131.01316975443177,31.221149618607967,135.57035800409903 131.0131727541128,31.221148458940487,135.28586130507745 131.01317575313888,31.22114729953467,135.00041065565233 131.01317875150428,31.22114614039449,134.71400557994454 131.01318174920337,31.221144981523768,134.42664564182368 131.0131847462308,31.22114382292598,134.13833043894314 131.0131877425814,31.221142664604443,133.84905961665703 131.0131907382503,31.221141506562148,133.55883285807985 131.01319373323292,31.22114034880184,133.26764989601395 131.0131967275248,31.22113919132596,132.97551050400386 131.0131997211219,31.221138034136715,132.68241449832487 131.01320271402045,31.22113687723596,132.38836175488052 131.01320570621695,31.22113572062532,132.09335217640083 131.01320869770822,31.22113456430604,131.7973857361774 131.01321168849137,31.22113340827912,131.50046244426971 131.01321467856388,31.221132252545235,131.20258235943075 131.0132176679236,31.22113109710476,130.90374559407948 131.01322065656865,31.22112994195769,130.60395231330472 131.0132236444975,31.221128787103808,130.30320272194487 131.013226631709,31.221127632542487,130.0014970914258 131.0132296182024,31.22112647827284,129.698835727952 131.01323260397723,31.221125324293617,129.3952189993462 131.01323558903348,31.2211241706033,129.09064731516895 131.01323857337147,31.221123017200007,128.78512114162817 131.0132415569918,31.22112186408157,128.47864099064697 131.0132445398955,31.22112071124553,128.17120742185 131.01324752208416,31.22111955868905,127.86282104852909 131.0132505035594,31.22111840640908,127.55348252372664 131.0132534843235,31.22111725440221,127.243192555147 131.01325646437894,31.221116102664784,126.93195188626916 131.01325944372863,31.221114951192817,126.61976131424028 131.01326242237576,31.221113799982074,126.30662167695344 131.013265400324,31.22111264902804,125.99253385106044 131.0132683775773,31.221111498325968,125.6774987549528 131.01327135413993,31.221110347870823,125.3615173497578 131.01327433001654,31.221109197657352,125.04459063039144 131.01327730521203,31.221108047680065,124.72671963251776 131.01328027973173,31.221106897933257,124.40790541565006 131.0132832535811,31.22110574841101,124.08814908601408 131.01328622676616,31.221104599107207,123.76745176772184 131.01328919929287,31.221103450015576,123.44581462265236 131.01329217116776,31.221102301129648,123.12323883255928 131.01329514239742,31.22110115244281,122.79972561100028 131.01329811298876,31.22110000394831,122.47527618246195 131.01330108294883,31.22109885563928,122.1498918032357 131.01330405228512,31.221097707508736,121.82357374253044 131.01330702100495,31.221096559549583,121.49632328147985 131.01330998911615,31.221095411754696,121.16814172208892 131.01331295662646,31.221094264116854,120.83903036934096 131.0133159235439,31.22109311662877,120.50899053915144 131.01331888987653,31.2210919692832,120.17802355439106 131.0133218556326,31.22109082207283,119.8461307409106 131.01332482082032,31.221089674990367,119.51331342356472 131.01332778544798,31.221088528028567,119.17957292720676 131.013330749524,31.22108738118021,118.8449105687368 131.01333371305677,31.22108623443815,118.50932765908942 131.0133366760546,31.221085087795288,118.17282550820428 131.01333963852582,31.221083941244657,117.8354054011704 131.01334260047875,31.2210827947794,117.4970686171124 131.0133455619216,31.221081648392765,117.1578164122917 131.0133485228625,31.221080502078188,116.81765002607231 131.01335148330935,31.22107935582924,116.4765706799258 131.0133544432702,31.22107820963969,116.1345795635154 131.0133574027527,31.22107706350348,115.79167784463644 131.01336036176428,31.221075917414822,115.44786666126508 131.01336332031232,31.22107477136812,115.10314711956896 131.0133662784039,31.221073625358027,114.75752029291428 131.01336923604603,31.22107247937947,114.41098721987764 131.0133721932451,31.22107133342764,114.0635488992758 131.01337515000753,31.22107018749804,113.71520629414228 131.0133781063393,31.221069041586446,113.3659603217863 131.01338106224603,31.22106789568897,113.01581185975849 131.0133840177332,31.221066749802063,112.66476174286652 131.01338697280573,31.22106560392251,112.3128107542313 131.0133899274682,31.221064458047422,111.95995963423152 131.01339288172483,31.22106331217431,111.60620906758191 131.01339583557953,31.221062166301,111.25155970023152 131.0133987890356,31.221061020425747,110.89601211550696 131.01340174209602,31.221059874547183,110.5395668510108 131.01340469476338,31.22105872866432,110.18222438768731 131.01340764703963,31.22105758277655,109.82398515777416 131.01341059892647,31.221056436883675,109.46484953187992 131.013413550425,31.221055290985948,109.10481782793109 131.01341650153583,31.221054145083954,108.74389031415248 131.01341945225914,31.22105299917873,108.38206719614584 131.0134224025946,31.221051853271728,108.0193486278236 131.01342535254125,31.221050707364764,107.655734707432 131.01342830209788,31.22104956146012,107.29122547655788 131.01343125126257,31.22104841556044,106.9258209201277 131.01343420003295,31.22104726966877,106.55952097634749 131.0134371484062,31.22104612378856,106.19232552179264 131.01344009637893,31.221044977923658,105.82423438333556 131.01344304394726,31.221043832078266,105.45524733913932 131.0134459911069,31.221042686257,105.0853641077239 131.01344893785296,31.2210415404648,104.71458436784522 131.01345188418009,31.221040394706986,104.34290774457946 131.0134548300825,31.2210392489892,103.97033382025607 131.01345777555403,31.221038103317447,103.59686212352428 131.01346072058791,31.221036957698026,103.2224921512205 131.01346366517694,31.22103581213752,102.84722334948177 131.01346660931367,31.221034666642858,102.47105513362628 131.0134695529901,31.221033521221194,102.09398687025956 131.01347249619786,31.221032375879965,101.71601790212662 131.01347543892825,31.22103123062682,101.3371475292231 131.0134783811721,31.221030085469653,100.9573750326527 131.01348132292011,31.221028940416545,100.57669965375273 131.01348426416249,31.221027795475766,100.195120617949 131.01348720488934,31.221026650655723,99.81263712382278 131.01349014509023,31.22102550596501,99.42924834609148 131.01349308475483,31.2210243614123,99.04495345151366 131.0134960238723,31.221023217006376,98.6597515849712 131.01349896243175,31.221022072756085,98.27364188636916 131.01350190042209,31.221020928670328,97.8866234836755 131.0135048378322,31.22101978475804,97.49869550186888 131.01350777465066,31.221018641028166,97.10985705995488 131.01351071086611,31.22101749748961,96.72010728190088 131.01351364646715,31.22101635415124,96.32944529365363 131.01351658144233,31.221015211021857,95.93787023109113 131.01351951578025,31.221014068110165,95.54538123704064 131.01352244946943,31.22101292542475,95.15197747221288 131.0135253824986,31.22101178297408,94.7576581062551 131.01352831485656,31.22101064076644,94.36242233564415 131.01353124653224,31.22100949880992,93.96626937672757 131.0135341775147,31.2210083571124,93.56919846870665 131.01353710779327,31.22100721568156,93.17120888258096 131.01354003735747,31.221006074524773,92.77229991916172 131.01354296619704,31.221004933649187,92.37247091205349 131.01354589430207,31.22100379306161,91.97172123361788 131.013548821663,31.221002652768547,91.57005029397992 131.01355174827043,31.22100151277618,91.16745754401036 131.0135546741156,31.221000373090305,90.76394247631924 131.0135575991899,31.22099923371636,90.35950463519676 131.01356052348527,31.22099809465937,89.95414361164293 131.01356344699417,31.220996955924008,89.54785903939148 131.01356636970937,31.22099581751445,89.14065061578532 131.01356929162426,31.22099467943448,88.73251808189494 131.01357221273267,31.22099354168741,88.32346124240014 131.01357513302906,31.22099240427612,87.91347995266761 131.01357805250836,31.220991267202965,87.50257412769686 131.01358097116608,31.220990130469872,87.09074374410933 131.0135838889984,31.220988994078244,86.6779888341835 131.01358680600202,31.22098785802901,86.26430949380848 131.01358972217432,31.220986722322586,85.84970588248356 131.01359263751328,31.22098558695887,85.43417821437174 131.01359555201748,31.22098445193728,85.01772677420588 131.0135984656862,31.22098331725673,84.6003519013832 131.01360137851944,31.220982182915595,84.1820540009003 131.01360429051766,31.220981048911764,83.76283354136616 131.01360720168216,31.22097991524264,83.34269104903665 131.01361011201476,31.220978781905103,82.92162711278692 131.013613021518,31.220977648895577,82.49964238013418 131.01361593019513,31.220976516209976,82.07673755823222 131.01361883804995,31.22097538384377,81.6529134089023 131.01362174508688,31.22097425179197,81.22817075062098 131.013624651311,31.220973120049123,80.80251046150252 131.01362755672807,31.220971988609364,80.37593346737118 131.0136304613443,31.2209708574664,79.94844074772537 131.01363336516658,31.220969726613564,79.52003332778588 131.0136362682024,31.2209685960438,79.09071228247218 131.01363917045958,31.220967465749663,78.6604787264623 131.01364207194675,31.22096633572344,78.22933382612239 131.0136449726729,31.220965205957047,77.79727877366062 131.01364787264734,31.220964076442133,77.36431481098579 131.01365077188007,31.220962947170065,76.93044320187315 131.01365367038136,31.220961818132,76.49566525085318 131.0136565681619,31.22096068931884,76.05998228134088 131.01365946523268,31.220959560721333,75.62339564955427 131.01366236160504,31.22095843233007,75.18590672363902 131.01366525729068,31.22095730413549,74.7475168965909 131.01366815230136,31.22095617612799,74.30822757333453 131.0136710466492,31.2209550482978,73.86804016972813 131.01367394034645,31.220953920635218,73.42695610759456 131.01367683340544,31.220952793130465,72.9849768167092 131.0136797258386,31.22095166577381,72.54210372088308 131.01368261765853,31.2209505385556,72.09833824591605 131.0136855088776,31.22094941146624,71.65368180766755 131.01368839950837,31.22094828449627,71.20813581503982 131.0136912895632,31.220947157636378,70.76170165506605 131.01369417905437,31.22094603087743,70.3143807048399 131.01369706799397,31.22094490421051,69.86617431958666 131.0136999563939,31.22094377762695,69.41708382570482 131.01370284426585,31.220942651118367,68.96711052176003 131.01370573162117,31.220941524676658,68.51625568146765 131.01370861847096,31.22094039829405,68.06452053480488 131.01371150482584,31.220939271963186,67.61190627994041 131.01371439069615,31.220938145677,67.15841407528089 131.01371727609168,31.22093701942892,66.7040450335071 131.01372016102184,31.220935893212776,66.24880021560902 131.01372304549545,31.22093476702286,65.79268064579698 131.0137259295208,31.22093364085396,65.33568728565575 131.01372881310564,31.22093251470133,64.8778210460729 131.01373169625708,31.2209313885608,64.41908278723918 131.01373457898154,31.22093026242868,63.95947330373655 131.01373746128488,31.220929136301887,63.49899333447903 131.01374034317217,31.220928010177875,63.03764355774256 131.0137432246478,31.22092688405468,62.575424587187335 131.0137461057155,31.220925757930942,62.11233697086465 131.01374898637812,31.220924631805904,61.64838119519201 131.0137518666378,31.220923505679394,61.18355767998308 131.01375474649595,31.220922379551865,60.717866779441074 131.0137576259531,31.220921253424383,60.251308775199966 131.01376050500903,31.22092012729861,59.78388389222963 131.01376338366265,31.220919001176863,59.31559228193592 131.0137662619121,31.220917875062018,58.84643402514244 131.01376913975483,31.220916748957585,58.37640914899006 131.01377201718728,31.220915622867658,57.90551760407197 131.01377489420517,31.220914496796908,57.433759284315705 131.01377777080347,31.2209133707506,56.961134017041445 131.01378064697633,31.22091224473452,56.48764156892632 131.0137835227171,31.22091111875504,56.01328164898626 131.01378639801842,31.220909992819017,55.53805390459929 131.01378927287223,31.22090886693386,55.06195792746976 131.01379214726973,31.220907741107403,54.5849932605864 131.0137950212014,31.22090661534797,54.107159393251656 131.01379789465707,31.220905489664325,53.628455765057886 131.01380076762604,31.220904364065607,53.14888177483352 131.01380364009685,31.22090323856136,52.66843677070178 131.0138065120576,31.22090211316145,52.187120071950886 131.01380938349587,31.22090098787608,51.70493095312748 131.01381225439874,31.220899862715687,51.221868663918926 131.01381512475285,31.22089873769104,50.737932419211766 131.01381799454433,31.22089761281301,50.25312141499702 131.01382086375915,31.220896488092723,49.767434820416966 131.01382373238286,31.220895363541423,49.28087179267696 131.01382660040073,31.220894239170423,48.79343147107984 131.01382946779796,31.220893114991128,48.30511298994961 131.01383233455945,31.220891991014927,47.81591548061938 131.01383520067003,31.220890867253225,47.3258380654664 131.01383806611452,31.22088974371736,46.83487988077641 131.01384093087773,31.22088862041853,46.343040065808566 131.01384379494448,31.22088749736785,45.85031776776557 131.01384665829977,31.220886374576224,45.35671216068165 131.01384952092863,31.220885252054327,44.86222242653491 131.0138523828166,31.2208841298126,44.36684778009961 131.0138552439491,31.22088300786115,43.87058746596383 131.0138581043121,31.220881886209806,43.37344075256525 131.01386096389203,31.22088076486797,42.87540695406117 131.01386382267552,31.22087964384469,42.37648541541739 131.01386668064984,31.220878523148503,41.876675532289966 131.01386953780275,31.22087740278755,41.375976745061536 131.01387239412253,31.220876282769424,40.87438854381127 131.01387524959813,31.220875163101184,40.37191047129778 131.0138781042192,31.220874043789347,39.8685421249476 131.01388095797608,31.22087292483984,39.36428316281978 131.01388381085977,31.22087180625796,38.859133305594966 131.01388666286215,31.220870688048368,38.353092335580925 131.01388951397593,31.220869570215104,37.84616010367219 131.01389236419456,31.220868452761515,37.33833651940888 131.01389521351243,31.22086733569026,36.82962157284777 131.01389806192495,31.220866219003327,36.32001531766278 131.01390090942823,31.22086510270196,35.80951787909792 131.01390375601954,31.22086398678672,35.29812945396802 131.01390660169696,31.220862871257427,34.78585031463554 131.01390944645956,31.220861756113194,34.27268080602846 131.0139122903075,31.220860641352417,33.758621341664494 131.01391513324185,31.220859526972763,33.24367241160409 131.0139179752647,31.220858412971207,32.727834577480685 131.01392081637908,31.22085729934401,32.21110846951844 131.01392365658904,31.22085618608677,31.69349479150344 131.0139264958996,31.2208550731944,31.17499431084284 131.01392933431674,31.22085396066111,30.655607868506493 131.0139321718474,31.22085284848057,30.13533636411564 131.01393500849932,31.220851736645788,29.614180761907868 131.01393784428134,31.220850625149176,29.09214209173185 131.01394067920296,31.22084951398262,28.5692214341356 131.01394351327468,31.220848403137456,28.04541992434361 131.0139463465077,31.22084729260456,27.520738756233573 131.01394917891403,31.220846182374288,26.99517916444237 131.01395201050627,31.22084507243664,26.468742437290288 131.01395484129787,31.2208439627812,25.941429897892583 131.01395767130285,31.22084285339724,25.413242905154227 131.01396050053572,31.220841744273688,24.884182856752265 131.01396332901163,31.220840635399256,24.354251179194847 131.01396615674608,31.220839526762457,23.82344931986845 131.01396898375506,31.22083841835161,23.29177875300296 131.01397181005487,31.220837310154952,22.75924096575361 131.01397463566215,31.220836202160623,22.225837451242462 131.01397746059368,31.2208350943568,21.691569722476416 131.01398028486645,31.220833986731623,21.156439286499698 131.01398310849757,31.220832879273388,20.62044764936451 131.01398593150415,31.22083177197049,20.083596311160456 131.01398875390325,31.22083066481154,19.545886763032183 131.01399157571188,31.220829557785343,19.00732047524956 131.01399439694688,31.22082845088104,18.4678989011842 131.0139972176248,31.220827344088057,17.927623477309556 131.01400003776203,31.220826237396263,17.386495591387817 131.01400285737452,31.2208251307959,16.844516619253646 131.0140056764778,31.220824024277736,16.301687886041876 131.01400849508698,31.220822917833026,15.758010683088072 131.01401131321663,31.220821811453607,15.213486254010148 131.01401413088078,31.22082070513192,14.668115795702343 131.0140169480928,31.220819598861063,14.121900450381716 131.01401976486548,31.220818492634788,13.574841312546912 131.01402258121072,31.22081738644758,13.026939417048071 131.0140253971399,31.22081628029472,12.478195736104016 131.0140282126635,31.220815174172177,11.92861118228438 131.0140310277912,31.220814068076823,11.378186610497613 131.01403384253197,31.22081296200634,10.826922802084056 131.01403665689384,31.22081185595924,10.274820481716269 131.01403947088403,31.220810749934973,9.72188029950379 131.01404228450895,31.220809643933865,9.168102844910967 131.01404509777427,31.22080853795717,8.61348864079167 131.01404791068472,31.220807432007096,8.058038141400434 131.01405072324437,31.220806326086795,7.501751748298861 131.01405353545658,31.22080522020041,6.9446297835126485 131.01405634732407,31.2208041143531,6.386672527309601 131.0140591588101,31.22080300853728,5.827878778645672 131.0140619699152,31.22080190275976,5.268248667657336 131.01406478062188,31.220800797022143,4.707781636511967 131.01406759091412,31.22079969132775,4.146477148247146 131.01407040077467,31.22079858568056,3.584334593318641 131.0140732101852,31.22079748008528,3.0213532985475435 131.01407601912635,31.22079637454728,2.4575325221489206 131.01407882757772,31.220795269072603,1.8928714686440835 131.01408163551804,31.22079416366793,1.3273692848834855 131.0140844429253,31.22079305834056,0.7610250679997836 131.01408724977668,31.220791953098345,0.1938378753493108 131.01408948810305,31.22079107019041,-0.3148620326886983</coordinates>
            </LineString>
        </Placemark>
        <Placemark id="107">
            <name>flight_path</name>
            <styleUrl>#108</styleUrl>
            <LineString id="106">
                <altitudeMode>clampToGround</altitudeMode>
                <coordinates>131.010392,31.222216000000007,0.0 131.0103920000045,31.222215999991075,0.0 131.0103920000085,31.222215999994766,0.0 131.0103920000085,31.222215999994766,0.0 131.01039200000852,31.222215999994766,0.0 131.01039201539675,31.22221599246117,0.0 131.0103920617776,31.22221596990869,0.0 131.01039213193175,31.22221593580231,0.0 131.01039220552698,31.222215900001803,0.0 131.0103923261533,31.222215841380503,0.0 131.01039241011944,31.222215800500727,0.0 131.01039255023213,31.22221573238213,0.0 131.0103926908424,31.222215663995925,0.0 131.01039284206664,31.22221559043897,0.0 131.01039301222698,31.2222155076778,0.0 131.01039319835945,31.22221541714896,0.0 131.01039339622227,31.222215320908244,0.0 131.0103936086097,31.222215217601374,0.0 131.01039382835415,31.2222151107022,0.0 131.0103940692252,31.222214993537087,0.0 131.0103943154942,31.22221487372917,0.0 131.0103945800907,31.22221474501192,0.0 131.01039485370347,31.222214611898128,0.0 131.01039513986652,31.222214472675024,0.0 131.01039544418495,31.22221432462593,0.0 131.01039575462735,31.22221417358214,0.0 131.01039608061367,31.222214014978025,0.0 131.01039641907315,31.22221385030192,0.0 131.01039677261693,31.22221367828824,0.0 131.01039713608534,31.22221350143773,0.0 131.010397517966,31.22221331563664,0.0 131.01039790540767,31.22221312711366,0.0 131.01039830590005,31.22221293223868,0.0 131.01039871921526,31.222212731122088,0.0 131.01039914602634,31.222212523437697,0.0 131.0103995843797,31.222212310132328,0.0 131.01040002919007,31.222212093670787,0.0 131.010400488852,31.222211869984235,0.0 131.01040096154043,31.222211639957216,0.0 131.01040144391652,31.222211405208075,0.0 131.01040193996343,31.222211163806087,0.0 131.01040244347448,31.22221091875968,0.0 131.01040295825328,31.222210668225145,0.0 131.01040348638034,31.22221041119396,0.0 131.01040402793237,31.222210147628825,0.0 131.0104045774418,31.22220988018005,0.0 131.0104051377902,31.2222096074508,0.0 131.01040571307726,31.222209327453587,0.0 131.01040630329675,31.222209040191352,0.0 131.01040689520636,31.22220875208352,0.0 131.01040750096558,31.22220845723537,0.0 131.0104081214021,31.222208155245536,0.0 131.01040875222748,31.222207848192888,0.0 131.01040938861175,31.222207538419,0.0 131.0104100415545,31.222207220590928,0.0 131.01041070492113,31.22220689768276,0.0 131.0104113765162,31.222206570758807,0.0 131.01041206152644,31.222206238330703,0.0 131.01041275397347,31.222205900358126,0.0 131.01041345744483,31.22220555748276,0.0 131.01041417824558,31.222205205728265,0.0 131.01041490301395,31.222204851704184,0.0 131.0104156383392,31.22220449221895,0.0 131.0104163877839,31.22220412554576,0.0 131.01041715298567,31.22220375089568,0.0 131.01041791515425,31.222203377358195,0.0 131.01041869114553,31.22220299679172,0.0 131.0104194885966,31.22220260553002,0.0 131.01042028907503,31.22220221246055,0.0 131.01042109530795,31.222201816268385,0.0 131.0104219178226,31.2222014119214,0.0 131.01042275379913,31.222201000796467,0.0 131.0104235955071,31.22220058659037,0.0 131.01042444562148,31.222200168035368,0.0 131.01042531091684,31.22219974194844,0.0 131.01042619179125,31.22219930818202,0.0 131.01042707155304,31.222198874590244,0.0 131.0104279689511,31.2221984324018,0.0 131.01042887640588,31.22219798520192,0.0 131.01042979282667,31.22219753351469,0.0 131.0104307162109,31.222197078280004,0.0 131.01043165884687,31.222196613897296,0.0 131.01043261055847,31.22219614507127,0.0 131.0104335648174,31.22219567476269,0.0 131.0104345374744,31.222195195843845,0.0 131.01043552510205,31.222194709937536,0.0 131.01043651165028,31.2221942242097,0.0 131.0104375143903,31.22219373101147,0.0 131.01043853111483,31.222193231401807,0.0 131.01043955599502,31.222192727967247,0.0 131.010440589919,31.22219222033955,0.0 131.01044163761452,31.22219170652964,0.0 131.0104426981289,31.22219118700973,0.0 131.0104437633507,31.22219066524972,0.0 131.0104448455049,31.222190136134465,0.0 131.01044594222077,31.222189600746248,0.0 131.0104470422974,31.222189063753497,0.0 131.0104481633996,31.22218851792752,0.0 131.01044929390687,31.22218796810341,0.0 131.01045042749547,31.222187416835546,0.0 131.01045158335043,31.22218685647894,0.0 131.0104527504919,31.222186291513168,0.0 131.01045392779326,31.22218572240451,0.0 131.01045512063757,31.22218514709773,0.0 131.0104563212281,31.22218456867096,0.0 131.01045753097483,31.22218398660212,0.0 131.01045876482607,31.222183395284063,0.0 131.0104599952341,31.22218280517931,0.0 131.0104612505806,31.222182205666744,0.0 131.01046252052203,31.22218160072181,0.0 131.0104637932236,31.222180994705887,0.0 131.01046508040216,31.222180383355912,0.0 131.01046640106327,31.222179759943128,0.0 131.010467720414,31.22217913702177,0.0 131.0104690403444,31.22217851383456,0.0 131.01047040225671,31.22217787590878,0.0 131.01047175241072,31.22217724213447,0.0 131.01047312250287,31.22217660145948,0.0 131.01047453924517,31.222175944910816,0.0 131.01047591844727,31.22217530118564,0.0 131.01047734455028,31.222174641650344,0.0 131.01047879647342,31.222173973647568,0.0 131.01048021742128,31.222173315988687,0.0 131.01048169987706,31.22217263815357,0.0 131.0104831727698,31.22217196362152,0.0 131.01048464892972,31.2221712881036,0.0 131.01048618003435,31.222170595068828,0.0 131.0104876905255,31.22216990881,0.0 131.01048921707775,31.222169217554445,0.0 131.01049079190355,31.22216851129932,0.0 131.0104923401545,31.222167813558304,0.0 131.0104939258569,31.22216710432288,0.0 131.0104955321868,31.22216638895631,0.0 131.01049712098364,31.222165679158927,0.0 131.01049877161924,31.222164950713072,0.0 131.0105004007557,31.22216422904808,0.0 131.01050204719957,31.22216350235041,0.0 131.01050374989546,31.22216275906353,0.0 131.0105054192835,31.22216202598237,0.0 131.01050712412655,31.22216128258891,0.0 131.0105088673479,31.222160528162743,0.0 131.0105105817668,31.22215978247435,0.0 131.01051235298303,31.22215902041652,0.0 131.0105141139857,31.22215826164077,0.0 131.01051588464273,31.22215750032068,0.0 131.01051772019508,31.22215672054357,0.0 131.01051951824604,31.222155951890727,0.0 131.01052134776944,31.2221551744572,0.0 131.01052323406583,31.222154381092697,0.0 131.01052506821296,31.22215360293443,0.0 131.0105269762558,31.222152804004875,0.0 131.01052888232363,31.22215200597356,0.0 131.01053077896958,31.222151210910354,0.0 131.01053275051544,31.22215039494919,0.0 131.0105346858273,31.22214958955968,0.0 131.01053665691663,31.22214877436236,0.0 131.01053866315695,31.222147949567724,0.0 131.0105406420277,31.22214713279655,0.0 131.01054268594245,31.2221462980034,0.0 131.0105447121405,31.222145468509115,0.0 131.01054674915412,31.222144636265547,0.0 131.01054884786802,31.22214378694039,0.0 131.0105509119348,31.22214294767068,0.0 131.01055301298587,31.22214209826176,0.0 131.0105551410715,31.222141241502896,0.0 131.01055725032583,31.22214039034028,0.0 131.0105594324484,31.22213951883144,0.0 131.01056157782764,31.22213865798725,0.0 131.01056375141172,31.22213778940467,0.0 131.01056598956967,31.222136902688085,0.0 131.01056816750176,31.222136033366688,0.0 131.01057042454502,31.222135141687584,0.0 131.0105726599865,31.222134256392764,0.0 131.01057491102043,31.222133366840687,0.0 131.01057721513683,31.22213246217719,0.0 131.01057948237698,31.22213156834192,0.0 131.01058181277935,31.222130656376788,0.0 131.01058413205476,31.22212974778028,0.0 131.0105864550221,31.222128838269043,0.0 131.01058884056067,31.222127910532407,0.0 131.01059118243805,31.222126995738044,0.0 131.01059358534806,31.22212606303428,0.0 131.01059597855922,31.22212513326064,0.0 131.01059838078228,31.22212420088771,0.0 131.01060083905645,31.222123251769588,0.0 131.01060325311215,31.22212231596037,0.0 131.0106057377093,31.222121358887737,0.0 131.0106081942488,31.2221204102894,0.0 131.01061067450524,31.22211945447508,0.0 131.01061319753606,31.22211848549101,0.0 131.01061568206055,31.22211752829044,0.0 131.010618233277,31.222116550414,0.0 131.0106207597943,31.22211558007784,0.0 131.01062330652343,31.222114603350608,0.0 131.01062589835152,31.22211361230965,0.0 131.0106284471611,31.22211263466892,0.0 131.01063106648556,31.222111634546327,0.0 131.0106336603838,31.22211064228031,0.0 131.0106362718211,31.222109644232315,0.0 131.010638912634,31.22210863650592,0.0 131.0106415285808,31.22210763655843,0.0 131.01064420724563,31.22210661602529,0.0 131.0106468533402,31.222105605781188,0.0 131.0106495303631,31.222104585162967,0.0 131.01065222218523,31.222103559352785,0.0 131.01065489459052,31.222102539623982,0.0 131.0106576382063,31.222101495989925,0.0 131.01066033018796,31.222100469110067,0.0 131.01066307475335,31.22209942437674,0.0 131.01066581271252,31.22209838144058,0.0 131.01066854757835,31.222097339164435,0.0 131.01067133265343,31.222096279595213,0.0 131.0106740796695,31.22209523242645,0.0 131.01067688131096,31.22209416639111,0.0 131.01067966211735,31.22209310696177,0.0 131.01068245618433,31.222092042611774,0.0 131.01068528186187,31.22209096706829,0.0 131.01068807559312,31.222089901950653,0.0 131.0106909352702,31.222088813916887,0.0 131.01069375749424,31.22208773819534,0.0 131.01069662134088,31.22208664782565,0.0 131.01069947421294,31.222085560749743,0.0 131.01070232748097,31.222084473096,0.0 131.0107052197963,31.22208337166889,0.0 131.01070808085248,31.22208228047356,0.0 131.01071100793587,31.222081166331314,0.0 131.01071389753423,31.222080064543885,0.0 131.01071681443577,31.22207895304497,0.0 131.010719748604,31.22207783528099,0.0 131.01072265614482,31.222076726156303,0.0 131.01072561514687,31.222075599224567,0.0 131.0107285649634,31.222074475050057,0.0 131.01073149940916,31.22207335569181,0.0 131.01073446570396,31.22207222528248,0.0 131.01073745268914,31.222071087644974,0.0 131.01074042655915,31.22206995409946,0.0 131.010743400886,31.22206882009852,0.0 131.0107464011103,31.22206767723584,0.0 131.01074940632168,31.22206653250049,0.0 131.01075240967285,31.222065388154004,0.0 131.0107554166163,31.222064242413136,0.0 131.0107584396659,31.2220630912247,0.0 131.01076146503837,31.222061939130423,0.0 131.010764492219,31.222060786306912,0.0 131.01076752633776,31.22205963112036,0.0 131.01077056623024,31.222058473983,0.0 131.01077360922483,31.222057315778663,0.0 131.01077665565083,31.22205615642473,0.0 131.0107797094672,31.22205499469414,0.0 131.0107827692516,31.222053831072994,0.0 131.01078583423947,31.2220526658298,0.0 131.01078890158155,31.22205149988084,0.0 131.0107919712305,31.222050333259936,0.0 131.0107950517412,31.22204916334047,0.0 131.01079813334732,31.2220479931798,0.0 131.01080122156313,31.22204682109374,0.0 131.0108043144949,31.22204564769257,0.0 131.01080741422243,31.222044472364928,0.0 131.01081051515152,31.22204329683508,0.0 131.01081362280843,31.22204211944361,0.0 131.01081673642983,31.222040940448665,0.0 131.010819852335,31.222039760975672,0.0 131.0108229759989,31.222038579398863,0.0 131.01082610745596,31.222037395733256,0.0 131.0108292383197,31.22203621249088,0.0 131.0108323778863,31.222035026918974,0.0 131.01083552092237,31.222033840588264,0.0 131.0108386680047,31.22203265333708,0.0 131.01084182010567,31.222031464889884,0.0 131.01084497869437,31.222030274826384,0.0 131.01084814155615,31.22202908380596,0.0 131.01085131043857,31.222027891323325,0.0 131.01085448275762,31.222026698140187,0.0 131.01085765998985,31.222025503828952,0.0 131.01086083966115,31.22202430911413,0.0 131.0108640246793,31.22202311315021,0.0 131.01086721621613,31.222021915598297,0.0 131.01087041116466,31.22202071736142,0.0 131.01087361060743,31.22201951812245,0.0 131.01087681440052,31.222018317920288,0.0 131.0108800183619,31.22201711796572,0.0 131.01088322866897,31.222015916458087,0.0 131.010886439966,31.2220147149478,0.0 131.0108896586637,31.22201351156236,0.0 131.0108928779177,31.22201230828487,0.0 131.01089610512864,31.22201110294952,0.0 131.0108993326675,31.222009897769983,0.0 131.01090256294785,31.22200869203201,0.0 131.01090579921055,31.222007484773783,0.0 131.01090903820366,31.222006276932923,0.0 131.01091227763624,31.22200506917018,0.0 131.0109155237311,31.22200385964031,0.0 131.01091877094055,31.222002649960064,0.0 131.01092202316585,31.22200143896212,0.0 131.0109252769555,31.22200022765028,0.0 131.01092853231577,31.221999016008127,0.0 131.01093179058648,31.22199780361924,0.0 131.01093505175447,31.221996590467707,0.0 131.01093831454733,31.22199537691592,0.0 131.0109415793145,31.221994162841348,0.0 131.0109448445588,31.22199294867716,0.0 131.0109481144655,31.221991733138708,0.0 131.01095138348177,31.22199051788781,0.0 131.01095465664375,31.22198930137652,0.0 131.01095793107385,31.221988084459348,0.0 131.0109612036112,31.221986868089687,0.0 131.01096448005845,31.221985650468103,0.0 131.01096775650328,31.22198443277657,0.0 131.01097103152514,31.22198321544104,0.0 131.01097431010925,31.221981996896705,0.0 131.0109775862956,31.221980778978537,0.0 131.01098086440956,31.22197956032272,0.0 131.01098414604303,31.22197834040711,0.0 131.01098742445828,31.221977121333826,0.0 131.0109907029545,31.221975902053984,0.0 131.01099398153687,31.22197468254877,0.0 131.01099726256697,31.22197346205144,0.0 131.01100054242804,31.22197224169723,0.0 131.01100382161832,31.22197102131775,0.0 131.01100710242923,31.221969800166093,0.0 131.01101038203953,31.22196857913413,0.0 131.0110136603247,31.22196735825387,0.0 131.01101694175335,31.221966136072417,0.0 131.01102021881664,31.221964915005955,0.0 131.01102350119655,31.221963691912133,0.0 131.01102678057785,31.221962469476896,0.0 131.01103006077344,31.22196124645784,0.0 131.01103334079815,31.22196002316817,0.0 131.01103662225785,31.221958799078504,0.0 131.01103990308755,31.22195757485839,0.0 131.01104318314748,31.22195635055132,0.0 131.01104646279393,31.221955126038555,0.0 131.01104974344858,31.22195390085247,0.0 131.01105302143887,31.22195267619657,0.0 131.0110563007304,31.221951450771183,0.0 131.0110595790955,31.221950225307985,0.0 131.01106285655075,31.22194899980404,0.0 131.0110661332004,31.221947774228223,0.0 131.01106941205623,31.221946547596552,0.0 131.01107268712036,31.221945321880828,0.0 131.0110759640587,31.221944095229084,0.0 131.0110792424721,31.221942867779664,0.0 131.01108251931507,31.22194164053652,0.0 131.01108579648545,31.22194041288632,0.0 131.01108907407271,31.22193918480905,0.0 131.0110923527949,31.221937956080684,0.0 131.01109562749335,31.22193672838975,0.0 131.01109890314453,31.221935500126698,0.0 131.0111021789862,31.22193427155236,0.0 131.01110545353953,31.221933043157016,0.0 131.011108730301,31.2219318138228,0.0 131.01111200401638,31.22193058525749,0.0 131.0111152763828,31.221929356923454,0.0 131.01111855348563,31.2219281268836,0.0 131.0111218302362,31.221926896786684,0.0 131.01112510436607,31.221925667366328,0.0 131.01112838071566,31.22192443709256,0.0 131.01113165736476,31.221923206593967,0.0 131.011134934819,31.2219219757246,0.0 131.01113821335136,31.22192074441364,0.0 131.0111414926492,31.221919512774985,0.0 131.01114477032712,31.221918281571146,0.0 131.01114804855067,31.22191705013592,0.0 131.0111513270736,31.221915818562444,0.0 131.0111546041123,31.221914587419526,0.0 131.0111578811716,31.221913356251928,0.0 131.011161164746,31.221912123068886,0.0 131.011164443314,31.22191089144391,0.0 131.01116772318474,31.221909659438875,0.0 131.01117100552,31.22190842671596,0.0 131.0111742871,31.22190719427506,0.0 131.01117756886651,31.22190596183852,0.0 131.01118084894227,31.221904729988445,0.0 131.01118413034015,31.22190349782132,0.0 131.01118741372144,31.22190226515203,0.0 131.0111906945001,31.221901033374888,0.0 131.01119397660804,31.22189980131312,0.0 131.01119726187042,31.22189856843278,0.0 131.01120054791252,31.221897335457285,0.0 131.01120383120713,31.2218961034464,0.0 131.01120711514093,31.221894871395303,0.0 131.01121040265178,31.22189363844124,0.0 131.01121369123112,31.221892405339528,0.0 131.01121697980395,31.221891172414047,0.0 131.01122026807252,31.22188993975762,0.0 131.01122355843015,31.221888706669144,0.0 131.01122684625,31.22188747451837,0.0 131.01123013826398,31.22188624132636,0.0 131.01123343058998,31.221885008241383,0.0 131.0112367250658,31.22188377472613,0.0 131.01124001853967,31.221882541707902,0.0 131.0112433110703,31.22188130917004,0.0 131.01124660662413,31.22188007595277,0.0 131.01124990391892,31.22187884243352,0.0 131.01125320471013,31.221877608099312,0.0 131.01125650354317,31.221876374544216,0.0 131.011259802922,31.22187514103477,0.0 131.01126310792225,31.221873906087183,0.0 131.01126640996793,31.221872672204864,0.0 131.0112697160355,31.22187143734678,0.0 131.01127302241,31.221870202595262,0.0 131.0112763261296,31.221868968812448,0.0 131.01127963130145,31.221867734793687,0.0 131.01128293602474,31.221866501090048,0.0 131.01128624060058,31.22186526760845,0.0 131.0112895450189,31.22186403434636,0.0 131.01129284926867,31.22186280130113,0.0 131.0112961533378,31.22186156846997,0.0 131.0112994572132,31.221860335850074,0.0 131.01130276088088,31.22185910343849,0.0 131.0113060643259,31.2218578712322,0.0 131.01130936753265,31.22185663922811,0.0 131.0113126704846,31.22185540742308,0.0 131.01131597316456,31.22185417581388,0.0 131.0113192755546,31.221852944397227,0.0 131.01132257763626,31.221851713169805,0.0 131.01132587939057,31.221850482128254,0.0 131.01132918079787,31.22184925126917,0.0 131.01133248183822,31.221848020589125,0.0 131.01133578249124,31.22184679008468,0.0 131.01133908273616,31.22184555975236,0.0 131.01134238255204,31.22184432958869,0.0 131.0113456819176,31.22184309959021,0.0 131.0113489808115,31.22184186975345,0.0 131.0113522792122,31.22184064007496,0.0 131.01135557709813,31.221839410551308,0.0 131.01135887444767,31.22183818117908,0.0 131.01136217123943,31.22183695195489,0.0 131.01136546745187,31.221835722875426,0.0 131.0113687630637,31.22183449393737,0.0 131.01137205805384,31.22183326513749,0.0 131.0113753524014,31.22183203647261,0.0 131.0113786460859,31.2218308079396,0.0 131.011381939087,31.22182957953539,0.0 131.0113852313849,31.221828351257017,0.0 131.01138852296012,31.22182712310157,0.0 131.0113918137937,31.221825895066235,0.0 131.01139510386707,31.221824667148272,0.0 131.01139839316235,31.22182343934505,0.0 131.01140168166208,31.22182221165404,0.0 131.01140496934948,31.2218209840728,0.0 131.01140825620834,31.221819756599,0.0 131.01141154222316,31.221818529230408,0.0 131.01141482737907,31.221817301964936,0.0 131.01141811166195,31.22181607480057,0.0 131.01142139505836,31.22181484773548,0.0 131.0114246775557,31.221813620767875,0.0 131.01142795914205,31.221812393896165,0.0 131.01143123980629,31.221811167118844,0.0 131.01143451953817,31.221809940434564,0.0 131.0114377983282,31.221808713842087,0.0 131.01144107616767,31.221807487340303,0.0 131.0114443530488,31.22180626092825,0.0 131.0114476289646,31.221805034605115,0.0 131.01145090390892,31.221803808370183,0.0 131.01145417787643,31.22180258222292,0.0 131.0114574508627,31.221801356162885,0.0 131.01146072286423,31.22180013018981,0.0 131.01146399387818,31.22179890430354,0.0 131.01146726390263,31.221797678504057,0.0 131.01147053293653,31.2217964527915,0.0 131.0114738009796,31.22179522716611,0.0 131.01147706803246,31.22179400162828,0.0 131.01148033409643,31.221792776178503,0.0 131.01148359917372,31.221791550817453,0.0 131.01148686326724,31.22179032554589,0.0 131.01149012638072,31.221789100364703,0.0 131.01149338851863,31.22178787527492,0.0 131.0114966496861,31.221786650277647,0.0 131.01149990988912,31.221785425374154,0.0 131.0115031691342,31.22178420056579,0.0 131.01150642742857,31.221782975854016,0.0 131.01150968478015,31.221781751240425,0.0 131.01151294119745,31.22178052672665,0.0 131.01151619668954,31.221779302314488,0.0 131.0115194512661,31.2217780780058,0.0 131.01152270493742,31.221776853802528,0.0 131.01152595771413,31.22177562970669,0.0 131.01152920960746,31.22177440572044,0.0 131.01153246062907,31.221773181845915,0.0 131.01153571079115,31.221771958085405,0.0 131.01153896010612,31.221770734441225,0.0 131.01154220858686,31.22176951091575,0.0 131.0115454562466,31.221768287511416,0.0 131.01154870309884,31.22176706423072,0.0 131.0115519491574,31.22176584107621,0.0 131.01155519443634,31.221764618050432,0.0 131.01155843894992,31.221763395156007,0.0 131.0115616827126,31.2217621723956,0.0 131.01156492573898,31.221760949771816,0.0 131.01156816804385,31.221759727287388,0.0 131.011571409642,31.221758504945004,0.0 131.01157465054845,31.22175728274736,0.0 131.01157789077803,31.221756060697167,0.0 131.01158113034572,31.22175483879716,0.0 131.01158436926653,31.22175361705,0.0 131.01158760755533,31.22175239545841,0.0 131.01159084522695,31.22175117402505,0.0 131.0115940822961,31.221749952752603,0.0 131.01159731877746,31.22174873164368,0.0 131.0116005546854,31.221747510700872,0.0 131.01160379003423,31.22174628992676,0.0 131.011607024838,31.22174506932385,0.0 131.01161025911065,31.221743848894647,0.0 131.01161349286568,31.221742628641543,0.0 131.01161672611656,31.22174140856696,0.0 131.01161995887625,31.22174018867317,0.0 131.01162319115758,31.221738968962462,0.0 131.0116264229729,31.22173774943701,0.0 131.01162965433443,31.22173653009896,0.0 131.0116328852538,31.221735310950347,0.0 131.01163611574245,31.22173409199313,0.0 131.0116393458113,31.22173287322922,0.0 131.01164257547094,31.22173165466042,0.0 131.01164580473153,31.22173043628844,0.0 131.01164903360282,31.22172921811492,0.0 131.01165226209412,31.2217280001414,0.0 131.01165549021422,31.22172678236929,0.0 131.0116587179716,31.221725564799986,0.0 131.0116619453742,31.221724347434687,0.0 131.01166517242945,31.22172313027455,0.0 131.0116683991444,31.221721913320607,0.0 131.0116716255256,31.2217206965738,0.0 131.01167485157907,31.221719480034924,0.0 131.0116780773103,31.2217182637047,0.0 131.01168130272458,31.22171704758373,0.0 131.01168452782636,31.221715831672498,0.0 131.01168775261985,31.22171461597136,0.0 131.01169097710863,31.22171340048059,0.0 131.0116942012959,31.22171218520032,0.0 131.0116974251844,31.22171097013057,0.0 131.01170064877627,31.22170975527124,0.0 131.01170387207338,31.221708540622146,0.0 131.01170709507696,31.221707326182948,0.0 131.01171031778787,31.221706111953218,0.0 131.01171354020656,31.2217048979324,0.0 131.01171676233295,31.221703684119813,0.0 131.01171998416655,31.22170247051469,0.0 131.01172320570663,31.22170125711614,0.0 131.0117264269518,31.221700043923143,0.0 131.0117296479004,31.221698830934592,0.0 131.01173286855033,31.221697618149253,0.0 131.0117360888992,31.2216964055658,0.0 131.01173930894416,31.22169519318279,0.0 131.01174252868205,31.22169398099868,0.0 131.01174574810935,31.221692769011824,0.0 131.0117489672224,31.221691557220502,0.0 131.01175218601685,31.221690345622857,0.0 131.01175540448844,31.22168913421698,0.0 131.01175862263233,31.22168792300084,0.0 131.01176184044365,31.22168671197232,0.0 131.01176505791707,31.22168550112924,0.0 131.0117682750472,31.221684290469323,0.0 131.0117714918283,31.221683079990218,0.0 131.01177470825448,31.22168186968949,0.0 131.01177792431963,31.221680659564647,0.0 131.01178114001752,31.221679449613124,0.0 131.01178435534166,31.22167823983228,0.0 131.0117875702855,31.221677030219432,0.0 131.0117907848423,31.221675820771804,0.0 131.01179399900525,31.221674611486623,0.0 131.0117972127674,31.22167340236103,0.0 131.01180042612168,31.22167219339212,0.0 131.01180363906104,31.22167098457696,0.0 131.01180685157834,31.221669775912567,0.0 131.0118100636664,31.22166856739595,0.0 131.0118132753179,31.22166735902407,0.0 131.0118164865257,31.221666150793872,0.0 131.01181969728253,31.22166494270227,0.0 131.01182290758115,31.22166373474617,0.0 131.0118261174144,31.221662526922472,0.0 131.01182932677509,31.22166131922806,0.0 131.01183253565603,31.221660111659823,0.0 131.01183574405033,31.22165890421464,0.0 131.01183895195092,31.22165769688941,0.0 131.01184215935092,31.221656489681035,0.0 131.0118453662436,31.22165528258644,0.0 131.01184857262223,31.221654075602533,0.0 131.01185177848032,31.221652868726306,0.0 131.01185498381136,31.22165166195472,0.0 131.01185818860907,31.2216504552848,0.0 131.0118613928674,31.221649248713604,0.0 131.01186459658035,31.221648042238208,0.0 131.01186779974208,31.22164683585576,0.0 131.01187100234696,31.22164562956343,0.0 131.01187420438953,31.22164442335845,0.0 131.0118774058645,31.22164321723812,0.0 131.01188060676685,31.22164201119977,0.0 131.0118838070917,31.221640805240813,0.0 131.0118870068343,31.22163959935872,0.0 131.01189020599037,31.221638393551007,0.0 131.0118934045555,31.22163718781531,0.0 131.01189660252575,31.2216359821493,0.0 131.01189979989735,31.221634776550747,0.0 131.01190299666672,31.221633571017488,0.0 131.01190619283048,31.22163236554745,0.0 131.0119093883856,31.221631160138635,0.0 131.01191258332915,31.22162995478915,0.0 131.01191577765857,31.2216287494972,0.0 131.01191897137144,31.221627544261047,0.0 131.0119221644656,31.22162633907908,0.0 131.01192535693914,31.221625133949768,0.0 131.01192854879042,31.221623928871697,0.0 131.011931740018,31.22162272384355,0.0 131.0119349306206,31.221621518864097,0.0 131.01193812059736,31.221620313932213,0.0 131.01194130994753,31.22161910904692,0.0 131.0119444986706,31.22161790420728,0.0 131.01194768676635,31.221616699412508,0.0 131.01195087423469,31.22161549466193,0.0 131.01195406107584,31.22161428995496,0.0 131.01195724729018,31.221613085291125,0.0 131.01196043287842,31.221611880670064,0.0 131.0119636178413,31.221610676091554,0.0 131.01196680217993,31.22160947155544,0.0 131.01196998589555,31.221608267061693,0.0 131.01197316898958,31.221607062610406,0.0 131.01197635146372,31.221605858201777,0.0 131.0119795333198,31.221604653836103,0.0 131.0119827145598,31.2216034495138,0.0 131.01198589518594,31.22160224523538,0.0 131.01198907520063,31.221601041001488,0.0 131.01199225460633,31.221599836812853,0.0 131.0119954334058,31.221598632670307,0.0 131.01199861160185,31.221597428574803,0.0 131.01200178919743,31.22159622452738,0.0 131.01200496619575,31.22159502052919,0.0 131.01200814260002,31.221593816581468,0.0 131.01201131841364,31.22159261268557,0.0 131.01201449364007,31.22159140884292,0.0 131.012017668283,31.22159020505505,0.0 131.0120208423461,31.221589001323583,0.0 131.01202401583316,31.22158779765024,0.0 131.0120271887481,31.2215865940368,0.0 131.01203036109493,31.22158539048513,0.0 131.0120335328776,31.22158418699721,0.0 131.01203670410032,31.221582983575072,0.0 131.01203987476725,31.221581780220816,0.0 131.0120430448826,31.22158057693664,0.0 131.0120462144506,31.22157937372477,0.0 131.01204938347558,31.221578170587552,0.0 131.0120525519619,31.22157696752736,0.0 131.01205571991386,31.221575764546618,0.0 131.01205888733583,31.22157456164784,0.0 131.01206205423225,31.22157335883356,0.0 131.01206522060738,31.221572156106376,0.0 131.01206838646564,31.22157095346895,0.0 131.01207155181137,31.221569750923948,0.0 131.01207471664887,31.22156854847409,0.0 131.0120778809825,31.221567346122136,0.0 131.01208104481643,31.22156614387087,0.0 131.012084208155,31.22156494172312,0.0 131.0120873710023,31.22156373968172,0.0 131.01209053336248,31.221562537749502,0.0 131.01209369523963,31.22156133592937,0.0 131.01209685663773,31.221560134224188,0.0 131.01210001756067,31.221558932636857,0.0 131.01210317801247,31.22155773117027,0.0 131.01210633799676,31.221556529827307,0.0 131.01210949751732,31.22155532861088,0.0 131.01211265657767,31.221554127523856,0.0 131.01211581518152,31.22155292656912,0.0 131.01211897333212,31.221551725749524,0.0 131.01212213103292,31.221550525067883,0.0 131.01212528828705,31.22154932452704,0.0 131.01212844509772,31.22154812412976,0.0 131.01213160146787,31.2215469238788,0.0 131.01213475740047,31.221545723776885,0.0 131.0121379128983,31.221544523826687,0.0 131.01214106796402,31.221543324030872,0.0 131.01214422260017,31.22154212439199,0.0 131.0121473768092,31.221540924912624,0.0 131.01215053059343,31.22153972559525,0.0 131.01215368395506,31.221538526442284,0.0 131.01215683689617,31.22153732745614,0.0 131.01215998941865,31.22153612863909,0.0 131.0121631415244,31.22153492999342,0.0 131.0121662932151,31.22153373152128,0.0 131.01216944449223,31.22153253322478,0.0 131.0121725953574,31.22153133510597,0.0 131.01217574581185,31.22153013716678,0.0 131.01217889585675,31.221528939409087,0.0 131.01218204549326,31.221527741834684,0.0 131.01218519472224,31.221526544445265,0.0 131.01218834354464,31.221525347242444,0.0 131.01219149196112,31.22152415022775,0.0 131.01219463997228,31.221522953402605,0.0 131.01219778757863,31.221521756768343,0.0 131.0122009347805,31.2215205603262,0.0 131.01220408157832,31.22151936407732,0.0 131.01220722797203,31.22151816802271,0.0 131.01221037396186,31.221516972163325,0.0 131.0122135195477,31.22151577649999,0.0 131.01221666472938,31.22151458103344,0.0 131.0122198095067,31.221513385764247,0.0 131.0122229538793,31.221512190692945,0.0 131.01222609784682,31.221510995819926,0.0 131.0122292414087,31.221509801145487,0.0 131.01223238456436,31.221508606669783,0.0 131.01223552731315,31.22150741239288,0.0 131.01223866965427,31.221506218314737,0.0 131.01224181158705,31.221505024435185,0.0 131.01224495311047,31.22150383075396,0.0 131.01224809422365,31.221502637270632,0.0 131.0122512349256,31.22150144398476,0.0 131.01225437521524,31.22150025089569,0.0 131.01225751509148,31.221499058002724,0.0 131.0122606545532,31.221497865305,0.0 131.01226379359915,31.22149667280157,0.0 131.0122669322282,31.22149548049141,0.0 131.012270070439,31.22149428837332,0.0 131.0122732082303,31.221493096446032,0.0 131.01227634560078,31.22149190470817,0.0 131.01227948254916,31.22149071315824,0.0 131.012282619074,31.221489521794656,0.0 131.012285755174,31.221488330615728,0.0 131.01228889084777,31.22148713961965,0.0 131.01229202609397,31.221485948804546,0.0 131.0122951609112,31.22148475816841,0.0 131.0122982952981,31.22148356770917,0.0 131.01230142925334,31.221482377424657,0.0 131.01230456277554,31.221481187312587,0.0 131.01230769586337,31.221479997370626,0.0 131.01231082851547,31.22147880759632,0.0 131.01231396073072,31.22147761798717,0.0 131.0123170925077,31.22147642854057,0.0 131.0123202238452,31.22147523925385,0.0 131.01232335474202,31.221474050124275,0.0 131.012326485197,31.22147286114902,0.0 131.01232961520904,31.221471672325222,0.0 131.01233274477704,31.22147048364992,0.0 131.01233587389993,31.221469295120137,0.0 131.0123390025767,31.2214681067328,0.0 131.01234213080647,31.221466918484804,0.0 131.01234525858823,31.221465730373005,0.0 131.01234838592123,31.22146454239419,0.0 131.01235151280468,31.221463354545147,0.0 131.01235463923774,31.221462166822583,0.0 131.01235776521975,31.2214609792232,0.0 131.0123608907502,31.22145979174365,0.0 131.01236401582838,31.221458604380604,0.0 131.01236714045388,31.22145741713065,0.0 131.01237026462618,31.221456229990444,0.0 131.01237338834497,31.221455042956546,0.0 131.01237651160992,31.22145385602556,0.0 131.0123796344207,31.221452669194075,0.0 131.01238275677724,31.221451482458708,0.0 131.01238587867928,31.221450295816023,0.0 131.01238900012683,31.221449109262647,0.0 131.01239212111992,31.22144792279521,0.0 131.0123952416585,31.221446736410368,0.0 131.0123983617428,31.22144555010477,0.0 131.01240148137293,31.221444363875143,0.0 131.01240460054913,31.221443177718218,0.0 131.01240771927172,31.221441991630748,0.0 131.01241083754107,31.221440805609564,0.0 131.01241395535752,31.221439619651523,0.0 131.01241707272163,31.221438433753548,0.0 131.01242018963384,31.2214372479126,0.0 131.01242330609475,31.2214360621257,0.0 131.01242642210502,31.22143487638996,0.0 131.01242953766527,31.22143369070252,0.0 131.01243265277617,31.221432505060623,0.0 131.01243576743855,31.221431319461576,0.0 131.01243888165317,31.22143013390277,0.0 131.0124419954208,31.22142894838167,0.0 131.01244510874238,31.221427762895832,0.0 131.0124482216188,31.22142657744291,0.0 131.01245133405095,31.221425392020645,0.0 131.01245444603978,31.22142420662687,0.0 131.01245755758634,31.221423021259543,0.0 131.01246066869152,31.221421835916708,0.0 131.01246377935638,31.22142065059652,0.0 131.01246688958196,31.221419465297224,0.0 131.01246999936927,31.221418280017232,0.0 131.01247310871935,31.221417094755008,0.0 131.01247621763332,31.221415909509183,0.0 131.01247932611216,31.221414724278496,0.0 131.01248243415688,31.2214135390618,0.0 131.0124855417686,31.221412353858064,0.0 131.0124886489483,31.221411168666418,0.0 131.01249175569703,31.221409983486097,0.0 131.0124948620158,31.22140879831647,0.0 131.01249796790557,31.22140761315704,0.0 131.01250107336728,31.221406428007448,0.0 131.01250417840188,31.22140524286748,0.0 131.01250728301028,31.22140405773704,0.0 131.0125103871934,31.221402872616164,0.0 131.01251349095196,31.22140168750504,0.0 131.01251659428684,31.221400502404,0.0 131.01251969719874,31.221399317313505,0.0 131.0125227996884,31.22139813223415,0.0 131.01252590175648,31.221396947166674,0.0 131.01252900340353,31.221395762111968,0.0 131.0125321046301,31.22139457707103,0.0 131.01253520543676,31.221393392045016,0.0 131.01253830582385,31.221392207035223,0.0 131.01254140579175,31.221391022043072,0.0 131.01254450534077,31.22138983707012,0.0 131.0125476044711,31.221388652118048,0.0 131.012550703183,31.22138746718869,0.0 131.01255380147643,31.221386282284023,0.0 131.01255689935144,31.22138509740609,0.0 131.012559996808,31.22138391255713,0.0 131.01256309384587,31.22138272773945,0.0 131.01256619046487,31.221381542955505,0.0 131.0125692866647,31.22138035820788,0.0 131.0125723824449,31.22137917349924,0.0 131.012575477805,31.2213779888324,0.0 131.01257857274447,31.22137680421025,0.0 131.0125816672626,31.221375619635825,0.0 131.01258476135862,31.221374435112224,0.0 131.01258785503174,31.221373250642685,0.0 131.01259094828097,31.221372066230487,0.0 131.01259404110533,31.221370881879057,0.0 131.01259713350368,31.22136969759188,0.0 131.01260022547487,31.221368513372525,0.0 131.0126033170175,31.221367329224645,0.0 131.01260640813024,31.22136614515197,0.0 131.01260949881163,31.221364961158287,0.0 131.01261258906007,31.221363777247472,0.0 131.01261567887394,31.22136259342342,0.0 131.01261876825149,31.221361409690136,0.0 131.01262185719082,31.22136022605161,0.0 131.0126249456901,31.22135904251193,0.0 131.01262803374732,31.221357859075216,0.0 131.0126311213604,31.2213566757456,0.0 131.01263420852715,31.22135549252723,0.0 131.0126372952454,31.221354309424328,0.0 131.0126403815128,31.22135312644108,0.0 131.01264346732697,31.22135194358172,0.0 131.01264655268548,31.221350760850463,0.0 131.01264963758584,31.22134957825156,0.0 131.0126527220254,31.221348395789207,0.0 131.0126558060016,31.22134721346762,0.0 131.01265888951173,31.221346031290988,0.0 131.012661972553,31.22134484926348,0.0 131.01266505512268,31.221343667389228,0.0 131.0126681372179,31.22134248567233,0.0 131.01267121883575,31.221341304116866,0.0 131.0126742999734,31.22134012272684,0.0 131.01267738062785,31.2213389415062,0.0 131.01268046079613,31.22133776045885,0.0 131.01268354047522,31.22133657958864,0.0 131.0126866196621,31.221335398899324,0.0 131.01268969835377,31.22133421839459,0.0 131.01269277654717,31.22133303807804,0.0 131.01269585423927,31.2213318579532,0.0 131.012698931427,31.221330678023488,0.0 131.01270200810734,31.22132949829224,0.0 131.01270508427723,31.221328318762662,0.0 131.0127081599337,31.221327139437896,0.0 131.01271123507377,31.22132596032092,0.0 131.01271430969447,31.22132478141461,0.0 131.0127173837928,31.221323602721743,0.0 131.012720457366,31.221322424244928,0.0 131.0127235304111,31.22132124598668,0.0 131.0127266029254,31.22132006794933,0.0 131.01272967490607,31.221318890135127,0.0 131.0127327463505,31.22131771254612,0.0 131.01273581725604,31.22131653518424,0.0 131.01273888762017,31.22131535805125,0.0 131.01274195744037,31.22131418114878,0.0 131.01274502671424,31.221313004478272,0.0 131.01274809543955,31.221311828041017,0.0 131.01275116361407,31.22131065183813,0.0 131.01275423123568,31.221309475870605,0.0 131.01275729830235,31.2213083001392,0.0 131.01276036481215,31.221307124644543,0.0 131.0127634307633,31.22130594938708,0.0 131.01276649615411,31.22130477436705,0.0 131.0127695609831,31.22130359958457,0.0 131.01277262524863,31.22130242503956,0.0 131.01277568894963,31.22130125073172,0.0 131.01277875208467,31.22130007666063,0.0 131.01278181465293,31.221298902825644,0.0 131.01278487665334,31.221297729225974,0.0 131.0127879380852,31.22129655586064,0.0 131.01279099894785,31.22129538272845,0.0 131.01279405924086,31.22129420982809,0.0 131.0127971189638,31.22129303715805,0.0 131.01280017811663,31.221291864716616,0.0 131.0128032366992,31.221290692501928,0.0 131.01280629471168,31.221289520511952,0.0 131.01280935215436,31.22128834874448,0.0 131.01281240902767,31.221287177197134,0.0 131.01281546533224,31.22128600586738,0.0 131.01281852106877,31.221284834752527,0.0 131.0128215762382,31.221283663849714,0.0 131.01282463084155,31.221282493155936,0.0 131.0128276848802,31.22128132266803,0.0 131.0128307383554,31.2212801523827,0.0 131.01283379126872,31.221278982296504,0.0 131.01283684362193,31.22127781240585,0.0 131.01283989541676,31.221276642707057,0.0 131.01284294665535,31.22127547319626,0.0 131.01284599733972,31.221274303869524,0.0 131.01284904747223,31.221273134722768,0.0 131.0128520970554,31.22127196575182,0.0 131.01285514609165,31.221270796952407,0.0 131.0128581945838,31.221269628320144,0.0 131.01286124253468,31.22126845985057,0.0 131.01286428994726,31.22126729153916,0.0 131.01286733682463,31.22126612338125,0.0 131.01287038317,31.2212649553722,0.0 131.0128734289867,31.22126378750724,0.0 131.0128764742782,31.221262619781577,0.0 131.01287951904803,31.22126145219037,0.0 131.01288256329985,31.221260284728736,0.0 131.0128856070373,31.22125911739177,0.0 131.0128886502643,31.22125795017456,0.0 131.01289169298462,31.221256783072125,0.0 131.0128947352023,31.22125561607956,0.0 131.01289777692128,31.22125444919189,0.0 131.0129008181457,31.22125328240421,0.0 131.01290385887967,31.22125211571161,0.0 131.0129068991273,31.221250949109223,0.0 131.0129099388928,31.22124978259222,0.0 131.0129129781803,31.22124861615579,0.0 131.0129160169942,31.22124744979521,0.0 131.0129190553386,31.22124628350584,0.0 131.01292209321767,31.22124511728305,0.0 131.01292513063575,31.221243951122343,0.0 131.01292816759693,31.221242785019303,0.0 131.0129312041054,31.221241618969607,0.0 131.0129342401653,31.22124045296904,0.0 131.0129372757807,31.221239287013503,0.0 131.01294031095557,31.221238121099,0.0 131.0129433456939,31.221236955221727,0.0 131.01294637999953,31.22123578937796,0.0 131.01294941387627,31.22123462356412,0.0 131.01295244732785,31.221233457776847,0.0 131.0129554803578,31.221232292012868,0.0 131.0129585129696,31.22123112626912,0.0 131.01296154516666,31.22122996054269,0.0 131.01296457695216,31.221228794830868,0.0 131.01296760832926,31.22122762913113,0.0 131.01297063930087,31.22122646344113,0.0 131.01297366986978,31.22122529775873,0.0 131.01297670003862,31.22122413208202,0.0 131.01297972980987,31.221222966409265,0.0 131.01298275918586,31.221221800738945,0.0 131.01298578816863,31.221220635069788,0.0 131.01298881676016,31.22121946940072,0.0 131.01299184496216,31.221218303730904,0.0 131.0129948727761,31.22121713805973,0.0 131.0129979002033,31.22121597238684,0.0 131.01300092724483,31.22121480671207,0.0 131.01300395390163,31.22121364103552,0.0 131.0130069801743,31.221212475357536,0.0 131.01301000606327,31.221211309678697,0.0 131.0130130315687,31.22121014399981,0.0 131.01301605669056,31.22120897832193,0.0 131.01301908142847,31.221207812646377,0.0 131.01302210578197,31.22120664697469,0.0 131.01302512975028,31.221205481308647,0.0 131.01302815333224,31.22120431565026,0.0 131.01303117652665,31.22120315000181,0.0 131.01303419933197,31.22120198436576,0.0 131.01303722174632,31.22120081874485,0.0 131.0130402437677,31.22119965314206,0.0 131.01304326539383,31.221198487560528,0.0 131.0130462866221,31.22119732200369,0.0 131.0130493074498,31.22119615647514,0.0 131.0130523278737,31.22119499097871,0.0 131.01305534789063,31.221193825518448,0.0 131.01305836749702,31.221192660098577,0.0 131.01306138668903,31.221191494723527,0.0 131.01306440546267,31.221190329397903,0.0 131.0130674238137,31.221189164126542,0.0 131.01307044173765,31.221187998914367,0.0 131.0130734592298,31.221186833766545,0.0 131.01307647628522,31.22118566868836,0.0 131.01307949289878,31.221184503685222,0.0 131.01308250906516,31.221183338762746,0.0 131.01308552477883,31.221182173926607,0.0 131.0130885400341,31.22118100918264,0.0 131.01309155482508,31.221179844536767,0.0 131.0130945691457,31.22117867999505,0.0 131.01309758298976,31.221177515563586,0.0 131.01310059635085,31.22117635124858,0.0 131.01310360922255,31.221175187056296,0.0 131.0131066215982,31.22117402299306,0.0 131.013109633471,31.22117285906522,0.0 131.0131126448341,31.22117169527917,0.0 131.01311565568065,31.22117053164134,0.0 131.01311866600355,31.221169368158144,0.0 131.01312167579567,31.22116820483599,0.0 131.01312468504992,31.221167041681284,0.0 131.013127693759,31.221165878700383,0.0 131.0131307019158,31.22116471589964,0.0 131.013133709513,31.2211635532853,0.0 131.01313671654336,31.221162390863583,0.0 131.01313972299965,31.221161228640607,0.0 131.0131427288746,31.221160066622417,0.0 131.01314573416113,31.221158904814924,0.0 131.01314873885207,31.22115774322395,0.0 131.01315174294035,31.221156581855183,0.0 131.013154746419,31.22115542071417,0.0 131.01315774928122,31.221154259806287,0.0 131.01316075152016,31.22115309913676,0.0 131.0131637531292,31.221151938710666,0.0 131.01316675410186,31.22115077853284,0.0 131.01316975443177,31.221149618607967,0.0 131.0131727541128,31.221148458940487,0.0 131.01317575313888,31.22114729953467,0.0 131.01317875150428,31.22114614039449,0.0 131.01318174920337,31.221144981523768,0.0 131.0131847462308,31.22114382292598,0.0 131.0131877425814,31.221142664604443,0.0 131.0131907382503,31.221141506562148,0.0 131.01319373323292,31.22114034880184,0.0 131.0131967275248,31.22113919132596,0.0 131.0131997211219,31.221138034136715,0.0 131.01320271402045,31.22113687723596,0.0 131.01320570621695,31.22113572062532,0.0 131.01320869770822,31.22113456430604,0.0 131.01321168849137,31.22113340827912,0.0 131.01321467856388,31.221132252545235,0.0 131.0132176679236,31.22113109710476,0.0 131.01322065656865,31.22112994195769,0.0 131.0132236444975,31.221128787103808,0.0 131.013226631709,31.221127632542487,0.0 131.0132296182024,31.22112647827284,0.0 131.01323260397723,31.221125324293617,0.0 131.01323558903348,31.2211241706033,0.0 131.01323857337147,31.221123017200007,0.0 131.0132415569918,31.22112186408157,0.0 131.0132445398955,31.22112071124553,0.0 131.01324752208416,31.22111955868905,0.0 131.0132505035594,31.22111840640908,0.0 131.0132534843235,31.22111725440221,0.0 131.01325646437894,31.221116102664784,0.0 131.01325944372863,31.221114951192817,0.0 131.01326242237576,31.221113799982074,0.0 131.013265400324,31.22111264902804,0.0 131.0132683775773,31.221111498325968,0.0 131.01327135413993,31.221110347870823,0.0 131.01327433001654,31.221109197657352,0.0 131.01327730521203,31.221108047680065,0.0 131.01328027973173,31.221106897933257,0.0 131.0132832535811,31.22110574841101,0.0 131.01328622676616,31.221104599107207,0.0 131.01328919929287,31.221103450015576,0.0 131.01329217116776,31.221102301129648,0.0 131.01329514239742,31.22110115244281,0.0 131.01329811298876,31.22110000394831,0.0 131.01330108294883,31.22109885563928,0.0 131.01330405228512,31.221097707508736,0.0 131.01330702100495,31.221096559549583,0.0 131.01330998911615,31.221095411754696,0.0 131.01331295662646,31.221094264116854,0.0 131.0133159235439,31.22109311662877,0.0 131.01331888987653,31.2210919692832,0.0 131.0133218556326,31.22109082207283,0.0 131.01332482082032,31.221089674990367,0.0 131.01332778544798,31.221088528028567,0.0 131.013330749524,31.22108738118021,0.0 131.01333371305677,31.22108623443815,0.0 131.0133366760546,31.221085087795288,0.0 131.01333963852582,31.221083941244657,0.0 131.01334260047875,31.2210827947794,0.0 131.0133455619216,31.221081648392765,0.0 131.0133485228625,31.221080502078188,0.0 131.01335148330935,31.22107935582924,0.0 131.0133544432702,31.22107820963969,0.0 131.0133574027527,31.22107706350348,0.0 131.01336036176428,31.221075917414822,0.0 131.01336332031232,31.22107477136812,0.0 131.0133662784039,31.221073625358027,0.0 131.01336923604603,31.22107247937947,0.0 131.0133721932451,31.22107133342764,0.0 131.01337515000753,31.22107018749804,0.0 131.0133781063393,31.221069041586446,0.0 131.01338106224603,31.22106789568897,0.0 131.0133840177332,31.221066749802063,0.0 131.01338697280573,31.22106560392251,0.0 131.0133899274682,31.221064458047422,0.0 131.01339288172483,31.22106331217431,0.0 131.01339583557953,31.221062166301,0.0 131.0133987890356,31.221061020425747,0.0 131.01340174209602,31.221059874547183,0.0 131.01340469476338,31.22105872866432,0.0 131.01340764703963,31.22105758277655,0.0 131.01341059892647,31.221056436883675,0.0 131.013413550425,31.221055290985948,0.0 131.01341650153583,31.221054145083954,0.0 131.01341945225914,31.22105299917873,0.0 131.0134224025946,31.221051853271728,0.0 131.01342535254125,31.221050707364764,0.0 131.01342830209788,31.22104956146012,0.0 131.01343125126257,31.22104841556044,0.0 131.01343420003295,31.22104726966877,0.0 131.0134371484062,31.22104612378856,0.0 131.01344009637893,31.221044977923658,0.0 131.01344304394726,31.221043832078266,0.0 131.0134459911069,31.221042686257,0.0 131.01344893785296,31.2210415404648,0.0 131.01345188418009,31.221040394706986,0.0 131.0134548300825,31.2210392489892,0.0 131.01345777555403,31.221038103317447,0.0 131.01346072058791,31.221036957698026,0.0 131.01346366517694,31.22103581213752,0.0 131.01346660931367,31.221034666642858,0.0 131.0134695529901,31.221033521221194,0.0 131.01347249619786,31.221032375879965,0.0 131.01347543892825,31.22103123062682,0.0 131.0134783811721,31.221030085469653,0.0 131.01348132292011,31.221028940416545,0.0 131.01348426416249,31.221027795475766,0.0 131.01348720488934,31.221026650655723,0.0 131.01349014509023,31.22102550596501,0.0 131.01349308475483,31.2210243614123,0.0 131.0134960238723,31.221023217006376,0.0 131.01349896243175,31.221022072756085,0.0 131.01350190042209,31.221020928670328,0.0 131.0135048378322,31.22101978475804,0.0 131.01350777465066,31.221018641028166,0.0 131.01351071086611,31.22101749748961,0.0 131.01351364646715,31.22101635415124,0.0 131.01351658144233,31.221015211021857,0.0 131.01351951578025,31.221014068110165,0.0 131.01352244946943,31.22101292542475,0.0 131.0135253824986,31.22101178297408,0.0 131.01352831485656,31.22101064076644,0.0 131.01353124653224,31.22100949880992,0.0 131.0135341775147,31.2210083571124,0.0 131.01353710779327,31.22100721568156,0.0 131.01354003735747,31.221006074524773,0.0 131.01354296619704,31.221004933649187,0.0 131.01354589430207,31.22100379306161,0.0 131.013548821663,31.221002652768547,0.0 131.01355174827043,31.22100151277618,0.0 131.0135546741156,31.221000373090305,0.0 131.0135575991899,31.22099923371636,0.0 131.01356052348527,31.22099809465937,0.0 131.01356344699417,31.220996955924008,0.0 131.01356636970937,31.22099581751445,0.0 131.01356929162426,31.22099467943448,0.0 131.01357221273267,31.22099354168741,0.0 131.01357513302906,31.22099240427612,0.0 131.01357805250836,31.220991267202965,0.0 131.01358097116608,31.220990130469872,0.0 131.0135838889984,31.220988994078244,0.0 131.01358680600202,31.22098785802901,0.0 131.01358972217432,31.220986722322586,0.0 131.01359263751328,31.22098558695887,0.0 131.01359555201748,31.22098445193728,0.0 131.0135984656862,31.22098331725673,0.0 131.01360137851944,31.220982182915595,0.0 131.01360429051766,31.220981048911764,0.0 131.01360720168216,31.22097991524264,0.0 131.01361011201476,31.220978781905103,0.0 131.013613021518,31.220977648895577,0.0 131.01361593019513,31.220976516209976,0.0 131.01361883804995,31.22097538384377,0.0 131.01362174508688,31.22097425179197,0.0 131.013624651311,31.220973120049123,0.0 131.01362755672807,31.220971988609364,0.0 131.0136304613443,31.2209708574664,0.0 131.01363336516658,31.220969726613564,0.0 131.0136362682024,31.2209685960438,0.0 131.01363917045958,31.220967465749663,0.0 131.01364207194675,31.22096633572344,0.0 131.0136449726729,31.220965205957047,0.0 131.01364787264734,31.220964076442133,0.0 131.01365077188007,31.220962947170065,0.0 131.01365367038136,31.220961818132,0.0 131.0136565681619,31.22096068931884,0.0 131.01365946523268,31.220959560721333,0.0 131.01366236160504,31.22095843233007,0.0 131.01366525729068,31.22095730413549,0.0 131.01366815230136,31.22095617612799,0.0 131.0136710466492,31.2209550482978,0.0 131.01367394034645,31.220953920635218,0.0 131.01367683340544,31.220952793130465,0.0 131.0136797258386,31.22095166577381,0.0 131.01368261765853,31.2209505385556,0.0 131.0136855088776,31.22094941146624,0.0 131.01368839950837,31.22094828449627,0.0 131.0136912895632,31.220947157636378,0.0 131.01369417905437,31.22094603087743,0.0 131.01369706799397,31.22094490421051,0.0 131.0136999563939,31.22094377762695,0.0 131.01370284426585,31.220942651118367,0.0 131.01370573162117,31.220941524676658,0.0 131.01370861847096,31.22094039829405,0.0 131.01371150482584,31.220939271963186,0.0 131.01371439069615,31.220938145677,0.0 131.01371727609168,31.22093701942892,0.0 131.01372016102184,31.220935893212776,0.0 131.01372304549545,31.22093476702286,0.0 131.0137259295208,31.22093364085396,0.0 131.01372881310564,31.22093251470133,0.0 131.01373169625708,31.2209313885608,0.0 131.01373457898154,31.22093026242868,0.0 131.01373746128488,31.220929136301887,0.0 131.01374034317217,31.220928010177875,0.0 131.0137432246478,31.22092688405468,0.0 131.0137461057155,31.220925757930942,0.0 131.01374898637812,31.220924631805904,0.0 131.0137518666378,31.220923505679394,0.0 131.01375474649595,31.220922379551865,0.0 131.0137576259531,31.220921253424383,0.0 131.01376050500903,31.22092012729861,0.0 131.01376338366265,31.220919001176863,0.0 131.0137662619121,31.220917875062018,0.0 131.01376913975483,31.220916748957585,0.0 131.01377201718728,31.220915622867658,0.0 131.01377489420517,31.220914496796908,0.0 131.01377777080347,31.2209133707506,0.0 131.01378064697633,31.22091224473452,0.0 131.0137835227171,31.22091111875504,0.0 131.01378639801842,31.220909992819017,0.0 131.01378927287223,31.22090886693386,0.0 131.01379214726973,31.220907741107403,0.0 131.0137950212014,31.22090661534797,0.0 131.01379789465707,31.220905489664325,0.0 131.01380076762604,31.220904364065607,0.0 131.01380364009685,31.22090323856136,0.0 131.0138065120576,31.22090211316145,0.0 131.01380938349587,31.22090098787608,0.0 131.01381225439874,31.220899862715687,0.0 131.01381512475285,31.22089873769104,0.0 131.01381799454433,31.22089761281301,0.0 131.01382086375915,31.220896488092723,0.0 131.01382373238286,31.220895363541423,0.0 131.01382660040073,31.220894239170423,0.0 131.01382946779796,31.220893114991128,0.0 131.01383233455945,31.220891991014927,0.0 131.01383520067003,31.220890867253225,0.0 131.01383806611452,31.22088974371736,0.0 131.01384093087773,31.22088862041853,0.0 131.01384379494448,31.22088749736785,0.0 131.01384665829977,31.220886374576224,0.0 131.01384952092863,31.220885252054327,0.0 131.0138523828166,31.2208841298126,0.0 131.0138552439491,31.22088300786115,0.0 131.0138581043121,31.220881886209806,0.0 131.01386096389203,31.22088076486797,0.0 131.01386382267552,31.22087964384469,0.0 131.01386668064984,31.220878523148503,0.0 131.01386953780275,31.22087740278755,0.0 131.01387239412253,31.220876282769424,0.0 131.01387524959813,31.220875163101184,0.0 131.0138781042192,31.220874043789347,0.0 131.01388095797608,31.22087292483984,0.0 131.01388381085977,31.22087180625796,0.0 131.01388666286215,31.220870688048368,0.0 131.01388951397593,31.220869570215104,0.0 131.01389236419456,31.220868452761515,0.0 131.01389521351243,31.22086733569026,0.0 131.01389806192495,31.220866219003327,0.0 131.01390090942823,31.22086510270196,0.0 131.01390375601954,31.22086398678672,0.0 131.01390660169696,31.220862871257427,0.0 131.01390944645956,31.220861756113194,0.0 131.0139122903075,31.220860641352417,0.0 131.01391513324185,31.220859526972763,0.0 131.0139179752647,31.220858412971207,0.0 131.01392081637908,31.22085729934401,0.0 131.01392365658904,31.22085618608677,0.0 131.0139264958996,31.2208550731944,0.0 131.01392933431674,31.22085396066111,0.0 131.0139321718474,31.22085284848057,0.0 131.01393500849932,31.220851736645788,0.0 131.01393784428134,31.220850625149176,0.0 131.01394067920296,31.22084951398262,0.0 131.01394351327468,31.220848403137456,0.0 131.0139463465077,31.22084729260456,0.0 131.01394917891403,31.220846182374288,0.0 131.01395201050627,31.22084507243664,0.0 131.01395484129787,31.2208439627812,0.0 131.01395767130285,31.22084285339724,0.0 131.01396050053572,31.220841744273688,0.0 131.01396332901163,31.220840635399256,0.0 131.01396615674608,31.220839526762457,0.0 131.01396898375506,31.22083841835161,0.0 131.01397181005487,31.220837310154952,0.0 131.01397463566215,31.220836202160623,0.0 131.01397746059368,31.2208350943568,0.0 131.01398028486645,31.220833986731623,0.0 131.01398310849757,31.220832879273388,0.0 131.01398593150415,31.22083177197049,0.0 131.01398875390325,31.22083066481154,0.0 131.01399157571188,31.220829557785343,0.0 131.01399439694688,31.22082845088104,0.0 131.0139972176248,31.220827344088057,0.0 131.01400003776203,31.220826237396263,0.0 131.01400285737452,31.2208251307959,0.0 131.0140056764778,31.220824024277736,0.0 131.01400849508698,31.220822917833026,0.0 131.01401131321663,31.220821811453607,0.0 131.01401413088078,31.22082070513192,0.0 131.0140169480928,31.220819598861063,0.0 131.01401976486548,31.220818492634788,0.0 131.01402258121072,31.22081738644758,0.0 131.0140253971399,31.22081628029472,0.0 131.0140282126635,31.220815174172177,0.0 131.0140310277912,31.220814068076823,0.0 131.01403384253197,31.22081296200634,0.0 131.01403665689384,31.22081185595924,0.0 131.01403947088403,31.220810749934973,0.0 131.01404228450895,31.220809643933865,0.0 131.01404509777427,31.22080853795717,0.0 131.01404791068472,31.220807432007096,0.0 131.01405072324437,31.220806326086795,0.0 131.01405353545658,31.22080522020041,0.0 131.01405634732407,31.2208041143531,0.0 131.0140591588101,31.22080300853728,0.0 131.0140619699152,31.22080190275976,0.0 131.01406478062188,31.220800797022143,0.0 131.01406759091412,31.22079969132775,0.0 131.01407040077467,31.22079858568056,0.0 131.0140732101852,31.22079748008528,0.0 131.01407601912635,31.22079637454728,0.0 131.01407882757772,31.220795269072603,0.0 131.01408163551804,31.22079416366793,0.0 131.0140844429253,31.22079305834056,0.0 131.01408724977668,31.220791953098345,0.0 131.01408948810305,31.22079107019041,0.0</coordinates>
            </LineString>
        </Placemark>
    </Document>
</kml>
