<?xml version="1.0" encoding="UTF-8"?>
<kml xmlns="http://www.opengis.net/kml/2.2" xmlns:gx="http://www.google.com/kml/ext/2.2">
    <Document id="161">
        <Style id="164">
            <LineStyle id="165">
                <color>ff0000ff</color>
                <colorMode>normal</colorMode>
                <width>3</width>
            </LineStyle>
        </Style>
        <Style id="168">
            <LineStyle id="169">
                <color>ff00ff00</color>
                <colorMode>normal</colorMode>
                <width>3</width>
            </LineStyle>
        </Style>
        <Placemark id="163">
            <name>flight_path</name>
            <styleUrl>#164</styleUrl>
            <LineString id="162">
                <altitudeMode>relativeToGround</altitudeMode>
                <coordinates>131.010392,31.222216000000007,3.000000004412624 131.0103920000045,31.222215999991075,3.0000027652305543 131.0103920000085,31.222215999994766,3.0000030853541984 131.0103920000085,31.222215999994766,3.0000030853541984 131.01039200000852,31.222215999994766,3.0000030853541984 131.01039201539675,31.22221599246117,3.0023884986471163 131.0103920617776,31.22221596990869,3.015331231721257 131.01039213193175,31.22221593580231,3.0351264363252404 131.01039220552698,31.222215900001803,3.055106219166761 131.0103923261533,31.222215841380503,3.090004394730484 131.01039241011944,31.222215800500727,3.1115340872331685 131.01039255023213,31.22221573238213,3.151063460926564 131.0103926908424,31.222215663995925,3.189784893121109 131.01039284206664,31.22221559043897,3.23111772340097 131.01039301222698,31.2222155076778,3.2778754514712065 131.01039319835945,31.22221541714896,3.329057119327625 131.01039339622227,31.222215320908244,3.383229829375461 131.0103936086097,31.222215217601374,3.4413386621870097 131.01039382835415,31.2222151107022,3.500962017738751 131.0103940692252,31.222214993537087,3.566754013292423 131.0103943154942,31.22221487372917,3.6334003425495367 131.0103945800907,31.22221474501192,3.705270765720048 131.01039485370347,31.222214611898128,3.779219998303775 131.01039513986652,31.222214472675024,3.856442763351153 131.01039544418495,31.22221432462593,3.9388336136528577 131.01039575462735,31.22221417358214,4.022328928820314 131.01039608061367,31.222214014978025,4.110111315127456 131.01039641907315,31.22221385030192,4.20114441129061 131.01039677261693,31.22221367828824,4.296310626724281 131.01039713608534,31.22221350143773,4.393868548192477 131.010397517966,31.22221331563664,4.496683993164735 131.01039790540767,31.22221312711366,4.600420125064151 131.01039830590005,31.22221293223868,4.707604968129808 131.01039871921526,31.222212731122088,4.8181619013200345 131.01039914602634,31.222212523437697,4.932317992273902 131.0103995843797,31.222212310132328,5.049414803571431 131.01040002919007,31.222212093670787,5.167739039340097 131.010400488852,31.222211869984235,5.290119088179969 131.01040096154043,31.222211639957216,5.415939478570699 131.01040144391652,31.222211405208075,5.544076156420129 131.01040193996343,31.222211163806087,5.675869112702848 131.01040244347448,31.22221091875968,5.809230869593894 131.01040295825328,31.222210668225145,5.945439804389508 131.01040348638034,31.22221041119396,6.085193185839201 131.01040402793237,31.222210147628825,6.228514853755213 131.0104045774418,31.22220988018005,6.373570321964543 131.0104051377902,31.2222096074508,6.521325187598352 131.01040571307726,31.222209327453587,6.673149607941206 131.01040630329675,31.222209040191352,6.829037586096744 131.01040689520636,31.22220875208352,6.984563197684807 131.01040750096558,31.22220845723537,7.143787353550456 131.0104081214021,31.222208155245536,7.306979827983644 131.01040875222748,31.222207848192888,7.472708023785239 131.01040938861175,31.222207538419,7.639365051166282 131.0104100415545,31.222207220590928,7.810603337186065 131.01041070492113,31.22220689768276,7.98437975261839 131.0104113765162,31.222206570758807,8.159965504549577 131.0104120624562,31.22220624147957,8.339353661311742 131.01041275158232,31.222205901873387,8.520704675050201 131.01041345219423,31.222205558795725,8.704890754092714 131.0104141686531,31.222205205929544,8.894147824349547 131.01041488787362,31.22220485022515,9.084052805109236 131.010415616475,31.2222044884886,9.276764298327617 131.01041635805282,31.222204118987754,9.4734339030366 131.0104171142968,31.222203740936383,9.674576936028805 131.01041786624157,31.22220336342689,9.874094243224976 131.01041863096793,31.222202978328745,10.07743997986488 131.01041941636228,31.22220258200791,10.287034510246777 131.0104202036621,31.222202183327,10.496946570127376 131.01042099563983,31.22220178097604,10.708058688234688 131.0104218032537,31.222201369993417,10.92369133138364 131.01042262372962,31.2222009517778,11.14291270643272 131.010423449039,31.22220052998147,11.363282217434357 131.01042428202032,31.222200103370216,11.585631726106476 131.0104251300012,31.222199668878687,11.81202909184472 131.01042599361386,31.2221992264222,12.042547064706003 131.01042685488684,31.22219878359365,12.272074370057569 131.01042773425624,31.222198331988924,12.506295447605115 131.01042862366006,31.222197875104303,12.742866008209228 131.01042952197812,31.222197413465565,12.981440874996595 131.0104304270461,31.22219694798253,13.221410409862536 131.01043135296,31.222196473495863,13.466331834248082 131.01043228837193,31.22219599444617,13.71318444599286 131.0104332257344,31.22219551354789,13.960095346991938 131.01043418366194,31.222195024370937,14.211548385725749 131.01043515851083,31.22219452850754,14.466484149046234 131.0104361312135,31.222194032358203,14.720418925769978 131.01043712257285,31.22219352919416,14.978111637982687 131.01043813030023,31.222193020077608,15.23886533418257 131.01043914740512,31.22219250730028,15.501068666252772 131.01044017507155,31.222191990581926,15.764939474690753 131.01044121945105,31.22219146833612,16.031667370606918 131.01044227961697,31.222190941062525,16.300935272788873 131.01044334528385,31.22219041163862,16.570639963454873 131.01044443244626,31.22218987601955,16.843827692533033 131.01044553838372,31.222189335216864,17.119809300615625 131.01044664838673,31.222188792905737,17.39581307472795 131.01044778620636,31.222188243630995,17.676064660851555 131.0104489365509,31.2221876911874,17.957696391268712 131.01045009080158,31.222187137455464,18.23923193241704 131.01045127553428,31.222186577009257,18.52503554136701 131.01045247594908,31.22218601322005,18.812493797509696 131.01045369055825,31.22218544645573,19.101330968662666 131.01045492714786,31.222184875417668,19.39267179694368 131.01045617483211,31.22218430225135,19.684773624089008 131.01045743571353,31.22218372666072,19.97791282731392 131.01045873170276,31.222183145271355,20.275099849449493 131.01046002289823,31.22218256463852,20.570640246748845 131.0104613509376,31.222181978407043,20.87022157117641 131.01046270099033,31.222181389158926,21.17165098176048 131.01046405550883,31.222180799388,21.47263383120081 131.0104654320512,31.222180206770386,21.775378948044285 131.01046685959935,31.22217960798767,22.08325314075968 131.01046828580053,31.22217900971121,22.389818471747084 131.01046971332264,31.222178411400368,22.695513252496088 131.01047120566665,31.22217780626107,23.00745289932025 131.01047268072116,31.22217720338272,23.31627899248145 131.01047418714109,31.22217659762701,23.62740650353649 131.0104757666547,31.22217598548783,23.944992637521807 131.01047728872783,31.222175379050142,24.255439806901844 131.0104788845786,31.22217476655401,24.572209183273888 131.01048052180795,31.222174151406325,24.891706117752765 131.01048211145556,31.22217354046512,25.20541771540341 131.01048379854515,31.222172922828346,25.52707299050039 131.0104854717116,31.222172306946497,25.846091425484445 131.01048715101973,31.222171691180545,26.16444603243056 131.01048891806968,31.22217107064416,26.48917005542397 131.0104906537447,31.22217045278104,26.80983177568317 131.0104924158967,31.222169834023354,27.131473756747624 131.01049425553663,31.22216921199552,27.45810880320784 131.0104960543723,31.222168592844856,27.780081709604552 131.01049791362905,31.22216797154385,28.10552405679165 131.01049980673406,31.22216734964616,28.4321696128295 131.01050167339017,31.222166729672537,28.75545309171165 131.01050363897156,31.222166106622144,29.084728146526604 131.01050557188552,31.222165485759383,29.410174633732243 131.0105075333991,31.222164864688004,29.73633349824784 131.01050958474633,31.222164241593106,30.06739060037532 131.01051158497668,31.222163621090008,30.393453650492887 131.0105136422264,31.222162999730177,30.7220533271618 131.0105157608655,31.22216237764084,31.05332366193801 131.01051783569972,31.22216175770165,31.3802513980252 131.01052000054935,31.222161136366,31.711674235306315 131.01052215067142,31.222160516405395,32.040681272698166 131.01052431710434,31.222159896991315,32.36932417777032 131.01052658538438,31.222159276247687,32.70295288631504 131.01052879672343,31.22215865777236,33.0315528220111 131.01053105794787,31.22215803914729,33.36184834583149 131.01053340762903,31.222157419642382,33.69612604645178 131.01053567826278,31.22215680276321,34.02412846600076 131.0105380632639,31.22215618444524,34.35766670675632 131.01054044610575,31.22215556713275,34.68961967746248 131.0105428156509,31.222154951029427,35.01935737883672 131.01054529983975,31.22215433342172,35.35454756611058 131.01054772991534,31.222153717877976,35.68507351671352 131.01055021494372,31.222153102023608,36.017482354189454 131.01055275351587,31.22215248580797,36.35168407357302 131.01055525173837,31.22215187138488,36.68207966049364 131.01055784788187,31.22215125540784,37.01695545725278 131.01056041808113,31.22215064085511,37.34890136864608 131.0105630049757,31.22215002666317,37.68048574626911 131.01056568351748,31.22214941062925,38.016271733626105 131.01056831123205,31.222148796748705,38.347633889000015 131.01057099372352,31.222148181909,38.681014491682966 131.010573715895,31.22214756637304,39.01554403888387 131.01057641074203,31.22214695236696,39.34708098679832 131.01057921151113,31.22214633509126,39.683986925967226 131.01058195892364,31.22214572028709,40.01627492840103 131.01058474708285,31.222145104408973,40.34990115054136 131.0105876276049,31.222144484945456,40.688308596012746 131.01059042160512,31.22214386966809,41.01987072041735 131.0105933281339,31.222143249521142,41.35767089565739 131.01059620335965,31.222142631082004,41.69225175054426 131.0105991002122,31.22214201181013,42.02714121053573 131.01060207102975,31.222141388584262,42.366032987466895 131.0106049893656,31.222140768424275,42.70019525783099 131.01060799513556,31.222140143098823,43.03946339830084 131.01061098437634,31.2221395186896,43.37654967771039 131.0106139778726,31.222138894003976,43.712909073888326 131.0106170564212,31.22213826324411,44.0545962645532 131.01062007381327,31.222137636615887,44.390769492855526 131.01062317346614,31.222137003619,44.73225192164351 131.0106262584506,31.222136371324776,45.07174574252152 131.0106293543416,31.22213573780907,45.411204119718576 131.0106325242479,31.22213509748481,45.755749209588174 131.0106356331458,31.22213446193302,46.09457372920588 131.0106388348795,31.22213381740575,46.440208185914976 131.0106419973946,31.2221331757942,46.78187108556844 131.01064518976813,31.22213253065033,47.12529464566556 131.01064843676428,31.222131879133624,47.47273611680904 131.0106516311326,31.222131232182768,47.81495677427104 131.01065491121602,31.222130575249423,48.16404981551558 131.0106581568809,31.22212992099885,48.50950948631254 131.01066142700702,31.22212926305672,48.85655426183632 131.01066475367395,31.22212859744464,49.20822130342185 131.01066802240845,31.22212793748452,49.55402376246221 131.0106713804035,31.222127265671425,49.90759706603687 131.01067470331648,31.222126596819848,50.257419691079626 131.0106780467839,31.22212592420178,50.60868971961089 131.01068142592956,31.22212524571721,50.96292520351405 131.01068477092292,31.222124570279416,51.31343362267393 131.01068819446607,31.22212388323928,51.67112303460336 131.01069157397492,31.2221232005532,52.0241286376904 131.01069499117708,31.222122511479768,52.38040339691888 131.01069842534875,31.222121818670583,52.73796066240153 131.0107018324725,31.22212112808961,53.09245873897306 131.01070532945317,31.22212042386824,53.45544429235249 131.01070875782247,31.2221197275278,53.81127161928456 131.0107122523306,31.222119020762253,54.1732442665228 131.01071573650347,31.22211831398099,54.533809543546816 131.01071921486204,31.2221176065974,54.89340826738223 131.0107227571426,31.22211688919089,55.25888075684959 131.01072624803447,31.222116177376527,55.61890814002402 131.01072980923675,31.22211545484897,55.985359547030725 131.01073334164,31.222114734902227,56.348571808917086 131.01073689026046,31.222114011588506,56.71289828515152 131.01074047993123,31.22211328181829,57.08065069395296 131.0107440257686,31.22211255654464,57.44376227180793 131.0107476594696,31.222111819169506,57.814577185130666 131.01075124184302,31.22211108722184,58.180065579746405 131.0107548800942,31.22211034753464,58.55011724198307 131.01075850289513,31.222109608881087,58.918154588106525 131.01076212571067,31.222108869395,59.2855930217858 131.01076580238,31.222108123116804,59.65710009786133 131.0107694354784,31.22210738108148,60.02412731353287 131.01077316105096,31.222106628523925,60.39832598633837 131.01077683421872,31.222105881117,60.76732133252737 131.0107805461556,31.222105129277534,61.13877871058649 131.01078428323763,31.22210437472089,61.51142666034865 131.0107879827623,31.22210362352787,61.880236709911486 131.0107917569358,31.222102865239567,62.254021993704775 131.01079551889475,31.222102108127583,62.625885971331925 131.01079925937887,31.222101352815287,62.99521748080655 131.01080304729223,31.222100593589783,63.367097101444536 131.01080686686544,31.22209983212776,63.740192952382735 131.01081066854735,31.222099072356293,64.11094395931136 131.01081447221503,31.2220983126794,64.48079337547007 131.01081831568274,31.22209755055068,64.85224973176784 131.01082216823374,31.222096788348807,65.22313319281197 131.01082601971052,31.22209602675573,65.59277547848791 131.01082987827175,31.222095265277293,65.96169318797989 131.01083376268895,31.22209450288936,66.3310143245467 131.0108376524884,31.222093740940604,66.69940122007246 131.01084154692643,31.22209297949526,67.06680045153568 131.01084545371828,31.22209221819427,67.43364524137702 131.01084937116158,31.22209145721436,67.79979367806307 131.0108532952796,31.22209069681409,68.16498890281903 131.01085722657578,31.2220899370122,68.52923915844522 131.01086117096472,31.222089177586348,68.89284690137129 131.01086512630195,31.22208841869308,69.25566388080597 131.01086909142103,31.22208766042208,69.61760698603013 131.01087306204954,31.2220869029824,69.97843433570029 131.01087703808565,31.22208614639633,70.33813079345853 131.01088103215238,31.22208539018532,70.69733233715279 131.0108850297039,31.22208463494953,71.05527571048452 131.01088903882888,31.222083880377,71.41236859423499 131.01089305663857,31.222083126587684,71.76845591095271 131.0108970860865,31.222082373470418,72.12367966000922 131.01090111888468,31.222081621327806,72.4776290334144 131.01090516300164,31.22208086985101,72.83069698626123 131.01090921717775,31.22208011907116,73.18282154249128 131.01091327596217,31.222079369168465,73.53374309840778 131.01091734712833,31.222078619824057,73.88384530598412 131.01092143054032,31.222077871006466,74.2331290557629 131.0109255140662,31.22207712314655,74.581019252464 131.0109296108389,31.22207637569253,74.92816400248692 131.01093371323142,31.222075628895567,75.27420872650528 131.01093782192345,31.22207488268107,75.61920273311458 131.0109419381197,31.22207413694333,75.96322314225473 131.01094606369256,31.2220733915374,76.30638294356825 131.01095019537587,31.22207264654284,76.64854348228904 131.01095433542787,31.222071901790407,76.9898402155709 131.01095848010735,31.22207115738826,77.3301105838947 131.01096263128477,31.22207041317652,77.66947412817682 131.01096678541117,31.22206966926388,78.0077763575961 131.01097094628068,31.222068925376096,78.34524049099734 131.01097511527684,31.22206818134593,78.68197178271731 131.0109792880395,31.22206743733804,79.01777141613229 131.01098346587355,31.22206669320168,79.35273776809447 131.01098764842067,31.222065948874743,79.68688354184401 131.01099182999872,31.22206520464591,80.01992591009633 131.01099601862262,31.222064459911216,80.35234032918558 131.0110002070869,31.22206371506921,80.68375663471744 131.0110044036331,31.222062969458847,81.01467690744043 131.01100859920123,31.22206222365025,81.34461223181052 131.01101280325284,31.222061476856148,81.67414781014814 131.01101700580926,31.2220607297622,82.00272572589198 131.0110212098924,31.22205998207168,82.33055176287696 131.0110254195082,31.22205923336726,82.65790497398044 131.01102963039713,31.222058483926617,82.98455542957585 131.01103383959085,31.222057733954248,83.31034072790652 131.01103805485084,31.22205698268694,83.63578151138425 131.01104226910357,31.22205623069692,83.96045480862358 131.0110464871775,31.22205547747705,84.28469733716437 131.01105070469487,31.222054723385728,84.60824760877291 131.01105492162796,31.22205396838319,84.93112297111237 131.0110591395988,31.222053212259404,85.25345301151319 131.0110633585524,31.22205245497148,85.57525500075907 131.011067576895,31.222051696645604,85.89643778396913 131.0110717950493,31.22205093720633,86.21704515571248 131.0110760111705,31.222050176822894,86.53696275463966 131.0110802304144,31.22204941491489,86.85656170016995 131.01108444596713,31.222048652201234,87.17537664710567 131.01108866404925,31.222047887990488,87.4938509446847 131.01109288115725,31.222047122656623,87.81174527620577 131.0110970934476,31.222046356627946,88.12879096028072 131.01110130811543,31.22204558910565,88.44549839567836 131.0111055204062,31.222044820626,88.76153180685341 131.01110972862952,31.22204405139217,89.07676947183165 131.01111393903025,31.22204328072392,89.39164826816494 131.01111814431087,31.22204250945717,89.70564820410718 131.01112234993056,31.22204173701173,90.01914545623526 131.0111265579966,31.22204096319041,90.33227566636812 131.011130760185,31.2220401889419,90.64444910809888 131.0111349607207,31.222039413839347,90.95594817530096 131.01113915973596,31.22203863791381,91.26676668183325 131.01114336035948,31.22203786088429,91.5770993118722 131.01114755813057,31.22203708327333,91.88662661359568 131.01115175379488,31.22203630505041,92.19538279043536 131.0111559504361,31.222035525959765,92.50355048132931 131.0111601445638,31.22203474641393,92.8108792928268 131.01116433613498,31.22203396647051,93.11734786807152 131.01116853113183,31.222033185620976,93.4233111295532 131.01117271986791,31.222032404848328,93.72813666589934 131.0111769152267,31.222031623023,94.03259815792832 131.01118110638737,31.22203084120696,94.33600434961632 131.01118529852894,31.222030058995568,94.6386469581442 131.01118949049382,31.22202927656384,94.94042871095957 131.01119368459277,31.22202849379156,95.24145518145816 131.01119787818388,31.22202771096688,95.5415477456608 131.01120207119882,31.22202692815658,95.8406792551232 131.01120626425276,31.222026145379047,96.13885801039048 131.01121045943466,31.222025362550667,96.43616774526036 131.0112146518099,31.22202458009241,96.73232293714644 131.01121884696897,31.222023797670666,97.02759002524948 131.0112230419508,31.222023015558104,97.32178968080248 131.01122723687584,31.22202223380148,97.61490626084812 131.01123143198797,31.22202145244152,97.90692900680794 131.01123563161673,31.222020671275946,98.19803786719464 131.01123982741606,31.222019890855485,98.48782039929188 131.0112440274406,31.222019110757724,98.77662911681688 131.01124823122143,31.222018331075045,99.06441403423048 131.01125243450957,31.222017552081123,99.35096931579736 131.01125664004655,31.222016773668773,99.6363983110114 131.01126084801282,31.22201599587316,99.92068907656692 131.01126505947232,31.22201521868243,100.20386761262664 131.01126926711467,31.222014442472428,100.48562411192374 131.0112734780436,31.222013666934888,100.766233964448 131.0112776911918,31.22201289215254,101.04563813316344 131.0112819044603,31.22201211823861,101.32374522485408 131.0112861228209,31.22201134499799,101.60073468302276 131.01129033879312,31.22201057276185,101.8763170973085 131.01129455477638,31.22200980143445,102.15057925358036 131.0112987793688,31.222009030677924,102.4238259059966 131.01130300531406,31.222008260792848,102.69578702464128 131.01130722937629,31.22200749190259,102.96634871258898 131.0113114583415,31.2220067237342,103.23575031245304 131.0113156894353,31.22200595639097,103.50389247569252 131.01131992330363,31.222005189835425,103.77079951065272 131.01132416025433,31.22200442404022,104.03648471361711 131.0113283997703,31.222003659006823,104.3009344477219 131.01133263845475,31.22200289484908,104.56403849192225 131.01133687923655,31.22200213142512,104.82590407293912 131.01134112167324,31.222001368723536,105.08652400367176 131.01134536321436,31.22200060681925,105.34582075821751 131.0113496058358,31.221999845596784,105.60387228230768 131.01135385828078,31.22199908463589,105.86099016788236 131.0113581047245,31.221998324587563,106.11664414051836 131.01136235367335,31.221997565040976,106.37113975392704 131.01136660654808,31.22199680587786,106.62454231432366 131.01137085888854,31.22199604725939,106.8767122943992 131.01137511185584,31.22199528908586,107.12770612546404 131.01137936283655,31.22199453144092,107.37744756793155 131.01138361571495,31.22199377407524,107.6260933977034 131.01138787121485,31.22199301688868,107.87369055059956 131.0113921231927,31.221992260164647,108.12003284276372 131.0113963766976,31.221991503573275,108.36532471732184 131.01140063394868,31.22199074691793,108.60967259636452 131.0114048917276,31.22198999032668,108.85297700376012 131.01140914540076,31.2219892340392,109.09507773179412 131.01141339922464,31.22198847773993,109.3361584665794 131.0114176567976,31.2219877211244,109.5763858060146 131.01142191479047,31.22198696434789,109.81565114666304 131.0114261717505,31.22198620746056,110.05391516385168 131.01143042721333,31.221985450446525,110.2911779535772 131.01143468406636,31.2219846930398,110.52758079773628 131.01143893644763,31.221983935624767,110.76289728070604 131.01144319261357,31.221983177520844,110.99749891195664 131.01144744764585,31.22198241904844,111.23119716273256 131.01145170372249,31.221981659987392,111.46410557172544 131.01145595690892,31.221980900613943,111.69606842823866 131.0114602072242,31.2219801408916,111.92710162176787 131.01146445939472,31.22197938037026,112.15743749981162 131.01146871177667,31.22197861914138,112.38702066354016 131.01147296640866,31.22197785698224,112.61596222988432 131.01147721670276,31.221977094453088,112.84396906414996 131.01148146562326,31.221976331260265,113.0711915556799 131.01148571913737,31.22197556680888,113.29792893779717 131.0114899670222,31.22197480203097,113.52370526318992 131.01149421751407,31.221974036125,113.74892578576518 131.01149846618455,31.221973269490302,113.9733876153277 131.01150270954497,31.22197250245671,114.19692731016436 131.01150695240975,31.22197173454035,114.41978698987025 131.011511192534,31.221970965950103,114.64186326893956 131.01151543027063,31.22197019664548,114.86317798910396 131.01151966561136,31.22196942662416,115.08373430918382 131.01152389855258,31.221968655886748,115.30353439604934 131.01152812909507,31.22196788443672,115.52257944251512 131.0115323572439,31.22196711228037,115.74086966535332 131.0115365830086,31.22196633942677,115.95840430430216 131.01154080640262,31.221965565887725,116.1751816459234 131.0115450274438,31.221964791677703,116.39119903155547 131.01154924615383,31.221964016813853,116.6064528583092 131.01155346255845,31.221963241315724,116.82093862677912 131.01155767668703,31.221962465205383,117.03465094005078 131.01156188857263,31.22196168850717,117.24758354147262 131.01156609825173,31.22196091124768,117.45972934348124 131.0115703057642,31.22196013345556,117.6710804524514 131.0115745111528,31.22195935516148,117.88162820149654 131.01157871446347,31.22195857639796,118.09136320116212 131.01158291574475,31.221957797199213,118.30027536029742 131.01158711504763,31.22195701760107,118.50835393277248 131.01159131242548,31.221956237640768,118.71558757015713 131.01159550793366,31.221955457356856,118.921964350545 131.0115997016294,31.22195467678903,119.12747183719677 131.01160389357156,31.22195389597796,119.33209712028535 131.01160808382028,31.22195311496516,119.5358268695744 131.01161227243682,31.22195233379285,119.73864738113264 131.01161645948335,31.22195155250377,119.94054462901904 131.01162064502267,31.22195077114108,120.14150432193608 131.01162482911792,31.22194998974811,120.3415119449739 131.01162901183235,31.221949208368336,120.5405528301802 131.01163319322913,31.221948427045103,120.73861219233908 131.01163737337114,31.22194764582157,120.93567519457144 131.01164155232053,31.221946864740524,121.13172699107156 131.0116457301388,31.221946083844223,121.32675278773624 131.01164990688633,31.22194530317429,121.52073789484209 131.01165408262224,31.22194452277156,121.7136677697822 131.01165825740432,31.22194374267593,121.90552807968392 131.01166243128853,31.221942962926267,122.09630473619248 131.01166660432915,31.22194218356024,122.28598396007668 131.01167077657843,31.221941404614206,122.47455231402554 131.0116749480864,31.22194062612313,122.66199675830713 131.01167911890076,31.221939848120407,122.8483046925119 131.01168328906675,31.221939070637823,123.03346399232508 131.01168745862708,31.2219382937054,123.21746305027604 131.0116916276216,31.22193751735132,123.40029082543376 131.01169579608757,31.22193674160185,123.58193686129422 131.01169996405915,31.22193596648128,123.76239133050488 131.01170413156763,31.22193519201176,123.94164506666957 131.0117082986412,31.221934418213326,124.119689581242 131.01171246530504,31.221933645103785,124.29651711123267 131.01171663158112,31.221932872698687,124.47212062218875 131.01172079748835,31.22193210101128,124.64649383701554 131.01172496304247,31.221931330052424,124.81963125883452 131.01172912825604,31.221930559830664,124.9915281729698 131.01173329313852,31.221929790352103,125.16218068372224 131.01173745769628,31.22192902162048,125.33158569249905 131.01174162193263,31.22192825363708,125.49974093160748 131.01174578584784,31.22192748640085,125.66664495729547 131.01174994943926,31.22192671990832,125.83229714875444 131.01175411270142,31.221925954153647,125.99669771805972 131.011758275626,31.221925189128687,126.15984769128193 131.01176243820194,31.221924424823005,126.32174891146887 131.01176660041568,31.221923661223915,126.48240403268125 131.01177076225107,31.221922898316578,126.64181649315404 131.0117749236896,31.221922136084,126.79999051629032 131.01177908471047,31.22192137450717,126.95693108481905 131.01178324529087,31.221920613565104,127.11264392687788 131.01178740540576,31.221919853234933,127.26713548222035 131.01179156502832,31.221919093491987,127.4204128942634 131.01179572413,31.221918334309947,127.57248396834224 131.01179988268063,31.221917575660832,127.7233571577954 131.0118040406485,31.221916817515208,127.8730415192382 131.0118081980007,31.22191605984227,128.02154668870784 131.01181235470287,31.221915302609908,128.16888284488903 131.01181651072,31.22191454578488,128.3150606723387 131.01182066601584,31.221913789332884,128.46009132669943 131.01182482055347,31.221913033218748,128.60398639295497 131.01182897429544,31.221912277406474,128.74675784467988 131.01183312720374,31.2219115218594,128.8884180102476 131.01183727924007,31.22191076654028,129.02897951915756 131.01184143036585,31.22191001141152,129.16845527321507 131.0118455805425,31.22190925643516,129.3068583819247 131.01184972973147,31.22190850157313,129.44420214360903 131.01185387789437,31.22190774678725,129.58049998279142 131.0118580249932,31.22190699203945,129.7157654114346 131.01186217099033,31.22190623729186,129.85001198620367 131.01186631584864,31.22190548250689,129.98325326374106 131.0118704595317,31.22190472764741,130.11550274898323 131.01187460200393,31.2219039726768,130.24677386634002 131.01187874323048,31.22190321755916,130.37707989906585 131.0118828831775,31.22190246225932,130.50643396043742 131.0118870218122,31.221901706743,130.6348489450544 131.01189115910296,31.221900950976888,130.76233748808914 131.01189529501934,31.221900194928807,130.88891193249037 131.01189942953226,31.22189943856772,131.01458427928702 131.01190356261398,31.221898681863888,131.1393661647316 131.01190769423815,31.221897924788955,131.2632688115989 131.01191182438006,31.22189716731599,131.3863030033459 131.0119159530164,31.221896409419617,131.50847905131403 131.01192008012555,31.221895651076068,131.6298067639199 131.0119242056876,31.22189489226327,131.750295406899 131.0119283296842,31.22189413296088,131.86995369734527 131.01193245209885,31.221893373150355,131.9887897729002 131.0119365729167,31.221892612815022,132.1068111519981 131.01194069212485,31.22189185194013,132.22402473784285 131.011944809712,31.221891090512848,132.34043678262867 131.01194892566872,31.221890328522345,132.45605288058357 131.0119530399875,31.22188956595979,132.57087795206925 131.01195715266246,31.221888802818395,132.68491622867185 131.01196126368967,31.2218880390934,132.79817125519224 131.01196537306703,31.221887274782127,132.910645864799 131.01196948079405,31.22188650988392,133.02234218896794 131.01197358687216,31.22188574440017,133.1332616475447 131.01197769130442,31.221884978334344,133.2434049566973 131.01198179409565,31.221884211691872,133.3527721169885 131.0119858952523,31.221883444480195,133.4613624302742 131.01198999478248,31.22188267670869,133.56917450566803 131.01199409269583,31.22188190838869,133.67620625755282 131.01199818900355,31.221881139533327,133.78245492844195 131.01200228371823,31.22188037015757,133.88791709196104 131.01200637685395,31.221879600278168,133.99258867570873 131.01201046842604,31.22187882991352,134.0964649741779 131.01201455845117,31.221878059083647,134.1995406666455 131.01201864694713,31.22187728781017,134.30180983804516 131.01202273393287,31.2218765161161,134.40326600083358 131.01202681942834,31.221875744025887,134.50390211884363 131.01203090345447,31.22187497156528,134.60371063610867 131.01203498603303,31.221874198761206,134.70268349972113 131.0120390671866,31.22187342564173,134.80081218467993 131.0120431469383,31.22187265223596,134.89808773166027 131.01204722531213,31.22187187857388,134.99450077583467 131.01205130233228,31.221871104686336,135.0900415687391 131.01205537802346,31.221870330604915,135.18470002200462 131.0120594524107,31.22186955636177,135.2784657431376 131.01206352551935,31.221868781989635,135.37132805638987 131.01206759737462,31.221868007521607,135.46327604947308 131.01207166800202,31.22186723299115,135.5542986043681 131.01207573742678,31.221866458431894,135.64438443807504 131.01207980567412,31.2218656838776,135.7335221294463 131.01208387276893,31.221864909361976,135.82170016788902 131.01208793873576,31.2218641349187,135.90890698815008 131.01209200359884,31.2218633605812,135.99513098820316 131.01209606738175,31.2218625863826,136.08036059484903 131.0121001301076,31.221861812355645,136.16458428060915 131.01210419179887,31.221861038532555,136.24779060844952 131.0121082524772,31.22186026494496,136.32996825861545 131.01211231216357,31.22185949162381,136.41110607236308 131.012116370878,31.221858718599275,136.4911930847559 131.01212042863975,31.22185794590064,136.5702185534873 131.01212448546696,31.22185717355624,136.64817199366584 131.01212854137685,31.2218564015934,136.72504321359477 131.01213259638564,31.221855630038306,136.80082233763045 131.01213665050835,31.22185485891596,136.87549984394934 131.01214070375903,31.22185408825009,136.94906659038892 131.0121447561505,31.221853318063136,137.02151383531807 131.0121488076944,31.221852548376084,137.09283326546426 131.01215285840135,31.221851779208496,137.16301703070127 131.01215690828067,31.221851010578444,137.23205774802193 131.0121609573405,31.221850242502395,137.2999485402996 131.01216500558786,31.22184947499525,137.3666830462275 131.01216905302857,31.22184870807024,137.43225543621756 131.0121730996673,31.22184794173892,137.49666043327397 131.01217714550765,31.22184717601113,137.55989332690595 131.01218119055198,31.22184641089499,137.62194998505356 131.01218523480162,31.221845646396822,137.68282685806273 131.01218927825687,31.22184488252119,137.7425210015446 131.01219332091702,31.22184411927089,137.80103007239958 131.01219736278028,31.221843356646936,137.8583523317965 131.012201403844,31.221842594648543,137.91448665809543 131.0122054441046,31.221841833273142,137.96943254187616 131.01220948355768,31.221841072516447,138.0231900879263 131.01221352219804,31.2218403123724,138.0757600102706 131.01221756001965,31.221839552833224,138.12714363117797 131.01222159701592,31.22183879388948,138.17734287122113 131.01222563317953,31.22183803553008,138.22636024828392 131.01222966850258,31.221837277742303,138.27419885966987 131.01223370297663,31.221836520511907,138.32086237912074 131.0122377365929,31.221835763823098,138.36635503892725 131.01224176934207,31.22183500765864,138.41068161203745 131.01224580121445,31.221834251999905,138.45384740808336 131.01224983220007,31.221833496826928,138.49585824356242 131.01225386228893,31.22183274211848,138.53672043090629 131.0122578914705,31.221831987852124,138.5764407506512 131.01226191973436,31.221831234004288,138.6150264385174 131.01226594706992,31.221830480550377,138.65248515559466 131.01226997346657,31.22182972746481,138.68882496746835 131.01227399891374,31.221828974721127,138.72405431639248 131.0122780234009,31.22182822229202,138.75818200240593 131.01228204691773,31.221827470149524,138.7912171435775 131.01228606945384,31.221826718265,138.82316915513383 131.0122900909993,31.22182596660925,138.85404772660144 131.0122941115442,31.22182521515265,138.88386277807552 131.01229813107895,31.221824463865183,138.91262444332463 131.01230214959446,31.22182371271655,138.9403430310294 131.0123061670816,31.22182296167628,138.96702899894282 131.01231018353184,31.221822210713768,138.99269291512755 131.01231419893702,31.22182145979844,139.01734543609265 131.01231821328926,31.221820708899763,139.04099726604335 131.0123222265812,31.2218199579874,139.0636591350179 131.01232623880588,31.22181920703123,139.08534175515487 131.0123302499567,31.22181845600151,139.10605579783632 131.0123342600277,31.2218177048689,139.1258118658589 131.0123382690132,31.221816953604588,139.14462044771497 131.01234227690813,31.221816202180342,139.16249190268564 131.01234628370773,31.221815450568595,139.17943642506145 131.0123502894079,31.22181469874256,139.19546401035015 131.0123542940049,31.221813946676235,139.2105844373885 131.01235829749544,31.22181319434455,139.2248072335554 131.01236229987683,31.22181244172337,139.23814164495656 131.01236630114673,31.22181168878968,139.2505966115773 131.01237030130326,31.22181093552147,139.26218076032777 131.012374300345,31.22181018189795,139.272902352364 131.012378298271,31.22180942789956,139.28276927812237 131.01238229508067,31.221808673508,139.29178903843427 131.01238629077392,31.221807918706297,139.29996871073476 131.0123902853509,31.221807163478875,139.30731494309947 131.01239427881228,31.221806407811577,139.31383392840422 131.01239827115907,31.221805651691703,139.3195313953809 131.01240226239258,31.221804895108047,139.32441258873902 131.01240625251444,31.221804138050928,139.32848225823307 131.0124102415266,31.221803380512213,139.33174464574415 131.01241422943136,31.221802622485363,139.3342034753385 131.0124182162312,31.221801863965407,139.33586194830073 131.01242220192887,31.221801104948973,139.33672273617603 131.0124261865273,31.221800345434303,139.33678796486646 131.0124301700298,31.22179958542125,139.33605922556643 131.0124341524396,31.22179882491126,139.33453756482217 131.0124381337602,31.221798063907404,139.3322234845326 131.01244211399535,31.22179730241428,139.3291169429419 131.01244609314867,31.22179654043812,139.32521735762288 131.01245007122407,31.221795777986628,139.3205236144209 131.0124540482254,31.221795015069063,139.31503406645996 131.01245802415656,31.221794251696167,139.30874654010563 131.01246199902147,31.221793487880124,139.30165835086763 131.012465972824,31.221792723634508,139.29376630836876 131.01246994556809,31.221791958974244,139.28506673721708 131.01247391725744,31.2217911939156,139.27555546607005 131.0124778878958,31.221790428476087,139.26522787335767 131.01248185748676,31.22178966267441,139.25407888230873 131.01248582603375,31.22178889653044,139.24210298281807 131.01248979354003,31.22178813006508,139.2292942483406 131.0124937600088,31.221787363300287,139.21564636471643 131.0124977254428,31.22178659625896,139.2011526291733 131.0125016898448,31.22178582896487,139.1858059980352 131.01250565321723,31.22178506144257,139.16959908970236 131.01250961556215,31.2217842937174,139.1525242144678 131.0125135768815,31.221783525815272,139.13457339737573 131.0125175371768,31.22178275776273,139.11573841002703 131.01252149644932,31.221781989586823,139.09601077753305 131.01252545469995,31.221781221314966,139.07538182920686 131.0125294119293,31.221780452974944,139.0538427084987 131.01253336813747,31.221779684594782,139.03138439883764 131.01253732332444,31.221778916202688,139.00799776239364 131.0125412774896,31.221778147826967,138.98367356293434 131.01254523063204,31.22177737949593,138.95840248470975 131.0125491827505,31.2217766112378,138.93217517817146 131.01255313384328,31.22177584308066,138.90498226692583 131.0125570839083,31.22177507505239,138.8768143934564 131.01256103294315,31.221774307180503,138.84766224297488 131.012564980945,31.22177353949217,138.8175165603155 131.01256892791068,31.221772772014088,138.78636818869848 131.0125728738366,31.2217720047724,138.75420809159314 131.01257681871888,31.221771237792623,138.7210273865118 131.01258076255334,31.22177047109964,138.68681735693255 131.0125847053354,31.221769704717527,138.6515694910647 131.01258864706017,31.221768938669555,138.61527549973468 131.0125925877226,31.22176817297811,138.57792734123518 131.01259652731724,31.221767407664608,138.53951724716512 131.01260046583857,31.22176664274948,138.50003773833086 131.01260440328068,31.221765878252054,138.45948165456372 131.0126083396377,31.221765114190568,138.41784217062192 131.01261227490335,31.22176435058205,138.37511281507292 131.01261620907147,31.221763587442336,138.33128748420867 131.01262014213583,31.22176282478598,138.2863604748443 131.01262407408996,31.221762062626222,138.24032647636503 131.0126280049275,31.22176130097496,138.19318060948984 131.01263193464214,31.221760539842712,138.14491841831864 131.01263586322764,31.2217597792386,138.09553590015017 131.01263979067778,31.221759019170303,138.04502950448753 131.0126437169866,31.221758259644048,137.99339614794627 131.01264764214827,31.221757500664584,137.94063322021876 131.0126515661572,31.2217567422352,137.88673858705428 131.01265548900804,31.22175598435768,137.8317106071582 131.0126594106958,31.221755227032304,137.77554812224992 131.0126633312158,31.22175447025789,137.71825046402228 131.0126672505637,31.22175371403175,137.65981746408133 131.01267116873575,31.221752958349736,137.60024943605467 131.01267508572835,31.221752203206226,137.53954718950789 131.01267900153871,31.221751448594155,137.4777120190111 131.01268291616427,31.22175069450505,137.41474569718252 131.01268682960327,31.22174994092906,137.35065048065303 131.0126907418544,31.22174918785495,137.2854290832299 131.0126946529169,31.221748435270168,137.21908468583763 131.01269856279075,31.22174768316088,137.15162091763412 131.0127024714765,31.221746931512023,137.08304184408487 131.01270637897542,31.22174618030735,137.01335195205309 131.01271028528936,31.221745429529435,136.94255614682197 131.01271419042095,31.221744679159773,136.8706597332093 131.01271809437353,31.22174392917886,136.79766838376344 131.01272199715103,31.221743179566182,136.72358814671605 131.0127258987582,31.221742430300328,136.64842541218957 131.0127297992004,31.221741681359035,136.57218689331364 131.0127336984838,31.22174093271924,136.494879620265 131.01273759661512,31.221740184357216,136.41651089056867 131.01274149360188,31.221739436248537,136.33708828997598 131.01274538945222,31.22173868836824,136.25661962686345 131.01274928417487,31.22173794069084,136.1751129391936 131.0127531777793,31.22173719319045,136.09257645972872 131.01275707027543,31.22173644584084,136.00901858621364 131.01276096167396,31.221735698615458,135.9244478754144 131.0127648519859,31.22173495148763,135.8388729993871 131.01276874122294,31.2217342044305,135.752302726593 131.01277262939712,31.2217334574172,135.66474590699403 131.01277651652103,31.221732710420884,135.57621142434223 131.01278040260763,31.22173196341484,135.48670819717813 131.01278428767014,31.22173121637251,135.39624512913315 131.01278817172215,31.22173046926764,135.30483110495712 131.01279205477755,31.22172972207425,135.2124749447978 131.01279593685044,31.22172897476688,135.11918539724516 131.01279981795497,31.221728227320448,135.0249710965927 131.01280369810556,31.22172747971048,134.9298405618465 131.01280757731655,31.221726731913147,134.83380214503978 131.0128114556024,31.221725983905262,134.7368640362058 131.01281533297745,31.22172523566445,134.63903420970428 131.01281920945607,31.22172448716916,134.540320434164 131.01282308505233,31.221723738398698,134.4407302257673 131.0128269597802,31.22172298933334,134.34027083731863 131.01283083365342,31.22172223995436,134.23894924234173 131.0128347066853,31.22172149024409,134.13677210625656 131.01283857888893,31.221720740185976,134.03374577842862 131.01284245027696,31.22171998976461,133.92987626732105 131.01284632086157,31.221719238965825,133.82516922161025 131.01285019065446,31.22171848777664,133.7196299331684 131.0128540596668,31.221717736185383,133.6132632963122 131.01285792790915,31.22171698418173,133.5060738127728 131.0128617953915,31.22171623175665,133.3980655847389 131.01286566212303,31.22171547890252,133.28924228006773 131.0128695281124,31.221714725613086,133.17960715316033 131.0128733933674,31.221713971883528,133.06916301514033 131.01287725789513,31.22171321771044,132.95791223385612 131.0128811217018,31.221712463091848,132.84585672990335 131.0128849847928,31.221711708027247,132.73299797066187 131.01288884717275,31.22171095251754,132.61933697029502 131.01289270884527,31.221710196565088,132.5048742877619 131.0128965698131,31.221709440173687,132.38961001985777 131.01290043007813,31.22170868334855,132.27354380817235 131.0129042896412,31.22170792609628,132.15667485101628 131.01290814850228,31.22170716842487,132.03900188453474 131.0129120066603,31.22170641034368,131.9205232045734 131.01291586411327,31.22170565186336,131.8012366776119 131.01291972085815,31.22170489299591,131.6811397288344 131.01292357689107,31.221704133754542,131.56022936598333 131.012927432207,31.221703374153712,131.43850219029235 131.0129312868,31.221702614209025,131.31595439747824 131.01293514066325,31.22170185393723,131.1925817986126 131.0129389937888,31.221701093356145,131.0683798320486 131.01294284616793,31.22170033248461,130.94334357634062 131.01294669779082,31.221699571342423,130.81746776515087 131.01295054864684,31.221698809950293,130.69074681011077 131.0129543987244,31.221698048329763,130.563174811751 131.0129582480112,31.221697286503154,130.4347455813679 131.01296209649385,31.221696524493524,130.3054526569248 131.0129659441583,31.22169576232453,130.1752893328691 131.0129697909898,31.221695000020446,130.04424866808156 131.01297363697253,31.22169423760601,129.9123235117177 131.01297748209032,31.221693475106385,129.77950653501313 131.01298132632613,31.22169271254712,129.64579024320886 131.0129851696623,31.221691949954,129.51116699443435 131.01298901208068,31.22169118735305,129.37562904145213 131.01299285356248,31.221690424770383,129.23916853662635 131.01299669408849,31.2216896622322,129.101777570685 131.01300053363897,31.22168889976461,128.9634481796748 131.01300437219393,31.221688137393706,128.82417239465985 131.013008209733,31.221687375145315,128.68394223774155 131.0130120462354,31.22168661304505,128.54274977076278 131.0130158816804,31.221685851118213,128.40058710126908 131.01301971604687,31.22168508938965,128.25744641928398 131.01302354931377,31.22168432788377,128.1133200112228 131.01302738145992,31.221683566624417,127.96820029468007 131.01303121246423,31.2216828056348,127.8220798273734 131.01303504230577,31.22168204493744,127.67495134292544 131.01303887096358,31.221681284554148,127.52680776278936 131.0130426984171,31.221680524505864,127.3776422260674 131.0130465246462,31.22167976481265,127.22744810441829 131.01305034963076,31.22167900549365,127.07621901796072 131.01305417335135,31.221678246567016,126.9239488690665 131.01305799578907,31.221677488049792,126.77063184732968 131.01306181692547,31.221676729957988,126.61626244845104 131.01306563674277,31.221675972306404,126.46083549709896 131.01306945522387,31.22167521510868,126.30434616082437 131.0130732723526,31.22167445837721,126.14678995602397 131.01307708811336,31.221673702123123,125.9881627737828 131.01308090249162,31.2216729463562,125.82846088186288 131.0130847154738,31.22167219108492,125.66768093762332 131.01308852704724,31.221671436316363,125.5058200059131 131.01309233720036,31.22167068205625,125.34287555211192 131.0130961459227,31.22166992830889,125.1788454649936 131.013099953205,31.221669175077164,125.01372805672428 131.01310375903918,31.221668422362512,124.84752206584652 131.0131075634184,31.22166767016496,124.68022665727868 131.01311136633717,31.221666918483088,124.51184143623152 131.01311516779117,31.221666167314087,124.34236643926351 131.01311896777764,31.22166541665367,124.17180213626897 131.01312276629503,31.22166466649617,124.00014943445552 131.01312656334343,31.221663916834537,123.827409658465 131.01313035892403,31.22166316766035,123.65358456826692 131.0131341530397,31.2216624189638,123.47867634126752 131.01313794569467,31.221661670733823,123.3026875623714 131.0131417368947,31.22166092295805,123.1256212210008 131.01314552664695,31.22166017562285,122.94748070911 131.01314931495995,31.22165942871345,122.76826979236075 131.01315310184378,31.221658682213853,122.58799261708133 131.01315688730995,31.221657936107007,122.4066536884016 131.01316067137128,31.22165719037481,122.22425785633898 131.01316445404203,31.22165644499812,122.04081030387138 131.01316823533776,31.22165569995689,121.85631652904893 131.01317201527536,31.221654955230203,121.6707823320734 131.013175793873,31.221654210796288,121.48421379045 131.01317957115,31.22165346663268,121.2966172430866 131.01318334712687,31.221652722716183,121.10799928234373 131.01318712182533,31.221651979023022,120.91836671924666 131.01319089526797,31.22165123552889,120.72772656161986 131.01319466747844,31.22165049220904,120.5360860111075 131.0131984384813,31.22164974903828,120.34345242341584 131.01320220830206,31.221649005991168,120.14983330036335 131.0132059769668,31.22164826304202,119.9552362491294 131.01320974450232,31.221647520164968,119.75966897331004 131.01321351093608,31.221646777334097,119.56313925502876 131.013217276296,31.221646034523484,119.36565491219652 131.01322104061052,31.221645291707304,119.16722379155615 131.01322480390823,31.22164454885987,118.967853734888 131.013228566218,31.221643805955768,118.76755256509618 131.013232327569,31.22164306296989,118.5663280593725 131.0132360879902,31.22164231987753,118.364187917391 131.01323984751073,31.221641576654456,118.16113974838689 131.0132436061594,31.22164083327695,117.95719104829644 131.01324736396484,31.22164008972197,117.75234916993932 131.01325112095537,31.221639345967127,117.54662130711525 131.01325487715872,31.221638601990804,117.34001447174414 131.01325863260223,31.221637857772205,117.13253547498076 131.01326238731255,31.22163711329142,116.92419090137273 131.0132661413156,31.22163636852957,116.71498709295652 131.01326989463638,31.221635623468696,116.50493013434988 131.0132736472992,31.22163487809197,116.2940258298892 131.0132773993271,31.22163413238368,116.08227968474534 131.01328115074233,31.22163338632928,115.86969689398995 131.01328490156567,31.22163263991545,115.65628232569748 131.013288651817,31.221631893130183,115.44204050106649 131.01329240151455,31.2216311459627,115.22697559342473 131.0132961506754,31.221630398403622,115.01109140735625 131.01329989931514,31.22162965044496,114.7943913647846 131.01330364744783,31.221628902080088,114.57687850696136 131.01330739508597,31.22162815330383,114.35855547557964 131.01331114224047,31.22162740411243,114.13942450780304 131.0133148889206,31.2216266545036,113.91948743427844 131.0133186351339,31.22162590447652,113.69874567217632 131.01332238088617,31.221625154031816,113.4772002212142 131.0133261261815,31.221624403171628,113.25485165669812 131.01332987102222,31.22162365189953,113.0317001434374 131.01333361540878,31.221622900220577,112.80774541586392 131.01333735933983,31.22162214814121,112.5829867959224 131.01334110281226,31.22162139566935,112.3574231970458 131.0133448458211,31.22162064281428,112.13105310824946 131.01334858835955,31.221619889586623,111.9038746239498 131.013352330419,31.221619135998395,111.6758854389933 131.01335607198905,31.22161838206288,111.4470828576 131.01335981305763,31.221617627794632,111.21746380727906 131.01336355361076,31.22161687320939,110.98702484180744 131.01336729363285,31.22161611832407,110.75576216409225 131.0133710331066,31.221615363156697,110.52367163113728 131.01337477201315,31.221614607726323,110.29074876497567 131.013378510332,31.221613852053007,110.05698878050032 131.01338224804107,31.22161309615771,109.8223865884438 131.01338598511705,31.22161234006232,109.58693682320832 131.01338972153485,31.221611583789432,109.35063385677988 131.01339345726842,31.221610827362404,109.11347181363696 131.01339719229023,31.22161007080524,108.8754445946034 131.01340092657165,31.22160931414247,108.6365459056738 131.01340466008298,31.22160855739916,108.39676925304065 131.01340839279342,31.221607800600754,108.15610800074522 131.01341212467133,31.221607043773048,107.91455536570491 131.01341585568423,31.22160628694208,107.6721044525024 131.01341958579897,31.221605530134035,107.42874827425744 131.0134233149816,31.22160477337521,107.18447976952264 131.01342704319785,31.22160401669184,106.9392918400553 131.01343077041287,31.221603260110125,106.6931773647309 131.0134344965917,31.221602503656072,106.44612922041486 131.01343822169895,31.22160174735544,106.1981403157586 131.01344194569936,31.221600991233647,105.94920361505385 131.01344566855747,31.22160023531569,105.69931214518869 131.01344939023826,31.221599479626065,105.44845904037716 131.01345311070668,31.22159872418868,105.19663755507996 131.01345682992817,31.221597969026742,104.94384108189556 131.01346054786873,31.22159721416283,104.69006318237318 131.01346426449487,31.221596459618635,104.43529761086788 131.01346797977385,31.221595705414977,104.1795383205048 131.01347169367375,31.22159495157173,103.92277950393184 131.0134754061636,31.221594198107773,103.6650155923254 131.01347911721342,31.22159344504088,103.40624128620428 131.01348282679453,31.221592692387656,103.14645158127352 131.01348653487935,31.221591940163616,102.8856417584837 131.0134902414418,31.221591188382927,102.62380743174388 131.01349394645715,31.22159043705852,102.36094453499946 131.01349764990232,31.221589686201927,102.09704936000392 131.0135013517558,31.22158893582336,101.83211854339812 131.01350505199778,31.22158818593157,101.56614910050608 131.01350875061036,31.221587436533884,101.29913842931148 131.0135124475775,31.22158668763617,101.03108430946502 131.01351614288512,31.221585939242768,100.76198491818865 131.01351983652103,31.221585191356503,100.49183883922264 131.01352352847533,31.221584443978724,100.22064505388076 131.01352721874,31.22158369710917,99.9484029649066 131.01353090730944,31.22158295074615,99.6751123865356 131.01353459418004,31.22158220488637,99.4007735365436 131.0135382793506,31.221581459525048,99.12538705811654 131.01354196282205,31.22158071465588,98.84895399500132 131.01354564459763,31.22157997027108,98.57147580641816 131.0135493246829,31.221579226361413,98.29295434618636 131.0135530030857,31.22157848291623,98.01339187465528 131.01355667981608,31.221577739923458,97.73279103484968 131.01356035488632,31.22157699736968,97.4511548514764 131.013564028311,31.221576255240134,97.16848671999264 131.01356770010693,31.22157551351884,96.88479039269149 131.0135713702929,31.221574772188603,96.60006997770913 131.01357503889002,31.221574031231057,96.31432991318312 131.01357870592125,31.22157329062673,96.02757495035512 131.0135823714116,31.22157255035515,95.73981014860324 131.013586035388,31.22157181039487,95.45104085357508 131.0135896978792,31.221571070723567,95.16127268327342 131.01359335891564,31.22157033131809,94.87051150519608 131.0135970185294,31.221569592154584,94.57876341645664 131.01360067675412,31.22156885320849,94.28603472191844 131.0136043336248,31.22156811445469,93.99233192326156 131.01360798917787,31.22156737586764,93.69766169015878 131.01361164345087,31.22156663742132,93.40203083343737 131.0136152964823,31.22156589908944,93.10544629713034 131.0136189483118,31.22156516084545,92.80791512070373 131.01362259897957,31.22156442266271,92.5094444201722 131.01362624852663,31.22156368451452,92.21004137219668 131.01362989699447,31.221562946374227,91.9097131812816 131.01363354442492,31.22156220821532,91.60846705691549 131.01363719085998,31.2215614700115,91.3063101926964 131.01364083634175,31.22156073173683,91.0032497424766 131.01364448091235,31.22155999336577,90.69929279551324 131.01364812461352,31.221559254873256,90.3944463526128 131.01365176748664,31.221558516234847,90.08871730724572 131.01365540957252,31.221557777426742,89.78211240677872 131.01365905091131,31.221557038425924,89.47463825446563 131.01366269154244,31.221556299210217,89.16630127465474 131.01366633150408,31.22155555975833,88.85710768495856 131.01366997083352,31.221554820049988,88.54706348730606 131.01367360956664,31.221554080065964,88.23617444110539 131.01367724773797,31.2215533397882,87.92444604932659 131.01368088538044,31.2215525991998,87.61188354160419 131.0136845225254,31.22155185828516,87.29849184143293 131.01368815920233,31.221551117029936,86.98427557113828 131.0136917954389,31.22155037542123,86.66923902702531 131.01369543126063,31.221549633447555,86.35338616148547 131.01369906669115,31.22154889109884,86.03672057504362 131.01370270175164,31.22154814836654,85.71924550442957 131.01370633646107,31.221547405243648,85.40096381363014 131.01370997083615,31.221546661724748,85.08187798295431 131.01371360489102,31.22154591780597,84.76199009511603 131.01371723863735,31.221545173485072,84.4413018411971 131.01372087208424,31.2215444287614,84.11981450573533 131.01372450523823,31.221543683635968,83.79752896672326 131.01372813810315,31.22154293811137,83.47444569759529 131.01373177068018,31.22154219219184,83.15056475728558 131.01373540296788,31.221541445883165,82.82588579619107 131.01373903496207,31.2215406991928,82.5004080591511 131.01374266665587,31.22153995212969,82.17413039141195 131.01374629803976,31.22153920470433,81.84705123365286 131.01374992910146,31.221538456928727,81.51916863689641 131.01375355982628,31.22153770881635,81.19048027443449 131.01375719019677,31.221536960382025,80.86098343685636 131.01376082019294,31.221536211642007,80.53067505689904 131.01376444979235,31.221535462613783,80.19955170844929 131.01376807897034,31.22153471331616,79.86760963636473 131.0137717076996,31.22153396376905,79.53484475746569 131.01377533595075,31.22153321399352,79.2012526794202 131.0137789636923,31.221532464011624,78.86682871465811 131.01378259089057,31.221531713846435,78.53156791118529 131.0137862175101,31.221530963521847,78.19546505655846 131.01378984351348,31.221530213062525,77.85851470472161 131.01379346886168,31.221529462493915,77.52071119588565 131.01379709351403,31.221528711841994,77.1820486813782 131.01380071742855,31.221527961133287,76.84252113557032 131.01380434056188,31.22152721039473,76.50212239166048 131.01380796286955,31.221526459653617,76.16084616354227 131.01381158430618,31.22152570893744,75.8186860557435 131.0138152048254,31.2215249582738,75.4756356051752 131.01381882438037,31.22152420769037,75.13168830001634 131.01382244292367,31.22152345721475,74.78683759760685 131.01382606040758,31.221522706874328,74.44107695625507 131.01382967678416,31.221521956696247,74.0943998680414 131.01383329200567,31.221521206707305,73.74679986577472 131.01383690602438,31.22152045693377,73.39827056076686 131.01384051879305,31.221519707401384,73.04880566171764 131.01384413026494,31.22151895813524,72.69839900851342 131.01384774039403,31.221518209159647,72.34704457818972 131.01385134913528,31.221517460498088,71.99473652469453 131.01385495644465,31.22151671217312,71.64146919677967 131.01385856227927,31.22151596420626,71.28723714893597 131.01386216659785,31.221515216617945,70.93203518115615 131.0138657693605,31.221514469427447,70.57585834788057 131.01386937052916,31.221513722652787,70.21870197489683 131.01387297006755,31.22151297631063,69.86056168220358 131.0138765679415,31.221512230416305,69.50143340091014 131.013880164119,31.2215114849837,69.14131339113003 131.01388375857024,31.221510740025163,68.78019824396985 131.01388735126787,31.221509995551525,68.41808491731645 131.01389094218715,31.22150925157205,68.05497072490284 131.0138945313059,31.22150850809435,67.69085335817952 131.0138981186047,31.22150776512435,67.32573090023162 131.01390170406697,31.22150702266637,66.9596018208101 131.01390528767908,31.22150628072294,66.59246499025033 131.0139088694303,31.22150553929495,66.22431967947301 131.01391244931307,31.221504798381527,65.85516557688541 131.01391602732284,31.22150405798007,65.48500276452478 131.0139196034581,31.221503318086302,65.11383174390608 131.01392317772067,31.22150257869423,64.74165342111262 131.01392675011547,31.221501839796137,64.36846910083356 131.0139303206505,31.22150110138275,63.99428049431783 131.01393388933704,31.221500363443084,63.619089702477446 131.01393745618932,31.221499625964608,63.24289921290661 131.01394102122487,31.221498888933283,62.86571188894898 131.01394458446407,31.22149815233355,62.48753095876532 131.01394814593053,31.22149741614844,62.10836001036408 131.01395170565044,31.221496680359625,61.7282029637701 131.013955263653,31.221495944947463,61.34706407599693 131.01395881997018,31.221495209891163,60.964947908243296 131.0139623746364,31.22149447516869,60.581859316949526 131.01396592768867,31.22149374075704,60.19780343988156 131.01396947916632,31.2214930066322,59.81278566332831 131.0139730291109,31.221492272769268,59.42681161415136 131.01397657756607,31.221491539142622,59.03988714288635 131.01398012457733,31.22149080572588,58.65201828398258 131.0139836701919,31.22149007249213,58.26321124785085 131.01398721445858,31.22148933941397,57.87347239800221 131.01399075742756,31.22148860646361,57.4828082152614 131.0139942991502,31.221487873613007,57.09122529279848 131.01399783967867,31.22148714083396,56.69873028642572 131.0140013790662,31.221486408098247,56.30532991658678 131.01400491736635,31.221485675377647,55.911030919648 131.01400845463317,31.2214849426442,55.5158400409401 131.01401199092066,31.22148420987016,55.11976399897242 131.01401552628295,31.22148347702821,54.722809466546046 131.01401906077376,31.22148274409153,54.3249830369549 131.0140225944463,31.22148201103391,53.926291209075295 131.01402612735308,31.22148127782985,53.52674035953167 131.0140296595456,31.221480544454664,53.126336713868255 131.0140331910743,31.22147981088461,52.725086335613966 131.01403672198813,31.221479077096888,52.32299508453093 131.01404025233464,31.221478343069904,51.9200686225782 131.0140437821594,31.221477608783164,51.51631235824328 131.0140473115063,31.22147687421754,51.11173145548717 131.01405084041676,31.22147613935517,50.70633079895204 131.0140543689302,31.221475404179703,50.30011498898871 131.01405789708335,31.22147466867623,49.893088301893286 131.0140614249104,31.22147393283148,49.48525469785773 131.0140649524427,31.221473196633696,49.07661779611759 131.01406847970873,31.221472460072928,48.66718085904448 131.01407200673387,31.22147172314081,48.25694678717487 131.01407553354042,31.221470985830848,47.8459181033027 131.01407906014728,31.221470248138253,47.43409694949604 131.01408258657014,31.221469510060096,47.02148507019575 131.0140861128212,31.221468771595244,46.60808381917241 131.01408963890913,31.221468032744408,46.19389413864857 131.0140931648392,31.22146729351017,45.778916582161656 131.014096690613,31.221466553896867,45.36315127976823 131.01410021622863,31.22146581391076,44.946597972835534 131.0141037416805,31.22146507355981,44.52925598918782 131.0141072669595,31.2214643328538,44.1111242649738 131.014110792053,31.221463591804245,43.692201341682726 131.0141143169448,31.22146285042431,43.2724853711133 131.01411784161536,31.22146210872888,42.85197414022358 131.01412136604156,31.22146136673432,42.43066505820648 131.0141248901971,31.221460624458583,42.00855518233367 131.0141284140526,31.22145988192108,41.585641234854286 131.01413193757529,31.22145913914256,41.16191960398672 131.01413546072965,31.221458396145064,40.73738637473397 131.0141389834772,31.22145765295188,40.3120373348468 131.0141425057769,31.22145690958735,39.88586800166285 131.01414602758507,31.22145616607688,39.458873639004594 131.01414954885573,31.221455422446777,39.031049275071965 131.01415306954064,31.221454678724143,38.60238972530538 131.0141565895897,31.221453934936783,38.17288962717792 131.01416010895096,31.22145319111312,37.7425434471531 131.01416362757087,31.22145244728199,37.31134551050684 131.0141671453945,31.22145170347264,36.87929002916156 131.01417066236598,31.221450959714545,36.44637113150837 131.01417417842825,31.22145021603728,36.01258287831249 131.0141776935238,31.221449472470407,35.57791929452386 131.01418120759453,31.221448729043384,35.14237439412925 131.0141847205823,31.22144798578545,34.70594220997555 131.01418823242892,31.221447242725432,34.26861681365149 131.01419174307648,31.2214464998917,33.83039235028195 131.01419525246772,31.22144575731201,33.391263054433125 131.014198760546,31.221445015013416,32.95122328291903 131.0142022672559,31.22144427302217,32.510267543631066 131.01420577254328,31.221443531363526,32.06839050846153 131.01420927635527,31.221442790061744,31.62558704412231 131.0142127786409,31.221442049139927,31.18185223103364 131.0142162793513,31.221441308619937,30.737181392154262 131.01421977843947,31.221440568522304,30.29157010491177 131.01422327586107,31.22143982886616,29.84501423003348 131.01422677157427,31.221439089669104,29.397509917511847 131.01423026554002,31.221438350947185,28.949053641400354 131.0142337577223,31.22143761271481,28.499642198820688 131.01423724808822,31.221436874984686,28.049272732828985 131.01424073660817,31.221436137767764,27.59794274633528 131.01424422325604,31.22143540107317,27.145650109063943 131.01424770800926,31.22143466490824,26.6923930665026 131.0142511908491,31.22143392927836,26.238170252827388 131.01425467176054,31.22143319418712,25.78298069687004 131.01425815073245,31.22143245963611,25.32682382609593 131.01426162775775,31.22143172562505,24.869699461635367 131.01426510283335,31.22143099215177,24.41160782822725 131.01426857596027,31.221430259212124,23.95254955720304 131.01427204714355,31.22142952680015,23.49252567257136 131.0142755163924,31.221428794908,23.03153759599041 131.0142789837202,31.221428063526016,22.56958714378776 131.01428244914433,31.22142733264277,22.10667650707968 131.01428591268603,31.22142660224512,21.642808254755565 131.01428937437075,31.221425872318218,21.17798531657951 131.01429283422777,31.221425142845685,20.712210979215808 131.01429629228994,31.221424413809583,20.245488859389177 131.014299748594,31.22142368519057,19.77782290289227 131.01430320318013,31.22142295696793,19.30921736371073 131.01430665609192,31.221422229119728,18.83967677817708 131.0143101073762,31.22142150162286,18.36920596199006 131.0143135570828,31.221420774453183,17.897809979397632 131.01431700526447,31.22142004758564,17.425494123315616 131.01432045197663,31.22141932099437,16.952263900416835 131.01432389727708,31.22141859465281,16.47812500031397 131.0143273412259,31.221417868533848,16.003083280648287 131.01433078388527,31.22141714260996,15.527144736272197 131.01433422531903,31.22141641685329,15.05031547936722 131.01433766559245,31.22141569123586,14.572601715585144 131.01434110477223,31.221414965729625,14.094009715218249 131.01434454292604,31.221414240306693,13.614545791328522 131.01434798012224,31.221413514939385,13.13421627787671 131.01435141642975,31.22141278960046,12.653027498903857 131.01435485191763,31.22141206426318,12.170985745665751 131.01435828665518,31.22141133890153,11.68809725873821 131.0143617207111,31.221410613490235,11.20436820216887 131.01436515415386,31.22140988800505,10.719804626693051 131.01436858705108,31.22140916242281,10.234412475698292 131.01437201946945,31.22140843672158,9.748197542475063 131.01437545147448,31.22140771088077,9.261165455303663 131.01437888313035,31.221406984881355,8.77332166552354 131.01438231449978,31.22140625870591,8.28467142466667 131.01438574564372,31.22140553233882,7.795219780480066 131.01438917662145,31.221404805766383,7.304971546105502 131.01439260749035,31.22140407897697,6.813931307037676 131.014396038306,31.221403351961165,6.322103409192972 131.01439946901652,31.22140262466341,5.82948547793519 131.01440289967113,31.221401897077925,5.336081282570913 131.0144063302693,31.22140116917964,4.841891414061006 131.0144097608139,31.22140044094858,4.346916562781802 131.0144131913033,31.2213997123666,3.851157050271081 131.01441662173187,31.22139898341744,3.354612836185312 131.0144200520898,31.22139825408684,2.8572835173034705 131.0144234823629,31.2213975243626,2.359168327525068 131.01442691253297,31.2213967942346,1.8602661478099176 131.0144303425778,31.22139606369493,1.3605755071703431 131.01443377247097,31.22139533273789,0.8600945916168373 131.0144372021823,31.221394601360046,0.3588212511153859 131.0144406316779,31.22139386956016,-0.1432469835133494</coordinates>
            </LineString>
        </Placemark>
        <Placemark id="167">
            <name>flight_path</name>
            <styleUrl>#168</styleUrl>
            <LineString id="166">
                <altitudeMode>clampToGround</altitudeMode>
                <coordinates>131.010392,31.222216000000007,0.0 131.0103920000045,31.222215999991075,0.0 131.0103920000085,31.222215999994766,0.0 131.0103920000085,31.222215999994766,0.0 131.01039200000852,31.222215999994766,0.0 131.01039201539675,31.22221599246117,0.0 131.0103920617776,31.22221596990869,0.0 131.01039213193175,31.22221593580231,0.0 131.01039220552698,31.222215900001803,0.0 131.0103923261533,31.222215841380503,0.0 131.01039241011944,31.222215800500727,0.0 131.01039255023213,31.22221573238213,0.0 131.0103926908424,31.222215663995925,0.0 131.01039284206664,31.22221559043897,0.0 131.01039301222698,31.2222155076778,0.0 131.01039319835945,31.22221541714896,0.0 131.01039339622227,31.222215320908244,0.0 131.0103936086097,31.222215217601374,0.0 131.01039382835415,31.2222151107022,0.0 131.0103940692252,31.222214993537087,0.0 131.0103943154942,31.22221487372917,0.0 131.0103945800907,31.22221474501192,0.0 131.01039485370347,31.222214611898128,0.0 131.01039513986652,31.222214472675024,0.0 131.01039544418495,31.22221432462593,0.0 131.01039575462735,31.22221417358214,0.0 131.01039608061367,31.222214014978025,0.0 131.01039641907315,31.22221385030192,0.0 131.01039677261693,31.22221367828824,0.0 131.01039713608534,31.22221350143773,0.0 131.010397517966,31.22221331563664,0.0 131.01039790540767,31.22221312711366,0.0 131.01039830590005,31.22221293223868,0.0 131.01039871921526,31.222212731122088,0.0 131.01039914602634,31.222212523437697,0.0 131.0103995843797,31.222212310132328,0.0 131.01040002919007,31.222212093670787,0.0 131.010400488852,31.222211869984235,0.0 131.01040096154043,31.222211639957216,0.0 131.01040144391652,31.222211405208075,0.0 131.01040193996343,31.222211163806087,0.0 131.01040244347448,31.22221091875968,0.0 131.01040295825328,31.222210668225145,0.0 131.01040348638034,31.22221041119396,0.0 131.01040402793237,31.222210147628825,0.0 131.0104045774418,31.22220988018005,0.0 131.0104051377902,31.2222096074508,0.0 131.01040571307726,31.222209327453587,0.0 131.01040630329675,31.222209040191352,0.0 131.01040689520636,31.22220875208352,0.0 131.01040750096558,31.22220845723537,0.0 131.0104081214021,31.222208155245536,0.0 131.01040875222748,31.222207848192888,0.0 131.01040938861175,31.222207538419,0.0 131.0104100415545,31.222207220590928,0.0 131.01041070492113,31.22220689768276,0.0 131.0104113765162,31.222206570758807,0.0 131.0104120624562,31.22220624147957,0.0 131.01041275158232,31.222205901873387,0.0 131.01041345219423,31.222205558795725,0.0 131.0104141686531,31.222205205929544,0.0 131.01041488787362,31.22220485022515,0.0 131.010415616475,31.2222044884886,0.0 131.01041635805282,31.222204118987754,0.0 131.0104171142968,31.222203740936383,0.0 131.01041786624157,31.22220336342689,0.0 131.01041863096793,31.222202978328745,0.0 131.01041941636228,31.22220258200791,0.0 131.0104202036621,31.222202183327,0.0 131.01042099563983,31.22220178097604,0.0 131.0104218032537,31.222201369993417,0.0 131.01042262372962,31.2222009517778,0.0 131.010423449039,31.22220052998147,0.0 131.01042428202032,31.222200103370216,0.0 131.0104251300012,31.222199668878687,0.0 131.01042599361386,31.2221992264222,0.0 131.01042685488684,31.22219878359365,0.0 131.01042773425624,31.222198331988924,0.0 131.01042862366006,31.222197875104303,0.0 131.01042952197812,31.222197413465565,0.0 131.0104304270461,31.22219694798253,0.0 131.01043135296,31.222196473495863,0.0 131.01043228837193,31.22219599444617,0.0 131.0104332257344,31.22219551354789,0.0 131.01043418366194,31.222195024370937,0.0 131.01043515851083,31.22219452850754,0.0 131.0104361312135,31.222194032358203,0.0 131.01043712257285,31.22219352919416,0.0 131.01043813030023,31.222193020077608,0.0 131.01043914740512,31.22219250730028,0.0 131.01044017507155,31.222191990581926,0.0 131.01044121945105,31.22219146833612,0.0 131.01044227961697,31.222190941062525,0.0 131.01044334528385,31.22219041163862,0.0 131.01044443244626,31.22218987601955,0.0 131.01044553838372,31.222189335216864,0.0 131.01044664838673,31.222188792905737,0.0 131.01044778620636,31.222188243630995,0.0 131.0104489365509,31.2221876911874,0.0 131.01045009080158,31.222187137455464,0.0 131.01045127553428,31.222186577009257,0.0 131.01045247594908,31.22218601322005,0.0 131.01045369055825,31.22218544645573,0.0 131.01045492714786,31.222184875417668,0.0 131.01045617483211,31.22218430225135,0.0 131.01045743571353,31.22218372666072,0.0 131.01045873170276,31.222183145271355,0.0 131.01046002289823,31.22218256463852,0.0 131.0104613509376,31.222181978407043,0.0 131.01046270099033,31.222181389158926,0.0 131.01046405550883,31.222180799388,0.0 131.0104654320512,31.222180206770386,0.0 131.01046685959935,31.22217960798767,0.0 131.01046828580053,31.22217900971121,0.0 131.01046971332264,31.222178411400368,0.0 131.01047120566665,31.22217780626107,0.0 131.01047268072116,31.22217720338272,0.0 131.01047418714109,31.22217659762701,0.0 131.0104757666547,31.22217598548783,0.0 131.01047728872783,31.222175379050142,0.0 131.0104788845786,31.22217476655401,0.0 131.01048052180795,31.222174151406325,0.0 131.01048211145556,31.22217354046512,0.0 131.01048379854515,31.222172922828346,0.0 131.0104854717116,31.222172306946497,0.0 131.01048715101973,31.222171691180545,0.0 131.01048891806968,31.22217107064416,0.0 131.0104906537447,31.22217045278104,0.0 131.0104924158967,31.222169834023354,0.0 131.01049425553663,31.22216921199552,0.0 131.0104960543723,31.222168592844856,0.0 131.01049791362905,31.22216797154385,0.0 131.01049980673406,31.22216734964616,0.0 131.01050167339017,31.222166729672537,0.0 131.01050363897156,31.222166106622144,0.0 131.01050557188552,31.222165485759383,0.0 131.0105075333991,31.222164864688004,0.0 131.01050958474633,31.222164241593106,0.0 131.01051158497668,31.222163621090008,0.0 131.0105136422264,31.222162999730177,0.0 131.0105157608655,31.22216237764084,0.0 131.01051783569972,31.22216175770165,0.0 131.01052000054935,31.222161136366,0.0 131.01052215067142,31.222160516405395,0.0 131.01052431710434,31.222159896991315,0.0 131.01052658538438,31.222159276247687,0.0 131.01052879672343,31.22215865777236,0.0 131.01053105794787,31.22215803914729,0.0 131.01053340762903,31.222157419642382,0.0 131.01053567826278,31.22215680276321,0.0 131.0105380632639,31.22215618444524,0.0 131.01054044610575,31.22215556713275,0.0 131.0105428156509,31.222154951029427,0.0 131.01054529983975,31.22215433342172,0.0 131.01054772991534,31.222153717877976,0.0 131.01055021494372,31.222153102023608,0.0 131.01055275351587,31.22215248580797,0.0 131.01055525173837,31.22215187138488,0.0 131.01055784788187,31.22215125540784,0.0 131.01056041808113,31.22215064085511,0.0 131.0105630049757,31.22215002666317,0.0 131.01056568351748,31.22214941062925,0.0 131.01056831123205,31.222148796748705,0.0 131.01057099372352,31.222148181909,0.0 131.010573715895,31.22214756637304,0.0 131.01057641074203,31.22214695236696,0.0 131.01057921151113,31.22214633509126,0.0 131.01058195892364,31.22214572028709,0.0 131.01058474708285,31.222145104408973,0.0 131.0105876276049,31.222144484945456,0.0 131.01059042160512,31.22214386966809,0.0 131.0105933281339,31.222143249521142,0.0 131.01059620335965,31.222142631082004,0.0 131.0105991002122,31.22214201181013,0.0 131.01060207102975,31.222141388584262,0.0 131.0106049893656,31.222140768424275,0.0 131.01060799513556,31.222140143098823,0.0 131.01061098437634,31.2221395186896,0.0 131.0106139778726,31.222138894003976,0.0 131.0106170564212,31.22213826324411,0.0 131.01062007381327,31.222137636615887,0.0 131.01062317346614,31.222137003619,0.0 131.0106262584506,31.222136371324776,0.0 131.0106293543416,31.22213573780907,0.0 131.0106325242479,31.22213509748481,0.0 131.0106356331458,31.22213446193302,0.0 131.0106388348795,31.22213381740575,0.0 131.0106419973946,31.2221331757942,0.0 131.01064518976813,31.22213253065033,0.0 131.01064843676428,31.222131879133624,0.0 131.0106516311326,31.222131232182768,0.0 131.01065491121602,31.222130575249423,0.0 131.0106581568809,31.22212992099885,0.0 131.01066142700702,31.22212926305672,0.0 131.01066475367395,31.22212859744464,0.0 131.01066802240845,31.22212793748452,0.0 131.0106713804035,31.222127265671425,0.0 131.01067470331648,31.222126596819848,0.0 131.0106780467839,31.22212592420178,0.0 131.01068142592956,31.22212524571721,0.0 131.01068477092292,31.222124570279416,0.0 131.01068819446607,31.22212388323928,0.0 131.01069157397492,31.2221232005532,0.0 131.01069499117708,31.222122511479768,0.0 131.01069842534875,31.222121818670583,0.0 131.0107018324725,31.22212112808961,0.0 131.01070532945317,31.22212042386824,0.0 131.01070875782247,31.2221197275278,0.0 131.0107122523306,31.222119020762253,0.0 131.01071573650347,31.22211831398099,0.0 131.01071921486204,31.2221176065974,0.0 131.0107227571426,31.22211688919089,0.0 131.01072624803447,31.222116177376527,0.0 131.01072980923675,31.22211545484897,0.0 131.01073334164,31.222114734902227,0.0 131.01073689026046,31.222114011588506,0.0 131.01074047993123,31.22211328181829,0.0 131.0107440257686,31.22211255654464,0.0 131.0107476594696,31.222111819169506,0.0 131.01075124184302,31.22211108722184,0.0 131.0107548800942,31.22211034753464,0.0 131.01075850289513,31.222109608881087,0.0 131.01076212571067,31.222108869395,0.0 131.01076580238,31.222108123116804,0.0 131.0107694354784,31.22210738108148,0.0 131.01077316105096,31.222106628523925,0.0 131.01077683421872,31.222105881117,0.0 131.0107805461556,31.222105129277534,0.0 131.01078428323763,31.22210437472089,0.0 131.0107879827623,31.22210362352787,0.0 131.0107917569358,31.222102865239567,0.0 131.01079551889475,31.222102108127583,0.0 131.01079925937887,31.222101352815287,0.0 131.01080304729223,31.222100593589783,0.0 131.01080686686544,31.22209983212776,0.0 131.01081066854735,31.222099072356293,0.0 131.01081447221503,31.2220983126794,0.0 131.01081831568274,31.22209755055068,0.0 131.01082216823374,31.222096788348807,0.0 131.01082601971052,31.22209602675573,0.0 131.01082987827175,31.222095265277293,0.0 131.01083376268895,31.22209450288936,0.0 131.0108376524884,31.222093740940604,0.0 131.01084154692643,31.22209297949526,0.0 131.01084545371828,31.22209221819427,0.0 131.01084937116158,31.22209145721436,0.0 131.0108532952796,31.22209069681409,0.0 131.01085722657578,31.2220899370122,0.0 131.01086117096472,31.222089177586348,0.0 131.01086512630195,31.22208841869308,0.0 131.01086909142103,31.22208766042208,0.0 131.01087306204954,31.2220869029824,0.0 131.01087703808565,31.22208614639633,0.0 131.01088103215238,31.22208539018532,0.0 131.0108850297039,31.22208463494953,0.0 131.01088903882888,31.222083880377,0.0 131.01089305663857,31.222083126587684,0.0 131.0108970860865,31.222082373470418,0.0 131.01090111888468,31.222081621327806,0.0 131.01090516300164,31.22208086985101,0.0 131.01090921717775,31.22208011907116,0.0 131.01091327596217,31.222079369168465,0.0 131.01091734712833,31.222078619824057,0.0 131.01092143054032,31.222077871006466,0.0 131.0109255140662,31.22207712314655,0.0 131.0109296108389,31.22207637569253,0.0 131.01093371323142,31.222075628895567,0.0 131.01093782192345,31.22207488268107,0.0 131.0109419381197,31.22207413694333,0.0 131.01094606369256,31.2220733915374,0.0 131.01095019537587,31.22207264654284,0.0 131.01095433542787,31.222071901790407,0.0 131.01095848010735,31.22207115738826,0.0 131.01096263128477,31.22207041317652,0.0 131.01096678541117,31.22206966926388,0.0 131.01097094628068,31.222068925376096,0.0 131.01097511527684,31.22206818134593,0.0 131.0109792880395,31.22206743733804,0.0 131.01098346587355,31.22206669320168,0.0 131.01098764842067,31.222065948874743,0.0 131.01099182999872,31.22206520464591,0.0 131.01099601862262,31.222064459911216,0.0 131.0110002070869,31.22206371506921,0.0 131.0110044036331,31.222062969458847,0.0 131.01100859920123,31.22206222365025,0.0 131.01101280325284,31.222061476856148,0.0 131.01101700580926,31.2220607297622,0.0 131.0110212098924,31.22205998207168,0.0 131.0110254195082,31.22205923336726,0.0 131.01102963039713,31.222058483926617,0.0 131.01103383959085,31.222057733954248,0.0 131.01103805485084,31.22205698268694,0.0 131.01104226910357,31.22205623069692,0.0 131.0110464871775,31.22205547747705,0.0 131.01105070469487,31.222054723385728,0.0 131.01105492162796,31.22205396838319,0.0 131.0110591395988,31.222053212259404,0.0 131.0110633585524,31.22205245497148,0.0 131.011067576895,31.222051696645604,0.0 131.0110717950493,31.22205093720633,0.0 131.0110760111705,31.222050176822894,0.0 131.0110802304144,31.22204941491489,0.0 131.01108444596713,31.222048652201234,0.0 131.01108866404925,31.222047887990488,0.0 131.01109288115725,31.222047122656623,0.0 131.0110970934476,31.222046356627946,0.0 131.01110130811543,31.22204558910565,0.0 131.0111055204062,31.222044820626,0.0 131.01110972862952,31.22204405139217,0.0 131.01111393903025,31.22204328072392,0.0 131.01111814431087,31.22204250945717,0.0 131.01112234993056,31.22204173701173,0.0 131.0111265579966,31.22204096319041,0.0 131.011130760185,31.2220401889419,0.0 131.0111349607207,31.222039413839347,0.0 131.01113915973596,31.22203863791381,0.0 131.01114336035948,31.22203786088429,0.0 131.01114755813057,31.22203708327333,0.0 131.01115175379488,31.22203630505041,0.0 131.0111559504361,31.222035525959765,0.0 131.0111601445638,31.22203474641393,0.0 131.01116433613498,31.22203396647051,0.0 131.01116853113183,31.222033185620976,0.0 131.01117271986791,31.222032404848328,0.0 131.0111769152267,31.222031623023,0.0 131.01118110638737,31.22203084120696,0.0 131.01118529852894,31.222030058995568,0.0 131.01118949049382,31.22202927656384,0.0 131.01119368459277,31.22202849379156,0.0 131.01119787818388,31.22202771096688,0.0 131.01120207119882,31.22202692815658,0.0 131.01120626425276,31.222026145379047,0.0 131.01121045943466,31.222025362550667,0.0 131.0112146518099,31.22202458009241,0.0 131.01121884696897,31.222023797670666,0.0 131.0112230419508,31.222023015558104,0.0 131.01122723687584,31.22202223380148,0.0 131.01123143198797,31.22202145244152,0.0 131.01123563161673,31.222020671275946,0.0 131.01123982741606,31.222019890855485,0.0 131.0112440274406,31.222019110757724,0.0 131.01124823122143,31.222018331075045,0.0 131.01125243450957,31.222017552081123,0.0 131.01125664004655,31.222016773668773,0.0 131.01126084801282,31.22201599587316,0.0 131.01126505947232,31.22201521868243,0.0 131.01126926711467,31.222014442472428,0.0 131.0112734780436,31.222013666934888,0.0 131.0112776911918,31.22201289215254,0.0 131.0112819044603,31.22201211823861,0.0 131.0112861228209,31.22201134499799,0.0 131.01129033879312,31.22201057276185,0.0 131.01129455477638,31.22200980143445,0.0 131.0112987793688,31.222009030677924,0.0 131.01130300531406,31.222008260792848,0.0 131.01130722937629,31.22200749190259,0.0 131.0113114583415,31.2220067237342,0.0 131.0113156894353,31.22200595639097,0.0 131.01131992330363,31.222005189835425,0.0 131.01132416025433,31.22200442404022,0.0 131.0113283997703,31.222003659006823,0.0 131.01133263845475,31.22200289484908,0.0 131.01133687923655,31.22200213142512,0.0 131.01134112167324,31.222001368723536,0.0 131.01134536321436,31.22200060681925,0.0 131.0113496058358,31.221999845596784,0.0 131.01135385828078,31.22199908463589,0.0 131.0113581047245,31.221998324587563,0.0 131.01136235367335,31.221997565040976,0.0 131.01136660654808,31.22199680587786,0.0 131.01137085888854,31.22199604725939,0.0 131.01137511185584,31.22199528908586,0.0 131.01137936283655,31.22199453144092,0.0 131.01138361571495,31.22199377407524,0.0 131.01138787121485,31.22199301688868,0.0 131.0113921231927,31.221992260164647,0.0 131.0113963766976,31.221991503573275,0.0 131.01140063394868,31.22199074691793,0.0 131.0114048917276,31.22198999032668,0.0 131.01140914540076,31.2219892340392,0.0 131.01141339922464,31.22198847773993,0.0 131.0114176567976,31.2219877211244,0.0 131.01142191479047,31.22198696434789,0.0 131.0114261717505,31.22198620746056,0.0 131.01143042721333,31.221985450446525,0.0 131.01143468406636,31.2219846930398,0.0 131.01143893644763,31.221983935624767,0.0 131.01144319261357,31.221983177520844,0.0 131.01144744764585,31.22198241904844,0.0 131.01145170372249,31.221981659987392,0.0 131.01145595690892,31.221980900613943,0.0 131.0114602072242,31.2219801408916,0.0 131.01146445939472,31.22197938037026,0.0 131.01146871177667,31.22197861914138,0.0 131.01147296640866,31.22197785698224,0.0 131.01147721670276,31.221977094453088,0.0 131.01148146562326,31.221976331260265,0.0 131.01148571913737,31.22197556680888,0.0 131.0114899670222,31.22197480203097,0.0 131.01149421751407,31.221974036125,0.0 131.01149846618455,31.221973269490302,0.0 131.01150270954497,31.22197250245671,0.0 131.01150695240975,31.22197173454035,0.0 131.011511192534,31.221970965950103,0.0 131.01151543027063,31.22197019664548,0.0 131.01151966561136,31.22196942662416,0.0 131.01152389855258,31.221968655886748,0.0 131.01152812909507,31.22196788443672,0.0 131.0115323572439,31.22196711228037,0.0 131.0115365830086,31.22196633942677,0.0 131.01154080640262,31.221965565887725,0.0 131.0115450274438,31.221964791677703,0.0 131.01154924615383,31.221964016813853,0.0 131.01155346255845,31.221963241315724,0.0 131.01155767668703,31.221962465205383,0.0 131.01156188857263,31.22196168850717,0.0 131.01156609825173,31.22196091124768,0.0 131.0115703057642,31.22196013345556,0.0 131.0115745111528,31.22195935516148,0.0 131.01157871446347,31.22195857639796,0.0 131.01158291574475,31.221957797199213,0.0 131.01158711504763,31.22195701760107,0.0 131.01159131242548,31.221956237640768,0.0 131.01159550793366,31.221955457356856,0.0 131.0115997016294,31.22195467678903,0.0 131.01160389357156,31.22195389597796,0.0 131.01160808382028,31.22195311496516,0.0 131.01161227243682,31.22195233379285,0.0 131.01161645948335,31.22195155250377,0.0 131.01162064502267,31.22195077114108,0.0 131.01162482911792,31.22194998974811,0.0 131.01162901183235,31.221949208368336,0.0 131.01163319322913,31.221948427045103,0.0 131.01163737337114,31.22194764582157,0.0 131.01164155232053,31.221946864740524,0.0 131.0116457301388,31.221946083844223,0.0 131.01164990688633,31.22194530317429,0.0 131.01165408262224,31.22194452277156,0.0 131.01165825740432,31.22194374267593,0.0 131.01166243128853,31.221942962926267,0.0 131.01166660432915,31.22194218356024,0.0 131.01167077657843,31.221941404614206,0.0 131.0116749480864,31.22194062612313,0.0 131.01167911890076,31.221939848120407,0.0 131.01168328906675,31.221939070637823,0.0 131.01168745862708,31.2219382937054,0.0 131.0116916276216,31.22193751735132,0.0 131.01169579608757,31.22193674160185,0.0 131.01169996405915,31.22193596648128,0.0 131.01170413156763,31.22193519201176,0.0 131.0117082986412,31.221934418213326,0.0 131.01171246530504,31.221933645103785,0.0 131.01171663158112,31.221932872698687,0.0 131.01172079748835,31.22193210101128,0.0 131.01172496304247,31.221931330052424,0.0 131.01172912825604,31.221930559830664,0.0 131.01173329313852,31.221929790352103,0.0 131.01173745769628,31.22192902162048,0.0 131.01174162193263,31.22192825363708,0.0 131.01174578584784,31.22192748640085,0.0 131.01174994943926,31.22192671990832,0.0 131.01175411270142,31.221925954153647,0.0 131.011758275626,31.221925189128687,0.0 131.01176243820194,31.221924424823005,0.0 131.01176660041568,31.221923661223915,0.0 131.01177076225107,31.221922898316578,0.0 131.0117749236896,31.221922136084,0.0 131.01177908471047,31.22192137450717,0.0 131.01178324529087,31.221920613565104,0.0 131.01178740540576,31.221919853234933,0.0 131.01179156502832,31.221919093491987,0.0 131.01179572413,31.221918334309947,0.0 131.01179988268063,31.221917575660832,0.0 131.0118040406485,31.221916817515208,0.0 131.0118081980007,31.22191605984227,0.0 131.01181235470287,31.221915302609908,0.0 131.01181651072,31.22191454578488,0.0 131.01182066601584,31.221913789332884,0.0 131.01182482055347,31.221913033218748,0.0 131.01182897429544,31.221912277406474,0.0 131.01183312720374,31.2219115218594,0.0 131.01183727924007,31.22191076654028,0.0 131.01184143036585,31.22191001141152,0.0 131.0118455805425,31.22190925643516,0.0 131.01184972973147,31.22190850157313,0.0 131.01185387789437,31.22190774678725,0.0 131.0118580249932,31.22190699203945,0.0 131.01186217099033,31.22190623729186,0.0 131.01186631584864,31.22190548250689,0.0 131.0118704595317,31.22190472764741,0.0 131.01187460200393,31.2219039726768,0.0 131.01187874323048,31.22190321755916,0.0 131.0118828831775,31.22190246225932,0.0 131.0118870218122,31.221901706743,0.0 131.01189115910296,31.221900950976888,0.0 131.01189529501934,31.221900194928807,0.0 131.01189942953226,31.22189943856772,0.0 131.01190356261398,31.221898681863888,0.0 131.01190769423815,31.221897924788955,0.0 131.01191182438006,31.22189716731599,0.0 131.0119159530164,31.221896409419617,0.0 131.01192008012555,31.221895651076068,0.0 131.0119242056876,31.22189489226327,0.0 131.0119283296842,31.22189413296088,0.0 131.01193245209885,31.221893373150355,0.0 131.0119365729167,31.221892612815022,0.0 131.01194069212485,31.22189185194013,0.0 131.011944809712,31.221891090512848,0.0 131.01194892566872,31.221890328522345,0.0 131.0119530399875,31.22188956595979,0.0 131.01195715266246,31.221888802818395,0.0 131.01196126368967,31.2218880390934,0.0 131.01196537306703,31.221887274782127,0.0 131.01196948079405,31.22188650988392,0.0 131.01197358687216,31.22188574440017,0.0 131.01197769130442,31.221884978334344,0.0 131.01198179409565,31.221884211691872,0.0 131.0119858952523,31.221883444480195,0.0 131.01198999478248,31.22188267670869,0.0 131.01199409269583,31.22188190838869,0.0 131.01199818900355,31.221881139533327,0.0 131.01200228371823,31.22188037015757,0.0 131.01200637685395,31.221879600278168,0.0 131.01201046842604,31.22187882991352,0.0 131.01201455845117,31.221878059083647,0.0 131.01201864694713,31.22187728781017,0.0 131.01202273393287,31.2218765161161,0.0 131.01202681942834,31.221875744025887,0.0 131.01203090345447,31.22187497156528,0.0 131.01203498603303,31.221874198761206,0.0 131.0120390671866,31.22187342564173,0.0 131.0120431469383,31.22187265223596,0.0 131.01204722531213,31.22187187857388,0.0 131.01205130233228,31.221871104686336,0.0 131.01205537802346,31.221870330604915,0.0 131.0120594524107,31.22186955636177,0.0 131.01206352551935,31.221868781989635,0.0 131.01206759737462,31.221868007521607,0.0 131.01207166800202,31.22186723299115,0.0 131.01207573742678,31.221866458431894,0.0 131.01207980567412,31.2218656838776,0.0 131.01208387276893,31.221864909361976,0.0 131.01208793873576,31.2218641349187,0.0 131.01209200359884,31.2218633605812,0.0 131.01209606738175,31.2218625863826,0.0 131.0121001301076,31.221861812355645,0.0 131.01210419179887,31.221861038532555,0.0 131.0121082524772,31.22186026494496,0.0 131.01211231216357,31.22185949162381,0.0 131.012116370878,31.221858718599275,0.0 131.01212042863975,31.22185794590064,0.0 131.01212448546696,31.22185717355624,0.0 131.01212854137685,31.2218564015934,0.0 131.01213259638564,31.221855630038306,0.0 131.01213665050835,31.22185485891596,0.0 131.01214070375903,31.22185408825009,0.0 131.0121447561505,31.221853318063136,0.0 131.0121488076944,31.221852548376084,0.0 131.01215285840135,31.221851779208496,0.0 131.01215690828067,31.221851010578444,0.0 131.0121609573405,31.221850242502395,0.0 131.01216500558786,31.22184947499525,0.0 131.01216905302857,31.22184870807024,0.0 131.0121730996673,31.22184794173892,0.0 131.01217714550765,31.22184717601113,0.0 131.01218119055198,31.22184641089499,0.0 131.01218523480162,31.221845646396822,0.0 131.01218927825687,31.22184488252119,0.0 131.01219332091702,31.22184411927089,0.0 131.01219736278028,31.221843356646936,0.0 131.012201403844,31.221842594648543,0.0 131.0122054441046,31.221841833273142,0.0 131.01220948355768,31.221841072516447,0.0 131.01221352219804,31.2218403123724,0.0 131.01221756001965,31.221839552833224,0.0 131.01222159701592,31.22183879388948,0.0 131.01222563317953,31.22183803553008,0.0 131.01222966850258,31.221837277742303,0.0 131.01223370297663,31.221836520511907,0.0 131.0122377365929,31.221835763823098,0.0 131.01224176934207,31.22183500765864,0.0 131.01224580121445,31.221834251999905,0.0 131.01224983220007,31.221833496826928,0.0 131.01225386228893,31.22183274211848,0.0 131.0122578914705,31.221831987852124,0.0 131.01226191973436,31.221831234004288,0.0 131.01226594706992,31.221830480550377,0.0 131.01226997346657,31.22182972746481,0.0 131.01227399891374,31.221828974721127,0.0 131.0122780234009,31.22182822229202,0.0 131.01228204691773,31.221827470149524,0.0 131.01228606945384,31.221826718265,0.0 131.0122900909993,31.22182596660925,0.0 131.0122941115442,31.22182521515265,0.0 131.01229813107895,31.221824463865183,0.0 131.01230214959446,31.22182371271655,0.0 131.0123061670816,31.22182296167628,0.0 131.01231018353184,31.221822210713768,0.0 131.01231419893702,31.22182145979844,0.0 131.01231821328926,31.221820708899763,0.0 131.0123222265812,31.2218199579874,0.0 131.01232623880588,31.22181920703123,0.0 131.0123302499567,31.22181845600151,0.0 131.0123342600277,31.2218177048689,0.0 131.0123382690132,31.221816953604588,0.0 131.01234227690813,31.221816202180342,0.0 131.01234628370773,31.221815450568595,0.0 131.0123502894079,31.22181469874256,0.0 131.0123542940049,31.221813946676235,0.0 131.01235829749544,31.22181319434455,0.0 131.01236229987683,31.22181244172337,0.0 131.01236630114673,31.22181168878968,0.0 131.01237030130326,31.22181093552147,0.0 131.012374300345,31.22181018189795,0.0 131.012378298271,31.22180942789956,0.0 131.01238229508067,31.221808673508,0.0 131.01238629077392,31.221807918706297,0.0 131.0123902853509,31.221807163478875,0.0 131.01239427881228,31.221806407811577,0.0 131.01239827115907,31.221805651691703,0.0 131.01240226239258,31.221804895108047,0.0 131.01240625251444,31.221804138050928,0.0 131.0124102415266,31.221803380512213,0.0 131.01241422943136,31.221802622485363,0.0 131.0124182162312,31.221801863965407,0.0 131.01242220192887,31.221801104948973,0.0 131.0124261865273,31.221800345434303,0.0 131.0124301700298,31.22179958542125,0.0 131.0124341524396,31.22179882491126,0.0 131.0124381337602,31.221798063907404,0.0 131.01244211399535,31.22179730241428,0.0 131.01244609314867,31.22179654043812,0.0 131.01245007122407,31.221795777986628,0.0 131.0124540482254,31.221795015069063,0.0 131.01245802415656,31.221794251696167,0.0 131.01246199902147,31.221793487880124,0.0 131.012465972824,31.221792723634508,0.0 131.01246994556809,31.221791958974244,0.0 131.01247391725744,31.2217911939156,0.0 131.0124778878958,31.221790428476087,0.0 131.01248185748676,31.22178966267441,0.0 131.01248582603375,31.22178889653044,0.0 131.01248979354003,31.22178813006508,0.0 131.0124937600088,31.221787363300287,0.0 131.0124977254428,31.22178659625896,0.0 131.0125016898448,31.22178582896487,0.0 131.01250565321723,31.22178506144257,0.0 131.01250961556215,31.2217842937174,0.0 131.0125135768815,31.221783525815272,0.0 131.0125175371768,31.22178275776273,0.0 131.01252149644932,31.221781989586823,0.0 131.01252545469995,31.221781221314966,0.0 131.0125294119293,31.221780452974944,0.0 131.01253336813747,31.221779684594782,0.0 131.01253732332444,31.221778916202688,0.0 131.0125412774896,31.221778147826967,0.0 131.01254523063204,31.22177737949593,0.0 131.0125491827505,31.2217766112378,0.0 131.01255313384328,31.22177584308066,0.0 131.0125570839083,31.22177507505239,0.0 131.01256103294315,31.221774307180503,0.0 131.012564980945,31.22177353949217,0.0 131.01256892791068,31.221772772014088,0.0 131.0125728738366,31.2217720047724,0.0 131.01257681871888,31.221771237792623,0.0 131.01258076255334,31.22177047109964,0.0 131.0125847053354,31.221769704717527,0.0 131.01258864706017,31.221768938669555,0.0 131.0125925877226,31.22176817297811,0.0 131.01259652731724,31.221767407664608,0.0 131.01260046583857,31.22176664274948,0.0 131.01260440328068,31.221765878252054,0.0 131.0126083396377,31.221765114190568,0.0 131.01261227490335,31.22176435058205,0.0 131.01261620907147,31.221763587442336,0.0 131.01262014213583,31.22176282478598,0.0 131.01262407408996,31.221762062626222,0.0 131.0126280049275,31.22176130097496,0.0 131.01263193464214,31.221760539842712,0.0 131.01263586322764,31.2217597792386,0.0 131.01263979067778,31.221759019170303,0.0 131.0126437169866,31.221758259644048,0.0 131.01264764214827,31.221757500664584,0.0 131.0126515661572,31.2217567422352,0.0 131.01265548900804,31.22175598435768,0.0 131.0126594106958,31.221755227032304,0.0 131.0126633312158,31.22175447025789,0.0 131.0126672505637,31.22175371403175,0.0 131.01267116873575,31.221752958349736,0.0 131.01267508572835,31.221752203206226,0.0 131.01267900153871,31.221751448594155,0.0 131.01268291616427,31.22175069450505,0.0 131.01268682960327,31.22174994092906,0.0 131.0126907418544,31.22174918785495,0.0 131.0126946529169,31.221748435270168,0.0 131.01269856279075,31.22174768316088,0.0 131.0127024714765,31.221746931512023,0.0 131.01270637897542,31.22174618030735,0.0 131.01271028528936,31.221745429529435,0.0 131.01271419042095,31.221744679159773,0.0 131.01271809437353,31.22174392917886,0.0 131.01272199715103,31.221743179566182,0.0 131.0127258987582,31.221742430300328,0.0 131.0127297992004,31.221741681359035,0.0 131.0127336984838,31.22174093271924,0.0 131.01273759661512,31.221740184357216,0.0 131.01274149360188,31.221739436248537,0.0 131.01274538945222,31.22173868836824,0.0 131.01274928417487,31.22173794069084,0.0 131.0127531777793,31.22173719319045,0.0 131.01275707027543,31.22173644584084,0.0 131.01276096167396,31.221735698615458,0.0 131.0127648519859,31.22173495148763,0.0 131.01276874122294,31.2217342044305,0.0 131.01277262939712,31.2217334574172,0.0 131.01277651652103,31.221732710420884,0.0 131.01278040260763,31.22173196341484,0.0 131.01278428767014,31.22173121637251,0.0 131.01278817172215,31.22173046926764,0.0 131.01279205477755,31.22172972207425,0.0 131.01279593685044,31.22172897476688,0.0 131.01279981795497,31.221728227320448,0.0 131.01280369810556,31.22172747971048,0.0 131.01280757731655,31.221726731913147,0.0 131.0128114556024,31.221725983905262,0.0 131.01281533297745,31.22172523566445,0.0 131.01281920945607,31.22172448716916,0.0 131.01282308505233,31.221723738398698,0.0 131.0128269597802,31.22172298933334,0.0 131.01283083365342,31.22172223995436,0.0 131.0128347066853,31.22172149024409,0.0 131.01283857888893,31.221720740185976,0.0 131.01284245027696,31.22171998976461,0.0 131.01284632086157,31.221719238965825,0.0 131.01285019065446,31.22171848777664,0.0 131.0128540596668,31.221717736185383,0.0 131.01285792790915,31.22171698418173,0.0 131.0128617953915,31.22171623175665,0.0 131.01286566212303,31.22171547890252,0.0 131.0128695281124,31.221714725613086,0.0 131.0128733933674,31.221713971883528,0.0 131.01287725789513,31.22171321771044,0.0 131.0128811217018,31.221712463091848,0.0 131.0128849847928,31.221711708027247,0.0 131.01288884717275,31.22171095251754,0.0 131.01289270884527,31.221710196565088,0.0 131.0128965698131,31.221709440173687,0.0 131.01290043007813,31.22170868334855,0.0 131.0129042896412,31.22170792609628,0.0 131.01290814850228,31.22170716842487,0.0 131.0129120066603,31.22170641034368,0.0 131.01291586411327,31.22170565186336,0.0 131.01291972085815,31.22170489299591,0.0 131.01292357689107,31.221704133754542,0.0 131.012927432207,31.221703374153712,0.0 131.0129312868,31.221702614209025,0.0 131.01293514066325,31.22170185393723,0.0 131.0129389937888,31.221701093356145,0.0 131.01294284616793,31.22170033248461,0.0 131.01294669779082,31.221699571342423,0.0 131.01295054864684,31.221698809950293,0.0 131.0129543987244,31.221698048329763,0.0 131.0129582480112,31.221697286503154,0.0 131.01296209649385,31.221696524493524,0.0 131.0129659441583,31.22169576232453,0.0 131.0129697909898,31.221695000020446,0.0 131.01297363697253,31.22169423760601,0.0 131.01297748209032,31.221693475106385,0.0 131.01298132632613,31.22169271254712,0.0 131.0129851696623,31.221691949954,0.0 131.01298901208068,31.22169118735305,0.0 131.01299285356248,31.221690424770383,0.0 131.01299669408849,31.2216896622322,0.0 131.01300053363897,31.22168889976461,0.0 131.01300437219393,31.221688137393706,0.0 131.013008209733,31.221687375145315,0.0 131.0130120462354,31.22168661304505,0.0 131.0130158816804,31.221685851118213,0.0 131.01301971604687,31.22168508938965,0.0 131.01302354931377,31.22168432788377,0.0 131.01302738145992,31.221683566624417,0.0 131.01303121246423,31.2216828056348,0.0 131.01303504230577,31.22168204493744,0.0 131.01303887096358,31.221681284554148,0.0 131.0130426984171,31.221680524505864,0.0 131.0130465246462,31.22167976481265,0.0 131.01305034963076,31.22167900549365,0.0 131.01305417335135,31.221678246567016,0.0 131.01305799578907,31.221677488049792,0.0 131.01306181692547,31.221676729957988,0.0 131.01306563674277,31.221675972306404,0.0 131.01306945522387,31.22167521510868,0.0 131.0130732723526,31.22167445837721,0.0 131.01307708811336,31.221673702123123,0.0 131.01308090249162,31.2216729463562,0.0 131.0130847154738,31.22167219108492,0.0 131.01308852704724,31.221671436316363,0.0 131.01309233720036,31.22167068205625,0.0 131.0130961459227,31.22166992830889,0.0 131.013099953205,31.221669175077164,0.0 131.01310375903918,31.221668422362512,0.0 131.0131075634184,31.22166767016496,0.0 131.01311136633717,31.221666918483088,0.0 131.01311516779117,31.221666167314087,0.0 131.01311896777764,31.22166541665367,0.0 131.01312276629503,31.22166466649617,0.0 131.01312656334343,31.221663916834537,0.0 131.01313035892403,31.22166316766035,0.0 131.0131341530397,31.2216624189638,0.0 131.01313794569467,31.221661670733823,0.0 131.0131417368947,31.22166092295805,0.0 131.01314552664695,31.22166017562285,0.0 131.01314931495995,31.22165942871345,0.0 131.01315310184378,31.221658682213853,0.0 131.01315688730995,31.221657936107007,0.0 131.01316067137128,31.22165719037481,0.0 131.01316445404203,31.22165644499812,0.0 131.01316823533776,31.22165569995689,0.0 131.01317201527536,31.221654955230203,0.0 131.013175793873,31.221654210796288,0.0 131.01317957115,31.22165346663268,0.0 131.01318334712687,31.221652722716183,0.0 131.01318712182533,31.221651979023022,0.0 131.01319089526797,31.22165123552889,0.0 131.01319466747844,31.22165049220904,0.0 131.0131984384813,31.22164974903828,0.0 131.01320220830206,31.221649005991168,0.0 131.0132059769668,31.22164826304202,0.0 131.01320974450232,31.221647520164968,0.0 131.01321351093608,31.221646777334097,0.0 131.013217276296,31.221646034523484,0.0 131.01322104061052,31.221645291707304,0.0 131.01322480390823,31.22164454885987,0.0 131.013228566218,31.221643805955768,0.0 131.013232327569,31.22164306296989,0.0 131.0132360879902,31.22164231987753,0.0 131.01323984751073,31.221641576654456,0.0 131.0132436061594,31.22164083327695,0.0 131.01324736396484,31.22164008972197,0.0 131.01325112095537,31.221639345967127,0.0 131.01325487715872,31.221638601990804,0.0 131.01325863260223,31.221637857772205,0.0 131.01326238731255,31.22163711329142,0.0 131.0132661413156,31.22163636852957,0.0 131.01326989463638,31.221635623468696,0.0 131.0132736472992,31.22163487809197,0.0 131.0132773993271,31.22163413238368,0.0 131.01328115074233,31.22163338632928,0.0 131.01328490156567,31.22163263991545,0.0 131.013288651817,31.221631893130183,0.0 131.01329240151455,31.2216311459627,0.0 131.0132961506754,31.221630398403622,0.0 131.01329989931514,31.22162965044496,0.0 131.01330364744783,31.221628902080088,0.0 131.01330739508597,31.22162815330383,0.0 131.01331114224047,31.22162740411243,0.0 131.0133148889206,31.2216266545036,0.0 131.0133186351339,31.22162590447652,0.0 131.01332238088617,31.221625154031816,0.0 131.0133261261815,31.221624403171628,0.0 131.01332987102222,31.22162365189953,0.0 131.01333361540878,31.221622900220577,0.0 131.01333735933983,31.22162214814121,0.0 131.01334110281226,31.22162139566935,0.0 131.0133448458211,31.22162064281428,0.0 131.01334858835955,31.221619889586623,0.0 131.013352330419,31.221619135998395,0.0 131.01335607198905,31.22161838206288,0.0 131.01335981305763,31.221617627794632,0.0 131.01336355361076,31.22161687320939,0.0 131.01336729363285,31.22161611832407,0.0 131.0133710331066,31.221615363156697,0.0 131.01337477201315,31.221614607726323,0.0 131.013378510332,31.221613852053007,0.0 131.01338224804107,31.22161309615771,0.0 131.01338598511705,31.22161234006232,0.0 131.01338972153485,31.221611583789432,0.0 131.01339345726842,31.221610827362404,0.0 131.01339719229023,31.22161007080524,0.0 131.01340092657165,31.22160931414247,0.0 131.01340466008298,31.22160855739916,0.0 131.01340839279342,31.221607800600754,0.0 131.01341212467133,31.221607043773048,0.0 131.01341585568423,31.22160628694208,0.0 131.01341958579897,31.221605530134035,0.0 131.0134233149816,31.22160477337521,0.0 131.01342704319785,31.22160401669184,0.0 131.01343077041287,31.221603260110125,0.0 131.0134344965917,31.221602503656072,0.0 131.01343822169895,31.22160174735544,0.0 131.01344194569936,31.221600991233647,0.0 131.01344566855747,31.22160023531569,0.0 131.01344939023826,31.221599479626065,0.0 131.01345311070668,31.22159872418868,0.0 131.01345682992817,31.221597969026742,0.0 131.01346054786873,31.22159721416283,0.0 131.01346426449487,31.221596459618635,0.0 131.01346797977385,31.221595705414977,0.0 131.01347169367375,31.22159495157173,0.0 131.0134754061636,31.221594198107773,0.0 131.01347911721342,31.22159344504088,0.0 131.01348282679453,31.221592692387656,0.0 131.01348653487935,31.221591940163616,0.0 131.0134902414418,31.221591188382927,0.0 131.01349394645715,31.22159043705852,0.0 131.01349764990232,31.221589686201927,0.0 131.0135013517558,31.22158893582336,0.0 131.01350505199778,31.22158818593157,0.0 131.01350875061036,31.221587436533884,0.0 131.0135124475775,31.22158668763617,0.0 131.01351614288512,31.221585939242768,0.0 131.01351983652103,31.221585191356503,0.0 131.01352352847533,31.221584443978724,0.0 131.01352721874,31.22158369710917,0.0 131.01353090730944,31.22158295074615,0.0 131.01353459418004,31.22158220488637,0.0 131.0135382793506,31.221581459525048,0.0 131.01354196282205,31.22158071465588,0.0 131.01354564459763,31.22157997027108,0.0 131.0135493246829,31.221579226361413,0.0 131.0135530030857,31.22157848291623,0.0 131.01355667981608,31.221577739923458,0.0 131.01356035488632,31.22157699736968,0.0 131.013564028311,31.221576255240134,0.0 131.01356770010693,31.22157551351884,0.0 131.0135713702929,31.221574772188603,0.0 131.01357503889002,31.221574031231057,0.0 131.01357870592125,31.22157329062673,0.0 131.0135823714116,31.22157255035515,0.0 131.013586035388,31.22157181039487,0.0 131.0135896978792,31.221571070723567,0.0 131.01359335891564,31.22157033131809,0.0 131.0135970185294,31.221569592154584,0.0 131.01360067675412,31.22156885320849,0.0 131.0136043336248,31.22156811445469,0.0 131.01360798917787,31.22156737586764,0.0 131.01361164345087,31.22156663742132,0.0 131.0136152964823,31.22156589908944,0.0 131.0136189483118,31.22156516084545,0.0 131.01362259897957,31.22156442266271,0.0 131.01362624852663,31.22156368451452,0.0 131.01362989699447,31.221562946374227,0.0 131.01363354442492,31.22156220821532,0.0 131.01363719085998,31.2215614700115,0.0 131.01364083634175,31.22156073173683,0.0 131.01364448091235,31.22155999336577,0.0 131.01364812461352,31.221559254873256,0.0 131.01365176748664,31.221558516234847,0.0 131.01365540957252,31.221557777426742,0.0 131.01365905091131,31.221557038425924,0.0 131.01366269154244,31.221556299210217,0.0 131.01366633150408,31.22155555975833,0.0 131.01366997083352,31.221554820049988,0.0 131.01367360956664,31.221554080065964,0.0 131.01367724773797,31.2215533397882,0.0 131.01368088538044,31.2215525991998,0.0 131.0136845225254,31.22155185828516,0.0 131.01368815920233,31.221551117029936,0.0 131.0136917954389,31.22155037542123,0.0 131.01369543126063,31.221549633447555,0.0 131.01369906669115,31.22154889109884,0.0 131.01370270175164,31.22154814836654,0.0 131.01370633646107,31.221547405243648,0.0 131.01370997083615,31.221546661724748,0.0 131.01371360489102,31.22154591780597,0.0 131.01371723863735,31.221545173485072,0.0 131.01372087208424,31.2215444287614,0.0 131.01372450523823,31.221543683635968,0.0 131.01372813810315,31.22154293811137,0.0 131.01373177068018,31.22154219219184,0.0 131.01373540296788,31.221541445883165,0.0 131.01373903496207,31.2215406991928,0.0 131.01374266665587,31.22153995212969,0.0 131.01374629803976,31.22153920470433,0.0 131.01374992910146,31.221538456928727,0.0 131.01375355982628,31.22153770881635,0.0 131.01375719019677,31.221536960382025,0.0 131.01376082019294,31.221536211642007,0.0 131.01376444979235,31.221535462613783,0.0 131.01376807897034,31.22153471331616,0.0 131.0137717076996,31.22153396376905,0.0 131.01377533595075,31.22153321399352,0.0 131.0137789636923,31.221532464011624,0.0 131.01378259089057,31.221531713846435,0.0 131.0137862175101,31.221530963521847,0.0 131.01378984351348,31.221530213062525,0.0 131.01379346886168,31.221529462493915,0.0 131.01379709351403,31.221528711841994,0.0 131.01380071742855,31.221527961133287,0.0 131.01380434056188,31.22152721039473,0.0 131.01380796286955,31.221526459653617,0.0 131.01381158430618,31.22152570893744,0.0 131.0138152048254,31.2215249582738,0.0 131.01381882438037,31.22152420769037,0.0 131.01382244292367,31.22152345721475,0.0 131.01382606040758,31.221522706874328,0.0 131.01382967678416,31.221521956696247,0.0 131.01383329200567,31.221521206707305,0.0 131.01383690602438,31.22152045693377,0.0 131.01384051879305,31.221519707401384,0.0 131.01384413026494,31.22151895813524,0.0 131.01384774039403,31.221518209159647,0.0 131.01385134913528,31.221517460498088,0.0 131.01385495644465,31.22151671217312,0.0 131.01385856227927,31.22151596420626,0.0 131.01386216659785,31.221515216617945,0.0 131.0138657693605,31.221514469427447,0.0 131.01386937052916,31.221513722652787,0.0 131.01387297006755,31.22151297631063,0.0 131.0138765679415,31.221512230416305,0.0 131.013880164119,31.2215114849837,0.0 131.01388375857024,31.221510740025163,0.0 131.01388735126787,31.221509995551525,0.0 131.01389094218715,31.22150925157205,0.0 131.0138945313059,31.22150850809435,0.0 131.0138981186047,31.22150776512435,0.0 131.01390170406697,31.22150702266637,0.0 131.01390528767908,31.22150628072294,0.0 131.0139088694303,31.22150553929495,0.0 131.01391244931307,31.221504798381527,0.0 131.01391602732284,31.22150405798007,0.0 131.0139196034581,31.221503318086302,0.0 131.01392317772067,31.22150257869423,0.0 131.01392675011547,31.221501839796137,0.0 131.0139303206505,31.22150110138275,0.0 131.01393388933704,31.221500363443084,0.0 131.01393745618932,31.221499625964608,0.0 131.01394102122487,31.221498888933283,0.0 131.01394458446407,31.22149815233355,0.0 131.01394814593053,31.22149741614844,0.0 131.01395170565044,31.221496680359625,0.0 131.013955263653,31.221495944947463,0.0 131.01395881997018,31.221495209891163,0.0 131.0139623746364,31.22149447516869,0.0 131.01396592768867,31.22149374075704,0.0 131.01396947916632,31.2214930066322,0.0 131.0139730291109,31.221492272769268,0.0 131.01397657756607,31.221491539142622,0.0 131.01398012457733,31.22149080572588,0.0 131.0139836701919,31.22149007249213,0.0 131.01398721445858,31.22148933941397,0.0 131.01399075742756,31.22148860646361,0.0 131.0139942991502,31.221487873613007,0.0 131.01399783967867,31.22148714083396,0.0 131.0140013790662,31.221486408098247,0.0 131.01400491736635,31.221485675377647,0.0 131.01400845463317,31.2214849426442,0.0 131.01401199092066,31.22148420987016,0.0 131.01401552628295,31.22148347702821,0.0 131.01401906077376,31.22148274409153,0.0 131.0140225944463,31.22148201103391,0.0 131.01402612735308,31.22148127782985,0.0 131.0140296595456,31.221480544454664,0.0 131.0140331910743,31.22147981088461,0.0 131.01403672198813,31.221479077096888,0.0 131.01404025233464,31.221478343069904,0.0 131.0140437821594,31.221477608783164,0.0 131.0140473115063,31.22147687421754,0.0 131.01405084041676,31.22147613935517,0.0 131.0140543689302,31.221475404179703,0.0 131.01405789708335,31.22147466867623,0.0 131.0140614249104,31.22147393283148,0.0 131.0140649524427,31.221473196633696,0.0 131.01406847970873,31.221472460072928,0.0 131.01407200673387,31.22147172314081,0.0 131.01407553354042,31.221470985830848,0.0 131.01407906014728,31.221470248138253,0.0 131.01408258657014,31.221469510060096,0.0 131.0140861128212,31.221468771595244,0.0 131.01408963890913,31.221468032744408,0.0 131.0140931648392,31.22146729351017,0.0 131.014096690613,31.221466553896867,0.0 131.01410021622863,31.22146581391076,0.0 131.0141037416805,31.22146507355981,0.0 131.0141072669595,31.2214643328538,0.0 131.014110792053,31.221463591804245,0.0 131.0141143169448,31.22146285042431,0.0 131.01411784161536,31.22146210872888,0.0 131.01412136604156,31.22146136673432,0.0 131.0141248901971,31.221460624458583,0.0 131.0141284140526,31.22145988192108,0.0 131.01413193757529,31.22145913914256,0.0 131.01413546072965,31.221458396145064,0.0 131.0141389834772,31.22145765295188,0.0 131.0141425057769,31.22145690958735,0.0 131.01414602758507,31.22145616607688,0.0 131.01414954885573,31.221455422446777,0.0 131.01415306954064,31.221454678724143,0.0 131.0141565895897,31.221453934936783,0.0 131.01416010895096,31.22145319111312,0.0 131.01416362757087,31.22145244728199,0.0 131.0141671453945,31.22145170347264,0.0 131.01417066236598,31.221450959714545,0.0 131.01417417842825,31.22145021603728,0.0 131.0141776935238,31.221449472470407,0.0 131.01418120759453,31.221448729043384,0.0 131.0141847205823,31.22144798578545,0.0 131.01418823242892,31.221447242725432,0.0 131.01419174307648,31.2214464998917,0.0 131.01419525246772,31.22144575731201,0.0 131.014198760546,31.221445015013416,0.0 131.0142022672559,31.22144427302217,0.0 131.01420577254328,31.221443531363526,0.0 131.01420927635527,31.221442790061744,0.0 131.0142127786409,31.221442049139927,0.0 131.0142162793513,31.221441308619937,0.0 131.01421977843947,31.221440568522304,0.0 131.01422327586107,31.22143982886616,0.0 131.01422677157427,31.221439089669104,0.0 131.01423026554002,31.221438350947185,0.0 131.0142337577223,31.22143761271481,0.0 131.01423724808822,31.221436874984686,0.0 131.01424073660817,31.221436137767764,0.0 131.01424422325604,31.22143540107317,0.0 131.01424770800926,31.22143466490824,0.0 131.0142511908491,31.22143392927836,0.0 131.01425467176054,31.22143319418712,0.0 131.01425815073245,31.22143245963611,0.0 131.01426162775775,31.22143172562505,0.0 131.01426510283335,31.22143099215177,0.0 131.01426857596027,31.221430259212124,0.0 131.01427204714355,31.22142952680015,0.0 131.0142755163924,31.221428794908,0.0 131.0142789837202,31.221428063526016,0.0 131.01428244914433,31.22142733264277,0.0 131.01428591268603,31.22142660224512,0.0 131.01428937437075,31.221425872318218,0.0 131.01429283422777,31.221425142845685,0.0 131.01429629228994,31.221424413809583,0.0 131.014299748594,31.22142368519057,0.0 131.01430320318013,31.22142295696793,0.0 131.01430665609192,31.221422229119728,0.0 131.0143101073762,31.22142150162286,0.0 131.0143135570828,31.221420774453183,0.0 131.01431700526447,31.22142004758564,0.0 131.01432045197663,31.22141932099437,0.0 131.01432389727708,31.22141859465281,0.0 131.0143273412259,31.221417868533848,0.0 131.01433078388527,31.22141714260996,0.0 131.01433422531903,31.22141641685329,0.0 131.01433766559245,31.22141569123586,0.0 131.01434110477223,31.221414965729625,0.0 131.01434454292604,31.221414240306693,0.0 131.01434798012224,31.221413514939385,0.0 131.01435141642975,31.22141278960046,0.0 131.01435485191763,31.22141206426318,0.0 131.01435828665518,31.22141133890153,0.0 131.0143617207111,31.221410613490235,0.0 131.01436515415386,31.22140988800505,0.0 131.01436858705108,31.22140916242281,0.0 131.01437201946945,31.22140843672158,0.0 131.01437545147448,31.22140771088077,0.0 131.01437888313035,31.221406984881355,0.0 131.01438231449978,31.22140625870591,0.0 131.01438574564372,31.22140553233882,0.0 131.01438917662145,31.221404805766383,0.0 131.01439260749035,31.22140407897697,0.0 131.014396038306,31.221403351961165,0.0 131.01439946901652,31.22140262466341,0.0 131.01440289967113,31.221401897077925,0.0 131.0144063302693,31.22140116917964,0.0 131.0144097608139,31.22140044094858,0.0 131.0144131913033,31.2213997123666,0.0 131.01441662173187,31.22139898341744,0.0 131.0144200520898,31.22139825408684,0.0 131.0144234823629,31.2213975243626,0.0 131.01442691253297,31.2213967942346,0.0 131.0144303425778,31.22139606369493,0.0 131.01443377247097,31.22139533273789,0.0 131.0144372021823,31.221394601360046,0.0 131.0144406316779,31.22139386956016,0.0</coordinates>
            </LineString>
        </Placemark>
    </Document>
</kml>
