<?xml version="1.0" encoding="UTF-8"?>
<kml xmlns="http://www.opengis.net/kml/2.2" xmlns:gx="http://www.google.com/kml/ext/2.2">
    <Document id="531">
        <Style id="534">
            <LineStyle id="535">
                <color>ff0000ff</color>
                <colorMode>normal</colorMode>
                <width>3</width>
            </LineStyle>
        </Style>
        <Style id="538">
            <LineStyle id="539">
                <color>ff00ff00</color>
                <colorMode>normal</colorMode>
                <width>3</width>
            </LineStyle>
        </Style>
        <Placemark id="533">
            <name>flight_path</name>
            <styleUrl>#534</styleUrl>
            <LineString id="532">
                <altitudeMode>relativeToGround</altitudeMode>
                <coordinates>131.010392,31.222216000000007,3.000000004412624 131.0103920000045,31.222215999991075,3.0000027652305543 131.0103920000085,31.222215999994766,3.0000030853541984 131.0103920000085,31.222215999994766,3.0000030853541984 131.01039200000852,31.222215999994766,3.0000030853541984 131.01039201539675,31.22221599246117,3.0023884986471163 131.0103920617776,31.22221596990869,3.015331231721257 131.01039213193175,31.22221593580231,3.0351264363252404 131.01039220552698,31.222215900001803,3.055106219166761 131.0103923261533,31.222215841380503,3.090004394730484 131.01039241011944,31.222215800500727,3.1115340872331685 131.01039255023213,31.22221573238213,3.151063460926564 131.0103926908424,31.222215663995925,3.189784893121109 131.01039284206664,31.22221559043897,3.23111772340097 131.01039301222698,31.2222155076778,3.2778754514712065 131.01039319835945,31.22221541714896,3.329057119327625 131.01039339622227,31.222215320908244,3.383229829375461 131.0103936086097,31.222215217601374,3.4413386621870097 131.01039382835415,31.2222151107022,3.500962017738751 131.0103940692252,31.222214993537087,3.566754013292423 131.0103943154942,31.22221487372917,3.6334003425495367 131.0103945800907,31.22221474501192,3.705270765720048 131.01039485370347,31.222214611898128,3.779219998303775 131.01039513986652,31.222214472675024,3.856442763351153 131.01039544418495,31.22221432462593,3.9388336136528577 131.01039575462735,31.22221417358214,4.022328928820314 131.01039608061367,31.222214014978025,4.110111315127456 131.01039641907315,31.22221385030192,4.20114441129061 131.01039677261693,31.22221367828824,4.296310626724281 131.01039713608534,31.22221350143773,4.393868548192477 131.010397517966,31.22221331563664,4.496683993164735 131.01039790540767,31.22221312711366,4.600420125064151 131.01039830590005,31.22221293223868,4.707604968129808 131.01039871921526,31.222212731122088,4.8181619013200345 131.01039914602634,31.222212523437697,4.932317992273902 131.0103995843797,31.222212310132328,5.049414803571431 131.01040002919007,31.222212093670787,5.167739039340097 131.010400488852,31.222211869984235,5.290119088179969 131.01040096154043,31.222211639957216,5.415939478570699 131.01040144391652,31.222211405208075,5.544076156420129 131.01040193996343,31.222211163806087,5.675869112702848 131.01040244347448,31.22221091875968,5.809230869593894 131.01040295825328,31.222210668225145,5.945439804389508 131.01040348638034,31.22221041119396,6.085193185839201 131.01040402793237,31.222210147628825,6.228514853755213 131.0104045774418,31.22220988018005,6.373570321964543 131.0104051377902,31.2222096074508,6.521325187598352 131.01040571307726,31.222209327453587,6.673149607941206 131.01040630329675,31.222209040191352,6.829037586096744 131.01040689520636,31.22220875208352,6.984563197684807 131.01040750096558,31.22220845723537,7.143787353550456 131.0104081214021,31.222208155245536,7.306979827983644 131.01040875222748,31.222207848192888,7.472708023785239 131.01040938861175,31.222207538419,7.639365051166282 131.0104100415545,31.222207220590928,7.810603337186065 131.01041070492113,31.22220689768276,7.98437975261839 131.0104113765162,31.222206570758807,8.159965504549577 131.0104120627253,31.222206242045488,8.339426420983465 131.01041276136124,31.222205905314823,8.520550195387704 131.01041347146807,31.222205565315143,8.704544208672422 131.01041420149207,31.22220521671871,8.89350608216085 131.01041493776742,31.22220486632795,9.083032083602674 131.01041568683695,31.222204510926705,9.275282088584808 131.01041645222423,31.22220414875448,9.471408930008293 131.01041723550264,31.222203778983136,9.67193019146874 131.01041801815532,31.22220341084494,9.870736793292986 131.01041881669772,31.22220303603432,10.073294951996866 131.01041963842044,31.22220265072402,10.2820380634368 131.01042046539686,31.222202264032788,10.4910164904095 131.01042130028415,31.22220187461653,10.701115138798588 131.0104221529871,31.222201477185376,10.915677899889165 131.01042302063743,31.2222010731048,11.133775355669137 131.0104238959524,31.22220066625439,11.352950371483924 131.0104247813715,31.22220025527656,11.57404385896856 131.01042568286857,31.22219983668932,11.799154611767264 131.01042660051263,31.22219941023293,12.028368822957429 131.01042751950703,31.222198984465457,12.256503252079453 131.01042845611403,31.22219854971224,12.489338055148108 131.01042940348407,31.222198109834057,12.724502188354414 131.01043036057632,31.22219766537925,12.961649244104056 131.01043132563646,31.222197217379872,13.200160680703757 131.01043230827153,31.222196759315,13.44369960078785 131.0104333000614,31.222196296508194,13.68917828534956 131.01043429600963,31.222195832443745,13.93466408087168 131.01043530782695,31.222195358603607,14.184805566574804 131.01043633241193,31.22219487674083,14.438533027737934 131.01043735827787,31.22219439554248,14.69118193723454 131.01043839735323,31.222193905600808,14.94772571767524 131.01043944754576,31.22219340803433,15.207465785913303 131.01044050479928,31.22219290601784,15.46872115957143 131.010441569554,31.222192399045262,15.731729192137832 131.0104426443395,31.22219188443625,15.997771140874072 131.01044372814755,31.222191362663555,16.26653500034535 131.0104448162483,31.22219083827792,16.535780679643455 131.01044591497077,31.222190304319188,16.808799239471835 131.01044702245397,31.22218976205488,17.08488435300707 131.0104481330387,31.222189217888257,17.36103618489817 131.01044925470916,31.22218866160709,17.641886070370283 131.01045038165483,31.22218809986296,17.924327637632572 131.0104515112633,31.22218753634977,18.20672975911148 131.01045265073023,31.2221869597884,18.49396484423848 131.0104537952011,31.222186376549047,18.783165523452126 131.01045494413387,31.22218578728512,19.07403326736957 131.01045609890417,31.22218518875788,19.36786647346736 131.01045725680515,31.222184585584927,19.662708302723523 131.01045841808315,31.22218397690878,19.958886914416016 131.01045958581187,31.222183353645224,20.25992717207117 131.01046075341037,31.222182732444963,20.559234796217133 131.0104619265162,31.22218209603752,20.863480859582488 131.0104631023202,31.222181450642832,21.17015225231029 131.010464278976,31.22218080352488,21.476522527427417 131.01046545791957,31.222180147462343,21.78524892327215 131.0104666401003,31.222179470599,22.10048961008704 131.0104678220623,31.22217879448169,22.41444396210045 131.0104690045582,31.222178118000176,22.72759906180009 131.01047018824448,31.222177415193773,23.048854522992848 131.01047137151656,31.22217671969964,23.366575710743938 131.0104725546591,31.222176011626,23.68755157584845 131.01047373535175,31.222175273984828,24.017213521863773 131.0104749178271,31.22217456006817,24.338096360063616 131.01047609671585,31.222173816341428,24.667590008612457 131.0104772718965,31.222173056058576,25.001184947792137 131.0104784504036,31.22217231550774,25.32758184637956 131.01047961992995,31.222171535548828,25.66508156617507 131.0104807897603,31.2221707616246,25.999601495250644 131.01048195860983,31.222169985562903,26.3337316994184 131.01048311555627,31.222169174036463,26.67721738183182 131.0104842756489,31.222168375719665,27.015702817029737 131.0104854314415,31.222167566981565,27.356140672147223 131.01048657375404,31.22216672690606,27.704315066378136 131.01048772182682,31.2221659039763,28.04653500637099 131.01048885836795,31.222165056677003,28.39441026250326 131.01048998708933,31.22216419587656,28.744787262306826 131.01049112010313,31.22216334641613,29.090976548867413 131.01049223125818,31.222162456588112,29.44677210269285 131.01049334802,31.22216158068773,29.797695466847333 131.01049445737215,31.22216069342267,30.15046138348618 131.01049554380245,31.22215976930899,30.51148673473148 131.01049664121712,31.222158866882463,30.865788964454826 131.01049772311583,31.222157941182367,31.22481115810447 131.0104987870956,31.22215699025336,31.58886850808912 131.01049986138517,31.22215605810455,31.94710278667524 131.01050090927103,31.222155088635947,32.3132486368706 131.01050195953172,31.222154125766675,32.676563123062124 131.01050300362667,31.222153156473315,33.040232515767094 131.01050401526027,31.22215214447501,33.41275053584093 131.01050504242755,31.2221511570028,33.77827310974339 131.01050605257868,31.22215014876086,34.147442571761395 131.01050703233562,31.22214910309568,34.52395154505618 131.01050803593708,31.2221480916136,34.89141988447635 131.01050900000155,31.22214703142824,35.26871032559538 131.0105099625395,31.22214597242797,35.64445076603706 131.01051092786616,31.22214491952465,36.01761661389395 131.01051185131848,31.22214381719285,36.40047121699735 131.01051279160447,31.222142738610195,36.77683326189013 131.01051371045563,31.222141636345263,37.15715129382769 131.01051460772203,31.22214051078813,37.541255739707125 131.01051551761867,31.222139403164192,37.9202438519352 131.01051638930943,31.222138252509023,38.307227930959634 131.0105172683553,31.22213711342211,38.690475109014486 131.0105181390902,31.22213596707837,39.07403757436506 131.0105189727998,31.22213477983353,39.46499542693516 131.0105198235881,31.222133615365955,39.84989694315886 131.0105206512123,31.222132426313603,40.238733975806575 131.01052146115285,31.222131219227595,40.630092380102624 131.01052227944163,31.22213002448885,41.01763746346864 131.01052305410354,31.22212878130709,41.41402684888752 131.0105238472954,31.22212756236045,41.804141937894606 131.01052462226244,31.2221263245676,42.19694545895819 131.01052535847623,31.222125043705915,42.59742704163312 131.01052612649733,31.22212380276072,42.98843399020705 131.01052684782096,31.222122509022256,43.38913478800112 131.01052757918185,31.222121229519445,43.78568078614269 131.01052829973864,31.222119939486603,44.18319780497199 131.01052898885635,31.2221186138526,44.58686599931139 131.010529696394,31.222117312710967,44.98428135172345 131.01053036737218,31.222115969169085,45.38927806915844 131.01053104265432,31.22211463290923,45.79159069432768 131.01053171409103,31.222113294034457,46.19327151636197 131.01053235045123,31.222111912993977,46.60255079473817 131.0105330083595,31.22211056111917,47.004607895894736 131.01053363267476,31.222109168043616,47.414110528448845 131.01053426067645,31.222107781315376,47.82115607064978 131.01053488260072,31.22210638835596,48.22837627652317 131.01053547509528,31.222104957393,48.642484748861534 131.01053608843645,31.222103556113865,49.04922213180796 131.01053666604588,31.22210210697765,49.46499837742963 131.0105372563495,31.22210067663106,49.87570379019408 131.0105378343488,31.22209923005273,50.288789107140325 131.01053839185295,31.222097754278863,50.70708573147186 131.01053896628846,31.222096304436185,51.11874825133264 131.01053951021652,31.22209480913097,51.53919944380553 131.01054006474146,31.22209333039804,51.95503769071725 131.01054061007807,31.222091837738272,52.37288804040807 131.01054113653055,31.22209031419535,52.79652811174982 131.01054168053366,31.22208881972225,53.21277232779335 131.01054219631536,31.2220872770476,53.63871047697202 131.0105427224379,31.22208575147424,54.05989838004444 131.0105432419953,31.22208421375328,54.48283786525369 131.01054375128876,31.22208265581212,54.90939670381193 131.0105442700099,31.222081114603835,55.33124789184989 131.0105447676623,31.22207953046192,55.76194157496407 131.01054527730372,31.22207796829944,56.1867355299112 131.010545777587,31.22207638486585,56.615507851258144 131.01054627444785,31.222074791153688,57.04578977976762 131.01054677831593,31.22207321045202,57.47219073304648 131.0105472626532,31.22207158110882,57.909070714107216 131.01054776330443,31.222069986682538,58.336967970699455 131.0105482508577,31.22206835632189,58.77246026267923 131.01054874206204,31.2220667302668,59.20614129197441 131.0105492356793,31.222065106118126,59.63855860391708 131.0105497189965,31.22206344775361,60.07832306593362 131.0105502133986,31.22206181500231,60.51120554489377 131.0105506973841,31.22206014510758,60.95219869681979 131.01055118830274,31.22205848915081,61.38909589528754 131.01055167854773,31.22205682407101,61.82742635980659 131.0105521648513,31.22205513752685,62.27019999493873 131.01055265986332,31.222053472374995,62.70705996314452 131.01055314488963,31.222051762697088,63.15398365216095 131.01055363952662,31.222050078101727,63.594099396105406 131.01055412930643,31.22204836542533,64.04032023158938 131.0105546237542,31.22204666002055,64.48405965464002 131.0105551207675,31.22204495424384,64.92717469078406 131.0105556141728,31.22204322225109,65.37597249418562 131.0105561154218,31.222041511094485,65.81898560161387 131.0105566090442,31.22203975577172,66.2720551223998 131.0105571114055,31.222038025429207,66.71833702687837 131.01055761231163,31.22203627682753,67.16835734110323 131.0105581134153,31.22203451670694,67.62046748024875 131.0105586213865,31.222032774279384,68.06758155672287 131.01055912422487,31.22203099762465,68.52226603772223 131.0105596312204,31.22202922708908,68.97474981779536 131.01056014332684,31.222027466755616,69.4240681568173 131.01056065306489,31.222025685308687,69.87773007864695 131.01056116200945,31.222023890187792,70.33391297632988 131.01056167561427,31.222022103800025,70.78727549585064 131.0105621916726,31.222020317150577,71.23996869027795 131.01056270565087,31.222018513414216,71.69593782819526 131.01056322096684,31.222016706449143,72.15188943415397 131.01056373883767,31.22201490078925,72.6067663591191 131.0105642581998,31.222013092834267,73.06140322412362 131.01056477642672,31.222011274318,73.5176831776857 131.01056529603875,31.222009454364592,73.97348257430068 131.01056581708824,31.22200763332007,74.42871970921671 131.01056633834264,31.22200580779871,74.88414757895681 131.01056685985603,31.222003978576485,75.33956818314442 131.0105673820872,31.22200214742559,75.79456916708202 131.01056790482596,31.22200031413315,76.24918458989184 131.0105684269096,31.221998476083822,76.70396999503245 131.01056894847943,31.22199663422169,77.15869467008316 131.0105694695621,31.2219947890556,77.61323002613224 131.01056999079003,31.22199294247505,78.06715528387771 131.01057051205035,31.221991094514205,78.52045122103297 131.0105710306184,31.221989239504826,78.9742920041894 131.0105715492015,31.22198738391952,79.42729481540249 131.0105720659696,31.22198552410319,79.88020922934413 131.0105725813168,31.221983661310546,80.33275412307593 131.01057309436928,31.22198179415971,80.78519269477722 131.01057360686443,31.22197992636336,81.23675647587166 131.0105741167343,31.221978054249163,81.68816992372862 131.0105746240255,31.221976178319743,82.13930887427973 131.01057512994134,31.22197430101888,82.58967610915495 131.0105756322637,31.22197241870085,83.03997013693001 131.01057613074633,31.22197053133553,83.49017194166694 131.01057662857912,31.22196864450233,83.93919637911048 131.0105771219026,31.22196675200409,84.3882166353495 131.010577612666,31.22196485732,84.83655220114667 131.0105781005187,31.22196296005941,85.28426660760995 131.01057858490688,31.22196105956583,85.73146865398749 131.01057906503507,31.221959154849017,86.17832561659398 131.01057954174948,31.221957247378864,86.62455428477642 131.0105800141475,31.22195533597805,87.07035798883777 131.01058048329847,31.22195342236488,87.51541512014941 131.01058094842298,31.221951505541487,87.95989615370273 131.01058141059275,31.221949587154352,88.40349889051215 131.01058186833467,31.221947665243967,88.84656227122669 131.01058232096764,31.22194573901036,89.28921504822353 131.01058276992654,31.221943810526177,89.73108698275367 131.01058321462105,31.221941879053134,90.17230173149498 131.0105836550554,31.221939944674794,90.61283850524812 131.01058409329403,31.221938010194144,91.05221301479548 131.01058452616255,31.221936071438407,91.49113515280588 131.0105849563429,31.221934132002644,91.9289880196666 131.01058538050702,31.22193218754724,92.36650392457504 131.01058580216008,31.22193024267964,92.8029025500427 131.01058621743996,31.22192829238209,93.2390260343413 131.01058663030997,31.22192634180252,93.6740107602388 131.01058703951583,31.221924389296003,94.10813394733717 131.0105874433472,31.221922432645847,94.54176340685868 131.01058784352165,31.22192047404378,94.974535877242 131.0105882412701,31.22191851503805,95.4061987372224 131.01058863332636,31.2219165513748,95.837456825104 131.01058902264828,31.22191458681936,96.26769174013532 131.01058940721197,31.22191261869477,96.6973484828132 131.0105897888791,31.22191064934533,97.12604569138549 131.01059016769088,31.221908678756343,97.55379120002446 131.01059054299552,31.2219067059949,97.9807436105264 131.01059091486133,31.221904731054305,98.40690991170004 131.01059128401533,31.22190275479639,98.83215511555836 131.01059165034184,31.22190077696864,99.25652757997148 131.0105920146833,31.22189879859245,99.67986670105536 131.01059237497395,31.22189681676284,100.10265802757348 131.01059273413185,31.221894835307435,100.52427968308837 131.0105930896867,31.221892850728374,100.94531639504616 131.010593443188,31.221890865006912,101.3654503976738 131.01059379628157,31.22188888033291,101.78432763003312 131.01059414619576,31.221886892661715,102.20262713169936 131.01059449496063,31.22188490470432,102.61990921222748 131.01059484333953,31.22188291744684,103.03601816549296 131.0105951890548,31.22188092740098,103.45154561670924 131.01059553503694,31.221878938722394,103.8658070700855 131.0105958793529,31.221876948381706,104.27931920703492 131.01059622141452,31.22187495525373,104.69228315355352 131.01059656438653,31.221872964055585,105.10391343030264 131.0105969068559,31.22187097247281,105.51460899016024 131.0105972489413,31.22186898049668,105.92438193200336 131.01059758974608,31.2218669864641,106.333526200319 131.01059793093808,31.22186499291353,106.74161916685156 131.01059827238848,31.221862999494647,107.14872906977524 131.0105986132648,31.221861004594704,107.555142880413 131.01059895483377,31.221859010197903,107.96052905680683 131.01059929722587,31.221857016393184,108.36488027634324 131.01059963880527,31.221855020037545,108.7687509973544 131.01059998258,31.221853026416607,109.17123229685188 131.0106003249664,31.221851028722007,109.573518315095 131.01060066920135,31.22184903280707,109.97459719361356 131.010601013946,31.22184703599444,110.37494405305397 131.01060135966327,31.221845038982423,110.77444501098104 131.01060170588676,31.221843040649464,111.17330550141564 131.0106020534252,31.22184104245296,111.57127606108352 131.01060240239372,31.22183904449765,111.9683444291492 131.01060275274853,31.22183704654152,112.36455987131907 131.0106031041102,31.22183504759804,112.760104067884 131.0106034577271,31.221833050247763,113.15452395046212 131.01060381240163,31.221831051725463,113.54831675904704 131.0106041689045,31.221829053600366,113.9412082847221 131.0106045272774,31.221827055870616,114.33320305319567 131.0106048875381,31.221825058474344,114.72431613076957 131.01060524885392,31.221823059327253,115.11492389044548 131.0106056130218,31.22182106261546,115.50428117736833 131.0106059784301,31.221819064410383,115.8930929996189 131.0106063452512,31.221817065007286,116.28130902421988 131.0106067143699,31.221815066531114,116.66855121544496 131.0106070852716,31.22181306767845,117.05505391219984 131.01060745795593,31.22181106840257,117.4408263041924 131.01060783224332,31.221809068222484,117.82595439934757 131.0106082095446,31.22180707071061,118.209802512098 131.01060858850568,31.221805072446298,118.59297914365636 131.01060896933845,31.22180307397196,118.97538637475871 131.01060935243433,31.221801076318155,119.35684055003834 131.01060973684002,31.22179907709615,119.73776184871576 131.01061012395667,31.22179707992696,120.11750999072176 131.01061051330672,31.221795083655863,120.49628736917296 131.01061090321588,31.22179308413008,120.87481675088706 131.010611295032,31.22179108485025,121.2524811749033 131.01061168934794,31.221789087376543,121.62900823147514 131.01061208479828,31.221787088412604,122.00496595066782 131.01061248186537,31.22178508928452,122.38011902220263 131.01061288036175,31.221783089658874,122.75452013431692 131.0106132801587,31.22178108936146,123.12819362377245 131.01061368129007,31.221779088616728,123.50109560925898 131.0106140843945,31.22177708905945,123.87294486216749 131.01061448878866,31.221775089224604,124.2439839423901 131.01061489447716,31.22177308929013,124.61417599981384 131.01061530193567,31.22177109047832,124.9833120557362 131.01061571064847,31.22176909177393,125.3515554531772 131.01061611851125,31.22176708877124,125.71962082484802 131.01061652905187,31.221765089309784,126.08621654708736 131.0106169402366,31.221763089107352,126.4520394719104 131.01061735158615,31.22176108738202,126.81720498232974 131.01061776407303,31.22175908632761,127.18135268719196 131.0106181773215,31.22175708530949,127.54457910566524 131.01061859189977,31.22175508560816,127.9066756789584 131.0106190066944,31.22175308518074,128.26795744107312 131.01061942136846,31.221751083581538,128.62848364024367 131.0106198374839,31.22174908393048,128.98776440295055 131.01062025355836,31.221747083557823,129.34620676973543 131.01062066880533,31.221745081224142,129.70398882691555 131.01062108401325,31.22174307854523,130.06085601557547 131.01062150047312,31.22174107792192,130.41644383296477 131.01062191682223,31.221739077050824,130.77109299486887 131.01062233179303,31.221737073931017,131.12508909867023 131.01062274627748,31.221735070268497,131.4781707919624 131.0106231606466,31.22173306679453,131.83022657913563 131.0106235749612,31.22173106371068,132.18122281539104 131.01062398814315,31.22172905938253,132.53138772418896 131.01062440207286,31.221727056962724,132.88026517388658 131.01062481379964,31.221725051854275,133.22850128344595 131.01062522490056,31.22172304670136,133.57571388262616 131.01062563450435,31.22172104024433,133.92207405253654 131.01062604394758,31.22171903463219,134.26727883573025 131.01062645316216,31.221717029820805,134.61133222230467 131.01062686026404,31.221715023089388,134.95459930651492 131.0106272657524,31.221713015307,135.29695364722167 131.01062766873548,31.22171100526277,135.63855195405 131.01062807173204,31.221708996689426,135.9788916590776 131.0106284735211,31.221706987863804,136.3182008351591 131.0106288715753,31.221704975289725,136.65693210399812 131.010629269997,31.22170296485004,136.99431005735943 131.0106296653391,31.221700951740623,137.33095865685382 131.01063005936902,31.22169893850628,137.66654272938752 131.01063045354425,31.221696927180805,138.00080144195036 131.0106308457718,31.221694914924583,138.33409585821505 131.01063123696483,31.2216929030376,138.6662570510812 131.01063162694123,31.221690891302668,138.99731101189158 131.0106320156765,31.221688879716687,139.32725646593295 131.01063240314943,31.2216868682772,139.65609230148152 131.01063278934225,31.22168485698224,139.98381759862772 131.01063317424047,31.221682845830447,140.31043160840247 131.0106335578329,31.221680834820983,140.6359337507877 131.0106339401118,31.22167882395361,140.9603236336021 131.01063432107253,31.22167681322854,141.28360103659602 131.0106347007138,31.22167480264656,141.60576591642112 131.01063507903757,31.22167279220892,141.92681841060568 131.0106354560488,31.22167078191735,142.24675883159043 131.01063583175562,31.221668771774063,142.565587661758 131.01063620616915,31.22166676178172,142.8833055564145 131.01063657930356,31.221664751943376,143.19991334677087 131.0106369511758,31.22166274226253,143.51541202403945 131.01063732180577,31.221660732743075,143.82980275334887 131.01063769121595,31.22165872338921,144.1430868528702 131.01063805943167,31.22165671420555,144.45526580872777 131.0106384264806,31.221654705197,144.76634125412374 131.01063879239305,31.22165269636876,145.07631497828524 131.01063915720167,31.221650687726328,145.38518891155397 131.01063952094142,31.221648679275464,145.69296513632077 131.0106398836493,31.221646671022143,145.99964586416309 131.0106402453646,31.221644662972583,146.30523343982196 131.01064060612845,31.221642655133174,146.60973033822063 131.0106409659838,31.221640647510498,146.9131391565122 131.01064132497547,31.221638640111248,147.21546260314642 131.01064168314983,31.221636632942303,147.5167035008525 131.0106420405548,31.22163462601061,147.81686477669868 131.0106423972397,31.221632619323216,148.11594945215444 131.01064275325527,31.22163061288725,148.4139606460716 131.0106431086533,31.221628606709874,148.71090155679397 131.01064346348667,31.221626600798285,149.0067754701096 131.0106438178092,31.22162459515969,149.30158573639022 131.01064417167555,31.22162258980132,149.59533577456725 131.01064452514117,31.22162058473036,149.88802906020527 131.010644878262,31.22161857995394,150.17966912450905 131.01064523109454,31.221616575479185,150.47025954239547 131.01064558369575,31.22161457131313,150.75980393050745 131.01064593612267,31.22161256746272,151.04830593230463 131.0106462884326,31.22161056393482,151.3357692210466 131.0106466406829,31.22160856073617,151.62219748786552 131.0106469929308,31.22160655787341,151.9075944268576 131.01064734523345,31.221604555353057,152.19196375098764 131.0106476976476,31.22160255318145,152.47530916227075 131.01064805022975,31.22160055136481,152.757634359725 131.01064840303596,31.2215985499092,153.03894302446267 131.01064875612155,31.221596548820465,153.31923881869713 131.01064910954133,31.221594548104328,153.59852537779258 131.01064946334932,31.221592547766303,153.87680630032472 131.0106498175986,31.221590547811715,154.15408515503958 131.01065017234154,31.221588548245688,154.4303654540172 131.01065052762922,31.22158654907314,154.7056506705647 131.01065088351194,31.22158455029877,154.97994421237868 131.0106512400386,31.221582551927103,155.2532494354631 131.01065159725707,31.2215805539624,155.52556962425012 131.01065195521377,31.221578556408687,155.79690799458265 131.01065231395373,31.22157655926983,156.0672676827824 131.01065267352067,31.221574562549414,156.33665175062075 131.0106530339568,31.221572566250813,156.60506316941436 131.0106533953027,31.221570570377143,156.87250482698553 131.0106537575975,31.221568574931343,157.13897951474155 131.01065412087863,31.22156657991604,157.4044899336378 131.01065448518185,31.22156458533368,157.66903868026395 131.01065485054116,31.22156259118644,157.93262825082112 131.01065521698885,31.221560597476287,158.19526103515793 131.01065558455542,31.221558604204944,158.45693931478354 131.01065595326955,31.221556611373902,158.71766525889288 131.01065632315803,31.221554618984424,158.97744092436696 131.01065669424588,31.22155262703751,159.23626825577313 131.01065706655623,31.221550635533983,159.4941490734393 131.0106574401102,31.2215486444744,159.75108508935622 131.0106578149272,31.22154665385912,160.0070778863066 131.01065819102456,31.221544663688263,160.26212893078613 131.01065856841785,31.221542673961736,160.51623956703986 131.0106589471205,31.221540684679272,160.769411013088 131.01065932714428,31.221538695840344,161.021644369671 131.01065970849882,31.22153670744425,161.27294061031117 131.01066009119202,31.22153471949011,161.5233005833 131.01066047522983,31.2215327319768,161.77272501766265 131.01066086061633,31.221530744903056,162.02121451918268 131.01066124735377,31.22152875826744,162.26876956841463 131.01066163544246,31.22152677206829,162.51539052962846 131.0106620248811,31.221524786303835,162.76107764186582 131.0106624156664,31.221522800972096,163.00583103086694 131.01066280779347,31.221520816070985,163.24965069714332 131.0106632012555,31.221518831598235,163.492536530887 131.01066359604417,31.221516847551463,163.73448830302596 131.0106639921494,31.22151486392815,163.9755056741682 131.01066438955948,31.22151288072564,164.215588198579 131.01066478826118,31.221510897941183,164.45473531523487 131.01066518823967,31.22150891557192,164.6929463567682 131.01066558947866,31.22150693361488,164.93022055940816 131.0106659919604,31.22150495206701,165.1665570530406 131.01066639566568,31.221502970925208,165.4019548701529 131.010666800574,31.221500990186232,165.63641294682847 131.0106672066634,31.221499009846827,165.86993012572836 131.01066761391087,31.221497029903663,166.1025051640418 131.010668022292,31.221495050353383,166.3341367245422 131.01066843178134,31.22149307119256,166.5648233944702 131.01066884235223,31.221491092417743,166.79456367559445 131.01066925397708,31.22148911402547,167.0233559981272 131.01066966662722,31.22148713601226,167.25119871376594 131.0106700802731,31.221485158374616,167.4780901076203 131.01067049488418,31.221483181109047,167.70402839721805 131.01067091042924,31.221481204212065,167.92901173449172 131.0106713268762,31.22147922768021,168.1530382177079 131.0106717441923,31.22147725151003,168.37610588649488 131.01067216234415,31.22147527569812,168.59821272283625 131.0106725812977,31.221473300241087,168.81935667095146 131.01067300101843,31.2214713251356,169.0395356223836 131.01067342147127,31.221469350378364,169.25874743389176 131.01067384262083,31.221467375966142,169.47698991751065 131.01067426443132,31.22146540189578,169.69426085645296 131.01067468686665,31.221463428164142,169.91055800709688 131.01067510989049,31.22146145476821,170.12587909004068 131.01067553346635,31.221459481705008,170.34022181494987 131.01067595755757,31.22145750897166,170.55358386266647 131.01067638212743,31.22145553656537,170.765962907075 131.0106768071392,31.22145356448344,170.9773566031747 131.01067723255616,31.22145159272323,171.1877626039758 131.01067765834168,31.221449621282247,171.39717854857233 131.01067808445924,31.22144765015808,171.6056020850013 131.01067851087265,31.221445679348367,171.81303086328532 131.01067893754583,31.221443708850945,172.01946252946885 131.010679364443,31.221441738663668,172.2248947494701 131.0106797915288,31.22143976878456,172.42932519516808 131.01068021876816,31.22143779921172,172.6327515583158 131.0106806461265,31.22143582994336,172.83517154457567 131.01068107356974,31.22143386097782,173.0365828874359 131.01068150106423,31.22143189231356,173.2369833392625 131.01068192857693,31.221429923949124,173.43637068422092 131.0106823560754,31.221427955883183,173.6347427382759 131.01068278352773,31.22142598811453,173.83209734521435 131.01068321090287,31.221424020642047,174.02843239453645 131.01068363817035,31.221422053464767,174.2237458055521 131.01068406530044,31.22142008658178,174.41803554527027 131.01068449226423,31.221418119992336,174.6112996244236 131.01068491903357,31.22141615369576,174.8035360964746 131.01068534558115,31.221414187691487,174.99474306755351 131.0106857718805,31.22141222197906,175.18491870142742 131.01068619790607,31.221410256558155,175.37406120061644 131.01068662363323,31.22140829142848,175.56216883620905 131.01068704903813,31.2214063265899,175.74923993096726 131.01068747409803,31.22140436204233,175.9352728692637 131.01068789879108,31.22140239778583,176.12026609608796 131.0106883230964,31.221400433820484,176.30421812102185 131.01068874699405,31.221398470146507,176.4871275182394 131.01068917046524,31.22139650676416,176.6689929255116 131.01068959349203,31.221394543673803,176.84981305215828 131.01069001605762,31.22139258087587,177.02958667507207 131.01069043814624,31.221390618370847,177.20831264070523 131.01069085974308,31.22138865615929,177.3859898700395 131.0106912808345,31.221386694241826,177.56261735461013 131.01069170140772,31.221384732619104,177.73819415749955 131.01069212145123,31.221382771291857,177.91271942029388 131.0106925409544,31.221380810260843,178.08619236010165 131.0106929599078,31.221378849526896,178.2586122616019 131.01069337830288,31.221376889090816,178.42997849692267 131.01069379613227,31.22137492895349,178.60029050874311 131.01069421338957,31.221372969115848,178.76954781725263 131.01069463006942,31.22137100957876,178.93775002014823 131.0106950461675,31.221369050343192,179.1048967946248 131.0106954616805,31.22136709141008,179.27098789240318 131.01069587660612,31.22136513278035,179.4360231466884 131.01069629094303,31.221363174454986,179.600002460243 131.010696704691,31.221361216434893,179.7629258252641 131.01069711785055,31.22135925872104,179.92479329555442 131.01069753042336,31.221357301314303,180.08560501534615 131.01069794241195,31.2213553442156,180.24536119445176 131.01069835381975,31.221353387425783,180.40406212615568 131.01069876465127,31.221351430945703,180.56170817230463 131.01069917491162,31.22134947477615,180.7182997682775 131.010699584607,31.221347518917888,180.8738374249736 131.01069999374442,31.22134556337163,181.02832172583007 131.01070040233165,31.22134360813804,181.18175332085968 131.0107008103774,31.221341653217703,181.33413293559428 131.01070121789095,31.221339698611214,181.4854613581659 131.0107016248826,31.221337744319023,181.63573944725647 131.01070203136322,31.221335790341577,181.7849681241484 131.0107024373444,31.221333836679168,181.93314838266124 131.01070284283853,31.22133188333209,182.08028127325213 131.01070324785857,31.221329930300527,182.22636790897724 131.0107036524182,31.22132797758457,182.37140946350496 131.0107040565317,31.221326025184247,182.5154071681341 131.01070446021384,31.22132407309948,182.65836231278823 131.0107048634802,31.22132212133013,182.80027623806467 131.0107052663467,31.221320169875927,182.94115034219115 131.0107056688299,31.221318218736528,183.0809860730756 131.01070607094672,31.221316267911497,183.21978492234263 131.01070647271467,31.22131431740028,183.3575484382546 131.0107068741517,31.22131236720224,183.49427820980893 131.01070727527608,31.22131041731663,183.62997586872697 131.0107076761066,31.2213084677426,183.76464308845968 131.0107080766622,31.2213065184792,183.89828158021177 131.01070847696235,31.221304569525365,184.0308930999012 131.01070887702684,31.22130262087993,184.1624794262912 131.0107092768756,31.22130067254165,184.29304237987617 131.0107096765288,31.221298724509115,184.4225838099601 131.010710076007,31.22129677678086,184.55110559465888 131.01071047533088,31.22129482935532,184.6786096359289 131.01071087452124,31.22129288223077,184.80509786155568 131.01071127359913,31.22129093540545,184.9305722241612 131.0107116725856,31.221288988877447,185.05503469027047 131.01071207150198,31.221287042644768,185.1784872482628 131.01071247036947,31.22128509670532,185.30093190141545 131.01071286920947,31.221283151056888,185.4223706659156 131.01071326804336,31.2212812056972,185.54280556688573 131.01071366689249,31.22127926062388,185.66223864235903 131.0107140657782,31.22127731583444,185.78067193532848 131.0107144647218,31.22127537132632,185.8981074877836 131.0107148637445,31.22127342709686,186.01454735462616 131.0107152628675,31.221271483143333,186.1299935818033 131.01071566211183,31.221269539462924,186.24444821724305 131.01071606149833,31.22126759605274,186.3579133038945 131.0107164610477,31.221265652909807,186.470390882712 131.01071686078055,31.22126371003109,186.5818829797335 131.01071726071723,31.221261767413488,186.6923916160212 131.01071766087793,31.221259825053817,186.80191879573303 131.01071806128246,31.22125788294887,186.91046651308235 131.0107184619505,31.22125594109536,187.01803674637367 131.0107188629014,31.221253999489925,187.12463145203995 131.01071926415426,31.2212520581292,187.23025257358827 131.01071966572783,31.221250117009767,187.33490202470213 131.0107200676406,31.22124817612815,187.43858170117133 131.0107204699106,31.22124623548084,187.5412934769148 131.01072087255562,31.22124429506429,187.64303918708453 131.01072127559303,31.22124235487498,187.74382065092647 131.0107216790398,31.221240414909303,187.84363965190235 131.0107220829125,31.22123847516365,187.94249794365328 131.0107224872274,31.22123653563444,188.04039724602453 131.01072289200016,31.221234596318,188.13733924605967 131.01072329724613,31.221232657210752,188.23332558905585 131.0107237029802,31.22123071830904,188.32835789049017 131.0107241092168,31.221228779609262,188.4224377250887 131.01072451596983,31.2212268411078,188.51556662583104 131.01072492325275,31.22122490280105,188.6077460829572 131.0107253310786,31.221222964685456,188.6989775519195 131.0107257394598,31.221221026757444,188.78926243847368 131.0107261484084,31.221219089013506,188.8786021026553 131.01072655793584,31.221217151450134,188.9669978647428 131.01072696805312,31.221215214063875,189.05445099830104 131.01072737877067,31.22121327685132,189.1409627222293 131.01072779009843,31.221211339809088,189.2265342186525 131.01072820204575,31.221209402933884,189.3111666100613 131.01072861462154,31.221207466222417,189.3948609781972 131.01072902783403,31.221205529671487,189.47761834715445 131.01072944169107,31.22120359327796,189.55943969431544 131.0107298561999,31.22120165703877,189.6403259443857 131.01073027136715,31.22119972095089,189.72027797635275 131.010730687199,31.22119778501141,189.79929660360608 131.01073110370103,31.221195849217462,189.87738259978173 131.01073152087827,31.221193913566303,189.95453667788715 131.0107319387353,31.221191978055245,190.03075949924943 131.01073235727594,31.221190042681688,190.10605167550096 131.0107327765037,31.221188107443147,190.1804137586413 131.01073319642137,31.221186172337223,190.2538462509773 131.01073361703135,31.221184237361616,190.32634959716995 131.0107340383354,31.221182302514137,190.39792419218708 131.01073446033473,31.221180367792684,190.46857037633347 131.01073488303007,31.221178433195306,190.5382884332629 131.0107353064217,31.221176498720133,190.6070785929604 131.01073573050925,31.22117456436541,190.6749410367113 131.0107361552918,31.22117263012951,190.74187588716217 131.01073658076805,31.22117069601094,190.8078832192544 131.01073700693613,31.221168762008308,190.87296304929023 131.0107374337937,31.22116682812036,190.9371153478548 131.01073786133787,31.22116489434597,191.0003400268941 131.01073828956535,31.22116296068415,191.0626369516424 131.01073871847228,31.22116102713404,191.1240059376408 131.01073914805437,31.221159093694904,191.1844467447725 131.01073957830687,31.22115716036616,191.2439590891917 131.0107400092246,31.22115522714736,191.30254263139457 131.01074044080187,31.22115329403818,191.3601969911288 131.0107408730326,31.22115136103845,191.4169217364606 131.0107413059103,31.221149428148173,191.47271638675568 131.010741739428,31.22114749536744,191.52758041963804 131.01074217357836,31.22114556269652,191.58151326402992 131.01074260835367,31.2211436301358,191.63451430711143 131.0107430437458,31.221141697685844,191.68658289233124 131.01074347974622,31.22113976534738,191.73771831543257 131.01074391634612,31.221137833121222,191.78791983836493 131.01074435353618,31.221135901008385,191.8371866783532 131.01074479130693,31.22113396901,191.88551801286653 131.01074522964842,31.221132037127354,191.9329129796182 131.01074566855047,31.22113010536189,191.9793706825284 131.01074610800262,31.221128173715183,192.024890189736 131.01074654799393,31.221126242188976,192.06947052465569 131.0107469885134,31.22112431078513,192.113110691816 131.01074742954964,31.22112237950568,192.15580964604976 131.010747871091,31.22112044835277,192.1975663262872 131.01074831312567,31.221118517328726,192.2383796247433 131.01074875564154,31.221116586435983,192.27824842269928 131.0107491986263,31.221114655677145,192.31717155670933 131.01074964206737,31.221112725054912,192.355147842454 131.0107500859521,31.22111079457216,192.39217607473992 131.01075053026764,31.221108864231887,192.42825501656696 131.0107509750009,31.22110693403724,192.46338341006097 131.01075142013866,31.22110500399144,192.4975599794548 131.01075186566757,31.2211030740979,192.53078342413173 131.0107523115742,31.221101144360123,192.56305242458683 131.01075275784495,31.221099214781766,192.59436564342337 131.01075320446617,31.221097285366582,192.62472172833208 131.01075365142407,31.22109535611843,192.65411931209127 131.01075409870484,31.22109342704132,192.68255701058027 131.01075454629455,31.221091498139334,192.71003343072869 131.01075499417936,31.221089569416687,192.7365471645532 131.0107554423452,31.22108764087769,192.76209679611577 131.01075589077817,31.221085712526776,192.78668090251549 131.0107563394643,31.22108378436844,192.81029805090847 131.0107567883895,31.221081856407288,192.83294680447 131.01075723753996,31.22107992864801,192.85462572040603 131.01075768690163,31.2210780010954,192.87533335293645 131.01075813646077,31.221076073754308,192.89506825627447 131.01075858620348,31.221074146629668,192.9138289836341 131.01075903611604,31.22107221972649,192.9316140862353 131.0107594861848,31.221070293049863,192.94842212026072 131.0107599363962,31.22106836660493,192.96425164486888 131.01076038673676,31.22106644039689,192.9791012221928 131.0107608371932,31.22106451443097,192.9929694233033 131.0107612877523,31.221062588712527,193.00585482522848 131.010761738401,31.221060663246856,193.01775601194464 131.01076218912638,31.22105873803937,193.02867158233045 131.01076263991573,31.221056813095505,193.03860013823743 131.01076309075643,31.221054888420674,193.04754030138764 131.01076354163618,31.221052964020377,193.05549070243967 131.0107639925427,31.221051039900097,193.062449990928 131.01076444346415,31.22104911606534,193.06841682929888 131.0107648943886,31.221047192521624,193.073389895892 131.01076534530463,31.22104526927445,193.07736788991053 131.0107657962009,31.22104334632933,193.0803495284376 131.01076624706633,31.22104142369179,193.08233355041327 131.0107666978901,31.221039501367283,193.08331871762783 131.01076714866167,31.221037579361287,193.08330381173968 131.01076759937075,31.22103565767924,193.08228763725623 131.0107680500073,31.221033736326543,193.08026902849284 131.01076850056162,31.221031815308567,193.07724683963167 131.01076895102423,31.221029894630647,193.073219954662 131.01076940138597,31.22102797429804,193.06818728638487 131.01076985163803,31.22102605431599,193.0621477754204 131.01077030177183,31.221024134689635,193.05510039120009 131.01077075177915,31.22102221542408,193.04704413296227 131.0107712016521,31.221020296524333,193.0379780327318 131.01077165138304,31.22101837799533,193.02790115631524 131.0107721009647,31.22101645984196,193.01681259534885 131.01077255039016,31.22101454206896,193.00471148916444 131.0107729996528,31.221012624681,192.99159699497247 131.01077344874645,31.221010707682662,192.9774683176788 131.01077389766508,31.22100879107841,192.9623246919932 131.01077434640317,31.2210068748726,192.9461653903828 131.01077479495552,31.22100495906944,192.9289897230703 131.01077524331723,31.221003043673047,192.91079703803405 131.01077569148376,31.221001128687423,192.89158672498405 131.010776139451,31.2209992141164,192.87135820343488 131.0107765872151,31.22099729996368,192.8501109415893 131.01077703477267,31.220995386232826,192.82784444540616 131.01077748212052,31.22099347292726,192.80455825263604 131.01077792925602,31.220991560050223,192.7802519586632 131.01077837617677,31.22098964760484,192.75492518370663 131.01077882288067,31.22098773559404,192.7285775936915 131.01077926936617,31.22098582402056,192.7012089042256 131.01077971563188,31.22098391288703,192.6728188607206 131.010780161677,31.22098200219584,192.6434072612521 131.0107806075008,31.22098009194923,192.6129739366812 131.01078105310307,31.22097818214925,192.58151877053308 131.010781498484,31.22097627279776,192.5490416801121 131.01078194364402,31.2209743638964,192.51554262743548 131.01078238858392,31.220972455446663,192.4810216212216 131.0107828333049,31.22097054744981,192.44547870893635 131.0107832778084,31.22096863990689,192.40891398077173 131.01078372209636,31.22096673281876,192.3713275736192 131.01078416617088,31.220964826186048,192.33271965815103 131.01078461003448,31.2209629200092,192.29309045670888 131.01078505369003,31.22096101428842,192.252440227402 131.0107854971406,31.220959109023703,192.21076927603497 131.01078594038978,31.220957204214816,192.16807793821536 131.01078638344129,31.220955299861323,192.1243666071856 131.0107868262992,31.22095339596253,192.07963570499828 131.010787268968,31.220951492517568,192.03388569941296 131.0107877114523,31.220949589525265,191.9871170949512 131.0107881537572,31.220947686984296,191.93933043886017 131.0107885958879,31.22094578489307,191.89052631713687 131.01078903784995,31.22094388324976,191.8407053545289 131.0107894796493,31.22094198205232,191.7898682145332 131.01078992129194,31.22094008129846,191.73801559343417 131.01079036278432,31.22093818098571,191.68514822924857 131.010790804133,31.22093628111128,191.6312669007308 131.0107912453449,31.22093438167223,191.57637241047777 131.01079168642713,31.220932482665344,191.52046560679503 131.01079212738705,31.220930584087192,191.46354736878743 131.01079256823223,31.220928685934137,191.4056186043717 131.01079300897047,31.22092678820228,191.34668026121048 131.0107934496098,31.220924890887503,191.28673331876004 131.01079389015845,31.22092299398552,191.22577877932568 131.0107943306248,31.220921097491743,191.1638176849588 131.0107947710175,31.22091920140144,191.10085110056 131.01079521134528,31.220917305709595,191.0368801228248 131.01079565161714,31.22091541041105,190.97190587527447 131.0107960918422,31.220913515500392,190.90592950825527 131.0107965320297,31.22091162097203,190.8389521939706 131.01079697218913,31.22090972682016,190.7709751344305 131.01079741233,31.220907833038783,190.7019995495274 131.010797852462,31.22090593962172,190.6320266869733 131.010798292595,31.220904046562588,190.5610578113676 131.0107987327389,31.220902153854823,190.48909421115536 131.01079917290372,31.22090026149172,190.41613718968148 131.01079961309952,31.22089836946634,190.34218806817285 131.0108000533366,31.220896477771632,190.2672481917024 131.01080049362525,31.22089458640036,190.19131891030483 131.01080093397573,31.220892695345142,190.11440159686632 131.01080137439848,31.22089080459844,190.0364976351996 131.01080181490403,31.2208889141526,189.95760841706104 131.0108022555027,31.220887023999808,189.87773534712088 131.01080269620525,31.22088513413213,189.79687984395727 131.01080313702204,31.22088324454152,189.71504332912343 131.01080357796363,31.2208813552198,189.6322272311241 131.01080401904062,31.22087946615873,189.5484329874025 131.0108044602636,31.22087757734993,189.46366203440263 131.01080490164298,31.22087568878496,189.3779158194952 131.01080534318936,31.22087380045527,189.2911957870643 131.01080578491312,31.22087191235228,189.20350337950083 131.0108062268247,31.22087002446731,189.1148400441597 131.01080666893452,31.22086813679165,189.0252072224281 131.01080711125277,31.220866249316543,188.9346063546947 131.01080755378976,31.220864362033176,188.8430388773682 131.0108079965556,31.220862474932737,188.75050621691383 131.0108084395603,31.220860588006367,188.65700979482315 131.01080888281388,31.22085870124524,188.5625510256272 131.01080932632613,31.22085681464048,188.4671313149076 131.01080977010676,31.22085492818326,188.3707520493588 131.0108102141654,31.22085304186476,188.2734146156716 131.01081065851147,31.220851155676183,188.17512037568693 131.01081110315437,31.2208492696088,188.07587068329093 131.01081154810316,31.2208473836539,187.97566687745888 131.01081199336693,31.22084549780285,187.87451027231583 131.0108124389545,31.22084361204709,187.772402170058 131.01081288487453,31.220841726378147,187.66934385300047 131.01081333113547,31.220839840787608,187.565336576622 131.01081377774568,31.220837955267168,187.4603815844717 131.0108142247132,31.22083606980867,187.35448008729904 131.01081467204588,31.22083418440404,187.2476332769675 131.01081511975147,31.220832299045348,187.1398423185032 131.0108155678374,31.22083041372481,187.0311083510904 131.01081601631083,31.22082852843477,186.92143248806977 131.01081646517886,31.22082664316777,186.81081580700152 131.01081691444818,31.22082475791648,186.69925936656009 131.01081736412527,31.220822872673786,186.58676418864508 131.01081781421647,31.22082098743273,186.47333126335 131.0108182647277,31.220819102186613,186.35896154796967 131.01081871566475,31.22081721692887,186.24365597097508 131.01081916703302,31.2208153316532,186.127415423068 131.0108196188377,31.22081344635351,186.0102407591704 131.01082007108374,31.22081156102396,185.89213280239807 131.01082052377575,31.22080967565895,185.7730923361109 131.01082097691807,31.22080779025312,185.65312010689527 131.0108214305147,31.220805904801384,185.5322168225736 131.01082188456942,31.220804019298928,185.41038315021967 131.01082233908568,31.2208021337412,185.2876197270897 131.01082279406657,31.22080024812395,185.1639271387569 131.01082324951503,31.220798362443222,185.03930593501508 131.01082370543347,31.220796476695348,184.91375662490665 131.0108241618242,31.220794590876963,184.78727967771928 131.01082461868907,31.22079270498504,184.65987551801493 131.0108250760297,31.22079081901685,184.531544526624 131.0108255338473,31.220788932970013,184.40228704660856 131.01082599214288,31.220787046842464,184.27210337133573 131.01082645091702,31.220785160632488,184.14099375839305 131.01082691017,31.220783274338697,184.0089584136838 131.0108273699019,31.22078138796008,183.87599750435024 131.01082783011228,31.22077950149593,183.74211115678432 131.0108282908005,31.22077761494596,183.60729944470108 131.0108287519656,31.22077572831021,183.47156240802315 131.01082921360623,31.22077384158909,183.3349000320076 131.01082967572083,31.220771954783388,183.19731226414368 131.0108301383074,31.22077006789424,183.0587990081885 131.01083060136364,31.220768180923187,182.91936012416704 131.010831064887,31.220766293872128,182.77899542439576 131.01083152887452,31.22076440674336,182.63770468143576 131.01083199332305,31.220762519539512,182.49548762709685 131.0108324582291,31.220760632263644,182.3523439474679 131.01083292358877,31.220758744919166,182.20827328192445 131.01083338939796,31.220756857509887,182.06327523803543 131.0108338556523,31.220754970039977,181.9173493746681 131.010834322347,31.220753082514,181.77049520894352 131.0108347894771,31.220751194936888,181.6227122231953 131.01083525703734,31.220749307313973,181.4739998550304 131.01083572502213,31.22074741965092,181.32435750825988 131.01083619342566,31.22074553195379,181.1737845399806 131.0108366622418,31.220743644229,181.02228028144543 131.01083713146423,31.220741756483367,180.86984401619824 131.0108376010863,31.22073986872402,180.71647499498096 131.01083807110126,31.220737980958468,180.56217243772167 131.01083854150187,31.220736093194585,180.40693552558503 131.01083901228083,31.220734205440568,180.25076340792603 131.0108394834307,31.220732317704968,180.09365520328654 131.01083995494352,31.220730429996653,179.93561000038758 131.01084042681143,31.22072854232484,179.7766268501785 131.0108408990263,31.220726654699057,179.61670478372693 131.01084137157972,31.220724767129138,179.4558427992972 131.01084184446307,31.220722879625217,179.29403987427796 131.01084231766777,31.22072099219776,179.13129495027286 131.01084279118484,31.22071910485745,178.96760695794805 131.01084326500535,31.22071721761534,178.80297479615993 131.01084373912008,31.220715330482665,178.63739734487564 131.01084421351976,31.220713443470952,178.4708734641787 131.01084468819502,31.220711556591983,178.3034019972522 131.01084516313628,31.22070966985776,178.13498176540543 131.010845638334,31.220707783280503,177.96561158497417 131.01084611377843,31.220705896872666,177.79529024644526 131.01084658945985,31.22070401064688,177.624016534337 131.01084706536838,31.22070212461597,177.45178922123318 131.01084754149414,31.22070023879294,177.27860706877814 131.0108480178272,31.22069835319092,177.10446882966502 131.01084849435767,31.2206964678232,176.92937325359622 131.01084897107552,31.220694582703207,176.75331908331103 131.01084944797077,31.22069269784449,176.57630505855846 131.0108499250335,31.22069081326069,176.39832992106807 131.01085040225377,31.22068892896552,176.21939240759073 131.01085087962173,31.22068704497278,176.0394912618275 131.01085135712745,31.220685161296327,175.85862522747027 131.0108518347612,31.220683277950062,175.67679305913535 131.01085231251326,31.22068139494788,175.49399350944185 131.01085279037403,31.220679512303704,175.31022534889087 131.01085326833393,31.22067763003144,175.1254873559255 131.0108537463836,31.220675748144977,174.93977831692868 131.0108542245137,31.22067386665815,174.75309703815424 131.01085470271508,31.22067198558472,174.56544234075344 131.01085518097867,31.22067010493839,174.37681305978217 131.0108556592957,31.22066822473274,174.18720804917015 131.0108561376574,31.22066634498126,173.99662618867924 131.0108566160553,31.220664465697286,173.80506637694393 131.01085709448108,31.22066258689403,173.6125275344543 131.01085757292662,31.2206607085845,173.4190086125009 131.01085805138402,31.22065883078153,173.22450858323523 131.0108585298456,31.22065695349777,173.0290264506023 131.01085900830395,31.2206550767456,172.8325612543171 131.01085948675188,31.22065320053722,172.63511205197344 131.01085996518245,31.22065132488452,172.43667794587918 131.010860443589,31.22064944979914,172.23725807212392 131.01086092196508,31.22064757529242,172.0368515966022 131.01086140030463,31.2206457013754,171.83545772793528 131.0108618786018,31.22064382805877,171.63307571349517 131.01086235685108,31.220641955352896,171.42970483443423 131.01086283504722,31.22064008326776,171.22534442158846 131.01086331318538,31.22063821181299,171.0199938435509 131.01086379126093,31.220636340997807,170.81365251164 131.0108642692697,31.220634470831023,170.6063198808942 131.01086474720765,31.22063260132104,170.3979954610054 131.01086522507137,31.22063073247577,170.1886787944511 131.0108657028576,31.220628864302736,169.97836948333267 131.0108661805634,31.22062699680896,169.7670671704888 131.01086665818636,31.22062513000097,169.55477154943537 131.0108671357243,31.220623263884807,169.34148237032952 131.01086761317544,31.220621398466022,169.12719942506016 131.0108680905383,31.22061953374961,168.91192256513875 131.010868567812,31.22061766974007,168.6956516818215 131.0108690449957,31.220615806441312,168.47838673592597 131.01086952208925,31.220613943856737,168.26012772503324 131.01086999909268,31.22061208198916,168.04087471330425 131.01087047600643,31.220610220840832,167.82062780464446 131.01087095283145,31.220608360413404,167.59938716854649 131.0108714295689,31.22060650070795,167.3771530261744 131.01087190622047,31.220604641724965,167.15392564440128 131.01087238278808,31.22060278346432,166.9297053536991 131.01087285927412,31.22060092592528,166.7044925342242 131.0108733356813,31.2205990691065,166.47828762078743 131.01087381201285,31.22059721300604,166.25109110484155 131.0108742882721,31.220595357621303,166.0229035235492 131.010874764463,31.220593502949114,165.79372547170857 131.01087524058974,31.22059164898564,165.5635576037438 131.01087571665687,31.22058979572646,165.33240061084211 131.0108761926694,31.220587943166525,165.10025524679895 131.01087666863253,31.22058609130013,164.86712231211243 131.01087714455187,31.220584240121017,164.63300265994965 131.01087762043352,31.22058238962228,164.39789719018236 131.0108780962836,31.220580539796384,164.16180685137448 131.0108785721088,31.22057869063526,163.9247326378011 131.01087904791595,31.22057684213018,163.686675599389 131.0108795237124,31.22057499427186,163.447636819848 131.01087999950556,31.22057314705044,163.2076174315835 131.01088047530328,31.22057130045548,162.96661860972927 131.01088095111365,31.22056945447599,162.72464157513355 131.010881426945,31.220567609100428,162.4816875804414 131.010881902806,31.22056576431672,162.2377579269928 131.01088237870547,31.220563920112287,161.9928539429561 131.01088285465255,31.22056207647403,161.74697699923283 131.01088333065653,31.22056023338836,161.50012850349103 131.01088380672687,31.22055839084124,161.25230988625455 131.01088428287335,31.22055654881814,161.00352262177293 131.0108847591059,31.220554707304125,160.75376820516226 131.01088523543456,31.22055286628383,160.50304815638134 131.01088571186955,31.220551025741496,160.2513640281838 131.01088618842135,31.220549185660992,159.99871739120815 131.01088666510043,31.220547346025835,159.74510984292493 131.0108871419174,31.22054550681922,159.4905429947148 131.01088761888303,31.220543668024007,159.235018477833 131.01088809600813,31.220541829622807,158.97853794142125 131.01088857330356,31.220539991597963,158.72110304654555 131.0108890507803,31.22053815393158,158.462715464207 131.01088952844927,31.220536316605585,158.2033768753435 131.01089000632155,31.220534479601703,157.9430889698356 131.01089048440812,31.22053264290152,157.68185343855444 131.01089096272,31.2205308064865,157.41967197237028 131.01089144126814,31.22052897033804,157.15654627606511 131.01089192006353,31.220527134437425,156.89247803056523 131.01089239911704,31.220525298765967,156.62746893369237 131.0108928784395,31.220523463304968,156.36152066438257 131.01089335804153,31.22052162803572,156.09463489560636 131.0108938379338,31.22051979293961,155.82681329337672 131.01089431812676,31.220517957998126,155.55805749885724 131.0108947986308,31.22051612319285,155.28836914824169 131.01089527945612,31.22051428850557,155.01774985685128 131.01089576061267,31.2205124539182,154.74620121913426 131.0108962421104,31.220510619412902,154.47372480270263 131.01089672395884,31.220508784972115,154.2003221542966 131.0108972061674,31.220506950578525,153.92599479879 131.0108976887452,31.22050511621516,153.65074422130027 131.0108981717012,31.22050328186539,153.374571885079 131.01089865504403,31.22050144751295,153.09747921262755 131.01089913878215,31.220499613142,152.8194675936476 131.01089962292355,31.220497778737126,152.54053838106776 131.01090010747603,31.2204959442834,152.26069288706563 131.01090059244703,31.22049410976636,151.979932384063 131.01090107784364,31.22049227517213,151.69825809876207 131.0109015636726,31.22049044048736,151.41567121313955 131.01090204994034,31.22048860569925,151.13217286544008 131.01090253665282,31.220486770795663,150.8477641432193 131.01090302381576,31.220484935765107,150.56244607738032 131.01090351143435,31.220483100596702,150.27621965608787 131.01090399951354,31.22048126528029,149.98908581085485 131.01090448805766,31.22047942980645,149.70104541654058 131.0109049770707,31.220477594166443,149.41209929433333 131.01090546655627,31.22047575835232,149.1222482077748 131.0109059565175,31.22047392235689,148.83149286176553 131.010906446957,31.22047208617381,148.53983389858928 131.01090693787705,31.22047024979748,148.24727190487073 131.01090742927943,31.22046841322319,147.9538074016362 131.01090792116543,31.22046657644704,147.6594408502757 131.0109084135359,31.220464739466014,147.36417264459322 131.01090890639117,31.22046290227797,147.06800312273288 131.01090939973113,31.220461064881647,146.77093255425714 131.01090989355507,31.220459227276688,146.47296114312928 131.01091038786214,31.22045738946364,146.1740890326827 131.0109108826506,31.220455551443944,145.8743162976692 131.01091137791846,31.22045371321998,145.57364295121556 131.01091187366325,31.22045187479507,145.2720689388613 131.0109123698819,31.220450036173407,144.96959414153835 131.01091286657106,31.220448197360163,144.6662183805424 131.01091336372667,31.220446358361382,144.36194141256144 131.01091386134436,31.22044451918408,144.05676292570027 131.0109143594193,31.22044267983615,143.75068255041407 131.01091485794615,31.22044084032642,143.44369985553195 131.01091535691918,31.22043900066461,143.13581434626835 131.01091585633216,31.220437160861337,142.8270254711809 131.01091635617843,31.220435320928107,142.5173326181946 131.01091685645108,31.22043348087725,142.20673512255175 131.01091735714246,31.22043164072204,141.8952322548863 131.01091785824482,31.220429800476488,141.5828232401068 131.0109183597499,31.220427960155487,141.26950724745734 131.01091886164917,31.220426119774693,140.95528339349914 131.01091936393357,31.220424279350567,140.64015074608542 131.01091986659384,31.220422438900307,140.3241083273437 131.01092036962032,31.22042059844184,140.00715511665655 131.01092087300307,31.2204187579938,139.68929004370457 131.01092137673183,31.22041691757548,139.3705120043682 131.0109218807962,31.220415077206816,139.05081984979444 131.01092238518527,31.22041323690839,138.73021239931785 131.0109228898882,31.220411396701312,138.40868843747865 131.01092339489367,31.220409556607265,138.08624671700323 131.01092390019025,31.220407716648424,137.76288596775063 131.0109244057664,31.22040587684745,137.438604885778 131.01092491161037,31.220404037227425,137.11340215222572 131.01092541771033,31.220402197811826,136.78727642238312 131.01092592405422,31.220400358624456,136.46022633861037 131.0109264306301,31.220398519689475,136.13225052337967 131.01092693742572,31.220396681031257,135.80334760014796 131.010927444429,31.220394842674445,135.47351617546695 131.0109279516277,31.2203930046438,135.1427548528958 131.01092845900973,31.220391166964248,134.81106223697896 131.01092896656294,31.220389329660808,134.47843692827493 131.01092947427523,31.220387492758505,134.14487754323508 131.01092998213468,31.220385656282367,133.81038269233665 131.01093049012934,31.220383820257343,133.47495101089532 131.01093099824746,31.2203819847083,133.13858113918604 131.0109315064775,31.220380149659903,132.80127174033322 131.01093201480805,31.22037831513663,132.46302149633544 131.0109325232279,31.22037648116272,132.1238291150233 131.01093303172607,31.22037464776204,131.78369332906436 131.01093354029183,31.220372814958164,131.44261290391486 131.0109340489148,31.220370982774213,131.10058663782064 131.01093455758476,31.220369151232862,130.75761336082186 131.01093506629192,31.22036732035628,130.41369195264497 131.01093557502682,31.22036549016609,130.06882132282303 131.01093608378028,31.22036366068328,129.7230004395207 131.01093659254357,31.220361831928184,129.3762283036909 131.01093710130837,31.220360003920494,129.02850397790036 131.0109376100668,31.22035817667909,128.67982657539557 131.01093811881137,31.220356350222136,128.33019525712112 131.01093862753507,31.220354524566886,127.97960925259244 131.01093913623137,31.22035269972977,127.62806784796922 131.0109396448941,31.22035087572629,127.2755703880426 131.0109401535179,31.220349052571,126.92211628021128 131.01094066209765,31.22034723027745,126.56770500839812 131.01094117062885,31.2203454088582,126.21233611018728 131.01094167910756,31.22034358832469,125.85600920167556 131.01094218753036,31.220341768687323,125.4987239695185 131.01094269589444,31.22033994995536,125.14048016993908 131.01094320419753,31.220338132136888,124.78127763170816 131.01094371243795,31.220336315238846,124.4211162601212 131.0109442206146,31.22033449926697,124.0599960350104 131.01094472872694,31.220332684225777,123.69791701074476 131.01094523677503,31.220330870118524,123.33487931921252 131.01094574475962,31.22032905694721,122.97088317180985 131.01094625268195,31.220327244712603,122.6059288524824 131.0109467605439,31.22032543341416,122.24001672368988 131.0109472683479,31.220323623050035,121.87314722541257 131.01094777609703,31.22032181361712,121.50532087713914 131.01094828379496,31.220320005110985,121.13653827488596 131.01094879144588,31.22031819752593,120.76680007926883 131.01094929905463,31.220316390854936,120.39610704035285 131.01094980662663,31.22031458508972,120.0244599757863 131.01095031416776,31.22031278022068,119.6518597787513 131.0109508216845,31.220310976236977,119.27830741001328 131.0109513291839,31.22030917312654,118.90380390090364 131.0109518366735,31.22030737087604,118.52835035828964 131.01095234416144,31.220305569470938,118.15194794767652 131.0109528516561,31.220303768895526,117.77459790414272 131.01095335916668,31.220301969132905,117.39630152736969 131.01095386670264,31.22030017016508,117.0170601746856 131.0109543742739,31.220298371972955,116.63687525907552 131.01095488189085,31.22029657453636,116.25574826011804 131.01095538956417,31.22029477783411,115.87368069615246 131.0109558973051,31.220292981844057,115.49067415509428 131.01095640512517,31.22029118654312,115.10673025268628 131.01095691303615,31.220289391907315,114.72185066033242 131.01095742105016,31.220287597911828,114.33603709416305 131.01095792917965,31.220285804531063,113.94929130509604 131.01095843743727,31.220284011738727,113.56161507585544 131.01095894583597,31.22028221950781,113.173010225941 131.01095945438885,31.22028042781072,112.78347859870732 131.0109599631091,31.22027863661929,112.39302207428577 131.0109604720101,31.22027684590492,112.0016425377774 131.01096098110548,31.220275055638528,111.60934190310904 131.01096149040876,31.22027326579072,111.21612209215913 131.01096199993358,31.220271476331817,110.8219850446994 131.0109625096936,31.220269687231887,110.42693270050148 131.0109630197024,31.220267898460907,110.0309670013264 131.01096352997365,31.22026610998876,109.63408988794296 131.0109640405208,31.22026432178531,109.23630330012688 131.01096455135723,31.22026253382053,108.83760916274592 131.01096506249615,31.220260746064543,108.43800939172417 131.01096557395067,31.22025895848768,108.03750588012576 131.01096608573374,31.220257171060577,107.63610050610788 131.01096659785776,31.22025538375425,107.23379511800918 131.0109671103352,31.22025359654016,106.83059154230396 131.01096762317803,31.22025180939031,106.4264915617332 131.01096813639802,31.22025002227728,106.02149693220288 131.0109686500064,31.22024823517433,105.61560936389763 131.01096916401417,31.22024644805548,105.20883052525735 131.01096967843185,31.220244660895503,104.801162039001 131.01097019326943,31.22024287367016,104.3926054721868 131.01097070853663,31.220241086356047,103.98316234316944 131.01097122424235,31.22023929893087,103.57283411066724 131.0109717403953,31.22023751137336,103.1616221697848 131.01097225700343,31.22023572366341,102.7495278559896 131.01097277407408,31.22023393578212,102.33655244113596 131.01097329161416,31.22023214771184,101.9226971175602 131.01097380962986,31.220230359436226,101.50796301796169 131.01097432812682,31.22022857094032,101.0923511895572 131.01097484710982,31.22022678221055,100.67586261197312 131.01097536658318,31.22022499323481,100.2584981863124 131.0109758865505,31.22022320400252,99.84025872223016 131.01097640701468,31.220221414504586,99.42114496179173 131.0109769279777,31.220219624733527,99.00115755462012 131.0109774494412,31.22021783468343,98.58029706783712 131.01097797140588,31.220216044350057,98.15856398407507 131.01097849387168,31.220214253730767,97.73595869352324 131.0109790168378,31.220212462824616,97.31248150585624 131.01097954030288,31.22021067163234,96.88813264228251 131.01098006426471,31.220208880156378,96.46291222858432 131.01098058872023,31.22020708840084,96.0368203110218 131.01098111366585,31.220205296371542,95.60985684241732 131.0109816390971,31.22020350407604,95.1820216920947 131.010982165009,31.220201711523515,94.75331464090796 131.01098269139555,31.22019991872485,94.32373538322987 131.0109832182503,31.2201981256926,93.89328353192136 131.01098374556608,31.22019633244094,93.4619586123666 131.01098427333488,31.22019453898564,93.02976007638895 131.01098480154823,31.220192745344097,92.59668728833456 131.01098533019703,31.220190951535194,92.1627395409757 131.0109858592714,31.220189157579348,91.72791604755822 131.01098638876107,31.22018736349844,91.29221595273567 131.01098691865505,31.22018556931573,90.85563833157454 131.0109874489419,31.22018377505586,90.41818219452348 131.0109879796096,31.22018198074476,89.97984648542582 131.01098851064577,31.220180186409618,89.54063008549424 131.0109890420375,31.22017839207876,89.10053183219726 131.01098957377135,31.220176597781634,88.65955050037219 131.0109901058338,31.22017480354872,88.21768481614096 131.01099063821076,31.220173009411468,87.77493346983246 131.01099117088776,31.22017121540215,87.33129510802937 131.01099170385027,31.220169421553884,86.8867683365499 131.01099223708357,31.220167627900462,86.441351741323 131.0109927705724,31.22016583447632,85.99504387248193 131.0109933043017,31.220164041316377,85.54784326822198 131.0109938382562,31.220162248456035,85.09974843889489 131.01099437242044,31.220160455931,84.65075789782396 131.0109949067791,31.22015866377721,84.20087013744687 131.0109954413169,31.220156872030792,83.75008366112459 131.0109959760184,31.220155080727867,83.29839696922426 131.01099651086847,31.22015328990452,82.84580857601813 131.01099704585224,31.220151499596646,82.39231700073692 131.0109975809546,31.220149709839912,81.93792079540222 131.01099811616115,31.2201479206696,81.4826185259409 131.01099865145758,31.22014613212052,81.02640879007613 131.0109991868298,31.220144344226888,80.56929022627449 131.01099972226427,31.22014255702232,80.11126149386541 131.01100025774772,31.220140770539583,79.65232132373701 131.0110007932674,31.22013898481058,79.19246847459763 131.0110013288111,31.220137199866304,78.73170176081038 131.01100186436693,31.220135415736603,78.2700200633264 131.01100239992374,31.220133632450203,77.80742231875153 131.01100293547103,31.22013185003461,77.34390752829239 131.0110034709986,31.220130068515942,76.87947476670269 131.01100400649727,31.220128287918914,76.4141231832781 131.0110045419584,31.22012650826674,75.94785199887401 131.01100507737397,31.22012472958105,75.48066052181059 131.01100561273688,31.22012295188184,75.01254813495076 131.0110061480406,31.220121175187327,74.54351431955696 131.0110066832796,31.220119399514008,74.0735586304408 131.011007218449,31.220117624876487,73.60268073075571 131.0110077535447,31.22011585128747,73.13088036118027 131.0110082885637,31.220114078757742,72.6581573647718 131.01100882350343,31.22011230729604,72.18451168696502 131.01100935836257,31.22011053690912,71.70994335469837 131.01100989314045,31.220108767601616,71.23445251021269 131.0110104278373,31.22010699937612,70.7580393842111 131.01101096245432,31.220105232233085,70.2807043067951 131.01101149699332,31.220103466170823,69.80244771541682 131.01101203145734,31.22010170118556,69.32327013698732 131.0110125658499,31.220099937271325,68.84317220576966 131.0110131001757,31.22009817442007,68.36215464349802 131.01101363444005,31.220096412621583,67.88021827926022 131.0110141686492,31.220094651863608,67.39736402762846 131.01101470281014,31.220092892131785,66.9135928995945 131.01101523693066,31.220091133409703,66.42890600058246 131.01101577101943,31.220089375678995,65.94330451653221 131.01101630508555,31.22008761891931,65.45678972582864 131.0110168391393,31.22008586310844,64.96936298439172 131.01101737319112,31.220084108222245,64.48102573760532 131.0110179072526,31.22008235423495,63.991779491490114 131.01101844133547,31.220080601118948,63.50162584153198 131.01101897545254,31.22007884884512,63.01056643789014 131.01101950961663,31.22007709738272,62.51860300726717 131.0110200438416,31.220075346699616,62.02573732606984 131.0110205781412,31.220073596762287,61.531971234326 131.01102111253013,31.22007184753601,61.03730661381611 131.01102164702303,31.220070098984863,60.541745408949055 131.0110221816352,31.220068351071927,60.0452895820288 131.01102271638192,31.220066603759328,59.547941152024094 131.01102325127894,31.22006485700844,59.04970215778805 131.01102378634192,31.220063110779908,58.550574665016896 131.01102432158697,31.220061365033875,58.050560759292 131.01102485702992,31.22005961973001,57.54966254110893 131.01102539268683,31.220057874827724,57.04788211494407 131.0110259285736,31.22005613028625,56.5452215942244 131.01102646470616,31.2200543860648,56.04168308442845 131.0110270011002,31.22005264212269,55.53726868209256 131.01102753777113,31.220050898419498,55.03198047381681 131.01102807473433,31.220049154915177,54.52582051538933 131.0110286120045,31.22004741157018,54.0187908476917 131.0110291495964,31.22004566834564,53.510893472841175 131.01102968752403,31.22004392520348,53.002130353196 131.01103022580105,31.22004218210652,52.4925034173206 131.01103076444068,31.220040439018664,51.98201453413872 131.01103130345538,31.220038695904968,51.47066552685072 131.0110318428571,31.220036952731835,50.95845815603371 131.01103238265728,31.220035209467056,50.44539411765345 131.0110329228662,31.22003346607997,49.93147504206992 131.0110334634939,31.22003172254162,49.416702482107816 131.0110340045493,31.220029978824765,48.901077917032936 131.01103454604055,31.22002823490404,48.38460274062224 131.0110350879752,31.22002649075609,47.86727826514045 131.0110356303595,31.220024746359588,47.34910571040421 131.0110361731989,31.220023001695345,46.830086200799286 131.01103671649813,31.2200212567464,46.31022077124517 131.0110372602607,31.22001951149809,45.78951035526503 131.0110378044892,31.220017765938103,45.26795578498528 131.01103834918516,31.220016020056537,44.745557792129325 131.01103889434916,31.22001427384596,44.2223169960876 131.01103943998072,31.2200125273014,43.69823392081683 131.0110399860782,31.22001078042044,43.17330897495727 131.01104053263907,31.22000903320321,42.647542462767646 131.01104107965966,31.220007285652382,42.12093458313 131.0110416271353,31.22000553777324,41.59348541960813 131.01104217506017,31.220003789573543,41.06519495436448 131.01104272342752,31.22000204106368,40.53606305921257 131.01104327222947,31.220000292256493,40.006089503569214 131.01104382145732,31.219998543167364,39.475273953459855 131.01104437110124,31.21999679381408,38.9436159705235 131.01104492115047,31.219995044216844,38.41111501698298 131.0110454715933,31.21999329439817,37.877770466579456 131.0110460224171,31.219991544382847,37.3435815896599 131.01104657360847,31.21998979419786,36.80854757007676 131.01104712515314,31.219988043872263,36.272667511151816 131.01104767703595,31.21998629343716,35.73594042772266 131.0110482292411,31.219984542925488,35.198365266024744 131.01104878175215,31.219982792372043,34.65994089275518 131.01104933455184,31.21998104181325,34.1206661109784 131.01104988762236,31.21997929128711,33.58053966410193 131.01105044094547,31.219977540833003,33.039560240846846 131.01105099450228,31.21997579049162,32.49772647524692 131.01105154827357,31.219974040304766,31.955036964542813 131.01105210223963,31.21997229031524,31.41149026818727 131.01105265638057,31.219970540566656,30.867084911821628 131.01105321067612,31.219968791103334,30.32181940417541 131.01105376510594,31.21996704197008,29.77569223507796 131.01105431964947,31.21996529321204,29.22870187943459 131.01105487428612,31.21996354487457,28.68084682108569 131.01105542899515,31.21996179700301,28.132125537894463 131.01105598375617,31.219960049642523,27.582536532565168 131.0110565385486,31.21995830283798,27.032078312760127 131.01105709335215,31.21995655663371,26.48074942589469 131.01105764814693,31.219954811073404,25.92854843925431 131.01105820291306,31.21995306619984,25.375473976778057 131.0110587576312,31.219951322054847,24.821524697187208 131.0110593122824,31.21994957867904,24.266699316851128 131.01105986684803,31.21994783611169,23.71099661177544 131.0110604213102,31.21994609439056,23.15441543052629 131.0110609756513,31.219944353551767,22.596954681306723 131.01106152985457,31.2199426136296,22.03861336874046 131.01106208390362,31.2199408746564,21.479390570012686 131.01106263778303,31.21993913666244,20.919285449782752 131.01106319147772,31.219937399675693,20.35829727907341 131.0110637449736,31.219935663721863,19.79642541439432 131.0110642982572,31.219933928824165,19.233669321601937 131.0110648513158,31.219932195003206,18.670028579876988 131.01106540413747,31.21993046227696,18.10550286581854 131.011065956711,31.2199287306606,17.540091981280785 131.01106650902597,31.21992700016648,16.973795838461555 131.0110670610726,31.21992527080401,16.4066144718329 131.01106761284194,31.219923542579664,15.838548033170976 131.01106816432565,31.21992181549681,15.26959679752157 131.01106871551607,31.21992008955585,14.699761163201217 131.0110692664061,31.219918364753976,14.12904165378595 131.01106981698916,31.219916641085327,13.557438919106326 131.01107036725918,31.219914918540905,12.984953722324285 131.0110709172103,31.219913197108543,12.411586965781945 131.0110714668371,31.219911476773017,11.837339663165968 131.0110720161343,31.21990975751596,11.262212955414975 131.01107256509647,31.21990803931596,10.686208099784489 131.01107311371808,31.219906322148564,10.109326475812743 131.01107366199324,31.21990460598635,9.531569579356493 131.01107420991548,31.21990289079896,8.952939017620906 131.01107475747756,31.219901176553165,8.373436512142938 131.01107530467098,31.21989946321292,7.793063897797819 131.01107585148574,31.219897750739428,7.211823111864 131.01107639791,31.21989603909117,6.629716204959752 131.01107694392925,31.21989432822404,6.046745327125476 131.0110774897448,31.219892618132647,5.4629095753183154 131.01107803534336,31.21989090876914,4.8782112417453245 131.01107858080667,31.21988920010196,4.292651291402971 131.0110791262028,31.219887492095367,3.7062309487665774 131.01107967160067,31.219885784712567,3.1189514681380848 131.01108021707017,31.21988407791571,2.530814139611301 131.01108076268136,31.21988237166618,1.941820274159532 131.0110813085046,31.219880665924617,1.3519712105949675 131.01108185461018,31.2198789606512,0.7612683036387541 131.01108240106782,31.219877255805685,0.1697129249153068</coordinates>
            </LineString>
        </Placemark>
        <Placemark id="537">
            <name>flight_path</name>
            <styleUrl>#538</styleUrl>
            <LineString id="536">
                <altitudeMode>clampToGround</altitudeMode>
                <coordinates>131.010392,31.222216000000007,0.0 131.0103920000045,31.222215999991075,0.0 131.0103920000085,31.222215999994766,0.0 131.0103920000085,31.222215999994766,0.0 131.01039200000852,31.222215999994766,0.0 131.01039201539675,31.22221599246117,0.0 131.0103920617776,31.22221596990869,0.0 131.01039213193175,31.22221593580231,0.0 131.01039220552698,31.222215900001803,0.0 131.0103923261533,31.222215841380503,0.0 131.01039241011944,31.222215800500727,0.0 131.01039255023213,31.22221573238213,0.0 131.0103926908424,31.222215663995925,0.0 131.01039284206664,31.22221559043897,0.0 131.01039301222698,31.2222155076778,0.0 131.01039319835945,31.22221541714896,0.0 131.01039339622227,31.222215320908244,0.0 131.0103936086097,31.222215217601374,0.0 131.01039382835415,31.2222151107022,0.0 131.0103940692252,31.222214993537087,0.0 131.0103943154942,31.22221487372917,0.0 131.0103945800907,31.22221474501192,0.0 131.01039485370347,31.222214611898128,0.0 131.01039513986652,31.222214472675024,0.0 131.01039544418495,31.22221432462593,0.0 131.01039575462735,31.22221417358214,0.0 131.01039608061367,31.222214014978025,0.0 131.01039641907315,31.22221385030192,0.0 131.01039677261693,31.22221367828824,0.0 131.01039713608534,31.22221350143773,0.0 131.010397517966,31.22221331563664,0.0 131.01039790540767,31.22221312711366,0.0 131.01039830590005,31.22221293223868,0.0 131.01039871921526,31.222212731122088,0.0 131.01039914602634,31.222212523437697,0.0 131.0103995843797,31.222212310132328,0.0 131.01040002919007,31.222212093670787,0.0 131.010400488852,31.222211869984235,0.0 131.01040096154043,31.222211639957216,0.0 131.01040144391652,31.222211405208075,0.0 131.01040193996343,31.222211163806087,0.0 131.01040244347448,31.22221091875968,0.0 131.01040295825328,31.222210668225145,0.0 131.01040348638034,31.22221041119396,0.0 131.01040402793237,31.222210147628825,0.0 131.0104045774418,31.22220988018005,0.0 131.0104051377902,31.2222096074508,0.0 131.01040571307726,31.222209327453587,0.0 131.01040630329675,31.222209040191352,0.0 131.01040689520636,31.22220875208352,0.0 131.01040750096558,31.22220845723537,0.0 131.0104081214021,31.222208155245536,0.0 131.01040875222748,31.222207848192888,0.0 131.01040938861175,31.222207538419,0.0 131.0104100415545,31.222207220590928,0.0 131.01041070492113,31.22220689768276,0.0 131.0104113765162,31.222206570758807,0.0 131.0104120627253,31.222206242045488,0.0 131.01041276136124,31.222205905314823,0.0 131.01041347146807,31.222205565315143,0.0 131.01041420149207,31.22220521671871,0.0 131.01041493776742,31.22220486632795,0.0 131.01041568683695,31.222204510926705,0.0 131.01041645222423,31.22220414875448,0.0 131.01041723550264,31.222203778983136,0.0 131.01041801815532,31.22220341084494,0.0 131.01041881669772,31.22220303603432,0.0 131.01041963842044,31.22220265072402,0.0 131.01042046539686,31.222202264032788,0.0 131.01042130028415,31.22220187461653,0.0 131.0104221529871,31.222201477185376,0.0 131.01042302063743,31.2222010731048,0.0 131.0104238959524,31.22220066625439,0.0 131.0104247813715,31.22220025527656,0.0 131.01042568286857,31.22219983668932,0.0 131.01042660051263,31.22219941023293,0.0 131.01042751950703,31.222198984465457,0.0 131.01042845611403,31.22219854971224,0.0 131.01042940348407,31.222198109834057,0.0 131.01043036057632,31.22219766537925,0.0 131.01043132563646,31.222197217379872,0.0 131.01043230827153,31.222196759315,0.0 131.0104333000614,31.222196296508194,0.0 131.01043429600963,31.222195832443745,0.0 131.01043530782695,31.222195358603607,0.0 131.01043633241193,31.22219487674083,0.0 131.01043735827787,31.22219439554248,0.0 131.01043839735323,31.222193905600808,0.0 131.01043944754576,31.22219340803433,0.0 131.01044050479928,31.22219290601784,0.0 131.010441569554,31.222192399045262,0.0 131.0104426443395,31.22219188443625,0.0 131.01044372814755,31.222191362663555,0.0 131.0104448162483,31.22219083827792,0.0 131.01044591497077,31.222190304319188,0.0 131.01044702245397,31.22218976205488,0.0 131.0104481330387,31.222189217888257,0.0 131.01044925470916,31.22218866160709,0.0 131.01045038165483,31.22218809986296,0.0 131.0104515112633,31.22218753634977,0.0 131.01045265073023,31.2221869597884,0.0 131.0104537952011,31.222186376549047,0.0 131.01045494413387,31.22218578728512,0.0 131.01045609890417,31.22218518875788,0.0 131.01045725680515,31.222184585584927,0.0 131.01045841808315,31.22218397690878,0.0 131.01045958581187,31.222183353645224,0.0 131.01046075341037,31.222182732444963,0.0 131.0104619265162,31.22218209603752,0.0 131.0104631023202,31.222181450642832,0.0 131.010464278976,31.22218080352488,0.0 131.01046545791957,31.222180147462343,0.0 131.0104666401003,31.222179470599,0.0 131.0104678220623,31.22217879448169,0.0 131.0104690045582,31.222178118000176,0.0 131.01047018824448,31.222177415193773,0.0 131.01047137151656,31.22217671969964,0.0 131.0104725546591,31.222176011626,0.0 131.01047373535175,31.222175273984828,0.0 131.0104749178271,31.22217456006817,0.0 131.01047609671585,31.222173816341428,0.0 131.0104772718965,31.222173056058576,0.0 131.0104784504036,31.22217231550774,0.0 131.01047961992995,31.222171535548828,0.0 131.0104807897603,31.2221707616246,0.0 131.01048195860983,31.222169985562903,0.0 131.01048311555627,31.222169174036463,0.0 131.0104842756489,31.222168375719665,0.0 131.0104854314415,31.222167566981565,0.0 131.01048657375404,31.22216672690606,0.0 131.01048772182682,31.2221659039763,0.0 131.01048885836795,31.222165056677003,0.0 131.01048998708933,31.22216419587656,0.0 131.01049112010313,31.22216334641613,0.0 131.01049223125818,31.222162456588112,0.0 131.01049334802,31.22216158068773,0.0 131.01049445737215,31.22216069342267,0.0 131.01049554380245,31.22215976930899,0.0 131.01049664121712,31.222158866882463,0.0 131.01049772311583,31.222157941182367,0.0 131.0104987870956,31.22215699025336,0.0 131.01049986138517,31.22215605810455,0.0 131.01050090927103,31.222155088635947,0.0 131.01050195953172,31.222154125766675,0.0 131.01050300362667,31.222153156473315,0.0 131.01050401526027,31.22215214447501,0.0 131.01050504242755,31.2221511570028,0.0 131.01050605257868,31.22215014876086,0.0 131.01050703233562,31.22214910309568,0.0 131.01050803593708,31.2221480916136,0.0 131.01050900000155,31.22214703142824,0.0 131.0105099625395,31.22214597242797,0.0 131.01051092786616,31.22214491952465,0.0 131.01051185131848,31.22214381719285,0.0 131.01051279160447,31.222142738610195,0.0 131.01051371045563,31.222141636345263,0.0 131.01051460772203,31.22214051078813,0.0 131.01051551761867,31.222139403164192,0.0 131.01051638930943,31.222138252509023,0.0 131.0105172683553,31.22213711342211,0.0 131.0105181390902,31.22213596707837,0.0 131.0105189727998,31.22213477983353,0.0 131.0105198235881,31.222133615365955,0.0 131.0105206512123,31.222132426313603,0.0 131.01052146115285,31.222131219227595,0.0 131.01052227944163,31.22213002448885,0.0 131.01052305410354,31.22212878130709,0.0 131.0105238472954,31.22212756236045,0.0 131.01052462226244,31.2221263245676,0.0 131.01052535847623,31.222125043705915,0.0 131.01052612649733,31.22212380276072,0.0 131.01052684782096,31.222122509022256,0.0 131.01052757918185,31.222121229519445,0.0 131.01052829973864,31.222119939486603,0.0 131.01052898885635,31.2221186138526,0.0 131.010529696394,31.222117312710967,0.0 131.01053036737218,31.222115969169085,0.0 131.01053104265432,31.22211463290923,0.0 131.01053171409103,31.222113294034457,0.0 131.01053235045123,31.222111912993977,0.0 131.0105330083595,31.22211056111917,0.0 131.01053363267476,31.222109168043616,0.0 131.01053426067645,31.222107781315376,0.0 131.01053488260072,31.22210638835596,0.0 131.01053547509528,31.222104957393,0.0 131.01053608843645,31.222103556113865,0.0 131.01053666604588,31.22210210697765,0.0 131.0105372563495,31.22210067663106,0.0 131.0105378343488,31.22209923005273,0.0 131.01053839185295,31.222097754278863,0.0 131.01053896628846,31.222096304436185,0.0 131.01053951021652,31.22209480913097,0.0 131.01054006474146,31.22209333039804,0.0 131.01054061007807,31.222091837738272,0.0 131.01054113653055,31.22209031419535,0.0 131.01054168053366,31.22208881972225,0.0 131.01054219631536,31.2220872770476,0.0 131.0105427224379,31.22208575147424,0.0 131.0105432419953,31.22208421375328,0.0 131.01054375128876,31.22208265581212,0.0 131.0105442700099,31.222081114603835,0.0 131.0105447676623,31.22207953046192,0.0 131.01054527730372,31.22207796829944,0.0 131.010545777587,31.22207638486585,0.0 131.01054627444785,31.222074791153688,0.0 131.01054677831593,31.22207321045202,0.0 131.0105472626532,31.22207158110882,0.0 131.01054776330443,31.222069986682538,0.0 131.0105482508577,31.22206835632189,0.0 131.01054874206204,31.2220667302668,0.0 131.0105492356793,31.222065106118126,0.0 131.0105497189965,31.22206344775361,0.0 131.0105502133986,31.22206181500231,0.0 131.0105506973841,31.22206014510758,0.0 131.01055118830274,31.22205848915081,0.0 131.01055167854773,31.22205682407101,0.0 131.0105521648513,31.22205513752685,0.0 131.01055265986332,31.222053472374995,0.0 131.01055314488963,31.222051762697088,0.0 131.01055363952662,31.222050078101727,0.0 131.01055412930643,31.22204836542533,0.0 131.0105546237542,31.22204666002055,0.0 131.0105551207675,31.22204495424384,0.0 131.0105556141728,31.22204322225109,0.0 131.0105561154218,31.222041511094485,0.0 131.0105566090442,31.22203975577172,0.0 131.0105571114055,31.222038025429207,0.0 131.01055761231163,31.22203627682753,0.0 131.0105581134153,31.22203451670694,0.0 131.0105586213865,31.222032774279384,0.0 131.01055912422487,31.22203099762465,0.0 131.0105596312204,31.22202922708908,0.0 131.01056014332684,31.222027466755616,0.0 131.01056065306489,31.222025685308687,0.0 131.01056116200945,31.222023890187792,0.0 131.01056167561427,31.222022103800025,0.0 131.0105621916726,31.222020317150577,0.0 131.01056270565087,31.222018513414216,0.0 131.01056322096684,31.222016706449143,0.0 131.01056373883767,31.22201490078925,0.0 131.0105642581998,31.222013092834267,0.0 131.01056477642672,31.222011274318,0.0 131.01056529603875,31.222009454364592,0.0 131.01056581708824,31.22200763332007,0.0 131.01056633834264,31.22200580779871,0.0 131.01056685985603,31.222003978576485,0.0 131.0105673820872,31.22200214742559,0.0 131.01056790482596,31.22200031413315,0.0 131.0105684269096,31.221998476083822,0.0 131.01056894847943,31.22199663422169,0.0 131.0105694695621,31.2219947890556,0.0 131.01056999079003,31.22199294247505,0.0 131.01057051205035,31.221991094514205,0.0 131.0105710306184,31.221989239504826,0.0 131.0105715492015,31.22198738391952,0.0 131.0105720659696,31.22198552410319,0.0 131.0105725813168,31.221983661310546,0.0 131.01057309436928,31.22198179415971,0.0 131.01057360686443,31.22197992636336,0.0 131.0105741167343,31.221978054249163,0.0 131.0105746240255,31.221976178319743,0.0 131.01057512994134,31.22197430101888,0.0 131.0105756322637,31.22197241870085,0.0 131.01057613074633,31.22197053133553,0.0 131.01057662857912,31.22196864450233,0.0 131.0105771219026,31.22196675200409,0.0 131.010577612666,31.22196485732,0.0 131.0105781005187,31.22196296005941,0.0 131.01057858490688,31.22196105956583,0.0 131.01057906503507,31.221959154849017,0.0 131.01057954174948,31.221957247378864,0.0 131.0105800141475,31.22195533597805,0.0 131.01058048329847,31.22195342236488,0.0 131.01058094842298,31.221951505541487,0.0 131.01058141059275,31.221949587154352,0.0 131.01058186833467,31.221947665243967,0.0 131.01058232096764,31.22194573901036,0.0 131.01058276992654,31.221943810526177,0.0 131.01058321462105,31.221941879053134,0.0 131.0105836550554,31.221939944674794,0.0 131.01058409329403,31.221938010194144,0.0 131.01058452616255,31.221936071438407,0.0 131.0105849563429,31.221934132002644,0.0 131.01058538050702,31.22193218754724,0.0 131.01058580216008,31.22193024267964,0.0 131.01058621743996,31.22192829238209,0.0 131.01058663030997,31.22192634180252,0.0 131.01058703951583,31.221924389296003,0.0 131.0105874433472,31.221922432645847,0.0 131.01058784352165,31.22192047404378,0.0 131.0105882412701,31.22191851503805,0.0 131.01058863332636,31.2219165513748,0.0 131.01058902264828,31.22191458681936,0.0 131.01058940721197,31.22191261869477,0.0 131.0105897888791,31.22191064934533,0.0 131.01059016769088,31.221908678756343,0.0 131.01059054299552,31.2219067059949,0.0 131.01059091486133,31.221904731054305,0.0 131.01059128401533,31.22190275479639,0.0 131.01059165034184,31.22190077696864,0.0 131.0105920146833,31.22189879859245,0.0 131.01059237497395,31.22189681676284,0.0 131.01059273413185,31.221894835307435,0.0 131.0105930896867,31.221892850728374,0.0 131.010593443188,31.221890865006912,0.0 131.01059379628157,31.22188888033291,0.0 131.01059414619576,31.221886892661715,0.0 131.01059449496063,31.22188490470432,0.0 131.01059484333953,31.22188291744684,0.0 131.0105951890548,31.22188092740098,0.0 131.01059553503694,31.221878938722394,0.0 131.0105958793529,31.221876948381706,0.0 131.01059622141452,31.22187495525373,0.0 131.01059656438653,31.221872964055585,0.0 131.0105969068559,31.22187097247281,0.0 131.0105972489413,31.22186898049668,0.0 131.01059758974608,31.2218669864641,0.0 131.01059793093808,31.22186499291353,0.0 131.01059827238848,31.221862999494647,0.0 131.0105986132648,31.221861004594704,0.0 131.01059895483377,31.221859010197903,0.0 131.01059929722587,31.221857016393184,0.0 131.01059963880527,31.221855020037545,0.0 131.01059998258,31.221853026416607,0.0 131.0106003249664,31.221851028722007,0.0 131.01060066920135,31.22184903280707,0.0 131.010601013946,31.22184703599444,0.0 131.01060135966327,31.221845038982423,0.0 131.01060170588676,31.221843040649464,0.0 131.0106020534252,31.22184104245296,0.0 131.01060240239372,31.22183904449765,0.0 131.01060275274853,31.22183704654152,0.0 131.0106031041102,31.22183504759804,0.0 131.0106034577271,31.221833050247763,0.0 131.01060381240163,31.221831051725463,0.0 131.0106041689045,31.221829053600366,0.0 131.0106045272774,31.221827055870616,0.0 131.0106048875381,31.221825058474344,0.0 131.01060524885392,31.221823059327253,0.0 131.0106056130218,31.22182106261546,0.0 131.0106059784301,31.221819064410383,0.0 131.0106063452512,31.221817065007286,0.0 131.0106067143699,31.221815066531114,0.0 131.0106070852716,31.22181306767845,0.0 131.01060745795593,31.22181106840257,0.0 131.01060783224332,31.221809068222484,0.0 131.0106082095446,31.22180707071061,0.0 131.01060858850568,31.221805072446298,0.0 131.01060896933845,31.22180307397196,0.0 131.01060935243433,31.221801076318155,0.0 131.01060973684002,31.22179907709615,0.0 131.01061012395667,31.22179707992696,0.0 131.01061051330672,31.221795083655863,0.0 131.01061090321588,31.22179308413008,0.0 131.010611295032,31.22179108485025,0.0 131.01061168934794,31.221789087376543,0.0 131.01061208479828,31.221787088412604,0.0 131.01061248186537,31.22178508928452,0.0 131.01061288036175,31.221783089658874,0.0 131.0106132801587,31.22178108936146,0.0 131.01061368129007,31.221779088616728,0.0 131.0106140843945,31.22177708905945,0.0 131.01061448878866,31.221775089224604,0.0 131.01061489447716,31.22177308929013,0.0 131.01061530193567,31.22177109047832,0.0 131.01061571064847,31.22176909177393,0.0 131.01061611851125,31.22176708877124,0.0 131.01061652905187,31.221765089309784,0.0 131.0106169402366,31.221763089107352,0.0 131.01061735158615,31.22176108738202,0.0 131.01061776407303,31.22175908632761,0.0 131.0106181773215,31.22175708530949,0.0 131.01061859189977,31.22175508560816,0.0 131.0106190066944,31.22175308518074,0.0 131.01061942136846,31.221751083581538,0.0 131.0106198374839,31.22174908393048,0.0 131.01062025355836,31.221747083557823,0.0 131.01062066880533,31.221745081224142,0.0 131.01062108401325,31.22174307854523,0.0 131.01062150047312,31.22174107792192,0.0 131.01062191682223,31.221739077050824,0.0 131.01062233179303,31.221737073931017,0.0 131.01062274627748,31.221735070268497,0.0 131.0106231606466,31.22173306679453,0.0 131.0106235749612,31.22173106371068,0.0 131.01062398814315,31.22172905938253,0.0 131.01062440207286,31.221727056962724,0.0 131.01062481379964,31.221725051854275,0.0 131.01062522490056,31.22172304670136,0.0 131.01062563450435,31.22172104024433,0.0 131.01062604394758,31.22171903463219,0.0 131.01062645316216,31.221717029820805,0.0 131.01062686026404,31.221715023089388,0.0 131.0106272657524,31.221713015307,0.0 131.01062766873548,31.22171100526277,0.0 131.01062807173204,31.221708996689426,0.0 131.0106284735211,31.221706987863804,0.0 131.0106288715753,31.221704975289725,0.0 131.010629269997,31.22170296485004,0.0 131.0106296653391,31.221700951740623,0.0 131.01063005936902,31.22169893850628,0.0 131.01063045354425,31.221696927180805,0.0 131.0106308457718,31.221694914924583,0.0 131.01063123696483,31.2216929030376,0.0 131.01063162694123,31.221690891302668,0.0 131.0106320156765,31.221688879716687,0.0 131.01063240314943,31.2216868682772,0.0 131.01063278934225,31.22168485698224,0.0 131.01063317424047,31.221682845830447,0.0 131.0106335578329,31.221680834820983,0.0 131.0106339401118,31.22167882395361,0.0 131.01063432107253,31.22167681322854,0.0 131.0106347007138,31.22167480264656,0.0 131.01063507903757,31.22167279220892,0.0 131.0106354560488,31.22167078191735,0.0 131.01063583175562,31.221668771774063,0.0 131.01063620616915,31.22166676178172,0.0 131.01063657930356,31.221664751943376,0.0 131.0106369511758,31.22166274226253,0.0 131.01063732180577,31.221660732743075,0.0 131.01063769121595,31.22165872338921,0.0 131.01063805943167,31.22165671420555,0.0 131.0106384264806,31.221654705197,0.0 131.01063879239305,31.22165269636876,0.0 131.01063915720167,31.221650687726328,0.0 131.01063952094142,31.221648679275464,0.0 131.0106398836493,31.221646671022143,0.0 131.0106402453646,31.221644662972583,0.0 131.01064060612845,31.221642655133174,0.0 131.0106409659838,31.221640647510498,0.0 131.01064132497547,31.221638640111248,0.0 131.01064168314983,31.221636632942303,0.0 131.0106420405548,31.22163462601061,0.0 131.0106423972397,31.221632619323216,0.0 131.01064275325527,31.22163061288725,0.0 131.0106431086533,31.221628606709874,0.0 131.01064346348667,31.221626600798285,0.0 131.0106438178092,31.22162459515969,0.0 131.01064417167555,31.22162258980132,0.0 131.01064452514117,31.22162058473036,0.0 131.010644878262,31.22161857995394,0.0 131.01064523109454,31.221616575479185,0.0 131.01064558369575,31.22161457131313,0.0 131.01064593612267,31.22161256746272,0.0 131.0106462884326,31.22161056393482,0.0 131.0106466406829,31.22160856073617,0.0 131.0106469929308,31.22160655787341,0.0 131.01064734523345,31.221604555353057,0.0 131.0106476976476,31.22160255318145,0.0 131.01064805022975,31.22160055136481,0.0 131.01064840303596,31.2215985499092,0.0 131.01064875612155,31.221596548820465,0.0 131.01064910954133,31.221594548104328,0.0 131.01064946334932,31.221592547766303,0.0 131.0106498175986,31.221590547811715,0.0 131.01065017234154,31.221588548245688,0.0 131.01065052762922,31.22158654907314,0.0 131.01065088351194,31.22158455029877,0.0 131.0106512400386,31.221582551927103,0.0 131.01065159725707,31.2215805539624,0.0 131.01065195521377,31.221578556408687,0.0 131.01065231395373,31.22157655926983,0.0 131.01065267352067,31.221574562549414,0.0 131.0106530339568,31.221572566250813,0.0 131.0106533953027,31.221570570377143,0.0 131.0106537575975,31.221568574931343,0.0 131.01065412087863,31.22156657991604,0.0 131.01065448518185,31.22156458533368,0.0 131.01065485054116,31.22156259118644,0.0 131.01065521698885,31.221560597476287,0.0 131.01065558455542,31.221558604204944,0.0 131.01065595326955,31.221556611373902,0.0 131.01065632315803,31.221554618984424,0.0 131.01065669424588,31.22155262703751,0.0 131.01065706655623,31.221550635533983,0.0 131.0106574401102,31.2215486444744,0.0 131.0106578149272,31.22154665385912,0.0 131.01065819102456,31.221544663688263,0.0 131.01065856841785,31.221542673961736,0.0 131.0106589471205,31.221540684679272,0.0 131.01065932714428,31.221538695840344,0.0 131.01065970849882,31.22153670744425,0.0 131.01066009119202,31.22153471949011,0.0 131.01066047522983,31.2215327319768,0.0 131.01066086061633,31.221530744903056,0.0 131.01066124735377,31.22152875826744,0.0 131.01066163544246,31.22152677206829,0.0 131.0106620248811,31.221524786303835,0.0 131.0106624156664,31.221522800972096,0.0 131.01066280779347,31.221520816070985,0.0 131.0106632012555,31.221518831598235,0.0 131.01066359604417,31.221516847551463,0.0 131.0106639921494,31.22151486392815,0.0 131.01066438955948,31.22151288072564,0.0 131.01066478826118,31.221510897941183,0.0 131.01066518823967,31.22150891557192,0.0 131.01066558947866,31.22150693361488,0.0 131.0106659919604,31.22150495206701,0.0 131.01066639566568,31.221502970925208,0.0 131.010666800574,31.221500990186232,0.0 131.0106672066634,31.221499009846827,0.0 131.01066761391087,31.221497029903663,0.0 131.010668022292,31.221495050353383,0.0 131.01066843178134,31.22149307119256,0.0 131.01066884235223,31.221491092417743,0.0 131.01066925397708,31.22148911402547,0.0 131.01066966662722,31.22148713601226,0.0 131.0106700802731,31.221485158374616,0.0 131.01067049488418,31.221483181109047,0.0 131.01067091042924,31.221481204212065,0.0 131.0106713268762,31.22147922768021,0.0 131.0106717441923,31.22147725151003,0.0 131.01067216234415,31.22147527569812,0.0 131.0106725812977,31.221473300241087,0.0 131.01067300101843,31.2214713251356,0.0 131.01067342147127,31.221469350378364,0.0 131.01067384262083,31.221467375966142,0.0 131.01067426443132,31.22146540189578,0.0 131.01067468686665,31.221463428164142,0.0 131.01067510989049,31.22146145476821,0.0 131.01067553346635,31.221459481705008,0.0 131.01067595755757,31.22145750897166,0.0 131.01067638212743,31.22145553656537,0.0 131.0106768071392,31.22145356448344,0.0 131.01067723255616,31.22145159272323,0.0 131.01067765834168,31.221449621282247,0.0 131.01067808445924,31.22144765015808,0.0 131.01067851087265,31.221445679348367,0.0 131.01067893754583,31.221443708850945,0.0 131.010679364443,31.221441738663668,0.0 131.0106797915288,31.22143976878456,0.0 131.01068021876816,31.22143779921172,0.0 131.0106806461265,31.22143582994336,0.0 131.01068107356974,31.22143386097782,0.0 131.01068150106423,31.22143189231356,0.0 131.01068192857693,31.221429923949124,0.0 131.0106823560754,31.221427955883183,0.0 131.01068278352773,31.22142598811453,0.0 131.01068321090287,31.221424020642047,0.0 131.01068363817035,31.221422053464767,0.0 131.01068406530044,31.22142008658178,0.0 131.01068449226423,31.221418119992336,0.0 131.01068491903357,31.22141615369576,0.0 131.01068534558115,31.221414187691487,0.0 131.0106857718805,31.22141222197906,0.0 131.01068619790607,31.221410256558155,0.0 131.01068662363323,31.22140829142848,0.0 131.01068704903813,31.2214063265899,0.0 131.01068747409803,31.22140436204233,0.0 131.01068789879108,31.22140239778583,0.0 131.0106883230964,31.221400433820484,0.0 131.01068874699405,31.221398470146507,0.0 131.01068917046524,31.22139650676416,0.0 131.01068959349203,31.221394543673803,0.0 131.01069001605762,31.22139258087587,0.0 131.01069043814624,31.221390618370847,0.0 131.01069085974308,31.22138865615929,0.0 131.0106912808345,31.221386694241826,0.0 131.01069170140772,31.221384732619104,0.0 131.01069212145123,31.221382771291857,0.0 131.0106925409544,31.221380810260843,0.0 131.0106929599078,31.221378849526896,0.0 131.01069337830288,31.221376889090816,0.0 131.01069379613227,31.22137492895349,0.0 131.01069421338957,31.221372969115848,0.0 131.01069463006942,31.22137100957876,0.0 131.0106950461675,31.221369050343192,0.0 131.0106954616805,31.22136709141008,0.0 131.01069587660612,31.22136513278035,0.0 131.01069629094303,31.221363174454986,0.0 131.010696704691,31.221361216434893,0.0 131.01069711785055,31.22135925872104,0.0 131.01069753042336,31.221357301314303,0.0 131.01069794241195,31.2213553442156,0.0 131.01069835381975,31.221353387425783,0.0 131.01069876465127,31.221351430945703,0.0 131.01069917491162,31.22134947477615,0.0 131.010699584607,31.221347518917888,0.0 131.01069999374442,31.22134556337163,0.0 131.01070040233165,31.22134360813804,0.0 131.0107008103774,31.221341653217703,0.0 131.01070121789095,31.221339698611214,0.0 131.0107016248826,31.221337744319023,0.0 131.01070203136322,31.221335790341577,0.0 131.0107024373444,31.221333836679168,0.0 131.01070284283853,31.22133188333209,0.0 131.01070324785857,31.221329930300527,0.0 131.0107036524182,31.22132797758457,0.0 131.0107040565317,31.221326025184247,0.0 131.01070446021384,31.22132407309948,0.0 131.0107048634802,31.22132212133013,0.0 131.0107052663467,31.221320169875927,0.0 131.0107056688299,31.221318218736528,0.0 131.01070607094672,31.221316267911497,0.0 131.01070647271467,31.22131431740028,0.0 131.0107068741517,31.22131236720224,0.0 131.01070727527608,31.22131041731663,0.0 131.0107076761066,31.2213084677426,0.0 131.0107080766622,31.2213065184792,0.0 131.01070847696235,31.221304569525365,0.0 131.01070887702684,31.22130262087993,0.0 131.0107092768756,31.22130067254165,0.0 131.0107096765288,31.221298724509115,0.0 131.010710076007,31.22129677678086,0.0 131.01071047533088,31.22129482935532,0.0 131.01071087452124,31.22129288223077,0.0 131.01071127359913,31.22129093540545,0.0 131.0107116725856,31.221288988877447,0.0 131.01071207150198,31.221287042644768,0.0 131.01071247036947,31.22128509670532,0.0 131.01071286920947,31.221283151056888,0.0 131.01071326804336,31.2212812056972,0.0 131.01071366689249,31.22127926062388,0.0 131.0107140657782,31.22127731583444,0.0 131.0107144647218,31.22127537132632,0.0 131.0107148637445,31.22127342709686,0.0 131.0107152628675,31.221271483143333,0.0 131.01071566211183,31.221269539462924,0.0 131.01071606149833,31.22126759605274,0.0 131.0107164610477,31.221265652909807,0.0 131.01071686078055,31.22126371003109,0.0 131.01071726071723,31.221261767413488,0.0 131.01071766087793,31.221259825053817,0.0 131.01071806128246,31.22125788294887,0.0 131.0107184619505,31.22125594109536,0.0 131.0107188629014,31.221253999489925,0.0 131.01071926415426,31.2212520581292,0.0 131.01071966572783,31.221250117009767,0.0 131.0107200676406,31.22124817612815,0.0 131.0107204699106,31.22124623548084,0.0 131.01072087255562,31.22124429506429,0.0 131.01072127559303,31.22124235487498,0.0 131.0107216790398,31.221240414909303,0.0 131.0107220829125,31.22123847516365,0.0 131.0107224872274,31.22123653563444,0.0 131.01072289200016,31.221234596318,0.0 131.01072329724613,31.221232657210752,0.0 131.0107237029802,31.22123071830904,0.0 131.0107241092168,31.221228779609262,0.0 131.01072451596983,31.2212268411078,0.0 131.01072492325275,31.22122490280105,0.0 131.0107253310786,31.221222964685456,0.0 131.0107257394598,31.221221026757444,0.0 131.0107261484084,31.221219089013506,0.0 131.01072655793584,31.221217151450134,0.0 131.01072696805312,31.221215214063875,0.0 131.01072737877067,31.22121327685132,0.0 131.01072779009843,31.221211339809088,0.0 131.01072820204575,31.221209402933884,0.0 131.01072861462154,31.221207466222417,0.0 131.01072902783403,31.221205529671487,0.0 131.01072944169107,31.22120359327796,0.0 131.0107298561999,31.22120165703877,0.0 131.01073027136715,31.22119972095089,0.0 131.010730687199,31.22119778501141,0.0 131.01073110370103,31.221195849217462,0.0 131.01073152087827,31.221193913566303,0.0 131.0107319387353,31.221191978055245,0.0 131.01073235727594,31.221190042681688,0.0 131.0107327765037,31.221188107443147,0.0 131.01073319642137,31.221186172337223,0.0 131.01073361703135,31.221184237361616,0.0 131.0107340383354,31.221182302514137,0.0 131.01073446033473,31.221180367792684,0.0 131.01073488303007,31.221178433195306,0.0 131.0107353064217,31.221176498720133,0.0 131.01073573050925,31.22117456436541,0.0 131.0107361552918,31.22117263012951,0.0 131.01073658076805,31.22117069601094,0.0 131.01073700693613,31.221168762008308,0.0 131.0107374337937,31.22116682812036,0.0 131.01073786133787,31.22116489434597,0.0 131.01073828956535,31.22116296068415,0.0 131.01073871847228,31.22116102713404,0.0 131.01073914805437,31.221159093694904,0.0 131.01073957830687,31.22115716036616,0.0 131.0107400092246,31.22115522714736,0.0 131.01074044080187,31.22115329403818,0.0 131.0107408730326,31.22115136103845,0.0 131.0107413059103,31.221149428148173,0.0 131.010741739428,31.22114749536744,0.0 131.01074217357836,31.22114556269652,0.0 131.01074260835367,31.2211436301358,0.0 131.0107430437458,31.221141697685844,0.0 131.01074347974622,31.22113976534738,0.0 131.01074391634612,31.221137833121222,0.0 131.01074435353618,31.221135901008385,0.0 131.01074479130693,31.22113396901,0.0 131.01074522964842,31.221132037127354,0.0 131.01074566855047,31.22113010536189,0.0 131.01074610800262,31.221128173715183,0.0 131.01074654799393,31.221126242188976,0.0 131.0107469885134,31.22112431078513,0.0 131.01074742954964,31.22112237950568,0.0 131.010747871091,31.22112044835277,0.0 131.01074831312567,31.221118517328726,0.0 131.01074875564154,31.221116586435983,0.0 131.0107491986263,31.221114655677145,0.0 131.01074964206737,31.221112725054912,0.0 131.0107500859521,31.22111079457216,0.0 131.01075053026764,31.221108864231887,0.0 131.0107509750009,31.22110693403724,0.0 131.01075142013866,31.22110500399144,0.0 131.01075186566757,31.2211030740979,0.0 131.0107523115742,31.221101144360123,0.0 131.01075275784495,31.221099214781766,0.0 131.01075320446617,31.221097285366582,0.0 131.01075365142407,31.22109535611843,0.0 131.01075409870484,31.22109342704132,0.0 131.01075454629455,31.221091498139334,0.0 131.01075499417936,31.221089569416687,0.0 131.0107554423452,31.22108764087769,0.0 131.01075589077817,31.221085712526776,0.0 131.0107563394643,31.22108378436844,0.0 131.0107567883895,31.221081856407288,0.0 131.01075723753996,31.22107992864801,0.0 131.01075768690163,31.2210780010954,0.0 131.01075813646077,31.221076073754308,0.0 131.01075858620348,31.221074146629668,0.0 131.01075903611604,31.22107221972649,0.0 131.0107594861848,31.221070293049863,0.0 131.0107599363962,31.22106836660493,0.0 131.01076038673676,31.22106644039689,0.0 131.0107608371932,31.22106451443097,0.0 131.0107612877523,31.221062588712527,0.0 131.010761738401,31.221060663246856,0.0 131.01076218912638,31.22105873803937,0.0 131.01076263991573,31.221056813095505,0.0 131.01076309075643,31.221054888420674,0.0 131.01076354163618,31.221052964020377,0.0 131.0107639925427,31.221051039900097,0.0 131.01076444346415,31.22104911606534,0.0 131.0107648943886,31.221047192521624,0.0 131.01076534530463,31.22104526927445,0.0 131.0107657962009,31.22104334632933,0.0 131.01076624706633,31.22104142369179,0.0 131.0107666978901,31.221039501367283,0.0 131.01076714866167,31.221037579361287,0.0 131.01076759937075,31.22103565767924,0.0 131.0107680500073,31.221033736326543,0.0 131.01076850056162,31.221031815308567,0.0 131.01076895102423,31.221029894630647,0.0 131.01076940138597,31.22102797429804,0.0 131.01076985163803,31.22102605431599,0.0 131.01077030177183,31.221024134689635,0.0 131.01077075177915,31.22102221542408,0.0 131.0107712016521,31.221020296524333,0.0 131.01077165138304,31.22101837799533,0.0 131.0107721009647,31.22101645984196,0.0 131.01077255039016,31.22101454206896,0.0 131.0107729996528,31.221012624681,0.0 131.01077344874645,31.221010707682662,0.0 131.01077389766508,31.22100879107841,0.0 131.01077434640317,31.2210068748726,0.0 131.01077479495552,31.22100495906944,0.0 131.01077524331723,31.221003043673047,0.0 131.01077569148376,31.221001128687423,0.0 131.010776139451,31.2209992141164,0.0 131.0107765872151,31.22099729996368,0.0 131.01077703477267,31.220995386232826,0.0 131.01077748212052,31.22099347292726,0.0 131.01077792925602,31.220991560050223,0.0 131.01077837617677,31.22098964760484,0.0 131.01077882288067,31.22098773559404,0.0 131.01077926936617,31.22098582402056,0.0 131.01077971563188,31.22098391288703,0.0 131.010780161677,31.22098200219584,0.0 131.0107806075008,31.22098009194923,0.0 131.01078105310307,31.22097818214925,0.0 131.010781498484,31.22097627279776,0.0 131.01078194364402,31.2209743638964,0.0 131.01078238858392,31.220972455446663,0.0 131.0107828333049,31.22097054744981,0.0 131.0107832778084,31.22096863990689,0.0 131.01078372209636,31.22096673281876,0.0 131.01078416617088,31.220964826186048,0.0 131.01078461003448,31.2209629200092,0.0 131.01078505369003,31.22096101428842,0.0 131.0107854971406,31.220959109023703,0.0 131.01078594038978,31.220957204214816,0.0 131.01078638344129,31.220955299861323,0.0 131.0107868262992,31.22095339596253,0.0 131.010787268968,31.220951492517568,0.0 131.0107877114523,31.220949589525265,0.0 131.0107881537572,31.220947686984296,0.0 131.0107885958879,31.22094578489307,0.0 131.01078903784995,31.22094388324976,0.0 131.0107894796493,31.22094198205232,0.0 131.01078992129194,31.22094008129846,0.0 131.01079036278432,31.22093818098571,0.0 131.010790804133,31.22093628111128,0.0 131.0107912453449,31.22093438167223,0.0 131.01079168642713,31.220932482665344,0.0 131.01079212738705,31.220930584087192,0.0 131.01079256823223,31.220928685934137,0.0 131.01079300897047,31.22092678820228,0.0 131.0107934496098,31.220924890887503,0.0 131.01079389015845,31.22092299398552,0.0 131.0107943306248,31.220921097491743,0.0 131.0107947710175,31.22091920140144,0.0 131.01079521134528,31.220917305709595,0.0 131.01079565161714,31.22091541041105,0.0 131.0107960918422,31.220913515500392,0.0 131.0107965320297,31.22091162097203,0.0 131.01079697218913,31.22090972682016,0.0 131.01079741233,31.220907833038783,0.0 131.010797852462,31.22090593962172,0.0 131.010798292595,31.220904046562588,0.0 131.0107987327389,31.220902153854823,0.0 131.01079917290372,31.22090026149172,0.0 131.01079961309952,31.22089836946634,0.0 131.0108000533366,31.220896477771632,0.0 131.01080049362525,31.22089458640036,0.0 131.01080093397573,31.220892695345142,0.0 131.01080137439848,31.22089080459844,0.0 131.01080181490403,31.2208889141526,0.0 131.0108022555027,31.220887023999808,0.0 131.01080269620525,31.22088513413213,0.0 131.01080313702204,31.22088324454152,0.0 131.01080357796363,31.2208813552198,0.0 131.01080401904062,31.22087946615873,0.0 131.0108044602636,31.22087757734993,0.0 131.01080490164298,31.22087568878496,0.0 131.01080534318936,31.22087380045527,0.0 131.01080578491312,31.22087191235228,0.0 131.0108062268247,31.22087002446731,0.0 131.01080666893452,31.22086813679165,0.0 131.01080711125277,31.220866249316543,0.0 131.01080755378976,31.220864362033176,0.0 131.0108079965556,31.220862474932737,0.0 131.0108084395603,31.220860588006367,0.0 131.01080888281388,31.22085870124524,0.0 131.01080932632613,31.22085681464048,0.0 131.01080977010676,31.22085492818326,0.0 131.0108102141654,31.22085304186476,0.0 131.01081065851147,31.220851155676183,0.0 131.01081110315437,31.2208492696088,0.0 131.01081154810316,31.2208473836539,0.0 131.01081199336693,31.22084549780285,0.0 131.0108124389545,31.22084361204709,0.0 131.01081288487453,31.220841726378147,0.0 131.01081333113547,31.220839840787608,0.0 131.01081377774568,31.220837955267168,0.0 131.0108142247132,31.22083606980867,0.0 131.01081467204588,31.22083418440404,0.0 131.01081511975147,31.220832299045348,0.0 131.0108155678374,31.22083041372481,0.0 131.01081601631083,31.22082852843477,0.0 131.01081646517886,31.22082664316777,0.0 131.01081691444818,31.22082475791648,0.0 131.01081736412527,31.220822872673786,0.0 131.01081781421647,31.22082098743273,0.0 131.0108182647277,31.220819102186613,0.0 131.01081871566475,31.22081721692887,0.0 131.01081916703302,31.2208153316532,0.0 131.0108196188377,31.22081344635351,0.0 131.01082007108374,31.22081156102396,0.0 131.01082052377575,31.22080967565895,0.0 131.01082097691807,31.22080779025312,0.0 131.0108214305147,31.220805904801384,0.0 131.01082188456942,31.220804019298928,0.0 131.01082233908568,31.2208021337412,0.0 131.01082279406657,31.22080024812395,0.0 131.01082324951503,31.220798362443222,0.0 131.01082370543347,31.220796476695348,0.0 131.0108241618242,31.220794590876963,0.0 131.01082461868907,31.22079270498504,0.0 131.0108250760297,31.22079081901685,0.0 131.0108255338473,31.220788932970013,0.0 131.01082599214288,31.220787046842464,0.0 131.01082645091702,31.220785160632488,0.0 131.01082691017,31.220783274338697,0.0 131.0108273699019,31.22078138796008,0.0 131.01082783011228,31.22077950149593,0.0 131.0108282908005,31.22077761494596,0.0 131.0108287519656,31.22077572831021,0.0 131.01082921360623,31.22077384158909,0.0 131.01082967572083,31.220771954783388,0.0 131.0108301383074,31.22077006789424,0.0 131.01083060136364,31.220768180923187,0.0 131.010831064887,31.220766293872128,0.0 131.01083152887452,31.22076440674336,0.0 131.01083199332305,31.220762519539512,0.0 131.0108324582291,31.220760632263644,0.0 131.01083292358877,31.220758744919166,0.0 131.01083338939796,31.220756857509887,0.0 131.0108338556523,31.220754970039977,0.0 131.010834322347,31.220753082514,0.0 131.0108347894771,31.220751194936888,0.0 131.01083525703734,31.220749307313973,0.0 131.01083572502213,31.22074741965092,0.0 131.01083619342566,31.22074553195379,0.0 131.0108366622418,31.220743644229,0.0 131.01083713146423,31.220741756483367,0.0 131.0108376010863,31.22073986872402,0.0 131.01083807110126,31.220737980958468,0.0 131.01083854150187,31.220736093194585,0.0 131.01083901228083,31.220734205440568,0.0 131.0108394834307,31.220732317704968,0.0 131.01083995494352,31.220730429996653,0.0 131.01084042681143,31.22072854232484,0.0 131.0108408990263,31.220726654699057,0.0 131.01084137157972,31.220724767129138,0.0 131.01084184446307,31.220722879625217,0.0 131.01084231766777,31.22072099219776,0.0 131.01084279118484,31.22071910485745,0.0 131.01084326500535,31.22071721761534,0.0 131.01084373912008,31.220715330482665,0.0 131.01084421351976,31.220713443470952,0.0 131.01084468819502,31.220711556591983,0.0 131.01084516313628,31.22070966985776,0.0 131.010845638334,31.220707783280503,0.0 131.01084611377843,31.220705896872666,0.0 131.01084658945985,31.22070401064688,0.0 131.01084706536838,31.22070212461597,0.0 131.01084754149414,31.22070023879294,0.0 131.0108480178272,31.22069835319092,0.0 131.01084849435767,31.2206964678232,0.0 131.01084897107552,31.220694582703207,0.0 131.01084944797077,31.22069269784449,0.0 131.0108499250335,31.22069081326069,0.0 131.01085040225377,31.22068892896552,0.0 131.01085087962173,31.22068704497278,0.0 131.01085135712745,31.220685161296327,0.0 131.0108518347612,31.220683277950062,0.0 131.01085231251326,31.22068139494788,0.0 131.01085279037403,31.220679512303704,0.0 131.01085326833393,31.22067763003144,0.0 131.0108537463836,31.220675748144977,0.0 131.0108542245137,31.22067386665815,0.0 131.01085470271508,31.22067198558472,0.0 131.01085518097867,31.22067010493839,0.0 131.0108556592957,31.22066822473274,0.0 131.0108561376574,31.22066634498126,0.0 131.0108566160553,31.220664465697286,0.0 131.01085709448108,31.22066258689403,0.0 131.01085757292662,31.2206607085845,0.0 131.01085805138402,31.22065883078153,0.0 131.0108585298456,31.22065695349777,0.0 131.01085900830395,31.2206550767456,0.0 131.01085948675188,31.22065320053722,0.0 131.01085996518245,31.22065132488452,0.0 131.010860443589,31.22064944979914,0.0 131.01086092196508,31.22064757529242,0.0 131.01086140030463,31.2206457013754,0.0 131.0108618786018,31.22064382805877,0.0 131.01086235685108,31.220641955352896,0.0 131.01086283504722,31.22064008326776,0.0 131.01086331318538,31.22063821181299,0.0 131.01086379126093,31.220636340997807,0.0 131.0108642692697,31.220634470831023,0.0 131.01086474720765,31.22063260132104,0.0 131.01086522507137,31.22063073247577,0.0 131.0108657028576,31.220628864302736,0.0 131.0108661805634,31.22062699680896,0.0 131.01086665818636,31.22062513000097,0.0 131.0108671357243,31.220623263884807,0.0 131.01086761317544,31.220621398466022,0.0 131.0108680905383,31.22061953374961,0.0 131.010868567812,31.22061766974007,0.0 131.0108690449957,31.220615806441312,0.0 131.01086952208925,31.220613943856737,0.0 131.01086999909268,31.22061208198916,0.0 131.01087047600643,31.220610220840832,0.0 131.01087095283145,31.220608360413404,0.0 131.0108714295689,31.22060650070795,0.0 131.01087190622047,31.220604641724965,0.0 131.01087238278808,31.22060278346432,0.0 131.01087285927412,31.22060092592528,0.0 131.0108733356813,31.2205990691065,0.0 131.01087381201285,31.22059721300604,0.0 131.0108742882721,31.220595357621303,0.0 131.010874764463,31.220593502949114,0.0 131.01087524058974,31.22059164898564,0.0 131.01087571665687,31.22058979572646,0.0 131.0108761926694,31.220587943166525,0.0 131.01087666863253,31.22058609130013,0.0 131.01087714455187,31.220584240121017,0.0 131.01087762043352,31.22058238962228,0.0 131.0108780962836,31.220580539796384,0.0 131.0108785721088,31.22057869063526,0.0 131.01087904791595,31.22057684213018,0.0 131.0108795237124,31.22057499427186,0.0 131.01087999950556,31.22057314705044,0.0 131.01088047530328,31.22057130045548,0.0 131.01088095111365,31.22056945447599,0.0 131.010881426945,31.220567609100428,0.0 131.010881902806,31.22056576431672,0.0 131.01088237870547,31.220563920112287,0.0 131.01088285465255,31.22056207647403,0.0 131.01088333065653,31.22056023338836,0.0 131.01088380672687,31.22055839084124,0.0 131.01088428287335,31.22055654881814,0.0 131.0108847591059,31.220554707304125,0.0 131.01088523543456,31.22055286628383,0.0 131.01088571186955,31.220551025741496,0.0 131.01088618842135,31.220549185660992,0.0 131.01088666510043,31.220547346025835,0.0 131.0108871419174,31.22054550681922,0.0 131.01088761888303,31.220543668024007,0.0 131.01088809600813,31.220541829622807,0.0 131.01088857330356,31.220539991597963,0.0 131.0108890507803,31.22053815393158,0.0 131.01088952844927,31.220536316605585,0.0 131.01089000632155,31.220534479601703,0.0 131.01089048440812,31.22053264290152,0.0 131.01089096272,31.2205308064865,0.0 131.01089144126814,31.22052897033804,0.0 131.01089192006353,31.220527134437425,0.0 131.01089239911704,31.220525298765967,0.0 131.0108928784395,31.220523463304968,0.0 131.01089335804153,31.22052162803572,0.0 131.0108938379338,31.22051979293961,0.0 131.01089431812676,31.220517957998126,0.0 131.0108947986308,31.22051612319285,0.0 131.01089527945612,31.22051428850557,0.0 131.01089576061267,31.2205124539182,0.0 131.0108962421104,31.220510619412902,0.0 131.01089672395884,31.220508784972115,0.0 131.0108972061674,31.220506950578525,0.0 131.0108976887452,31.22050511621516,0.0 131.0108981717012,31.22050328186539,0.0 131.01089865504403,31.22050144751295,0.0 131.01089913878215,31.220499613142,0.0 131.01089962292355,31.220497778737126,0.0 131.01090010747603,31.2204959442834,0.0 131.01090059244703,31.22049410976636,0.0 131.01090107784364,31.22049227517213,0.0 131.0109015636726,31.22049044048736,0.0 131.01090204994034,31.22048860569925,0.0 131.01090253665282,31.220486770795663,0.0 131.01090302381576,31.220484935765107,0.0 131.01090351143435,31.220483100596702,0.0 131.01090399951354,31.22048126528029,0.0 131.01090448805766,31.22047942980645,0.0 131.0109049770707,31.220477594166443,0.0 131.01090546655627,31.22047575835232,0.0 131.0109059565175,31.22047392235689,0.0 131.010906446957,31.22047208617381,0.0 131.01090693787705,31.22047024979748,0.0 131.01090742927943,31.22046841322319,0.0 131.01090792116543,31.22046657644704,0.0 131.0109084135359,31.220464739466014,0.0 131.01090890639117,31.22046290227797,0.0 131.01090939973113,31.220461064881647,0.0 131.01090989355507,31.220459227276688,0.0 131.01091038786214,31.22045738946364,0.0 131.0109108826506,31.220455551443944,0.0 131.01091137791846,31.22045371321998,0.0 131.01091187366325,31.22045187479507,0.0 131.0109123698819,31.220450036173407,0.0 131.01091286657106,31.220448197360163,0.0 131.01091336372667,31.220446358361382,0.0 131.01091386134436,31.22044451918408,0.0 131.0109143594193,31.22044267983615,0.0 131.01091485794615,31.22044084032642,0.0 131.01091535691918,31.22043900066461,0.0 131.01091585633216,31.220437160861337,0.0 131.01091635617843,31.220435320928107,0.0 131.01091685645108,31.22043348087725,0.0 131.01091735714246,31.22043164072204,0.0 131.01091785824482,31.220429800476488,0.0 131.0109183597499,31.220427960155487,0.0 131.01091886164917,31.220426119774693,0.0 131.01091936393357,31.220424279350567,0.0 131.01091986659384,31.220422438900307,0.0 131.01092036962032,31.22042059844184,0.0 131.01092087300307,31.2204187579938,0.0 131.01092137673183,31.22041691757548,0.0 131.0109218807962,31.220415077206816,0.0 131.01092238518527,31.22041323690839,0.0 131.0109228898882,31.220411396701312,0.0 131.01092339489367,31.220409556607265,0.0 131.01092390019025,31.220407716648424,0.0 131.0109244057664,31.22040587684745,0.0 131.01092491161037,31.220404037227425,0.0 131.01092541771033,31.220402197811826,0.0 131.01092592405422,31.220400358624456,0.0 131.0109264306301,31.220398519689475,0.0 131.01092693742572,31.220396681031257,0.0 131.010927444429,31.220394842674445,0.0 131.0109279516277,31.2203930046438,0.0 131.01092845900973,31.220391166964248,0.0 131.01092896656294,31.220389329660808,0.0 131.01092947427523,31.220387492758505,0.0 131.01092998213468,31.220385656282367,0.0 131.01093049012934,31.220383820257343,0.0 131.01093099824746,31.2203819847083,0.0 131.0109315064775,31.220380149659903,0.0 131.01093201480805,31.22037831513663,0.0 131.0109325232279,31.22037648116272,0.0 131.01093303172607,31.22037464776204,0.0 131.01093354029183,31.220372814958164,0.0 131.0109340489148,31.220370982774213,0.0 131.01093455758476,31.220369151232862,0.0 131.01093506629192,31.22036732035628,0.0 131.01093557502682,31.22036549016609,0.0 131.01093608378028,31.22036366068328,0.0 131.01093659254357,31.220361831928184,0.0 131.01093710130837,31.220360003920494,0.0 131.0109376100668,31.22035817667909,0.0 131.01093811881137,31.220356350222136,0.0 131.01093862753507,31.220354524566886,0.0 131.01093913623137,31.22035269972977,0.0 131.0109396448941,31.22035087572629,0.0 131.0109401535179,31.220349052571,0.0 131.01094066209765,31.22034723027745,0.0 131.01094117062885,31.2203454088582,0.0 131.01094167910756,31.22034358832469,0.0 131.01094218753036,31.220341768687323,0.0 131.01094269589444,31.22033994995536,0.0 131.01094320419753,31.220338132136888,0.0 131.01094371243795,31.220336315238846,0.0 131.0109442206146,31.22033449926697,0.0 131.01094472872694,31.220332684225777,0.0 131.01094523677503,31.220330870118524,0.0 131.01094574475962,31.22032905694721,0.0 131.01094625268195,31.220327244712603,0.0 131.0109467605439,31.22032543341416,0.0 131.0109472683479,31.220323623050035,0.0 131.01094777609703,31.22032181361712,0.0 131.01094828379496,31.220320005110985,0.0 131.01094879144588,31.22031819752593,0.0 131.01094929905463,31.220316390854936,0.0 131.01094980662663,31.22031458508972,0.0 131.01095031416776,31.22031278022068,0.0 131.0109508216845,31.220310976236977,0.0 131.0109513291839,31.22030917312654,0.0 131.0109518366735,31.22030737087604,0.0 131.01095234416144,31.220305569470938,0.0 131.0109528516561,31.220303768895526,0.0 131.01095335916668,31.220301969132905,0.0 131.01095386670264,31.22030017016508,0.0 131.0109543742739,31.220298371972955,0.0 131.01095488189085,31.22029657453636,0.0 131.01095538956417,31.22029477783411,0.0 131.0109558973051,31.220292981844057,0.0 131.01095640512517,31.22029118654312,0.0 131.01095691303615,31.220289391907315,0.0 131.01095742105016,31.220287597911828,0.0 131.01095792917965,31.220285804531063,0.0 131.01095843743727,31.220284011738727,0.0 131.01095894583597,31.22028221950781,0.0 131.01095945438885,31.22028042781072,0.0 131.0109599631091,31.22027863661929,0.0 131.0109604720101,31.22027684590492,0.0 131.01096098110548,31.220275055638528,0.0 131.01096149040876,31.22027326579072,0.0 131.01096199993358,31.220271476331817,0.0 131.0109625096936,31.220269687231887,0.0 131.0109630197024,31.220267898460907,0.0 131.01096352997365,31.22026610998876,0.0 131.0109640405208,31.22026432178531,0.0 131.01096455135723,31.22026253382053,0.0 131.01096506249615,31.220260746064543,0.0 131.01096557395067,31.22025895848768,0.0 131.01096608573374,31.220257171060577,0.0 131.01096659785776,31.22025538375425,0.0 131.0109671103352,31.22025359654016,0.0 131.01096762317803,31.22025180939031,0.0 131.01096813639802,31.22025002227728,0.0 131.0109686500064,31.22024823517433,0.0 131.01096916401417,31.22024644805548,0.0 131.01096967843185,31.220244660895503,0.0 131.01097019326943,31.22024287367016,0.0 131.01097070853663,31.220241086356047,0.0 131.01097122424235,31.22023929893087,0.0 131.0109717403953,31.22023751137336,0.0 131.01097225700343,31.22023572366341,0.0 131.01097277407408,31.22023393578212,0.0 131.01097329161416,31.22023214771184,0.0 131.01097380962986,31.220230359436226,0.0 131.01097432812682,31.22022857094032,0.0 131.01097484710982,31.22022678221055,0.0 131.01097536658318,31.22022499323481,0.0 131.0109758865505,31.22022320400252,0.0 131.01097640701468,31.220221414504586,0.0 131.0109769279777,31.220219624733527,0.0 131.0109774494412,31.22021783468343,0.0 131.01097797140588,31.220216044350057,0.0 131.01097849387168,31.220214253730767,0.0 131.0109790168378,31.220212462824616,0.0 131.01097954030288,31.22021067163234,0.0 131.01098006426471,31.220208880156378,0.0 131.01098058872023,31.22020708840084,0.0 131.01098111366585,31.220205296371542,0.0 131.0109816390971,31.22020350407604,0.0 131.010982165009,31.220201711523515,0.0 131.01098269139555,31.22019991872485,0.0 131.0109832182503,31.2201981256926,0.0 131.01098374556608,31.22019633244094,0.0 131.01098427333488,31.22019453898564,0.0 131.01098480154823,31.220192745344097,0.0 131.01098533019703,31.220190951535194,0.0 131.0109858592714,31.220189157579348,0.0 131.01098638876107,31.22018736349844,0.0 131.01098691865505,31.22018556931573,0.0 131.0109874489419,31.22018377505586,0.0 131.0109879796096,31.22018198074476,0.0 131.01098851064577,31.220180186409618,0.0 131.0109890420375,31.22017839207876,0.0 131.01098957377135,31.220176597781634,0.0 131.0109901058338,31.22017480354872,0.0 131.01099063821076,31.220173009411468,0.0 131.01099117088776,31.22017121540215,0.0 131.01099170385027,31.220169421553884,0.0 131.01099223708357,31.220167627900462,0.0 131.0109927705724,31.22016583447632,0.0 131.0109933043017,31.220164041316377,0.0 131.0109938382562,31.220162248456035,0.0 131.01099437242044,31.220160455931,0.0 131.0109949067791,31.22015866377721,0.0 131.0109954413169,31.220156872030792,0.0 131.0109959760184,31.220155080727867,0.0 131.01099651086847,31.22015328990452,0.0 131.01099704585224,31.220151499596646,0.0 131.0109975809546,31.220149709839912,0.0 131.01099811616115,31.2201479206696,0.0 131.01099865145758,31.22014613212052,0.0 131.0109991868298,31.220144344226888,0.0 131.01099972226427,31.22014255702232,0.0 131.01100025774772,31.220140770539583,0.0 131.0110007932674,31.22013898481058,0.0 131.0110013288111,31.220137199866304,0.0 131.01100186436693,31.220135415736603,0.0 131.01100239992374,31.220133632450203,0.0 131.01100293547103,31.22013185003461,0.0 131.0110034709986,31.220130068515942,0.0 131.01100400649727,31.220128287918914,0.0 131.0110045419584,31.22012650826674,0.0 131.01100507737397,31.22012472958105,0.0 131.01100561273688,31.22012295188184,0.0 131.0110061480406,31.220121175187327,0.0 131.0110066832796,31.220119399514008,0.0 131.011007218449,31.220117624876487,0.0 131.0110077535447,31.22011585128747,0.0 131.0110082885637,31.220114078757742,0.0 131.01100882350343,31.22011230729604,0.0 131.01100935836257,31.22011053690912,0.0 131.01100989314045,31.220108767601616,0.0 131.0110104278373,31.22010699937612,0.0 131.01101096245432,31.220105232233085,0.0 131.01101149699332,31.220103466170823,0.0 131.01101203145734,31.22010170118556,0.0 131.0110125658499,31.220099937271325,0.0 131.0110131001757,31.22009817442007,0.0 131.01101363444005,31.220096412621583,0.0 131.0110141686492,31.220094651863608,0.0 131.01101470281014,31.220092892131785,0.0 131.01101523693066,31.220091133409703,0.0 131.01101577101943,31.220089375678995,0.0 131.01101630508555,31.22008761891931,0.0 131.0110168391393,31.22008586310844,0.0 131.01101737319112,31.220084108222245,0.0 131.0110179072526,31.22008235423495,0.0 131.01101844133547,31.220080601118948,0.0 131.01101897545254,31.22007884884512,0.0 131.01101950961663,31.22007709738272,0.0 131.0110200438416,31.220075346699616,0.0 131.0110205781412,31.220073596762287,0.0 131.01102111253013,31.22007184753601,0.0 131.01102164702303,31.220070098984863,0.0 131.0110221816352,31.220068351071927,0.0 131.01102271638192,31.220066603759328,0.0 131.01102325127894,31.22006485700844,0.0 131.01102378634192,31.220063110779908,0.0 131.01102432158697,31.220061365033875,0.0 131.01102485702992,31.22005961973001,0.0 131.01102539268683,31.220057874827724,0.0 131.0110259285736,31.22005613028625,0.0 131.01102646470616,31.2200543860648,0.0 131.0110270011002,31.22005264212269,0.0 131.01102753777113,31.220050898419498,0.0 131.01102807473433,31.220049154915177,0.0 131.0110286120045,31.22004741157018,0.0 131.0110291495964,31.22004566834564,0.0 131.01102968752403,31.22004392520348,0.0 131.01103022580105,31.22004218210652,0.0 131.01103076444068,31.220040439018664,0.0 131.01103130345538,31.220038695904968,0.0 131.0110318428571,31.220036952731835,0.0 131.01103238265728,31.220035209467056,0.0 131.0110329228662,31.22003346607997,0.0 131.0110334634939,31.22003172254162,0.0 131.0110340045493,31.220029978824765,0.0 131.01103454604055,31.22002823490404,0.0 131.0110350879752,31.22002649075609,0.0 131.0110356303595,31.220024746359588,0.0 131.0110361731989,31.220023001695345,0.0 131.01103671649813,31.2200212567464,0.0 131.0110372602607,31.22001951149809,0.0 131.0110378044892,31.220017765938103,0.0 131.01103834918516,31.220016020056537,0.0 131.01103889434916,31.22001427384596,0.0 131.01103943998072,31.2200125273014,0.0 131.0110399860782,31.22001078042044,0.0 131.01104053263907,31.22000903320321,0.0 131.01104107965966,31.220007285652382,0.0 131.0110416271353,31.22000553777324,0.0 131.01104217506017,31.220003789573543,0.0 131.01104272342752,31.22000204106368,0.0 131.01104327222947,31.220000292256493,0.0 131.01104382145732,31.219998543167364,0.0 131.01104437110124,31.21999679381408,0.0 131.01104492115047,31.219995044216844,0.0 131.0110454715933,31.21999329439817,0.0 131.0110460224171,31.219991544382847,0.0 131.01104657360847,31.21998979419786,0.0 131.01104712515314,31.219988043872263,0.0 131.01104767703595,31.21998629343716,0.0 131.0110482292411,31.219984542925488,0.0 131.01104878175215,31.219982792372043,0.0 131.01104933455184,31.21998104181325,0.0 131.01104988762236,31.21997929128711,0.0 131.01105044094547,31.219977540833003,0.0 131.01105099450228,31.21997579049162,0.0 131.01105154827357,31.219974040304766,0.0 131.01105210223963,31.21997229031524,0.0 131.01105265638057,31.219970540566656,0.0 131.01105321067612,31.219968791103334,0.0 131.01105376510594,31.21996704197008,0.0 131.01105431964947,31.21996529321204,0.0 131.01105487428612,31.21996354487457,0.0 131.01105542899515,31.21996179700301,0.0 131.01105598375617,31.219960049642523,0.0 131.0110565385486,31.21995830283798,0.0 131.01105709335215,31.21995655663371,0.0 131.01105764814693,31.219954811073404,0.0 131.01105820291306,31.21995306619984,0.0 131.0110587576312,31.219951322054847,0.0 131.0110593122824,31.21994957867904,0.0 131.01105986684803,31.21994783611169,0.0 131.0110604213102,31.21994609439056,0.0 131.0110609756513,31.219944353551767,0.0 131.01106152985457,31.2199426136296,0.0 131.01106208390362,31.2199408746564,0.0 131.01106263778303,31.21993913666244,0.0 131.01106319147772,31.219937399675693,0.0 131.0110637449736,31.219935663721863,0.0 131.0110642982572,31.219933928824165,0.0 131.0110648513158,31.219932195003206,0.0 131.01106540413747,31.21993046227696,0.0 131.011065956711,31.2199287306606,0.0 131.01106650902597,31.21992700016648,0.0 131.0110670610726,31.21992527080401,0.0 131.01106761284194,31.219923542579664,0.0 131.01106816432565,31.21992181549681,0.0 131.01106871551607,31.21992008955585,0.0 131.0110692664061,31.219918364753976,0.0 131.01106981698916,31.219916641085327,0.0 131.01107036725918,31.219914918540905,0.0 131.0110709172103,31.219913197108543,0.0 131.0110714668371,31.219911476773017,0.0 131.0110720161343,31.21990975751596,0.0 131.01107256509647,31.21990803931596,0.0 131.01107311371808,31.219906322148564,0.0 131.01107366199324,31.21990460598635,0.0 131.01107420991548,31.21990289079896,0.0 131.01107475747756,31.219901176553165,0.0 131.01107530467098,31.21989946321292,0.0 131.01107585148574,31.219897750739428,0.0 131.01107639791,31.21989603909117,0.0 131.01107694392925,31.21989432822404,0.0 131.0110774897448,31.219892618132647,0.0 131.01107803534336,31.21989090876914,0.0 131.01107858080667,31.21988920010196,0.0 131.0110791262028,31.219887492095367,0.0 131.01107967160067,31.219885784712567,0.0 131.01108021707017,31.21988407791571,0.0 131.01108076268136,31.21988237166618,0.0 131.0110813085046,31.219880665924617,0.0 131.01108185461018,31.2198789606512,0.0 131.01108240106782,31.219877255805685,0.0</coordinates>
            </LineString>
        </Placemark>
    </Document>
</kml>
