<?xml version="1.0" encoding="UTF-8"?>
<kml xmlns="http://www.opengis.net/kml/2.2" xmlns:gx="http://www.google.com/kml/ext/2.2">
    <Document id="1859">
        <Style id="1862">
            <LineStyle id="1863">
                <color>ff0000ff</color>
                <colorMode>normal</colorMode>
                <width>3</width>
            </LineStyle>
        </Style>
        <Style id="1866">
            <LineStyle id="1867">
                <color>ff00ff00</color>
                <colorMode>normal</colorMode>
                <width>3</width>
            </LineStyle>
        </Style>
        <Placemark id="1861">
            <name>flight_path</name>
            <styleUrl>#1862</styleUrl>
            <LineString id="1860">
                <altitudeMode>relativeToGround</altitudeMode>
                <coordinates>131.010392,31.222216000000007,3.000000004412624 131.0103920000045,31.222215999991075,3.0000027652305543 131.0103920000085,31.222215999994766,3.0000030853541984 131.0103920000085,31.222215999994766,3.0000030853541984 131.01039200000852,31.222215999994766,3.0000030853541984 131.01039201539675,31.22221599246117,3.0023884986471163 131.0103920617776,31.22221596990869,3.015331231721257 131.01039213193175,31.22221593580231,3.0351264363252404 131.01039220552698,31.222215900001803,3.055106219166761 131.0103923261533,31.222215841380503,3.090004394730484 131.01039241011944,31.222215800500727,3.1115340872331685 131.01039255023213,31.22221573238213,3.151063460926564 131.0103926908424,31.222215663995925,3.189784893121109 131.01039284206664,31.22221559043897,3.23111772340097 131.01039301222698,31.2222155076778,3.2778754514712065 131.01039319835945,31.22221541714896,3.329057119327625 131.01039339622227,31.222215320908244,3.383229829375461 131.0103936086097,31.222215217601374,3.4413386621870097 131.01039382835415,31.2222151107022,3.500962017738751 131.0103940692252,31.222214993537087,3.566754013292423 131.0103943154942,31.22221487372917,3.6334003425495367 131.0103945800907,31.22221474501192,3.705270765720048 131.01039485370347,31.222214611898128,3.779219998303775 131.01039513986652,31.222214472675024,3.856442763351153 131.01039544418495,31.22221432462593,3.9388336136528577 131.01039575462735,31.22221417358214,4.022328928820314 131.01039608061367,31.222214014978025,4.110111315127456 131.01039641907315,31.22221385030192,4.20114441129061 131.01039677261693,31.22221367828824,4.296310626724281 131.01039713608534,31.22221350143773,4.393868548192477 131.010397517966,31.22221331563664,4.496683993164735 131.01039790540767,31.22221312711366,4.600420125064151 131.01039830590005,31.22221293223868,4.707604968129808 131.01039871921526,31.222212731122088,4.8181619013200345 131.01039914602634,31.222212523437697,4.932317992273902 131.0103995843797,31.222212310132328,5.049414803571431 131.01040002919007,31.222212093670787,5.167739039340097 131.010400488852,31.222211869984235,5.290119088179969 131.01040096154043,31.222211639957216,5.415939478570699 131.01040144391652,31.222211405208075,5.544076156420129 131.01040193996343,31.222211163806087,5.675869112702848 131.01040244347448,31.22221091875968,5.809230869593894 131.01040295825328,31.222210668225145,5.945439804389508 131.01040348638034,31.22221041119396,6.085193185839201 131.01040402793237,31.222210147628825,6.228514853755213 131.0104045774418,31.22220988018005,6.373570321964543 131.0104051377902,31.2222096074508,6.521325187598352 131.01040571307726,31.222209327453587,6.673149607941206 131.01040630329675,31.222209040191352,6.829037586096744 131.01040689520636,31.22220875208352,6.984563197684807 131.01040750096558,31.22220845723537,7.143787353550456 131.0104081214021,31.222208155245536,7.306979827983644 131.01040875222748,31.222207848192888,7.472708023785239 131.01040938861175,31.222207538419,7.639365051166282 131.0104100415545,31.222207220590928,7.810603337186065 131.01041070492113,31.22220689768276,7.98437975261839 131.0104113765162,31.222206570758807,8.159965504549577 131.01041206172027,31.22220623933769,8.33913983713323 131.01041275739803,31.22220590217701,8.520127476248492 131.01041346414237,31.222205560550908,8.703861932331712 131.01041418959443,31.222205210328216,8.892525240984954 131.0104149202047,31.222204858141648,9.081704159873576 131.01041566253605,31.22220450078979,9.273558137166075 131.01041642012822,31.222204136534792,9.46924009034147 131.0104171945819,31.222203764573383,9.669267525528475 131.01041796725954,31.22220339405348,9.867533265907875 131.0104187548251,31.222203016764787,10.069501192820688 131.0104195647187,31.222202628973577,10.277602727831528 131.01042037879213,31.222202239666856,10.48589220243956 131.0104211997329,31.22220184751676,10.695254099095395 131.01042203771553,31.2222014473767,10.909028052230164 131.01042288989157,31.22220104061745,11.126284762217532 131.010423748783,31.22220063101813,11.34457083545548 131.01042461693132,31.2222002172697,11.564725768990588 131.01042550065768,31.222199796049825,11.788842819162571 131.01042640017337,31.22219936715668,12.017006344946136 131.01042729985713,31.222198938774497,12.244047989313364 131.0104282170532,31.22219850170432,12.47572968967434 131.01042914459364,31.222198059660023,12.709686780747692 131.010430081416,31.222197613176,12.945573973448548 131.0104310256575,31.22219716323561,13.182775315920948 131.0104319880955,31.222196703790065,13.424935276691077 131.01043295954352,31.222196239842013,13.668980142349564 131.0104339343359,31.222195774608167,13.912988999299577 131.01043492599445,31.22219530027559,14.161582231028584 131.0104359312771,31.2221948185262,14.413694258576912 131.01043693669783,31.22219433727916,14.664692877409951 131.0104379565289,31.22219384800917,14.919516467810496 131.0104389886306,31.22219335179925,15.17746948485808 131.0104400281693,31.222192851528025,15.436884110686496 131.01044107578332,31.22219234675612,15.69799619178748 131.01044213497315,31.222191835141075,15.962075403855884 131.01044320475887,31.222191317150248,16.228811878995764 131.01044427891844,31.222190796801502,16.495987031562848 131.010445366391,31.22219026803316,16.766860430190146 131.0104464650963,31.22218973201481,17.040732160389275 131.01044756691957,31.22218919430524,17.314633702131786 131.01044868414675,31.222188646130416,17.593149190384533 131.01044980839183,31.222188093258296,17.873205136416008 131.01045093538963,31.22218753883533,18.153188957263986 131.01045207768647,31.22218697331392,18.4379222406354 131.0104532277041,31.222186402152257,18.72456955552469 131.0104543846417,31.22218582591145,19.012837003333708 131.01045555167465,31.22218524190592,19.30401110786223 131.01045672382017,31.222184654021422,19.59615716044308 131.0104579018493,31.222184061554486,19.88960153800627 131.01045909418644,31.222183457033463,20.187838185134456 131.010460284817,31.222182854221824,20.48433719967467 131.01046148963505,31.222182238928013,20.785711910196767 131.0104627024485,31.222181616316725,21.08947674808834 131.01046391689567,31.22218099231584,21.39292771152324 131.01046513906857,31.22218036105508,21.698704989002582 131.01046637812644,31.22217971299017,22.010950704417308 131.01046761639887,31.22217906557472,22.321911861431296 131.01046885514072,31.222178417871728,22.63206806873611 131.01047011357687,31.222177749061384,22.950300476092053 131.0104713663582,31.222177086162027,23.265008557735552 131.01047262809294,31.22217641322983,23.582970461734696 131.01047390976626,31.22217571678321,23.909642870654185 131.01047517515462,31.222175039270216,24.22752523657272 131.01047646001228,31.222174338098053,24.554061186462008 131.01047775466,31.22217362387415,24.88475240630653 131.01047903680615,31.22217292532076,25.208208513050447 131.01048034231684,31.22217219565268,25.54289618317348 131.01048164353867,31.222171470824566,25.87460960615841 131.0104829456643,31.22217074435704,26.20595360820172 131.0104842666752,31.22216999001075,26.546846764967484 131.01048557980835,31.222169246135493,26.882699508523164 131.01048689798355,31.2221684941158,27.22058117200436 131.01048823121073,31.22216771752901,27.56643976071929 131.0104895551688,31.22216695448644,27.90625261198116 131.01049089024434,31.22216617236424,28.251934347051048 131.0104922306612,31.222165379711218,28.600273462885568 131.0104935651768,31.22216459603403,28.944350626668427 131.01049491669963,31.222163780728508,29.29846558264948 131.0104962611787,31.22216297643393,29.647608334100013 131.01049760970238,31.22216216328829,29.99874736815028 131.01049897217686,31.222161321260604,30.358630135165605 131.010500324939,31.222160496352817,30.711568105099847 131.0105016859298,31.22215965322465,31.06956131471498 131.01050305528165,31.222158790314648,31.432991922044447 131.01050441662085,31.222157942266826,31.790377217748546 131.0105057904518,31.222157064897587,32.156273931546274 131.01050716074175,31.22215619280129,32.51929374165145 131.01050853224345,31.22215531572109,32.88281397034179 131.01050991692972,31.22215440498159,33.25595753502121 131.01051129224516,31.222153513695936,33.62174194255282 131.010512673284,31.22215260606948,33.99158466430805 131.0105140648999,31.22215166886388,34.36952156898612 131.010515444604,31.222150758827176,34.73783113243091 131.01051683814575,31.222149810228387,35.1169544158438 131.01051822996172,31.22214886262181,35.4945752776949 131.01051961879645,31.222147919944646,35.86955066360338 131.01052102085563,31.222146937985546,36.25529978861012 131.01052241470947,31.22214597500181,36.63412472945854 131.0105238141558,31.222144993207824,37.017467268400814 131.01052521887271,31.222143992863888,37.40517190720766 131.01052661730296,31.222143006913285,37.78742739806079 131.01052802644986,31.222141986595688,38.17870220466055 131.01052943110298,31.222140975583063,38.5660477574506 131.01053083653224,31.22213995881784,38.95393381762362 131.01053225186553,31.222138909273102,39.35022329009478 131.01053365973786,31.22213787805453,39.73999667160648 131.0105350730853,31.22213682712976,40.134339146448816 131.01053649010345,31.222135761724825,40.531691126306846 131.0105379025615,31.222134706293826,40.92500529265352 131.01053932703397,31.22213361186141,41.32836331906398 131.0105407437125,31.222132536982,41.72494457385776 131.0105421644028,31.2221314469314,42.12471820448405 131.01054359588505,31.22213032211516,42.533236193432685 131.01054501516384,31.22212922954761,42.9314159508375 131.0105464481384,31.222128094329538,43.34056989526106 131.0105478760674,31.222126970613424,43.745301897407245 131.0105493059488,31.222125838382585,44.151305511566406 131.0105507451683,31.22212467732664,44.564315905810176 131.0105521762794,31.2221235360843,44.97058512468945 131.01055361901135,31.22212236048829,45.385422555159096 131.01055505872878,31.222121190763698,45.7974677347423 131.01055649833933,31.22212001889752,46.20899273573762 131.01055795025397,31.22211881281797,46.629044432617285 131.01055939226623,31.222117630346943,47.04131950194818 131.0105608466881,31.22211641442704,47.46191914864448 131.01056229845426,31.22211520360732,47.879973190528574 131.0105637516039,31.22211398768624,48.298366431078605 131.01056521707895,31.22211274087553,48.72439404975759 131.01056667186575,31.222111518095232,49.14253845145541 131.0105681428883,31.22211025641605,49.57061053864428 131.0105696068928,31.22210900992222,49.993306764930026 131.0105710763432,31.22210775018717,50.4186880619045 131.0105725564372,31.22210646667612,50.84976925629217 131.01057402649616,31.222105204148143,51.27382422470812 131.01057551385884,31.2221039046256,51.70737744997327 131.01057699470556,31.22210261848284,52.13607575736201 131.01057848097437,31.222101320949065,52.5669964699149 131.01057998001096,31.22209999823917,53.00411975039827 131.01058146700694,31.22209869906664,53.43346467617384 131.01058297457402,31.222097360634898,53.87310373301381 131.0105844750834,31.222096036013536,54.3077669997158 131.01058598110345,31.22209470143017,54.744313269665454 131.01058749662482,31.22209335031208,55.184675374537136 131.01058900485995,31.2220920127146,55.620132858871926 131.0105905336079,31.222090640095427,56.06482778721743 131.01059205255476,31.2220892852682,56.503377365178174 131.0105935822585,31.222087913038155,56.94606413643449 131.01059511776603,31.222086532344623,57.390300142814496 131.01059664742624,31.22208516215752,57.8305094468833 131.01059820264652,31.22208375225172,58.28150912358903 131.0105997407863,31.222082370704257,58.7232199399118 131.0106012985236,31.22208095978197,59.1727137213924 131.01060285504593,31.22207955227699,59.620301340554605 131.01060441146035,31.222078146241728,60.066553055662624 131.01060598769587,31.222076712209816,60.52026839021901 131.01060755091282,31.222075298987527,60.96689460775328 131.0106091360501,31.222073855375704,61.421738226650575 131.0106107145813,31.2220724230552,61.872339652234224 131.01061229950042,31.22207098321183,62.32433554883768 131.0106138981921,31.22206952577019,62.78077345104862 131.0106154856987,31.222068085717936,63.23113090382032 131.01061710080572,31.222066609247864,63.691620901204566 131.0106187024742,31.22206515318432,64.14512493909326 131.01062032230635,31.22206367413665,64.60473266179658 131.01062193923224,31.22206220096312,65.06174145136879 131.01062355778083,31.2220607274284,65.5180338980908 131.01062519376447,31.22205923245652,65.97998523049029 131.01062681850112,31.2220577544292,66.43599891927367 131.01062847178392,31.222056240354668,66.90208815458139 131.01063011123455,31.22205474660125,67.36122723860457 131.01063176336586,31.222053237936983,67.82405581586913 131.0106334240709,31.222051719870592,68.28890733473649 131.01063507533766,31.222050216173173,68.7486218631511 131.01063674908775,31.22204868462611,69.21590297803876 131.0106384204928,31.222047158047683,69.68087504080066 131.0106400870583,31.222045639737804,70.14256145959827 131.01064176788083,31.22204410429112,70.60856325274354 131.01064345830295,31.222042557774333,71.07704318397593 131.01064514472745,31.22204101834461,71.5425915601019 131.01064683260773,31.222039478708563,72.00738796649804 131.01064853190226,31.22203792527486,72.47544303704314 131.01065023423055,31.222036369266224,72.94342020511638 131.01065193691127,31.22203481434157,73.41024572562031 131.0106536420254,31.222033257597165,73.87677151928649 131.01065535424155,31.222031692382966,74.34492502180245 131.0106570682005,31.22203012606101,74.81254668468634 131.0106587836791,31.222028558910143,75.27955549139355 131.0106605025051,31.22202698821314,75.74672780250027 131.01066222413772,31.222025414602005,76.21386821742496 131.0106639475236,31.22202383950489,76.68055908327764 131.01066567270863,31.222022262754567,77.14684076524179 131.01066740099074,31.2220206822588,77.61329370471205 131.01066913175512,31.222019098780024,78.07968809128653 131.0106708646458,31.22201751272937,78.54589776169534 131.01067259861924,31.22201592562247,79.011491762863 131.01067433359353,31.222014337488293,79.47645532674677 131.01067607226855,31.222012743792583,79.94202318516618 131.01067781135288,31.222011149717293,80.4067582404058 131.01067955255024,31.222009552337767,80.87145186633765 131.01068129515613,31.22200795265851,81.33581737410094 131.01068303972028,31.222006349573103,81.80014057370688 131.01068478445495,31.22200474605268,82.26361531064028 131.01068653095066,31.22200313915599,82.72701660729273 131.01068827886883,31.22200152928262,83.19022250037207 131.01069002706527,31.22199991838857,83.65270869996563 131.0106917770327,31.22199830354821,84.1152305734159 131.01069352866696,31.221996684731188,84.57777870549809 131.01069527958344,31.221995066413555,85.03918851725737 131.0106970322713,31.22199344361425,85.50073398868594 131.01069878522347,31.22199181912261,85.96168672527601 131.01070053854315,31.221990192620616,86.42212088251875 131.01070229242052,31.22198856357352,86.88216194423475 131.01070404716248,31.2219869311749,87.34200092243681 131.0107058021448,31.22198529660354,87.80133331161558 131.01070755775405,31.221983658901287,88.26038894786414 131.01070931330116,31.22198201945069,88.71881783278307 131.0107110691065,31.221980377436992,89.1768136233102 131.01071282453364,31.22197873418808,89.63404476459176 131.01071458023983,31.221977088105376,90.09089365597994 131.01071633645265,31.22197543852655,90.54751050316828 131.01071809241452,31.22197378712946,91.00348428492688 131.01071984835482,31.22197213330538,91.45895667013758 131.0107216042154,31.22197047711308,91.9139076684144 131.01072335903507,31.221968820836903,92.36779192553628 131.01072511419184,31.221967161054422,92.82141486001797 131.01072686847047,31.22196550069989,93.2740797215304 131.01072862328922,31.221963836204377,93.72661972514524 131.01073037712598,31.22196217134133,94.17814884306904 131.01073213161234,31.2219605019762,94.62962678482312 131.0107338850725,31.221958832336167,95.08006946287288 131.01073563804627,31.22195716106101,95.52979218769693 131.0107373912496,31.221955486310048,95.9792151989323 131.01073914398378,31.22195380988288,96.42792258613174 131.01074089576449,31.221952133054263,96.87562373509977 131.01074264797344,31.221950452294223,97.323123186446 131.01074439941692,31.22194877071177,97.76971160397912 131.0107461509784,31.22194708608012,98.21589532107056 131.01074790192476,31.22194540033624,98.66123554359623 131.010749652285,31.22194371346223,99.1057382537129 131.01075140239115,31.221942024675368,99.5495810629544 131.0107531522789,31.221940333962248,99.99276789542088 131.010754901699,31.2219386420338,100.43514086545652 131.0107566507694,31.22193694867398,100.87675080848976 131.0107583991861,31.2219352547286,101.31741089342636 131.01076014796652,31.221933557769404,101.75766669319287 131.01076189586098,31.221931860984,102.19680864251112 131.01076364410278,31.221930161449,102.63549278787154 131.01076539206326,31.22192846081331,103.07335429371015 131.0107671390163,31.22192676090349,103.50999034591176 131.01076888642822,31.221925058336705,103.94615816677728 131.0107706333966,31.221923355374887,104.38135795016495 131.0107723796045,31.221921652840862,104.81541117739155 131.01077412637056,31.22191994781524,105.24897146798892 131.01077587222528,31.221918243771857,105.68127075355956 131.01077761833568,31.22191653817561,106.11287744654489 131.01077936519735,31.22191483008332,106.54400593527012 131.0107811110638,31.221913123442057,106.97378341345116 131.01078285685745,31.22191141631541,107.40264536296252 131.0107846026408,31.22190970869612,107.83059840108852 131.0107863491354,31.221907999192545,108.2579573608366 131.0107880953827,31.22190628993076,108.6842541836495 131.0107898415629,31.221904580619142,109.10955874557764 131.01079158839508,31.221902869909343,109.53417666215616 131.01079333511095,31.221901159464643,109.95774244594784 131.01079508171085,31.22189944936212,110.38024381481132 131.01079682959397,31.22189773697355,110.80227253521537 131.0107985765314,31.221896026726668,111.22284519477772 131.01080032553878,31.22189431292629,111.64323900973316 131.01080207409913,31.221892600475314,112.06236352391764 131.01080382343403,31.221890887137143,112.48072343555118 131.01080557328154,31.22188917350064,112.89819201533416 131.01080732420277,31.221887458632324,113.31498313899893 131.01080907557093,31.22188574375633,113.73082732189864 131.01081082736948,31.221884028965228,114.14570819659905 131.01081257974903,31.221882314062032,114.5596743152006 131.0108143332221,31.221880598228097,114.9729137274605 131.01081608658163,31.22187888362545,115.38494535460973 131.01081784119577,31.221877167950066,115.79629031858364 131.01081959633694,31.221875452519004,116.20665685040136 131.01082135202935,31.221873737336765,116.61604753890109 131.0108231083286,31.22187202235808,117.02447603726498 131.01082486630975,31.221870305852075,117.4323344695709 131.01082662388566,31.221868591314934,117.83884074791236 131.01082838306093,31.221866875479574,118.2447314858029 131.01083014371787,31.22186515860084,118.64995210673844 131.01083190478118,31.221863442454083,119.05410670160924 131.01083366693152,31.22186172596153,119.457439499909 131.0108354302082,31.221860009092257,119.85995948287426 131.0108371948734,31.22185829145469,120.2617561399576 131.01083895906697,31.221856576020127,120.6621662966075 131.0108407245783,31.22185485995692,121.06182521428909 131.01084249113066,31.22185314372369,121.46063121458172 131.010844258182,31.22185142818076,121.85839344949136 131.01084602698756,31.221849711358693,122.25555161071848 131.0108477956365,31.22184799625881,122.65143833594352 131.0108495647291,31.22184628193116,123.04626626076742 131.01085133644662,31.221844564956484,123.4407931090214 131.01085310893436,31.22184284823201,123.8343759277378 131.01085488135973,31.221841133047164,124.22673104208684 131.01085665544164,31.22183941669257,124.61845601614186 131.01085843046633,31.22183770026775,125.009307110893 131.01086020658997,31.221835983504217,125.3993424909502 131.0108619838829,31.221834266264867,125.78859091008604 131.01086376220616,31.221832548739645,126.17700946249576 131.01086554069192,31.221830832274136,126.56430439232952 131.01086732007542,31.221829115670964,126.950735075141 131.01086910023696,31.22182739908115,127.33626652979244 131.01087088052645,31.221825683509344,127.72068057753368 131.01087266143617,31.221823968127733,128.10415423770536 131.01087444515397,31.22182224933728,128.48745453620816 131.01087622770007,31.221820533552545,128.86920743138376 131.01087801120477,31.221818817273416,129.25016011217076 131.01087979601235,31.221817099864584,129.6304424251825 131.01088158100336,31.22181538312057,130.00967179091222 131.01088336646228,31.22181366652425,130.3879558587357 131.01088515173623,31.221811951122675,130.76507315071092 131.0108869377797,31.22181023524828,131.14136961706507 131.0108887247605,31.22180851853746,131.51691593153484 131.01089051116332,31.22180680353893,131.89118196822275 131.01089229822213,31.221805088071573,132.26461648579735 131.01089408646612,31.221803371121087,132.63742189295007 131.0108958751017,31.221801654006686,133.0093238510412 131.010897663003,31.221799938691657,133.37992237597803 131.0108994511958,31.221798223290698,133.74959840112507 131.01090124053272,31.221796506161635,134.11867684315868 131.01090303020194,31.22179478869792,134.48687248019488 131.01090481985065,31.22179307149713,134.85406406140842 131.0109066093627,31.221791354722736,135.22021732408027 131.01090839941352,31.22178963702846,135.58559492625244 131.0109101886091,31.22178792100257,135.94968437326875 131.0109119788844,31.221786202858056,136.31322476042973 131.01091376906987,31.22178448476532,136.67578666489538 131.01091555966548,31.22178276568115,137.03756995333634 131.0109173497468,31.22178104737557,137.39823014106628 131.01091913931313,31.221779329810097,137.75777401596335 131.01092092944097,31.221777610724857,138.11662948383267 131.01092271973536,31.221775890830244,138.47465556087067 131.01092451064787,31.22177416911253,138.83203988790217 131.01092630066907,31.22177244867036,139.1881966861736 131.01092809046528,31.22177072806688,139.5433953661934 131.01092988136207,31.22176900437313,139.89817590588467 131.01093167104884,31.221767282494888,140.25162408007904 131.01093346135897,31.221765558408794,140.6044825063696 131.01093525128795,31.221763834235745,140.95635627720512 131.01093704005703,31.221762111681343,141.30693396841835 131.0109388287175,31.221760388352703,141.6566501467378 131.01094061676005,31.221758665334583,142.00530465781168 131.01094240425007,31.22175694243756,142.35293028683435 131.0109441911729,31.221755219651865,142.6995270252305 131.01094597751495,31.22175349696818,143.0450948753511 131.0109477632633,31.221751774377616,143.38963383755103 131.0109495484061,31.22175005187172,143.73314392708772 131.01095133293242,31.22174832944252,144.07562515324676 131.01095311683224,31.221746607082466,144.4170775392223 131.0109549000965,31.221744884784496,144.75750111217647 131.01095668271702,31.221743162542044,145.09689590025744 131.01095846468664,31.221741440348964,145.43526194651528 131.01096024599914,31.22173971819964,145.77259929399207 131.0109620266492,31.221737996088912,146.10890799665583 131.0109638066324,31.22173627401209,146.44418811542428 131.01096558594543,31.22173455196505,146.77843971717098 131.01096736458572,31.221732829944006,147.11166288068893 131.01096914255163,31.22173110794576,147.44385769370828 131.0109709198425,31.22172938596756,147.7750242449458 131.0109726964586,31.221727664007098,148.10516264199447 131.01097447240093,31.221725942062594,148.4342730003916 131.01097624767155,31.221724220132685,148.76235543566523 131.01097802227315,31.221722498216494,149.0894100842091 131.01097979620948,31.221720776313564,149.41543708538947 131.01098156948493,31.221719054423897,149.7404365924804 131.0109833421047,31.221717332547936,150.06440876471095 131.01098511407494,31.221715610686555,150.38735377621094 131.01098688540233,31.221713888841023,150.7092718070651 131.01098865609444,31.221712167013056,151.0301630502721 131.01099042615945,31.221710445204742,151.35002770677244 131.0109921956063,31.221708723418537,151.6688659904196 131.0109939644445,31.22170700165733,151.98667812301088 131.01099573268428,31.22170527992431,152.30346433726763 131.0109975003365,31.221703558223066,152.61922487783025 131.01099926741247,31.221701836557514,152.93395999529375 131.01100103392417,31.22170011493189,153.24766995614854 131.01100279988407,31.22169839335075,153.5603550298571 131.01100456530517,31.221696671818943,153.87201550177716 131.01100633020087,31.221694950341625,154.18265166222696 131.0110080945851,31.221693228924217,154.492263811456 131.0110098584721,31.22169150757236,154.80085226262543 131.01101162187666,31.221689786292018,155.1084173358472 131.01101338481377,31.22168806508932,155.41495935718584 131.0110151472988,31.22168634397065,155.72047866562016 131.01101690934743,31.221684622942576,156.02497560608325 131.01101867097563,31.22168290201186,156.32845052946328 131.0110204321996,31.221681181185428,156.63090380353725 131.01102219303567,31.22167946047037,156.93233578911477 131.01102395350048,31.22167773987393,157.23274686985883 131.01102571361076,31.221676019403475,157.53213742246555 131.01102747338342,31.22167429906649,157.83050783853145 131.01102923283537,31.22167257887055,158.1278585146143 131.01103099198372,31.22167085882334,158.42418985223347 131.01103275084552,31.2216691389326,158.7195022578688 131.0110345094379,31.22166741920612,159.0137961459436 131.011036267778,31.221665699651755,159.30707193286096 131.01103802588284,31.221663980277405,159.59933003998438 131.01103978376952,31.22166226109096,159.8905708946331 131.01104154145497,31.22166054210033,160.180794930082 131.011043298956,31.221658823313422,160.4700025736329 131.0110450562894,31.221657104738124,160.758194268484 131.0110468134717,31.22165538638228,161.04537045484207 131.01104857051925,31.221653668253705,161.33153156992444 131.01105032744834,31.22165195036016,161.6166780628674 131.01105208427495,31.22165023270933,161.9008103768356 131.01105384101487,31.22164851530884,162.183928961943 131.01105559768357,31.221646798166223,162.4660342673024 131.01105735429633,31.22164508128892,162.74712674102364 131.01105911086813,31.22164336468424,163.0272068361788 131.0110608674136,31.2216416483594,163.3062749939049 131.01106262394717,31.22163993232148,163.58433167520977 131.0110643804827,31.22163821657744,163.86137732220848 131.01106613703402,31.22163650113409,164.1374123869484 131.01106789361432,31.22163478599808,164.41243731550497 131.0110696502366,31.221633071175926,164.6864525489766 131.01107140691337,31.221631356673942,164.95945853739943 131.0110731636568,31.22162964249832,165.23145571688704 131.01107492047862,31.22162792865503,165.50244453050283 131.01107667739015,31.22162621514988,165.7724254103701 131.01107843440235,31.221624501988465,166.04139879456767 131.01108019152562,31.22162278917621,166.3093651102342 131.01108194877,31.221621076718336,166.5763247845011 131.01108370614503,31.221619364619844,166.84227823952267 131.01108546365998,31.22161765288555,167.107225894464 131.01108722132335,31.22161594152003,167.371168166496 131.01108897914347,31.221614230527663,167.6341054638359 131.01109073712803,31.2216125199126,167.89603819270718 131.01109249528434,31.221610809678783,168.15696675336176 131.01109425361923,31.22160909982992,168.41689154604524 131.01109601213895,31.221607390369485,168.67581295509328 131.0110977708494,31.221605681300744,168.9337313737797 131.011099529756,31.221603972626703,169.19064717847513 131.01110128886367,31.2216022643502,169.44656074355507 131.01110304817684,31.22160055647376,169.7014724384188 131.01110480769947,31.221598848999754,169.95538262848342 131.01110656743515,31.22159714193029,170.20829167021367 131.0111083273869,31.22159543526723,170.46019991310996 131.01111008755728,31.22159372901225,170.71110770368475 131.0111118479485,31.22159202316675,170.96101538148602 131.0111136085622,31.221590317731923,171.2099232850611 131.0111153693997,31.221588612708725,171.4578317360542 131.01111713046177,31.221586908097887,171.70474106206635 131.01111889174877,31.221585203899927,171.9506515767773 131.01112065326072,31.22158350011515,172.1955635898848 131.0111224149971,31.22158179674362,172.4394774031279 131.01112417695705,31.22158009378523,172.68239331426523 131.01112593913933,31.22157839123962,172.92431161011368 131.01112770154222,31.221576689106264,173.16523257549804 131.01112946416367,31.221574987384404,173.40515648728413 131.0111312270012,31.22157328607309,173.64408361438026 131.01113299005206,31.221571585171187,173.88201422071884 131.01113475331303,31.22156988467736,174.11894856326867 131.01113651678057,31.22156818459007,174.35488689104113 131.01113828045084,31.22156648490764,174.58982945005897 131.01114004431963,31.22156478562818,174.8237764744122 131.01114180838243,31.22156308674964,175.05672819818412 131.01114357263438,31.221561388269787,175.2886848484949 131.01114533707036,31.22155969018626,175.5196466385434 131.01114710168497,31.22155799249649,175.74961378649132 131.01114886647252,31.2215562951978,175.97858649161083 131.01115063142697,31.221554598287334,176.20656496211217 131.0111523965422,31.221552901762102,176.4335493883097 131.0111541618117,31.221551205619,176.65953995852274 131.0111559272288,31.221549509854725,176.88453685709004 131.01115769278647,31.22154781446593,177.10854026237973 131.01115945847772,31.22154611944911,177.33155034480296 131.0111612242951,31.221544424800623,177.553567266813 131.0111629902312,31.221542730516745,177.77459119383914 131.01116475627825,31.22154103659364,177.99462228037106 131.01116652242848,31.22153934302738,178.21366067691693 131.01116828867376,31.22153764981393,178.43170652900926 131.01117005500603,31.22153595694917,178.64875997322895 131.01117182141695,31.22153426442892,178.86482115012626 131.01117358789818,31.22153257224888,179.07989018831853 131.01117535444115,31.22153088040472,179.2939672144294 131.0111771210373,31.22152918889203,179.5070523471248 131.01117888767783,31.22152749770631,179.7191457090397 131.01118065435412,31.221525806843065,179.930247408889 131.01118242105724,31.221524116297715,180.14035755935663 131.01118418777833,31.221522426065626,180.3494762631812 131.0111859545084,31.221520736142136,180.5576036211072 131.01118772123857,31.221519046522584,180.7647397308912 131.0111894879598,31.221517357202217,180.97088468929 131.0111912546631,31.22151566817632,181.1760385841092 131.0111930213394,31.221513979440104,181.38020150115923 131.0111947879798,31.22151229098881,181.5833735282337 131.01119655457526,31.221510602817663,181.7855547441733 131.0111983211168,31.221508914921856,181.98674522483185 131.0112000875955,31.221507227296616,182.18694504705005 131.01120185400245,31.22150553993717,182.3861542846816 131.0112036203288,31.22150385283872,182.58437300560908 131.01120538656585,31.221502165996537,182.7816012767161 131.01120715270474,31.22150047940586,182.9778391658733 131.01120891873694,31.221498793062,183.17308673498184 131.01121068465386,31.221497106960257,183.3673440419608 131.01121245044695,31.22149542109596,183.5606111506864 131.011214216108,31.22149373546449,183.7528881170768 131.01121598162857,31.221492050061297,183.94417499605115 131.01121774700056,31.2214903648818,184.13447183953937 131.01121951221594,31.22148867992152,184.3237787044349 131.01122127726677,31.221486995176,184.51209564066727 131.01122304214525,31.221485310640823,184.69942269816016 131.01122480684367,31.22148362631168,184.88575992782424 131.01122657135454,31.221481942184248,185.0711073765877 131.01122833567047,31.22148025825433,185.2554650933621 131.01123009978423,31.221478574517768,185.4388331230743 131.01123186368875,31.22147689097044,185.62121151362777 131.01123362737707,31.221475207608325,185.80260031391333 131.0112353908425,31.22147352442748,185.98299956585808 131.01123715407837,31.221471841424005,186.16240931635184 131.01123891707832,31.2214701585941,186.3408296122778 131.01124067983605,31.22146847593403,186.51826049753177 131.01124244234552,31.221466793440136,186.6947020189833 131.01124420460084,31.22146511110885,186.87015422449053 131.01124596659628,31.221463428936683,187.04461715395328 131.0112477283263,31.22146174692024,187.21809086018527 131.01124948978568,31.22146006505616,187.3905753890368 131.0112512509691,31.221458383341243,187.5620707913214 131.0112530118717,31.221456701772336,187.73257710889945 131.0112547724887,31.221455020346365,187.9020943985348 131.0112565328155,31.22145333906036,188.07062270704407 131.01125829284783,31.22145165791144,188.2381620901842 131.01126005258135,31.22144997689683,188.4047125957524 131.01126181201226,31.22144829601383,188.57027427949183 131.01126357113665,31.22144661525981,188.7348471971378 131.011265329951,31.22144493463229,188.898431405414 131.01126708845192,31.221443254128843,189.06102696302383 131.01126884663623,31.221441573747125,189.2226339256836 131.01127060450096,31.22143989348492,189.3832523620225 131.0112723620433,31.22143821334008,189.5428823277432 131.01127411926066,31.22143653331056,189.70152389245487 131.0112758761507,31.221434853394417,189.8591771178108 131.01127763271123,31.221433173589773,190.0158420753945 131.0112793889402,31.22143149389485,190.1715188338013 131.0112811448359,31.221429814308014,190.3262074655966 131.01128290039662,31.22142813482764,190.4799080453256 131.011284655621,31.22142645545223,190.63262064752672 131.01128641050786,31.22142477618041,190.7843453546836 131.01128816505616,31.221423097010845,190.9350822433088 131.011289919265,31.22142141794232,191.08483139587173 131.01129167313377,31.22141973897368,191.23359289881023 131.011293426662,31.22141806010389,191.38136683954968 131.0112951798494,31.22141638133198,191.52815330650265 131.01129693269587,31.22141470265709,191.673952391056 131.01129868520147,31.22141302407839,191.8187641895588 131.01130043736643,31.22141134559519,191.96258879636667 131.0113021891912,31.22140966720686,192.1054263107971 131.01130394067638,31.22140798891284,192.2472768351421 131.0113056918227,31.22140631071268,192.3881404716876 131.0113074426311,31.22140463260596,192.52801732867536 131.01130919310265,31.221402954592364,192.66690751533417 131.01131094323858,31.221401276671685,192.80481113691093 131.0113126930403,31.22139959884372,192.9417283155412 131.0113144425094,31.221397921108387,193.0776591594393 131.01131619164755,31.22139624346565,193.2126037937093 131.0113179404566,31.221394565915567,193.3465623374842 131.01131968893856,31.22139288845823,193.47953491287257 131.0113214370955,31.22139121109383,193.6115216469449 131.01132318492975,31.2213895338226,193.74252266676544 131.01132493244367,31.22138785664485,193.87253810734217 131.01132667963992,31.22138617956093,194.0015680977129 131.01132842652103,31.221384502571272,194.12961277485985 131.01133017308985,31.221382825676365,194.25667227575823 131.01133191934923,31.221381148876727,194.382746744334 131.01133366530223,31.22137947217296,194.50783632251787 131.01133541095203,31.2213777955657,194.6319411502462 131.0113371563018,31.22137611905565,194.7550613823572 131.01133890135495,31.221374442643544,194.8771971637424 131.01134064611497,31.22137276633017,194.9983486442564 131.01134239058527,31.22137109011636,195.1185159846802 131.0113441347697,31.221369414002982,195.2376993348545 131.01134587867188,31.22136773799098,195.35589885554657 131.0113476222957,31.22136606208129,195.4731147065224 131.011349365645,31.221364386274928,195.5893470515168 131.01135110872383,31.221362710572908,195.70459605127635 131.01135285153634,31.221361034976315,195.8188618725044 131.0113545940866,31.22135935948623,195.93214468686543 131.01135633637884,31.221357684103783,196.04444465906232 131.01135807841737,31.221356008830163,196.15576196472227 131.0113598202065,31.22135433366653,196.2660967735025 131.01136156175076,31.221352658614112,196.3754492610176 131.0113633030545,31.221350983674142,196.48381960386848 131.01136504412236,31.221349308847884,196.5912079806372 131.01136678495882,31.22134763413662,196.69761456791213 131.01136852556857,31.22134595954165,196.80303954923124 131.01137026595623,31.2213442850643,196.90748310514408 131.01137200612663,31.22134261070588,197.0109454201697 131.0113737460844,31.22134093646777,197.11342667683263 131.01137548583435,31.22133926235133,197.21492706063137 131.01137722538135,31.22133758835792,197.3154467610352 131.0113789647302,31.221335914488936,197.4149859605476 131.01138070388575,31.22133424074576,197.5135448535929 131.01138244285295,31.221332567129807,197.61112362365688 131.01138418163663,31.221330893642463,197.7077224661431 131.01138592024188,31.22132922028516,197.80334156850023 131.01138765867344,31.221327547059296,197.89798112313767 131.01138939693638,31.22132587396628,197.99164132345305 131.01139113503564,31.221324201007544,198.08432235886167 131.01139287297616,31.221322528184487,198.1760244237421 131.01139461076292,31.22132085549851,198.2667477144535 131.0113963484009,31.22131918295105,198.35649242039176 131.01139808589505,31.22131751054349,198.4452587379036 131.0113998232503,31.2213158382772,198.53304686332845 131.01140156047165,31.221314166153604,198.61985698306137 131.01140329756393,31.221312494174068,198.7056892974053 131.01140503453215,31.22131082233996,198.79054399771087 131.0114067713812,31.221309150652623,198.8744212802928 131.01140850811595,31.22130747911342,198.9573213384768 131.01141024474134,31.221305807723688,199.0392443606136 131.01141198126203,31.221304136484736,199.1201905439924 131.01141371768304,31.221302465397866,199.2001600809253 131.011415454009,31.22130079446437,199.2791531627264 131.01141719024477,31.22129912368551,199.3571699787135 131.011418926395,31.22129745306256,199.4342107221752 131.01142066246445,31.221295782596737,199.5102755814239 131.0114223984577,31.22129411228926,199.5853647467531 131.01142413437947,31.22129244214132,199.65947840248705 131.01142587023423,31.221290772154106,199.7326167428824 131.0114276060266,31.22128910232876,199.80477994429984 131.011429341761,31.221287432666426,199.8759681989964 131.011431077442,31.221285763168183,199.94618169127057 131.01143281307387,31.22128409383515,200.01542059845875 131.01143454866104,31.22128242466836,200.0836851038536 131.01143628420775,31.22128075566885,200.1509753877606 131.01143801971836,31.221279086837647,200.21729162849047 131.01143975519696,31.221277418175728,200.28263400236145 131.01144149064774,31.22127574968404,200.3470026856841 131.0114432260748,31.22127408136351,200.41039784979367 131.0114449614821,31.221272413215047,200.4728196709904 131.01144669687372,31.221270745239536,200.53426831165177 131.0114484322535,31.221269077437807,200.59474394707104 131.01145016762527,31.22126740981068,200.6542467396148 131.01145190299292,31.221265742358955,200.7127768556186 131.01145363836005,31.22126407508337,200.7703344544556 131.0114553737304,31.22126240798468,200.826919696486 131.0114571091075,31.22126074106356,200.8825327430586 131.0114588444949,31.221259074320685,200.93717374756463 131.01146057989612,31.22125740775669,200.99084286338925 131.01146231531447,31.2212557413722,201.04354024093044 131.01146405075326,31.22125407516778,201.09526602759848 131.0114657862158,31.22125240914397,201.1460203737794 131.0114675217052,31.2212507433013,201.1958034179264 131.01146925722463,31.22124907764024,201.244615306438 131.01147099277705,31.22124741216125,201.29245617278664 131.01147272836545,31.22124574686475,201.33932615640185 131.01147446399273,31.22124408175113,201.38522538577425 131.01147619966164,31.221242416820736,201.4301539963466 131.01147793537493,31.22124075207392,201.47411211262204 131.01147967113528,31.221239087510952,201.5170998600932 131.01148140694522,31.221237423132106,201.55911735828207 131.01148314280726,31.221235758937613,201.60016472869364 131.01148487872385,31.22123409492768,201.64024208487527 131.01148661469728,31.221232431102475,201.67934953937524 131.01148835072982,31.22123076746213,201.717487203742 131.01149008682364,31.221229104006763,201.75465518454857 131.01149182298087,31.22122744073645,201.79085357742943 131.0114935592035,31.22122577765123,201.82608249093417 131.01149529549346,31.221224114751127,201.86034202068623 131.01149703185263,31.22122245203612,201.89363225633937 131.0114987682827,31.22122078950618,201.92595328953013 131.01150050478554,31.221219127161223,201.95730520393727 131.0115022413626,31.221217465001143,201.98768808919857 131.01150397801544,31.22121580302582,202.0171020190424 131.0115057147455,31.221214141235087,202.04554707017405 131.0115074515542,31.22121247962876,202.07302332028715 131.01150918844274,31.22121081820661,202.0995308311664 131.01151092541238,31.221209156968406,202.1250696755249 131.01151266246418,31.22120749591388,202.14963991314863 131.0115143995992,31.22120583504271,202.17324159686152 131.0115161368184,31.221204174354583,202.19587478643777 131.01151787412263,31.221202513849168,202.2175395327025 131.01151961151268,31.22120085352604,202.2382358824984 131.01152134898922,31.22119919338484,202.2579638786881 131.01152308655284,31.221197533425105,202.2767235601516 131.01152482420417,31.221195873646405,202.29451496377712 131.01152656194358,31.221194214048246,202.3113381224705 131.01152829977147,31.221192554630143,202.3271930631693 131.01153003768812,31.22119089539156,202.34207980982367 131.01153177569367,31.22118923633195,202.35599838538408 131.01153351378835,31.22118757745073,202.3689488038505 131.01153525197216,31.22118591874733,202.3809310812052 131.011536990245,31.221184260221143,202.39194522249224 131.01153872860678,31.22118260187152,202.40199123473727 131.01154046705733,31.2211809436978,202.4110691199917 131.01154220559627,31.221179285699325,202.419178871356 131.01154394422335,31.2211776278754,202.42632048689387 131.01154568293808,31.22117597022531,202.43249395075017 131.0115474217399,31.22117431274833,202.4376992540208 131.0115491606282,31.22117265544372,202.44193637189343 131.01155089960233,31.221170998310708,202.44520528650864 131.01155263866147,31.22116934134852,202.4475059680732 131.01155437780483,31.221167684556367,202.44883838480183 131.0115561170315,31.221166027933435,202.44920250589703 131.01155785634043,31.22116437147889,202.4485982896228 131.01155959573055,31.22116271519192,202.4470256962257 131.01156133520072,31.22116105907166,202.44448467501337 131.01156307474974,31.22115940311725,202.4409751772763 131.01156481437624,31.221157747327823,202.4364971483359 131.01156655407888,31.221156091702497,202.4310505305263 131.0115682938562,31.22115443624037,202.42463525822424 131.01157003370665,31.221152780940542,202.41725126878404 131.01157177362865,31.22115112580211,202.4088984876264 131.0115735136205,31.221149470824137,202.3995768431488 131.0115752536805,31.221147816005715,202.389286253804 131.01157699380678,31.22114616134588,202.37802664102043 131.01157873399748,31.22114450684373,202.3657979172772 131.01158047425065,31.22114285249829,202.35259999107083 131.0115822145642,31.221141198308608,202.3384327689048 131.01158395493613,31.22113954427376,202.32329615330227 131.01158569536415,31.22113789039276,202.30719004379816 131.0115874358461,31.22113623666464,202.2901143339584 131.01158917637974,31.221134583088467,202.27206891336849 131.01159091696255,31.22113292966328,202.25305366962007 131.01159265759227,31.22113127638809,202.2330684863232 131.01159439826628,31.22112962326195,202.21211324310744 131.0115961389821,31.22112797028389,202.19018781462697 131.01159787973702,31.22112631745298,202.1672920765237 131.01159962052844,31.221124664768222,202.14342589250808 131.01160136135357,31.221123012228688,202.118589133241 131.01160310220965,31.221121359833425,202.09278165546428 131.01160484309375,31.221119707581494,202.0660033179012 131.01160658400306,31.22111805547195,202.03825397728167 131.01160832493449,31.221116403503864,202.00953348536024 131.0116100658851,31.22111475167631,201.97984168792289 131.01161180685176,31.221113099988376,201.9491784287616 131.01161354783133,31.221111448439167,201.91754354868104 131.01161528882065,31.221109797027747,201.8849368884798 131.01161702981645,31.22110814575328,201.85135828199424 131.01161877081543,31.221106494614848,201.81680755709087 131.0116205118143,31.2211048436116,201.781284549582 131.0116222528096,31.22110319274269,201.74478907738347 131.01162399379794,31.22110154200728,201.7073209683448 131.01162573477583,31.22109989140454,201.66888004136425 131.01162747573974,31.221098240933653,201.62946610937072 131.01162921668612,31.22109659059384,201.58907899224536 131.01163095761132,31.221094940384308,201.547718495948 131.01163269851176,31.22109329030432,201.50538443140283 131.01163443938367,31.221091640353087,201.46207660555103 131.01163618022335,31.22108999052992,201.41779482036048 131.01163792102707,31.221088340834104,201.3725388777916 131.011639661791,31.221086691264947,201.32630857781123 131.0116414025113,31.221085041821787,201.2791037134239 131.01164314318413,31.221083392503967,201.2309240835903 131.01164488380556,31.22108174331088,201.18176947732687 131.0116466243717,31.22108009424191,201.13163968265005 131.0116483648786,31.221078445296488,201.0805344925396 131.0116501053223,31.22107679647405,201.02845369102369 131.0116518456987,31.22107514777408,200.9753970631192 131.01165358600392,31.221073499196045,200.92136438986049 131.01165532623375,31.22107185073948,200.8663554562516 131.01165706638432,31.221070202403936,200.8103700383461 131.0116588064514,31.221068554188992,200.75340791517203 131.01166054643096,31.221066906094222,200.69546886575185 131.01166228631885,31.221065258119275,200.6365526641316 131.01166402611096,31.221063610263805,200.57665908634 131.01166576580314,31.22106196252748,200.51578790342856 131.01166750539127,31.22106031491004,200.45393889141377 131.0116692448712,31.2210586674112,200.3911118223288 131.01167098423875,31.22105702003076,200.3273064652192 131.0116727234898,31.221055372768504,200.2625225940941 131.0116744626201,31.22105372562429,200.1967599740106 131.0116762016256,31.221052078597985,200.13001838294 131.01167794050207,31.22105043168948,200.06229758493328 131.0116796792454,31.22104878489872,199.99359735099176 131.01168141785135,31.221047138225657,199.9239174501224 131.0116831563159,31.221045491670303,199.85325765629548 131.01168489463484,31.22104384523268,199.78161773751137 131.0116866328041,31.22104219891288,199.70899746673305 131.0116883708195,31.22104055271097,199.63539661194733 131.01169010867707,31.221038906627125,199.56081494709863 131.01169184637263,31.221037260661497,199.4852522451304 131.0116935839022,31.221035614814287,199.40870828096664 131.01169532126175,31.22103396908576,199.3311828285318 131.01169705844725,31.221032323476177,199.25267566373057 131.01169879545475,31.22103067798585,199.17318656643715 131.01170053228032,31.221029032615142,199.0927153145308 131.01170226892,31.22102738736444,199.0112616888655 131.01170400536995,31.22102574223415,198.92882547028915 131.01170574162637,31.22102409722475,198.8454064456058 131.01170747768535,31.22102245233671,198.76100440558795 131.01170921354324,31.221020807570586,198.67561913205697 131.01171094919624,31.22101916292693,198.58925041875293 131.0117126846407,31.22101751840635,198.501898061398 131.01171441987304,31.221015874009485,198.41356185670023 131.01171615488963,31.221014229737,198.3242416053368 131.01171788968696,31.22101258558964,198.2339371059905 131.01171962426153,31.221010941568103,198.14264816727496 131.01172135860995,31.22100929767321,198.05037459779828 131.01172309272894,31.22100765390575,197.9571162111291 131.01172482661505,31.2210060102666,197.86287282281853 131.01172656026517,31.221004366756627,197.76764425238528 131.0117282936761,31.22100272337677,197.6714303233164 131.01173002684473,31.221001080127987,197.5742308650555 131.01173175976805,31.220999437011244,197.47604571101425 131.01173349244308,31.220997794027586,197.37687469360344 131.01173522486698,31.220996151178056,197.27671766013563 131.01173695703693,31.22099450846376,197.17557445294537 131.01173868895023,31.220992865885805,197.073444923306 131.01174042060418,31.220991223445345,196.97032892944057 131.01174215199632,31.22098958114357,196.8662263295648 131.01174388312407,31.22098793898168,196.76113699182565 131.0117456139852,31.220986296960938,196.65506078734543 131.0117473445773,31.22098465508261,196.5479975951889 131.01174907489815,31.220983013348004,196.43994730037824 131.0117508049458,31.22098137175843,196.3309097899144 131.01175253471814,31.220979730315264,196.220884958744 131.01175426421327,31.22097808901988,196.10987271273743 131.01175599342943,31.22097644787369,195.997872956764 131.0117577223649,31.220974806878143,195.8848856066192 131.0117594510181,31.220973166034664,195.77091058604177 131.01176117938755,31.220971525344755,195.65594782075027 131.01176290747185,31.220969884809925,195.5399972463958 131.0117646352698,31.22096824443168,195.42305880657145 131.01176636278015,31.22096660421157,195.30513245281617 131.01176809000202,31.22096496415116,195.18621813964072 131.01176981693436,31.22096332425204,195.06631583347664 131.01177154357643,31.220961684515792,194.94542550372904 131.01177326992757,31.22096004494404,194.8235471356976 131.01177499598717,31.220958405538408,194.70068071467483 131.01177672175484,31.22095676630053,194.57682623588457 131.01177844723028,31.22095512723209,194.4519837064693 131.01178017241327,31.220953488334725,194.32615313555223 131.01178189730382,31.22095184961013,194.19933454616324 131.01178362190197,31.22095021105999,194.07152797027004 131.01178534620797,31.22094857268598,193.94273344281368 131.01178707022208,31.220946934489824,193.8129510086672 131.01178879394487,31.22094529647321,193.682180727604 131.0117905173769,31.220943658637875,193.55042265939096 131.01179224051896,31.220942020985493,193.41767688465723 131.0117939633719,31.220940383517807,193.2839434780628 131.01179568593673,31.22093874623653,193.1492225331432 131.01179740821465,31.22093710914336,193.01351415535308 131.01179913020687,31.220935472240008,192.8768184481517 131.01180085191498,31.22093383552819,192.7391355378512 131.0118025733404,31.2209321990096,192.6004655477732 131.01180429448496,31.220930562685936,192.46080861514704 131.01180601535043,31.220928926558862,192.3201648940907 131.01180773593887,31.220927290630087,192.17853453573272 131.01180945625237,31.220925654901244,192.03591771206584 131.01181117629324,31.220924019374,191.8923145940816 131.01181289606387,31.22092238404998,191.7477253706543 131.01181461556683,31.220920748930805,191.6021502395953 131.01181633480482,31.22091911401808,191.45558940169093 131.01181805378067,31.220917479313385,191.3080430766032 131.01181977249732,31.22091584481828,191.15951148895664 131.01182149095797,31.22091421053432,191.0099948683383 131.01182320916578,31.22091257646302,190.85949346321115 131.01182492712417,31.22091094260586,190.70800752998187 131.01182664483667,31.220909308964323,190.5555373280324 131.01182836230691,31.22090767553985,190.4020831296569 131.01183007953873,31.220906042333844,190.24764522105744 131.011831796536,31.220904409347696,190.0922238933988 131.0118335133028,31.22090277658275,189.935819447776 131.0118352298433,31.220901144040337,189.778432197205 131.01183694616182,31.22089951172172,189.62006246264528 131.01183866226273,31.22089787962817,189.46071057001816 131.01184037815068,31.220896247760884,189.30037686511693 131.01184209383027,31.220894616121026,189.1390616907448 131.01184380930633,31.22089298470975,188.97676540758883 131.0118455245837,31.22089135352813,188.8134883793108 131.01184723966745,31.220889722577223,188.649230985468 131.0118489545627,31.22088809185803,188.4839936066037 131.0118506692747,31.220886461371524,188.317776636176 131.0118523838088,31.2208848311186,188.15058047757483 131.01185409817035,31.22088320110016,187.98240553517687 131.01185581236498,31.220881571316983,187.8132522332305 131.0118575263983,31.22087994176988,187.64312099398967 131.011859240276,31.22087831245955,187.47201225063327 131.0118609540039,31.22087668338667,187.29992644528008 131.01186266758793,31.22087505455188,187.12686402699896 131.01186438103403,31.220873425955723,186.9528254537973 131.0118660943483,31.220871797598736,186.77781118765168 131.0118678075368,31.22087016948137,186.60182169947743 131.0118695206057,31.220868541604016,186.42485746813392 131.0118712335613,31.220866913967058,186.24691897645124 131.01187294640982,31.220865286570767,186.0680067132148 131.01187465915774,31.22086365941539,185.88812117714423 131.01187637181135,31.22086203250109,185.70726287192167 131.01187808437714,31.220860405828017,185.52543230221704 131.01187979686162,31.220858779396224,185.3426299846212 131.0118815092712,31.220857153205703,185.1588564377068 131.01188322161252,31.22085552725642,184.97411218003973 131.0118849338921,31.22085390154826,184.78839775005943 131.01188664611655,31.220852276081047,184.6017136693014 131.0118883582924,31.22085065085455,184.4140604841442 131.01189007042623,31.220849025868485,184.22543873002704 131.01189178252474,31.220847401122505,184.03584895331656 131.01189349459435,31.22084577661621,183.8452916993793 131.01189520664175,31.22084415234912,183.6537675205344 131.01189691867347,31.22084252832072,183.4612769700884 131.01189863069598,31.220840904530416,183.2678206013429 131.0119003427158,31.22083928097757,183.07339897455145 131.01190205473935,31.22083765766149,182.878012648968 131.011903766773,31.220836034581424,182.68166218085952 131.01190547882317,31.22083441173655,182.4843481344386 131.01190719089607,31.22083278912599,182.2860710739133 131.011908902998,31.22083116674883,182.0868315575226 131.01191061513504,31.220829544604108,181.88663015045807 131.01191232731327,31.22082792269076,181.6854674169116 131.0119140395387,31.220826301007715,181.48334391510724 131.0119157518172,31.22082467955384,181.2802602072393 131.0119174641546,31.220823058327944,181.07621685251567 131.01191917655655,31.22082143732881,180.8712144061644 131.0119208890286,31.220819816555125,180.66525342738288 131.01192260157623,31.22081819600558,180.45833446542616 131.01192431420475,31.2208165756788,180.2504580745135 131.0119260269194,31.220814955573346,180.04162479494445 131.01192773972517,31.220813335687765,179.83183517794723 131.01192945262696,31.220811716020545,179.6210897568552 131.01193116562953,31.220810096570165,179.40938906996743 131.01193287873747,31.220808477335023,179.1967336456382 131.01193459195522,31.220806858313512,178.9831240132121 131.01193630528698,31.22080523950398,178.7685606901021 131.01193801873683,31.220803620904743,178.5530441907354 131.0119397323087,31.2208020025141,178.3365750215835 131.0119414460062,31.220800384330303,178.11915369010737 131.01194315983287,31.2207987663516,177.90078068587337 131.01194487379203,31.220797148576185,177.6814565014261 131.01194658788663,31.22079553100225,177.4611816153904 131.0119483021197,31.220793913627983,177.23995650141825 131.01195001649367,31.22079229645152,177.01778162321736 131.01195173101112,31.220790679471,176.79465743455364 131.01195344567412,31.220789062684567,176.57058438819433 131.01195516048463,31.220787446090323,176.34556292000605 131.01195687544438,31.22078582968641,176.11959345690667 131.01195859055477,31.220784213470896,175.89267642084016 131.011960305817,31.22078259744192,175.6648122208263 131.01196202123202,31.22078098159757,175.4360012549472 131.0119637368005,31.22077936593597,175.2062439113429 131.01196545252287,31.220777750455248,174.97554056423365 131.01196716839925,31.22077613515353,174.74389158584947 131.0119688844295,31.22077452002896,174.5112973255551 131.01197060061327,31.22077290507968,174.27775812873645 131.01197231694982,31.22077129030387,174.04327432487312 131.01197403343815,31.220769675699728,173.80784623648344 131.01197575007714,31.22076806126548,173.5714741652097 131.01197746686515,31.220766446999367,173.33415840871447 131.0119791838004,31.22076483289967,173.09589924875445 131.0119809008808,31.220763218964706,172.856696950185 131.01198261810393,31.220761605192816,172.61655176990794 131.0119843354671,31.22075999158239,172.37546395189867 131.0119860529674,31.22075837813185,172.13343372025096 131.01198777060148,31.220756764839688,171.89046129507983 131.0119894883658,31.22075515170441,171.64654687562367 131.01199120625657,31.22075353872457,171.40169064819543 131.01199292426955,31.22075192589882,171.15589278916636 131.01199464240042,31.22075031322583,170.9091534570119 131.0119963606444,31.22074870070434,170.66147280026524 131.01199807899653,31.22074708833317,170.4128509465832 131.01199979745152,31.22074547611117,170.1632880186486 131.01200151600383,31.22074386403728,169.91278411727444 131.01200323464764,31.22074225211053,169.6613393333304 131.0120049533768,31.220740640329964,169.40895374376703 131.01200667218495,31.22073902869476,169.15562741260976 131.01200839106548,31.220737417204152,168.9013603849959 131.01201011001143,31.22073580585745,168.64615269611852 131.01201182901573,31.220734194654057,168.3900043692398 131.0120135480709,31.220732583593445,168.132915412709 131.01201526716935,31.2207309726752,167.8748858159862 131.0120169863032,31.220729361899,167.61591556355765 131.0120187054643,31.22072775126455,167.35600462201415 131.01202042464436,31.220726140771745,167.09515294700947 131.0120221438348,31.22072453042051,166.83336047928353 131.01202386302688,31.22072292021089,166.57062715261446 131.01202558221163,31.22072131014299,166.306952877915 131.01202730137996,31.220719700217057,166.04233756112475 131.0120290205225,31.22071809043341,165.77678109227466 131.01203073962975,31.220716480792497,165.51028335642135 131.01203245869206,31.22071487129484,165.24284421873807 131.01203417769963,31.22071326194109,164.97446354141175 131.01203589664254,31.220711652732003,164.7051411717147 131.01203761551068,31.220710043668443,164.4348769509509 131.01203933429383,31.22070843475136,164.1636707065038 131.01204105298171,31.22070682598183,163.89152225978827 131.01204277156387,31.220705217361047,163.61843142426247 131.0120444900299,31.220703608890297,163.3443979984702 131.01204620836916,31.22070200057098,163.0694217819429 131.01204792657103,31.220700392404616,162.79350255929893 131.01204964462488,31.22069878439281,162.51664011614372 131.01205136252,31.220697176537303,162.2388342271443 131.01205308024564,31.22069556883992,161.96008466000407 131.0120547977911,31.220693961302608,161.680391179439 131.0120565151457,31.220692353927426,161.3997535441956 131.01205823229867,31.22069074671649,161.1181715100321 131.0120599492394,31.22068913967208,160.83564482971923 131.0120616659572,31.220687532796543,160.55217325105167 131.01206338244162,31.220685926092333,160.2677565208242 131.01206509868217,31.220684319562007,159.98239437986112 131.01206681466843,31.22068271320821,159.69608657792637 131.01206853039025,31.22068110703368,159.40883285284957 131.0120702458374,31.220679501041257,159.12063294742373 131.01207196099992,31.22067789523385,158.83148660642345 131.01207367586798,31.22067628961449,158.54139357561033 131.01207539043187,31.220674684186232,158.25035359974444 131.0120771046821,31.220673078952263,157.9583664285505 131.01207881860947,31.22067147391581,157.66543181572027 131.01208053220486,31.220669869080208,157.37154951493977 131.0120822454594,31.22066826444882,157.07671928883275 131.0120839583645,31.22066666002512,156.78094090498593 131.0120856709119,31.22066505581259,156.4842141339605 131.012087382905,31.2206634522031,156.18660277334783 131.01208909434106,31.220661849190176,155.88810537438135 131.01209080513303,31.220660246941645,155.58874923211468 131.0120925152078,31.22065864559758,155.2885572409437 131.01209422449244,31.220657045298225,154.9875524901119 131.01209593291443,31.220655446183965,154.68575825178792 131.01209764040163,31.220653848395248,154.3831979661555 131.0120993468823,31.22065225207246,154.07989525036317 131.0121010522853,31.220650657355936,153.77587386075444 131.01210275653983,31.22064906438584,153.4711577077809 131.0121044595757,31.22064747330208,153.16577083413495 131.01210616132354,31.22064588424428,152.8597373998445 131.01210786171427,31.22064429735166,152.55308168525565 131.0121095606798,31.220642712763016,152.24582807413756 131.01211125815257,31.220641130616627,151.93800103678723 131.01211295406583,31.220639551050123,151.62962512704857 131.01211464835367,31.22063797420052,151.32072497337 131.01211634095088,31.22063640020408,151.01132525892552 131.01211803179325,31.22063482919627,150.70145071664763 131.0121197208173,31.220633261311686,150.39112611829526 131.0121214079607,31.220631696683977,150.0803762645148 131.01212309316173,31.220630135445816,149.7692259629761 131.01212477635983,31.22062857772878,149.45770003731823 131.01212645749533,31.22062702366332,149.14582329733287 131.01212813650963,31.22062547337871,148.8336205339955 131.0121298133452,31.22062392700296,148.52111651449704 131.0121314879453,31.220622384662743,148.20833596435364 131.01213316025462,31.220620846483413,147.89530355548033 131.01213483021854,31.22061931258889,147.58204389724733 131.01213649778373,31.220617783101584,147.26858153548585 131.01213816289783,31.22061625814237,146.95494091869455 131.01213982550968,31.22061473783058,146.64114641195707 131.01214148556917,31.220613222283863,146.3272222701048 131.01214314302723,31.22061171161823,146.01319263374208 131.01214479783604,31.220610205947946,145.69908152129548 131.01214644994877,31.220608705385526,145.38491280913516 131.01214809931977,31.22060721004168,145.0707102325688 131.01214974590445,31.22060572002521,144.75649736993964 131.01215138965932,31.22060423544313,144.44229763368045 131.01215303054204,31.22060275640045,144.12813426037496 131.01215466851127,31.220601283000267,143.81403030379954 131.01215630352692,31.22059981534371,143.5000086249847 131.01215793554985,31.220598353529866,143.1860918812812 131.0121595645421,31.2205968976558,142.87230251940247 131.0121611904666,31.220595447816496,142.55866276946088 131.01216281328752,31.22059400410488,142.24519463005785 131.0121644329699,31.220592566611742,141.9319198653027 131.01216604948007,31.22059113542578,141.61885999984165 131.01216766278512,31.22058971063352,141.30603630196103 131.0121692728532,31.220588292319377,140.99346978855672 131.01217087965355,31.22058688056556,140.68118120724188 131.01217248315632,31.22058547545212,140.36919103634645 131.01217408333258,31.22058407705692,140.05751947795983 131.0121756801544,31.22058268545563,139.74618644799 131.01217727359472,31.220581300721737,139.43521157616303 131.01217886362747,31.22057992292652,139.1246141931011 131.01218045022745,31.22057855213908,138.8144133323092 131.01218203337032,31.22057718842628,138.50462772520507 131.0121836130326,31.22057583185283,138.19527579117883 131.01218518919157,31.220574482481243,137.88637563460995 131.01218676182546,31.22057314037184,137.57794504586 131.0121883309133,31.220571805582743,137.27000148735638 131.01218989643485,31.22057047816996,136.9625621065138 131.0121914583707,31.22056915818729,136.6556437158528 131.01219301670218,31.220567845686475,136.3492627979688 131.01219457141133,31.22056654071701,136.04343550950725 131.0121961224809,31.220565243326337,135.73817765929468 131.01219766989442,31.2205639535598,135.43350472921105 131.01219921363605,31.22056267146065,135.1294318602739 131.0122007536907,31.220561397070085,134.8259738506473 131.0122022900439,31.220560130427245,134.5231451566365 131.0122038226818,31.22055887156925,134.22095989666104 131.01220535159126,31.220557620531206,133.91943184230928 131.01220687675962,31.22055637734627,133.6185744233051 131.01220839817495,31.2205551420456,133.3184007275081 131.0122099158259,31.220553914658435,133.01892349892364 131.0122114297017,31.22055269521213,132.7201551367079 131.01221293979202,31.22055148373213,132.42210770212307 131.01221444608728,31.220550280242023,132.1247929125743 131.01221594857833,31.220549084763583,131.82822214558217 131.0122174472565,31.22054789731674,131.5324064427582 131.01221894211375,31.22054671791968,131.23735650483383 131.01222043314257,31.2205455465888,130.94308268569435 131.01222192033583,31.22054438333881,130.6495950251793 131.012223403687,31.220543228182727,130.35690322224346 131.01222488319,31.22054208113189,130.06501664489411 131.01222635883917,31.220540942196006,129.7739443381435 131.01222783062937,31.2205398113832,129.48369502599368 131.01222929855584,31.220538688700003,129.19427710249025 131.0122307626144,31.22053757415141,128.90569865458195 131.0122322228012,31.220536467740946,128.61796744720948 131.01223367911288,31.2205353694706,128.33109094020227 131.01223513154656,31.22053427934092,128.04507627634868 131.0122365800995,31.220533197351045,127.75993030028076 131.01223802476974,31.22053212349873,127.47565955648484 131.01223946555552,31.220531057780384,127.19227028532376 131.0122409024555,31.220530000191044,126.90976844390984 131.01224233546878,31.22052895072449,126.6281596882112 131.01224376459487,31.220527909373217,126.34744939988865 131.01224518983366,31.220526876128485,126.06764267237764 131.01224661130067,31.220525850751248,125.78869183271892 131.0122480289889,31.220524833246376,125.51060473732224 131.01224944294432,31.220523823512632,125.2333649515512 131.01225085320328,31.22052282146804,124.95696032247312 131.01225225980127,31.22052182703192,124.68137886707991 131.01225366277305,31.220520840124912,124.40660880011656 131.01225506215255,31.220519860669,124.13263852911432 131.01225645797308,31.220518888587403,123.85945665439014 131.01225785026708,31.220517923804664,123.5870519541392 131.0122592390664,31.220516966246525,123.31541339338106 131.0122606244021,31.22051601583997,123.04453011302724 131.01226200630467,31.22051507251314,122.77439142590596 131.012263384804,31.22051413619538,122.5049868147751 131.01226475992917,31.22051320681716,122.23630593132984 131.01226613170869,31.22051228431003,121.96833859123264 131.0122675001705,31.220511368606704,121.70107476815076 131.01226886534198,31.220510459640924,121.43450459077503 131.01227022724993,31.22050955734751,121.16861834381488 131.01227158592053,31.220508661662315,120.903406467999 131.0122729413795,31.220507772522183,120.63885954218388 131.01227429365198,31.220506889865003,120.37496829528372 131.01227564276255,31.22050601362955,120.11172360328736 131.01227698873544,31.22050514375564,119.84911647236324 131.0122783315942,31.22050428018397,119.58713804979236 131.01227967136205,31.22050342285619,119.325779621982 131.01228100806176,31.22050257171485,119.06503260055013 131.01228234171555,31.22050172670336,118.8048885292837 131.0122836723453,31.220500887766,118.54533908115828 131.0122849999723,31.220500054847907,118.28637604740368 131.0122863246177,31.220499227895044,118.0279913534094 131.01228764630198,31.220498406854222,117.77017703089292 131.0122889650454,31.22049759167301,117.51292524275004 131.01229028086783,31.2204967822998,117.25622825820555 131.01229159378872,31.22049597868373,117.00007846673095 131.0122929038272,31.22049518077471,116.744468367109 131.01229421100192,31.220494388523367,116.48939056743596 131.01229551533143,31.220493601881103,116.23483778710944 131.01229681683384,31.220492820799976,115.98080285185851 131.01229811552685,31.2204920452328,115.72727868778152 131.012299411428,31.22049127513304,115.4742583273089 131.01230070455455,31.22049051045485,115.22173490522924 131.01230199492332,31.22048975115306,114.9697016497428 131.0123032825509,31.220488997183107,114.71815189439018 131.01230456745367,31.22048824850111,114.46707906214884 131.01230584964776,31.220487505063776,114.21647667736174 131.01230712914892,31.22048676682845,113.96633834983322 131.0123084059728,31.220486033753115,113.71665778377655 131.0123096801347,31.22048530579625,113.4674287758243 131.01231095164982,31.220484582916995,113.21864521006124 131.01231222053295,31.22048386507501,112.97030105504092 131.01231348679886,31.22048315223055,112.7223903677626 131.0123147504619,31.220482444344395,112.4749072906904 131.01231601153643,31.220481741377856,112.22784604578828 131.0123172700365,31.220481043292807,111.9812009375034 131.012318525976,31.22048035005161,111.73496635077784 131.01231977936862,31.220479661617137,111.48913675204392 131.01232103022784,31.22047897795276,111.2437066842534 131.01232227856704,31.22047829902233,110.99867076687836 131.0123235243994,31.22047762479021,110.75402369491788 131.0123247677379,31.220476955221194,110.50976023790342 131.01232600859555,31.22047629028057,110.2658752399002 131.012327246985,31.220475629934075,110.02236361254889 131.01232848291883,31.220474974147866,109.77922034699364 131.01232971640945,31.22047432288856,109.5364404940034 131.01233094746922,31.22047367612319,109.29401918484491 131.0123321761103,31.220473033819207,109.05195160643396 131.01233340234478,31.220472395944498,108.81023302519164 131.01233462618455,31.22047176246732,108.56885876318763 131.01233584764157,31.220471133356355,108.32782421106376 131.01233706672747,31.22047050858067,108.08712482604548 131.0123382834539,31.2204698881097,107.8467561249842 131.01233949783227,31.22046927191328,107.60671368733968 131.0123407098741,31.22046865996156,107.36699315915656 131.0123419195908,31.22046805222511,107.12759023815374 131.01234312699347,31.22046744867483,106.88850068863547 131.01234433209328,31.220466849281976,106.6497203275754 131.0123455349014,31.22046625401813,106.41124503753844 131.0123467354287,31.22046566285524,106.17307074878931 131.0123479336862,31.22046507576552,105.93519345718484 131.01234912968468,31.22046449272155,105.6976092072756 131.0123503234349,31.220463913696246,105.460314101253 131.01235151494762,31.220463338662807,105.22330429298466 131.0123527042335,31.22046276759473,104.98657598900922 131.01235389130312,31.220462200465818,104.75012545251217 131.012355076167,31.220461637250168,104.51394899537434 131.01235625883558,31.22046107792216,104.2780429801596 131.01235743931932,31.220460522456463,104.04240381912192 131.01235861762856,31.22045997082802,103.8070279761924 131.01235979377367,31.22045942301205,103.57191196201032 131.01236096776492,31.22045887898403,103.33705233591132 131.01236213961255,31.22045833871969,103.10244570493268 131.01236330932673,31.22045780219504,102.86808872083289 131.0123644769176,31.22045726938631,102.63397808804253 131.0123656423953,31.220456740269988,102.40011054577272 131.01236680576997,31.22045621482285,102.16648288889084 131.0123679670516,31.22045569302181,101.93309194903132 131.01236912625026,31.220455174844133,101.69993460354578 131.01237028337587,31.220454660267205,101.46700777450584 131.01237143843844,31.220454149268697,101.23430842472968 131.01237259144784,31.220453641826484,101.00183356076252 131.01237374241404,31.220453137918646,100.7695802259198 131.01237489134687,31.220452637523508,100.53754550823896 131.0123760382563,31.220452140619543,100.30572653948512 131.01237718315207,31.22045164718552,100.07412047726012 131.01237832604397,31.220451157200287,99.8427245348225 131.0123794669419,31.220450670642983,99.6115359542484 131.01238060585547,31.220450187492894,99.38055201836131 131.0123817427946,31.2204497077295,99.14977004675536 131.01238287776894,31.220449231332488,98.91918739480197 131.01238401078828,31.220448758281712,98.688801457625 131.01238514186232,31.220448288557176,98.45860966314363 131.0123862710007,31.220447822139096,98.22860947604876 131.01238739821312,31.22044735900785,97.99879839680816 131.01238852350923,31.22044689914396,97.76917395669732 131.01238964689875,31.220446442528143,97.53973372873384 131.01239076839124,31.22044598914127,97.31047530978417 131.0123918879964,31.22044553896436,97.08139633746326 131.01239300572382,31.22044509197857,96.85249447721176 131.01239412158304,31.22044464816528,96.62376742826072 131.0123952355837,31.22044420750592,96.39521292661291 131.0123963477354,31.22044376998213,96.16682872715177 131.0123974580477,31.2204433355757,95.93861263047876 131.0123985665302,31.220442904268527,95.71056245408806 131.0123996731924,31.22044247604268,95.48267605721648 131.01240077804383,31.220442050880308,95.2549513229514 131.012401881094,31.22044162876375,95.0273861612129 131.01240298235248,31.220441209675457,94.79997851571169 131.01240408182872,31.220440793598005,94.5727263569922 131.0124051795323,31.22044038051412,94.34562767944904 131.01240627547267,31.220439970406588,94.11868051226224 131.01240736965931,31.22043956325838,93.89188290945728 131.0124084621016,31.220439159052567,93.66523294791668 131.0124095528091,31.220438757772342,93.43872873533228 131.01241064179115,31.220438359401,93.21236840324735 131.01241172905725,31.22043796392193,92.9861501120274 131.01241281461682,31.2204375713187,92.76007204390022 131.01241389847925,31.22043718157493,92.53413240693432 131.01241498065394,31.22043679467433,92.30832943603174 131.0124160611502,31.220436410600804,92.08266138696447 131.01241713997743,31.22043602933824,91.8571265443258 131.01241821714495,31.22043565087074,91.63172321059768 131.01241929266217,31.220435275182425,91.40644971807784 131.01242036653835,31.22043490225757,91.18130441595808 131.0124214387828,31.22043453208049,90.95628568026471 131.0124225094048,31.22043416463565,90.73139190689976 131.0124235784136,31.220433799907568,90.50662151561797 131.01242464581847,31.220433437880885,90.28197294704452 131.0124257116286,31.22043307854032,90.0574446656568 131.01242677585327,31.22043272187067,89.83303515083853 131.01242783850162,31.22043236785684,89.60874290781452 131.0124288995828,31.22043201648379,89.38456646168582 131.012429959106,31.2204316677366,89.1605043594185 131.01243101708027,31.220431321600422,88.93655516487314 131.0124320735148,31.22043097806048,88.71271746178705 131.01243312841868,31.220430637102098,88.48898985476869 131.01243418180087,31.22043029871064,88.26537096730915 131.01243523367043,31.220429962871624,88.04185944078867 131.01243628403645,31.22042962957056,87.81845393547033 131.01243733290772,31.22042929879309,87.59515313149451 131.01243838029336,31.22042897052491,87.37195572390861 131.01243942620223,31.220428644751816,87.1488604276372 131.0124404706432,31.22042832145964,86.92586597748209 131.0124415136251,31.220428000634303,86.70297112215853 131.01244255515687,31.220427682261803,86.48017462628266 131.0124435952472,31.220427366328217,86.25747527335437 131.0124446339048,31.220427052819662,86.0348718647626 131.01244567113855,31.220426741722385,85.81236321382248 131.0124467069571,31.220426433022613,85.58994815571369 131.012447741369,31.220426126706705,85.36762553754225 131.012448774383,31.220425822761086,85.14539421933316 131.01244980600757,31.22042552117222,84.9232530839715 131.01245083625133,31.22042522192665,84.70120102427974 131.01245186512278,31.22042492501099,84.47923694798833 131.0124528926304,31.22042463041189,84.25735977972307 131.01245391878254,31.22042433811613,84.035568456036 131.01245494358758,31.220424048110463,83.81386193037476 131.01245596705388,31.220423760381767,83.59223917010081 131.0124569891898,31.22042347491698,83.37069915052534 131.0124580100035,31.220423191703084,83.14924086982019 131.01245902950325,31.22042291072712,82.92786333311224 131.01246004769712,31.220422631976184,82.70656555944302 131.01246106459328,31.220422355437456,82.4853465877321 131.01246208019975,31.220422081098185,82.26420545590254 131.01246309452455,31.22042180894564,82.04314122772027 131.01246410757568,31.220421538967173,81.8221529729126 131.012465119361,31.2204212711502,81.60123977412779 131.01246612988837,31.22042100548217,81.38040072693369 131.01246713916552,31.220420741950623,81.15963493981856 131.0124681472003,31.22042048054313,80.93894153021492 131.01246915400043,31.220420221247352,80.71831963145812 131.01247015957347,31.220419964050976,80.4977683818508 131.01247116392696,31.22041970894175,80.27728693659277 131.01247216706847,31.220419455907496,80.05687445883369 131.01247316900546,31.22041920493609,79.83653012166195 131.01247416974533,31.220418956015443,79.61625311307438 131.01247516929547,31.22041870913356,79.39604262901825 131.01247616766312,31.220418464278463,79.17589787339088 131.01247716485543,31.220418221438248,78.95581806698682 131.0124781608797,31.220417980601088,78.73580243159257 131.0124791557429,31.220417741755167,78.51585020589138 131.01248014945216,31.220417504888783,78.29596063552307 131.01248114201442,31.220417269990232,78.07613297706014 131.01248213343652,31.22041703704789,77.85636649601987 131.01248312372533,31.220416806050206,77.6366604638815 131.01248411288762,31.220416576985663,77.4170141680278 131.0124851009301,31.220416349842804,77.19742689882166 131.0124860878594,31.220416124610235,76.9778979575589 131.0124870736821,31.2204159012766,76.75842665447988 131.01248805840467,31.22041567983063,76.53901230976427 131.0124890420335,31.220415460261087,76.3196542465715 131.01249002457504,31.220415242556783,76.10035180595294 131.01249100603553,31.220415026706608,75.88110432995204 131.0124919864211,31.22041481269952,75.66191116756916 131.01249296573806,31.22041460052446,75.44277167973162 131.01249394399227,31.220414390170514,75.22368523432361 131.01249492118987,31.220414181626776,75.0046512091684 131.0124958973368,31.22041397488241,74.78566898208757 131.0124968724388,31.22041376992664,74.56673794879447 131.0124978465017,31.22041356674872,74.34785750102448 131.01249881953115,31.220413365337983,74.12902705039262 131.0124997915328,31.22041316568383,73.91024600453662 131.01250076251225,31.220412967775687,73.69151377904473 131.01250173247487,31.220412771603065,73.47282980640315 131.01250270142614,31.220412577155507,73.25419351909667 131.01250366937128,31.220412384422644,73.03560435060265 131.01250463631558,31.22041219339411,72.81706175229004 131.01250560226424,31.220412004059664,72.59856517353869 131.0125065672223,31.22041181640908,72.3801140776437 131.01250753119476,31.220411630432206,72.16170792491681 131.01250849418653,31.220411446118927,71.94334618958513 131.0125094562025,31.2204112634592,71.72502834885715 131.0125104172474,31.220411082443043,71.50675388391572 131.01251137732595,31.22041090306053,71.28852228787184 131.01251233644282,31.2204107253018,71.07033305085262 131.01251329460243,31.220410549157005,70.8521856818714 131.01251425180928,31.22041037461642,70.63407967999967 131.01251520806773,31.22041020167033,70.41601455921858 131.01251616338214,31.22041003030912,70.19798983947274 131.0125171177567,31.2204098605232,69.98000504070541 131.01251807119547,31.22040969230304,69.76205969677576 131.0125190237026,31.220409525639177,69.54415333557733 131.012519975282,31.22040936052221,69.32628549792551 131.01252092593768,31.22040919694281,69.10845572861089 131.01252187567337,31.22040903489168,68.89066357739316 131.01252282449283,31.220408874359592,68.67290859502526 131.01252377239973,31.22040871533736,68.45519034418761 131.01252471939767,31.220408557815905,68.23750838457767 131.01252566549016,31.220408401786173,68.01986228881468 131.01252661068062,31.220408247239167,67.80225162454622 131.0125275549724,31.220408094165947,67.58467597433041 131.01252849836877,31.220407942557664,67.36713491575361 131.01252944087292,31.22040779240549,67.14962803833038 131.01253038248805,31.220407643700703,66.93215493356223 131.0125313232171,31.220407496434586,66.71471519394385 131.0125322630631,31.220407350598503,66.49730842091564 131.0125332020289,31.220407206183907,66.27993421989348 131.0125341401173,31.22040706318227,66.06259219629199 131.01253507733122,31.22040692158517,65.84528196049563 131.01253601367307,31.220406781384167,65.62800313282834 131.01253694914564,31.220406642570968,65.41075533261952 131.0125378837513,31.220406505137287,65.19353818019133 131.0125388174926,31.220406369074944,64.97635130680014 131.0125397503719,31.22040623437576,64.75919434171317 131.0125406823915,31.22040610103165,64.54206692413769 131.0125416135535,31.22040596903459,64.32496869129197 131.0125425438603,31.220405838376607,64.10789928536353 131.0125434733138,31.220405709049807,63.89085835450403 131.01254440191607,31.22040558104633,63.67384554686383 131.01254532966908,31.220405454358385,63.45686051854539 131.01254625657467,31.220405328978256,63.23990292366219 131.01254718263468,31.22040520489827,63.022972426267536 131.01254810785088,31.22040508211081,62.80606868842607 131.01254903222485,31.22040496060835,62.58919137816596 131.01254995575832,31.220404840383384,62.3723401674909 131.01255087845274,31.220404721428487,62.15551472840386 131.01255180030967,31.22040460373631,61.93871473787762 131.0125527213305,31.22040448729952,61.72193988083677 131.01255364151655,31.22040437211088,61.50518983723462 131.01255456086912,31.220404258163207,61.28846429298847 131.01255547938948,31.22040414544936,61.07176294196734 131.0125563970788,31.22040403396226,60.85508547306932 131.01255731393815,31.22040392369492,60.63843158612678 131.01255822996865,31.220403814640378,60.4218009779888 131.01255914517122,31.220403706791725,60.20519335345676 131.01256005954687,31.22040360014216,59.9886084153432 131.01256097309638,31.22040349468488,59.77204586944184 131.01256188582067,31.220403390413164,59.5555054314872 131.01256279772048,31.22040328732036,59.33898681224225 131.01256370879656,31.22040318539988,59.12248972843388 131.01256461904953,31.220403084645152,58.9060138997709 131.01256552848,31.22040298504971,58.68955904894343 131.01256643708857,31.22040288660712,58.47312489963517 131.01256734487575,31.220402789311,58.25671118049956 131.01256825184203,31.22040269315504,58.04031762217768 131.0125691579878,31.22040259813297,57.82394395729816 131.0125700633134,31.22040250423861,57.60758992147132 131.0125709678192,31.220402411465795,57.39125525030661 131.01257187150551,31.22040231980844,57.17493969034846 131.0125727743725,31.220402229260493,56.95864297919319 131.0125736764204,31.220402139815985,56.74236486736039 131.0125745776494,31.220402051468994,56.526105100398055 131.01257547805957,31.220401964213643,56.30986342882441 131.012576377651,31.220401878044104,56.09363961110975 131.0125772764237,31.22040179295462,55.87743339777102 131.01257817437775,31.220401708939487,55.66124455025977 131.01257907151307,31.22040162599304,55.44507282903272 131.01257996782957,31.22040154410968,55.22891799653446 131.01258086332714,31.220401463283824,55.01277981918524 131.01258175800572,31.22040138351,54.7966580673812 131.0125826518651,31.220401304782765,54.5805525065475 131.01258354490503,31.220401227096698,54.36446291204975 131.01258443712535,31.22040115044645,54.14838906124111 131.0125853285258,31.220401074826743,53.93233072948634 131.0125862191061,31.22040100023232,53.71628769811394 131.0125871088659,31.220400926657973,53.50025974845208 131.01258799780484,31.220400854098568,53.28424666282252 131.01258888592267,31.220400782549,53.06824823149928 131.01258977321896,31.22040071200421,52.85226424077946 131.01259065969327,31.22040064245917,52.63629448590661 131.01259154534523,31.220400573908982,52.420338755165325 131.01259243017435,31.22040050634869,52.20439684777436 131.01259331418024,31.220400439773435,51.98846856096421 131.01259419736235,31.2204003741784,51.77255369097063 131.0125950797202,31.22040030955881,51.55665204794642 131.0125959612533,31.220400245909943,51.34076343110873 131.01259684196117,31.220400183227103,51.12488764563879 131.01259772184315,31.220400121505644,50.90902450268228 131.01259860089883,31.22040006074099,50.69317381338418 131.01259947912757,31.22040000092856,50.47733539087746 131.0126003565288,31.220399942063853,50.26150904730029 131.01260123310195,31.220399884142388,50.04569460373765 131.0126021088465,31.22039982715973,49.82989187729736 131.01260298376178,31.22039977111152,49.61410068906353 131.0126038578472,31.22039971599336,49.39832086409619 131.0126047311022,31.22039966180096,49.18255222844896 131.01260560352614,31.220399608530048,48.96679460817527 131.0126064751184,31.22039955617638,48.75104783231028 131.01260734587837,31.220399504735767,48.5353117328711 131.0126082158055,31.220399454204045,48.31958614386278 131.0126090848991,31.22039940457708,48.10387090227217 131.0126099531586,31.220399355850788,47.88816584508589 131.0126108205834,31.220399308021108,47.6724708122724 131.0126116871729,31.22039926108404,47.45678564379986 131.0126125529264,31.220399215035577,47.24111018261823 131.01261341784345,31.22039916987177,47.025444278636094 131.0126142819234,31.22039912558871,46.80978777679112 131.01261514516565,31.22039908218249,46.59414052699081 131.01261600756956,31.22039903964927,46.37850238113106 131.01261686913472,31.220398997985225,46.16287319110709 131.01261772986047,31.220398957186543,45.9472528157726 131.0126185897462,31.22039891724948,45.73164110702229 131.01261944879153,31.220398878170275,45.51603792867967 131.01262030699584,31.220398839945243,45.30044313959762 131.01262116435856,31.220398802570674,45.08485660359906 131.0126220208793,31.220398766042937,44.86927818649484 131.01262287655754,31.2203987303584,44.65370775508959 131.01262373139275,31.22039869551345,44.43814517618792 131.01262458538454,31.22039866150451,44.22259031957593 131.01262543853244,31.22039862832804,44.00704306100459 131.012626290836,31.22039859598049,43.79150327324199 131.0126271422948,31.2203985644584,43.575970830050174 131.01262799290856,31.220398533758225,43.360445612149455 131.0126288426768,31.220398503876552,43.14492749827193 131.01262969159916,31.22039847480992,42.92941636913747 131.01263053967537,31.220398446554903,42.71391210944219 131.01263138690507,31.22039841910813,42.49841460288767 131.01263223328803,31.220398392466187,42.28292373615784 131.0126330788239,31.220398366625737,42.06743939991265 131.01263392351248,31.22039834158344,41.85196148282349 131.0126347673535,31.220398317335928,41.63648987853226 131.01263561034676,31.220398293879928,41.42102447869221 131.01263645249216,31.220398271212165,41.20556517793887 131.0126372937894,31.22039824932932,40.99011187786613 131.01263813423844,31.220398228228152,40.77466447509719 131.01263897383913,31.22039820790541,40.55922286824322 131.0126398125914,31.220398188357866,40.34378696287401 131.01264065049517,31.22039816958229,40.128356662570894 131.01264148755047,31.220398151575484,39.91293187190897 131.01264232375715,31.220398134334232,39.69751249745136 131.01264315911536,31.220398117855364,39.48209845172592 131.01264399362506,31.220398102135714,39.26668964129535 131.01264482728627,31.22039808717211,39.05128598067518 131.01264566009922,31.220398072961405,38.83588738338664 131.0126464920639,31.220398059500432,38.620493763944665 131.01264732318054,31.220398046786062,38.405105040840766 131.01264815344928,31.220398034815176,38.18972113554855 131.01264898287025,31.220398023584654,37.97434196059414 131.01264981144377,31.22039801309137,37.7589674454037 131.01265063917006,31.220398003332225,37.54359750747375 131.01265146604933,31.220397994304097,37.32823207722425 131.01265229208195,31.22039798600392,37.11287107513358 131.0126531172683,31.220397978428583,36.89751443162135 131.01265394160856,31.220397971574982,36.68216207909512 131.0126547651033,31.220397965440057,36.466813945985926 131.0126555877528,31.22039796002071,36.251469963706846 131.01265640955756,31.220397955313864,36.03613006665333 131.01265723051807,31.220397951316453,35.82079419120876 131.01265805063474,31.220397948025376,35.605462271768275 131.01265886990808,31.220397945437576,35.39013424968553 131.01265968833872,31.220397943549976,35.17481006333183 131.01266050592713,31.2203979423595,34.959489653066605 131.01266132267395,31.22039794186308,34.74417296123719 131.01266213857974,31.2203979420576,34.52885993118512 131.01266295364525,31.22039794294004,34.31355050923404 131.01266376787103,31.220397944507287,34.098244640713446 131.01266458125775,31.22039794675626,33.882942273934944 131.01266539380623,31.220397949683896,33.66764335820431 131.01266620551715,31.22039795328708,33.45234784382109 131.01266701639125,31.22039795756275,33.23705568009082 131.0126678264293,31.2203979625078,33.02176682427181 131.0126686356321,31.220397968119126,32.8064812266634 131.01266944400055,31.22039797439364,32.59119884651195 131.01267025153535,31.22039798132821,32.37591963809312 131.0126710582375,31.22039798891976,32.16064355965884 131.01267186410774,31.22039799716513,31.945370570455253 131.0126726691471,31.22039800606122,31.730100631716525 131.0126734733564,31.220398015604903,31.514833702688527 131.0126742767366,31.220398025793028,31.299569750570104 131.01267507928867,31.220398036622463,31.084308732618563 131.01267588101356,31.220398048090043,30.869050621003243 131.01267668191232,31.22039806019264,30.65379537795204 131.01267748198583,31.22039807292704,30.438542970663285 131.0126782812352,31.220398086290096,30.223293368323727 131.01267907966138,31.22039810027863,30.00804654111401 131.01267987726547,31.22039811488942,29.792802460208826 131.0126806740485,31.22039813011931,29.57756109479465 131.01268147001156,31.22039814596505,29.36232241902838 131.0126822651557,31.220398162423443,29.14708640507871 131.01268305948193,31.220398179491244,28.93185303207322 131.01268385299147,31.22039819716523,28.716622271186143 131.01268464568528,31.22039821544214,28.50139410154505 131.01268543756464,31.22039823431873,28.28616850028884 131.01268622863043,31.22039825379172,28.070945445550784 131.012687018884,31.220398273857825,27.855724917452093 131.0126878083263,31.22039829451376,27.6405068961142 131.01268859695855,31.220398315756213,27.425291363646533 131.01268938478182,31.220398337581887,27.21007830514101 131.01269017179726,31.220398359987456,26.99486769773636 131.01269095800595,31.220398382969574,26.77965953248917 131.01269174340908,31.2203984065249,26.56445378952049 131.0126925280077,31.220398430650068,26.34925045690446 131.012693311803,31.220398455341726,26.13404952172103 131.01269409479605,31.22039848059645,25.918850971049995 131.01269487698795,31.220398506410906,25.703654793959604 131.01269565837978,31.220398532781644,25.48846097951792 131.01269643897268,31.220398559705263,25.27326951579885 131.01269721876773,31.22039858717832,25.05808039783528 131.01269799776594,31.220398615197382,24.84289361370106 131.01269877596846,31.220398643759,24.6277091564408 131.01269955337628,31.220398672859687,24.41252702208136 131.0127003299904,31.220398702495984,24.1973471996907 131.0127011058119,31.220398732664385,23.98216968728397 131.01270188084175,31.22039876336141,23.766994479894 131.01270265508094,31.220398794583488,23.551821573547503 131.01270342853044,31.220398826327152,23.336650966259697 131.0127042011912,31.22039885858884,23.12148264908664 131.01270497306407,31.22039889136497,22.90631662799657 131.01270574415008,31.220398924652017,22.691152896033923 131.01270651444997,31.220398958446367,22.47599145519024 131.0127072839646,31.22039899274446,22.260832307457207 131.01270805269488,31.22039902754268,22.04567544886161 131.01270882064148,31.22039906283739,21.83052088338328 131.0127095878053,31.220399098625,21.6153686110256 131.0127103541869,31.220399134901832,21.40021863775672 131.01271111978707,31.220399171664265,21.18507096258587 131.01271188460646,31.22039920890863,20.96992558949289 131.0127126486456,31.22039924663123,20.75478252345184 131.0127134119052,31.22039928482839,20.539641770430872 131.0127141743857,31.220399323496423,20.32450333142752 131.0127149360877,31.22039936263159,20.109367218374835 131.01271569701154,31.22039940223017,19.894233430281925 131.01271645715772,31.220399442288453,19.679101981070247 131.0127172165265,31.22039948280265,19.463972871737244 131.0127179751183,31.22039952376904,19.24884611322185 131.0127187329333,31.22039956518384,19.033721712486507 131.0127194899718,31.220399607043248,18.818599678481835 131.01272024623387,31.220399649343484,18.60348002115272 131.0127210017197,31.22039969208075,18.38836274944981 131.01272175642927,31.220399735251224,18.173247872323927 131.01272251036255,31.220399778851068,17.958135399719858 131.01272326351955,31.22039982287644,17.743025345559108 131.01272401590003,31.220399867323508,17.52791771680416 131.01272476750387,31.220399912188405,17.312812530359068 131.01272551833074,31.220399957467222,17.097709795174502 131.01272626838033,31.22040000315613,16.882609521195494 131.01272701765225,31.2204000492512,16.667511726320242 131.01272776614596,31.220400095748527,16.452416421487914 131.01272851386096,31.220400142644216,16.237323618631816 131.01272926079656,31.220400189934296,16.022233337638525 131.01273000695207,31.22040023761487,15.807145587458963 131.01273075232666,31.220400285681965,15.5920603849973 131.01273149691949,31.22040033413162,15.376977744175216 131.01273224072955,31.220400382959856,15.161897683885297 131.01273298375582,31.22040043216271,14.946820216060935 131.01273372599715,31.220400481736185,14.731745360588947 131.0127344674522,31.22040053167626,14.516673130396963 131.01273520811972,31.22040058197892,14.301603546365952 131.0127359479982,31.220400632640136,14.086536623411927 131.01273668708615,31.220400683655875,13.871472381421755 131.01273742538183,31.220400735022068,13.656410837299836 131.01273816288355,31.22040078673466,13.441352006956452 131.01273889958935,31.220400838789576,13.22629591624355 131.01273963549727,31.220400891182727,13.01124257908312 131.01274037060523,31.22040094391,12.796192018344652 131.01274110491096,31.22040099696729,12.58114424993856 131.01274183841213,31.22040105035047,12.366099298722752 131.0127425711062,31.22040110405539,12.151057182595986 131.01274330299057,31.220401158077905,11.936017926416255 131.01274403406245,31.22040121241384,11.72098154708822 131.0127447643189,31.220401267059,11.505948070464129 131.0127454937569,31.220401322009177,11.2909175194137 131.01274622237327,31.220401377260185,11.07588991481844 131.0127469501646,31.22040143280776,10.860865281536444 131.01274767712735,31.22040148864768,10.645843642437628 131.01274840325783,31.22040154477564,10.430825022380205 131.0127491285522,31.22040160118737,10.215809447216603 131.0127498530064,31.22040165787855,10.00079694081101 131.01275057661616,31.22040171484487,9.785787531998457 131.01275129937704,31.22040177208196,9.57078124663151 131.01275202128443,31.220401829585448,9.355778108574455 131.0127527423336,31.220401887350945,9.140778147656622 131.01275346251927,31.22040194537401,8.925781395695735 131.0127541818364,31.220402003650207,8.71078787755039 131.01275490027933,31.22040206217504,8.495797625038398 131.01275561784234,31.22040212094399,8.280810668983461 131.01275633451942,31.22040217995253,8.065827040209333 131.0127570503043,31.22040223919605,7.8508467705339875 131.01275776519043,31.22040229866996,7.635869894757958 131.01275847917094,31.22040235836957,7.4208964446993315 131.01275919223872,31.22040241829019,7.205926457147098 131.01275990442917,31.22040247843683,6.990959813800672 131.01276061573384,31.22040253880456,6.775996551448909 131.01276132616343,31.220402599392784,6.561036644248386 131.01276203572536,31.220402660200264,6.346080070332256 131.012762744427,31.22040272122572,6.131126815786986 131.01276345227572,31.22040278246792,5.916176857751472 131.0127641592788,31.220402843925648,5.701230178335437 131.0127648654434,31.22040290559768,5.486286764619419 131.0127655707766,31.220402967482816,5.271346592748056 131.01276627528551,31.220403029579863,5.056409650795977 131.01276697897708,31.220403091887672,4.8414759159019125 131.0127676818582,31.22040315440505,4.626545371169584 131.0127683839357,31.220403217130883,4.4116179987085 131.01276908521635,31.22040328006401,4.196693782616489 131.01276978570672,31.220403343203333,3.9817727020204825 131.0127704854135,31.22040340654773,3.7668547400240615 131.01277118434317,31.220403470096123,3.551939880724962 131.01277188250208,31.22040353384741,3.3370281012616334 131.01277257989662,31.22040359780054,3.122119388714282 131.01277327653307,31.220403661954457,2.907213720221298 131.01277397241765,31.220403726308128,2.692311078886098 131.01277466755633,31.22040379086052,2.477411446817885 131.0127753619552,31.22040385561061,2.2625148091083624 131.01277605562015,31.220403920557416,2.047621136930727 131.01277674855703,31.22040398569993,1.8327304213416653 131.0127774407716,31.220404051037207,1.617842639479361 131.01277813226952,31.220404116568258,1.4029577724586666 131.01277882305632,31.22040418229216,1.188075799406047 131.0127795131375,31.22040424820795,0.973196705412986 131.01278020251848,31.220404314314727,0.7583204676175214 131.0127807153316,31.220404362628912,0.5602998523545786 131.0127809534184,31.22040439547396,0.4441007274085795 131.0127815308015,31.220404562812217,0.3105323109264165 131.0127816507508,31.22040447983768,0.2056482845250746 131.01278210980755,31.220404579138485,0.1150996003160892 131.0127822837418,31.220404380951592,0.0358157750600225</coordinates>
            </LineString>
        </Placemark>
        <Placemark id="1865">
            <name>flight_path</name>
            <styleUrl>#1866</styleUrl>
            <LineString id="1864">
                <altitudeMode>clampToGround</altitudeMode>
                <coordinates>131.010392,31.222216000000007,0.0 131.0103920000045,31.222215999991075,0.0 131.0103920000085,31.222215999994766,0.0 131.0103920000085,31.222215999994766,0.0 131.01039200000852,31.222215999994766,0.0 131.01039201539675,31.22221599246117,0.0 131.0103920617776,31.22221596990869,0.0 131.01039213193175,31.22221593580231,0.0 131.01039220552698,31.222215900001803,0.0 131.0103923261533,31.222215841380503,0.0 131.01039241011944,31.222215800500727,0.0 131.01039255023213,31.22221573238213,0.0 131.0103926908424,31.222215663995925,0.0 131.01039284206664,31.22221559043897,0.0 131.01039301222698,31.2222155076778,0.0 131.01039319835945,31.22221541714896,0.0 131.01039339622227,31.222215320908244,0.0 131.0103936086097,31.222215217601374,0.0 131.01039382835415,31.2222151107022,0.0 131.0103940692252,31.222214993537087,0.0 131.0103943154942,31.22221487372917,0.0 131.0103945800907,31.22221474501192,0.0 131.01039485370347,31.222214611898128,0.0 131.01039513986652,31.222214472675024,0.0 131.01039544418495,31.22221432462593,0.0 131.01039575462735,31.22221417358214,0.0 131.01039608061367,31.222214014978025,0.0 131.01039641907315,31.22221385030192,0.0 131.01039677261693,31.22221367828824,0.0 131.01039713608534,31.22221350143773,0.0 131.010397517966,31.22221331563664,0.0 131.01039790540767,31.22221312711366,0.0 131.01039830590005,31.22221293223868,0.0 131.01039871921526,31.222212731122088,0.0 131.01039914602634,31.222212523437697,0.0 131.0103995843797,31.222212310132328,0.0 131.01040002919007,31.222212093670787,0.0 131.010400488852,31.222211869984235,0.0 131.01040096154043,31.222211639957216,0.0 131.01040144391652,31.222211405208075,0.0 131.01040193996343,31.222211163806087,0.0 131.01040244347448,31.22221091875968,0.0 131.01040295825328,31.222210668225145,0.0 131.01040348638034,31.22221041119396,0.0 131.01040402793237,31.222210147628825,0.0 131.0104045774418,31.22220988018005,0.0 131.0104051377902,31.2222096074508,0.0 131.01040571307726,31.222209327453587,0.0 131.01040630329675,31.222209040191352,0.0 131.01040689520636,31.22220875208352,0.0 131.01040750096558,31.22220845723537,0.0 131.0104081214021,31.222208155245536,0.0 131.01040875222748,31.222207848192888,0.0 131.01040938861175,31.222207538419,0.0 131.0104100415545,31.222207220590928,0.0 131.01041070492113,31.22220689768276,0.0 131.0104113765162,31.222206570758807,0.0 131.01041206172027,31.22220623933769,0.0 131.01041275739803,31.22220590217701,0.0 131.01041346414237,31.222205560550908,0.0 131.01041418959443,31.222205210328216,0.0 131.0104149202047,31.222204858141648,0.0 131.01041566253605,31.22220450078979,0.0 131.01041642012822,31.222204136534792,0.0 131.0104171945819,31.222203764573383,0.0 131.01041796725954,31.22220339405348,0.0 131.0104187548251,31.222203016764787,0.0 131.0104195647187,31.222202628973577,0.0 131.01042037879213,31.222202239666856,0.0 131.0104211997329,31.22220184751676,0.0 131.01042203771553,31.2222014473767,0.0 131.01042288989157,31.22220104061745,0.0 131.010423748783,31.22220063101813,0.0 131.01042461693132,31.2222002172697,0.0 131.01042550065768,31.222199796049825,0.0 131.01042640017337,31.22219936715668,0.0 131.01042729985713,31.222198938774497,0.0 131.0104282170532,31.22219850170432,0.0 131.01042914459364,31.222198059660023,0.0 131.010430081416,31.222197613176,0.0 131.0104310256575,31.22219716323561,0.0 131.0104319880955,31.222196703790065,0.0 131.01043295954352,31.222196239842013,0.0 131.0104339343359,31.222195774608167,0.0 131.01043492599445,31.22219530027559,0.0 131.0104359312771,31.2221948185262,0.0 131.01043693669783,31.22219433727916,0.0 131.0104379565289,31.22219384800917,0.0 131.0104389886306,31.22219335179925,0.0 131.0104400281693,31.222192851528025,0.0 131.01044107578332,31.22219234675612,0.0 131.01044213497315,31.222191835141075,0.0 131.01044320475887,31.222191317150248,0.0 131.01044427891844,31.222190796801502,0.0 131.010445366391,31.22219026803316,0.0 131.0104464650963,31.22218973201481,0.0 131.01044756691957,31.22218919430524,0.0 131.01044868414675,31.222188646130416,0.0 131.01044980839183,31.222188093258296,0.0 131.01045093538963,31.22218753883533,0.0 131.01045207768647,31.22218697331392,0.0 131.0104532277041,31.222186402152257,0.0 131.0104543846417,31.22218582591145,0.0 131.01045555167465,31.22218524190592,0.0 131.01045672382017,31.222184654021422,0.0 131.0104579018493,31.222184061554486,0.0 131.01045909418644,31.222183457033463,0.0 131.010460284817,31.222182854221824,0.0 131.01046148963505,31.222182238928013,0.0 131.0104627024485,31.222181616316725,0.0 131.01046391689567,31.22218099231584,0.0 131.01046513906857,31.22218036105508,0.0 131.01046637812644,31.22217971299017,0.0 131.01046761639887,31.22217906557472,0.0 131.01046885514072,31.222178417871728,0.0 131.01047011357687,31.222177749061384,0.0 131.0104713663582,31.222177086162027,0.0 131.01047262809294,31.22217641322983,0.0 131.01047390976626,31.22217571678321,0.0 131.01047517515462,31.222175039270216,0.0 131.01047646001228,31.222174338098053,0.0 131.01047775466,31.22217362387415,0.0 131.01047903680615,31.22217292532076,0.0 131.01048034231684,31.22217219565268,0.0 131.01048164353867,31.222171470824566,0.0 131.0104829456643,31.22217074435704,0.0 131.0104842666752,31.22216999001075,0.0 131.01048557980835,31.222169246135493,0.0 131.01048689798355,31.2221684941158,0.0 131.01048823121073,31.22216771752901,0.0 131.0104895551688,31.22216695448644,0.0 131.01049089024434,31.22216617236424,0.0 131.0104922306612,31.222165379711218,0.0 131.0104935651768,31.22216459603403,0.0 131.01049491669963,31.222163780728508,0.0 131.0104962611787,31.22216297643393,0.0 131.01049760970238,31.22216216328829,0.0 131.01049897217686,31.222161321260604,0.0 131.010500324939,31.222160496352817,0.0 131.0105016859298,31.22215965322465,0.0 131.01050305528165,31.222158790314648,0.0 131.01050441662085,31.222157942266826,0.0 131.0105057904518,31.222157064897587,0.0 131.01050716074175,31.22215619280129,0.0 131.01050853224345,31.22215531572109,0.0 131.01050991692972,31.22215440498159,0.0 131.01051129224516,31.222153513695936,0.0 131.010512673284,31.22215260606948,0.0 131.0105140648999,31.22215166886388,0.0 131.010515444604,31.222150758827176,0.0 131.01051683814575,31.222149810228387,0.0 131.01051822996172,31.22214886262181,0.0 131.01051961879645,31.222147919944646,0.0 131.01052102085563,31.222146937985546,0.0 131.01052241470947,31.22214597500181,0.0 131.0105238141558,31.222144993207824,0.0 131.01052521887271,31.222143992863888,0.0 131.01052661730296,31.222143006913285,0.0 131.01052802644986,31.222141986595688,0.0 131.01052943110298,31.222140975583063,0.0 131.01053083653224,31.22213995881784,0.0 131.01053225186553,31.222138909273102,0.0 131.01053365973786,31.22213787805453,0.0 131.0105350730853,31.22213682712976,0.0 131.01053649010345,31.222135761724825,0.0 131.0105379025615,31.222134706293826,0.0 131.01053932703397,31.22213361186141,0.0 131.0105407437125,31.222132536982,0.0 131.0105421644028,31.2221314469314,0.0 131.01054359588505,31.22213032211516,0.0 131.01054501516384,31.22212922954761,0.0 131.0105464481384,31.222128094329538,0.0 131.0105478760674,31.222126970613424,0.0 131.0105493059488,31.222125838382585,0.0 131.0105507451683,31.22212467732664,0.0 131.0105521762794,31.2221235360843,0.0 131.01055361901135,31.22212236048829,0.0 131.01055505872878,31.222121190763698,0.0 131.01055649833933,31.22212001889752,0.0 131.01055795025397,31.22211881281797,0.0 131.01055939226623,31.222117630346943,0.0 131.0105608466881,31.22211641442704,0.0 131.01056229845426,31.22211520360732,0.0 131.0105637516039,31.22211398768624,0.0 131.01056521707895,31.22211274087553,0.0 131.01056667186575,31.222111518095232,0.0 131.0105681428883,31.22211025641605,0.0 131.0105696068928,31.22210900992222,0.0 131.0105710763432,31.22210775018717,0.0 131.0105725564372,31.22210646667612,0.0 131.01057402649616,31.222105204148143,0.0 131.01057551385884,31.2221039046256,0.0 131.01057699470556,31.22210261848284,0.0 131.01057848097437,31.222101320949065,0.0 131.01057998001096,31.22209999823917,0.0 131.01058146700694,31.22209869906664,0.0 131.01058297457402,31.222097360634898,0.0 131.0105844750834,31.222096036013536,0.0 131.01058598110345,31.22209470143017,0.0 131.01058749662482,31.22209335031208,0.0 131.01058900485995,31.2220920127146,0.0 131.0105905336079,31.222090640095427,0.0 131.01059205255476,31.2220892852682,0.0 131.0105935822585,31.222087913038155,0.0 131.01059511776603,31.222086532344623,0.0 131.01059664742624,31.22208516215752,0.0 131.01059820264652,31.22208375225172,0.0 131.0105997407863,31.222082370704257,0.0 131.0106012985236,31.22208095978197,0.0 131.01060285504593,31.22207955227699,0.0 131.01060441146035,31.222078146241728,0.0 131.01060598769587,31.222076712209816,0.0 131.01060755091282,31.222075298987527,0.0 131.0106091360501,31.222073855375704,0.0 131.0106107145813,31.2220724230552,0.0 131.01061229950042,31.22207098321183,0.0 131.0106138981921,31.22206952577019,0.0 131.0106154856987,31.222068085717936,0.0 131.01061710080572,31.222066609247864,0.0 131.0106187024742,31.22206515318432,0.0 131.01062032230635,31.22206367413665,0.0 131.01062193923224,31.22206220096312,0.0 131.01062355778083,31.2220607274284,0.0 131.01062519376447,31.22205923245652,0.0 131.01062681850112,31.2220577544292,0.0 131.01062847178392,31.222056240354668,0.0 131.01063011123455,31.22205474660125,0.0 131.01063176336586,31.222053237936983,0.0 131.0106334240709,31.222051719870592,0.0 131.01063507533766,31.222050216173173,0.0 131.01063674908775,31.22204868462611,0.0 131.0106384204928,31.222047158047683,0.0 131.0106400870583,31.222045639737804,0.0 131.01064176788083,31.22204410429112,0.0 131.01064345830295,31.222042557774333,0.0 131.01064514472745,31.22204101834461,0.0 131.01064683260773,31.222039478708563,0.0 131.01064853190226,31.22203792527486,0.0 131.01065023423055,31.222036369266224,0.0 131.01065193691127,31.22203481434157,0.0 131.0106536420254,31.222033257597165,0.0 131.01065535424155,31.222031692382966,0.0 131.0106570682005,31.22203012606101,0.0 131.0106587836791,31.222028558910143,0.0 131.0106605025051,31.22202698821314,0.0 131.01066222413772,31.222025414602005,0.0 131.0106639475236,31.22202383950489,0.0 131.01066567270863,31.222022262754567,0.0 131.01066740099074,31.2220206822588,0.0 131.01066913175512,31.222019098780024,0.0 131.0106708646458,31.22201751272937,0.0 131.01067259861924,31.22201592562247,0.0 131.01067433359353,31.222014337488293,0.0 131.01067607226855,31.222012743792583,0.0 131.01067781135288,31.222011149717293,0.0 131.01067955255024,31.222009552337767,0.0 131.01068129515613,31.22200795265851,0.0 131.01068303972028,31.222006349573103,0.0 131.01068478445495,31.22200474605268,0.0 131.01068653095066,31.22200313915599,0.0 131.01068827886883,31.22200152928262,0.0 131.01069002706527,31.22199991838857,0.0 131.0106917770327,31.22199830354821,0.0 131.01069352866696,31.221996684731188,0.0 131.01069527958344,31.221995066413555,0.0 131.0106970322713,31.22199344361425,0.0 131.01069878522347,31.22199181912261,0.0 131.01070053854315,31.221990192620616,0.0 131.01070229242052,31.22198856357352,0.0 131.01070404716248,31.2219869311749,0.0 131.0107058021448,31.22198529660354,0.0 131.01070755775405,31.221983658901287,0.0 131.01070931330116,31.22198201945069,0.0 131.0107110691065,31.221980377436992,0.0 131.01071282453364,31.22197873418808,0.0 131.01071458023983,31.221977088105376,0.0 131.01071633645265,31.22197543852655,0.0 131.01071809241452,31.22197378712946,0.0 131.01071984835482,31.22197213330538,0.0 131.0107216042154,31.22197047711308,0.0 131.01072335903507,31.221968820836903,0.0 131.01072511419184,31.221967161054422,0.0 131.01072686847047,31.22196550069989,0.0 131.01072862328922,31.221963836204377,0.0 131.01073037712598,31.22196217134133,0.0 131.01073213161234,31.2219605019762,0.0 131.0107338850725,31.221958832336167,0.0 131.01073563804627,31.22195716106101,0.0 131.0107373912496,31.221955486310048,0.0 131.01073914398378,31.22195380988288,0.0 131.01074089576449,31.221952133054263,0.0 131.01074264797344,31.221950452294223,0.0 131.01074439941692,31.22194877071177,0.0 131.0107461509784,31.22194708608012,0.0 131.01074790192476,31.22194540033624,0.0 131.010749652285,31.22194371346223,0.0 131.01075140239115,31.221942024675368,0.0 131.0107531522789,31.221940333962248,0.0 131.010754901699,31.2219386420338,0.0 131.0107566507694,31.22193694867398,0.0 131.0107583991861,31.2219352547286,0.0 131.01076014796652,31.221933557769404,0.0 131.01076189586098,31.221931860984,0.0 131.01076364410278,31.221930161449,0.0 131.01076539206326,31.22192846081331,0.0 131.0107671390163,31.22192676090349,0.0 131.01076888642822,31.221925058336705,0.0 131.0107706333966,31.221923355374887,0.0 131.0107723796045,31.221921652840862,0.0 131.01077412637056,31.22191994781524,0.0 131.01077587222528,31.221918243771857,0.0 131.01077761833568,31.22191653817561,0.0 131.01077936519735,31.22191483008332,0.0 131.0107811110638,31.221913123442057,0.0 131.01078285685745,31.22191141631541,0.0 131.0107846026408,31.22190970869612,0.0 131.0107863491354,31.221907999192545,0.0 131.0107880953827,31.22190628993076,0.0 131.0107898415629,31.221904580619142,0.0 131.01079158839508,31.221902869909343,0.0 131.01079333511095,31.221901159464643,0.0 131.01079508171085,31.22189944936212,0.0 131.01079682959397,31.22189773697355,0.0 131.0107985765314,31.221896026726668,0.0 131.01080032553878,31.22189431292629,0.0 131.01080207409913,31.221892600475314,0.0 131.01080382343403,31.221890887137143,0.0 131.01080557328154,31.22188917350064,0.0 131.01080732420277,31.221887458632324,0.0 131.01080907557093,31.22188574375633,0.0 131.01081082736948,31.221884028965228,0.0 131.01081257974903,31.221882314062032,0.0 131.0108143332221,31.221880598228097,0.0 131.01081608658163,31.22187888362545,0.0 131.01081784119577,31.221877167950066,0.0 131.01081959633694,31.221875452519004,0.0 131.01082135202935,31.221873737336765,0.0 131.0108231083286,31.22187202235808,0.0 131.01082486630975,31.221870305852075,0.0 131.01082662388566,31.221868591314934,0.0 131.01082838306093,31.221866875479574,0.0 131.01083014371787,31.22186515860084,0.0 131.01083190478118,31.221863442454083,0.0 131.01083366693152,31.22186172596153,0.0 131.0108354302082,31.221860009092257,0.0 131.0108371948734,31.22185829145469,0.0 131.01083895906697,31.221856576020127,0.0 131.0108407245783,31.22185485995692,0.0 131.01084249113066,31.22185314372369,0.0 131.010844258182,31.22185142818076,0.0 131.01084602698756,31.221849711358693,0.0 131.0108477956365,31.22184799625881,0.0 131.0108495647291,31.22184628193116,0.0 131.01085133644662,31.221844564956484,0.0 131.01085310893436,31.22184284823201,0.0 131.01085488135973,31.221841133047164,0.0 131.01085665544164,31.22183941669257,0.0 131.01085843046633,31.22183770026775,0.0 131.01086020658997,31.221835983504217,0.0 131.0108619838829,31.221834266264867,0.0 131.01086376220616,31.221832548739645,0.0 131.01086554069192,31.221830832274136,0.0 131.01086732007542,31.221829115670964,0.0 131.01086910023696,31.22182739908115,0.0 131.01087088052645,31.221825683509344,0.0 131.01087266143617,31.221823968127733,0.0 131.01087444515397,31.22182224933728,0.0 131.01087622770007,31.221820533552545,0.0 131.01087801120477,31.221818817273416,0.0 131.01087979601235,31.221817099864584,0.0 131.01088158100336,31.22181538312057,0.0 131.01088336646228,31.22181366652425,0.0 131.01088515173623,31.221811951122675,0.0 131.0108869377797,31.22181023524828,0.0 131.0108887247605,31.22180851853746,0.0 131.01089051116332,31.22180680353893,0.0 131.01089229822213,31.221805088071573,0.0 131.01089408646612,31.221803371121087,0.0 131.0108958751017,31.221801654006686,0.0 131.010897663003,31.221799938691657,0.0 131.0108994511958,31.221798223290698,0.0 131.01090124053272,31.221796506161635,0.0 131.01090303020194,31.22179478869792,0.0 131.01090481985065,31.22179307149713,0.0 131.0109066093627,31.221791354722736,0.0 131.01090839941352,31.22178963702846,0.0 131.0109101886091,31.22178792100257,0.0 131.0109119788844,31.221786202858056,0.0 131.01091376906987,31.22178448476532,0.0 131.01091555966548,31.22178276568115,0.0 131.0109173497468,31.22178104737557,0.0 131.01091913931313,31.221779329810097,0.0 131.01092092944097,31.221777610724857,0.0 131.01092271973536,31.221775890830244,0.0 131.01092451064787,31.22177416911253,0.0 131.01092630066907,31.22177244867036,0.0 131.01092809046528,31.22177072806688,0.0 131.01092988136207,31.22176900437313,0.0 131.01093167104884,31.221767282494888,0.0 131.01093346135897,31.221765558408794,0.0 131.01093525128795,31.221763834235745,0.0 131.01093704005703,31.221762111681343,0.0 131.0109388287175,31.221760388352703,0.0 131.01094061676005,31.221758665334583,0.0 131.01094240425007,31.22175694243756,0.0 131.0109441911729,31.221755219651865,0.0 131.01094597751495,31.22175349696818,0.0 131.0109477632633,31.221751774377616,0.0 131.0109495484061,31.22175005187172,0.0 131.01095133293242,31.22174832944252,0.0 131.01095311683224,31.221746607082466,0.0 131.0109549000965,31.221744884784496,0.0 131.01095668271702,31.221743162542044,0.0 131.01095846468664,31.221741440348964,0.0 131.01096024599914,31.22173971819964,0.0 131.0109620266492,31.221737996088912,0.0 131.0109638066324,31.22173627401209,0.0 131.01096558594543,31.22173455196505,0.0 131.01096736458572,31.221732829944006,0.0 131.01096914255163,31.22173110794576,0.0 131.0109709198425,31.22172938596756,0.0 131.0109726964586,31.221727664007098,0.0 131.01097447240093,31.221725942062594,0.0 131.01097624767155,31.221724220132685,0.0 131.01097802227315,31.221722498216494,0.0 131.01097979620948,31.221720776313564,0.0 131.01098156948493,31.221719054423897,0.0 131.0109833421047,31.221717332547936,0.0 131.01098511407494,31.221715610686555,0.0 131.01098688540233,31.221713888841023,0.0 131.01098865609444,31.221712167013056,0.0 131.01099042615945,31.221710445204742,0.0 131.0109921956063,31.221708723418537,0.0 131.0109939644445,31.22170700165733,0.0 131.01099573268428,31.22170527992431,0.0 131.0109975003365,31.221703558223066,0.0 131.01099926741247,31.221701836557514,0.0 131.01100103392417,31.22170011493189,0.0 131.01100279988407,31.22169839335075,0.0 131.01100456530517,31.221696671818943,0.0 131.01100633020087,31.221694950341625,0.0 131.0110080945851,31.221693228924217,0.0 131.0110098584721,31.22169150757236,0.0 131.01101162187666,31.221689786292018,0.0 131.01101338481377,31.22168806508932,0.0 131.0110151472988,31.22168634397065,0.0 131.01101690934743,31.221684622942576,0.0 131.01101867097563,31.22168290201186,0.0 131.0110204321996,31.221681181185428,0.0 131.01102219303567,31.22167946047037,0.0 131.01102395350048,31.22167773987393,0.0 131.01102571361076,31.221676019403475,0.0 131.01102747338342,31.22167429906649,0.0 131.01102923283537,31.22167257887055,0.0 131.01103099198372,31.22167085882334,0.0 131.01103275084552,31.2216691389326,0.0 131.0110345094379,31.22166741920612,0.0 131.011036267778,31.221665699651755,0.0 131.01103802588284,31.221663980277405,0.0 131.01103978376952,31.22166226109096,0.0 131.01104154145497,31.22166054210033,0.0 131.011043298956,31.221658823313422,0.0 131.0110450562894,31.221657104738124,0.0 131.0110468134717,31.22165538638228,0.0 131.01104857051925,31.221653668253705,0.0 131.01105032744834,31.22165195036016,0.0 131.01105208427495,31.22165023270933,0.0 131.01105384101487,31.22164851530884,0.0 131.01105559768357,31.221646798166223,0.0 131.01105735429633,31.22164508128892,0.0 131.01105911086813,31.22164336468424,0.0 131.0110608674136,31.2216416483594,0.0 131.01106262394717,31.22163993232148,0.0 131.0110643804827,31.22163821657744,0.0 131.01106613703402,31.22163650113409,0.0 131.01106789361432,31.22163478599808,0.0 131.0110696502366,31.221633071175926,0.0 131.01107140691337,31.221631356673942,0.0 131.0110731636568,31.22162964249832,0.0 131.01107492047862,31.22162792865503,0.0 131.01107667739015,31.22162621514988,0.0 131.01107843440235,31.221624501988465,0.0 131.01108019152562,31.22162278917621,0.0 131.01108194877,31.221621076718336,0.0 131.01108370614503,31.221619364619844,0.0 131.01108546365998,31.22161765288555,0.0 131.01108722132335,31.22161594152003,0.0 131.01108897914347,31.221614230527663,0.0 131.01109073712803,31.2216125199126,0.0 131.01109249528434,31.221610809678783,0.0 131.01109425361923,31.22160909982992,0.0 131.01109601213895,31.221607390369485,0.0 131.0110977708494,31.221605681300744,0.0 131.011099529756,31.221603972626703,0.0 131.01110128886367,31.2216022643502,0.0 131.01110304817684,31.22160055647376,0.0 131.01110480769947,31.221598848999754,0.0 131.01110656743515,31.22159714193029,0.0 131.0111083273869,31.22159543526723,0.0 131.01111008755728,31.22159372901225,0.0 131.0111118479485,31.22159202316675,0.0 131.0111136085622,31.221590317731923,0.0 131.0111153693997,31.221588612708725,0.0 131.01111713046177,31.221586908097887,0.0 131.01111889174877,31.221585203899927,0.0 131.01112065326072,31.22158350011515,0.0 131.0111224149971,31.22158179674362,0.0 131.01112417695705,31.22158009378523,0.0 131.01112593913933,31.22157839123962,0.0 131.01112770154222,31.221576689106264,0.0 131.01112946416367,31.221574987384404,0.0 131.0111312270012,31.22157328607309,0.0 131.01113299005206,31.221571585171187,0.0 131.01113475331303,31.22156988467736,0.0 131.01113651678057,31.22156818459007,0.0 131.01113828045084,31.22156648490764,0.0 131.01114004431963,31.22156478562818,0.0 131.01114180838243,31.22156308674964,0.0 131.01114357263438,31.221561388269787,0.0 131.01114533707036,31.22155969018626,0.0 131.01114710168497,31.22155799249649,0.0 131.01114886647252,31.2215562951978,0.0 131.01115063142697,31.221554598287334,0.0 131.0111523965422,31.221552901762102,0.0 131.0111541618117,31.221551205619,0.0 131.0111559272288,31.221549509854725,0.0 131.01115769278647,31.22154781446593,0.0 131.01115945847772,31.22154611944911,0.0 131.0111612242951,31.221544424800623,0.0 131.0111629902312,31.221542730516745,0.0 131.01116475627825,31.22154103659364,0.0 131.01116652242848,31.22153934302738,0.0 131.01116828867376,31.22153764981393,0.0 131.01117005500603,31.22153595694917,0.0 131.01117182141695,31.22153426442892,0.0 131.01117358789818,31.22153257224888,0.0 131.01117535444115,31.22153088040472,0.0 131.0111771210373,31.22152918889203,0.0 131.01117888767783,31.22152749770631,0.0 131.01118065435412,31.221525806843065,0.0 131.01118242105724,31.221524116297715,0.0 131.01118418777833,31.221522426065626,0.0 131.0111859545084,31.221520736142136,0.0 131.01118772123857,31.221519046522584,0.0 131.0111894879598,31.221517357202217,0.0 131.0111912546631,31.22151566817632,0.0 131.0111930213394,31.221513979440104,0.0 131.0111947879798,31.22151229098881,0.0 131.01119655457526,31.221510602817663,0.0 131.0111983211168,31.221508914921856,0.0 131.0112000875955,31.221507227296616,0.0 131.01120185400245,31.22150553993717,0.0 131.0112036203288,31.22150385283872,0.0 131.01120538656585,31.221502165996537,0.0 131.01120715270474,31.22150047940586,0.0 131.01120891873694,31.221498793062,0.0 131.01121068465386,31.221497106960257,0.0 131.01121245044695,31.22149542109596,0.0 131.011214216108,31.22149373546449,0.0 131.01121598162857,31.221492050061297,0.0 131.01121774700056,31.2214903648818,0.0 131.01121951221594,31.22148867992152,0.0 131.01122127726677,31.221486995176,0.0 131.01122304214525,31.221485310640823,0.0 131.01122480684367,31.22148362631168,0.0 131.01122657135454,31.221481942184248,0.0 131.01122833567047,31.22148025825433,0.0 131.01123009978423,31.221478574517768,0.0 131.01123186368875,31.22147689097044,0.0 131.01123362737707,31.221475207608325,0.0 131.0112353908425,31.22147352442748,0.0 131.01123715407837,31.221471841424005,0.0 131.01123891707832,31.2214701585941,0.0 131.01124067983605,31.22146847593403,0.0 131.01124244234552,31.221466793440136,0.0 131.01124420460084,31.22146511110885,0.0 131.01124596659628,31.221463428936683,0.0 131.0112477283263,31.22146174692024,0.0 131.01124948978568,31.22146006505616,0.0 131.0112512509691,31.221458383341243,0.0 131.0112530118717,31.221456701772336,0.0 131.0112547724887,31.221455020346365,0.0 131.0112565328155,31.22145333906036,0.0 131.01125829284783,31.22145165791144,0.0 131.01126005258135,31.22144997689683,0.0 131.01126181201226,31.22144829601383,0.0 131.01126357113665,31.22144661525981,0.0 131.011265329951,31.22144493463229,0.0 131.01126708845192,31.221443254128843,0.0 131.01126884663623,31.221441573747125,0.0 131.01127060450096,31.22143989348492,0.0 131.0112723620433,31.22143821334008,0.0 131.01127411926066,31.22143653331056,0.0 131.0112758761507,31.221434853394417,0.0 131.01127763271123,31.221433173589773,0.0 131.0112793889402,31.22143149389485,0.0 131.0112811448359,31.221429814308014,0.0 131.01128290039662,31.22142813482764,0.0 131.011284655621,31.22142645545223,0.0 131.01128641050786,31.22142477618041,0.0 131.01128816505616,31.221423097010845,0.0 131.011289919265,31.22142141794232,0.0 131.01129167313377,31.22141973897368,0.0 131.011293426662,31.22141806010389,0.0 131.0112951798494,31.22141638133198,0.0 131.01129693269587,31.22141470265709,0.0 131.01129868520147,31.22141302407839,0.0 131.01130043736643,31.22141134559519,0.0 131.0113021891912,31.22140966720686,0.0 131.01130394067638,31.22140798891284,0.0 131.0113056918227,31.22140631071268,0.0 131.0113074426311,31.22140463260596,0.0 131.01130919310265,31.221402954592364,0.0 131.01131094323858,31.221401276671685,0.0 131.0113126930403,31.22139959884372,0.0 131.0113144425094,31.221397921108387,0.0 131.01131619164755,31.22139624346565,0.0 131.0113179404566,31.221394565915567,0.0 131.01131968893856,31.22139288845823,0.0 131.0113214370955,31.22139121109383,0.0 131.01132318492975,31.2213895338226,0.0 131.01132493244367,31.22138785664485,0.0 131.01132667963992,31.22138617956093,0.0 131.01132842652103,31.221384502571272,0.0 131.01133017308985,31.221382825676365,0.0 131.01133191934923,31.221381148876727,0.0 131.01133366530223,31.22137947217296,0.0 131.01133541095203,31.2213777955657,0.0 131.0113371563018,31.22137611905565,0.0 131.01133890135495,31.221374442643544,0.0 131.01134064611497,31.22137276633017,0.0 131.01134239058527,31.22137109011636,0.0 131.0113441347697,31.221369414002982,0.0 131.01134587867188,31.22136773799098,0.0 131.0113476222957,31.22136606208129,0.0 131.011349365645,31.221364386274928,0.0 131.01135110872383,31.221362710572908,0.0 131.01135285153634,31.221361034976315,0.0 131.0113545940866,31.22135935948623,0.0 131.01135633637884,31.221357684103783,0.0 131.01135807841737,31.221356008830163,0.0 131.0113598202065,31.22135433366653,0.0 131.01136156175076,31.221352658614112,0.0 131.0113633030545,31.221350983674142,0.0 131.01136504412236,31.221349308847884,0.0 131.01136678495882,31.22134763413662,0.0 131.01136852556857,31.22134595954165,0.0 131.01137026595623,31.2213442850643,0.0 131.01137200612663,31.22134261070588,0.0 131.0113737460844,31.22134093646777,0.0 131.01137548583435,31.22133926235133,0.0 131.01137722538135,31.22133758835792,0.0 131.0113789647302,31.221335914488936,0.0 131.01138070388575,31.22133424074576,0.0 131.01138244285295,31.221332567129807,0.0 131.01138418163663,31.221330893642463,0.0 131.01138592024188,31.22132922028516,0.0 131.01138765867344,31.221327547059296,0.0 131.01138939693638,31.22132587396628,0.0 131.01139113503564,31.221324201007544,0.0 131.01139287297616,31.221322528184487,0.0 131.01139461076292,31.22132085549851,0.0 131.0113963484009,31.22131918295105,0.0 131.01139808589505,31.22131751054349,0.0 131.0113998232503,31.2213158382772,0.0 131.01140156047165,31.221314166153604,0.0 131.01140329756393,31.221312494174068,0.0 131.01140503453215,31.22131082233996,0.0 131.0114067713812,31.221309150652623,0.0 131.01140850811595,31.22130747911342,0.0 131.01141024474134,31.221305807723688,0.0 131.01141198126203,31.221304136484736,0.0 131.01141371768304,31.221302465397866,0.0 131.011415454009,31.22130079446437,0.0 131.01141719024477,31.22129912368551,0.0 131.011418926395,31.22129745306256,0.0 131.01142066246445,31.221295782596737,0.0 131.0114223984577,31.22129411228926,0.0 131.01142413437947,31.22129244214132,0.0 131.01142587023423,31.221290772154106,0.0 131.0114276060266,31.22128910232876,0.0 131.011429341761,31.221287432666426,0.0 131.011431077442,31.221285763168183,0.0 131.01143281307387,31.22128409383515,0.0 131.01143454866104,31.22128242466836,0.0 131.01143628420775,31.22128075566885,0.0 131.01143801971836,31.221279086837647,0.0 131.01143975519696,31.221277418175728,0.0 131.01144149064774,31.22127574968404,0.0 131.0114432260748,31.22127408136351,0.0 131.0114449614821,31.221272413215047,0.0 131.01144669687372,31.221270745239536,0.0 131.0114484322535,31.221269077437807,0.0 131.01145016762527,31.22126740981068,0.0 131.01145190299292,31.221265742358955,0.0 131.01145363836005,31.22126407508337,0.0 131.0114553737304,31.22126240798468,0.0 131.0114571091075,31.22126074106356,0.0 131.0114588444949,31.221259074320685,0.0 131.01146057989612,31.22125740775669,0.0 131.01146231531447,31.2212557413722,0.0 131.01146405075326,31.22125407516778,0.0 131.0114657862158,31.22125240914397,0.0 131.0114675217052,31.2212507433013,0.0 131.01146925722463,31.22124907764024,0.0 131.01147099277705,31.22124741216125,0.0 131.01147272836545,31.22124574686475,0.0 131.01147446399273,31.22124408175113,0.0 131.01147619966164,31.221242416820736,0.0 131.01147793537493,31.22124075207392,0.0 131.01147967113528,31.221239087510952,0.0 131.01148140694522,31.221237423132106,0.0 131.01148314280726,31.221235758937613,0.0 131.01148487872385,31.22123409492768,0.0 131.01148661469728,31.221232431102475,0.0 131.01148835072982,31.22123076746213,0.0 131.01149008682364,31.221229104006763,0.0 131.01149182298087,31.22122744073645,0.0 131.0114935592035,31.22122577765123,0.0 131.01149529549346,31.221224114751127,0.0 131.01149703185263,31.22122245203612,0.0 131.0114987682827,31.22122078950618,0.0 131.01150050478554,31.221219127161223,0.0 131.0115022413626,31.221217465001143,0.0 131.01150397801544,31.22121580302582,0.0 131.0115057147455,31.221214141235087,0.0 131.0115074515542,31.22121247962876,0.0 131.01150918844274,31.22121081820661,0.0 131.01151092541238,31.221209156968406,0.0 131.01151266246418,31.22120749591388,0.0 131.0115143995992,31.22120583504271,0.0 131.0115161368184,31.221204174354583,0.0 131.01151787412263,31.221202513849168,0.0 131.01151961151268,31.22120085352604,0.0 131.01152134898922,31.22119919338484,0.0 131.01152308655284,31.221197533425105,0.0 131.01152482420417,31.221195873646405,0.0 131.01152656194358,31.221194214048246,0.0 131.01152829977147,31.221192554630143,0.0 131.01153003768812,31.22119089539156,0.0 131.01153177569367,31.22118923633195,0.0 131.01153351378835,31.22118757745073,0.0 131.01153525197216,31.22118591874733,0.0 131.011536990245,31.221184260221143,0.0 131.01153872860678,31.22118260187152,0.0 131.01154046705733,31.2211809436978,0.0 131.01154220559627,31.221179285699325,0.0 131.01154394422335,31.2211776278754,0.0 131.01154568293808,31.22117597022531,0.0 131.0115474217399,31.22117431274833,0.0 131.0115491606282,31.22117265544372,0.0 131.01155089960233,31.221170998310708,0.0 131.01155263866147,31.22116934134852,0.0 131.01155437780483,31.221167684556367,0.0 131.0115561170315,31.221166027933435,0.0 131.01155785634043,31.22116437147889,0.0 131.01155959573055,31.22116271519192,0.0 131.01156133520072,31.22116105907166,0.0 131.01156307474974,31.22115940311725,0.0 131.01156481437624,31.221157747327823,0.0 131.01156655407888,31.221156091702497,0.0 131.0115682938562,31.22115443624037,0.0 131.01157003370665,31.221152780940542,0.0 131.01157177362865,31.22115112580211,0.0 131.0115735136205,31.221149470824137,0.0 131.0115752536805,31.221147816005715,0.0 131.01157699380678,31.22114616134588,0.0 131.01157873399748,31.22114450684373,0.0 131.01158047425065,31.22114285249829,0.0 131.0115822145642,31.221141198308608,0.0 131.01158395493613,31.22113954427376,0.0 131.01158569536415,31.22113789039276,0.0 131.0115874358461,31.22113623666464,0.0 131.01158917637974,31.221134583088467,0.0 131.01159091696255,31.22113292966328,0.0 131.01159265759227,31.22113127638809,0.0 131.01159439826628,31.22112962326195,0.0 131.0115961389821,31.22112797028389,0.0 131.01159787973702,31.22112631745298,0.0 131.01159962052844,31.221124664768222,0.0 131.01160136135357,31.221123012228688,0.0 131.01160310220965,31.221121359833425,0.0 131.01160484309375,31.221119707581494,0.0 131.01160658400306,31.22111805547195,0.0 131.01160832493449,31.221116403503864,0.0 131.0116100658851,31.22111475167631,0.0 131.01161180685176,31.221113099988376,0.0 131.01161354783133,31.221111448439167,0.0 131.01161528882065,31.221109797027747,0.0 131.01161702981645,31.22110814575328,0.0 131.01161877081543,31.221106494614848,0.0 131.0116205118143,31.2211048436116,0.0 131.0116222528096,31.22110319274269,0.0 131.01162399379794,31.22110154200728,0.0 131.01162573477583,31.22109989140454,0.0 131.01162747573974,31.221098240933653,0.0 131.01162921668612,31.22109659059384,0.0 131.01163095761132,31.221094940384308,0.0 131.01163269851176,31.22109329030432,0.0 131.01163443938367,31.221091640353087,0.0 131.01163618022335,31.22108999052992,0.0 131.01163792102707,31.221088340834104,0.0 131.011639661791,31.221086691264947,0.0 131.0116414025113,31.221085041821787,0.0 131.01164314318413,31.221083392503967,0.0 131.01164488380556,31.22108174331088,0.0 131.0116466243717,31.22108009424191,0.0 131.0116483648786,31.221078445296488,0.0 131.0116501053223,31.22107679647405,0.0 131.0116518456987,31.22107514777408,0.0 131.01165358600392,31.221073499196045,0.0 131.01165532623375,31.22107185073948,0.0 131.01165706638432,31.221070202403936,0.0 131.0116588064514,31.221068554188992,0.0 131.01166054643096,31.221066906094222,0.0 131.01166228631885,31.221065258119275,0.0 131.01166402611096,31.221063610263805,0.0 131.01166576580314,31.22106196252748,0.0 131.01166750539127,31.22106031491004,0.0 131.0116692448712,31.2210586674112,0.0 131.01167098423875,31.22105702003076,0.0 131.0116727234898,31.221055372768504,0.0 131.0116744626201,31.22105372562429,0.0 131.0116762016256,31.221052078597985,0.0 131.01167794050207,31.22105043168948,0.0 131.0116796792454,31.22104878489872,0.0 131.01168141785135,31.221047138225657,0.0 131.0116831563159,31.221045491670303,0.0 131.01168489463484,31.22104384523268,0.0 131.0116866328041,31.22104219891288,0.0 131.0116883708195,31.22104055271097,0.0 131.01169010867707,31.221038906627125,0.0 131.01169184637263,31.221037260661497,0.0 131.0116935839022,31.221035614814287,0.0 131.01169532126175,31.22103396908576,0.0 131.01169705844725,31.221032323476177,0.0 131.01169879545475,31.22103067798585,0.0 131.01170053228032,31.221029032615142,0.0 131.01170226892,31.22102738736444,0.0 131.01170400536995,31.22102574223415,0.0 131.01170574162637,31.22102409722475,0.0 131.01170747768535,31.22102245233671,0.0 131.01170921354324,31.221020807570586,0.0 131.01171094919624,31.22101916292693,0.0 131.0117126846407,31.22101751840635,0.0 131.01171441987304,31.221015874009485,0.0 131.01171615488963,31.221014229737,0.0 131.01171788968696,31.22101258558964,0.0 131.01171962426153,31.221010941568103,0.0 131.01172135860995,31.22100929767321,0.0 131.01172309272894,31.22100765390575,0.0 131.01172482661505,31.2210060102666,0.0 131.01172656026517,31.221004366756627,0.0 131.0117282936761,31.22100272337677,0.0 131.01173002684473,31.221001080127987,0.0 131.01173175976805,31.220999437011244,0.0 131.01173349244308,31.220997794027586,0.0 131.01173522486698,31.220996151178056,0.0 131.01173695703693,31.22099450846376,0.0 131.01173868895023,31.220992865885805,0.0 131.01174042060418,31.220991223445345,0.0 131.01174215199632,31.22098958114357,0.0 131.01174388312407,31.22098793898168,0.0 131.0117456139852,31.220986296960938,0.0 131.0117473445773,31.22098465508261,0.0 131.01174907489815,31.220983013348004,0.0 131.0117508049458,31.22098137175843,0.0 131.01175253471814,31.220979730315264,0.0 131.01175426421327,31.22097808901988,0.0 131.01175599342943,31.22097644787369,0.0 131.0117577223649,31.220974806878143,0.0 131.0117594510181,31.220973166034664,0.0 131.01176117938755,31.220971525344755,0.0 131.01176290747185,31.220969884809925,0.0 131.0117646352698,31.22096824443168,0.0 131.01176636278015,31.22096660421157,0.0 131.01176809000202,31.22096496415116,0.0 131.01176981693436,31.22096332425204,0.0 131.01177154357643,31.220961684515792,0.0 131.01177326992757,31.22096004494404,0.0 131.01177499598717,31.220958405538408,0.0 131.01177672175484,31.22095676630053,0.0 131.01177844723028,31.22095512723209,0.0 131.01178017241327,31.220953488334725,0.0 131.01178189730382,31.22095184961013,0.0 131.01178362190197,31.22095021105999,0.0 131.01178534620797,31.22094857268598,0.0 131.01178707022208,31.220946934489824,0.0 131.01178879394487,31.22094529647321,0.0 131.0117905173769,31.220943658637875,0.0 131.01179224051896,31.220942020985493,0.0 131.0117939633719,31.220940383517807,0.0 131.01179568593673,31.22093874623653,0.0 131.01179740821465,31.22093710914336,0.0 131.01179913020687,31.220935472240008,0.0 131.01180085191498,31.22093383552819,0.0 131.0118025733404,31.2209321990096,0.0 131.01180429448496,31.220930562685936,0.0 131.01180601535043,31.220928926558862,0.0 131.01180773593887,31.220927290630087,0.0 131.01180945625237,31.220925654901244,0.0 131.01181117629324,31.220924019374,0.0 131.01181289606387,31.22092238404998,0.0 131.01181461556683,31.220920748930805,0.0 131.01181633480482,31.22091911401808,0.0 131.01181805378067,31.220917479313385,0.0 131.01181977249732,31.22091584481828,0.0 131.01182149095797,31.22091421053432,0.0 131.01182320916578,31.22091257646302,0.0 131.01182492712417,31.22091094260586,0.0 131.01182664483667,31.220909308964323,0.0 131.01182836230691,31.22090767553985,0.0 131.01183007953873,31.220906042333844,0.0 131.011831796536,31.220904409347696,0.0 131.0118335133028,31.22090277658275,0.0 131.0118352298433,31.220901144040337,0.0 131.01183694616182,31.22089951172172,0.0 131.01183866226273,31.22089787962817,0.0 131.01184037815068,31.220896247760884,0.0 131.01184209383027,31.220894616121026,0.0 131.01184380930633,31.22089298470975,0.0 131.0118455245837,31.22089135352813,0.0 131.01184723966745,31.220889722577223,0.0 131.0118489545627,31.22088809185803,0.0 131.0118506692747,31.220886461371524,0.0 131.0118523838088,31.2208848311186,0.0 131.01185409817035,31.22088320110016,0.0 131.01185581236498,31.220881571316983,0.0 131.0118575263983,31.22087994176988,0.0 131.011859240276,31.22087831245955,0.0 131.0118609540039,31.22087668338667,0.0 131.01186266758793,31.22087505455188,0.0 131.01186438103403,31.220873425955723,0.0 131.0118660943483,31.220871797598736,0.0 131.0118678075368,31.22087016948137,0.0 131.0118695206057,31.220868541604016,0.0 131.0118712335613,31.220866913967058,0.0 131.01187294640982,31.220865286570767,0.0 131.01187465915774,31.22086365941539,0.0 131.01187637181135,31.22086203250109,0.0 131.01187808437714,31.220860405828017,0.0 131.01187979686162,31.220858779396224,0.0 131.0118815092712,31.220857153205703,0.0 131.01188322161252,31.22085552725642,0.0 131.0118849338921,31.22085390154826,0.0 131.01188664611655,31.220852276081047,0.0 131.0118883582924,31.22085065085455,0.0 131.01189007042623,31.220849025868485,0.0 131.01189178252474,31.220847401122505,0.0 131.01189349459435,31.22084577661621,0.0 131.01189520664175,31.22084415234912,0.0 131.01189691867347,31.22084252832072,0.0 131.01189863069598,31.220840904530416,0.0 131.0119003427158,31.22083928097757,0.0 131.01190205473935,31.22083765766149,0.0 131.011903766773,31.220836034581424,0.0 131.01190547882317,31.22083441173655,0.0 131.01190719089607,31.22083278912599,0.0 131.011908902998,31.22083116674883,0.0 131.01191061513504,31.220829544604108,0.0 131.01191232731327,31.22082792269076,0.0 131.0119140395387,31.220826301007715,0.0 131.0119157518172,31.22082467955384,0.0 131.0119174641546,31.220823058327944,0.0 131.01191917655655,31.22082143732881,0.0 131.0119208890286,31.220819816555125,0.0 131.01192260157623,31.22081819600558,0.0 131.01192431420475,31.2208165756788,0.0 131.0119260269194,31.220814955573346,0.0 131.01192773972517,31.220813335687765,0.0 131.01192945262696,31.220811716020545,0.0 131.01193116562953,31.220810096570165,0.0 131.01193287873747,31.220808477335023,0.0 131.01193459195522,31.220806858313512,0.0 131.01193630528698,31.22080523950398,0.0 131.01193801873683,31.220803620904743,0.0 131.0119397323087,31.2208020025141,0.0 131.0119414460062,31.220800384330303,0.0 131.01194315983287,31.2207987663516,0.0 131.01194487379203,31.220797148576185,0.0 131.01194658788663,31.22079553100225,0.0 131.0119483021197,31.220793913627983,0.0 131.01195001649367,31.22079229645152,0.0 131.01195173101112,31.220790679471,0.0 131.01195344567412,31.220789062684567,0.0 131.01195516048463,31.220787446090323,0.0 131.01195687544438,31.22078582968641,0.0 131.01195859055477,31.220784213470896,0.0 131.011960305817,31.22078259744192,0.0 131.01196202123202,31.22078098159757,0.0 131.0119637368005,31.22077936593597,0.0 131.01196545252287,31.220777750455248,0.0 131.01196716839925,31.22077613515353,0.0 131.0119688844295,31.22077452002896,0.0 131.01197060061327,31.22077290507968,0.0 131.01197231694982,31.22077129030387,0.0 131.01197403343815,31.220769675699728,0.0 131.01197575007714,31.22076806126548,0.0 131.01197746686515,31.220766446999367,0.0 131.0119791838004,31.22076483289967,0.0 131.0119809008808,31.220763218964706,0.0 131.01198261810393,31.220761605192816,0.0 131.0119843354671,31.22075999158239,0.0 131.0119860529674,31.22075837813185,0.0 131.01198777060148,31.220756764839688,0.0 131.0119894883658,31.22075515170441,0.0 131.01199120625657,31.22075353872457,0.0 131.01199292426955,31.22075192589882,0.0 131.01199464240042,31.22075031322583,0.0 131.0119963606444,31.22074870070434,0.0 131.01199807899653,31.22074708833317,0.0 131.01199979745152,31.22074547611117,0.0 131.01200151600383,31.22074386403728,0.0 131.01200323464764,31.22074225211053,0.0 131.0120049533768,31.220740640329964,0.0 131.01200667218495,31.22073902869476,0.0 131.01200839106548,31.220737417204152,0.0 131.01201011001143,31.22073580585745,0.0 131.01201182901573,31.220734194654057,0.0 131.0120135480709,31.220732583593445,0.0 131.01201526716935,31.2207309726752,0.0 131.0120169863032,31.220729361899,0.0 131.0120187054643,31.22072775126455,0.0 131.01202042464436,31.220726140771745,0.0 131.0120221438348,31.22072453042051,0.0 131.01202386302688,31.22072292021089,0.0 131.01202558221163,31.22072131014299,0.0 131.01202730137996,31.220719700217057,0.0 131.0120290205225,31.22071809043341,0.0 131.01203073962975,31.220716480792497,0.0 131.01203245869206,31.22071487129484,0.0 131.01203417769963,31.22071326194109,0.0 131.01203589664254,31.220711652732003,0.0 131.01203761551068,31.220710043668443,0.0 131.01203933429383,31.22070843475136,0.0 131.01204105298171,31.22070682598183,0.0 131.01204277156387,31.220705217361047,0.0 131.0120444900299,31.220703608890297,0.0 131.01204620836916,31.22070200057098,0.0 131.01204792657103,31.220700392404616,0.0 131.01204964462488,31.22069878439281,0.0 131.01205136252,31.220697176537303,0.0 131.01205308024564,31.22069556883992,0.0 131.0120547977911,31.220693961302608,0.0 131.0120565151457,31.220692353927426,0.0 131.01205823229867,31.22069074671649,0.0 131.0120599492394,31.22068913967208,0.0 131.0120616659572,31.220687532796543,0.0 131.01206338244162,31.220685926092333,0.0 131.01206509868217,31.220684319562007,0.0 131.01206681466843,31.22068271320821,0.0 131.01206853039025,31.22068110703368,0.0 131.0120702458374,31.220679501041257,0.0 131.01207196099992,31.22067789523385,0.0 131.01207367586798,31.22067628961449,0.0 131.01207539043187,31.220674684186232,0.0 131.0120771046821,31.220673078952263,0.0 131.01207881860947,31.22067147391581,0.0 131.01208053220486,31.220669869080208,0.0 131.0120822454594,31.22066826444882,0.0 131.0120839583645,31.22066666002512,0.0 131.0120856709119,31.22066505581259,0.0 131.012087382905,31.2206634522031,0.0 131.01208909434106,31.220661849190176,0.0 131.01209080513303,31.220660246941645,0.0 131.0120925152078,31.22065864559758,0.0 131.01209422449244,31.220657045298225,0.0 131.01209593291443,31.220655446183965,0.0 131.01209764040163,31.220653848395248,0.0 131.0120993468823,31.22065225207246,0.0 131.0121010522853,31.220650657355936,0.0 131.01210275653983,31.22064906438584,0.0 131.0121044595757,31.22064747330208,0.0 131.01210616132354,31.22064588424428,0.0 131.01210786171427,31.22064429735166,0.0 131.0121095606798,31.220642712763016,0.0 131.01211125815257,31.220641130616627,0.0 131.01211295406583,31.220639551050123,0.0 131.01211464835367,31.22063797420052,0.0 131.01211634095088,31.22063640020408,0.0 131.01211803179325,31.22063482919627,0.0 131.0121197208173,31.220633261311686,0.0 131.0121214079607,31.220631696683977,0.0 131.01212309316173,31.220630135445816,0.0 131.01212477635983,31.22062857772878,0.0 131.01212645749533,31.22062702366332,0.0 131.01212813650963,31.22062547337871,0.0 131.0121298133452,31.22062392700296,0.0 131.0121314879453,31.220622384662743,0.0 131.01213316025462,31.220620846483413,0.0 131.01213483021854,31.22061931258889,0.0 131.01213649778373,31.220617783101584,0.0 131.01213816289783,31.22061625814237,0.0 131.01213982550968,31.22061473783058,0.0 131.01214148556917,31.220613222283863,0.0 131.01214314302723,31.22061171161823,0.0 131.01214479783604,31.220610205947946,0.0 131.01214644994877,31.220608705385526,0.0 131.01214809931977,31.22060721004168,0.0 131.01214974590445,31.22060572002521,0.0 131.01215138965932,31.22060423544313,0.0 131.01215303054204,31.22060275640045,0.0 131.01215466851127,31.220601283000267,0.0 131.01215630352692,31.22059981534371,0.0 131.01215793554985,31.220598353529866,0.0 131.0121595645421,31.2205968976558,0.0 131.0121611904666,31.220595447816496,0.0 131.01216281328752,31.22059400410488,0.0 131.0121644329699,31.220592566611742,0.0 131.01216604948007,31.22059113542578,0.0 131.01216766278512,31.22058971063352,0.0 131.0121692728532,31.220588292319377,0.0 131.01217087965355,31.22058688056556,0.0 131.01217248315632,31.22058547545212,0.0 131.01217408333258,31.22058407705692,0.0 131.0121756801544,31.22058268545563,0.0 131.01217727359472,31.220581300721737,0.0 131.01217886362747,31.22057992292652,0.0 131.01218045022745,31.22057855213908,0.0 131.01218203337032,31.22057718842628,0.0 131.0121836130326,31.22057583185283,0.0 131.01218518919157,31.220574482481243,0.0 131.01218676182546,31.22057314037184,0.0 131.0121883309133,31.220571805582743,0.0 131.01218989643485,31.22057047816996,0.0 131.0121914583707,31.22056915818729,0.0 131.01219301670218,31.220567845686475,0.0 131.01219457141133,31.22056654071701,0.0 131.0121961224809,31.220565243326337,0.0 131.01219766989442,31.2205639535598,0.0 131.01219921363605,31.22056267146065,0.0 131.0122007536907,31.220561397070085,0.0 131.0122022900439,31.220560130427245,0.0 131.0122038226818,31.22055887156925,0.0 131.01220535159126,31.220557620531206,0.0 131.01220687675962,31.22055637734627,0.0 131.01220839817495,31.2205551420456,0.0 131.0122099158259,31.220553914658435,0.0 131.0122114297017,31.22055269521213,0.0 131.01221293979202,31.22055148373213,0.0 131.01221444608728,31.220550280242023,0.0 131.01221594857833,31.220549084763583,0.0 131.0122174472565,31.22054789731674,0.0 131.01221894211375,31.22054671791968,0.0 131.01222043314257,31.2205455465888,0.0 131.01222192033583,31.22054438333881,0.0 131.012223403687,31.220543228182727,0.0 131.01222488319,31.22054208113189,0.0 131.01222635883917,31.220540942196006,0.0 131.01222783062937,31.2205398113832,0.0 131.01222929855584,31.220538688700003,0.0 131.0122307626144,31.22053757415141,0.0 131.0122322228012,31.220536467740946,0.0 131.01223367911288,31.2205353694706,0.0 131.01223513154656,31.22053427934092,0.0 131.0122365800995,31.220533197351045,0.0 131.01223802476974,31.22053212349873,0.0 131.01223946555552,31.220531057780384,0.0 131.0122409024555,31.220530000191044,0.0 131.01224233546878,31.22052895072449,0.0 131.01224376459487,31.220527909373217,0.0 131.01224518983366,31.220526876128485,0.0 131.01224661130067,31.220525850751248,0.0 131.0122480289889,31.220524833246376,0.0 131.01224944294432,31.220523823512632,0.0 131.01225085320328,31.22052282146804,0.0 131.01225225980127,31.22052182703192,0.0 131.01225366277305,31.220520840124912,0.0 131.01225506215255,31.220519860669,0.0 131.01225645797308,31.220518888587403,0.0 131.01225785026708,31.220517923804664,0.0 131.0122592390664,31.220516966246525,0.0 131.0122606244021,31.22051601583997,0.0 131.01226200630467,31.22051507251314,0.0 131.012263384804,31.22051413619538,0.0 131.01226475992917,31.22051320681716,0.0 131.01226613170869,31.22051228431003,0.0 131.0122675001705,31.220511368606704,0.0 131.01226886534198,31.220510459640924,0.0 131.01227022724993,31.22050955734751,0.0 131.01227158592053,31.220508661662315,0.0 131.0122729413795,31.220507772522183,0.0 131.01227429365198,31.220506889865003,0.0 131.01227564276255,31.22050601362955,0.0 131.01227698873544,31.22050514375564,0.0 131.0122783315942,31.22050428018397,0.0 131.01227967136205,31.22050342285619,0.0 131.01228100806176,31.22050257171485,0.0 131.01228234171555,31.22050172670336,0.0 131.0122836723453,31.220500887766,0.0 131.0122849999723,31.220500054847907,0.0 131.0122863246177,31.220499227895044,0.0 131.01228764630198,31.220498406854222,0.0 131.0122889650454,31.22049759167301,0.0 131.01229028086783,31.2204967822998,0.0 131.01229159378872,31.22049597868373,0.0 131.0122929038272,31.22049518077471,0.0 131.01229421100192,31.220494388523367,0.0 131.01229551533143,31.220493601881103,0.0 131.01229681683384,31.220492820799976,0.0 131.01229811552685,31.2204920452328,0.0 131.012299411428,31.22049127513304,0.0 131.01230070455455,31.22049051045485,0.0 131.01230199492332,31.22048975115306,0.0 131.0123032825509,31.220488997183107,0.0 131.01230456745367,31.22048824850111,0.0 131.01230584964776,31.220487505063776,0.0 131.01230712914892,31.22048676682845,0.0 131.0123084059728,31.220486033753115,0.0 131.0123096801347,31.22048530579625,0.0 131.01231095164982,31.220484582916995,0.0 131.01231222053295,31.22048386507501,0.0 131.01231348679886,31.22048315223055,0.0 131.0123147504619,31.220482444344395,0.0 131.01231601153643,31.220481741377856,0.0 131.0123172700365,31.220481043292807,0.0 131.012318525976,31.22048035005161,0.0 131.01231977936862,31.220479661617137,0.0 131.01232103022784,31.22047897795276,0.0 131.01232227856704,31.22047829902233,0.0 131.0123235243994,31.22047762479021,0.0 131.0123247677379,31.220476955221194,0.0 131.01232600859555,31.22047629028057,0.0 131.012327246985,31.220475629934075,0.0 131.01232848291883,31.220474974147866,0.0 131.01232971640945,31.22047432288856,0.0 131.01233094746922,31.22047367612319,0.0 131.0123321761103,31.220473033819207,0.0 131.01233340234478,31.220472395944498,0.0 131.01233462618455,31.22047176246732,0.0 131.01233584764157,31.220471133356355,0.0 131.01233706672747,31.22047050858067,0.0 131.0123382834539,31.2204698881097,0.0 131.01233949783227,31.22046927191328,0.0 131.0123407098741,31.22046865996156,0.0 131.0123419195908,31.22046805222511,0.0 131.01234312699347,31.22046744867483,0.0 131.01234433209328,31.220466849281976,0.0 131.0123455349014,31.22046625401813,0.0 131.0123467354287,31.22046566285524,0.0 131.0123479336862,31.22046507576552,0.0 131.01234912968468,31.22046449272155,0.0 131.0123503234349,31.220463913696246,0.0 131.01235151494762,31.220463338662807,0.0 131.0123527042335,31.22046276759473,0.0 131.01235389130312,31.220462200465818,0.0 131.012355076167,31.220461637250168,0.0 131.01235625883558,31.22046107792216,0.0 131.01235743931932,31.220460522456463,0.0 131.01235861762856,31.22045997082802,0.0 131.01235979377367,31.22045942301205,0.0 131.01236096776492,31.22045887898403,0.0 131.01236213961255,31.22045833871969,0.0 131.01236330932673,31.22045780219504,0.0 131.0123644769176,31.22045726938631,0.0 131.0123656423953,31.220456740269988,0.0 131.01236680576997,31.22045621482285,0.0 131.0123679670516,31.22045569302181,0.0 131.01236912625026,31.220455174844133,0.0 131.01237028337587,31.220454660267205,0.0 131.01237143843844,31.220454149268697,0.0 131.01237259144784,31.220453641826484,0.0 131.01237374241404,31.220453137918646,0.0 131.01237489134687,31.220452637523508,0.0 131.0123760382563,31.220452140619543,0.0 131.01237718315207,31.22045164718552,0.0 131.01237832604397,31.220451157200287,0.0 131.0123794669419,31.220450670642983,0.0 131.01238060585547,31.220450187492894,0.0 131.0123817427946,31.2204497077295,0.0 131.01238287776894,31.220449231332488,0.0 131.01238401078828,31.220448758281712,0.0 131.01238514186232,31.220448288557176,0.0 131.0123862710007,31.220447822139096,0.0 131.01238739821312,31.22044735900785,0.0 131.01238852350923,31.22044689914396,0.0 131.01238964689875,31.220446442528143,0.0 131.01239076839124,31.22044598914127,0.0 131.0123918879964,31.22044553896436,0.0 131.01239300572382,31.22044509197857,0.0 131.01239412158304,31.22044464816528,0.0 131.0123952355837,31.22044420750592,0.0 131.0123963477354,31.22044376998213,0.0 131.0123974580477,31.2204433355757,0.0 131.0123985665302,31.220442904268527,0.0 131.0123996731924,31.22044247604268,0.0 131.01240077804383,31.220442050880308,0.0 131.012401881094,31.22044162876375,0.0 131.01240298235248,31.220441209675457,0.0 131.01240408182872,31.220440793598005,0.0 131.0124051795323,31.22044038051412,0.0 131.01240627547267,31.220439970406588,0.0 131.01240736965931,31.22043956325838,0.0 131.0124084621016,31.220439159052567,0.0 131.0124095528091,31.220438757772342,0.0 131.01241064179115,31.220438359401,0.0 131.01241172905725,31.22043796392193,0.0 131.01241281461682,31.2204375713187,0.0 131.01241389847925,31.22043718157493,0.0 131.01241498065394,31.22043679467433,0.0 131.0124160611502,31.220436410600804,0.0 131.01241713997743,31.22043602933824,0.0 131.01241821714495,31.22043565087074,0.0 131.01241929266217,31.220435275182425,0.0 131.01242036653835,31.22043490225757,0.0 131.0124214387828,31.22043453208049,0.0 131.0124225094048,31.22043416463565,0.0 131.0124235784136,31.220433799907568,0.0 131.01242464581847,31.220433437880885,0.0 131.0124257116286,31.22043307854032,0.0 131.01242677585327,31.22043272187067,0.0 131.01242783850162,31.22043236785684,0.0 131.0124288995828,31.22043201648379,0.0 131.012429959106,31.2204316677366,0.0 131.01243101708027,31.220431321600422,0.0 131.0124320735148,31.22043097806048,0.0 131.01243312841868,31.220430637102098,0.0 131.01243418180087,31.22043029871064,0.0 131.01243523367043,31.220429962871624,0.0 131.01243628403645,31.22042962957056,0.0 131.01243733290772,31.22042929879309,0.0 131.01243838029336,31.22042897052491,0.0 131.01243942620223,31.220428644751816,0.0 131.0124404706432,31.22042832145964,0.0 131.0124415136251,31.220428000634303,0.0 131.01244255515687,31.220427682261803,0.0 131.0124435952472,31.220427366328217,0.0 131.0124446339048,31.220427052819662,0.0 131.01244567113855,31.220426741722385,0.0 131.0124467069571,31.220426433022613,0.0 131.012447741369,31.220426126706705,0.0 131.012448774383,31.220425822761086,0.0 131.01244980600757,31.22042552117222,0.0 131.01245083625133,31.22042522192665,0.0 131.01245186512278,31.22042492501099,0.0 131.0124528926304,31.22042463041189,0.0 131.01245391878254,31.22042433811613,0.0 131.01245494358758,31.220424048110463,0.0 131.01245596705388,31.220423760381767,0.0 131.0124569891898,31.22042347491698,0.0 131.0124580100035,31.220423191703084,0.0 131.01245902950325,31.22042291072712,0.0 131.01246004769712,31.220422631976184,0.0 131.01246106459328,31.220422355437456,0.0 131.01246208019975,31.220422081098185,0.0 131.01246309452455,31.22042180894564,0.0 131.01246410757568,31.220421538967173,0.0 131.012465119361,31.2204212711502,0.0 131.01246612988837,31.22042100548217,0.0 131.01246713916552,31.220420741950623,0.0 131.0124681472003,31.22042048054313,0.0 131.01246915400043,31.220420221247352,0.0 131.01247015957347,31.220419964050976,0.0 131.01247116392696,31.22041970894175,0.0 131.01247216706847,31.220419455907496,0.0 131.01247316900546,31.22041920493609,0.0 131.01247416974533,31.220418956015443,0.0 131.01247516929547,31.22041870913356,0.0 131.01247616766312,31.220418464278463,0.0 131.01247716485543,31.220418221438248,0.0 131.0124781608797,31.220417980601088,0.0 131.0124791557429,31.220417741755167,0.0 131.01248014945216,31.220417504888783,0.0 131.01248114201442,31.220417269990232,0.0 131.01248213343652,31.22041703704789,0.0 131.01248312372533,31.220416806050206,0.0 131.01248411288762,31.220416576985663,0.0 131.0124851009301,31.220416349842804,0.0 131.0124860878594,31.220416124610235,0.0 131.0124870736821,31.2204159012766,0.0 131.01248805840467,31.22041567983063,0.0 131.0124890420335,31.220415460261087,0.0 131.01249002457504,31.220415242556783,0.0 131.01249100603553,31.220415026706608,0.0 131.0124919864211,31.22041481269952,0.0 131.01249296573806,31.22041460052446,0.0 131.01249394399227,31.220414390170514,0.0 131.01249492118987,31.220414181626776,0.0 131.0124958973368,31.22041397488241,0.0 131.0124968724388,31.22041376992664,0.0 131.0124978465017,31.22041356674872,0.0 131.01249881953115,31.220413365337983,0.0 131.0124997915328,31.22041316568383,0.0 131.01250076251225,31.220412967775687,0.0 131.01250173247487,31.220412771603065,0.0 131.01250270142614,31.220412577155507,0.0 131.01250366937128,31.220412384422644,0.0 131.01250463631558,31.22041219339411,0.0 131.01250560226424,31.220412004059664,0.0 131.0125065672223,31.22041181640908,0.0 131.01250753119476,31.220411630432206,0.0 131.01250849418653,31.220411446118927,0.0 131.0125094562025,31.2204112634592,0.0 131.0125104172474,31.220411082443043,0.0 131.01251137732595,31.22041090306053,0.0 131.01251233644282,31.2204107253018,0.0 131.01251329460243,31.220410549157005,0.0 131.01251425180928,31.22041037461642,0.0 131.01251520806773,31.22041020167033,0.0 131.01251616338214,31.22041003030912,0.0 131.0125171177567,31.2204098605232,0.0 131.01251807119547,31.22040969230304,0.0 131.0125190237026,31.220409525639177,0.0 131.012519975282,31.22040936052221,0.0 131.01252092593768,31.22040919694281,0.0 131.01252187567337,31.22040903489168,0.0 131.01252282449283,31.220408874359592,0.0 131.01252377239973,31.22040871533736,0.0 131.01252471939767,31.220408557815905,0.0 131.01252566549016,31.220408401786173,0.0 131.01252661068062,31.220408247239167,0.0 131.0125275549724,31.220408094165947,0.0 131.01252849836877,31.220407942557664,0.0 131.01252944087292,31.22040779240549,0.0 131.01253038248805,31.220407643700703,0.0 131.0125313232171,31.220407496434586,0.0 131.0125322630631,31.220407350598503,0.0 131.0125332020289,31.220407206183907,0.0 131.0125341401173,31.22040706318227,0.0 131.01253507733122,31.22040692158517,0.0 131.01253601367307,31.220406781384167,0.0 131.01253694914564,31.220406642570968,0.0 131.0125378837513,31.220406505137287,0.0 131.0125388174926,31.220406369074944,0.0 131.0125397503719,31.22040623437576,0.0 131.0125406823915,31.22040610103165,0.0 131.0125416135535,31.22040596903459,0.0 131.0125425438603,31.220405838376607,0.0 131.0125434733138,31.220405709049807,0.0 131.01254440191607,31.22040558104633,0.0 131.01254532966908,31.220405454358385,0.0 131.01254625657467,31.220405328978256,0.0 131.01254718263468,31.22040520489827,0.0 131.01254810785088,31.22040508211081,0.0 131.01254903222485,31.22040496060835,0.0 131.01254995575832,31.220404840383384,0.0 131.01255087845274,31.220404721428487,0.0 131.01255180030967,31.22040460373631,0.0 131.0125527213305,31.22040448729952,0.0 131.01255364151655,31.22040437211088,0.0 131.01255456086912,31.220404258163207,0.0 131.01255547938948,31.22040414544936,0.0 131.0125563970788,31.22040403396226,0.0 131.01255731393815,31.22040392369492,0.0 131.01255822996865,31.220403814640378,0.0 131.01255914517122,31.220403706791725,0.0 131.01256005954687,31.22040360014216,0.0 131.01256097309638,31.22040349468488,0.0 131.01256188582067,31.220403390413164,0.0 131.01256279772048,31.22040328732036,0.0 131.01256370879656,31.22040318539988,0.0 131.01256461904953,31.220403084645152,0.0 131.01256552848,31.22040298504971,0.0 131.01256643708857,31.22040288660712,0.0 131.01256734487575,31.220402789311,0.0 131.01256825184203,31.22040269315504,0.0 131.0125691579878,31.22040259813297,0.0 131.0125700633134,31.22040250423861,0.0 131.0125709678192,31.220402411465795,0.0 131.01257187150551,31.22040231980844,0.0 131.0125727743725,31.220402229260493,0.0 131.0125736764204,31.220402139815985,0.0 131.0125745776494,31.220402051468994,0.0 131.01257547805957,31.220401964213643,0.0 131.012576377651,31.220401878044104,0.0 131.0125772764237,31.22040179295462,0.0 131.01257817437775,31.220401708939487,0.0 131.01257907151307,31.22040162599304,0.0 131.01257996782957,31.22040154410968,0.0 131.01258086332714,31.220401463283824,0.0 131.01258175800572,31.22040138351,0.0 131.0125826518651,31.220401304782765,0.0 131.01258354490503,31.220401227096698,0.0 131.01258443712535,31.22040115044645,0.0 131.0125853285258,31.220401074826743,0.0 131.0125862191061,31.22040100023232,0.0 131.0125871088659,31.220400926657973,0.0 131.01258799780484,31.220400854098568,0.0 131.01258888592267,31.220400782549,0.0 131.01258977321896,31.22040071200421,0.0 131.01259065969327,31.22040064245917,0.0 131.01259154534523,31.220400573908982,0.0 131.01259243017435,31.22040050634869,0.0 131.01259331418024,31.220400439773435,0.0 131.01259419736235,31.2204003741784,0.0 131.0125950797202,31.22040030955881,0.0 131.0125959612533,31.220400245909943,0.0 131.01259684196117,31.220400183227103,0.0 131.01259772184315,31.220400121505644,0.0 131.01259860089883,31.22040006074099,0.0 131.01259947912757,31.22040000092856,0.0 131.0126003565288,31.220399942063853,0.0 131.01260123310195,31.220399884142388,0.0 131.0126021088465,31.22039982715973,0.0 131.01260298376178,31.22039977111152,0.0 131.0126038578472,31.22039971599336,0.0 131.0126047311022,31.22039966180096,0.0 131.01260560352614,31.220399608530048,0.0 131.0126064751184,31.22039955617638,0.0 131.01260734587837,31.220399504735767,0.0 131.0126082158055,31.220399454204045,0.0 131.0126090848991,31.22039940457708,0.0 131.0126099531586,31.220399355850788,0.0 131.0126108205834,31.220399308021108,0.0 131.0126116871729,31.22039926108404,0.0 131.0126125529264,31.220399215035577,0.0 131.01261341784345,31.22039916987177,0.0 131.0126142819234,31.22039912558871,0.0 131.01261514516565,31.22039908218249,0.0 131.01261600756956,31.22039903964927,0.0 131.01261686913472,31.220398997985225,0.0 131.01261772986047,31.220398957186543,0.0 131.0126185897462,31.22039891724948,0.0 131.01261944879153,31.220398878170275,0.0 131.01262030699584,31.220398839945243,0.0 131.01262116435856,31.220398802570674,0.0 131.0126220208793,31.220398766042937,0.0 131.01262287655754,31.2203987303584,0.0 131.01262373139275,31.22039869551345,0.0 131.01262458538454,31.22039866150451,0.0 131.01262543853244,31.22039862832804,0.0 131.012626290836,31.22039859598049,0.0 131.0126271422948,31.2203985644584,0.0 131.01262799290856,31.220398533758225,0.0 131.0126288426768,31.220398503876552,0.0 131.01262969159916,31.22039847480992,0.0 131.01263053967537,31.220398446554903,0.0 131.01263138690507,31.22039841910813,0.0 131.01263223328803,31.220398392466187,0.0 131.0126330788239,31.220398366625737,0.0 131.01263392351248,31.22039834158344,0.0 131.0126347673535,31.220398317335928,0.0 131.01263561034676,31.220398293879928,0.0 131.01263645249216,31.220398271212165,0.0 131.0126372937894,31.22039824932932,0.0 131.01263813423844,31.220398228228152,0.0 131.01263897383913,31.22039820790541,0.0 131.0126398125914,31.220398188357866,0.0 131.01264065049517,31.22039816958229,0.0 131.01264148755047,31.220398151575484,0.0 131.01264232375715,31.220398134334232,0.0 131.01264315911536,31.220398117855364,0.0 131.01264399362506,31.220398102135714,0.0 131.01264482728627,31.22039808717211,0.0 131.01264566009922,31.220398072961405,0.0 131.0126464920639,31.220398059500432,0.0 131.01264732318054,31.220398046786062,0.0 131.01264815344928,31.220398034815176,0.0 131.01264898287025,31.220398023584654,0.0 131.01264981144377,31.22039801309137,0.0 131.01265063917006,31.220398003332225,0.0 131.01265146604933,31.220397994304097,0.0 131.01265229208195,31.22039798600392,0.0 131.0126531172683,31.220397978428583,0.0 131.01265394160856,31.220397971574982,0.0 131.0126547651033,31.220397965440057,0.0 131.0126555877528,31.22039796002071,0.0 131.01265640955756,31.220397955313864,0.0 131.01265723051807,31.220397951316453,0.0 131.01265805063474,31.220397948025376,0.0 131.01265886990808,31.220397945437576,0.0 131.01265968833872,31.220397943549976,0.0 131.01266050592713,31.2203979423595,0.0 131.01266132267395,31.22039794186308,0.0 131.01266213857974,31.2203979420576,0.0 131.01266295364525,31.22039794294004,0.0 131.01266376787103,31.220397944507287,0.0 131.01266458125775,31.22039794675626,0.0 131.01266539380623,31.220397949683896,0.0 131.01266620551715,31.22039795328708,0.0 131.01266701639125,31.22039795756275,0.0 131.0126678264293,31.2203979625078,0.0 131.0126686356321,31.220397968119126,0.0 131.01266944400055,31.22039797439364,0.0 131.01267025153535,31.22039798132821,0.0 131.0126710582375,31.22039798891976,0.0 131.01267186410774,31.22039799716513,0.0 131.0126726691471,31.22039800606122,0.0 131.0126734733564,31.220398015604903,0.0 131.0126742767366,31.220398025793028,0.0 131.01267507928867,31.220398036622463,0.0 131.01267588101356,31.220398048090043,0.0 131.01267668191232,31.22039806019264,0.0 131.01267748198583,31.22039807292704,0.0 131.0126782812352,31.220398086290096,0.0 131.01267907966138,31.22039810027863,0.0 131.01267987726547,31.22039811488942,0.0 131.0126806740485,31.22039813011931,0.0 131.01268147001156,31.22039814596505,0.0 131.0126822651557,31.220398162423443,0.0 131.01268305948193,31.220398179491244,0.0 131.01268385299147,31.22039819716523,0.0 131.01268464568528,31.22039821544214,0.0 131.01268543756464,31.22039823431873,0.0 131.01268622863043,31.22039825379172,0.0 131.012687018884,31.220398273857825,0.0 131.0126878083263,31.22039829451376,0.0 131.01268859695855,31.220398315756213,0.0 131.01268938478182,31.220398337581887,0.0 131.01269017179726,31.220398359987456,0.0 131.01269095800595,31.220398382969574,0.0 131.01269174340908,31.2203984065249,0.0 131.0126925280077,31.220398430650068,0.0 131.012693311803,31.220398455341726,0.0 131.01269409479605,31.22039848059645,0.0 131.01269487698795,31.220398506410906,0.0 131.01269565837978,31.220398532781644,0.0 131.01269643897268,31.220398559705263,0.0 131.01269721876773,31.22039858717832,0.0 131.01269799776594,31.220398615197382,0.0 131.01269877596846,31.220398643759,0.0 131.01269955337628,31.220398672859687,0.0 131.0127003299904,31.220398702495984,0.0 131.0127011058119,31.220398732664385,0.0 131.01270188084175,31.22039876336141,0.0 131.01270265508094,31.220398794583488,0.0 131.01270342853044,31.220398826327152,0.0 131.0127042011912,31.22039885858884,0.0 131.01270497306407,31.22039889136497,0.0 131.01270574415008,31.220398924652017,0.0 131.01270651444997,31.220398958446367,0.0 131.0127072839646,31.22039899274446,0.0 131.01270805269488,31.22039902754268,0.0 131.01270882064148,31.22039906283739,0.0 131.0127095878053,31.220399098625,0.0 131.0127103541869,31.220399134901832,0.0 131.01271111978707,31.220399171664265,0.0 131.01271188460646,31.22039920890863,0.0 131.0127126486456,31.22039924663123,0.0 131.0127134119052,31.22039928482839,0.0 131.0127141743857,31.220399323496423,0.0 131.0127149360877,31.22039936263159,0.0 131.01271569701154,31.22039940223017,0.0 131.01271645715772,31.220399442288453,0.0 131.0127172165265,31.22039948280265,0.0 131.0127179751183,31.22039952376904,0.0 131.0127187329333,31.22039956518384,0.0 131.0127194899718,31.220399607043248,0.0 131.01272024623387,31.220399649343484,0.0 131.0127210017197,31.22039969208075,0.0 131.01272175642927,31.220399735251224,0.0 131.01272251036255,31.220399778851068,0.0 131.01272326351955,31.22039982287644,0.0 131.01272401590003,31.220399867323508,0.0 131.01272476750387,31.220399912188405,0.0 131.01272551833074,31.220399957467222,0.0 131.01272626838033,31.22040000315613,0.0 131.01272701765225,31.2204000492512,0.0 131.01272776614596,31.220400095748527,0.0 131.01272851386096,31.220400142644216,0.0 131.01272926079656,31.220400189934296,0.0 131.01273000695207,31.22040023761487,0.0 131.01273075232666,31.220400285681965,0.0 131.01273149691949,31.22040033413162,0.0 131.01273224072955,31.220400382959856,0.0 131.01273298375582,31.22040043216271,0.0 131.01273372599715,31.220400481736185,0.0 131.0127344674522,31.22040053167626,0.0 131.01273520811972,31.22040058197892,0.0 131.0127359479982,31.220400632640136,0.0 131.01273668708615,31.220400683655875,0.0 131.01273742538183,31.220400735022068,0.0 131.01273816288355,31.22040078673466,0.0 131.01273889958935,31.220400838789576,0.0 131.01273963549727,31.220400891182727,0.0 131.01274037060523,31.22040094391,0.0 131.01274110491096,31.22040099696729,0.0 131.01274183841213,31.22040105035047,0.0 131.0127425711062,31.22040110405539,0.0 131.01274330299057,31.220401158077905,0.0 131.01274403406245,31.22040121241384,0.0 131.0127447643189,31.220401267059,0.0 131.0127454937569,31.220401322009177,0.0 131.01274622237327,31.220401377260185,0.0 131.0127469501646,31.22040143280776,0.0 131.01274767712735,31.22040148864768,0.0 131.01274840325783,31.22040154477564,0.0 131.0127491285522,31.22040160118737,0.0 131.0127498530064,31.22040165787855,0.0 131.01275057661616,31.22040171484487,0.0 131.01275129937704,31.22040177208196,0.0 131.01275202128443,31.220401829585448,0.0 131.0127527423336,31.220401887350945,0.0 131.01275346251927,31.22040194537401,0.0 131.0127541818364,31.220402003650207,0.0 131.01275490027933,31.22040206217504,0.0 131.01275561784234,31.22040212094399,0.0 131.01275633451942,31.22040217995253,0.0 131.0127570503043,31.22040223919605,0.0 131.01275776519043,31.22040229866996,0.0 131.01275847917094,31.22040235836957,0.0 131.01275919223872,31.22040241829019,0.0 131.01275990442917,31.22040247843683,0.0 131.01276061573384,31.22040253880456,0.0 131.01276132616343,31.220402599392784,0.0 131.01276203572536,31.220402660200264,0.0 131.012762744427,31.22040272122572,0.0 131.01276345227572,31.22040278246792,0.0 131.0127641592788,31.220402843925648,0.0 131.0127648654434,31.22040290559768,0.0 131.0127655707766,31.220402967482816,0.0 131.01276627528551,31.220403029579863,0.0 131.01276697897708,31.220403091887672,0.0 131.0127676818582,31.22040315440505,0.0 131.0127683839357,31.220403217130883,0.0 131.01276908521635,31.22040328006401,0.0 131.01276978570672,31.220403343203333,0.0 131.0127704854135,31.22040340654773,0.0 131.01277118434317,31.220403470096123,0.0 131.01277188250208,31.22040353384741,0.0 131.01277257989662,31.22040359780054,0.0 131.01277327653307,31.220403661954457,0.0 131.01277397241765,31.220403726308128,0.0 131.01277466755633,31.22040379086052,0.0 131.0127753619552,31.22040385561061,0.0 131.01277605562015,31.220403920557416,0.0 131.01277674855703,31.22040398569993,0.0 131.0127774407716,31.220404051037207,0.0 131.01277813226952,31.220404116568258,0.0 131.01277882305632,31.22040418229216,0.0 131.0127795131375,31.22040424820795,0.0 131.01278020251848,31.220404314314727,0.0 131.0127807153316,31.220404362628912,0.0 131.0127809534184,31.22040439547396,0.0 131.0127815308015,31.220404562812217,0.0 131.0127816507508,31.22040447983768,0.0 131.01278210980755,31.220404579138485,0.0 131.0127822837418,31.220404380951592,0.0</coordinates>
            </LineString>
        </Placemark>
    </Document>
</kml>
