<?xml version="1.0" encoding="UTF-8"?>
<kml xmlns="http://www.opengis.net/kml/2.2" xmlns:gx="http://www.google.com/kml/ext/2.2">
    <Document id="1489">
        <Style id="1492">
            <LineStyle id="1493">
                <color>ff0000ff</color>
                <colorMode>normal</colorMode>
                <width>3</width>
            </LineStyle>
        </Style>
        <Style id="1496">
            <LineStyle id="1497">
                <color>ff00ff00</color>
                <colorMode>normal</colorMode>
                <width>3</width>
            </LineStyle>
        </Style>
        <Placemark id="1491">
            <name>flight_path</name>
            <styleUrl>#1492</styleUrl>
            <LineString id="1490">
                <altitudeMode>relativeToGround</altitudeMode>
                <coordinates>131.010392,31.222216000000007,3.000000004412624 131.0103920000045,31.222215999991075,3.0000027652305543 131.0103920000085,31.222215999994766,3.0000030853541984 131.0103920000085,31.222215999994766,3.0000030853541984 131.01039200000852,31.222215999994766,3.0000030853541984 131.01039201539675,31.22221599246117,3.0023884986471163 131.0103920617776,31.22221596990869,3.015331231721257 131.01039213193175,31.22221593580231,3.0351264363252404 131.01039220552698,31.222215900001803,3.055106219166761 131.0103923261533,31.222215841380503,3.090004394730484 131.01039241011944,31.222215800500727,3.1115340872331685 131.01039255023213,31.22221573238213,3.151063460926564 131.0103926908424,31.222215663995925,3.189784893121109 131.01039284206664,31.22221559043897,3.23111772340097 131.01039301222698,31.2222155076778,3.2778754514712065 131.01039319835945,31.22221541714896,3.329057119327625 131.01039339622227,31.222215320908244,3.383229829375461 131.0103936086097,31.222215217601374,3.4413386621870097 131.01039382835415,31.2222151107022,3.500962017738751 131.0103940692252,31.222214993537087,3.566754013292423 131.0103943154942,31.22221487372917,3.6334003425495367 131.0103945800907,31.22221474501192,3.705270765720048 131.01039485370347,31.222214611898128,3.779219998303775 131.01039513986652,31.222214472675024,3.856442763351153 131.01039544418495,31.22221432462593,3.9388336136528577 131.01039575462735,31.22221417358214,4.022328928820314 131.01039608061367,31.222214014978025,4.110111315127456 131.01039641907315,31.22221385030192,4.20114441129061 131.01039677261693,31.22221367828824,4.296310626724281 131.01039713608534,31.22221350143773,4.393868548192477 131.010397517966,31.22221331563664,4.496683993164735 131.01039790540767,31.22221312711366,4.600420125064151 131.01039830590005,31.22221293223868,4.707604968129808 131.01039871921526,31.222212731122088,4.8181619013200345 131.01039914602634,31.222212523437697,4.932317992273902 131.0103995843797,31.222212310132328,5.049414803571431 131.01040002919007,31.222212093670787,5.167739039340097 131.010400488852,31.222211869984235,5.290119088179969 131.01040096154043,31.222211639957216,5.415939478570699 131.01040144391652,31.222211405208075,5.544076156420129 131.01040193996343,31.222211163806087,5.675869112702848 131.01040244347448,31.22221091875968,5.809230869593894 131.01040295825328,31.222210668225145,5.945439804389508 131.01040348638034,31.22221041119396,6.085193185839201 131.01040402793237,31.222210147628825,6.228514853755213 131.0104045774418,31.22220988018005,6.373570321964543 131.0104051377902,31.2222096074508,6.521325187598352 131.01040571307726,31.222209327453587,6.673149607941206 131.01040630329675,31.222209040191352,6.829037586096744 131.01040689520636,31.22220875208352,6.984563197684807 131.01040750096558,31.22220845723537,7.143787353550456 131.0104081214021,31.222208155245536,7.306979827983644 131.01040875222748,31.222207848192888,7.472708023785239 131.01040938861175,31.222207538419,7.639365051166282 131.0104100415545,31.222207220590928,7.810603337186065 131.01041070492113,31.22220689768276,7.98437975261839 131.0104113765162,31.222206570758807,8.159965504549577 131.0104120622233,31.22220624092616,8.339288810191986 131.0104127540741,31.22220589976957,8.520452424655218 131.01041345726358,31.222205554911447,8.70442541447719 131.01041417748013,31.22220519963085,8.893393178422233 131.0104149014445,31.222204840928903,9.08294067564079 131.01041563575424,31.222204475628327,9.275227192164238 131.0104163839785,31.22220410200952,9.471405277538704 131.01041714776628,31.22220371930553,9.67199182241124 131.01041790828248,31.22220333651556,9.870882380860072 131.01041868244016,31.222202945621927,10.073537745251736 131.01041947793664,31.22220254309856,10.282385944961344 131.01042027625377,31.22220213764044,10.491485976031887 131.0104210801303,31.222201727960137,10.701721737242904 131.0104219002015,31.222201309291467,10.916426924785886 131.0104227336566,31.222200883043048,11.13467154303474 131.0104235726874,31.222200452722767,11.354006219689948 131.01042442000931,31.22220001716847,11.575268086591027 131.0104252825366,31.22219957356169,11.8005425242396 131.01042616072476,31.22219912191495,12.029910291674218 131.01042703755058,31.222198669226888,12.258220764626712 131.0104279321961,31.222198207864807,12.491211697470852 131.01042883695388,31.22219774109168,12.72652472982068 131.0104297507232,31.22219726941409,12.96381451584594 131.0104306714568,31.22219679366121,13.202467006430917 131.01043161190867,31.22219630949624,13.446099108025292 131.01043256159485,31.22219582081176,13.691653617133092 131.01043351371956,31.222195329848,13.937224705398076 131.010434484849,31.2221948314423,14.187389231144854 131.0104354714956,31.22219432707865,14.441083185175044 131.01043645681924,31.222193821755567,14.693721742271649 131.01043745900915,31.22219331037561,14.950185417982444 131.0104384758326,31.222192793957344,15.209777671260236 131.01043950115323,31.22219227424604,15.470848644567187 131.0104405359326,31.22219175109352,15.733628068350464 131.01044158526707,31.222191223576058,15.999358857779855 131.01044264820672,31.22219069220292,16.267728136701777 131.0104437160649,31.222190158820293,16.53655525519128 131.01044480205272,31.222189621165,16.80902805612638 131.010445903703,31.222189080084995,17.08444920494028 131.01044700888653,31.222188537575374,17.359916322199123 131.01044813686713,31.222187991097964,17.639890948879824 131.01044927505157,31.22218744268599,17.921368804802732 131.0104504165051,31.22218689309982,18.202784186889406 131.01045158236107,31.22218634051217,18.48879907723 131.01045276062493,31.22218578644327,18.776653790785268 131.01045395006955,31.222185231081184,19.066060278623805 131.01045515670987,31.222184674320857,19.3582467543856 131.010456371925,31.222184116778152,19.651345900392432 131.0104575973036,31.22218355850068,19.94566564943825 131.01045884964003,31.222182999646268,20.244522972832115 131.01046009809625,31.22218244051599,20.541691153942537 131.01046137457763,31.22218188151953,20.843443328756614 131.010462667542,31.2221813229844,21.14739866049561 131.0104639636257,31.22218076443791,21.451005385545297 131.01046527609975,31.222180206600687,21.756741490559413 131.0104666266328,31.222179651481184,22.06845134007658 131.01046797573272,31.22217909647658,22.37888023083368 131.0104693254909,31.222178541391266,22.68849497799204 131.01047072322663,31.222177991430385,23.00548942208103 131.01047210759134,31.222177440315075,23.319132600494576 131.0104735148257,31.22217689215449,23.63567012073557 131.01047497567427,31.222176351944032,23.960035193962906 131.0104763934876,31.22217580582166,24.27628376499876 131.01047786528193,31.222175268361926,24.600263348805274 131.01047936693277,31.222174736797847,24.927827358330084 131.01048083297422,31.22217419933311,25.248764655052387 131.01048237005088,31.22217367567588,25.579592589145715 131.01048389622255,31.222173150799616,25.90759616684917 131.0104854262672,31.222172627197576,26.23512402452684 131.0104870199483,31.2221721181935,26.570869578250075 131.01048858993033,31.222171604856488,26.902001631874608 131.0104901786133,31.22217109646071,27.23473104388512 131.01049182330303,31.22217060262792,27.574157239291605 131.01049343737952,31.22217010219816,27.90815289730109 131.0104950949533,31.222169613732355,28.24698066143005 131.01049677655962,31.22216913281323,28.58783140397872 131.01049843802576,31.222168647413085,28.92483783188028 131.010500171227,31.222168183058187,29.2700746874628 131.01050187970705,31.222167712960808,29.610867754566744 131.01050360838337,31.22216724971528,29.953089434219567 131.01050540228127,31.222166807220432,30.302290371951607 131.01050715783325,31.222166354444507,30.645463633811108 131.01050895454568,31.222165915442524,30.992532317872588 131.01051079575075,31.222165491865823,31.343738651207943 131.0105126038741,31.22216505908284,31.68972305362273 131.01051447772244,31.222164648817778,32.042307735173736 131.01051633995397,31.222164236225964,32.392246315549095 131.0105182135024,31.22216382867435,32.74228124910692 131.0105201619604,31.22216344778568,33.099666032761654 131.0105220674083,31.22216305382172,33.45085253263164 131.01052400925903,31.22216267362757,33.80493705020401 131.01052601652,31.22216231762652,34.16504669614616 131.01052796403405,31.22216194230209,34.51723777665552 131.01052999656713,31.2221615982006,34.877557815485744 131.01053202696565,31.22216125494483,35.23632965315859 131.01053404673672,31.222160909347306,35.592691738291734 131.0105361524681,31.222160595917543,35.95704242867701 131.01053821684178,31.222160269224727,36.315658727220764 131.0105403223188,31.22215995872862,36.677400781573134 131.0105424681115,31.22215966426312,37.04212054413056 131.01054458276033,31.22215936003752,37.402279124197534 131.01054677183012,31.22215908412191,37.768982944470565 131.01054894078086,31.222158802404607,38.132295096626464 131.0105511222019,31.222158526606407,38.49564950594409 131.01055337406956,31.222158277595074,38.86504835952689 131.0105555865395,31.22215801579839,39.22909162039844 131.010557841246,31.22215777052324,39.596252924052 131.01056012680408,31.22215753758607,39.965338798782845 131.01056239100723,31.222157298355352,40.33097081963152 131.0105647381681,31.22215708975619,40.70391175361418 131.01056704359223,31.22215686765477,41.071306888760176 131.01056938114064,31.22215665805371,41.440784105711046 131.0105717920854,31.222156475017528,41.81661267532 131.0105741346446,31.222156269490867,42.18415473071392 131.01057656706604,31.222156095813247,42.55978784035702 131.01057897496253,31.2221559147466,42.931679173229966 131.0105814005618,31.222155740647462,43.30421491080715 131.01058388636127,31.22215558734199,43.68185451695607 131.01058633031457,31.22215542111511,44.05394462406007 131.0105888458527,31.222155278912364,44.43238996072876 131.01059134872793,31.22215513326228,44.80835984801757 131.01059385574356,31.222154989667978,45.18361998704062 131.01059643356749,31.222154868589747,45.56530103930173 131.0105989618736,31.22215473278637,45.9405778947086 131.01060155919515,31.22215461831428,46.322167865746216 131.0106041454397,31.22215450078768,46.70148817142399 131.01060674178504,31.22215438657609,47.08082410882167 131.01060940139467,31.222154290543184,47.466041036432514 131.01061201089627,31.222154180522736,47.84470144705165 131.0106146999831,31.222154092511783,48.23114614389578 131.0106173572298,31.22215399573147,48.61304320940823 131.01062004111853,31.222153905994144,48.9969169116979 131.01062277310885,31.22215382829461,49.3852704698058 131.01062546150197,31.22215373928036,49.76769512585511 131.01062822491932,31.22215366842641,50.15776559671816 131.0106309603122,31.222153590196186,50.54368775491062 131.01063371829727,31.222153516839125,50.931301550281454 131.01063652684158,31.22215345422505,51.32395912431446 131.01063928678795,31.222153380028423,51.71000283288881 131.01064212582895,31.22215332223342,52.10456179975765 131.0106449360671,31.222153257258665,52.49485084814259 131.01064776580657,31.222153195432966,52.886631627670575 131.01065062829718,31.222153138986588,53.28157206477104 131.01065346266716,31.22215307593117,53.67227659566524 131.01065636714554,31.22215302486053,54.07079547823157 131.010659234876,31.22215296560545,54.46402046734031 131.0106621370396,31.22215291122806,54.86074209469615 131.0106650555345,31.22215285812772,55.258768705356935 131.01066795206927,31.22215279985496,55.65329685070851 131.0106709280441,31.22215275297626,56.05713020253543 131.01067384602487,31.22215269508284,56.45291860278686 131.01067682258366,31.222152644733946,56.85544526123739 131.01067979152035,31.222152591371703,57.25632322081085 131.01068275678003,31.2221525357422,57.65604013267602 131.010685777924,31.22215248635548,58.06227755465739 131.01068875632117,31.222152428977527,58.462343717369535 131.01069179554543,31.222152378250108,58.86960816457066 131.0106948112798,31.22215232231396,59.2731863073733 131.0106978416337,31.222152266480016,59.67800631547038 131.01070090712997,31.222152213386074,60.0867450745535 131.01070393672367,31.22215215357174,60.49018103479315 131.01070703989802,31.22215210154221,60.90252610050473 131.01071010100873,31.22215204200814,61.30877445417238 131.01071320854953,31.22215198667805,61.72039784726636 131.0107163036599,31.222151927798706,62.129768148438735 131.01071939906976,31.222151867080623,62.53853382459861 131.0107225381501,31.22215181036869,62.95226848981964 131.01072564204838,31.22215174710848,63.360827737147495 131.0107288200033,31.222151692243884,63.77819242662578 131.0107319557659,31.222151629852327,64.18950031435881 131.0107351221516,31.2221515700958,64.6040238789295 131.01073830793763,31.22215151159609,65.02029483295506 131.0107414636709,31.222151447125896,65.43210204353282 131.01074467741574,31.222151389942027,65.85043420260021 131.01074788080882,31.22215132989968,66.2667365103242 131.01075106681452,31.222151265729515,66.68018267880034 131.01075428884909,31.222151206166448,67.09728852908906 131.0107575343695,31.2221511495542,67.51644478810503 131.01076076508397,31.222151089422635,67.93303271326583 131.01076399635596,31.22215102835136,68.34891523126815 131.01076725709703,31.2221509718012,68.76746577967657 131.0107705236069,31.22215091570125,69.18584126645725 131.01077378810075,31.22215085857787,69.60313941252852 131.0107770567852,31.22215080169342,70.02006879168366 131.01078034392816,31.222150748136364,70.438213775165 131.01078363385696,31.222150694890324,70.85576373097841 131.010786925989,31.222150641877345,71.2726480343873 131.0107902261829,31.22215059049476,71.68949229232176 131.01079353312457,31.222150540623712,72.10612000736927 131.0107968437756,31.2221504916948,72.52217985933687 131.01080015851866,31.22215044390225,72.93769439713581 131.01080348187824,31.222150398474778,73.35311546556323 131.01080681223684,31.22215035517772,73.76824286066342 131.0108101487257,31.22215031391653,74.18296381694827 131.01081348809694,31.22215027395965,74.59692800340326 131.0108168302992,31.22215023537756,75.01011546126797 131.0108201850866,31.222150200912896,75.42347379170764 131.0108235413214,31.22215016768773,75.83587258204047 131.01082690528696,31.22215013750338,76.24791515588801 131.0108302748201,31.222150109873063,76.65936820969183 131.0108336522818,31.222150085570565,77.07043813750809 131.01083703130172,31.22215006283453,77.480504903735 131.01084041815704,31.22215004357552,77.89014470241216 131.010843811966,31.222150027637976,78.29925313897121 131.01084720854155,31.22215001382492,78.70743205823024 131.01085061408233,31.222150004088416,79.11523342057502 131.01085402860653,31.22214999852605,79.52263816199006 131.01085744260948,31.2221499942208,79.9287872815703 131.01086086659654,31.22214999450292,80.33460656900938 131.0108642946309,31.222149997557995,80.73955754298406 131.01086772735164,31.22215000361371,81.14369050132122 131.01087116583818,31.222150013046736,81.54709119370979 131.01087461172474,31.222150026414354,81.94989165813605 131.0108780624984,31.22215004292048,82.35187038243046 131.010881520106,31.222150063208225,82.75318893030905 131.0108849816252,31.22215008632662,83.15359655568142 131.0108884486955,31.22215011280833,83.55322992556883 131.01089191852392,31.22215014172768,83.95185411704173 131.01089539434875,31.22215017413352,84.34973962862216 131.0108988774559,31.222150210428943,84.74699249955799 131.01090236435013,31.222150249438,85.14332477462717 131.0109058562232,31.22215029151966,85.53883871718337 131.01090935289352,31.22215033657634,85.93352307638253 131.0109128496808,31.22215038303959,86.32699782886972 131.01091635345009,31.22215043309748,86.71983375956364 131.01091985821589,31.22215048475336,87.11154507986123 131.0109233710915,31.222150540242925,87.50272431198638 131.0109268844469,31.222150597052128,87.89275235331785 131.01093040648627,31.22215065773065,88.2823136807944 131.01093392871942,31.222150719513905,88.67071884931366 131.01093745381195,31.222150783182144,89.05819764725622 131.0109409853372,31.22215084975999,89.44505739395318 131.01094451967276,31.2221509180374,89.83101047303914 131.0109480542695,31.22215098716749,90.21585623958232 131.0109515959991,31.22215105914031,90.60018087306148 131.01095513870763,31.222151132010485,90.983484129238 131.0109586866959,31.22215120696625,91.36614055020308 131.01096223613604,31.22215128278965,91.74784218205944 131.0109657870251,31.222151359401213,92.1286018535046 131.0109693408311,31.22215143712476,92.50855917995112 131.01097289752786,31.22215151584852,92.88772784649024 131.01097645570286,31.22215159508632,93.2660016100412 131.01098001573357,31.2221516748516,93.6434276508546 131.01098357596328,31.222151754610223,94.0198767792816 131.01098714099498,31.22215183547865,94.3957665300655 131.01099070470815,31.22215191576256,94.77057610586 131.01099427264268,31.222151996799408,95.14480784859958 131.01099784162693,31.222152077681063,95.51819754939145 131.01100140818374,31.22215215748148,95.89044724697771 131.01100497869285,31.22215223767317,96.2621423342654 131.0110085488512,31.22215231712129,96.63291163605852 131.0110121170998,31.22215239540097,97.00262502937748 131.01101568891792,31.22215247369912,97.3717946083936 131.01101925775987,31.22215255044409,97.73983560447228 131.0110228283814,31.222152626643823,98.1071953721931 131.01102640253413,31.22215270258853,98.47405041838894 131.0110299728243,31.22215277661996,98.83972611448456 131.0110335428822,31.22215284947752,99.20456796075084 131.0110371127205,31.22215292109973,99.56858806167332 131.01104068494104,31.22215299195997,99.93204100146772 131.0110442555807,31.22215306120064,100.29456312225996 131.0110478251964,31.222153128903567,100.65621362948266 131.01105139631645,31.222153195525667,101.01723956568443 131.0110549658522,31.222153260425568,101.37735499055616 131.01105853367787,31.22215332355908,101.73655298633112 131.0110621047217,31.22215338583699,102.0953083611467 131.01106567073614,31.22215344567709,102.45283945750856 131.01106924239193,31.22215350507116,102.8101676204652 131.01107281054922,31.222153562295244,103.1664238226388 131.0110763794219,31.22215361813395,103.52201196936026 131.0110799479406,31.222153672386224,103.8768314185524 131.0110835178945,31.222153725384807,104.23105314759668 131.01108708702108,31.222153776722983,104.58446120218647 131.0110906551809,31.22215382638984,104.93704155759372 131.0110942227845,31.22215387447889,105.28883156537644 131.0110977914241,31.22215392130664,105.63997912293569 131.01110135704823,31.222153966151488,105.9900985452298 131.01110492406949,31.222154009862766,106.3396018038056 131.01110849003587,31.22215405202088,106.68825336662476 131.0111120549813,31.222154092669456,107.0360518500848 131.0111156190381,31.222154131875268,107.38300406863851 131.01111918557794,31.22215417033585,107.72941421580688 131.01112274793607,31.222154206811684,108.0746617999128 131.0111263124433,31.222154242587333,108.41932049340409 131.01112987867694,31.222154277651697,108.76333989085694 131.0111334432502,31.22215431138408,109.10640535276004 131.0111370082979,31.222154344272848,109.4487011577879 131.0111405739368,31.222154376412163,109.79022686636604 131.01114414098714,31.222154408046748,110.13104367902288 131.01114770367806,31.22215443800888,110.4706368080422 131.01115126760098,31.22215446755965,110.80948585573276 131.01115483191617,31.222154496603103,111.14750382846796 131.01115839497368,31.222154524841702,111.48453890739135 131.01116196071337,31.222154553242785,111.82091356000988 131.01116552323816,31.22215458052613,112.15612015770988 131.0111690844627,31.2221546071882,112.4903119219068 131.01117265124367,31.22215463495369,112.82403812995076 131.01117621786318,31.22215466254604,113.15681401434404 131.0111797817718,31.22215468938672,113.48842759446612 131.01118334842337,31.222154716899936,113.81930527308567 131.01118691566032,31.222154744634445,114.14925999617924 131.01119048405437,31.22215477280851,114.47832514288928 131.01119405391412,31.222154801578256,114.80651221191464 131.01119762488807,31.222154830924424,115.13378209807075 131.01120119429297,31.222154860187903,115.45992164076624 131.01120476456347,31.22215489008692,115.78510506976852 131.01120833541938,31.22215492061697,116.1092991741064 131.01121190485415,31.22215495127576,116.43234713839126 131.0112154745542,31.22215498259096,116.75436362316825 131.01121905179423,31.22215501672556,117.07585699964952 131.0112226236495,31.222155050009327,117.39589442267236 131.01122619718825,31.222155084522143,117.71497424587676 131.01122977369644,31.222155120715623,118.03317262950992 131.0112333495628,31.22215515756561,118.3502304831434 131.0112369258322,31.222155195419983,118.6662141543169 131.011240500401,31.222155233675995,118.98097506923234 131.01124407661652,31.222155273393515,119.29473189750252 131.0112476551968,31.22215531484105,119.60752294382029 131.01125123103023,31.222155356457208,119.91900652327362 131.0112548084754,31.22215539962389,120.22946474587788 131.0112583895348,31.222155445009605,120.53901883966986 131.01126197155747,31.222155491802333,120.84749237858162 131.01126555063124,31.22215553876466,121.154635360503 131.01126913048935,31.222155587097657,121.46068293921752 131.01127271434993,31.222155637855053,121.76583126074657 131.01127629942374,31.22215569015177,122.06990201301548 131.0112798845133,31.22215574360167,122.37282061702092 131.01128346927743,31.22215579809277,122.67456604588902 131.01128705632576,31.22215585447061,122.9752969310812 131.0112906405653,31.22215591107461,123.27470327608152 131.0112942293548,31.22215597028861,123.57323134083072 131.01129781841993,31.22215603071164,123.87062239971432 131.01130140975283,31.22215609297568,124.16699785486104 131.0113049998956,31.222156155938706,124.46215288680912 131.0113085889002,31.222156219598045,124.75609396826654 131.0113121810666,31.222156285322743,125.04907889895752 131.01131577497554,31.222156352623188,125.3410258177076 131.0113193725149,31.22215642207572,125.63204980081414 131.01132296774713,31.22215649174017,125.92180458675637 131.01132656337776,31.222156562455098,126.21045475049624 131.01133016488268,31.22215663592169,126.49832719178625 131.01133376296045,31.22215670914313,126.78487954062086 131.0113373651452,31.22215678446468,127.07056111361356 131.01134096740296,31.222156860566447,127.35514033246984 131.01134456652758,31.222156936412272,127.63843459490418 131.01134816693835,31.22215701333256,127.92071086381206 131.01135176657098,31.222157090636472,128.20185431492214 131.01135536573892,31.22215716837312,128.48189052930962 131.01135896442025,31.222157246485946,128.76082553502425 131.01136256259267,31.222157324917173,129.038665541976 131.01136616023362,31.222157403608,129.31541692305052 131.01136975732007,31.222157482498808,129.59108618727407 131.01137335382876,31.222157561529247,129.8656799798134 131.0113769497363,31.222157640638503,130.1392050382433 131.01138054501928,31.222157719765384,130.4116681995052 131.01138413965407,31.22215779884853,130.68307636511926 131.01138773361723,31.222157877826582,130.9534364842881 131.01139132688533,31.222157956638323,131.22275553998395 131.0113949194351,31.222158035222844,131.4910405250932 131.01139851124356,31.222158113519715,131.75829843247968 131.0114021022879,31.222158191469187,132.02453622516663 131.0114056925457,31.222158269012247,132.28976082441056 131.011409281995,31.22215834609081,132.55397909777517 131.01141287061415,31.22215842264789,132.8171978273268 131.01141645838203,31.22215849862768,133.0794237096357 131.0114200452782,31.22215857397572,133.34066332198216 131.01142363128258,31.22215864863904,133.60092312335402 131.0114272163758,31.22215872256628,133.860209423634 131.0114308005393,31.22215879570778,134.11852837763794 131.01143438375505,31.22215886801572,134.37588596722503 131.01143796600584,31.2221589394442,134.63228798937294 131.01144154727527,31.222159009949333,134.8877400422623 131.0114451275477,31.2221590794894,135.14224751136464 131.01144870680827,31.22215914802484,135.39581556347903 131.0114522850431,31.222159215518417,135.64844912486714 131.01145586223916,31.222159281935248,135.9001528822485 131.0114594383843,31.222159347242915,136.15093126192914 131.01146301346722,31.22215941141144,136.40078843576651 131.01146658747774,31.2221594744134,136.64972829433407 131.01147016040647,31.22215953622398,136.8977544578566 131.01147373224504,31.222159596820934,137.1448702622953 131.0114773029861,31.22215965618473,137.3910787484167 131.01148087262305,31.22215971429844,137.63638266775646 131.01148444115054,31.22215977114792,137.88078446771212 131.01148800856407,31.222159826721697,138.12428629353153 131.01149157486003,31.222159881010985,138.366889990302 131.01149514003595,31.222159934009728,138.6085970949999 131.01149870409023,31.222159985714548,138.8494088374849 131.0115022670221,31.22216003612474,139.0893261385132 131.0115058288319,31.22216008524225,139.32834961967845 131.0115093895208,31.222160133071657,139.5664795904895 131.01151294909093,31.22216017962012,139.8037160622886 131.01151650754525,31.222160224897337,140.0400587452681 131.01152006488755,31.222160268915538,140.27550705045942 131.01152362112262,31.22216031168937,140.51006010663178 131.01152717625587,31.222160353235854,140.74371674736952 131.0115307302937,31.222160393574352,140.9764755249885 131.0115342832431,31.222160432726444,141.2083347244511 131.0115378351119,31.22216047071593,141.43929235740438 131.0115413859086,31.22216050756868,141.66934617609272 131.01154493564235,31.222160543312537,141.89849367733515 131.01154848432296,31.22216057797736,142.12673211942283 131.01155203196092,31.2221606115948,142.35405851814238 131.01155557856714,31.22216064419826,142.58046966963613 131.0115591241532,31.22216067582277,142.80596214742087 131.01156266873105,31.222160706504948,143.0305323272355 131.01156621231317,31.22216073628278,143.25417638008332 131.0115697549125,31.22216076519565,143.47689030105587 131.01157329654222,31.222160793284143,143.69866990535624 131.011576837216,31.22216082058996,143.919510855136 131.01158037694765,31.22216084715581,144.1394086505483 131.01158391575132,31.22216087302533,144.3583586645348 131.0115874536414,31.22216089824293,144.5763561398446 131.0115909906324,31.222160922853668,144.79339620493482 131.01159452673895,31.222160946903166,145.00947389086787 131.01159806197575,31.222160970437503,145.22458414124975 131.0116015963577,31.222160993503067,145.43872182216796 131.01160512989955,31.22216101614646,145.65188173908828 131.01160866261603,31.222161038414388,145.86405864778737 131.0116121945219,31.22216106035355,146.07524727025316 131.01161572563174,31.22216108201052,146.28544230263765 131.01161925596,31.222161103431656,146.49463842718092 131.01162278552098,31.222161124663003,146.7028303320905 131.01162631432882,31.22216114575013,146.9100127194903 131.01162984239724,31.22216116673808,147.1161803163543 131.01163336973988,31.222161187671244,147.32132789537638 131.01163689637,31.222161208593302,147.52545026900685 131.01164042230056,31.222161229547066,147.72854232125678 131.0116439475441,31.22216125057444,147.9305990086906 131.0116474721128,31.222161271716303,148.13161537434064 131.01165099601852,31.22216129301248,148.33158655863815 131.01165451927255,31.22216131450156,148.5305078053763 131.01165804188597,31.22216133622093,148.7283744805944 131.01166156386907,31.222161358206648,148.92518207853948 131.01166508523195,31.222161380493336,149.12092623061065 131.0116686059841,31.2221614031142,149.31560271032737 131.01167212613453,31.2221614261009,149.50920745618996 131.01167564569167,31.22216144948353,149.70173656273187 131.0116791646636,31.222161473290544,149.89318630238537 131.01168268305767,31.22216149754871,150.08355312846268 131.01168620088086,31.22216152228311,150.2728336721727 131.01168971813956,31.222161547517008,150.46102476846235 131.01169323483958,31.22216157327194,150.64812345005242 131.0116967509863,31.22216159956756,150.8341269514114 131.0117002665845,31.2221616264217,151.019032723665 131.01170378163846,31.222161653850343,151.2028384286296 131.01170729615197,31.222161681867576,151.3855419487531 131.01171081012825,31.222161710485555,151.56714139009358 131.0117143235701,31.22216173971457,151.74763508729015 131.01171783647976,31.222161769562984,151.9270216015735 131.01172134885903,31.22216180003725,152.1052997267285 131.01172486070922,31.22216183114193,152.28246849108208 131.01172837203123,31.222161862879684,152.45852715452045 131.0117318828255,31.222161895251286,152.6334752124643 131.01173539309204,31.22216192825568,152.80731239785703 131.01173890283047,31.22216196188993,152.98003867122335 131.01174241204006,31.222161996149325,153.1516542345858 131.01174592071965,31.222162031027327,153.32215951953526 131.01174942886777,31.222162066515715,153.49155518325765 131.01175293648262,31.222162102604475,153.6598421154882 131.0117564435621,31.222162139281984,153.82702143056235 131.0117599501037,31.22216217653492,153.99309446443186 131.01176345610494,31.222162214348405,154.15806276671503 131.01176696156276,31.222162252706028,154.32192810765352 131.01177046647405,31.22216229158986,154.48469246419685 131.01177397083546,31.222162330980566,154.64635801403975 131.01177747464345,31.222162370857383,154.8069271376096 131.01178097789435,31.22216241119827,154.96640240713396 131.01178448058425,31.222162451979887,155.1247865786891 131.0117879827092,31.22216249317772,155.28208259717027 131.01179148426513,31.222162534766102,155.4382935684613 131.01179498524783,31.222162576718294,155.5934227733509 131.01179848565312,31.222162619006564,155.74747364765386 131.0118019854767,31.22216266160224,155.90044978121864 131.01180548471416,31.22216270447577,156.05235490102953 131.01180898336128,31.22216274759681,156.20319287518436 131.01181248141364,31.22216279093429,156.3529676920228 131.011815978867,31.222162834456512,156.50168345913147 131.011819475717,31.222162878131133,156.6493443963885 131.0118229719594,31.222162921925342,156.79595481608573 131.01182646759008,31.22216296580589,156.94151912392303 131.01182996260485,31.222163009739152,157.086041806088 131.0118334569997,31.222163053691204,157.22952742130548 131.01183695077083,31.222163097627927,157.37198058493564 131.01184044391422,31.22216314151503,157.51340597096257 131.01184393642632,31.22216318531816,157.65380828913567 131.01184742830347,31.22216322900295,157.79319228795129 131.01185091954227,31.22216327253509,157.93156273378116 131.01185441013936,31.222163315880472,158.068924408887 131.01185790009163,31.222163359005105,158.20528209849877 131.01186138939613,31.22216340187531,158.34064058087728 131.01186487804995,31.22216344445775,158.47500462333943 131.01186836605035,31.222163486719463,158.6083789643683 131.011871853395,31.222163528627974,158.74076830963824 131.0118753400814,31.22216357015132,158.87217731710768 131.01187882610748,31.222163611258114,159.0026106059649 131.0118823114712,31.222163651917647,159.1320727218419 131.01188579617073,31.22216369209987,159.26056814377307 131.01188928020443,31.22216373177549,159.38810128021927 131.01189276357087,31.22216377091605,159.5146764472045 131.01189624626875,31.22216380949392,159.640297867321 131.01189972829698,31.222163847482364,159.76496966674952 131.0119032096545,31.222163884855625,159.88869585935703 131.01190669034057,31.22216392158893,160.0114803427225 131.01191017035458,31.2221639576585,160.13332689714247 131.01191364969603,31.22216399304168,160.25423916674904 131.01191712836467,31.22216402771691,160.37422066646755 131.01192060636032,31.222164061663754,160.49327476810163 131.0119240836829,31.22216409486296,160.6114046943713 131.01192756033262,31.222164127296487,160.728613524878 131.0119310363097,31.222164158947507,160.84490417224876 131.01193451161453,31.22216418980044,160.9602793950609 131.0119379862476,31.222164219840977,161.0747417869069 131.0119414602096,31.22216424905609,161.18829376844488 131.0119449335012,31.222164277434096,161.3009375883937 131.0119484061233,31.222164304964583,161.41267532552007 131.0119518780768,31.22216433163849,161.52350887571893 131.0119553493627,31.22216435744807,161.63343995698258 131.0119588199821,31.22216438238693,161.74247010840915 131.01196228993624,31.222164406450023,161.85060067330366 131.01196575922623,31.222164429633647,161.95783282303506 131.01196922785348,31.222164451935427,162.06416753616213 131.01197269581925,31.2221644733543,162.16960560936874 131.01197616312498,31.22216449389059,162.27414764851707 131.011979629772,31.22216451354588,162.3777940756063 131.01198309576182,31.222164532323056,162.48054512678516 131.01198656109585,31.222164550226346,162.58240085334495 131.01199002577553,31.22216456726119,162.68336112470251 131.01199348980236,31.22216458343432,162.78342562243543 131.01199695317777,31.22216459875369,162.88259385419866 131.01200041590317,31.22216461322841,162.98086515272925 131.0120038779799,31.22216462686886,163.07823866391902 131.01200733940942,31.222164639686472,163.1747133736513 131.01201080019305,31.222164651693856,163.27028809090444 131.01201426033208,31.22216466290471,163.36496146762855 131.01201771982767,31.222164673333744,163.45873198085496 131.01202117868107,31.222164682996727,163.551597963509 131.01202463689333,31.222164691910383,163.64355758552384 131.01202809446545,31.2221647000924,163.7346088717314 131.0120315513984,31.222164707561326,163.82474970683077 131.012035007693,31.222164714336607,163.91397782644273 131.01203846335005,31.222164720438503,164.00229083997124 131.0120419183702,31.22216472588801,164.0896862266245 131.0120453727539,31.22216473070688,164.17616134237372 131.01204882650168,31.222164734917552,164.26171342790394 131.0120522796138,31.222164738543064,164.34633960861208 131.01205573209054,31.222164741607063,164.43003690951727 131.0120591839319,31.22216474413371,164.51280225724605 131.01206263513788,31.22216474614768,164.59463248301495 131.0120660857082,31.22216474767405,164.6755243365439 131.0120695356426,31.222164748738315,164.75547448605624 131.01207298494063,31.22216474936628,164.83447952921034 131.01207643360166,31.222164749584035,164.91253599906267 131.01207988162497,31.22216474941792,164.9896403710252 131.01208332900964,31.2221647488944,165.0657890708154 131.01208677575468,31.222164748040143,165.14097847445527 131.01209022185887,31.222164746881862,165.21520492814955 131.01209366732098,31.22216474544629,165.28846474828487 131.0120971121395,31.22216474376016,165.36075422142795 131.01210055631276,31.222164741850087,165.4320696351381 131.01210399983913,31.22216473974263,165.50240724615955 131.0121074427167,31.222164737464105,165.57176332912292 131.01211088494347,31.222164735040664,165.64013416163652 131.01211432651726,31.222164732498168,165.7075160252785 131.01211776743585,31.222164729862182,165.77390523342635 131.01212120769685,31.222164727157875,165.83929812032196 131.01212464729775,31.222164724410053,165.90369105299925 131.01212808623595,31.22216472164307,165.96708044519846 131.0121315245087,31.22216471888078,166.02946275438083 131.01213496211324,31.22216471614651,166.0908344916707 131.01213839904662,31.22216471346301,166.1511922307973 131.01214183530587,31.222164710852475,166.2105326061076 131.0121452708879,31.222164708336383,166.26885233045525 131.01214870578968,31.222164705935608,166.32614819321273 131.0121521400079,31.222164703670263,166.38241706424614 131.01215557353945,31.22216470155974,166.43765590981627 131.01215900638098,31.222164699622663,166.49186178462836 131.01216243852923,31.22216469787683,166.5450318477326 131.01216586998086,31.22216469633925,166.59716335854804 131.0121693007326,31.222164695026034,166.64825369177143 131.01217273078112,31.22216469395247,166.69830033240711 131.01217616012315,31.222164693132903,166.74730088172865 131.0121795887554,31.222164692580783,166.79525307417683 131.01218301667467,31.22216469230864,166.8421547544968 131.01218644387788,31.22216469232801,166.888003910539 131.0121898703618,31.22216469264952,166.93279865437276 131.01219329612343,31.22216469328277,166.97653724017707 131.01219672115997,31.22216469423641,167.01921805927117 131.01220014546848,31.22216469551808,167.06083964309423 131.0122035690463,31.2221646971344,167.10140067215175 131.01220699189088,31.22216469909103,167.14089996210004 131.01221041399972,31.222164701392582,167.179336484618 131.01221383537063,31.222164704042665,167.21670936044958 131.01221725600143,31.2221647070439,167.25301785542837 131.0122206758902,31.222164710397863,167.288261392403 131.01222409503524,31.222164714105183,167.32243953931177 131.0122275134349,31.22216471816544,167.3555520211083 131.01223093108797,31.22216472257725,167.3875987167806 131.01223434799323,31.222164727338264,167.41857965139843 131.0122377641499,31.22216473244513,167.44849500505987 131.01224117955726,31.222164737893568,167.47734511388543 131.01224459421493,31.222164743678377,167.50513045113152 131.01224800812278,31.22216474979337,167.5318516530347 131.01225142128095,31.222164756231543,167.55750949296896 131.0122548336898,31.222164762984903,167.58210490132424 131.01225824535013,31.22216477004467,167.60563893767713 131.01226165626278,31.2221647774012,167.6281128166334 131.01226506642908,31.222164785044,167.64952788496643 131.0122684758506,31.222164792961788,167.66988562658884 131.01227188452916,31.222164801142544,167.68918766155855 131.0122752924669,31.222164809573485,167.7074357361395 131.01227869966644,31.22216481824106,167.72463173075275 131.0122821061304,31.22216482713109,167.7407776430825 131.01228551186196,31.222164836228743,167.7558755920496 131.01228891686443,31.22216484551849,167.76992781483168 131.0122923211416,31.22216485498427,167.78293666189396 131.01229572469742,31.22216486460941,167.79490458307376 131.01229912753624,31.222164874376737,167.8058341414979 131.01230252966263,31.22216488426856,167.81572798972735 131.01230593108158,31.222164894266736,167.82458887870408 131.01230933179824,31.22216490435268,167.8324196497998 131.01231273181807,31.2221649145074,167.83922322288936 131.01231613114692,31.22216492471157,167.84500259933435 131.01231952979077,31.22216493494556,167.8497608530369 131.01232292775595,31.222164945189377,167.85350112348337 131.01232632504903,31.22216495542284,167.85622661375768 131.0123297216768,31.22216496562554,167.8579405885546 131.0123331176463,31.222164975776884,167.8586463483358 131.01233651296488,31.222164985856143,167.85834725418286 131.01233990763987,31.222164995842483,167.857046697976 131.01234330167907,31.222165005715,167.8547481083616 131.01234669509037,31.222165015452767,167.8514549338544 131.0123500878817,31.22216502503486,167.84717065476627 131.0123534800614,31.22216503444039,167.84189875636994 131.0123568716377,31.22216504364856,167.83564274579803 131.01236026261915,31.22216505263868,167.82840611824903 131.01236365301432,31.222165061390207,167.82019237587286 131.01236704283193,31.222165069882795,167.81100501186947 131.01237043208073,31.22216507809629,167.80084750253752 131.01237382076954,31.222165086010826,167.78972330131188 131.0123772089073,31.222165093606783,167.777635839758 131.01238059650296,31.222165100864903,167.76458851763363 131.01238398356537,31.222165107766223,167.75058469891388 131.01238737010348,31.222165114292224,167.7356276948949 131.0123907561262,31.22216512042474,167.71972077612173 131.01239414164235,31.22216512614608,167.70286716046206 131.01239752666086,31.222165131439013,167.68507000018607 131.01240091119033,31.2221651362868,167.66633239091152 131.01240429523943,31.22216514067321,167.64665735371435 131.0124076788167,31.222165144582608,167.6260478341358 131.0124110619305,31.22216514799988,167.6045067051633 131.01241444458904,31.222165150910524,167.58203674834786 131.01241782680043,31.22216515330068,167.5586406647375 131.01242120857253,31.222165155157104,167.53432105798032 131.012424589913,31.2221651564672,167.50908044128315 131.01242797082932,31.222165157219088,167.48292122150917 131.0124313513287,31.22216515740157,167.45584570215976 131.01243473141807,31.22216515700415,167.42785608735096 131.0124381111042,31.22216515601708,167.39895445895297 131.01244149039343,31.22216515443132,167.36914279647033 131.01244486929195,31.222165152238635,167.33842295418 131.01244824780548,31.222165149431515,167.30679667306083 131.01245162593955,31.22216514600325,167.27426556787097 131.0124550036992,31.222165141947915,167.2408311351016 131.0124583810893,31.222165137260365,167.20649473508365 131.01246175811423,31.22216513193625,167.17125761286337 131.01246513477795,31.222165125972047,167.13512087633396 131.01246851108417,31.22216511936504,167.09808550220075 131.01247188703607,31.22216511211328,167.06015234293776 131.01247526263649,31.22216510421565,167.0213221039273 131.01247863788785,31.22216509567188,166.98159537427333 131.01248201279208,31.22216508648244,166.94097259598746 131.01248538735075,31.22216507664864,166.89945408386993 131.01248876156495,31.22216506617257,166.8570400145733 131.0124921354353,31.22216505505716,166.81373043157583 131.01249550896205,31.222165043306035,166.76952524716552 131.01249888214488,31.22216503092365,166.72442424244232 131.01250225498305,31.22216501791524,166.6784270593657 131.0125056274754,31.222165004286754,166.6315332176515 131.01250899962022,31.222164990044885,166.58374209886813 131.01251237141545,31.222164975197064,166.535052969298 131.01251574285837,31.222164959751424,166.4854649531 131.012519113946,31.2221649437168,166.43497706411475 131.01252248467483,31.22216492710268,166.383588190957 131.0125258550407,31.22216490991924,166.33129710098916 131.01252922503932,31.222164892177247,166.2781024433034 131.01253259466563,31.22216487388813,166.22400275766654 131.01253596391433,31.222164855063888,166.1689964715381 131.0125393327795,31.22216483571709,166.11308190205713 131.01254270125497,31.222164815860875,166.0562572669761 131.01254606933395,31.22216479550884,165.99852068167655 131.01254943700928,31.222164774675143,165.93987016215263 131.01255280427344,31.222164753374383,165.88030363693645 131.01255617111846,31.222164731621607,165.81981893616384 131.01255953753596,31.222164709432267,165.7584138154298 131.0125629035172,31.222164686822207,165.6960859428654 131.01256626905297,31.222164663807607,165.63283291503973 131.01256963413388,31.222164640405023,165.56865225596783 131.01257299875,31.22216461663124,165.50354142306986 131.0125763628911,31.222164592503336,165.43749781015566 131.0125797265468,31.22216456803864,165.37051875338534 131.0125830897062,31.22216454325465,165.3026015431979 131.0125864523582,31.22216451816905,165.23374341635676 131.01258981449143,31.22216449279967,165.163941572848 131.01259317609424,31.222164467164408,165.09319317389017 131.01259653715476,31.22216444128128,165.0214953498862 131.01259989766092,31.222164415168304,164.94884520439817 131.0126032576004,31.222164388843527,164.87523982706716 131.0126066169608,31.22216436232496,164.80067628168635 131.01260997572936,31.22216433563056,164.7251516310475 131.01261333389343,31.222164308778208,164.64866293395943 131.0126166914401,31.22216428178564,164.57120724624104 131.01262004835633,31.22216425467046,164.4927816336412 131.01262340462915,31.222164227450065,164.41338317581443 131.01262676024544,31.222164200141663,164.33300896333824 131.01263011519208,31.222164172762195,164.25165611858503 131.0126334694559,31.222164145328342,164.16932178677646 131.01263682302385,31.22216411785647,164.08600314790854 131.01264017588286,31.222164090362604,164.00169742371108 131.0126435280199,31.222164062862426,163.91640187665092 131.0126468794221,31.22216403537121,163.83011381987123 131.01265023007676,31.22216400790385,163.74283061917984 131.01265357997113,31.222163980474743,163.6545497039807 131.01265692909274,31.22216395309788,163.5652685593225 131.01266027742935,31.22216392578671,163.47498474478235 131.01266362496887,31.222163898554207,163.38369589049069 131.01266697169956,31.2221638714128,163.29139970607497 131.01267031760975,31.222163844374336,163.19809397966569 131.0126736626882,31.222163817450127,163.1037765858484 131.01267700692398,31.222163790650885,163.00844548665535 131.01268035030645,31.22216376398667,162.91209874150613 131.01268369282533,31.22216373746696,162.81473450124267 131.01268703447073,31.22216371110056,162.71635102403306 131.0126903752332,31.222163684895623,162.61694666344243 131.0126937151037,31.222163658859657,162.51651988533106 131.01269705407347,31.222163632999447,162.41506925990143 131.01270039213452,31.222163607321097,162.3125934756146 131.0127037292791,31.22216358183003,162.20909132924902 131.01270706550017,31.222163556530926,162.10456173882227 131.01271040079095,31.2221635314278,161.99900373564012 131.01271373514547,31.222163506523863,161.8924164772166 131.0127170685582,31.22216348182169,161.7847992423042 131.01272040102413,31.22216345732308,161.676151428908 131.0127237325389,31.22216343302908,161.56647256223337 131.01272706309877,31.222163408940062,161.4557622956841 131.01273039270055,31.22216338505564,161.34402040688383 131.01273372134185,31.22216336137466,161.23124679867095 131.0127370490207,31.222163337895324,161.11744150208062 131.0127403757359,31.22216331461505,161.00260467833354 131.01274370148687,31.22216329153061,160.88673661088308 131.01274702627376,31.222163268638,160.76983771138035 131.01275035009732,31.222163245932567,160.65190851867987 131.012753672959,31.22216322340896,160.53294969585806 131.01275699486095,31.22216320106116,160.4129620322019 131.012760315806,31.222163178882447,160.2919464342631 131.0127636357976,31.222163156865548,160.169903934805 131.01276695483995,31.22216313500246,160.04683568385624 131.01277027293798,31.22216311328461,159.92274294871154 131.01277359009717,31.22216309170282,159.79762711293898 131.01277690632375,31.22216307024732,159.67148967339725 131.01278022162467,31.2221630489078,159.54433223427355 131.01278353600733,31.222163027673403,159.416156508078 131.01278684948008,31.22216300653273,159.28696431763152 131.0127901620517,31.22216298547391,159.15675757817536 131.0127934737316,31.222162964484568,159.0255383102936 131.01279678452997,31.222162943551925,158.8933086230165 131.0128000944574,31.222162922662697,158.7600707207775 131.01280340352525,31.22216290180325,158.62582689148863 131.01280671174527,31.222162880959587,158.49057950952135 131.01281001912983,31.222162860117297,158.3543310217921 131.01281332569195,31.22216283926169,158.21708395670964 131.01281663144496,31.222162818377765,158.07884090827127 131.0128199364028,31.222162797450256,157.93960453407593 131.01282324057982,31.222162776463662,157.79937755532592 131.01282654399083,31.22216275540225,157.65816274787997 131.012829846651,31.22216273425012,157.5159629392744 131.01283314857596,31.2221627129912,157.3727809997769 131.0128364497817,31.222162691609327,157.22861984338158 131.01283975028437,31.22216267008824,157.08348241687656 131.0128430501006,31.2221626484116,156.93737169785527 131.01284634924716,31.222162626563023,156.79029068975024 131.01284964774115,31.22216260452617,156.64224241387936 131.01285294559983,31.222162582284696,156.4932299044783 131.0128562428406,31.22216255982232,156.34325620770767 131.01285953948098,31.222162537122863,156.19232436972467 131.01286283553858,31.22216251417023,156.0404374356916 131.01286613103116,31.222162490948502,155.8875984408296 131.0128694259764,31.22216246744195,155.73381040644475 131.012872720392,31.222162443635018,155.5790763389333 131.01287601429564,31.222162419512408,155.42339921686246 131.0128793077049,31.222162395059087,155.26678199097 131.0128826006372,31.22216237026029,155.10922757621378 131.01288589310985,31.22216234510161,154.95073884282607 131.01288918513995,31.22216231956896,154.79131862625476 131.01289247674436,31.222162293648623,154.63096970330798 131.01289576793968,31.222162267327327,154.46969479414278 131.0128990587422,31.222162240592183,154.30749656425442 131.0129023491679,31.22216221343076,154.14437761056 131.01290563923234,31.222162185831102,153.9803404594126 131.0129089289507,31.22216215778175,153.8153875646121 131.01291221833768,31.22216212927175,153.6495213004498 131.01291550740757,31.222162100290685,153.48274395773095 131.01291879617412,31.22216207082872,153.31505773980143 131.0129220846505,31.22216204087655,153.14646475857035 131.01292537284937,31.22216201042552,152.97696703152982 131.01292866078273,31.222161979467508,152.80656647777795 131.01293194846198,31.222161947995087,152.63526491305183 131.0129352358979,31.222161916001447,152.46306404773637 131.01293852310053,31.222161883480403,152.28996548984907 131.01294181007918,31.222161850426488,152.11597072615427 131.0129450968425,31.22216181683488,151.94108114005397 131.01294838339828,31.22216178270144,151.76529799071483 131.0129516697536,31.222161748022742,151.5886224220147 131.0129549559148,31.222161712796044,151.41105546254127 131.01295824188728,31.222161677019308,151.23259800869658 131.01296152767563,31.22216164069121,151.05325084258632 131.01296481328367,31.222161603811124,150.87301461611705 131.01296809871425,31.222161566379167,150.6918898629246 131.0129713839694,31.222161528396143,150.50987697948767 131.01297466905032,31.222161489863574,150.32697624301835 131.01297795395712,31.22216145078369,150.14318780251796 131.0129812386893,31.222161411159444,149.95851167778133 131.0129845232451,31.222161370994463,149.77294776436688 131.01298780762215,31.222161330293098,149.5864958296206 131.01299109181707,31.222161289060367,149.39915551565787 131.01299437582549,31.22216124730196,149.21092634035554 131.01299765964217,31.222161205024246,149.02180769834789 131.013000943261,31.22216116223423,148.83179886301167 131.01300422667498,31.22216111893953,148.6408989844793 131.01300750987616,31.22216107514845,148.44910709659626 131.0130107928557,31.222161030869827,148.25642211990095 131.01301407560396,31.222160986113128,148.06284285963787 131.01301735811032,31.222160940888383,147.8683680067502 131.01302064036346,31.22216089520616,147.67299614980652 131.01302392235112,31.22216084907756,147.47672576704957 131.0130272040603,31.2221608025142,147.27955524229765 131.01303048547717,31.222160755528147,147.08148286096943 131.01303376658709,31.222160708131973,146.8825068090887 131.0130370473748,31.22216066033865,146.6826251832233 131.01304032782423,31.22216061216154,146.481836002412 131.0130436079187,31.22216056361441,146.28013719822462 131.01304688764074,31.222160514711348,146.07752662271255 131.0130501669723,31.22216046546677,145.87400206431207 131.01305344589483,31.2221604158954,145.6695612369088 131.01305672438912,31.22216036601217,145.4642017977299 131.01306000243542,31.22216031583228,145.25792134336663 131.01306328001357,31.222160265371127,145.05071742368872 131.01306655710286,31.22216021464427,144.84258753886283 131.0130698336822,31.22216016366739,144.63352914829716 131.01307310973016,31.222160112456248,144.423539679585 131.0130763852249,31.22216006102669,144.21261652850708 131.01307966014437,31.2221600093946,144.000757070955 131.01308293446624,31.222159957575816,143.78795866193911 131.01308620816795,31.222159905586185,143.574218648508 131.0130894812268,31.222159853441443,143.35953436577233 131.01309275361993,31.222159801157247,143.14390315877225 131.0130960253245,31.22215974874909,142.92732237452313 131.01309929631762,31.22215969623235,142.70978937096237 131.01310256657635,31.222159643622152,142.49130152788183 131.01310583607795,31.222159590933387,142.27185624891484 131.01310910479972,31.222159538180687,142.05145096551175 131.01311237271915,31.222159485378388,141.8300831478732 131.01311563981395,31.22215943254047,141.60775030892526 131.01311890606206,31.22215937968057,141.38445000730127 131.01312217144186,31.2221593268119,141.16017985827355 131.01312543593195,31.22215927394729,140.9349375307729 131.01312869951144,31.22215922109912,140.70872076428475 131.01313196215986,31.22215916827925,140.48152736586647 131.01313522385723,31.222159115499103,140.2533552151177 131.01313848458415,31.222159062769503,140.02420227908843 131.01314174432187,31.2221590101008,139.7940665963772 131.0131450030522,31.22215895750266,139.56294630694725 131.0131482607577,31.222158904984266,139.330839640201 131.01315151742156,31.22215885255408,139.0977449239238 131.01315477302782,31.222158800220026,138.86366058329105 131.0131580275614,31.22215874798928,138.6285851587589 131.0131612810079,31.22215869586841,138.3925172951305 131.013164533354,31.22215864386332,138.15545574851384 131.01316778458713,31.222158591979124,137.9173993962616 131.0131710346958,31.222158540220324,137.67834723200116 131.01317428366943,31.22215848859063,137.43829836961012 131.0131775314985,31.222158437093047,137.19725204818732 131.01318077817456,31.22215838572984,136.95520763304546 131.01318402369017,31.222158334502527,136.71216462167644 131.013187268039,31.22215828341188,136.46812263182295 131.01319051121595,31.222158232457925,136.22308142235255 131.0131937532169,31.22215818163996,135.9770408783484 131.01319699403902,31.2221581309565,135.730001018067 131.01320023368052,31.222158080405336,135.48196199293852 131.01320347214087,31.222158029983504,135.23292409054963 131.0132067094208,31.22215797968729,134.9828877276859 131.0132099455221,31.22215792951229,134.73185345331336 131.0132131804478,31.22215787945333,134.4798219485801 131.0132164142022,31.22215782950456,134.2267940297975 131.0132196467908,31.22215777965946,133.97277063552 131.01322287822015,31.222157729910784,133.71775284344275 131.0132261084982,31.22215768025064,133.461741840583 131.0132293376339,31.222157630670463,133.20473894912405 131.0132325656375,31.22215758116112,132.9467456105124 131.0132357925203,31.222157531712767,132.68776338347013 131.01323901829477,31.222157482315048,132.4277939430012 131.0132422429745,31.222157432957008,132.16683906945954 131.0132454665742,31.22215738362721,131.9049006634581 131.01324868910953,31.22215733431362,131.6419807200269 131.01325191059723,31.222157285003764,131.37808134054129 131.01325513105513,31.222157235684687,131.1132047207944 131.01325835050184,31.222157186343,130.8473531490108 131.013261568957,31.22215713696492,130.58052899590697 131.0132647864411,31.22215708753626,130.3127347206554 131.01326800297548,31.22215703804256,130.0439728539889 131.01327121858228,31.222156988469,129.77424600515755 131.01327443328427,31.22215693880053,129.50355683906946 131.01327764710507,31.222156889021807,129.23190809617043 131.0132808600688,31.222156839117336,128.959302551691 131.0132840722003,31.22215678907141,128.68574304745565 131.01328728352473,31.2221567388682,128.4112324560988 131.0132904940679,31.222156688491783,128.1357736929947 131.01329370385596,31.22215663792623,127.85936969935948 131.01329691291537,31.222156587155528,127.58202344622816 131.01330012127295,31.222156536163684,127.30373791258722 131.0133033289556,31.22215648493477,127.02451609631 131.01330653599055,31.22215643345297,126.74436099527055 131.0133097424049,31.222156381702536,126.46327560635125 131.013312948226,31.222156329667943,126.18126291351489 131.013316153481,31.22215627733385,125.8983258927751 131.01331935819687,31.222156224685165,125.61446749132368 131.01332256240053,31.222156171707045,125.32969062852492 131.01332576611864,31.22215611838496,125.04399819194016 131.01332896937743,31.222156064704738,124.75739302440633 131.0133321722029,31.22215601065257,124.4698779200606 131.01333537462023,31.22215595621505,124.18145561837652 131.01333857665463,31.222155901379296,123.8921288051588 131.0133417783302,31.22215584613281,123.60190009067556 131.01334497967068,31.22215579046365,123.3107720195989 131.01334818069896,31.222155734360385,123.01874705311292 131.01335138030143,31.222155677515328,122.72591177705804 131.01335457853136,31.22215561992728,122.43226660333684 131.01335777493136,31.22215556146236,122.13784963500296 131.0133609691256,31.222155502009308,121.84269295308408 131.01336416073772,31.22215544145783,121.54682866949888 131.01336734939113,31.22215537969884,121.25028889028192 131.01337053470905,31.22215531662445,120.95310570365876 131.01337371631456,31.222155252128143,120.65531115022776 131.0133768938313,31.22215518610472,120.35693720308154 131.0133800668831,31.22215511845057,120.05801574693623 131.01338323509438,31.222155049063545,119.758578556265 131.0133863980905,31.222154977843093,119.45865727343096 131.01338955549767,31.22215490469036,119.15828339477352 131.01339270694342,31.22215482950816,118.8574882417836 131.0133958520566,31.22215475220109,118.55630294818266 131.01339899046775,31.22215467267564,118.25475844401949 131.01340212180915,31.222154590840084,117.95288543678603 131.01340524571523,31.2221545066046,117.65071439253168 131.01340836182243,31.222154419881267,117.3482755249293 131.0134114697699,31.22215433058417,117.04559877241432 131.0134145691992,31.22215423862932,116.74271379818572 131.013417659755,31.222154143934805,116.43964996038488 131.01342074108487,31.22215404642067,116.13643631110205 131.01342381283976,31.222153946008987,115.83310158246108 131.01342687467408,31.22215384262386,115.52967417270249 131.01342992624592,31.222153736191423,115.22618213823137 131.01343296721734,31.222153626639816,114.92265318168847 131.01343599725445,31.2221535138993,114.61911465095685 131.01343901602772,31.22215339790211,114.31559351928036 131.01344202321206,31.222153278582464,114.01211638923915 131.0134450184871,31.222153155876583,113.70870947982644 131.01344800153734,31.22215302972268,113.40539862048436 131.0134509720523,31.22215290006088,113.10220924712672 131.01345392972686,31.22215276683339,112.79916640213747 131.0134568742612,31.22215262998421,112.49629472144828 131.01345980536107,31.222152489459265,112.193618438513 131.01346272273796,31.222152345206307,111.89116137635402 131.01346562610922,31.22215219717493,111.58894694855609 131.0134685151982,31.222152045316577,111.28699815329946 131.01347138973463,31.22215188958447,110.98533757932395 131.0134742494542,31.222151729933525,110.68398739201012 131.01347709409927,31.22215156632036,110.38296935027728 131.01347992341854,31.222151398703264,110.08230478968272 131.0134827371674,31.22215122704216,109.78201463335462 131.0134855351081,31.222151051298606,109.4821193830444 131.0134883170095,31.22215087143576,109.18263913403597 131.0134910826475,31.22215068741821,108.8835935552622 131.01349383180496,31.222150499212123,108.58500191216775 131.01349656427166,31.222150306785053,108.28688305179548 131.01349927984458,31.222150110106,107.98925541570766 131.01350197832784,31.222149909145465,107.69213703302624 131.01350465953269,31.22214970387521,107.39554552838344 131.0135073232775,31.22214949426836,107.09949811794333 131.013509969388,31.22214928029928,106.80401162331744 131.01351259769703,31.22214906194363,106.50910245466352 131.0135152080447,31.22214883917832,106.21478663652952 131.0135178002785,31.22214861198156,105.92107978797078 131.01352037425286,31.22214838033258,105.62799714044124 131.01352292982955,31.22214814421184,105.33555353779094 131.01352546687747,31.222147903600884,105.04376343228928 131.01352798527265,31.222147658482367,104.75264089356924 131.0135304848982,31.222147408840087,104.46219960961884 131.01353296564432,31.222147154658863,104.1724528907574 131.013535427408,31.222146895924485,103.88341367261438 131.0135378700934,31.222146632623783,103.59509451414029 131.0135402936112,31.22214636474456,103.30750761152184 131.01354269787905,31.222146092275565,103.0206647912216 131.01354508282125,31.22214581520668,102.73457751196456 131.01354744836868,31.22214553352848,102.44925687765948 131.01354979445867,31.22214524723256,102.1647136354084 131.013552121035,31.222144956311368,101.88095817749384 131.01355442804757,31.222144660758254,101.59800054435908 131.01355671545275,31.222144360567484,101.3158504285829 131.01355898321285,31.222144055734155,101.03451717984828 131.0135612312961,31.22214374625416,100.75400981189912 131.0135634596766,31.222143432124227,100.47433699259815 131.0135656683342,31.222143113341875,100.19550706181852 131.0135678572543,31.222142789905423,99.91752802647169 131.01357002642794,31.222142461814144,99.64040756845914 131.01357217585132,31.222142129067883,99.36415303870592 131.0135743055259,31.22214179166734,99.08877148002264 131.0135764154584,31.222141449613908,98.81426961318677 131.01357850566023,31.22214110290973,98.54065384688283 131.01358057614783,31.22214075155781,98.26793027571192 131.0135826269423,31.22214039556177,97.99610469609628 131.01358465806928,31.22214003492595,97.72518259931788 131.01358666955875,31.2221396696554,97.45516917847702 131.01358866144517,31.22213929975584,97.18606933743663 131.013590633767,31.22213892523365,96.91788768585114 131.0135925865668,31.22213854609608,96.65062854910536 131.01359451989103,31.222138162350813,96.38429596831352 131.0135964337899,31.22213777400631,96.11889370926455 131.0135983283172,31.222137381071583,95.854425266396 131.01360020353025,31.222136983556343,95.59089385981258 131.01360205948976,31.22213658147092,95.328302448206 131.01360389625975,31.222136174826304,95.06665372388454 131.0136057139072,31.22213576363401,94.80595013066386 131.01360751250223,31.222135347906192,94.54619384995016 131.0136092921177,31.222134927655528,94.28738682658388 131.01361105282928,31.22213450289528,94.02953075293352 131.01361279523692,31.22213407376905,93.77257252752554 131.01361451938067,31.22213364028116,93.51651716847284 131.0136162255429,31.222133202496003,93.26134441311731 131.0136179139602,31.22213276046662,93.00703862968582 131.01361958486504,31.22213231424493,92.75358449648527 131.01362123848557,31.22213186388181,92.50096701681478 131.01362287504594,31.222131409427178,92.24917150902608 131.01362449476596,31.22213095092973,91.99818361447744 131.01362609786148,31.222130488437315,91.7479892607561 131.01362768454447,31.22213002199672,91.498574673609 131.01362925502312,31.22212955165384,91.24992636203316 131.0136308095018,31.22212907745372,91.00203110435976 131.01363234818126,31.222128599440545,90.75487595422167 131.01363387125855,31.22212811765757,90.50844822067204 131.01363537892726,31.222127632147263,90.26273546818696 131.0136368713775,31.222127142951287,90.01772551070228 131.0136383487961,31.22212665011052,89.77340639570974 131.0136398113665,31.222126153665226,89.52976640227062 131.01364125926895,31.222125653654818,89.28679404300486 131.0136426926805,31.22212515011804,89.04447804321681 131.01364411177505,31.222124643092936,88.80280734884958 131.0136455167236,31.22212413261692,88.56177110461626 131.01364690769395,31.22212361872672,88.32135867090035 131.0136482848513,31.22212310145859,88.08155959294093 131.01364964835778,31.222122580848048,87.84236361574479 131.01365099837267,31.222122056930043,87.60376066519963 131.01365233505263,31.222121529738963,87.36574086099868 131.0136536585516,31.222120999308647,87.12829448681931 131.01365496902082,31.222120465672443,86.89141200523505 131.01365626660908,31.222119928863165,86.65508405075782 131.01365755146247,31.2221193889131,86.41930141492817 131.01365882372463,31.22211884585404,86.18405505426851 131.0136600835369,31.22211829971729,85.949336083325 131.013661331038,31.22211775053371,85.71513576572285 131.0136625663645,31.22211719833377,85.48144551217781 131.01366378965062,31.222116643147448,85.24825688049766 131.01366500102824,31.22211608500428,85.01556157359433 131.01366620062709,31.222115523933383,84.78335142855005 131.0136673885747,31.222114959963484,84.55161841661827 131.01366856499644,31.2221143931229,84.32035464521205 131.01366973001575,31.222113823439685,84.08955234398806 131.0136708837538,31.22211325094139,83.85920387379356 131.01367202632989,31.22211267565521,83.6293017177207 131.01367315786126,31.22211209760804,83.39983847713017 131.0136742784632,31.222111516826324,83.17080687364097 131.0136753882492,31.222110933336328,82.94219974018341 131.01367648733083,31.222110347163927,82.71401002497642 131.01367757581772,31.22210975833464,82.48623078357512 131.01367865381786,31.222109166873704,82.25885517986603 131.01367972143734,31.22210857280599,82.03187648706074 131.01368077878053,31.222107976156103,81.80528807576826 131.01368182595024,31.222107376948497,81.57908341797177 131.01368286304745,31.22210677520716,81.35325608603446 131.0136838901715,31.22210617095587,81.1277997517063 131.01368490742024,31.22210556421812,80.9027081761838 131.01368591488975,31.222104955017112,80.67797521905655 131.01368691267473,31.22210434337586,80.45359482637974 131.01368790086826,31.22210372931713,80.22956103365561 131.01368887956195,31.22210311286337,80.00586796583481 131.0136898488459,31.2221024940368,79.78250983433394 131.01369080880875,31.222101872859408,79.5594809340539 131.01369175953783,31.222101249352946,79.33677564238651 131.01369270111897,31.222100623538992,79.11438841324944 131.01369363363665,31.222099995438867,78.89231378702868 131.013694557174,31.222099365073657,78.6705463766606 131.01369547181287,31.222098732464207,78.44908087856764 131.01369637763375,31.222098097631186,78.22791205874164 131.01369727471595,31.222097460595062,78.0070347567201 131.01369816313735,31.222096821376137,77.78644388757522 131.01369904297488,31.222096179994463,77.56613443793705 131.013699914304,31.222095536469887,77.34610145903632 131.01370077719903,31.22209489082208,77.12634008260882 131.01370163173323,31.222094243070483,76.90684549405596 131.0137024779787,31.2220935932345,76.68761295630365 131.01370331600637,31.222092941333205,76.4686377948906 131.01370414588607,31.22209228738555,76.24991539498613 131.01370496768655,31.222091631410283,76.03144121232606 131.0137057814755,31.222090973425967,75.81321076227766 131.01370658731955,31.22209031345108,75.59521961884563 131.0137073852843,31.22208965150388,75.37746341964339 131.01370817543452,31.222088987602465,75.15993786092194 131.01370895783367,31.222088321764737,74.94263870452963 131.01370973254444,31.222087654008448,74.72556175604187 131.01371049962853,31.22208698435121,74.50870288961374 131.01371125914676,31.222086312810564,74.29205802909267 131.01371201115896,31.22208563940377,74.07562315696518 131.01371275572404,31.222084964147967,73.85939431137488 131.01371349290002,31.222084287060174,73.64336757916433 131.01371422274414,31.222083608157195,73.42753910680966 131.01371494531276,31.222082927455848,73.21190508551025 131.01371566066135,31.22208224497268,72.99646176212303 131.01371636884457,31.222081560724103,72.78120543717489 131.0137170699163,31.222080874726416,72.56613245591637 131.01371776392955,31.222080186995736,72.35123921726797 131.0137184509367,31.22207949754816,72.1365221618918 131.01371913098924,31.222078806399555,71.92197778809702 131.01371980413796,31.22207811356568,71.70760263295199 131.01372047043287,31.222077419062124,71.49339329117278 131.01372112992334,31.2220767229044,71.27934639126468 131.0137217826579,31.22207602510786,71.06545861639822 131.0137224286846,31.222075325687808,70.85172669148682 131.0137230680506,31.222074624659328,70.63814738616811 131.01372370080244,31.2220739220374,70.4247175148051 131.01372432698605,31.22207321783688,70.21143393350353 131.01372494664668,31.22207251207253,69.9982935440885 131.013725559829,31.22207180475903,69.78529328913429 131.01372616657707,31.22207109591084,69.57243015295812 131.01372676693418,31.22207038554238,69.35970116062701 131.01372736094322,31.22206967366787,69.1471033829275 131.0137279486464,31.222068960301502,68.93463392443718 131.01372853008536,31.222068245457383,68.72228993346597 131.01372910530122,31.222067529149395,68.51006859907324 131.0137296743345,31.22206681139136,68.297967145104 131.0137302372252,31.22206609219696,68.08598284012962 131.0137307940128,31.2220653715798,67.87411298651323 131.01373134473627,31.22206464955344,67.66235492239781 131.01373188943404,31.222063926131217,67.45070602866497 131.01373242814404,31.2220632013264,67.23916371998821 131.01373296090375,31.222062475152125,67.02772545179198 131.01373348775013,31.22206174762148,66.81638871130447 131.01373400871975,31.22206101874746,66.60515101755819 131.01373452384863,31.22206028854288,66.39400993828909 131.01373503317237,31.22205955702048,66.18296306309716 131.01373553672613,31.22205882419289,65.97200802432124 131.01373603454465,31.222058090072665,65.76114248511087 131.01373652666223,31.222057354672287,65.55036414042036 131.01373701311283,31.222056618004068,65.33967072297314 131.0137374939299,31.22205588008024,65.12905999729756 131.0137379691465,31.222055140912897,64.91852976370333 131.01373843879543,31.222054400514143,64.70807784933461 131.01373890290895,31.222053658895945,64.49770211910558 131.0137393615191,31.22205291607011,64.2874004627767 131.01373981465738,31.222052172048368,64.07717081086082 131.01374026235513,31.222051426842366,63.867011116729095 131.01374070464323,31.22205068046373,63.65691937152339 131.01374114155223,31.2220499329239,63.446893591231685 131.01374157311236,31.222049184234223,63.23693182663068 131.01374199935353,31.222048434405966,63.02703215433793 131.0137424203053,31.22204768345029,62.8171926857592 131.01374283599705,31.2220469313784,62.6074115571478 131.01374324645766,31.22204617820119,62.39768693556878 131.01374365171588,31.2220454239296,62.18801701591693 131.01374405180005,31.222044668574416,61.97840002787576 131.01374444673837,31.2220439121464,61.76883421702941 131.0137448365586,31.22204315465621,61.55931786573896 131.01374522128836,31.222042396114364,61.349849286183705 131.01374560095496,31.222041636531312,61.14042681042057 131.01374597558544,31.222040875917383,60.93104880330689 131.0137463452066,31.22204011428297,60.72171365156598 131.0137467098451,31.222039351638223,60.51241977372796 131.01374706952717,31.22203858799324,60.30316560919453 131.01374742427893,31.222037823358026,60.09394963016876 131.0137477741263,31.222037057742536,59.88477032873124 131.0137481190949,31.22203629115668,59.675626222805455 131.0137484592102,31.22203552361017,59.466515859139406 131.0137487944974,31.222034755112706,59.25743780833593 131.01374912498156,31.222033985673846,59.048390661869526 131.01374945068753,31.222033215303213,58.83937304004047 131.01374977163997,31.22203244401019,58.63038358700334 131.0137500878633,31.22203167180413,58.42142096778513 131.01375039938176,31.22203089869429,58.2124838752442 131.01375070621955,31.22203012468992,58.00357101913501 131.01375100840056,31.22202934980012,57.794681141019694 131.01375130594857,31.22202857403392,57.58581299736871 131.01375159888713,31.222027797400223,57.37696537447186 131.01375188723975,31.222027019907976,57.16813707551575 131.01375217102972,31.22202624156599,56.95932692853595 131.01375245028018,31.22202546238297,56.75053378244128 131.0137527250141,31.22202468236752,56.54175650502509 131.0137529952543,31.22202390152822,56.332993995889225 131.01375326102365,31.22202311987364,56.124245163579324 131.01375352234464,31.222022337412128,55.91550894347859 131.01375377923975,31.222021554152043,55.70678429383226 131.01375403173137,31.22202077010161,55.49807018580558 131.0137542798417,31.22201998526915,55.289365619390175 131.01375452359284,31.222019199662697,55.080669608492414 131.0137547630068,31.222018413290304,54.87198118888615 131.01375499810547,31.22201762615991,54.66329941821289 131.01375522891064,31.22201683827953,54.45462337101162 131.013755455444,31.222016049656943,54.24595213971222 131.01375567772715,31.222015260299912,54.03728483960701 131.01375589578151,31.22201447021608,53.828620602884975 131.0137561096286,31.22201367941319,53.61995857465679 131.01375631928963,31.22201288789873,53.41129792885936 131.01375652478592,31.2220120956802,53.20263784738045 131.01375672613847,31.222011302764983,52.99397753795205 131.01375692336853,31.22201050916051,52.78531622023342 131.01375711649695,31.222009714874044,52.57665313276967 131.01375730554477,31.222008919912778,52.36798753199768 131.01375749053267,31.22200812428385,52.15931869324012 131.0137576714816,31.222007327994444,51.95064590076503 131.01375784841215,31.222006531051527,51.741968465678895 131.013758021345,31.222005733462066,51.53328570902766 131.01375819030076,31.22200493523294,51.324596965772805 131.01375835529996,31.22200413637107,51.11590159373826 131.01375851636303,31.222003336883187,50.907198963669856 131.01375867351044,31.222002536776,50.698488453270215 131.0137588267625,31.222001736056143,50.48976947006346 131.01375897613957,31.22200093473032,50.28104142554866 131.0137591216619,31.222000132804983,50.07230375011103 131.01375926334967,31.2219993302866,49.86355589004005 131.01375940122315,31.22199852718164,49.65479730255896 131.01375953530243,31.22199772349648,49.44602745880684 131.01375966560752,31.2219969192374,49.23724584980341 131.0137597921585,31.221996114410608,49.02845197352597 131.01375991497557,31.221995309022404,48.819645343855775 131.01376003407847,31.22199450307889,48.61082548759649 131.01376014948724,31.22199369658613,48.40199194447365 131.0137602612218,31.221992889550155,48.19314427111134 131.013760369302,31.22199208197702,47.984282029103085 131.01376047374768,31.22199127387261,47.77540479992329 131.01376057457867,31.221990465242783,47.56651217399202 131.01376067181477,31.221989656093413,47.3576037536576 131.01376076547575,31.221988846430303,47.14867915220251 131.01376085558132,31.22198803625912,46.9397379998079 131.01376094215112,31.221987225585547,46.73077993162445 131.01376102520496,31.22198641441532,46.52180459970162 131.01376110476244,31.221985602753943,46.31281166105845 131.01376118084315,31.221984790606943,46.10380078961291 131.01376125346678,31.22198397797989,45.89477166922311 131.01376132265287,31.22198316487821,45.68572398871673 131.013761388421,31.221982351307314,45.476657452826494 131.01376145079072,31.22198153727252,45.26757177523104 131.0137615097816,31.221980722779243,45.058466682531886 131.01376156541306,31.221979907832694,44.84934190431184 131.01376161770463,31.221979092438108,44.640197184070615 131.0137616666758,31.22197827660076,44.431032277236525 131.01376171234602,31.22197746032576,44.2218469442076 131.01376175473467,31.2219766436182,44.01264095631648 131.01376179386122,31.221975826483217,43.80341409384212 131.01376182974505,31.221975008925856,43.59416614402164 131.01376186240552,31.221974190951105,43.3848969040326 131.01376189186195,31.22197337256391,43.175606185963645 131.0137619181338,31.221972553769305,42.96629379494409 131.0137619412403,31.221971734572104,42.75695956095547 131.01376196120071,31.22197091497716,42.547603313978726 131.01376197803444,31.221970094989423,42.33822488697677 131.01376199176067,31.22196927461363,42.1288241288177 131.01376200239864,31.221968453854505,41.91940089632201 131.01376200996765,31.2219676327169,41.70995504432159 131.0137620144868,31.22196681120547,41.500486445542 131.0137620159754,31.22196598932488,41.29099497370237 131.0137620144525,31.22196516707985,41.08148051047438 131.0137620099374,31.221964344474983,40.871942943494005 131.01376200244903,31.22196352151484,40.662382166361525 131.0137619920067,31.22196269820408,40.45279808560055 131.01376197862933,31.2219618745472,40.2431906037575 131.013761962336,31.221961050548703,40.03355963928469 131.01376194314585,31.22196022621318,39.82390510765169 131.0137619210778,31.221959401545064,39.614226940233536 131.01376189615084,31.22195857654877,39.404525061446336 131.01376186838397,31.22195775122884,39.19479941359984 131.01376183779612,31.22195692558964,38.98504993800958 131.01376180440616,31.221956099635506,38.775276581955566 131.01376176823302,31.22195527337093,38.56547929669407 131.0137617292955,31.22195444680024,38.355658046404606 131.01376168761243,31.221953619927696,38.14581278532529 131.01376164320263,31.221952792757783,37.93594348459431 131.01376159608492,31.221951965294696,37.72605011733764 131.0137615462779,31.22195113754273,37.516132662645965 131.01376149380033,31.2219503095063,37.30619109364516 131.01376143867083,31.221949481189547,37.09622540433734 131.0137613809081,31.22194865259676,36.886235580771626 131.01376132053076,31.221947823732258,36.67622161297352 131.01376125755723,31.221946994600174,36.46618350389196 131.0137611920061,31.221946165204816,36.25612125249933 131.01376112389588,31.221945335550387,36.04603486373276 131.01376105324488,31.221944505641023,35.83592434650555 131.01376098007165,31.221943675481068,35.62578970973112 131.01376090439445,31.2219428450746,35.41563097524651 131.01376082623156,31.22194201442584,35.2054481559415 131.0137607456014,31.221941183539023,34.995241274646965 131.013760662522,31.22194035241824,34.78501035817037 131.01376057701165,31.22193952106776,34.574755431331 131.0137604890884,31.221938689491708,34.36447652690101 131.0137603987704,31.221937857694225,34.154173677652565 131.01376030607565,31.221937025679587,33.94384691735199 131.01376021102206,31.221936193451857,33.73349628672439 131.0137601136276,31.22193536101528,33.523121825500986 131.01376001391017,31.22193452837399,33.312723579377625 131.0137599118875,31.22193369553214,33.10230159206188 131.0137598075774,31.221932862494,32.89185591024383 131.01375970099753,31.22193202926364,32.6813865845902 131.01375959216557,31.221931195845315,32.47089366974413 131.01375948109907,31.2219303622432,32.26037721537821 131.0137593678155,31.22192952846148,32.049837277129875 131.01375925233242,31.22192869450439,31.839273916601385 131.01375913466714,31.221927860376063,31.628687188436235 131.01375901483704,31.22192702608083,31.418077155230847 131.0137588928593,31.22192619162284,31.20744388057616 131.01375876875116,31.22192535700636,30.996787429057008 131.01375864252978,31.22192452223564,30.786107860287927 131.01375851421213,31.221923687314888,30.57540524780112 131.01375838381523,31.22192285224848,30.364679654193697 131.01375825135605,31.22192201704056,30.153931150015737 131.0137581168514,31.221921181695578,29.94315980979404 131.01375798031796,31.22192034621772,29.732365697120017 131.01375784177253,31.221919510611425,29.52154888850899 131.01375770123167,31.221918674880943,29.310709457493825 131.01375755871197,31.22191783903069,29.099847475619512 131.01375741422987,31.221917003065045,28.8889630213898 131.01375726780168,31.22191616698836,28.67805616833809 131.01375711944382,31.22191533080511,28.467126992980265 131.01375696917236,31.221914494519662,28.25617557382058 131.0137568170036,31.221913658136568,28.04520198439275 131.01375666295354,31.221912821660183,27.834206309166056 131.01375650703807,31.221911985095147,27.6231886216746 131.0137563492732,31.221911148445823,27.41214900539371 131.01375618967467,31.22191031171693,27.201087536840195 131.01375602825814,31.22190947491288,26.990004299489765 131.01375586503937,31.22190863803841,26.77889936985929 131.01375570003378,31.22190780109801,26.567772830430727 131.01375553325687,31.22190696409648,26.35662476567441 131.013755364724,31.221906127038327,26.145455251113543 131.01375519445048,31.22190528992844,25.934264371218777 131.01375502245142,31.221904452771383,25.72305220747837 131.01375484874197,31.221903615572074,25.51181884038676 131.01375467333708,31.22190277833518,25.300564354415 131.0137544962517,31.22190194106565,25.08928882707525 131.0137543175006,31.221901103768225,24.8779923488038 131.01375413709852,31.2219002664479,24.666674992142408 131.01375395506008,31.22189942910956,24.45533684255693 131.01375377139985,31.221898591758155,24.243977982530904 131.01375358613217,31.22189775439873,24.03259849156553 131.01375339927145,31.221896917036247,23.821198453138777 131.01375321083196,31.221896079675872,23.609777947746384 131.01375302082775,31.2218952423226,23.398337059860783 131.013752829273,31.22189440498172,23.18687586500723 131.01375263618155,31.22189356765831,22.97539444964677 131.01375244156728,31.221892730357656,22.763892890299143 131.013752245444,31.22189189308504,22.552371268454888 131.01375204782536,31.22189105584569,22.340829665604804 131.01375184872492,31.221890218645097,22.129268160257386 131.01375164815616,31.22188938148857,21.91768683390368 131.01375144613243,31.221888544381585,21.7060857610758 131.01375124266704,31.221887707329667,21.49446502525345 131.01375103777315,31.22188687033828,21.282824705939863 131.0137508314639,31.22188603341312,21.07116487766767 131.01375062375223,31.221885196559736,20.85948562391692 131.01375041465107,31.221884359783854,20.647787014249847 131.01375020417322,31.221883523091257,20.43606913314099 131.01374999233136,31.221882686487675,20.224332053135235 131.01374977913807,31.221881849978985,20.01257585274261 131.01374956460603,31.221881013571103,19.800800608484856 131.01374934874747,31.22188017726995,19.589006396883928 131.01374913157483,31.22187934108156,19.377193287502887 131.0137489131004,31.22187850501202,19.165361365811336 131.01374869333628,31.22187766906745,18.953510695407708 131.01374847229442,31.221876833254,18.74164135778523 131.013748249987,31.221875997577992,18.52975342350169 131.0137480264258,31.221875162045727,18.317846969079927 131.01374780162263,31.22187432666353,18.105922065077923 131.01374757558915,31.221873491437897,17.89397878603049 131.01374734833715,31.221872656375364,17.68201720050765 131.01374711987805,31.22187182148247,17.470037384038605 131.01374689022333,31.221870986765857,17.258039409170248 131.01374665938437,31.22187015223225,17.04602334546714 131.01374642737247,31.221869317888498,16.833989262493983 131.01374619419897,31.221868483741424,16.621937235780543 131.0137459598749,31.22186764979799,16.409867329921063 131.01374572441136,31.221866816065184,16.197779618457183 131.01374548781936,31.22186598255013,15.985674169960063 131.01374525010988,31.22186514926005,15.773551055983337 131.0137450112937,31.2218643162022,15.561410342115911 131.0137447713817,31.22186348338392,15.349252099911713 131.01374453038463,31.221862650812664,15.137076397942348 131.0137442883131,31.22186181849594,14.924883304779518 131.01374404517773,31.2218609864414,14.712672888000965 131.01374380098906,31.221860154656728,14.500445218167007 131.01374355575763,31.22185932314977,14.288200360867256 131.01374330949392,31.221858491928447,14.075938385668117 131.01374306220828,31.2218576610008,13.863659357165329 131.01374281391105,31.22185683037491,13.65136334591971 131.01374256461258,31.221856000059045,13.439050421498065 131.0137423143231,31.22185517006155,13.226720648496478 131.01374206305292,31.22185434039088,13.014374096482012 131.01374181081215,31.221853511055613,12.80201082905684 131.01374155761107,31.22185268206444,12.589630920759069 131.0137413034597,31.221851853426205,12.377234435191134 131.0137410483682,31.22185102514985,12.16482143993227 131.0137407923467,31.221850197244464,11.95239200455015 131.01374053540528,31.221849369719287,11.739946196624183 131.01374027755406,31.221848542583725,11.527484086716528 131.01374001880302,31.221847715847268,11.315005742406832 131.01373975916235,31.221846889519608,11.102511230280802 131.01373949864205,31.22184606361056,10.890000623883388 131.01373923725225,31.22184523813011,10.677473989800507 131.01373897500306,31.22184441308847,10.464931398594867 131.0137387119046,31.221843588495968,10.252372924805968 131.01373844796703,31.221842764363128,10.039798637008449 131.0137381832006,31.221841940700667,9.827208605765406 131.01373791761543,31.22184111751956,9.614602907605024 131.01373765122193,31.221840294830887,9.401981611102364 131.01373738403035,31.221839472646007,9.18934479278588 131.0137371160512,31.22183865097653,8.976692525207518 131.0137368472949,31.22183782983421,8.764024888872706 131.013736577772,31.22183700923117,8.55134195633363 131.0137363074932,31.22183618917972,8.338643806107676 131.01373603646928,31.221835369692467,8.125930519694823 131.0137357647111,31.2218345507823,7.913202175612694 131.01373549222967,31.221833732462407,7.700458851384917 131.0137352190362,31.221832914746315,7.487700633482723 131.01373494514186,31.221832097647848,7.274927606389236 131.01373467052045,31.22183128112532,7.062139858564366 131.01373439518414,31.22183046519415,6.849337466538192 131.0137341191283,31.221829649844803,6.636520515788445 131.01373384235083,31.22182883507187,6.42368909079886 131.0137335648498,31.221828020869943,6.210843265117449 131.01373328662302,31.22182720723361,5.997983126210769 131.01373300766843,31.22182639415752,5.78510875259797 131.01373272798386,31.22182558163633,5.572220219815863 131.01373244756712,31.221824769664767,5.359317607378085 131.0137321664159,31.221823958237543,5.146400993804239 131.01373188452808,31.22182314734943,4.933470452643224 131.01373160190127,31.221822336995206,4.720526065397454 131.0137313185332,31.22182152716972,4.507567904621929 131.0137310344215,31.22182071786782,4.294596044860153 131.013730749564,31.221819909084417,4.081610564632444 131.01373046395815,31.221819100814447,3.8686115325175416 131.01373017760167,31.221818293052905,3.655599028030215 131.0137298904922,31.221817485794794,3.4425731207436527 131.0137296026273,31.221816679035182,3.22953388420786 131.01372931400465,31.221815872769167,3.016481390978809 131.01372902462182,31.221815066991915,2.803415712618431 131.01372873447647,31.221814261698604,2.590336919694613 131.01372844356615,31.221813456884465,2.3772450857579024 131.0137281518886,31.221812652544788,2.16414028038228 131.0137278594414,31.221811848674903,1.9510225751302004 131.0137275662222,31.2218110452702,1.7378920395759123 131.01372727222872,31.22181024232608,1.5247487403112483 131.0137269774586,31.221809439838022,1.3115927558583016 131.01372668190956,31.22180863780159,1.0984241458499266 131.01372638557936,31.22180783621233,0.8852429858259444 131.01372608846572,31.2218070350659,0.6720493423787062 131.01372598668962,31.22180673568012,0.5181941620954741 131.0137255265616,31.221806078949456,0.3915390890026292 131.01372556122348,31.221805633914464,0.2694413094184948 131.01372535875507,31.22180504759155,0.1655660751727193 131.01372545243296,31.22180480965048,0.0691061351220234</coordinates>
            </LineString>
        </Placemark>
        <Placemark id="1495">
            <name>flight_path</name>
            <styleUrl>#1496</styleUrl>
            <LineString id="1494">
                <altitudeMode>clampToGround</altitudeMode>
                <coordinates>131.010392,31.222216000000007,0.0 131.0103920000045,31.222215999991075,0.0 131.0103920000085,31.222215999994766,0.0 131.0103920000085,31.222215999994766,0.0 131.01039200000852,31.222215999994766,0.0 131.01039201539675,31.22221599246117,0.0 131.0103920617776,31.22221596990869,0.0 131.01039213193175,31.22221593580231,0.0 131.01039220552698,31.222215900001803,0.0 131.0103923261533,31.222215841380503,0.0 131.01039241011944,31.222215800500727,0.0 131.01039255023213,31.22221573238213,0.0 131.0103926908424,31.222215663995925,0.0 131.01039284206664,31.22221559043897,0.0 131.01039301222698,31.2222155076778,0.0 131.01039319835945,31.22221541714896,0.0 131.01039339622227,31.222215320908244,0.0 131.0103936086097,31.222215217601374,0.0 131.01039382835415,31.2222151107022,0.0 131.0103940692252,31.222214993537087,0.0 131.0103943154942,31.22221487372917,0.0 131.0103945800907,31.22221474501192,0.0 131.01039485370347,31.222214611898128,0.0 131.01039513986652,31.222214472675024,0.0 131.01039544418495,31.22221432462593,0.0 131.01039575462735,31.22221417358214,0.0 131.01039608061367,31.222214014978025,0.0 131.01039641907315,31.22221385030192,0.0 131.01039677261693,31.22221367828824,0.0 131.01039713608534,31.22221350143773,0.0 131.010397517966,31.22221331563664,0.0 131.01039790540767,31.22221312711366,0.0 131.01039830590005,31.22221293223868,0.0 131.01039871921526,31.222212731122088,0.0 131.01039914602634,31.222212523437697,0.0 131.0103995843797,31.222212310132328,0.0 131.01040002919007,31.222212093670787,0.0 131.010400488852,31.222211869984235,0.0 131.01040096154043,31.222211639957216,0.0 131.01040144391652,31.222211405208075,0.0 131.01040193996343,31.222211163806087,0.0 131.01040244347448,31.22221091875968,0.0 131.01040295825328,31.222210668225145,0.0 131.01040348638034,31.22221041119396,0.0 131.01040402793237,31.222210147628825,0.0 131.0104045774418,31.22220988018005,0.0 131.0104051377902,31.2222096074508,0.0 131.01040571307726,31.222209327453587,0.0 131.01040630329675,31.222209040191352,0.0 131.01040689520636,31.22220875208352,0.0 131.01040750096558,31.22220845723537,0.0 131.0104081214021,31.222208155245536,0.0 131.01040875222748,31.222207848192888,0.0 131.01040938861175,31.222207538419,0.0 131.0104100415545,31.222207220590928,0.0 131.01041070492113,31.22220689768276,0.0 131.0104113765162,31.222206570758807,0.0 131.0104120622233,31.22220624092616,0.0 131.0104127540741,31.22220589976957,0.0 131.01041345726358,31.222205554911447,0.0 131.01041417748013,31.22220519963085,0.0 131.0104149014445,31.222204840928903,0.0 131.01041563575424,31.222204475628327,0.0 131.0104163839785,31.22220410200952,0.0 131.01041714776628,31.22220371930553,0.0 131.01041790828248,31.22220333651556,0.0 131.01041868244016,31.222202945621927,0.0 131.01041947793664,31.22220254309856,0.0 131.01042027625377,31.22220213764044,0.0 131.0104210801303,31.222201727960137,0.0 131.0104219002015,31.222201309291467,0.0 131.0104227336566,31.222200883043048,0.0 131.0104235726874,31.222200452722767,0.0 131.01042442000931,31.22220001716847,0.0 131.0104252825366,31.22219957356169,0.0 131.01042616072476,31.22219912191495,0.0 131.01042703755058,31.222198669226888,0.0 131.0104279321961,31.222198207864807,0.0 131.01042883695388,31.22219774109168,0.0 131.0104297507232,31.22219726941409,0.0 131.0104306714568,31.22219679366121,0.0 131.01043161190867,31.22219630949624,0.0 131.01043256159485,31.22219582081176,0.0 131.01043351371956,31.222195329848,0.0 131.010434484849,31.2221948314423,0.0 131.0104354714956,31.22219432707865,0.0 131.01043645681924,31.222193821755567,0.0 131.01043745900915,31.22219331037561,0.0 131.0104384758326,31.222192793957344,0.0 131.01043950115323,31.22219227424604,0.0 131.0104405359326,31.22219175109352,0.0 131.01044158526707,31.222191223576058,0.0 131.01044264820672,31.22219069220292,0.0 131.0104437160649,31.222190158820293,0.0 131.01044480205272,31.222189621165,0.0 131.010445903703,31.222189080084995,0.0 131.01044700888653,31.222188537575374,0.0 131.01044813686713,31.222187991097964,0.0 131.01044927505157,31.22218744268599,0.0 131.0104504165051,31.22218689309982,0.0 131.01045158236107,31.22218634051217,0.0 131.01045276062493,31.22218578644327,0.0 131.01045395006955,31.222185231081184,0.0 131.01045515670987,31.222184674320857,0.0 131.010456371925,31.222184116778152,0.0 131.0104575973036,31.22218355850068,0.0 131.01045884964003,31.222182999646268,0.0 131.01046009809625,31.22218244051599,0.0 131.01046137457763,31.22218188151953,0.0 131.010462667542,31.2221813229844,0.0 131.0104639636257,31.22218076443791,0.0 131.01046527609975,31.222180206600687,0.0 131.0104666266328,31.222179651481184,0.0 131.01046797573272,31.22217909647658,0.0 131.0104693254909,31.222178541391266,0.0 131.01047072322663,31.222177991430385,0.0 131.01047210759134,31.222177440315075,0.0 131.0104735148257,31.22217689215449,0.0 131.01047497567427,31.222176351944032,0.0 131.0104763934876,31.22217580582166,0.0 131.01047786528193,31.222175268361926,0.0 131.01047936693277,31.222174736797847,0.0 131.01048083297422,31.22217419933311,0.0 131.01048237005088,31.22217367567588,0.0 131.01048389622255,31.222173150799616,0.0 131.0104854262672,31.222172627197576,0.0 131.0104870199483,31.2221721181935,0.0 131.01048858993033,31.222171604856488,0.0 131.0104901786133,31.22217109646071,0.0 131.01049182330303,31.22217060262792,0.0 131.01049343737952,31.22217010219816,0.0 131.0104950949533,31.222169613732355,0.0 131.01049677655962,31.22216913281323,0.0 131.01049843802576,31.222168647413085,0.0 131.010500171227,31.222168183058187,0.0 131.01050187970705,31.222167712960808,0.0 131.01050360838337,31.22216724971528,0.0 131.01050540228127,31.222166807220432,0.0 131.01050715783325,31.222166354444507,0.0 131.01050895454568,31.222165915442524,0.0 131.01051079575075,31.222165491865823,0.0 131.0105126038741,31.22216505908284,0.0 131.01051447772244,31.222164648817778,0.0 131.01051633995397,31.222164236225964,0.0 131.0105182135024,31.22216382867435,0.0 131.0105201619604,31.22216344778568,0.0 131.0105220674083,31.22216305382172,0.0 131.01052400925903,31.22216267362757,0.0 131.01052601652,31.22216231762652,0.0 131.01052796403405,31.22216194230209,0.0 131.01052999656713,31.2221615982006,0.0 131.01053202696565,31.22216125494483,0.0 131.01053404673672,31.222160909347306,0.0 131.0105361524681,31.222160595917543,0.0 131.01053821684178,31.222160269224727,0.0 131.0105403223188,31.22215995872862,0.0 131.0105424681115,31.22215966426312,0.0 131.01054458276033,31.22215936003752,0.0 131.01054677183012,31.22215908412191,0.0 131.01054894078086,31.222158802404607,0.0 131.0105511222019,31.222158526606407,0.0 131.01055337406956,31.222158277595074,0.0 131.0105555865395,31.22215801579839,0.0 131.010557841246,31.22215777052324,0.0 131.01056012680408,31.22215753758607,0.0 131.01056239100723,31.222157298355352,0.0 131.0105647381681,31.22215708975619,0.0 131.01056704359223,31.22215686765477,0.0 131.01056938114064,31.22215665805371,0.0 131.0105717920854,31.222156475017528,0.0 131.0105741346446,31.222156269490867,0.0 131.01057656706604,31.222156095813247,0.0 131.01057897496253,31.2221559147466,0.0 131.0105814005618,31.222155740647462,0.0 131.01058388636127,31.22215558734199,0.0 131.01058633031457,31.22215542111511,0.0 131.0105888458527,31.222155278912364,0.0 131.01059134872793,31.22215513326228,0.0 131.01059385574356,31.222154989667978,0.0 131.01059643356749,31.222154868589747,0.0 131.0105989618736,31.22215473278637,0.0 131.01060155919515,31.22215461831428,0.0 131.0106041454397,31.22215450078768,0.0 131.01060674178504,31.22215438657609,0.0 131.01060940139467,31.222154290543184,0.0 131.01061201089627,31.222154180522736,0.0 131.0106146999831,31.222154092511783,0.0 131.0106173572298,31.22215399573147,0.0 131.01062004111853,31.222153905994144,0.0 131.01062277310885,31.22215382829461,0.0 131.01062546150197,31.22215373928036,0.0 131.01062822491932,31.22215366842641,0.0 131.0106309603122,31.222153590196186,0.0 131.01063371829727,31.222153516839125,0.0 131.01063652684158,31.22215345422505,0.0 131.01063928678795,31.222153380028423,0.0 131.01064212582895,31.22215332223342,0.0 131.0106449360671,31.222153257258665,0.0 131.01064776580657,31.222153195432966,0.0 131.01065062829718,31.222153138986588,0.0 131.01065346266716,31.22215307593117,0.0 131.01065636714554,31.22215302486053,0.0 131.010659234876,31.22215296560545,0.0 131.0106621370396,31.22215291122806,0.0 131.0106650555345,31.22215285812772,0.0 131.01066795206927,31.22215279985496,0.0 131.0106709280441,31.22215275297626,0.0 131.01067384602487,31.22215269508284,0.0 131.01067682258366,31.222152644733946,0.0 131.01067979152035,31.222152591371703,0.0 131.01068275678003,31.2221525357422,0.0 131.010685777924,31.22215248635548,0.0 131.01068875632117,31.222152428977527,0.0 131.01069179554543,31.222152378250108,0.0 131.0106948112798,31.22215232231396,0.0 131.0106978416337,31.222152266480016,0.0 131.01070090712997,31.222152213386074,0.0 131.01070393672367,31.22215215357174,0.0 131.01070703989802,31.22215210154221,0.0 131.01071010100873,31.22215204200814,0.0 131.01071320854953,31.22215198667805,0.0 131.0107163036599,31.222151927798706,0.0 131.01071939906976,31.222151867080623,0.0 131.0107225381501,31.22215181036869,0.0 131.01072564204838,31.22215174710848,0.0 131.0107288200033,31.222151692243884,0.0 131.0107319557659,31.222151629852327,0.0 131.0107351221516,31.2221515700958,0.0 131.01073830793763,31.22215151159609,0.0 131.0107414636709,31.222151447125896,0.0 131.01074467741574,31.222151389942027,0.0 131.01074788080882,31.22215132989968,0.0 131.01075106681452,31.222151265729515,0.0 131.01075428884909,31.222151206166448,0.0 131.0107575343695,31.2221511495542,0.0 131.01076076508397,31.222151089422635,0.0 131.01076399635596,31.22215102835136,0.0 131.01076725709703,31.2221509718012,0.0 131.0107705236069,31.22215091570125,0.0 131.01077378810075,31.22215085857787,0.0 131.0107770567852,31.22215080169342,0.0 131.01078034392816,31.222150748136364,0.0 131.01078363385696,31.222150694890324,0.0 131.010786925989,31.222150641877345,0.0 131.0107902261829,31.22215059049476,0.0 131.01079353312457,31.222150540623712,0.0 131.0107968437756,31.2221504916948,0.0 131.01080015851866,31.22215044390225,0.0 131.01080348187824,31.222150398474778,0.0 131.01080681223684,31.22215035517772,0.0 131.0108101487257,31.22215031391653,0.0 131.01081348809694,31.22215027395965,0.0 131.0108168302992,31.22215023537756,0.0 131.0108201850866,31.222150200912896,0.0 131.0108235413214,31.22215016768773,0.0 131.01082690528696,31.22215013750338,0.0 131.0108302748201,31.222150109873063,0.0 131.0108336522818,31.222150085570565,0.0 131.01083703130172,31.22215006283453,0.0 131.01084041815704,31.22215004357552,0.0 131.010843811966,31.222150027637976,0.0 131.01084720854155,31.22215001382492,0.0 131.01085061408233,31.222150004088416,0.0 131.01085402860653,31.22214999852605,0.0 131.01085744260948,31.2221499942208,0.0 131.01086086659654,31.22214999450292,0.0 131.0108642946309,31.222149997557995,0.0 131.01086772735164,31.22215000361371,0.0 131.01087116583818,31.222150013046736,0.0 131.01087461172474,31.222150026414354,0.0 131.0108780624984,31.22215004292048,0.0 131.010881520106,31.222150063208225,0.0 131.0108849816252,31.22215008632662,0.0 131.0108884486955,31.22215011280833,0.0 131.01089191852392,31.22215014172768,0.0 131.01089539434875,31.22215017413352,0.0 131.0108988774559,31.222150210428943,0.0 131.01090236435013,31.222150249438,0.0 131.0109058562232,31.22215029151966,0.0 131.01090935289352,31.22215033657634,0.0 131.0109128496808,31.22215038303959,0.0 131.01091635345009,31.22215043309748,0.0 131.01091985821589,31.22215048475336,0.0 131.0109233710915,31.222150540242925,0.0 131.0109268844469,31.222150597052128,0.0 131.01093040648627,31.22215065773065,0.0 131.01093392871942,31.222150719513905,0.0 131.01093745381195,31.222150783182144,0.0 131.0109409853372,31.22215084975999,0.0 131.01094451967276,31.2221509180374,0.0 131.0109480542695,31.22215098716749,0.0 131.0109515959991,31.22215105914031,0.0 131.01095513870763,31.222151132010485,0.0 131.0109586866959,31.22215120696625,0.0 131.01096223613604,31.22215128278965,0.0 131.0109657870251,31.222151359401213,0.0 131.0109693408311,31.22215143712476,0.0 131.01097289752786,31.22215151584852,0.0 131.01097645570286,31.22215159508632,0.0 131.01098001573357,31.2221516748516,0.0 131.01098357596328,31.222151754610223,0.0 131.01098714099498,31.22215183547865,0.0 131.01099070470815,31.22215191576256,0.0 131.01099427264268,31.222151996799408,0.0 131.01099784162693,31.222152077681063,0.0 131.01100140818374,31.22215215748148,0.0 131.01100497869285,31.22215223767317,0.0 131.0110085488512,31.22215231712129,0.0 131.0110121170998,31.22215239540097,0.0 131.01101568891792,31.22215247369912,0.0 131.01101925775987,31.22215255044409,0.0 131.0110228283814,31.222152626643823,0.0 131.01102640253413,31.22215270258853,0.0 131.0110299728243,31.22215277661996,0.0 131.0110335428822,31.22215284947752,0.0 131.0110371127205,31.22215292109973,0.0 131.01104068494104,31.22215299195997,0.0 131.0110442555807,31.22215306120064,0.0 131.0110478251964,31.222153128903567,0.0 131.01105139631645,31.222153195525667,0.0 131.0110549658522,31.222153260425568,0.0 131.01105853367787,31.22215332355908,0.0 131.0110621047217,31.22215338583699,0.0 131.01106567073614,31.22215344567709,0.0 131.01106924239193,31.22215350507116,0.0 131.01107281054922,31.222153562295244,0.0 131.0110763794219,31.22215361813395,0.0 131.0110799479406,31.222153672386224,0.0 131.0110835178945,31.222153725384807,0.0 131.01108708702108,31.222153776722983,0.0 131.0110906551809,31.22215382638984,0.0 131.0110942227845,31.22215387447889,0.0 131.0110977914241,31.22215392130664,0.0 131.01110135704823,31.222153966151488,0.0 131.01110492406949,31.222154009862766,0.0 131.01110849003587,31.22215405202088,0.0 131.0111120549813,31.222154092669456,0.0 131.0111156190381,31.222154131875268,0.0 131.01111918557794,31.22215417033585,0.0 131.01112274793607,31.222154206811684,0.0 131.0111263124433,31.222154242587333,0.0 131.01112987867694,31.222154277651697,0.0 131.0111334432502,31.22215431138408,0.0 131.0111370082979,31.222154344272848,0.0 131.0111405739368,31.222154376412163,0.0 131.01114414098714,31.222154408046748,0.0 131.01114770367806,31.22215443800888,0.0 131.01115126760098,31.22215446755965,0.0 131.01115483191617,31.222154496603103,0.0 131.01115839497368,31.222154524841702,0.0 131.01116196071337,31.222154553242785,0.0 131.01116552323816,31.22215458052613,0.0 131.0111690844627,31.2221546071882,0.0 131.01117265124367,31.22215463495369,0.0 131.01117621786318,31.22215466254604,0.0 131.0111797817718,31.22215468938672,0.0 131.01118334842337,31.222154716899936,0.0 131.01118691566032,31.222154744634445,0.0 131.01119048405437,31.22215477280851,0.0 131.01119405391412,31.222154801578256,0.0 131.01119762488807,31.222154830924424,0.0 131.01120119429297,31.222154860187903,0.0 131.01120476456347,31.22215489008692,0.0 131.01120833541938,31.22215492061697,0.0 131.01121190485415,31.22215495127576,0.0 131.0112154745542,31.22215498259096,0.0 131.01121905179423,31.22215501672556,0.0 131.0112226236495,31.222155050009327,0.0 131.01122619718825,31.222155084522143,0.0 131.01122977369644,31.222155120715623,0.0 131.0112333495628,31.22215515756561,0.0 131.0112369258322,31.222155195419983,0.0 131.011240500401,31.222155233675995,0.0 131.01124407661652,31.222155273393515,0.0 131.0112476551968,31.22215531484105,0.0 131.01125123103023,31.222155356457208,0.0 131.0112548084754,31.22215539962389,0.0 131.0112583895348,31.222155445009605,0.0 131.01126197155747,31.222155491802333,0.0 131.01126555063124,31.22215553876466,0.0 131.01126913048935,31.222155587097657,0.0 131.01127271434993,31.222155637855053,0.0 131.01127629942374,31.22215569015177,0.0 131.0112798845133,31.22215574360167,0.0 131.01128346927743,31.22215579809277,0.0 131.01128705632576,31.22215585447061,0.0 131.0112906405653,31.22215591107461,0.0 131.0112942293548,31.22215597028861,0.0 131.01129781841993,31.22215603071164,0.0 131.01130140975283,31.22215609297568,0.0 131.0113049998956,31.222156155938706,0.0 131.0113085889002,31.222156219598045,0.0 131.0113121810666,31.222156285322743,0.0 131.01131577497554,31.222156352623188,0.0 131.0113193725149,31.22215642207572,0.0 131.01132296774713,31.22215649174017,0.0 131.01132656337776,31.222156562455098,0.0 131.01133016488268,31.22215663592169,0.0 131.01133376296045,31.22215670914313,0.0 131.0113373651452,31.22215678446468,0.0 131.01134096740296,31.222156860566447,0.0 131.01134456652758,31.222156936412272,0.0 131.01134816693835,31.22215701333256,0.0 131.01135176657098,31.222157090636472,0.0 131.01135536573892,31.22215716837312,0.0 131.01135896442025,31.222157246485946,0.0 131.01136256259267,31.222157324917173,0.0 131.01136616023362,31.222157403608,0.0 131.01136975732007,31.222157482498808,0.0 131.01137335382876,31.222157561529247,0.0 131.0113769497363,31.222157640638503,0.0 131.01138054501928,31.222157719765384,0.0 131.01138413965407,31.22215779884853,0.0 131.01138773361723,31.222157877826582,0.0 131.01139132688533,31.222157956638323,0.0 131.0113949194351,31.222158035222844,0.0 131.01139851124356,31.222158113519715,0.0 131.0114021022879,31.222158191469187,0.0 131.0114056925457,31.222158269012247,0.0 131.011409281995,31.22215834609081,0.0 131.01141287061415,31.22215842264789,0.0 131.01141645838203,31.22215849862768,0.0 131.0114200452782,31.22215857397572,0.0 131.01142363128258,31.22215864863904,0.0 131.0114272163758,31.22215872256628,0.0 131.0114308005393,31.22215879570778,0.0 131.01143438375505,31.22215886801572,0.0 131.01143796600584,31.2221589394442,0.0 131.01144154727527,31.222159009949333,0.0 131.0114451275477,31.2221590794894,0.0 131.01144870680827,31.22215914802484,0.0 131.0114522850431,31.222159215518417,0.0 131.01145586223916,31.222159281935248,0.0 131.0114594383843,31.222159347242915,0.0 131.01146301346722,31.22215941141144,0.0 131.01146658747774,31.2221594744134,0.0 131.01147016040647,31.22215953622398,0.0 131.01147373224504,31.222159596820934,0.0 131.0114773029861,31.22215965618473,0.0 131.01148087262305,31.22215971429844,0.0 131.01148444115054,31.22215977114792,0.0 131.01148800856407,31.222159826721697,0.0 131.01149157486003,31.222159881010985,0.0 131.01149514003595,31.222159934009728,0.0 131.01149870409023,31.222159985714548,0.0 131.0115022670221,31.22216003612474,0.0 131.0115058288319,31.22216008524225,0.0 131.0115093895208,31.222160133071657,0.0 131.01151294909093,31.22216017962012,0.0 131.01151650754525,31.222160224897337,0.0 131.01152006488755,31.222160268915538,0.0 131.01152362112262,31.22216031168937,0.0 131.01152717625587,31.222160353235854,0.0 131.0115307302937,31.222160393574352,0.0 131.0115342832431,31.222160432726444,0.0 131.0115378351119,31.22216047071593,0.0 131.0115413859086,31.22216050756868,0.0 131.01154493564235,31.222160543312537,0.0 131.01154848432296,31.22216057797736,0.0 131.01155203196092,31.2221606115948,0.0 131.01155557856714,31.22216064419826,0.0 131.0115591241532,31.22216067582277,0.0 131.01156266873105,31.222160706504948,0.0 131.01156621231317,31.22216073628278,0.0 131.0115697549125,31.22216076519565,0.0 131.01157329654222,31.222160793284143,0.0 131.011576837216,31.22216082058996,0.0 131.01158037694765,31.22216084715581,0.0 131.01158391575132,31.22216087302533,0.0 131.0115874536414,31.22216089824293,0.0 131.0115909906324,31.222160922853668,0.0 131.01159452673895,31.222160946903166,0.0 131.01159806197575,31.222160970437503,0.0 131.0116015963577,31.222160993503067,0.0 131.01160512989955,31.22216101614646,0.0 131.01160866261603,31.222161038414388,0.0 131.0116121945219,31.22216106035355,0.0 131.01161572563174,31.22216108201052,0.0 131.01161925596,31.222161103431656,0.0 131.01162278552098,31.222161124663003,0.0 131.01162631432882,31.22216114575013,0.0 131.01162984239724,31.22216116673808,0.0 131.01163336973988,31.222161187671244,0.0 131.01163689637,31.222161208593302,0.0 131.01164042230056,31.222161229547066,0.0 131.0116439475441,31.22216125057444,0.0 131.0116474721128,31.222161271716303,0.0 131.01165099601852,31.22216129301248,0.0 131.01165451927255,31.22216131450156,0.0 131.01165804188597,31.22216133622093,0.0 131.01166156386907,31.222161358206648,0.0 131.01166508523195,31.222161380493336,0.0 131.0116686059841,31.2221614031142,0.0 131.01167212613453,31.2221614261009,0.0 131.01167564569167,31.22216144948353,0.0 131.0116791646636,31.222161473290544,0.0 131.01168268305767,31.22216149754871,0.0 131.01168620088086,31.22216152228311,0.0 131.01168971813956,31.222161547517008,0.0 131.01169323483958,31.22216157327194,0.0 131.0116967509863,31.22216159956756,0.0 131.0117002665845,31.2221616264217,0.0 131.01170378163846,31.222161653850343,0.0 131.01170729615197,31.222161681867576,0.0 131.01171081012825,31.222161710485555,0.0 131.0117143235701,31.22216173971457,0.0 131.01171783647976,31.222161769562984,0.0 131.01172134885903,31.22216180003725,0.0 131.01172486070922,31.22216183114193,0.0 131.01172837203123,31.222161862879684,0.0 131.0117318828255,31.222161895251286,0.0 131.01173539309204,31.22216192825568,0.0 131.01173890283047,31.22216196188993,0.0 131.01174241204006,31.222161996149325,0.0 131.01174592071965,31.222162031027327,0.0 131.01174942886777,31.222162066515715,0.0 131.01175293648262,31.222162102604475,0.0 131.0117564435621,31.222162139281984,0.0 131.0117599501037,31.22216217653492,0.0 131.01176345610494,31.222162214348405,0.0 131.01176696156276,31.222162252706028,0.0 131.01177046647405,31.22216229158986,0.0 131.01177397083546,31.222162330980566,0.0 131.01177747464345,31.222162370857383,0.0 131.01178097789435,31.22216241119827,0.0 131.01178448058425,31.222162451979887,0.0 131.0117879827092,31.22216249317772,0.0 131.01179148426513,31.222162534766102,0.0 131.01179498524783,31.222162576718294,0.0 131.01179848565312,31.222162619006564,0.0 131.0118019854767,31.22216266160224,0.0 131.01180548471416,31.22216270447577,0.0 131.01180898336128,31.22216274759681,0.0 131.01181248141364,31.22216279093429,0.0 131.011815978867,31.222162834456512,0.0 131.011819475717,31.222162878131133,0.0 131.0118229719594,31.222162921925342,0.0 131.01182646759008,31.22216296580589,0.0 131.01182996260485,31.222163009739152,0.0 131.0118334569997,31.222163053691204,0.0 131.01183695077083,31.222163097627927,0.0 131.01184044391422,31.22216314151503,0.0 131.01184393642632,31.22216318531816,0.0 131.01184742830347,31.22216322900295,0.0 131.01185091954227,31.22216327253509,0.0 131.01185441013936,31.222163315880472,0.0 131.01185790009163,31.222163359005105,0.0 131.01186138939613,31.22216340187531,0.0 131.01186487804995,31.22216344445775,0.0 131.01186836605035,31.222163486719463,0.0 131.011871853395,31.222163528627974,0.0 131.0118753400814,31.22216357015132,0.0 131.01187882610748,31.222163611258114,0.0 131.0118823114712,31.222163651917647,0.0 131.01188579617073,31.22216369209987,0.0 131.01188928020443,31.22216373177549,0.0 131.01189276357087,31.22216377091605,0.0 131.01189624626875,31.22216380949392,0.0 131.01189972829698,31.222163847482364,0.0 131.0119032096545,31.222163884855625,0.0 131.01190669034057,31.22216392158893,0.0 131.01191017035458,31.2221639576585,0.0 131.01191364969603,31.22216399304168,0.0 131.01191712836467,31.22216402771691,0.0 131.01192060636032,31.222164061663754,0.0 131.0119240836829,31.22216409486296,0.0 131.01192756033262,31.222164127296487,0.0 131.0119310363097,31.222164158947507,0.0 131.01193451161453,31.22216418980044,0.0 131.0119379862476,31.222164219840977,0.0 131.0119414602096,31.22216424905609,0.0 131.0119449335012,31.222164277434096,0.0 131.0119484061233,31.222164304964583,0.0 131.0119518780768,31.22216433163849,0.0 131.0119553493627,31.22216435744807,0.0 131.0119588199821,31.22216438238693,0.0 131.01196228993624,31.222164406450023,0.0 131.01196575922623,31.222164429633647,0.0 131.01196922785348,31.222164451935427,0.0 131.01197269581925,31.2221644733543,0.0 131.01197616312498,31.22216449389059,0.0 131.011979629772,31.22216451354588,0.0 131.01198309576182,31.222164532323056,0.0 131.01198656109585,31.222164550226346,0.0 131.01199002577553,31.22216456726119,0.0 131.01199348980236,31.22216458343432,0.0 131.01199695317777,31.22216459875369,0.0 131.01200041590317,31.22216461322841,0.0 131.0120038779799,31.22216462686886,0.0 131.01200733940942,31.222164639686472,0.0 131.01201080019305,31.222164651693856,0.0 131.01201426033208,31.22216466290471,0.0 131.01201771982767,31.222164673333744,0.0 131.01202117868107,31.222164682996727,0.0 131.01202463689333,31.222164691910383,0.0 131.01202809446545,31.2221647000924,0.0 131.0120315513984,31.222164707561326,0.0 131.012035007693,31.222164714336607,0.0 131.01203846335005,31.222164720438503,0.0 131.0120419183702,31.22216472588801,0.0 131.0120453727539,31.22216473070688,0.0 131.01204882650168,31.222164734917552,0.0 131.0120522796138,31.222164738543064,0.0 131.01205573209054,31.222164741607063,0.0 131.0120591839319,31.22216474413371,0.0 131.01206263513788,31.22216474614768,0.0 131.0120660857082,31.22216474767405,0.0 131.0120695356426,31.222164748738315,0.0 131.01207298494063,31.22216474936628,0.0 131.01207643360166,31.222164749584035,0.0 131.01207988162497,31.22216474941792,0.0 131.01208332900964,31.2221647488944,0.0 131.01208677575468,31.222164748040143,0.0 131.01209022185887,31.222164746881862,0.0 131.01209366732098,31.22216474544629,0.0 131.0120971121395,31.22216474376016,0.0 131.01210055631276,31.222164741850087,0.0 131.01210399983913,31.22216473974263,0.0 131.0121074427167,31.222164737464105,0.0 131.01211088494347,31.222164735040664,0.0 131.01211432651726,31.222164732498168,0.0 131.01211776743585,31.222164729862182,0.0 131.01212120769685,31.222164727157875,0.0 131.01212464729775,31.222164724410053,0.0 131.01212808623595,31.22216472164307,0.0 131.0121315245087,31.22216471888078,0.0 131.01213496211324,31.22216471614651,0.0 131.01213839904662,31.22216471346301,0.0 131.01214183530587,31.222164710852475,0.0 131.0121452708879,31.222164708336383,0.0 131.01214870578968,31.222164705935608,0.0 131.0121521400079,31.222164703670263,0.0 131.01215557353945,31.22216470155974,0.0 131.01215900638098,31.222164699622663,0.0 131.01216243852923,31.22216469787683,0.0 131.01216586998086,31.22216469633925,0.0 131.0121693007326,31.222164695026034,0.0 131.01217273078112,31.22216469395247,0.0 131.01217616012315,31.222164693132903,0.0 131.0121795887554,31.222164692580783,0.0 131.01218301667467,31.22216469230864,0.0 131.01218644387788,31.22216469232801,0.0 131.0121898703618,31.22216469264952,0.0 131.01219329612343,31.22216469328277,0.0 131.01219672115997,31.22216469423641,0.0 131.01220014546848,31.22216469551808,0.0 131.0122035690463,31.2221646971344,0.0 131.01220699189088,31.22216469909103,0.0 131.01221041399972,31.222164701392582,0.0 131.01221383537063,31.222164704042665,0.0 131.01221725600143,31.2221647070439,0.0 131.0122206758902,31.222164710397863,0.0 131.01222409503524,31.222164714105183,0.0 131.0122275134349,31.22216471816544,0.0 131.01223093108797,31.22216472257725,0.0 131.01223434799323,31.222164727338264,0.0 131.0122377641499,31.22216473244513,0.0 131.01224117955726,31.222164737893568,0.0 131.01224459421493,31.222164743678377,0.0 131.01224800812278,31.22216474979337,0.0 131.01225142128095,31.222164756231543,0.0 131.0122548336898,31.222164762984903,0.0 131.01225824535013,31.22216477004467,0.0 131.01226165626278,31.2221647774012,0.0 131.01226506642908,31.222164785044,0.0 131.0122684758506,31.222164792961788,0.0 131.01227188452916,31.222164801142544,0.0 131.0122752924669,31.222164809573485,0.0 131.01227869966644,31.22216481824106,0.0 131.0122821061304,31.22216482713109,0.0 131.01228551186196,31.222164836228743,0.0 131.01228891686443,31.22216484551849,0.0 131.0122923211416,31.22216485498427,0.0 131.01229572469742,31.22216486460941,0.0 131.01229912753624,31.222164874376737,0.0 131.01230252966263,31.22216488426856,0.0 131.01230593108158,31.222164894266736,0.0 131.01230933179824,31.22216490435268,0.0 131.01231273181807,31.2221649145074,0.0 131.01231613114692,31.22216492471157,0.0 131.01231952979077,31.22216493494556,0.0 131.01232292775595,31.222164945189377,0.0 131.01232632504903,31.22216495542284,0.0 131.0123297216768,31.22216496562554,0.0 131.0123331176463,31.222164975776884,0.0 131.01233651296488,31.222164985856143,0.0 131.01233990763987,31.222164995842483,0.0 131.01234330167907,31.222165005715,0.0 131.01234669509037,31.222165015452767,0.0 131.0123500878817,31.22216502503486,0.0 131.0123534800614,31.22216503444039,0.0 131.0123568716377,31.22216504364856,0.0 131.01236026261915,31.22216505263868,0.0 131.01236365301432,31.222165061390207,0.0 131.01236704283193,31.222165069882795,0.0 131.01237043208073,31.22216507809629,0.0 131.01237382076954,31.222165086010826,0.0 131.0123772089073,31.222165093606783,0.0 131.01238059650296,31.222165100864903,0.0 131.01238398356537,31.222165107766223,0.0 131.01238737010348,31.222165114292224,0.0 131.0123907561262,31.22216512042474,0.0 131.01239414164235,31.22216512614608,0.0 131.01239752666086,31.222165131439013,0.0 131.01240091119033,31.2221651362868,0.0 131.01240429523943,31.22216514067321,0.0 131.0124076788167,31.222165144582608,0.0 131.0124110619305,31.22216514799988,0.0 131.01241444458904,31.222165150910524,0.0 131.01241782680043,31.22216515330068,0.0 131.01242120857253,31.222165155157104,0.0 131.012424589913,31.2221651564672,0.0 131.01242797082932,31.222165157219088,0.0 131.0124313513287,31.22216515740157,0.0 131.01243473141807,31.22216515700415,0.0 131.0124381111042,31.22216515601708,0.0 131.01244149039343,31.22216515443132,0.0 131.01244486929195,31.222165152238635,0.0 131.01244824780548,31.222165149431515,0.0 131.01245162593955,31.22216514600325,0.0 131.0124550036992,31.222165141947915,0.0 131.0124583810893,31.222165137260365,0.0 131.01246175811423,31.22216513193625,0.0 131.01246513477795,31.222165125972047,0.0 131.01246851108417,31.22216511936504,0.0 131.01247188703607,31.22216511211328,0.0 131.01247526263649,31.22216510421565,0.0 131.01247863788785,31.22216509567188,0.0 131.01248201279208,31.22216508648244,0.0 131.01248538735075,31.22216507664864,0.0 131.01248876156495,31.22216506617257,0.0 131.0124921354353,31.22216505505716,0.0 131.01249550896205,31.222165043306035,0.0 131.01249888214488,31.22216503092365,0.0 131.01250225498305,31.22216501791524,0.0 131.0125056274754,31.222165004286754,0.0 131.01250899962022,31.222164990044885,0.0 131.01251237141545,31.222164975197064,0.0 131.01251574285837,31.222164959751424,0.0 131.012519113946,31.2221649437168,0.0 131.01252248467483,31.22216492710268,0.0 131.0125258550407,31.22216490991924,0.0 131.01252922503932,31.222164892177247,0.0 131.01253259466563,31.22216487388813,0.0 131.01253596391433,31.222164855063888,0.0 131.0125393327795,31.22216483571709,0.0 131.01254270125497,31.222164815860875,0.0 131.01254606933395,31.22216479550884,0.0 131.01254943700928,31.222164774675143,0.0 131.01255280427344,31.222164753374383,0.0 131.01255617111846,31.222164731621607,0.0 131.01255953753596,31.222164709432267,0.0 131.0125629035172,31.222164686822207,0.0 131.01256626905297,31.222164663807607,0.0 131.01256963413388,31.222164640405023,0.0 131.01257299875,31.22216461663124,0.0 131.0125763628911,31.222164592503336,0.0 131.0125797265468,31.22216456803864,0.0 131.0125830897062,31.22216454325465,0.0 131.0125864523582,31.22216451816905,0.0 131.01258981449143,31.22216449279967,0.0 131.01259317609424,31.222164467164408,0.0 131.01259653715476,31.22216444128128,0.0 131.01259989766092,31.222164415168304,0.0 131.0126032576004,31.222164388843527,0.0 131.0126066169608,31.22216436232496,0.0 131.01260997572936,31.22216433563056,0.0 131.01261333389343,31.222164308778208,0.0 131.0126166914401,31.22216428178564,0.0 131.01262004835633,31.22216425467046,0.0 131.01262340462915,31.222164227450065,0.0 131.01262676024544,31.222164200141663,0.0 131.01263011519208,31.222164172762195,0.0 131.0126334694559,31.222164145328342,0.0 131.01263682302385,31.22216411785647,0.0 131.01264017588286,31.222164090362604,0.0 131.0126435280199,31.222164062862426,0.0 131.0126468794221,31.22216403537121,0.0 131.01265023007676,31.22216400790385,0.0 131.01265357997113,31.222163980474743,0.0 131.01265692909274,31.22216395309788,0.0 131.01266027742935,31.22216392578671,0.0 131.01266362496887,31.222163898554207,0.0 131.01266697169956,31.2221638714128,0.0 131.01267031760975,31.222163844374336,0.0 131.0126736626882,31.222163817450127,0.0 131.01267700692398,31.222163790650885,0.0 131.01268035030645,31.22216376398667,0.0 131.01268369282533,31.22216373746696,0.0 131.01268703447073,31.22216371110056,0.0 131.0126903752332,31.222163684895623,0.0 131.0126937151037,31.222163658859657,0.0 131.01269705407347,31.222163632999447,0.0 131.01270039213452,31.222163607321097,0.0 131.0127037292791,31.22216358183003,0.0 131.01270706550017,31.222163556530926,0.0 131.01271040079095,31.2221635314278,0.0 131.01271373514547,31.222163506523863,0.0 131.0127170685582,31.22216348182169,0.0 131.01272040102413,31.22216345732308,0.0 131.0127237325389,31.22216343302908,0.0 131.01272706309877,31.222163408940062,0.0 131.01273039270055,31.22216338505564,0.0 131.01273372134185,31.22216336137466,0.0 131.0127370490207,31.222163337895324,0.0 131.0127403757359,31.22216331461505,0.0 131.01274370148687,31.22216329153061,0.0 131.01274702627376,31.222163268638,0.0 131.01275035009732,31.222163245932567,0.0 131.012753672959,31.22216322340896,0.0 131.01275699486095,31.22216320106116,0.0 131.012760315806,31.222163178882447,0.0 131.0127636357976,31.222163156865548,0.0 131.01276695483995,31.22216313500246,0.0 131.01277027293798,31.22216311328461,0.0 131.01277359009717,31.22216309170282,0.0 131.01277690632375,31.22216307024732,0.0 131.01278022162467,31.2221630489078,0.0 131.01278353600733,31.222163027673403,0.0 131.01278684948008,31.22216300653273,0.0 131.0127901620517,31.22216298547391,0.0 131.0127934737316,31.222162964484568,0.0 131.01279678452997,31.222162943551925,0.0 131.0128000944574,31.222162922662697,0.0 131.01280340352525,31.22216290180325,0.0 131.01280671174527,31.222162880959587,0.0 131.01281001912983,31.222162860117297,0.0 131.01281332569195,31.22216283926169,0.0 131.01281663144496,31.222162818377765,0.0 131.0128199364028,31.222162797450256,0.0 131.01282324057982,31.222162776463662,0.0 131.01282654399083,31.22216275540225,0.0 131.012829846651,31.22216273425012,0.0 131.01283314857596,31.2221627129912,0.0 131.0128364497817,31.222162691609327,0.0 131.01283975028437,31.22216267008824,0.0 131.0128430501006,31.2221626484116,0.0 131.01284634924716,31.222162626563023,0.0 131.01284964774115,31.22216260452617,0.0 131.01285294559983,31.222162582284696,0.0 131.0128562428406,31.22216255982232,0.0 131.01285953948098,31.222162537122863,0.0 131.01286283553858,31.22216251417023,0.0 131.01286613103116,31.222162490948502,0.0 131.0128694259764,31.22216246744195,0.0 131.012872720392,31.222162443635018,0.0 131.01287601429564,31.222162419512408,0.0 131.0128793077049,31.222162395059087,0.0 131.0128826006372,31.22216237026029,0.0 131.01288589310985,31.22216234510161,0.0 131.01288918513995,31.22216231956896,0.0 131.01289247674436,31.222162293648623,0.0 131.01289576793968,31.222162267327327,0.0 131.0128990587422,31.222162240592183,0.0 131.0129023491679,31.22216221343076,0.0 131.01290563923234,31.222162185831102,0.0 131.0129089289507,31.22216215778175,0.0 131.01291221833768,31.22216212927175,0.0 131.01291550740757,31.222162100290685,0.0 131.01291879617412,31.22216207082872,0.0 131.0129220846505,31.22216204087655,0.0 131.01292537284937,31.22216201042552,0.0 131.01292866078273,31.222161979467508,0.0 131.01293194846198,31.222161947995087,0.0 131.0129352358979,31.222161916001447,0.0 131.01293852310053,31.222161883480403,0.0 131.01294181007918,31.222161850426488,0.0 131.0129450968425,31.22216181683488,0.0 131.01294838339828,31.22216178270144,0.0 131.0129516697536,31.222161748022742,0.0 131.0129549559148,31.222161712796044,0.0 131.01295824188728,31.222161677019308,0.0 131.01296152767563,31.22216164069121,0.0 131.01296481328367,31.222161603811124,0.0 131.01296809871425,31.222161566379167,0.0 131.0129713839694,31.222161528396143,0.0 131.01297466905032,31.222161489863574,0.0 131.01297795395712,31.22216145078369,0.0 131.0129812386893,31.222161411159444,0.0 131.0129845232451,31.222161370994463,0.0 131.01298780762215,31.222161330293098,0.0 131.01299109181707,31.222161289060367,0.0 131.01299437582549,31.22216124730196,0.0 131.01299765964217,31.222161205024246,0.0 131.013000943261,31.22216116223423,0.0 131.01300422667498,31.22216111893953,0.0 131.01300750987616,31.22216107514845,0.0 131.0130107928557,31.222161030869827,0.0 131.01301407560396,31.222160986113128,0.0 131.01301735811032,31.222160940888383,0.0 131.01302064036346,31.22216089520616,0.0 131.01302392235112,31.22216084907756,0.0 131.0130272040603,31.2221608025142,0.0 131.01303048547717,31.222160755528147,0.0 131.01303376658709,31.222160708131973,0.0 131.0130370473748,31.22216066033865,0.0 131.01304032782423,31.22216061216154,0.0 131.0130436079187,31.22216056361441,0.0 131.01304688764074,31.222160514711348,0.0 131.0130501669723,31.22216046546677,0.0 131.01305344589483,31.2221604158954,0.0 131.01305672438912,31.22216036601217,0.0 131.01306000243542,31.22216031583228,0.0 131.01306328001357,31.222160265371127,0.0 131.01306655710286,31.22216021464427,0.0 131.0130698336822,31.22216016366739,0.0 131.01307310973016,31.222160112456248,0.0 131.0130763852249,31.22216006102669,0.0 131.01307966014437,31.2221600093946,0.0 131.01308293446624,31.222159957575816,0.0 131.01308620816795,31.222159905586185,0.0 131.0130894812268,31.222159853441443,0.0 131.01309275361993,31.222159801157247,0.0 131.0130960253245,31.22215974874909,0.0 131.01309929631762,31.22215969623235,0.0 131.01310256657635,31.222159643622152,0.0 131.01310583607795,31.222159590933387,0.0 131.01310910479972,31.222159538180687,0.0 131.01311237271915,31.222159485378388,0.0 131.01311563981395,31.22215943254047,0.0 131.01311890606206,31.22215937968057,0.0 131.01312217144186,31.2221593268119,0.0 131.01312543593195,31.22215927394729,0.0 131.01312869951144,31.22215922109912,0.0 131.01313196215986,31.22215916827925,0.0 131.01313522385723,31.222159115499103,0.0 131.01313848458415,31.222159062769503,0.0 131.01314174432187,31.2221590101008,0.0 131.0131450030522,31.22215895750266,0.0 131.0131482607577,31.222158904984266,0.0 131.01315151742156,31.22215885255408,0.0 131.01315477302782,31.222158800220026,0.0 131.0131580275614,31.22215874798928,0.0 131.0131612810079,31.22215869586841,0.0 131.013164533354,31.22215864386332,0.0 131.01316778458713,31.222158591979124,0.0 131.0131710346958,31.222158540220324,0.0 131.01317428366943,31.22215848859063,0.0 131.0131775314985,31.222158437093047,0.0 131.01318077817456,31.22215838572984,0.0 131.01318402369017,31.222158334502527,0.0 131.013187268039,31.22215828341188,0.0 131.01319051121595,31.222158232457925,0.0 131.0131937532169,31.22215818163996,0.0 131.01319699403902,31.2221581309565,0.0 131.01320023368052,31.222158080405336,0.0 131.01320347214087,31.222158029983504,0.0 131.0132067094208,31.22215797968729,0.0 131.0132099455221,31.22215792951229,0.0 131.0132131804478,31.22215787945333,0.0 131.0132164142022,31.22215782950456,0.0 131.0132196467908,31.22215777965946,0.0 131.01322287822015,31.222157729910784,0.0 131.0132261084982,31.22215768025064,0.0 131.0132293376339,31.222157630670463,0.0 131.0132325656375,31.22215758116112,0.0 131.0132357925203,31.222157531712767,0.0 131.01323901829477,31.222157482315048,0.0 131.0132422429745,31.222157432957008,0.0 131.0132454665742,31.22215738362721,0.0 131.01324868910953,31.22215733431362,0.0 131.01325191059723,31.222157285003764,0.0 131.01325513105513,31.222157235684687,0.0 131.01325835050184,31.222157186343,0.0 131.013261568957,31.22215713696492,0.0 131.0132647864411,31.22215708753626,0.0 131.01326800297548,31.22215703804256,0.0 131.01327121858228,31.222156988469,0.0 131.01327443328427,31.22215693880053,0.0 131.01327764710507,31.222156889021807,0.0 131.0132808600688,31.222156839117336,0.0 131.0132840722003,31.22215678907141,0.0 131.01328728352473,31.2221567388682,0.0 131.0132904940679,31.222156688491783,0.0 131.01329370385596,31.22215663792623,0.0 131.01329691291537,31.222156587155528,0.0 131.01330012127295,31.222156536163684,0.0 131.0133033289556,31.22215648493477,0.0 131.01330653599055,31.22215643345297,0.0 131.0133097424049,31.222156381702536,0.0 131.013312948226,31.222156329667943,0.0 131.013316153481,31.22215627733385,0.0 131.01331935819687,31.222156224685165,0.0 131.01332256240053,31.222156171707045,0.0 131.01332576611864,31.22215611838496,0.0 131.01332896937743,31.222156064704738,0.0 131.0133321722029,31.22215601065257,0.0 131.01333537462023,31.22215595621505,0.0 131.01333857665463,31.222155901379296,0.0 131.0133417783302,31.22215584613281,0.0 131.01334497967068,31.22215579046365,0.0 131.01334818069896,31.222155734360385,0.0 131.01335138030143,31.222155677515328,0.0 131.01335457853136,31.22215561992728,0.0 131.01335777493136,31.22215556146236,0.0 131.0133609691256,31.222155502009308,0.0 131.01336416073772,31.22215544145783,0.0 131.01336734939113,31.22215537969884,0.0 131.01337053470905,31.22215531662445,0.0 131.01337371631456,31.222155252128143,0.0 131.0133768938313,31.22215518610472,0.0 131.0133800668831,31.22215511845057,0.0 131.01338323509438,31.222155049063545,0.0 131.0133863980905,31.222154977843093,0.0 131.01338955549767,31.22215490469036,0.0 131.01339270694342,31.22215482950816,0.0 131.0133958520566,31.22215475220109,0.0 131.01339899046775,31.22215467267564,0.0 131.01340212180915,31.222154590840084,0.0 131.01340524571523,31.2221545066046,0.0 131.01340836182243,31.222154419881267,0.0 131.0134114697699,31.22215433058417,0.0 131.0134145691992,31.22215423862932,0.0 131.013417659755,31.222154143934805,0.0 131.01342074108487,31.22215404642067,0.0 131.01342381283976,31.222153946008987,0.0 131.01342687467408,31.22215384262386,0.0 131.01342992624592,31.222153736191423,0.0 131.01343296721734,31.222153626639816,0.0 131.01343599725445,31.2221535138993,0.0 131.01343901602772,31.22215339790211,0.0 131.01344202321206,31.222153278582464,0.0 131.0134450184871,31.222153155876583,0.0 131.01344800153734,31.22215302972268,0.0 131.0134509720523,31.22215290006088,0.0 131.01345392972686,31.22215276683339,0.0 131.0134568742612,31.22215262998421,0.0 131.01345980536107,31.222152489459265,0.0 131.01346272273796,31.222152345206307,0.0 131.01346562610922,31.22215219717493,0.0 131.0134685151982,31.222152045316577,0.0 131.01347138973463,31.22215188958447,0.0 131.0134742494542,31.222151729933525,0.0 131.01347709409927,31.22215156632036,0.0 131.01347992341854,31.222151398703264,0.0 131.0134827371674,31.22215122704216,0.0 131.0134855351081,31.222151051298606,0.0 131.0134883170095,31.22215087143576,0.0 131.0134910826475,31.22215068741821,0.0 131.01349383180496,31.222150499212123,0.0 131.01349656427166,31.222150306785053,0.0 131.01349927984458,31.222150110106,0.0 131.01350197832784,31.222149909145465,0.0 131.01350465953269,31.22214970387521,0.0 131.0135073232775,31.22214949426836,0.0 131.013509969388,31.22214928029928,0.0 131.01351259769703,31.22214906194363,0.0 131.0135152080447,31.22214883917832,0.0 131.0135178002785,31.22214861198156,0.0 131.01352037425286,31.22214838033258,0.0 131.01352292982955,31.22214814421184,0.0 131.01352546687747,31.222147903600884,0.0 131.01352798527265,31.222147658482367,0.0 131.0135304848982,31.222147408840087,0.0 131.01353296564432,31.222147154658863,0.0 131.013535427408,31.222146895924485,0.0 131.0135378700934,31.222146632623783,0.0 131.0135402936112,31.22214636474456,0.0 131.01354269787905,31.222146092275565,0.0 131.01354508282125,31.22214581520668,0.0 131.01354744836868,31.22214553352848,0.0 131.01354979445867,31.22214524723256,0.0 131.013552121035,31.222144956311368,0.0 131.01355442804757,31.222144660758254,0.0 131.01355671545275,31.222144360567484,0.0 131.01355898321285,31.222144055734155,0.0 131.0135612312961,31.22214374625416,0.0 131.0135634596766,31.222143432124227,0.0 131.0135656683342,31.222143113341875,0.0 131.0135678572543,31.222142789905423,0.0 131.01357002642794,31.222142461814144,0.0 131.01357217585132,31.222142129067883,0.0 131.0135743055259,31.22214179166734,0.0 131.0135764154584,31.222141449613908,0.0 131.01357850566023,31.22214110290973,0.0 131.01358057614783,31.22214075155781,0.0 131.0135826269423,31.22214039556177,0.0 131.01358465806928,31.22214003492595,0.0 131.01358666955875,31.2221396696554,0.0 131.01358866144517,31.22213929975584,0.0 131.013590633767,31.22213892523365,0.0 131.0135925865668,31.22213854609608,0.0 131.01359451989103,31.222138162350813,0.0 131.0135964337899,31.22213777400631,0.0 131.0135983283172,31.222137381071583,0.0 131.01360020353025,31.222136983556343,0.0 131.01360205948976,31.22213658147092,0.0 131.01360389625975,31.222136174826304,0.0 131.0136057139072,31.22213576363401,0.0 131.01360751250223,31.222135347906192,0.0 131.0136092921177,31.222134927655528,0.0 131.01361105282928,31.22213450289528,0.0 131.01361279523692,31.22213407376905,0.0 131.01361451938067,31.22213364028116,0.0 131.0136162255429,31.222133202496003,0.0 131.0136179139602,31.22213276046662,0.0 131.01361958486504,31.22213231424493,0.0 131.01362123848557,31.22213186388181,0.0 131.01362287504594,31.222131409427178,0.0 131.01362449476596,31.22213095092973,0.0 131.01362609786148,31.222130488437315,0.0 131.01362768454447,31.22213002199672,0.0 131.01362925502312,31.22212955165384,0.0 131.0136308095018,31.22212907745372,0.0 131.01363234818126,31.222128599440545,0.0 131.01363387125855,31.22212811765757,0.0 131.01363537892726,31.222127632147263,0.0 131.0136368713775,31.222127142951287,0.0 131.0136383487961,31.22212665011052,0.0 131.0136398113665,31.222126153665226,0.0 131.01364125926895,31.222125653654818,0.0 131.0136426926805,31.22212515011804,0.0 131.01364411177505,31.222124643092936,0.0 131.0136455167236,31.22212413261692,0.0 131.01364690769395,31.22212361872672,0.0 131.0136482848513,31.22212310145859,0.0 131.01364964835778,31.222122580848048,0.0 131.01365099837267,31.222122056930043,0.0 131.01365233505263,31.222121529738963,0.0 131.0136536585516,31.222120999308647,0.0 131.01365496902082,31.222120465672443,0.0 131.01365626660908,31.222119928863165,0.0 131.01365755146247,31.2221193889131,0.0 131.01365882372463,31.22211884585404,0.0 131.0136600835369,31.22211829971729,0.0 131.013661331038,31.22211775053371,0.0 131.0136625663645,31.22211719833377,0.0 131.01366378965062,31.222116643147448,0.0 131.01366500102824,31.22211608500428,0.0 131.01366620062709,31.222115523933383,0.0 131.0136673885747,31.222114959963484,0.0 131.01366856499644,31.2221143931229,0.0 131.01366973001575,31.222113823439685,0.0 131.0136708837538,31.22211325094139,0.0 131.01367202632989,31.22211267565521,0.0 131.01367315786126,31.22211209760804,0.0 131.0136742784632,31.222111516826324,0.0 131.0136753882492,31.222110933336328,0.0 131.01367648733083,31.222110347163927,0.0 131.01367757581772,31.22210975833464,0.0 131.01367865381786,31.222109166873704,0.0 131.01367972143734,31.22210857280599,0.0 131.01368077878053,31.222107976156103,0.0 131.01368182595024,31.222107376948497,0.0 131.01368286304745,31.22210677520716,0.0 131.0136838901715,31.22210617095587,0.0 131.01368490742024,31.22210556421812,0.0 131.01368591488975,31.222104955017112,0.0 131.01368691267473,31.22210434337586,0.0 131.01368790086826,31.22210372931713,0.0 131.01368887956195,31.22210311286337,0.0 131.0136898488459,31.2221024940368,0.0 131.01369080880875,31.222101872859408,0.0 131.01369175953783,31.222101249352946,0.0 131.01369270111897,31.222100623538992,0.0 131.01369363363665,31.222099995438867,0.0 131.013694557174,31.222099365073657,0.0 131.01369547181287,31.222098732464207,0.0 131.01369637763375,31.222098097631186,0.0 131.01369727471595,31.222097460595062,0.0 131.01369816313735,31.222096821376137,0.0 131.01369904297488,31.222096179994463,0.0 131.013699914304,31.222095536469887,0.0 131.01370077719903,31.22209489082208,0.0 131.01370163173323,31.222094243070483,0.0 131.0137024779787,31.2220935932345,0.0 131.01370331600637,31.222092941333205,0.0 131.01370414588607,31.22209228738555,0.0 131.01370496768655,31.222091631410283,0.0 131.0137057814755,31.222090973425967,0.0 131.01370658731955,31.22209031345108,0.0 131.0137073852843,31.22208965150388,0.0 131.01370817543452,31.222088987602465,0.0 131.01370895783367,31.222088321764737,0.0 131.01370973254444,31.222087654008448,0.0 131.01371049962853,31.22208698435121,0.0 131.01371125914676,31.222086312810564,0.0 131.01371201115896,31.22208563940377,0.0 131.01371275572404,31.222084964147967,0.0 131.01371349290002,31.222084287060174,0.0 131.01371422274414,31.222083608157195,0.0 131.01371494531276,31.222082927455848,0.0 131.01371566066135,31.22208224497268,0.0 131.01371636884457,31.222081560724103,0.0 131.0137170699163,31.222080874726416,0.0 131.01371776392955,31.222080186995736,0.0 131.0137184509367,31.22207949754816,0.0 131.01371913098924,31.222078806399555,0.0 131.01371980413796,31.22207811356568,0.0 131.01372047043287,31.222077419062124,0.0 131.01372112992334,31.2220767229044,0.0 131.0137217826579,31.22207602510786,0.0 131.0137224286846,31.222075325687808,0.0 131.0137230680506,31.222074624659328,0.0 131.01372370080244,31.2220739220374,0.0 131.01372432698605,31.22207321783688,0.0 131.01372494664668,31.22207251207253,0.0 131.013725559829,31.22207180475903,0.0 131.01372616657707,31.22207109591084,0.0 131.01372676693418,31.22207038554238,0.0 131.01372736094322,31.22206967366787,0.0 131.0137279486464,31.222068960301502,0.0 131.01372853008536,31.222068245457383,0.0 131.01372910530122,31.222067529149395,0.0 131.0137296743345,31.22206681139136,0.0 131.0137302372252,31.22206609219696,0.0 131.0137307940128,31.2220653715798,0.0 131.01373134473627,31.22206464955344,0.0 131.01373188943404,31.222063926131217,0.0 131.01373242814404,31.2220632013264,0.0 131.01373296090375,31.222062475152125,0.0 131.01373348775013,31.22206174762148,0.0 131.01373400871975,31.22206101874746,0.0 131.01373452384863,31.22206028854288,0.0 131.01373503317237,31.22205955702048,0.0 131.01373553672613,31.22205882419289,0.0 131.01373603454465,31.222058090072665,0.0 131.01373652666223,31.222057354672287,0.0 131.01373701311283,31.222056618004068,0.0 131.0137374939299,31.22205588008024,0.0 131.0137379691465,31.222055140912897,0.0 131.01373843879543,31.222054400514143,0.0 131.01373890290895,31.222053658895945,0.0 131.0137393615191,31.22205291607011,0.0 131.01373981465738,31.222052172048368,0.0 131.01374026235513,31.222051426842366,0.0 131.01374070464323,31.22205068046373,0.0 131.01374114155223,31.2220499329239,0.0 131.01374157311236,31.222049184234223,0.0 131.01374199935353,31.222048434405966,0.0 131.0137424203053,31.22204768345029,0.0 131.01374283599705,31.2220469313784,0.0 131.01374324645766,31.22204617820119,0.0 131.01374365171588,31.2220454239296,0.0 131.01374405180005,31.222044668574416,0.0 131.01374444673837,31.2220439121464,0.0 131.0137448365586,31.22204315465621,0.0 131.01374522128836,31.222042396114364,0.0 131.01374560095496,31.222041636531312,0.0 131.01374597558544,31.222040875917383,0.0 131.0137463452066,31.22204011428297,0.0 131.0137467098451,31.222039351638223,0.0 131.01374706952717,31.22203858799324,0.0 131.01374742427893,31.222037823358026,0.0 131.0137477741263,31.222037057742536,0.0 131.0137481190949,31.22203629115668,0.0 131.0137484592102,31.22203552361017,0.0 131.0137487944974,31.222034755112706,0.0 131.01374912498156,31.222033985673846,0.0 131.01374945068753,31.222033215303213,0.0 131.01374977163997,31.22203244401019,0.0 131.0137500878633,31.22203167180413,0.0 131.01375039938176,31.22203089869429,0.0 131.01375070621955,31.22203012468992,0.0 131.01375100840056,31.22202934980012,0.0 131.01375130594857,31.22202857403392,0.0 131.01375159888713,31.222027797400223,0.0 131.01375188723975,31.222027019907976,0.0 131.01375217102972,31.22202624156599,0.0 131.01375245028018,31.22202546238297,0.0 131.0137527250141,31.22202468236752,0.0 131.0137529952543,31.22202390152822,0.0 131.01375326102365,31.22202311987364,0.0 131.01375352234464,31.222022337412128,0.0 131.01375377923975,31.222021554152043,0.0 131.01375403173137,31.22202077010161,0.0 131.0137542798417,31.22201998526915,0.0 131.01375452359284,31.222019199662697,0.0 131.0137547630068,31.222018413290304,0.0 131.01375499810547,31.22201762615991,0.0 131.01375522891064,31.22201683827953,0.0 131.013755455444,31.222016049656943,0.0 131.01375567772715,31.222015260299912,0.0 131.01375589578151,31.22201447021608,0.0 131.0137561096286,31.22201367941319,0.0 131.01375631928963,31.22201288789873,0.0 131.01375652478592,31.2220120956802,0.0 131.01375672613847,31.222011302764983,0.0 131.01375692336853,31.22201050916051,0.0 131.01375711649695,31.222009714874044,0.0 131.01375730554477,31.222008919912778,0.0 131.01375749053267,31.22200812428385,0.0 131.0137576714816,31.222007327994444,0.0 131.01375784841215,31.222006531051527,0.0 131.013758021345,31.222005733462066,0.0 131.01375819030076,31.22200493523294,0.0 131.01375835529996,31.22200413637107,0.0 131.01375851636303,31.222003336883187,0.0 131.01375867351044,31.222002536776,0.0 131.0137588267625,31.222001736056143,0.0 131.01375897613957,31.22200093473032,0.0 131.0137591216619,31.222000132804983,0.0 131.01375926334967,31.2219993302866,0.0 131.01375940122315,31.22199852718164,0.0 131.01375953530243,31.22199772349648,0.0 131.01375966560752,31.2219969192374,0.0 131.0137597921585,31.221996114410608,0.0 131.01375991497557,31.221995309022404,0.0 131.01376003407847,31.22199450307889,0.0 131.01376014948724,31.22199369658613,0.0 131.0137602612218,31.221992889550155,0.0 131.013760369302,31.22199208197702,0.0 131.01376047374768,31.22199127387261,0.0 131.01376057457867,31.221990465242783,0.0 131.01376067181477,31.221989656093413,0.0 131.01376076547575,31.221988846430303,0.0 131.01376085558132,31.22198803625912,0.0 131.01376094215112,31.221987225585547,0.0 131.01376102520496,31.22198641441532,0.0 131.01376110476244,31.221985602753943,0.0 131.01376118084315,31.221984790606943,0.0 131.01376125346678,31.22198397797989,0.0 131.01376132265287,31.22198316487821,0.0 131.013761388421,31.221982351307314,0.0 131.01376145079072,31.22198153727252,0.0 131.0137615097816,31.221980722779243,0.0 131.01376156541306,31.221979907832694,0.0 131.01376161770463,31.221979092438108,0.0 131.0137616666758,31.22197827660076,0.0 131.01376171234602,31.22197746032576,0.0 131.01376175473467,31.2219766436182,0.0 131.01376179386122,31.221975826483217,0.0 131.01376182974505,31.221975008925856,0.0 131.01376186240552,31.221974190951105,0.0 131.01376189186195,31.22197337256391,0.0 131.0137619181338,31.221972553769305,0.0 131.0137619412403,31.221971734572104,0.0 131.01376196120071,31.22197091497716,0.0 131.01376197803444,31.221970094989423,0.0 131.01376199176067,31.22196927461363,0.0 131.01376200239864,31.221968453854505,0.0 131.01376200996765,31.2219676327169,0.0 131.0137620144868,31.22196681120547,0.0 131.0137620159754,31.22196598932488,0.0 131.0137620144525,31.22196516707985,0.0 131.0137620099374,31.221964344474983,0.0 131.01376200244903,31.22196352151484,0.0 131.0137619920067,31.22196269820408,0.0 131.01376197862933,31.2219618745472,0.0 131.013761962336,31.221961050548703,0.0 131.01376194314585,31.22196022621318,0.0 131.0137619210778,31.221959401545064,0.0 131.01376189615084,31.22195857654877,0.0 131.01376186838397,31.22195775122884,0.0 131.01376183779612,31.22195692558964,0.0 131.01376180440616,31.221956099635506,0.0 131.01376176823302,31.22195527337093,0.0 131.0137617292955,31.22195444680024,0.0 131.01376168761243,31.221953619927696,0.0 131.01376164320263,31.221952792757783,0.0 131.01376159608492,31.221951965294696,0.0 131.0137615462779,31.22195113754273,0.0 131.01376149380033,31.2219503095063,0.0 131.01376143867083,31.221949481189547,0.0 131.0137613809081,31.22194865259676,0.0 131.01376132053076,31.221947823732258,0.0 131.01376125755723,31.221946994600174,0.0 131.0137611920061,31.221946165204816,0.0 131.01376112389588,31.221945335550387,0.0 131.01376105324488,31.221944505641023,0.0 131.01376098007165,31.221943675481068,0.0 131.01376090439445,31.2219428450746,0.0 131.01376082623156,31.22194201442584,0.0 131.0137607456014,31.221941183539023,0.0 131.013760662522,31.22194035241824,0.0 131.01376057701165,31.22193952106776,0.0 131.0137604890884,31.221938689491708,0.0 131.0137603987704,31.221937857694225,0.0 131.01376030607565,31.221937025679587,0.0 131.01376021102206,31.221936193451857,0.0 131.0137601136276,31.22193536101528,0.0 131.01376001391017,31.22193452837399,0.0 131.0137599118875,31.22193369553214,0.0 131.0137598075774,31.221932862494,0.0 131.01375970099753,31.22193202926364,0.0 131.01375959216557,31.221931195845315,0.0 131.01375948109907,31.2219303622432,0.0 131.0137593678155,31.22192952846148,0.0 131.01375925233242,31.22192869450439,0.0 131.01375913466714,31.221927860376063,0.0 131.01375901483704,31.22192702608083,0.0 131.0137588928593,31.22192619162284,0.0 131.01375876875116,31.22192535700636,0.0 131.01375864252978,31.22192452223564,0.0 131.01375851421213,31.221923687314888,0.0 131.01375838381523,31.22192285224848,0.0 131.01375825135605,31.22192201704056,0.0 131.0137581168514,31.221921181695578,0.0 131.01375798031796,31.22192034621772,0.0 131.01375784177253,31.221919510611425,0.0 131.01375770123167,31.221918674880943,0.0 131.01375755871197,31.22191783903069,0.0 131.01375741422987,31.221917003065045,0.0 131.01375726780168,31.22191616698836,0.0 131.01375711944382,31.22191533080511,0.0 131.01375696917236,31.221914494519662,0.0 131.0137568170036,31.221913658136568,0.0 131.01375666295354,31.221912821660183,0.0 131.01375650703807,31.221911985095147,0.0 131.0137563492732,31.221911148445823,0.0 131.01375618967467,31.22191031171693,0.0 131.01375602825814,31.22190947491288,0.0 131.01375586503937,31.22190863803841,0.0 131.01375570003378,31.22190780109801,0.0 131.01375553325687,31.22190696409648,0.0 131.013755364724,31.221906127038327,0.0 131.01375519445048,31.22190528992844,0.0 131.01375502245142,31.221904452771383,0.0 131.01375484874197,31.221903615572074,0.0 131.01375467333708,31.22190277833518,0.0 131.0137544962517,31.22190194106565,0.0 131.0137543175006,31.221901103768225,0.0 131.01375413709852,31.2219002664479,0.0 131.01375395506008,31.22189942910956,0.0 131.01375377139985,31.221898591758155,0.0 131.01375358613217,31.22189775439873,0.0 131.01375339927145,31.221896917036247,0.0 131.01375321083196,31.221896079675872,0.0 131.01375302082775,31.2218952423226,0.0 131.013752829273,31.22189440498172,0.0 131.01375263618155,31.22189356765831,0.0 131.01375244156728,31.221892730357656,0.0 131.013752245444,31.22189189308504,0.0 131.01375204782536,31.22189105584569,0.0 131.01375184872492,31.221890218645097,0.0 131.01375164815616,31.22188938148857,0.0 131.01375144613243,31.221888544381585,0.0 131.01375124266704,31.221887707329667,0.0 131.01375103777315,31.22188687033828,0.0 131.0137508314639,31.22188603341312,0.0 131.01375062375223,31.221885196559736,0.0 131.01375041465107,31.221884359783854,0.0 131.01375020417322,31.221883523091257,0.0 131.01374999233136,31.221882686487675,0.0 131.01374977913807,31.221881849978985,0.0 131.01374956460603,31.221881013571103,0.0 131.01374934874747,31.22188017726995,0.0 131.01374913157483,31.22187934108156,0.0 131.0137489131004,31.22187850501202,0.0 131.01374869333628,31.22187766906745,0.0 131.01374847229442,31.221876833254,0.0 131.013748249987,31.221875997577992,0.0 131.0137480264258,31.221875162045727,0.0 131.01374780162263,31.22187432666353,0.0 131.01374757558915,31.221873491437897,0.0 131.01374734833715,31.221872656375364,0.0 131.01374711987805,31.22187182148247,0.0 131.01374689022333,31.221870986765857,0.0 131.01374665938437,31.22187015223225,0.0 131.01374642737247,31.221869317888498,0.0 131.01374619419897,31.221868483741424,0.0 131.0137459598749,31.22186764979799,0.0 131.01374572441136,31.221866816065184,0.0 131.01374548781936,31.22186598255013,0.0 131.01374525010988,31.22186514926005,0.0 131.0137450112937,31.2218643162022,0.0 131.0137447713817,31.22186348338392,0.0 131.01374453038463,31.221862650812664,0.0 131.0137442883131,31.22186181849594,0.0 131.01374404517773,31.2218609864414,0.0 131.01374380098906,31.221860154656728,0.0 131.01374355575763,31.22185932314977,0.0 131.01374330949392,31.221858491928447,0.0 131.01374306220828,31.2218576610008,0.0 131.01374281391105,31.22185683037491,0.0 131.01374256461258,31.221856000059045,0.0 131.0137423143231,31.22185517006155,0.0 131.01374206305292,31.22185434039088,0.0 131.01374181081215,31.221853511055613,0.0 131.01374155761107,31.22185268206444,0.0 131.0137413034597,31.221851853426205,0.0 131.0137410483682,31.22185102514985,0.0 131.0137407923467,31.221850197244464,0.0 131.01374053540528,31.221849369719287,0.0 131.01374027755406,31.221848542583725,0.0 131.01374001880302,31.221847715847268,0.0 131.01373975916235,31.221846889519608,0.0 131.01373949864205,31.22184606361056,0.0 131.01373923725225,31.22184523813011,0.0 131.01373897500306,31.22184441308847,0.0 131.0137387119046,31.221843588495968,0.0 131.01373844796703,31.221842764363128,0.0 131.0137381832006,31.221841940700667,0.0 131.01373791761543,31.22184111751956,0.0 131.01373765122193,31.221840294830887,0.0 131.01373738403035,31.221839472646007,0.0 131.0137371160512,31.22183865097653,0.0 131.0137368472949,31.22183782983421,0.0 131.013736577772,31.22183700923117,0.0 131.0137363074932,31.22183618917972,0.0 131.01373603646928,31.221835369692467,0.0 131.0137357647111,31.2218345507823,0.0 131.01373549222967,31.221833732462407,0.0 131.0137352190362,31.221832914746315,0.0 131.01373494514186,31.221832097647848,0.0 131.01373467052045,31.22183128112532,0.0 131.01373439518414,31.22183046519415,0.0 131.0137341191283,31.221829649844803,0.0 131.01373384235083,31.22182883507187,0.0 131.0137335648498,31.221828020869943,0.0 131.01373328662302,31.22182720723361,0.0 131.01373300766843,31.22182639415752,0.0 131.01373272798386,31.22182558163633,0.0 131.01373244756712,31.221824769664767,0.0 131.0137321664159,31.221823958237543,0.0 131.01373188452808,31.22182314734943,0.0 131.01373160190127,31.221822336995206,0.0 131.0137313185332,31.22182152716972,0.0 131.0137310344215,31.22182071786782,0.0 131.013730749564,31.221819909084417,0.0 131.01373046395815,31.221819100814447,0.0 131.01373017760167,31.221818293052905,0.0 131.0137298904922,31.221817485794794,0.0 131.0137296026273,31.221816679035182,0.0 131.01372931400465,31.221815872769167,0.0 131.01372902462182,31.221815066991915,0.0 131.01372873447647,31.221814261698604,0.0 131.01372844356615,31.221813456884465,0.0 131.0137281518886,31.221812652544788,0.0 131.0137278594414,31.221811848674903,0.0 131.0137275662222,31.2218110452702,0.0 131.01372727222872,31.22181024232608,0.0 131.0137269774586,31.221809439838022,0.0 131.01372668190956,31.22180863780159,0.0 131.01372638557936,31.22180783621233,0.0 131.01372608846572,31.2218070350659,0.0 131.01372598668962,31.22180673568012,0.0 131.0137255265616,31.221806078949456,0.0 131.01372556122348,31.221805633914464,0.0 131.01372535875507,31.22180504759155,0.0 131.01372545243296,31.22180480965048,0.0</coordinates>
            </LineString>
        </Placemark>
    </Document>
</kml>
