<?xml version="1.0" encoding="UTF-8"?>
<kml xmlns="http://www.opengis.net/kml/2.2" xmlns:gx="http://www.google.com/kml/ext/2.2">
    <Document id="541">
        <Style id="544">
            <LineStyle id="545">
                <color>ff0000ff</color>
                <colorMode>normal</colorMode>
                <width>3</width>
            </LineStyle>
        </Style>
        <Style id="548">
            <LineStyle id="549">
                <color>ff00ff00</color>
                <colorMode>normal</colorMode>
                <width>3</width>
            </LineStyle>
        </Style>
        <Placemark id="543">
            <name>flight_path</name>
            <styleUrl>#544</styleUrl>
            <LineString id="542">
                <altitudeMode>relativeToGround</altitudeMode>
                <coordinates>131.010392,31.222216000000007,3.000000004412624 131.0103920000045,31.222215999991075,3.0000027652305543 131.0103920000085,31.222215999994766,3.0000030853541984 131.0103920000085,31.222215999994766,3.0000030853541984 131.01039200000852,31.222215999994766,3.0000030853541984 131.01039201539675,31.22221599246117,3.0023884986471163 131.0103920617776,31.22221596990869,3.015331231721257 131.01039213193175,31.22221593580231,3.0351264363252404 131.01039220552698,31.222215900001803,3.055106219166761 131.0103923261533,31.222215841380503,3.090004394730484 131.01039241011944,31.222215800500727,3.1115340872331685 131.01039255023213,31.22221573238213,3.151063460926564 131.0103926908424,31.222215663995925,3.189784893121109 131.01039284206664,31.22221559043897,3.23111772340097 131.01039301222698,31.2222155076778,3.2778754514712065 131.01039319835945,31.22221541714896,3.329057119327625 131.01039339622227,31.222215320908244,3.383229829375461 131.0103936086097,31.222215217601374,3.4413386621870097 131.01039382835415,31.2222151107022,3.500962017738751 131.0103940692252,31.222214993537087,3.566754013292423 131.0103943154942,31.22221487372917,3.6334003425495367 131.0103945800907,31.22221474501192,3.705270765720048 131.01039485370347,31.222214611898128,3.779219998303775 131.01039513986652,31.222214472675024,3.856442763351153 131.01039544418495,31.22221432462593,3.9388336136528577 131.01039575462735,31.22221417358214,4.022328928820314 131.01039608061367,31.222214014978025,4.110111315127456 131.01039641907315,31.22221385030192,4.20114441129061 131.01039677261693,31.22221367828824,4.296310626724281 131.01039713608534,31.22221350143773,4.393868548192477 131.010397517966,31.22221331563664,4.496683993164735 131.01039790540767,31.22221312711366,4.600420125064151 131.01039830590005,31.22221293223868,4.707604968129808 131.01039871921526,31.222212731122088,4.8181619013200345 131.01039914602634,31.222212523437697,4.932317992273902 131.0103995843797,31.222212310132328,5.049414803571431 131.01040002919007,31.222212093670787,5.167739039340097 131.010400488852,31.222211869984235,5.290119088179969 131.01040096154043,31.222211639957216,5.415939478570699 131.01040144391652,31.222211405208075,5.544076156420129 131.01040193996343,31.222211163806087,5.675869112702848 131.01040244347448,31.22221091875968,5.809230869593894 131.01040295825328,31.222210668225145,5.945439804389508 131.01040348638034,31.22221041119396,6.085193185839201 131.01040402793237,31.222210147628825,6.228514853755213 131.0104045774418,31.22220988018005,6.373570321964543 131.0104051377902,31.2222096074508,6.521325187598352 131.01040571307726,31.222209327453587,6.673149607941206 131.01040630329675,31.222209040191352,6.829037586096744 131.01040689520636,31.22220875208352,6.984563197684807 131.01040750096558,31.22220845723537,7.143787353550456 131.0104081214021,31.222208155245536,7.306979827983644 131.01040875222748,31.222207848192888,7.472708023785239 131.01040938861175,31.222207538419,7.639365051166282 131.0104100415545,31.222207220590928,7.810603337186065 131.01041070492113,31.22220689768276,7.98437975261839 131.0104113765162,31.222206570758807,8.159965504549577 131.010412061466,31.22220623783884,8.339055197236862 131.01041275544003,31.222205899991305,8.520038162837022 131.01041346039057,31.22220555702028,8.703730751882977 131.01041418333105,31.222205205256973,8.892355868944334 131.0104149108001,31.22220485126693,9.081494942986147 131.01041564937407,31.22220449185967,9.273307297910405 131.0104164026037,31.22220412531041,9.468945806462736 131.0104171721077,31.2222037508316,9.668927807757058 131.01041793917048,31.22220337750814,9.867147138019872 131.01041872055345,31.22220299720253,10.069066428942188 131.0104195237953,31.22220260625081,10.277115728170468 131.01042033060298,31.222202213536235,10.4853514698449 131.01042114368423,31.22220181774436,10.694657918699212 131.0104219733913,31.22220141384408,10.908372061735752 131.01042281688908,31.22220100321082,11.125564403486068 131.01042366657154,31.222200589540748,11.343783602287072 131.01042452504737,31.222200171565653,11.56386819086146 131.01042539886615,31.22219974609971,11.787907838652664 131.01042628833278,31.22219931299262,12.015985447219467 131.0104271772846,31.222198880105086,12.242941507495344 131.01042808377565,31.222198438654672,12.47452656292614 131.01042900042913,31.222197992228224,12.708379418826972 131.01042992616797,31.222197541349328,12.944155159926064 131.01043085905826,31.222197086958715,13.181239134727008 131.01043181064176,31.222196623436844,13.423263417710068 131.01043277123048,31.222196155498544,13.667162671197415 131.01043373472154,31.222195686115764,13.911023323392284 131.0104347158168,31.22219520812789,14.159446606531066 131.0104357111803,31.222194723157525,14.41136869337786 131.01043670602476,31.22219423840828,14.66217885299408 131.0104377161446,31.222193746184704,14.916790839676084 131.01043873936624,31.22219324754396,15.17450996847958 131.01043977035033,31.22219274508752,15.433676886720024 131.01044080986208,31.22219223844217,15.694525647479203 131.01044186202697,31.22219172559572,15.95831617691594 131.01044292587977,31.22219120701761,16.22473876226786 131.0104439942353,31.222190686211302,16.49159045678902 131.01044507770945,31.222190157998696,16.762104591746233 131.01044617407553,31.22218962346443,17.035584108886315 131.0104472736416,31.222189087336265,17.309085518709917 131.01044839144572,31.22218854227664,17.587150519359565 131.01044951744836,31.22218799318301,17.866731845601905 131.0104506463285,31.222187442652288,18.146233330730126 131.0104517940396,31.222186882897404,18.4304251675354 131.01045295126056,31.22218631846661,18.71649916548042 131.01045411702378,31.2221857498322,19.004164304057845 131.01045529564217,31.222185174887823,19.2946907645317 131.01045648068555,31.22218459677265,19.586165786840933 131.0104576732547,31.22218401494899,19.878911295237007 131.01045888514685,31.22218342365433,20.176373373789 131.01046009438906,31.222182833620288,20.472108238257423 131.01046132333687,31.222182233926794,20.772637763992865 131.01046256365683,31.22218162864357,21.07550803272041 131.01046380614767,31.222181022265964,21.37805478806643 131.01046505982242,31.22218041039024,21.682878318153943 131.0104663389727,31.22217978603165,21.994052776385377 131.0104676170196,31.22217916217799,22.30394624158957 131.01046889553888,31.22217853806003,22.613033084390377 131.01047020534477,31.222177898616696,22.93004377275456 131.0104715062578,31.22217726348576,23.243572231335488 131.01047282182196,31.22217662115955,23.56028098238468 131.01047417129237,31.222175962224192,23.885525180697663 131.01047549326432,31.222175316697687,24.20211992893769 131.01047684907252,31.22217465459556,24.52719097400977 131.01047822307584,31.222173983563085,24.85631774366531 131.0104795747758,31.22217332340152,25.178327895686365 131.01048096993387,31.22217264195737,25.511332598885435 131.0104823579707,31.22217196396096,25.841399244267727 131.01048374810014,31.222171284907613,26.171083686656285 131.0104851762057,31.222170587250147,26.51010294636133 131.01048658961793,31.22216989674373,26.844161682778484 131.01048801387105,31.222169200902364,27.180186375358083 131.0104894708475,31.222168489024515,27.523998730232584 131.01049090926082,31.22216778619088,27.861868985043447 131.01049237281475,31.222167071028945,28.205461163706048 131.01049384985816,31.222166349236367,28.551629675204016 131.0104953146953,31.222165633379785,28.89360440006878 131.01049682059,31.222164897410583,29.24537500539133 131.0104983116119,31.222164168681527,29.59225702520735 131.01049981376255,31.222163434476787,29.94106737268485 131.0105013526849,31.222162682255743,30.298402673371548 131.01050286907517,31.222161941020904,30.64892208860032 131.01050440838608,31.222161188543943,31.004358918324964 131.0105059723288,31.22216042398836,31.36508494550416 131.0105075168933,31.22215966887667,31.719876141882352 131.01050909804013,31.222158895842743,32.08296016801514 131.0105106719641,31.22215812630856,32.44320620090215 131.01051225165304,31.22215735392289,32.80391510939882 131.010513872831,31.222156561217258,33.174000025211924 131.0105154691612,31.222155780629897,33.53686799738622 131.01051708530355,31.22215499032285,33.90367417641415 131.0105187374527,31.22215418237843,34.27835970690871 131.01052035544467,31.22215339110353,34.643614260920984 131.0105220204192,31.22215257682573,35.01940342280146 131.01052368352006,31.222151763433047,35.393697354667154 131.01052534001408,31.222150953239208,35.76538052849811 131.01052704398649,31.2221501198029,36.1475557371132 131.01052872413703,31.222149297981936,36.522942248784894 131.01053042666723,31.22214846518968,36.9027114392814 131.01053215115965,31.222147621631223,37.286710218480685 131.01053385754255,31.222146786894875,37.66536198412349 131.0105356050831,31.2221459320102,38.05278782540811 131.01053734070857,31.222145082919905,38.43635034477136 131.0105390827299,31.22214423067348,38.82041193225859 131.01054086386551,31.222143359280256,39.21264258038481 131.01054262220313,31.22214249900024,39.59848761727232 131.0105444038236,31.22214162731179,39.98876033405246 131.0105462023828,31.22214074731644,40.38193802814804 131.0105479882939,31.222139873473303,40.77114928036579 131.01054982085074,31.222138976806686,41.170122115454575 131.01055162916867,31.22213809195652,41.56245920269088 131.01055345531014,31.222137198368248,41.95787813464742 131.01055532305568,31.222136284422863,42.36178597824637 131.01055715115376,31.22213538982224,42.75559198327464 131.01055903050005,31.22213447015312,43.160056767904045 131.0105608953727,31.222133557528345,43.5601838893428 131.01056277009613,31.22213264006289,43.961518731739055 131.01056467946708,31.222131705642248,44.36964212153819 131.01056656420616,31.22213078322866,44.7711734481384 131.01056849045784,31.22212984050657,45.18101031461725 131.0105704091121,31.222128901469382,45.588098406102176 131.01057232995075,31.22212796133796,45.99464935772008 131.01057429243934,31.22212700083236,46.40945860117078 131.0105762255002,31.222126054676487,46.81667510329953 131.0105781994406,31.222125088523217,47.23195064342113 131.0105801667661,31.222124125575075,47.644719103620126 131.0105821400694,31.22212315968017,48.05778476566368 131.01058415148623,31.222122175139727,48.4782322732066 131.01058613270382,31.222121205325944,48.8909906943142 131.01058816223335,31.22212021188448,49.31335539604319 131.01059017255335,31.222119227801134,49.730467265670335 131.01059219925693,31.222118235687816,50.15015225571253 131.01059425577964,31.22211722898064,50.5753340906591 131.0105962856369,31.22211623527448,50.9936648145004 131.0105983622321,31.22211521870848,51.421176069987936 131.010600421762,31.22211421045361,51.84394367180492 131.01060249569804,31.22211319513435,52.268832945737365 131.01060460185377,31.22211216404681,52.699702080879526 131.01060667777384,31.222111147706016,53.12299525827959 131.0106088042414,31.22211010664108,53.55623416321821 131.01061091295827,31.22210907422299,53.984614928974565 131.01061303460173,31.222108035462224,54.414786870926605 131.01061517787565,31.222106986104883,54.84862267592337 131.0106173036102,31.22210594529215,55.2776709454876 131.01061947536533,31.22210488196231,55.71563683413458 131.01062162395928,31.222103829924823,56.147613263674046 131.0106237956492,31.222102766572565,56.58356465646715 131.01062597880255,31.22210169758995,57.02098306041984 131.01062814823996,31.222100635284647,57.45446583423424 131.01063037087025,31.222099546949494,57.89836997426468 131.01063255597245,31.222098476932374,58.33323997782713 131.01063478070742,31.22209738751196,58.775617586403776 131.0106370012572,31.222096300109413,59.21611470927147 131.01063922016775,31.222095213480603,59.65528398750741 131.0106414773473,31.22209410811024,60.10165214694042 131.01064370676804,31.22209301628573,60.54111790120736 131.01064597790744,31.222091904029988,60.988513532695706 131.0106482341681,31.222090799021856,61.43176557590338 131.01065050114812,31.22208968874187,61.87633626725336 131.01065279274076,31.2220885663924,62.32517929303512 131.01065506099803,31.222087455429048,62.768097321684685 131.01065737983222,31.222086319691307,63.22080309089432 131.01065967115267,31.222085197384736,63.666706427648606 131.0106619947021,31.22208405927774,64.11849342908572 131.01066431072448,31.222082924823106,64.5677299139169 131.0106666277995,31.22208178982287,65.0162405277833 131.01066897514133,31.222080639977207,65.47020425365625 131.0106712995963,31.22207950130265,65.91838198734749 131.01067367462824,31.222078337837367,66.37629338252788 131.01067602207303,31.22207718784514,66.8274378998837 131.01067839079352,31.22207602740449,67.28212699884435 131.01068077316305,31.22207486024745,67.73874542340252 131.01068313616975,31.22207370253969,68.19035513360393 131.01068553840912,31.222072525585432,68.64926574573147 131.01068793432492,31.222071351694087,69.10590799447776 131.01069031934392,31.22207018310729,69.55933646617757 131.0106927286624,31.2220690025838,70.01691464999213 131.01069515382616,31.22206781426288,70.47686191576302 131.01069756971015,31.222066630453966,70.93393884894374 131.0106999864058,31.22206544621356,71.39025697073626 131.01070242261468,31.22206425237679,71.84969933667435 131.01070486282006,31.22206305654625,72.30903477321532 131.01070730198938,31.22206186118848,72.76722418241536 131.01070974409748,31.22206066435545,73.22509235536313 131.01071219819852,31.222059461608733,73.6845041183315 131.01071465418167,31.22205825790372,74.14336943764918 131.01071711165648,31.22205705343197,74.60161014551721 131.01071957428604,31.222055846397502,75.05997708132925 131.01072204116625,31.222054637243176,75.51828094956691 131.01072451033107,31.2220534269328,75.97611776547103 131.01072698197672,31.222052215370056,76.43352649375075 131.01072945887344,31.222051001196395,76.89106791022816 131.01073193994833,31.222049784937685,77.34851958280076 131.01073442461248,31.22204856688265,77.8057594245189 131.01073691081413,31.2220473480374,78.26237102799571 131.0107393984873,31.222046128434325,78.71834008539093 131.01074189358255,31.22204490515488,79.17485851772751 131.01074438920836,31.22204368157896,79.63053853270851 131.01074688918646,31.2220424558322,80.08614398054513 131.0107493921519,31.222041228584025,80.5413978724577 131.0107518995083,31.222039999145963,80.99657575593093 131.0107544073503,31.222038769433723,81.45089972166475 131.01075691946556,31.222037537589443,81.90511721187326 131.0107594352857,31.222036303891937,82.35911026001011 131.010761952255,31.22203506959505,82.81237315311233 131.0107644741007,31.22203383287044,83.26563395777293 131.01076700080924,31.222032593724887,83.71888323003743 131.010769526635,31.222031354977062,84.1709984408463 131.01077205790037,31.22203011352564,84.62320716690489 131.01077459101592,31.22202887113161,85.07480726082503 131.01077712636126,31.222027627608885,85.52587005630744 131.0107796645817,31.222026382641136,85.97651623646297 131.0107822066587,31.22202513574704,86.4269295476575 131.0107847510815,31.22202388766796,86.87681654595939 131.01078729902596,31.22202263782729,87.32639837949931 131.01078984873902,31.2220213870852,87.77533791142805 131.01079240121675,31.22202013495329,88.22382143166102 131.01079495478683,31.22201888225217,88.67152966439171 131.0107975114157,31.22201762801744,89.11883050255481 131.0108000718987,31.22201637185923,89.56586825987699 131.01080263414295,31.222015114804424,90.01224730018029 131.01080519888822,31.22201385649037,90.4581038257603 131.01080776604763,31.22201259695996,90.90341844956244 131.01081033280266,31.22201133759589,91.34766656750357 131.01081290334952,31.22201007634025,91.79162265428444 131.0108154740762,31.222008814964905,92.23461655692672 131.01081804934972,31.222007551328208,92.67744924873035 131.01082062454336,31.22200628769968,93.11926882415472 131.01082320471056,31.22200502160112,93.56099763633529 131.01082578468157,31.2220037555682,94.00168978104928 131.0108283661203,31.222002488785105,94.44164826407037 131.01083095127106,31.22200122015148,94.88127663823025 131.01083353793965,31.2219999507436,95.32017522071904 131.01083612457717,31.221998681321285,95.7580649087947 131.01083871549022,31.221997409772804,96.1957181606424 131.01084130689543,31.22199613795372,96.6324537667178 131.01084390151397,31.221994864529808,97.06875772106376 131.01084649699388,31.221993590654645,97.50420876704302 131.01084909336652,31.22199231631301,97.93881265620011 131.0108516915969,31.221991041031863,98.37273971075923 131.01085429171388,31.22198976479729,98.80599356956893 131.01085689286305,31.22198848802837,99.23842275862246 131.0108594953217,31.221987210589287,99.67007598737496 131.01086209807073,31.22198593297988,100.1007741403436 131.01086470409635,31.221984653736094,100.53103999042064 131.01086730951448,31.221983374762456,100.96019355665771 131.0108699179232,31.22198209429492,101.38886333373377 131.010872527321,31.221980813314907,101.81669974137957 131.0108751354799,31.221979532915,102.24331715978914 131.01087774657742,31.22197825104687,102.66944053059316 131.01088035785287,31.22197696906426,103.09459131592254 131.01088296830764,31.221975687456936,103.5185987901284 131.0108855815672,31.22197440444716,103.94208828861495 131.0108881933593,31.22197312212983,104.36432504615256 131.01089080684113,31.22197183895693,104.78585277207269 131.01089342321163,31.22197055434043,105.20687629949148 131.01089603758714,31.221969270675228,105.62656126256648 131.0108986523913,31.22196798677276,106.04532408240104 131.01090126765763,31.221966702616587,106.46317104626635 131.01090388515124,31.221965417341103,106.88040292174814 131.01090650223523,31.221964132239368,107.29657256050608 131.01090911929182,31.221962847123905,107.71174682708282 131.01091173803908,31.22196156115206,108.126217570782 131.01091435640714,31.221960275338915,108.53963583031532 131.01091697431536,31.22195898972397,108.9519899863928 131.01091959511052,31.221957702665577,109.36384489135122 131.01092221320795,31.22195641690292,109.77426201706244 131.0109248358523,31.221955128882247,110.18446023647648 131.01092745684002,31.221953841646503,110.59339905927716 131.0109300790315,31.22195255379238,111.00156012188172 131.01093270169864,31.221951265676967,111.40882255381791 131.0109353260562,31.22194997670412,111.8153903835656 131.01093795055647,31.221948687632988,112.22100665612427 131.01094057509556,31.22194739851449,112.6256558587372 131.0109431999432,31.221946109216123,113.02938435397807 131.01094582617304,31.22194481921081,113.43237146845078 131.0109484510108,31.22194352985988,113.83415867702568 131.01095107744715,31.22194223969548,114.23524279078516 131.01095370379542,31.221940949545164,114.63534576690311 131.0109563300611,31.22193965940613,115.034470165344 131.01095895631502,31.221938369243446,115.43262907771044 131.0109615848231,31.221937077944617,115.83019616223636 131.010964211044,31.22193578773877,116.2264263788553 131.0109668392442,31.221934496531308,116.6220215561847 131.01096946910695,31.221933204477384,117.01692970273174 131.01097209832025,31.22193191271201,117.4107738094041 131.0109747282995,31.221930620540068,117.80378656109696 131.01097735909372,31.22192932793724,118.1959765563887 131.01097999122322,31.2219280346478,118.58742903403132 131.01098262079432,31.221926742583864,118.97751272979956 131.0109852515251,31.22192544991924,119.36683248350968 131.010987882819,31.22192415694667,119.75529149946355 131.0109905135474,31.22192286422033,120.14270822005363 131.0109931463002,31.22192157046788,120.52950106775684 131.01099577713225,31.22192027762716,120.9150351439858 131.010998407291,31.22191898508533,121.29951287752957 131.01100104127187,31.2219176906334,121.68365489721 131.01100367526308,31.221916396144,122.066849682135 131.01100630756616,31.22191510245172,122.44882766490149 131.01100894173868,31.221913807808185,122.83015698606378 131.01101157633036,31.22191251292592,123.21060589520116 131.01101421168795,31.22191121763436,123.59022968172894 131.01101684798468,31.2219099218482,123.96905566131548 131.01101948496367,31.22190862569357,124.3470430588966 131.0110221208539,31.221907330040946,124.7239129325887 131.01102475721663,31.22190603412277,125.09991163176976 131.0110273938439,31.221904738041165,125.47500589358027 131.01103002941306,31.22190344244625,125.8489886680758 131.01103266499655,31.221902146810784,126.22202797145664 131.0110353052734,31.221900848833943,126.5948512584915 131.0110379418711,31.22189955263237,126.96615523781776 131.0110405793417,31.221898255967865,127.33664865919438 131.01104321849294,31.221896958443008,127.70645441641987 131.01104585698124,31.22189566121028,128.07520984612353 131.01104849546672,31.22189436394501,128.44301700141295 131.01105113258288,31.22189306731926,128.8096661025201 131.0110537704713,31.22189177027972,129.1754847497314 131.01105640958173,31.221890472605104,129.540539675259 131.01105904661975,31.22188917591584,129.90432912065492 131.01106168437917,31.22188787883769,130.2672777792471 131.0110643241398,31.22188658074114,130.62957690610233 131.01106696419305,31.2218852824666,130.99096690479544 131.01106960202057,31.221883985252976,131.35106970773168 131.0110722400189,31.2218826879214,131.71024544072486 131.01107488025715,31.22188138945395,132.06880089228133 131.0110775209425,31.221880090732608,132.42646641847867 131.011080161305,31.221878792136227,132.78312752734445 131.0110828011264,31.22187749377228,133.1387518810976 131.01108544209245,31.22187619481144,133.49358730313435 131.01108808092357,31.221874896867323,133.84715013903707 131.01109072237475,31.22187359760048,134.20013757419449 131.01109336369584,31.221872298364083,134.552144389891 131.01109600618284,31.221870998520565,134.90335898621723 131.01109864760636,31.221869699166948,135.2534565994935 131.01110128800687,31.22186840028341,135.6024436806108 131.01110393018715,31.22186710049097,135.9507232465039 131.01110657324236,31.221865800234912,136.29816229257452 131.01110921841632,31.22186449890331,136.64493737376367 131.01111186185406,31.221863198393145,136.99049701826664 131.01111450532974,31.221861897831552,137.33509485198255 131.0111171524438,31.22186059544696,137.67923871035973 131.01111979712806,31.22185929422545,138.0220684914418 131.01112244433332,31.221857991731014,138.36428262156215 131.0111250914342,31.221856689255628,138.70550961692368 131.01112773633275,31.22185538783178,139.0454568469512 131.01113038195595,31.221854086019288,139.384532691784 131.01113302696345,31.22185278447787,139.72254898613804 131.01113567157958,31.221851483097225,140.05953650965557 131.01113831580852,31.221850181875475,140.39549522287885 131.0111409596543,31.22184888081073,140.73042509330014 131.01114360312087,31.22184757990121,141.0643260983442 131.0111462462121,31.22184627914512,141.3971982203979 131.0111488889317,31.221844978540783,141.7290414458164 131.01115153128336,31.22184367808651,142.0598557748623 131.01115417327054,31.221842377780728,142.38964121176724 131.01115681489668,31.221841077621896,142.71839776771176 131.01115945616507,31.221839777608515,143.04612547076687 131.01116209707882,31.221838477739176,143.37282434402482 131.01116473764102,31.22183717801252,143.69849443243774 131.0111673778545,31.22183587842725,144.0231357889011 131.01117001772204,31.22183457898212,144.34674847127286 131.01117265724628,31.221833279675987,144.6693325483349 131.01117529642968,31.221831980507726,144.99088810476553 131.01117793527465,31.221830681476323,145.311415228216 131.01118057378335,31.221829382580783,145.63091402919116 131.01118321195787,31.221828083820206,145.94938461619836 131.01118584980014,31.221826785193773,146.26682711264655 131.01118848731198,31.221825486700684,146.5832416608218 131.011191124495,31.22182418834024,146.89862840598283 131.0111937613507,31.221822890111817,147.212987507296 131.0111963978806,31.22182159201481,147.52631913683965 131.0111990340858,31.22182029404872,147.8386234786119 131.01120166996745,31.22181899621309,148.1499007215714 131.01120430552646,31.221817698507543,148.4601510775295 131.01120694076377,31.22181640093175,148.76937475928273 131.01120957568,31.22181510348544,149.0775719985036 131.01121221027577,31.22181380616842,149.3847430328206 131.01121484455152,31.22181250898054,149.6908881147619 131.01121747850755,31.221811211921715,149.99600750479888 131.0112201121441,31.22180991499189,150.3001014812853 131.01122274546125,31.22180861819113,150.60317032057833 131.01122537845887,31.221807321519467,150.9052143238749 131.01122801113695,31.22180602497705,151.2062337923638 131.0112306434952,31.221804728564045,151.5062290421332 131.0112332755332,31.221803432280684,151.8052003982091 131.01123590725055,31.22180213612724,152.10314819654178 131.0112385386467,31.221800840104,152.4000727810242 131.01124116972085,31.221799544211365,152.69597450051037 131.0112438004724,31.221798248449705,152.9908537237249 131.01124643090048,31.221796952819453,153.2847108213712 131.01124906100415,31.221795657321096,153.5775461651377 131.01125169078247,31.221794361955137,153.86936015055957 131.0112543202343,31.22179306672212,154.1601531662049 131.0112569493585,31.22179177162261,154.449925620513 131.01125957815393,31.22179047665721,154.73867791396182 131.01126220661925,31.22178918182656,155.0264104698824 131.01126483475315,31.22178788713129,155.31312370463948 131.0112674625543,31.2217865925721,155.59881804850383 131.01127009002118,31.221785298149666,155.88349393273228 131.01127271715237,31.2217840038647,156.16715179553077 131.01127534394635,31.22178270971796,156.44979208006654 131.01127797040155,31.221781415710147,156.73141523645575 131.01128059651643,31.22178012184205,157.01202170983663 131.0112832222893,31.22177882811443,157.29161195726664 131.01128584771865,31.221777534528066,157.57018643778238 131.0112884728027,31.22177624108373,157.84774560842493 131.01129109753987,31.221774947782208,158.12428993715997 131.01129372192844,31.221773654624307,158.39981988399413 131.0112963459667,31.221772361610807,158.67433591588295 131.011298969653,31.22177106874251,158.9478385007681 131.01130159298566,31.221769776020185,159.2203281095656 131.01130421596298,31.22176848344462,159.49180520821292 131.01130683858327,31.221767191016607,159.76227026462803 131.01130946084484,31.221765898736887,160.0317237506968 131.01131208274612,31.22176460660626,160.30016612935205 131.0113147042854,31.22176331462544,160.56759787146984 131.0113173254611,31.221762022795183,160.83401943996742 131.01131994627167,31.22176073111621,161.09943130073643 131.01132256671548,31.22175943958922,161.36383391170895 131.01132518679103,31.22175814821492,161.62722773677356 131.01132780649692,31.221756856993977,161.88961322688982 131.01133042583152,31.221755565927047,162.1509908399681 131.01133304479356,31.22175427501476,162.41136102198303 131.01133566338157,31.22175298425775,162.67072421989718 131.01133828159428,31.221751693656586,162.92908087967115 131.01134089943037,31.221750403211857,163.18643143036172 131.01134351688856,31.221749112924098,163.44277631493347 131.01134613396775,31.221747822793823,163.69811595845275 131.01134875066677,31.221746532821545,163.9524507820036 131.0113513669845,31.221745243007724,164.20578120566938 131.01135398291996,31.221743953352792,164.45810764157423 131.01135659847216,31.22174266385717,164.70943049984817 131.0113592136402,31.221741374521248,164.95975017570476 131.0113618284232,31.221740085345367,165.20906706733322 131.0113644428203,31.221738796329863,165.45738156098838 131.011367056831,31.22173750747504,165.7046940419247 131.01136967045443,31.22173621878116,165.95100488246888 131.01137228369004,31.221734930248445,166.1963144529524 131.01137489653726,31.221733641877115,166.44062311177387 131.01137750899562,31.221732353667345,166.68393121434332 131.0113801210648,31.22173106561928,166.92623910711865 131.01138273274435,31.221729777733024,167.16754713158153 131.011385344034,31.221728490008665,167.4078556182747 131.01138795493358,31.22172720244625,167.6471648917701 131.01139056544295,31.22172591504581,167.88547526570036 131.01139317556195,31.22172462780732,168.12278705369198 131.01139578529063,31.221723340730748,168.35910055644402 131.01139839462903,31.221722053816016,168.59441606371593 131.01140100357722,31.221720767063022,168.82873386426684 131.01140361213544,31.22171948047164,169.0620542369105 131.01140622030383,31.22171819404169,169.29437744852757 131.0114088280828,31.221716907773008,169.52570376499838 131.01141143547267,31.22171562166536,169.7560334362946 131.01141404247383,31.221714335718502,169.98536670641744 131.01141664908684,31.22171304993214,170.21370382035693 131.01141925531215,31.221711764305983,170.44104500421187 131.01142186115052,31.22171047883971,170.66739048109295 131.01142446660245,31.22170919353294,170.89274046814188 131.01142707166875,31.221707908385326,171.11709517156143 131.0114296763502,31.22170662339642,171.3404547895952 131.01143228064757,31.221705338565805,171.56281951650695 131.01143488456177,31.221704053893035,171.78418953562056 131.01143748809375,31.22170276937761,172.0045650252843 131.01144009124448,31.221701485019054,172.22394615588925 131.01144269401496,31.22170020081681,172.44233308887445 131.01144529640635,31.221698916770364,172.6597259807048 131.0114478984197,31.22169763287914,172.87612497988633 131.01145050005618,31.22169634914254,173.09153023193832 131.0114531013171,31.221695065559967,173.3059418704467 131.01145570220356,31.2216937821308,173.51936002402144 131.011458302717,31.2216924988544,173.73178481431 131.0114609028586,31.22169121573013,173.94321635798337 131.01146350262988,31.22168993275727,174.15365477170658 131.0114661020322,31.221688649935142,174.363100160212 131.011468701067,31.221687367263048,174.571552620274 131.01147129973577,31.22168608474025,174.779012248662 131.01147389804,31.22168480236604,174.98547913518135 131.01147649598127,31.22168352013964,175.19095336267344 131.0114790935611,31.22168223806033,175.39543500900538 131.01148169078107,31.22168095612731,175.59892415203663 131.0114842876428,31.221679674339825,175.8014208557069 131.01148688414793,31.221678392697093,176.00292518792574 131.01148948029808,31.22167711119832,176.20343720566223 131.01149207609492,31.221675829842702,176.402956968862 131.0114946715401,31.221674548629466,176.60148452851976 131.0114972666354,31.22167326755777,176.7990199326414 131.01149986138245,31.221671986626816,176.9955632222698 131.01150245578296,31.22167070583579,177.19111444539885 131.01150504983863,31.221669425183887,177.38567363510825 131.01150764355128,31.22166814467026,177.579240828446 131.0115102369226,31.221666864294104,177.77181605549737 131.01151282995428,31.2216655840546,177.9633993493233 131.01151542264813,31.22166430395091,178.15399073303823 131.01151801500586,31.22166302398223,178.3435902327333 131.01152060702924,31.22166174414773,178.53219787250544 131.01152319871997,31.221660464446607,178.71981367246894 131.0115257900798,31.221659184878035,178.90643764776237 131.0115283811105,31.221657905441194,179.09206982445158 131.01153097181378,31.221656626135296,179.2767102107054 131.01153356219135,31.22165534695952,179.46035882860053 131.01153615224496,31.22165406791307,179.64301568629324 131.01153874197624,31.221652788995165,179.8246807988902 131.01154133138695,31.221651510205003,180.00535418248586 131.01154392047874,31.22165023154181,180.18503584521733 131.01154650925332,31.221648953004824,180.3637258011779 131.0115490977123,31.22164767459326,180.5414240644552 131.0115516858573,31.22164639630637,180.7181306411779 131.01155427369005,31.2216451181434,180.8938455484024 131.01155686121203,31.22164384010361,181.06856879820828 131.01155944842495,31.22164256218628,181.24230040366305 131.01156203533034,31.221641284390664,181.4150403778264 131.01156462192972,31.221640006716065,181.58678873673463 131.01156720822465,31.221638729161786,181.7575454934349 131.01156979421663,31.22163745172712,181.9273106679252 131.0115723799072,31.221636174411383,182.09608427820856 131.01157496529777,31.221634897213928,182.26386634427035 131.01157755038983,31.22163362013408,182.43065688410005 131.01158013518474,31.2216323431712,182.5964559236328 131.011582719684,31.22163106632464,182.7612634848205 131.01158530388895,31.22162978959376,182.925079596566 131.01158788780094,31.221628512977983,183.0879042867716 131.01159047142127,31.22162723647669,183.2497375853204 131.0115930547513,31.22162596008929,183.41057952308287 131.01159563779228,31.221624683815232,183.57043013688576 131.0115982205455,31.22162340765391,183.7292894685188 131.01160080301207,31.2216221316048,183.8871575518131 131.01160338519327,31.22162085566736,184.04403443252065 131.0116059670904,31.22161957984106,184.19992015439777 131.01160854870443,31.221618304125386,184.3548147661644 131.01161113003653,31.22161702851984,184.50871831852075 131.0116137110878,31.221615753023936,184.66163086712945 131.01161629185938,31.2216144776372,184.81355246466467 131.01161887235224,31.221613202359144,184.9644831737334 131.01162145256745,31.221611927189336,185.1144230579285 131.01162403250592,31.221610652127342,185.2633721798427 131.01162661216867,31.22160937717272,185.41133061001264 131.01162919155664,31.221608102325074,185.5582984209561 131.01163177067073,31.221606827583983,185.70427568915903 131.0116343495119,31.22160555294908,185.8492624911009 131.01163692808092,31.221604278419942,185.99325891219863 131.01163950637863,31.221603003996247,186.13626503388707 131.0116420844059,31.221601729677616,186.2782809465392 131.01164466216355,31.221600455463715,186.41930674250904 131.01164723965223,31.22159918135419,186.5593425151359 131.01164981687276,31.22159790734875,186.69838836471183 131.01165239382587,31.221596633447056,186.83644439450185 131.0116549705122,31.22159535964881,186.97351070975185 131.01165754693244,31.22159408595373,187.10958741967715 131.01166012308727,31.221592812361514,187.24467463447888 131.0116626989773,31.221591538871923,187.3787724713096 131.01166527460313,31.22159026548468,187.5118810473141 131.0116678499653,31.22158899219953,187.64400048559355 131.01167042506447,31.221587719016217,187.77513091321768 131.01167299990118,31.22158644593452,187.90527246023143 131.0116755744759,31.221585172954214,188.0344252536904 131.01167814878914,31.221583900075085,188.1625894325708 131.0116807228414,31.2215826272969,188.28976513584007 131.01168329663318,31.22158135461948,188.4159525034545 131.01168587016488,31.221580082042603,188.541151679338 131.011688443437,31.22157880956612,188.66536281138303 131.01169101644993,31.22157753718981,188.788586053439 131.0116935892041,31.221576264913534,188.91082155636613 131.01169616169983,31.22157499273709,189.0320694779753 131.01169873393755,31.221573720660345,189.15232997507607 131.01170130591768,31.22157244868312,189.2716032104345 131.01170387764049,31.221571176805263,189.3898893507859 131.01170644910633,31.22156990502665,189.507188564846 131.01170902031552,31.22156863334713,189.62350101933544 131.0117115912684,31.22156736176656,189.7388268869317 131.01171416196527,31.2215660902848,189.8531663462689 131.0117167324064,31.221564818901733,189.96651957001063 131.01171930259207,31.22156354761724,190.0788867417464 131.0117218725226,31.22156227643119,190.1902680400896 131.01172444219827,31.221561005343467,190.3006636515972 131.01172701161923,31.221559734353963,190.4100737618265 131.01172958078584,31.221558463462543,190.51849855732144 131.01173214969828,31.221557192669128,190.6259382305816 131.0117347183568,31.22155592197359,190.7323929711196 131.0117372867616,31.221554651375826,190.83786297340947 131.01173985491306,31.22155338087572,190.94234843291304 131.01174242281118,31.22155211047319,191.04584954607904 131.01174499045635,31.22155084016812,191.1483665093494 131.0117475578487,31.22154956996041,191.24989952512288 131.01175012498845,31.22154829984996,191.3504487918152 131.01175269187584,31.221547029836664,191.45001451380008 131.01175525851107,31.221545759920428,191.5485968904736 131.01175782489432,31.221544490101145,191.6461961291772 131.01176039102583,31.22154322037872,191.74281243426387 131.01176295690576,31.22154195075304,191.83844600908608 131.01176552253435,31.22154068122402,191.93309706195856 131.01176808791175,31.22153941179153,192.02676580218363 131.01177065303827,31.221538142455497,192.11945243309447 131.011773217914,31.221536873215783,192.2111571639797 131.01177578253925,31.221535604072304,192.30188020611007 131.01177834691413,31.221534335024938,192.39162176379205 131.01178091103887,31.22153306607357,192.4803820472892 131.0117834749138,31.221531797218105,192.5681612668588 131.011786038539,31.2215305284584,192.65495962877512 131.01178860191476,31.22152925979436,192.74077734328216 131.01179116504127,31.22152799122585,192.8256146186304 131.0117937279188,31.221526722752767,192.9094716620683 131.01179629054752,31.22152545437496,192.99234867984563 131.0117988529277,31.22152418609232,193.0742458821801 131.01180141505964,31.221522917904696,193.1551634733204 131.01180397694347,31.221521649811965,193.2351016594968 131.01180653857955,31.221520381813992,193.31406064395023 131.01180909996805,31.221519113910624,193.39204063091063 131.01181166110928,31.22151784610174,193.4690418236072 131.0118142220035,31.22151657838716,193.54506442625689 131.011816782651,31.22151531076676,193.62010863511853 131.01181934305205,31.221514043240365,193.6941746553904 131.0118219032069,31.221512775807827,193.76726267934407 131.01182446311591,31.221511508468986,193.8393729062012 131.01182702277936,31.22151024122368,193.9105055282211 131.01182958219752,31.22150897407172,193.98066074262573 131.01183214137072,31.221507707012943,194.0498387376857 131.01183470029935,31.22150644004717,194.1180397076293 131.0118372589836,31.22150517317424,194.1852638357456 131.01183981742395,31.221503906393945,194.2515113092924 131.01184237562063,31.22150263970611,194.3167823125413 131.01184493357405,31.221501373110527,194.38107702975643 131.01184749128456,31.22150010660702,194.44439563823929 131.01185004875248,31.221498840195387,194.50673831528468 131.01185260597825,31.22149757387542,194.56810523619447 131.01185516296215,31.22149630764691,194.62849657626376 131.0118577197047,31.22149504150964,194.68791250084257 131.01186027620616,31.221493775463426,194.74635318223287 131.011862832467,31.221492509508018,194.80381878179767 131.0118653884876,31.22149124364321,194.86030946486903 131.01186794426835,31.22148997786879,194.9158253898161 131.0118704998097,31.22148871218451,194.9703667130144 131.01187305511206,31.221487446590164,195.0239335898396 131.01187561017585,31.221486181085496,195.07652617069203 131.01187816500155,31.22148491567028,195.12814460099608 131.01188071958953,31.22148365034429,195.17878902915305 131.01188327394027,31.221482385107265,195.22845959659983 131.01188582805423,31.221481119958973,195.2771564407929 131.01188838193184,31.22147985489916,195.3248796981888 131.0118909355736,31.221478589927585,195.37162950026777 131.01189348897995,31.221477325044,195.417405975524 131.01189604215136,31.221476060248136,195.4622092494625 131.01189859508833,31.22147479553976,195.50603944659105 131.0119011477913,31.22147353091859,195.54889668146967 131.01190370026077,31.221472266384385,195.5907810756123 131.01190625249723,31.221471001936887,195.63169273363005 131.0119088045012,31.221469737575827,195.6716317690725 131.01191135627312,31.221468473300938,195.710598283558 131.01191390781352,31.221467209111964,195.7485923777044 131.01191645912283,31.22146594500864,195.7856141521245 131.01191901020167,31.221464680990703,195.8216636954984 131.01192156105043,31.22146341705788,195.85674110146903 131.0119241116697,31.221462153209902,195.89084645473005 131.01192666205995,31.221460889446515,195.9239798349986 131.01192921222167,31.22145962576744,195.9561413289447 131.0119317621554,31.22145836217241,195.98733100136565 131.01193431186158,31.22145709866117,196.0175489289809 131.0119368613408,31.22145583523345,196.04679517657644 131.01193941059347,31.221454571888984,196.0750698079396 131.0119419596202,31.22145330862749,196.10237288287595 131.0119445084214,31.221452045448743,196.12870445522225 131.01194705699763,31.221450782352456,196.15406457880945 131.01194960534937,31.221449519338368,196.17845329652985 131.01195215347707,31.221448256406223,196.2018706582276 131.01195470138134,31.22144699355576,196.2243166998269 131.01195724906256,31.22144573078674,196.24579145724573 131.01195979652127,31.2214444680989,196.26629496440853 131.01196234375792,31.221443205491983,196.2858272443021 131.01196489077304,31.221441942965743,196.30438832785777 131.01196743756702,31.22144068051995,196.3219782310936 131.01196998414042,31.22143941815435,196.33859697101545 131.0119725304937,31.221438155868704,196.35424455866007 131.01197507662718,31.22143689366278,196.3689210060527 131.01197762254148,31.221435631536348,196.3826263142797 131.01198016823696,31.221434369489177,196.3953604844226 131.01198271371408,31.221433107521047,196.40712351457435 131.0119852589732,31.221431845631745,196.41791539884807 131.01198780401486,31.22143058382104,196.4277361233989 131.0119903488394,31.221429322088728,196.43658567835223 131.01199289344729,31.221428060434626,196.44446404090743 131.0119954378388,31.221426798858506,196.45137119123936 131.01199798201446,31.22142553736017,196.45730710454845 131.01200052597454,31.221424275939448,196.46227175205303 131.01200306971947,31.22142301459615,196.4662650960217 131.01200561324956,31.22142175333009,196.4692871056733 131.01200815656517,31.221420492141103,196.4713377402832 131.01201069966666,31.22141923102902,196.47241695415087 131.01201324255433,31.22141796999369,196.4725247005768 131.01201578522847,31.221416709034955,196.4716609308672 131.01201832768945,31.221415448152666,196.469825589366 131.01202086993743,31.22141418734668,196.46701862041047 131.01202341197285,31.221412926616868,196.4632399633639 131.0120259537958,31.22141166596312,196.4584895546016 131.01202849540667,31.22141040538529,196.45276732452885 131.01203103680558,31.22140914488329,196.4460732075225 131.0120335779928,31.221407884457,196.43840712701893 131.01203611896852,31.221406624106343,196.42976900744424 131.01203865973292,31.22140536383122,196.42015877122964 131.0120412002862,31.22140410363156,196.4095763368257 131.01204374062849,31.22140284350728,196.3980216167137 131.01204628075996,31.22140158345833,196.38549452237487 131.01204882068072,31.221400323484666,196.37199496727305 131.01205136039084,31.22139906358621,196.3575228539324 131.01205389989047,31.22139780376297,196.3420780908356 131.01205643917964,31.221396544014887,196.32566057353813 131.01205897825847,31.22139528434196,196.30827020852232 131.0120615171269,31.22139402474416,196.28990689033847 131.0120640557851,31.221392765221506,196.2705705115428 131.01206659423292,31.221391505774,196.25026096369203 131.01206913247043,31.221390246401665,196.2289781383361 131.0120716704976,31.22138898710452,196.20672192503224 131.01207420831443,31.22138772788261,196.18349220538005 131.01207674592075,31.221386468736,196.15928886793043 131.01207928331647,31.22138520966472,196.1341117912885 131.0120818205016,31.22138395066884,196.1079608580307 131.01208435747597,31.221382691748456,196.08083594376924 131.0120868942394,31.221381432903648,196.0527369290793 131.01208943079175,31.22138017413452,196.02366368558543 131.0120919671328,31.22137891544116,195.9936160908698 131.0120945032625,31.221377656823687,195.9625940145563 131.01209703918045,31.22137639828224,195.93059733123349 131.01209957488652,31.22137513981695,195.89762590653777 131.01210211038045,31.221373881427976,195.86367961305683 131.0121046456619,31.22137262311546,195.8287583193972 131.01210718073065,31.22137136487958,195.79286188918903 131.01210971558635,31.221370106720503,195.75599019202008 131.01211225022868,31.221368848638424,195.71814309150784 131.01211478465729,31.22136759063354,195.6793204532527 131.01211731887173,31.22136633270607,195.63952214086007 131.0121198528717,31.2213650748562,195.59874802091068 131.01212238665684,31.221363817084185,195.556997954016 131.0121249202266,31.221362559390247,195.51427180674395 131.01212745358055,31.22136130177465,195.470569439694 131.01212998671832,31.22136004423763,195.42589071743367 131.01213251963932,31.221358786779465,195.38023550253715 131.01213505234307,31.22135752940043,195.3336036615468 131.0121375848291,31.221356272100813,195.285995052055 131.01214011709683,31.221355014880896,195.23740954854267 131.01214264914572,31.221353757741007,195.18784700461327 131.01214518097515,31.22135250068144,195.13730729274727 131.01214771258455,31.22135124370251,195.0857902764744 131.0121502439733,31.221349986804565,195.0332958232921 131.01215277514083,31.221348729987945,194.97982380069337 131.01215530608647,31.221347473252976,194.92537407914463 131.0121578368095,31.221346216600047,194.86994652413696 131.0121603673093,31.221344960029505,194.81354101308185 131.01216289758517,31.22134370354173,194.75615741046312 131.01216542763635,31.221342447137104,194.6977955986484 131.0121679574622,31.221341190816,194.6384554470781 131.01217048706195,31.221339934578832,194.57813683711265 131.0121730164348,31.221338678426,194.51683964314853 131.01217554558002,31.2213374223579,194.4545637505088 131.01217807449683,31.221336166374986,194.3913090385462 131.01218060318445,31.22133491047765,194.32707539257007 131.012183131642,31.22133365466633,194.2618627018585 131.01218565986875,31.221332398941488,194.19567085468964 131.01218818786387,31.221331143303537,194.12849974132203 131.0121907156264,31.221329887752937,194.0603492589653 131.0121932431556,31.22132863229016,193.99121929985247 131.01219577045055,31.22132737691564,193.92110976714247 131.01219829751042,31.221326121629847,193.8500205639882 131.01220082433423,31.221324866433275,193.7779515925405 131.0122033509212,31.221323611326376,193.70490276190264 131.01220587727036,31.22132235630964,193.63087398613888 131.0122084033808,31.221321101383538,193.55586517433727 131.01221092925164,31.22131984654858,193.47987625048856 131.01221345488193,31.221318591805243,193.4029071316186 131.01221598027072,31.22131733715401,193.32495774667288 131.01221850541708,31.221316082595383,193.24602802061528 131.0122210303201,31.221314828129888,193.1661178873472 131.0122235549788,31.22131357375798,193.08522728076247 131.01222607939224,31.2213123194802,193.00335614468875 131.0122286035595,31.221311065297023,192.9205044209572 131.0122311274795,31.221309811208968,192.83667205636263 131.01223365115146,31.221308557216545,192.751859002662 131.01223617457427,31.22130730332025,192.66606521856244 131.0122386977471,31.221306049520592,192.5792906647521 131.01224122066887,31.22130479581808,192.4915353019121 131.01224374333867,31.221303542213214,192.40279910761248 131.01224626575555,31.221302288706507,192.3130820484845 131.01224878791857,31.22130103529844,192.22238410705324 131.01225130982672,31.221299781989547,192.13070526683177 131.0122538314791,31.22129852878029,192.03804551530143 131.01225635287477,31.22129727567121,191.9444048429178 131.01225887401273,31.22129602266276,191.8497832530508 131.0122613948921,31.22129476975545,191.7541807460817 131.01226391551197,31.221293516949768,191.65759733132884 131.0122664358713,31.221292264246188,191.56003302009185 131.01226895596935,31.22129101164519,191.46148783260853 131.0122714758051,31.221289759147258,191.36196179209148 131.01227399537768,31.221288506752856,191.2614549267149 131.0122765146862,31.22128725446245,191.15996727458617 131.0122790337298,31.22128600227648,191.05749887082283 131.01228155250763,31.221284750195423,190.9540497624628 131.01228407101877,31.22128349821972,190.8496200015061 131.01228658926243,31.2212822463498,190.74420964292736 131.01228910723782,31.221280994586103,190.63781875063967 131.01229162494403,31.22127974292905,190.53044738954264 131.01229414238037,31.22127849137906,190.422095633474 131.012296659546,31.221277239936537,190.31276356322155 131.0122991764401,31.22127598860188,190.20245126155416 131.01230169306208,31.22127473737548,190.09115881620284 131.01230420941107,31.221273486257715,189.97888632781263 131.0123067254864,31.221272235248968,189.8656338980155 131.01230924128737,31.22127098434959,189.75140162942964 131.01231175681332,31.221269733559943,189.6361896395756 131.01231427206355,31.221268482880365,189.51999804696 131.01231678703752,31.22126723231118,189.4028269760464 131.01231930173452,31.22126598185272,189.2846765552671 131.012321816154,31.22126473150528,189.165546924974 131.01232433029534,31.221263481269165,189.0454382245177 131.01232684415808,31.221262231144657,188.9243506031817 131.01232935774163,31.221260981132023,188.802284214218 131.01233187104552,31.221259731231545,188.6792392158407 131.01233438406922,31.22125848144344,188.555215774208 131.01233689681231,31.221257231767968,188.4302140574602 131.0123394092744,31.221255982205328,188.30423424764427 131.01234192145506,31.22125473275576,188.17727652083747 131.0123444333539,31.221253483419417,188.04934107000616 131.01234694497057,31.22125223419652,187.9204280821467 131.01234945630472,31.221250985087213,187.7905377601508 131.01235196735607,31.221249736091654,187.65967030690376 131.01235447812442,31.221248487209984,187.52782593025373 131.01235698860944,31.221247238442324,187.3950048479801 131.01235949881095,31.22124598978879,187.2612072758692 131.01236200872873,31.22124474124948,187.1264334426201 131.01236451836263,31.22124349282448,186.990683575932 131.0123670277126,31.221242244513835,186.85395791244207 131.01236953677838,31.22124099631761,186.71625668977555 131.01237204556003,31.221239748235856,186.5775801564832 131.01237455405743,31.221238500268583,186.4379285611091 131.01237706227056,31.2212372524158,186.29730215517307 131.01237957019947,31.221236004677497,186.1557012041028 131.01238207784417,31.22123475705365,186.013125965368 131.0123845852047,31.221233509544245,185.8695767103467 131.0123870922812,31.2212322621492,185.72505371041035 131.01238959907377,31.22123101486848,185.57955724189367 131.01239210558256,31.22122976770198,185.43308758808217 131.01239461180776,31.221228520649625,185.28564502827925 131.01239711774954,31.221227273711296,185.1372298556968 131.01239962340813,31.22122602688688,184.98784235956424 131.0124021287838,31.221224780176232,184.8374828380508 131.01240463387688,31.2212235335792,184.68615158931823 131.0124071386876,31.22122228709563,184.53384891450435 131.01240964321633,31.221221040725343,184.3805751207046 131.01241214746344,31.221219794468148,184.22633051798928 131.01241465142928,31.22121854832383,184.07111541642232 131.01241715511432,31.2212173022922,183.91493013302 131.01241965851892,31.221216056373,183.75777498081527 131.01242216164357,31.221214810566018,183.59965028476304 131.01242466448875,31.221213564870983,183.4405563628548 131.01242716705497,31.22121231928765,183.2804935400326 131.0124296693427,31.22121107381574,183.11946214520887 131.01243217135257,31.221209828454967,182.9574625023199 131.01243467308504,31.22120858320504,182.79449494523573 131.01243717454076,31.221207338065653,182.630559800863 131.01243967572023,31.22120609303649,182.465657408029 131.0124421766242,31.22120484811724,182.29978809362848 131.01244467725317,31.221203603307583,182.1329521984657 131.01244717760787,31.221202358607165,181.96515005339887 131.01244967768892,31.22120111401565,181.79638199822665 131.01245217749698,31.221199869532672,181.62664837075363 131.0124546770327,31.221198625157903,181.4559495028156 131.0124571762969,31.22119738089095,181.2842857401568 131.01245967529013,31.221196136731468,181.11165741162023 131.01246217401317,31.22119489267908,180.93806485896368 131.0124646724667,31.22119364873341,180.7635084179761 131.01246717065155,31.221192404894087,180.58798842543413 131.01246966856834,31.221191161160714,180.41150521612192 131.01247216621783,31.22118991753292,180.234059125812 131.01247466360076,31.22118867401032,180.05565048828296 131.01247716071785,31.22118743059252,179.87627963035126 131.01247965756983,31.22118618727915,179.6959468897605 131.01248215415748,31.22118494406981,179.51465259232242 131.01248465048147,31.22118370096414,179.33239706483687 131.01248714654258,31.22118245796175,179.14918063211115 131.01248964234148,31.22118121506225,178.96500361695854 131.0124921378789,31.221179972265297,178.779866344176 131.01249463315554,31.2211787295705,178.59376912563337 131.0124971281721,31.221177486977503,178.40671228015336 131.01249962292928,31.22117624448595,178.2186961195957 131.0125021174277,31.22117500209549,178.02972095382717 131.01250461166805,31.221173759805783,177.83978708972782 131.01250710565097,31.22117251761649,177.64889482820877 131.01250959937704,31.221171275527297,177.4570444701766 131.01251209284692,31.22117003353788,177.26423631255645 131.01251458606112,31.22116879164794,177.07047064232972 131.01251707902023,31.22116754985718,176.87574775243615 131.01251957172482,31.221166308165326,176.68006792288926 131.0125220641754,31.2211650665721,176.48343143667947 131.01252455637237,31.221163825077262,176.28583856486568 131.01252704831623,31.221162583680574,176.08728958048863 131.01252954000745,31.2211613423818,175.88778474863366 131.01253203144637,31.221160101180725,175.68732433040506 131.01253452263336,31.22115886007717,175.48590857895047 131.0125370135688,31.221157619070976,175.28353774940106 131.01253950425289,31.22115637816197,175.080212083962 131.01254199468596,31.22115513735002,174.8759318278153 131.0125444848682,31.221153896635,174.67069721222248 131.0125469747998,31.22115265601684,174.46450846645348 131.0125494644809,31.221151415495427,174.25736581579665 131.0125519539116,31.22115017507072,174.04926947659044 131.01255444309194,31.2211489347427,173.8402196651691 131.012556932022,31.22114769451136,173.63021658593397 131.01255942070162,31.2211464543767,173.4192604383119 131.01256190913082,31.221145214338765,173.2073514207318 131.01256439730943,31.221143974397627,172.99448971770212 131.01256688523728,31.22114273455336,172.780675517702 131.01256937291416,31.22114149480608,172.56590899628523 131.0125718603398,31.22114025515592,172.35019032104827 131.01257434751383,31.22113901560306,172.13351965859064 131.01257683443592,31.221137776147696,171.9158971665594 131.0125793211056,31.22113653679003,171.69732299961612 131.01258180752245,31.221135297530328,171.4777973014844 131.01258429368585,31.22113405836886,171.2573202138944 131.01258677959527,31.22113281930593,171.03589187062076 131.01258926525003,31.22113158034188,170.8135123984744 131.01259175064945,31.221130341477053,170.59018191929303 131.01259423579273,31.221129102711863,170.36590054993874 131.01259672067908,31.22112786404671,170.1406684013054 131.01259920530762,31.22112662548206,169.91448557334874 131.01260168967747,31.22112538701837,169.68735216800667 131.0126041737875,31.221124148656184,169.459268274292 131.0126066576369,31.221122910396,169.2302339812119 131.0126091412244,31.22112167223839,169.00024936087215 131.01261162454895,31.221120434183945,168.76931449332406 131.01261410760932,31.22111919623328,168.53742944370566 131.0126165904043,31.22111795838704,168.30459427615529 131.01261907293252,31.221116720645902,168.07080904586087 131.01262155519265,31.221115483010585,167.83607380601785 131.0126240371833,31.221114245481807,167.60038860683363 131.01262651890295,31.221113008060325,167.36375348956528 131.0126290003501,31.22111177074694,167.12616849248337 131.01263148152316,31.22111053354247,166.8876336468946 131.01263396242047,31.221109296447743,166.64814898509505 131.01263644304044,31.221108059463656,166.40771452844203 131.01263892338125,31.22110682259108,166.16633029729292 131.01264140344117,31.22110558583096,165.92399631001263 131.01264388321837,31.2211043491842,165.68071258595367 131.01264636271097,31.2211031126518,165.436479122597 131.01264884191704,31.221101876234744,165.19129593829058 131.01265132083466,31.221100639934047,164.94516303348598 131.0126537994618,31.22109940375075,164.69808040564715 131.01265627779642,31.221098167685888,164.4500480581962 131.01265875583647,31.22109693174057,164.20106598461024 131.01266123357982,31.221095695915867,163.95113417836026 131.01266371102432,31.221094460212903,163.70025262993047 131.0126661881678,31.2210932246328,163.44842133576185 131.01266866500802,31.221091989176703,163.19564028036325 131.0126711415428,31.22109075384577,162.9419094551948 131.01267361776982,31.2210895186412,162.68722884375964 131.01267609368685,31.221088283564136,162.43159843750573 131.01267856929152,31.221087048615807,162.17501821793647 131.01268104458157,31.22108581379741,161.9174881774821 131.01268351955463,31.22108457911017,161.65900829664002 131.01268599420828,31.22108334455529,161.39957856981633 131.01268846854026,31.221082110134,161.13919898147185 131.01269094254815,31.22108087584754,160.87786952103116 131.01269341622955,31.221079641697152,160.61559017990032 131.0126958895821,31.221078407684065,160.35236094947925 131.0126983626034,31.221077173809515,160.08818182712565 131.01270083529107,31.22107594007475,159.82305280820256 131.0127033076428,31.22107470648099,159.5569738900552 131.01270577965613,31.22107347302947,159.2899450789675 131.01270825132875,31.2210722397214,159.02196638022403 131.01271072265834,31.221071006558013,158.75303779810778 131.01271319364258,31.221069773540503,158.48315934882388 131.0127156642791,31.22106854067009,158.21233104658285 131.01271813456572,31.221067307947926,157.94055291453398 131.0127206045001,31.221066075375205,157.66782497582076 131.0127230740801,31.221064842953066,157.39414726351933 131.01272554330347,31.22106361068265,157.11951981169335 131.0127280121681,31.22106237856508,156.84394265837585 131.01273048067188,31.221061146601453,156.56741585252686 131.01273294881275,31.22105991479286,156.2899394431002 131.01273541658864,31.221058683140328,156.01151349196385 131.0127378839976,31.221057451644903,155.7321380609799 131.0127403510377,31.2210562203076,155.45181322094953 131.0127428177071,31.221054989129367,155.17053905161222 131.012745284004,31.22105375811117,154.88831563568365 131.0127477499266,31.22105252725392,154.6051430677998 131.0127502154732,31.221051296558485,154.32102144457812 131.01275268064225,31.221050066025736,154.03595087455727 131.01275514543212,31.22104883565648,153.74993147123917 131.0127576098414,31.221047605451496,153.4629633580583 131.01276007386855,31.22104637541152,153.17504666540032 131.0127625375124,31.221045145537254,152.8861815355723 131.0127650007716,31.22104391582936,152.5963681108745 131.01276746364493,31.221042686288456,152.30560655347983 131.01276992613137,31.221041456915124,152.0138970245611 131.01277238822988,31.22104022770989,151.72123970019325 131.01277484993955,31.22103899867327,151.42763475942766 131.01277731125955,31.22103776980568,151.13308239621745 131.0127797721891,31.22103654110752,150.8375828114681 131.01278223272757,31.221035312579144,150.54113621403008 131.01278469287436,31.221034084220875,150.24374282467448 131.012787152629,31.22103285603293,149.94540287112443 131.01278961199122,31.221031628015545,149.646116590042 131.0127920709606,31.221030400168864,149.34588422603508 131.01279452953705,31.221029172493,149.0447060376204 131.01279698772046,31.221027944988005,148.74258229126033 131.01279944551084,31.221026717653874,148.43951325738675 131.0128019029083,31.22102549049057,148.135499220341 131.0128043599131,31.221024263498,147.83054047638615 131.0128068165255,31.221023036676005,147.5246373227726 131.01280927274593,31.221021810024386,147.21779006966665 131.0128117285749,31.221020583542888,146.90999903816217 131.01281418401297,31.22101935723123,146.60126455630484 131.01281663906093,31.22101813108905,146.29158695611025 131.01281909371951,31.221016905115928,145.98096658847408 131.0128215479897,31.221015679311435,145.66940379931515 131.01282400187233,31.22101445367507,145.35689895442724 131.01282645536867,31.221013228206264,145.04345242158547 131.01282890847975,31.22101200290445,144.72906457352934 131.0128313612069,31.22101077776896,144.4137357988965 131.0128338135515,31.221009552799128,144.09746648333763 131.01283626551495,31.221008327994216,143.78025702740632 131.0128387170988,31.22100710335344,143.46210783662136 131.0128411683046,31.221005878875985,143.14301931848377 131.0128436191341,31.221004654561,142.82299188943537 131.012846069589,31.221003430407585,142.50202597684662 131.0128485196711,31.2210022064148,142.18012200609397 131.01285096938244,31.221000982581685,141.85728040652532 131.01285341872483,31.22099975890724,141.533501619411 131.01285586770044,31.220998535390407,141.20878608899866 131.0128583163112,31.220997312030125,140.88313426052397 131.01286076455935,31.22099608882531,140.55654658220075 131.01286321244703,31.220994865774845,140.22902351018908 131.01286565997654,31.22099364287756,139.90056550064452 131.01286810715013,31.22099242013231,139.571173014688 131.01287055397006,31.220991197537888,139.24084651144713 131.01287300043873,31.2209899750931,138.90958645402176 131.01287544655852,31.22098875279672,138.57739330848827 131.01287789233183,31.22098753064752,138.24426754489528 131.01288033776106,31.22098630864426,137.9102096243406 131.01288278284864,31.22098508678568,137.57522001487547 131.01288522759705,31.22098386507052,137.2392991885232 131.01288767200873,31.22098264349756,136.90244760239264 131.01289011608603,31.22098142206549,136.56466572849868 131.01289255983153,31.220980200773088,136.22595402592933 131.0128950032475,31.22097897961912,135.8863129587394 131.01289744633652,31.220977758602324,135.5457429879973 131.01289988910082,31.220976537721484,135.2042445678094 131.0129023315428,31.220975316975395,134.86181815227795 131.01290477366476,31.22097409636285,134.51846418854365 131.012907215469,31.22097287588269,134.174183126725 131.01290965695776,31.220971655533766,133.82897540500937 131.01291209813317,31.220970435314943,133.48284146257325 131.01291453899736,31.220969215225136,133.13578172865027 131.0129169795524,31.220967995263297,132.78779662749994 131.01291941980034,31.22096677542837,132.43888658636038 131.01292185974296,31.220965555719392,132.08905201159155 131.0129242993822,31.2209643361354,131.73829331153863 131.01292673871976,31.22096311667549,131.38661088857805 131.01292917775734,31.220961897338807,131.03400513017365 131.01293161649647,31.22096067812454,130.6804764277609 131.01293405493865,31.220959459031924,130.32602515189845 131.01293649308522,31.22095824006024,129.97065167612297 131.0129389309375,31.220957021208857,129.6143563550814 131.01294136849654,31.22095580247716,129.25713954441147 131.01294380576343,31.220954583864625,128.89900158185517 131.0129462427391,31.22095336537077,128.5399428001809 131.01294867942428,31.220952146995195,128.17996352718367 131.01295111581965,31.220950928737548,127.8190640717688 131.01295355192573,31.22094971059756,127.45724473687388 131.0129559877429,31.22094849257501,127.09450581946896 131.01295842327147,31.2209472746698,126.73084759664049 131.0129608585114,31.220946056881832,126.3662703424896 131.01296329346283,31.22094483921112,126.00077432316064 131.0129657281255,31.22094362165775,125.63435978590962 131.01296816249908,31.220942404221898,125.26702697301836 131.0129705965831,31.2209411869038,124.89877611284788 131.01297303037697,31.22093996970373,124.529607427793 131.01297546387983,31.220938752622143,124.15952112334548 131.01297789709088,31.220937535659463,123.78851740101771 131.01298033000896,31.220936318816268,123.41659644740804 131.0129827626328,31.220935102093165,123.04375843718265 131.01298519496112,31.220933885490872,122.67000353904 131.01298762699233,31.22093266901016,122.2953319097462 131.0129900587247,31.2209314526519,121.91974369811126 131.0129924901565,31.22093023641704,121.54323903405532 131.01299492128567,31.220929020306567,121.16581805047556 131.01299735211015,31.220927804321608,120.78748085939196 131.0129997826276,31.220926588463296,120.4082275728186 131.01300221283563,31.22092537273288,120.02805828885064 131.0130046427317,31.220924157131662,119.646973094644 131.01300707231312,31.220922941661023,119.26497207635587 131.0130095015771,31.220921726322423,118.8820553022474 131.01301193052066,31.22092051111734,118.49822284355696 131.01301435914073,31.22091929604737,118.11347475362568 131.01301678743417,31.220918081114142,117.72781108976672 131.01301921539772,31.22091686631936,117.34123189040184 131.01302164302788,31.22091565166476,116.95373719792372 131.01302407032122,31.22091443715213,116.56532704378678 131.01302649727407,31.22091322278336,116.1760014574518 131.01302892388284,31.22091200856033,115.78576045942876 131.0130313501437,31.22091079448497,115.39460407221054 131.01303377605277,31.22090958055928,115.00253230436871 131.01303620160618,31.220908366785263,114.6095451744096 131.01303862679995,31.22090715316499,114.21564268393632 131.01304105163004,31.22090593970053,113.82082484647486 131.01304347609232,31.220904726394,113.4250916606352 131.01304590018268,31.220903513247503,113.02844313496236 131.01304832389698,31.220902300263194,112.63087927302595 131.0130507472311,31.22090108744324,112.23240007640176 131.0130531701807,31.2208998747898,111.8330055466605 131.01305559274172,31.22089866230501,111.4326956943124 131.01305801490992,31.220897449991096,111.03147052389916 131.01306043668103,31.22089623785019,110.62933004194416 131.013062858051,31.22089502588444,110.22627426888124 131.01306527901562,31.22089381409599,109.82230321221655 131.01306769957085,31.22089260248696,109.41741689933072 131.01307011971252,31.220891391059457,109.01161535064033 131.0130725394367,31.220890179815548,108.60489859450836 131.01307495873948,31.22088896875726,108.1972666702262 131.01307737761695,31.2208877578866,107.78871962304324 131.01307979606534,31.22088654720552,107.3792574972096 131.01308221408095,31.22088533671595,106.96888035187877 131.01308463166015,31.22088412641974,106.5575882511692 131.01308704879955,31.2208829163187,106.14538127310976 131.0130894654957,31.22088170641458,105.732259492741 131.01309188174537,31.220880496709075,105.3182230069659 131.01309429754542,31.2208792872038,104.90327191367626 131.01309671289286,31.220878077900288,104.48740632765548 131.01309912778493,31.22087686880004,104.07062637362226 131.01310154221886,31.220875659904447,103.65293218225317 131.0131039561922,31.220874451214808,103.23432390012276 131.0131063697025,31.220873242732367,102.81480168473512 131.0131087827477,31.22087203445826,102.39436570452204 131.01311119532568,31.220870826393536,101.97301614182636 131.0131136074347,31.22086961853916,101.55075319488944 131.01311601907304,31.22086841089598,101.12757706691708 131.01311843023933,31.220867203464767,100.70348798099036 131.0131208409323,31.22086599624617,100.27848617111856 131.0131232511509,31.22086478924077,99.85257188323416 131.01312566089425,31.220863582449,99.42574537916852 131.01312807016174,31.22086237587122,98.99800693366996 131.01313047895297,31.220861169507653,98.56935683539804 131.01313288726763,31.220859963358453,98.139795385929 131.01313529510577,31.220858757423628,97.70932290273888 131.0131377024676,31.22085755170311,97.27793971224445 131.01314010935354,31.220856346196687,96.84564616272635 131.01314251576417,31.22085514090408,96.41244260245988 131.0131449217003,31.22085393582488,95.9783294075488 131.013147327163,31.22085273095855,95.54330695906184 131.01314973215355,31.22085152630448,95.1073756509854 131.0131521366733,31.220850321861963,94.67053589221186 131.01315454072397,31.220849117630145,94.2327881025631 131.01315694430738,31.22084791360811,93.79413271477917 131.01315934742553,31.220846709794824,93.35457017054168 131.01316175008063,31.22084550618918,92.9141009294212 131.01316415227518,31.22084430278996,92.47272545197704 131.0131665540116,31.22084309959583,92.0304442156635 131.0131689552927,31.220841896605435,91.58725770886537 131.01317135612135,31.220840693817284,91.14316642294496 131.01317375650063,31.220839491229835,90.6981708651656 131.01317615643367,31.22083828884145,90.2522715467628 131.0131785559238,31.220837086650423,89.8054689869206 131.01318095497453,31.22083588465503,89.3577637117775 131.0131833535894,31.22083468285341,88.9091562564148 131.01318575177203,31.220833481243726,88.45964715988637 131.0131881495262,31.220832279824016,88.00923696521872 131.01319054685578,31.22083107859233,87.55792622139907 131.01319294376466,31.22082987754665,87.10571548039361 131.01319534025683,31.22082867668495,86.65260529714739 131.0131977363364,31.22082747600515,86.19859623157201 131.01320013200728,31.220826275505168,85.74368884059417 131.01320252727368,31.22082507518291,85.28788368610776 131.01320492213966,31.220823875036263,84.83118132403881 131.0132073166093,31.220822675063125,84.37358231826323 131.01320971068682,31.2208214752614,83.91508722271318 131.01321210437612,31.220820275628984,83.45569659529404 131.0132144976813,31.220819076163824,82.99541098695029 131.01321689060632,31.220817876863865,82.53423095259939 131.01321928315508,31.220816677727107,82.07215702826915 131.01322167533144,31.220815478751568,81.60918975594886 131.0132240671391,31.220814279935336,81.14532967166099 131.01322645858173,31.220813081276543,80.68057730049038 131.01322884966277,31.22081188277337,80.21493316254886 131.01323124038572,31.220810684424062,79.74839776601688 131.01323363075372,31.22080948622696,79.28097161807841 131.0132360207699,31.220808288180475,78.81265521000968 131.01323841043725,31.220807090283067,78.34344902513136 131.01324079975842,31.22080589253335,77.87335353980362 131.01324318873603,31.220804694929967,77.40236921149629 131.01324557737243,31.220803497471703,76.93049649568876 131.0132479656698,31.22080230015744,76.45773582996422 131.01325035363013,31.220801102986155,75.98408763699224 131.01325274125503,31.220799905956977,75.50955233248152 131.01325512854606,31.22079870906911,75.03413031921468 131.01325751550442,31.22079751232192,74.55782197810201 131.01325990213118,31.220796315714868,74.08062768607513 131.01326228842703,31.220795119247576,73.60254779421653 131.0132646743925,31.22079392291976,73.12358265658817 131.01326706002777,31.220792726731307,72.64373259345074 131.0132694453328,31.22079153068223,72.16299792406753 131.0132718303073,31.22079033477268,71.68137894483517 131.01327421495068,31.22078913900293,71.1988759412125 131.01327659926204,31.22078794337345,70.71548918076182 131.01327898324027,31.220786747884784,70.23121892110102 131.01328136688392,31.220785552537663,69.74606539797541 131.0132837501913,31.220784357332946,69.26002883917424 131.01328613316053,31.220783162271623,68.77310945458963 131.01328851578924,31.220781967354856,68.28530743721109 131.013290898075,31.22078077258391,67.79662297207166 131.01329328001503,31.2207795779602,67.30705622531337 131.0132956616063,31.22077838348526,66.81660735412767 131.0132980428455,31.220777189160795,66.32527649681445 131.0133004237291,31.2207759949886,65.83306378570543 131.0133028042534,31.220774800970577,65.33996933821696 131.01330518441443,31.2207736071088,64.84599325883816 131.01330756420788,31.220772413405395,64.35113564509547 131.01330994362937,31.220771219862662,63.85539657761159 131.01331232267427,31.22077002648295,63.35877613501684 131.01331470133783,31.22076883326873,62.86127438301403 131.013317079615,31.22076764022256,62.36289137934845 131.0133194575007,31.22076644734707,61.86362717281454 131.0133218349896,31.22076525464498,61.36348181220184 131.01332421207627,31.22076406211908,60.862455332378175 131.01332658875523,31.22076286977221,60.36054776920047 131.01332896502083,31.220761677607275,59.857759147585966 131.01333134086727,31.220760485627217,59.35408949642366 131.01333371628883,31.220759293835023,58.84953883863265 131.0133360912796,31.220758102233702,58.344107198121534 131.01333846583375,31.22075691082629,57.83779459382328 131.0133408399453,31.22075571961581,57.33060104864225 131.0133432136084,31.22075452860534,56.82252658647189 131.0133455868171,31.220753337797888,56.31357123418263 131.01334795956564,31.22075214719649,55.8037350186401 131.0133503318481,31.220750956804128,55.29301797465719 131.01335270365877,31.220749766623783,54.7814201410184 131.013355074992,31.22074857665836,54.26894155948507 131.0133574458423,31.220747386910727,53.755582281754606 131.01335981620414,31.220746197383686,53.24134236846583 131.01336218607233,31.22074500807996,52.726221886217296 131.01336455544168,31.220743819002205,52.21022091353153 131.01336692430723,31.220742630153,51.69333953687879 131.01336929266424,31.220741441534788,51.17557785266526 131.01337166050814,31.220740253149938,50.65693597518578 131.0133740278346,31.22073906500071,50.13741402668314 131.0133763946395,31.220737877089224,49.61701213933611 131.01337876091895,31.220736689417496,49.09573047116544 131.01338112666937,31.2207355019874,48.57356918018675 131.01338349188742,31.220734314800648,48.050528448269496 131.01338585657007,31.220733127858846,47.52660847119598 131.01338822071455,31.22073194116341,47.00180946064928 131.01339058431844,31.22073075471565,46.47613164321988 131.0133929473796,31.22072956851665,45.94957526438128 131.0133953098962,31.22072838256739,45.42214058550879 131.01339767186676,31.22072719686864,44.89382788586697 131.0134000332901,31.22072601142103,44.36463746360449 131.01340239416544,31.220724826225,43.83456962978901 131.01340475449223,31.220723641280827,43.30362471536655 131.01340711427045,31.2207224565886,42.77180307215536 131.01340947350016,31.220721272148232,42.23910506886991 131.013411832182,31.22072008795948,41.70553108515595 131.01341419031675,31.22071890402192,41.17108152451432 131.0134165479057,31.22071772033493,40.635756808336495 131.01341890495036,31.22071653689777,40.099557370933866 131.01342126145263,31.22071535370949,39.562483660532045 131.01342361741465,31.22071417076897,39.024536149212295 131.01342597283892,31.22071298807497,38.48571531899383 131.01342832772823,31.220711805626063,37.946021669786965 131.01343068208567,31.22071062342069,37.40545571044608 131.01343303591463,31.220709441457124,36.86401796871098 131.01343538921873,31.220708259733527,36.32170898623646 131.0134377420018,31.220707078247926,35.77852931163336 131.01344009426802,31.220705896998226,35.23447950643371 131.01344244602163,31.22070471598219,34.689560146084446 131.01344479726728,31.22070353519753,34.14377181398354 131.0134471480096,31.22070235464181,33.59711509949093 131.01344949825346,31.22070117431256,33.04959060289987 131.013451848004,31.22069999420717,32.5011989314603 131.01345419726624,31.220698814323026,31.95194069341419 131.01345654604552,31.22069763465741,31.401816508930743 131.0134588943471,31.22069645520761,30.850826996189216 131.01346124217648,31.220695275970844,30.29897277933142 131.01346358953904,31.220694096944325,29.74625447951496 131.01346593644018,31.22069291812525,29.192672722866103 131.01346828288538,31.22069173951084,28.6382281305388 131.01347062888007,31.22069056109829,28.082921326667343 131.01347297442948,31.220689382884903,27.52675292444882 131.01347531953897,31.220688204867933,26.96972354204921 131.01347766421364,31.22068702704475,26.41183378272057 131.01348000845852,31.22068584941276,25.85308425269564 131.01348235227843,31.220684671969444,25.293475540310787 131.01348469567813,31.2206834947124,24.73300823688307 131.01348703866205,31.2206823176393,24.171682912850702 131.01348938123448,31.22068114074796,23.60950013467344 131.0134917233994,31.22067996403629,23.046460452902856 131.0134940651606,31.220678787502344,22.48256441013554 131.01349640652148,31.22067761114433,21.917812530077235 131.01349874748524,31.220676434960623,21.35220532450193 131.0135010880547,31.220675258949743,20.785743293251905 131.01350342823235,31.220674083110385,20.21842691031917 131.01350576802028,31.220672907441443,19.650256647705543 131.01350810742022,31.220671731942,19.081232942615124 131.0135104464336,31.22067055661133,18.5113562262848 131.01351278506127,31.220669381448936,17.940626908077665 131.01351512330385,31.22066820645452,17.369045377471288 131.01351746116134,31.220667031627976,16.796612004057486 131.01351979863347,31.22066585696948,16.22332713853646 131.01352213571943,31.22066468247941,15.649191110728353 131.013524472418,31.22066350815836,15.074204231561374 131.0135268087274,31.22066233400718,14.498366788101029 131.01352914464547,31.220661160026967,13.921679046532327 131.0135314801696,31.220659986219047,13.344141256136362 131.01353381529665,31.220658812585,12.76575364332522 131.01353615002293,31.220657639126618,12.186516412635989 131.01353848434445,31.220656465846,11.60642974573656 131.0135408182566,31.220655292745416,11.02549380937858 131.01354315175433,31.22065411982747,10.443708741479323 131.01354548483212,31.220652947094937,9.861074666033748 131.01354781748387,31.220651774550884,9.277591684167128 131.01355014970312,31.220650602198614,8.693259875128858 131.01355248148283,31.22064943004168,8.108079297286674 131.01355481281547,31.220648258083887,7.522049991108901 131.013557143693,31.220647086329336,6.935171973199401 131.01355947410684,31.220645914782367,6.3474452353032245 131.0135618040669,31.22064474343821,5.758870540634256 131.0135641335642,31.220643572301487,5.16944786403012 131.0135664625976,31.220642401372817,4.579177510387883 131.01356879116474,31.220641230653552,3.988059729922049 131.01357111926308,31.2206400601451,3.396094767872851 131.01357344688995,31.220638889848903,2.803282863512018 131.01357577404275,31.22063771976645,2.2096242561077992 131.01357810071863,31.22063654989928,1.6151191819424588 131.01358042691473,31.22063538024893,1.0197678763005853 131.01358275262825,31.220634210817,0.4235705694923926</coordinates>
            </LineString>
        </Placemark>
        <Placemark id="547">
            <name>flight_path</name>
            <styleUrl>#548</styleUrl>
            <LineString id="546">
                <altitudeMode>clampToGround</altitudeMode>
                <coordinates>131.010392,31.222216000000007,0.0 131.0103920000045,31.222215999991075,0.0 131.0103920000085,31.222215999994766,0.0 131.0103920000085,31.222215999994766,0.0 131.01039200000852,31.222215999994766,0.0 131.01039201539675,31.22221599246117,0.0 131.0103920617776,31.22221596990869,0.0 131.01039213193175,31.22221593580231,0.0 131.01039220552698,31.222215900001803,0.0 131.0103923261533,31.222215841380503,0.0 131.01039241011944,31.222215800500727,0.0 131.01039255023213,31.22221573238213,0.0 131.0103926908424,31.222215663995925,0.0 131.01039284206664,31.22221559043897,0.0 131.01039301222698,31.2222155076778,0.0 131.01039319835945,31.22221541714896,0.0 131.01039339622227,31.222215320908244,0.0 131.0103936086097,31.222215217601374,0.0 131.01039382835415,31.2222151107022,0.0 131.0103940692252,31.222214993537087,0.0 131.0103943154942,31.22221487372917,0.0 131.0103945800907,31.22221474501192,0.0 131.01039485370347,31.222214611898128,0.0 131.01039513986652,31.222214472675024,0.0 131.01039544418495,31.22221432462593,0.0 131.01039575462735,31.22221417358214,0.0 131.01039608061367,31.222214014978025,0.0 131.01039641907315,31.22221385030192,0.0 131.01039677261693,31.22221367828824,0.0 131.01039713608534,31.22221350143773,0.0 131.010397517966,31.22221331563664,0.0 131.01039790540767,31.22221312711366,0.0 131.01039830590005,31.22221293223868,0.0 131.01039871921526,31.222212731122088,0.0 131.01039914602634,31.222212523437697,0.0 131.0103995843797,31.222212310132328,0.0 131.01040002919007,31.222212093670787,0.0 131.010400488852,31.222211869984235,0.0 131.01040096154043,31.222211639957216,0.0 131.01040144391652,31.222211405208075,0.0 131.01040193996343,31.222211163806087,0.0 131.01040244347448,31.22221091875968,0.0 131.01040295825328,31.222210668225145,0.0 131.01040348638034,31.22221041119396,0.0 131.01040402793237,31.222210147628825,0.0 131.0104045774418,31.22220988018005,0.0 131.0104051377902,31.2222096074508,0.0 131.01040571307726,31.222209327453587,0.0 131.01040630329675,31.222209040191352,0.0 131.01040689520636,31.22220875208352,0.0 131.01040750096558,31.22220845723537,0.0 131.0104081214021,31.222208155245536,0.0 131.01040875222748,31.222207848192888,0.0 131.01040938861175,31.222207538419,0.0 131.0104100415545,31.222207220590928,0.0 131.01041070492113,31.22220689768276,0.0 131.0104113765162,31.222206570758807,0.0 131.010412061466,31.22220623783884,0.0 131.01041275544003,31.222205899991305,0.0 131.01041346039057,31.22220555702028,0.0 131.01041418333105,31.222205205256973,0.0 131.0104149108001,31.22220485126693,0.0 131.01041564937407,31.22220449185967,0.0 131.0104164026037,31.22220412531041,0.0 131.0104171721077,31.2222037508316,0.0 131.01041793917048,31.22220337750814,0.0 131.01041872055345,31.22220299720253,0.0 131.0104195237953,31.22220260625081,0.0 131.01042033060298,31.222202213536235,0.0 131.01042114368423,31.22220181774436,0.0 131.0104219733913,31.22220141384408,0.0 131.01042281688908,31.22220100321082,0.0 131.01042366657154,31.222200589540748,0.0 131.01042452504737,31.222200171565653,0.0 131.01042539886615,31.22219974609971,0.0 131.01042628833278,31.22219931299262,0.0 131.0104271772846,31.222198880105086,0.0 131.01042808377565,31.222198438654672,0.0 131.01042900042913,31.222197992228224,0.0 131.01042992616797,31.222197541349328,0.0 131.01043085905826,31.222197086958715,0.0 131.01043181064176,31.222196623436844,0.0 131.01043277123048,31.222196155498544,0.0 131.01043373472154,31.222195686115764,0.0 131.0104347158168,31.22219520812789,0.0 131.0104357111803,31.222194723157525,0.0 131.01043670602476,31.22219423840828,0.0 131.0104377161446,31.222193746184704,0.0 131.01043873936624,31.22219324754396,0.0 131.01043977035033,31.22219274508752,0.0 131.01044080986208,31.22219223844217,0.0 131.01044186202697,31.22219172559572,0.0 131.01044292587977,31.22219120701761,0.0 131.0104439942353,31.222190686211302,0.0 131.01044507770945,31.222190157998696,0.0 131.01044617407553,31.22218962346443,0.0 131.0104472736416,31.222189087336265,0.0 131.01044839144572,31.22218854227664,0.0 131.01044951744836,31.22218799318301,0.0 131.0104506463285,31.222187442652288,0.0 131.0104517940396,31.222186882897404,0.0 131.01045295126056,31.22218631846661,0.0 131.01045411702378,31.2221857498322,0.0 131.01045529564217,31.222185174887823,0.0 131.01045648068555,31.22218459677265,0.0 131.0104576732547,31.22218401494899,0.0 131.01045888514685,31.22218342365433,0.0 131.01046009438906,31.222182833620288,0.0 131.01046132333687,31.222182233926794,0.0 131.01046256365683,31.22218162864357,0.0 131.01046380614767,31.222181022265964,0.0 131.01046505982242,31.22218041039024,0.0 131.0104663389727,31.22217978603165,0.0 131.0104676170196,31.22217916217799,0.0 131.01046889553888,31.22217853806003,0.0 131.01047020534477,31.222177898616696,0.0 131.0104715062578,31.22217726348576,0.0 131.01047282182196,31.22217662115955,0.0 131.01047417129237,31.222175962224192,0.0 131.01047549326432,31.222175316697687,0.0 131.01047684907252,31.22217465459556,0.0 131.01047822307584,31.222173983563085,0.0 131.0104795747758,31.22217332340152,0.0 131.01048096993387,31.22217264195737,0.0 131.0104823579707,31.22217196396096,0.0 131.01048374810014,31.222171284907613,0.0 131.0104851762057,31.222170587250147,0.0 131.01048658961793,31.22216989674373,0.0 131.01048801387105,31.222169200902364,0.0 131.0104894708475,31.222168489024515,0.0 131.01049090926082,31.22216778619088,0.0 131.01049237281475,31.222167071028945,0.0 131.01049384985816,31.222166349236367,0.0 131.0104953146953,31.222165633379785,0.0 131.01049682059,31.222164897410583,0.0 131.0104983116119,31.222164168681527,0.0 131.01049981376255,31.222163434476787,0.0 131.0105013526849,31.222162682255743,0.0 131.01050286907517,31.222161941020904,0.0 131.01050440838608,31.222161188543943,0.0 131.0105059723288,31.22216042398836,0.0 131.0105075168933,31.22215966887667,0.0 131.01050909804013,31.222158895842743,0.0 131.0105106719641,31.22215812630856,0.0 131.01051225165304,31.22215735392289,0.0 131.010513872831,31.222156561217258,0.0 131.0105154691612,31.222155780629897,0.0 131.01051708530355,31.22215499032285,0.0 131.0105187374527,31.22215418237843,0.0 131.01052035544467,31.22215339110353,0.0 131.0105220204192,31.22215257682573,0.0 131.01052368352006,31.222151763433047,0.0 131.01052534001408,31.222150953239208,0.0 131.01052704398649,31.2221501198029,0.0 131.01052872413703,31.222149297981936,0.0 131.01053042666723,31.22214846518968,0.0 131.01053215115965,31.222147621631223,0.0 131.01053385754255,31.222146786894875,0.0 131.0105356050831,31.2221459320102,0.0 131.01053734070857,31.222145082919905,0.0 131.0105390827299,31.22214423067348,0.0 131.01054086386551,31.222143359280256,0.0 131.01054262220313,31.22214249900024,0.0 131.0105444038236,31.22214162731179,0.0 131.0105462023828,31.22214074731644,0.0 131.0105479882939,31.222139873473303,0.0 131.01054982085074,31.222138976806686,0.0 131.01055162916867,31.22213809195652,0.0 131.01055345531014,31.222137198368248,0.0 131.01055532305568,31.222136284422863,0.0 131.01055715115376,31.22213538982224,0.0 131.01055903050005,31.22213447015312,0.0 131.0105608953727,31.222133557528345,0.0 131.01056277009613,31.22213264006289,0.0 131.01056467946708,31.222131705642248,0.0 131.01056656420616,31.22213078322866,0.0 131.01056849045784,31.22212984050657,0.0 131.0105704091121,31.222128901469382,0.0 131.01057232995075,31.22212796133796,0.0 131.01057429243934,31.22212700083236,0.0 131.0105762255002,31.222126054676487,0.0 131.0105781994406,31.222125088523217,0.0 131.0105801667661,31.222124125575075,0.0 131.0105821400694,31.22212315968017,0.0 131.01058415148623,31.222122175139727,0.0 131.01058613270382,31.222121205325944,0.0 131.01058816223335,31.22212021188448,0.0 131.01059017255335,31.222119227801134,0.0 131.01059219925693,31.222118235687816,0.0 131.01059425577964,31.22211722898064,0.0 131.0105962856369,31.22211623527448,0.0 131.0105983622321,31.22211521870848,0.0 131.010600421762,31.22211421045361,0.0 131.01060249569804,31.22211319513435,0.0 131.01060460185377,31.22211216404681,0.0 131.01060667777384,31.222111147706016,0.0 131.0106088042414,31.22211010664108,0.0 131.01061091295827,31.22210907422299,0.0 131.01061303460173,31.222108035462224,0.0 131.01061517787565,31.222106986104883,0.0 131.0106173036102,31.22210594529215,0.0 131.01061947536533,31.22210488196231,0.0 131.01062162395928,31.222103829924823,0.0 131.0106237956492,31.222102766572565,0.0 131.01062597880255,31.22210169758995,0.0 131.01062814823996,31.222100635284647,0.0 131.01063037087025,31.222099546949494,0.0 131.01063255597245,31.222098476932374,0.0 131.01063478070742,31.22209738751196,0.0 131.0106370012572,31.222096300109413,0.0 131.01063922016775,31.222095213480603,0.0 131.0106414773473,31.22209410811024,0.0 131.01064370676804,31.22209301628573,0.0 131.01064597790744,31.222091904029988,0.0 131.0106482341681,31.222090799021856,0.0 131.01065050114812,31.22208968874187,0.0 131.01065279274076,31.2220885663924,0.0 131.01065506099803,31.222087455429048,0.0 131.01065737983222,31.222086319691307,0.0 131.01065967115267,31.222085197384736,0.0 131.0106619947021,31.22208405927774,0.0 131.01066431072448,31.222082924823106,0.0 131.0106666277995,31.22208178982287,0.0 131.01066897514133,31.222080639977207,0.0 131.0106712995963,31.22207950130265,0.0 131.01067367462824,31.222078337837367,0.0 131.01067602207303,31.22207718784514,0.0 131.01067839079352,31.22207602740449,0.0 131.01068077316305,31.22207486024745,0.0 131.01068313616975,31.22207370253969,0.0 131.01068553840912,31.222072525585432,0.0 131.01068793432492,31.222071351694087,0.0 131.01069031934392,31.22207018310729,0.0 131.0106927286624,31.2220690025838,0.0 131.01069515382616,31.22206781426288,0.0 131.01069756971015,31.222066630453966,0.0 131.0106999864058,31.22206544621356,0.0 131.01070242261468,31.22206425237679,0.0 131.01070486282006,31.22206305654625,0.0 131.01070730198938,31.22206186118848,0.0 131.01070974409748,31.22206066435545,0.0 131.01071219819852,31.222059461608733,0.0 131.01071465418167,31.22205825790372,0.0 131.01071711165648,31.22205705343197,0.0 131.01071957428604,31.222055846397502,0.0 131.01072204116625,31.222054637243176,0.0 131.01072451033107,31.2220534269328,0.0 131.01072698197672,31.222052215370056,0.0 131.01072945887344,31.222051001196395,0.0 131.01073193994833,31.222049784937685,0.0 131.01073442461248,31.22204856688265,0.0 131.01073691081413,31.2220473480374,0.0 131.0107393984873,31.222046128434325,0.0 131.01074189358255,31.22204490515488,0.0 131.01074438920836,31.22204368157896,0.0 131.01074688918646,31.2220424558322,0.0 131.0107493921519,31.222041228584025,0.0 131.0107518995083,31.222039999145963,0.0 131.0107544073503,31.222038769433723,0.0 131.01075691946556,31.222037537589443,0.0 131.0107594352857,31.222036303891937,0.0 131.010761952255,31.22203506959505,0.0 131.0107644741007,31.22203383287044,0.0 131.01076700080924,31.222032593724887,0.0 131.010769526635,31.222031354977062,0.0 131.01077205790037,31.22203011352564,0.0 131.01077459101592,31.22202887113161,0.0 131.01077712636126,31.222027627608885,0.0 131.0107796645817,31.222026382641136,0.0 131.0107822066587,31.22202513574704,0.0 131.0107847510815,31.22202388766796,0.0 131.01078729902596,31.22202263782729,0.0 131.01078984873902,31.2220213870852,0.0 131.01079240121675,31.22202013495329,0.0 131.01079495478683,31.22201888225217,0.0 131.0107975114157,31.22201762801744,0.0 131.0108000718987,31.22201637185923,0.0 131.01080263414295,31.222015114804424,0.0 131.01080519888822,31.22201385649037,0.0 131.01080776604763,31.22201259695996,0.0 131.01081033280266,31.22201133759589,0.0 131.01081290334952,31.22201007634025,0.0 131.0108154740762,31.222008814964905,0.0 131.01081804934972,31.222007551328208,0.0 131.01082062454336,31.22200628769968,0.0 131.01082320471056,31.22200502160112,0.0 131.01082578468157,31.2220037555682,0.0 131.0108283661203,31.222002488785105,0.0 131.01083095127106,31.22200122015148,0.0 131.01083353793965,31.2219999507436,0.0 131.01083612457717,31.221998681321285,0.0 131.01083871549022,31.221997409772804,0.0 131.01084130689543,31.22199613795372,0.0 131.01084390151397,31.221994864529808,0.0 131.01084649699388,31.221993590654645,0.0 131.01084909336652,31.22199231631301,0.0 131.0108516915969,31.221991041031863,0.0 131.01085429171388,31.22198976479729,0.0 131.01085689286305,31.22198848802837,0.0 131.0108594953217,31.221987210589287,0.0 131.01086209807073,31.22198593297988,0.0 131.01086470409635,31.221984653736094,0.0 131.01086730951448,31.221983374762456,0.0 131.0108699179232,31.22198209429492,0.0 131.010872527321,31.221980813314907,0.0 131.0108751354799,31.221979532915,0.0 131.01087774657742,31.22197825104687,0.0 131.01088035785287,31.22197696906426,0.0 131.01088296830764,31.221975687456936,0.0 131.0108855815672,31.22197440444716,0.0 131.0108881933593,31.22197312212983,0.0 131.01089080684113,31.22197183895693,0.0 131.01089342321163,31.22197055434043,0.0 131.01089603758714,31.221969270675228,0.0 131.0108986523913,31.22196798677276,0.0 131.01090126765763,31.221966702616587,0.0 131.01090388515124,31.221965417341103,0.0 131.01090650223523,31.221964132239368,0.0 131.01090911929182,31.221962847123905,0.0 131.01091173803908,31.22196156115206,0.0 131.01091435640714,31.221960275338915,0.0 131.01091697431536,31.22195898972397,0.0 131.01091959511052,31.221957702665577,0.0 131.01092221320795,31.22195641690292,0.0 131.0109248358523,31.221955128882247,0.0 131.01092745684002,31.221953841646503,0.0 131.0109300790315,31.22195255379238,0.0 131.01093270169864,31.221951265676967,0.0 131.0109353260562,31.22194997670412,0.0 131.01093795055647,31.221948687632988,0.0 131.01094057509556,31.22194739851449,0.0 131.0109431999432,31.221946109216123,0.0 131.01094582617304,31.22194481921081,0.0 131.0109484510108,31.22194352985988,0.0 131.01095107744715,31.22194223969548,0.0 131.01095370379542,31.221940949545164,0.0 131.0109563300611,31.22193965940613,0.0 131.01095895631502,31.221938369243446,0.0 131.0109615848231,31.221937077944617,0.0 131.010964211044,31.22193578773877,0.0 131.0109668392442,31.221934496531308,0.0 131.01096946910695,31.221933204477384,0.0 131.01097209832025,31.22193191271201,0.0 131.0109747282995,31.221930620540068,0.0 131.01097735909372,31.22192932793724,0.0 131.01097999122322,31.2219280346478,0.0 131.01098262079432,31.221926742583864,0.0 131.0109852515251,31.22192544991924,0.0 131.010987882819,31.22192415694667,0.0 131.0109905135474,31.22192286422033,0.0 131.0109931463002,31.22192157046788,0.0 131.01099577713225,31.22192027762716,0.0 131.010998407291,31.22191898508533,0.0 131.01100104127187,31.2219176906334,0.0 131.01100367526308,31.221916396144,0.0 131.01100630756616,31.22191510245172,0.0 131.01100894173868,31.221913807808185,0.0 131.01101157633036,31.22191251292592,0.0 131.01101421168795,31.22191121763436,0.0 131.01101684798468,31.2219099218482,0.0 131.01101948496367,31.22190862569357,0.0 131.0110221208539,31.221907330040946,0.0 131.01102475721663,31.22190603412277,0.0 131.0110273938439,31.221904738041165,0.0 131.01103002941306,31.22190344244625,0.0 131.01103266499655,31.221902146810784,0.0 131.0110353052734,31.221900848833943,0.0 131.0110379418711,31.22189955263237,0.0 131.0110405793417,31.221898255967865,0.0 131.01104321849294,31.221896958443008,0.0 131.01104585698124,31.22189566121028,0.0 131.01104849546672,31.22189436394501,0.0 131.01105113258288,31.22189306731926,0.0 131.0110537704713,31.22189177027972,0.0 131.01105640958173,31.221890472605104,0.0 131.01105904661975,31.22188917591584,0.0 131.01106168437917,31.22188787883769,0.0 131.0110643241398,31.22188658074114,0.0 131.01106696419305,31.2218852824666,0.0 131.01106960202057,31.221883985252976,0.0 131.0110722400189,31.2218826879214,0.0 131.01107488025715,31.22188138945395,0.0 131.0110775209425,31.221880090732608,0.0 131.011080161305,31.221878792136227,0.0 131.0110828011264,31.22187749377228,0.0 131.01108544209245,31.22187619481144,0.0 131.01108808092357,31.221874896867323,0.0 131.01109072237475,31.22187359760048,0.0 131.01109336369584,31.221872298364083,0.0 131.01109600618284,31.221870998520565,0.0 131.01109864760636,31.221869699166948,0.0 131.01110128800687,31.22186840028341,0.0 131.01110393018715,31.22186710049097,0.0 131.01110657324236,31.221865800234912,0.0 131.01110921841632,31.22186449890331,0.0 131.01111186185406,31.221863198393145,0.0 131.01111450532974,31.221861897831552,0.0 131.0111171524438,31.22186059544696,0.0 131.01111979712806,31.22185929422545,0.0 131.01112244433332,31.221857991731014,0.0 131.0111250914342,31.221856689255628,0.0 131.01112773633275,31.22185538783178,0.0 131.01113038195595,31.221854086019288,0.0 131.01113302696345,31.22185278447787,0.0 131.01113567157958,31.221851483097225,0.0 131.01113831580852,31.221850181875475,0.0 131.0111409596543,31.22184888081073,0.0 131.01114360312087,31.22184757990121,0.0 131.0111462462121,31.22184627914512,0.0 131.0111488889317,31.221844978540783,0.0 131.01115153128336,31.22184367808651,0.0 131.01115417327054,31.221842377780728,0.0 131.01115681489668,31.221841077621896,0.0 131.01115945616507,31.221839777608515,0.0 131.01116209707882,31.221838477739176,0.0 131.01116473764102,31.22183717801252,0.0 131.0111673778545,31.22183587842725,0.0 131.01117001772204,31.22183457898212,0.0 131.01117265724628,31.221833279675987,0.0 131.01117529642968,31.221831980507726,0.0 131.01117793527465,31.221830681476323,0.0 131.01118057378335,31.221829382580783,0.0 131.01118321195787,31.221828083820206,0.0 131.01118584980014,31.221826785193773,0.0 131.01118848731198,31.221825486700684,0.0 131.011191124495,31.22182418834024,0.0 131.0111937613507,31.221822890111817,0.0 131.0111963978806,31.22182159201481,0.0 131.0111990340858,31.22182029404872,0.0 131.01120166996745,31.22181899621309,0.0 131.01120430552646,31.221817698507543,0.0 131.01120694076377,31.22181640093175,0.0 131.01120957568,31.22181510348544,0.0 131.01121221027577,31.22181380616842,0.0 131.01121484455152,31.22181250898054,0.0 131.01121747850755,31.221811211921715,0.0 131.0112201121441,31.22180991499189,0.0 131.01122274546125,31.22180861819113,0.0 131.01122537845887,31.221807321519467,0.0 131.01122801113695,31.22180602497705,0.0 131.0112306434952,31.221804728564045,0.0 131.0112332755332,31.221803432280684,0.0 131.01123590725055,31.22180213612724,0.0 131.0112385386467,31.221800840104,0.0 131.01124116972085,31.221799544211365,0.0 131.0112438004724,31.221798248449705,0.0 131.01124643090048,31.221796952819453,0.0 131.01124906100415,31.221795657321096,0.0 131.01125169078247,31.221794361955137,0.0 131.0112543202343,31.22179306672212,0.0 131.0112569493585,31.22179177162261,0.0 131.01125957815393,31.22179047665721,0.0 131.01126220661925,31.22178918182656,0.0 131.01126483475315,31.22178788713129,0.0 131.0112674625543,31.2217865925721,0.0 131.01127009002118,31.221785298149666,0.0 131.01127271715237,31.2217840038647,0.0 131.01127534394635,31.22178270971796,0.0 131.01127797040155,31.221781415710147,0.0 131.01128059651643,31.22178012184205,0.0 131.0112832222893,31.22177882811443,0.0 131.01128584771865,31.221777534528066,0.0 131.0112884728027,31.22177624108373,0.0 131.01129109753987,31.221774947782208,0.0 131.01129372192844,31.221773654624307,0.0 131.0112963459667,31.221772361610807,0.0 131.011298969653,31.22177106874251,0.0 131.01130159298566,31.221769776020185,0.0 131.01130421596298,31.22176848344462,0.0 131.01130683858327,31.221767191016607,0.0 131.01130946084484,31.221765898736887,0.0 131.01131208274612,31.22176460660626,0.0 131.0113147042854,31.22176331462544,0.0 131.0113173254611,31.221762022795183,0.0 131.01131994627167,31.22176073111621,0.0 131.01132256671548,31.22175943958922,0.0 131.01132518679103,31.22175814821492,0.0 131.01132780649692,31.221756856993977,0.0 131.01133042583152,31.221755565927047,0.0 131.01133304479356,31.22175427501476,0.0 131.01133566338157,31.22175298425775,0.0 131.01133828159428,31.221751693656586,0.0 131.01134089943037,31.221750403211857,0.0 131.01134351688856,31.221749112924098,0.0 131.01134613396775,31.221747822793823,0.0 131.01134875066677,31.221746532821545,0.0 131.0113513669845,31.221745243007724,0.0 131.01135398291996,31.221743953352792,0.0 131.01135659847216,31.22174266385717,0.0 131.0113592136402,31.221741374521248,0.0 131.0113618284232,31.221740085345367,0.0 131.0113644428203,31.221738796329863,0.0 131.011367056831,31.22173750747504,0.0 131.01136967045443,31.22173621878116,0.0 131.01137228369004,31.221734930248445,0.0 131.01137489653726,31.221733641877115,0.0 131.01137750899562,31.221732353667345,0.0 131.0113801210648,31.22173106561928,0.0 131.01138273274435,31.221729777733024,0.0 131.011385344034,31.221728490008665,0.0 131.01138795493358,31.22172720244625,0.0 131.01139056544295,31.22172591504581,0.0 131.01139317556195,31.22172462780732,0.0 131.01139578529063,31.221723340730748,0.0 131.01139839462903,31.221722053816016,0.0 131.01140100357722,31.221720767063022,0.0 131.01140361213544,31.22171948047164,0.0 131.01140622030383,31.22171819404169,0.0 131.0114088280828,31.221716907773008,0.0 131.01141143547267,31.22171562166536,0.0 131.01141404247383,31.221714335718502,0.0 131.01141664908684,31.22171304993214,0.0 131.01141925531215,31.221711764305983,0.0 131.01142186115052,31.22171047883971,0.0 131.01142446660245,31.22170919353294,0.0 131.01142707166875,31.221707908385326,0.0 131.0114296763502,31.22170662339642,0.0 131.01143228064757,31.221705338565805,0.0 131.01143488456177,31.221704053893035,0.0 131.01143748809375,31.22170276937761,0.0 131.01144009124448,31.221701485019054,0.0 131.01144269401496,31.22170020081681,0.0 131.01144529640635,31.221698916770364,0.0 131.0114478984197,31.22169763287914,0.0 131.01145050005618,31.22169634914254,0.0 131.0114531013171,31.221695065559967,0.0 131.01145570220356,31.2216937821308,0.0 131.011458302717,31.2216924988544,0.0 131.0114609028586,31.22169121573013,0.0 131.01146350262988,31.22168993275727,0.0 131.0114661020322,31.221688649935142,0.0 131.011468701067,31.221687367263048,0.0 131.01147129973577,31.22168608474025,0.0 131.01147389804,31.22168480236604,0.0 131.01147649598127,31.22168352013964,0.0 131.0114790935611,31.22168223806033,0.0 131.01148169078107,31.22168095612731,0.0 131.0114842876428,31.221679674339825,0.0 131.01148688414793,31.221678392697093,0.0 131.01148948029808,31.22167711119832,0.0 131.01149207609492,31.221675829842702,0.0 131.0114946715401,31.221674548629466,0.0 131.0114972666354,31.22167326755777,0.0 131.01149986138245,31.221671986626816,0.0 131.01150245578296,31.22167070583579,0.0 131.01150504983863,31.221669425183887,0.0 131.01150764355128,31.22166814467026,0.0 131.0115102369226,31.221666864294104,0.0 131.01151282995428,31.2216655840546,0.0 131.01151542264813,31.22166430395091,0.0 131.01151801500586,31.22166302398223,0.0 131.01152060702924,31.22166174414773,0.0 131.01152319871997,31.221660464446607,0.0 131.0115257900798,31.221659184878035,0.0 131.0115283811105,31.221657905441194,0.0 131.01153097181378,31.221656626135296,0.0 131.01153356219135,31.22165534695952,0.0 131.01153615224496,31.22165406791307,0.0 131.01153874197624,31.221652788995165,0.0 131.01154133138695,31.221651510205003,0.0 131.01154392047874,31.22165023154181,0.0 131.01154650925332,31.221648953004824,0.0 131.0115490977123,31.22164767459326,0.0 131.0115516858573,31.22164639630637,0.0 131.01155427369005,31.2216451181434,0.0 131.01155686121203,31.22164384010361,0.0 131.01155944842495,31.22164256218628,0.0 131.01156203533034,31.221641284390664,0.0 131.01156462192972,31.221640006716065,0.0 131.01156720822465,31.221638729161786,0.0 131.01156979421663,31.22163745172712,0.0 131.0115723799072,31.221636174411383,0.0 131.01157496529777,31.221634897213928,0.0 131.01157755038983,31.22163362013408,0.0 131.01158013518474,31.2216323431712,0.0 131.011582719684,31.22163106632464,0.0 131.01158530388895,31.22162978959376,0.0 131.01158788780094,31.221628512977983,0.0 131.01159047142127,31.22162723647669,0.0 131.0115930547513,31.22162596008929,0.0 131.01159563779228,31.221624683815232,0.0 131.0115982205455,31.22162340765391,0.0 131.01160080301207,31.2216221316048,0.0 131.01160338519327,31.22162085566736,0.0 131.0116059670904,31.22161957984106,0.0 131.01160854870443,31.221618304125386,0.0 131.01161113003653,31.22161702851984,0.0 131.0116137110878,31.221615753023936,0.0 131.01161629185938,31.2216144776372,0.0 131.01161887235224,31.221613202359144,0.0 131.01162145256745,31.221611927189336,0.0 131.01162403250592,31.221610652127342,0.0 131.01162661216867,31.22160937717272,0.0 131.01162919155664,31.221608102325074,0.0 131.01163177067073,31.221606827583983,0.0 131.0116343495119,31.22160555294908,0.0 131.01163692808092,31.221604278419942,0.0 131.01163950637863,31.221603003996247,0.0 131.0116420844059,31.221601729677616,0.0 131.01164466216355,31.221600455463715,0.0 131.01164723965223,31.22159918135419,0.0 131.01164981687276,31.22159790734875,0.0 131.01165239382587,31.221596633447056,0.0 131.0116549705122,31.22159535964881,0.0 131.01165754693244,31.22159408595373,0.0 131.01166012308727,31.221592812361514,0.0 131.0116626989773,31.221591538871923,0.0 131.01166527460313,31.22159026548468,0.0 131.0116678499653,31.22158899219953,0.0 131.01167042506447,31.221587719016217,0.0 131.01167299990118,31.22158644593452,0.0 131.0116755744759,31.221585172954214,0.0 131.01167814878914,31.221583900075085,0.0 131.0116807228414,31.2215826272969,0.0 131.01168329663318,31.22158135461948,0.0 131.01168587016488,31.221580082042603,0.0 131.011688443437,31.22157880956612,0.0 131.01169101644993,31.22157753718981,0.0 131.0116935892041,31.221576264913534,0.0 131.01169616169983,31.22157499273709,0.0 131.01169873393755,31.221573720660345,0.0 131.01170130591768,31.22157244868312,0.0 131.01170387764049,31.221571176805263,0.0 131.01170644910633,31.22156990502665,0.0 131.01170902031552,31.22156863334713,0.0 131.0117115912684,31.22156736176656,0.0 131.01171416196527,31.2215660902848,0.0 131.0117167324064,31.221564818901733,0.0 131.01171930259207,31.22156354761724,0.0 131.0117218725226,31.22156227643119,0.0 131.01172444219827,31.221561005343467,0.0 131.01172701161923,31.221559734353963,0.0 131.01172958078584,31.221558463462543,0.0 131.01173214969828,31.221557192669128,0.0 131.0117347183568,31.22155592197359,0.0 131.0117372867616,31.221554651375826,0.0 131.01173985491306,31.22155338087572,0.0 131.01174242281118,31.22155211047319,0.0 131.01174499045635,31.22155084016812,0.0 131.0117475578487,31.22154956996041,0.0 131.01175012498845,31.22154829984996,0.0 131.01175269187584,31.221547029836664,0.0 131.01175525851107,31.221545759920428,0.0 131.01175782489432,31.221544490101145,0.0 131.01176039102583,31.22154322037872,0.0 131.01176295690576,31.22154195075304,0.0 131.01176552253435,31.22154068122402,0.0 131.01176808791175,31.22153941179153,0.0 131.01177065303827,31.221538142455497,0.0 131.011773217914,31.221536873215783,0.0 131.01177578253925,31.221535604072304,0.0 131.01177834691413,31.221534335024938,0.0 131.01178091103887,31.22153306607357,0.0 131.0117834749138,31.221531797218105,0.0 131.011786038539,31.2215305284584,0.0 131.01178860191476,31.22152925979436,0.0 131.01179116504127,31.22152799122585,0.0 131.0117937279188,31.221526722752767,0.0 131.01179629054752,31.22152545437496,0.0 131.0117988529277,31.22152418609232,0.0 131.01180141505964,31.221522917904696,0.0 131.01180397694347,31.221521649811965,0.0 131.01180653857955,31.221520381813992,0.0 131.01180909996805,31.221519113910624,0.0 131.01181166110928,31.22151784610174,0.0 131.0118142220035,31.22151657838716,0.0 131.011816782651,31.22151531076676,0.0 131.01181934305205,31.221514043240365,0.0 131.0118219032069,31.221512775807827,0.0 131.01182446311591,31.221511508468986,0.0 131.01182702277936,31.22151024122368,0.0 131.01182958219752,31.22150897407172,0.0 131.01183214137072,31.221507707012943,0.0 131.01183470029935,31.22150644004717,0.0 131.0118372589836,31.22150517317424,0.0 131.01183981742395,31.221503906393945,0.0 131.01184237562063,31.22150263970611,0.0 131.01184493357405,31.221501373110527,0.0 131.01184749128456,31.22150010660702,0.0 131.01185004875248,31.221498840195387,0.0 131.01185260597825,31.22149757387542,0.0 131.01185516296215,31.22149630764691,0.0 131.0118577197047,31.22149504150964,0.0 131.01186027620616,31.221493775463426,0.0 131.011862832467,31.221492509508018,0.0 131.0118653884876,31.22149124364321,0.0 131.01186794426835,31.22148997786879,0.0 131.0118704998097,31.22148871218451,0.0 131.01187305511206,31.221487446590164,0.0 131.01187561017585,31.221486181085496,0.0 131.01187816500155,31.22148491567028,0.0 131.01188071958953,31.22148365034429,0.0 131.01188327394027,31.221482385107265,0.0 131.01188582805423,31.221481119958973,0.0 131.01188838193184,31.22147985489916,0.0 131.0118909355736,31.221478589927585,0.0 131.01189348897995,31.221477325044,0.0 131.01189604215136,31.221476060248136,0.0 131.01189859508833,31.22147479553976,0.0 131.0119011477913,31.22147353091859,0.0 131.01190370026077,31.221472266384385,0.0 131.01190625249723,31.221471001936887,0.0 131.0119088045012,31.221469737575827,0.0 131.01191135627312,31.221468473300938,0.0 131.01191390781352,31.221467209111964,0.0 131.01191645912283,31.22146594500864,0.0 131.01191901020167,31.221464680990703,0.0 131.01192156105043,31.22146341705788,0.0 131.0119241116697,31.221462153209902,0.0 131.01192666205995,31.221460889446515,0.0 131.01192921222167,31.22145962576744,0.0 131.0119317621554,31.22145836217241,0.0 131.01193431186158,31.22145709866117,0.0 131.0119368613408,31.22145583523345,0.0 131.01193941059347,31.221454571888984,0.0 131.0119419596202,31.22145330862749,0.0 131.0119445084214,31.221452045448743,0.0 131.01194705699763,31.221450782352456,0.0 131.01194960534937,31.221449519338368,0.0 131.01195215347707,31.221448256406223,0.0 131.01195470138134,31.22144699355576,0.0 131.01195724906256,31.22144573078674,0.0 131.01195979652127,31.2214444680989,0.0 131.01196234375792,31.221443205491983,0.0 131.01196489077304,31.221441942965743,0.0 131.01196743756702,31.22144068051995,0.0 131.01196998414042,31.22143941815435,0.0 131.0119725304937,31.221438155868704,0.0 131.01197507662718,31.22143689366278,0.0 131.01197762254148,31.221435631536348,0.0 131.01198016823696,31.221434369489177,0.0 131.01198271371408,31.221433107521047,0.0 131.0119852589732,31.221431845631745,0.0 131.01198780401486,31.22143058382104,0.0 131.0119903488394,31.221429322088728,0.0 131.01199289344729,31.221428060434626,0.0 131.0119954378388,31.221426798858506,0.0 131.01199798201446,31.22142553736017,0.0 131.01200052597454,31.221424275939448,0.0 131.01200306971947,31.22142301459615,0.0 131.01200561324956,31.22142175333009,0.0 131.01200815656517,31.221420492141103,0.0 131.01201069966666,31.22141923102902,0.0 131.01201324255433,31.22141796999369,0.0 131.01201578522847,31.221416709034955,0.0 131.01201832768945,31.221415448152666,0.0 131.01202086993743,31.22141418734668,0.0 131.01202341197285,31.221412926616868,0.0 131.0120259537958,31.22141166596312,0.0 131.01202849540667,31.22141040538529,0.0 131.01203103680558,31.22140914488329,0.0 131.0120335779928,31.221407884457,0.0 131.01203611896852,31.221406624106343,0.0 131.01203865973292,31.22140536383122,0.0 131.0120412002862,31.22140410363156,0.0 131.01204374062849,31.22140284350728,0.0 131.01204628075996,31.22140158345833,0.0 131.01204882068072,31.221400323484666,0.0 131.01205136039084,31.22139906358621,0.0 131.01205389989047,31.22139780376297,0.0 131.01205643917964,31.221396544014887,0.0 131.01205897825847,31.22139528434196,0.0 131.0120615171269,31.22139402474416,0.0 131.0120640557851,31.221392765221506,0.0 131.01206659423292,31.221391505774,0.0 131.01206913247043,31.221390246401665,0.0 131.0120716704976,31.22138898710452,0.0 131.01207420831443,31.22138772788261,0.0 131.01207674592075,31.221386468736,0.0 131.01207928331647,31.22138520966472,0.0 131.0120818205016,31.22138395066884,0.0 131.01208435747597,31.221382691748456,0.0 131.0120868942394,31.221381432903648,0.0 131.01208943079175,31.22138017413452,0.0 131.0120919671328,31.22137891544116,0.0 131.0120945032625,31.221377656823687,0.0 131.01209703918045,31.22137639828224,0.0 131.01209957488652,31.22137513981695,0.0 131.01210211038045,31.221373881427976,0.0 131.0121046456619,31.22137262311546,0.0 131.01210718073065,31.22137136487958,0.0 131.01210971558635,31.221370106720503,0.0 131.01211225022868,31.221368848638424,0.0 131.01211478465729,31.22136759063354,0.0 131.01211731887173,31.22136633270607,0.0 131.0121198528717,31.2213650748562,0.0 131.01212238665684,31.221363817084185,0.0 131.0121249202266,31.221362559390247,0.0 131.01212745358055,31.22136130177465,0.0 131.01212998671832,31.22136004423763,0.0 131.01213251963932,31.221358786779465,0.0 131.01213505234307,31.22135752940043,0.0 131.0121375848291,31.221356272100813,0.0 131.01214011709683,31.221355014880896,0.0 131.01214264914572,31.221353757741007,0.0 131.01214518097515,31.22135250068144,0.0 131.01214771258455,31.22135124370251,0.0 131.0121502439733,31.221349986804565,0.0 131.01215277514083,31.221348729987945,0.0 131.01215530608647,31.221347473252976,0.0 131.0121578368095,31.221346216600047,0.0 131.0121603673093,31.221344960029505,0.0 131.01216289758517,31.22134370354173,0.0 131.01216542763635,31.221342447137104,0.0 131.0121679574622,31.221341190816,0.0 131.01217048706195,31.221339934578832,0.0 131.0121730164348,31.221338678426,0.0 131.01217554558002,31.2213374223579,0.0 131.01217807449683,31.221336166374986,0.0 131.01218060318445,31.22133491047765,0.0 131.012183131642,31.22133365466633,0.0 131.01218565986875,31.221332398941488,0.0 131.01218818786387,31.221331143303537,0.0 131.0121907156264,31.221329887752937,0.0 131.0121932431556,31.22132863229016,0.0 131.01219577045055,31.22132737691564,0.0 131.01219829751042,31.221326121629847,0.0 131.01220082433423,31.221324866433275,0.0 131.0122033509212,31.221323611326376,0.0 131.01220587727036,31.22132235630964,0.0 131.0122084033808,31.221321101383538,0.0 131.01221092925164,31.22131984654858,0.0 131.01221345488193,31.221318591805243,0.0 131.01221598027072,31.22131733715401,0.0 131.01221850541708,31.221316082595383,0.0 131.0122210303201,31.221314828129888,0.0 131.0122235549788,31.22131357375798,0.0 131.01222607939224,31.2213123194802,0.0 131.0122286035595,31.221311065297023,0.0 131.0122311274795,31.221309811208968,0.0 131.01223365115146,31.221308557216545,0.0 131.01223617457427,31.22130730332025,0.0 131.0122386977471,31.221306049520592,0.0 131.01224122066887,31.22130479581808,0.0 131.01224374333867,31.221303542213214,0.0 131.01224626575555,31.221302288706507,0.0 131.01224878791857,31.22130103529844,0.0 131.01225130982672,31.221299781989547,0.0 131.0122538314791,31.22129852878029,0.0 131.01225635287477,31.22129727567121,0.0 131.01225887401273,31.22129602266276,0.0 131.0122613948921,31.22129476975545,0.0 131.01226391551197,31.221293516949768,0.0 131.0122664358713,31.221292264246188,0.0 131.01226895596935,31.22129101164519,0.0 131.0122714758051,31.221289759147258,0.0 131.01227399537768,31.221288506752856,0.0 131.0122765146862,31.22128725446245,0.0 131.0122790337298,31.22128600227648,0.0 131.01228155250763,31.221284750195423,0.0 131.01228407101877,31.22128349821972,0.0 131.01228658926243,31.2212822463498,0.0 131.01228910723782,31.221280994586103,0.0 131.01229162494403,31.22127974292905,0.0 131.01229414238037,31.22127849137906,0.0 131.012296659546,31.221277239936537,0.0 131.0122991764401,31.22127598860188,0.0 131.01230169306208,31.22127473737548,0.0 131.01230420941107,31.221273486257715,0.0 131.0123067254864,31.221272235248968,0.0 131.01230924128737,31.22127098434959,0.0 131.01231175681332,31.221269733559943,0.0 131.01231427206355,31.221268482880365,0.0 131.01231678703752,31.22126723231118,0.0 131.01231930173452,31.22126598185272,0.0 131.012321816154,31.22126473150528,0.0 131.01232433029534,31.221263481269165,0.0 131.01232684415808,31.221262231144657,0.0 131.01232935774163,31.221260981132023,0.0 131.01233187104552,31.221259731231545,0.0 131.01233438406922,31.22125848144344,0.0 131.01233689681231,31.221257231767968,0.0 131.0123394092744,31.221255982205328,0.0 131.01234192145506,31.22125473275576,0.0 131.0123444333539,31.221253483419417,0.0 131.01234694497057,31.22125223419652,0.0 131.01234945630472,31.221250985087213,0.0 131.01235196735607,31.221249736091654,0.0 131.01235447812442,31.221248487209984,0.0 131.01235698860944,31.221247238442324,0.0 131.01235949881095,31.22124598978879,0.0 131.01236200872873,31.22124474124948,0.0 131.01236451836263,31.22124349282448,0.0 131.0123670277126,31.221242244513835,0.0 131.01236953677838,31.22124099631761,0.0 131.01237204556003,31.221239748235856,0.0 131.01237455405743,31.221238500268583,0.0 131.01237706227056,31.2212372524158,0.0 131.01237957019947,31.221236004677497,0.0 131.01238207784417,31.22123475705365,0.0 131.0123845852047,31.221233509544245,0.0 131.0123870922812,31.2212322621492,0.0 131.01238959907377,31.22123101486848,0.0 131.01239210558256,31.22122976770198,0.0 131.01239461180776,31.221228520649625,0.0 131.01239711774954,31.221227273711296,0.0 131.01239962340813,31.22122602688688,0.0 131.0124021287838,31.221224780176232,0.0 131.01240463387688,31.2212235335792,0.0 131.0124071386876,31.22122228709563,0.0 131.01240964321633,31.221221040725343,0.0 131.01241214746344,31.221219794468148,0.0 131.01241465142928,31.22121854832383,0.0 131.01241715511432,31.2212173022922,0.0 131.01241965851892,31.221216056373,0.0 131.01242216164357,31.221214810566018,0.0 131.01242466448875,31.221213564870983,0.0 131.01242716705497,31.22121231928765,0.0 131.0124296693427,31.22121107381574,0.0 131.01243217135257,31.221209828454967,0.0 131.01243467308504,31.22120858320504,0.0 131.01243717454076,31.221207338065653,0.0 131.01243967572023,31.22120609303649,0.0 131.0124421766242,31.22120484811724,0.0 131.01244467725317,31.221203603307583,0.0 131.01244717760787,31.221202358607165,0.0 131.01244967768892,31.22120111401565,0.0 131.01245217749698,31.221199869532672,0.0 131.0124546770327,31.221198625157903,0.0 131.0124571762969,31.22119738089095,0.0 131.01245967529013,31.221196136731468,0.0 131.01246217401317,31.22119489267908,0.0 131.0124646724667,31.22119364873341,0.0 131.01246717065155,31.221192404894087,0.0 131.01246966856834,31.221191161160714,0.0 131.01247216621783,31.22118991753292,0.0 131.01247466360076,31.22118867401032,0.0 131.01247716071785,31.22118743059252,0.0 131.01247965756983,31.22118618727915,0.0 131.01248215415748,31.22118494406981,0.0 131.01248465048147,31.22118370096414,0.0 131.01248714654258,31.22118245796175,0.0 131.01248964234148,31.22118121506225,0.0 131.0124921378789,31.221179972265297,0.0 131.01249463315554,31.2211787295705,0.0 131.0124971281721,31.221177486977503,0.0 131.01249962292928,31.22117624448595,0.0 131.0125021174277,31.22117500209549,0.0 131.01250461166805,31.221173759805783,0.0 131.01250710565097,31.22117251761649,0.0 131.01250959937704,31.221171275527297,0.0 131.01251209284692,31.22117003353788,0.0 131.01251458606112,31.22116879164794,0.0 131.01251707902023,31.22116754985718,0.0 131.01251957172482,31.221166308165326,0.0 131.0125220641754,31.2211650665721,0.0 131.01252455637237,31.221163825077262,0.0 131.01252704831623,31.221162583680574,0.0 131.01252954000745,31.2211613423818,0.0 131.01253203144637,31.221160101180725,0.0 131.01253452263336,31.22115886007717,0.0 131.0125370135688,31.221157619070976,0.0 131.01253950425289,31.22115637816197,0.0 131.01254199468596,31.22115513735002,0.0 131.0125444848682,31.221153896635,0.0 131.0125469747998,31.22115265601684,0.0 131.0125494644809,31.221151415495427,0.0 131.0125519539116,31.22115017507072,0.0 131.01255444309194,31.2211489347427,0.0 131.012556932022,31.22114769451136,0.0 131.01255942070162,31.2211464543767,0.0 131.01256190913082,31.221145214338765,0.0 131.01256439730943,31.221143974397627,0.0 131.01256688523728,31.22114273455336,0.0 131.01256937291416,31.22114149480608,0.0 131.0125718603398,31.22114025515592,0.0 131.01257434751383,31.22113901560306,0.0 131.01257683443592,31.221137776147696,0.0 131.0125793211056,31.22113653679003,0.0 131.01258180752245,31.221135297530328,0.0 131.01258429368585,31.22113405836886,0.0 131.01258677959527,31.22113281930593,0.0 131.01258926525003,31.22113158034188,0.0 131.01259175064945,31.221130341477053,0.0 131.01259423579273,31.221129102711863,0.0 131.01259672067908,31.22112786404671,0.0 131.01259920530762,31.22112662548206,0.0 131.01260168967747,31.22112538701837,0.0 131.0126041737875,31.221124148656184,0.0 131.0126066576369,31.221122910396,0.0 131.0126091412244,31.22112167223839,0.0 131.01261162454895,31.221120434183945,0.0 131.01261410760932,31.22111919623328,0.0 131.0126165904043,31.22111795838704,0.0 131.01261907293252,31.221116720645902,0.0 131.01262155519265,31.221115483010585,0.0 131.0126240371833,31.221114245481807,0.0 131.01262651890295,31.221113008060325,0.0 131.0126290003501,31.22111177074694,0.0 131.01263148152316,31.22111053354247,0.0 131.01263396242047,31.221109296447743,0.0 131.01263644304044,31.221108059463656,0.0 131.01263892338125,31.22110682259108,0.0 131.01264140344117,31.22110558583096,0.0 131.01264388321837,31.2211043491842,0.0 131.01264636271097,31.2211031126518,0.0 131.01264884191704,31.221101876234744,0.0 131.01265132083466,31.221100639934047,0.0 131.0126537994618,31.22109940375075,0.0 131.01265627779642,31.221098167685888,0.0 131.01265875583647,31.22109693174057,0.0 131.01266123357982,31.221095695915867,0.0 131.01266371102432,31.221094460212903,0.0 131.0126661881678,31.2210932246328,0.0 131.01266866500802,31.221091989176703,0.0 131.0126711415428,31.22109075384577,0.0 131.01267361776982,31.2210895186412,0.0 131.01267609368685,31.221088283564136,0.0 131.01267856929152,31.221087048615807,0.0 131.01268104458157,31.22108581379741,0.0 131.01268351955463,31.22108457911017,0.0 131.01268599420828,31.22108334455529,0.0 131.01268846854026,31.221082110134,0.0 131.01269094254815,31.22108087584754,0.0 131.01269341622955,31.221079641697152,0.0 131.0126958895821,31.221078407684065,0.0 131.0126983626034,31.221077173809515,0.0 131.01270083529107,31.22107594007475,0.0 131.0127033076428,31.22107470648099,0.0 131.01270577965613,31.22107347302947,0.0 131.01270825132875,31.2210722397214,0.0 131.01271072265834,31.221071006558013,0.0 131.01271319364258,31.221069773540503,0.0 131.0127156642791,31.22106854067009,0.0 131.01271813456572,31.221067307947926,0.0 131.0127206045001,31.221066075375205,0.0 131.0127230740801,31.221064842953066,0.0 131.01272554330347,31.22106361068265,0.0 131.0127280121681,31.22106237856508,0.0 131.01273048067188,31.221061146601453,0.0 131.01273294881275,31.22105991479286,0.0 131.01273541658864,31.221058683140328,0.0 131.0127378839976,31.221057451644903,0.0 131.0127403510377,31.2210562203076,0.0 131.0127428177071,31.221054989129367,0.0 131.012745284004,31.22105375811117,0.0 131.0127477499266,31.22105252725392,0.0 131.0127502154732,31.221051296558485,0.0 131.01275268064225,31.221050066025736,0.0 131.01275514543212,31.22104883565648,0.0 131.0127576098414,31.221047605451496,0.0 131.01276007386855,31.22104637541152,0.0 131.0127625375124,31.221045145537254,0.0 131.0127650007716,31.22104391582936,0.0 131.01276746364493,31.221042686288456,0.0 131.01276992613137,31.221041456915124,0.0 131.01277238822988,31.22104022770989,0.0 131.01277484993955,31.22103899867327,0.0 131.01277731125955,31.22103776980568,0.0 131.0127797721891,31.22103654110752,0.0 131.01278223272757,31.221035312579144,0.0 131.01278469287436,31.221034084220875,0.0 131.012787152629,31.22103285603293,0.0 131.01278961199122,31.221031628015545,0.0 131.0127920709606,31.221030400168864,0.0 131.01279452953705,31.221029172493,0.0 131.01279698772046,31.221027944988005,0.0 131.01279944551084,31.221026717653874,0.0 131.0128019029083,31.22102549049057,0.0 131.0128043599131,31.221024263498,0.0 131.0128068165255,31.221023036676005,0.0 131.01280927274593,31.221021810024386,0.0 131.0128117285749,31.221020583542888,0.0 131.01281418401297,31.22101935723123,0.0 131.01281663906093,31.22101813108905,0.0 131.01281909371951,31.221016905115928,0.0 131.0128215479897,31.221015679311435,0.0 131.01282400187233,31.22101445367507,0.0 131.01282645536867,31.221013228206264,0.0 131.01282890847975,31.22101200290445,0.0 131.0128313612069,31.22101077776896,0.0 131.0128338135515,31.221009552799128,0.0 131.01283626551495,31.221008327994216,0.0 131.0128387170988,31.22100710335344,0.0 131.0128411683046,31.221005878875985,0.0 131.0128436191341,31.221004654561,0.0 131.012846069589,31.221003430407585,0.0 131.0128485196711,31.2210022064148,0.0 131.01285096938244,31.221000982581685,0.0 131.01285341872483,31.22099975890724,0.0 131.01285586770044,31.220998535390407,0.0 131.0128583163112,31.220997312030125,0.0 131.01286076455935,31.22099608882531,0.0 131.01286321244703,31.220994865774845,0.0 131.01286565997654,31.22099364287756,0.0 131.01286810715013,31.22099242013231,0.0 131.01287055397006,31.220991197537888,0.0 131.01287300043873,31.2209899750931,0.0 131.01287544655852,31.22098875279672,0.0 131.01287789233183,31.22098753064752,0.0 131.01288033776106,31.22098630864426,0.0 131.01288278284864,31.22098508678568,0.0 131.01288522759705,31.22098386507052,0.0 131.01288767200873,31.22098264349756,0.0 131.01289011608603,31.22098142206549,0.0 131.01289255983153,31.220980200773088,0.0 131.0128950032475,31.22097897961912,0.0 131.01289744633652,31.220977758602324,0.0 131.01289988910082,31.220976537721484,0.0 131.0129023315428,31.220975316975395,0.0 131.01290477366476,31.22097409636285,0.0 131.012907215469,31.22097287588269,0.0 131.01290965695776,31.220971655533766,0.0 131.01291209813317,31.220970435314943,0.0 131.01291453899736,31.220969215225136,0.0 131.0129169795524,31.220967995263297,0.0 131.01291941980034,31.22096677542837,0.0 131.01292185974296,31.220965555719392,0.0 131.0129242993822,31.2209643361354,0.0 131.01292673871976,31.22096311667549,0.0 131.01292917775734,31.220961897338807,0.0 131.01293161649647,31.22096067812454,0.0 131.01293405493865,31.220959459031924,0.0 131.01293649308522,31.22095824006024,0.0 131.0129389309375,31.220957021208857,0.0 131.01294136849654,31.22095580247716,0.0 131.01294380576343,31.220954583864625,0.0 131.0129462427391,31.22095336537077,0.0 131.01294867942428,31.220952146995195,0.0 131.01295111581965,31.220950928737548,0.0 131.01295355192573,31.22094971059756,0.0 131.0129559877429,31.22094849257501,0.0 131.01295842327147,31.2209472746698,0.0 131.0129608585114,31.220946056881832,0.0 131.01296329346283,31.22094483921112,0.0 131.0129657281255,31.22094362165775,0.0 131.01296816249908,31.220942404221898,0.0 131.0129705965831,31.2209411869038,0.0 131.01297303037697,31.22093996970373,0.0 131.01297546387983,31.220938752622143,0.0 131.01297789709088,31.220937535659463,0.0 131.01298033000896,31.220936318816268,0.0 131.0129827626328,31.220935102093165,0.0 131.01298519496112,31.220933885490872,0.0 131.01298762699233,31.22093266901016,0.0 131.0129900587247,31.2209314526519,0.0 131.0129924901565,31.22093023641704,0.0 131.01299492128567,31.220929020306567,0.0 131.01299735211015,31.220927804321608,0.0 131.0129997826276,31.220926588463296,0.0 131.01300221283563,31.22092537273288,0.0 131.0130046427317,31.220924157131662,0.0 131.01300707231312,31.220922941661023,0.0 131.0130095015771,31.220921726322423,0.0 131.01301193052066,31.22092051111734,0.0 131.01301435914073,31.22091929604737,0.0 131.01301678743417,31.220918081114142,0.0 131.01301921539772,31.22091686631936,0.0 131.01302164302788,31.22091565166476,0.0 131.01302407032122,31.22091443715213,0.0 131.01302649727407,31.22091322278336,0.0 131.01302892388284,31.22091200856033,0.0 131.0130313501437,31.22091079448497,0.0 131.01303377605277,31.22090958055928,0.0 131.01303620160618,31.220908366785263,0.0 131.01303862679995,31.22090715316499,0.0 131.01304105163004,31.22090593970053,0.0 131.01304347609232,31.220904726394,0.0 131.01304590018268,31.220903513247503,0.0 131.01304832389698,31.220902300263194,0.0 131.0130507472311,31.22090108744324,0.0 131.0130531701807,31.2208998747898,0.0 131.01305559274172,31.22089866230501,0.0 131.01305801490992,31.220897449991096,0.0 131.01306043668103,31.22089623785019,0.0 131.013062858051,31.22089502588444,0.0 131.01306527901562,31.22089381409599,0.0 131.01306769957085,31.22089260248696,0.0 131.01307011971252,31.220891391059457,0.0 131.0130725394367,31.220890179815548,0.0 131.01307495873948,31.22088896875726,0.0 131.01307737761695,31.2208877578866,0.0 131.01307979606534,31.22088654720552,0.0 131.01308221408095,31.22088533671595,0.0 131.01308463166015,31.22088412641974,0.0 131.01308704879955,31.2208829163187,0.0 131.0130894654957,31.22088170641458,0.0 131.01309188174537,31.220880496709075,0.0 131.01309429754542,31.2208792872038,0.0 131.01309671289286,31.220878077900288,0.0 131.01309912778493,31.22087686880004,0.0 131.01310154221886,31.220875659904447,0.0 131.0131039561922,31.220874451214808,0.0 131.0131063697025,31.220873242732367,0.0 131.0131087827477,31.22087203445826,0.0 131.01311119532568,31.220870826393536,0.0 131.0131136074347,31.22086961853916,0.0 131.01311601907304,31.22086841089598,0.0 131.01311843023933,31.220867203464767,0.0 131.0131208409323,31.22086599624617,0.0 131.0131232511509,31.22086478924077,0.0 131.01312566089425,31.220863582449,0.0 131.01312807016174,31.22086237587122,0.0 131.01313047895297,31.220861169507653,0.0 131.01313288726763,31.220859963358453,0.0 131.01313529510577,31.220858757423628,0.0 131.0131377024676,31.22085755170311,0.0 131.01314010935354,31.220856346196687,0.0 131.01314251576417,31.22085514090408,0.0 131.0131449217003,31.22085393582488,0.0 131.013147327163,31.22085273095855,0.0 131.01314973215355,31.22085152630448,0.0 131.0131521366733,31.220850321861963,0.0 131.01315454072397,31.220849117630145,0.0 131.01315694430738,31.22084791360811,0.0 131.01315934742553,31.220846709794824,0.0 131.01316175008063,31.22084550618918,0.0 131.01316415227518,31.22084430278996,0.0 131.0131665540116,31.22084309959583,0.0 131.0131689552927,31.220841896605435,0.0 131.01317135612135,31.220840693817284,0.0 131.01317375650063,31.220839491229835,0.0 131.01317615643367,31.22083828884145,0.0 131.0131785559238,31.220837086650423,0.0 131.01318095497453,31.22083588465503,0.0 131.0131833535894,31.22083468285341,0.0 131.01318575177203,31.220833481243726,0.0 131.0131881495262,31.220832279824016,0.0 131.01319054685578,31.22083107859233,0.0 131.01319294376466,31.22082987754665,0.0 131.01319534025683,31.22082867668495,0.0 131.0131977363364,31.22082747600515,0.0 131.01320013200728,31.220826275505168,0.0 131.01320252727368,31.22082507518291,0.0 131.01320492213966,31.220823875036263,0.0 131.0132073166093,31.220822675063125,0.0 131.01320971068682,31.2208214752614,0.0 131.01321210437612,31.220820275628984,0.0 131.0132144976813,31.220819076163824,0.0 131.01321689060632,31.220817876863865,0.0 131.01321928315508,31.220816677727107,0.0 131.01322167533144,31.220815478751568,0.0 131.0132240671391,31.220814279935336,0.0 131.01322645858173,31.220813081276543,0.0 131.01322884966277,31.22081188277337,0.0 131.01323124038572,31.220810684424062,0.0 131.01323363075372,31.22080948622696,0.0 131.0132360207699,31.220808288180475,0.0 131.01323841043725,31.220807090283067,0.0 131.01324079975842,31.22080589253335,0.0 131.01324318873603,31.220804694929967,0.0 131.01324557737243,31.220803497471703,0.0 131.0132479656698,31.22080230015744,0.0 131.01325035363013,31.220801102986155,0.0 131.01325274125503,31.220799905956977,0.0 131.01325512854606,31.22079870906911,0.0 131.01325751550442,31.22079751232192,0.0 131.01325990213118,31.220796315714868,0.0 131.01326228842703,31.220795119247576,0.0 131.0132646743925,31.22079392291976,0.0 131.01326706002777,31.220792726731307,0.0 131.0132694453328,31.22079153068223,0.0 131.0132718303073,31.22079033477268,0.0 131.01327421495068,31.22078913900293,0.0 131.01327659926204,31.22078794337345,0.0 131.01327898324027,31.220786747884784,0.0 131.01328136688392,31.220785552537663,0.0 131.0132837501913,31.220784357332946,0.0 131.01328613316053,31.220783162271623,0.0 131.01328851578924,31.220781967354856,0.0 131.013290898075,31.22078077258391,0.0 131.01329328001503,31.2207795779602,0.0 131.0132956616063,31.22077838348526,0.0 131.0132980428455,31.220777189160795,0.0 131.0133004237291,31.2207759949886,0.0 131.0133028042534,31.220774800970577,0.0 131.01330518441443,31.2207736071088,0.0 131.01330756420788,31.220772413405395,0.0 131.01330994362937,31.220771219862662,0.0 131.01331232267427,31.22077002648295,0.0 131.01331470133783,31.22076883326873,0.0 131.013317079615,31.22076764022256,0.0 131.0133194575007,31.22076644734707,0.0 131.0133218349896,31.22076525464498,0.0 131.01332421207627,31.22076406211908,0.0 131.01332658875523,31.22076286977221,0.0 131.01332896502083,31.220761677607275,0.0 131.01333134086727,31.220760485627217,0.0 131.01333371628883,31.220759293835023,0.0 131.0133360912796,31.220758102233702,0.0 131.01333846583375,31.22075691082629,0.0 131.0133408399453,31.22075571961581,0.0 131.0133432136084,31.22075452860534,0.0 131.0133455868171,31.220753337797888,0.0 131.01334795956564,31.22075214719649,0.0 131.0133503318481,31.220750956804128,0.0 131.01335270365877,31.220749766623783,0.0 131.013355074992,31.22074857665836,0.0 131.0133574458423,31.220747386910727,0.0 131.01335981620414,31.220746197383686,0.0 131.01336218607233,31.22074500807996,0.0 131.01336455544168,31.220743819002205,0.0 131.01336692430723,31.220742630153,0.0 131.01336929266424,31.220741441534788,0.0 131.01337166050814,31.220740253149938,0.0 131.0133740278346,31.22073906500071,0.0 131.0133763946395,31.220737877089224,0.0 131.01337876091895,31.220736689417496,0.0 131.01338112666937,31.2207355019874,0.0 131.01338349188742,31.220734314800648,0.0 131.01338585657007,31.220733127858846,0.0 131.01338822071455,31.22073194116341,0.0 131.01339058431844,31.22073075471565,0.0 131.0133929473796,31.22072956851665,0.0 131.0133953098962,31.22072838256739,0.0 131.01339767186676,31.22072719686864,0.0 131.0134000332901,31.22072601142103,0.0 131.01340239416544,31.220724826225,0.0 131.01340475449223,31.220723641280827,0.0 131.01340711427045,31.2207224565886,0.0 131.01340947350016,31.220721272148232,0.0 131.013411832182,31.22072008795948,0.0 131.01341419031675,31.22071890402192,0.0 131.0134165479057,31.22071772033493,0.0 131.01341890495036,31.22071653689777,0.0 131.01342126145263,31.22071535370949,0.0 131.01342361741465,31.22071417076897,0.0 131.01342597283892,31.22071298807497,0.0 131.01342832772823,31.220711805626063,0.0 131.01343068208567,31.22071062342069,0.0 131.01343303591463,31.220709441457124,0.0 131.01343538921873,31.220708259733527,0.0 131.0134377420018,31.220707078247926,0.0 131.01344009426802,31.220705896998226,0.0 131.01344244602163,31.22070471598219,0.0 131.01344479726728,31.22070353519753,0.0 131.0134471480096,31.22070235464181,0.0 131.01344949825346,31.22070117431256,0.0 131.013451848004,31.22069999420717,0.0 131.01345419726624,31.220698814323026,0.0 131.01345654604552,31.22069763465741,0.0 131.0134588943471,31.22069645520761,0.0 131.01346124217648,31.220695275970844,0.0 131.01346358953904,31.220694096944325,0.0 131.01346593644018,31.22069291812525,0.0 131.01346828288538,31.22069173951084,0.0 131.01347062888007,31.22069056109829,0.0 131.01347297442948,31.220689382884903,0.0 131.01347531953897,31.220688204867933,0.0 131.01347766421364,31.22068702704475,0.0 131.01348000845852,31.22068584941276,0.0 131.01348235227843,31.220684671969444,0.0 131.01348469567813,31.2206834947124,0.0 131.01348703866205,31.2206823176393,0.0 131.01348938123448,31.22068114074796,0.0 131.0134917233994,31.22067996403629,0.0 131.0134940651606,31.220678787502344,0.0 131.01349640652148,31.22067761114433,0.0 131.01349874748524,31.220676434960623,0.0 131.0135010880547,31.220675258949743,0.0 131.01350342823235,31.220674083110385,0.0 131.01350576802028,31.220672907441443,0.0 131.01350810742022,31.220671731942,0.0 131.0135104464336,31.22067055661133,0.0 131.01351278506127,31.220669381448936,0.0 131.01351512330385,31.22066820645452,0.0 131.01351746116134,31.220667031627976,0.0 131.01351979863347,31.22066585696948,0.0 131.01352213571943,31.22066468247941,0.0 131.013524472418,31.22066350815836,0.0 131.0135268087274,31.22066233400718,0.0 131.01352914464547,31.220661160026967,0.0 131.0135314801696,31.220659986219047,0.0 131.01353381529665,31.220658812585,0.0 131.01353615002293,31.220657639126618,0.0 131.01353848434445,31.220656465846,0.0 131.0135408182566,31.220655292745416,0.0 131.01354315175433,31.22065411982747,0.0 131.01354548483212,31.220652947094937,0.0 131.01354781748387,31.220651774550884,0.0 131.01355014970312,31.220650602198614,0.0 131.01355248148283,31.22064943004168,0.0 131.01355481281547,31.220648258083887,0.0 131.013557143693,31.220647086329336,0.0 131.01355947410684,31.220645914782367,0.0 131.0135618040669,31.22064474343821,0.0 131.0135641335642,31.220643572301487,0.0 131.0135664625976,31.220642401372817,0.0 131.01356879116474,31.220641230653552,0.0 131.01357111926308,31.2206400601451,0.0 131.01357344688995,31.220638889848903,0.0 131.01357577404275,31.22063771976645,0.0 131.01357810071863,31.22063654989928,0.0 131.01358042691473,31.22063538024893,0.0 131.01358275262825,31.220634210817,0.0</coordinates>
            </LineString>
        </Placemark>
    </Document>
</kml>
