<?xml version="1.0" encoding="UTF-8"?>
<kml xmlns="http://www.opengis.net/kml/2.2" xmlns:gx="http://www.google.com/kml/ext/2.2">
    <Document id="1699">
        <Style id="1702">
            <LineStyle id="1703">
                <color>ff0000ff</color>
                <colorMode>normal</colorMode>
                <width>3</width>
            </LineStyle>
        </Style>
        <Style id="1706">
            <LineStyle id="1707">
                <color>ff00ff00</color>
                <colorMode>normal</colorMode>
                <width>3</width>
            </LineStyle>
        </Style>
        <Placemark id="1701">
            <name>flight_path</name>
            <styleUrl>#1702</styleUrl>
            <LineString id="1700">
                <altitudeMode>relativeToGround</altitudeMode>
                <coordinates>131.010392,31.222216000000007,3.000000004412624 131.0103920000045,31.222215999991075,3.0000027652305543 131.0103920000085,31.222215999994766,3.0000030853541984 131.0103920000085,31.222215999994766,3.0000030853541984 131.01039200000852,31.222215999994766,3.0000030853541984 131.01039201539675,31.22221599246117,3.0023884986471163 131.0103920617776,31.22221596990869,3.015331231721257 131.01039213193175,31.22221593580231,3.0351264363252404 131.01039220552698,31.222215900001803,3.055106219166761 131.0103923261533,31.222215841380503,3.090004394730484 131.01039241011944,31.222215800500727,3.1115340872331685 131.01039255023213,31.22221573238213,3.151063460926564 131.0103926908424,31.222215663995925,3.189784893121109 131.01039284206664,31.22221559043897,3.23111772340097 131.01039301222698,31.2222155076778,3.2778754514712065 131.01039319835945,31.22221541714896,3.329057119327625 131.01039339622227,31.222215320908244,3.383229829375461 131.0103936086097,31.222215217601374,3.4413386621870097 131.01039382835415,31.2222151107022,3.500962017738751 131.0103940692252,31.222214993537087,3.566754013292423 131.0103943154942,31.22221487372917,3.6334003425495367 131.0103945800907,31.22221474501192,3.705270765720048 131.01039485370347,31.222214611898128,3.779219998303775 131.01039513986652,31.222214472675024,3.856442763351153 131.01039544418495,31.22221432462593,3.9388336136528577 131.01039575462735,31.22221417358214,4.022328928820314 131.01039608061367,31.222214014978025,4.110111315127456 131.01039641907315,31.22221385030192,4.20114441129061 131.01039677261693,31.22221367828824,4.296310626724281 131.01039713608534,31.22221350143773,4.393868548192477 131.010397517966,31.22221331563664,4.496683993164735 131.01039790540767,31.22221312711366,4.600420125064151 131.01039830590005,31.22221293223868,4.707604968129808 131.01039871921526,31.222212731122088,4.8181619013200345 131.01039914602634,31.222212523437697,4.932317992273902 131.0103995843797,31.222212310132328,5.049414803571431 131.01040002919007,31.222212093670787,5.167739039340097 131.010400488852,31.222211869984235,5.290119088179969 131.01040096154043,31.222211639957216,5.415939478570699 131.01040144391652,31.222211405208075,5.544076156420129 131.01040193996343,31.222211163806087,5.675869112702848 131.01040244347448,31.22221091875968,5.809230869593894 131.01040295825328,31.222210668225145,5.945439804389508 131.01040348638034,31.22221041119396,6.085193185839201 131.01040402793237,31.222210147628825,6.228514853755213 131.0104045774418,31.22220988018005,6.373570321964543 131.0104051377902,31.2222096074508,6.521325187598352 131.01040571307726,31.222209327453587,6.673149607941206 131.01040630329675,31.222209040191352,6.829037586096744 131.01040689520636,31.22220875208352,6.984563197684807 131.01040750096558,31.22220845723537,7.143787353550456 131.0104081214021,31.222208155245536,7.306979827983644 131.01040875222748,31.222207848192888,7.472708023785239 131.01040938861175,31.222207538419,7.639365051166282 131.0104100415545,31.222207220590928,7.810603337186065 131.01041070492113,31.22220689768276,7.98437975261839 131.0104113765162,31.222206570758807,8.159965504549577 131.01041206172027,31.22220623933769,8.33913983713323 131.01041275491565,31.222205903638663,8.520260196708012 131.01041345921044,31.222205563452288,8.704125609503025 131.01041418114383,31.222205215295915,8.892977157258912 131.0104149073196,31.222204865708736,9.082393101483111 131.0104156443223,31.222204511477504,9.274532332554497 131.0104163957099,31.22220415085192,9.470547156474993 131.0104171631125,31.22220378300908,9.670953983739029 131.01041792776968,31.222203417165904,9.869650433300563 131.0104187065002,31.22220304502408,10.072094686903032 131.01041950690217,31.222202662754324,10.280711930669876 131.01042031059828,31.222202279472697,10.489565295351577 131.0104211203081,31.2222018938334,10.699538222442143 131.01042194648997,31.222201500523667,10.91395921470754 131.01042278631775,31.22220110089758,11.13189788088088 131.01042363211,31.22220069884984,11.350908783547336 131.01042448651552,31.222200293008257,11.571827195512856 131.01042535621983,31.22219987983746,11.7967317152147 131.01042624158384,31.22219945904586,12.025700388697777 131.01042712612443,31.222199039312244,12.253599199012466 131.01042802831577,31.22219861078568,12.486144656579794 131.0104289406576,31.222198177367098,12.720984935607884 131.0104298620641,31.22219773960224,12.957775444871826 131.0104307905594,31.22219729853709,13.195904580904816 131.01043173813443,31.222196847423103,13.438966683054945 131.0104326948058,31.2221963917166,13.683919989988436 131.01043365421447,31.222195935029458,13.928872058590576 131.01043463175148,31.222195468476,14.178365304047611 131.0104356240236,31.222194993821017,14.431339220621291 131.01043661548644,31.222194520156943,14.683247435701205 131.0104376228172,31.22219403758353,14.938926838836723 131.01043864381913,31.22219354721327,15.197682863447335 131.0104396728593,31.222193052377182,15.457880831659816 131.01044071077493,31.222192552519747,15.719747519402013 131.01044176204704,31.22219204473912,15.98450936899454 131.01044282571465,31.22219152948953,16.251854289764054 131.0104438940429,31.22219101164246,16.519628677480803 131.0104449785956,31.22219048364965,16.790976290952354 131.01044607705597,31.222189946812936,17.065205491178688 131.0104471788436,31.22218940807796,17.339456022489955 131.01044830053368,31.22218885625437,17.618119789557678 131.01044943115593,31.22218829856176,17.898236612310924 131.0104505648045,31.22218773906264,18.17826755588863 131.01045171930835,31.22218716525023,18.46279287057284 131.01045288437533,31.22218658410144,18.749097760710967 131.0104540589437,31.22218599632038,19.03689925255836 131.0104552479389,31.222185398246022,19.327401112149875 131.0104564441398,31.222184795007188,19.61877075399191 131.0104576488227,31.222184185617326,19.911309901629384 131.01045887557504,31.222183559751905,20.208265919421454 131.0104600992441,31.22218293621924,20.50354010317101 131.0104613456037,31.22218229538316,20.80327343226485 131.01046260516665,31.22218164422919,21.105133409721184 131.0104638672476,31.222180991051097,21.40662443336509 131.0104651423762,31.222180327548845,21.710169916302785 131.0104664474581,31.22217963997057,22.019526365383413 131.0104677513266,31.222178953117087,22.327602290235124 131.01046905574745,31.22217826575459,22.634855258660387 131.01047039736477,31.222177547659648,22.949291276582148 131.0104717285173,31.222176837896846,23.260425218426125 131.01047307723053,31.22217611329132,23.574359953610543 131.01047446678507,31.22217535381381,23.895916379829814 131.0104758233996,31.222174621969778,24.20951505760788 131.0104772209262,31.222173854855736,24.53064302717767 131.01047864072987,31.22217306789992,24.85525067823326 131.0104800336017,31.22217230402889,25.173353755665744 131.01048147955538,31.22217149319476,25.501106050506028 131.01048291707883,31.222170689186456,25.826073232918567 131.01048435733287,31.22216988235809,26.150550949914432 131.01048584446175,31.222169032890605,26.4830556469666 131.01048731379333,31.22216819883591,26.81102120396563 131.0104887967002,31.222167351991903,27.140530952870527 131.01049032035695,31.22216646717674,27.47659339395767 131.010491821322,31.22216560256099,27.807309257657355 131.01049335374412,31.22216470826321,28.1427536823028 131.01049490327253,31.22216379726883,28.480174703518035 131.0104964379036,31.222162899553734,28.813799553315544 131.01049802406203,31.222161952648587,29.155516587546767 131.0104995920071,31.222161022134664,29.492847048719625 131.01050117418183,31.222160077445967,29.83157466839376 131.01050280276763,31.22215908762116,30.177188899309662 131.01050440348888,31.2221581236426,30.516843402624524 131.0105060333035,31.222157130966988,30.86034360237977 131.01050769443347,31.222156107149928,31.20794269199292 131.0105093316004,31.222155105698867,31.550366537952865 131.0105110151235,31.22215405838568,31.89933840858911 131.0105126899618,31.22215301862149,32.24568880189008 131.01051437243487,31.222151970573368,32.59213741500313 131.0105161075066,31.222150870053287,32.94591014725032 131.01051781171265,31.22214979891924,33.29352047040335 131.01051954124097,31.22214870203481,33.64402643419864 131.0105213164699,31.2221475591328,34.00056248618802 131.01052304912892,31.222146457362445,34.3492032889259 131.01052484126822,31.222145295899608,34.705984746789206 131.0105266314382,31.22214413543733,35.061239042783214 131.010528413703,31.222142981930745,35.41409661059793 131.01053025596917,31.22214176801348,35.77498323697122 131.0105320687128,31.22214058247852,36.13014260720466 131.01053390990833,31.222139367834327,36.488460350778325 131.0105357789757,31.222138124640527,36.84979603680938 131.01053762573775,31.222136902713924,37.20657354189797 131.0105395243256,31.22213562852308,37.56995900761974 131.01054140835672,31.222134367924728,37.92996210979275 131.01054330072404,31.22213309823285,38.2900349703014 131.01054524214166,31.222131779205228,38.65622365272385 131.0105471554809,31.22213048714884,39.01705014618835 131.01054909808542,31.222129165416355,39.381046780935854 131.01055106197742,31.2221278219818,39.74701374821145 131.01055301047143,31.22212649296121,40.109532398057326 131.01055501693344,31.22212510635552,40.47944523153968 131.0105569936681,31.222123748219698,40.843803075843326 131.01055899265248,31.22212236764768,41.210289039565644 131.01056104301892,31.22212093645874,41.583200714586674 131.01056304484274,31.22211955186935,41.94780072312391 131.01056510974166,31.222118105565468,42.32057327106804 131.0105671570329,31.222116675813528,42.68960987026647 131.01056921653245,31.22211523377399,43.05932336416296 131.01057131836927,31.22211375072448,43.43419204031022 131.01057339031107,31.222112295868232,43.80351238682516 131.010575512765,31.22211079250632,44.17923745809013 131.01057762602383,31.222109297611567,44.55250117028759 131.01057974199583,31.22210779980324,44.92507709075584 131.0105819082024,31.222106254535948,45.304103999226925 131.01058403894905,31.22210474233368,45.67673868105602 131.01058621879605,31.22210318411556,46.055706174984905 131.01058839061685,31.222101633319507,46.432418945674655 131.01059056953792,31.22210007584032,46.8091625839192 131.0105927937773,31.22209847671065,47.19178323763052 131.01059498194655,31.222096910672285,47.567877602358514 131.01059722734067,31.22209529250476,47.9517337006379 131.01059944977524,31.22209369536839,48.3310682754303 131.01060169141897,31.222092080979607,48.71237422829618 131.01060396793983,31.22209043556652,49.09812924932381 131.01060621287635,31.222088818658747,49.4779996596048 131.01060851238793,31.22208715347909,49.865450179656406 131.01061079161053,31.222085506702168,50.24878376160856 131.01061308739185,31.22208384566669,50.63378741230629 131.01061542032198,31.2220821526004,51.023768415463216 131.0106177177879,31.2220804909755,51.40720191705736 131.0106200735029,31.22207877926692,51.799032217083166 131.01062240826295,31.222077086344388,52.1866313440855 131.01062475758746,31.222075381436248,52.57568617036916 131.01062713138427,31.222073656261863,52.96783352148032 131.0106294846081,31.22207194932665,53.35578934019532 131.01063189015932,31.2220701986734,53.75140977207151 131.0106342687151,31.222068471689823,54.14179823670564 131.01063667322143,31.22206672356883,54.535596842333554 131.0106390902938,31.22206496576552,54.930646236520026 131.010641491278,31.222063222259607,55.322232554529045 131.010643952205,31.22206142963703,55.72291058908857 131.01064637000647,31.22205967384411,56.1156676879044 131.0106488322417,31.22205788204948,56.5149908158384 131.0106512891902,31.22205609561525,56.91266022148369 131.01065374377708,31.222054312056247,57.30915535544551 131.01065624104905,31.222052494282806,57.71198516066844 131.0106587064522,31.222050703732023,58.10873974508218 131.01066121837815,31.22204887589278,58.51248327890907 131.0106637129888,31.222047063275404,58.91258060968333 131.01066621915507,31.222045242134968,59.31384458849627 131.01066875250348,31.22204339966909,59.718882300515446 131.01067125905655,31.2220415801554,60.11870054887144 131.01067382203303,31.22203971527997,60.52715111096601 131.01067635351964,31.22203787720489,60.929609781953104 131.0106789207991,31.22203601063085,61.33725075786867 131.0106814791088,31.22203415233509,61.742644702910646 131.01068403812087,31.222032294352136,62.14739747875368 131.01068663080036,31.22203040940625,62.5569270148706 131.01068919720257,31.222028547018848,62.961369692210745 131.01069182029323,31.222026638384488,63.374312260621686 131.01069441179064,31.222024756741405,63.78131353317343 131.01069702694417,31.22202285612025,64.19138128846129 131.01069965718995,31.22202094350996,64.60308676707149 131.0107022650973,31.222019050303366,65.01040337122171 131.01070491721896,31.222017120436256,65.42399198443381 131.010707561855,31.222015197365494,65.8355527879426 131.01071019375112,31.22201328566016,66.24428712706468 131.010712853079,31.22201135103471,66.65651164013164 131.01071553029706,31.222009401387115,67.0706650368865 131.01071819667376,31.222007461371028,67.48227205467879 131.01072086374603,31.22200552110148,67.8931390905566 131.0107235530482,31.222003561760285,68.30653507059564 131.01072624681808,31.222001598629767,68.71970579509298 131.01072893926235,31.22199963677675,69.13177787550538 131.0107316349808,31.22199767213217,69.54343870970195 131.0107343444907,31.221995695283145,69.95622500532025 131.01073705613965,31.221993716445937,70.36838307327558 131.01073976948754,31.22199173598986,70.77984533550351 131.01074248881844,31.22198975001104,71.19121977372073 131.01074521312052,31.221987759325305,71.60233683268969 131.01074794013235,31.22198576591025,72.01285700385486 131.0107506701074,31.22198376948081,72.42280355986445 131.01075340631382,31.221981766980484,72.83261735427352 131.01075614753017,31.221979759443627,73.24210594825905 131.01075889309243,31.22197774741805,73.65116150957931 131.01076164061604,31.221975733056777,74.05944464200819 131.01076439004203,31.221973716372887,74.46693738375478 131.01076714839166,31.221971690755623,74.87456630290255 131.0107699075825,31.22196966368892,75.28123084853041 131.0107726721286,31.221967630907496,75.68752188212062 131.01077544044168,31.22196559384877,76.093213839215 131.01077821419327,31.22196355088777,76.49851110129316 131.0107809887891,31.221961506338666,76.90280816334483 131.0107837687114,31.22195945591475,77.30667209120169 131.01078655330195,31.221957400195844,77.71000333097689 131.0107893395501,31.22195534203037,78.1124124115446 131.0107921318668,31.221953277172567,78.51444478529443 131.010794930242,31.22195120559544,78.91608483638174 131.0107977278905,31.221949133805463,79.31648666556515 131.0108005322842,31.221947054603167,79.71656636734134 131.0108033391828,31.22194497205444,80.11579426242939 131.0108061490338,31.22194288572421,80.51422168938188 131.01080896259603,31.221940794875017,80.91193559572086 131.01081178102183,31.22193869839005,81.30906920243065 131.01081460252243,31.2219365980024,81.7054043655829 131.01081742847583,31.2219344923858,82.10110336375116 131.01082025680773,31.221932383558272,82.49591817987118 131.01082308868072,31.22193027040864,82.88998626634547 131.01082592211657,31.22192815486812,83.28307462711518 131.01082875941265,31.22192603473473,83.67545435346433 131.01083160148363,31.221923909150085,84.06723278983218 131.01083444585862,31.221921780528703,84.45812314536421 131.0108372933888,31.221919648077407,84.84822833255036 131.01084014395357,31.22191751194549,85.23753780614628 131.01084299424463,31.22191537534805,85.62567157283088 131.01084584913886,31.221913233635096,86.0132014769939 131.01084870440403,31.22191109090931,86.3996413364339 131.01085156509868,31.221908942370376,86.78558473488663 131.01085442582269,31.221906793224985,87.1704114800925 131.01085729241535,31.22190463795185,87.55480703513724 131.0108601588624,31.22190248232272,87.9380804784808 131.01086302707208,31.22190032456428,88.32046156003001 131.0108658996048,31.22189816231244,88.7022573431111 131.0108687739026,31.221895998039265,89.0831791352271 131.01087164816553,31.221893833479328,89.463025494776 131.0108745273118,31.22189166407584,89.84238167184361 131.01087740697366,31.221889493975382,90.22074639834467 131.01088029024132,31.22188732034834,90.59849271704768 131.010883174401,31.22188514577414,90.9753118304792 131.01088605946873,31.221882970283296,91.3512153893907 131.01088894651733,31.221880792940265,91.72634113173704 131.01089183555135,31.22187861380004,92.1007009881726 131.01089472557865,31.22187643382487,92.47418761996164 131.010897616891,31.221874252797463,92.84684637049196 131.0109005083168,31.22187207183197,93.2185472645402 131.0109034031952,31.221869887955386,93.58970282497464 131.0109062971345,31.22186770518883,93.95979463392902 131.0109091941549,31.221865519954942,94.32931868078091 131.01091209198776,31.22186333434543,94.69801121627177 131.0109149881303,31.221861150630463,95.06557619089124 131.01091788722755,31.22185896471021,95.43258998632253 131.01092078617972,31.221856779390087,95.79868396717434 131.01092368386682,31.221854595688928,96.16372840376783 131.01092658429712,31.22185241010548,96.5282255788114 131.01092948271858,31.22185022686159,96.89159810067846 131.0109323826158,31.221848042922257,97.2542840540944 131.01093528529245,31.22184585718807,97.61645419316947 131.0109381853515,31.22184367439713,97.97744503525183 131.01094108546093,31.221841492237463,98.3375939367488 131.01094398564572,31.221839310712653,98.6969107408946 131.01094688783311,31.22183712817474,99.05564231829064 131.01094978912195,31.22183494715408,99.41343146311596 131.01095268992947,31.22183276729859,99.77033464454873 131.0109555921302,31.22183058700332,100.12659099274993 131.01095849345583,31.22182840823328,100.48192014592136 131.01096139381883,31.221826231066416,100.83631413070404 131.0109642968691,31.221824052367875,101.19023302283476 131.01096719651457,31.221821877375497,101.5429157062838 131.01097010065402,31.22181969929872,101.89535262323348 131.01097300252783,31.221817523941112,102.24669882604316 131.0109759052567,31.22181534861305,102.59734509079992 131.0109788080508,31.221813173983247,102.94719253355736 131.01098171223674,31.22181099889829,103.2964054010698 131.0109846161366,31.22180882478536,103.6447736854284 131.01098751964454,31.22180665171876,103.9922830388821 131.01099042306197,31.221804479419617,104.33896868506734 131.01099332756547,31.221802306849764,104.68497239605578 131.0109962301464,31.22180013658389,105.02992152760184 131.01099913406932,31.22179796577377,105.3742125843952 131.0110020375099,31.2217957959689,105.71761794674704 131.01100494048572,31.221793627126488,106.06013591104788 131.01100784308616,31.221791459138423,106.4017726636402 131.01101074779453,31.221789289802388,106.7428202229776 131.0110136496733,31.221787123398936,107.08268201329778 131.0110165533895,31.22178495580924,107.42190912601482 131.01101945861507,31.221782787272645,107.76045278672903 131.0110223628398,31.22178061996241,108.09801102702416 131.01102526762497,31.22177845246561,108.43476084443904 131.01102817304107,31.221776284675887,108.7707019237017 131.01103107967484,31.221774116027007,109.10589316855427 131.01103398327595,31.22177195027232,109.4398413784464 131.01103688793427,31.22176978372324,109.77300682873933 131.01103979301456,31.221767616897218,110.10530655010582 131.01104269729404,31.221765450854228,110.43659560836088 131.01104560363507,31.22176328296699,110.76718378524448 131.01104850771665,31.221761117106176,111.09658515649286 131.01105141092424,31.22175895198634,111.42494737588548 131.01105431822708,31.221756783023444,111.75279818563324 131.0110572254444,31.221754613984583,112.07967366483032 131.01106013071563,31.22175244655308,112.40537124586248 131.0110630379805,31.221750277067244,112.73030132831067 131.01106594565516,31.22174810693976,113.05428558640924 131.01106885413702,31.221745935765608,113.3773573338072 131.01107176363203,31.221743763314848,113.69952897571736 131.01107467386996,31.22174158980216,114.02076427236408 131.011077582904,31.22173941701754,114.34085919579776 131.01108049247367,31.22173724330341,114.65998297877113 131.01108340236124,31.22173506882932,114.97810519321582 131.01108631111293,31.22173289493823,115.29507582374596 131.0110892199268,31.221730720475136,115.61100710402744 131.01109213399707,31.221728540482808,115.92639324523412 131.01109504405684,31.221726363726948,116.24033223710266 131.0110979551575,31.22172418539864,116.5533082364097 131.0111008682021,31.221722004606125,116.86539746224192 131.01110378060085,31.22171982380121,117.17634977268185 131.01110669309142,31.22171764226611,117.48623114964852 131.01110960416602,31.22171546143276,117.79489820315511 131.0111125162013,31.22171327900857,118.10256606304878 131.01111542969815,31.22171109449608,118.40927432916818 131.01111834101405,31.221708911393137,118.71468985628236 131.01112125324343,31.221706726715336,119.01909055884752 131.01112416780168,31.22170453908832,119.32259773577668 131.01112708279976,31.221702350330183,119.6250397461245 131.0111299954579,31.221700163127835,119.9261712941322 131.01113290842397,31.221697974925632,120.22622543804428 131.0111358239769,31.221695783520804,120.52539803120848 131.01113874013566,31.22169359083295,120.82351450003476 131.0111416560507,31.22169139769116,121.12050204927736 131.0111445714803,31.22168920433784,121.41634086050486 131.0111474882747,31.2216870089942,121.71118981605284 131.0111504028251,31.22168481516052,122.00474172215849 131.0111533203491,31.22168261780944,122.29744194755072 131.01115623781956,31.22168041988161,122.58903403976802 131.01115915665176,31.22167822002834,122.87963995384396 131.01116207439858,31.221676020627346,123.1690559111744 131.01116499110117,31.22167382165604,123.457288843567 131.01116790981288,31.221671620199064,123.74459747084796 131.0111708295337,31.221669417245007,124.03090067193811 131.0111737516089,31.221667211529315,124.3163142926959 131.0111766718337,31.221665007106395,124.60049153165608 131.0111795921338,31.22166280215364,124.88359754266926 131.0111825164041,31.221660592984414,125.1659606974545 131.0111854380504,31.221658385919632,125.44703679331803 131.0111883624305,31.22165617588213,125.72727674945178 131.01119128668887,31.221653965622032,126.00644805241086 131.0111942085548,31.22165175731532,126.28436715696508 131.0111971311789,31.221649548007136,126.56130176627074 131.01120005310355,31.221647339109527,126.83713626143523 131.01120297456163,31.22164513043277,127.1118958468286 131.01120589554753,31.221642922013068,127.38558602563909 131.0112088160558,31.22164071388692,127.6582124004241 131.01121173608072,31.221638506091004,127.92978065422624 131.0112146556166,31.22163629866209,128.2002965326825 131.01121757465756,31.22163409163696,128.46976583408608 131.01122049319767,31.22163188505223,128.73819438354363 131.01122341123104,31.22162967894433,129.00558802701315 131.01122632875166,31.22162747334937,129.27195261341376 131.01122924575355,31.221625268303043,129.53729397275993 131.0112321622308,31.22162306384053,129.80161790820955 131.01123507817744,31.221620859996392,130.06493017718165 131.0112379935876,31.221618656804555,130.32723648042327 131.01124090845542,31.22161645429813,130.58854244312573 131.0112438227752,31.221614252509383,130.8488536029975 131.01124673654127,31.22161205146968,131.10817539734555 131.01124964974807,31.221609851209344,131.366513147172 131.01125256239013,31.22160765175765,131.6238720452486 131.01125547446227,31.221605453142725,131.88025714816598 131.01125838595925,31.221603255391454,132.13567335248007 131.01126129687609,31.221601058529508,132.3901254046542 131.01126420720794,31.221598862581214,132.64361786129928 131.01126711695017,31.22159666756953,132.8961551070692 131.01127002609823,31.221594473516035,133.1477413238476 131.01127293464793,31.2215922804408,133.39838049969617 131.01127584259507,31.22159008836244,133.6480764040052 131.01127874993577,31.221587897298,133.8968325904783 131.01128165666637,31.221585707263,134.14465238619937 131.01128456278337,31.22158351827139,134.3915388826877 131.01128746828348,31.221581330335503,134.6374949358998 131.0112903731637,31.221579143466062,134.88252316225453 131.01129327742115,31.22157695767216,135.1266259237239 131.01129618105327,31.221574772961272,135.36980533678147 131.0112990840576,31.22157258933923,135.61206326345538 131.01130198643207,31.221570406810244,135.85340130039722 131.0113048881747,31.22156822537688,136.0938208007505 131.01130778928376,31.22156604504009,136.33332284631868 131.01131068975775,31.22156386579928,136.5719082694344 131.0113135895955,31.2215616876522,136.8095776360625 131.01131648879584,31.221559510595096,137.04633125772773 131.011319387358,31.22155733462268,137.28216919151592 131.01132228528138,31.221555159728144,137.51709124206224 131.01132518256554,31.22155298590324,137.7510969615512 131.01132807921024,31.22155081313824,137.98418565269904 131.01133097521554,31.22154864142209,138.21635637670633 131.01133387058158,31.22154647074235,138.44760796220243 131.01133676530878,31.221544301085306,138.67793899530773 131.0113396593977,31.221542132435964,138.9073478454752 131.01134255284907,31.221539964778174,139.1358326535637 131.0113454456638,31.221537798094623,139.36339135469905 131.01134833784306,31.2215356323669,139.59002166833315 131.011351229388,31.221533467575583,139.81572112110695 131.01135412030007,31.221531303700296,140.04048704486047 131.01135701058084,31.22152914071972,140.26431659253657 131.01135990023187,31.221526978611703,140.48720674314984 131.01136278925512,31.22152481735337,140.70915430377468 131.0113656776524,31.221522656921064,140.9301559403581 131.0113685654258,31.221520497290523,141.15020816380195 131.0113714525775,31.22151833843693,141.36930735083655 131.01137433910966,31.22151618033492,141.5874497559481 131.0113772250247,31.22151402295871,141.80463151833428 131.01138011032492,31.22151186628217,142.02084866985635 131.01138299501287,31.22150971027884,142.23609715690475 131.01138587909102,31.22150755492204,142.4503728384109 131.01138876256195,31.221505400184924,142.66367150373682 131.01139164542835,31.221503246040555,142.875988879632 131.01139452769283,31.221501092461985,143.08732064812455 131.01139740935815,31.221498939422293,143.29766244950153 131.0114002904269,31.22149678689467,143.5070099001983 131.01140317090187,31.221494634852448,143.7153586027385 131.01140605078572,31.22149248326924,143.92270415169563 131.01140893008125,31.22149033211893,144.1290421476082 131.01141180879108,31.221488181375747,144.33436820989925 131.01141468691793,31.22148603101432,144.538677986815 131.01141756446447,31.221483881009767,144.74196716436987 131.01142044143333,31.22148173133776,144.94423146932635 131.0114233178271,31.221479581974435,145.1454667019952 131.0114261936484,31.22147743289668,145.34566872231844 131.01142906889964,31.22147528408197,145.5448334677587 131.01143194358335,31.221473135508543,145.74295696820917 131.01143481770205,31.221470987155367,145.94003534698507 131.01143769125798,31.221468839002217,146.13606483374383 131.01144056425355,31.221466691029708,146.33104177541858 131.011443436691,31.22146454321932,146.52496263323377 131.01144630857252,31.221462395553427,146.7178240065599 131.01144917990027,31.221460248015354,146.9096226309249 131.01145205067638,31.221458100589388,147.1003553799995 131.01145492090288,31.22145595326077,147.29001928647116 131.01145779058177,31.22145380601579,147.4786115340894 131.01146065971497,31.22145165884172,147.66612947655187 131.01146352830435,31.22144951172692,147.85257062955043 131.01146639635175,31.22144736466073,148.03793268766805 131.011469263859,31.22144521763361,148.22221352139613 131.01147213082777,31.221443070637097,148.40541118011535 131.01147499725982,31.221440923663742,148.5875239070039 131.0114778631568,31.22143877670723,148.76855012611625 131.01148072852035,31.221436629762284,148.9484884592791 131.01148359335198,31.22143448282471,149.12733772112054 131.01148645765335,31.2214323358914,149.30509692205203 131.011489321426,31.221430188960245,149.48176526926147 131.01149218467145,31.221428042030247,149.65734216770684 131.0114950473912,31.221425895101408,149.8318272260788 131.01149790958678,31.221423748174768,150.00522024686222 131.01150077125968,31.221421601252324,150.1775212322977 131.01150363241135,31.22141945433711,150.34873038637073 131.0115064930434,31.22141730743308,150.51884810288308 131.0115093531573,31.22141516054513,150.6878749773805 131.01151221275452,31.22141301367908,150.85581179323708 131.01151507183667,31.2214108668416,151.02265952960693 131.01151793040526,31.22140872004024,151.18841934651422 131.0115207884619,31.221406573283364,151.35309258982429 131.0115236460082,31.22140442658013,151.51668079024898 131.0115265030458,31.221402279940435,151.6791856474428 131.01152935957631,31.221400133374928,151.84060903994387 131.0115322156015,31.221397986894928,152.0009530132465 131.01153507112312,31.22139584051241,152.16021976588544 131.01153792614292,31.221393694239968,152.3184116643463 131.01154078066276,31.22139154809076,152.47553121921038 131.01154363468447,31.22138940207848,152.63158108813795 131.01154648820997,31.221387256217337,152.78656406990393 131.01154934124128,31.22138511052197,152.94048309147732 131.01155219378032,31.221382965007475,153.0933412070289 131.01155504582923,31.22138081968929,153.2451415869965 131.01155789739005,31.2213786745832,153.39588751709363 131.01156074846494,31.22137652970528,153.54558238638114 131.0115635990561,31.22137438507188,153.69422967732956 131.01156644916577,31.22137224069954,153.84183296184295 131.0115692987962,31.221370096605,153.9883958943036 131.0115721479498,31.22136795280507,154.1339222026253 131.01157499662887,31.221365809316765,154.27841567632885 131.0115778448358,31.22136366615705,154.42188016355956 131.01158069257303,31.22136152334298,154.5643195631373 131.0115835398431,31.22135938089153,154.70573780865357 131.01158638664847,31.221357238819667,154.84613887145494 131.01158923299164,31.221355097144222,154.98552674672857 131.0115920788752,31.22135295588191,155.12390544058178 131.0115949243017,31.221350815049284,155.26127897004207 131.01159776927375,31.22134867466269,155.3976513471567 131.0116006137939,31.221346534738228,155.5330265819744 131.0116034578648,31.221344395291748,155.6674086606793 131.011606301489,31.2213422563388,155.80080155155625 131.0116091446691,31.221340117894577,155.93320918213064 131.01161198740775,31.22133797997396,156.0646354431453 131.01161482970747,31.221335842591404,156.19508418061 131.01161767157086,31.221333705760976,156.3245591848683 131.01162051300037,31.22133156949631,156.4530641766847 131.01162335399857,31.221329433810567,156.58060280923127 131.01162619456784,31.22132729871642,156.70717866809096 131.0116290347107,31.22132516422604,156.8327952493904 131.01163187442936,31.221323030351087,156.95745595483103 131.01163471372627,31.221320897102657,157.0811641006356 131.0116375526036,31.221318764491297,157.2039228927009 131.0116403910635,31.221316632526964,157.32573543951912 131.0116432291082,31.221314501219048,157.44660472633674 131.0116460667396,31.22131237057632,157.56653362310655 131.01164890395975,31.221310240606925,157.68552488448813 131.0116517407704,31.2213081113184,157.8035811329523 131.01165457717326,31.221305982717613,157.92070485579907 131.01165741317013,31.221303854810824,158.03689841112228 131.0116602487624,31.22130172760364,158.1521640168778 131.0116630839516,31.221299601101,158.266503741937 131.01166591873897,31.22129747530717,158.37991952199093 131.01166875312572,31.22129535022584,158.49241313172175 131.0116715871129,31.22129322585992,158.60398620666805 131.01167442070144,31.22129110221175,158.71464021937172 131.01167725389206,31.22128897928301,158.82437649428755 131.0116800866855,31.221286857074663,158.93319620181944 131.01168291908215,31.221284735587115,159.0411003463938 131.01168575108247,31.22128261482008,159.1480897833566 131.0116885826866,31.221280494772635,159.25416520704687 131.0116914138946,31.22127837544325,159.3593271517904 131.01169424470635,31.221276256829807,159.463575996869 131.0116970751216,31.22127413892953,159.56691195857067 131.01169990513992,31.22127202173909,159.66933510211587 131.01170273476072,31.221269905254577,159.77084532973043 131.01170556398324,31.22126778947153,159.87144239853689 131.0117083928066,31.221265674384902,159.97112590166867 131.01171122122966,31.22126355998916,160.0698952901383 131.01171404925122,31.22126144627824,160.1677498599147 131.0117168768699,31.221259333245584,160.26468876484475 131.0117197040841,31.22125722088416,160.3607110136715 131.0117225308921,31.22125510918647,160.4558154750033 131.011725357292,31.221252998144607,160.55000087631987 131.01172818328175,31.22125088775024,160.64326581788694 131.01173100885916,31.221248777994614,160.73560876281695 131.01173383402187,31.22124666886865,160.8270280589352 131.01173665876743,31.22124456036292,160.91752191790613 131.01173948309307,31.221242452467635,161.0070884450525 131.01174230699607,31.221240345172752,161.09572562841998 131.01174513047349,31.22123823846792,161.18343134871697 131.01174795352216,31.22123613234255,161.2702033852779 131.0117507761389,31.22123402678584,161.35603941407484 131.01175359832047,31.221231921786767,161.44093702660018 131.01175642006336,31.221229817334137,161.52489372092344 131.01175924136388,31.221227713416617,161.60790691262187 131.01176206221842,31.22122561002273,161.6899739477012 131.01176488262317,31.221223507140937,161.7710920956385 131.0117677025742,31.22122140475956,161.8512585652834 131.0117705220675,31.221219302866903,161.93047050784045 131.01177334109903,31.22121720145127,162.00872501487908 131.01177615966455,31.22121510050092,162.08601914218823 131.01177897775983,31.221213000004145,162.16234989685483 131.0117817953806,31.22121089994929,162.23771425614677 131.01178461252243,31.221208800324767,162.31210917148934 131.01178742918094,31.221206701119087,162.38553156846322 131.01179024535156,31.22120460232084,162.45797835873108 131.0117930610299,31.22120250391879,162.52944644898344 131.01179587621132,31.22120040590184,162.59993273696065 131.0117986908913,31.22119830825904,162.66943412735623 131.01180150506528,31.221196210979688,162.73794753579128 131.01180431872865,31.22119411405328,162.80546988980748 131.01180713187688,31.221192017469527,162.87199813681883 131.0118099445054,31.2211899212184,162.93752926398827 131.01181275660963,31.221187825290155,163.00206027834912 131.0118155681851,31.22118572967532,163.0655882286707 131.01181837922744,31.221183634364703,163.12811021738491 131.0118211897321,31.221181539349462,163.18962338567596 131.01182399969488,31.22117944462107,163.2501249363407 131.01182680911143,31.221177350171324,163.3096121337879 131.01182961797758,31.2211752559924,163.36808230701993 131.01183242628923,31.2211731620768,163.4255328605634 131.0118352340424,31.221171068417448,163.4819612645314 131.01183804123315,31.22116897500761,163.5373650784761 131.0118408478578,31.22116688184097,163.59174194840642 131.01184365391265,31.221164788911583,163.64508960082495 131.01184645939423,31.221162696213927,163.6974058626036 131.01184926429917,31.221160603742888,163.74868865502253 131.0118520686243,31.22115851149376,163.7989360027127 131.01185487236654,31.22115641946224,163.84814603465014 131.0118576755231,31.22115432764448,163.89631698614372 131.0118604780912,31.22115223603699,163.94344720280924 131.01186328006844,31.221150144636766,163.98953514752833 131.01186608145252,31.221148053441222,164.034579392495 131.01186888224137,31.221145962448126,164.07857863611304 131.0118716824331,31.221143871655727,164.12153169603766 131.0118744820261,31.221141781062656,164.16343751215723 131.01187728101888,31.221139690667982,164.20429514559936 131.01188007941036,31.22113760047113,164.24410378469327 131.01188287719953,31.221135510471985,164.28286275093456 131.01188567438572,31.221133420670768,164.3205714880506 131.01188847096847,31.22113133106816,164.35722956796482 131.0118912669476,31.221129241665125,164.39283669477135 131.0118940623232,31.221127152463072,164.427392706724 131.0118968570956,31.221125063463752,164.460897559338 131.01189965126537,31.22112297466925,164.49335135023992 131.0119024448334,31.221120886082016,164.5247542982933 131.01190523780085,31.22111879770481,164.55510675353935 131.01190803016917,31.22111670954074,164.58440919322075 131.01191082193995,31.221114621593205,164.6126622207884 131.01191361311527,31.22111253386588,164.63986656590023 131.0119164036974,31.22111044636275,164.66602307647116 131.01191919368873,31.22110835908805,164.6911327305996 131.01192198309212,31.221106272046285,164.71519661867845 131.0119247719107,31.2211041852422,164.7382159493561 131.01192756014777,31.22110209868076,164.76019204854595 131.01193034780687,31.221100012367145,164.78112635445493 131.01193313489205,31.22109792630674,164.801020412615 131.01193592140723,31.22109584050511,164.8198758748891 131.011938707357,31.221093754967992,164.83769449748445 131.01194149274588,31.221091669701263,164.854478138964 131.01194427757875,31.22108958471097,164.8702287503084 131.01194706186087,31.221087500003268,164.88494837193437 131.01194984559748,31.22108541558439,164.89863914562264 131.0119526287942,31.221083331460715,164.91130328171755 131.0119554114569,31.22108124763868,164.92294308596544 131.01195819359148,31.221079164124767,164.9335609306898 131.01196097520426,31.221077080925543,164.94315926572554 131.01196375630158,31.2210749980476,164.95174060351056 131.01196653689004,31.22107291549752,164.9593075230622 131.01196931697646,31.22107083328193,164.9658626620258 131.0119720965677,31.22106875140745,164.97140871071304 131.01197487567083,31.22106666988064,164.97594840812462 131.01197765429313,31.22106458870807,164.97948453499552 131.01198043244187,31.221062507896235,164.98201991280067 131.01198321012453,31.221060427451576,164.9835573997793 131.01198598734862,31.221058347380485,164.98409987602818 131.01198876412184,31.221056267689224,164.9836502514524 131.0119915404519,31.221054188384,164.9822114508573 131.01199431634657,31.2210521094709,164.97978641196218 131.0119970918136,31.22105003095588,164.9763780844048 131.011999866861,31.221047952844778,164.97198941881166 131.01200264149657,31.22104587514331,164.96662335884483 131.0120054157282,31.221043797857007,164.96028285014958 131.01200818956377,31.22104172099128,164.95297082047517 131.01201096301116,31.22103964455135,164.94469017868204 131.0120137360782,31.221037568542275,164.935443814743 131.01201650877266,31.221035492968927,164.92523459079743 131.01201928110223,31.221033417835983,164.91406533717722 131.01202205307453,31.22103134314795,164.9019388444545 131.0120248246971,31.221029268909096,164.88885786543224 131.01202759597734,31.221027195123508,164.8748251032149 131.01203036692257,31.221025121795048,164.85984321319918 131.01203313753996,31.22102304892737,164.84391479114652 131.01203590783643,31.22102097652392,164.8270423801411 131.0120386778189,31.22101890458788,164.80922845269916 131.012041447494,31.221016833122224,164.79047541872208 131.01204421686816,31.22101476212969,164.77078561257443 131.01204698594768,31.2210126916128,164.7501612980557 131.01204975473857,31.22101062157384,164.72860465547762 131.01205252324658,31.221008552014816,164.7061177816661 131.0120552914773,31.22100648293756,164.68270269393705 131.01205805943607,31.221004414343604,164.65836131518736 131.01206082712787,31.2210023462343,164.63309547886558 131.0120635945574,31.22100027861073,164.6069069220134 131.0120663617292,31.220998211473752,164.57979728725567 131.0120691286474,31.22099614482398,164.5517681138539 131.0120718953158,31.22099407866181,164.52282083870088 131.01207466173793,31.22099201298741,164.49295680129111 131.01207742791695,31.220989947800696,164.4621772248349 131.01208019385584,31.220987883101408,164.43048323116932 131.012082959557,31.22098581888901,164.39787583280523 131.0120857250226,31.220983755162816,164.3643559329286 131.01208849025443,31.220981691921867,164.32992431744887 131.01209125525403,31.220979629165047,164.29458166195556 131.01209402002235,31.22097756689101,164.2583285327141 131.01209678456013,31.22097550509824,164.22116538169468 131.01209954886767,31.220973443785024,164.18309253663364 131.012102312945,31.22097138294947,164.1441102248872 131.01210507679153,31.2209693225895,164.10421855454743 131.01210784040657,31.22096726270288,164.06341751642967 131.01211060378884,31.220965203287225,164.02170699301763 131.01211336693677,31.22096314434,163.97908675349427 131.01211612984835,31.22096108585847,163.9355564527466 131.01211889252124,31.22095902783984,163.89111564031188 131.0121216549527,31.22095697028116,163.84576375043773 131.0121244171396,31.22095491317935,163.7995001159967 131.01212717907848,31.220952856531223,163.75232395556554 131.0121299407654,31.220950800333505,163.70423439827263 131.01213270219617,31.22094874458281,163.65523045199183 131.01213546336615,31.22094668927568,163.60531104210617 131.01213822427047,31.220944634408568,163.55447499162807 131.0121409849037,31.22094257997791,163.5027210211996 131.01214374526035,31.220940525980016,163.4500477649943 131.0121465053343,31.220938472411195,163.39645377469378 131.0121492651193,31.220936419267726,163.3419375045767 131.01215202460872,31.220934366545823,163.2864973333857 131.0121547837957,31.220932314241715,163.2301315593579 131.01215754267287,31.22093026235161,163.1728384022109 131.01216030123285,31.220928210871715,163.11461601308267 131.01216305946778,31.22092615979825,163.0554624675731 131.01216581736972,31.22092410912744,162.99537578860432 131.01216857493029,31.220922058855567,162.93435392554676 131.012171332141,31.220920008978936,162.8723947800621 131.0121740889931,31.22091795949389,162.80949619516852 131.01217684547768,31.22091591039681,162.74565597213697 131.01217960158553,31.220913861684185,162.6808718605524 131.01218235730738,31.22091181335252,162.6151415781899 131.01218511263372,31.220909765398428,162.54846280306515 131.01218786755493,31.22090771781861,162.48083318337086 131.01219062206127,31.22090567060985,162.41225033747787 131.0121933761429,31.220903623769008,162.3427118767941 131.01219612978977,31.2209015772931,162.27221537793423 131.01219888299192,31.220899531179185,162.2007584185002 131.01220163573927,31.22089748542451,162.12833856018503 131.0122043880216,31.22089544002639,162.05495336666138 131.01220713982875,31.220893394982284,161.98060040656452 131.01220989115063,31.2208913502898,161.9052772475264 131.012212641977,31.220889305946645,161.82898147605482 131.01221539229775,31.220887261950715,161.75171069157005 131.01221814210285,31.22088521830001,161.67346251236552 131.0122208913822,31.220883174992704,161.5942345855496 131.0122236401259,31.220881132027085,161.51402458803585 131.01222638832422,31.220879089401645,161.4328302265458 131.01222913596737,31.220877047115,161.35064924953255 131.0122318830458,31.22087500516589,161.2674794501644 131.0122346295501,31.220872963553287,161.18331867129362 131.01223737547113,31.22087092227625,161.0981647945214 131.0122401207998,31.22086888133405,161.0120157700168 131.01224286552738,31.22086684072608,160.92486960160704 131.01224560964522,31.220864800451903,160.83672435771012 131.01224835314508,31.22086276051124,160.7475781733222 131.01225109601884,31.22086072090396,160.65742925200584 131.0122538382588,31.22085868163007,160.56627587284626 131.01225657985748,31.220856642689768,160.47411639343366 131.01225932080763,31.22085460408336,160.38094924986183 131.0122620611026,31.22085256581134,160.28677296169982 131.01226480073586,31.2208505278743,160.1915861339761 131.0122675397012,31.22084849027299,160.09538746513303 131.01227027799305,31.22084645300829,159.99817573907356 131.01227301560598,31.22084441608122,159.8999498331123 131.01227575253506,31.220842379492915,159.8007087289099 131.0122784887758,31.220840343244607,159.70045150153862 131.01228122432403,31.2208383073377,159.5991773165009 131.0122839591762,31.22083627177365,159.49688545954692 131.01228669332895,31.22083423655404,159.39357530188727 131.0122894267797,31.220832201680555,159.28924633100456 131.012292159526,31.220830167154947,159.18389813176847 131.01229489156603,31.22082813297908,159.0775303963762 131.0122976228986,31.220826099154888,158.9701429303147 131.0123003535227,31.220824065684344,158.8617356414284 131.012303083438,31.220822032569547,158.75230854091325 131.01230581264468,31.220819999812576,158.64186175822476 131.0123085411433,31.220817967415627,158.53039552120083 131.012311268935,31.22081593538089,158.41791016699483 131.0123139960214,31.220813903710614,158.30440614207484 131.01231672240462,31.220811872407072,158.18988399824994 131.01231944808728,31.220809841472544,158.0743443926681 131.01232217307253,31.220807810909346,157.9577880798672 131.01232489736398,31.22080578071976,157.84021593065907 131.01232762096572,31.220803750906096,157.72162890529296 131.0123303438824,31.220801721470654,157.60202806538405 131.01233306611903,31.220799692415696,157.48141457689556 131.01233578768128,31.22079766374349,157.35978969522927 131.01233850857508,31.220795635456223,157.23715477417218 131.01234122880692,31.22079360755611,157.1135112499935 131.0123439483838,31.22079158004525,156.98886065933564 131.01234666731307,31.220789552925744,156.86320461834265 131.01234938560253,31.220787526199608,156.73654482464826 131.01235210326038,31.22078549986881,156.6088830573759 131.0123548202953,31.22078347393525,156.4802211781339 131.01235753671625,31.22078144840072,156.35056110914843 131.0123602525327,31.22077942326697,156.2199048591075 131.01236296775429,31.220777398535663,156.08825448837229 131.01236568239116,31.22077537420836,155.95561212687 131.01236839645372,31.22077335028653,155.82197996614167 131.0123711099527,31.220771326771555,155.687360242446 131.01237382289904,31.22076930366469,155.55175525663944 131.01237653530404,31.220767280967124,155.41516734634533 131.0123792471792,31.220765258679908,155.27759889490133 131.01238195853628,31.220763236804,155.1390523224122 131.0123846693872,31.220761215340243,154.9995300837651 131.01238737974398,31.22075919428936,154.85903466266456 131.01239008961906,31.220757173651965,154.71756856964615 131.01239279902467,31.220755153428566,154.57513433313144 131.01239550797342,31.22075313361952,154.43173449942776 131.0123982164779,31.220751114225106,154.2873716208027 131.0124009245507,31.220749095245463,154.14204826244108 131.01240363220455,31.220747076680617,153.99576698654354 131.01240633945216,31.22074505853048,153.8485303572954 131.01240904630612,31.22074304079486,153.70034092198375 131.01241175277914,31.22074102347343,153.55120122391767 131.0124144588838,31.220739006565783,153.40111378652716 131.01241716463247,31.22073699007136,153.25008111236872 131.01241987003763,31.22073497398953,153.09810567914985 131.01242257511143,31.22073295831955,152.94518992780354 131.0124252798659,31.220730943060577,152.79133626845066 131.0124279843129,31.220728928211656,152.63654707344375 131.012430688464,31.220726913771745,152.48082467041004 131.0124333923306,31.22072489973973,152.3241713333047 131.0124360959238,31.220722886114388,152.16658929135968 131.0124387992544,31.220720872894425,152.00808071317812 131.01244150233285,31.220718860078456,151.8486477097176 131.0124442051693,31.22071684766505,151.68829232435144 131.01244690777347,31.2207148356527,151.5270165338619 131.0124496101548,31.220712824039808,151.364822247448 131.0124523123222,31.220710812824773,151.2017112928087 131.01245501428428,31.220708802005912,151.03768542310223 131.01245771604903,31.220706791581502,150.87274631197593 131.01246041762403,31.220704781549777,150.7068955456147 131.01246311901653,31.220702771908968,150.54013462075355 131.012465820233,31.22070076265724,150.37246495362373 131.01246852127954,31.22069875379278,150.20388785709045 131.01247122216168,31.22069674531372,150.03440455854624 131.0124739228844,31.220694737218224,149.86401618002975 131.01247662345213,31.220692729504425,149.692723752143 131.01247932386863,31.22069072217048,149.52052820311656 131.01248202413717,31.22068871521456,149.34743035781668 131.01248472426028,31.220686708634847,149.17343093774423 131.01248742424002,31.22068470242956,148.99853056202917 131.01249012407774,31.22068269659696,148.8227297424612 131.01249282377418,31.22068069113531,148.64602888746367 131.0124955233294,31.22067868604296,148.46842829613144 131.0124982227429,31.220676681318324,148.28992815922456 131.01250092201343,31.220674676959817,148.1105285651305 131.0125036211392,31.220672672965968,147.9302294958896 131.01250632011772,31.22067066933537,147.74903081725412 131.01250901894582,31.22066866606669,147.56693230254365 131.0125117176197,31.22066666315865,147.38393361375927 131.012514416135,31.22066466061012,147.20003430555923 131.01251711448657,31.22066265842002,147.01523383818 131.01251981266878,31.22066065658738,146.82953156451438 131.01252251067527,31.22065865511133,146.64292673508115 131.01252520849914,31.22065665399113,146.45541851193954 131.01252790613285,31.220654653226145,146.26700595179264 131.01253060356822,31.220652652815858,146.077688023877 131.01253330079655,31.22065065275986,145.88746360598614 131.01253599780858,31.220648653057896,145.6963314824841 131.01253869459447,31.220646653709824,145.5042903562303 131.01254139114388,31.22064465471564,145.31133884957435 131.01254408744592,31.220642656075487,145.117475502367 131.01254678348917,31.220640657789605,144.92269877692925 131.01254947926176,31.220638659858423,144.72700706600426 131.01255217475148,31.220636662282487,144.53039869573803 131.01255486994546,31.22063466506249,144.33287192269736 131.0125575648306,31.22063266819927,144.13442494678995 131.01256025939338,31.22063067169381,143.93505590629556 131.01256295361986,31.220628675547257,143.73476289177916 131.0125656474958,31.22062667976088,143.53354394311015 131.01256834100678,31.22062468433609,143.3313970564178 131.0125710341378,31.220622689274464,143.12832019204387 131.01257372687397,31.2206206945777,142.92431127354723 131.01257641919986,31.22061870024764,142.71936819565522 131.0125791111001,31.220616706286272,142.51348882724452 131.01258180255903,31.22061471269572,142.30667101829982 131.0125844935609,31.220612719478204,142.0989126068685 131.01258718408982,31.220610726636128,141.89021141309897 131.01258987413,31.220608734172004,141.68056526508138 131.01259256366544,31.22060674208843,141.46997198095664 131.01259525268023,31.22060475038817,141.2584293858122 131.0125979411585,31.22060275907406,141.04593531963502 131.01260062908443,31.22060076814905,140.83248763432755 131.01260331644227,31.220598777616207,140.61808420066575 131.0126060032166,31.22059678747865,140.40272292022593 131.01260868939193,31.22059479773964,140.18640172339718 131.01261137495308,31.22059280840245,139.9691185713674 131.0126140598852,31.22059081947048,139.75087147401587 131.01261674417358,31.220588830947168,139.53165847897804 131.01261942780394,31.220586842836017,139.31147768556147 131.01262211076224,31.220584855140583,139.0903272447448 131.01262479303486,31.22058286786445,138.86820537408786 131.01262747460862,31.22058088101124,138.64511034580255 131.01263015547073,31.22057889458457,138.42104050464516 131.0126328356089,31.220576908588107,138.19599426294587 131.0126355150113,31.220574923025502,137.96997011054776 131.01263819366667,31.2205729379004,137.7429666138133 131.01264087156432,31.22057095321644,137.51498242655776 131.01264354869403,31.220568968977226,137.2860162811029 131.01264622504632,31.220566985186327,137.05606700318657 131.0126489006123,31.22056500184728,136.8251335139514 131.0126515753837,31.220563018963546,136.59321482099793 131.01265424935295,31.22056103653854,136.36031003727024 131.0126569225132,31.220559054575578,136.12641837608635 131.0126595948583,31.220557073077927,135.89153914219318 131.0126622663828,31.220555092048738,135.65567175661425 131.01266493708212,31.220553111491046,135.41881574372968 131.01266760695225,31.2205511314078,135.1809707302818 131.01267027599016,31.220549151801816,134.94213645730267 131.01267294419347,31.220547172675776,134.70231277017533 131.01267561156075,31.22054519403224,134.46149963056052 131.01267827809124,31.220543215873583,134.21969710944046 131.01268094378503,31.220541238202056,133.97690538711797 131.01268360864304,31.220539261019724,133.7331247571931 131.01268627266705,31.220537284328493,133.48835562755804 131.0126889358596,31.220535308130103,133.2425985064808 131.0126915982241,31.220533332426072,132.99585402546728 131.01269425976483,31.22053135721776,132.7481229173949 131.01269692048675,31.220529382506328,132.49940602645208 131.01269958039566,31.220527408292703,132.2497042972046 131.01270223949828,31.220525434577628,131.9990187875192 131.01270489780197,31.220523461361623,131.7473506556406 131.01270755531493,31.22052148864501,131.49470115522303 131.01271021204613,31.220519516427867,131.24107164527095 131.01271286800525,31.22051754471008,130.986463577217 131.01271552320276,31.220515573491284,130.73087849293475 131.0127181776497,31.22051360277091,130.47431802871563 131.0127208313579,31.220511632548163,130.2167839023474 131.01272348433983,31.220509662822,129.9582779200725 131.01272613660856,31.22050769359116,129.698801961679 131.0127287881778,31.22050572485417,129.43835799242936 131.01273143906178,31.22050375660936,129.17694803125312 131.01273408927528,31.22050178885476,128.91457418255536 131.01273673883367,31.2204998215883,128.6512386014276 131.01273938775267,31.220497854807608,128.386943504582 131.0127420360485,31.22049588851016,128.12169116041267 131.01274468373785,31.22049392269315,127.85548389197784 131.01274733083764,31.220491957353687,127.5883240601038 131.0127499773652,31.22048999248861,127.32021406238908 131.0127526233381,31.22048802809462,127.05115633618956 131.01275526877416,31.220486064168224,126.78115334271432 131.01275791369144,31.220484100705768,126.51020756404372 131.01276055810814,31.220482137703456,126.238321501143 131.01276320204255,31.220480175157338,125.96549767088013 131.012765845513,31.220478213063288,125.69173859211008 131.0127684885379,31.220476251417136,125.41704678070748 131.01277113113557,31.220474290214536,125.14142475751667 131.01277377332437,31.220472329451045,124.86487502250968 131.0127764151224,31.220470369122168,124.58740006373245 131.01277905654774,31.22046840922331,124.30900235332946 131.01278169761812,31.22046644974979,124.02968432766376 131.01278433835117,31.22046449069689,123.74944839427624 131.01278697876407,31.22046253205988,123.468296924927 131.01278961887377,31.220460573833943,123.1862322426748 131.01279225869672,31.22045861601432,122.90325663082297 131.01279489824907,31.22045665859621,122.61937231105144 131.01279753754633,31.220454701574862,122.33458144639968 131.0128001766037,31.220452744945515,122.04888614325483 131.01280281543552,31.22045078870348,121.76228844041748 131.01280545405584,31.22044883284412,121.47479029319842 131.01280809247788,31.220446877362864,121.18639359131032 131.01281073071422,31.22044492225527,120.897100135013 131.01281336877676,31.220442967516945,120.6069116500219 131.0128160066766,31.22044101314365,120.31582975768978 131.01281864442407,31.22043905913123,120.0238560028369 131.01282128119365,31.220437106248927,119.73107713787012 131.01282391701736,31.220435154470845,119.43749259171923 131.01282655155163,31.22043320411825,119.14313997968456 131.01282918451267,31.220431255456305,118.84805080852756 131.01283181561607,31.22042930874982,118.5522566099366 131.01283444457704,31.220427364263177,118.25578891667205 131.01283707111065,31.22042542226016,117.95867924567122 131.01283969493178,31.220423483003767,117.66095906922416 131.01284231575548,31.22042154675617,117.3626598010595 131.01284493329703,31.220419613778425,117.06381278640572 131.01284754727217,31.22041768433041,116.76444926223324 131.01285015739722,31.220415758670647,116.4646003572554 131.01285276338933,31.220413837056125,116.16429707304384 131.0128553649666,31.220411919742222,115.86357025619772 131.01285796184823,31.220410006982547,115.56245059238104 131.0128605537548,31.22040809902874,115.26096858445456 131.01286314040829,31.22040619613038,114.95915454353153 131.01286572153248,31.220404298534824,114.65703857307392 131.012868296853,31.22040240648708,114.35465054603053 131.0128708660974,31.220400520229667,114.0520201058322 131.01287342899568,31.22039864000252,113.74917664253526 131.0128759852799,31.22039676604279,113.446149290834 131.012878534685,31.22039489858479,113.14296690620483 131.01288107694853,31.220393037859804,112.83965806490616 131.01288361181102,31.22039118409601,112.5362510520497 131.01288613901605,31.22038933751837,112.23277384967292 131.0128886583104,31.220387498348515,111.92925412580465 131.01289116944437,31.220385666804614,111.62571922849943 131.01289367217183,31.22038384310132,111.322196182857 131.01289616625033,31.22038202744949,111.01871167710368 131.01289865144128,31.22038022005641,110.71529205364672 131.0129011275102,31.22037842112544,110.41196331404367 131.0129035942267,31.220376630856016,110.1087510991204 131.01290605136475,31.2203748494436,109.80568069493587 131.01290849870267,31.22037307707952,109.5027770228398 131.0129109360234,31.220371313950928,109.20006463251396 131.0129133631145,31.22036956024079,108.8975677069416 131.01291577976835,31.22036781612778,108.59531004650164 131.01291818578213,31.220366081786203,108.293315072944 131.01292058095808,31.220364357385968,107.99160582839384 131.0129229651034,31.220362643092507,107.690204962429 131.01292533803056,31.22036093906675,107.38913474599435 131.0129276995571,31.220359245465115,107.08841705052632 131.01293004950602,31.220357562439467,106.78807335987965 131.0129323877055,31.220355890137025,106.4881247633679 131.01293471398915,31.22035422870044,106.18859195278075 131.0129370281961,31.220352578267605,105.88949522436928 131.01293933017087,31.220350938971865,105.59085448083404 131.01294161976355,31.22034931094188,105.29268922038808 131.0129438968298,31.22034769430161,104.99501854570256 131.0129461612306,31.220346089170388,104.6978611589348 131.01294841283283,31.22034449566277,104.40123536371496 131.01295065150867,31.22034291388876,104.10515906315636 131.01295287713592,31.22034134395365,103.80964976184192 131.012955089598,31.22033978595817,103.51472456582307 131.01295728878372,31.22033823999841,103.22040017864144 131.01295947458752,31.220336706165845,102.92669291126796 131.01296164690928,31.220335184547373,102.63361867116748 131.01296380565424,31.22033367522544,102.341192971242 131.01296595073313,31.220332178277985,102.04943092883693 131.01296808206197,31.22033069377849,101.75834726872016 131.01297019956203,31.22032922179608,101.467956317117 131.01297230315996,31.2203277623954,101.17827201363708 131.01297439278747,31.22032631563689,100.88930790133172 131.01297646838142,31.22032488157673,100.6010771396158 131.01297852988367,31.22032346026687,100.31359249134216 131.01298057724117,31.220322051755176,100.02686634665946 131.01298261040552,31.220320656085345,99.74091070014492 131.01298462933337,31.22031927329705,99.45573717267357 131.0129866339859,31.22031790342612,99.17135699849344 131.01298862432907,31.22031654650437,98.88778104112812 131.01299060033332,31.22031520255992,98.60501978741205 131.0129925619735,31.22031387161704,98.32308335047048 131.01299450922892,31.220312553696267,98.04198147270031 131.01299644208305,31.22031124881466,97.76172353570811 131.01299836052354,31.22030995698568,97.4823185513636 131.01300026454217,31.220308678219343,97.2037751727314 131.01300215413457,31.22030741252232,96.9261016990404 131.01300402930036,31.22030615989783,96.64930607071187 131.0130058900428,31.22030492034599,96.3733958792984 131.01300773636888,31.220303693863723,96.09837836847623 131.0130095682891,31.22030248044491,95.82426044000862 131.01301138581744,31.22030128008042,95.55104865573136 131.01301318897117,31.22030009275817,95.27874924152913 131.0130149777709,31.22029891846323,95.00736808633896 131.0130167522402,31.22029775717795,94.73691076302369 131.01301851240595,31.220296608882,94.46738251147188 131.01302025829773,31.220295473552447,94.19878825748413 131.01302198994796,31.220294351163847,93.9311326097885 131.01302370739197,31.22029324168817,93.66441986401598 131.01302541066758,31.220292145095183,93.39865401959744 131.01302709981513,31.22029106135229,93.13383876187028 131.01302877487754,31.220289990424703,92.8699774938857 131.0130304358999,31.22028893227548,92.6070733185152 131.01303208292967,31.22028788686556,92.34512905335988 131.0130337160165,31.220286854153898,92.0841472387016 131.01303533521195,31.220285834097588,91.82413013253128 131.01303694056966,31.22028482665185,91.56507972744718 131.01303853214517,31.220283831770114,91.30699774369435 131.01304010999576,31.220282849404104,91.04988564904548 131.01304167456155,31.2202818791536,90.79368982184872 131.01304322587353,31.220280920994508,90.53841507253854 131.01304476413927,31.220279974740148,90.2840407755467 131.01304628953298,31.220279040234647,90.03055095908067 131.0130478022255,31.22027811732504,89.77792996043682 131.01304930238447,31.220277205861183,89.52616244090997 131.01305079017433,31.22027630569596,89.27523337287299 131.01305226575616,31.22027541668505,89.02512804176652 131.01305372928817,31.22027453868691,88.77583203019587 131.0130551809253,31.22027367156265,88.52733121097408 131.01305662081984,31.220272815176035,88.27961174016576 131.013058049121,31.22027196939322,88.0326600312435 131.01305946597526,31.22027113408305,87.78646277894484 131.01306087152628,31.220270309116746,87.54100693442433 131.01306226591498,31.22026949436791,87.29627970028302 131.01306364927976,31.220268689712487,87.05226852659514 131.01306502175635,31.22026789502863,86.80896109897925 131.013066383478,31.22026711019676,86.56634533462444 131.01306773457537,31.22026633509947,86.32440937831457 131.0130690751769,31.22026556962148,86.08314159745939 131.01307040540848,31.220264813649568,85.84253057414348 131.01307172539373,31.22026406707254,85.60256509518607 131.0130730352541,31.2202633297811,85.36323415512538 131.01307433510874,31.220262601667983,85.1245269413076 131.0130756250746,31.22026188262781,84.88643284382938 131.01307690526653,31.22026117255701,84.64894143366891 131.01307817579732,31.220260471353875,84.41204246666325 131.01307943677773,31.220259778918354,84.17572588152137 131.01308068831648,31.22025909515221,83.9399817918725 131.01308193052034,31.22025841995889,83.70480047632577 131.0130831634942,31.220257753243487,83.4701723894067 131.01308438734102,31.22025709491276,83.23608813869348 131.01308560216202,31.22025644487496,83.00253849972965 131.01308680805653,31.22025580303993,82.76951439713746 131.01308800512217,31.22025516931904,82.53700690859408 131.01308919345476,31.22025454362515,82.30500726284535 131.01309037314851,31.22025392587259,82.07350682976492 131.01309154429595,31.220253315977114,81.84249712631971 131.01309270698806,31.2202527138558,81.61196979867756 131.013093861314,31.22025211942716,81.3819166371185 131.01309500736164,31.22025153261104,81.15232956112432 131.0130961452172,31.220250953328566,80.92320062236176 131.01309727496533,31.22025038150224,80.69452199474219 131.01309839668937,31.22024981705569,80.46628597939245 131.0130995104711,31.220249259913857,80.23848499670342 131.013100616391,31.22024871000284,80.01111159030557 131.0131017145281,31.220248167249988,79.78415841911853 131.01310280496003,31.22024763158379,79.55761825238011 131.01310388776315,31.220247102933865,79.33148397759939 131.01310496301258,31.22024658123089,79.10574858365912 131.01310603078204,31.2202460664067,78.88040517771405 131.01310709114415,31.220245558394204,78.65544696431654 131.01310814417016,31.22024505712733,78.4308672523756 131.0131091899302,31.22024456254108,78.20665945714497 131.0131102284932,31.22024407457141,77.98281708630736 131.01311125992697,31.220243593155267,77.75933374991473 131.0131122842981,31.22024311823061,77.53620315442473 131.0131133016722,31.220242649736324,77.31341909474845 131.0131143121137,31.220242187612257,77.09097546916173 131.01311531568595,31.220241731799167,76.86886625246589 131.01311631245136,31.22024128223861,76.64708552083961 131.01311730247124,31.22024083887318,76.42562742897593 131.01311828580583,31.22024040164621,76.20448622399901 131.01311926251464,31.22023997050197,75.98365623254217 131.01312023265584,31.220239545385542,75.7631318696947 131.01312119628693,31.220239126242763,75.54290762409094 131.01312215346445,31.2202387130203,75.322978073816 131.01312310424393,31.22023830566564,75.10333787050028 131.01312404868008,31.220237904127032,74.88398174230302 131.0131249868267,31.220237508353463,74.66490449689381 131.0131259187368,31.22023711829467,74.44610101747729 131.01312684446242,31.22023673390108,74.2275662548405 131.01312776405496,31.220236355123888,74.00929524524653 131.0131286775648,31.220235981914986,73.7912830806126 131.01312958504172,31.22023561422696,73.57352493435624 131.01313048653455,31.22023525201304,73.35601604648438 131.01313138209156,31.220234895227087,73.13875172160557 131.01313227176013,31.220234543823697,72.92172733688281 131.01313315558687,31.22023419775806,72.70493833507521 131.0131340336178,31.220233856986017,72.48838022056165 131.01313490589814,31.220233521464024,72.27204856331801 131.0131357724725,31.22023319114907,72.05593899792271 131.0131366333848,31.22023286599881,71.84004722057477 131.01313748867824,31.22023254597147,71.62436899008857 131.01313833839535,31.220232231025854,71.40890012689923 131.0131391825782,31.22023192112133,71.19363650511073 131.01314002126796,31.220231616217777,70.97857406343138 131.01314085450548,31.22023131627564,70.76370879920832 131.01314168233077,31.22023102125588,70.5490367624642 131.01314250478345,31.22023073112004,70.33455406186168 131.01314332190236,31.220230445830136,70.12025686569774 131.013144133726,31.22023016534864,69.90614139295677 131.0131449402921,31.22022988963857,69.69220391430532 131.01314574163808,31.22022961866343,69.4784407590504 131.01314653780062,31.2202293523872,69.26484831215792 131.01314732881588,31.22022909077432,69.05142300033522 131.01314811471977,31.220228833789665,68.83816130893098 131.01314889554737,31.22022858139857,68.62505977398247 131.0131496713335,31.22022833356685,68.4121149782399 131.01315044211245,31.22022809026073,68.19932355812408 131.01315120791796,31.22022785144688,67.98668219776373 131.01315196878335,31.220227617092306,67.77418762601147 131.0131527247416,31.220227387164524,67.56183662439841 131.01315347582505,31.220227161631417,67.34962601321595 131.01315422206576,31.22022694046127,67.13755267438025 131.0131549634953,31.22022672362277,66.92561351862781 131.01315570014495,31.220226511084924,66.71380551434368 131.01315643204535,31.220226302817164,66.50212566569189 131.01315715922692,31.220226098789308,66.29057102454487 131.01315788171965,31.22022589897152,66.07913869247116 131.01315859955315,31.22022570333431,65.86782580582499 131.01315931275664,31.2202255118485,65.6566295486689 131.01316002135903,31.22022532448532,65.44554714084538 131.0131607253888,31.220225141216307,65.23457585189361 131.01316142487403,31.22022496201333,65.02371298613863 131.01316211984272,31.220224786848608,64.81295589064466 131.0131628103222,31.2202246156946,64.60230195521403 131.01316349633973,31.22022444852413,64.39174860542977 131.0131641779221,31.22022428531037,64.18129330663159 131.01316485509582,31.22022412602673,63.970933566898296 131.01316552788717,31.22022397064693,63.76066692810113 131.013166196322,31.220223819144977,63.550490968886464 131.013166860426,31.220223671495148,63.340403310639694 131.01316752022444,31.22022352767207,63.13040160754549 131.01316817574246,31.220223387650588,62.92048355155734 131.0131688270048,31.220223251405784,62.71064687239836 131.01316947403595,31.22022311891305,62.500889331596646 131.01317011686027,31.22022299014805,62.291208726461626 131.0131707555017,31.22022286508667,62.08160289604862 131.0131713899839,31.22022274370508,61.87206970525392 131.01317202033056,31.220222625979616,61.66260705773795 131.0131726465648,31.22022251188693,61.45321288697805 131.01317326870975,31.220222401403905,61.24388516521601 131.01317388678817,31.22022229450764,61.03462189252275 131.0131745008226,31.220222191175463,60.825421103757485 131.01317511083548,31.22022209138485,60.61628086657896 131.01317571684896,31.22022199511365,60.40719927945823 131.01317631888494,31.22022190233981,60.198174470683846 131.0131769169652,31.220221813041547,59.98920460432712 131.01317751111125,31.2202217271972,59.78028786731853 131.0131781013445,31.220221644785383,59.571422483365474 131.01317868768606,31.22022156578491,59.36260670897576 131.01317927015694,31.220221490174776,59.15383881854636 131.01317984877792,31.22022141793414,58.945117124245336 131.01318042356965,31.220221349042365,58.7364399670654 131.01318099455258,31.22022128347901,58.527805716823245 131.013181561747,31.220221221223813,58.31921276917812 131.013182125173,31.22022116225669,58.11065954364339 131.0131826848506,31.220221106557688,57.902144498498046 131.01318324079963,31.220221054107064,57.69366610891661 131.0131837930397,31.220221004885257,57.48522288188089 131.0131843415903,31.220220958872847,57.276813350215086 131.01318488647087,31.220220916050543,57.06843606960416 131.0131854277006,31.22022087639924,56.860089629528325 131.0131859652986,31.22022083990001,56.6517726403404 131.0131864992838,31.22022080653408,56.443483732271325 131.01318702967512,31.22022077628272,56.23522157332442 131.01318755649123,31.220220749127467,56.02698484144041 131.01318807975068,31.22022072504996,55.81877225233252 131.01318859947196,31.220220704031977,55.6105825366216 131.01318911567338,31.220220686055416,55.40241445574292 131.01318962837328,31.2202206711023,55.19426678703368 131.0131901375897,31.220220659154823,54.986138338645226 131.0131906433407,31.22022065019531,54.77802793661933 131.01319114564413,31.22022064420617,54.5699344288652 131.01319164451783,31.22022064116993,54.36185668913551 131.0131921399796,31.220220641069297,54.15379361503848 131.01319263204692,31.220220643887064,53.94574411710256 131.01319312073738,31.220220649606134,53.73770713965302 131.01319360606843,31.22022065820949,53.52968163695338 131.01319408805736,31.220220669680312,53.321666592093365 131.01319456672147,31.22022068400184,53.113661003071336 131.01319504207788,31.22022070115741,52.905663892735824 131.01319551414372,31.220220721130456,52.69767429983848 131.01319598293597,31.22022074390457,52.48969129096316 131.01319644847155,31.2202207694634,52.28171393965008 131.01319691076736,31.22022079779072,52.07374135124835 131.01319736984016,31.220220828870325,51.86577264203976 131.01319782570664,31.22022086268621,51.65780695017418 131.0131982783834,31.22022089922245,51.44984343368134 131.0131987278871,31.22022093846313,51.2418812664942 131.0131991742342,31.220220980392465,51.033919640437645 131.0131996174411,31.220221024994785,50.82595776622227 131.0132000575242,31.220221072254496,50.61799487344468 131.0132004944998,31.22022112215608,50.4100302036288 131.0132009283842,31.220221174684056,50.20206302314904 131.01320135919354,31.22022122982312,49.99409261130127 131.01320178694402,31.220221287558,49.78611825930869 131.0132022116516,31.22022134787344,49.57813928324543 131.01320263333247,31.22022141075436,49.37015500713655 131.01320305200247,31.22022147618572,49.16216478184627 131.01320346767756,31.220221544152544,48.95416796022514 131.01320388037362,31.220221614639897,48.74616391798679 131.01320429010647,31.22022168763297,48.5381520457544 131.01320469689188,31.22022176311703,48.33013175005552 131.01320510074558,31.220221841077336,48.1221024483512 131.01320550168327,31.22022192149928,47.914063574006725 131.01320589972053,31.22022200436832,47.70601457529756 131.013206294873,31.22022208966995,47.49795491540911 131.01320668715618,31.220222177389704,47.289884068460736 131.0132070765856,31.22022226751324,47.081801527458445 131.0132074631767,31.220222360026263,46.8737067923656 131.01320784694497,31.220222454914506,46.66559937407933 131.0132082279057,31.22022255216376,46.45747880834848 131.0132086060743,31.22022265175993,46.24934463191455 131.01320898146597,31.220222753688937,46.04119640338817 131.01320935409603,31.22022285793672,45.83303368137891 131.01320972397974,31.22022296448933,45.624856049347926 131.01321009113224,31.220223073332903,45.41666309671989 131.01321045556867,31.22022318445353,45.20845442087119 131.01321081730416,31.220223297837407,45.00022964104756 131.01321117635376,31.22022341347081,44.791988374505614 131.01321153273253,31.220223531340046,44.583730260371325 131.01321188645545,31.2202236514314,44.375454943734326 131.01321223753752,31.22022377373132,44.16716208061855 131.0132125859936,31.220223898226266,43.95885133599394 131.01321293183867,31.22022402490268,43.750522392723646 131.0132132750875,31.22022415374713,43.54217493267588 131.01321361575495,31.220224284746223,43.333808653623535 131.01321395385585,31.220224417886577,43.12542326725661 131.01321428940494,31.220224553154857,42.91701848426992 131.01321462241688,31.22022469053781,42.70859403325164 131.01321495290637,31.22022483002221,42.500149646765685 131.0132152808881,31.220224971594856,42.29168506831053 131.01321560637666,31.2202251152426,42.08320005430725 131.0132159293866,31.22022526095239,41.87469436316455 131.01321624993253,31.220225408711087,41.66616776323167 131.01321656802887,31.220225558505746,41.45762003578069 131.01321688369015,31.2202257103234,41.24905096407127 131.0132171969308,31.22022586415104,41.040460344285975 131.01321750776515,31.22022601997584,40.83184797558907 131.01321781620769,31.22022617778497,40.62321366807967 131.01321812227266,31.22022633756553,40.41455723782092 131.01321842597434,31.220226499304843,40.205878510816845 131.01321872732703,31.22022666299016,39.99717731505874 131.01321902634487,31.220226828608727,39.78845349444385 131.0132193230421,31.220226996147968,39.57970688590966 131.01321961743287,31.220227165595272,39.37093734528168 131.01321990953127,31.220227336938,39.16214473136731 131.01322019935128,31.220227510163674,38.95332890893821 131.013220486907,31.220227685259804,38.744489747736175 131.01322077221235,31.22022786221388,38.53562712247342 131.01322105528135,31.22022804101353,38.32674091879687 131.01322133612783,31.22022822164639,38.11783102533556 131.01322161476568,31.22022840410004,37.90889733270633 131.01322189120867,31.22022858836224,37.69993974345532 131.01322216547064,31.22022877442072,37.49095816211641 131.0132224375652,31.22022896226319,37.28195250018212 131.01322270750617,31.220229151877536,37.07292267113295 131.01322297530712,31.22022934325156,36.86386859739615 131.01322324098163,31.220229536373143,36.65479020040453 131.01322350454328,31.22022973123024,36.44568741550863 131.01322376600555,31.220229927810745,36.23656017607016 131.0132240253819,31.220230126102702,36.02740841843323 131.01322428268568,31.220230326094164,35.8182320888828 131.01322453793037,31.22023052777313,35.60903113270976 131.01322479112915,31.22023073112776,35.39980550613973 131.01322504229535,31.22023093614618,35.1905551624163 131.01322529144218,31.22023114281655,34.98128005975308 131.0132255385828,31.220231351127143,34.77198016531085 131.01322578373026,31.22023156106616,34.562655448238495 131.01322602689768,31.22023177262191,34.35330587271407 131.01322626809795,31.22023198578276,34.14393141782738 131.01322650734417,31.22023220053701,33.93453206167405 131.01322674464913,31.22023241687313,33.72510778632604 131.01322698002568,31.22023263477953,33.51565857087282 131.0132272134866,31.22023285424469,33.30618441229812 131.0132274450446,31.22023307525717,33.09668529267356 131.01322767471245,31.220233297805464,32.88716120898278 131.01322790250256,31.22023352187822,32.677612155226626 131.01322812842764,31.22023374746403,32.468038134353385 131.0132283525001,31.2202339745516,32.2584391463288 131.01322857473244,31.220234203129632,32.04881519310664 131.0132287951369,31.220234433186835,31.83916628161145 131.01322901372595,31.220234664712063,31.62949242473255 131.01322923051174,31.220234897694088,31.4197936303885 131.01322944550645,31.220235132121804,31.21006991246253 131.0132296587221,31.22023536798409,31.000321286826217 131.01322987017096,31.220235605269902,30.79054776935116 131.01323007986483,31.22023584396824,30.58074938286777 131.01323028781576,31.220236084068063,30.37092614722413 131.01323049403547,31.220236325558503,30.161078087238906 131.0132306985359,31.22023656842857,29.95120522673676 131.01323090132863,31.220236812667505,29.74130759153052 131.0132311024254,31.2202370582644,29.53138521240372 131.01323130183775,31.220237305208503,29.321438117157427 131.0132314995772,31.220237553489063,29.111466338563663 131.01323169565515,31.22023780309537,28.90146991038836 131.01323189008306,31.220238054016782,28.69144886440929 131.01323208287215,31.220238306242617,28.48140323836906 131.01323227403367,31.220238559762368,28.27133306901628 131.0132324635788,31.2202388145654,28.06123839409352 131.0132326515186,31.22023907064129,27.85111924935537 131.01323283786405,31.22023932797949,27.640975682485955 131.0132330226261,31.22023958656965,27.430807726257378 131.01323320581565,31.22023984640129,27.22061543133637 131.01323338744342,31.22024010746417,27.01039883447177 131.01323356752016,31.220240369747863,26.800157982353788 131.01323374605647,31.22024063324219,26.589892921672696 131.01323392306296,31.220240897936844,26.37960369414828 131.01323409855,31.22024116382172,26.16929034945337 131.0132342725281,31.220241430886567,25.95895293129603 131.01323444500758,31.220241699121377,25.748591493325858 131.01323461599858,31.220241968515968,25.538206078256923 131.01323478551137,31.220242239060408,25.32779673874485 131.01323495355598,31.220242510744605,25.117363523468697 131.0132351201424,31.22024278355868,24.906906481107622 131.01323528528064,31.22024305749265,24.696425661335024 131.01323544898048,31.220243332536697,24.485921117800967 131.01323561125173,31.220243608680928,24.27539290017897 131.01323577210405,31.22024388591557,24.064841062119303 131.01323593154703,31.220244164230845,23.85426565428976 131.0132360895903,31.22024444361701,23.64366672934663 131.0132362462431,31.22024472406442,23.43304434193447 131.01323640151503,31.220245005563367,23.22239853973901 131.0132365554153,31.22024528810429,23.011729381381645 131.01323670795304,31.22024557167756,22.80103691653648 131.01323685913744,31.220245856273657,22.59032120084268 131.0132370089775,31.22024614188308,22.379582287951152 131.01323715748222,31.22024642849632,22.16882023051879 131.01323730466046,31.220246716103983,21.95803508319076 131.01323745052105,31.22024700469664,21.74722689862424 131.01323759507267,31.22024729426492,21.53639573345289 131.01323773832397,31.220247584799534,21.325541639339846 131.01323788028347,31.220247876291097,21.11466467093068 131.01323802095976,31.22024816873042,20.90376488585364 131.01323816036108,31.220248462108216,20.69284233278962 131.0132382984959,31.2202487564153,20.481897071355288 131.01323843537233,31.22024905164251,20.270929152220056 131.01323857099862,31.22024934778067,20.05993862804177 131.0132387053828,31.22024964482068,19.84892555644907 131.01323883853283,31.220249942753483,19.637889990099964 131.0132389704567,31.220250241569968,19.42683198364084 131.01323910116224,31.220250541261134,19.21575159072407 131.01323923065715,31.220250841818,19.004648862019632 131.01323935894922,31.22025114323155,18.79352385813915 131.01323948604596,31.22025144549285,18.582376624782025 131.01323961195493,31.220251748592982,18.37120721858346 131.0132397366836,31.22025205252304,18.160015696178714 131.0132398602393,31.22025235727412,17.94880210625001 131.0132399826294,31.22025266283736,17.737566504438657 131.0132401038611,31.220252969203955,17.5263089434036 131.0132402239416,31.22025327636508,17.315029474809748 131.0132403428779,31.22025358431188,17.103728151316286 131.0132404606771,31.220253893035608,16.89240502757076 131.01324057734612,31.220254202527485,16.681060153250055 131.01324069289177,31.22025451277877,16.46969358001943 131.01324080732087,31.22025482378069,16.258305366503414 131.0132409206402,31.22025513552452,16.046895559396667 131.01324103285637,31.220255448001527,15.835464210364746 131.013241143976,31.220255761203013,15.624011371073331 131.0132412540056,31.22025607512026,15.412537096170654 131.01324136295165,31.220256389744577,15.201041433345932 131.01324147082056,31.220256705067257,14.989524440230044 131.01324157761863,31.2202570210796,14.777986160535772 131.0132416833522,31.22025733777289,14.566426647917568 131.0132417880274,31.220257655138443,14.354845955035795 131.01324189165047,31.220257973167527,14.14324413355676 131.01324199422743,31.220258291851465,13.93162122918194 131.01324209576444,31.220258611181503,13.71997729755444 131.01324219626727,31.220258931148933,13.50831238835258 131.01324229574212,31.22025925174501,13.296626548272156 131.01324239419466,31.220259572960945,13.08491983295664 131.0132424916308,31.220259894787976,12.873192288107928 131.0132425880563,31.22026021721729,12.661443970363754 131.0132426834769,31.22026054024008,12.449674922443696 131.01324277789828,31.22026086384748,12.237885198997398 131.01324287132607,31.22026118803061,12.026074847715448 131.01324296376586,31.22026151278056,11.814243922253445 131.01324305522323,31.22026183808835,11.602392470302176 131.01324314570363,31.22026216394504,11.390520538558304 131.01324323521263,31.220262490341515,11.178628185648549 131.01324332375563,31.22026281726873,10.966715451310629 131.01324341133804,31.22026314471752,10.754782391188952 131.01324349796522,31.220263472678702,10.542829054963066 131.01324358364255,31.220263801143016,10.330855494300904 131.01324366837537,31.220264130101103,10.118861754905495 131.01324375216893,31.220264459543586,9.906847887450816 131.01324383502853,31.22026478946097,9.69481394658755 131.0132439169595,31.22026511984369,9.4827599790132 131.013243997967,31.220265450682103,9.270686034407795 131.01324407805632,31.220265781966447,9.058592165434009 131.01324415723266,31.220266113686865,8.84647842077789 131.0132442355012,31.2202664458334,8.634344849125615 131.0132443128673,31.22026677839592,8.422191504134252 131.01324438933605,31.220267111364247,8.210018436478505 131.01324446491273,31.220267444728,7.997825694844762 131.0132445396025,31.220267778476696,7.7856133328904065 131.0132446134108,31.220268112599665,7.573381399302046 131.0132446863427,31.22026844708608,7.36112994475471 131.01324475840354,31.220268781924936,7.148859022906044 131.0132448295873,31.220269117141,6.93656884449168 131.01324489989946,31.220269452722324,6.724259450245554 131.01324496934043,31.22026978867304,6.511930958446491 131.01324503791145,31.22027012499469,6.299583469478572 131.01324510561363,31.22027046168884,6.0872170877027605 131.0132451724481,31.22027079875704,5.874831912509334 131.01324523841595,31.22027113620088,5.662428048259619 131.01324530351832,31.220271474021967,5.450005591361785 131.01324536775616,31.220271812221903,5.237564643195002 131.01324543113054,31.22027215080229,5.025105301161986 131.01324549364244,31.22027248976476,4.812627667636451 131.01324555529283,31.22027282911093,4.600131835050624 131.0132456160826,31.22027316884241,4.38761790478442 131.01324567601276,31.22027350896087,4.175085972252931 131.01324573508415,31.220273849467898,3.962536131877224 131.01324579329773,31.220274190365146,3.7499684820552655 131.0132458506543,31.220274531654205,3.5373831172084937 131.01324590715478,31.220274873336727,3.324780130764351 131.01324596279997,31.220275215414304,3.112159624103855 131.01324601759077,31.220275557888545,2.8995216836955744 131.01324607152787,31.220275900761045,2.6868664059500045 131.01324612461227,31.22027624403337,2.4741938862836417 131.01324617684463,31.22027658770713,2.261504217130623 131.01324622822585,31.22027693178384,2.048797491919436 131.01324627875667,31.220277276265048,1.8360738020903995 131.013246328438,31.22027762115229,1.623333244054872 131.0132463772705,31.220277966447068,1.410575906270978 131.013246425255,31.22027831215085,1.197801883162076 131.01324647239238,31.220278658265112,0.9850112661691588 131.01324651868333,31.220279004791287,0.7722041487217485 131.0132465533007,31.220279239374936,0.5719565073261742 131.01324657543412,31.22027947376085,0.4565749051424961 131.01324651743036,31.22027975251465,0.3197717912092695 131.01324657905943,31.220280014007106,0.2126242991713279 131.01324662153684,31.22028015896578,0.1181556178413593 131.01324665159297,31.22028043300555,0.0332415665887417</coordinates>
            </LineString>
        </Placemark>
        <Placemark id="1705">
            <name>flight_path</name>
            <styleUrl>#1706</styleUrl>
            <LineString id="1704">
                <altitudeMode>clampToGround</altitudeMode>
                <coordinates>131.010392,31.222216000000007,0.0 131.0103920000045,31.222215999991075,0.0 131.0103920000085,31.222215999994766,0.0 131.0103920000085,31.222215999994766,0.0 131.01039200000852,31.222215999994766,0.0 131.01039201539675,31.22221599246117,0.0 131.0103920617776,31.22221596990869,0.0 131.01039213193175,31.22221593580231,0.0 131.01039220552698,31.222215900001803,0.0 131.0103923261533,31.222215841380503,0.0 131.01039241011944,31.222215800500727,0.0 131.01039255023213,31.22221573238213,0.0 131.0103926908424,31.222215663995925,0.0 131.01039284206664,31.22221559043897,0.0 131.01039301222698,31.2222155076778,0.0 131.01039319835945,31.22221541714896,0.0 131.01039339622227,31.222215320908244,0.0 131.0103936086097,31.222215217601374,0.0 131.01039382835415,31.2222151107022,0.0 131.0103940692252,31.222214993537087,0.0 131.0103943154942,31.22221487372917,0.0 131.0103945800907,31.22221474501192,0.0 131.01039485370347,31.222214611898128,0.0 131.01039513986652,31.222214472675024,0.0 131.01039544418495,31.22221432462593,0.0 131.01039575462735,31.22221417358214,0.0 131.01039608061367,31.222214014978025,0.0 131.01039641907315,31.22221385030192,0.0 131.01039677261693,31.22221367828824,0.0 131.01039713608534,31.22221350143773,0.0 131.010397517966,31.22221331563664,0.0 131.01039790540767,31.22221312711366,0.0 131.01039830590005,31.22221293223868,0.0 131.01039871921526,31.222212731122088,0.0 131.01039914602634,31.222212523437697,0.0 131.0103995843797,31.222212310132328,0.0 131.01040002919007,31.222212093670787,0.0 131.010400488852,31.222211869984235,0.0 131.01040096154043,31.222211639957216,0.0 131.01040144391652,31.222211405208075,0.0 131.01040193996343,31.222211163806087,0.0 131.01040244347448,31.22221091875968,0.0 131.01040295825328,31.222210668225145,0.0 131.01040348638034,31.22221041119396,0.0 131.01040402793237,31.222210147628825,0.0 131.0104045774418,31.22220988018005,0.0 131.0104051377902,31.2222096074508,0.0 131.01040571307726,31.222209327453587,0.0 131.01040630329675,31.222209040191352,0.0 131.01040689520636,31.22220875208352,0.0 131.01040750096558,31.22220845723537,0.0 131.0104081214021,31.222208155245536,0.0 131.01040875222748,31.222207848192888,0.0 131.01040938861175,31.222207538419,0.0 131.0104100415545,31.222207220590928,0.0 131.01041070492113,31.22220689768276,0.0 131.0104113765162,31.222206570758807,0.0 131.01041206172027,31.22220623933769,0.0 131.01041275491565,31.222205903638663,0.0 131.01041345921044,31.222205563452288,0.0 131.01041418114383,31.222205215295915,0.0 131.0104149073196,31.222204865708736,0.0 131.0104156443223,31.222204511477504,0.0 131.0104163957099,31.22220415085192,0.0 131.0104171631125,31.22220378300908,0.0 131.01041792776968,31.222203417165904,0.0 131.0104187065002,31.22220304502408,0.0 131.01041950690217,31.222202662754324,0.0 131.01042031059828,31.222202279472697,0.0 131.0104211203081,31.2222018938334,0.0 131.01042194648997,31.222201500523667,0.0 131.01042278631775,31.22220110089758,0.0 131.01042363211,31.22220069884984,0.0 131.01042448651552,31.222200293008257,0.0 131.01042535621983,31.22219987983746,0.0 131.01042624158384,31.22219945904586,0.0 131.01042712612443,31.222199039312244,0.0 131.01042802831577,31.22219861078568,0.0 131.0104289406576,31.222198177367098,0.0 131.0104298620641,31.22219773960224,0.0 131.0104307905594,31.22219729853709,0.0 131.01043173813443,31.222196847423103,0.0 131.0104326948058,31.2221963917166,0.0 131.01043365421447,31.222195935029458,0.0 131.01043463175148,31.222195468476,0.0 131.0104356240236,31.222194993821017,0.0 131.01043661548644,31.222194520156943,0.0 131.0104376228172,31.22219403758353,0.0 131.01043864381913,31.22219354721327,0.0 131.0104396728593,31.222193052377182,0.0 131.01044071077493,31.222192552519747,0.0 131.01044176204704,31.22219204473912,0.0 131.01044282571465,31.22219152948953,0.0 131.0104438940429,31.22219101164246,0.0 131.0104449785956,31.22219048364965,0.0 131.01044607705597,31.222189946812936,0.0 131.0104471788436,31.22218940807796,0.0 131.01044830053368,31.22218885625437,0.0 131.01044943115593,31.22218829856176,0.0 131.0104505648045,31.22218773906264,0.0 131.01045171930835,31.22218716525023,0.0 131.01045288437533,31.22218658410144,0.0 131.0104540589437,31.22218599632038,0.0 131.0104552479389,31.222185398246022,0.0 131.0104564441398,31.222184795007188,0.0 131.0104576488227,31.222184185617326,0.0 131.01045887557504,31.222183559751905,0.0 131.0104600992441,31.22218293621924,0.0 131.0104613456037,31.22218229538316,0.0 131.01046260516665,31.22218164422919,0.0 131.0104638672476,31.222180991051097,0.0 131.0104651423762,31.222180327548845,0.0 131.0104664474581,31.22217963997057,0.0 131.0104677513266,31.222178953117087,0.0 131.01046905574745,31.22217826575459,0.0 131.01047039736477,31.222177547659648,0.0 131.0104717285173,31.222176837896846,0.0 131.01047307723053,31.22217611329132,0.0 131.01047446678507,31.22217535381381,0.0 131.0104758233996,31.222174621969778,0.0 131.0104772209262,31.222173854855736,0.0 131.01047864072987,31.22217306789992,0.0 131.0104800336017,31.22217230402889,0.0 131.01048147955538,31.22217149319476,0.0 131.01048291707883,31.222170689186456,0.0 131.01048435733287,31.22216988235809,0.0 131.01048584446175,31.222169032890605,0.0 131.01048731379333,31.22216819883591,0.0 131.0104887967002,31.222167351991903,0.0 131.01049032035695,31.22216646717674,0.0 131.010491821322,31.22216560256099,0.0 131.01049335374412,31.22216470826321,0.0 131.01049490327253,31.22216379726883,0.0 131.0104964379036,31.222162899553734,0.0 131.01049802406203,31.222161952648587,0.0 131.0104995920071,31.222161022134664,0.0 131.01050117418183,31.222160077445967,0.0 131.01050280276763,31.22215908762116,0.0 131.01050440348888,31.2221581236426,0.0 131.0105060333035,31.222157130966988,0.0 131.01050769443347,31.222156107149928,0.0 131.0105093316004,31.222155105698867,0.0 131.0105110151235,31.22215405838568,0.0 131.0105126899618,31.22215301862149,0.0 131.01051437243487,31.222151970573368,0.0 131.0105161075066,31.222150870053287,0.0 131.01051781171265,31.22214979891924,0.0 131.01051954124097,31.22214870203481,0.0 131.0105213164699,31.2221475591328,0.0 131.01052304912892,31.222146457362445,0.0 131.01052484126822,31.222145295899608,0.0 131.0105266314382,31.22214413543733,0.0 131.010528413703,31.222142981930745,0.0 131.01053025596917,31.22214176801348,0.0 131.0105320687128,31.22214058247852,0.0 131.01053390990833,31.222139367834327,0.0 131.0105357789757,31.222138124640527,0.0 131.01053762573775,31.222136902713924,0.0 131.0105395243256,31.22213562852308,0.0 131.01054140835672,31.222134367924728,0.0 131.01054330072404,31.22213309823285,0.0 131.01054524214166,31.222131779205228,0.0 131.0105471554809,31.22213048714884,0.0 131.01054909808542,31.222129165416355,0.0 131.01055106197742,31.2221278219818,0.0 131.01055301047143,31.22212649296121,0.0 131.01055501693344,31.22212510635552,0.0 131.0105569936681,31.222123748219698,0.0 131.01055899265248,31.22212236764768,0.0 131.01056104301892,31.22212093645874,0.0 131.01056304484274,31.22211955186935,0.0 131.01056510974166,31.222118105565468,0.0 131.0105671570329,31.222116675813528,0.0 131.01056921653245,31.22211523377399,0.0 131.01057131836927,31.22211375072448,0.0 131.01057339031107,31.222112295868232,0.0 131.010575512765,31.22211079250632,0.0 131.01057762602383,31.222109297611567,0.0 131.01057974199583,31.22210779980324,0.0 131.0105819082024,31.222106254535948,0.0 131.01058403894905,31.22210474233368,0.0 131.01058621879605,31.22210318411556,0.0 131.01058839061685,31.222101633319507,0.0 131.01059056953792,31.22210007584032,0.0 131.0105927937773,31.22209847671065,0.0 131.01059498194655,31.222096910672285,0.0 131.01059722734067,31.22209529250476,0.0 131.01059944977524,31.22209369536839,0.0 131.01060169141897,31.222092080979607,0.0 131.01060396793983,31.22209043556652,0.0 131.01060621287635,31.222088818658747,0.0 131.01060851238793,31.22208715347909,0.0 131.01061079161053,31.222085506702168,0.0 131.01061308739185,31.22208384566669,0.0 131.01061542032198,31.2220821526004,0.0 131.0106177177879,31.2220804909755,0.0 131.0106200735029,31.22207877926692,0.0 131.01062240826295,31.222077086344388,0.0 131.01062475758746,31.222075381436248,0.0 131.01062713138427,31.222073656261863,0.0 131.0106294846081,31.22207194932665,0.0 131.01063189015932,31.2220701986734,0.0 131.0106342687151,31.222068471689823,0.0 131.01063667322143,31.22206672356883,0.0 131.0106390902938,31.22206496576552,0.0 131.010641491278,31.222063222259607,0.0 131.010643952205,31.22206142963703,0.0 131.01064637000647,31.22205967384411,0.0 131.0106488322417,31.22205788204948,0.0 131.0106512891902,31.22205609561525,0.0 131.01065374377708,31.222054312056247,0.0 131.01065624104905,31.222052494282806,0.0 131.0106587064522,31.222050703732023,0.0 131.01066121837815,31.22204887589278,0.0 131.0106637129888,31.222047063275404,0.0 131.01066621915507,31.222045242134968,0.0 131.01066875250348,31.22204339966909,0.0 131.01067125905655,31.2220415801554,0.0 131.01067382203303,31.22203971527997,0.0 131.01067635351964,31.22203787720489,0.0 131.0106789207991,31.22203601063085,0.0 131.0106814791088,31.22203415233509,0.0 131.01068403812087,31.222032294352136,0.0 131.01068663080036,31.22203040940625,0.0 131.01068919720257,31.222028547018848,0.0 131.01069182029323,31.222026638384488,0.0 131.01069441179064,31.222024756741405,0.0 131.01069702694417,31.22202285612025,0.0 131.01069965718995,31.22202094350996,0.0 131.0107022650973,31.222019050303366,0.0 131.01070491721896,31.222017120436256,0.0 131.010707561855,31.222015197365494,0.0 131.01071019375112,31.22201328566016,0.0 131.010712853079,31.22201135103471,0.0 131.01071553029706,31.222009401387115,0.0 131.01071819667376,31.222007461371028,0.0 131.01072086374603,31.22200552110148,0.0 131.0107235530482,31.222003561760285,0.0 131.01072624681808,31.222001598629767,0.0 131.01072893926235,31.22199963677675,0.0 131.0107316349808,31.22199767213217,0.0 131.0107343444907,31.221995695283145,0.0 131.01073705613965,31.221993716445937,0.0 131.01073976948754,31.22199173598986,0.0 131.01074248881844,31.22198975001104,0.0 131.01074521312052,31.221987759325305,0.0 131.01074794013235,31.22198576591025,0.0 131.0107506701074,31.22198376948081,0.0 131.01075340631382,31.221981766980484,0.0 131.01075614753017,31.221979759443627,0.0 131.01075889309243,31.22197774741805,0.0 131.01076164061604,31.221975733056777,0.0 131.01076439004203,31.221973716372887,0.0 131.01076714839166,31.221971690755623,0.0 131.0107699075825,31.22196966368892,0.0 131.0107726721286,31.221967630907496,0.0 131.01077544044168,31.22196559384877,0.0 131.01077821419327,31.22196355088777,0.0 131.0107809887891,31.221961506338666,0.0 131.0107837687114,31.22195945591475,0.0 131.01078655330195,31.221957400195844,0.0 131.0107893395501,31.22195534203037,0.0 131.0107921318668,31.221953277172567,0.0 131.010794930242,31.22195120559544,0.0 131.0107977278905,31.221949133805463,0.0 131.0108005322842,31.221947054603167,0.0 131.0108033391828,31.22194497205444,0.0 131.0108061490338,31.22194288572421,0.0 131.01080896259603,31.221940794875017,0.0 131.01081178102183,31.22193869839005,0.0 131.01081460252243,31.2219365980024,0.0 131.01081742847583,31.2219344923858,0.0 131.01082025680773,31.221932383558272,0.0 131.01082308868072,31.22193027040864,0.0 131.01082592211657,31.22192815486812,0.0 131.01082875941265,31.22192603473473,0.0 131.01083160148363,31.221923909150085,0.0 131.01083444585862,31.221921780528703,0.0 131.0108372933888,31.221919648077407,0.0 131.01084014395357,31.22191751194549,0.0 131.01084299424463,31.22191537534805,0.0 131.01084584913886,31.221913233635096,0.0 131.01084870440403,31.22191109090931,0.0 131.01085156509868,31.221908942370376,0.0 131.01085442582269,31.221906793224985,0.0 131.01085729241535,31.22190463795185,0.0 131.0108601588624,31.22190248232272,0.0 131.01086302707208,31.22190032456428,0.0 131.0108658996048,31.22189816231244,0.0 131.0108687739026,31.221895998039265,0.0 131.01087164816553,31.221893833479328,0.0 131.0108745273118,31.22189166407584,0.0 131.01087740697366,31.221889493975382,0.0 131.01088029024132,31.22188732034834,0.0 131.010883174401,31.22188514577414,0.0 131.01088605946873,31.221882970283296,0.0 131.01088894651733,31.221880792940265,0.0 131.01089183555135,31.22187861380004,0.0 131.01089472557865,31.22187643382487,0.0 131.010897616891,31.221874252797463,0.0 131.0109005083168,31.22187207183197,0.0 131.0109034031952,31.221869887955386,0.0 131.0109062971345,31.22186770518883,0.0 131.0109091941549,31.221865519954942,0.0 131.01091209198776,31.22186333434543,0.0 131.0109149881303,31.221861150630463,0.0 131.01091788722755,31.22185896471021,0.0 131.01092078617972,31.221856779390087,0.0 131.01092368386682,31.221854595688928,0.0 131.01092658429712,31.22185241010548,0.0 131.01092948271858,31.22185022686159,0.0 131.0109323826158,31.221848042922257,0.0 131.01093528529245,31.22184585718807,0.0 131.0109381853515,31.22184367439713,0.0 131.01094108546093,31.221841492237463,0.0 131.01094398564572,31.221839310712653,0.0 131.01094688783311,31.22183712817474,0.0 131.01094978912195,31.22183494715408,0.0 131.01095268992947,31.22183276729859,0.0 131.0109555921302,31.22183058700332,0.0 131.01095849345583,31.22182840823328,0.0 131.01096139381883,31.221826231066416,0.0 131.0109642968691,31.221824052367875,0.0 131.01096719651457,31.221821877375497,0.0 131.01097010065402,31.22181969929872,0.0 131.01097300252783,31.221817523941112,0.0 131.0109759052567,31.22181534861305,0.0 131.0109788080508,31.221813173983247,0.0 131.01098171223674,31.22181099889829,0.0 131.0109846161366,31.22180882478536,0.0 131.01098751964454,31.22180665171876,0.0 131.01099042306197,31.221804479419617,0.0 131.01099332756547,31.221802306849764,0.0 131.0109962301464,31.22180013658389,0.0 131.01099913406932,31.22179796577377,0.0 131.0110020375099,31.2217957959689,0.0 131.01100494048572,31.221793627126488,0.0 131.01100784308616,31.221791459138423,0.0 131.01101074779453,31.221789289802388,0.0 131.0110136496733,31.221787123398936,0.0 131.0110165533895,31.22178495580924,0.0 131.01101945861507,31.221782787272645,0.0 131.0110223628398,31.22178061996241,0.0 131.01102526762497,31.22177845246561,0.0 131.01102817304107,31.221776284675887,0.0 131.01103107967484,31.221774116027007,0.0 131.01103398327595,31.22177195027232,0.0 131.01103688793427,31.22176978372324,0.0 131.01103979301456,31.221767616897218,0.0 131.01104269729404,31.221765450854228,0.0 131.01104560363507,31.22176328296699,0.0 131.01104850771665,31.221761117106176,0.0 131.01105141092424,31.22175895198634,0.0 131.01105431822708,31.221756783023444,0.0 131.0110572254444,31.221754613984583,0.0 131.01106013071563,31.22175244655308,0.0 131.0110630379805,31.221750277067244,0.0 131.01106594565516,31.22174810693976,0.0 131.01106885413702,31.221745935765608,0.0 131.01107176363203,31.221743763314848,0.0 131.01107467386996,31.22174158980216,0.0 131.011077582904,31.22173941701754,0.0 131.01108049247367,31.22173724330341,0.0 131.01108340236124,31.22173506882932,0.0 131.01108631111293,31.22173289493823,0.0 131.0110892199268,31.221730720475136,0.0 131.01109213399707,31.221728540482808,0.0 131.01109504405684,31.221726363726948,0.0 131.0110979551575,31.22172418539864,0.0 131.0111008682021,31.221722004606125,0.0 131.01110378060085,31.22171982380121,0.0 131.01110669309142,31.22171764226611,0.0 131.01110960416602,31.22171546143276,0.0 131.0111125162013,31.22171327900857,0.0 131.01111542969815,31.22171109449608,0.0 131.01111834101405,31.221708911393137,0.0 131.01112125324343,31.221706726715336,0.0 131.01112416780168,31.22170453908832,0.0 131.01112708279976,31.221702350330183,0.0 131.0111299954579,31.221700163127835,0.0 131.01113290842397,31.221697974925632,0.0 131.0111358239769,31.221695783520804,0.0 131.01113874013566,31.22169359083295,0.0 131.0111416560507,31.22169139769116,0.0 131.0111445714803,31.22168920433784,0.0 131.0111474882747,31.2216870089942,0.0 131.0111504028251,31.22168481516052,0.0 131.0111533203491,31.22168261780944,0.0 131.01115623781956,31.22168041988161,0.0 131.01115915665176,31.22167822002834,0.0 131.01116207439858,31.221676020627346,0.0 131.01116499110117,31.22167382165604,0.0 131.01116790981288,31.221671620199064,0.0 131.0111708295337,31.221669417245007,0.0 131.0111737516089,31.221667211529315,0.0 131.0111766718337,31.221665007106395,0.0 131.0111795921338,31.22166280215364,0.0 131.0111825164041,31.221660592984414,0.0 131.0111854380504,31.221658385919632,0.0 131.0111883624305,31.22165617588213,0.0 131.01119128668887,31.221653965622032,0.0 131.0111942085548,31.22165175731532,0.0 131.0111971311789,31.221649548007136,0.0 131.01120005310355,31.221647339109527,0.0 131.01120297456163,31.22164513043277,0.0 131.01120589554753,31.221642922013068,0.0 131.0112088160558,31.22164071388692,0.0 131.01121173608072,31.221638506091004,0.0 131.0112146556166,31.22163629866209,0.0 131.01121757465756,31.22163409163696,0.0 131.01122049319767,31.22163188505223,0.0 131.01122341123104,31.22162967894433,0.0 131.01122632875166,31.22162747334937,0.0 131.01122924575355,31.221625268303043,0.0 131.0112321622308,31.22162306384053,0.0 131.01123507817744,31.221620859996392,0.0 131.0112379935876,31.221618656804555,0.0 131.01124090845542,31.22161645429813,0.0 131.0112438227752,31.221614252509383,0.0 131.01124673654127,31.22161205146968,0.0 131.01124964974807,31.221609851209344,0.0 131.01125256239013,31.22160765175765,0.0 131.01125547446227,31.221605453142725,0.0 131.01125838595925,31.221603255391454,0.0 131.01126129687609,31.221601058529508,0.0 131.01126420720794,31.221598862581214,0.0 131.01126711695017,31.22159666756953,0.0 131.01127002609823,31.221594473516035,0.0 131.01127293464793,31.2215922804408,0.0 131.01127584259507,31.22159008836244,0.0 131.01127874993577,31.221587897298,0.0 131.01128165666637,31.221585707263,0.0 131.01128456278337,31.22158351827139,0.0 131.01128746828348,31.221581330335503,0.0 131.0112903731637,31.221579143466062,0.0 131.01129327742115,31.22157695767216,0.0 131.01129618105327,31.221574772961272,0.0 131.0112990840576,31.22157258933923,0.0 131.01130198643207,31.221570406810244,0.0 131.0113048881747,31.22156822537688,0.0 131.01130778928376,31.22156604504009,0.0 131.01131068975775,31.22156386579928,0.0 131.0113135895955,31.2215616876522,0.0 131.01131648879584,31.221559510595096,0.0 131.011319387358,31.22155733462268,0.0 131.01132228528138,31.221555159728144,0.0 131.01132518256554,31.22155298590324,0.0 131.01132807921024,31.22155081313824,0.0 131.01133097521554,31.22154864142209,0.0 131.01133387058158,31.22154647074235,0.0 131.01133676530878,31.221544301085306,0.0 131.0113396593977,31.221542132435964,0.0 131.01134255284907,31.221539964778174,0.0 131.0113454456638,31.221537798094623,0.0 131.01134833784306,31.2215356323669,0.0 131.011351229388,31.221533467575583,0.0 131.01135412030007,31.221531303700296,0.0 131.01135701058084,31.22152914071972,0.0 131.01135990023187,31.221526978611703,0.0 131.01136278925512,31.22152481735337,0.0 131.0113656776524,31.221522656921064,0.0 131.0113685654258,31.221520497290523,0.0 131.0113714525775,31.22151833843693,0.0 131.01137433910966,31.22151618033492,0.0 131.0113772250247,31.22151402295871,0.0 131.01138011032492,31.22151186628217,0.0 131.01138299501287,31.22150971027884,0.0 131.01138587909102,31.22150755492204,0.0 131.01138876256195,31.221505400184924,0.0 131.01139164542835,31.221503246040555,0.0 131.01139452769283,31.221501092461985,0.0 131.01139740935815,31.221498939422293,0.0 131.0114002904269,31.22149678689467,0.0 131.01140317090187,31.221494634852448,0.0 131.01140605078572,31.22149248326924,0.0 131.01140893008125,31.22149033211893,0.0 131.01141180879108,31.221488181375747,0.0 131.01141468691793,31.22148603101432,0.0 131.01141756446447,31.221483881009767,0.0 131.01142044143333,31.22148173133776,0.0 131.0114233178271,31.221479581974435,0.0 131.0114261936484,31.22147743289668,0.0 131.01142906889964,31.22147528408197,0.0 131.01143194358335,31.221473135508543,0.0 131.01143481770205,31.221470987155367,0.0 131.01143769125798,31.221468839002217,0.0 131.01144056425355,31.221466691029708,0.0 131.011443436691,31.22146454321932,0.0 131.01144630857252,31.221462395553427,0.0 131.01144917990027,31.221460248015354,0.0 131.01145205067638,31.221458100589388,0.0 131.01145492090288,31.22145595326077,0.0 131.01145779058177,31.22145380601579,0.0 131.01146065971497,31.22145165884172,0.0 131.01146352830435,31.22144951172692,0.0 131.01146639635175,31.22144736466073,0.0 131.011469263859,31.22144521763361,0.0 131.01147213082777,31.221443070637097,0.0 131.01147499725982,31.221440923663742,0.0 131.0114778631568,31.22143877670723,0.0 131.01148072852035,31.221436629762284,0.0 131.01148359335198,31.22143448282471,0.0 131.01148645765335,31.2214323358914,0.0 131.011489321426,31.221430188960245,0.0 131.01149218467145,31.221428042030247,0.0 131.0114950473912,31.221425895101408,0.0 131.01149790958678,31.221423748174768,0.0 131.01150077125968,31.221421601252324,0.0 131.01150363241135,31.22141945433711,0.0 131.0115064930434,31.22141730743308,0.0 131.0115093531573,31.22141516054513,0.0 131.01151221275452,31.22141301367908,0.0 131.01151507183667,31.2214108668416,0.0 131.01151793040526,31.22140872004024,0.0 131.0115207884619,31.221406573283364,0.0 131.0115236460082,31.22140442658013,0.0 131.0115265030458,31.221402279940435,0.0 131.01152935957631,31.221400133374928,0.0 131.0115322156015,31.221397986894928,0.0 131.01153507112312,31.22139584051241,0.0 131.01153792614292,31.221393694239968,0.0 131.01154078066276,31.22139154809076,0.0 131.01154363468447,31.22138940207848,0.0 131.01154648820997,31.221387256217337,0.0 131.01154934124128,31.22138511052197,0.0 131.01155219378032,31.221382965007475,0.0 131.01155504582923,31.22138081968929,0.0 131.01155789739005,31.2213786745832,0.0 131.01156074846494,31.22137652970528,0.0 131.0115635990561,31.22137438507188,0.0 131.01156644916577,31.22137224069954,0.0 131.0115692987962,31.221370096605,0.0 131.0115721479498,31.22136795280507,0.0 131.01157499662887,31.221365809316765,0.0 131.0115778448358,31.22136366615705,0.0 131.01158069257303,31.22136152334298,0.0 131.0115835398431,31.22135938089153,0.0 131.01158638664847,31.221357238819667,0.0 131.01158923299164,31.221355097144222,0.0 131.0115920788752,31.22135295588191,0.0 131.0115949243017,31.221350815049284,0.0 131.01159776927375,31.22134867466269,0.0 131.0116006137939,31.221346534738228,0.0 131.0116034578648,31.221344395291748,0.0 131.011606301489,31.2213422563388,0.0 131.0116091446691,31.221340117894577,0.0 131.01161198740775,31.22133797997396,0.0 131.01161482970747,31.221335842591404,0.0 131.01161767157086,31.221333705760976,0.0 131.01162051300037,31.22133156949631,0.0 131.01162335399857,31.221329433810567,0.0 131.01162619456784,31.22132729871642,0.0 131.0116290347107,31.22132516422604,0.0 131.01163187442936,31.221323030351087,0.0 131.01163471372627,31.221320897102657,0.0 131.0116375526036,31.221318764491297,0.0 131.0116403910635,31.221316632526964,0.0 131.0116432291082,31.221314501219048,0.0 131.0116460667396,31.22131237057632,0.0 131.01164890395975,31.221310240606925,0.0 131.0116517407704,31.2213081113184,0.0 131.01165457717326,31.221305982717613,0.0 131.01165741317013,31.221303854810824,0.0 131.0116602487624,31.22130172760364,0.0 131.0116630839516,31.221299601101,0.0 131.01166591873897,31.22129747530717,0.0 131.01166875312572,31.22129535022584,0.0 131.0116715871129,31.22129322585992,0.0 131.01167442070144,31.22129110221175,0.0 131.01167725389206,31.22128897928301,0.0 131.0116800866855,31.221286857074663,0.0 131.01168291908215,31.221284735587115,0.0 131.01168575108247,31.22128261482008,0.0 131.0116885826866,31.221280494772635,0.0 131.0116914138946,31.22127837544325,0.0 131.01169424470635,31.221276256829807,0.0 131.0116970751216,31.22127413892953,0.0 131.01169990513992,31.22127202173909,0.0 131.01170273476072,31.221269905254577,0.0 131.01170556398324,31.22126778947153,0.0 131.0117083928066,31.221265674384902,0.0 131.01171122122966,31.22126355998916,0.0 131.01171404925122,31.22126144627824,0.0 131.0117168768699,31.221259333245584,0.0 131.0117197040841,31.22125722088416,0.0 131.0117225308921,31.22125510918647,0.0 131.011725357292,31.221252998144607,0.0 131.01172818328175,31.22125088775024,0.0 131.01173100885916,31.221248777994614,0.0 131.01173383402187,31.22124666886865,0.0 131.01173665876743,31.22124456036292,0.0 131.01173948309307,31.221242452467635,0.0 131.01174230699607,31.221240345172752,0.0 131.01174513047349,31.22123823846792,0.0 131.01174795352216,31.22123613234255,0.0 131.0117507761389,31.22123402678584,0.0 131.01175359832047,31.221231921786767,0.0 131.01175642006336,31.221229817334137,0.0 131.01175924136388,31.221227713416617,0.0 131.01176206221842,31.22122561002273,0.0 131.01176488262317,31.221223507140937,0.0 131.0117677025742,31.22122140475956,0.0 131.0117705220675,31.221219302866903,0.0 131.01177334109903,31.22121720145127,0.0 131.01177615966455,31.22121510050092,0.0 131.01177897775983,31.221213000004145,0.0 131.0117817953806,31.22121089994929,0.0 131.01178461252243,31.221208800324767,0.0 131.01178742918094,31.221206701119087,0.0 131.01179024535156,31.22120460232084,0.0 131.0117930610299,31.22120250391879,0.0 131.01179587621132,31.22120040590184,0.0 131.0117986908913,31.22119830825904,0.0 131.01180150506528,31.221196210979688,0.0 131.01180431872865,31.22119411405328,0.0 131.01180713187688,31.221192017469527,0.0 131.0118099445054,31.2211899212184,0.0 131.01181275660963,31.221187825290155,0.0 131.0118155681851,31.22118572967532,0.0 131.01181837922744,31.221183634364703,0.0 131.0118211897321,31.221181539349462,0.0 131.01182399969488,31.22117944462107,0.0 131.01182680911143,31.221177350171324,0.0 131.01182961797758,31.2211752559924,0.0 131.01183242628923,31.2211731620768,0.0 131.0118352340424,31.221171068417448,0.0 131.01183804123315,31.22116897500761,0.0 131.0118408478578,31.22116688184097,0.0 131.01184365391265,31.221164788911583,0.0 131.01184645939423,31.221162696213927,0.0 131.01184926429917,31.221160603742888,0.0 131.0118520686243,31.22115851149376,0.0 131.01185487236654,31.22115641946224,0.0 131.0118576755231,31.22115432764448,0.0 131.0118604780912,31.22115223603699,0.0 131.01186328006844,31.221150144636766,0.0 131.01186608145252,31.221148053441222,0.0 131.01186888224137,31.221145962448126,0.0 131.0118716824331,31.221143871655727,0.0 131.0118744820261,31.221141781062656,0.0 131.01187728101888,31.221139690667982,0.0 131.01188007941036,31.22113760047113,0.0 131.01188287719953,31.221135510471985,0.0 131.01188567438572,31.221133420670768,0.0 131.01188847096847,31.22113133106816,0.0 131.0118912669476,31.221129241665125,0.0 131.0118940623232,31.221127152463072,0.0 131.0118968570956,31.221125063463752,0.0 131.01189965126537,31.22112297466925,0.0 131.0119024448334,31.221120886082016,0.0 131.01190523780085,31.22111879770481,0.0 131.01190803016917,31.22111670954074,0.0 131.01191082193995,31.221114621593205,0.0 131.01191361311527,31.22111253386588,0.0 131.0119164036974,31.22111044636275,0.0 131.01191919368873,31.22110835908805,0.0 131.01192198309212,31.221106272046285,0.0 131.0119247719107,31.2211041852422,0.0 131.01192756014777,31.22110209868076,0.0 131.01193034780687,31.221100012367145,0.0 131.01193313489205,31.22109792630674,0.0 131.01193592140723,31.22109584050511,0.0 131.011938707357,31.221093754967992,0.0 131.01194149274588,31.221091669701263,0.0 131.01194427757875,31.22108958471097,0.0 131.01194706186087,31.221087500003268,0.0 131.01194984559748,31.22108541558439,0.0 131.0119526287942,31.221083331460715,0.0 131.0119554114569,31.22108124763868,0.0 131.01195819359148,31.221079164124767,0.0 131.01196097520426,31.221077080925543,0.0 131.01196375630158,31.2210749980476,0.0 131.01196653689004,31.22107291549752,0.0 131.01196931697646,31.22107083328193,0.0 131.0119720965677,31.22106875140745,0.0 131.01197487567083,31.22106666988064,0.0 131.01197765429313,31.22106458870807,0.0 131.01198043244187,31.221062507896235,0.0 131.01198321012453,31.221060427451576,0.0 131.01198598734862,31.221058347380485,0.0 131.01198876412184,31.221056267689224,0.0 131.0119915404519,31.221054188384,0.0 131.01199431634657,31.2210521094709,0.0 131.0119970918136,31.22105003095588,0.0 131.011999866861,31.221047952844778,0.0 131.01200264149657,31.22104587514331,0.0 131.0120054157282,31.221043797857007,0.0 131.01200818956377,31.22104172099128,0.0 131.01201096301116,31.22103964455135,0.0 131.0120137360782,31.221037568542275,0.0 131.01201650877266,31.221035492968927,0.0 131.01201928110223,31.221033417835983,0.0 131.01202205307453,31.22103134314795,0.0 131.0120248246971,31.221029268909096,0.0 131.01202759597734,31.221027195123508,0.0 131.01203036692257,31.221025121795048,0.0 131.01203313753996,31.22102304892737,0.0 131.01203590783643,31.22102097652392,0.0 131.0120386778189,31.22101890458788,0.0 131.012041447494,31.221016833122224,0.0 131.01204421686816,31.22101476212969,0.0 131.01204698594768,31.2210126916128,0.0 131.01204975473857,31.22101062157384,0.0 131.01205252324658,31.221008552014816,0.0 131.0120552914773,31.22100648293756,0.0 131.01205805943607,31.221004414343604,0.0 131.01206082712787,31.2210023462343,0.0 131.0120635945574,31.22100027861073,0.0 131.0120663617292,31.220998211473752,0.0 131.0120691286474,31.22099614482398,0.0 131.0120718953158,31.22099407866181,0.0 131.01207466173793,31.22099201298741,0.0 131.01207742791695,31.220989947800696,0.0 131.01208019385584,31.220987883101408,0.0 131.012082959557,31.22098581888901,0.0 131.0120857250226,31.220983755162816,0.0 131.01208849025443,31.220981691921867,0.0 131.01209125525403,31.220979629165047,0.0 131.01209402002235,31.22097756689101,0.0 131.01209678456013,31.22097550509824,0.0 131.01209954886767,31.220973443785024,0.0 131.012102312945,31.22097138294947,0.0 131.01210507679153,31.2209693225895,0.0 131.01210784040657,31.22096726270288,0.0 131.01211060378884,31.220965203287225,0.0 131.01211336693677,31.22096314434,0.0 131.01211612984835,31.22096108585847,0.0 131.01211889252124,31.22095902783984,0.0 131.0121216549527,31.22095697028116,0.0 131.0121244171396,31.22095491317935,0.0 131.01212717907848,31.220952856531223,0.0 131.0121299407654,31.220950800333505,0.0 131.01213270219617,31.22094874458281,0.0 131.01213546336615,31.22094668927568,0.0 131.01213822427047,31.220944634408568,0.0 131.0121409849037,31.22094257997791,0.0 131.01214374526035,31.220940525980016,0.0 131.0121465053343,31.220938472411195,0.0 131.0121492651193,31.220936419267726,0.0 131.01215202460872,31.220934366545823,0.0 131.0121547837957,31.220932314241715,0.0 131.01215754267287,31.22093026235161,0.0 131.01216030123285,31.220928210871715,0.0 131.01216305946778,31.22092615979825,0.0 131.01216581736972,31.22092410912744,0.0 131.01216857493029,31.220922058855567,0.0 131.012171332141,31.220920008978936,0.0 131.0121740889931,31.22091795949389,0.0 131.01217684547768,31.22091591039681,0.0 131.01217960158553,31.220913861684185,0.0 131.01218235730738,31.22091181335252,0.0 131.01218511263372,31.220909765398428,0.0 131.01218786755493,31.22090771781861,0.0 131.01219062206127,31.22090567060985,0.0 131.0121933761429,31.220903623769008,0.0 131.01219612978977,31.2209015772931,0.0 131.01219888299192,31.220899531179185,0.0 131.01220163573927,31.22089748542451,0.0 131.0122043880216,31.22089544002639,0.0 131.01220713982875,31.220893394982284,0.0 131.01220989115063,31.2208913502898,0.0 131.012212641977,31.220889305946645,0.0 131.01221539229775,31.220887261950715,0.0 131.01221814210285,31.22088521830001,0.0 131.0122208913822,31.220883174992704,0.0 131.0122236401259,31.220881132027085,0.0 131.01222638832422,31.220879089401645,0.0 131.01222913596737,31.220877047115,0.0 131.0122318830458,31.22087500516589,0.0 131.0122346295501,31.220872963553287,0.0 131.01223737547113,31.22087092227625,0.0 131.0122401207998,31.22086888133405,0.0 131.01224286552738,31.22086684072608,0.0 131.01224560964522,31.220864800451903,0.0 131.01224835314508,31.22086276051124,0.0 131.01225109601884,31.22086072090396,0.0 131.0122538382588,31.22085868163007,0.0 131.01225657985748,31.220856642689768,0.0 131.01225932080763,31.22085460408336,0.0 131.0122620611026,31.22085256581134,0.0 131.01226480073586,31.2208505278743,0.0 131.0122675397012,31.22084849027299,0.0 131.01227027799305,31.22084645300829,0.0 131.01227301560598,31.22084441608122,0.0 131.01227575253506,31.220842379492915,0.0 131.0122784887758,31.220840343244607,0.0 131.01228122432403,31.2208383073377,0.0 131.0122839591762,31.22083627177365,0.0 131.01228669332895,31.22083423655404,0.0 131.0122894267797,31.220832201680555,0.0 131.012292159526,31.220830167154947,0.0 131.01229489156603,31.22082813297908,0.0 131.0122976228986,31.220826099154888,0.0 131.0123003535227,31.220824065684344,0.0 131.012303083438,31.220822032569547,0.0 131.01230581264468,31.220819999812576,0.0 131.0123085411433,31.220817967415627,0.0 131.012311268935,31.22081593538089,0.0 131.0123139960214,31.220813903710614,0.0 131.01231672240462,31.220811872407072,0.0 131.01231944808728,31.220809841472544,0.0 131.01232217307253,31.220807810909346,0.0 131.01232489736398,31.22080578071976,0.0 131.01232762096572,31.220803750906096,0.0 131.0123303438824,31.220801721470654,0.0 131.01233306611903,31.220799692415696,0.0 131.01233578768128,31.22079766374349,0.0 131.01233850857508,31.220795635456223,0.0 131.01234122880692,31.22079360755611,0.0 131.0123439483838,31.22079158004525,0.0 131.01234666731307,31.220789552925744,0.0 131.01234938560253,31.220787526199608,0.0 131.01235210326038,31.22078549986881,0.0 131.0123548202953,31.22078347393525,0.0 131.01235753671625,31.22078144840072,0.0 131.0123602525327,31.22077942326697,0.0 131.01236296775429,31.220777398535663,0.0 131.01236568239116,31.22077537420836,0.0 131.01236839645372,31.22077335028653,0.0 131.0123711099527,31.220771326771555,0.0 131.01237382289904,31.22076930366469,0.0 131.01237653530404,31.220767280967124,0.0 131.0123792471792,31.220765258679908,0.0 131.01238195853628,31.220763236804,0.0 131.0123846693872,31.220761215340243,0.0 131.01238737974398,31.22075919428936,0.0 131.01239008961906,31.220757173651965,0.0 131.01239279902467,31.220755153428566,0.0 131.01239550797342,31.22075313361952,0.0 131.0123982164779,31.220751114225106,0.0 131.0124009245507,31.220749095245463,0.0 131.01240363220455,31.220747076680617,0.0 131.01240633945216,31.22074505853048,0.0 131.01240904630612,31.22074304079486,0.0 131.01241175277914,31.22074102347343,0.0 131.0124144588838,31.220739006565783,0.0 131.01241716463247,31.22073699007136,0.0 131.01241987003763,31.22073497398953,0.0 131.01242257511143,31.22073295831955,0.0 131.0124252798659,31.220730943060577,0.0 131.0124279843129,31.220728928211656,0.0 131.012430688464,31.220726913771745,0.0 131.0124333923306,31.22072489973973,0.0 131.0124360959238,31.220722886114388,0.0 131.0124387992544,31.220720872894425,0.0 131.01244150233285,31.220718860078456,0.0 131.0124442051693,31.22071684766505,0.0 131.01244690777347,31.2207148356527,0.0 131.0124496101548,31.220712824039808,0.0 131.0124523123222,31.220710812824773,0.0 131.01245501428428,31.220708802005912,0.0 131.01245771604903,31.220706791581502,0.0 131.01246041762403,31.220704781549777,0.0 131.01246311901653,31.220702771908968,0.0 131.012465820233,31.22070076265724,0.0 131.01246852127954,31.22069875379278,0.0 131.01247122216168,31.22069674531372,0.0 131.0124739228844,31.220694737218224,0.0 131.01247662345213,31.220692729504425,0.0 131.01247932386863,31.22069072217048,0.0 131.01248202413717,31.22068871521456,0.0 131.01248472426028,31.220686708634847,0.0 131.01248742424002,31.22068470242956,0.0 131.01249012407774,31.22068269659696,0.0 131.01249282377418,31.22068069113531,0.0 131.0124955233294,31.22067868604296,0.0 131.0124982227429,31.220676681318324,0.0 131.01250092201343,31.220674676959817,0.0 131.0125036211392,31.220672672965968,0.0 131.01250632011772,31.22067066933537,0.0 131.01250901894582,31.22066866606669,0.0 131.0125117176197,31.22066666315865,0.0 131.012514416135,31.22066466061012,0.0 131.01251711448657,31.22066265842002,0.0 131.01251981266878,31.22066065658738,0.0 131.01252251067527,31.22065865511133,0.0 131.01252520849914,31.22065665399113,0.0 131.01252790613285,31.220654653226145,0.0 131.01253060356822,31.220652652815858,0.0 131.01253330079655,31.22065065275986,0.0 131.01253599780858,31.220648653057896,0.0 131.01253869459447,31.220646653709824,0.0 131.01254139114388,31.22064465471564,0.0 131.01254408744592,31.220642656075487,0.0 131.01254678348917,31.220640657789605,0.0 131.01254947926176,31.220638659858423,0.0 131.01255217475148,31.220636662282487,0.0 131.01255486994546,31.22063466506249,0.0 131.0125575648306,31.22063266819927,0.0 131.01256025939338,31.22063067169381,0.0 131.01256295361986,31.220628675547257,0.0 131.0125656474958,31.22062667976088,0.0 131.01256834100678,31.22062468433609,0.0 131.0125710341378,31.220622689274464,0.0 131.01257372687397,31.2206206945777,0.0 131.01257641919986,31.22061870024764,0.0 131.0125791111001,31.220616706286272,0.0 131.01258180255903,31.22061471269572,0.0 131.0125844935609,31.220612719478204,0.0 131.01258718408982,31.220610726636128,0.0 131.01258987413,31.220608734172004,0.0 131.01259256366544,31.22060674208843,0.0 131.01259525268023,31.22060475038817,0.0 131.0125979411585,31.22060275907406,0.0 131.01260062908443,31.22060076814905,0.0 131.01260331644227,31.220598777616207,0.0 131.0126060032166,31.22059678747865,0.0 131.01260868939193,31.22059479773964,0.0 131.01261137495308,31.22059280840245,0.0 131.0126140598852,31.22059081947048,0.0 131.01261674417358,31.220588830947168,0.0 131.01261942780394,31.220586842836017,0.0 131.01262211076224,31.220584855140583,0.0 131.01262479303486,31.22058286786445,0.0 131.01262747460862,31.22058088101124,0.0 131.01263015547073,31.22057889458457,0.0 131.0126328356089,31.220576908588107,0.0 131.0126355150113,31.220574923025502,0.0 131.01263819366667,31.2205729379004,0.0 131.01264087156432,31.22057095321644,0.0 131.01264354869403,31.220568968977226,0.0 131.01264622504632,31.220566985186327,0.0 131.0126489006123,31.22056500184728,0.0 131.0126515753837,31.220563018963546,0.0 131.01265424935295,31.22056103653854,0.0 131.0126569225132,31.220559054575578,0.0 131.0126595948583,31.220557073077927,0.0 131.0126622663828,31.220555092048738,0.0 131.01266493708212,31.220553111491046,0.0 131.01266760695225,31.2205511314078,0.0 131.01267027599016,31.220549151801816,0.0 131.01267294419347,31.220547172675776,0.0 131.01267561156075,31.22054519403224,0.0 131.01267827809124,31.220543215873583,0.0 131.01268094378503,31.220541238202056,0.0 131.01268360864304,31.220539261019724,0.0 131.01268627266705,31.220537284328493,0.0 131.0126889358596,31.220535308130103,0.0 131.0126915982241,31.220533332426072,0.0 131.01269425976483,31.22053135721776,0.0 131.01269692048675,31.220529382506328,0.0 131.01269958039566,31.220527408292703,0.0 131.01270223949828,31.220525434577628,0.0 131.01270489780197,31.220523461361623,0.0 131.01270755531493,31.22052148864501,0.0 131.01271021204613,31.220519516427867,0.0 131.01271286800525,31.22051754471008,0.0 131.01271552320276,31.220515573491284,0.0 131.0127181776497,31.22051360277091,0.0 131.0127208313579,31.220511632548163,0.0 131.01272348433983,31.220509662822,0.0 131.01272613660856,31.22050769359116,0.0 131.0127287881778,31.22050572485417,0.0 131.01273143906178,31.22050375660936,0.0 131.01273408927528,31.22050178885476,0.0 131.01273673883367,31.2204998215883,0.0 131.01273938775267,31.220497854807608,0.0 131.0127420360485,31.22049588851016,0.0 131.01274468373785,31.22049392269315,0.0 131.01274733083764,31.220491957353687,0.0 131.0127499773652,31.22048999248861,0.0 131.0127526233381,31.22048802809462,0.0 131.01275526877416,31.220486064168224,0.0 131.01275791369144,31.220484100705768,0.0 131.01276055810814,31.220482137703456,0.0 131.01276320204255,31.220480175157338,0.0 131.012765845513,31.220478213063288,0.0 131.0127684885379,31.220476251417136,0.0 131.01277113113557,31.220474290214536,0.0 131.01277377332437,31.220472329451045,0.0 131.0127764151224,31.220470369122168,0.0 131.01277905654774,31.22046840922331,0.0 131.01278169761812,31.22046644974979,0.0 131.01278433835117,31.22046449069689,0.0 131.01278697876407,31.22046253205988,0.0 131.01278961887377,31.220460573833943,0.0 131.01279225869672,31.22045861601432,0.0 131.01279489824907,31.22045665859621,0.0 131.01279753754633,31.220454701574862,0.0 131.0128001766037,31.220452744945515,0.0 131.01280281543552,31.22045078870348,0.0 131.01280545405584,31.22044883284412,0.0 131.01280809247788,31.220446877362864,0.0 131.01281073071422,31.22044492225527,0.0 131.01281336877676,31.220442967516945,0.0 131.0128160066766,31.22044101314365,0.0 131.01281864442407,31.22043905913123,0.0 131.01282128119365,31.220437106248927,0.0 131.01282391701736,31.220435154470845,0.0 131.01282655155163,31.22043320411825,0.0 131.01282918451267,31.220431255456305,0.0 131.01283181561607,31.22042930874982,0.0 131.01283444457704,31.220427364263177,0.0 131.01283707111065,31.22042542226016,0.0 131.01283969493178,31.220423483003767,0.0 131.01284231575548,31.22042154675617,0.0 131.01284493329703,31.220419613778425,0.0 131.01284754727217,31.22041768433041,0.0 131.01285015739722,31.220415758670647,0.0 131.01285276338933,31.220413837056125,0.0 131.0128553649666,31.220411919742222,0.0 131.01285796184823,31.220410006982547,0.0 131.0128605537548,31.22040809902874,0.0 131.01286314040829,31.22040619613038,0.0 131.01286572153248,31.220404298534824,0.0 131.012868296853,31.22040240648708,0.0 131.0128708660974,31.220400520229667,0.0 131.01287342899568,31.22039864000252,0.0 131.0128759852799,31.22039676604279,0.0 131.012878534685,31.22039489858479,0.0 131.01288107694853,31.220393037859804,0.0 131.01288361181102,31.22039118409601,0.0 131.01288613901605,31.22038933751837,0.0 131.0128886583104,31.220387498348515,0.0 131.01289116944437,31.220385666804614,0.0 131.01289367217183,31.22038384310132,0.0 131.01289616625033,31.22038202744949,0.0 131.01289865144128,31.22038022005641,0.0 131.0129011275102,31.22037842112544,0.0 131.0129035942267,31.220376630856016,0.0 131.01290605136475,31.2203748494436,0.0 131.01290849870267,31.22037307707952,0.0 131.0129109360234,31.220371313950928,0.0 131.0129133631145,31.22036956024079,0.0 131.01291577976835,31.22036781612778,0.0 131.01291818578213,31.220366081786203,0.0 131.01292058095808,31.220364357385968,0.0 131.0129229651034,31.220362643092507,0.0 131.01292533803056,31.22036093906675,0.0 131.0129276995571,31.220359245465115,0.0 131.01293004950602,31.220357562439467,0.0 131.0129323877055,31.220355890137025,0.0 131.01293471398915,31.22035422870044,0.0 131.0129370281961,31.220352578267605,0.0 131.01293933017087,31.220350938971865,0.0 131.01294161976355,31.22034931094188,0.0 131.0129438968298,31.22034769430161,0.0 131.0129461612306,31.220346089170388,0.0 131.01294841283283,31.22034449566277,0.0 131.01295065150867,31.22034291388876,0.0 131.01295287713592,31.22034134395365,0.0 131.012955089598,31.22033978595817,0.0 131.01295728878372,31.22033823999841,0.0 131.01295947458752,31.220336706165845,0.0 131.01296164690928,31.220335184547373,0.0 131.01296380565424,31.22033367522544,0.0 131.01296595073313,31.220332178277985,0.0 131.01296808206197,31.22033069377849,0.0 131.01297019956203,31.22032922179608,0.0 131.01297230315996,31.2203277623954,0.0 131.01297439278747,31.22032631563689,0.0 131.01297646838142,31.22032488157673,0.0 131.01297852988367,31.22032346026687,0.0 131.01298057724117,31.220322051755176,0.0 131.01298261040552,31.220320656085345,0.0 131.01298462933337,31.22031927329705,0.0 131.0129866339859,31.22031790342612,0.0 131.01298862432907,31.22031654650437,0.0 131.01299060033332,31.22031520255992,0.0 131.0129925619735,31.22031387161704,0.0 131.01299450922892,31.220312553696267,0.0 131.01299644208305,31.22031124881466,0.0 131.01299836052354,31.22030995698568,0.0 131.01300026454217,31.220308678219343,0.0 131.01300215413457,31.22030741252232,0.0 131.01300402930036,31.22030615989783,0.0 131.0130058900428,31.22030492034599,0.0 131.01300773636888,31.220303693863723,0.0 131.0130095682891,31.22030248044491,0.0 131.01301138581744,31.22030128008042,0.0 131.01301318897117,31.22030009275817,0.0 131.0130149777709,31.22029891846323,0.0 131.0130167522402,31.22029775717795,0.0 131.01301851240595,31.220296608882,0.0 131.01302025829773,31.220295473552447,0.0 131.01302198994796,31.220294351163847,0.0 131.01302370739197,31.22029324168817,0.0 131.01302541066758,31.220292145095183,0.0 131.01302709981513,31.22029106135229,0.0 131.01302877487754,31.220289990424703,0.0 131.0130304358999,31.22028893227548,0.0 131.01303208292967,31.22028788686556,0.0 131.0130337160165,31.220286854153898,0.0 131.01303533521195,31.220285834097588,0.0 131.01303694056966,31.22028482665185,0.0 131.01303853214517,31.220283831770114,0.0 131.01304010999576,31.220282849404104,0.0 131.01304167456155,31.2202818791536,0.0 131.01304322587353,31.220280920994508,0.0 131.01304476413927,31.220279974740148,0.0 131.01304628953298,31.220279040234647,0.0 131.0130478022255,31.22027811732504,0.0 131.01304930238447,31.220277205861183,0.0 131.01305079017433,31.22027630569596,0.0 131.01305226575616,31.22027541668505,0.0 131.01305372928817,31.22027453868691,0.0 131.0130551809253,31.22027367156265,0.0 131.01305662081984,31.220272815176035,0.0 131.013058049121,31.22027196939322,0.0 131.01305946597526,31.22027113408305,0.0 131.01306087152628,31.220270309116746,0.0 131.01306226591498,31.22026949436791,0.0 131.01306364927976,31.220268689712487,0.0 131.01306502175635,31.22026789502863,0.0 131.013066383478,31.22026711019676,0.0 131.01306773457537,31.22026633509947,0.0 131.0130690751769,31.22026556962148,0.0 131.01307040540848,31.220264813649568,0.0 131.01307172539373,31.22026406707254,0.0 131.0130730352541,31.2202633297811,0.0 131.01307433510874,31.220262601667983,0.0 131.0130756250746,31.22026188262781,0.0 131.01307690526653,31.22026117255701,0.0 131.01307817579732,31.220260471353875,0.0 131.01307943677773,31.220259778918354,0.0 131.01308068831648,31.22025909515221,0.0 131.01308193052034,31.22025841995889,0.0 131.0130831634942,31.220257753243487,0.0 131.01308438734102,31.22025709491276,0.0 131.01308560216202,31.22025644487496,0.0 131.01308680805653,31.22025580303993,0.0 131.01308800512217,31.22025516931904,0.0 131.01308919345476,31.22025454362515,0.0 131.01309037314851,31.22025392587259,0.0 131.01309154429595,31.220253315977114,0.0 131.01309270698806,31.2202527138558,0.0 131.013093861314,31.22025211942716,0.0 131.01309500736164,31.22025153261104,0.0 131.0130961452172,31.220250953328566,0.0 131.01309727496533,31.22025038150224,0.0 131.01309839668937,31.22024981705569,0.0 131.0130995104711,31.220249259913857,0.0 131.013100616391,31.22024871000284,0.0 131.0131017145281,31.220248167249988,0.0 131.01310280496003,31.22024763158379,0.0 131.01310388776315,31.220247102933865,0.0 131.01310496301258,31.22024658123089,0.0 131.01310603078204,31.2202460664067,0.0 131.01310709114415,31.220245558394204,0.0 131.01310814417016,31.22024505712733,0.0 131.0131091899302,31.22024456254108,0.0 131.0131102284932,31.22024407457141,0.0 131.01311125992697,31.220243593155267,0.0 131.0131122842981,31.22024311823061,0.0 131.0131133016722,31.220242649736324,0.0 131.0131143121137,31.220242187612257,0.0 131.01311531568595,31.220241731799167,0.0 131.01311631245136,31.22024128223861,0.0 131.01311730247124,31.22024083887318,0.0 131.01311828580583,31.22024040164621,0.0 131.01311926251464,31.22023997050197,0.0 131.01312023265584,31.220239545385542,0.0 131.01312119628693,31.220239126242763,0.0 131.01312215346445,31.2202387130203,0.0 131.01312310424393,31.22023830566564,0.0 131.01312404868008,31.220237904127032,0.0 131.0131249868267,31.220237508353463,0.0 131.0131259187368,31.22023711829467,0.0 131.01312684446242,31.22023673390108,0.0 131.01312776405496,31.220236355123888,0.0 131.0131286775648,31.220235981914986,0.0 131.01312958504172,31.22023561422696,0.0 131.01313048653455,31.22023525201304,0.0 131.01313138209156,31.220234895227087,0.0 131.01313227176013,31.220234543823697,0.0 131.01313315558687,31.22023419775806,0.0 131.0131340336178,31.220233856986017,0.0 131.01313490589814,31.220233521464024,0.0 131.0131357724725,31.22023319114907,0.0 131.0131366333848,31.22023286599881,0.0 131.01313748867824,31.22023254597147,0.0 131.01313833839535,31.220232231025854,0.0 131.0131391825782,31.22023192112133,0.0 131.01314002126796,31.220231616217777,0.0 131.01314085450548,31.22023131627564,0.0 131.01314168233077,31.22023102125588,0.0 131.01314250478345,31.22023073112004,0.0 131.01314332190236,31.220230445830136,0.0 131.013144133726,31.22023016534864,0.0 131.0131449402921,31.22022988963857,0.0 131.01314574163808,31.22022961866343,0.0 131.01314653780062,31.2202293523872,0.0 131.01314732881588,31.22022909077432,0.0 131.01314811471977,31.220228833789665,0.0 131.01314889554737,31.22022858139857,0.0 131.0131496713335,31.22022833356685,0.0 131.01315044211245,31.22022809026073,0.0 131.01315120791796,31.22022785144688,0.0 131.01315196878335,31.220227617092306,0.0 131.0131527247416,31.220227387164524,0.0 131.01315347582505,31.220227161631417,0.0 131.01315422206576,31.22022694046127,0.0 131.0131549634953,31.22022672362277,0.0 131.01315570014495,31.220226511084924,0.0 131.01315643204535,31.220226302817164,0.0 131.01315715922692,31.220226098789308,0.0 131.01315788171965,31.22022589897152,0.0 131.01315859955315,31.22022570333431,0.0 131.01315931275664,31.2202255118485,0.0 131.01316002135903,31.22022532448532,0.0 131.0131607253888,31.220225141216307,0.0 131.01316142487403,31.22022496201333,0.0 131.01316211984272,31.220224786848608,0.0 131.0131628103222,31.2202246156946,0.0 131.01316349633973,31.22022444852413,0.0 131.0131641779221,31.22022428531037,0.0 131.01316485509582,31.22022412602673,0.0 131.01316552788717,31.22022397064693,0.0 131.013166196322,31.220223819144977,0.0 131.013166860426,31.220223671495148,0.0 131.01316752022444,31.22022352767207,0.0 131.01316817574246,31.220223387650588,0.0 131.0131688270048,31.220223251405784,0.0 131.01316947403595,31.22022311891305,0.0 131.01317011686027,31.22022299014805,0.0 131.0131707555017,31.22022286508667,0.0 131.0131713899839,31.22022274370508,0.0 131.01317202033056,31.220222625979616,0.0 131.0131726465648,31.22022251188693,0.0 131.01317326870975,31.220222401403905,0.0 131.01317388678817,31.22022229450764,0.0 131.0131745008226,31.220222191175463,0.0 131.01317511083548,31.22022209138485,0.0 131.01317571684896,31.22022199511365,0.0 131.01317631888494,31.22022190233981,0.0 131.0131769169652,31.220221813041547,0.0 131.01317751111125,31.2202217271972,0.0 131.0131781013445,31.220221644785383,0.0 131.01317868768606,31.22022156578491,0.0 131.01317927015694,31.220221490174776,0.0 131.01317984877792,31.22022141793414,0.0 131.01318042356965,31.220221349042365,0.0 131.01318099455258,31.22022128347901,0.0 131.013181561747,31.220221221223813,0.0 131.013182125173,31.22022116225669,0.0 131.0131826848506,31.220221106557688,0.0 131.01318324079963,31.220221054107064,0.0 131.0131837930397,31.220221004885257,0.0 131.0131843415903,31.220220958872847,0.0 131.01318488647087,31.220220916050543,0.0 131.0131854277006,31.22022087639924,0.0 131.0131859652986,31.22022083990001,0.0 131.0131864992838,31.22022080653408,0.0 131.01318702967512,31.22022077628272,0.0 131.01318755649123,31.220220749127467,0.0 131.01318807975068,31.22022072504996,0.0 131.01318859947196,31.220220704031977,0.0 131.01318911567338,31.220220686055416,0.0 131.01318962837328,31.2202206711023,0.0 131.0131901375897,31.220220659154823,0.0 131.0131906433407,31.22022065019531,0.0 131.01319114564413,31.22022064420617,0.0 131.01319164451783,31.22022064116993,0.0 131.0131921399796,31.220220641069297,0.0 131.01319263204692,31.220220643887064,0.0 131.01319312073738,31.220220649606134,0.0 131.01319360606843,31.22022065820949,0.0 131.01319408805736,31.220220669680312,0.0 131.01319456672147,31.22022068400184,0.0 131.01319504207788,31.22022070115741,0.0 131.01319551414372,31.220220721130456,0.0 131.01319598293597,31.22022074390457,0.0 131.01319644847155,31.2202207694634,0.0 131.01319691076736,31.22022079779072,0.0 131.01319736984016,31.220220828870325,0.0 131.01319782570664,31.22022086268621,0.0 131.0131982783834,31.22022089922245,0.0 131.0131987278871,31.22022093846313,0.0 131.0131991742342,31.220220980392465,0.0 131.0131996174411,31.220221024994785,0.0 131.0132000575242,31.220221072254496,0.0 131.0132004944998,31.22022112215608,0.0 131.0132009283842,31.220221174684056,0.0 131.01320135919354,31.22022122982312,0.0 131.01320178694402,31.220221287558,0.0 131.0132022116516,31.22022134787344,0.0 131.01320263333247,31.22022141075436,0.0 131.01320305200247,31.22022147618572,0.0 131.01320346767756,31.220221544152544,0.0 131.01320388037362,31.220221614639897,0.0 131.01320429010647,31.22022168763297,0.0 131.01320469689188,31.22022176311703,0.0 131.01320510074558,31.220221841077336,0.0 131.01320550168327,31.22022192149928,0.0 131.01320589972053,31.22022200436832,0.0 131.013206294873,31.22022208966995,0.0 131.01320668715618,31.220222177389704,0.0 131.0132070765856,31.22022226751324,0.0 131.0132074631767,31.220222360026263,0.0 131.01320784694497,31.220222454914506,0.0 131.0132082279057,31.22022255216376,0.0 131.0132086060743,31.22022265175993,0.0 131.01320898146597,31.220222753688937,0.0 131.01320935409603,31.22022285793672,0.0 131.01320972397974,31.22022296448933,0.0 131.01321009113224,31.220223073332903,0.0 131.01321045556867,31.22022318445353,0.0 131.01321081730416,31.220223297837407,0.0 131.01321117635376,31.22022341347081,0.0 131.01321153273253,31.220223531340046,0.0 131.01321188645545,31.2202236514314,0.0 131.01321223753752,31.22022377373132,0.0 131.0132125859936,31.220223898226266,0.0 131.01321293183867,31.22022402490268,0.0 131.0132132750875,31.22022415374713,0.0 131.01321361575495,31.220224284746223,0.0 131.01321395385585,31.220224417886577,0.0 131.01321428940494,31.220224553154857,0.0 131.01321462241688,31.22022469053781,0.0 131.01321495290637,31.22022483002221,0.0 131.0132152808881,31.220224971594856,0.0 131.01321560637666,31.2202251152426,0.0 131.0132159293866,31.22022526095239,0.0 131.01321624993253,31.220225408711087,0.0 131.01321656802887,31.220225558505746,0.0 131.01321688369015,31.2202257103234,0.0 131.0132171969308,31.22022586415104,0.0 131.01321750776515,31.22022601997584,0.0 131.01321781620769,31.22022617778497,0.0 131.01321812227266,31.22022633756553,0.0 131.01321842597434,31.220226499304843,0.0 131.01321872732703,31.22022666299016,0.0 131.01321902634487,31.220226828608727,0.0 131.0132193230421,31.220226996147968,0.0 131.01321961743287,31.220227165595272,0.0 131.01321990953127,31.220227336938,0.0 131.01322019935128,31.220227510163674,0.0 131.013220486907,31.220227685259804,0.0 131.01322077221235,31.22022786221388,0.0 131.01322105528135,31.22022804101353,0.0 131.01322133612783,31.22022822164639,0.0 131.01322161476568,31.22022840410004,0.0 131.01322189120867,31.22022858836224,0.0 131.01322216547064,31.22022877442072,0.0 131.0132224375652,31.22022896226319,0.0 131.01322270750617,31.220229151877536,0.0 131.01322297530712,31.22022934325156,0.0 131.01322324098163,31.220229536373143,0.0 131.01322350454328,31.22022973123024,0.0 131.01322376600555,31.220229927810745,0.0 131.0132240253819,31.220230126102702,0.0 131.01322428268568,31.220230326094164,0.0 131.01322453793037,31.22023052777313,0.0 131.01322479112915,31.22023073112776,0.0 131.01322504229535,31.22023093614618,0.0 131.01322529144218,31.22023114281655,0.0 131.0132255385828,31.220231351127143,0.0 131.01322578373026,31.22023156106616,0.0 131.01322602689768,31.22023177262191,0.0 131.01322626809795,31.22023198578276,0.0 131.01322650734417,31.22023220053701,0.0 131.01322674464913,31.22023241687313,0.0 131.01322698002568,31.22023263477953,0.0 131.0132272134866,31.22023285424469,0.0 131.0132274450446,31.22023307525717,0.0 131.01322767471245,31.220233297805464,0.0 131.01322790250256,31.22023352187822,0.0 131.01322812842764,31.22023374746403,0.0 131.0132283525001,31.2202339745516,0.0 131.01322857473244,31.220234203129632,0.0 131.0132287951369,31.220234433186835,0.0 131.01322901372595,31.220234664712063,0.0 131.01322923051174,31.220234897694088,0.0 131.01322944550645,31.220235132121804,0.0 131.0132296587221,31.22023536798409,0.0 131.01322987017096,31.220235605269902,0.0 131.01323007986483,31.22023584396824,0.0 131.01323028781576,31.220236084068063,0.0 131.01323049403547,31.220236325558503,0.0 131.0132306985359,31.22023656842857,0.0 131.01323090132863,31.220236812667505,0.0 131.0132311024254,31.2202370582644,0.0 131.01323130183775,31.220237305208503,0.0 131.0132314995772,31.220237553489063,0.0 131.01323169565515,31.22023780309537,0.0 131.01323189008306,31.220238054016782,0.0 131.01323208287215,31.220238306242617,0.0 131.01323227403367,31.220238559762368,0.0 131.0132324635788,31.2202388145654,0.0 131.0132326515186,31.22023907064129,0.0 131.01323283786405,31.22023932797949,0.0 131.0132330226261,31.22023958656965,0.0 131.01323320581565,31.22023984640129,0.0 131.01323338744342,31.22024010746417,0.0 131.01323356752016,31.220240369747863,0.0 131.01323374605647,31.22024063324219,0.0 131.01323392306296,31.220240897936844,0.0 131.01323409855,31.22024116382172,0.0 131.0132342725281,31.220241430886567,0.0 131.01323444500758,31.220241699121377,0.0 131.01323461599858,31.220241968515968,0.0 131.01323478551137,31.220242239060408,0.0 131.01323495355598,31.220242510744605,0.0 131.0132351201424,31.22024278355868,0.0 131.01323528528064,31.22024305749265,0.0 131.01323544898048,31.220243332536697,0.0 131.01323561125173,31.220243608680928,0.0 131.01323577210405,31.22024388591557,0.0 131.01323593154703,31.220244164230845,0.0 131.0132360895903,31.22024444361701,0.0 131.0132362462431,31.22024472406442,0.0 131.01323640151503,31.220245005563367,0.0 131.0132365554153,31.22024528810429,0.0 131.01323670795304,31.22024557167756,0.0 131.01323685913744,31.220245856273657,0.0 131.0132370089775,31.22024614188308,0.0 131.01323715748222,31.22024642849632,0.0 131.01323730466046,31.220246716103983,0.0 131.01323745052105,31.22024700469664,0.0 131.01323759507267,31.22024729426492,0.0 131.01323773832397,31.220247584799534,0.0 131.01323788028347,31.220247876291097,0.0 131.01323802095976,31.22024816873042,0.0 131.01323816036108,31.220248462108216,0.0 131.0132382984959,31.2202487564153,0.0 131.01323843537233,31.22024905164251,0.0 131.01323857099862,31.22024934778067,0.0 131.0132387053828,31.22024964482068,0.0 131.01323883853283,31.220249942753483,0.0 131.0132389704567,31.220250241569968,0.0 131.01323910116224,31.220250541261134,0.0 131.01323923065715,31.220250841818,0.0 131.01323935894922,31.22025114323155,0.0 131.01323948604596,31.22025144549285,0.0 131.01323961195493,31.220251748592982,0.0 131.0132397366836,31.22025205252304,0.0 131.0132398602393,31.22025235727412,0.0 131.0132399826294,31.22025266283736,0.0 131.0132401038611,31.220252969203955,0.0 131.0132402239416,31.22025327636508,0.0 131.0132403428779,31.22025358431188,0.0 131.0132404606771,31.220253893035608,0.0 131.01324057734612,31.220254202527485,0.0 131.01324069289177,31.22025451277877,0.0 131.01324080732087,31.22025482378069,0.0 131.0132409206402,31.22025513552452,0.0 131.01324103285637,31.220255448001527,0.0 131.013241143976,31.220255761203013,0.0 131.0132412540056,31.22025607512026,0.0 131.01324136295165,31.220256389744577,0.0 131.01324147082056,31.220256705067257,0.0 131.01324157761863,31.2202570210796,0.0 131.0132416833522,31.22025733777289,0.0 131.0132417880274,31.220257655138443,0.0 131.01324189165047,31.220257973167527,0.0 131.01324199422743,31.220258291851465,0.0 131.01324209576444,31.220258611181503,0.0 131.01324219626727,31.220258931148933,0.0 131.01324229574212,31.22025925174501,0.0 131.01324239419466,31.220259572960945,0.0 131.0132424916308,31.220259894787976,0.0 131.0132425880563,31.22026021721729,0.0 131.0132426834769,31.22026054024008,0.0 131.01324277789828,31.22026086384748,0.0 131.01324287132607,31.22026118803061,0.0 131.01324296376586,31.22026151278056,0.0 131.01324305522323,31.22026183808835,0.0 131.01324314570363,31.22026216394504,0.0 131.01324323521263,31.220262490341515,0.0 131.01324332375563,31.22026281726873,0.0 131.01324341133804,31.22026314471752,0.0 131.01324349796522,31.220263472678702,0.0 131.01324358364255,31.220263801143016,0.0 131.01324366837537,31.220264130101103,0.0 131.01324375216893,31.220264459543586,0.0 131.01324383502853,31.22026478946097,0.0 131.0132439169595,31.22026511984369,0.0 131.013243997967,31.220265450682103,0.0 131.01324407805632,31.220265781966447,0.0 131.01324415723266,31.220266113686865,0.0 131.0132442355012,31.2202664458334,0.0 131.0132443128673,31.22026677839592,0.0 131.01324438933605,31.220267111364247,0.0 131.01324446491273,31.220267444728,0.0 131.0132445396025,31.220267778476696,0.0 131.0132446134108,31.220268112599665,0.0 131.0132446863427,31.22026844708608,0.0 131.01324475840354,31.220268781924936,0.0 131.0132448295873,31.220269117141,0.0 131.01324489989946,31.220269452722324,0.0 131.01324496934043,31.22026978867304,0.0 131.01324503791145,31.22027012499469,0.0 131.01324510561363,31.22027046168884,0.0 131.0132451724481,31.22027079875704,0.0 131.01324523841595,31.22027113620088,0.0 131.01324530351832,31.220271474021967,0.0 131.01324536775616,31.220271812221903,0.0 131.01324543113054,31.22027215080229,0.0 131.01324549364244,31.22027248976476,0.0 131.01324555529283,31.22027282911093,0.0 131.0132456160826,31.22027316884241,0.0 131.01324567601276,31.22027350896087,0.0 131.01324573508415,31.220273849467898,0.0 131.01324579329773,31.220274190365146,0.0 131.0132458506543,31.220274531654205,0.0 131.01324590715478,31.220274873336727,0.0 131.01324596279997,31.220275215414304,0.0 131.01324601759077,31.220275557888545,0.0 131.01324607152787,31.220275900761045,0.0 131.01324612461227,31.22027624403337,0.0 131.01324617684463,31.22027658770713,0.0 131.01324622822585,31.22027693178384,0.0 131.01324627875667,31.220277276265048,0.0 131.013246328438,31.22027762115229,0.0 131.0132463772705,31.220277966447068,0.0 131.013246425255,31.22027831215085,0.0 131.01324647239238,31.220278658265112,0.0 131.01324651868333,31.220279004791287,0.0 131.0132465533007,31.220279239374936,0.0 131.01324657543412,31.22027947376085,0.0 131.01324651743036,31.22027975251465,0.0 131.01324657905943,31.220280014007106,0.0 131.01324662153684,31.22028015896578,0.0 131.01324665159297,31.22028043300555,0.0</coordinates>
            </LineString>
        </Placemark>
    </Document>
</kml>
