<?xml version="1.0" encoding="UTF-8"?>
<kml xmlns="http://www.opengis.net/kml/2.2" xmlns:gx="http://www.google.com/kml/ext/2.2">
    <Document id="141">
        <Style id="144">
            <LineStyle id="145">
                <color>ff0000ff</color>
                <colorMode>normal</colorMode>
                <width>3</width>
            </LineStyle>
        </Style>
        <Style id="148">
            <LineStyle id="149">
                <color>ff00ff00</color>
                <colorMode>normal</colorMode>
                <width>3</width>
            </LineStyle>
        </Style>
        <Placemark id="143">
            <name>flight_path</name>
            <styleUrl>#144</styleUrl>
            <LineString id="142">
                <altitudeMode>relativeToGround</altitudeMode>
                <coordinates>131.010392,31.222216000000007,3.000000004412624 131.0103920000045,31.222215999991075,3.0000027652305543 131.0103920000085,31.222215999994766,3.0000030853541984 131.0103920000085,31.222215999994766,3.0000030853541984 131.01039200000852,31.222215999994766,3.0000030853541984 131.01039201539675,31.22221599246117,3.0023884986471163 131.0103920617776,31.22221596990869,3.015331231721257 131.01039213193175,31.22221593580231,3.0351264363252404 131.01039220552698,31.222215900001803,3.055106219166761 131.0103923261533,31.222215841380503,3.090004394730484 131.01039241011944,31.222215800500727,3.1115340872331685 131.01039255023213,31.22221573238213,3.151063460926564 131.0103926908424,31.222215663995925,3.189784893121109 131.01039284206664,31.22221559043897,3.23111772340097 131.01039301222698,31.2222155076778,3.2778754514712065 131.01039319835945,31.22221541714896,3.329057119327625 131.01039339622227,31.222215320908244,3.383229829375461 131.0103936086097,31.222215217601374,3.4413386621870097 131.01039382835415,31.2222151107022,3.500962017738751 131.0103940692252,31.222214993537087,3.566754013292423 131.0103943154942,31.22221487372917,3.6334003425495367 131.0103945800907,31.22221474501192,3.705270765720048 131.01039485370347,31.222214611898128,3.779219998303775 131.01039513986652,31.222214472675024,3.856442763351153 131.01039544418495,31.22221432462593,3.9388336136528577 131.01039575462735,31.22221417358214,4.022328928820314 131.01039608061367,31.222214014978025,4.110111315127456 131.01039641907315,31.22221385030192,4.20114441129061 131.01039677261693,31.22221367828824,4.296310626724281 131.01039713608534,31.22221350143773,4.393868548192477 131.010397517966,31.22221331563664,4.496683993164735 131.01039790540767,31.22221312711366,4.600420125064151 131.01039830590005,31.22221293223868,4.707604968129808 131.01039871921526,31.222212731122088,4.8181619013200345 131.01039914602634,31.222212523437697,4.932317992273902 131.0103995843797,31.222212310132328,5.049414803571431 131.01040002919007,31.222212093670787,5.167739039340097 131.010400488852,31.222211869984235,5.290119088179969 131.01040096154043,31.222211639957216,5.415939478570699 131.01040144391652,31.222211405208075,5.544076156420129 131.01040193996343,31.222211163806087,5.675869112702848 131.01040244347448,31.22221091875968,5.809230869593894 131.01040295825328,31.222210668225145,5.945439804389508 131.01040348638034,31.22221041119396,6.085193185839201 131.01040402793237,31.222210147628825,6.228514853755213 131.0104045774418,31.22220988018005,6.373570321964543 131.0104051377902,31.2222096074508,6.521325187598352 131.01040571307726,31.222209327453587,6.673149607941206 131.01040630329675,31.222209040191352,6.829037586096744 131.01040689520636,31.22220875208352,6.984563197684807 131.01040750096558,31.22220845723537,7.143787353550456 131.0104081214021,31.222208155245536,7.306979827983644 131.01040875222748,31.222207848192888,7.472708023785239 131.01040938861175,31.222207538419,7.639365051166282 131.0104100415545,31.222207220590928,7.810603337186065 131.01041070492113,31.22220689768276,7.98437975261839 131.0104113765162,31.222206570758807,8.159965504549577 131.0104120620245,31.22220624038504,8.33923168469853 131.01041275227973,31.222205901428524,8.520452710971306 131.01041345381236,31.22220555850029,8.704457454272285 131.01041417170268,31.222205206133808,8.893485522947964 131.01041489276284,31.222204851154064,9.083114533250756 131.01041562360163,31.22220449036797,9.275503243285408 131.01041636780215,31.22220412204444,9.471803642857584 131.01041712703483,31.222203745395014,9.672531657256789 131.01041788239593,31.22220336951157,9.871586518924923 131.01041865088655,31.22220298625842,10.074424462972356 131.01041944030283,31.222202591986857,10.283468418714616 131.0104202319988,31.222202195569555,10.492784301513996 131.01042102873092,31.222201795694456,10.703255142220712 131.01042184130293,31.222201387370905,10.918205639877476 131.01042266692315,31.222200971988165,11.136704834510295 131.01042349766865,31.222200553215767,11.356309681606136 131.01042433631926,31.222200129805785,11.577853894079452 131.01042519000447,31.222199698645905,11.80341104483558 131.01042605927188,31.22219925962609,12.033056786934356 131.0104269266053,31.22219882044063,12.261668002358505 131.01042781183955,31.22219837254184,12.494946092244652 131.0104287070831,31.222197919459656,12.730542950912504 131.01042961122556,31.22219746171857,12.968113835985498 131.0104305221593,31.222197000239262,13.207048182852027 131.0104314533374,31.22219652969125,13.450923075255307 131.01043239382696,31.22219605461609,13.696706814690907 131.01043333644142,31.22219557782225,13.942516173823856 131.01043429881474,31.222195092610693,14.192866452250664 131.01043527737951,31.22219460058457,14.446697917690894 131.010436254135,31.222194108436906,14.699493359996358 131.01043724863476,31.22219360908583,14.956053746981947 131.01043825861913,31.222193103591543,15.2156836968834 131.01043927750695,31.222192594357534,15.47675946252199 131.0104403063773,31.222192081069103,15.73950387105612 131.01044135088082,31.2221915619856,16.0051267148079 131.01044241008256,31.22219103759553,16.273313875077715 131.01044347445884,31.222190511000715,16.541934910307596 131.01044455868447,31.22218997774913,16.814089370597756 131.01044566016392,31.222189438878708,17.089087066496308 131.01044676541107,31.22218889844005,17.36410806691524 131.0104478960587,31.222188350306208,17.643469194771498 131.01044903809466,31.222187798664883,17.92425240393547 131.0104501836936,31.22218724564992,18.20494713343076 131.01045135687747,31.222186684998302,18.490036489967103 131.01045254417176,31.22218612049888,18.77685167304132 131.01045374421335,31.222185552555867,19.06511311792049 131.0104549639665,31.2221849795862,19.35598929977589 131.01045619360627,31.22218440408489,19.64768820807995 131.01045743499876,31.222183825670555,19.94050032872961 131.0104587076961,31.222183240134846,20.237567092906623 131.0104599759898,31.222182655491448,20.532971040799392 131.01046127703813,31.222182063794893,20.832650255560225 131.01046259754045,31.22218146814783,21.13433498346168 131.01046392186376,31.22218087173677,21.43561961858349 131.01046526561365,31.222180271518408,21.738831674990333 131.0104666544796,31.22217966291672,22.047553426100773 131.0104680419417,31.2221790547766,22.35498589363656 131.01046943038804,31.22217844647317,22.661578136626016 131.0104708760884,31.222177828394063,22.97493740434121 131.01047230623047,31.22217721322668,23.285083237132174 131.01047376393095,31.22217659366494,23.59781033017863 131.0104752861164,31.222175964217968,23.91764150924312 131.0104767571726,31.22217534301672,24.22988709791808 131.01047829330335,31.22217471216904,24.549124134930416 131.01047986580687,31.22217407652424,24.871506710582658 131.01048139587732,31.22217344724866,25.18771360417352 131.01048301199208,31.22217280637853,25.512805206495536 131.01048461547808,31.222172167773262,25.83518319261466 131.01048622409604,31.222171528834487,26.1569980952708 131.01048791025434,31.222170880537103,26.486093515582883 131.01048956826057,31.2221702363212,26.810870995683374 131.01049124944515,31.222169589700265,27.136941854717968 131.01049299920243,31.22216893562704,27.46885942603616 131.0104947123454,31.222168286358947,27.795747958388247 131.0104964789343,31.222167631612464,28.12679466319883 131.01049827538105,31.222166974292865,28.459468009954428 131.01050004789587,31.222166320104737,28.78855036779255 131.01050190840513,31.222165657404293,29.12476234255453 131.01050373941803,31.22216499842436,29.456850220376687 131.01050559565613,31.222164337519985,29.79002444567232 131.01050753206658,31.22216366957831,30.12916649040653 131.01050942234434,31.222163006765616,30.462803302151737 131.0105113634502,31.222162339837503,30.7996810644316 131.01051335946403,31.222161668673017,31.139993042193943 131.0105153157633,31.22216100181413,31.475526080760936 131.0105173528397,31.222160328516846,31.81664574658877 131.01051937637976,31.222159657186964,32.15524535950619 131.01052141433982,31.222158985330047,32.4937300063658 131.01052354415987,31.22215830649157,32.83843014700475 131.01052562221355,31.2221576327772,33.177512745065854 131.0105277451854,31.222156956058456,33.51892260315848 131.01052994826267,31.222156273581703,33.86538068788957 131.01053207931744,31.222155597736,34.20472891005228 131.01053431417907,31.22215491424304,34.55096177640038 131.01053654696264,31.22215423171225,34.89564061403254 131.010538767428,31.222153550912125,35.23801586532195 131.0105410924438,31.22215286251651,35.587160277668154 131.0105433679198,31.222152178831625,35.93110125643268 131.01054569354628,31.222151491873245,36.27757459744419 131.01054806820227,31.2221508017202,36.62645828015718 131.01055040578876,31.22215011526152,36.97115975123613 131.01055283327432,31.222149422252453,37.32140562351612 131.01055523693935,31.22214873185716,37.66849501673042 131.01055765595433,31.222148040893767,38.0154376939766 131.01056015952656,31.222147343589555,38.367522224113074 131.01056261629788,31.22214665080724,38.71471981804076 131.01056512373637,31.22214595439488,39.06449674260021 131.01056766804578,31.22214525540127,39.41581584737949 131.01057018720087,31.2221445591562,39.763918477578166 131.01057280476863,31.22214385480293,40.11835553110319 131.01057537305397,31.22214315532288,40.46771998330514 131.01057797940115,31.222142452937405,40.81879225984064 131.01058067204005,31.2221417429836,41.17540891170581 131.01058328437583,31.22214104097244,41.5244841236246 131.0105860019803,31.22214032934425,41.88068784307281 131.010588690757,31.222139620813813,42.23341956870358 131.01059140010904,31.22213891061257,42.58661740551495 131.01059417917932,31.22213819357233,42.944326163327446 131.0105969095032,31.22213748179435,43.29691900811051 131.01059972236223,31.222136761532056,43.65518389868201 131.01060252023032,31.22213604297525,44.011121969756886 131.01060532259152,31.22213532410509,44.36633196786078 131.01060820568512,31.22213459616406,44.72733903389307 131.01061103167712,31.2221338747814,45.08242633527134 131.010613935949,31.22213314423291,45.44324096291948 131.0106168270133,31.22213241512837,45.80192536930091 131.0106197290237,31.22213168462175,46.16057591402882 131.0106227018977,31.222130944998224,46.524616062708176 131.01062561757257,31.22213021246449,46.88256743147705 131.01062862212385,31.222129468088607,47.24769321180347 131.01063159013373,31.222128728202968,47.608585933242885 131.01063458726287,31.222127984069928,47.971292487039904 131.01063763719907,31.222127232098288,48.33815687297363 131.01064063772105,31.22212648666733,48.699493820963696 131.01064372075817,31.22212572883746,49.067953550146825 131.01064677173258,31.222124975088825,49.432545936978485 131.0106498468155,31.22212421719277,49.798720107031 131.0106529766893,31.22212345019982,50.169622152164905 131.01065605198164,31.22212269097193,50.534344538607336 131.01065921331332,31.22212191746435,50.90705515653646 131.0106623418846,31.22212114832862,51.2757820216502 131.0106654908285,31.22212037511884,51.64592346286175 131.01066867456117,31.22211959526584,52.01904909659058 131.01067182641012,31.22211881984101,52.38821981344993 131.0106750538521,31.22211803068129,52.76474592067619 131.01067823998267,31.222117247565933,53.136324947300885 131.0106814626482,31.222116457178483,53.5112069402174 131.01068470203438,31.22211566280144,53.88733458622277 131.01068791632423,31.22211487181717,54.26020039087233 131.0106912163273,31.22211406451078,54.64181099892853 131.0106944518486,31.22211326761747,55.01589749855968 131.01069775036908,31.22211245832212,55.396312490605375 131.01070103951048,31.222111649579865,55.77519553774556 131.01070432358443,31.222110840660807,56.153004424816 131.01070766799256,31.222110019627927,56.53691043566502 131.01071096448513,31.22210920621424,56.91505947539222 131.01071432697273,31.22210837965088,57.29991807982916 131.01071766271187,31.222107556866742,57.6813374461151 131.0107210137147,31.22210673021916,58.06390438687227 131.0107244028507,31.22210589557736,58.45008931549608 131.01072775140568,31.22210506724925,58.83134233570844 131.01073118108917,31.222104223271973,59.22080497125312 131.01073456330442,31.22210338684945,59.604604197299366 131.01073799678787,31.22210254032124,59.99331672733863 131.01074141585883,31.222101695447407,60.37990975634341 131.01074483474395,31.22210084970428,60.765901061756274 131.01074830248035,31.2220999946557,61.15637146265282 131.01075173014442,31.222099145733548,61.542052346303606 131.0107552415055,31.22209828184557,61.93566254098078 131.0107587047939,31.222097425415125,62.323687267956025 131.01076220278625,31.22209656253656,62.71453493536833 131.01076572296878,31.22209569549537,63.10684938298614 131.0107692086729,31.22209483348032,63.495045572605406 131.0107727611516,31.2220939603738,63.88896850410557 131.0107763019484,31.222093088785247,64.28093879321746 131.01077982278167,31.222092219861874,64.67023966597469 131.01078338562607,31.22209134426052,65.06264326502526 131.01078697621324,31.222090464412005,65.45668930610516 131.01079054999056,31.22208958689056,65.84830536152931 131.01079412482437,31.222088709044936,66.23913756596785 131.01079773467447,31.222087826230343,66.6321176512549 131.01080135192842,31.222086942477564,67.02474447379352 131.0108049674511,31.22208605903408,67.4162354528973 131.01080858857213,31.22208517494745,67.8072014515387 131.01081223219427,31.222084288124133,68.1989947987401 131.0108158799065,31.22208340105345,68.59004653302594 131.0108195310403,31.222082513842505,68.9802947690756 131.01082319256955,31.22208162569117,69.37026708426437 131.0108268629886,31.22208073686988,69.7598044379641 131.01083053872887,31.222079847864457,70.14860335908634 131.01083422027017,31.22207895866759,70.53667866050026 131.01083791301173,31.2220780687246,70.92440511513084 131.01084161505725,31.22207717832078,71.3116081425101 131.01084532538917,31.222076287620578,71.69818917667716 131.0108490401562,31.222075397083763,72.08385260803304 131.01085275930205,31.22207450674847,72.46857990439327 131.01085649442172,31.222073615445343,72.85315604193745 131.0108602322734,31.222072724602643,73.23663882186982 131.01086398031396,31.222071833475702,73.61952853252107 131.01086773595904,31.22207094236416,74.00163051391405 131.01087150199112,31.222070051018143,74.38311533039808 131.0108752708309,31.222069160207816,74.76347073424465 131.01087904989427,31.222068269220983,75.14317421145597 131.0108828380984,31.222067378185564,75.52214088079779 131.01088663045422,31.222066487590386,75.90004387069604 131.0108904342487,31.22206559674436,76.2773424604377 131.01089424944655,31.222064705659967,76.65402468859216 131.01089806479794,31.222063815399288,77.02938250070505 131.0109018926294,31.22206292479069,77.40418802240185 131.0109057258924,31.222062034493096,77.77799951127072 131.01090956528577,31.222061144427112,78.15086384422764 131.0109134120127,31.22206025446332,78.52285857708742 131.01091726791384,31.22205936440723,78.89410127418964 131.01092112998307,31.222058474520143,79.26441330948438 131.0109250004213,31.22205758456551,79.63393787768966 131.01092887575615,31.222056694846422,80.00247093145492 131.0109327578224,31.22205580515408,80.37013575550672 131.0109366433115,31.22205491577566,80.7367405421689 131.01094053589333,31.222054026313025,81.10252439229149 131.01094443695865,31.222053136580648,81.467588438553 131.01094834240385,31.222052246944376,81.8316941195534 131.01095225352583,31.222051357229937,82.19493793509692 131.0109561700352,31.222050467417617,82.55731942503806 131.01096008651928,31.22204957802713,82.9185152616964 131.01096401072505,31.222048688191474,83.2790334998814 131.0109679357637,31.22204779858963,83.63845723613302 131.01097186961948,31.222046908299017,83.99731822009748 131.01097580358385,31.222046018219704,84.3550774791335 131.0109797468334,31.222045127268338,84.7123522376186 131.01098368973967,31.22204423647717,85.0685360811027 131.01098763524317,31.222043345463447,85.42384103577865 131.0109915872556,31.222042453699327,85.77855284062457 131.01099554165813,31.22204156161011,86.1324203939673 131.01099949556817,31.222040669500245,86.4852676312507 131.0110034565427,31.222039776375954,86.8376345735479 131.0110074177,31.22203888303307,87.18907272919942 131.0110113837364,31.22203798882043,87.53993008865609 131.01101535037918,31.222037094231343,87.88993044503641 131.01101931758672,31.2220361992259,88.23908996751062 131.01102328692178,31.22203530354193,88.58754192567667 131.01102725830793,31.222034407132806,88.93530351014483 131.0110312301663,31.222033510166227,89.28228020551892 131.0110352028775,31.222032612544368,89.62851864434711 131.01103917461367,31.22203171448309,89.97390167352016 131.01104315034283,31.22203081522367,90.31881862286366 131.0110471234073,31.22202991568772,90.66278801086148 131.01105109979187,31.22202901496335,91.0062769300304 131.0110550760493,31.222028113518743,91.3490407411504 131.01105904842257,31.222027211895,91.6908027618374 131.0110630237965,31.22202630902153,92.03210568267556 131.0110669975265,31.22202540557413,92.37260402591149 131.01107096794027,31.22202450179564,92.71217584531038 131.0110749409571,31.22202359674623,93.05129314046444 131.0110789095319,31.22202269150805,93.3894123937236 131.01108287881422,31.222021785262985,93.72694404429718 131.01108685072114,31.22202087769164,94.06404638483332 131.01109081729345,31.22201997005221,94.40009473296476 131.01109478248085,31.222019061717912,94.73540321117048 131.01109874633346,31.22201815267936,95.0699777898864 131.01110271171478,31.222017242481247,95.40404520048436 131.01110667436848,31.222016331811915,95.73726793253216 131.0111106349382,31.222015420579247,96.06969484049402 131.01111459622933,31.222014508347847,96.40154315899224 131.0111185549258,31.222013595664084,96.73254749384776 131.011122510936,31.222012682560795,97.06269577715672 131.01112646972587,31.22201176819389,97.39240590119944 131.0111304222938,31.22201085401222,97.72097155076 131.0111343804518,31.22200993818428,98.0492947756078 131.01113833418688,31.22200902231254,98.37659489169876 131.01114228821217,31.22200810569112,98.70322256768898 131.01114624141422,31.222007188529428,99.02908009746224 131.01115019585703,31.222006270550647,99.3543080369024 131.011154149087,31.222005352168235,99.67870916449344 131.0111581010084,31.22200443343334,100.0022636872706 131.0111620521484,31.22200351430819,100.3249954332606 131.01116600437427,31.222002594564177,100.64702179878742 131.01116995317798,31.222001674901755,100.9680050271998 131.01117390361583,31.222000754634013,101.2882871804666 131.01117785298092,31.22199983419851,101.60765925566564 131.01118180137055,31.221998913624127,101.92611246018352 131.01118574899715,31.221997992926635,102.24364439753288 131.01118969978663,31.22199707162213,102.56049815136612 131.0111936461605,31.2219961507814,102.87615290973454 131.01119759543863,31.22199522946875,103.19107361599612 131.01120154720823,31.22199430780122,103.5052080901203 131.01120549761575,31.221993386323263,103.81829336269644 131.0112094491718,31.22199246475453,104.13047213558188 131.0112134020642,31.221991543121696,104.44173600678351 131.01121735729222,31.22199062135035,104.7521261505934 131.0112213081952,31.22198970028961,105.0612284505046 131.01122526130203,31.22198877918773,105.36941737852048 131.01122921567847,31.221987858207267,105.67661676027832 131.01123316943384,31.22198693760689,105.98270279958425 131.01123712718763,31.221986016894995,106.28792104539473 131.0112410820886,31.22198509688576,106.59187375782416 131.01124503638653,31.22198417734976,106.89467693388772 131.01124899810412,31.22198325744652,107.19674635212029 131.01125296058183,31.2219823379444,107.49770641325809 131.0112569208506,31.22198141917873,107.7973949883616 131.01126088528324,31.22198050049789,108.09613342578024 131.0112648513631,31.221979582199,108.39377731746032 131.01126881975495,31.22197866423537,108.69035060662992 131.01127279081268,31.221977746592728,108.98586094872978 131.01127676411667,31.221976829333016,109.2802786160706 131.01128073652893,31.22197591278533,109.57344447600089 131.01128471087037,31.221974996679084,109.86548978660264 131.0112886867938,31.221974081062008,110.15639083067806 131.01129266194545,31.22197316617304,110.44603235534152 131.01129663826032,31.221972251827527,110.73450235231049 131.01130062413893,31.22197133721704,111.02218373004756 131.01130460457023,31.22197042379849,111.30838217686544 131.0113085877146,31.221969510777743,111.5934742421157 131.01131257501154,31.22196859801571,111.87752192358111 131.01131656225053,31.22196768591209,112.16033533105504 131.0113205505994,31.22196677434613,112.44196935385008 131.01132453759683,31.221965863544863,112.72231679051085 131.01132852704447,31.221964953129987,113.00154977762688 131.0113325197089,31.221964043012207,113.27970510664704 131.01133650969058,31.22196313374691,113.55652721792912 131.01134050192923,31.221962224836982,113.8322397532952 131.01134449864435,31.22196131604228,114.1069459513053 131.01134849675583,31.22196040764102,114.38051715755232 131.0113524917751,31.22195950005704,114.6527635773832 131.01135648789247,31.2219585928512,114.92387774107736 131.0113604886806,31.221957685632404,115.1940263084924 131.01136449092,31.22195677869307,115.4630770502688 131.01136849321034,31.221955872148843,115.73097774049104 131.01137249511802,31.221954966016487,115.99771920228352 131.01137649951335,31.22195405996338,116.26344069459148 131.01138050063645,31.22195315456348,116.52789549921845 131.0113845066566,31.22195224891313,116.79146323384204 131.01138851273566,31.22195134348968,117.0539388545342 131.0113925210378,31.221950438022738,117.3154332899776 131.0113965276722,31.22194953290584,117.57578113227306 131.01140053265615,31.221948628107448,117.834994788529 131.0114045406821,31.221947723056367,118.09330602428231 131.01140855011917,31.221946817892285,118.35065433116554 131.0114125629864,31.221945912338857,118.60714945154427 131.01141657272555,31.22194500713037,118.8624939076656 131.01142058226682,31.2219441018905,119.11683908430923 131.01142459752575,31.22194319585736,119.37048618920896 131.0114286083199,31.221942290231336,119.6229564293214 131.0114326228093,31.22194138397577,119.87466017131456 131.01143663656606,31.2219404775988,120.1253952398234 131.011440646099,31.22193957151695,120.37499930007168 131.01144465615263,31.22193866509291,120.6237212881162 131.01144866446316,31.221937758581223,120.87146128907672 131.01145267134183,31.2219368519112,121.11824688171824 131.01145667673936,31.22193594505888,121.36408741635132 131.01146068060856,31.221935038001263,121.60899194906207 131.01146468290443,31.221934130716445,121.85296920990744 131.01146868358416,31.22193322318364,122.09602758204474 131.0114726826074,31.221932315383235,122.33817507290836 131.0114766799363,31.221931407296864,122.57941930327972 131.01148067553544,31.22193049890744,122.81976746951696 131.01148466937224,31.221929590199213,123.05922633958356 131.0114886614167,31.22192868115781,123.2978022291938 131.0114926516418,31.22192777177027,123.53550098193683 131.011496640023,31.221926862025068,123.77232796331384 131.01150062653906,31.221925951912183,124.00828803986812 131.01150461117146,31.22192504142305,124.24338557421652 131.0115085939046,31.22192413055068,124.4776244081538 131.01151257472594,31.221923219289543,124.71100786663096 131.01151655362582,31.221922307635687,124.94353874085952 131.01152053059766,31.22192139558668,125.17521929129408 131.01152450563777,31.22192048314163,125.4060512367018 131.0115284787453,31.2219195703012,125.63603577106052 131.01153244992258,31.22191865706752,125.86517353771652 131.01153641917452,31.221917743444283,126.09346465025928 131.01154038650907,31.221916829436623,126.32090869948162 131.01154435193675,31.22191591505114,126.5475047434386 131.01154831547103,31.22191500029584,126.77325132832372 131.01155227712775,31.221914085180124,126.99814648846868 131.01155623692554,31.22191316971473,127.22218776920526 131.0115601948853,31.221912253911736,127.44537221493788 131.01156415103043,31.221911337784423,127.6676964089037 131.01156810538663,31.221910421347328,127.88915646621352 131.0115720579817,31.22190950461612,128.1097480616839 131.0115760088456,31.22190858760755,128.32946644573963 131.01157995801003,31.22190767033944,128.5483064523662 131.01158390550873,31.22190675283052,128.7662625358855 131.01158785137704,31.2219058351005,128.98332876598482 131.01159179565192,31.221904917169887,129.19949887344083 131.01159573837177,31.22190399905997,129.41476625707352 131.0115996795762,31.22190308079276,129.62912400859696 131.01160361930604,31.221902162390865,129.84256493647243 131.01160755760324,31.221901243877493,130.0550815927438 131.01161149451048,31.221900325276323,130.2666662929167 131.0116154300712,31.22189940661144,130.47731114478114 131.01161936432953,31.221898487907247,130.68700807226574 131.01162329732995,31.221897569188457,130.8957488392916 131.01162722911727,31.221896650479945,131.1035250726304 131.01163115973648,31.22189573180671,131.31032830265707 131.01163508923256,31.22189481319379,131.51614997129846 131.01163901765042,31.22189389466621,131.72098146383843 131.01164294503465,31.22189297624888,131.92481414668694 131.0116468714295,31.22189205796653,132.12763937532935 131.01165079687863,31.221891139843688,132.329448534083 131.01165472142517,31.22189022190452,132.53023305199815 131.0116586451113,31.22188930417283,132.7299844386393 131.01166256797853,31.22188838667199,132.92869429899156 131.0116664900672,31.221887469424864,133.1263543612901 131.01167041141656,31.22188655245372,133.32295650186586 131.01167433206467,31.221885635780225,133.51849276999417 131.01167825204823,31.221884719425347,133.71295540379404 131.01168217140264,31.221883803409323,133.90633685607023 131.01168609016173,31.22188288775156,134.09862982412935 131.0116900083577,31.221881972470644,134.28982724878307 131.01169392602117,31.22188105758425,134.47992235510014 131.01169784318108,31.22188014310913,134.66890865935983 131.0117017598645,31.22187922906101,134.85677998893053 131.01170567609685,31.221878315454607,135.0435304981706 131.01170959190145,31.221877402303576,135.22915468631754 131.0117135072999,31.221876489620488,135.41364740643192 131.0117174223117,31.22187557741676,135.59700388626834 131.01172133695457,31.22187466570266,135.77921972827443 131.01172525124403,31.221873754487287,135.96029093741873 131.01172916519388,31.221872843778545,136.14021391025648 131.01173307881564,31.22187193358308,136.3189854697167 131.011736992119,31.22187102390636,136.4966028412447 131.01174090511168,31.22187011475257,136.67306368361494 131.01174481779924,31.221869206124666,136.84836608296425 131.01174873018553,31.221868298024354,137.02250855676849 131.01175264227228,31.22186739045208,137.19549005980303 131.01175655405945,31.221866483407048,137.36730997917422 131.011760465545,31.221865576887247,137.5379681432625 131.01176437672524,31.2218646708894,137.70746481277715 131.01176828759463,31.221863765409086,137.87580067479112 131.01177219814585,31.22186286044065,138.04297685466884 131.01177610837007,31.221861955977264,138.20899489121567 131.01178001825667,31.221861052010976,138.373856750595 131.01178392779363,31.221860148532723,138.53756480048304 131.0117878369674,31.221859245532336,138.70012181702825 131.01179174576302,31.22185834299863,138.8615309659652 131.0117956541642,31.221857440919376,139.02179579466355 131.0117995621534,31.22185653928141,139.18092022218894 131.01180346971188,31.2218556380706,139.3389085303574 131.0118073768198,31.22185473727195,139.4957653428634 131.01181128345627,31.221853836869624,139.6514956133522 131.0118151895996,31.221852936846982,139.80610461846416 131.01181909522705,31.221852037186697,139.95959792801585 131.0118230003151,31.22185113787067,140.11198140201958 131.01182690483972,31.22185023888024,140.2632611678236 131.01183080877607,31.221849340196112,140.413443600234 131.01183471209896,31.22184844179849,140.56253530859448 131.01183861478256,31.221847543667128,140.710543112933 131.0118425168008,31.221846645781312,140.85747402905412 131.0118464181273,31.221845748120025,141.0033352446845 131.01185031873547,31.221844850661927,141.14813410357274 131.01185421859864,31.22184395338545,141.29187808163465 131.01185811769002,31.22184305626884,141.4345747680714 131.01186201598287,31.22184215929021,141.57623184449582 131.01186591345055,31.22184126242764,141.71685706605183 131.0118698100667,31.221840365659176,141.8564582355719 131.01187370580513,31.221839468962926,141.99504318668167 131.01187760063988,31.22183857231713,142.1326197639237 131.0118814945455,31.22183767570016,142.26919579393328 131.011885387497,31.221836779090623,142.40477907848472 131.0118892794698,31.221835882467424,142.53937736467293 131.01189317043995,31.22183498580976,142.6729983250368 131.0118970603842,31.221834089097225,142.8056495356948 131.0119009492798,31.221833192309848,142.93733847237075 131.01190483710488,31.22183229542816,143.06807246964334 131.0119087238383,31.22183139843317,143.19785871697283 131.01191260945976,31.22183050130654,143.32670423683555 131.0119164939498,31.221829604030496,143.4546158718048 131.01192037728987,31.22182870658798,143.58160025274648 131.01192425946243,31.221827808962576,143.70766380577714 131.0119281404508,31.22182691113868,143.8328127174788 131.0119320202394,31.22182601310145,143.9570529299312 131.01193589881368,31.22182511483688,144.0803901238152 131.01193977616003,31.221824216331804,144.20282970847487 131.01194365226613,31.221823317573936,144.32437680104695 131.01194752712053,31.221822418551927,144.44503623143157 131.01195140071303,31.221821519255343,144.56481251446334 131.0119552730346,31.221820619674745,144.68370984991208 131.0119591440771,31.22181971980164,144.8017321095628 131.01196301383382,31.221818819628552,144.9188828362241 131.011966882299,31.221817919149053,145.03516522484287 131.01197074946802,31.221817018357687,145.15058213343914 131.0119746153375,31.22181611725009,145.2651360592528 131.0119784799051,31.221815215822904,145.3788291476887 131.01198234316965,31.221814314073853,145.4916631833736 131.01198620513105,31.221813412001698,145.60363959512523 131.01199006579023,31.221812509606245,145.71475944303177 131.0119939251494,31.22181160688836,145.8250234313748 131.01199778321157,31.22181070384996,145.93443189272463 131.01200163998087,31.22180980049395,146.0429848088152 131.01200549546255,31.22180889682429,146.1506817996098 131.01200934966266,31.22180799284593,146.25752213125307 131.0120132025883,31.22180708856484,146.36350471706575 131.01201705424742,31.221806183987862,146.46862812847647 131.0120209046489,31.221805279122886,146.57289059402933 131.01202475380242,31.221804373978653,146.6762900182673 131.01202860171847,31.221803468564826,146.77882396781743 131.01203244840835,31.221802562891888,146.88048970518471 131.01203629388397,31.2218016569712,146.9812841728472 131.01204013815803,31.22180075081489,147.08120402903955 131.01204398124375,31.221799844435857,147.18024563184724 131.01204782315503,31.221798937847712,147.27840507399537 131.01205166390625,31.22179803106476,147.3756781758889 131.01205550351227,31.22179712410193,147.4720605104621 131.01205934198848,31.2217962169748,147.5675474091396 131.01206317935052,31.22179530969948,147.66213397773933 131.01206701561446,31.22179440229259,147.75581511138074 131.01207085079665,31.22179349477125,147.84858550243433 131.01207468491364,31.221792587152983,147.94043967033983 131.01207851798225,31.22179167945572,148.03137195862277 131.01208235001928,31.221790771697687,148.12137655874727 131.0120861810418,31.221789863897463,148.21044752701224 131.01209001106676,31.2217889560738,148.29857880343505 131.01209384011122,31.22178804824568,148.3857642187073 131.01209766819213,31.22178714043225,148.47199751208424 131.01210149532625,31.221786232652725,148.5572723621962 131.01210532153036,31.221785324926376,148.64158237810076 131.01210914682088,31.22178441727249,148.72492114202143 131.0121129712141,31.22178350971029,148.80728221133288 131.01211679472587,31.221782602258934,148.88865913645188 131.0121206173719,31.22178169493741,148.96904547872543 131.01212443916748,31.221780787764544,149.0484348313023 131.01212826012735,31.221779880758938,149.12682082012523 131.01213208026607,31.22177897393892,149.20419714666974 131.01213589959747,31.221778067322465,149.28055757700776 131.01213971813505,31.22177716092724,149.35589596963754 131.0121435358917,31.22177625477048,149.43020629138374 131.01214735287982,31.221775348868995,149.5034826303196 131.01215116911115,31.221774443239102,149.5757192057025 131.01215498459692,31.221773537896595,149.64691039083365 131.0121587993476,31.221772632856734,149.7170507200152 131.0121626133732,31.22177172813417,149.78613490445073 131.01216642668288,31.22177082374292,149.8541578451658 131.01217023928533,31.221769919696367,149.9211146399639 131.0121740511884,31.221769016007183,149.98700060131583 131.01217786239937,31.22176811268736,150.0518112662985 131.01218167292478,31.22176720974808,150.1155424055392 131.01218548277052,31.221766307199825,150.17819002818297 131.01218929194172,31.22176540505224,150.23975040077806 131.01219310044294,31.22176450331417,150.3002200472739 131.012196908278,31.221763601993626,150.3595957659171 131.01220071544995,31.221762701097767,150.41787462129952 131.01220452196137,31.22176180063288,150.47505396821185 131.01220832781408,31.22176090060436,150.53113144070903 131.01221213300923,31.22176000101676,150.58610497497136 131.0122159375474,31.22175910187367,150.63997279339927 131.0122197414286,31.221758203177824,150.69273342449324 131.0122235446522,31.221757304931007,150.7443856978823 131.01222734721696,31.22175640713413,150.79492874631245 131.01223114912125,31.22175550978716,150.84436200862743 131.01223495036277,31.22175461288916,150.892685230763 131.0122387509387,31.221753716438304,150.9398984647527 131.01224255084605,31.22175282043185,150.98600206375804 131.0122463500809,31.22175192486617,151.03099668902632 131.0122501486393,31.221751029736776,151.07488329597453 131.01225394651686,31.22175013503829,151.11766314611853 131.01225774370863,31.22174924076451,151.15933778520542 131.01226154020955,31.22174834690837,151.19990905315308 131.0122653360141,31.22174745346203,151.23937907411215 131.01226913111668,31.221746560416825,151.27775024553247 131.0122729255112,31.221745667763354,151.3150252381633 131.01227671919153,31.22174477549145,151.35120699307333 131.0122805121513,31.22174388359024,151.38629869680105 131.01228430438405,31.22174299204818,151.42030378930923 131.01228809588315,31.22174210085303,151.4532259530502 131.01229188664183,31.22174120999197,151.48506909607158 131.0122956766533,31.221740319451538,151.51583734704556 131.01229946591084,31.22173942921774,151.54553504433855 131.01230325440747,31.221738539276075,151.5741667230896 131.0123070421365,31.22173764961152,151.60173711123656 131.01231082909106,31.22173676020861,151.62825110466758 131.0123146152644,31.221735871051475,151.653713770206 131.01231840065003,31.221734982123863,151.67813032175457 131.01232218524126,31.2217340934092,151.70150611135352 131.0123259690318,31.221733204890583,151.72384662222345 131.01232975201535,31.221732316550906,151.74515743894676 131.01233353418587,31.22173142837281,151.76544425542366 131.01233731553745,31.22173054033876,151.78471285101676 131.01234109606443,31.22172965243112,151.8029690647103 131.01234487576124,31.221728764632136,151.8202188080333 131.01234865462274,31.22172787692404,151.83646802331563 131.0123524326439,31.22172698928903,151.85172269362792 131.01235620981987,31.22172610170936,151.86598880799605 131.0123599861463,31.2217252141673,151.8792723693531 131.01236376161884,31.22172432664534,151.89157935279647 131.01236753623368,31.22172343912605,151.9029157195039 131.01237130998703,31.221722551592244,151.91328738790995 131.01237508287562,31.221721664026933,151.92270021979363 131.01237885489633,31.221720776413445,151.93116001431443 131.0123826260464,31.221719888735404,151.9386724861488 131.01238639632325,31.221719000976783,151.94524326549035 131.01239016572478,31.22171811312197,151.95087786624498 131.01239393424908,31.221717225155743,151.95558169199663 131.01239770189449,31.22171633706338,151.95936001712255 131.0124014686597,31.221715448830626,151.9622179669171 131.01240523454368,31.22171456044376,151.96416052454896 131.01240899954573,31.221713671889617,151.96519249826306 131.01241276366525,31.221712783155624,151.96531853430335 131.01241652690214,31.22171189422984,151.9645430841128 131.01242028925634,31.22171100510093,151.9628704112922 131.01242405072824,31.22171011575827,151.96030457967447 131.01242781131833,31.2217092261919,151.95684943543338 131.01243157102735,31.221708336392588,151.9525086080798 131.01243532985634,31.22170744635183,151.9472855064854 131.01243908780648,31.221706556061896,151.94118329701746 131.0124428448792,31.2217056655158,151.9342049144724 131.01244660107602,31.22170477470737,151.9263530431917 131.01245035639877,31.221703883631232,151.9176301210383 131.01245411084935,31.221702992282804,151.90803832647526 131.01245786442985,31.221702100658344,151.8975795865182 131.01246161714243,31.221701208754943,151.8862555608326 131.01246536898947,31.22170031657052,151.87406764570952 131.01246911997345,31.22169942410381,151.86101697207775 131.01247287009684,31.22169853135445,151.8471044005348 131.01247661936225,31.221697638322848,151.83233052631618 131.0124803677724,31.22169674501031,151.81669567432587 131.01248411532998,31.221695851418925,151.80019990112388 131.01248786203772,31.22169495755164,151.78284299492665 131.01249160789848,31.22169406341221,151.764624478588 131.01249535291495,31.22169316900521,151.7455436175508 131.01249909708994,31.221692274335982,151.72559940791913 131.01250284042618,31.2216913794107,151.70479059236095 131.01250658292636,31.221690484236245,151.6831156710415 131.01251032459317,31.221689588820297,151.66057287577928 131.0125140654291,31.221688693171227,151.63716021676174 131.0125178054367,31.22168779729815,151.6128754517316 131.01252154461835,31.22168690121084,151.58771611878694 131.01252528297633,31.221686004919725,151.5616795284284 131.01252902051277,31.221685108435903,151.5347627695224 131.0125327572297,31.22168421177105,151.5069627331547 131.01253649312903,31.221683314937444,151.4782760997078 131.01254022821243,31.221682417947875,151.44869936768583 131.0125439624814,31.221681520815707,151.41822884377194 131.01254769593737,31.221680623554743,151.38686066767747 131.0125514285814,31.221679726179268,151.3545908171106 131.01255516041456,31.22167882870397,151.32141511373771 131.01255889143752,31.22167793114393,151.2873292410742 131.01256262165083,31.22167703351458,151.25232874647068 131.01256635105483,31.22167613583167,151.21640905900358 131.01257007964955,31.221675238111207,151.17956550438188 131.01257380743488,31.22167434036944,151.1417933059409 131.01257753441038,31.221673442622844,151.10308759855528 131.0125812605754,31.22167254488804,151.0634434534873 131.01258498592912,31.221671647181736,151.0228558754029 131.0125887104703,31.2216707495208,150.9813198222502 131.01259243419767,31.22166985192207,150.93883021320823 131.01259615710958,31.221668954402457,150.89538194657896 131.01259987920412,31.22166805697878,150.8509699067407 131.0126036004792,31.22166715966784,150.80558897707064 131.01260732093246,31.22166626248628,150.7592340618092 131.01261104056138,31.221665365450622,150.71190008108908 131.0126147593631,31.22166446857721,150.66358199975863 131.01261847733457,31.22166357188213,150.61427482936764 131.01262219447264,31.221662675381264,150.5639736420833 131.01262591077375,31.22166177909013,150.51267358659032 131.01262962623443,31.221660883023965,150.4603698950478 131.0126333408508,31.221659987197604,150.4070578970038 131.01263705461884,31.221659091625508,150.35273302436357 131.0126407675345,31.221658196321687,150.29739083325566 131.0126444795934,31.22165730129968,150.24102700900008 131.01264819079128,31.22165640657255,150.18363736710162 131.01265190112355,31.221655512152804,150.12521788406116 131.01265561058565,31.22165461805241,150.06576468047805 131.01265931917288,31.22165372428273,150.00527405881843 131.01266302688057,31.22165283085457,149.94374248154833 131.01266673370387,31.22165193777801,149.8811666089024 131.01267043963807,31.221651045062536,149.8175432819868 131.01267414467833,31.22165015271693,149.75286954862057 131.01267784881992,31.22164926074928,149.68714265438953 131.01268155205813,31.22164836916693,149.62036006351883 131.01268525438823,31.22164747797653,149.55251945589163 131.01268895580577,31.22164658718392,149.48361873002793 131.0126926563062,31.221645696794205,149.41365601600828 131.01269635588517,31.22164480681171,149.34262967249083 131.01270005453847,31.221643917239955,149.270538299632 131.01270375226218,31.221643028081665,149.19738072616445 131.0127074490524,31.22164213933877,149.12315603226008 131.01271114490544,31.22164125101239,149.04786353263017 131.01271483981796,31.221640363102807,148.97150278944872 131.01271853378685,31.22163947560953,148.8940736083756 131.0127222268092,31.221638588531224,148.8155760395517 131.01272591888238,31.22163770186576,148.73601037958628 131.0127296100042,31.2216368156102,148.6553771695696 131.0127333001726,31.221635929760826,148.57367719010347 131.01273698938607,31.22163504431311,148.49091146229614 131.01274067764325,31.22163415926176,148.4070812467678 131.01274436494327,31.22163327460072,148.32218803768905 131.01274805128563,31.22163239032317,148.23623355880315 131.01275173667025,31.221631506421584,148.14921976144214 131.01275542109727,31.22163062288769,148.06114881856067 131.01275910456755,31.221629739712565,147.9720231157929 131.01276278708207,31.221628856886568,147.88184525741772 131.01276646864247,31.22162797439941,147.79061804548397 131.01277014925063,31.2216270922402,147.69834448378973 131.0127738289091,31.22162621039745,147.60502776297332 131.0127775076206,31.221625328859066,147.51067125951923 131.01278118538846,31.22162444761242,147.4152785238333 131.01278486221642,31.22162356664439,147.31885327328476 131.01278853810865,31.22162268594136,147.22139937928736 131.0127922130697,31.22162180548924,147.12292087028078 131.0127958871046,31.221620925273537,147.02342190887182 131.0127995602188,31.22162004527939,146.92290678189647 131.01280323241815,31.22161916549157,146.8213799053895 131.01280690370885,31.22161828589453,146.7188457987438 131.0128105740976,31.221617406472465,146.61530907775435 131.0128142435913,31.22161652720931,146.51077445561222 131.0128179121973,31.22161564808882,146.40524670811828 131.01282157992344,31.22161476909455,146.2987306915751 131.01282524677762,31.221613890209987,146.1912313030308 131.01282891276816,31.22161301141848,146.08275349121325 131.0128325779037,31.221612132703363,145.97330223168188 131.01283624219312,31.221611254047943,145.86288252484243 131.01283990564545,31.221610375435585,145.75149937109816 131.0128435682701,31.221609496849688,145.639157775821 131.01284723007657,31.2216086182738,145.5258627264923 131.01285089107446,31.221607739691606,145.41161918475163 131.01285455127365,31.221606861086983,145.2964320704954 131.01285821068407,31.221605982444025,145.1803062638653 131.01286186931569,31.221605103747105,145.0632465744367 131.01286552717855,31.221604224980886,144.94525774618987 131.01286918428283,31.2216033461304,144.82634444061415 131.01287284063855,31.221602467181,144.70651122577402 131.01287649625573,31.22160158811849,144.5857625653778 131.01288015114443,31.22160070892913,144.46410281579656 131.01288380531452,31.22159982959964,144.34153619823334 131.0128874587757,31.221598950117222,144.2180668166158 131.01289111153767,31.221598070469668,144.09369861982648 131.01289476360986,31.221597190645326,143.96843541363197 131.01289841500147,31.221596310633128,143.84228084179577 131.01290206572148,31.22159543042265,143.7152383801184 131.0129057157786,31.221594550004127,143.58731133245956 131.01290936518123,31.221593669368456,143.45850281781898 131.01291301393752,31.22159278850724,143.32881576437103 131.01291666205515,31.22159190741281,143.19825290847385 131.01292030954147,31.221591026078247,143.06681678472765 131.01292395640354,31.221590144497377,142.93450971802477 131.01292760264775,31.2215892626648,142.80133382156103 131.01293124828032,31.221588380575923,142.6672909938548 131.01293489330675,31.221587498226928,142.5323829157648 131.0129385377322,31.22158661561484,142.39661103756808 131.01294218156124,31.221585732737456,142.2599765918829 131.01294582479798,31.221584849593462,142.1224805767702 131.0129494674459,31.22158396618233,141.98412376070308 131.01295310950795,31.22158308250437,141.8449066805792 131.01295675098655,31.221582198560743,141.7048296456965 131.0129603918834,31.22158131435341,141.5638927258247 131.0129640321997,31.221580429885208,141.42209576512084 131.012967671936,31.221579545159727,141.27943837517077 131.01297131109217,31.22157866018143,141.13591993797058 131.01297494966758,31.221577774955545,140.99153960990213 131.0129785876608,31.22157688948812,140.8462963237203 131.01298222506986,31.22157600378597,140.70018878855188 131.0129858618921,31.221575117856663,140.55321549983495 131.01298949812428,31.221574231708523,140.40537473931795 131.0129931337624,31.221573345350585,140.25666458002877 131.0129967688019,31.22157245879257,140.10708289820096 131.01300040323753,31.22157157204493,139.95662736631604 131.0130040370634,31.22157068511872,139.80529546999932 131.01300767027308,31.221569798025623,139.6530845119937 131.0130113028594,31.221568910777968,139.49999161812585 131.01301493481466,31.221568023388613,139.3460137472404 131.01301856613054,31.22156713587094,139.19114769617156 131.0130221967981,31.22156624823888,139.03539011365743 131.01302582680788,31.221565360506805,138.8787375003375 131.01302945614984,31.221564472689543,138.721186227638 131.0130330848135,31.22156358480232,138.56273254075182 131.01303671278768,31.221562696860705,138.40337257354778 131.0130403400609,31.22156180888064,138.24310235353883 131.01304396662115,31.221560920878275,138.08191781977126 131.01304759245593,31.221560032870105,137.9198148198436 131.01305121755237,31.22155914487277,137.756789135747 131.0130548418972,31.221558256903087,137.59283648684627 131.0130584654768,31.221557368978008,137.4279525437952 131.01306208827725,31.221556481114547,137.26213293847297 131.01306571028428,31.2215555933298,137.09537327392505 131.0130693314834,31.2215547056408,136.92766914125795 131.0130729518598,31.221553818064606,136.75901612858442 131.01307657139867,31.221552930618145,136.5894098269855 131.01308019008488,31.221552043318265,136.4188458484022 131.0130838079032,31.2215511561816,136.24731983756007 131.01308742483835,31.221550269224583,136.0748274819101 131.01309104087505,31.22154938246341,135.90136451957747 131.0130946559979,31.221548495914,135.72692675327767 131.01309827019165,31.221547609591862,135.55151006522465 131.01310188344104,31.221546723512247,135.37511041613507 131.01310549573097,31.22154583768992,135.19772387107233 131.0131091070465,31.22154495213919,135.01934660043807 131.01311271737285,31.22154406687393,134.83997488891887 131.01311632669547,31.22154318190748,134.65960515138764 131.01311993500028,31.22154229725257,134.47823393986158 131.01312354227315,31.221541412921432,134.29585794847085 131.01312714850064,31.22154052892561,134.1124740273744 131.01313075366957,31.221539645276064,133.92807918772883 131.01313435776723,31.221538761982977,133.74267061659782 131.0131379607814,31.22153787905592,133.55624566999387 131.01314156270033,31.22153699650368,133.36880189573927 131.01314516351286,31.221536114334288,133.18033703048388 131.0131487632084,31.22153523255504,132.9908490046753 131.013152361777,31.221534351172377,132.80033595945628 131.01315595920943,31.221533470191968,132.60879623672406 131.013159555497,31.22153258961861,132.41622839503492 131.01316315063193,31.22153170945632,132.22263120562775 131.01316674460702,31.221530829708183,132.02800366435312 131.013170337416,31.221529950376468,131.83234498272543 131.01317392905327,31.221529071462548,131.6356546028352 131.01317751951424,31.221528192966908,131.4379321913839 131.01318110879495,31.22152731488916,131.23917764167345 131.01318469689247,31.221526437228043,131.03939107261138 131.0131882838047,31.2215255599814,130.83857283467717 131.0131918695306,31.2215246831462,130.63672350097443 131.01319545406972,31.22152380671852,130.43384387617957 131.01319903742282,31.2215229306936,130.22993498858983 131.0132026195915,31.22152205506585,130.02499807918957 131.01320620057837,31.2215211798288,129.81903462252575 131.01320978038692,31.221520304975147,129.61204629490055 131.0132133590215,31.22151943049683,129.4040349882885 131.0132169364877,31.22151855638496,129.19500280039753 131.0132205127917,31.221517682629905,128.98495203367523 131.01322408794078,31.22151680922128,128.7738851804014 131.01322766194315,31.221515936147988,128.56180492566986 131.01323123480793,31.22151506339824,128.3487141344683 131.01323480654503,31.221514190959617,128.1346158536669 131.0132383771654,31.22151331881905,127.9195132871709 131.01324194668064,31.221512446962887,127.70340980784788 131.0132455151033,31.221511575376915,127.48630893466893 131.0132490824467,31.2215107040464,127.26821433370309 131.01325264872483,31.22150983295612,127.04912979724445 131.0132562139526,31.22150896209041,126.82905924480792 131.01325977814545,31.22150809143324,126.608006710209 131.01326334131954,31.22150722096813,126.38597632864176 131.0132669034916,31.2215063506784,126.16297232972396 131.013270464679,31.221505480546995,125.9389990265624 131.0132740248996,31.221504610556703,125.71406079786443 131.01327758417173,31.221503740690075,125.48816208793748 131.0132811425142,31.221502870929548,125.26130738681152 131.01328469994607,31.22150200125748,125.03350122029964 131.01328825648693,31.22150113165616,124.80474814304206 131.01329181215647,31.22150026210788,124.5750527206143 131.01329536697472,31.221499392595,124.3444195235658 131.01329892096174,31.221498523099967,124.1128531115155 131.01330247413787,31.2214976536054,123.88035802222026 131.0133060265233,31.22149678409407,123.64693876461726 131.01330957813846,31.221495914549006,123.41259979695782 131.01331312900342,31.22149504495353,123.17734552481944 131.0133166791383,31.22149417529129,122.94118028917887 131.01332022856306,31.2214933055463,122.70410834752836 131.01332377729727,31.221492435703,122.46613387188653 131.0133273253603,31.221491565746312,122.22726093389043 131.0133308727711,31.221490695661657,121.98749349485638 131.01333441954827,31.22148982543499,121.74683539583955 131.01333796570984,31.221488955052862,121.50529034570764 131.01334151127338,31.221488084502468,121.262861917165 131.01334505625576,31.221487213771645,121.01955352587925 131.0133486006733,31.22148634284892,120.77536844141542 131.0133521445416,31.22148547172356,120.53030975741666 131.01335568787556,31.22148460038564,120.28438040054984 131.01335923068913,31.22148372882596,120.03758310863876 131.01336277299555,31.22148285703617,119.78992044159736 131.01336631480712,31.2214819850088,119.54139475658069 131.01336985613523,31.221481112737173,119.29200821096563 131.01337339699032,31.221480240215566,119.04176275539449 131.0133769373817,31.22147936743914,118.79066013377316 131.0133804773178,31.221478494403986,118.53870187333244 131.01338401680587,31.22147762110713,118.28588928164427 131.0133875558521,31.221476747546568,118.03222344364067 131.01339109446147,31.22147587372121,117.77770522360088 131.01339463263795,31.22147499963098,117.52233525620436 131.0133981703842,31.22147412527673,117.26611394851912 131.01340170770175,31.221473250660285,117.00904148000085 131.01340524459087,31.22147237578443,116.7511178064677 131.0134087810508,31.22147150065296,116.49234265214848 131.0134123170793,31.22147062527053,116.2327155176333 131.013415852673,31.221469749642832,115.97223567887912 131.0134193878274,31.221468873776423,115.71090218919667 131.01342292253673,31.22146799767877,115.44871388521348 131.01342645679395,31.22146712135825,115.18566939184352 131.0134299905908,31.22146624482411,114.9217671163216 131.01343352391797,31.221465368086456,114.65700527205853 131.01343705676484,31.2214644911562,114.39138186373005 131.0134405891197,31.22146361404504,114.12489471013843 131.0134441209698,31.22146273676544,113.85754144023444 131.01344765230107,31.221461859330585,113.58931950305704 131.01345118309857,31.22146098175436,113.32022617965951 131.01345471334622,31.221460104051303,113.05025858807886 131.01345824302703,31.2214592262366,112.77941369327468 131.013461772123,31.22145834832593,112.50768830911588 131.01346530061525,31.22145747033557,112.2350791281992 131.013468828484,31.221456592282266,111.96158270495124 131.01347235570873,31.22145571418316,111.68719548643968 131.01347588226807,31.22145483605585,111.41191381237392 131.01347940814003,31.22145395791825,111.13573393895815 131.0134829333019,31.22145307978856,110.85865203193384 131.01348645773044,31.22145220168519,110.58066419739212 131.01348998140185,31.2214513236268,110.3017664758084 131.0134935042919,31.22145044563213,110.02195486589784 131.01349702637594,31.221449567720008,109.74122533654216 131.013500547629,31.221448689909337,109.4595738367291 131.01350406802587,31.221447812218944,109.17699630151468 131.0135075875412,31.221446934667583,108.89348868084952 131.01351110614937,31.221446057273887,108.609046935601 131.01351462382488,31.221445180056264,108.32366705246284 131.0135181405422,31.221444303032914,108.03734506781124 131.0135216562759,31.22144342622173,107.7500770756548 131.0135251710008,31.22144254964025,107.4618592236588 131.01352868469186,31.22144167330561,107.17268775389869 131.0135321973245,31.22144079723449,106.88255898397328 131.01353570887449,31.221439921443054,106.59146934577072 131.01353921931803,31.22143904594693,106.29941537552816 131.013542728632,31.221438170761143,106.0063937416622 131.0135462367938,31.22143729590008,105.71240124178902 131.0135497437816,31.22143642137741,105.41743481763214 131.01355324957427,31.221435547206102,105.1214915709274 131.01355675415158,31.221434673398328,104.8245687554709 131.0135602574942,31.22143379996545,104.52666381190824 131.01356375958375,31.221432926917988,104.22777435481352 131.01356726040288,31.221432054265588,103.92789818660536 131.01357075993536,31.221431182016964,103.62703330450466 131.01357425816605,31.221430310179908,103.32517791146957 131.01357775508112,31.22142943876121,103.02233041122494 131.01358125066787,31.221428567766736,102.71848943410788 131.013584744915,31.22142769720129,102.41365381619312 131.0135882378125,31.22142682706863,102.1078226221562 131.01359172935176,31.22142595737151,101.80099513732188 131.01359521952557,31.22142508811161,101.49317088158116 131.01359870832826,31.221424219289567,101.18434960044496 131.01360219575548,31.221423350904946,100.87453127399172 131.01360568180462,31.22142248295621,100.5637161128916 131.0136091664743,31.221421615440804,100.25190456039653 131.01361264976498,31.221420748355072,99.93909729333292 131.01361613167848,31.22141988169433,99.62529521117014 131.01361961221815,31.221419015452845,99.31049945391312 131.0136230913891,31.221418149623847,98.99471137526476 131.01362656919775,31.221417284199568,98.67793255256758 131.0136300456522,31.221416419171234,98.36016478581035 131.01363352076203,31.221415554529145,98.04141008073024 131.0136369945384,31.22141469026264,97.72167065378557 131.0136404669938,31.22141382636015,97.4009489192329 131.0136439381423,31.221412962809232,97.07924748515364 131.01364740799931,31.22141209959661,96.7565691484838 131.0136508765817,31.22141123670825,96.43291688408168 131.01365434390755,31.22141037412931,96.10829383777045 131.01365780999626,31.221409511844257,95.78270330347696 131.01366127486853,31.22140864983689,95.4561487470896 131.01366473854617,31.221407788090417,95.12863375775196 131.01366820105207,31.22140692658745,94.80016206774444 131.01367166241016,31.221406065310124,94.47073752167104 131.0136751226454,31.22140520424009,94.14036407248392 131.01367858178352,31.221404343358603,93.80904576955616 131.01368203985123,31.221403482646608,93.47678675669506 131.01368549687578,31.221402622084728,93.14359123635768 131.0136889528852,31.221401761653407,92.80946347959345 131.01369240790797,31.221400901332867,92.47440779920392 131.01369586197313,31.221400041103305,92.1384285497462 131.01369931511005,31.221399180944857,91.80153010168748 131.01370276734832,31.22139832083766,91.46371683743052 131.0137062187178,31.22139746076198,91.12499312646317 131.0137096692484,31.221396600698224,90.78536333231784 131.01371311896995,31.22139574062702,90.44483178076234 131.0137165679122,31.221394880529274,90.10340275781336 131.01372001610477,31.221394020386256,89.76108048389177 131.0137234635768,31.221393160179595,89.41786911978707 131.01372691035715,31.22139229989148,89.07377273981933 131.01373035647413,31.22139143950452,88.72879532786332 131.0137338019554,31.221390579001955,88.38294075349182 131.01373724682784,31.221389718367675,88.03621277396405 131.0137406911177,31.221388857586263,87.68861502030913 131.01374413485024,31.22138799664304,87.34015097446387 131.0137475780497,31.22138713552413,86.99082397424233 131.0137510207393,31.22138627421647,86.64063719544374 131.01375446294105,31.221385412707964,86.2895936409172 131.01375790467583,31.221384550987384,85.93769613857441 131.013761345963,31.221383689044504,85.58494732051378 131.01376478682076,31.221382826870087,85.23134963196678 131.01376822726567,31.221381964456,84.87690530942876 131.0137716673129,31.22138110179512,84.52161638165259 131.01377510697594,31.22138023888144,84.16548465672518 131.0137785462667,31.221379375710114,83.80851173300195 131.01378198519535,31.22137851227744,83.45069897226665 131.0137854237704,31.221377648580845,83.09204751165964 131.01378886199848,31.221376784618943,82.73255825572414 131.01379229988456,31.22137592039157,82.37223187441764 131.01379573743162,31.221375055899703,82.01106880012905 131.01379917464092,31.22137419114553,81.64906922668432 131.0138026115118,31.22137332613243,81.28623311630233 131.01380604804172,31.221372460864973,80.92256019263665 131.01380948422627,31.22137159534888,80.55804994077488 131.0138129200591,31.221370729590983,80.19270161518864 131.0138163555322,31.22136986359935,79.82651424768615 131.01381979063547,31.221368997383088,79.45948664045224 131.01382322535716,31.221368130952385,79.091617368035 131.01382665968353,31.221367264318538,78.7229048031911 131.01383009359932,31.2213663974938,78.35334710197192 131.01383352708737,31.22136553049143,77.9829422226117 131.01383696012894,31.221364663325616,77.61168792353608 131.01384039270363,31.221363796011488,77.2395817842374 131.01384382478955,31.22136292856496,76.8666212062673 131.0138472563632,31.22136206100276,76.49280342019358 131.01385068739972,31.22136119334237,76.1181255034923 131.01385411787297,31.221360325601964,75.74258438849884 131.01385754775544,31.22135945780029,75.36617686737749 131.0138609770185,31.22135858995671,74.98889961697131 131.0138644056324,31.221357722091064,74.61074919979535 131.01386783356645,31.22135685422362,74.23172207994054 131.013871260789,31.221355986375023,73.85181463400713 131.01387468726773,31.2213551185662,73.47102318092573 131.01387811296945,31.221354250818298,73.08934396306908 131.01388153786053,31.22135338315264,72.70677318999017 131.01388496190685,31.22135251559061,72.32330704339111 131.01388838507387,31.22135164815357,71.93894168308738 131.01389180732698,31.22135078086289,71.55367326887617 131.01389522863138,31.221349913739736,71.16749798141089 131.01389864895216,31.22134904680508,70.78041201524282 131.0139020682547,31.2213481800796,70.39241162355289 131.0139054865046,31.221347313583635,70.00349310025796 131.01390890366778,31.221346447337048,69.61365281281502 131.01391231971064,31.221345581359248,69.2228872221022 131.0139157346003,31.221344715669048,68.831192874466 131.01391914830444,31.22134385028461,68.43856642756654 131.01392256079183,31.221342985223444,68.04500467025883 131.01392597203196,31.22134212050223,67.65050451762342 131.01392938199555,31.22134125613683,67.25506303482287 131.01393279065442,31.22134039214228,66.85867744604937 131.01393619798176,31.221339528532567,66.46134514247707 131.01393960395208,31.2213386653208,66.063063699162 131.0139430085415,31.22133780251893,65.66383087504214 131.01394641172757,31.22133694013792,65.26364462188474 131.01394981348963,31.22133607818755,64.86250311311463 131.0139532138088,31.221335216676408,64.46040471995792 131.01395661266793,31.221334355611926,64.05734803927542 131.01396001005185,31.221333495000263,63.6533318975408 131.01396340594735,31.221332634846352,63.24835534189469 131.01396680034335,31.22133177515382,62.842417668972296 131.01397019323073,31.221330915925,62.43551839707253 131.01397358460252,31.22133005716092,62.027657297967245 131.013976974454,31.221329198861287,61.618834383980605 131.0139803627826,31.22132834102449,61.20904990301908 131.013983749588,31.2213274836476,60.79830435845452 131.01398713487202,31.221326626726373,60.38659848526744 131.01399051863888,31.221325770255287,59.97393326396453 131.01399390089492,31.22132491422752,59.56030991362244 131.01399728164878,31.221324058634973,59.14572988592354 131.01400066091122,31.22132320346834,58.73019486217529 131.0140040386953,31.22132234871712,58.31370674635323 131.01400741501618,31.221321494369622,57.89626766410751 131.01401078989105,31.22132064041301,57.477879949841565 131.01401416333923,31.22131978683347,57.058546143730624 131.01401753538204,31.221318933616,56.638268976812334 131.01402090604265,31.22131808074474,56.21705137396954 131.01402427534606,31.22131722820284,55.79489642709164 131.01402764331917,31.22131637597265,55.37180740203407 131.01403100999036,31.22131552403565,54.947787710785406 131.01403437538974,31.22131467237262,54.52284091942055 131.0140377395487,31.22131382096369,54.096970708338965 131.01404110250016,31.2213129697884,53.67018089214689 131.01404446427816,31.221312118825743,53.24247538088942 131.01404782491787,31.221311268054336,52.81385817905639 131.01405118445547,31.22131041745237,52.38433336470874 131.0140545429279,31.22130956699785,51.95390508351333 131.01405790037293,31.22130871666849,51.52257752488649 131.01406125682877,31.221307866442007,51.090354914041406 131.01406461233407,31.22130701629598,50.65724149409544 131.01406796692797,31.22130616620816,50.22324151712326 131.01407132064935,31.221305316156364,49.78835921532947 131.0140746735374,31.22130446611872,49.35259880204189 131.0140780256309,31.2213036160736,48.91596444487234 131.01408137696853,31.22130276599984,48.47846026074588 131.01408472758823,31.221301915876747,48.04009029204264 131.0140880775275,31.22130106568416,47.600858497651046 131.01409142682303,31.22130021540265,47.16076874004443 131.01409477551047,31.2212993650134,46.7198247653994 131.0140981236246,31.221298514498503,46.27803019961836 131.0141014711988,31.221297663840875,45.835388529442405 131.0141048182652,31.221296813024367,45.3919030845562 131.01410816485446,31.221295962033885,44.94757704255859 131.01411151099555,31.221295110855344,44.50241339615669 131.01411485671596,31.22129425947585,44.056414968076766 131.014118202041,31.22129340788369,43.60958437229328 131.01412154699426,31.221292556068327,43.16192402794617 131.01412489159725,31.2212917040206,42.71343614741025 131.0141282358693,31.2212908517326,42.264122717406735 131.0141315798275,31.221289999197765,41.81398549701395 131.0141349234868,31.22128914641103,41.363026021642696 131.01413826685956,31.22128829336864,40.91124558911782 131.01414160995583,31.22128744006832,40.45864524874212 131.01414495278323,31.22128658650924,40.00522581819455 131.0141482953468,31.22128573269203,39.55098786762397 131.01415163764904,31.221284878618786,39.09593170970639 131.01415497968986,31.22128402429304,38.64005742449663 131.0141583214667,31.221283169719825,38.183364837556695 131.01416166297437,31.221282314905565,37.72585353784855 131.01416500420504,31.22128145985812,37.2675228658034 131.01416834514845,31.221280604586724,36.808371926243765 131.0141716857919,31.221279749102017,36.34839959534136 131.01417502612003,31.22127889341592,35.88760451763322 131.0141783661152,31.22127803754161,35.4259851189439 131.01418170575738,31.221277181493555,34.963539611355 131.01418504502428,31.22127632528736,34.500266005133334 131.01418838389142,31.221275468939776,34.036162111711775 131.0141917223322,31.22127461246861,33.571225560588545 131.01419506031803,31.22127375589264,33.105453805290566 131.0141983978185,31.22127289923156,32.638844134307746 131.0142017348012,31.221272042505948,32.171393691968525 131.01420507123234,31.22127118573709,31.70309947744464 131.01420840707644,31.221270328947018,31.23395837656248 131.01421174229668,31.22126947215831,30.76396715384879 131.01421507685507,31.221268615394063,30.293122483348064 131.0142184107125,31.22126775867784,29.8214209615454 131.01422174382887,31.22126690203345,29.348859119295177 131.01422507616354,31.221266045485,28.875433436732703 131.01422840767503,31.22126518905672,28.401140362161875 131.01423173832163,31.22126433277285,27.925976326966847 131.01423506806128,31.22126347665763,27.4499377595296 131.0142383968519,31.22126262073508,26.97302111107689 131.01424172465155,31.22126176502905,26.49522285269789 131.01424505141856,31.22126090956296,26.01653951610344 131.01424837711167,31.22126005435985,25.536967685673154 131.01425170169034,31.2212591994422,25.05650403225587 131.01425502511486,31.22125834483187,24.575145318140795 131.01425834734647,31.221257490550023,24.092888413957947 131.0142616683477,31.221256636617024,23.609730324526147 131.01426498808226,31.22125578305232,23.12566817891213 131.01426830651553,31.22125492987443,22.64069926622016 131.01427162361443,31.22125407710083,22.15482104056317 131.01427493934787,31.22125322474789,21.668031131005165 131.0142782536865,31.2212523728308,21.18032735050908 131.01428156660336,31.22125152136351,20.6917077247678 131.0142848780735,31.22125067035868,20.202170473316645 131.01428818807457,31.221249819827644,19.7117140403525 131.0142914965866,31.221248969780305,19.22033709672337 131.01429480359215,31.22124812022518,18.72803854490026 131.01429810907672,31.22124727116929,18.23481752792568 131.01430141302845,31.2212464226182,17.740673432397166 131.01430471543836,31.22124557457592,17.245605894433815 131.01430801630045,31.221244727045004,16.749614800671363 131.01431131561182,31.221243880026435,16.25270029522276 131.0143146133725,31.221243033519688,15.75486277967968 131.01431790958577,31.22124218752272,15.256102901183874 131.01432120425784,31.221241342031973,14.756421569329284 131.01432449739823,31.22124049704244,14.255819951192796 131.01432778901955,31.22123965254765,13.754299455428976 131.01433107913752,31.22123880853976,13.251861738236656 131.014334367771,31.22123796500952,12.748508704354323 131.01433765494204,31.221237121946416,12.24424249115513 131.01434094067565,31.221236279338672,11.739065463677392 131.01434422499986,31.221235437173355,11.232980210649332 131.01434750794576,31.22123459543643,10.72598954150796 131.0143507895473,31.221233754112863,10.218096471487913 131.01435406984126,31.22123291318669,9.709304210686897 131.01435734886726,31.221232072641143,9.19961616009027 131.01436062666767,31.22123123245876,8.689035899642256 131.01436390328743,31.221230392621468,8.177567180293627 131.0143671787741,31.221229553110767,7.665213919032083 131.01437045317795,31.22122871390785,7.151980175023149 131.01437372655155,31.22122787499373,6.637870159552814 131.01437699886023,31.221227036313746,6.122883032562854 131.0143802701596,31.221226197848114,5.6070232041835215 131.01438354046675,31.22122535956124,5.090292860605311 131.01438680980573,31.221224521419725,4.572694588673972 131.0143900782008,31.221223683389965,4.054230987172065 131.01439334567664,31.22122284543836,3.5349046668191484 131.01439661225783,31.22122200753145,3.0147182363533886 131.01439987796914,31.22122116963604,2.4936742935841014 131.0144031428351,31.221220331719355,1.9717754174382995 131.0144064068803,31.221219493749224,1.4490241520538276 131.01440967012863,31.22121865569416,0.9254230037966634 131.01441293260396,31.22121781752358,0.4009744263480887</coordinates>
            </LineString>
        </Placemark>
        <Placemark id="147">
            <name>flight_path</name>
            <styleUrl>#148</styleUrl>
            <LineString id="146">
                <altitudeMode>clampToGround</altitudeMode>
                <coordinates>131.010392,31.222216000000007,0.0 131.0103920000045,31.222215999991075,0.0 131.0103920000085,31.222215999994766,0.0 131.0103920000085,31.222215999994766,0.0 131.01039200000852,31.222215999994766,0.0 131.01039201539675,31.22221599246117,0.0 131.0103920617776,31.22221596990869,0.0 131.01039213193175,31.22221593580231,0.0 131.01039220552698,31.222215900001803,0.0 131.0103923261533,31.222215841380503,0.0 131.01039241011944,31.222215800500727,0.0 131.01039255023213,31.22221573238213,0.0 131.0103926908424,31.222215663995925,0.0 131.01039284206664,31.22221559043897,0.0 131.01039301222698,31.2222155076778,0.0 131.01039319835945,31.22221541714896,0.0 131.01039339622227,31.222215320908244,0.0 131.0103936086097,31.222215217601374,0.0 131.01039382835415,31.2222151107022,0.0 131.0103940692252,31.222214993537087,0.0 131.0103943154942,31.22221487372917,0.0 131.0103945800907,31.22221474501192,0.0 131.01039485370347,31.222214611898128,0.0 131.01039513986652,31.222214472675024,0.0 131.01039544418495,31.22221432462593,0.0 131.01039575462735,31.22221417358214,0.0 131.01039608061367,31.222214014978025,0.0 131.01039641907315,31.22221385030192,0.0 131.01039677261693,31.22221367828824,0.0 131.01039713608534,31.22221350143773,0.0 131.010397517966,31.22221331563664,0.0 131.01039790540767,31.22221312711366,0.0 131.01039830590005,31.22221293223868,0.0 131.01039871921526,31.222212731122088,0.0 131.01039914602634,31.222212523437697,0.0 131.0103995843797,31.222212310132328,0.0 131.01040002919007,31.222212093670787,0.0 131.010400488852,31.222211869984235,0.0 131.01040096154043,31.222211639957216,0.0 131.01040144391652,31.222211405208075,0.0 131.01040193996343,31.222211163806087,0.0 131.01040244347448,31.22221091875968,0.0 131.01040295825328,31.222210668225145,0.0 131.01040348638034,31.22221041119396,0.0 131.01040402793237,31.222210147628825,0.0 131.0104045774418,31.22220988018005,0.0 131.0104051377902,31.2222096074508,0.0 131.01040571307726,31.222209327453587,0.0 131.01040630329675,31.222209040191352,0.0 131.01040689520636,31.22220875208352,0.0 131.01040750096558,31.22220845723537,0.0 131.0104081214021,31.222208155245536,0.0 131.01040875222748,31.222207848192888,0.0 131.01040938861175,31.222207538419,0.0 131.0104100415545,31.222207220590928,0.0 131.01041070492113,31.22220689768276,0.0 131.0104113765162,31.222206570758807,0.0 131.0104120620245,31.22220624038504,0.0 131.01041275227973,31.222205901428524,0.0 131.01041345381236,31.22220555850029,0.0 131.01041417170268,31.222205206133808,0.0 131.01041489276284,31.222204851154064,0.0 131.01041562360163,31.22220449036797,0.0 131.01041636780215,31.22220412204444,0.0 131.01041712703483,31.222203745395014,0.0 131.01041788239593,31.22220336951157,0.0 131.01041865088655,31.22220298625842,0.0 131.01041944030283,31.222202591986857,0.0 131.0104202319988,31.222202195569555,0.0 131.01042102873092,31.222201795694456,0.0 131.01042184130293,31.222201387370905,0.0 131.01042266692315,31.222200971988165,0.0 131.01042349766865,31.222200553215767,0.0 131.01042433631926,31.222200129805785,0.0 131.01042519000447,31.222199698645905,0.0 131.01042605927188,31.22219925962609,0.0 131.0104269266053,31.22219882044063,0.0 131.01042781183955,31.22219837254184,0.0 131.0104287070831,31.222197919459656,0.0 131.01042961122556,31.22219746171857,0.0 131.0104305221593,31.222197000239262,0.0 131.0104314533374,31.22219652969125,0.0 131.01043239382696,31.22219605461609,0.0 131.01043333644142,31.22219557782225,0.0 131.01043429881474,31.222195092610693,0.0 131.01043527737951,31.22219460058457,0.0 131.010436254135,31.222194108436906,0.0 131.01043724863476,31.22219360908583,0.0 131.01043825861913,31.222193103591543,0.0 131.01043927750695,31.222192594357534,0.0 131.0104403063773,31.222192081069103,0.0 131.01044135088082,31.2221915619856,0.0 131.01044241008256,31.22219103759553,0.0 131.01044347445884,31.222190511000715,0.0 131.01044455868447,31.22218997774913,0.0 131.01044566016392,31.222189438878708,0.0 131.01044676541107,31.22218889844005,0.0 131.0104478960587,31.222188350306208,0.0 131.01044903809466,31.222187798664883,0.0 131.0104501836936,31.22218724564992,0.0 131.01045135687747,31.222186684998302,0.0 131.01045254417176,31.22218612049888,0.0 131.01045374421335,31.222185552555867,0.0 131.0104549639665,31.2221849795862,0.0 131.01045619360627,31.22218440408489,0.0 131.01045743499876,31.222183825670555,0.0 131.0104587076961,31.222183240134846,0.0 131.0104599759898,31.222182655491448,0.0 131.01046127703813,31.222182063794893,0.0 131.01046259754045,31.22218146814783,0.0 131.01046392186376,31.22218087173677,0.0 131.01046526561365,31.222180271518408,0.0 131.0104666544796,31.22217966291672,0.0 131.0104680419417,31.2221790547766,0.0 131.01046943038804,31.22217844647317,0.0 131.0104708760884,31.222177828394063,0.0 131.01047230623047,31.22217721322668,0.0 131.01047376393095,31.22217659366494,0.0 131.0104752861164,31.222175964217968,0.0 131.0104767571726,31.22217534301672,0.0 131.01047829330335,31.22217471216904,0.0 131.01047986580687,31.22217407652424,0.0 131.01048139587732,31.22217344724866,0.0 131.01048301199208,31.22217280637853,0.0 131.01048461547808,31.222172167773262,0.0 131.01048622409604,31.222171528834487,0.0 131.01048791025434,31.222170880537103,0.0 131.01048956826057,31.2221702363212,0.0 131.01049124944515,31.222169589700265,0.0 131.01049299920243,31.22216893562704,0.0 131.0104947123454,31.222168286358947,0.0 131.0104964789343,31.222167631612464,0.0 131.01049827538105,31.222166974292865,0.0 131.01050004789587,31.222166320104737,0.0 131.01050190840513,31.222165657404293,0.0 131.01050373941803,31.22216499842436,0.0 131.01050559565613,31.222164337519985,0.0 131.01050753206658,31.22216366957831,0.0 131.01050942234434,31.222163006765616,0.0 131.0105113634502,31.222162339837503,0.0 131.01051335946403,31.222161668673017,0.0 131.0105153157633,31.22216100181413,0.0 131.0105173528397,31.222160328516846,0.0 131.01051937637976,31.222159657186964,0.0 131.01052141433982,31.222158985330047,0.0 131.01052354415987,31.22215830649157,0.0 131.01052562221355,31.2221576327772,0.0 131.0105277451854,31.222156956058456,0.0 131.01052994826267,31.222156273581703,0.0 131.01053207931744,31.222155597736,0.0 131.01053431417907,31.22215491424304,0.0 131.01053654696264,31.22215423171225,0.0 131.010538767428,31.222153550912125,0.0 131.0105410924438,31.22215286251651,0.0 131.0105433679198,31.222152178831625,0.0 131.01054569354628,31.222151491873245,0.0 131.01054806820227,31.2221508017202,0.0 131.01055040578876,31.22215011526152,0.0 131.01055283327432,31.222149422252453,0.0 131.01055523693935,31.22214873185716,0.0 131.01055765595433,31.222148040893767,0.0 131.01056015952656,31.222147343589555,0.0 131.01056261629788,31.22214665080724,0.0 131.01056512373637,31.22214595439488,0.0 131.01056766804578,31.22214525540127,0.0 131.01057018720087,31.2221445591562,0.0 131.01057280476863,31.22214385480293,0.0 131.01057537305397,31.22214315532288,0.0 131.01057797940115,31.222142452937405,0.0 131.01058067204005,31.2221417429836,0.0 131.01058328437583,31.22214104097244,0.0 131.0105860019803,31.22214032934425,0.0 131.010588690757,31.222139620813813,0.0 131.01059140010904,31.22213891061257,0.0 131.01059417917932,31.22213819357233,0.0 131.0105969095032,31.22213748179435,0.0 131.01059972236223,31.222136761532056,0.0 131.01060252023032,31.22213604297525,0.0 131.01060532259152,31.22213532410509,0.0 131.01060820568512,31.22213459616406,0.0 131.01061103167712,31.2221338747814,0.0 131.010613935949,31.22213314423291,0.0 131.0106168270133,31.22213241512837,0.0 131.0106197290237,31.22213168462175,0.0 131.0106227018977,31.222130944998224,0.0 131.01062561757257,31.22213021246449,0.0 131.01062862212385,31.222129468088607,0.0 131.01063159013373,31.222128728202968,0.0 131.01063458726287,31.222127984069928,0.0 131.01063763719907,31.222127232098288,0.0 131.01064063772105,31.22212648666733,0.0 131.01064372075817,31.22212572883746,0.0 131.01064677173258,31.222124975088825,0.0 131.0106498468155,31.22212421719277,0.0 131.0106529766893,31.22212345019982,0.0 131.01065605198164,31.22212269097193,0.0 131.01065921331332,31.22212191746435,0.0 131.0106623418846,31.22212114832862,0.0 131.0106654908285,31.22212037511884,0.0 131.01066867456117,31.22211959526584,0.0 131.01067182641012,31.22211881984101,0.0 131.0106750538521,31.22211803068129,0.0 131.01067823998267,31.222117247565933,0.0 131.0106814626482,31.222116457178483,0.0 131.01068470203438,31.22211566280144,0.0 131.01068791632423,31.22211487181717,0.0 131.0106912163273,31.22211406451078,0.0 131.0106944518486,31.22211326761747,0.0 131.01069775036908,31.22211245832212,0.0 131.01070103951048,31.222111649579865,0.0 131.01070432358443,31.222110840660807,0.0 131.01070766799256,31.222110019627927,0.0 131.01071096448513,31.22210920621424,0.0 131.01071432697273,31.22210837965088,0.0 131.01071766271187,31.222107556866742,0.0 131.0107210137147,31.22210673021916,0.0 131.0107244028507,31.22210589557736,0.0 131.01072775140568,31.22210506724925,0.0 131.01073118108917,31.222104223271973,0.0 131.01073456330442,31.22210338684945,0.0 131.01073799678787,31.22210254032124,0.0 131.01074141585883,31.222101695447407,0.0 131.01074483474395,31.22210084970428,0.0 131.01074830248035,31.2220999946557,0.0 131.01075173014442,31.222099145733548,0.0 131.0107552415055,31.22209828184557,0.0 131.0107587047939,31.222097425415125,0.0 131.01076220278625,31.22209656253656,0.0 131.01076572296878,31.22209569549537,0.0 131.0107692086729,31.22209483348032,0.0 131.0107727611516,31.2220939603738,0.0 131.0107763019484,31.222093088785247,0.0 131.01077982278167,31.222092219861874,0.0 131.01078338562607,31.22209134426052,0.0 131.01078697621324,31.222090464412005,0.0 131.01079054999056,31.22208958689056,0.0 131.01079412482437,31.222088709044936,0.0 131.01079773467447,31.222087826230343,0.0 131.01080135192842,31.222086942477564,0.0 131.0108049674511,31.22208605903408,0.0 131.01080858857213,31.22208517494745,0.0 131.01081223219427,31.222084288124133,0.0 131.0108158799065,31.22208340105345,0.0 131.0108195310403,31.222082513842505,0.0 131.01082319256955,31.22208162569117,0.0 131.0108268629886,31.22208073686988,0.0 131.01083053872887,31.222079847864457,0.0 131.01083422027017,31.22207895866759,0.0 131.01083791301173,31.2220780687246,0.0 131.01084161505725,31.22207717832078,0.0 131.01084532538917,31.222076287620578,0.0 131.0108490401562,31.222075397083763,0.0 131.01085275930205,31.22207450674847,0.0 131.01085649442172,31.222073615445343,0.0 131.0108602322734,31.222072724602643,0.0 131.01086398031396,31.222071833475702,0.0 131.01086773595904,31.22207094236416,0.0 131.01087150199112,31.222070051018143,0.0 131.0108752708309,31.222069160207816,0.0 131.01087904989427,31.222068269220983,0.0 131.0108828380984,31.222067378185564,0.0 131.01088663045422,31.222066487590386,0.0 131.0108904342487,31.22206559674436,0.0 131.01089424944655,31.222064705659967,0.0 131.01089806479794,31.222063815399288,0.0 131.0109018926294,31.22206292479069,0.0 131.0109057258924,31.222062034493096,0.0 131.01090956528577,31.222061144427112,0.0 131.0109134120127,31.22206025446332,0.0 131.01091726791384,31.22205936440723,0.0 131.01092112998307,31.222058474520143,0.0 131.0109250004213,31.22205758456551,0.0 131.01092887575615,31.222056694846422,0.0 131.0109327578224,31.22205580515408,0.0 131.0109366433115,31.22205491577566,0.0 131.01094053589333,31.222054026313025,0.0 131.01094443695865,31.222053136580648,0.0 131.01094834240385,31.222052246944376,0.0 131.01095225352583,31.222051357229937,0.0 131.0109561700352,31.222050467417617,0.0 131.01096008651928,31.22204957802713,0.0 131.01096401072505,31.222048688191474,0.0 131.0109679357637,31.22204779858963,0.0 131.01097186961948,31.222046908299017,0.0 131.01097580358385,31.222046018219704,0.0 131.0109797468334,31.222045127268338,0.0 131.01098368973967,31.22204423647717,0.0 131.01098763524317,31.222043345463447,0.0 131.0109915872556,31.222042453699327,0.0 131.01099554165813,31.22204156161011,0.0 131.01099949556817,31.222040669500245,0.0 131.0110034565427,31.222039776375954,0.0 131.0110074177,31.22203888303307,0.0 131.0110113837364,31.22203798882043,0.0 131.01101535037918,31.222037094231343,0.0 131.01101931758672,31.2220361992259,0.0 131.01102328692178,31.22203530354193,0.0 131.01102725830793,31.222034407132806,0.0 131.0110312301663,31.222033510166227,0.0 131.0110352028775,31.222032612544368,0.0 131.01103917461367,31.22203171448309,0.0 131.01104315034283,31.22203081522367,0.0 131.0110471234073,31.22202991568772,0.0 131.01105109979187,31.22202901496335,0.0 131.0110550760493,31.222028113518743,0.0 131.01105904842257,31.222027211895,0.0 131.0110630237965,31.22202630902153,0.0 131.0110669975265,31.22202540557413,0.0 131.01107096794027,31.22202450179564,0.0 131.0110749409571,31.22202359674623,0.0 131.0110789095319,31.22202269150805,0.0 131.01108287881422,31.222021785262985,0.0 131.01108685072114,31.22202087769164,0.0 131.01109081729345,31.22201997005221,0.0 131.01109478248085,31.222019061717912,0.0 131.01109874633346,31.22201815267936,0.0 131.01110271171478,31.222017242481247,0.0 131.01110667436848,31.222016331811915,0.0 131.0111106349382,31.222015420579247,0.0 131.01111459622933,31.222014508347847,0.0 131.0111185549258,31.222013595664084,0.0 131.011122510936,31.222012682560795,0.0 131.01112646972587,31.22201176819389,0.0 131.0111304222938,31.22201085401222,0.0 131.0111343804518,31.22200993818428,0.0 131.01113833418688,31.22200902231254,0.0 131.01114228821217,31.22200810569112,0.0 131.01114624141422,31.222007188529428,0.0 131.01115019585703,31.222006270550647,0.0 131.011154149087,31.222005352168235,0.0 131.0111581010084,31.22200443343334,0.0 131.0111620521484,31.22200351430819,0.0 131.01116600437427,31.222002594564177,0.0 131.01116995317798,31.222001674901755,0.0 131.01117390361583,31.222000754634013,0.0 131.01117785298092,31.22199983419851,0.0 131.01118180137055,31.221998913624127,0.0 131.01118574899715,31.221997992926635,0.0 131.01118969978663,31.22199707162213,0.0 131.0111936461605,31.2219961507814,0.0 131.01119759543863,31.22199522946875,0.0 131.01120154720823,31.22199430780122,0.0 131.01120549761575,31.221993386323263,0.0 131.0112094491718,31.22199246475453,0.0 131.0112134020642,31.221991543121696,0.0 131.01121735729222,31.22199062135035,0.0 131.0112213081952,31.22198970028961,0.0 131.01122526130203,31.22198877918773,0.0 131.01122921567847,31.221987858207267,0.0 131.01123316943384,31.22198693760689,0.0 131.01123712718763,31.221986016894995,0.0 131.0112410820886,31.22198509688576,0.0 131.01124503638653,31.22198417734976,0.0 131.01124899810412,31.22198325744652,0.0 131.01125296058183,31.2219823379444,0.0 131.0112569208506,31.22198141917873,0.0 131.01126088528324,31.22198050049789,0.0 131.0112648513631,31.221979582199,0.0 131.01126881975495,31.22197866423537,0.0 131.01127279081268,31.221977746592728,0.0 131.01127676411667,31.221976829333016,0.0 131.01128073652893,31.22197591278533,0.0 131.01128471087037,31.221974996679084,0.0 131.0112886867938,31.221974081062008,0.0 131.01129266194545,31.22197316617304,0.0 131.01129663826032,31.221972251827527,0.0 131.01130062413893,31.22197133721704,0.0 131.01130460457023,31.22197042379849,0.0 131.0113085877146,31.221969510777743,0.0 131.01131257501154,31.22196859801571,0.0 131.01131656225053,31.22196768591209,0.0 131.0113205505994,31.22196677434613,0.0 131.01132453759683,31.221965863544863,0.0 131.01132852704447,31.221964953129987,0.0 131.0113325197089,31.221964043012207,0.0 131.01133650969058,31.22196313374691,0.0 131.01134050192923,31.221962224836982,0.0 131.01134449864435,31.22196131604228,0.0 131.01134849675583,31.22196040764102,0.0 131.0113524917751,31.22195950005704,0.0 131.01135648789247,31.2219585928512,0.0 131.0113604886806,31.221957685632404,0.0 131.01136449092,31.22195677869307,0.0 131.01136849321034,31.221955872148843,0.0 131.01137249511802,31.221954966016487,0.0 131.01137649951335,31.22195405996338,0.0 131.01138050063645,31.22195315456348,0.0 131.0113845066566,31.22195224891313,0.0 131.01138851273566,31.22195134348968,0.0 131.0113925210378,31.221950438022738,0.0 131.0113965276722,31.22194953290584,0.0 131.01140053265615,31.221948628107448,0.0 131.0114045406821,31.221947723056367,0.0 131.01140855011917,31.221946817892285,0.0 131.0114125629864,31.221945912338857,0.0 131.01141657272555,31.22194500713037,0.0 131.01142058226682,31.2219441018905,0.0 131.01142459752575,31.22194319585736,0.0 131.0114286083199,31.221942290231336,0.0 131.0114326228093,31.22194138397577,0.0 131.01143663656606,31.2219404775988,0.0 131.011440646099,31.22193957151695,0.0 131.01144465615263,31.22193866509291,0.0 131.01144866446316,31.221937758581223,0.0 131.01145267134183,31.2219368519112,0.0 131.01145667673936,31.22193594505888,0.0 131.01146068060856,31.221935038001263,0.0 131.01146468290443,31.221934130716445,0.0 131.01146868358416,31.22193322318364,0.0 131.0114726826074,31.221932315383235,0.0 131.0114766799363,31.221931407296864,0.0 131.01148067553544,31.22193049890744,0.0 131.01148466937224,31.221929590199213,0.0 131.0114886614167,31.22192868115781,0.0 131.0114926516418,31.22192777177027,0.0 131.011496640023,31.221926862025068,0.0 131.01150062653906,31.221925951912183,0.0 131.01150461117146,31.22192504142305,0.0 131.0115085939046,31.22192413055068,0.0 131.01151257472594,31.221923219289543,0.0 131.01151655362582,31.221922307635687,0.0 131.01152053059766,31.22192139558668,0.0 131.01152450563777,31.22192048314163,0.0 131.0115284787453,31.2219195703012,0.0 131.01153244992258,31.22191865706752,0.0 131.01153641917452,31.221917743444283,0.0 131.01154038650907,31.221916829436623,0.0 131.01154435193675,31.22191591505114,0.0 131.01154831547103,31.22191500029584,0.0 131.01155227712775,31.221914085180124,0.0 131.01155623692554,31.22191316971473,0.0 131.0115601948853,31.221912253911736,0.0 131.01156415103043,31.221911337784423,0.0 131.01156810538663,31.221910421347328,0.0 131.0115720579817,31.22190950461612,0.0 131.0115760088456,31.22190858760755,0.0 131.01157995801003,31.22190767033944,0.0 131.01158390550873,31.22190675283052,0.0 131.01158785137704,31.2219058351005,0.0 131.01159179565192,31.221904917169887,0.0 131.01159573837177,31.22190399905997,0.0 131.0115996795762,31.22190308079276,0.0 131.01160361930604,31.221902162390865,0.0 131.01160755760324,31.221901243877493,0.0 131.01161149451048,31.221900325276323,0.0 131.0116154300712,31.22189940661144,0.0 131.01161936432953,31.221898487907247,0.0 131.01162329732995,31.221897569188457,0.0 131.01162722911727,31.221896650479945,0.0 131.01163115973648,31.22189573180671,0.0 131.01163508923256,31.22189481319379,0.0 131.01163901765042,31.22189389466621,0.0 131.01164294503465,31.22189297624888,0.0 131.0116468714295,31.22189205796653,0.0 131.01165079687863,31.221891139843688,0.0 131.01165472142517,31.22189022190452,0.0 131.0116586451113,31.22188930417283,0.0 131.01166256797853,31.22188838667199,0.0 131.0116664900672,31.221887469424864,0.0 131.01167041141656,31.22188655245372,0.0 131.01167433206467,31.221885635780225,0.0 131.01167825204823,31.221884719425347,0.0 131.01168217140264,31.221883803409323,0.0 131.01168609016173,31.22188288775156,0.0 131.0116900083577,31.221881972470644,0.0 131.01169392602117,31.22188105758425,0.0 131.01169784318108,31.22188014310913,0.0 131.0117017598645,31.22187922906101,0.0 131.01170567609685,31.221878315454607,0.0 131.01170959190145,31.221877402303576,0.0 131.0117135072999,31.221876489620488,0.0 131.0117174223117,31.22187557741676,0.0 131.01172133695457,31.22187466570266,0.0 131.01172525124403,31.221873754487287,0.0 131.01172916519388,31.221872843778545,0.0 131.01173307881564,31.22187193358308,0.0 131.011736992119,31.22187102390636,0.0 131.01174090511168,31.22187011475257,0.0 131.01174481779924,31.221869206124666,0.0 131.01174873018553,31.221868298024354,0.0 131.01175264227228,31.22186739045208,0.0 131.01175655405945,31.221866483407048,0.0 131.011760465545,31.221865576887247,0.0 131.01176437672524,31.2218646708894,0.0 131.01176828759463,31.221863765409086,0.0 131.01177219814585,31.22186286044065,0.0 131.01177610837007,31.221861955977264,0.0 131.01178001825667,31.221861052010976,0.0 131.01178392779363,31.221860148532723,0.0 131.0117878369674,31.221859245532336,0.0 131.01179174576302,31.22185834299863,0.0 131.0117956541642,31.221857440919376,0.0 131.0117995621534,31.22185653928141,0.0 131.01180346971188,31.2218556380706,0.0 131.0118073768198,31.22185473727195,0.0 131.01181128345627,31.221853836869624,0.0 131.0118151895996,31.221852936846982,0.0 131.01181909522705,31.221852037186697,0.0 131.0118230003151,31.22185113787067,0.0 131.01182690483972,31.22185023888024,0.0 131.01183080877607,31.221849340196112,0.0 131.01183471209896,31.22184844179849,0.0 131.01183861478256,31.221847543667128,0.0 131.0118425168008,31.221846645781312,0.0 131.0118464181273,31.221845748120025,0.0 131.01185031873547,31.221844850661927,0.0 131.01185421859864,31.22184395338545,0.0 131.01185811769002,31.22184305626884,0.0 131.01186201598287,31.22184215929021,0.0 131.01186591345055,31.22184126242764,0.0 131.0118698100667,31.221840365659176,0.0 131.01187370580513,31.221839468962926,0.0 131.01187760063988,31.22183857231713,0.0 131.0118814945455,31.22183767570016,0.0 131.011885387497,31.221836779090623,0.0 131.0118892794698,31.221835882467424,0.0 131.01189317043995,31.22183498580976,0.0 131.0118970603842,31.221834089097225,0.0 131.0119009492798,31.221833192309848,0.0 131.01190483710488,31.22183229542816,0.0 131.0119087238383,31.22183139843317,0.0 131.01191260945976,31.22183050130654,0.0 131.0119164939498,31.221829604030496,0.0 131.01192037728987,31.22182870658798,0.0 131.01192425946243,31.221827808962576,0.0 131.0119281404508,31.22182691113868,0.0 131.0119320202394,31.22182601310145,0.0 131.01193589881368,31.22182511483688,0.0 131.01193977616003,31.221824216331804,0.0 131.01194365226613,31.221823317573936,0.0 131.01194752712053,31.221822418551927,0.0 131.01195140071303,31.221821519255343,0.0 131.0119552730346,31.221820619674745,0.0 131.0119591440771,31.22181971980164,0.0 131.01196301383382,31.221818819628552,0.0 131.011966882299,31.221817919149053,0.0 131.01197074946802,31.221817018357687,0.0 131.0119746153375,31.22181611725009,0.0 131.0119784799051,31.221815215822904,0.0 131.01198234316965,31.221814314073853,0.0 131.01198620513105,31.221813412001698,0.0 131.01199006579023,31.221812509606245,0.0 131.0119939251494,31.22181160688836,0.0 131.01199778321157,31.22181070384996,0.0 131.01200163998087,31.22180980049395,0.0 131.01200549546255,31.22180889682429,0.0 131.01200934966266,31.22180799284593,0.0 131.0120132025883,31.22180708856484,0.0 131.01201705424742,31.221806183987862,0.0 131.0120209046489,31.221805279122886,0.0 131.01202475380242,31.221804373978653,0.0 131.01202860171847,31.221803468564826,0.0 131.01203244840835,31.221802562891888,0.0 131.01203629388397,31.2218016569712,0.0 131.01204013815803,31.22180075081489,0.0 131.01204398124375,31.221799844435857,0.0 131.01204782315503,31.221798937847712,0.0 131.01205166390625,31.22179803106476,0.0 131.01205550351227,31.22179712410193,0.0 131.01205934198848,31.2217962169748,0.0 131.01206317935052,31.22179530969948,0.0 131.01206701561446,31.22179440229259,0.0 131.01207085079665,31.22179349477125,0.0 131.01207468491364,31.221792587152983,0.0 131.01207851798225,31.22179167945572,0.0 131.01208235001928,31.221790771697687,0.0 131.0120861810418,31.221789863897463,0.0 131.01209001106676,31.2217889560738,0.0 131.01209384011122,31.22178804824568,0.0 131.01209766819213,31.22178714043225,0.0 131.01210149532625,31.221786232652725,0.0 131.01210532153036,31.221785324926376,0.0 131.01210914682088,31.22178441727249,0.0 131.0121129712141,31.22178350971029,0.0 131.01211679472587,31.221782602258934,0.0 131.0121206173719,31.22178169493741,0.0 131.01212443916748,31.221780787764544,0.0 131.01212826012735,31.221779880758938,0.0 131.01213208026607,31.22177897393892,0.0 131.01213589959747,31.221778067322465,0.0 131.01213971813505,31.22177716092724,0.0 131.0121435358917,31.22177625477048,0.0 131.01214735287982,31.221775348868995,0.0 131.01215116911115,31.221774443239102,0.0 131.01215498459692,31.221773537896595,0.0 131.0121587993476,31.221772632856734,0.0 131.0121626133732,31.22177172813417,0.0 131.01216642668288,31.22177082374292,0.0 131.01217023928533,31.221769919696367,0.0 131.0121740511884,31.221769016007183,0.0 131.01217786239937,31.22176811268736,0.0 131.01218167292478,31.22176720974808,0.0 131.01218548277052,31.221766307199825,0.0 131.01218929194172,31.22176540505224,0.0 131.01219310044294,31.22176450331417,0.0 131.012196908278,31.221763601993626,0.0 131.01220071544995,31.221762701097767,0.0 131.01220452196137,31.22176180063288,0.0 131.01220832781408,31.22176090060436,0.0 131.01221213300923,31.22176000101676,0.0 131.0122159375474,31.22175910187367,0.0 131.0122197414286,31.221758203177824,0.0 131.0122235446522,31.221757304931007,0.0 131.01222734721696,31.22175640713413,0.0 131.01223114912125,31.22175550978716,0.0 131.01223495036277,31.22175461288916,0.0 131.0122387509387,31.221753716438304,0.0 131.01224255084605,31.22175282043185,0.0 131.0122463500809,31.22175192486617,0.0 131.0122501486393,31.221751029736776,0.0 131.01225394651686,31.22175013503829,0.0 131.01225774370863,31.22174924076451,0.0 131.01226154020955,31.22174834690837,0.0 131.0122653360141,31.22174745346203,0.0 131.01226913111668,31.221746560416825,0.0 131.0122729255112,31.221745667763354,0.0 131.01227671919153,31.22174477549145,0.0 131.0122805121513,31.22174388359024,0.0 131.01228430438405,31.22174299204818,0.0 131.01228809588315,31.22174210085303,0.0 131.01229188664183,31.22174120999197,0.0 131.0122956766533,31.221740319451538,0.0 131.01229946591084,31.22173942921774,0.0 131.01230325440747,31.221738539276075,0.0 131.0123070421365,31.22173764961152,0.0 131.01231082909106,31.22173676020861,0.0 131.0123146152644,31.221735871051475,0.0 131.01231840065003,31.221734982123863,0.0 131.01232218524126,31.2217340934092,0.0 131.0123259690318,31.221733204890583,0.0 131.01232975201535,31.221732316550906,0.0 131.01233353418587,31.22173142837281,0.0 131.01233731553745,31.22173054033876,0.0 131.01234109606443,31.22172965243112,0.0 131.01234487576124,31.221728764632136,0.0 131.01234865462274,31.22172787692404,0.0 131.0123524326439,31.22172698928903,0.0 131.01235620981987,31.22172610170936,0.0 131.0123599861463,31.2217252141673,0.0 131.01236376161884,31.22172432664534,0.0 131.01236753623368,31.22172343912605,0.0 131.01237130998703,31.221722551592244,0.0 131.01237508287562,31.221721664026933,0.0 131.01237885489633,31.221720776413445,0.0 131.0123826260464,31.221719888735404,0.0 131.01238639632325,31.221719000976783,0.0 131.01239016572478,31.22171811312197,0.0 131.01239393424908,31.221717225155743,0.0 131.01239770189449,31.22171633706338,0.0 131.0124014686597,31.221715448830626,0.0 131.01240523454368,31.22171456044376,0.0 131.01240899954573,31.221713671889617,0.0 131.01241276366525,31.221712783155624,0.0 131.01241652690214,31.22171189422984,0.0 131.01242028925634,31.22171100510093,0.0 131.01242405072824,31.22171011575827,0.0 131.01242781131833,31.2217092261919,0.0 131.01243157102735,31.221708336392588,0.0 131.01243532985634,31.22170744635183,0.0 131.01243908780648,31.221706556061896,0.0 131.0124428448792,31.2217056655158,0.0 131.01244660107602,31.22170477470737,0.0 131.01245035639877,31.221703883631232,0.0 131.01245411084935,31.221702992282804,0.0 131.01245786442985,31.221702100658344,0.0 131.01246161714243,31.221701208754943,0.0 131.01246536898947,31.22170031657052,0.0 131.01246911997345,31.22169942410381,0.0 131.01247287009684,31.22169853135445,0.0 131.01247661936225,31.221697638322848,0.0 131.0124803677724,31.22169674501031,0.0 131.01248411532998,31.221695851418925,0.0 131.01248786203772,31.22169495755164,0.0 131.01249160789848,31.22169406341221,0.0 131.01249535291495,31.22169316900521,0.0 131.01249909708994,31.221692274335982,0.0 131.01250284042618,31.2216913794107,0.0 131.01250658292636,31.221690484236245,0.0 131.01251032459317,31.221689588820297,0.0 131.0125140654291,31.221688693171227,0.0 131.0125178054367,31.22168779729815,0.0 131.01252154461835,31.22168690121084,0.0 131.01252528297633,31.221686004919725,0.0 131.01252902051277,31.221685108435903,0.0 131.0125327572297,31.22168421177105,0.0 131.01253649312903,31.221683314937444,0.0 131.01254022821243,31.221682417947875,0.0 131.0125439624814,31.221681520815707,0.0 131.01254769593737,31.221680623554743,0.0 131.0125514285814,31.221679726179268,0.0 131.01255516041456,31.22167882870397,0.0 131.01255889143752,31.22167793114393,0.0 131.01256262165083,31.22167703351458,0.0 131.01256635105483,31.22167613583167,0.0 131.01257007964955,31.221675238111207,0.0 131.01257380743488,31.22167434036944,0.0 131.01257753441038,31.221673442622844,0.0 131.0125812605754,31.22167254488804,0.0 131.01258498592912,31.221671647181736,0.0 131.0125887104703,31.2216707495208,0.0 131.01259243419767,31.22166985192207,0.0 131.01259615710958,31.221668954402457,0.0 131.01259987920412,31.22166805697878,0.0 131.0126036004792,31.22166715966784,0.0 131.01260732093246,31.22166626248628,0.0 131.01261104056138,31.221665365450622,0.0 131.0126147593631,31.22166446857721,0.0 131.01261847733457,31.22166357188213,0.0 131.01262219447264,31.221662675381264,0.0 131.01262591077375,31.22166177909013,0.0 131.01262962623443,31.221660883023965,0.0 131.0126333408508,31.221659987197604,0.0 131.01263705461884,31.221659091625508,0.0 131.0126407675345,31.221658196321687,0.0 131.0126444795934,31.22165730129968,0.0 131.01264819079128,31.22165640657255,0.0 131.01265190112355,31.221655512152804,0.0 131.01265561058565,31.22165461805241,0.0 131.01265931917288,31.22165372428273,0.0 131.01266302688057,31.22165283085457,0.0 131.01266673370387,31.22165193777801,0.0 131.01267043963807,31.221651045062536,0.0 131.01267414467833,31.22165015271693,0.0 131.01267784881992,31.22164926074928,0.0 131.01268155205813,31.22164836916693,0.0 131.01268525438823,31.22164747797653,0.0 131.01268895580577,31.22164658718392,0.0 131.0126926563062,31.221645696794205,0.0 131.01269635588517,31.22164480681171,0.0 131.01270005453847,31.221643917239955,0.0 131.01270375226218,31.221643028081665,0.0 131.0127074490524,31.22164213933877,0.0 131.01271114490544,31.22164125101239,0.0 131.01271483981796,31.221640363102807,0.0 131.01271853378685,31.22163947560953,0.0 131.0127222268092,31.221638588531224,0.0 131.01272591888238,31.22163770186576,0.0 131.0127296100042,31.2216368156102,0.0 131.0127333001726,31.221635929760826,0.0 131.01273698938607,31.22163504431311,0.0 131.01274067764325,31.22163415926176,0.0 131.01274436494327,31.22163327460072,0.0 131.01274805128563,31.22163239032317,0.0 131.01275173667025,31.221631506421584,0.0 131.01275542109727,31.22163062288769,0.0 131.01275910456755,31.221629739712565,0.0 131.01276278708207,31.221628856886568,0.0 131.01276646864247,31.22162797439941,0.0 131.01277014925063,31.2216270922402,0.0 131.0127738289091,31.22162621039745,0.0 131.0127775076206,31.221625328859066,0.0 131.01278118538846,31.22162444761242,0.0 131.01278486221642,31.22162356664439,0.0 131.01278853810865,31.22162268594136,0.0 131.0127922130697,31.22162180548924,0.0 131.0127958871046,31.221620925273537,0.0 131.0127995602188,31.22162004527939,0.0 131.01280323241815,31.22161916549157,0.0 131.01280690370885,31.22161828589453,0.0 131.0128105740976,31.221617406472465,0.0 131.0128142435913,31.22161652720931,0.0 131.0128179121973,31.22161564808882,0.0 131.01282157992344,31.22161476909455,0.0 131.01282524677762,31.221613890209987,0.0 131.01282891276816,31.22161301141848,0.0 131.0128325779037,31.221612132703363,0.0 131.01283624219312,31.221611254047943,0.0 131.01283990564545,31.221610375435585,0.0 131.0128435682701,31.221609496849688,0.0 131.01284723007657,31.2216086182738,0.0 131.01285089107446,31.221607739691606,0.0 131.01285455127365,31.221606861086983,0.0 131.01285821068407,31.221605982444025,0.0 131.01286186931569,31.221605103747105,0.0 131.01286552717855,31.221604224980886,0.0 131.01286918428283,31.2216033461304,0.0 131.01287284063855,31.221602467181,0.0 131.01287649625573,31.22160158811849,0.0 131.01288015114443,31.22160070892913,0.0 131.01288380531452,31.22159982959964,0.0 131.0128874587757,31.221598950117222,0.0 131.01289111153767,31.221598070469668,0.0 131.01289476360986,31.221597190645326,0.0 131.01289841500147,31.221596310633128,0.0 131.01290206572148,31.22159543042265,0.0 131.0129057157786,31.221594550004127,0.0 131.01290936518123,31.221593669368456,0.0 131.01291301393752,31.22159278850724,0.0 131.01291666205515,31.22159190741281,0.0 131.01292030954147,31.221591026078247,0.0 131.01292395640354,31.221590144497377,0.0 131.01292760264775,31.2215892626648,0.0 131.01293124828032,31.221588380575923,0.0 131.01293489330675,31.221587498226928,0.0 131.0129385377322,31.22158661561484,0.0 131.01294218156124,31.221585732737456,0.0 131.01294582479798,31.221584849593462,0.0 131.0129494674459,31.22158396618233,0.0 131.01295310950795,31.22158308250437,0.0 131.01295675098655,31.221582198560743,0.0 131.0129603918834,31.22158131435341,0.0 131.0129640321997,31.221580429885208,0.0 131.012967671936,31.221579545159727,0.0 131.01297131109217,31.22157866018143,0.0 131.01297494966758,31.221577774955545,0.0 131.0129785876608,31.22157688948812,0.0 131.01298222506986,31.22157600378597,0.0 131.0129858618921,31.221575117856663,0.0 131.01298949812428,31.221574231708523,0.0 131.0129931337624,31.221573345350585,0.0 131.0129967688019,31.22157245879257,0.0 131.01300040323753,31.22157157204493,0.0 131.0130040370634,31.22157068511872,0.0 131.01300767027308,31.221569798025623,0.0 131.0130113028594,31.221568910777968,0.0 131.01301493481466,31.221568023388613,0.0 131.01301856613054,31.22156713587094,0.0 131.0130221967981,31.22156624823888,0.0 131.01302582680788,31.221565360506805,0.0 131.01302945614984,31.221564472689543,0.0 131.0130330848135,31.22156358480232,0.0 131.01303671278768,31.221562696860705,0.0 131.0130403400609,31.22156180888064,0.0 131.01304396662115,31.221560920878275,0.0 131.01304759245593,31.221560032870105,0.0 131.01305121755237,31.22155914487277,0.0 131.0130548418972,31.221558256903087,0.0 131.0130584654768,31.221557368978008,0.0 131.01306208827725,31.221556481114547,0.0 131.01306571028428,31.2215555933298,0.0 131.0130693314834,31.2215547056408,0.0 131.0130729518598,31.221553818064606,0.0 131.01307657139867,31.221552930618145,0.0 131.01308019008488,31.221552043318265,0.0 131.0130838079032,31.2215511561816,0.0 131.01308742483835,31.221550269224583,0.0 131.01309104087505,31.22154938246341,0.0 131.0130946559979,31.221548495914,0.0 131.01309827019165,31.221547609591862,0.0 131.01310188344104,31.221546723512247,0.0 131.01310549573097,31.22154583768992,0.0 131.0131091070465,31.22154495213919,0.0 131.01311271737285,31.22154406687393,0.0 131.01311632669547,31.22154318190748,0.0 131.01311993500028,31.22154229725257,0.0 131.01312354227315,31.221541412921432,0.0 131.01312714850064,31.22154052892561,0.0 131.01313075366957,31.221539645276064,0.0 131.01313435776723,31.221538761982977,0.0 131.0131379607814,31.22153787905592,0.0 131.01314156270033,31.22153699650368,0.0 131.01314516351286,31.221536114334288,0.0 131.0131487632084,31.22153523255504,0.0 131.013152361777,31.221534351172377,0.0 131.01315595920943,31.221533470191968,0.0 131.013159555497,31.22153258961861,0.0 131.01316315063193,31.22153170945632,0.0 131.01316674460702,31.221530829708183,0.0 131.013170337416,31.221529950376468,0.0 131.01317392905327,31.221529071462548,0.0 131.01317751951424,31.221528192966908,0.0 131.01318110879495,31.22152731488916,0.0 131.01318469689247,31.221526437228043,0.0 131.0131882838047,31.2215255599814,0.0 131.0131918695306,31.2215246831462,0.0 131.01319545406972,31.22152380671852,0.0 131.01319903742282,31.2215229306936,0.0 131.0132026195915,31.22152205506585,0.0 131.01320620057837,31.2215211798288,0.0 131.01320978038692,31.221520304975147,0.0 131.0132133590215,31.22151943049683,0.0 131.0132169364877,31.22151855638496,0.0 131.0132205127917,31.221517682629905,0.0 131.01322408794078,31.22151680922128,0.0 131.01322766194315,31.221515936147988,0.0 131.01323123480793,31.22151506339824,0.0 131.01323480654503,31.221514190959617,0.0 131.0132383771654,31.22151331881905,0.0 131.01324194668064,31.221512446962887,0.0 131.0132455151033,31.221511575376915,0.0 131.0132490824467,31.2215107040464,0.0 131.01325264872483,31.22150983295612,0.0 131.0132562139526,31.22150896209041,0.0 131.01325977814545,31.22150809143324,0.0 131.01326334131954,31.22150722096813,0.0 131.0132669034916,31.2215063506784,0.0 131.013270464679,31.221505480546995,0.0 131.0132740248996,31.221504610556703,0.0 131.01327758417173,31.221503740690075,0.0 131.0132811425142,31.221502870929548,0.0 131.01328469994607,31.22150200125748,0.0 131.01328825648693,31.22150113165616,0.0 131.01329181215647,31.22150026210788,0.0 131.01329536697472,31.221499392595,0.0 131.01329892096174,31.221498523099967,0.0 131.01330247413787,31.2214976536054,0.0 131.0133060265233,31.22149678409407,0.0 131.01330957813846,31.221495914549006,0.0 131.01331312900342,31.22149504495353,0.0 131.0133166791383,31.22149417529129,0.0 131.01332022856306,31.2214933055463,0.0 131.01332377729727,31.221492435703,0.0 131.0133273253603,31.221491565746312,0.0 131.0133308727711,31.221490695661657,0.0 131.01333441954827,31.22148982543499,0.0 131.01333796570984,31.221488955052862,0.0 131.01334151127338,31.221488084502468,0.0 131.01334505625576,31.221487213771645,0.0 131.0133486006733,31.22148634284892,0.0 131.0133521445416,31.22148547172356,0.0 131.01335568787556,31.22148460038564,0.0 131.01335923068913,31.22148372882596,0.0 131.01336277299555,31.22148285703617,0.0 131.01336631480712,31.2214819850088,0.0 131.01336985613523,31.221481112737173,0.0 131.01337339699032,31.221480240215566,0.0 131.0133769373817,31.22147936743914,0.0 131.0133804773178,31.221478494403986,0.0 131.01338401680587,31.22147762110713,0.0 131.0133875558521,31.221476747546568,0.0 131.01339109446147,31.22147587372121,0.0 131.01339463263795,31.22147499963098,0.0 131.0133981703842,31.22147412527673,0.0 131.01340170770175,31.221473250660285,0.0 131.01340524459087,31.22147237578443,0.0 131.0134087810508,31.22147150065296,0.0 131.0134123170793,31.22147062527053,0.0 131.013415852673,31.221469749642832,0.0 131.0134193878274,31.221468873776423,0.0 131.01342292253673,31.22146799767877,0.0 131.01342645679395,31.22146712135825,0.0 131.0134299905908,31.22146624482411,0.0 131.01343352391797,31.221465368086456,0.0 131.01343705676484,31.2214644911562,0.0 131.0134405891197,31.22146361404504,0.0 131.0134441209698,31.22146273676544,0.0 131.01344765230107,31.221461859330585,0.0 131.01345118309857,31.22146098175436,0.0 131.01345471334622,31.221460104051303,0.0 131.01345824302703,31.2214592262366,0.0 131.013461772123,31.22145834832593,0.0 131.01346530061525,31.22145747033557,0.0 131.013468828484,31.221456592282266,0.0 131.01347235570873,31.22145571418316,0.0 131.01347588226807,31.22145483605585,0.0 131.01347940814003,31.22145395791825,0.0 131.0134829333019,31.22145307978856,0.0 131.01348645773044,31.22145220168519,0.0 131.01348998140185,31.2214513236268,0.0 131.0134935042919,31.22145044563213,0.0 131.01349702637594,31.221449567720008,0.0 131.013500547629,31.221448689909337,0.0 131.01350406802587,31.221447812218944,0.0 131.0135075875412,31.221446934667583,0.0 131.01351110614937,31.221446057273887,0.0 131.01351462382488,31.221445180056264,0.0 131.0135181405422,31.221444303032914,0.0 131.0135216562759,31.22144342622173,0.0 131.0135251710008,31.22144254964025,0.0 131.01352868469186,31.22144167330561,0.0 131.0135321973245,31.22144079723449,0.0 131.01353570887449,31.221439921443054,0.0 131.01353921931803,31.22143904594693,0.0 131.013542728632,31.221438170761143,0.0 131.0135462367938,31.22143729590008,0.0 131.0135497437816,31.22143642137741,0.0 131.01355324957427,31.221435547206102,0.0 131.01355675415158,31.221434673398328,0.0 131.0135602574942,31.22143379996545,0.0 131.01356375958375,31.221432926917988,0.0 131.01356726040288,31.221432054265588,0.0 131.01357075993536,31.221431182016964,0.0 131.01357425816605,31.221430310179908,0.0 131.01357775508112,31.22142943876121,0.0 131.01358125066787,31.221428567766736,0.0 131.013584744915,31.22142769720129,0.0 131.0135882378125,31.22142682706863,0.0 131.01359172935176,31.22142595737151,0.0 131.01359521952557,31.22142508811161,0.0 131.01359870832826,31.221424219289567,0.0 131.01360219575548,31.221423350904946,0.0 131.01360568180462,31.22142248295621,0.0 131.0136091664743,31.221421615440804,0.0 131.01361264976498,31.221420748355072,0.0 131.01361613167848,31.22141988169433,0.0 131.01361961221815,31.221419015452845,0.0 131.0136230913891,31.221418149623847,0.0 131.01362656919775,31.221417284199568,0.0 131.0136300456522,31.221416419171234,0.0 131.01363352076203,31.221415554529145,0.0 131.0136369945384,31.22141469026264,0.0 131.0136404669938,31.22141382636015,0.0 131.0136439381423,31.221412962809232,0.0 131.01364740799931,31.22141209959661,0.0 131.0136508765817,31.22141123670825,0.0 131.01365434390755,31.22141037412931,0.0 131.01365780999626,31.221409511844257,0.0 131.01366127486853,31.22140864983689,0.0 131.01366473854617,31.221407788090417,0.0 131.01366820105207,31.22140692658745,0.0 131.01367166241016,31.221406065310124,0.0 131.0136751226454,31.22140520424009,0.0 131.01367858178352,31.221404343358603,0.0 131.01368203985123,31.221403482646608,0.0 131.01368549687578,31.221402622084728,0.0 131.0136889528852,31.221401761653407,0.0 131.01369240790797,31.221400901332867,0.0 131.01369586197313,31.221400041103305,0.0 131.01369931511005,31.221399180944857,0.0 131.01370276734832,31.22139832083766,0.0 131.0137062187178,31.22139746076198,0.0 131.0137096692484,31.221396600698224,0.0 131.01371311896995,31.22139574062702,0.0 131.0137165679122,31.221394880529274,0.0 131.01372001610477,31.221394020386256,0.0 131.0137234635768,31.221393160179595,0.0 131.01372691035715,31.22139229989148,0.0 131.01373035647413,31.22139143950452,0.0 131.0137338019554,31.221390579001955,0.0 131.01373724682784,31.221389718367675,0.0 131.0137406911177,31.221388857586263,0.0 131.01374413485024,31.22138799664304,0.0 131.0137475780497,31.22138713552413,0.0 131.0137510207393,31.22138627421647,0.0 131.01375446294105,31.221385412707964,0.0 131.01375790467583,31.221384550987384,0.0 131.013761345963,31.221383689044504,0.0 131.01376478682076,31.221382826870087,0.0 131.01376822726567,31.221381964456,0.0 131.0137716673129,31.22138110179512,0.0 131.01377510697594,31.22138023888144,0.0 131.0137785462667,31.221379375710114,0.0 131.01378198519535,31.22137851227744,0.0 131.0137854237704,31.221377648580845,0.0 131.01378886199848,31.221376784618943,0.0 131.01379229988456,31.22137592039157,0.0 131.01379573743162,31.221375055899703,0.0 131.01379917464092,31.22137419114553,0.0 131.0138026115118,31.22137332613243,0.0 131.01380604804172,31.221372460864973,0.0 131.01380948422627,31.22137159534888,0.0 131.0138129200591,31.221370729590983,0.0 131.0138163555322,31.22136986359935,0.0 131.01381979063547,31.221368997383088,0.0 131.01382322535716,31.221368130952385,0.0 131.01382665968353,31.221367264318538,0.0 131.01383009359932,31.2213663974938,0.0 131.01383352708737,31.22136553049143,0.0 131.01383696012894,31.221364663325616,0.0 131.01384039270363,31.221363796011488,0.0 131.01384382478955,31.22136292856496,0.0 131.0138472563632,31.22136206100276,0.0 131.01385068739972,31.22136119334237,0.0 131.01385411787297,31.221360325601964,0.0 131.01385754775544,31.22135945780029,0.0 131.0138609770185,31.22135858995671,0.0 131.0138644056324,31.221357722091064,0.0 131.01386783356645,31.22135685422362,0.0 131.013871260789,31.221355986375023,0.0 131.01387468726773,31.2213551185662,0.0 131.01387811296945,31.221354250818298,0.0 131.01388153786053,31.22135338315264,0.0 131.01388496190685,31.22135251559061,0.0 131.01388838507387,31.22135164815357,0.0 131.01389180732698,31.22135078086289,0.0 131.01389522863138,31.221349913739736,0.0 131.01389864895216,31.22134904680508,0.0 131.0139020682547,31.2213481800796,0.0 131.0139054865046,31.221347313583635,0.0 131.01390890366778,31.221346447337048,0.0 131.01391231971064,31.221345581359248,0.0 131.0139157346003,31.221344715669048,0.0 131.01391914830444,31.22134385028461,0.0 131.01392256079183,31.221342985223444,0.0 131.01392597203196,31.22134212050223,0.0 131.01392938199555,31.22134125613683,0.0 131.01393279065442,31.22134039214228,0.0 131.01393619798176,31.221339528532567,0.0 131.01393960395208,31.2213386653208,0.0 131.0139430085415,31.22133780251893,0.0 131.01394641172757,31.22133694013792,0.0 131.01394981348963,31.22133607818755,0.0 131.0139532138088,31.221335216676408,0.0 131.01395661266793,31.221334355611926,0.0 131.01396001005185,31.221333495000263,0.0 131.01396340594735,31.221332634846352,0.0 131.01396680034335,31.22133177515382,0.0 131.01397019323073,31.221330915925,0.0 131.01397358460252,31.22133005716092,0.0 131.013976974454,31.221329198861287,0.0 131.0139803627826,31.22132834102449,0.0 131.013983749588,31.2213274836476,0.0 131.01398713487202,31.221326626726373,0.0 131.01399051863888,31.221325770255287,0.0 131.01399390089492,31.22132491422752,0.0 131.01399728164878,31.221324058634973,0.0 131.01400066091122,31.22132320346834,0.0 131.0140040386953,31.22132234871712,0.0 131.01400741501618,31.221321494369622,0.0 131.01401078989105,31.22132064041301,0.0 131.01401416333923,31.22131978683347,0.0 131.01401753538204,31.221318933616,0.0 131.01402090604265,31.22131808074474,0.0 131.01402427534606,31.22131722820284,0.0 131.01402764331917,31.22131637597265,0.0 131.01403100999036,31.22131552403565,0.0 131.01403437538974,31.22131467237262,0.0 131.0140377395487,31.22131382096369,0.0 131.01404110250016,31.2213129697884,0.0 131.01404446427816,31.221312118825743,0.0 131.01404782491787,31.221311268054336,0.0 131.01405118445547,31.22131041745237,0.0 131.0140545429279,31.22130956699785,0.0 131.01405790037293,31.22130871666849,0.0 131.01406125682877,31.221307866442007,0.0 131.01406461233407,31.22130701629598,0.0 131.01406796692797,31.22130616620816,0.0 131.01407132064935,31.221305316156364,0.0 131.0140746735374,31.22130446611872,0.0 131.0140780256309,31.2213036160736,0.0 131.01408137696853,31.22130276599984,0.0 131.01408472758823,31.221301915876747,0.0 131.0140880775275,31.22130106568416,0.0 131.01409142682303,31.22130021540265,0.0 131.01409477551047,31.2212993650134,0.0 131.0140981236246,31.221298514498503,0.0 131.0141014711988,31.221297663840875,0.0 131.0141048182652,31.221296813024367,0.0 131.01410816485446,31.221295962033885,0.0 131.01411151099555,31.221295110855344,0.0 131.01411485671596,31.22129425947585,0.0 131.014118202041,31.22129340788369,0.0 131.01412154699426,31.221292556068327,0.0 131.01412489159725,31.2212917040206,0.0 131.0141282358693,31.2212908517326,0.0 131.0141315798275,31.221289999197765,0.0 131.0141349234868,31.22128914641103,0.0 131.01413826685956,31.22128829336864,0.0 131.01414160995583,31.22128744006832,0.0 131.01414495278323,31.22128658650924,0.0 131.0141482953468,31.22128573269203,0.0 131.01415163764904,31.221284878618786,0.0 131.01415497968986,31.22128402429304,0.0 131.0141583214667,31.221283169719825,0.0 131.01416166297437,31.221282314905565,0.0 131.01416500420504,31.22128145985812,0.0 131.01416834514845,31.221280604586724,0.0 131.0141716857919,31.221279749102017,0.0 131.01417502612003,31.22127889341592,0.0 131.0141783661152,31.22127803754161,0.0 131.01418170575738,31.221277181493555,0.0 131.01418504502428,31.22127632528736,0.0 131.01418838389142,31.221275468939776,0.0 131.0141917223322,31.22127461246861,0.0 131.01419506031803,31.22127375589264,0.0 131.0141983978185,31.22127289923156,0.0 131.0142017348012,31.221272042505948,0.0 131.01420507123234,31.22127118573709,0.0 131.01420840707644,31.221270328947018,0.0 131.01421174229668,31.22126947215831,0.0 131.01421507685507,31.221268615394063,0.0 131.0142184107125,31.22126775867784,0.0 131.01422174382887,31.22126690203345,0.0 131.01422507616354,31.221266045485,0.0 131.01422840767503,31.22126518905672,0.0 131.01423173832163,31.22126433277285,0.0 131.01423506806128,31.22126347665763,0.0 131.0142383968519,31.22126262073508,0.0 131.01424172465155,31.22126176502905,0.0 131.01424505141856,31.22126090956296,0.0 131.01424837711167,31.22126005435985,0.0 131.01425170169034,31.2212591994422,0.0 131.01425502511486,31.22125834483187,0.0 131.01425834734647,31.221257490550023,0.0 131.0142616683477,31.221256636617024,0.0 131.01426498808226,31.22125578305232,0.0 131.01426830651553,31.22125492987443,0.0 131.01427162361443,31.22125407710083,0.0 131.01427493934787,31.22125322474789,0.0 131.0142782536865,31.2212523728308,0.0 131.01428156660336,31.22125152136351,0.0 131.0142848780735,31.22125067035868,0.0 131.01428818807457,31.221249819827644,0.0 131.0142914965866,31.221248969780305,0.0 131.01429480359215,31.22124812022518,0.0 131.01429810907672,31.22124727116929,0.0 131.01430141302845,31.2212464226182,0.0 131.01430471543836,31.22124557457592,0.0 131.01430801630045,31.221244727045004,0.0 131.01431131561182,31.221243880026435,0.0 131.0143146133725,31.221243033519688,0.0 131.01431790958577,31.22124218752272,0.0 131.01432120425784,31.221241342031973,0.0 131.01432449739823,31.22124049704244,0.0 131.01432778901955,31.22123965254765,0.0 131.01433107913752,31.22123880853976,0.0 131.014334367771,31.22123796500952,0.0 131.01433765494204,31.221237121946416,0.0 131.01434094067565,31.221236279338672,0.0 131.01434422499986,31.221235437173355,0.0 131.01434750794576,31.22123459543643,0.0 131.0143507895473,31.221233754112863,0.0 131.01435406984126,31.22123291318669,0.0 131.01435734886726,31.221232072641143,0.0 131.01436062666767,31.22123123245876,0.0 131.01436390328743,31.221230392621468,0.0 131.0143671787741,31.221229553110767,0.0 131.01437045317795,31.22122871390785,0.0 131.01437372655155,31.22122787499373,0.0 131.01437699886023,31.221227036313746,0.0 131.0143802701596,31.221226197848114,0.0 131.01438354046675,31.22122535956124,0.0 131.01438680980573,31.221224521419725,0.0 131.0143900782008,31.221223683389965,0.0 131.01439334567664,31.22122284543836,0.0 131.01439661225783,31.22122200753145,0.0 131.01439987796914,31.22122116963604,0.0 131.0144031428351,31.221220331719355,0.0 131.0144064068803,31.221219493749224,0.0 131.01440967012863,31.22121865569416,0.0 131.01441293260396,31.22121781752358,0.0</coordinates>
            </LineString>
        </Placemark>
    </Document>
</kml>
