<?xml version="1.0" encoding="UTF-8"?>
<kml xmlns="http://www.opengis.net/kml/2.2" xmlns:gx="http://www.google.com/kml/ext/2.2">
    <Document id="171">
        <Style id="174">
            <LineStyle id="175">
                <color>ff0000ff</color>
                <colorMode>normal</colorMode>
                <width>3</width>
            </LineStyle>
        </Style>
        <Style id="178">
            <LineStyle id="179">
                <color>ff00ff00</color>
                <colorMode>normal</colorMode>
                <width>3</width>
            </LineStyle>
        </Style>
        <Placemark id="173">
            <name>flight_path</name>
            <styleUrl>#174</styleUrl>
            <LineString id="172">
                <altitudeMode>relativeToGround</altitudeMode>
                <coordinates>131.010392,31.222216000000007,3.000000004412624 131.0103920000045,31.222215999991075,3.0000027652305543 131.0103920000085,31.222215999994766,3.0000030853541984 131.0103920000085,31.222215999994766,3.0000030853541984 131.01039200000852,31.222215999994766,3.0000030853541984 131.01039201539675,31.22221599246117,3.0023884986471163 131.0103920617776,31.22221596990869,3.015331231721257 131.01039213193175,31.22221593580231,3.0351264363252404 131.01039220552698,31.222215900001803,3.055106219166761 131.0103923261533,31.222215841380503,3.090004394730484 131.01039241011944,31.222215800500727,3.1115340872331685 131.01039255023213,31.22221573238213,3.151063460926564 131.0103926908424,31.222215663995925,3.189784893121109 131.01039284206664,31.22221559043897,3.23111772340097 131.01039301222698,31.2222155076778,3.2778754514712065 131.01039319835945,31.22221541714896,3.329057119327625 131.01039339622227,31.222215320908244,3.383229829375461 131.0103936086097,31.222215217601374,3.4413386621870097 131.01039382835415,31.2222151107022,3.500962017738751 131.0103940692252,31.222214993537087,3.566754013292423 131.0103943154942,31.22221487372917,3.6334003425495367 131.0103945800907,31.22221474501192,3.705270765720048 131.01039485370347,31.222214611898128,3.779219998303775 131.01039513986652,31.222214472675024,3.856442763351153 131.01039544418495,31.22221432462593,3.9388336136528577 131.01039575462735,31.22221417358214,4.022328928820314 131.01039608061367,31.222214014978025,4.110111315127456 131.01039641907315,31.22221385030192,4.20114441129061 131.01039677261693,31.22221367828824,4.296310626724281 131.01039713608534,31.22221350143773,4.393868548192477 131.010397517966,31.22221331563664,4.496683993164735 131.01039790540767,31.22221312711366,4.600420125064151 131.01039830590005,31.22221293223868,4.707604968129808 131.01039871921526,31.222212731122088,4.8181619013200345 131.01039914602634,31.222212523437697,4.932317992273902 131.0103995843797,31.222212310132328,5.049414803571431 131.01040002919007,31.222212093670787,5.167739039340097 131.010400488852,31.222211869984235,5.290119088179969 131.01040096154043,31.222211639957216,5.415939478570699 131.01040144391652,31.222211405208075,5.544076156420129 131.01040193996343,31.222211163806087,5.675869112702848 131.01040244347448,31.22221091875968,5.809230869593894 131.01040295825328,31.222210668225145,5.945439804389508 131.01040348638034,31.22221041119396,6.085193185839201 131.01040402793237,31.222210147628825,6.228514853755213 131.0104045774418,31.22220988018005,6.373570321964543 131.0104051377902,31.2222096074508,6.521325187598352 131.01040571307726,31.222209327453587,6.673149607941206 131.01040630329675,31.222209040191352,6.829037586096744 131.01040689520636,31.22220875208352,6.984563197684807 131.01040750096558,31.22220845723537,7.143787353550456 131.0104081214021,31.222208155245536,7.306979827983644 131.01040875222748,31.222207848192888,7.472708023785239 131.01040938861175,31.222207538419,7.639365051166282 131.0104100415545,31.222207220590928,7.810603337186065 131.01041070492113,31.22220689768276,7.98437975261839 131.0104113765162,31.222206570758807,8.159965504549577 131.0104120627253,31.222206242045488,8.339426420983465 131.0104127512789,31.22220590206889,8.520853950276198 131.01041345144623,31.222205558880656,8.705147129159462 131.0104141671983,31.222205205708487,8.894539252955786 131.0104148855056,31.222204849570403,9.084606843255807 131.01041561299272,31.22220448727201,9.277508427414672 131.01041635326175,31.222204117081134,9.474395369801965 131.01041710801294,31.222203738213263,9.675782637224222 131.0104178582489,31.22220335976085,9.875571874881915 131.010418621092,31.222202973596783,10.079216150351856 131.01041940447635,31.22220257609624,10.289134432081568 131.0104201895788,31.222202176115985,10.499396859560353 131.01042097918017,31.22220177234736,10.710885670185396 131.0104217843199,31.222201359845965,10.92691905608056 131.0104226022337,31.22220094001617,11.146564715058323 131.01042342483768,31.22220051650062,11.367383253081703 131.01042425500148,31.2222000880732,11.590205508836474 131.0104251001569,31.222199651695664,11.817096225976844 131.01042596098108,31.222199207298125,12.048126504220775 131.01042681926398,31.22219876241625,12.278191288379888 131.01042769575736,31.222198308727524,12.512965881784313 131.0104285823103,31.22219784970964,12.750107897101913 131.01042947779777,31.222197385889388,12.989271823393713 131.0104303800261,31.22219691817089,13.229848414226106 131.01043130342848,31.2221964414914,13.475384001016511 131.01043223643998,31.2221959602352,13.72286368548157 131.01043317132468,31.22219547706441,13.970420091032574 131.0104341272102,31.22219498569996,14.222519750930005 131.010435100413,31.22219448772828,14.478103213260036 131.01043607130904,31.222193989386863,14.732705040363031 131.0104370613532,31.2221934841444,14.99106088417074 131.01043806824168,31.22219297306452,15.25247266483652 131.0104390847709,31.222192458377023,15.515335740794992 131.01044011218002,31.22219193982124,15.779865047635788 131.01044115688055,31.22219141589668,16.0472387727111 131.01044221795004,31.22219088710945,16.317137954904045 131.01044328470843,31.222190356213023,16.587474476566385 131.01044437383285,31.22218981938828,16.861264465981098 131.0104454825367,31.2221892776322,17.137819083921116 131.01044659548023,31.222188734412928,17.414393632364348 131.01044773750368,31.222188184646065,17.695162095601233 131.01044889265623,31.2221876319098,17.977285023795698 131.0104500519139,31.22218707794577,18.25930537974139 131.01045124315658,31.22218651778786,18.545519801979925 131.0104524509046,31.222185954577835,18.833346062231616 131.01045367360675,31.22218538866388,19.122510467380355 131.0104549194643,31.22218481890283,19.41411270631956 131.01045617705293,31.22218424724923,19.706438068151417 131.01045744859428,31.222183673453696,19.999754760342498 131.0104587571801,31.22218309459475,20.296998399109448 131.0104600608044,31.222182516435392,20.592601568725776 131.010461403343,31.22218193348254,20.89210887735973 131.01046276919368,31.222181348034773,21.19337122328965 131.0104641398601,31.222180762212368,21.494157123702937 131.0104655338653,31.22218017407916,21.79660770275132 131.01046698179755,31.22217958098964,22.10396713691128 131.01046842843863,31.222178988448665,22.4100029065006 131.0104698766044,31.222178395963265,22.71514700233816 131.0104713932948,31.22217779823976,23.026235768561552 131.01047289189054,31.22217720245088,23.334263661273752 131.01047442372123,31.22217660461081,23.64443042304818 131.01047603278548,31.22217600225676,23.960687240210444 131.0104775814444,31.222175404285046,24.27005270885757 131.01047920804433,31.22217480216432,24.58535910677082 131.0104808784004,31.22217419853441,24.90315435546036 131.01048249880955,31.222173598005973,25.21537833660272 131.010484222005,31.22217299335516,25.535015235489784 131.010485930706,31.222172390215103,25.85205392378757 131.01048764606247,31.222171787449604,26.168367635379138 131.01048945385375,31.222171182297785,26.490541159264144 131.010491228838,31.222170579118536,26.80878927744885 131.01049303183984,31.222169975844608,27.12783959502488 131.01049491635604,31.222169371450686,27.45140975005128 131.01049675823663,31.222168768979607,27.77051385225132 131.01049866367316,31.222168166066005,28.09270623663411 131.0105006047398,31.22216756357041,28.41586740377753 131.01050251830063,31.22216696242024,28.73578502214657 131.01050453556496,31.2221663609268,29.061075729315768 131.01050651882068,31.222165760880326,29.382692191869733 131.01050853216708,31.222165161500865,29.704815139214503 131.010510639477,31.22216456258211,30.03126303283528 131.01051269358803,31.222163965032607,30.35298327910425 131.0105148073584,31.222163368240704,30.67686270979196 131.01051698523509,31.222162772434817,31.00300846663316 131.010519117634,31.22216217775824,31.325034813544484 131.01052134387908,31.22216158412681,31.65098399077985 131.0105235549178,31.22216099160067,31.974567681598906 131.01052578305843,31.222160400151168,32.297653860281194 131.01052811708664,31.222159810053668,32.62509426353285 131.010530392092,31.222159220890184,32.94780216886863 131.01053271898212,31.22215863293,33.27188108034226 131.01053513763463,31.222158046360736,33.59940513152062 131.01053747445243,31.222157460570426,33.92106758705452 131.01053992978547,31.22215687620629,34.24759294788782 131.01054238289768,31.22215629286173,34.572517321710016 131.01054482231487,31.222155710493727,34.89526642751542 131.01054738025175,31.222155129368712,35.22282741230475 131.01054988227096,31.22215454910821,35.545984559148835 131.0105524410503,31.22215396985743,35.8707115089522 131.01055505504132,31.222153391485566,36.1969395610538 131.01055762738432,31.222152814054684,36.519539070891646 131.01056030061974,31.222152237241616,36.846122432947766 131.01056294704017,31.22215166131033,37.1698841579471 131.01056561059238,31.222151086123503,37.49318664501032 131.01056836834329,31.222150510993004,37.82026793336527 131.01057107368686,31.22214993697345,38.14313910523245 131.01057383523255,31.22214936309661,38.467781936484464 131.01057663737947,31.22214878927308,38.79340756550776 131.0105794113076,31.222148216432128,39.116144801602 131.01058229375357,31.22214764227704,39.44384282401857 131.0105851212551,31.2221470695556,39.76712699488672 131.01058799034175,31.22214649646195,40.091601415697845 131.0105909537913,31.222145921329734,40.42055326374744 131.01059382839574,31.22214534881732,40.74295813987544 131.01059681791284,31.22214477326723,41.07125230953992 131.01059977511017,31.22214419880443,41.39644464017388 131.0106027541403,31.22214362377237,41.72189802459254 131.01060580839692,31.222143045831288,42.05117522814202 131.010608808745,31.22214247003028,42.37588955177777 131.01061189797417,31.22214189025804,42.705516235247806 131.0106149699753,31.222141311014244,43.03303758493104 131.0106180459711,31.222140731425124,43.35985396049324 131.01062120820012,31.2221401467962,43.691855341568846 131.01062430778128,31.222139565298207,44.01851191038788 131.01062749066904,31.22213897837916,44.350358844500974 131.0106306582166,31.2221383917888,44.68029492143683 131.0106338364484,31.222137803946097,45.010223856287 131.01063708942945,31.222137210042323,45.345170766840624 131.010640280032,31.22213661995745,45.67454966566188 131.01064356443615,31.222136021847568,46.010653173230175 131.01064680859875,31.222135425971526,46.34290325254246 131.01065008262145,31.22213482672367,46.67693102557792 131.0106534115851,31.22213422154308,47.01496766667153 131.01065668675105,31.222133620095487,47.34791571300526 131.01066004837983,31.22213300946824,47.68769179550212 131.01066337467992,31.22213240090461,48.02394407870112 131.0106667253532,31.222131788727864,48.361817060036536 131.0106701329341,31.222131169343413,48.70431062548836 131.0106734813541,31.22213055470923,49.041077072113055 131.01067691991804,31.22212992909516,49.38557091994981 131.0106803225023,31.222129305815525,49.72642369510574 131.01068374557144,31.222128678824543,50.068763184663 131.01068720453387,31.222128046231223,50.41408465826328 131.01069062843897,31.222127416059514,50.755788436713935 131.01069413193375,31.22212677514826,51.10462198606047 131.0106975903175,31.22212613783666,51.4488946318896 131.0107010868166,31.222125494496133,51.796435551798126 131.01070460039523,31.222124847523663,52.14528325230668 131.01070808611686,31.22212420224444,52.49117064206317 131.01071166352344,31.222123544566657,52.84542653682737 131.01071517056275,31.22212289360568,53.19269936410198 131.01071874521148,31.222122233173128,53.54602480920183 131.0107223091847,31.2221215724891,53.89799857111453 131.01072586708156,31.22212091102983,54.24905397603776 131.01072949073077,31.22212024063265,54.605852485231246 131.0107330614398,31.222119574871403,54.95736030122013 131.01073670470055,31.22211889968948,55.31512007537238 131.01074031829867,31.222118226549785,55.66973363394792 131.0107439487315,31.22211755036957,56.0254242751952 131.01074762184248,31.222116868617366,56.384409529219376 131.01075124963683,31.22211619049388,56.73889994012753 131.01075496887788,31.222115502231887,57.10077566039617 131.0107586350011,31.2221148183657,57.457497311389055 131.01076235951945,31.22211412811708,57.81855124821008 131.0107660682334,31.22211343867132,58.17762711628117 131.0107697772386,31.222112748512284,58.53608007590861 131.0107735428119,31.22211205302017,58.89833008163083 131.0107772632169,31.22211136085931,59.25625849004973 131.01078108069404,31.22211066068316,59.62087803689868 131.01078484375927,31.22210996451741,59.9804958924806 131.01078864780027,31.222109265113847,60.34233320789751 131.01079247861455,31.222108563878887,60.70516954191137 131.01079627052587,31.22210786521657,61.064308698870605 131.0108001410989,31.222107161711754,61.42795029495127 131.0108039993445,31.222106459299773,61.78966419314112 131.01080783555847,31.222105758327697,62.14890086289826 131.01081172193946,31.22210505501428,62.51033488990893 131.010815641954,31.222104350621272,62.872713245163744 131.01081954371023,31.222103647675084,63.232773430383126 131.01082344803413,31.22210294513838,63.59184038970266 131.01082739447213,31.222102241550168,63.95218205580806 131.0108313508623,31.22210153841692,64.3118058190679 131.01083530659082,31.222100836127783,64.67010860920377 131.01083927017748,31.22210013442048,65.02755484357073 131.01084326118135,31.22209943280284,65.38515050606135 131.01084725821016,31.22209873203557,65.74168906554203 131.0108512604818,31.222098032157792,66.0971227352714 131.01085527600554,31.222097333021168,66.45183571802245 131.010859302973,31.222096634744712,66.80569835077684 131.0108633372213,31.222095937467,67.15848096625899 131.01086737924632,31.222095241210805,67.51019057689342 131.0108714351458,31.22209454590124,67.86109510339479 131.01087550265234,31.22209385162065,68.21106330480218 131.01087958052045,31.222093158412594,68.5600228507238 131.01088366429715,31.222092466359967,68.90776133740873 131.0108877538456,31.222091775468552,69.2542677369264 131.01089186214648,31.222091085557768,69.60010956018537 131.01089597414818,31.22209039684269,69.94461326822207 131.01090009815107,31.22208970919296,70.28814543893067 131.01090423113305,31.22208902263587,70.63057331649891 131.01090837608527,31.222088337106747,70.9720295927451 131.01091252445215,31.22208765269737,71.31215233294616 131.01091668437212,31.222086969256782,71.65130052547909 131.01092085450065,31.222086286760607,71.98942669106935 131.0109250292132,31.222085605251284,72.32630322495747 131.01092921642223,31.222084924547463,72.6622862050102 131.01093341593412,31.22208424458429,72.99738679306888 131.01093761531976,31.22208356553568,73.33108588941764 131.0109418279461,31.222082887078315,73.66398702339586 131.0109460459863,31.222082209294264,73.99577343014408 131.01095027009802,31.22208153210103,74.32649875919876 131.01095450146843,31.22208085539064,74.65624403414736 131.01095874196002,31.22208017902432,74.98512512156385 131.01096298821628,31.222079503006327,75.31302093243296 131.01096724249575,31.22207882718177,75.64006831978193 131.01097150097075,31.22207815158232,75.96612159985062 131.0109757655078,31.22207747605698,76.29130281270012 131.01098003248552,31.222076800647017,76.6154718800521 131.01098430571656,31.22207612511256,76.93885120018297 131.01098858656894,31.222075449284905,77.26155129881603 131.0109928706147,31.222074773258,77.58338682138931 131.01099715915356,31.222074096884644,77.90445953441153 131.01100145180567,31.22207342008537,78.22478827595873 131.01100574283174,31.222072743073603,78.5441013276188 131.0110100402944,31.22207206532627,78.8628701242498 131.011014336927,31.22207138715304,79.18073596089705 131.01101864101548,31.22207070797496,79.49819768420438 131.01102294344196,31.22207002826,79.814776678617 131.01102725371777,31.222069347316584,80.13105435402326 131.01103156181424,31.22206866572402,80.44648131827968 131.01103587077475,31.22206798321684,80.76126279500593 131.0110401846291,31.222067299419805,81.07567716880092 131.01104449910835,31.222066614569325,81.38949725440565 131.01104881124388,31.222065928842746,81.70256195333526 131.01105312884897,31.222065241565176,82.01538757869596 131.01105744483468,31.22206455324104,82.32755357176451 131.01106176407595,31.222063863425344,82.63939235395523 131.01106608219445,31.222063172438453,82.95064272707548 131.0110703991864,31.22206248025129,83.26131957148179 131.0110747167136,31.22206178668708,83.57154804248873 131.01107903475355,31.222061091718665,83.88134144664615 131.0110833517321,31.22206039546853,84.19060584034251 131.01108766810955,31.22205969788409,84.49938003418944 131.0110919820562,31.22205899912734,84.80754690486943 131.01109629883084,31.222058298713726,85.11546489461257 131.0111006115713,31.22205759728219,85.42267247021476 131.01110492662755,31.222056894259342,85.72959684297193 131.01110924048865,31.222056189988088,86.03599759177735 131.0111135492767,31.22205548485077,86.34160795243278 131.0111178603673,31.222054778199183,86.64691553831719 131.0111221689592,31.22205407051036,86.95158750472378 131.01112647335788,31.222053361975167,87.25550025837661 131.01113078000472,31.22205265206312,87.55906506238429 131.01113508146057,31.222051941485752,87.86177590427508 131.0111393833706,31.22205122980099,88.1639841163485 131.01114368795882,31.222050516888785,88.46580809031171 131.01114798668425,31.222049803529785,88.76668171045337 131.01115228393496,31.22204908941409,89.06686462836656 131.01115657989024,31.2220483746006,89.36634167821364 131.01116087783188,31.2220476589119,89.6652848374328 131.0111651731737,31.22204694277772,89.96338760947833 131.01116946671647,31.222046226204,90.2606743088062 131.01117376169725,31.22204550903928,90.55730399493912 131.01117805451736,31.22204479161837,90.85303771416037 131.0111823451543,31.222044074011816,91.14784869833932 131.01118663986625,31.222043355902127,91.44204985505075 131.0111909285795,31.22204263800161,91.73506101286164 131.0111952247462,31.222041919578874,92.0275702863978 131.01119951709765,31.22204120138228,92.31894902846292 131.01120381104823,31.222040483173664,92.60945135146846 131.011208105401,31.2220397651022,92.89898275080552 131.01121240257467,31.222039047128323,93.18762854524664 131.0112166998163,31.222038329462645,93.47522494328088 131.01122099705603,31.22203761217329,93.76174266540032 131.01122529493435,31.222036895301,94.04718307538616 131.01122959562346,31.222036178830937,94.33161223373712 131.01123389397395,31.22203546302441,94.61477992960184 131.01123819579897,31.22203474772608,94.89690984483536 131.0112424980009,31.2220340331096,95.17784432954056 131.011246800691,31.222033319220543,95.45756706194784 131.01125110410507,31.222032606101006,95.73606604905753 131.01125541271358,31.222031893677485,96.01348956058509 131.01125971783637,31.22203118222756,96.2894899727356 131.01126402779855,31.22203047157071,96.5643612920339 131.01126834207736,31.222029761769384,96.83806018452168 131.01127265624947,31.22202905295322,97.11041550407576 131.01127697311887,31.22202834508368,97.38151402540288 131.01128129283515,31.222027638183352,97.65134696309424 131.01128561645623,31.222026932251968,97.91993784060028 131.01128993642388,31.222026227438462,98.18703216137293 131.0112942600121,31.222025523617265,98.4528617980538 131.01129858607823,31.222024820816625,98.71738174121084 131.01130291242964,31.222024119071417,98.98052034428773 131.0113072441206,31.22202341829312,99.24243291136445 131.01131157345023,31.222022718597167,99.50288242536948 131.01131590284052,31.222022019928808,99.76194724677184 131.0113202410255,31.22202132212697,100.01989330422026 131.0113245805474,31.22202062528968,100.2764996660916 131.01132891807555,31.22201992944776,100.531674995713 131.01133326048196,31.222019234452024,100.78563337442792 131.01133760489523,31.22201854031528,101.03829855969263 131.01134195193157,31.222017846986656,101.28970073122407 131.01134630186195,31.22201715441693,101.53986116180748 131.01135065412143,31.22201646257052,101.78877743420009 131.01135500523233,31.222015771476247,102.03635951687056 131.01135935812584,31.222015081019368,102.28271314604964 131.01136371231607,31.222014391153817,102.52784210473882 131.01136806519298,31.22201370189136,102.77168413358392 131.01137241872135,31.222013013124293,103.0143202677766 131.0113767816794,31.222012324526272,103.25605427048114 131.01138113808693,31.22201163651024,103.49639545920353 131.01138549649372,31.22201094876285,103.73563984224656 131.01138985829485,31.22201026115711,103.97386088534633 131.0113942189814,31.222009573782188,104.21093249043452 131.0113985797009,31.222008886535928,104.44691634193336 131.01140293781313,31.222008199459296,104.68174459445952 131.01140729719515,31.2220075123267,104.91557851623544 131.01141165855137,31.222006825027847,105.14847234862988 131.0114160157198,31.222006137779463,105.38022595445864 131.01142037374373,31.222005450286066,105.611048584524 131.01142473482653,31.222004762356807,105.8410534211236 131.01142909574364,31.22200407408508,106.07014471851696 131.01143345186873,31.222003385670604,106.298162748783 131.01143780744985,31.222002696825875,106.52529662580868 131.01144216607167,31.22200200726797,106.75171929656372 131.0114465244149,31.222001317126168,106.97732210297136 131.01145088103794,31.2220006264408,107.20206574565722 131.01145523548584,31.221999935194507,107.42595075765476 131.01145959064365,31.22199924314563,107.6491217799918 131.0114639406836,31.22199855064064,107.871346460481 131.01146829384328,31.22199785706784,108.09300368671502 131.01147264523905,31.22199716271963,108.31389875606972 131.011476997059,31.22199646740349,108.53414523750412 131.01148134540136,31.22199577137449,108.753581513042 131.0114856903047,31.22199507460774,108.97222077842736 131.01149003650795,31.22199437671228,109.1902948715186 131.01149438239955,31.2219936777834,109.4077424998054 131.0114987300452,31.22199297763891,109.62467051272898 131.0115030728875,31.22199227678711,109.8407785146974 131.01150741391655,31.221991574984614,110.0562126228674 131.0115117591475,31.22199087173517,110.27126447367328 131.01151609836697,31.22199016786604,110.48545288534936 131.0115204398709,31.221989462706976,110.6991736271698 131.0115247792508,31.221988756623983,110.9122177851448 131.0115291130228,31.2219880499151,111.12441849913216 131.0115334460707,31.221987342196616,111.33600524731852 131.01153777617063,31.22198663366981,111.54686839050296 131.0115421037138,31.22198592432641,111.75702093632808 131.01154642872856,31.22198521419125,111.96645731079782 131.0115507512478,31.22198450329233,112.17517076211004 131.01155507130872,31.221983791660698,112.3831534212912 131.01155938895283,31.22198307933026,112.59039631710492 131.01156370422547,31.221982366337635,112.79688943966872 131.0115680171758,31.221981652722,113.00262176828454 131.01157232785653,31.221980938524887,113.20758132908956 131.01157663632344,31.221980223790016,113.4117552517128 131.01158094263556,31.22197950856312,113.6151298120146 131.01158524685445,31.22197879289167,113.8176905066345 131.0115895490442,31.2219780768248,114.01942210070096 131.0115938492711,31.22197736041297,114.2203086984012 131.01159814760317,31.22197664370789,114.42033380162432 131.01160244411005,31.22197592676224,114.61948038550209 131.01160673886275,31.221975209629434,114.81773095903776 131.01161103193309,31.221974492363515,115.01506764064644 131.01161532339347,31.221973775018814,115.2114722317056 131.01161961331687,31.221973057649848,115.40692628016735 131.011623901776,31.221972340311083,115.60141115609623 131.0116281888435,31.22197162305672,115.79490813416608 131.01163247459124,31.221970905940463,115.9873984532948 131.01163675909035,31.221970189015444,116.17886339019404 131.01164104241087,31.22196947233389,116.36928434087216 131.01164532462124,31.22196875594704,116.55864287330924 131.01164960578825,31.221968039904898,116.74692082386956 131.0116538859768,31.221967324256084,116.93410033904348 131.01165816524963,31.221966609047644,117.12016395993068 131.01166244366692,31.221965894324924,117.30509467094052 131.01166672128636,31.22196518013133,117.4888759852696 131.0116709981628,31.22196446650832,117.67149197471564 131.01167527434802,31.221963753495064,117.85292735813748 131.01167954989077,31.221963041128465,118.03316753325647 131.01168382483635,31.221962329442995,118.21219864324996 131.01168809922677,31.221961618470548,118.39000761352224 131.0116923731004,31.22196090824032,118.56658220835736 131.01169664649208,31.22196019877876,118.74191106371624 131.0117009194328,31.22195949010941,118.9159837379247 131.01170519195,31.221958782252912,119.08879073254354 131.01170946406717,31.221958075226887,119.26032353510536 131.01171373580402,31.22195736904585,119.4305746399838 131.01171800717648,31.221956663721247,119.5995375722463 131.01172227819677,31.221955959261376,119.76720691548158 131.01172654887318,31.22195525567137,119.9335783177614 131.0117308192104,31.2219545529532,120.09864850356357 131.01173508920948,31.221953851105656,120.26241529762736 131.01173935886783,31.221953150124456,120.42487760009968 131.01174362817946,31.22195245000212,120.58603541635358 131.0117478971349,31.221951750728163,120.7458898261728 131.0117521657215,31.22195105228907,120.90444300064814 131.0117564339234,31.221950354668405,121.06169817235724 131.01176070172176,31.22194965784686,121.21765962144788 131.01176496909488,31.22194896180236,121.37233266370976 131.01176923601838,31.22194826651016,121.52572362174928 131.0117735024652,31.221947571942984,121.67783980014028 131.01177776840595,31.221946878071087,121.82868945162876 131.01178203380917,31.22194618486245,121.97828174930352 131.01178629864103,31.22194549228284,122.1266267458426 131.01179056286605,31.221944800296043,122.27373533276338 131.011794826447,31.221944108863912,122.41961919867576 131.0117990893451,31.2219434179466,122.56429078853192 131.01180335152017,31.22194272750269,122.70776324796616 131.0118076129309,31.22194203748933,122.85005037657956 131.01181187353515,31.221941347862465,122.99116657923862 131.01181613328967,31.221940658576926,123.13112680345849 131.01182039215078,31.22193996958666,123.26994648572936 131.0118246500743,31.221939280844868,123.40764150281764 131.0118289070157,31.22193859230419,123.54422809920776 131.01183316293043,31.22193790391689,123.6797228354198 131.01183741777388,31.221937215635,123.81414252042318 131.01184167150163,31.22193652741048,123.94750416194158 131.01184592406972,31.221935839195407,124.0798248929044 131.01185017543452,31.221935150942155,124.2111219137989 131.01185442555317,31.221934462603546,124.3414124320432 131.01185867438352,31.221933774132985,124.47071359440012 131.0118629218844,31.22193308548465,124.5990424333077 131.01186716801556,31.221932396613656,124.72641580525648 131.01187141273795,31.221931707476145,124.8528503301629 131.01187565601387,31.221931018029498,124.97836233074038 131.01187989780695,31.22193032823247,125.10296777783596 131.01188413808225,31.22192963804528,125.22668223874796 131.0118883768064,31.221928947429788,125.34952082256244 131.0118926139478,31.221928256349617,125.47149812548842 131.01189684947644,31.221927564770272,125.59262818513976 131.01190108336428,31.22192687265922,125.7129244318344 131.01190531558507,31.22192617998603,125.83239965281588 131.0119095461146,31.221925486722498,125.95106593659465 131.01191377493052,31.22192479284267,126.06893464810196 131.01191800201266,31.221924098322965,126.1860163869476 131.01192222734286,31.22192340314228,126.3023209546214 131.01192645090515,31.221922707282,126.41785732070224 131.01193067268568,31.221922010726093,126.53263360298064 131.01193489267277,31.22192131346116,126.64665704758325 131.0119391108569,31.22192061547644,126.75993399816151 131.01194332723085,31.22191991676389,126.87246988297296 131.0119475417894,31.221919217318177,126.98426920891924 131.0119517545297,31.221918517136647,127.09533553669874 131.01195596545088,31.22191781621942,127.2056714877668 131.01196017455436,31.22191711456928,127.3152787363839 131.01196438184363,31.221916412191742,127.42415799967893 131.0119685873242,31.22191570909494,127.53230905951608 131.0119727910036,31.221915005289624,127.63973075355058 131.01197699289142,31.221914300789138,127.74642098914448 131.0119811929991,31.22191359560927,127.85237675926987 131.01198539133992,31.221912889768284,127.95759415244947 131.01198958792895,31.22191218328677,128.0620683776047 131.01199378278295,31.2219114761876,128.1657937789653 131.0119979759204,31.2219107684958,128.2687638678748 131.0120021673611,31.22191006023847,128.3709713416754 131.01200635712644,31.221909351444666,128.47240812147777 131.01201054523912,31.22190864214528,128.5730653829713 131.01201473172304,31.22190793237296,128.67293357530943 131.0120189166032,31.221907222161924,128.77200248670826 131.0120230999057,31.221906511547854,128.87026125935418 131.01202728165745,31.221905800567782,128.9676984420825 131.01203146188612,31.221905089259938,129.06430202814497 131.01203564062007,31.22190437766361,129.16005950092946 131.01203981788822,31.221903665819,129.2549578816674 131.01204399371989,31.221902953767096,129.34898377217223 131.0120481681446,31.22190224154952,129.4421234085094 131.01205234119217,31.22190152920836,129.5343627106915 131.01205651289237,31.221900816786047,129.6256873254154 131.01206068327488,31.22190010432524,129.7160826837087 131.01206485236926,31.2218993918686,129.80553405062437 131.01206902020465,31.221898679458736,129.89402657692338 131.01207318680983,31.221897967138016,129.98154535373828 131.01207735221303,31.221897254948416,130.06807545630454 131.01208151644187,31.22189654293144,130.15360200657602 131.01208567952307,31.22189583112789,130.23811021397347 131.0120898414826,31.221895119577862,130.32158543004897 131.0120940023456,31.221894408320487,130.40401320314987 131.01209816213603,31.221893697393902,130.4853793181732 131.01210232087683,31.22189298683507,130.5656698522235 131.01210647858974,31.22189227667969,130.64487121834506 131.01211063529527,31.221891566962054,130.7229702072617 131.0121147910127,31.221890857714985,130.7999540370742 131.01211894575985,31.221890148969702,130.8758103900312 131.01212309955324,31.221889440755728,130.9505274572554 131.01212725240802,31.22188873310076,131.02409397352747 131.0121314043378,31.221888026030665,131.0964992500853 131.01213555535475,31.22188731956932,131.16773322531142 131.0121397054697,31.22188661373857,131.2377864706943 131.01214385469183,31.22188590855817,131.30665024350617 131.01214800302895,31.22188520404569,131.3743165007148 131.01215215048737,31.221884500216508,131.44077792880069 131.012156297072,31.22188379708371,131.5060279606517 131.0121604427864,31.221883094658104,131.57006079941638 131.01216458763264,31.22188239294816,131.6328714413631 131.01216873161147,31.22188169195996,131.69445567388993 131.01217287472247,31.22188099169728,131.75481010037328 131.01217701696385,31.221880292161487,131.81393214115965 131.0121811583326,31.221879593351584,131.87182004449872 131.01218529882476,31.221878895264208,131.9284728865422 131.01218943843514,31.22187819789369,131.98389057333156 131.01219357715755,31.22187750123203,132.03807383682167 131.01219771498504,31.221876805268945,132.09102422991035 131.0122018519096,31.221876109991943,132.14274412147023 131.01220598792256,31.22187541538636,132.19323667944963 131.01221012301443,31.2218747214354,132.2425058668991 131.01221425717523,31.22187402812023,132.29055641513347 131.01221839039428,31.22187333542005,132.33739381578343 131.0122225226605,31.22187264331213,132.3830242999217 131.0122266539624,31.22187195177198,132.4274547993002 131.01223078428805,31.22187126077336,132.4706929463528 131.01223491362543,31.22187057028841,132.5127470284735 131.01223904196215,31.221869880287777,132.5536259591945 131.0122431692859,31.221869190740662,132.5933392632791 131.0122472955841,31.221868501614985,132.63189702205509 131.01225142084436,31.221867812877463,132.66930985055703 131.01225554505427,31.22186712449376,132.70558886174683 131.01225966820155,31.22186643642856,132.7407456267567 131.01226379027415,31.221865748645715,132.77479212718313 131.0122679112602,31.221865061108392,132.80774072626429 131.01227203114817,31.221864373779127,132.83960412514975 131.0122761499268,31.22186368662004,132.8703953102232 131.01228026758525,31.221862999592847,132.90012752527485 131.01228438411303,31.221862312659123,132.9288142118681 131.0122884995002,31.22186162578029,132.95646897852845 131.01229261373712,31.221860938917825,132.98310554309913 131.01229672681475,31.221860252033387,133.0087376989487 131.0123008387245,31.221859565088884,133.0333792583201 131.0123049494584,31.221858878046625,133.0570440225137 131.01230905900897,31.221858190869447,133.07974572324875 131.01231316736923,31.22185750352081,133.1014979789314 131.01231727453285,31.221856815964944,133.12231426384636 131.01232138049403,31.22185612816691,133.142207849516 131.01232548524754,31.22185544009276,133.16119177389183 131.0123295887887,31.221854751709607,133.1792787936462 131.01233369111344,31.221854062985752,133.1964813454126 131.0123377922182,31.221853373890784,133.2128115080174 131.01234189210007,31.221852684395618,133.2282809647126 131.0123459907565,31.22185199447265,133.24290096739594 131.01235008818563,31.221851304095857,133.2566822988438 131.01235418438614,31.2218506132408,133.26963524488218 131.012358279357,31.221849921884743,133.28176956258375 131.01236237309797,31.22184923000676,133.29309444846115 131.012366465609,31.22184853758771,133.30361851064114 131.01237055689063,31.2218478446104,133.31334974799114 131.01237464694378,31.22184715105956,133.3222955252734 131.01237873576983,31.221846456921885,133.330462553267 131.01238282337056,31.221845762186167,133.3378568649148 131.012386909748,31.221845066843223,133.3444838083666 131.01239099490462,31.221844370885982,133.35034802312504 131.01239507884318,31.22184367430948,133.35545343607163 131.01239916156666,31.221842977110853,133.35980324953923 131.01240324307844,31.2218422792894,133.36339993037893 131.01240732338195,31.22184158084652,133.3662452129435 131.01241140248104,31.22184088178576,133.36834008914673 131.0124154803796,31.22184018211272,133.36968481740973 131.01241955708167,31.221839481835087,133.37027891470896 131.01242363259152,31.221838780962628,133.37012116750972 131.0124277069134,31.22183807950703,133.36920964567997 131.01243178005163,31.221837377482025,133.3675416945398 131.01243585201073,31.22183667490317,133.3651139636835 131.01243992279498,31.221835971787936,133.3619224079737 131.0124439924088,31.221835268155527,133.35796231934629 131.01244806085657,31.221834564026867,133.3532283248209 131.01245212814243,31.221833859424528,133.3477144242706 131.01245619427058,31.221833154372646,133.3414140013531 131.01246025924496,31.221832448896787,133.3343198513393 131.0124643230694,31.221831743023937,133.32642421093144 131.01246838574744,31.221831036782344,133.3177187771445 131.01247244728253,31.22183033020145,133.30819474607003 131.01247650767775,31.221829623311784,133.29784283672743 131.01248056693595,31.221828916144883,133.28665332286903 131.0124846250596,31.22182820873312,133.2746160727349 131.01248868205093,31.22182750110968,133.26172057787582 131.01249273791174,31.22182679330839,133.24795598893294 131.0124967926435,31.22182608536365,133.2333111563869 131.01250084624724,31.22182537731026,133.2177746643492 131.01250489872362,31.221824669183377,133.20133487230672 131.0125089500728,31.221823961018394,133.18397994891197 131.01251300029455,31.22182325285075,133.16569791670867 131.01251704938824,31.221822544715923,133.14647668691788 131.01252109735265,31.221821836649244,133.12630410515578 131.01252514418618,31.22182112868584,133.10516798125056 131.01252918988675,31.22182042086046,133.08305614291217 131.01253323445175,31.221819713207424,133.05995646753664 131.01253727787818,31.2218190057605,133.03585691798517 131.0125413201626,31.221818298552783,133.0107455912849 131.012545361301,31.221817591616613,132.9846107474519 131.01254940128902,31.221816884983447,132.9574408552086 131.01255344012193,31.221816178683827,132.92922462478387 131.0125574777945,31.221815472747195,132.89995104269687 131.01256151430113,31.221814767201863,132.86960941250712 131.01256554963595,31.221814062074937,132.8381893766808 131.01256958379273,31.221813357392183,132.805680967278 131.01257361676488,31.221812653177967,132.77207462086062 131.01257764854563,31.22181194945521,132.73736121824933 131.0125816791281,31.22181124624528,132.7015321063876 131.01258570850496,31.221810543567912,132.66457912815915 131.012589736669,31.22180984144123,132.62649465121066 131.01259376361276,31.2218091398816,132.58727158087203 131.01259778932885,31.22180843890363,132.54690338997298 131.01260181380985,31.221807738520106,132.50538414170458 131.0126058370484,31.221807038741936,132.46270849259713 131.0126098590372,31.2218063395782,132.4188717203529 131.0126138797692,31.221805641036017,132.37386973676553 131.0126178992375,31.22180494312058,132.32769909467703 131.01262191743547,31.22180424583515,132.28035699891132 131.0126259343569,31.221803549181026,132.2318413112435 131.01262994999573,31.22180285315754,132.18215056431546 131.0126339643466,31.221802157762102,132.13128395368395 131.0126379774044,31.221801462990168,132.07924134676756 131.01264198916468,31.221800768835283,132.02602327688135 131.0126459996235,31.221800075289103,131.9716309412516 131.01265000877754,31.221799382341416,131.91606619505205 131.01265401662414,31.2217986899802,131.85933154842274 131.01265802316135,31.22179799819163,131.8014301565316 131.01266202838795,31.221797306960177,131.74236579373303 131.01266603230343,31.22179661626864,131.68214285853912 131.01267003490818,31.22179592609817,131.62076635672395 131.01267403620332,31.22179523642844,131.5582418705119 131.01267803619083,31.22179454723756,131.49457554864023 131.01268203487362,31.221793858502288,131.4297740874765 131.01268603225537,31.22179317019805,131.36384470517655 131.01269002834067,31.22179248229904,131.29679512180823 131.01269402313503,31.22179179477828,131.22863352257667 131.01269801664483,31.221791107607725,131.1593685478877 131.0127020088773,31.221790420758392,131.0890092486212 131.0127059998405,31.22178973420037,131.01756507023103 131.01270998954357,31.22178904790304,130.94504581000723 131.01271397799607,31.221788361835,130.8714616001806 131.01271796520876,31.221787675964368,130.79682285624048 131.0127219511929,31.22178699025876,130.7211402600395 131.0127259359607,31.221786304685367,130.64442471804986 131.01272991952493,31.2217856192112,130.56668732558435 131.0127339018991,31.221784933803008,130.487939337973 131.0127378830973,31.22178424842756,130.40819212882118 131.01274186313415,31.22178356305164,130.32745715223987 131.0127458420249,31.221782877642152,130.24574591004915 131.01274981978517,31.221782192166287,130.16306992295554 131.01275379643096,31.2217815065916,130.07944067588673 131.01275777197873,31.22178082088604,129.9948695961269 131.01276174644505,31.22178013501816,129.90936802051905 131.01276571984687,31.221779448957136,129.82294714974495 131.01276969220115,31.22177876267292,129.73561801453275 131.01277366352508,31.22177807613627,129.6473914478282 131.01277763383567,31.221777389318884,129.55827804603263 131.01278160315,31.22177670219349,129.4682881401807 131.01278557148507,31.221776014733905,129.37743176612244 131.0127895388576,31.221775326915143,129.2857186227795 131.012793505284,31.22177463871345,129.19315805425515 131.01279747078047,31.221773950106464,129.09975901902416 131.0128014353628,31.22177326107316,129.00553005713184 131.0128053990462,31.221772571594023,128.9104792792634 131.0128093618455,31.22177188165108,128.81461431704562 131.01281332377488,31.221771191227933,128.71794232901402 131.01281728484787,31.22177050030984,128.6204699588646 131.0128212450774,31.22176980888372,128.52220333148102 131.01282520447543,31.22176911693828,128.42314801913886 131.01282916305337,31.221768424463903,128.32330904349587 131.0128331208216,31.22176773145289,128.22269084378388 131.01283707778964,31.22176703789923,128.1212972768096 131.01284103396608,31.22176634379884,128.01913160999757 131.01284498935854,31.22176564914946,127.9161964945522 131.01284894397364,31.221764953950668,127.812493981361 131.0128528978168,31.22176425820393,127.708025500122 131.01285685089255,31.22176356191252,127.60279186530552 131.0128608032042,31.221762865081583,127.4967932711852 131.01286475475396,31.22176216771805,127.39002929978714 131.01286870554287,31.221761469830696,127.28249891293936 131.01287265557076,31.22176077142999,127.174200474136 131.01287660483644,31.221760072528166,127.065131733628 131.0128805533373,31.221759373139136,126.95528986122198 131.01288450106975,31.22175867327844,126.84467143832688 131.0128884480289,31.221757972963182,126.73327248876645 131.01289239420868,31.221757272212013,126.62108846684797 131.01289633960184,31.22175657104504,126.50811430904876 131.0129002842,31.221755869483747,126.3943444210914 131.01290422799354,31.221755167550945,126.27977270974937 131.0129081709718,31.221754465270685,126.1643926096816 131.0129121131229,31.221753762668182,126.0481970983405 131.01291605443393,31.221753059769725,125.9311787228058 131.01291999489092,31.22175235660257,125.81332962363824 131.01292393447883,31.221751653194925,125.69464156171402 131.0129278731816,31.221750949575743,125.57510595201792 131.01293181098225,31.22175024577473,125.4547138865012 131.0129357478629,31.22174954182221,125.3334561619107 131.01293968380477,31.221748837749008,125.21132332153316 131.01294361878817,31.221748133586363,125.08830567308328 131.0129475527928,31.22174742936585,124.96439333541954 131.01295148579757,31.22174672511928,124.83957625643107 131.0129554177807,31.221746020878523,124.71384426273444 131.0129593487198,31.22174531667551,124.5871870825332 131.01296327859205,31.22174461254209,124.45959437642692 131.01296720737403,31.221743908509893,124.33105579009056 131.01297113504205,31.22174320461028,124.20156096321683 131.01297506157195,31.22174250087425,124.0710995881591 131.01297898693952,31.221741797332253,123.93966142384366 131.0129829111201,31.22174109401422,123.80723634447268 131.01298683408913,31.221740390949364,123.67381436536516 131.012990755822,31.22173968816615,123.53938567277436 131.01299467629408,31.221738985692184,123.40394066463789 131.012998595481,31.22173828355412,123.26746997542628 131.01300251335851,31.22173758177757,123.12996451092928 131.01300642990273,31.221736880387063,122.9914154691277 131.01301034509015,31.22173617940592,122.8518143849219 131.01301425889773,31.221735478856168,122.71115313808028 131.01301817130303,31.221734778758563,122.56942399399232 131.01302208228427,31.22173407913243,122.42661962454062 131.01302599182034,31.2217333799956,122.2827331279788 131.01302989989105,31.221732681364408,122.13775805676316 131.01303380647698,31.22173198325363,121.99168842550156 131.0130377115598,31.221731285676388,121.84451875170906 131.01304161512215,31.22173058864415,121.69624404984027 131.01304551714796,31.22172989216667,121.54685986309876 131.01304941762217,31.22172919625199,121.3963622703936 131.01305331653109,31.22172850090636,121.2447478962792 131.0130572138624,31.221727806134293,121.09201392785413 131.0130611096052,31.22172711193845,120.9381581207238 131.01306500374997,31.22172641831973,120.78317879701387 131.0130688962888,31.221725725277214,120.62707486922632 131.0130727872154,31.2217250328082,120.46984582135492 131.013076676525,31.221724340908143,120.31149172379456 131.01308056421453,31.221723649570787,120.1520132303622 131.01308445028266,31.22172295878808,119.99141156636908 131.0130883347297,31.22172226855025,119.82968853557996 131.01309221755784,31.22172157884584,119.66684651126988 131.01309609877092,31.22172088966173,119.50288841733853 131.01309997837464,31.2217202009832,119.33781773228908 131.01310385637643,31.22171951279395,119.17163847034372 131.01310773278556,31.22171882507623,119.00435516057236 131.013111607613,31.221718137810782,118.83597285683464 131.0131154808716,31.22171745097704,118.6664970841057 131.0131193525758,31.221716764553086,118.49593384941394 131.01312322274185,31.221716078515776,118.32428961401092 131.01312709138756,31.22171539284082,118.15157126255994 131.01313095853243,31.221714707502866,117.97778608922336 131.01313482419766,31.22171402247552,117.80294177380864 131.01313868840566,31.221713337731547,117.62704635394049 131.0131425511805,31.221712653242864,117.450108190272 131.01314641254754,31.22171196898069,117.27213596450176 131.01315027253352,31.2217112849156,117.09313861774648 131.01315413116632,31.221710601017666,116.91312534358786 131.01315798847497,31.22170991725653,116.73210556024284 131.01316184448953,31.221709233601505,116.55008885689016 131.013165699241,31.221708550021656,116.36708498771024 131.01316955276118,31.221707866485943,116.18310382616296 131.0131734050826,31.221707182963303,115.99815533218968 131.01317725623835,31.22170649942272,115.81224953134124 131.01318110626215,31.221705815833392,115.62539646905688 131.013184955188,31.22170513216476,115.43760618780496 131.01318880305004,31.22170444838666,115.24888868334897 131.0131926498828,31.221703764469428,115.05925388785332 131.0131964957206,31.22170308038393,114.8687116271421 131.0132003405977,31.221702396101744,114.67727159187616 131.01320418454827,31.22170171159516,114.4849433027656 131.01320802760583,31.22170102683737,114.29173609069124 131.0132118698036,31.22170034180247,114.0976590509819 131.0132157111742,31.221699656465614,113.90272102353752 131.01321955174947,31.22169897080304,113.70693057096156 131.0132233915603,31.221698284792154,113.510295939797 131.0132272306368,31.22169759841169,113.31282503667168 131.01323106900787,31.221696911641708,113.11452540841874 131.01323490670129,31.22169622446362,112.91540421225848 131.01323874374344,31.22169553686035,112.71546819989472 131.0132425801594,31.221694848816327,112.51472368769517 131.0132464159728,31.22169416031757,112.31317654377048 131.01325025120548,31.22169347135172,112.11083217107613 131.01325408587783,31.22169278190805,111.90769548256289 131.01325792000833,31.22169209197761,111.70377088924826 131.0132617536138,31.221691401553144,111.49906229822912 131.01326558670894,31.221690710629183,111.29357308186702 131.0132694193067,31.22169001920203,111.08730608275668 131.01327325141793,31.22168932726977,110.88026359384725 131.01327708305135,31.22168863483233,110.6724473693738 131.0132809142137,31.221687941891407,110.46385860100176 131.0132847449096,31.221687248450507,110.25449792577676 131.01328857514133,31.22168655451495,110.04436542513017 131.01329240490912,31.221685860091785,109.83346061791866 131.01329623421097,31.221685165189868,109.62178248229228 131.01330006304272,31.22168446981973,109.40932943879388 131.01330389139795,31.221683773993604,109.19609936526712 131.01330771926808,31.22168307772533,108.9820896117656 131.01331154664229,31.22168238103041,108.76729700253895 131.0133153735077,31.2216816839258,108.55171785093908 131.01331919984935,31.221680986429995,108.33534797433096 131.01332302565004,31.22168028856288,108.11818270899757 131.0133268508906,31.22167959034572,107.9002169270382 131.01333067554992,31.22167889180104,107.68144505326256 131.01333449960492,31.22167819295256,107.461861083081 131.01333832303072,31.22167749382512,107.24145862126848 131.01334214580055,31.221676794444576,107.02023087997398 131.01334596788607,31.22167609483776,106.79817071748376 131.01334978925712,31.22167539503232,106.57527066207572 131.0133536098822,31.22167469505672,106.3515229398485 131.01335742972827,31.22167399494001,106.12691950155693 131.01336124876096,31.22167329471188,105.90145204646691 131.0133650669447,31.221672594402406,105.67511205813544 131.01336888424277,31.221671894042085,105.4478908372117 131.01337270061745,31.221671193661617,105.21977951534991 131.01337651603015,31.221670493291874,104.99076911484806 131.0133803304415,31.221669792963787,104.760850552621 131.01338414381152,31.22166909270824,104.53001469387516 131.0133879560997,31.221668392555912,104.2982523699976 131.01339176726523,31.22166769253724,104.0655544193097 131.01339557726695,31.22166699268229,103.8319117158904 131.01339938606367,31.221666293020647,103.59731520138276 131.01340319361424,31.221665593581328,103.36175591978213 131.01340699987773,31.22166489439265,103.1252250512314 131.01341080481353,31.221664195482223,102.88771393587577 131.0134146083814,31.221663496876733,102.6492141116324 131.01341841054176,31.221662798601944,102.40971733705344 131.01342221125591,31.221662100682543,102.16921563108326 131.01342601048583,31.2216614031421,101.9277012859808 131.0134298081947,31.22166070600297,101.6851669060844 131.01343360434677,31.22166000928624,101.44160543464972 131.0134373989076,31.221659313011607,101.1970101727358 131.01344119184424,31.221658617197328,100.95137480504742 131.01344498312525,31.221657921860185,100.7046934158412 131.01344877272086,31.221657227015367,100.456960523714 131.01345256060313,31.22165653267648,100.20817108359176 131.01345634674598,31.22165583885543,99.95832052251454 131.01346013112547,31.22165514556247,99.70740473963563 131.0134639137197,31.22165445280608,99.45542013107396 131.01346769450896,31.22165376059295,99.20236359388934 131.01347147347593,31.221653068928,98.94823254000052 131.0134752506056,31.221652377814287,98.69302491407804 131.01347902588554,31.221651687253104,98.43673918161645 131.01348279930576,31.221650997243845,98.1793743557746 131.0134865708589,31.22165030778411,97.92092998047887 131.0134903405402,31.221649618869645,97.66140614732272 131.0134941083476,31.22164893049439,97.40080348662148 131.01349787428177,31.221648242650488,97.1391231604567 131.01350163834607,31.22164755532831,96.87636687560013 131.01350540054673,31.22164686851653,96.61253686065224 131.0135091608925,31.22164618220209,96.34763586405748 131.01351291939503,31.22164549637028,96.08166714615348 131.01351667606863,31.22164481100484,95.81463446227464 131.01352043093027,31.22164412608791,95.54654205480284 131.0135241839996,31.22164344160023,95.27739463428296 131.01352793529887,31.221642757521074,95.0071973674964 131.01353168485275,31.221642073828423,94.73595585460212 131.01353543268849,31.22164139049898,94.46367610726956 131.01353917883563,31.221640707508275,94.19036453774748 131.01354292332604,31.2216400248308,93.91602792009908 131.01354666619375,31.221639342440003,93.64067338622768 131.01355040747487,31.221638660308468,93.36430838611992 131.01355414720743,31.22163797840797,93.0869406659785 131.0135578854312,31.221637296709577,92.80857824039154 131.01356162218778,31.22163661518377,92.52922936251538 131.01356535752026,31.22163593380055,92.2489025041948 131.01356909147304,31.22163525252952,91.96760631521168 131.01357282409185,31.221634571340005,91.68534959843544 131.01357655542333,31.22163389020116,91.40214127901146 131.01358028551516,31.221633209082103,91.11799036261264 131.01358401441567,31.221632527952,90.83290593246024 131.0135877421737,31.221631846780177,90.54689708272562 131.01359146883854,31.22163116553624,90.25997290560927 131.01359519445953,31.221630484190136,89.97214245655145 131.01359891908604,31.22162980271236,89.68341472640213 131.01360264276727,31.22162912107401,89.3937986026532 131.01360636555202,31.22162843924683,89.10330283862613 131.01361008748844,31.221627757203407,88.81193603458678 131.01361380862403,31.22162707491721,88.51970659201963 131.01361752900527,31.22162639236272,88.22662268977348 131.01362124867757,31.22162570951553,87.93269226417993 131.0136249676849,31.221625026352413,87.6379229702882 131.01362868606992,31.221624342851367,87.3423221609899 131.0136324038736,31.22162365899179,87.04589685620452 131.01363612113502,31.22162297475448,86.74865372598131 131.0136398378914,31.22162229012179,86.45059906664171 131.01364355417775,31.22162160507757,86.15173876897084 131.013647270027,31.22162091960736,85.85207830927075 131.01365098546947,31.221620233698346,85.5516227225202 131.01365470053312,31.22161954733948,85.25037660038718 131.01365841524327,31.221618860521502,84.94834404649532 131.01366212962245,31.22161817323692,84.64552869829292 131.01366584369035,31.221617485480127,84.34193368231952 131.01366955746388,31.22161679724737,84.03756163010927 131.01367327095687,31.22161610853685,83.73241465035704 131.01367698418005,31.22161541934856,83.42649433587533 131.01368069714107,31.221614729684458,83.11980174868131 131.0136844098446,31.221614039548378,82.8123374239726 131.01368812229185,31.22161334894608,82.5041013691302 131.01369183448105,31.22161265788513,82.19509305974134 131.01369554640715,31.221611966374965,81.88531144854393 131.0136992580619,31.221611274426795,81.57475496343594 131.01370296943392,31.22161058205366,81.2634215293425 131.01370668050865,31.22160988927027,80.95130855429741 131.0137103912684,31.221609196092995,80.63841295926187 131.01371410169244,31.22160850253983,80.32473117812243 131.01371781175706,31.221607808630303,80.01025919248013 131.01372152143563,31.221607114385435,79.69499251971979 131.01372523069867,31.22160641982756,79.37892624680492 131.013728939514,31.22160572498039,79.06205505413315 131.0137326478468,31.22160502986885,78.74437322547325 131.01373635565974,31.221604334518968,78.4258746807673 131.01374006291303,31.22160363895781,78.10655298606846 131.01374376956477,31.22160294321332,77.78640139429437 131.01374747557085,31.221602247314383,77.46541287107073 131.01375118088532,31.221601551290505,77.14358010367505 131.01375488546023,31.2216008551718,76.82089555371934 131.01375858924635,31.221600158988927,76.49735147305256 131.01376229219272,31.22159946277292,76.17293994053868 131.01376599424728,31.221598766555008,75.84765288889422 131.01376969535673,31.22159807036665,75.5214821315255 131.01377339546713,31.22159737423929,75.19441941322361 131.01377709452368,31.22159667820431,74.86645642507357 131.01378079247124,31.221595982292847,74.53758484023875 131.01378448925422,31.22159528653572,74.20779635571004 131.01378818481717,31.22159459096338,73.87708272013731 131.0137918791047,31.221593895605626,73.5454357566918 131.01379557206167,31.22159320049164,73.21284740978646 131.01379926363373,31.22159250564981,72.87930977588942 131.01380295376714,31.22159181110768,72.54481512042332 131.01380664240915,31.22159111689172,72.20935592547923 131.0138103295083,31.221590423027354,71.87292490273857 131.0138140150144,31.22158972953885,71.5355150411877 131.01381769887897,31.22158903644912,71.19711962202928 131.01382138105524,31.22158834377972,70.85773224452707 131.0138250614985,31.221587651550795,70.51734685781656 131.01382874016608,31.22158695978088,70.17595778178001 131.0138324170177,31.22158626848695,69.8335597209646 131.01383609201577,31.22158557768428,69.49014780732702 131.01383976512503,31.221584887386392,69.14571759824648 131.01384343631335,31.22158419760504,68.80026509640689 131.01384710555135,31.2215835083501,68.45378678061387 131.01385077281293,31.221582819629607,68.10627960480151 131.01385443807507,31.22158213144964,67.75774101195184 131.0138581013181,31.221581443814337,67.40816894403531 131.01386176252595,31.22158075672592,67.05756186388311 131.01386542168575,31.221580070184547,66.70591874127159 131.01386907878856,31.221579384188484,66.35323906584688 131.01387273382875,31.221578698734007,65.99952285806147 131.01387638680472,31.221578013815385,65.6447706443247 131.01388003771828,31.221577329425,65.28898348086257 131.01388368657518,31.22157664555332,64.93216294477308 131.0138873333848,31.221575962188886,64.57431110619497 131.01389097816028,31.22157527931847,64.21543055316097 131.0138946209185,31.22157459692705,63.85552435382624 131.01389826167983,31.221573914997865,63.49459605746453 131.01390190046848,31.221573233512498,63.13264968850593 131.01390553731187,31.22157255245097,62.769689708764815 131.01390917224109,31.22157187179176,62.40572101644819 131.0139128052904,31.22157119151196,62.04074892925836 131.01391643649734,31.22157051158732,61.67477915159172 131.01392006590245,31.221569831992337,61.30781775664697 131.01392369354923,31.2215691527004,60.939871179469165 131.0139273194839,31.221568473683828,60.57094615929598 131.01393094375535,31.22156779491407,60.20104974353526 131.01393456641472,31.221567116361737,59.83018924303476 131.0139381875155,31.22156643799672,59.458372212202 131.01394180711307,31.22156575978839,59.08560642415424 131.01394542526464,31.22156508170565,58.71189981405824 131.01394904202894,31.221564403717068,58.33726048807834 131.0139526574661,31.221563725791004,57.96169666472778 131.01395627163717,31.22156304789576,57.58521664405338 131.0139598846042,31.22156236999968,57.207828793719706 131.0139634964297,31.221561692071244,56.82954149234812 131.01396710717663,31.22156101407934,56.45036312255908 131.01397071690795,31.22156033599318,56.07030201232196 131.01397432568635,31.22155965778257,55.68936642402157 131.0139779335742,31.22155897941801,55.30756451867099 131.01398154063307,31.221558300870736,54.92490430223234 131.0139851469237,31.221557622112982,54.54139363953374 131.01398875250536,31.22155694311792,54.15704016977256 131.01399235743617,31.221556263859924,53.77185132540249 131.01399596177225,31.22155558431457,53.3858342675188 131.01399956556793,31.22155490445881,52.99899588585709 131.01400316887535,31.221554224271,52.611342751077 131.0140067717441,31.221553543731044,52.22288110183838 131.0140103742214,31.22155286282048,51.83361681597216 131.01401397635135,31.221552181522487,51.44355539258553 131.01401757817527,31.221551499822088,51.052701924226206 131.01402117973117,31.221550817706056,50.661061079982346 131.01402478105376,31.22155013516312,50.268637096533446 131.01402838217413,31.221549452183886,49.87543374733296 131.01403198311982,31.221548768761025,49.48145434161178 131.0140355839145,31.221548084889136,49.08670170250717 131.01403918457808,31.22154740056492,48.69117816805445 131.01404278512632,31.221546715787124,48.294885565338994 131.01404638557108,31.22154603055656,47.89782523037599 131.0140499859199,31.2215453448761,47.49999797530316 131.01405358617643,31.22154465875069,47.10140410925461 131.01405718633987,31.22154397218735,46.70204342543539 131.0140607864054,31.221543285195057,46.30191520608964 131.01406438636383,31.22154259778484,45.901018237409794 131.01406798620195,31.221541909969584,45.49935079462267 131.01407158590243,31.22154122176418,45.09691067578638 131.01407518544377,31.22154053318524,44.69369518389448 131.01407878480055,31.221539844251254,44.28970117359582 131.0140823839435,31.22153915498229,43.88492503429288 131.0140859828395,31.22153846540012,43.47936272493264 131.0140895814518,31.22153777552798,43.07300978891595 131.01409317974003,31.221537085390548,42.66586136602474 131.01409677766074,31.22153639501388,42.257912236159775 131.014100375167,31.221535704425143,41.849156809397954 131.01410397220903,31.221535013652726,41.43958918265402 131.01410756873423,31.221534322725947,41.02920315061384 131.0141111646874,31.221533631675,40.61799222760267 131.01411476001098,31.22153294053084,40.20594970027109 131.01411835464523,31.22153224932504,39.793068630575966 131.0141219485286,31.22153155808964,39.37934189554272 131.0141255415979,31.22153086685708,38.964762238957874 131.01412913378843,31.22153017565996,38.54932227037362 131.0141327250346,31.221529484531,38.13301451481221 131.01413631526978,31.22152879350291,37.71583146147624 131.0141399044269,31.221528102608143,37.29776556175981 131.0141434924386,31.221527411878856,36.878809292870976 131.01414707923752,31.22152672134678,36.45895517771316 131.0141506647566,31.221526031043023,36.03819583061479 131.0141542489294,31.22152534099799,35.61652395732803 131.01415783169023,31.221524651241204,35.193932438535555 131.01416141297483,31.221523961801303,34.770414318914575 131.01416499272014,31.22152327270576,34.34596285783754 131.01416857086485,31.221522583980853,33.92057154627242 131.0141721473496,31.221521895651552,33.494234155495334 131.01417572211753,31.22152120774142,33.066944746038075 131.01417929511405,31.22152052027248,32.63869770248365 131.01418286628743,31.22151983326512,32.20948776130253 131.01418643558893,31.22151914673804,31.779310019801034 131.01419000297298,31.221518460708143,31.34815997787598 131.0141935683975,31.22151777519049,30.91603353901024 131.0141971318241,31.221517090198216,30.48292704805097 131.01420069321813,31.22151640574248,30.048837284252887 131.014204252549,31.22151572183237,29.613761498062576 131.01420780979026,31.22151503847497,29.177697406149736 131.01421136491976,31.221514355675247,28.74064320632163 131.0142149179198,31.221513673436025,28.302597594424977 131.01421846877713,31.221512991758026,27.86355975440724 131.01422201748315,31.221512310639817,27.42352938018965 131.01422556403395,31.22151163007788,26.982506653798897 131.01422910843036,31.221510950066527,26.54049226922852 131.01423265067783,31.22151027059807,26.09748741156464 131.01423619078676,31.22150959166272,25.653493758976985 131.01423972877208,31.22150891324869,25.20851347775028 131.01424326465352,31.22150823534229,24.76254920339848 131.01424679845547,31.221507557927904,24.31560404265553 131.0142503302068,31.22150688098812,23.86768154763013 131.01425385994096,31.221506204503807,23.418785713820032 131.01425738769566,31.22150552845421,22.968920946313627 131.01426091351283,31.22150485281699,22.51809205382749 131.01426443743853,31.221504177568374,22.06630422087268 131.01426795952247,31.22150350268325,21.6135629908566 131.01427147981835,31.221502828135364,21.15987424421382 131.01427499838314,31.22150215389725,20.70524415963669 131.01427851527708,31.22150147994053,20.24967920314147 131.01428203056355,31.221500806236023,19.79318610222249 131.01428554430848,31.2215001327538,19.335771795152287 131.0142890565803,31.22149945946333,18.87744342501817 131.0142925674499,31.221498786333783,18.41820830194623 131.01429607698975,31.221498113333944,17.95807386532468 131.01429958527413,31.221497440432515,17.497047667898666 131.01430309237853,31.221496767598207,17.035137330040403 131.0143065983795,31.22149609479988,16.572350510919268 131.01431010335426,31.22149542200676,16.10869488961382 131.01431360738036,31.22149474918848,15.644178108445276 131.01431711053536,31.221494076315327,15.178807768007264 131.01432061289665,31.221493403358306,14.712591376463717 131.01432411454093,31.22149273028936,14.245536337619193 131.0143276155441,31.22149205708145,13.777649903199077 131.01433111598078,31.22149138370873,13.308939153960107 131.01433461592413,31.221490710146647,12.839410970859246 131.01433811544555,31.221490036372124,12.369072010198993 131.01434161461435,31.22148936236364,11.897928672807565 131.01434511349757,31.221488688101346,11.425987085148709 131.01434861215972,31.22148801356721,10.953253079437408 131.0143521106625,31.22148733874517,10.479732163813562 131.01435560906464,31.22148666362113,10.005429514387334 131.0143591074217,31.22148598818313,9.530349952371727 131.0143626057861,31.22148531242149,9.05449793911012 131.01436610420663,31.221484636328807,8.577877550226201 131.01436960272875,31.22148395990008,8.100492483575339 131.0143731013943,31.221483283132848,7.622346038365293 131.01437660024146,31.221482606027184,7.14344113006659 131.01438009930493,31.221481928585856,6.663780267544743 131.0143835985112,31.221481250763127,6.183358872262909 131.0143870978856,31.22148057256633,5.702178591134934 131.01439059740292,31.2214798939826,5.220237658098855 131.01439409703983,31.221479215004617,4.737534306087261 131.0143975967678,31.22147853562717,4.254066275907114 131.01440109655294,31.22147785584709,3.769830852027358 131.01440459635643,31.221477175663324,3.2848248645647367 131.0144080961345,31.22147649507692,2.7990447071764866 131.01441159583865,31.22147581409101,2.312486349982153 131.01441509541584,31.22147513271091,1.8251453604390104 131.01441859480872,31.221474450943965,1.3370169281942244 131.0144220939558,31.22147376879961,0.8480958819837607 131.01442559279178,31.221473086289272,0.3583767174673646 131.01442909124782,31.221472403426407,-0.1321463789130014</coordinates>
            </LineString>
        </Placemark>
        <Placemark id="177">
            <name>flight_path</name>
            <styleUrl>#178</styleUrl>
            <LineString id="176">
                <altitudeMode>clampToGround</altitudeMode>
                <coordinates>131.010392,31.222216000000007,0.0 131.0103920000045,31.222215999991075,0.0 131.0103920000085,31.222215999994766,0.0 131.0103920000085,31.222215999994766,0.0 131.01039200000852,31.222215999994766,0.0 131.01039201539675,31.22221599246117,0.0 131.0103920617776,31.22221596990869,0.0 131.01039213193175,31.22221593580231,0.0 131.01039220552698,31.222215900001803,0.0 131.0103923261533,31.222215841380503,0.0 131.01039241011944,31.222215800500727,0.0 131.01039255023213,31.22221573238213,0.0 131.0103926908424,31.222215663995925,0.0 131.01039284206664,31.22221559043897,0.0 131.01039301222698,31.2222155076778,0.0 131.01039319835945,31.22221541714896,0.0 131.01039339622227,31.222215320908244,0.0 131.0103936086097,31.222215217601374,0.0 131.01039382835415,31.2222151107022,0.0 131.0103940692252,31.222214993537087,0.0 131.0103943154942,31.22221487372917,0.0 131.0103945800907,31.22221474501192,0.0 131.01039485370347,31.222214611898128,0.0 131.01039513986652,31.222214472675024,0.0 131.01039544418495,31.22221432462593,0.0 131.01039575462735,31.22221417358214,0.0 131.01039608061367,31.222214014978025,0.0 131.01039641907315,31.22221385030192,0.0 131.01039677261693,31.22221367828824,0.0 131.01039713608534,31.22221350143773,0.0 131.010397517966,31.22221331563664,0.0 131.01039790540767,31.22221312711366,0.0 131.01039830590005,31.22221293223868,0.0 131.01039871921526,31.222212731122088,0.0 131.01039914602634,31.222212523437697,0.0 131.0103995843797,31.222212310132328,0.0 131.01040002919007,31.222212093670787,0.0 131.010400488852,31.222211869984235,0.0 131.01040096154043,31.222211639957216,0.0 131.01040144391652,31.222211405208075,0.0 131.01040193996343,31.222211163806087,0.0 131.01040244347448,31.22221091875968,0.0 131.01040295825328,31.222210668225145,0.0 131.01040348638034,31.22221041119396,0.0 131.01040402793237,31.222210147628825,0.0 131.0104045774418,31.22220988018005,0.0 131.0104051377902,31.2222096074508,0.0 131.01040571307726,31.222209327453587,0.0 131.01040630329675,31.222209040191352,0.0 131.01040689520636,31.22220875208352,0.0 131.01040750096558,31.22220845723537,0.0 131.0104081214021,31.222208155245536,0.0 131.01040875222748,31.222207848192888,0.0 131.01040938861175,31.222207538419,0.0 131.0104100415545,31.222207220590928,0.0 131.01041070492113,31.22220689768276,0.0 131.0104113765162,31.222206570758807,0.0 131.0104120627253,31.222206242045488,0.0 131.0104127512789,31.22220590206889,0.0 131.01041345144623,31.222205558880656,0.0 131.0104141671983,31.222205205708487,0.0 131.0104148855056,31.222204849570403,0.0 131.01041561299272,31.22220448727201,0.0 131.01041635326175,31.222204117081134,0.0 131.01041710801294,31.222203738213263,0.0 131.0104178582489,31.22220335976085,0.0 131.010418621092,31.222202973596783,0.0 131.01041940447635,31.22220257609624,0.0 131.0104201895788,31.222202176115985,0.0 131.01042097918017,31.22220177234736,0.0 131.0104217843199,31.222201359845965,0.0 131.0104226022337,31.22220094001617,0.0 131.01042342483768,31.22220051650062,0.0 131.01042425500148,31.2222000880732,0.0 131.0104251001569,31.222199651695664,0.0 131.01042596098108,31.222199207298125,0.0 131.01042681926398,31.22219876241625,0.0 131.01042769575736,31.222198308727524,0.0 131.0104285823103,31.22219784970964,0.0 131.01042947779777,31.222197385889388,0.0 131.0104303800261,31.22219691817089,0.0 131.01043130342848,31.2221964414914,0.0 131.01043223643998,31.2221959602352,0.0 131.01043317132468,31.22219547706441,0.0 131.0104341272102,31.22219498569996,0.0 131.010435100413,31.22219448772828,0.0 131.01043607130904,31.222193989386863,0.0 131.0104370613532,31.2221934841444,0.0 131.01043806824168,31.22219297306452,0.0 131.0104390847709,31.222192458377023,0.0 131.01044011218002,31.22219193982124,0.0 131.01044115688055,31.22219141589668,0.0 131.01044221795004,31.22219088710945,0.0 131.01044328470843,31.222190356213023,0.0 131.01044437383285,31.22218981938828,0.0 131.0104454825367,31.2221892776322,0.0 131.01044659548023,31.222188734412928,0.0 131.01044773750368,31.222188184646065,0.0 131.01044889265623,31.2221876319098,0.0 131.0104500519139,31.22218707794577,0.0 131.01045124315658,31.22218651778786,0.0 131.0104524509046,31.222185954577835,0.0 131.01045367360675,31.22218538866388,0.0 131.0104549194643,31.22218481890283,0.0 131.01045617705293,31.22218424724923,0.0 131.01045744859428,31.222183673453696,0.0 131.0104587571801,31.22218309459475,0.0 131.0104600608044,31.222182516435392,0.0 131.010461403343,31.22218193348254,0.0 131.01046276919368,31.222181348034773,0.0 131.0104641398601,31.222180762212368,0.0 131.0104655338653,31.22218017407916,0.0 131.01046698179755,31.22217958098964,0.0 131.01046842843863,31.222178988448665,0.0 131.0104698766044,31.222178395963265,0.0 131.0104713932948,31.22217779823976,0.0 131.01047289189054,31.22217720245088,0.0 131.01047442372123,31.22217660461081,0.0 131.01047603278548,31.22217600225676,0.0 131.0104775814444,31.222175404285046,0.0 131.01047920804433,31.22217480216432,0.0 131.0104808784004,31.22217419853441,0.0 131.01048249880955,31.222173598005973,0.0 131.010484222005,31.22217299335516,0.0 131.010485930706,31.222172390215103,0.0 131.01048764606247,31.222171787449604,0.0 131.01048945385375,31.222171182297785,0.0 131.010491228838,31.222170579118536,0.0 131.01049303183984,31.222169975844608,0.0 131.01049491635604,31.222169371450686,0.0 131.01049675823663,31.222168768979607,0.0 131.01049866367316,31.222168166066005,0.0 131.0105006047398,31.22216756357041,0.0 131.01050251830063,31.22216696242024,0.0 131.01050453556496,31.2221663609268,0.0 131.01050651882068,31.222165760880326,0.0 131.01050853216708,31.222165161500865,0.0 131.010510639477,31.22216456258211,0.0 131.01051269358803,31.222163965032607,0.0 131.0105148073584,31.222163368240704,0.0 131.01051698523509,31.222162772434817,0.0 131.010519117634,31.22216217775824,0.0 131.01052134387908,31.22216158412681,0.0 131.0105235549178,31.22216099160067,0.0 131.01052578305843,31.222160400151168,0.0 131.01052811708664,31.222159810053668,0.0 131.010530392092,31.222159220890184,0.0 131.01053271898212,31.22215863293,0.0 131.01053513763463,31.222158046360736,0.0 131.01053747445243,31.222157460570426,0.0 131.01053992978547,31.22215687620629,0.0 131.01054238289768,31.22215629286173,0.0 131.01054482231487,31.222155710493727,0.0 131.01054738025175,31.222155129368712,0.0 131.01054988227096,31.22215454910821,0.0 131.0105524410503,31.22215396985743,0.0 131.01055505504132,31.222153391485566,0.0 131.01055762738432,31.222152814054684,0.0 131.01056030061974,31.222152237241616,0.0 131.01056294704017,31.22215166131033,0.0 131.01056561059238,31.222151086123503,0.0 131.01056836834329,31.222150510993004,0.0 131.01057107368686,31.22214993697345,0.0 131.01057383523255,31.22214936309661,0.0 131.01057663737947,31.22214878927308,0.0 131.0105794113076,31.222148216432128,0.0 131.01058229375357,31.22214764227704,0.0 131.0105851212551,31.2221470695556,0.0 131.01058799034175,31.22214649646195,0.0 131.0105909537913,31.222145921329734,0.0 131.01059382839574,31.22214534881732,0.0 131.01059681791284,31.22214477326723,0.0 131.01059977511017,31.22214419880443,0.0 131.0106027541403,31.22214362377237,0.0 131.01060580839692,31.222143045831288,0.0 131.010608808745,31.22214247003028,0.0 131.01061189797417,31.22214189025804,0.0 131.0106149699753,31.222141311014244,0.0 131.0106180459711,31.222140731425124,0.0 131.01062120820012,31.2221401467962,0.0 131.01062430778128,31.222139565298207,0.0 131.01062749066904,31.22213897837916,0.0 131.0106306582166,31.2221383917888,0.0 131.0106338364484,31.222137803946097,0.0 131.01063708942945,31.222137210042323,0.0 131.010640280032,31.22213661995745,0.0 131.01064356443615,31.222136021847568,0.0 131.01064680859875,31.222135425971526,0.0 131.01065008262145,31.22213482672367,0.0 131.0106534115851,31.22213422154308,0.0 131.01065668675105,31.222133620095487,0.0 131.01066004837983,31.22213300946824,0.0 131.01066337467992,31.22213240090461,0.0 131.0106667253532,31.222131788727864,0.0 131.0106701329341,31.222131169343413,0.0 131.0106734813541,31.22213055470923,0.0 131.01067691991804,31.22212992909516,0.0 131.0106803225023,31.222129305815525,0.0 131.01068374557144,31.222128678824543,0.0 131.01068720453387,31.222128046231223,0.0 131.01069062843897,31.222127416059514,0.0 131.01069413193375,31.22212677514826,0.0 131.0106975903175,31.22212613783666,0.0 131.0107010868166,31.222125494496133,0.0 131.01070460039523,31.222124847523663,0.0 131.01070808611686,31.22212420224444,0.0 131.01071166352344,31.222123544566657,0.0 131.01071517056275,31.22212289360568,0.0 131.01071874521148,31.222122233173128,0.0 131.0107223091847,31.2221215724891,0.0 131.01072586708156,31.22212091102983,0.0 131.01072949073077,31.22212024063265,0.0 131.0107330614398,31.222119574871403,0.0 131.01073670470055,31.22211889968948,0.0 131.01074031829867,31.222118226549785,0.0 131.0107439487315,31.22211755036957,0.0 131.01074762184248,31.222116868617366,0.0 131.01075124963683,31.22211619049388,0.0 131.01075496887788,31.222115502231887,0.0 131.0107586350011,31.2221148183657,0.0 131.01076235951945,31.22211412811708,0.0 131.0107660682334,31.22211343867132,0.0 131.0107697772386,31.222112748512284,0.0 131.0107735428119,31.22211205302017,0.0 131.0107772632169,31.22211136085931,0.0 131.01078108069404,31.22211066068316,0.0 131.01078484375927,31.22210996451741,0.0 131.01078864780027,31.222109265113847,0.0 131.01079247861455,31.222108563878887,0.0 131.01079627052587,31.22210786521657,0.0 131.0108001410989,31.222107161711754,0.0 131.0108039993445,31.222106459299773,0.0 131.01080783555847,31.222105758327697,0.0 131.01081172193946,31.22210505501428,0.0 131.010815641954,31.222104350621272,0.0 131.01081954371023,31.222103647675084,0.0 131.01082344803413,31.22210294513838,0.0 131.01082739447213,31.222102241550168,0.0 131.0108313508623,31.22210153841692,0.0 131.01083530659082,31.222100836127783,0.0 131.01083927017748,31.22210013442048,0.0 131.01084326118135,31.22209943280284,0.0 131.01084725821016,31.22209873203557,0.0 131.0108512604818,31.222098032157792,0.0 131.01085527600554,31.222097333021168,0.0 131.010859302973,31.222096634744712,0.0 131.0108633372213,31.222095937467,0.0 131.01086737924632,31.222095241210805,0.0 131.0108714351458,31.22209454590124,0.0 131.01087550265234,31.22209385162065,0.0 131.01087958052045,31.222093158412594,0.0 131.01088366429715,31.222092466359967,0.0 131.0108877538456,31.222091775468552,0.0 131.01089186214648,31.222091085557768,0.0 131.01089597414818,31.22209039684269,0.0 131.01090009815107,31.22208970919296,0.0 131.01090423113305,31.22208902263587,0.0 131.01090837608527,31.222088337106747,0.0 131.01091252445215,31.22208765269737,0.0 131.01091668437212,31.222086969256782,0.0 131.01092085450065,31.222086286760607,0.0 131.0109250292132,31.222085605251284,0.0 131.01092921642223,31.222084924547463,0.0 131.01093341593412,31.22208424458429,0.0 131.01093761531976,31.22208356553568,0.0 131.0109418279461,31.222082887078315,0.0 131.0109460459863,31.222082209294264,0.0 131.01095027009802,31.22208153210103,0.0 131.01095450146843,31.22208085539064,0.0 131.01095874196002,31.22208017902432,0.0 131.01096298821628,31.222079503006327,0.0 131.01096724249575,31.22207882718177,0.0 131.01097150097075,31.22207815158232,0.0 131.0109757655078,31.22207747605698,0.0 131.01098003248552,31.222076800647017,0.0 131.01098430571656,31.22207612511256,0.0 131.01098858656894,31.222075449284905,0.0 131.0109928706147,31.222074773258,0.0 131.01099715915356,31.222074096884644,0.0 131.01100145180567,31.22207342008537,0.0 131.01100574283174,31.222072743073603,0.0 131.0110100402944,31.22207206532627,0.0 131.011014336927,31.22207138715304,0.0 131.01101864101548,31.22207070797496,0.0 131.01102294344196,31.22207002826,0.0 131.01102725371777,31.222069347316584,0.0 131.01103156181424,31.22206866572402,0.0 131.01103587077475,31.22206798321684,0.0 131.0110401846291,31.222067299419805,0.0 131.01104449910835,31.222066614569325,0.0 131.01104881124388,31.222065928842746,0.0 131.01105312884897,31.222065241565176,0.0 131.01105744483468,31.22206455324104,0.0 131.01106176407595,31.222063863425344,0.0 131.01106608219445,31.222063172438453,0.0 131.0110703991864,31.22206248025129,0.0 131.0110747167136,31.22206178668708,0.0 131.01107903475355,31.222061091718665,0.0 131.0110833517321,31.22206039546853,0.0 131.01108766810955,31.22205969788409,0.0 131.0110919820562,31.22205899912734,0.0 131.01109629883084,31.222058298713726,0.0 131.0111006115713,31.22205759728219,0.0 131.01110492662755,31.222056894259342,0.0 131.01110924048865,31.222056189988088,0.0 131.0111135492767,31.22205548485077,0.0 131.0111178603673,31.222054778199183,0.0 131.0111221689592,31.22205407051036,0.0 131.01112647335788,31.222053361975167,0.0 131.01113078000472,31.22205265206312,0.0 131.01113508146057,31.222051941485752,0.0 131.0111393833706,31.22205122980099,0.0 131.01114368795882,31.222050516888785,0.0 131.01114798668425,31.222049803529785,0.0 131.01115228393496,31.22204908941409,0.0 131.01115657989024,31.2220483746006,0.0 131.01116087783188,31.2220476589119,0.0 131.0111651731737,31.22204694277772,0.0 131.01116946671647,31.222046226204,0.0 131.01117376169725,31.22204550903928,0.0 131.01117805451736,31.22204479161837,0.0 131.0111823451543,31.222044074011816,0.0 131.01118663986625,31.222043355902127,0.0 131.0111909285795,31.22204263800161,0.0 131.0111952247462,31.222041919578874,0.0 131.01119951709765,31.22204120138228,0.0 131.01120381104823,31.222040483173664,0.0 131.011208105401,31.2220397651022,0.0 131.01121240257467,31.222039047128323,0.0 131.0112166998163,31.222038329462645,0.0 131.01122099705603,31.22203761217329,0.0 131.01122529493435,31.222036895301,0.0 131.01122959562346,31.222036178830937,0.0 131.01123389397395,31.22203546302441,0.0 131.01123819579897,31.22203474772608,0.0 131.0112424980009,31.2220340331096,0.0 131.011246800691,31.222033319220543,0.0 131.01125110410507,31.222032606101006,0.0 131.01125541271358,31.222031893677485,0.0 131.01125971783637,31.22203118222756,0.0 131.01126402779855,31.22203047157071,0.0 131.01126834207736,31.222029761769384,0.0 131.01127265624947,31.22202905295322,0.0 131.01127697311887,31.22202834508368,0.0 131.01128129283515,31.222027638183352,0.0 131.01128561645623,31.222026932251968,0.0 131.01128993642388,31.222026227438462,0.0 131.0112942600121,31.222025523617265,0.0 131.01129858607823,31.222024820816625,0.0 131.01130291242964,31.222024119071417,0.0 131.0113072441206,31.22202341829312,0.0 131.01131157345023,31.222022718597167,0.0 131.01131590284052,31.222022019928808,0.0 131.0113202410255,31.22202132212697,0.0 131.0113245805474,31.22202062528968,0.0 131.01132891807555,31.22201992944776,0.0 131.01133326048196,31.222019234452024,0.0 131.01133760489523,31.22201854031528,0.0 131.01134195193157,31.222017846986656,0.0 131.01134630186195,31.22201715441693,0.0 131.01135065412143,31.22201646257052,0.0 131.01135500523233,31.222015771476247,0.0 131.01135935812584,31.222015081019368,0.0 131.01136371231607,31.222014391153817,0.0 131.01136806519298,31.22201370189136,0.0 131.01137241872135,31.222013013124293,0.0 131.0113767816794,31.222012324526272,0.0 131.01138113808693,31.22201163651024,0.0 131.01138549649372,31.22201094876285,0.0 131.01138985829485,31.22201026115711,0.0 131.0113942189814,31.222009573782188,0.0 131.0113985797009,31.222008886535928,0.0 131.01140293781313,31.222008199459296,0.0 131.01140729719515,31.2220075123267,0.0 131.01141165855137,31.222006825027847,0.0 131.0114160157198,31.222006137779463,0.0 131.01142037374373,31.222005450286066,0.0 131.01142473482653,31.222004762356807,0.0 131.01142909574364,31.22200407408508,0.0 131.01143345186873,31.222003385670604,0.0 131.01143780744985,31.222002696825875,0.0 131.01144216607167,31.22200200726797,0.0 131.0114465244149,31.222001317126168,0.0 131.01145088103794,31.2220006264408,0.0 131.01145523548584,31.221999935194507,0.0 131.01145959064365,31.22199924314563,0.0 131.0114639406836,31.22199855064064,0.0 131.01146829384328,31.22199785706784,0.0 131.01147264523905,31.22199716271963,0.0 131.011476997059,31.22199646740349,0.0 131.01148134540136,31.22199577137449,0.0 131.0114856903047,31.22199507460774,0.0 131.01149003650795,31.22199437671228,0.0 131.01149438239955,31.2219936777834,0.0 131.0114987300452,31.22199297763891,0.0 131.0115030728875,31.22199227678711,0.0 131.01150741391655,31.221991574984614,0.0 131.0115117591475,31.22199087173517,0.0 131.01151609836697,31.22199016786604,0.0 131.0115204398709,31.221989462706976,0.0 131.0115247792508,31.221988756623983,0.0 131.0115291130228,31.2219880499151,0.0 131.0115334460707,31.221987342196616,0.0 131.01153777617063,31.22198663366981,0.0 131.0115421037138,31.22198592432641,0.0 131.01154642872856,31.22198521419125,0.0 131.0115507512478,31.22198450329233,0.0 131.01155507130872,31.221983791660698,0.0 131.01155938895283,31.22198307933026,0.0 131.01156370422547,31.221982366337635,0.0 131.0115680171758,31.221981652722,0.0 131.01157232785653,31.221980938524887,0.0 131.01157663632344,31.221980223790016,0.0 131.01158094263556,31.22197950856312,0.0 131.01158524685445,31.22197879289167,0.0 131.0115895490442,31.2219780768248,0.0 131.0115938492711,31.22197736041297,0.0 131.01159814760317,31.22197664370789,0.0 131.01160244411005,31.22197592676224,0.0 131.01160673886275,31.221975209629434,0.0 131.01161103193309,31.221974492363515,0.0 131.01161532339347,31.221973775018814,0.0 131.01161961331687,31.221973057649848,0.0 131.011623901776,31.221972340311083,0.0 131.0116281888435,31.22197162305672,0.0 131.01163247459124,31.221970905940463,0.0 131.01163675909035,31.221970189015444,0.0 131.01164104241087,31.22196947233389,0.0 131.01164532462124,31.22196875594704,0.0 131.01164960578825,31.221968039904898,0.0 131.0116538859768,31.221967324256084,0.0 131.01165816524963,31.221966609047644,0.0 131.01166244366692,31.221965894324924,0.0 131.01166672128636,31.22196518013133,0.0 131.0116709981628,31.22196446650832,0.0 131.01167527434802,31.221963753495064,0.0 131.01167954989077,31.221963041128465,0.0 131.01168382483635,31.221962329442995,0.0 131.01168809922677,31.221961618470548,0.0 131.0116923731004,31.22196090824032,0.0 131.01169664649208,31.22196019877876,0.0 131.0117009194328,31.22195949010941,0.0 131.01170519195,31.221958782252912,0.0 131.01170946406717,31.221958075226887,0.0 131.01171373580402,31.22195736904585,0.0 131.01171800717648,31.221956663721247,0.0 131.01172227819677,31.221955959261376,0.0 131.01172654887318,31.22195525567137,0.0 131.0117308192104,31.2219545529532,0.0 131.01173508920948,31.221953851105656,0.0 131.01173935886783,31.221953150124456,0.0 131.01174362817946,31.22195245000212,0.0 131.0117478971349,31.221951750728163,0.0 131.0117521657215,31.22195105228907,0.0 131.0117564339234,31.221950354668405,0.0 131.01176070172176,31.22194965784686,0.0 131.01176496909488,31.22194896180236,0.0 131.01176923601838,31.22194826651016,0.0 131.0117735024652,31.221947571942984,0.0 131.01177776840595,31.221946878071087,0.0 131.01178203380917,31.22194618486245,0.0 131.01178629864103,31.22194549228284,0.0 131.01179056286605,31.221944800296043,0.0 131.011794826447,31.221944108863912,0.0 131.0117990893451,31.2219434179466,0.0 131.01180335152017,31.22194272750269,0.0 131.0118076129309,31.22194203748933,0.0 131.01181187353515,31.221941347862465,0.0 131.01181613328967,31.221940658576926,0.0 131.01182039215078,31.22193996958666,0.0 131.0118246500743,31.221939280844868,0.0 131.0118289070157,31.22193859230419,0.0 131.01183316293043,31.22193790391689,0.0 131.01183741777388,31.221937215635,0.0 131.01184167150163,31.22193652741048,0.0 131.01184592406972,31.221935839195407,0.0 131.01185017543452,31.221935150942155,0.0 131.01185442555317,31.221934462603546,0.0 131.01185867438352,31.221933774132985,0.0 131.0118629218844,31.22193308548465,0.0 131.01186716801556,31.221932396613656,0.0 131.01187141273795,31.221931707476145,0.0 131.01187565601387,31.221931018029498,0.0 131.01187989780695,31.22193032823247,0.0 131.01188413808225,31.22192963804528,0.0 131.0118883768064,31.221928947429788,0.0 131.0118926139478,31.221928256349617,0.0 131.01189684947644,31.221927564770272,0.0 131.01190108336428,31.22192687265922,0.0 131.01190531558507,31.22192617998603,0.0 131.0119095461146,31.221925486722498,0.0 131.01191377493052,31.22192479284267,0.0 131.01191800201266,31.221924098322965,0.0 131.01192222734286,31.22192340314228,0.0 131.01192645090515,31.221922707282,0.0 131.01193067268568,31.221922010726093,0.0 131.01193489267277,31.22192131346116,0.0 131.0119391108569,31.22192061547644,0.0 131.01194332723085,31.22191991676389,0.0 131.0119475417894,31.221919217318177,0.0 131.0119517545297,31.221918517136647,0.0 131.01195596545088,31.22191781621942,0.0 131.01196017455436,31.22191711456928,0.0 131.01196438184363,31.221916412191742,0.0 131.0119685873242,31.22191570909494,0.0 131.0119727910036,31.221915005289624,0.0 131.01197699289142,31.221914300789138,0.0 131.0119811929991,31.22191359560927,0.0 131.01198539133992,31.221912889768284,0.0 131.01198958792895,31.22191218328677,0.0 131.01199378278295,31.2219114761876,0.0 131.0119979759204,31.2219107684958,0.0 131.0120021673611,31.22191006023847,0.0 131.01200635712644,31.221909351444666,0.0 131.01201054523912,31.22190864214528,0.0 131.01201473172304,31.22190793237296,0.0 131.0120189166032,31.221907222161924,0.0 131.0120230999057,31.221906511547854,0.0 131.01202728165745,31.221905800567782,0.0 131.01203146188612,31.221905089259938,0.0 131.01203564062007,31.22190437766361,0.0 131.01203981788822,31.221903665819,0.0 131.01204399371989,31.221902953767096,0.0 131.0120481681446,31.22190224154952,0.0 131.01205234119217,31.22190152920836,0.0 131.01205651289237,31.221900816786047,0.0 131.01206068327488,31.22190010432524,0.0 131.01206485236926,31.2218993918686,0.0 131.01206902020465,31.221898679458736,0.0 131.01207318680983,31.221897967138016,0.0 131.01207735221303,31.221897254948416,0.0 131.01208151644187,31.22189654293144,0.0 131.01208567952307,31.22189583112789,0.0 131.0120898414826,31.221895119577862,0.0 131.0120940023456,31.221894408320487,0.0 131.01209816213603,31.221893697393902,0.0 131.01210232087683,31.22189298683507,0.0 131.01210647858974,31.22189227667969,0.0 131.01211063529527,31.221891566962054,0.0 131.0121147910127,31.221890857714985,0.0 131.01211894575985,31.221890148969702,0.0 131.01212309955324,31.221889440755728,0.0 131.01212725240802,31.22188873310076,0.0 131.0121314043378,31.221888026030665,0.0 131.01213555535475,31.22188731956932,0.0 131.0121397054697,31.22188661373857,0.0 131.01214385469183,31.22188590855817,0.0 131.01214800302895,31.22188520404569,0.0 131.01215215048737,31.221884500216508,0.0 131.012156297072,31.22188379708371,0.0 131.0121604427864,31.221883094658104,0.0 131.01216458763264,31.22188239294816,0.0 131.01216873161147,31.22188169195996,0.0 131.01217287472247,31.22188099169728,0.0 131.01217701696385,31.221880292161487,0.0 131.0121811583326,31.221879593351584,0.0 131.01218529882476,31.221878895264208,0.0 131.01218943843514,31.22187819789369,0.0 131.01219357715755,31.22187750123203,0.0 131.01219771498504,31.221876805268945,0.0 131.0122018519096,31.221876109991943,0.0 131.01220598792256,31.22187541538636,0.0 131.01221012301443,31.2218747214354,0.0 131.01221425717523,31.22187402812023,0.0 131.01221839039428,31.22187333542005,0.0 131.0122225226605,31.22187264331213,0.0 131.0122266539624,31.22187195177198,0.0 131.01223078428805,31.22187126077336,0.0 131.01223491362543,31.22187057028841,0.0 131.01223904196215,31.221869880287777,0.0 131.0122431692859,31.221869190740662,0.0 131.0122472955841,31.221868501614985,0.0 131.01225142084436,31.221867812877463,0.0 131.01225554505427,31.22186712449376,0.0 131.01225966820155,31.22186643642856,0.0 131.01226379027415,31.221865748645715,0.0 131.0122679112602,31.221865061108392,0.0 131.01227203114817,31.221864373779127,0.0 131.0122761499268,31.22186368662004,0.0 131.01228026758525,31.221862999592847,0.0 131.01228438411303,31.221862312659123,0.0 131.0122884995002,31.22186162578029,0.0 131.01229261373712,31.221860938917825,0.0 131.01229672681475,31.221860252033387,0.0 131.0123008387245,31.221859565088884,0.0 131.0123049494584,31.221858878046625,0.0 131.01230905900897,31.221858190869447,0.0 131.01231316736923,31.22185750352081,0.0 131.01231727453285,31.221856815964944,0.0 131.01232138049403,31.22185612816691,0.0 131.01232548524754,31.22185544009276,0.0 131.0123295887887,31.221854751709607,0.0 131.01233369111344,31.221854062985752,0.0 131.0123377922182,31.221853373890784,0.0 131.01234189210007,31.221852684395618,0.0 131.0123459907565,31.22185199447265,0.0 131.01235008818563,31.221851304095857,0.0 131.01235418438614,31.2218506132408,0.0 131.012358279357,31.221849921884743,0.0 131.01236237309797,31.22184923000676,0.0 131.012366465609,31.22184853758771,0.0 131.01237055689063,31.2218478446104,0.0 131.01237464694378,31.22184715105956,0.0 131.01237873576983,31.221846456921885,0.0 131.01238282337056,31.221845762186167,0.0 131.012386909748,31.221845066843223,0.0 131.01239099490462,31.221844370885982,0.0 131.01239507884318,31.22184367430948,0.0 131.01239916156666,31.221842977110853,0.0 131.01240324307844,31.2218422792894,0.0 131.01240732338195,31.22184158084652,0.0 131.01241140248104,31.22184088178576,0.0 131.0124154803796,31.22184018211272,0.0 131.01241955708167,31.221839481835087,0.0 131.01242363259152,31.221838780962628,0.0 131.0124277069134,31.22183807950703,0.0 131.01243178005163,31.221837377482025,0.0 131.01243585201073,31.22183667490317,0.0 131.01243992279498,31.221835971787936,0.0 131.0124439924088,31.221835268155527,0.0 131.01244806085657,31.221834564026867,0.0 131.01245212814243,31.221833859424528,0.0 131.01245619427058,31.221833154372646,0.0 131.01246025924496,31.221832448896787,0.0 131.0124643230694,31.221831743023937,0.0 131.01246838574744,31.221831036782344,0.0 131.01247244728253,31.22183033020145,0.0 131.01247650767775,31.221829623311784,0.0 131.01248056693595,31.221828916144883,0.0 131.0124846250596,31.22182820873312,0.0 131.01248868205093,31.22182750110968,0.0 131.01249273791174,31.22182679330839,0.0 131.0124967926435,31.22182608536365,0.0 131.01250084624724,31.22182537731026,0.0 131.01250489872362,31.221824669183377,0.0 131.0125089500728,31.221823961018394,0.0 131.01251300029455,31.22182325285075,0.0 131.01251704938824,31.221822544715923,0.0 131.01252109735265,31.221821836649244,0.0 131.01252514418618,31.22182112868584,0.0 131.01252918988675,31.22182042086046,0.0 131.01253323445175,31.221819713207424,0.0 131.01253727787818,31.2218190057605,0.0 131.0125413201626,31.221818298552783,0.0 131.012545361301,31.221817591616613,0.0 131.01254940128902,31.221816884983447,0.0 131.01255344012193,31.221816178683827,0.0 131.0125574777945,31.221815472747195,0.0 131.01256151430113,31.221814767201863,0.0 131.01256554963595,31.221814062074937,0.0 131.01256958379273,31.221813357392183,0.0 131.01257361676488,31.221812653177967,0.0 131.01257764854563,31.22181194945521,0.0 131.0125816791281,31.22181124624528,0.0 131.01258570850496,31.221810543567912,0.0 131.012589736669,31.22180984144123,0.0 131.01259376361276,31.2218091398816,0.0 131.01259778932885,31.22180843890363,0.0 131.01260181380985,31.221807738520106,0.0 131.0126058370484,31.221807038741936,0.0 131.0126098590372,31.2218063395782,0.0 131.0126138797692,31.221805641036017,0.0 131.0126178992375,31.22180494312058,0.0 131.01262191743547,31.22180424583515,0.0 131.0126259343569,31.221803549181026,0.0 131.01262994999573,31.22180285315754,0.0 131.0126339643466,31.221802157762102,0.0 131.0126379774044,31.221801462990168,0.0 131.01264198916468,31.221800768835283,0.0 131.0126459996235,31.221800075289103,0.0 131.01265000877754,31.221799382341416,0.0 131.01265401662414,31.2217986899802,0.0 131.01265802316135,31.22179799819163,0.0 131.01266202838795,31.221797306960177,0.0 131.01266603230343,31.22179661626864,0.0 131.01267003490818,31.22179592609817,0.0 131.01267403620332,31.22179523642844,0.0 131.01267803619083,31.22179454723756,0.0 131.01268203487362,31.221793858502288,0.0 131.01268603225537,31.22179317019805,0.0 131.01269002834067,31.22179248229904,0.0 131.01269402313503,31.22179179477828,0.0 131.01269801664483,31.221791107607725,0.0 131.0127020088773,31.221790420758392,0.0 131.0127059998405,31.22178973420037,0.0 131.01270998954357,31.22178904790304,0.0 131.01271397799607,31.221788361835,0.0 131.01271796520876,31.221787675964368,0.0 131.0127219511929,31.22178699025876,0.0 131.0127259359607,31.221786304685367,0.0 131.01272991952493,31.2217856192112,0.0 131.0127339018991,31.221784933803008,0.0 131.0127378830973,31.22178424842756,0.0 131.01274186313415,31.22178356305164,0.0 131.0127458420249,31.221782877642152,0.0 131.01274981978517,31.221782192166287,0.0 131.01275379643096,31.2217815065916,0.0 131.01275777197873,31.22178082088604,0.0 131.01276174644505,31.22178013501816,0.0 131.01276571984687,31.221779448957136,0.0 131.01276969220115,31.22177876267292,0.0 131.01277366352508,31.22177807613627,0.0 131.01277763383567,31.221777389318884,0.0 131.01278160315,31.22177670219349,0.0 131.01278557148507,31.221776014733905,0.0 131.0127895388576,31.221775326915143,0.0 131.012793505284,31.22177463871345,0.0 131.01279747078047,31.221773950106464,0.0 131.0128014353628,31.22177326107316,0.0 131.0128053990462,31.221772571594023,0.0 131.0128093618455,31.22177188165108,0.0 131.01281332377488,31.221771191227933,0.0 131.01281728484787,31.22177050030984,0.0 131.0128212450774,31.22176980888372,0.0 131.01282520447543,31.22176911693828,0.0 131.01282916305337,31.221768424463903,0.0 131.0128331208216,31.22176773145289,0.0 131.01283707778964,31.22176703789923,0.0 131.01284103396608,31.22176634379884,0.0 131.01284498935854,31.22176564914946,0.0 131.01284894397364,31.221764953950668,0.0 131.0128528978168,31.22176425820393,0.0 131.01285685089255,31.22176356191252,0.0 131.0128608032042,31.221762865081583,0.0 131.01286475475396,31.22176216771805,0.0 131.01286870554287,31.221761469830696,0.0 131.01287265557076,31.22176077142999,0.0 131.01287660483644,31.221760072528166,0.0 131.0128805533373,31.221759373139136,0.0 131.01288450106975,31.22175867327844,0.0 131.0128884480289,31.221757972963182,0.0 131.01289239420868,31.221757272212013,0.0 131.01289633960184,31.22175657104504,0.0 131.0129002842,31.221755869483747,0.0 131.01290422799354,31.221755167550945,0.0 131.0129081709718,31.221754465270685,0.0 131.0129121131229,31.221753762668182,0.0 131.01291605443393,31.221753059769725,0.0 131.01291999489092,31.22175235660257,0.0 131.01292393447883,31.221751653194925,0.0 131.0129278731816,31.221750949575743,0.0 131.01293181098225,31.22175024577473,0.0 131.0129357478629,31.22174954182221,0.0 131.01293968380477,31.221748837749008,0.0 131.01294361878817,31.221748133586363,0.0 131.0129475527928,31.22174742936585,0.0 131.01295148579757,31.22174672511928,0.0 131.0129554177807,31.221746020878523,0.0 131.0129593487198,31.22174531667551,0.0 131.01296327859205,31.22174461254209,0.0 131.01296720737403,31.221743908509893,0.0 131.01297113504205,31.22174320461028,0.0 131.01297506157195,31.22174250087425,0.0 131.01297898693952,31.221741797332253,0.0 131.0129829111201,31.22174109401422,0.0 131.01298683408913,31.221740390949364,0.0 131.012990755822,31.22173968816615,0.0 131.01299467629408,31.221738985692184,0.0 131.012998595481,31.22173828355412,0.0 131.01300251335851,31.22173758177757,0.0 131.01300642990273,31.221736880387063,0.0 131.01301034509015,31.22173617940592,0.0 131.01301425889773,31.221735478856168,0.0 131.01301817130303,31.221734778758563,0.0 131.01302208228427,31.22173407913243,0.0 131.01302599182034,31.2217333799956,0.0 131.01302989989105,31.221732681364408,0.0 131.01303380647698,31.22173198325363,0.0 131.0130377115598,31.221731285676388,0.0 131.01304161512215,31.22173058864415,0.0 131.01304551714796,31.22172989216667,0.0 131.01304941762217,31.22172919625199,0.0 131.01305331653109,31.22172850090636,0.0 131.0130572138624,31.221727806134293,0.0 131.0130611096052,31.22172711193845,0.0 131.01306500374997,31.22172641831973,0.0 131.0130688962888,31.221725725277214,0.0 131.0130727872154,31.2217250328082,0.0 131.013076676525,31.221724340908143,0.0 131.01308056421453,31.221723649570787,0.0 131.01308445028266,31.22172295878808,0.0 131.0130883347297,31.22172226855025,0.0 131.01309221755784,31.22172157884584,0.0 131.01309609877092,31.22172088966173,0.0 131.01309997837464,31.2217202009832,0.0 131.01310385637643,31.22171951279395,0.0 131.01310773278556,31.22171882507623,0.0 131.013111607613,31.221718137810782,0.0 131.0131154808716,31.22171745097704,0.0 131.0131193525758,31.221716764553086,0.0 131.01312322274185,31.221716078515776,0.0 131.01312709138756,31.22171539284082,0.0 131.01313095853243,31.221714707502866,0.0 131.01313482419766,31.22171402247552,0.0 131.01313868840566,31.221713337731547,0.0 131.0131425511805,31.221712653242864,0.0 131.01314641254754,31.22171196898069,0.0 131.01315027253352,31.2217112849156,0.0 131.01315413116632,31.221710601017666,0.0 131.01315798847497,31.22170991725653,0.0 131.01316184448953,31.221709233601505,0.0 131.013165699241,31.221708550021656,0.0 131.01316955276118,31.221707866485943,0.0 131.0131734050826,31.221707182963303,0.0 131.01317725623835,31.22170649942272,0.0 131.01318110626215,31.221705815833392,0.0 131.013184955188,31.22170513216476,0.0 131.01318880305004,31.22170444838666,0.0 131.0131926498828,31.221703764469428,0.0 131.0131964957206,31.22170308038393,0.0 131.0132003405977,31.221702396101744,0.0 131.01320418454827,31.22170171159516,0.0 131.01320802760583,31.22170102683737,0.0 131.0132118698036,31.22170034180247,0.0 131.0132157111742,31.221699656465614,0.0 131.01321955174947,31.22169897080304,0.0 131.0132233915603,31.221698284792154,0.0 131.0132272306368,31.22169759841169,0.0 131.01323106900787,31.221696911641708,0.0 131.01323490670129,31.22169622446362,0.0 131.01323874374344,31.22169553686035,0.0 131.0132425801594,31.221694848816327,0.0 131.0132464159728,31.22169416031757,0.0 131.01325025120548,31.22169347135172,0.0 131.01325408587783,31.22169278190805,0.0 131.01325792000833,31.22169209197761,0.0 131.0132617536138,31.221691401553144,0.0 131.01326558670894,31.221690710629183,0.0 131.0132694193067,31.22169001920203,0.0 131.01327325141793,31.22168932726977,0.0 131.01327708305135,31.22168863483233,0.0 131.0132809142137,31.221687941891407,0.0 131.0132847449096,31.221687248450507,0.0 131.01328857514133,31.22168655451495,0.0 131.01329240490912,31.221685860091785,0.0 131.01329623421097,31.221685165189868,0.0 131.01330006304272,31.22168446981973,0.0 131.01330389139795,31.221683773993604,0.0 131.01330771926808,31.22168307772533,0.0 131.01331154664229,31.22168238103041,0.0 131.0133153735077,31.2216816839258,0.0 131.01331919984935,31.221680986429995,0.0 131.01332302565004,31.22168028856288,0.0 131.0133268508906,31.22167959034572,0.0 131.01333067554992,31.22167889180104,0.0 131.01333449960492,31.22167819295256,0.0 131.01333832303072,31.22167749382512,0.0 131.01334214580055,31.221676794444576,0.0 131.01334596788607,31.22167609483776,0.0 131.01334978925712,31.22167539503232,0.0 131.0133536098822,31.22167469505672,0.0 131.01335742972827,31.22167399494001,0.0 131.01336124876096,31.22167329471188,0.0 131.0133650669447,31.221672594402406,0.0 131.01336888424277,31.221671894042085,0.0 131.01337270061745,31.221671193661617,0.0 131.01337651603015,31.221670493291874,0.0 131.0133803304415,31.221669792963787,0.0 131.01338414381152,31.22166909270824,0.0 131.0133879560997,31.221668392555912,0.0 131.01339176726523,31.22166769253724,0.0 131.01339557726695,31.22166699268229,0.0 131.01339938606367,31.221666293020647,0.0 131.01340319361424,31.221665593581328,0.0 131.01340699987773,31.22166489439265,0.0 131.01341080481353,31.221664195482223,0.0 131.0134146083814,31.221663496876733,0.0 131.01341841054176,31.221662798601944,0.0 131.01342221125591,31.221662100682543,0.0 131.01342601048583,31.2216614031421,0.0 131.0134298081947,31.22166070600297,0.0 131.01343360434677,31.22166000928624,0.0 131.0134373989076,31.221659313011607,0.0 131.01344119184424,31.221658617197328,0.0 131.01344498312525,31.221657921860185,0.0 131.01344877272086,31.221657227015367,0.0 131.01345256060313,31.22165653267648,0.0 131.01345634674598,31.22165583885543,0.0 131.01346013112547,31.22165514556247,0.0 131.0134639137197,31.22165445280608,0.0 131.01346769450896,31.22165376059295,0.0 131.01347147347593,31.221653068928,0.0 131.0134752506056,31.221652377814287,0.0 131.01347902588554,31.221651687253104,0.0 131.01348279930576,31.221650997243845,0.0 131.0134865708589,31.22165030778411,0.0 131.0134903405402,31.221649618869645,0.0 131.0134941083476,31.22164893049439,0.0 131.01349787428177,31.221648242650488,0.0 131.01350163834607,31.22164755532831,0.0 131.01350540054673,31.22164686851653,0.0 131.0135091608925,31.22164618220209,0.0 131.01351291939503,31.22164549637028,0.0 131.01351667606863,31.22164481100484,0.0 131.01352043093027,31.22164412608791,0.0 131.0135241839996,31.22164344160023,0.0 131.01352793529887,31.221642757521074,0.0 131.01353168485275,31.221642073828423,0.0 131.01353543268849,31.22164139049898,0.0 131.01353917883563,31.221640707508275,0.0 131.01354292332604,31.2216400248308,0.0 131.01354666619375,31.221639342440003,0.0 131.01355040747487,31.221638660308468,0.0 131.01355414720743,31.22163797840797,0.0 131.0135578854312,31.221637296709577,0.0 131.01356162218778,31.22163661518377,0.0 131.01356535752026,31.22163593380055,0.0 131.01356909147304,31.22163525252952,0.0 131.01357282409185,31.221634571340005,0.0 131.01357655542333,31.22163389020116,0.0 131.01358028551516,31.221633209082103,0.0 131.01358401441567,31.221632527952,0.0 131.0135877421737,31.221631846780177,0.0 131.01359146883854,31.22163116553624,0.0 131.01359519445953,31.221630484190136,0.0 131.01359891908604,31.22162980271236,0.0 131.01360264276727,31.22162912107401,0.0 131.01360636555202,31.22162843924683,0.0 131.01361008748844,31.221627757203407,0.0 131.01361380862403,31.22162707491721,0.0 131.01361752900527,31.22162639236272,0.0 131.01362124867757,31.22162570951553,0.0 131.0136249676849,31.221625026352413,0.0 131.01362868606992,31.221624342851367,0.0 131.0136324038736,31.22162365899179,0.0 131.01363612113502,31.22162297475448,0.0 131.0136398378914,31.22162229012179,0.0 131.01364355417775,31.22162160507757,0.0 131.013647270027,31.22162091960736,0.0 131.01365098546947,31.221620233698346,0.0 131.01365470053312,31.22161954733948,0.0 131.01365841524327,31.221618860521502,0.0 131.01366212962245,31.22161817323692,0.0 131.01366584369035,31.221617485480127,0.0 131.01366955746388,31.22161679724737,0.0 131.01367327095687,31.22161610853685,0.0 131.01367698418005,31.22161541934856,0.0 131.01368069714107,31.221614729684458,0.0 131.0136844098446,31.221614039548378,0.0 131.01368812229185,31.22161334894608,0.0 131.01369183448105,31.22161265788513,0.0 131.01369554640715,31.221611966374965,0.0 131.0136992580619,31.221611274426795,0.0 131.01370296943392,31.22161058205366,0.0 131.01370668050865,31.22160988927027,0.0 131.0137103912684,31.221609196092995,0.0 131.01371410169244,31.22160850253983,0.0 131.01371781175706,31.221607808630303,0.0 131.01372152143563,31.221607114385435,0.0 131.01372523069867,31.22160641982756,0.0 131.013728939514,31.22160572498039,0.0 131.0137326478468,31.22160502986885,0.0 131.01373635565974,31.221604334518968,0.0 131.01374006291303,31.22160363895781,0.0 131.01374376956477,31.22160294321332,0.0 131.01374747557085,31.221602247314383,0.0 131.01375118088532,31.221601551290505,0.0 131.01375488546023,31.2216008551718,0.0 131.01375858924635,31.221600158988927,0.0 131.01376229219272,31.22159946277292,0.0 131.01376599424728,31.221598766555008,0.0 131.01376969535673,31.22159807036665,0.0 131.01377339546713,31.22159737423929,0.0 131.01377709452368,31.22159667820431,0.0 131.01378079247124,31.221595982292847,0.0 131.01378448925422,31.22159528653572,0.0 131.01378818481717,31.22159459096338,0.0 131.0137918791047,31.221593895605626,0.0 131.01379557206167,31.22159320049164,0.0 131.01379926363373,31.22159250564981,0.0 131.01380295376714,31.22159181110768,0.0 131.01380664240915,31.22159111689172,0.0 131.0138103295083,31.221590423027354,0.0 131.0138140150144,31.22158972953885,0.0 131.01381769887897,31.22158903644912,0.0 131.01382138105524,31.22158834377972,0.0 131.0138250614985,31.221587651550795,0.0 131.01382874016608,31.22158695978088,0.0 131.0138324170177,31.22158626848695,0.0 131.01383609201577,31.22158557768428,0.0 131.01383976512503,31.221584887386392,0.0 131.01384343631335,31.22158419760504,0.0 131.01384710555135,31.2215835083501,0.0 131.01385077281293,31.221582819629607,0.0 131.01385443807507,31.22158213144964,0.0 131.0138581013181,31.221581443814337,0.0 131.01386176252595,31.22158075672592,0.0 131.01386542168575,31.221580070184547,0.0 131.01386907878856,31.221579384188484,0.0 131.01387273382875,31.221578698734007,0.0 131.01387638680472,31.221578013815385,0.0 131.01388003771828,31.221577329425,0.0 131.01388368657518,31.22157664555332,0.0 131.0138873333848,31.221575962188886,0.0 131.01389097816028,31.22157527931847,0.0 131.0138946209185,31.22157459692705,0.0 131.01389826167983,31.221573914997865,0.0 131.01390190046848,31.221573233512498,0.0 131.01390553731187,31.22157255245097,0.0 131.01390917224109,31.22157187179176,0.0 131.0139128052904,31.22157119151196,0.0 131.01391643649734,31.22157051158732,0.0 131.01392006590245,31.221569831992337,0.0 131.01392369354923,31.2215691527004,0.0 131.0139273194839,31.221568473683828,0.0 131.01393094375535,31.22156779491407,0.0 131.01393456641472,31.221567116361737,0.0 131.0139381875155,31.22156643799672,0.0 131.01394180711307,31.22156575978839,0.0 131.01394542526464,31.22156508170565,0.0 131.01394904202894,31.221564403717068,0.0 131.0139526574661,31.221563725791004,0.0 131.01395627163717,31.22156304789576,0.0 131.0139598846042,31.22156236999968,0.0 131.0139634964297,31.221561692071244,0.0 131.01396710717663,31.22156101407934,0.0 131.01397071690795,31.22156033599318,0.0 131.01397432568635,31.22155965778257,0.0 131.0139779335742,31.22155897941801,0.0 131.01398154063307,31.221558300870736,0.0 131.0139851469237,31.221557622112982,0.0 131.01398875250536,31.22155694311792,0.0 131.01399235743617,31.221556263859924,0.0 131.01399596177225,31.22155558431457,0.0 131.01399956556793,31.22155490445881,0.0 131.01400316887535,31.221554224271,0.0 131.0140067717441,31.221553543731044,0.0 131.0140103742214,31.22155286282048,0.0 131.01401397635135,31.221552181522487,0.0 131.01401757817527,31.221551499822088,0.0 131.01402117973117,31.221550817706056,0.0 131.01402478105376,31.22155013516312,0.0 131.01402838217413,31.221549452183886,0.0 131.01403198311982,31.221548768761025,0.0 131.0140355839145,31.221548084889136,0.0 131.01403918457808,31.22154740056492,0.0 131.01404278512632,31.221546715787124,0.0 131.01404638557108,31.22154603055656,0.0 131.0140499859199,31.2215453448761,0.0 131.01405358617643,31.22154465875069,0.0 131.01405718633987,31.22154397218735,0.0 131.0140607864054,31.221543285195057,0.0 131.01406438636383,31.22154259778484,0.0 131.01406798620195,31.221541909969584,0.0 131.01407158590243,31.22154122176418,0.0 131.01407518544377,31.22154053318524,0.0 131.01407878480055,31.221539844251254,0.0 131.0140823839435,31.22153915498229,0.0 131.0140859828395,31.22153846540012,0.0 131.0140895814518,31.22153777552798,0.0 131.01409317974003,31.221537085390548,0.0 131.01409677766074,31.22153639501388,0.0 131.014100375167,31.221535704425143,0.0 131.01410397220903,31.221535013652726,0.0 131.01410756873423,31.221534322725947,0.0 131.0141111646874,31.221533631675,0.0 131.01411476001098,31.22153294053084,0.0 131.01411835464523,31.22153224932504,0.0 131.0141219485286,31.22153155808964,0.0 131.0141255415979,31.22153086685708,0.0 131.01412913378843,31.22153017565996,0.0 131.0141327250346,31.221529484531,0.0 131.01413631526978,31.22152879350291,0.0 131.0141399044269,31.221528102608143,0.0 131.0141434924386,31.221527411878856,0.0 131.01414707923752,31.22152672134678,0.0 131.0141506647566,31.221526031043023,0.0 131.0141542489294,31.22152534099799,0.0 131.01415783169023,31.221524651241204,0.0 131.01416141297483,31.221523961801303,0.0 131.01416499272014,31.22152327270576,0.0 131.01416857086485,31.221522583980853,0.0 131.0141721473496,31.221521895651552,0.0 131.01417572211753,31.22152120774142,0.0 131.01417929511405,31.22152052027248,0.0 131.01418286628743,31.22151983326512,0.0 131.01418643558893,31.22151914673804,0.0 131.01419000297298,31.221518460708143,0.0 131.0141935683975,31.22151777519049,0.0 131.0141971318241,31.221517090198216,0.0 131.01420069321813,31.22151640574248,0.0 131.014204252549,31.22151572183237,0.0 131.01420780979026,31.22151503847497,0.0 131.01421136491976,31.221514355675247,0.0 131.0142149179198,31.221513673436025,0.0 131.01421846877713,31.221512991758026,0.0 131.01422201748315,31.221512310639817,0.0 131.01422556403395,31.22151163007788,0.0 131.01422910843036,31.221510950066527,0.0 131.01423265067783,31.22151027059807,0.0 131.01423619078676,31.22150959166272,0.0 131.01423972877208,31.22150891324869,0.0 131.01424326465352,31.22150823534229,0.0 131.01424679845547,31.221507557927904,0.0 131.0142503302068,31.22150688098812,0.0 131.01425385994096,31.221506204503807,0.0 131.01425738769566,31.22150552845421,0.0 131.01426091351283,31.22150485281699,0.0 131.01426443743853,31.221504177568374,0.0 131.01426795952247,31.22150350268325,0.0 131.01427147981835,31.221502828135364,0.0 131.01427499838314,31.22150215389725,0.0 131.01427851527708,31.22150147994053,0.0 131.01428203056355,31.221500806236023,0.0 131.01428554430848,31.2215001327538,0.0 131.0142890565803,31.22149945946333,0.0 131.0142925674499,31.221498786333783,0.0 131.01429607698975,31.221498113333944,0.0 131.01429958527413,31.221497440432515,0.0 131.01430309237853,31.221496767598207,0.0 131.0143065983795,31.22149609479988,0.0 131.01431010335426,31.22149542200676,0.0 131.01431360738036,31.22149474918848,0.0 131.01431711053536,31.221494076315327,0.0 131.01432061289665,31.221493403358306,0.0 131.01432411454093,31.22149273028936,0.0 131.0143276155441,31.22149205708145,0.0 131.01433111598078,31.22149138370873,0.0 131.01433461592413,31.221490710146647,0.0 131.01433811544555,31.221490036372124,0.0 131.01434161461435,31.22148936236364,0.0 131.01434511349757,31.221488688101346,0.0 131.01434861215972,31.22148801356721,0.0 131.0143521106625,31.22148733874517,0.0 131.01435560906464,31.22148666362113,0.0 131.0143591074217,31.22148598818313,0.0 131.0143626057861,31.22148531242149,0.0 131.01436610420663,31.221484636328807,0.0 131.01436960272875,31.22148395990008,0.0 131.0143731013943,31.221483283132848,0.0 131.01437660024146,31.221482606027184,0.0 131.01438009930493,31.221481928585856,0.0 131.0143835985112,31.221481250763127,0.0 131.0143870978856,31.22148057256633,0.0 131.01439059740292,31.2214798939826,0.0 131.01439409703983,31.221479215004617,0.0 131.0143975967678,31.22147853562717,0.0 131.01440109655294,31.22147785584709,0.0 131.01440459635643,31.221477175663324,0.0 131.0144080961345,31.22147649507692,0.0 131.01441159583865,31.22147581409101,0.0 131.01441509541584,31.22147513271091,0.0 131.01441859480872,31.221474450943965,0.0 131.0144220939558,31.22147376879961,0.0 131.01442559279178,31.221473086289272,0.0 131.01442909124782,31.221472403426407,0.0</coordinates>
            </LineString>
        </Placemark>
    </Document>
</kml>
