<?xml version="1.0" encoding="UTF-8"?>
<kml xmlns="http://www.opengis.net/kml/2.2" xmlns:gx="http://www.google.com/kml/ext/2.2">
    <Document id="211">
        <Style id="214">
            <LineStyle id="215">
                <color>ff0000ff</color>
                <colorMode>normal</colorMode>
                <width>3</width>
            </LineStyle>
        </Style>
        <Style id="218">
            <LineStyle id="219">
                <color>ff00ff00</color>
                <colorMode>normal</colorMode>
                <width>3</width>
            </LineStyle>
        </Style>
        <Placemark id="213">
            <name>flight_path</name>
            <styleUrl>#214</styleUrl>
            <LineString id="212">
                <altitudeMode>relativeToGround</altitudeMode>
                <coordinates>131.010392,31.222216000000007,3.000000004412624 131.0103920000045,31.222215999991075,3.0000027652305543 131.0103920000085,31.222215999994766,3.0000030853541984 131.0103920000085,31.222215999994766,3.0000030853541984 131.01039200000852,31.222215999994766,3.0000030853541984 131.01039201539675,31.22221599246117,3.0023884986471163 131.0103920617776,31.22221596990869,3.015331231721257 131.01039213193175,31.22221593580231,3.0351264363252404 131.01039220552698,31.222215900001803,3.055106219166761 131.0103923261533,31.222215841380503,3.090004394730484 131.01039241011944,31.222215800500727,3.1115340872331685 131.01039255023213,31.22221573238213,3.151063460926564 131.0103926908424,31.222215663995925,3.189784893121109 131.01039284206664,31.22221559043897,3.23111772340097 131.01039301222698,31.2222155076778,3.2778754514712065 131.01039319835945,31.22221541714896,3.329057119327625 131.01039339622227,31.222215320908244,3.383229829375461 131.0103936086097,31.222215217601374,3.4413386621870097 131.01039382835415,31.2222151107022,3.500962017738751 131.0103940692252,31.222214993537087,3.566754013292423 131.0103943154942,31.22221487372917,3.6334003425495367 131.0103945800907,31.22221474501192,3.705270765720048 131.01039485370347,31.222214611898128,3.779219998303775 131.01039513986652,31.222214472675024,3.856442763351153 131.01039544418495,31.22221432462593,3.9388336136528577 131.01039575462735,31.22221417358214,4.022328928820314 131.01039608061367,31.222214014978025,4.110111315127456 131.01039641907315,31.22221385030192,4.20114441129061 131.01039677261693,31.22221367828824,4.296310626724281 131.01039713608534,31.22221350143773,4.393868548192477 131.010397517966,31.22221331563664,4.496683993164735 131.01039790540767,31.22221312711366,4.600420125064151 131.01039830590005,31.22221293223868,4.707604968129808 131.01039871921526,31.222212731122088,4.8181619013200345 131.01039914602634,31.222212523437697,4.932317992273902 131.0103995843797,31.222212310132328,5.049414803571431 131.01040002919007,31.222212093670787,5.167739039340097 131.010400488852,31.222211869984235,5.290119088179969 131.01040096154043,31.222211639957216,5.415939478570699 131.01040144391652,31.222211405208075,5.544076156420129 131.01040193996343,31.222211163806087,5.675869112702848 131.01040244347448,31.22221091875968,5.809230869593894 131.01040295825328,31.222210668225145,5.945439804389508 131.01040348638034,31.22221041119396,6.085193185839201 131.01040402793237,31.222210147628825,6.228514853755213 131.0104045774418,31.22220988018005,6.373570321964543 131.0104051377902,31.2222096074508,6.521325187598352 131.01040571307726,31.222209327453587,6.673149607941206 131.01040630329675,31.222209040191352,6.829037586096744 131.01040689520636,31.22220875208352,6.984563197684807 131.01040750096558,31.22220845723537,7.143787353550456 131.0104081214021,31.222208155245536,7.306979827983644 131.01040875222748,31.222207848192888,7.472708023785239 131.01040938861175,31.222207538419,7.639365051166282 131.0104100415545,31.222207220590928,7.810603337186065 131.01041070492113,31.22220689768276,7.98437975261839 131.0104113765162,31.222206570758807,8.159965504549577 131.01041206172027,31.22220623933769,8.33913983713323 131.01041275335763,31.222205902596823,8.52028818134064 131.01041345611776,31.222205561383475,8.704181153245058 131.01041417584827,31.222205211752204,8.89307232620712 131.01041489925257,31.22220486030812,9.082538130477465 131.01041563292745,31.222204503845944,9.2747373202212 131.01041638044336,31.22220414062317,9.47082202645378 131.0104171434506,31.2222037698294,9.671308367372156 131.01041790311672,31.222203400633152,9.870095069413123 131.01041867635203,31.222203024796908,10.072638962246373 131.01041947085355,31.222202638555967,10.281363695010263 131.01042026810936,31.22220225093608,10.4903344533717 131.01042107085763,31.2222018606037,10.700434422316844 131.0104218897294,31.222201462360086,10.914989437270384 131.01042272191566,31.22220105756965,11.133068807713387 131.0104235596143,31.222200650046368,11.352228948335355 131.01042440553968,31.222200238461152,11.573304117888917 131.0104252665992,31.222199819425416,11.79836942332328 131.0104261432472,31.222199392708763,12.02750139558342 131.0104270184843,31.22219896664585,12.255574055458096 131.01042791146492,31.222198531838227,12.488293239114828 131.01042881449328,31.222198092055606,12.723310092287912 131.01042972647164,31.222197647835166,12.960280163922535 131.0104306453584,31.222197200178435,13.198592836746016 131.0104315838758,31.2221967428244,13.441830751911716 131.010432531566,31.222196280911792,13.686959563474412 131.01043348165635,31.22219581777528,13.932093394685287 131.01043445066043,31.222195345279548,14.181756586072993 131.01043543509863,31.222194865131154,14.434889806010604 131.0104364181971,31.222194385597984,14.686966436641228 131.01043741807382,31.22219389774536,14.942799992084849 131.01043843250173,31.222193402665244,15.20169613642904 131.0104394553733,31.222192903369443,15.462027776174027 131.01044048764754,31.222192399383555,15.724019581655936 131.01044153439324,31.222191888201248,15.988888146207024 131.01044259466383,31.22219137028652,16.25632088509741 131.0104436598268,31.22219084990452,16.524178907472532 131.0104447430104,31.22219032056349,16.7955797744645 131.01044584175995,31.222189783472967,17.06983377676328 131.0104469440337,31.22218924458849,17.34410499337674 131.01044806895527,31.2221886944472,17.62274220409722 131.01044920402427,31.22218813923156,17.902810665046236 131.01045034236645,31.22218758234464,18.18278781191807 131.0104515049397,31.222187013409314,18.46720022934069 131.01045267984836,31.22218643831256,18.753360047048368 131.01045386587927,31.222185857654896,19.040986694192515 131.0104550689928,31.222185268483106,19.331265749114618 131.01045628065083,31.22218467502563,19.62238714263148 131.01045750242992,31.222184076501325,19.91464716339452 131.01045875095312,31.222183464672543,20.21123949050616 131.01045999570246,31.22218285466065,20.50615939553176 131.0104612682495,31.222182230820863,20.80544530094872 131.010462557173,31.222181598811805,21.10679819139869 131.01046384926184,31.22218096518114,21.40776732905409 131.01046515764108,31.222180323424205,21.71072952114032 131.01046650372714,31.222179662926333,22.019359259791187 131.01046784848964,31.22217900303169,22.32670638553281 131.0104691940037,31.222178342712297,22.63322330066768 131.01047058701903,31.222177658799264,22.94673127111451 131.01047196693312,31.22217698132713,23.25698081992187 131.0104733695472,31.222176292554103,23.569932557731512 131.01047482522162,31.222175577437174,23.890275528428187 131.01047623852173,31.22217488326584,24.20283042185425 131.0104777052439,31.22217416257451,24.52267771239727 131.01047920156884,31.222173427168165,24.84586231662721 131.01048066287203,31.22217270906085,25.16268851523408 131.01048219443007,31.222171956104305,25.488836416198527 131.01048371536203,31.222171208363143,25.812234439669165 131.01048524025668,31.22217045861033,26.13511437020593 131.0104868281034,31.22216967763885,26.46571071378044 131.0104883927066,31.22216890812941,26.79186500574195 131.0104899759133,31.22216812936245,27.11946205820933 131.0104916145443,31.22216732311756,27.453325200282805 131.0104932231158,31.22216653170469,27.78197619265091 131.01049487476533,31.22216571892984,28.115126819738336 131.01049655028635,31.222164894302487,28.450117284171192 131.01049820608768,31.222164079386246,28.7813978320498 131.0104999328306,31.22216322934077,29.12038979714412 131.0105016353371,31.2221623912408,29.4551043864968 131.010503357926,31.22216154316875,29.791096494665275 131.0105051450183,31.22216066317267,30.133618360779085 131.01050689443602,31.222159801759584,30.47036322727977 131.01050868461,31.22215892016568,30.81072122935181 131.01051051881842,31.222158016781165,31.15492475230012 131.01051232055292,31.22215712940196,31.49411074382462 131.01051418724236,31.22215620990569,31.83947775422205 131.01051604262324,31.22215529596108,32.182266979533125 131.01051790930396,31.22215437640216,32.52507649989708 131.01051984993276,31.22215342031192,32.874790880091425 131.0105217483243,31.22215248503658,33.218555282190664 131.01052368270535,31.22215153196932,33.56500270287086 131.01052568159577,31.22215054705229,33.917111926821555 131.01052762181254,31.22214959104636,34.261628122669784 131.01052964578355,31.2221485937088,34.61381322255129 131.0105316677512,31.22214759733628,34.96446561631117 131.0105336793906,31.22214660602708,35.31276058435694 131.0105357755484,31.222145573040027,35.668612868888644 131.01053783118854,31.222144559997087,36.01894011783531 131.01053992724977,31.222143527014925,36.37219341526604 131.01054206289083,31.22214247451808,36.728239311470105 131.01054416809475,31.22214143698996,37.0798733412397 131.01054634620544,31.222140363543343,37.437717066185385 131.01054850467165,31.22213929975136,37.79226801141969 131.01055067538724,31.22213822990984,38.14681080230817 131.0105529148869,31.22213712620331,38.507103154259646 131.01055511596638,31.222136041386868,38.86221805943328 131.0105573582362,31.22213493628908,39.22028176504354 131.01055963051,31.222133816421,39.58015547799084 131.01056188201414,31.222132706753968,39.93667356709428 131.01056421405067,31.2221315574754,40.30018122409742 131.01056650554,31.222130428122373,40.658323345835576 131.01056882814694,31.222129283459108,41.01843441905921 131.01057122166856,31.22212810393325,41.38463018525589 131.01057354901488,31.22212695692069,41.74281846827208 131.01057596304577,31.222125767301968,42.10877194539558 131.0105783532946,31.222124589362387,42.47109556004688 131.01058076050452,31.22212340308148,42.83401504159445 131.01058322543318,31.22212218844234,43.20183333139396 131.01058565003046,31.22212099360748,43.56427863973568 131.0105881431267,31.22211976512412,43.9328333987069 131.0105906238904,31.22211854269331,44.29898172108264 131.0105931084618,31.222117318386807,44.664426824767446 131.01059566042713,31.22211606098424,45.03605145908813 131.0105981649371,31.222114826878453,45.40148012547046 131.01060073497783,31.222113560593844,45.77298628815049 131.01060329420693,31.22211229961403,46.14228809548089 131.0106058628002,31.222111034032647,46.51159141842153 131.01060849112395,31.222109739123656,46.886557395165525 131.0106110716684,31.22210846766737,47.25518419126991 131.0106137272704,31.22210715935829,47.63131013952936 131.01061635242905,31.22210586599093,48.003037044941344 131.0106190024611,31.22210456040728,48.376659636687336 131.01062169752464,31.222103232709056,48.754591522080446 131.01062435114207,31.22210192535528,49.12679515300088 131.01062707508635,31.222100583463416,49.506359113090845 131.01062977226945,31.222099254705725,49.881912957929245 131.0106324903481,31.2220979156796,50.259085919840025 131.01063525555057,31.22209655350001,50.64110538720704 131.01063797471247,31.222095213926103,51.01674288319292 131.0106407677546,31.22209383804954,51.40056620009368 131.01064353335036,31.22209247564516,51.780265511211326 131.01064631685165,31.222091104431907,52.161386646506095 131.01064913066767,31.222089718306783,52.54553101267178 131.01065191770056,31.22208834533187,52.92558717614556 131.01065477008606,31.222086940214044,53.31313541395146 131.01065758759347,31.222085552226392,53.69557937162845 131.01066043699998,31.222084148535128,54.0813619494799 131.01066330133278,31.22208273748076,54.46837490189042 131.0106661446521,31.22208133674358,54.852010640309125 131.0106690621894,31.222079899462777,55.24454132936732 131.0106719248602,31.22207848915833,55.62933772781116 131.01067484221718,31.222077051909952,56.020559827044046 131.01067775205175,31.222075618334888,56.41017325888229 131.01068065806012,31.22207418661616,56.79864649491696 131.01068361639483,31.222072729088914,57.193315507996246 131.01068653409723,31.222071291547028,57.58205564021405 131.01068950889916,31.22206982583148,57.97762629074112 131.01069246122827,31.222068371154474,58.36964056975614 131.01069542708947,31.22206690976917,58.7627969541954 131.0106984259866,31.22206543204982,59.159635356595885 131.01070139060596,31.22206397119696,59.55138448995984 131.01070442484732,31.22206247594985,59.951544587250645 131.01070741894665,31.22206100046475,60.3458634225786 131.01071045702903,31.222059503224287,60.74522261196184 131.01071348313496,31.222058011846784,61.142387397022176 131.01071650937405,31.22205652035576,61.53892094209607 131.0107195772248,31.222055008260213,61.94008201453257 131.01072261136443,31.222053512764884,62.33629044986661 131.0107257163503,31.22205198221077,62.74072536918609 131.01072878089695,31.22205047158359,63.13938069931744 131.01073187479497,31.22204894639533,63.54098531099057 131.01073498737372,31.222047411913948,63.94414675847832 131.0107380710819,31.22204589164933,64.34304010715964 131.01074121071173,31.22204434367448,64.7479574854534 131.01074434049193,31.222042800509296,65.15088117993123 131.01074745358727,31.22204126553807,65.55104782974652 131.01075060160903,31.22203971323107,65.95453367904877 131.010753772531,31.2220381495334,66.35982504708993 131.01075692932045,31.22203659276632,66.76262336804673 131.01076008683543,31.222035035580287,67.16466475447982 131.01076327313856,31.22203346408924,67.569074040861 131.01076646529896,31.2220318896386,67.97320765029421 131.01076965576593,31.222030315965352,68.3762310903134 131.01077285057667,31.222028740082493,68.77879955334934 131.0107760636228,31.222027155116184,69.18237289740769 131.01077927969538,31.222025568592795,69.58527626414187 131.0107824982351,31.222023980789825,69.98744466786441 131.0107857249561,31.22202238888049,70.389453097711 131.0107889585954,31.22202079349063,70.79113708972527 131.01079219620524,31.2220191960798,71.19217250649302 131.01079543816647,31.22201759646051,71.59257950652916 131.0107986888953,31.2220159924492,71.99277226573912 131.0108019468234,31.222014384823204,72.39256615119949 131.0108052111084,31.222012774000568,72.7918574409143 131.01080847858742,31.222011161547087,73.19032479751955 131.01081174921117,31.2220095474884,73.58795018472333 131.01081503248548,31.22200792712541,73.98560305621416 131.01081831755397,31.22200630582841,74.38224717211507 131.01082161053543,31.222004680573463,74.7784368312364 131.0108249093166,31.22200305240732,75.17395905607114 131.01082821618948,31.222001420198847,75.56900463848376 131.01083152494195,31.22199978702021,75.96300559244911 131.0108348416758,31.221998149857622,76.35649288148122 131.010838165519,31.221996509144304,76.7493727706087 131.01084149238525,31.22199486690093,77.14128083413596 131.0108448282878,31.22199322015888,77.53272767468867 131.01084817322408,31.22199156892196,77.92369892008546 131.01085151794464,31.221989917759675,78.31340393629841 131.01085487263325,31.22198826164505,78.7027005133267 131.01085823150478,31.221986603436743,79.0910940891677 131.01086159515987,31.2219849428398,79.47863385749376 131.0108649646218,31.22198327935108,79.86540255649177 131.01086834144647,31.221981612204768,80.25152656183879 131.0108717231767,31.22197994261529,80.63680330525492 131.01087511166887,31.221978269668483,81.02138676484347 131.01087850407396,31.221976594771466,81.4050463568469 131.01088190194827,31.22197491715815,81.78791316944368 131.01088530257297,31.221973238170936,82.16977057427125 131.01088870903817,31.221971556287485,82.55087580593438 131.01089212254544,31.22196987091717,82.93133281866393 131.01089553970627,31.22196818373192,83.31087422379679 131.01089896163757,31.22196649418236,83.68959956841013 131.01090238813413,31.22196480237084,84.06750177828475 131.0109058146916,31.2219631105182,84.44422422298841 131.0109092478434,31.221961415405808,84.82031075743373 131.01091268184217,31.2219597198668,85.19530403492638 131.01091612343873,31.22195802057581,85.56977006833213 131.0109195653364,31.22195632112854,85.94312308372646 131.0109230153067,31.22195461769712,86.31601778689267 131.0109264652563,31.22195291426897,86.68779961958165 131.01092991769403,31.221951209608555,87.05868978788826 131.01093337596896,31.22194950206683,87.42898476198867 131.0109368366244,31.221947793346605,87.79841185474503 131.0109402972352,31.221946084642383,88.16678052893933 131.0109437642531,31.22194437277673,88.53465431362241 131.01094723185395,31.22194266061807,88.90155546787574 131.01095070406097,31.22194094618476,89.26784454799699 131.010954177255,31.22193923125903,89.63322731840755 131.0109576514173,31.2219375158498,89.9977169515615 131.01096112790353,31.221935799288968,90.36144832700676 131.01096460666838,31.22193408159829,90.72443520524824 131.01096808637487,31.221932363435723,91.08657591280816 131.01097156736182,31.22193064463369,91.44791592727005 131.01097504807106,31.221928925959016,91.80833117612828 131.01097853277983,31.221927205303665,92.16822220096732 131.0109820157755,31.22192548548112,92.5270887352282 131.0109855022076,31.22192376395323,92.88541204390934 131.01098898911593,31.22192204217739,93.24293781660766 131.0109924732654,31.221920321747024,93.59937978145672 131.01099596058145,31.221918599740548,93.95529729800644 131.01099944706263,31.22191687812891,94.31033356183296 131.01100293126228,31.22191515762431,94.6643629676644 131.01100641827003,31.22191343571591,95.01787283046548 131.01100990201007,31.221911715398363,95.37030315705644 131.01101338690387,31.221909994489888,95.72207862179408 131.01101687458575,31.22190827218251,96.0733643891539 131.0110203581938,31.22190655186001,96.42351674319312 131.0110238411096,31.221904831852992,96.77286214738731 131.01102732335633,31.22190311214843,97.12140927695216 131.01103080736897,31.22190139154277,97.46939609726472 131.01103428947292,31.22189967184838,97.81647567280864 131.01103777019955,31.221897952801783,98.16270156049478 131.01104125192387,31.221896233228662,98.50830345250638 131.01104473178253,31.221894514541617,98.85300888697098 131.01104820967387,31.22189279678976,99.19680875029202 131.01105169022838,31.221891077683807,99.54014473043392 131.01105516574825,31.22188936102612,99.8822815396259 131.01105864625268,31.221887641863848,100.22417058170498 131.01106212319752,31.2218859244186,100.5649967207466 131.01106560055734,31.221884206724685,100.90513361120534 131.011069077354,31.22188248926439,101.24448380894236 131.0110725552987,31.22188077119024,101.58320207192916 131.011076032286,31.221879053542487,101.92108478852629 131.01107950820705,31.221877336374096,102.25811596883467 131.01108298347495,31.221875619479817,102.59432668678556 131.01108645962523,31.221873902098903,102.9298491004052 131.01108993284467,31.221872186117583,103.26432602195447 131.01109340734337,31.22187046945168,103.59813161051372 131.0110968808223,31.221868753238265,103.93104675472036 131.01110035333707,31.2218670374494,104.26306732168892 131.01110382503845,31.22186532200997,104.59419646420258 131.01110729916883,31.22186360531416,104.92470649676687 131.01111076939313,31.2218618904984,105.25403258801956 131.01111424177904,31.22186017455799,105.58269074311109 131.01111771595336,31.22185845767735,105.91063130484744 131.0111211886966,31.22185674145083,106.23756860733565 131.01112466207334,31.22185502485596,106.56366591743011 131.01112813621884,31.22185330782579,106.88891992014 131.01113161194226,31.221851589959687,107.2133825608556 131.011135083718,31.22184987399473,107.5365929372377 131.01113855693495,31.221848157262084,107.85897661300493 131.01114203080627,31.22184644015181,108.18045352481045 131.0111455037595,31.221844723443223,108.50088736033425 131.01114897960315,31.22184300525044,108.82056191005276 131.0111524526704,31.221841288380805,109.13902695404468 131.01115592481565,31.221839571916444,109.45641727316846 131.01115940266263,31.221837852577565,109.7732151391629 131.01116288070912,31.221836133090022,110.08899227388623 131.01116635650197,31.221834414669427,110.4035623776488 131.01116983530963,31.22183269470755,110.7172994736828 131.01117331505702,31.221830974233,111.03003874411336 131.0111767962999,31.22182925297156,111.34180938887124 131.01118027933916,31.22182753077528,111.65262152721851 131.01118376383707,31.221825807812447,111.96244120233872 131.01118724720413,31.22182408536593,112.27108241338776 131.011190731789,31.221822362274207,112.57869838856132 131.01119421731875,31.221820638673503,112.88526095392804 131.01119770185403,31.22181891552473,113.190633971721 131.01120118701695,31.22181719202629,113.49491912850723 131.01120467981468,31.221815464712307,113.79856361588172 131.01120816777944,31.22181373975296,114.10075138456882 131.0112116577174,31.221812013781623,114.40192115800843 131.01121515085575,31.22181028619285,114.70214232539854 131.01121864370555,31.22180855871363,115.00118941995204 131.01122213726217,31.22180683085273,115.29912306661356 131.01122562948996,31.22180510361796,115.5958145818492 131.01122912359435,31.221803375425413,115.89145992663896 131.01123262024802,31.221801645943927,116.18609649748954 131.0112361145275,31.221799917608656,116.47942391728468 131.01123961060216,31.22179818835946,116.77169575359557 131.01124311037168,31.221796457258847,117.06302427016465 131.01124661127523,31.22179472557372,117.353255693976 131.01125010955198,31.221792995163327,117.64216859409903 131.01125360875895,31.22179126427089,117.92997715725984 131.01125711194848,31.22178953138961,118.21686286167002 131.01126061643208,31.22178779784892,118.5026690850637 131.01126412104858,31.22178606422316,118.78733151191176 131.01126762545462,31.221784330682727,119.07083428935556 131.0112711321142,31.221782596011543,119.35332610783226 131.01127463615987,31.221780862614214,119.63452700631272 131.01127814456623,31.22177912704724,119.91485029689538 131.01128165324627,31.22177739132969,120.19406264129364 131.01128516406916,31.221775654539275,120.47227967676568 131.0112886737371,31.22177391830472,120.74931519600588 131.01129218228309,31.22177218261014,121.0251779714777 131.01129569374808,31.221770445461264,121.30011219720626 131.0112992067638,31.22176870753409,121.57404576044874 131.01130272308612,31.221766967962296,121.84709028147334 131.01130623710247,31.22176522951652,122.1189232481062 131.01130975134447,31.22176349094741,122.3897019610516 131.01131327092844,31.22176174973001,122.65973931252512 131.01131678710226,31.221760010184152,122.9285247168376 131.01132030691346,31.2217582688316,123.19648671262284 131.01132382655993,31.221756527548912,123.46340817874128 131.01132734303283,31.221754787820995,123.7291166409614 131.01133086044433,31.221753047618307,123.9938688329948 131.01133437684825,31.2217513079012,124.25755718384345 131.01133789252182,31.22174956853265,124.52020776455568 131.01134140742954,31.22174782952998,124.78182783841048 131.0113449215362,31.22174609091024,125.04242465673656 131.01134843480713,31.221744352690216,125.3020054330708 131.01135194720803,31.22174261488641,125.56057731930372 131.0113554587055,31.22174087751496,125.81814739276126 131.01135896926658,31.221739140591552,126.07472263036183 131.01136247885927,31.22173740413149,126.3303098867508 131.01136598745242,31.2217356681496,126.58491588933325 131.0113694950159,31.221733932660136,126.83854720746184 131.01137300152055,31.221732197676832,127.09121023752915 131.0113765069384,31.22173046321283,127.34291118905426 131.0113800112426,31.22172872928065,127.5936560697746 131.0113835144076,31.22172699589217,127.84345066974448 131.0113870164092,31.22172526305857,128.09230053449903 131.01139051722447,31.22172353079036,128.34021097300857 131.01139401683196,31.22172179909732,128.5871870318367 131.01139751521163,31.22172006798847,128.83323348520173 131.011401012345,31.221718337472105,129.07835482205775 131.0114045082151,31.22171660755573,129.32255524013155 131.01140800280635,31.22171487824608,129.5658386330028 131.01141149610507,31.22171314954908,129.80820858911235 131.01141498809903,31.22171142146985,130.0496683738706 131.0114184787776,31.221709694012723,130.29022093164855 131.01142196813177,31.221707967181214,130.52986887385 131.01142545615423,31.221706240978047,130.76861447990788 131.01142894283936,31.221704515405108,131.0064597002671 131.01143242818296,31.221702790463496,131.24340613451733 131.0114359121827,31.22170106615353,131.4794550512752 131.0114393948377,31.22169934247472,131.7146073692977 131.01144287614886,31.221697619425807,131.9488636763712 131.01144635611848,31.221695897004768,132.18222421141746 131.01144983475044,31.22169417520885,132.41468888735852 131.01145331205024,31.22169245403452,132.64625727719996 131.0114567880248,31.2216907334776,132.87692862894176 131.01146026268245,31.22168901353316,133.10670185961405 131.01146373603302,31.221687294195643,133.33557557913412 131.01146720808768,31.221685575458807,133.5635480793719 131.01147067885893,31.221683857315828,133.79061734806547 131.01147414836046,31.221682139759256,134.01678107876197 131.01147761660724,31.221680422781084,134.2420366777738 131.01148108361548,31.22167870637277,134.46638127511346 131.01148454940227,31.221676990525275,134.68981173443228 131.01148801398602,31.22167527522907,134.9123246619658 131.01149147738585,31.2216735604742,135.13391642144353 131.01149493962194,31.22167184625025,135.35458314700918 131.01149840071528,31.22167013254651,135.57432074520833 131.01150186068764,31.221668419351875,135.79312492083145 131.01150531956148,31.221666706654936,136.01099118585816 131.01150877735992,31.221664994444016,136.22791487237836 131.0115122341066,31.221663282707222,136.44389114650656 131.01151568982573,31.22166157143245,136.6589150203087 131.0115191445418,31.221659860607424,136.87298137665073 131.0115225982798,31.22165815021976,137.08608497416645 131.0115260510649,31.22165644025696,137.2982204621667 131.01152950292243,31.221654730706497,137.5093824074747 131.01153295387803,31.2216530215558,137.71956529243698 131.0115364039572,31.22165131279231,137.92876354971102 131.01153985318547,31.221649604403545,138.13697155928233 131.01154330158835,31.221647896377085,138.3441836723167 131.01154674919124,31.221646188700618,138.55039423601 131.01155019601913,31.221644481361995,138.75559759060363 131.0115536420969,31.221642774349224,138.95978809820798 131.0115570874491,31.22164106765055,139.1629601487649 131.01156053209968,31.221639361254425,139.36510818787727 131.01156397607238,31.221637655149586,139.56622671283165 131.0115674193902,31.221635949325048,139.76631030539713 131.01157086207576,31.221634243770144,139.9653536308307 131.0115743041509,31.221632538474548,140.1633514617295 131.01157774563683,31.221630833428296,140.3602986830003 131.0115811865541,31.221629128621807,140.556190315712 131.01158462692254,31.221627424045906,140.75102151808932 131.01158806676096,31.221625719691826,140.94478760638373 131.01159150608754,31.221624015551228,141.13748405785296 131.01159494491947,31.221622311616283,141.32910652666544 131.0115983832732,31.221620607879554,141.51965085781163 131.01160182116405,31.221618904334125,141.70911308710413 131.0116052586065,31.221617200973544,141.897489463043 131.011608695614,31.221615497791863,142.08477644184504 131.0116121321991,31.22161379478364,142.2709707063276 131.01161556837323,31.22161209194393,142.45606916690048 131.01161900414695,31.22161038926832,142.64006897448766 131.01162243952965,31.22160868675288,142.82296751953143 131.01162587452976,31.221606984394207,143.00476243994245 131.0116293091546,31.22160528218943,143.18545163103957 131.0116327434106,31.221603580136144,143.3650332455483 131.01163617730305,31.22160187823249,143.54350569260566 131.01163961083623,31.22160017647712,143.72086764968716 131.01164304401345,31.22159847486912,143.89711805664223 131.011646476837,31.221596773408127,144.0722561276213 131.01164990930815,31.22159507209423,144.24628133517177 131.01165334142723,31.22159337092799,144.41919342713436 131.01165677319366,31.221591669910406,144.59099241968482 131.01166020460585,31.221589969042967,144.76167859137126 131.01166363566136,31.221588268327544,144.93125249205738 131.01166706635684,31.22158656776647,145.09971492503212 131.0116704966881,31.22158486736244,145.26706696191894 131.0116739266502,31.221583167118567,145.43330992577796 131.01167735623724,31.221581467038327,145.59844539011257 131.0116807854427,31.22157976712554,145.76247518085688 131.01168421425928,31.22157806738438,145.92540135749027 131.011687642679,31.221576367819303,146.0872262229786 131.0116910706932,31.221574668435096,146.24795230091146 131.01169449829263,31.22157296923683,146.40758234246286 131.01169792546744,31.2215712702298,146.56611930949137 131.01170135220727,31.22156957141956,146.72356637553676 131.01170477850124,31.221567872811903,146.8799269009705 131.0117082043379,31.22156617441279,147.03520444890057 131.0117116297056,31.221564476228384,147.18940275435855 131.0117150545921,31.221562778264985,147.34252572430094 131.01171847898487,31.22156108052905,147.49457742667624 131.0117219028711,31.22155938302716,147.64556207551638 131.01172532623775,31.22155768576596,147.7954840319318 131.01172874907147,31.22155598875224,147.9443477772756 131.01173217135877,31.22155429199276,148.09215792308373 131.011735593086,31.22155259549439,148.23891917628822 131.01173901423942,31.221550899263995,148.38463634021096 131.01174243480523,31.221549203308445,148.52931430562143 131.01174585476952,31.22154750763459,148.67295803483225 131.01174927411847,31.22154581224924,148.81557254579795 131.01175269283823,31.22154411715916,148.9571629170872 131.01175611091517,31.221542422371066,149.09773424712975 131.01175952833557,31.221540727891547,149.2372916711161 131.01176294508596,31.221539033727133,149.37584033018672 131.01176636115304,31.22153733988421,149.51338537640203 131.01176977652366,31.221535646369045,149.64993193994334 131.01177319118503,31.221533953187752,149.78548513607245 131.01177660512445,31.221532260346308,149.92005004227192 131.01178001832963,31.22153056785048,150.05363169824602 131.01178343078865,31.221528875705896,150.18623507908546 131.01178684248967,31.221527183917967,150.31786509725637 131.01179025342157,31.22152549249192,150.44852659166926 131.01179366357331,31.221523801432703,150.57822430680503 131.01179707293443,31.22152211074517,150.70696289371293 131.0118004814948,31.221520420433794,150.83474689509995 131.01180388924487,31.22151873050291,150.96158073241313 131.0118072961754,31.22151704095658,151.08746870782625 131.01181070227764,31.221515351798583,151.2124149843639 131.0118141075434,31.221513663032507,151.33642358291976 131.01181751196506,31.221511974661613,151.459498369336 131.01182091553528,31.22151028668893,151.5816430553999 131.0118243182474,31.221508599117207,151.7028611859218 131.0118277200953,31.221506911948943,151.8231561268097 131.01183112107333,31.22150522518632,151.9425310750087 131.01183452117635,31.221503538831296,152.06098903266127 131.01183792039987,31.221501852885524,152.1785328170452 131.01184131873984,31.2215001673504,152.2951650476541 131.0118447161928,31.221498482227016,152.41088814520455 131.01184811275587,31.22149679751624,152.52570432766063 131.01185150842664,31.22149511321863,152.63961560228296 131.01185490320324,31.22149342933451,152.75262376662383 131.0118582970844,31.22149174586393,152.8647304065385 131.0118616900693,31.22149006280665,152.97593689817515 131.01186508215775,31.22148838016224,153.08624439207162 131.01186847334995,31.22148669792997,153.19565382607607 131.0118718636467,31.221485016108897,153.30416592137334 131.01187525304917,31.221483334697822,153.41178117850868 131.01187864155915,31.221481653695346,153.51849988335056 131.01188202917888,31.2214799730998,153.62432210411052 131.0118854159109,31.221478292909364,153.72924769134295 131.0118888017585,31.22147661312196,153.833276288878 131.01189218672508,31.22147493373533,153.9364073228883 131.01189557081457,31.22147325474705,154.03864001481082 131.01189895403132,31.22147157615449,154.139973383334 131.01190233638013,31.221469897954865,154.24040624141622 131.01190571786597,31.221468220145223,154.33993720721804 131.0119090984943,31.22146654272246,154.43856470708477 131.01191247827083,31.22146486568336,154.53628697554643 131.01191585720164,31.22146318902453,154.63310207320694 131.01191923529305,31.22146151274252,154.72900787282956 131.0119226125516,31.22145983683372,154.82400208219707 131.01192598898407,31.22145816129444,154.91808224709254 131.01192936459762,31.221456486120942,155.01124574434192 131.01193273939938,31.221454811309364,155.10348981163108 131.01193611339684,31.22145313685581,155.19481153856023 131.01193948659747,31.22145146275632,155.2852078716118 131.01194285900908,31.22144978900692,155.374675635025 131.01194623063938,31.22144811560356,155.46321153377343 131.01194960149633,31.221446442542224,155.5508121505853 131.0119529715878,31.22144476981885,155.63747397377253 131.01195634092196,31.221443097429407,155.7231933882827 131.01195970950667,31.22144142536986,155.807966694585 131.01196307735017,31.2214397536362,155.8917901136377 131.01196644446023,31.22143808222445,155.97465979981027 131.01196981084505,31.22143641113072,156.05657183988566 131.01197317651247,31.22143474035109,156.13752227194695 131.01197654147035,31.2214330698818,156.21750709531457 131.01197990572643,31.221431399719062,156.29652227054484 131.0119832692884,31.221429729859256,156.374563736327 131.01198663216377,31.22142806029881,156.45162741643935 131.0119899943599,31.221426391034232,156.5277092257114 131.011993355884,31.221424722062167,156.60280508791465 131.01199671674317,31.221423053379365,156.676910929797 131.0120000769442,31.221421384982666,156.75002271090085 131.01200343649373,31.221419716869068,156.82213641064004 131.0120067953982,31.221418049035663,156.89324805215355 131.01201015366385,31.22141638147969,156.96335370628108 131.01201351129663,31.221414714198566,157.0324494955372 131.01201686830225,31.221413047189767,157.10053161199957 131.01202022468607,31.221411380450984,157.16759631830607 131.01202358045353,31.22140971398004,157.23363995162492 131.01202693560936,31.22140804777485,157.2986589485059 131.01203029015826,31.2214063818336,157.36264983096174 131.01203364410466,31.22140471615451,157.42560922435956 131.01203699745255,31.221403050736026,157.487533869347 131.01204035020584,31.221401385576712,157.5484206228446 131.01204370236792,31.22139972067533,157.60826645407045 131.01204705394213,31.221398056030743,157.66706847435643 131.0120504049313,31.221396391642006,157.72482392124485 131.01205375533814,31.221394727508304,157.78153017737313 131.012057105165,31.221393063629,157.8371847664961 131.01206045441393,31.221391400003554,157.89178536640793 131.01206380308673,31.22138973663162,157.94532980595835 131.0120671511849,31.22138807351296,157.9978160789688 131.01207049870973,31.221386410647497,158.04924233627855 131.01207384566217,31.221384748035256,158.09960689568473 131.01207719204297,31.22138308567643,158.14890824492394 131.0120805378526,31.221381423571305,158.19714504862856 131.01208388309126,31.221379761720275,158.2443161373934 131.01208722775905,31.22137810012389,158.29042052467233 131.01209057185557,31.22137643878276,158.33545739982068 131.01209391538055,31.22137477769764,158.37942613008235 131.01209725833337,31.22137311686932,158.4223262655598 131.01210060071313,31.221371456298748,158.46415753424407 131.01210394251882,31.22136979598689,158.50491984698397 131.01210728374932,31.22136813593485,158.54461329549883 131.01211062440328,31.22136647614373,158.58323814542044 131.01211396447923,31.221364816614752,158.62079484921475 131.01211730397554,31.22136315734916,158.6572840342536 131.01212064289055,31.22136149834824,158.69270649585872 131.01212398122237,31.221359839613324,158.7270632161857 131.01212731896916,31.221358181145806,158.7603553383825 131.0121306561288,31.221356522947072,158.7925841775225 131.01213399269935,31.22135486501853,158.82375121265346 131.0121373286786,31.22135320736159,158.85385809077357 131.0121406640644,31.22135154997769,158.88290660496523 131.01214399885453,31.22134989286828,158.91089871029897 131.01214733304684,31.22134823603473,158.9378365158814 131.012150666639,31.22134657947848,158.96372226298988 131.0121539996289,31.22134492320088,158.98855834495143 131.0121573320143,31.22134326720329,159.01234728328905 131.01216066379305,31.22134161148704,159.03509173070393 131.01216399496286,31.221339956053388,159.05679446411838 131.01216732552183,31.221338300903568,159.07745838169504 131.01217065546783,31.22133664603879,159.09708648594076 131.01217398479892,31.221334991460168,159.1156818876823 131.01217731351315,31.22133333716877,159.13324780109787 131.0121806416088,31.22133168316561,159.14978753079714 131.01218396908408,31.22133002945164,159.16530445989386 131.0121872959374,31.22132837602772,159.1798020579589 131.0121906221672,31.221326722894634,159.1932838671054 131.0121939477721,31.22132507005313,159.20575348509342 131.01219727275085,31.221323417503847,159.21721457228733 131.01220059710212,31.22132176524733,159.2276708377422 131.012203920825,31.221320113284094,159.2371260322477 131.01220724391848,31.221318461614505,159.24558393938165 131.01221056638184,31.221316810238875,159.25304837253145 131.01221388821435,31.22131515915743,159.25952316197177 131.01221720941547,31.22131350837033,159.26501214592165 131.0122205299849,31.221311857877584,159.26951917551355 131.01222384992224,31.221310207679192,159.273048088953 131.01222716922743,31.221308557775004,159.27560271947073 131.01223048790047,31.22130690816483,159.2771868784263 131.0122338059415,31.221305258848368,159.27780435033927 131.0122371233508,31.22130360982525,159.2774588909029 131.0122404401287,31.22130196109501,159.27615420809923 131.01224375627575,31.221300312657142,159.2738939661766 131.01224707179264,31.221298664511,159.2706817747162 131.01225038668008,31.22129701665591,159.26652118167598 131.01225370093897,31.22129536909112,159.26141566245806 131.01225701457025,31.221293721815808,159.2553686209034 131.01226032757504,31.221292074829087,159.24838337935253 131.01226363995448,31.221290428130008,159.2404631697023 131.0122669517099,31.22128878171755,159.2316111353931 131.01227026284263,31.221287135590664,159.22183031351867 131.0122735733541,31.221285489748244,159.21112363979756 131.0122768832458,31.221283844189127,159.19949394260908 131.01228019251937,31.22128219891213,159.1869439260978 131.01228350117634,31.221280553916028,159.173476181106 131.01228680921847,31.221278909199537,159.1590931752365 131.01229011664748,31.22127726476139,159.14379723893742 131.01229342346502,31.22127562060028,159.127590575441 131.01229672967298,31.22127397671487,159.1104752508263 131.0123000352731,31.22127233310384,159.09245318308487 131.0123033402672,31.22127068976583,159.0735261610073 131.01230664465703,31.221269046699515,159.0536958103879 131.0123099484445,31.221267403903543,159.03296362185688 131.01231325163127,31.221265761376607,159.0113309260312 131.01231655421913,31.2212641191174,158.98879890047272 131.01231985620976,31.221262477124583,158.9653685726702 131.01232315760484,31.221260835396937,158.94104081109367 131.01232645840602,31.2212591939332,158.91581632519447 131.01232975861484,31.22125755273217,158.88969566639955 131.01233305823277,31.22125591179269,158.86267923308148 131.01233635726123,31.221254271113647,158.83476726161211 131.01233965570157,31.221252630693968,158.80595982636277 131.012342953555,31.221250990532635,158.77625684964417 131.01234625082265,31.22124935062872,158.74565809176624 131.01234954750555,31.22124771098129,158.71416316594738 131.01235284360465,31.22124607158957,158.68177152241063 131.01235613912073,31.221244432452767,158.64848246528115 131.0123594340544,31.22124279357024,158.6142951436397 131.0123627284063,31.221241154941364,158.57920856245667 131.0123660221767,31.22123951656565,158.5432215835847 131.012369315366,31.22123787844265,158.5063329197946 131.0123726079742,31.22123624057205,158.46854115366077 131.0123759000012,31.2212346029536,158.42984472463857 131.0123791914469,31.22123296558712,158.39024194596115 131.01238248231093,31.22123132847258,158.34973100463878 131.0123857725927,31.221229691610034,158.30830995748363 131.0123890622915,31.221228054999607,158.2659767519793 131.01239235140648,31.22122641864157,158.2227292143562 131.01239563993656,31.22122478253628,158.17856506350327 131.01239892788055,31.221223146684192,158.13348191892104 131.01240221523705,31.22122151108587,158.08747729773788 131.01240550200444,31.221219875741983,158.04054862663608 131.012408788181,31.22121824065332,157.99269324483507 131.01241207376475,31.22121660582077,157.9439084060764 131.0124153587537,31.221214971245328,157.89419129552113 131.0124186431455,31.22121333692811,157.84353902676725 131.01242192693766,31.22121170287029,157.7919486537751 131.0124252101276,31.221210069073216,157.73941716788653 131.01242849271253,31.221208435538287,157.6859415137255 131.0124317746895,31.22120680226701,157.6315185971501 131.0124350560554,31.22120516926101,157.57614528326306 131.01243833680698,31.22120353652199,157.51981840933237 131.0124416169408,31.22120190405176,157.46253478379674 131.01244489645333,31.2212002718522,157.4042912150888 131.0124481753409,31.221198639925284,157.3450844828103 131.01245145359965,31.221197008273087,157.28491137649456 131.0124547312257,31.221195376897743,157.22376868864907 131.0124580082149,31.221193745801468,157.1616532187286 131.01246128456316,31.22119211498656,157.09856179003427 131.0124645602662,31.22119048445536,157.03449124772172 131.01246783531963,31.22118885421028,156.9694384647664 131.01247110971914,31.221187224253764,156.90340036084652 131.01247438346013,31.221185594588366,156.83637389140944 131.01247765653807,31.221183965216625,156.76835606953748 131.01248092894835,31.22118233614114,156.69934396097787 131.01248420068643,31.221180707364528,156.6293346990505 131.0124874717475,31.221179078889463,156.55832548067207 131.012490742127,31.2211774507186,156.48631358325272 131.01249401182022,31.22117582285464,156.4132963627069 131.0124972808225,31.22117419530024,156.33927126438624 131.0125005491292,31.221172568058105,156.26423581810977 131.01250381673572,31.221170941130914,156.18818765804187 131.01250708363756,31.221169314521315,156.11112451672835 131.0125103498302,31.221167688231947,156.03304423404143 131.0125136153092,31.22116606226541,155.95394476016097 131.01251688007036,31.22116443662428,155.8738241605435 131.01252014410937,31.221162811311046,155.79268062288085 131.01252340742215,31.221161186328207,155.71051244914602 131.0125266700048,31.22115956167813,155.62731808044387 131.01252993185346,31.22115793736317,155.54309607613607 131.01253319296444,31.22115631338558,155.45784513471517 131.01253645333432,31.22115468974753,155.37156409181554 131.01253971295972,31.22115306645111,155.28425191027398 131.01254297183755,31.2211514434983,155.19590770696686 131.01254622996498,31.221149820890968,155.10653072994788 131.0125494873392,31.221148198630903,155.01612037634067 131.01255274395783,31.22114657671976,154.92467618438585 131.0125559998186,31.22114495515904,154.83219783642326 131.0125592549196,31.22114333395016,154.73868517082067 131.01256250925908,31.22114171309437,154.64413815811687 131.0125657628356,31.221140092592808,154.54855692885425 131.01256901564807,31.22113847244644,154.45194175171113 131.01257226769553,31.221136852656088,154.3542930444361 131.01257551897748,31.22113523322241,154.25561136788355 131.0125787694936,31.221133614145923,154.1558974270089 131.01258201924395,31.221131995426955,154.05515207385068 131.01258526822895,31.22113037706569,153.9533762946089 131.01258851644914,31.22112875906213,153.85057121859157 131.01259176390565,31.22112714141609,153.746738109269 131.01259501059968,31.221125524127256,153.6418783652696 131.01259825653295,31.221123907195068,153.53599351540797 131.01260150170745,31.22112229061884,153.4290852186884 131.01260474612548,31.22112067439768,153.32115525933372 131.01260798978964,31.22111905853053,153.21220553784133 131.012611232703,31.221117443016155,153.10223807495888 131.01261447486877,31.221115827853115,152.99125500770887 131.01261771629063,31.22111421303981,152.87925857547535 131.0126209569725,31.221112598574475,152.76625112696067 131.0126241969187,31.221110984455148,152.65223510925404 131.01262743613373,31.22110937067969,152.5372130638553 131.01263067462253,31.22110775724582,152.42118762369452 131.01263391239027,31.221106144151065,152.30416150021054 131.01263714944238,31.2211045313928,152.18613749130503 131.01264038578466,31.221102918968235,152.06711846245582 131.0126436214231,31.22110130687443,151.94710735069543 131.01264685636403,31.221099695108304,151.82610715168914 131.0126500906139,31.22109808366664,151.70412091277927 131.01265332417952,31.221096472546044,151.5811517409367 131.01265655706783,31.221094861743047,151.45720277393738 131.01265978928603,31.221093251254032,151.3322771982542 131.01266302084156,31.22109164107525,151.20637822023295 131.01266625174188,31.22109003120289,151.07950907702707 131.01266948199475,31.221088421633,150.95167301870683 131.0126727116081,31.22108681236156,150.82287330527848 131.0126759405898,31.22108520338446,150.69311320767906 131.012679168948,31.22108359469752,150.56239598590935 131.01268239669093,31.221081986296493,150.4307248979818 131.01268562382683,31.22108037817709,150.29810317904656 131.01268885036396,31.221078770334987,150.1645340503392 131.01269207631069,31.221077162765795,150.0300206973129 131.0126953016754,31.221075555465127,149.89456627659823 131.01269852646644,31.2210739484286,149.75817389612385 131.0127017506921,31.221072341651755,149.62084662803892 131.01270497436067,31.22107073513025,149.48258747591333 131.01270819748035,31.221069128859696,149.3433993946169 131.0127114200593,31.22106752283575,149.20328527242967 131.0127146421055,31.221065917054105,149.0622479191134 131.01271786362676,31.221064311510528,148.92029007386563 131.01272108463087,31.221062706200826,148.77741439438486 131.01272430512535,31.22106110112091,148.63362344494553 131.01272752511758,31.22105949626675,148.4889197043482 131.01273074461463,31.221057891634416,148.3433055460417 131.01273396362356,31.22105628722012,148.19678324607503 131.0127371821509,31.22105468302015,148.0493549731583 131.01274040020303,31.22105307903093,147.90102278369335 131.01274361778616,31.22105147524905,147.75178862177333 131.01274683490598,31.22104987167124,147.60165430924394 131.012750051568,31.221048268294343,147.45062154570334 131.01275326777727,31.22104666511543,147.2986919104907 131.0127564835387,31.22104506213172,147.1458668487703 131.01275969885663,31.2210434593406,146.9921476784894 131.01276291373503,31.221041856739685,146.8375355824271 131.01276612817756,31.221040254326777,146.6820316042185 131.01276934218737,31.22103865209987,146.52563665630524 131.0127725557672,31.221037050057195,146.3683515099974 131.0127757689195,31.22103544819718,146.2101767954724 131.01277898164602,31.221033846518527,146.0511129977993 131.01278219394823,31.22103224502013,145.89116046687815 131.01278540582717,31.221030643701106,145.73031940650645 131.01278861728315,31.22102904256088,145.5685898823304 131.01279182831627,31.22102744159907,145.4059718128991 131.01279503892607,31.22102584081556,145.24246497562737 131.01279824911154,31.22102424021048,145.07806901375417 131.0128014588712,31.22102263978424,144.91278342640217 131.0128046682031,31.221021039537483,144.74660757454075 131.0128078771048,31.221019439471128,144.5795406839676 131.0128110855733,31.22101783958633,144.41158185027882 131.01281429360515,31.22101623988455,144.24273003389732 131.01281750119645,31.221014640367454,144.07298406802488 131.0128207083427,31.221013041037,143.90234265864132 131.01282391503906,31.221011441895392,143.73080439245587 131.01282712128005,31.221009842945104,143.5583677349183 131.01283032705985,31.221008244188823,143.38503103916386 131.01283353237207,31.22100664562952,143.21079254601318 131.01283673721,31.2210050472704,143.03565038894104 131.01283994156634,31.221003449114896,142.8596025990452 131.0128431454335,31.221001851166704,142.6826471159805 131.01284634880332,31.221000253429697,142.5047817790106 131.0128495516674,31.220998655908016,142.32600434788267 131.01285275401673,31.220997058605985,142.14631249586623 131.01285595584224,31.22099546152814,141.96570382466538 131.0128591571342,31.22099386467924,141.7841758644144 131.01286235788265,31.220992268064183,141.6017260776554 131.01286555807744,31.220990671688103,141.41835187424624 131.01286875770788,31.22098907555625,141.2340506103648 131.0128719567632,31.22098747967408,141.04881959447442 131.01287515523228,31.220985884047167,140.86265610421796 131.0128783531038,31.22098428868121,140.67555737647865 131.01288155036616,31.220982693582084,140.487520627259 131.01288474700772,31.22098109875572,140.2985430546609 131.01288794301652,31.220979504208163,140.10862184087372 131.01289113838055,31.22097790994558,139.91775416608905 131.0128943330877,31.220976315974166,139.7259372134692 131.01289752712563,31.220974722300216,139.5331681681527 131.01290072048226,31.22097312893004,139.3394442411102 131.01290391314512,31.22097153586998,139.1447626542314 131.012907105102,31.220969943126423,138.94912067014687 131.0129102963405,31.220968350705743,138.75251557433364 131.0129134868485,31.22096675861429,138.5549447059282 131.01291667661383,31.220965166858416,138.35640544679265 131.01291986562453,31.2209635754444,138.15689523642345 131.01292305386863,31.22096198437845,137.956411574933 131.01292624133444,31.220960393666783,137.7549520300063 131.01292942801047,31.22095880331544,137.5525142448535 131.01293261388548,31.2209572133304,137.34909594118983 131.0129357989484,31.22095562371752,137.14469492321265 131.01293898318855,31.22095403448252,136.93930909052102 131.01294216659548,31.22095244563098,136.73293643612948 131.01294534915908,31.22095085716832,136.52557505441803 131.01294853086975,31.22094926909977,136.31722314908345 131.0129517117181,31.220947681430378,136.10787902817034 131.01295489169527,31.220946094165,135.89754111898034 131.01295807079282,31.22094450730824,135.68620796807113 131.0129612490028,31.220942920864523,135.47387824324528 131.01296442631767,31.22094133483798,135.260550735537 131.01296760273055,31.22093974923253,135.04622437312952 131.012970778235,31.220938164051805,134.83089820644346 131.0129739528251,31.22093657929916,134.61457143099963 131.01297712649563,31.220934994977643,134.39724337449735 131.01298029924186,31.220933411090044,134.17891350277765 131.01298347105978,31.22093182763882,133.95958142479404 131.0129866419458,31.22093024462612,133.73924689062457 131.01298981189723,31.22092866205377,133.51790979644238 131.0129929809119,31.22092707992326,133.29557017656307 131.01299614898824,31.22092549823573,133.07222821736195 131.01299931612544,31.22092391699202,132.8478842373939 131.01300248232343,31.22092233619257,132.62253871423195 131.0130056475827,31.220920755837515,132.39619225365368 131.01300881190448,31.2209191759266,132.16884561250345 131.0130119752907,31.220917596459223,131.9404996867656 131.01301513774405,31.22091601743444,131.71115550957623 131.01301829926777,31.220914438850905,131.48081425221807 131.0130214598659,31.22091286070697,131.24947721815784 131.0130246195431,31.220911283000607,131.0171458470215 131.01302777830483,31.22090970572943,130.78382169869215 131.0130309361571,31.220908128890688,130.54950646822 131.01303409310654,31.22090655248129,130.31420196494955 131.0130372491606,31.220904976497856,130.0779101194785 131.0130404043273,31.2209034009366,129.8406329737176 131.0130435586152,31.220901825793423,129.60237267890452 131.01304671203357,31.220900251063927,129.36313149560448 131.01304986459215,31.2208986767434,129.12291177482433 131.01305301630143,31.220897102826807,128.8817159659662 131.0130561671722,31.22089552930885,128.63954660788255 131.01305931721595,31.220893956183964,128.39640631595412 131.01306246644464,31.220892383446262,128.15229779302547 131.0130656148706,31.22089081108964,127.90722379859112 131.01306876250666,31.22088923910777,127.66118717066615 131.01307190936612,31.22088766749405,127.41419079198867 131.0130750554625,31.22088609624176,127.16623760493296 131.0130782008098,31.220884525343884,126.91733059162875 131.01308134542225,31.220882954793304,126.6674727739628 131.01308448931437,31.22088138458272,126.41666720264566 131.0130876325009,31.220879814704688,126.16491695224228 131.01309077499684,31.220878245151656,125.91222511520915 131.01309391681727,31.22087667591598,125.65859478797871 131.01309705797746,31.22087510698991,125.40402907294856 131.0131001984927,31.22087353836565,125.14853106655364 131.01310333837836,31.22087197003539,124.89210385131592 131.0131064776497,31.22087040199125,124.634750487892 131.01310961632217,31.22086883422538,124.37647401408032 131.01311275441088,31.220867266729968,124.117277428918 131.01311589193102,31.220865699497224,123.85716369168708 131.01311902889745,31.22086413251942,123.5961357169448 131.01312216532494,31.22086256578893,123.3341963546454 131.01312530122797,31.22086099929825,123.07134840306084 131.0131284366207,31.220859433039976,122.80759458393324 131.013131571517,31.22085786700688,122.54293754943154 131.01313470593027,31.22085630119188,122.27737986724264 131.01313783987368,31.22085473558809,122.01092401659608 131.0131409733598,31.22085317018889,121.74357238726996 131.0131441064008,31.220851604987825,121.47532726865688 131.01314723900828,31.22085003997872,121.20619084280672 131.01315037119323,31.220848475155663,120.93616518542068 131.01315350296616,31.22084691051305,120.66525225789914 131.01315663433687,31.22084534604556,120.39345390038432 131.01315976531453,31.2208437817482,120.1207718347413 131.01316289590764,31.220842217616312,119.84720765064324 131.0131660261239,31.22084065364563,119.57276280656431 131.0131691559704,31.220839089832204,119.29743863077408 131.01317228545335,31.220837526172502,119.02123631338588 131.01317541457817,31.220835962663383,118.74415689939752 131.01317854334957,31.220834399302102,118.4662013006194 131.01318167177132,31.220832836086327,118.18737028175909 131.01318479984636,31.220831273014173,117.90766445246771 131.0131879275768,31.220829710084164,117.627084292191 131.01319105496387,31.220828147295308,117.34563011835982 131.01319418200788,31.220826584647032,117.06330211024614 131.01319730870827,31.220825022139216,116.78010029206467 131.0132004350635,31.220823459772216,116.49602454191792 131.01320356107135,31.220821897546845,116.2110745967666 131.0132066867284,31.22082033546436,115.92525004447604 131.01320981203057,31.22081877352649,115.63855032679812 131.01321293697262,31.22081721173547,115.35097474334702 131.01321606154875,31.220815650093936,115.06252245457983 131.01321918575195,31.220814088605003,114.77319248378431 131.0132223095746,31.220812527272223,114.48298372503037 131.01322543300807,31.220810966099645,114.19189493521684 131.0132285560429,31.220809405091675,113.89992474699316 131.01323167866883,31.22080784425321,113.60707167174084 131.0132348008748,31.22080628358956,113.31333409957251 131.01323792264904,31.22080472310641,113.01871030728287 131.01324104397884,31.220803162809887,112.7231984732584 131.01324416485096,31.220801602706462,112.4267966556081 131.0132472852514,31.22080004280299,112.12950283192392 131.01325040516542,31.22079848310668,111.83131488039216 131.01325352457775,31.22079692362508,111.53223059669271 131.01325664347252,31.220795364366023,111.2322476989664 131.01325976183327,31.22079380533768,110.93136383676192 131.01326287964304,31.22079224654849,110.62957659302216 131.01326599688443,31.22079068800715,110.32688349104158 131.01326911353965,31.22078912972256,110.02328200937572 131.01327222959034,31.220787571703887,109.71876958283488 131.0132753450181,31.220786013960456,109.41334361142852 131.01327845980396,31.22078445650175,109.10700147129944 131.0132815739289,31.220782899337408,108.79974051869904 131.01328468737373,31.22078134247718,108.4915580979383 131.01328780011897,31.220779785930908,108.18245155331584 131.01329091214515,31.22077822970849,107.87241823110516 131.01329402343282,31.22077667381985,107.56145549545784 131.0132971339625,31.220775118274943,107.24956073039164 131.01330024371484,31.22077356308369,106.93673134873572 131.01330335267056,31.220772008255967,106.62296480405838 131.01330646081058,31.22077045380158,106.30825858569672 131.0133095681161,31.22076889973022,105.992610250564 131.01331267456865,31.220767346051456,105.67601740625229 131.01331578015,31.22076579277469,105.3584777328993 131.01331888484242,31.22076423990916,105.03998898020669 131.01332198862863,31.22076268746388,104.72054898433792 131.01332509149182,31.2207611354476,104.4001556768638 131.01332819341573,31.22075958386884,104.07880707482288 131.0133312943848,31.220758032735795,103.75650130258924 131.01333439438406,31.220756482056373,103.43323659286683 131.01333749339926,31.22075493183813,103.10901128668873 131.01334059141683,31.22075338208824,102.78382385628012 131.01334368842416,31.220751832813487,102.45767288716638 131.0133467844093,31.220750284020287,102.13055709904698 131.0133498793613,31.220748735714576,101.80247534380732 131.01335297327003,31.22074718790187,101.47342661247832 131.01335606612645,31.2207456405872,101.14341003722336 131.0133591579223,31.220744093775096,100.81242489730356 131.0133622486505,31.22074254746961,100.48047061211946 131.0133653383049,31.220741001674263,100.14754675512832 131.0133684268805,31.220739456392067,99.81365304887376 131.01337151437332,31.220737911625424,99.47878937691466 131.0133746007805,31.22073636737624,99.14295576891558 131.01337768610023,31.220734823645834,98.80615241356962 131.01338077033202,31.22073328043497,98.46837964865831 131.01338385347628,31.22073173774384,98.12963797496889 131.01338693553473,31.220730195572006,97.78992804039018 131.01339001651013,31.220728653918496,97.44925065084824 131.01339309640647,31.22072711278176,97.10760675738392 131.01339617522882,31.220725572159623,96.7649974651007 131.0133992529834,31.220724032049343,96.42142402620568 131.01340232967755,31.22072249244764,96.07688783106607 131.01340540531973,31.220720953350625,95.7313904151666 131.0134084799194,31.22071941475388,95.38493344618897 131.01341155348717,31.220717876652404,95.03751872798772 131.0134146260346,31.22071633904069,94.68914818965789 131.0134176975744,31.22071480191271,94.3398238815584 131.01342076812003,31.22071326526192,93.98954797034432 131.01342383768605,31.22071172908127,93.638322738966 131.01342690628795,31.220710193363274,93.28615057176084 131.01342997394187,31.220708658099955,92.93303394948248 131.01343304066495,31.22070712328296,92.57897545129153 131.01343610647498,31.220705588903485,92.2239777318917 131.0134391713905,31.220704054952385,91.8680435334606 131.01344223543072,31.220702521420137,91.51117566278636 131.01344529861532,31.220700988296915,91.15337698928155 131.01344836096467,31.2206994555726,90.79465043504236 131.01345142249963,31.220697923236767,90.4349989758444 131.01345448324125,31.22069639127883,90.074425619274 131.01345754321113,31.22069485968796,89.71293339876492 131.0134606024311,31.22069332845316,89.35052537558676 131.0134636609232,31.220691797563315,88.98720461896481 131.01346671870957,31.22069026700722,88.62297420508735 131.0134697758124,31.220688736773607,88.2578372012005 131.01347283225405,31.220687206851164,87.89179666262719 131.0134758880566,31.22068567722861,87.52485562183293 131.0134789432421,31.220684147894705,87.15701708146835 131.01348199783232,31.220682618838303,86.7882839994582 131.0134850518488,31.220681090048387,86.41865928800864 131.01348810531272,31.220679561514064,86.0481458066484 131.01349115824476,31.220678033224686,85.67674634135439 131.01349421066516,31.220676505169795,85.30446361151041 131.01349726259355,31.22067497733921,84.93130025499612 131.013500314049,31.220673449723087,84.55725881824739 131.01350336504976,31.220671922311848,84.18234175526179 131.0135064156134,31.220670395096352,83.80655141765824 131.0135094657566,31.22066886806782,83.4298900427486 131.0135125154952,31.22066734121793,83.05235975651927 131.01351556484403,31.22066581453881,82.67396255673299 131.01351861381696,31.220664288023084,82.29470032684435 131.01352166242685,31.22066276166389,81.91457480220289 131.01352471068532,31.220661235454934,81.533587587945 131.01352775860295,31.220659709390453,81.15174014507697 131.01353080618918,31.2206581834653,80.76903379047499 131.013533853452,31.22065665767496,80.38546968694389 131.01353690039832,31.22065513201552,80.00104884818721 131.0135399470337,31.22065360648372,79.6157721328419 131.01354299336248,31.220652081076977,79.22964023652588 131.0135460393874,31.22065055579338,78.84265369581308 131.01354908511007,31.2206490306317,78.45481289618638 131.01355213053063,31.22064750559141,78.0661180521544 131.01355517564787,31.22064598067269,77.67656922116866 131.01355822045912,31.22064445587643,77.28616629765799 131.0135612649604,31.22064293120417,76.89490902296869 131.01356430914626,31.22064140665828,76.5027969684647 131.01356735300996,31.22063988224169,76.10982956435414 131.01357039654332,31.220638357958155,75.71600607483796 131.01357343973683,31.22063683381204,75.32132562196547 131.0135764825797,31.2206353098084,74.92578717768144 131.0135795250598,31.220633785952987,74.52938957177844 131.01358256716372,31.2206322622522,74.13213149487687 131.01358560887692,31.22063073871307,73.73401151035411 131.01358865018352,31.220629215343223,73.33502804639022 131.0135916910666,31.22062769215092,72.93517941485497 131.0135947315082,31.22062616914496,72.5344638123004 131.01359777148917,31.22062464633468,72.13287932791324 131.0136008109895,31.22062312372999,71.73042394749012 131.0136038499882,31.22062160134121,71.32709556934127 131.01360688846347,31.2206200791792,70.92289199534372 131.01360992639275,31.220618557255168,70.51781096473893 131.0136129637526,31.22061703558074,70.11185013922038 131.0136160005191,31.22061551416789,69.70500712281493 131.0136190366678,31.2206139930289,69.29727946983421 131.01362207217355,31.22061247217632,68.88866469183249 131.01362510701102,31.22061095162296,68.47916026854138 131.01362814115447,31.220609431381764,68.06876366476772 131.0136311745779,31.22060791146588,67.65747231647627 131.01363420725525,31.22060639188851,67.24528367254078 131.0136372391603,31.22060487266293,66.83219518281385 131.01364027026685,31.220603353802463,66.41820430906195 131.01364330054895,31.220601835320338,66.0033085468343 131.0136463299808,31.22060031722973,65.58750542148655 131.01364935853684,31.22059879954373,65.17079250706792 131.013652386192,31.220597282275182,64.75316743526743 131.0136554129216,31.220595765436777,64.33462789143773 131.01365843870153,31.220594249040904,63.91517165038182 131.0136614635084,31.22059273309969,63.494796551500784 131.01366448731952,31.22059121762488,63.07350053358671 131.01366751011307,31.220589702627823,62.65128163681099 131.01367053186797,31.22058818811946,62.22813799974228 131.01367355256437,31.22058667411024,61.80406788419817 131.01367657218324,31.22058516061009,61.3790696653055 131.01367959070683,31.220583647628416,60.9531418503874 131.01368260811853,31.220582135174023,60.52628307598172 131.01368562440297,31.220580623255085,60.09849212772338 131.01368863954616,31.22057911187911,59.66976793040322 131.01369165353543,31.22057760105297,59.240109556916096 131.0136946663596,31.220576090782767,58.8095162441662 131.01369767800892,31.22057458107393,58.37798737219215 131.0137006884752,31.220573071931057,57.94552249796626 131.01370369775177,31.220571563358018,57.512121331537706 131.01370670583358,31.220570055357847,57.07778375491981 131.0137097127172,31.220568547932807,56.64250981314569 131.01371271840082,31.220567041084283,56.2062997271902 131.0137157228843,31.22056553481288,55.769153875084704 131.01371872616917,31.220564029118293,55.33107281179858 131.0137217282586,31.220562523999444,54.89205725432932 131.0137247291574,31.220561019454355,54.45210809164433 131.01372772887208,31.22055951548024,54.01122636678756 131.01373072741083,31.220558012073447,53.569413292786656 131.01373372478335,31.22055650922953,53.12667022581272 131.01373672100107,31.220555006943176,52.6829986959985 131.01373971607677,31.22055350520836,52.23840036369909 131.01374271002493,31.22055200401816,51.79287704036864 131.0137457028614,31.220550503365,51.34643067265594 131.0137486946035,31.220549003240503,50.89906334041688 131.0137516852699,31.220547503635608,50.45077725273924 131.01375467488054,31.22054600454059,50.00157472905548 131.01375766345663,31.22054450594506,49.55145820212586 131.01376065102045,31.22054300783804,49.10043021108068 131.01376363759547,31.220541510207955,48.6484933845212 131.01376662320607,31.22054001304273,48.19565043356178 131.0137696078776,31.220538516329803,47.7419041568012 131.01377259163615,31.22053702005614,47.28725741149415 131.01377557450857,31.22053552420836,46.83171311355208 131.01377855652237,31.22053402877272,46.375274230584985 131.0137815377055,31.220532533735188,45.91794375605502 131.0137845180863,31.22053103908148,45.45972473015368 131.01378749769367,31.220529544797127,45.00062019208484 131.01379047655632,31.220528050867586,44.54063319597091 131.01379345470335,31.220526557278127,44.07976679693572 131.01379643216367,31.220525064014108,43.61802402724602 131.0137994089661,31.220523571060884,43.15540789432408 131.01380238513934,31.220522078403874,42.69192138174106 131.0138053607115,31.22052058602869,42.22756741641243 131.0138083357104,31.22051909392116,41.76234887754432 131.0138113101632,31.22051760206732,41.29626857476337 131.01381428409638,31.220516110453588,40.82932924612837 131.01381725753564,31.22051461906672,40.36153354123044 131.0138202305058,31.220513127893906,39.89288402417473 131.01382320303065,31.22051163692281,39.42338315071576 131.01382617513286,31.22051014614167,38.953033267263365 131.01382914683396,31.22050865553924,38.4818366029287 131.01383211815417,31.220507165104934,38.00979526256551 131.01383508911235,31.220505674828825,37.536911217822514 131.01383805972594,31.22050418470172,37.06318629918984 131.01384103001075,31.22050269471513,36.58862219401031 131.01384399998116,31.220501204861417,36.11322043256098 131.0138469696498,31.220499715133727,35.63698239898806 131.01384993902758,31.22049822552606,35.15990931042936 131.01385290812368,31.220496736033297,34.68200222397265 131.0138558769455,31.22049524665123,34.20326202671351 131.01385884549853,31.220493757376577,33.723689440725146 131.01386181378646,31.220492268207,33.243285013116434 131.013864781811,31.22049077914109,32.762049118018986 131.01386774957203,31.220489290178445,32.27998196453962 131.01387071706748,31.220487801319617,31.797083582841527 131.0138736842934,31.220486312566088,31.3133538360726 131.01387665124386,31.22048482392037,30.828792420365083 131.01387961791113,31.22048333538591,30.343398855886992 131.01388258428554,31.220481846967097,29.857172511694515 131.01388555035564,31.22048035866928,29.37011258883104 131.01388851610818,31.220478870498702,28.88221813225549 131.01389148152816,31.220477382462548,28.39348804475957 131.01389444659884,31.22047589456882,27.90392107603113 131.0138974113019,31.2204744068264,27.41351584750688 131.0139003756175,31.22047291924496,26.922270838453247 131.0139033395243,31.22047143183494,26.43018441579012 131.0139063029995,31.22046994460754,25.93725482216001 131.013909266019,31.22046845757464,25.443480196804355 131.01391222855756,31.22046697074872,24.94885858351573 131.01391519058876,31.22046548414289,24.453387934614007 131.01391815208527,31.220463997770807,23.95706612585741 131.0139211130187,31.22046251164656,23.459890964395345 131.0139240733601,31.2204610257847,22.96186019970341 131.01392703307965,31.220459540200128,22.462971536506583 131.01392999214718,31.22045805490806,21.963222643726247 131.01393295053202,31.22045656992393,21.46261116143869 131.01393590820328,31.220455085263342,20.961134724734475 131.01393886512983,31.220453600942022,20.45879096371796 131.01394182128072,31.22045211697572,19.955577521401995 131.01394477662498,31.22045063338016,19.45149205569597 131.013947731132,31.22044915017091,18.94653226823604 131.01395068477152,31.22044766736347,18.44069589941456 131.01395363751385,31.220446184972992,17.933980752239684 131.01395658933004,31.220444703014376,17.42638468835894 131.01395954019188,31.22044322150212,16.917905658878215 131.01396249007217,31.22044174045028,16.40854169541462 131.01396543894475,31.220440259872355,15.898290934950689 131.01396838678485,31.220438779781304,15.387151622817395 131.01397133356875,31.22043730018943,14.875122125618612 131.0139742792745,31.22043582110828,14.36220093620237 131.01397722388148,31.220434342548675,13.848386686585682 131.01398016737096,31.220432864520568,13.3336781529259 131.01398310972598,31.220431387033027,12.818074271428063 131.01398605093144,31.22042991009417,12.301574131386616 131.01398899097435,31.22042843371111,11.784176997057664 131.0139919298438,31.22042695788992,11.265882300700817 131.01399486753107,31.220425482635527,10.746689662463403 131.0139978040298,31.220424007951785,10.226598877457343 131.01400073933598,31.22042253384128,9.705609944590844 131.01400367344803,31.220421060305394,9.18372304569206 131.01400660636705,31.22041958734424,8.660938569370213 131.01400953809664,31.22041811495661,8.13725710107501 131.0140124686431,31.22041664313992,7.612679435027741 131.0140153980157,31.22041517189018,7.087206579193457 131.01401832622628,31.220413701201977,6.560839753293728 131.0140212532342,31.22041223109576,6.033576404188722 131.01402417905584,31.22041076156383,5.505418107499684 131.01402710368555,31.220409292609325,4.976364861104014 131.01403002712348,31.22040782423249,4.446417089372741 131.01403294937165,31.220406356432623,3.9155753598342335 131.01403587043373,31.220404889208044,3.3838403911284294 131.01403879031568,31.220403422556103,2.851213043065996 131.014041709025,31.220401956473168,2.317694323588393 131.0140446265712,31.22040049095469,1.7832853698794096 131.0140475429655,31.22039902599517,1.2479874662611492 131.0140504582209,31.220397561588207,0.7118020203346312 131.01405337235215,31.22039609772648,0.1747305778932346</coordinates>
            </LineString>
        </Placemark>
        <Placemark id="217">
            <name>flight_path</name>
            <styleUrl>#218</styleUrl>
            <LineString id="216">
                <altitudeMode>clampToGround</altitudeMode>
                <coordinates>131.010392,31.222216000000007,0.0 131.0103920000045,31.222215999991075,0.0 131.0103920000085,31.222215999994766,0.0 131.0103920000085,31.222215999994766,0.0 131.01039200000852,31.222215999994766,0.0 131.01039201539675,31.22221599246117,0.0 131.0103920617776,31.22221596990869,0.0 131.01039213193175,31.22221593580231,0.0 131.01039220552698,31.222215900001803,0.0 131.0103923261533,31.222215841380503,0.0 131.01039241011944,31.222215800500727,0.0 131.01039255023213,31.22221573238213,0.0 131.0103926908424,31.222215663995925,0.0 131.01039284206664,31.22221559043897,0.0 131.01039301222698,31.2222155076778,0.0 131.01039319835945,31.22221541714896,0.0 131.01039339622227,31.222215320908244,0.0 131.0103936086097,31.222215217601374,0.0 131.01039382835415,31.2222151107022,0.0 131.0103940692252,31.222214993537087,0.0 131.0103943154942,31.22221487372917,0.0 131.0103945800907,31.22221474501192,0.0 131.01039485370347,31.222214611898128,0.0 131.01039513986652,31.222214472675024,0.0 131.01039544418495,31.22221432462593,0.0 131.01039575462735,31.22221417358214,0.0 131.01039608061367,31.222214014978025,0.0 131.01039641907315,31.22221385030192,0.0 131.01039677261693,31.22221367828824,0.0 131.01039713608534,31.22221350143773,0.0 131.010397517966,31.22221331563664,0.0 131.01039790540767,31.22221312711366,0.0 131.01039830590005,31.22221293223868,0.0 131.01039871921526,31.222212731122088,0.0 131.01039914602634,31.222212523437697,0.0 131.0103995843797,31.222212310132328,0.0 131.01040002919007,31.222212093670787,0.0 131.010400488852,31.222211869984235,0.0 131.01040096154043,31.222211639957216,0.0 131.01040144391652,31.222211405208075,0.0 131.01040193996343,31.222211163806087,0.0 131.01040244347448,31.22221091875968,0.0 131.01040295825328,31.222210668225145,0.0 131.01040348638034,31.22221041119396,0.0 131.01040402793237,31.222210147628825,0.0 131.0104045774418,31.22220988018005,0.0 131.0104051377902,31.2222096074508,0.0 131.01040571307726,31.222209327453587,0.0 131.01040630329675,31.222209040191352,0.0 131.01040689520636,31.22220875208352,0.0 131.01040750096558,31.22220845723537,0.0 131.0104081214021,31.222208155245536,0.0 131.01040875222748,31.222207848192888,0.0 131.01040938861175,31.222207538419,0.0 131.0104100415545,31.222207220590928,0.0 131.01041070492113,31.22220689768276,0.0 131.0104113765162,31.222206570758807,0.0 131.01041206172027,31.22220623933769,0.0 131.01041275335763,31.222205902596823,0.0 131.01041345611776,31.222205561383475,0.0 131.01041417584827,31.222205211752204,0.0 131.01041489925257,31.22220486030812,0.0 131.01041563292745,31.222204503845944,0.0 131.01041638044336,31.22220414062317,0.0 131.0104171434506,31.2222037698294,0.0 131.01041790311672,31.222203400633152,0.0 131.01041867635203,31.222203024796908,0.0 131.01041947085355,31.222202638555967,0.0 131.01042026810936,31.22220225093608,0.0 131.01042107085763,31.2222018606037,0.0 131.0104218897294,31.222201462360086,0.0 131.01042272191566,31.22220105756965,0.0 131.0104235596143,31.222200650046368,0.0 131.01042440553968,31.222200238461152,0.0 131.0104252665992,31.222199819425416,0.0 131.0104261432472,31.222199392708763,0.0 131.0104270184843,31.22219896664585,0.0 131.01042791146492,31.222198531838227,0.0 131.01042881449328,31.222198092055606,0.0 131.01042972647164,31.222197647835166,0.0 131.0104306453584,31.222197200178435,0.0 131.0104315838758,31.2221967428244,0.0 131.010432531566,31.222196280911792,0.0 131.01043348165635,31.22219581777528,0.0 131.01043445066043,31.222195345279548,0.0 131.01043543509863,31.222194865131154,0.0 131.0104364181971,31.222194385597984,0.0 131.01043741807382,31.22219389774536,0.0 131.01043843250173,31.222193402665244,0.0 131.0104394553733,31.222192903369443,0.0 131.01044048764754,31.222192399383555,0.0 131.01044153439324,31.222191888201248,0.0 131.01044259466383,31.22219137028652,0.0 131.0104436598268,31.22219084990452,0.0 131.0104447430104,31.22219032056349,0.0 131.01044584175995,31.222189783472967,0.0 131.0104469440337,31.22218924458849,0.0 131.01044806895527,31.2221886944472,0.0 131.01044920402427,31.22218813923156,0.0 131.01045034236645,31.22218758234464,0.0 131.0104515049397,31.222187013409314,0.0 131.01045267984836,31.22218643831256,0.0 131.01045386587927,31.222185857654896,0.0 131.0104550689928,31.222185268483106,0.0 131.01045628065083,31.22218467502563,0.0 131.01045750242992,31.222184076501325,0.0 131.01045875095312,31.222183464672543,0.0 131.01045999570246,31.22218285466065,0.0 131.0104612682495,31.222182230820863,0.0 131.010462557173,31.222181598811805,0.0 131.01046384926184,31.22218096518114,0.0 131.01046515764108,31.222180323424205,0.0 131.01046650372714,31.222179662926333,0.0 131.01046784848964,31.22217900303169,0.0 131.0104691940037,31.222178342712297,0.0 131.01047058701903,31.222177658799264,0.0 131.01047196693312,31.22217698132713,0.0 131.0104733695472,31.222176292554103,0.0 131.01047482522162,31.222175577437174,0.0 131.01047623852173,31.22217488326584,0.0 131.0104777052439,31.22217416257451,0.0 131.01047920156884,31.222173427168165,0.0 131.01048066287203,31.22217270906085,0.0 131.01048219443007,31.222171956104305,0.0 131.01048371536203,31.222171208363143,0.0 131.01048524025668,31.22217045861033,0.0 131.0104868281034,31.22216967763885,0.0 131.0104883927066,31.22216890812941,0.0 131.0104899759133,31.22216812936245,0.0 131.0104916145443,31.22216732311756,0.0 131.0104932231158,31.22216653170469,0.0 131.01049487476533,31.22216571892984,0.0 131.01049655028635,31.222164894302487,0.0 131.01049820608768,31.222164079386246,0.0 131.0104999328306,31.22216322934077,0.0 131.0105016353371,31.2221623912408,0.0 131.010503357926,31.22216154316875,0.0 131.0105051450183,31.22216066317267,0.0 131.01050689443602,31.222159801759584,0.0 131.01050868461,31.22215892016568,0.0 131.01051051881842,31.222158016781165,0.0 131.01051232055292,31.22215712940196,0.0 131.01051418724236,31.22215620990569,0.0 131.01051604262324,31.22215529596108,0.0 131.01051790930396,31.22215437640216,0.0 131.01051984993276,31.22215342031192,0.0 131.0105217483243,31.22215248503658,0.0 131.01052368270535,31.22215153196932,0.0 131.01052568159577,31.22215054705229,0.0 131.01052762181254,31.22214959104636,0.0 131.01052964578355,31.2221485937088,0.0 131.0105316677512,31.22214759733628,0.0 131.0105336793906,31.22214660602708,0.0 131.0105357755484,31.222145573040027,0.0 131.01053783118854,31.222144559997087,0.0 131.01053992724977,31.222143527014925,0.0 131.01054206289083,31.22214247451808,0.0 131.01054416809475,31.22214143698996,0.0 131.01054634620544,31.222140363543343,0.0 131.01054850467165,31.22213929975136,0.0 131.01055067538724,31.22213822990984,0.0 131.0105529148869,31.22213712620331,0.0 131.01055511596638,31.222136041386868,0.0 131.0105573582362,31.22213493628908,0.0 131.01055963051,31.222133816421,0.0 131.01056188201414,31.222132706753968,0.0 131.01056421405067,31.2221315574754,0.0 131.01056650554,31.222130428122373,0.0 131.01056882814694,31.222129283459108,0.0 131.01057122166856,31.22212810393325,0.0 131.01057354901488,31.22212695692069,0.0 131.01057596304577,31.222125767301968,0.0 131.0105783532946,31.222124589362387,0.0 131.01058076050452,31.22212340308148,0.0 131.01058322543318,31.22212218844234,0.0 131.01058565003046,31.22212099360748,0.0 131.0105881431267,31.22211976512412,0.0 131.0105906238904,31.22211854269331,0.0 131.0105931084618,31.222117318386807,0.0 131.01059566042713,31.22211606098424,0.0 131.0105981649371,31.222114826878453,0.0 131.01060073497783,31.222113560593844,0.0 131.01060329420693,31.22211229961403,0.0 131.0106058628002,31.222111034032647,0.0 131.01060849112395,31.222109739123656,0.0 131.0106110716684,31.22210846766737,0.0 131.0106137272704,31.22210715935829,0.0 131.01061635242905,31.22210586599093,0.0 131.0106190024611,31.22210456040728,0.0 131.01062169752464,31.222103232709056,0.0 131.01062435114207,31.22210192535528,0.0 131.01062707508635,31.222100583463416,0.0 131.01062977226945,31.222099254705725,0.0 131.0106324903481,31.2220979156796,0.0 131.01063525555057,31.22209655350001,0.0 131.01063797471247,31.222095213926103,0.0 131.0106407677546,31.22209383804954,0.0 131.01064353335036,31.22209247564516,0.0 131.01064631685165,31.222091104431907,0.0 131.01064913066767,31.222089718306783,0.0 131.01065191770056,31.22208834533187,0.0 131.01065477008606,31.222086940214044,0.0 131.01065758759347,31.222085552226392,0.0 131.01066043699998,31.222084148535128,0.0 131.01066330133278,31.22208273748076,0.0 131.0106661446521,31.22208133674358,0.0 131.0106690621894,31.222079899462777,0.0 131.0106719248602,31.22207848915833,0.0 131.01067484221718,31.222077051909952,0.0 131.01067775205175,31.222075618334888,0.0 131.01068065806012,31.22207418661616,0.0 131.01068361639483,31.222072729088914,0.0 131.01068653409723,31.222071291547028,0.0 131.01068950889916,31.22206982583148,0.0 131.01069246122827,31.222068371154474,0.0 131.01069542708947,31.22206690976917,0.0 131.0106984259866,31.22206543204982,0.0 131.01070139060596,31.22206397119696,0.0 131.01070442484732,31.22206247594985,0.0 131.01070741894665,31.22206100046475,0.0 131.01071045702903,31.222059503224287,0.0 131.01071348313496,31.222058011846784,0.0 131.01071650937405,31.22205652035576,0.0 131.0107195772248,31.222055008260213,0.0 131.01072261136443,31.222053512764884,0.0 131.0107257163503,31.22205198221077,0.0 131.01072878089695,31.22205047158359,0.0 131.01073187479497,31.22204894639533,0.0 131.01073498737372,31.222047411913948,0.0 131.0107380710819,31.22204589164933,0.0 131.01074121071173,31.22204434367448,0.0 131.01074434049193,31.222042800509296,0.0 131.01074745358727,31.22204126553807,0.0 131.01075060160903,31.22203971323107,0.0 131.010753772531,31.2220381495334,0.0 131.01075692932045,31.22203659276632,0.0 131.01076008683543,31.222035035580287,0.0 131.01076327313856,31.22203346408924,0.0 131.01076646529896,31.2220318896386,0.0 131.01076965576593,31.222030315965352,0.0 131.01077285057667,31.222028740082493,0.0 131.0107760636228,31.222027155116184,0.0 131.01077927969538,31.222025568592795,0.0 131.0107824982351,31.222023980789825,0.0 131.0107857249561,31.22202238888049,0.0 131.0107889585954,31.22202079349063,0.0 131.01079219620524,31.2220191960798,0.0 131.01079543816647,31.22201759646051,0.0 131.0107986888953,31.2220159924492,0.0 131.0108019468234,31.222014384823204,0.0 131.0108052111084,31.222012774000568,0.0 131.01080847858742,31.222011161547087,0.0 131.01081174921117,31.2220095474884,0.0 131.01081503248548,31.22200792712541,0.0 131.01081831755397,31.22200630582841,0.0 131.01082161053543,31.222004680573463,0.0 131.0108249093166,31.22200305240732,0.0 131.01082821618948,31.222001420198847,0.0 131.01083152494195,31.22199978702021,0.0 131.0108348416758,31.221998149857622,0.0 131.010838165519,31.221996509144304,0.0 131.01084149238525,31.22199486690093,0.0 131.0108448282878,31.22199322015888,0.0 131.01084817322408,31.22199156892196,0.0 131.01085151794464,31.221989917759675,0.0 131.01085487263325,31.22198826164505,0.0 131.01085823150478,31.221986603436743,0.0 131.01086159515987,31.2219849428398,0.0 131.0108649646218,31.22198327935108,0.0 131.01086834144647,31.221981612204768,0.0 131.0108717231767,31.22197994261529,0.0 131.01087511166887,31.221978269668483,0.0 131.01087850407396,31.221976594771466,0.0 131.01088190194827,31.22197491715815,0.0 131.01088530257297,31.221973238170936,0.0 131.01088870903817,31.221971556287485,0.0 131.01089212254544,31.22196987091717,0.0 131.01089553970627,31.22196818373192,0.0 131.01089896163757,31.22196649418236,0.0 131.01090238813413,31.22196480237084,0.0 131.0109058146916,31.2219631105182,0.0 131.0109092478434,31.221961415405808,0.0 131.01091268184217,31.2219597198668,0.0 131.01091612343873,31.22195802057581,0.0 131.0109195653364,31.22195632112854,0.0 131.0109230153067,31.22195461769712,0.0 131.0109264652563,31.22195291426897,0.0 131.01092991769403,31.221951209608555,0.0 131.01093337596896,31.22194950206683,0.0 131.0109368366244,31.221947793346605,0.0 131.0109402972352,31.221946084642383,0.0 131.0109437642531,31.22194437277673,0.0 131.01094723185395,31.22194266061807,0.0 131.01095070406097,31.22194094618476,0.0 131.010954177255,31.22193923125903,0.0 131.0109576514173,31.2219375158498,0.0 131.01096112790353,31.221935799288968,0.0 131.01096460666838,31.22193408159829,0.0 131.01096808637487,31.221932363435723,0.0 131.01097156736182,31.22193064463369,0.0 131.01097504807106,31.221928925959016,0.0 131.01097853277983,31.221927205303665,0.0 131.0109820157755,31.22192548548112,0.0 131.0109855022076,31.22192376395323,0.0 131.01098898911593,31.22192204217739,0.0 131.0109924732654,31.221920321747024,0.0 131.01099596058145,31.221918599740548,0.0 131.01099944706263,31.22191687812891,0.0 131.01100293126228,31.22191515762431,0.0 131.01100641827003,31.22191343571591,0.0 131.01100990201007,31.221911715398363,0.0 131.01101338690387,31.221909994489888,0.0 131.01101687458575,31.22190827218251,0.0 131.0110203581938,31.22190655186001,0.0 131.0110238411096,31.221904831852992,0.0 131.01102732335633,31.22190311214843,0.0 131.01103080736897,31.22190139154277,0.0 131.01103428947292,31.22189967184838,0.0 131.01103777019955,31.221897952801783,0.0 131.01104125192387,31.221896233228662,0.0 131.01104473178253,31.221894514541617,0.0 131.01104820967387,31.22189279678976,0.0 131.01105169022838,31.221891077683807,0.0 131.01105516574825,31.22188936102612,0.0 131.01105864625268,31.221887641863848,0.0 131.01106212319752,31.2218859244186,0.0 131.01106560055734,31.221884206724685,0.0 131.011069077354,31.22188248926439,0.0 131.0110725552987,31.22188077119024,0.0 131.011076032286,31.221879053542487,0.0 131.01107950820705,31.221877336374096,0.0 131.01108298347495,31.221875619479817,0.0 131.01108645962523,31.221873902098903,0.0 131.01108993284467,31.221872186117583,0.0 131.01109340734337,31.22187046945168,0.0 131.0110968808223,31.221868753238265,0.0 131.01110035333707,31.2218670374494,0.0 131.01110382503845,31.22186532200997,0.0 131.01110729916883,31.22186360531416,0.0 131.01111076939313,31.2218618904984,0.0 131.01111424177904,31.22186017455799,0.0 131.01111771595336,31.22185845767735,0.0 131.0111211886966,31.22185674145083,0.0 131.01112466207334,31.22185502485596,0.0 131.01112813621884,31.22185330782579,0.0 131.01113161194226,31.221851589959687,0.0 131.011135083718,31.22184987399473,0.0 131.01113855693495,31.221848157262084,0.0 131.01114203080627,31.22184644015181,0.0 131.0111455037595,31.221844723443223,0.0 131.01114897960315,31.22184300525044,0.0 131.0111524526704,31.221841288380805,0.0 131.01115592481565,31.221839571916444,0.0 131.01115940266263,31.221837852577565,0.0 131.01116288070912,31.221836133090022,0.0 131.01116635650197,31.221834414669427,0.0 131.01116983530963,31.22183269470755,0.0 131.01117331505702,31.221830974233,0.0 131.0111767962999,31.22182925297156,0.0 131.01118027933916,31.22182753077528,0.0 131.01118376383707,31.221825807812447,0.0 131.01118724720413,31.22182408536593,0.0 131.011190731789,31.221822362274207,0.0 131.01119421731875,31.221820638673503,0.0 131.01119770185403,31.22181891552473,0.0 131.01120118701695,31.22181719202629,0.0 131.01120467981468,31.221815464712307,0.0 131.01120816777944,31.22181373975296,0.0 131.0112116577174,31.221812013781623,0.0 131.01121515085575,31.22181028619285,0.0 131.01121864370555,31.22180855871363,0.0 131.01122213726217,31.22180683085273,0.0 131.01122562948996,31.22180510361796,0.0 131.01122912359435,31.221803375425413,0.0 131.01123262024802,31.221801645943927,0.0 131.0112361145275,31.221799917608656,0.0 131.01123961060216,31.22179818835946,0.0 131.01124311037168,31.221796457258847,0.0 131.01124661127523,31.22179472557372,0.0 131.01125010955198,31.221792995163327,0.0 131.01125360875895,31.22179126427089,0.0 131.01125711194848,31.22178953138961,0.0 131.01126061643208,31.22178779784892,0.0 131.01126412104858,31.22178606422316,0.0 131.01126762545462,31.221784330682727,0.0 131.0112711321142,31.221782596011543,0.0 131.01127463615987,31.221780862614214,0.0 131.01127814456623,31.22177912704724,0.0 131.01128165324627,31.22177739132969,0.0 131.01128516406916,31.221775654539275,0.0 131.0112886737371,31.22177391830472,0.0 131.01129218228309,31.22177218261014,0.0 131.01129569374808,31.221770445461264,0.0 131.0112992067638,31.22176870753409,0.0 131.01130272308612,31.221766967962296,0.0 131.01130623710247,31.22176522951652,0.0 131.01130975134447,31.22176349094741,0.0 131.01131327092844,31.22176174973001,0.0 131.01131678710226,31.221760010184152,0.0 131.01132030691346,31.2217582688316,0.0 131.01132382655993,31.221756527548912,0.0 131.01132734303283,31.221754787820995,0.0 131.01133086044433,31.221753047618307,0.0 131.01133437684825,31.2217513079012,0.0 131.01133789252182,31.22174956853265,0.0 131.01134140742954,31.22174782952998,0.0 131.0113449215362,31.22174609091024,0.0 131.01134843480713,31.221744352690216,0.0 131.01135194720803,31.22174261488641,0.0 131.0113554587055,31.22174087751496,0.0 131.01135896926658,31.221739140591552,0.0 131.01136247885927,31.22173740413149,0.0 131.01136598745242,31.2217356681496,0.0 131.0113694950159,31.221733932660136,0.0 131.01137300152055,31.221732197676832,0.0 131.0113765069384,31.22173046321283,0.0 131.0113800112426,31.22172872928065,0.0 131.0113835144076,31.22172699589217,0.0 131.0113870164092,31.22172526305857,0.0 131.01139051722447,31.22172353079036,0.0 131.01139401683196,31.22172179909732,0.0 131.01139751521163,31.22172006798847,0.0 131.011401012345,31.221718337472105,0.0 131.0114045082151,31.22171660755573,0.0 131.01140800280635,31.22171487824608,0.0 131.01141149610507,31.22171314954908,0.0 131.01141498809903,31.22171142146985,0.0 131.0114184787776,31.221709694012723,0.0 131.01142196813177,31.221707967181214,0.0 131.01142545615423,31.221706240978047,0.0 131.01142894283936,31.221704515405108,0.0 131.01143242818296,31.221702790463496,0.0 131.0114359121827,31.22170106615353,0.0 131.0114393948377,31.22169934247472,0.0 131.01144287614886,31.221697619425807,0.0 131.01144635611848,31.221695897004768,0.0 131.01144983475044,31.22169417520885,0.0 131.01145331205024,31.22169245403452,0.0 131.0114567880248,31.2216907334776,0.0 131.01146026268245,31.22168901353316,0.0 131.01146373603302,31.221687294195643,0.0 131.01146720808768,31.221685575458807,0.0 131.01147067885893,31.221683857315828,0.0 131.01147414836046,31.221682139759256,0.0 131.01147761660724,31.221680422781084,0.0 131.01148108361548,31.22167870637277,0.0 131.01148454940227,31.221676990525275,0.0 131.01148801398602,31.22167527522907,0.0 131.01149147738585,31.2216735604742,0.0 131.01149493962194,31.22167184625025,0.0 131.01149840071528,31.22167013254651,0.0 131.01150186068764,31.221668419351875,0.0 131.01150531956148,31.221666706654936,0.0 131.01150877735992,31.221664994444016,0.0 131.0115122341066,31.221663282707222,0.0 131.01151568982573,31.22166157143245,0.0 131.0115191445418,31.221659860607424,0.0 131.0115225982798,31.22165815021976,0.0 131.0115260510649,31.22165644025696,0.0 131.01152950292243,31.221654730706497,0.0 131.01153295387803,31.2216530215558,0.0 131.0115364039572,31.22165131279231,0.0 131.01153985318547,31.221649604403545,0.0 131.01154330158835,31.221647896377085,0.0 131.01154674919124,31.221646188700618,0.0 131.01155019601913,31.221644481361995,0.0 131.0115536420969,31.221642774349224,0.0 131.0115570874491,31.22164106765055,0.0 131.01156053209968,31.221639361254425,0.0 131.01156397607238,31.221637655149586,0.0 131.0115674193902,31.221635949325048,0.0 131.01157086207576,31.221634243770144,0.0 131.0115743041509,31.221632538474548,0.0 131.01157774563683,31.221630833428296,0.0 131.0115811865541,31.221629128621807,0.0 131.01158462692254,31.221627424045906,0.0 131.01158806676096,31.221625719691826,0.0 131.01159150608754,31.221624015551228,0.0 131.01159494491947,31.221622311616283,0.0 131.0115983832732,31.221620607879554,0.0 131.01160182116405,31.221618904334125,0.0 131.0116052586065,31.221617200973544,0.0 131.011608695614,31.221615497791863,0.0 131.0116121321991,31.22161379478364,0.0 131.01161556837323,31.22161209194393,0.0 131.01161900414695,31.22161038926832,0.0 131.01162243952965,31.22160868675288,0.0 131.01162587452976,31.221606984394207,0.0 131.0116293091546,31.22160528218943,0.0 131.0116327434106,31.221603580136144,0.0 131.01163617730305,31.22160187823249,0.0 131.01163961083623,31.22160017647712,0.0 131.01164304401345,31.22159847486912,0.0 131.011646476837,31.221596773408127,0.0 131.01164990930815,31.22159507209423,0.0 131.01165334142723,31.22159337092799,0.0 131.01165677319366,31.221591669910406,0.0 131.01166020460585,31.221589969042967,0.0 131.01166363566136,31.221588268327544,0.0 131.01166706635684,31.22158656776647,0.0 131.0116704966881,31.22158486736244,0.0 131.0116739266502,31.221583167118567,0.0 131.01167735623724,31.221581467038327,0.0 131.0116807854427,31.22157976712554,0.0 131.01168421425928,31.22157806738438,0.0 131.011687642679,31.221576367819303,0.0 131.0116910706932,31.221574668435096,0.0 131.01169449829263,31.22157296923683,0.0 131.01169792546744,31.2215712702298,0.0 131.01170135220727,31.22156957141956,0.0 131.01170477850124,31.221567872811903,0.0 131.0117082043379,31.22156617441279,0.0 131.0117116297056,31.221564476228384,0.0 131.0117150545921,31.221562778264985,0.0 131.01171847898487,31.22156108052905,0.0 131.0117219028711,31.22155938302716,0.0 131.01172532623775,31.22155768576596,0.0 131.01172874907147,31.22155598875224,0.0 131.01173217135877,31.22155429199276,0.0 131.011735593086,31.22155259549439,0.0 131.01173901423942,31.221550899263995,0.0 131.01174243480523,31.221549203308445,0.0 131.01174585476952,31.22154750763459,0.0 131.01174927411847,31.22154581224924,0.0 131.01175269283823,31.22154411715916,0.0 131.01175611091517,31.221542422371066,0.0 131.01175952833557,31.221540727891547,0.0 131.01176294508596,31.221539033727133,0.0 131.01176636115304,31.22153733988421,0.0 131.01176977652366,31.221535646369045,0.0 131.01177319118503,31.221533953187752,0.0 131.01177660512445,31.221532260346308,0.0 131.01178001832963,31.22153056785048,0.0 131.01178343078865,31.221528875705896,0.0 131.01178684248967,31.221527183917967,0.0 131.01179025342157,31.22152549249192,0.0 131.01179366357331,31.221523801432703,0.0 131.01179707293443,31.22152211074517,0.0 131.0118004814948,31.221520420433794,0.0 131.01180388924487,31.22151873050291,0.0 131.0118072961754,31.22151704095658,0.0 131.01181070227764,31.221515351798583,0.0 131.0118141075434,31.221513663032507,0.0 131.01181751196506,31.221511974661613,0.0 131.01182091553528,31.22151028668893,0.0 131.0118243182474,31.221508599117207,0.0 131.0118277200953,31.221506911948943,0.0 131.01183112107333,31.22150522518632,0.0 131.01183452117635,31.221503538831296,0.0 131.01183792039987,31.221501852885524,0.0 131.01184131873984,31.2215001673504,0.0 131.0118447161928,31.221498482227016,0.0 131.01184811275587,31.22149679751624,0.0 131.01185150842664,31.22149511321863,0.0 131.01185490320324,31.22149342933451,0.0 131.0118582970844,31.22149174586393,0.0 131.0118616900693,31.22149006280665,0.0 131.01186508215775,31.22148838016224,0.0 131.01186847334995,31.22148669792997,0.0 131.0118718636467,31.221485016108897,0.0 131.01187525304917,31.221483334697822,0.0 131.01187864155915,31.221481653695346,0.0 131.01188202917888,31.2214799730998,0.0 131.0118854159109,31.221478292909364,0.0 131.0118888017585,31.22147661312196,0.0 131.01189218672508,31.22147493373533,0.0 131.01189557081457,31.22147325474705,0.0 131.01189895403132,31.22147157615449,0.0 131.01190233638013,31.221469897954865,0.0 131.01190571786597,31.221468220145223,0.0 131.0119090984943,31.22146654272246,0.0 131.01191247827083,31.22146486568336,0.0 131.01191585720164,31.22146318902453,0.0 131.01191923529305,31.22146151274252,0.0 131.0119226125516,31.22145983683372,0.0 131.01192598898407,31.22145816129444,0.0 131.01192936459762,31.221456486120942,0.0 131.01193273939938,31.221454811309364,0.0 131.01193611339684,31.22145313685581,0.0 131.01193948659747,31.22145146275632,0.0 131.01194285900908,31.22144978900692,0.0 131.01194623063938,31.22144811560356,0.0 131.01194960149633,31.221446442542224,0.0 131.0119529715878,31.22144476981885,0.0 131.01195634092196,31.221443097429407,0.0 131.01195970950667,31.22144142536986,0.0 131.01196307735017,31.2214397536362,0.0 131.01196644446023,31.22143808222445,0.0 131.01196981084505,31.22143641113072,0.0 131.01197317651247,31.22143474035109,0.0 131.01197654147035,31.2214330698818,0.0 131.01197990572643,31.221431399719062,0.0 131.0119832692884,31.221429729859256,0.0 131.01198663216377,31.22142806029881,0.0 131.0119899943599,31.221426391034232,0.0 131.011993355884,31.221424722062167,0.0 131.01199671674317,31.221423053379365,0.0 131.0120000769442,31.221421384982666,0.0 131.01200343649373,31.221419716869068,0.0 131.0120067953982,31.221418049035663,0.0 131.01201015366385,31.22141638147969,0.0 131.01201351129663,31.221414714198566,0.0 131.01201686830225,31.221413047189767,0.0 131.01202022468607,31.221411380450984,0.0 131.01202358045353,31.22140971398004,0.0 131.01202693560936,31.22140804777485,0.0 131.01203029015826,31.2214063818336,0.0 131.01203364410466,31.22140471615451,0.0 131.01203699745255,31.221403050736026,0.0 131.01204035020584,31.221401385576712,0.0 131.01204370236792,31.22139972067533,0.0 131.01204705394213,31.221398056030743,0.0 131.0120504049313,31.221396391642006,0.0 131.01205375533814,31.221394727508304,0.0 131.012057105165,31.221393063629,0.0 131.01206045441393,31.221391400003554,0.0 131.01206380308673,31.22138973663162,0.0 131.0120671511849,31.22138807351296,0.0 131.01207049870973,31.221386410647497,0.0 131.01207384566217,31.221384748035256,0.0 131.01207719204297,31.22138308567643,0.0 131.0120805378526,31.221381423571305,0.0 131.01208388309126,31.221379761720275,0.0 131.01208722775905,31.22137810012389,0.0 131.01209057185557,31.22137643878276,0.0 131.01209391538055,31.22137477769764,0.0 131.01209725833337,31.22137311686932,0.0 131.01210060071313,31.221371456298748,0.0 131.01210394251882,31.22136979598689,0.0 131.01210728374932,31.22136813593485,0.0 131.01211062440328,31.22136647614373,0.0 131.01211396447923,31.221364816614752,0.0 131.01211730397554,31.22136315734916,0.0 131.01212064289055,31.22136149834824,0.0 131.01212398122237,31.221359839613324,0.0 131.01212731896916,31.221358181145806,0.0 131.0121306561288,31.221356522947072,0.0 131.01213399269935,31.22135486501853,0.0 131.0121373286786,31.22135320736159,0.0 131.0121406640644,31.22135154997769,0.0 131.01214399885453,31.22134989286828,0.0 131.01214733304684,31.22134823603473,0.0 131.012150666639,31.22134657947848,0.0 131.0121539996289,31.22134492320088,0.0 131.0121573320143,31.22134326720329,0.0 131.01216066379305,31.22134161148704,0.0 131.01216399496286,31.221339956053388,0.0 131.01216732552183,31.221338300903568,0.0 131.01217065546783,31.22133664603879,0.0 131.01217398479892,31.221334991460168,0.0 131.01217731351315,31.22133333716877,0.0 131.0121806416088,31.22133168316561,0.0 131.01218396908408,31.22133002945164,0.0 131.0121872959374,31.22132837602772,0.0 131.0121906221672,31.221326722894634,0.0 131.0121939477721,31.22132507005313,0.0 131.01219727275085,31.221323417503847,0.0 131.01220059710212,31.22132176524733,0.0 131.012203920825,31.221320113284094,0.0 131.01220724391848,31.221318461614505,0.0 131.01221056638184,31.221316810238875,0.0 131.01221388821435,31.22131515915743,0.0 131.01221720941547,31.22131350837033,0.0 131.0122205299849,31.221311857877584,0.0 131.01222384992224,31.221310207679192,0.0 131.01222716922743,31.221308557775004,0.0 131.01223048790047,31.22130690816483,0.0 131.0122338059415,31.221305258848368,0.0 131.0122371233508,31.22130360982525,0.0 131.0122404401287,31.22130196109501,0.0 131.01224375627575,31.221300312657142,0.0 131.01224707179264,31.221298664511,0.0 131.01225038668008,31.22129701665591,0.0 131.01225370093897,31.22129536909112,0.0 131.01225701457025,31.221293721815808,0.0 131.01226032757504,31.221292074829087,0.0 131.01226363995448,31.221290428130008,0.0 131.0122669517099,31.22128878171755,0.0 131.01227026284263,31.221287135590664,0.0 131.0122735733541,31.221285489748244,0.0 131.0122768832458,31.221283844189127,0.0 131.01228019251937,31.22128219891213,0.0 131.01228350117634,31.221280553916028,0.0 131.01228680921847,31.221278909199537,0.0 131.01229011664748,31.22127726476139,0.0 131.01229342346502,31.22127562060028,0.0 131.01229672967298,31.22127397671487,0.0 131.0123000352731,31.22127233310384,0.0 131.0123033402672,31.22127068976583,0.0 131.01230664465703,31.221269046699515,0.0 131.0123099484445,31.221267403903543,0.0 131.01231325163127,31.221265761376607,0.0 131.01231655421913,31.2212641191174,0.0 131.01231985620976,31.221262477124583,0.0 131.01232315760484,31.221260835396937,0.0 131.01232645840602,31.2212591939332,0.0 131.01232975861484,31.22125755273217,0.0 131.01233305823277,31.22125591179269,0.0 131.01233635726123,31.221254271113647,0.0 131.01233965570157,31.221252630693968,0.0 131.012342953555,31.221250990532635,0.0 131.01234625082265,31.22124935062872,0.0 131.01234954750555,31.22124771098129,0.0 131.01235284360465,31.22124607158957,0.0 131.01235613912073,31.221244432452767,0.0 131.0123594340544,31.22124279357024,0.0 131.0123627284063,31.221241154941364,0.0 131.0123660221767,31.22123951656565,0.0 131.012369315366,31.22123787844265,0.0 131.0123726079742,31.22123624057205,0.0 131.0123759000012,31.2212346029536,0.0 131.0123791914469,31.22123296558712,0.0 131.01238248231093,31.22123132847258,0.0 131.0123857725927,31.221229691610034,0.0 131.0123890622915,31.221228054999607,0.0 131.01239235140648,31.22122641864157,0.0 131.01239563993656,31.22122478253628,0.0 131.01239892788055,31.221223146684192,0.0 131.01240221523705,31.22122151108587,0.0 131.01240550200444,31.221219875741983,0.0 131.012408788181,31.22121824065332,0.0 131.01241207376475,31.22121660582077,0.0 131.0124153587537,31.221214971245328,0.0 131.0124186431455,31.22121333692811,0.0 131.01242192693766,31.22121170287029,0.0 131.0124252101276,31.221210069073216,0.0 131.01242849271253,31.221208435538287,0.0 131.0124317746895,31.22120680226701,0.0 131.0124350560554,31.22120516926101,0.0 131.01243833680698,31.22120353652199,0.0 131.0124416169408,31.22120190405176,0.0 131.01244489645333,31.2212002718522,0.0 131.0124481753409,31.221198639925284,0.0 131.01245145359965,31.221197008273087,0.0 131.0124547312257,31.221195376897743,0.0 131.0124580082149,31.221193745801468,0.0 131.01246128456316,31.22119211498656,0.0 131.0124645602662,31.22119048445536,0.0 131.01246783531963,31.22118885421028,0.0 131.01247110971914,31.221187224253764,0.0 131.01247438346013,31.221185594588366,0.0 131.01247765653807,31.221183965216625,0.0 131.01248092894835,31.22118233614114,0.0 131.01248420068643,31.221180707364528,0.0 131.0124874717475,31.221179078889463,0.0 131.012490742127,31.2211774507186,0.0 131.01249401182022,31.22117582285464,0.0 131.0124972808225,31.22117419530024,0.0 131.0125005491292,31.221172568058105,0.0 131.01250381673572,31.221170941130914,0.0 131.01250708363756,31.221169314521315,0.0 131.0125103498302,31.221167688231947,0.0 131.0125136153092,31.22116606226541,0.0 131.01251688007036,31.22116443662428,0.0 131.01252014410937,31.221162811311046,0.0 131.01252340742215,31.221161186328207,0.0 131.0125266700048,31.22115956167813,0.0 131.01252993185346,31.22115793736317,0.0 131.01253319296444,31.22115631338558,0.0 131.01253645333432,31.22115468974753,0.0 131.01253971295972,31.22115306645111,0.0 131.01254297183755,31.2211514434983,0.0 131.01254622996498,31.221149820890968,0.0 131.0125494873392,31.221148198630903,0.0 131.01255274395783,31.22114657671976,0.0 131.0125559998186,31.22114495515904,0.0 131.0125592549196,31.22114333395016,0.0 131.01256250925908,31.22114171309437,0.0 131.0125657628356,31.221140092592808,0.0 131.01256901564807,31.22113847244644,0.0 131.01257226769553,31.221136852656088,0.0 131.01257551897748,31.22113523322241,0.0 131.0125787694936,31.221133614145923,0.0 131.01258201924395,31.221131995426955,0.0 131.01258526822895,31.22113037706569,0.0 131.01258851644914,31.22112875906213,0.0 131.01259176390565,31.22112714141609,0.0 131.01259501059968,31.221125524127256,0.0 131.01259825653295,31.221123907195068,0.0 131.01260150170745,31.22112229061884,0.0 131.01260474612548,31.22112067439768,0.0 131.01260798978964,31.22111905853053,0.0 131.012611232703,31.221117443016155,0.0 131.01261447486877,31.221115827853115,0.0 131.01261771629063,31.22111421303981,0.0 131.0126209569725,31.221112598574475,0.0 131.0126241969187,31.221110984455148,0.0 131.01262743613373,31.22110937067969,0.0 131.01263067462253,31.22110775724582,0.0 131.01263391239027,31.221106144151065,0.0 131.01263714944238,31.2211045313928,0.0 131.01264038578466,31.221102918968235,0.0 131.0126436214231,31.22110130687443,0.0 131.01264685636403,31.221099695108304,0.0 131.0126500906139,31.22109808366664,0.0 131.01265332417952,31.221096472546044,0.0 131.01265655706783,31.221094861743047,0.0 131.01265978928603,31.221093251254032,0.0 131.01266302084156,31.22109164107525,0.0 131.01266625174188,31.22109003120289,0.0 131.01266948199475,31.221088421633,0.0 131.0126727116081,31.22108681236156,0.0 131.0126759405898,31.22108520338446,0.0 131.012679168948,31.22108359469752,0.0 131.01268239669093,31.221081986296493,0.0 131.01268562382683,31.22108037817709,0.0 131.01268885036396,31.221078770334987,0.0 131.01269207631069,31.221077162765795,0.0 131.0126953016754,31.221075555465127,0.0 131.01269852646644,31.2210739484286,0.0 131.0127017506921,31.221072341651755,0.0 131.01270497436067,31.22107073513025,0.0 131.01270819748035,31.221069128859696,0.0 131.0127114200593,31.22106752283575,0.0 131.0127146421055,31.221065917054105,0.0 131.01271786362676,31.221064311510528,0.0 131.01272108463087,31.221062706200826,0.0 131.01272430512535,31.22106110112091,0.0 131.01272752511758,31.22105949626675,0.0 131.01273074461463,31.221057891634416,0.0 131.01273396362356,31.22105628722012,0.0 131.0127371821509,31.22105468302015,0.0 131.01274040020303,31.22105307903093,0.0 131.01274361778616,31.22105147524905,0.0 131.01274683490598,31.22104987167124,0.0 131.012750051568,31.221048268294343,0.0 131.01275326777727,31.22104666511543,0.0 131.0127564835387,31.22104506213172,0.0 131.01275969885663,31.2210434593406,0.0 131.01276291373503,31.221041856739685,0.0 131.01276612817756,31.221040254326777,0.0 131.01276934218737,31.22103865209987,0.0 131.0127725557672,31.221037050057195,0.0 131.0127757689195,31.22103544819718,0.0 131.01277898164602,31.221033846518527,0.0 131.01278219394823,31.22103224502013,0.0 131.01278540582717,31.221030643701106,0.0 131.01278861728315,31.22102904256088,0.0 131.01279182831627,31.22102744159907,0.0 131.01279503892607,31.22102584081556,0.0 131.01279824911154,31.22102424021048,0.0 131.0128014588712,31.22102263978424,0.0 131.0128046682031,31.221021039537483,0.0 131.0128078771048,31.221019439471128,0.0 131.0128110855733,31.22101783958633,0.0 131.01281429360515,31.22101623988455,0.0 131.01281750119645,31.221014640367454,0.0 131.0128207083427,31.221013041037,0.0 131.01282391503906,31.221011441895392,0.0 131.01282712128005,31.221009842945104,0.0 131.01283032705985,31.221008244188823,0.0 131.01283353237207,31.22100664562952,0.0 131.01283673721,31.2210050472704,0.0 131.01283994156634,31.221003449114896,0.0 131.0128431454335,31.221001851166704,0.0 131.01284634880332,31.221000253429697,0.0 131.0128495516674,31.220998655908016,0.0 131.01285275401673,31.220997058605985,0.0 131.01285595584224,31.22099546152814,0.0 131.0128591571342,31.22099386467924,0.0 131.01286235788265,31.220992268064183,0.0 131.01286555807744,31.220990671688103,0.0 131.01286875770788,31.22098907555625,0.0 131.0128719567632,31.22098747967408,0.0 131.01287515523228,31.220985884047167,0.0 131.0128783531038,31.22098428868121,0.0 131.01288155036616,31.220982693582084,0.0 131.01288474700772,31.22098109875572,0.0 131.01288794301652,31.220979504208163,0.0 131.01289113838055,31.22097790994558,0.0 131.0128943330877,31.220976315974166,0.0 131.01289752712563,31.220974722300216,0.0 131.01290072048226,31.22097312893004,0.0 131.01290391314512,31.22097153586998,0.0 131.012907105102,31.220969943126423,0.0 131.0129102963405,31.220968350705743,0.0 131.0129134868485,31.22096675861429,0.0 131.01291667661383,31.220965166858416,0.0 131.01291986562453,31.2209635754444,0.0 131.01292305386863,31.22096198437845,0.0 131.01292624133444,31.220960393666783,0.0 131.01292942801047,31.22095880331544,0.0 131.01293261388548,31.2209572133304,0.0 131.0129357989484,31.22095562371752,0.0 131.01293898318855,31.22095403448252,0.0 131.01294216659548,31.22095244563098,0.0 131.01294534915908,31.22095085716832,0.0 131.01294853086975,31.22094926909977,0.0 131.0129517117181,31.220947681430378,0.0 131.01295489169527,31.220946094165,0.0 131.01295807079282,31.22094450730824,0.0 131.0129612490028,31.220942920864523,0.0 131.01296442631767,31.22094133483798,0.0 131.01296760273055,31.22093974923253,0.0 131.012970778235,31.220938164051805,0.0 131.0129739528251,31.22093657929916,0.0 131.01297712649563,31.220934994977643,0.0 131.01298029924186,31.220933411090044,0.0 131.01298347105978,31.22093182763882,0.0 131.0129866419458,31.22093024462612,0.0 131.01298981189723,31.22092866205377,0.0 131.0129929809119,31.22092707992326,0.0 131.01299614898824,31.22092549823573,0.0 131.01299931612544,31.22092391699202,0.0 131.01300248232343,31.22092233619257,0.0 131.0130056475827,31.220920755837515,0.0 131.01300881190448,31.2209191759266,0.0 131.0130119752907,31.220917596459223,0.0 131.01301513774405,31.22091601743444,0.0 131.01301829926777,31.220914438850905,0.0 131.0130214598659,31.22091286070697,0.0 131.0130246195431,31.220911283000607,0.0 131.01302777830483,31.22090970572943,0.0 131.0130309361571,31.220908128890688,0.0 131.01303409310654,31.22090655248129,0.0 131.0130372491606,31.220904976497856,0.0 131.0130404043273,31.2209034009366,0.0 131.0130435586152,31.220901825793423,0.0 131.01304671203357,31.220900251063927,0.0 131.01304986459215,31.2208986767434,0.0 131.01305301630143,31.220897102826807,0.0 131.0130561671722,31.22089552930885,0.0 131.01305931721595,31.220893956183964,0.0 131.01306246644464,31.220892383446262,0.0 131.0130656148706,31.22089081108964,0.0 131.01306876250666,31.22088923910777,0.0 131.01307190936612,31.22088766749405,0.0 131.0130750554625,31.22088609624176,0.0 131.0130782008098,31.220884525343884,0.0 131.01308134542225,31.220882954793304,0.0 131.01308448931437,31.22088138458272,0.0 131.0130876325009,31.220879814704688,0.0 131.01309077499684,31.220878245151656,0.0 131.01309391681727,31.22087667591598,0.0 131.01309705797746,31.22087510698991,0.0 131.0131001984927,31.22087353836565,0.0 131.01310333837836,31.22087197003539,0.0 131.0131064776497,31.22087040199125,0.0 131.01310961632217,31.22086883422538,0.0 131.01311275441088,31.220867266729968,0.0 131.01311589193102,31.220865699497224,0.0 131.01311902889745,31.22086413251942,0.0 131.01312216532494,31.22086256578893,0.0 131.01312530122797,31.22086099929825,0.0 131.0131284366207,31.220859433039976,0.0 131.013131571517,31.22085786700688,0.0 131.01313470593027,31.22085630119188,0.0 131.01313783987368,31.22085473558809,0.0 131.0131409733598,31.22085317018889,0.0 131.0131441064008,31.220851604987825,0.0 131.01314723900828,31.22085003997872,0.0 131.01315037119323,31.220848475155663,0.0 131.01315350296616,31.22084691051305,0.0 131.01315663433687,31.22084534604556,0.0 131.01315976531453,31.2208437817482,0.0 131.01316289590764,31.220842217616312,0.0 131.0131660261239,31.22084065364563,0.0 131.0131691559704,31.220839089832204,0.0 131.01317228545335,31.220837526172502,0.0 131.01317541457817,31.220835962663383,0.0 131.01317854334957,31.220834399302102,0.0 131.01318167177132,31.220832836086327,0.0 131.01318479984636,31.220831273014173,0.0 131.0131879275768,31.220829710084164,0.0 131.01319105496387,31.220828147295308,0.0 131.01319418200788,31.220826584647032,0.0 131.01319730870827,31.220825022139216,0.0 131.0132004350635,31.220823459772216,0.0 131.01320356107135,31.220821897546845,0.0 131.0132066867284,31.22082033546436,0.0 131.01320981203057,31.22081877352649,0.0 131.01321293697262,31.22081721173547,0.0 131.01321606154875,31.220815650093936,0.0 131.01321918575195,31.220814088605003,0.0 131.0132223095746,31.220812527272223,0.0 131.01322543300807,31.220810966099645,0.0 131.0132285560429,31.220809405091675,0.0 131.01323167866883,31.22080784425321,0.0 131.0132348008748,31.22080628358956,0.0 131.01323792264904,31.22080472310641,0.0 131.01324104397884,31.220803162809887,0.0 131.01324416485096,31.220801602706462,0.0 131.0132472852514,31.22080004280299,0.0 131.01325040516542,31.22079848310668,0.0 131.01325352457775,31.22079692362508,0.0 131.01325664347252,31.220795364366023,0.0 131.01325976183327,31.22079380533768,0.0 131.01326287964304,31.22079224654849,0.0 131.01326599688443,31.22079068800715,0.0 131.01326911353965,31.22078912972256,0.0 131.01327222959034,31.220787571703887,0.0 131.0132753450181,31.220786013960456,0.0 131.01327845980396,31.22078445650175,0.0 131.0132815739289,31.220782899337408,0.0 131.01328468737373,31.22078134247718,0.0 131.01328780011897,31.220779785930908,0.0 131.01329091214515,31.22077822970849,0.0 131.01329402343282,31.22077667381985,0.0 131.0132971339625,31.220775118274943,0.0 131.01330024371484,31.22077356308369,0.0 131.01330335267056,31.220772008255967,0.0 131.01330646081058,31.22077045380158,0.0 131.0133095681161,31.22076889973022,0.0 131.01331267456865,31.220767346051456,0.0 131.01331578015,31.22076579277469,0.0 131.01331888484242,31.22076423990916,0.0 131.01332198862863,31.22076268746388,0.0 131.01332509149182,31.2207611354476,0.0 131.01332819341573,31.22075958386884,0.0 131.0133312943848,31.220758032735795,0.0 131.01333439438406,31.220756482056373,0.0 131.01333749339926,31.22075493183813,0.0 131.01334059141683,31.22075338208824,0.0 131.01334368842416,31.220751832813487,0.0 131.0133467844093,31.220750284020287,0.0 131.0133498793613,31.220748735714576,0.0 131.01335297327003,31.22074718790187,0.0 131.01335606612645,31.2207456405872,0.0 131.0133591579223,31.220744093775096,0.0 131.0133622486505,31.22074254746961,0.0 131.0133653383049,31.220741001674263,0.0 131.0133684268805,31.220739456392067,0.0 131.01337151437332,31.220737911625424,0.0 131.0133746007805,31.22073636737624,0.0 131.01337768610023,31.220734823645834,0.0 131.01338077033202,31.22073328043497,0.0 131.01338385347628,31.22073173774384,0.0 131.01338693553473,31.220730195572006,0.0 131.01339001651013,31.220728653918496,0.0 131.01339309640647,31.22072711278176,0.0 131.01339617522882,31.220725572159623,0.0 131.0133992529834,31.220724032049343,0.0 131.01340232967755,31.22072249244764,0.0 131.01340540531973,31.220720953350625,0.0 131.0134084799194,31.22071941475388,0.0 131.01341155348717,31.220717876652404,0.0 131.0134146260346,31.22071633904069,0.0 131.0134176975744,31.22071480191271,0.0 131.01342076812003,31.22071326526192,0.0 131.01342383768605,31.22071172908127,0.0 131.01342690628795,31.220710193363274,0.0 131.01342997394187,31.220708658099955,0.0 131.01343304066495,31.22070712328296,0.0 131.01343610647498,31.220705588903485,0.0 131.0134391713905,31.220704054952385,0.0 131.01344223543072,31.220702521420137,0.0 131.01344529861532,31.220700988296915,0.0 131.01344836096467,31.2206994555726,0.0 131.01345142249963,31.220697923236767,0.0 131.01345448324125,31.22069639127883,0.0 131.01345754321113,31.22069485968796,0.0 131.0134606024311,31.22069332845316,0.0 131.0134636609232,31.220691797563315,0.0 131.01346671870957,31.22069026700722,0.0 131.0134697758124,31.220688736773607,0.0 131.01347283225405,31.220687206851164,0.0 131.0134758880566,31.22068567722861,0.0 131.0134789432421,31.220684147894705,0.0 131.01348199783232,31.220682618838303,0.0 131.0134850518488,31.220681090048387,0.0 131.01348810531272,31.220679561514064,0.0 131.01349115824476,31.220678033224686,0.0 131.01349421066516,31.220676505169795,0.0 131.01349726259355,31.22067497733921,0.0 131.013500314049,31.220673449723087,0.0 131.01350336504976,31.220671922311848,0.0 131.0135064156134,31.220670395096352,0.0 131.0135094657566,31.22066886806782,0.0 131.0135125154952,31.22066734121793,0.0 131.01351556484403,31.22066581453881,0.0 131.01351861381696,31.220664288023084,0.0 131.01352166242685,31.22066276166389,0.0 131.01352471068532,31.220661235454934,0.0 131.01352775860295,31.220659709390453,0.0 131.01353080618918,31.2206581834653,0.0 131.013533853452,31.22065665767496,0.0 131.01353690039832,31.22065513201552,0.0 131.0135399470337,31.22065360648372,0.0 131.01354299336248,31.220652081076977,0.0 131.0135460393874,31.22065055579338,0.0 131.01354908511007,31.2206490306317,0.0 131.01355213053063,31.22064750559141,0.0 131.01355517564787,31.22064598067269,0.0 131.01355822045912,31.22064445587643,0.0 131.0135612649604,31.22064293120417,0.0 131.01356430914626,31.22064140665828,0.0 131.01356735300996,31.22063988224169,0.0 131.01357039654332,31.220638357958155,0.0 131.01357343973683,31.22063683381204,0.0 131.0135764825797,31.2206353098084,0.0 131.0135795250598,31.220633785952987,0.0 131.01358256716372,31.2206322622522,0.0 131.01358560887692,31.22063073871307,0.0 131.01358865018352,31.220629215343223,0.0 131.0135916910666,31.22062769215092,0.0 131.0135947315082,31.22062616914496,0.0 131.01359777148917,31.22062464633468,0.0 131.0136008109895,31.22062312372999,0.0 131.0136038499882,31.22062160134121,0.0 131.01360688846347,31.2206200791792,0.0 131.01360992639275,31.220618557255168,0.0 131.0136129637526,31.22061703558074,0.0 131.0136160005191,31.22061551416789,0.0 131.0136190366678,31.2206139930289,0.0 131.01362207217355,31.22061247217632,0.0 131.01362510701102,31.22061095162296,0.0 131.01362814115447,31.220609431381764,0.0 131.0136311745779,31.22060791146588,0.0 131.01363420725525,31.22060639188851,0.0 131.0136372391603,31.22060487266293,0.0 131.01364027026685,31.220603353802463,0.0 131.01364330054895,31.220601835320338,0.0 131.0136463299808,31.22060031722973,0.0 131.01364935853684,31.22059879954373,0.0 131.013652386192,31.220597282275182,0.0 131.0136554129216,31.220595765436777,0.0 131.01365843870153,31.220594249040904,0.0 131.0136614635084,31.22059273309969,0.0 131.01366448731952,31.22059121762488,0.0 131.01366751011307,31.220589702627823,0.0 131.01367053186797,31.22058818811946,0.0 131.01367355256437,31.22058667411024,0.0 131.01367657218324,31.22058516061009,0.0 131.01367959070683,31.220583647628416,0.0 131.01368260811853,31.220582135174023,0.0 131.01368562440297,31.220580623255085,0.0 131.01368863954616,31.22057911187911,0.0 131.01369165353543,31.22057760105297,0.0 131.0136946663596,31.220576090782767,0.0 131.01369767800892,31.22057458107393,0.0 131.0137006884752,31.220573071931057,0.0 131.01370369775177,31.220571563358018,0.0 131.01370670583358,31.220570055357847,0.0 131.0137097127172,31.220568547932807,0.0 131.01371271840082,31.220567041084283,0.0 131.0137157228843,31.22056553481288,0.0 131.01371872616917,31.220564029118293,0.0 131.0137217282586,31.220562523999444,0.0 131.0137247291574,31.220561019454355,0.0 131.01372772887208,31.22055951548024,0.0 131.01373072741083,31.220558012073447,0.0 131.01373372478335,31.22055650922953,0.0 131.01373672100107,31.220555006943176,0.0 131.01373971607677,31.22055350520836,0.0 131.01374271002493,31.22055200401816,0.0 131.0137457028614,31.220550503365,0.0 131.0137486946035,31.220549003240503,0.0 131.0137516852699,31.220547503635608,0.0 131.01375467488054,31.22054600454059,0.0 131.01375766345663,31.22054450594506,0.0 131.01376065102045,31.22054300783804,0.0 131.01376363759547,31.220541510207955,0.0 131.01376662320607,31.22054001304273,0.0 131.0137696078776,31.220538516329803,0.0 131.01377259163615,31.22053702005614,0.0 131.01377557450857,31.22053552420836,0.0 131.01377855652237,31.22053402877272,0.0 131.0137815377055,31.220532533735188,0.0 131.0137845180863,31.22053103908148,0.0 131.01378749769367,31.220529544797127,0.0 131.01379047655632,31.220528050867586,0.0 131.01379345470335,31.220526557278127,0.0 131.01379643216367,31.220525064014108,0.0 131.0137994089661,31.220523571060884,0.0 131.01380238513934,31.220522078403874,0.0 131.0138053607115,31.22052058602869,0.0 131.0138083357104,31.22051909392116,0.0 131.0138113101632,31.22051760206732,0.0 131.01381428409638,31.220516110453588,0.0 131.01381725753564,31.22051461906672,0.0 131.0138202305058,31.220513127893906,0.0 131.01382320303065,31.22051163692281,0.0 131.01382617513286,31.22051014614167,0.0 131.01382914683396,31.22050865553924,0.0 131.01383211815417,31.220507165104934,0.0 131.01383508911235,31.220505674828825,0.0 131.01383805972594,31.22050418470172,0.0 131.01384103001075,31.22050269471513,0.0 131.01384399998116,31.220501204861417,0.0 131.0138469696498,31.220499715133727,0.0 131.01384993902758,31.22049822552606,0.0 131.01385290812368,31.220496736033297,0.0 131.0138558769455,31.22049524665123,0.0 131.01385884549853,31.220493757376577,0.0 131.01386181378646,31.220492268207,0.0 131.013864781811,31.22049077914109,0.0 131.01386774957203,31.220489290178445,0.0 131.01387071706748,31.220487801319617,0.0 131.0138736842934,31.220486312566088,0.0 131.01387665124386,31.22048482392037,0.0 131.01387961791113,31.22048333538591,0.0 131.01388258428554,31.220481846967097,0.0 131.01388555035564,31.22048035866928,0.0 131.01388851610818,31.220478870498702,0.0 131.01389148152816,31.220477382462548,0.0 131.01389444659884,31.22047589456882,0.0 131.0138974113019,31.2204744068264,0.0 131.0139003756175,31.22047291924496,0.0 131.0139033395243,31.22047143183494,0.0 131.0139063029995,31.22046994460754,0.0 131.013909266019,31.22046845757464,0.0 131.01391222855756,31.22046697074872,0.0 131.01391519058876,31.22046548414289,0.0 131.01391815208527,31.220463997770807,0.0 131.0139211130187,31.22046251164656,0.0 131.0139240733601,31.2204610257847,0.0 131.01392703307965,31.220459540200128,0.0 131.01392999214718,31.22045805490806,0.0 131.01393295053202,31.22045656992393,0.0 131.01393590820328,31.220455085263342,0.0 131.01393886512983,31.220453600942022,0.0 131.01394182128072,31.22045211697572,0.0 131.01394477662498,31.22045063338016,0.0 131.013947731132,31.22044915017091,0.0 131.01395068477152,31.22044766736347,0.0 131.01395363751385,31.220446184972992,0.0 131.01395658933004,31.220444703014376,0.0 131.01395954019188,31.22044322150212,0.0 131.01396249007217,31.22044174045028,0.0 131.01396543894475,31.220440259872355,0.0 131.01396838678485,31.220438779781304,0.0 131.01397133356875,31.22043730018943,0.0 131.0139742792745,31.22043582110828,0.0 131.01397722388148,31.220434342548675,0.0 131.01398016737096,31.220432864520568,0.0 131.01398310972598,31.220431387033027,0.0 131.01398605093144,31.22042991009417,0.0 131.01398899097435,31.22042843371111,0.0 131.0139919298438,31.22042695788992,0.0 131.01399486753107,31.220425482635527,0.0 131.0139978040298,31.220424007951785,0.0 131.01400073933598,31.22042253384128,0.0 131.01400367344803,31.220421060305394,0.0 131.01400660636705,31.22041958734424,0.0 131.01400953809664,31.22041811495661,0.0 131.0140124686431,31.22041664313992,0.0 131.0140153980157,31.22041517189018,0.0 131.01401832622628,31.220413701201977,0.0 131.0140212532342,31.22041223109576,0.0 131.01402417905584,31.22041076156383,0.0 131.01402710368555,31.220409292609325,0.0 131.01403002712348,31.22040782423249,0.0 131.01403294937165,31.220406356432623,0.0 131.01403587043373,31.220404889208044,0.0 131.01403879031568,31.220403422556103,0.0 131.014041709025,31.220401956473168,0.0 131.0140446265712,31.22040049095469,0.0 131.0140475429655,31.22039902599517,0.0 131.0140504582209,31.220397561588207,0.0 131.01405337235215,31.22039609772648,0.0</coordinates>
            </LineString>
        </Placemark>
    </Document>
</kml>
