<?xml version="1.0" encoding="UTF-8"?>
<kml xmlns="http://www.opengis.net/kml/2.2" xmlns:gx="http://www.google.com/kml/ext/2.2">
    <Document id="2039">
        <Style id="2042">
            <LineStyle id="2043">
                <color>ff0000ff</color>
                <colorMode>normal</colorMode>
                <width>3</width>
            </LineStyle>
        </Style>
        <Style id="2046">
            <LineStyle id="2047">
                <color>ff00ff00</color>
                <colorMode>normal</colorMode>
                <width>3</width>
            </LineStyle>
        </Style>
        <Placemark id="2041">
            <name>flight_path</name>
            <styleUrl>#2042</styleUrl>
            <LineString id="2040">
                <altitudeMode>relativeToGround</altitudeMode>
                <coordinates>131.010392,31.222216000000007,3.000000004412624 131.0103920000045,31.222215999991075,3.0000027652305543 131.0103920000085,31.222215999994766,3.0000030853541984 131.0103920000085,31.222215999994766,3.0000030853541984 131.01039200000852,31.222215999994766,3.0000030853541984 131.01039201539675,31.22221599246117,3.0023884986471163 131.0103920617776,31.22221596990869,3.015331231721257 131.01039213193175,31.22221593580231,3.0351264363252404 131.01039220552698,31.222215900001803,3.055106219166761 131.0103923261533,31.222215841380503,3.090004394730484 131.01039241011944,31.222215800500727,3.1115340872331685 131.01039255023213,31.22221573238213,3.151063460926564 131.0103926908424,31.222215663995925,3.189784893121109 131.01039284206664,31.22221559043897,3.23111772340097 131.01039301222698,31.2222155076778,3.2778754514712065 131.01039319835945,31.22221541714896,3.329057119327625 131.01039339622227,31.222215320908244,3.383229829375461 131.0103936086097,31.222215217601374,3.4413386621870097 131.01039382835415,31.2222151107022,3.500962017738751 131.0103940692252,31.222214993537087,3.566754013292423 131.0103943154942,31.22221487372917,3.6334003425495367 131.0103945800907,31.22221474501192,3.705270765720048 131.01039485370347,31.222214611898128,3.779219998303775 131.01039513986652,31.222214472675024,3.856442763351153 131.01039544418495,31.22221432462593,3.9388336136528577 131.01039575462735,31.22221417358214,4.022328928820314 131.01039608061367,31.222214014978025,4.110111315127456 131.01039641907315,31.22221385030192,4.20114441129061 131.01039677261693,31.22221367828824,4.296310626724281 131.01039713608534,31.22221350143773,4.393868548192477 131.010397517966,31.22221331563664,4.496683993164735 131.01039790540767,31.22221312711366,4.600420125064151 131.01039830590005,31.22221293223868,4.707604968129808 131.01039871921526,31.222212731122088,4.8181619013200345 131.01039914602634,31.222212523437697,4.932317992273902 131.0103995843797,31.222212310132328,5.049414803571431 131.01040002919007,31.222212093670787,5.167739039340097 131.010400488852,31.222211869984235,5.290119088179969 131.01040096154043,31.222211639957216,5.415939478570699 131.01040144391652,31.222211405208075,5.544076156420129 131.01040193996343,31.222211163806087,5.675869112702848 131.01040244347448,31.22221091875968,5.809230869593894 131.01040295825328,31.222210668225145,5.945439804389508 131.01040348638034,31.22221041119396,6.085193185839201 131.01040402793237,31.222210147628825,6.228514853755213 131.0104045774418,31.22220988018005,6.373570321964543 131.0104051377902,31.2222096074508,6.521325187598352 131.01040571307726,31.222209327453587,6.673149607941206 131.01040630329675,31.222209040191352,6.829037586096744 131.01040689520636,31.22220875208352,6.984563197684807 131.01040750096558,31.22220845723537,7.143787353550456 131.0104081214021,31.222208155245536,7.306979827983644 131.01040875222748,31.222207848192888,7.472708023785239 131.01040938861175,31.222207538419,7.639365051166282 131.0104100415545,31.222207220590928,7.810603337186065 131.01041070492113,31.22220689768276,7.98437975261839 131.0104113765162,31.222206570758807,8.159965504549577 131.0104120620245,31.22220624038504,8.33923168469853 131.01041275645784,31.22220589987384,8.520252049565622 131.0104134621085,31.222205555408404,8.704058837727688 131.01041418591134,31.22220520083238,8.892802410802926 131.01041491441433,31.22220484306279,9.082073272440594 131.01041565419175,31.222204478921647,9.2740310576941 131.01041640879305,31.22220410668705,9.46982871384894 131.01041717983475,31.22220372558657,9.669983871284598 131.01041794861382,31.222203344631456,9.868388596620042 131.0104187318769,31.222202955786614,10.07050775836924 131.01041953714932,31.22220255549924,10.278773779186473 131.01042034615986,31.222202152491903,10.4872393780423 131.01042116161298,31.222201745473896,10.696789225263757 131.01042199383636,31.222201329633,10.91076491870836 131.01042283999382,31.22220090636836,11.128237262120562 131.01042369249723,31.22220047921739,11.346751291121558 131.01042455394597,31.22220004699928,11.56714720758926 131.01042543085836,31.22219960683124,11.791520888417487 131.01042632352696,31.222199158694504,12.01995770658646 131.01042721586273,31.22219870972983,12.247282674076652 131.01042812582253,31.22219825211093,12.47926613379427 131.01042904605808,31.22219778914992,12.713540740208575 131.01042997549376,31.22219732135387,12.949760849296975 131.01043091220487,31.22219684956788,13.187309465323631 131.01043186762823,31.22219636923684,13.42984004088102 131.01043283214375,31.22219588438588,13.674272567593382 131.0104337997074,31.22219539737525,13.918680669008724 131.01043478485812,31.22219490270533,14.167698539239275 131.01043578427132,31.22219440187745,14.420259075257624 131.01043678333843,31.22219390025421,14.671714452513498 131.01043779764152,31.22219339230292,14.927020598876036 131.01043882500943,31.222192879042748,15.185481052778597 131.01043986017174,31.222192362356857,15.445421734212102 131.01044090387407,31.222191842055725,15.707079590144776 131.01044196015127,31.22219131703087,15.971730833695188 131.01044302803297,31.22219078778004,16.239065144581662 131.01044410046947,31.222190256417857,16.50685285644017 131.01044518783303,31.222189720197388,16.778371254402455 131.0104462879134,31.22218918000024,17.052917948511542 131.01044739124595,31.22218863826385,17.327507224091583 131.01044851246195,31.222188091662133,17.606751226849006 131.0104496417603,31.222187542689568,17.887558440320223 131.0104507739754,31.2221869923993,18.168305342039268 131.010451924546,31.22218643799563,18.453846288315727 131.0104530844062,31.22218588148335,18.741327511265 131.01045425261043,31.222185323091264,19.030452893324863 131.01045543329246,31.22218476238973,19.322518555580864 131.01045662024015,31.222184200392377,19.615575653747296 131.01045781449983,31.22218363704869,19.909952869100728 131.01045902733082,31.222183071580474,20.20917153441392 131.0104602376964,31.22218250592364,20.50665068801705 131.01046146691937,31.222181938712247,20.80905572090819 131.0104627069963,31.2221813708586,21.11388152877521 131.01046394918384,31.22218080265144,21.41840192680841 131.01046520201493,31.22218023401877,21.725278192834715 131.01046647891792,31.22217966560692,22.038685794535457 131.01046775478366,31.222179097176653,22.350808423749807 131.01046903114286,31.22217852842733,22.662129474792795 131.01047033683471,31.22217796155155,22.98160051686495 131.01047163419167,31.22217739411484,23.297527991392 131.0104729452298,31.222176827917373,23.61674333616257 131.01047428773927,31.222176265893506,23.94474285806924 131.0104756047149,31.22217570049205,24.26389378577488 131.0104769529958,31.22217513990857,24.591769002024314 131.01047831795438,31.22217458290621,24.92383340839119 131.01047966236726,31.222174022067858,25.24861935754113 131.01048104659353,31.2221734699442,25.58471563833184 131.01048242419083,31.22217291698283,25.917821648913325 131.01048380365674,31.222172364688404,26.250560721832503 131.01048521753285,31.22217182233356,26.5929034827936 131.0104866179609,31.222171276869567,26.930180164714592 131.01048802812787,31.222170734707746,27.26949827914036 131.0104894676291,31.222170202962023,27.61682620106053 131.01049089031363,31.222169666269835,27.95808329050124 131.01049233541775,31.22216913824156,28.305228961178628 131.01049379238847,31.222168615769576,28.655034889927126 131.01049523835806,31.222168089715733,29.000565916568814 131.01049672061643,31.222167579631268,29.356148079666024 131.01049818950753,31.222167064978844,29.706743893365864 131.01049966808995,31.222166555450062,30.059333132965783 131.01050117881007,31.22216606217765,30.420656384387424 131.01050266954152,31.22216556056788,30.77502790555837 131.01050418017874,31.222165069773407,31.134441860119072 131.01050571206264,31.22216459134901,31.49926940518168 131.0105072268618,31.22216410521856,31.85805356493568 131.01050877322027,31.222163637400225,32.22531147519352 131.010510313066,31.22216316750045,32.58968629366916 131.0105118576872,31.22216270156949,32.9545460720109 131.01051343779076,31.2221622579446,33.328962514533345 131.0105149962566,31.222161803074165,33.69604086025939 131.01051657151115,31.222161359691945,34.06713722418521 131.01051817728987,31.222160937007526,34.44624913763031 131.01051975361602,31.222160497395773,34.815783605763 131.01052136976395,31.2221600847804,35.19602565222357 131.0105229840023,31.222159672807685,35.574751415695474 131.01052459237175,31.2221592585282,35.95083407873797 131.01052624072943,31.22215887274666,36.3375602753811 131.0105278685999,31.22215847495784,36.71740498315791 131.01052951513967,31.22215809155892,37.10169480253756 131.0105311799268,31.22215772263557,37.490268548237765 131.01053282913986,31.2221573446238,37.87342858614471 131.01053451276795,31.22215699254417,38.26547113857952 131.01053618605084,31.22215663501125,38.653602272706806 131.01053786443802,31.222156282823008,39.042238822098255 131.01053957543252,31.222155955785407,39.43913713305409 131.01054126695487,31.22215561659086,39.829574823743 131.01054297776847,31.22215529301089,40.224489481944445 131.01054470252572,31.22215498128656,40.622339592497845 131.0105464163642,31.22215466342188,41.01617694950934 131.0105481691311,31.22215437541216,41.41988411502188 131.0105499012341,31.22215407420788,41.81687854994608 131.0105516480494,31.22215378529467,42.21698846839332 131.01055342961047,31.2221535230096,42.62568534658652 131.01055517751547,31.22215323823545,43.024159962334274 131.01055696834058,31.22215298570813,43.43342133501128 131.01055874670905,31.222152725861708,43.83829219410801 131.0105605331347,31.22215247325856,44.24438598823223 131.0105623486159,31.22215224245269,44.657360153900775 131.01056414301814,31.22215199839359,45.06365519731667 131.01056597236777,31.22215177985009,45.478375080741856 131.01056779506737,31.222151558015245,45.89031166669579 131.010569619397,31.22215133862952,46.30170631880984 131.01057147900545,31.222151143999447,46.721496719879525 131.0105733133346,31.222150933756435,47.133578367215335 131.01057518240103,31.22215074736311,47.55386306525252 131.01057704566028,31.22215055814681,47.97160822137677 131.01057891387478,31.222150373113905,48.38966551181088 131.01058081473124,31.22215020929833,48.815260307494285 131.01058268945178,31.222150030151,49.233028020038816 131.01058460574663,31.22214987701709,49.66061413291536 131.0105865053457,31.222149714470152,50.0828545231637 131.01058841903227,31.22214956089401,50.50774103248399 131.0105903585918,31.22214942254148,50.93827353320588 131.01059227486357,31.22214927148253,51.361814275820606 131.0105942318854,31.222149143347234,51.79478309264092 131.01059617397277,31.222149007242088,52.22291604095969 131.01059812865307,31.22214887813308,52.65325046473856 131.01060011170128,31.22214876365156,53.08975697687659 131.0106020681162,31.22214863568561,53.51850850755834 131.01060406920735,31.222148529835,53.9575191370276 131.01060605466563,31.222148416082728,54.391566816836566 131.01060805163013,31.22214830767787,54.827492200086354 131.01061006793654,31.222148207759453,55.26723198590104 131.01061206869448,31.222148100486564,55.702072990424895 131.0106141106953,31.22214801073488,56.14615708799336 131.0106161321065,31.22214791151065,56.584100518588265 131.01061817436167,31.22214782043012,57.02619246277448 131.0106202271085,31.222147732738733,57.469847680699154 131.01062226765103,31.222147639534043,57.90947754807302 131.01062435643638,31.222147563790298,58.35994188864473 131.01062641148937,31.22214747444253,58.80110270256734 131.0106285026576,31.22214739728405,59.25008990880044 131.0106305902818,31.222147317641948,59.69718189144552 131.01063267663685,31.222147236524016,60.14294911436904 131.0106347981346,31.222147165795736,60.596238965425215 131.0106368945736,31.22214708562229,61.042422439056416 131.0106390294151,31.222147016272324,61.49689358988076 131.0106411509453,31.222146941335733,61.94712071583314 131.01064328258187,31.222146868087272,62.39877505381618 131.01064543713136,31.22214679994837,62.85492873820654 131.01064757055352,31.22214672427176,63.30498446679293 131.01064975082951,31.2221466600406,63.76527657060858 131.0106519061193,31.2221465872977,64.21855769070537 131.01065409144462,31.22214652096793,64.6780199837493 131.01065627018073,31.22214645118349,65.13489222900293 131.0106584502273,31.22214638010085,65.5910717538871 131.01066065859453,31.222146314408068,66.05299030530236 131.0106628461656,31.22214624178427,66.50895045086058 131.0106650808725,31.22214617897053,66.97510820190708 131.01066729042543,31.2221461082236,67.43428533574887 131.01066952002304,31.2221460405804,67.89721763038483 131.0106717626215,31.22214597424617,68.36222443104094 131.0106739876511,31.2221459019676,68.82207854910452 131.010676249362,31.222145836659475,69.28960285798026 131.01067850557408,31.22214576828324,69.75482899115757 131.01068075204807,31.22214569585937,70.21677044953681 131.01068302135752,31.2221456271978,70.68310005210344 131.01068530566255,31.22214556049687,71.15196284728157 131.01068758171462,31.22214549014676,71.61789772711255 131.01068985884655,31.222145418415785,72.08310449785442 131.01069215432307,31.222145349686127,72.55163036637683 131.01069445378897,31.22214528047277,73.02010698584105 131.01069675259535,31.222145209599848,73.4874504156664 131.01069905440104,31.22214513804777,73.95451974418998 131.01070136752588,31.222145068146844,74.42325828298635 131.0107036826385,31.222144997493807,74.89148655295429 131.0107059993722,31.222144926018807,75.35912227411208 131.01070832107573,31.222144854751058,75.82694727484996 131.01071064689668,31.222144783562246,76.29476330273022 131.0107129750154,31.222144712002045,76.76214837299415 131.01071530559523,31.22214464019941,77.22914215793325 131.01071764114587,31.222144569053903,77.69632794160273 131.01071998066217,31.222144498377663,78.1634727963823 131.01072232358618,31.22214442809449,78.63044842086924 131.01072466803336,31.22214435765593,79.09682005202843 131.01072701392755,31.222144287114297,79.56257179259715 131.01072936663647,31.222144218533536,80.02894319196214 131.01073171989336,31.222144149762816,80.4944883150695 131.01073407713585,31.22214408217271,80.96000099371975 131.01073643710623,31.22214401541452,81.42519166743278 131.01073880104394,31.222143950103543,81.89034551691523 131.010741165419,31.22214388490816,82.35465264546049 131.01074353360974,31.222143821332068,82.81888862391622 131.01074590507778,31.2221437592978,83.28292924755247 131.01074827752012,31.222143697896488,83.74624820581856 131.01075065423908,31.22214363871652,84.20959984201889 131.01075303519104,31.22214358189928,84.67297248953845 131.0107554152577,31.222143525123226,85.13520117419162 131.01075780002722,31.222143471146648,85.59755710632653 131.01076018629627,31.222143418545564,86.05931119987166 131.010762574385,31.22214336755641,86.52053629229196 131.0107649648428,31.222143318557887,86.98135598577745 131.01076735851083,31.222143272099498,87.44195882622942 131.01076975404362,31.222143227568388,87.90204017508846 131.01077215245493,31.22214318559472,88.36182733872086 131.01077455219527,31.22214314541415,88.82097106935619 131.0107769541209,31.22214310757249,89.2796626274217 131.01077935676048,31.22214307130904,89.73757173848655 131.0107817618128,31.2221430376622,90.1950766748108 131.0107841699515,31.22214300711231,90.65232479036706 131.01078657934846,31.22214297864831,91.10890772602409 131.01078899063634,31.222142952690728,91.5649649848004 131.01079140372974,31.222142929241937,92.02047578915902 131.0107938161873,31.222142906847903,92.47490020531087 131.0107962316243,31.22214288776432,92.92903368295084 131.01079864691803,31.22214287010132,93.38218693187775 131.01080106582495,31.2221428562336,93.8351820970312 131.01080348435733,31.222142843683915,94.28714394360848 131.0108059068585,31.222142835217696,94.73901888447185 131.0108083288818,31.222142828025245,95.18983583171968 131.01081075185772,31.22214282301655,95.6399056408067 131.01081317771155,31.222142821440183,96.0896419861226 131.01081560456,31.222142822086177,96.53863478809836 131.0108180310766,31.22214282408504,96.98659787278616 131.0108204609591,31.222142829820896,97.43432345537212 131.01082289096473,31.22214283717994,97.88111305116638 131.01082532343332,31.222142847657263,98.32746530013212 131.01082775635172,31.222142859924624,98.77294841486228 131.0108301897526,31.222142873975383,99.2175685733984 131.01083262447207,31.222142890317425,99.66150093219484 131.01083506054349,31.222142908933805,100.10474976033755 131.01083749724094,31.222142929317705,100.54716008859108 131.01083993481208,31.222142951585244,100.98878248705007 131.0108423723885,31.22214297513868,101.42943352907288 131.01084481255683,31.22214300156205,101.86965129399266 131.01084725197717,31.22214302869632,102.3087374426352 131.01084969376916,31.222143058440423,102.74733922179917 131.01085213621678,31.222143089659976,103.18509792386944 131.01085457739958,31.222143121124848,103.62161695212764 131.01085702095352,31.22214315499625,104.05764420236176 131.01085946449848,31.22214318975376,104.49268754796448 131.01086190717584,31.222143224832404,104.9265714273714 131.0108643521589,31.222143262046263,105.35994258474425 131.01086679573697,31.222143299138786,105.79204304161875 131.0108692406804,31.22214333766352,106.22343573060556 131.0108716880605,31.22214337813829,106.6543342985038 131.01087413361,31.22214341807264,107.08387574171388 131.0108765794657,31.222143458622263,107.51249206116069 131.01087902567477,31.222143499732336,107.94019110266792 131.01088147381176,31.222143542175274,108.36728649845824 131.01088392156635,31.22214358462581,108.79331507441896 131.0108863692878,31.222143627215885,109.2183470663922 131.01088881851504,31.222143670673248,109.6426874188946 131.01089126742863,31.22214371397872,110.06597406479288 131.01089371596808,31.222143757047792,110.48819567712968 131.01089616713185,31.22214380130106,110.9099427200838 131.01089861595415,31.222143844212464,111.33023685372468 131.0109010689212,31.22214388887697,111.75035212113218 131.01090352050207,31.222143932547525,112.16920260984764 131.01090597326885,31.222143976400176,112.58729264416132 131.01090842658428,31.222144020062515,113.00449697974716 131.01091088155596,31.22214406397148,113.42103050505509 131.01091333680435,31.222144107438407,113.83662498390385 131.01091579224604,31.22214415037808,114.25126490263004 131.0109182481364,31.222144192847924,114.66499982014192 131.0109207054601,31.22214423520876,115.07801914181432 131.01092316171489,31.222144276349685,115.48984178208052 131.01092561962227,31.22214431736553,115.90099089124509 131.0109280776634,31.22214435757055,116.31117491907033 131.01093053585112,31.222144396932865,116.72039716203244 131.01093299425824,31.22214443544188,117.1286720713921 131.01093545496033,31.222144473867523,117.53639434231164 131.01093791382232,31.222144510559524,117.9427789202892 131.0109403747448,31.22214454699808,118.34856663671236 131.01094283744936,31.222144583023407,118.75370356904828 131.01094529982657,31.22214461781389,119.15779203613424 131.0109477631761,31.222144651834768,119.56107817266388 131.01095022754865,31.22214468507536,119.96357158698152 131.0109526934263,31.222144717686188,120.36536286971167 131.01095515723918,31.222144748362307,120.76578443749972 131.01095762240115,31.22214477832421,121.16547638691294 131.01096008836836,31.222144807355946,121.56433670059027 131.0109625541051,31.2221448350821,121.96217326033856 131.01096502199266,31.222144862335583,122.3594294361012 131.01096748840436,31.22214488783764,122.75543260399763 131.01096995448555,31.222144911994388,123.15039711200612 131.01097242437126,31.222144936246167,123.54508714699696 131.01097489455384,31.22214495937149,123.93885439703696 131.01097736346784,31.222144980835694,124.33141260717213 131.01097983438342,31.22214500178673,124.72336436538971 131.01098230596307,31.222145021770444,125.114463707362 131.01098477852165,31.222145040912068,125.50476908585428 131.0109872522138,31.222145059283527,125.89430925854914 131.0109897267982,31.222145076820407,126.28304065766552 131.01099220064145,31.222145092966688,126.67066670275112 131.01099467517267,31.22214510825054,127.05744860892136 131.01099715019404,31.22214512262968,127.44335067542002 131.01099962448438,31.222145135692127,127.82815250018568 131.01100209902103,31.22214514781804,128.21203207746072 131.01100457808596,31.22214516061356,128.59576179982858 131.01100705399446,31.22214517129147,128.9779564865509 131.01100953091216,31.222145181412472,129.35936853722305 131.01101200956737,31.22214519129983,129.7401279563886 131.0110144878057,31.222145200180755,130.11984881324955 131.01101696622268,31.2221452083153,130.4986388912784 131.0110194435612,31.22214521525296,130.87627467909073 131.01102192176614,31.222145221795174,131.2531035122217 131.0110244012348,31.2221452281562,131.6291955236653 131.0110268789564,31.22214523316784,132.0040171111014 131.01102935746525,31.222145237892665,132.37801858443862 131.0110318379103,31.222145242868617,132.75140217434492 131.01103431872684,31.22214524750096,133.12389146604596 131.01103679762252,31.22214525085012,133.49508451069775 131.01103927676107,31.222145253874885,133.8653627831461 131.01104175799975,31.22214525745088,134.2350508162583 131.01104423970312,31.2221452609244,134.60386168077207 131.01104672116637,31.22214526402041,134.97167323240816 131.01104920218344,31.22214526668398,135.3384504620482 131.0110516842609,31.222145269657297,135.70445515397986 131.01105416443738,31.222145271612163,136.06917413894425 131.01105664697482,31.222145274599487,136.43334494949931 131.0110591293894,31.22214527750637,136.7965375537656 131.01106161283255,31.22214528093205,137.1589505590722 131.01106409529856,31.222145283939835,137.52023962700818 131.01106657681672,31.22214528657245,137.88041099087263 131.01106905987703,31.2221452901332,138.23988972271755 131.011071543658,31.22214529427128,138.59853425640992 131.01107402925487,31.22214529960392,138.95653012269364 131.01107651323093,31.22214530438064,139.31329452973029 131.01107899715663,31.222145309449328,139.66909457416284 131.01108148421068,31.222145316570103,140.02446469181183 131.01108396900673,31.22214532289036,140.37849747300208 131.01108645591938,31.22214533081509,140.7319282111085 131.01108894261637,31.2221453391174,141.08436477370725 131.01109142724235,31.222145346781392,141.43549878900112 131.0110939123718,31.22214535527808,141.78575933734413 131.01109639681476,31.222145363976235,142.1349477861362 131.01109888076266,31.222145373011955,142.48309593665152 131.0111013642128,31.222145382412133,142.83020318203725 131.01110384716267,31.222145392202272,143.17626894723833 131.0111063296102,31.22214540240649,143.5212926770709 131.01110881155338,31.222145413047524,143.86527385808935 131.0111112929907,31.22214542414669,144.20821200168808 131.01111377392073,31.22214543572384,144.5501066550356 131.0111162543424,31.222145447797416,144.89095739809147 131.0111187342549,31.22214546038437,145.23076384360706 131.0111212136577,31.222145473500174,145.5695256460702 131.0111236925505,31.222145487158823,145.9072424887844 131.01112617093338,31.222145501372832,146.24391409579468 131.01112864880653,31.22214551615321,146.57954022990137 131.01113112617054,31.22214553150952,146.9141206906695 131.0111336030261,31.22214554744988,147.24765531741346 131.01113607937438,31.222145563980863,147.58014398323044 131.01113855521663,31.222145581107647,147.9115866128931 131.01114103055437,31.22214559883395,148.24198316396357 131.01114350538947,31.22214561716205,148.57133362878076 131.01114597972392,31.222145636092858,148.899638049371 131.01114845356,31.22214565562585,149.22689650452472 131.01115092690023,31.22214567575921,149.5531091137734 131.01115339974743,31.22214569648972,149.87827603440667 131.01115587210447,31.22214571781288,150.20239746445515 131.01115834397453,31.22214573972289,150.525473648653 131.01116081536105,31.22214576221272,150.847504864523 131.01116328626756,31.22214578527408,151.1684914283396 131.0111657566979,31.222145808897555,151.48843369513003 131.01116822665597,31.222145833072528,151.8073320636424 131.011170696146,31.222145857787304,152.12518696441987 131.01117316517227,31.222145883029068,152.44199887073256 131.01117563373933,31.222145908784004,152.75776828565725 131.01117810185175,31.222145935037272,153.07249575499813 131.01118056951444,31.22214596177307,153.3861818503894 131.01118303673235,31.22214598897469,153.69882718718702 131.0111855035105,31.222146016624592,154.01043240657776 131.0111879698541,31.22214604470433,154.32099818651133 131.01119043576858,31.22214607319473,154.63052523275618 131.01119290125936,31.222146102075847,154.9390142818808 131.01119536633195,31.222146131327023,155.2464661012538 131.01119783099205,31.222146160926982,155.55288148407436 131.01120029524537,31.22214619085378,155.85826125136 131.01120275909776,31.222146221085005,156.1626062489649 131.01120522255508,31.22214625159764,156.46591734658605 131.01120768562328,31.222146282368257,156.7681954357753 131.01121014830835,31.22214631337296,157.06944143391527 131.01121261061635,31.222146344587475,157.36965627229227 131.01121507255337,31.2221463759872,157.6688409100114 131.0112175341255,31.22214640754723,157.96699631511163 131.01121999533888,31.222146439242405,158.26412347947547 131.0112224561996,31.2221464710474,158.56022340193215 131.01122491671384,31.22214650293668,158.85529710316567 131.01122737688772,31.222146534884605,159.14934561080744 131.01122983672735,31.22214656686547,159.44236996042932 131.01123229623883,31.222146598853524,159.73437120647773 131.01123475542823,31.222146630822987,160.02535040636954 131.0112372143016,31.22214666274817,160.31530862248232 131.01123967286486,31.22214669460342,160.6042469251335 131.01124213112402,31.22214672636324,160.89216638960158 131.01124458908487,31.22214675800227,161.1790680881721 131.01124704675328,31.22214678949535,161.4649531030609 131.01124950413492,31.222146820817564,161.7498225075296 131.0112519612355,31.2221468519442,162.03367738278027 131.01125441806053,31.222146882850893,162.31651879907372 131.01125687461555,31.22214691351356,162.59834782964307 131.0112593309059,31.222146943908506,162.8791655397615 131.0112617869368,31.2221469740124,163.1589729867415 131.0112642427135,31.22214700380234,163.43777122391154 131.011266698241,31.22214703325588,163.7155612936586 131.0112691535242,31.222147062351,163.99234423140368 131.0112716085679,31.22214709106619,164.26812105963884 131.01127406337687,31.22214711938045,164.54289278792692 131.0112765179555,31.22214714727333,164.81666041985997 131.01127897230836,31.22214717472492,165.08942493616146 131.01128142643958,31.222147201715863,165.36118731257855 131.01128388035335,31.222147228227456,165.63194849702052 131.01128633405358,31.222147254241577,165.901709434408 131.01128878754415,31.22214727974073,166.17047104480693 131.01129124082863,31.222147304708088,166.43823423038526 131.0112936939107,31.22214732912745,166.7049998754139 131.01129614679357,31.22214735298329,166.97076884825444 131.0112985994805,31.2221473762608,167.23554199340776 131.01130105197447,31.2221473989458,167.49932013549028 131.01130350427843,31.22214742102483,167.76210407625177 131.01130595639506,31.22214744248518,168.02389459855223 131.01130840832693,31.22214746331478,168.28469246238416 131.01131086007635,31.222147483502365,168.5444984018943 131.0113133116456,31.222147503037327,168.80331313333167 131.0113157630367,31.22214752190982,169.0611373431229 131.0113182142515,31.222147540110704,169.31797169781035 131.0113206652918,31.222147557631576,169.5738168410718 131.01132311615913,31.222147574464767,169.8286733857674 131.01132556685485,31.222147590603328,170.08254192388017 131.0113280173802,31.22214760604104,170.3354230265163 131.0113304677363,31.222147620772382,170.58731723495933 131.0113329179239,31.22214763479259,170.83822506365172 131.011335367944,31.222147648097607,171.08814700615957 131.0113378177969,31.22214766068407,171.33708352821418 131.01134026748323,31.222147672549337,171.58503506970104 131.01134271700317,31.22214768369145,171.83200204863428 131.0113451663569,31.22214769410912,172.0779848542003 131.0113476155443,31.222147703801767,172.3229838507332 131.0113500645653,31.22214771276945,172.5669993826846 131.01135251341958,31.22214772101293,172.81003176667093 131.01135496210665,31.22214772853359,173.05208129644606 131.01135741062595,31.222147735333422,173.29314823892233 131.01135985897673,31.22214774141508,173.533232842125 131.01136230715815,31.222147746781843,173.77233531829305 131.01136475516918,31.222147751437543,174.01045587071732 131.01136720300872,31.222147755386604,174.24759467187212 131.01136965067553,31.222147758634048,174.4837518663983 131.01137209816818,31.222147761185425,174.7189275870068 131.0113745454852,31.22214776304681,174.95312193658572 131.011376992625,31.222147764224832,175.18633499913537 131.01137943958582,31.22214776472661,175.41856683579243 131.01138188636588,31.222147764559764,175.64981748880487 131.0113843329632,31.222147763732355,175.8800869765624 131.01138677937575,31.222147762252952,176.10937529956112 131.01138922560142,31.22214776013053,176.33768243841422 131.0113916716379,31.222147757374508,176.5650083528586 131.01139411748295,31.222147753994705,176.79135298672475 131.01139656313416,31.22214775000131,177.01671626296752 131.0113990085889,31.222147745404925,177.2410980906222 131.0114014538448,31.22214774021644,177.4644983568535 131.01140389889903,31.222147734447145,177.68691693590233 131.01140634374897,31.2221477281086,177.9083536861023 131.01140878839183,31.22214772121268,178.1288084468978 131.01141123282477,31.222147713771548,178.34828104878483 131.0114136770448,31.222147705797592,178.5667713013821 131.01141612104905,31.222147697303505,178.78427900138402 131.01141856483449,31.22214768830217,179.00080394150436 131.01142100839795,31.222147678806696,179.21634588662295 131.01142345173648,31.22214766883036,179.43090460757907 131.01142589484684,31.222147658386632,179.6444798463837 131.0114283377258,31.222147647489145,179.85707134703136 131.01143078037023,31.222147636151643,180.06867883363347 131.01143322277687,31.222147624388004,180.27930203029683 131.0114356649424,31.22214761221221,180.48894064522105 131.01143810686355,31.222147599638355,180.6975943816314 131.0114405485371,31.22214758668056,180.90526293082112 131.01144298995965,31.222147573353016,181.1119459830851 131.01144543112787,31.222147559669967,181.31764321579195 131.0114478720384,31.222147545645683,181.52235430531127 131.011450312688,31.22214753129444,181.7260789180692 131.01145275307323,31.22214751663048,181.9288167165101 131.01145519319084,31.22214750166808,182.13056735909825 131.01145763303742,31.222147486421413,182.33133050627995 131.0114600726097,31.22214747090465,182.5311058055753 131.01146251190443,31.22214745513189,182.7298929025114 131.01146495091825,31.222147439117126,182.92769144857337 131.01146738964795,31.22214742287428,183.12450108530072 131.01146982809027,31.22214740641719,183.3203214591984 131.01147226624204,31.222147389759524,183.5151522117945 131.01147470410004,31.222147372914865,183.7089929846124 131.01147714166115,31.22214735589665,183.9018434201629 131.01147957892232,31.22214733871815,184.09370316492672 131.0114820158804,31.22214732139247,184.28457186339085 131.0114844525324,31.22214730393258,184.4744491580478 131.01148688887537,31.22214728635124,184.66333470032995 131.0114893249063,31.222147268661004,184.85122814464432 131.0114917606224,31.22214725087427,185.03812913545323 131.01149419602075,31.222147233003163,185.22403734205983 131.01149663109862,31.22214721505964,185.4089524208401 131.0114990658533,31.222147197055406,185.59287403909647 131.0115015002821,31.222147179001936,185.77580186511912 131.0115039343824,31.222147160910456,185.9577355791176 131.0115063681517,31.22214714279195,186.13867486129547 131.01150880158752,31.22214712465715,186.31861939582475 131.01151123468745,31.22214710651649,186.49756888376712 131.01151366744915,31.222147088380204,186.6755230182258 131.01151609987036,31.22214707025818,186.85248151118168 131.01151853194887,31.22214705216008,187.02844407560207 131.0115209636826,31.222147034095247,187.20341043736823 131.0115233950694,31.22214701607279,187.37738031837847 131.01152582610743,31.222146998101472,187.5503534663657 131.01152825679466,31.222146980189777,187.72232962309127 131.01153068712935,31.222146962345924,187.8933085442248 131.0115331171098,31.222146944577787,188.06328999834864 131.01153554673422,31.222146926892968,188.2322737580136 131.01153797600116,31.22214690929873,188.4002596057017 131.01154040490908,31.22214689180208,188.5672473368082 131.0115428334566,31.22214687440968,188.7332367526846 131.0115452616423,31.222146857127875,188.8982276685884 131.01154768946506,31.22214683996276,189.062219908716 131.0115501169237,31.22214682292003,189.2252133071933 131.01155254401712,31.22214680600515,189.38720771106057 131.01155497074433,31.22214678922324,189.54820297629416 131.01155739710447,31.22214677257911,189.70819897079045 131.01155982309675,31.222146756077272,189.8671955743644 131.01156224872042,31.22214673972193,190.02519267278527 131.01156467397487,31.222146723516992,190.1821901716941 131.01156709885953,31.222146707466035,190.3381879826861 131.011569523374,31.22214669157237,190.4931860332516 131.01157194751784,31.22214667583897,190.6471842568349 131.01157437129086,31.22214666026855,190.80018260277643 131.0115767946928,31.222146644863503,190.95218103233384 131.0115792177236,31.22214662962593,191.10317951769 131.01158164038324,31.222146614557648,191.25317804095857 131.0115840626718,31.222146599660192,191.40217660213472 131.01158648458943,31.222146584934823,191.550175206176 131.01158890613647,31.22214657038249,191.6971738769145 131.0115913273131,31.222146556003896,191.84317264215045 131.0115937481199,31.22214654179947,191.9881715495532 131.01159616855728,31.22214652776936,192.13217065473552 131.0115985886259,31.22214651391347,192.2751700232404 131.01160100832644,31.222146500231418,192.4171697384928 131.01160342765962,31.222146486722583,192.55816989186016 131.0116058466263,31.22214647338611,192.69817058762305 131.01160826522752,31.22214646022088,192.83717193899847 131.01161068346417,31.222146447225544,192.97517407310923 131.0116131013374,31.22214643439852,193.11217712999087 131.01161551884837,31.222146421738,193.24818126159727 131.0116179359984,31.222146409241937,193.38318662384933 131.01162035278873,31.22214639690807,193.5171933955196 131.01162276922082,31.222146384733925,193.6502017543775 131.0116251852962,31.22214637271684,193.7822119000512 131.0116276010164,31.222146360853927,193.9132240341476 131.01163001638307,31.2221463491421,194.04323837317384 131.0116324313979,31.222146337578085,194.1722551485369 131.01163484606275,31.222146326158445,194.3002745906417 131.01163726037947,31.22214631487953,194.42729694976367 131.0116396743499,31.22214630373753,194.553322483126 131.0116420879762,31.22214629272848,194.6783514578833 131.01164450126032,31.22214628184821,194.8023841501265 131.0116469142044,31.222146271092463,194.92542084488448 131.01164932681067,31.22214626045676,195.0474618381095 131.0116517390815,31.222146249936515,195.16850743667968 131.01165415101903,31.222146239526992,195.2885579494516 131.01165656262577,31.222146229223327,195.40761369918923 131.01165897390416,31.222146219020537,195.52567501759347 131.01166138485672,31.222146208913493,195.6427422423201 131.011663795486,31.22214619889695,195.75881572195013 131.01166620579465,31.2221461889656,195.87389580505624 131.0116686157853,31.222146179113967,195.9879828580933 131.01167102546074,31.222146169336536,196.10107724750884 131.0116734348237,31.22214615962765,196.2131793506749 131.01167584387707,31.222146149981608,196.32428954793687 131.0116782526237,31.22214614039257,196.4344082295724 131.01168066106652,31.22214613085469,196.54353578783832 131.01168306920854,31.222146121361988,196.65167262889864 131.0116854770527,31.22214611190844,196.7588191569216 131.0116878846022,31.22214610248799,196.86497578501343 131.01169029186002,31.22214609309448,196.9701429292531 131.0116926988294,31.222146083721736,197.0743210146591 131.0116951055134,31.22214607436353,197.1775104672344 131.01169751191534,31.22214606501359,197.2797117179445 131.01169991803846,31.22214605566561,197.38092520569973 131.01170232388603,31.22214604631328,197.48115136840764 131.01170472946131,31.22214603695021,197.58039064893845 131.01170713476776,31.222146027570044,197.67864349512456 131.01170953980872,31.222146018166384,197.77591035777303 131.01171194458752,31.22214600873284,197.8721916886774 131.01171434910765,31.222145999262988,197.9674879455868 131.01171675337258,31.22214598975044,198.0617995832624 131.01171915738573,31.22214598018877,198.15512706440947 131.0117215611506,31.2221459705716,198.24747085073136 131.01172396467072,31.22214596089253,198.33883140392567 131.01172636794962,31.222145951145208,198.42920919065168 131.01172877099083,31.222145941323262,198.5186046745804 131.01173117379793,31.2221459314204,198.60701832533903 131.0117335763744,31.222145921430297,198.69445060559167 131.01173597872395,31.222145911346697,198.7809019849516 131.01173838085006,31.2221459011634,198.8663729330264 131.01174078275636,31.22214589087418,198.9508639154409 131.01174318444643,31.222145880472915,199.0343753978133 131.01174558592393,31.222145869953504,199.11690784674977 131.0117479871924,31.222145859309904,199.1984617248736 131.01175038825548,31.222145848536105,199.27903750076504 131.0117527891167,31.222145837626176,199.35863563504776 131.01175518977973,31.22214582657425,199.43725658635 131.01175759024818,31.22214581537449,199.51490081528203 131.0117599905256,31.222145804021142,199.5915687784725 131.01176239061553,31.222145792508528,199.6672609285672 131.01176479052165,31.222145780831035,199.74197772118885 131.01176719024747,31.22214576898313,199.8157196010206 131.0117695897965,31.222145756959325,199.88848701770823 131.01177198917233,31.222145744754247,199.9602804109536 131.01177438837843,31.2221457323626,200.03110022343367 131.01177678741843,31.22214571977915,200.10094688788084 131.01177918629563,31.22214570699876,200.1698208370208 131.0117815850137,31.22214569401637,200.2377224986048 131.01178398357592,31.222145680827047,200.30465229739607 131.0117863819858,31.22214566742589,200.3706106502013 131.01178878024672,31.222145653808152,200.4355979718331 131.01179117836205,31.222145639969128,200.4996146741168 131.01179357633515,31.22214562590424,200.5626611629088 131.01179597416933,31.222145611609,200.6247378331272 131.0117983718679,31.22214559707901,200.68584508366 131.01180076943413,31.22214558231001,200.7459833004685 131.01180316687123,31.2221455672978,200.8051528675213 131.0118055641824,31.222145552038302,200.863354162818 131.01180796137075,31.222145536527545,200.92058755540728 131.0118103584395,31.22214552076167,200.9768534163214 131.01181275539167,31.222145504736904,201.03215209571363 131.01181515223033,31.222145488449595,201.08648395566 131.01181754895848,31.222145471896194,201.13984933537088 131.0118199455791,31.22214545507329,201.1922485750456 131.01182234209512,31.222145437977545,201.2436820089156 131.01182473850935,31.22214542060574,201.2941499642484 131.01182713482478,31.22214540295481,201.34365275339863 131.01182953104404,31.22214538502174,201.39219069467927 131.01183192716996,31.22214536680367,201.43976408751408 131.01183432320522,31.222145348297843,201.48637323032733 131.01183671915243,31.22214532950161,201.53201841259423 131.01183911501423,31.22214531041245,201.5766999148388 131.01184151079315,31.22214529102795,201.62041800863523 131.01184390649172,31.22214527134581,201.6631729635656 131.01184630211233,31.22214525136384,201.7049650362854 131.01184869765734,31.22214523107997,201.74579447549445 131.01185109312908,31.222145210492275,201.7856615219368 131.01185348852988,31.22214518959889,201.82456641535703 131.01185588386193,31.222145168398107,201.8625093756172 131.01185827912732,31.222145146888327,201.8994906225756 131.01186067432823,31.22214512506805,201.93551036216945 131.0118630694666,31.222145102935887,201.97056879734907 131.01186546454448,31.2221450804906,202.00466611814204 131.01186785956375,31.22214505773103,202.03780251059283 131.01187025452623,31.22214503465615,202.0699781488164 131.01187264943377,31.222145011265034,202.10119319400007 131.011875044288,31.22214498755688,202.13144780931648 131.01187743909065,31.22214496353099,202.16074214501128 131.01187983384324,31.22214493918679,202.18907633244248 131.0118822285473,31.22214491452379,202.2164505109137 131.01188462320428,31.22214488954164,202.24286479984627 131.01188701781558,31.222144864240104,202.2683193116992 131.0118894123825,31.222144838619023,202.29281415296435 131.01189180690622,31.222144812678376,202.3163494172076 131.011894201388,31.222144786418223,202.3389251910328 131.01189659582883,31.22214475983876,202.3605415570632 131.01189899022987,31.22214473294027,202.38119858002864 131.01190138459197,31.22214470572315,202.4008963186893 131.011903778916,31.222144678187885,202.4196348288204 131.0119061732028,31.222144650335096,202.43741414929545 131.01190856745313,31.22214462216548,202.45423431401363 131.01191096166755,31.22214459367984,202.47009534494327 131.01191335584673,31.222144564879063,202.48499726504207 131.0119157499911,31.2221445357642,202.49894007142123 131.01191814410112,31.222144506336296,202.5119237681448 131.0119205381771,31.222144476596583,202.52394834436404 131.01192293221936,31.22214444654636,202.5350137753104 131.01192532622807,31.222144416187,202.5451200352176 131.01192772020332,31.22214438551997,202.55426708738088 131.01193011414514,31.22214435454689,202.56245488117696 131.01193250805352,31.2221443232694,202.56968336895903 131.01193490192833,31.222144291689222,202.5759524822041 131.01193729576931,31.22214425980824,202.5812621494035 131.01193968957625,31.222144227628377,202.58561228910364 131.01194208334874,31.222144195151618,202.58900281388344 131.01194447708636,31.222144162380086,202.591433627372 131.0119468707885,31.22214412931596,202.59290461828547 131.01194926445467,31.222144095961472,202.59341568030445 131.01195165808417,31.22214406231899,202.59296668126348 131.01195405167613,31.22214402839092,202.59155749594984 131.0119564452298,31.222143994179746,202.5891879832433 131.01195883874416,31.222143959688044,202.5858579960561 131.01196123221828,31.22214392491845,202.58156738133184 131.01196362565102,31.22214388987368,202.57631597308847 131.0119660190412,31.22214385455649,202.57010360136425 131.0119684123876,31.22214381896976,202.5629300862528 131.01197080568883,31.2221437831164,202.55479524386783 131.0119731989435,31.222143746999365,202.5456988764034 131.01197559215015,31.22214371062172,202.53564078505485 131.01197798530714,31.22214367398656,202.52462075908568 131.0119803784128,31.222143637097048,202.51263858079787 131.01198277146543,31.2221435999564,202.49969402851133 131.01198516446317,31.222143562567897,202.4857868706036 131.01198755740418,31.222143524934868,202.47091686848952 131.0119899502864,31.222143487060706,202.45508377562712 131.01199234310783,31.222143448948817,202.4382873424884 131.01199473586627,31.2221434106027,202.4205273096006 131.0119971285596,31.22214337202588,202.40180341052945 131.01199952118543,31.22214333322192,202.3821153738656 131.01200191374144,31.22214329419445,202.36146292322496 131.01200430622515,31.22214325494712,202.33984576731007 131.01200669863402,31.22214321548361,202.3172636237632 131.0120090909655,31.222143175807656,202.29371618934948 131.01201148321687,31.22214313592304,202.26920316579867 131.0120138753854,31.222143095833545,202.2437242409204 131.01201626746823,31.222143055543004,202.217279101525 131.01201865946254,31.22214301505528,202.18986742746023 131.01202105136525,31.222142974374258,202.1614888926054 131.0120234431734,31.222142933503847,202.1321431678525 131.01202583488384,31.222142892447977,202.1018299151424 131.01202822649338,31.2221428512106,202.07054879641217 131.0120306179988,31.222142809795702,202.0382994626588 131.0120330093967,31.22214276820725,202.0050815668624 131.01203540068377,31.22214272644928,201.9708947510645 131.01203779185653,31.22214268452577,201.93573865928863 131.01204018291145,31.222142642440783,201.89961292462027 131.01204257384495,31.222142600198328,201.86251717914504 131.0120449646534,31.222142557802457,201.82445105394936 131.01204735533304,31.2221425152572,201.78541417216127 131.01204974588015,31.222142472566624,201.7454061539236 131.0120521362909,31.222142429734763,201.7044266183781 131.01205452656137,31.222142386765665,201.6624751806848 131.01205691668758,31.222142343663368,201.61955145003583 131.01205930666563,31.22214230043191,201.57565503362832 131.0120616964914,31.222142257075305,201.53078553865376 131.0120640861608,31.222142213597568,201.4849425683228 131.01206647566968,31.222142170002705,201.4381257228575 131.0120688650138,31.22214212629469,201.3903346004861 131.01207125418892,31.222142082477504,201.34156879744333 131.01207364319075,31.222142038555084,201.2918279079704 131.012076032015,31.22214199453136,201.2411115272947 131.01207842065713,31.22214195041024,201.1894192446757 131.01208080911283,31.222141906195585,201.13675065135345 131.0120831973776,31.222141861891256,201.0831053355804 131.01208558544693,31.222141817501072,201.02848288858368 131.01208797331628,31.22214177302882,200.9728828946276 131.01209036098106,31.22214172847823,200.9163049439327 131.0120927484367,31.22214168385304,200.8587486227385 131.01209513567846,31.22214163915692,200.80021352025832 131.01209752270182,31.222141594393488,200.74069921874244 131.012099909502,31.22214154956636,200.68020531534296 131.01210229607432,31.22214150467905,200.61873138832115 131.012104682414,31.22214145973509,200.5562770348156 131.01210706851631,31.22214141473794,200.49284184102552 131.0121094543765,31.22214136969096,200.42842540208787 131.0121118399898,31.22214132459751,200.363027309158 131.01211422535135,31.222141279460885,200.2966471603415 131.0121166104564,31.22214123428432,200.229284546779 131.0121189953001,31.222141189071003,200.16093907550737 131.01212137987767,31.22214114382401,200.09161034560464 131.01212376418428,31.22214109854644,200.02129796011843 131.01212614821506,31.22214105324124,199.9500015270576 131.01212853196526,31.22214100791136,199.87772065740657 131.01213091543008,31.222140962559628,199.8044549681052 131.01213329860465,31.222140917188835,199.730204073105 131.01213568148424,31.222140871801685,199.65496759330688 131.01213806406403,31.222140826400818,199.57874515855045 131.0121404463393,31.222140780988788,199.5015363986672 131.01214282830531,31.22214073556809,199.42334094546965 131.0121452099573,31.22214069014111,199.3441584367253 131.01214759129064,31.222140644710183,199.2639885241105 131.01214997230068,31.222140599277537,199.18283084935305 131.01215235298267,31.222140553845342,199.10068507504693 131.01215473333218,31.22214050841565,199.01755085682 131.01215711334453,31.22214046299047,198.9334278652012 131.01215949301528,31.22214041757168,198.84831577071247 131.0121618723399,31.22214037216109,198.7622142548004 131.01216425131395,31.222140326760425,198.6751230058611 131.01216662993315,31.22214028137129,198.58704171427087 131.01216900819307,31.22214023599523,198.49797008232488 131.01217138608953,31.22214019063368,198.4079078172805 131.0121737636183,31.22214014528794,198.3168546383129 131.0121761407752,31.222140099959297,198.22481026657803 131.01217851755618,31.22214005464889,198.1317744311754 131.0121808939572,31.222140009357734,198.0377468790855 131.01218326997437,31.222139964086782,197.9427273533059 131.01218564560375,31.22213991883689,197.8467156147165 131.01218802084165,31.22213987360879,197.7497114291584 131.01219039568434,31.22213982840312,197.65171457240385 131.01219277012817,31.2221397832204,197.55272483015537 131.01219514416962,31.22213973806108,197.45274199705312 131.0121975178053,31.22213969292545,197.3517658766735 131.01219989103183,31.222139647813734,197.24979628749367 131.01220226384595,31.22213960272604,197.1468330539456 131.01220463624455,31.22213955766238,197.04287601138665 131.01220700822464,31.22213951262264,196.93792500212183 131.01220937978323,31.2221394676066,196.8319798903157 131.0122117509175,31.22213942261392,196.725040543104 131.01221412162477,31.22213937764417,196.617106837554 131.01221649190242,31.222139332696823,196.5081786676216 131.01221886174807,31.222139287771213,196.3982559332168 131.0122212311593,31.222139242866568,196.28733855312592 131.01222360013392,31.22213919798203,196.1754264501021 131.01222596866987,31.222139153116604,196.0625195627924 131.0122283367652,31.2221391082692,195.94861784673247 131.01223070441804,31.22213906343862,195.8337212604301 131.01223307162675,31.222139018623537,195.71782978127 131.0122354383898,31.222138973822528,195.60094340054167 131.0122378047058,31.222138929034088,195.4830621164852 131.01224017057345,31.22213888425655,195.3641859462143 131.01224253599173,31.22213883948818,195.24431491379315 131.0122449009596,31.22213879472712,195.1234490621609 131.0122472654764,31.22213874997141,195.0015884481632 131.0122496295414,31.222138705218992,194.8787331345999 131.0122519931541,31.222138660467696,194.7548832051356 131.01225435631423,31.222138615715245,194.6300387533641 131.01225671902168,31.22213857095925,194.50419988778003 131.01225908127634,31.22213852619725,194.3773667327721 131.0122614430785,31.222138481426647,194.2495394196775 131.01226380442844,31.22213843664477,194.12071809970337 131.0122661653267,31.222138391848823,193.99090293895685 131.01226852577395,31.222138347035948,193.8600941104944 131.01227088577116,31.22213830220316,193.72829180922915 131.01227324531922,31.222138257347368,193.59549624000536 131.01227560441944,31.222138212465435,193.46170762058003 131.0122779630732,31.22213816755409,193.32692618758625 131.01228032128205,31.22213812261,193.19115218361048 131.01228267904776,31.222138077629705,193.05438587409296 131.01228503637225,31.222138032609703,192.91662753142188 131.01228739325768,31.22213798754637,192.77787744785527 131.01228974970633,31.22213794243604,192.63813592458848 131.0122921057206,31.22213789727492,192.49740327771696 131.01229446130327,31.222137852059166,192.3556798412188 131.01229681645717,31.222137806784865,192.21296595602104 131.01229917118525,31.22213776144799,192.0692619809328 131.01230152549076,31.22213771604449,191.92456828867049 131.01230387937716,31.22213767057023,191.77888526287464 131.0123062328479,31.22213762502099,191.63221330506923 131.0123085859068,31.22213757939252,191.4845528227328 131.01231093855785,31.22213753368045,191.3359042432152 131.01231329080505,31.222137487880428,191.1862680047908 131.01231564265277,31.22213744198799,191.0356445536772 131.01231799410544,31.222137395998622,190.8840343579513 131.01232034516775,31.2221373499078,190.7314378896572 131.01232269584446,31.22213730371089,190.57785563971623 131.01232504614055,31.22213725740328,190.4232881050052 131.01232739606124,31.222137210980257,190.26773580127767 131.01232974561182,31.222137164437115,190.1111992462684 131.01233209479778,31.22213711776908,189.9536789775816 131.01233444362475,31.222137070971367,189.7951755437492 131.01233679209855,31.22213702403916,189.63568949826325 131.01233914022515,31.222136976967608,189.47522141349447 131.01234148801066,31.22213692975184,189.3137718618062 131.01234383546137,31.222136882386987,189.15134143742063 131.01234618258363,31.22213683486813,188.9879307335586 131.01234852938404,31.2221367871904,188.8235403653012 131.01235087586923,31.222136739348844,188.65817094275224 131.01235322204607,31.22213669133857,188.49182309787528 131.0123555679215,31.22213664315465,188.32449746262685 131.01235791350254,31.22213659479217,188.15619468287235 131.0123602587965,31.222136546246244,187.98691540844544 131.01236260381054,31.22213649751197,187.81666030110168 131.01236494855215,31.222136448584475,187.6454300245761 131.01236729302883,31.222136399458886,187.47322525651367 131.01236963724818,31.2221363501304,187.30004667157152 131.012371981218,31.222136300594183,187.12589496229023 131.0123743249459,31.2221362508455,186.9507708142476 131.01237666843994,31.222136200879586,186.77467492891776 131.01237901170796,31.22213615069175,186.5976080087632 131.01238135475796,31.222136100277336,186.41957076121 131.01238369759807,31.22213604963176,186.2405638956664 131.0123860402364,31.22213599875043,186.06058813048 131.01238838268108,31.22213594762892,185.879644179024 131.01239072494036,31.22213589626276,185.6977327675868 131.01239306702243,31.22213584464759,185.5148546164872 131.0123954089356,31.222135792779124,185.33101045200235 131.0123977506881,31.222135740653133,185.1462010013996 131.0124000922883,31.22213568826548,184.96042699293344 131.01240243374443,31.222135635612087,184.773689152866 131.0124047750647,31.222135582688995,184.5859882134185 131.01240711625755,31.22213552949232,184.39732489984945 131.01240945733113,31.222135476018224,184.20769994039355 131.01241179829358,31.222135422263047,184.0171140593069 131.01241413915315,31.2221353682232,183.825567979846 131.01241647991796,31.222135313895148,183.63306242625663 131.01241882059605,31.22213525927556,183.439598114829 131.01242116119536,31.22213520436112,183.24517575886725 131.01242350172387,31.22213514914872,183.04979607266503 131.0124258421894,31.222135093635305,182.8534597605732 131.01242818259968,31.222135037818,182.6561675229617 131.01243052296232,31.22213498169399,182.45792006019727 131.01243286328483,31.222134925260665,182.2587180587276 131.01243520357465,31.222134868515507,182.0585622010205 131.01243754383898,31.222134811456133,181.85745316655908 131.012439884085,31.222134754080304,181.65539162289417 131.01244222431967,31.22213469638596,181.4523782326046 131.01244456454984,31.222134638371127,181.24841364534416 131.0124469047821,31.22213458003404,181.0434985067876 131.012449245023,31.222134521373043,180.83763344869064 131.01245158527874,31.222134462386663,180.63081909783648 131.0124539255555,31.22213440307356,180.4230560651024 131.01245626585907,31.2221343434326,180.2143449534104 131.01245860619522,31.22213428346276,180.00468635474653 131.01246094656932,31.22213422316324,179.79408084817203 131.0124632869867,31.222134162533344,179.5825289988314 131.01246562745223,31.2221341015726,179.37003136391297 131.01246796797076,31.222134040280675,179.1565884807248 131.01247030854668,31.22213397865743,178.9422008756378 131.01247264918425,31.22213391670288,178.726869064088 131.01247498988744,31.22213385441721,178.51059354461032 131.0124773306599,31.222133791800804,178.29337479784735 131.012479671505,31.22213372885422,178.07521329251082 131.01248201242586,31.222133665578188,177.85610948140734 131.01248435342524,31.2221336019736,177.63606379845604 131.01248669450564,31.222133538041565,177.41507666564613 131.0124890356692,31.22213347378337,177.1931484830975 131.01249137691775,31.22213340920044,176.97027964098817 131.01249371825284,31.222133344294445,176.7464704996759 131.01249605967558,31.22213327906717,176.52172141752706 131.0124984011869,31.222133213520625,176.29603272209448 131.01250074278724,31.22213314765697,176.0694047270123 131.01250308447675,31.22213308147855,175.84183773001064 131.0125054262552,31.22213301498789,175.61333200694875 131.012507768122,31.22213294818769,175.38388781181771 131.0125101100763,31.22213288108083,175.15350538767277 131.0125124521167,31.222132813670346,174.9221849497355 131.01251479424158,31.22213274595945,174.6899266993106 131.0125171364489,31.222132677951528,174.45673081483875 131.01251947873615,31.222132609650146,174.2225974578625 131.01252182110062,31.222132541059008,173.98752676507135 131.01252416353904,31.222132472182,173.75151885725052 131.01252650604792,31.22213240302312,173.51457383530263 131.01252884862325,31.22213233358657,173.27669177826212 131.0125311912607,31.222132263876688,173.03787274528045 131.01253353395555,31.22213219389796,172.79811677662255 131.0125358767028,31.22213212365496,172.55742388869487 131.01253821949683,31.222132053152464,172.3157940859741 131.01254056233185,31.22213198239537,172.07322734311575 131.01254290520157,31.222131911388704,171.82972362483224 131.01254524809943,31.222131840137607,171.58528286700923 131.01254759101835,31.222131768647348,171.3399049926074 131.01254993395108,31.222131696923302,171.09358990172367 131.01255227688975,31.22213162497095,170.84633747954223 131.01255461982635,31.22213155279589,170.59814758540165 131.01255696275248,31.222131480403792,170.3490200667093 131.01255930565924,31.222131407800426,170.09895474999607 131.01256164853748,31.222131334991644,169.84795144290476 131.01256399137776,31.222131261983392,169.59600993816449 131.01256633417023,31.22213118878165,169.34313000961575 131.01256867690475,31.22213111539252,169.08931140922786 131.01257101957088,31.22213104182209,168.83455388399736 131.01257336215778,31.222130968076577,168.5788571550731 131.01257570465444,31.222130894162174,168.32222093465415 131.01257804704943,31.22213082008513,168.0646449090926 131.01258038933116,31.22213074585173,167.80612876573016 131.01258273148767,31.22213067146827,167.54667216208574 131.01258507350695,31.22213059694106,167.28627474772176 131.01258741537643,31.22213052227641,167.0249361632501 131.0125897570836,31.222130447480623,166.76265602939847 131.01259209861547,31.222130372560027,166.49943396092613 131.0125944399591,31.22213029752088,166.23526955966562 131.0125967811011,31.22213022236941,165.9701624204861 131.0125991220281,31.22213014711184,165.70411212135423 131.01260146272648,31.22213007175432,165.43711823923752 131.0126038031825,31.22212999630296,165.16918033916983 131.01260614338216,31.222129920763766,164.9002979732576 131.0126084833116,31.22212984514272,164.63047070155332 131.01261082295656,31.222129769445665,164.35969806223588 131.01261316230287,31.222129693678408,164.0879796014297 131.01261550133637,31.22212961784665,163.8153148513379 131.0126178400425,31.222129541955976,163.54170334614375 131.0126201784071,31.22212946601181,163.26714461704313 131.0126225164157,31.22212939001953,162.99163819323664 131.0126248540539,31.222129313984308,162.71518360192997 131.01262719130744,31.222129237911208,162.4377803703221 131.0126295281619,31.22212916180513,162.15942803057396 131.0126318646031,31.22212908567084,161.88012611086418 131.01263420061676,31.222129009512887,161.5998741463209 131.0126365361889,31.22212893333572,161.3186716730588 131.01263887130548,31.22212885714354,161.0365182351368 131.01264120595275,31.2221287809404,160.7534133805816 131.01264354011698,31.222128704730128,160.46935666337544 131.0126458737847,31.22212862851637,160.1843476444511 131.01264820694263,31.22212855230253,159.89838589467217 131.01265053957766,31.22212847609182,159.61147099284523 131.01265287167695,31.222128399887204,159.32360252969698 131.012655203228,31.22212832369144,159.03478010489076 131.01265753421845,31.222128247507047,158.74500333000924 131.0126598646363,31.222128171336298,158.45427182954725 131.01266219446987,31.222128095181205,158.16258524687692 131.01266452370783,31.22212801904356,157.8699432293373 131.01266685233915,31.22212794292485,157.57634545109522 131.01266918035333,31.22212786682632,157.28179159624807 131.01267150774,31.22212779074896,156.9862813628006 131.01267383448948,31.22212771469347,156.68981447558463 131.01267616015963,31.222127638442245,156.39245505613917 131.0126784847533,31.222127562001088,156.09420163183404 131.01268080807932,31.22212748527772,155.7950816328583 131.01268312997829,31.22212740819515,155.4951180867576 131.01268545029123,31.22212733067604,155.19433422586536 131.01268776885976,31.22212725264273,154.8927534813401 131.012690085526,31.22212717401725,154.5903994692525 131.01269240013286,31.222127094721376,154.28729597865993 131.01269471252405,31.222127014676687,153.9834669755848 131.01269702254416,31.22212693380459,153.67893656822798 131.0126993300387,31.222126852026328,153.37372902386787 131.01270163485427,31.22212676926307,153.0678687400384 131.0127039368386,31.222126685435928,152.76138023757258 131.01270623584054,31.222126600465977,152.454288155635 131.01270853171036,31.222126514274365,152.14661722588124 131.01271082429955,31.222126426782285,151.83839228538065 131.012713113461,31.22212633791112,151.52963824282395 131.01271539904928,31.222126247582327,151.22038007653703 131.01271768092028,31.222126155717664,150.91064282156125 131.01271995893157,31.22212606223908,150.60045156070984 131.01272223294248,31.222125967068816,150.28983141264175 131.01272450281397,31.222125870129524,149.9788075080084 131.0127267684088,31.222125771344167,149.66740500337036 131.01272902959158,31.222125670636206,149.3556490434289 131.0127312862288,31.22212556792959,149.0435647600332 131.01273353818883,31.222125463148764,148.73117726522412 131.012735785342,31.22212535621873,148.41851162837392 131.01273802756077,31.222125247065136,148.10559287618895 131.01274026471944,31.222125135614245,147.7924459728299 131.01274249669456,31.22212502179303,147.4790958089802 131.01274472336465,31.222124905529228,147.16556719687787 131.01274694461043,31.222124786751376,146.85188485242367 131.01274916031485,31.2221246653888,146.538073385244 131.0127513703628,31.22212454137168,146.2241572867631 131.01275357464155,31.22212441463112,145.9101609232469 131.01275577304065,31.222124285099145,145.5961085198993 131.01275796545167,31.22212415270876,145.28202415390683 131.0127601517686,31.22212401739396,144.96793174151549 131.01276233188744,31.222123879089853,144.6538550300812 131.01276450570674,31.22212373773258,144.33981758713628 131.01276667312712,31.2221235932594,144.02584278647316 131.01276883405143,31.22212344560869,143.7119538021829 131.01277098838494,31.22212329472004,143.39817360766008 131.0127731360351,31.22212314053419,143.08452493982014 131.01277527691144,31.22212298299312,142.7710303279246 131.01277741092602,31.22212282204009,142.45771205382363 131.01277953799294,31.222122657619657,142.1445921519532 131.01278165802864,31.2221224896776,141.8316924113266 131.0127837709517,31.222122318161063,141.5190343606214 131.01278587668293,31.22212214301849,141.20663925327133 131.01278797514533,31.22212196419969,140.8945280724357 131.01279006626413,31.22212178165586,140.58272151608904 131.0127921499666,31.222121595339583,140.2712399970208 131.01279422618225,31.222121405204835,139.96010362991333 131.01279629484264,31.222121211207007,139.64933222835938 131.0127983558815,31.22212101330286,139.3389452969094 131.01280040923464,31.22212081145064,139.0289620330596 131.01280245483989,31.222120605609955,138.71940131432817 131.0128044926371,31.222120395741875,138.4102816962678 131.0128065225682,31.22212018180899,138.10162140053654 131.01280854457707,31.22211996377525,137.79343833477697 131.01281055860963,31.222119741606093,137.4857500558371 131.01281256461365,31.222119515268343,137.17857379660808 131.0128145625388,31.222119284730297,136.87192643819043 131.01281655233683,31.22211904996165,136.5658245228158 131.01281853396122,31.222118810933587,136.2602842478817 131.0128205073673,31.22211856761872,135.95532146495572 131.01282247251228,31.22211831999103,135.65095166784712 131.01282442935516,31.22211806802596,135.34719000552815 131.0128263778566,31.22211781170028,135.0440512721908 131.01282831797923,31.22211755099221,134.74154991023013 131.01283024968723,31.22211728588129,134.43970000328272 131.01283217294653,31.222117016348424,134.13851529014283 131.01283408772474,31.222116742375977,133.8380091418982 131.01283599399113,31.22211646394753,133.53819458876703 131.01283789171657,31.22211618104803,133.2390842942529 131.01283978087363,31.2221158936637,132.94069057899824 131.01284166143628,31.22211560178203,132.6430254048797 131.0128435333802,31.222115305391767,132.34610038792877 131.0128453966826,31.222115004482923,132.04992679137197 131.01284725132203,31.222114699046816,131.7545155325871 131.01284909727875,31.222114389075863,131.45987717713842 131.0128509345344,31.222114074563702,131.1660219477214 131.01285276307203,31.222113755505145,130.87295972714165 131.0128545828762,31.22211343189608,130.5807000563266 131.01285639393276,31.22211310373355,130.28925214326964 131.012858196229,31.22211277101572,129.99862485905243 131.0128599897535,31.22211243374183,129.70882674678933 131.01286177449637,31.222112091912138,129.41986602063218 131.01286355044877,31.222111745527915,129.13175057670213 131.01286531760323,31.22211139459145,128.84448798116125 131.0128670759538,31.22211103910599,128.55808549108363 131.0128688254954,31.222110679075687,128.27255004749665 131.01287056622448,31.22211031450572,127.98788828333136 131.0128722981385,31.22210994540215,127.70410652938511 131.0128740212362,31.22210957177188,127.42121080934976 131.01287573551755,31.22210919362265,127.13920685670811 131.01287744098363,31.222108810963075,126.85810010678124 131.01287913763667,31.22210842380252,126.57789571362424 131.01288082547998,31.222108032151127,126.29859854207264 131.01288250477418,31.22210763614198,126.02016071743512 131.0128841755072,31.222107235777976,125.74258988143475 131.01288583778535,31.222106831118648,125.46586938277306 131.01288749169336,31.222106422213287,125.18998685384172 131.01288913731415,31.222106009110487,124.91493009993698 131.0128907747294,31.222105591858128,124.64068713206044 131.01289240401883,31.222105170503404,124.36724614902845 131.0128940252609,31.222104745092864,124.09459554045516 131.0128956385324,31.22210431567237,123.82272388675348 131.01289724390872,31.22210388228712,123.55161994919632 131.01289884146385,31.222103444981627,123.281272666936 131.0129004312703,31.222103003799777,123.0116711560106 131.01290201339933,31.22210255878481,122.74280470636351 131.01290358792073,31.22210210997933,122.4746627748862 131.0129051549031,31.222101657425394,122.2072349874072 131.0129067144138,31.22210120116445,121.94051112577084 131.01290826651888,31.22210074123729,121.6744811377786 131.01290981128312,31.222100277684184,121.40913512327364 131.01291134877036,31.22209981054474,121.14446334010589 131.01291287904314,31.222099339858065,120.8804561912104 131.01291440216286,31.22209886566265,120.61710423554304 131.01291591818995,31.222098387996496,120.3543981662122 131.01291742718368,31.222097906897087,120.0923288263848 131.01291892920233,31.22209742240129,119.83088720033946 131.0129204243032,31.2220969345455,119.57006440352912 131.01292191254257,31.22209644336554,119.30985168953796 131.01292339397585,31.22209594889674,119.05024045008344 131.0129248686573,31.22209545117392,118.79122219811828 131.01292633664056,31.222094950231405,118.53278857478936 131.0129277979782,31.222094446103103,118.27493135639628 131.01292925272193,31.222093938822365,118.0176424335183 131.01293070092277,31.22209342842205,117.76091382194792 131.01293214263072,31.222092914934564,117.50473765772313 131.01293357789507,31.222092398391865,117.2491061931508 131.01293500676448,31.2220918788254,116.99401179283127 131.0129364292866,31.22209135626623,116.73944693962366 131.0129378455085,31.222090830744992,116.48540422669372 131.01293925547648,31.22209030229184,116.231876354533 131.01294065923616,31.22208977093647,115.97885613493447 131.01294205683243,31.22208923670819,115.72633648304168 131.01294344830958,31.22208869963588,115.47431041834344 131.01294483371123,31.222088159747976,115.22277106666196 131.01294621308045,31.22208761707251,114.97171165220108 131.0129475864595,31.22208707163724,114.72112549257696 131.01294895389017,31.22208652346936,114.47100601969332 131.0129503154137,31.222085972595742,114.22134674196847 131.01295167107062,31.222085419042887,113.9721412751506 131.0129530209011,31.22208486283685,113.72338332641436 131.01295436494473,31.222084304003367,113.47506669436088 131.0129557032404,31.22208374256775,113.22718526404796 131.0129570358267,31.222083178555085,112.97973301295517 131.01295836274156,31.222082611989947,112.7327040070076 131.01295968402255,31.222082042896623,112.48609239560652 131.01296099970676,31.22208147129904,112.2398924146122 131.01296230983078,31.22208089722076,111.9940983833611 131.01296361443073,31.222080320685016,111.74870470367355 131.0129649135424,31.222079741714698,111.50370585985335 131.01296620720095,31.22207916033244,111.25909641272384 131.01296749544144,31.22207857656048,111.01487099962932 131.01296877829827,31.222077990420743,110.7710243473564 131.0129700558055,31.22207740193485,110.52755124529668 131.012971327997,31.222076811124083,110.28444656333885 131.012972594906,31.22207621800944,110.04170524789366 131.01297385656557,31.22207562261157,109.79932231692337 131.0129751130083,31.222075024950964,109.55729285596652 131.01297636426656,31.222074425047687,109.31561202708434 131.0129776103723,31.22207382292157,109.07427505792649 131.0129788513572,31.222073218592108,108.833277251672 131.01298008725257,31.222072612078566,108.59261397013104 131.01298131808952,31.2220720033999,108.35228064467952 131.01298254389877,31.2220713925748,108.11227277725328 131.01298376471078,31.222070779621728,107.87258592941384 131.01298498055576,31.22207016455886,107.63321572930784 131.0129861914636,31.222069547404107,107.39415786470792 131.01298739746392,31.22206892817512,107.155408088978 131.0129885985862,31.222068306889263,106.916962219085 131.0129897948595,31.222067683563687,106.67881612068888 131.01299098631276,31.222067058215288,106.44096573398792 131.01299217297463,31.222066430860806,106.20340704489152 131.01299335487354,31.22206580151663,105.96613610589552 131.01299453203768,31.222065170198977,105.7291490201778 131.01299570449507,31.2220645369238,105.4924419515389 131.01299687227348,31.222063901706832,105.2560111134678 131.01299803540044,31.222063264563584,105.01985278007676 131.01299919390337,31.22206262550935,104.78396327814896 131.01300034780942,31.222061984559275,104.54833898216852 131.01300149714555,31.22206134172822,104.31297632227364 131.01300264193858,31.222060697030848,104.07787178226783 131.0130037822151,31.22206005048164,103.84302188868652 131.01300491800157,31.22205940209482,103.60842323067747 131.01300604932428,31.222058751884475,103.37407243117408 131.01300717620924,31.22205809986445,103.13996617671684 131.01300829868245,31.22205744604851,102.90610118962029 131.01300941676968,31.222056790450097,102.67247424686008 131.01301053049653,31.22205613308255,102.43908216615668 131.01301163988848,31.22205547395898,102.20592181690957 131.0130127449709,31.22205481309233,101.97299010926368 131.01301384576885,31.222054150495385,101.7402839980851 131.01301494230745,31.22205348618076,101.50780048594372 131.01301603461158,31.22205282016093,101.275536611185 131.013017122706,31.222052152448143,101.04348946284024 131.01301820661533,31.22205148305452,100.8116561667109 131.0130192863641,31.22205081199201,100.58003389133266 131.0130203619767,31.2220501392724,100.34861984896932 131.01302143347735,31.22204946490731,100.1174112836851 131.01302250089017,31.222048788908296,99.88640548824316 131.01302356423923,31.22204811128669,99.65559979118284 131.0130246235484,31.22204743205371,99.42499155781496 131.01302567884147,31.222046751220404,99.19457819022072 131.01302673014212,31.222046068797688,98.96435713222272 131.01302777747392,31.22204538479633,98.73432586441504 131.01302882086037,31.222044699226984,98.50448190018646 131.0130298603247,31.22204401210023,98.27482278572168 131.01303089589032,31.22204332342644,98.04534611192932 131.01303192758033,31.22204263321589,97.8160494965492 131.0130329554177,31.222041941478704,97.58693059608072 131.01303397942547,31.22204124822492,97.3579870958442 131.01303499962648,31.222040553464424,97.1292167179308 131.0130360160435,31.222039857207022,96.90061722120508 131.01303702869913,31.22203915946245,96.6721863834106 131.013038037616,31.22203846024025,96.44392202801043 131.0130390428166,31.222037759549863,96.21582200231728 131.01304004432325,31.222037057400684,95.98788418842896 131.0130410421583,31.22203635380193,95.76010649626974 131.013042036344,31.222035648762727,95.53248686259654 131.01304302690235,31.22203494229222,95.30502326193324 131.01304401385545,31.22203423439933,95.07771369364885 131.01304499722522,31.222033525092943,94.850556179969 131.01304597703358,31.222032814381823,94.6235487788989 131.01304695330222,31.22203210227464,94.39668957627084 131.01304792605288,31.22203138877997,94.1699766797803 131.01304889530712,31.22203067390638,93.9434082259442 131.01304986108647,31.222029957662304,93.71698238208894 131.01305082341236,31.22202924005608,93.49069733740464 131.01305178230612,31.222028521095968,93.2645513079148 131.01305273778902,31.222027800790165,93.0385425334948 131.01305368988224,31.222027079146777,92.81266928184792 131.01305463860686,31.22202635617385,92.58692984254088 131.01305558398388,31.2220256318794,92.36132253296869 131.01305652603426,31.22202490627132,92.13584569139664 131.0130574647788,31.22202417935745,91.9104976769595 131.01305840023826,31.222023451145564,91.68527687761434 131.01305933243336,31.222022721643352,91.46018170318308 131.0130602613846,31.222021990858448,91.23521058038112 131.01306118711256,31.222021258798488,91.01036196673464 131.0130621096376,31.222020525471,90.78563433268832 131.01306302898004,31.22201979088346,90.5610261755209 131.01306394516016,31.222019055043283,90.3365360123882 131.0130648581981,31.22201831795781,90.11216237932828 131.01306576811396,31.222017579634368,89.8879038382202 131.01306667492767,31.222016840080222,89.66375896485539 131.0130675786592,31.22201609930263,89.43972635788454 131.01306847932824,31.22201535730873,89.21580463185859 131.01306937695463,31.22201461410566,88.99199242816384 131.01307027155792,31.22201386970048,88.7682884011055 131.01307116315766,31.22201312410023,88.54469121989543 131.01307205177335,31.22201237731191,88.32119958356314 131.0130729374243,31.22201162934252,88.09781220008088 131.01307382012976,31.222010880198948,87.87452779729811 131.01307469990894,31.222010129888098,87.65134512194777 131.01307557678092,31.22200937841679,87.42826293865181 131.01307645076463,31.22200862579184,87.20528002097525 131.01307732187905,31.22200787202004,86.982395171307 131.01307819014292,31.222007117108166,86.75960719998525 131.0130790555749,31.22200636106293,86.53691493821955 131.0130799181937,31.222005603891034,86.31431722616246 131.01308077801775,31.22200484559911,86.09181293080337 131.01308163506545,31.222004086193785,85.86940092012182 131.01308248935516,31.222003325681687,85.64708009092186 131.013083340905,31.222002564069445,85.4248493479571 131.01308418973312,31.2220018013636,85.20270760989457 131.01308503585753,31.22200103757069,84.98065381329133 131.0130858792961,31.222000272697223,84.75868690662995 131.01308672006672,31.22199950674968,84.53680585330112 131.01308755818698,31.221998739734584,84.31500962563902 131.01308839367448,31.2219979716584,84.09329722281451 131.01308922654667,31.22199720252757,83.8716676390252 131.01309005682103,31.22199643234852,83.65011989928188 131.01309088451478,31.221995661127647,83.4286530256102 131.013091709645,31.221994888871336,83.20726606587888 131.0130925322288,31.221994115586,82.98595806894807 131.0130933522831,31.221993341278026,82.7647281055441 131.01309416982477,31.221992565953745,82.54357525533774 131.01309498487043,31.221991789619533,82.3224986059496 131.01309579743673,31.221991012281688,82.10149726189668 131.01309660754015,31.221990233946528,81.88057033564611 131.01309741519708,31.22198945462042,81.65971695357933 131.01309822042373,31.22198867430966,81.43893625201589 131.01309902323624,31.22198789302055,81.21822737621982 131.01309982365066,31.22198711075937,80.99758948636358 131.01310062168287,31.2219863275324,80.77702175057001 131.01310141734865,31.22198554334588,80.55652334689961 131.01310221066367,31.22198475820617,80.33609346434646 131.0131030016435,31.22198397211951,80.11573130383049 131.01310379030346,31.221983185092167,79.8954360722337 131.01310457665895,31.221982397130365,79.6752069913474 131.0131053607251,31.22198160824036,79.4550432879308 131.01310614251696,31.221980818428417,79.23494419868199 131.01310692204947,31.221980027700816,79.01490897321946 131.01310769933744,31.221979236063795,78.79493686613024 131.01310847439552,31.221978443523582,78.57502714094595 131.01310924723828,31.221977650086416,78.35517907610729 131.01311001788017,31.22197685575849,78.13539195303507 131.01311078633546,31.22197606054614,77.91566506110085 131.01311155261828,31.22197526445556,77.69599770259713 131.0131123167427,31.22197446749301,77.4763891818027 131.0131130787227,31.22197366966468,77.25683881989376 131.01311383857197,31.22197287097683,77.03734593705056 131.01311459630426,31.22197207143568,76.8179098673684 131.01311535193295,31.22197127104753,76.59852994991162 131.0131161054715,31.22197046981856,76.37920553169458 131.01311685693327,31.221969667755047,76.15993596768341 131.01311760633126,31.2219688648632,75.94072062278283 131.0131183536785,31.22196806114921,75.7215588628897 131.01311909898783,31.22196725661944,75.50245006781662 131.01311984227206,31.221966451280053,75.28339362035679 131.01312058354372,31.221965645137328,75.06438890926601 131.01312132281527,31.221964838197493,74.8454353332395 131.0131220600991,31.22196403046674,74.62653229991713 131.0131227954074,31.2219632219514,74.40767921395555 131.0131235287522,31.221962412657696,74.18887549790294 131.0131242601454,31.22196160259189,73.9701205733119 131.01312498959888,31.221960791760203,73.75141386869205 131.01312571712424,31.22195998016888,73.53275482348654 131.013126442733,31.221959167824178,73.31414287713699 131.0131271664366,31.22195835473239,73.09557748101228 131.01312788824626,31.22195754089976,72.87705808648035 131.01312860817316,31.221956726332525,72.6585841568362 131.0131293262282,31.22195591103693,72.44015515239158 131.01313004242235,31.22195509501921,72.22177055035601 131.01313075676623,31.22195427828571,72.00342982396127 131.01313146927043,31.22195346084264,71.78513245836713 131.0131321799455,31.221952642696248,71.56687794071975 131.01313288880166,31.221951823852784,71.34866576313473 131.01313359584915,31.221951004318484,71.13049542667302 131.013134301098,31.22195018409968,70.91236643040608 131.0131350045581,31.2219493632026,70.69427828831526 131.01313570623935,31.221948541633456,70.47623051139874 131.01313640615132,31.22194771939853,70.25822261959992 131.01313710430352,31.22194689650404,70.04025413286105 131.01313780070535,31.221946072956296,69.82232458404636 131.01313849536612,31.22194524876153,69.60443350403067 131.0131391882949,31.22194442392597,69.3865804316404 131.01313987950073,31.221943598455848,69.1687649076887 131.01314056899247,31.221942772357394,68.95098647994654 131.01314125677885,31.221941945636896,68.73324470115388 131.0131419428685,31.22194111830057,68.5155391270322 131.01314262726987,31.22194029035462,68.29786931727773 131.01314330999136,31.22193946180528,68.08023483357411 131.0131439910412,31.22193863265873,67.86263524754473 131.0131446704275,31.221937802921264,67.64507013280006 131.01314534815816,31.221936972599057,67.42753906493758 131.0131460242411,31.221936141698293,67.21004162651248 131.01314669868407,31.221935310225163,66.99257740107305 131.01314737149468,31.22193447818587,66.77514597912507 131.01314804268037,31.221933645586624,66.5577469541555 131.01314871224855,31.221932812433568,66.34037992263268 131.01314938020644,31.22193197873288,66.12304448500043 131.01315004656115,31.22193114449069,65.90574024865988 131.01315071131975,31.221930309713176,65.68846681902356 131.01315137448907,31.221929474406497,65.47122380945521 131.01315203607595,31.221928638576763,65.25401083530612 131.013152696087,31.22192780223008,65.03682751888518 131.01315335452878,31.22192696537253,64.81967347951806 131.0131540114077,31.221926128010303,64.60254834647053 131.01315466673012,31.22192529014944,64.38545174900729 131.0131553205022,31.221924451796006,64.16838332434524 131.0131559727301,31.221923612956065,63.95134270373539 131.01315662341975,31.22192277363568,63.73432953035724 131.01315727257708,31.22192193384089,63.51734345136562 131.01315792020785,31.221921093577727,63.3003841089443 131.0131585663177,31.22192025285219,63.083451157205054 131.01315921091228,31.22191941167024,62.86654425025902 131.01315985399702,31.221918570037907,62.64966304519864 131.01316049557724,31.221917727961166,62.432807201103806 131.01316113565824,31.22191688544593,62.215976381029925 131.0131617742452,31.22191604249813,61.99917025896663 131.01316241134316,31.22191519912368,61.78238849597962 131.01316304695712,31.22191435532853,61.565630770033245 131.01316368109195,31.221913511118515,61.34889675412086 131.01316431375244,31.221912666499488,61.13218613216973 131.01316494494327,31.22191182147728,60.915498585124496 131.0131655746691,31.22191097605777,60.69883379691084 131.01316620293434,31.221910130246755,60.482191457418864 131.01316682974354,31.22190928404997,60.26557126250184 131.01316745510098,31.2219084374732,60.04897289906601 131.0131680790109,31.2219075905222,59.83239606793394 131.01316870147758,31.22190674320269,59.615840468933456 131.013169322505,31.22190589552037,59.39930580785613 131.01316994209728,31.221905047480888,59.18279178850495 131.0131705602583,31.221904199089906,58.966298121640506 131.01317117699188,31.22190335035309,58.7498245200113 131.0131717923019,31.221902501276016,58.53337069835283 131.01317240619204,31.221901651864265,58.31693637040624 131.01317301866595,31.22190080212337,58.10052126184113 131.01317362972722,31.221899952058944,57.88412509236178 131.0131742393793,31.22189910167644,57.66774759161274 131.01317484762575,31.22189825098132,57.45138848625573 131.01317545446983,31.22189739997903,57.23504750991024 131.01317605991488,31.221896548675087,57.018724396195566 131.0131766639642,31.221895697074828,56.80241888171247 131.01317726662094,31.22189484518363,56.58613070703736 131.01317786788826,31.22189399300681,56.36985961473435 131.01317846776925,31.221893140549778,56.15360535134349 131.01317906626687,31.22189228781776,55.93736766539221 131.0131796633841,31.22189143481603,55.721146304413146 131.013180259124,31.221890581549783,55.50494102488563 131.01318085348927,31.221889728024305,55.28875158328814 131.0131814464828,31.22188887424471,55.072577739080856 131.01318203810737,31.22188802021616,54.856419251723565 131.01318262836568,31.22188716594373,54.64027588166953 131.01318321726046,31.22188631143258,54.42414740428279 131.01318380479432,31.22188545668773,54.20803358299796 131.0131843909699,31.22188460171417,53.991934193178025 131.01318497578976,31.221883746516884,53.77584900919157 131.01318555925644,31.2218828911009,53.55977780441221 131.0131861413724,31.221882035471115,53.34372036215452 131.01318672214015,31.22188117963239,53.127676463743896 131.01318730156214,31.221880323589577,52.91164589647009 131.01318787964067,31.2218794673476,52.69562844364605 131.0131884563783,31.221878610911176,52.47962389951896 131.01318903177724,31.22187775428508,52.26363205535351 131.01318960583984,31.22187689747404,52.047652705396175 131.01319017856846,31.221876040482805,51.83168564588104 131.01319074996533,31.221875183316,51.615730681988815 131.01319132003275,31.221874325978213,51.39978761194078 131.01319188877295,31.22187346847412,51.18385624389895 131.0131924561881,31.22187261080828,50.96793638403673 131.01319302228055,31.22187175298516,50.75202784349732 131.01319358705243,31.22187089500927,50.53613043640611 131.0131941505059,31.22187003688516,50.32024397092321 131.0131947126432,31.22186917861717,50.10436827409634 131.01319527346652,31.22186832020971,49.88850316203764 131.01319583297794,31.221867461667127,49.67264845582943 131.01319639117963,31.221866602993828,49.45680398351217 131.0131969480738,31.22186574419404,49.240969568155535 131.0131975036626,31.221864885271987,49.02514504575206 131.01319805794816,31.22186402623196,48.809330245335175 131.0131986109326,31.221863167078148,48.59352499991434 131.01319916261815,31.221862307814668,48.377729150451565 131.01319971300688,31.22186144844563,48.16194253393186 131.01320026210104,31.221860588975204,47.94616499231056 131.01320080990274,31.22185972940738,47.73039637350713 131.0132013564142,31.221858869746143,47.51463651947605 131.0132019016375,31.221858009995582,47.29888527913031 131.01320244557496,31.221857150159604,47.0831425083412 131.01320298822867,31.22185629024209,46.867408054032616 131.013203529601,31.22185543024696,46.65168178002807 131.013204069694,31.22185457017809,46.43596353921553 131.01320460851005,31.221853710039284,46.22025319243532 131.01320514605135,31.22185284983426,46.00455060549817 131.0132056823202,31.221851989566915,45.78885564123215 131.01320621731884,31.221851129240868,45.57316816842955 131.01320675104964,31.22185026885981,45.35748805588236 131.01320728351493,31.221849408427463,45.14181517536464 131.01320781471708,31.221848547947427,44.92614940461486 131.0132083446584,31.22184768742328,44.710490612424 131.0132088733414,31.221846826858577,44.49483868547697 131.0132094007684,31.22184596625693,44.27919349952303 131.01320992694187,31.221845105621767,44.06355493627579 131.0132104518644,31.22184424495656,43.847922887389686 131.0132109755384,31.22184338426481,43.63229723557217 131.0132114979664,31.22184252354991,43.41667786850048 131.013212019151,31.22184166281518,43.201064682798986 131.01321253909478,31.2218408020641,42.98545756912696 131.01321305780036,31.22183994129992,42.769856424108205 131.01321357527038,31.221839080525907,42.55426114337191 131.0132140915075,31.22183821974544,42.338671631494336 131.0132146065146,31.221837358961704,42.1230877860925 131.01321512029423,31.22183649817788,41.90750951273623 131.01321563284927,31.22183563739725,41.69193671898324 131.01321614418256,31.22183477662294,41.47636931139701 131.01321665429694,31.22183391585804,41.260807199522965 131.01321716319524,31.22183305510576,41.04525029688297 131.01321767088046,31.22183219436916,40.829698516998455 131.01321817735558,31.22183133365124,40.61415177637328 131.01321868262357,31.22183047295517,40.39860999151082 131.01321918668742,31.221829612283884,40.1830730828908 131.0132196895503,31.221828751640366,39.96754097198698 131.01322019121528,31.221827891027697,39.75201358623743 131.01322069168552,31.22182703044876,39.53649084413314 131.01322119096423,31.221826169906457,39.32097267907663 131.01322168905455,31.22182530940381,39.10545901850545 131.01322218595993,31.221824448943647,38.88994978985705 131.01322268168354,31.22182358852884,38.67444492951587 131.01322317622876,31.221822728162305,38.4589443738659 131.013223669599,31.221821867846817,38.24344805630889 131.01322416179772,31.22182100758524,38.02795591422275 131.01322465282834,31.2218201473804,37.812467888961855 131.01322514269438,31.22181928723501,37.59698392287432 131.01322563139942,31.221818427151952,37.38150395632006 131.013226118947,31.221817567133943,37.16602793860593 131.0132266053409,31.22181670718368,36.95055581108555 131.01322709058456,31.221815847304,36.7350875280361 131.01322757468185,31.221814987497552,36.51962303279912 131.01322805763652,31.22181412776706,36.30416227965162 131.01322853945229,31.22181326811528,36.0887052238644 131.01322902013302,31.22181240854481,35.87325181573762 131.0132294996826,31.22181154905841,35.657802013524204 131.01322997810496,31.221810689658746,35.44235577647127 131.01323045540397,31.221809830348384,35.22691305885498 131.01323093158368,31.221808971130127,35.01147382688107 131.0132314066481,31.22180811200652,34.79603803880198 131.01323188060127,31.221807252980245,34.58060565982917 131.01323235344728,31.22180639405393,34.36517665616785 131.0132328251903,31.22180553523019,34.14975098706452 131.01323329583448,31.22180467651173,33.93432862866556 131.01323376538403,31.221803817901083,33.71890954817012 131.01323423384315,31.22180295940093,33.503493714765646 131.01323470121625,31.221802101013903,33.28808109664522 131.01323516750747,31.22180124274256,33.07267167194319 131.0132356327212,31.221800384589617,32.85726541481737 131.0132360968619,31.2217995265576,32.64186229743717 131.0132365599339,31.221798668649228,32.42646229992498 131.01323702194162,31.22179781086707,32.21106539942073 131.01323748288956,31.221796953213776,31.995671573064268 131.01323794278224,31.221796095692014,31.78028080495436 131.0132384016242,31.22179523830433,31.564893073224823 131.01323885941989,31.22179438105352,31.349508362968407 131.01323931617398,31.22179352394208,31.13412665927777 131.01323977189105,31.221792666972817,30.9187479442632 131.0132402265758,31.2217918101483,30.703372205005408 131.01324068023277,31.221790953471263,30.48799943057361 131.0132411328667,31.2217900969444,30.272629606060168 131.01324158448233,31.22178924057036,30.057262722522367 131.01324203508432,31.221788384351928,29.841898772011508 131.0132424846775,31.22178752829176,29.62653774459064 131.01324293326655,31.22178667239268,29.41117963131692 131.01324338085635,31.22178581665733,29.195824426229777 131.0132438274516,31.221784961088623,28.98047212635113 131.0132442730572,31.22178410568922,28.76512272174384 131.01324471767796,31.221783250462035,28.54977621042388 131.0132451613187,31.221782395409782,28.33443259438372 131.0132456039844,31.22178154053542,28.119091863686155 131.01324604567975,31.221780685841715,27.903754021317805 131.01324648640983,31.221779831331624,27.68841907026524 131.0132469261794,31.22177897700799,27.47308700357352 131.0132473649934,31.2217781228738,27.25775782721165 131.01324780285677,31.221777268931955,27.04243154217791 131.0132482397744,31.221776415185488,26.827108152452947 131.01324867575127,31.22177556163735,26.61178765804079 131.01324911079223,31.221774708290624,26.39647006590452 131.01324954490232,31.221773855148285,26.18115538300716 131.01324997808635,31.221773002213528,25.96584361134109 131.01325041034934,31.22177214948936,25.75053475886349 131.01325084169616,31.22177129697904,25.53522883353159 131.01325127213175,31.221770444685607,25.31992584330248 131.01325170166106,31.22176959261241,25.10462579613341 131.01325213028903,31.221768740762595,24.889328700975767 131.01325255802053,31.221767889139503,24.67403456777497 131.01325298486043,31.221767037746407,24.458743404488263 131.01325341081372,31.22176618658668,24.24345522603185 131.0132538358852,31.221765335663704,24.028170043345487 131.01325426007975,31.221764484980863,23.81288786736869 131.01325468340227,31.22176363454172,23.597608709041303 131.01325510585758,31.221762784349643,23.382332586261967 131.01325552745047,31.22176193440831,23.167059506987943 131.0132559481858,31.221761084721223,22.95178949110636 131.01325636806837,31.221760235292045,22.73652255154516 131.01325678710285,31.22175938612449,22.52125870123253 131.01325720529405,31.22175853722217,22.30599795607889 131.0132576226467,31.221757688589,22.090740335971446 131.01325803916546,31.22175684022869,21.87548585284415 131.01325845485505,31.221755992145127,21.6602345305608 131.01325886972003,31.22175514434228,21.44498638006125 131.01325928376508,31.22175429682405,21.22974142222691 131.0132596969947,31.221753449594505,21.01449967396261 131.01326010941352,31.22175260265771,20.799261158138066 131.01326052102604,31.221751756017746,20.58402588966992 131.01326093183667,31.221750909678875,20.3687938904338 131.01326134184993,31.22175006364529,20.15356517832876 131.01326175107013,31.221749217921296,19.938339777218896 131.0132621595017,31.22174837251127,19.723117704009173 131.01326256714896,31.221747527419645,19.507898982563727 131.0132629740161,31.221746682650863,19.292683631775915 131.01326338010745,31.221745838209504,19.07747167749821 131.01326378542714,31.221744994100188,18.86226313862407 131.01326418997928,31.221744150327567,18.64705804001185 131.01326459376807,31.221743306896386,18.431856401549293 131.01326499679735,31.221742463811506,18.216658249089 131.01326539907132,31.2217416210778,18.001463603512878 131.01326580059376,31.2217407787002,17.786272493656096 131.0132662013686,31.221739936683743,17.57108493542987 131.01326660139964,31.221739095033584,17.355900960651947 131.01326700069063,31.2217382537549,17.14072059318684 131.01326739924528,31.221737412852946,16.925543853916643 131.0132677970672,31.221736572333054,16.710370773665115 131.01326819416002,31.221735732200667,16.495201372320256 131.0132685905272,31.221734892461328,16.28003568170004 131.0132689861722,31.221734053120628,16.064873724675042 131.01326938109835,31.22173321418427,15.849715528092544 131.01326977530903,31.22173237565801,15.634561118799876 131.0132701688074,31.221731537547743,15.419410525632696 131.01327056159667,31.221730699859407,15.20426377444426 131.0132709536799,31.221729862599105,14.989120895064508 131.01327134506013,31.22172902577301,14.77398191334682 131.01327173574023,31.22172818938738,14.558846859121177 131.01327212572312,31.2217273534486,14.343715765200171 131.0132725150115,31.22172651796316,14.128588654454836 131.01327290360814,31.22172568293765,13.913465557709518 131.01327329151556,31.221724848378784,13.698346510759388 131.01327367873634,31.221724014293383,13.48323153746983 131.01327406527287,31.2217231806884,13.268120670653651 131.01327445112756,31.22172234757088,13.05301394511206 131.01327483630257,31.22172151494804,12.8379113866989 131.01327522080007,31.221720682827204,12.62281303319792 131.01327560462224,31.221719851215816,12.407718911457266 131.01327598777087,31.221719020121483,12.192629059260844 131.01327637024795,31.221718189551936,11.977543508427658 131.0132767520552,31.221717359515047,11.762462291770964 131.01327713319432,31.22171653001888,11.547385447074836 131.0132775136668,31.22171570107164,11.33231300914098 131.0132778934741,31.22171487268168,11.11724500978864 131.0132782726176,31.221714044857528,10.902181490778776 131.0132786510985,31.221713217607856,10.687122486913248 131.0132790289179,31.22171239094157,10.472068034982328 131.0132794060768,31.22171156486776,10.257018176747168 131.0132797825761,31.221710739395647,10.041972948003984 131.0132801584165,31.22170991453468,9.826932393496568 131.01328053359867,31.2217090902946,9.611896550015478 131.01328090812308,31.22170826668524,9.396865463298786 131.01328128199012,31.22170744371672,9.181839173119688 131.0132816552,31.221706621399388,8.966817729193094 131.01328202775284,31.22170579974385,8.751801170298153 131.01328239964857,31.221704978760965,8.536789550126615 131.01328277088697,31.22170415846188,8.321782910440323 131.01328314146767,31.22170333885797,8.10678130095447 131.01328351139023,31.221702519961,7.89178477635527 131.013283880654,31.221701701782926,7.676793387352278 131.01328424925808,31.221700884336133,7.461807186643495 131.0132846172015,31.221700067633297,7.246826231897898 131.01328498450036,31.221699251632536,7.031850307389459 131.013285351153,31.22169843634815,6.816879475757752 131.01328571716547,31.22169762176989,6.601913678354386 131.01328608254246,31.2216968078916,6.386952877408292 131.01328644728855,31.22169599470708,6.171997038130892 131.01328681140822,31.221695182210247,5.957046119768488 131.01328717490605,31.221694370395017,5.742100086538147 131.0132875377863,31.22169355925537,5.527158900668544 131.01328790005334,31.22169274878533,5.312222523394103 131.01328826171138,31.221691938978942,5.097290916943352 131.01328862276452,31.22169112983033,4.882364046527248 131.0132889832169,31.22169032133363,4.66744187536835 131.01328934307244,31.221689513483064,4.452524364700796 131.0132897023351,31.22168870627288,4.237611475758647 131.0132900610087,31.2216878996974,4.022703175740937 131.01329041909696,31.22168709375096,3.807799425881584 131.01329077660358,31.22168628842799,3.5929001864202688 131.0132911335322,31.221685483722936,3.3780054265441586 131.01329148988623,31.221684679630343,3.163115102516097 131.0132918456693,31.22168387614476,2.94822918054058 131.0132922008846,31.22168307326085,2.733347621851184 131.01329255553551,31.22168227097328,2.5184703926522705 131.01329290962522,31.2216814692768,2.30359745318309 131.0132932631568,31.22168066816624,2.0887287636828127 131.01329361613344,31.22167986763644,1.8738642913497747 131.01329396855803,31.221679067682352,1.6590039974171866 131.0132943204335,31.221678268298938,1.4441478441123532 131.01329467176265,31.221677469481275,1.2292957916741627 131.01329502254828,31.22167667122448,1.014447804318138 131.01329537279304,31.22167587352372,0.7996038432771918 131.0132957224995,31.22167507637424,0.5847638727667063 131.0132957879286,31.22167492980564,0.4681917594703176 131.01329596429133,31.221674082435843,0.3327163848066034 131.0132961308036,31.221673988840205,0.2237236574449499 131.01329630803585,31.221673390905288,0.1301663879670486 131.01329671264247,31.221673172661223,0.0460406114848636</coordinates>
            </LineString>
        </Placemark>
        <Placemark id="2045">
            <name>flight_path</name>
            <styleUrl>#2046</styleUrl>
            <LineString id="2044">
                <altitudeMode>clampToGround</altitudeMode>
                <coordinates>131.010392,31.222216000000007,0.0 131.0103920000045,31.222215999991075,0.0 131.0103920000085,31.222215999994766,0.0 131.0103920000085,31.222215999994766,0.0 131.01039200000852,31.222215999994766,0.0 131.01039201539675,31.22221599246117,0.0 131.0103920617776,31.22221596990869,0.0 131.01039213193175,31.22221593580231,0.0 131.01039220552698,31.222215900001803,0.0 131.0103923261533,31.222215841380503,0.0 131.01039241011944,31.222215800500727,0.0 131.01039255023213,31.22221573238213,0.0 131.0103926908424,31.222215663995925,0.0 131.01039284206664,31.22221559043897,0.0 131.01039301222698,31.2222155076778,0.0 131.01039319835945,31.22221541714896,0.0 131.01039339622227,31.222215320908244,0.0 131.0103936086097,31.222215217601374,0.0 131.01039382835415,31.2222151107022,0.0 131.0103940692252,31.222214993537087,0.0 131.0103943154942,31.22221487372917,0.0 131.0103945800907,31.22221474501192,0.0 131.01039485370347,31.222214611898128,0.0 131.01039513986652,31.222214472675024,0.0 131.01039544418495,31.22221432462593,0.0 131.01039575462735,31.22221417358214,0.0 131.01039608061367,31.222214014978025,0.0 131.01039641907315,31.22221385030192,0.0 131.01039677261693,31.22221367828824,0.0 131.01039713608534,31.22221350143773,0.0 131.010397517966,31.22221331563664,0.0 131.01039790540767,31.22221312711366,0.0 131.01039830590005,31.22221293223868,0.0 131.01039871921526,31.222212731122088,0.0 131.01039914602634,31.222212523437697,0.0 131.0103995843797,31.222212310132328,0.0 131.01040002919007,31.222212093670787,0.0 131.010400488852,31.222211869984235,0.0 131.01040096154043,31.222211639957216,0.0 131.01040144391652,31.222211405208075,0.0 131.01040193996343,31.222211163806087,0.0 131.01040244347448,31.22221091875968,0.0 131.01040295825328,31.222210668225145,0.0 131.01040348638034,31.22221041119396,0.0 131.01040402793237,31.222210147628825,0.0 131.0104045774418,31.22220988018005,0.0 131.0104051377902,31.2222096074508,0.0 131.01040571307726,31.222209327453587,0.0 131.01040630329675,31.222209040191352,0.0 131.01040689520636,31.22220875208352,0.0 131.01040750096558,31.22220845723537,0.0 131.0104081214021,31.222208155245536,0.0 131.01040875222748,31.222207848192888,0.0 131.01040938861175,31.222207538419,0.0 131.0104100415545,31.222207220590928,0.0 131.01041070492113,31.22220689768276,0.0 131.0104113765162,31.222206570758807,0.0 131.0104120620245,31.22220624038504,0.0 131.01041275645784,31.22220589987384,0.0 131.0104134621085,31.222205555408404,0.0 131.01041418591134,31.22220520083238,0.0 131.01041491441433,31.22220484306279,0.0 131.01041565419175,31.222204478921647,0.0 131.01041640879305,31.22220410668705,0.0 131.01041717983475,31.22220372558657,0.0 131.01041794861382,31.222203344631456,0.0 131.0104187318769,31.222202955786614,0.0 131.01041953714932,31.22220255549924,0.0 131.01042034615986,31.222202152491903,0.0 131.01042116161298,31.222201745473896,0.0 131.01042199383636,31.222201329633,0.0 131.01042283999382,31.22220090636836,0.0 131.01042369249723,31.22220047921739,0.0 131.01042455394597,31.22220004699928,0.0 131.01042543085836,31.22219960683124,0.0 131.01042632352696,31.222199158694504,0.0 131.01042721586273,31.22219870972983,0.0 131.01042812582253,31.22219825211093,0.0 131.01042904605808,31.22219778914992,0.0 131.01042997549376,31.22219732135387,0.0 131.01043091220487,31.22219684956788,0.0 131.01043186762823,31.22219636923684,0.0 131.01043283214375,31.22219588438588,0.0 131.0104337997074,31.22219539737525,0.0 131.01043478485812,31.22219490270533,0.0 131.01043578427132,31.22219440187745,0.0 131.01043678333843,31.22219390025421,0.0 131.01043779764152,31.22219339230292,0.0 131.01043882500943,31.222192879042748,0.0 131.01043986017174,31.222192362356857,0.0 131.01044090387407,31.222191842055725,0.0 131.01044196015127,31.22219131703087,0.0 131.01044302803297,31.22219078778004,0.0 131.01044410046947,31.222190256417857,0.0 131.01044518783303,31.222189720197388,0.0 131.0104462879134,31.22218918000024,0.0 131.01044739124595,31.22218863826385,0.0 131.01044851246195,31.222188091662133,0.0 131.0104496417603,31.222187542689568,0.0 131.0104507739754,31.2221869923993,0.0 131.010451924546,31.22218643799563,0.0 131.0104530844062,31.22218588148335,0.0 131.01045425261043,31.222185323091264,0.0 131.01045543329246,31.22218476238973,0.0 131.01045662024015,31.222184200392377,0.0 131.01045781449983,31.22218363704869,0.0 131.01045902733082,31.222183071580474,0.0 131.0104602376964,31.22218250592364,0.0 131.01046146691937,31.222181938712247,0.0 131.0104627069963,31.2221813708586,0.0 131.01046394918384,31.22218080265144,0.0 131.01046520201493,31.22218023401877,0.0 131.01046647891792,31.22217966560692,0.0 131.01046775478366,31.222179097176653,0.0 131.01046903114286,31.22217852842733,0.0 131.01047033683471,31.22217796155155,0.0 131.01047163419167,31.22217739411484,0.0 131.0104729452298,31.222176827917373,0.0 131.01047428773927,31.222176265893506,0.0 131.0104756047149,31.22217570049205,0.0 131.0104769529958,31.22217513990857,0.0 131.01047831795438,31.22217458290621,0.0 131.01047966236726,31.222174022067858,0.0 131.01048104659353,31.2221734699442,0.0 131.01048242419083,31.22217291698283,0.0 131.01048380365674,31.222172364688404,0.0 131.01048521753285,31.22217182233356,0.0 131.0104866179609,31.222171276869567,0.0 131.01048802812787,31.222170734707746,0.0 131.0104894676291,31.222170202962023,0.0 131.01049089031363,31.222169666269835,0.0 131.01049233541775,31.22216913824156,0.0 131.01049379238847,31.222168615769576,0.0 131.01049523835806,31.222168089715733,0.0 131.01049672061643,31.222167579631268,0.0 131.01049818950753,31.222167064978844,0.0 131.01049966808995,31.222166555450062,0.0 131.01050117881007,31.22216606217765,0.0 131.01050266954152,31.22216556056788,0.0 131.01050418017874,31.222165069773407,0.0 131.01050571206264,31.22216459134901,0.0 131.0105072268618,31.22216410521856,0.0 131.01050877322027,31.222163637400225,0.0 131.010510313066,31.22216316750045,0.0 131.0105118576872,31.22216270156949,0.0 131.01051343779076,31.2221622579446,0.0 131.0105149962566,31.222161803074165,0.0 131.01051657151115,31.222161359691945,0.0 131.01051817728987,31.222160937007526,0.0 131.01051975361602,31.222160497395773,0.0 131.01052136976395,31.2221600847804,0.0 131.0105229840023,31.222159672807685,0.0 131.01052459237175,31.2221592585282,0.0 131.01052624072943,31.22215887274666,0.0 131.0105278685999,31.22215847495784,0.0 131.01052951513967,31.22215809155892,0.0 131.0105311799268,31.22215772263557,0.0 131.01053282913986,31.2221573446238,0.0 131.01053451276795,31.22215699254417,0.0 131.01053618605084,31.22215663501125,0.0 131.01053786443802,31.222156282823008,0.0 131.01053957543252,31.222155955785407,0.0 131.01054126695487,31.22215561659086,0.0 131.01054297776847,31.22215529301089,0.0 131.01054470252572,31.22215498128656,0.0 131.0105464163642,31.22215466342188,0.0 131.0105481691311,31.22215437541216,0.0 131.0105499012341,31.22215407420788,0.0 131.0105516480494,31.22215378529467,0.0 131.01055342961047,31.2221535230096,0.0 131.01055517751547,31.22215323823545,0.0 131.01055696834058,31.22215298570813,0.0 131.01055874670905,31.222152725861708,0.0 131.0105605331347,31.22215247325856,0.0 131.0105623486159,31.22215224245269,0.0 131.01056414301814,31.22215199839359,0.0 131.01056597236777,31.22215177985009,0.0 131.01056779506737,31.222151558015245,0.0 131.010569619397,31.22215133862952,0.0 131.01057147900545,31.222151143999447,0.0 131.0105733133346,31.222150933756435,0.0 131.01057518240103,31.22215074736311,0.0 131.01057704566028,31.22215055814681,0.0 131.01057891387478,31.222150373113905,0.0 131.01058081473124,31.22215020929833,0.0 131.01058268945178,31.222150030151,0.0 131.01058460574663,31.22214987701709,0.0 131.0105865053457,31.222149714470152,0.0 131.01058841903227,31.22214956089401,0.0 131.0105903585918,31.22214942254148,0.0 131.01059227486357,31.22214927148253,0.0 131.0105942318854,31.222149143347234,0.0 131.01059617397277,31.222149007242088,0.0 131.01059812865307,31.22214887813308,0.0 131.01060011170128,31.22214876365156,0.0 131.0106020681162,31.22214863568561,0.0 131.01060406920735,31.222148529835,0.0 131.01060605466563,31.222148416082728,0.0 131.01060805163013,31.22214830767787,0.0 131.01061006793654,31.222148207759453,0.0 131.01061206869448,31.222148100486564,0.0 131.0106141106953,31.22214801073488,0.0 131.0106161321065,31.22214791151065,0.0 131.01061817436167,31.22214782043012,0.0 131.0106202271085,31.222147732738733,0.0 131.01062226765103,31.222147639534043,0.0 131.01062435643638,31.222147563790298,0.0 131.01062641148937,31.22214747444253,0.0 131.0106285026576,31.22214739728405,0.0 131.0106305902818,31.222147317641948,0.0 131.01063267663685,31.222147236524016,0.0 131.0106347981346,31.222147165795736,0.0 131.0106368945736,31.22214708562229,0.0 131.0106390294151,31.222147016272324,0.0 131.0106411509453,31.222146941335733,0.0 131.01064328258187,31.222146868087272,0.0 131.01064543713136,31.22214679994837,0.0 131.01064757055352,31.22214672427176,0.0 131.01064975082951,31.2221466600406,0.0 131.0106519061193,31.2221465872977,0.0 131.01065409144462,31.22214652096793,0.0 131.01065627018073,31.22214645118349,0.0 131.0106584502273,31.22214638010085,0.0 131.01066065859453,31.222146314408068,0.0 131.0106628461656,31.22214624178427,0.0 131.0106650808725,31.22214617897053,0.0 131.01066729042543,31.2221461082236,0.0 131.01066952002304,31.2221460405804,0.0 131.0106717626215,31.22214597424617,0.0 131.0106739876511,31.2221459019676,0.0 131.010676249362,31.222145836659475,0.0 131.01067850557408,31.22214576828324,0.0 131.01068075204807,31.22214569585937,0.0 131.01068302135752,31.2221456271978,0.0 131.01068530566255,31.22214556049687,0.0 131.01068758171462,31.22214549014676,0.0 131.01068985884655,31.222145418415785,0.0 131.01069215432307,31.222145349686127,0.0 131.01069445378897,31.22214528047277,0.0 131.01069675259535,31.222145209599848,0.0 131.01069905440104,31.22214513804777,0.0 131.01070136752588,31.222145068146844,0.0 131.0107036826385,31.222144997493807,0.0 131.0107059993722,31.222144926018807,0.0 131.01070832107573,31.222144854751058,0.0 131.01071064689668,31.222144783562246,0.0 131.0107129750154,31.222144712002045,0.0 131.01071530559523,31.22214464019941,0.0 131.01071764114587,31.222144569053903,0.0 131.01071998066217,31.222144498377663,0.0 131.01072232358618,31.22214442809449,0.0 131.01072466803336,31.22214435765593,0.0 131.01072701392755,31.222144287114297,0.0 131.01072936663647,31.222144218533536,0.0 131.01073171989336,31.222144149762816,0.0 131.01073407713585,31.22214408217271,0.0 131.01073643710623,31.22214401541452,0.0 131.01073880104394,31.222143950103543,0.0 131.010741165419,31.22214388490816,0.0 131.01074353360974,31.222143821332068,0.0 131.01074590507778,31.2221437592978,0.0 131.01074827752012,31.222143697896488,0.0 131.01075065423908,31.22214363871652,0.0 131.01075303519104,31.22214358189928,0.0 131.0107554152577,31.222143525123226,0.0 131.01075780002722,31.222143471146648,0.0 131.01076018629627,31.222143418545564,0.0 131.010762574385,31.22214336755641,0.0 131.0107649648428,31.222143318557887,0.0 131.01076735851083,31.222143272099498,0.0 131.01076975404362,31.222143227568388,0.0 131.01077215245493,31.22214318559472,0.0 131.01077455219527,31.22214314541415,0.0 131.0107769541209,31.22214310757249,0.0 131.01077935676048,31.22214307130904,0.0 131.0107817618128,31.2221430376622,0.0 131.0107841699515,31.22214300711231,0.0 131.01078657934846,31.22214297864831,0.0 131.01078899063634,31.222142952690728,0.0 131.01079140372974,31.222142929241937,0.0 131.0107938161873,31.222142906847903,0.0 131.0107962316243,31.22214288776432,0.0 131.01079864691803,31.22214287010132,0.0 131.01080106582495,31.2221428562336,0.0 131.01080348435733,31.222142843683915,0.0 131.0108059068585,31.222142835217696,0.0 131.0108083288818,31.222142828025245,0.0 131.01081075185772,31.22214282301655,0.0 131.01081317771155,31.222142821440183,0.0 131.01081560456,31.222142822086177,0.0 131.0108180310766,31.22214282408504,0.0 131.0108204609591,31.222142829820896,0.0 131.01082289096473,31.22214283717994,0.0 131.01082532343332,31.222142847657263,0.0 131.01082775635172,31.222142859924624,0.0 131.0108301897526,31.222142873975383,0.0 131.01083262447207,31.222142890317425,0.0 131.01083506054349,31.222142908933805,0.0 131.01083749724094,31.222142929317705,0.0 131.01083993481208,31.222142951585244,0.0 131.0108423723885,31.22214297513868,0.0 131.01084481255683,31.22214300156205,0.0 131.01084725197717,31.22214302869632,0.0 131.01084969376916,31.222143058440423,0.0 131.01085213621678,31.222143089659976,0.0 131.01085457739958,31.222143121124848,0.0 131.01085702095352,31.22214315499625,0.0 131.01085946449848,31.22214318975376,0.0 131.01086190717584,31.222143224832404,0.0 131.0108643521589,31.222143262046263,0.0 131.01086679573697,31.222143299138786,0.0 131.0108692406804,31.22214333766352,0.0 131.0108716880605,31.22214337813829,0.0 131.01087413361,31.22214341807264,0.0 131.0108765794657,31.222143458622263,0.0 131.01087902567477,31.222143499732336,0.0 131.01088147381176,31.222143542175274,0.0 131.01088392156635,31.22214358462581,0.0 131.0108863692878,31.222143627215885,0.0 131.01088881851504,31.222143670673248,0.0 131.01089126742863,31.22214371397872,0.0 131.01089371596808,31.222143757047792,0.0 131.01089616713185,31.22214380130106,0.0 131.01089861595415,31.222143844212464,0.0 131.0109010689212,31.22214388887697,0.0 131.01090352050207,31.222143932547525,0.0 131.01090597326885,31.222143976400176,0.0 131.01090842658428,31.222144020062515,0.0 131.01091088155596,31.22214406397148,0.0 131.01091333680435,31.222144107438407,0.0 131.01091579224604,31.22214415037808,0.0 131.0109182481364,31.222144192847924,0.0 131.0109207054601,31.22214423520876,0.0 131.01092316171489,31.222144276349685,0.0 131.01092561962227,31.22214431736553,0.0 131.0109280776634,31.22214435757055,0.0 131.01093053585112,31.222144396932865,0.0 131.01093299425824,31.22214443544188,0.0 131.01093545496033,31.222144473867523,0.0 131.01093791382232,31.222144510559524,0.0 131.0109403747448,31.22214454699808,0.0 131.01094283744936,31.222144583023407,0.0 131.01094529982657,31.22214461781389,0.0 131.0109477631761,31.222144651834768,0.0 131.01095022754865,31.22214468507536,0.0 131.0109526934263,31.222144717686188,0.0 131.01095515723918,31.222144748362307,0.0 131.01095762240115,31.22214477832421,0.0 131.01096008836836,31.222144807355946,0.0 131.0109625541051,31.2221448350821,0.0 131.01096502199266,31.222144862335583,0.0 131.01096748840436,31.22214488783764,0.0 131.01096995448555,31.222144911994388,0.0 131.01097242437126,31.222144936246167,0.0 131.01097489455384,31.22214495937149,0.0 131.01097736346784,31.222144980835694,0.0 131.01097983438342,31.22214500178673,0.0 131.01098230596307,31.222145021770444,0.0 131.01098477852165,31.222145040912068,0.0 131.0109872522138,31.222145059283527,0.0 131.0109897267982,31.222145076820407,0.0 131.01099220064145,31.222145092966688,0.0 131.01099467517267,31.22214510825054,0.0 131.01099715019404,31.22214512262968,0.0 131.01099962448438,31.222145135692127,0.0 131.01100209902103,31.22214514781804,0.0 131.01100457808596,31.22214516061356,0.0 131.01100705399446,31.22214517129147,0.0 131.01100953091216,31.222145181412472,0.0 131.01101200956737,31.22214519129983,0.0 131.0110144878057,31.222145200180755,0.0 131.01101696622268,31.2221452083153,0.0 131.0110194435612,31.22214521525296,0.0 131.01102192176614,31.222145221795174,0.0 131.0110244012348,31.2221452281562,0.0 131.0110268789564,31.22214523316784,0.0 131.01102935746525,31.222145237892665,0.0 131.0110318379103,31.222145242868617,0.0 131.01103431872684,31.22214524750096,0.0 131.01103679762252,31.22214525085012,0.0 131.01103927676107,31.222145253874885,0.0 131.01104175799975,31.22214525745088,0.0 131.01104423970312,31.2221452609244,0.0 131.01104672116637,31.22214526402041,0.0 131.01104920218344,31.22214526668398,0.0 131.0110516842609,31.222145269657297,0.0 131.01105416443738,31.222145271612163,0.0 131.01105664697482,31.222145274599487,0.0 131.0110591293894,31.22214527750637,0.0 131.01106161283255,31.22214528093205,0.0 131.01106409529856,31.222145283939835,0.0 131.01106657681672,31.22214528657245,0.0 131.01106905987703,31.2221452901332,0.0 131.011071543658,31.22214529427128,0.0 131.01107402925487,31.22214529960392,0.0 131.01107651323093,31.22214530438064,0.0 131.01107899715663,31.222145309449328,0.0 131.01108148421068,31.222145316570103,0.0 131.01108396900673,31.22214532289036,0.0 131.01108645591938,31.22214533081509,0.0 131.01108894261637,31.2221453391174,0.0 131.01109142724235,31.222145346781392,0.0 131.0110939123718,31.22214535527808,0.0 131.01109639681476,31.222145363976235,0.0 131.01109888076266,31.222145373011955,0.0 131.0111013642128,31.222145382412133,0.0 131.01110384716267,31.222145392202272,0.0 131.0111063296102,31.22214540240649,0.0 131.01110881155338,31.222145413047524,0.0 131.0111112929907,31.22214542414669,0.0 131.01111377392073,31.22214543572384,0.0 131.0111162543424,31.222145447797416,0.0 131.0111187342549,31.22214546038437,0.0 131.0111212136577,31.222145473500174,0.0 131.0111236925505,31.222145487158823,0.0 131.01112617093338,31.222145501372832,0.0 131.01112864880653,31.22214551615321,0.0 131.01113112617054,31.22214553150952,0.0 131.0111336030261,31.22214554744988,0.0 131.01113607937438,31.222145563980863,0.0 131.01113855521663,31.222145581107647,0.0 131.01114103055437,31.22214559883395,0.0 131.01114350538947,31.22214561716205,0.0 131.01114597972392,31.222145636092858,0.0 131.01114845356,31.22214565562585,0.0 131.01115092690023,31.22214567575921,0.0 131.01115339974743,31.22214569648972,0.0 131.01115587210447,31.22214571781288,0.0 131.01115834397453,31.22214573972289,0.0 131.01116081536105,31.22214576221272,0.0 131.01116328626756,31.22214578527408,0.0 131.0111657566979,31.222145808897555,0.0 131.01116822665597,31.222145833072528,0.0 131.011170696146,31.222145857787304,0.0 131.01117316517227,31.222145883029068,0.0 131.01117563373933,31.222145908784004,0.0 131.01117810185175,31.222145935037272,0.0 131.01118056951444,31.22214596177307,0.0 131.01118303673235,31.22214598897469,0.0 131.0111855035105,31.222146016624592,0.0 131.0111879698541,31.22214604470433,0.0 131.01119043576858,31.22214607319473,0.0 131.01119290125936,31.222146102075847,0.0 131.01119536633195,31.222146131327023,0.0 131.01119783099205,31.222146160926982,0.0 131.01120029524537,31.22214619085378,0.0 131.01120275909776,31.222146221085005,0.0 131.01120522255508,31.22214625159764,0.0 131.01120768562328,31.222146282368257,0.0 131.01121014830835,31.22214631337296,0.0 131.01121261061635,31.222146344587475,0.0 131.01121507255337,31.2221463759872,0.0 131.0112175341255,31.22214640754723,0.0 131.01121999533888,31.222146439242405,0.0 131.0112224561996,31.2221464710474,0.0 131.01122491671384,31.22214650293668,0.0 131.01122737688772,31.222146534884605,0.0 131.01122983672735,31.22214656686547,0.0 131.01123229623883,31.222146598853524,0.0 131.01123475542823,31.222146630822987,0.0 131.0112372143016,31.22214666274817,0.0 131.01123967286486,31.22214669460342,0.0 131.01124213112402,31.22214672636324,0.0 131.01124458908487,31.22214675800227,0.0 131.01124704675328,31.22214678949535,0.0 131.01124950413492,31.222146820817564,0.0 131.0112519612355,31.2221468519442,0.0 131.01125441806053,31.222146882850893,0.0 131.01125687461555,31.22214691351356,0.0 131.0112593309059,31.222146943908506,0.0 131.0112617869368,31.2221469740124,0.0 131.0112642427135,31.22214700380234,0.0 131.011266698241,31.22214703325588,0.0 131.0112691535242,31.222147062351,0.0 131.0112716085679,31.22214709106619,0.0 131.01127406337687,31.22214711938045,0.0 131.0112765179555,31.22214714727333,0.0 131.01127897230836,31.22214717472492,0.0 131.01128142643958,31.222147201715863,0.0 131.01128388035335,31.222147228227456,0.0 131.01128633405358,31.222147254241577,0.0 131.01128878754415,31.22214727974073,0.0 131.01129124082863,31.222147304708088,0.0 131.0112936939107,31.22214732912745,0.0 131.01129614679357,31.22214735298329,0.0 131.0112985994805,31.2221473762608,0.0 131.01130105197447,31.2221473989458,0.0 131.01130350427843,31.22214742102483,0.0 131.01130595639506,31.22214744248518,0.0 131.01130840832693,31.22214746331478,0.0 131.01131086007635,31.222147483502365,0.0 131.0113133116456,31.222147503037327,0.0 131.0113157630367,31.22214752190982,0.0 131.0113182142515,31.222147540110704,0.0 131.0113206652918,31.222147557631576,0.0 131.01132311615913,31.222147574464767,0.0 131.01132556685485,31.222147590603328,0.0 131.0113280173802,31.22214760604104,0.0 131.0113304677363,31.222147620772382,0.0 131.0113329179239,31.22214763479259,0.0 131.011335367944,31.222147648097607,0.0 131.0113378177969,31.22214766068407,0.0 131.01134026748323,31.222147672549337,0.0 131.01134271700317,31.22214768369145,0.0 131.0113451663569,31.22214769410912,0.0 131.0113476155443,31.222147703801767,0.0 131.0113500645653,31.22214771276945,0.0 131.01135251341958,31.22214772101293,0.0 131.01135496210665,31.22214772853359,0.0 131.01135741062595,31.222147735333422,0.0 131.01135985897673,31.22214774141508,0.0 131.01136230715815,31.222147746781843,0.0 131.01136475516918,31.222147751437543,0.0 131.01136720300872,31.222147755386604,0.0 131.01136965067553,31.222147758634048,0.0 131.01137209816818,31.222147761185425,0.0 131.0113745454852,31.22214776304681,0.0 131.011376992625,31.222147764224832,0.0 131.01137943958582,31.22214776472661,0.0 131.01138188636588,31.222147764559764,0.0 131.0113843329632,31.222147763732355,0.0 131.01138677937575,31.222147762252952,0.0 131.01138922560142,31.22214776013053,0.0 131.0113916716379,31.222147757374508,0.0 131.01139411748295,31.222147753994705,0.0 131.01139656313416,31.22214775000131,0.0 131.0113990085889,31.222147745404925,0.0 131.0114014538448,31.22214774021644,0.0 131.01140389889903,31.222147734447145,0.0 131.01140634374897,31.2221477281086,0.0 131.01140878839183,31.22214772121268,0.0 131.01141123282477,31.222147713771548,0.0 131.0114136770448,31.222147705797592,0.0 131.01141612104905,31.222147697303505,0.0 131.01141856483449,31.22214768830217,0.0 131.01142100839795,31.222147678806696,0.0 131.01142345173648,31.22214766883036,0.0 131.01142589484684,31.222147658386632,0.0 131.0114283377258,31.222147647489145,0.0 131.01143078037023,31.222147636151643,0.0 131.01143322277687,31.222147624388004,0.0 131.0114356649424,31.22214761221221,0.0 131.01143810686355,31.222147599638355,0.0 131.0114405485371,31.22214758668056,0.0 131.01144298995965,31.222147573353016,0.0 131.01144543112787,31.222147559669967,0.0 131.0114478720384,31.222147545645683,0.0 131.011450312688,31.22214753129444,0.0 131.01145275307323,31.22214751663048,0.0 131.01145519319084,31.22214750166808,0.0 131.01145763303742,31.222147486421413,0.0 131.0114600726097,31.22214747090465,0.0 131.01146251190443,31.22214745513189,0.0 131.01146495091825,31.222147439117126,0.0 131.01146738964795,31.22214742287428,0.0 131.01146982809027,31.22214740641719,0.0 131.01147226624204,31.222147389759524,0.0 131.01147470410004,31.222147372914865,0.0 131.01147714166115,31.22214735589665,0.0 131.01147957892232,31.22214733871815,0.0 131.0114820158804,31.22214732139247,0.0 131.0114844525324,31.22214730393258,0.0 131.01148688887537,31.22214728635124,0.0 131.0114893249063,31.222147268661004,0.0 131.0114917606224,31.22214725087427,0.0 131.01149419602075,31.222147233003163,0.0 131.01149663109862,31.22214721505964,0.0 131.0114990658533,31.222147197055406,0.0 131.0115015002821,31.222147179001936,0.0 131.0115039343824,31.222147160910456,0.0 131.0115063681517,31.22214714279195,0.0 131.01150880158752,31.22214712465715,0.0 131.01151123468745,31.22214710651649,0.0 131.01151366744915,31.222147088380204,0.0 131.01151609987036,31.22214707025818,0.0 131.01151853194887,31.22214705216008,0.0 131.0115209636826,31.222147034095247,0.0 131.0115233950694,31.22214701607279,0.0 131.01152582610743,31.222146998101472,0.0 131.01152825679466,31.222146980189777,0.0 131.01153068712935,31.222146962345924,0.0 131.0115331171098,31.222146944577787,0.0 131.01153554673422,31.222146926892968,0.0 131.01153797600116,31.22214690929873,0.0 131.01154040490908,31.22214689180208,0.0 131.0115428334566,31.22214687440968,0.0 131.0115452616423,31.222146857127875,0.0 131.01154768946506,31.22214683996276,0.0 131.0115501169237,31.22214682292003,0.0 131.01155254401712,31.22214680600515,0.0 131.01155497074433,31.22214678922324,0.0 131.01155739710447,31.22214677257911,0.0 131.01155982309675,31.222146756077272,0.0 131.01156224872042,31.22214673972193,0.0 131.01156467397487,31.222146723516992,0.0 131.01156709885953,31.222146707466035,0.0 131.011569523374,31.22214669157237,0.0 131.01157194751784,31.22214667583897,0.0 131.01157437129086,31.22214666026855,0.0 131.0115767946928,31.222146644863503,0.0 131.0115792177236,31.22214662962593,0.0 131.01158164038324,31.222146614557648,0.0 131.0115840626718,31.222146599660192,0.0 131.01158648458943,31.222146584934823,0.0 131.01158890613647,31.22214657038249,0.0 131.0115913273131,31.222146556003896,0.0 131.0115937481199,31.22214654179947,0.0 131.01159616855728,31.22214652776936,0.0 131.0115985886259,31.22214651391347,0.0 131.01160100832644,31.222146500231418,0.0 131.01160342765962,31.222146486722583,0.0 131.0116058466263,31.22214647338611,0.0 131.01160826522752,31.22214646022088,0.0 131.01161068346417,31.222146447225544,0.0 131.0116131013374,31.22214643439852,0.0 131.01161551884837,31.222146421738,0.0 131.0116179359984,31.222146409241937,0.0 131.01162035278873,31.22214639690807,0.0 131.01162276922082,31.222146384733925,0.0 131.0116251852962,31.22214637271684,0.0 131.0116276010164,31.222146360853927,0.0 131.01163001638307,31.2221463491421,0.0 131.0116324313979,31.222146337578085,0.0 131.01163484606275,31.222146326158445,0.0 131.01163726037947,31.22214631487953,0.0 131.0116396743499,31.22214630373753,0.0 131.0116420879762,31.22214629272848,0.0 131.01164450126032,31.22214628184821,0.0 131.0116469142044,31.222146271092463,0.0 131.01164932681067,31.22214626045676,0.0 131.0116517390815,31.222146249936515,0.0 131.01165415101903,31.222146239526992,0.0 131.01165656262577,31.222146229223327,0.0 131.01165897390416,31.222146219020537,0.0 131.01166138485672,31.222146208913493,0.0 131.011663795486,31.22214619889695,0.0 131.01166620579465,31.2221461889656,0.0 131.0116686157853,31.222146179113967,0.0 131.01167102546074,31.222146169336536,0.0 131.0116734348237,31.22214615962765,0.0 131.01167584387707,31.222146149981608,0.0 131.0116782526237,31.22214614039257,0.0 131.01168066106652,31.22214613085469,0.0 131.01168306920854,31.222146121361988,0.0 131.0116854770527,31.22214611190844,0.0 131.0116878846022,31.22214610248799,0.0 131.01169029186002,31.22214609309448,0.0 131.0116926988294,31.222146083721736,0.0 131.0116951055134,31.22214607436353,0.0 131.01169751191534,31.22214606501359,0.0 131.01169991803846,31.22214605566561,0.0 131.01170232388603,31.22214604631328,0.0 131.01170472946131,31.22214603695021,0.0 131.01170713476776,31.222146027570044,0.0 131.01170953980872,31.222146018166384,0.0 131.01171194458752,31.22214600873284,0.0 131.01171434910765,31.222145999262988,0.0 131.01171675337258,31.22214598975044,0.0 131.01171915738573,31.22214598018877,0.0 131.0117215611506,31.2221459705716,0.0 131.01172396467072,31.22214596089253,0.0 131.01172636794962,31.222145951145208,0.0 131.01172877099083,31.222145941323262,0.0 131.01173117379793,31.2221459314204,0.0 131.0117335763744,31.222145921430297,0.0 131.01173597872395,31.222145911346697,0.0 131.01173838085006,31.2221459011634,0.0 131.01174078275636,31.22214589087418,0.0 131.01174318444643,31.222145880472915,0.0 131.01174558592393,31.222145869953504,0.0 131.0117479871924,31.222145859309904,0.0 131.01175038825548,31.222145848536105,0.0 131.0117527891167,31.222145837626176,0.0 131.01175518977973,31.22214582657425,0.0 131.01175759024818,31.22214581537449,0.0 131.0117599905256,31.222145804021142,0.0 131.01176239061553,31.222145792508528,0.0 131.01176479052165,31.222145780831035,0.0 131.01176719024747,31.22214576898313,0.0 131.0117695897965,31.222145756959325,0.0 131.01177198917233,31.222145744754247,0.0 131.01177438837843,31.2221457323626,0.0 131.01177678741843,31.22214571977915,0.0 131.01177918629563,31.22214570699876,0.0 131.0117815850137,31.22214569401637,0.0 131.01178398357592,31.222145680827047,0.0 131.0117863819858,31.22214566742589,0.0 131.01178878024672,31.222145653808152,0.0 131.01179117836205,31.222145639969128,0.0 131.01179357633515,31.22214562590424,0.0 131.01179597416933,31.222145611609,0.0 131.0117983718679,31.22214559707901,0.0 131.01180076943413,31.22214558231001,0.0 131.01180316687123,31.2221455672978,0.0 131.0118055641824,31.222145552038302,0.0 131.01180796137075,31.222145536527545,0.0 131.0118103584395,31.22214552076167,0.0 131.01181275539167,31.222145504736904,0.0 131.01181515223033,31.222145488449595,0.0 131.01181754895848,31.222145471896194,0.0 131.0118199455791,31.22214545507329,0.0 131.01182234209512,31.222145437977545,0.0 131.01182473850935,31.22214542060574,0.0 131.01182713482478,31.22214540295481,0.0 131.01182953104404,31.22214538502174,0.0 131.01183192716996,31.22214536680367,0.0 131.01183432320522,31.222145348297843,0.0 131.01183671915243,31.22214532950161,0.0 131.01183911501423,31.22214531041245,0.0 131.01184151079315,31.22214529102795,0.0 131.01184390649172,31.22214527134581,0.0 131.01184630211233,31.22214525136384,0.0 131.01184869765734,31.22214523107997,0.0 131.01185109312908,31.222145210492275,0.0 131.01185348852988,31.22214518959889,0.0 131.01185588386193,31.222145168398107,0.0 131.01185827912732,31.222145146888327,0.0 131.01186067432823,31.22214512506805,0.0 131.0118630694666,31.222145102935887,0.0 131.01186546454448,31.2221450804906,0.0 131.01186785956375,31.22214505773103,0.0 131.01187025452623,31.22214503465615,0.0 131.01187264943377,31.222145011265034,0.0 131.011875044288,31.22214498755688,0.0 131.01187743909065,31.22214496353099,0.0 131.01187983384324,31.22214493918679,0.0 131.0118822285473,31.22214491452379,0.0 131.01188462320428,31.22214488954164,0.0 131.01188701781558,31.222144864240104,0.0 131.0118894123825,31.222144838619023,0.0 131.01189180690622,31.222144812678376,0.0 131.011894201388,31.222144786418223,0.0 131.01189659582883,31.22214475983876,0.0 131.01189899022987,31.22214473294027,0.0 131.01190138459197,31.22214470572315,0.0 131.011903778916,31.222144678187885,0.0 131.0119061732028,31.222144650335096,0.0 131.01190856745313,31.22214462216548,0.0 131.01191096166755,31.22214459367984,0.0 131.01191335584673,31.222144564879063,0.0 131.0119157499911,31.2221445357642,0.0 131.01191814410112,31.222144506336296,0.0 131.0119205381771,31.222144476596583,0.0 131.01192293221936,31.22214444654636,0.0 131.01192532622807,31.222144416187,0.0 131.01192772020332,31.22214438551997,0.0 131.01193011414514,31.22214435454689,0.0 131.01193250805352,31.2221443232694,0.0 131.01193490192833,31.222144291689222,0.0 131.01193729576931,31.22214425980824,0.0 131.01193968957625,31.222144227628377,0.0 131.01194208334874,31.222144195151618,0.0 131.01194447708636,31.222144162380086,0.0 131.0119468707885,31.22214412931596,0.0 131.01194926445467,31.222144095961472,0.0 131.01195165808417,31.22214406231899,0.0 131.01195405167613,31.22214402839092,0.0 131.0119564452298,31.222143994179746,0.0 131.01195883874416,31.222143959688044,0.0 131.01196123221828,31.22214392491845,0.0 131.01196362565102,31.22214388987368,0.0 131.0119660190412,31.22214385455649,0.0 131.0119684123876,31.22214381896976,0.0 131.01197080568883,31.2221437831164,0.0 131.0119731989435,31.222143746999365,0.0 131.01197559215015,31.22214371062172,0.0 131.01197798530714,31.22214367398656,0.0 131.0119803784128,31.222143637097048,0.0 131.01198277146543,31.2221435999564,0.0 131.01198516446317,31.222143562567897,0.0 131.01198755740418,31.222143524934868,0.0 131.0119899502864,31.222143487060706,0.0 131.01199234310783,31.222143448948817,0.0 131.01199473586627,31.2221434106027,0.0 131.0119971285596,31.22214337202588,0.0 131.01199952118543,31.22214333322192,0.0 131.01200191374144,31.22214329419445,0.0 131.01200430622515,31.22214325494712,0.0 131.01200669863402,31.22214321548361,0.0 131.0120090909655,31.222143175807656,0.0 131.01201148321687,31.22214313592304,0.0 131.0120138753854,31.222143095833545,0.0 131.01201626746823,31.222143055543004,0.0 131.01201865946254,31.22214301505528,0.0 131.01202105136525,31.222142974374258,0.0 131.0120234431734,31.222142933503847,0.0 131.01202583488384,31.222142892447977,0.0 131.01202822649338,31.2221428512106,0.0 131.0120306179988,31.222142809795702,0.0 131.0120330093967,31.22214276820725,0.0 131.01203540068377,31.22214272644928,0.0 131.01203779185653,31.22214268452577,0.0 131.01204018291145,31.222142642440783,0.0 131.01204257384495,31.222142600198328,0.0 131.0120449646534,31.222142557802457,0.0 131.01204735533304,31.2221425152572,0.0 131.01204974588015,31.222142472566624,0.0 131.0120521362909,31.222142429734763,0.0 131.01205452656137,31.222142386765665,0.0 131.01205691668758,31.222142343663368,0.0 131.01205930666563,31.22214230043191,0.0 131.0120616964914,31.222142257075305,0.0 131.0120640861608,31.222142213597568,0.0 131.01206647566968,31.222142170002705,0.0 131.0120688650138,31.22214212629469,0.0 131.01207125418892,31.222142082477504,0.0 131.01207364319075,31.222142038555084,0.0 131.012076032015,31.22214199453136,0.0 131.01207842065713,31.22214195041024,0.0 131.01208080911283,31.222141906195585,0.0 131.0120831973776,31.222141861891256,0.0 131.01208558544693,31.222141817501072,0.0 131.01208797331628,31.22214177302882,0.0 131.01209036098106,31.22214172847823,0.0 131.0120927484367,31.22214168385304,0.0 131.01209513567846,31.22214163915692,0.0 131.01209752270182,31.222141594393488,0.0 131.012099909502,31.22214154956636,0.0 131.01210229607432,31.22214150467905,0.0 131.012104682414,31.22214145973509,0.0 131.01210706851631,31.22214141473794,0.0 131.0121094543765,31.22214136969096,0.0 131.0121118399898,31.22214132459751,0.0 131.01211422535135,31.222141279460885,0.0 131.0121166104564,31.22214123428432,0.0 131.0121189953001,31.222141189071003,0.0 131.01212137987767,31.22214114382401,0.0 131.01212376418428,31.22214109854644,0.0 131.01212614821506,31.22214105324124,0.0 131.01212853196526,31.22214100791136,0.0 131.01213091543008,31.222140962559628,0.0 131.01213329860465,31.222140917188835,0.0 131.01213568148424,31.222140871801685,0.0 131.01213806406403,31.222140826400818,0.0 131.0121404463393,31.222140780988788,0.0 131.01214282830531,31.22214073556809,0.0 131.0121452099573,31.22214069014111,0.0 131.01214759129064,31.222140644710183,0.0 131.01214997230068,31.222140599277537,0.0 131.01215235298267,31.222140553845342,0.0 131.01215473333218,31.22214050841565,0.0 131.01215711334453,31.22214046299047,0.0 131.01215949301528,31.22214041757168,0.0 131.0121618723399,31.22214037216109,0.0 131.01216425131395,31.222140326760425,0.0 131.01216662993315,31.22214028137129,0.0 131.01216900819307,31.22214023599523,0.0 131.01217138608953,31.22214019063368,0.0 131.0121737636183,31.22214014528794,0.0 131.0121761407752,31.222140099959297,0.0 131.01217851755618,31.22214005464889,0.0 131.0121808939572,31.222140009357734,0.0 131.01218326997437,31.222139964086782,0.0 131.01218564560375,31.22213991883689,0.0 131.01218802084165,31.22213987360879,0.0 131.01219039568434,31.22213982840312,0.0 131.01219277012817,31.2221397832204,0.0 131.01219514416962,31.22213973806108,0.0 131.0121975178053,31.22213969292545,0.0 131.01219989103183,31.222139647813734,0.0 131.01220226384595,31.22213960272604,0.0 131.01220463624455,31.22213955766238,0.0 131.01220700822464,31.22213951262264,0.0 131.01220937978323,31.2221394676066,0.0 131.0122117509175,31.22213942261392,0.0 131.01221412162477,31.22213937764417,0.0 131.01221649190242,31.222139332696823,0.0 131.01221886174807,31.222139287771213,0.0 131.0122212311593,31.222139242866568,0.0 131.01222360013392,31.22213919798203,0.0 131.01222596866987,31.222139153116604,0.0 131.0122283367652,31.2221391082692,0.0 131.01223070441804,31.22213906343862,0.0 131.01223307162675,31.222139018623537,0.0 131.0122354383898,31.222138973822528,0.0 131.0122378047058,31.222138929034088,0.0 131.01224017057345,31.22213888425655,0.0 131.01224253599173,31.22213883948818,0.0 131.0122449009596,31.22213879472712,0.0 131.0122472654764,31.22213874997141,0.0 131.0122496295414,31.222138705218992,0.0 131.0122519931541,31.222138660467696,0.0 131.01225435631423,31.222138615715245,0.0 131.01225671902168,31.22213857095925,0.0 131.01225908127634,31.22213852619725,0.0 131.0122614430785,31.222138481426647,0.0 131.01226380442844,31.22213843664477,0.0 131.0122661653267,31.222138391848823,0.0 131.01226852577395,31.222138347035948,0.0 131.01227088577116,31.22213830220316,0.0 131.01227324531922,31.222138257347368,0.0 131.01227560441944,31.222138212465435,0.0 131.0122779630732,31.22213816755409,0.0 131.01228032128205,31.22213812261,0.0 131.01228267904776,31.222138077629705,0.0 131.01228503637225,31.222138032609703,0.0 131.01228739325768,31.22213798754637,0.0 131.01228974970633,31.22213794243604,0.0 131.0122921057206,31.22213789727492,0.0 131.01229446130327,31.222137852059166,0.0 131.01229681645717,31.222137806784865,0.0 131.01229917118525,31.22213776144799,0.0 131.01230152549076,31.22213771604449,0.0 131.01230387937716,31.22213767057023,0.0 131.0123062328479,31.22213762502099,0.0 131.0123085859068,31.22213757939252,0.0 131.01231093855785,31.22213753368045,0.0 131.01231329080505,31.222137487880428,0.0 131.01231564265277,31.22213744198799,0.0 131.01231799410544,31.222137395998622,0.0 131.01232034516775,31.2221373499078,0.0 131.01232269584446,31.22213730371089,0.0 131.01232504614055,31.22213725740328,0.0 131.01232739606124,31.222137210980257,0.0 131.01232974561182,31.222137164437115,0.0 131.01233209479778,31.22213711776908,0.0 131.01233444362475,31.222137070971367,0.0 131.01233679209855,31.22213702403916,0.0 131.01233914022515,31.222136976967608,0.0 131.01234148801066,31.22213692975184,0.0 131.01234383546137,31.222136882386987,0.0 131.01234618258363,31.22213683486813,0.0 131.01234852938404,31.2221367871904,0.0 131.01235087586923,31.222136739348844,0.0 131.01235322204607,31.22213669133857,0.0 131.0123555679215,31.22213664315465,0.0 131.01235791350254,31.22213659479217,0.0 131.0123602587965,31.222136546246244,0.0 131.01236260381054,31.22213649751197,0.0 131.01236494855215,31.222136448584475,0.0 131.01236729302883,31.222136399458886,0.0 131.01236963724818,31.2221363501304,0.0 131.012371981218,31.222136300594183,0.0 131.0123743249459,31.2221362508455,0.0 131.01237666843994,31.222136200879586,0.0 131.01237901170796,31.22213615069175,0.0 131.01238135475796,31.222136100277336,0.0 131.01238369759807,31.22213604963176,0.0 131.0123860402364,31.22213599875043,0.0 131.01238838268108,31.22213594762892,0.0 131.01239072494036,31.22213589626276,0.0 131.01239306702243,31.22213584464759,0.0 131.0123954089356,31.222135792779124,0.0 131.0123977506881,31.222135740653133,0.0 131.0124000922883,31.22213568826548,0.0 131.01240243374443,31.222135635612087,0.0 131.0124047750647,31.222135582688995,0.0 131.01240711625755,31.22213552949232,0.0 131.01240945733113,31.222135476018224,0.0 131.01241179829358,31.222135422263047,0.0 131.01241413915315,31.2221353682232,0.0 131.01241647991796,31.222135313895148,0.0 131.01241882059605,31.22213525927556,0.0 131.01242116119536,31.22213520436112,0.0 131.01242350172387,31.22213514914872,0.0 131.0124258421894,31.222135093635305,0.0 131.01242818259968,31.222135037818,0.0 131.01243052296232,31.22213498169399,0.0 131.01243286328483,31.222134925260665,0.0 131.01243520357465,31.222134868515507,0.0 131.01243754383898,31.222134811456133,0.0 131.012439884085,31.222134754080304,0.0 131.01244222431967,31.22213469638596,0.0 131.01244456454984,31.222134638371127,0.0 131.0124469047821,31.22213458003404,0.0 131.012449245023,31.222134521373043,0.0 131.01245158527874,31.222134462386663,0.0 131.0124539255555,31.22213440307356,0.0 131.01245626585907,31.2221343434326,0.0 131.01245860619522,31.22213428346276,0.0 131.01246094656932,31.22213422316324,0.0 131.0124632869867,31.222134162533344,0.0 131.01246562745223,31.2221341015726,0.0 131.01246796797076,31.222134040280675,0.0 131.01247030854668,31.22213397865743,0.0 131.01247264918425,31.22213391670288,0.0 131.01247498988744,31.22213385441721,0.0 131.0124773306599,31.222133791800804,0.0 131.012479671505,31.22213372885422,0.0 131.01248201242586,31.222133665578188,0.0 131.01248435342524,31.2221336019736,0.0 131.01248669450564,31.222133538041565,0.0 131.0124890356692,31.22213347378337,0.0 131.01249137691775,31.22213340920044,0.0 131.01249371825284,31.222133344294445,0.0 131.01249605967558,31.22213327906717,0.0 131.0124984011869,31.222133213520625,0.0 131.01250074278724,31.22213314765697,0.0 131.01250308447675,31.22213308147855,0.0 131.0125054262552,31.22213301498789,0.0 131.012507768122,31.22213294818769,0.0 131.0125101100763,31.22213288108083,0.0 131.0125124521167,31.222132813670346,0.0 131.01251479424158,31.22213274595945,0.0 131.0125171364489,31.222132677951528,0.0 131.01251947873615,31.222132609650146,0.0 131.01252182110062,31.222132541059008,0.0 131.01252416353904,31.222132472182,0.0 131.01252650604792,31.22213240302312,0.0 131.01252884862325,31.22213233358657,0.0 131.0125311912607,31.222132263876688,0.0 131.01253353395555,31.22213219389796,0.0 131.0125358767028,31.22213212365496,0.0 131.01253821949683,31.222132053152464,0.0 131.01254056233185,31.22213198239537,0.0 131.01254290520157,31.222131911388704,0.0 131.01254524809943,31.222131840137607,0.0 131.01254759101835,31.222131768647348,0.0 131.01254993395108,31.222131696923302,0.0 131.01255227688975,31.22213162497095,0.0 131.01255461982635,31.22213155279589,0.0 131.01255696275248,31.222131480403792,0.0 131.01255930565924,31.222131407800426,0.0 131.01256164853748,31.222131334991644,0.0 131.01256399137776,31.222131261983392,0.0 131.01256633417023,31.22213118878165,0.0 131.01256867690475,31.22213111539252,0.0 131.01257101957088,31.22213104182209,0.0 131.01257336215778,31.222130968076577,0.0 131.01257570465444,31.222130894162174,0.0 131.01257804704943,31.22213082008513,0.0 131.01258038933116,31.22213074585173,0.0 131.01258273148767,31.22213067146827,0.0 131.01258507350695,31.22213059694106,0.0 131.01258741537643,31.22213052227641,0.0 131.0125897570836,31.222130447480623,0.0 131.01259209861547,31.222130372560027,0.0 131.0125944399591,31.22213029752088,0.0 131.0125967811011,31.22213022236941,0.0 131.0125991220281,31.22213014711184,0.0 131.01260146272648,31.22213007175432,0.0 131.0126038031825,31.22212999630296,0.0 131.01260614338216,31.222129920763766,0.0 131.0126084833116,31.22212984514272,0.0 131.01261082295656,31.222129769445665,0.0 131.01261316230287,31.222129693678408,0.0 131.01261550133637,31.22212961784665,0.0 131.0126178400425,31.222129541955976,0.0 131.0126201784071,31.22212946601181,0.0 131.0126225164157,31.22212939001953,0.0 131.0126248540539,31.222129313984308,0.0 131.01262719130744,31.222129237911208,0.0 131.0126295281619,31.22212916180513,0.0 131.0126318646031,31.22212908567084,0.0 131.01263420061676,31.222129009512887,0.0 131.0126365361889,31.22212893333572,0.0 131.01263887130548,31.22212885714354,0.0 131.01264120595275,31.2221287809404,0.0 131.01264354011698,31.222128704730128,0.0 131.0126458737847,31.22212862851637,0.0 131.01264820694263,31.22212855230253,0.0 131.01265053957766,31.22212847609182,0.0 131.01265287167695,31.222128399887204,0.0 131.012655203228,31.22212832369144,0.0 131.01265753421845,31.222128247507047,0.0 131.0126598646363,31.222128171336298,0.0 131.01266219446987,31.222128095181205,0.0 131.01266452370783,31.22212801904356,0.0 131.01266685233915,31.22212794292485,0.0 131.01266918035333,31.22212786682632,0.0 131.01267150774,31.22212779074896,0.0 131.01267383448948,31.22212771469347,0.0 131.01267616015963,31.222127638442245,0.0 131.0126784847533,31.222127562001088,0.0 131.01268080807932,31.22212748527772,0.0 131.01268312997829,31.22212740819515,0.0 131.01268545029123,31.22212733067604,0.0 131.01268776885976,31.22212725264273,0.0 131.012690085526,31.22212717401725,0.0 131.01269240013286,31.222127094721376,0.0 131.01269471252405,31.222127014676687,0.0 131.01269702254416,31.22212693380459,0.0 131.0126993300387,31.222126852026328,0.0 131.01270163485427,31.22212676926307,0.0 131.0127039368386,31.222126685435928,0.0 131.01270623584054,31.222126600465977,0.0 131.01270853171036,31.222126514274365,0.0 131.01271082429955,31.222126426782285,0.0 131.012713113461,31.22212633791112,0.0 131.01271539904928,31.222126247582327,0.0 131.01271768092028,31.222126155717664,0.0 131.01271995893157,31.22212606223908,0.0 131.01272223294248,31.222125967068816,0.0 131.01272450281397,31.222125870129524,0.0 131.0127267684088,31.222125771344167,0.0 131.01272902959158,31.222125670636206,0.0 131.0127312862288,31.22212556792959,0.0 131.01273353818883,31.222125463148764,0.0 131.012735785342,31.22212535621873,0.0 131.01273802756077,31.222125247065136,0.0 131.01274026471944,31.222125135614245,0.0 131.01274249669456,31.22212502179303,0.0 131.01274472336465,31.222124905529228,0.0 131.01274694461043,31.222124786751376,0.0 131.01274916031485,31.2221246653888,0.0 131.0127513703628,31.22212454137168,0.0 131.01275357464155,31.22212441463112,0.0 131.01275577304065,31.222124285099145,0.0 131.01275796545167,31.22212415270876,0.0 131.0127601517686,31.22212401739396,0.0 131.01276233188744,31.222123879089853,0.0 131.01276450570674,31.22212373773258,0.0 131.01276667312712,31.2221235932594,0.0 131.01276883405143,31.22212344560869,0.0 131.01277098838494,31.22212329472004,0.0 131.0127731360351,31.22212314053419,0.0 131.01277527691144,31.22212298299312,0.0 131.01277741092602,31.22212282204009,0.0 131.01277953799294,31.222122657619657,0.0 131.01278165802864,31.2221224896776,0.0 131.0127837709517,31.222122318161063,0.0 131.01278587668293,31.22212214301849,0.0 131.01278797514533,31.22212196419969,0.0 131.01279006626413,31.22212178165586,0.0 131.0127921499666,31.222121595339583,0.0 131.01279422618225,31.222121405204835,0.0 131.01279629484264,31.222121211207007,0.0 131.0127983558815,31.22212101330286,0.0 131.01280040923464,31.22212081145064,0.0 131.01280245483989,31.222120605609955,0.0 131.0128044926371,31.222120395741875,0.0 131.0128065225682,31.22212018180899,0.0 131.01280854457707,31.22211996377525,0.0 131.01281055860963,31.222119741606093,0.0 131.01281256461365,31.222119515268343,0.0 131.0128145625388,31.222119284730297,0.0 131.01281655233683,31.22211904996165,0.0 131.01281853396122,31.222118810933587,0.0 131.0128205073673,31.22211856761872,0.0 131.01282247251228,31.22211831999103,0.0 131.01282442935516,31.22211806802596,0.0 131.0128263778566,31.22211781170028,0.0 131.01282831797923,31.22211755099221,0.0 131.01283024968723,31.22211728588129,0.0 131.01283217294653,31.222117016348424,0.0 131.01283408772474,31.222116742375977,0.0 131.01283599399113,31.22211646394753,0.0 131.01283789171657,31.22211618104803,0.0 131.01283978087363,31.2221158936637,0.0 131.01284166143628,31.22211560178203,0.0 131.0128435333802,31.222115305391767,0.0 131.0128453966826,31.222115004482923,0.0 131.01284725132203,31.222114699046816,0.0 131.01284909727875,31.222114389075863,0.0 131.0128509345344,31.222114074563702,0.0 131.01285276307203,31.222113755505145,0.0 131.0128545828762,31.22211343189608,0.0 131.01285639393276,31.22211310373355,0.0 131.012858196229,31.22211277101572,0.0 131.0128599897535,31.22211243374183,0.0 131.01286177449637,31.222112091912138,0.0 131.01286355044877,31.222111745527915,0.0 131.01286531760323,31.22211139459145,0.0 131.0128670759538,31.22211103910599,0.0 131.0128688254954,31.222110679075687,0.0 131.01287056622448,31.22211031450572,0.0 131.0128722981385,31.22210994540215,0.0 131.0128740212362,31.22210957177188,0.0 131.01287573551755,31.22210919362265,0.0 131.01287744098363,31.222108810963075,0.0 131.01287913763667,31.22210842380252,0.0 131.01288082547998,31.222108032151127,0.0 131.01288250477418,31.22210763614198,0.0 131.0128841755072,31.222107235777976,0.0 131.01288583778535,31.222106831118648,0.0 131.01288749169336,31.222106422213287,0.0 131.01288913731415,31.222106009110487,0.0 131.0128907747294,31.222105591858128,0.0 131.01289240401883,31.222105170503404,0.0 131.0128940252609,31.222104745092864,0.0 131.0128956385324,31.22210431567237,0.0 131.01289724390872,31.22210388228712,0.0 131.01289884146385,31.222103444981627,0.0 131.0129004312703,31.222103003799777,0.0 131.01290201339933,31.22210255878481,0.0 131.01290358792073,31.22210210997933,0.0 131.0129051549031,31.222101657425394,0.0 131.0129067144138,31.22210120116445,0.0 131.01290826651888,31.22210074123729,0.0 131.01290981128312,31.222100277684184,0.0 131.01291134877036,31.22209981054474,0.0 131.01291287904314,31.222099339858065,0.0 131.01291440216286,31.22209886566265,0.0 131.01291591818995,31.222098387996496,0.0 131.01291742718368,31.222097906897087,0.0 131.01291892920233,31.22209742240129,0.0 131.0129204243032,31.2220969345455,0.0 131.01292191254257,31.22209644336554,0.0 131.01292339397585,31.22209594889674,0.0 131.0129248686573,31.22209545117392,0.0 131.01292633664056,31.222094950231405,0.0 131.0129277979782,31.222094446103103,0.0 131.01292925272193,31.222093938822365,0.0 131.01293070092277,31.22209342842205,0.0 131.01293214263072,31.222092914934564,0.0 131.01293357789507,31.222092398391865,0.0 131.01293500676448,31.2220918788254,0.0 131.0129364292866,31.22209135626623,0.0 131.0129378455085,31.222090830744992,0.0 131.01293925547648,31.22209030229184,0.0 131.01294065923616,31.22208977093647,0.0 131.01294205683243,31.22208923670819,0.0 131.01294344830958,31.22208869963588,0.0 131.01294483371123,31.222088159747976,0.0 131.01294621308045,31.22208761707251,0.0 131.0129475864595,31.22208707163724,0.0 131.01294895389017,31.22208652346936,0.0 131.0129503154137,31.222085972595742,0.0 131.01295167107062,31.222085419042887,0.0 131.0129530209011,31.22208486283685,0.0 131.01295436494473,31.222084304003367,0.0 131.0129557032404,31.22208374256775,0.0 131.0129570358267,31.222083178555085,0.0 131.01295836274156,31.222082611989947,0.0 131.01295968402255,31.222082042896623,0.0 131.01296099970676,31.22208147129904,0.0 131.01296230983078,31.22208089722076,0.0 131.01296361443073,31.222080320685016,0.0 131.0129649135424,31.222079741714698,0.0 131.01296620720095,31.22207916033244,0.0 131.01296749544144,31.22207857656048,0.0 131.01296877829827,31.222077990420743,0.0 131.0129700558055,31.22207740193485,0.0 131.012971327997,31.222076811124083,0.0 131.012972594906,31.22207621800944,0.0 131.01297385656557,31.22207562261157,0.0 131.0129751130083,31.222075024950964,0.0 131.01297636426656,31.222074425047687,0.0 131.0129776103723,31.22207382292157,0.0 131.0129788513572,31.222073218592108,0.0 131.01298008725257,31.222072612078566,0.0 131.01298131808952,31.2220720033999,0.0 131.01298254389877,31.2220713925748,0.0 131.01298376471078,31.222070779621728,0.0 131.01298498055576,31.22207016455886,0.0 131.0129861914636,31.222069547404107,0.0 131.01298739746392,31.22206892817512,0.0 131.0129885985862,31.222068306889263,0.0 131.0129897948595,31.222067683563687,0.0 131.01299098631276,31.222067058215288,0.0 131.01299217297463,31.222066430860806,0.0 131.01299335487354,31.22206580151663,0.0 131.01299453203768,31.222065170198977,0.0 131.01299570449507,31.2220645369238,0.0 131.01299687227348,31.222063901706832,0.0 131.01299803540044,31.222063264563584,0.0 131.01299919390337,31.22206262550935,0.0 131.01300034780942,31.222061984559275,0.0 131.01300149714555,31.22206134172822,0.0 131.01300264193858,31.222060697030848,0.0 131.0130037822151,31.22206005048164,0.0 131.01300491800157,31.22205940209482,0.0 131.01300604932428,31.222058751884475,0.0 131.01300717620924,31.22205809986445,0.0 131.01300829868245,31.22205744604851,0.0 131.01300941676968,31.222056790450097,0.0 131.01301053049653,31.22205613308255,0.0 131.01301163988848,31.22205547395898,0.0 131.0130127449709,31.22205481309233,0.0 131.01301384576885,31.222054150495385,0.0 131.01301494230745,31.22205348618076,0.0 131.01301603461158,31.22205282016093,0.0 131.013017122706,31.222052152448143,0.0 131.01301820661533,31.22205148305452,0.0 131.0130192863641,31.22205081199201,0.0 131.0130203619767,31.2220501392724,0.0 131.01302143347735,31.22204946490731,0.0 131.01302250089017,31.222048788908296,0.0 131.01302356423923,31.22204811128669,0.0 131.0130246235484,31.22204743205371,0.0 131.01302567884147,31.222046751220404,0.0 131.01302673014212,31.222046068797688,0.0 131.01302777747392,31.22204538479633,0.0 131.01302882086037,31.222044699226984,0.0 131.0130298603247,31.22204401210023,0.0 131.01303089589032,31.22204332342644,0.0 131.01303192758033,31.22204263321589,0.0 131.0130329554177,31.222041941478704,0.0 131.01303397942547,31.22204124822492,0.0 131.01303499962648,31.222040553464424,0.0 131.0130360160435,31.222039857207022,0.0 131.01303702869913,31.22203915946245,0.0 131.013038037616,31.22203846024025,0.0 131.0130390428166,31.222037759549863,0.0 131.01304004432325,31.222037057400684,0.0 131.0130410421583,31.22203635380193,0.0 131.013042036344,31.222035648762727,0.0 131.01304302690235,31.22203494229222,0.0 131.01304401385545,31.22203423439933,0.0 131.01304499722522,31.222033525092943,0.0 131.01304597703358,31.222032814381823,0.0 131.01304695330222,31.22203210227464,0.0 131.01304792605288,31.22203138877997,0.0 131.01304889530712,31.22203067390638,0.0 131.01304986108647,31.222029957662304,0.0 131.01305082341236,31.22202924005608,0.0 131.01305178230612,31.222028521095968,0.0 131.01305273778902,31.222027800790165,0.0 131.01305368988224,31.222027079146777,0.0 131.01305463860686,31.22202635617385,0.0 131.01305558398388,31.2220256318794,0.0 131.01305652603426,31.22202490627132,0.0 131.0130574647788,31.22202417935745,0.0 131.01305840023826,31.222023451145564,0.0 131.01305933243336,31.222022721643352,0.0 131.0130602613846,31.222021990858448,0.0 131.01306118711256,31.222021258798488,0.0 131.0130621096376,31.222020525471,0.0 131.01306302898004,31.22201979088346,0.0 131.01306394516016,31.222019055043283,0.0 131.0130648581981,31.22201831795781,0.0 131.01306576811396,31.222017579634368,0.0 131.01306667492767,31.222016840080222,0.0 131.0130675786592,31.22201609930263,0.0 131.01306847932824,31.22201535730873,0.0 131.01306937695463,31.22201461410566,0.0 131.01307027155792,31.22201386970048,0.0 131.01307116315766,31.22201312410023,0.0 131.01307205177335,31.22201237731191,0.0 131.0130729374243,31.22201162934252,0.0 131.01307382012976,31.222010880198948,0.0 131.01307469990894,31.222010129888098,0.0 131.01307557678092,31.22200937841679,0.0 131.01307645076463,31.22200862579184,0.0 131.01307732187905,31.22200787202004,0.0 131.01307819014292,31.222007117108166,0.0 131.0130790555749,31.22200636106293,0.0 131.0130799181937,31.222005603891034,0.0 131.01308077801775,31.22200484559911,0.0 131.01308163506545,31.222004086193785,0.0 131.01308248935516,31.222003325681687,0.0 131.013083340905,31.222002564069445,0.0 131.01308418973312,31.2220018013636,0.0 131.01308503585753,31.22200103757069,0.0 131.0130858792961,31.222000272697223,0.0 131.01308672006672,31.22199950674968,0.0 131.01308755818698,31.221998739734584,0.0 131.01308839367448,31.2219979716584,0.0 131.01308922654667,31.22199720252757,0.0 131.01309005682103,31.22199643234852,0.0 131.01309088451478,31.221995661127647,0.0 131.013091709645,31.221994888871336,0.0 131.0130925322288,31.221994115586,0.0 131.0130933522831,31.221993341278026,0.0 131.01309416982477,31.221992565953745,0.0 131.01309498487043,31.221991789619533,0.0 131.01309579743673,31.221991012281688,0.0 131.01309660754015,31.221990233946528,0.0 131.01309741519708,31.22198945462042,0.0 131.01309822042373,31.22198867430966,0.0 131.01309902323624,31.22198789302055,0.0 131.01309982365066,31.22198711075937,0.0 131.01310062168287,31.2219863275324,0.0 131.01310141734865,31.22198554334588,0.0 131.01310221066367,31.22198475820617,0.0 131.0131030016435,31.22198397211951,0.0 131.01310379030346,31.221983185092167,0.0 131.01310457665895,31.221982397130365,0.0 131.0131053607251,31.22198160824036,0.0 131.01310614251696,31.221980818428417,0.0 131.01310692204947,31.221980027700816,0.0 131.01310769933744,31.221979236063795,0.0 131.01310847439552,31.221978443523582,0.0 131.01310924723828,31.221977650086416,0.0 131.01311001788017,31.22197685575849,0.0 131.01311078633546,31.22197606054614,0.0 131.01311155261828,31.22197526445556,0.0 131.0131123167427,31.22197446749301,0.0 131.0131130787227,31.22197366966468,0.0 131.01311383857197,31.22197287097683,0.0 131.01311459630426,31.22197207143568,0.0 131.01311535193295,31.22197127104753,0.0 131.0131161054715,31.22197046981856,0.0 131.01311685693327,31.221969667755047,0.0 131.01311760633126,31.2219688648632,0.0 131.0131183536785,31.22196806114921,0.0 131.01311909898783,31.22196725661944,0.0 131.01311984227206,31.221966451280053,0.0 131.01312058354372,31.221965645137328,0.0 131.01312132281527,31.221964838197493,0.0 131.0131220600991,31.22196403046674,0.0 131.0131227954074,31.2219632219514,0.0 131.0131235287522,31.221962412657696,0.0 131.0131242601454,31.22196160259189,0.0 131.01312498959888,31.221960791760203,0.0 131.01312571712424,31.22195998016888,0.0 131.013126442733,31.221959167824178,0.0 131.0131271664366,31.22195835473239,0.0 131.01312788824626,31.22195754089976,0.0 131.01312860817316,31.221956726332525,0.0 131.0131293262282,31.22195591103693,0.0 131.01313004242235,31.22195509501921,0.0 131.01313075676623,31.22195427828571,0.0 131.01313146927043,31.22195346084264,0.0 131.0131321799455,31.221952642696248,0.0 131.01313288880166,31.221951823852784,0.0 131.01313359584915,31.221951004318484,0.0 131.013134301098,31.22195018409968,0.0 131.0131350045581,31.2219493632026,0.0 131.01313570623935,31.221948541633456,0.0 131.01313640615132,31.22194771939853,0.0 131.01313710430352,31.22194689650404,0.0 131.01313780070535,31.221946072956296,0.0 131.01313849536612,31.22194524876153,0.0 131.0131391882949,31.22194442392597,0.0 131.01313987950073,31.221943598455848,0.0 131.01314056899247,31.221942772357394,0.0 131.01314125677885,31.221941945636896,0.0 131.0131419428685,31.22194111830057,0.0 131.01314262726987,31.22194029035462,0.0 131.01314330999136,31.22193946180528,0.0 131.0131439910412,31.22193863265873,0.0 131.0131446704275,31.221937802921264,0.0 131.01314534815816,31.221936972599057,0.0 131.0131460242411,31.221936141698293,0.0 131.01314669868407,31.221935310225163,0.0 131.01314737149468,31.22193447818587,0.0 131.01314804268037,31.221933645586624,0.0 131.01314871224855,31.221932812433568,0.0 131.01314938020644,31.22193197873288,0.0 131.01315004656115,31.22193114449069,0.0 131.01315071131975,31.221930309713176,0.0 131.01315137448907,31.221929474406497,0.0 131.01315203607595,31.221928638576763,0.0 131.013152696087,31.22192780223008,0.0 131.01315335452878,31.22192696537253,0.0 131.0131540114077,31.221926128010303,0.0 131.01315466673012,31.22192529014944,0.0 131.0131553205022,31.221924451796006,0.0 131.0131559727301,31.221923612956065,0.0 131.01315662341975,31.22192277363568,0.0 131.01315727257708,31.22192193384089,0.0 131.01315792020785,31.221921093577727,0.0 131.0131585663177,31.22192025285219,0.0 131.01315921091228,31.22191941167024,0.0 131.01315985399702,31.221918570037907,0.0 131.01316049557724,31.221917727961166,0.0 131.01316113565824,31.22191688544593,0.0 131.0131617742452,31.22191604249813,0.0 131.01316241134316,31.22191519912368,0.0 131.01316304695712,31.22191435532853,0.0 131.01316368109195,31.221913511118515,0.0 131.01316431375244,31.221912666499488,0.0 131.01316494494327,31.22191182147728,0.0 131.0131655746691,31.22191097605777,0.0 131.01316620293434,31.221910130246755,0.0 131.01316682974354,31.22190928404997,0.0 131.01316745510098,31.2219084374732,0.0 131.0131680790109,31.2219075905222,0.0 131.01316870147758,31.22190674320269,0.0 131.013169322505,31.22190589552037,0.0 131.01316994209728,31.221905047480888,0.0 131.0131705602583,31.221904199089906,0.0 131.01317117699188,31.22190335035309,0.0 131.0131717923019,31.221902501276016,0.0 131.01317240619204,31.221901651864265,0.0 131.01317301866595,31.22190080212337,0.0 131.01317362972722,31.221899952058944,0.0 131.0131742393793,31.22189910167644,0.0 131.01317484762575,31.22189825098132,0.0 131.01317545446983,31.22189739997903,0.0 131.01317605991488,31.221896548675087,0.0 131.0131766639642,31.221895697074828,0.0 131.01317726662094,31.22189484518363,0.0 131.01317786788826,31.22189399300681,0.0 131.01317846776925,31.221893140549778,0.0 131.01317906626687,31.22189228781776,0.0 131.0131796633841,31.22189143481603,0.0 131.013180259124,31.221890581549783,0.0 131.01318085348927,31.221889728024305,0.0 131.0131814464828,31.22188887424471,0.0 131.01318203810737,31.22188802021616,0.0 131.01318262836568,31.22188716594373,0.0 131.01318321726046,31.22188631143258,0.0 131.01318380479432,31.22188545668773,0.0 131.0131843909699,31.22188460171417,0.0 131.01318497578976,31.221883746516884,0.0 131.01318555925644,31.2218828911009,0.0 131.0131861413724,31.221882035471115,0.0 131.01318672214015,31.22188117963239,0.0 131.01318730156214,31.221880323589577,0.0 131.01318787964067,31.2218794673476,0.0 131.0131884563783,31.221878610911176,0.0 131.01318903177724,31.22187775428508,0.0 131.01318960583984,31.22187689747404,0.0 131.01319017856846,31.221876040482805,0.0 131.01319074996533,31.221875183316,0.0 131.01319132003275,31.221874325978213,0.0 131.01319188877295,31.22187346847412,0.0 131.0131924561881,31.22187261080828,0.0 131.01319302228055,31.22187175298516,0.0 131.01319358705243,31.22187089500927,0.0 131.0131941505059,31.22187003688516,0.0 131.0131947126432,31.22186917861717,0.0 131.01319527346652,31.22186832020971,0.0 131.01319583297794,31.221867461667127,0.0 131.01319639117963,31.221866602993828,0.0 131.0131969480738,31.22186574419404,0.0 131.0131975036626,31.221864885271987,0.0 131.01319805794816,31.22186402623196,0.0 131.0131986109326,31.221863167078148,0.0 131.01319916261815,31.221862307814668,0.0 131.01319971300688,31.22186144844563,0.0 131.01320026210104,31.221860588975204,0.0 131.01320080990274,31.22185972940738,0.0 131.0132013564142,31.221858869746143,0.0 131.0132019016375,31.221858009995582,0.0 131.01320244557496,31.221857150159604,0.0 131.01320298822867,31.22185629024209,0.0 131.013203529601,31.22185543024696,0.0 131.013204069694,31.22185457017809,0.0 131.01320460851005,31.221853710039284,0.0 131.01320514605135,31.22185284983426,0.0 131.0132056823202,31.221851989566915,0.0 131.01320621731884,31.221851129240868,0.0 131.01320675104964,31.22185026885981,0.0 131.01320728351493,31.221849408427463,0.0 131.01320781471708,31.221848547947427,0.0 131.0132083446584,31.22184768742328,0.0 131.0132088733414,31.221846826858577,0.0 131.0132094007684,31.22184596625693,0.0 131.01320992694187,31.221845105621767,0.0 131.0132104518644,31.22184424495656,0.0 131.0132109755384,31.22184338426481,0.0 131.0132114979664,31.22184252354991,0.0 131.013212019151,31.22184166281518,0.0 131.01321253909478,31.2218408020641,0.0 131.01321305780036,31.22183994129992,0.0 131.01321357527038,31.221839080525907,0.0 131.0132140915075,31.22183821974544,0.0 131.0132146065146,31.221837358961704,0.0 131.01321512029423,31.22183649817788,0.0 131.01321563284927,31.22183563739725,0.0 131.01321614418256,31.22183477662294,0.0 131.01321665429694,31.22183391585804,0.0 131.01321716319524,31.22183305510576,0.0 131.01321767088046,31.22183219436916,0.0 131.01321817735558,31.22183133365124,0.0 131.01321868262357,31.22183047295517,0.0 131.01321918668742,31.221829612283884,0.0 131.0132196895503,31.221828751640366,0.0 131.01322019121528,31.221827891027697,0.0 131.01322069168552,31.22182703044876,0.0 131.01322119096423,31.221826169906457,0.0 131.01322168905455,31.22182530940381,0.0 131.01322218595993,31.221824448943647,0.0 131.01322268168354,31.22182358852884,0.0 131.01322317622876,31.221822728162305,0.0 131.013223669599,31.221821867846817,0.0 131.01322416179772,31.22182100758524,0.0 131.01322465282834,31.2218201473804,0.0 131.01322514269438,31.22181928723501,0.0 131.01322563139942,31.221818427151952,0.0 131.013226118947,31.221817567133943,0.0 131.0132266053409,31.22181670718368,0.0 131.01322709058456,31.221815847304,0.0 131.01322757468185,31.221814987497552,0.0 131.01322805763652,31.22181412776706,0.0 131.01322853945229,31.22181326811528,0.0 131.01322902013302,31.22181240854481,0.0 131.0132294996826,31.22181154905841,0.0 131.01322997810496,31.221810689658746,0.0 131.01323045540397,31.221809830348384,0.0 131.01323093158368,31.221808971130127,0.0 131.0132314066481,31.22180811200652,0.0 131.01323188060127,31.221807252980245,0.0 131.01323235344728,31.22180639405393,0.0 131.0132328251903,31.22180553523019,0.0 131.01323329583448,31.22180467651173,0.0 131.01323376538403,31.221803817901083,0.0 131.01323423384315,31.22180295940093,0.0 131.01323470121625,31.221802101013903,0.0 131.01323516750747,31.22180124274256,0.0 131.0132356327212,31.221800384589617,0.0 131.0132360968619,31.2217995265576,0.0 131.0132365599339,31.221798668649228,0.0 131.01323702194162,31.22179781086707,0.0 131.01323748288956,31.221796953213776,0.0 131.01323794278224,31.221796095692014,0.0 131.0132384016242,31.22179523830433,0.0 131.01323885941989,31.22179438105352,0.0 131.01323931617398,31.22179352394208,0.0 131.01323977189105,31.221792666972817,0.0 131.0132402265758,31.2217918101483,0.0 131.01324068023277,31.221790953471263,0.0 131.0132411328667,31.2217900969444,0.0 131.01324158448233,31.22178924057036,0.0 131.01324203508432,31.221788384351928,0.0 131.0132424846775,31.22178752829176,0.0 131.01324293326655,31.22178667239268,0.0 131.01324338085635,31.22178581665733,0.0 131.0132438274516,31.221784961088623,0.0 131.0132442730572,31.22178410568922,0.0 131.01324471767796,31.221783250462035,0.0 131.0132451613187,31.221782395409782,0.0 131.0132456039844,31.22178154053542,0.0 131.01324604567975,31.221780685841715,0.0 131.01324648640983,31.221779831331624,0.0 131.0132469261794,31.22177897700799,0.0 131.0132473649934,31.2217781228738,0.0 131.01324780285677,31.221777268931955,0.0 131.0132482397744,31.221776415185488,0.0 131.01324867575127,31.22177556163735,0.0 131.01324911079223,31.221774708290624,0.0 131.01324954490232,31.221773855148285,0.0 131.01324997808635,31.221773002213528,0.0 131.01325041034934,31.22177214948936,0.0 131.01325084169616,31.22177129697904,0.0 131.01325127213175,31.221770444685607,0.0 131.01325170166106,31.22176959261241,0.0 131.01325213028903,31.221768740762595,0.0 131.01325255802053,31.221767889139503,0.0 131.01325298486043,31.221767037746407,0.0 131.01325341081372,31.22176618658668,0.0 131.0132538358852,31.221765335663704,0.0 131.01325426007975,31.221764484980863,0.0 131.01325468340227,31.22176363454172,0.0 131.01325510585758,31.221762784349643,0.0 131.01325552745047,31.22176193440831,0.0 131.0132559481858,31.221761084721223,0.0 131.01325636806837,31.221760235292045,0.0 131.01325678710285,31.22175938612449,0.0 131.01325720529405,31.22175853722217,0.0 131.0132576226467,31.221757688589,0.0 131.01325803916546,31.22175684022869,0.0 131.01325845485505,31.221755992145127,0.0 131.01325886972003,31.22175514434228,0.0 131.01325928376508,31.22175429682405,0.0 131.0132596969947,31.221753449594505,0.0 131.01326010941352,31.22175260265771,0.0 131.01326052102604,31.221751756017746,0.0 131.01326093183667,31.221750909678875,0.0 131.01326134184993,31.22175006364529,0.0 131.01326175107013,31.221749217921296,0.0 131.0132621595017,31.22174837251127,0.0 131.01326256714896,31.221747527419645,0.0 131.0132629740161,31.221746682650863,0.0 131.01326338010745,31.221745838209504,0.0 131.01326378542714,31.221744994100188,0.0 131.01326418997928,31.221744150327567,0.0 131.01326459376807,31.221743306896386,0.0 131.01326499679735,31.221742463811506,0.0 131.01326539907132,31.2217416210778,0.0 131.01326580059376,31.2217407787002,0.0 131.0132662013686,31.221739936683743,0.0 131.01326660139964,31.221739095033584,0.0 131.01326700069063,31.2217382537549,0.0 131.01326739924528,31.221737412852946,0.0 131.0132677970672,31.221736572333054,0.0 131.01326819416002,31.221735732200667,0.0 131.0132685905272,31.221734892461328,0.0 131.0132689861722,31.221734053120628,0.0 131.01326938109835,31.22173321418427,0.0 131.01326977530903,31.22173237565801,0.0 131.0132701688074,31.221731537547743,0.0 131.01327056159667,31.221730699859407,0.0 131.0132709536799,31.221729862599105,0.0 131.01327134506013,31.22172902577301,0.0 131.01327173574023,31.22172818938738,0.0 131.01327212572312,31.2217273534486,0.0 131.0132725150115,31.22172651796316,0.0 131.01327290360814,31.22172568293765,0.0 131.01327329151556,31.221724848378784,0.0 131.01327367873634,31.221724014293383,0.0 131.01327406527287,31.2217231806884,0.0 131.01327445112756,31.22172234757088,0.0 131.01327483630257,31.22172151494804,0.0 131.01327522080007,31.221720682827204,0.0 131.01327560462224,31.221719851215816,0.0 131.01327598777087,31.221719020121483,0.0 131.01327637024795,31.221718189551936,0.0 131.0132767520552,31.221717359515047,0.0 131.01327713319432,31.22171653001888,0.0 131.0132775136668,31.22171570107164,0.0 131.0132778934741,31.22171487268168,0.0 131.0132782726176,31.221714044857528,0.0 131.0132786510985,31.221713217607856,0.0 131.0132790289179,31.22171239094157,0.0 131.0132794060768,31.22171156486776,0.0 131.0132797825761,31.221710739395647,0.0 131.0132801584165,31.22170991453468,0.0 131.01328053359867,31.2217090902946,0.0 131.01328090812308,31.22170826668524,0.0 131.01328128199012,31.22170744371672,0.0 131.0132816552,31.221706621399388,0.0 131.01328202775284,31.22170579974385,0.0 131.01328239964857,31.221704978760965,0.0 131.01328277088697,31.22170415846188,0.0 131.01328314146767,31.22170333885797,0.0 131.01328351139023,31.221702519961,0.0 131.013283880654,31.221701701782926,0.0 131.01328424925808,31.221700884336133,0.0 131.0132846172015,31.221700067633297,0.0 131.01328498450036,31.221699251632536,0.0 131.013285351153,31.22169843634815,0.0 131.01328571716547,31.22169762176989,0.0 131.01328608254246,31.2216968078916,0.0 131.01328644728855,31.22169599470708,0.0 131.01328681140822,31.221695182210247,0.0 131.01328717490605,31.221694370395017,0.0 131.0132875377863,31.22169355925537,0.0 131.01328790005334,31.22169274878533,0.0 131.01328826171138,31.221691938978942,0.0 131.01328862276452,31.22169112983033,0.0 131.0132889832169,31.22169032133363,0.0 131.01328934307244,31.221689513483064,0.0 131.0132897023351,31.22168870627288,0.0 131.0132900610087,31.2216878996974,0.0 131.01329041909696,31.22168709375096,0.0 131.01329077660358,31.22168628842799,0.0 131.0132911335322,31.221685483722936,0.0 131.01329148988623,31.221684679630343,0.0 131.0132918456693,31.22168387614476,0.0 131.0132922008846,31.22168307326085,0.0 131.01329255553551,31.22168227097328,0.0 131.01329290962522,31.2216814692768,0.0 131.0132932631568,31.22168066816624,0.0 131.01329361613344,31.22167986763644,0.0 131.01329396855803,31.221679067682352,0.0 131.0132943204335,31.221678268298938,0.0 131.01329467176265,31.221677469481275,0.0 131.01329502254828,31.22167667122448,0.0 131.01329537279304,31.22167587352372,0.0 131.0132957224995,31.22167507637424,0.0 131.0132957879286,31.22167492980564,0.0 131.01329596429133,31.221674082435843,0.0 131.0132961308036,31.221673988840205,0.0 131.01329630803585,31.221673390905288,0.0 131.01329671264247,31.221673172661223,0.0</coordinates>
            </LineString>
        </Placemark>
    </Document>
</kml>
