<?xml version="1.0" encoding="UTF-8"?>
<kml xmlns="http://www.opengis.net/kml/2.2" xmlns:gx="http://www.google.com/kml/ext/2.2">
    <Document id="371">
        <Style id="374">
            <LineStyle id="375">
                <color>ff0000ff</color>
                <colorMode>normal</colorMode>
                <width>3</width>
            </LineStyle>
        </Style>
        <Style id="378">
            <LineStyle id="379">
                <color>ff00ff00</color>
                <colorMode>normal</colorMode>
                <width>3</width>
            </LineStyle>
        </Style>
        <Placemark id="373">
            <name>flight_path</name>
            <styleUrl>#374</styleUrl>
            <LineString id="372">
                <altitudeMode>relativeToGround</altitudeMode>
                <coordinates>131.010392,31.222216000000007,3.000000004412624 131.0103920000045,31.222215999991075,3.0000027652305543 131.0103920000085,31.222215999994766,3.0000030853541984 131.0103920000085,31.222215999994766,3.0000030853541984 131.01039200000852,31.222215999994766,3.0000030853541984 131.01039201539675,31.22221599246117,3.0023884986471163 131.0103920617776,31.22221596990869,3.015331231721257 131.01039213193175,31.22221593580231,3.0351264363252404 131.01039220552698,31.222215900001803,3.055106219166761 131.0103923261533,31.222215841380503,3.090004394730484 131.01039241011944,31.222215800500727,3.1115340872331685 131.01039255023213,31.22221573238213,3.151063460926564 131.0103926908424,31.222215663995925,3.189784893121109 131.01039284206664,31.22221559043897,3.23111772340097 131.01039301222698,31.2222155076778,3.2778754514712065 131.01039319835945,31.22221541714896,3.329057119327625 131.01039339622227,31.222215320908244,3.383229829375461 131.0103936086097,31.222215217601374,3.4413386621870097 131.01039382835415,31.2222151107022,3.500962017738751 131.0103940692252,31.222214993537087,3.566754013292423 131.0103943154942,31.22221487372917,3.6334003425495367 131.0103945800907,31.22221474501192,3.705270765720048 131.01039485370347,31.222214611898128,3.779219998303775 131.01039513986652,31.222214472675024,3.856442763351153 131.01039544418495,31.22221432462593,3.9388336136528577 131.01039575462735,31.22221417358214,4.022328928820314 131.01039608061367,31.222214014978025,4.110111315127456 131.01039641907315,31.22221385030192,4.20114441129061 131.01039677261693,31.22221367828824,4.296310626724281 131.01039713608534,31.22221350143773,4.393868548192477 131.010397517966,31.22221331563664,4.496683993164735 131.01039790540767,31.22221312711366,4.600420125064151 131.01039830590005,31.22221293223868,4.707604968129808 131.01039871921526,31.222212731122088,4.8181619013200345 131.01039914602634,31.222212523437697,4.932317992273902 131.0103995843797,31.222212310132328,5.049414803571431 131.01040002919007,31.222212093670787,5.167739039340097 131.010400488852,31.222211869984235,5.290119088179969 131.01040096154043,31.222211639957216,5.415939478570699 131.01040144391652,31.222211405208075,5.544076156420129 131.01040193996343,31.222211163806087,5.675869112702848 131.01040244347448,31.22221091875968,5.809230869593894 131.01040295825328,31.222210668225145,5.945439804389508 131.01040348638034,31.22221041119396,6.085193185839201 131.01040402793237,31.222210147628825,6.228514853755213 131.0104045774418,31.22220988018005,6.373570321964543 131.0104051377902,31.2222096074508,6.521325187598352 131.01040571307726,31.222209327453587,6.673149607941206 131.01040630329675,31.222209040191352,6.829037586096744 131.01040689520636,31.22220875208352,6.984563197684807 131.01040750096558,31.22220845723537,7.143787353550456 131.0104081214021,31.222208155245536,7.306979827983644 131.01040875222748,31.222207848192888,7.472708023785239 131.01040938861175,31.222207538419,7.639365051166282 131.0104100415545,31.222207220590928,7.810603337186065 131.01041070492113,31.22220689768276,7.98437975261839 131.0104113765162,31.222206570758807,8.159965504549577 131.01041206152644,31.222206238330703,8.339076561759454 131.01041275567863,31.222205901557665,8.520091970791935 131.0104134608317,31.22220555986556,8.703826016301369 131.0104141840476,31.22220520981077,8.89250518281458 131.01041491185777,31.222204857928,9.081710279919957 131.01041565083753,31.222204501016154,9.273600524133744 131.01041640453678,31.22220413734012,9.4693286519844 131.01041717457267,31.22220376609721,9.669411783853109 131.01041794223627,31.222203396433265,9.867744741166565 131.01041872428098,31.22220302013621,10.069789020264365 131.01041952823695,31.22220263346661,10.277973483735304 131.0104203358234,31.222202245416906,10.486356275662096 131.01042114974646,31.2222018546578,10.69582146491102 131.01042198034335,31.22220145602644,10.90970393780682 131.01042282477772,31.2222010508888,11.12707401395286 131.01042367545435,31.2222006430352,11.345481850862615 131.01042453497632,31.222200231148484,11.565765189891684 131.01042540987368,31.22219981187723,11.790010988405887 131.0104263004432,31.22219938500428,12.018300985782332 131.01042719056804,31.222198958780982,12.24548201864369 131.01042809824204,31.222198523914606,12.477296235763964 131.01042901610575,31.222198084142807,12.711384811523416 131.01042994308327,31.22219764000004,12.947402945960572 131.01043087724656,31.22219719247812,13.184736779908208 131.01043183007187,31.22219673541448,13.42700913524945 131.0104327919136,31.22219627388138,13.671160540803609 131.0104337567061,31.2221958111603,13.915282654005196 131.01043473904994,31.2221953392572,14.163962300826608 131.01043573561634,31.22219485986314,14.416136545794368 131.01043673172978,31.22219438109789,14.66721048583954 131.0104377430533,31.222193894196536,14.922079077859085 131.0104387674153,31.222193400242503,15.180047742302207 131.01043979951973,31.22219290219241,15.439463227583508 131.01044084012028,31.2221923995848,15.700557853986284 131.01044189328752,31.222191889973068,15.964583435435994 131.01044295805391,31.222191373818625,16.23122974422238 131.01044402731804,31.222190855294983,16.498305942312307 131.01044511154802,31.222190328062148,16.769023562356324 131.01044620852863,31.22218979330968,17.042686964785524 131.01044730870663,31.22218925685623,17.316372997330156 131.01044842687543,31.222188709466806,17.594586932738 131.01044955314092,31.22218815718184,17.874302800370156 131.01045068227592,31.22218760332363,18.1539384131628 131.0104518299278,31.22218703776912,18.43821781092493 131.01045298692995,31.22218646626612,18.724355612762096 131.01045415232895,31.222185889402137,19.01206281730992 131.01045533033368,31.222185304296666,19.30259351773108 131.01045651464386,31.222184715078164,19.594054515692587 131.0104577063296,31.222184120985407,19.886762878128085 131.01045891687727,31.22218351397137,20.184116423832304 131.01046012485955,31.22218290880953,20.47975535329735 131.01046135203595,31.22218229020836,20.780108944139112 131.01046259026725,31.22218166369392,21.08275285474133 131.01046383061555,31.2221810356754,21.385063936254568 131.01046508182102,31.222180399784047,21.68959945473194 131.01046635768995,31.222179745601085,22.000356190400687 131.0104676324781,31.222179092092688,22.30983394972894 131.01046890773387,31.222178438265296,22.618503125813987 131.01047021316845,31.22217776133097,22.934917341894145 131.01047151000992,31.22217709082219,23.247895445680854 131.01047282095067,31.222176409279086,23.56396324880422 131.01047416444317,31.22217570182232,23.888345008527946 131.01047548151013,31.2221750151527,24.204249068693464 131.01047683101368,31.222174302358663,24.52839958279555 131.0104781978794,31.22217357505687,24.85646660455006 131.01047954339057,31.22217286502619,25.17757000988324 131.01048093037704,31.22217212046461,25.509339260792405 131.01048231050623,31.222171381170632,25.838210566539583 131.01048369260116,31.22217063998676,26.16667592343873 131.01048511075902,31.22216986769621,26.50415510572273 131.01048651488867,31.222169106957512,26.8367807323194 131.01048792926798,31.222168337056587,27.171270579992093 131.01048937457435,31.22216753961847,27.51324351220996 131.0104908022421,31.22216675719861,27.84942548478253 131.01049225361487,31.2221659533377,28.19108436670705 131.0104937176285,31.22216513755836,28.53517211917188 131.01049517006783,31.22216433172008,28.875168873639783 131.01049666107738,31.22216349028923,29.22453607534173 131.01049813800356,31.222162661077345,29.569143914986977 131.01049962531297,31.222161821805454,29.91554926147929 131.01050114700115,31.222160949934366,30.2700671367062 131.01050264747747,31.222160097169485,30.617989415773447 131.01050416932333,31.22215922377769,30.970559670699977 131.01050571406913,31.22215832797276,31.32811760225847 131.01050724061983,31.222157448754977,31.679938346511943 131.01050880118683,31.22215653637332,32.039606889086755 131.0105103549029,31.22215562977936,32.39649589117276 131.01051191388504,31.222154717424576,32.7537569843616 131.01051351130752,31.222153766990687,33.11986425833017 131.01051508552433,31.22215283832537,33.47903160084512 131.0105166780248,31.222151891097223,33.841868690556765 131.0105183037638,31.22215091038893,34.21210251645837 131.0105198977384,31.22214996013731,34.57331200683442 131.01052153508144,31.222148966298423,34.94442766631063 131.01052317054533,31.22214797342984,35.31404128465375 131.01052479978506,31.222146985958528,35.6811043489538 131.01052647273391,31.22214595413787,36.0580042052724 131.01052812355618,31.222144943519456,36.42840147590449 131.010529794898,31.22214391160365,36.80285527369121 131.0105314863416,31.22214285871029,37.18121274404248 131.01053316096738,31.222141821839926,37.55443930782613 131.01053487336318,31.2221407462672,37.93585212150742 131.01053657464973,31.22213968100485,38.31353409457388 131.01053828169452,31.222138609158183,38.69159975026589 131.0105400245812,31.22213750050072,39.07726859715408 131.01054174636548,31.222136412229368,39.45683596475861 131.01054348942912,31.2221353018098,39.840482970756 131.01054524792912,31.222134175128645,40.22677347561167 131.01054699467412,31.2221330594636,40.60924367433064 131.0105487841607,31.222131900262816,41.0008072857305 131.0105505512423,31.222130762738416,41.38604054863197 131.0105523345809,31.22212960824825,41.77408491988496 131.0105541560342,31.222128415121578,42.170025349548645 131.01055594092364,31.22212725767447,42.556377344060046 131.01055777280772,31.222126052933923,42.95266923519765 131.01055959127,31.222124860875216,43.34479505447869 131.01056141867815,31.22212365935197,43.73797243277515 131.01056327785395,31.222122426035348,44.13745575401968 131.01056511425907,31.222121214503435,44.53065110264655 131.01056698877497,31.22211996518729,44.93158600145602 131.01056885620164,31.22211872232479,45.32985250104124 131.01057072554283,31.222117477093715,45.72753325070505 131.01057263318702,31.22211619446521,46.13292323176412 131.0105745136142,31.222114937646968,46.531077023543496 131.01057643167175,31.22211364437328,46.936760540762165 131.01057834355532,31.222112356712163,47.34000632155399 131.01058026088506,31.222111063540307,47.74346121467054 131.01058221337877,31.222109736940155,48.15382595573597 131.0105841378913,31.22210843644112,48.55685280927885 131.0105861070464,31.22210709395629,48.96890424811915 131.01058805837692,31.222105767975577,49.37592088543852 131.01059002483467,31.222104427807,49.78531283859262 131.01059201891005,31.222103062201764,50.19986020906212 131.01059398821852,31.22210171925576,50.60785095519678 131.01059600088598,31.222100336772616,51.02450284554756 131.01059799769214,31.222098968779704,51.43659787037854 131.0106000078689,31.22209758874944,51.85065811498888 131.01060204802283,31.22209618204792,52.270362702841645 131.0106040600312,31.222094800599187,52.682808651749454 131.0106061191285,31.222093377567905,53.10468663916578 131.01060816170371,31.222091969426664,53.5218942553488 131.01061021634618,31.222090550906504,53.94076987838463 131.01061229121026,31.222089115099543,54.36310842927834 131.01061434972098,31.22208769381576,54.78083794554161 131.0106164512848,31.22208623576832,55.20706146115792 131.01061853123764,31.222084796748888,55.62752639407441 131.01062063284544,31.22208333962028,56.05176648528724 131.01062274524966,31.22208187384683,56.477387215243965 131.0106248448574,31.22208041937697,56.89921031841162 131.01062699440646,31.22207892344416,57.331006797750064 131.01062910882897,31.22207745756592,57.75411508285103 131.01063126051645,31.222075961133623,58.18441054945808 131.01063340836228,31.22207446857364,58.612884143431856 131.01063555474704,31.22207297782852,59.04006456856303 131.01063773719548,31.222071458051232,59.47415305888487 131.0106398936374,31.22206996034739,59.90159004396306 131.01064208941892,31.22206843112225,60.33664502847476 131.01064427130453,31.22206691400189,60.76770212309837 131.01064646338008,31.22206538929297,61.2000183340836 131.0106486787435,31.222063846456138,61.63644146488209 131.01065087223512,31.222062322095496,62.067148845845374 131.01065311349143,31.22206075989724,62.50728005747324 131.01065532893685,31.222059219333488,62.94084994234788 131.01065757487285,31.22205765496734,63.380084075008654 131.01065981383172,31.22205609701584,63.8168542973044 131.01066205389847,31.222054538945464,64.2529189531178 131.01066432262144,31.22205295862708,64.69423444895337 131.01066656988291,31.222051396337303,65.1299672619308 131.0106688649511,31.22204979639048,65.57507526588269 131.01067113412594,31.222048218028785,66.01365573711715 131.01067342347628,31.22204662418592,66.45564503303082 131.01067572580794,31.2220450206187,66.89948501444056 131.0106780100033,31.22204343240796,67.33849357905466 131.010680331282,31.22204181494109,67.78452202098265 131.01068264670815,31.22204020287088,68.22835597625662 131.01068495197987,31.22203859972397,68.66908810920565 131.0106872802377,31.22203697853225,69.11379864891079 131.01068962350388,31.22203534566877,69.56077016867899 131.01069195813156,31.222033720442568,70.00496822983037 131.0106942936197,31.22203209510093,70.44842228474275 131.0106966475402,31.22203045509947,70.89485498835207 131.01069900529245,31.222028812383368,71.34116261556571 131.01070136214906,31.2220271708682,71.78634937379714 131.0107037218397,31.222025527433065,72.2312046228886 131.010706092847,31.222023874904167,72.67750937448281 131.01070846567583,31.222022221166668,73.12326132276243 131.01071083995777,31.22202056651375,73.56838518933294 131.01071321911596,31.22201890799609,74.01359568175091 131.01071560229252,31.22201724627156,74.45870909950109 131.01071798764025,31.222015582867336,74.90333822401577 131.01072037533527,31.22201391758716,75.34751825279174 131.01072276795423,31.22201224814108,75.79177971122806 131.0107251644835,31.2220105753356,76.23590796685485 131.01072756436434,31.222008899601303,76.67978461535166 131.01072996567785,31.22200722257528,77.1230128214447 131.01073236835583,31.22200554427756,77.56557731009006 131.01073477791957,31.22200385974005,78.0086022885417 131.01073718795263,31.222002174608047,78.45077293528034 131.010739601997,31.222000485673608,78.89280870320087 131.01074201877495,31.22199879402225,79.3344453848755 131.01074443957705,31.2219970984302,79.77593981053347 131.01074686077902,31.22199540214571,80.21655804069017 131.01074928587718,31.221993701933886,80.6570004485989 131.0107517143337,31.22199199822303,81.09715306545237 131.01075414378104,31.22199029315512,81.53653984696798 131.0107565776494,31.221988583509663,81.97584036756899 131.01075901591298,31.2219868692466,82.41504244505046 131.01076145327545,31.22198515528389,82.85309595910529 131.01076389554808,31.22198343614213,83.29114502603296 131.01076633942,31.221981714886272,83.72853228611842 131.01076878523472,31.22197999116612,84.16532285295133 131.01077123357732,31.221978264394075,84.60162719882582 131.01077368533956,31.221976533685467,85.03761398797705 131.01077613913023,31.221974800338582,85.47300911490184 131.01077859602012,31.22197306330449,85.9080162591609 131.01078105439993,31.221971324105983,86.34232172233683 131.010783515176,31.22196958185408,86.77609690110904 131.01078597681615,31.22196783801145,87.20904551175283 131.01078844111188,31.221966090833263,87.64150659698788 131.01079090878304,31.221964339604927,88.07361204935359 131.01079337791742,31.221962586172573,88.50499601935863 131.01079584918733,31.221960829879794,88.93578368458995 131.01079832251088,31.221959070802328,89.36595661529168 131.01080079532113,31.22195731144195,89.79503161904026 131.01080327143546,31.221955548080896,90.22372132167494 131.0108057475663,31.221953783928168,90.65140892302524 131.01080822768412,31.221952015118493,91.07883094757308 131.01081070758227,31.221950245764848,91.50520434691784 131.01081319185343,31.221948471399763,91.93137694007268 131.01081567580104,31.221946696617536,92.35648002686936 131.0108181609384,31.22194491995828,92.7807925679006 131.0108206493045,31.2219431394562,93.20468559469728 131.01082313890845,31.221941357070914,93.62779276107892 131.0108256283465,31.2219395741863,94.04985864773516 131.01082812153103,31.2219377870306,94.47159335989134 131.01083061503005,31.221935998959268,94.8923723956923 131.01083311131725,31.221934207606,95.312643121389 131.0108356082609,31.221932415060383,95.73201981925392 131.01083810589313,31.22193062131804,96.15050894460728 131.0108406050944,31.22192882556465,96.56826831128387 131.01084310589553,31.22192702780727,96.98530273209636 131.01084560752503,31.221925228818296,97.40147439157865 131.01084811023966,31.221923428386248,97.81682956816232 131.01085061311818,31.22192162742144,98.23120494571184 131.0108531188805,31.2219198233838,98.6450835436992 131.01085562400104,31.22191801964752,99.05784076602691 131.01085813175732,31.221916213157176,99.4700574454956 131.01086064033504,31.221914405663348,99.88141321395 131.0108631477114,31.221912599088377,100.29155371094276 131.01086565769543,31.221910789914247,100.70114995783533 131.0108681677799,31.22190898052026,101.10976199423858 131.01087067705993,31.2219071717726,101.51723344641736 131.01087318884626,31.221905360653743,101.92414464906469 131.01087569925016,31.22190355078288,102.32981740369264 131.01087821115655,31.2219017395448,102.73475688729134 131.01088072566753,31.221899925984022,103.1391552848436 131.0108832383306,31.22189811418568,103.542240331869 131.01088575136347,31.221896302159145,103.94439978362472 131.0108882648034,31.22189448990977,104.34564137948207 131.01089078027044,31.22189267602035,104.74624665342236 131.01089329535972,31.22189086268332,105.14580146999477 131.01089581042564,31.221889049605075,105.5443693751188 131.0108983270464,31.22188723541407,105.94222391881108 131.01090084333296,31.221885421819287,106.33904150455145 131.01090335921597,31.22188360890325,106.73481253253551 131.01090587776756,31.22188179399028,107.13006574571104 131.01090839387447,31.22187998160061,107.52392624060694 131.01091091418337,31.221878165933283,107.91753397888472 131.01091343301078,31.22187635198669,108.30991800325152 131.01091595298416,31.22187453748384,108.70152958642888 131.01091847344003,31.221872723025644,109.0922569150104 131.01092099549788,31.221870907663195,109.48229210005708 131.0109235177407,31.22186909264041,109.87139555523284 131.0109260400761,31.22186727804923,110.25955354768912 131.0109285627552,31.22186546368692,110.64681032498392 131.01093108676787,31.221863648718006,111.0333348089988 131.0109336095672,31.221861835336,111.41869769674668 131.0109361339045,31.221860021193244,111.80336546884588 131.0109386582317,31.221858207623065,112.18707787626522 131.0109411825558,31.2218563946236,112.5698376925073 131.01094370694352,31.221854582141543,112.95165752999964 131.0109462334802,31.221852768404684,113.33288825404236 131.01094875799072,31.2218509569678,113.7128309546504 131.01095128439945,31.221849144489845,114.09214420727352 131.0109538124159,31.22184733121768,114.47077918471432 131.0109563399141,31.221845518954662,114.84838213357185 131.01095886819576,31.22184370658817,115.22517115597547 131.0109613973057,31.22184189407315,115.6011540194984 131.0109639277217,31.22184008099416,115.9764102183627 131.01096645586367,31.221838270389984,116.35034790463357 131.01096898514868,31.2218364593396,116.72353332035536 131.01097151502665,31.22183464829751,117.09587507609474 131.01097404445912,31.2218328381364,117.4672026346443 131.0109765758233,31.221831026808367,117.83790663173085 131.01097910549407,31.221829217400064,118.20739272582232 131.01098163461552,31.221827408918085,118.57584959680148 131.01098416731017,31.221825597797512,118.9439487929678 131.01098670007636,31.221823787024903,119.31111826618064 131.01098923135496,31.221821977931214,119.67710618171712 131.01099176440496,31.221820167680168,120.04244085517794 131.01099429789264,31.221818357398345,120.40690500606784 131.01099683213212,31.221816546789448,120.77054886003152 131.01099936727795,31.221814735693144,121.133396443947 131.011001903091,31.22181292429193,121.49540853291084 131.0110044379479,31.221811113984472,121.85632535277507 131.01100697327269,31.221809303498578,122.2163740032318 131.0110095088704,31.221807492976325,122.57552210171546 131.01101204352943,31.221805683463224,122.93357700556471 131.0110145782248,31.22180387407242,123.29069265913944 131.0110171172168,31.221802060978565,123.64753754724777 131.01101965286816,31.221800250957155,124.00290950821956 131.01102218932496,31.22179844029224,124.35746032443768 131.0110247273152,31.221796628291823,124.7113006127243 131.01102726470123,31.22179481684913,125.06409587059537 131.01102980207975,31.22179300540416,125.41593853270363 131.01103233820547,31.221791195061403,125.76663535237526 131.01103487501797,31.221789384033,126.11648435239296 131.01103741291817,31.221787571918192,126.46554432707268 131.01103994891585,31.22178576142932,126.81335669459584 131.01104248553855,31.221783950228502,127.16030707281716 131.01104502393687,31.221782137220167,127.50656702493488 131.01104756255938,31.221780323806744,127.85189908292315 131.01105009912823,31.22177851208449,128.1959599291745 131.011052635805,31.221776700028943,128.53907469470363 131.0110551744488,31.22177488587337,128.8815184628002 131.01105771343654,31.22177307110507,129.2230459441194 131.01106025207167,31.221771256360647,129.5635530270833 131.01106279015465,31.221769441811723,129.90300972914042 131.01106532919704,31.22176762601192,130.24163742188793 131.01106786624763,31.22176581173325,130.5790009673332 131.0110704055728,31.221763994915207,130.91572412594795 131.011072944698,31.22176217788309,131.25144240386803 131.0110754847822,31.22176035951914,131.58632332283713 131.01107802382464,31.22175854171912,131.920076086996 131.0110805618604,31.22175672444177,132.2527060877015 131.0110831013927,31.22175490527185,132.5845710045457 131.011085641607,31.221753084973287,132.91555112624283 131.0110881836104,31.221751262467407,133.24580222388357 131.0110907239594,31.221749441065537,133.57483455787727 131.01109326423656,31.221747619236844,133.90287279903464 131.01109580764643,31.221745793868568,134.23036510875644 131.01109834877957,31.22174397019064,134.55655035371532 131.01110089204371,31.221742143928097,134.8820453188401 131.0111034350989,31.221740317344164,135.20652137382336 131.01110597608,31.221738492251948,135.52972076908426 131.01110851758807,31.221736666121647,135.85200307724304 131.0111110584302,31.2217348401118,136.173202307029 131.0111135988051,31.221733014029947,136.49334549729053 131.01111613871592,31.22173118787473,136.81243257770242 131.01111867816567,31.22172936164568,137.13046354750423 131.0111212171577,31.22172753534315,137.44743846854146 131.0111237556953,31.221725708968417,137.76335747421297 131.011126293782,31.221723882523605,138.07822075157756 131.01112883142125,31.221722056011654,138.3920285602401 131.01113136861665,31.22172022943633,138.704781220424 131.0111339053719,31.221718402802207,139.01647911595225 131.01113644169072,31.221716576114623,139.32712269225948 131.01113897757693,31.22171474937968,139.63671245440435 131.01114151303435,31.221712922604176,139.94524896905705 131.0111440480669,31.22171109579564,140.25273285952937 131.01114658267852,31.221709268962226,140.5591648087569 131.01114911687318,31.2217074421128,140.86454555532305 131.01115165065488,31.22170561525678,141.16887589345802 131.01115418402765,31.22170378840421,141.4721566650886 131.01115671699554,31.22170196156567,141.77438876679503 131.0111592495626,31.22170013475228,142.07557314384763 131.0111617817329,31.22169830797564,142.37571079020609 131.01116431351056,31.22169648124777,142.67480274653255 131.01116684489955,31.221694654581217,142.97285009223967 131.011169375904,31.221692827988807,143.26985395046023 131.01117190652786,31.22169100148381,143.56581548307747 131.0111744367752,31.22168917507978,143.86073589271365 131.01117696665,31.22168734879058,144.15461640682605 131.01117949615616,31.22168552263035,144.44745829659308 131.01118202529767,31.2216836966134,144.7392628590225 131.0111845540783,31.22168187075429,145.03003141595804 131.01118708250195,31.22168004506773,145.31976531507365 131.01118961057233,31.22167821956852,145.60846593285515 131.01119213829318,31.2216763942716,145.89613465571514 131.01119466566814,31.22167456919193,146.18277289490342 131.0111971927007,31.221672744344545,146.46838207855475 131.0111997193945,31.221670919744444,146.75296364274368 131.0112022457529,31.221669095406604,147.03651903546063 131.01120477177923,31.221667271345936,147.3190497136303 131.01120729747672,31.221665447577266,147.600557139136 131.0112098228486,31.221663624115287,147.88104277583847 131.01121234789787,31.22166180097456,148.1605080885815 131.01121487262765,31.221659978169463,148.43895454617433 131.01121739704067,31.221658155714177,148.7163836015134 131.01121992113988,31.221656333622622,148.99279671245452 131.01122244492782,31.2216545119085,149.2681953229292 131.0112249684071,31.22165269058523,149.54258086393847 131.01122749158023,31.221650869665908,149.81595475653404 131.01123001444952,31.221649049163343,150.0883184098331 131.01123253701724,31.22164722908998,150.35967320610618 131.01123505928547,31.221645409457896,150.63002051767705 131.01123758125627,31.2216435902788,150.89936169201312 131.01124010293148,31.221641771564,151.16769805271906 131.01124262431287,31.22163995332437,151.43503089754995 131.01124514540217,31.22163813557038,151.70136150437455 131.0112476662008,31.22163631831203,151.9666911122912 131.01125018671024,31.22163450155887,152.23102093753053 131.0112527069317,31.22163268531998,152.49435216053575 131.0112552268664,31.22163086960396,152.75668593590075 131.01125774651538,31.22162905441889,153.01802337547417 131.0112602658795,31.22162723977241,153.27836556128065 131.01126278495957,31.22162542567156,153.53771353458825 131.01126530375623,31.221623612122936,153.79606830286582 131.01126782227007,31.221621799132578,154.05343082884957 131.01127034050148,31.221619986706,154.3098020444591 131.01127285845078,31.2216181748482,154.5651828289307 131.0112753761181,31.22161636356361,154.8195740296898 131.0112778935036,31.221614552856177,155.07297644943122 131.01128041060716,31.22161274272928,155.3253908441302 131.01128292742862,31.22161093318574,155.5768179309943 131.0112854439677,31.22160912422789,155.8272583795195 131.01128796022397,31.221607315857504,156.0767128164576 131.011290476197,31.22160550807583,156.32518182681284 131.01129299188617,31.221603700883588,156.57266594588907 131.01129550729067,31.221601894281,156.8191656662472 131.01129802240985,31.22160008826775,157.06468143671316 131.01130053724265,31.221598282843026,157.3092136584007 131.01130305178808,31.22159647800552,157.5527626896806 131.01130556604508,31.221594673753422,157.79532884519023 131.01130808001244,31.22159287008446,158.03691239085884 131.01131059368888,31.221591066995863,158.27751355385172 131.01131310707302,31.22158926448443,158.51713251362256 131.01131562016334,31.221587462546456,158.75576940887112 131.01131813295842,31.22158566117788,158.9934243325737 131.0113206454566,31.22158386037412,159.23009733695403 131.01132315765616,31.22158206013027,159.46578843348132 131.0113256695554,31.221580260440952,159.70049759585405 131.01132818115255,31.221578461300453,159.93422474906524 131.01133069244565,31.22157666270265,160.16696978729416 131.01133320343277,31.221574864641106,160.398732560985 131.01133571411202,31.221573067108988,160.62951288976777 131.0113382244813,31.22157127009916,160.85931054754897 131.01134073453852,31.22156947360419,161.08812528239164 131.01134324428156,31.22156767761633,161.3159567976289 131.01134575370827,31.22156588212757,161.54280477273784 131.0113482628165,31.22156408712961,161.76866884942308 131.011350771604,31.22156229261396,161.9935486395696 131.01135328006845,31.221560498571808,162.2174437312055 131.01135578820765,31.221558704994216,162.44035367259855 131.01135829601924,31.221556911872025,162.66227799611198 131.01136080350096,31.22155511919588,162.88321619832402 131.01136331065052,31.221553326956275,163.1031677579196 131.0113658174655,31.22155153514355,163.32213213072075 131.01136832394363,31.221549743747964,163.54010874074024 131.01137083008254,31.2215479527596,163.7570970090061 131.01137333587997,31.22154616216848,163.973096319768 131.01137584133352,31.22154437196455,164.1881060483265 131.0113783464409,31.221542582137687,164.40212555506994 131.01138085119985,31.221540792677736,164.6151541824928 131.011383355608,31.221539003574502,164.82719125618772 131.01138585966325,31.2215372148178,165.03823609677517 131.0113883633632,31.22153542639741,165.24828800996227 131.0113908667058,31.22153363830316,165.4573462934994 131.0113933696888,31.221531850524908,165.6654102391709 131.01139587231003,31.22153006305257,165.87247912583447 131.01139837456745,31.221528275876107,166.0785522323429 131.01140087645902,31.221526488985543,166.28362883953253 131.01140337798267,31.22152470237105,166.48770821332567 131.01140587913648,31.22152291602285,166.69078962759096 131.01140837991852,31.22152112993133,166.8928723581797 131.0114108803269,31.221519344086943,167.0939556739793 131.01141338035995,31.22151755848036,167.2940388557998 131.01141588001576,31.22151577310236,167.49312118345068 131.0114183792927,31.221513987943904,167.69120194568143 131.01142087818923,31.22151220299612,167.88828043918627 131.0114233767037,31.221510418250343,168.08435596164728 131.01142587483463,31.221508633698072,168.27942783161168 131.01142837258067,31.221506849331053,168.47349536861515 131.01143086994043,31.22150506514121,168.66655790908288 131.01143336691268,31.22150328112073,168.85861479738358 131.0114358634962,31.221501497262,169.04966539775825 131.01143835968986,31.221499713557645,169.2397090873616 131.01144085549262,31.221497930000577,169.42874525427305 131.01144335090356,31.22149614658392,169.6167733153895 131.01144584592183,31.22149436330108,169.8037926905803 131.01144834054665,31.22149258014572,169.98980283151383 131.01145083477726,31.22149079711177,170.17480319978873 131.01145332861313,31.22148901419345,170.35879328383191 131.01145582205368,31.221487231385247,170.541772588958 131.0114583150985,31.22148544868192,170.72374064929696 131.01146080774728,31.221483666078527,170.90469701288535 131.01146329999972,31.22148188357041,171.08464125458667 131.01146579185567,31.221480101153208,171.26357297807922 131.01146828331505,31.221478318822843,171.441491805917 131.01147077437795,31.221476536575537,171.61839738350469 131.01147326504443,31.221474754407776,171.79428939301303 131.0114757553147,31.221472972316384,171.96916753051795 131.01147824518915,31.22147119029845,172.14303152488645 131.0114807346681,31.22146940835139,172.3158811308165 131.01148322375207,31.22146762647285,172.48771612983268 131.01148571244158,31.22146584466083,172.6585363312804 131.01148820073746,31.221464062913583,172.82834157232364 131.01149068864035,31.22146228122965,172.99713171794767 131.0114931761512,31.221460499607872,173.16490666195068 131.01149566327092,31.221458718047344,173.33166632495627 131.01149815000056,31.22145693654748,173.49741065839075 131.0115006363413,31.22145515510792,173.66213963851686 131.01150312229436,31.2214533737286,173.82585327538143 131.011505607861,31.221451592409725,173.98855159989307 131.0115080930427,31.221449811151743,174.15023468171245 131.0115105778409,31.221448029955383,174.310902608381 131.01151306225728,31.221446248821604,174.470555500229 131.01151554629337,31.2214444677516,174.62919350540605 131.011518029951,31.221442686746844,174.78681680186892 131.01152051323197,31.221440905809,174.9434255914182 131.01152299613818,31.221439124939987,175.0990201046675 131.01152547867164,31.22143734414193,175.2536006020377 131.01152796083443,31.22143556341718,175.40716736083556 131.01153044262864,31.22143378276828,175.55972069811494 131.01153292405652,31.221432002198,175.71126094483344 131.01153540512027,31.22143022170928,175.86178846473794 131.0115378858224,31.22142844130523,176.01130364442494 131.01154036616524,31.221426660989174,176.15980689234715 131.0115428461512,31.22142488076459,176.3072986467639 131.01154532578292,31.22142310063513,176.45377936182814 131.01154780506295,31.221421320604588,176.59924951851738 131.011550283994,31.22141954067691,176.74370962264723 131.01155276257876,31.22141776085618,176.8871601919503 131.01155524082003,31.221415981146624,177.02960177694857 131.01155771872058,31.221414201552587,177.1710349420687 131.01156019628334,31.22141242207852,177.31146027160608 131.01156267351115,31.22141064272899,177.45087836972456 131.01156515040705,31.221408863508668,177.58928985648066 131.01156762697403,31.221407084422324,177.72669537080588 131.01157010321506,31.221405305474786,177.86309557150108 131.0115725791333,31.221403526670976,177.9984911263018 131.01157505473176,31.22140174801588,178.13288272678875 131.01157753001365,31.22139996951456,178.26627107248507 131.0115800049821,31.221398191172103,178.39865687582483 131.0115824796403,31.22139641299365,178.53004086513647 131.01158495399147,31.221394634984367,178.66042377967176 131.01158742803878,31.221392857149485,178.7898063706012 131.01158990178553,31.221391079494232,178.91818939902555 131.01159237523495,31.221389302023823,179.04557363597567 131.01159484839027,31.221387524743545,179.1719598534681 131.01159732125478,31.22138574765861,179.29734884835912 131.01159979383175,31.22138397077428,179.42174140556915 131.01160226612444,31.221382194095764,179.5451383279016 131.0116047381361,31.22138041762828,179.66754041914467 131.01160720987005,31.22137864137699,179.7889484890431 131.0116096813295,31.22137686534704,179.90936335031475 131.01161215251767,31.22137508954352,180.02878581567063 131.01161462343788,31.221373313971448,180.14721670675823 131.0116170940933,31.221371538635832,180.264656841243 131.01161956448715,31.22136976354161,180.38110703380067 131.01162203462263,31.221367988693604,180.4965681100332 131.0116245045028,31.22136621409664,180.61104088062595 131.0116269741309,31.2213644397554,180.7245261622215 131.01162944350995,31.221362665674526,180.83702476648645 131.0116319126431,31.22136089185856,180.94853750209745 131.01163438153333,31.221359118311927,181.05906517076824 131.01163685018355,31.221357345039017,181.1686085712246 131.01163931859685,31.22135557204406,181.27716849423385 131.01164178677607,31.2213537993312,181.3847457275753 131.01164425472405,31.22135202690445,181.49134104709617 131.0116467224436,31.22135025476777,181.5969552246607 131.0116491899375,31.221348482924945,181.7015890152317 131.01165165720843,31.22134671137964,181.80524317475968 131.01165412425908,31.22134494013542,181.9079184442807 131.01165659109202,31.221343169195723,182.00961555091104 131.01165905770975,31.22134139856384,182.11033521480337 131.01166152411483,31.221339628242927,182.21007814417885 131.0116639903096,31.22133785823604,182.30884502936223 131.01166645629638,31.221336088546032,182.4066365527226 131.01166892207752,31.22133431917568,182.5034533817143 131.01167138765513,31.221332550127585,182.59929616987307 131.0116738530314,31.22133078140421,182.6941655508508 131.01167631820837,31.221329013007875,182.78806215133736 131.01167878318805,31.221327244940746,182.88098657615257 131.0116812479723,31.221325477204868,182.9729394152021 131.01168371256298,31.22132370980209,183.06392124546687 131.01168617696183,31.22132194273416,183.15393262006927 131.0116886411705,31.221320176002635,183.2429740782125 131.01169110519064,31.221318409608944,183.3310461471688 131.01169356902366,31.221316643554367,183.41814932538253 131.01169603267104,31.221314877840022,183.50428409737964 131.0116984961341,31.22131311246688,183.5894509357547 131.01170095941407,31.221311347435776,183.6736502812932 131.0117034225121,31.221309582747363,183.75688256384376 131.01170588542928,31.221307818402178,183.83914819436689 131.0117083481666,31.221306054400586,183.92044755598937 131.0117108107249,31.22130429074281,184.0007810248777 131.01171327310507,31.22130252742896,184.08014894638285 131.01171573530772,31.22130076445894,184.15855164796136 131.01171819733352,31.22129900183256,184.23598944017067 131.01172065918297,31.221297239549443,184.3124626107036 131.01172312085652,31.22129547760912,184.38797142538385 131.0117255823545,31.22129371601096,184.4625161341295 131.01172804367715,31.2212919547542,184.53609695803064 131.01173050482467,31.221290193837923,184.6087141072418 131.01173296579708,31.22128843326112,184.68036776408465 131.0117354265944,31.22128667302261,184.75105809397988 131.01173788721647,31.221284913121146,184.820785241474 131.01174034766308,31.22128315355525,184.88954932824825 131.01174280793393,31.221281394323448,184.95735045809224 131.01174526802868,31.221279635424057,185.02418871391887 131.01174772794678,31.22127787685532,185.09006415379008 131.0117501876877,31.221276118615343,185.15497682681897 131.0117526472508,31.22127436070216,185.2189267522984 131.0117551066353,31.221272603113626,185.28191393063264 131.01175756584036,31.22127084584759,185.3439383483092 131.01176002486508,31.221269088901728,185.40499996696303 131.01176248370845,31.221267332273648,185.46509873431145 131.0117649423694,31.221265575960853,185.52423457222628 131.01176740084676,31.22126381996077,185.5824073906496 131.0117698591393,31.221262064270743,185.63961707964097 131.0117723172456,31.22126030888801,185.6958635073904 131.01177477516433,31.221258553809736,185.75114653115165 131.01177723289396,31.221256799033053,185.80546598332725 131.011779690433,31.22125504455496,185.85882168538217 131.01178214777977,31.221253290372434,185.911213439894 131.01178460493253,31.221251536482374,185.9626410305521 131.01178706188955,31.221249782881607,186.01310422712712 131.01178951864895,31.22124802956693,186.06260278944708 131.0117919752089,31.22124627653507,186.11113645149385 131.01179443156727,31.22124452378272,186.15870494128217 131.0117968877221,31.221242771306503,186.20530797191407 131.01179934367136,31.22124101910306,186.25094523462195 131.01180179941278,31.22123926716892,186.2956164136754 131.0118042549442,31.221237515500647,186.3393211834017 131.0118067102633,31.22123576409473,186.3820591982452 131.0118091653678,31.22123401294768,186.42383010568915 131.01181162025532,31.22123226205592,186.4646335402904 131.0118140749234,31.221230511415943,186.5044691226876 131.0118165293696,31.22122876102416,186.5433364715264 131.01181898359144,31.22122701087701,186.5812351845757 131.0118214375863,31.22122526097093,186.6181648576124 131.01182389135158,31.221223511302327,186.6541250764688 131.01182634488472,31.22122176186764,186.6891154130577 131.01182879818307,31.22122001266332,186.7231354392878 131.01183125124388,31.22121826368577,186.75618471612825 131.01183370406443,31.221216514931506,186.78826279361127 131.01183615664203,31.22121476639696,186.81936922375144 131.01183860897387,31.22121301807865,186.8495035446425 131.01184106105717,31.221211269973104,186.87866529437403 131.01184351288916,31.221209522076883,186.90685400705388 131.01184596446697,31.22120777438656,186.9340692048569 131.0118484157878,31.22120602689876,186.960310416911 131.0118508668488,31.221204279610127,186.98557716239844 131.01185331764717,31.221202532517395,187.0098689595014 131.01185576817997,31.22120078561728,187.03318532540305 131.01185821844444,31.22119903890656,187.05552577727968 131.0118606684377,31.22119729238211,187.0768898253457 131.01186311815687,31.221195546040818,187.09727698577143 131.0118655675992,31.221193799879607,187.1166867727327 131.01186801676175,31.221192053895507,187.1351187023888 131.0118704656418,31.22119030808558,187.1525722908912 131.01187291423653,31.22118856244695,187.16904705637256 131.01187536254315,31.22118681697684,187.1845425169597 131.011877810559,31.221185071672483,187.19905819872355 131.0118802582812,31.221183326531232,187.2125936297168 131.0118827057071,31.22118158155049,187.22514833699 131.0118851528341,31.22117983672773,187.2367218585216 131.0118875996595,31.221178092060537,187.24731373228184 131.01189004618067,31.221176347546525,187.2569235051792 131.01189249239513,31.2211746031834,187.2655507300788 131.01189493830023,31.221172858968977,187.27319496282027 131.01189738389365,31.22117111490112,187.2798557671868 131.0118998291728,31.22116937097781,187.28553271689384 131.01190227413537,31.221167627197083,187.2902253906184 131.011904718779,31.22116588355707,187.29393337796367 131.01190716310143,31.221164140056008,187.29665627150607 131.01190960710042,31.2211623966922,187.29839368170585 131.0119120507738,31.22116065346404,187.29914522100188 131.01191449411948,31.221158910370026,187.2989105137536 131.0119169371354,31.221157167408737,187.2976891972328 131.01191937981957,31.221155424578857,187.29548091566045 131.01192182217008,31.22115368187915,187.2922853251769 131.01192426418507,31.22115193930847,187.28810209781693 131.01192670586286,31.221150196865764,187.28293090858875 131.01192914720167,31.221148454550093,187.27677145237104 131.01193158819996,31.22114671236059,187.2696234369548 131.01193402885605,31.22114497029648,187.26148657111625 131.01193646916863,31.22114322835709,187.2523605934416 131.0119389091362,31.22114148654184,187.2422452425079 131.01194134875757,31.22113974485023,187.23114027676243 131.01194378803143,31.221138003281894,187.21904546756505 131.01194622695678,31.22113626183649,187.2059605991872 131.01194866553243,31.221134520513832,187.1918854727888 131.01195110375758,31.221132779313777,187.1768199004548 131.0119535416313,31.2211310382363,187.16076371215087 131.0119559791528,31.22112929728146,187.1437167497621 131.0119584163215,31.221127556449403,187.12567887305448 131.01196085313677,31.22112581574035,187.1066499557 131.01196328959816,31.221124075154627,187.0866298882597 131.01196572570527,31.22112233469264,187.0656185722174 131.0119681614578,31.221120594354872,187.0436159338975 131.0119705968556,31.22111885414188,187.0206219035896 131.01197303189863,31.22111711405434,186.99663643940565 131.0119754665868,31.221115374092967,186.97165950342367 131.01197790092036,31.22111363425857,186.94569108653667 131.01198033489942,31.22111189455205,186.91873118261057 131.01198276852435,31.221110154974344,186.8907798143256 131.0119852017956,31.2211084155265,186.86183701031723 131.01198763471362,31.221106676209622,186.83190281610865 131.0119900672791,31.221104937024887,186.80097730504343 131.01199249949275,31.22110319797353,186.7690605514505 131.0119949313554,31.221101459056868,186.7361526544983 131.01199736286807,31.22109972027628,186.70225372527275 131.01199979403168,31.2210979816332,186.6673638927418 131.0120022248474,31.221096243129125,186.6314833027621 131.01200465531647,31.2210945047656,186.59461211509475 131.01200708544027,31.221092766544245,186.55675050639 131.0120095152202,31.221091028466727,186.5178986662102 131.01201194465784,31.22108929053475,186.47805680100493 131.0120143737548,31.22108755275008,186.43722513311903 131.01201680251276,31.22108581511452,186.39540389880224 131.01201923093365,31.221084077629943,186.35259335019967 131.01202165901933,31.221082340298235,186.30879375534985 131.0120240867718,31.22108060312134,186.2640053902348 131.01202651419325,31.22107886610124,186.21822855070567 131.0120289412858,31.221077129239912,186.1714635475149 131.01203136805177,31.221075392539426,186.12371070233897 131.0120337944935,31.22107365600184,186.0749703507616 131.0120362206135,31.221071919629274,186.0252428392909 131.01203864641428,31.22107018342384,185.97452853032985 131.01204107189847,31.22106844738768,185.92282780118205 131.01204349706884,31.22106671152297,185.87014103510649 131.01204592192806,31.221064975831897,185.8164686302628 131.01204834647905,31.221063240316667,185.76181099772404 131.01205077072473,31.221061504979485,185.70616855750063 131.01205319466803,31.22105976982259,185.6495417425157 131.01205561831213,31.2210580348482,185.5919309966184 131.01205804166008,31.221056300058567,185.53333676961347 131.01206046471512,31.22105456545593,185.4737595252128 131.01206288748045,31.221052831042527,185.41319973308447 131.01206530995938,31.2210510968206,185.3516578777981 131.01206773215534,31.221049362792407,185.2891344468973 131.0120701540717,31.22104762896016,185.22562993587024 131.0120725757118,31.22104589532609,185.1611448541124 131.0120749970793,31.221044161892408,185.0956797080304 131.0120774181777,31.22104242866132,185.02923502290864 131.0120798390106,31.221040695635004,184.9618113170669 131.01208225958155,31.22103896281563,184.8934091296904 131.0120846798942,31.221037230205344,184.8240289920064 131.01208709995225,31.221035497806284,184.7536714491501 131.01208951975937,31.221033765620536,184.6823370472436 131.01209193931925,31.221032033650207,184.6100263373732 131.0120943586357,31.221030301897315,184.5367398716116 131.01209677771234,31.22102857036389,184.4624782109708 131.01209919655298,31.221026839051927,184.3872419094992 131.01210161516138,31.22102510796339,184.311031535154 131.01210403354125,31.22102337710017,184.23384764793408 131.01210645169638,31.221021646464177,184.15569081677867 131.01210886963048,31.221019916057248,184.0765616026688 131.01211128734727,31.221018185881185,183.99646057552567 131.01211370485046,31.22101645593775,183.91538829830628 131.01211612214377,31.22101472622867,183.8333453379389 131.0121185392308,31.221012996755626,183.7503322553815 131.01212095611527,31.22101126752022,183.66634961456856 131.01212337280074,31.22100953852407,183.58139797545425 131.01212578929076,31.221007809768665,183.49547789301613 131.0121282055889,31.221006081255528,183.4085899212345 131.01213062169865,31.221004352986068,183.3207346091128 131.0121330376234,31.221002624961663,183.2319125046569 131.01213545336654,31.221000897183647,183.142124149904 131.0121378689314,31.22099916965329,183.05137007396405 131.01214028432125,31.2209974423718,182.9596508178704 131.0121426995393,31.220995715340337,182.8669668948212 131.01214511458863,31.220993988560007,182.77331883192508 131.01214752947237,31.220992262031864,182.6787071344189 131.01214994419345,31.220990535756886,182.5831323065422 131.01215235875475,31.220988809735992,182.4865948495466 131.01215477315915,31.220987083970087,182.38909524182105 131.01215718740934,31.22098535845993,182.2906339696986 131.01215960150793,31.22098363320632,182.19121149863847 131.01216201545748,31.22098190820992,182.09082829210595 131.01216442926042,31.220980183471365,181.9894847966654 131.01216684291913,31.220978458991222,181.88718145688983 131.01216925643575,31.22097673477001,181.78391870045087 131.0121716698125,31.22097501080817,181.67969694607112 131.01217408305126,31.220973287106112,181.57451660054133 131.012176496154,31.22097156366412,181.46837806369143 131.01217890912247,31.22096984048251,181.3612817114932 131.01218132195837,31.220968117561448,181.2532279228953 131.01218373466307,31.22096639490112,181.14421705199533 131.01218614723814,31.2209646725016,181.03424944990536 131.01218855968472,31.220962950362928,180.92332544487263 131.01219097200396,31.220961228485063,180.8114453561957 131.01219338419688,31.22095950686795,180.6986094942235 131.0121957962643,31.220957785511416,180.5848181474353 131.0121982082069,31.220956064415297,180.4700715953616 131.01220062002534,31.22095434357933,180.35437009864376 131.0122030317199,31.220952623003207,180.2377139119569 131.01220544329095,31.220950902686585,180.12010326512308 131.01220785473862,31.220949182629045,180.00153837901658 131.01221026606282,31.22094746283013,179.8820194586041 131.01221267726342,31.220945743289352,179.7615466919525 131.01221508834004,31.220944024006126,179.64012025718608 131.01221749929223,31.22094230497987,179.51774030956437 131.0122199101193,31.22094058620993,179.39440699341048 131.01222232082054,31.220938867695622,179.270120438135 131.01222473139495,31.2209371494362,179.1448807572419 131.01222714184135,31.22093543143089,179.01868804435213 131.0122295521586,31.22093371367888,178.8915423861268 131.01223196234517,31.22093199617932,178.76344384636226 131.01223437239952,31.22093027893132,178.6343924759302 131.0122367823199,31.22092856193395,178.50438830979488 131.01223919210435,31.220926845186256,178.3734313699969 131.01224160175096,31.220925128687263,178.2415216606817 131.0122440112574,31.220923412435937,178.10865917306987 131.01224642062135,31.22092169643124,177.97484387949308 131.01224882984027,31.22091998067211,177.84007574035277 131.0122512389115,31.220918265157447,177.7043547011367 131.0122536478322,31.220916549886137,177.56768069142572 131.01225605659948,31.22091483485704,177.43005362986392 131.01225846521012,31.22091312006902,177.29147341421816 131.01226087366092,31.220911405520887,177.15193993827572 131.01226328194844,31.22090969121148,177.01145307196515 131.01226569006914,31.2209079771396,176.870012675272 131.01226809801935,31.22090626330404,176.72761860221303 131.01227050579527,31.2209045497036,176.5842706829467 131.01227291339293,31.22090283633706,176.43996873868107 131.01227532080827,31.220901123203216,176.29471258167578 131.01227772803708,31.22089941030082,176.14850200828107 131.01228013507503,31.22089769762866,176.00133680490464 131.01228254191776,31.22089598518552,175.8532167470154 131.01228494856065,31.22089427297018,175.70414159815073 131.0122873549991,31.220892560981447,175.55411111090956 131.0122897612283,31.220890849218105,175.4031250329159 131.0122921672434,31.220889137679,175.25118309191112 131.01229457303947,31.220887426362943,175.09828502059966 131.01229697861146,31.220885715268786,174.9444305298153 131.0122993839542,31.220884004395376,174.78961932939194 131.01230178906246,31.220882293741635,174.63385112319543 131.012304193931,31.220880583306435,174.4771256031576 131.01230659855443,31.22087887308873,174.31944245524187 131.0123090029273,31.22087716308745,174.16080136242442 131.01231140704417,31.220875453301623,174.00120199872978 131.01231381089943,31.220873743730248,173.84064403519525 131.01231621448753,31.22087203437236,173.6791271378819 131.01231861780286,31.220870325227047,173.51665096688197 131.01232102083966,31.220868616293448,173.35321518228133 131.0123234235923,31.22086690757069,173.18881944217182 131.01232582605508,31.220865199058,173.02346339668682 131.0123282282222,31.22086349075457,172.85714670092426 131.01233063008794,31.22086178265972,172.6898690040108 131.0123330316466,31.220860074772737,172.52162995705538 131.01233543289234,31.220858367093005,172.3524292131476 131.01233783381943,31.22085665961992,172.1822664213948 131.01234023442225,31.22085495235295,172.01114123686116 131.012342634695,31.2208532452916,171.8390533146033 131.0123450346321,31.22085153843541,171.66600231166015 131.01234743422785,31.220849831784008,171.49198788903777 131.01234983347672,31.22084812533704,171.31700971568765 131.0123522323731,31.22084641909424,171.1410674565778 131.01235463091163,31.220844713055325,170.96416078859625 131.01235702908684,31.220843007220143,170.78628939259912 131.01235942689345,31.220841301588568,170.6074529573874 131.0123618243261,31.220839596160538,170.42765117175347 131.01236422137973,31.22083789093603,170.24688373839803 131.01236661804927,31.22083618591508,170.0651503699532 131.01236901432972,31.2208344810978,169.88245078301873 131.01237141021625,31.220832776484343,169.69878470313267 131.01237380570407,31.220831072074915,169.51415187371543 131.01237620078862,31.220829367869783,169.32855203420422 131.01237859546535,31.220827663869297,169.1419849508646 131.01238098973,31.220825960073817,168.95445038995345 131.01238338357825,31.2208242564838,168.76594813262972 131.01238577700607,31.220822553099737,168.5764779799216 131.0123881700096,31.220820849922177,168.38603973384414 131.01239056258495,31.220819146951744,168.1946332172764 131.01239295472865,31.22081744418909,168.00225826899248 131.01239534643727,31.22081574163496,167.80891473570952 131.0123977377076,31.2208140392901,167.6146024830208 131.0124001285365,31.22081233715537,167.41932139241496 131.0124025189212,31.22081063523164,167.22307135729935 131.01240490885894,31.220808933519816,167.0258522959209 131.01240729834728,31.22080723202092,166.82766413148846 131.012409687384,31.220805530735955,166.6285068100628 131.01241207596695,31.220803829666007,166.4283802995625 131.01241446409432,31.2208021288122,166.22728457684403 131.01241685176447,31.220800428175696,166.02521964062154 131.012419238976,31.220798727757728,165.82218550749155 131.01242162572768,31.220797027559527,165.61818221193383 131.01242401201847,31.220795327582422,165.4132098082979 131.0124263978478,31.22079362782772,165.2072683717972 131.012428783215,31.220791928296805,165.00035798558943 131.01243116811986,31.22079022899109,164.79247876761124 131.0124335525623,31.220788529912,164.58363084473652 131.01243593654252,31.220786831061023,164.37381436470335 131.0124383200609,31.220785132439666,164.16302949512078 131.0124407031182,31.22078343404944,163.95127642744387 131.01244308571523,31.220781735891883,163.73855536604148 131.0124454678532,31.22078003796861,163.52486653813386 131.01244784953343,31.220778340281186,163.3102101937949 131.01245023075757,31.220776642831247,163.09458659203503 131.0124526115275,31.220774945620423,162.8779960206819 131.0124549918452,31.220773248650367,162.66043878445177 131.01245737171314,31.220771551922727,162.4419152069379 131.0124597511338,31.22076985543917,162.22242563160466 131.01246213010998,31.22076815920138,162.0019704168182 131.01246450864474,31.22076646321104,161.78054994180985 131.01246688674124,31.22076476746982,161.55816460766948 131.01246926440302,31.22076307197941,161.3348148274075 131.0124716416337,31.22076137674149,161.1105010358933 131.0124740184373,31.22075968175773,160.8852236838924 131.01247639481778,31.22075798702981,160.65898323707216 131.01247877077952,31.220756292559365,160.43178018395318 131.01248114632705,31.220754598348048,160.20361502497664 131.01248352146504,31.2207529043975,159.9744882725043 131.0124858961984,31.22075121070933,159.7444004637397 131.0124882705322,31.220749517285142,159.51335214283705 131.01249064447168,31.2207478241265,159.28134387680467 131.01249301802227,31.22074613123496,159.04837623165068 131.01249539118956,31.22074443861204,158.8144498031948 131.01249776397927,31.220742746259244,158.57956519023278 131.01250013639728,31.22074105417802,158.3437230084509 131.0125025084496,31.220739362369816,158.10692388048673 131.01250488014236,31.22073767083604,157.869168443882 131.01250725148182,31.220735979578023,157.63045734611077 131.01250962247437,31.22073428859712,157.39079124358824 131.01251199312648,31.2207325978946,157.1501707976923 131.01251436344467,31.22073090747172,156.90859668271827 131.01251673343566,31.22072921732965,156.66606958488185 131.01251910310614,31.220727527469585,156.42259018542487 131.01252147246282,31.220725837892605,156.17815918148645 131.01252384151255,31.22072414859976,155.93277727218893 131.01252621026222,31.220722459592064,155.68644515863724 131.0125285787187,31.22072077087049,155.43916354888964 131.01253094688892,31.22071908243592,155.19093315398135 131.01253331477974,31.22071739428922,154.9417546849423 131.01253568239807,31.22071570643119,154.69162885379308 131.01253804975084,31.22071401886257,154.44055637751853 131.01254041684487,31.220712331584046,154.188537966142 131.01254278368697,31.22071064459624,153.93557433564663 131.01254515028387,31.220708957899728,153.6816661910775 131.0125475166423,31.220707271495005,153.4268142494032 131.01254988276884,31.22070558538256,153.1710192037339 131.01255224867003,31.220703899562743,152.9142817591032 131.01255461435233,31.220702214035928,152.65660260861347 131.01255697982197,31.22070052880237,152.39798244138802 131.01255934508518,31.22069884386231,152.13842193660642 131.012561710148,31.22069715921589,151.87792176648793 131.0125640750163,31.22069547486321,151.61648259728395 131.01256643969583,31.220693790804315,151.35410508530376 131.0125688041921,31.22069210703918,151.09078987393124 131.0125711685106,31.22069042356773,150.82653759660843 131.0125735326564,31.220688740389846,150.5613488768338 131.01257589663456,31.220687057505344,150.29522432418827 131.01257826044977,31.220685374913955,150.0281645383098 131.0125806241066,31.22068369261541,149.76017009796024 131.01258298760936,31.220682010609348,149.4912415739472 131.01258535096207,31.220680328895355,149.22137952415372 131.01258771416855,31.220678647473004,148.95058447564776 131.01259007723232,31.220676966341784,148.6788569584762 131.01259244015665,31.220675285501137,148.40619747385836 131.01259480294445,31.220673604950463,148.13260650710734 131.0125971655985,31.22067192468916,147.8580845296185 131.0125995281211,31.22067024471651,147.5826319889293 131.01260189051436,31.22066856503181,147.30624931567772 131.01260425278008,31.22066688563431,147.02893692161302 131.0126066149197,31.2206652065232,146.75069519562103 131.0126089769343,31.22066352769764,146.471524508694 131.0126113388247,31.220661849156787,146.19142521293583 131.01261370059137,31.22066017089975,145.91039763361107 131.01261606223443,31.220658492925608,145.62844207908375 131.01261842375368,31.22065681523343,145.34555883386057 131.01262078514858,31.22065513782224,145.06174816554807 131.01262314641815,31.22065346069106,144.77701030795458 131.01262550756115,31.22065178383889,144.491345486935 131.01262786857603,31.220650107264728,144.20475389852157 131.01263022946077,31.22064843096753,143.9172357138945 131.01263259021312,31.220646754946284,143.62879108832811 131.01263495083035,31.22064507919995,143.3394201502561 131.0126373113095,31.220643403727475,143.04912301121237 131.01263967164724,31.220641728527845,142.75789974992554 131.0126420318398,31.220640053600007,142.46575043518234 131.01264439188324,31.220638378942933,142.17267510296443 131.01264675177308,31.2206367045556,141.87867377931147 131.01264911150463,31.22063503043701,141.5837464614338 131.01265147107296,31.220633356586177,141.28789312268276 131.01265383047263,31.22063168300212,140.99111372447908 131.01265618969796,31.22063000968389,140.69340819941388 131.012658548743,31.220628336630565,140.3947764661592 131.01266090760151,31.220626663841216,140.09521842350367 131.01266326626683,31.220624991315,139.79473394637648 131.01266562473222,31.220623319051064,139.493322897775 131.0126679829905,31.22062164704862,139.1909851178307 131.0126703410343,31.22061997530689,138.88772043076736 131.01267269885602,31.22061830382515,138.5835286478826 131.01267505644776,31.22061663260273,138.2784095615836 131.01267741380144,31.220614961638983,137.97236294936334 131.01267977090876,31.220613290933336,137.6653885738002 131.01268212776125,31.22061162048524,137.35748618752805 131.01268448435016,31.2206099502942,137.0486555272716 131.01268684066665,31.220608280359805,136.73889631981083 131.01268919670173,31.22060661068169,136.4282082760163 131.01269155244623,31.220604941259538,136.1165911067538 131.01269390789085,31.220603272093072,135.80404450797295 131.0126962630262,31.22060160318213,135.49056816567852 131.0126986178429,31.220599934526568,135.17616176089868 131.01270097233123,31.220598266126327,134.86082497266867 131.01270332648167,31.22059659798144,134.54455746908306 131.01270568028457,31.22059493009193,134.2273589192244 131.01270803373026,31.22059326245797,133.90922898521055 131.012710386809,31.22059159507977,133.5901673281597 131.0127127395112,31.22058992795761,133.2701736131588 131.01271509182715,31.22058826109184,132.94924750230615 131.01271744374736,31.22058659448287,132.6273886586876 131.01271979526229,31.220584928131217,132.30459674637527 131.01272214636248,31.22058326203744,131.980871439375 131.01272449703868,31.22058159620216,131.6562124106908 131.01272684728164,31.22057993062609,131.33061934524764 131.01272919708236,31.22057826531002,131.00409192796275 131.01273154643195,31.22057660025479,130.67662985766248 131.0127338953218,31.220574935461325,130.3482328401229 131.0127362437433,31.2205732709306,130.01890059403448 131.0127385916882,31.22057160666366,129.68863284503843 131.01274093914853,31.22056994266164,129.35742933367715 131.01274328611646,31.220568278925708,129.02528981837844 131.0127456325845,31.22056661545712,128.69221406451885 131.01274797854546,31.220564952257146,128.35820185834106 131.0127503239924,31.2205632893272,128.0232529980088 131.0127526689187,31.22056162666868,127.68736730752036 131.01275501331813,31.22055996428303,127.35054462080645 131.01275735718477,31.22055830217182,127.01278479266384 131.01275970051307,31.2205566403366,126.6740877027305 131.01276204329793,31.22055497877899,126.33445324852904 131.01276438553455,31.22055331750068,125.993881343477 131.01276672721855,31.22055165650333,125.65237193676847 131.01276906834596,31.22054999578872,125.3099249865348 131.01277140891332,31.220548335358604,124.96654048270784 131.01277374891745,31.22054667521481,124.62221843906698 131.01277608835585,31.22054501535916,124.27695889125124 131.01277842722618,31.22054335579352,123.93076190173032 131.0127807655268,31.22054169651976,123.58362755880972 131.01278310325645,31.220540037539767,123.23555597663064 131.01278544041432,31.22053837885547,122.88654729517104 131.0127877770001,31.22053672046877,122.53660168322725 131.01279011301395,31.2205350623816,122.18571933344307 131.0127924484566,31.220533404595887,121.83390046827591 131.01279478332907,31.22053174711353,121.48114533601871 131.01279711763308,31.22053008993645,121.1274542157719 131.01279945137068,31.22052843306655,120.77282740551397 131.01280178454448,31.22052677650572,120.41726523999483 131.01280411715751,31.220525120255832,120.0607680748314 131.01280644921337,31.220523464318703,119.70333629445923 131.01280878071603,31.22052180869617,119.3449703111395 131.01281111166995,31.220520153390023,118.985670561977 131.01281344208007,31.220518498402,118.62543750991368 131.0128157719518,31.22051684373381,118.26427164671124 131.0128181012909,31.220515189387143,117.9021734820176 131.0128204301036,31.2205135353636,117.53914355927016 131.01282275839657,31.22051188166477,117.17518243780508 131.0128250861769,31.22051022829216,116.81029070478412 131.01282741345193,31.22050857524724,116.4444689702262 131.0128297402295,31.220506922531406,116.0777178650183 131.01283206651783,31.220505270146,115.71003803992268 131.01283439232543,31.2205036180923,115.34143016358811 131.01283671766103,31.220501966371504,114.97189493348472 131.01283904253378,31.22050031498476,114.60143305403597 131.01284136695313,31.220498663933096,114.23004525351644 131.01284369092866,31.220497013217525,113.85773227510694 131.01284601447034,31.22049536283893,113.4844948778874 131.01284833758822,31.22049371279816,113.11033382987966 131.0128506602927,31.220492063095925,112.73524991997608 131.0128529825942,31.22049041373289,112.35924394501698 131.01285530450332,31.22048876470964,111.98231670581455 131.0128576260308,31.220487116026657,111.60446902604085 131.01285994718756,31.22048546768433,111.22570172339888 131.0128622679844,31.220483819682983,110.8460156314935 131.01286458843228,31.220482172022823,110.46541158492008 131.01286690854215,31.220480524703987,110.08389042423516 131.01286922832497,31.220478877726546,109.70145298502216 131.01287154779166,31.22047723109042,109.31810011379612 131.012873866953,31.22047558479549,108.93383265110506 131.0128761858197,31.22047393884155,108.5486514384886 131.01287850440244,31.22047229322828,108.16255730953176 131.01288082271162,31.22047064795531,107.77555109980555 131.0128831407575,31.22046900302213,107.38763363195602 131.0128854585502,31.220467358428223,106.99880572564564 131.0128877760995,31.220465714172946,106.60906818860616 131.01289009341497,31.220464070255577,106.21842182061584 131.0128924105059,31.220462426675336,105.82686741151008 131.01289472738128,31.22046078343136,105.43440573223668 131.01289704404968,31.22045914052272,105.04103754280736 131.0128993605194,31.22045749794841,104.64676358931553 131.01290167679832,31.22045585570739,104.25158459697909 131.0129039928938,31.220454213798515,103.85550127610344 131.01290630881297,31.220452572220616,103.45851431611833 131.01290862456233,31.22045093097248,103.0606243885594 131.01291094014803,31.2204492900528,102.66183214010988 131.01291325557554,31.22044764946028,102.2621381955834 131.01291557085003,31.22044600919352,101.86154315792304 131.01291788597604,31.220444369251137,101.46004760522 131.01292020095747,31.22044272963172,101.05765208474892 131.0129225157978,31.220441090333765,100.65435712887232 131.01292483049983,31.220439451355816,100.25016323217844 131.01292714506587,31.2204378126964,99.84507086539648 131.01292945949754,31.220436174353967,99.43908047539792 131.01293177379583,31.22043453632701,99.03219247227278 131.0129340879612,31.220432898614025,98.62440724424094 131.01293640199347,31.22043126121349,98.21572513975852 131.01293871589172,31.22042962412389,97.80614649038192 131.01294102965448,31.22042798734375,97.39567158889724 131.01294334327972,31.220426350871588,96.9843006982679 131.0129456567646,31.22042471470596,96.57203405163392 131.0129479701058,31.22042307884544,96.15887185330578 131.0129502832993,31.220421443288647,95.7448142718061 131.01295259634043,31.22041980803424,95.3298614537863 131.01295490922396,31.22041817308093,94.91401350911518 131.01295722194405,31.22041653842745,94.49727051883175 131.0129595344942,31.220414904072623,94.07963253315684 131.01296184686743,31.22041327001532,93.6610995814332 131.01296415905608,31.220411636254447,93.24167165721464 131.01296647105198,31.22041000278903,92.82134872224216 131.01296878284643,31.22040836961813,92.4001307223486 131.0129710944302,31.220406736740934,91.97801757055964 131.0129734057936,31.220405104156622,91.55500915504544 131.01297571692635,31.220403471864536,91.13110534110936 131.0129780278179,31.22040183986409,90.70630596721136 131.01298033845703,31.22040020815477,90.28061085689608 131.01298264883243,31.220398576736184,89.85401980288773 131.0129849589321,31.22039694560801,89.42653258896003 131.01298726874387,31.220395314770048,88.99814897104795 131.0129895782553,31.220393684222195,88.5688686951408 131.01299188745347,31.220392053964456,88.13869148336575 131.01299419632545,31.22039042399693,87.7076170508857 131.01299650485788,31.22038879431984,87.2756450999357 131.01299881303737,31.220387164933506,86.84277531684003 131.01300112085036,31.220385535838364,86.40900738095868 131.01300342828313,31.220383907034936,85.97434096568124 131.01300573532188,31.22038227852391,85.53877573743314 131.0130080419529,31.22038065030604,85.10231135567427 131.01301034816228,31.220379022382183,84.66494747588257 131.01301265393633,31.220377394753324,84.22668376247564 131.01301495926137,31.22037576742057,83.78751986892966 131.0130172641238,31.220374140385093,83.34745545865462 131.0130195685103,31.2203725136482,82.90649019306566 131.0130218724076,31.22037088721129,82.46462375046964 131.0130241758027,31.220369261075845,82.02185580717824 131.013026478683,31.220367635243463,81.57818605142496 131.013028781036,31.22036600971585,81.13361418336446 131.01303108284972,31.22036438449473,80.68813992004331 131.0130333841125,31.220362759581995,80.24176298943532 131.01303568481308,31.22036113497957,79.7944831354121 131.01303798494067,31.22035951068945,79.34630012072462 131.01304028448493,31.22035788671373,78.89721372998659 131.0130425834361,31.22035626305457,78.44722376669067 131.0130448817849,31.22035463971414,77.99633005917423 131.01304717952272,31.220353016694727,77.54453245564842 131.01304947664147,31.220351393998616,77.09183083612719 131.01305177313372,31.220349771628168,76.63822510149235 131.01305406899272,31.22034814958579,76.18371518144656 131.0130563642124,31.22034652787384,75.72830103948355 131.01305865878732,31.220344906494805,75.27198266195353 131.01306095271283,31.22034328545113,74.81476007297388 131.01306324598505,31.220341664745245,74.35663332349539 131.0130655386008,31.220340044379647,73.89760249925403 131.01306783055765,31.22033842435677,73.43766772077174 131.01307012185393,31.22033680467907,72.97682913838578 131.01307241248892,31.220335185348976,72.51508694119589 131.01307470246246,31.220333566368875,72.05244135010551 131.01307699177536,31.22033194774114,71.58889262378668 131.0130792804291,31.220330329468087,71.12444105172177 131.01308156842614,31.220328711552,70.65908696513833 131.0130838557695,31.22032709399509,70.1928307240863 131.01308614246312,31.22032547679952,69.72567272737894 131.0130884285117,31.220323859967383,69.25761340861673 131.01309071392075,31.22032224350069,68.78865323519386 131.0130929986964,31.220320627401392,68.31879270630957 131.01309528284563,31.220319011671307,67.84803235992737 131.01309756637613,31.220317396312208,67.37637276184067 131.0130998492962,31.22031578132573,66.90381451163668 131.0131021316149,31.22031416671345,66.43035824070931 131.01310441334186,31.22031255247681,65.95600460927648 131.0131066944874,31.220310938617114,65.48075430836886 131.01310897506235,31.2203093251356,65.00460805287132 131.0131112550782,31.220307712033325,64.52756659047033 131.01311353454685,31.220306099311287,64.04963068972461 131.01311581348068,31.22030448697029,63.570801139071335 131.01311809189264,31.22030287501105,63.09107875974997 131.01312036979587,31.22030126343413,62.610464381943736 131.01312264720414,31.22029965224,62.12895886565625 131.0131249241313,31.220298041428887,61.64656307884099 131.01312720059147,31.220296431001003,61.16327790833744 131.01312947659926,31.220294820956347,60.67910425291183 131.01313175216913,31.220293211294816,60.19404302922238 131.01313402731583,31.220291602016136,59.708095153925306 131.01313630205422,31.220289993119927,59.22126155560468 131.0131385763991,31.22028838460564,58.73354317178985 131.01314085036523,31.22028677647264,58.24494094000889 131.01314312396738,31.220285168720103,57.75545579381231 131.0131453972202,31.220283561347127,57.265088674702206 131.01314767013804,31.220281954352647,56.773840518215344 131.01314994273514,31.220280347735503,56.28171225193488 131.0131522150254,31.220278741494383,55.78870479946634 131.01315448702246,31.22027713562792,55.294819075468205 131.01315675873943,31.220275530134582,54.80005597769824 131.0131590301892,31.220273925012755,54.30441639993723 131.01316130138403,31.220272320260754,53.8079012121072 131.01316357233569,31.220270715876744,53.31051127219999 131.0131658430554,31.22026911185888,52.81224741335459 131.01316811355383,31.22026750820517,52.313110454792 131.0131703838408,31.220265904913617,51.81310118491523 131.01317265392575,31.220264301982112,51.31222037820936 131.01317492381708,31.220262699408508,50.8104687674062 131.0131771935226,31.220261097190622,50.30784707231388 131.01317946304934,31.220259495326232,49.80435597496325 131.01318173240335,31.22025789381308,49.2999961265672 131.01318400159002,31.220256292648884,48.794768151496704 131.01318627061363,31.22025469183136,48.28867263733967 131.01318853947782,31.220253091358195,47.78171013788313 131.0131908081851,31.22025149122713,47.27388116913654 131.0131930767371,31.22024989143588,46.76518621827899 131.0131953451346,31.2202482919822,46.255625725764446 131.01319761337723,31.22024669286388,45.74520010520422 131.01319988146383,31.220245094078745,45.23390972050224 131.01320214939213,31.220243495624665,44.72175490971331 131.013204417159,31.220241897499584,44.20873596416651 131.01320668476026,31.220240299701512,43.69485314138893 131.0132089521909,31.22023870222852,43.18010665416959 131.0132112194447,31.220237105078752,42.66449668845367 131.0132134865148,31.2202355082505,42.148023379483405 131.01321575339333,31.22023391174212,41.63068683565666 131.01321802007143,31.22023231555203,41.112487123614926 131.01322028653945,31.220230719678813,40.593424276196 131.01322255278694,31.22022912412117,40.07349829044571 131.01322481880254,31.22022752887795,39.552709129605695 131.0132270845742,31.22022593394805,39.03105672510153 131.0132293500891,31.22022433933057,38.508540977536605 131.01323161533367,31.220222745024728,37.98516175768607 131.01323388029382,31.2202211510299,37.460918904508326 131.01323614495473,31.22021955734557,36.9358122360802 131.01323840930107,31.22021796397143,36.409841543631934 131.01324067331703,31.22021637090728,35.88300659254135 131.0132429369863,31.22021477815308,35.355307133268624 131.01324520029223,31.22021318570897,34.82674288942708 131.01324746321777,31.220211593575232,34.29731357667108 131.0132497257456,31.220210001752285,33.76701888977234 131.0132519878582,31.220208410240705,33.23585851653776 131.01325424953797,31.22020681904124,32.703832128861755 131.01325651076704,31.220205228154764,32.17093940062081 131.01325877152766,31.220203637582337,31.637179988784823 131.01326103180205,31.22020204732509,31.10255355727596 131.01326329157254,31.22020045738437,30.56705976603349 131.0132655508216,31.22019886776161,30.030698280954848 131.013267809532,31.220197278458382,29.49346877091316 131.01327006768676,31.22019568947637,28.955370910739656 131.0132723252692,31.220194100817395,28.416404386194543 131.0132745822631,31.22019251248337,27.87656889993153 131.01327683865284,31.22019092447632,27.335864164539142 131.01327909442315,31.22018933679832,26.79428991447014 131.01328134955943,31.22018774945156,26.251845901071263 131.01328360404773,31.220186162438303,25.70853189854781 131.01328585787488,31.22018457576086,25.164347703963845 131.01328811102834,31.220182989421566,24.619293144201425 131.01329036349648,31.220181403422835,24.073368072978152 131.01329261526848,31.22017981776708,23.52657237382968 131.01329486633435,31.22017823245673,22.978905962098345 131.0132971166853,31.22017664749424,22.430368791892228 131.01329936631305,31.220175062881985,21.880960845149737 131.01330161521076,31.220173478622403,21.330682145557944 131.0133038633724,31.2201718947178,20.77953275755848 131.01330611079302,31.22017031117049,20.227512776406428 131.0133083574688,31.220168727982703,19.67462234606518 131.01331060339686,31.22016714515657,19.120861647276804 131.01331284857565,31.22016556269413,18.56623090949225 131.0133150930045,31.220163980597327,18.010730396953335 131.01331733668397,31.22016239886793,17.45436041962876 131.01331957961563,31.22016081750764,16.89712132923776 131.01332182180224,31.220159236517887,16.339013528197725 131.01332406324752,31.22015765590003,15.780037453718029 131.01332630395635,31.220156075655176,15.220193589730169 131.01332854393465,31.22015449578423,14.659482462911384 131.0133307831892,31.22015291628788,14.097904638708387 131.0133330217278,31.220151337166552,13.53546073028494 131.01333525955923,31.22014975842044,12.972151385598176 131.01333749669314,31.220148180049424,12.407977293363752 131.01333973313993,31.22014660205307,11.842939185044488 131.01334196891082,31.22014502443068,11.277037820932335 131.01334420401773,31.220143447181133,10.710274001084375 131.0133464384732,31.22014187030297,10.142648563334856 131.01334867229028,31.220140293794337,9.574162369376994 131.01335090548264,31.220138717652905,9.00481631868162 131.01335313806413,31.22013714187592,8.434611337561504 131.01335537004903,31.22013556646006,7.86354837718324 131.0133576014518,31.22013399140148,7.291628414561627 131.01335983228685,31.220132416695684,6.718852455542359 131.01336206256866,31.22013084233747,6.145221515912932 131.0133642923385,31.22012926835744,5.570736212800028 131.0133665216112,31.220127694749948,4.995397591815387 131.0133687504133,31.22012612152504,4.419206516638082 131.01337097876967,31.220124548690126,3.8421638946903767 131.01337320670504,31.220122976252608,3.2642706244467576 131.01337543424413,31.22012140421971,2.685527608358224 131.01337766141134,31.22011983259856,2.1059357429105665 131.0133798882308,31.220118261396088,1.5254959196185056 131.01338211472623,31.220116690619022,0.9442090200548038 131.0133843409207,31.220115120273885,0.3620759168443958</coordinates>
            </LineString>
        </Placemark>
        <Placemark id="377">
            <name>flight_path</name>
            <styleUrl>#378</styleUrl>
            <LineString id="376">
                <altitudeMode>clampToGround</altitudeMode>
                <coordinates>131.010392,31.222216000000007,0.0 131.0103920000045,31.222215999991075,0.0 131.0103920000085,31.222215999994766,0.0 131.0103920000085,31.222215999994766,0.0 131.01039200000852,31.222215999994766,0.0 131.01039201539675,31.22221599246117,0.0 131.0103920617776,31.22221596990869,0.0 131.01039213193175,31.22221593580231,0.0 131.01039220552698,31.222215900001803,0.0 131.0103923261533,31.222215841380503,0.0 131.01039241011944,31.222215800500727,0.0 131.01039255023213,31.22221573238213,0.0 131.0103926908424,31.222215663995925,0.0 131.01039284206664,31.22221559043897,0.0 131.01039301222698,31.2222155076778,0.0 131.01039319835945,31.22221541714896,0.0 131.01039339622227,31.222215320908244,0.0 131.0103936086097,31.222215217601374,0.0 131.01039382835415,31.2222151107022,0.0 131.0103940692252,31.222214993537087,0.0 131.0103943154942,31.22221487372917,0.0 131.0103945800907,31.22221474501192,0.0 131.01039485370347,31.222214611898128,0.0 131.01039513986652,31.222214472675024,0.0 131.01039544418495,31.22221432462593,0.0 131.01039575462735,31.22221417358214,0.0 131.01039608061367,31.222214014978025,0.0 131.01039641907315,31.22221385030192,0.0 131.01039677261693,31.22221367828824,0.0 131.01039713608534,31.22221350143773,0.0 131.010397517966,31.22221331563664,0.0 131.01039790540767,31.22221312711366,0.0 131.01039830590005,31.22221293223868,0.0 131.01039871921526,31.222212731122088,0.0 131.01039914602634,31.222212523437697,0.0 131.0103995843797,31.222212310132328,0.0 131.01040002919007,31.222212093670787,0.0 131.010400488852,31.222211869984235,0.0 131.01040096154043,31.222211639957216,0.0 131.01040144391652,31.222211405208075,0.0 131.01040193996343,31.222211163806087,0.0 131.01040244347448,31.22221091875968,0.0 131.01040295825328,31.222210668225145,0.0 131.01040348638034,31.22221041119396,0.0 131.01040402793237,31.222210147628825,0.0 131.0104045774418,31.22220988018005,0.0 131.0104051377902,31.2222096074508,0.0 131.01040571307726,31.222209327453587,0.0 131.01040630329675,31.222209040191352,0.0 131.01040689520636,31.22220875208352,0.0 131.01040750096558,31.22220845723537,0.0 131.0104081214021,31.222208155245536,0.0 131.01040875222748,31.222207848192888,0.0 131.01040938861175,31.222207538419,0.0 131.0104100415545,31.222207220590928,0.0 131.01041070492113,31.22220689768276,0.0 131.0104113765162,31.222206570758807,0.0 131.01041206152644,31.222206238330703,0.0 131.01041275567863,31.222205901557665,0.0 131.0104134608317,31.22220555986556,0.0 131.0104141840476,31.22220520981077,0.0 131.01041491185777,31.222204857928,0.0 131.01041565083753,31.222204501016154,0.0 131.01041640453678,31.22220413734012,0.0 131.01041717457267,31.22220376609721,0.0 131.01041794223627,31.222203396433265,0.0 131.01041872428098,31.22220302013621,0.0 131.01041952823695,31.22220263346661,0.0 131.0104203358234,31.222202245416906,0.0 131.01042114974646,31.2222018546578,0.0 131.01042198034335,31.22220145602644,0.0 131.01042282477772,31.2222010508888,0.0 131.01042367545435,31.2222006430352,0.0 131.01042453497632,31.222200231148484,0.0 131.01042540987368,31.22219981187723,0.0 131.0104263004432,31.22219938500428,0.0 131.01042719056804,31.222198958780982,0.0 131.01042809824204,31.222198523914606,0.0 131.01042901610575,31.222198084142807,0.0 131.01042994308327,31.22219764000004,0.0 131.01043087724656,31.22219719247812,0.0 131.01043183007187,31.22219673541448,0.0 131.0104327919136,31.22219627388138,0.0 131.0104337567061,31.2221958111603,0.0 131.01043473904994,31.2221953392572,0.0 131.01043573561634,31.22219485986314,0.0 131.01043673172978,31.22219438109789,0.0 131.0104377430533,31.222193894196536,0.0 131.0104387674153,31.222193400242503,0.0 131.01043979951973,31.22219290219241,0.0 131.01044084012028,31.2221923995848,0.0 131.01044189328752,31.222191889973068,0.0 131.01044295805391,31.222191373818625,0.0 131.01044402731804,31.222190855294983,0.0 131.01044511154802,31.222190328062148,0.0 131.01044620852863,31.22218979330968,0.0 131.01044730870663,31.22218925685623,0.0 131.01044842687543,31.222188709466806,0.0 131.01044955314092,31.22218815718184,0.0 131.01045068227592,31.22218760332363,0.0 131.0104518299278,31.22218703776912,0.0 131.01045298692995,31.22218646626612,0.0 131.01045415232895,31.222185889402137,0.0 131.01045533033368,31.222185304296666,0.0 131.01045651464386,31.222184715078164,0.0 131.0104577063296,31.222184120985407,0.0 131.01045891687727,31.22218351397137,0.0 131.01046012485955,31.22218290880953,0.0 131.01046135203595,31.22218229020836,0.0 131.01046259026725,31.22218166369392,0.0 131.01046383061555,31.2221810356754,0.0 131.01046508182102,31.222180399784047,0.0 131.01046635768995,31.222179745601085,0.0 131.0104676324781,31.222179092092688,0.0 131.01046890773387,31.222178438265296,0.0 131.01047021316845,31.22217776133097,0.0 131.01047151000992,31.22217709082219,0.0 131.01047282095067,31.222176409279086,0.0 131.01047416444317,31.22217570182232,0.0 131.01047548151013,31.2221750151527,0.0 131.01047683101368,31.222174302358663,0.0 131.0104781978794,31.22217357505687,0.0 131.01047954339057,31.22217286502619,0.0 131.01048093037704,31.22217212046461,0.0 131.01048231050623,31.222171381170632,0.0 131.01048369260116,31.22217063998676,0.0 131.01048511075902,31.22216986769621,0.0 131.01048651488867,31.222169106957512,0.0 131.01048792926798,31.222168337056587,0.0 131.01048937457435,31.22216753961847,0.0 131.0104908022421,31.22216675719861,0.0 131.01049225361487,31.2221659533377,0.0 131.0104937176285,31.22216513755836,0.0 131.01049517006783,31.22216433172008,0.0 131.01049666107738,31.22216349028923,0.0 131.01049813800356,31.222162661077345,0.0 131.01049962531297,31.222161821805454,0.0 131.01050114700115,31.222160949934366,0.0 131.01050264747747,31.222160097169485,0.0 131.01050416932333,31.22215922377769,0.0 131.01050571406913,31.22215832797276,0.0 131.01050724061983,31.222157448754977,0.0 131.01050880118683,31.22215653637332,0.0 131.0105103549029,31.22215562977936,0.0 131.01051191388504,31.222154717424576,0.0 131.01051351130752,31.222153766990687,0.0 131.01051508552433,31.22215283832537,0.0 131.0105166780248,31.222151891097223,0.0 131.0105183037638,31.22215091038893,0.0 131.0105198977384,31.22214996013731,0.0 131.01052153508144,31.222148966298423,0.0 131.01052317054533,31.22214797342984,0.0 131.01052479978506,31.222146985958528,0.0 131.01052647273391,31.22214595413787,0.0 131.01052812355618,31.222144943519456,0.0 131.010529794898,31.22214391160365,0.0 131.0105314863416,31.22214285871029,0.0 131.01053316096738,31.222141821839926,0.0 131.01053487336318,31.2221407462672,0.0 131.01053657464973,31.22213968100485,0.0 131.01053828169452,31.222138609158183,0.0 131.0105400245812,31.22213750050072,0.0 131.01054174636548,31.222136412229368,0.0 131.01054348942912,31.2221353018098,0.0 131.01054524792912,31.222134175128645,0.0 131.01054699467412,31.2221330594636,0.0 131.0105487841607,31.222131900262816,0.0 131.0105505512423,31.222130762738416,0.0 131.0105523345809,31.22212960824825,0.0 131.0105541560342,31.222128415121578,0.0 131.01055594092364,31.22212725767447,0.0 131.01055777280772,31.222126052933923,0.0 131.01055959127,31.222124860875216,0.0 131.01056141867815,31.22212365935197,0.0 131.01056327785395,31.222122426035348,0.0 131.01056511425907,31.222121214503435,0.0 131.01056698877497,31.22211996518729,0.0 131.01056885620164,31.22211872232479,0.0 131.01057072554283,31.222117477093715,0.0 131.01057263318702,31.22211619446521,0.0 131.0105745136142,31.222114937646968,0.0 131.01057643167175,31.22211364437328,0.0 131.01057834355532,31.222112356712163,0.0 131.01058026088506,31.222111063540307,0.0 131.01058221337877,31.222109736940155,0.0 131.0105841378913,31.22210843644112,0.0 131.0105861070464,31.22210709395629,0.0 131.01058805837692,31.222105767975577,0.0 131.01059002483467,31.222104427807,0.0 131.01059201891005,31.222103062201764,0.0 131.01059398821852,31.22210171925576,0.0 131.01059600088598,31.222100336772616,0.0 131.01059799769214,31.222098968779704,0.0 131.0106000078689,31.22209758874944,0.0 131.01060204802283,31.22209618204792,0.0 131.0106040600312,31.222094800599187,0.0 131.0106061191285,31.222093377567905,0.0 131.01060816170371,31.222091969426664,0.0 131.01061021634618,31.222090550906504,0.0 131.01061229121026,31.222089115099543,0.0 131.01061434972098,31.22208769381576,0.0 131.0106164512848,31.22208623576832,0.0 131.01061853123764,31.222084796748888,0.0 131.01062063284544,31.22208333962028,0.0 131.01062274524966,31.22208187384683,0.0 131.0106248448574,31.22208041937697,0.0 131.01062699440646,31.22207892344416,0.0 131.01062910882897,31.22207745756592,0.0 131.01063126051645,31.222075961133623,0.0 131.01063340836228,31.22207446857364,0.0 131.01063555474704,31.22207297782852,0.0 131.01063773719548,31.222071458051232,0.0 131.0106398936374,31.22206996034739,0.0 131.01064208941892,31.22206843112225,0.0 131.01064427130453,31.22206691400189,0.0 131.01064646338008,31.22206538929297,0.0 131.0106486787435,31.222063846456138,0.0 131.01065087223512,31.222062322095496,0.0 131.01065311349143,31.22206075989724,0.0 131.01065532893685,31.222059219333488,0.0 131.01065757487285,31.22205765496734,0.0 131.01065981383172,31.22205609701584,0.0 131.01066205389847,31.222054538945464,0.0 131.01066432262144,31.22205295862708,0.0 131.01066656988291,31.222051396337303,0.0 131.0106688649511,31.22204979639048,0.0 131.01067113412594,31.222048218028785,0.0 131.01067342347628,31.22204662418592,0.0 131.01067572580794,31.2220450206187,0.0 131.0106780100033,31.22204343240796,0.0 131.010680331282,31.22204181494109,0.0 131.01068264670815,31.22204020287088,0.0 131.01068495197987,31.22203859972397,0.0 131.0106872802377,31.22203697853225,0.0 131.01068962350388,31.22203534566877,0.0 131.01069195813156,31.222033720442568,0.0 131.0106942936197,31.22203209510093,0.0 131.0106966475402,31.22203045509947,0.0 131.01069900529245,31.222028812383368,0.0 131.01070136214906,31.2220271708682,0.0 131.0107037218397,31.222025527433065,0.0 131.010706092847,31.222023874904167,0.0 131.01070846567583,31.222022221166668,0.0 131.01071083995777,31.22202056651375,0.0 131.01071321911596,31.22201890799609,0.0 131.01071560229252,31.22201724627156,0.0 131.01071798764025,31.222015582867336,0.0 131.01072037533527,31.22201391758716,0.0 131.01072276795423,31.22201224814108,0.0 131.0107251644835,31.2220105753356,0.0 131.01072756436434,31.222008899601303,0.0 131.01072996567785,31.22200722257528,0.0 131.01073236835583,31.22200554427756,0.0 131.01073477791957,31.22200385974005,0.0 131.01073718795263,31.222002174608047,0.0 131.010739601997,31.222000485673608,0.0 131.01074201877495,31.22199879402225,0.0 131.01074443957705,31.2219970984302,0.0 131.01074686077902,31.22199540214571,0.0 131.01074928587718,31.221993701933886,0.0 131.0107517143337,31.22199199822303,0.0 131.01075414378104,31.22199029315512,0.0 131.0107565776494,31.221988583509663,0.0 131.01075901591298,31.2219868692466,0.0 131.01076145327545,31.22198515528389,0.0 131.01076389554808,31.22198343614213,0.0 131.01076633942,31.221981714886272,0.0 131.01076878523472,31.22197999116612,0.0 131.01077123357732,31.221978264394075,0.0 131.01077368533956,31.221976533685467,0.0 131.01077613913023,31.221974800338582,0.0 131.01077859602012,31.22197306330449,0.0 131.01078105439993,31.221971324105983,0.0 131.010783515176,31.22196958185408,0.0 131.01078597681615,31.22196783801145,0.0 131.01078844111188,31.221966090833263,0.0 131.01079090878304,31.221964339604927,0.0 131.01079337791742,31.221962586172573,0.0 131.01079584918733,31.221960829879794,0.0 131.01079832251088,31.221959070802328,0.0 131.01080079532113,31.22195731144195,0.0 131.01080327143546,31.221955548080896,0.0 131.0108057475663,31.221953783928168,0.0 131.01080822768412,31.221952015118493,0.0 131.01081070758227,31.221950245764848,0.0 131.01081319185343,31.221948471399763,0.0 131.01081567580104,31.221946696617536,0.0 131.0108181609384,31.22194491995828,0.0 131.0108206493045,31.2219431394562,0.0 131.01082313890845,31.221941357070914,0.0 131.0108256283465,31.2219395741863,0.0 131.01082812153103,31.2219377870306,0.0 131.01083061503005,31.221935998959268,0.0 131.01083311131725,31.221934207606,0.0 131.0108356082609,31.221932415060383,0.0 131.01083810589313,31.22193062131804,0.0 131.0108406050944,31.22192882556465,0.0 131.01084310589553,31.22192702780727,0.0 131.01084560752503,31.221925228818296,0.0 131.01084811023966,31.221923428386248,0.0 131.01085061311818,31.22192162742144,0.0 131.0108531188805,31.2219198233838,0.0 131.01085562400104,31.22191801964752,0.0 131.01085813175732,31.221916213157176,0.0 131.01086064033504,31.221914405663348,0.0 131.0108631477114,31.221912599088377,0.0 131.01086565769543,31.221910789914247,0.0 131.0108681677799,31.22190898052026,0.0 131.01087067705993,31.2219071717726,0.0 131.01087318884626,31.221905360653743,0.0 131.01087569925016,31.22190355078288,0.0 131.01087821115655,31.2219017395448,0.0 131.01088072566753,31.221899925984022,0.0 131.0108832383306,31.22189811418568,0.0 131.01088575136347,31.221896302159145,0.0 131.0108882648034,31.22189448990977,0.0 131.01089078027044,31.22189267602035,0.0 131.01089329535972,31.22189086268332,0.0 131.01089581042564,31.221889049605075,0.0 131.0108983270464,31.22188723541407,0.0 131.01090084333296,31.221885421819287,0.0 131.01090335921597,31.22188360890325,0.0 131.01090587776756,31.22188179399028,0.0 131.01090839387447,31.22187998160061,0.0 131.01091091418337,31.221878165933283,0.0 131.01091343301078,31.22187635198669,0.0 131.01091595298416,31.22187453748384,0.0 131.01091847344003,31.221872723025644,0.0 131.01092099549788,31.221870907663195,0.0 131.0109235177407,31.22186909264041,0.0 131.0109260400761,31.22186727804923,0.0 131.0109285627552,31.22186546368692,0.0 131.01093108676787,31.221863648718006,0.0 131.0109336095672,31.221861835336,0.0 131.0109361339045,31.221860021193244,0.0 131.0109386582317,31.221858207623065,0.0 131.0109411825558,31.2218563946236,0.0 131.01094370694352,31.221854582141543,0.0 131.0109462334802,31.221852768404684,0.0 131.01094875799072,31.2218509569678,0.0 131.01095128439945,31.221849144489845,0.0 131.0109538124159,31.22184733121768,0.0 131.0109563399141,31.221845518954662,0.0 131.01095886819576,31.22184370658817,0.0 131.0109613973057,31.22184189407315,0.0 131.0109639277217,31.22184008099416,0.0 131.01096645586367,31.221838270389984,0.0 131.01096898514868,31.2218364593396,0.0 131.01097151502665,31.22183464829751,0.0 131.01097404445912,31.2218328381364,0.0 131.0109765758233,31.221831026808367,0.0 131.01097910549407,31.221829217400064,0.0 131.01098163461552,31.221827408918085,0.0 131.01098416731017,31.221825597797512,0.0 131.01098670007636,31.221823787024903,0.0 131.01098923135496,31.221821977931214,0.0 131.01099176440496,31.221820167680168,0.0 131.01099429789264,31.221818357398345,0.0 131.01099683213212,31.221816546789448,0.0 131.01099936727795,31.221814735693144,0.0 131.011001903091,31.22181292429193,0.0 131.0110044379479,31.221811113984472,0.0 131.01100697327269,31.221809303498578,0.0 131.0110095088704,31.221807492976325,0.0 131.01101204352943,31.221805683463224,0.0 131.0110145782248,31.22180387407242,0.0 131.0110171172168,31.221802060978565,0.0 131.01101965286816,31.221800250957155,0.0 131.01102218932496,31.22179844029224,0.0 131.0110247273152,31.221796628291823,0.0 131.01102726470123,31.22179481684913,0.0 131.01102980207975,31.22179300540416,0.0 131.01103233820547,31.221791195061403,0.0 131.01103487501797,31.221789384033,0.0 131.01103741291817,31.221787571918192,0.0 131.01103994891585,31.22178576142932,0.0 131.01104248553855,31.221783950228502,0.0 131.01104502393687,31.221782137220167,0.0 131.01104756255938,31.221780323806744,0.0 131.01105009912823,31.22177851208449,0.0 131.011052635805,31.221776700028943,0.0 131.0110551744488,31.22177488587337,0.0 131.01105771343654,31.22177307110507,0.0 131.01106025207167,31.221771256360647,0.0 131.01106279015465,31.221769441811723,0.0 131.01106532919704,31.22176762601192,0.0 131.01106786624763,31.22176581173325,0.0 131.0110704055728,31.221763994915207,0.0 131.011072944698,31.22176217788309,0.0 131.0110754847822,31.22176035951914,0.0 131.01107802382464,31.22175854171912,0.0 131.0110805618604,31.22175672444177,0.0 131.0110831013927,31.22175490527185,0.0 131.011085641607,31.221753084973287,0.0 131.0110881836104,31.221751262467407,0.0 131.0110907239594,31.221749441065537,0.0 131.01109326423656,31.221747619236844,0.0 131.01109580764643,31.221745793868568,0.0 131.01109834877957,31.22174397019064,0.0 131.01110089204371,31.221742143928097,0.0 131.0111034350989,31.221740317344164,0.0 131.01110597608,31.221738492251948,0.0 131.01110851758807,31.221736666121647,0.0 131.0111110584302,31.2217348401118,0.0 131.0111135988051,31.221733014029947,0.0 131.01111613871592,31.22173118787473,0.0 131.01111867816567,31.22172936164568,0.0 131.0111212171577,31.22172753534315,0.0 131.0111237556953,31.221725708968417,0.0 131.011126293782,31.221723882523605,0.0 131.01112883142125,31.221722056011654,0.0 131.01113136861665,31.22172022943633,0.0 131.0111339053719,31.221718402802207,0.0 131.01113644169072,31.221716576114623,0.0 131.01113897757693,31.22171474937968,0.0 131.01114151303435,31.221712922604176,0.0 131.0111440480669,31.22171109579564,0.0 131.01114658267852,31.221709268962226,0.0 131.01114911687318,31.2217074421128,0.0 131.01115165065488,31.22170561525678,0.0 131.01115418402765,31.22170378840421,0.0 131.01115671699554,31.22170196156567,0.0 131.0111592495626,31.22170013475228,0.0 131.0111617817329,31.22169830797564,0.0 131.01116431351056,31.22169648124777,0.0 131.01116684489955,31.221694654581217,0.0 131.011169375904,31.221692827988807,0.0 131.01117190652786,31.22169100148381,0.0 131.0111744367752,31.22168917507978,0.0 131.01117696665,31.22168734879058,0.0 131.01117949615616,31.22168552263035,0.0 131.01118202529767,31.2216836966134,0.0 131.0111845540783,31.22168187075429,0.0 131.01118708250195,31.22168004506773,0.0 131.01118961057233,31.22167821956852,0.0 131.01119213829318,31.2216763942716,0.0 131.01119466566814,31.22167456919193,0.0 131.0111971927007,31.221672744344545,0.0 131.0111997193945,31.221670919744444,0.0 131.0112022457529,31.221669095406604,0.0 131.01120477177923,31.221667271345936,0.0 131.01120729747672,31.221665447577266,0.0 131.0112098228486,31.221663624115287,0.0 131.01121234789787,31.22166180097456,0.0 131.01121487262765,31.221659978169463,0.0 131.01121739704067,31.221658155714177,0.0 131.01121992113988,31.221656333622622,0.0 131.01122244492782,31.2216545119085,0.0 131.0112249684071,31.22165269058523,0.0 131.01122749158023,31.221650869665908,0.0 131.01123001444952,31.221649049163343,0.0 131.01123253701724,31.22164722908998,0.0 131.01123505928547,31.221645409457896,0.0 131.01123758125627,31.2216435902788,0.0 131.01124010293148,31.221641771564,0.0 131.01124262431287,31.22163995332437,0.0 131.01124514540217,31.22163813557038,0.0 131.0112476662008,31.22163631831203,0.0 131.01125018671024,31.22163450155887,0.0 131.0112527069317,31.22163268531998,0.0 131.0112552268664,31.22163086960396,0.0 131.01125774651538,31.22162905441889,0.0 131.0112602658795,31.22162723977241,0.0 131.01126278495957,31.22162542567156,0.0 131.01126530375623,31.221623612122936,0.0 131.01126782227007,31.221621799132578,0.0 131.01127034050148,31.221619986706,0.0 131.01127285845078,31.2216181748482,0.0 131.0112753761181,31.22161636356361,0.0 131.0112778935036,31.221614552856177,0.0 131.01128041060716,31.22161274272928,0.0 131.01128292742862,31.22161093318574,0.0 131.0112854439677,31.22160912422789,0.0 131.01128796022397,31.221607315857504,0.0 131.011290476197,31.22160550807583,0.0 131.01129299188617,31.221603700883588,0.0 131.01129550729067,31.221601894281,0.0 131.01129802240985,31.22160008826775,0.0 131.01130053724265,31.221598282843026,0.0 131.01130305178808,31.22159647800552,0.0 131.01130556604508,31.221594673753422,0.0 131.01130808001244,31.22159287008446,0.0 131.01131059368888,31.221591066995863,0.0 131.01131310707302,31.22158926448443,0.0 131.01131562016334,31.221587462546456,0.0 131.01131813295842,31.22158566117788,0.0 131.0113206454566,31.22158386037412,0.0 131.01132315765616,31.22158206013027,0.0 131.0113256695554,31.221580260440952,0.0 131.01132818115255,31.221578461300453,0.0 131.01133069244565,31.22157666270265,0.0 131.01133320343277,31.221574864641106,0.0 131.01133571411202,31.221573067108988,0.0 131.0113382244813,31.22157127009916,0.0 131.01134073453852,31.22156947360419,0.0 131.01134324428156,31.22156767761633,0.0 131.01134575370827,31.22156588212757,0.0 131.0113482628165,31.22156408712961,0.0 131.011350771604,31.22156229261396,0.0 131.01135328006845,31.221560498571808,0.0 131.01135578820765,31.221558704994216,0.0 131.01135829601924,31.221556911872025,0.0 131.01136080350096,31.22155511919588,0.0 131.01136331065052,31.221553326956275,0.0 131.0113658174655,31.22155153514355,0.0 131.01136832394363,31.221549743747964,0.0 131.01137083008254,31.2215479527596,0.0 131.01137333587997,31.22154616216848,0.0 131.01137584133352,31.22154437196455,0.0 131.0113783464409,31.221542582137687,0.0 131.01138085119985,31.221540792677736,0.0 131.011383355608,31.221539003574502,0.0 131.01138585966325,31.2215372148178,0.0 131.0113883633632,31.22153542639741,0.0 131.0113908667058,31.22153363830316,0.0 131.0113933696888,31.221531850524908,0.0 131.01139587231003,31.22153006305257,0.0 131.01139837456745,31.221528275876107,0.0 131.01140087645902,31.221526488985543,0.0 131.01140337798267,31.22152470237105,0.0 131.01140587913648,31.22152291602285,0.0 131.01140837991852,31.22152112993133,0.0 131.0114108803269,31.221519344086943,0.0 131.01141338035995,31.22151755848036,0.0 131.01141588001576,31.22151577310236,0.0 131.0114183792927,31.221513987943904,0.0 131.01142087818923,31.22151220299612,0.0 131.0114233767037,31.221510418250343,0.0 131.01142587483463,31.221508633698072,0.0 131.01142837258067,31.221506849331053,0.0 131.01143086994043,31.22150506514121,0.0 131.01143336691268,31.22150328112073,0.0 131.0114358634962,31.221501497262,0.0 131.01143835968986,31.221499713557645,0.0 131.01144085549262,31.221497930000577,0.0 131.01144335090356,31.22149614658392,0.0 131.01144584592183,31.22149436330108,0.0 131.01144834054665,31.22149258014572,0.0 131.01145083477726,31.22149079711177,0.0 131.01145332861313,31.22148901419345,0.0 131.01145582205368,31.221487231385247,0.0 131.0114583150985,31.22148544868192,0.0 131.01146080774728,31.221483666078527,0.0 131.01146329999972,31.22148188357041,0.0 131.01146579185567,31.221480101153208,0.0 131.01146828331505,31.221478318822843,0.0 131.01147077437795,31.221476536575537,0.0 131.01147326504443,31.221474754407776,0.0 131.0114757553147,31.221472972316384,0.0 131.01147824518915,31.22147119029845,0.0 131.0114807346681,31.22146940835139,0.0 131.01148322375207,31.22146762647285,0.0 131.01148571244158,31.22146584466083,0.0 131.01148820073746,31.221464062913583,0.0 131.01149068864035,31.22146228122965,0.0 131.0114931761512,31.221460499607872,0.0 131.01149566327092,31.221458718047344,0.0 131.01149815000056,31.22145693654748,0.0 131.0115006363413,31.22145515510792,0.0 131.01150312229436,31.2214533737286,0.0 131.011505607861,31.221451592409725,0.0 131.0115080930427,31.221449811151743,0.0 131.0115105778409,31.221448029955383,0.0 131.01151306225728,31.221446248821604,0.0 131.01151554629337,31.2214444677516,0.0 131.011518029951,31.221442686746844,0.0 131.01152051323197,31.221440905809,0.0 131.01152299613818,31.221439124939987,0.0 131.01152547867164,31.22143734414193,0.0 131.01152796083443,31.22143556341718,0.0 131.01153044262864,31.22143378276828,0.0 131.01153292405652,31.221432002198,0.0 131.01153540512027,31.22143022170928,0.0 131.0115378858224,31.22142844130523,0.0 131.01154036616524,31.221426660989174,0.0 131.0115428461512,31.22142488076459,0.0 131.01154532578292,31.22142310063513,0.0 131.01154780506295,31.221421320604588,0.0 131.011550283994,31.22141954067691,0.0 131.01155276257876,31.22141776085618,0.0 131.01155524082003,31.221415981146624,0.0 131.01155771872058,31.221414201552587,0.0 131.01156019628334,31.22141242207852,0.0 131.01156267351115,31.22141064272899,0.0 131.01156515040705,31.221408863508668,0.0 131.01156762697403,31.221407084422324,0.0 131.01157010321506,31.221405305474786,0.0 131.0115725791333,31.221403526670976,0.0 131.01157505473176,31.22140174801588,0.0 131.01157753001365,31.22139996951456,0.0 131.0115800049821,31.221398191172103,0.0 131.0115824796403,31.22139641299365,0.0 131.01158495399147,31.221394634984367,0.0 131.01158742803878,31.221392857149485,0.0 131.01158990178553,31.221391079494232,0.0 131.01159237523495,31.221389302023823,0.0 131.01159484839027,31.221387524743545,0.0 131.01159732125478,31.22138574765861,0.0 131.01159979383175,31.22138397077428,0.0 131.01160226612444,31.221382194095764,0.0 131.0116047381361,31.22138041762828,0.0 131.01160720987005,31.22137864137699,0.0 131.0116096813295,31.22137686534704,0.0 131.01161215251767,31.22137508954352,0.0 131.01161462343788,31.221373313971448,0.0 131.0116170940933,31.221371538635832,0.0 131.01161956448715,31.22136976354161,0.0 131.01162203462263,31.221367988693604,0.0 131.0116245045028,31.22136621409664,0.0 131.0116269741309,31.2213644397554,0.0 131.01162944350995,31.221362665674526,0.0 131.0116319126431,31.22136089185856,0.0 131.01163438153333,31.221359118311927,0.0 131.01163685018355,31.221357345039017,0.0 131.01163931859685,31.22135557204406,0.0 131.01164178677607,31.2213537993312,0.0 131.01164425472405,31.22135202690445,0.0 131.0116467224436,31.22135025476777,0.0 131.0116491899375,31.221348482924945,0.0 131.01165165720843,31.22134671137964,0.0 131.01165412425908,31.22134494013542,0.0 131.01165659109202,31.221343169195723,0.0 131.01165905770975,31.22134139856384,0.0 131.01166152411483,31.221339628242927,0.0 131.0116639903096,31.22133785823604,0.0 131.01166645629638,31.221336088546032,0.0 131.01166892207752,31.22133431917568,0.0 131.01167138765513,31.221332550127585,0.0 131.0116738530314,31.22133078140421,0.0 131.01167631820837,31.221329013007875,0.0 131.01167878318805,31.221327244940746,0.0 131.0116812479723,31.221325477204868,0.0 131.01168371256298,31.22132370980209,0.0 131.01168617696183,31.22132194273416,0.0 131.0116886411705,31.221320176002635,0.0 131.01169110519064,31.221318409608944,0.0 131.01169356902366,31.221316643554367,0.0 131.01169603267104,31.221314877840022,0.0 131.0116984961341,31.22131311246688,0.0 131.01170095941407,31.221311347435776,0.0 131.0117034225121,31.221309582747363,0.0 131.01170588542928,31.221307818402178,0.0 131.0117083481666,31.221306054400586,0.0 131.0117108107249,31.22130429074281,0.0 131.01171327310507,31.22130252742896,0.0 131.01171573530772,31.22130076445894,0.0 131.01171819733352,31.22129900183256,0.0 131.01172065918297,31.221297239549443,0.0 131.01172312085652,31.22129547760912,0.0 131.0117255823545,31.22129371601096,0.0 131.01172804367715,31.2212919547542,0.0 131.01173050482467,31.221290193837923,0.0 131.01173296579708,31.22128843326112,0.0 131.0117354265944,31.22128667302261,0.0 131.01173788721647,31.221284913121146,0.0 131.01174034766308,31.22128315355525,0.0 131.01174280793393,31.221281394323448,0.0 131.01174526802868,31.221279635424057,0.0 131.01174772794678,31.22127787685532,0.0 131.0117501876877,31.221276118615343,0.0 131.0117526472508,31.22127436070216,0.0 131.0117551066353,31.221272603113626,0.0 131.01175756584036,31.22127084584759,0.0 131.01176002486508,31.221269088901728,0.0 131.01176248370845,31.221267332273648,0.0 131.0117649423694,31.221265575960853,0.0 131.01176740084676,31.22126381996077,0.0 131.0117698591393,31.221262064270743,0.0 131.0117723172456,31.22126030888801,0.0 131.01177477516433,31.221258553809736,0.0 131.01177723289396,31.221256799033053,0.0 131.011779690433,31.22125504455496,0.0 131.01178214777977,31.221253290372434,0.0 131.01178460493253,31.221251536482374,0.0 131.01178706188955,31.221249782881607,0.0 131.01178951864895,31.22124802956693,0.0 131.0117919752089,31.22124627653507,0.0 131.01179443156727,31.22124452378272,0.0 131.0117968877221,31.221242771306503,0.0 131.01179934367136,31.22124101910306,0.0 131.01180179941278,31.22123926716892,0.0 131.0118042549442,31.221237515500647,0.0 131.0118067102633,31.22123576409473,0.0 131.0118091653678,31.22123401294768,0.0 131.01181162025532,31.22123226205592,0.0 131.0118140749234,31.221230511415943,0.0 131.0118165293696,31.22122876102416,0.0 131.01181898359144,31.22122701087701,0.0 131.0118214375863,31.22122526097093,0.0 131.01182389135158,31.221223511302327,0.0 131.01182634488472,31.22122176186764,0.0 131.01182879818307,31.22122001266332,0.0 131.01183125124388,31.22121826368577,0.0 131.01183370406443,31.221216514931506,0.0 131.01183615664203,31.22121476639696,0.0 131.01183860897387,31.22121301807865,0.0 131.01184106105717,31.221211269973104,0.0 131.01184351288916,31.221209522076883,0.0 131.01184596446697,31.22120777438656,0.0 131.0118484157878,31.22120602689876,0.0 131.0118508668488,31.221204279610127,0.0 131.01185331764717,31.221202532517395,0.0 131.01185576817997,31.22120078561728,0.0 131.01185821844444,31.22119903890656,0.0 131.0118606684377,31.22119729238211,0.0 131.01186311815687,31.221195546040818,0.0 131.0118655675992,31.221193799879607,0.0 131.01186801676175,31.221192053895507,0.0 131.0118704656418,31.22119030808558,0.0 131.01187291423653,31.22118856244695,0.0 131.01187536254315,31.22118681697684,0.0 131.011877810559,31.221185071672483,0.0 131.0118802582812,31.221183326531232,0.0 131.0118827057071,31.22118158155049,0.0 131.0118851528341,31.22117983672773,0.0 131.0118875996595,31.221178092060537,0.0 131.01189004618067,31.221176347546525,0.0 131.01189249239513,31.2211746031834,0.0 131.01189493830023,31.221172858968977,0.0 131.01189738389365,31.22117111490112,0.0 131.0118998291728,31.22116937097781,0.0 131.01190227413537,31.221167627197083,0.0 131.011904718779,31.22116588355707,0.0 131.01190716310143,31.221164140056008,0.0 131.01190960710042,31.2211623966922,0.0 131.0119120507738,31.22116065346404,0.0 131.01191449411948,31.221158910370026,0.0 131.0119169371354,31.221157167408737,0.0 131.01191937981957,31.221155424578857,0.0 131.01192182217008,31.22115368187915,0.0 131.01192426418507,31.22115193930847,0.0 131.01192670586286,31.221150196865764,0.0 131.01192914720167,31.221148454550093,0.0 131.01193158819996,31.22114671236059,0.0 131.01193402885605,31.22114497029648,0.0 131.01193646916863,31.22114322835709,0.0 131.0119389091362,31.22114148654184,0.0 131.01194134875757,31.22113974485023,0.0 131.01194378803143,31.221138003281894,0.0 131.01194622695678,31.22113626183649,0.0 131.01194866553243,31.221134520513832,0.0 131.01195110375758,31.221132779313777,0.0 131.0119535416313,31.2211310382363,0.0 131.0119559791528,31.22112929728146,0.0 131.0119584163215,31.221127556449403,0.0 131.01196085313677,31.22112581574035,0.0 131.01196328959816,31.221124075154627,0.0 131.01196572570527,31.22112233469264,0.0 131.0119681614578,31.221120594354872,0.0 131.0119705968556,31.22111885414188,0.0 131.01197303189863,31.22111711405434,0.0 131.0119754665868,31.221115374092967,0.0 131.01197790092036,31.22111363425857,0.0 131.01198033489942,31.22111189455205,0.0 131.01198276852435,31.221110154974344,0.0 131.0119852017956,31.2211084155265,0.0 131.01198763471362,31.221106676209622,0.0 131.0119900672791,31.221104937024887,0.0 131.01199249949275,31.22110319797353,0.0 131.0119949313554,31.221101459056868,0.0 131.01199736286807,31.22109972027628,0.0 131.01199979403168,31.2210979816332,0.0 131.0120022248474,31.221096243129125,0.0 131.01200465531647,31.2210945047656,0.0 131.01200708544027,31.221092766544245,0.0 131.0120095152202,31.221091028466727,0.0 131.01201194465784,31.22108929053475,0.0 131.0120143737548,31.22108755275008,0.0 131.01201680251276,31.22108581511452,0.0 131.01201923093365,31.221084077629943,0.0 131.01202165901933,31.221082340298235,0.0 131.0120240867718,31.22108060312134,0.0 131.01202651419325,31.22107886610124,0.0 131.0120289412858,31.221077129239912,0.0 131.01203136805177,31.221075392539426,0.0 131.0120337944935,31.22107365600184,0.0 131.0120362206135,31.221071919629274,0.0 131.01203864641428,31.22107018342384,0.0 131.01204107189847,31.22106844738768,0.0 131.01204349706884,31.22106671152297,0.0 131.01204592192806,31.221064975831897,0.0 131.01204834647905,31.221063240316667,0.0 131.01205077072473,31.221061504979485,0.0 131.01205319466803,31.22105976982259,0.0 131.01205561831213,31.2210580348482,0.0 131.01205804166008,31.221056300058567,0.0 131.01206046471512,31.22105456545593,0.0 131.01206288748045,31.221052831042527,0.0 131.01206530995938,31.2210510968206,0.0 131.01206773215534,31.221049362792407,0.0 131.0120701540717,31.22104762896016,0.0 131.0120725757118,31.22104589532609,0.0 131.0120749970793,31.221044161892408,0.0 131.0120774181777,31.22104242866132,0.0 131.0120798390106,31.221040695635004,0.0 131.01208225958155,31.22103896281563,0.0 131.0120846798942,31.221037230205344,0.0 131.01208709995225,31.221035497806284,0.0 131.01208951975937,31.221033765620536,0.0 131.01209193931925,31.221032033650207,0.0 131.0120943586357,31.221030301897315,0.0 131.01209677771234,31.22102857036389,0.0 131.01209919655298,31.221026839051927,0.0 131.01210161516138,31.22102510796339,0.0 131.01210403354125,31.22102337710017,0.0 131.01210645169638,31.221021646464177,0.0 131.01210886963048,31.221019916057248,0.0 131.01211128734727,31.221018185881185,0.0 131.01211370485046,31.22101645593775,0.0 131.01211612214377,31.22101472622867,0.0 131.0121185392308,31.221012996755626,0.0 131.01212095611527,31.22101126752022,0.0 131.01212337280074,31.22100953852407,0.0 131.01212578929076,31.221007809768665,0.0 131.0121282055889,31.221006081255528,0.0 131.01213062169865,31.221004352986068,0.0 131.0121330376234,31.221002624961663,0.0 131.01213545336654,31.221000897183647,0.0 131.0121378689314,31.22099916965329,0.0 131.01214028432125,31.2209974423718,0.0 131.0121426995393,31.220995715340337,0.0 131.01214511458863,31.220993988560007,0.0 131.01214752947237,31.220992262031864,0.0 131.01214994419345,31.220990535756886,0.0 131.01215235875475,31.220988809735992,0.0 131.01215477315915,31.220987083970087,0.0 131.01215718740934,31.22098535845993,0.0 131.01215960150793,31.22098363320632,0.0 131.01216201545748,31.22098190820992,0.0 131.01216442926042,31.220980183471365,0.0 131.01216684291913,31.220978458991222,0.0 131.01216925643575,31.22097673477001,0.0 131.0121716698125,31.22097501080817,0.0 131.01217408305126,31.220973287106112,0.0 131.012176496154,31.22097156366412,0.0 131.01217890912247,31.22096984048251,0.0 131.01218132195837,31.220968117561448,0.0 131.01218373466307,31.22096639490112,0.0 131.01218614723814,31.2209646725016,0.0 131.01218855968472,31.220962950362928,0.0 131.01219097200396,31.220961228485063,0.0 131.01219338419688,31.22095950686795,0.0 131.0121957962643,31.220957785511416,0.0 131.0121982082069,31.220956064415297,0.0 131.01220062002534,31.22095434357933,0.0 131.0122030317199,31.220952623003207,0.0 131.01220544329095,31.220950902686585,0.0 131.01220785473862,31.220949182629045,0.0 131.01221026606282,31.22094746283013,0.0 131.01221267726342,31.220945743289352,0.0 131.01221508834004,31.220944024006126,0.0 131.01221749929223,31.22094230497987,0.0 131.0122199101193,31.22094058620993,0.0 131.01222232082054,31.220938867695622,0.0 131.01222473139495,31.2209371494362,0.0 131.01222714184135,31.22093543143089,0.0 131.0122295521586,31.22093371367888,0.0 131.01223196234517,31.22093199617932,0.0 131.01223437239952,31.22093027893132,0.0 131.0122367823199,31.22092856193395,0.0 131.01223919210435,31.220926845186256,0.0 131.01224160175096,31.220925128687263,0.0 131.0122440112574,31.220923412435937,0.0 131.01224642062135,31.22092169643124,0.0 131.01224882984027,31.22091998067211,0.0 131.0122512389115,31.220918265157447,0.0 131.0122536478322,31.220916549886137,0.0 131.01225605659948,31.22091483485704,0.0 131.01225846521012,31.22091312006902,0.0 131.01226087366092,31.220911405520887,0.0 131.01226328194844,31.22090969121148,0.0 131.01226569006914,31.2209079771396,0.0 131.01226809801935,31.22090626330404,0.0 131.01227050579527,31.2209045497036,0.0 131.01227291339293,31.22090283633706,0.0 131.01227532080827,31.220901123203216,0.0 131.01227772803708,31.22089941030082,0.0 131.01228013507503,31.22089769762866,0.0 131.01228254191776,31.22089598518552,0.0 131.01228494856065,31.22089427297018,0.0 131.0122873549991,31.220892560981447,0.0 131.0122897612283,31.220890849218105,0.0 131.0122921672434,31.220889137679,0.0 131.01229457303947,31.220887426362943,0.0 131.01229697861146,31.220885715268786,0.0 131.0122993839542,31.220884004395376,0.0 131.01230178906246,31.220882293741635,0.0 131.012304193931,31.220880583306435,0.0 131.01230659855443,31.22087887308873,0.0 131.0123090029273,31.22087716308745,0.0 131.01231140704417,31.220875453301623,0.0 131.01231381089943,31.220873743730248,0.0 131.01231621448753,31.22087203437236,0.0 131.01231861780286,31.220870325227047,0.0 131.01232102083966,31.220868616293448,0.0 131.0123234235923,31.22086690757069,0.0 131.01232582605508,31.220865199058,0.0 131.0123282282222,31.22086349075457,0.0 131.01233063008794,31.22086178265972,0.0 131.0123330316466,31.220860074772737,0.0 131.01233543289234,31.220858367093005,0.0 131.01233783381943,31.22085665961992,0.0 131.01234023442225,31.22085495235295,0.0 131.012342634695,31.2208532452916,0.0 131.0123450346321,31.22085153843541,0.0 131.01234743422785,31.220849831784008,0.0 131.01234983347672,31.22084812533704,0.0 131.0123522323731,31.22084641909424,0.0 131.01235463091163,31.220844713055325,0.0 131.01235702908684,31.220843007220143,0.0 131.01235942689345,31.220841301588568,0.0 131.0123618243261,31.220839596160538,0.0 131.01236422137973,31.22083789093603,0.0 131.01236661804927,31.22083618591508,0.0 131.01236901432972,31.2208344810978,0.0 131.01237141021625,31.220832776484343,0.0 131.01237380570407,31.220831072074915,0.0 131.01237620078862,31.220829367869783,0.0 131.01237859546535,31.220827663869297,0.0 131.01238098973,31.220825960073817,0.0 131.01238338357825,31.2208242564838,0.0 131.01238577700607,31.220822553099737,0.0 131.0123881700096,31.220820849922177,0.0 131.01239056258495,31.220819146951744,0.0 131.01239295472865,31.22081744418909,0.0 131.01239534643727,31.22081574163496,0.0 131.0123977377076,31.2208140392901,0.0 131.0124001285365,31.22081233715537,0.0 131.0124025189212,31.22081063523164,0.0 131.01240490885894,31.220808933519816,0.0 131.01240729834728,31.22080723202092,0.0 131.012409687384,31.220805530735955,0.0 131.01241207596695,31.220803829666007,0.0 131.01241446409432,31.2208021288122,0.0 131.01241685176447,31.220800428175696,0.0 131.012419238976,31.220798727757728,0.0 131.01242162572768,31.220797027559527,0.0 131.01242401201847,31.220795327582422,0.0 131.0124263978478,31.22079362782772,0.0 131.012428783215,31.220791928296805,0.0 131.01243116811986,31.22079022899109,0.0 131.0124335525623,31.220788529912,0.0 131.01243593654252,31.220786831061023,0.0 131.0124383200609,31.220785132439666,0.0 131.0124407031182,31.22078343404944,0.0 131.01244308571523,31.220781735891883,0.0 131.0124454678532,31.22078003796861,0.0 131.01244784953343,31.220778340281186,0.0 131.01245023075757,31.220776642831247,0.0 131.0124526115275,31.220774945620423,0.0 131.0124549918452,31.220773248650367,0.0 131.01245737171314,31.220771551922727,0.0 131.0124597511338,31.22076985543917,0.0 131.01246213010998,31.22076815920138,0.0 131.01246450864474,31.22076646321104,0.0 131.01246688674124,31.22076476746982,0.0 131.01246926440302,31.22076307197941,0.0 131.0124716416337,31.22076137674149,0.0 131.0124740184373,31.22075968175773,0.0 131.01247639481778,31.22075798702981,0.0 131.01247877077952,31.220756292559365,0.0 131.01248114632705,31.220754598348048,0.0 131.01248352146504,31.2207529043975,0.0 131.0124858961984,31.22075121070933,0.0 131.0124882705322,31.220749517285142,0.0 131.01249064447168,31.2207478241265,0.0 131.01249301802227,31.22074613123496,0.0 131.01249539118956,31.22074443861204,0.0 131.01249776397927,31.220742746259244,0.0 131.01250013639728,31.22074105417802,0.0 131.0125025084496,31.220739362369816,0.0 131.01250488014236,31.22073767083604,0.0 131.01250725148182,31.220735979578023,0.0 131.01250962247437,31.22073428859712,0.0 131.01251199312648,31.2207325978946,0.0 131.01251436344467,31.22073090747172,0.0 131.01251673343566,31.22072921732965,0.0 131.01251910310614,31.220727527469585,0.0 131.01252147246282,31.220725837892605,0.0 131.01252384151255,31.22072414859976,0.0 131.01252621026222,31.220722459592064,0.0 131.0125285787187,31.22072077087049,0.0 131.01253094688892,31.22071908243592,0.0 131.01253331477974,31.22071739428922,0.0 131.01253568239807,31.22071570643119,0.0 131.01253804975084,31.22071401886257,0.0 131.01254041684487,31.220712331584046,0.0 131.01254278368697,31.22071064459624,0.0 131.01254515028387,31.220708957899728,0.0 131.0125475166423,31.220707271495005,0.0 131.01254988276884,31.22070558538256,0.0 131.01255224867003,31.220703899562743,0.0 131.01255461435233,31.220702214035928,0.0 131.01255697982197,31.22070052880237,0.0 131.01255934508518,31.22069884386231,0.0 131.012561710148,31.22069715921589,0.0 131.0125640750163,31.22069547486321,0.0 131.01256643969583,31.220693790804315,0.0 131.0125688041921,31.22069210703918,0.0 131.0125711685106,31.22069042356773,0.0 131.0125735326564,31.220688740389846,0.0 131.01257589663456,31.220687057505344,0.0 131.01257826044977,31.220685374913955,0.0 131.0125806241066,31.22068369261541,0.0 131.01258298760936,31.220682010609348,0.0 131.01258535096207,31.220680328895355,0.0 131.01258771416855,31.220678647473004,0.0 131.01259007723232,31.220676966341784,0.0 131.01259244015665,31.220675285501137,0.0 131.01259480294445,31.220673604950463,0.0 131.0125971655985,31.22067192468916,0.0 131.0125995281211,31.22067024471651,0.0 131.01260189051436,31.22066856503181,0.0 131.01260425278008,31.22066688563431,0.0 131.0126066149197,31.2206652065232,0.0 131.0126089769343,31.22066352769764,0.0 131.0126113388247,31.220661849156787,0.0 131.01261370059137,31.22066017089975,0.0 131.01261606223443,31.220658492925608,0.0 131.01261842375368,31.22065681523343,0.0 131.01262078514858,31.22065513782224,0.0 131.01262314641815,31.22065346069106,0.0 131.01262550756115,31.22065178383889,0.0 131.01262786857603,31.220650107264728,0.0 131.01263022946077,31.22064843096753,0.0 131.01263259021312,31.220646754946284,0.0 131.01263495083035,31.22064507919995,0.0 131.0126373113095,31.220643403727475,0.0 131.01263967164724,31.220641728527845,0.0 131.0126420318398,31.220640053600007,0.0 131.01264439188324,31.220638378942933,0.0 131.01264675177308,31.2206367045556,0.0 131.01264911150463,31.22063503043701,0.0 131.01265147107296,31.220633356586177,0.0 131.01265383047263,31.22063168300212,0.0 131.01265618969796,31.22063000968389,0.0 131.012658548743,31.220628336630565,0.0 131.01266090760151,31.220626663841216,0.0 131.01266326626683,31.220624991315,0.0 131.01266562473222,31.220623319051064,0.0 131.0126679829905,31.22062164704862,0.0 131.0126703410343,31.22061997530689,0.0 131.01267269885602,31.22061830382515,0.0 131.01267505644776,31.22061663260273,0.0 131.01267741380144,31.220614961638983,0.0 131.01267977090876,31.220613290933336,0.0 131.01268212776125,31.22061162048524,0.0 131.01268448435016,31.2206099502942,0.0 131.01268684066665,31.220608280359805,0.0 131.01268919670173,31.22060661068169,0.0 131.01269155244623,31.220604941259538,0.0 131.01269390789085,31.220603272093072,0.0 131.0126962630262,31.22060160318213,0.0 131.0126986178429,31.220599934526568,0.0 131.01270097233123,31.220598266126327,0.0 131.01270332648167,31.22059659798144,0.0 131.01270568028457,31.22059493009193,0.0 131.01270803373026,31.22059326245797,0.0 131.012710386809,31.22059159507977,0.0 131.0127127395112,31.22058992795761,0.0 131.01271509182715,31.22058826109184,0.0 131.01271744374736,31.22058659448287,0.0 131.01271979526229,31.220584928131217,0.0 131.01272214636248,31.22058326203744,0.0 131.01272449703868,31.22058159620216,0.0 131.01272684728164,31.22057993062609,0.0 131.01272919708236,31.22057826531002,0.0 131.01273154643195,31.22057660025479,0.0 131.0127338953218,31.220574935461325,0.0 131.0127362437433,31.2205732709306,0.0 131.0127385916882,31.22057160666366,0.0 131.01274093914853,31.22056994266164,0.0 131.01274328611646,31.220568278925708,0.0 131.0127456325845,31.22056661545712,0.0 131.01274797854546,31.220564952257146,0.0 131.0127503239924,31.2205632893272,0.0 131.0127526689187,31.22056162666868,0.0 131.01275501331813,31.22055996428303,0.0 131.01275735718477,31.22055830217182,0.0 131.01275970051307,31.2205566403366,0.0 131.01276204329793,31.22055497877899,0.0 131.01276438553455,31.22055331750068,0.0 131.01276672721855,31.22055165650333,0.0 131.01276906834596,31.22054999578872,0.0 131.01277140891332,31.220548335358604,0.0 131.01277374891745,31.22054667521481,0.0 131.01277608835585,31.22054501535916,0.0 131.01277842722618,31.22054335579352,0.0 131.0127807655268,31.22054169651976,0.0 131.01278310325645,31.220540037539767,0.0 131.01278544041432,31.22053837885547,0.0 131.0127877770001,31.22053672046877,0.0 131.01279011301395,31.2205350623816,0.0 131.0127924484566,31.220533404595887,0.0 131.01279478332907,31.22053174711353,0.0 131.01279711763308,31.22053008993645,0.0 131.01279945137068,31.22052843306655,0.0 131.01280178454448,31.22052677650572,0.0 131.01280411715751,31.220525120255832,0.0 131.01280644921337,31.220523464318703,0.0 131.01280878071603,31.22052180869617,0.0 131.01281111166995,31.220520153390023,0.0 131.01281344208007,31.220518498402,0.0 131.0128157719518,31.22051684373381,0.0 131.0128181012909,31.220515189387143,0.0 131.0128204301036,31.2205135353636,0.0 131.01282275839657,31.22051188166477,0.0 131.0128250861769,31.22051022829216,0.0 131.01282741345193,31.22050857524724,0.0 131.0128297402295,31.220506922531406,0.0 131.01283206651783,31.220505270146,0.0 131.01283439232543,31.2205036180923,0.0 131.01283671766103,31.220501966371504,0.0 131.01283904253378,31.22050031498476,0.0 131.01284136695313,31.220498663933096,0.0 131.01284369092866,31.220497013217525,0.0 131.01284601447034,31.22049536283893,0.0 131.01284833758822,31.22049371279816,0.0 131.0128506602927,31.220492063095925,0.0 131.0128529825942,31.22049041373289,0.0 131.01285530450332,31.22048876470964,0.0 131.0128576260308,31.220487116026657,0.0 131.01285994718756,31.22048546768433,0.0 131.0128622679844,31.220483819682983,0.0 131.01286458843228,31.220482172022823,0.0 131.01286690854215,31.220480524703987,0.0 131.01286922832497,31.220478877726546,0.0 131.01287154779166,31.22047723109042,0.0 131.012873866953,31.22047558479549,0.0 131.0128761858197,31.22047393884155,0.0 131.01287850440244,31.22047229322828,0.0 131.01288082271162,31.22047064795531,0.0 131.0128831407575,31.22046900302213,0.0 131.0128854585502,31.220467358428223,0.0 131.0128877760995,31.220465714172946,0.0 131.01289009341497,31.220464070255577,0.0 131.0128924105059,31.220462426675336,0.0 131.01289472738128,31.22046078343136,0.0 131.01289704404968,31.22045914052272,0.0 131.0128993605194,31.22045749794841,0.0 131.01290167679832,31.22045585570739,0.0 131.0129039928938,31.220454213798515,0.0 131.01290630881297,31.220452572220616,0.0 131.01290862456233,31.22045093097248,0.0 131.01291094014803,31.2204492900528,0.0 131.01291325557554,31.22044764946028,0.0 131.01291557085003,31.22044600919352,0.0 131.01291788597604,31.220444369251137,0.0 131.01292020095747,31.22044272963172,0.0 131.0129225157978,31.220441090333765,0.0 131.01292483049983,31.220439451355816,0.0 131.01292714506587,31.2204378126964,0.0 131.01292945949754,31.220436174353967,0.0 131.01293177379583,31.22043453632701,0.0 131.0129340879612,31.220432898614025,0.0 131.01293640199347,31.22043126121349,0.0 131.01293871589172,31.22042962412389,0.0 131.01294102965448,31.22042798734375,0.0 131.01294334327972,31.220426350871588,0.0 131.0129456567646,31.22042471470596,0.0 131.0129479701058,31.22042307884544,0.0 131.0129502832993,31.220421443288647,0.0 131.01295259634043,31.22041980803424,0.0 131.01295490922396,31.22041817308093,0.0 131.01295722194405,31.22041653842745,0.0 131.0129595344942,31.220414904072623,0.0 131.01296184686743,31.22041327001532,0.0 131.01296415905608,31.220411636254447,0.0 131.01296647105198,31.22041000278903,0.0 131.01296878284643,31.22040836961813,0.0 131.0129710944302,31.220406736740934,0.0 131.0129734057936,31.220405104156622,0.0 131.01297571692635,31.220403471864536,0.0 131.0129780278179,31.22040183986409,0.0 131.01298033845703,31.22040020815477,0.0 131.01298264883243,31.220398576736184,0.0 131.0129849589321,31.22039694560801,0.0 131.01298726874387,31.220395314770048,0.0 131.0129895782553,31.220393684222195,0.0 131.01299188745347,31.220392053964456,0.0 131.01299419632545,31.22039042399693,0.0 131.01299650485788,31.22038879431984,0.0 131.01299881303737,31.220387164933506,0.0 131.01300112085036,31.220385535838364,0.0 131.01300342828313,31.220383907034936,0.0 131.01300573532188,31.22038227852391,0.0 131.0130080419529,31.22038065030604,0.0 131.01301034816228,31.220379022382183,0.0 131.01301265393633,31.220377394753324,0.0 131.01301495926137,31.22037576742057,0.0 131.0130172641238,31.220374140385093,0.0 131.0130195685103,31.2203725136482,0.0 131.0130218724076,31.22037088721129,0.0 131.0130241758027,31.220369261075845,0.0 131.013026478683,31.220367635243463,0.0 131.013028781036,31.22036600971585,0.0 131.01303108284972,31.22036438449473,0.0 131.0130333841125,31.220362759581995,0.0 131.01303568481308,31.22036113497957,0.0 131.01303798494067,31.22035951068945,0.0 131.01304028448493,31.22035788671373,0.0 131.0130425834361,31.22035626305457,0.0 131.0130448817849,31.22035463971414,0.0 131.01304717952272,31.220353016694727,0.0 131.01304947664147,31.220351393998616,0.0 131.01305177313372,31.220349771628168,0.0 131.01305406899272,31.22034814958579,0.0 131.0130563642124,31.22034652787384,0.0 131.01305865878732,31.220344906494805,0.0 131.01306095271283,31.22034328545113,0.0 131.01306324598505,31.220341664745245,0.0 131.0130655386008,31.220340044379647,0.0 131.01306783055765,31.22033842435677,0.0 131.01307012185393,31.22033680467907,0.0 131.01307241248892,31.220335185348976,0.0 131.01307470246246,31.220333566368875,0.0 131.01307699177536,31.22033194774114,0.0 131.0130792804291,31.220330329468087,0.0 131.01308156842614,31.220328711552,0.0 131.0130838557695,31.22032709399509,0.0 131.01308614246312,31.22032547679952,0.0 131.0130884285117,31.220323859967383,0.0 131.01309071392075,31.22032224350069,0.0 131.0130929986964,31.220320627401392,0.0 131.01309528284563,31.220319011671307,0.0 131.01309756637613,31.220317396312208,0.0 131.0130998492962,31.22031578132573,0.0 131.0131021316149,31.22031416671345,0.0 131.01310441334186,31.22031255247681,0.0 131.0131066944874,31.220310938617114,0.0 131.01310897506235,31.2203093251356,0.0 131.0131112550782,31.220307712033325,0.0 131.01311353454685,31.220306099311287,0.0 131.01311581348068,31.22030448697029,0.0 131.01311809189264,31.22030287501105,0.0 131.01312036979587,31.22030126343413,0.0 131.01312264720414,31.22029965224,0.0 131.0131249241313,31.220298041428887,0.0 131.01312720059147,31.220296431001003,0.0 131.01312947659926,31.220294820956347,0.0 131.01313175216913,31.220293211294816,0.0 131.01313402731583,31.220291602016136,0.0 131.01313630205422,31.220289993119927,0.0 131.0131385763991,31.22028838460564,0.0 131.01314085036523,31.22028677647264,0.0 131.01314312396738,31.220285168720103,0.0 131.0131453972202,31.220283561347127,0.0 131.01314767013804,31.220281954352647,0.0 131.01314994273514,31.220280347735503,0.0 131.0131522150254,31.220278741494383,0.0 131.01315448702246,31.22027713562792,0.0 131.01315675873943,31.220275530134582,0.0 131.0131590301892,31.220273925012755,0.0 131.01316130138403,31.220272320260754,0.0 131.01316357233569,31.220270715876744,0.0 131.0131658430554,31.22026911185888,0.0 131.01316811355383,31.22026750820517,0.0 131.0131703838408,31.220265904913617,0.0 131.01317265392575,31.220264301982112,0.0 131.01317492381708,31.220262699408508,0.0 131.0131771935226,31.220261097190622,0.0 131.01317946304934,31.220259495326232,0.0 131.01318173240335,31.22025789381308,0.0 131.01318400159002,31.220256292648884,0.0 131.01318627061363,31.22025469183136,0.0 131.01318853947782,31.220253091358195,0.0 131.0131908081851,31.22025149122713,0.0 131.0131930767371,31.22024989143588,0.0 131.0131953451346,31.2202482919822,0.0 131.01319761337723,31.22024669286388,0.0 131.01319988146383,31.220245094078745,0.0 131.01320214939213,31.220243495624665,0.0 131.013204417159,31.220241897499584,0.0 131.01320668476026,31.220240299701512,0.0 131.0132089521909,31.22023870222852,0.0 131.0132112194447,31.220237105078752,0.0 131.0132134865148,31.2202355082505,0.0 131.01321575339333,31.22023391174212,0.0 131.01321802007143,31.22023231555203,0.0 131.01322028653945,31.220230719678813,0.0 131.01322255278694,31.22022912412117,0.0 131.01322481880254,31.22022752887795,0.0 131.0132270845742,31.22022593394805,0.0 131.0132293500891,31.22022433933057,0.0 131.01323161533367,31.220222745024728,0.0 131.01323388029382,31.2202211510299,0.0 131.01323614495473,31.22021955734557,0.0 131.01323840930107,31.22021796397143,0.0 131.01324067331703,31.22021637090728,0.0 131.0132429369863,31.22021477815308,0.0 131.01324520029223,31.22021318570897,0.0 131.01324746321777,31.220211593575232,0.0 131.0132497257456,31.220210001752285,0.0 131.0132519878582,31.220208410240705,0.0 131.01325424953797,31.22020681904124,0.0 131.01325651076704,31.220205228154764,0.0 131.01325877152766,31.220203637582337,0.0 131.01326103180205,31.22020204732509,0.0 131.01326329157254,31.22020045738437,0.0 131.0132655508216,31.22019886776161,0.0 131.013267809532,31.220197278458382,0.0 131.01327006768676,31.22019568947637,0.0 131.0132723252692,31.220194100817395,0.0 131.0132745822631,31.22019251248337,0.0 131.01327683865284,31.22019092447632,0.0 131.01327909442315,31.22018933679832,0.0 131.01328134955943,31.22018774945156,0.0 131.01328360404773,31.220186162438303,0.0 131.01328585787488,31.22018457576086,0.0 131.01328811102834,31.220182989421566,0.0 131.01329036349648,31.220181403422835,0.0 131.01329261526848,31.22017981776708,0.0 131.01329486633435,31.22017823245673,0.0 131.0132971166853,31.22017664749424,0.0 131.01329936631305,31.220175062881985,0.0 131.01330161521076,31.220173478622403,0.0 131.0133038633724,31.2201718947178,0.0 131.01330611079302,31.22017031117049,0.0 131.0133083574688,31.220168727982703,0.0 131.01331060339686,31.22016714515657,0.0 131.01331284857565,31.22016556269413,0.0 131.0133150930045,31.220163980597327,0.0 131.01331733668397,31.22016239886793,0.0 131.01331957961563,31.22016081750764,0.0 131.01332182180224,31.220159236517887,0.0 131.01332406324752,31.22015765590003,0.0 131.01332630395635,31.220156075655176,0.0 131.01332854393465,31.22015449578423,0.0 131.0133307831892,31.22015291628788,0.0 131.0133330217278,31.220151337166552,0.0 131.01333525955923,31.22014975842044,0.0 131.01333749669314,31.220148180049424,0.0 131.01333973313993,31.22014660205307,0.0 131.01334196891082,31.22014502443068,0.0 131.01334420401773,31.220143447181133,0.0 131.0133464384732,31.22014187030297,0.0 131.01334867229028,31.220140293794337,0.0 131.01335090548264,31.220138717652905,0.0 131.01335313806413,31.22013714187592,0.0 131.01335537004903,31.22013556646006,0.0 131.0133576014518,31.22013399140148,0.0 131.01335983228685,31.220132416695684,0.0 131.01336206256866,31.22013084233747,0.0 131.0133642923385,31.22012926835744,0.0 131.0133665216112,31.220127694749948,0.0 131.0133687504133,31.22012612152504,0.0 131.01337097876967,31.220124548690126,0.0 131.01337320670504,31.220122976252608,0.0 131.01337543424413,31.22012140421971,0.0 131.01337766141134,31.22011983259856,0.0 131.0133798882308,31.220118261396088,0.0 131.01338211472623,31.220116690619022,0.0 131.0133843409207,31.220115120273885,0.0</coordinates>
            </LineString>
        </Placemark>
    </Document>
</kml>
