<?xml version="1.0" encoding="UTF-8"?>
<kml xmlns="http://www.opengis.net/kml/2.2" xmlns:gx="http://www.google.com/kml/ext/2.2">
    <Document id="441">
        <Style id="444">
            <LineStyle id="445">
                <color>ff0000ff</color>
                <colorMode>normal</colorMode>
                <width>3</width>
            </LineStyle>
        </Style>
        <Style id="448">
            <LineStyle id="449">
                <color>ff00ff00</color>
                <colorMode>normal</colorMode>
                <width>3</width>
            </LineStyle>
        </Style>
        <Placemark id="443">
            <name>flight_path</name>
            <styleUrl>#444</styleUrl>
            <LineString id="442">
                <altitudeMode>relativeToGround</altitudeMode>
                <coordinates>131.010392,31.222216000000007,3.000000004412624 131.0103920000045,31.222215999991075,3.0000027652305543 131.0103920000085,31.222215999994766,3.0000030853541984 131.0103920000085,31.222215999994766,3.0000030853541984 131.01039200000852,31.222215999994766,3.0000030853541984 131.01039201539675,31.22221599246117,3.0023884986471163 131.0103920617776,31.22221596990869,3.015331231721257 131.01039213193175,31.22221593580231,3.0351264363252404 131.01039220552698,31.222215900001803,3.055106219166761 131.0103923261533,31.222215841380503,3.090004394730484 131.01039241011944,31.222215800500727,3.1115340872331685 131.01039255023213,31.22221573238213,3.151063460926564 131.0103926908424,31.222215663995925,3.189784893121109 131.01039284206664,31.22221559043897,3.23111772340097 131.01039301222698,31.2222155076778,3.2778754514712065 131.01039319835945,31.22221541714896,3.329057119327625 131.01039339622227,31.222215320908244,3.383229829375461 131.0103936086097,31.222215217601374,3.4413386621870097 131.01039382835415,31.2222151107022,3.500962017738751 131.0103940692252,31.222214993537087,3.566754013292423 131.0103943154942,31.22221487372917,3.6334003425495367 131.0103945800907,31.22221474501192,3.705270765720048 131.01039485370347,31.222214611898128,3.779219998303775 131.01039513986652,31.222214472675024,3.856442763351153 131.01039544418495,31.22221432462593,3.9388336136528577 131.01039575462735,31.22221417358214,4.022328928820314 131.01039608061367,31.222214014978025,4.110111315127456 131.01039641907315,31.22221385030192,4.20114441129061 131.01039677261693,31.22221367828824,4.296310626724281 131.01039713608534,31.22221350143773,4.393868548192477 131.010397517966,31.22221331563664,4.496683993164735 131.01039790540767,31.22221312711366,4.600420125064151 131.01039830590005,31.22221293223868,4.707604968129808 131.01039871921526,31.222212731122088,4.8181619013200345 131.01039914602634,31.222212523437697,4.932317992273902 131.0103995843797,31.222212310132328,5.049414803571431 131.01040002919007,31.222212093670787,5.167739039340097 131.010400488852,31.222211869984235,5.290119088179969 131.01040096154043,31.222211639957216,5.415939478570699 131.01040144391652,31.222211405208075,5.544076156420129 131.01040193996343,31.222211163806087,5.675869112702848 131.01040244347448,31.22221091875968,5.809230869593894 131.01040295825328,31.222210668225145,5.945439804389508 131.01040348638034,31.22221041119396,6.085193185839201 131.01040402793237,31.222210147628825,6.228514853755213 131.0104045774418,31.22220988018005,6.373570321964543 131.0104051377902,31.2222096074508,6.521325187598352 131.01040571307726,31.222209327453587,6.673149607941206 131.01040630329675,31.222209040191352,6.829037586096744 131.01040689520636,31.22220875208352,6.984563197684807 131.01040750096558,31.22220845723537,7.143787353550456 131.0104081214021,31.222208155245536,7.306979827983644 131.01040875222748,31.222207848192888,7.472708023785239 131.01040938861175,31.222207538419,7.639365051166282 131.0104100415545,31.222207220590928,7.810603337186065 131.01041070492113,31.22220689768276,7.98437975261839 131.0104113765162,31.222206570758807,8.159965504549577 131.0104120627253,31.222206242045488,8.339426420983465 131.01041275987828,31.222205908054736,8.520697648313684 131.0104134685171,31.22220557076013,8.704837377606843 131.01041419642868,31.22220522604956,8.894008701579036 131.01041493003245,31.22220488055527,9.08379862332858 131.0104156758868,31.22220453103875,9.276366383100434 131.010416437523,31.22220417571946,9.472864329562467 131.01041721652877,31.222203813736265,9.673809081896056 131.01041799430422,31.222203454454064,9.873096415844376 131.01041878746727,31.22220308940092,10.076186708138543 131.0104196034021,31.22220271457541,10.285507274270882 131.01042042402787,31.222202339343102,10.495117402541627 131.0104212520236,31.222201962326054,10.705900807750288 131.01042209747203,31.22220157792445,10.921190169971172 131.0104229575119,31.2222011874764,11.140055003401736 131.01042382472522,31.22220079508145,11.360046149450488 131.01042470161806,31.222200399264526,11.582000129476995 131.01042559439313,31.222199996144298,11.808000749150104 131.01042650320818,31.22219958529459,12.038127636091312 131.01042741270587,31.222199176210022,12.267232556002272 131.010428339875,31.22219875798406,12.501048875897506 131.01042927764186,31.222198334834527,12.737218546540904 131.01043022494565,31.22219790733265,12.97539566234206 131.01043117995323,31.222197476631013,13.21496598724138 131.01043215305063,31.222197034882075,13.45954008386108 131.01043313529212,31.22219658827267,13.706063216206676 131.01043412122638,31.222196141039863,13.952632419075549 131.01043512377177,31.222195682625376,14.203813790922672 131.01043613971876,31.22219521494044,14.458542266743276 131.01043715623393,31.222194748910017,14.71224419664939 131.01043818680722,31.22219427250412,14.969784553463814 131.0104392292996,31.222193786897066,15.230464906249797 131.01044027912488,31.222193296128392,15.492639339288514 131.01044133684587,31.222192799470644,15.756535027033229 131.01044240562624,31.22219229317228,16.023385678783573 131.010443484462,31.22219177767993,16.2928759608525 131.01044456762065,31.22219125918132,16.562836326994507 131.0104456631508,31.222190727863303,16.83643005760874 131.01044676902765,31.222190185245104,17.112958615254996 131.010447877955,31.222189640394827,17.389541496754678 131.01044900074655,31.22218907845326,17.6705956376931 131.01045012987177,31.222188508862423,17.953139617375374 131.01045126161935,31.222187937080182,18.235624698823337 131.01045240669163,31.22218734612605,18.522650859373087 131.01045355842055,31.2221867452937,18.811485053185475 131.01045471608143,31.22218613551144,19.101840598338576 131.01045588221393,31.22218551165773,19.39492080132956 131.01045705260324,31.222184880746887,19.68888433938466 131.01045822782635,31.22218424137425,19.984030651433315 131.01045941443508,31.22218357894584,20.28359971384741 131.0104605996694,31.22218291985224,20.581493043067056 131.01046179584935,31.22218223630697,20.88383557410482 131.0104629979348,31.22218153804569,21.188289199453216 131.01046420112576,31.2221808369008,21.492369403955657 131.01046540987835,31.22218012095641,21.79848065610125 131.0104666304626,31.22217937023059,22.11032854660722 131.01046785015728,31.22217862045952,22.42088503595271 131.01046907003732,31.222177869954933,22.73061256511264 131.01047030281512,31.22217707460505,23.047381448693955 131.0104715314309,31.222176291298805,23.360867195805376 131.0104727654767,31.222175486186604,23.67706443193161 131.01047401126766,31.22217462966268,24.00065283413 131.0104752467107,31.222173813686982,24.316433737085976 131.01047649318866,31.222172945572595,24.63948769420864 131.01047774435003,31.22217204788124,24.96583349338241 131.01047898811257,31.222171184237627,25.285833502507487 131.01048024357192,31.222170250734,25.61505579974808 131.01048149590943,31.222169327133145,25.94151046578641 131.01048274805504,31.222168399158228,26.267422120018608 131.010484008004,31.22216740740898,26.60088240099491 131.01048526342183,31.22216643839674,26.92992196331397 131.010486520198,31.22216545007576,27.26033085392393 131.01048778179327,31.222164404753425,27.59679124565569 131.01048903877216,31.22216338936176,27.928106041709853 131.01049029867644,31.22216232931417,28.263727618399383 131.01049155899145,31.222161243993945,28.601044581107143 131.01049281633715,31.22216017826646,28.934703929481 131.01049407716465,31.22215903860751,29.275695010641755 131.0104953346819,31.222157923185268,29.61248237643273 131.0104965919175,31.222156786235807,29.95040474541939 131.01049785046655,31.22215558140992,30.294436916198183 131.01049910559277,31.22215441495309,30.63286603190713 131.01050036067997,31.22215320522717,30.97461538937195 131.01050161516193,31.22215194860103,31.31986579997808 131.01050286701013,31.222150725091648,31.660267996203167 131.01050411844346,31.22214943269296,32.0063487457522 131.01050536773715,31.22214815124977,32.34987581623159 131.0105066154076,31.22214685708992,32.69329143855179 131.01050786163648,31.22214548428864,33.04298575920085 131.01050910571573,31.22214415500404,33.387002114288684 131.01051034805303,31.22214278697029,33.73336457637189 131.01051158820013,31.2221413500536,34.08479748875396 131.0105128266815,31.22213997407047,34.42906769360439 131.0105140627324,31.222138508895323,34.78024504179736 131.01051529677108,31.222137044914103,35.129842505920315 131.0105165290396,31.22213559094409,35.47711616933677 131.0105177584228,31.22213404690524,35.831148009441144 131.01051898634705,31.222132544731164,36.179949513752966 131.01052021190824,31.222130999036192,36.53126211201453 131.01052143508085,31.22212941071701,36.88495462210664 131.01052265677097,31.22212785365112,37.234446430231095 131.01052387578747,31.22212621885875,37.58944097584768 131.01052509322062,31.222124603955688,37.94125763601211 131.01052630875003,31.222122975326428,38.29289921763121 131.01052752204,31.22212127346713,38.64962971665291 131.010528733887,31.222119611287564,39.00146070088809 131.01052994388803,31.22211790500887,39.355827545589925 131.010531152307,31.22211616647541,39.711695448033005 131.01053235912482,31.222114449048984,40.06432752391983 131.01053356488757,31.22211264643726,40.42323209160613 131.0105347689291,31.222110885702097,40.777051460145984 131.01053597186475,31.222109091717225,41.13253767089783 131.01053717482358,31.22210722300028,41.49351554025255 131.010538375177,31.222105422864765,41.84694316119416 131.0105395764836,31.222103531719355,42.207447045210365 131.01054077611067,31.222101664895945,42.564455987619326 131.01054197521887,31.22209977992804,42.92189875051318 131.0105431759179,31.2220978346263,43.28382121564284 131.0105443739219,31.22209593076357,43.640600101431644 131.01054557475476,31.222093955641924,44.00302854354622 131.01054677436156,31.22209199299853,44.36310307466285 131.01054797351424,31.2220900261106,44.72242226732455 131.0105491772244,31.222087989725235,45.087539565243866 131.01055037689935,31.22208600187752,45.44669125946329 131.01055158186205,31.222083946763348,45.81158296293914 131.01055278584863,31.22208190265428,46.17431698997101 131.0105539906207,31.222079848909534,46.537001513318046 131.01055520210969,31.2220777345524,46.905113873422046 131.01055640830768,31.222075668648365,47.267069129158045 131.01055762399272,31.22207352699439,47.63626898926331 131.01055883628516,31.222071416198258,48.001183108494295 131.01056005238544,31.22206928054032,48.36793004320168 131.0105612759656,31.22206710013712,48.738897000524005 131.01056249391252,31.222064961352235,49.10425552499261 131.01056372409988,31.222062752945,49.47685685062643 131.0105649509245,31.22206057150633,49.84553467657872 131.0105661824111,31.222058369775688,50.21583123853141 131.0105674240842,31.222056122224224,50.5909629737648 131.01056865821013,31.222053920341168,50.95980538237472 131.0105699085263,31.222051646763248,51.3368229761517 131.01057115490747,31.22204940061733,51.70979222429754 131.01057240662675,31.22204713765027,52.084229752903504 131.0105736669196,31.222044846074773,52.46175076360301 131.01057492292813,31.222042581042512,52.83524632915552 131.01057619622657,31.22204025393953,53.216319063769966 131.0105774632889,31.22203796112616,53.59234825820962 131.01057874018267,31.22203563858612,53.97180570915214 131.01058002311498,31.222033302727105,54.352584930761054 131.01058130283388,31.222030987697075,54.73004686493846 131.01058260432674,31.22202860323324,55.11656267232223 131.0105838936892,31.222026271656137,55.49536936648895 131.0105852000892,31.222023889346595,55.88075240931014 131.01058650697345,31.222021515143656,56.26460714482543 131.01058781521164,31.22201914549029,56.647403577369374 131.01058914054863,31.222016727685087,57.03656400110281 131.01059045702655,31.222014349024576,57.41982437979871 131.01059179208718,31.22201191780912,57.81009566292818 131.01059312333433,31.22200950867194,58.196866099154256 131.01059446088834,31.222007087838488,58.58489050404269 131.01059581029173,31.22200463704865,58.97674161058217 131.01059715243943,31.222002219351044,59.3635358386974 131.01059851662023,31.22199973733797,59.75894220096877 131.01059987188157,31.221997293917127,60.14852859447814 131.01060124171266,31.221994810109976,60.543308693493685 131.01060261045515,31.22199233844435,60.9359577348545 131.0106039814467,31.22198986753483,61.328056107283246 131.01060536572243,31.221987358172846,61.72491535047373 131.0106067430092,31.2219848814618,62.116851472800256 131.01060814071934,31.221982338357563,62.51716795299488 131.01060952973273,31.22197983432107,62.9117253136026 131.0106109279512,31.22197730305037,63.309325289230976 131.01061233227284,31.22197475451524,63.70855358519639 131.0106137311484,31.22197223421692,64.10355012508285 131.01061514453235,31.22196966073537,64.5046491118253 131.01061655669213,31.221967097120142,64.90379101100943 131.01061796637643,31.221964550108893,65.30021782798129 131.01061938461024,31.22196196962348,65.69999927166654 131.01062080820765,31.221959367060776,66.10160346555926 131.0106222295721,31.221956778505287,66.50074411048817 131.01062365177995,31.22195418949851,66.89915191144802 131.01062507974837,31.221951572338,67.29991410956397 131.0106265088708,31.22194894941376,67.70039719683305 131.0106279378268,31.221946328183456,68.09977590881536 131.01062936755255,31.221943702638093,68.49869267102484 131.01063079995438,31.221941058850884,68.89857001769046 131.01063223243642,31.22193841186589,69.29775477217922 131.0106336648597,31.221935762218788,69.69618071918983 131.01063509784592,31.221933104118776,70.09440116065075 131.0106365310097,31.22193043875027,70.49224665651391 131.01063796383423,31.221927769023704,70.8893963853196 131.01063939623526,31.22192509450474,71.28586396304239 131.01064082851937,31.22192241065824,71.68203975619889 131.01064226033532,31.22191971900649,72.07773764387406 131.01064369146093,31.22191702035433,72.47285166366531 131.0106451215018,31.221914317882256,72.86707037163838 131.01064655036183,31.221911611605822,73.26037215616307 131.01064797862176,31.22190889175614,73.65357120437626 131.01064940534775,31.221906169397432,74.04568283161004 131.0106508308849,31.22190343823356,74.4372244543182 131.01065225498297,31.22190070039598,74.8279901257748 131.01065367767995,31.221897953500303,75.21815271021168 131.01065509857116,31.22189520391293,75.6071795148918 131.0106565179027,31.22189244533538,75.99556006457301 131.0106579355465,31.22188967864298,76.38320229446546 131.0106593512835,31.22188690803636,76.76976709633513 131.01066076531137,31.221884127303813,77.15572199507174 131.01066217757088,31.22188133643725,77.54104978392684 131.01066358772633,31.221878544983287,77.92502454743409 131.0106649961075,31.221875742429443,78.30843074163663 131.01066640251102,31.22187293475164,78.69081449115424 131.01066780696405,31.221870121337417,79.07222085689345 131.01066920950683,31.22186730114049,79.45272535396003 131.01067061020194,31.221864472568218,79.83244356058054 131.01067200900732,31.22186163817433,80.21119208293277 131.01067340601452,31.22185879606272,80.58911282638653 131.01067480118476,31.22185594919509,80.96599788342185 131.01067619461756,31.221853095991115,81.34196924747965 131.01067758628636,31.221850239280176,81.71683235008406 131.0106789763611,31.221847375909128,82.09082538426361 131.0106803649695,31.221844504677566,82.46404774315934 131.01068175207132,31.221841629106752,82.83625915534137 131.01068313779473,31.221838748084,83.2075552955773 131.01068452222853,31.221835861859617,83.57793479836428 131.01068590525608,31.221832975090635,83.94707396709897 131.0106872872996,31.22183008112336,84.31548021757686 131.0106886681778,31.22182718588744,84.68273674081632 131.0106900483895,31.22182428252729,85.04937504994409 131.0106914276221,31.22182137854192,85.41485681773828 131.0106928065013,31.22181846605447,85.77979967297723 131.0106941846047,31.221815553357064,86.14359799986175 131.0106955622152,31.22181263793737,86.50646471193198 131.01069693975109,31.221809716453063,86.86868728221148 131.01069831707355,31.22180679246257,87.23001573393395 131.01069969407234,31.22180386845917,87.59027480027255 131.01070107150227,31.221800937981392,87.95000838574326 131.01070244893805,31.221798006956423,88.30876815191324 131.0107038269326,31.22179507138388,88.66690614801918 131.01070520522745,31.221792134949297,89.02414667188796 131.01070658393283,31.22178919771195,89.38050809445905 131.01070796334875,31.221786258364222,89.73612753285242 131.01070934361303,31.22178331700262,90.09102531475612 131.0107107246727,31.221780375002943,90.44510856119408 131.01071210669224,31.22177743206968,90.79842730809553 131.01071348955745,31.22177448978641,91.15086544342216 131.01071487404343,31.221771543967176,91.5028221454919 131.0107162593737,31.221768600291863,91.853810456201 131.01071764648069,31.221765653721143,92.20430971082736 131.01071903499215,31.221762707207485,92.55407382853292 131.01072042441876,31.22175976394547,92.90282231279454 131.01072181589953,31.22175681816288,93.25111446622104 131.01072320881207,31.221753873805888,93.59859971483768 131.0107246029408,31.221750932300875,93.94515531956776 131.01072599933212,31.221747988716075,94.2912707330182 131.01072739687498,31.221745048980647,94.63638906004851 131.01072879649007,31.22174210881405,94.98093705887436 131.01073019858154,31.2217391666558,95.3250828242615 131.01073160178197,31.221736229158903,95.6681821290044 131.01073300680892,31.22173329305381,96.01056320517988 131.01073441370255,31.221730358326667,96.3522357674726 131.01073582300808,31.22172742263224,96.69343959246 131.0107372339547,31.22172448951705,97.03382599040324 131.0107386466559,31.22172155846383,97.3734484067452 131.0107400616272,31.22171862717808,97.71253732803449 131.0107414782391,31.22171569841272,98.05081775406704 131.01074289645146,31.22171277225496,98.38827926492574 131.0107443172498,31.22170984422553,98.72536433739344 131.01074573893135,31.221706921735727,99.0613319777292 131.01074716362882,31.221703995094565,99.3971357780865 131.01074858945276,31.22170107253301,99.73195452467908 131.0107500172096,31.221698150188487,100.06616058827944 131.01075144663253,31.221695228980945,100.39965303158624 131.01075287801555,31.22169230722262,100.73258325409752 131.0107543108497,31.221689386926247,101.06474385263368 131.01075574504517,31.221686468169704,101.39611525188192 131.01075718060943,31.22168355051943,101.726724432553 131.0107586177589,31.221680632441224,102.05669836930215 131.0107600556638,31.221677717625635,102.38567761624628 131.01076149504573,31.221674801919328,102.71402894800272 131.0107629353674,31.22167188753355,103.0415300034008 131.0107643765492,31.221668974379035,103.36817202853896 131.0107658185211,31.221666062270035,103.69395310197004 131.010767261731,31.221663147963103,104.01913503160988 131.01076870500202,31.221660237680112,104.343158478403 131.01077014924155,31.22165732537859,104.66652341310024 131.0107715942473,31.22165441137502,104.98917412420948 131.01077303941588,31.221651498831616,105.31082724518728 131.0107744849593,31.221648585656915,105.63163602220716 131.01077593077596,31.221645671672384,105.95159094398092 131.01077737685662,31.221642756025936,106.27073568934874 131.01077882237576,31.221639844222288,106.58862304260002 131.0107802679352,31.221636930822097,106.90565546211052 131.0107817133058,31.221634016571706,107.221749571566 131.01078315820368,31.22163110302125,107.5367706029634 131.010784602946,31.2216281862936,107.85098115656844 131.0107860468297,31.22162527208118,108.16395163384274 131.01078748997853,31.221622358486144,108.47580509540424 131.010788932902,31.22161943876039,108.7869853078606 131.0107903749739,31.22161651844879,109.09708665208744 131.01079181593147,31.22161360002529,109.40593369578404 131.0107932561267,31.22161067811146,109.71386754581928 131.01079469529603,31.221607754791226,110.02073076703972 131.01079613340522,31.22160482947857,110.32654597471348 131.0107975703988,31.22160190184768,110.63131814462236 131.01079900618484,31.22159897222597,110.93501249205164 131.01080044055368,31.221596043242865,111.23745771019014 131.0108018735912,31.221593112489508,111.53878947777952 131.01080330522345,31.22159018023328,111.83897914585224 131.01080473531127,31.22158724844807,112.13790250563456 131.0108061638977,31.22158431547083,112.43564866382953 131.0108075912397,31.22158137413344,112.73261271429318 131.01080901677295,31.22157843717942,113.02806782926456 131.0108104407727,31.22157549765168,113.3224033498343 131.0108118632516,31.221572554297413,113.61567882561108 131.0108132840655,31.22156961068728,113.90769464650153 131.0108147032473,31.22156666580962,114.19850451598958 131.0108161207266,31.221563721751824,114.48799556374428 131.0108175366132,31.22156077524854,114.7763407359365 131.01081895093304,31.22155782562533,115.06357363946378 131.01082036354262,31.22155487792124,115.34943187949006 131.01082177459497,31.221551927894257,115.63413987941028 131.01082318417392,31.22154897362538,115.91779830825357 131.01082459222647,31.221546017744814,116.20027447687671 131.01082599865936,31.22154306410076,116.48137599136145 131.0108274036272,31.221540109088327,116.76129425135616 131.01082880728487,31.221537149626105,117.0401931660752 131.01083020958805,31.22153418847448,117.317938303269 131.0108316105409,31.22153122683542,117.59447626156764 131.01083301017988,31.2215282650802,117.8697966835153 131.0108344086681,31.2215253007344,118.14403651683332 131.01083580585325,31.22152233875932,118.4169499727396 131.01083720212276,31.22151937211521,118.68891238285616 131.01083859736113,31.221516404972103,118.95971976371152 131.01083999173463,31.22151343546682,119.22948150116852 131.01084138513625,31.2215104669589,119.49803384101376 131.01084277763056,31.22150749943903,119.76538912288844 131.01084416954984,31.221504528864127,120.03177650256218 131.0108455609064,31.22150155664761,120.29713655642271 131.01084695191233,31.221498581055304,120.56157841927973 131.01084834224577,31.221495607754708,120.82480869472953 131.01084973216237,31.22149263422733,121.08697800279177 131.01085112218115,31.221489655381703,121.34838599666278 131.01085251166947,31.22148668001183,121.60855959340168 131.0108539013143,31.221483701093668,121.86790729061632 131.01085529087663,31.22148072245861,122.12623023853058 131.01085668013215,31.221477747126897,122.38336837922397 131.01085806956772,31.221474771025925,122.63957150165056 131.01085945907897,31.221471796121104,122.89474226768418 131.010860848775,31.22146882216008,123.14891039698628 131.01086223873344,31.2214658492016,123.40208760148096 131.01086362903047,31.22146287730308,123.65428543304044 131.01086501974032,31.22145990652052,123.90551525267396 131.0108664109354,31.221456936908336,124.1557881788458 131.01086780268565,31.221453968519228,124.4051150815132 131.01086919505883,31.221451001404034,124.65350653143788 131.01087058812004,31.22144803561161,124.9009727743446 131.01087198193153,31.2214450711887,125.14752369911795 131.0108733765526,31.22144210817981,125.39316882786528 131.0108747720396,31.22143914662714,125.63791725826938 131.01087616844544,31.221436186570408,125.88177766856138 131.01087756581964,31.22143322804684,126.12475827577688 131.01087896420833,31.22143027109104,126.36686682681236 131.0108803636539,31.22142731573493,126.60811056860987 131.01088176419523,31.221424362007724,126.84849624617084 131.01088316586703,31.22142140993579,127.08803006180663 131.0108845687005,31.221418459542665,127.32671768905593 131.0108859727226,31.221415510849017,127.5645642329284 131.0108873779564,31.221412563872548,127.80157424481784 131.01088878442098,31.22140961862804,128.037751693677 131.0108901921312,31.221406675127326,128.27309996701516 131.010891601098,31.221403733379294,128.5076218748761 131.0108930113281,31.22140079338987,128.74131962697732 131.0108944228243,31.221397855162035,128.97419485259206 131.01089583558525,31.221394918695875,129.20624857967744 131.01089724960562,31.22139198398856,129.43748125972456 131.01089866487607,31.22138905103444,129.6678927448992 131.01090008138334,31.22138611982502,129.89748231487934 131.0109014991104,31.221383190349087,130.12624868083245 131.0109029180364,31.221380262592763,130.3541899794522 131.01090433813687,31.22137733653948,130.58130380277825 131.01090575938366,31.221374412170206,130.80758719521472 131.01090718174527,31.221371489463408,131.0330366734098 131.01090860518687,31.2213685683952,131.25764823718995 131.01091002967027,31.221365648939408,131.48141739341511 131.01091145515431,31.221362731067696,131.70433915697163 131.01091288159475,31.221359814749647,131.9264080835742 131.01091430894476,31.22135689995292,132.14761828268587 131.01091573715468,31.22135398664332,132.36796344037947 131.0109171661725,31.22135107478496,132.58743684219755 131.0109185959439,31.22134816434036,132.8060313880612 131.01092002641235,31.22134525527057,133.0237396280518 131.01092145751943,31.22134234753537,133.24055377334344 131.010922889205,31.22133944109332,133.45646572800828 131.0109243214072,31.221336535901926,133.67146711485935 131.01092575406287,31.221333631917805,133.8855492973141 131.01092718710763,31.221330729096817,134.09870341120237 131.01092862047608,31.22132782739418,134.31092038861675 131.010930054102,31.22132492676465,134.52219098475055 131.0109314879186,31.221322027162664,134.7325058097004 131.01093292185857,31.221319128542447,134.94185535033304 131.0109343558545,31.221316230858186,135.15023000308264 131.01093578983875,31.221313334064128,135.357620099793 131.010937223744,31.2213104381148,135.5640159365388 131.01093865750326,31.22130754296503,135.76940779847348 131.01094009104992,31.22130464857016,135.9737859906386 131.01094152431824,31.22130175488616,136.17714086579292 131.01094295724323,31.221298861869737,136.3794628532353 131.0109443897611,31.221295969478465,136.58074247271583 131.01094582180923,31.221293077670897,136.78097038015784 131.01094725332644,31.22129018640667,136.98013738156865 131.01094868425304,31.221287295646626,137.17823445788758 131.01095011453108,31.22128440535289,137.37525279181935 131.0109515441046,31.221281515488982,137.57118379367495 131.01095297291948,31.22127862601989,137.7660191152839 131.01095440092377,31.221275736912155,137.9597506857753 131.01095582806784,31.221272848133943,138.15237072151436 131.01095725430443,31.221269959655142,138.34387174597848 131.01095867958887,31.22126707144736,138.53424662056833 131.01096010387894,31.221264183484028,138.7234885495754 131.0109615271353,31.221261295740465,138.91159110502844 131.01096294932117,31.22125840819385,139.09854823861812 131.01096437040297,31.22125552082334,139.28435429660513 131.0109657903498,31.22125263361,139.46900403770863 131.01096720913387,31.22124974653689,139.6524926420505 131.0109686267305,31.221246859589083,139.8348157210922 131.010970043118,31.22124397275364,140.0159693275737 131.01097145827796,31.22124108601957,140.19594997439597 131.01097287219503,31.221238199377968,140.37475462070367 131.01097428485718,31.22123531282183,140.5523806997155 131.01097569625543,31.221232426346145,140.72882611673458 131.0109771063842,31.22122953994784,140.90408924218883 131.01097851524096,31.22122665362573,141.0781689315092 131.01097992282644,31.22122376738055,141.25106451121425 131.01098132914447,31.22122088121481,141.4227757888471 131.01098273420214,31.221217995132864,141.59330304303663 131.01098413800955,31.22121510914077,141.7626470324413 131.01098554057978,31.22121222324629,141.93080897686391 131.010986941929,31.221209337458824,142.0977905642095 131.01098834207627,31.221206451789342,142.2635939405444 131.01098974104352,31.221203566250303,142.4282216971754 131.01099113885545,31.221200680855656,142.59167687263715 131.01099253553943,31.221197795620693,142.7539629348024 131.0109939311255,31.221194910562023,142.91508376795875 131.0109953256462,31.221192025697505,143.07504367181744 131.01099671913644,31.221189141046125,143.2338473376566 131.01099811163348,31.22118625662796,143.39149984434837 131.01099950317672,31.22118337246411,143.5480066315209 131.01100089380773,31.2211804885766,143.70337349260348 131.01100228356992,31.22117760498828,143.85760655892227 131.01100367250862,31.22117472172279,144.01071227584816 131.0110050606708,31.221171838804445,144.16269739186396 131.01100644810495,31.22116895625817,144.31356893471107 131.0110078348612,31.221166074109448,144.4633341915107 131.01100922099073,31.22116319238417,144.61200069485227 131.0110106065459,31.22116031110861,144.75957619794394 131.01101199158035,31.22115743030936,144.90606865076097 131.0110133761482,31.2211545500132,145.05148618811955 131.0110147603046,31.221151670247067,145.19583709588437 131.01101614410513,31.22114879103796,145.33912980003691 131.0110175276058,31.22114591241288,145.4813728348711 131.011018910863,31.22114303439873,145.62257483206238 131.01102029393314,31.22114015702232,145.76274448488655 131.01102167687276,31.2211372803102,145.9018905323196 131.01102305973808,31.221134404288648,146.04002174313655 131.0110244425852,31.221131528983605,146.17714687714815 131.0110258254697,31.22112865442061,146.31327468222412 131.01102720844656,31.22112578062473,146.44841385652273 131.01102859157015,31.22112290762053,146.58257303358425 131.01102997489392,31.22112003543199,146.71576076245543 131.01103135847035,31.221117164082457,146.8479854828422 131.01103274235092,31.221114293594614,146.9792555062263 131.01103412658583,31.22111142399044,147.10957899300735 131.01103551122392,31.221108555291096,147.23896394157157 131.0110368963126,31.221105687517,147.36741815648733 131.01103828189778,31.221102820687683,147.49494923658017 131.0110396680236,31.2210999548218,147.62156456698293 131.01104105473254,31.22109708993709,147.74727128335618 131.01104244206516,31.221094226050365,147.8720762619494 131.0110438300601,31.22109136317744,147.99598611861157 131.01104521875388,31.22108850133313,148.11900717101966 131.011046608181,31.22108564053126,148.24114544365293 131.01104799837373,31.221082780784567,148.3624066409562 131.01104938936214,31.22107992210476,148.48279615231317 131.0110507811739,31.221077064502456,148.60231901626366 131.01105217383432,31.221074207987204,148.72097993541607 131.0110535673663,31.22107135256745,148.83878325259295 131.0110549617903,31.22106849825055,148.95573294486942 131.0110563571243,31.22106564504273,149.07183261860413 131.01105775338362,31.22106279294917,149.18708550645877 131.0110591505812,31.22105994197388,149.30149444851395 131.0110605487273,31.22105709211981,149.41506190419813 131.0110619478296,31.22105424338885,149.52778994334207 131.01106334789324,31.22105139578173,149.6396802352462 131.01106474892077,31.221048549298214,149.7507340606103 131.0110661509121,31.22104570393691,149.86095230159168 131.0110675538646,31.22104285969548,149.970335446778 131.01106895777323,31.221040016570505,150.07888359118652 131.0110703626302,31.22103717455764,150.18659643527 131.01107176842544,31.221034333651485,150.29347329982707 131.0110731751463,31.22103149384577,150.39951312003754 131.01107458277778,31.221028655133296,150.50471444645683 131.0110759913026,31.22102581750596,150.6090754619131 131.01107740070103,31.221022980954803,150.7125939844883 131.01107881095123,31.221020145470085,150.81526747248788 131.01108022202908,31.22101731104127,150.91709303537422 131.01108163390845,31.221014477657057,151.01806744370384 131.01108304656117,31.22101164530548,151.1181871350923 131.01108445995703,31.221008813973885,151.21744823210346 131.0110858740641,31.22100598364901,151.3158465472189 131.01108728884853,31.22100315431704,151.41337759277596 131.01108870427487,31.22100032596361,151.51003660482203 131.01109012030605,31.22099749857385,151.6058185421183 131.01109153690356,31.2209946721325,151.70071811496493 131.01109295402736,31.220991846623885,151.79472978818012 131.01109437163626,31.220989022031983,151.8878477970023 131.01109578968777,31.22098619834051,151.98006616597377 131.01109720813847,31.22098337553292,152.07137872683103 131.0110986269438,31.22098055359247,152.16177912446503 131.01110004605843,31.220977732502284,152.2512608507159 131.01110146543633,31.22097491224537,152.33981724138772 131.0111028850308,31.22097209280475,152.42744150109743 131.01110430479454,31.220969274163377,152.51412672911337 131.01110572468,31.22096645630427,152.59986592333075 131.01110714463923,31.220963639210566,152.68465200611243 131.01110856462424,31.220960822865543,152.76847783820216 131.0111099845868,31.220958007252648,152.8513362366131 131.01111140447887,31.22095519235556,152.9332199964936 131.01111282425268,31.22095237815825,153.01412189609457 131.01111424386045,31.22094956464497,153.0940347345377 131.01111566325508,31.22094675180037,153.17295133181344 131.01111708238983,31.22094393960944,153.25086454766364 131.0111185012187,31.22094112805761,153.32776731438085 131.01111991969623,31.2209383171308,153.40365262885393 131.011121337778,31.220935506815383,153.47851359530625 131.01112275542033,31.22093269709825,153.5523434183353 131.0111241725807,31.22092988796689,153.62513543173725 131.01112558921764,31.22092707940928,153.69688311341187 131.01112700529092,31.220924271414063,153.7675800933145 131.0111284207616,31.22092146397045,153.83722018128296 131.0111298355921,31.22091865706832,153.9057973630609 131.0111312497464,31.220915850698148,153.97330582415088 131.01113266318993,31.22091304485112,154.03973996969177 131.01113407588977,31.220910239519057,154.1050944234622 131.01113548781467,31.220907434694457,154.1693640457714 131.0111368989352,31.22090463037052,154.23254394538435 131.01113830922367,31.22090182654112,154.29462949045396 131.0111397186543,31.2208990232008,154.35561631547716 131.01114112720325,31.220896220344805,154.415500333221 131.01114253484857,31.22089341796904,154.4742777446618 131.0111439415703,31.220890616070115,154.53194503997668 131.0111453473507,31.22088781464525,154.5884990154401 131.01114675217391,31.220885013692364,154.64393677044183 131.0111481560263,31.22088221320999,154.6982557243817 131.01114955889642,31.22087941319729,154.75145360971285 131.01115096077473,31.220876613654035,154.8035284838668 131.01115236165404,31.22087381458059,154.85447873024788 131.0111537615293,31.22087101597788,154.9043030622082 131.01115516039755,31.22086821784737,154.95300051907145 131.01115655825808,31.22086542019109,155.00057047706605 131.0111579551123,31.220862623011527,155.04701264534864 131.0111593509638,31.22085982631168,155.09232706501064 131.0111607458182,31.220857030094944,155.1365141031141 131.0111621396833,31.220854234365216,155.17957446362567 131.011163532569,31.220851439126747,155.22150916952486 131.01116492448716,31.220848644384137,155.26231957473215 131.01116631545173,31.22084585014237,155.30200734621872 131.0111677054786,31.220843056406714,155.34057446996908 131.0111690945856,31.22084026318272,155.37802324104405 131.01117048279238,31.22083747047621,155.41435625562832 131.0111718701205,31.2208346782932,155.4495764070553 131.0111732565933,31.22083188663996,155.48368687586995 131.01117464223574,31.220829095522827,155.51669112783924 131.01117602707447,31.220826304948385,155.54859289904627 131.0111774111377,31.220823514923257,155.57939618793867 131.01117879445533,31.220820725454168,155.6091052463835 131.01118017705835,31.22081793654791,155.63772457072383 131.01118155897944,31.22081514821128,155.6652588908463 131.01118294025238,31.220812360451102,155.6917131522912 131.01118432091215,31.220809573274177,155.71709251426532 131.01118570099504,31.22080678668724,155.7414023307599 131.01118708053812,31.220804000696983,155.7646481425989 131.01118845957953,31.22080121531,155.78683566352615 131.01118983815823,31.22079843053276,155.8079707553576 131.0111912163141,31.220795646371634,155.82805943394723 131.01119259408745,31.22079286283284,155.84710784533385 131.01119397151928,31.22079007992241,155.8651222478507 131.0111953486511,31.22078729764623,155.882109003183 131.0111967255248,31.220784516009942,155.8980745624535 131.01119810218253,31.22078173501905,155.91302544535176 131.01119947866667,31.22077895467877,155.92696823218387 131.01120085501972,31.22077617499413,155.93990954896577 131.01120223128413,31.22077339596992,155.95185604555715 131.01120360750227,31.220770617610626,155.96281438771234 131.01120498371637,31.220767839920548,155.97279123620936 131.0112063599684,31.22076506290368,155.98179323989302 131.01120773629995,31.22076228656376,155.98982701679307 131.01120911275203,31.22075951090427,155.996899131264 131.01121048936523,31.220756735928376,156.00301609895715 131.0112118661795,31.220753961639023,156.00818435302753 131.01121324323407,31.220751188038843,156.01241024115487 131.0112146205672,31.220748415130192,156.01570000864646 131.01121599821644,31.22074564291517,156.01805978353127 131.01121737621827,31.22074287139557,156.01949557258433 131.01121875460817,31.22074010057296,156.0200132315107 131.01122013342044,31.220737330448618,156.01961846892237 131.0112215126881,31.22073456102354,156.01831682347867 131.0112228924432,31.22073179229852,156.0161136609068 131.01122427271605,31.22072902427404,156.0130141571044 131.0112256535358,31.220726256950364,156.00902328621495 131.01122703493004,31.220723490327547,156.00414581764673 131.01122841692492,31.22072072440539,155.9983862981823 131.011229799545,31.22071795918345,155.99174905098587 131.01123118281302,31.220715194661125,155.98423815771395 131.01123256675032,31.22071243083759,155.97585746149733 131.01123395137637,31.2207096677118,155.96661055004492 131.0112353367089,31.220706905282576,155.95650075166915 131.01123672276387,31.22070414354855,155.9455311362806 131.01123810955542,31.22070138250819,155.93370449451487 131.01123949709583,31.220698622159805,155.92102334767367 131.01124088539555,31.2206958625016,155.90748993877983 131.01124227446297,31.22069310353164,155.893106223631 131.01124366430489,31.220690345247856,155.8778738727889 131.01124505492584,31.22068758764812,155.86179427157947 131.01124644632873,31.22068483073018,155.84486850915877 131.01124783851435,31.22068207449175,155.8270973864664 131.01124923148174,31.22067931893044,155.8084814132415 131.01125062522783,31.22067656404382,155.78902080603655 131.0112520197478,31.220673809829467,155.76871549119815 131.01125341503493,31.220671056284868,155.74756510287853 131.01125481108053,31.22066830340755,155.7255689899947 131.01125620787425,31.22066555119501,155.7027262192076 131.01125760540367,31.220662799644806,155.67903556895976 131.01125900365494,31.22066004875448,155.65449554637084 131.01126040261212,31.220657298521623,155.62910438326173 131.01126180225776,31.220654548943887,155.60286004311126 131.01126320257262,31.220651800019013,155.5757602260257 131.011264603536,31.22064905174477,155.5478023806643 131.01126600512552,31.22064630411908,155.5189836992704 131.01126740731723,31.220643557139915,155.48930114052897 131.0112688100859,31.220640810805392,155.45875142261036 131.0112702134047,31.220638065113743,155.4273310390712 131.01127161724563,31.22063532006334,155.39503626978637 131.01127302157934,31.220632575652687,155.36186318194248 131.01127442637525,31.22062983188048,155.32780764991594 131.01127583160172,31.22062708874556,155.29286535527083 131.01127723722595,31.22062434624693,155.25703180564315 131.01127864321427,31.22062160438381,155.22030233772097 131.011280049532,31.22061886315562,155.18267213811683 131.0112814561437,31.22061612256193,155.14413624734064 131.01128286301326,31.22061338260256,155.10468957073354 131.01128427010363,31.220610643277546,155.0643268963559 131.0112856773775,31.220607904587112,155.0230429069138 131.01128708479675,31.22060516653173,154.98083218273993 131.01128849232316,31.22060242911212,154.93768922862773 131.01128989991798,31.22059969232918,154.89360847482428 131.01129130754225,31.220596956184085,154.8485842979015 131.0112927151569,31.22059422067824,154.80261102970067 131.01129412272283,31.220591485813248,154.75568296925755 131.01129553020084,31.22058875159101,154.707794401686 131.01129693755195,31.22058601801361,154.65893960612857 131.01129834473733,31.220583285083364,154.6091128696696 131.01129975171847,31.22058055280285,154.5583085032369 131.01130115845717,31.22057782117484,154.5065208525342 131.01130256491572,31.22057509020233,154.45374430897317 131.01130397105695,31.220572359888543,154.3999733265677 131.01130537684435,31.22056963023688,154.34520243286784 131.01130678224203,31.220566901250933,154.2894262398902 131.01130818721492,31.220564172934527,154.23263945803367 131.01130959172875,31.220561445291583,154.17483691098468 131.0113109957503,31.22055871832625,154.1160135347247 131.0113123992473,31.2205559920428,154.05616440734613 131.01131380218845,31.22055326644564,153.9952847460688 131.01131520454365,31.22055054153931,153.9333699241372 131.01131660628417,31.220547817328445,153.87041547777602 131.0113180073823,31.22054509381777,153.806417121099 131.01131940781187,31.22054237101209,153.74137074710123 131.01132080754786,31.220539648916272,153.67527244753825 131.01132220656694,31.2205369275352,153.60811851391733 131.01132360484715,31.22053420687377,153.53990544644475 131.011325002368,31.220531486936927,153.47062996595025 131.0113263991107,31.220528767729554,153.40028901388726 131.01132779505798,31.22052604925647,153.3288797652536 131.01132919019437,31.220523331522497,153.25639963057947 131.01133058450583,31.220520614532315,153.18284626586458 131.0113319779804,31.22051789829053,153.10821757655617 131.0113333706075,31.220515182801627,153.03251171357056 131.0113347623785,31.220512468069924,152.95572708721005 131.01133615328663,31.220509754099574,152.87786237312483 131.01133754332668,31.22050704089456,152.7989164993928 131.01133893249542,31.220504328458635,152.7188886644102 131.01134032079136,31.22050161679533,152.63777832794608 131.0113417082148,31.220498905907945,152.5555852230694 131.0113430947679,31.22049619579948,152.47230934422285 131.01134448045465,31.22049348647265,152.38795095417984 131.01134586528067,31.22049077792991,152.30251057808164 131.0113472492535,31.22048807017332,152.21598901337717 131.01134863238235,31.220485363204656,152.12838730895018 131.01135001467833,31.220482657025325,152.0397067840055 131.01135139615394,31.22047995163636,151.94994900719612 131.01135277682363,31.220477247038385,151.85911580557027 131.01135415670345,31.22047454323169,151.76720924667958 131.0113555358109,31.22047184021612,151.67423165050863 131.01135691416528,31.220469137991103,151.5801855666143 131.01135829178716,31.220466436555668,151.48507378406669 131.01135966869873,31.22046373590838,151.38889931157024 131.01136104492366,31.22046103604739,151.29166538342886 131.01136242048685,31.220458336970413,151.1933754376809 131.01136379541452,31.220455638674704,151.09403312206237 131.01136516973423,31.220452941157088,150.9936422771123 131.0113665434747,31.220450244413936,150.89220693517927 131.0113679166657,31.2204475484412,150.78973129557397 131.01136928933815,31.22044485323436,150.6862197315278 131.01137066152387,31.220442158788497,150.58167677926195 131.01137203325567,31.220439465098245,150.4761071181082 131.0113734045671,31.22043677215784,150.3695155605712 131.01137477549264,31.22043407996109,150.2619070533248 131.01137614606722,31.22043138850143,150.1532866543502 131.01137751632655,31.220428697771908,150.04365952797056 131.01137888630677,31.220426007765187,149.9330309249708 131.01138025604453,31.220423318473607,149.82140618856477 131.01138162557675,31.22042062988914,149.70879071960576 131.0113829949407,31.220417942003472,149.59518998056708 131.0113843641738,31.22041525480797,149.48060947764947 131.0113857333136,31.22041256829378,149.3650547508441 131.01138710239763,31.22040988245171,149.24853135803133 131.01138847146336,31.2204071972724,149.13104486404708 131.01138984054816,31.220404512746285,149.0126008277642 131.01139120968907,31.2204018288636,148.89320479811775 131.0113925789229,31.22039914561443,148.77286228627435 131.01139394828604,31.22039646298873,148.6515787676229 131.01139531781433,31.2203937809764,148.52935965792113 131.01139668754308,31.22039109956719,148.4062103083249 131.01139805750697,31.22038841875088,148.28213599942768 131.0113994277399,31.220385738517194,148.15714191442513 131.011400798275,31.220383058855887,148.0312331371263 131.01140216914453,31.220380379756765,147.904414644999 131.01140354037975,31.22037770120969,147.7766912853151 131.01140491201087,31.22037502320464,147.64806778012067 131.0114062840671,31.220372345731715,147.5185487003954 131.01140765657635,31.22036966878117,147.38813846903395 131.01140902956544,31.220366992343493,147.25684134395135 131.01141040305976,31.220364316409345,147.12466140615362 131.01141177708348,31.22036164096965,146.99160256868635 131.01141315165924,31.220358966015606,146.85766853886457 131.01141452680832,31.22035629153872,146.72286284113326 131.01141590255045,31.22035361753081,146.5871887822803 131.0114172789038,31.220350943984084,146.45064946833395 131.01141865588497,31.22034827089108,146.31324777971463 131.01142003350887,31.22034559824477,146.17498637620443 131.01142141178883,31.22034292603854,146.03586768601372 131.0114227907364,31.22034025426625,145.8958939028005 131.0114241703614,31.2203375829222,145.7550669797055 131.01142555067196,31.22033491200118,145.61338863432323 131.01142693167435,31.22033224149851,145.47086032385187 131.0114283133732,31.22032957141,145.32748327292427 131.01142969577108,31.220326901732047,145.1832584418019 131.01143107886904,31.22032423246156,145.0381865452593 131.01143246266605,31.22032156359605,144.8922680426435 131.0114338471595,31.220318895133587,144.74550313886928 131.0114352323449,31.22031622707287,144.597891780441 131.01143661821587,31.22031355941317,144.44943367135735 131.0114380047644,31.22031089215441,144.3001282532296 131.0114393919806,31.220308225297085,144.14997472317458 131.01144077985285,31.220305558842345,143.99897202784777 131.01144216836792,31.22030289279198,143.8471188713964 131.0114435575108,31.22030022714837,143.69441372042695 131.01144494726486,31.22029756191461,143.54085479605396 131.01144633761183,31.220294897094323,143.38644010172862 131.01144772853195,31.220292232691847,143.23116739839008 131.0114491200038,31.22028956871212,143.07503423726413 131.0114505120046,31.22028690516069,142.91803795489335 131.01145190451004,31.220284242043743,142.7601756810871 131.01145329749457,31.220281579368063,142.60144433693233 131.01145469093123,31.22027891714104,142.44184066461207 131.0114560847919,31.22027625537065,142.28136121249406 131.01145747904718,31.22027359406544,142.120002362961 131.01145887366664,31.22027093323453,141.9577603214752 131.01146026861883,31.220268272887616,141.79463114937914 131.0114616638712,31.22026561303485,141.63061075395265 131.01146305939056,31.220262953687,141.46569490928724 131.01146445514263,31.22026029485521,141.29987926622195 131.0114658510926,31.220257636551192,141.13315935731407 131.01146724720493,31.220254978787064,140.9655306167159 131.01146864344355,31.220252321575384,140.79698838514287 131.01147003977184,31.220249664929096,140.6275279218007 131.01147143615293,31.22024700886153,140.45714442128087 131.01147283254954,31.220244353386377,140.28583302151142 131.0114742289242,31.2202416985176,140.11358881767072 131.01147562523937,31.220239044269505,139.94040687212595 131.0114770214574,31.22023639065663,139.7662822273535 131.0114784175408,31.22023373769373,139.59120992581708 131.01147981345213,31.220231085395778,139.4151850059899 131.01148120915423,31.220228433777887,139.23820253515524 131.0114826046104,31.22022578285531,139.06025760443526 131.01148399978413,31.220223132643348,138.8813453556258 131.0114853946396,31.22022048315741,138.70146097821527 131.01148678914143,31.22021783441287,138.52059973621903 131.01148818325512,31.220215186425104,138.33875696917306 131.01148957694676,31.22021253920941,138.15592811400006 131.01149097018333,31.220209892780986,137.9721087030206 131.01149236293284,31.22020724715492,137.78729438780775 131.01149375516417,31.220204602346083,137.60148094216757 131.0114951468475,31.22020195836914,137.41466428102393 131.0114965379538,31.220199315238524,137.22684045843036 131.01149792845573,31.22019667296832,137.0380056904297 131.01149931832694,31.22019403157232,136.8481563580365 131.01150070754255,31.22019139106392,136.65728901121105 131.01150209607903,31.22018875145612,136.4654003947035 131.0115034839145,31.2201861127614,136.27248743612407 131.01150487102848,31.22018347499183,136.07854726980028 131.0115062574021,31.220180838158928,135.88357722981695 131.01150764301815,31.22017820227363,135.68757487188392 131.0115090278612,31.22017556734627,135.49053796637838 131.01151041191738,31.220172933386586,135.29246451027242 131.01151179517478,31.22017030040361,135.0933527330965 131.0115131776231,31.220167668405708,134.89320110091583 131.01151455925404,31.22016503740049,134.692008314342 131.01151594006097,31.22016240739485,134.4897733234434 131.01151732003925,31.22015977839484,134.2864953197928 131.01151869918607,31.220157150405736,134.08217374740312 131.01152007750048,31.220154523431976,133.87680829676148 131.01152145498347,31.220151897477148,133.6703989078142 131.0115228316379,31.220149272543967,133.46294577493532 131.01152420746857,31.22014664863425,133.25444933897637 131.01152558248208,31.220144025748933,133.04491029621224 131.0115269566869,31.22014140388797,132.834329581445 131.01152833009348,31.220138783050487,132.62270838390728 131.01152970271391,31.22013616323457,132.41004813533692 131.0115310745622,31.22013354443743,132.1963505050059 131.011532445654,31.22013092665528,131.9816174017111 131.0115338160068,31.220128309883435,131.76585095886475 131.01153518563973,31.22012569411625,131.54905354344183 131.01153655457347,31.22012307934716,131.3312277410699 131.01153792283054,31.220120465568623,131.11237634708672 131.01153929043468,31.220117852772244,130.89250237051607 131.01154065741133,31.22011524094868,130.67160901915867 131.01154202378723,31.220112630087726,130.4496996896552 131.01154338959057,31.22011002017829,130.22677796748584 131.0115447548506,31.220107411208456,130.00284761305704 131.011546119598,31.220104803165448,129.77791255275648 131.0115474838645,31.22010219603576,129.55197686802055 131.0115488476828,31.220099589805063,129.32504478837868 131.01155021108676,31.22009698445832,129.09712068350075 131.0115515741109,31.22009437997984,128.86820903735764 131.0115529367907,31.22009177635321,128.638314461142 131.01155429916224,31.22008917356147,128.4074416614635 131.01155566126226,31.220086571587025,128.1755954383618 131.011557023128,31.22008397041177,127.94278067636168 131.01155838479715,31.220081370017144,127.70900232061908 131.0115597463077,31.220078770384124,127.47426537195304 131.01156110769787,31.220076171493307,127.23857488286986 131.011562469006,31.220073573324967,127.0019359237699 131.01156383027052,31.220070975859105,126.7643535918939 131.01156519152974,31.22006837907549,126.5258329874696 131.0115665528218,31.220065782953743,126.28637919681368 131.01156791418458,31.22006318747331,126.04599729829768 131.01156927565555,31.220060592613663,125.80469232656594 131.01157063727183,31.22005799835422,125.56246927651156 131.0115719990699,31.220055404674486,125.31933308240468 131.0115733610855,31.220052811554098,125.07528860695868 131.01157472335376,31.22005021897285,124.83034063735612 131.01157608590887,31.220047626910794,124.58449385244644 131.01157744878418,31.22004503534828,124.33775284163508 131.0115788120118,31.220042444265985,124.09012206611553 131.01158017562287,31.220039853645016,123.84160585986628 131.01158153964738,31.220037263466963,123.59220841772245 131.01158290411388,31.22003467371392,123.34193378543712 131.01158426904965,31.22003208436857,123.09078584974132 131.01158563448055,31.220029495414227,122.83876832045289 131.0115870004309,31.220026906834903,122.5858847344528 131.0115883669234,31.220024318615334,122.3321384367996 131.01158973397915,31.220021730741006,122.07753258271718 131.0115911016175,31.220019143198297,121.82207011274572 131.0115924698561,31.2200165559744,121.56575376268128 131.0115938387108,31.220013969057447,121.308586050654 131.01159520819553,31.220011382436528,121.05056926420644 131.01159657832235,31.22000879610173,120.7917054652626 131.01159794910143,31.22000621004416,120.53199647919458 131.0115993205409,31.22000362425596,120.27144388985124 131.0116006926469,31.22000103873036,120.01004904353536 131.01160206542363,31.21999845346175,119.74781303309824 131.01160343887315,31.2199958684456,119.4847367068851 131.0116048129956,31.21999328367859,119.22082065780091 131.01160618778903,31.219990699158533,118.95606523225612 131.01160756324938,31.21998811488447,118.690470517243 131.01160893937063,31.21998553085657,118.42403635723356 131.01161031614467,31.21998294707628,118.15676233628643 131.01161169356146,31.219980363546217,117.88864779792652 131.0116130716089,31.21997778027024,117.61969182625762 131.01161445027296,31.21997519725339,117.34989327081112 131.0116158295377,31.219972614501938,117.07925073760028 131.0116172093853,31.21997003202334,116.8077625930936 131.01161858979603,31.219967449826218,116.53542697713624 131.0116199707484,31.219964867920385,116.26224179996768 131.0116213522192,31.219962286316782,115.98820475514115 131.0116227341836,31.219959705027502,115.71331332250604 131.011624116615,31.21995712406572,115.43756477516298 131.01162549948543,31.21995454344572,115.16095618642204 131.01162688276534,31.219951963182783,114.8834844476924 131.01162826642383,31.219949383293205,114.60514626748744 131.0116296504287,31.21994680379425,114.32593818832174 131.01163103474644,31.219944224704165,114.04585658770348 131.01163241934256,31.21994164604201,113.76489769701898 131.0116338041814,31.219939067827724,113.48305760749584 131.01163518922647,31.219936490082045,113.20033229008152 131.01163657444036,31.2199339128264,112.91671760041147 131.0116379597849,31.21993133608296,112.63220928874884 131.01163934522134,31.21992875987448,112.3468030178744 131.01164073071038,31.219926184224327,112.06049437700248 131.0116421162124,31.219923609156343,111.77327888873604 131.0116435016873,31.21992103469484,111.4851520259652 131.01164488709497,31.21991846086451,111.19610922876326 131.01164627239507,31.219915887690338,110.9061459143255 131.01164765754731,31.21991331519758,110.61525748591492 131.01164904251166,31.21991074341168,110.32343935870504 131.01165042724833,31.21990817235818,110.03068696176597 131.01165181171777,31.21990560206269,109.7369957569511 131.01165319588105,31.21990303255072,109.44236125678712 131.01165457969975,31.219900463847743,109.14677903043795 131.0116559631363,31.21989789597904,108.8502447186138 131.01165734615378,31.219895328969614,108.55275405146232 131.01165872871638,31.219892762844182,108.25430285353852 131.01166011078922,31.219890197627063,107.9548870696483 131.0116614923385,31.219887633342047,107.65450276484742 131.01166287333177,31.21988507001245,107.35314613736338 131.01166425373788,31.219882507660955,107.0508135394702 131.01166563352703,31.219879946309565,106.7475014784804 131.01166701267107,31.21987738597954,106.44320663265071 131.01166839114344,31.21987482669132,106.13792586012644 131.0116697689191,31.219872268464407,105.8316562128587 131.0116711459749,31.21986971131744,105.52439494057973 131.0116725222895,31.219867155267995,105.21613949776172 131.0116738978435,31.219864600332624,104.90688755653876 131.0116752726194,31.21986204652671,104.59663701068249 131.01167664660164,31.219859493864465,104.28538598952012 131.01167801977687,31.21985694235888,103.97313285495106 131.01167939213377,31.219854392021645,103.65987620940088 131.01168076366315,31.219851842863186,103.34561490079076 131.01168213435807,31.21984929489252,103.03034802750928 131.0116835042138,31.219846748117234,102.71407494338187 131.0116848732277,31.219844202543527,102.39679525767262 131.0116862413994,31.219841658176136,102.0785088311085 131.0116876087309,31.219839115018274,101.75921578979668 131.01168897522635,31.219836573071674,101.43891651130868 131.01169034089216,31.219834032336507,101.11761164158035 131.0116917057369,31.219831492811416,100.79530207105546 131.01169306977135,31.21982895449353,100.47198894959811 131.01169443300856,31.2198264173784,100.1476736775472 131.01169579546362,31.21982388146004,99.8223579027354 131.01169715715375,31.21982134673089,99.496043519496 131.01169851809829,31.219818813181902,99.16873265773054 131.01169987831835,31.21981628080251,98.84042767992776 131.01170123783731,31.21981374958068,98.51113116923663 131.0117025966802,31.219811219502848,98.18084593543124 131.01170395487384,31.219808690554096,97.8495749980146 131.0117053124469,31.21980616271807,97.5173215782671 131.0117066694296,31.21980363597708,97.1840890893079 131.01170802585375,31.21980111031216,96.8498811231737 131.01170938175267,31.219798585703032,96.51470145479652 131.0117107371609,31.219796062128275,96.17855401715396 131.01171209211444,31.2197935395653,95.84144289431283 131.0117134466502,31.219791017990488,95.5033723104958 131.0117148008064,31.219788497379188,95.16434661716016 131.01171615462192,31.2197859777058,94.82437028107104 131.01171750813663,31.219783458943887,94.48344787138048 131.01171886139105,31.219780941066286,94.14158404571216 131.01172021442628,31.219778424045103,93.7987835332632 131.01172156728376,31.2197759078518,93.45505113182436 131.01172292000535,31.219773392457387,93.11039168392396 131.01172427263305,31.219770877832435,92.76481005993035 131.01172562520887,31.219768363947168,92.41831115507064 131.01172697777488,31.219765850771584,92.07089986656952 131.01172833037273,31.21976333827551,91.722581087685 131.0117296830439,31.2197608264288,91.37335967490716 131.0117310358293,31.219758315201304,91.02324045591028 131.01173238876933,31.21975580456304,90.67222820370928 131.01173374190347,31.21975329448428,90.32032762870809 131.01173509527047,31.219750784935663,89.96754334987267 131.01173644890824,31.21974827588828,89.61387989870785 131.01173780285328,31.219745767313743,89.25934169440721 131.011739157141,31.219743259184327,88.90393304285898 131.01174051180553,31.219740751473047,88.54765810881345 131.01174186687945,31.219738244153778,88.19052091091281 131.01174322239385,31.21973573720125,87.8325253127451 131.01174457837803,31.219733230591263,87.47367500495136 131.01174593485968,31.219730724300675,87.1139734992614 131.0117472918645,31.219728218307576,86.75342411358342 131.0117486494164,31.21972571259124,86.39202996703287 131.011750007537,31.219723207132315,86.02979397198058 131.01175136624605,31.21972070191287,85.66671880920099 131.01175272556102,31.219718196916425,85.30280694079421 131.01175408549716,31.21971569212798,84.93806059925136 131.01175544606738,31.219713187534182,84.57248176657842 131.01175680728235,31.21971068312333,84.20607218324318 131.01175816915023,31.219708178885384,83.83883333525065 131.01175953167683,31.219705674811983,83.47076645712478 131.01176089486555,31.219703170896643,83.10187251998002 131.01176225871723,31.219700667134607,82.73215223052489 131.01176362323028,31.21969816352292,82.36160604199651 131.01176498840056,31.21969566006052,81.99023413328403 131.01176635422163,31.219693156748168,81.6180364238389 131.01176772068447,31.21969065358852,81.24501256671489 131.0117690877775,31.219688150586023,80.87116195552521 131.01177045548707,31.21968564774708,80.4964837224539 131.01177182379692,31.21968314507988,80.12097674521213 131.01177319268842,31.2196806425944,79.74463965300134 131.01177456214077,31.21967814030252,79.3674708215426 131.01177593213103,31.219675638217847,78.989468392955 131.01177730263396,31.21967313635572,78.61063027177926 131.01177867362236,31.21967063473316,78.23095413789811 131.01178004506707,31.21966813336892,77.8504374554822 131.01178141693703,31.219665632283256,77.46907747497619 131.01178278919923,31.219663131498024,77.08687125794972 131.0117841618193,31.219660631036543,76.70381566914239 131.01178553476095,31.219658130923545,76.31990739833242 131.0117869079867,31.21965563118504,75.93514297922243 131.01178828145754,31.219653131848386,75.54951877850318 131.01178965513338,31.21965063294205,75.16303103760306 131.01179102897297,31.21964813449556,74.77567586572803 131.01179240293416,31.219645636539465,74.38744926173045 131.01179377697403,31.21964313910525,73.99834712404761 131.01179515104883,31.219640642225063,73.60836528251083 131.01179652511448,31.219638145931874,73.2174994804523 131.01179789912646,31.219635650259168,72.82574542241734 131.01179927303997,31.21963315524086,72.4330987791351 131.01180064681023,31.21963066091133,72.03955518751704 131.0118020203926,31.219628167305128,71.64511029538919 131.01180339374238,31.21962567445692,71.24975975353885 131.01180476681563,31.219623182401424,70.85349924454172 131.01180613956873,31.21962069117326,70.45632449071418 131.01180751195875,31.219618200806767,70.05823127796948 131.01180888394376,31.21961571133601,69.65921546178303 131.01181025548254,31.21961322279455,69.25927299403052 131.01181162653523,31.219610735215348,68.85839992895309 131.0118129970632,31.219608248630752,68.45659243508545 131.0118143670291,31.21960576307217,68.05384682706577 131.01181573639727,31.21960327857021,67.65015955668991 131.01181710513364,31.2196007951544,67.24552723875648 131.01181847320586,31.21959831285304,66.83994666995454 131.01181984058363,31.21959583169333,66.43341482190606 131.01182120723857,31.21959335170097,66.02592887297521 131.0118225731444,31.21959087290033,65.61748620031774 131.0118239382771,31.21958839531417,65.20808440572627 131.0118253026149,31.219585918963567,64.79772132159572 131.01182666613855,31.219583443868025,64.38639500495965 131.01182802883105,31.219580970045094,63.974103768307245 131.01182939067803,31.21957849751053,63.560846168649306 131.0118307516678,31.219576026278183,63.14662101944812 131.01183211179108,31.219573556359794,62.731427394594384 131.01183347104148,31.219571087765186,62.31526463536748 131.0118348294151,31.219568620501946,61.89813235142995 131.01183618691087,31.21956615457563,61.48003041884096 131.01183754353045,31.219563689989563,61.06095898999806 131.01183889927816,31.21956122674485,60.64091849065612 131.0118402541611,31.219558764840496,60.21990960501767 131.01184160818903,31.219556304273087,59.79793330456228 131.0118429613744,31.21955384503721,59.37499081226161 131.0118443137322,31.219551387124994,58.951083626437295 131.0118456652802,31.21954893052657,58.52621349193599 131.01184701603844,31.219546475229745,58.1003824170284 131.0118483660296,31.219544021220266,57.67359264657148 131.0118497152787,31.21954156848169,57.24584667393844 131.01185106381294,31.21953911699561,56.817147215174046 131.0118524116619,31.21953666674152,56.38749721496056 131.0118537588571,31.219534217697007,55.95689982673733 131.01185510543212,31.21953176983782,55.525358403755554 131.0118564514224,31.219529323137863,55.09287649808544 131.01185779686514,31.2195268775694,54.659457826818326 131.01185914179905,31.219524433103008,54.22510628300311 131.01186048626445,31.21952198970783,53.78982591278357 131.01186183030282,31.21951954735156,53.35362089452336 131.01186317395695,31.21951710600064,52.91649553383673 131.01186451727062,31.219514665620288,52.47845424967264 131.0118658602883,31.21951222617477,52.03950154846917 131.01186720305552,31.21950978762736,51.59964202117175 131.01186854561783,31.21950734994057,51.15888032037076 131.0118698880216,31.21950491307632,50.71722114439617 131.01187123031303,31.21950247699593,50.274669226383374 131.01187257253855,31.219500041660503,49.83122930643942 131.01187391474429,31.21949760703075,49.38690613064895 131.0118752569761,31.219495173067504,48.94170442025823 131.01187659927925,31.21949273973153,48.49562886769888 131.01187794169837,31.219490306983943,48.048684106765215 131.01187928427723,31.219487874786207,47.60087470764412 131.0118806270585,31.219485443100247,47.152205161009256 131.01188197008375,31.2194830118888,46.70267984621037 131.01188331339307,31.21948058111529,46.25230304320194 131.0118846570251,31.21947815074424,45.80107889079112 131.0118860010168,31.2194757207412,45.349011387631336 131.0118873454032,31.21947329107294,44.89610437731059 131.01188869021763,31.21947086170772,44.44236152548653 131.0118900354911,31.2194684326152,43.98778631988596 131.01189138125235,31.219466003766687,43.53238204942805 131.01189272752808,31.219463575135286,43.076151794282616 131.01189407434222,31.21946114669588,42.61909841791628 131.0118954217163,31.21945871842531,42.16122455516279 131.0118967696692,31.219456290302563,41.70253260029222 131.01189811821703,31.219453862308644,41.243024704028045 131.01189946737313,31.21945143442681,40.78270277155779 131.011900817148,31.219449006642648,40.32156843767918 131.01190216754915,31.21944657894411,39.85962307773392 131.01190351858122,31.219444151321422,39.39686780164216 131.01190487024584,31.219441723767407,38.93330344197145 131.01190622254165,31.219439296277308,38.46893056487126 131.01190757546425,31.219436868848906,38.00374944919447 131.01190892900627,31.219434441482445,37.53776011532586 131.0119102831573,31.219432014180768,37.0709622983394 131.01191163790423,31.21942958694923,36.6033554609201 131.01191299323065,31.219427159795703,36.13493879932788 131.01191434911755,31.21942473273052,35.665711251348135 131.0119157055431,31.219422305766464,35.195671487343944 131.0119170624826,31.21941987891877,34.724817929142795 131.0119184199089,31.21941745220502,34.253148750034654 131.01191977779231,31.21941502564505,33.78066189167109 131.01192113610048,31.219412599260973,33.30735506207552 131.01192249479902,31.219410173076994,32.833225757512274 131.0119238538512,31.21940774711938,32.358271263479686 131.0119252132182,31.21940532141633,31.882488679561817 131.01192657285944,31.21940289599788,31.405874917438968 131.0119279327324,31.219400470895813,30.928426723751222 131.01192929279316,31.21939804614348,30.450140695009527 131.01193065299617,31.219395621775696,29.97101329051804 131.0119320132947,31.219393197828616,29.49104084132025 131.0119333736411,31.2193907743396,29.010219583004783 131.01193473398652,31.219388351346968,28.5285456537156 131.01193609428157,31.21938592889,28.046015127952288 131.0119374544763,31.219383507008647,27.562624020545663 131.01193881452053,31.21938108574341,27.078368315487005 131.01194017436373,31.219378665135206,26.59324396791595 131.0119415339556,31.21937624522511,26.107246951838626 131.011942893246,31.21937382605425,25.620373244220893 131.01194425218532,31.2193714076637,25.132618859783346 131.01194561072447,31.21936899009413,24.64397987386611 131.01194696881535,31.21936657338579,24.154452424417165 131.01194832641076,31.219364157578216,23.66403275076391 131.0119496834647,31.219361742710127,23.172717190631 131.01195103993268,31.21935932881929,22.68050220300593 131.0119523957716,31.219356915942253,22.18738439199879 131.0119537509401,31.219354504114165,21.69336051678419 131.01195510539893,31.219352093368784,21.198427501543463 131.01195645911048,31.21934968373812,20.70258246031886 131.0119578120396,31.219347275252368,20.205822702979287 131.01195916415344,31.219344867939817,19.708145749139288 131.01196051542144,31.21934246182657,19.209549348042987 131.01196186581564,31.219340056936545,18.710031469617647 131.01196321531077,31.219337653291262,18.209590343246933 131.0119645638842,31.219335250909705,17.70822444584204 131.0119659115162,31.21933284980833,17.20593250979646 131.01196725818983,31.219330450000843,16.70271354187599 131.01196860389106,31.21932805149812,16.198566826202747 131.0119699486089,31.219325654308143,15.693491919285735 131.01197129233523,31.219323258435967,15.187488667917371 131.01197263506495,31.219320863883585,14.68055720221565 131.01197397679596,31.21931847064988,14.172697937614249 131.011975317529,31.21931607873059,13.663911582817322 131.01197665726778,31.21931368811829,13.154199130853687 131.01197799601877,31.219311298802275,12.643561871008387 131.0119793337913,31.21930891076866,12.132001362976208 131.01198067059724,31.21930652400028,11.619519455752387 131.01198200645106,31.21930413847668,11.106118278686743 131.01198334136967,31.219301754174143,10.591800226572916 131.0119846753722,31.219299371065727,10.076567962632476 131.01198600847985,31.219296989121183,9.560424409568997 131.0119873407157,31.219294608306992,9.0433727485755 131.0119886721045,31.219292228586404,8.525416401441005 131.01199000267252,31.21928984991943,8.00655902756947 131.01199133244697,31.21928747226276,7.486804524975486 131.01199266145602,31.21928509556981,6.96615701139645 131.01199398972824,31.219282719790645,6.444620820317329 131.01199531740136,31.219280344985407,5.922194004091192 131.0119966445069,31.219277971100286,5.398881222297832 131.0119979711251,31.219275598129293,4.874684408521352 131.0119992973302,31.21927322605759,4.349606034195772 131.01200062319762,31.21927085486944,3.8236486453242247 131.0120019488037,31.219268484548287,3.2968148515435884 131.0120032742253,31.21926611507676,2.7691073301015785 131.0120045995396,31.219263746436788,2.240528795037736 131.0120059248237,31.21926137860971,1.7110819991720967 131.01200725015417,31.21925901157628,1.1807697331112703 131.01200857560698,31.21925664531681,0.6495947924408058 131.01200990125687,31.21925427981128,0.1175599846845596 131.01201081893544,31.21925263198713,-0.3268789651553432</coordinates>
            </LineString>
        </Placemark>
        <Placemark id="447">
            <name>flight_path</name>
            <styleUrl>#448</styleUrl>
            <LineString id="446">
                <altitudeMode>clampToGround</altitudeMode>
                <coordinates>131.010392,31.222216000000007,0.0 131.0103920000045,31.222215999991075,0.0 131.0103920000085,31.222215999994766,0.0 131.0103920000085,31.222215999994766,0.0 131.01039200000852,31.222215999994766,0.0 131.01039201539675,31.22221599246117,0.0 131.0103920617776,31.22221596990869,0.0 131.01039213193175,31.22221593580231,0.0 131.01039220552698,31.222215900001803,0.0 131.0103923261533,31.222215841380503,0.0 131.01039241011944,31.222215800500727,0.0 131.01039255023213,31.22221573238213,0.0 131.0103926908424,31.222215663995925,0.0 131.01039284206664,31.22221559043897,0.0 131.01039301222698,31.2222155076778,0.0 131.01039319835945,31.22221541714896,0.0 131.01039339622227,31.222215320908244,0.0 131.0103936086097,31.222215217601374,0.0 131.01039382835415,31.2222151107022,0.0 131.0103940692252,31.222214993537087,0.0 131.0103943154942,31.22221487372917,0.0 131.0103945800907,31.22221474501192,0.0 131.01039485370347,31.222214611898128,0.0 131.01039513986652,31.222214472675024,0.0 131.01039544418495,31.22221432462593,0.0 131.01039575462735,31.22221417358214,0.0 131.01039608061367,31.222214014978025,0.0 131.01039641907315,31.22221385030192,0.0 131.01039677261693,31.22221367828824,0.0 131.01039713608534,31.22221350143773,0.0 131.010397517966,31.22221331563664,0.0 131.01039790540767,31.22221312711366,0.0 131.01039830590005,31.22221293223868,0.0 131.01039871921526,31.222212731122088,0.0 131.01039914602634,31.222212523437697,0.0 131.0103995843797,31.222212310132328,0.0 131.01040002919007,31.222212093670787,0.0 131.010400488852,31.222211869984235,0.0 131.01040096154043,31.222211639957216,0.0 131.01040144391652,31.222211405208075,0.0 131.01040193996343,31.222211163806087,0.0 131.01040244347448,31.22221091875968,0.0 131.01040295825328,31.222210668225145,0.0 131.01040348638034,31.22221041119396,0.0 131.01040402793237,31.222210147628825,0.0 131.0104045774418,31.22220988018005,0.0 131.0104051377902,31.2222096074508,0.0 131.01040571307726,31.222209327453587,0.0 131.01040630329675,31.222209040191352,0.0 131.01040689520636,31.22220875208352,0.0 131.01040750096558,31.22220845723537,0.0 131.0104081214021,31.222208155245536,0.0 131.01040875222748,31.222207848192888,0.0 131.01040938861175,31.222207538419,0.0 131.0104100415545,31.222207220590928,0.0 131.01041070492113,31.22220689768276,0.0 131.0104113765162,31.222206570758807,0.0 131.0104120627253,31.222206242045488,0.0 131.01041275987828,31.222205908054736,0.0 131.0104134685171,31.22220557076013,0.0 131.01041419642868,31.22220522604956,0.0 131.01041493003245,31.22220488055527,0.0 131.0104156758868,31.22220453103875,0.0 131.010416437523,31.22220417571946,0.0 131.01041721652877,31.222203813736265,0.0 131.01041799430422,31.222203454454064,0.0 131.01041878746727,31.22220308940092,0.0 131.0104196034021,31.22220271457541,0.0 131.01042042402787,31.222202339343102,0.0 131.0104212520236,31.222201962326054,0.0 131.01042209747203,31.22220157792445,0.0 131.0104229575119,31.2222011874764,0.0 131.01042382472522,31.22220079508145,0.0 131.01042470161806,31.222200399264526,0.0 131.01042559439313,31.222199996144298,0.0 131.01042650320818,31.22219958529459,0.0 131.01042741270587,31.222199176210022,0.0 131.010428339875,31.22219875798406,0.0 131.01042927764186,31.222198334834527,0.0 131.01043022494565,31.22219790733265,0.0 131.01043117995323,31.222197476631013,0.0 131.01043215305063,31.222197034882075,0.0 131.01043313529212,31.22219658827267,0.0 131.01043412122638,31.222196141039863,0.0 131.01043512377177,31.222195682625376,0.0 131.01043613971876,31.22219521494044,0.0 131.01043715623393,31.222194748910017,0.0 131.01043818680722,31.22219427250412,0.0 131.0104392292996,31.222193786897066,0.0 131.01044027912488,31.222193296128392,0.0 131.01044133684587,31.222192799470644,0.0 131.01044240562624,31.22219229317228,0.0 131.010443484462,31.22219177767993,0.0 131.01044456762065,31.22219125918132,0.0 131.0104456631508,31.222190727863303,0.0 131.01044676902765,31.222190185245104,0.0 131.010447877955,31.222189640394827,0.0 131.01044900074655,31.22218907845326,0.0 131.01045012987177,31.222188508862423,0.0 131.01045126161935,31.222187937080182,0.0 131.01045240669163,31.22218734612605,0.0 131.01045355842055,31.2221867452937,0.0 131.01045471608143,31.22218613551144,0.0 131.01045588221393,31.22218551165773,0.0 131.01045705260324,31.222184880746887,0.0 131.01045822782635,31.22218424137425,0.0 131.01045941443508,31.22218357894584,0.0 131.0104605996694,31.22218291985224,0.0 131.01046179584935,31.22218223630697,0.0 131.0104629979348,31.22218153804569,0.0 131.01046420112576,31.2221808369008,0.0 131.01046540987835,31.22218012095641,0.0 131.0104666304626,31.22217937023059,0.0 131.01046785015728,31.22217862045952,0.0 131.01046907003732,31.222177869954933,0.0 131.01047030281512,31.22217707460505,0.0 131.0104715314309,31.222176291298805,0.0 131.0104727654767,31.222175486186604,0.0 131.01047401126766,31.22217462966268,0.0 131.0104752467107,31.222173813686982,0.0 131.01047649318866,31.222172945572595,0.0 131.01047774435003,31.22217204788124,0.0 131.01047898811257,31.222171184237627,0.0 131.01048024357192,31.222170250734,0.0 131.01048149590943,31.222169327133145,0.0 131.01048274805504,31.222168399158228,0.0 131.010484008004,31.22216740740898,0.0 131.01048526342183,31.22216643839674,0.0 131.010486520198,31.22216545007576,0.0 131.01048778179327,31.222164404753425,0.0 131.01048903877216,31.22216338936176,0.0 131.01049029867644,31.22216232931417,0.0 131.01049155899145,31.222161243993945,0.0 131.01049281633715,31.22216017826646,0.0 131.01049407716465,31.22215903860751,0.0 131.0104953346819,31.222157923185268,0.0 131.0104965919175,31.222156786235807,0.0 131.01049785046655,31.22215558140992,0.0 131.01049910559277,31.22215441495309,0.0 131.01050036067997,31.22215320522717,0.0 131.01050161516193,31.22215194860103,0.0 131.01050286701013,31.222150725091648,0.0 131.01050411844346,31.22214943269296,0.0 131.01050536773715,31.22214815124977,0.0 131.0105066154076,31.22214685708992,0.0 131.01050786163648,31.22214548428864,0.0 131.01050910571573,31.22214415500404,0.0 131.01051034805303,31.22214278697029,0.0 131.01051158820013,31.2221413500536,0.0 131.0105128266815,31.22213997407047,0.0 131.0105140627324,31.222138508895323,0.0 131.01051529677108,31.222137044914103,0.0 131.0105165290396,31.22213559094409,0.0 131.0105177584228,31.22213404690524,0.0 131.01051898634705,31.222132544731164,0.0 131.01052021190824,31.222130999036192,0.0 131.01052143508085,31.22212941071701,0.0 131.01052265677097,31.22212785365112,0.0 131.01052387578747,31.22212621885875,0.0 131.01052509322062,31.222124603955688,0.0 131.01052630875003,31.222122975326428,0.0 131.01052752204,31.22212127346713,0.0 131.010528733887,31.222119611287564,0.0 131.01052994388803,31.22211790500887,0.0 131.010531152307,31.22211616647541,0.0 131.01053235912482,31.222114449048984,0.0 131.01053356488757,31.22211264643726,0.0 131.0105347689291,31.222110885702097,0.0 131.01053597186475,31.222109091717225,0.0 131.01053717482358,31.22210722300028,0.0 131.010538375177,31.222105422864765,0.0 131.0105395764836,31.222103531719355,0.0 131.01054077611067,31.222101664895945,0.0 131.01054197521887,31.22209977992804,0.0 131.0105431759179,31.2220978346263,0.0 131.0105443739219,31.22209593076357,0.0 131.01054557475476,31.222093955641924,0.0 131.01054677436156,31.22209199299853,0.0 131.01054797351424,31.2220900261106,0.0 131.0105491772244,31.222087989725235,0.0 131.01055037689935,31.22208600187752,0.0 131.01055158186205,31.222083946763348,0.0 131.01055278584863,31.22208190265428,0.0 131.0105539906207,31.222079848909534,0.0 131.01055520210969,31.2220777345524,0.0 131.01055640830768,31.222075668648365,0.0 131.01055762399272,31.22207352699439,0.0 131.01055883628516,31.222071416198258,0.0 131.01056005238544,31.22206928054032,0.0 131.0105612759656,31.22206710013712,0.0 131.01056249391252,31.222064961352235,0.0 131.01056372409988,31.222062752945,0.0 131.0105649509245,31.22206057150633,0.0 131.0105661824111,31.222058369775688,0.0 131.0105674240842,31.222056122224224,0.0 131.01056865821013,31.222053920341168,0.0 131.0105699085263,31.222051646763248,0.0 131.01057115490747,31.22204940061733,0.0 131.01057240662675,31.22204713765027,0.0 131.0105736669196,31.222044846074773,0.0 131.01057492292813,31.222042581042512,0.0 131.01057619622657,31.22204025393953,0.0 131.0105774632889,31.22203796112616,0.0 131.01057874018267,31.22203563858612,0.0 131.01058002311498,31.222033302727105,0.0 131.01058130283388,31.222030987697075,0.0 131.01058260432674,31.22202860323324,0.0 131.0105838936892,31.222026271656137,0.0 131.0105852000892,31.222023889346595,0.0 131.01058650697345,31.222021515143656,0.0 131.01058781521164,31.22201914549029,0.0 131.01058914054863,31.222016727685087,0.0 131.01059045702655,31.222014349024576,0.0 131.01059179208718,31.22201191780912,0.0 131.01059312333433,31.22200950867194,0.0 131.01059446088834,31.222007087838488,0.0 131.01059581029173,31.22200463704865,0.0 131.01059715243943,31.222002219351044,0.0 131.01059851662023,31.22199973733797,0.0 131.01059987188157,31.221997293917127,0.0 131.01060124171266,31.221994810109976,0.0 131.01060261045515,31.22199233844435,0.0 131.0106039814467,31.22198986753483,0.0 131.01060536572243,31.221987358172846,0.0 131.0106067430092,31.2219848814618,0.0 131.01060814071934,31.221982338357563,0.0 131.01060952973273,31.22197983432107,0.0 131.0106109279512,31.22197730305037,0.0 131.01061233227284,31.22197475451524,0.0 131.0106137311484,31.22197223421692,0.0 131.01061514453235,31.22196966073537,0.0 131.01061655669213,31.221967097120142,0.0 131.01061796637643,31.221964550108893,0.0 131.01061938461024,31.22196196962348,0.0 131.01062080820765,31.221959367060776,0.0 131.0106222295721,31.221956778505287,0.0 131.01062365177995,31.22195418949851,0.0 131.01062507974837,31.221951572338,0.0 131.0106265088708,31.22194894941376,0.0 131.0106279378268,31.221946328183456,0.0 131.01062936755255,31.221943702638093,0.0 131.01063079995438,31.221941058850884,0.0 131.01063223243642,31.22193841186589,0.0 131.0106336648597,31.221935762218788,0.0 131.01063509784592,31.221933104118776,0.0 131.0106365310097,31.22193043875027,0.0 131.01063796383423,31.221927769023704,0.0 131.01063939623526,31.22192509450474,0.0 131.01064082851937,31.22192241065824,0.0 131.01064226033532,31.22191971900649,0.0 131.01064369146093,31.22191702035433,0.0 131.0106451215018,31.221914317882256,0.0 131.01064655036183,31.221911611605822,0.0 131.01064797862176,31.22190889175614,0.0 131.01064940534775,31.221906169397432,0.0 131.0106508308849,31.22190343823356,0.0 131.01065225498297,31.22190070039598,0.0 131.01065367767995,31.221897953500303,0.0 131.01065509857116,31.22189520391293,0.0 131.0106565179027,31.22189244533538,0.0 131.0106579355465,31.22188967864298,0.0 131.0106593512835,31.22188690803636,0.0 131.01066076531137,31.221884127303813,0.0 131.01066217757088,31.22188133643725,0.0 131.01066358772633,31.221878544983287,0.0 131.0106649961075,31.221875742429443,0.0 131.01066640251102,31.22187293475164,0.0 131.01066780696405,31.221870121337417,0.0 131.01066920950683,31.22186730114049,0.0 131.01067061020194,31.221864472568218,0.0 131.01067200900732,31.22186163817433,0.0 131.01067340601452,31.22185879606272,0.0 131.01067480118476,31.22185594919509,0.0 131.01067619461756,31.221853095991115,0.0 131.01067758628636,31.221850239280176,0.0 131.0106789763611,31.221847375909128,0.0 131.0106803649695,31.221844504677566,0.0 131.01068175207132,31.221841629106752,0.0 131.01068313779473,31.221838748084,0.0 131.01068452222853,31.221835861859617,0.0 131.01068590525608,31.221832975090635,0.0 131.0106872872996,31.22183008112336,0.0 131.0106886681778,31.22182718588744,0.0 131.0106900483895,31.22182428252729,0.0 131.0106914276221,31.22182137854192,0.0 131.0106928065013,31.22181846605447,0.0 131.0106941846047,31.221815553357064,0.0 131.0106955622152,31.22181263793737,0.0 131.01069693975109,31.221809716453063,0.0 131.01069831707355,31.22180679246257,0.0 131.01069969407234,31.22180386845917,0.0 131.01070107150227,31.221800937981392,0.0 131.01070244893805,31.221798006956423,0.0 131.0107038269326,31.22179507138388,0.0 131.01070520522745,31.221792134949297,0.0 131.01070658393283,31.22178919771195,0.0 131.01070796334875,31.221786258364222,0.0 131.01070934361303,31.22178331700262,0.0 131.0107107246727,31.221780375002943,0.0 131.01071210669224,31.22177743206968,0.0 131.01071348955745,31.22177448978641,0.0 131.01071487404343,31.221771543967176,0.0 131.0107162593737,31.221768600291863,0.0 131.01071764648069,31.221765653721143,0.0 131.01071903499215,31.221762707207485,0.0 131.01072042441876,31.22175976394547,0.0 131.01072181589953,31.22175681816288,0.0 131.01072320881207,31.221753873805888,0.0 131.0107246029408,31.221750932300875,0.0 131.01072599933212,31.221747988716075,0.0 131.01072739687498,31.221745048980647,0.0 131.01072879649007,31.22174210881405,0.0 131.01073019858154,31.2217391666558,0.0 131.01073160178197,31.221736229158903,0.0 131.01073300680892,31.22173329305381,0.0 131.01073441370255,31.221730358326667,0.0 131.01073582300808,31.22172742263224,0.0 131.0107372339547,31.22172448951705,0.0 131.0107386466559,31.22172155846383,0.0 131.0107400616272,31.22171862717808,0.0 131.0107414782391,31.22171569841272,0.0 131.01074289645146,31.22171277225496,0.0 131.0107443172498,31.22170984422553,0.0 131.01074573893135,31.221706921735727,0.0 131.01074716362882,31.221703995094565,0.0 131.01074858945276,31.22170107253301,0.0 131.0107500172096,31.221698150188487,0.0 131.01075144663253,31.221695228980945,0.0 131.01075287801555,31.22169230722262,0.0 131.0107543108497,31.221689386926247,0.0 131.01075574504517,31.221686468169704,0.0 131.01075718060943,31.22168355051943,0.0 131.0107586177589,31.221680632441224,0.0 131.0107600556638,31.221677717625635,0.0 131.01076149504573,31.221674801919328,0.0 131.0107629353674,31.22167188753355,0.0 131.0107643765492,31.221668974379035,0.0 131.0107658185211,31.221666062270035,0.0 131.010767261731,31.221663147963103,0.0 131.01076870500202,31.221660237680112,0.0 131.01077014924155,31.22165732537859,0.0 131.0107715942473,31.22165441137502,0.0 131.01077303941588,31.221651498831616,0.0 131.0107744849593,31.221648585656915,0.0 131.01077593077596,31.221645671672384,0.0 131.01077737685662,31.221642756025936,0.0 131.01077882237576,31.221639844222288,0.0 131.0107802679352,31.221636930822097,0.0 131.0107817133058,31.221634016571706,0.0 131.01078315820368,31.22163110302125,0.0 131.010784602946,31.2216281862936,0.0 131.0107860468297,31.22162527208118,0.0 131.01078748997853,31.221622358486144,0.0 131.010788932902,31.22161943876039,0.0 131.0107903749739,31.22161651844879,0.0 131.01079181593147,31.22161360002529,0.0 131.0107932561267,31.22161067811146,0.0 131.01079469529603,31.221607754791226,0.0 131.01079613340522,31.22160482947857,0.0 131.0107975703988,31.22160190184768,0.0 131.01079900618484,31.22159897222597,0.0 131.01080044055368,31.221596043242865,0.0 131.0108018735912,31.221593112489508,0.0 131.01080330522345,31.22159018023328,0.0 131.01080473531127,31.22158724844807,0.0 131.0108061638977,31.22158431547083,0.0 131.0108075912397,31.22158137413344,0.0 131.01080901677295,31.22157843717942,0.0 131.0108104407727,31.22157549765168,0.0 131.0108118632516,31.221572554297413,0.0 131.0108132840655,31.22156961068728,0.0 131.0108147032473,31.22156666580962,0.0 131.0108161207266,31.221563721751824,0.0 131.0108175366132,31.22156077524854,0.0 131.01081895093304,31.22155782562533,0.0 131.01082036354262,31.22155487792124,0.0 131.01082177459497,31.221551927894257,0.0 131.01082318417392,31.22154897362538,0.0 131.01082459222647,31.221546017744814,0.0 131.01082599865936,31.22154306410076,0.0 131.0108274036272,31.221540109088327,0.0 131.01082880728487,31.221537149626105,0.0 131.01083020958805,31.22153418847448,0.0 131.0108316105409,31.22153122683542,0.0 131.01083301017988,31.2215282650802,0.0 131.0108344086681,31.2215253007344,0.0 131.01083580585325,31.22152233875932,0.0 131.01083720212276,31.22151937211521,0.0 131.01083859736113,31.221516404972103,0.0 131.01083999173463,31.22151343546682,0.0 131.01084138513625,31.2215104669589,0.0 131.01084277763056,31.22150749943903,0.0 131.01084416954984,31.221504528864127,0.0 131.0108455609064,31.22150155664761,0.0 131.01084695191233,31.221498581055304,0.0 131.01084834224577,31.221495607754708,0.0 131.01084973216237,31.22149263422733,0.0 131.01085112218115,31.221489655381703,0.0 131.01085251166947,31.22148668001183,0.0 131.0108539013143,31.221483701093668,0.0 131.01085529087663,31.22148072245861,0.0 131.01085668013215,31.221477747126897,0.0 131.01085806956772,31.221474771025925,0.0 131.01085945907897,31.221471796121104,0.0 131.010860848775,31.22146882216008,0.0 131.01086223873344,31.2214658492016,0.0 131.01086362903047,31.22146287730308,0.0 131.01086501974032,31.22145990652052,0.0 131.0108664109354,31.221456936908336,0.0 131.01086780268565,31.221453968519228,0.0 131.01086919505883,31.221451001404034,0.0 131.01087058812004,31.22144803561161,0.0 131.01087198193153,31.2214450711887,0.0 131.0108733765526,31.22144210817981,0.0 131.0108747720396,31.22143914662714,0.0 131.01087616844544,31.221436186570408,0.0 131.01087756581964,31.22143322804684,0.0 131.01087896420833,31.22143027109104,0.0 131.0108803636539,31.22142731573493,0.0 131.01088176419523,31.221424362007724,0.0 131.01088316586703,31.22142140993579,0.0 131.0108845687005,31.221418459542665,0.0 131.0108859727226,31.221415510849017,0.0 131.0108873779564,31.221412563872548,0.0 131.01088878442098,31.22140961862804,0.0 131.0108901921312,31.221406675127326,0.0 131.010891601098,31.221403733379294,0.0 131.0108930113281,31.22140079338987,0.0 131.0108944228243,31.221397855162035,0.0 131.01089583558525,31.221394918695875,0.0 131.01089724960562,31.22139198398856,0.0 131.01089866487607,31.22138905103444,0.0 131.01090008138334,31.22138611982502,0.0 131.0109014991104,31.221383190349087,0.0 131.0109029180364,31.221380262592763,0.0 131.01090433813687,31.22137733653948,0.0 131.01090575938366,31.221374412170206,0.0 131.01090718174527,31.221371489463408,0.0 131.01090860518687,31.2213685683952,0.0 131.01091002967027,31.221365648939408,0.0 131.01091145515431,31.221362731067696,0.0 131.01091288159475,31.221359814749647,0.0 131.01091430894476,31.22135689995292,0.0 131.01091573715468,31.22135398664332,0.0 131.0109171661725,31.22135107478496,0.0 131.0109185959439,31.22134816434036,0.0 131.01092002641235,31.22134525527057,0.0 131.01092145751943,31.22134234753537,0.0 131.010922889205,31.22133944109332,0.0 131.0109243214072,31.221336535901926,0.0 131.01092575406287,31.221333631917805,0.0 131.01092718710763,31.221330729096817,0.0 131.01092862047608,31.22132782739418,0.0 131.010930054102,31.22132492676465,0.0 131.0109314879186,31.221322027162664,0.0 131.01093292185857,31.221319128542447,0.0 131.0109343558545,31.221316230858186,0.0 131.01093578983875,31.221313334064128,0.0 131.010937223744,31.2213104381148,0.0 131.01093865750326,31.22130754296503,0.0 131.01094009104992,31.22130464857016,0.0 131.01094152431824,31.22130175488616,0.0 131.01094295724323,31.221298861869737,0.0 131.0109443897611,31.221295969478465,0.0 131.01094582180923,31.221293077670897,0.0 131.01094725332644,31.22129018640667,0.0 131.01094868425304,31.221287295646626,0.0 131.01095011453108,31.22128440535289,0.0 131.0109515441046,31.221281515488982,0.0 131.01095297291948,31.22127862601989,0.0 131.01095440092377,31.221275736912155,0.0 131.01095582806784,31.221272848133943,0.0 131.01095725430443,31.221269959655142,0.0 131.01095867958887,31.22126707144736,0.0 131.01096010387894,31.221264183484028,0.0 131.0109615271353,31.221261295740465,0.0 131.01096294932117,31.22125840819385,0.0 131.01096437040297,31.22125552082334,0.0 131.0109657903498,31.22125263361,0.0 131.01096720913387,31.22124974653689,0.0 131.0109686267305,31.221246859589083,0.0 131.010970043118,31.22124397275364,0.0 131.01097145827796,31.22124108601957,0.0 131.01097287219503,31.221238199377968,0.0 131.01097428485718,31.22123531282183,0.0 131.01097569625543,31.221232426346145,0.0 131.0109771063842,31.22122953994784,0.0 131.01097851524096,31.22122665362573,0.0 131.01097992282644,31.22122376738055,0.0 131.01098132914447,31.22122088121481,0.0 131.01098273420214,31.221217995132864,0.0 131.01098413800955,31.22121510914077,0.0 131.01098554057978,31.22121222324629,0.0 131.010986941929,31.221209337458824,0.0 131.01098834207627,31.221206451789342,0.0 131.01098974104352,31.221203566250303,0.0 131.01099113885545,31.221200680855656,0.0 131.01099253553943,31.221197795620693,0.0 131.0109939311255,31.221194910562023,0.0 131.0109953256462,31.221192025697505,0.0 131.01099671913644,31.221189141046125,0.0 131.01099811163348,31.22118625662796,0.0 131.01099950317672,31.22118337246411,0.0 131.01100089380773,31.2211804885766,0.0 131.01100228356992,31.22117760498828,0.0 131.01100367250862,31.22117472172279,0.0 131.0110050606708,31.221171838804445,0.0 131.01100644810495,31.22116895625817,0.0 131.0110078348612,31.221166074109448,0.0 131.01100922099073,31.22116319238417,0.0 131.0110106065459,31.22116031110861,0.0 131.01101199158035,31.22115743030936,0.0 131.0110133761482,31.2211545500132,0.0 131.0110147603046,31.221151670247067,0.0 131.01101614410513,31.22114879103796,0.0 131.0110175276058,31.22114591241288,0.0 131.011018910863,31.22114303439873,0.0 131.01102029393314,31.22114015702232,0.0 131.01102167687276,31.2211372803102,0.0 131.01102305973808,31.221134404288648,0.0 131.0110244425852,31.221131528983605,0.0 131.0110258254697,31.22112865442061,0.0 131.01102720844656,31.22112578062473,0.0 131.01102859157015,31.22112290762053,0.0 131.01102997489392,31.22112003543199,0.0 131.01103135847035,31.221117164082457,0.0 131.01103274235092,31.221114293594614,0.0 131.01103412658583,31.22111142399044,0.0 131.01103551122392,31.221108555291096,0.0 131.0110368963126,31.221105687517,0.0 131.01103828189778,31.221102820687683,0.0 131.0110396680236,31.2210999548218,0.0 131.01104105473254,31.22109708993709,0.0 131.01104244206516,31.221094226050365,0.0 131.0110438300601,31.22109136317744,0.0 131.01104521875388,31.22108850133313,0.0 131.011046608181,31.22108564053126,0.0 131.01104799837373,31.221082780784567,0.0 131.01104938936214,31.22107992210476,0.0 131.0110507811739,31.221077064502456,0.0 131.01105217383432,31.221074207987204,0.0 131.0110535673663,31.22107135256745,0.0 131.0110549617903,31.22106849825055,0.0 131.0110563571243,31.22106564504273,0.0 131.01105775338362,31.22106279294917,0.0 131.0110591505812,31.22105994197388,0.0 131.0110605487273,31.22105709211981,0.0 131.0110619478296,31.22105424338885,0.0 131.01106334789324,31.22105139578173,0.0 131.01106474892077,31.221048549298214,0.0 131.0110661509121,31.22104570393691,0.0 131.0110675538646,31.22104285969548,0.0 131.01106895777323,31.221040016570505,0.0 131.0110703626302,31.22103717455764,0.0 131.01107176842544,31.221034333651485,0.0 131.0110731751463,31.22103149384577,0.0 131.01107458277778,31.221028655133296,0.0 131.0110759913026,31.22102581750596,0.0 131.01107740070103,31.221022980954803,0.0 131.01107881095123,31.221020145470085,0.0 131.01108022202908,31.22101731104127,0.0 131.01108163390845,31.221014477657057,0.0 131.01108304656117,31.22101164530548,0.0 131.01108445995703,31.221008813973885,0.0 131.0110858740641,31.22100598364901,0.0 131.01108728884853,31.22100315431704,0.0 131.01108870427487,31.22100032596361,0.0 131.01109012030605,31.22099749857385,0.0 131.01109153690356,31.2209946721325,0.0 131.01109295402736,31.220991846623885,0.0 131.01109437163626,31.220989022031983,0.0 131.01109578968777,31.22098619834051,0.0 131.01109720813847,31.22098337553292,0.0 131.0110986269438,31.22098055359247,0.0 131.01110004605843,31.220977732502284,0.0 131.01110146543633,31.22097491224537,0.0 131.0111028850308,31.22097209280475,0.0 131.01110430479454,31.220969274163377,0.0 131.01110572468,31.22096645630427,0.0 131.01110714463923,31.220963639210566,0.0 131.01110856462424,31.220960822865543,0.0 131.0111099845868,31.220958007252648,0.0 131.01111140447887,31.22095519235556,0.0 131.01111282425268,31.22095237815825,0.0 131.01111424386045,31.22094956464497,0.0 131.01111566325508,31.22094675180037,0.0 131.01111708238983,31.22094393960944,0.0 131.0111185012187,31.22094112805761,0.0 131.01111991969623,31.2209383171308,0.0 131.011121337778,31.220935506815383,0.0 131.01112275542033,31.22093269709825,0.0 131.0111241725807,31.22092988796689,0.0 131.01112558921764,31.22092707940928,0.0 131.01112700529092,31.220924271414063,0.0 131.0111284207616,31.22092146397045,0.0 131.0111298355921,31.22091865706832,0.0 131.0111312497464,31.220915850698148,0.0 131.01113266318993,31.22091304485112,0.0 131.01113407588977,31.220910239519057,0.0 131.01113548781467,31.220907434694457,0.0 131.0111368989352,31.22090463037052,0.0 131.01113830922367,31.22090182654112,0.0 131.0111397186543,31.2208990232008,0.0 131.01114112720325,31.220896220344805,0.0 131.01114253484857,31.22089341796904,0.0 131.0111439415703,31.220890616070115,0.0 131.0111453473507,31.22088781464525,0.0 131.01114675217391,31.220885013692364,0.0 131.0111481560263,31.22088221320999,0.0 131.01114955889642,31.22087941319729,0.0 131.01115096077473,31.220876613654035,0.0 131.01115236165404,31.22087381458059,0.0 131.0111537615293,31.22087101597788,0.0 131.01115516039755,31.22086821784737,0.0 131.01115655825808,31.22086542019109,0.0 131.0111579551123,31.220862623011527,0.0 131.0111593509638,31.22085982631168,0.0 131.0111607458182,31.220857030094944,0.0 131.0111621396833,31.220854234365216,0.0 131.011163532569,31.220851439126747,0.0 131.01116492448716,31.220848644384137,0.0 131.01116631545173,31.22084585014237,0.0 131.0111677054786,31.220843056406714,0.0 131.0111690945856,31.22084026318272,0.0 131.01117048279238,31.22083747047621,0.0 131.0111718701205,31.2208346782932,0.0 131.0111732565933,31.22083188663996,0.0 131.01117464223574,31.220829095522827,0.0 131.01117602707447,31.220826304948385,0.0 131.0111774111377,31.220823514923257,0.0 131.01117879445533,31.220820725454168,0.0 131.01118017705835,31.22081793654791,0.0 131.01118155897944,31.22081514821128,0.0 131.01118294025238,31.220812360451102,0.0 131.01118432091215,31.220809573274177,0.0 131.01118570099504,31.22080678668724,0.0 131.01118708053812,31.220804000696983,0.0 131.01118845957953,31.22080121531,0.0 131.01118983815823,31.22079843053276,0.0 131.0111912163141,31.220795646371634,0.0 131.01119259408745,31.22079286283284,0.0 131.01119397151928,31.22079007992241,0.0 131.0111953486511,31.22078729764623,0.0 131.0111967255248,31.220784516009942,0.0 131.01119810218253,31.22078173501905,0.0 131.01119947866667,31.22077895467877,0.0 131.01120085501972,31.22077617499413,0.0 131.01120223128413,31.22077339596992,0.0 131.01120360750227,31.220770617610626,0.0 131.01120498371637,31.220767839920548,0.0 131.0112063599684,31.22076506290368,0.0 131.01120773629995,31.22076228656376,0.0 131.01120911275203,31.22075951090427,0.0 131.01121048936523,31.220756735928376,0.0 131.0112118661795,31.220753961639023,0.0 131.01121324323407,31.220751188038843,0.0 131.0112146205672,31.220748415130192,0.0 131.01121599821644,31.22074564291517,0.0 131.01121737621827,31.22074287139557,0.0 131.01121875460817,31.22074010057296,0.0 131.01122013342044,31.220737330448618,0.0 131.0112215126881,31.22073456102354,0.0 131.0112228924432,31.22073179229852,0.0 131.01122427271605,31.22072902427404,0.0 131.0112256535358,31.220726256950364,0.0 131.01122703493004,31.220723490327547,0.0 131.01122841692492,31.22072072440539,0.0 131.011229799545,31.22071795918345,0.0 131.01123118281302,31.220715194661125,0.0 131.01123256675032,31.22071243083759,0.0 131.01123395137637,31.2207096677118,0.0 131.0112353367089,31.220706905282576,0.0 131.01123672276387,31.22070414354855,0.0 131.01123810955542,31.22070138250819,0.0 131.01123949709583,31.220698622159805,0.0 131.01124088539555,31.2206958625016,0.0 131.01124227446297,31.22069310353164,0.0 131.01124366430489,31.220690345247856,0.0 131.01124505492584,31.22068758764812,0.0 131.01124644632873,31.22068483073018,0.0 131.01124783851435,31.22068207449175,0.0 131.01124923148174,31.22067931893044,0.0 131.01125062522783,31.22067656404382,0.0 131.0112520197478,31.220673809829467,0.0 131.01125341503493,31.220671056284868,0.0 131.01125481108053,31.22066830340755,0.0 131.01125620787425,31.22066555119501,0.0 131.01125760540367,31.220662799644806,0.0 131.01125900365494,31.22066004875448,0.0 131.01126040261212,31.220657298521623,0.0 131.01126180225776,31.220654548943887,0.0 131.01126320257262,31.220651800019013,0.0 131.011264603536,31.22064905174477,0.0 131.01126600512552,31.22064630411908,0.0 131.01126740731723,31.220643557139915,0.0 131.0112688100859,31.220640810805392,0.0 131.0112702134047,31.220638065113743,0.0 131.01127161724563,31.22063532006334,0.0 131.01127302157934,31.220632575652687,0.0 131.01127442637525,31.22062983188048,0.0 131.01127583160172,31.22062708874556,0.0 131.01127723722595,31.22062434624693,0.0 131.01127864321427,31.22062160438381,0.0 131.011280049532,31.22061886315562,0.0 131.0112814561437,31.22061612256193,0.0 131.01128286301326,31.22061338260256,0.0 131.01128427010363,31.220610643277546,0.0 131.0112856773775,31.220607904587112,0.0 131.01128708479675,31.22060516653173,0.0 131.01128849232316,31.22060242911212,0.0 131.01128989991798,31.22059969232918,0.0 131.01129130754225,31.220596956184085,0.0 131.0112927151569,31.22059422067824,0.0 131.01129412272283,31.220591485813248,0.0 131.01129553020084,31.22058875159101,0.0 131.01129693755195,31.22058601801361,0.0 131.01129834473733,31.220583285083364,0.0 131.01129975171847,31.22058055280285,0.0 131.01130115845717,31.22057782117484,0.0 131.01130256491572,31.22057509020233,0.0 131.01130397105695,31.220572359888543,0.0 131.01130537684435,31.22056963023688,0.0 131.01130678224203,31.220566901250933,0.0 131.01130818721492,31.220564172934527,0.0 131.01130959172875,31.220561445291583,0.0 131.0113109957503,31.22055871832625,0.0 131.0113123992473,31.2205559920428,0.0 131.01131380218845,31.22055326644564,0.0 131.01131520454365,31.22055054153931,0.0 131.01131660628417,31.220547817328445,0.0 131.0113180073823,31.22054509381777,0.0 131.01131940781187,31.22054237101209,0.0 131.01132080754786,31.220539648916272,0.0 131.01132220656694,31.2205369275352,0.0 131.01132360484715,31.22053420687377,0.0 131.011325002368,31.220531486936927,0.0 131.0113263991107,31.220528767729554,0.0 131.01132779505798,31.22052604925647,0.0 131.01132919019437,31.220523331522497,0.0 131.01133058450583,31.220520614532315,0.0 131.0113319779804,31.22051789829053,0.0 131.0113333706075,31.220515182801627,0.0 131.0113347623785,31.220512468069924,0.0 131.01133615328663,31.220509754099574,0.0 131.01133754332668,31.22050704089456,0.0 131.01133893249542,31.220504328458635,0.0 131.01134032079136,31.22050161679533,0.0 131.0113417082148,31.220498905907945,0.0 131.0113430947679,31.22049619579948,0.0 131.01134448045465,31.22049348647265,0.0 131.01134586528067,31.22049077792991,0.0 131.0113472492535,31.22048807017332,0.0 131.01134863238235,31.220485363204656,0.0 131.01135001467833,31.220482657025325,0.0 131.01135139615394,31.22047995163636,0.0 131.01135277682363,31.220477247038385,0.0 131.01135415670345,31.22047454323169,0.0 131.0113555358109,31.22047184021612,0.0 131.01135691416528,31.220469137991103,0.0 131.01135829178716,31.220466436555668,0.0 131.01135966869873,31.22046373590838,0.0 131.01136104492366,31.22046103604739,0.0 131.01136242048685,31.220458336970413,0.0 131.01136379541452,31.220455638674704,0.0 131.01136516973423,31.220452941157088,0.0 131.0113665434747,31.220450244413936,0.0 131.0113679166657,31.2204475484412,0.0 131.01136928933815,31.22044485323436,0.0 131.01137066152387,31.220442158788497,0.0 131.01137203325567,31.220439465098245,0.0 131.0113734045671,31.22043677215784,0.0 131.01137477549264,31.22043407996109,0.0 131.01137614606722,31.22043138850143,0.0 131.01137751632655,31.220428697771908,0.0 131.01137888630677,31.220426007765187,0.0 131.01138025604453,31.220423318473607,0.0 131.01138162557675,31.22042062988914,0.0 131.0113829949407,31.220417942003472,0.0 131.0113843641738,31.22041525480797,0.0 131.0113857333136,31.22041256829378,0.0 131.01138710239763,31.22040988245171,0.0 131.01138847146336,31.2204071972724,0.0 131.01138984054816,31.220404512746285,0.0 131.01139120968907,31.2204018288636,0.0 131.0113925789229,31.22039914561443,0.0 131.01139394828604,31.22039646298873,0.0 131.01139531781433,31.2203937809764,0.0 131.01139668754308,31.22039109956719,0.0 131.01139805750697,31.22038841875088,0.0 131.0113994277399,31.220385738517194,0.0 131.011400798275,31.220383058855887,0.0 131.01140216914453,31.220380379756765,0.0 131.01140354037975,31.22037770120969,0.0 131.01140491201087,31.22037502320464,0.0 131.0114062840671,31.220372345731715,0.0 131.01140765657635,31.22036966878117,0.0 131.01140902956544,31.220366992343493,0.0 131.01141040305976,31.220364316409345,0.0 131.01141177708348,31.22036164096965,0.0 131.01141315165924,31.220358966015606,0.0 131.01141452680832,31.22035629153872,0.0 131.01141590255045,31.22035361753081,0.0 131.0114172789038,31.220350943984084,0.0 131.01141865588497,31.22034827089108,0.0 131.01142003350887,31.22034559824477,0.0 131.01142141178883,31.22034292603854,0.0 131.0114227907364,31.22034025426625,0.0 131.0114241703614,31.2203375829222,0.0 131.01142555067196,31.22033491200118,0.0 131.01142693167435,31.22033224149851,0.0 131.0114283133732,31.22032957141,0.0 131.01142969577108,31.220326901732047,0.0 131.01143107886904,31.22032423246156,0.0 131.01143246266605,31.22032156359605,0.0 131.0114338471595,31.220318895133587,0.0 131.0114352323449,31.22031622707287,0.0 131.01143661821587,31.22031355941317,0.0 131.0114380047644,31.22031089215441,0.0 131.0114393919806,31.220308225297085,0.0 131.01144077985285,31.220305558842345,0.0 131.01144216836792,31.22030289279198,0.0 131.0114435575108,31.22030022714837,0.0 131.01144494726486,31.22029756191461,0.0 131.01144633761183,31.220294897094323,0.0 131.01144772853195,31.220292232691847,0.0 131.0114491200038,31.22028956871212,0.0 131.0114505120046,31.22028690516069,0.0 131.01145190451004,31.220284242043743,0.0 131.01145329749457,31.220281579368063,0.0 131.01145469093123,31.22027891714104,0.0 131.0114560847919,31.22027625537065,0.0 131.01145747904718,31.22027359406544,0.0 131.01145887366664,31.22027093323453,0.0 131.01146026861883,31.220268272887616,0.0 131.0114616638712,31.22026561303485,0.0 131.01146305939056,31.220262953687,0.0 131.01146445514263,31.22026029485521,0.0 131.0114658510926,31.220257636551192,0.0 131.01146724720493,31.220254978787064,0.0 131.01146864344355,31.220252321575384,0.0 131.01147003977184,31.220249664929096,0.0 131.01147143615293,31.22024700886153,0.0 131.01147283254954,31.220244353386377,0.0 131.0114742289242,31.2202416985176,0.0 131.01147562523937,31.220239044269505,0.0 131.0114770214574,31.22023639065663,0.0 131.0114784175408,31.22023373769373,0.0 131.01147981345213,31.220231085395778,0.0 131.01148120915423,31.220228433777887,0.0 131.0114826046104,31.22022578285531,0.0 131.01148399978413,31.220223132643348,0.0 131.0114853946396,31.22022048315741,0.0 131.01148678914143,31.22021783441287,0.0 131.01148818325512,31.220215186425104,0.0 131.01148957694676,31.22021253920941,0.0 131.01149097018333,31.220209892780986,0.0 131.01149236293284,31.22020724715492,0.0 131.01149375516417,31.220204602346083,0.0 131.0114951468475,31.22020195836914,0.0 131.0114965379538,31.220199315238524,0.0 131.01149792845573,31.22019667296832,0.0 131.01149931832694,31.22019403157232,0.0 131.01150070754255,31.22019139106392,0.0 131.01150209607903,31.22018875145612,0.0 131.0115034839145,31.2201861127614,0.0 131.01150487102848,31.22018347499183,0.0 131.0115062574021,31.220180838158928,0.0 131.01150764301815,31.22017820227363,0.0 131.0115090278612,31.22017556734627,0.0 131.01151041191738,31.220172933386586,0.0 131.01151179517478,31.22017030040361,0.0 131.0115131776231,31.220167668405708,0.0 131.01151455925404,31.22016503740049,0.0 131.01151594006097,31.22016240739485,0.0 131.01151732003925,31.22015977839484,0.0 131.01151869918607,31.220157150405736,0.0 131.01152007750048,31.220154523431976,0.0 131.01152145498347,31.220151897477148,0.0 131.0115228316379,31.220149272543967,0.0 131.01152420746857,31.22014664863425,0.0 131.01152558248208,31.220144025748933,0.0 131.0115269566869,31.22014140388797,0.0 131.01152833009348,31.220138783050487,0.0 131.01152970271391,31.22013616323457,0.0 131.0115310745622,31.22013354443743,0.0 131.011532445654,31.22013092665528,0.0 131.0115338160068,31.220128309883435,0.0 131.01153518563973,31.22012569411625,0.0 131.01153655457347,31.22012307934716,0.0 131.01153792283054,31.220120465568623,0.0 131.01153929043468,31.220117852772244,0.0 131.01154065741133,31.22011524094868,0.0 131.01154202378723,31.220112630087726,0.0 131.01154338959057,31.22011002017829,0.0 131.0115447548506,31.220107411208456,0.0 131.011546119598,31.220104803165448,0.0 131.0115474838645,31.22010219603576,0.0 131.0115488476828,31.220099589805063,0.0 131.01155021108676,31.22009698445832,0.0 131.0115515741109,31.22009437997984,0.0 131.0115529367907,31.22009177635321,0.0 131.01155429916224,31.22008917356147,0.0 131.01155566126226,31.220086571587025,0.0 131.011557023128,31.22008397041177,0.0 131.01155838479715,31.220081370017144,0.0 131.0115597463077,31.220078770384124,0.0 131.01156110769787,31.220076171493307,0.0 131.011562469006,31.220073573324967,0.0 131.01156383027052,31.220070975859105,0.0 131.01156519152974,31.22006837907549,0.0 131.0115665528218,31.220065782953743,0.0 131.01156791418458,31.22006318747331,0.0 131.01156927565555,31.220060592613663,0.0 131.01157063727183,31.22005799835422,0.0 131.0115719990699,31.220055404674486,0.0 131.0115733610855,31.220052811554098,0.0 131.01157472335376,31.22005021897285,0.0 131.01157608590887,31.220047626910794,0.0 131.01157744878418,31.22004503534828,0.0 131.0115788120118,31.220042444265985,0.0 131.01158017562287,31.220039853645016,0.0 131.01158153964738,31.220037263466963,0.0 131.01158290411388,31.22003467371392,0.0 131.01158426904965,31.22003208436857,0.0 131.01158563448055,31.220029495414227,0.0 131.0115870004309,31.220026906834903,0.0 131.0115883669234,31.220024318615334,0.0 131.01158973397915,31.220021730741006,0.0 131.0115911016175,31.220019143198297,0.0 131.0115924698561,31.2200165559744,0.0 131.0115938387108,31.220013969057447,0.0 131.01159520819553,31.220011382436528,0.0 131.01159657832235,31.22000879610173,0.0 131.01159794910143,31.22000621004416,0.0 131.0115993205409,31.22000362425596,0.0 131.0116006926469,31.22000103873036,0.0 131.01160206542363,31.21999845346175,0.0 131.01160343887315,31.2199958684456,0.0 131.0116048129956,31.21999328367859,0.0 131.01160618778903,31.219990699158533,0.0 131.01160756324938,31.21998811488447,0.0 131.01160893937063,31.21998553085657,0.0 131.01161031614467,31.21998294707628,0.0 131.01161169356146,31.219980363546217,0.0 131.0116130716089,31.21997778027024,0.0 131.01161445027296,31.21997519725339,0.0 131.0116158295377,31.219972614501938,0.0 131.0116172093853,31.21997003202334,0.0 131.01161858979603,31.219967449826218,0.0 131.0116199707484,31.219964867920385,0.0 131.0116213522192,31.219962286316782,0.0 131.0116227341836,31.219959705027502,0.0 131.011624116615,31.21995712406572,0.0 131.01162549948543,31.21995454344572,0.0 131.01162688276534,31.219951963182783,0.0 131.01162826642383,31.219949383293205,0.0 131.0116296504287,31.21994680379425,0.0 131.01163103474644,31.219944224704165,0.0 131.01163241934256,31.21994164604201,0.0 131.0116338041814,31.219939067827724,0.0 131.01163518922647,31.219936490082045,0.0 131.01163657444036,31.2199339128264,0.0 131.0116379597849,31.21993133608296,0.0 131.01163934522134,31.21992875987448,0.0 131.01164073071038,31.219926184224327,0.0 131.0116421162124,31.219923609156343,0.0 131.0116435016873,31.21992103469484,0.0 131.01164488709497,31.21991846086451,0.0 131.01164627239507,31.219915887690338,0.0 131.01164765754731,31.21991331519758,0.0 131.01164904251166,31.21991074341168,0.0 131.01165042724833,31.21990817235818,0.0 131.01165181171777,31.21990560206269,0.0 131.01165319588105,31.21990303255072,0.0 131.01165457969975,31.219900463847743,0.0 131.0116559631363,31.21989789597904,0.0 131.01165734615378,31.219895328969614,0.0 131.01165872871638,31.219892762844182,0.0 131.01166011078922,31.219890197627063,0.0 131.0116614923385,31.219887633342047,0.0 131.01166287333177,31.21988507001245,0.0 131.01166425373788,31.219882507660955,0.0 131.01166563352703,31.219879946309565,0.0 131.01166701267107,31.21987738597954,0.0 131.01166839114344,31.21987482669132,0.0 131.0116697689191,31.219872268464407,0.0 131.0116711459749,31.21986971131744,0.0 131.0116725222895,31.219867155267995,0.0 131.0116738978435,31.219864600332624,0.0 131.0116752726194,31.21986204652671,0.0 131.01167664660164,31.219859493864465,0.0 131.01167801977687,31.21985694235888,0.0 131.01167939213377,31.219854392021645,0.0 131.01168076366315,31.219851842863186,0.0 131.01168213435807,31.21984929489252,0.0 131.0116835042138,31.219846748117234,0.0 131.0116848732277,31.219844202543527,0.0 131.0116862413994,31.219841658176136,0.0 131.0116876087309,31.219839115018274,0.0 131.01168897522635,31.219836573071674,0.0 131.01169034089216,31.219834032336507,0.0 131.0116917057369,31.219831492811416,0.0 131.01169306977135,31.21982895449353,0.0 131.01169443300856,31.2198264173784,0.0 131.01169579546362,31.21982388146004,0.0 131.01169715715375,31.21982134673089,0.0 131.01169851809829,31.219818813181902,0.0 131.01169987831835,31.21981628080251,0.0 131.01170123783731,31.21981374958068,0.0 131.0117025966802,31.219811219502848,0.0 131.01170395487384,31.219808690554096,0.0 131.0117053124469,31.21980616271807,0.0 131.0117066694296,31.21980363597708,0.0 131.01170802585375,31.21980111031216,0.0 131.01170938175267,31.219798585703032,0.0 131.0117107371609,31.219796062128275,0.0 131.01171209211444,31.2197935395653,0.0 131.0117134466502,31.219791017990488,0.0 131.0117148008064,31.219788497379188,0.0 131.01171615462192,31.2197859777058,0.0 131.01171750813663,31.219783458943887,0.0 131.01171886139105,31.219780941066286,0.0 131.01172021442628,31.219778424045103,0.0 131.01172156728376,31.2197759078518,0.0 131.01172292000535,31.219773392457387,0.0 131.01172427263305,31.219770877832435,0.0 131.01172562520887,31.219768363947168,0.0 131.01172697777488,31.219765850771584,0.0 131.01172833037273,31.21976333827551,0.0 131.0117296830439,31.2197608264288,0.0 131.0117310358293,31.219758315201304,0.0 131.01173238876933,31.21975580456304,0.0 131.01173374190347,31.21975329448428,0.0 131.01173509527047,31.219750784935663,0.0 131.01173644890824,31.21974827588828,0.0 131.01173780285328,31.219745767313743,0.0 131.011739157141,31.219743259184327,0.0 131.01174051180553,31.219740751473047,0.0 131.01174186687945,31.219738244153778,0.0 131.01174322239385,31.21973573720125,0.0 131.01174457837803,31.219733230591263,0.0 131.01174593485968,31.219730724300675,0.0 131.0117472918645,31.219728218307576,0.0 131.0117486494164,31.21972571259124,0.0 131.011750007537,31.219723207132315,0.0 131.01175136624605,31.21972070191287,0.0 131.01175272556102,31.219718196916425,0.0 131.01175408549716,31.21971569212798,0.0 131.01175544606738,31.219713187534182,0.0 131.01175680728235,31.21971068312333,0.0 131.01175816915023,31.219708178885384,0.0 131.01175953167683,31.219705674811983,0.0 131.01176089486555,31.219703170896643,0.0 131.01176225871723,31.219700667134607,0.0 131.01176362323028,31.21969816352292,0.0 131.01176498840056,31.21969566006052,0.0 131.01176635422163,31.219693156748168,0.0 131.01176772068447,31.21969065358852,0.0 131.0117690877775,31.219688150586023,0.0 131.01177045548707,31.21968564774708,0.0 131.01177182379692,31.21968314507988,0.0 131.01177319268842,31.2196806425944,0.0 131.01177456214077,31.21967814030252,0.0 131.01177593213103,31.219675638217847,0.0 131.01177730263396,31.21967313635572,0.0 131.01177867362236,31.21967063473316,0.0 131.01178004506707,31.21966813336892,0.0 131.01178141693703,31.219665632283256,0.0 131.01178278919923,31.219663131498024,0.0 131.0117841618193,31.219660631036543,0.0 131.01178553476095,31.219658130923545,0.0 131.0117869079867,31.21965563118504,0.0 131.01178828145754,31.219653131848386,0.0 131.01178965513338,31.21965063294205,0.0 131.01179102897297,31.21964813449556,0.0 131.01179240293416,31.219645636539465,0.0 131.01179377697403,31.21964313910525,0.0 131.01179515104883,31.219640642225063,0.0 131.01179652511448,31.219638145931874,0.0 131.01179789912646,31.219635650259168,0.0 131.01179927303997,31.21963315524086,0.0 131.01180064681023,31.21963066091133,0.0 131.0118020203926,31.219628167305128,0.0 131.01180339374238,31.21962567445692,0.0 131.01180476681563,31.219623182401424,0.0 131.01180613956873,31.21962069117326,0.0 131.01180751195875,31.219618200806767,0.0 131.01180888394376,31.21961571133601,0.0 131.01181025548254,31.21961322279455,0.0 131.01181162653523,31.219610735215348,0.0 131.0118129970632,31.219608248630752,0.0 131.0118143670291,31.21960576307217,0.0 131.01181573639727,31.21960327857021,0.0 131.01181710513364,31.2196007951544,0.0 131.01181847320586,31.21959831285304,0.0 131.01181984058363,31.21959583169333,0.0 131.01182120723857,31.21959335170097,0.0 131.0118225731444,31.21959087290033,0.0 131.0118239382771,31.21958839531417,0.0 131.0118253026149,31.219585918963567,0.0 131.01182666613855,31.219583443868025,0.0 131.01182802883105,31.219580970045094,0.0 131.01182939067803,31.21957849751053,0.0 131.0118307516678,31.219576026278183,0.0 131.01183211179108,31.219573556359794,0.0 131.01183347104148,31.219571087765186,0.0 131.0118348294151,31.219568620501946,0.0 131.01183618691087,31.21956615457563,0.0 131.01183754353045,31.219563689989563,0.0 131.01183889927816,31.21956122674485,0.0 131.0118402541611,31.219558764840496,0.0 131.01184160818903,31.219556304273087,0.0 131.0118429613744,31.21955384503721,0.0 131.0118443137322,31.219551387124994,0.0 131.0118456652802,31.21954893052657,0.0 131.01184701603844,31.219546475229745,0.0 131.0118483660296,31.219544021220266,0.0 131.0118497152787,31.21954156848169,0.0 131.01185106381294,31.21953911699561,0.0 131.0118524116619,31.21953666674152,0.0 131.0118537588571,31.219534217697007,0.0 131.01185510543212,31.21953176983782,0.0 131.0118564514224,31.219529323137863,0.0 131.01185779686514,31.2195268775694,0.0 131.01185914179905,31.219524433103008,0.0 131.01186048626445,31.21952198970783,0.0 131.01186183030282,31.21951954735156,0.0 131.01186317395695,31.21951710600064,0.0 131.01186451727062,31.219514665620288,0.0 131.0118658602883,31.21951222617477,0.0 131.01186720305552,31.21950978762736,0.0 131.01186854561783,31.21950734994057,0.0 131.0118698880216,31.21950491307632,0.0 131.01187123031303,31.21950247699593,0.0 131.01187257253855,31.219500041660503,0.0 131.01187391474429,31.21949760703075,0.0 131.0118752569761,31.219495173067504,0.0 131.01187659927925,31.21949273973153,0.0 131.01187794169837,31.219490306983943,0.0 131.01187928427723,31.219487874786207,0.0 131.0118806270585,31.219485443100247,0.0 131.01188197008375,31.2194830118888,0.0 131.01188331339307,31.21948058111529,0.0 131.0118846570251,31.21947815074424,0.0 131.0118860010168,31.2194757207412,0.0 131.0118873454032,31.21947329107294,0.0 131.01188869021763,31.21947086170772,0.0 131.0118900354911,31.2194684326152,0.0 131.01189138125235,31.219466003766687,0.0 131.01189272752808,31.219463575135286,0.0 131.01189407434222,31.21946114669588,0.0 131.0118954217163,31.21945871842531,0.0 131.0118967696692,31.219456290302563,0.0 131.01189811821703,31.219453862308644,0.0 131.01189946737313,31.21945143442681,0.0 131.011900817148,31.219449006642648,0.0 131.01190216754915,31.21944657894411,0.0 131.01190351858122,31.219444151321422,0.0 131.01190487024584,31.219441723767407,0.0 131.01190622254165,31.219439296277308,0.0 131.01190757546425,31.219436868848906,0.0 131.01190892900627,31.219434441482445,0.0 131.0119102831573,31.219432014180768,0.0 131.01191163790423,31.21942958694923,0.0 131.01191299323065,31.219427159795703,0.0 131.01191434911755,31.21942473273052,0.0 131.0119157055431,31.219422305766464,0.0 131.0119170624826,31.21941987891877,0.0 131.0119184199089,31.21941745220502,0.0 131.01191977779231,31.21941502564505,0.0 131.01192113610048,31.219412599260973,0.0 131.01192249479902,31.219410173076994,0.0 131.0119238538512,31.21940774711938,0.0 131.0119252132182,31.21940532141633,0.0 131.01192657285944,31.21940289599788,0.0 131.0119279327324,31.219400470895813,0.0 131.01192929279316,31.21939804614348,0.0 131.01193065299617,31.219395621775696,0.0 131.0119320132947,31.219393197828616,0.0 131.0119333736411,31.2193907743396,0.0 131.01193473398652,31.219388351346968,0.0 131.01193609428157,31.21938592889,0.0 131.0119374544763,31.219383507008647,0.0 131.01193881452053,31.21938108574341,0.0 131.01194017436373,31.219378665135206,0.0 131.0119415339556,31.21937624522511,0.0 131.011942893246,31.21937382605425,0.0 131.01194425218532,31.2193714076637,0.0 131.01194561072447,31.21936899009413,0.0 131.01194696881535,31.21936657338579,0.0 131.01194832641076,31.219364157578216,0.0 131.0119496834647,31.219361742710127,0.0 131.01195103993268,31.21935932881929,0.0 131.0119523957716,31.219356915942253,0.0 131.0119537509401,31.219354504114165,0.0 131.01195510539893,31.219352093368784,0.0 131.01195645911048,31.21934968373812,0.0 131.0119578120396,31.219347275252368,0.0 131.01195916415344,31.219344867939817,0.0 131.01196051542144,31.21934246182657,0.0 131.01196186581564,31.219340056936545,0.0 131.01196321531077,31.219337653291262,0.0 131.0119645638842,31.219335250909705,0.0 131.0119659115162,31.21933284980833,0.0 131.01196725818983,31.219330450000843,0.0 131.01196860389106,31.21932805149812,0.0 131.0119699486089,31.219325654308143,0.0 131.01197129233523,31.219323258435967,0.0 131.01197263506495,31.219320863883585,0.0 131.01197397679596,31.21931847064988,0.0 131.011975317529,31.21931607873059,0.0 131.01197665726778,31.21931368811829,0.0 131.01197799601877,31.219311298802275,0.0 131.0119793337913,31.21930891076866,0.0 131.01198067059724,31.21930652400028,0.0 131.01198200645106,31.21930413847668,0.0 131.01198334136967,31.219301754174143,0.0 131.0119846753722,31.219299371065727,0.0 131.01198600847985,31.219296989121183,0.0 131.0119873407157,31.219294608306992,0.0 131.0119886721045,31.219292228586404,0.0 131.01199000267252,31.21928984991943,0.0 131.01199133244697,31.21928747226276,0.0 131.01199266145602,31.21928509556981,0.0 131.01199398972824,31.219282719790645,0.0 131.01199531740136,31.219280344985407,0.0 131.0119966445069,31.219277971100286,0.0 131.0119979711251,31.219275598129293,0.0 131.0119992973302,31.21927322605759,0.0 131.01200062319762,31.21927085486944,0.0 131.0120019488037,31.219268484548287,0.0 131.0120032742253,31.21926611507676,0.0 131.0120045995396,31.219263746436788,0.0 131.0120059248237,31.21926137860971,0.0 131.01200725015417,31.21925901157628,0.0 131.01200857560698,31.21925664531681,0.0 131.01200990125687,31.21925427981128,0.0 131.01201081893544,31.21925263198713,0.0</coordinates>
            </LineString>
        </Placemark>
    </Document>
</kml>
