max_altitude,max_speed,landed_latitude,landed_longitude,max_pressure,launch_clear_speed
3883.9868197716414,312.07303360994075,40.25898539890201,139.97084967321948,52564.330240624935,22.591128795440554
