Time,Latitude,Longitude,Altitude,Angle of Attack,Angle of Sideslip,X-Acceleration,Y-Acceleration,Z-Acceleration,Thrust,True Velocity,Ground Velocity,Pitch,Roll,Yaw,Dynamic Pressure,cp,cg,parachute_deploy_gain,Wind Speed,Wind Direction,Mach,omega_x,omega_y,omega_z,Cmq,Angle of Attack(total),Angle of Attack(gust),True Velocity(gust),Acceleration
0.0,31.222216000000007,131.010392,3.000000004412624,0.0,0.0,0.0,0.0,0.0,2.2828121974499247,0.0,0.0,67.99999999634184,-2.5471158841252642e-14,119.99999999354436,0.0,1.274,1.0271675151847728,0.0,0.0,0.0,0.0,0.0,0.0,0.0,-0.0,0.0,90.0,0.0,0.0
0.01,31.2222159999906,131.01039200000545,3.0000027264578115,0.0,0.0,0.0,0.0,0.0,34.242186961749226,3.465174813755317e-14,2.870547699416605e-14,67.99999999636636,-1.968071539801037e-11,119.99999999352394,7.352495975525505e-28,1.274,1.0271659134330349,0.0,0.0,0.0,1.0183245502395068e-16,-3.127245641262877e-18,7.162510601982364e-18,5.732718987017106e-18,-7.708624262714742e-34,0.0,89.99999999999979,3.465174813755317e-14,0.0
0.02,31.222215999993875,131.01039200001028,3.000003012779584,0.0,0.0,0.0,0.0,0.0,25.871876237766216,4.108097369095968e-11,2.5295561620191808e-11,67.99999999639007,-1.0579021305402568e-11,119.99999999353304,1.0333940445648076e-21,1.274,1.027164492361118,0.0,0.0,0.0,1.2072627300475456e-13,-6.2578794143147724e-18,1.4331797467542762e-17,1.1458661710456177e-17,-1.8286384256164817e-30,0.0,89.99999999973846,4.108097369095968e-11,0.0
0.03,31.222215999993875,131.01039200001028,3.000003012779584,0.0,0.0,9.941293505472023,-2.51228000430196e-05,3.66902570430056,180.34219359854663,1.2948092969387727e-10,1.1415617691306027e-10,67.99999999641602,-1.4569502857202404e-11,119.99999999352964,1.0265878389110116e-20,1.274,1.0271551940870716,0.0,0.0,0.0,3.8051070028081213e-13,-9.388513187366666e-18,2.150108433310316e-17,1.7184604433895245e-17,-8.646744418860512e-30,0.0,89.9999999991757,1.2948092969387727e-10,10.596747905909133
0.04,31.222215999993875,131.0103920000103,3.000003012779584,20.257521872679376,-0.0001079722734715,48.80500413600096,-9.6790855897057e-06,3.6689427235267686,548.635972453808,0.1589512185837734,0.1068889688459395,67.99999999643714,-1.853451325015864e-11,119.9999999935238,0.0154707803664337,1.274,1.027133720825283,0.0,0.0,0.0,0.0004671161972407,-1.2522535092207576e-17,-1.004954974760056e-11,1.2573423456097108e-11,4.961316312874981e-15,20.257521872955035,89.05067284041608,0.1589342583387169,48.94271722558612
0.05,31.22221599084417,131.0103920186648,3.0022578683165726,6.295020027687249,-3.330952397721791e-06,71.32597030132524,5.085130835984095e-05,3.6683259833807376,761.6984298824663,0.836531912183959,0.3965258959009606,68.00000001486215,-1.0892316567811248e-10,120.0000000031577,0.4284986218473642,1.274,1.027093426565204,0.0,0.0,0.0,0.0024583492917512,-4.5502609926501014e-18,-8.152916757862711e-07,2.052346139580106e-11,2.118272742784461e-09,6.295020027688131,84.72183592194177,0.8365313889591799,71.42023981301423
0.06,31.222215963420645,131.0103920748901,3.0148070948829484,4.43015861901636,3.309390292628146e-05,53.28502372872328,0.0001237337824704,3.667133979793927,590.4875390737236,1.6623191883829311,0.7399092370828722,67.99999960324351,-3.983264655794821e-10,120.0000000321796,1.69204814414631,1.274,1.027050317124926,0.0,0.0,0.0,0.0048851235898622,3.512835638694312e-13,-8.239005765336166e-06,2.952747405306558e-11,4.253780324279094e-08,4.430158619139697,79.56693453202816,1.6623243867610469,53.41106276242471
0.07,31.22221592194644,131.01039215993478,3.034007106185365,4.494469134422201,6.655259812641225e-05,81.30457930531433,0.0001635768393616,3.66596944654237,855.2937749779172,2.1064756835153022,0.9397230268168416,67.99999496659473,-8.34800068860953e-10,120.00000007607804,2.7170396713154537,1.274,1.027003201295312,0.0,0.0,0.0,0.0061903853083766,3.901128318360659e-12,-2.8935208361851183e-05,2.010187595129524e-10,1.893076206178041e-07,4.494469134913849,76.8681879142222,2.1064861375729698,81.38718540423847
0.08,31.222215878416662,131.010392249151,3.0533625227734102,3.78007719254116,8.264441222244845e-05,16.420770536155015,0.0002473707534938,3.663586466887335,241.2171988638792,3.05979836391728,1.3307624671565796,67.99997847602414,-1.0459212231557235e-09,120.00000012239026,5.732814488254431,1.274,1.0269597189470347,0.0,0.0,0.0,0.0089919551989796,1.636750592915251e-11,-6.265574946726096e-05,7.279884264244842e-10,5.954399410624619e-07,3.780077193443319,71.2655728263485,3.059811345671195,16.824493182934486
0.09,31.222215807126663,131.010392395381,3.0872373379337144,4.709959155674252,0.0001371496820795,50.482337553291806,0.0002352338817125,3.662852650196069,563.0937377043203,2.9027324198221107,1.304706149828234,67.99994272129919,-8.175118010934751e-10,120.00000019890956,5.159348528916158,1.274,1.026918932011013,0.0,0.0,0.0,0.0085303823136408,4.335866743903705e-11,-0.00012255987037,2.082449596613287e-09,1.104938508694962e-06,4.709959157666608,72.18667700287813,2.9027539632437938,50.61504612698559
0.1,31.22221575742821,131.01039249716985,3.108054756618066,4.406797795629001,0.0001493797127152,47.92726508367564,0.0002950237914134,3.66013444007768,538.7437595981891,3.5786411696624003,1.5915771782466797,67.99987260025304,1.599860153429687e-09,120.00000025457253,7.841809710458538,1.274,1.0268846934974103,0.0,0.0,0.0,0.0105167063626997,9.615301364837632e-11,-0.0001896665954086,4.113101586041423e-09,2.1080987346294887e-06,4.40679779815573,68.38339209770672,3.5786646341728034,48.066821432328936
0.11,31.22221567459415,131.01039266702276,3.1463955357590927,4.415804417762085,0.0001794819573355,37.79885228315696,0.0003367895200201,3.657416132983869,442.86563930529127,4.046570683295561,1.8002623292582756,67.9997640971689,6.543796656503825e-09,120.0000003484232,10.026576107365104,1.274,1.026848594915519,0.0,0.0,0.0,0.011891836045881,1.7783901713313552e-10,-0.000285151189871,7.460806039127682e-09,3.583790925555027e-06,4.41580442140238,65.86703998612276,4.046598876255492,37.9753858019528
0.12,31.222215591440023,131.0103928374792,3.1839242398255614,4.563114806830976,0.0002115012058268,41.2825838620504,0.0003665421416528,3.6546810022605705,475.58594813540793,4.375774881828922,1.956801008894831,67.99960088625893,1.6264056377984605e-08,120.00000044766044,11.72429588649126,1.274,1.0268114448194128,0.0,0.0,0.0,0.0128592884119592,3.0062762110434616e-10,-0.0004075036895452,1.2594893317996177e-08,5.538157440819368e-06,4.563114811722186,64.15958523617934,4.375808104360644,41.44403966422508
0.13,31.222215502000264,131.01039302080284,3.223974375587493,4.589217265941484,0.0002380637481724,45.57156634159356,0.0004050990292385,3.651181115945105,515.9156326236897,4.807562590430878,2.151868263359092,67.99936758561843,3.322470774834573e-08,120.00000056129872,14.152235684018002,1.274,1.026779572895131,0.0,0.0,0.0,0.0141282089473727,4.760727643945669e-10,-0.0005553377041507,1.967244338885513e-08,8.291998585259779e-06,4.5892172721030455,61.98836001708018,4.807599985396996,45.717598171074144
0.14,31.222215401367297,131.01039322708232,3.2692888586088302,4.569724783752183,0.0002629710843404,42.445078695669295,0.0004476223914111,3.646952104362629,486.2390860568421,5.286113606773912,2.364485953247265,67.99904960561082,6.011739674313496e-08,120.00000069745091,17.10985203985219,1.274,1.0267449573927567,0.0,0.0,0.0,0.0155345571325337,7.151144119987642e-10,-0.000734819855482,2.9286025130977872e-08,1.2064035253514771e-05,4.569724791302622,59.67950739663391,5.2861549141752455,42.60146670401666
0.15,31.222215291288936,131.01039345272457,3.3188919014122904,4.60759713165104,0.0002910220304217,41.00975522727112,0.000484196073822,3.6424012208580905,472.5421858721398,5.69653757065778,2.5514737176554365,67.99862881001168,1.005340579508039e-07,120.000000858045,19.8697833869618,1.274,1.0267115958081523,0.0,0.0,0.0,0.0167406992063767,1.031334938945364e-09,-0.0009509205621645,4.211899342931077e-08,1.6823965087418128e-05,4.607597140821929,57.78570720608119,5.69658328429142,41.171192728518875
0.16,31.22221517426644,131.01039369258763,3.371386619342709,4.64442843617221,0.0003187459332402,32.39160759968822,0.0005201832540628,3.637259987569774,391.1218908297597,6.101081791769634,2.736226501333713,67.99808421340303,1.5902001891264916e-07,120.000001045207,22.792014163455555,1.274,1.026675762255412,0.0,0.0,0.0,0.0179295641115944,1.4404498902157244e-09,-0.0012039724964123,5.861312997598806e-08,2.2813629191053594e-05,4.644428447085924,55.99449408945435,6.101131860263745,32.595182211178795
0.17,31.222215048652007,131.01039395005884,3.4276944029464915,4.76556270030963,0.0003524330177988,40.96340652041896,0.0005456068701958,3.632160810799175,471.78125980632416,6.383942487225238,2.875210075001166,67.99739464836895,2.406712379959953e-07,120.0000012660828,24.95425423660785,1.274,1.0266409836796937,0.0,0.0,0.0,0.0187608333595171,1.95829578249852e-09,-0.0014965783197776,7.933918269366775e-08,2.9672697731310903e-05,4.765562713311512,54.79162363202051,6.383997847274218,41.12412024846604
0.18,31.222214918672204,131.01039421644953,3.4854544955210374,4.753699233726161,0.0003761807586324,34.115231188450686,0.0005856639397812,3.62540984841064,407.1015672119096,6.837886695211004,3.078485362174869,67.99653744461544,3.514207643322416e-07,120.00000152239105,28.62912374704003,1.274,1.0266048342046536,0.0,0.0,0.0,0.02009487658399,2.601833570973013e-09,-0.0018252755913826,1.0444832008305429e-07,3.8762926275410526e-05,4.75369924857639,52.92366328410818,6.83794578554639,34.30732568932463
0.19,31.22221477620725,131.01039450845172,3.5492041954075195,4.839267678243568,0.0004083067355468,38.57465153300336,0.0006131259617322,3.6188219892049993,448.95313283182486,7.146752234348125,3.227182955412464,67.99549190110528,5.047007810715421e-07,120.00000184017053,31.27368441938395,1.274,1.026566130444714,0.0,0.0,0.0,0.0210025719636324,3.386455762088602e-09,-0.0022014844548988,1.351936014518302e-07,4.886387449494303e-05,4.839267695427762,51.70990000347169,7.146816371020165,38.744026815215214
0.2,31.222214630532072,131.0103948069986,3.613762698551086,4.851504842505623,0.0004337857446497,35.35759321835612,0.0006491348495965,3.6107541204288975,418.5156301991588,7.556391424320352,3.4137476434824485,67.99423085828272,6.934483056545369e-07,120.00000219560188,34.961318126108154,1.274,1.026529240027363,0.0,0.0,0.0,0.0222064183897487,4.332508570843328e-09,-0.0026198372228871,1.7166698732442313e-07,6.148223032252026e-05,4.851504861852251,50.155778931788966,7.556459563225783,35.54148201657203
0.21,31.22221447402223,131.01039512776407,3.683390064561909,4.905282363078014,0.0004635096149684,33.91711897457707,0.0006789660029996,3.6023542621251914,404.8187610144608,7.895726866691654,3.5738434200486204,67.99273009845939,9.419819971619484e-07,120.00000262953364,38.17158865613676,1.274,1.0264923657015164,0.0,0.0,0.0,0.0232036619271182,5.4579440952972445e-09,-0.0030887391978878,2.149905335393549e-07,7.574104827839328e-05,4.90528238492343,48.92373285496316,7.895799674611716,34.107886422738986
0.22,31.222214312168344,131.01039545946077,3.755020054475544,4.957365366742469,0.0004928984995344,41.13252142325219,0.0007081857633563,3.593137016566067,472.5421858721387,8.229560026172466,3.7318419668051246,67.99096070860693,1.2488085819301505e-06,120.00000312975796,41.46734689666516,1.274,1.0264494137127138,0.0,0.0,0.0,0.0241847376647929,6.784349833651055e-09,-0.0036063782895066,2.6555206585829734e-07,9.21728181088414e-05,4.957365391185166,47.75650885933577,8.22963745048772,41.289162655055684
0.23,31.222214142886457,131.01039580637274,3.829817427166218,4.938249009300197,0.0005154484456806,34.10865713684681,0.0007470847427662,3.58181943967101,406.340642146096,8.678389814056844,3.933069962132594,67.9888947484179,1.6280508293537036e-06,120.00000371514534,46.1135124921622,1.274,1.0264133390858623,0.0,0.0,0.0,0.025503764164629,8.332486567206177e-09,-0.0041747050159715,3.239858018872952e-07,0.0001125166510472,4.9382490361344855,46.24746618892949,8.678470780509356,34.29620857668543
0.24,31.22221396287121,131.0103961752949,3.9096291894311377,4.9976594176108815,0.0005464698860115,35.175563660159234,0.0007737323018592,3.570815985374733,416.2328240017099,8.986305029984369,4.081256073550562,67.98650318272269,2.090929341373382e-06,120.00000440120324,49.443462973247904,1.274,1.0263750048312463,0.0,0.0,0.0,0.0264086789639494,1.0123810065069805e-08,-0.004804337219784,3.919351460067566e-07,0.0001340797406552,4.997659447411969,45.261252281902856,8.986390869273333,35.356343224518916
0.25,31.222213779217327,131.01039655164234,3.990493875776049,5.024846571161135,0.0005736903286809,36.161510498484304,0.0008045451763465,3.558195973520436,425.3640807915084,9.345144516865648,4.248578024586321,67.98375087167679,2.6511131291228376e-06,120.00000519491184,53.47062251908911,1.274,1.0263373768840591,0.0,0.0,0.0,0.0274632505468212,1.2184524010457303e-08,-0.0054875538278615,4.692099497981932e-07,0.0001592611932006,5.024846603826433,44.150910878482506,9.345234631931747,36.336147302173636
0.26,31.222213586369925,131.01039694683445,4.075514149527917,5.04434941808107,0.0006004107051936,39.41543427263479,0.0008359352793352,3.544250788465165,455.80158342417656,9.713392201068077,4.4194135096465885,67.98060712494755,3.3218498480048307e-06,120.000006116351,57.76722438433384,1.274,1.0263006300381676,0.0,0.0,0.0,0.028545473965216,1.4537289474108568e-08,-0.006230461764942,5.569637915707686e-07,0.0001879458604913,5.044349453721097,43.05638729685496,9.713486513361104,39.57446365082813
0.27,31.222213386139742,131.01039735714872,4.163679749421614,5.039703495579508,0.0006243169785047,36.02881241651952,0.0008707905334639,3.5283668536872246,423.8421996598744,10.12533657924582,4.606671155512864,67.97703773824931,4.118097135136177e-06,120.0000071795322,62.7704023469443,1.274,1.026260090595354,0.0,0.0,0.0,0.0297561153891995,1.7207381540105485e-08,-0.0070362079363097,6.56204015980564e-07,0.0002212514179128,5.03970353414988,41.88180678989312,10.125434646727475,36.20116983686061
0.28,31.22221317698696,131.01039778575063,4.255850937946337,5.066776699611974,0.0006522739834942,41.63623722691548,0.0008996861695851,3.511982622880476,476.3468732012228,10.47045828920015,4.768750417853581,67.97300671104995,5.056186728780209e-06,120.0000084035294,67.12178755684084,1.274,1.0262212716723291,0.0,0.0,0.0,0.0307703834354586,2.0221304954609967e-08,-0.0079110072586822,7.683415189564221e-07,0.0002572358883952,5.066776741487888,40.941507073364896,10.470560748157885,41.78409114925
0.29,31.22221296195409,131.01039822638555,4.350330148726012,5.044146795510041,0.0006737892394702,33.30074813628508,0.0009368104401991,3.492501919000301,397.9703104221098,10.916215933991962,4.96869998754958,67.96847447263599,6.154480819012823e-06,120.0000098046779,72.95791731842243,1.274,1.026183007522519,0.0,0.0,0.0,0.0320804017024085,2.3608383370424973e-08,-0.0088514947527221,8.936556159471041e-07,0.000300067444585,5.044146840395533,39.7733133181092,10.9163217725582,33.483389866740325
0.3,31.22221273603605,131.0103986893425,4.449911131273628,5.09085255926732,0.0007048179580143,31.20653495686337,0.0009606937891431,3.4739075176697383,378.1859457108735,11.209484657082156,5.1112037019782965,67.96340339661165,7.431616264028335e-06,120.00001140822724,76.92992936096967,1.274,1.0261430389738484,0.0,0.0,0.0,0.0329422921629182,2.7396065758499763e-08,-0.0098692798342265,1.0343541504553646e-06,0.0003435556564789,5.090852607929156,39.04203515314804,11.209595369628104,31.39929710006564
0.31,31.22221250681097,131.01039915904306,4.550366250306302,5.1296817799806975,0.0007345206746882,32.923273078382046,0.0009851379280136,3.453717326921498,394.1656220930229,11.512966362471596,5.257536262433056,67.95774917934803,8.909463347351529e-06,120.00001322940494,81.15108349072527,1.274,1.0261054058068628,0.0,0.0,0.0,0.0338341987106794,3.1617367231532055e-08,-0.0109523973046618,1.1896066775148232e-06,0.0003915779514669,5.129681832428308,38.309036173937976,11.513081740709367,33.10392838529123
0.32,31.22221226986224,131.01039964456635,4.6541599204829485,5.1497414515288416,0.0007618032457722,35.85801615320794,0.0010122702363327,3.4312663874946647,421.5593934624264,11.85250923212771,5.417438555577576,67.95147439710405,1.0608532402416772e-05,120.00001529482338,86.00746109732003,1.274,1.026068246703101,0.0,0.0,0.0,0.0348320849265366,3.6299712316574106e-08,-0.0121036371542902,1.3603385679653371e-06,0.0004454958622381,5.149741507723928,37.51487140356721,11.852628895901727,36.02181162143797
0.33,31.22221202532413,131.0104001456363,4.76121747643528,5.152642119880864,0.0007866722555005,35.546941849506034,0.0010419633729026,3.4062897537484367,418.5156301991632,12.227325893049944,5.5906231064591605,67.94454001835967,1.2550637772027923e-05,120.0000176276098,91.53222808290796,1.274,1.0260310883392356,0.0,0.0,0.0,0.035933637335243,4.147154925020037e-08,-0.0133285449077052,1.548049933002353e-06,0.0005060893981907,5.1526421797709006,36.66933784740917,12.227449463238871,35.70977297357605
0.34,31.222211772799746,131.0104006630688,4.871760278464286,5.1621499767140815,0.0008126204673473,27.765801889335243,0.0010695999895201,3.3797858607327127,345.4656368807584,12.582858038013091,5.75652901614168,67.93690383532079,1.475963951627426e-05,120.0000202536576,96.93152451469643,1.274,1.0259901535019136,0.0,0.0,0.0,0.0369785204985078,4.7163593994861926e-08,-0.0146328997302924,1.7543644661301518e-06,0.0005717656972123,5.162150040501879,35.89901055593355,12.582985684137606,27.970747365171807
0.35,31.22221151344101,131.01040119449576,4.985146518681852,5.216397881784029,0.0008455904662539,30.45991199349505,0.0010872473638065,3.354218680126811,370.5765700527057,12.82367831467946,5.879163228843193,67.92852032583379,1.7261625356455577e-05,120.00002319959184,100.67623173379224,1.274,1.025950003202184,0.0,0.0,0.0,0.0376862916598077,5.340918920628256e-08,-0.0160167822964084,1.9800963340260475e-06,0.0006378103503538,5.216397950130641,35.39974507432226,12.823811139719291,30.644037312137613
0.36,31.22221125024659,131.01040173375296,5.09970618818231,5.235724282732974,0.0008728735349971,34.45513176202904,0.001111041199741,3.3249605623121403,407.8625232777224,13.143468631776674,6.031584859018617,67.91934391777582,2.0083753028314072e-05,120.00002649120144,105.75890133906331,1.274,1.0259105142325406,0.0,0.0,0.0,0.0386261429999739,6.024221662626537e-08,-0.0174691566683232,2.224170818438873e-06,0.0007129857184195,5.235724355290918,34.74986302179041,13.14360574243092,34.61519129968988
0.37,31.22221097826628,131.0104022910162,5.218196267981704,5.234801406779652,0.000897065357468,32.68059163478357,0.0011381456836409,3.292361229229369,391.1218908297639,13.50949512998625,6.201459025400524,67.90933537827623,2.325145678875199e-05,120.00003016093352,111.73011400164305,1.274,1.025872170958032,0.0,0.0,0.0,0.0397018780070559,6.769070187587637e-08,-0.0190004991416034,2.488902073409948e-06,0.0007970729781721,5.234801483428772,34.0294074529085,13.509636040683086,32.846015182341276
0.38,31.222210698576216,131.0104028640733,5.3400168125759615,5.250220015938182,0.0009240916465614,34.159121915285226,0.001160864879647,3.258866813919397,404.81876101445977,13.829092426830575,6.353808214954649,67.89844945976392,2.6793369549322007e-05,120.00003423821812,117.07772704851752,1.274,1.02583050512925,0.0,0.0,0.0,0.0406411705002955,7.57871772933315e-08,-0.0206180411205563,2.776360555333929e-06,0.0008853805110356,5.250220097035162,33.424621865582424,13.829237582806972,34.31422189532777
0.39,31.222210413145216,131.010403448877,5.46407221098422,5.252048025730581,0.0009487010244234,29.130598922339782,0.0011855429827755,3.222176304334311,357.6406249338268,14.179578419756613,6.5178380215347484,67.886636769568,3.0740893679108005e-05,120.00003875451166,123.08592353685384,1.274,1.02579027384009,0.0,0.0,0.0,0.0416712429723479,8.456784684757804e-08,-0.0223179966755598,3.086721392768862e-06,0.0009826576325584,5.2520481111745285,32.78190618339498,14.179727441365046,29.308261891759283
0.4,31.222210119624407,131.01040405025552,5.591668537551862,5.282474273893165,0.000978586840692,27.842875664631062,0.0012028837920192,3.185928351266307,345.4656368807565,14.44756070120506,6.650694942426492,67.87385009295467,3.512544625320365e-05,120.00004374591336,127.7807656306998,1.274,1.0257493418632293,0.0,0.0,0.0,0.0424588560433392,9.406660964658005e-08,-0.0241058294889459,3.421744761543059e-06,0.0010814214806978,5.2824743642785785,32.31002130103197,14.447714417266534,28.024558269175923
0.41,31.22220982167371,131.01040466068557,5.720771220823895,5.308271589131584,0.0010075635355325,31.43794566140052,0.0012201246256611,3.1474205809729288,378.9468707766882,14.721313887556857,6.78574546145237,67.86003907254154,3.9980780685473725e-05,120.00004924459851,132.66739222310596,1.274,1.025708445186429,0.0,0.0,0.0,0.043263431822222,1.0432069257289425e-07,-0.0259725375663715,3.7806167341959935e-06,0.0011872275233143,5.308271684480698,31.84053006283532,14.72147215526691,31.595105399593272
0.42,31.22220951705013,131.01040528477773,5.852626222659345,5.310240523908778,0.0010321694060463,35.441009557864184,0.0012415764717123,3.104398799702364,416.23282400171047,15.055136073907844,6.9435484935541725,67.84515852068436,4.5339205035989686e-05,120.00005528751412,138.7506157089943,1.274,1.0256701057426505,0.0,0.0,0.0,0.0442445441258141,1.1536261406305897e-07,-0.0279200294279607,4.16435722033126e-06,0.0013051729337456,5.310240623934442,31.281021814171947,15.055298206699,35.576712213605774
0.43,31.222209204526795,131.01040592505373,5.987913035433971,5.296019762661222,0.0010537541959396,31.13948948271348,0.0012656313284712,3.057012610068692,375.90313951343126,15.430806843459536,7.117235142895273,67.8291621541763,5.123421127503571e-05,120.00006191180006,145.75960315048303,1.274,1.0256308158337524,0.0,0.0,0.0,0.0453486473211358,1.272249430363697e-07,-0.0299575428339401,4.575548563953407e-06,0.0014353462686023,5.29601986719574,30.670626763691534,15.43097236678156,31.289185558974925
0.44,31.2222088840584,131.01040658160653,6.126654815184158,5.309207298406081,0.0010808116625888,28.711649845542805,0.001282170884796,3.010328306362315,353.07501253892326,15.722258840869168,7.259051858407373,67.81199839456777,5.770263028527641e-05,120.000069156941,151.31570501718016,1.274,1.025586171750536,0.0,0.0,0.0,0.0462052499500175,1.3994417299086577e-07,-0.0320922682896833,5.0165625658765326e-06,0.0015666480100594,5.309207408103144,30.21611364335753,15.722428614368113,28.869030378748548
0.45,31.222208558868967,131.010407247809,6.267063794345923,5.3252065896882925,0.0011083694116981,33.454628280153834,0.001296790802992,2.9618170984946417,397.2093853562887,15.998821744854778,7.395258158070994,67.7936115369217,6.478431221550045e-05,120.0000770621848,156.68386142052773,1.274,1.0255397023523487,0.0,0.0,0.0,0.0470180993684565,1.5356153514132625e-07,-0.0343138572454215,5.4862568739003325e-06,0.0017045422091448,5.325206704702016,29.797292140441428,15.99899584711483,33.5854807256033
0.46,31.222208227259305,131.0104079271538,6.410080946913928,5.311701194513496,0.0011299088189816,39.0957366977289,0.0013171146807293,2.9067536787251447,449.7140588976424,16.358261013255717,7.562962600066094,67.773951815571,7.251707904709646e-05,120.0000856698807,163.80100803857243,1.274,1.02549635315424,0.0,0.0,0.0,0.0480745141692728,1.6811289530370028e-07,-0.0366211643227091,5.985152050038824e-06,0.0018600025431535,5.311701314346462,29.263930439653453,16.358438498917952,39.20364583328596
0.47,31.222207886811766,131.01040862461,6.557041301871459,5.277617832635292,0.0011472214660184,26.391501643985983,0.001341167402254,2.845362364762736,331.0078106302504,16.778289769869875,7.753753541322856,67.75297012256021,8.093906466565737e-05,120.00009502350196,172.31836133524538,1.274,1.025453319323251,0.0,0.0,0.0,0.049308998420577,1.836318313023774e-07,-0.0390271890259985,6.516886174189297e-06,0.0020330735522034,5.277617956971023,28.66010464866509,16.778469974996348,26.54444288000886
0.48,31.222207537530053,131.01040934016976,6.707938841696294,5.31090972057537,0.0011791479751539,25.999801152800565,0.0013473606844374,2.792066670821081,327.20312230115803,16.9804330606395,7.861792812789006,67.73060989685582,9.009304600518784e-05,120.00010516896172,176.49296801902423,1.274,1.0254092882449153,0.0,0.0,0.0,0.0499031536403886,2.0015747629980362e-07,-0.0415421710549946,7.084814521735387e-06,0.0021901294626647,5.3109098510997095,28.386306265410116,16.980618280770297,26.14928867282742
0.49,31.222207187222743,131.01041005778333,6.858461165663568,5.32369927088522,0.001206333994135,32.70588307049061,0.0013571834644353,2.7333643479628367,389.6000096981238,17.239924094062946,7.991692057601232,67.70680869467853,0.0001000260354408,120.00011614840376,181.9258045557404,1.274,1.025367445590036,0.0,0.0,0.0,0.0506658480713099,2.177389997797e-07,-0.0441341401473027,7.682918259791845e-06,0.0023623028728993,5.323699407167444,28.037476125095107,17.24011358456362,32.81990356355828
0.5,31.22220682871958,131.01041079218817,7.01256490295335,5.3029936088915965,0.0012262043948701,33.619069355990085,0.001373793839017,2.665872801827698,397.970310422106,17.60146379341218,8.160533241780254,67.68152242024378,0.0001107759587846,120.00012801024296,189.63336547012275,1.274,1.0253278572281015,0.0,0.0,0.0,0.0517284551723367,2.364063507775089e-07,-0.0468121766870696,8.313805030194809e-06,0.0025581544106425,5.302993750253395,27.55857589462165,17.601656405148102,33.72460087303786
0.51,31.222206461532508,131.01041154438693,7.170512587686416,5.286845367410157,0.0012472060527449,25.634451816734146,0.0013877558347413,2.596039048161704,323.39843497208153,17.943195302387835,8.321930768824707,67.65470176153731,0.0001223838538778,120.00014079912648,197.06530116911748,1.274,1.025286455263166,0.0,0.0,0.0,0.0527328544105131,2.561918567269799e-07,-0.0495927548882684,8.982271979780457e-06,0.0027626798792208,5.286845514105028,27.12069989108705,17.94339121305646,25.76556889746297
0.52,31.222206088190248,131.01041230918216,7.330908415474931,5.305336604102969,0.0012762811496635,30.877925361963616,0.0013914027344611,2.5309054128066206,372.098451184342,18.16106229959016,8.436144932450002,67.6262879613986,0.0001348967775147,120.00015456301313,201.8767947806977,1.274,1.0252426840672306,0.0,0.0,0.0,0.053373235416686,2.771376209132963e-07,-0.052473431129756,9.688886128682653e-06,0.0029586021515499,5.305336757178588,26.85374553939291,18.16126277736433,30.981474445280544
0.53,31.222205711540788,131.0104130807204,7.492187090976883,5.287075367829743,0.001296485160737,32.44692919435564,0.001402739200497,2.455106189763536,386.55624643486095,18.49693010437405,8.595535836867057,67.59622366211312,0.0001483618430834,120.00016934962473,209.40955302832376,1.274,1.0251993415311351,0.0,0.0,0.0,0.0543604104647397,2.992878379069196e-07,-0.0554345379974588,1.0429857168281488e-05,0.003183312100999,5.2870755263389615,26.443881749036148,18.49713375578686,32.53967981579138
0.54,31.22220532509796,131.01041387233195,7.657906204415424,5.267925184906318,0.0013166756342484,28.46018905631161,0.0014126058138258,2.3758873816137176,349.2703242098436,18.83005829218128,8.754010301915143,67.56446279349777,0.0001628200729186,120.0001852101536,217.01692084846704,1.274,1.0251561018460285,0.0,0.0,0.0,0.0553395404342841,3.226711069265697e-07,-0.0584954839542,1.1210707967998844e-05,0.0034195284752682,5.26792534898871,26.048926329501494,18.830265115106247,28.559187732961973
0.55,31.22220493247912,131.01041467658197,7.826075397300557,14.32155442407532,17.12016606776904,30.69727702947313,-1.1294007655079294,1.694311012556332,365.2500005919912,22.084009088046507,8.886782483327227,67.53094814464941,0.0001783193785862,120.00020219246709,298.4963945713801,1.274,1.025112921033824,0.0,7.506215708608659,0.0,0.0649026791838779,3.473277172234673e-07,-0.0616560342296936,1.2032591732559315e-05,0.0042270629276051,22.181997661396306,40.88550111333803,24.733399496160924,30.76473716644786
0.56,31.222204534978747,131.0104154908101,7.995984826367083,21.443400966562944,-0.0395817620554396,28.707557763020247,-0.2598195007887428,0.73750325831618,346.22656194657776,23.868969102029084,9.03172983534038,67.49562264389246,0.0001949083186525,120.00022034768624,348.69321321844507,1.274,1.0250709539098009,0.0,7.5334042033161825,300.0001285565649,0.0701486314022567,3.7318726122984613e-07,-0.072206168498993,0.0136943219941541,0.0053503979647562,21.443435776174542,29.40530241869008,23.862751613879155,28.718204852430475
0.57,31.222204132606265,131.0104163219333,8.16947033121084,21.24820674204692,-0.0328614830063113,28.427660179649376,-0.2619301700699915,0.3161387911967067,343.1828296833045,24.15094285522382,9.15367520420248,67.45425105709728,0.0190975092874866,120.02068427291924,356.9744359688306,1.274,1.0250279191823897,0.0,7.560399886887196,300.0001285565649,0.0709774643690508,4.108656720708761e-07,-0.0916853615179991,0.0136485458008328,0.0068739280329838,21.24823097729616,29.126399835314203,24.145780985826885,28.43062458756253
0.58,31.22220372336431,131.01041716001717,8.344893012225096,21.048854201661342,-0.0395846871244395,37.39436885887263,-0.2630975285467586,-0.1213061496609627,426.12500585731766,24.43937594042716,9.280975934589945,67.4017161659901,0.0378473004989741,120.04098965377948,365.5458384450176,1.274,1.024981594484354,0.0,7.587452199258224,300.0001285565649,0.0718252855870268,4.568610133028988e-07,-0.1114655923664155,0.0136085063740073,0.0084565751739244,21.04888973354454,28.8344869005763,24.433157992808574,37.3954911432501
0.59,31.22220330894668,131.01041801177053,8.523009531866055,20.730057616447866,-0.0459786831992847,30.40438512196948,-0.2658809460295201,-0.6008400714720089,360.68438819710633,24.85453184156121,9.46045557059503,67.33784553962333,0.0564250751064553,120.06111723176096,378.0640363446863,1.274,1.0249386802161349,0.0,7.614327035983525,300.0001285565649,0.0730455408943458,5.112943817592773e-07,-0.131551539752339,0.0135607327851428,0.0101498042996022,20.730106361505975,28.399362780250023,24.847309527668344,30.41148362237507
0.6,31.22220288433556,131.0104188838797,8.706023459315443,20.52832340889949,-0.0524616042149039,27.097574582925247,-0.2664539450336794,-1.0698283435668805,329.4859594986072,25.129697185860422,9.582355746864058,67.26246408272907,0.0747933361199533,120.08102789356488,386.4747019990664,1.274,1.024891335813742,0.0,7.641146223504695,300.0001285565649,0.0738543829731812,5.742766975242797e-07,-0.1520468894697087,0.0135047031291797,0.0118607815979527,20.528387550242805,28.1191555179886,25.121456537492023,27.119994075713205
0.61,31.22220245759337,131.01041976029143,8.889625799199742,20.330451744394,-0.0588608873415119,31.731973914476487,-0.2666233087493847,-1.549290013702762,372.0984511843332,25.39117034174779,9.698711781281087,67.17533728226616,0.0929142009152812,120.10068202417716,394.5520841154666,1.274,1.0248423929069768,0.0,7.6682251747419485,300.0001285565649,0.0746229884418609,6.459795537627373e-07,-0.1728151866762133,0.0134405172577208,0.0136208898531817,20.330533345051528,27.85062031870621,25.38192449681131,31.770891646983152
0.62,31.22220202481796,131.01042064900324,9.075917479356145,20.057061539895457,-0.0649656543959119,39.39560272981359,-0.267698282429257,-2.0642915461944167,442.86563930529206,25.732996511920103,9.848601035310455,67.07630884440404,0.1107508718130814,120.12004110578972,405.23958057883,1.274,1.0247996097896497,0.0,7.694921779545238,300.0001285565649,0.0756277521303533,7.265113502284394e-07,-0.1938335356370155,0.0133680217685471,0.0154829020787165,20.057162419617896,27.49402858312256,25.72279173297744,39.450557364927064
0.63,31.22220158388351,131.01042155434752,9.26601852113458,19.709032346386167,-0.0707242266602992,22.56168774370665,-0.2697094941323986,-2.6234251743329247,286.11251274707456,26.161150338077945,10.034578410768772,66.96523560214735,0.1282674396730877,120.13906746596248,418.8291306218872,1.274,1.024756158874558,0.0,7.721527565039191,300.0001285565649,0.076886235745946,8.159655486999043e-07,-0.2151604084061244,0.0132867640873216,0.0174720698478806,19.709154195072355,27.04969676597305,26.150041005353767,22.715300057473854
0.64,31.222201133796464,131.01042247833328,9.460429306682489,19.56956205753022,-0.0770433920136718,22.19652353633812,-0.2677019723971489,-3.116876363609335,282.3078244179702,26.315715972514443,10.107331770408065,66.84194089641275,0.145428443179272,120.15772378255105,423.7849023557344,1.274,1.024708534665538,0.0,7.748216942792627,300.0001285565649,0.0773406655852087,9.14460074601722e-07,-0.2368591835091873,0.0131961833055087,0.0193473938033103,19.569707769309,26.877870773914644,26.3036140284435,22.415892570033073
0.65,31.222200685729103,131.01042339811855,9.653216578530252,19.36221008546088,-0.0830653416037824,38.87941151727261,-0.2664838941365672,-3.641700978399931,436.7781447787504,26.544337384206884,10.21122758711962,66.70621174254661,0.1621987894453995,120.17597297001174,431.1722850837032,1.274,1.0246641738210605,0.0,7.775046482281277,300.0001285565649,0.0780127429524861,1.0221753079706087e-06,-0.2586707604639242,0.0130971059641492,0.0213121979891385,19.36238142815572,26.626593556078028,26.531289515430068,39.050501144176664
0.66,31.22220022963612,131.01042433422572,9.849685121364049,18.967275008743023,-0.0882494148996432,33.17618405471839,-0.2681899683346297,-4.264744448901376,383.5125151715984,27.01047121032977,10.415208864317302,66.55798366074352,0.1785470148832087,120.19378173782184,446.440091252227,1.274,1.0246195561629028,0.0,7.801202654643869,300.00012855656485,0.0793828675184924,1.1391517627364149e-06,-0.280647133998601,0.0129891289957622,0.023528464880034,18.96747275274354,26.143324302020893,26.99660903013414,33.450249020091036
0.67,31.222199760909177,131.0104252960218,10.052185978501509,18.68478752312665,-0.0937705792437526,23.040746345855464,-0.2674499812268572,-4.850340478763129,289.15624401033847,27.31730151941268,10.55304753433168,66.39716237912266,0.1944428648671629,120.21111790870224,456.6316547130828,1.274,1.024572383541697,0.0,7.827415628897379,300.0001285565649,0.0802848148993311,1.2654317382359134e-06,-0.3029816660071,0.0128710166278875,0.0256889599061344,18.685014417142916,25.81116747255531,27.302572077844346,23.547257259104263
0.68,31.22219929056211,131.01042626102986,10.254952430015056,18.476699003171586,-0.0995534227227109,28.65297113217631,-0.2648986004427495,-5.401895585715288,340.89999248584934,27.50746006153855,10.642191550931884,66.22354281777828,0.2098555784294982,120.22794852766374,463.0020863384296,1.274,1.0245245285832842,0.0,7.853964104872222,300.0001285565649,0.0808438706734178,1.4011888330005182e-06,-0.3255145850819264,0.0127432705525788,0.0277910440633878,18.47695783884228,25.58184786312313,27.491822254333776,29.158933483390918
0.69,31.22219881696796,131.01042723257467,10.458842920765306,18.169194127365376,-0.1047730998440368,35.16375072579368,-0.2637278133519385,-6.016036261230169,401.0140726853658,27.82531247651032,10.786216815453743,66.03701147081125,0.2247578031333466,120.24424414701936,473.7547345392141,1.274,1.024479631064582,0.0,7.880126080472879,300.0001285565649,0.0817782206195729,1.5465291937036843e-06,-0.3481258890560118,0.0126063345083418,0.0300643478828404,18.16948601877213,25.23205692200591,27.80885476564431,35.675644489787814
0.7,31.222198333758016,131.01042822360537,10.667081792663575,17.809770751929225,-0.1096045031772105,29.6030793144492,-0.2630669196140092,-6.675250927184419,349.270324209851,28.209478542711224,10.959552340656664,65.83752360259018,0.2391256412124905,120.25997885451112,486.91695230843374,1.274,1.0244351749185203,0.0,7.9060228995399955,300.0001285565649,0.0829074743126104,1.7014728628147571e-06,-0.3709075496415654,0.0124594234564971,0.0324733776742857,17.810097078921462,24.82242216572543,28.192261918112592,30.34749551515976
0.71,31.22219784258707,131.01042923072868,10.878761726606252,17.51558719321729,-0.1146979570567227,24.44778325689036,-0.2606760697969481,-7.299498088732346,301.3312640634036,28.48375803292905,11.086801950356884,65.62498177276342,0.2529361151828196,120.27512747845132,496.4214358261349,1.274,1.0243880468141104,0.0,7.931995844929761,300.0001285565649,0.0837137798695819,1.8660870196212127e-06,-0.3938948879084364,0.0123019941898,0.0348205427675295,17.515950957545382,24.50510005807012,28.465741331998945,25.51557819326579
0.72,31.22219734812384,131.0104302444472,11.091512863684356,17.24180534215274,-0.1198391111800666,29.80073587522624,-0.2573923452382863,-7.910441910551165,350.7922053414578,28.71110930053304,11.1946689934931,65.3992683034191,0.2661677698845587,120.28966624218891,504.3674175893508,1.274,1.024337302174265,0.0,7.957982505292576,300.0001285565649,0.0843821678974839,2.0404882593847063e-06,-0.4169707015730473,0.0121345311446349,0.0371539116859289,17.242209160146054,24.22232557417324,28.692285030693448,30.833832080112717
0.73,31.22219684873521,131.01043126807633,11.306142401316082,16.895446446542106,-0.1244307728400363,37.53000956159139,-0.2550126513212762,-8.581966247663045,422.3203185282354,29.039915300718256,11.347685147212315,65.1603326822875,0.2788029005067005,120.3035752113994,515.9751879130318,1.274,1.024292465384646,0.0,7.98369817408928,300.0001285565649,0.0853487378869477,2.224735404190907e-06,-0.4400731939198463,0.0119572313995961,0.0396606969091602,16.89589128300213,23.852202207443984,29.0203697759906,38.49956874851331
0.74,31.22219634024591,131.01043231007313,11.524654158031185,16.491129321333084,-0.1285110866611687,23.72009090094098,-0.2532567971471931,-9.313771257735604,294.4828134710563,29.4545842459226,11.539737118301364,64.90815980954812,0.2908269651622546,120.31683764395196,530.8047594547165,1.274,1.0242470321640116,0.0,8.009236304900625,300.0001285565649,0.0865676694177667,2.41882871471514e-06,-0.4632633959022577,0.0117693576475045,0.0423459471477592,16.491616136699914,23.413039058071703,29.434397788560258,25.484371414567523
0.75,31.22219582235389,131.01043337102695,11.747115749579764,16.215646270239755,-0.1334282508633305,27.57804428163936,-0.2483806184949994,-9.928036733353592,330.24688556441737,29.63437985966455,11.629628376435768,64.642699612565,0.3022266871203382,120.3294378916474,537.2932981871078,1.274,1.0241984712898409,0.0,8.034783907618625,300.0001285565649,0.0870963112633759,2.622794135948668e-06,-0.486585586029178,0.0115701859098317,0.0447483239376576,16.21618047411816,23.15350621828965,29.61342101797365,29.311706410758887
0.76,31.222195305316728,131.01043443014538,11.968573842485451,15.861089987624112,-0.1376723129321858,29.618007444760064,-0.2445687496544304,-10.616881263607144,349.2703242098581,29.93652428661329,11.77487430568964,64.36387663028752,0.3129901328617304,120.34136147315596,548.2936965038595,1.274,1.0241522053390697,0.0,8.060397682906261,300.0001285565649,0.0879845424186368,2.8367643193201297e-06,-0.5098184733092102,0.011361282754309,0.0473619307455138,15.861672125127004,22.79647201129606,29.914898791077334,31.464334517620145
0.77,31.222194777545862,131.01043551089748,12.194534285753903,15.491628700946404,-0.1417008996394189,27.701893557007065,-0.240495275030936,-11.321388843142856,331.76876669606884,30.24999285313064,11.926848372048145,64.07174222704073,0.3231111587552529,120.35260003279303,559.8241505653406,1.274,1.0241065975906936,0.0,8.085511253544164,300.0001285565649,0.0889060646734043,3.060680643569255e-06,-0.5330360335309517,0.0111417259106741,0.0500362640187334,15.492260882582686,22.42817824547336,30.22773455055527,29.927021067234563
0.78,31.22219424367143,131.01043660388763,12.422723973415955,15.133729814752837,-0.1457323346738403,22.81522978851655,-0.2356278229252704,-12.010723373057107,286.8734378128874,30.526889458216445,12.063810817348882,63.76630535040339,0.3325844648201422,120.36314583209489,570.1073872045632,1.274,1.0240588105546735,0.0,8.11075192033929,300.0001285565649,0.0897201070001907,3.2945461322180407e-06,-0.5562168734560856,0.0109113827481838,0.0526890329155906,15.13441507982877,22.08400645559905,30.50399790129896,25.784640907289162
0.79,31.22219370434952,131.0104377077827,12.652808094679624,14.797496048226431,-0.1498822810820274,32.15828588652874,-0.2297510359209412,-12.664727989480182,373.6203323159581,30.743035235583328,12.174518118535008,63.44758720992148,0.3414070717042536,120.37299341366356,578.1964890862419,1.274,1.0240083170932772,0.0,8.135823071971885,300.0001285565649,0.0903556051657236,3.538370850909632e-06,-0.5793024701372989,0.0106705093695896,0.0552632015468699,14.7982381481285,21.778867346663247,30.71949180877764,34.563036205543966
0.8,31.2221931608124,131.01043882008622,12.884196420080812,14.373481394061516,-0.1531084221404727,32.518038775085984,-0.2251288309248744,-13.428462206051789,377.42502064505805,31.11907521503244,12.36048193102329,63.1156425389362,0.349578924372013,120.38214028123755,592.4144988513519,1.274,1.0239625010683884,0.0,8.160711104767667,300.0001285565649,0.0914610477464897,3.792151054098199e-06,-0.6022158894534054,0.0104196192782254,0.0581504607649889,14.374279659717883,21.36142241060657,31.095025028945827,35.18234111010622
0.81,31.22219260528597,131.01043995648985,13.120324558538416,13.961745017623274,-0.1563425795252379,21.25745167645761,-0.2196512678751665,-14.173741505536483,273.9374926939922,31.456259385714123,12.530633131230829,62.77057016028248,0.3571031791925455,120.39058725149953,605.3082889292168,1.274,1.0239149950770308,0.0,8.185372528271085,300.0001285565649,0.0924523009191255,4.055762308472637e-06,-0.6250468501050259,0.0101573796859712,0.0610076179291461,13.962602952574384,20.970137647317063,31.43170118122593,25.55039034383188
0.82,31.22219204412408,131.0104411041464,13.358271274850503,13.617216521137864,-0.1602005789459033,27.11943914725548,-0.2121798137025997,-14.80465326856688,328.725004432774,31.62915491896423,12.62534485613221,62.412417463442,0.3639828417879123,120.39833467410108,611.9665994287188,1.274,1.0238644186635044,0.0,8.210170271707929,300.0001285565649,0.0929607033920232,4.329193752442698e-06,-0.6477297348419196,0.0098841137474731,0.063567615201695,13.618141024627883,20.68359819501691,31.603990703656404,30.898005733987493
0.83,31.222191481469533,131.0104422546978,13.59622930544964,13.200657727117065,-0.1631884113957904,34.2880078032703,-0.2056671852840389,-15.535138458023376,395.6875032246518,31.94318407466245,12.788520469462934,62.04126942952171,0.3702235857550728,120.40538562109828,624.16444597868,1.274,1.0238188483711983,0.0,8.234793397218954,300.0001285565649,0.0938839131149954,4.612466895507325e-06,-0.6701109756934163,0.009601350647866,0.0664155092595389,13.20164845813264,20.304659210010595,31.917550533599865,37.64372862799571
0.84,31.22219090719206,131.01044342856932,13.8385233055,12.744761579850396,-0.1656032419315155,21.17195646689795,-0.1993836194445793,-16.326367709352496,275.45937482564227,32.33464096220157,12.991301894318996,61.65729904035582,0.3758354831228968,120.41174788776314,639.5413052391883,1.274,1.0237739661568126,0.0,8.259060059652569,300.0001285565649,0.0950347001772268,4.905394398015208e-06,-0.6922583330593883,0.0093078965809442,0.0694497523878414,12.74581964227312,19.87872857584004,32.30862810200687,26.73652514903372
0.85,31.22219032338849,131.0104446215126,14.084126943848744,12.373677475522893,-0.1689590508655925,22.966759230786543,-0.1906994029235366,-16.944372268274446,292.9609323393965,32.501020669209495,13.087251818894568,61.260640427113685,0.3808283209813922,120.41742869644868,646.1245896817933,1.274,1.0237227741398531,0.0,8.283375857221726,300.0001285565649,0.0955239712489618,5.2078381229940604e-06,-0.7141863077836333,0.0090030810584454,0.0720166213569621,12.374812977817523,19.58783650399483,32.474480682026815,28.541551243635347
0.86,31.22218974036564,131.01044581275738,14.328719768907016,11.957373702141922,-0.1716643725702826,28.624457723323943,-0.182437838180618,-17.62608752880024,346.2265619465616,32.75910572336023,13.229597747914482,60.851419391051536,0.3852124423862426,120.422435654279,656.4114434626498,1.274,1.023674789281455,0.0,8.307668986442796,300.0001285565649,0.0962827764922773,5.519828678390389e-06,-0.7357042774448695,0.0086891868825893,0.074773780805452,11.958587936606584,19.24143874124033,32.73214078711531,33.616540944780255
0.87,31.222189146964784,131.01044702477975,14.576884973452229,11.505266539226962,-0.1737830997049199,26.517672504837023,-0.1743582577317545,-18.36395122563708,327.9640783669946,33.09285011828429,13.411853426584782,60.42987097390407,0.3890030466193186,120.42678172140468,669.8384338611245,1.274,1.0236288969245204,0.0,8.331519826006614,300.0001285565649,0.0972639619558106,5.841139969529169e-06,-0.7568389993061301,0.0083654854135653,0.0777036369674956,11.506561245106084,18.85250073263001,33.06555237467158,32.25603913212852
0.88,31.222188544524247,131.01044825486787,14.82794723753632,11.067592090274788,-0.1759941574306147,22.750165854222008,-0.1653931720258533,-19.049957868926484,294.4828134710421,33.3698702250909,13.56823521050345,59.99621485609879,0.3922153207371848,120.43047965522024,681.083379518337,1.274,1.0235805388426191,0.0,8.355378716606195,300.0001285565649,0.0980784359851473,6.171555730681338e-06,-0.777599351021073,0.0080313784460047,0.0805014323041926,11.068973864539156,18.4971197960937,33.342225170960795,29.67319153889308
0.89,31.22218793680177,131.01044949545266,15.080355269395012,10.637564346370736,-0.1782276857296616,24.830631516311247,-0.1557160644233991,-19.69000938540671,315.02813424808807,33.6036567043036,13.70488515462568,59.550665620499366,0.3948645910386353,120.43354220082944,690.6432922600692,1.274,1.0235293752791452,0.0,8.379177748319155,300.0001285565649,0.0987658464534294,6.51094135307815e-06,-0.7979096428143682,0.0076876229761923,0.0831807680110994,10.63904011225348,18.16637836275845,33.57566081004492,31.690392528161485
0.9,31.222187323196664,131.0104507477405,15.3343181038555,10.183750033110252,-0.1799898965834622,27.311311858623707,-0.1460058213698887,-20.36237067808197,339.3781423542166,33.88845288063785,13.86995319828955,59.09348121234199,0.3969680877282877,120.43598415679335,702.3823858841444,1.274,1.0234837388140003,0.0,8.402770914835827,300.0001285565649,0.0996031876454585,6.859120561309711e-06,-0.8177053964262153,0.0073348898529857,0.0859648059034731,10.185323717437669,17.810725542093124,33.86018018029806,34.06692256090189
0.91,31.222186700550715,131.0104520180763,15.590976434574369,9.71541119762456,-0.1813943405579634,20.450973843901444,-0.1360537446608811,-21.048587539353328,277.7421810230785,34.20169134617603,14.05249214424966,58.62495651236673,0.3985445551222518,120.437821965187,715.4093128618496,1.274,1.023436404813438,0.0,8.426181406016896,300.0001285565649,0.1005241330387833,7.215818580286866e-06,-0.8369763939071319,0.0069728903619281,0.0888018817329269,9.717088179168815,17.444245710094243,34.17319803738966,29.34797913293516
0.92,31.222186069429444,131.01045330531468,15.850023175619572,9.27392885173448,-0.183166950179639,24.31715944302142,-0.1250254488988667,-21.62113945571017,315.0281342480675,34.40355598349587,14.179054214243616,58.14539224058669,0.3996127935485789,120.4390720379007,723.8611793645853,1.274,1.0233859136578225,0.0,8.449515895466421,300.0001285565649,0.1011177404013146,7.580762539119041e-06,-0.8556964743046531,0.0066015701560422,0.0913216286343104,9.27572169557802,17.136903845415706,34.374784235250345,32.53941526984567
0.93,31.222185435186905,131.0104545986908,16.109440009401126,8.800159608014729,-0.1842368625799523,28.91481578173724,-0.1141806339709283,-22.26101771901644,359.16250706547066,34.69865138492209,14.357450159285817,57.65510408778927,0.4001918648875396,120.43975101257196,736.3138836025201,1.274,1.0233407575091376,0.0,8.472746122431452,300.0001285565649,0.1019853730948692,7.953775546247118e-06,-0.8737659625350704,0.0062224519436038,0.0940475464631264,8.802072768129808,16.788572631322154,34.66971157609354,36.49154037301439
0.94,31.222184789644647,131.01045591463642,16.372146376202615,8.308623564697095,-0.1848216393107343,20.44724592208223,-0.1031787182131533,-22.93270023729811,283.06875048378083,35.0451041131541,14.5666429446738,57.154464864628174,0.4003028290865065,120.43987785378934,751.0719624818813,1.274,1.0232914783978162,0.0,8.495694036420835,300.0001285565649,0.1030039632516219,8.334465865409673e-06,-0.8911927486398016,0.0058348269441172,0.0968785863785313,8.310664522248791,16.42274282215201,35.01607244828788,30.72473355164815
0.95,31.222184134305813,131.01045725012256,16.637478405470976,7.84871837580223,-0.1859448246697101,26.682833963402352,-0.0910677456931222,-23.448646130589456,342.421873617488,35.24577445828333,14.699264401579478,56.64384283692318,0.3999658570018027,120.43947045304344,759.6785951512737,1.274,1.0232418269359267,0.0,8.518608000258414,300.0001285565649,0.103594080190279,8.722465358302481e-06,-0.9079574708959436,0.0054384342277193,0.0992636617540337,7.85090689524766,16.130352216643875,35.21656636479699,35.52211884179224
0.96,31.22218347667135,131.01045859008073,16.902781695485462,7.352289447224643,-0.1861352178532255,25.8801761933792,-0.079232507340404,-24.07292259504693,337.09533515678265,35.583470573683485,14.909999951346116,56.12361734504724,0.3992007447830609,120.43854624666112,774.2858391544547,1.274,1.0231951201821403,0.0,8.541443359125395,300.0001285565649,0.1045869468122868,9.117574385443436e-06,-0.9239509615232464,0.0050353146669973,0.101977388892966,7.354632285750495,15.7843846293487,35.554232573463466,35.345373103953676
0.97,31.22218280479468,131.01045995850123,17.172099163803104,6.861515546845068,-0.1863099752229707,15.642048190170671,-0.0668245687218649,-24.636906868372783,245.0218871929888,35.880913838506125,15.10167844832088,55.59423029851055,0.3980292971151277,120.43712513252925,787.2641337348691,1.274,1.0231476260761452,0.0,8.56397715545961,300.0001285565649,0.1054615126120684,9.519272932881346e-06,-0.9391915390543114,0.0046242800984182,0.1045232959039712,6.864032408832045,15.465287801061889,35.85164838760765,29.183134121397593
0.98,31.222182126463657,131.01046133973946,17.442684946333063,6.395895878920536,-0.1870033566039129,23.512413641833607,-0.0535864818168191,-25.032049402904697,319.593746642963,36.03270615501293,15.213469639587196,55.05611307025526,0.3964716464088458,120.4352250387626,793.9185500712578,1.274,1.0230935628253934,0.0,8.586552869835193,300.0001285565649,0.1059079853332165,9.927210513489976e-06,-0.9536175630782256,0.004206217190636,0.1065749809865269,6.3986177391786265,15.216320284298462,36.0033317885998,34.34297546930344
0.99,31.222181445975497,131.01046272516913,17.713128665355562,5.894376887854481,-0.1865910301573103,25.66419782796488,-0.0406444508238996,-25.567208986650964,341.66094855170127,36.355211881283125,15.42546738344224,54.50973234607674,0.3945484162221176,120.43286457086364,808.1728737085433,1.274,1.0230490803133316,0.0,8.608941078190115,300.0001285565649,0.1068562261013321,1.0341121233272835e-05,-0.9671363990863026,0.0037832868344125,0.1090504021032316,5.897319068494604,14.907278747795036,36.32590228261256,36.22616288666778
1.0,31.22218075020441,131.01046414113785,17.987598554677678,5.392150700698724,-0.1859721393294446,22.43247122141336,-0.0273262998721598,-26.070717575494548,314.2672081822764,36.67344591869948,15.63867791055236,53.95560790528849,0.3922817394780906,120.43006432604987,822.3617445035877,1.274,1.022999484445133,0.0,8.631031912427424,300.0001285565649,0.1077919220522326,1.076035309190139e-05,-0.9797697946329684,0.0033539697591005,0.1114389932240286,5.3953473149336855,14.61261403713012,36.644233534659016,34.39329624690549
1.01,31.222180046580128,131.01046557272738,18.26359597561896,4.897275371981319,-0.1854056569945257,23.334757879849803,-0.0135600327304225,-26.487420266396004,324.92031610370094,36.93570750379602,15.822221829095234,53.3942470271592,0.3896915477729422,120.4268423321422,834.1435452685448,1.274,1.0229507481225095,0.0,8.653166303943367,300.0001285565649,0.1085631088999916,1.1184439078921562e-05,-0.991472866791151,0.002918809618885,0.1135735388311936,4.900775201297536,14.352852893597625,36.906584102125336,35.300064327907194
1.02,31.22217933585804,131.0104670184219,18.54085778181101,4.396218961146024,-0.184446556566988,18.68442696551175,0.0004148458235454,-26.904375340825307,284.59063161543185,37.230371731953234,16.02810125618812,52.82618271207853,0.386797581865055,120.42321654545202,847.4832609344902,1.274,1.0229039803623294,0.0,8.675143000263326,300.0001285565649,0.1094295417298977,1.1612950739651869e-05,-1.002188256366913,0.0024790072941154,0.1157137636037125,4.40007896494015,14.094721163050512,37.20139898464071,32.7559647038772
1.03,31.22217861429409,131.01046848573515,18.820456133160448,3.9030759957803953,-0.1836020269319696,14.363463111628429,0.0147330911326251,-27.21369175104501,247.3046933904342,37.453865931760525,16.19421651273309,52.25198082324803,0.3836198562413594,120.4192054608395,857.665665896568,1.274,1.022853416101322,0.0,8.696944773704367,300.0001285565649,0.1100867953961961,1.2045322175737185e-05,-1.0118847820959551,0.0020347366716252,0.1175315303761482,3.9073852859918254,13.877475010105236,37.425025842168615,30.77164780027193
1.04,31.222177887234285,131.01046996393745,19.100728358967142,3.4128091692738742,-0.1827044419913375,24.786807861197968,0.0292323520323532,-27.44573226369739,345.4656368807608,37.63876075534432,16.339282943044466,51.67222506606022,0.3801776548247153,120.4148268694695,866.1311597898656,1.274,1.0228049544826707,0.0,8.718657913347366,300.0001285565649,0.1106305999415416,1.2481098769320176e-05,-1.020508921824523,0.001587431668532,0.119115178625839,3.4176904265285497,13.689060956326674,37.61006165734482,36.9818187487975
1.05,31.222177153685656,131.01047145502235,19.381937983833808,2.90469024201026,-0.1807050786130524,13.084991345573217,0.0438096938396051,-27.8268483891908,240.4562587980608,38.00402845437684,16.59884596813979,51.08752981431488,0.3764905042091252,120.41009912985557,882.9997293700197,1.274,1.022755494436122,0.0,8.740157212494259,300.0001285565649,0.1117045759405943,1.2919762399479292e-05,-1.028021844910668,0.001138170692026,0.1211532956941094,2.9103009719633897,13.453817386919292,37.975643414063065,30.749835919529893
1.06,31.22217640321376,131.0104729799313,19.666952267451663,2.41687320445551,-0.1795335731234337,20.202291718736177,0.0585951820017977,-27.934763627381944,308.1796836557233,38.14484759370906,16.721596778600976,50.49853170122526,0.3725777361337458,120.40504065698764,889.5311906559165,1.274,1.0227013895379469,0.0,8.76146793859442,300.0001285565649,0.1121188437517475,1.3360465010962286e-05,-1.034419561417162,0.0006854240720238,0.1223556349118707,2.423528268959944,13.313287544030787,38.11664657213797,34.474440430585254
1.07,31.22217565495888,131.0104745002514,19.950346246392943,1.9173652545138085,-0.1773405621613114,24.335256617712304,0.0735028045281547,-28.17657915271684,348.5093681440431,38.453579904009935,16.953021660329483,49.90586959080214,0.3684564758818589,120.3996672969788,903.9640238396476,1.274,1.0226540159946436,0.0,8.782791635643349,300.0001285565649,0.1130266595824116,1.3802921106298632e-05,-1.039638470474518,0.0002325272435501,0.1239648799927172,1.9255460143961416,13.13364692820972,38.425723358124685,37.230763221581974
1.08,31.22217488911403,131.01047605573737,20.23753677341371,1.4191006272127835,-0.1747908058483859,14.542070098458703,0.0886178429933633,-28.406728196540943,261.0015785751465,38.79131315563673,17.207072086448626,49.31021884947279,0.3641452786231938,120.39399711648672,919.88719908961,1.274,1.0226061614050743,0.0,8.803738952517158,300.0001285565649,0.1140197288836268,1.4246250222776364e-05,-1.0436687612939963,-0.0002218327526838,0.1255349725166128,1.429822425456618,12.96381311209528,38.7638571226455,31.912722583677155
1.09,31.2221741128418,131.01047763201566,20.52643467455284,0.9311958955941926,-0.172752747183122,12.719788548800745,0.1036276436219941,-28.42009755984201,246.54375332456465,38.96434929800464,17.357606209483677,48.71226041486151,0.3596606369464119,120.38804581627396,928.0864190070912,1.274,1.0225512795791307,0.0,8.82471694335459,300.0001285565649,0.1145287092546682,1.468975565845544e-05,-1.046477456126062,-0.0006772807882577,0.1264307807839042,0.947083248687739,12.866443797339588,38.93721340104753,31.136886561210048
1.1,31.222173334423736,131.01047921246453,20.81485612663394,0.4442907078761563,-0.1703695450401368,30.65084334138493,0.1186307788263042,-28.41377068189969,413.1890617384087,39.16156038478763,17.526256372635626,48.11269411439947,0.3550182750043155,120.38182843389356,937.4789100651032,1.274,1.0224981043155532,0.0,8.845571900944924,300.0001285565649,0.1151087504670085,1.5133029892699212e-05,-1.04803014695339,-0.0011311764273377,0.127255700949386,0.4758355106637711,12.779983122537482,39.13479883866951,41.79510300457923
1.11,31.22217254563012,131.010480813606,21.10490377713211,-0.0435774215992503,-0.1665592061447167,20.703819465601647,0.1343104986917413,-28.65477406372372,324.1593910379213,39.63919763711424,17.88486795966389,47.51223951238144,0.3502345756698835,120.37536129311847,960.4596889906616,1.274,1.0224548851875197,0.0,8.866151198732846,300.0001285565649,0.1165130653264689,1.557535859532411e-05,-1.048307537136323,-0.001583076818137,0.1288382890074195,0.1721654886304067,12.625483666522593,39.613034615042935,35.351976697454106
1.12,31.222171733053383,131.0104824623636,21.39978151460599,-0.5230129041845735,-0.1635422454323733,3.966205742369,0.1495334005169265,-28.599873265250142,172.7328179403806,39.88038038921272,18.089367011809514,46.91162723825259,0.3453250391173179,120.36865996975824,972.1554509111764,1.274,1.0223979224661404,0.0,8.886610875747161,300.0001285565649,0.1172223734059509,1.601557590168514e-05,-1.0472730665622785,-0.0020354008908065,0.1294906204015555,0.5479852380323343,12.564298888484055,39.85469126825556,28.873965765322932
1.13,31.22217092113932,131.01048410965896,21.693363004215943,-0.999850715616524,-0.1611089439203663,25.019092000331856,0.1639957528046954,-28.290073606540584,367.5328077894322,39.92261105150937,18.160531816132195,46.311608802017794,0.3403026363984201,120.361736980846,974.187965633796,1.274,1.0223460397860296,0.0,8.907175561596254,300.0001285565649,0.1173468928328153,1.645336286657772e-05,-1.044909298997624,-0.0024846675776532,0.1293315165790235,1.0127462221616248,12.58213591767903,39.89730415112593,37.76652120319651
1.14,31.222170108574115,131.0104857581274,21.986065722996983,-1.4653940283793063,-0.1568405929271396,10.86789555179168,0.1796933508046734,-28.348113238733685,239.6953177322812,40.36621141106375,18.50992912844564,45.71294574406316,0.3351813965049875,120.35460674287908,995.9296363651956,1.274,1.0223022138470996,0.0,8.92742047839254,300.0001285565649,0.1186511855174962,1.6888365079286865e-05,-1.0412244023337165,-0.0029278839310099,0.1303037627357281,1.4737616042384194,12.496933375850904,40.34157497910548,30.360483652620633
1.15,31.22216926614239,131.01048746645148,22.284662144378355,-1.9317856652131684,-0.1536022561204492,10.446347837442165,0.1941406059996048,-28.02975660578481,237.4125115347709,40.49415116536702,18.64434275404666,45.116394972795874,0.3299758887544388,120.34728494775425,1002.2240473513896,1.274,1.0222426194541194,0.0,8.947384222673914,300.0001285565649,0.1190276487122603,1.731914387713514e-05,-1.0361541743420632,-0.0033686632833446,0.1300765032658566,1.9378804319514675,12.524351633293724,40.47002340829809,29.913728104254538
1.16,31.2221684317214,131.01048915855733,22.580245871499983,-2.389720511990442,-0.1498902756749319,37.87442628387447,0.2086081907808362,-27.73097129302819,490.043774385954,40.68842534091644,18.82704890042552,44.52275006137288,0.324697617349589,120.33978342595762,1011.8348999427446,1.274,1.02219674531104,0.0,8.967527323011652,300.0001285565649,0.1195990930266251,1.7745537002965428e-05,-1.029731576139003,-0.0038027754541087,0.1298867218196309,2.3944139555946418,12.54860607650152,40.66488065832733,46.94169205050725
1.17,31.22216758294944,131.0104908793658,22.87797153089348,-2.817874624915807,-0.1444785065931094,0.9919406725868904,0.2249771937718134,-27.79898275159835,153.70937929500428,41.29721648472336,19.308297457234048,43.93278580725442,0.3193592908042043,120.33211626345629,1042.3103021658756,1.274,1.022149394360584,0.0,8.98722916260639,300.0001285565649,0.1213889745978219,1.8166707732340288e-05,-1.0219421093881684,-0.0042301195391257,0.1308291434974395,2.821573073291183,12.46738592620887,41.27452187802862,27.817584421716276
1.18,31.222166700944552,131.01049266683336,23.1818003168202,-3.277554230618636,-0.1413214558515125,14.683265715170636,0.2377086752817242,-27.121313771084328,280.0250182204742,41.21761871879084,19.30001515187756,43.34728531081472,0.3139725806158891,120.3242966002496,1038.2658995503443,1.274,1.0220864142162576,0.0,9.006846892778581,300.0001285565649,0.1211554204411978,1.858110243206983e-05,-1.0126726567661843,-0.0046540844466925,0.1293888134106526,3.280596241413164,12.602785098237426,41.1954200189245,30.841862105687103
1.19,31.222165845137567,131.01049440152607,23.47878197197099,-3.703098445355956,-0.1366048167632826,30.797588929963336,0.2521496094127925,-26.785751718805148,428.40781305479993,41.52863705898624,19.575189504427364,42.76709633965639,0.3085465941381772,120.3163342980732,1053.9639656489182,1.274,1.0220468515919483,0.0,9.026655721584335,300.0001285565649,0.1220700395069749,1.898931923693121e-05,-1.002091247167626,-0.0050668469872622,0.1289992861398216,3.705613711830963,12.637286261178645,41.50717924487606,40.81704985010553
1.2,31.222164955914145,131.01049620326492,23.781739983408368,-4.10312321842721,-0.1311610136869535,-3.2959982914224524,0.2674850475053498,-26.5636741005754,117.18437413578772,42.0130198020252,19.98207697014436,42.19297060833291,0.3030931213096134,120.30824378918716,1078.6624639388956,1.274,1.021993001444649,0.0,9.045816461329345,300.0001285565649,0.1234942652551544,1.9389887236600107e-05,-0.9900957402554966,-0.0054714642029977,0.1289379653691957,4.105215455806046,12.634161263939312,41.99241709616779,26.768711861224833
1.21,31.222164048155047,131.0104980421604,24.08725430652969,-4.545279500416422,-0.127408223371895,23.20498652436933,0.2787891298476971,-25.719547051429323,359.92343213123,41.90753087855196,19.95593486774409,41.62571821703617,0.2976215633996713,120.30003649027712,1073.2210223268855,1.274,1.021934467415424,0.0,9.065164509784898,300.0001285565649,0.1231846128163913,1.978169051640785e-05,-0.9766185450395488,-0.005868668245937,0.1268597986293905,4.547061086618089,12.813445708844007,41.887517658117964,34.64165445682077
1.22,31.222163161916686,131.0104998376586,24.38720624031633,-4.92152059503828,-0.1217340114500529,14.771651204108608,0.2933965869673254,-25.36885452366814,283.06875048383864,42.36893691123647,20.35379274307168,41.06618794788759,0.2921401619449157,120.29172260278855,1096.9520525818275,1.274,1.0218964691729235,0.0,9.084477895142856,300.0001285565649,0.1245413090730145,2.016523808855183e-05,-0.9618760737354796,-0.0062521646187952,0.126316811133539,4.923022209219397,12.836562867792903,42.34981499181992,29.357563602862637
1.23,31.22216223198956,131.01050172091655,24.694692966231656,-5.312312294495374,-0.116675008861324,1.2972515469324697,0.3059218074444379,-24.720151838404966,159.796873821485,42.57183520073658,20.56157355278013,40.51510478856785,0.2866588236872149,120.28331552273768,1107.4507665500696,1.274,1.021840167284974,0.0,9.103228143530604,300.0001285565649,0.125138152380064,2.0538657357382367e-05,-0.9456655827114874,-0.0066262150189656,0.1247790263493405,5.313589741532016,12.943190535037406,42.55350794586827,24.756056968792205
1.24,31.22216130847292,131.01050359117286,24.999621953326184,-5.710171167886787,-0.1118843345347124,29.64177464806413,0.3167525488518844,-23.880333607393016,418.51563019911424,42.61549005589631,20.6496968621688,39.97330967426892,0.2811849070999519,120.27482523432118,1109.690675459275,1.274,1.0217868165759083,0.0,9.122231958039832,300.0001285565649,0.1252669050883301,2.0901773471909106e-05,-0.9280967591669856,-0.0069876970474876,0.1225828344979036,5.711263555341873,13.102707074729157,42.59791531689444,38.065804466268744
1.25,31.22216038230524,131.0105054666486,25.303873776417014,-6.033446780332455,-0.1056522282309144,10.627572943105967,0.3309216245903071,-23.43014033424128,244.2609461271705,43.14883391037642,21.11577704599335,39.441580810463925,0.2757261546647215,120.2662629423252,1137.6073706975285,1.274,1.0217479393649098,0.0,9.140894032197496,300.0001285565649,0.1268350882226604,2.1254284348318207e-05,-0.909264353957862,-0.0073345522623523,0.1215949260395791,6.034368331035073,13.123117111960374,43.132238106579145,25.729871586638353
1.26,31.222159417189367,131.01050742041824,25.61417474866252,-6.3980414139423365,-0.1003751607562621,3.3965995149871047,0.3412952176465933,-22.549923634170568,177.29844633527966,43.25640601766596,21.25681765565812,38.920642170384696,0.270290217039405,120.25764033014694,1143.252583139683,1.274,1.02168769711718,0.0,9.15933966805182,300.0001285565649,0.1271517394295828,2.1594440066725868e-05,-0.8889519131549855,-0.0076697738425222,0.1191713833510562,6.398825454340817,13.2719874353442,43.24063913234918,22.8068504313446
1.27,31.22215846620794,131.01050934563253,25.9205531373924,-6.751608957554136,-0.0949744099676219,28.51361570234488,0.350921280146047,-21.61787053892941,405.5796860802705,43.34989133661431,21.38759820978293,38.41134157804463,0.2648830161199371,120.24896684414196,1148.165704080296,1.274,1.0216417608642272,0.0,9.177975880681084,300.0001285565649,0.1274269791072669,2.1922511648070186e-05,-0.8673862467242579,-0.0079892872932854,0.1165282011317153,6.752273829245024,13.426980823104891,43.334972798014576,35.783819706730306
1.28,31.222157503597334,131.01051129415674,26.22782996952296,-7.029519889642357,-0.0885509125566822,4.661492524385432,0.3635666796560281,-20.976803903899068,186.4296881251072,43.85203872034512,21.842130886050388,37.91439706077875,0.2595110975377439,120.2402535765952,1174.8848474766623,1.274,1.021596487298184,0.0,9.19616940182438,300.0001285565649,0.1289034880401242,2.223795367628868e-05,-0.8446101828919605,-0.0082923003142019,0.1147793551230845,7.030074804732791,13.461074382707578,43.83812918106464,21.49157963733919
1.29,31.222156506877525,131.0105133112974,26.539855796605725,-7.365259107801905,-0.0830371702312194,12.269077518303982,0.3713931226098636,-19.895177950509392,254.15312898270548,43.872389738404735,21.91853113554038,37.43050210509001,0.2541805466355323,120.23151145586162,1175.9403431995015,1.274,1.021537906890682,0.0,9.214224400644914,300.0001285565649,0.1289637641816797,2.253920483851384e-05,-0.8204192891305546,-0.0085807308153583,0.111540301727823,7.365724599441443,13.63723142223543,43.85934629477212,23.377046470504123
1.3,31.22215552837689,131.01051529163666,26.847378596596407,-7.648878542722443,-0.0769518826627543,20.898465946193884,0.3806478047127206,-18.956833977157707,331.0078106303023,44.12263384243576,22.17893488959552,36.960467186978754,0.2488963151080202,120.22275005075711,1189.3583793810417,1.274,1.0214993775327004,0.0,9.232395801668924,300.0001285565649,0.1296998118465655,2.282679004490148e-05,-0.7951226932555286,-0.0088507578433791,0.1087144841719612,7.649263319692289,13.742395735663257,44.11054627260707,28.217943335632718
1.31,31.22215452339177,131.0105173252549,27.1581955496776,-7.900586252649124,-0.0706335241596651,-0.7900059298339003,0.3901488788247947,-18.036776215442696,130.881252320483,44.46098926810188,22.5129543581522,36.50492585947556,0.2436637832647212,120.21398028868607,1207.633507451303,1.274,1.0214458746532016,0.0,9.250150159416531,300.0001285565649,0.1306948762650056,2.309965643528557e-05,-0.7686233725784537,-0.0091030724343471,0.1058940535076947,7.900899984764436,13.817440081688169,44.449894182882346,18.058284020437277
1.32,31.22215350372984,131.01051938838006,27.47013909108384,-8.198498337202246,-0.0648367000815063,26.426504007404045,0.3954186927573649,-16.810201552060317,376.66406457918,44.43168571697032,22.551471911978226,36.06456715874143,0.2384876163028446,120.2052123901924,1206.0060272488747,1.274,1.0213907112113347,0.0,9.267910070557038,300.0001285565649,0.1306091971025761,2.335703820478725e-05,-0.7408972667375063,-0.0093373967628808,0.1020038664221817,8.198752957167393,13.99827634872715,44.421501194111,31.322505426878212
1.33,31.222152495876767,131.01052142760324,27.77882039813659,-8.388557805824998,-0.0581929932227818,9.533283032673063,0.4050094421509334,-15.901888916156034,219.91093802105664,44.91137825983791,23.00536172235472,35.640093881705816,0.2333720750876558,120.1964564054758,1232.150579047683,1.274,1.0213547178302491,0.0,9.285539884527656,300.0001285565649,0.1320197376184813,2.3599346417177007e-05,-0.712230867997978,-0.0095512979037722,0.099112891841379,8.388758206978514,14.01903151342344,44.90223732740953,18.545015209782107
1.34,31.22215144484164,131.0105235538471,28.09323846358638,-8.630588298455383,-0.0520467238030108,4.192295410078967,0.4100358523522581,-14.685978547811734,168.16718954544748,45.002179199533785,23.14385086933164,35.23204484304181,0.22832143019047,120.18772298669154,1237.100525112002,1.274,1.0212928388838676,0.0,9.302842636289943,300.0001285565649,0.132287121942234,2.3824886368153104e-05,-0.6823260152246932,-0.0097464067788869,0.0951404782178489,8.630744042072049,14.150588155565774,44.99400372040099,15.27813588473312
1.35,31.222150408349066,131.01052565067735,28.403945777850662,-8.854474111102425,-0.0458245229629847,33.3394294404411,0.4142892543748756,-13.444836006267431,430.6906502522,45.09425443853607,23.283722834996688,34.841129471548854,0.2233393078404923,120.17902204413755,1242.130886695714,1.274,1.0212455175861788,0.0,9.320325548240609,300.0001285565649,0.1325582485209272,2.403413858541272e-05,-0.6514944835634807,-0.0099204891501457,0.0910246140677946,8.854591742567324,14.273784072233235,45.08705634006872,35.950699662675085
1.36,31.222149359543824,131.01052777227247,28.715312616650014,-8.97254133769463,-0.0390932239834319,6.663708251939598,0.4225348529886696,-12.437275477228232,184.14688192766988,45.64123798395024,23.802235065896166,34.4678787341542,0.2184293021388444,120.17036397795044,1272.4091410023964,1.274,1.0212038946068211,0.0,9.337408583116504,300.0001285565649,0.134166622857617,2.422675068067495e-05,-0.619794329478895,-0.0100731045129978,0.0876433393666758,8.972625804262009,14.249415811574035,45.63509723516313,14.116280128469425
1.37,31.22214827176421,131.01052997248763,29.03138548202205,-9.175815433455208,-0.0328685277331567,10.24616208772504,0.4243395501042325,-11.074678374879737,213.0625034286327,45.64482461339984,23.87093557041176,34.11279033762354,0.2135947284098629,120.16175911529496,1272.5704880835303,1.274,1.02114497632441,0.0,9.354370020434724,300.0001285565649,0.134177644728967,2.4401181848839256e-05,-0.5869405118724776,-0.0102049816640671,0.083001577138677,9.17587379801683,14.380823498507969,45.639661637419984,15.093455624499827
1.38,31.22214720651924,131.01053212713242,29.342616105507624,-9.324440296248106,-0.0264578580773018,29.62470751589696,0.4272305728651147,-9.79044194398408,385.7953213690772,45.8295167334451,24.09103291378985,33.776525132403435,0.2088386907816582,120.15321771995156,1282.8513412172497,1.274,1.0211044521907275,0.0,9.371458007808974,300.0001285565649,0.1347210393866527,2.4558425722961096e-05,-0.553392722682842,-0.0103141576356891,0.0785717546869962,9.324477500944033,14.446489037654525,45.82536074296453,31.20350260504989
1.39,31.222146116654024,131.01053433143463,29.656276868012547,-9.400230802904677,-0.0198965818039272,3.6694145559996496,0.4321509075653424,-8.60098721141207,145.3390625710013,46.279100993170886,24.535481268198208,33.45948080589531,0.2041640916302557,120.1447501711272,1308.104737766577,1.274,1.0210556629341383,0.0,9.38813614384153,300.0001285565649,0.1360431246855121,2.46977771522726e-05,-0.5190786262000409,-0.0104006716236152,0.0744205207710146,9.400251670221389,14.420305896792092,46.27597564547237,9.361000940154083
1.4,31.22214500035017,131.01053658910817,29.972507287415063,-9.55277435491706,-0.0136010524305675,22.602728662236423,0.4310492763548089,-7.15285840332018,313.5062531163733,46.24436040646538,24.572817544021984,33.16209640330441,0.199573694009632,120.1363668549,1306.1018713701935,1.274,1.0209980751672216,0.0,9.404756894780384,300.00012855656485,0.1359414856342169,2.481824918333553e-05,-0.4838483736782091,-0.0104643956319545,0.0693153648534606,9.552783947483473,14.529805760600691,46.2422239581656,23.711443013770335
1.41,31.222143903327822,131.0105388077527,30.28451691280673,-9.603203440164377,-0.0071643172684553,13.130538247057576,0.4334318124993928,-5.860751611700727,222.9546852843992,46.61354077865241,24.95232268055904,32.88489673392689,0.1950702957636072,120.12807845946416,1326.999216162158,1.274,1.020963149414977,0.0,9.421396058453777,300.0001285565649,0.1370272232788966,2.4920841850214856e-05,-0.4481492456307999,-0.0105044602016303,0.0647117576814635,9.603206087504796,14.50389186444646,46.612415410330414,14.38566325365574
1.42,31.222142767473137,131.01054110484876,30.600868507640943,-9.681372302783783,-0.0008354630742941,5.685821554062306,0.4323846685814674,-4.443956516796428,150.66563203169656,46.74429968821928,25.130699668288926,32.62815054606074,0.1906562872702995,120.11989526657284,1334.414019837692,1.274,1.0209052114783703,0.0,9.437692201058876,300.0001285565649,0.137412098575971,2.500435028999344e-05,-0.4117295634337495,-0.0105207917253387,0.0596177997183349,9.681372338488623,14.537741747835229,46.74416845398645,7.229403348094588
1.43,31.22214163827294,131.01054338844395,30.914866266160608,-9.752601471124184,0.0054584407682945,37.70746745725785,0.4297341495362345,-2.992214883417732,437.5390698445324,46.806981088496464,25.251141703131218,32.39227058307219,0.1863343066144323,120.11182808350144,1337.9548024469557,1.274,1.0208540818336955,0.0,9.454015532095092,300.0001285565649,0.1375968478854177,2.50691997984899e-05,-0.3748475153525517,-0.0105130749778227,0.0543484798716657,9.75260298386253,14.578883205653517,46.80783849836605,37.82844331171961
1.44,31.22214050224929,131.01054568578795,31.22849811638326,-9.699444580411136,0.0116543969985487,10.44935907546206,0.4315817360372004,-1.6754951762044104,184.90782199347723,47.37511950228147,25.804557818211435,32.17752177842745,0.1821067286650805,120.10388742962552,1370.590544881898,1.274,1.0208135402731948,0.0,9.470112210209544,300.0001285565649,0.1392674775297426,2.5115489611255187e-05,-0.3376345862675935,-0.0104812620607276,0.0495457371719202,9.699451515083304,14.454175277256034,47.37695017066848,10.591631223201952
1.45,31.222139322408168,131.0105480717651,31.546967148907417,-9.74091646209674,0.0178468255131969,10.05600776102072,0.4264775676904278,-0.1682948524084717,176.53750626942457,47.3772614948077,25.87394963971092,31.984093779748285,0.1779758001842953,120.09608367483148,1370.6725488264467,1.274,1.0207499579462165,0.0,9.48607793462431,300.0001285565649,0.1392742749117656,2.5141786679165138e-05,-0.2997498000369547,-0.0104245286793987,0.0439870276794481,9.740932653298405,14.48598582900376,47.38006486755848,10.066454110698528
1.46,31.22213816747117,131.0105504073004,31.860540495783297,-9.73604127285213,0.0239481428680086,39.4365553778916,0.4217952887948011,1.306795516718896,439.0609509762296,47.503158935828736,26.04918278708504,31.812371386894224,0.1739444739994262,120.08842844670248,1377.9253995850324,1.274,1.0207098371838443,0.0,9.50209675161008,300.0001285565649,0.1396448681018242,2.5149467586907825e-05,-0.2617330722659299,-0.0103435307598324,0.0385091356776063,9.736070441894654,14.46680073174674,47.506920701204265,39.46045521609802
1.47,31.22213699121575,131.01055278595095,32.17575488893342,-9.62319969345016,0.029744370662559,2.133922645974232,0.420631613817721,2.716813244499442,95.11718822711856,48.06048708938921,26.59643412205792,31.662430285584893,0.1700149396939911,120.08093203445648,1410.4052242575535,1.274,1.0206581239454915,0.0,9.517775227522998,300.0001285565649,0.1412837463604026,2.513826733534296e-05,-0.2235660902483156,-0.0102381242781281,0.0332784910073588,9.623245228752534,14.30658255676918,48.06515932399731,3.4801768660561136
1.48,31.22213577702737,131.01055524140827,32.494843321120314,-9.63014470361954,0.0358006312574625,26.768382284468448,0.4112977365167296,4.25949301958115,314.26720818216694,47.916246136553006,26.539175474660585,31.534356595258988,0.1661896128979867,120.07360501949164,1401.9090281522228,1.274,1.0205939603223877,0.0,9.533414845631484,300.0001285565649,0.1408602275487815,2.510703315931685e-05,-0.1849699713229945,-0.010107028083583,0.0274498659602497,9.630210621050926,14.338715086111124,47.9218696861947,27.10827801132651
1.49,31.222134597236536,131.0105576271538,32.8078157222608,-9.507688405676674,0.0413940258890284,25.35087817143097,0.4065546078432299,5.726023114914111,296.7656196685963,48.31561641335967,26.950671140178752,31.42839604315064,0.1624718096969937,120.06645948182656,1425.332700905658,1.274,1.020560550889276,0.0,9.5490774178218,300.0001285565649,0.1420347650865974,2.5057646787561352e-05,-0.1466058772069272,-0.0099524511151129,0.0219372436454004,9.507777686105545,14.19826165366574,48.32211857117581,25.99268457517277
1.5,31.22213336834836,131.01056011235886,33.126178630710235,-9.39421282097347,0.0469384461700021,6.018975791666006,0.399317378092392,7.224201282306425,116.42344106993176,48.56754398136098,27.23516459053932,31.34441585666275,0.1588636184477904,120.05950511812875,1440.1913579101351,1.274,1.0204979156004923,0.0,9.564357720822224,300.0001285565649,0.142775876637046,2.4988846550006875e-05,-0.1081169057386504,-0.0097726694787402,0.0162618376032531,9.394329032190807,14.087819395665734,48.57491705441918,9.411514655802529
1.51,31.222132140671054,131.0105625951024,33.442995875851395,-9.31469652199396,0.0526011013271519,38.76432436581416,0.3884142058114225,8.729640116382543,409.384373409308,48.53572613888737,27.273751786720965,31.2824874816476,0.15536836566992,120.0527535921174,1438.2611848503157,1.274,1.0204428898184188,0.0,9.579753235306269,300.0001285565649,0.1426828507346488,2.4901099422056224e-05,-0.0697057763296239,-0.0095683073306309,0.0104772414024953,9.314843732116586,14.04480019289362,48.54398869940171,39.737014554378455
1.52,31.22213091898529,131.01056506567272,33.75765070880908,-9.105342910508435,0.0575224324422675,15.200571727881336,0.3819675197482051,10.226006656313292,190.99531651999905,49.07952715815957,27.810072536668248,31.24256630699041,0.1519892595623925,120.0462160898556,1470.6262314212731,1.274,1.02040340295591,0.0,9.59494624263282,300.0001285565649,0.1442820016520145,2.4795361495947745e-05,-0.0316908695317875,-0.0093410108836343,0.0048165718939497,9.105523073735654,13.826631205851106,49.08856275920056,18.324150517160998
1.53,31.2221296481516,131.01056763590927,34.07762343402538,-8.972870501326113,0.0628186398267788,17.688273482842803,0.3697348671767253,11.716885623385233,209.25781509953936,49.10820270701952,27.90036268462189,31.224425425912862,0.148729001965294,120.03990250848985,1472.2999484992963,1.274,1.02033978413276,0.0,9.609964853149489,300.0001285565649,0.1443668222702292,2.4670361048123167e-05,0.0062948850848234,-0.0090881550452241,-0.0009572646396444,8.973088593206812,13.740276368373134,49.11807023391202,21.220205733859828
1.54,31.222128400903983,131.01057015829727,34.39304641718087,-8.792767706188647,0.0677700784216277,32.80229125695828,0.3579492389870205,13.1957902327488,342.4218736175491,49.28592017442577,28.118834621976863,31.228047986320263,0.1455919369845222,120.033825362462,1482.9304898423345,1.274,1.0202990032694612,0.0,9.625046068581122,300.0001285565649,0.1448897866090798,2.452764748151351e-05,0.0437565158453095,-0.0088128266454423,-0.0066779415321271,8.793026817153887,13.60058167505128,49.29656547096869,35.35883650844187
1.55,31.22212713023604,131.01057272819185,34.71030578225547,-8.556927019018616,0.0722426334355007,9.007258800035876,0.3469207024159957,14.689003939859615,122.51094359649728,49.67128106618135,28.51639316234744,31.253133783135503,0.1425813184888463,120.02799472746948,1506.1649607983836,1.274,1.0202459959056072,0.0,9.639842406575395,300.0001285565649,0.1460231859617427,2.4367190533814867e-05,0.0807161482695896,-0.008514709801356,-0.0124145094071187,8.557229700485975,13.394128637819389,49.682628909498405,17.234207315969012
1.56,31.2221258367656,131.0105753443722,35.029314533456606,-8.377079131757117,0.0771073930604098,32.13931238104495,0.3313883716748338,16.10715431104773,328.7250044327359,49.62516740824308,28.540187170340857,31.29939519163064,0.1397010144696451,120.02242129093452,1503.3236049270097,1.274,1.020190002307219,0.0,9.654605033703136,300.0001285565649,0.1458881467662706,2.4188776413691087e-05,0.1172391384888843,-0.0081928996145464,-0.0180146182665715,8.377431462204628,13.292203274433824,49.63727940556584,35.95115628987716
1.57,31.222124560926847,131.0105779247571,35.344610622299925,-8.101206584490058,0.081083165106935,19.43288163812752,0.3185633434243365,17.57727391421598,210.0187561654679,50.03647313944653,28.95814381768855,31.366581951428845,0.1369557690348544,120.01711683363548,1528.3004178640524,1.274,1.0201537513763184,0.0,9.669317743225568,300.0001285565649,0.1470978275318799,2.399389728633956e-05,0.1529125282315853,-0.0078509367810053,-0.0236901092597005,8.101609638437129,13.060328442130674,50.049209648986775,26.204940939079123
1.58,31.222123243164106,131.0105805902741,35.66427579362317,-7.858375594177627,0.085295483070368,11.068771363242792,0.3024253179091154,18.96783885832336,130.881252320448,50.14125422617705,29.110747320957948,31.45420739970173,0.1343492874089488,120.01209064603069,1534.6607946347326,1.274,1.0200939958503294,0.0,9.683801913011324,300.0001285565649,0.1474063961237329,2.3781846243538028e-05,0.187972027674869,-0.0074862272304306,-0.0291818207215183,7.858835576706991,12.899551061084306,50.15465240437814,21.963334708554115
1.59,31.22212193682124,131.01058323260983,35.98108353277605,-7.607334503034301,0.0893896127138835,39.41160768147371,0.285058201472989,20.3026034052252,385.03439630319735,50.18161249112941,29.206886244574044,31.56191969433272,0.1318869532127014,120.00735449475695,1537.085471486812,1.274,1.0200449608608335,0.0,9.698301755980951,300.0001285565649,0.1475255698302929,2.355383578903528e-05,0.222109729287697,-0.0071017265967828,-0.0345082504564831,7.60785657952564,12.746659320672109,50.19565377296368,44.33454390479828
1.6,31.222120623526536,131.01058588906952,36.29753823146613,-7.270156363582464,0.0924395104523643,15.616829993102808,0.2698256213289084,21.732654321658423,166.64532341388792,50.68206034216725,29.697569935765088,31.68919072252421,0.129573459339497,120.00291824363788,1567.8485591639471,1.274,1.0200031395015845,0.0,9.712621272125965,300.0001285565649,0.148997335268931,2.3310580642561825e-05,0.2551930311444997,-0.00669885980904,-0.0400424473710651,7.270740863522056,12.473114591750823,50.69658070021482,26.763154686323873
1.61,31.22211927098489,131.010588625295,36.61808359737332,-6.9903924683360845,0.0961036034788908,19.408175897641662,0.2505128360796572,22.98304630233619,198.60469217811743,50.68558705742044,29.760317075636475,31.835416425142128,0.1274135145984585,119.99879112707588,1568.0184711473423,1.274,1.0199415818075563,0.0,9.726790239741147,300.0001285565649,0.1490082424210621,2.305148570532429e-05,0.2874282877487316,-0.0062746262166342,-0.0451022444541634,6.991049770385038,12.31627493233815,50.700682969075565,30.082560823343627
1.62,31.222117940569383,131.01059131657146,36.93431825796446,-6.670037747988482,0.0991972125947649,30.29157327002487,0.2315145251994817,24.238658436130468,295.2437695369254,50.8615379891387,29.969622234416487,32.00011078213141,0.1254136964310244,119.99498514390844,1578.8758923999524,1.274,1.0199044935167498,0.0,9.741048990709931,300.0001285565649,0.1495260462910698,2.277834196582843e-05,0.3184086809583971,-0.0058341545922342,-0.0501355008815713,6.670772005891913,12.113323656885868,50.877119843071576,38.796205651223964
1.63,31.2221165867692,131.01059405539328,37.25251439136951,-6.317084466707462,0.1017412168314602,11.676033471892124,0.2124089686446987,25.50274554252367,124.79374979392456,51.17893618140974,30.298444453105944,32.18255490454677,0.1235790928876476,119.99150887947737,1598.5942528736502,1.274,1.0198508909558723,0.0,9.755027534966196,300.0001285565649,0.1504596945009752,2.2491407067268767e-05,0.3481510060452557,-0.0053770150478402,-0.0551590275434639,6.317900399465219,11.875161074517568,51.19491764597925,28.049329856761585
1.64,31.222115216071543,131.0105968285951,37.57182195476,-5.992138194056766,0.1046512794749319,40.80546169034979,0.1909526055168933,26.585004372158643,387.31720250059215,51.16336980277144,30.34197533266145,32.38203942025949,0.1219156222167568,119.98837173486471,1597.5729421828971,1.274,1.0197952888626935,0.0,9.768962008357,300.00012855656485,0.1504144734462746,2.21910019523518e-05,0.376648675191952,-0.0049028911595841,-0.0596540526328809,5.9930486456410845,11.712310426900338,51.17980837817058,48.70199815333917
1.65,31.22211385736488,131.01059957743445,37.888215490617,-5.592202964457633,0.1062243118781546,16.81317017333383,0.1710293361864758,27.831656418011868,168.92813061136275,51.673859181550206,30.83112862914464,32.59785113593274,0.1204299842914684,119.98558385392808,1629.5624417409351,1.274,1.0197593008024797,0.0,9.782896383704836,300.0001285565649,0.1519157965893444,2.187864507744477e-05,0.4036353670650491,-0.0044160776793576,-0.06456412582734,5.593208537799042,11.432004499252749,51.69054484788304,32.516350368415885
1.66,31.222112453145733,131.01060241886324,38.20981428371637,-5.237658563812142,0.1085144414644802,15.140780935491652,0.1483413597696609,28.803980904291045,152.94843822909812,51.68055576977078,30.89140029441292,32.829124445372656,0.1191277775870132,119.98315273544252,1629.934462945511,1.274,1.0196919392499948,0.0,9.79654056825505,300.0001285565649,0.151936035445949,2.155385741471153e-05,0.4292923433059417,-0.0039126603346171,-0.0686749043415647,5.238779418538254,11.265417322374043,51.69760116818616,32.54127484334824
1.67,31.22211107214478,131.01060521309407,38.52692249064066,-4.860460252828126,0.1103194748243752,47.1997331767529,0.1255460035879751,29.746149203332408,442.8656393053132,51.781391948178864,31.02996638840776,33.07509733744771,0.1180168412519204,119.98108923108856,1636.251283397126,1.274,1.0196499065833502,0.0,9.810379000357557,300.0001285565649,0.1522330293934885,2.1218583196263216e-05,0.4532928262507988,-0.0033987660875715,-0.0726535900450088,4.861709066561813,11.081454865489926,51.798720880054375,55.79125349176696
1.68,31.22210967372879,131.01060804277537,38.845319493305645,-4.428366510847923,0.1107970728369118,7.456899381804323,0.103345062403693,30.86292429020473,82.94219117406084,52.36950063200345,31.57699047630597,33.33482079757778,0.1171031527761239,119.9794002257271,1673.578691839178,1.274,1.0195989728578725,0.0,9.823866685526657,300.00012855656485,0.1539625738882144,2.087347240731286e-05,0.4756073595067751,-0.0028748526490767,-0.0770935819876575,4.429749596955439,10.802056544753071,52.38690458465968,31.751159417180126
1.69,31.22210823553548,131.0106109534264,39.16833172287932,-4.054314844699451,0.1125444229850754,32.15840067957228,0.0788091931290103,31.53067217413645,306.6578325240348,52.20403024182379,31.48926994034189,33.607328896123654,0.1163931086932036,119.97809276473726,1662.9678692870511,1.274,1.0195388727265873,0.0,9.837369253719832,300.0001285565649,0.1534766624492525,2.051826636461356e-05,0.4963531368979559,-0.0023371964783012,-0.0801996642112831,4.055874006854045,10.68523533805911,52.22170866707812,45.03723163017127
1.7,31.22210683492987,131.01061378762228,39.484706532154114,-3.625255429240681,0.1127798396084183,19.82350817274447,0.0549492018629959,32.41193429774543,195.56094491494264,52.606873238100015,31.875632066489608,33.89172264349124,0.1158952188951527,119.97717704279432,1688.680816933521,1.274,1.0195034752811478,0.0,9.850932845891824,300.0001285565649,0.1546615486396119,2.0155552253116548e-05,0.5151699865261046,-0.0017950031470064,-0.0838798387766656,3.627006926011762,10.462743822245498,52.624588642439576,37.99352550910508
1.71,31.22210538575333,131.0106167206932,39.80709676181407,-3.212821332139687,0.1133486394429885,14.529481954110375,0.0302048111413579,33.05052913408699,148.3828098342142,52.702658163678,32.0039779211684,34.186897025318295,0.1156147774585156,119.97665709241691,1694.7833064240665,1.274,1.019440158853484,0.0,9.864158246295831,300.0001285565649,0.1549437153836996,1.978503004690644e-05,0.5321884555858277,-0.0012438336549826,-0.086805863220251,3.2148180908829507,10.31248351760324,52.72046291471269,36.10324409562897
1.72,31.222103950262724,131.01061962594628,40.126358361445774,-2.7942690220477684,0.1136365494643355,37.96392980639694,0.0052778034869958,33.59096133624239,361.44531326295765,52.78204076858328,32.117169378586915,34.49182151914497,0.1155594012708738,119.9765404968864,1699.8404886646233,1.274,1.0193972980578831,0.0,9.877523076586304,300.0001285565649,0.1551776563580848,1.9408320168515568e-05,0.5472501681629758,-0.0006883462373034,-0.0893943042946681,2.796576906423146,10.177547359578757,52.79989074432964,50.691347167866574
1.73,31.222102505522496,131.01062255005706,40.44589987210234,-2.3508758701613046,0.1127997081248924,11.738516570370097,-0.0199808588633283,34.25816864675595,125.55469085976384,53.240318513347326,32.54160124316094,34.80537503446295,0.115735250279951,119.97683191566244,1729.4331091326108,1.274,1.0193490180016624,0.0,9.890683428556835,300.00012855656485,0.1565255441613563,1.902646621337124e-05,0.5602994391380322,-0.0001303107715015,-0.0923177614953872,2.3535789746857434,9.985664012816398,53.25803703862011,36.21346834448679
1.74,31.22210102875089,131.0106255394057,40.76927412938455,-1.9289785202688348,0.112720889769251,31.43331377910826,-0.0452468148467721,34.542785597031255,305.1359513924,53.19031142756061,32.54515844248456,35.12640457480659,0.1161481382752115,119.97753506816476,1726.1321850283164,1.274,1.019287185688994,0.0,9.903761228227737,300.0001285565649,0.1563790951381756,1.863968160946465e-05,0.5713632250943737,0.0004327415422098,-0.0940493405999705,1.932267923883272,9.904287225622449,53.20801757209902,46.70395378565503
1.75,31.2220995748889,131.01062848215304,41.0880716048591,-1.4870671712825052,0.1114250601461023,22.31481347581242,-0.0709948483575393,34.97989021376487,224.4765664159356,53.56859146791117,32.89834035514843,35.45377242652349,0.1168052423233425,119.9786556868128,1750.7177483257535,1.274,1.019252468535406,0.0,9.916910503186328,300.0001285565649,0.1574918022724873,1.8250060671396943e-05,0.5802982421305554,0.0009938578066657,-0.0961964656116925,1.491234900348413,9.761426328732544,53.58609406439776,41.49154926121506
1.76,31.22209808304756,131.01063150224869,41.411753688001205,-1.0528253968327512,0.1103019073930309,10.658780800133636,-0.0965363312807447,35.18302795189193,120.98906246482512,53.71377234010296,33.05875598767102,35.78625901860779,0.1177110921581933,119.9801948159269,1760.1654030674367,1.274,1.0191936262454135,0.0,9.92979145901786,300.0001285565649,0.1579192114816508,1.7857798021195568e-05,0.587125556688253,0.0015558558678154,-0.0975889768476583,1.058587009941322,9.679016537542818,53.73109851249792,36.76226847288077
1.77,31.222096598458407,131.0106345076156,41.73330989210834,-0.6202730949214952,0.1091253618734804,38.21180307363248,-0.1215937977342832,35.209294125673715,372.098451184325,53.73218011063493,33.11450238121605,36.12265663020623,0.1188715660887982,119.98215558665008,1761.317607112856,1.274,1.0191481207359632,0.0,9.942779254951866,300.00012855656485,0.1579739040431119,1.746443360901899e-05,0.5917798502637601,0.002114694924113,-0.0983932581384666,0.6297988501667384,9.637534251488038,53.74932147203068,51.96009114712866
1.78,31.22209511207966,131.01063751665797,42.05414087712539,-0.1826332497988923,0.106684526648202,9.584334556648896,-0.1478633436108615,35.41386572309219,115.66250100416036,54.224516060880745,33.55193902005406,36.461720226183786,0.1202909268695662,119.98453835915322,1793.6873001975353,1.274,1.019103442137101,0.0,9.955605984235172,300.0001285565649,0.1594219610228594,1.7071308066081386e-05,0.5942328898419206,0.0026673902451741,-0.0997033355027741,0.2115099373798104,9.532250350303611,54.24127401745584,36.68818907925767
1.79,31.222093588533347,131.01064060139527,42.38004460936111,0.2474780041974501,0.1050653237985498,27.52596705500313,-0.1721582855332843,35.1784593579988,280.0250182204488,54.152266891221416,33.531772961409914,36.80218864795519,0.1219721428558645,119.98734137302604,1788.8546154960004,1.274,1.0190394627332136,0.0,9.9683132978488,300.0001285565649,0.1592101317333625,1.667860086066495e-05,0.5944670871514031,0.0032170831837759,-0.0996066129616636,0.2688568693162505,9.544424908433582,54.1687705044419,44.66802551703812
1.8,31.222092091775103,131.0106436316319,42.70063363542939,0.6745709036849608,0.1023396800431016,19.75751614901648,-0.1975977307034713,35.082149944384994,212.30156236291745,54.49509414920546,33.84326837293341,37.142790452450846,0.1239194018262824,119.9905649129286,1811.52027031432,1.274,1.0190060176822393,0.0,9.981147657024072,300.0001285565649,0.1602186393712959,1.6288491270960866e-05,0.5924755758657206,0.0037564573861298,-0.0998983225889045,0.6822894036123813,9.5039724400211,54.511169620007344,40.263578255815
1.81,31.222090558954324,131.01064673530567,43.02626638648756,1.0971262558234112,0.099716544098488,12.412241333718056,-0.2218609122712139,34.75804655652076,148.38280983421114,54.63424533637884,33.98967908574939,37.48225052219539,0.1261335385764248,119.99420398632851,1820.7264057965683,1.274,1.0189412567677756,0.0,9.993685208391788,300.0001285565649,0.1606283421961437,1.5901308684537308e-05,0.5882288345740284,0.0042878600292713,-0.099432419022553,1.1016479451532946,9.517019472737232,54.649908766590656,36.9084645794988
1.82,31.22208903254016,131.01064982596557,43.349958494065646,1.5155249566208282,0.0969338358733971,37.081373277287774,-0.2451928653098428,34.287787372530126,373.6203323159791,54.70498779487748,34.080009011559305,37.81927660705556,0.1286160404036243,119.99825484957196,1825.3877668735008,1.274,1.0188974073925765,0.0,10.006345355495649,300.0001285565649,0.1608369175260345,1.551852653729126e-05,0.5817417343510125,0.0048077119667392,-0.0984601255056587,1.5186210426670097,9.55929526854252,54.720214118947126,50.50485844524848
1.83,31.2220875013108,131.01065292645202,43.673578114563405,1.9156563993547933,0.0931550565888436,6.544248344234939,-0.2702235065770303,33.94021801090213,100.4437496878242,55.18503644234997,34.49244145440095,38.15258508582221,0.1313664007419249,120.00271087926969,1857.506944543088,1.274,1.0188490462400648,0.0,10.018849057277308,300.0001285565649,0.1622488906672587,1.5141358972132269e-05,0.5730375689049028,0.0053137049160907,-0.097834980219381,1.9179192034991248,9.548278344305068,55.1996691979744,34.5664375624983
1.84,31.22208593737292,131.01065609352355,44.0020046364077,2.324471546294344,0.0901146937313507,30.643006221910817,-0.2912804623102844,33.15986603602191,320.3547027087523,55.086646484546336,34.44635923632975,38.48090571640641,0.1343825368294585,120.00756333312412,1850.8308985863207,1.274,1.018789729565498,0.0,10.031270479888136,300.0001285565649,0.1619602160165103,1.4770173260120136e-05,0.5620470827429229,0.0058078569506238,-0.0957844606291611,2.326216707834339,9.650666915183336,55.10080166170075,45.15147162774108
1.85,31.22208440031192,131.0106592059241,44.32493579888489,2.7043954345070302,0.0859619419743782,13.08662404372072,-0.3147569330562002,32.55508713998804,164.3625022164291,55.50488082812407,34.80457463708119,38.802928395008365,0.137662535697912,120.01280413420302,1878.9834012792617,1.274,1.0187549487161311,0.0,10.043805455336724,300.0001285565649,0.1631904615305238,1.4407048508266115e-05,0.5489188725570475,0.0062834979685307,-0.0942544546933718,2.705760268979039,9.678337803456287,55.5183836933281,35.08835276100619
1.86,31.22208282208714,131.01066240209417,44.65430441351352,3.089335943761092,0.0821823137039583,12.32949776461334,-0.3349133480572577,31.638727872030785,159.79687382143976,55.54199368127325,34.862516290327335,39.11742841897352,0.1412008164915956,120.01842000270833,1881.437420961928,1.274,1.0186925110645255,0.0,10.056042379485568,300.00012855656485,0.1633001846516922,1.4052150744558612e-05,0.5335490659711606,0.006743342169072,-0.0916736726304339,3.090427795575672,9.782578624891176,55.55490284449613,33.95788249344664
1.87,31.222081261126352,131.01066556315465,44.97984566296144,3.459305454887732,0.0780446935843313,32.494028562321425,-0.3545780365362976,30.663309253018166,343.94375574917825,55.65814927658136,34.98072061990136,39.42312131186368,0.1449920297708764,120.0243985154166,1889.2558869936747,1.274,1.0186550082889374,0.0,10.068467000185068,300.0001285565649,0.1636422976139043,1.370715092823075e-05,0.5160835904224297,0.0071827961844168,-0.0888554410004267,3.460184648466344,9.88303329691874,55.67040850459117,44.67914672572859
1.88,31.222079686801912,131.01066875140998,45.30701205288912,3.796857188607589,0.0732611885368991,4.165469434583006,-0.375658333749351,29.73185497575625,90.55156683224682,56.08218197393653,35.3357958618501,39.71880639027984,0.1490278581863752,120.03072330225568,1918.091901479412,1.274,1.0186062845340045,0.0,10.080645510133056,300.0001285565649,0.1648896187203476,1.3372901154219195e-05,0.4965498017583719,0.0076010020808243,-0.086140874359741,3.7975628834307713,9.93762288201184,56.09368981138579,30.02458084792463
1.89,31.222078087982126,131.01067198948007,45.637939326268445,4.153596664285961,0.0689877492263777,28.254998311020337,-0.391499907049045,28.452906948648923,309.70156478730127,55.98374810960454,35.28525222404562,40.00329860580728,0.153298517168023,120.03737637885682,1911.30386379156,1.274,1.0185473174752795,0.0,10.09284777021813,300.0001285565649,0.1646008241040919,1.3049887496024784e-05,0.4748769252831397,0.0079986688902256,-0.0822338810534397,4.154168535203556,10.08858236536274,55.99458467729399,40.1006996891757
1.9,31.222076512486645,131.01067518012843,45.96385985323282,4.459883842927235,0.0638814723297699,12.940748102686875,-0.4103304556588748,27.3044421685464,173.49375900627157,56.389201830345286,35.62137708024804,40.27537224007448,0.1577933072017529,120.04433900366872,1939.0280315413888,1.274,1.0185161666180835,0.0,10.105069889405886,300.00012855656485,0.1657935304426173,1.273987208569251e-05,0.451336989203236,0.0083708818769952,-0.0787210758982878,4.4603404006443625,10.154815920673428,56.3992363064749,30.21860179881806
1.91,31.22207489849613,131.01067844902784,46.29624049469452,4.775232576295656,0.0590284352227699,10.989751431624306,-0.4249798433565426,25.909139013707744,157.51406662397366,56.44712819426986,35.68902147767159,40.53395766253377,0.1624982886608949,120.05158827258369,1942.9517853121683,1.274,1.0184511448030602,0.0,10.117091865672489,300.0001285565649,0.1659644663026339,1.2442961018583684e-05,0.4257780150877522,0.0087194633795493,-0.0743370561533964,4.775596553576088,10.283631367125434,56.456400357552056,28.146735669128322
1.92,31.222073299704206,131.01068168702534,46.6251204005178,5.070162001746873,0.0539548533442403,32.60415178176009,-0.4386834531707733,24.44958300490825,353.8359376048111,56.5540469861276,35.79304895803519,40.77789793362421,0.1673989287485383,120.05910101642031,1950.2575620760936,1.274,1.018414130490209,0.0,10.129211108624265,300.0001285565649,0.1662794437550405,1.2160551047930148e-05,0.398430599995411,0.0090411138205161,-0.0696919988977947,5.0704483280580055,10.403564599455713,56.56252219341958,40.75543234581169
1.93,31.22207168974085,131.01068494771397,46.9554434991944,5.317010331488694,0.0484213543868857,1.7196413482625037,-0.4541929180592675,23.01736723240497,76.85468964750788,56.99503493880101,36.149915608037965,41.0061684041281,0.1724781009287841,120.06685092880718,1980.72806683418,1.274,1.0183639825866546,0.0,10.141202707993404,300.0001285565649,0.167576655553313,1.1893357634987247e-05,0.3693596407747615,0.0093349617997535,-0.0651087299679207,5.317230177303576,10.461037285459,57.00264094645656,23.08598388383868
1.94,31.222070054072454,131.01068826059304,47.29007612950377,5.596297778068553,0.0432857954743191,28.371854426527964,-0.4628534852648181,21.31140019328056,318.0718965112636,56.86822212940339,36.074162901804286,41.21778158978092,0.1777170489255827,120.07480995134549,1971.860296711332,1.274,1.0183069505354043,0.0,10.15310238286109,300.0001285565649,0.1672044325950373,1.164167061547345e-05,0.3384656946243634,0.0096014051277413,-0.0595282481600517,5.596464644645169,10.616865937234522,56.87502144560995,35.48735176294612
1.95,31.222068444275536,131.01069152090787,47.61910328862479,5.803330685535886,0.0375878085826661,13.47568762779816,-0.4754127702951989,19.69842965685885,184.9078219934788,57.29438473284189,36.41616761477264,41.41169290235168,0.183095778970788,120.08294880115176,2001.4614403329008,1.274,1.018273988334325,0.0,10.165148133711655,300.0001285565649,0.1684580653410462,1.1407030556393676e-05,0.3061607695235458,0.0098369964576112,-0.054248366033391,5.803451994651738,10.666547576996278,57.30028901158377,23.871495665131008
1.96,31.22206679389604,131.01069486358884,47.95540751349376,6.023969029448081,0.0320748451038666,9.844034753433805,-0.4829451028584391,17.90782272606067,152.94843822908177,57.366161832626005,36.48914033576559,41.58709406433456,0.1885919807550086,120.09123549250388,2006.414502186023,1.274,1.0182128312312066,0.0,10.176877163068852,300.0001285565649,0.1686697462349653,1.1189293386947888e-05,0.2722240907230116,0.0100428594131967,-0.0482940217937366,6.024054105821597,10.773515099779164,57.371200137250014,20.440850544612925
1.97,31.2220651590828,131.010698174631,48.28810401061688,6.221904189106554,0.0264672330501734,22.02569079733529,-0.4890646873876243,16.06316152353175,263.2843857726507,57.458818431478456,36.57702322315089,41.743050064404166,0.1941823964406307,120.09963711562214,2012.836812130549,1.274,1.0181771561434128,0.0,10.18882869930358,300.0001285565649,0.1689428126328043,1.0989587751988896e-05,0.2369699123401593,0.0102169448086024,-0.0421062957734658,6.22196026161394,10.86833017701663,57.46297589457616,27.265278239903235
1.98,31.22206351467388,131.01070150510867,48.62210065057927,6.376280532388084,0.0207096900782822,2.111417905226957,-0.495633867360084,14.19385236289036,84.46406530566735,57.751584107124536,36.81445574886863,41.878806119729006,0.1998421782240827,120.10811902823012,2033.3355156079847,1.274,1.0181261660667749,0.0,10.200568628668998,300.0001285565649,0.1698042548348898,1.080840572861942e-05,0.2005034916073782,0.0103586457063042,-0.0358070908756017,6.37631402511918,10.916021157743549,57.754837177564106,14.358592667824919
1.99,31.222061853724995,131.01070486908444,48.95882372469728,6.547323771472888,0.0150698436277407,29.37961611805837,-0.4968184254233146,12.21576419535059,330.24688556438457,57.68728028201741,36.78320349071041,41.99366772923312,0.2055454216186164,120.1166454753863,2028.7443240578104,1.274,1.01807432356272,0.0,10.212286786074596,300.0001285565649,0.1696158302121801,1.0645957333222972e-05,0.162807850014465,0.0104677119148743,-0.0290418680681841,6.547341038873312,11.019248349309766,57.6896474474917,31.821903881897523
2.0,31.22206020799729,131.01070820214048,49.29196582688908,6.638910180840074,0.0092533405392398,9.059079311484345,-0.5016256078322368,10.248173717336233,147.6218847684594,58.1286597018966,37.13001258078791,42.086930597204685,0.2112652597483827,120.12517963429843,2059.8419701664247,1.274,1.0180381278087391,0.0,10.224052301446674,300.0001285565649,0.170914245113443,1.0503138112909348e-05,0.1242444374787672,0.0105431678755205,-0.0223317368210095,6.638916600623285,11.015961317057192,58.13011321322325,13.687352218851455
2.01,31.22205852611165,131.01071160843307,49.63179804860073,6.756536326748408,0.0035568544182938,13.364788975888963,-0.500110501804852,8.192943586024805,186.42968812502167,58.13169147535629,37.148252433858886,42.158097701380605,0.2169743665195149,120.1336843981892,2059.9895605422034,1.274,1.0179753184303997,0.0,10.235591418266178,300.0001285565649,0.1709238152211516,1.0379630554772437e-05,0.0845960772826007,0.0105849846868234,-0.0152056236881802,6.75653725862492,11.081793338911174,58.13225018474145,15.684132729859298
2.02,31.222056863961857,131.0107149746551,49.96714894479724,6.831938547207554,-0.0021497740934668,19.11035224252373,-0.4986106830509596,6.117341196770832,238.17343660066425,58.300053992649126,37.28959469881277,42.20654738379002,0.2226445277804167,120.14212144067388,2071.8724519450366,1.274,1.0179425917661091,0.0,10.247352304477712,300.0001285565649,0.1714194983148749,1.0276334985300444e-05,0.0442913820042771,0.010592655618405,-0.0079839028560334,6.83193888383271,11.103352117808017,58.29971630692426,20.07177218793333
2.03,31.22205518422883,131.0107183764316,50.305501921567526,6.87565954721674,-0.0078064522995913,0.5070014229549891,-0.4960414371574484,4.00740220417703,70.76718712094575,58.53232487284033,37.47836239246645,42.23190376074672,0.2282478378307694,120.15045310643356,2088.346351376476,1.274,1.01788304359971,0.0,10.258819793625069,300.0001285565649,0.1721031013049365,1.019323725473668e-05,0.0033543433204962,0.0105660257334293,-0.0006070384746595,6.875663957547626,11.098757726030716,58.531098638184375,4.0696904030034675
2.04,31.22205349633577,131.0107217946462,50.64498407407051,6.931515256098177,-0.0134281392985877,35.204299083671984,-0.4885513016866558,1.8958569999771304,382.7515591057644,58.459035037081534,37.438839814017406,42.23380461275788,0.2337563185207438,120.15864157528696,2083.051913483009,1.274,1.0178369862639849,0.0,10.270389940421907,300.0001285565649,0.1718882654628487,1.0130419108036715e-05,-0.0381284906464709,0.0105049085945955,0.0068912819379528,6.931528199460338,11.137178687487618,58.45692574991225,35.258695808429586
2.05,31.22205182046877,131.01072518842983,50.98151708354519,6.891255844442521,-0.0188640258892588,3.64595649801599,-0.4856070888206999,-0.2881630624909008,98.92187555617508,58.9946165504715,37.853482608870976,42.21193729840157,0.2391422202711608,120.16664924268704,2121.326547223969,1.274,1.0177975522444118,0.0,10.281882880972535,300.00012855656485,0.1734637056214751,1.0088349981663124e-05,-0.0797947058490786,0.0104099261259543,0.0145536248479939,6.891281538832325,11.046967150466816,58.99165339626749,3.6894242072066032
2.06,31.22205010296165,131.01072866638827,51.32593953679617,6.902470604659098,-0.0243484754868461,18.896424663761337,-0.4743196909605833,-2.409059047842663,235.89063040316208,58.88779669093029,37.78877020655143,42.16619697925485,0.24437926178968,120.17444053314767,2113.581483794968,1.274,1.0177373068522173,0.0,10.293244032522807,300.0001285565649,0.1731502932696446,1.006627846962431e-05,-0.1219378212135487,0.0102798755654119,0.0221990339047976,6.902513341212441,11.06168229309742,58.88397204145962,19.055272491844175
2.07,31.2220484165648,131.01073208129628,51.6635660579786,6.84472928162345,-0.0295982484353321,14.580919967374268,-0.4652080500850078,-4.584344810875429,197.08281104651235,59.164841568784354,38.01064735754501,42.09631040438549,0.2494404549636891,120.18197834965387,2133.4462398765927,1.274,1.0177082340332797,0.0,10.304800731374442,300.00012855656485,0.1739655633364781,1.0065013044297072e-05,-0.1639539531384159,0.010116660854785,0.0299876092872659,6.844792971560914,10.990580985995043,59.16019228699896,15.291692612979048
2.08,31.222046699373312,131.01073555838943,52.00687670630248,6.779309466334384,-0.034761689510335,3.155249849449504,-0.4529721775734064,-6.7296802401897695,94.35625516127963,59.30165263351224,38.12814748081107,42.002350593100566,0.2543018866029542,120.18922987440104,2143.2535636955063,1.274,1.0176484302529338,0.0,10.316053439568345,300.0001285565649,0.1743685122246858,1.0083913435390284e-05,-0.2059659857052405,0.0099195580577167,0.0377575856335416,6.7793981717454646,10.93080797321587,59.296192280427626,7.446434149397103
2.09,31.22204498652024,131.01073902658862,52.34878605154469,6.7075095160789,-0.0398596786986666,27.786744491028927,-0.437687177719518,-8.812028445788744,315.7890593138982,59.289934135490206,38.13471701979071,41.88431997346678,0.2589399429386199,120.19616208394956,2142.3361940018626,1.274,1.0176080203317914,0.0,10.327473858916338,300.0001285565649,0.1743347286392081,1.0122980528972351e-05,-0.247730558192291,0.0096895464148821,0.045403380760856,6.707627407475969,10.884047918999729,59.283672992306535,29.153843396791725
2.1,31.22204327594316,131.0107424900741,52.68970942091054,6.564008074098008,-0.0445256604130822,2.77959869673184,-0.4246967588745387,-10.999055900299313,91.31249989798522,59.701915871564005,38.45927292921261,41.742360485988016,0.2633331661259525,120.20274457914888,2172.140906997646,1.274,1.0175661763020758,0.0,10.338723982580296,300.0001285565649,0.1755467858595921,1.018211858538617e-05,-0.2889928003307733,0.0094280677570764,0.0533321022631552,6.56415842665294,10.746740385140086,59.69492179788548,11.352786748185707
2.11,31.222041535529307,131.0107460137192,53.036047068062096,6.453168875175107,-0.0493363308188636,23.163585913926703,-0.4055870513315212,-12.993377324073636,274.698448759826,59.61929022183367,38.41331384358312,41.576760160600585,0.2674626739228647,120.2089501310922,2166.060605761066,1.274,1.0175103157650212,0.0,10.349941663895644,300.0001285565649,0.1753045200043021,1.0260452218374804e-05,-0.3298954778754631,0.0091337988928337,0.0607941958645797,6.453356669519639,10.685366379467194,59.61154049006858,26.562079503190677
2.12,31.22203981836837,131.01074949025775,53.37720638556705,6.27283707235734,-0.0536232976807333,9.893146693541384,-0.3886910614694996,-15.104483969267674,155.99218549238682,59.965191080277705,38.690177469705176,41.38772506644321,0.2713099164894455,120.21475113194698,2191.1958860521327,1.274,1.0174791757246142,0.0,10.361222628855636,300.0001285565649,0.1763222859242907,1.0358224032071748e-05,-0.369955485530346,0.0088102637829636,0.0685698827136729,6.273065350892321,10.535630947793267,59.95676795360461,18.06020122310544
2.13,31.22203806843593,131.01075303284452,53.7242877849567,6.10277791421484,-0.0579313093498009,6.611310661472492,-0.367721012205925,-17.051436712547908,127.07656399147704,60.012497462353885,38.74302815568876,41.1757382784866,0.2748607064597909,120.22012582011828,2194.5812929215044,1.274,1.0174167272994823,0.0,10.372304915583928,300.0001285565649,0.176462077731478,1.0474389910225372e-05,-0.4093049509941406,0.0084560392712035,0.075920476227739,6.103051827213352,10.427152253233524,60.00339763511105,18.29196931353604
2.14,31.222036331361306,131.01075654932447,54.06825558141896,5.9094460802891335,-0.061999844361335,22.201247825674688,-0.3455516299965122,-18.94092303560511,267.84999916738246,60.07775110092384,38.8100174937306,40.941206970380485,0.2781013034965132,120.2250521187556,2199.283660530848,1.274,1.0173854188232476,0.0,10.383520379877163,300.0001285565649,0.1766546371435048,1.0608800561398388e-05,-0.4476072625770104,0.0080740558125809,0.0831125597740462,5.909770157669352,10.30521717390534,60.068012190046,29.185156781945416
2.15,31.222034586430794,131.01076008152077,54.4131788406792,5.670627753943787,-0.0655719384773394,-1.2136914283382618,-0.3238528695675417,-20.89257099672372,58.59218706787394,60.39279167477662,39.06762351093086,40.68473130048062,0.2810217449149997,120.22951284714412,2222.3360201153446,1.274,1.0173355678413605,0.0,10.39455140183808,300.0001285565649,0.1775816847169876,1.0760792977947588e-05,-0.4847275329863396,0.0076656114054222,0.0904740980394873,5.671005621128971,10.131922631179307,60.38249166101493,20.930299816712854
2.16,31.222032822238948,131.0107636524288,54.761211521150805,5.45348329842265,-0.0693235323084427,28.9261686496886,-0.2978433038574286,-22.547360390861147,330.2468855644542,60.282163002622646,39.00250106472534,40.406988685493445,0.2836145219024115,120.23349364842952,2214.127571472509,1.274,1.0172814105577237,0.0,10.405613065389405,300.0001285565649,0.1772570838407718,1.092934780461764e-05,-0.5206750420489976,0.0072302188973859,0.0970024106544645,5.453922562432712,10.022579246035546,60.27127369028843,36.67690559438261
2.17,31.222031077816787,131.01076718329946,55.10482736112196,5.164792504838922,-0.0721812841295358,6.557151507160234,-0.2743881491128581,-24.44066974957848,130.8812523204303,60.73942649766848,39.3721126887777,40.10865112195392,0.2858733144822397,120.2369810218796,2247.770751933313,1.274,1.0172441606949043,0.0,10.41663211268645,300.0001285565649,0.1786023403393206,1.111427238586678e-05,-0.5550677963631224,0.0067726232565686,0.1041907858575372,5.165295503276731,9.813621398933964,60.72808829107022,25.306478667570246
2.18,31.22202929267999,131.01077079613128,55.45553664613197,4.9016331542967615,-0.0752956365100278,17.925124223085486,-0.2466733941621408,-25.97069069974285,234.36874927164385,60.714223765464986,39.373854734972525,39.79060964805175,0.2877964097875558,120.23996779873904,2245.8300848359545,1.274,1.0171857200095027,0.0,10.427511312642212,300.0001285565649,0.1785289395713956,1.1313978487219144e-05,-0.588078328323233,0.0062899245126328,0.1103376111353669,4.902210029607834,9.678986300228994,60.70239635794396,31.55705470410924
2.19,31.222027530748107,131.01077436200188,55.8011920067971,4.597708819166701,-0.0777820600605423,8.741114768325758,-0.2195729735072603,-27.57911088217801,153.7093792949252,60.97227015425646,39.59458607289832,39.45365620369424,0.2893815685883422,120.24244501149684,2264.885765778712,1.274,1.0171571518962312,0.0,10.438535298740256,300.0001285565649,0.179288419567568,1.1528255572643003e-05,-0.6193202394076547,0.0057877066292166,0.1166893346568536,4.598365301184082,9.496840052800362,60.96005218058595,28.93203512951011
2.2,31.22202574285784,131.01077798004826,56.15100869293532,4.293436535947166,-0.0801954517964916,-0.3708122740147826,-0.1904868033928716,-28.963702230634205,73.81094238433616,61.0383680976858,39.6687916188214,39.09880431634868,0.2906313186666426,120.24441045886248,2269.722675250253,1.274,1.0170998557786803,0.0,10.449339505810574,300.00012855656485,0.1794834890260144,1.175575983732519e-05,-0.6488028969479089,0.0052654189626951,0.1223727208420363,4.294184038498741,9.344266529630971,61.02577102968817,28.966702157299018
2.21,31.22202396171985,131.0107815843133,56.49885940635286,3.980540717494295,-0.0824130557206756,19.338775290323124,-0.1603304198730657,-30.17202799925281,252.6312628509942,61.01633948280093,39.675523317500286,38.7270619764268,0.2915489312750398,120.24586230560024,2268.008858611051,1.274,1.017063911157005,0.0,10.460259718488029,300.0001285565649,0.1794194186344949,1.1995747612460132e-05,-0.6763192148448713,0.0047265603754507,0.1275123578898528,3.9813923926994153,9.206398248734112,61.0033940747442,35.8380413689259
2.22,31.2220221802488,131.0107851890849,56.84606349050848,3.6307786396152073,-0.0838581803585,-1.1031967372781,-0.1308402510325986,-31.506976554430576,71.52812818679516,61.33693622772745,39.95123284166868,38.339555883594976,0.2921406749397292,120.24680286982029,2291.828474878585,1.274,1.0170180468140015,0.0,10.470993884775911,300.0001285565649,0.1803628451522031,1.2247265673130332e-05,-0.7017249388340071,0.0041740285477515,0.1329930348514926,3.631745628326357,9.020829313399553,61.3237638202624,31.52655600940054
2.23,31.22202037390253,131.01078884381425,57.19696041421231,3.2946870083664512,-0.0855097756143071,29.10688218514024,-0.0993315779952149,-32.430487219148056,344.70468081503674,61.255939310804656,39.914058560118335,37.93749540420125,0.2924151689803045,120.247237728335,2285.702542386972,1.274,1.0169650895945912,0.0,10.481708097092651,300.0001285565649,0.180125385417884,1.250870060044728e-05,-0.7250463220165106,0.0036066593791154,0.1372268880584091,3.295795252108221,8.900384684135659,61.24250747164687,43.57702328720201
2.24,31.222018587142728,131.01079245890426,57.54360129989125,2.916066026516145,-0.0860713813798293,5.994909178348768,-0.0688883600393638,-33.646108212996204,140.0125091101185,61.73204899082516,40.31754169041049,37.522074719622736,0.2923809811787915,120.24717186726708,2321.2943633198656,1.274,1.0169319352936617,0.0,10.492453581283304,300.0001285565649,0.1815261143997753,1.2779475754219648e-05,-0.7460455270576527,0.0030303608820715,0.1422940724313858,2.917334906389614,8.707826512643129,61.7185289349389,34.17607759154713
2.25,31.22201675803865,131.01079615913787,57.896815569105485,2.554634788373395,-0.086970085921899,7.504040096647251,-0.0367231256880322,-34.35832228909278,155.99218549271424,61.71401161938687,40.3324872900168,37.09462446418234,0.29205021135774,120.24661581658958,2319.8592836794624,1.274,1.016872468923552,0.0,10.503013997311744,300.0001285565649,0.1814737985211119,1.3057569050294516e-05,-0.7647952503669448,0.0024420018552093,0.1458226546789728,2.556113785596862,8.59577817108954,61.70035039548222,35.168256665368276
2.26,31.22201495252427,131.01079981167095,58.24510376537469,2.178031969946045,-0.0873374041861533,15.196857811881705,-0.0047072509982024,-35.04098062827472,227.5203136789536,61.83705800401205,40.46075279251802,36.656433366812536,0.2914336118891577,120.24557755180103,2329.0412729907607,1.274,1.0168442492719274,0.0,10.5137648409192,300.0001285565649,0.181836339118223,1.3342480781780348e-05,-0.7810693451838081,0.0018485117085021,0.1492175524983145,2.179781505042297,8.476125981557919,61.82333908195612,38.19443458023545
2.27,31.222013129176315,131.01080349996087,58.59558833621828,1.790898800124663,-0.0872080105937812,-6.573676524820554,0.027368007525864,-35.6731839922622,35.003127027626924,62.07064192067993,40.67983387205968,36.20891991097919,0.2905454627041229,120.24407092223156,2346.5909312606727,1.274,1.0167983806798395,0.0,10.524240125206788,300.0001285565649,0.182523931979631,1.3632717311411032e-05,-0.7948303782373656,0.0012508952240641,0.1524149479094282,1.7930201539451525,8.355754753362529,62.056943323698384,36.273820149063496
2.28,31.222011294255687,131.0108072113904,58.94708688114101,1.410555671989192,-0.087240545853445,15.90695991384374,0.0595153623184964,-35.869592604866945,238.93437766649944,61.942486775029245,40.60939504731456,35.753523921709814,0.2894003632571646,120.24211035105338,2336.8321200028045,1.274,1.0167504353495855,0.0,10.534781468651364,300.0001285565649,0.1821478040900569,1.3926794293640438e-05,-0.806029965272064,0.0006503419223283,0.1542382246576452,1.4132503949880115,8.299639643311277,61.92878306742698,39.23853449630999
2.29,31.222009476114764,131.0108108888488,59.29493210984581,1.0140496274971125,-0.0863092335628808,11.712227964214428,0.091442784002387,-36.28461090803743,203.9312616385213,62.263081880968926,40.90360577942829,35.29171289124289,0.288013194415763,120.23971090795077,2361.0052060340963,1.274,1.0167229609710744,0.0,10.545285345913788,300.0001285565649,0.1830912639166714,1.4223947556874276e-05,-0.8145697884203048,5.27168261339286e-05,0.1566738743693047,1.0177156543018109,8.201193401769007,62.2495244633914,38.128173761880355
2.3,31.2220076241276,131.0108146343184,59.64730519435733,0.6204157474070917,-0.0852800064361571,-8.092290131719473,0.1231646010357039,-36.41227489328302,28.91562550103648,62.41117172357481,41.06043702742808,34.82501077703291,0.286400959432247,120.23689173597752,2372.1692883599294,1.274,1.0166796046015631,0.0,10.555613885873306,300.0001285565649,0.1835274683398393,1.4522121094897928e-05,-0.8204542298367345,-0.0005439137182682,0.1581756597319716,0.6262492274494651,8.143980682920633,62.39777597643504,37.30085913218195
2.31,31.22200577752933,131.01081836876523,59.997804916908414,0.2295575536723425,-0.0842891057352109,3.8944189283943,0.1539563294214001,-36.1661584029162,138.49062797897935,62.286042277189686,40.99485363774732,34.35493884784994,0.2845792377079849,120.23366990147896,2362.5871949133734,1.274,1.0166292836524051,0.0,10.56607687098158,300.0001285565649,0.1831602353722952,1.482023317993018e-05,-0.8236289570462487,-0.001135538035943,0.1584640203490716,0.2445430141680511,8.140943912892245,62.27280218019762,36.37555793339851
2.32,31.222003940432845,131.0108220839061,60.34586524725207,-0.1635511136579312,-0.0825882650932334,17.758331355234862,0.1845043856870338,-36.003241829489866,264.8062669041958,62.44212509618647,41.16189821838388,33.88304955696348,0.2825645939243318,120.23006480975118,2374.363415393116,1.274,1.016597384215922,0.0,10.57636473045402,300.0001285565649,0.1836199390780907,1.5117375753655392e-05,-0.8240805365710182,-0.0017172710811962,0.1589428980388309,0.1832205495671849,8.12079402053952,62.42915216633439,40.14505942981508
2.33,31.222002081943792,131.01082584198156,60.69620218287599,-0.5531262634653232,-0.0803729459091862,4.536204176400986,0.2148892743232963,-35.814035067427255,148.38280983394353,62.748539490764365,41.45616810558988,33.41090310820008,0.2803746522650895,120.22609853363632,2397.642669964975,1.274,1.016567734926667,0.0,10.586567855924322,300.00012855656485,0.1845217242365312,1.5411740215940458e-05,-0.8218021717194594,-0.0022893772517413,0.1592759027316459,0.5589349453106217,8.100640961329898,62.73591454208408,36.10080931975246
2.34,31.22200020923301,131.01082962855264,61.0475808369542,-0.9389297985130692,-0.07819130507552,-6.185790555617137,0.2437783140452233,-35.25910090483387,54.0265626730437,62.789466471349336,41.53189002431187,32.940063523774114,0.2780259779125113,120.22179207517452,2400.6902620291744,1.274,1.016528067157413,0.0,10.596805013752688,300.0001285565649,0.1846428090736357,1.5701724783420754e-05,-0.8167731168034931,-0.0028508395380047,0.1583991061142716,0.9421796534768287,8.132806289206515,62.77718421368174,35.7984305421567
2.35,31.2219983444662,131.01083339896317,61.39669620618672,-1.3210760726466186,-0.0758177514929592,4.96542616372714,0.271217433237729,-34.48612116538914,155.231260426872,62.73746508955864,41.53087788746809,32.47210667972114,0.275534554335456,120.21716629288396,2396.635033309341,1.274,1.016490420376218,0.0,10.60697405233496,300.0001285565649,0.184490617857862,1.5986450072342756e-05,-0.8090305211811742,-0.0033970158872944,0.1567623610044566,1.3232495238846118,8.194296003481247,62.72555566847919,34.84281229920195
2.36,31.22199647874668,131.0108371711395,61.74488857203184,-1.6927740510218332,-0.0728779972451825,7.5569310971548465,0.2983878910951002,-33.74929938659854,179.58125353265888,62.907767234644055,41.71832112375455,32.008587218438706,0.272916944985203,120.21224418440728,2409.5834651185514,1.274,1.016462064341392,0.0,10.617077590506854,300.0001285565649,0.1849921489525369,1.6264789607598607e-05,-0.7986259408857164,-0.003924952637696,0.1551611784457241,1.6943416552940664,8.24344616860727,62.8963195886932,34.58628994308234
2.37,31.221994595285533,131.01084097892252,62.09448977948542,-2.055461296690917,-0.0696812506680876,0.3254482146783095,0.3243782656073651,-32.85782656260829,115.66250100401436,63.062268500399455,41.894729824491286,31.55103025437328,0.2701895518144309,120.20704961646642,2421.352476124682,1.274,1.016433207789165,0.0,10.627082336898823,300.0001285565649,0.185447221298351,1.6535092952420433e-05,-0.7855578477130588,-0.0044343359211982,0.1529919393943473,2.0566415671513227,8.308971379874448,63.05132299783804,32.86103930520279
2.38,31.221992707807942,131.01084479466027,62.44347677475736,-2.4113967934955056,-0.0663531319620116,-4.2277180677433055,0.3484572344899191,-31.73758284548593,75.33281551589427,63.09617755904299,41.97029984051032,31.10096171992483,0.2673677274999904,120.20160566596334,2423.8758117126645,1.274,1.0164037523122171,0.0,10.63707090562634,300.0001285565649,0.1855476690339342,1.67961469740907e-05,-0.769873715435356,-0.0049228954785166,0.1500129531815248,2.4123089839345555,8.402527375134069,63.08575483577701,32.01982491174295
2.39,31.2219908208242,131.01084860926392,62.79122889715113,-2.757461382635536,-0.0628002291777571,1.8879681518926632,0.3708529965586004,-30.466583727449706,130.1203112546363,63.0983635075292,42.01986494726572,30.65988036491828,0.2644663815186661,120.19593583611048,2423.962724209808,1.274,1.0163753192589244,0.0,10.647041925539831,300.00012855656485,0.1855548260865099,1.7046979070797938e-05,-0.7516684973356897,-0.0053877098783124,0.146465771609381,2.758175864611922,8.510694933166992,63.08849887257295,30.527277633443187
2.4,31.22198893072925,131.01085243000455,63.13822743557864,-3.0863908865332528,-0.0588905579773869,1.4944018074416847,0.3923718247364347,-29.15576348530124,126.31563092554283,63.21480508435685,42.16896310395829,30.22923055050996,0.2615001117305666,120.190064354455,2432.83616924844,1.274,1.01635122205293,0.0,10.65687339404704,300.0001285565649,0.1858979771209099,1.728652001108032e-05,-0.7310319047263861,-0.0058267074319873,0.1427027510531611,3.086952129067418,8.612018143383542,63.20555457877024,29.196673386222567
2.41,31.221987029259594,131.01085627355323,63.48552449744557,-3.4025546098816126,-0.0547966607657703,-2.255381505417068,0.4120730179266119,-27.698226655664715,92.07344096372884,63.29430922624233,42.28783239275673,29.810405248605008,0.2584829224310506,120.18401564567206,2438.8780548771088,1.274,1.0163266715490349,0.0,10.666661165107984,300.0001285565649,0.186132507849455,1.7513480747475418e-05,-0.708009145107984,-0.0062388680214506,0.1383777428210267,3.402995300703921,8.724058180198515,63.28570178820934,27.792954318957456
2.42,31.221985125497817,131.0108601216034,63.83187680242786,-3.7061815873271775,-0.0505452075591491,-2.472653129199011,0.4296939067704095,-26.09193331641288,89.0296857005307,63.31873608383983,42.360154023334935,29.40477149939624,0.2554279665311039,120.17781378803711,2440.679594599127,1.274,1.0162999982283445,0.0,10.676453703820364,300.0001285565649,0.1862050694765397,1.772689910337951e-05,-0.6827077902582833,-0.0066222477759124,0.1334797378230728,3.706525760331549,8.847150249176188,63.31079646223255,26.21235652395621
2.43,31.221983219780537,131.01086397347996,64.17723539923125,-3.992774916954664,-0.0460909638334858,-1.7115379471304544,0.4456152663998938,-24.3925531636066,94.3562551613016,63.35718669386533,42.4457909823368,29.013634730048388,0.2523477962655132,120.17148301534112,2443.56358884412,1.274,1.0162756610357788,0.0,10.686098655593945,300.0001285565649,0.1863188702041023,1.7925919079255967e-05,-0.6552573829958729,-0.0069749862381546,0.1281863073190742,3.993040504982848,8.969820137151189,63.34994674297738,24.456585717337784
2.44,31.22198130873172,131.01086783600036,64.5220060317902,-4.2611278116674765,-0.0414580319171996,-2.609002598153973,0.4597719120669536,-22.60388464071349,84.46406530577617,63.40633652329421,42.54184849579064,28.6382261568261,0.2492543496777936,120.16504765040992,2447.275165857234,1.274,1.0162536485446152,0.0,10.695715935332307,300.0001285565649,0.1864641346427283,1.810962793981628e-05,-0.6257680794800748,-0.0072957576058103,0.1225082965644629,4.261329114932274,9.09027725956953,63.3998243114373,22.758600256144554
2.45,31.22197939312819,131.01087170760624,64.8660585371694,-4.512068612876422,-0.0366872238258547,-3.6340801221956327,0.4718847843249617,-20.715576809292493,73.05000131838571,63.436053940807646,42.62183171347703,28.279713878221468,0.2461588655686563,120.15853186815752,2449.4886665161466,1.274,1.0162299790707638,0.0,10.705295082136178,300.0001285565649,0.1865522520166318,1.8277185803398696e-05,-0.594359374724094,-0.0075833335671375,0.1164100150084733,4.512217452226501,9.210693129700646,63.430291125558846,21.03721312640797
2.46,31.22197747473609,131.01087558474066,65.209154737778,-4.744433110852383,-0.031791628769131,-1.8967147339731785,0.4819452083217592,-18.74117910551369,85.98593843730083,63.45223660129248,42.690763207638206,27.939197530655683,0.243071908583686,120.15195967841188,2450.657725339683,1.274,1.0162061278609396,0.0,10.714753805468618,300.0001285565649,0.1866005650000899,1.842788256266945e-05,-0.5611735700826608,-0.0078365031942807,0.1099347229354805,4.744539381211986,9.328431109611142,63.447242784179394,18.84307809862386
2.47,31.221975553350976,131.01087946782295,65.55130396282244,-4.954326555546223,-0.0267689979191024,-0.4632596100240756,0.4902621650602276,-16.710759743457768,95.87812829289147,63.49652383513212,42.785309488141245,27.617695227262924,0.2400034101001291,120.14535492799656,2453.9991232533907,1.274,1.0161822309129516,0.0,10.724186237962524,300.00012855656485,0.1867315267138072,1.856107668305637e-05,-0.5263583067003175,-0.0080542499507079,0.1031829375115554,4.954398693222863,9.435757727023706,63.49231897092477,16.724367182657105
2.48,31.221973626403383,131.01088336204938,65.89279156923727,-5.142162462312529,-0.0216533690754987,-0.1865061576297325,0.4966702747515961,-14.620402951874327,95.11718822713544,63.55020736597288,42.88898731045021,27.316140499251915,0.2369626861624613,120.13874123820278,2458.069670223249,1.274,1.016159459563737,0.0,10.733561112690584,300.0001285565649,0.1868901209233253,1.8676120213170807e-05,-0.4900437393267849,-0.0082358309688046,0.0961421909090773,5.1422079302256405,9.533725903904486,63.5468060627932,14.630025577005366
2.49,31.22197169485366,131.01088726549028,66.23348109443704,-5.308501630203285,-0.0164727641738114,-1.920137511274376,0.5010156363775634,-12.470615821301465,76.0937485817288,63.59714476699297,42.98738489880785,27.03539230303091,0.2339584658283496,120.13214194675189,2461.6213780348107,1.274,1.0161385795567637,0.0,10.74282959370154,300.0001285565649,0.1870288754005102,1.8772474181109284e-05,-0.4523754542313603,-0.0083805606202395,0.0888146527993567,5.308527115212006,9.62330778685198,63.59455723128298,12.627517716977955
2.5,31.221969759227857,131.0108911770911,66.57329656619387,-5.454749542125352,-0.0112532481053003,-3.624914740632476,0.5030708286831673,-10.262034926787685,57.07031393663212,63.612848164541376,43.05838576946993,26.77622618614431,0.2309989468174558,120.12558011028412,2462.756710550814,1.274,1.016116623274014,0.0,10.75207641358,300.0001285565649,0.1870757746156322,1.8849709559970603e-05,-0.4135138577596267,-0.0084878634247309,0.0812023675877873,5.454761114850387,9.706922267690858,63.61108050847391,10.895065303803227
2.51,31.22196782140369,131.01089509306533,66.91201249895737,-5.5796831703144365,-0.0060085591006857,0.3109893048051267,0.5029183763622102,-8.011554598122661,88.26875263458975,63.607488668475085,43.11086632272393,26.53932579209257,0.2280918411791717,120.1190784701852,2462.261556671615,1.274,1.0160954085662492,0.0,10.761266380359643,300.0001285565649,0.1870607288448652,1.890752901562545e-05,-0.3736400553021753,-0.0085573194930525,0.0733637152227199,5.579686395279924,9.782078240448064,63.606544846220345,8.033346022653719
2.52,31.221965881436063,131.0108990133084,67.24961618548271,-5.675716732552741,-0.0007491206040387,-0.332075295007867,0.5012980033516907,-5.754876476271774,78.37656277911502,63.66489595537424,43.220034195445066,26.32527100672231,0.2252444058063454,120.11265938111252,2466.627995666862,1.274,1.0160750944361752,0.0,10.770342392382409,300.0001285565649,0.1872302696465072,1.894570341599162e-05,-0.3329341000221679,-0.0085887304507112,0.0654280316621372,5.675716781827998,9.835274854752283,63.664778283784926,5.7862057470215476
2.53,31.22196393384276,131.0109029489109,67.58670882267708,-5.750712265125832,0.0044901224876556,0.3176727551528039,0.4973823018241055,-3.46768756171524,79.89843691065904,63.68852241290991,43.29910226479485,26.134538568210044,0.2224634821937716,120.10634475405053,2468.379095570588,1.274,1.0160553303537547,0.0,10.779388601337327,300.0001285565649,0.1873004652099437,1.896391102165203e-05,-0.2915230599713439,-0.0085820477563312,0.0573093593792647,5.750714012166002,9.880340191459018,63.68922771970024,3.517550590852789
2.54,31.221961984969564,131.01090688705327,67.9225734488524,-5.800849045231548,0.0096920697757344,0.6364681671725652,0.4915570487146954,-1.1724682883113646,78.37656277918497,63.72033434371834,43.385661908514656,25.96753238985241,0.2197556104809502,120.10015614696596,2470.765794998172,1.274,1.0160347042149982,0.0,10.788394748059092,300.0001285565649,0.1873947313184435,1.8962095759714068e-05,-0.249600567916139,-0.0085373688981912,0.049090907103823,5.800857114306548,9.910437366327274,63.72185677047136,1.4217601580649555
2.55,31.22196003130549,131.01091083484107,68.25759608351258,-5.827019540198801,0.0148355193911665,1.896717313648312,0.4837502667003575,1.1250730305980912,85.22499837146472,63.74881852211168,43.46932164051256,25.824545464593538,0.217127011304912,120.09411459687732,2472.8955869246074,1.274,1.0160152182201088,0.0,10.797279586228344,300.00012855656485,0.187479209758375,1.8940200475748007e-05,-0.2073334540882117,-0.0084549356302018,0.0407948157170792,5.827038360536347,9.92699063021615,63.75114888002221,2.257728994499807
2.56,31.221958074116863,131.01091478972197,68.59163236857486,-5.827736179375616,0.0198965346347788,0.1771262585735739,0.474126764740739,3.413884102130138,65.44062566033742,63.78973622965493,43.56415630774093,25.705775191950565,0.2145836714261391,120.08824064700916,2475.9915786518154,1.274,1.015995951017009,0.0,10.806142150665536,300.0001285565649,0.1876002527146845,1.889826880403884e-05,-0.1648978251209601,-0.0083351571470315,0.0324649873496982,5.827770026551857,9.927408283365988,63.79286156994414,3.4511990037227194
2.57,31.221956112129423,131.01091875428176,68.92481841262669,-5.807484793195917,0.0248676466624723,1.0080796835013597,0.4623223023560754,5.690611673215535,68.48437292351457,63.79394305408992,43.62561454125444,25.61131807739751,0.2121313794058871,120.08255428860572,2476.2388340633497,1.274,1.0159765685571125,0.0,10.814967115734069,300.00012855656485,0.1876133307560857,1.883638857480204e-05,-0.1224595784260961,-0.0081785547260707,0.0241105877430984,5.80753785212193,9.919231559796351,63.79784925477063,5.797674341913397
2.58,31.221954148945606,131.01092272123765,69.25676693321688,-5.761687872853259,0.0297150097266031,2.424528311763261,0.4488290716921108,7.939230943682029,76.85468964740586,63.81433201772312,43.70152486640544,25.541175566591672,0.2097757930089971,120.07707496563336,2477.742847284128,1.274,1.0159575631625175,0.0,10.82366869093463,300.0001285565649,0.1876739969444508,1.875482440563288e-05,-0.0802177116579227,-0.0079859502077166,0.0157982952440921,5.761764239156611,9.89456185796127,63.8189996403268,8.313313000678841
2.59,31.221952181113227,131.01092669758305,69.58785158301006,-5.690912271397425,0.0344172972935899,1.5273167569126096,0.4336589969446424,10.153723634778167,64.67968559454185,63.84715619037465,43.78837278269406,25.495235104425287,0.2075224067899825,120.071821374929,2480.213498032765,1.274,1.0159393105168495,0.0,10.83233794670407,300.0001285565649,0.18777123307441,1.8653814800221e-05,-0.0383341929712033,-0.0077581682239509,0.0075532835207973,5.69101600183492,9.854316627633228,63.852562446466216,10.277103689903583
2.6,31.221950209184303,131.0109306822091,69.91801544989548,-5.598821299987342,0.0389735466931654,3.08163091303152,0.416589076462027,12.325504155205657,74.57187544991756,63.85514234113266,43.852268215819805,25.47329132865196,0.2053766665134602,120.06681159169383,2480.755242826233,1.274,1.0159203718184202,0.0,10.840984641275732,300.0001285565649,0.1877954203509046,1.8533675420894724e-05,0.0030273374894769,-0.0074961670499494,-0.000596555471115,5.598956514278896,9.80470793615476,63.86126429105934,12.711728766095149
2.61,31.22194823552256,131.01093467033567,70.24701339712843,-5.481661464562284,0.043340397806111,5.293318120806455,0.3980496275662102,14.446982995508424,90.55156683212029,63.88652529825978,43.936935808258816,25.475045116211813,0.2033439997546878,120.06206302849093,2483.115728173804,1.274,1.01590052805617,0.0,10.849508620622244,300.0001285565649,0.1878884146643421,1.8394868456006565e-05,0.0436813902289147,-0.0072012100922408,-0.0086116445965836,5.481832272833027,9.73912509089869,63.89333319137811,15.391328009842853
2.62,31.221946256762028,131.010938668786,70.5752109810414,-5.340224532062499,0.0474974845325933,2.453161382833093,0.3780687661803574,16.513201893681003,61.63593833134037,63.93925090164473,44.04037492638743,25.500091079969767,0.201429773904364,120.05759224195558,2487.1375652200218,1.274,1.0158820703121532,0.0,10.857991241956608,300.0001285565649,0.1880441763071681,1.823783314492577e-05,0.0834770511666476,-0.0068744676875808,-0.0164702926448337,5.340435144009922,9.658783515182556,63.94671178821377,16.69870574456759
2.63,31.22194427296332,131.0109426774453,70.90261052242485,-5.181699159169219,0.0514831871043764,3.6729179732398674,0.3562111222054643,18.50571704759675,69.24531398935181,63.93490008214052,44.09139563444102,25.54793736011538,0.1996394093097859,120.0534150973466,2486.720810616848,1.274,1.0158644480761785,0.0,10.866453227392286,300.0001285565649,0.1880320760662896,1.8063077422675773e-05,0.1222635783887444,-0.0065172187627666,-0.0241205992951856,5.181954212897502,9.576426232989125,63.94298704117182,18.870049715023125
2.64,31.221942289375946,131.0109466856825,71.22866596492098,-4.999638615673336,0.0552212777614303,3.665736841143485,0.3331414124051338,20.42632264533669,66.2015667258881,63.9595183666868,44.16796495619644,25.618005719344648,0.1979783941098595,120.049546728397,2488.558192123927,1.274,1.0158471881384288,0.0,10.8748288486938,300.0001285565649,0.1881051711216053,1.7871332045373448e-05,0.1598470414528298,-0.0061313401661159,-0.0315463539572201,4.999942792995319,9.480387087576846,63.96819250337076,20.755318995394177
2.65,31.22194030031277,131.0109507050265,71.55399453818438,-4.797974659817774,0.0587247586546995,3.2824238163601285,0.3087031516942071,22.262208853199823,60.11406419968584,63.974920012959,44.23541398561167,25.709606831163,0.1964521155851008,120.04600110556798,2489.678956826785,1.274,1.0158293798084297,0.0,10.883128391429956,300.0001285565649,0.1881511589071044,1.7663232203705032e-05,0.1960910367192418,-0.0057183188049093,-0.0387073369523106,4.79833318650408,9.377668576856102,63.98414447486262,22.505011592300118
2.66,31.221938309071422,131.0109547288002,71.87825970454186,-4.577446516884573,0.0619802505288757,3.5428941564267205,0.283013060870052,24.00500753763392,60.114064199642925,63.98200750587734,44.29446203722089,25.821973199402755,0.1950660475765727,120.0427914099682,2490.15298289868,1.274,1.0158120729402356,0.0,10.891409432240184,300.0001285565649,0.1881726926381949,1.7439546312047216e-05,0.2308420522727915,-0.0052799905680131,-0.0455706314639596,4.577865221892859,9.269573666858326,63.99174333896498,24.266696979154926
2.67,31.221936315352423,131.01095875761453,72.20150883040742,-4.338140024395644,0.0649642468107181,4.785922900022795,0.256240347769329,25.65027326433826,69.24531398927611,63.99263478573822,44.35579782550297,25.954249381807305,0.1938256528856482,120.03992980033004,2490.902844507771,1.274,1.0157942763484027,0.0,10.899638023173608,300.0001285565649,0.1882046350097792,1.720110432195201e-05,0.2639536001846431,-0.0048183012402674,-0.0521142317691092,4.338625491652862,9.155998324721526,64.00283934357806,26.09419927217568
2.68,31.2219343186284,131.01096279254287,72.52381574190099,-4.080375546591903,0.0676522954999131,4.7952234843316015,0.2285316026877789,27.195682748492462,67.72343985772264,64.01864713109795,44.43007654905385,26.10549600791992,0.1927363634165303,120.03742736166484,2492.8510477495383,1.274,1.0157778957760872,0.0,10.907761199756187,300.0001285565649,0.1882818238078563,1.6948772727994717e-05,0.2952927116426716,-0.0043352061220803,-0.0583236262931389,4.080935394517546,9.0370364008012,64.02927392635571,27.61614663769663
2.69,31.221932318081627,131.0109668352478,72.84528826539305,-3.806819306412116,0.0700563085916973,5.189909392495646,0.1998931604923368,28.628229156579074,70.00625405494971,64.03717195955478,44.496544718916766,26.274697525061114,0.1918035830950363,120.03529412813512,2494.2168461496403,1.274,1.0157597341343036,0.0,10.915860698650231,300.0001285565649,0.1883369901789311,1.6683451290721802e-05,0.3247385122555704,-0.0038326529670915,-0.0641560790956039,3.80746292089642,8.917755957146783,64.04817637603327,29.095542982036445
2.7,31.221930315117177,131.01097088288336,73.16579447437206,-3.517860167736863,0.0721542750491706,4.350706346523768,0.1704900861869451,29.945789669350745,61.635938331148765,64.06053720537948,44.5662564249494,26.46076912282877,0.1910326837920636,120.03353910376848,2495.960382039133,1.274,1.0157424530610497,0.0,10.92393922960952,300.0001285565649,0.1884063908927315,1.6406132658269544e-05,0.3521672251424609,-0.0033128368078046,-0.0695981987821032,3.51859913253106,8.798349130013897,64.07187116940467,30.260668061101427
2.71,31.22192830874789,131.01097493745456,73.4854632325137,-3.215904975754215,0.0739600455097164,4.068156384949456,0.1403897528919889,31.13502690833896,58.59218706779824,64.06867989313145,44.621221498394426,26.66255507981865,0.1904289042092225,120.0321700883495,2496.5181988579,1.274,1.0157266518543897,0.0,10.931912988827124,300.0001285565649,0.1884310195894586,1.611783844629813e-05,0.3774684395078307,-0.0027779303829292,-0.0746056227354256,3.216754444458393,8.683532749492855,64.08029750668669,31.39999213754859
2.72,31.22192630058321,131.0109789956992,73.80413963774963,-2.901327670139408,0.0754507192999834,2.8942550836995045,0.1097731424031708,32.19588056923963,47.939064146470734,64.07653498836177,44.67478321562363,26.87883641171295,0.1899973290824047,120.03119369234776,2497.053882479279,1.274,1.0157114172944173,0.0,10.939843744051252,300.0001285565649,0.1884548005184385,1.581967309927183e-05,0.4005334821547046,-0.0022303433894983,-0.0791716461296717,2.902307735911556,8.573229333223289,64.0883867562094,32.32589501098238
2.73,31.22192428980176,131.0109830592853,74.12193708571066,-2.576168038731668,0.0766391263373649,3.217110662534093,0.0787525649635645,33.11679909420151,50.982815409867214,64.06836714689987,44.7128407605124,27.108331877323128,0.1897427719397405,120.03061516332026,2496.341034403316,1.274,1.0156961126488104,0.0,10.947749879700346,300.00012855656485,0.1884314546953046,1.551275755555903e-05,0.4212695168619722,-0.0016724093542479,-0.0832572856743576,2.5773069977923115,8.47148698334188,64.08040558912398,33.2727874580292
2.74,31.221922277929217,131.0109871251192,74.43870821821463,-2.2405825676816624,0.0774893497745357,4.611711004833475,0.0475067020966003,33.9053585936844,63.91875252846505,64.07139395926485,44.75970663449712,27.34970704265386,0.1896697506578154,120.03043842449536,2496.5008633013385,1.274,1.0156805782083187,0.0,10.95561034687088,300.00012855656485,0.1884410312330337,1.5198278094097442e-05,0.4395896932463618,-0.0011066415996212,-0.0868794379218362,2.241921448397203,8.37662122907403,64.08356595415337,34.21759016420027
2.75,31.221920263307503,131.01099119656578,74.75466458293393,-1.895889575064741,0.0779872606445863,4.182825556064691,0.0161425729657808,34.56310974877369,60.875001265242936,64.09450174341117,44.82324172176736,27.601577721842364,0.1897823691923777,120.0306659306909,2498.2260423976545,1.274,1.015665073027121,0.0,10.963368989841548,300.0001285565649,0.1885096666690162,1.4877407973105545e-05,0.4554258227169838,-0.0005353402822033,-0.0900389787581786,1.8974923119041915,8.289346654323579,64.10675194988427,34.8152961458165
2.76,31.22191824532056,131.0109952748761,75.06990521234499,-1.544698993528178,0.078170349602445,3.6389508447631695,-0.0152287955228452,35.07248171405787,57.07031393619316,64.10539101274786,44.87462777905608,27.86252066050749,0.1900843188506899,120.03129878669333,2498.9992238908585,1.274,1.0156495172826043,0.0,10.971107676846168,300.0001285565649,0.1885423648174709,1.4551334020589843e-05,0.4687206935553382,3.925701567964796e-05,-0.0926803464962193,1.546675177147273,8.215477348880682,64.1176699787405,35.26075961674308
2.77,31.22191622584557,131.0109993562413,75.38424045487577,-1.1881516499956783,0.0780296775663639,3.2385275909585385,-0.0464554409158645,35.43446658146889,54.78750273884502,64.11172980808341,44.92070342153572,28.13107982183116,0.190578822517131,120.032336749463,2499.417901345055,1.274,1.015635210167922,0.0,10.97882883337496,300.0001285565649,0.1885616776837112,1.4221320503690036e-05,0.4794205038190691,0.0006146136540418,-0.0948025324173708,1.1907107546250546,8.155433070603438,64.12398667738482,35.5821815095509
2.78,31.221914204300884,131.01100344184104,75.69776273384515,-0.8276816168401284,0.0775631023772039,0.8540556126168148,-0.0773981061856007,35.64887428255194,35.00312702762355,64.11643751875742,44.96410787588707,28.405768350573247,0.1912684544000198,120.03377797950616,2499.7096110573325,1.274,1.0156224540553322,0.0,10.986469002929912,300.0001285565649,0.188576191689358,1.3888638737769136e-05,0.4874849666539021,0.0011882597333957,-0.0964014035172129,0.8313076898621474,8.110008662055346,64.12862109866707,35.65918730242567
2.79,31.221912180825512,131.0110075313925,76.01048295426422,-0.4651436356660199,0.0768100560485499,1.604396692052282,-0.107847613953044,35.69987672005724,43.37343975179764,64.08927222416625,44.978225323966576,28.68507630997103,0.1921550729665041,120.03561903538136,2497.5167623714,1.274,1.0156122920322372,0.0,10.994050140856684,300.0001285565649,0.188496960405183,1.3554568951865265e-05,0.4928863104171469,0.0017577628165973,-0.097425306630719,0.4714427397880765,8.083832991204178,64.10133751594253,35.73607305903362
2.8,31.22191015787661,131.01101161990832,76.32213232480339,-0.1012740659697472,0.0757058829455559,0.632581881118857,-0.137772127827841,35.61563557525767,36.52500115935308,64.08738112596652,45.01333846354041,28.96747784900212,0.1932397406373081,120.037854844281,2497.294529198148,1.274,1.0156004239297007,0.0,11.001611884604868,300.0001285565649,0.1884920620627639,1.3220445595261007e-05,0.4956082832831354,0.002320448625195,-0.0979575130275709,0.1264429166911763,8.070286217088128,64.09927297479099,35.62151931663058
2.81,31.22190813194688,131.01101571450369,76.63315941449999,0.2619903436174577,0.0743058033227421,2.291372514577501,-0.1669533046665357,35.37651552023842,53.26562560682496,64.06939601259006,45.03311072727859,29.25143781970585,0.1945225510995505,120.04047849396468,2495.818420619284,1.274,1.015588990283005,0.0,11.009147734624756,300.0001285565649,0.1884398269169465,1.2887514749544828e-05,0.4956491922175859,0.0028741981091369,-0.0979351768771705,0.2723238037235955,8.074693974383056,64.08106793761011,35.4510382324717
2.82,31.22190610615782,131.01101980884255,76.94321282071992,0.623073749336835,0.0725604569319444,0.9566006476764384,-0.1954250166746593,35.007570558180305,43.373439751610086,64.08342298903356,45.0796805359616,29.5354200923806,0.1960027115961449,120.04348152907409,2496.8369300999234,1.274,1.0155773505106669,0.0,11.016585301062332,300.0001285565649,0.1884817430823141,1.2557081651167127e-05,0.4930184748808719,0.0034165725523444,-0.0974337965234876,0.6272843928199356,8.090869351140942,64.09482075590884,35.0211831913522
2.83,31.221904076894567,131.0110239102567,77.25276511803231,0.9806621184115836,0.070545560980912,2.4310658996094103,-0.2228686915672283,34.482344418569106,58.59218706774451,64.07152477628371,45.10242023464642,29.81789396039887,0.1976783469191122,120.046853694564,2495.835552820792,1.274,1.0155669277786494,0.0,11.023986947180992,300.00012855656485,0.1884474072132613,1.2230370737593104e-05,0.4877340573237541,0.0039455924629473,-0.0963686873113001,0.983196003185148,8.125459199630905,64.08260604428993,34.56865384221302
2.84,31.22190204809477,131.0110280107542,77.56135343971611,1.332719979736711,0.068206210612486,0.7486526824911122,-0.2494015225107533,33.83095185182615,45.65624994912407,64.09084914413889,45.15108380262666,30.09733897427277,0.1995465538991483,120.05058315657128,2497.2671869845126,1.274,1.0155558183259878,0.0,11.031376630730051,300.0001285565649,0.1885049013446949,1.190867592935718e-05,0.4798296035790968,0.004458859423697,-0.0948326697937342,1.3344638595820963,8.170445702698183,64.10156294811792,33.84015344467296
2.85,31.221900015601783,131.01103211876395,77.86952763097833,1.6786742493398803,0.0656209900018144,-0.5894287771639871,-0.2746339492081398,33.02748725493522,35.76406409345976,64.07998375311757,45.17237930826577,30.37225399115409,0.2016031833720215,120.05465619534486,2496.3465444490566,1.274,1.015544221840988,0.0,11.038739431127416,300.0001285565649,0.1884736001470124,1.159318793192386e-05,0.4693421632896501,0.0049545079589235,-0.0927414764187624,1.6799559867858724,8.23232412402297,64.09029147186965,33.03388812211355
2.86,31.22189798376408,131.01103622546117,78.1767606732148,2.01692283349274,0.0627778494143956,0.4653325117883487,-0.298528465573838,32.086622539796835,47.17812708069672,64.05977211545888,45.18456249192691,30.641159080651622,0.203842927500366,120.05905746886144,2494.698322882007,1.274,1.0155331615868095,0.0,11.046002395159023,300.0001285565649,0.1884148072273693,1.128515691863308e-05,0.4563299915225527,0.0054302803904944,-0.0901391819019926,2.0178991913911406,8.307070375650595,64.06963323501223,32.0913851306341
2.87,31.22189595124219,131.0110403335592,78.48324482638276,2.345094527308328,0.0596557154293879,0.3337374541086421,-0.3211865282110408,31.027874657701314,47.93906414640958,64.06436116212916,45.21704489964424,30.90260770414802,0.2062591298411197,120.06376974411684,2494.9822203008507,1.274,1.0155213326477648,0.0,11.053243178497755,300.0001285565649,0.1884289571871931,1.0985768022511635e-05,0.4408605512479229,0.0058841848725592,-0.0870871640303503,2.3458527572922505,8.388697045715457,64.07373185830295,31.031331702783923
2.88,31.22189391625505,131.01104444666493,78.78924007859679,2.6626270997697974,0.0562992823440933,-1.5772998260874425,-0.3423544021777027,29.842774448215053,32.720312830234604,64.06390687233018,45.24409412536851,31.15519197997894,0.2088438115704738,120.06877402472544,2494.8734153294868,1.274,1.0155096382923448,0.0,11.060466312222347,300.0001285565649,0.1884282724687503,1.0696122827641764e-05,0.4230020126281947,0.0063145656130881,-0.0835563542251586,2.663221808183728,8.479204367812057,64.07275034149782,29.886389344400623
2.89,31.221891880653228,131.01104856102063,79.09452861116908,2.9691908946799326,0.0527413159570408,-0.3193477789911265,-0.3617899406726759,28.529560534999728,45.65624994897199,64.03754646542251,45.24791895173054,31.397543080392488,0.2115877274442404,120.0740497180999,2492.747515143332,1.274,1.0154972743755248,0.0,11.067666861798616,300.0001285565649,0.1883513894894855,1.041732152011312e-05,0.4028396973374192,0.0067196595176582,-0.0795385780164121,2.969658856660576,8.579465618799876,64.0458310507901,28.533641535656336
2.9,31.221889845728327,131.0110526740032,79.3989567939343,3.261162656937396,0.0489482890971513,-1.008845092865608,-0.3797982033461185,27.116486485298548,41.09062555418027,64.04143848550078,45.276748582314696,31.628341067842165,0.2144803049404487,120.07957456694191,2492.9775385666853,1.274,1.0154865535947195,0.0,11.074770060125037,300.0001285565649,0.1883634848603343,1.0150439086439328e-05,0.3804766362873796,0.0070977112684362,-0.075125475540288,3.2615295832031626,8.680192191969118,64.04912726383718,27.137904384901255
2.91,31.221887808038822,131.0110567925834,79.70300998653178,3.5393568265445774,0.0449757814365284,-0.4875006108514465,-0.395998550084602,25.59275215018003,47.17812708053552,64.03048588371725,45.29195731342045,31.84632505064973,0.2175096392584241,120.08532467313044,2492.052021629205,1.274,1.0154758278117733,0.0,11.081853240579733,300.0001285565649,0.1883319172525747,9.896426567136848e-06,0.3560052809117629,0.0074474060002347,-0.0702795060224445,3.5396422125505853,8.785391466152658,64.03755066221923,25.600457697427874
2.92,31.2218857706856,131.01106091046995,80.00629044965878,3.801292663940472,0.0408195749303376,-1.3136349384915615,-0.4105337104030007,23.97507980994453,41.09062555401604,64.03238144519683,45.317236490890814,32.05028709879592,0.2206626215207937,120.0912747406802,2492.126882466903,1.274,1.0154652178509815,0.0,11.088927696023012,300.0001285565649,0.1883381380273192,9.65623545922875e-06,0.3295426379452128,0.0077673054699713,-0.0650555065966137,3.8015115032267777,8.889475293871355,64.03879336849062,24.014550309597986
2.93,31.22188373151685,131.01106503201757,80.30911085579099,4.047363138604604,0.0365166706141845,-2.462321793786917,-0.4231443020723614,22.26254946943776,31.959375764483887,64.02071031693802,45.33015845577627,32.2390863376538,0.2239249331749449,120.09739806829415,2491.145936877597,1.274,1.0154561139501597,0.0,11.095974863185072,300.0001285565649,0.1883044540914571,9.430721346509808e-06,0.3012019699089111,0.0080562387861958,-0.0594481635595207,4.047527594005526,8.994189775640763,64.02644634175645,22.402303198459258
2.94,31.22188169245172,131.01106915333176,80.61122516117966,4.276605296190659,0.0320826607465293,-2.5689836259167085,-0.4337871703845883,20.464979208396382,31.959375764299384,63.99713642033044,45.33229707841389,32.41164678436178,0.2272811598204747,120.10366672761216,2489.239351738787,1.274,1.0154471273704486,0.0,11.102930780404808,300.0001285565649,0.1882357586300922,9.2207068996516e-06,0.2711159417114765,0.0083130529401003,-0.0534888332476502,4.276725411377738,9.097616400709605,64.00217595263254,20.630153227242754
2.95,31.221879653488056,131.0110732744113,80.91264788265069,4.487104851035177,0.0275264397416315,-2.2314826949001243,-0.4425663139101382,18.595351580278297,35.764064093208326,63.97874411424749,45.338155741601504,32.566968477268574,0.2307148667944769,120.11005166654652,2487.7366592846074,1.274,1.0154374518004992,0.0,11.109870478188752,300.0001285565649,0.1881823019750165,9.026939896560353e-06,0.239424124808948,0.0085367671167173,-0.0472213672207518,4.487189108939261,9.195789051586369,63.983067957124746,18.733992643160864
2.96,31.22187761388877,131.01107739674248,81.21349764976041,4.677899400812536,0.0228680822905797,-2.559203698644588,-0.4494708703477264,16.66161103370863,33.48124989613604,63.96679743790603,45.348839737699336,32.70413143111322,0.2342087323916627,120.116522894775,2486.7357273530515,1.274,1.015427550299594,0.0,11.116794289996454,300.0001285565649,0.1881478024985968,8.850074934581764e-06,0.2062633810100689,0.0087266111160282,-0.0406723355500781,4.677955171955352,9.28700924360778,63.97038954777695,16.86300180492929
2.97,31.22187557366052,131.01108152030469,81.51378834984325,4.849123405038105,0.0181329803698591,-2.870405151403909,-0.4543758784505584,14.669912546274311,31.198437698467817,63.94896633258925,45.35398120600631,32.82229408182966,0.237744698513539,120.12304968460072,2485.277758388844,1.274,1.015418592943358,0.0,11.123704940806636,300.0001285565649,0.1880959934637148,8.69069281474741e-06,0.1717748510183912,0.0088819536716543,-0.033861246258329,4.849157227481754,9.371678518217324,63.951814654437584,14.954999742141764
2.98,31.221873533497728,131.0110856436857,81.81343337572379,4.999885350152679,0.0133391637999383,-3.7636219476903694,-0.4573002588743694,12.63014376455173,23.58906404034603,63.92858163570101,45.356535913695126,32.920695738581394,0.2413041207313767,120.12960075765832,2483.6219940138594,1.274,1.0154100963861852,0.0,11.130515624329634,300.0001285565649,0.1880366716873533,8.549312319802545e-06,0.1361111603778966,0.0090022808430721,-0.0268216887244088,4.999903098668365,9.448113726454558,63.930676946632026,13.186906582104394
2.99,31.221871493198485,131.01108976728784,82.11247150362665,5.1303882670901455,0.0085083737195295,-2.425519476127457,-0.4581622360140114,10.551068530956831,35.7640640931394,63.89679840740256,45.34905612906131,32.99866316744458,0.2448679359206573,120.1361444925424,2481.0816945932665,1.274,1.0154023034492468,0.0,11.137310823064892,300.0001285565649,0.1879438209783566,8.426368641959817e-06,0.0994274432613194,0.0090872418618213,-0.0195825927289742,5.130395303477116,9.51659577246181,63.89813489961621,10.83596347855282
3.0,31.22186945357377,131.01109388946395,82.4107949504154,5.237299635239978,0.0036539563434109,-3.465319730904377,-0.4572971407766326,8.443777516685135,26.632813303750112,63.88973195690184,45.362037255179445,33.05561202491201,0.2484168454923765,120.14264914653766,2480.4617792514027,1.274,1.0153950330588837,0.0,11.144092258838867,300.0001285565649,0.1879236694427628,8.322224654915406e-06,0.0618872685462878,0.009136639513877,-0.012187222553745,5.237300906332835,9.570933633465328,63.8903059190217,9.138650899538456
3.01,31.22186741230487,131.01109801489704,82.70874506960762,5.323992509912219,-0.0011964310839356,-2.61848849955946,-0.454297576958978,6.314801886453813,34.24218696159716,63.86063723394079,45.35616460001264,33.09105169871225,0.2519315138630582,120.14908310344256,2478.13212374482,1.274,1.0153865884623725,0.0,11.150857487409173,300.0001285565649,0.1878387233495329,8.237124629848994e-06,0.0236351521643919,0.0091504362756106,-0.0046521270378385,5.323992643958697,9.617282473160063,63.860449298985614,6.851247417508477
3.02,31.221865372428887,131.01110213743854,83.00588968346386,5.386902827989909,-0.0060263862473612,-2.618483970407492,-0.4495490027081542,4.173840505842438,34.242186961438335,63.849405153151686,45.36514422163752,33.10457437408717,0.2553927299043651,120.1554150358404,2477.1896733706053,1.274,1.0153796365323005,0.0,11.15754725635085,300.0001285565649,0.1878063160624112,8.171282494330017e-06,-0.0151547054376341,0.0091287372261684,0.0029823036372051,5.386906188942186,9.649156838406936,63.84845853061531,4.947675936975656
3.03,31.221863331149336,131.01110626273592,83.30263642796508,5.427677439392007,-0.0108145671057756,-4.661047816812725,-0.4428812296865541,2.0294711940230528,15.979688382662705,63.83396932440567,45.370433268709725,33.09587206349003,0.2587816442294912,120.16161422457697,2475.921411055539,1.274,1.0153722377118268,0.0,11.164199815843048,300.0001285565649,0.1877615427911689,8.12478691017034e-06,-0.0543303461817775,0.0090717771313988,0.0106888118052545,5.427688181066453,9.66943760013242,63.8322705761872,5.102966182681667
3.04,31.22186129002585,131.0111103876296,83.5987623881642,5.448522683774554,-0.0155465889537785,-3.7148094104963536,-0.4341038570307753,-0.1049527453590405,24.350000106037527,63.788041687805695,45.34995827333488,33.06472384178954,0.2620799164081996,120.1676506912334,2472.289495150451,1.274,1.0153652814766434,0.0,11.17084346778752,300.0001285565649,0.1876270788552863,8.097669943366578e-06,-0.0937261299712396,0.0089799460307173,0.0184256447068373,5.448544796828011,9.681860404151736,63.785599635353385,3.7415598610418703
3.05,31.221859250778543,131.01111450863897,83.89401872130011,5.444762794532075,-0.0201954266845499,-3.79371558255308,-0.4237515656019652,-2.226094356099509,23.589064040300407,63.766409501601565,45.34990279546626,33.01100369293603,0.2652699266871466,120.17349546820412,2470.5427830749327,1.274,1.0153577566886367,0.0,11.17747322144084,300.0001285565649,0.1875640754107008,8.089904686687265e-06,-0.1331600400450204,0.0088538506334075,0.0261683467442173,5.4448001354985225,9.67812329439793,63.76323721146184,4.418974925581074
3.06,31.221857210167453,131.0111186323034,84.18887333658003,5.419046617392666,-0.024746852776095,-5.154931234018492,-0.4116103535143827,-4.322173261355328,11.414062987476884,63.73886544210527,45.344930070735614,32.93468990201403,0.2683350103497224,120.17912091701244,2468.3389264196007,1.274,1.0153513829848055,0.0,11.184044496075344,300.0001285565649,0.1874836813100543,8.101323427155972e-06,-0.1724849845804521,0.0086941260443036,0.0338808042686487,5.419102953536714,9.662827013980817,63.73497821568209,6.739727057660021
3.07,31.22185517032268,131.0111227543138,84.48301549308152,5.37277866723763,-0.0291890774823797,-3.8760835577876978,-0.3976316208618842,-6.380093473135009,22.828124974385968,63.69141246811317,45.32329499766197,32.835845023456905,0.2712595225187287,120.18450072995168,2464.595256440361,1.274,1.0153451897116683,0.0,11.190561600147344,300.0001285565649,0.1873447242094928,8.131713820296499e-06,-0.2115358442224014,0.0085016097560342,0.0415193599122151,5.372857722906336,9.638326180843812,63.68682745874232,7.475809479835701
3.08,31.22185313200212,131.0111268731356,84.77633222871005,5.302325973062584,-0.0334868415044824,-4.994486325294138,-0.3822637785356434,-8.40235444102236,12.935938118916225,63.669955738067706,45.32373957152949,32.71462622197248,0.2740290448260766,120.18961022270484,2462.8654772889304,1.274,1.0153400476362897,0.0,11.197062956925732,300.0001285565649,0.1872822311907448,8.18079521302742e-06,-0.2501414984408525,0.0082773355159849,0.0490787896325501,5.30243141305241,9.598123662201246,63.66469563760405,9.782156173487452
3.09,31.221851092390235,131.0111309944468,85.06922239595087,5.212210402472791,-0.0376437375919481,-4.585861698543888,-0.3651836216173083,-10.368141981001791,16.74062444788347,63.625638729449086,45.30509154736655,32.57128871374984,0.2766305546800897,120.19442656786364,2459.368865704793,1.274,1.0153341753718907,0.0,11.20354606957127,300.0001285565649,0.1871524941821697,8.248161772415365e-06,-0.288161121052815,0.0080222902527967,0.0564974509906306,5.212345961224446,9.55009908620334,63.619725665400864,11.342920908385155
3.1,31.221849054771223,131.01113511161375,85.36120799134217,5.099952234543051,-0.0416268319477695,-2.7387121207138527,-0.3467501882652054,-12.279359415574469,33.48124989576365,63.59331259510809,45.29684169134524,32.40616838902941,0.2790524229090666,120.1989287157078,2456.8014485858307,1.274,1.0153276939107447,0.0,11.210016465386504,300.00012855656485,0.1870580252404892,8.333384496842522e-06,-0.3254282865660072,0.0077377809519701,0.0637699188619206,5.100121666103815,9.489735106130098,63.58677386821135,12.585843135446439
3.11,31.221847016685004,131.0111392295964,85.65263193008275,4.964952087781112,-0.0454092209550537,-4.574006396299396,-0.3271306333997855,-14.135755609030872,17.501563513783047,63.58691347157717,45.310958158053225,32.219696500850105,0.2812846256526172,120.20309775227092,2456.2381866419323,1.274,1.0153210890653388,0.0,11.2163878522543,300.0001285565649,0.1870398183495494,8.435922393271079e-06,-0.3618009940464012,0.0074250745663564,0.0708882807327148,4.965159218747376,9.415807051046013,63.579780608576,14.860960117130524
3.12,31.221844977180982,131.01114335030618,85.94361605278502,4.8128764494874,-0.0490161767542007,-5.568726676162625,-0.3059726154610797,-15.905961507307236,9.131249790334046,63.5444757566339,45.29489221020452,32.0123856554699,0.2833187164424697,120.20691681103769,2452.892053912167,1.274,1.015315293087107,0.0,11.22274698321476,300.0001285565649,0.1869156031623431,8.555153774272963e-06,-0.3971479036744541,0.0070854492556033,0.0777597513433943,4.813125455460311,9.338486553195583,63.53677631453317,16.855383339074695
3.13,31.221842940012525,131.01114746616923,86.23362079507677,4.641879658267246,-0.052415287251563,-5.639709059544163,-0.2836135287874259,-17.593017772132683,9.131249789799783,63.49704317397999,45.27497428080936,31.784823696572907,0.2851478222021655,120.21037105063328,2449.163192677001,1.274,1.0153110566522716,0.0,11.229096516970149,300.0001285565649,0.1867766926784773,8.690454460810174e-06,-0.4313086053032925,0.0067206339225159,0.0843828711535661,4.642174933226164,9.254287785473736,63.488809801060135,18.47704059747102
3.14,31.22184090327802,131.01115158101783,86.52290285488591,4.451993361175659,-0.055585497943664,-4.190631250093571,-0.2602176580476169,-19.19471116563654,22.828124974481938,63.454379534333725,45.25957034880778,31.537690379354668,0.2867668472494618,120.21344805921876,2445.8050577696367,1.274,1.015304447086571,0.0,11.235424679844517,300.0001285565649,0.1866518076640885,8.841096424464288e-06,-0.4641460774664945,0.0063322984581906,0.0907437818180786,4.452339656272601,9.163040158037964,63.44564818610407,19.64856331226364
3.15,31.22183886692129,131.0111556949613,86.81145510270862,4.242786555731144,-0.0584979536306523,-4.635271950445689,-0.2359782521798728,-20.715183565422663,19.78437571123297,63.43474191883796,45.26438391137076,31.271743954150136,0.2881723807378551,120.21613770289804,2444.223613723149,1.274,1.0152985861189283,0.0,11.241696721510994,300.00012855656485,0.1865946518399105,9.006278585840996e-06,-0.4955351547075012,0.0059221336525713,0.0968478941008604,4.243189073200607,9.063507208881628,63.42555308336557,21.228760254410705
3.16,31.221836829537825,131.01115981082708,87.0994530784323,4.017757815538593,-0.0611715033595796,-5.52153075513755,-0.2107905958919236,-22.130990420084466,12.93593811918758,63.402398669685965,45.25894209879991,30.98781437892577,0.2893626359468767,120.218432061989,2441.6641527434845,1.274,1.0152934540276777,0.0,11.247912890739151,300.0001285565649,0.1865001204613532,9.1851254496004e-06,-0.5253641512472091,0.0054917808210457,0.1026225086386018,4.018222701862185,8.96230357840028,63.392789874233245,22.810358864540397
3.17,31.22183479314296,131.01116392455043,87.3866052442648,3.7776139020965847,-0.0635948105635698,-4.971865484078685,-0.1847996733765859,-23.437078135417103,19.02343764548792,63.36037361398085,45.2457777938837,30.686795585965108,0.2903373475634544,120.22032529298886,2438.3610540968025,1.274,1.0152888078016753,0.0,11.254117119477469,300.0001285565649,0.1863771072612303,9.37674819916127e-06,-0.5535111587051313,0.0050431957070068,0.1080459811652237,3.778148386624168,8.860540898852735,63.35038416654831,23.959345334059098
3.18,31.221832757407007,131.01116803679406,87.67294189060962,3.5218782777582014,-0.0657359122268353,-5.546117171309736,-0.1582283147078582,-24.6421548417056,15.2187503162053,63.332498031526605,45.245419011138026,30.36965134877538,0.2910978212422445,120.22181381281888,2436.1488981278603,1.274,1.0152834503057082,0.0,11.260303127256313,300.00012855656485,0.1862957129318841,9.580202283257386e-06,-0.5798642123630658,0.0045783856948776,0.1131372114408044,3.522490932531373,8.756531093475672,63.32217226084549,25.259062673030183
3.19,31.22183072095076,131.01117215033483,87.95862743246897,3.253130038562796,-0.0676100148981058,-6.559423942669323,-0.1310848986639502,-25.727897793564715,7.60937565818481,63.29492901230751,45.23737141008606,30.037409581609168,0.2916468421909003,120.22289622039278,2433.192628050631,1.274,1.0152782945846592,0.0,11.266471566593284,300.0001285565649,0.1861858028859934,9.794470297634629e-06,-0.6043288272121928,0.0040992324118512,0.1178373153135754,3.253831779434317,8.655294250482116,63.28430885846653,26.551232562471245
3.2,31.22182868535304,131.0111762619902,88.24343403936999,2.972448024526232,-0.0692120835801352,-5.023663509218276,-0.1035025223618251,-26.688967936209966,22.828124973774663,63.24676367467979,45.22086616362045,29.69115231653149,0.2919885024564287,120.223573064907,2429.4243217863686,1.274,1.0152731783348918,0.0,11.272560073862987,300.0001285565649,0.1860447204820882,1.0018522287854856e-05,-0.6268093507337219,0.0036078502738289,0.1221244124982543,2.973252978246827,8.558636300599797,63.235891868658086,27.157851854040853
3.21,31.221826650641585,131.01118037170357,88.52734180938587,2.6790115303263926,-0.0704932494685494,-6.997054436833071,-0.0757152869009729,-27.548370165622902,6.848437592572892,63.22852029261595,45.23107335350648,29.332016380427024,0.2921281723648531,120.22384691841786,2427.9566922439044,1.274,1.015269157638367,0.0,11.278617306405204,300.0001285565649,0.1859916530633082,1.0251292209461711e-05,-0.647219418861381,0.0031064055716871,0.1260611922298083,2.6799381440444057,8.46282959530184,63.21744724167665,28.42318072241138
3.22,31.221824614142527,131.01118448485974,88.8106705033735,2.37720479800087,-0.0715194046520841,-4.7948912062814575,-0.0476632761397653,-28.26042327558424,28.15468843497014,63.17500707755709,45.211306585378175,28.96118807529962,0.2920723860008158,120.22372228509288,2423.782588291661,1.274,1.0152642831394207,0.0,11.28465542253394,300.0001285565649,0.1858348347759657,1.0491635997674142e-05,-0.6654931542495144,0.0025967669328713,0.1295071982162043,2.378279786211156,8.378304648263532,63.16377283866228,28.664346794984727
3.23,31.22182258021237,131.0111885926839,89.09284837833246,2.0648173547508164,-0.0721993733344322,-5.927422876156579,-0.0196403976820692,-28.87682553735865,19.78437571111943,63.16637781858651,45.231520946660176,28.579891422099145,0.2918285953174771,120.22320523240523,2423.054718597508,1.274,1.0152590012852811,0.0,11.290681223013888,300.00012855656485,0.1858100435933515,1.0738462542726029e-05,-0.6815563752690728,0.0020813529378294,0.1326114384843748,2.066078701585989,8.29604366385583,63.15503677054485,29.47890399613008
3.24,31.22182054308956,131.01119270677998,89.37457284261151,1.746042583730154,-0.0726096689909456,-6.293035516140164,0.0083807177542868,-29.34765911732511,18.26250057977301,63.13183308175231,45.22985050149474,28.189392951420366,0.2914052405777528,120.22230370348127,2420.3395863658857,1.274,1.015253758881662,0.0,11.296679168033425,300.0001285565649,0.1857090181612041,1.0990562199940012e-05,-0.6953630215935807,0.0015619311635078,0.1352201613167533,1.747551211291022,8.226876500942641,63.12042758467109,30.014787387395355
3.25,31.22181850763426,131.01119681736012,89.6552199536289,1.4210577020956805,-0.0727184348943722,-6.572857258480902,0.0362230685428618,-29.690790545014345,17.501563513551908,63.09948341900492,45.230934081356125,27.79098555254092,0.2908113844913025,120.22102688591364,2417.7945141568,1.274,1.0152498567956747,0.0,11.30259443792247,300.0001285565649,0.185614446892639,1.1246799653126592e-05,-0.7068607361806131,0.0010408646282017,0.1373818613403576,1.4229166803166242,8.168441778658593,63.08806083702928,30.40964991312746
3.26,31.2218164715408,131.0112009290687,89.9350523753903,1.0913390582730391,-0.072528972366429,-5.995853243644271,0.0637747557473449,-29.903833016565027,24.35000010588241,63.06682051947571,45.23253378011914,27.38599211529287,0.2900567944555097,120.21938555394092,2415.2270457272025,1.274,1.015245750773779,0.0,11.30848708708598,300.0001285565649,0.1855189518926192,1.1505994452654403e-05,-0.7160129211443846,0.0005202809225944,0.1390848541847327,1.0937462026245786,8.122219916783575,63.05542769818047,30.49907461582064
3.27,31.221814435341823,131.01120504083428,90.21398208330852,0.7580233190587709,-0.0720289999612952,-6.437037703685808,0.0909309392301338,-29.99574487304581,22.0671879084869,63.04622348286398,45.245639855239936,26.9757564823264,0.2891517348055255,120.21739177166388,2413.5849597605384,1.274,1.0152418270207375,0.0,11.314362630383586,300.0001285565649,0.1854589477576391,1.1766965419817762e-05,-0.7227928940527552,2.311055382337922e-06,0.1403522377882459,0.7614376050394884,8.087546391087574,63.03490919698799,30.67879452200226
3.28,31.22181239802212,131.01120915470278,90.49210372699147,0.4228809202039908,-0.0712439217514696,-7.29523419942008,0.1175793553238743,-29.952844114794964,15.979688382188936,63.01806294493528,45.25284581768601,26.56163777754358,0.2881068500179154,120.21505879458104,2411.364798097645,1.274,1.01523751623377,0.0,11.32021921978576,300.0001285565649,0.1853766924264458,1.202851728789466e-05,-0.7271843632602669,-0.0005110362708498,0.1411381277479744,0.428840153080976,8.067568614251389,63.006871978759726,30.82867394965917
3.29,31.221810360774832,131.01121326827342,90.76925661097572,0.0871913989098473,-0.0701792891989251,-7.799401769888489,0.1435950424977659,-29.7752410064124,12.935938118982795,62.98106124426329,45.25294320992607,26.14500444640021,0.2869330190362543,120.2124008890198,2408.4697002932367,1.274,1.0152339978811855,0.0,11.326051094997304,300.0001285565649,0.1852684269184205,1.2289488190642934e-05,-0.7291796580864289,-0.001017621966156,0.14143852245752,0.1119261759986407,8.062797375376434,62.970037510050666,30.78012775305379
3.3,31.22180832364416,131.0112173814595,91.04541644116392,-0.2478155926851623,-0.0688321505392267,-7.264266985591357,0.1688735500116048,-29.469967530043505,19.02343764529665,62.94242176987266,45.252374668312456,25.72722932369594,0.2856412939994577,120.20943333588912,2405.451464906253,1.274,1.0152302959227724,0.0,11.33179616369482,300.0001285565649,0.185155340878822,1.2548731739880988e-05,-0.7287821747086228,-0.0015153356572414,0.1412709432282075,0.2571972071806222,8.072380996582252,62.93160964355016,30.352546504958436
3.31,31.221806286371823,131.01122149478368,91.32059077957815,-0.5807204364234039,-0.0671942226215162,-8.503965554174531,0.193349684355966,-29.049193334552804,9.13124978969841,62.9158602081367,45.26342394764918,25.30968329211602,0.2842427974213858,120.2061723286578,2403.358081810344,1.274,1.0152261864710463,0.0,11.337520647456774,300.0001285565649,0.1850777813233158,1.2805110417699598e-05,-0.7260057894089839,-0.0020021771875806,0.1406696415170921,0.5845948462176802,8.094346228983806,62.90530536674859,30.268968393971647
3.32,31.221804248047828,131.0112256100819,91.59485492493364,-0.9102825503965458,-0.0653077367801851,-8.01552051988876,0.2168487777412407,-28.49271467903985,14.457812250556888,62.86936913773807,45.25723059399118,24.893729279558947,0.2827486086639598,120.20263483279724,2399.744201654392,1.274,1.01522258502278,0.0,11.343224703156508,300.0001285565649,0.1849415931383331,1.305749096584396e-05,-0.7208729767542833,-0.0024763069571837,0.1395682225003424,0.9126220812481072,8.132213960843528,62.85911062465486,29.599499698108726
3.33,31.22180221087536,131.01122972291975,91.86795307842029,-1.2349661211940584,-0.0631446391936096,-8.102413346880684,0.2393714393010248,-27.82876842670881,14.457812250310203,62.83752949081063,45.26498855832919,24.48071732655464,0.2811696522330628,120.19883842577158,2397.2511764079345,1.274,1.0152191458357709,0.0,11.348909891524828,300.0001285565649,0.1848485016142091,1.3304814841641356e-05,-0.7134195336761096,-0.0029357071408007,0.1380515820979516,1.2365791315019097,8.18080159516784,62.82761075608828,28.985285109466293
3.34,31.221800172393927,131.01123383825683,92.14012467957468,-1.5536033381533785,-0.060733248218179,-8.505771627093246,0.2607878831598051,-27.04858567746709,11.414062987084892,62.80283111325953,45.27085799407936,24.07197696903909,0.2795166811291022,120.19480135791656,2394.541724589069,1.274,1.015215482241868,0.0,11.354570768133522,300.0001285565649,0.1847469980586161,1.3546007837075942e-05,-0.7036864177397719,-0.0033786887803674,0.1360894030416779,1.5547896821497016,8.241293340069056,62.793291158724486,28.35563697827198
3.35,31.22179813393131,131.01123795342247,92.4112094283006,-1.8650476646033545,-0.0580861539625313,-8.79702628926307,0.281005781881794,-26.15514025410664,9.131249789883594,62.76308896294027,45.272843211420856,23.668814266378305,0.2778001474765797,120.19054231075728,2391.449745328688,1.274,1.0152112480432598,0.0,11.360140630349935,300.0001285565649,0.1846306543075474,1.3780058272735458e-05,-0.691726022272301,-0.0038035124040774,0.1336881816852535,1.8659516608859903,8.31274647756018,62.75396481277501,27.596340291702198
3.36,31.221796095448823,131.01124206849852,92.68119398736944,-2.1680097467417787,-0.0552118957770989,-7.35329928859862,0.2999600593223964,-25.15543551569885,22.067187908284826,62.72135717272042,45.27362021775758,23.27250526005028,0.2760301766337593,120.18608039836728,2388.2085764107014,1.274,1.0152078071944584,0.0,11.365688250658264,300.0001285565649,0.1845084545942596,1.4006000119866444e-05,-0.6776002744207795,-0.0042085128147772,0.1308676588440878,2.1687123277196174,8.393372430305751,62.712684509754425,26.20986307574644
3.37,31.221794056854296,131.01124618367484,92.95006947855526,-2.4604806882208585,-0.0521009883492976,-8.868695244599909,0.3177122738529127,-24.07076494692899,8.370312724408958,62.702799386579045,45.296277246252,22.884290509409524,0.2742165211437268,120.18143509692824,2386.7338180298943,1.274,1.0152036734371397,0.0,11.37121335609677,300.0001285565649,0.1844544233841498,1.4222909458484916e-05,-0.6613796156975653,-0.0045921372118378,0.1276938011636717,2.4610319098376734,8.478344300562812,62.69461538359477,25.654559469241548
3.38,31.22179201625854,131.01125030276356,93.21799826581736,-2.743086011481698,-0.048813277193981,-8.13390236375608,0.3339412098231541,-22.871953234562152,14.457812250409887,62.65409692068664,45.29177410564178,22.50537021763344,0.2723685170450954,120.17662616419672,2382.9661912009983,1.274,1.0151992537887171,0.0,11.376715765000792,300.0001285565649,0.1843117122328107,1.442987116169182e-05,-0.6431343446596679,-0.0049530735489842,0.1240715083508949,2.743519961955586,8.57309225090772,62.64642934996268,24.277523126520403
3.39,31.22178997734881,131.01125441833787,93.48461126591742,-3.013023891886278,-0.0453221043790973,-6.772359679208185,0.3488355126264455,-21.59582921515392,25.87187623733368,62.62346342866972,45.304444317591454,22.136904299908856,0.2704950299572373,120.17167350207174,2380.5754913457768,1.274,1.015195118526102,0.0,11.38219880001194,300.0001285565649,0.1842221517621176,1.4626103998623752e-05,-0.6229592077817575,-0.0052898075135352,0.1201175424298307,3.0133644274137388,8.669599041518696,62.61634424990402,22.635511510225026
3.4,31.221787936598627,131.01125853751063,93.750225997463,-3.2691712202813106,-0.0416462338452523,-7.344466675482749,0.3623568436151256,-20.245622592373923,19.78437571097345,62.60869102220126,45.33238012032741,21.77999840126052,0.2686044882458992,120.16659724817688,2379.391702104765,1.274,1.0151915734361752,0.0,11.387605019846175,300.0001285565649,0.1841792480573978,1.4810808254783718e-05,-0.6009405824459648,-0.0056011967111191,0.1158416689238576,3.2694361889664445,8.76646438427161,62.6021492476624,21.539677977681855
3.41,31.22178589423359,131.0112626598332,94.01479899471936,-3.512046968329944,-0.0378245124225162,-7.459380988906791,0.3742759383895711,-18.808373027154587,17.501563513475535,62.57741847511393,45.34549993822424,21.43570867084153,0.266704825424025,120.16141758793664,2376.954819308314,1.274,1.0151875590971462,0.0,11.392971377565372,300.0001285565649,0.1840878024602221,1.4983240791882776e-05,-0.5771707140968402,-0.0058861724174082,0.1112012128004477,3.512250391017217,8.866481476409094,62.57147701502788,20.237029009820528
3.42,31.221783852130635,131.0112667815263,94.2781466020054,-3.7400064172014,-0.0338608013468386,-7.118648489530963,0.3846488640905117,-17.300515230439647,19.02343764541628,62.545876414536245,45.35876667901645,21.105038404235472,0.2648034853720511,120.1561547269663,2374.499062086259,1.274,1.0151842982160095,0.0,11.398316688586664,300.0001285565649,0.1839955609227641,1.5142767231352204e-05,-0.5517608688837105,-0.0061436342097255,0.1062493227123629,3.740159478641185,8.965895776490257,62.54055757260806,18.71178608003046
3.43,31.22178180910169,131.0112709049908,94.5403631266307,-3.9519340606793865,-0.0297693198600264,-6.323590460723626,0.393477254313223,-15.730781310849956,24.350000105820577,62.5183187430254,45.376119497473056,20.788927154831786,0.2629074441617044,120.15082889650216,2372.34727035814,1.274,1.0151799156950267,0.0,11.403637242395265,300.0001285565649,0.1839150376762721,1.5288789386461176e-05,-0.5248222531366982,-0.0063726751817134,0.1010148369063757,3.952046005115155,9.062619608095996,62.513642589407056,16.958776527639102
3.44,31.22177976508289,131.01127503036125,94.8014394637764,-4.146744780477364,-0.025565595684899,-8.234006382310422,0.4007725285475425,-14.107429336833524,5.326562460961882,62.49900269590073,45.40152170015131,20.488250760071832,0.2610232078059457,120.14546026824378,2370.821997525335,1.274,1.0151755935262334,0.0,11.408934944327418,300.0001285565649,0.1838587566888102,1.542076212330848e-05,-0.4964691552319231,-0.0065725232596277,0.0955256685836549,4.146823450848195,9.154638248209524,62.49498686165457,16.339493328047794
3.45,31.221777719623883,131.01127915855224,95.06140080861891,-4.326461752489566,-0.0212853580967489,-7.899285499275359,0.4062226741567904,-12.41799949592244,6.087500527076632,62.44491121505393,45.39458060670404,20.203819578699605,0.2591568257805395,120.14006890375175,2366.6607961611608,1.274,1.015170740334328,0.0,11.414194200633371,300.00012855656485,0.1837001708332404,1.5538193949842107e-05,-0.4668183869554973,-0.0067425293812666,0.0897405798453269,4.326514012548905,9.246839612973169,62.44156771889955,14.723126017962048
3.46,31.22177567592657,131.01128328310824,95.31996918108712,-4.487508830104495,-0.0169247412800971,-6.945451236618114,0.4101384204591336,-10.692196839288366,12.175000053360742,62.4028722927506,45.399172682174864,19.93637703691669,0.2573139125086322,120.13467470761628,2363.41652678673,1.274,1.0151675995006684,0.0,11.419379359392517,300.0001285565649,0.1835770374259107,1.5640728485348304e-05,-0.436012937292223,-0.006882075581275,0.0837600672531698,4.487540680726519,9.331358737863004,62.40021376064579,12.756589656105778
3.47,31.22177363090279,131.01128741026616,95.577394918084,-4.62934021088752,-0.0125043000565464,-6.911217174275708,0.4125097612245741,-8.934843678458375,9.89218785568542,62.37077916728634,45.41329706362846,19.68658464970857,0.2554996705506671,120.12929738723184,2360.927720173756,1.274,1.015163601470227,0.0,11.424536734075902,300.00012855656485,0.1834831596039852,1.5727999079251343e-05,-0.4041767075870207,-0.0069907892502605,0.0776023292875007,4.629357061760126,9.407394386121108,62.36881499644213,11.303385275730305
3.48,31.221771585031696,131.01129153906547,95.8336268102152,-4.752653744326258,-0.0080467534572674,-5.4084566056761885,0.4132213862551634,-7.146160335459992,20.545312777233416,62.33161228615504,45.42086439161461,19.455032937619404,0.2537189153209764,120.12395638591256,2357.905347965568,1.274,1.015159602761213,0.0,11.42967131789406,300.0001285565649,0.1833684690370134,1.5799701499907654e-05,-0.3714369498926616,-0.007068404866455,0.071269721990864,4.752660540699679,9.476527119613708,62.33034830508187,8.97160868014442
3.49,31.22176953923736,131.01129566764615,96.08858395334656,-4.855106592385204,-0.0035653344701949,-6.367724359451342,0.412474295039757,-5.341873699796045,9.131249789869736,62.31175663464344,45.446753353576256,19.24223951301515,0.2519761090981951,120.11867085061247,2356.345572157361,1.274,1.015156338005936,0.0,11.434782089384932,300.0001285565649,0.1833105855184689,1.5855621713785126e-05,-0.3379326833257967,-0.0071147585714145,0.0648188226344653,4.855107898347087,9.534051348372254,62.31119659321484,8.321878585186836
3.5,31.221767491367824,131.01129980035927,96.34243121928228,-4.939672548086192,0.0009165850769375,-7.058600202743306,0.4099649162149918,-3.515005840844025,1.002621973242412e-09,62.266957910943766,45.449057903228606,19.048642344959703,0.2502753906030713,120.11345958013924,2352.901160053352,1.274,1.0151524809311248,0.0,11.43986743489124,300.0001285565649,0.1831793208840745,1.5895562420607183e-05,-0.3037901964377522,-0.007129817529164,0.0582266418557969,4.939672632914266,9.585935796476518,62.267101887790965,7.896022677010409
3.51,31.22176544468364,131.01130393062556,96.59490766827524,-5.004936592488972,0.0053854914880422,-4.070555009973895,0.4058340802832769,-1.6795096894289936,23.589064040339608,62.213378031089135,45.442998352908354,18.87460703612,0.2486206210378147,120.10834100718036,2348.7965678380338,1.274,1.0151479700063744,0.0,11.444897537349265,300.00012855656485,0.1830222198465101,1.5919461139830607e-05,-0.2691620513701623,-0.0071136702217393,0.0515439151620263,5.004939482605725,9.629283389740696,62.21422398211263,4.4220891201816395
3.52,31.221763398148607,131.01130806054215,96.84609387961996,-5.046493805327563,0.0098201767904626,-3.213697336822917,0.4004918864285371,0.1463895523803385,28.15468843474305,62.20459680553657,45.479399763298346,18.72041178850795,0.2470153985385782,120.10333310033796,2348.076817780832,1.274,1.0151446219750992,0.0,11.449869180818183,300.00012855656485,0.1829969063936198,1.5927293045102888e-05,-0.2341928486379858,-0.0070665511491843,0.0448399793649792,5.046503335338081,9.655565241873452,62.20613935529211,3.2418627708223418
3.53,31.22176134804185,131.01131219763317,97.09627031332352,-5.068167531110223,0.0142036464953718,-4.74511273435395,0.3936044116218179,1.9695850371833747,11.414062987273452,62.19043328557104,45.5105960683168,18.586251961796822,0.2454630976920869,120.0984533291544,2346.9511693352374,1.274,1.015141538916417,0.0,11.454815417538912,300.0001285565649,0.1829557567353158,1.5918999290018808e-05,-0.1989967788025012,-0.0069887417181976,0.0380915347375667,5.068187382143389,9.672148061172887,62.19266438912239,5.152696819459962
3.54,31.221759297520062,131.01131633552654,97.34519294818688,-5.071984077453353,0.0185261652781006,-3.972041068343568,0.3850373992267701,3.785530849398972,15.218750316620948,62.14582175998564,45.51265628190633,18.47225747737612,0.2439669434984483,120.09371873541176,2343.5291387027696,1.274,1.015137209704014,0.0,11.459741770227623,300.0001285565649,0.1828250301293985,1.589465777415537e-05,-0.1637167862332779,-0.0068806747741733,0.0313150844287002,5.072017823682305,9.682784358801149,62.148731843171774,5.50050978175319
3.55,31.221757247989324,131.01132047138432,97.5927590956188,-5.054292002174141,0.0227621995462259,-3.289973342032938,0.3751574112033047,5.579599083169772,18.26250057902384,62.11712496186952,45.52962209677271,18.37847636104247,0.2425300133094911,120.08914580388232,2341.309548424292,1.274,1.0151343707799672,0.0,11.464643433668256,300.0001285565649,0.1827411192043013,1.5854449414888236e-05,-0.1285095498659382,-0.0067429714411114,0.024568850944722,5.054343124118432,9.680411592428662,62.120700439719165,6.488188776798738
3.56,31.221755196515257,131.01132461114275,97.83919014584175,-5.016250655183192,0.0268971459971931,-2.701410241165652,0.3639179061545351,7.347997143532335,20.54531277670896,62.09156792514247,45.54931353840815,18.30486687904125,0.2411552439683394,120.08475034367603,2339.3278949385985,1.274,1.0151294273783893,0.0,11.469518385847564,300.0001285565649,0.1826664422939136,1.57985365698073e-05,-0.0935043683251359,-0.0065762740828139,0.0178686740565699,5.016322581603719,9.667140678759395,62.095792918800655,7.837290064483636
3.57,31.22175314430544,131.01132875236638,98.08439732965304,-4.958171889784332,0.0309151167971487,-2.123936121995969,0.3513609599521187,9.084716613237726,22.82812497364794,62.06827643412474,45.57087882137032,18.251313208497823,0.2398455001793702,120.08054756162076,2337.518041392498,1.274,1.0151252594096192,0.0,11.474337479017386,300.0001285565649,0.182598427443239,1.5727154187913566e-05,-0.0588358204025343,-0.0063813538015926,0.0112390357558026,4.958268028877489,9.643407535071477,62.073132569079846,9.336307359836399
3.58,31.221751091084126,131.01133289561733,98.32840502800488,-4.880328315915698,0.0348002628694368,-1.8165033394212684,0.3375408806251757,10.783754988378856,22.828124974252823,62.0476795435885,45.59468045615103,18.21762242344269,0.2386035909689935,120.0765519987482,2335.912082618548,1.274,1.0151219898999724,0.0,11.479104401766632,300.00012855656485,0.1825383369988592,1.5640592482611576e-05,-0.0246375231935241,-0.0061590886656813,0.0047046784730346,4.880452089628631,9.609569378121662,62.05314595576108,10.940886155956825
3.59,31.2217490367216,131.01133704116276,98.57122755292863,-4.783389238893043,0.0385395783274937,-2.806028335282764,0.3224910795582515,12.439091672133795,11.414062987151125,62.02597542384059,45.61702743411756,18.20352504263049,0.2374322911962243,120.07277748619222,2334.223641172636,1.274,1.015119333090276,0.0,11.4838480059884,300.00012855656485,0.1824749864083722,1.5539192793631108e-05,0.0089595044178146,-0.0059104542022288,-0.0017102311089999,4.783544131442499,9.566749269112346,62.0320292061914,12.755735852648906
3.6,31.221746981443896,131.01134118854975,98.81285430569636,-4.669148649260039,0.0421302559041109,-2.7891972238651586,0.3061792106588203,14.043092208991448,9.131249789899812,61.98529708831552,45.62084884769832,18.208676517858976,0.2363343611889259,120.06923711005476,2331.1087549752647,1.274,1.0151162058471854,0.0,11.488568570011852,300.0001285565649,0.1823558123726472,1.542335347004434e-05,0.0418250166740621,-0.0056365385425758,-0.0079783286948162,4.669338297496983,9.518321004623528,61.99191489284127,14.320677555649839
3.61,31.221744926720145,131.01134533480993,99.05318502514926,-4.536433047166809,0.0455466637093482,-2.366712720824212,0.2888037420889726,15.590195991409768,10.65312492150812,61.94734777371366,45.62679375241398,18.232657675323445,0.2353125567407948,120.06594315940536,2328.2014382880084,1.274,1.0151130577468443,0.0,11.493265887689308,300.0001285565649,0.1822446636017132,1.529355336539057e-05,0.0738231430842538,-0.0053386160469887,-0.0140731825520754,4.536661212094664,9.461750682564306,61.95450222616538,15.771459911971528
3.62,31.22174287128517,131.01134948250652,99.29232064329535,-4.385748134193554,0.0487744236353403,-2.821044717269985,0.2704386198314632,17.07539182726188,4.565625395406824,61.91339684168821,45.63604036630114,18.274971501227537,0.2343696146277166,120.06290701673392,2325.596634863823,1.274,1.015109991012425,0.0,11.497938010098547,300.0001285565649,0.182145274754857,1.5150285512020571e-05,0.1048336669649554,-0.0050179548780119,-0.0199734225101848,4.38601880899866,9.39773994362673,61.92105830931167,17.308969824875625
3.63,31.22174081533029,131.01135363125624,99.5302562935886,-4.218810222524003,0.0518127201880318,-2.701774949617412,0.2510891466054558,18.491253316584448,3.8046873295394334,61.86853082432896,45.6343658686442,18.33505210225339,0.2335082845888927,120.06013920593558,2322.174170412723,1.274,1.0151076191318549,0.0,11.502569569467676,300.0001285565649,0.1820137713295992,1.4994086441173535e-05,0.1347412109811784,-0.0046758959705896,-0.0256523635799462,4.219127800657047,9.32952000629932,61.87666954627496,18.689277215987207
3.64,31.221738759955898,131.011357778835,99.76692143048356,-4.035392172724188,0.0546406361760266,0.8066546367490496,0.230900498344208,19.834237920447112,33.481249895136465,61.82592630299519,45.63431337351615,18.41226747953757,0.2327313314542177,120.05764936769512,2318.9242291474206,1.274,1.01510391770523,0.0,11.507136140916408,300.0001285565649,0.1818889177992014,1.4825561926139317e-05,0.1634280756854839,-0.0043139452869774,-0.0310917056070771,4.03576147071094,9.256198069709992,61.83450923275412,19.851977247317873
3.65,31.22173670430685,131.0113619269764,100.00238988441352,-3.8332094976203535,0.0572047740858221,-1.1775647967848466,0.2101188885502129,21.110671379129805,14.4578122505677,61.8337401845908,45.6816173195457,18.50591820433512,0.2320415077978658,120.05544616121794,2319.457870954399,1.274,1.0151006861524416,0.0,11.511678328129856,300.00012855656485,0.1819123900677556,1.464533935953554e-05,0.1907887464570234,-0.0039336009841549,-0.0363007568486488,3.833635683666583,9.171855696642831,61.84272588799885,21.144532505486207
3.66,31.22173464460656,131.01136608332988,100.23695348010637,-3.619479382605245,0.059581926381481,-1.735420201115793,0.1884434101515547,22.29613422345716,8.370312724191336,61.793147025619845,45.68225644691795,18.6152444012914,0.2314415640411655,120.0535373009757,2316.361195234301,1.274,1.0150982315136965,0.0,11.516197547980676,300.0001285565649,0.1817934486470621,1.4454007447577112e-05,0.2167425786755055,-0.0035361040496947,-0.0412109054532637,3.619969099797071,9.092314516695644,61.80250613104337,22.36436441090352
3.67,31.22173258768352,131.0113702340724,100.47011927535516,-3.3918724104013926,0.0617215448571682,-0.6131602311604212,0.1661668058451643,23.395213101932228,17.501563513809067,61.75315905753956,45.682824173041325,18.73943997016877,0.2309343105536189,120.05192975685524,2313.312309581296,1.274,1.015095899371113,0.0,11.52069940144928,300.0001285565649,0.1816762841830197,1.4252349049236524e-05,0.2411725674387464,-0.0031233955859007,-0.0458252612598555,3.3924332780814197,9.011627530132293,61.762854253259,23.40383671454881
3.68,31.22173052986124,131.0113743866493,100.70217294823388,-3.150359882163424,0.0635972463975239,-0.8849682434531123,0.1434170118845505,24.409461288234457,14.457812250410903,61.73208167910928,45.7006709872032,18.877631796992308,0.2305224415708915,120.05062925955896,2311.681819592827,1.274,1.0150919096475244,0.0,11.525174427608588,300.00012855656485,0.1816147514584267,1.4041110726757327e-05,0.2639897686754726,-0.0026971542804469,-0.0501425232127066,3.1510010980809184,8.928512582860428,61.74207150916149,24.425919381121258
3.69,31.22172847052196,131.01137854231408,100.93317664972264,-2.8975461122311894,0.0652306926033043,-1.268509972225623,0.1202011837632174,25.327734332616032,10.65312492156489,61.70093104762597,45.7082672595272,19.02889580388276,0.2302085877823306,120.0496405053662,2309.298082841812,1.274,1.0150890038874327,0.0,11.529628109411682,300.0001285565649,0.1815235808380077,1.382104379665964e-05,0.2851181468744942,-0.0022589666221274,-0.0541271413046365,2.898279642774625,8.848518598770081,61.71117745864603,25.359765225604725
3.7,31.22172641158581,131.01138269717964,101.16300089643728,-2.634114161554358,0.0666113063575352,-2.3609315970766542,0.0966357278598841,26.147873640902144,0.7609370659767893,61.665214091430045,45.71087015466277,19.19226434589844,0.2299953196178328,120.048967232848,2306.574272191765,1.274,1.0150869164313627,0.0,11.534019894016383,300.0001285565649,0.1814189732027174,1.359297616791214e-05,0.3044778042861057,-0.0018106684581113,-0.0577676621996663,2.6349556648501253,8.77220407078262,61.67567736860794,26.254421197401385
3.71,31.22172435254564,131.01138685227403,101.39169899712948,-2.3614771014340428,0.0677453388808127,-1.9409081842496567,0.0728136493524763,26.86341771339019,4.565625394793152,61.61514081523709,45.699201466471536,19.366724008678023,0.2298850646369549,120.0486120533396,2302.7791583302155,1.274,1.0150838258401176,0.0,11.538374535487272,300.0001285565649,0.181272126334423,1.335775766561899e-05,0.321998692664747,-0.0013540888321241,-0.0610408969565248,2.362448080386342,8.702265936115516,61.625782225704754,26.933541127213577
3.72,31.2217222945236,131.011391005325,101.61920021253404,-2.079599804634285,0.0686008436647819,-0.7766060602491446,0.0488643600036127,27.48062659796346,15.218750315900497,61.57717128418463,45.69825762494043,19.55122124361384,0.229880080442642,120.04857645709228,2299.891571236978,1.274,1.0150805710733877,0.0,11.542707839125065,300.00012855656485,0.1811608856422002,1.3116279266874108e-05,0.3376166416515473,-0.0008911515623083,-0.0639607320993521,2.0807304862537044,8.636278814673988,61.587947076934384,27.491641328141743
3.73,31.221720235834937,131.01139515974566,101.84565147118664,-1.7896316362289528,0.0691704371191941,-2.025672537679055,0.0248606184069779,27.999550894519377,4.565625394872903,61.55513792673965,45.71160924496631,19.74466574468577,0.2299823992021536,120.0488607538309,2298.1959082257467,1.274,1.0150784009806275,0.0,11.547018464495128,300.00012855656485,0.1810965267922041,1.2869416994209392e-05,0.3512820822425837,-0.0004235977924819,-0.0665243577114688,1.7909674443409616,8.574960105279555,61.566003190955335,28.07274154006045
3.74,31.22171817615853,131.01139931618684,102.0710968973791,-1.4940014726766964,0.0694969272088492,-2.0132361455729404,0.0008914283820963,28.404308618131928,5.326562461318733,61.50935529030147,45.70183427926314,19.945938805558704,0.2301938317690723,120.0494641913202,2294.728758710884,1.274,1.015075452611844,0.0,11.551309195542348,300.0001285565649,0.1809622944927486,1.2618061852759688e-05,0.3629526780036592,4.685187592222872e-05,-0.0686818748844295,1.4956166382377072,8.524897415358527,61.52027183942297,28.47556616902585
3.75,31.22171611814141,131.01140346928622,102.2953438877542,-1.1928762423380748,0.0695453881541146,-0.5678154468293161,-0.0229389950513288,28.70487330993281,19.02343764467724,61.47098497963446,45.69830646440719,20.153897460215,0.2305159308642953,120.05038495794852,2291.8172379023304,1.274,1.0150712956083277,0.0,11.555580868424784,300.0001285565649,0.1808498663915515,1.236317838692523e-05,0.372587137425859,0.0005181766592528,-0.070459510379959,1.1949014987499542,8.482763655242131,61.48190914097783,28.71049794619461
3.76,31.221714059592617,131.01140762348157,102.51858346347366,-0.8872693643029445,0.0692989883330997,-0.3347513453962712,-0.0465734897091561,28.906706917514725,22.06718790753328,61.45538080090428,45.71541846605752,20.367375097926704,0.2309498787789549,120.05161998171972,2290.60464277598,1.274,1.0150682644274285,0.0,11.559829833736847,300.0001285565649,0.1808044146176918,1.2105701281469924e-05,0.3801582084079018,0.0009886037629369,-0.0718714734109512,0.8899712864613136,8.447302012082362,61.46626625788269,28.90868264671156
3.77,31.221711999541903,131.01141178073755,102.74091475415928,-0.5790017119559653,0.0687880158641373,-2.4207349507606746,-0.0699098676057146,29.000013894498675,4.565625395121615,61.43730761923173,45.7294779327656,20.58518949444204,0.2314964975561546,120.05316507827946,2289.208595700024,1.274,1.015065294313788,0.0,11.56401335007508,300.0001285565649,0.1807516968267676,1.1846555466020336e-05,0.3856470517700669,0.0014564832758956,-0.0728861753816105,0.5830734194775192,8.422594124708844,61.44811281290068,29.100956186567807
3.78,31.22170993937121,131.0114159382536,102.96224451228449,-0.2694447633997222,0.0680474427939811,-3.065278839575784,-0.0927828198832641,28.97361574420844,0.0,61.3882024576,45.71372725186318,20.806147629611548,0.2321562292934767,120.05501501324927,2285.50197907706,1.274,1.0150622213912934,0.0,11.568172293086787,300.0001285565649,0.1806076788276727,1.1586707626962908e-05,0.389039827094527,0.0019199927083366,-0.0734670669871508,0.2779044815380131,8.412926814408753,61.39889132240605,29.135458676826417
3.79,31.22170788107788,131.01142009198253,103.18242300606803,0.0406940975724423,0.0670436469509122,-1.498830315790112,-0.1151457770346591,28.8410612458662,15.218750316220843,61.34138297387745,45.6994155589344,21.029048555299823,0.2329290497714288,120.05716337709732,2281.968753002684,1.274,1.0150582669791444,0.0,11.572312501354986,300.0001285565649,0.1804703823749805,1.1327165318730415e-05,0.3903312403299519,0.0023771269192916,-0.0736531618270373,0.0784274149660736,8.41401166737892,61.35191416291076,28.880210606110644
3.8,31.221705822808968,131.01142424567612,103.401621016319,0.3501089554626584,0.0657530875511134,-0.9647016118238544,-0.137002917582239,28.613550933893823,21.30624984269792,61.3228800700276,45.71083588535816,21.252688301407016,0.2338143807698001,120.05960246359923,2280.5442004264687,1.274,1.015054742284907,0.0,11.576431173975536,300.0001285565649,0.1804163926874949,1.1068890250684149e-05,0.3895267310048101,0.002826172393466,-0.0734776351049918,0.3562298350865591,8.422335381191452,61.333208538600566,28.63013650064941
3.81,31.22170376299215,131.01142840251677,103.6199927801526,0.6574310242790308,0.0642112546322962,-1.7155801057784317,-0.1582181007753732,28.28207886905625,15.97968838186588,61.30620722663263,45.72321651844396,21.47586601678358,0.2348111093435388,120.06232343542956,2279.2563779253346,1.274,1.0150517704792994,0.0,11.58053150568558,300.0001285565649,0.1803677852336279,1.0812807238874802e-05,0.3866380028458309,0.0032656365388116,-0.0729113638628657,0.6605591994330037,8.44126323978089,61.316293504812826,28.334506052202034
3.82,31.22170170305852,131.01143255960343,103.8374362367002,0.9616501251300134,0.0624398897012265,-2.809277329183298,-0.1786543020416135,27.843132655896564,7.609375658194947,61.27728019502679,45.72346295444207,21.69738755240775,0.2359175927133785,120.06531643843256,2277.058328770644,1.274,1.0150484703147489,0.0,11.584616381499847,300.0001285565649,0.1802831227539827,1.0559868157039982e-05,0.3816844321025865,0.0036938745162187,-0.0719417627350616,0.9636749124513072,8.472285562615033,61.28708822802423,27.985067313940032
3.83,31.221699643628067,131.0114367156781,104.0539140305852,1.261744974065864,0.0604447556186339,-2.535780181773161,-0.1982205068881847,27.29980965240498,11.414062986761497,61.237384718349176,45.71282952242362,21.916069865443006,0.2371315842118243,120.06857049795704,2274.0468984489926,1.274,1.0150464817955984,0.0,11.588683892341429,300.0001285565649,0.1801661876873721,1.0311029807703144e-05,0.3746950158479319,0.0041092013328765,-0.0705769118922826,1.2631917342359469,8.51462921298934,61.246879356598,27.418042956366683
3.84,31.221697584892024,131.01144087035092,104.26942537199696,1.5562078099571688,0.0582119102178425,-3.967904325653129,-0.2169365801149268,26.66308585674437,0.0,61.208688789757446,45.711966027736565,22.13074653096264,0.2384501884476424,120.0720734858235,2271.869040037076,1.274,1.0150449646691029,0.0,11.592700225705558,300.0001285565649,0.1800822002940929,1.0067230228145368e-05,0.3657078081631972,0.0045100053229226,-0.0688503898168971,1.5572959066725367,8.564479092871283,61.21783269365893,26.957586568931767
3.85,31.22169552558315,131.0114450261848,104.48410002861772,1.84464878700105,0.0557827444388971,-2.662006901985273,-0.2345786240579025,25.92467356321585,12.935938118883108,61.1587559749134,45.69078100727072,22.340272933234,0.2398698463056571,120.07581215986268,2268.117007877738,1.274,1.0150422376983737,0.0,11.596680182213357,300.0001285565649,0.1799357295547485,9.829360171158364e-06,0.3547653446849797,0.0048948870506408,-0.0667344299255393,1.845491746597068,8.625357381597397,61.16751830653544,26.062041501700993
3.86,31.221693468239984,131.01144917803683,104.6977272114804,2.1246983911083945,0.0531205093126437,-2.460916802947051,-0.2513327828817602,25.105190296595502,15.979688382004428,61.13712572905992,45.69518943703613,22.54352882261262,0.241386354201736,120.0797722746048,2266.466352953856,1.274,1.0150399000458914,0.0,11.600644687269757,300.0001285565649,0.17987252542195,9.598323701826825e-06,0.3419238051834398,0.0052623251684371,-0.064294755682864,2.125362027540462,8.689352592867477,61.1454698779551,25.226768709191653
3.87,31.221691409255868,131.0114533332049,104.9106490199145,2.396050198032796,0.050265460608468,-2.166314737352817,-0.2669958209724645,24.1975761653622,19.78437571090957,61.1134666613834,45.69709493044276,22.739426153403105,0.2429948206159545,120.0839385289828,2264.666120273527,1.274,1.0150370904577488,0.0,11.60458984807316,300.0001285565649,0.179803350507174,9.374939874798591e-06,0.327235667990468,0.0056111625594177,-0.0615077515519362,2.396577078873272,8.759484861052755,61.12136234045942,24.295820599193465
3.88,31.221689350759327,131.0114574873761,105.12268961820033,2.657464423472025,0.0472234089264916,-3.314187732074516,-0.2815523690198648,23.20800474165699,10.653124921580096,61.09461574141901,45.70284076072237,22.92690693877348,0.2446897272946073,120.08829475182372,2263.223048283116,1.274,1.0150343215609003,0.0,11.608521982447389,300.00012855656485,0.1797483196668266,9.160033593132223e-06,0.3107661954117106,0.0059401379853282,-0.0583929133902055,2.6578836718361907,8.833566397525425,61.10203357630722,23.44514013924223
3.89,31.221687291788808,131.01146164249266,105.33395218151236,2.908917029188637,0.0440244873508169,-4.62159100280636,-0.2948122518229262,22.134629015360595,0.0,61.05838486971565,45.69198598658289,23.104950593556463,0.2464649033009213,120.09282386682892,2260.493575656161,1.274,1.0150329677606664,0.0,11.612437842980126,300.0001285565649,0.1796421527784495,8.954387843753713e-06,0.2925850867141238,0.0062481062960723,-0.0549429665275243,2.909249864249024,8.913487151614742,61.06530021933715,22.61388554204449
3.9,31.221685234050444,131.01146579509813,105.54429190150142,3.149451980854324,0.0406762772119029,-3.696777564867892,-0.3067450342220385,20.98469177621732,9.13124979000795,61.0094853509595,45.6689408226183,23.27257646496424,0.2483135506444311,120.09750796247748,2256.828644889096,1.274,1.0150305061083784,0.0,11.616339335182278,300.0001285565649,0.1794987105228894,8.758771470400082e-06,0.2727755468971958,0.0065339051353033,-0.0511809817939276,3.1497143795071527,8.997346919515513,61.015874765106,21.31003392355285
3.91,31.22168317752641,131.01146994522497,105.75372207052492,3.3765122208113967,0.037168085517592,-2.8461216666841174,-0.3175409144885106,19.771865981496138,17.50156351336199,60.982024077066114,45.66514460418239,23.42885157990392,0.2502282550679848,120.1023283200068,2254.751996655544,1.274,1.0150272645444631,0.0,11.62021998098432,300.0001285565649,0.1794183403014089,8.573903059400306e-06,0.2514260254279391,0.006796510690672,-0.0471529782465177,3.376716547812455,9.078933392292669,60.98786242587714,19.978186233094014
3.92,31.2216811201362,131.01147409707727,105.96245383423532,3.589739480679743,0.0335244638747174,-1.7271469364187513,-0.3270962845050854,18.49706072223289,28.154688434825168,60.963571740148886,45.66918472674024,23.57289365051849,0.2522010346828179,120.10726551867349,2253.3424263226407,1.274,1.015024022539022,0.0,11.624038309203568,300.0001285565649,0.1793644740023186,8.400421038540723e-06,0.2286180439209422,0.0070351330344851,-0.0428616857837032,3.5898958143493567,9.158740570988943,60.96883775031963,18.58040053070139
3.93,31.22167906258504,131.0114782492232,106.17043420027656,3.788057975889047,0.0297584897024299,-3.3287830003313243,-0.3354205455570433,17.165489488842187,14.457812250455508,60.95842859132623,45.68498518604299,23.70386709496947,0.2542234073761371,120.11229956803064,2252.917148535331,1.274,1.01502145734843,0.0,11.627843904166456,300.0001285565649,0.1793497637560125,8.238933914131445e-06,0.2044417790522816,0.0072490095021575,-0.0383250793446324,3.7881746931386977,9.234903908173091,60.96310304374762,17.488491432860304
3.94,31.22167700396652,131.01148240349065,106.37776258030146,3.973325964543145,0.0259074044394102,-4.318967386520892,-0.3421787485614811,15.7752573256566,6.087500526502836,60.92440283845901,45.67383870168059,23.82098800544808,0.2562864314525996,120.11740996922587,2250.3578872392145,1.274,1.0150183992802964,0.0,11.631635799639264,300.0001285565649,0.179250074529554,8.089999268729125e-06,0.1789894067171913,0.0074374719352385,-0.0335343268389648,3.9734102906481112,9.31256963926544,60.92847236389336,16.35937985598722
3.95,31.221674947160885,131.01148655405143,106.58416979354196,4.143649748138982,0.0219722602925483,-2.3077890923532225,-0.3475107083972752,14.337637976682212,24.35000010567156,60.88410708624506,45.656565733366776,23.923525282955392,0.2583807630768531,120.12257579574504,2247.337433198719,1.274,1.0150140885846175,0.0,11.635415808102069,300.00012855656485,0.179131935511151,7.954164936587207e-06,0.1523752957313616,0.0075998383905137,-0.0285286262599767,4.143707901565551,9.387354871259936,60.88755848073635,14.526338731340228
3.96,31.2216728908582,131.01149070355012,106.78979127339224,4.295583437062528,0.0179524905866298,-3.702401839304245,-0.3517283404320326,12.862792506042345,12.175000052851152,60.87926855121234,45.6714506847602,24.010813369065385,0.2604967166537664,120.1277757833074,2246.935788666781,1.274,1.015011296479876,0.0,11.639179021872543,300.0001285565649,0.1791181160710205,7.831897469803359e-06,0.1247085232004863,0.0077356149839749,-0.0233463679298747,4.295620880921694,9.451914823600225,60.88208852179323,13.389657324167995
3.97,31.22167083242048,131.01149485731213,106.99489622121412,4.433084425023221,0.0138888863301025,-3.035356390255634,-0.3543179619393144,11.348969336216264,18.26250057944421,60.84385296609968,45.65798393677267,24.0822492081151,0.2626243521051127,120.13298846378632,2244.278010449545,1.274,1.0150083397771004,0.0,11.642927910173256,300.0001285565649,0.1790143319521677,7.723570097508156e-06,0.0960821707286553,0.007844476788769,-0.0179764820650805,4.433106138529125,9.515402164125527,60.84603462724137,11.753213799995113
3.98,31.221668776335825,131.0114990062629,107.19905072586089,4.552383341015399,0.0097808103079413,-3.2131440446057864,-0.3556478171357553,9.806873568084676,16.740624447841906,60.825584244643295,45.65993743505148,24.13728306547057,0.2647535492111728,120.13819225382962,2242.8864326588728,1.274,1.015005341634564,0.0,11.646667381017764,300.0001285565649,0.1789609949216754,7.629565613588719e-06,0.0666229472900145,0.007926090321946,-0.0124608247881739,4.552393825935058,9.569728834716589,60.82712061072631,10.32596480730091
3.99,31.221666718967928,131.011503157745,107.40261983179984,4.654719999394437,0.005650709725535,-5.089997502548047,-0.3555423629700012,8.240685537730426,6.913925876261826e-10,60.80143787962957,45.65626079397557,24.17543782503232,0.2668740993471003,120.1433656033101,2241.0621338205187,1.274,1.015002302036626,0.0,11.650381888019618,300.0001285565649,0.17889036322289,7.550159534729655e-06,0.0364370514595471,0.0079802939935948,-0.0068121660735295,4.654723421751836,9.617737400377155,60.80232549103619,9.69243948031511
4.0,31.221664662257776,131.01150730783186,107.60541760758068,4.741456968529674,0.0015153156367308,-5.079447188161366,-0.3538420787075831,6.657970776875287,5.028320503139836e-10,60.750121649505054,45.62752512148466,24.19629721007342,0.2689757838349761,120.14848707449156,2237.2371685205326,1.274,1.0150000015428002,0.0,11.65404602502436,300.0001285565649,0.1787397901135252,7.485592396218077e-06,0.0056440210386328,0.0080070053098171,-0.0010542787460936,4.74145721011552,9.662199403391156,60.75035967472864,8.381799497703929
4.01,31.22166260773924,131.01151145342217,107.80729515345688,4.809573633711024,-0.0026151190815155,-5.063188953248214,-0.3508541849596104,5.065612316134558,0.0,60.70828955411512,45.60729091601794,24.199513437753943,0.2710484702764419,120.15353548313732,2234.113734881292,1.274,1.0150000015428002,0.0,11.657696278504964,300.0001285565649,0.1786171188635569,7.436061273519076e-06,-0.0256236964241408,0.0080062655174596,0.0047830069892457,4.809574343002271,9.69693375636621,60.70787877217053,7.1707328197871485
4.02,31.22166055327816,131.01151559882086,108.00846830551627,4.859588265877316,-0.0067235183329574,-5.042315597514524,-0.3465264355914927,3.469496712653979,0.0,60.66656296798331,45.58700248760866,24.18481462192073,0.2730822221395985,120.15849006621217,2231.0004544865023,1.274,1.0150000015428002,0.0,11.661329968378098,300.0001285565649,0.1784947560651045,7.401665005291635e-06,-0.0572512123226624,0.0079782300705458,0.0106791554615207,4.85959290590271,9.723035678058071,60.66550684019568,6.130451418502455
4.03,31.221658499858005,131.0115197420373,108.20884173162194,4.891386454484369,-0.0107945828544495,-5.018348438655398,-0.3408855934948007,1.8756454517437944,0.0,60.624947310620335,45.56669409517564,24.151994698727105,0.275067368383811,120.16333054265074,2227.897728876841,1.274,1.0150000015428002,0.0,11.664950979470888,300.0001285565649,0.1783727174763981,7.382451601556105e-06,-0.0891187196845228,0.0079231568419981,0.0166117263668916,4.8913983365612586,9.740253645682712,60.62325170152066,5.368246445558787
4.04,31.221656447316143,131.0115238833956,108.40843290534973,4.904919262713618,-0.0148132281798468,-4.99283479086105,-0.3339629603722291,0.2900127721313242,0.0,60.58344084734453,45.546397242446986,24.10091625266806,0.2769945950914715,120.16803724303378,2224.8054088050526,1.274,1.0150000015428002,0.0,11.668557595911963,300.0001285565649,0.1782509980343116,7.378408576974198e-06,-0.1211064081112552,0.0078414030800501,0.0225583418247091,4.904941576529363,9.748446938810586,60.58111399092916,5.012388444218224
4.05,31.22165439564977,131.01152802289687,108.6072424429782,4.9002069735908975,-0.0187646545385045,-4.9673191258569975,-0.325794213047749,-1.2815335988558405,0.0,60.54204390663615,45.52614306326858,24.031510515412247,0.2788550277140129,120.17259121492846,2221.7235004838285,1.274,1.0150000015428002,0.0,11.672150132279109,300.0001285565649,0.1781295987119256,7.389463322803903e-06,-0.153094855493801,0.0077334233147043,0.0284967597361856,4.900242814122944,9.747586053665078,60.53909636164658,5.140304420202808
4.06,31.221652344854704,131.01153216054553,108.80527006623394,4.87733778378173,-0.0226343930083142,-4.943314800277697,-0.3164192260981023,-2.833229339803923,0.0,60.5007566758653,45.505962199199786,23.943777143066686,0.2806403082966284,120.17697432412396,2218.651999949131,1.274,1.0150000015428002,0.0,11.67572859958826,300.00012855656485,0.1780085200653332,7.415483700685606e-06,-0.1849654492973172,0.0075997668148613,0.0344049512205851,4.87739017659833,9.737751625131018,60.497201273818106,5.706458694603408
4.07,31.22165029492544,131.01153629634845,109.00251461123752,4.836467104697702,-0.0264083536262256,-4.9222767637271145,-0.3058818890145674,-4.359430214666963,0.0,60.4595794721094,45.48588469009466,23.8377837516898,0.2823426664570948,120.1811693487696,2215.59091294201,1.274,1.0150000015428002,0.0,11.67929299281174,300.0001285565649,0.1778877630304775,7.456278881980488e-06,-0.216600793114011,0.0074410747665614,0.0402611753457671,4.836539031037454,9.719132990049536,60.45543125776899,6.582325126071048
4.08,31.221648245855192,131.0115404303155,109.19897404838557,4.7778043349584935,-0.0300728438901833,-4.905575430177185,-0.2942299536624121,-5.854618705832077,0.0,60.41847522033424,45.46593986566016,23.7136652198253,0.2839549831036981,120.18516006565342,2212.5375067570108,1.274,1.0150000015428002,0.0,11.682803623672994,300.0001285565649,0.1777672185240169,7.511600423054496e-06,-0.2478851062307,0.0072580771589347,0.0460440236039869,4.777898758019558,9.692024811222788,60.413751389279234,7.643808066498604
4.09,31.22164619763589,131.0115445624591,109.39464549030323,4.7016467756277,-0.0336146929781915,-4.894472963124926,-0.2815147690058356,-7.313441873526531,0.0,60.37747686132669,45.446156300923406,23.57162276206976,0.2854708460064467,120.1889313277862,2209.494180905901,1.274,1.0150000015428002,0.0,11.686294693646795,300.0001285565649,0.1776469834655294,7.5811436047413075e-06,-0.2787044974326698,0.0070515898249655,0.0517325435868273,4.701766669345262,9.65682907557117,60.37219667800395,8.80463220068735
4.1,31.22164415025832,131.0115486927944,109.58952520675552,4.6083462484834685,-0.0370212233825277,-4.890100731858516,-0.2677911264939317,-8.730712813900176,0.0,60.33659039374829,45.42656158011327,23.411922845741007,0.2868845967571611,120.19246913325416,2206.4613578789726,1.274,1.0150000015428002,0.0,11.68977176097346,300.0001285565649,0.1775270755025233,7.66454885451515e-06,-0.3089475695837682,0.0068225100416943,0.0573062906101824,4.608494630587703,9.614047827386058,60.33077511398266,10.010501660454027
4.11,31.221642103712032,131.011552821339,109.78360864651556,4.498314696329487,-0.0402803082721167,-4.893439613175169,-0.2531170535973716,-10.10142760058047,0.0,60.295816636438126,45.40718228147112,23.23489576114516,0.2881913678508739,120.19576068304212,2203.4390805837347,1.274,1.0150000015428002,0.0,11.69323475941155,300.0001285565649,0.1774074970404965,7.761403578088377e-06,-0.3385057060202746,0.0065718128738561,0.0627453886278443,4.498494667712443,9.56428055078836,60.28948942093172,11.227139397922459
4.12,31.221640057985564,131.01155694811283,109.97689046221504,4.372024015535743,-0.0433804149271658,-4.905302902207153,-0.2375536018759083,-11.420781194763956,0.0,60.25515652767366,45.388043877325295,23.04093402775761,0.2893871101638589,120.19879442907347,2200.4274006998194,1.274,1.0150000015428002,0.0,11.696683608071067,300.0001285565649,0.1772882508348041,7.87124414999249e-06,-0.3672734176881918,0.0063005470860676,0.0680305959109634,4.372238808543925,9.50821995764,60.248342348682456,12.431921467530277
4.13,31.221638013066336,131.0115610731384,110.16936453519376,4.230003977229052,-0.0463106424790469,-4.92632205705544,-0.2211646291474408,-12.684182684665467,0.0,60.214611121023744,45.369170642269,22.830490601528822,0.2904686105175343,120.20156011197626,2197.4263783416422,1.274,1.0150000015428002,0.0,11.700118211938031,300.0001285565649,0.1771693399785087,7.993558104627398e-06,-0.39514869649483,0.0060098307753489,0.0731433680825466,4.230257016428958,9.446646686196804,60.207336663106055,13.609043066321163
4.14,31.22163596894082,131.0115651964402,110.36102399836244,4.072839963760473,-0.0490607577337216,-4.956935495485424,-0.2040165731714972,-13.887270367921351,0.0,60.1741815813189,45.35058556925699,22.60407687976741,0.2914334993027868,120.20404878850805,2194.436081730244,1.274,1.0150000015428002,0.0,11.70353846225786,300.0001285565649,0.1770507678905848,8.127786533638777e-06,-0.4220333574674462,0.005700846794655,0.078065918815089,4.073134944102223,9.380422976756003,60.16647513645684,14.746833915803025
4.15,31.22163392559456,131.011569318045,110.5518612699968,3.9011705213415246,-0.0516212289472016,-4.997380588908801,-0.1861782160876822,-15.025926622969443,0.0,60.13386918026208,45.33231029112464,22.362260510026022,0.2922802483477087,120.20625284882249,2191.456586837852,1.274,1.0150000015428002,0.0,11.706944236999426,300.0001285565649,0.176932538303089,8.273326682141657e-06,-0.4478333688686858,0.0053748379819139,0.0827812780455931,3.901511510767132,9.310485161704046,60.12576053767759,15.836254164334758
4.16,31.22163188301221,131.01157343798138,110.74186809449238,3.71568249807382,-0.0539832516638728,-5.047688845382005,-0.1677204487304458,-16.096290853001765,0.0,60.09366823003106,45.31436500790348,22.10566300990154,0.2930081593775086,120.20816602391396,2188.487462670535,1.274,1.0150000015428002,0.0,11.71032795965711,300.0001285565649,0.1768146344696228,8.429534735129777e-06,-0.4724591692535123,0.0050331022097608,0.0872733372778663,3.716074075077172,9.237834818020186,60.08518856194344,16.87002881008638
4.17,31.221629841177688,131.01157755627986,110.93103555926062,3.517104325008423,-0.0561387673109541,-5.107684247558385,-0.1487160402058544,-17.094769975471586,0.0,60.05355344818364,45.296768430977295,21.8349572052416,0.2936173435628778,120.20978338371188,2185.526853338843,1.274,1.0150000015428002,0.0,11.713661307779956,300.0001285565649,0.176696981988677,8.595728790724336e-06,-0.495825950378388,0.0046769873918887,0.0915268768193817,3.5175517671671765,9.163528786799883,60.04473519264631,17.842133150149266
4.18,31.221627800074167,131.01158167297268,111.11935414939776,3.306228554955489,-0.05808055674774,-5.176986422510819,-0.1292392751967246,-18.018067891271127,0.0,60.01356037661223,45.27953774848934,21.550864506330807,0.294108692833962,120.21110132655072,2182.5773322854848,1.274,1.0150000015428002,0.0,11.716979930780004,300.0001285565649,0.1765796854221725,8.771192005591556e-06,-0.5178538916557944,0.0043078865807133,0.0955277273035945,3.306738100247615,9.088666584240778,60.004437105654965,18.747497479492303
4.19,31.221625759684148,131.01158578809358,111.30681378148012,3.0838785465965497,-0.0598021863672183,-5.255014761675612,-0.1093657564962494,-18.86318475426626,0.0,59.9736906612841,45.262688470466735,21.254152049824988,0.2944838437845893,120.21211756095092,2179.639002257567,1.274,1.0150000015428002,0.0,11.72028366172946,300.0001285565649,0.1764627495986124,8.955175793873854e-06,-0.5384686025758926,0.0039272315286742,0.0992627113889827,3.0844577704134104,9.014376561354306,59.9642969575217,19.581799715238272
4.2,31.22162371998961,131.01158990167775,111.49340383636364,2.850916153550193,-0.0612980575976148,-5.340997223513821,-0.0891721007872196,-19.62743230950064,0.0,59.93394603322351,45.24623446540578,20.94562958728878,0.2947451344101562,120.21283107889158,2176.7119720147616,1.274,1.0150000015428002,0.0,11.723572323680894,300.0001285565649,0.1763461795957847,9.1469033359206e-06,-0.5576012768055238,0.003536487749167,0.1027197151603249,2.8515745238323627,8.941800540339951,59.92431735868893,20.341344647519513
4.21,31.22162168097203,131.01159401376162,111.67911321484604,2.608238318711461,-0.0625634251687316,-5.433981876936836,-0.0687356433340804,-20.30844496069736,0.0,59.8943282972636,45.23018790398671,20.62614628552918,0.2948955552624984,120.21324212323752,2173.796355485037,1.274,1.0150000015428002,0.0,11.726845730404232,300.0001285565649,0.1762299807077558,9.34557313255296e-06,-0.5751889252835409,0.0031371489206531,0.1058877271773363,2.608988042368985,8.87207647574074,59.88450085937185,21.02298314581488
4.22,31.221619642612456,131.01159812438272,111.86393037444334,2.3567735905632627,-0.0635944124920509,-5.53285128094968,-0.048134134740777,-20.904189636501936,0.0,59.85483932552432,45.21455922781272,20.29658739346724,0.2949386957075477,120.21335214949876,2170.892271265159,1.274,1.0150000015428002,0.0,11.730103687123837,300.0001285565649,0.1761141584257838,9.550362664209497e-06,-0.5911745880070105,0.0027307312195707,0.1087568734544121,2.357630956132645,8.806319548617404,59.84484994062067,21.624058466228504
4.23,31.221617604891616,131.0116022335795,112.047843378093,2.097478535568123,-0.064388023791423,-5.636339485217604,-0.027445431291902,-21.412974267201506,0.0,59.81548105079455,45.199357125849374,19.95787078775665,0.2948786862444147,120.21316378277126,2167.9998421188666,1.274,1.0150000015428002,0.0,11.73334599139492,300.0001285565649,0.1759987184189271,9.760432134522832e-06,-0.6055075233304857,0.002318767601174,0.111318448169972,2.09846614759926,8.745601980862087,59.80536700579726,22.14236985988979
4.24,31.221615567789968,131.0116063413913,112.23083993689336,1.831334059927329,-0.0649421528494003,-5.743051373636416,-0.0067471806784349,-21.833454701210368,0.0,59.77625545952041,45.18458851872904,19.61094341003088,0.2947201378472128,120.21268077069573,2165.1191944468405,1.274,1.0150000015428002,0.0,11.736572433780893,300.0001285565649,0.175883666513512,9.974928276385565e-06,-0.6181433734061123,0.0019028020495814,0.1135649398753761,1.832484784642277,8.690932024506774,59.766054372189664,22.57614734170734
4.25,31.221613531287822,131.01161044785795,112.41290746178944,1.5593416548218526,-0.0652555882520979,-5.851484036439012,0.0138834948062485,-22.16463990505961,0.0,59.73716458477008,45.1702585510147,19.256777609444715,0.2944680792762638,120.2119079332395,2162.250457757072,1.274,1.0150000015428002,0.0,11.739782798689914,300.0001285565649,0.175769008672532,1.0192988197192976e-05,-0.6290443044839795,0.0014843838189424,0.1154900529930135,1.5607061340460224,8.643232736518016,59.72691426315319,22.924033683038626
4.26,31.22161149536537,131.01161455301985,112.59403310631124,1.2825079907692625,-0.065327979478488,-5.960048585805658,0.0343702534015689,-22.405888423930573,0.0,59.69817246779184,45.156370591469006,18.89636740490846,0.2941278932752426,120.21085111006424,2159.391012806009,1.274,1.0150000015428002,0.0,11.742936963060888,300.00012855656485,0.1756546390722498,1.0413743238802096e-05,-0.638179120919104,0.0010650616881192,0.1170886498243024,1.2841704631750968,8.603324930792793,59.68791077499509,23.18506408283378
4.27,31.22160946000281,131.01161865691753,112.77420382720577,1.001875833773621,-0.0651599408704318,-6.067097791961783,0.0546379966389296,-22.55692675194955,0.0,59.65931863773666,45.1429262923628,18.530724682072744,0.2937052525260849,120.20951710618252,2156.5437048256617,1.274,1.0150000015428002,0.0,11.746073982753426,300.0001285565649,0.1755406740021495,1.06363228714688e-05,-0.6455232680649015,0.0006463790104421,0.1183569675859226,1.003992316429478,8.571897849564332,59.64908334036562,23.358673023541417
4.28,31.22160742518036,131.0116227595919,112.9534064162411,0.7184856149653381,-0.0647529414971641,-6.1709485364158105,0.0746130702336375,-22.61783576322009,0.0,59.6206060132248,45.12992548580742,18.160875388714853,0.2932060564047133,120.20791363725796,2153.708726482528,1.274,1.0150000015428002,0.0,11.749194463533035,300.0001285565649,0.1754271220299048,1.0859858382250911e-05,-0.6510590633463784,0.000229866553351,0.1192924406707149,0.7213974650374044,8.54950122379687,59.61043464712473,23.444672477160772
4.29,31.22160539087843,131.0116268610836,113.131627564813,0.4333826545390287,-0.0641093292265292,-6.269908374817406,0.0942235887335427,-22.5890507198452,0.0,59.58203674406102,45.11736629286264,17.787855597790514,0.2926363685961237,120.20604927294436,2150.8862144585373,1.274,1.0150000015428002,0.0,11.752298176647752,300.0001285565649,0.1753139894609463,1.1083486707664912e-05,-0.6547756394728126,-0.0001829623402409,0.1198937537995692,0.4380986794851991,8.536528837764905,59.57196647627608,23.443247248131353
4.3,31.22160335707761,131.01163096143327,113.30885390767764,0.1476134639773226,-0.0632323180397659,-6.362301483073079,0.1133997276551682,-22.471356452721192,0.0,59.54361299035468,45.105245139408886,17.41270760306232,0.2920023569628243,120.20393338091532,2148.07630584709,1.274,1.0150000015428002,0.0,11.755384891654344,300.0001285565649,0.1752012826309942,1.1306354098229737e-05,-0.6566689436638532,-0.0005906172006449,0.1201608390519621,0.1605865870675317,8.533208582505958,59.53368048307976,23.354948094247618
4.31,31.2216013237588,131.01163506068107,113.48507207165424,-0.1377781438555223,-0.0621259712383348,-6.446494256275472,0.1320740021473881,-22.26588040602341,0.0,59.50533691473228,45.09355679508055,17.036476015204414,0.2913102360428349,120.2015760712876,2145.279137581864,1.274,1.0150000015428002,0.0,11.75845437704764,300.0001285565649,0.1750890078832522,1.1527619668552156e-05,-0.6567417093016678,-0.0009916357667791,0.1200948663778867,0.1511371753973483,8.539597111817203,59.49557819190255,23.18068510621662
4.32,31.221599290903224,131.01163915886676,113.6602687283026,-0.4217549091751097,-0.0607951811052332,-6.5209202031728495,0.1501815301681969,-21.974083655318545,0.0,59.46721067503239,45.08229441976989,16.66020387417122,0.2905662127067397,120.19898814175,2142.494845903197,1.274,1.0150000015428002,0.0,11.761506401204477,300.0001285565649,0.174977171547015,1.1746458810834518e-05,-0.6550033985584682,-0.0013845891724877,0.1196982288743668,0.4261140583257226,8.55557935718332,59.45766099210767,22.921721298346885
4.33,31.2215972584926,131.0116432560294,113.83443063865052,-0.7032899286734127,-0.0592456451363327,-6.584103753372058,0.1676602778958364,-21.597749993792554,0.0,59.42923641703031,45.07144961706164,16.284928794449414,0.2897764354308016,120.196181023646,2139.72356583074,1.274,1.0150000015428002,0.0,11.764540733288303,300.0001285565649,0.1748657799163442,1.1962066449590793e-05,-0.6514701164108072,-0.0017680869629108,0.11897452292744,0.7057808398890523,8.580872937532323,59.419930134512846,22.57966645011211
4.34,31.221595226509063,131.01164735220735,114.00754470587056,-0.9813703918388926,-0.0574838389943106,-6.634682616885456,0.1844512853615674,-21.138973214610207,0.0,59.391416267108205,45.06101249425036,15.911679159577307,0.2889469475666097,120.19316672918512,2136.965430631748,1.274,1.0150000015428002,0.0,11.76755714399652,300.0001285565649,0.1747548392286091,1.2173660117291568e-05,-0.6461644967045269,-0.0021407819209771,0.1179285233661296,0.9830523457971386,8.615037201589413,59.38238672830879,22.156471385838525
4.35,31.22159319493537,131.011651447438,114.1795980170256,-1.2550031338365704,-0.0555169795425637,-6.671428066243485,0.2004988608165644,-20.600141911604243,0.0,59.353745807261085,45.05097172854948,15.541470381935213,0.288083644913764,120.18995779989211,2134.22010257622,1.274,1.0150000015428002,0.0,11.770548598031386,300.0001285565649,0.1746443364652044,1.2380482832938756e-05,-0.63911556118171,-0.0025013746852699,0.1165661410196983,1.256230276670466,8.657487574081141,59.34502522187165,21.654422158406437
4.36,31.22159116375484,131.01165554175768,114.35057789475114,-1.523221120354083,-0.0533529806277234,-6.693262867109785,0.2157507423127559,-19.98392209656427,0.0,59.31620374091933,45.04131464673139,15.175301243290034,0.287192237829796,120.18656725634256,2131.48603175175,1.274,1.0150000015428002,0.0,11.773490486112593,300.0001285565649,0.174534208943818,1.258180577723322e-05,-0.6303585424652942,-0.0028486180223052,0.1148943675353761,1.5241549958524914,8.707514299432784,59.307823075531125,21.076134810552645
4.37,31.221589132951493,131.01165963520157,114.5204719409894,-1.785066467989428,-0.0510004920214039,-6.699280597529937,0.2301583456334504,-19.293247720830298,0.0,59.27882218738648,45.03202731888377,14.8141503367362,0.2862782180694491,120.18300854928265,2128.76550866801,1.274,1.0150000015428002,0.0,11.776414019921708,300.0001285565649,0.1744245511553809,1.2776930753518696e-05,-0.6199346694971681,-0.0031813206859638,0.1129213696167269,1.785794642085189,8.764287961360116,59.27081104989119,20.42456219863303
4.38,31.221587102510085,131.01166372780358,114.68926807376197,-2.039618216377081,-0.0484687730513891,-6.688755904788168,0.2436768177488072,-18.531295638985867,0.0,59.24160312248874,45.02309457135952,14.45897263153834,0.2853468304849226,120.17929551222473,2126.058654303475,1.274,1.0150000015428002,0.0,11.77931898740864,300.0001285565649,0.1743153688965775,1.2965192304676168e-05,-0.6078910356080695,-0.003498352293033,0.1106562967460813,2.040193789356028,8.826895354814665,59.23398966632945,19.7029884029008
4.39,31.221585072416108,131.01166781959623,114.8569545818359,-2.2859866341337214,-0.0457676841628518,-6.661156493442932,0.2562651647699196,-17.701468396833786,0.0,59.20454847501884,45.01450013008844,14.110696113530464,0.2844030493573371,120.1754423143716,2123.365585913309,1.274,1.0150000015428002,0.0,11.782205181978924,300.0001285565649,0.174206667826505,1.314595974173996e-05,-0.5942803134765093,-0.0037986463807432,0.108109285785138,2.2864445020076074,8.894355385987279,59.197359304766486,18.915037961075225
4.4,31.221583042655897,131.0116719106105,115.0235201585167,-2.5233162697666027,-0.0429076445427882,-6.616151198627715,0.2678863363239997,-16.80737472801029,0.0,59.167660114330495,45.0062266985618,13.770218588787715,0.2834515596899592,120.17146341507606,2120.686416151176,1.274,1.0150000015428002,0.0,11.785072403445009,300.0001285565649,0.1740984534302085,1.3318638864708772e-05,-0.5791605000175079,-0.0040812037527611,0.105291411489774,2.523680818329304,8.965640148595108,59.16092019791655,18.064691113330753
4.41,31.221581013216632,131.01167600087584,115.1889539404094,-2.750788823194352,-0.0398995883461859,-6.553615128999519,0.2785072863706155,-15.852809721022783,0.0,59.13093984406618,44.998256051058746,13.438404633421872,0.2824967432611696,120.16737351922424,2118.021252626794,1.274,1.0150000015428002,0.0,11.787920458395169,300.0001285565649,0.1739907310003289,1.3482673438957036e-05,-0.562594643584813,-0.004345095534905,0.1022146340571353,2.7510779530229583,9.039695189771916,59.124672431891256,17.156311189138748
4.42,31.22157898408638,131.01168009041996,115.35324554618148,-2.967625848161999,-0.036754919577626,-6.473631864024784,0.2880990113707206,-14.841734872589647,0.0,59.094389396736936,44.99056912843481,13.116082699632292,0.2815426693203432,120.16318753341108,2115.3701975323784,1.274,1.0150000015428002,0.0,11.790749161144824,300.0001285565649,0.1738835056211979,1.363754643013157e-05,-0.544650555577957,-0.0045894659347503,0.0988917440875138,2.967853246124613,9.115458459207831,59.088615947866494,16.194690629323965
4.43,31.22157695525416,131.01168417926888,115.5163851093608,-3.173091277737534,-0.0334854658933797,-6.376492723013128,0.296636567096323,-13.77825823825867,0.0,59.05801042811623,44.98314613590772,12.804042386948362,0.280593089763475,120.15892052277252,2112.733347253867,1.274,1.0150000015428002,0.0,11.793558334163672,300.0001285565649,0.1737767821524155,1.3782781003378948e-05,-0.5254005084449209,-0.0048135346996115,0.0953363053302662,3.173267777341121,9.191877591160054,59.05275054373303,15.185126037663336
4.44,31.221574926709856,131.0116882674468,115.67836332008002,-3.366493765773839,-0.0301034315834611,-6.26269316705876,0.3040990656361957,-12.666614873296746,0.0,59.021804512228826,44.975966642255216,12.50303188645892,0.2796514385849203,120.15458766834564,2110.110792027228,1.274,1.0150000015428002,0.0,11.796347808774636,300.00012855656485,0.1736705652141687,1.3917941295413487e-05,-0.5049209220584527,-0.0050165992690783,0.0915625955823998,3.3666282017025466,9.267925315767576,59.01707587647086,14.133539340691264
4.45,31.22157289844442,131.01169235497605,115.8391714459474,-3.5471888386994737,-0.026621349978418,-6.132926435771684,0.3104696543642881,-11.511147734589247,0.0,58.985773136599526,44.969009679845904,12.213755604692544,0.2787208353641614,120.1502042248386,2107.502615616568,1.274,1.0150000015428002,0.0,11.799117425755709,300.0001285565649,0.1735648591732924,1.404263297032398e-05,-0.4832920404023077,-0.0051980366199294,0.087585546096384,3.547288605116841,9.34261292171939,58.98159146487394,13.046673914849233
4.46,31.221570870449728,131.01169644187695,115.99880136385076,-3.71458618507101,-0.023052012745721,-5.988073519420912,0.3157354594536269,-10.316287746090223,0.0,58.94989811783233,44.96225384492904,11.936871972703974,0.2778040925116945,120.14578547871,2104.9074967392207,1.274,1.0150000015428002,0.0,11.80184670186642,300.0001285565649,0.1734596105163302,1.4156503572085604e-05,-0.4605976004324812,-0.0053573048027745,0.0834206521312881,3.714657612336618,9.415006506792515,58.9462771162354,11.932414098348985
4.47,31.221568842718657,131.01170052816806,116.15724559076872,-3.8681391021429294,-0.0194084736870874,-5.829193961336178,0.3198875711527089,-9.086538721486466,0.0,58.914186384658166,44.95567741734622,11.672991444854375,0.2769037259683986,120.14134670647697,2102.3259095521366,1.274,1.0150000015428002,0.0,11.804541357194344,300.0001285565649,0.1733548396230569,1.425924271962464e-05,-0.4369244774093078,-0.0054939439366122,0.0790839744659755,3.868187719062796,9.484225998339948,58.91113770879883,10.800324820769468
4.48,31.221566815245108,131.01170461386576,116.31449730066552,-4.007350781957568,-0.0157039818809411,-5.657511474955758,0.3229209745884522,-7.8264599744835985,0.0,58.878653325210266,44.94925842701838,11.422674700770404,0.2760219690621823,120.13690313338276,2099.7589303143222,1.274,1.0150000015428002,0.0,11.807215997323064,300.0001285565649,0.1732505917664877,1.4350582050906469e-05,-0.4123623683539812,-0.0056075774751317,0.0745920507762475,4.007381501983579,9.549456943446328,58.87618654953569,9.662566417742186
4.49,31.22156478802397,131.01170869898448,116.47055035430792,-4.131781818104208,-0.0119519072008916,-5.474397048354259,0.3248344588195751,-6.540648927637849,0.0,58.84330003826717,44.94297475238271,11.186431028645812,0.275160789070976,120.13246989193564,2097.206613983298,1.274,1.0150000015428002,0.0,11.80987050699929,300.0001285565649,0.1731468701747608,1.443029504762544e-05,-0.3870034531110503,-0.0056979129024216,0.0699618027155967,4.131799074591823,9.609962551419663,58.841422637087845,8.53549230350989
4.5,31.22156276105116,131.01171278353664,116.62539931317846,-4.241047461915583,-0.0081657094261959,-5.281352108616728,0.3256305418273601,-5.233726402305263,0.0,58.80812752073552,44.93680423351401,10.964716902720948,0.2743219061646357,120.12806198053114,2094.669008047684,1.274,1.0150000015428002,0.0,11.812504782585163,300.0001285565649,0.1730436777776349,1.449819676050726e-05,-0.3609420349808803,-0.0057647418752034,0.0652104912071462,4.241055308671255,9.665085432811503,58.80684485410263,7.442486640844465
4.51,31.22156073432356,131.01171686753267,116.7790394523946,-4.334818580397381,-0.0043588913075829,-5.079989514672344,0.3253153827932451,-3.9103223267826994,0.0,58.77313666150016,44.93072476091283,10.757934766650411,0.2735068143725944,120.12369422238456,2092.14615211213,1.274,1.0150000015428002,0.0,11.81511873226907,300.0001285565649,0.1729410171884121,1.455414338544346e-05,-0.334274194522008,-0.0058079402533141,0.0603556533097733,4.334820767762671,9.71425154493506,58.772451968455336,6.418936381270509
4.52,31.221558707839066,131.0117209509809,116.93146678356932,-4.412822406897899,-0.0005449523398444,-4.872013309903259,0.3238986897827689,-2.575062320524407,0.0,58.7383282391377,44.924714366390965,10.56643201521927,0.2727168041422934,120.11938122468167,2089.638077756608,1.274,1.0150000015428002,0.0,11.817712276295667,300.0001285565649,0.172838890697247,1.4598031736019828e-05,-0.3070974441624963,-0.0058274678427238,0.0554150394920139,4.412822440480185,9.756973114424095,58.73824263822433,5.520178439842507
4.53,31.22155668159656,131.01172503388773,117.08267806176546,-4.474843091537232,0.0032626567340645,-4.659197520172136,0.3213936242174404,-1.2325551020850585,0.0,58.70370292021375,44.9187513108008,10.3905001739494,0.2719529860761149,120.11513733802482,2087.144808440836,1.274,1.0150000015428002,0.0,11.820285347349216,300.0001285565649,0.1727373002661397,1.4629798628995507e-05,-0.2795103846003408,-0.0058233678580231,0.0504065514799223,4.474844278536953,9.792850683052754,58.70421541713482,4.830176753840559
4.54,31.221554655595863,131.01172911625753,117.23267078549496,-4.520722053457551,0.0070505786077671,-4.443364284711872,0.3178167033056439,0.1126193489753944,0.0,58.6692612577434,44.912814168249376,10.230374275576008,0.2712163154315359,120.11097661627284,2084.6663594210727,1.274,1.0150000015428002,0.0,11.822837890649431,300.0001285565649,0.1726362475244025,1.4649420198312602e-05,-0.251612363806428,-0.0057957661113523,0.0453481808181067,4.5207275401284654,9.821574400228675,58.67036876003849,4.456139219247616
4.55,31.221552629837745,131.0117331980927,117.38144322156612,-4.550358137249591,0.0108055932179516,-4.226361607984705,0.3131877013360904,1.455920962416691,0.0,58.63500369003902,44.90688190646793,10.086232431907147,0.2705076169694974,120.10691277689575,2082.202737690977,1.274,1.0150000015428002,0.0,11.825369863989806,300.0001285565649,0.1725357337652999,1.4656911151936312e-05,-0.2235031393210928,-0.0057448699351303,0.0402579482610636,4.550370940098375,9.842924663880549,58.63670102864252,4.481062912582191
4.56,31.221550604323888,131.01173727939377,117.52899439017304,-4.563707576264676,0.0145146606160593,-4.010041018058911,0.3075295504575592,2.7928601783790987,0.0,58.60093054028066,44.90093396304928,9.958195599182956,0.2698276097420301,120.10295916197812,2079.753941978451,1.274,1.0150000015428002,0.0,11.82788123806346,300.0001285565649,0.1724357599447678,1.4652323984289256e-05,-0.1952825444287154,-0.0056709668462555,0.0351538440923108,4.563730608975907,9.856772189704,58.60321049781431,4.896434556582505
4.57,31.22154857905687,131.01174136015933,117.67532407483375,-4.560783766096823,0.0181649628582478,-3.7962354115048216,0.3008682412846224,4.119008085672992,0.0,58.56704201614104,44.89495031729912,9.846327534715444,0.269176931420293,120.09912870001908,2077.31996274584,1.274,1.0150000015428002,0.0,11.830371996386477,300.0001285565649,0.1723363266802965,1.4635748155306644e-05,-0.1670501587060225,-0.0055744229596828,0.0300537694512379,4.560819863769556,9.863077567798532,58.56989536178665,5.609648171500274
4.58,31.221546554040096,131.01174544038616,117.82043281443698,-4.541663757028176,0.0217439794795146,-3.586735899497077,0.293232716351184,5.430007490886848,0.0,58.53331051840451,44.88891155749104,9.750634942304927,0.2685561617791167,120.09543386868556,2074.898818996192,1.274,1.0150000015428002,0.0,11.832813559252978,300.0001285565649,0.1722373527675873,1.4607309245225204e-05,-0.1389049833703973,-0.0054556811594686,0.0249754669201647,4.541715699148221,9.861897141713971,58.53672605463216,6.51426443965603
4.59,31.221544529277825,131.01174952006932,117.9643219072178,-4.506467458957453,0.0252394269441724,-3.38327497672509,0.284654790377401,6.721579422810383,0.0,58.49976112645752,44.88279896815272,9.671067803684377,0.2679658449735649,120.09188665867748,2072.492266840457,1.274,1.0150000015428002,0.0,11.835231848943844,300.0001285565649,0.1721389120130482,1.4567168137725417e-05,-0.1109451061673979,-0.00531525895261,0.0199365005727379,4.506537991980959,9.853361801221196,58.50372572624273,7.530418836623029
4.6,31.22154250477508,131.01175359920205,118.10699339187072,-4.4553758332887945,0.0286393906805425,-3.1875027439310832,0.2751690328829826,7.9895346983410915,0.0,58.46639653316292,44.87659453172798,9.60751990198498,0.2674065102819569,120.08849853895605,2070.100472923731,1.274,1.0150000015428002,0.0,11.837629812762035,300.0001285565649,0.1720410123512294,1.4515520051624617e-05,-0.0832674176410341,-0.0051537463791634,0.0149541642502061,4.455467694492823,9.83769371951662,58.470895197943854,8.606309106418513
4.61,31.221540480537616,131.011757677776,118.2484500455614,-4.388624976225556,0.0319323385176495,-3.000969042861132,0.2648126694819298,9.229782936535694,0.0,58.433216489067824,44.87028101736305,9.559829507783949,0.2668786909543098,120.08528042320188,2067.7233952007846,1.274,1.0150000015428002,0.0,11.840007484712029,300.0001285565649,0.1719436530601508,1.4452593700564747e-05,-0.0559672898315803,-0.0049718033973808,0.0100454380370527,4.388740919818688,9.81519923009697,58.43823240881311,9.709007879371324
4.62,31.221538456571963,131.0117617557813,118.38869537199928,-4.306504289683048,0.0351071535285863,-2.8251062086150167,0.2536254780313647,10.438341896074729,0.0,58.40022063443097,44.863842024163496,9.527780249259264,0.2663829409369773,120.0822426379484,2065.3609838604425,1.274,1.0150000015428002,0.0,11.842364911079247,300.0001285565649,0.1718468330946471,1.4378650406718072e-05,-0.0291382728575998,-0.0047701571578156,0.0052269366921452,4.306647116657706,9.786265334580817,58.40573525286659,10.81686333982318
4.63,31.22153643288523,131.0117658332065,118.52773357857389,-4.209355193833937,0.0381531691035845,-2.6612133007087246,0.2416496812169939,11.61134697238714,0.0,58.3674085006048,44.85726202273728,9.511102156203616,0.2659198492120336,120.07939489243935,2063.0131814494875,1.274,1.0150000015428002,0.0,11.844702150221952,300.0001285565649,0.1717505510903937,1.4293983200183422e-05,-0.0028717997296498,-0.0045495990879795,0.0005148582728052,4.209527787327811,9.75135635984572,58.37340158595024,11.914857502860254
4.64,31.2215344094852,131.01176991003868,118.66556957138764,-4.097569676847886,0.0410602026887075,-2.510442130368935,0.2289298348988407,12.745060845930718,0.0,58.33477951242407,44.85052639249074,9.509472873178124,0.2654900515435908,120.07674625032364,2060.6799230651304,1.274,1.0150000015428002,0.0,11.847019272268438,300.0001285565649,0.1716548053709116,1.4198915906788572e-05,0.0227431017701288,-0.0043109817863511,-0.0040750658153002,4.097775045266933,9.711010008684786,58.341229233428095,12.991970771430882
4.65,31.221532386380225,131.01177398626373,118.8022089164886,-3.971588687240851,0.0438185881179639,-2.373785240593328,0.2155127111147447,13.8358833094434,0.0,58.302332991132985,44.84362145385836,9.522519037755066,0.2650942394649721,120.074305103296,2058.361136589001,1.274,1.0150000015428002,0.0,11.849316358965682,300.0001285565649,0.1715595939561132,1.4093802220060363e-05,0.0476200896391408,-0.0040552157351998,-0.0085276192623899,3.971830018147905,9.665832734529234,58.30921599818813,14.039692626608504
4.66,31.221530363579173,131.01177806186615,118.93765784285452,-3.831900373988653,0.0464192064517155,-2.252065971987897,0.2014471746482901,14.880361280104422,0.0,58.27006815732562,44.83653449553102,9.549817819509313,0.2647331663837408,120.07207914677532,2056.05674291694,1.274,1.0150000015428002,0.0,11.851593503149468,300.0001285565649,0.1714649145709276,1.3979024751762297e-05,0.0716757800662911,-0.0037832658420117,-0.0128281477007972,3.832181102888805,9.61649436268273,58.27735966842667,15.051163873029571
4.67,31.221528341091403,131.0117821368293,119.07192319865727,-3.6790381795706018,0.0488535152225276,-2.1459307225415207,0.186784052118735,15.875198980223542,0.0,58.237984134583485,44.82925379677075,9.59089861509154,0.2644076507263284,120.07007535769408,2053.76665624044,1.274,1.0150000015428002,0.0,11.853850808555189,300.0001285565649,0.1713707646559418,1.3854994054281558e-05,0.0948300110590563,-0.0034961478197327,-0.0169626038477191,3.67936207944194,9.563721876319136,58.2456580258799,16.020669449488185
4.68,31.22152631892669,131.01178621113556,119.2050124333726,-3.5135787917691315,0.0511135759817034,-2.0558434831372767,0.1715759926473587,16.81726824789745,0.0,58.20607995317208,44.821768644925776,9.645244894346384,0.2641185760881687,120.06829997445604,2051.4907843298897,1.274,1.0150000015428002,0.0,11.856088389325835,300.0001285565649,0.1712771413782278,1.372214760729313e-05,0.1170060965614317,-0.0031949244165161,-0.0209175908250989,3.5139500918257744,9.508292287131376,58.214108853847264,16.94333031225416
4.69,31.22152429709524,131.01179028476616,119.33693356696767,-3.3361399601951742,0.0531920800297673,-1.982082703141792,0.1558773192940372,17.70361891759035,0.0,58.174354554165376,44.81406934827936,9.712296192023718,0.2638668884010031,120.06675847910084,2049.229028848091,1.274,1.0150000015428002,0.0,11.858306369614608,300.0001285565649,0.171184041643415,1.3580948760561797e-05,0.1381310702622714,-0.0028807015062065,-0.0246804035239622,3.336563506532777,9.45102451836462,58.18270994535768,17.814911517041757
4.7,31.221522275607555,131.0117943577015,119.46769516505294,-3.147378184077656,0.0550823722079062,-1.924740511840112,0.1397438706358452,18.531489190583898,0.0,58.14280679378021,44.80614724438798,9.791450239172402,0.2636535901731532,120.0654555816994,2046.981285675848,1.274,1.0150000015428002,0.0,11.860504883074023,300.0001285565649,0.1710914621083947,1.3431885624465496e-05,0.1581359182222222,-0.0025546240513734,-0.0282390678679583,3.1478596615665837,9.39277024455398,58.15145911124095,18.631700030003344
4.71,31.22152025447445,131.01179842992124,119.59730630111191,-2.9479909577091163,0.0567784999880183,-1.8837232988153203,0.1232328386409206,19.298317156924394,0.0,58.111414609026255,44.79799470407903,9.882065227807225,0.2634797319025295,120.06439520699028,2044.7459787523749,1.274,1.0150000015428002,0.0,11.86266269971421,300.00012855656485,0.1709993378738316,1.3275469899842536e-05,0.1769557993855372,-0.0022178719513363,-0.0315823664947042,2.9485372033401323,9.334408098092096,58.120333353488725,19.39042662986716
4.72,31.221518233706977,131.0118025014043,119.72577652370155,-2.738701433209868,0.0582751591171327,-1.8587582556165985,0.1064025765798925,20.001748259107213,0.0,58.080191513517846,44.78960514921616,9.98346220190466,0.2633464008037954,120.0635804832542,2042.524037734761,1.274,1.0150000015428002,0.0,11.864795169492451,300.0001285565649,0.1709077087291586,1.31122356701797e-05,0.194530268505886,-0.0018716558697863,-0.0346999042357641,2.7393208916949807,9.276820142934865,58.08934535252806,20.08821139827596
4.73,31.221516213316363,131.01180657212896,119.85311583259896,-2.520265881949713,0.0595677683419871,-1.8493974958021755,0.0893124151895964,20.639646277129284,0.0,58.0491423914402,44.780973011910085,10.09492757610808,0.2632547070302684,120.06301373341012,2040.3157836033413,1.274,1.0150000015428002,0.0,11.866908868069874,300.0001285565649,0.1708165890716781,1.2942738025468222e-05,0.2108034443264132,-0.0015172127659204,-0.0375821167434372,2.5209692869925706,9.220889336640228,58.05849927292528,20.72252991914846
4.74,31.221514193314004,131.01181064207293,119.97933462512702,-2.293470349672508,0.0606524813321422,-1.855026462676569,0.0720224643634939,21.21010272178357,0.0,58.01826580575679,44.77209374429228,10.215715750773825,0.263205767611577,120.062696468328,2038.1210925169,1.274,1.0150000015428002,0.0,11.869003959863107,300.0001285565649,0.1707259746985044,1.2767551681867064e-05,0.2257241929338616,-0.0011558014975259,-0.040220299706697,2.2942717806126334,9.167485716240934,58.02779307346616,21.291189912290346
4.75,31.221512173711407,131.01181471121356,120.10444367031506,-2.0591263980839813,0.0615261906549089,-1.8748745586275857,0.0545934034269162,21.71144526839865,0.0,57.98756026159823,44.76296381002469,10.345051832050636,0.2632006883599192,120.06262938233424,2035.939836848824,1.274,1.0150000015428002,0.0,11.871080616032843,300.0001285565649,0.1706358612371696,1.258726950650153e-05,0.2392462941688806,-0.0007886983689698,-0.0426066389769559,2.060044991144056,9.11745114625105,57.99722477116908,21.792314945708654
4.76,31.221510154520114,131.01181877952794,120.22845407709193,-1.818068186310542,0.0621865372366509,-1.9080273861338768,0.037086263659549,22.14224558463473,0.0,57.95702421046917,44.753580667783126,10.482134447284215,0.2632405440285306,120.06281235088468,2033.7718854961688,1.274,1.0150000015428002,0.0,11.873139013736548,300.0001285565649,0.1705462441579439,1.2402500938064732e-05,0.2513285863751342,-0.0004171926136701,-0.044734233751378,1.81913105560997,9.071584984909734,57.96679244697808,22.22433313796986
4.77,31.221508135751662,131.01182284699271,120.35137723464976,-1.5711494814604074,0.0626319170410065,-1.9534407034726244,0.0195622034522743,22.501326259067326,0.0,57.92665605629952,44.74394275344624,10.62613864333552,0.2633263570343424,120.06324443038832,2031.61710431871,1.274,1.0150000015428002,0.0,11.875179335642766,300.0001285565649,0.1704571187915662,1.2213870311855191e-05,0.261935093017963,-4.25818498476267e-05,-0.0465971164988344,1.5723970449081164,9.030629648692509,57.93649425286299,22.585969022355016
4.78,31.221506117417608,131.0118269135845,120.47322478958556,-1.319240610905516,0.0628614848730087,-2.009955894606859,0.0020822774823113,22.78776670015049,0.0,57.896454161502575,44.7340494594121,10.776218857425668,0.2634590750804036,120.06392386016924,2029.475356579848,1.274,1.0150000015428002,0.0,11.877201769295926,300.0001285565649,0.1703684803469668,1.2022015088039236e-05,0.2710351302741073,0.0003338324738452,-0.0481902694802459,1.320737164390967,8.99525648257479,57.90632841847515,22.87623741384566
4.79,31.2215040995294,131.01183097927992,120.59400860018044,-1.0632253674059806,0.0628751552418355,-2.0763167318477724,-0.0152927984972711,23.000907885769703,0.0,57.866416852926335,44.72390111126644,10.9315119496057,0.263639548032732,120.0648480665617,2027.346503373348,1.274,1.0150000015428002,0.0,11.879206506238324,300.0001285565649,0.1702803239287269,1.1827583983635731e-05,0.2786033947954935,0.0007107496257926,-0.04950963773404,1.0650826321253084,8.966052395762418,57.87629325723413,23.09443847791714
4.8,31.221502082098336,131.01183504405537,120.71374069763652,-0.8039978784497973,0.0626736002356855,-2.151187191754617,-0.0325028854812417,23.140355857743824,0.0,57.83654242832982,44.71349894202099,11.091140285493427,0.2638685044216743,120.06601366914276,2025.2304040878848,1.274,1.0150000015428002,0.0,11.88119374156176,300.0001285565649,0.1701926445560586,1.1631235010478958e-05,0.2846200309609849,0.001086874114687,-0.0505521384183305,0.8064367990719155,8.943507751829129,57.84638717247029,23.240153441717048
4.81,31.22150006513564,131.01183910788757,120.83243323737564,-0.5424594517926368,0.0622582443844133,-2.233170070060404,-0.0494886597369883,23.205983872972904,0.0,57.806829162740335,44.70284506413744,11.254214857526984,0.2641465279483439,120.06741648911834,2023.1269168651809,1.274,1.0150000015428002,0.0,11.883163673253668,300.0001285565649,0.1701054371814014,1.143363342318568e-05,0.2890706770584203,0.0014609201711784,-0.051315666423169,0.5460203567801114,8.92800600078575,57.81660866297503,23.313240555571305
4.82,31.221498048652265,131.01184317075328,120.95009846623935,-0.2795154093288718,0.0616312565100724,-2.320826130719153,-0.0661918500223483,23.19793314275713,0.0,57.77727531457436,44.69194243954529,11.419838432665475,0.2644740343822332,120.0690515598892,2021.0358990326256,1.274,1.0150000015428002,0.0,11.885116501244376,300.0001285565649,0.1700186967083958,1.1235449582896244e-05,0.291946489984576,0.0018316161704609,-0.0517990961920808,0.2862293585521849,8.919815503093021,57.786956327841615,23.313831031940417
4.83,31.22149603265899,131.0118472326296,121.0667486698128,-0.0160719213977725,0.0607955385875516,-2.412693517702293,-0.0825554714376828,23.11661211355604,0.0,57.74787913241089,44.680794847855054,11.587108714231034,0.2648512492378257,120.07091313983568,2018.9572075887147,1.274,1.0150000015428002,0.0,11.887052427089507,300.0001285565649,0.1699324180116942,1.1037356744234949e-05,0.2932441482083205,0.0021977089784867,-0.0520022797215803,0.062884052614527,8.919083921370428,57.75742887148877,23.24232477668344
4.84,31.221494017166307,131.0118512934939,121.18239614658287,0.2469671458142972,0.0597547116657085,-2.5073071559083844,-0.098524053847893,22.96269426579161,0.0,57.718638861058345,44.66940685296077,11.755121505441048,0.2652781866136506,120.0729947273702,2016.890699630508,1.274,1.0150000015428002,0.0,11.888971652923814,300.0001285565649,0.1698465959547618,1.0840028774503016e-05,0.2929658329081171,0.0025579682047746,-0.0519260407338161,0.254093239902586,8.925835448652066,57.72802510751613,23.099385795026564
4.85,31.221492002184416,131.01185535332397,121.2970531463142,0.5087033576685017,0.0585130989210589,-2.6032178699665542,-0.1140438628531814,22.737114430989354,0.0,57.68955274818786,44.6577837682148,11.922973862127934,0.2657546295688093,120.07528907831691,2014.83623282304,1.274,1.0150000015428002,0.0,11.89087438101282,300.0001285565649,0.1697612254093078,1.064413781555026e-05,0.2911191873691368,0.0029111903451917,-0.0515721650510703,0.5120574175657242,8.93997100923844,57.698743962675664,22.885937208885984
4.86,31.221489987723192,131.0118594120981,121.4107318521621,0.768243646952973,0.0570757277715509,-2.6990103851072687,-0.129063106747516,22.44106538853769,0.0,57.66060319794824,44.645931620350815,12.089767222193297,0.2662801123978795,120.07778822568328,2012.79255908418,1.274,1.0150000015428002,0.0,11.89274464569542,300.0001285565649,0.1696762546244985,1.0450351900033635e-05,0.287717254898353,0.0032562027986523,-0.0509433732228699,0.7703607885643058,8.961273567614906,57.66956863081873,22.603157525378275
4.87,31.221487973792136,131.01186346979506,121.52344431606492,1.0247114006278506,0.0554482526595976,-2.793322554167476,-0.1435321472563697,22.07598803953494,0.0,57.631796796199005,44.63385712615123,12.254610499490322,0.2668539051468045,120.0804835018954,2010.7601203551328,1.274,1.0150000015428002,0.0,11.894591129521144,300.0001285565649,0.169591703007863,1.0259332553469896e-05,0.2827784170687026,0.0035918676868417,-0.0500433432416894,1.0262103271211966,8.989408465726664,57.64050658599997,22.25247177934637
4.88,31.221485960400408,131.01186752639427,121.6352024368816,1.277244372776084,0.0536369638138963,-2.884861184974672,-0.1574036824525751,21.643564554377555,0.0,57.60313957040659,44.62156762865136,12.416623142325763,0.2674750006933626,120.08336556359336,2008.739318813081,1.274,1.0150000015428002,0.0,11.896421918711011,300.0001285565649,0.1695075883234776,1.0071732319775844e-05,0.2763262590198992,0.0039170856730845,-0.0488766618173956,1.278369913252092,9.02393567667738,57.611564843749925,21.835546400201018
4.89,31.221483947556724,131.0118715818757,121.74601791467016,1.524996210756718,0.0516487700248595,-2.972417270747247,-0.1706329179710744,21.14571007484048,0.0,57.57462983875201,44.60907106574557,12.57493811478929,0.2681421046715345,120.086424419004,2006.7300185081065,1.274,1.0150000015428002,0.0,11.898237206495896,300.0001285565649,0.1694239056490728,9.8881923263375e-06,0.2683894456115774,0.0042307995002127,-0.0474487941119331,1.525870377296048,9.064321254218122,57.5827428074771,21.35428375275888
4.9,31.22148193526938,131.01187563622028,121.85590220795008,1.7671408347988322,0.0494911586503777,-3.0548802768109966,-0.1831777259277949,20.584562069603432,0.0,57.54626595471471,44.596375937211455,12.72870480713022,0.2688536284979562,120.08964945796876,2004.732086328904,1.274,1.0150000015428002,0.0,11.90003718291595,300.0001285565649,0.1693406501656936,9.70933986699803e-06,0.2590015894594001,0.0045319973281671,-0.0457660652742189,1.767833512548106,9.109948530070795,57.55404000676966,20.810815533810327
4.91,31.221479923546223,131.01187968940937,121.9648665048797,2.00287516195336,0.0471721642358647,-3.1312505307244685,-0.194998786276936,19.962469022361244,0.0,57.51804631134605,44.583491262349405,12.877091870531295,0.2696076857224202,120.0930294846958,2002.7453922966413,1.274,1.0150000015428002,0.0,11.901822034101356,300.0001285565649,0.1692578171702195,9.535785996000046e-06,0.2482010910562014,0.0048197159078229,-0.0438356302248002,2.003430363398955,9.1601315672718,57.52545609673981,20.207496724768856
4.92,31.22147791239461,131.0118837414254,122.07292168548904,2.2314217304798647,0.0447003353661459,-3.200649840948957,-0.2060597110345623,19.28197822801336,0.0,57.48996934705046,44.57042653944634,13.019289960285986,0.2704020918754608,120.09655275325788,2000.7698099640904,1.274,1.0150000015428002,0.0,11.903591941774328,300.00012855656485,0.1691754020923098,9.368123161521676e-06,0.2360309622994576,0.0050930435509536,-0.0416654406242094,2.231869182750616,9.214129280435172,57.49699085859814,19.546900122384102
4.93,31.221475901821464,131.01188779225154,122.18007827993392,2.4520312115135874,0.0420846999466188,-3.262330227114445,-0.2163271509261757,18.545822837771844,0.0,57.46203355107265,44.55719170490569,13.154514377871472,0.2712343679414337,120.10020700584845,1998.8052167942792,1.274,1.0150000015428002,0.0,11.90534708265894,300.00012855656485,0.1690934005104739,9.206922893434088e-06,0.2225386346345222,0.0053511228874531,-0.0392642092442688,2.4523921184846063,9.27115975614166,57.46864419968727,18.83181193292329
4.94,31.22147389183313,131.0118918418719,122.28634644066877,2.663984799779798,0.0393347291262021,-3.3156806763406825,-0.2257708842887396,17.75690829788034,0.0,57.43423746866911,44.543797092135385,13.282007603101976,0.2721017475360839,120.10397951378016,1996.8514945129248,1.274,1.0150000015428002,0.0,11.907087627798722,300.0001285565649,0.1690118081672451,9.05273355948795e-06,0.2077757531188106,0.0055931534021384,-0.0366413719791009,2.6642749706588056,9.33041436236273,57.44041615298646,18.065229119471006
4.95,31.22147188243551,131.01189589027143,122.39173591561108,2.866596475961245,0.036460300074009,-3.360231870869508,-0.234363888313857,16.918298327374487,0.0,57.40657970630836,44.53025339027828,13.401041708294327,0.2730011878143823,120.1078571211822,1994.9085294647564,1.274,1.0150000015428002,0.0,11.908813742150889,300.0001285565649,0.1689306209844114,8.906078203559516e-06,0.1917979577608807,0.0058183937447507,-0.0338070477407168,2.866828142755901,9.3910713065295,57.41230687646483,17.25035950211459
4.96,31.2214698736339,131.01189993743623,122.4962560073914,3.059215133965404,0.0334716578210409,-3.3956588629726494,-0.2420823929599457,16.033200577759217,0.0,57.37905893637427,44.51657160285991,13.510920647152869,0.2739293840799738,120.11182629131685,1992.976212930272,1.274,1.0150000015428002,0.0,11.910525583940844,300.00012855656485,0.1688498350768245,8.767452478833006e-06,0.1746646535145716,0.0060261638080651,-0.0307719964868779,3.0593980654542063,9.452308379456118,57.38431665179092,16.39062609436639
4.97,31.221467865433127,131.01190398335328,122.59991554651867,3.241226567361445,0.0303793763715018,-3.421781703289488,-0.2489059180814578,15.104952111496516,0.0,57.35167390193568,44.50276300642352,13.61098241187118,0.2748827880114385,120.11587315539968,1991.0544414513008,1.274,1.0150000015428002,0.0,11.91222330436709,300.0001285565649,0.1687694467663558,8.637322687950725e-06,0.1564387703146754,0.0062158465702828,-0.0275475756301528,3.241368782286524,9.513314699267813,57.35644588299356,15.48967793311487
4.98,31.22146585783745,131.0119080280105,122.702722879455,3.412055309822687,0.0271943192822013,-3.438564057755789,-0.254817294517015,14.13700482756688,0.0,57.32442342080444,44.4888391092153,13.700601052742323,0.2758576293636293,120.11998356376908,1989.1431171007512,1.274,1.0150000015428002,0.0,11.913907046881906,300.00012855656485,0.1686894525938129,8.516123941200903e-06,0.1371865145247216,0.0063868896991048,-0.0241456950722276,3.4121635502802614,9.573301340686248,57.32869509432788,14.551410932535862
4.99,31.22146385085057,131.01191207139715,122.8046858209066,3.5711663255212964,0.0239275998961757,-3.4461098758539457,-0.2598026700419689,13.132910950884687,0.0,57.297306389757246,44.47481160998188,13.779188555353846,0.2768499409473693,120.12414313920932,1987.24214776588,1.274,1.0150000015428002,0.0,11.91557694695162,300.0001285565649,0.1686098493313124,8.404258442805416e-06,0.1169771131352686,0.006538806916056,-0.020578771102292,3.5712463808849,9.63151079632547,57.30106492825059,13.58000444579036
5.0,31.22146184447565,131.01191611350316,122.90581164786236,3.7180665459071367,0.0205905414074901,-3.444658198456451,-0.2638515012217279,12.09630868912106,0.0,57.27032178819884,44.46069235693408,13.846196571211108,0.2778555866353057,120.1283373321918,1985.351447390888,1.274,1.0150000015428002,0.0,11.917233131577063,300.0001285565649,0.1685306339930195,8.302093914301587e-06,0.0958825519993183,0.0066711791207265,-0.0168596793872822,3.7181234803196186,9.687225266743054,57.273556142810186,12.579982973811843
5.01,31.221459838715287,131.01192015431988,123.00610706977736,3.852306250247585,0.0171946369184597,-3.434576216923951,-0.2669565322972434,11.030908145424604,0.0,57.243468681600525,44.44649330693464,13.901117998369072,0.2788702920912189,120.1325514777582,1983.4709362027647,1.274,1.0150000015428002,0.0,11.918875718924706,300.0001285565649,0.1684518038452354,8.209962162941441e-06,0.0739773093283186,0.0067836552756204,-0.0130017072705713,3.8523445660516233,9.739773813916878,57.24616960881119,11.5563192277122
5.02,31.22145783357152,131.01192419383955,123.10557821366412,3.973480287938993,0.0137515096373568,-3.4163507159929543,-0.2691137622937873,9.940477559521902,0.0,57.21674622464866,44.43222648496296,13.943488409354272,0.2798896778715481,120.13677085373264,1981.6005409169911,1.274,1.0150000015428002,0.0,11.920504818013129,300.0001285565649,0.1683733564156253,8.1281578019636e-06,0.051338085595771,0.0068759530532381,-0.0090185055813119,3.973504045473783,9.788538439575497,57.218906306710544,10.514607388917572
5.03,31.221455829045844,131.01192823205562,123.204230608192,4.081229000402595,0.0102728745396963,-3.390578033440139,-0.2703224019987287,8.828830054736029,0.0,57.190152857778045,44.41790394391148,13.972887324315662,0.2809092945051276,120.14098073991492,1979.7401390968944,1.274,1.0150000015428002,0.0,11.922119709970824,300.0001285565649,0.1682952871288058,8.05693712854364e-06,0.0280435309111317,0.0069478592478588,-0.0049240400717618,4.081241907451055,9.832959222398816,57.191766517128656,9.461360036341464
5.04,31.22145382513922,131.0119322689626,123.30206916182048,4.175236198473262,0.0067705243428919,-3.357952375460913,-0.2705848317122104,7.699813321500864,0.0,57.16366939828128,44.40353772547062,13.988939327952616,0.2819246591202719,120.1451664778754,1977.8883891605328,1.274,1.0150000015428002,0.0,11.92370168578077,300.00012855656485,0.168217539547924,7.996517164957542e-06,0.0041739723272706,0.0069992299606394,-0.000732543132164,4.175241678259105,9.872539635171265,57.16473290975564,8.404533627333434
5.05,31.22145182185205,131.01193630455603,123.39909815882572,4.255239650628852,0.0032562082944775,-3.3192546340285944,-0.2699065151650262,6.557290154637078,0.0,57.137314780484886,44.3891398358457,13.991315030179692,0.2829312931592447,120.14931353095687,1976.046588704751,1.274,1.0150000015428002,0.0,11.925270610985784,300.0001285565649,0.1681401694030991,7.94707488058841e-06,-0.0201888280879717,0.0070299906854521,0.0035415258534256,4.255240894200394,9.906846089882771,57.13782626448744,7.354478569181447
5.06,31.2214498191842,131.0119403388328,123.49532124140964,4.321021517214932,-0.000258320889338,-3.275337656607628,-0.2682959493534501,5.405131893579431,0.0,57.11108853661257,44.37472216877444,13.979731888152642,0.2839247607372281,120.15340754422768,1974.214691661605,1.274,1.0150000015428002,0.0,11.92682655423052,300.0001285565649,0.1680631753280772,7.908746518379187e-06,-0.0449620186877831,0.0070401357797607,0.0078835476481812,4.321021524921815,9.935514517502536,57.11104795966216,6.325762425844096
5.07,31.221447817135008,131.01194437179055,123.59074140970168,4.372412255209206,-0.0037613732135335,-3.227112611181669,-0.2657645864200086,4.247205519706689,0.0,57.08499030210256,44.36029649522364,13.95395483035118,0.2849007070166195,120.1574344034192,1972.3926593469737,1.274,1.0150000015428002,0.0,11.92836957396308,300.0001285565649,0.1679865562590669,7.881627176272872e-06,-0.0700618961178865,0.0070297280899161,0.0122787819195021,4.372413869930125,9.958250959164898,57.08439946698023,5.340752882063515
5.08,31.221445815703333,131.0119484034283,123.68536100486256,4.409290868203516,-0.0072413580292312,-3.175534343810024,-0.2623267542108745,3.087362491577679,0.0,57.05901981343688,44.34587442008009,13.913796744345897,0.2858548962190792,120.16138029293695,1970.5804602931305,1.274,1.0150000015428002,0.0,11.929899718234717,300.00012855656485,0.1679103114283531,7.86577052750939e-06,-0.0954041779059959,0.0069988982459958,0.0167124150330502,4.409296802680843,9.97483292320669,57.05788234358058,4.436737635818971
5.09,31.22144381488749,131.011952433746,123.7791817160424,4.431585014517037,-0.0106868199261219,-3.121586404086551,-0.2579995723692643,1.929427981041817,0.0,57.033176908956825,44.33146734523908,13.8591188083589,0.2867832487310342,120.16523175233571,1968.7780702888008,1.274,1.0150000015428002,0.0,11.931417024663428,300.0001285565649,0.1678344403666888,7.861188714342182e-06,-0.1209042729896292,0.0069478437490629,0.0211696073516855,4.431597874489135,9.98511021592496,57.03149822721805,3.678798416813271
5.1,31.221441814685324,131.0119564627446,123.87220457342433,4.4392709605849845,-0.0140864737979483,-3.066265941153981,-0.2528028645690879,0.7771904779323566,0.0,57.00746152924277,44.31708643349168,13.789830667799794,0.2876818768119865,120.16897573083295,1966.9854723899248,1.274,1.0150000015428002,0.0,11.932921520342916,300.0001285565649,0.1677589429044015,7.86785241510677e-06,-0.1464775497922694,0.0068768278564986,0.0256355399736892,4.43929326503819,9.989005286987052,57.00524883113513,3.1733139065027856
5.11,31.22143981509421,131.0119604904262,123.96442994623705,4.432373381764196,-0.0174292390403498,-3.010568669923524,-0.246759067352381,-0.3656082774357031,0.0,56.98187371705778,44.30274257330334,13.705890458183935,0.2885471184342891,120.17259963945229,1965.2026568957328,1.274,1.0150000015428002,0.0,11.934413221696916,300.0001285565649,0.1676838191712612,7.885691083991404e-06,-0.1720396014226276,0.0067861782715576,0.0300954608383127,4.432407581384748,9.986513123962435,56.97913593863366,3.0427098393003584
5.12,31.22143781611108,131.0119645167939,124.05585755269486,4.41096501296475,-0.0207042728456058,-2.9554741024051348,-0.2398931358874439,-1.4952830776987591,0.0,56.95641361730584,44.288446344576,13.607304676083343,0.2893755688115847,120.17609140041544,1963.4296213315167,1.274,1.0150000015428002,0.0,11.93589213473411,300.0001285565649,0.1676090695963385,7.914593362277099e-06,-0.1975065076125076,0.0066762856434791,0.0345347301344916,4.4110135077214085,9.977700718354397,56.953161397803136,3.3208805111123194
5.13,31.22143581773238,131.01196854185176,124.14648645403452,4.375166151509211,-0.0239010025589126,-2.90193123226468,-0.2322324468246281,-2.608214791791186,0.0,56.93108147616447,44.27420798549322,13.494127899982155,0.2901641092094034,120.17943949343342,1961.6663703693632,1.274,1.0150000015428002,0.0,11.937358254847837,300.0001285565649,0.1675346949054862,7.954407659245252e-06,-0.2227950930372181,0.0065476018846393,0.0389388649529177,4.375231308224331,9.96270611374748,56.92732711557073,3.908698144685734
5.14,31.2214338199542,131.01197256560468,124.2363150734002,4.325144015102109,-0.0270091570639188,-2.8508448521647805,-0.2238066982943258,-3.7008597104308656,0.0,56.90587764029422,44.26003736055264,13.36646236311266,0.2909099326735496,120.1826329985858,1959.9129157572247,1.274,1.0150000015428002,0.0,11.93881156707102,300.0001285565649,0.1674606961190219,8.004942900382482e-06,-0.2478231816749937,0.0064006383113815,0.0432935831250822,4.325228185859367,9.941737035092222,56.90163505198077,4.6769400686352895
5.15,31.22143182277221,131.01197658805864,124.32534119882683,4.261111957713437,-0.0300187971614266,-2.8030626730652486,-0.2146478069755556,-4.769758731596363,0.0,56.88080255546643,44.2459439298944,13.224457380545516,0.2916105663614833,120.18566163552195,1958.1692762078587,1.274,1.0150000015428002,0.0,11.940252046112557,300.00012855656485,0.1673870745477019,8.065969439952371e-06,-0.2725098468649471,0.0062359636152932,0.0475848461927771,4.261217500007513,9.915069087290714,56.87608721405056,5.536590321471407
5.16,31.22142982618172,131.01198060922047,124.41356199019648,4.1833285465136605,-0.0329203449037995,-2.759363402721171,-0.2047898020635544,-5.811546417696185,0.0,56.85585676486717,44.23193672003914,13.068308633003117,0.2922638902142582,120.18851579876424,1956.435477263277,1.274,1.0150000015428002,0.0,11.94167965643018,300.0001285565649,0.167313831787771,8.137220134407063e-06,-0.2967756567108965,0.0060542016718481,0.0517989014500391,4.183457846174885,9.883043500911995,56.85068564946652,6.436621552984419
5.17,31.22142783017767,131.01198462909775,124.5009739991172,4.092096503171055,-0.0357046118430419,-2.720445927152677,-0.1942687158857683,-6.822959948143676,0.0,56.83104090728393,44.21802429615298,12.898257310067525,0.2928681517643299,120.19118658894672,1954.7115511540048,1.274,1.0150000015428002,0.0,11.943094352539983,300.0001285565649,0.167240969715643,8.218391572498439e-06,-0.3205429144569145,0.0058560291934946,0.0559223229962922,4.092252001314196,9.8460643935227,56.82543244033365,7.347880567245649
5.18,31.22142583475468,131.01198864769896,124.58757318482816,3.9877615129208177,-0.0383628261446275,-2.6869197239731544,-0.1831224708605274,-7.800847981508366,0.0,56.80635571475222,44.20421473595778,12.714589115668748,0.2934219769334442,120.19366583987154,1952.99753661884,1.274,1.0150000015428002,0.0,11.94449607912566,300.0001285565649,0.1671684904810213,8.309145457291377e-06,-0.343735893429367,0.0056421732344491,0.0599420517335139,3.987945738501188,9.804595507054511,56.800329696563125,8.252654159300096
5.19,31.22142383990708,131.01199266503332,124.6733549191668,3.870710905169304,-0.0408866585142605,-2.659296620329719,-0.1713907624604997,-8.742179430948942,0.0,56.781802010121886,44.190515605408045,12.517633138971515,0.2939243767352349,120.19594614132272,1951.2934787234049,1.274,1.0150000015428002,0.0,11.945884771402683,300.0001285565649,0.1670963964997474,8.409110134583641e-06,-0.3662810661001708,0.0054134085546731,0.0638454342346146,3.8709265152260457,9.759156375142634,56.77537954936607,9.139307113302443
5.2,31.221421845628928,131.0119966811107,124.75831402235202,3.741372209475109,-0.0432682468765887,-2.6379839908401674,-0.159114937838485,-9.644052145218277,0.0,56.757380703996354,44.17693393625514,12.30776059403388,0.2943747498571167,120.19802085762448,1949.5994286314155,1.274,1.0150000015428002,0.0,11.94726035517292,300.00012855656485,0.1670246904448523,8.517882261493897e-06,-0.3881073267820007,0.0051705548507505,0.0676202604015199,3.741622039881917,9.710317870272528,56.75058414431629,9.999600935990475
5.21,31.221419851914032,131.0120006959417,124.8424447699412,3.6002115912083483,-0.0455002197411932,-2.6232794725583792,-0.1463378697907404,-10.50370147604734,0.0,56.7330927917778,44.16347620561912,12.085383431890849,0.2947728811551827,120.19988414198568,1947.9154433850897,1.274,1.0150000015428002,0.0,11.948622747298042,300.0001285565649,0.1669533752379098,8.635028608183472e-06,-0.4091462074168502,0.00491447386167,0.0712547998249146,3.600498721852868,9.658697079259843,56.72594563472523,10.827315210207937
5.22,31.221417858755963,131.0120047095375,124.92574092065982,3.4477321712856024,-0.0475757181821226,-2.6153672546651348,-0.1331038257783484,-11.318508701034824,0.0,56.708939350325295,44.15014831768368,11.850952829024829,0.295118936151495,120.20153094671568,1946.2415856636392,1.274,1.0150000015428002,0.0,11.9499718560819,300.0001285565649,0.1668824540392107,8.76008798485432e-06,-0.4293320858713376,0.0046460663578186,0.0747378367483808,3.448060011264007,9.604951458272035,56.70146617484756,11.617508412762717
5.23,31.22141586614813,131.01200872190992,125.00819573429234,3.2844722347373656,-0.0494884163528705,-2.61431598052257,-0.1194583317941531,-12.086009260071876,0.0,56.68492153400814,44.13695558762952,11.604957556520231,0.295413451676681,120.20295702944168,1944.57792349299,1.274,1.0150000015428002,0.0,11.951307581325164,300.0001285565649,0.1668119302362397,8.892573285296988e-06,-0.4486023861033689,0.0043662690218455,0.0780587035311527,3.284844635721357,9.54977222589756,56.67714791271212,12.366104405737236
5.24,31.221413874083783,131.01201273307117,125.08980200746352,3.1110033333914178,-0.05123254045571,-2.6200782791495434,-0.1054480309483016,-12.803900753247344,0.0,56.66104057117535,44.12390272791145,11.347922234563349,0.2956573228485482,120.20415895549664,1942.924529992896,1.274,1.0150000015428002,0.0,11.95262981507181,300.0001285565649,0.1667418074332964,9.031973637370184e-06,-0.4668977695201646,0.0040760512304366,0.0812073124990746,3.1114247433646445,9.493876965620492,56.65299298361174,13.069652021959499
5.25,31.221411882556005,131.01201674303397,125.1705520875522,2.9279260186502305,-0.0528028593018779,-2.6324914699603803,-0.0911205629688118,-13.470048822588629,0.0,56.637282102487504,44.11099383698039,11.08040547733732,0.2958517866216817,120.20513409667694,1941.2804097314083,1.274,1.0150000015428002,0.0,11.953922624561011,300.0001285565649,0.1666720433624634,9.177756649907837e-06,-0.4841623168113347,0.0037764117464168,0.0841741627936153,2.92840169464908,9.43800308891784,56.62898784991801,13.725178672036703
5.26,31.2214098915578,131.0120207518114,125.2504379104622,2.7358745305307104,-0.0541947790208934,-2.65128162613524,-0.0765243499933882,-14.08249900158859,0.0,56.61366246025142,44.09823240243369,10.802997933772204,0.2959984021807097,120.20588062659874,1939.6466721550028,1.274,1.0150000015428002,0.0,11.955201007573864,300.00012855656485,0.166602686074261,9.329370760801092e-06,-0.5003436774263367,0.0034683756534745,0.0869504319968472,2.7364108405540293,9.382894089509303,56.605149565539065,14.330105664891931
5.27,31.22140790108209,131.012024759417,125.32945101950368,2.5355079913151566,-0.0554042805548374,-2.6760666463541862,-0.0617084849683801,-14.63948015559674,0.0,56.59018393089968,44.08562126742729,10.516320242689186,0.2960990285293177,120.2063975131553,1938.0234628979767,1.274,1.0150000015428002,0.0,11.956465708231365,300.0001285565649,0.166533742284414,9.48624760128603e-06,-0.5153932750035372,0.0031529902764974,0.0895279470723739,2.536112853223365,9.32929430005644,56.58148104821755,14.882188006437667
5.28,31.22140591112178,131.0120287658645,125.40758260813428,2.32751013744084,-0.0564279542114071,-2.706362411255629,-0.0467225614237353,-15.139411549682276,0.0,56.56684799629025,44.0731626460119,10.221020870285242,0.296155799463312,120.20668450758504,1936.4108723828288,1.274,1.0150000015428002,0.0,11.957716592666817,300.0001285565649,0.166465216340302,9.647804484265552e-06,-0.5292664345816585,0.0028313219454582,0.0918992228002148,2.328193677990093,9.277937270188986,56.557984315402734,15.379478618258046
5.29,31.221403921669708,131.01203277116778,125.48482354082948,2.112587100781727,-0.0572630109582372,-2.741590012771137,-0.0316165072606497,-15.580908657230616,0.0,56.54365618976768,44.06085811944796,9.917773874771212,0.2961710964208779,120.20674213114788,1934.8089945193567,1.274,1.0150000015428002,0.0,11.958953521423023,300.0001285565649,0.1663971127402245,9.813446916067177e-06,-0.5419225174935218,0.0025044524482868,0.094057484741273,2.11336268177155,9.229534826559586,56.53466133853767,15.820304358217061
5.3,31.22140193271876,131.01203677534104,125.5611643878696,1.8914650040536545,-0.0579072902926715,-2.781084250116189,-0.016440415701145,-15.962788244285845,0.0,56.52061009091651,44.04870863807849,9.607276593761648,0.2961475195335963,120.20657165946862,1933.217926334832,1.274,1.0150000015428002,0.0,11.96017634988368,300.0001285565649,0.1663294361180238,9.982571138255368e-06,-0.5533250441347413,0.0021734754305835,0.0959966888236255,1.8923508917751988,9.184765909674226,56.511514036576415,16.203249934054067
5.31,31.221399944261872,131.01204077839853,125.63659545813928,1.6648874975999444,-0.0583592659937152,-2.8241032977366314,-0.0012443735459281,-16.284072698749686,0.0,56.49771132040856,44.036714526229744,9.290247261362923,0.296087857249454,120.20617510480164,1931.637767613112,1.274,1.0150000015428002,0.0,11.961384928794708,300.0001285565649,0.1662621912279692,1.0154566685932435e-05,-0.5634418026755383,0.0018394927708965,0.097711538458592,1.6659097289379428,9.144265333995154,56.48854426992792,16.52714689965928
5.32,31.22139795629201,131.01204478035456,125.71110683490744,1.4336132453036836,-0.0586180496884057,-2.869839406334348,0.01392171237124,-16.54399353378661,0.0,56.47496153459976,44.024875489932114,8.967422563011825,0.2959950549060069,120.20555519647792,1930.068620512664,1.274,1.0150000015428002,0.0,11.962579104659708,300.0001285565649,0.1661953829289558,1.0328818947161313e-05,-0.5722449430494805,0.001503610943638,0.0991974990793562,1.4348108919860822,9.10861275252891,56.46575383449258,16.7910659005972
5.33,31.22139596880228,131.01204878122337,125.78468840465132,1.1984133683221712,-0.0586833921847289,-2.9174304837837566,0.0290082895444685,-16.74199400246816,0.0,56.45236242044811,44.013190627450605,8.639555136497638,0.2958721826292812,120.20471535978112,1928.5105892151907,1.274,1.0150000015428002,0.0,11.963758720566844,300.00012855656485,0.1661290161695701,1.0504711707927208e-05,-0.5797110556121016,0.0011669373820089,0.1004508100079695,1.1998490903759198,9.078322142725526,56.44314445637099,16.994310968299153
5.34,31.22139398178588,131.01205278101924,125.85732989482348,0.960068855424738,-0.0585556825327208,-2.965972390764304,0.0439663338966787,-16.87773076996345,0.0,56.429915689703975,44.00165844259942,8.307411027948769,0.2957224029281189,120.20365969348096,1926.9637795190529,1.274,1.0150000015428002,0.0,11.964923616368631,300.0001285565649,0.1660630959710809,1.0681629666983764e-05,-0.5858212339389327,0.000830576853468,0.1014684935659311,0.9618527196002108,9.05383215214444,56.42071778620159,17.136415062803056
5.35,31.221391995236168,131.01205677975628,125.9290209106275,0.7193679492862959,-0.0582359447940724,-3.0145317765075403,0.0587475224857062,-16.951074600849005,0.0,56.4076230735866,43.99027686079454,7.971767111867441,0.2955489383426693,120.20239294623416,1925.4282984682363,1.274,1.0150000015428002,0.0,11.966073629418924,300.00012855656485,0.1659976274118475,1.085896090507082e-05,-0.5905611213195749,0.0004956278604172,0.1022483613638136,0.7217212020718865,9.035497644862607,56.398475394344665,17.217136324793394
5.36,31.22139000914669,131.01206077744845,125.99975096781668,0.477103518045677,-0.0577258325120719,-3.0621592730806886,0.0733044036388793,-16.962110031515078,0.0,56.385486317307965,43.97904324777959,7.633408484550408,0.2953550394924837,120.2009204920368,1923.9042539751008,1.274,1.0150000015428002,0.0,11.96720859520208,300.0001285565649,0.1659326156112468,1.1036099293298556e-05,-0.5939209406050237,0.0001631790787713,0.1027890177194452,0.4805829394090294,9.02358277093406,56.37641876627488,17.23645467230809
5.37,31.221388023511185,131.0120647741095,126.0695095225095,0.2340704216642003,-0.0570276208906184,-3.107902862470868,0.0875905633247573,-16.91113401125457,0.0,56.36350717430336,43.96795443094084,7.293125840429334,0.2951439538518844,120.19924830489028,1922.3917544207595,1.274,1.0150000015428002,0.0,11.968328347692475,300.0001285565649,0.1658680657127709,1.1212446826023588e-05,-0.5958955071730417,-0.0001656941529601,0.1030898601731488,0.2409171927229398,9.018255839340451,56.35454929804031,17.194568498684383
5.38,31.221386038323583,131.0120687697529,126.1382860179048,-0.0089371171974469,-0.0561441967093799,-3.1508212294381965,0.1015607865830929,-16.798653509951187,0.0,56.34168740074198,43.957006723109046,6.951712840999193,0.2949188955608275,120.19738293281496,1920.890908276012,1.274,1.0150000015428002,0.0,11.969432720001652,300.0001285565649,0.1658039828679442,1.1387415864258204e-05,-0.5964842248916687,-0.000489933281594,0.1031510770902768,0.0568510585852585,9.019586211321668,56.33286829235715,17.091891316078662
5.39,31.221384053578088,131.01207276439175,126.20606990813404,-0.2511281281576994,-0.0550790460162228,-3.1899969146210374,0.1151712128692278,-16.625382104821867,0.0,56.32002875001683,43.946195948726576,6.609963486071464,0.2946830165581046,120.19533147132152,1919.4018237241592,1.274,1.0150000015428002,0.0,11.970521544989484,300.0001285565649,0.1657403722201562,1.1560431276567082e-05,-0.5956910650816124,-0.0008084999119643,0.1029736423603158,0.2570972941045897,9.027543349855582,56.31137695503281,16.929048256027173
5.4,31.221382069269165,131.01207675803892,126.27285069702371,-0.4917174843390793,-0.0538362396555043,-3.224549086767224,0.128379484230351,-16.392235573158175,0.0,56.29853296707278,43.93551747223994,6.268669497088803,0.2944393792992434,120.19310153642368,1917.9246082705824,1.274,1.0150000015428002,0.0,11.971594655677622,300.0001285565649,0.1656772388880495,1.1730932465502867e-05,-0.5935245286004222,-0.0011203790924693,0.1025593072225838,0.4946557934037288,9.041998068101588,56.29007639156721,16.706872394043565
5.41,31.221380085391527,131.01208075070676,126.33861798083328,-0.7299284602693685,-0.0524204167069953,-3.2536457601465094,0.1411448853160683,-16.100326532026592,0.0,56.27720178305656,43.92496622856212,5.928617722167202,0.2941909312974714,120.19070123725189,1916.4593683773203,1.274,1.0150000015428002,0.0,11.9726518859326,300.0001285565649,0.1656145879498338,1.1898375268897703e-05,-0.5899975912936357,-0.0014245825019737,0.101910589271067,0.7318082457424415,9.06272592254565,56.26896760440407,16.426400915874716
5.42,31.22137810194021,131.01208474240724,126.403361463162,-0.9649952471832636,-0.0508367659241851,-3.276515292921959,0.1534284743299052,-15.750958178954336,0.0,56.25603690986255,43.91453675543202,5.590587572391631,0.2939404816996397,120.18813914830608,1915.006209090768,1.274,1.0150000015428002,0.0,11.97369307096913,300.0001285565649,0.1655524244272991,1.2062233726742103e-05,-0.5851276331781571,-0.0017201515270755,0.101030758709171,0.9663332548795311,9.089412603965268,56.24805149039232,16.088871194607012
5.43,31.22137611891057,131.01208873315184,126.4670710056399,-1.196165416615347,-0.04909100527443,-3.292457014457272,0.1651932041515299,-15.3456171995285,0.0,56.23504003482464,43.90422322748386,5.255348498682022,0.2936906800819998,120.1854242813643,1913.5652336820967,1.274,1.0150000015428002,0.0,11.974718047907382,300.0001285565649,0.16549075327024,1.2222001705924648e-05,-0.5789363518375858,-0.0020061602193146,0.099923821945953,1.1971722017206412,9.121661098341342,56.22732883869174,15.695716906889333
5.44,31.22137413629823,131.0120927229515,126.52973665674882,-1.4227023235419065,-0.0471893596960127,-3.300850843842775,0.1764040329969697,-14.885965918160636,0.0,56.214212815357925,43.89401949182513,4.923657518271969,0.2934439976237755,120.18256605704724,1912.1365432810967,1.274,1.0150000015428002,0.0,11.97572665616844,300.0001285565649,0.1654295793407723,1.2377194376747955e-05,-0.571449660616892,-0.0022817181225557,0.0985945026421701,1.4234845553756972,9.15900032704249,56.206800328908514,15.248564391207298
5.45,31.221372154099225,131.01209671181667,126.59134867368856,-1.643887440622476,-0.045138537198008,-3.301165778153241,0.1870280241330511,-14.373833776826755,0.0,56.19355687407042,43.8839191049129,4.596256799506665,0.2932027107885954,120.17957427602408,1910.720236547986,1.274,1.0150000015428002,0.0,11.976718738211323,300.00012855656485,0.165368907398979,1.2527349536849828e-05,-0.5626975723020352,-0.0025459729614814,0.0970482203328701,1.6445068701188763,9.200894934465056,56.18646652996111,14.749229553454883
5.46,31.221370172309864,131.01210069975718,126.65189757306617,-1.8590226156671537,-0.0429457034355031,-3.2929671466194104,0.1970344343155902,-13.811208233096568,0.0,56.17307379357361,43.87391537050354,4.273871313273732,0.2929688876153662,120.17645908983448,1909.3164093211053,1.274,1.0150000015428002,0.0,11.977694139820592,300.0001285565649,0.1653087420877151,1.2672028779911004e-05,-0.5527140690575298,-0.002798113182906,0.0952910667643562,1.8595184246881176,9.24675587365719,56.16632789888445,14.19971577373911
5.47,31.22136819092686,131.0121046867823,126.71137413785095,-2.067432244748032,-0.0406184549022226,-3.275922545889021,0.2063947907804572,-13.200225173202568,0.0,56.15276511183226,43.86400137844706,3.957206558938896,0.2927443766928261,120.1732309712922,1907.9251543044284,1.274,1.0150000015428002,0.0,11.97865271077146,300.0001285565649,0.1652490879189736,1.2810818508294724e-05,-0.5415369594694355,-0.0030373703424058,0.0933297800991922,2.0678310446916472,9.295951444232369,56.14638478039064,13.602213494853553
5.48,31.22136620994725,131.01210867290058,126.76976946408992,-2.2684653540517643,-0.0381647908844982,-3.2498063912427,0.2150829567707422,-12.54315893805138,0.0,56.13263231747938,43.85417004408868,3.646946372172821,0.2925307988631675,120.16990068443452,1906.5465607550327,1.274,1.0150000015428002,0.0,11.9795943052792,300.00012855656485,0.1651899492601317,1.2943330790497183e-05,-0.5292077236027278,-0.0032630213296106,0.0911717171498403,2.268786206906375,9.347818459948495,56.12663740658927,12.95910253081105
5.49,31.22136422936845,131.01211265812017,126.82707498376568,-2.461497584040743,-0.0355930843244728,-3.2145030388661286,0.223075185734096,-11.842412060063236,0.0,56.11267684518321,43.84441414803653,3.343750821535787,0.2923295416725535,120.16647925397773,1905.1807141706995,1.274,1.0150000015428002,0.0,11.980518782304724,300.0001285565649,0.1651313303203903,1.3069204065980673e-05,-0.5157713470286354,-0.0034743904263388,0.0888248238097413,2.461754749033449,9.401673260331808,56.10708589693119,12.272958719302409
5.5,31.22136224918824,131.0121166424483,126.88328248367996,-2.645933070024373,-0.0329120517413795,-3.170008454627986,0.2303501644654654,-11.100504806525135,0.0,56.09290007156356,43.8347263760524,3.0482542001394566,0.2921417565582956,120.1629779342438,1903.8276960195417,1.274,1.0150000015428002,0.0,11.981426006201726,300.00012855656485,0.1650732351387873,1.3188103701539372e-05,-0.5012761448098805,-0.0036708511926164,0.086297603856736,2.646137608679938,9.456822327000063,56.0877302588496,11.546567531538098
5.51,31.221360269404745,131.01212062589178,126.93838414819253,-2.821206213955669,-0.0301307223562581,-3.1164304248493786,0.2368890455966495,-10.320064620894785,0.0,56.07330331097373,43.82509935882157,2.7610631181396768,0.291968358735429,120.15940817752907,1902.4875834590823,1.274,1.0150000015428002,0.0,11.98231584700428,300.0001285565649,0.1650156675718353,1.3299722404852964e-05,-0.4857735764493609,-0.003851828176478,0.0835990863033129,2.821366978658944,9.512572316232644,56.06857038839179,10.782948984034691
5.52,31.22135829001646,131.01212460845665,126.99237256418834,-2.986783342735211,-0.0272584065645514,-3.05398732415132,0.2426754699469366,-9.50381554739855,0.0,56.05388781168012,43.81552571136088,2.4827547012387257,0.291810029717799,120.1557816018936,1901.160449083176,1.274,1.0150000015428002,0.0,11.98318818087626,300.0001285565649,0.1649586312823241,1.3403780502209237e-05,-0.4693180528111649,-0.0040167984442687,0.0807387914703768,2.986907612231388,9.568239369818142,56.04960607135105,9.985401339894423
5.53,31.221356311022248,131.01212859014828,127.04524075487096,-3.1421650087925697,-0.0243046473438852,-2.983005159752915,0.2476955686008703,-8.6545677761674,0.0,56.0346468273713,43.80599807182724,2.2138748997978017,0.2916672223833294,120.15210995836225,1899.845823300892,1.274,1.0150000015428002,0.0,11.984034930862506,300.0001285565649,0.1649021064069197,1.3500026088567948e-05,-0.4519667360128747,-0.0041652929289863,0.0777266849647142,3.1422589113632413,9.623159073973236,56.03082906240861,9.157576986850406
5.54,31.221354332421303,131.0121325709714,127.09698219765204,-3.286885352922026,-0.0212792317809348,-2.9039144147717133,0.251937990609524,-7.775207197945409,0.0,56.0155866872702,43.79650914417194,1.9549369125882368,0.2915401684668548,120.14840509754264,1898.5441235365688,1.274,1.0150000015428002,0.0,11.98486123191302,300.0001285565649,0.1648461115625455,1.3588235071159452e-05,-0.4337793340756352,-0.0042968974641244,0.074573172120547,3.286954157290128,9.676690212597247,56.01224415343519,8.303615998492068
5.55,31.2213523542132,131.01213655093005,127.14759084800455,-3.420514950147665,-0.0181921263035491,-2.817244139133284,0.2553938862644495,-6.868685171533714,0.0,55.996711349097644,43.78705172567739,1.7064197281868758,0.2914288883424892,120.14467893575257,1897.2556059555995,1.274,1.0150000015428002,0.0,11.9856699225117,300.0001285565649,0.1647906583880302,1.3668211073102154e-05,-0.4148178890490021,-0.0044112539921262,0.0712890378579745,3.420563270044518,9.728224374641655,55.99385373662824,7.428386538291422
5.56,31.221350376397808,131.01214053002775,127.19706115039588,-3.5426620131252555,-0.0150534424680809,-2.7236154278690647,0.258056893255822,-5.938008595596688,0.0,55.97802176356807,43.77761874663549,1.4687667877574364,0.2913332029241927,120.14094342049232,1895.980322699628,1.274,1.0150000015428002,0.0,11.986460908157497,300.0001285565649,0.1647357496739061,1.3739785261916291e-05,-0.3951465610485432,-0.0045080613123817,0.0678854090398912,3.542693954678953,9.777191974246668,55.97565717438183,6.537937017168596
5.57,31.22134839897534,131.0121445082672,127.24538805816373,-3.6529731472029727,-0.0118734102000081,-2.6237339309978545,0.2599231204587122,-4.986230213249862,0.0,55.95951880003861,43.768203305790855,1.2423847715612188,0.2912527475060389,120.13721049547516,1894.718320351496,1.274,1.0150000015428002,0.0,11.987234102033671,300.0001285565649,0.1646813879722113,1.380281609203492e-05,-0.3748314095960215,-0.0045870756417745,0.0643737208903191,3.652992417318253,9.823066783363709,55.95765372913909,5.640392850568497
5.58,31.22134642194632,131.01214848565058,127.29256704942044,-3.7511342622829296,-0.0086623449890142,-2.518381242634572,0.2609911239568295,-4.016439215397449,0.0,55.94120324359718,43.758798702274845,1.0276425107452318,0.2911869873363868,120.13349206528868,1893.4696397487955,1.274,1.0150000015428002,0.0,11.9879894253095,300.0001285565649,0.164627575587929,1.3857188967203763e-05,-0.3539401722197882,-0.0046481110416732,0.0607656788252309,3.7511442497796055,9.86537022184568,55.93984256563335,4.7478568239807295
5.59,31.221344445311576,131.01215246217944,127.3385941350016,-3.836871354388324,-0.005430615260756,-2.4084054044801824,0.2612618779429023,-3.031752152827256,0.0,55.923075792824896,43.74939846627797,0.8248700259800708,0.2911352347016006,120.12979995975104,1892.2343158392428,1.274,1.0150000015428002,0.0,11.98872680722898,300.0001285565649,0.1645743145724495,1.39028158382621e-05,-0.3325420412287019,-0.0046910396626575,0.0570732200693728,3.836875191820804,9.903674920082212,55.92222275377579,3.880746768003332
5.6,31.22134246907224,131.01215643785483,127.38346587536402,-3.909951156396224,-0.0021886099871305,-2.294710649658316,0.2607387411515703,-2.035304159256825,0.0,55.90513705820218,43.73999638772121,0.6343576939965936,0.2910966672810509,120.12614589807032,1891.0123775851853,1.274,1.0150000015428002,0.0,11.98944618553678,300.0001285565649,0.1645216067188712,1.393963474722401e-05,-0.3107074393329028,-0.0047157918090144,0.0533084751721517,3.9099517679864464,9.937607611783156,55.904793272149405,3.078334724730358
5.61,31.221340493229647,131.012160412677,127.42717938952896,-3.970181657931241,0.0010532933943064,-2.1782465193979985,0.2594274194160959,-1.0302404779002905,0.0,55.887387560348685,43.73058654278047,0.4563555426842463,0.2910703475221421,120.12254145293268,1889.8038478526537,1.274,1.0150000015428002,0.0,11.99014750642498,300.0001285565649,0.1644694535568536,1.3967609328170631e-05,-0.2885077947240601,-0.0047223558253439,0.0494837295234705,3.970181797427539,9.966851414069582,55.88755301128816,2.423521389944518
5.62,31.22133851778545,131.01216438664596,127.4697323570702,-4.017412494623684,0.0042847606853442,-2.059996490006139,0.2573359248581789,-0.0197082752597711,0.0,55.869827728932464,43.721163318136895,0.2910726750630408,0.2910552427743652,120.11899801465884,1888.6087433482285,1.274,1.0150000015428002,0.0,11.990830724834767,300.0001285565649,0.1644178563494129,1.3986728274883251e-05,-0.2660153161690848,-0.004710777807962,0.0456113849623034,4.017414775827353,9.991147548344356,55.87050077756641,2.0761010893436627
5.63,31.221336542741525,131.012168359761,127.5111230250708,-4.051535207369839,0.0074955321997313,-1.9409662507559449,0.2544745321249006,0.9931512816664168,0.0,55.85245790166692,43.71172143284407,0.1386768221230604,0.2910502459146548,120.11552675558204,1887.4270745619056,1.274,1.0150000015428002,0.0,11.991495804527435,300.0001285565649,0.164366816089974,1.3997004784390916e-05,-0.2433027686157932,-0.0046811611441217,0.0417039215591489,4.05154212934853,10.0102965502998,55.85363529710823,2.1950983445735233
5.64,31.221334568099937,131.01217233202095,127.55135021806248,-4.0724833724444025,0.0106754535506458,-1.8221717750283424,0.2508557319859587,2.005210714649424,0.0,55.83527832360953,43.702255957720894,-0.0007059757601481,0.291054196192252,120.112138594809,1886.2588457297093,1.274,1.0150000015428002,0.0,11.992142718137613,300.0001285565649,0.1643163335003147,1.3998475984729029e-05,-0.2204432497592491,-0.0046336658823368,0.0377738596456295,4.072497340963967,10.024159010560236,55.83695521992225,2.721049170104246
5.65,31.22133259386296,131.01217630342424,127.5904133350424,-4.08023260358238,0.0138145059055628,-1.7046273272201853,0.2464941824984498,3.0133637243351177,0.0,55.81828914681592,43.692762332198114,-0.1269915593837048,0.2910659000221874,120.10884416353572,1885.1040548204708,1.274,1.0150000015428002,0.0,11.992771447261989,300.00012855656485,0.1642664090295515,1.3991202354199974e-05,-0.1975099679740351,-0.0045685079373438,0.0338337221566594,4.080255949961118,10.032655879948589,55.820459124308194,3.4708607926349084
5.66,31.22133062003304,131.01218027396888,127.62831234847992,-4.074800427380767,0.0169028356635189,-1.5893335466852845,0.2414066578406406,4.014532518341109,0.0,55.80149043027838,43.68323637856637,-0.2401377140307811,0.2910841514589173,120.10565377109266,1883.962693542564,1.274,1.0150000015428002,0.0,11.99338198251258,300.0001285565649,0.1642170428539521,1.3975267138334524e-05,-0.1745760219817529,-0.0044859581334516,0.0298959973441486,4.074835425754737,10.035768365439605,55.80414552145713,4.324434025151409
5.67,31.221328646612765,131.01218424365243,127.66504780729852,-4.056246033574263,0.0199307835133928,-1.477265747377695,0.2356119948119813,5.005675015562377,0.0,55.784882140094574,43.673674313592144,-0.3401441065331652,0.2911077520891191,120.10257737189634,1882.834747365824,1.274,1.0150000015428002,0.0,11.993974323481208,300.0001285565649,0.1641682348774253,1.3950775769579584e-05,-0.1517141825954282,-0.0043863410902294,0.025973101916348,4.056294917428838,10.03353743479274,55.788012860184736,5.224424318707284
5.68,31.221326673604896,131.01218821247215,127.70062082594072,-4.0246699019145415,0.0228889128308216,-1.369362567987931,0.2291310368994931,5.98379196425784,0.0,55.76846414995253,43.66407275748717,-0.427052097273168,0.2911355300932857,120.09962453348427,1881.72019556446,1.274,1.0150000015428002,0.0,11.994548478704024,300.00012855656485,0.1641199847329425,1.391785529353565e-05,-0.1289966768635788,-0.0042700339546628,0.0220773446537079,4.024734880678161,10.026062939905664,55.7720595318768,6.142753547570815
5.69,31.221324701012257,131.01219218042493,127.73503309132758,-3.980213307566072,0.0257680373721017,-1.2665151022496164,0.2219865757215519,6.945934009178823,0.0,55.75223624192858,43.654428740235545,-0.5009444284998981,0.291166358239012,120.09680440580397,1880.6190112804736,1.274,1.0150000015428002,0.0,11.995104465626016,300.0001285565649,0.1640722917848808,1.3876653804325458e-05,-0.1064949749265775,-0.0041374649840949,0.0182208905502268,3.980296584054973,10.013502361339878,55.756283875637415,7.0639463335938455
5.7,31.22132272883779,131.0121961475074,127.76828683900284,-3.923057707101039,0.0285592482214465,-1.1695566328175953,0.2142032895829492,7.889208739129059,0.0,55.736198107612935,43.64473970530212,-0.5619447905151601,0.2911991705864923,120.09412569192216,1879.5311616111867,1.274,1.0150000015428002,0.0,11.99564231058324,300.0001285565649,0.1640251551323071,1.382733989045443e-05,-0.0842795798965452,-0.0039891119844495,0.014415725528997,3.923161496662832,9.996069169369498,55.7406841836474,7.978305603083032
5.71,31.22132075708448,131.01220011371595,127.8003848630734,-3.853424007355763,0.0312539399457754,-1.0792530847099204,0.2058076788119559,8.810787741028339,0.0,55.72034934932648,43.63500351076185,-0.6102172674621607,0.2912329777066548,120.09159662030896,1878.4566077004088,1.274,1.0150000015428002,0.0,11.99616204857215,300.0001285565649,0.1639785736125504,1.3770102091317412e-05,-0.0624198210788375,-0.0038255006084246,0.0106736217816498,3.853550559679704,9.974030790531296,55.72525870648949,8.87902723494917
5.72,31.221318785755376,131.01220407904682,127.83133048837898,-3.771571719547112,0.0338438359075406,-0.9962943058699614,0.196827997502715,9.707913680018825,0.0,55.70468948181386,43.625218427908806,-0.6459656646335892,0.2912668802351104,120.08922491884006,1877.3953048628675,1.274,1.0150000015428002,0.0,11.99666372319632,300.00012855656485,0.1639325458061599,1.3705148363361896e-05,-0.0409836508678097,-0.0036472025185515,0.0070061037841805,3.771723344314964,9.947706163027206,55.710005658817536,9.76088785015003
5.73,31.22131681485357,131.01220804349586,127.86112756949808,-3.677798001267748,0.036321012682468,-0.92128627288938,0.1872941812566602,10.577907417524324,0.0,55.689217934086514,43.61538313741799,-0.6694327194054739,0.2913000806100572,120.08701779064738,1876.3472027180208,1.274,1.0150000015428002,0.0,11.997147386471262,300.0001285565649,0.1638870700423057,1.3632705553833498e-05,-0.0200374456703897,-0.0034548334202364,0.0034244150448736,3.6779770991308536,9.917462860052678,55.69492322503511,10.619603233674182
5.74,31.22131484438212,131.01221200705902,127.88978047882256,-3.5724365891409304,0.0386779235242808,-0.8547443094948722,0.1772377705054483,11.41817517076093,0.0,55.67393405156847,43.60549672314965,-0.6808991981070335,0.2913318928696443,120.08498189193033,1875.312245344152,1.274,1.0150000015428002,0.0,11.99761309864693,300.0001285565649,0.1638421444050678,1.3553018879047216e-05,0.0003541887622701,-0.0032490509701493,-6.0514355184419965e-05,3.5726456899748475,9.883713757076247,55.68000956512704,11.451494456711274
5.75,31.22131287434409,131.01221596973195,127.91729407574368,-3.455856625133117,0.0409074208150533,-0.7970873940168866,0.1666918290053405,12.226215708202671,0.0,55.65883709848272,43.59555866369941,-0.6806828813542584,0.2913617504128662,120.08312331182442,1874.2903714487004,1.274,1.0150000015428002,0.0,11.998060927994793,300.0001285565649,0.1637977667404258,1.346635140324884e-05,0.0201286071841691,-0.0030305525655964,-0.0034380993633539,3.4560984362064278,9.846913217917846,55.665262820572295,12.253305065289917
5.76,31.221310904742488,131.01221993151043,127.94367371261924,-3.328461379740302,0.0430027774336428,-0.7486336198265579,0.155690857120397,12.99962756621484,0.0,55.643926260451714,43.5855688218102,-0.6691374406102749,0.2913892116572384,120.08144755440632,1873.2815145508448,1.274,1.0150000015428002,0.0,11.998490950541596,300.0001285565649,0.163753934663896,1.3372983513375852e-05,0.0392253094405595,-0.0028000730208018,-0.0066981306270491,3.3287388474586312,9.807552775419271,55.65068112030101,13.022096943273702
5.77,31.221308935580296,131.01222389239,127.96892519600884,-3.1906868754952185,0.0449577069720691,-0.7095968597249946,0.144270699556678,13.736116262769892,0.0,55.62920064749777,43.57552743177536,-0.646651208990839,0.2914139635576,120.07995952289409,1872.285603196324,1.274,1.0150000015428002,0.0,11.99890324994518,300.0001285565649,0.1637106455692846,1.3273212384412208e-05,0.0575861193119407,-0.0025583821363542,-0.0098308041584366,3.1910032659175607,9.76615628598896,55.63626258687039,13.755189265234181
5.78,31.22130696686041,131.01222785236632,127.99305478071088,-3.043000414538674,0.0467663827259995,-0.6800846715164623,0.1324684472729091,14.433501475058687,0.0,55.6146592967756,43.5654350849705,-0.613645849606733,0.2914358229798912,120.07866350608462,1871.3025611440555,1.274,1.0150000015428002,0.0,11.999297916855555,300.0001285565649,0.1636678966367519,1.316735142955892e-05,0.0751553571032892,-0.0023062821684081,-0.0128267499089909,3.0433594202230965,9.723274543987507,55.62200534218026,14.450122071473162
5.79,31.22130499858564,131.012231811435,128.0160691389523,-2.8858990141833454,0.0484234553796261,-0.6600974677934103,0.1203223333719616,15.089724139347508,0.0,55.60030117637432,43.55529271366232,-0.5705749250293792,0.2914547359544952,120.07756316705276,1870.332307634946,1.274,1.0150000015428002,0.0,11.999675049110143,300.0001285565649,0.1636256848439121,1.3055729729128184e-05,0.0918800054335947,-0.0020446052046011,-0.0156770591655224,2.8863048986255504,9.679479351515644,55.60790751405292,15.104634412408075
5.8,31.22130303075868,131.0122357695918,128.037975348462,-2.719907754834441,0.0499240693090157,-0.6495289580626032,0.1078716228702449,15.702853423571062,0.0,55.58612518840315,43.54510157325021,-0.5179223717774757,0.2914707748625873,120.0766615341166,1869.3747576045432,1.274,1.0150000015428002,0.0,12.00003475098841,300.0001285565649,0.163584006974901,1.2938691431908236e-05,0.1077098676533784,-0.0017742104540259,-0.0183733106739969,2.7203655517195497,9.635357053331042,55.59396724187975,15.716651354424707
5.81,31.22130106338209,131.0122397268324,128.05878085867687,-2.5455780447880905,0.0512638774208652,-0.6481678564024826,0.0951564963468544,16.271093516498684,0.0,55.572130172926784,43.53486322310192,-0.4562008840501456,0.2914841336370362,120.07596099406123,1868.4298219565253,1.274,1.0150000015428002,0.0,12.00037713310538,300.0001285565649,0.1635428596319004,1.281659512274886e-05,0.122597718294087,-0.0014959814589877,-0.0209075953940321,2.546093839172433,9.59150156349812,55.5801826828874,16.284276482285478
5.82,31.221299096458328,131.0122436831528,128.0784934768295,-2.363485806863581,0.0524390544484847,-0.6557008324991719,0.0822179275879411,16.79279017172941,0.0,55.55831491172622,43.524579506150005,-0.3859502112740246,0.2914951210859614,120.07546328759572,1867.497407822637,1.274,1.0150000015428002,0.0,12.000702311932487,300.0001285565649,0.1635022392461613,1.2689813150275124e-05,0.136499444937659,-0.0012108232366731,-0.0232725397837079,2.364067142398932,9.54850693196067,55.56655201798708,16.805787845890737
5.83,31.22129712998968,131.01224763854893,128.09712133614178,-2.174229592088455,0.0534463086262042,-0.6717166687590876,0.0690975554613761,17.2664369406899,0.0,55.54467813234994,43.51425252741874,-0.3077353743809622,0.2915041524714298,120.07516950700686,1866.5774188411249,1.274,1.0150000015428002,0.0,12.001010409424882,300.0001285565649,0.1634621420898864,1.2558730908947557e-05,0.1493741808856025,-0.0009196593592554,-0.0254613275130915,2.174886078798832,9.506959523341571,55.55307345765949,17.279636060463783
5.84,31.221295163978283,131.01225159301697,128.11467286402032,-1.9784286260120985,0.0542828916679586,-0.695711571193151,0.0558375503788686,17.690681026232994,0.0,55.53121851237009,43.50388463165237,-0.2221448060893319,0.2915117394978987,120.07508009596228,1865.669755449168,1.274,1.0150000015428002,0.0,12.001301552684252,300.0001285565649,0.1634225642887071,1.2423746070144555e-05,0.1611844280073885,-0.0006234289813421,-0.0274677195048152,1.9791728801047035,9.467429907108713,55.53974524777848,17.704443724507257
5.85,31.22129319842608,131.01225554655335,128.1311567731129,-1.7767207935523384,0.0549466069798298,-0.72709556722207,0.0424804758250705,18.06432868751268,0.0,55.51793468372293,43.493478380217645,-0.1297884208159518,0.2915184788850339,120.07519485140544,1864.7743151818247,1.274,1.0150000015428002,0.0,12.001575873550651,300.0001285565649,0.1633835018343942,1.228526775753292e-05,0.1718961691577804,-0.0003230838240381,-0.0292860722016155,1.7775699536358889,9.430464586037068,55.52656567524134,18.079005600010028
5.86,31.221291233334863,131.0122594991545,128.14658201459383,-1.5697605685994296,0.0554358160432678,-0.765199909666418,0.0290691455511714,18.386350127590536,0.0,55.50482523706378,43.48303652744983,-0.0312956201959244,0.291525039716211,120.0755129274803,1863.8909929689007,1.274,1.0150000015428002,0.0,12.001833508070089,300.0001285565649,0.1633449505976367,1.2143715662705549e-05,0.1814789695726161,-1.9585125241959703e-05,-0.0309113539639847,1.5707388718280346,9.39657771698182,55.513533073326535,18.402289176385775
5.87,31.221289268706208,131.01226345081733,128.1609577543107,-1.358216894901681,0.0557494429121624,-0.8092853932022431,0.0156464771417709,18.655883797728706,0.0,55.49188872645927,43.47256199661161,0.0726867594750127,0.2915321497682352,120.07603284141616,1863.019681455776,1.274,1.0150000015428002,0.0,12.002074596175104,300.0001285565649,0.163306906341794,1.1999519097887e-05,0.1899060666827881,0.0002860994339025,-0.032339159506493,1.359360346554883,9.366243002171393,55.5006458270922,18.673435354381205
5.88,31.221287304541512,131.01226740153868,128.17429335588983,-1.1427710250688334,0.0558869767777914,-0.8585514776358633,0.0022553427651497,18.87224005647058,0.0,55.479123674026944,43.4620578556283,0.1814965512400112,0.2915405810390247,120.07675248130325,1862.1602713209204,1.274,1.0150000015428002,0.0,12.002299281205588,300.0001285565649,0.1632693647364857,1.185311598341682e-05,0.1971544478268059,0.0005929988162097,-0.0335657222877384,1.1441365983720957,9.339885948435526,55.48790237841872,18.89175906249533
5.89,31.22128534084196,131.01227135131586,128.186598332033,-0.9241143247813552,0.0558484725649013,-0.9121461017868792,-0.0110615819945257,19.03490412736016,0.0,55.466528574594925,43.45152729275908,0.2944584059895586,0.2915511346980614,120.0776691156854,1861.312651590781,1.274,1.0150000015428002,0.0,12.002507709358657,300.0001285565649,0.1632323213712754,1.170495176870453e-05,0.2032049153927394,0.0009001417189047,-0.0345879247774989,0.9258002304416288,9.317876703235646,55.47530123076196,19.05674967058638
5.9,31.22128337760853,131.01227530014634,128.1978823276232,-0.70294604952628,0.0556345495329762,-0.9691760627216492,-0.0242619702513147,19.143538306349186,0.0,55.45410190073766,43.44097359235682,0.4108859782774669,0.2915646256893889,120.07877940490016,1860.4767099846752,1.274,1.0150000015428002,0.0,12.002700029440184,300.0001285565649,0.163195771770407,1.1555478286385134e-05,0.2080421389802607,0.0012065596567597,-0.0354033065351741,0.7051440961580883,9.30052367820053,55.46284095396932,19.168071101976114
5.91,31.221281414842,131.01227924802782,128.20815508791887,-0.4799711014069428,0.0552463878718021,-1.0287178276541673,-0.0373039958503922,19.197983378404263,0.0,55.4418421074073,43.43040011086264,0.5300841420085306,0.2915818672189682,120.0800794140954,1859.6523332275408,1.274,1.0150000015428002,0.0,12.002876392154926,300.0001285565649,0.163159711406398,1.1405152540471155e-05,0.2116546942419862,0.0015112900272485,-0.0360100700441015,0.4831400937226018,9.288068161738352,55.45052018837634,19.225561571889813
5.92,31.221279452542923,131.01228319495834,128.21742642277508,-0.2558977736991533,0.0546857232893645,-1.089828640369464,-0.0501464842549331,19.198259212384503,0.0,55.42974763699637,43.41981025317261,0.6513512283672489,0.2916036553570264,120.0815646278571,1858.8394073930133,1.274,1.0150000015428002,0.0,12.003036949787118,300.0001285565649,0.1631241357148825,1.1254435430378434e-05,0.2140350881390931,0.0018133791470215,-0.0364070842603337,0.2616757134920568,9.280680100817174,55.43833764901927,19.229232899966632
5.93,31.22127749071165,131.0122871409362,128.2257061827888,-0.0314354909754971,0.0539548396076498,-1.1515577803958847,-0.0627490612057343,19.144564513628,0.0,55.4178169242628,43.40920744950422,0.7739812782050189,0.2916307539823698,120.08322996638589,1858.0378182381896,1.274,1.0150000015428002,0.0,12.003181855721264,300.0001285565649,0.1630890401090342,1.1103790413772684e-05,0.2151797704283238,0.0021118852490404,-0.0365938858473074,0.0624444914938832,9.278455199484291,55.42629212939705,19.17926935998181
5.94,31.22127552934833,131.01229108595987,128.23300421854964,0.1927074473254623,0.0530565593930388,-1.212957831638464,-0.07507229807538,19.037275724638206,0.0,55.40604840113743,43.39859513288238,0.897266300998791,0.2916638802885148,120.08506980316328,1857.2474515272304,1.274,1.0150000015428002,0.0,12.003311263838793,300.0001285565649,0.1630544199936741,1.0953682112229916e-05,0.2150891312841709,0.0024058814298227,-0.036570678082657,0.1998778330241274,9.2814134388034,55.41438250480705,19.07602604231737
5.95,31.221273568452872,131.01229503002824,128.2393303627501,0.4158261119910525,0.0519942326620881,-1.2730958177479554,-0.0870778528631971,18.87694507549848,0.0,55.39444050176781,43.38797671735195,1.0204985324388305,0.2917036910622612,120.087077984055,1856.468193371613,1.274,1.0150000015428002,0.0,12.003425328163091,300.00012855656485,0.1630202707800605,1.0804574864700285e-05,0.2137674850499321,0.0026944585364262,-0.0363383274389209,0.4190640860054508,9.28949907254741,55.40260773561487,18.92002671501848
5.96,31.221271608024995,131.0122989731404,128.24469440036967,0.6372211699131916,0.0507717237174266,-1.331064064093605,-0.0987286058211494,18.66429779689149,0.0,55.38299166742736,43.37735557701453,1.1429726827000493,0.2917507699331617,120.0892478478014,1855.6999305621669,1.274,1.0150000015428002,0.0,12.003524202398124,300.0001285565649,0.1629865879002697,1.065693123470058e-05,0.2112230402026211,0.0029767279830613,-0.0358983578546439,0.6392405502097804,9.302582098737084,55.39096687009567,18.711961178117523
5.97,31.22126964806424,131.0123029152957,128.2491060189774,0.8562010829701862,0.0493933961810704,-1.3859906508756787,-0.109988788763672,18.40022851957617,0.0,55.37170035127215,43.36673502597573,1.2639881674995068,0.2918056157781931,120.09157224784944,1854.9425508889,1.274,1.0150000015428002,0.0,12.003608039360504,300.0001285565649,0.1629533668211461,1.0511210478018208e-05,0.2074678557077715,0.0032518244875419,-0.0352529427278159,0.857624521838921,9.320461152484244,55.37945904684005,18.452682113736007
5.98,31.22126768856989,131.01230685649375,128.252574798796,1.072084272263839,0.0478640963037049,-1.4370493285303216,-0.1208241071946565,18.08579689459721,0.0,55.36056502317747,43.35611829927705,1.382851314143746,0.2918686324490878,120.09404357548388,1854.1959434662167,1.274,1.0150000015428002,0.0,12.003676990553608,300.0001285565649,0.1629206030584825,1.0367866978475252e-05,0.2025177840293045,0.00351890871818,-0.0344048946787752,1.0731520820348448,9.342867714671412,55.36808349696891,18.14320144159048
5.99,31.221265729541123,131.0123107967345,128.25511018188996,1.2842012402453271,0.0461891346399602,-1.4834687749899036,-0.1312018544797902,17.72222247812951,0.0,55.34958417445966,43.34550853487621,1.4988775349215804,0.2919401199711832,120.0966537842172,1853.4599990495449,1.274,1.0150000015428002,0.0,12.003731205706126,300.00012855656485,0.1628882921908687,1.0227348659965752e-05,0.1963924011451069,0.0037771698421849,-0.0333576531436578,1.2850314799017954,9.3694714873806,55.35683954597683,17.784686196200028
6.0,31.22126377097684,131.01231473601808,128.25672143539103,1.4918966434981005,0.0443742661892657,-1.5245410844635456,-0.1410910174005582,17.310878933451782,0.0,55.33875632255634,43.33490875672774,1.6113934603982147,0.2920202673428757,120.0993944153981,1852.73461035046,1.274,1.0150000015428002,0.0,12.00377083236392,300.0001285565649,0.1628564298734019,1.0090095383536412e-05,0.189114923999357,0.0040258279671383,-0.0321152698731298,1.4925562720872934,9.399886753130962,55.34572661529296,17.378453948554604
6.01,31.221261812875827,131.01231867434487,128.25741762565772,1.694531309223403,0.0424256691109062,-1.5596293889489017,-0.1504623725441965,16.853287609917906,0.0,55.32808001545337,43.32432185900424,1.719739025413715,0.2921091470419612,120.10225662499944,1852.019672331556,1.274,1.0150000015428002,0.0,12.003796015339862,300.0001285565649,0.162825011850682,9.95653733871709e-06,0.1807121158964719,0.0042641364676805,-0.0306823924231521,1.6950621730520172,9.433679512747291,55.3347442233645,16.925967801547927
6.02,31.22125985523666,131.01232261171546,128.25720759939128,1.8914841887950289,0.0403499221270376,-1.5881745265276153,-0.1592885731085416,16.35111056476262,0.0,55.31755383625154,43.31375059148879,1.823269500877713,0.2922067113226283,120.105231211542,1851.3150825136613,1.274,1.0150000015428002,0.0,12.003806896429884,300.0001285565649,0.1627940339701856,9.82709343863708e-06,0.1712141804077353,0.0044913841901499,-0.0290642457360898,1.8919143641232423,9.470375186328043,55.323891986674,16.428830995458135
6.03,31.22125789805779,131.01232654813074,128.25609994785535,2.0821542421023698,0.038153980735023,-1.6097006842827843,-0.1675442258296707,15.806143098077603,0.0,55.30717640730796,43.3031975461581,1.921357464779308,0.2923127903621528,120.10830864511009,1850.6207412523208,1.274,1.0150000015428002,0.0,12.0038036138451,300.00012855656485,0.1627634921944089,9.702169728658196e-06,0.1606546444188981,0.0047068975285548,-0.0272666119191956,2.082503631034054,9.509466663131288,55.313169620144144,15.888781167776703
6.04,31.22125594133751,131.01233048359177,128.2541029820286,2.2659622467895537,0.0358451523521486,-1.623819958309733,-0.1752059578697133,15.220305874180331,0.0,55.29694639439906,43.29266514496637,2.0133947061905166,0.2924270922916838,120.1114790974067,1849.9365520139297,1.274,1.0150000015428002,0.0,12.003786301821352,300.0001285565649,0.1627333826130912,9.58215781835464e-06,0.1490702309950913,0.004910042365927,-0.0252958083361389,2.266245597650252,9.55042249720109,55.30257693739658,15.307684321551918
6.05,31.221253985073965,131.01233441809973,128.2512247186907,2.4423525269085458,0.033431070518464,-1.6302357883764695,-0.1822524736291272,14.59563670389896,0.0,55.28686251085591,43.282155628830594,2.098794056429479,0.2925492051193289,120.11473247279278,1849.262421653876,1.274,1.0150000015428002,0.0,12.003755090370792,300.0001285565649,0.1627037014553145,9.467433346637096e-06,0.1365007227770979,0.0051002258757871,-0.0231586641331799,2.4425811808718585,9.59269506471652,55.292113850835065,14.687528569573912
6.06,31.221252029265173,131.01233835165607,128.24747284265402,2.610794595938746,0.0309196682855347,-1.6287452401184748,-0.1886646015700091,13.934282062035532,0.0,55.27692352116156,43.27167104780983,2.176991141957596,0.2926786005286579,120.11805844024433,1848.5982606538832,1.274,1.0150000015428002,0.0,12.003710104678468,300.0001285565649,0.1626744451000689,9.358354489695972e-06,0.1229888166505225,0.0052768981791435,-0.0208624953256607,2.6109775537712703,9.635728523714452,55.28178037106268,14.03041774051861
6.07,31.22125007390904,131.01234228426244,128.24285469583054,2.770784709567083,0.0283191509145982,-1.6192401230641515,-0.194425331250184,13.238488412421242,0.0,55.267128244761125,43.261213252463286,2.2474460540105534,0.2928146395095111,120.1214464661552,1847.9439833763208,1.274,1.0150000015428002,0.0,12.003651464907112,300.0001285565649,0.1626456100874141,9.25526052120988e-06,0.1085799704469407,0.0054395538531433,-0.0184150785740963,2.770929312669322,9.678966444343102,55.27157660640346,13.338564961471082
6.08,31.221248119003388,131.01234621592053,128.23737724741522,2.9218473240810794,0.0256379680085441,-1.601706947852014,-0.1995198408715071,12.510593409784564,0.0,55.257475559416434,43.250783886365774,2.309644930396711,0.2929565797530503,120.1248858479008,1847.2995082855048,1.274,1.0150000015428002,0.0,12.003579285753492,300.00012855656485,0.1626171931283257,9.158470433950027e-06,0.0933222424429905,0.0055877332881714,-0.0158246237792905,2.9219597055321467,9.721859006670371,55.26150276187947,12.614286376115128
6.09,31.221246164545903,131.01235014663223,128.2310470839476,3.06353645667727,0.0228847851964528,-1.5762257407193545,-0.203935515736366,11.75301704310618,0.0,55.24796440455429,43.240384379751845,2.3631014453359778,0.2931035847184452,120.12836574807028,1846.664758170132,1.274,1.0150000015428002,0.0,12.003493676217683,300.0001285565649,0.1625891911145063,9.068281631518882e-06,0.0772661244214106,0.0057210238908667,-0.0130997456260194,3.06362184931586,9.763869690614436,55.25155913811132,11.859995231695049
6.1,31.22124421053424,131.01235407639948,128.22387038247612,3.195436944446353,0.0200684554848512,-1.542967747333776,-0.2076619580823905,10.968252779525088,0.0,55.2385937842451,43.23001594425791,2.407358203649298,0.2932547342552725,120.13187522926188,1846.0396603409529,1.274,1.0150000015428002,0.0,12.00339473923041,300.0001285565649,0.1625616011271091,8.984968698497977e-06,0.0604643690467287,0.0058390611311695,-0.0102494342023594,3.19549989691586,9.804481408127334,55.241746129796645,11.078196694124305
6.11,31.22124225696594,131.01235800522443,128.21585289465588,3.317165599235621,0.0171979903854003,-1.502192071259614,-0.2106909888267862,10.158858761298069,0.0,55.22936276994199,43.21967956872346,2.441988036040366,0.2934090366436879,120.13540328932696,1845.4241468093728,1.274,1.0150000015428002,0.0,12.003282571280335,300.0001285565649,0.1625344204447865,8.908782256759897e-06,0.0429718122895276,0.0059415294321282,-0.0072830248186302,3.317210130981873,9.84320204990151,55.232064223914,10.271483974758983
6.12,31.221240303838563,131.0123619331092,128.20699993283387,3.428372256017618,0.0142825309198106,-1.454241304597038,-0.2130166417954118,9.327449101036652,0.0,55.220270503239725,43.20937601601455,2.4665951926314764,0.293565441894151,120.13893889693632,1844.8181544702288,1.274,1.0150000015428002,0.0,12.003157262307624,300.00012855656485,0.1625076465517695,8.839947915134445e-06,0.0248451916074519,0.0060281629017838,-0.0042101671454542,3.428401970744877,9.879569437338596,55.22251399792711,9.442536766892006
6.13,31.221238351149555,131.01236586005604,128.19731636011096,3.5287407128192,0.0113313185986238,-1.39953621944817,-0.2146351510400479,8.476685312735842,0.0,55.211316198129936,43.19910582082616,2.480816432321296,0.2937228561305795,120.1424710273344,1844.2216252486744,1.274,1.0150000015428002,0.0,12.003018895348958,300.0001285565649,0.1624812771444864,8.778665319011963e-06,0.006142960559574,0.0060987459069928,-0.0010407937847554,3.528758883050019,9.91315568527128,55.21309611748158,8.594123792962305
6.14,31.221236398896377,131.01236978606718,128.18680656748109,3.6179895606474575,0.0083536664611626,-1.33856959887632,-0.215544931858093,7.6092679080781265,0.0,55.20249914318883,43.18886928842097,2.4843220059197955,0.2938801568649407,120.14598869813686,1843.6345062438547,1.274,1.0150000015428002,0.0,12.002867546377855,300.0001285565649,0.1624553101379711,8.725107305836419e-06,-0.013074899504534,0.0061531134895574,0.0022149116182983,3.61799919180772,9.943570991646508,55.20381133404343,7.7291129041820374
6.15,31.221234447076487,131.012373711145,128.17547446985685,3.695872902231396,0.0053589302579012,-1.2718992947232728,-0.2157465561243873,6.727928179506398,0.0,55.19381870339078,43.17866649426264,2.4768165313836303,0.2940362089577006,120.14948100502008,1843.056749846197,1.274,1.0150000015428002,0.0,12.00270328403846,300.00012855656485,0.1624297436711844,8.679419171788049e-06,-0.0327470700784827,0.0061911516255029,0.0055465466212223,3.695876782001686,9.970466877926158,55.19466048218602,6.850495747096947
6.16,31.22123249568732,131.01237763529167,128.16332349414117,3.7621809587402097,0.0023564798479372,-1.2001406071132668,-0.2152427225245321,5.8354201837243895,0.0,55.1852743217719,43.16849728449944,2.458039759819952,0.294189881048785,120.15293715714512,1842.4883138444125,1.274,1.0150000015428002,0.0,12.002526169503556,300.0001285565649,0.162404576111898,8.641718054289542e-06,-0.0528110878928293,0.0062127973287644,0.0089435224935749,3.762181695681629,9.99353890828353,55.18564447676073,5.961442411619855
6.17,31.22123054472633,131.0123815585096,128.15035657028372,3.816740563967167,-0.0006443291214314,-1.1239580865977,-0.2140382222458199,4.934512931889273,0.0,55.17686552085103,43.1583612772578,2.4277672312499465,0.294340062235891,120.1563465121552,1841.929161517996,1.274,1.0150000015428002,0.0,12.002336256368116,300.0001285565649,0.1623798060608484,8.61209243429783e-06,-0.0732035385466737,0.0062180386009284,0.0123950969022839,3.8167406182734975,10.012528917571707,55.17676430986931,5.0654231823208
6.18,31.221228594191054,131.012385480801,128.13657612233524,3.859415545772363,-0.0036341831923677,-1.044056864716666,-0.2121399006364312,4.0279827859735695,0.0,55.168591903627046,43.14825786470597,2.385810819422011,0.2944856787728673,120.15969861058316,1841.379261699337,1.274,1.0150000015428002,0.0,12.002133590400804,300.0001285565649,0.1623554323546658,8.590601761668331e-06,-0.0938602508939714,0.006206914229025,0.0158904066920688,3.859417254230952,10.02722677782351,55.16802104746648,4.166497737705305
6.19,31.22122664407897,131.01238940216805,128.12198407142887,3.8901069948428657,-0.0066038386787312,-0.9611736223074148,-0.2095566152870787,3.1186060547250727,0.0,55.1604531544868,43.138186215850446,2.332019165242313,0.2946257105596492,120.16298320950573,1840.83858882864,1.274,1.0150000015428002,0.0,12.001918209490771,300.0001285565649,0.1623314540685558,8.577276206203592e-06,-0.1147164917381874,0.0061795134336772,0.0194185006864393,3.890112591555476,10.03747173107962,55.15941582593517,3.270087526626469
6.2,31.221224694387715,131.0123933226129,128.1065818258423,3.908753421088736,-0.00954414880289,-0.87606730714269,-0.2062991909261192,2.209151777552029,0.0,55.15244903995104,43.12814528003117,2.2662779986458284,0.2947592071979625,120.16619031528442,1840.3071230034047,1.274,1.0150000015428002,0.0,12.00169014371864,300.00012855656485,0.1623078705184492,8.572116536325878e-06,-0.1357071604226619,0.0061359753701857,0.0229683724405982,3.90876505514102,10.043153313296804,55.15094984856977,2.3854569497440745
6.21,31.22122274511493,131.0123972421376,128.09037027006218,3.9153307982466696,-0.0124460903410459,-0.7895097134844595,-0.2023803714503654,1.302374680625682,0.0,55.14457940867143,43.11813379108345,2.1885103489680904,0.2948853033914851,120.16931021523712,1839.7848499704448,1.274,1.0150000015428002,0.0,12.001449414966055,300.00012855656485,0.1622846812610268,8.575094126643747e-06,-0.1567669829333361,0.0060764884853795,0.0265289928821123,3.915350549269693,10.04421189015848,55.14262438138774,1.5363799045709847
6.22,31.221220796258365,131.01240116074416,128.0733497906293,3.9098524974282127,-0.0153007897384903,-0.7022760360512551,-0.197814769339309,0.4010082864424576,0.0,55.13684419181537,43.108150272141366,2.0986766440975915,0.295003233478586,120.17233350809184,1839.271761148256,1.274,1.0150000015428002,0.0,12.001196037199648,300.0001285565649,0.1622618860948425,8.586151095017637e-06,-0.1778307051542266,0.0060012897332989,0.0300893427801208,3.909882389829885,10.040638820718154,55.13444074941211,0.8325442688386869
6.23,31.221218847815862,131.01240507843434,128.0555202483058,3.8923691106138207,-0.018099548653204,-0.6151355095018101,-0.1926188126287644,-0.4922418436229445,0.0,55.129243402790735,43.0981930410561,1.9967746988950188,0.2951123448966677,120.17525113308356,1838.7678536061064,1.274,1.0150000015428002,0.0,12.000930016382313,300.0001285565649,0.162239485059497,8.605200569062337e-06,-0.1988332849355228,0.0059106636529629,0.0336384449863466,3.892411127155672,10.032476260204584,55.12640033238391,0.8110460743027377
6.24,31.221216899785368,131.01240899520988,128.0368809949731,3.862968165245289,-0.0208338688904496,-0.528842242178577,-0.1868106895471012,-1.374704754897292,0.0,55.1217771366336,43.088260216411626,1.8828395935609528,0.2952121103913754,120.17805439756624,1838.273130016488,1.274,1.0150000015428002,0.0,12.000651350331196,300.0001285565649,0.1622174784338651,8.632127081367534e-06,-0.2197100826462462,0.0058049413116846,0.0371653963935631,3.863024260590575,10.019816607997052,55.11850456023311,1.48471731786854
6.25,31.221214952164942,131.01241291107235,128.01743088357082,3.821773731245647,-0.0234954766929969,-0.4441263494038273,-0.1804102908477863,-2.243750653717405,0.0,55.11444556950329,43.078349724120336,1.756943442821438,0.2953021388010229,120.18073500302496,1837.7875986177703,1.274,1.0150000015428002,0.0,12.000360028966192,300.00012855656485,0.1621958667346108,8.666787092042963e-06,-0.2403970498902245,0.0056844991175803,0.0406593995588211,3.8218458460942455,10.002801601716929,55.11075490875816,2.294387300203659
6.26,31.22121300495277,131.01241682602307,127.9971682611388,3.768945922006429,-0.026076346347637,-0.3616854871128966,-0.1734391498106432,-3.096797389345763,0.0,55.10724895765079,43.06845930458696,1.6191950569854463,0.2953821842651741,120.18328506938856,1837.311273141584,1.274,1.0150000015428002,0.0,12.000056034309916,300.0001285565649,0.1621746507131551,8.709009636543836e-06,-0.2608309160651501,0.0055497575050886,0.0441097939381937,3.769035998474388,9.98162105376246,55.103152894886286,3.1226673855750096
6.27,31.22121105814719,131.01242074006328,127.97609097875572,3.704680291031572,-0.0285687230704345,-0.2821768812220105,-0.1659203798281624,-3.9313168796854434,0.0,55.10018763614767,43.058586520431234,1.4697394961118364,0.2954521537274444,120.1856971575587,1836.8441727228728,1.274,1.0150000015428002,0.0,11.999739340523211,300.0001285565649,0.1621538313519569,8.758597096046888e-06,-0.2809493724390125,0.0054011794975101,0.0475060866794013,3.704790290012257,9.95651122208151,55.0957000718076,3.9449215167399965
6.28,31.22120911174669,131.012424653194,127.9541964074424,3.6292071261072087,-0.0309651451304966,-0.2062099417938783,-0.1578786094474057,-4.744841493331389,0.0,55.09326201748783,43.048728764765,1.3087575187099705,0.2955121126247966,120.18796429008742,1836.3863218027843,1.274,1.0150000015428002,0.0,11.999409914082609,300.0001285565649,0.1621334098604085,8.81532608698665e-06,-0.3006912534080215,0.0052392691507618,0.0508379829171021,3.6293390475012406,9.927752803251206,55.08839802410164,4.7519437067640995
6.29,31.22120716574992,131.01242856541597,127.93148144810009,3.5427906430659024,-0.033258465169596,-0.1343395438584225,-0.1493399147029291,-5.534970396009256,0.0,55.08647258983605,43.03888327001879,1.1364649265911493,0.2955622886793421,120.19007996995452,1835.9377500062587,1.274,1.0150000015428002,0.0,11.99906771386906,300.0001285565649,0.1621133876697125,8.87894846567652e-06,-0.3199967145852485,0.0050645698827354,0.0540954155127787,3.542946549982801,9.895668533072756,55.08124836263711,5.538614159504743
6.3,31.221205220155685,131.01243247672983,127.90794253449155,3.4457280813827205,-0.0354418706727311,-0.0670600487696361,-0.1403317485521225,-6.299375864340838,0.0,55.079819915197575,43.02904711731977,0.9531118076885496,0.2956030737330576,120.19203819741152,1835.4984920178688,1.274,1.0150000015428002,0.0,11.99871269143414,300.0001285565649,0.1620937664274932,8.949192443266169e-06,-0.3388074073502496,0.0048776626928595,0.0572685741786523,3.445910129748281,9.860620377986578,55.074252719525866,6.301295607256699
6.31,31.221203274962967,131.01243638713586,127.8835756501376,3.338348704075436,-0.037508903540827,-0.0048001311913254,-0.13088286721362,-7.0358095642089165,0.0,55.0733046270534,43.01921724642044,0.7589816788754598,0.2956350235904759,120.19383348487796,1835.068587416724,1.274,1.0150000015428002,0.0,11.998344790982308,300.0001285565649,0.1620745479908934,9.02576380559686e-06,-0.3570666494684014,0.0046791642766842,0.0603479339204363,3.3385591795568885,9.823006300284884,55.06741274268385,7.037028463066152
6.32,31.221201330170967,131.0124402966342,127.8583763462071,3.221012704536801,-0.0394534787161556,0.0520815325854281,-0.1210232532091838,-7.742108785091022,0.0,55.066927428251056,43.0093904661824,0.5543905310359598,0.2956588558592342,120.19546086989163,1834.6480805345263,1.274,1.0150000015428002,0.0,11.997963949850044,300.0001285565649,0.1620557344203632,9.10834723184646e-06,-0.3747195913647998,0.0044697250405525,0.063324282731602,3.221254069400945,9.783256581111177,55.06073009079615,7.743229788275521
6.33,31.22119938577903,131.01244420522468,127.83233975741943,3.094110023234335,-0.0412699018045022,0.1032996694407999,-0.1107840349252885,-8.41620261557857,0.0,55.0606890881477,42.999563465617086,0.3396857788795369,0.2956754458031833,120.196915926131,1834.237020259296,1.274,1.0150000015428002,0.0,11.997570098470383,300.0001285565649,0.1620373279712977,9.19660770518094e-06,-0.3917133776136941,0.0042500270216589,0.0661887484654325,3.094384976807156,9.741829688765588,55.05420642769209,8.417565585760082
6.34,31.22119744178676,131.01244811290684,127.80546061297665,2.9580590773613102,-0.0429528856396244,0.1486448723263632,-0.1001974025344015,-9.056118039324309,0.0,55.05459043995555,42.98973282548758,0.1152451182428988,0.2956858202461814,120.19819477254188,1833.835459854696,1.274,1.0150000015428002,0.0,11.997163160763336,300.0001285565649,0.1620193310862521,9.29019200797667e-06,-0.4079973031799752,0.0040207817190838,0.0689328248096282,2.9583706353418853,9.699207685021838,55.04784341708873,9.057892070438834
6.35,31.221195498193914,131.01245201968,127.77773326141156,2.813305406843964,-0.044497565730464,0.1879850973940586,-0.0892965201549037,-9.659985924827952,0.0,55.04863237771478,42.97989503047408,-0.1185247061125731,0.295691149587932,120.19929408061432,1833.4434567538392,1.274,1.0150000015428002,0.0,11.996743054366576,300.0001285565649,0.16200174638607,9.38873029353794e-06,-0.4235229639273663,0.0037827278416528,0.0715483962827614,2.8136570071744957,9.6558911705214,55.04164271713735,9.662227503698523
6.36,31.221193555000497,131.0124559255432,127.74915168549455,2.660320240334397,-0.045899514531494,0.2212661828878711,-0.0781154341755059,-10.226046877122988,0.0,55.042815853152206,42.97004648190372,-0.3611892189212644,0.2956927380147604,120.20021107986628,1833.0610723466032,1.274,1.0150000015428002,0.0,11.9963096909549,300.00012855656485,0.1619845766606678,9.491837725625928e-06,-0.438244400888121,0.003536628978772,0.0740277621696533,2.660715887196283,9.612393781032742,55.0356059750406,10.228738704154242
6.37,31.221191612206702,131.01245983049515,127.71970952410092,2.4995989851097167,-0.0471547544750078,0.2485113890369435,-0.0666889777274391,-10.752656914644112,0.0,55.03714187227814,42.96018351104393,-0.6122876154761066,0.2956920120086782,120.20094356160097,1832.6883717490173,1.274,1.0150000015428002,0.0,11.995862976488675,300.0001285565649,0.1619678248590568,9.599116176556696e-06,-0.4521182377734301,0.0032832712006835,0.0763636593096195,2.5000434488989125,9.569236260114234,55.0297348216023,10.75573503086959
6.38,31.221189669812965,131.01246373453424,127.68940009407562,2.3316596450644,-0.0482597697051608,0.2698199699908757,-0.055052671351494,-11.23829293053596,0.0,55.03161149187483,42.95030239295533,-0.8713342414599019,0.2956905072764283,120.20148988101109,1832.3254235651343,1.274,1.0150000015428002,0.0,11.995402811533284,300.0001285565649,0.1619514940790519,9.710155974095864e-06,-0.4651038111928386,0.0030234605948919,0.0785492836502086,2.3321587467340508,9.52694015005962,55.024030865872696,11.241666318004789
6.39,31.22118772781993,131.01246763765863,127.65821640812256,2.157041171275353,-0.0492115164541978,0.2853648006462291,-0.0432426199769522,-11.681557894517308,0.0,55.0262258158717,42.94039936089749,-1.1378201473672218,0.2956898542371961,120.20184895770863,1831.9722996424616,1.274,1.0150000015428002,0.0,11.994929091631793,300.0001285565649,0.1619355875566395,9.824537686927064e-06,-0.4771632930459771,0.0027580207458067,0.080578310478172,2.157602197734219,9.486021161747544,55.01849568989391,11.68512292774834
6.4,31.221185786228496,131.01247153986617,127.62615120760476,1.976301749911852,-0.0500074320028129,0.2953890928671738,-0.031295406403458,-12.081185749259893,0.0,55.02098599149607,42.93047062127546,-1.411214713031424,0.2956917622227533,120.20202027476212,1831.6290748115416,1.274,1.0150000015428002,0.0,11.994441707606653,300.0001285565649,0.1619201086546966,9.941833938071392e-06,-0.4882618045514243,0.0024877901649421,0.082444913239415,1.9769340803667852,9.446982304451856,55.01313084344312,12.0848369135362
6.41,31.22118384503976,131.0124754411544,127.59319697446924,1.7900170325321016,-0.0506454421707153,0.3002022469312385,-0.0192479815514638,-12.436045954167044,0.0,55.01589320538938,42.92051236911063,-1.6909673374654972,0.2956980025563896,120.20200387632292,1831.295826624124,1.274,1.0150000015428002,0.0,11.99394054596788,300.0001285565649,0.1619050608516022,1.0061611235342946e-05,-0.4983675213861604,0.002213619679301,0.0841437808617864,1.7907331188676576,9.41030687775509,55.00793783897228,12.439683711735233
6.42,31.221181904255047,131.01247934152053,127.55934596603473,1.59877831410419,-0.0511239672869527,0.3001748949183424,-0.0071375518219423,-12.745147629482789,0.0,55.01094867954436,42.91052080401514,-1.9765091889234827,0.295710390688572,120.201800363922,1830.9726350801047,1.274,1.0150000015428002,0.0,11.99342548926797,300.0001285565649,0.1618904477293177,1.018343180768722e-05,-0.5074517694254002,0.0019363697858298,0.0856701334968078,1.5995952860920066,9.376451448379228,55.00291814660741,12.748684010888967
6.43,31.221179963875915,131.01248324096147,127.52459023685589,1.4031906643488492,-0.0514419265950491,0.2957332030056595,0.004998536022085,-13.00764325485906,0.0,55.00615366709437,42.90049214664239,-2.2672550097976405,0.2957307675754716,120.20141089151356,1830.6595823416808,1.274,1.0150000015428002,0.0,11.992896416421363,300.0001285565649,0.1618762729610655,1.0306855436149507e-05,-0.5154891105966659,0.0016569079800783,0.0870197366006076,1.4041331073836032,9.345838953286808,54.99807318924611,13.011005578294197
6.44,31.22117802390416,131.01248713947388,127.48892165860228,1.2038710182337344,-0.0515987410554307,0.2873525090755302,0.0171229119732536,-13.222831878845712,0.0,55.00150944828855,42.89042265557973,-2.562604970688299,0.2957609804942448,120.20083715933804,1830.3567524665625,1.274,1.0150000015428002,0.0,11.992353203307813,300.0001285565649,0.1618625402994874,1.0431441268200056e-05,-0.5224574183939263,0.0013761060674115,0.0881889132808453,1.2049761270678994,9.318852085183654,54.99340433809241,13.225964900709698
6.45,31.22117608434178,131.01249103705405,127.45233195385012,1.0014462317594908,-0.05159433451107,0.2755503806274972,0.0291983013547273,-13.390161799194932,0.0,54.997017325817055,42.880308644643925,-2.861946567722992,0.2958028634931954,120.20008140666876,1830.0642310887288,1.274,1.0150000015428002,0.0,11.991795722807884,300.0001285565649,0.1618492535629891,1.0556749604250068e-05,-0.5283379426372872,0.0010948374652903,0.0891745548400526,1.0027742813696354,9.295827126182852,54.988912907799005,13.39302854330137
6.46,31.221174145191007,131.012494933698,127.41481272291746,0.7965511092395338,-0.0514291331978677,0.260879185325729,0.0411876442624536,-13.509232678319997,0.0,54.992678620900975,42.87014650053241,-3.164656556964633,0.2958582176786487,120.19914640349968,1829.7821051601709,1.274,1.0150000015428002,0.0,11.991223845672538,300.00012855656485,0.1618364166242315,1.0682343645420504e-05,-0.5331153631106494,0.0008139745053044,0.0899741294589205,0.7982095307412247,9.27704839743043,54.98460015263403,13.511814161257732
6.47,31.221172206454288,131.01249882940155,127.3763554627482,0.5898264086646847,-0.0511040635795994,0.2439182728823392,0.0530542152367718,-13.579797063627352,0.0,54.98849466846168,42.85993270077704,-3.4701029195379607,0.29592879154134,120.19803544122064,1829.510462624531,1.274,1.0150000015428002,0.0,11.990637440523136,300.00012855656485,0.1618240333959875,1.0807791191964604e-05,-0.5367778317633599,0.0005343857436981,0.0905856889654165,0.5920360845562234,9.262743487362911,54.98046726199053,13.582091118929453
6.48,31.221170268134284,131.01250272416007,127.33695160567434,0.381916831680011,-0.0506205485076957,0.2252658717524924,0.0647617424996262,-13.601761288582988,0.0,54.98446681287295,42.8496638319401,-3.77764685092364,0.296016261524033,120.19675232231772,1829.2493921311764,1.274,1.0150000015428002,0.0,11.990036374472572,300.0001285565649,0.1618121078186983,1.0932666282218223e-05,-0.539317003221661,0.0002569332892285,0.0910078736519202,0.3852568861167502,9.2530794062482,54.97651535674176,13.603780685819025
6.49,31.22116833023384,131.01250661796885,127.29659253134145,0.1734690049680279,-0.0499805017082173,0.2055308076984429,0.0762745260710051,-13.575185737179094,0.0,54.980596403566594,42.83933660798438,-4.086644767724144,0.2961222130308404,120.19530134912524,1828.99898274268,1.274,1.0150000015428002,0.0,11.989420513622187,300.0001285565649,0.1618006438475666,1.1056550762537076e-05,-0.5407280534202688,-1.752984284517615e-05,0.0912399151094745,0.1805257283682495,9.24815979194979,54.97274548571282,13.576955789688322
6.5,31.22116639275602,131.0125105108228,127.25526961640549,-0.0348705401268,-0.0491863206104014,0.1853241532719441,0.0875575540716988,-13.500284461735824,0.0,54.976884790366256,42.828947888744274,-4.3964503250966285,0.2962481220734106,120.19368731164528,1828.759323620404,1.274,1.0150000015428002,0.0,11.988789723292456,300.0001285565649,0.1617896454388936,1.1179035779383063e-05,-0.5410096862331975,-0.0002881623418724,0.0912816370602404,0.0602930211996084,9.248023260824755,54.969158622140895,13.501840315854972
6.51,31.22116445570407,131.0125144027166,127.21297423254244,-0.2424573829156968,-0.0482408775445072,0.1652509177160556,0.0985766165275481,-13.377424151503352,0.0,54.97333331918431,42.81849469841718,-4.706416437979096,0.296395337744395,120.19191547443972,1828.5305037377705,1.274,1.0150000015428002,0.0,11.988143868608653,300.0001285565649,0.1617791165374467,1.1299723185532973e-05,-0.5401641280546114,-0.000554137169353,0.0911334541831826,0.2472099328624936,9.252642960455736,54.96575566075479,13.378807949303898
6.52,31.22116251908141,131.01251829364475,127.16969780210864,-0.4486512167159054,-0.0471475093414342,0.1459018857920646,0.1092984160063669,-13.207122457197832,0.0,54.96994332744139,42.80797424398813,-5.015897299207701,0.2965650657011543,120.18999156259092,1828.3126115712428,1.274,1.0150000015428002,0.0,11.987482814784777,300.0001285565649,0.1617690610630548,1.141822685329216e-05,-0.5381971103534691,-0.0008146440744171,0.0907963689373215,0.4511216648137953,9.2619273401553,54.96253741482808,13.208380563242358
6.53,31.22116058289165,131.01252218360153,127.12543181106096,-0.6528178334686143,-0.045910005381564,0.1278457114079337,0.1196906744521002,-12.990045684123718,0.0,54.966716139879566,42.7973839334959,-5.324250387636757,0.2967583528333643,120.1879217467172,1828.1057348229704,1.274,1.0150000015428002,0.0,11.986806427762431,300.0001285565649,0.1617594828983039,1.153417388859264e-05,-0.5351178402995058,-0.001068892048937,0.0902719664021566,0.6544301040446455,9.275722112769346,54.95950461386961,12.991226164573437
6.54,31.22115864713852,131.01252607258095,127.08016782585088,-0.8543310828252141,-0.0445325941446609,0.1116213679416876,0.1297222356202708,-12.727005873842732,0.0,54.96365306395175,42.78672139404328,-5.630838459428517,0.2969760732787985,120.18571262702147,1827.909960109952,1.274,1.0150000015428002,0.0,11.986114574370584,300.00012855656485,0.1617503858750435,1.1647205740923808e-05,-0.5309389596304132,-0.001316111714249,0.0895624071634015,0.855490855618004,9.293813340980156,54.956657901125546,12.72815641406967
6.55,31.221156711825937,131.01252996057696,127.03389754709856,-1.0525747991763057,-0.0430199283261366,0.0977310516209215,0.139363162573877,-12.418957301095588,0.0,54.96075538575786,42.77598448944936,-5.935031515777519,0.297218915938973,120.1833712163459,1827.7253726938368,1.274,1.0150000015428002,0.0,11.985407122964384,300.0001285565649,0.1617417737624573,1.1756979205173644e-05,-0.5256764920009207,-0.0015555576317437,0.0886704182878802,1.0534534702066134,9.315931544717497,54.95399783185343,12.420123747208358
6.56,31.22115477695792,131.01253384758323,126.98661280859626,-1.246944690113842,-0.0413770685882987,0.0866336276313519,0.1485848297572203,-12.066992418915463,0.0,54.95802436569272,42.76517133743829,-6.236208740471136,0.2974873736334588,120.18090492219928,1827.552056189188,1.274,1.0150000015428002,0.0,11.984683943691408,300.0001285565649,0.1617336502543108,1.18631673126239e-05,-0.5193497791210002,-0.0017865105299628,0.0875992824386444,1.2476308956173725,9.341756696765025,54.95152487152246,12.068218131738995
6.57,31.22115284253864,131.01253773359335,126.93830561607108,-1.4368501801406173,-0.0396094660262227,0.0787387006182169,0.1573600092356522,-11.672337290232644,0.0,54.9554612344036,42.75428032625621,-6.533760400864632,0.2977817340174868,120.17832152772245,1827.3900922937903,1.274,1.0150000015428002,0.0,11.983944908970816,300.00012855656485,0.161726018957096,1.1965460109536518e-05,-0.5119814060534255,-0.0020082794412104,0.0863528251946417,1.437395916601467,9.370923951633616,54.94923939452516,11.67366351118779
6.58,31.22115090857234,131.0125416186009,126.88896817103888,-1.6217159240091183,-0.0377229341039929,0.074401482374956,0.1656629448654124,-11.236346748552208,0.0,54.953064244623725,42.743310130605046,-6.8270897060604,0.2981020723704111,120.17562917155522,1827.2393647283147,1.274,1.0150000015428002,0.0,11.983186937535637,300.0001285565649,0.1617188747140573,1.2063565322962514e-05,-0.5035971160976362,-0.0022202037411303,0.0849353960963556,1.622154486450777,9.403030383542887,54.94713874041917,11.237814202307353
6.59,31.221148975063368,131.01254550259915,126.83859289167587,-1.8009836969256905,-0.0357236346012301,0.0739182478948774,0.1734694269213077,-10.760498962624952,0.0,54.950830527625484,42.732259728628726,-7.115614616325417,0.2984482463468232,120.17283632657066,1827.0996827240924,1.274,1.0150000015428002,0.0,11.982405859026874,300.0001285565649,0.1617122090685196,1.215720891857726e-05,-0.4942257182173424,-0.0024216550130716,0.0833518562628073,1.8013378456938949,9.43764136026963,54.94521907258792,10.762150968746951
6.6,31.22114704201614,131.0125493855815,126.78717243468384,-1.9741152363588976,-0.0336180946883178,0.0775222771741178,0.1807568815419771,-10.246388783270744,0.0,54.94876797291667,42.72112841626621,-7.398769599475581,0.2988198927579566,120.169951777479,1826.9715709945287,1.274,1.0150000015428002,0.0,11.9816083501835,300.0001285565649,0.1617060452241231,1.2246135546966718e-05,-0.4838989840548739,-0.0026120388539454,0.081607578947082,1.9744013511584195,9.474295714924407,54.943487255254645,10.248276238061676
6.61,31.22114510943514,131.01255326754128,126.73469972709664,-2.140592173953217,-0.0314131292017793,0.0853816539273488,0.1875044069746407,-9.69572236465204,0.0,54.94687765072241,42.70991581341744,-7.676007328260459,0.2992164264388885,120.16698459725175,1826.8551007972728,1.274,1.0150000015428002,0.0,11.980794294791185,300.0001285565649,0.1617003863167836,1.2330108867115628e-05,-0.4726515252030478,-0.0027907968519449,0.0797084016420351,2.140822547694065,9.512515378402602,54.94194328817329,9.697911120539105
6.62,31.22114317732488,131.01255714847176,126.68116797323556,-2.299918208134157,-0.029115839592418,0.0975971031058693,0.1936928336627895,-9.110310524234324,0.0,54.94516058398043,42.69862188251376,-7.946800307436107,0.299637041251768,120.16394412221491,1826.750340301272,1.274,1.0150000015428002,0.0,11.979963580823975,300.0001285565649,0.1616952353437347,1.2408911787645876e-05,-0.4605206770258921,-0.002957408012999,0.0776606172150791,2.3001023979059543,9.551811250498387,54.94058707878894,9.112891964482058
6.63,31.22114124568989,131.01256102836626,126.62657068949724,-2.4516205613115702,-0.0267335904920729,0.1142009678389049,0.1993047710211412,-8.492062078675664,0.0,54.94361774376436,42.687246937954015,-8.210642434278634,0.3000807132098611,120.1608399260116,1826.6573542816184,1.274,1.0150000015428002,0.0,11.979116100749907,300.0001285565649,0.1616905951500966,1.248234660299498e-05,-0.4475463693813873,-0.0031113902338906,0.0754709522173322,2.4517662256593966,9.591689913791146,54.93941844134203,8.495168191442026
6.64,31.22113931453469,131.01256490721815,126.57090171628032,-2.595251359088373,-0.0242739857151883,0.135157091721363,0.2043246476092246,-7.842977002937268,0.0,54.942250046126055,42.675791655609885,-8.46705048503324,0.3005462057207746,120.15768179235768,1826.576203907256,1.274,1.0150000015428002,0.0,11.978251751854556,300.0001285565649,0.1616864684196352,1.2550235037637871e-05,-0.4337709903129795,-0.0032523016488252,0.0731465440395326,2.595364799061169,9.631660052806955,54.93843709748031,7.846802168378279
6.65,31.221137383863816,131.012568785021,126.51415523289316,-2.7303889255491263,-0.0217448437192222,0.1603616020175897,0.2087387448458614,-7.165139457850349,0.0,54.94105834925554,42.66425708088956,-8.71556552326863,0.301032076914366,120.154479686611,1826.5069465542367,1.274,1.0150000015428002,0.0,11.977370436690446,300.0001285565649,0.1616828576664079,1.2612418204957173e-05,-0.4192392433219169,-0.0033797418467786,0.070694917015247,2.7304754466958023,9.67123849987934,54.93764267727345,7.169972884010473
6.66,31.221135453681743,131.01257266176825,126.4563257893604,-2.85663899127529,-0.0191541726142277,0.18964457699804,0.2125352244717508,-6.460710728032908,0.0,54.94004345043202,42.65264463526746,-8.955754226458403,0.3015366889978992,120.15124372618872,1826.449635599964,1.274,1.0150000015428002,0.0,11.976472063113007,300.0001285565649,0.1616797652258468,1.266875648799629e-05,-0.4039979988429646,-0.0034933529570611,0.0681239575738592,2.856703153068925,9.709955850181252,54.93703472008954,6.4669868871481055
6.67,31.22113352399288,131.01257653745373,126.3974083074153,-2.9736358112485743,-0.0165101448136493,0.2227725697416579,0.2157041500081704,-5.73192210776311,0.0,54.939206083633046,42.64095612119274,-9.187210127466448,0.3020582195583771,120.14798414988591,1826.4043202635844,1.274,1.0150000015428002,0.0,11.9755565447659,300.00012855656485,0.1616771932477521,1.2719129349799e-05,-0.3880961405382416,-0.0035928206010049,0.065441888546889,2.973681603338542,9.747361607222055,54.93661267618612,5.740303733046148
6.68,31.22113159480158,131.01258041207123,126.33739810137328,-3.0810431900023687,-0.013821071409323,0.2594519505253726,0.218237502485623,-4.981067767785085,0.0,54.93854691712976,42.629193725296005,-9.409554767966336,0.302594674708707,120.14471128616442,1826.371045447672,1.274,1.0150000015428002,0.0,11.974623801332704,300.0001285565649,0.1616751436892192,1.2763435081407972e-05,-0.371584407008722,-0.0036778747081701,0.0626572427260138,3.081074159528582,9.783028836859096,54.93637590833061,4.992592415708503
6.69,31.22112966611209,131.01258428561508,126.27629089204532,-3.178555411806057,-0.011095376352295,0.2993330203125286,0.2201291907348646,-4.210497630887196,0.0,54.93806655109388,42.61736001982361,-9.62243876116746,0.3031439039527605,120.14143552050052,1826.3498515758963,1.274,1.0150000015428002,0.0,11.97367375857286,300.0001285565649,0.1616736183076485,1.2801590495798908e-05,-0.3545152295045788,-0.0037482901958873,0.0597788357686909,3.1785747571797405,9.81655832155629,54.93632369346292,4.226860231586762
6.7,31.221127737928533,131.01258815807955,126.2140828206538,-3.2658980740828887,-0.0083415705180036,0.3420148390025679,0.221375056540288,-3.4226102786779924,0.0,54.93776551584813,42.60545796223578,-9.825542761554445,0.3037036166228577,120.13816726189717,1826.3407744770311,1.274,1.0150000015428002,0.0,11.972706348771071,300.0001285565649,0.1616726186556092,1.2833530576113285e-05,-0.3369425661926051,-0.0038038875113791,0.0568157385444567,3.265908715307631,9.847582217457242,54.93645522501982,3.446772720309306
6.71,31.22112581025489,131.01259202945923,126.15077045777775,-3.3428288224295346,-0.0055682257251395,0.3870507041691644,0.2219728749502832,-2.6198459066886888,0.0,54.93764427001542,42.59349089291758,-10.018578339665112,0.3042713997237893,120.13491690868524,1826.3438452618125,1.274,1.0150000015428002,0.0,11.971721510845152,300.0001285565649,0.1616721460754077,1.2859208086495207e-05,-0.3189217335121349,-0.0038445330361072,0.0537772490082292,3.3428334547229865,9.875767225158777,54.93676961516521,2.65756896046086
6.72,31.221123883094982,131.01259589974924,126.08635081329167,-3.4091379860416886,-0.0027839487775827,0.4339542088930112,0.2219223500274066,-1.804679339558388,0.0,54.93770319892896,42.58146253095837,-10.201288760238253,0.3048447369988104,120.13169481375476,1826.3590902154856,1.274,1.0150000015428002,0.0,11.970719190471868,300.00012855656485,0.1616722016944381,1.2878593153650904e-05,-0.3005092351239667,-0.0038701393523423,0.0506728636837551,3.4091391214051128,9.900817290524316,54.93726589727775,1.869340339126759
6.73,31.22112195645247,131.0125997689448,126.02082134332312,-3.464649112617804,2.6444079205015303e-06,0.4822058011568769,0.2212251062983576,-0.9796131130109677,0.0,54.93794261341496,42.56937696797048,-10.37344966235016,0.3054210290173749,120.12851124937391,1826.386530717092,1.274,1.0150000015428002,0.0,11.969699340338584,300.0001285565649,0.1616727864216062,1.2891672826939903e-05,-0.2817625889276922,-0.0038806653723064,0.0475122488351035,3.464649112618836,9.9224758552669,54.937943028797584,1.114048847003175
6.74,31.22112003033079,131.01260363704165,125.95417996416808,-3.509219402035236,0.0027829545300231,0.5312597621130895,0.2198846761333699,-0.1471706247317988,0.0,54.93836274862984,42.5572386599265,-10.534869640432658,0.3059976140701034,120.12537637176656,1826.426183161308,1.274,1.0150000015428002,0.0,11.968661920197212,300.0001285565649,0.1616739009439236,1.2898450624377628e-05,-0.2627401525941036,-0.0038761163305517,0.0443052113985676,3.5092205041533044,9.940527678535227,54.93879989410501,0.5935026524141921
6.75,31.221118104733183,131.01260750403583,125.88642505030336,-3.542740038422223,0.005548424431326,0.5805515163311707,0.2179064832484218,0.6901106479035533,0.0,54.93896376322213,42.545052417007234,-10.685390725320916,0.3065717896455205,120.12230018563385,1826.478058900992,1.274,1.0150000015428002,0.0,11.967606896990036,300.0001285565649,0.1616755457240618,1.2898946071396758e-05,-0.2435009480324071,-0.0038565436405303,0.0410616697434268,3.5427443776838667,9.95480025055586,54.939835307692384,0.9277801490148291
6.76,31.221116179662648,131.012611369924,125.81755543438572,-3.565136420458224,0.0082905643754038,0.629505183953455,0.2152978224818404,1.5296858687480612,0.0,54.93974573880391,42.53282339146636,-10.824888764719764,0.3071408342545617,120.119292508813,1826.542164213672,1.274,1.0150000015428002,0.0,11.96653424502946,300.0001285565649,0.1616777209987812,1.2893194238585172e-05,-0.2241044851862434,-0.0038220446165866,0.0377916243253879,3.5651460476685117,9.965164818090438,54.94104801760616,1.6681033499268583
6.77,31.221114255121897,131.01261523470302,125.74757042912024,-3.57636828991115,0.0110009770242811,0.6775412825152926,0.2120678359513152,2.3690095106158995,0.0,54.94070867935739,42.52055706352745,-10.953273702704072,0.3077020293638303,120.1163629372768,1826.6185002584243,1.274,1.0150000015428002,0.0,11.965443945854211,300.0001285565649,0.1616804267772209,1.2881245283906736e-05,-0.2046105855298877,-0.0037727620628554,0.0345051282921532,3.5763851874990924,9.97153703924306,54.94243670877687,2.473103519456095
6.78,31.221112331113424,131.01261909837046,125.67646981036292,-3.576429758783436,0.0136713820670664,0.724084484949911,0.2082274856516857,3.2055419800210143,0.0,54.94185251134527,42.50825922534474,-11.070489758081065,0.3082526811965957,120.1135208106794,1826.7070630846813,1.274,1.0150000015428002,0.0,11.96433598853493,300.0001285565649,0.1616836628412035,1.2863164004133316e-05,-0.1850792056175072,-0.0037088837307868,0.0312122580987001,3.576455855087171,9.973877282121425,54.9440000069982,3.2928948377989613
6.79,31.2211104076394,131.01262296092435,125.60425381314415,-3.56534923541502,0.0162936404569977,0.7685713401413486,0.2037895225053807,4.036756209995296,0.0,54.94317708359552,42.495935963068845,-11.176515501645188,0.3087901421616503,120.11077517865864,1826.807843622772,1.274,1.0150000015428002,0.0,11.963210369494409,300.0001285565649,0.1616874287449079,1.2839029399380591e-05,-0.1655702610220103,-0.003630641647257,0.0279230841854318,3.565386418109169,9.972190578716384,54.94573648261902,4.114320450974283
6.8,31.22110848470169,131.0126268223632,125.5309231545324,-3.54318925030462,0.0188597782097878,0.8104578630898446,0.1987684518339015,4.860144232358869,0.0,54.944682167710496,42.48359363707425,-11.271363832549245,0.3093118316756777,120.1081347681024,1826.9208277110529,1.274,1.0150000015428002,0.0,11.96206709259746,300.0001285565649,0.1616917238160628,1.2808934253770603e-05,-0.1461434509906328,-0.0035383113154319,0.024647641772286,3.543239379604125,9.966526241657004,54.947644654690606,4.931262800198321
6.81,31.221106562301856,131.0126306826862,125.45647901077167,-3.5100461824343663,0.0213620097201269,0.8492269034969301,0.1931804951758772,5.673223739986036,0.0,54.946367458550974,42.4712388604152,-11.355081854203425,0.3098152561523485,120.10560795158248,1827.0459961259585,1.274,1.0150000015428002,0.0,11.960906169061076,300.0001285565649,0.1616965471573819,1.277298473434632e-05,-0.1268580841370656,-0.0034322107907791,0.0213959018196784,3.5101111046889297,9.956977148092566,54.94972299511337,5.739684019288913
6.82,31.221104640441133,131.012634541893,125.38092301131957,-3.466049887170598,0.0237927605497065,0.8843952041866574,0.1870435483414928,6.473544648090286,0.0,54.94823257513298,42.458878475591646,-11.427750650296836,0.3102980279435904,120.1032027171535,1827.1833246426484,1.274,1.0150000015428002,0.0,11.959727617526278,300.0001285565649,0.1617018976491763,1.2731300009462311e-05,-0.1077729054890061,-0.0033126996348341,0.0181777422076651,3.4661314494829902,9.943678691490495,54.95196993311314,6.5363537600854285
6.83,31.221102719120392,131.01263839998384,125.30425724481108,-3.41136322687643,0.0261446896424619,0.9155200643518558,0.1803771355618161,7.258695661069744,0.0,54.95027706146912,42.446519529714855,-11.48948496171954,0.3107578830326209,120.100926639703,1827.332784088905,1.274,1.0150000015428002,0.0,11.958531463824464,300.0001285565649,0.1617077739518342,1.268401188697593e-05,-0.0889459252123795,-0.0031801777495528,0.0150029191846185,3.4114632934532114,9.926807399188291,54.95438385957216,7.318427126049493
6.84,31.22110079834013,131.0126422569598,125.22648424415,-3.346181505697976,0.0284107109173044,0.9422055270091716,0.1732023595699815,8.026310848416289,0.0,54.95250038790449,42.43416924817888,-11.540432765347465,0.311192697296682,120.09878685402688,1827.4943404330927,1.274,1.0150000015428002,0.0,11.957317740995393,300.0001285565649,0.1617141745097415,1.263126447169465e-05,-0.0704342493413962,-0.0030350840953025,0.0118810391387135,3.3463019767602966,9.906579210874249,54.956963131756666,8.083280036463679
6.85,31.22109887810057,131.01264611282232,125.14760698352958,-3.270731810033495,0.0305840141897242,0.964108015358177,0.165541847436676,8.77407622933264,0.0,54.954901952567454,42.42183500695063,-11.580774755840912,0.3116005011770111,120.09679002978947,1827.66795488011,1.274,1.0150000015428002,0.0,11.956086489179288,300.0001285565649,0.1617210975555329,1.2573213840692668e-05,-0.0522939128537535,-0.0028778952957865,0.0088215307468377,3.2708746443152914,9.88324741140938,54.9597060780541,8.828438256377552
6.86,31.221096958401446,131.01264996757362,125.0676288645156,-3.1852722564471243,0.0326580853707833,0.9809413488319412,0.157419691977942,9.499736361420752,0.0,54.95748108300111,42.409524303603206,-11.610723731802068,0.3119794926163692,120.09494234850976,1827.8535839799688,1.274,1.0150000015428002,0.0,11.95483775545509,300.0001285565649,0.161728541114868,1.2510027734325896e-05,-0.0345797154451584,-0.002709124133442,0.0058336175583865,3.1854394985986243,9.857100210335622,54.96261100277739,9.55154531087877
6.87,31.221095039242183,131.0126538212166,124.9865537001455,-3.090091148970292,0.0346267258889508,0.9924810765194936,0.1488613885594301,10.201100924081356,0.0,54.96023703795272,42.39724472722754,-11.630523887840376,0.3123280481493566,120.09324948269662,1828.0511797444617,1.274,1.0150000015428002,0.0,11.953571593606764,300.0001285565649,0.1617365030116952,1.2441885260049192e-05,-0.0173450603741653,-0.0025293179391082,0.002926291074318,3.090284963615586,9.8284579604557,54.96567619100515,10.250348211819276
6.88,31.22109312062179,131.01265767375472,124.90438571791132,-2.985505216995884,0.0364840896624034,0.9985682171372012,0.13989376208829,10.876050666453567,0.0,54.963163772209526,42.3850039273642,-11.640450014306609,0.3126447320555274,120.09171657723635,1828.2603413689,1.274,1.0150000015428002,0.0,11.95228276636864,300.0001285565649,0.1617449654622378,1.2368976605488384e-05,-0.0006417967671594,-0.0023390568800397,0.0001082843748863,2.9857279321125363,9.797670604514416,54.96889467922505,10.922691373842477
6.89,31.22109120253892,131.0126615251922,124.82112952497168,-2.8718592505677774,0.0382246856471123,0.999111957910043,0.1305448962680186,11.522544142045849,0.0,54.96625429353527,42.372809599008434,-11.640806608624494,0.3129283037877925,120.09034823054112,1828.4806049903088,1.274,1.0150000015428002,0.0,11.950965132214332,300.0001285565649,0.1617539078965791,1.229150276976434e-05,0.0154799266628592,-0.0021389520890447,-0.0026119512542578,2.872113413122216,9.765113698032184,54.97225861267061,11.566515904963584
6.9,31.221089284991805,131.0126653755338,124.73679011511184,-2.7495279549378786,0.0398433304694393,0.9940911415609912,0.1208440721823261,12.138626234801496,0.0,54.9695188061146,42.36066938481814,-11.631926891153336,0.3131777217184577,120.08914849353212,1828.7126508398912,1.274,1.0150000015428002,0.0,11.9496300477152,300.0001285565649,0.1617633603508629,1.2209675256407969e-05,0.0309718101585792,-0.0019296437588843,-0.0052262728107542,2.7498164024496643,9.731182416187403,54.97577738132505,12.179863191174308
6.91,31.22108736797829,131.0126692247851,124.65137283296052,-2.618910230813192,0.0413352642354457,0.9835561961812808,0.1108216667045369,12.722432260701932,0.0,54.972956341115726,42.34859095789212,-11.614171765112012,0.3133921489567282,120.08812083247926,1828.9564159248705,1.274,1.0150000015428002,0.0,11.948277592841343,300.0001285565649,0.1617733199820264,1.2123715824832435e-05,0.045787572618114,-0.001711799352925,-0.0077268741198849,2.619236188480428,9.696290507058553,54.97944926867531,12.760875630653528
6.92,31.22108545149584,131.0126730729522,124.56488337797008,-2.4804296834597177,0.0426961259229592,0.9676290969904326,0.1005090696502167,13.272194818417413,0.0,54.97656584168317,42.33658187189769,-11.587928640403668,0.3135709516668943,120.08726814568152,1829.211831434225,1.274,1.0150000015428002,0.0,11.946907853462315,300.0001285565649,0.161783783688556,1.203385614706946e-05,0.0598830749090117,-0.001486111397248,-0.0101063059145839,2.48079689510668,9.66086445475394,54.98327253283927,13.307800849142975
6.93,31.221083535541528,131.01267692004188,124.47732775968612,-2.3345332824456726,0.0439219669544061,0.9465027656013868,0.0899385909270441,13.786249873600962,0.0,54.980346205695575,42.324649589330974,-11.55361021596014,0.313713699516826,120.0865927440458,1829.4788255793865,1.274,1.0150000015428002,0.0,11.94552092076443,300.0001285565649,0.1617947482363196,1.19403375267856e-05,0.0732164537547565,-0.0012532953323967,-0.0123574983316211,2.3349461917433847,9.625338544592063,54.987245451455614,13.818995694796042
6.94,31.22108162011204,131.01268076606155,124.38871231365576,-2.181689957590798,0.0450092635037301,0.9204395971556536,0.0791433627299407,14.263042628118184,0.0,54.98429628080303,42.31280143499602,-11.511653173725923,0.3138201625745161,120.086096349514,1829.75732326458,1.274,1.0150000015428002,0.0,11.9441168912872,300.0001285565649,0.1618062102439207,1.1843410562617884e-05,0.0857482494204483,-0.0010140872937427,-0.0144737823928353,2.182153964702736,9.590149649489234,54.99136631865421,14.292930341094953
6.95,31.22107970520368,131.01268461101932,124.29904364675856,-2.0223891279979784,0.045954927540729,0.8897691286231134,0.06815723710547,14.70113314120258,0.0,54.98841486761093,42.30104456260775,-11.462516801443744,0.3138903066663354,120.085780093297,1830.047246300484,1.274,1.0150000015428002,0.0,11.942695866540951,300.0001285565649,0.1618181661920112,1.1743334791559495e-05,0.0974415267099139,-0.0007692418274268,-0.0164489103925203,2.022910962766617,9.555731775387414,54.99563344997488,14.728192358418783
6.96,31.221077790812405,131.0126884549238,124.20832863820353,-1.8571391683210463,0.0467563165513768,0.854884872328838,0.0570146791412517,15.099201655088876,0.0,54.99270072288402,42.28938592174755,-11.406681546130926,0.313924287037455,120.08564451642827,1830.348513615228,1.274,1.0150000015428002,0.0,11.941257952497011,300.0001285565649,0.1618306124327053,1.1640378301324523e-05,0.1082619887787232,-0.0005195295484249,-0.0182770751073808,1.8577274498684424,9.52251042964192,55.00004518709819,15.12349064996613
6.97,31.22107587693379,131.01269229778418,124.1165744087174,-1.686465816741096,0.0474112418763877,0.8162403492743264,0.0457506561312852,15.456053578596972,0.0,54.9971525632467,42.27783222534871,-11.344647502363433,0.3139224404490292,120.0856895725644,1830.661041500396,1.274,1.0150000015428002,0.0,11.93980325944202,300.0001285565649,0.1618435452004328,1.1534817306776804e-05,0.1181780832672616,-0.000265734747669,-0.0199529277458242,1.6871319236195752,9.490896889164294,55.00459990285562,15.477659178789931
6.98,31.22107396356307,131.01269613961028,124.02378831160082,-1.5109105292066864,0.0479179756175903,0.7743443670723958,0.0344005231412191,15.770624082161849,0.0,55.00176906882803,42.266389917881845,-11.2769328397686,0.3138852758628994,120.08591463294678,1830.9847438549784,1.274,1.0150000015428002,0.0,11.938331901650216,300.0001285565649,0.1618569606226128,1.1426935685891568e-05,0.1271611002688813,-8.652955465021471e-06,-0.0214715945546316,1.5116700127310163,9.46128245908622,55.00929600595934,15.789660431297198
6.99,31.22107205069513,131.01269998041244,123.9299778880012,-1.33102878485014,0.0482752560647017,0.7297555970780054,0.0229999054686141,16.041982258963074,0.0,55.00654888687524,42.25506514440805,-11.204072174404573,0.3138134638786619,120.08631849342972,1831.3195324246449,1.274,1.0150000015428002,0.0,11.936843996909989,300.0001285565649,0.1618708547302623,1.1317024471194216e-05,0.1351852616639898,0.0002509115312798,-0.0228286920035107,1.3319037905186466,9.434032825130926,55.01413194546817,16.058588575089786
7.0,31.221070138324567,131.0127038202014,123.83515086592126,-1.1473883477989903,0.0484822915994492,0.6830765144655588,0.0115845785593995,16.269334808987477,0.0,55.01149063570082,42.24386372066267,-11.12661488897352,0.3137078250991308,120.08689938346954,1831.6653170669088,1.274,1.0150000015428002,0.0,11.935339666287208,300.0001285565649,0.1618852234695485,1.120538129318522e-05,0.1422278013741524,0.0005121481502449,-0.0240203404719824,1.1484120510705909,9.4094826129548,55.01910621534791,16.283672277898695
7.01,31.22106822644564,131.01270765898855,123.73931512145488,-0.9605674906687665,0.0485387630446432,0.6349467734887299,0.0001903460002511,16.452029205908897,0.0,55.0165929083932,42.23279110432596,-11.045123407070594,0.3135693176087269,120.08765497696584,1832.0220059956232,1.274,1.0150000015428002,0.0,11.93381903356074,300.0001285565649,0.1619000627126971,1.1092309772898796e-05,0.1482690361205184,0.0007742425952958,-0.0250431763673703,0.9617929584428684,9.387930274574998,55.02421735855098,16.464277160977176
7.02,31.22106631505233,131.0127114967856,123.64247865692212,-0.7711531854773938,0.0484448244276768,0.5860360976737409,-0.0111470837415461,16.58955631084781,0.0,55.02185427704959,42.221852367629886,-10.96017142690888,0.3133990237548788,120.08858240483984,1832.3895060657355,1.274,1.0150000015428002,0.0,11.93228222511322,300.0001285565649,0.1619153682703817,1.097811886144884e-05,0.1532924263062466,0.0010363793503033,-0.0258943626091495,0.772673278153056,9.369633424166915,55.02946397136921,16.59990786589019
7.03,31.22106440413833,131.01271533360472,123.54464958795016,-0.5797392676035094,0.0482011021436444,0.5370367713219745,-0.0223922211193274,16.681552401866785,0.0,55.02727329658451,42.211052171442205,-10.872342120177684,0.313198136424934,120.08967826923448,1832.7677230275424,1.274,1.0150000015428002,0.0,11.930729369330187,300.0001285565649,0.1619311359028888,1.086312212517353e-05,0.1572846266857515,0.001297744226828,-0.0265715974210093,0.5817395339498119,9.354804743009554,55.03484470711089,16.690209718321277
7.04,31.22106249369713,131.01271916945836,123.44583610371473,-0.3869245788770495,0.0478086925043161,0.4886558240743201,-0.0335099191063117,16.7278005938598,0.0,55.032848508800654,42.20039474096042,-10.782226301885096,0.3129679450118145,120.09093865921852,1833.1565617967287,1.274,1.0150000015428002,0.0,11.929160596217692,300.0001285565649,0.1619473613320732,1.0747636975790451e-05,0.1602355265301033,0.0015575268972188,-0.0270731213803923,0.3898669851018438,9.343608564769678,55.040358279786666,16.73496997717703
7.05,31.221060583721936,131.0127230043594,123.34604644905173,-0.1933110958949898,0.0472691576728813,0.4416070045185319,-0.0444654958322457,16.728231629769503,0.0,55.03857844665366,42.18988384313755,-10.69042057720176,0.3127098212582019,120.09235916788076,1833.5559267419128,1.274,1.0150000015428002,0.0,11.927576037183812,300.0001285565649,0.1619640402538395,1.0631983845801412e-05,0.1621382790513877,0.0018149234145942,-0.0273977226838711,0.1990063933287156,9.33615823842307,55.0460034677357,16.734118661763468
7.06,31.221058674205764,131.012726838321,123.24528890259118,0.0004979503346764,0.046584519994536,0.3966026417528663,-0.0552248554908867,16.68292403082379,0.0,55.04446163814124,42.17952276595005,-10.597525471458605,0.3124252051648186,120.09393491070024,1833.9657219431392,1.274,1.0150000015428002,0.0,11.925975824419572,300.0001285565649,0.1619811683495601,1.0516485310225602e-05,0.1629893199054768,0.002069138711168,-0.0275447405955927,0.046587181264224,9.33251434690754,55.05177911662432,16.687728954484708
7.07,31.221056765141466,131.0127306713565,123.1435717419702,0.1938999569874664,0.0457572547382394,0.3543454953085412,-0.065754606758002,16.592103600720684,0.0,55.05049661057426,42.16931429961015,-10.504143549554724,0.3121155911402649,120.09566054508504,1834.3858514790224,1.274,1.0150000015428002,0.0,11.92436009066226,300.0001285565649,0.1619987412985864,1.04014651565843e-05,0.1627883746520202,0.0023193890664145,-0.0275140670567367,0.1992257806805365,9.332683835630023,55.05768414257695,16.596017181703676
7.08,31.22105485652168,131.01273450347946,123.0409032299182,0.3862948280521499,0.0447902812796366,0.3155206940399335,-0.0760221779798991,16.456142285901688,0.0,55.05668189457,42.15926071980864,-10.410877531100788,0.3117825145610551,120.09753029097348,1834.8162196940075,1.274,1.0150000015428002,0.0,11.922728968685554,300.0001285565649,0.1620167547899601,1.0287247405886784e-05,0.1615384551136591,0.0025649045366463,-0.0273061464435648,0.3888828012131144,9.336620078181204,55.063717534784416,16.45934238096267
7.09,31.22105294833897,131.0127383347036,122.93729157947048,0.5770893164480817,0.0436869980128992,0.2807883423984313,-0.0859959397984083,16.27555542009161,0.0,55.06300367611095,42.14936377306525,-10.31832840765676,0.311427538898716,120.09953795239964,1835.255908082721,1.274,1.0150000015428002,0.0,11.921070012085192,300.0001285565649,0.1620351681858047,1.017415528817254e-05,0.1592458446393313,0.0028049313377208,-0.0269219674334213,0.5787405017913337,9.34422611653242,55.06986601304675,16.27820449642288
7.1,31.22105104058576,131.01274216504282,122.83274493806672,0.7656932441281059,0.0424511667599059,0.2507748869430251,-0.0956452924978643,16.051001147113123,0.0,55.069464150985006,42.13962467395563,-10.227093568419788,0.3110522435581655,120.10167693992948,1835.7050651229413,1.274,1.0150000015428002,0.0,11.919387047491966,300.0001285565649,0.1620539879606428,1.0062510191056607e-05,0.1559200603630244,0.003038734312875,-0.0263630712435272,0.766869049043262,9.355351557037492,55.07613236405638,16.053244964508735
7.11,31.221049133254382,131.01274599451096,122.7272713557438,0.951523466634107,0.0410869399622316,0.2260662632852562,-0.1049407689954505,15.783277127814276,0.0,55.076070423494095,42.13004407903236,-10.137764947541642,0.3106582125487812,120.10394029392228,1836.1641667424733,1.274,1.0150000015428002,0.0,11.917688895805131,300.0001285565649,0.1620732350331474,9.952630543120726e-06,0.1515738330554606,0.0032655990248922,-0.0256315428108666,0.9524100424671608,9.369797112322852,55.08252434437814,15.785244863915745
7.12,31.22104722633712,131.0127498231219,122.62087876625336,1.1340083931309235,0.0395988954259422,0.2072016641684441,-0.113854140512166,15.47331613261112,0.0,55.08282107843733,42.12062207917227,-10.050927182993346,0.310247024118849,120.10632070844424,1836.633121082544,1.274,1.0150000015428002,0.0,11.915975687843288,300.00012855656485,0.1620929052511985,9.844830675165491e-06,0.1462230638010348,0.0034848338894452,-0.0247299973682082,1.134699477153178,9.387320622061576,55.08904125789016,15.475122210653767
7.13,31.221045319826217,131.01275365088952,122.51357495923168,1.3125880495737343,0.0379919891315044,0.1946670363058879,-0.1223585024232758,15.12218229182236,0.0,55.089714725368125,42.11135820185548,-9.967155800254424,0.309820241445887,120.10881055578072,1837.1118379896889,1.274,1.0150000015428002,0.0,11.914247552414718,300.0001285565649,0.1621129945352692,9.73941967123161e-06,0.1398867576314536,0.003695772386689,-0.0236615739214182,1.3131376647577078,9.407639727575695,55.09568249262834,15.123930181181251
7.14,31.221043413713936,131.0127574778276,122.40536756330285,1.4867158061998715,0.0362715381717914,0.1888895013235893,-0.1304283570741455,14.731066524229313,0.0,55.09675000092664,42.1022514054994,-9.88701543402815,0.3093794044536269,120.11140191152744,1837.60022917492,1.274,1.0150000015428002,0.0,11.91250461609606,300.0001285565649,0.1621334988852378,9.63670019514989e-06,0.1325869555780412,0.0038977750931127,-0.0224299242323761,1.487158101077768,9.43043661496673,55.10244752043883,14.732854840162812
7.15,31.22104150799253,131.01276130394973,122.29626401526792,1.6558600549254332,0.0344432025172494,0.1902324624931619,-0.1380396896519354,14.301281521580348,0.0,55.103925572438186,42.093300078331296,-9.811058088887908,0.3089260228226959,120.11408658016296,1838.098208456968,1.274,1.0150000015428002,0.0,11.910747002771211,300.0001285565649,0.162154414390931,9.53696730704784e-06,0.1243486569172848,0.0040902316224799,-0.0210392001512429,1.6562181394352715,9.455363187982032,55.10933589771204,14.303212803604682
7.16,31.22103960265436,131.01276512926933,122.18627154122017,1.8195058348737845,0.0325129657345992,0.1989914527709021,-0.1451700368899311,13.834256335276976,0.0,55.111240141451326,42.0845020395414,-9.73982144447239,0.3084615702385488,120.1168561210386,1838.6056920006224,1.274,1.0150000015428002,0.0,11.908974833225605,300.0001285565649,0.1621757372425021,9.44050727741874e-06,0.1151997320306504,0.0042725624695656,-0.0194940393657609,1.819796203070429,9.482046545917736,55.11634726589215,13.836448976816184
7.17,31.22103769769181,131.01276895379968,122.07539713766076,1.977156400875837,0.0304871147477023,0.2153907703646038,-0.1517985484636163,13.331530614545864,0.0,55.11869244725638,42.07585454269242,-9.673827210606554,0.3079874799020601,120.11970187472444,1839.12259855447,1.274,1.0150000015428002,0.0,11.90718822485109,300.0001285565649,0.1621974637407476,9.347596406625032e-06,0.1051708263193727,0.0044442207510567,-0.0177995496393002,1.97739134435428,9.510094643930213,55.12348135181642,13.33413456171219
7.18,31.2210357930974,131.01277277755355,121.96364755162064,2.1283347301033686,0.0283722187330505,0.2395809377615443,-0.1579060410227382,12.794748546419587,0.0,55.12628127022921,42.06735428135197,-9.613579537472807,0.3075051413097962,120.12261498965098,1839.6488496779057,1.274,1.0150000015428002,0.0,11.905387291313966,300.0001285565649,0.1622195903069023,9.258499857887065e-06,0.0942952556480592,0.0046046938384451,-0.015961291614923,2.1285237456679296,9.539102020161614,55.130737967743954,12.797965608237753
7.19,31.22103388886377,131.0127766005436,121.85102925481748,2.272584962265997,0.026175107242511,0.2716370095394503,-0.1634750448849597,12.225652547861568,0.0,55.134005434970646,42.05899739690192,-9.5595634856857,0.3070158982933946,120.12558644898964,1840.1843699540443,1.274,1.0150000015428002,0.0,11.903572142167665,300.0001285565649,0.1622421134918423,9.173470511905343e-06,0.0826088938175219,0.00475350487823,-0.0139852602673494,2.2727356176256257,9.568655484525587,55.13811701105863,12.22976250694533
7.2,31.221031984983743,131.012780422782,121.73754843173045,2.4094737690760697,0.0239028476462084,0.311557743518139,-0.1684898434932041,11.626076759396412,0.0,55.14186381335736,42.05077948846979,-9.5122435608368,0.3065210482896671,120.12860709771373,1840.729087196016,1.274,1.0150000015428002,0.0,11.901742882539212,300.00012855656485,0.162265029985037,9.092747851269368e-06,0.0701500525874862,0.0048902141952311,-0.0118778650882713,2.409592258691871,9.598339676834575,55.14561846377671,11.631471010593796
7.21,31.22103008145032,131.01278424428045,121.62321095673812,2.5385916490256104,0.0215627219875986,0.3592656390609109,-0.1729365058085508,10.997940387683276,0.0,55.149855327512384,42.0426956249195,-9.472062316778093,0.3060218427967852,120.131667669783,1841.28293265065,1.274,1.0150000015428002,0.0,11.899899612907928,300.0001285565649,0.1622883366232399,9.016556882736644e-06,0.0569593547837888,0.0050144205753063,-0.0096459090928932,2.5386831640035874,9.62774241622105,55.15324239188181,11.005165678238837
7.22,31.221028178256727,131.0127880650502,121.5080223782164,2.659554143913587,0.0191622033433859,0.4146078357592927,-0.1768029118730146,10.343240941681664,0.0,55.15797895237793,42.03474035882829,-9.439439031606767,0.3055194889556818,120.13475881539416,1841.845841172716,1.274,1.0150000015428002,0.0,11.898042428662755,300.0001285565649,0.162312030398042,8.945107105309681e-06,0.0430796010323698,0.0051257624242512,-0.0072965667368616,2.6596231256866725,9.656459778542464,55.160988944184325,10.35305713810175
7.23,31.221026275396422,131.0127918851021,121.3919879066114,2.772002973710803,0.0167089317748836,0.4773578553934476,-0.1800787718281716,9.6640474035646,0.0,55.166233718387886,42.026907742373005,-9.414768460002522,0.3050151521812566,120.13787112823776,1842.417751407748,1.274,1.0150000015428002,0.0,11.896171419954737,300.0001285565649,0.1623361084637018,8.87859153181211e-06,0.0285556306641289,0.0052239188001482,-0.0048373608334306,2.772053292561119,9.684100852572708,55.16885835121635,9.677505417436493
7.24,31.221024372863123,131.01279570444623,121.27511239555425,2.8756070868797554,0.0142106899582041,0.5472181602228475,-0.1827556387189965,8.962493371331227,0.0,55.174618713798125,42.01919134504048,-9.3984196652582,0.3045099597540845,120.14099517270252,1842.9986059519188,1.274,1.0150000015428002,0.0,11.894286671401913,300.0001285565649,0.1623605681439724,8.817185771369139e-06,0.0134341773317266,0.0053086103168903,-0.0022761385600583,2.8756421704089306,9.710292139264808,55.176850923734,8.981043078034837
7.25,31.22102247065087,131.01279952309218,121.1574003269522,2.970063623457039,0.0116753785756719,0.6238234912861003,-0.1848269154436948,8.240770205423482,0.0,55.1831330868466,42.01158427307062,-9.390734934033423,0.3040050052713121,120.14412151096452,1843.5883515006776,1.274,1.0150000015428002,0.0,11.892388261831105,300.0001285565649,0.1623854069384298,8.761047179835962e-06,-0.0022362801288526,0.0053795999170686,0.0003789533574668,2.970086550881569,9.734681570065602,55.18496705101197,8.266414598575865
7.26,31.221020568753968,131.01280334104888,121.038855803037,3.0551017273844137,0.0091110404617764,0.7067455225309766,-0.1862878761254294,7.501119534301745,0.0,55.19176322140333,42.004079190539926,-9.392028776556788,0.3035013538440884,120.14724072989928,1844.186081822396,1.274,1.0150000015428002,0.0,11.89046312894785,300.0001285565649,0.1624105847847575,8.710314084800075e-06,-0.0184056710709311,0.0054366935128466,0.0031194934722195,3.0551153001218867,9.75694509682083,55.19319438028636,7.536642931325069
7.27,31.221018667167105,131.01280715832456,120.9194825324495,3.1304771836968586,0.0065257327605794,0.7954964397929435,-0.1871356328794234,6.745827567449526,0.0,55.20050977590148,41.99666835222759,-9.402587014702585,0.3030000479197695,120.15034346775144,1844.7918443073656,1.274,1.0150000015428002,0.0,11.888512736195189,300.0001285565649,0.1624361036252437,8.665105103872168e-06,-0.0350224983790369,0.0054797407391115,0.0059368128530334,3.130483978628781,9.776783720718624,55.20153483560426,6.795147084543381
7.28,31.22101676588531,131.01281097492682,120.79928381731882,3.1959739995615646,0.0039275180088301,0.8895344538481337,-0.1873691203748547,5.977218534268996,0.0,55.20938339081955,41.98934361298205,-9.422665964801611,0.3025021135802196,120.15342044061458,1845.40635381168,1.274,1.0150000015428002,0.0,11.886548708220488,300.00012855656485,0.1624619947750885,8.62551852537285e-06,-0.0520339894067313,0.0055086350756966,0.0088220231379727,3.195976410311804,9.793927197631351,55.21000032390524,6.045950722447359
7.29,31.221014864903967,131.0128147908623,120.6782625502786,3.251409886640245,0.0013245205226163,0.9882706655173372,-0.1869891079507279,5.197647232974534,0.0,55.21838347078236,41.982096448928,-9.452491706931834,0.3020085672184106,120.15646246842016,1846.029574552025,1.274,1.0150000015428002,0.0,11.884571099368484,300.0001285565649,0.1624882564853918,8.59163178193434e-06,-0.0693862529800542,0.0055233138837897,0.0117660409249812,3.251410156134286,9.80814140723538,55.21859152597951,5.29407032379266
7.3,31.221012964218907,131.01281860613716,120.55642120651802,3.29663418063825,-0.0012751414983694,1.091075005152761,-0.1859981751236948,4.409492783817784,0.0,55.22750949060607,41.97491799576776,-9.492259444165072,0.3015204224514124,120.1594605003866,1846.661475548285,1.274,1.0150000015428002,0.0,11.882579957239852,300.0001285565649,0.1625148872130174,8.563501038696092e-06,-0.087024452209348,0.0055237587233301,0.0147596167902494,3.2966344269790286,9.81922780038766,55.22730919184791,4.546280523522449
7.31,31.22101106382632,131.01282242075646,120.43376183284502,3.3315282455402064,-0.0038633804139749,1.1972830533704295,-0.1844006913886546,3.6151521891401024,0.0,55.236760993764754,41.96779907353801,-9.542132960828567,0.3010386970942938,120.16240564006137,1847.3020305241537,1.274,1.0150000015428002,0.0,11.880575322485724,300.0001285565649,0.1625418856160814,8.541160872576713e-06,-0.1048929717965797,0.0055099953263015,0.0177933633225142,3.3315304830836,9.827025068506464,55.23615413538889,3.812717623364876
7.32,31.22100916372287,131.01282623472463,120.31028604570017,3.356005777015992,-0.0064321634503591,1.3062031868406163,-0.1822027926760707,2.817033981809903,0.0,55.24613759322116,41.96073021540396,-9.602244176627272,0.3005644200686117,120.16528916979212,1847.9512179681828,1.274,1.0150000015428002,0.0,11.87855722882636,300.0001285565649,0.1625692505563735,8.524624054533782e-06,-0.1229355868338819,0.0054820934382537,0.0208577834386533,3.356011933942757,9.831410446485386,55.24512723135116,3.110473449114025
7.33,31.221007263905623,131.01283004804517,120.18599502320296,3.3700130079630464,-0.0089735367268857,1.4171239659545671,-0.1794123547196807,2.017551955690783,0.0,55.25563897181296,41.953701697373376,-9.672692797481586,0.3000986381029638,120.16810257456322,1848.6090211643227,1.274,1.0150000015428002,0.0,11.876525702864337,300.00012855656485,0.1625969811004821,8.513881437346495e-06,-0.1410956326807752,0.0054401665286669,0.0239432989115781,3.370024941350061,9.832300660845211,55.254229411965824,2.4720325689239138
7.34,31.22100536437216,131.01283386072066,120.06088951608707,3.3735288159243937,-0.0114796489551488,1.529321679036579,-0.1760389635351674,1.2191189695347204,0.0,55.265264882485866,41.94670356883027,-9.753546063698211,0.2996424220867795,120.17083756513624,1849.2754282099936,1.274,1.0150000015428002,0.0,11.874480763991135,300.0001285565649,0.1626250765204921,8.508901950762249e-06,-0.1593161755385384,0.0053843713715401,0.0270402790468572,3.3735483251158254,9.829652531917016,55.263461663456766,1.9636867307524373
7.35,31.22100346512049,131.01283767275285,119.9349698278184,3.366564732383317,-0.0139427747634269,1.6420679567798309,-0.1720938831604746,0.4241408135775998,0.0,55.27501514849956,41.93972568378724,-9.84483859587388,0.2991968729428423,120.17348610043835,1849.950432036156,1.274,1.0150000015428002,0.0,11.872422424517936,300.00012855656485,0.1626535362945667,8.509632705138147e-06,-0.1775401833515378,0.0053149074978445,0.0301390694464564,3.366593571330469,9.82346323706912,55.27282502258281,1.7046697360622696
7.36,31.22100156614912,131.0128414841426,119.80823583149264,3.349164854311652,-0.0163553375988981,1.754637370526098,-0.1675900207584899,-0.3649898732249982,0.0,55.28488966306112,41.932757732757935,-9.946572338718624,0.2987631268901005,120.17604040914304,1850.6340303855927,1.274,1.0150000015428002,0.0,11.87035068947007,300.0001285565649,0.1626823601058805,8.51599920399195e-06,-0.195710696673688,0.0052320165217329,0.0332300207987915,3.349204743470827,9.81377023996999,55.282320572673626,1.8000156456712733
7.37,31.22099966745704,131.01284529488973,119.68068696188304,3.321405658264468,-0.0187099321647721,1.8663149287342928,-0.1625418891310031,-1.1458996478378805,0.0,55.29488838904169,41.92578927515352,-10.058716602778572,0.2983423599764437,120.1784930103951,1851.3262257973392,1.274,1.0150000015428002,0.0,11.868265556717844,300.0001285565649,0.1627115478417944,8.52790566514913e-06,-0.2137709991434523,0.0051359813426498,0.0363035176357528,3.3214582966073523,9.800650888220364,55.29194943982202,2.196050382357778
7.38,31.22099776904377,131.01284910499328,119.55232222239772,3.283395717762384,-0.0209993463473019,1.9764033876777347,-0.1569655666451405,-1.9162402818888948,0.0,55.30501135841396,41.91880977210844,-10.181208203833169,0.2979357917700074,120.1808367336358,1852.0270255763608,1.274,1.0150000015428002,0.0,11.866167017069916,300.0001285565649,0.162741099592169,8.54523544943892e-06,-0.2316647872117925,0.0050271252257186,0.0393500069970381,3.283462795456294,9.784221679554047,55.30171278887706,2.7573148818859785
7.39,31.220995870909288,131.01285291445123,119.42314019501768,3.235275324893189,-0.0232165825860928,2.084230294909437,-0.1508786545298158,-2.673694765611333,0.0,55.31525867110384,41.91180861964435,-10.31395169953816,0.2975446881084677,120.18306473748952,1852.7364417152623,1.274,1.0150000015428002,0.0,11.864055054011764,300.0001285565649,0.1627710156460458,8.567851595158043e-06,-0.2493363387655805,0.0049058107630243,0.0423600269412792,3.2353585372541143,9.764637194579448,55.31161181893894,3.393438372840804
7.4,31.22099397305412,131.0128567232608,119.2931390303564,3.177216016904705,-0.0253548786480149,2.1891546872626093,-0.1443002314566271,-3.415983306141919,0.0,55.32563049440504,41.9047751820836,-10.456819722680992,0.2971703628170949,120.18517052767912,1853.4544908642567,1.274,1.0150000015428002,0.0,11.861929644266128,300.0001285565649,0.1628012964898766,8.595597455787251e-06,-0.2667306802835288,0.0047724387186629,0.0453242348441071,3.1773170803156927,9.742088691796102,55.32164775951036,4.059822994836421
7.41,31.22099207547929,131.01286053141803,119.16231647449656,3.109423870896969,-0.0274076666378786,2.2905740821339537,-0.1372508394150535,-4.140870281250629,0.0,55.336111783634784,41.89769882562452,-10.609653410206606,0.2968141783195242,120.18714797394516,1854.1801703814035,1.274,1.0150000015428002,0.0,11.859775031100073,300.0001285565649,0.1628318978466271,8.628297437715085e-06,-0.2837937521523984,0.0046274467606378,0.0482334221021809,3.109544540843815,9.71680601632059,55.33180659759089,4.734170899408745
7.42,31.22099017818635,131.0128643389182,119.03066986004272,3.032130273817484,-0.0293687288332809,2.387928727592913,-0.129752376038225,-4.846168707780611,0.0,55.34670640585154,41.89056896514119,-10.772262926958875,0.296477545078515,120.1889913259471,1854.913744570232,1.274,1.0150000015428002,0.0,11.857594825858133,300.0001285565649,0.162862831088285,8.665757848828937e-06,-0.3004725835481372,0.004471308502559,0.0510785713966232,3.032272368091528,9.689047292558788,55.34209317691616,5.404108662066583
7.43,31.22098828117734,131.0128681457556,118.89819612699353,2.9455938119783767,-0.031232173495852,2.480707283683535,-0.1218280399003843,-5.529746202542571,0.0,55.357426292938,41.883375077494776,-10.944428089618,0.2961619197788476,120.1906952283436,1855.65601875154,1.274,1.0150000015428002,0.0,11.855400887314795,300.0001285565649,0.1628941313175094,8.707767809343387e-06,-0.3167154393398142,0.0043045315187069,0.0538508760163217,2.945759239024489,9.659099124960768,55.35252035484045,6.061917498874469
7.44,31.220986384454832,131.01287195192364,118.76489183168684,2.850104414170206,-0.0329923740806297,2.568452330446381,-0.1135023071634431,-6.189531944606787,0.0,55.36827186317846,41.87610673336141,-11.125899074800667,0.2958688023035415,120.19225473458312,1856.407026971924,1.274,1.0150000015428002,0.0,11.853193164605289,300.0001285565649,0.1629257997562627,8.754100254425453e-06,-0.3324719707325927,0.0041276555225306,0.0565417474111778,2.850295207599747,9.627278468068686,55.36308943346304,6.702248566027281
7.45,31.220984488021887,131.0128757574148,118.63075315673744,2.745979512629075,-0.0346440327114203,2.65076383663733,-0.1048008586160303,-6.82352234954575,0.0,55.37924359583448,41.868753642889615,-11.316397213465043,0.2955997314633674,120.19366531953602,1857.16680751982,1.274,1.0150000015428002,0.0,11.850971600260731,300.00012855656485,0.1629578378052246,8.804513033684253e-06,-0.3476933779376476,0.003941250995383,0.0591428523957993,2.7461978759196115,9.593926673103647,55.37380172423323,7.321064771762456
7.46,31.22098259188209,131.01287956222063,118.49577592197022,2.6335630384752378,-0.0361821962048035,2.727302426277885,-0.0957505149172272,-7.429787044275552,0.0,55.39034202663355,41.86130568556776,-11.515615878511976,0.2953562794258827,120.1949228912443,1857.9354026268163,1.274,1.0150000015428002,0.0,11.848736130662305,300.0001285565649,0.1629902470305276,8.858750075648035e-06,-0.3623325602232334,0.0037459174073795,0.0616461387600147,2.63381140305413,9.559405958071544,55.38465854092191,7.915117321226072
7.47,31.220980696039543,131.01288336633186,118.35995560330367,2.5132243320163403,-0.0376022712731667,2.797791906678317,-0.0863791680521883,-8.006474801089903,0.0,55.401567745235546,41.853752943091045,-11.723221458350686,0.2951400448852153,120.1960238016381,1858.7128582988323,1.274,1.0150000015428002,0.0,11.846486686154778,300.0001285565649,0.1630230291563396,8.916542618309125e-06,-0.3763442616208294,0.0035422813500142,0.0640438601802703,2.513505434030517,9.524095524171104,55.39566119470004,8.481670805580448
7.48,31.22097880049876,131.01288716973832,118.22328735362196,2.385356974452697,-0.0389000387209414,2.862021032945991,-0.0767157089015903,-8.551819408266102,0.0,55.4129213927489,41.84608573184232,-11.938854413938513,0.2949526450014849,120.19696485622949,1859.499224152974,1.274,1.0150000015428002,0.0,11.844223191406048,300.0001285565649,0.163056186057567,8.977610497938975e-06,-0.3896852117937328,0.0033309945848292,0.0663286003466017,2.3856739580719286,9.488387334628218,55.40681098942483,9.018351561378292
7.49,31.22097690526481,131.01289097242903,118.08576600078642,2.2503775442139404,-0.040071666577978,2.9198444918102915,-0.0667899508477559,-9.06414545045462,0.0,55.42440365884888,41.838294634917936,-12.162130416522624,0.2947957061534344,120.19774332279572,1860.2945532259407,1.274,1.0150000015428002,0.0,11.841945565539609,300.0001285565649,0.1630897197514052,9.04166348786822e-06,-0.402314261582679,0.0031127320134619,0.0684932962218019,2.250734103395147,9.452681579362658,55.4181092166951,9.523060721264269
7.5,31.220975010343167,131.0128947743923,117.9473860854034,2.10872430121276,-0.0411137221156285,2.971183096815256,-0.0566325493824264,-9.541873968155842,0.0,55.4360152788738,41.830370533626095,-12.392641563032775,0.2946708535634989,120.198356939065,1861.0989017802467,1.274,1.0150000015428002,0.0,11.839653722418369,300.0001285565649,0.1631236323888286,9.10840267847726e-06,-0.4141925127347287,0.0028881895747119,0.0705312603489133,2.1091248785664867,9.41738185900263,55.42955715106002,9.993922906677856
7.51,31.220973115739824,131.0128985756154,117.80814186579433,1.9608558026886955,-0.0420231826911555,3.016023196415652,-0.0462749177309322,-9.983527962233431,0.0,55.447757030818245,41.82230463838672,-12.62995766579248,0.2945796998684506,120.19880391941868,1861.9123291029505,1.274,1.0150000015428002,0.0,11.837347570985289,300.0001285565649,0.1631579262457838,9.177521889278848e-06,-0.4252834413164284,0.0026580820745638,0.0724362021216305,1.9613058755119053,9.382890133463183,55.44115604530892,10.429255383872096
7.52,31.220971221461152,131.01290237608515,117.66802733986064,1.8072494545660285,-0.0427974453677329,3.054415306071109,-0.0357491385616797,-10.387737706643248,0.0,55.45962973221498,41.81408851896016,-12.873627612929113,0.294523832723211,120.19908296062202,1862.7348972995944,1.274,1.0150000015428002,0.0,11.835027015641836,300.0001285565649,0.1631926037140244,9.248709103664611e-06,-0.4355530143118294,0.0024231409554081,0.0742022479321765,1.80775595832946,9.349601492806825,55.45290712584213,10.827549377624067
7.53,31.22096932751398,131.01290617578752,117.52703627589592,1.6484000025921377,-0.0434343352581685,3.086471984998708,-0.0250878719090048,-10.753245830503715,0.0,55.47163423662438,41.80571413393411,-13.123180795578776,0.2945048015387329,120.19919324659388,1863.5666710571395,1.274,1.0150000015428002,0.0,11.832691956361508,300.00012855656485,0.1632276672908381,9.321647916670735e-06,-0.444969798910446,0.0021841120109949,0.0758239601110307,1.6489719795956097,9.31789882105869,55.464811587849816,11.18745880916414
7.54,31.22096743390551,131.01290997470778,117.3851622135776,1.4848188540912413,-0.0439320989930325,3.1123651268918167,-0.0143242678998414,-11.078912450073224,0.0,55.483768195145785,41.79717385939559,-13.378128597696968,0.2945241034668338,120.1991344522226,1864.407500001529,1.274,1.0150000015428002,0.0,11.83033894196448,300.0001285565649,0.1632631100496933,9.39601898598473e-06,-0.4535050640004,0.001941753053949,0.0772963500691447,1.485468487281887,9.288148111098373,55.47686735784932,11.507794008589599
7.55,31.22096554064337,131.01291377283064,117.24239850471947,1.3170370527228197,-0.0442893406081702,3.1323231347579705,-0.0034919156819422,-11.363721600802196,0.0,55.49600948921988,41.788460519860585,-13.637965944009572,0.2945831687573498,120.19890674623032,1865.2559047742352,1.274,1.0150000015428002,0.0,11.827944016867791,300.0001285565649,0.1632988668908244,9.471501479790897e-06,-0.4611328773593154,0.0016968316460143,0.0786148714072808,1.3177813925079778,9.260696494803026,55.489052536558354,11.787520054470896
7.56,31.2209636477355,131.01291757014016,117.09873832022708,1.1455846234013485,-0.0445053160683453,3.146623881669562,0.0073754108098795,-11.606779534277788,0.0,55.508385186956005,41.77956743364472,-13.90217290363997,0.2946833456114002,120.19851079313196,1866.113711880436,1.274,1.0150000015428002,0.0,11.825534073921885,300.0001285565649,0.1633350174477213,9.547774527246528e-06,-0.4678302158253611,0.0014501233275673,0.0797755362807888,1.1464486855420803,9.235852881269391,55.50139430895871,12.025748517523038
7.57,31.22096175519024,131.01292136661988,116.95417467892104,0.971009528985364,-0.0445796192522538,3.1555929965413063,0.0182437307458883,-11.807323212016128,0.0,55.52089624522212,41.77048838419358,-14.170216356850975,0.2948258846150703,120.19794775452904,1866.9809935746923,1.274,1.0150000015428002,0.0,11.823108997911806,300.0001285565649,0.163371564520086,9.624518577382233e-06,-0.4735769800219606,0.0012024076111545,0.0807748138416534,0.9720322307241824,9.21389894216226,55.51389369571152,12.221742160041952
7.58,31.22095986301619,131.01292516225283,116.8087004783506,0.7938687732384129,-0.044512293530024,3.1595975601113127,0.0290789947786902,-11.964722490633978,0.0,55.53354364427609,41.7612176859235,-14.441551670210368,0.2950119231565156,120.19721928867904,1867.8578238434395,1.274,1.0150000015428002,0.0,11.82066867101586,300.0001285565649,0.1634085109761549,9.701416783786171e-06,-0.478356091280337,0.0009544663655659,0.0816096829743809,0.7951156183883096,9.195079118786929,55.52655167026201,12.374913600008739
7.59,31.220957971222287,131.0129289570216,116.66230850075388,0.6147266454896932,-0.0443038312768115,3.1590403903647446,0.0398471937835414,-12.078482987336816,0.0,55.54632837869743,41.75175019927492,-14.715624427282696,0.2952424697216792,120.19632754945953,1868.744277794628,1.274,1.0150000015428002,0.0,11.818212973246428,300.0001285565649,0.1634458597260534,9.778156327153042e-06,-0.4821535475417491,0.0007070813549434,0.0822776423361468,0.616321022540194,9.179596705041236,55.53936914984768,12.484825800234185
7.6,31.22095607981773,131.01293275090833,116.51499144983455,0.4341529279210978,-0.0439551722355308,3.1543539507199725,0.0505144689463335,-12.148248452460592,0.0,55.55925145351406,41.74208135293327,-14.991872191343468,0.2955183883268546,120.19527518429727,1869.640431395344,1.274,1.0150000015428002,0.0,11.815741782814165,300.0001285565649,0.1634836137104462,9.854429685031572e-06,-0.4849584691574543,0.0004610317780846,0.0827767187115919,0.436372300920456,9.167610541150944,55.5523469918822,12.551192812665526
7.61,31.22095418881193,131.01293654389482,116.3667419716334,0.2527210846289321,-0.0434677003755696,3.145993968246846,0.061047222593303,-12.17380262289216,0.0,55.57231388036898,41.73220716469656,-15.26972629432852,0.2958403832607092,120.19406533102575,1870.546361212784,1.274,1.0150000015428002,0.0,11.81325497656884,300.0001285565649,0.1635217758892944,9.929935840835968e-06,-0.4867631342591376,0.0002170918140949,0.0831054736173793,0.2564320091926085,9.159232413770088,55.565485990615535,12.57388067037253
7.62,31.22095229821455,131.01294033596258,116.21755267838276,0.0710064385286875,-0.0428432392492845,3.134432847031116,0.0714122291949193,-12.155070534909749,0.0,55.58551667357324,41.72212426091584,-15.548613646044158,0.2962089843114436,120.19270161362448,1871.4621441459888,1.274,1.0150000015428002,0.0,11.810752430344358,300.0001285565649,0.163560349230291,1.0004381424823435e-05,-0.4875630034964636,-2.3971817456604623e-05,0.0832630081193401,0.0829304318204878,9.15452523792904,55.57878687391631,12.552908375657704
7.63,31.220950408035407,131.0129441270929,116.06741616540208,-0.1104156578159465,-0.0420840458583879,3.1201529644566106,0.0815767459613085,-12.092119280234307,0.0,55.59886084626496,41.71182989443317,-15.827958557546944,0.2966245326565932,120.19118813678604,1872.3878571655705,1.274,1.0150000015428002,0.0,11.808234019418768,300.0001285565649,0.1635993366975956,1.0077481780483758e-05,-0.4873567339942047,-0.0002614022737131,0.0832489658351466,0.1181637940089033,9.153502075218537,55.592250300394255,12.488448981939401
7.64,31.22094851828452,131.01294791726684,115.91632505185048,-0.2909716511781653,-0.041192803048117,3.103639939651797,0.0915086224388002,-11.985158194713632,0.0,55.61234740646465,41.70132196093401,-16.10718457251748,0.29708716759332,120.189529479252,1873.3235770446045,1.274,1.0150000015428002,0.0,11.805699618859284,300.0001285565649,0.1636387412402791,1.0148961950603573e-05,-0.4861461824391826,-0.0004944549749265,0.0830635341042857,0.2938729899555158,9.156126018502066,55.60587685665024,12.38083081442008
7.65,31.22094662897195,131.01295170646537,115.76427198569388,-0.4700916103150017,-0.0401726104574679,3.085375963544592,0.1011764085212276,-11.83453847479679,0.0,55.62597735328151,41.69059901363664,-16.38571630040128,0.297596814284836,120.18773068585148,1874.269380100941,1.274,1.0150000015428002,0.0,11.803149104001452,300.0001285565649,0.1636785657811964,1.021855757815728e-05,-0.4839363972671659,-0.0007223999520453,0.0827074433181294,0.4718049644789762,9.162310947375708,55.619667054904106,12.230538925718093
7.66,31.220944740107942,131.01295549466928,115.61124967948815,-0.6472110359862498,-0.0390269740590485,3.0658332789601546,0.110549460300551,-11.640752222826508,0.0,55.63975167300719,41.67966027623925,-16.662981245072334,0.2981531726957808,120.18579725817328,1875.2253419296785,1.274,1.0150000015428002,0.0,11.800582350775008,300.00012855656485,0.163718813205546,1.028601571811552e-05,-0.4807355999795879,-0.0009445241476037,0.0821819644118871,0.6483865860918158,9.171923132366524,55.63362133073144,12.038216943999332
7.67,31.22094285170276,131.0129592818595,115.45725093323946,-0.8217642603930004,-0.0377596706643289,3.045468843295605,0.1195979698681194,-11.40443510463758,0.0,55.653643122956346,41.668505654047365,-16.938411622792145,0.2987557078831165,120.18373514379972,1876.1896349608448,1.274,1.0150000015428002,0.0,11.797969869512457,300.0001285565649,0.1637594033355754,1.0351095557249393e-05,-0.4765551556800889,-0.0011601336621876,0.0814888632225166,0.8226312628519671,9.184787578253625,55.64771184818764,11.804673828859942
7.68,31.22094096376668,131.01296306801692,115.30226865229292,-0.9932101434325836,-0.0363750884171776,3.0247157058232124,0.1282932363621345,-11.126354828203814,0.0,55.66767686240749,41.657135775039336,-17.21144616328844,0.2994036418020797,120.18155072402864,1877.163963806968,1.274,1.0150000015428002,0.0,11.79533669097336,300.0001285565649,0.163800410185429,1.041356907287116e-05,-0.4714095844416872,-0.0013685550413423,0.0806305221750593,0.993875949774036,9.200679548765532,55.66196307726406,11.530877504277122
7.69,31.220939076310007,131.01296685312252,115.14629587417096,-1.161012278707416,-0.0348778932009085,3.0039797893540108,0.1366076452581412,-10.807414772522108,0.0,55.68185765919577,41.64555192804133,-17.481531917350377,0.3000959466648385,120.17925080038964,1878.1486593385723,1.274,1.0150000015428002,0.0,11.792686695321391,300.00012855656485,0.1638418477678313,1.0473221517254616e-05,-0.4653164174986467,-0.0015691390770679,0.0796098082780087,1.1615359711354425,9.219339206743026,55.67637905288149,11.21796640612368
7.7,31.220937189342983,131.0129706371575,114.98932578944482,-1.3246455616348607,-0.0332730856853554,2.9836342633698747,0.1445147751271493,-10.4486501448236,0.0,55.69618640979253,41.633756109767326,-17.748125982025833,0.300831340311035,120.17684257878972,1879.143791596476,1.274,1.0150000015428002,0.0,11.79001976342642,300.0001285565649,0.1638837187043379,1.052985186551608e-05,-0.4582961713687709,-0.0017612621855334,0.0784300941892164,1.3250633060091437,9.240473319105815,55.69095988600873,10.867255761539203
7.71,31.220935302875805,131.01297442010332,114.83135176658308,-1.483598972880992,-0.0315660012021596,2.9640148711865257,0.1519894896313555,-10.051224122504197,0.0,55.71066398052346,41.62175102474662,-18.01069721099547,0.3016082834237678,120.174333652231,1880.149428709854,1.274,1.0150000015428002,0.0,11.787335778915237,300.0001285565649,0.1639260255280594,1.0583273161045028e-05,-0.4503722840497745,-0.0019443282416404,0.0770952537285071,1.4839346690682098,9.263759448931888,55.705705604900295,10.480247674667977
7.72,31.220933416918527,131.01297820194168,114.67236737083633,-1.6373771842195768,-0.0297622918979986,2.945415961654511,0.1590080200369217,-9.61642378932704,0.0,55.725291203316175,41.60954008482901,-18.26872788839241,0.3024249787644274,120.17173198181068,1881.165636602648,1.274,1.0150000015428002,0.0,11.784634628346287,300.00012855656485,0.1639687706712043,1.06333127670211e-05,-0.4415710349106838,-0.0021177704466068,0.0756096489244034,1.637647579997463,9.288851022038711,55.72061615364738,10.058646292297004
7.73,31.220931531481103,131.0129819826546,114.51236638113404,-1.7855021143163223,-0.0278679079573838,2.928087162615978,0.1655480425417993,-9.145655646363222,0.0,55.740068872577865,41.59712740788664,-18.521715356725096,0.3032793725309302,120.16904587590707,1882.192478778762,1.274,1.0150000015428002,0.0,11.781916201714472,300.0001285565649,0.1640119564559157,1.0679812529644955e-05,-0.4319214554785959,-0.0022810531003017,0.0739781155042276,1.7857195101995684,9.31538259403876,55.73569139200497,9.604380135548645
7.74,31.22092964657328,131.01298576222467,114.35134281890988,-1.9275144264262,-0.0258890779193498,2.91223073833302,0.1715887501720637,-8.640440732215437,0.0,55.7549977419292,41.584517814226565,-18.76917359368607,0.3041691579077636,120.16628396752051,1883.2300160948844,1.274,1.0150000015428002,0.0,11.779180392664696,300.0001285565649,0.164055585084708,1.072262885702968e-05,-0.4214552315295585,-0.0024336732731321,0.072205946892001,1.927688215341712,9.342975208870094,55.7509310952176,9.119635224031985
7.75,31.220927762204617,131.0129895406348,114.18929095803904,-2.062974963437465,-0.0238322881705613,2.897999662388598,0.1771109190686927,-8.102409387834022,0.0,55.770078521289406,41.57171682066679,-19.01063473286391,0.3050917808547615,120.16345518975272,1884.2783065569129,1.274,1.0150000015428002,0.0,11.776427098919006,300.0001285565649,0.1640996586319336,1.0761632718501384e-05,-0.410206596938074,-0.0025751623723818,0.0702988767892171,2.0631125592810378,9.37124174832705,55.766334954325615,8.6069046822257
7.76,31.220925878384406,131.01299331786856,114.02620535465944,-2.191466115750352,-0.0217042616948682,2.8854964278341755,0.1820969690381599,-7.533295701713119,0.0,55.785311874080975,41.55873063223427,-19.245650523635423,0.3060444481572662,120.16056874942645,1885.337405126684,1.274,1.0150000015428002,0.0,11.773656222664885,300.0001285565649,0.1641441790355737,1.0796709569768715e-05,-0.3982122197615432,-0.0027050875983435,0.0682630604162597,2.1915735401118117,9.399792183219654,55.7819025767079,8.069063952567609
7.77,31.22092399512172,131.01299709391003,113.86208084915724,-2.3125931177757137,-0.0195119361607329,2.874772606412099,0.1865310182896218,-6.934931670940688,0.0,55.80069841435917,41.54556613144896,-19.47379372578812,0.3070241377346244,120.15763409886608,1886.4073635196671,1.274,1.0150000015428002,0.0,11.770867670691157,300.0001285565649,0.1641891480888441,1.0827759210049906e-05,-0.3855110810534939,-0.0028230532860061,0.0661050544950367,2.312675385191334,9.428238649320978,55.79763348665342,7.509486576323162
7.78,31.22092211242524,131.0130008687441,113.69691259399843,-2.4259775540290462,-0.0172623317129342,2.865829737364548,0.1903988755260878,-6.3092455747408005,0.0,55.816214524814654,41.53223086516726,-19.694659434705866,0.3080276111778155,120.15466090588204,1887.4865947172289,1.274,1.0150000015428002,0.0,11.768036033766968,300.0001285565649,0.1642344962867335,1.0854695577764244e-05,-0.3721443469114446,-0.0029287021284875,0.063831768404942,2.4260389326330154,9.456202197095807,55.81350296413102,6.9322299109125725
7.79,31.22092023030339,131.01300464235612,113.53069606665149,-2.531278206715164,-0.014962809019536,2.858618917213605,0.1936881996188266,-5.65824682605975,0.0,55.83187428160591,41.51873305969716,-19.90786633324032,0.3090514284593358,120.1516590220234,1888.5760598889128,1.274,1.0150000015428002,0.0,11.765175389364348,300.0001285565649,0.1642802650349492,1.0877446521334657e-05,-0.3581552891325334,-0.0030217155845916,0.0614505246666981,2.531322401387443,9.48331219958211,55.82952392908798,6.342316168178491
7.8,31.220918348764165,131.01300841473252,113.36342708449465,-2.628179202641717,-0.0126208606444851,2.8530435401807224,0.1963884866952077,-4.9840230002717245,0.0,55.84768858088797,41.50508154511535,-20.113057898118395,0.3100919646482424,120.14863844943108,1889.6765061514693,1.274,1.0150000015428002,0.0,11.76229658932774,300.0001285565649,0.1643264863826259,1.0895953461112522e-05,-0.3435890611216574,-0.0031018159672845,0.0589689700532215,2.6282094847230977,9.509214277046777,55.845706100749865,5.746208414868969
7.81,31.22091646781517,131.01301218586036,113.19510181475732,-2.716388599609826,-0.0102440538806405,2.848961923524359,0.1984910808717535,-4.2887348821253015,0.0,55.863657814217184,41.491285753885535,-20.30990347794667,0.3111454287351063,120.14560930576025,1890.7879704447569,1.274,1.0150000015428002,0.0,11.759399561208523,300.0001285565649,0.164373161470549,1.0910171039814225e-05,-0.3284925582483105,-0.0031687671845331,0.0563950453957006,2.7164079012720306,9.533574561143167,55.86204868200504,5.1525944571677265
7.82,31.2209145874636,131.01301595572764,113.0257167884352,-2.795642599271201,-0.0078400541301631,2.846190218579075,0.1999892114788103,-3.5746088213935083,0.0,55.879782314641695,41.477355709850045,-20.498099291199548,0.3122078842765303,120.14258178776134,1891.9104858084515,1.274,1.0150000015428002,0.0,11.75648423863481,300.0001285565649,0.1644202912679782,1.0920066751722971e-05,-0.312914291312793,-0.0032223751556608,0.0537369769143801,2.795653583783422,9.556082315493615,55.87855080182258,4.573688081956115
7.83,31.22091270771616,131.0130197243233,112.85526891718824,-2.865706335819661,-0.0054166005491722,2.8445061678055,0.2008780133620188,-2.8439298377441204,0.0,55.89606235344523,41.46330199836641,-20.67736935170175,0.3132752716709245,120.13956613374104,1893.0440811541605,1.274,1.0150000015428002,0.0,11.753550561547405,300.00012855656485,0.1644678765630877,1.0925620540623189e-05,-0.2969042323364115,-0.0032624884016525,0.051003250392471,2.865711450626051,9.576453043948536,55.89521151582186,4.027344563971042
7.84,31.22091082857908,131.01302349163728,112.68375548538828,-2.9263745826008094,-0.0029814816911558,2.843653422822387,0.2011545417763231,-2.09903463085945,0.0,55.9124981387028,41.44913573844072,-20.84746630574618,0.314343431910535,120.13657258498088,1894.1887811597032,1.274,1.0150000015428002,0.0,11.750598476376812,300.0001285565649,0.1645159179587384,1.0926824380532712e-05,-0.2805136566558262,-0.0032889985023954,0.048202584682555,2.9263761000927766,9.594431216436291,55.912029808654125,3.5401658605712227
7.85,31.22090895005805,131.01302725766047,112.51117418490948,-2.977472365140545,-0.0005425110880398,2.843346367039429,0.2008177819444361,-1.34230451269776,0.0,55.92908981405896,41.43486855248773,-21.008172178728696,0.3154081315951411,120.13361134632036,1895.3446061783104,1.274,1.0150000015428002,0.0,11.747627936220226,300.0001285565649,0.1645644158689026,1.0923681846309737e-05,-0.2637949817346095,-0.0033018404205851,0.04534390461134,2.977472414520202,9.609792612195031,55.92900459661653,3.1506709998522813
7.86,31.220907072158283,131.01303102238495,112.33752309624296,-3.018855479144392,0.0018924971668979,2.843275377018851,0.1998686533748548,-0.5761582741442556,0.0,55.94583745771372,41.420512533778194,-21.159299029418573,0.3164650889722702,120.13069254613232,1896.5115721627835,1.274,1.0150000015428002,0.0,11.744638900998853,300.0001285565649,0.1646133705156862,1.0916207680819848e-05,-0.2468016031460384,-0.0033009926916604,0.0424363133575717,3.018856071791104,9.622346285636253,55.94613473047349,2.907940973442971
7.87,31.22090519488435,131.0130347858038,112.16280071334576,-3.0504109122382936,0.0043157527733847,2.843112451228372,0.1983100090211691,0.1969550044737122,0.0,55.962741081524925,41.406080211638766,-21.30068951024292,0.317510000751125,120.12782619593536,1897.6896905949493,1.274,1.0150000015428002,0.0,11.741631337497248,300.0001285565649,0.1646627819267191,1.0904427364875513e-05,-0.2295877281668338,-0.0032864774794714,0.0394890643754019,3.05041396233734,9.631936162114052,55.96341899838466,2.856817555216822
7.88,31.220903318240296,131.01303854791126,111.98700593469692,-3.072051993141951,0.0067195844805072,2.84251741608435,0.1961465984638214,0.9745600647530264,0.0,55.97978539364419,41.39158451448268,-21.432217332216467,0.3185385694230507,120.12502214990208,1898.8779347523528,1.274,1.0150000015428002,0.0,11.738589165420995,300.0001285565649,0.1647126051013615,1.0888376695602243e-05,-0.2122082074083265,-0.0032583604977045,0.0365115229959702,3.072059335056158,9.638443019071463,55.98084090350373,3.011336259643416
7.89,31.220901442229525,131.0130423087028,111.81013808019487,-3.0837265911222977,0.0090963539995931,2.841143647510181,0.1933850898279648,1.7541658361195407,0.0,55.996963457575205,41.37703875189407,-21.553787633392133,0.3195465308112924,120.12229006453416,1900.0758436113017,1.274,1.0150000015428002,0.0,11.735505143575876,300.0001285565649,0.1647628196244673,1.0868101396916085e-05,-0.1947184032792909,-0.0032167504201871,0.0335131625108364,3.0837399943154966,9.64178415820854,55.99839230951418,3.3446364225972594
7.9,31.22089956685484,131.01304606817507,111.63219688121856,-3.085424285924637,0.0114383845505989,2.838643960449035,0.1900341024329199,2.5332779577784748,0.0,56.01429696923472,41.36245655532885,-21.66533727193664,0.320529681529399,120.11963935888193,1901.2848992677843,1.274,1.0150000015428002,0.0,11.732402296419176,300.0001285565649,0.1648134893282856,1.0843656727752858e-05,-0.1771739981881511,-0.0031617987674892,0.0305035403847917,3.0854454677272534,9.64191306906728,56.01609370646644,3.809397551535879
7.91,31.220897692118367,131.01304982632587,111.45318248858028,-3.077159129285787,0.0137382209537309,2.834677777836601,0.1861041146618777,3.309398996127323,0.0,56.0317856689044,41.34785179877314,-21.766835009303573,0.3214839061255884,120.11707917541622,1902.5050947879647,1.274,1.0150000015428002,0.0,11.729280619249831,300.0001285565649,0.1648646134443339,1.0815107081784836e-05,-0.159630749639215,-0.0030937001285135,0.0274922238793812,3.077189767330216,9.638822049181137,56.0339436635848,4.361439505624636
7.92,31.22089581802164,131.01305358315443,111.27309546457394,-3.0589770288714417,0.0159885504041066,2.828917036020433,0.1816074583814873,4.08003785733198,0.0,56.049429232972045,41.33323859770954,-21.858281553076576,0.322405203668089,120.11461834172806,1903.7364188931783,1.274,1.0150000015428002,0.0,11.726140114677332,300.0001285565649,0.1649161910168831,1.0782525655988233e-05,-0.1421443731224989,-0.0030126909975178,0.0244887856407311,3.0590187730666485,9.632540974168696,56.051940708564,4.968144702289633
7.93,31.22089394456549,131.01305733866107,111.09193678894076,-3.030955558182701,0.0181822254821057,2.8210523314978024,0.1765582876572321,4.842717211235785,0.0,56.067227271189616,41.318631252785146,-21.939709532706416,0.3232897133714828,120.1122653336647,1904.978855765596,1.274,1.0150000015428002,0.0,11.722980792621737,300.00012855656485,0.164968220894893,1.0745994131707544e-05,-0.124770369843995,-0.0029190490365056,0.0215027742917397,3.031010042966518,9.623136816990332,56.0700833284417,5.607264847854873
7.94,31.220892071750047,131.0130610928475,110.90970785290628,-2.993203691575015,0.0203122864751391,2.810798856389712,0.1709725423522345,5.5949809477453885,0.0,56.08517932736794,41.304044202157776,-22.01118337653876,0.32413373905504,120.1100282400156,1906.232385089433,1.274,1.0150000015428002,0.0,11.719802670313651,300.0001285565649,0.1650207017340344,1.0705602382894324e-05,-0.1075638550094061,-0.0028130922086256,0.0185436850598879,2.9932725490394487,9.610712842958064,56.0883699737995,6.263675728113165
7.95,31.220890199574807,131.01306484571668,110.72641045122911,-2.945861441996973,0.0223719831903914,2.7979020451084926,0.1648679064730136,6.334401655603601,0.0,56.103284880075805,41.28949197254069,-22.072799090451028,0.3249337721813609,120.10791472900326,1907.4969820884053,1.274,1.0150000015428002,0.0,11.716605772055216,300.0001285565649,0.165073631998764,1.0661448211844631e-05,-0.0905793869247481,-0.0026951777860162,0.0156209304818173,2.945946316545726,9.59540747391591,56.10679906288836,6.926765595508536
7.96,31.22088832803857,131.01306859727288,110.54204677822608,-2.889099402614313,0.0243547962000062,2.782142854184708,0.1582637611743555,7.058588115766511,0.0,56.12154334392271,41.27498912913389,-22.12468393856831,0.3256865132442179,120.1059320168176,1908.7726176063209,1.274,1.0150000015428002,0.0,11.713390129359528,300.0001285565649,0.1651270099660814,1.0613637111918129e-05,-0.0738707973155652,-0.0025657012345218,0.0127438112523923,2.8892019679277743,9.577392820479066,56.12536898624858,7.588743800342209
7.97,31.220886457139407,131.0130723475216,110.35661942280387,-2.823118193206488,0.0262544574638471,2.763342601388687,0.1511811323319502,7.765192798649565,0.0,56.13995407074236,41.260550224621454,-22.1669960267589,0.3263888912969228,120.10408683841008,1910.059258180084,1.274,1.0150000015428002,0.0,11.710155780751451,300.0001285565649,0.1651808337290014,1.0562282055922296e-05,-0.0574910232742422,-0.0024250949780273,0.00992148728692,2.8232401724676977,9.556872880713769,56.14407811113266,8.243611906659716
7.98,31.22088458687476,131.01307609646975,110.17013135852066,-2.748135309093907,0.0280651356069246,2.741367993844168,0.143642572295145,8.451912037622275,0.0,56.15848164808432,41.2461897474268,-22.199923789843822,0.3270380814381405,120.10238542074336,1911.3545038996383,1.274,1.0150000015428002,0.0,11.706865967817803,300.0001285565649,0.1652349990943537,1.0507503308099284e-05,-0.0414919412586143,-0.0022738270454647,0.0071629446419942,2.748278502048709,9.534083283588258,56.16289010910027,8.886537501071668
7.99,31.22088271724132,131.01307984412543,109.98258593066484,-2.664420016152756,0.0297809831385714,2.716133094781123,0.1356722371661636,9.116510369998547,0.0,56.177154928304034,41.23192212057777,-22.22368538369872,0.3276315201018597,120.10083345866484,1912.660327535428,1.274,1.0150000015428002,0.0,11.703552088420436,300.0001285565649,0.1652895909563504,1.044942829798278e-05,-0.0259242932044956,-0.0021123988669314,0.0044769988951457,2.66458632624697,9.509283676148913,56.18183291398564,9.51349290590969
8.0,31.22088084823512,131.01308359049804,109.7939868532746,-2.5722605568717007,0.0313965791464556,2.687603909708668,0.1272957216954255,9.756816637579751,0.0,56.195978006093,41.21776153750484,-22.23852803502888,0.3281669179764203,120.09943609368328,1913.977018176236,1.274,1.0150000015428002,0.0,11.700219419761796,300.0001285565649,0.1653446213650267,1.038819141486138e-05,-0.0108373588391381,-0.0019413450887457,0.0018722200504492,2.572452031675666,9.482759356227564,56.2009097689659,10.121012295002725
8.01,31.220878979851527,131.0130873355982,109.60433818727245,-2.4719703247465947,0.0329068523941381,2.6558005532952382,0.1185399959920778,10.370732635295363,0.0,56.21494999945718,41.20372197683149,-22.244727203399048,0.3286422706162053,120.09819789535044,1915.304526204036,1.274,1.0150000015428002,0.0,11.696868027821008,300.0001285565649,0.1654000877281439,1.032393388293854e-05,0.0037211371189476,-0.00176123134011,-0.0006430779715338,2.4721892070382663,9.454817218690293,56.22011899545972,10.706046128347916
8.02,31.22087711208524,131.01309107943783,109.41364433450174,-2.3638886055990818,0.0343070746741438,2.6207989059949006,0.1094333288455091,10.956240808655073,0.0,56.23406997355374,41.18981714487576,-22.242585690104363,0.329055866542396,120.09712284571552,1916.6427983356705,1.274,1.0150000015428002,0.0,11.693497984751396,300.0001285565649,0.1654559872986105,1.025680363680522e-05,0.0177051656289233,-0.0015726523428487,-0.0030608610292758,2.3641374002296054,9.425782038189023,56.23945891591985,11.26586770809799
8.03,31.220875244930248,131.01309482202996,109.22191002281848,-2.2483794848746665,0.0355928764632848,2.582731598386975,0.1000052015734835,11.51141135632196,0.0,56.253336942468216,41.17606042090762,-22.23243266645704,0.3294062928454833,120.09621432680817,1917.9917777389844,1.274,1.0150000015428002,0.0,11.69010936879976,300.0001285565649,0.1655123171796803,1.0186955198076328e-05,0.0310705422487582,-0.0013762300294646,-0.0053734008211133,2.248661048383139,9.395992705853214,56.25892785806949,11.798012331071131
8.04,31.220873378379995,131.01309856338878,109.02914028720792,-2.1258306797274047,0.0367602614790704,2.5417882247911225,0.0902862163711623,12.034409164610814,0.0,56.27274987166897,41.16246480535306,-22.21462261676209,0.3296924383065407,120.09547511115116,1919.3514041955032,1.274,1.0150000015428002,0.0,11.686702263983571,300.0001285565649,0.1655690743321412,1.0114549550887298e-05,0.0437750711339572,-0.0011726115691995,-0.0075733001674159,2.1261483427918906,9.365798183486817,56.27852415964316,12.300237514854018
8.05,31.220871512427216,131.01310230352968,108.8353404538811,-1.996652293877512,0.0378056201174563,2.4982147740351315,0.0803079993067912,12.523500534503835,0.0,56.29230768061095,41.14904286876397,-22.189534198804328,0.3299134940794545,120.09490735529324,1920.7216142716704,1.274,1.0150000015428002,0.0,11.683276759747908,300.0001285565649,0.1656262555819623,1.0039754010845204e-05,0.0557786836249716,-0.000962467307882,-0.009653517428818,1.9970100322602684,9.335553203790427,56.298246173101305,12.770496939026215
8.06,31.22086964706409,131.0131060424691,108.64051613133148,-1.8612754987751552,0.0387257417084794,2.4523122754523,0.0701030981798851,12.97705966049631,0.0,56.31200924566907,41.135806701786805,-22.15756902494873,0.330068952006627,120.09451259632536,1922.1023415158013,1.274,1.0150000015428002,0.0,11.6798329508041,300.0001285565649,0.1656838576288807,9.9627420819102e-06,0.06704357089803,-0.0007464886274728,-0.0116073899685511,1.8616781778372824,9.305613755694816,56.31809227048873,13.206923463577317
8.07,31.2208677822822,131.0131097802245,108.4446731815096,-1.720135749091981,0.0395180225192289,2.404435759945245,0.0597048105401435,13.393566526661305,0.0,56.33181269819855,41.12276786635424,-22.11915036725672,0.3301586006691005,120.09429175131694,1923.490736855776,1.274,1.0150000015428002,0.0,11.676327508247878,300.0001285565649,0.1657417572914866,9.883693295673283e-06,0.0775343101517595,-0.0005253857315987,-0.013428646862553,1.720589492060374,9.276336103622526,56.33802017416792,13.607810268085283
8.08,31.22086591807257,131.01311351681443,108.2478177039224,-1.5737169604456147,0.0401798907869518,2.3549885168548457,0.0491472296670171,13.77163290776724,0.0,56.351756185866,41.10993741032695,-22.074721790323306,0.3301825192992181,120.094245119585,1924.8894134577715,1.274,1.0150000015428002,0.0,11.672802437962384,300.0001285565649,0.165800066816619,9.802793072881128e-06,0.0872178822945686,-0.0002998845681967,-0.0151114389060248,1.574229681214997,9.248061520030165,56.35806762783461,13.971623359903447
8.09,31.22086405442568,131.01311725225816,108.04995602271136,-1.422505389865398,0.0407093874658427,2.304420945578112,0.0384650098627289,14.109992630458732,0.0,56.37183968239796,41.09732567925516,-22.024745774002565,0.3301410696570529,120.0943723878177,1926.2983794893591,1.274,1.0150000015428002,0.0,11.669259142705512,300.0001285565649,0.1658587861341113,9.72023244526175e-06,0.0960639854375664,-7.072606375668666e-05,-0.0166503706224927,1.4230876634627243,9.221121255384052,56.37823429748967,14.296983160198609
8.1,31.220862191331523,131.013120986576,107.85109466279964,-1.267002009819695,0.0411049940458027,2.2532255734845648,0.0276932729013093,14.407509906578056,0.0,56.39206192397868,41.08494237115701,-21.96970215653364,0.3300348861866492,120.09467263753938,1927.717558544568,1.274,1.0150000015428002,0.0,11.665697736335934,300.0001285565649,0.165917911533034,9.636207830017656e-06,0.1040450415484434,0.0001613370313963,-0.018040508310476,1.2676685047776417,9.19582884656273,56.398518680790815,14.582665535165841
8.11,31.220860328779622,131.0131247197891,107.65124032106662,-1.107721300026626,0.0413656325061058,2.2019320812950207,0.0168674864348115,14.663184026377037,0.0,56.41242161972968,41.072796477244815,-21.910086573877088,0.3298648644970771,120.09514435515364,1929.1468722772336,1.274,1.0150000015428002,0.0,11.662118336268508,300.0001285565649,0.1659774392231822,9.55092074740674e-06,0.1111362887646473,0.0003955426059083,-0.0192773970976656,1.108493293117656,9.172475353923955,56.41891931752482,14.827601127428991
8.12,31.22085846675905,131.01312845191924,107.45039985740463,-0.9451895728712358,0.0414906693437658,2.151101773816696,0.0060233390715281,14.876153446912754,0.0,56.4329174549249,41.06089624192828,-21.84640884618133,0.3296321484146879,120.09578544428818,1930.586240616749,1.274,1.0150000015428002,0.0,11.658521063045052,300.0001285565649,0.1660373653445208,9.46457749577952e-06,0.1173158675546412,0.0006311216654532,-0.0203570767374218,0.9460997030670932,9.151324930470643,56.43943479345543,15.030875440173974
8.13,31.220856605258493,131.01313218298887,107.248580265894,-0.7799432583205175,0.0414799180690263,2.10132153498586,-0.0048033864392611,15.04569934224646,0.0,56.453548094732255,41.04924912589483,-21.77919131490344,0.3293381158194182,120.09659324027244,1932.035582025156,1.274,1.0150000015428002,0.0,11.654906040170866,300.0001285565649,0.1660976859781284,9.377388781258875e-06,0.1225648974554478,0.0008673008400397,-0.0212760958262201,0.7810454298725745,9.132610709099929,56.46006374445695,15.191729459254866
8.14,31.22085474426624,131.0131359130213,107.04578865293716,-0.6125271524798114,0.0413336401541896,2.0531973411413538,-0.015576941245017,15.171248582860766,0.0,56.47431218758357,41.0378617718579,-21.70896713598244,0.3289843634811742,120.0975645265767,1933.494813725382,1.274,1.0150000015428002,0.0,11.651273393481148,300.0001285565649,0.1661583971560889,9.2895692991904e-06,0.1268675439911649,0.0011033049120784,-0.022031524368811,0.6139201228549234,9.116531103156756,56.48080486003313,15.30956059218302
8.15,31.220852883770263,131.01313964204,106.84203221539182,-0.4434823707329559,0.0410526722775466,2.0073483330824984,-0.0262617809661999,15.252371131092556,0.0,56.49518226278642,41.026739973146896,-21.63627853469066,0.3285726911166078,120.0986955530362,1934.9620636851275,1.274,1.0150000015428002,0.0,11.647595250935243,300.0001285565649,0.1662194180633287,9.201337265189404e-06,0.1302110754090628,0.0013383593565927,-0.022620954170682,0.4453783800279065,9.103250351450177,56.50163080091653,15.383918945836077
8.16,31.22085102375827,131.01314337006912,106.6373182196988,-0.2733682008409557,0.0406381286469038,1.9643979005668817,-0.036822621070424,15.28879069589534,0.0,56.51616504698912,41.015888685695735,-21.56167502799532,0.3281050848841983,120.0999820556852,1936.4378004175887,1.274,1.0150000015428002,0.0,11.643880366074992,300.0001285565649,0.1662807685003974,9.1129139214015e-06,0.1325858479164174,0.0015716934003506,-0.023042520938561,0.2763722457122263,9.092887778392168,56.52254846877455,15.414517052443452
8.17,31.220849164217675,131.01314709713316,106.4316539750456,-0.1027508103776964,0.0400915166680239,1.9249667979020115,-0.0472245721983205,15.280384668714232,0.0,56.53727703586687,41.005311936342856,-21.48571165539658,0.327583700494934,120.10141927812776,1937.923162898176,1.274,1.0150000015428002,0.0,11.640148023031156,300.0001285565649,0.1663424970099189,9.024522941621355e-06,0.1339854231252625,0.001802541890815,-0.0232949171996421,0.1102953173018733,9.085518458709467,56.54357459606474,15.401229917026802
8.18,31.22084730513572,131.0131508232569,106.22504681647004,0.0678095303690354,0.0394148673257157,1.8896666455967608,-0.0574333015374659,15.227180366964374,0.0,56.558516846871605,40.99501280325265,-21.408947142488035,0.3270108462289567,120.10300199405016,1939.4180658284424,1.274,1.0150000015428002,0.0,11.636398355081637,300.00012855656485,0.1664045995333899,8.93638979123901e-06,0.1344066141537753,0.002030147622771,-0.0233773898211613,0.078432540756697,9.0811761779361,56.56470811926492,15.344092040380614
8.19,31.22084544649944,131.01315454846528,106.01750407305308,0.237753260164352,0.0386106405656618,1.859092084581008,-0.0674151434226578,15.129356393143956,0.0,56.579883102536414,40.984993430040966,-21.331942038116,0.3263889660285257,120.10472453078452,1940.9224241714871,1.274,1.0150000015428002,0.0,11.632631495939064,300.00012855656485,0.1664670720272779,8.848741059006295e-06,0.133849456644231,0.0022537641906441,-0.0232897430847368,0.2408679840225756,9.07985050807866,56.58594804731496,15.243299939687612
8.2,31.2208435882958,131.0131582727834,105.8090330490349,0.4065233861094536,0.0376817170040223,1.8338134800901205,-0.077137219500902,14.987241809375892,0.0,56.60137443085075,40.97525500136784,-21.25525686815602,0.325720622812842,120.1065807938795,1942.4361531786667,1.274,1.0150000015428002,0.0,11.62884757919188,300.0001285565649,0.1665299104641006,8.761803730714408e-06,0.1323172109556034,0.002472658455604,-0.0230323402186872,0.4082660302098053,9.08148707973628,56.60729346068978,15.09921319417331
8.21,31.22084173051165,131.0131619962364,105.59964100095344,0.5735673180466904,0.0366313879875329,1.814369823789724,-0.0865675550647842,14.801314678655167,0.0,56.62298946910824,40.96579773137234,-21.179450288042982,0.3250084822116035,120.10856429245904,1943.959168658278,1.274,1.0150000015428002,0.0,11.625046738055866,300.0001285565649,0.1665931108436871,8.675804416077105e-06,0.1298163529813364,0.0026861129724186,-0.022606102971189,0.5747358367920058,9.0859886111072,56.62874351368586,14.91235554886087
8.22,31.22083987313386,131.01316571884936,105.38933511379052,0.7383386895357573,0.0354633441967306,1.8012619241240335,-0.095675190951818,14.572199984842092,0.0,56.64472686740976,40.956620855713055,-21.105077240569567,0.3242552968742223,120.11066816522964,1945.49138721762,1.274,1.0150000015428002,0.0,11.621229104794544,300.0001285565649,0.166656669203461,8.590968532305732e-06,0.1263565537169247,0.0028934283665769,-0.0220125092380579,0.7391898265202972,9.093216666044237,56.65029743613408,14.683416178113816
8.23,31.220838016149266,131.0131694406472,105.17812248009815,0.900311504552212,0.0341818131520595,1.7949473035794343,-0.1044303439054124,14.300661605373447,0.0,56.66655496766025,40.94772262727582,-21.032687125397533,0.323463891494457,120.11288520700468,1947.0306426442228,1.274,1.0150000015428002,0.0,11.617362119438695,300.0001285565649,0.166720492409972,8.507519448606028e-06,0.1219506476593427,0.0030939256532229,-0.0212535773797169,0.9009601020102764,9.103000180433968,56.671924233996,14.413246125379166
8.24,31.22083615954477,131.01317316165466,104.96601007514997,1.058951341011488,0.0327911720646836,1.7958313538270712,-0.1128044072934434,13.987609497781516,0.0,56.68848702895568,40.93910036298608,-20.96282198667864,0.3226371486719546,120.11520789562655,1948.577853171056,1.274,1.0150000015428002,0.0,11.613461549314092,300.0001285565649,0.1667846194824459,8.425677625597393e-06,0.1166145247453366,0.0032869491467938,-0.0203318780504461,1.0594588624198136,9.11512392549666,56.69363785393754,14.102870436479266
8.25,31.22083430330742,131.01317688189613,104.75300473606816,1.2137348082608643,0.0312961495351628,1.8042631944334329,-0.1207700769609784,13.634092417702592,0.0,56.71053739720668,40.93075036086588,-20.89601476259431,0.3217779956490742,120.1176284193528,1950.134013324224,1.274,1.0150000015428002,0.0,11.609544362648768,300.0001285565649,0.1668490926370146,8.345659669354065e-06,0.110367175891555,0.0034718676880614,-0.0192505249816039,1.2141381664569335,9.129339960582422,56.71545338463549,13.753487817304075
8.26,31.22083244742438,131.0131806013956,104.539113139956,1.364158108384521,0.0297018918604713,1.820531601508124,-0.1283014688458553,13.24129081284563,0.0,56.73270480815398,40.922667928553885,-20.83278750880129,0.3208893921562329,120.1201387041904,1951.6990452922687,1.274,1.0150000015428002,0.0,11.605610685740062,300.0001285565649,0.1669139081622459,8.26767738242006e-06,0.1032306297172564,0.0036480767002486,-0.0180131593141809,1.3644813594718737,9.145375344071606,56.737370370208346,13.366472196108734
8.27,31.22083059188304,131.01318432017663,104.3243417860073,1.5097323350753051,0.0280138676209042,1.8448603562721464,-0.1353741894329988,12.810513303593332,0.0,56.754988030804284,40.91484741879617,-20.773649658131603,0.3199743193520294,120.12273044130428,1953.2728734960203,1.274,1.0150000015428002,0.0,11.601660641886728,300.0001285565649,0.1669790624442714,8.191936814557769e-06,0.0952298440496676,0.003815000530234,-0.0166239379387717,1.5099921584947746,9.162933492418723,56.75938843866479,12.943380045677829
8.28,31.22082873667101,131.0131880382621,104.10869696767472,1.6499850969757788,0.0262378489393788,1.87740482132642,-0.141965411281213,12.343191509296927,0.0,56.77738586750391,40.90728223537491,-20.71909634245429,0.3190357698627789,120.12539511452928,1954.855424599012,1.274,1.0150000015428002,0.0,11.597694351032452,300.0001285565649,0.167044551966978,8.118637298283643e-06,0.0863926217391187,0.0039720943582522,-0.0150875199686064,1.650193641559434,9.181698829185526,56.78150729903356,12.485959301404106
8.29,31.22082688177621,131.01319175567423,103.89218475676589,1.7844620711357069,0.024379891614957,1.9182492901825776,-0.1480539415216441,11.840874504561976,0.0,56.7998971571576,40.89996485081402,-20.669606762768435,0.3180767389770252,120.12812402782852,1956.4466277401973,1.274,1.0150000015428002,0.0,11.593711929535184,300.00012855656485,0.1671103733213977,8.047970483554697e-06,0.076749516849671,0.0041188460057577,-0.0134090515080673,1.7846285524565464,9.20134158901026,56.80372674146168,11.996162275564293
8.3,31.22082502718692,131.0131954724347,103.67481098654656,1.912730609188268,0.0224463396892553,1.967405396008416,-0.1536202933718769,11.305222110597404,0.0,56.82251572734975,40.892886827574905,-20.625642613041222,0.3171002170011261,120.13090833263288,1958.04606664554,1.274,1.0150000015428002,0.0,11.589708021277408,300.0001285565649,0.1671765083544577,7.980119379447137e-06,0.0663337317287139,0.004254777634636,-0.0115941477667155,1.912862262241944,9.22152391568934,56.82604159005295,11.47616356439377
8.31,31.220823172891727,131.01319918856413,103.45658123484311,2.0343928083677127,0.0204439429236456,2.0248125874117844,-0.1586468034798,10.737993754803256,0.0,56.84520273949193,40.88603885065002,-20.587646563016065,0.3161091827635367,120.13373905500704,1959.651072190968,1.274,1.0150000015428002,0.0,11.585641814001416,300.0001285565649,0.1672428428064249,7.915257415375251e-06,0.0551809951622405,0.0043794474562636,-0.0096488690336614,2.034495484851715,9.241911706717984,56.84841406646876,10.928382529019988
8.32,31.220821318879704,131.01320290408233,103.23750080217437,2.1490393367849308,0.0183792653949368,2.0903326373653006,-0.1631174886188122,10.141057766819989,0.0,56.867999869041576,40.87941080464423,-20.55604081082768,0.3151065982240656,120.13660712263297,1961.2645243651143,1.274,1.0150000015428002,0.0,11.58155959465894,300.0001285565649,0.1673094992959481,7.853547552410748e-06,0.0433293770672773,0.0044924520253534,-0.0075797104896477,2.149117891140933,9.262151455916438,56.87088687724922,10.355537189345027
8.33,31.22081946514035,131.01320661900823,103.0175746928655,2.2563023728001266,0.0162592820064917,2.163755482372928,-0.1670182402540932,9.516371775569938,0.0,56.89090612087423,40.87299166023736,-20.531225741787384,0.3140954040554398,120.13950339181328,1962.8863636036465,1.274,1.0150000015428002,0.0,11.57746146239854,300.0001285565649,0.1673764749004808,7.795141340773023e-06,0.0308193245246293,0.0045934255941517,-0.0053935831242526,2.256360925269728,9.281904710593787,56.89346012288516,9.760689763072106
8.34,31.22081761166368,131.01321033335964,102.79680761206713,2.355838888499996,0.0140911398073693,2.2447991340248707,-0.1703368217567106,8.865979116685143,0.0,56.91392055897131,40.86676961847622,-20.51357856651247,0.3130785164727352,120.142418673503,1964.5165344086013,1.274,1.0150000015428002,0.0,11.573347510867595,300.0001285565649,0.1674437668708232,7.740178087013286e-06,0.0176934392234308,0.0046820423615073,-0.0030977858888076,2.3558810065197964,9.300842251284706,56.916133990013975,9.14733422820343
8.35,31.220815758440217,131.01321404715324,102.5752039319581,2.447331806448233,0.0118821344655434,2.3331120048265848,-0.1730628958354066,8.192001953410905,0.0,56.937042299348896,40.86073212528382,-20.503452086567314,0.3120588248859683,120.14534375933468,1966.1549848725235,1.274,1.0150000015428002,0.0,11.569217828063632,300.0001285565649,0.1675113726102661,7.688784051255022e-06,0.0039963362887932,0.0047580175518584,-0.0006999819247982,2.447360633437357,9.318648213362897,56.93890874065281,8.519522193038114
8.36,31.220813905461103,131.01321776040453,102.35276770268086,2.5304910337627446,0.0096396859306064,2.4282760260419645,-0.175188045750718,7.496634316096522,0.0,56.96027051188664,40.85486591144795,-20.50117354098475,0.3110391904076434,120.1482694472691,1967.801666812778,1.274,1.0150000015428002,0.0,11.565072495845804,300.0001285565649,0.1675792896799558,7.641071699032525e-06,-0.0102255032495697,0.0048211083616992,0.0017918263770739,2.5305093825299845,9.335023902209604,56.96178471020463,7.882051850838084
8.37,31.220812052718063,131.01322147312789,102.1295026095977,2.6050544068936,0.0073713137973319,2.529810517224756,-0.1767057906452143,6.782135079963544,0.0,56.98360442228492,40.84915703521298,-20.50704353731119,0.3100224451180286,120.15118656684366,1969.4565359158305,1.274,1.0150000015428002,0.0,11.560911589807445,300.00012855656485,0.1676475158046301,7.597139015007434e-06,-0.0249238856172542,0.0048711147683512,0.0043693233653054,2.605064828693489,9.34969128513866,56.984762305545374,7.240754272337975
8.38,31.22081020020345,131.0132251853362,101.90541199615372,2.6708074064277807,0.0050848356187983,2.637179172788596,-0.1776116977676,6.050813906632182,0.0,57.00699950824231,40.84359092734808,-20.521335070400884,0.3090113919824926,120.1540860039926,1971.116522559538,1.274,1.0150000015428002,0.0,11.556687522262251,300.0001285565649,0.167715920000717,7.557068885380624e-06,-0.0400490625637838,0.0049078801987725,0.0070239016789924,2.670812243317225,9.36240819027868,57.0077982323525,6.602924264086878
8.39,31.220808347910303,131.01322889704124,101.68049882113316,2.7275299057302926,0.0027877019977435,2.749788980119859,-0.1779031551884015,5.305040312878622,0.0,57.03049303649516,40.83815250921257,-20.54429263188672,0.3080088053070987,120.15695872541548,1972.784210342592,1.274,1.0150000015428002,0.0,11.552441519916588,300.0001285565649,0.1677846119099158,7.520928592616447e-06,-0.055549979986821,0.0049312933166784,0.0097467161263738,2.727531329254394,9.372936780319469,57.03093092770081,5.977996461113197
8.4,31.22080649583236,131.0132326082532,101.4547656815226,2.7750457538046227,0.0004875519826007,2.8670011660134382,-0.1775795238308006,4.547225686317273,0.0,57.05409019218632,40.83282608706913,-20.57613146210084,0.3070174314399627,120.15979580296134,1974.45996695284,1.274,1.0150000015428002,0.0,11.548179931984702,300.0001285565649,0.1678536067877784,7.488769304990357e-06,-0.0713742841193628,0.0049412860978512,0.012528678563293,2.775045796600564,9.3810768570657,57.05416677667266,5.378521322399864
8.41,31.220804643964065,131.01323631898094,101.22821477274825,2.813212024459636,-0.0018079466379871,2.9881365117563665,-0.1766421144904059,3.779817549004944,0.0,57.07779043853324,40.827595499053935,-20.61703680553072,0.3060399900759243,120.1625884366378,1976.1437646096,1.274,1.0150000015428002,0.0,11.543902807562496,300.0001285565649,0.1679229030550425,7.460625709743037e-06,-0.0874685558287205,0.0049378349525452,0.0153604978984239,2.8132126049427173,9.386660911014284,57.07750644693949,4.821533257509367
8.42,31.22080279230064,131.01324002923184,101.00084791352732,2.8419170141092,-0.0040911514911791,3.1124818786671127,-0.1750941724251436,3.0052928829533743,0.0,57.10159330204984,40.82244416043348,-20.667163300517007,0.305079175615921,120.1653279774346,1977.8355799674505,1.274,1.0150000015428002,0.0,11.539610188344934,300.0001285565649,0.1679924993179364,7.436515729785274e-06,-0.1037784954898504,0.0049209609816991,0.0182327124420012,2.841919956451201,9.389554264348796,57.10095066547692,4.330125486239239
8.43,31.22080094083803,131.01324373901167,100.77266651902832,2.861080607195716,-0.0063544704040634,3.2392973362353685,-0.1729408634649592,2.226151065215108,0.0,57.12549837201541,40.81735511532112,-20.726634474873315,0.3041376585452295,120.1680059496785,1979.5353940910493,1.274,1.0150000015428002,0.0,11.535302108712056,300.0001285565649,0.1680623943665897,7.4164403324727325e-06,-0.1202490992178871,0.0048907299263112,0.02113572037504,2.861087657971581,9.389656424252758,57.12450021414051,3.934298455882055
8.44,31.220799089573017,131.01324744832485,100.54367159888211,2.8706545344066146,-0.0085903860497323,3.367823566430544,-0.1701892560823327,1.4449068127795874,0.0,57.14950530077564,40.81231109288488,-20.79554234247684,0.3032180867249176,120.17061407284164,1981.2431924864184,1.274,1.0150000015428002,0.0,11.530978595492352,300.0001285565649,0.168132587175904,7.400383435602514e-06,-0.1368248372655696,0.0048472519725944,0.0240598106793662,2.8706673769148754,9.386902076266692,57.14815592609543,3.668644934455728
8.45,31.22079723850314,131.013251157174,100.31386377109732,2.870644150994533,-0.0107912264486028,3.497292246029718,-0.1668484299569525,0.6640751718780272,0.0,57.1735647502687,40.807294564750606,-20.87394710207037,0.302323086470501,120.17314428279047,1982.9555624557104,1.274,1.0150000015428002,0.0,11.526586077645735,300.00012855656485,0.1682029325917006,7.3883119128574846e-06,-0.153449834090774,0.0047906814131326,0.0269951712820201,2.8706644169515148,9.38127571236388,57.17186966839202,3.5636901221379396
8.46,31.2207953876268,131.01325486556036,100.08324324317329,2.861044686675911,-0.0129499390966818,3.626926166939181,-0.1629291435114048,-0.1138166192895535,0.0,57.197723216442085,40.80228788505259,-20.96187693923288,0.3014552632964145,120.17558875246104,1984.6757359266128,1.274,1.0150000015428002,0.0,11.52217549913256,300.0001285565649,0.168273567400604,7.380175740925149e-06,-0.1700681473111942,0.0047212177673994,0.029932001091843,2.8610739698004646,9.372770579475748,57.19568904478288,3.632367485409482
8.47,31.220793536943155,131.01325857348343,99.85180982700926,2.841902912429748,-0.0150593881393002,3.7559536180157513,-0.1584440266331961,-0.8862500446171414,0.0,57.22198278388377,40.797273163646565,-21.059327988180588,0.3006172019680846,120.17793991262056,1986.4038672790573,1.274,1.0150000015428002,0.0,11.517749322925386,300.0001285565649,0.1683444977308139,7.375908151350577e-06,-0.1866237595554188,0.0046391020715401,0.0328604523267616,2.841942779655697,9.361428606032884,57.2196172607537,3.862347891094902
8.48,31.22079168645227,131.01326228094123,99.6195629220044,2.813298394288652,-0.0171125968501005,3.883614196073273,-0.1534075041327878,-1.6507196355008156,0.0,57.246343357325486,40.79223245238067,-21.16626428888913,0.2998114664465738,120.18019047075823,1988.1399598583928,1.274,1.0150000015428002,0.0,11.513307545319517,300.0001285565649,0.1684157232966641,7.375425953351674e-06,-0.203060848952438,0.0045446175228523,0.0357706930190825,2.81335039781742,9.347327957957818,57.243655316938046,4.222661293697856
8.49,31.220789836155,131.0132659879301,99.3865015409023,2.775342276572549,-0.0191027814474662,4.00916616613596,-0.1478357563991317,-2.404739915381948,0.0,57.27080490402891,40.78714778451371,-21.28261789919524,0.2990405989660515,120.18233342995156,1989.884021461692,1.274,1.0150000015428002,0.0,11.50885015491756,300.0001285565649,0.1684872439956735,7.3786299432539556e-06,-0.2193239754966898,0.004438088646834,0.0386529407142036,2.775407966937653,9.33058163541546,57.26780424619157,4.677397013210509
8.5,31.220787986053047,131.01326969444477,99.15262429487788,2.728176919538744,-0.0210233732185965,4.131893657502377,-0.1417466787011885,-3.145852524104292,0.0,57.2953674523866,40.78200123405048,-21.40828911367505,0.2983071183424227,120.18436210715409,1991.6360642494471,1.274,1.0150000015428002,0.0,11.504377132673005,300.0001285565649,0.168559059904437,7.3854054110002e-06,-0.2353582624767446,0.00431988025932,0.0414974944436218,2.7282578603288905,9.311336345013162,57.29206510871784,5.195096286041726
8.51,31.220786136148966,131.0132734004784,98.91792941043592,2.671982527110225,-0.0228679571612222,4.251114407353537,-0.1351598824751821,-3.871636069187608,0.0,57.32001530923427,40.776774976352186,-21.543146786470288,0.2976135174398079,120.18627015087137,1993.3950070186045,1.274,1.0150000015428002,0.0,11.499871147740128,300.0001285565649,0.1686311248471591,7.39562274164641e-06,-0.2511095767714396,0.0041903962959324,0.0442947543908335,2.6720803111978166,9.289775432496636,57.316423219018624,5.751504824867488
8.52,31.22078428644616,131.01327710602254,98.68241473139632,2.606972097389689,-0.0246303456632048,4.36618582022071,-0.1280966458270919,-4.579713250779869,0.0,57.34472717267756,40.7714513758742,-21.68702875741284,0.2969622597222715,120.18805155822234,1995.1593764161769,1.274,1.0150000015428002,0.0,11.495308588197789,300.0001285565649,0.1687033761473773,7.409138121246173e-06,-0.2665247406311225,0.004050079075991,0.04703526394818,2.6070883667017646,9.266114046021643,57.340858247147175,6.328804059752305
8.53,31.2207824369488,131.01328081106723,98.4460777318154,2.5333617006178377,-0.0263049378156449,4.476507386258611,-0.1205796801753587,-5.267747537627344,0.0,57.36954039352148,40.766013047775246,-21.839742399488166,0.2963557747398632,120.18970069162556,1996.931779684932,1.274,1.0150000015428002,0.0,11.490730091534887,300.00012855656485,0.1687759236794318,7.425794329025791e-06,-0.2815517215469831,0.0038994081062419,0.0497097980180939,2.533498175434245,9.240579113754563,57.3654084236969,6.91395848690734
8.54,31.220780587661945,131.01328451560093,98.2089155199608,2.4514128591796807,-0.0278862339265661,4.581530645328972,-0.1126332535131066,-5.933461005616176,0.0,57.39445522331368,40.76044281242204,-22.001065275082244,0.2957964525505223,120.19121229496837,1998.7122450091367,1.274,1.0150000015428002,0.0,11.486135608659197,300.0001285565649,0.1688487681734455,7.4454215600916195e-06,-0.2961396822115565,0.0037388964132534,0.0523092983424135,2.4515713682505447,9.213433665147392,57.39007486410462,7.497270757352517
8.55,31.220778738591413,131.0132882196106,97.97092485321988,2.361414950028715,-0.0293690501371424,4.6807623289037394,-0.1042830824012964,-6.574638877478551,0.0,57.41947197631158,40.75472385223704,-22.170745820843216,0.2952866374243887,120.19258150824216,2000.500805085712,1.274,1.0150000015428002,0.0,11.481525083326536,300.0001285565649,0.1689219105433291,7.467838373151888e-06,-0.3102392287441398,0.0035690901937619,0.0548249446076895,2.3615974718164154,9.184963421390597,57.41485869690591,8.071325003381533
8.56,31.22077688974384,131.01329192308168,97.73210215002612,2.263684281448157,-0.0307485353863411,4.773768430538407,-0.0955562652695546,-7.18913676734914,0.0,57.44459101865129,40.74883974847105,-22.34850417476372,0.2948286202680606,120.19380388211594,2002.2974963794568,1.274,1.0150000015428002,0.0,11.47689845253814,300.00012855656485,0.1689953518549184,7.492852694617053e-06,-0.3238025774514604,0.0033905670301823,0.0572481843462517,2.2638929980258435,9.15547354638332,57.43976105023921,8.63027713853319
8.57,31.22077504112664,131.01329562599824,97.49244349681604,2.158563046521208,-0.0320201879171421,4.8601775381027,-0.0864812107401627,-7.774887896048369,0.0,57.46981276598338,40.74277453841697,-22.53403309880396,0.2944246299713846,120.19487539187736,2004.1023589633207,1.274,1.0150000015428002,0.0,11.4722556465848,300.0001285565649,0.1690690933190536,7.520262883474078e-06,-0.3367837174873369,0.0032039340006975,0.0595707622042951,2.15880041530442,9.12528505408732,57.46478304688884,9.169388556376513
8.58,31.22077319274796,131.01329932834298,97.25194466989552,2.0464405564631143,-0.0331796106371185,4.939685980864702,-0.0770877140175299,-8.329919393087689,0.0,57.49508904135627,40.73651277140723,-22.7269989947056,0.2940768236878755,120.19579245073822,2005.912042431264,1.274,1.0150000015428002,0.0,11.467543019549185,300.0001285565649,0.1691429931928902,7.549858848884269e-06,-0.3491385686590807,0.0030098256861142,0.0617846961674548,2.0467094003596347,9.094743363889618,57.48987720059625,9.684730104682426
8.59,31.22077134461668,131.0133030300971,97.01060114935449,1.9276877530174368,-0.0342232737740026,5.012052767854893,-0.0674065249949012,-8.852338645775793,0.0,57.52046289632429,40.730039652151056,-22.92704301021535,0.293787276076924,120.19655192249247,2007.72955882606,1.274,1.0150000015428002,0.0,11.462807233637454,300.0001285565649,0.1692171781160601,7.581423253256979e-06,-0.360825246110516,0.0028089039579279,0.0638824715951471,1.927991406526873,9.064177748030673,57.51508711737044,10.1729600454769
8.6,31.2207694967424,131.01330673124073,96.76840813397595,1.8027145452620528,-0.0351478443143091,5.0771061937999615,-0.0574694950270657,-9.340354036427684,0.0,57.54594088282498,40.72334089928328,-23.133782296958195,0.2935579672342917,120.19715113432544,2009.5553766608664,1.274,1.0150000015428002,0.0,11.458054814400734,300.0001285565649,0.1692916673497693,7.614732657610577e-06,-0.3718039990483136,0.0026018522933149,0.0658569014273364,1.803057041522844,9.033930604818371,57.54041987269689,10.631205179648802
8.61,31.220767649135382,131.01331043175264,96.5253605551498,1.671954413551694,-0.035950361852765,5.134742781972575,-0.0473094553658346,-9.792280050864395,0.0,57.57152358806128,40.71640291729689,-23.346811233187744,0.2933907702733352,120.19758788742882,2011.389548617368,1.274,1.0150000015428002,0.0,11.453285667327552,300.0001285565649,0.1693664626071437,7.649558751789126e-06,-0.3820374321392169,0.0023893748951253,0.0677011953867077,1.6723407615201988,9.004344580848931,57.565876518797296,11.056969305200376
8.62,31.22076580180656,131.01331413161043,96.28145310371043,1.5358602263617505,-0.0366282808338797,5.1849263684090605,-0.0369601119821486,-10.20654343244683,0.0,57.59721163674213,40.70921283512332,-23.56570277338409,0.2932874378247985,120.19786046750724,2013.2321301713305,1.274,1.0150000015428002,0.0,11.44849969260737,300.0001285565649,0.1694415657111268,7.685669594450514e-06,-0.3914906515579301,0.0021721945746453,0.069408992931315,1.5362968282585674,8.97575623669919,57.591458080234965,11.448072166706709
8.63,31.22076395476744,131.01331783079067,96.03668023391003,1.3949027234231277,-0.0371794797099152,5.227686607914993,-0.0264559433570832,-10.581689570138014,0.0,57.62300568675256,40.70175855017576,-23.79000988152425,0.2932495877372646,120.19796765464352,2015.08317929393,1.274,1.0150000015428002,0.0,11.443696785644809,300.0001285565649,0.1695169785817697,7.722830857207428e-06,-0.4001313897311353,0.0019510503361737,0.0709743862839274,1.395398025084735,8.948491202443863,57.61716554814637,11.802608243362155
8.64,31.220762108030144,131.01332152926884,95.79103620814917,1.2495878784209602,-0.0376020493899326,5.26311863907302,-0.015832225926765,-10.916396972200332,0.0,57.64886603175993,40.69402877387242,-24.019267035818423,0.2932786881260344,120.19790873238402,2016.9399297157224,1.274,1.0150000015428002,0.0,11.438832169062534,300.0001285565649,0.169592584394406,7.76080706490035e-06,-0.4079301217832059,0.001726694899507,0.0723918913378125,1.2501534129183385,8.922868246554781,57.64295951607775,12.118926987279039
8.65,31.22076026160732,131.01332522701952,95.54451508802772,1.100405958667759,-0.0378948712604234,5.291375439104032,-0.0051246550129144,-11.209466414352097,0.0,57.674817762790205,40.68601315261021,-24.25299180015835,0.2933760418961447,120.19768349599488,2018.8041462169224,1.274,1.0150000015428002,0.0,11.433932581849533,300.0001285565649,0.1696684569469122,7.799362857468738e-06,-0.4148602759800361,0.0014998937918493,0.0736566160367037,1.101058181283515,8.899170629450236,57.66886525076615,12.395596701818354
8.66,31.22075841551211,131.01332892401643,95.29711077907454,0.947864052521753,-0.0380572243021089,5.31266689935434,0.0056306550221349,-11.459833340516075,0.0,57.700877540598256,40.67770215941808,-24.490686516137945,0.293542770595613,120.19729226052078,2020.677006518756,1.274,1.0150000015428002,0.0,11.429015500281452,300.00012855656485,0.1697446452357823,7.838264159391581e-06,-0.4208981703250924,0.0012714201692021,0.0747641624982288,0.9486276836842992,8.877658956006206,57.69489952622366,12.631399030993165
8.67,31.22075656975812,131.01333262023243,95.04881704068625,0.7924878821425246,-0.0380887477183417,5.327255847791665,0.0163972496761376,-11.666575451223377,0.0,57.72704611867963,40.66908718829247,-24.73183995873483,0.2937797984901556,120.19673586677436,2022.5585759642083,1.274,1.0150000015428002,0.0,11.424080802694188,300.0001285565649,0.1698211514607567,7.877279343064169e-06,-0.4260231193123939,0.0010420525280436,0.0757106359677257,0.7934026112442939,8.858568133958181,57.72106315261948,12.825322861305107
8.68,31.220754724359377,131.01333631563972,94.79962750898808,0.6348125502006285,-0.0379895292513651,5.335452524293017,0.0271384792115905,-11.828915847220594,0.0,57.75332427037567,40.66016061510035,-24.97592905315205,0.2940878365262968,120.19601568643225,2024.448921465496,1.274,1.0150000015428002,0.0,11.419128364660608,300.0001285565649,0.1698979778796536,7.916180361772834e-06,-0.4302175517399116,0.0008125726986278,0.0764926865547704,0.6359482047855,8.84209987666881,57.74735688951244,12.976557334542361
8.69,31.22075287933029,131.01334001021,94.54953572367047,0.4753807292040412,-0.0377601051299704,5.337609101628786,0.0378176243176148,-11.946227035878708,0.0,57.77971278164836,40.65091582010965,-25.222420659158853,0.2944673663074342,120.19513362627482,2026.348110996772,1.274,1.0150000015428002,0.0,11.414158059262329,300.0001285565649,0.1699751267871613,7.954743827360502e-06,-0.4334670777202822,0.000583763179324,0.0771075223799817,0.4768780038119747,8.828419317049924,57.77378143863396,13.084488583328692
8.7,31.220751034685573,131.0133437039142,94.29853515085075,0.3147621434467277,-0.03740121284489,5.334115608685577,0.0483978755271858,-12.018044599775251,0.0,57.80616788118096,40.64134721775913,-25.470773393821943,0.2949186243864942,120.19409213119896,2028.253085930206,1.274,1.0150000015428002,0.0,11.409120262937412,300.00012855656485,0.1700524694004849,7.992752029435346e-06,-0.4357605446492788,0.0003564044623781,0.0775528610204039,0.3169764085812069,8.817659903283998,57.80029291282276,13.148708213484918
8.71,31.220749190440216,131.01334739672308,94.0466192009632,0.1534941974539572,-0.0369144514226368,5.325389123422524,0.058842777637335,-12.044048852069544,0.0,57.832721373345706,40.63145037419887,-25.720439486301306,0.2954415870782878,120.19289418589368,2030.166087795616,1.274,1.0150000015428002,0.0,11.404049162963297,300.0001285565649,0.170130099263824,8.029993929029332e-06,-0.4370902072193535,0.0001312741792596,0.0778271218483026,0.1578706499501913,8.80989954758732,57.82692286527683,13.168991781430526
8.72,31.220747346609446,131.01335108860692,93.79378125857907,-0.0078754497987226,-0.0363017628033637,5.311870329723625,0.0691161961243613,-12.024077877956405,0.0,57.85938752373777,40.62122184800917,-25.97086673005831,0.2960359556778482,120.19154331580718,2032.088130518712,1.274,1.0150000015428002,0.0,11.398959569096805,300.0001285565649,0.1702080583254711,8.06626599829773e-06,-0.4374515511554463,-9.085866534774676e-05,0.0779292723883788,0.0371462068524885,8.805176944324698,57.85368525655252,13.145310656790333
8.73,31.22074550320868,131.0133547795359,93.54001469930328,-0.1687926984917495,-0.0355654482684554,5.294016774293048,0.0791824280230541,-11.95813064567612,0.0,57.88616712946997,40.61065929544292,-26.221500334063343,0.2967011431775469,120.19004358524776,2034.0192835058515,1.274,1.0150000015428002,0.0,11.393851347687283,300.0001285565649,0.170286348912343,8.101373020881593e-06,-0.4368433598862154,-0.0003092356220797,0.0778588462643488,0.1724989058384255,8.803489531402098,57.88058052227864,13.07783514204328
8.74,31.220743660253422,131.01335846947987,93.28531292158216,-0.3287053480264289,-0.0347082347891549,5.272295706039343,0.0890063514408251,-11.846366718189223,0.0,57.913060984825975,40.59976150292472,-26.471784812203826,0.2974362620282542,120.18839959407364,2035.9596161277195,1.274,1.0150000015428002,0.0,11.388724364969372,300.00012855656485,0.1703649733429964,8.135128816919787e-06,-0.4352677606008295,-0.0005231108671833,0.0776159707769193,0.3305326824485729,8.804791122590547,57.90760902838778,12.96693597440579
8.75,31.220741817759293,131.01336215840885,93.02966936260624,-0.4870640588973547,-0.033733254810624,5.247177395018512,0.0985535488312815,-11.68910704241258,0.0,57.94006796838149,40.588528391204974,-26.721165899081804,0.2982401131940692,120.18661647275884,2037.9090631526624,1.274,1.0150000015428002,0.0,11.383576362075065,300.0001285565649,0.1704439283005079,8.167356877873687e-06,-0.4327302207930144,-0.0007317537857588,0.0772013651721913,0.4882307881917796,8.808993005204043,57.93476916141288,12.813188786003266
8.76,31.220739975741896,131.01336584629283,92.77307752713584,-0.6432987247137844,-0.0326437431799971,5.219130263505924,0.1077902585813158,-11.486847033352916,0.0,57.967132868873954,40.57696102912481,-26.96909246383148,0.2991111768173037,120.18469987546756,2039.8637523949624,1.274,1.0150000015428002,0.0,11.37834473841255,300.00012855656485,0.1705230513509266,8.197890914341793e-06,-0.4292395385581439,-0.0009344514291358,0.076616271503976,0.6441263994040891,8.815971698898778,57.962005201963365,12.617392528368812
8.77,31.22073813421684,131.01336953310195,92.51553100439924,-0.7969024456631921,-0.0314439659049148,5.188609335958312,0.1166839538977193,-11.240221618598731,0.0,57.99431423820385,40.56506175528376,-27.215018418377788,0.3000476046955085,120.18265597103148,2041.8278146403995,1.274,1.0150000015428002,0.0,11.373093708651068,300.0001285565649,0.1706025147206829,8.226575362950811e-06,-0.4248079825235929,-0.0011305088023796,0.0758627043953533,0.797522518264682,8.825550287328122,57.989375031837454,12.380543769217297
8.78,31.220736293199607,131.0133732188068,92.2570234998991,-0.94734951140169,-0.0301382438566656,5.1560548006134725,0.1252031145699285,-10.95002939694482,0.0,58.02161280139271,40.55283389700356,-27.45840470587449,0.3010472144025767,120.18049143251083,2043.8013149517185,1.274,1.0150000015428002,0.0,11.36782314168906,300.0001285565649,0.1706823205249092,8.253265680228723e-06,-0.4194509039514439,-0.0013192559246127,0.0749431538781717,0.9478287438778044,8.837523911185446,58.016878697336416,12.10387213749315
8.79,31.22073445270556,131.0133769033782,91.99754885131732,-1.094125521331928,-0.0287312628746725,5.1218848934613765,0.1333174266627197,-10.617224405499464,0.0,58.049029271109326,40.54028197326329,-27.69872106688388,0.30210748646366,120.17821342254608,2045.7843176582803,1.274,1.0150000015428002,0.0,11.362532908748625,300.00012855656485,0.1707624708425732,8.277828634552404e-06,-0.4131868599843093,-0.0015000477964359,0.0738606863033416,1.0945026457497076,8.851655341890517,58.0445161750797,11.788847800987732
8.8,31.220732612749856,131.01338058678743,91.73710105237036,-1.2367290972818614,-0.0272280563745056,5.086490685079106,0.1409978968817658,-10.242913144720871,0.0,58.076564333386855,40.527411648014606,-27.93544787617624,0.3032255635155994,120.17582957713964,2047.7768853409748,1.274,1.0150000015428002,0.0,11.357222883631144,300.00012855656485,0.1708429676745292,8.30014249218227e-06,-0.4060375502309712,-0.0016722666621253,0.0726189344504519,1.2370287433914822,8.867678972720363,58.07228736045395,11.437199726620902
8.81,31.22073077334744,131.01338426900648,91.47567426672464,-1.3746583105259669,-0.0256338133553498,5.050232216394872,0.1482168627037387,-9.82835926759586,0.0,58.10418789384149,40.51422972093367,-28.168077943195275,0.3043982520357209,120.17334798682651,2049.7769089849994,1.274,1.0150000015428002,0.0,11.351858493989331,300.0001285565649,0.1709237224758753,8.32009711729328e-06,-0.3980277425078509,-0.0018353241752069,0.0712220480056663,1.3748972459788282,8.885307540940444,58.10016134398978,11.050948356174679
8.82,31.22072893451288,131.0133879500079,91.21326286676344,-1.5074428930401045,-0.0239542078122836,5.013432989825735,0.1549482396920306,-9.374967998170796,0.0,58.13190048082408,40.50074418383682,-28.396118269975616,0.3056220267760702,120.170777175148,2051.7844370100765,1.274,1.0150000015428002,0.0,11.346439409730552,300.00012855656485,0.1710047367850043,8.337594018537841e-06,-0.3891852894604385,-0.0019886622458269,0.0696747757649845,1.5076331607673357,8.904231351501267,58.12813776276941,10.632428897819311
8.83,31.220727096260465,131.0133916297652,90.94986143656833,-1.634646147577683,-0.0221953807879179,4.976376388172301,0.161167677363585,-8.884276124847782,0.0,58.15973342539045,40.48696411232824,-28.61909181858455,0.3068930378060942,120.16812607480703,2053.8016933830568,1.274,1.0150000015428002,0.0,11.3409999154388,300.0001285565649,0.1710861027517438,8.352546279251771e-06,-0.3795409343030471,-0.0021317562494824,0.0679824287387736,1.6347967852458951,8.924124349395244,58.1562469832163,10.184334010603044
8.84,31.22072525860404,131.01339530825263,90.6854647947812,-1.7558357160633369,-0.0203635689804218,4.939304246044406,0.1668525107262754,-8.35795841463109,0.0,58.18768727121584,40.472899596023055,-28.83653916725507,0.3082071206752325,120.16540400055192,2055.828731043066,1.274,1.0150000015428002,0.0,11.335539898984356,300.00012855656485,0.1711678219595182,8.364878395360846e-06,-0.3691281000305794,-0.0022641180878536,0.0661507687990858,1.7559537599055832,8.944653444130369,58.1844885693477,9.709790680340674
8.85,31.220723421556983,131.0133989854454,90.42006802541938,-1.8706004330996973,-0.0184652579829717,4.902414391590926,0.1719818883012204,-7.797818462458174,0.0,58.21576252553968,40.458561806358645,-29.04802004573955,0.3095598097293465,120.16262061882593,2057.8656004434465,1.274,1.0150000015428002,0.0,11.330059252944888,300.00012855656485,0.1712498958850124,8.374526085705847e-06,-0.3579828748719342,-0.0023852966851182,0.0641860458542215,1.8706915365478447,8.965480804098043,58.2128620096486,9.2124490451907
8.86,31.220721585132203,131.01340266131996,90.15366647489296,-1.9785465101524715,-0.0165071002907622,4.865859704529456,0.176536819512165,-7.205785397676783,0.0,58.24394939341785,40.44396294430791,-29.253114862326125,0.310946354173583,120.15978591508257,2059.9116234060048,1.274,1.0150000015428002,0.0,11.324546333808383,300.0001285565649,0.1713322957001476,8.381436033264332e-06,-0.3461438873520163,-0.0024948795938746,0.0620949658351716,1.978615341312684,8.986269053814173,58.24135646420344,8.696614232572289
8.87,31.220719749342,131.01340633585372,89.88625578480762,-2.079287477336321,-0.0144957634751233,4.829748232580439,0.180500160597093,-6.583915530437128,0.0,58.27220547446216,40.42911623172231,-29.451426159263896,0.3123617370714983,120.1569101583679,2061.963812852477,1.274,1.0150000015428002,0.0,11.31895279376299,300.0001285565649,0.1714148966647573,8.385565583484616e-06,-0.3336522089116559,-0.0025924940738071,0.059884653575329,2.0793379831842445,9.006686336462078,58.269928485284375,8.167434848838443
8.88,31.22071791419811,131.0134100090255,89.61783189792922,-2.1725108579947223,-0.0124386450268245,4.794141348612207,0.183857021749504,-5.934353967275608,0.0,58.30058411184002,40.414035944801775,-29.642580012386446,0.3138006971509292,120.1540038633926,2064.02595479648,1.274,1.0150000015428002,0.0,11.313338065140448,300.0001285565649,0.1714978556814005,8.386882425126599e-06,-0.3205513288507542,-0.0026778072052796,0.0575627830726011,2.1725464491787934,9.0264063295621,58.29863025406352,7.631130432893912
8.89,31.22071607971161,131.0134136808154,89.34839108402838,-2.2579036184808,-0.0103429910954974,4.759057054075569,0.1865945345099394,-5.259353428985611,0.0,58.32908561489076,40.398737119471846,-29.82622741637153,0.315257753184539,120.1510777504768,2066.098085916884,1.274,1.0150000015428002,0.0,11.307702062828646,300.0001285565649,0.171581173646701,8.38536413259203e-06,-0.3068866674126019,-0.0027505307654224,0.055137331238519,2.2579272956473293,9.045118387363583,58.32746094165749,7.095367506707325
8.9,31.22071424589289,131.0134173512049,89.07792994087514,-2.335180262774408,-0.008216177177945,4.7244713057330205,0.1887019722511132,-4.561260384125822,0.0,58.35771024845393,40.38323570782293,-30.00204539099992,0.3167272315817717,120.14814270194442,2068.1802397821098,1.274,1.0150000015428002,0.0,11.302044708414767,300.0001285565649,0.1716648513269807,8.380997759609245e-06,-0.2927056047440624,-0.0028104202179407,0.0526166426010269,2.3351947087634186,9.062528976060396,58.35641965436521,6.569728597500948
8.91,31.22071241275157,131.01342102017705,88.80644540914899,-2.404083447043299,-0.0060656783653016,4.690320704603103,0.1901707920502675,-3.842507238526185,0.0,58.386457633359136,40.36754848820433,-30.16973810399898,0.3182032960649509,120.14520971708173,2070.2724043258395,1.274,1.0150000015428002,0.0,11.296365264094998,300.0001285565649,0.1717488875947638,8.373779395571622e-06,-0.2780573179854038,-0.0028572756198014,0.0500094005917277,2.4040910946149108,9.078365171538705,58.38550483883135,6.066311492192245
8.92,31.22071058029656,131.0134246877163,88.53393478933891,-2.464352341098843,-0.0038986788945411,4.656506820987636,0.1909944835917959,-3.1056230593377654,0.0,58.415264007535605,40.35169301519717,-30.329037900532715,0.3196799795410824,120.14228986520814,2072.3700702060846,1.274,1.0150000015428002,0.0,11.290591363825074,300.0001285565649,0.1718330948774762,8.363713709156614e-06,-0.2629926151060747,-0.002890942349797,0.0473245479949328,2.4643554231080893,9.092378311625913,58.41465160448739,5.600395455086841
8.93,31.22070874853589,131.0134283538089,88.26039574870171,-2.5158228258463486,-0.001723161057524,4.62289774424239,0.1911690610589496,-2.3531789404414982,0.0,58.44419387563792,40.33568772137784,-30.4797062374721,0.3211512178972235,120.13939423715192,2074.4778242966067,1.274,1.0150000015428002,0.0,11.28479564094358,300.0001285565649,0.1719176629110074,8.350813545948022e-06,-0.2475639950478026,-0.0029113094026646,0.0445714599586803,2.515823415588876,9.104344827057131,58.443923202132,5.190874713318066
8.94,31.22070691747681,131.01343201844273,87.98582632722632,-2.558328244680056,0.0004532429379964,4.5893344508059695,0.1906927315080034,-1.5878140154808331,0.0,58.47324726763787,40.31955148956061,-30.62153465211521,0.3226108850882303,120.13653389609588,2076.5956835320967,1.274,1.0150000015428002,0.0,11.278978045631344,300.0001285565649,0.1720025917734512,8.335099386194642e-06,-0.2318249969905551,-0.0029183145595686,0.0417596596556573,2.5583282848024957,9.11407111862176,58.473318462872086,4.859990510995045
8.95,31.22070508712564,131.01343568160735,87.71022494658173,-2.591733460781328,0.0026229012532836,4.555635373644392,0.1895659893888698,-0.8122187701007839,0.0,58.502424163756864,40.30330385533882,-30.754345358038407,0.3240528302150714,120.13371982609456,2078.723661306463,1.274,1.0150000015428002,0.0,11.273138536352256,300.0001285565649,0.1720878813972467,8.316598912532191e-06,-0.21583025358936,-0.0029119422663345,0.0388988866806883,2.591734787097667,9.12139457042585,58.50283616812214,4.631354904608056
8.96,31.22070325748784,131.01343934329415,87.43359041409363,-2.6159341566127896,0.0047782217145585,4.521601877041352,0.1877916171945242,-0.0291266454886958,0.0,58.53172242407384,40.28696488971553,-30.87799187144012,0.3254709151607759,120.13096288075624,2080.861620250312,1.274,1.0150000015428002,0.0,11.267274740659271,300.00012855656485,0.1721735254790742,8.295346572935294e-06,-0.1996353041711659,-0.0028922237622181,0.0359990628402257,2.615938517486444,9.126185158727566,58.53247298538476,4.525593617132435
8.97,31.22070142856789,131.0134430034964,87.15592192970331,-2.630826224543761,0.0069120222502429,4.487024823040437,0.1853745154786528,0.758676599624376,0.0,58.56107915314358,40.27055513738214,-30.992359530438893,0.326859052768505,120.12827373175448,2083.005100533424,1.274,1.0150000015428002,0.0,11.26131531017378,300.0001285565649,0.1722593390020528,8.27138316612058e-06,-0.1832964132155102,-0.002859236970974,0.0330702274775054,2.6308352981929093,9.128346414143271,58.56216489105709,4.554486321901473
8.98,31.220699600369368,131.01344666220916,86.87721908795737,-2.636405446606428,0.0090164511048821,4.4516886865475165,0.1823221296667902,1.548409209335196,0.0,58.590558867659446,40.25409570123708,-31.097365910354785,0.3282112451529711,120.12566281760124,2085.1587016697404,1.274,1.0150000015428002,0.0,11.255333605664056,300.0001285565649,0.1723455117381871,8.244755508450977e-06,-0.1668706091858752,-0.0028131042047033,0.0301226571697318,2.636420853714848,9.127817166175218,58.59197516848123,4.716815090763622
8.99,31.220697772894848,131.01345031942947,86.59748188099027,-2.632666120590057,0.011084142720879,4.415378957088871,0.178644098886391,2.337267081099147,0.0,58.62016129746028,40.23760779222072,-31.19296126123029,0.3295216214806776,120.12314029360004,2087.3224190656174,1.274,1.0150000015428002,0.0,11.249329618397576,300.0001285565649,0.1724320428863836,8.215515992238393e-06,-0.1504150063494194,-0.002753996283278,0.0271666225294713,2.6326894374854257,9.12457134484204,58.62190239051658,4.999030151655405
9.0,31.22069594614593,131.01345397515618,86.31671069454998,-2.619635356469055,0.0131078616730494,4.3778880941972576,0.1743523093578017,3.122441370818936,0.0,58.64988612052956,40.22111292870903,-31.279128556761204,0.330784475663045,120.12071598174026,2089.4962443752675,1.274,1.0150000015428002,0.0,11.243303348203112,300.0001285565649,0.1725189314937649,8.183722276998252e-06,-0.1339868546172553,-0.0026821297151031,0.0242124405385528,2.6196681272941187,9.11861826907268,58.651945098608415,5.380143400253763
9.01,31.2206941201232,131.01345762939025,86.03490631098097,-2.597364902510868,0.015080616973143,4.339021879421147,0.1694608228876033,3.9011233990507295,0.0,58.67971802680125,40.20463280528888,-31.35588357177848,0.3319943026504781,120.11839932270908,2091.6791006656704,1.274,1.0150000015428002,0.0,11.237237775370131,300.0001285565649,0.1726061325209471,8.149436996574593e-06,-0.1176433426811394,-0.0025977660284073,0.0212704338482835,2.5974086520978106,9.110002289521823,58.68208688454862,5.837344568826675
9.02,31.220692294826247,131.0134612821344,85.75206990425566,-2.5659260642323365,0.0169957399531029,4.2986057296862255,0.1639857922357008,4.670508666137431,0.0,58.70961776679104,40.188189254501935,-31.42327484692757,0.333145833250393,120.1161993298158,2093.86820104985,1.274,1.0150000015428002,0.0,11.231088551711164,300.0001285565649,0.1726935305123847,8.112727516769753e-06,-0.101441458900931,-0.0025012104424688,0.0183509067553698,2.565982312711592,9.09880223245274,58.71228745134084,6.349689264823222
9.03,31.22069047025364,131.01346493339355,85.46820303997558,-2.52547207048788,0.0188462182182498,4.256489181734911,0.157945692310139,5.427838765712186,0.0,58.739638479237165,40.1718042185127,-31.481383573637565,0.334234067036862,120.11412454533044,2096.067346148119,1.274,1.0150000015428002,0.0,11.224916808418344,300.0001285565649,0.172781281772565,8.073665747555041e-06,-0.0854378871239289,-0.0023928101150335,0.0154641629104676,2.525542343478884,9.085131066445928,58.7425988362189,6.899571049167741
9.04,31.22068864640292,131.0134685831743,85.18330766742072,-2.4761590682778727,0.0206255860127828,4.212552157631976,0.1513610174289266,6.170382601633679,0.0,58.76977959841789,40.155499403996544,-31.530323419397664,0.3352543029822444,120.11218299964236,2098.2765098582654,1.274,1.0150000015428002,0.0,11.218722579559811,300.0001285565649,0.1728693846348006,8.032327900456193e-06,-0.0696884528725903,-0.0022729560878103,0.0126203509833612,2.476244915457331,9.06913353266192,58.773019457822606,7.472759014507998
9.05,31.22068682327061,131.0134722314854,84.89738610464016,-2.418174498427035,0.0223276281288288,4.166709852511844,0.144254280077593,6.895452934334161,0.0,58.80004050901184,40.13929642346696,-31.57024003571549,0.3362021679172755,120.1103821727578,2100.4956624296674,1.274,1.0150000015428002,0.0,11.212505907677382,300.0001285565649,0.1729578372872507,7.988794358553603e-06,-0.0542481364058894,-0.0021420801814486,0.0098294889911073,2.41827751339336,9.05098482916302,58.80354772454816,8.057887530982148
9.06,31.22068500085228,131.01347587833743,84.61044105038305,-2.351714896974652,0.0239466376491964,4.118917840705258,0.1366498388898548,7.60040362285675,0.0,58.83038114858814,40.12321666694184,-31.60131057356532,0.33707364197192,120.10872895952312,2102.721954154368,1.274,1.0150000015428002,0.0,11.206221695376572,300.0001285565649,0.1730465218871575,7.94314956465639e-06,-0.0391708796770659,-0.002000653566434,0.0071014243549399,2.351836745193908,9.030888712591535,58.83414267752448,8.645825153638182
9.07,31.22068317914243,131.01347952374294,84.32247555328398,-2.277032633642554,0.0254769172609582,3.354029317993724,0.1282557452414853,8.31109553958253,0.0,58.8608091261962,40.1072813267344,-31.623743088237102,0.3378650809762566,120.10722963841744,2104.955938676703,1.274,1.0150000015428002,0.0099999998999358,11.199879414472605,300.0001285565649,0.1731354608167395,7.895481975564851e-06,-0.0245095491208007,-0.0018491839275875,0.004445842336441,2.277175080276888,9.009075049201156,58.86481103086948,8.963273468449879
9.08,31.22068135813459,131.01348316771623,84.03349301683507,-2.19440392872892,0.0269130159983305,2.5865666285392006,0.1193685210726985,8.994271388089054,0.0,58.880618978786,40.0821532108468,-31.637775922875328,0.3385732355012801,120.10588984437416,2106.4315889525687,1.274,1.0150000015428002,0.0199999997999356,11.193514578994998,300.00012855656485,0.1731931647168232,7.845883989222495e-06,-0.0103155622776388,-0.0016882153121657,0.0018718448588678,2.194568877630084,8.987304725966961,58.88484646529786,9.359566954207503
9.09,31.220679538634084,131.01348680864302,83.74359802642016,-2.104133980272075,0.0282500199674071,1.8170012582969488,0.1100348687811927,9.646705827831656,0.0,58.89337977269366,40.05098500452255,-31.64367687970943,0.339195266689832,120.10471454439512,2107.403472820908,1.274,1.0150000015428002,0.0299999996999354,11.187127264134036,300.0001285565649,0.173230132217252,7.794461392214006e-06,0.0033562957585168,-0.001518388036136,-0.0006091768496288,2.104323528300746,8.965354912778958,58.89781727527354,9.81695138898638
9.1,31.22067772060783,131.0134904465907,83.4527925056678,-2.0065469603123933,0.0294833982551026,1.0459970695022651,0.100297203634542,10.26541437043768,0.0,58.89908899802753,40.01380876061641,-31.6417451457754,0.3397287908877447,120.10370795832225,2107.871040402309,1.274,1.0150000015428002,0.0399999995999352,11.180715843184084,300.0001285565649,0.1732463561418376,7.741321225539121e-06,0.0164552298349757,-0.0013403616641099,-0.0029870422514332,2.0067634686995315,8.943520687494084,58.9037202391912,10.319055266605208
9.11,31.220675904386688,131.0134940808966,83.16112388044412,-1.9019596483904195,0.0306094076448761,0.2742839400250375,0.0901999043054417,10.847568978993086,0.0,58.89768615813465,39.97066112195161,-31.632309009102872,0.3401718792561609,120.10287355984096,2107.8297629809986,1.274,1.0150000015428002,0.0499999994999349,11.174205205128084,300.0001285565649,0.173241658842563,7.686574656364087e-06,0.0289328475615574,-0.0011548299830978,-0.0052520690998909,1.902205849998472,8.922112774823832,58.90249427241533,10.851410989198847
9.12,31.22067409024073,131.0134977110197,82.86863279965044,-1.7907895470252764,0.0316239094740617,-0.4973672208858466,0.07978949926015,11.39057293095052,0.0,58.88925072674792,39.92158250598337,-31.61572448100737,0.3405230633834817,120.10221406503436,2107.2853135903574,1.274,1.0150000015428002,0.0599999993999347,11.167675243591209,300.00012855656485,0.1732162743692771,7.630336957664995e-06,0.040743157809878,-0.0009625155197909,-0.0073950983005254,1.7910686608034556,8.901447781751127,58.89421819857978,11.401705671166338
9.13,31.220672278438062,131.01350133642305,82.57536034567168,-1.6734401402592896,0.0325236114293984,-1.2681268259173952,0.0691140147845932,11.89203230881217,0.0,58.87379838170749,39.8666162941396,-31.592373920233484,0.3407813365183099,120.10173142621336,2106.2389793508505,1.274,1.0150000015428002,0.0699999992999345,11.161126868699084,300.0001285565649,0.1731702491227007,7.572727346871882e-06,0.0518433191200252,-0.0007641701050398,-0.0094076324449658,1.673756071693967,8.881847811431776,58.87890717836987,11.959655297184927
9.14,31.22067046924472,131.01350495657334,82.28134796479817,-1.5503374114707889,0.0333056657638957,-2.0371152467415934,0.0582227563939569,12.34978096248308,0.0,58.85134989471724,39.80580914268524,-31.562664228197,0.3409461511251453,120.10142683038792,2104.692590198737,1.274,1.0150000015428002,0.0799999991999343,11.154561000186527,300.0001285565649,0.1731036444876271,7.513868906716096e-06,0.0621935792684372,-0.0005605688991204,-0.0112818351110753,1.5506950332170164,8.863634274268044,58.85658153616695,12.516801438034348
9.15,31.220668662924503,131.01350857094195,81.98663743542099,-1.4219001815192516,0.0339679789189922,-2.8033954530589025,0.047165847206397,12.76187483159407,0.0,58.8218820831935,39.73921075011231,-31.527025078887657,0.3410174123411691,120.101300703315,2102.645010197989,1.274,1.0150000015428002,0.0899999990999341,11.1479219536624,300.0001285565649,0.1730163925641626,7.453888470164401e-06,0.0717574657962068,-0.0003525064671929,-0.0130105629035876,1.4223057733538145,8.847125717147367,58.8272177605324,13.066242761431008
9.16,31.220666859738863,131.0135121790046,81.69127079348115,-1.288607147869246,0.03450847792047,-3.566004224689067,0.0359942026332194,13.12663981090374,0.0,58.78545023067424,39.66687401154616,-31.485907039640736,0.3409954677680359,120.1013527185318,2100.1008920188297,1.274,1.0150000015428002,0.0999999989999339,11.141238656934414,300.0001285565649,0.1729086562510983,7.392916522625656e-06,0.0805017698281212,-0.0001407912522561,-0.014587393303309,1.2890690500503728,8.832626497300224,58.79087080938261,13.60243928265539
9.17,31.2206650599467,131.01351578024216,81.39529030563561,-1.1509537301820916,0.0349255604229775,-4.3239477152428085,0.0247591064778809,13.442668350341735,0.0,58.74211471914192,39.58885437584284,-31.43977970121544,0.3408810937348351,120.10158181138708,2097.065420682677,1.274,1.0150000015428002,0.1099999988999337,11.134540481289,300.0001285565649,0.1727806134424697,7.331087001298392e-06,0.0883969786737079,7.375626506010275e-05,-0.0160066989491485,1.1514834430916183,8.82042432227617,58.74760081300454,14.12099391809183
9.18,31.220663263804333,131.0135193741404,81.09873839271864,-1.0094357653365071,0.0352182505616119,-5.0762009568134205,0.0135118075827561,13.708816787858744,0.0,58.691916111794114,39.50520980231583,-31.389129560040363,0.34067547868187,120.10198619712838,2093.542529859741,1.274,1.0150000015428002,0.1199999987999335,11.127828385121315,300.0001285565649,0.1726323837372509,7.268537078634412e-06,0.0954174024482228,0.0002903077199054,-0.017263666702008,1.0100498805410971,8.8107874836435,58.69744818130759,14.61846970260483
9.19,31.220661471565336,131.01352296019056,80.80165758401934,-0.8645441492194472,0.0353862332695979,-5.821710654319878,0.0023031373018797,13.924203233405628,0.0,58.63487008400672,39.41600077730697,-31.33445782794276,0.3403802038047999,120.10256339310008,2089.534542261568,1.274,1.0150000015428002,0.1299999986999333,11.121068870093968,300.0001285565649,0.1724640135304434,7.20540692864731e-06,0.1015411847285187,0.0005080317804711,-0.0183542975222825,0.8652679795418478,8.80396193002445,58.64042854017725,15.092241580767475
9.2,31.22065968348045,131.01352653788933,80.50409046460041,-0.7167876678814094,0.0354295852400499,-6.559415758006585,-0.0088167141613371,14.08822250549636,0.0,58.57101136402616,39.32129035796185,-31.276278235805943,0.3399972212590003,120.10331024481742,2085.0453041784176,1.274,1.0150000015428002,0.139999998599933,11.114244793910698,300.0001285565649,0.1722756052573893,7.1418394706140525e-06,0.106750273848724,0.0007260991965041,-0.0192754144091898,0.7176626999159049,8.800163987675681,58.57657662990699,15.540399807765816
9.21,31.220657899797423,131.0135301067394,80.20607961267602,-0.5667178335024636,0.0353484843652336,-7.288276961707527,-0.0197983233779318,14.200569491274385,0.0,58.50044010037208,39.22114389786287,-31.215114853705213,0.3395288302875471,120.10422295556384,2080.0834735905323,1.274,1.0150000015428002,0.1499999984999328,11.1074095469761,300.00012855656485,0.1720674537731235,7.077980050746592e-06,0.1110305374750459,0.0009436864638044,-0.0200247003401085,0.5678191414597541,8.799570733650503,58.50599262695971,15.961689976962907
9.22,31.22065612076098,131.01353366624923,79.90766755786505,-0.4148653400644044,0.0351438570284532,-8.00725028566027,-0.0305935914729416,14.261206190744169,0.0,58.42321548695655,39.1156284647027,-31.151499845424265,0.338977651781218,120.10529711887858,2074.6549323819654,1.274,1.0150000015428002,0.1599999983999326,11.100564107316456,300.0001285565649,0.1718397334693656,7.013976033237395e-06,0.1143720228561706,0.0011599780028974,-0.0206007092543889,0.416351197294974,8.80232730622697,58.42873587076336,16.35539651368824
9.23,31.22065434661273,131.01353721593358,79.6088967056456,-0.2617538735367101,0.0348171976543985,-8.71530260015036,-0.0411560127021474,14.270361087549714,0.0,58.339384076253296,39.004813208444055,-31.08597107388128,0.3383466018015434,120.10652775324633,2068.764806739127,1.274,1.0150000015428002,0.1699999982999324,11.093689496883556,300.0001285565649,0.1715925815533384,6.949976395110681e-06,0.1167687957379049,0.0013741714804692,-0.0210028405112974,0.2640593098720478,8.808543030659497,58.34485314853519,16.72128579980087
9.24,31.22065257759102,131.01354075531353,79.30980930952396,-0.1078931625868913,0.0343706069791478,-9.411415017293283,-0.0514410044493537,14.228517389124686,0.0,58.24897220936773,38.88876929154733,-31.01906979887577,0.337638864140921,120.10790933917052,2062.416933195033,1.274,1.0150000015428002,0.1799999981999322,11.086737946523428,300.0001285565649,0.1713260757829761,6.886131279738452e-06,0.1182188647590409,0.0015854821407907,-0.0212313171113781,0.1132354704196094,8.818291877661434,58.25437113136318,17.05954530159863
9.25,31.22065081393092,131.01354428391656,79.01044739250662,0.04614930275148,0.0338059975501516,-10.094650778027644,-0.0614057424199966,14.136455216629196,0.0,58.152111436861865,38.767569982866725,-30.951338418174945,0.3368578623589156,120.10943585808177,2055.6227336665547,1.274,1.0150000015428002,0.189999998099932,11.079779031017784,300.0001285565649,0.171040603363257,6.822591521968977e-06,0.1187240576092676,0.0017931472278847,-0.0212872033253302,0.0572066724049069,8.831593158814698,58.1574216702313,17.37081204455621
9.26,31.220649055864072,131.013547801277,78.71085271827516,0.1998446119386991,0.0331260756389991,-10.764095204204208,-0.0710098096314532,13.99519277854716,0.0,58.048877943922086,38.641289548582165,-30.883318279575008,0.3360072316058918,120.11110083275304,2048.389815889257,1.274,1.0150000015428002,0.1999999979999318,11.072813728292836,300.0001285565649,0.1707363886496878,6.7595080488461374e-06,0.1182903281745195,0.0019964263644954,-0.0211723940664422,0.2025714722226121,8.848433237872227,58.05408137542568,17.656053037611052
9.27,31.22064730361872,131.01355130693597,78.41106672060931,0.3526761970144233,0.0323340232788052,-11.418882013142849,-0.0802153320013952,13.805985215207247,0.0,57.93934129240862,38.51000397649807,-30.81554731698825,0.3350907909703409,120.1128973680388,2040.7254330917976,1.274,1.0150000015428002,0.2099999978999316,11.065830511659936,300.0001285565649,0.1704136365130593,6.697031307687942e-06,0.1169274558980355,0.0021946066690756,-0.0208895688979632,0.3541552989835466,8.868760739452744,57.94442030863872,17.916543435944515
9.28,31.22064555741957,131.0135548004414,78.11113046462089,0.5041627793902828,0.0314336981892663,-12.058179815984913,-0.0889873235432045,13.570295068928791,0.0,57.823530005999096,38.373790823617966,-30.7485578587982,0.334112516135844,120.11481819256475,2032.6340632390527,1.274,1.0150000015428002,0.2199999977999314,11.058765238239008,300.0001285565649,0.1700724311174928,6.635310657335888e-06,0.1146489050838422,0.0023870061662759,-0.02044214494424,0.5051417226910243,8.89249521092525,57.828467599516735,18.15380201159444
9.29,31.220643817487755,131.01355828134845,77.81108459903999,0.6537599121281487,0.0304285572584844,-12.681292128728236,-0.0972932631971741,13.289844722117744,0.0,57.70159878836958,38.23272959118332,-30.68287451683582,0.3330765127531949,120.11685570075132,2024.1291655584887,1.274,1.0150000015428002,0.2299999976999311,11.05169642357565,300.0001285565649,0.1697132277481595,6.574493762395515e-06,0.1114715451736291,0.0025729780587268,-0.0198342759219796,0.654467630689823,8.919498098257659,57.706378494742026,18.369665450715456
9.3,31.22064208404072,131.01356174921952,77.51096930353091,0.8009753319842268,0.0293228279495261,-13.287563490937496,-0.1051037756050504,12.966539148004248,0.0,57.57363877495536,38.086900196151696,-30.61901223563317,0.3319869906173391,120.1190019951302,2015.2197981418385,1.274,1.0150000015428002,0.2399999975999309,11.04462502560789,300.0001285565649,0.1693362947149751,6.514725865376261e-06,0.1074159412619105,0.0027519094895218,-0.0190708229549499,0.8015118556034255,8.949609248935147,57.57824479379773,18.566139281123263
9.31,31.22064035729228,131.01356520362427,77.21082425290658,0.9453367418263317,0.0281211260138541,-13.876411768734576,-0.1123926345963154,12.602462954296776,0.0,57.43973487982669,37.93638400006949,-30.55747417521696,0.3308482394707207,120.1212489274422,2005.9146630354523,1.274,1.0150000015428002,0.2499999974999307,11.037540523385376,300.0001285565649,0.1689418820243433,6.45614911366548e-06,0.1025059548788003,0.0029232259803759,-0.0181572918973501,0.9457548738520848,8.982641115100957,57.44415213579413,18.7453863175505
9.32,31.220638637452485,131.01356864413984,76.91068856742655,1.0864176483286283,0.0268286822409506,-14.44730474814315,-0.1191370385489427,12.199843756293005,0.0,57.29992684140223,37.781263628157184,-30.498749822639887,0.3296646059107791,120.12358813959791,1996.2193906759708,1.274,1.0150000015428002,0.2599999973999305,11.03037541112252,300.0001285565649,0.1685301068073087,6.398901873038682e-06,0.0967685354645814,0.0030863938193588,-0.0170997721728068,1.0867488203469076,9.018392086695838,57.30414108079992,18.909653508132696
9.33,31.2206369247276,131.0135720703508,76.61060077303372,1.2237313743439435,0.0254501917485409,-14.999877549279203,-0.1253169947011024,11.761106237001064,0.0,57.154384496698576,37.62162346695376,-30.44331322298537,0.3284404717192165,120.12601110389171,1986.148755126722,1.274,1.0150000015428002,0.2699999972999303,11.023210522456816,300.0001285565649,0.1681014688351648,6.343118072609168e-06,0.0902333667249005,0.0032409234463689,-0.0159049143779459,1.2239959519221142,9.056610587408436,57.1583822033386,19.061365396019156
9.34,31.220635219319973,131.01357548184967,76.3105987725272,1.3568523217832245,0.0239910405177813,-15.53381203581168,-0.1309159800599221,11.28878582932308,0.0,57.00321158589428,37.4575479013485,-30.391621412993416,0.3271802335245468,120.12850916262092,1975.712952769668,1.274,1.0150000015428002,0.2799999971999301,11.016046777066745,300.0001285565649,0.1676562734682631,6.288926456303842e-06,0.0829330993633378,0.0033863668756609,-0.0145798941797393,1.357064363084416,9.097042490131605,57.006980089616285,19.202946150476194
9.35,31.220633521428176,131.01357887823647,76.01071980182321,1.4853839534567623,0.0224569279371153,-16.04886860776432,-0.1359208385921349,10.785523135831736,0.0,56.84650102673927,37.289122550142366,-30.34411272132368,0.3258882846180186,120.13107356544027,1964.9214741075336,1.274,1.0150000015428002,0.2899999970999299,11.008868846682612,300.0001285565649,0.1671947942301846,6.236449916950944e-06,0.0749028991833952,0.0035223211393073,-0.0131323376866372,1.485553664399773,9.13942454402729,56.85002855264042,19.336808614070947
9.36,31.22063183124681,131.0135822591191,75.71100039118531,1.6089750925533255,0.0208539949719558,-16.544865980806325,-0.1403219077278859,10.254031530880084,0.0,56.68431136868505,37.11643412928179,-30.30120532773204,0.3245689981380048,120.13369550591324,1953.781484161453,1.274,1.0150000015428002,0.2999999969999296,11.001617611292287,300.0001285565649,0.1667172035561735,6.185804850680612e-06,0.0661801796620099,0.0036484296927965,-0.0115702571104867,1.6091101961147642,9.183495794333725,56.68758710648282,19.465288161157897
9.37,31.22063014896656,131.01358562411335,75.41147635329548,1.7272247285456293,0.0191877940111839,-17.021794977915157,-0.1441123155022064,9.697144255976765,0.0,56.516819903132976,36.9395708584968,-30.263295975462064,0.3232267118361845,120.13636615671784,1942.308374800468,1.274,1.0150000015428002,0.3099999968999295,10.99437023417305,300.0001285565649,0.1662240231138327,6.137100563611765e-06,0.0568042516550909,0.0037643843463047,-0.0099020077532877,1.7273312718771088,9.22896084614845,56.519833914711846,19.59073452810997
9.38,31.220628474773992,131.01358897284322,75.1121827385196,1.8397967770132924,0.017464445488027,-17.479684895101908,-0.147288575083146,9.117729054191503,0.0,56.34414043131219,36.758620710013545,-30.23075888433105,0.3218657142710025,120.13907670366646,1930.513149713076,1.274,1.0150000015428002,0.3199999967999292,10.987127581263424,300.0001285565649,0.1657155878282707,6.090438627937991e-06,0.0468164749784768,0.0038699217656482,-0.008136257228996,1.839879638109,9.275541302803097,56.34688373995192,19.715325537815797
9.39,31.2206268088518,131.01359230494052,74.81315381104851,1.9463942031719448,0.0156903304291852,-17.91862736170733,-0.14985042607038,8.518679067697947,0.0,56.16636693021377,36.573672717234736,-30.20394457694549,0.3204902331548113,120.14181837693752,1918.4054640353727,1.274,1.0150000015428002,0.329999996699929,10.979864332151344,300.0001285565649,0.1651921743120429,6.045912342489568e-06,0.0362597996952305,0.0039648257616627,-0.0062819058622145,1.9464574194935715,9.322969720052,56.1688315615234,19.84105729885268
9.4,31.22062515137853,131.0135956200453,74.51442303796193,2.046754006433445,0.0138720023865019,-18.33877732141852,-0.1518007343867807,7.902895688650848,0.0,55.983583050540176,36.3848169691734,-30.18317896773116,0.3191044249165201,120.14458248119688,1905.9942858187087,1.274,1.0150000015428002,0.3399999965999288,10.972540247179529,300.0001285565649,0.164654028800636,6.003606248186719e-06,0.025178454836157,0.0040489279033521,-0.0043480239904804,2.0468009950750505,9.370991251486386,55.98576205955829,19.969716006323942
9.41,31.220623502528664,131.0135989178059,74.21602305443379,2.140580319385803,0.0120154608167538,-18.74043767973165,-0.1531448469709503,7.2733198810187485,0.0,55.79596630539799,36.19214467360856,-30.16876263030196,0.3177123655835282,120.14736042420236,1893.294972711146,1.274,1.0150000015428002,0.3499999964999286,10.965223464848371,300.0001285565649,0.1641016735825516,5.963595703154594e-06,0.0136176702431997,0.004122107574589,-0.0023437983553988,2.1406140258961885,9.419335052414263,55.79785368955572,20.102951023759722
9.42,31.220621862472505,131.01360219787895,73.91798565577827,2.227640911594805,0.0101271204049437,-19.123931438454584,-0.1538910710487155,6.632857438844265,0.0,55.60363792271568,35.995746709100565,-30.16097022418792,0.3163180429248018,120.15014374379555,1880.31900307326,1.274,1.0150000015428002,0.3599999963999284,10.957914784523403,300.00012855656485,0.1635354653966252,5.925946453254407e-06,0.0016237348345231,0.0041842881197503,-0.0002785129477328,2.2276639194224104,9.46776151616379,55.6052286870607,20.242115352119
9.43,31.22062023137631,131.01360545992935,73.6203417745836,2.30775318345204,0.0082136349747734,-19.489609611803967,-0.1540505294590116,5.984364873660828,0.0,55.40668648359143,35.795714848152386,-30.16004988815997,0.3149253503623727,120.15292413206276,1867.0756256840257,1.274,1.0150000015428002,0.3699999962999282,10.95057431829908,300.0001285565649,0.1629556649571183,5.890714317099739e-06,-0.010756427765542,0.0042354379506969,0.0018385258871607,2.3077677922715463,9.51605936918967,55.40797667835181,20.38826224392981
9.44,31.220618609402106,131.01360870363035,73.32312147872115,2.3807466541066384,0.0062814815294528,-19.83789473170204,-0.1536367506527934,5.330657653568793,0.0,55.205225875024944,35.59214198071266,-30.166222876691467,0.3135380817159644,120.15569345831352,1853.5757842148616,1.274,1.0150000015428002,0.379999996199928,10.943189984661256,300.0001285565649,0.1623626073985312,5.85794495355471e-06,-0.0234755988242168,0.00427557068191,0.0039980552233897,2.38075493601072,9.56402983744454,55.2062125678343,20.542190308163203
9.45,31.22061699670772,131.0136119286638,73.02635395046826,2.446441112562386,0.0043367100007206,-20.16930776508002,-0.1526652594394272,4.674516342380303,0.0,54.99942713484781,35.385121557547706,-30.17968339098565,0.3121599267595082,120.1584437906979,1839.834211394248,1.274,1.0150000015428002,0.3899999960999278,10.935816159829695,300.0001285565649,0.1617567959322858,5.827673678370484e-06,-0.0364864126954469,0.0043047430085983,0.006190897929692,2.446444953980849,9.61147694607972,55.000108343661104,20.70447742492279
9.46,31.22061539344678,131.01361513472003,72.7300674785519,2.504713711647537,0.0023856138273693,-20.48436821250954,-0.151153880920634,4.0186312574893925,0.0,54.789416297047616,35.174746768276925,-30.20059849489869,0.3107944678154198,120.1611674158029,1825.8625417362769,1.274,1.0150000015428002,0.3999999959999275,10.928453567859004,300.0001285565649,0.1611386014015308,5.799925317854772e-06,-0.0497413994891686,0.0043230511801424,0.0084079739772097,2.504714847012015,9.65824220764297,54.78979102839123,20.875382289794345
9.47,31.22061379976867,131.01361832149783,72.43428947007547,2.5555023736048192,0.000434743137852,-20.78357751813365,-0.1491226916953886,3.365580952433122,0.0,54.57527065197348,34.9611115050196,-30.22910805529354,0.3094451775074831,120.16385685579428,1811.669112548209,1.274,1.0150000015428002,0.4099999958999273,10.921043757220875,300.00012855656485,0.1605082512844774,5.774714171679317e-06,-0.0631933418626893,0.0043306309871652,0.0106403584382991,2.5555024105597464,9.7042083280287,54.57533894126588,21.054844268643492
9.48,31.22061221581857,131.0136214887047,72.13904642367505,2.598725109725125,-0.0015099463253777,-21.0675279606766,-0.1465932056769481,2.7178750041633744,0.0,54.35713846056372,34.74431092030547,-30.26532488681359,0.3081154169193799,120.1665048844129,1797.2669382430563,1.274,1.0150000015428002,0.4199999957999271,10.91361092355752,300.0001285565649,0.1598661817803786,5.752044074665496e-06,-0.0767956312649057,0.0043276578126706,0.0128793654803203,2.5987255480889107,9.749259110812138,54.35690127874959,21.24262386053326
9.49,31.22061064173728,131.01362463605668,71.8443639444278,2.6343193397846187,-0.0034427026219127,-21.336841378103944,-0.1435884039096395,2.077924638540599,0.0,54.135178197473245,34.524439963729506,-30.309335100762304,0.3068084339777413,120.1691045420006,1782.66960984242,1.274,1.0150000015428002,0.4299999956999269,10.906191533372867,300.0001285565649,0.1592128591186472,5.731908477815372e-06,-0.0905022399742298,0.0043143421105885,0.0151165460698351,2.634321587774031,9.793299635367395,54.134637419010296,21.438264585258764
9.5,31.2206090776614,131.01362776327855,71.55026673390805,2.662268937773668,-0.0053577127909814,-21.59212099362589,-0.1401327854048759,1.4480146265350335,0.0,53.90951818799008,34.30159352658593,-30.36119843794674,0.3055273627628459,120.17164914799989,1767.8886266695868,1.274,1.0150000015428002,0.4399999955999267,10.898786230107184,300.0001285565649,0.1585486608499697,5.714290600703013e-06,-0.1042678730485702,0.0042909269513973,0.0173437066557934,2.662274324982178,9.83627064962281,53.9086766004341,21.641073738601435
9.51,31.220607523723192,131.0136308701038,71.25677860907057,2.682630427608489,-0.007248845432847,-21.83390118247884,-0.1362525003567288,0.8302709926936201,0.0,53.68021915074175,34.075866965076656,-30.420948688571045,0.3042752232727793,120.17413231173396,1752.9309845092207,1.274,1.0150000015428002,0.4499999954999265,10.891314542833973,300.0001285565649,0.1578737656857726,5.699163672033691e-06,-0.1180482334941611,0.0042576869987569,0.0195529362104994,2.6826402141338326,9.878162494485396,53.67908050476685,21.85010653318223
9.52,31.22060598005069,131.0136339562745,70.96392249230726,2.6953988680090086,-0.0091110409893384,-22.06284454141549,-0.1319740247989403,0.2267468161529753,0.0,53.44746701857007,33.847357102084715,-30.488594264054665,0.3030549212585165,120.17654794209886,1737.81180392368,1.274,1.0150000015428002,0.4599999953999263,10.883843981318613,300.0001285565649,0.1571887205867044,5.686491274501541e-06,-0.1318003897494189,0.0042149288970037,0.0217367325992067,2.6954142552651112,9.91894528059392,53.44603585960417,22.06440437719823
9.53,31.22060444676744,131.01363702154177,70.67172042337212,2.700623930431668,-0.010939122413186,-22.279561168530204,-0.1273248461032852,-0.3606541155019173,0.0,53.211402275392246,33.616159570496336,-30.56411897940101,0.3018692477343528,120.17889025683182,1722.5430995087224,1.274,1.0150000015428002,0.469999995299926,10.876389507182887,300.0001285565649,0.1564939388388603,5.6762276612439805e-06,-0.1454825359972992,0.004162984184428,0.0238879130443057,2.7006460688856206,9.958628747634313,53.20968396207218,22.282843823662695
9.54,31.22060292399284,131.0136400656652,70.3801935713064,2.698392691569108,-0.012727978028249,-22.4846264315574,-0.1223332226647864,-0.9301755621261544,0.0,52.97214474319478,33.38237027097818,-30.647482698217,0.3007208795235716,120.18115378858788,1707.135435600986,1.274,1.0150000015428002,0.4799999951999259,10.86894154970746,300.0001285565649,0.155789772953991,5.6683181720651045e-06,-0.159054265742104,0.0041022086516655,0.0259996615587736,2.698422687339144,9.997252834070151,52.9701454370978,22.504191115444115
9.55,31.220601411841848,131.01364308841332,70.08936223741766,2.6888536632572344,-0.0144723177257376,-22.67853516397404,-0.1170283011764424,-1.4802340841064847,0.0,52.7297594665618,33.146085432300524,-30.73862213447627,0.2996123795393455,120.18333339033708,1691.5957620982765,1.274,1.0150000015428002,0.4899999950999257,10.861425053221067,300.0001285565649,0.1550764143381233,5.662699709125622e-06,-0.172476756029952,0.004032980760133,0.0280655351010887,2.6888925818278686,10.034899298250012,52.7274861602336,22.727092769437842
9.56,31.220599910425165,131.0136460895633,69.79924587416316,2.6720798453078034,-0.0161680814538187,-22.86191301371928,-0.1114386991758298,-2.009323877741212,0.0,52.48444693731568,32.907402477459144,-30.8374517598288,0.2985461969029123,120.18542423982312,1675.939639687828,1.274,1.0150000015428002,0.4999999949999254,10.853926489473704,300.0001285565649,0.1543544527365679,5.659301291350004e-06,-0.1857130432046037,0.0039557014219656,0.0300796035603986,2.672128723885215,10.071619784040356,52.481907261053486,22.950313019133358
9.57,31.22059841984901,131.01364906890143,69.50986309409292,2.6482159550598783,-0.0178109234765089,-23.035280788402112,-0.1055935582296227,-2.516113094604532,0.0,52.236333611518994,32.66641706829944,-30.94386486890524,0.2975246665566312,120.18742184371528,1660.1777184374523,1.274,1.0150000015428002,0.5099999948999253,10.846446359932028,300.0001285565649,0.1536242601491914,5.6580445557645606e-06,-0.1987277017151398,0.00387078624023,0.0320362930240737,2.648275806576513,10.10751137400059,52.23353587824668,23.172529773525106
9.58,31.220596940215447,131.0136520262225,69.22123168376359,2.6174483360957583,-0.0193965199986348,-23.1990948963045,-0.0995222513935279,-2.99943234973218,0.0,51.98551458257396,32.42322525400719,-31.0577344605734,0.2965500098720278,120.18932203851888,1644.3185426646685,1.274,1.0150000015428002,0.519999994799925,10.838947872761718,300.0001285565649,0.1528861163329396,5.658844357199601e-06,-0.211487151660709,0.0037786660002515,0.0339304444618531,2.6175201537640844,10.14269945596914,51.98246778439551,23.39240267922224
9.59,31.220595471622143,131.01365496133005,68.93336862361585,2.5799719592583408,-0.0209209034860957,-23.353795556695264,-0.0932539719928098,-3.45825362530096,0.0,51.732097782487855,32.17792356708898,-31.17891429540576,0.2956243345666794,120.19112099155952,1628.3713774195244,1.274,1.0150000015428002,0.5299999946999248,10.831409898261308,300.0001285565649,0.1521403387961184,5.661609408296042e-06,-0.2239598239646267,0.003679785558256,0.0357573595201193,2.5800567239702104,10.177319322763596,51.72881153472596,23.60864209022025
9.6,31.22059401416241,131.0136578740365,68.64629009194731,2.5359488126626903,-0.0223808828129918,-23.49987214385917,-0.0868171486662745,-3.8916551112064623,0.0,51.47625742300684,31.93060851863236,-31.30724004778232,0.2947496342153105,120.19281520148716,1612.3495332876166,1.274,1.0150000015428002,0.5399999945999246,10.823891990132571,300.0001285565649,0.1513874399638335,5.6662429301013176e-06,-0.2361161773882094,0.0035746010001377,0.0375128386617283,2.536047506894669,10.211494067849882,51.472741842244936,23.82008621939917
9.61,31.22059256792524,131.01366076416323,68.36001149870734,2.4855928456701046,-0.0237731629770176,-23.637722999085447,-0.0802400790120212,-4.298877161217722,0.0,51.21811642919405,31.68137527179513,-31.44253046773556,0.293927787704884,120.19440149765708,1596.262931318986,1.274,1.0150000015428002,0.5499999944999244,10.81639457097558,300.0001285565649,0.1506277814228649,5.672643278245222e-06,-0.247928537871934,0.0034635746485125,0.0391930713486552,2.485706459567961,10.24537647604143,51.214382149593135,24.025584943951152
9.62,31.220591132995416,131.01366363153983,68.07454748549391,2.4291741387244743,-0.0250942942321015,-23.76764395505137,-0.0735509700952366,-4.679331230508396,0.0,50.957741610283854,31.43031900717008,-31.58458845073411,0.2931605591109537,120.19587703753184,1580.1178793304837,1.274,1.0150000015428002,0.5599999943999242,10.808851409579736,300.0001285565649,0.1498615597221475,5.680704621399768e-06,-0.259371286795162,0.0033471748735397,0.040794645640937,2.429303674408344,10.279148706412853,50.953799807889546,24.224005649027227
9.63,31.22058970945338,131.01366647600503,67.78991196431889,2.3669109393020022,-0.0263417688545861,-23.89000312386124,-0.0667768119751943,-5.032519675242536,0.0,50.6952855283665,31.17753567342185,-31.73320221533116,0.2924495969975577,120.1972393040976,1563.925910831482,1.274,1.0150000015428002,0.5699999942999239,10.801299850596992,300.0001285565649,0.1490892235956249,5.690317654430301e-06,-0.2704210550104502,0.003225876219393,0.0423146796961827,2.367057432469696,10.312967188162537,50.69114777313646,24.41440072339316
9.64,31.22058829737527,131.01366929740604,67.5061181176044,2.299037679111467,-0.0275133105666951,-24.00512901960052,-0.0599438379145188,-5.358074234888067,0.0,50.430892569335946,30.923119771140616,-31.888146591987898,0.2917964330704594,120.1984861034776,1547.697880649289,1.274,1.0150000015428002,0.5799999941999237,10.79377020814478,300.00012855656485,0.1483111977242171,5.7013702478665845e-06,-0.2810564676746216,0.003100153802557,0.0437507064778995,2.299202215100229,10.346995581918076,50.42657078878442,24.595909660306166
9.65,31.22058689683301,131.01367209559868,67.22317842203752,2.2258190812131624,-0.0286067174803826,-24.11328566899675,-0.0530776126760771,-5.65576502431976,0.0,50.16467958946696,30.667164991974136,-32.04918416568443,0.2912024814544185,120.19961556040133,1531.4427926871726,1.274,1.0150000015428002,0.5899999940999235,10.786261659994752,300.0001285565649,0.1475278258203782,5.713748107864012e-06,-0.2912581661959158,0.0029704816012472,0.0451006498753596,2.2260028110641863,10.38140982318516,50.16018605697966,24.767741943865815
9.66,31.22058550789436,131.0136748704473,66.94110468037782,2.147589677287911,-0.0296194441987138,-24.21460512251223,-0.0462034347427324,-5.92553230326493,0.0,49.89668518517863,30.40976465189928,-32.216066431102725,0.2906690378063925,120.20062611314148,1515.1647603050812,1.274,1.0150000015428002,0.5999999939999233,10.778680191803248,300.0001285565649,0.1467392214389235,5.72733544190702e-06,-0.3010088813139907,0.0028373316477922,0.046362775736851,2.1477938268310317,10.41641429019342,49.89203257397096,24.9291229102352
9.67,31.220584130622868,131.01367762182477,66.6599080234414,2.0645690684333204,-0.0305504792104594,-24.30939326318913,-0.0393444465848323,-6.167344087352496,0.0,49.62710497842319,30.151013111023527,-32.38853498968104,0.2901972781014178,120.20151650831372,1498.877344093465,1.274,1.0150000015428002,0.609999993899923,10.771121927131986,300.0001285565649,0.1459459599202083,5.742015655394211e-06,-0.3102936571857906,0.0027011754321534,0.0475359311662747,2.064794993728248,10.452153675581895,49.622306120598026,25.07955904519981
9.68,31.22058276507775,131.01368034961263,66.3795989438973,1.9770461954263487,-0.0313984404433161,-24.397825097894152,-0.0325232623907465,-6.381317688232089,0.0,49.35605164727121,29.8910017556756,-32.56632287506447,0.2897882566290089,120.2022857964836,1482.5888764492638,1.274,1.0150000015428002,0.6199999937999229,10.763587164269044,300.0001285565649,0.1451483726706543,5.757671913623813e-06,-0.319099331706757,0.0025624756746319,0.0486192410792752,1.9772954077741696,10.488799101149588,49.35111959202652,25.21856741982332
9.69,31.220581411314296,131.01368305370045,66.1001873111752,1.885338115261869,-0.0321619829041019,-24.480012444781377,-0.025761637114005,-6.5676934313796655,0.0,49.083608746111246,29.629821788260383,-32.74915558078567,0.2894429054082751,120.20293332455216,1466.3058103978008,1.274,1.0150000015428002,0.6299999936999227,10.756042268684984,300.0001285565649,0.1443467054429332,5.774187756602166e-06,-0.3274147544015617,0.0024216880974903,0.0496121753053925,1.885612321937457,10.526526145512491,49.07855675391573,25.345734749010244
9.7,31.22058006938364,131.01368573398622,65.82168239233795,1.789763670543964,-0.0328400514291747,-24.55604755215517,-0.0190801978919099,-6.72681182770991,0.0,48.80986284461567,29.367564202418222,-32.93675221279268,0.2891620328557241,120.20345872909476,1450.0346754589536,1.274,1.0150000015428002,0.6399999935999225,10.748458621876402,300.0001285565649,0.143541212852444,5.791447692494377e-06,-0.3352308328222427,0.0022792611066392,0.0505145757639212,1.7900648352995263,10.565501308919066,48.804704341682445,25.46075082952338
9.71,31.220578739332808,131.0136883903763,65.54409286400772,1.6905837497798923,-0.0334324736468721,-24.626103114175,-0.0124977693876841,-6.859058319374944,0.0,48.53497458860392,29.10431943246849,-33.12882666856248,0.2889463222119713,120.20386192978349,1433.7862696840511,1.274,1.0150000015428002,0.6499999934999223,10.7408995845433,300.0001285565649,0.1427323673540908,5.809337752792726e-06,-0.342540471306408,0.0021356342460552,0.0513267132764965,1.6909141967949526,10.605855792488091,48.52972302822192,25.56348551768334
9.72,31.2205774212048,131.01369102278508,65.26742684815056,1.5881040047273267,-0.0339388913368875,-24.69026243179578,-0.0060323292605953,-6.964931441014658,0.0,48.25904954165276,28.840175614288007,-33.32508878112453,0.2887963300596102,120.20414312236952,1417.567946621799,1.274,1.0150000015428002,0.6599999933999221,10.733365392352184,300.0001285565649,0.14192047940925,5.827745964502622e-06,-0.3493382759941747,0.0019912338069065,0.0520491026428415,1.5884665193781615,10.647729835124062,48.25371843337977,25.65383724353877
9.73,31.220576115038703,131.01369363113497,64.99169192101954,1.48267798336639,-0.0343587121496249,-24.74851483704673,0.0002988768769232,-7.045047749811539,0.0,47.98213597048603,28.57522026698229,-33.52524529406406,0.2887124856541234,120.20430277001596,1401.383576212418,1.274,1.0150000015428002,0.6699999932999218,10.725788259814731,300.0001285565649,0.1411056909756812,5.846562834733665e-06,-0.3556206618700369,0.0018464738999913,0.0526825011918302,1.4830759454375573,10.691271166285125,47.97673891692569,25.73172525358481
9.74,31.220574820869672,131.01369621535628,64.7168951330343,1.3745864140588355,-0.0346923246156005,-24.800956483909246,0.0064805389579725,-7.100043629912148,0.0,47.70436937380816,28.3095411235262,-33.7290008978602,0.2886950898796233,120.20434159525972,1385.2420335957906,1.274,1.0150000015428002,0.6799999931999215,10.718207729668324,300.0001285565649,0.1402884005387769,5.865681825736114e-06,-0.3613859664908479,0.0017017577344677,0.0532280724617655,1.3750240493108197,10.73658452676466,47.69891991653373,25.79724993213039
9.75,31.220573538728864,131.01369877538744,64.44304303263633,1.264116458568358,-0.0349402690414972,-24.847659767517992,0.0124985762281886,-7.130622580115192,0.0,47.425873579321326,28.04322361294034,-33.9360593313906,0.2887443138226084,120.20426057267512,1369.151340747601,1.274,1.0150000015428002,0.6899999930999214,10.710652990962634,300.0001285565649,0.1394689722559286,5.884999721370486e-06,-0.3666340965736483,0.0015574730196032,0.0536872206727428,1.2645991638180425,10.783765259082244,47.42038517503474,25.850573117762565
9.76,31.22057226864372,131.0137013111744,64.17014167821543,1.1515781431133807,-0.0351030523010343,-24.888647310360263,0.0183399337468946,-7.137564852498698,0.0,47.1467411844208,27.77635168154117,-34.14612428093933,0.2888601983866206,120.20406091974968,1353.1175621756747,1.274,1.0150000015428002,0.6999999929999212,10.7031179408091,300.0001285565649,0.1386476784377559,5.904416976206726e-06,-0.3713664835455217,0.0014139915648957,0.0540615521191994,1.1521129623643214,10.832904766248236,47.14122721020437,25.891889334621712
9.77,31.22057101063785,131.01370382267072,63.89819666693562,1.037334489638263,-0.0351808235406967,-24.9238434566358,0.0239922034775413,-7.121751281098439,0.0,46.866999356932205,27.5090083460924,-34.35890025373709,0.2890426540391577,120.20374408771627,1337.1429053587751,1.274,1.0150000015428002,0.7099999928999209,10.69551839446934,300.0001285565649,0.1378245989777798,5.923838042425032e-06,-0.3755861008669726,0.0012716697966318,0.0543528274492261,1.0379308254899522,10.884100066957508,46.86147316644032,25.921379006267053
9.78,31.220569764731227,131.01370630983757,63.62721314169169,0.9216213116716674,-0.0351751930486362,-24.953371113220584,0.0294454117296255,-7.084014604954991,0.0,46.58681765361581,27.241276935193024,-34.57409346143172,0.2892914605240251,120.2033117527019,1321.2376189545,1.274,1.0150000015428002,0.7199999927999207,10.687945479598358,300.0001285565649,0.1370002324979265,5.943171693057213e-06,-0.3792975927685387,0.0011308507679833,0.0545632116859186,0.92229226908815,10.937387201264883,46.58129234755938,25.939446020869433
9.79,31.22056853093996,131.01370877264367,63.35719580800644,0.8047350999124034,-0.0350872975991564,-24.97724352982176,0.0346902260388824,-7.025271958800384,0.0,46.30628708690486,26.973237112492768,-34.791412777325725,0.2896062662301815,120.20276580778848,1305.4072938438171,1.274,1.0150000015428002,0.7299999926999206,10.680399339464149,300.0001285565649,0.1361748466344508,5.962331193904714e-06,-0.382506723799619,0.0009918577437939,0.0546949339392852,0.8054996080249621,10.992812450508048,46.30077558743076,25.946451469418946
9.8,31.220567309276746,131.0137112110648,63.08814896981513,0.6869982671076392,-0.0349181392474108,-24.995423205819154,0.039718177729704,-6.946501241439804,0.0,46.02546253294868,26.7049677637904,-35.01057037821815,0.289986589253132,120.20210835245068,1289.6553725943068,1.274,1.0150000015428002,0.7399999925999204,10.67283759513578,300.00012855656485,0.1353486027523075,5.981234517141318e-06,-0.3852205420176448,0.0008549969452548,0.05475035021038,0.687885046374089,11.050417624969333,46.019977604801376,25.94275695196965
9.81,31.22056609975068,131.0137136250838,62.82007652449352,0.5687059678227077,-0.0346691096226141,-25.0079090721621,0.0445221355907636,-6.848695154834564,0.0,45.744422561351584,26.436547186722247,-35.23128247975455,0.2904318180404055,120.20134168316994,1273.9865431915975,1.274,1.0150000015428002,0.7499999924999202,10.665248603913584,300.0001285565649,0.1345217318895709,5.999804523417126e-06,-0.3874474083046365,0.0007205586371071,0.0547320108637047,0.5697616918736674,11.110221785492325,45.73897675067906,25.928789476293325
9.82,31.220564902367336,131.01371601469077,62.55298198273732,0.4500986349376328,-0.0343422511772487,-25.014780668306013,0.0490965854127212,-6.73282883754344,0.0,45.46329734520292,26.16805216275064,-35.45327008857958,0.2909412120432325,120.20046828450008,1258.40824352627,1.274,1.0150000015428002,0.7599999923999199,10.65768709726322,300.0001285565649,0.1336946168319159,6.017969080549192e-06,-0.3891968286276433,0.0005888158596425,0.0546426646924035,0.4514068532127148,11.172214447015891,45.457902877325616,25.905069899805557
9.83,31.220563717128897,131.0137183798827,62.286868494407074,0.3314501316944468,-0.0339393440009298,-25.01605593963029,0.0534367497605354,-6.599922767590268,0.0,45.182169419734514,25.89955679757802,-35.67625965838136,0.2915139029684514,120.19949081958669,1242.9251131359126,1.274,1.0150000015428002,0.7699999922999197,10.650153174407311,300.0001285565649,0.1328675002707221,6.035661114297596e-06,-0.3904791906188023,0.000460022137868,0.0544850973428534,0.3331832168970484,11.236385533037426,45.17683824035724,25.872087097856895
9.84,31.220562544034248,131.01372072066312,62.02173885647813,0.2130868386245563,-0.0334616980187558,-25.011662550122512,0.0575382931274405,-6.451060818229433,0.0,44.901055235826526,25.63113402688501,-35.899983595005295,0.2921488969104812,120.19841211970792,1227.5380656989191,1.274,1.0150000015428002,0.7799999921999194,10.6425674194616,300.0001285565649,0.1320404305597184,6.052818668338723e-06,-0.3913058282041148,0.0003344132817214,0.0542621116479315,0.2156981243936567,11.302729675866868,44.8957990848917,25.830268288519033
9.85,31.22056138307896,131.01372303704213,61.75759553093344,0.0952210511956288,-0.0329118290090719,-25.00170433500248,0.0613988862677704,-6.287251444910095,0.0,44.620085315761,25.362856819086183,-36.124180798602886,0.2928450764185707,120.19723517450136,1212.2541907182158,1.274,1.0150000015428002,0.7899999920999193,10.634992315184777,300.0001285565649,0.1312137914999527,6.06938496460044e-06,-0.3916891529230512,0.0002122099614973,0.053976757996441,0.1007483800493276,11.371196995821991,44.61491553803375,25.780196279501844
9.86,31.220560234255338,131.0137253290366,61.49444064774356,-0.0219091832744177,-0.0322920224613633,-24.986236825615272,0.0650168869624355,-6.1095273207057454,0.0,44.33934990485296,25.09479472417741,-36.34859728102856,0.2936012023357181,120.19596312315252,1197.0782250176092,1.274,1.0150000015428002,0.7999999919999191,10.627445391123862,300.0001285565649,0.1303878484456589,6.085308335857477e-06,-0.3916421841718428,9.361317261492244e-05,0.0536320783557228,0.0390229032143753,11.441737794384624,44.33427748609479,25.72241399992957
9.87,31.220559097552645,131.01372759666944,61.232276032700085,-0.1380455232285427,-0.0316043762752244,-24.96527759049052,0.0683912999547258,-5.918942087861185,0.0,44.05890663990582,24.827015739497288,-36.57298651407896,0.2944159171208636,120.1945992436478,1182.0130329859346,1.274,1.0150000015428002,0.8099999918999188,10.619906353289805,300.0001285565649,0.1295627708565167,6.100542184960251e-06,-0.3911785927968075,-2.1194067501253784e-05,0.0532311174401279,0.141617093427881,11.514300373619394,44.05394223634119,25.657428514557186
9.88,31.220557972957064,131.01372983996973,60.97110321636047,-0.2529103000831043,-0.0308507980306548,-24.938808698434627,0.0715217045764308,-5.716569616161387,0.0,43.77878287732645,24.559586743827538,-36.79710980271359,0.2952877481863255,120.1931469426176,1167.0597863783487,1.274,1.0150000015428002,0.8199999917999186,10.612319204682429,300.0001285565649,0.1287386391453099,6.115044929279776e-06,-0.3903127243417884,-0.0001320452878484,0.0527769252089392,0.2547849788448382,11.588830505651602,43.77393684553809,25.58570817522477
9.89,31.22055686045179,131.01373205897255,60.71092344001144,-0.3663383941231854,-0.0300343262565241,-24.906981940715,0.0744094642159346,-5.503390430011368,0.0,43.49911152043492,24.29257395234299,-37.02073667160007,0.2962151113238835,120.19160974563428,1152.2252116116783,1.274,1.0150000015428002,0.8299999916999184,10.6047607590991,300.0001285565649,0.127915844100435,6.1287799318968095e-06,-0.3890596183043543,-0.0002387892017762,0.052272719752163,0.3675675005625359,11.665238911820053,43.49439373971483,25.507853543342463
9.9,31.220555760017017,131.01373425371904,60.451737667596646,-0.4781140683890313,-0.02915746534438,-24.86986293654758,0.0770561986001977,-5.280414659508045,0.0,43.21995971596206,24.02603990322441,-37.243645262696425,0.2971963142437826,120.1899912879124,1137.5123939745213,1.274,1.0150000015428002,0.8399999915999183,10.597231052423776,300.0001285565649,0.1270945831385169,6.141715327154709e-06,-0.3874345682906532,-0.0003412935576325,0.0517216177609461,0.4790022969087081,11.74344590628163,43.21537967221359,25.42437411455301
9.91,31.220554671630257,131.0137364242557,60.1935466085795,-0.5879844168963223,-0.028222312470451,-24.82745459612616,0.079463799756235,-5.048675971429203,0.0,42.94134601707002,23.76004596951092,-37.46562248081396,0.2982295614612833,120.18829530335768,1122.921787157786,1.274,1.0150000015428002,0.8499999914999181,10.589671425473,300.0001285565649,0.1262749107775168,6.153823901366477e-06,-0.3854532624854064,-0.0004394422753825,0.0511266731804044,0.5886613164395781,11.823376572310302,42.93691286677306,25.335704949392355
9.92,31.2205535952662,131.0137385706348,59.936350716947615,-0.6957695332962363,-0.0272316595460685,-24.77986590097088,0.0816353847407446,-4.809139571655972,0.0,42.66335174873455,23.494653022902444,-37.68646421966955,0.299312958936419,120.1865256146192,1108.4570825148362,1.274,1.0150000015428002,0.8599999913999178,10.582102749735109,300.0001285565649,0.1254570661230611,6.165082970888141e-06,-0.3831318732559644,-0.0005331332574094,0.0504910203597793,0.6963022118970928,11.904935657306744,42.65907420981684,25.24235016447178
9.93,31.22055253089677,131.01374069291387,59.6801502011532,-0.8013135932464396,-0.0261884870286912,-24.72723453753956,0.0835748408244004,-4.562733328035873,0.0,42.38606912642572,23.22991934700189,-37.90597563928259,0.3004445186269666,120.1846861238461,1094.122425099128,1.274,1.0150000015428002,0.8699999912999176,10.574563246590309,300.0001285565649,0.1246413203025592,6.175474185135135e-06,-0.3804867695483408,-0.0006222804170523,0.0498177708512288,0.8017413964976261,11.98802183793672,42.38195544864605,25.144813541787844
9.94,31.220551478491387,131.01374279115575,59.42494505293995,-0.9044393206670708,-0.0250954953026934,-24.669657946931164,0.085286360713437,-4.310383216247544,0.0,42.10955647855832,22.96590083444108,-38.12397127858328,0.301622163935709,120.18278080251956,1079.9200993424968,1.274,1.0150000015428002,0.8799999911999175,10.56705213471082,300.0001285565649,0.1238278447914359,6.1849833268534085e-06,-0.3775344063613044,-0.0007068136609169,0.0491099449646212,0.904787387369428,12.07253855256656,42.105614487500304,25.043536101214144
9.95,31.22055043801696,131.0137448654282,59.17073501851339,-1.0049012336436631,-0.0239546268950029,-24.6071251047839,0.0867739393981155,-4.053055307913144,0.0,41.83379538363622,22.702651925086496,-38.34027510469424,0.3028437355508342,120.18081368117744,1065.84840242875,1.274,1.0150000015428002,0.8899999910999172,10.559474349044336,300.00012855656485,0.1230165853719501,6.193600128752945e-06,-0.374291371657302,-0.000786677160914,0.0483704290709654,1.0051866765373003,12.15840289453844,41.8300325997522,24.9388330314
9.96,31.220549409437943,131.01374691580395,58.91751965321535,-1.1026226002806707,-0.0227694431264896,-24.53986904256231,0.0880434205902498,-3.791559560005444,0.0,41.55891949132658,22.440227316761995,-38.554720589093066,0.304106997264644,120.17878883968272,1051.9133564144277,1.274,1.0150000015428002,0.899999990999917,10.551926111399112,300.0001285565649,0.1222079350064981,6.201318124209101e-06,-0.3707745864694423,-0.0008618260671319,0.0476022668416272,1.1028576436629765,12.245498610245692,41.55534287565809,24.831207142768672
9.97,31.22054839271625,131.01374894236062,58.66529829269432,-1.1974565096511198,-0.0215427098772382,-24.468008249872696,0.0891004162747283,-3.5267341866683046,0.0,41.284981284053686,22.178677228917937,-38.76715089843413,0.3054096414028341,120.17671039859265,1038.1167255506753,1.274,1.0150000015428002,0.9099999908999168,10.544407408322767,300.0001285565649,0.1214020479735961,6.208134357520171e-06,-0.3670007201257619,-0.0009322316397277,0.0468083105042885,1.1976502466425445,12.333726741044623,41.28159736317898,24.72102790386018
9.98,31.22054738781175,131.0137509451802,58.414070080738846,-1.2892321644666171,-0.020276859001951,-24.391618414784627,0.0899506158118527,-3.25941451877408,0.0,41.012000144611534,21.918050844281154,-38.97741875030852,0.306749295775035,120.1745825085258,1024.4585536137347,1.274,1.0150000015428002,0.9199999907999163,10.536878098676729,300.0001285565649,0.1205989812179152,6.214049196439869e-06,-0.3629864085238669,-0.0009978777398884,0.0459913078721459,1.2893915834660206,12.422995144643616,41.0088150631141,24.608594494829255
9.99,31.22054639468199,131.01375292434903,58.16383397027069,-1.3778086164212573,-0.0189745220453957,-24.310810641755765,0.0906001926865464,-2.990389293107512,0.0,40.740013428616855,21.658396461730074,-39.18538639407079,0.3081235301268716,120.17240934076212,1010.9397538087854,1.274,1.0150000015428002,0.9299999906999163,10.529322037431765,300.0001285565649,0.1197988445337701,6.219066138027546e-06,-0.3587483142641826,-0.0010587591223725,0.0451539689035969,1.3779392390705,12.513208993868904,40.737032917718174,24.49420646966446
10.0,31.22054541328238,131.013754879958,57.914588733285576,-1.4631175505855698,-0.0176389518952668,-24.225790669247854,0.0910561442794467,-2.720360898316318,0.0,40.46911407906755,21.39976070149536,-39.39092562612323,0.3095298624937589,120.1701950783872,997.5639338326532,1.274,1.0150000015428002,0.939999990599916,10.521795815129252,300.00012855656485,0.1190019111723275,6.223191587888328e-06,-0.3543030134014961,-0.0011148815800607,0.0442989917215186,1.4632238488428069,12.604265087112005,40.46634335902676,24.378219545092207
10.01,31.220544443566222,131.013756812102,57.66633296482832,-1.5450515534584073,-0.0162728970470555,-24.13669686079744,0.0913253306880726,-2.450033080336372,0.0,40.19934709678639,21.14218713249904,-39.59391774031191,0.3109657658508033,120.16794390732328,984.3322351972248,1.274,1.0150000015428002,0.949999990499916,10.514299394818083,300.00012855656485,0.1182083134051843,6.226434605469456e-06,-0.3496667535514045,-0.0011662633806044,0.0434289173713472,1.5451372255666809,12.696072176032528,40.19679095612997,24.260897299168406
10.02,31.220543485484978,131.01375872087968,57.41906509094496,-1.6234423140923755,-0.014878381741126,-24.043572259914686,0.091414227376912,-2.180133960092974,0.0,39.93069332899504,20.885718036758263,-39.79425333972397,0.3124286753036796,120.16566000683804,971.2426240098716,1.274,1.0150000015428002,0.9599999903999156,10.506753017573274,300.0001285565649,0.1174179948559629,6.228806704786849e-06,-0.3448555734787892,-0.0012129330110474,0.0425461322154531,1.6235104724593514,12.78855335208386,39.92835623828255,24.142384050931188
10.03,31.220542538988127,131.0137606063936,57.17278337862293,-1.6982574985433188,-0.013458670728438,-23.9466416778708,0.0913304917662665,-1.9112561701842687,0.0,39.66324603027444,20.63039571926205,-39.99183221700661,0.3139159949637166,120.16334754085362,958.298527477114,1.274,1.0150000015428002,0.9699999902999156,10.499220000768949,300.0001285565649,0.1166312296869433,6.230321685876904e-06,-0.3398854845880502,-0.0012549264215144,0.0416530816868241,1.6983108119915786,12.881615028426562,39.66113194723951,24.02296586716829
10.04,31.22054160402325,131.0137624687502,56.92748592883231,-1.7694326622652323,-0.0120165833611045,-23.846071837504905,0.0910816073138364,-1.6439855865751902,0.0,39.397058065751935,20.37625884582,-40.18656333867742,0.3154251043885001,120.16101065020044,945.5013179286094,1.274,1.0150000015428002,0.9799999901999152,10.491717027374197,300.0001285565649,0.1158481732910929,6.230995365471881e-06,-0.3347720423692748,-0.0012922903983452,0.0407520519523545,1.7694734523746665,12.975175216524196,39.39517050526535,23.902847666073228
10.05,31.22054068053626,131.01376430805908,56.68317070237086,-1.836876416154148,-0.0105545443315066,-23.74198112167086,0.0906748736889443,-1.3789012624374288,0.0,39.1321491927969,20.12334453637948,-40.378364583882814,0.316953365883534,120.15865344376176,932.8507263234728,1.274,1.0150000015428002,0.9899999900999152,10.484220674497248,300.0001285565649,0.1150688837057489,6.230845383235149e-06,-0.3295304490739061,-0.0013250806128286,0.0398451950418345,1.8369067282965517,13.06916191289809,39.13049128885959,23.78216260574394
10.06,31.22053976847144,131.01376612443323,56.439835505946746,-1.9004817893599155,-0.0090746962295343,-23.63445650995853,0.0901174535529001,-1.1165689655845832,0.0,38.86851778880182,19.871688901073625,-40.56716254198784,0.318498131462953,120.15627999036056,920.345451437988,1.274,1.0150000015428002,0.9999999899999148,10.476681462527065,300.0001285565649,0.1142933560996393,6.2298910222605695e-06,-0.3241756362814528,-0.0013533599644951,0.0389345550680865,1.9005034468785007,13.163511021929274,38.86709233885736,23.6609886084978
10.07,31.220538867771364,131.0137679179889,56.19747801305351,-1.960263292923788,-0.0075802613323727,-23.215191990088528,0.089376568929604,-0.8679899057746471,0.0,38.60625715066618,19.621327328075942,-40.75289235747474,0.3200567495159482,120.1538943112792,907.9886647566922,1.274,1.0150000015428002,1.0,10.469172492780316,300.0001285565649,0.1135218647529283,6.228153037825626e-06,-0.3187223099668892,-0.0013771973691315,0.0380221915586916,1.960277943436872,13.258147487240068,38.60506644600395,23.23158483152346
10.08,31.220537978377088,131.0137696888455,55.95609574905892,-2.0161916054794764,-0.0060738270150276,-22.80872371238408,0.0885254750757969,-0.6244439564388685,0.0,38.350030762523886,19.375901058439208,-40.93549760066503,0.3216265712556009,120.15150037326111,895.9969651424418,1.274,1.0150000015428002,1.0,10.46169369356772,300.0001285565649,0.1127681225614591,6.225653416697649e-06,-0.3131845935999245,-0.0013966704119726,0.0371144616318343,2.016200750459041,13.351492608287236,38.34907668800919,22.81744167084343
10.09,31.22053709991429,131.01377143775403,55.71563051144189,-2.0681726348463854,-0.0045572649249139,-22.41195265763256,0.0875674106382025,-0.3857750843701077,0.0,38.09804029340872,19.13403967898297,-41.11492993332354,0.3232049577024838,120.14910208113808,884.2812516788326,1.274,1.0150000015428002,1.0,10.454181357388585,300.0001285565649,0.1120268413103753,6.2224119636114335e-06,-0.3075748515149315,-0.0014118667824216,0.0362110032144452,2.068177653677252,13.444036064722416,38.09732443990905,22.41544361361358
10.1,31.22053623234757,131.0137731647866,55.47608370526886,-2.116214130502212,-0.0030333037842927,-22.024647490836102,0.086508914581643,-0.152161648337668,0.0,37.85022960223056,18.89567964847048,-41.29114810202528,0.3247892842031414,120.14670327328004,872.83505534133,1.274,1.0150000015428002,1.0,10.446665095479707,300.0001285565649,0.1112978557950995,6.218450597304959e-06,-0.3019056477902198,-0.0014228741787329,0.0353131820197053,2.116216303425546,13.53572756937972,37.84975313198655,22.025342995175354
10.11,31.220535375495214,131.0137748703083,55.23743101432983,-2.1603336222377263,-0.0015046433982345,-21.646566554981785,0.0853563505263683,0.0762469607933359,0.0,37.6065326457688,18.66074757504284,-41.46411805163181,0.3263769454368896,120.14430771750564,861.6515869905654,1.274,1.0150000015428002,1.0,10.439177541119868,300.0001285565649,0.1105809716645088,6.213792018105637e-06,-0.2961890175150314,-0.0014297844947946,0.034422253917097,2.160334145971409,13.626526407078082,37.60629629693652,21.64686912523059
10.12,31.220534529203974,131.01377655462733,54.999653048916656,-2.200515544393021,2.646926753520316e-05,-21.27742810201289,0.0841156281002873,0.2992922980015964,0.0,37.366853387972206,18.42917181647464,-41.63381262253269,0.327965360555849,120.14191910613584,850.7228315170503,1.274,1.0150000015428002,1.0,10.4317096683776,300.0001285565649,0.1098759063843551,6.208459563405775e-06,-0.2904364686535928,-0.0014326934525307,0.0335393515345385,2.200515544552112,13.7164021377339,37.36685754575503,21.279699197941255
10.13,31.220533693323592,131.01377821804564,54.762730891453934,-2.236680876712004,0.0015585364794611,-20.916877958882694,0.0827919938056932,0.5167808476369156,0.0,37.13104401031726,18.2008832071812,-41.80021124855895,0.3295519781764164,120.139541051487,840.0386019689157,1.274,1.0150000015428002,1.0,10.424181394769098,300.0001285565649,0.1091822251612382,6.202477087631356e-06,-0.284659098582274,-0.0014316992026044,0.0326654846628791,2.236681419436015,13.805337820536051,37.13128882465495,20.923424683964033
10.14,31.220532867706847,131.01377986085927,54.526646117375925,-2.2689213286766026,0.0030884952688173,-20.56476983181613,0.0813916117377608,0.7286580127484741,0.0,36.899089957555,17.97581613182663,-41.96329972171863,0.331134281005906,120.13717708188018,829.5949285566563,1.274,1.0150000015428002,1.0,10.41668021691294,300.0001285565649,0.1084998850621103,6.195868876007971e-06,-0.2788677866791149,-0.0014269003152053,0.0318017292940484,2.2689234296335146,13.893300582715447,36.89957509725712,20.577835778564726
10.15,31.220532052209386,131.01378148335831,54.29138078419378,-2.2972476825269865,0.0046142033359438,-20.220858724866087,0.0799199052817994,0.9348255643585058,0.0,36.6709087985957,17.753904456057352,-42.1230700672816,0.3327097899979512,120.13483063833375,819.3848785578734,1.274,1.0150000015428002,1.0,10.409205551451112,300.0001285565649,0.1078286435712779,6.188659451096373e-06,-0.2730727460729131,-0.0014183995540773,0.0309489972970462,2.2972523140347048,13.980273467308262,36.67163359596003,20.242613803509453
10.16,31.220531246689927,131.0137830858268,54.056917407638814,-2.3216265185329967,0.0061340714889782,-19.88485175006472,0.07838179582021,1.1351640124711817,0.0,36.44638280007017,17.535084517149127,-42.2795201620269,0.3342760690802009,120.13250507036082,809.4000949152265,1.274,1.0150000015428002,1.0,10.401707010251148,300.0001285565649,0.1071681543733621,6.180873495361856e-06,-0.2672837707978357,-0.0014063013844455,0.030108100827811,2.321634617633544,14.066250000736046,36.44734633776464,19.9173811070426
10.17,31.22053045100998,131.0137846685431,53.82323895470664,-2.3420833663304665,0.0076460455191389,-19.55652659778321,0.0767823601261467,1.3296056750732634,0.0,36.22543861456558,17.319295415915224,-42.43265349410264,0.335830729267099,120.13020363263956,799.6343579165676,1.274,1.0150000015428002,1.0,10.394187787009509,300.0001285565649,0.1065182016719043,6.172535778421142e-06,-0.2615103721599474,-0.0013907105581941,0.0292798377500867,2.3420958401160674,14.151221351478728,36.226639652583614,19.60182336803941
10.18,31.22052966503371,131.0137862317803,53.59032882576472,-2.3586925410231983,0.0091477069571652,-19.235714844500595,0.0751267718108594,1.5181287796397078,0.0,36.008037200629175,17.106477497384372,-42.58247900102082,0.3373714323715092,120.1279294822219,790.0830791181412,1.274,1.0150000015428002,1.0,10.386693736232417,300.0001285565649,0.1058786705481603,6.163671045781728e-06,-0.255761639491856,-0.0013717331517105,0.0284649662240825,2.3587102696907545,14.235177624098856,36.00947411907176,19.29567528236194
10.19,31.220528888627967,131.0137877758058,53.35817083964288,-2.3714861037556494,0.0106371658167222,-18.922200530482087,0.0734197494939338,1.7006930406975904,0.0,35.79410517229538,16.896571824562944,-42.72901082786802,0.3388958947369666,120.12568567564206,780.7402588370744,1.274,1.0150000015428002,1.0,10.379224325471014,300.0001285565649,0.1052493450991805,6.154303911929017e-06,-0.2500461353802864,-0.0013494772766657,0.0276641394139063,2.371509946211828,14.318118693628149,35.79577605438502,18.998616270509533
10.2,31.220528121662305,131.01378930088197,53.126749223694354,-2.380404316199904,0.0121135408752094,-18.615672226202097,0.0716652627610782,1.877202165467692,0.0,35.58350111408888,16.68952135967487,-42.872268025483535,0.3404018908985673,120.12347516605516,771.597067524483,1.274,1.0150000015428002,1.0,10.371686560738269,300.0001285565649,0.104629809391614,6.144458801842696e-06,-0.2443720280570092,-0.0013240517503272,0.0268779002728018,2.380435120313078,14.40005989048147,35.585403904625835,18.710218499881698
10.21,31.22052736400876,131.01379080726585,52.89604859689791,-2.38558150465366,0.0135741574952995,-18.316027224533087,0.0698682146624794,2.0476997430137263,0.0,35.376225479828285,16.485272396943582,-43.01227432449425,0.3418872568170055,120.12130080092275,762.6509784447502,1.274,1.0150000015428002,1.0,10.364169015203752,300.0001285565649,0.1040200646495791,6.134159932266106e-06,-0.2387473401440811,-0.0012955638377621,0.0261068716319946,2.385620101065968,14.480996807585854,35.37835770348163,18.43026882860898
10.22,31.22052661554165,131.01379229520998,52.66605396787104,-2.387066665980539,0.0150172838242301,-18.023070183887693,0.0680328389905825,2.2121823254555206,0.0,35.172213289299904,16.283770274164244,-43.149058051874405,0.3433498925563615,120.11916532042716,753.8966994328974,1.274,1.0150000015428002,1.0,10.35667489047999,300.0001285565649,0.1034199196971558,6.123431169297168e-06,-0.2331794752643382,-0.0012641231515633,0.0253515441971089,2.387113875824454,14.56093943204301,35.17457219869985,18.15845362253021
10.23,31.22052587613796,131.0137937649616,52.436750705048695,-2.3848660307702088,0.0164417087145144,-17.736563999566354,0.0661629432421022,2.370624525618111,0.0,34.97136849757361,16.084962282268716,-43.28265177626599,0.344787765380457,120.11707135517533,745.3277176609907,1.274,1.0150000015428002,1.0,10.349163308720282,300.0001285565649,0.1028290920196549,6.112296005102528e-06,-0.2276754562386235,-0.0012298394865605,0.0246123347842052,2.384922673457142,14.639906562854716,34.97395115510366,17.894410878462406
10.24,31.220525145676884,131.01379521676338,52.208124541655486,-2.37901578029288,0.0178460284797977,-17.456304812905277,0.0642623156568579,2.523026204271044,0.0,34.77361657193906,15.888797871748944,-43.4130920897787,0.346198912272881,120.11502142464768,736.9385628576582,1.274,1.0150000015428002,1.0,10.341618355353171,300.0001285565649,0.1022473623604912,6.100777532731064e-06,-0.2222420463824773,-0.0011928217029713,0.0238896398611686,2.379082676278534,14.717916648806424,34.776419819492126,17.63781076533343
10.25,31.220524424039866,131.01379665085355,51.980161557813126,-2.369633180767129,0.019228148745252,-17.182169342275415,0.0623350096148829,2.669446944016544,0.0,34.578938633456275,15.6952278108207,-43.54041945929172,0.3475814420711383,120.11301793610848,728.7262172625667,1.274,1.0150000015428002,1.0,10.3340956811482,300.0001285565649,0.1016746751088977,6.088898397239177e-06,-0.2168856900495952,-0.0011531781418139,0.0231838515582039,2.369711147433941,14.794980963841883,34.58195898394159,17.38840924141631
10.26,31.220523711110538,131.01379806746587,51.75284816761889,-2.356778151309169,0.020586631093212,-16.913976882031633,0.0603846090948906,2.8099166700093283,0.0,34.387273906428426,15.504202942446582,-43.664678043688006,0.3489335374487734,120.11106318363152,720.6859591912583,1.274,1.0150000015428002,1.0,10.32659482805846,300.0001285565649,0.1011108514644245,6.076680724215468e-06,-0.2116123361927305,-0.0011110179912998,0.0224952719739222,2.3568680117513625,14.871120783223704,34.39050764680908,17.145900150161623
10.27,31.22052300677483,131.0137994668295,51.52617111019983,-2.34041840436111,0.0219210253905931,-16.651461261857026,0.0584140478490035,2.944410636693336,0.0,34.1984988798323,15.315675708784564,-43.78591540999437,0.3502534568629597,120.10915934706848,712.8105416376419,1.274,1.0150000015428002,1.0,10.319029110451227,300.0001285565649,0.1005555281658014,6.064146109940432e-06,-0.2064275953058626,-0.001066449907837,0.0218241218252623,2.340521004291889,14.946372018852797,34.20194222636461,16.909882564748468
10.28,31.22052231092071,131.01380084916954,51.30011744772595,-2.3207044248342106,0.023229198276448,-16.394532055243435,0.056427031730342,3.073023152856765,0.0,34.01261495618853,15.129601350995804,-43.90418233944536,0.3515395360670844,120.10730849154052,705.0980409791932,1.274,1.0150000015428002,1.0,10.31147422172321,300.0001285565649,0.1000087092450492,6.051315639910036e-06,-0.2013369673607485,-0.0010195801093257,0.0211706875017752,2.320820615210082,15.020749065074105,34.01626379002127,16.6801479795087
10.29,31.22052162343808,131.013802214707,51.074674538571,-2.2977163841440724,0.0245097892285426,-16.14296628668326,0.0544267927691661,3.195808934399276,0.0,33.82957371711907,14.945934228805744,-44.019532764149965,0.3527901891452059,120.1055125675132,697.5445080417398,1.274,1.0150000015428002,1.0,10.303940110060164,300.0001285565649,0.0994702522450667,6.0382097952209554e-06,-0.1963454303910842,-0.0009705156666772,0.020535162794421,2.2978470335644867,15.094277492813257,33.83342370569072,16.456351890803433
10.3,31.220520944219007,131.01380356365874,50.84983004327808,-2.2714833758978927,0.0257620184175694,-15.896627917892076,0.0524161147454602,3.312799492053063,0.0,33.6492937745371,14.76463083637594,-44.13202346802868,0.3540039097702116,120.10377341043932,690.144713886674,1.274,1.0150000015428002,1.0,10.296388971633217,300.0001285565649,0.098939917769492,6.024848458784528e-06,-0.1914576546942645,-0.0009193633059685,0.0199176868574589,2.2716293845675364,15.166991225575506,33.65334046279086,16.238231648906165
10.31,31.22052027315743,131.01380489623773,50.62557189970878,-2.24205376994592,0.0269850026275445,-15.655334759322653,0.0503977406254058,3.424039164481744,0.0,33.47170608010456,14.585648488640247,-44.24171391048024,0.3551792723196014,120.10209274050192,682.8940325190803,1.274,1.0150000015428002,1.0,10.28879835698336,300.0001285565649,0.0984175027081246,6.011250925660276e-06,-0.1866780664680422,-0.0008662276871804,0.0193183805010115,2.2422160747744284,15.238923964207553,33.47594487424844,16.02548253746579
10.32,31.2205196101492,131.01380621265315,50.40188833199044,-2.209571853837001,0.0281770151560974,-15.418990197370777,0.0483747322095357,3.5296337813192165,0.0,33.29680411481277,14.40894592808554,-44.348666086516296,0.3563149320540892,120.100472163599,675.7904623854646,1.274,1.0150000015428002,1.0,10.281227537153208,300.0001285565649,0.0979029878094804,5.997435889295907e-06,-0.182010847587914,-0.0008112119587269,0.0187373743058424,2.2097514176544792,15.310097134412567,33.30123014982509,15.817898515655049
10.33,31.22051895509197,131.0138075131105,50.17876783461224,-2.1741155757688966,0.0293370499175963,-15.187438800839148,0.0463497088124132,3.629654428021519,0.0,33.12453705487397,14.234481650305188,-44.4529443867671,0.3574096254017836,120.09891317207064,668.8302444943931,1.274,1.0150000015428002,1.0,10.2736761147491,300.00012855656485,0.0973962235536011,5.983421395868341e-06,-0.177459738635102,-0.0007544193014298,0.0181747262139888,2.174313405694209,15.38054244980658,33.12914530769756,15.615211714594128
10.34,31.220518307885364,131.01380879781132,49.95619915850843,-2.13566246076174,0.0304651425922817,-14.96044195421266,0.0443246887743788,3.724115039764096,0.0,32.95479107175976,14.062215500056812,-44.5546153446282,0.3584621702205002,120.09741714535444,662.0071565301052,1.274,1.0150000015428002,1.0,10.266056205430356,300.0001285565649,0.0968968751702371,5.96922486344893e-06,-0.1730282011933333,-0.0006959516199778,0.0176304325698011,2.135879641117909,15.45030756116094,32.959576524942186,15.41706265709517
10.35,31.22051766843071,131.0138100669537,49.7341713150362,-2.094385548299009,0.0315595230661726,-14.737930506239294,0.0423024478551388,3.813144760816532,0.0,32.78757731782301,13.892109830162008,-44.65374747639963,0.35947146569314,120.09598535106636,655.3200896791424,1.274,1.0150000015428002,1.0,10.258445359869445,300.0001285565649,0.0964049753733148,5.954863124743313e-06,-0.1687196427269683,-0.0006359077774293,0.017104554013592,2.094623208303492,15.519412018194606,32.7925346758631,15.22328670395378
10.36,31.22051703663095,131.01381132073251,49.51267356106487,-2.050379355038259,0.0326192496953175,-14.519768195365424,0.0402852957626365,3.896832111728569,0.0,32.62285586101899,13.724125924003731,-44.75041125027533,0.3604364918351258,120.09461894654042,648.7659174189739,1.274,1.0150000015428002,1.0,10.25085300834544,300.0001285565649,0.0959204066746675,5.940352355747194e-06,-0.1645370087381435,-0.0005743867868745,0.0165970766684383,2.050638695815645,15.58788727517887,32.62797968050263,15.03364865424222
10.37,31.220516412390914,131.0138125593388,49.29169538605336,-2.003677463142955,0.0336440343285743,-14.305771051196682,0.038275153313681,3.975232897394272,0.0,32.46054964682968,13.558226257123344,-44.84467882165086,0.3613563091780596,120.09331898002316,642.340098736096,1.274,1.0150000015428002,1.0,10.243236120527344,300.0001285565649,0.0954429424377771,5.925708104266868e-06,-0.1604829660316388,-0.0005114863720699,0.0161079421256993,2.0039597889893583,15.655774666755455,32.46583443908017,14.847862706300319
10.38,31.220515795617004,131.01381378296043,49.0712265239808,-1.9543506601981728,0.0346332985604617,-14.095788994307592,0.0362739828607389,4.048424720616848,0.0,32.300605926241005,13.394374967937395,-44.93662387343689,0.3622300581046586,120.0920863922757,636.0391321537376,1.274,1.0150000015428002,1.0,10.235582050577866,300.00012855656485,0.0949724274938125,5.910945320003702e-06,-0.1565600392398466,-0.0004473019165597,0.0156370938228201,1.954657387667704,15.723110207700056,32.30604611172608,14.665685319560666
10.39,31.22051518621724,131.01381499178203,48.851256919547616,-1.9025525944332409,0.035585738017069,-13.88973980625113,0.0342839922411024,4.116533314210937,0.0,32.1430222919137,13.232536956647715,-45.026321534599816,0.3630569579051148,120.09092201848576,629.8615506408897,1.274,1.0150000015428002,1.0,10.22794562166728,300.0001285565649,0.0945088546938181,5.896078351045017e-06,-0.1527705411176118,-0.000381927019786,0.0151844812241734,1.9028852445342608,15.789916288815132,32.14861208621068,14.486955988215387
10.4,31.2205145841012,131.01381618598506,48.63177674209384,-1.8483711838525207,0.0365007405455655,-13.6874897260611,0.0323070118497136,4.179651172288536,0.0,31.98775593478564,13.072676866941151,-45.11384825876348,0.3638363057380291,120.0898265902342,623.804333430767,1.274,1.0150000015428002,1.0,10.220326485731295,300.0001285565649,0.094052098098296,5.881120920393692e-06,-0.1491164159049441,-0.0003154547151926,0.0147500001162902,1.8487314232035843,15.856225493567528,31.99348945731525,14.31146053574043
10.41,31.22051398918009,131.01381736574774,48.41277637466468,-1.791774255985933,0.0373788971912354,-13.488815374985668,0.0303442650222919,4.237806080393992,0.0,31.83469412540376,12.914760455519936,-45.199281613063135,0.3645674755617932,120.08880073742608,617.8617976414439,1.274,1.0150000015428002,1.0,10.212626267973544,300.0001285565649,0.0936018261865208,5.866086156801169e-06,-0.1455993851070292,-0.0002479763632561,0.0143334968898974,1.7921639743272273,15.922090973035171,31.840565588428035,14.138884728644397
10.42,31.220513401366624,131.0138185312452,48.19424640506477,-1.732972818609362,0.0382185420231758,-13.293684134584156,0.0283978655910741,4.291156262514599,0.0,31.683869345991383,12.758755921708048,-45.28270015052836,0.3652499168095421,120.08784499051086,612.0339724674641,1.274,1.0150000015428002,1.0,10.204942715318852,300.0001285565649,0.0931581343986436,5.850986652755157e-06,-0.1422211907109644,-0.0001795798175256,0.0139348911118734,1.7333940698959458,15.98752360600006,31.68987270008874,13.969139786621898
10.43,31.22051282057484,131.0138196826499,47.97617761492359,-1.6720569723460188,0.0390192177810063,-13.101970951608015,0.0264693559494313,4.339799155772613,0.0,31.53524161612621,12.604629887575896,-45.364183421823206,0.3658831527622402,120.08695978306152,606.318094840827,1.274,1.0150000015428002,1.0,10.19727566643942,300.0001285565649,0.0927209051175331,5.835834390682978e-06,-0.1389831243441845,-0.0001103530469698,0.013554028374157,1.6725120585200477,16.052554098276563,31.541370740048933,13.802036087332525
10.44,31.22051224672042,131.0138208201311,47.75856098267832,-1.6090443700120358,0.0397812079176994,-12.913500283982426,0.0245598945860123,4.383794548098493,0.0,31.3887304377504,12.452350272754428,-45.443811717208334,0.3664667791507038,120.08614545396556,600.7098974232256,1.274,1.0150000015428002,1.0,10.18956682405284,300.0001285565649,0.0922899015968833,5.8206407927426204e-06,-0.135886277316379,-4.0382252867235926e-05,0.0131907227331593,1.6095359309807356,16.117225806711165,31.394979254775595,13.637329189132833
10.45,31.220511679720406,131.0138219438551,47.54138768158671,-1.5440477955816414,0.0405039448328183,-12.728170816531009,0.0226709191083893,4.423251237529575,0.0,31.2443116159856,12.301886666123684,-45.521665951770565,0.3670004624636062,120.08540224997093,595.2073319595338,1.274,1.0150000015428002,1.0,10.181833192232991,300.0001285565649,0.0918650526368412,5.8054167610087215e-06,-0.1329316849469728,3.024919571770004e-05,0.0128448126678285,1.5445788317283549,16.181564087960318,31.25067396023208,13.474865409927915
10.46,31.22051111949319,131.0138230539858,47.324649051892656,-1.477210511351419,0.0411866240325414,-12.545904897582604,0.0208039050848795,4.458295064735928,0.0,31.101978050047418,12.15320867039688,-45.5978276333494,0.3674839380611424,120.08473032844924,589.8090314862898,1.274,1.0150000015428002,1.0,10.174115315349084,300.0001285565649,0.0914463372990123,5.790172659847929e-06,-0.130120150836559,0.0001014593934703,0.0125161257935405,1.4777844419823782,16.245587062096682,31.10844762926458,13.314524301900638
10.47,31.220510565958527,131.013824150684,47.10833662170305,-1.4085979386796843,0.0418292256867584,-12.366570950780618,0.0189599524173999,4.489013635386165,0.0,30.961678954805336,12.0062859430159,-45.67237872977638,0.3679170083271499,120.08412976005476,584.5120003489768,1.274,1.0150000015428002,1.0,10.166392652766204,300.0001285565649,0.0910336062049112,5.774918316428084e-06,-0.1274522002622506,0.0001731675121006,0.0122044501981776,1.409218749681335,16.30932642382573,30.96824947362781,13.156127088895486
10.48,31.22051001903756,131.01382523410788,46.8924420950592,-1.3382251945387655,0.0424322486269062,-12.190006024533698,0.0171398859629334,4.515468856163918,0.0,30.823337414488943,11.86108934846621,-45.7454015094126,0.3682995407750059,120.08360053140036,579.312310515018,1.274,1.0150000015428002,1.0,10.158606067096947,300.0001285565649,0.0906266331488445,5.759663059177053e-06,-0.1249282332235315,0.0002452949210683,0.0119095581308494,1.3388976210323973,16.37282322739043,30.83000265590775,12.99946151364913
10.49,31.220509478652698,131.01382630441313,46.676957329072806,-1.266287030602376,0.0429945427858607,-12.016176253203776,0.0153451226518382,4.53781134184704,0.0,30.686976844928623,11.717591215333224,-45.816978469377005,0.3686314659843632,120.08314254792867,574.2098546488824,1.274,1.0150000015428002,1.0,10.150834524649008,300.0001285565649,0.0902254869215882,5.744415750759609e-06,-0.1225486192638817,0.0003177658633909,0.0116312639655952,1.2670166035221084,16.436081059944176,30.693730411282832,12.844471923556965
10.5,31.220508944727577,131.01382736175287,46.46187435182136,-1.192874724689756,0.0435159766330159,-11.844977057758088,0.0135766363999872,4.556142899630661,0.0,30.55256313512264,11.575762795865556,-45.8871923181066,0.3689127754225991,120.08275563690556,569.20238054392,1.274,1.0150000015428002,1.0,10.143077732361476,300.0001285565649,0.0898300671744282,5.729184741814353e-06,-0.1203133784670091,0.000390505007952,0.0113693315942894,1.1936680758966398,16.499122498196012,30.559398608090685,12.691024542791109
10.51,31.220508417187183,131.01382840627747,46.247185348429866,-1.1179669654673177,0.0439975149041541,-11.676231371831587,0.0118349154567105,4.570510219305769,0.0,30.420003065966046,11.435576380204656,-45.95612577513622,0.3691435194287324,120.08243955015185,564.2854792674324,1.274,1.0150000015428002,1.0,10.13525043991051,300.0001285565649,0.0894400997719831,5.713977914343847e-06,-0.1182223779139945,0.0004634388875942,0.0111234950310911,1.1188322803351336,16.561992953097374,30.426914178766783,12.538902774108527
10.52,31.22050789595769,131.01382943813508,46.03288265610186,-1.041747886167655,0.0444382315771925,-11.509904824999172,0.0101211139524458,4.581057210990865,0.0,30.289315581474447,11.29700620705946,-46.02386148344363,0.3693238050325094,120.0821939669746,559.4589581770075,1.274,1.0150000015428002,1.0,10.127422462416192,300.0001285565649,0.0890556403602495,5.698802733493952e-06,-0.1162755328747592,0.0005364973724126,0.0108935407940265,1.0426951602214067,16.62469265527023,30.29629592186769,12.388062668870312
10.53,31.22050738096642,131.0138304574713,45.81895875716109,-0.9643279918483848,0.0448379298023684,-11.345915097923193,0.0084360711894389,4.587894422902103,0.0,30.160479626032245,11.16002541671476,-46.09048203707228,0.3694537936161448,120.08201849729043,554.7211538646137,1.274,1.0150000015428002,1.0,10.119608570520752,300.0001285565649,0.0886766269798102,5.68366619545404e-06,-0.1144724506604033,0.0006096109425598,0.0106792171608814,0.9653697353725996,16.687235412468517,30.167522750856826,12.238408222161688
10.54,31.220506872141904,131.0138314644295,45.605406285016265,-0.8857257763712818,0.0451973078126673,-11.184123056627657,0.0067802391639146,4.591089019777622,0.0,30.03342695301997,11.024607835434807,-46.15606980469203,0.3695336987864191,120.08191268443204,550.0686999893384,1.274,1.0150000015428002,1.0,10.111755469858474,300.0001285565649,0.0883028589235085,5.668574859403664e-06,-0.1128125683387912,0.0006827116765143,0.0104802461605814,0.8868781115990214,16.74965414615023,30.040526528792974,12.089778860878976
10.55,31.22050636941388,131.01383245915048,45.39221801123852,-0.8060380853809105,0.0455163628967949,-11.024444819837846,0.0051542766376529,4.590743231811806,0.0,29.908132191854463,10.890728743810456,-46.22070683206707,0.3695637841488,120.08187600807092,545.4998481825902,1.274,1.0150000015428002,1.0,10.103868347955972,300.0001285565649,0.0879342615483068,5.653534888802048e-06,-0.1112953136753942,0.0007557344178919,0.0102963707883288,0.8073221152065051,16.811962846535486,29.915281884667184,11.942082463818574
10.56,31.22050587271314,131.013833441773,45.17938683860327,-0.7254190515234982,0.0457945903262266,-10.866835663145649,0.0035589881181343,4.586985727635003,0.0,29.784599856279645,10.758363529094373,-46.28447483673933,0.3695443609742411,120.08190788727248,541.0139624706841,1.274,1.0150000015428002,1.0,10.09599467686084,300.0001285565649,0.087570848076334,5.638552039952577e-06,-0.1099199743240265,0.0008286157437911,0.0101273373122373,0.7268630082471071,16.874160012503552,29.791793252940906,11.795277362645518
10.57,31.220505381971588,131.0138344124335,44.96690580804887,-0.643924116968346,0.0460324356999756,-10.711190855920748,0.0019947928029263,4.579900840174752,0.0,29.66278415058182,10.62748733101228,-46.34745512776183,0.3694757859535323,120.0820076834144,536.6085951899928,1.274,1.0150000015428002,1.0,10.088110352397596,300.0001285565649,0.0872124838135428,5.623631653326864e-06,-0.108685608891974,0.0009012932428653,0.0099728597024886,0.6455673197548971,16.936265330266416,29.67001490789503,11.649253419725744
10.58,31.22050489712229,131.01383537126625,44.754768090724944,-0.5615662991031427,0.0462307651267439,-10.557383629938844,0.0004619071474701,4.569552613921136,0.0,29.542619812967992,10.498076410949864,-46.40972847447552,0.3693584590231568,120.0821747029956,532.2806351813272,1.274,1.0150000015428002,1.0,10.080161429266592,300.0001285565649,0.086858976834853,5.608778692332062e-06,-0.1075912162819995,0.000973706742321,0.0098326466274948,0.5634659914262256,16.998307694943,29.54988172378461,11.503875886606757
10.59,31.22050441809932,131.0138363184033,44.54296697904525,-0.4785407224511565,0.0463887786950297,-10.405403368535117,-0.0010388944181027,4.556084905628013,0.0,29.424134431174323,10.370108204217356,-46.47137507231392,0.3691928210994355,120.08240820056312,528.03035196275,1.274,1.0150000015428002,1.0,10.072225349531664,300.0001285565649,0.086510408205875,5.593997767636794e-06,-0.1066358054399343,0.0010457987895955,0.0097064450017582,0.4807838306292865,17.060269507879067,29.4314211626961,11.359151817301985
10.6,31.220503944837755,131.01383725397474,44.3314958866885,-0.394933276100879,0.0465067176072752,-10.255174282745596,-0.0025072341310174,4.539594616963353,0.0,29.307300511713223,10.243559071182569,-46.532474548572296,0.3689793517864088,120.08270738166902,523.8560401855688,1.274,1.0150000015428002,1.0,10.064301862234387,300.00012855656485,0.0861666970469054,5.579293091650161e-06,-0.1058181045384723,0.0011175124015967,0.0095939636729682,0.3976620840616258,17.12215769407149,29.314605769029924,11.215013381270317
10.61,31.22050347727379,131.01383817810847,44.12034835555738,-0.3106878861100124,0.046586159410342,-10.106539387648908,-0.0039432537410234,4.520115736967102,0.0,29.19202254208232,10.118406241905664,-46.5931058015469,0.3687185673096128,120.0830714055107,519.7535979843939,1.274,1.0150000015428002,1.0,10.05629096236248,300.0001285565649,0.0858275624964187,5.5646685161247984e-06,-0.1051367439423063,0.0011887923932633,0.009494886880404,0.3141611235537213,17.184014342367437,29.19934027808415,11.071296230294196
10.62,31.220503015344608,131.01383909093033,43.90951803291428,-0.2260272885634196,0.0466261217136584,-9.959512460510894,-0.0053462380780617,4.497800172925419,0.0,29.078343513935845,9.99462892467286,-46.65334694450805,0.368411018366566,120.08349938768568,515.723899005777,1.274,1.0150000015428002,1.0,10.04828988773588,300.0001285565649,0.0854931309114355,5.550127583433001e-06,-0.104590480325408,0.0012595870343637,0.0094089618052352,0.2307863061882536,17.245808025060647,29.08566752719952,10.928042982570176
10.63,31.22050255898825,131.01383999256447,43.698998679335055,-0.1410378799896064,0.046626905790287,-9.814027986646416,-0.0067159360659257,4.472743110610294,0.0,28.96623920416732,9.87220468309282,-46.71327537808676,0.3680572878540662,120.08399040311478,511.765427224872,1.274,1.0150000015428002,1.0,10.040300833235136,300.0001285565649,0.0851633310306751,5.535673454144841e-06,-0.1041777613214669,0.0013298446913383,0.0093358916914158,0.1485454393253887,17.307540171056036,28.973563340593422,10.785203816339688
10.64,31.22050210814392,131.0138408831327,43.48878417367939,-0.0556902708934102,0.0465898986272143,-9.669957166489375,-0.0080525127259181,4.444989807017451,0.0,28.855631588140906,9.751111981270329,-46.772967613218135,0.3676579889455449,120.08454348848494,507.8747950112146,1.274,1.0150000015428002,1.0,10.032246191583257,300.0001285565649,0.0848379334129107,5.521308949013037e-06,-0.1038969454473865,0.0013995154402817,0.0092753607228219,0.0726087063808104,17.36924200785394,28.862949911497356,10.642653373533758
10.65,31.22050166275167,131.0138417627551,43.27886849420347,0.0298594646324973,0.0465147932778223,-9.527282443076906,-0.0093555893980092,4.414660898521232,0.0,28.74653305011838,9.631330878325937,-46.832499220094334,0.3672137630681835,120.08515764483444,504.0518355548705,1.274,1.0150000015428002,1.0,10.024177573195104,300.0001285565649,0.0845169744283531,5.507036589072362e-06,-0.1037464795718115,0.001468552377108,0.0092270961952458,0.0552739850754386,17.430893158178293,28.75383957595803,10.500401379287686
10.66,31.220501222752425,131.01384263155,43.06924572651301,0.1154941945222242,0.0464016595347499,-9.385965977652935,-0.0106249335312586,4.38186136592168,0.0,28.638937246819545,9.512840608191008,-46.89194487880245,0.3667252777941692,120.08583184026008,500.2957293970224,1.274,1.0150000015428002,1.0,10.016120424652716,300.0001285565649,0.0842004353868855,5.4928585502854655e-06,-0.1037246178658617,0.0015369094197675,0.0091908080255387,0.1244669436426789,17.49248141680286,28.646226001658228,10.358435173954991
10.67,31.22050078808814,131.01384348963376,42.85991005262848,0.2012206623244623,0.0462517201870082,-9.24590355031572,-0.0118607341031889,4.346644923138952,0.0,28.532781005236053,9.395620669802948,-46.95137826892928,0.3661932249942484,120.0865650122694,496.60369039900814,1.274,1.0150000015428002,1.0,10.008016331855869,300.0001285565649,0.0838881305159434,5.478776676807806e-06,-0.1038294865776526,0.0016045417446955,0.0091661824906137,0.2064678371354074,17.5540277497284,28.54004620766477,10.216662626641046
10.68,31.22050035870163,131.01384433712076,42.650855757944186,0.28694288119686,0.0460652660908868,-9.107052464903754,-0.0130629016165175,4.309104939723767,0.0,28.428050877392863,9.27965194658898,-47.01087199627879,0.3656183190079967,120.08735607011852,492.97469728719045,1.274,1.0150000015428002,1.0,9.99987765284084,300.00012855656485,0.0835800202392937,5.464792519434776e-06,-0.1040592696480837,0.0016714071659861,0.0091529327580644,0.290616943876694,17.615522869969386,28.435286791690157,10.075066283626127
10.69,31.22049993453657,131.01384517412396,42.44207722327562,0.3725168054235903,0.0458421607196528,-8.969399014612044,-0.0142312213391594,4.269353692969443,0.0,28.32475579684719,9.164915180546815,-47.07049762594337,0.3650012947240626,120.08820389728056,489.4085164843775,1.274,1.0150000015428002,1.0,9.991749913588768,300.0001285565649,0.0832761307840887,5.4509073127968175e-06,-0.1044120571317218,0.0017374649213339,0.009150776622353,0.3753268501071625,17.67694147762093,28.331956665845983,9.933665092334055
10.7,31.22049951553748,131.0138460007544,42.23356892088365,0.4579308243020789,0.0455834917975075,-8.832860075965678,-0.0153659077486522,4.227450711013896,0.0,28.22284488397341,9.051390845147392,-47.13032562852378,0.3643429058384732,120.08910735367851,485.9028578074043,1.274,1.0150000015428002,1.0,9.98359055240494,300.0001285565649,0.0829763125242924,5.437121964313204e-06,-0.1048857795735847,0.0018026751065473,0.0091594042800518,0.4601939268683661,17.73829522001984,28.230005121365863,9.79239463802196
10.71,31.22049910164982,131.01384681712128,42.025325420439046,0.5431414609416477,0.0452900629557501,-8.697373874756755,-0.0164671144655504,4.183466195677236,0.0,28.12228372627849,8.93906062849726,-47.190425288748365,0.3636439232387692,120.09006527775637,482.4560283694525,1.274,1.0150000015428002,1.0,9.975379322601835,300.0001285565649,0.0826804642494414,5.423437091536432e-06,-0.1054784016425188,0.0018670001259549,0.009178519721252,0.5450263984011064,17.79958543173642,28.12939787199076,9.651216135468852
10.72,31.22049869281981,131.0138476233323,41.81734137112896,0.627981987967812,0.0449615606285194,-8.562947283391555,-0.0175346449771447,4.137517324872194,0.0,28.02309390066846,8.82790662708929,-47.2508647250391,0.3629051332883954,120.09107648869674,479.0682731294086,1.274,1.0150000015428002,1.0,9.967178520853746,300.0001285565649,0.0823886493605867,5.4098530175111e-06,-0.1061878755229689,0.0019304042874991,0.0092078495283849,0.629589420334239,17.860774655311772,28.03015644537184,9.510174722660716
10.73,31.220498288994463,131.01384841949363,41.60961151557496,0.7124271524556632,0.0445989707933005,-8.429514773551722,-0.0185687420788572,4.089666901466211,0.0,27.925234235146306,8.717910235955436,-47.31171088237192,0.3621273362086365,120.0921397885146,475.73769541394336,1.274,1.0150000015428002,1.0,9.958957960889464,300.0001285565649,0.0821007467753774,5.396369739928846e-06,-0.1070119695347554,0.0019928524091235,0.0092470892740901,0.7138216956923783,17.921866558150356,27.932239824388947,9.369228328985123
10.74,31.220497890121703,131.01384920570953,41.40213068287421,0.7964773860996776,0.0442035173305427,-8.297001438031488,-0.0195697573170403,4.039966141608329,0.0,27.828654305052552,8.609053935001937,-47.37302942694074,0.3613113446880058,120.0932539638524,472.4621104803352,1.274,1.0150000015428002,1.0,9.950671712409758,300.0001285565649,0.0818166082098686,5.382986967936391e-06,-0.1079484696765347,0.0020543113432537,0.0092959380989496,0.7977029846055795,17.982872037344833,27.83559777662917,9.22832283047357
10.75,31.220497496150173,131.01384998208275,41.19489378164125,0.8799479406615455,0.0437747431439777,-8.165431167254985,-0.0205375140248318,3.988534819159257,0.0,27.73338566929876,8.501321029335921,-47.43488475629973,0.3604579823767463,120.09441778794331,469.24213759791087,1.274,1.0150000015428002,1.0,9.942395397344225,300.0001285565649,0.0815363264139161,5.36970413133156e-06,-0.108995213572637,0.0021147502049477,0.0093541319872241,0.8810360127429671,18.04374281296866,27.740261789203505,9.087524302047681
10.76,31.220497107029264,131.01385074871465,40.9878957960315,0.962805073509752,0.0433135700995021,-8.034752510512009,-0.0214722875352986,3.9354365608423456,0.0,27.639394251970984,8.394693789074502,-47.49734002895647,0.3595680824037232,120.095630022554,466.0761740176069,1.274,1.0150000015428002,1.0,9.934107589719742,300.0001285565649,0.0812598011703663,5.356520334498844e-06,-0.1101498378724336,0.002174138325324,0.0094213729768075,0.9637787600586952,18.104476300389575,27.64619793100422,8.94680780439178
10.77,31.22049672270921,131.01385150570488,40.781131801647696,1.0450834771019737,0.0428215421613469,-7.904883273478938,-0.0223745825572627,3.8807078557732018,0.0,27.54661864583865,8.289155479063242,-47.56045704923117,0.3586424862146017,120.09688941950184,462.9617198701481,1.274,1.0150000015428002,1.0,9.925743872642306,300.0001285565649,0.0809868519093395,5.343434393247772e-06,-0.1114099876268067,0.0022324468535434,0.0094973592367326,1.0459603028905404,18.165091243210465,27.55334503732593,8.806110018114214
10.78,31.220496343140983,131.01385225315155,40.5745969406868,1.1265854910298931,0.0422980965606396,-7.775860797034819,-0.0232442452492693,3.824468848516159,0.0,27.455097704815813,8.18469047394886,-47.62429627208223,0.3576820422736953,120.09819472237032,459.8996674146224,1.274,1.0150000015428002,1.0,9.917389609914888,300.0001285565649,0.0807175928291486,5.330444853561009e-06,-0.1127734064295741,0.002289649438382,0.0095818364624248,1.1273791584892798,18.22553026774129,27.46174187368309,8.665512875939351
10.79,31.220495968276182,131.0138529911516,40.36828643287599,1.20727449294702,0.0417441331143442,-7.647644179467219,-0.0240815892239068,3.766781613865707,0.0,27.36480181462308,8.081281878242564,-47.68891685958098,0.3566876047227113,120.09954466829134,456.8886109312221,1.274,1.0150000015428002,1.0,9.909028382163838,300.0001285565649,0.0804519368321938,5.317549934931723e-06,-0.1142376270556038,0.0023457197072898,0.0096745138782792,1.207995867571933,18.285786642365757,27.37135896713909,8.525003527579043
10.8,31.22049559806728,131.01385371980007,40.16219557547265,1.2872087206437477,0.0411614079138067,-7.520149700922669,-0.0248872276286479,3.707672246745169,0.0,27.275663684757568,7.978913740246867,-47.75437656012922,0.3556600324435146,120.10093798919208,453.9259091810845,1.274,1.0150000015428002,1.0,9.900584760982882,300.0001285565649,0.0801896860548244,5.3047475677815375e-06,-0.1158001886263319,0.0024006329498011,0.0097750922696517,1.287866556344056,18.34588453398041,27.282129303037088,8.384515751530957
10.81,31.2204952324674,131.0138544391909,39.95631973431762,1.3661831766776469,0.0405492948478506,-7.393424582703056,-0.0256610339081433,3.6472591045753737,0.0,27.187726753680128,7.877571371090863,-47.82073171210668,0.3546001879572365,120.10237341327496,451.012628803333,1.274,1.0150000015428002,1.0,9.89215012930764,300.00012855656485,0.0799309681746971,5.292035417503873e-06,-0.1174587586018886,0.0024543670675069,0.0098833270361258,1.3667846962572603,18.40575958881028,27.19409622148853,8.244142437190606
10.82,31.220494871430297,131.01385514941663,39.75065434482944,1.4441644438738512,0.0399087182970827,-7.267434938527315,-0.026403367338665,3.5856003953605486,0.0,27.10096321381136,7.777238674152947,-47.8880373174164,0.3535089362296098,120.10384966663337,448.1474667351492,1.274,1.0150000015428002,1.0,9.883709180771284,300.0001285565649,0.0796757014080588,5.279410821844996e-06,-0.1192107910810037,0.0025068997626807,0.0099989349384518,1.4447156500302496,18.46540339489606,27.107232060115276,8.10387795556819
10.83,31.22049451491054,131.01385585056812,39.545194910016406,1.5212225022996988,0.0392415305668361,-7.142101212881652,-0.0271149044677773,3.522716227896717,0.0,27.015305052774067,7.677900484543842,-47.956346919244886,0.352387143947757,120.1053654742404,445.32781120013766,1.274,1.0150000015428002,1.0,9.875183230585955,300.0001285565649,0.0794236857719284,5.266870829420503e-06,-0.1210537517483669,0.0025582103074696,0.0101216228227425,1.5217284374591258,18.52484237874716,27.02146909749938,7.963659622019059
10.84,31.22049416286331,131.0138565427351,39.33993700544737,1.5971510750717908,0.0385470891146824,-7.017476941118519,-0.0277955520873447,3.458721070150339,0.0,26.930797562708683,7.579542922141821,-48.025712608709966,0.3512356785989677,120.10691956121632,442.5548071706159,1.274,1.0150000015428002,1.0,9.866665818352542,300.0001285565649,0.0791750543943534,5.254412224809335e-06,-0.1229852473363524,0.0026082805701393,0.0102511554560048,1.597616052059121,18.584007692050346,26.93685252485091,7.82358655943346
10.85,31.2204938152444,131.0138572260061,39.13487626334624,1.6719265277024795,0.0378263941799108,-6.893531720467429,-0.0284457242795405,3.393666994512964,0.0,26.847412069385506,7.482150658280843,-48.09618510568736,0.3500554074287055,120.10851065426638,439.827162226476,1.274,1.0150000015428002,1.0,9.858138715180852,300.0001285565649,0.0789297229457622,5.242031464629908e-06,-0.125002676026236,0.0026570921042982,0.0103872571090448,1.6723542519411774,18.642892052170097,26.853353825057248,7.683655667061551
10.86,31.220493472010336,131.013857900468,38.93000839147992,1.745617669937973,0.0370812702080448,-6.770195789477856,-0.0290661153110466,3.327572611877596,0.0,26.76508505557302,7.385709322602968,-48.16781363932562,0.3488471969139551,120.110137482433,437.1424620419235,1.274,1.0150000015428002,1.0,9.849528018761312,300.0001285565649,0.0786875046614981,5.2297247176288574e-06,-0.12710346021367,0.002704628008604,0.0105296441229391,1.7460113529787633,18.70152022373741,26.77090976746997,7.5438143769740815
10.87,31.220493133118296,131.01385856620664,38.725329152282654,1.8180235033713184,0.036311109849803,-6.647525440558046,-0.0296566731015482,3.2605464406130844,0.0,26.683860917833503,7.290205720688142,-48.24064596192864,0.3476119119994037,120.11179877817804,434.501836270879,1.274,1.0150000015428002,1.0,9.84092542108208,300.0001285565649,0.0784485300371527,5.217487886583252e-06,-0.1292851589505779,0.0027508738284434,0.0106780899511251,1.8183859636999984,18.759821705570435,26.68956465324909,7.404163497149462
10.88,31.22049279852597,131.01385922330647,38.52083436882052,1.889137262253288,0.0355170453039982,-6.525490232034909,-0.0302178775415928,3.1926321797694897,0.0,26.60370742615593,7.195625265062088,-48.314728427265024,0.3463504152152532,120.11349327862924,431.9039133495551,1.274,1.0150000015428002,1.0,9.83230559185892,300.0001285565649,0.0782127042914528,5.205316547724042e-06,-0.1315451349759019,0.0027958147455327,0.0108323259676813,1.8894709838957455,18.81779347517395,26.609286430228845,7.2646979375474245
10.89,31.220492468191832,131.01385987185083,38.31651993175036,1.9590125440058035,0.0347007407126167,-6.404035774468168,-0.0307503940025098,3.1238515176474784,0.0,26.524570824042847,7.101954391592039,-48.390105878093856,0.3450635663257863,120.11521972612216,429.3466416013819,1.274,1.0150000015428002,1.0,9.82360773670203,300.0001285565649,0.0779798693581935,5.193205992812857e-06,-0.1338807953801157,0.0028394375331621,0.0109920815512359,1.9593197339157271,18.875453955444492,26.530021603314463,7.125381961109725
10.9,31.220492142074868,131.0138605119217,38.11238178440868,2.0274607032549574,0.0338616803836674,-6.283217576429677,-0.0312542211380503,3.054304991338709,0.0,26.446491847322743,7.009180472634196,-48.46682167158416,0.343752221694052,120.11697686913156,426.831043967738,1.274,1.0150000015428002,1.0,9.81491755230454,300.0001285565649,0.0777501449711129,5.181151243603548e-06,-0.1362896623504172,0.0028817311223566,0.0111571378027917,2.027743336327442,18.932734170938463,26.451810827329687,6.98631368600139
10.91,31.22049182013461,131.01386114359997,37.908415927781824,2.094499451956049,0.0330011894978082,-6.163001652984304,-0.0317299175964116,2.984025704744529,0.0,26.369432008303427,6.917289638882364,-48.544917745269984,0.3424172335723056,120.11876346330608,424.35558207765456,1.274,1.0150000015428002,1.0,9.806198283785545,300.0001285565649,0.077523417953979,5.169146999260933e-06,-0.1387690815286199,0.0029226841018253,0.0113272324094259,2.094759305405893,18.98963878637396,26.374615822741102,6.847481695407007
10.92,31.22049150233133,131.01386176696522,37.70461842448312,2.1601519846315225,0.0321206308576075,-6.043354518703693,-0.0321780720473153,2.9130430950115027,0.0,26.29335261832008,6.82626914774273,-48.62443451590154,0.3410594498988457,120.12057827183196,421.9187293605689,1.274,1.0150000015428002,1.0,9.797410859608268,300.0001285565649,0.0772995745408887,5.157187680775006e-06,-0.1413164707011037,0.002962286773973,0.0115021115422169,2.160390669009615,19.046174459798905,26.298398114952334,6.70887392491849
10.93,31.22049118862577,131.0138623820959,37.5009853888114,2.2242496155531515,0.0312196418564915,-5.924327380699348,-0.0325987454020277,2.8414477004856167,0.0,26.21828797406672,6.736106823035799,-48.70541092078803,0.339679713757907,120.12242006625412,419.52131278996745,1.274,1.0150000015428002,1.0,9.788630688548292,300.0001285565649,0.0770787155355683,5.145267433715024e-06,-0.143929323894729,0.0030005311632336,0.0116815625410779,2.224468594666976,19.10227723477118,26.223191943699256,6.570581604888625
10.94,31.22049087897925,131.0138629890695,37.29751298774579,2.2868426818839205,0.0302998067322041,-5.805879232214334,-0.032992590038576,2.7692598077622663,0.0,26.14419061782607,6.646789493978638,-48.78788446148832,0.3382788628618426,120.12428762726958,417.16154153058,1.274,1.0150000015428002,1.0,9.77980512135848,300.0001285565649,0.0768607013930332,5.1333800882925385e-06,-0.1466049860195569,0.0030374090478163,0.0118653282309243,2.2870432970125143,19.15796315975905,26.148950100115982,6.432582844623353
10.95,31.22049057335373,131.01386358796216,37.09419744790421,2.347907616204993,0.0293620370721765,-5.688002981791279,-0.0333600686963029,2.696521381634613,0.0,26.071042270835047,6.5583052581630366,-48.87189111837626,0.3368577294645499,120.12617974495151,414.8385738904637,1.274,1.0150000015428002,1.0,9.770925717576066,300.0001285565649,0.0766454783520327,5.121519206380703e-06,-0.1493409097589379,0.0030729141218503,0.0120531756320301,2.3480911014740355,19.213220990912863,26.07565444863119,6.294896216512433
10.96,31.22049027171161,131.013864178849,36.8910350416262,2.4073038456633182,0.0284061898689998,-5.570742048075193,-0.0337013180595716,2.623310943692912,0.0,25.99886800180386,6.470642278711868,-48.95746541239746,0.3354171398793346,120.12809521950476,412.5529536561807,1.274,1.0150000015428002,1.0,9.762053159001235,300.0001285565649,0.0764331200875729,5.109678068275168e-06,-0.1521345676868008,0.0031070412111398,0.0122448965353841,2.4074713377527126,19.26799557342271,26.003330035491512,6.15760205374876
10.97,31.220489974015887,131.01386476180403,36.68802209591988,2.465123033824815,0.02743417967932,-5.454044957379851,-0.0340171012913022,2.549633724069167,0.0,25.927608662567025,6.383788066783169,-49.044640416471374,0.3339579141787898,120.13003286178002,410.3025537730373,1.274,1.0150000015428002,1.0,9.753114283305855,300.0001285565649,0.0762234526885497,5.097849650049424e-06,-0.1549833185139871,0.0031397850707368,0.012440237344834,2.465275591419424,19.32231827628942,25.93191801326925,6.020664056996674
10.98,31.220489680230145,131.01386533690027,36.48515498848597,2.521277303664053,0.0264463078923717,-5.337936461891321,-0.0343077043459268,2.475549114307248,0.0,25.85727175501204,6.297731581888682,-49.13344769025537,0.3324808661902208,120.1319914934006,408.0873745751025,1.274,1.0150000015428002,1.0,9.74414048695259,300.0001285565649,0.0760164981867108,5.086026673362207e-06,-0.1578846724039536,0.0031711426586674,0.012638990363428,2.521415911282664,19.37615314539231,25.861425931193992,5.884138518688502
10.99,31.220489390318367,131.01386590420958,36.28243014374107,2.5756629102160606,0.0254427228330734,-5.222448742172138,-0.0345733552500682,2.4011215851057828,0.0,25.787870322976392,6.212461217015664,-49.22391736692738,0.3309868030288178,120.13396994750384,405.9075913742192,1.274,1.0150000015428002,1.0,9.735173136977584,300.0001285565649,0.0758122949061746,5.074201571909527e-06,-0.1608360852959251,0.0032011113109794,0.0128409496596411,2.575788485706106,19.429457871810644,25.79186685640203,5.748091078607706
11.0,31.220489104245164,131.0138664638029,36.07984403580034,2.628422111542476,0.0244257459425028,-5.107516454073871,-0.0348149471266007,2.326339037529375,0.0,25.7193308022951,6.127965151472782,-49.31607812212132,0.3294765250513055,120.13596706892568,403.7606589685296,1.274,1.0150000015428002,1.0,9.72611378865564,300.0001285565649,0.0756106265574372,5.062366490731826e-06,-0.1638349425455462,0.0032296885527126,0.0130458632781104,2.628535522858362,19.48228328984908,25.72316758937945,5.612467347496274
11.01,31.220488821975632,131.01386701575,35.87739319146015,2.6793839668939494,0.0233949000628326,-4.9932016013599005,-0.0350325364961507,2.251283322842267,0.0,25.65169186791901,6.044233231297925,-49.40995713348792,0.3279508258936318,120.13798171427852,401.6475742678895,1.274,1.0150000015428002,1.0,9.717043182230611,300.0001285565649,0.0754116068169741,5.050513338894024e-06,-0.1668788329412692,0.0032568744886509,0.0132535536750749,2.679486026155786,19.53456131120322,25.655366730125337,5.477368538828125
11.02,31.220488543475284,131.0138675601199,35.67507417429181,2.7285111687064765,0.022350882180654,-4.8795137311823815,-0.0352265164352832,2.1759965273259665,0.0,25.584944707177858,5.961253972250823,-49.50558019726021,0.3264104919737386,120.14001275273424,399.5678411072644,1.274,1.0150000015428002,1.0,9.707967153566402,300.0001285565649,0.0752152097551025,5.038633731284594e-06,-0.1699651988200543,0.0032826686754329,0.013463810935183,2.728602642745228,19.586274526124303,25.58845557545181,5.342832212150428
11.03,31.22048826871023,131.01386809698036,35.47288360154237,2.7759452347001368,0.0212959598422186,-4.766394198902093,-0.0353977668167771,2.100465322536787,0.0,25.51901981620268,5.879016359878916,-49.60297164434393,0.3248563027442805,120.14205906581752,397.5190782598575,1.274,1.0150000015428002,1.0,9.69879148860018,300.0001285565649,0.0750212310215005,5.026719018566584e-06,-0.1730914856839914,0.0033070714069376,0.0136763953483516,2.7760268566874235,19.637474103912744,25.52236497767523,5.208811882992388
11.04,31.220487997647048,131.01386862639822,35.270818136181305,2.821473651294025,0.0202292446707566,-4.653923696622083,-0.0355462210493667,2.0247811525874377,0.0,25.45397109127111,5.797510803610416,-49.70215434213336,0.3232890306795817,120.14411954755316,395.50276406860365,1.274,1.0150000015428002,1.0,9.689621648919648,300.0001285565649,0.0748298290407392,5.0147603267695855e-06,-0.1762553361721415,0.0033300854285294,0.0138911501023048,2.821546110991044,19.688075446827547,25.45714869352736,5.0754318066234285
11.05,31.220487730252696,131.01386914843968,35.06887447795386,2.8651556958625584,0.0191522433393037,-4.542078599077543,-0.0356725161985595,1.9489553346203057,0.0,25.38975876691645,5.716726089105641,-49.80314980746909,0.3217094408466502,120.14619310515614,393.5174592198189,1.274,1.0150000015428002,1.0,9.68041201035835,300.0001285565649,0.0746408868889556,5.002748493766279e-06,-0.1794542028799357,0.0033517124316738,0.0141078560110317,2.865219653736109,19.738098469928502,25.392767194209156,4.942689290756106
11.06,31.22048746649472,131.01386966316963,34.86704937928668,2.9070193654666694,0.0180661678373847,-4.430849192899565,-0.0357772145349718,1.87300671093047,0.0,25.326355398985854,5.6366522345441314,-49.90597809774984,0.3201182913653682,120.14827865855406,391.5621203877472,1.274,1.0150000015428002,1.0,9.671135059784593,300.0001285565649,0.0744543238656032,4.990674126503641e-06,-0.182685644400866,0.0033719556819136,0.0143263101707821,2.9070754543877038,19.78755118438472,25.329193225946653,4.810598582140188
11.07,31.22048720634104,131.01387017065218,34.665339631370884,2.94691321808216,0.0169706255992072,-4.320294601848881,-0.0358603904992519,1.797006582394376,0.0,25.263794460761755,5.557279570230293,-50.01065787166869,0.3185163332360874,120.15037514074028,389.63759413865006,1.274,1.0150000015428002,1.0,9.661863555786542,300.0001285565649,0.0742702383553781,4.9785276008699e-06,-0.1859472892734067,0.0033908196737649,0.0145463515353762,2.946962039632713,19.83637232212859,25.26646020035824,4.6792589233275015
11.08,31.22048694976006,131.0138706709506,34.463742063167444,2.984972995873351,0.015867748825307,-4.210367188967344,-0.0359228707987036,1.7209421267241658,0.0,25.20201360234676,5.4785975323152245,-50.11720642929191,0.3169043102547849,120.1524814980081,387.7417708508039,1.274,1.0150000015428002,1.0,9.652512680385463,300.0001285565649,0.0740884470428325,4.96629903397808e-06,-0.1892366438310674,0.0034083083503757,0.0147677570277265,2.985015132911322,19.884611994991005,25.20450610247183,4.548639810109511
11.09,31.220486696720663,131.01387116412715,34.26225355731355,3.0210910498466435,0.0147574991564294,-4.101111373584979,-0.0359648420871818,1.6448697365022935,0.0,25.141032818499653,5.400597123654686,-50.225639642039766,0.3152829594200389,120.15459668954212,385.875089615172,1.274,1.0150000015428002,1.0,9.64313199679576,300.0001285565649,0.0739090086891208,4.953978344444532e-06,-0.1925513976805804,0.003424427862863,0.0149903667129095,3.021127060117929,19.93222601850541,25.143350921020783,4.418823872760211
11.1,31.22048644719209,131.01387165024337,34.06087102526959,3.055202992225988,0.0136402048252471,-3.992555976023155,-0.0359865839323682,1.568833951982428,0.0,25.080857466927284,5.323268493807335,-50.33597205769927,0.3136530106138731,120.1567196879552,384.03753765782966,1.274,1.0150000015428002,1.0,9.633748205660346,300.0001285565649,0.0737319390253758,4.941555214112023e-06,-0.1958891641122838,0.0034391841707573,0.0152140087893894,3.0552334121175373,19.979187197753564,25.083000065270667,4.289876248191098
11.11,31.22048620114408,131.01387212935978,33.85959142521357,3.08748740308348,0.0125183221892771,-3.884642565897951,-0.03598901993746,1.4928083000894667,0.0,25.021414599234287,5.246601827415901,-50.44821685669745,0.3120151869380428,120.158849478967,382.2267105800132,1.274,1.0150000015428002,1.0,9.624256479928318,300.0001285565649,0.073557023581304,4.929019103585128e-06,-0.1992475266694599,0.0034525834331826,0.0154384631778502,3.087512756391046,20.02556304202365,25.023380972669894,4.16175680394209
11.12,31.220485958546792,131.0138726015361,33.65841175607632,3.117722850016403,0.0113907571109881,-3.7774585075481646,-0.0359720179829028,1.4168795870524415,0.0,24.962762263858075,5.170588902558032,-50.562385835058365,0.3103702049709503,120.1609850611869,380.4442199694816,1.274,1.0150000015428002,1.0,9.61476960572624,300.0001285565649,0.073384432987371,4.916359304262306e-06,-0.2026242917340227,0.0034646343232016,0.0156636082523167,3.1177436377572803,20.071265436222472,24.964551519789225,4.034604630757723
11.13,31.22048571937071,131.01387306683137,33.457329047600574,3.146003964599718,0.0102591886681915,-3.670978047937452,-0.0359362542016631,1.3410456664451038,0.0,24.904856089115388,5.095219762023707,-50.67848953208434,0.3087187743652008,120.1631254467476,378.68854839915446,1.274,1.0150000015428002,1.0,9.605230555111994,300.0001285565649,0.073214036783067,4.9035648739416456e-06,-0.2060170706052891,0.0034753441305374,0.0158892462832822,3.14602067546198,20.116329773366623,24.90646759869437,3.9084235597355494
11.14,31.22048548358688,131.01387352530352,33.25634037922903,3.172336700280717,0.0091244942464673,-3.565208402734064,-0.0358821782257658,1.2653278989901189,0.0,24.84768161320885,5.02048580533416,-50.79653711857941,0.3070615985697905,120.16526966047672,376.9591005050449,1.274,1.0150000015428002,1.0,9.59563053174326,300.0001285565649,0.0730457924365168,4.890624702626877e-06,-0.2094236079497332,0.0034847217827732,0.0161152092738011,3.172349809092591,20.160756952359637,24.849114885407413,3.7832595969088016
11.15,31.220485251166608,131.01387397700995,33.05544286121662,3.196589758349023,0.0079863233194343,-3.4602054730527367,-0.0358098638014339,1.1897864872200488,0.0,24.791268019412147,4.946378435503208,-50.916536473265225,0.3053993746950259,120.1674167401786,375.2566081775448,1.274,1.0150000015428002,1.0,9.586034998065294,300.0001285565649,0.0728797857212807,4.877527505366652e-06,-0.2128416882417424,0.0034927769558886,0.0163413622252778,3.1965997244497037,20.20449465756941,24.792522508141563,3.6592207021797707
11.16,31.220485022081675,131.01387442200715,32.8546336415891,3.2189649605157338,0.0068472430701806,-3.355909812248212,-0.0357202518804206,1.1143878278251689,0.0,24.735540159749668,4.872888342116358,-51.038494205590325,0.303732793630927,120.16956573658176,373.57864596707617,1.274,1.0150000015428002,1.0,9.576332567663243,300.0001285565649,0.0727157957045647,4.864261807699075e-06,-0.21626899506152,0.003499518726631,0.0165674954754177,3.218972235423476,20.24762073517455,24.73661572217344,3.5362786704589793
11.17,31.22048479630427,131.01387486035082,32.653909910119786,3.2392699810373404,0.0057063284279884,-3.252399237099246,-0.0356132537245497,1.039206980589945,0.0,24.680547381020155,4.800008022574718,-51.162415597920166,0.3020625405897539,120.17171571273828,371.92656271327127,1.274,1.0150000015428002,1.0,9.566621759093511,300.0001285565649,0.0725539674357708,4.850816013843481e-06,-0.2197034501131648,0.0035049587389468,0.0167935007992161,3.2392750018381355,20.290059434146706,24.68144372899209,3.4145746806639736
11.18,31.220484573806846,131.01387529209595,32.45326888838838,3.2575637870566845,0.0045648502657193,-3.1496654330160685,-0.0354894126480323,0.9642503380651972,0.0,24.626260459753176,4.727728406444744,-51.28830474197584,0.3003892946761207,120.17386574467017,370.2993331043618,1.274,1.0150000015428002,1.0,9.556868985967128,300.0001285565649,0.0723942149887543,4.837178347794942e-06,-0.2231428111767609,0.0035091073932725,0.0170192067807883,3.2575669819887887,20.3318334721537,24.626977504755395,3.2941509608403265
11.19,31.220484354562387,131.01387571729677,32.25270783276336,3.273905721277868,0.0034240628978973,-3.047701112847009,-0.0353492775228095,0.8895228316600926,0.0,24.57265140008088,4.656041397616613,-51.4161644449094,0.2987137296387606,120.17601492049138,368.6959782099877,1.274,1.0150000015428002,1.0,9.547040974387704,300.0001285565649,0.0722364560470131,4.823336908111128e-06,-0.2265849269972801,0.0035119762274953,0.0172444501139278,3.273907509881768,20.372965734625414,24.573189250622832,3.1750563007157635
11.2,31.22048413854415,131.01387613600667,32.05222404136121,3.288142165406279,0.0022833277502156,-2.9465709231388444,-0.0351928293958231,0.8150880232030145,0.0,24.519757564484063,4.584939297111503,-51.54599628142371,0.2970365138922364,120.17816234046742,367.1174852115364,1.274,1.0150000015428002,1.0,9.537216880017482,300.0001285565649,0.0720808004289639,4.809279678258228e-06,-0.2300277357711965,0.0035135778876645,0.0174691211174107,3.288142957321532,20.413396592819037,24.52011622876826,3.0574314752578156
11.21,31.220483925725752,131.0138765482785,31.851814842116625,3.3004846742001765,0.0011452001240157,-2.8462182678789207,-0.0350209907166166,0.7409093248253983,0.0,24.467505877110067,4.51441342175289,-51.67780064502527,0.2953583105333463,120.18030711707316,365.561533460328,1.274,1.0150000015428002,1.0,9.52728576187875,300.0001285565649,0.0719270332969497,4.79499450193118e-06,-0.2334690513765154,0.0035139240684554,0.0176930237824016,3.3004848726607974,20.45320864769614,24.46768576472488,2.9412805928390586
11.22,31.220483716081265,131.01387695416415,31.65147759775351,3.3107507610145945,8.749725473038462e-06,-2.7467175558815686,-0.0348336617361562,0.667056438385128,0.0,24.415943143326768,4.444456912264841,-51.811576676792,0.2936797780397474,120.18244837417744,364.0293971387724,1.274,1.0150000015428002,1.0,9.517342296726488,300.0001285565649,0.071775292228876,4.780469156362588e-06,-0.236906927043263,0.0035130289657868,0.0179160664439395,3.310750761026146,20.49233157269103,24.41594451773043,2.8267711275886875
11.23,31.22048350958495,131.01387735371512,31.4512097087674,3.319014106940632,-0.0011247194687828,-2.648059144064137,-0.0346313843428057,0.5935305800724925,0.0,24.3650390677114,4.375061406662712,-51.947322402514814,0.2920015698235178,120.18458524768351,362.52004607409873,1.274,1.0150000015428002,1.0,9.507349105396992,300.0001285565649,0.0716254881495862,4.765691297467179e-06,-0.2403392621940505,0.0035109054956091,0.0181380916283201,3.3190142972950523,20.530794959746647,24.36486239719039,2.7139814134817466
11.24,31.22048330621159,131.01387774698188,31.251008602489964,3.325319259929932,-0.0022541796863426,-2.5502437295425664,-0.03441462856564,0.5203396283250767,0.0,24.314773216848423,4.306219523603888,-52.08503464456881,0.2903243350457277,120.18671688455754,361.032752051605,1.274,1.0150000015428002,1.0,9.49728429471453,300.0001285565649,0.0714775609758956,4.750648515806737e-06,-0.243764056428222,0.003507567706461,0.0183589568175903,3.325320023107635,20.568617062963767,24.31441913113139,2.6030137870430052
11.25,31.22048310593619,131.01387813401448,31.050871748995466,3.329523749005975,-0.0033802653937232,-2.4533321913317496,-0.0341833656260312,0.4475421908916631,0.0,24.265180329628485,4.2379241108719,-52.22470907931052,0.2886487186265161,120.1888424428794,359.5684284562725,1.274,1.0150000015428002,1.0,9.487222840519893,300.0001285565649,0.0713316128135621,4.735328343393342e-06,-0.2471793791156988,0.0035030304725673,0.0185785672662191,3.3295254629637694,20.6057444028547,24.26464935878239,2.494053198337653
11.26,31.22048290873412,131.01387851486223,30.850796641217887,3.331884436612111,-0.0045001225141821,-2.3572585986274843,-0.0339385941350203,0.3750893118202178,0.0,24.216178935870705,4.170167137822985,-52.36634027705362,0.2869753613450762,120.19096109177212,358.1245447684764,1.274,1.0150000015428002,1.0,9.477035696904007,300.0001285565649,0.0711874041519703,4.7197182364407125e-06,-0.2505831855012069,0.0034973076968779,0.0187967320062568,3.33188747217056,20.642277451373214,24.21547205827989,2.3871556130292046
11.27,31.22048271458113,131.0138788895736,30.65078081383991,3.332156070742589,-0.0056153267894132,-2.262116139050338,-0.0336800169717059,0.3030653215239721,0.0,24.167834349499728,4.102942563356747,-52.509921636676175,0.2853049005794751,120.19307201051896,356.70292406237184,1.274,1.0150000015428002,1.0,9.4668506853638,300.0001285565649,0.0710451269775447,4.703805653074797e-06,-0.2539737063258059,0.0034904160647668,0.0190133938398165,3.332160796858916,20.678123770674706,24.166952296031685,2.2825758167486248
11.28,31.220482523453192,131.01387925819685,30.45082182440404,3.330500660134317,-0.006723896418806,-2.167870178782137,-0.0334083634309337,0.231447335404283,0.0,24.12009393442144,4.036242384185272,-52.65544554347173,0.2836379697012602,120.19517438937562,355.3019006608435,1.274,1.0150000015428002,1.0,9.456589186373211,300.00012855656485,0.0709046265432871,4.687577984637518e-06,-0.2573489570384018,0.0034823702686934,0.0192283891031484,3.3305074398664307,20.713347721075195,24.119037747244224,2.180446078183492
11.29,31.220482335326714,131.0138796207791,30.250917269219183,3.326871629611805,-0.0078257009121641,-2.0745515301704294,-0.0331238311961713,0.1602665252660689,0.0,24.072965985308983,3.970060188283139,-52.802903245790645,0.2819751991824878,120.19726742821511,353.92161406203587,1.274,1.0150000015428002,1.0,9.446278594945568,300.0001285565649,0.0707659272183528,4.671022636102855e-06,-0.2607071337005254,0.0034731868338082,0.0194416156014538,3.326880823334246,20.747933740366115,24.071736727088062,2.080996539796845
11.3,31.220482150178302,131.01387997736725,30.051064776401656,3.3212415982693986,-0.008920460154296,-1.982184896766604,-0.0328266507131272,0.0895496636573549,0.0,24.026453202369964,3.9043890212398047,-52.95228495852445,0.280317216319862,120.19935033691532,352.56203903878526,1.274,1.0150000015428002,1.0,9.43593730434946,300.0001285565649,0.0706290369260257,4.654127005214146e-06,-0.2640464094559191,0.0034628821223731,0.0196529660622841,3.321253564474944,20.781874156125923,24.025051979771256,1.9844781924293902
11.31,31.220481967984952,131.01388032800728,29.85126199493968,3.3137523172934458,-0.0100064298064249,-1.8907438547089008,-0.032517485429068,0.019278296890143,0.0,23.980511359145115,3.839221934956943,-53.10357984997292,0.2786646456791744,120.20142233483249,351.22177653805653,1.274,1.0150000015428002,1.0,9.425499085384132,300.0001285565649,0.0704938256425408,4.636878500464446e-06,-0.2673649528796798,0.0034514724934696,0.01986229495367,3.31376740845478,20.815225425659012,23.97893955283468,1.8911217210187945
11.32,31.22048178872394,131.0138806727448,29.651506618552737,3.3042158796368857,-0.0110847767998237,-1.8003015425377729,-0.032196144939263,-0.0504794278243044,0.0,23.93518885058451,3.774552954271479,-53.25677603922399,0.2770181094886031,120.20348265033832,349.9021465932276,1.274,1.0150000015428002,1.0,9.415063463080282,300.0001285565649,0.0703604356173883,4.619264580945909e-06,-0.2706610894336542,0.0034389758679267,0.0200695450336105,3.3042344522258205,20.847919658789152,23.93344765792732,1.8012968684940036
11.33,31.22048161237281,131.0138810116247,29.451796359844515,3.292896908096337,-0.0121527182382771,-1.7107957165105334,-0.0318635883949622,-0.1197737387205616,0.0,23.89040854241589,3.710374758787596,-53.41186068604428,0.2753782274220317,120.2055305211142,348.60079658431954,1.274,1.0150000015428002,1.0,9.404504527665653,300.0001285565649,0.0702286400910402,4.601272719380049e-06,-0.2739329848404756,0.0034254086094214,0.0202745433749015,3.292919308648295,20.880059637809072,23.88849959791328,1.7152792834938848
11.34,31.220481438909484,131.01388134469127,29.252128970184923,3.279573265966405,-0.0132117595693814,-1.6223088092179332,-0.0315195318361576,-0.1885286768405314,0.0,23.846228504511465,3.6466820326927367,-53.568819899349954,0.2737456175856903,120.2075651929389,347.31933024677664,1.274,1.0150000015428002,1.0,9.393938995323824,300.0001285565649,0.0700986097535047,4.582890486697507e-06,-0.2771790768463696,0.0034107897468969,0.02047725087763,3.2795998485732474,20.91156541119552,23.84415320618965,1.6335306594442973
11.35,31.220481268312017,131.0138816719884,29.05250222181649,3.2644202257960746,-0.0142599404673644,-1.5348060379009338,-0.0311646867087241,-0.2567706038168905,0.0,23.802597557352225,3.5834676714354927,-53.72763889306718,0.2721208958494307,120.20958592053684,346.0561634689179,1.274,1.0150000015428002,1.0,9.383287145109524,300.0001285565649,0.0699701941434163,4.5641054904426334e-06,-0.280397610256205,0.0033951363898122,0.0206775222228794,3.26445133773059,20.942506168313265,23.800357611164703,1.5564485069090164
11.36,31.22048110055891,131.0138819935592,28.85291392475428,3.247370045449785,-0.0152974508070038,-1.448323808712208,-0.0307991487383292,-0.3244638668347941,0.0,23.759531611675847,3.520726088847553,-53.88830187557962,0.2705046769787379,120.21159196617904,344.8116714034527,1.274,1.0150000015428002,1.0,9.372589605114772,300.0001285565649,0.0698434400191054,4.544905451764709e-06,-0.2835870144364582,0.0033784674280963,0.0208752832366988,3.247406037664312,20.972860408359438,23.757128693750698,1.48454277248149
11.37,31.22048093562882,131.01388230944644,28.65336191386241,3.2284536767539302,-0.0163236341763812,-1.3628697048592775,-0.0304232507251567,-0.3915976689993135,0.0,23.7170198162234,3.4584509984599627,-54.05079215547472,0.2688975742941595,120.2135826001132,343.5854516336679,1.274,1.0150000015428002,1.0,9.361839010967964,300.00012855656485,0.0697183154692204,4.525278181588037e-06,-0.2867456718110468,0.0033608012367366,0.0210704336840332,3.228494900400852,21.00264368300545,23.714455705797665,1.4183399243388715
11.38,31.22048077350076,131.01388261969214,28.45384405084221,3.2077448748794155,-0.0173374785274728,-1.2784392491110688,-0.0300374338204825,-0.4581728369666121,0.0,23.675040533369227,3.3966364659526875,-54.21509211464462,0.2673002002434651,120.2155570998558,342.37679312976337,1.274,1.0150000015428002,1.0,9.351007339466374,300.0001285565649,0.0695947568753119,4.505211611333943e-06,-0.2898720107939058,0.0033421565781644,0.0212628671227222,3.2077916790772063,21.03188710592158,23.672317168652103,1.3583929879207368
11.39,31.22048061415396,131.0138829243379,28.254358229203216,3.1851436171232144,-0.0183395133741129,-1.195076995534544,-0.029641688468579,-0.5241452006520663,0.0,23.63361850703697,3.335276952727564,-54.38118323463457,0.2657131666076715,120.21751474993516,341.1863294834541,1.274,1.0150000015428002,1.0,9.34015204536292,300.0001285565649,0.0694728369616693,4.484693812982184e-06,-0.2929645450990132,0.0033225529781421,0.0214525251102422,3.185196360180845,21.060558488647423,23.63073774306184,1.3053029710828576
11.4,31.22048045756791,131.01388322342487,28.05490237128063,3.160851269292411,-0.0193276468407689,-1.1127428325627515,-0.029236765086159,-0.5895481178065403,0.0,23.59269927801508,3.2743662359051,-54.54904614551533,0.264137084535888,120.21945484184168,340.0124075117721,1.274,1.0150000015428002,1.0,9.329184092363718,300.0001285565649,0.0693523956287853,4.463712988541933e-06,-0.2960217099080774,0.0033020090901311,0.0216392721850085,3.160910300131534,21.08873534522536,23.58966329840635,1.2596104092383935
11.41,31.220480303722432,131.0138835169935,27.855474424258897,3.134651408722868,-0.0203034657795679,-1.031512797294441,-0.0288223510097318,-0.6543080643365313,0.0,23.552338315926114,3.2138994537894714,-54.71866058088333,0.2625725652695964,120.22137667312552,338.85654895930475,1.274,1.0150000015428002,1.0,9.318217786617344,300.0001285565649,0.0692335959214352,4.442257528740794e-06,-0.2990421436145708,0.0032805454744398,0.0218230879554794,3.1347170962552515,21.116344048410152,23.549149055046087,1.2218708695912792
11.42,31.220480152597467,131.0138838050839,27.65607236514252,3.106856953081472,-0.0212639393544922,-0.95131675201334,-0.028399464516138,-0.7184865179563834,0.0,23.512453445096806,3.1538701578414607,-54.890005494293234,0.2610202196699955,120.22327954796228,337.7163117232032,1.274,1.0150000015428002,1.0,9.307111601885545,300.0001285565649,0.069116196266763,4.4203159664158605e-06,-0.3020242964275292,0.0032581807030852,0.0220038118984023,3.106929648186103,21.143501569921007,23.50911331339036,1.192490238421725
11.43,31.22048000417337,131.01388408773556,27.456694199761863,3.077195814914769,-0.0222111791736586,-0.8722444676769496,-0.0279676484860468,-0.7819965999012741,0.0,23.473114420213967,3.0942740859058526,-55.063058951430456,0.2594806594235652,120.2251627756564,336.593627671896,1.274,1.0150000015428002,1.0,9.296006632329808,300.0001285565649,0.0690004017010767,4.397877068266225e-06,-0.3049669236452852,0.0032349362444654,0.0221814466143273,3.077275896857609,21.17011536342435,23.469625496435377,1.1717983115758606
11.44,31.22047985843057,131.0138843649877,27.2573379538262,3.0459427729612965,-0.0231425261281116,-0.7942371069333702,-0.0275278090122281,-0.8448894306115003,0.0,23.43425033587312,3.0351048756728782,-55.237798304916495,0.2579544961043516,120.227025671766,335.4863890024464,1.274,1.0150000015428002,1.0,9.28478144751212,300.0001285565649,0.0688860037823741,4.37492976337028e-06,-0.3078685401086105,0.0032108310311126,0.022355845826798,3.046030605235722,21.19628781657171,23.430615116468488,1.159917459243514
11.45,31.22047971534989,131.01388463687871,27.058001690817942,3.012912028128212,-0.0240593729309011,-0.7173595479269644,-0.0270796971662263,-0.907100240325569,0.0,23.395908475093204,2.976358214084429,-55.41420005653037,0.2564423426262198,120.22886755630267,334.3958806385364,1.274,1.0150000015428002,1.0,9.273535611274507,300.0001285565649,0.0687731414898258,4.351463238067893e-06,-0.3107279279701085,0.0031858864959514,0.0225269942167164,3.013008000158304,21.22195822024632,23.392129237741784,1.1567924952208577
11.46,31.220479574912247,131.01388490344686,26.85868349111612,2.9783031330630334,-0.0249597565069359,-0.6415737205915114,-0.0266240202260732,-0.9686610213772636,0.0,23.35803846485464,2.9180282525911414,-55.59224001036841,0.2549448124452938,120.23068775467443,333.3205925613828,1.274,1.0150000015428002,1.0,9.262185047640164,300.0001285565649,0.0686616667384749,4.327466882553331e-06,-0.3135437087565711,0.0031601223032973,0.0226947718150722,2.9784076249972595,21.24720139342312,23.354117795594767,1.1621660172893875
11.47,31.220479437098927,131.01388516472977,26.659381469890697,2.9420002918622914,-0.0258444930849189,-0.566924627886287,-0.0261606961794722,-1.0295247900095712,0.0,23.320669789565148,2.86011058790605,-55.77189318080696,0.2534625206787501,120.23248559629168,332.261300369164,1.274,1.0150000015428002,1.0,9.250796114389416,300.0001285565649,0.0685516661875518,4.302930361099203e-06,-0.3163146995023248,0.0031335598824839,0.0228591495467054,2.942113707526427,21.27198198116878,23.31661014622225,1.1755888775302576
11.48,31.22047930189132,131.01388542076467,26.46009376020246,2.9041445365435616,-0.0267121686409008,-0.4933897957260051,-0.0256902770096422,-1.0897087622310289,0.0,23.28376784788395,2.80259981359183,-55.95313390452024,0.2519960836049536,120.23426041513817,331.2169519475892,1.274,1.0150000015428002,1.0,9.239313656472593,300.0001285565649,0.0684430381143647,4.277843580070984e-06,-0.3190396207461346,0.0031062195087305,0.0230200291667676,2.9042672772866958,21.296353635297017,23.279571910397767,1.1964776083748756
11.49,31.22047916927112,131.01388567158833,26.2608185289091,2.86467279847001,-0.02756317389175,-0.4209994227468871,-0.0252128044325914,-1.149179266499286,0.0,23.247349078279004,2.745491499041828,-56.13593578518801,0.2505461195022103,120.23601154871504,330.1879520410444,1.274,1.0150000015428002,1.0,9.227779368578068,300.0001285565649,0.0683358308292379,4.252196738660044e-06,-0.3217173327704834,0.0030781226458559,0.0231773723874243,2.8648052879188337,21.3202996986456,23.243019465215607,1.2241279287772193
11.5,31.22047903922019,131.01388591723713,26.061553964735875,2.823685112216973,-0.0283964897969885,-0.3497415137420553,-0.0247287203529732,-1.207943241632773,0.0,23.211389883393046,2.6887806074250005,-56.32027177356194,0.2491132483869795,120.23773833831513,329.17356779263207,1.274,1.0150000015428002,1.0,9.216158361627103,300.0001285565649,0.0682299749566138,4.225980312923089e-06,-0.3243466471253665,0.0030492900573452,0.0233310978143942,2.8238277781514283,21.343859123697666,23.20692937338896,1.2577986766773017
11.51,31.22047891172067,131.01388615774687,25.86229828026361,2.781153037112975,-0.0292122395963763,-0.2796364881119893,-0.0242381453373377,-1.2659757157656868,0.0,23.17589841436958,2.6324627445852844,-56.50611413954042,0.2476980926353373,120.2394401282276,328.1739703623509,1.274,1.0150000015428002,1.0,9.204476433476737,300.0001285565649,0.0681254944462305,4.1991850922700605e-06,-0.326926475904831,0.0030197432839358,0.0234811627789104,2.781306329850562,21.36702724860716,23.17130976670284,1.2967183834902023
11.52,31.22047878675482,131.01388639315323,25.663049715905625,2.7371539624344745,-0.0300096379679865,-0.2106777721180753,-0.0237414581019877,-1.3232780044168484,0.0,23.14085730611507,2.5765331702883207,-56.69343452977452,0.2463012768911352,120.24111626580016,327.1886087518945,1.274,1.0150000015428002,1.0,9.192710081117209,300.0001285565649,0.0680223382428914,4.171802174101996e-06,-0.329455713331477,0.0029895034529506,0.0236274975890469,2.737318342326739,21.38983481798728,23.136143403421745,1.3401542662958175
11.53,31.2204786643052,131.01388662349115,25.463806537919428,2.691675140379421,-0.0307887058985302,-0.1428809799854034,-0.0232388115038853,-1.379829076194318,0.0,23.10627118450208,2.52098759149414,-56.88220395742493,0.2449234285409463,120.24276610081708,326.2175565992974,1.274,1.0150000015428002,1.0,9.180878199011367,300.0001285565649,0.067920519933987,4.143822991330384e-06,-0.3319333320882928,0.0029585922287477,0.0237700602988924,2.691851093258578,21.41228246080257,23.101434906121614,1.3874016348242375
11.54,31.22047854435449,131.0138868487954,25.26456703641829,2.6447905099674247,-0.0315487231868623,-0.0762399664149381,-0.0227305696153305,-1.4356294395852651,0.0,23.072124143139863,2.4658214910004204,-57.07239284711508,0.2435651777161605,120.24438898544317,325.2603086092315,1.274,1.0150000015428002,1.0,9.168959560812166,300.0001285565649,0.067819992752684,4.115239312162361e-06,-0.3343583003815273,0.002927030976235,0.0239087875126259,2.6449785361156715,21.434399186421388,23.067168481540584,1.4378320830604283
11.55,31.22047842688563,131.01388706910026,25.06532952437747,2.596483231954461,-0.0322897811132242,-0.0107704583228269,-0.0222168693509273,-1.4906570899277285,0.0,23.03842204576712,2.411030742489964,-57.263971032362754,0.242227157700537,120.24598427367935,324.3169757511744,1.274,1.0150000015428002,1.0,9.156975382591371,300.0001285565649,0.0677207739252587,4.086043263959025e-06,-0.3367296604914334,0.0028948415342799,0.024043643365195,2.596683864076537,21.456184252475158,23.03334997907904,1.4908615468272177
11.56,31.22047831188172,131.01388728443965,24.8660923416106,2.5468438469807406,-0.0330110485350437,0.0535381849279802,-0.02169811031394,-1.5449167145907887,0.0,23.005145671600395,2.3566109776244937,-57.45690779801918,0.2409100049412354,120.247551321291,323.3869635203695,1.274,1.0150000015428002,1.0,9.144897371177944,300.0001285565649,0.0676228069428038,4.056227332690741e-06,-0.3390464455565602,0.0028620453772781,0.0241745651109017,2.547057634293158,21.477671343694865,22.999960308509028,1.5459963778284136
11.57,31.22047819932605,131.01388749484704,24.6668538537758,2.495830776557907,-0.0337128670322116,0.1166652671989129,-0.0211743635831352,-1.59838025956934,0.0,22.972306884195657,2.302558303405472,-57.65117187502873,0.2396143594771328,120.24908948523614,322.4705538603874,1.274,1.0150000015428002,1.0,9.132758525632756,300.0001285565649,0.067526126668048,4.025784388475589e-06,-0.3413077767097294,0.002828664573599,0.0243015285584158,2.49605831335091,21.49885177131251,22.967011279731235,1.6027721586129124
11.58,31.22047808920213,131.01388770035575,24.46761244541658,2.4435720837683728,-0.0343941108801073,0.1786307735118072,-0.0206461160674594,-1.651061753094622,0.0,22.939878378588823,2.248868425539545,-57.846731490843446,0.2383408648650741,120.2505981236896,321.5669294052081,1.274,1.0150000015428002,1.0,9.120513904638134,300.0001285565649,0.0674306528294771,3.994707679202622e-06,-0.3435127425956962,0.0027947205771701,0.024424465746802,2.4438139794446743,21.519770199768395,22.934475764609907,1.660825134650239
11.59,31.22047798149361,131.0138879009984,24.26836653089742,2.389979927683588,-0.0350555595371958,0.2394042491308771,-0.0201133214770497,-1.702921846523224,0.0,22.90788277596629,2.1955377519719086,-58.04355435080576,0.2370901687260706,120.25207659532973,320.6766754828089,1.274,1.0150000015428002,1.0,9.108217991735776,300.0001285565649,0.0673364519114796,3.962990863118918e-06,-0.345660552714832,0.0027602357448548,0.0245433699645805,2.39023685733326,21.54040355175037,22.902376261894364,1.7197853806707468
11.6,31.22047787618432,131.01388809680765,24.06911454247433,2.335241699950461,-0.0356956013297148,0.2990197932333301,-0.0195766073782492,-1.7539892541142648,0.0,22.8762799226832,2.1425619869448007,-58.24160770739199,0.2358629224833103,120.25352425957983,319.79861946811906,1.274,1.0150000015428002,1.0,9.09579937255085,300.0001285565649,0.0672434058751474,3.930627991105913e-06,-0.3477503414052467,0.0027252313782916,0.0246581619715319,2.335514347529373,21.56081362632643,22.87067287110077,1.7794028166354183
11.61,31.220477773258327,131.01388828781535,23.869854945206928,2.2792008812576268,-0.036315648905855,0.3574324749352634,-0.0190357569518977,-1.8042079102001884,0.0,22.845107949434475,2.089937908066702,-58.440858317143466,0.234659782132927,120.25494047562928,318.93378126026414,1.274,1.0150000015428002,1.0,9.083343962981424,300.0001285565649,0.0671516267940973,3.897613551702012e-06,-0.3497814163249236,0.0026897301857634,0.0247688585339461,2.279490028002959,21.580956692633823,22.83940350102577,1.8393712288197863
11.62,31.220477672699776,131.01388847405354,23.67058621409316,2.222126896960939,-0.0369134054255315,0.4146951927110356,-0.0184915933189406,-1.853626749443716,0.0,22.81430909740229,2.037661141869618,-58.6412725399712,0.2334814076806646,120.25632460302424,318.08050184892863,1.274,1.0150000015428002,1.0,9.07074380256037,300.0001285565649,0.0670609448809606,3.863942436505545e-06,-0.35175294729304,0.0026537531829269,0.0248753628922994,2.2224333201340545,21.600917645817496,22.80851075363822,1.8995384092285137
11.63,31.22047757449308,131.01388865555347,23.47130686091124,2.163789632947983,-0.0374909589545464,0.4707480359908522,-0.0179437205362207,-1.9021720495305456,0.0,22.78393769374912,1.9857289054920249,-58.842816260174594,0.2323284642543364,120.25767600028756,317.2402526903128,1.274,1.0150000015428002,1.0,9.058118070138372,300.0001285565649,0.0669715198174801,3.829610003044482e-06,-0.3536643502011441,0.0026173234962411,0.0249777170096578,2.1641142482266087,21.62063144036541,22.778048628107985,1.9596387923571943
11.64,31.22047747862269,131.0138888323463,23.272015408372063,2.104508772445996,-0.0380456047084859,0.5256549478108932,-0.0173930778232875,-1.9499049730810607,0.0,22.75392585511061,1.934136762735928,-59.0454550274313,0.2312016211151183,120.25899402600164,316.41109902743136,1.274,1.0150000015428002,1.0,9.045337035195862,300.0001285565649,0.0668831520569501,3.7946120195289193e-06,-0.3555148362806925,0.0025804618836991,0.025075814786568,2.104852486597722,21.64019557994681,22.747949665937107,2.019590316712895
11.65,31.220477385073377,131.01388900446287,23.07271041298443,2.044060771301069,-0.0385794043288653,0.5793593922894877,-0.0168392885857486,-1.996754114570552,0.0,22.724326051674183,1.8828822256851887,-59.24915393952969,0.2301015531451027,120.26027803699148,315.59445937499805,1.274,1.0150000015428002,1.0,9.03251652372202,300.0001285565649,0.0667959958223098,3.758944742721264e-06,-0.357303906754584,0.0025431916308835,0.0251697021531305,2.044424656405079,21.659547878419477,22.71826601347113,2.0791748029274855
11.66,31.22047729382988,131.01388917193367,22.873390447160617,1.982674606055636,-0.0390904770586779,0.6319051027738787,-0.0162830647170386,-2.0427581653991664,0.0,22.695091286058776,1.8319611124358983,-59.45387780852251,0.2290289395795095,120.2615273897256,314.7889860277496,1.274,1.0150000015428002,1.0,9.01956872075796,300.0001285565649,0.0667099129603265,3.7226048551217945e-06,-0.3590308637037994,0.0025055336981665,0.0252593012239962,1.9830597693762289,21.67875728637952,22.688950968757496,2.138324138060742
11.67,31.220477204877284,131.0138893347888,22.674054108163656,1.9202684957378824,-0.0395796750447084,0.6832682254603786,-0.0157243727603372,-2.087880743976439,0.0,22.66624273763196,1.7813707087687034,-59.659591046621486,0.2279844654713922,120.26274143852856,313.99522732788154,1.274,1.0150000015428002,1.0,9.006545438828438,300.0001285565649,0.0666249657172034,3.685589531485317e-06,-0.3606952164383384,0.0024675107365746,0.0253446237103875,1.9206761985848435,21.697802964857583,22.66002557730884,2.196895246681118
11.68,31.220477118200662,131.0138894930582,22.47470001413095,1.85691788763916,-0.0400464901138242,0.7334595133647949,-0.0151635512395259,-2.132123229672392,0.0,22.637767361427937,1.731107469766346,-59.866257784930426,0.2269688208583364,120.26391953646906,313.2127821525044,1.274,1.0150000015428002,1.0,8.99342831689767,300.0001285565649,0.0665411157401068,3.647896403457736e-06,-0.3622964019954375,0.002429144315799,0.0254256379854864,1.857349509722868,21.716708708693844,22.63147687398293,2.254804261469307
11.69,31.22047703378536,131.01388964677147,22.27532680705644,1.7927090705208804,-0.0404903342293409,0.7824922184565383,-0.0146009707716711,-2.175490550761378,0.0,22.609650273793523,1.6811683129204684,-60.07384183203204,0.2259827015094136,120.26506103440929,312.44120086856606,1.274,1.0150000015428002,1.0,8.980194107869435,300.0001285565649,0.066458319271973,3.6095235879281465e-06,-0.3638339259068551,0.0023904563097522,0.0255023146446257,1.7931661227160256,21.735500199964896,22.603290067495102,2.3119832172281343
11.7,31.22047695161677,131.0138897959579,22.075933149808552,1.7275371392312808,-0.0409123053300842,0.8303397709416533,-0.0140365356637425,-2.2179404449159605,0.0,22.58191709566235,1.631550405258632,-60.282306713230525,0.2250268088632997,120.26616528099332,311.6811544455369,1.274,1.0150000015428002,1.0,8.966905084910515,300.0001285565649,0.0663766516141919,3.570469690505525e-06,-0.3653073713861594,0.0023514689781613,0.0255746750514717,1.728021376285584,21.7541509864859,22.575490606315142,2.3683160635216924
11.71,31.220476871680464,131.0138899406466,21.87651772911259,1.6616836036077447,-0.0413101371756554,0.8770567854508563,-0.0134710827387632,-2.259525637224266,0.0,22.55451217092615,1.5822502160622776,-60.49161571505776,0.2241018498930053,120.26723162271676,310.93107001049685,1.274,1.0150000015428002,1.0,8.953451623924664,300.0001285565649,0.0662959491645885,3.5307337901099007e-06,-0.3667162279791787,0.002312203274665,0.0256426417811349,1.6621968738533155,21.77273800145438,22.54802319031486,2.423812323644153
11.72,31.22047679396219,131.0138900808662,21.677079250579897,1.5949303768089889,-0.0416859456605163,0.9225946666716284,-0.0129042535820158,-2.3001775475260327,0.0,22.527484869536444,1.5332657006116044,-60.70173183160188,0.2232085379830604,120.2682594028298,310.1922747777507,1.274,1.0150000015428002,1.0,8.939945910936606,300.0001285565649,0.0662163570317303,3.490315486784099e-06,-0.3680602366282534,0.002272682233191,0.0257062735924438,1.595474906122009,21.79120445554324,22.52093685708188,2.4783389979731014
11.73,31.22047671844774,131.0138902166454,21.477616440696483,1.5274964854608055,-0.0420380385700175,0.9669952307591588,-0.0123367264932395,-2.3399332215677418,0.0,22.500793182413755,1.484593254884158,-60.9126179085471,0.2223475917355638,120.26924796262183,309.4635764586301,1.274,1.0150000015428002,1.0,8.92630687819746,300.0001285565649,0.0661377517277588,3.449214844737196e-06,-0.369338942928822,0.0022329265719373,0.025765511458012,1.5280747007541802,21.809608791667632,22.49418986334906,2.5319003638626696
11.74,31.22047664512312,131.01389034801224,21.27812805278759,1.4593429008372671,-0.0423669937303461,1.0102479348932862,-0.0117685732154448,-2.378768240558645,0.0,22.47444905993081,1.436230632604666,-61.12423653124272,0.2215197364446418,120.2701966396384,308.74527115117525,1.274,1.0150000015428002,1.0,8.912567231387493,300.0001285565649,0.0660601683714196,3.407432451312149e-06,-0.3705520871734806,0.0021929585178982,0.0258203709657963,1.4599576282246185,21.82794118815097,22.467794068724377,2.5844298658625173
11.75,31.220476573974377,131.01389047499492,21.078612857076685,1.3904565310799286,-0.0426731752001605,1.0523482025164332,-0.011199917623405,-2.4166635524753017,0.0,22.44845870124888,1.3881749965923385,-61.33655013625621,0.2207257032152157,120.27110476860184,308.03749603300287,1.274,1.0150000015428002,1.0,8.898748555898496,300.0001285565649,0.0659836251763937,3.3649693842630705e-06,-0.3716993736662712,0.0021527995368977,0.0258708584181604,1.3911110693273112,21.846199108045223,22.44175561518288,2.6358727024188564
11.76,31.22047650498777,131.01389059762113,20.87906964167932,1.3210658432668552,-0.0429548488395328,1.0933396837402745,-0.010631465993435,-2.453660007296605,0.0,22.422779629254386,1.3404234631344956,-61.54952099074988,0.2199662294633737,120.27197168074672,307.33905358746404,1.274,1.0150000015428002,1.0,8.884766162451088,300.0001285565649,0.0659079972804821,3.321827222035396e-06,-0.3727804937250518,0.0021124705573678,0.0259169227067683,1.3217638799365306,21.86443908029314,22.416032298008933,2.686252431086332
11.77,31.22047643814964,131.0138907159183,20.679497227515515,1.2509898450169807,-0.0432138727038568,1.1331857652992676,-0.0100629544243569,-2.489699361720336,0.0,22.39745226868432,1.2929742012481265,-61.763111185037445,0.2192420592841564,120.27279670330984,306.65102199941526,1.274,1.0150000015428002,1.0,8.870714967059941,300.0001285565649,0.0658334034981515,3.2780080680856264e-06,-0.3737953403087534,0.0020719940580928,0.0259586219343953,1.2517358884255507,21.882616105896847,22.390664250076902,2.735473296064007
11.78,31.22047637344639,131.01389082991395,20.479894441467845,1.180411284514306,-0.0434489377272347,1.17192143654366,-0.009494971790767,-2.524810890522749,0.0,22.37244368078172,1.2458241129678176,-61.97728274811582,0.218553942455779,120.27357916056933,305.9724682623735,1.274,1.0150000015428002,1.0,8.856531001189028,300.0001285565649,0.0657597470041121,3.2335145044068127e-06,-0.3747436433667101,0.0020313905057975,0.0259959177802451,1.1812105416481162,21.900773928275424,22.36561873825734,2.7835516953744794
11.79,31.220476310864644,131.0138909396349,20.28026014222929,1.1093492457135576,-0.0436601782691542,1.209550144218788,-0.008927730867792,-2.558985682348624,0.0,22.347754151646168,1.198971199521128,-62.1919975542628,0.2179026357198361,120.2743183722949,305.30337152653567,1.274,1.0150000015428002,1.0,8.842221475552638,300.0001285565649,0.0656870286321925,3.188349637605709e-06,-0.3756252931304234,0.0019906815025509,0.026028821013439,1.1102079633682245,21.918915512126254,22.34089602754464,2.8304591461851896
11.8,31.22047625039104,131.0138910451082,20.080593200420385,1.0377344247874496,-0.0438485131128289,1.2460591383657602,-0.0083612280157493,-2.5921926457690283,0.0,22.32340105999722,1.1524132140347647,-62.40721741487086,0.217288902019655,120.27501365451856,304.644177799144,1.274,1.0150000015428002,1.0,8.827832322810487,300.0001285565649,0.0656152994566654,3.142517073952013e-06,-0.3764401942218777,0.0019498883575119,0.0260573629930039,1.0386602997353196,21.9370236623109,22.31651335233625,2.8761425554408437
11.81,31.220476192012367,131.01389114636046,19.880892513501383,0.965812379373707,-0.0440121212751875,1.28149544085194,-0.0077962044659977,-2.6244777622576008,0.0,22.299340271058707,1.106147513146698,-62.62290408669087,0.2167135106367419,120.27566431928167,303.99365429620383,1.274,1.0150000015428002,1.0,8.81327264763707,300.0001285565649,0.0655444297447983,3.096020913803694e-06,-0.3771881870797569,0.0019090313236267,0.0260814984894924,0.9668145817570396,21.955152669011547,22.292426863895248,2.920646310376018
11.82,31.22047613571553,131.01389124341804,19.681156999807428,0.8934651858204061,-0.0441523704516139,1.3158382875780643,-0.0072325556005596,-2.655800119378801,0.0,22.27559885355601,1.0601726570351055,-62.83901923505304,0.2161772378376045,120.2762696738102,303.3525129964139,1.274,1.0150000015428002,1.0,8.798608976594569,300.0001285565649,0.0654744990529631,3.048865781783513e-06,-0.3778693269504541,0.0018681322948829,0.0261012797961243,0.8945553711609903,21.973273277671456,22.268663416109952,2.9639090713126377
11.83,31.220476081487487,131.01389133630727,19.48138558860727,0.8206992058670011,-0.0442695531499998,1.3490907298259205,-0.0066704537774136,-2.686147421467496,0.0,22.252179150600213,1.014486235741623,-63.05552455694424,0.2156808656869996,120.27682902175376,302.7207904038203,1.274,1.0150000015428002,1.0,8.783854375116272,300.0001285565649,0.065405514261176,3.001056780605839e-06,-0.3784835612589693,0.001827211677433,0.0261167225765483,0.8218922349139574,21.991385158217213,22.24522530614442,3.005907227795347
11.84,31.22047602931533,131.01389142505425,19.28157723899192,0.7477835404878805,-0.0443616775014693,1.3813039482659448,-0.0061106966378449,-2.7155726348528217,0.0,22.2290337217256,0.9690860176026296,-63.27238171922608,0.2152251829444176,120.27734166207652,302.09716999407544,1.274,1.0150000015428002,1.0,8.768908297916628,300.0001285565649,0.0653373359215819,2.9525995112976626e-06,-0.3790308397574111,0.0017862894564788,0.0261277837744846,0.7490981712137655,22.009543287048245,22.22206540641485,3.0466986515357872
11.85,31.22047597918627,131.01389150968467,19.081730923968404,0.6745407726799119,-0.0444306646921286,1.4124484764984828,-0.0055530467791304,-2.7440217529181465,0.0,22.20620046828873,0.9239709599570062,-63.48955235996653,0.2148109852496971,120.2778068887532,301.48265810562543,1.274,1.0150000015428002,1.0,8.75386236505782,300.0001285565649,0.0652700754304731,2.9035000901230285e-06,-0.379511346675138,0.0017453874246716,0.0261345362472136,0.6760024014509352,22.02770604172481,22.19922131649866,3.086210769791881
11.86,31.220475931087496,131.01389159022443,18.88184563940728,0.6010141875925868,-0.0444765175467326,1.442535264800074,-0.0049977636032054,-2.771492351200909,0.0,22.18367474239416,0.8791387679477553,-63.70699822278546,0.2144390737240008,120.27822399223496,300.8771030593051,1.274,1.0150000015428002,1.0,8.738713702073293,300.0001285565649,0.0652037191195826,2.853765093719351e-06,-0.3799251053424,0.0017045253709141,0.0261369914577753,0.6026575659079454,22.04587972905349,22.1766883880567,3.1244364004725713
11.87,31.220475885006444,131.01389166669892,18.681920398077555,0.5274543387565794,-0.0444974388387505,1.4716119592621733,-0.0044456003744912,-2.798034016542688,0.0,22.161413710828786,0.8345876008022723,-63.92468106466265,0.214110256196024,120.278592257975,300.2793192301198,1.274,1.0150000015428002,1.0,8.72337025038936,300.0001285565649,0.0651381410842355,2.8034015895655434e-06,-0.3802721734283533,0.0016637229609039,0.0261351177834542,0.52932791878273,22.064111068711515,22.15442407018345,3.1614325676402064
11.88,31.22047584093053,131.01389173913347,18.481954231635072,0.4537074853752505,-0.0444951741674595,1.4996555135212004,-0.0038963805048378,-2.823599787994908,0.0,22.13945011267786,0.7903166768448794,-64.14256267561004,0.2138253471259765,120.27891096641548,299.69017181421265,1.274,1.0150000015428002,1.0,8.707912796253177,300.0001285565649,0.0650734375469888,2.7524171431174963e-06,-0.3805528256071742,0.0016230014783446,0.0261289871424178,0.4558840438397956,22.08236423051808,22.132460827766156,3.197138971608908
11.89,31.220475798847243,131.01389180755345,18.281946193605204,0.3798122722366189,-0.0444697977374182,1.5266770556706664,-0.0033503568436393,-2.8481875911499346,0.0,22.1177803780644,0.7463241451418048,-64.36060500300728,0.2135851662422695,120.279179394403,299.10954081020026,1.274,1.0150000015428002,1.0,8.69234029815942,300.0001285565649,0.0650095980085655,2.700819766543077e-06,-0.3807671962701328,0.0015823803996625,0.0261186186433411,0.3824067155340622,22.10064279650221,22.1107950792718,3.231551734319397
11.9,31.220475758744225,131.01389187198373,18.08189535242364,0.3059556946879321,-0.0444200977951882,1.5527132073056118,-0.002808132708619,-2.871832601798076,0.0,22.09637420322952,0.7026085908835502,-64.57877007122208,0.2133905395989896,120.27939681390676,298.53658451924235,1.274,1.0150000015428002,1.0,8.676588212713552,300.0001285565649,0.064946533392526,2.648617943358808e-06,-0.3809154493812824,0.0015418790214947,0.0261040014304156,0.3091634089675615,22.118977345636328,22.08939671128324,3.2647126493002254
11.91,31.22047572060915,131.0138919324492,17.881800803366307,0.2320967076047859,-0.044346864415239,1.5777620367428549,-0.0022697948251109,-2.894516321341666,0.0,22.0752431510526,0.6591694307390475,-64.79701999855183,0.2132422994723734,120.2795624920332,297.9715948565523,1.274,1.0150000015428002,1.0,8.660688795444436,300.0001285565649,0.0648842776790404,2.595820630126025e-06,-0.3809979089338438,0.0015015176968044,0.0260851846386922,0.2362953984052245,22.137354022086893,22.06827716257529,3.2965986912375005
11.92,31.22047568442976,131.01389198897468,17.681661647672243,0.1582248364254047,-0.0442506295061195,1.601827333444418,-0.001735491324748,-2.916226884123396,0.0,22.05439280969209,0.6160057072208044,-65.01531708891389,0.2131412833105808,120.27967569208444,297.414701689842,1.274,1.0150000015428002,1.0,8.644661486924642,300.0001285565649,0.0648228472869281,2.542437220771704e-06,-0.3810148576688178,0.0014613159131792,0.0260622071188818,0.1642961110192045,22.15576533519502,22.04744193775444,3.3271959752596243
11.93,31.22047565019385,131.01389204158477,17.481477014414892,0.0844154823633867,-0.0441311838055638,1.6249274293534954,-0.0012055652624254,-2.936973331717545,0.0,22.033813323023264,0.5731166250370958,-65.23362380820758,0.2130883340599525,120.27973567309031,296.8656184439698,1.274,1.0150000015428002,1.0,8.628489215140613,300.0001285565649,0.0647622132407395,2.488477548778368e-06,-0.3809665639981727,0.0014212925508978,0.026035088083965,0.0952550976999416,22.17421902303304,22.0268812135668,3.3565164911367584
11.94,31.22047561788936,131.01389209030387,17.281246052549065,0.0108353746626164,-0.0439875293254255,1.647095735665324,-0.0006805780184159,-2.956788364010088,0.0,22.013479071492576,0.5305019644349371,-65.45190277610203,0.2130843002981666,120.27974168955664,296.32363540586823,1.274,1.0150000015428002,1.0,8.612116168034397,300.0001285565649,0.0647023002332272,2.433951888731624e-06,-0.3808533574466576,0.0013814665963582,0.0260038319041172,0.0453024067528389,22.19273715054219,22.00656952722241,3.3846007527002038
11.95,31.22047558750421,131.01389213515642,17.080967919975254,-0.0626225821216279,-0.0438210681644086,1.6683214128233943,-0.0001604703199909,-2.975639538443672,0.0,21.99341287964708,0.4881624700566564,-65.67011680105016,0.2131300358112873,120.27969299182628,295.7893486404378,1.274,1.0150000015428002,1.0,8.595601829943456,300.0001285565649,0.0646431753450372,2.378870947866172e-06,-0.3806757086066185,0.0013418578907504,0.0259685094184982,0.0764321466504449,22.211293951050813,21.98652948302727,3.4114112951951485
11.96,31.22047555902641,131.01389217616662,16.88064180044023,-0.1359107608506665,-0.0436318589210275,1.6886190550224809,0.0003544766144637,-2.9935306787100777,0.0,21.973609919169103,0.4460986951297228,-65.88822896111489,0.2132263985542831,120.2795888271138,295.26260911521405,1.274,1.0150000015428002,1.0,8.578940739635039,300.0001285565649,0.0645848243789295,2.3232458286417764e-06,-0.3804339882655773,0.0013024848529887,0.0259291515579043,0.1427426721682463,22.229890634568815,21.966756243459088,3.4369551005238788
11.97,31.220475532444045,131.01389221335853,16.680266891607257,-0.208959568281304,-0.0434197764070949,1.708006855402331,0.0008639292221161,-3.0104717082796166,0.0,21.954061698485795,0.4043123798710572,-66.1062025467823,0.2133742513201581,120.27942843866074,294.7431701487815,1.274,1.0150000015428002,1.0,8.562117908169027,300.0001285565649,0.0645272223708028,2.267088042578508e-06,-0.3801286033768808,0.0012633657648408,0.0258857870057734,0.2134229833019822,22.248531212609876,21.94724133660955,3.4612466064738947
11.98,31.220475507745245,131.01389224675623,16.479842411021036,-0.2816154045361264,-0.0431839696880106,1.7265163136647577,0.0013673557495148,-3.026494282073559,0.0,21.93474562449528,0.3628068033432078,-66.32400108168203,0.2135744614184872,120.2792110659814,294.23040778315897,1.274,1.0150000015428002,1.0,8.545083033884337,300.0001285565649,0.0644703029097647,2.210409499959496e-06,-0.3797600161440153,0.0012245189470457,0.0258384312232458,0.2849071362610287,22.26723156084602,21.92796230304128,3.4843260597189003
11.99,31.220475484918182,131.01389227638356,16.279367595113705,-0.3539674953548804,-0.0429257156085763,1.7441413923568063,0.0018647689449613,-3.04157256636468,0.0,21.91568077249495,0.3215879599442044,-66.54158835424215,0.2138279001836062,120.27893594529314,293.7248172780436,1.274,1.0150000015428002,1.0,8.527887179660516,300.0001285565649,0.0644141220564486,2.1532224989110035e-06,-0.3793288173870507,0.0011859634414479,0.0257871571550958,0.3565607681539404,22.285969076095125,21.90893801748543,3.5061654767506027
12.0,31.22047546395107,131.01389230226442,16.078841690257345,-0.4259685122096584,-0.0426451054454733,1.7608975190453025,0.0023558841985727,-3.055712774307551,0.0,21.89686254145141,0.2806649545805002,-66.75892849138239,0.2141354418977842,120.27860231058052,293.2262582605076,1.274,1.0150000015428002,1.0,8.510524517887644,300.0001285565649,0.0643586662821596,2.095539689673809e-06,-0.3788355134986261,0.0011477170133758,0.0257320036657551,0.4280978216553119,22.30474268224422,21.890163864570944,3.5267756069583744
12.01,31.2204754448322,131.01389232442244,15.8782639696647,-0.4975716046264114,-0.0423422415651674,1.776800149351499,0.0028404167539277,-3.068921716889345,0.0,21.878286494190966,0.2400540665880396,-66.97598591013782,0.2144979642590152,120.27820939297304,292.7345953807462,1.274,1.0150000015428002,1.0,8.492989107377825,300.0001285565649,0.0643039225399519,2.037374083541068e-06,-0.3782806461391298,0.0011097972741744,0.025673011830577,0.4993699250862578,22.3235506406017,21.87163539104449,3.546167980101604
12.02,31.22047542754988,131.01389234288132,15.67763371648866,-0.5686888361077836,-0.0420168742559146,1.7918710639552589,0.0033179869148142,-3.0812169961674765,0.0,21.859941462119767,0.1997853480521529,-67.19272533786494,0.2149163479471343,120.27775642110744,292.24951391223766,1.274,1.0150000015428002,1.0,8.475257793261827,300.0001285565649,0.064249857998287,1.9787390395752447e-06,-0.3776647916679448,0.0010722216738918,0.0256102168203483,0.5702388552722206,22.342396285016942,21.85334146753686,3.5643668577110077
12.03,31.220475412092487,131.01389235766456,15.476950235752025,-0.6392384952426456,-0.0416688145864607,1.8061312095648487,0.0037882229483321,-3.0926160495950943,0.0,21.84181757761376,0.1599195446606898,-67.40911183212278,0.2153914761612084,120.27724262151968,291.7707350660792,1.274,1.0150000015428002,1.0,8.457309825436592,300.0001285565649,0.0641964436496869,1.9196482524430308e-06,-0.3769885968948702,0.0010350078311902,0.0255436597901935,0.6405950919791196,22.361280913609797,21.835272256101305,3.581396142150496
12.04,31.220475398448407,131.01389236879567,15.276212844406045,-0.7092582181987064,-0.0412989214039805,1.8195842247534872,0.0042510189915253,-3.103108248775714,0.0,21.82392457685993,0.1205968704126008,-67.62511082103791,0.2159242338499559,120.27666721936764,291.2985044215707,1.274,1.0150000015428002,1.0,8.439173735502257,300.00012855656485,0.0641437081054162,1.860115732669236e-06,-0.3762527733863702,0.000998173476242,0.0254734088488315,0.710459523034207,22.38018938041122,21.81743735801748,3.5972469508992697
12.05,31.220475386606065,131.0138923762981,15.07542088027794,-0.7787014249016356,-0.0409073240081253,1.8322462647369708,0.0047060880877723,-3.1127029793937013,0.0,21.806258163195448,0.0822202304601513,-67.84068814040694,0.2165155069407046,120.27602943915176,290.8326925986325,1.274,1.0150000015428002,1.0,8.42084318883022,300.0001285565649,0.0640916387319857,1.800155783033984e-06,-0.3754579931049113,0.0009617354830696,0.0253995125851542,0.7797751055698627,22.39911795285697,21.799832456312267,3.611934157737942
12.06,31.22047537655392,131.01389238019516,14.874573696105855,-0.8475219179005509,-0.0404941605515319,1.844133514978824,0.0051531432775688,-3.121410281160426,0.0,21.78881415832819,0.0465036091786335,-68.05581001100443,0.2171661823326103,120.2753285046072,290.37317392401184,1.274,1.0150000015428002,1.0,8.402311728824762,300.0001285565649,0.0640402232439394,1.739782997004024e-06,-0.374604961947113,0.0009257105521388,0.0253220216669001,0.8484886910042528,22.418062344254345,21.782453350992636,3.625473364857036
12.07,31.220475368280464,131.01389238051016,14.673670657550725,-0.9156736230580153,-0.0400595754573021,1.8552622762083235,0.0055918971436019,-3.129240893260594,0.0,21.771588436855776,0.0262700684135873,-68.27044305802538,0.2178771473020098,120.27456363923253,289.9198246634258,1.274,1.0150000015428002,1.0,8.383572774820145,300.0001285565649,0.063989449511394,1.679012243311598e-06,-0.3736944192843434,0.0008901152049638,0.0252409887356637,0.916549407791786,22.437017785136977,21.76529589397032,3.6378809698627737
12.08,31.22047536177424,131.01389237726636,14.472711154131916,-0.9831106045798336,-0.0396037192774124,1.8656489514801409,0.0060220619109056,-3.1362062604811176,0.0,21.75457692669768,0.0477764674753636,-68.48455433026487,0.2186492888742399,120.27373406685273,289.47252301661365,1.274,1.0150000015428002,1.0,8.364619619944733,300.0001285565649,0.063939305561303,1.6178586501815572e-06,-0.3727271377355815,0.0008549657811182,0.02515646839497,0.98390790295093,22.45597903904157,21.748355989516213,3.6491741509099787
12.09,31.22047535702376,131.01389237048696,14.271694583320832,-1.0497553389108465,-0.0391264716178763,1.875314406962104,0.0064432784081933,-3.1423263129914965,0.0,21.73777065757976,0.0829480997429185,-68.69811131916792,0.2194834931589087,120.2728390122198,289.031017427605,1.274,1.0150000015428002,1.0,8.345432408181,300.0001285565649,0.0638897650243989,1.5563375891766008e-06,-0.3717039229315676,0.0008202784353187,0.0250685114870941,1.0504841650647818,22.47494389838182,21.731624686267654,3.6593797695941594
12.1,31.2204753540176,131.01389236019511,14.070620363464924,-1.115563973078733,-0.0386280103225745,1.8842749603001456,0.0068552582444323,-3.147614015133928,0.0,21.72116607755332,0.1201014903220554,-68.91108197774335,0.2203806446489506,120.27187770165062,288.5952011972611,1.274,1.0150000015428002,1.0,8.326004842356854,300.0001285565649,0.0638408174566958,1.494464659554692e-06,-0.3706256408598654,0.0007860693868223,0.0249771788841701,1.116232463538397,22.493905682957543,21.715098404340363,3.6685164724786556
12.11,31.220475352744334,131.01389234641397,13.869487926828771,-1.180530371877862,-0.0381088463476179,1.892541968209888,0.0072577968698968,-3.1520738377951414,0.0,21.70476542990459,0.1576573975477729,-69.12343475514781,0.2213416252621624,120.2708493639391,288.16512193939207,1.274,1.0150000015428002,1.0,8.306345872643297,300.00012855656485,0.0637924694470849,1.4322556660795912e-06,-0.3694931884131337,0.0007523546481032,0.0248825398478111,1.1811452228990962,22.512853507902246,21.698779306759835,3.6765931588855127
12.12,31.220475353192544,131.01389232916668,13.668296717605546,-1.2446094056064745,-0.037569154194729,1.9001321282183257,0.0076506075504952,-3.1557199182830686,0.0,21.688564822189687,0.1952348903812164,-69.335138614392,0.2223673135715159,120.26975323106296,287.7406644379244,1.274,1.0150000015428002,1.0,8.286448354944774,300.0001285565649,0.0637447095509277,1.3697266009357977e-06,-0.3683074605567885,0.0007191497257674,0.0247846560833935,1.2451762091605971,22.531780562710217,21.682663473671575,3.683629845564276
12.13,31.220475355350832,131.0138923084763,13.46704620384722,-1.3077562755965384,-0.0370091148202477,1.9070621372637475,0.0080334039850641,-3.1585671011057688,0.0,21.672560444830623,0.2326994373381872,-69.54616303123815,0.2234585842570461,120.26858853865252,287.3217161220903,1.274,1.0150000015428002,1.0,8.266305009597854,300.0001285565649,0.0636975265672501,1.3068936325835783e-06,-0.3670693841704961,0.0006864699305671,0.0246835912178698,1.3082797533717538,22.55067964253063,21.666747067073118,3.6896472274666396
12.14,31.220475359207807,131.01389228436597,13.265735857581223,-1.369926399589438,-0.0364289143454638,1.9133487230610968,0.0084059001501228,-3.1606309607467544,0.0,21.65674854287195,0.2699918399196498,-69.75647801248522,0.2246163072535121,120.26735452678432,286.90816630098936,1.274,1.0150000015428002,1.0,8.245908418831833,300.0001285565649,0.0636509094557276,1.24377308806284e-06,-0.365779917666199,0.0006543303738933,0.0245794107446357,1.3704105783304363,22.569543191198957,21.651026302773182,3.694666705567339
12.15,31.22047536475208,131.01389225685867,13.064365176682111,-1.431075423635961,-0.0358287438883675,1.9190086328036216,0.00876781040184,-3.161927805156638,0.0,21.64112541639617,0.3070820338620749,-69.96605411403708,0.2258413468591333,120.2660504408146,286.4999061604024,1.274,1.0150000015428002,1.0,8.225251024058611,300.0001285565649,0.0636048473379065,1.1803814350559027e-06,-0.3644400507106749,0.0006227459654122,0.0244721820084886,1.4315237686002946,22.5883633228531,21.63549745083361,3.6987103769147356
12.16,31.220475371972245,131.01389222597757,12.862933666976632,-1.4911592350064813,-0.0352087994045165,1.924058622061813,0.0091188495805262,-3.162474678477534,0.0,21.62568742111038,0.3439531042271893,-70.17486245881103,0.2271345608041762,120.26467553225363,286.0968287645038,1.274,1.0150000015428002,1.0,8.204325123810083,300.00012855656485,0.0635593294989277,1.1167352637056949e-06,-0.3630508039417495,0.0005917314107965,0.0243619741903523,1.4915747530045136,22.607131844179225,21.62015683618091,3.701801024712114
12.17,31.22047538085693,131.01389219174575,12.661440853179572,-1.5501339742996458,-0.0345692815220455,1.928515444001477,0.0094587331136928,-3.162289363468109,0.0,21.6104309688992,0.3805947519302965,-70.3828747544843,0.2284967992803763,120.26322905968075,285.69882905717105,1.274,1.0150000015428002,1.0,8.183122871424613,300.0001285565649,0.0635143453891451,1.0528512682110829e-06,-0.3616132286772557,0.0005613012095455,0.0242488582914729,1.55051929427291,22.62584027736134,21.605000839185177,3.7039621088353303
12.18,31.220475391394743,131.0138921541863,12.45988626497554,-1.6079560454923136,-0.0339103953591387,1.932395839102264,0.0097871771144763,-3.161390383945656,0.0,21.59535252816823,0.417000282571663,-70.59006331107355,0.229928903929314,120.26171028970091,285.3058038577559,1.274,1.0150000015428002,1.0,8.161636271974746,300.0001285565649,0.0634698846251374,9.887462282189658e-07,-0.3601284066173991,0.0005314696528975,0.0241329071168864,1.608313482267654,22.64447988377748,21.590025896032174,3.705217757098721
12.19,31.22047540357428,131.01389211332224,12.258269459884657,-1.6645821283437825,-0.0332323503631195,1.935716524823952,0.0101038984847634,-3.1597970062027,0.0,21.58044862463068,0.4531650864605404,-70.79640105834464,0.2314317067911796,120.26011849794207,284.91765186896134,1.274,1.0150000015428002,1.0,8.139857180218906,300.0001285565649,0.0634259369920178,9.244369900344292e-07,-0.358597449542278,0.000502250821852,0.0240141952590315,1.6649137336139888,22.663041688032425,21.575228499535253,3.705592756044389
12.2,31.2204754173841,131.0138920691768,12.056590001391124,-1.7199691896739606,-0.0325353601412688,1.938494185662676,0.0104086150156664,-3.1575292402049286,0.0,21.565715842018783,0.4890858145461408,-71.00186156304827,0.2330060292135403,120.25845297009344,284.53427368326425,1.274,1.0150000015428002,1.0,8.117777298176529,300.0001285565649,0.0633824924455174,8.599404476687214e-07,-0.3570214990024907,0.0004736585852825,0.0238927990807878,1.720276793163824,22.68151650259437,21.560605199873358,3.705112542131974
12.21,31.2204754328128,131.0138920217732,11.8548474659023,-1.7740744915468671,-0.0318196422653762,1.9407454638599275,0.0107010454804742,-3.154607841066993,0.0,21.55115082245292,0.5247599051130862,-71.20641904597922,0.2346526807207828,120.25671300298414,284.1555717800968,1.274,1.0150000015428002,1.0,8.095388171535065,300.0001285565649,0.0633395411130734,7.952735237463178e-07,-0.3554017260037783,0.0004457065981471,0.0237687966976381,1.774359734552419,22.69989495310861,21.54615260499081,3.7038031938520457
12.22,31.220475449848927,131.01389197113463,11.653041448713765,-1.826855603758768,-0.0310854181157187,1.942486949863124,0.0109809097358923,-3.151054309059916,0.0,21.536750267531463,0.5601852986809033,-71.41004839885517,0.2363724578447056,120.25489790570144,283.7814505424608,1.274,1.0150000015428002,1.0,8.072681187860166,300.0001285565649,0.063297073297032,7.304531502914688e-07,-0.353739330688345,0.0004184082998218,0.0236422679603583,1.8271199667026767,22.71816750380476,21.531867381711702,3.701691422770439
12.23,31.22047546848099,131.01389191728427,11.451171555061803,-1.8782629018931665,-0.0303328472422005,1.9437360470079004,0.0112479126296362,-3.146892709052921,0.0,21.522509897241,0.5953602592865223,-71.6127252010125,0.2381661429168331,120.25300700074835,283.4117888268851,1.274,1.0150000015428002,1.0,8.049644565797344,300.0001285565649,0.0632550764148567,6.654962494140128e-07,-0.3520355420091188,0.0003917769125215,0.0235132932985962,1.8785077270637431,22.736324944715605,21.51774522496064,3.6988065721617365
12.24,31.220475488697502,131.0138918602455,11.249237403106084,-1.9281813910214145,-0.0295615202151628,1.9445176228203835,0.011501618200696,-3.142163868348823,0.0,21.50841650119428,0.6302832285585397,-71.8144257359158,0.2400345028229644,120.25103962523998,283.0462308307317,1.274,1.0150000015428002,1.0,8.026240086008958,300.0001285565649,0.0632135116376509,6.0041971399426e-07,-0.3502916238509858,0.0003658254972107,0.0233819455189944,1.9284079003762624,22.754361695179718,21.503772988663453,3.695196185351613
12.25,31.22047551048693,131.01389180004173,11.047238625917826,-1.9766380109288448,-0.0287722648654553,1.9448402946795915,0.0117418864400269,-3.1368762974302795,0.0,21.494476619696968,0.6649524969531257,-72.01512701117552,0.2419782876693608,120.24899513219158,282.68494122191527,1.274,1.0150000015428002,1.0,8.002485799393943,300.0001285565649,0.0631723981842876,5.352403876601298e-07,-0.348508931040003,0.0003405674519904,0.0232483248129582,1.9768473236504756,22.77226334538445,21.4899570830905,3.6908717871373518
12.26,31.220475533837703,131.0138917366964,10.845174868497514,-2.0235912063159898,-0.0279653121137642,1.9447204561490847,0.0119684399141133,-3.131054774929901,0.0,21.48068716929682,0.6993668037309833,-72.21480681065597,0.2439982289482582,120.24687289233232,282.3278313420564,1.274,1.0150000015428002,1.0,7.978372314741766,300.0001285565649,0.0631317269892558,4.699750324403917e-07,-0.3466887873406023,0.0003160154285637,0.0231125184642112,2.023784352088494,22.790019923882568,21.47629438851664,3.6858628433149834
12.27,31.2204755587382,131.01389167023305,10.643045789763082,-2.068999998058048,-0.0271408977421558,1.9441743411815688,0.0121810031435249,-3.1247247897600383,0.0,21.46704517502373,0.7335248350019397,-72.41344367668134,0.2460950386702567,120.24467229489996,281.97481566801014,1.274,1.0150000015428002,1.0,7.9538900666599375,300.00012855656485,0.0630914893059599,4.04640320230864e-07,-0.3448325443286749,0.0002921818589005,0.0229746154683625,2.069177928569704,22.80762140830121,21.46278189293524,3.6801993502373325
12.28,31.220475585176786,131.01389160067532,10.440851058573472,-2.112823768332054,-0.026299260254666,1.9432180831231336,0.0123793022357925,-3.117912575967825,0.0,21.45354772747878,0.7674252901223237,-72.61101692597276,0.2482694079820213,120.2423927489774,281.6258106708668,1.274,1.0150000015428002,1.0,7.929029311669453,300.0001285565649,0.0630516765806042,3.39252813144393e-07,-0.3429415808496568,0.0002690789524646,0.0228347064519394,2.112987367114012,22.825057779126837,21.449416649483297,3.6739118929390386
12.29,31.220475613141748,131.01389152804688,10.238590363670117,-2.1549326895065746,-0.0254398605377295,1.941877364404086,0.0125628751602746,-3.1106666836904435,0.0,21.440180213814862,0.8010668620068693,-72.80750666527584,0.2505220057570475,120.24003368485712,281.28042600225126,1.274,1.0150000015428002,1.0,7.903744596527551,300.0001285565649,0.0630122458632933,2.738289439177351e-07,-0.3410173026668266,0.0002467186953036,0.0226928711942612,2.155082777439765,22.84232299677735,21.43618412999748,3.667055050205676
12.3,31.22047564262138,131.0138914523716,10.036263392799656,-2.195291315422061,-0.0245629808028168,1.940167618052648,0.0127314495420265,-3.103015209811572,0.0,21.4269408080164,0.8344478709743434,-73.00289380678656,0.2528534771602029,120.2375945554326,280.93860761483086,1.274,1.0150000015428002,1.0,7.878027393541551,300.0001285565649,0.0629731917846693,2.083849967224317e-07,-0.3390612185857134,0.0002251135220625,0.0225492098210353,2.195428660722361,22.859406192056976,21.42308246413257,3.659660622007112
12.31,31.220475673603847,131.0138913736734,9.833869857568072,-2.233931149248466,-0.0236694850086974,1.9380972214366583,0.0128848955889267,-3.0949709100210656,0.0,21.41383629156336,0.8675667435607762,-73.19716012719502,0.2552644415593115,120.23507483827228,280.60052721585714,1.274,1.0150000015428002,1.0,7.851895405876847,300.0001285565649,0.0629345342725722,1.429370726408098e-07,-0.3370748595564316,0.0002042756032067,0.0224038326617877,2.234056476498288,22.876294103037285,21.410118297658236,3.6517436649019404
12.32,31.22047570607729,131.0138912919764,9.631409475545617,-2.270770562902604,-0.0227592504634736,1.9356862954494745,0.0130228553209055,-3.086573413987155,0.0,21.40085862930576,0.9004221397290278,-73.39028828037635,0.2577554910801198,120.23247403701866,280.2659680775599,1.274,1.0150000015428002,1.0,7.825321400140934,300.0001285565649,0.0628962497091957,7.750107034886787e-08,-0.3350597216178179,0.0001842163478395,0.0222568318339051,2.27088455488038,22.89297849709485,21.39728361469691,3.6433482497675045
12.33,31.22047574002979,131.01389120730468,9.428881977226157,-2.305696380058531,-0.0218318783630079,1.932957999731289,0.01314490071079,-3.0778714306235364,0.0,21.387996056759096,0.9330124145021356,-73.58226177739142,0.260327189613542,120.229791682316,279.9346164052838,1.274,1.0150000015428002,1.0,7.798265208477005,300.0001285565649,0.0628583035166176,1.2092678294074776e-08,-0.3330173624374161,0.0001649472551512,0.0221082995876127,2.3057996813713317,22.909451930922888,21.38456671340812,3.6345277493215615
12.34,31.22047577544935,131.01389111968265,9.226287105032936,-2.3386867643430134,-0.0208877633603893,1.929926091890085,0.0132507868845088,-3.06889378095914,0.0,21.375248667278647,0.9653356394207068,-73.77306502180154,0.262980071015727,120.227027333582,279.60646939377665,1.274,1.0150000015428002,1.0,7.770722197310466,300.0001285565649,0.0628206959667897,-5.32726517059689e-08,-0.3309494279197027,0.0001464801476059,0.021958346203995,2.3387799892338137,22.92570356240316,21.37196762515518,3.6253136888165804
12.35,31.22047581232388,131.01389102913475,9.02362461133031,-2.369682793959004,-0.0199269751472076,1.9266079889198453,0.0133401948387816,-3.059678720061593,0.0,21.36261186897307,0.9973899947599733,-73.96268336022929,0.2657146370837892,120.22418058101266,279.28140177639017,1.274,1.0150000015428002,1.0,7.742672886188973,300.0001285565649,0.0627834135620099,-1.1857973632446549e-07,-0.328857574299055,0.0001288264907926,0.021807077555974,2.369766528982942,22.941724086862116,21.35948174709964,3.6157475262752867
12.36,31.22047585064124,131.0138909356857,8.820894260412102,-2.3986235344079287,-0.0189495636315485,1.9230211623342024,0.0134128001359605,-3.0502661440697434,0.0,21.350080959189043,1.029173502064593,-74.15110308828116,0.2685313561678833,120.22125104692329,278.95928571222964,1.274,1.0150000015428002,1.0,7.714096565354829,300.0001285565649,0.062746442479188,-1.838136775945013e-07,-0.3267434996393585,0.0001119976719013,0.0216546019927457,2.3986983420131973,22.95750435851396,21.347104368748628,3.6058721335691835
12.37,31.220475890389164,131.01389083936036,8.618095828501597,-2.425445678489924,-0.0179555555899414,1.919183184026488,0.0134682719179207,-3.040697704732383,0.0,21.33765109117019,1.0606840616285949,-74.33831147451932,0.2714306615311109,120.21823838735396,278.63998991767227,1.274,1.0150000015428002,1.0,7.684971189826703,300.0001285565649,0.0627097684718564,-2.4895988583664296e-07,-0.3246089454208726,9.600501596934272e-05,0.0215010304160164,2.4255121002950752,22.97303542666768,21.33483063913973,3.595731917115524
12.38,31.220475931555328,131.01389074018363,8.41522909778662,-2.450083262179533,-0.0169449519870712,1.915111744192832,0.0135062720363293,-3.031016916916355,0.0,21.32531725897221,1.091919443343888,-74.52429678534102,0.2744129497090436,120.21514229367604,278.32337927716,1.274,1.0150000015428002,1.0,7.655273258869109,300.0001285565649,0.062673376825843,-3.1400410293660894e-07,-0.3224556984207105,8.085980472688142e-05,0.0213464763947262,2.450141822012131,22.988308563559755,21.32265555217711,3.585372918227999
12.39,31.220475974127297,131.01389063818087,8.212293865366993,-2.4724673485917465,-0.0159177250253237,1.9108246716917785,0.0135264540821554,-3.02126927762032,0.0,21.313074281057663,1.1228772773485731,-74.70904831093756,0.2774785788751765,120.2119624941934,278.00931442070214,1.274,1.0150000015428002,1.0,7.624977682921859,300.0001285565649,0.0626372523110689,-3.789324260318819e-07,-0.3202855928188783,6.657329743354669e-05,0.0211910562933666,2.4725185553456424,23.003315293755957,21.31057393068976,3.574842925052573
12.4,31.22047601809252,131.01389053337752,8.009289933312948,-2.4925256748981988,-0.0148738148778376,1.9063399570533848,0.0135284622999929,-3.0115023981854825,0.0,21.30091678235041,1.1535550441771083,-74.89255639245816,0.280627867219748,120.2086987557314,277.69765126336614,1.274,1.0150000015428002,1.0,7.594057635849323,300.0001285565649,0.0626013791288007,-4.43731331656864e-07,-0.3181005125544086,5.315675390590836e-05,0.0210348894153448,2.49257002525888,23.01804742548109,21.298580408999097,3.564191597743788
12.41,31.22047606343832,131.0138904257992,7.806217122583465,-2.5101822434485426,-0.0138131259450642,1.9016757797435928,0.0135119303453625,-3.00176615467549,0.0,21.28883917296416,1.1839500642619338,-75.07481245052635,0.2838610913509169,120.20535088520424,277.38824045861924,1.274,1.0150000015428002,1.0,7.5624843852038595,300.0001285565649,0.0625657408491581,-5.083877004022416e-07,-0.3159023939601136,4.062145997355576e-05,0.0208780981613697,2.51022022453846,23.03249708456553,21.286669412235568,3.5534706120749524
12.42,31.220476110151925,131.01389031547183,7.603075255131302,-2.5253568757284657,-0.0127355227956131,1.8968505376510467,0.0134764799168116,-2.99211285277951,0.0,21.276835626343782,1.2140594865882344,-75.2558090152635,0.2871784847270383,120.20191873115245,277.08092683925054,1.274,1.0150000015428002,1.0,7.530227107752685,300.0001285565649,0.0625303203468698,-5.728888421538713e-07,-0.3136932287199009,2.8978755729842688e-05,0.0207208082086397,2.5253889677207697,23.04665675100814,21.274835135117534,3.542733817472934
12.43,31.220476158220425,131.01389020242163,7.3998641628504815,-2.622839788511273,-0.0123787200356421,1.8842741283270528,0.0135948769516651,-2.962458052139488,0.0,21.274620497816368,1.2438802764094323,-75.43553975800894,0.2905802361303934,120.19840218523866,277.02864152647925,1.274,1.0150000015428002,1.0,7.530227107752685,300.0001285565649,0.0625236669953541,-6.372225219875856e-07,-0.3114750671763608,1.8240066803600047e-05,0.0205725483744804,2.622868979163163,23.059434975617428,21.27267605303525,3.510958775327346
12.44,31.22047620763077,131.01389008667508,7.196583688570536,-2.7189757871416207,-0.0120157651878367,1.8713288012193512,0.0137074663130817,-2.931287244521274,0.0,21.27242236564972,1.273730247329823,-75.6139995249341,0.2940664881947463,120.19480118369188,276.97680449606,1.274,1.0150000015428002,1.0,7.530227107752685,300.0001285565649,0.0625170635759706,-7.013762827462869e-07,-0.3091786698901343,7.803199414840299e-06,0.0204191627666555,2.719002317262616,23.072435794212137,21.27053493368149,3.4777153832363714
12.45,31.22047625839744,131.0138899682029,6.99323434717574,-2.813986193686447,-0.0116491256444733,1.8579635794319391,0.0138146942396591,-2.8985684079153207,0.0,21.27028343238243,1.3035025924316015,-75.7911434898903,0.297637885464789,120.19111514129568,276.9265145254085,1.274,1.0150000015428002,1.0,7.530227107752685,300.0001285565649,0.0625106341166,-7.653238743784375e-07,-0.3068052188987688,-2.3270065507827022e-06,0.0202607705780597,2.8140102862744896,23.085625488035,21.268453592017767,3.4429519781195372
12.46,31.220476310506577,131.01388984703323,6.7898159675775895,-2.907827623061292,-0.0112789686878298,1.8441927523308888,0.0139164957108613,-2.864317478114188,0.0,21.268202689267024,1.3331974228092842,-75.9669275039638,0.3012950132050167,120.18734353147268,276.8777449791369,1.274,1.0150000015428002,1.0,7.530227107752685,300.0001285565649,0.062504375651365,-8.290390185379548e-07,-0.3043557043614681,-1.2147776348027717e-05,0.0200974361689225,2.907849478795566,23.09898618512081,21.26643099301998,3.4066927058414107
12.47,31.22047636395673,131.013889723169,6.586328682901756,-3.000458155448653,-0.0109054703498769,1.8300301367604888,0.0140128098964869,-2.8285510481122524,0.0,21.266179327719435,1.3628144689559585,-76.14130798561858,0.3050383936679924,120.18348588989883,276.8304744455761,1.274,1.0150000015428002,1.0,7.530227107752685,300.0001285565649,0.0624982858028881,-8.92495388690814e-07,-0.3018311497888361,-2.165647040726368e-05,0.0199292262152103,3.0004779557838,23.11249953039413,21.264466300453023,3.3689624058558048
12.48,31.2204764187444,131.0138895966174,6.38277259346672,-3.091836509868356,-0.0105288077460201,1.8154893198298407,0.0141035785061855,-2.7912864964489805,0.0,21.264212546076475,1.3923534375468551,-76.31424193978275,0.3088684803394092,120.1795418202565,276.78468171306923,1.274,1.0150000015428002,1.0,7.530227107752685,300.0001285565649,0.0624923622141191,-9.556666337298802e-07,-0.2992326107499042,-3.085059155885147e-05,0.0197562094397079,3.091854419587708,23.126146824777187,21.262558684832484,3.3297868830604345
12.49,31.220476474866043,131.01388946738567,6.179147799591041,-3.1819220639645125,-0.0101491590555824,1.8005836438913194,0.0141887458530414,-2.7525419783585034,0.0,21.26230155039072,1.4218140105360029,-76.48568697622534,0.3127856518999135,120.17551100025383,276.74034578855617,1.274,1.0150000015428002,1.0,7.530227107752685,300.0001285565649,0.0624866025507105,-1.0185264015360652e-06,-0.2965611742973656,-3.972778579081716e-05,0.0195784565773453,3.181938233319002,23.13990906196269,21.2607073242226,3.289192928635164
12.5,31.22047653231817,131.01388933548088,5.97545440258763,-3.27067487076684,-0.0097667034360658,1.785326193347074,0.0142682589007955,-2.712336416705612,0.0,21.26044555433985,1.4511958454955638,-76.65560132759944,0.316790205897421,120.17139318793664,276.69744589471753,1.274,1.0150000015428002,1.0,7.530227107752685,300.0001285565649,0.0624810045007478,-1.0810483625919653e-06,-0.2938179583786939,-4.8285842997797696e-05,0.0193960403388852,3.2706894372790107,23.153766966063813,21.25891140415905,3.2472083452175733
12.51,31.220476591097224,131.0138892009103,5.771692520670393,-3.35805567509896,-0.0093816209384563,1.7697297822925235,0.0143420673093808,-2.6706894923654336,0.0,21.25864377914261,1.4804985759816471,-76.82394386715043,0.3208823521282414,120.16718822829192,276.65596146721214,1.274,1.0150000015428002,1.0,7.530227107752685,300.0001285565649,0.062475565774501,-1.1432062336159653e-06,-0.2910041112360082,-5.652269766611611e-05,0.0192090353738891,3.3580687650901515,23.167701029436483,21.257170117578244,3.2038619760936937
12.52,31.220476651199665,131.0138890636812,5.5678622660883805,-3.444025929622483,-0.0089940924218779,1.753806943021733,0.0144101234783878,-2.6276216340650635,0.0,21.256895453475977,1.5097218119266047,-76.99067412607828,0.3250622057269603,120.1628960601428,276.61587215181646,1.274,1.0150000015428002,1.0,7.530227107752685,300.0001285565649,0.0624702841041847,-1.2049738011875115e-06,-0.2881208107951795,-6.44364294957738e-05,0.0190175182329824,3.444037659515287,23.18169155060124,21.255482664747863,3.1591837390149777
12.53,31.22047671262189,131.0138889238008,5.36396376600336,-3.5285478105077166,-0.008604299468082,1.7375699153997843,0.0144723825884745,-2.583154007705841,0.0,21.255199813394967,1.5388651400558937,-77.1557523105518,0.3293297799691092,120.1585167233316,276.57715780179376,1.274,1.0150000015428002,1.0,7.530227107752685,300.0001285565649,0.0624651572437209,-1.266324945332358e-06,-0.2851692640446751,-7.202526395874985e-05,0.0188215673294702,3.528558287939794,23.195718672185595,21.253848253200136,3.113204665338748
12.54,31.220476775360343,131.01388878127645,5.159997147577284,-3.6115842327290326,-0.0082124242968367,1.7210306371193875,0.0145288026409841,-2.537308505184233,0.0,21.25355610225443,1.5679281243260224,-77.31913931836648,0.3336849787902596,120.154050366187,276.53979847539483,1.274,1.0150000015428002,1.0,7.530227107752685,300.0001285565649,0.062460182968507,-1.3272336630384786e-06,-0.2821507064046398,-7.928757279340029e-05,0.018621262900327,3.611593557511862,23.209762418810715,21.25226609766689,3.0659569453092446
12.55,31.220476839411383,131.01388863611555,4.955962547913987,-3.6930988649777694,-0.0078186496802229,1.7042007348648849,0.0145793444952162,-2.4901077327317096,0.0,21.251963570632416,1.596910306382397,-77.48079675524097,0.3381275890279948,120.1494972532684,276.50377443317126,1.274,1.0150000015428002,1.0,7.530227107752685,300.0001285565649,0.0624553590751939,-1.3876740916730437e-06,-0.2790664010867033,-8.622187443561529e-05,0.0184166869665682,3.693107129924527,23.223802734851613,21.250735420016408,3.017473980436315
12.56,31.220476904771388,131.01388848832548,4.75186010809422,-3.7730561441895953,-0.0074231588582654,1.6870915163711229,0.0146239719039228,-2.44157499879062,0.0,21.250421476256086,1.6258112060344176,-77.64068695074737,0.3426572723978407,120.14485777337742,276.4690661357604,1.274,1.0150000015428002,1.0,7.530227107752685,300.0001285565649,0.0624506833814618,-1.4476205322710769e-06,-0.2759176384450053,-9.282683438574856e-05,0.0182079232930764,3.773063435832948,23.23781952199621,21.24925544919257,2.9677904440652605
12.57,31.220476971436696,131.01388833791364,4.547689974169775,-3.8514212896811,-0.0070261354538664,1.669713963418433,0.014662651546498,-2.3917343014481234,0.0,21.24892908392896,1.6546303217468312,-77.79877297387026,0.3472735572145882,120.14013244782412,276.4356542411789,1.274,1.0150000015428002,1.0,7.530227107752685,300.0001285565649,0.0624461537258144,-1.50704747266722e-06,-0.2727057353189168,-9.91012655123328e-05,0.017995057347848,3.851427688898165,23.25179267653761,21.24782542115548,2.9169423514544146
12.58,31.22047703940364,131.01388818488755,4.343452295175193,-3.9281603168920296,-0.006627763388363,1.652078725731981,0.0146953530601942,-2.3406103154441515,0.0,21.247485665460392,1.6833671311456029,-77.95501864818851,0.3519758298751803,120.13532193893208,276.4035196027302,1.274,1.0150000015428002,1.0,7.530227107752685,300.0001285565649,0.0624417679673648,-1.565929610442873e-06,-0.2694320343679374,-0.0001050441282919,0.0177781762607608,3.9281658994505775,23.26570212633121,21.246444578824185,2.8649671408554305
12.59,31.220477108668504,131.0138880292548,4.139147229092788,-4.003240050729029,-0.0062282267971488,1.6341961158181797,0.0147220490691322,-2.288228378775026,0.0,21.24609049959665,1.712021091537316,-78.10938856667651,0.3567633261230776,120.1304270587632,276.3726432666933,1.274,1.0150000015428002,1.0,7.530227107752685,300.0001285565649,0.0624375239856335,-1.6242418756601292e-06,-0.2660979033992321,-0.0001106545309853,0.0175573687818372,4.003244887766247,23.279527867352805,21.24511217202104,2.8119037673994827
12.6,31.22047717922756,131.01388787102294,3.9347749408643375,-4.076628138507705,-0.005827709945896,1.6160761047378993,0.0147427152113046,-2.234614478911643,0.0,21.244742871954013,1.740591640440818,-78.26184810612041,0.3616351221147046,120.1254487780398,276.3430064698692,1.274,1.0150000015428002,1.0,7.530227107752685,300.0001285565649,0.0624334196803582,-1.6819594533564852e-06,-0.2627047346882671,-0.0001159317297508,0.0173327252390331,4.0766322969512805,23.29324999979673,21.24382745741793,2.7577928118910924
12.61,31.220477251077053,131.01388771019955,3.730335598414389,-4.148293062490089,-0.0054263971466096,1.5977283187923432,0.0147573301632928,-2.1797952386486443,0.0,21.243442074953407,1.7690781961302182,-78.41236344114678,0.3665901253188105,120.12038823523535,276.31459063769165,1.274,1.0150000015428002,1.0,7.530227107752685,300.0001285565649,0.062429452971294,-1.7390578057728347e-06,-0.2592539442929994,-0.0001208751286934,0.017104337495629,4.148296605429748,23.30684876365545,21.24258969848412,2.702676606976842
12.62,31.220477324213228,131.0138875467924,3.5258293726502807,-4.218204152013635,-0.0050244726749398,1.5791620371423307,0.0147658756630949,-2.1237979016053994,0.0,21.24218740775694,1.797480158188346,-78.56090155785418,0.371627065276009,120.11524674580484,276.28737738224925,1.274,1.0150000015428002,1.0,7.530227107752685,300.0001285565649,0.0624256217980237,-1.7955126942898872e-06,-0.2557469713620485,-0.0001254842798516,0.0168722989072023,4.218207139029965,23.320304573722915,21.241398165435765,2.646599383642925
12.63,31.22047739863224,131.01388738080922,3.321256445415518,-4.286331595210184,-0.0046221206870697,1.5603861903743534,0.0147683365306095,-2.066650317398589,0.0,21.24097817620592,1.8257969080699223,-78.70743026705446,0.3767444842580442,120.11002581151632,276.261348499724,1.274,1.0150000015428002,1.0,7.530227107752685,300.0001285565649,0.062421924119789,-1.8513002010468887e-06,-0.252185277437284,-0.0001297588831208,0.0166367042781802,4.286334082666218,23.333598053970707,21.240252135186985,2.589607441539848
12.64,31.220477474330263,131.0138872122578,3.11661700054226,-4.3526464503110684,-0.0042195251370963,1.5414093599548335,0.0147647006860051,-2.008380926499481,0.0,21.239813692760546,1.8540278096738632,-78.85191821710897,0.3819407278655604,120.104727129844,276.2364859687923,1.274,1.0150000015428002,1.0,7.530227107752685,300.0001285565649,0.0624183579153024,-1.9063967502191087e-06,-0.2485703457512486,-0.0001336987861151,0.0163976498180932,4.352648491612239,23.34671007124461,21.23915089130253,2.531749347243844
12.65,31.220477551303432,131.01388704114595,2.911911226833825,-4.417120656537586,-0.0038168696961087,1.5222397786051365,0.0147549591662627,-1.9490187447968672,0.0,21.2386932764417,1.8821722099235527,-78.99433490636613,0.3872139356110983,120.099352603377,276.21277194881844,1.274,1.0150000015428002,1.0,7.530227107752685,300.0001285565649,0.0624149211825734,-1.9607791289295065e-06,-0.2449036805198108,-0.000137303983965,0.0161552330974781,4.417122302363002,23.359621768232035,21.238093723952293,2.4730761654177513
12.66,31.22047762954785,131.01388686748174,2.707139317070544,-4.479727044573742,-0.0034143376698755,1.502885331598794,0.0147391061391595,-1.8885933478839017,0.0,21.237616252773257,1.9102294393552588,-79.13465069519143,0.3925620315390774,120.09390434919156,276.1901887775319,1.274,1.0150000015428002,1.0,7.530227107752685,300.0001285565649,0.062411611938749,-2.0144245077722685e-06,-0.2411868062304395,-0.0001405746190549,0.0159095530034395,4.479728343083149,23.37231459566012,21.237079929866542,2.4136417287691896
12.67,31.220477709059605,131.013886691273,2.5023014739747955,-4.540439346620418,-0.0030121119186981,1.483353558924504,0.0147171389155147,-1.82713485508098,0.0,21.23658195372694,1.938198812713304,-79.27283681759094,0.3979827149391417,120.0883847081297,276.16871896950505,1.274,1.0150000015428002,1.0,7.530227107752685,300.0001285565649,0.0624084282199443,-2.067310460925474e-06,-0.2374212669264838,-0.0001435109806972,0.0156607096949687,4.540440343640363,23.38477034367556,21.23610881229338,2.3535029538123897
12.68,31.22047778983471,131.0138865125278,2.297397900269301,-4.599232206028061,-0.0026103747769715,1.4636516583407508,0.0146890579591529,-1.7646739132143958,0.0,21.235589717668105,1.9660796295522056,-79.40886539242437,0.403473451216704,120.08279625392244,276.14834521430424,1.274,1.0150000015428002,1.0,7.530227107752685,300.0001285565649,0.0624053680810841,-2.1194149858318694e-06,-0.2336086254878108,-0.0001461135047464,0.0154088045579756,4.5992329452182,23.396971172370392,21.235179680957124,2.2927202108776306
12.69,31.22047787186919,131.01388633125433,2.092428806630529,-4.656081186508534,-0.0022093079741336,1.4437864892931187,0.0146548668949649,-1.7012416801645172,0.0,21.23463888930327,1.9938711748446287,-79.5427094342051,0.4090314629872768,120.07714180208836,276.1290503747271,1.274,1.0150000015428002,1.0,7.530227107752685,300.0001285565649,0.0624024295957494,-2.1707165224268888e-06,-0.229750462908155,-0.0001483827731508,0.0151539401600777,4.656081709511922,23.40889964141444,21.234291852018305,2.2313577584327544
12.7,31.22047795515901,131.01388614746065,1.8873944077119829,-4.710962780922764,-0.0018090925551394,1.4237645776765346,0.0146145725146723,-1.636869808198386,0.0,21.233728819628723,2.0215727195953272,-79.67434286348694,0.414653721471739,120.07142441853247,276.1108174851683,1.274,1.0150000015428002,1.0,7.530227107752685,300.0001285565649,0.0623996108560248,-2.2211939718941206e-06,-0.2258483775695103,-0.0001503195134451,0.0148962202051701,4.710963127501297,23.420538738760275,21.233444648034727,2.1694842537726906
12.71,31.22047803970013,131.01388596115507,1.6822949241325993,-4.763854419644868,-0.001409908802439,1.4035921214311295,0.0145681847806938,-1.571590427101339,0.0,21.2328588658807,2.049183521460224,-79.80374051683401,0.4203369382695291,120.0656474277674,276.0936297499156,1.274,1.0150000015428002,1.0,7.530227107752685,300.0001285565649,0.0623969099723531,-2.2708267149296378e-06,-0.2219039845138842,-0.0001519245981808,0.0146357494877825,4.7638546278019485,23.431871908388253,21.232637397923924,2.1071733544983697
12.72,31.22047812548844,131.01388577234587,1.477130579494191,-4.814734478501579,-0.001011936158704,1.3832749969490474,0.0145157168280456,-1.5054361271208485,0.0,21.23202839148704,2.076702825370073,-79.93087815637358,0.426077557599222,120.05981442066768,276.077470541466,1.274,1.0150000015428002,1.0,7.530227107752685,300.0001285565649,0.0623943250733956,-2.319594629496327e-06,-0.217918914712717,-0.0001531990442983,0.0143726338472479,4.814734584592896,23.44288307705995,21.231869436926942,2.0445044279873885
12.73,31.220478212519804,131.01388558104142,1.2719015993873155,-4.863582286285677,-0.0006153531495978,1.3628187662559856,0.0144571849640455,-1.438439941733664,0.0,21.231236766019887,2.104129864158948,-80.05573247893001,0.4318717490949037,120.05392926166869,276.06232339929846,1.274,1.0150000015428002,1.0,7.530227107752685,300.0001285565649,0.0623918543058843,-2.367478108051873e-06,-0.2138948143342565,-0.0001541440124389,0.014106980121722,4.863582325120191,23.453556680054977,21.231140106573186,1.9815633893043436
12.74,31.220478300790088,131.01388538725018,1.0666082213330343,-4.910378131844179,-0.000220337307915,1.3422286849815273,0.0143926086661936,-1.3706353302522156,0.0,21.23048336514969,2.131463859196408,-80.1782811247376,0.4377154012569636,120.04799609531148,276.0481720280277,1.274,1.0150000015428002,1.0,7.530227107752685,300.0001285565649,0.0623894958344951,-2.4144580742333102e-06,-0.2098333440091543,-0.0001547608061981,0.013838896102013,4.910378136775623,23.46387768586357,21.2304487546463,1.918443691773897
12.75,31.220478390295064,131.0138851909806,0.8612506848411658,-4.955103270739709,0.0001729349019188,-223.05649297264705,-0.5301441603513084,-55.691343600877325,0.0,21.22976757060056,2.1587040210235373,-80.29850268573283,0.443604115656944,120.04201935203449,276.0350002959945,1.274,1.0150000015428002,1.0,7.530227107752685,300.0001285565649,0.0623872478417149,-2.460515998983009e-06,-0.2057361780945523,-0.0001550508713196,0.0135684904852937,4.955103273749975,23.473831619812696,21.229794735151437,229.90434067707002
12.76,31.22047848103052,131.01388499224137,0.6558292284277504,-8.50290103986501,-0.0253737163737444,-283.34479247462974,-0.0089152605525122,-5.3518603614955405,0.0,17.978653129591986,1.948800459732104,-80.41637671342441,0.4495332020055395,120.03600375310177,197.96870657991272,1.274,1.0150000015428002,1.0,7.530227107752685,300.0001285565649,0.0528331780425253,-0.0142589750168396,2.30538678853837,-0.0246866345409572,-0.1287612385967286,8.50293862060683,27.799623375864776,17.974667435674565,283.39533149171996
12.77,31.220478554592606,131.01388483257787,0.516565428779928,-10.32696984899784,-0.0244307112731791,-242.5858679182585,-0.9521596277715354,51.41572790834957,0.0,15.12882510081896,2.05162933980336,-79.09547531633177,0.4615169057331079,120.01552522932012,140.1840005359715,1.274,1.0150000015428002,1.0,7.530227107752685,300.0001285565649,0.0444584279394189,-0.0142292694905894,4.540794309364488,-0.0418716152947416,-0.2134160268331755,10.326998433449267,32.25084588874658,15.124987533782356,247.9765855841171
12.78,31.220478650155005,131.0138846282823,0.3885696538779104,-8.814921390722038,-0.088586888239747,-205.38054747629084,-0.2545519601117727,19.66762247751912,0.0,13.181101353549172,2.524064370917241,-76.49412996238374,0.4668289480121295,120.00175278209586,106.41351305121368,1.274,1.0150000015428002,1.0,7.530227107752685,300.0001285565649,0.0387346799754805,-0.6240082184720221,5.843084118097555,-0.0867362247970854,-0.2392705089585739,8.815362995732777,35.21757602285116,13.167186163228362,206.32025943246478
12.79,31.220478779822777,131.01388436412665,0.2716787674552839,-9.444924566025872,0.2072832135766684,-175.39437569438604,3.480188521927422,36.33622390661973,0.0,11.80576214188624,2.300283262318618,-73.14701916322214,0.2186511466829728,119.88849679939254,85.36627153484123,1.274,1.0150000015428002,1.0,7.530227107752685,300.0001285565649,0.034692989854814,1.0649892467606044,8.045569407057787,-0.0183092390225306,-0.2950876431762999,9.44717822918393,38.52948873170649,11.838322041909796,179.15250460198317
12.8,31.220478855580808,131.01388418668708,0.1726419937522213,-7.488353112492846,-0.1098787046836907,-143.80062958692565,0.4862373211449261,34.85833642806799,0.0,10.746321441295947,2.3286367785202926,-68.53987113343909,0.7471908921932903,119.97486197575634,70.73299356892339,1.274,1.0150000015428002,1.0,7.530227107752685,300.0001285565649,0.0315796303368677,-1.070059638365176,10.090266752640666,-0.145783157917099,-0.336873472194766,7.489154614838327,40.41739115071624,10.729061745304405,147.96608096067504
12.81,31.220478968196083,131.01388396710763,0.082719646041037,-4.55703076543832,0.5763646391374143,-119.53376576845532,36.50071933120048,53.28665671054761,0.0,10.158519947222548,2.180527397423463,-62.76305780148456,0.211755982994003,119.88973064761956,63.20726657743703,1.274,1.0150000015428002,1.0,7.530227107752685,300.0001285565649,0.0298522597792085,7.167250719452235,12.03193568222628,0.0188943975252109,-0.37972922850127,4.593258627601265,42.31621533473943,10.249053566118718,135.86791914896895
