<?xml version="1.0" encoding="UTF-8"?>
<kml xmlns="http://www.opengis.net/kml/2.2" xmlns:gx="http://www.google.com/kml/ext/2.2">
    <Document id="69">
        <Style id="72">
            <LineStyle id="73">
                <color>ff0000ff</color>
                <colorMode>normal</colorMode>
                <width>3</width>
            </LineStyle>
        </Style>
        <Style id="76">
            <LineStyle id="77">
                <color>ff00ff00</color>
                <colorMode>normal</colorMode>
                <width>3</width>
            </LineStyle>
        </Style>
        <Placemark id="71">
            <name>flight_path</name>
            <styleUrl>#72</styleUrl>
            <LineString id="70">
                <altitudeMode>relativeToGround</altitudeMode>
                <coordinates>131.010392,31.222216000000007,3.000000004412624 131.01039200000366,31.222215999998223,3.0000012441461297 131.0103920000069,31.22221599999664,3.000002344695444 131.0103920012945,31.22221599936533,3.000166580057381 131.01039200888485,31.222215995653773,3.001507853405411 131.01039203086904,31.22221598493976,3.006734928727884 131.01039207268363,31.222215964588354,3.0176855472081607 131.0103921337392,31.222215934885217,3.0341607446412624 131.01039221750068,31.222215894150946,3.057332067452448 131.0103923171602,31.222215845685003,3.084898908675023 131.0103924332069,31.22221578925032,3.1170270587098545 131.01039256429323,31.22221572549999,3.1532615653660576 131.01039270965296,31.222215654805304,3.19334402535535 131.01039286853543,31.222215577530086,3.2370213064799174 131.01039304074615,31.222215493768605,3.2842282804780445 131.0103932260769,31.222215403621764,3.3348952339101667 131.0103934247424,31.22221530698543,3.389095440071656 131.0103936360374,31.222215204201444,3.4465912468853928 131.01039386102843,31.22221509475285,3.5077438436389103 131.01039409944244,31.22221497877201,3.5724617054232204 131.01039435172825,31.22221485604135,3.6408973137474057 131.01039461712753,31.222214726928424,3.712795200709545 131.01039489598176,31.222214591267665,3.788271538532508 131.01039518918276,31.222214448626875,3.867628431114421 131.01039549479407,31.22221429994456,3.950212485539893 131.01039581310155,31.22221414508213,4.036121021396292 131.0103961434746,31.222213984345263,4.125141770492458 131.01039648677124,31.222213817318053,4.217565113193795 131.0103968427763,31.222213644104784,4.313319082446867 131.0103972116258,31.22221346463949,4.412450185397884 131.01039759269415,31.22221327922542,4.514747805028783 131.01039798564082,31.22221308802757,4.620097570964151 131.01039839028283,31.2222128911346,4.728438185591834 131.01039880658402,31.22221268856405,4.839757751546061 131.0103992349337,31.222212480127176,4.954187694729273 131.01039967492267,31.222212266022247,5.071590380136336 131.01040012670458,31.22221204617485,5.19201755191265 131.0104005901408,31.22221182065209,5.315422498673153 131.0104010653653,31.222211589389,5.441850065884945 131.01040155250774,31.22221135232272,5.571343545022316 131.01040205116163,31.22221110965021,5.703765847792214 131.0104025610951,31.22221086148384,5.8390385139967 131.01040308220365,31.222210607874224,5.977125792861548 131.0104036144696,31.22221034882986,6.1180207902659 131.01040415826623,31.222210084169745,6.261847472087579 131.01040471408808,31.222209813654104,6.408770185001772 131.01040528204263,31.222209537230743,6.5588234513736285 131.01040586233393,31.222209254800703,6.712073457604728 131.0104064539547,31.22220896685217,6.868181798843773 131.01040705651843,31.22220867357242,7.027017595426381 131.0104076699655,31.222208374990306,7.188558709442616 131.01040829413455,31.22220807118393,7.352748821642447 131.0104089290626,31.22220776213529,7.51959754669109 131.01040957506035,31.222207447693588,7.6892051469370095 131.01041023246742,31.222207127932293,7.86165339211885 131.01041090152395,31.222206803987447,8.03680686223666 131.01041158238925,31.22220647596325,8.21467081129231 131.01041227493118,31.222206143936365,8.39519524571417 131.01041297921188,31.222205807880872,8.578395339192355 131.01041369608737,31.22220546737461,8.764548735575772 131.01041442512505,31.222205122616607,8.953509472672797 131.01041516643335,31.222204773532926,9.14531096565449 131.01041591977804,31.222204420214265,9.339874768803668 131.01041668553992,31.22220406242422,9.537326580977435 131.01041746250357,31.22220370073724,9.737266862181569 131.01041825070288,31.22220333508633,9.939708817514887 131.01041905117052,31.222202964857896,10.144997501689316 131.01041986350975,31.222202590183663,10.353006565458402 131.01042068735717,31.22220221117752,10.563621254601216 131.01042152252938,31.22220182784955,10.77678743868587 131.01042236927964,31.222201439948503,10.99259795630792 131.01042322746912,31.222201047434428,11.211016314244723 131.01042409706164,31.222200650202232,11.432041140785092 131.01042497802956,31.22220024813828,11.655674540731924 131.01042587045788,31.222199841031586,11.881959341351594 131.01042677357603,31.222199429209823,12.110649288999552 131.01042768756116,31.22219901239584,12.34181973183244 131.01042861247615,31.222198590364705,12.575509388287196 131.01042954813522,31.2221981630456,12.811673341705996 131.01043049430507,31.2221977304016,13.050250587140072 131.01043145135813,31.22219729194896,13.291390983987446 131.01043241902147,31.22219684764837,13.535023055761991 131.01043339685663,31.22219639759624,13.781016711047975 131.0104343848232,31.22219594158256,14.029381678732433 131.01043538304006,31.22219547923065,14.280187894252208 131.01043639085887,31.222195010804185,14.53323168155312 131.01043740852467,31.222194535812097,14.788629132404134 131.0104384358972,31.22219405406872,15.046360583596176 131.0104394728103,31.222193565400342,15.306398140400404 131.01044051901275,31.22219306971602,15.568682589554786 131.0104415745388,31.222192566642192,15.833260889581084 131.01044263914665,31.222192056049224,16.100080338883537 131.01044371236745,31.22219153807349,16.36900002857539 131.01044479424743,31.222191012286785,16.64007571542286 131.0104458848485,31.222190478185656,16.913374769601255 131.0104469835562,31.222189936102108,17.1886974302118 131.01044809073522,31.222189385137856,17.46623278421465 131.0104492062125,31.22218882503428,17.745959862131716 131.0104503293824,31.222188256140303,18.027679842859165 131.01045146035116,31.22218767784097,18.31148325002328 131.01045259896847,31.22218708981313,18.59736162457809 131.0104537448119,31.222186492187,18.88518780340141 131.01045489784963,31.22218588447105,19.175002223318536 131.01045605782443,31.22218526651612,19.466750136398726 131.0104572244983,31.222184638176284,19.7603817943374 131.01045839811246,31.22218399838273,20.05606829714588 131.01045957817195,31.222183347431884,20.35364631936589 131.0104607646768,31.22218268469632,20.653177869396448 131.01046195758374,31.222182009547623,20.95471291549682 131.01046315635955,31.222181322416247,21.258064493068943 131.0104643607469,31.22218062320689,21.563172247694663 131.01046557107176,31.22217991041009,21.87027214093489 131.0104667870586,31.222179183828384,22.179308092816257 131.01046800785136,31.22217844495031,22.489902666910247 131.0104692340323,31.22217769138998,22.80244564630537 131.010470464862,31.222176924308016,23.116622756007576 131.01047170003935,31.22217614385962,23.43233705917105 131.01047294028385,31.222175346836675,23.75009325622352 131.01047418422942,31.222174536695285,24.06918551385096 131.010475432244,31.222173711421927,24.38990749708152 131.01047668454245,31.22217286910514,24.712499582991057 131.01047793988334,31.22217201343993,25.03626868275452 131.01047919889947,31.222171141046207,25.36170952563165 131.01048046108326,31.2221702528154,25.68859664187533 131.01048172587576,31.222169350245963,26.016634041303973 131.01048299377197,31.222168430046445,26.346267628821256 131.01048426415767,31.222167493894435,26.677168361784585 131.0104855367623,31.22216654222272,27.00922024644829 131.01048681188433,31.22216557224272,27.342765032791355 131.0104880887963,31.22216458677419,27.6773362003834 131.01048936755356,31.22216358449924,28.01307059528835 131.01049064820967,31.222162563746,28.350135606424026 131.01049193008637,31.222161527774286,28.688039115220715 131.01049321356882,31.22216047283713,29.02723205381128 131.01049449827923,31.222159400204887,29.36748863785011 131.0104957839429,31.22215831091961,29.70863474679406 131.0104970708121,31.22215720166905,30.05104027445925 131.01049835834263,31.222156075633208,30.394259100847872 131.0104996464914,31.22215493216056,30.738335855787657 131.01050093537927,31.22215376879,31.083522612203808 131.010502224522,31.222152588988127,31.4293663413646 131.01050351410728,31.22215138979968,31.776181981787506 131.010504803964,31.22215017169692,32.123872931672594 131.0105060938224,31.222148936683748,32.47218025258883 131.01050738399363,31.222147680047776,32.82160513346498 131.0105086740985,31.22214640515872,33.17173482349667 131.01050996407315,31.222145112013155,33.522547165416384 131.01051125415603,31.2221437964518,33.8744668732843 131.01051254390555,31.2221424635233,34.2269200260525 131.01051383354078,31.22214110953484,34.58028430143671 131.01051512300705,31.22213973444157,34.93453777734591 131.01051641203725,31.222138341620408,35.28930639088285 131.0105177009258,31.222136926252027,35.64507879743085 131.01051898937527,31.222135492421888,36.00141058188797 131.0105202774404,31.222134039121485,36.358395660541326 131.01052156525472,31.22213256421619,36.716240734907785 131.01052285251487,31.222131072391008,37.07445580985561 131.01052413947315,31.222129559955384,37.43341163224012 131.01052542605862,31.22212802832952,37.792956858010754 131.0105267121845,31.22212647917132,38.15292050025364 131.01052799815963,31.22212490847148,38.51370714780582 131.01052928375904,31.222123320188,38.8749162502021 131.01053056911016,31.222121713137813,39.2366698055965 131.01053185435805,31.222120086257625,39.59907958651437 131.01053313929884,31.22211844312984,39.96178912188035 131.01053442438507,31.22211677881213,40.32530636481545 131.01053570948469,31.222115096196703,40.68934880478278 131.01053699460823,31.222113396044968,41.05384891200751 131.0105382802843,31.22211167351696,41.419314682741344 131.01053956598787,31.22210993572177,41.78503437736473 131.0105408522529,31.222108177995384,42.15150219684907 131.01054213903842,31.222106402217143,42.51854535322903 131.0105434262941,31.22210460995532,42.886018855719605 131.01054471452636,31.222102797782973,43.25430330261869 131.0105460033714,31.22210097032477,43.622937612871 131.01054729335857,31.222099124095667,43.992312048827685 131.01054858443715,31.22209726099877,44.362254360032246 131.01054987648592,31.222095383086035,44.73256911261164 131.0105511702184,31.22209348619372,45.103735835376206 131.01055246517132,31.22209157503393,45.47527378612608 131.0105537619955,31.222089646075226,45.84759824852622 131.0105550607086,31.222087700623845,46.22060282741052 131.01055636117556,31.22208574056482,46.594106441910746 131.01055766418327,31.2220837622547,46.9685575983849 131.01055896900024,31.22208177123217,47.34336226150812 131.01056027654732,31.222079763183576,47.71904961341483 131.01056158647313,31.222077741294168,48.09529209944302 131.0105628988573,31.22207570600124,48.472070372550725 131.01056421441865,31.22207365471172,48.849733379761965 131.01056553245857,31.22207159187369,49.22778695778104 131.01056685389884,31.222069513900102,49.606700059656816 131.0105681784742,31.22206742308792,49.986236693949 131.01056950621515,31.22206532002422,50.36635715894766 131.01057083803823,31.222063201663,50.747484622219694 131.010572172891,31.222061073266943,51.12899442198692 131.01057351190403,31.222058930894903,51.51142324606054 131.0105748546828,31.222056776979908,51.89450127773945 131.01057620128503,31.22205461190342,52.27821138366421 131.01057755237954,31.222052433875927,52.66282783653133 131.01057890710248,31.222050246704068,53.04788163485812 131.01058026672777,31.22204804637253,53.43394192814033 131.0105816305469,31.22204583602841,53.82062271859934 131.01058299900103,31.222043614610776,54.208096394716335 131.01058437259408,31.22204138100117,54.596551495871005 131.01058575040113,31.22203913870576,54.985532746345086 131.01058713385183,31.222036883511134,55.37565372539339 131.0105885214634,31.222034620619645,55.76621674279418 131.0105899142245,31.222032347214256,56.15763905969457 131.01059131215084,31.222030063633635,56.5498987400343 131.010592714686,31.222027771857352,56.942733894864254 131.01059412293543,31.222025468793923,57.33660476879029 131.01059553556652,31.22202315870842,57.730918585244176 131.01059695373155,31.222020838324543,58.12615887504566 131.01059837696235,31.22201850921873,58.52211225465406 131.01059980514867,31.22201617182932,58.91872493213551 131.01060123907743,31.222013823940223,59.3163244501694 131.01060267749605,31.222011469291903,59.71437635473298 131.01060412203532,31.22200910312305,60.11357053591056 131.0106055712074,31.22200672979066,60.513278870131664 131.01060702577016,31.222004347031564,60.91382596884692 131.01060848546132,31.222001955525737,61.31510814990396 131.01060994972687,31.221999556819373,61.71689885268518 131.01061141949637,31.221997147986844,62.11960503735674 131.0106128934216,31.22199473289241,62.52266650465633 131.01061437304213,31.22199230667988,62.92675655704868 131.01061585701788,31.22198987315265,63.33132147710512 131.0106173455941,31.221987431320247,63.7364850633186 131.0106188390288,31.221984980020807,64.14238486428721 131.0106203361974,31.2219825224856,64.54855523464889 131.0106218377426,31.22198005630501,64.95530359967941 131.0106233434568,31.22197758170332,65.36257065161686 131.01062485272547,31.221975100301805,65.77011310080213 131.01062636569273,31.22197261119585,66.17802601997174 131.01062788237817,31.22197011379794,66.58635513866803 131.01062940231537,31.2219676092087,66.99492510336371 131.01063092507115,31.22196509848415,67.40357124601138 131.01063245078143,31.22196258059056,67.81239487510082 131.01063397917335,31.22196005595661,68.22130861885815 131.0106355099079,31.22195752529821,68.63019135752572 131.010637042691,31.221954989194128,69.03894115156393 131.01063857745373,31.221952447321662,69.44756589689702 131.0106401140245,31.221949899757973,69.85602392127704 131.0106416521713,31.221947346854623,70.26424192568004 131.0106431917695,31.22194478852273,70.67219955113343 131.01064473268957,31.22194222468717,71.07987424592 131.01064627480432,31.22193965525766,71.4872447754837 131.01064781795895,31.22193708029669,71.89427363319618 131.01064936206947,31.221934499526864,72.30096114402926 131.01065090699265,31.22193191297353,72.70727448633944 131.01065245259107,31.22192932065313,73.11318251849302 131.01065399867673,31.221926722875043,73.51862364421541 131.0106555451867,31.221924119296524,73.9236063526777 131.0106570919747,31.221921510058085,74.32808904250825 131.0106586389343,31.221918895101297,74.73205163591592 131.0106601859344,31.221916274543386,75.13545712312032 131.01066173289854,31.22191364820038,75.5382998436998 131.0106632797371,31.221911015992404,75.94056426768935 131.010664826338,31.22190837802893,76.34221762601373 131.0106663726176,31.22190573427056,76.74324281036769 131.01066791849843,31.221903084671293,77.14362429894453 131.01066946390384,31.22190042922016,77.54334433346773 131.01067100878797,31.221897767721863,77.94240343057929 131.01067255312378,31.221895099875287,78.34081265036427 131.01067409678168,31.221892426224148,78.73850726973205 131.01067563972876,31.221889746609733,79.135487740843 131.0106771819076,31.2218870611206,79.53173354332486 131.0106787232906,31.221884369654177,79.92724247141352 131.01068026383487,31.221881672288607,80.32199757031654 131.0106818034984,31.22187896915506,80.71597877108456 131.01068334230288,31.22187625988504,81.10921036715787 131.0106848802224,31.22187354458214,81.50167723575441 131.0106864172242,31.221870823467224,81.89335558546041 131.01068795328038,31.22186809677736,82.28422168954911 131.01068948836624,31.22186536477916,82.6742507746904 131.01069102251424,31.221862627285383,83.0634576913802 131.01069255572511,31.22185988444468,83.45183017878371 131.0106940880368,31.22185713612848,83.83938046618742 131.01069561944948,31.22185438259056,84.22608996797412 131.010697149966,31.221851624109497,84.61193924673222 131.0106986795026,31.221848861751045,84.99684445231881 131.01070020813552,31.22184609524672,85.38083409385473 131.01070173591663,31.22184332457323,85.76391722793137 131.01070326288192,31.2218405498838,86.14608919302864 131.0107047890459,31.221837771535064,86.52732925878611 131.01070631448914,31.22183498938463,86.90765930823908 131.01070783929285,31.221832203321487,87.28709949480398 131.01070936348682,31.22182941366098,87.6656349705231 131.0107108871692,31.22182662022577,88.04329316076506 131.01071241043087,31.221823822923568,88.42009511438047 131.01071393331807,31.221821022011,88.7960329988989 131.0107154559059,31.221818217549004,89.17111614103021 131.01071697823065,31.22181540988655,89.54532982098881 131.01071850037357,31.221812599071686,89.9186855373256 131.01072002236083,31.221809785521405,90.29116322861616 131.01072154425103,31.22180696944424,90.6627611625152 131.01072306612983,31.221804150880583,91.03349251937124 131.01072458808156,31.22180132988196,91.40336974095705 131.01072611019887,31.22179850645712,91.77240931946513 131.01072763251037,31.22179568098868,92.14059462966132 131.01072915503698,31.22179285388525,92.5079064222596 131.0107306778348,31.221790025345943,92.87434404732302 131.01073220102344,31.22178719522156,93.23993840768208 131.0107337246895,31.22178436353469,93.604704695293 131.0107352488346,31.22178153074508,93.96861789778674 131.0107367735467,31.22177869685084,94.33169502309887 131.01073829890055,31.22177586191112,94.69394727331152 131.0107398249436,31.221773026103435,95.05537435716975 131.01074135168616,31.22177018976724,95.41596022897208 131.01074287917848,31.221767353032696,95.77570797301723 131.01074440747297,31.22176451600541,96.13462249851706 131.01074593662307,31.22176167876981,96.49271014995504 131.01074746677148,31.221758841001936,96.85001612401086 131.01074899791163,31.22175600302057,97.2065229893316 131.01075053004465,31.221753165088284,97.56221791767364 131.0107520631997,31.221750327329527,97.91710081054764 131.0107535974923,31.221747489484983,98.27120835311892 131.01075513291752,31.22174465178425,98.62452857986692 131.01075666948083,31.22174181439153,98.977055072614 131.01075820722963,31.22173897728249,99.32879927172355 131.01075974617763,31.221736140549567,99.67976016715416 131.0107612863475,31.22173330422884,100.02994149999776 131.0107628277446,31.22173046840732,100.37934107639326 131.01076437033822,31.221727633294275,100.72794361899392 131.0107659142227,31.221724798589232,101.07578385755517 131.01076745937658,31.22172196442676,101.42285220908636 131.01076900579733,31.22171913084883,101.7691474438391 131.01077055342628,31.221716298096148,102.11464760707732 131.01077210227783,31.22171346610765,102.45935999525244 131.01077365234917,31.221710634870945,102.80328616469916 131.01077520359715,31.22170780451236,103.14641304173048 131.01077675601925,31.221704974983776,103.48874404437213 131.01077830959855,31.221702146274648,103.83027798664598 131.0107798642838,31.221699318494505,104.17100113293496 131.01078142008416,31.221696491498417,104.51092393148777 131.0107829769643,31.22169366530065,104.8500404174126 131.01078453492312,31.221690839764623,105.18835857889876 131.0107860938869,31.221688015029567,105.52585897011868 131.01078765384813,31.221685190954208,105.8625484849304 131.01078921479547,31.221682367396927,106.19843328462665 131.01079077667762,31.22167954436762,106.5335044672138 131.01079233943668,31.221676721891622,106.86775108716672 131.01079390304437,31.221673899858043,107.20117441159567 131.0107954674099,31.22167107841312,107.5337513549631 131.01079703251736,31.22166825736957,107.86548909241938 131.01079859836838,31.22166543645196,108.19640228348152 131.0108001648789,31.22166261575264,108.52647160174352 131.01080173199523,31.221659795223584,108.85569018786153 131.0108032996393,31.221656974919647,109.18404152239472 131.01080486775524,31.22165415479115,109.51151833058329 131.0108064362994,31.2216513347256,109.83811846541929 131.01080800516684,31.221648514899687,110.16381450601592 131.0108095743545,31.221645694994887,110.48862157708544 131.01081114380852,31.221642874937576,110.8125335280598 131.01081271343284,31.22164005486508,111.13552637814983 131.0108142831678,31.221637234733706,111.45759138068732 131.01081585300062,31.221634414255668,111.77873989037496 131.01081742283225,31.22163159359829,112.09894579749457 131.01081899269735,31.22162877220765,112.41824136415612 131.0108205624493,31.221625950537053,112.7365784103622 131.01082213203938,31.221623128501257,113.05395174681632 131.0108237013821,31.22162030623481,113.3703392903666 131.01082527043417,31.22161748363837,113.68573740925792 131.01082683915888,31.221614660578968,114.00014513348516 131.0108284074888,31.22161183712369,114.31354666757952 131.01082997536545,31.22160901329524,114.62592984295758 131.01083154279044,31.22160618874537,114.93731014314972 131.01083310971111,31.22160336348779,115.2476767473346 131.01083467602527,31.221600537884683,115.55699421513609 131.01083624176508,31.221597711406915,115.86529119862776 131.01083780688072,31.2215948841012,116.17255585825212 131.01083937131028,31.221592056118592,116.47876948048828 131.01084093501944,31.221589227436,116.7839259925923 131.01084249798924,31.22158639793874,117.08802610436491 131.01084406018356,31.22158356765931,117.39106096008094 131.01084562154847,31.22158073678552,117.69301178269508 131.01084718213335,31.221577904742176,117.99391108754024 131.0108487419178,31.22157507150509,118.29375518229811 131.0108503008549,31.22157223728013,118.592525766999 131.01085185893191,31.221569402031985,118.89022092151652 131.0108534161401,31.22156656571619,119.18683980511771 131.01085497248718,31.22156372817997,119.4823890215147 131.01085652795567,31.22156088949781,119.77686113132704 131.0108580825378,31.22155804968988,120.07025269868448 131.0108596362074,31.22155520895189,120.36254991321488 131.01086118892164,31.221552367642538,120.6537294219831 131.0108627406995,31.22154952563785,120.94379853738272 131.01086429157337,31.22154668272745,121.23277036431628 131.010865841556,31.22154383888366,121.52064712328963 131.01086739066716,31.22154099404484,121.80743362890937 131.01086893890076,31.221538148382056,122.09312095193236 131.0108704862334,31.22153530222837,122.37769084619504 131.01087203274463,31.221532455102537,122.66117503945648 131.0108735784528,31.221529607037454,122.94357445211789 131.0108751233902,31.221526757976385,123.22489585671504 131.01087666758312,31.221523907928457,123.50514246855631 131.0108782110554,31.2215210569402,123.78431566618887 131.01087975386503,31.22151820480648,124.0624323947482 131.0108812960024,31.22151535186264,124.33947742452688 131.01088283750846,31.221512498069224,124.61545846721953 131.01088437843688,31.221509643305545,124.89038847735448 131.0108859187976,31.22150678778924,125.16426035437928 131.01088745854764,31.221503932127423,125.43704376520292 131.01088899767143,31.22150107672901,125.70872058791862 131.01089053620723,31.221498221618187,125.9792961697238 131.01089207419324,31.22149536682661,126.248775625221 131.0108936116685,31.2214925123866,126.51716423895108 131.01089514867277,31.221489658331112,126.78446742960996 131.0108966852463,31.221486804693644,127.05069074806292 131.01089822142993,31.22148395150805,127.31583985845931 131.01089975726464,31.221481098808496,127.57992052232976 131.01090129279174,31.22147824662936,127.842938574732 131.01090282805262,31.221475395005125,128.10489992027703 131.01090436308868,31.22147254397024,128.36581051026712 131.01090589794123,31.221469693559108,128.6256763208309 131.0109074326513,31.221466843805903,128.88450335292475 131.01090896725947,31.221463994744543,129.1422976005259 131.0109105018061,31.22146114640857,129.3990650416891 131.0109120363309,31.22145829883104,129.65481162164997 131.01091357087287,31.221455452044488,129.9095432389104 131.0109151054703,31.221452606080835,130.16326572734965 131.0109166401607,31.22144976097128,130.41598484628523 131.01091817498056,31.22144691674625,130.66770625960064 131.01091970996544,31.221444073435336,130.91843552978364 131.01092124514972,31.2214412310672,131.16817809804863 131.0109227805666,31.22143838966952,131.41693927439732 131.0109243162481,31.221435549268943,131.66472422271153 131.0109258522248,31.221432709891,131.91153795379623 131.010927388526,31.221429871560087,132.15738530749033 131.01092892517943,31.2214270342994,132.40227094670345 131.0109304622114,31.221424198130872,132.6461993494656 131.0109319996466,31.221421363075176,132.88917479401977 131.01093353750812,31.22141852915168,133.13120134590088 131.0109350758174,31.22141569637834,133.37228286887105 131.01093661459413,31.22141286477173,133.6124229951018 131.01093815385636,31.221410034347088,133.85162512517556 131.0109396936203,31.22140720511815,134.08989243305595 131.0109412339004,31.22140437709721,134.32722785117997 131.01094277470932,31.22140155029516,134.56363405853145 131.0109443160579,31.221398724721364,134.79911349356317 131.0109458579552,31.22139590038376,135.0336683382946 131.01094740040836,31.22139307728879,135.26730052129625 131.01094894342273,31.22139025544143,135.50001171371105 131.01095048700188,31.221387434845187,135.731803326277 131.01095203114753,31.221384615502128,135.96267651330163 131.01095357585953,31.221381797412874,136.19263216669984 131.01095512113608,31.221378980576645,136.42167092692736 131.01095666697358,31.22137616499124,136.64979317006004 131.01095821336665,31.22137335065308,136.87699902568593 131.01095976030822,31.221370537557284,137.10328836299047 131.01096130778967,31.221367725697608,137.32866081361706 131.0109628558006,31.22136491506655,137.55311575278256 131.01096440432914,31.22136210565536,137.7766523221388 131.01096595336185,31.221359297454047,137.99926942380878 131.01096750288372,31.221356490451534,138.2209657343026 131.01096905287844,31.22135368463553,138.44173970451666 131.01097060332825,31.22135087999276,138.66158956967425 131.01097215421407,31.221348076508846,138.88051334932413 131.01097370551562,31.221345274168502,139.09850886423902 131.01097525721136,31.221342472955502,139.31557374039065 131.0109768092787,31.22133967285272,139.531705416901 131.01097836169387,31.22133687384224,139.74690115200616 131.0109799144322,31.221334075905407,139.96115803299477 131.010981467468,31.22133127902284,140.17447299012414 131.01098302077492,31.22132848317453,140.38684280755234 131.0109845743256,31.22132568833991,140.59826411240388 131.01098612809216,31.22132289449785,140.80873341751067 131.01098768204602,31.221320101626816,141.0182471055068 131.01098923615805,31.22131730970484,141.2268014536766 131.01099079039872,31.22131451870964,141.43439263395547 131.010992344738,31.22131172861864,141.6410167318123 131.01099389914563,31.22130893940905,141.846669755196 131.01099545359105,31.221306151057973,142.05134764248498 131.01099700804352,31.221303363542347,142.25504627441452 131.0109985624723,31.221300576839123,142.45776148500883 131.0110001168466,31.22129779092525,142.6594890794719 131.0110016711356,31.221295005777776,142.86022482822267 131.01100322530877,31.221292221373886,143.05996449770583 131.0110047793357,31.221289437690945,143.25870384542156 131.01100633318634,31.2212866547066,143.45643863582842 131.01100788683084,31.22128387239873,143.65316466022102 131.0110094402399,31.22128109074561,143.84887773076397 131.01101099338467,31.22127830972588,144.04357369937833 131.0110125462368,31.22127552931864,144.2372484696656 131.0110140987686,31.22127274950349,144.42989799790223 131.01101565095303,31.221269970260504,144.62151831192284 131.0110172027638,31.22126719157036,144.8121055200653 131.0110187541754,31.22126441341433,145.0016558081871 131.01102030516313,31.22126163577437,145.19016546550773 131.01102185570315,31.221258858633053,145.37763087864352 131.01102340577268,31.22125608197367,145.5640485465161 131.01102495534977,31.221253305780262,145.74941509227844 131.01102650441365,31.22125053003761,145.93372725436873 131.01102805294445,31.221247754731312,146.11698191632848 131.0110296009235,31.22124497984771,146.29917609288432 131.01103114833325,31.221242205373983,146.480306950822 131.01103269515727,31.2212394312982,146.6603718030213 131.0110342413804,31.22123665760921,146.83936812435795 131.0110357869886,31.221233884296783,147.01729354474514 131.0110373319691,31.221231111351504,147.19414586901192 131.0110388763104,31.22122833876488,147.3699230739209 131.01104042000236,31.221225566529256,147.54462330021553 131.01104196303595,31.22122279463786,147.71824487846197 131.0110435054035,31.22122002308485,147.89078631215224 131.01104504709875,31.221217251865205,148.06224629261095 131.0110465881166,31.221214480974783,148.23262369502137 131.01104812845327,31.221211710410344,148.40191757941687 131.01104966810638,31.221208940169426,148.57012719366307 131.0110512070747,31.22120617025049,148.73725197544616 131.01105274535843,31.22120340065273,148.90329155425837 131.01105428295887,31.221200631376245,149.06824574046584 131.0110558198788,31.22119786242187,149.23211453922346 131.01105735612205,31.22119509379124,149.39489813655825 131.01105889169375,31.22119232548673,149.55659691527447 131.01106042660035,31.221189557511472,149.71721142712008 131.0110619608492,31.22118678986928,149.8767424116741 131.01106349444913,31.22118402256469,150.03519078839375 131.0110650274098,31.221181255602872,150.19255764866335 131.01106655974215,31.22117848898964,150.34884426275153 131.0110680914582,31.22117572273141,150.50405206192067 131.0110696225708,31.221172956835183,150.65818264140918 131.01107115309392,31.221170191308502,150.81123776540056 131.01107268304247,31.221167426159447,150.96321934217542 131.01107421243228,31.22116466139656,151.11412943802733 131.0110757412799,31.221161897028857,151.26397025937183 131.011077269603,31.22115913306577,151.41274415572803 131.0110787974197,31.22115636951713,151.56045360679897 131.01108032474903,31.221153606393152,151.70710122048328 131.01108185161067,31.221150843704343,151.85268972492415 131.01108337802495,31.221148081461543,151.9972219595644 131.01108490401276,31.22114531967584,152.14070088210516 131.0110864295955,31.221142558358547,152.28312953769358 131.0110879547951,31.221139797521204,152.4245110718446 131.0110894796339,31.22113703717551,152.56484871851472 131.0110910041346,31.221134277333302,152.7041457841998 131.01109252832035,31.221131518006533,152.84240564992223 131.01109405221436,31.221128759207176,152.97963176526983 131.01109557584024,31.22112600094732,153.11582762255304 131.0110970992217,31.22112324323904,153.250996776685 131.01109862238255,31.221120486094406,153.38514281834463 131.01110014534677,31.22111772952543,153.51826936801547 131.0111016681382,31.22111497354408,153.65038007697993 131.01110319078077,31.221112218162204,153.78147861042171 131.01110471329827,31.22110946339153,153.9115686424594 131.01110623571435,31.221106709243664,154.0406538551508 131.0111077580526,31.22110395573,154.1687379166288 131.01110928033611,31.221101202861767,154.29582448706574 131.01111080258792,31.22109845064996,154.42191720575187 131.01111232483066,31.221095699105327,154.54701968612724 131.0111138470866,31.22109294823839,154.67113550186752 131.01111536937765,31.221090198059336,154.7942681858909 131.01111689172507,31.22108744857809,154.91642122936415 131.0111184141499,31.221084699804248,155.03759805486834 131.0111199366724,31.22108195174707,155.15780203826492 131.01112145931236,31.221079204415467,155.27703647291602 131.01112298208895,31.22107645781797,155.3953045855874 131.0111245050207,31.221073711962763,155.51260951855855 131.01112602812535,31.221070966857607,155.62895432962333 131.0111275514201,31.22106822250988,155.74434198811548 131.01112907492123,31.221065478926537,155.85877535602313 131.0111305986443,31.221062736114128,155.97225720488862 131.0111321226042,31.22105999407876,156.08479019195198 131.01113364681478,31.22105725282609,156.1963768661178 131.0111351712892,31.22105451236139,156.30701966397797 131.01113669603967,31.221051772689425,156.41672089589835 131.0111382210776,31.221049033814538,156.52548275397095 131.01113974641336,31.221046295740607,156.6333073060499 131.0111412720565,31.22104355847108,156.74019648680692 131.0111427980156,31.221040822008906,156.84615209972017 131.01114432429836,31.22103808635662,156.95117581707385 131.01114585091145,31.22103535151632,157.0552691660444 131.0111473778606,31.2210326174896,157.1584335495722 131.01114890515063,31.221029884277623,157.2606702195276 131.01115043278529,31.22102715188116,157.3619802876424 131.0111519607675,31.2210244203005,157.46236472749996 131.01115348909912,31.221021689535487,157.56182437155158 131.01115501778105,31.22101895958559,157.66035990316715 131.01115654681325,31.221016230449816,157.7579718645858 131.0111580761948,31.2210135021268,157.85466065691628 131.01115960592364,31.22101077461474,157.95042654212443 131.01116113599707,31.221008047911504,158.0452696360765 131.0111626664112,31.22100532201452,158.13918991251467 131.0111641971614,31.2210025969209,158.23218721200183 131.01116572824208,31.220999872627388,158.32426123794738 131.0111672596468,31.22099714913037,158.41541155163543 131.01116879136833,31.220994426425936,158.50563758514747 131.01117032339857,31.22099170450984,158.59493864235506 131.01117185572852,31.220988983377545,158.6833138959394 131.0111733883485,31.220986263024244,158.77076239434672 131.0111749212481,31.22098354344483,158.8572830637776 131.0111764544161,31.220980824633976,158.9428747131545 131.01117798784065,31.220978106586088,159.0275360331305 131.01117952150906,31.2209753892954,159.11126560801355 131.01118105540823,31.22097267275588,159.1940619068212 131.01118258952428,31.220969956961344,159.27592330415402 131.0111841238428,31.22096724190543,159.356848068267 131.01118565834886,31.220964527581646,159.4368343769724 131.01118719302696,31.22096181398332,159.51588031763936 131.01118872786117,31.22095910110369,159.5939838931567 131.01119026283504,31.220956388935903,159.67114302193306 131.0111917979318,31.22095367747296,159.74735555081708 131.0111933331343,31.220950966707875,159.82261925708465 131.01119486842492,31.22094825663356,159.896931849433 131.0111964037859,31.22094554724289,159.9702909799065 131.01119793919915,31.220942838528742,160.04269424489075 131.0111994746464,31.22094013048401,160.1141391930628 131.01120101010915,31.220937423101542,160.18462332439756 131.01120254556864,31.220934716374263,160.25414411103827 131.01120408100624,31.22093201029515,160.32269898636457 131.01120561640306,31.2209293048572,160.39028535492972 131.0112071517403,31.220926600053488,160.4569006073696 131.01120868699903,31.220923895877235,160.5225421114567 131.01121022216043,31.220921192321704,160.58720722700787 131.01121175720587,31.220918489380296,160.6508933148304 131.0112132921166,31.220915787046543,160.713597730756 131.0112148268742,31.220913085314105,160.77531784154442 131.01121636146036,31.220910384176804,160.8360510209075 131.011217895857,31.22090768362863,160.895794668391 131.0112194300463,31.220904983663736,160.95454619645542 131.01122096401085,31.22090228427645,161.0123030513463 131.01122249773323,31.22089958546132,161.06906271309433 131.01122403119675,31.22089688721306,161.12482269849684 131.0112255643849,31.220894189526604,161.17958056707943 131.01122709728156,31.22089149239711,161.2333339280541 131.01122862987114,31.22088879581995,161.2860804413132 131.0112301621385,31.22088609979072,161.337817824384 131.01123169406907,31.22088340430524,161.38854385441888 131.0112332256486,31.220880709359573,161.43825638111346 131.0112347568636,31.22087801495005,161.48695331378715 131.011236287701,31.22087532107317,161.53463264523484 131.01123781814837,31.22087262772573,161.5812924378132 131.011239348194,31.22086993490477,161.62693084331792 131.01124087782665,31.220867242607564,161.6715460880743 131.0112424070358,31.220864550831607,161.71513649579782 131.01124393581162,31.220861859574697,161.7577004736772 131.0112454641449,31.22085916883482,161.7992365302677 131.01124699202725,31.22085647861024,161.83974325958476 131.01124851945085,31.220853788899408,161.8792193589964 131.01125004640866,31.22085109970108,161.9176636331971 131.0112515728944,31.22084841101417,161.95507498128785 131.01125309890244,31.220845722837925,161.99145240770943 131.011254624428,31.220843035171686,162.02679502720954 131.011256149467,31.220840348015084,162.0611020598746 131.01125767401615,31.22083766136798,162.0943728341121 131.01125919807282,31.2208349752304,162.12660678863637 131.01126072163524,31.22083228960256,162.1578034714761 131.01126224470238,31.220829604484905,162.187962541961 131.01126376727393,31.22082691987804,162.21708377171632 131.01126528935035,31.22082423578276,162.24516704267478 131.01126681093285,31.220821552200007,162.27221234608305 131.01126833202335,31.220818869130923,162.29821978747006 131.01126985262468,31.220816186576776,162.3231895796913 131.01127137274008,31.220813504538967,162.3471220459089 131.01127289237377,31.220810823019047,162.3700176166113 131.0112744115305,31.2208081420187,162.39187683160068 131.01127593021593,31.22080546153969,162.41270033800546 131.01127744843612,31.220802781583924,162.43248888332215 131.01127896619803,31.220800102153405,162.45124331541692 131.01128048350913,31.220797423250207,162.46896459246372 131.01128200037755,31.22079474487649,162.48565376207213 131.0112835168121,31.22079206703448,162.5013119742107 131.01128503282212,31.220789389726463,162.5159404633133 131.01128654841744,31.220786712954787,162.5295405681601 131.01128806360856,31.22078403672182,162.542113708024 131.01128957840655,31.220781361029992,162.5536613866441 131.01129109282283,31.22077868588172,162.56418519123497 131.01129260686935,31.22077601127948,162.57368679248594 131.0112941205586,31.220773337225708,162.58216793263352 131.01129563390344,31.220770663722863,162.5896304244687 131.01129714691712,31.22076799077339,162.59607615431915 131.01129865961326,31.220765318379726,162.60150707310453 131.01130017200592,31.22076264654428,162.60592518937852 131.01130168410936,31.2207599752694,162.60933256932955 131.01130319593815,31.22075730455743,162.61173133678227 131.01130470750724,31.22075463441065,162.61312366127024 131.01130621883172,31.220751964831283,162.61351175803506 131.01130772992687,31.22074929582151,162.61289788504735 131.01130924080823,31.22074662738344,162.61128433406068 131.01131075149135,31.220743959519087,162.60867342961782 131.01131226199212,31.22074129223047,162.60506752706488 131.01131377232628,31.220738625519413,162.6004690036044 131.01131528250974,31.22073595938776,162.59488025730357 131.01131679255843,31.22073329383718,162.58830369814828 131.0113183024883,31.22073062886935,162.5807417460572 131.01131981231515,31.22072796448576,162.57219683187435 131.01132132205495,31.22072530068785,162.5626713854444 131.01132283172336,31.22072263747693,162.55216783262927 131.01132434133592,31.220719974854287,162.54068859729924 131.01132585090815,31.220717312821023,162.5282360834393 131.0113273604554,31.22071465137815,162.51481268708076 131.01132886999264,31.2207119905266,162.5004207794009 131.01133037953474,31.220709330267173,162.48506271567155 131.0113318890963,31.220706670600613,162.4687408094171 131.01133339869165,31.22070401152749,162.4514573552742 131.0113349083347,31.220701353048348,162.433214605139 131.01133641803915,31.22069869516356,162.41401477611797 131.01133792781826,31.22069603787337,162.39386003462647 131.0113394376849,31.22069338117807,162.37275250533472 131.01134094765166,31.22069072507769,162.3506942632154 131.01134245773048,31.220688069572244,162.32768732459917 131.011343967933,31.220685414661613,162.3037336521462 131.01134547827044,31.22068276034564,162.27883514589936 131.01134698875336,31.22068010662404,162.25299363930924 131.01134849939191,31.22067745349642,162.22621090619205 131.01135001019574,31.220674800962367,162.19848864582235 131.0113515211739,31.220672149021336,162.16982848988795 131.0113530323349,31.220669497672727,162.1402319885779 131.0113545436868,31.22066684691585,162.10970062648423 131.0113560552368,31.22066419675,162.07823579775445 131.01135756699173,31.22066154717435,162.0458388200063 131.01135907895784,31.22065889818803,162.0125109333352 131.01136059114057,31.22065624979013,161.97825328142707 131.0113621035449,31.22065360197971,161.94306693442226 131.01136361617512,31.220650954755733,161.90695286903525 131.01136512903483,31.22064830811715,161.8699119715363 131.01136664212723,31.22064566206289,161.8319450427222 131.0113681554545,31.220643016591843,161.79305279095755 131.0113696690185,31.22064037170288,161.7532358351585 131.01137118282023,31.22063772739481,161.71249470081435 131.01137269686015,31.220635083666505,161.6708298239665 131.01137421113808,31.22063244051678,161.62824154424857 131.01137572565307,31.22062979794445,161.5847301098561 131.01137724040376,31.22062715594836,161.54029568351152 131.0113787553879,31.22062451452732,161.49493832954167 131.01138027060284,31.220621873680177,161.4486580267996 131.0113817860451,31.22061923340581,161.40145465574247 131.0113833017107,31.220616593703088,161.35332801532948 131.01138481759503,31.220613954570943,161.30427781407522 131.01138633369297,31.22061131600832,161.2543036720374 131.01138784999864,31.220608678014187,161.20340512678146 131.01138936650577,31.220606040587608,161.15158162045785 131.01139088320735,31.22060340372763,161.0988325306141 131.011392400096,31.2206007674334,161.0451571383893 131.01139391716376,31.220598131704083,160.99055465336136 131.01139543440212,31.220595496538927,160.93502420857772 131.01139695180208,31.22059286193725,160.87856486055446 131.0113984693542,31.22059022789843,160.8211755902701 131.01139998704855,31.220587594421904,160.76285531608707 131.01140150487484,31.220584961507207,160.70360288381096 131.0114030228223,31.22058232915392,160.64341707762415 131.0114045408797,31.220579697361725,160.5822966180972 131.0114060590356,31.22057706613042,160.5202401691468 131.01140757727808,31.22057443545982,160.45724633505228 131.01140909559498,31.22057180534987,160.39331367337687 131.0114106139738,31.220569175800616,160.32844068999884 131.01141213240172,31.22056654681216,160.26262584209076 131.01141365086573,31.220563918384723,160.19586755004815 131.01141516935263,31.220561290518607,160.1281641885422 131.01141668784888,31.22055866321422,160.05951409844766 131.0114182063409,31.220556036472072,159.98991559280563 131.01141972481489,31.22055341029274,159.91936695284733 131.01142124325696,31.22055078467692,159.84786643097488 131.01142276165308,31.220548159625405,159.77541226666557 131.0114242799892,31.220545535139063,159.70200267652925 131.01142579825122,31.22054291121889,159.62763586226285 131.01142731642494,31.22054028786592,159.552310023568 131.01142883449631,31.22053766508134,159.4760233402614 131.01143035245124,31.220535042866384,159.39877400109825 131.0114318702757,31.220532421222384,159.3205601938323 131.01143338795575,31.22052980015077,159.24138011217272 131.0114349054776,31.220527179653047,159.1612319508146 131.01143642282753,31.220524559730784,159.0801139223349 131.0114379399921,31.22052194038564,158.9980242591809 131.011439456958,31.22051932161933,158.91496120770438 131.01144097371213,31.22051670343368,158.8309230351205 131.01144249024165,31.22051408583052,158.74590804242789 131.011444006534,31.22051146881177,158.6599145584443 131.01144552257682,31.22050885237944,158.5729409427892 131.01144703835823,31.22050623653553,158.48498558985833 131.01144855386656,31.220503621282106,158.39604694074933 131.0114500690905,31.22050100662128,158.30612347829523 131.01145158401917,31.22049839255516,158.21521372407875 131.01145309864208,31.220495779085983,158.123316256325 131.0114546129491,31.22049316621592,158.03042969896748 131.01145612693068,31.220490553947155,157.9365527395375 131.0114576405775,31.22048794228193,157.84168411226906 131.01145915388088,31.220485331222463,157.74582261996335 131.01146066683256,31.220482720770995,157.64896711808703 131.01146217942485,31.220480110929703,157.5511165366376 131.01146369165042,31.22047750170081,157.4522698662286 131.01146520350267,31.22047489308648,157.35242616405284 131.01146671497537,31.220472285088867,157.25158456183368 131.01146822606293,31.220469677710074,157.1497442638384 131.0114697367603,31.220467070952164,157.04690454091184 131.011471247063,31.22046446481716,156.94306474638188 131.01147275696704,31.220461859307008,156.8382243051244 131.01147426646915,31.220459254423623,156.73238272350352 131.01147577556662,31.220456650168863,156.62553958141984 131.01147728425727,31.220454046544454,156.5176945422496 131.01147879253952,31.220451443552065,156.40884734489364 131.0114803004125,31.220448841193296,156.29899781371577 131.01148180787575,31.22044623946965,156.18814584562352 131.0114833149295,31.2204436383825,156.07629142895107 131.01148482157478,31.22044103793316,155.96343462457588 131.01148632781283,31.2204384381228,155.84957557685135 131.01148783364576,31.220435838952465,155.73471450963123 131.01148933907615,31.220433240423127,155.61885173124028 131.01149084410724,31.220430642535607,155.50198762354023 131.0114923487427,31.22042804529059,155.38412264888754 131.011493852987,31.220425448688623,155.2652573521223 131.01149535684493,31.220422852730145,155.14539234764635 131.01149686032196,31.22042025741544,155.0245283303571 131.01149836342404,31.22041766274461,154.902666066703 131.01149986615764,31.22041506871769,154.77980639965224 131.01150136852976,31.22041247533449,154.65595024173612 131.01150287054793,31.220409882594737,154.53109857405573 131.01150437222006,31.22040729049796,154.40525244429432 131.01150587355457,31.22040469904352,154.2784129687045 131.0115073745604,31.220402108230672,154.15058132912776 131.0115088752468,31.22039951805852,154.02175876504285 131.0115103756235,31.22039692852597,153.8919465725727 131.01151187570062,31.22039433963181,153.7611461124353 131.01151337548856,31.22039175137464,153.62935878907217 131.01151487499823,31.22038916375296,153.49658606555792 131.01151637424067,31.220386576765087,153.36282945664195 131.01151787322746,31.220383990409207,153.2280905128471 131.01151937197022,31.220381404683337,153.0923708363726 131.01152087048095,31.220378819585385,152.9556720602204 131.01152236877195,31.22037623511312,152.81799586509536 131.01152386685558,31.220373651264147,152.67934395654257 131.01152536474447,31.220371068035973,152.53971807588178 131.0115268624514,31.220368485425965,152.39911998828043 131.01152835998923,31.22036590343139,152.2575514857374 131.011529857371,31.22036332204936,152.11501437714082 131.0115313546098,31.22036074127691,151.971510495229 131.0115328517188,31.22035816111097,151.82704167770427 131.0115343487111,31.22035558154839,151.68160978015604 131.0115358456,31.220353002585902,151.53521666015592 131.01153734239855,31.220350424220168,151.38786418123587 131.01153883911985,31.2203478464478,151.23955420692442 131.011540335777,31.220345269265287,151.09028859776424 131.01154183238287,31.22034269266916,150.94006920336213 131.01154332895027,31.22034011665575,150.78889787133468 131.01154482549185,31.2203375412215,150.6367764274288 131.01154632202008,31.22033496636273,150.4837066834746 131.01154781854723,31.220332392075782,150.32969043340955 131.01154931508526,31.220329818356944,150.1747294463217 131.01155081164606,31.220327245202533,150.0188254624727 131.01155230824105,31.220324672608825,149.8619801982693 131.01155380488143,31.22032210057216,149.7041953283722 131.01155530157803,31.220319529088847,149.54547250159965 131.01155679834147,31.22031695815528,149.38581332204177 131.01155829518183,31.220314387767857,149.22521934806787 131.01155979210893,31.220311817923044,149.0636921052476 131.01156128913212,31.220309248617355,148.90123306547827 131.01156278626033,31.220306679847376,148.7378436519545 131.01156428350208,31.22030411160979,148.5735252312172 131.0115657808654,31.220301543901325,148.40827912309342 131.01156727835783,31.220298976718844,148.24210658578653 131.01156877598646,31.22029641005929,148.0750088238283 131.01157027375783,31.22029384391975,147.9069869751576 131.01157177167806,31.220291278297392,147.73804211708523 131.01157326975255,31.220288713189536,147.56817526827876 131.0115747679863,31.22028614859365,147.39738737186997 131.01157626638374,31.220283584507328,147.22567931135413 131.01157776494864,31.220281020928336,147.05305190164657 131.01157926368433,31.220278457854583,146.87950587914258 131.01158076259347,31.220275895284143,146.70504192358416 131.0115822616782,31.220273333215303,146.52966062923625 131.01158376094,31.22027077164648,146.3533625257584 131.01158526037983,31.220268210576315,146.17614807025316 131.011586759998,31.2202656500036,145.99801764428562 131.0115882597943,31.22026308992737,145.8189715499062 131.01158975976793,31.22026053034688,145.63901002654782 131.0115912599173,31.22025797126149,145.45813323313496 131.01159276024052,31.22025541267088,145.2763412560352 131.01159426073485,31.220252854574863,145.09363411104565 131.01159576139716,31.22025029697352,144.9100117344496 131.0115972622237,31.220247739867133,144.72547399891792 131.01159876321006,31.22024518325619,144.5400207025752 131.01160026435144,31.220242627141435,144.35365156899982 131.01160176564235,31.220240071523808,144.16636625915208 131.01160326707685,31.22023751640448,143.978164362427 131.01160476864845,31.220234961784858,143.78904539864263 131.01160627035014,31.22023240766656,143.5990088299673 131.0116077721744,31.220229854051425,143.40805404799767 131.01160927411337,31.220227300941527,143.21618038568573 131.01161077615853,31.220224748339124,143.0233871183329 131.011612278301,31.22022219624674,142.8296734586197 131.01161378053152,31.220219644667065,142.63503857052032 131.01161528284032,31.220217093603047,142.43948155737596 131.01161678521737,31.220214543057786,142.2430014768031 131.0116182876522,31.22021199303463,142.04559733373495 131.011619790134,31.2202094435371,141.8472680923493 131.0116212926517,31.22020689456892,141.64801266911115 131.0116227951939,31.22020434613397,141.4478299417161 131.01162429774882,31.22020179823636,141.24671875306743 131.01162580030467,31.22019925088031,141.04467790829278 131.01162730284923,31.22019670407025,140.84170617872053 131.01162880537015,31.22019415781076,140.6378023187764 131.011630307855,31.22019161210653,140.43296504709727 131.01163181029108,31.22018906696241,140.227193060447 131.01163331266562,31.22018652238341,140.02048504266227 131.01163481496573,31.22018397837463,139.81283965669795 131.0116363171786,31.220181434941274,139.604255558546 131.01163781929125,31.220178892088647,139.3947313932559 131.01163932129077,31.22017634982217,139.1842657979186 131.0116408231642,31.22017380814731,138.97285740961593 131.0116423248987,31.220171267069624,138.76050486542167 131.01164382648147,31.22016872659471,138.54720681134663 131.0116453278999,31.22016618672822,138.33296190034991 131.01164682914137,31.22016364747583,138.11776879233875 131.0116483301935,31.22016110884324,137.9016261670903 131.01164983104422,31.220158570836144,137.684532721269 131.0116513316815,31.22015603346025,137.46648716842637 131.01165283209355,31.22015349672124,137.24748825490437 131.011654332269,31.22015096062477,137.0275347449256 131.0116558321967,31.220148425176472,136.80662544146602 131.01165733186582,31.22014589038187,136.58475917830367 131.01165883126575,31.220143356246467,136.3619348229996 131.01166033038652,31.220140822775672,136.13815128584423 131.01166182921827,31.22013828997478,135.91340752184456 131.01166332775168,31.220135757849004,135.68770252376635 131.0116648259779,31.22013322640344,135.46103534002566 131.01166632388845,31.22013069564303,135.2334050607728 131.01166782147536,31.220128165572604,135.00481083280212 131.01166931873112,31.22012563619681,134.77525185756355 131.01167081564878,31.22012310752017,134.5447273881813 131.01167231222183,31.22012057954696,134.31323674635084 131.0116738084444,31.220118052281336,134.08077930146567 131.01167530431096,31.22011552572721,133.84735449645987 131.01167679981685,31.22011299988831,133.6129618319061 131.01167829495768,31.22011047476815,133.37760086999032 131.01167978972987,31.22010795036997,133.1412712454457 131.0116812841303,31.22010542669684,132.90397265760086 131.01168277815648,31.22010290375152,132.6657048713746 131.01168427180656,31.22010038153656,132.426467728209 131.0116857650792,31.220097860054224,132.18626113116017 131.0116872579737,31.22009533930653,131.94508505881387 131.01168875049007,31.2200928192952,131.70293955932195 131.01169024262884,31.22009030002168,131.45982474742144 131.01169173439115,31.220087781487138,131.21574081735463 131.0116932257788,31.220085263692457,130.97068802100307 131.01169471679407,31.220082746638223,130.72466668876115 131.01169620744005,31.22008023032473,130.47767722357224 131.01169769772022,31.22007771475196,130.22972009198347 131.01169918763875,31.220075199919595,129.98079583010903 131.0117006772003,31.22007268582703,129.73090504263783 131.0117021664102,31.22007017247336,129.48004839885652 131.01170365527426,31.22006765985736,129.2282266336447 131.01170514379885,31.220065147977536,128.9754405454868 131.01170663199085,31.220062636832115,128.7216909934908 131.01170811985767,31.220060126418986,128.46697890235777 131.01170960740717,31.22005761673572,128.21130525045535 131.0117110946477,31.220055107779704,127.95467107081144 131.01171258158803,31.22005259954796,127.69707745608488 131.01171406823747,31.22005009203728,127.43852555061332 131.0117155546056,31.220047585244167,127.17901654643852 131.01171704070248,31.220045079164915,126.91855168330576 131.01171852653852,31.220042573795496,126.65713224568374 131.0117200121244,31.220040069131688,126.39475955779288 131.01172149747114,31.22003756516904,126.13143498957146 131.01172298259013,31.2200350619028,125.8671599467352 131.0117244674929,31.220032559328143,125.60193586282593 131.0117259521913,31.22003005743995,125.33576420915207 131.01172743669736,31.22002755623296,125.06864647490931 131.01172892102323,31.220025055701687,124.80058418407806 131.01173040518125,31.22002255584054,124.5315788755449 131.01173188918392,31.22002005664377,124.26163210906626 131.0117333730437,31.22001755810548,123.9907454553292 131.0117348567733,31.220015060219666,123.7189205039036 131.01173634038523,31.22001256298021,123.446158845351 131.01173782389208,31.220010066380954,123.17246207420544 131.01173930730653,31.22000757041561,122.89783179394648 131.01174079064103,31.22000507507788,122.62226959612283 131.01174227390797,31.22000258036141,122.3457770752642 131.01174375711963,31.220000086259823,122.06835581297712 131.01174524028815,31.219997592766774,121.79000737993356 131.01174672342543,31.219995099875856,121.5107333289128 131.01174820654316,31.219992607580807,121.230535197784 131.01174968965287,31.21999011587531,120.94941449559036 131.01175117276563,31.21998762475316,120.6673727164653 131.01175265589242,31.219985134208248,120.38441131776436 131.01175413904377,31.21998264423452,120.1005317280186 131.01175562222974,31.219980154826057,119.8157353459387 131.01175710546028,31.21997766597711,119.53002352650138 131.01175858874467,31.219975177682027,119.24339758889982 131.011760072092,31.219972689935364,118.95585880859296 131.01176155551067,31.21997020273184,118.6674084163105 131.01176303900874,31.219967716066343,118.37804759407793 131.0117645225937,31.219965229934022,118.0877774762101 131.01176600627258,31.21996274433024,117.79659914334732 131.01176749005188,31.219960259250566,117.50451362643145 131.0117689739375,31.219957774690883,117.21152188980798 131.01177045793477,31.219955290647288,116.9176248481238 131.01177194204843,31.219952807116183,116.62282335638724 131.01177342628276,31.21995032409425,116.32711820897364 131.01177491064115,31.21994784157848,116.0305101326684 131.01177639512673,31.219945359566186,115.73299979461775 131.01177787974171,31.21994287805497,115.43458779636482 131.01177936448784,31.219940397042823,115.13527467583788 131.01178084936612,31.21993791652799,114.83506090039198 131.01178233437696,31.21993543650913,114.53394687674847 131.01178381952013,31.219932956985232,114.23193293807378 131.01178530479478,31.21993047795564,113.92901935690018 131.0117867901994,31.21992799942008,113.62520632922195 131.01178827573185,31.2199255213786,113.3204939933814 131.01178976138928,31.219923043831635,113.01488241515764 131.0117912471683,31.21992056678,112.7083715987022 131.01179273306488,31.219918090224887,112.40096147361476 131.0117942190744,31.219915614167807,112.09265191780592 131.0117957051916,31.219913138610703,111.78344273165312 131.0117971914106,31.21991066355581,111.47333366284968 131.01179867772507,31.2199081890058,111.16232439149438 131.011800164128,31.219905714963648,110.85041454202036 131.01180165061191,31.219903241432704,110.53760367822316 131.01180313716878,31.219900768416657,110.22389130922632 131.01180462379008,31.21989829591955,109.9092768894787 131.01180611046684,31.21989582394572,109.59375981875596 131.01180759718957,31.21989335249985,109.27733944812418 131.01180908394835,31.219890881586927,108.96001508590228 131.011810570733,31.21988841121228,108.64178598474096 131.01181205753275,31.21988594138145,108.32265136348984 131.0118135443367,31.219883472100285,108.00261039725666 131.01181503113327,31.21988100337493,107.68166222635452 131.01181651791103,31.219878535211723,107.35980595530566 131.01181800465798,31.219876067617275,107.03704065980035 131.011819491362,31.219873600598383,106.71336538272028 131.01182097801072,31.219871134162084,106.38877914805413 131.01182246459163,31.219868668315552,106.06328095592784 131.0118239510921,31.219866203066168,105.73686978459156 131.01182543749934,31.219863738421413,105.40954460433562 131.01182692380056,31.219861274388947,105.08130437252125 131.01182840998283,31.21985881097652,104.75214803357856 131.0118298960334,31.21985634819193,104.42207453292404 131.01183138193934,31.219853886043136,104.09108281198912 131.01183286768793,31.21985142453805,103.75917181617277 131.0118343532665,31.21984896368466,103.426340496829 131.0118358386625,31.21984650349099,103.09258781126675 131.0118373238636,31.21984404396497,102.75791273865356 131.0118388088576,31.219841585114565,102.42231426212383 131.01184029363264,31.219839126947665,102.0857913926345 131.01184177817703,31.21983666947208,101.7483431639949 131.01184326247937,31.21983421269549,101.40996863286648 131.01184474652868,31.219831756625528,101.07066688572176 131.01184623031426,31.219829301269623,100.73043704381276 131.0118477138259,31.21982684663508,100.38927826118434 131.01184919705364,31.219824392729,100.04718973461348 131.01185067998807,31.219821939558287,99.7041706926754 131.0118521626203,31.21981948712964,99.36022041761134 131.01185364494182,31.219817035449527,99.01533823141384 131.0118551269447,31.219814584524126,98.66952350775314 131.01185660862157,31.21981213435936,98.32277567098444 131.01185808996556,31.21980968496085,97.97509420012332 131.0118595709704,31.219807236333928,97.62647862487056 131.01186105163046,31.2198047884836,97.27692853356342 131.01186253194064,31.219802341414496,96.92644357615885 131.0118640118965,31.21979989513092,96.57502346125013 131.01186549149435,31.219797449636843,96.22266795507517 131.011866970731,31.21979500493581,95.86937689046056 131.01186844960392,31.219792561031007,95.51515016483546 131.01186992811137,31.21979011792517,95.15998773824276 131.01187140625214,31.21978767562071,94.8038896323456 131.0118728840258,31.219785234119566,94.44685593937348 131.01187436143255,31.219782793423256,94.08888681914172 131.01187583847323,31.219780353532887,93.72998249109752 131.0118773151494,31.21977791444916,93.37014324227424 131.01187879146335,31.219775476172288,93.00936942430832 131.0118802674179,31.21977303870207,92.64766145940428 131.0118817430165,31.219770602037887,92.28501982840716 131.01188321826336,31.219768166178653,91.92144507676552 131.01188469316332,31.21976573112289,91.55693781453404 131.01188616772183,31.219763296868663,91.19149871040712 131.01188764194484,31.2197608634136,90.82512849271498 131.01188911583893,31.219758430754943,90.45782794942384 131.0118905894113,31.219755998889504,90.08959792515309 131.01189206266963,31.219753567813683,89.72043931918866 131.0118935356221,31.21975113752352,89.35035308250083 131.01189500827755,31.21974870801464,88.97934021675091 131.01189648064502,31.219746279282305,88.60740176733198 131.0118979527342,31.21974385132144,88.23453883728794 131.0118994245551,31.219741424126607,87.86075255848483 131.01190089611816,31.21973899769205,87.48604410950493 131.01190236743415,31.21973657201174,87.11041471365864 131.01190383851417,31.21973414707929,86.73386561214541 131.01190530936955,31.21973172288809,86.35639809089437 131.01190678001194,31.21972929943126,85.9780134606821 131.01190825045325,31.21972687670172,85.59871305315798 131.01190972070543,31.21972445469214,85.21849822979087 131.0119111907807,31.219722033395,84.83737036099329 131.01191266069128,31.21971961280265,84.45533083606394 131.0119141304496,31.219717192907275,84.0723810631863 131.01191560006802,31.21971477370096,83.6885224455726 131.01191706955885,31.21971235517569,83.3037563983631 131.0119185389345,31.2197099373234,82.91808433967903 131.01192000820723,31.219707520135938,82.53150768068298 131.0119214773892,31.2197051036052,82.1440278285611 131.0119229464923,31.21970268772303,81.7556461825469 131.01192441552834,31.21970027248135,81.36636412199297 131.01192588450894,31.219697857872127,80.97618302128193 131.01192735344534,31.219695443887428,80.58510422795707 131.01192882234855,31.219693030519416,80.19312906371697 131.01193029122922,31.219690617760413,79.80025883137365 131.0119317600976,31.21968820560288,79.40649480093586 131.0119332289636,31.21968579403949,79.01183821060347 131.0119346978367,31.21968338306312,78.6162902608028 131.0119361667258,31.219680972666858,78.21985211816295 131.01193763563947,31.219678562844084,77.82252490557556 131.01193910458568,31.219676153588463,77.42430970219425 131.0119405735718,31.21967374489395,77.02520754542307 131.01194204260472,31.21967133675483,76.62521941898757 131.01194351169067,31.219668929165696,76.22434626088696 131.01194498083538,31.219666522121567,75.82258894947783 131.01194645004378,31.21966411561777,75.41994831738995 131.0119479193203,31.219661709650094,75.01642513860418 131.01194938866865,31.21965930421469,74.61202012546983 131.0119508580918,31.219656899308166,74.20673393665636 131.01195232759218,31.21965449492753,73.80056717317801 131.01195379717137,31.219652091070287,73.39352036646403 131.01195526683037,31.21964968773436,72.98559399326957 131.01195673656937,31.219647284918143,72.57678846871744 131.0119582063879,31.21964488262055,72.16710414132696 131.01195967628485,31.219642480840896,71.75654129698995 131.01196114625827,31.21964007957907,71.34510016394137 131.01196261630562,31.219637678835355,70.93278090878223 131.01196408642366,31.21963527861059,70.51958362653872 131.01196555660832,31.21963287890605,70.10550835954936 131.01196702685505,31.21963047972356,69.69055509150024 131.0119684971585,31.219628081065327,69.2747237354957 131.01196996751278,31.219625682934105,68.85801416189202 131.01197143791134,31.21962328533311,68.44042617046327 131.01197290834693,31.219620888265982,68.02195951525259 131.01197437881183,31.219618491736828,67.60261389164909 131.0119758492978,31.219616095750183,67.18238895229254 131.01197731979588,31.21961370031104,66.76128428719173 131.01197879029675,31.219611305424728,66.33929944956978 131.01198026079058,31.219608911097044,65.91643394592349 131.01198173126707,31.219606517334096,65.49268723900481 131.0119832017155,31.219604124142407,65.06805875378535 131.01198467212487,31.219601731528776,64.64254788043812 131.01198614248366,31.21959933950037,64.21615397433708 131.01198761278016,31.21959694806459,63.788876359039655 131.01198908300233,31.21959455722917,63.3607143312562 131.01199055313796,31.219592167002023,62.9316671688028 131.0119920231746,31.21958977739133,62.501734123642215 131.01199349309962,31.21958738840544,62.07091443381272 131.01199496290033,31.219585000052856,61.63920732143985 131.0119964325639,31.21958261234226,61.2066120006885 131.01199790207755,31.219580225282414,60.773127676768965 131.01199937142843,31.21957783888213,60.33875355687186 131.01200084060375,31.21957545315033,59.90348884221429 131.01200230959094,31.21957306809593,59.46733274295251 131.01200377837733,31.219570683727817,59.030284476192406 131.0120052469506,31.21956830005488,58.59234327096037 131.01200671529855,31.21956591708591,58.15350836720892 131.0120081834093,31.21956353482961,57.71377902973412 131.01200965127123,31.219561153294567,57.27315453823434 131.0120111188731,31.219558772489165,56.83163420520408 131.01201258620387,31.219556392421648,56.3892173620167 131.01201405325307,31.219554013100048,55.94590337781203 131.0120155200106,31.21955163453212,55.5016916535318 131.0120169864669,31.21954925672537,55.05658162987278 131.01201845261275,31.219546879687,54.6105727823161 131.01201991843965,31.219544503423904,54.16366463405053 131.01202138393947,31.21954212794262,53.71585675199656 131.01202284910488,31.219539753249304,53.26714874680608 131.01202431392883,31.219537379349728,52.81754028678032 131.0120257784053,31.21953500624928,52.367031081964186 131.0120272425286,31.219532633952863,51.915620901046175 131.01202870629388,31.219530262464968,51.46330956837637 131.01203016969689,31.219527891789607,51.01009695999022 131.01203163273402,31.219525521930294,50.5559830135498 131.01203309540256,31.219523152890066,50.100967723373365 131.01203455770033,31.21952078467145,49.64505114739471 131.01203601962592,31.21951841727643,49.18823339125752 131.0120374811787,31.21951605070649,48.73051463714464 131.0120389423586,31.219513684962543,48.2718951169377 131.01204040316648,31.21951132004503,47.81237512514092 131.0120418636037,31.219508955953767,47.35195502086928 131.01204332367257,31.219506592688063,46.890635213931546 131.01204478337584,31.21950423024669,46.428416184712766 131.0120462427171,31.21950186862785,45.96529846230426 131.0120477017005,31.219499507829244,45.50128263941546 131.01204916033106,31.219497147848013,45.03636936143917 131.01205061861407,31.2194947886808,44.570559328439856 131.0120520765558,31.219492430323704,44.10385329515462 131.0120535341629,31.21949007277236,43.63625206701622 131.01205499144257,31.21948771602188,43.16775649617762 131.0120564484026,31.219485360066937,42.69836748548856 131.01205790505125,31.219483004901694,42.22808598253104 131.0120593613973,31.21948065051997,41.75691296967884 131.01206081744985,31.219478296915103,41.284849476026814 131.01206227321853,31.219475944080035,40.81189656844431 131.0120637287132,31.21947359200737,40.33805533964621 131.01206518394417,31.219471240689348,39.863326921116446 131.0120666389218,31.21946889011788,39.38771247117909 131.012068093657,31.21946654028461,38.9112131680396 131.01206954816064,31.219464191180908,38.43383021376153 131.01207100244383,31.219461842797887,37.95556483128463 131.01207245651776,31.219459495126493,37.47641825348913 131.01207391039364,31.219457148157463,36.996391729161424 131.01207536408285,31.21945480188141,36.51548650808184 131.01207681759655,31.21945245628885,36.033703852954446 131.01207827094595,31.21945011137017,35.55104501853059 131.01207972414207,31.219447767115778,35.06751126453246 131.01208117719585,31.219445423516007,34.5831038367651 131.0120826301179,31.21944308056124,34.09782397705735 131.01208408291873,31.219440738241904,33.61167291530916 131.01208553560835,31.21943839654852,33.12465185955027 131.0120869881967,31.21943605547172,32.63676199892249 131.01208844069308,31.219433715002268,32.14800450666224 131.01208989310652,31.21943137513112,31.6583805241942 131.01209134544553,31.219429035849444,31.167891164113783 131.01209279771814,31.219426697148617,30.676537514163822 131.0120942499319,31.219424359020312,30.18432061735126 131.01209570209372,31.21942202145648,29.691241489841943 131.01209715420993,31.219419684449345,29.19730110107752 131.01209860628623,31.219417347991552,28.702500385705008 131.01210005832775,31.219415012076045,28.20684022965871 131.01210151033885,31.21941267669617,27.71032147910725 131.01210296232313,31.21941034184568,27.212944924547223 131.0121044142836,31.21940800751874,26.714711317703223 131.01210586622244,31.219405673709936,26.2156213546274 131.0121073181411,31.219403340414328,25.71567568265792 131.0121087700402,31.2194010076274,25.21487489743669 131.01211022191967,31.219398675345104,24.7132195419146 131.0121116737786,31.2193963435639,24.210710107345587 131.01211312561523,31.21939401228068,23.707347028315606 131.01211457742707,31.219391681492848,23.203130693677927 131.0121160292108,31.219389351198245,22.69806143362888 131.01211748096227,31.21938702139522,22.1921395276608 131.01211893267654,31.219384692082578,21.68536520655012 131.01212038434784,31.219382363259577,21.177738646391983 131.0121218359697,31.21938003492589,20.6692599795358 131.01212328753488,31.219377707081687,20.15992928762572 131.01212473903524,31.21937537972749,19.6497466035888 131.012126190462,31.219373052864256,19.13871192555268 131.01212764180562,31.21937072649328,18.62682519994486 131.01212909305585,31.21936840061621,18.11408633839308 131.0121305442017,31.21936607523504,17.600495214742356 131.01213199523167,31.219363750351967,17.08605167201408 131.01213344613333,31.21936142596953,16.5707555144524 131.01213489689383,31.21935910209044,16.05460652641306 131.01213634749968,31.219356778717508,15.53760446540393 131.0121377979367,31.219354455853782,15.019749064073393 131.01213924819027,31.2193521335023,14.501040044128212 131.01214069824508,31.219349811666124,13.9814771163334 131.0121421480854,31.21934749034829,13.461059976535624 131.01214359769503,31.21934516955176,12.939788317592836 131.01214504705703,31.219342849279226,12.417661844286735 131.01214649615423,31.21934052953321,11.894680249462803 131.01214794496894,31.219338210315904,11.370843252802672 131.0121493934828,31.21933589162904,10.846150585911635 131.0121508416771,31.219333573473858,10.320602004248776 131.01215228953257,31.219331255850992,9.7941972871269 131.01215373702942,31.219328938760302,9.26693626157277 131.01215518414725,31.219326622200786,8.738818787414726 131.012156630865,31.21932430617039,8.209844789096195 131.01215807716093,31.21932199066584,7.680014239769392 131.01215952302007,31.21931967569053,7.1493267954431845 131.01216096845096,31.219317361272065,6.6177809230982 131.01216241346702,31.219315047442567,6.085374873968914 131.01216385808257,31.21931273423448,5.552106901265118 131.01216530231258,31.21931042168032,5.017975271107689 131.0121667461728,31.219308109812644,4.482978268493711 131.0121681896796,31.21930579866385,3.947114203261584 131.01216963285,31.21930348826612,3.410381422021161 131.0121710757014,31.219301178651182,2.8727783171015333 131.01217251825167,31.21929886985034,2.334303320586191 131.0121739605191,31.21929656189416,1.7949549351327203 131.0121754025223,31.219294254812525,1.2547317270139209</coordinates>
            </LineString>
        </Placemark>
        <Placemark id="75">
            <name>flight_path</name>
            <styleUrl>#76</styleUrl>
            <LineString id="74">
                <altitudeMode>clampToGround</altitudeMode>
                <coordinates>131.010392,31.222216000000007,0.0 131.01039200000366,31.222215999998223,0.0 131.0103920000069,31.22221599999664,0.0 131.0103920012945,31.22221599936533,0.0 131.01039200888485,31.222215995653773,0.0 131.01039203086904,31.22221598493976,0.0 131.01039207268363,31.222215964588354,0.0 131.0103921337392,31.222215934885217,0.0 131.01039221750068,31.222215894150946,0.0 131.0103923171602,31.222215845685003,0.0 131.0103924332069,31.22221578925032,0.0 131.01039256429323,31.22221572549999,0.0 131.01039270965296,31.222215654805304,0.0 131.01039286853543,31.222215577530086,0.0 131.01039304074615,31.222215493768605,0.0 131.0103932260769,31.222215403621764,0.0 131.0103934247424,31.22221530698543,0.0 131.0103936360374,31.222215204201444,0.0 131.01039386102843,31.22221509475285,0.0 131.01039409944244,31.22221497877201,0.0 131.01039435172825,31.22221485604135,0.0 131.01039461712753,31.222214726928424,0.0 131.01039489598176,31.222214591267665,0.0 131.01039518918276,31.222214448626875,0.0 131.01039549479407,31.22221429994456,0.0 131.01039581310155,31.22221414508213,0.0 131.0103961434746,31.222213984345263,0.0 131.01039648677124,31.222213817318053,0.0 131.0103968427763,31.222213644104784,0.0 131.0103972116258,31.22221346463949,0.0 131.01039759269415,31.22221327922542,0.0 131.01039798564082,31.22221308802757,0.0 131.01039839028283,31.2222128911346,0.0 131.01039880658402,31.22221268856405,0.0 131.0103992349337,31.222212480127176,0.0 131.01039967492267,31.222212266022247,0.0 131.01040012670458,31.22221204617485,0.0 131.0104005901408,31.22221182065209,0.0 131.0104010653653,31.222211589389,0.0 131.01040155250774,31.22221135232272,0.0 131.01040205116163,31.22221110965021,0.0 131.0104025610951,31.22221086148384,0.0 131.01040308220365,31.222210607874224,0.0 131.0104036144696,31.22221034882986,0.0 131.01040415826623,31.222210084169745,0.0 131.01040471408808,31.222209813654104,0.0 131.01040528204263,31.222209537230743,0.0 131.01040586233393,31.222209254800703,0.0 131.0104064539547,31.22220896685217,0.0 131.01040705651843,31.22220867357242,0.0 131.0104076699655,31.222208374990306,0.0 131.01040829413455,31.22220807118393,0.0 131.0104089290626,31.22220776213529,0.0 131.01040957506035,31.222207447693588,0.0 131.01041023246742,31.222207127932293,0.0 131.01041090152395,31.222206803987447,0.0 131.01041158238925,31.22220647596325,0.0 131.01041227493118,31.222206143936365,0.0 131.01041297921188,31.222205807880872,0.0 131.01041369608737,31.22220546737461,0.0 131.01041442512505,31.222205122616607,0.0 131.01041516643335,31.222204773532926,0.0 131.01041591977804,31.222204420214265,0.0 131.01041668553992,31.22220406242422,0.0 131.01041746250357,31.22220370073724,0.0 131.01041825070288,31.22220333508633,0.0 131.01041905117052,31.222202964857896,0.0 131.01041986350975,31.222202590183663,0.0 131.01042068735717,31.22220221117752,0.0 131.01042152252938,31.22220182784955,0.0 131.01042236927964,31.222201439948503,0.0 131.01042322746912,31.222201047434428,0.0 131.01042409706164,31.222200650202232,0.0 131.01042497802956,31.22220024813828,0.0 131.01042587045788,31.222199841031586,0.0 131.01042677357603,31.222199429209823,0.0 131.01042768756116,31.22219901239584,0.0 131.01042861247615,31.222198590364705,0.0 131.01042954813522,31.2221981630456,0.0 131.01043049430507,31.2221977304016,0.0 131.01043145135813,31.22219729194896,0.0 131.01043241902147,31.22219684764837,0.0 131.01043339685663,31.22219639759624,0.0 131.0104343848232,31.22219594158256,0.0 131.01043538304006,31.22219547923065,0.0 131.01043639085887,31.222195010804185,0.0 131.01043740852467,31.222194535812097,0.0 131.0104384358972,31.22219405406872,0.0 131.0104394728103,31.222193565400342,0.0 131.01044051901275,31.22219306971602,0.0 131.0104415745388,31.222192566642192,0.0 131.01044263914665,31.222192056049224,0.0 131.01044371236745,31.22219153807349,0.0 131.01044479424743,31.222191012286785,0.0 131.0104458848485,31.222190478185656,0.0 131.0104469835562,31.222189936102108,0.0 131.01044809073522,31.222189385137856,0.0 131.0104492062125,31.22218882503428,0.0 131.0104503293824,31.222188256140303,0.0 131.01045146035116,31.22218767784097,0.0 131.01045259896847,31.22218708981313,0.0 131.0104537448119,31.222186492187,0.0 131.01045489784963,31.22218588447105,0.0 131.01045605782443,31.22218526651612,0.0 131.0104572244983,31.222184638176284,0.0 131.01045839811246,31.22218399838273,0.0 131.01045957817195,31.222183347431884,0.0 131.0104607646768,31.22218268469632,0.0 131.01046195758374,31.222182009547623,0.0 131.01046315635955,31.222181322416247,0.0 131.0104643607469,31.22218062320689,0.0 131.01046557107176,31.22217991041009,0.0 131.0104667870586,31.222179183828384,0.0 131.01046800785136,31.22217844495031,0.0 131.0104692340323,31.22217769138998,0.0 131.010470464862,31.222176924308016,0.0 131.01047170003935,31.22217614385962,0.0 131.01047294028385,31.222175346836675,0.0 131.01047418422942,31.222174536695285,0.0 131.010475432244,31.222173711421927,0.0 131.01047668454245,31.22217286910514,0.0 131.01047793988334,31.22217201343993,0.0 131.01047919889947,31.222171141046207,0.0 131.01048046108326,31.2221702528154,0.0 131.01048172587576,31.222169350245963,0.0 131.01048299377197,31.222168430046445,0.0 131.01048426415767,31.222167493894435,0.0 131.0104855367623,31.22216654222272,0.0 131.01048681188433,31.22216557224272,0.0 131.0104880887963,31.22216458677419,0.0 131.01048936755356,31.22216358449924,0.0 131.01049064820967,31.222162563746,0.0 131.01049193008637,31.222161527774286,0.0 131.01049321356882,31.22216047283713,0.0 131.01049449827923,31.222159400204887,0.0 131.0104957839429,31.22215831091961,0.0 131.0104970708121,31.22215720166905,0.0 131.01049835834263,31.222156075633208,0.0 131.0104996464914,31.22215493216056,0.0 131.01050093537927,31.22215376879,0.0 131.010502224522,31.222152588988127,0.0 131.01050351410728,31.22215138979968,0.0 131.010504803964,31.22215017169692,0.0 131.0105060938224,31.222148936683748,0.0 131.01050738399363,31.222147680047776,0.0 131.0105086740985,31.22214640515872,0.0 131.01050996407315,31.222145112013155,0.0 131.01051125415603,31.2221437964518,0.0 131.01051254390555,31.2221424635233,0.0 131.01051383354078,31.22214110953484,0.0 131.01051512300705,31.22213973444157,0.0 131.01051641203725,31.222138341620408,0.0 131.0105177009258,31.222136926252027,0.0 131.01051898937527,31.222135492421888,0.0 131.0105202774404,31.222134039121485,0.0 131.01052156525472,31.22213256421619,0.0 131.01052285251487,31.222131072391008,0.0 131.01052413947315,31.222129559955384,0.0 131.01052542605862,31.22212802832952,0.0 131.0105267121845,31.22212647917132,0.0 131.01052799815963,31.22212490847148,0.0 131.01052928375904,31.222123320188,0.0 131.01053056911016,31.222121713137813,0.0 131.01053185435805,31.222120086257625,0.0 131.01053313929884,31.22211844312984,0.0 131.01053442438507,31.22211677881213,0.0 131.01053570948469,31.222115096196703,0.0 131.01053699460823,31.222113396044968,0.0 131.0105382802843,31.22211167351696,0.0 131.01053956598787,31.22210993572177,0.0 131.0105408522529,31.222108177995384,0.0 131.01054213903842,31.222106402217143,0.0 131.0105434262941,31.22210460995532,0.0 131.01054471452636,31.222102797782973,0.0 131.0105460033714,31.22210097032477,0.0 131.01054729335857,31.222099124095667,0.0 131.01054858443715,31.22209726099877,0.0 131.01054987648592,31.222095383086035,0.0 131.0105511702184,31.22209348619372,0.0 131.01055246517132,31.22209157503393,0.0 131.0105537619955,31.222089646075226,0.0 131.0105550607086,31.222087700623845,0.0 131.01055636117556,31.22208574056482,0.0 131.01055766418327,31.2220837622547,0.0 131.01055896900024,31.22208177123217,0.0 131.01056027654732,31.222079763183576,0.0 131.01056158647313,31.222077741294168,0.0 131.0105628988573,31.22207570600124,0.0 131.01056421441865,31.22207365471172,0.0 131.01056553245857,31.22207159187369,0.0 131.01056685389884,31.222069513900102,0.0 131.0105681784742,31.22206742308792,0.0 131.01056950621515,31.22206532002422,0.0 131.01057083803823,31.222063201663,0.0 131.010572172891,31.222061073266943,0.0 131.01057351190403,31.222058930894903,0.0 131.0105748546828,31.222056776979908,0.0 131.01057620128503,31.22205461190342,0.0 131.01057755237954,31.222052433875927,0.0 131.01057890710248,31.222050246704068,0.0 131.01058026672777,31.22204804637253,0.0 131.0105816305469,31.22204583602841,0.0 131.01058299900103,31.222043614610776,0.0 131.01058437259408,31.22204138100117,0.0 131.01058575040113,31.22203913870576,0.0 131.01058713385183,31.222036883511134,0.0 131.0105885214634,31.222034620619645,0.0 131.0105899142245,31.222032347214256,0.0 131.01059131215084,31.222030063633635,0.0 131.010592714686,31.222027771857352,0.0 131.01059412293543,31.222025468793923,0.0 131.01059553556652,31.22202315870842,0.0 131.01059695373155,31.222020838324543,0.0 131.01059837696235,31.22201850921873,0.0 131.01059980514867,31.22201617182932,0.0 131.01060123907743,31.222013823940223,0.0 131.01060267749605,31.222011469291903,0.0 131.01060412203532,31.22200910312305,0.0 131.0106055712074,31.22200672979066,0.0 131.01060702577016,31.222004347031564,0.0 131.01060848546132,31.222001955525737,0.0 131.01060994972687,31.221999556819373,0.0 131.01061141949637,31.221997147986844,0.0 131.0106128934216,31.22199473289241,0.0 131.01061437304213,31.22199230667988,0.0 131.01061585701788,31.22198987315265,0.0 131.0106173455941,31.221987431320247,0.0 131.0106188390288,31.221984980020807,0.0 131.0106203361974,31.2219825224856,0.0 131.0106218377426,31.22198005630501,0.0 131.0106233434568,31.22197758170332,0.0 131.01062485272547,31.221975100301805,0.0 131.01062636569273,31.22197261119585,0.0 131.01062788237817,31.22197011379794,0.0 131.01062940231537,31.2219676092087,0.0 131.01063092507115,31.22196509848415,0.0 131.01063245078143,31.22196258059056,0.0 131.01063397917335,31.22196005595661,0.0 131.0106355099079,31.22195752529821,0.0 131.010637042691,31.221954989194128,0.0 131.01063857745373,31.221952447321662,0.0 131.0106401140245,31.221949899757973,0.0 131.0106416521713,31.221947346854623,0.0 131.0106431917695,31.22194478852273,0.0 131.01064473268957,31.22194222468717,0.0 131.01064627480432,31.22193965525766,0.0 131.01064781795895,31.22193708029669,0.0 131.01064936206947,31.221934499526864,0.0 131.01065090699265,31.22193191297353,0.0 131.01065245259107,31.22192932065313,0.0 131.01065399867673,31.221926722875043,0.0 131.0106555451867,31.221924119296524,0.0 131.0106570919747,31.221921510058085,0.0 131.0106586389343,31.221918895101297,0.0 131.0106601859344,31.221916274543386,0.0 131.01066173289854,31.22191364820038,0.0 131.0106632797371,31.221911015992404,0.0 131.010664826338,31.22190837802893,0.0 131.0106663726176,31.22190573427056,0.0 131.01066791849843,31.221903084671293,0.0 131.01066946390384,31.22190042922016,0.0 131.01067100878797,31.221897767721863,0.0 131.01067255312378,31.221895099875287,0.0 131.01067409678168,31.221892426224148,0.0 131.01067563972876,31.221889746609733,0.0 131.0106771819076,31.2218870611206,0.0 131.0106787232906,31.221884369654177,0.0 131.01068026383487,31.221881672288607,0.0 131.0106818034984,31.22187896915506,0.0 131.01068334230288,31.22187625988504,0.0 131.0106848802224,31.22187354458214,0.0 131.0106864172242,31.221870823467224,0.0 131.01068795328038,31.22186809677736,0.0 131.01068948836624,31.22186536477916,0.0 131.01069102251424,31.221862627285383,0.0 131.01069255572511,31.22185988444468,0.0 131.0106940880368,31.22185713612848,0.0 131.01069561944948,31.22185438259056,0.0 131.010697149966,31.221851624109497,0.0 131.0106986795026,31.221848861751045,0.0 131.01070020813552,31.22184609524672,0.0 131.01070173591663,31.22184332457323,0.0 131.01070326288192,31.2218405498838,0.0 131.0107047890459,31.221837771535064,0.0 131.01070631448914,31.22183498938463,0.0 131.01070783929285,31.221832203321487,0.0 131.01070936348682,31.22182941366098,0.0 131.0107108871692,31.22182662022577,0.0 131.01071241043087,31.221823822923568,0.0 131.01071393331807,31.221821022011,0.0 131.0107154559059,31.221818217549004,0.0 131.01071697823065,31.22181540988655,0.0 131.01071850037357,31.221812599071686,0.0 131.01072002236083,31.221809785521405,0.0 131.01072154425103,31.22180696944424,0.0 131.01072306612983,31.221804150880583,0.0 131.01072458808156,31.22180132988196,0.0 131.01072611019887,31.22179850645712,0.0 131.01072763251037,31.22179568098868,0.0 131.01072915503698,31.22179285388525,0.0 131.0107306778348,31.221790025345943,0.0 131.01073220102344,31.22178719522156,0.0 131.0107337246895,31.22178436353469,0.0 131.0107352488346,31.22178153074508,0.0 131.0107367735467,31.22177869685084,0.0 131.01073829890055,31.22177586191112,0.0 131.0107398249436,31.221773026103435,0.0 131.01074135168616,31.22177018976724,0.0 131.01074287917848,31.221767353032696,0.0 131.01074440747297,31.22176451600541,0.0 131.01074593662307,31.22176167876981,0.0 131.01074746677148,31.221758841001936,0.0 131.01074899791163,31.22175600302057,0.0 131.01075053004465,31.221753165088284,0.0 131.0107520631997,31.221750327329527,0.0 131.0107535974923,31.221747489484983,0.0 131.01075513291752,31.22174465178425,0.0 131.01075666948083,31.22174181439153,0.0 131.01075820722963,31.22173897728249,0.0 131.01075974617763,31.221736140549567,0.0 131.0107612863475,31.22173330422884,0.0 131.0107628277446,31.22173046840732,0.0 131.01076437033822,31.221727633294275,0.0 131.0107659142227,31.221724798589232,0.0 131.01076745937658,31.22172196442676,0.0 131.01076900579733,31.22171913084883,0.0 131.01077055342628,31.221716298096148,0.0 131.01077210227783,31.22171346610765,0.0 131.01077365234917,31.221710634870945,0.0 131.01077520359715,31.22170780451236,0.0 131.01077675601925,31.221704974983776,0.0 131.01077830959855,31.221702146274648,0.0 131.0107798642838,31.221699318494505,0.0 131.01078142008416,31.221696491498417,0.0 131.0107829769643,31.22169366530065,0.0 131.01078453492312,31.221690839764623,0.0 131.0107860938869,31.221688015029567,0.0 131.01078765384813,31.221685190954208,0.0 131.01078921479547,31.221682367396927,0.0 131.01079077667762,31.22167954436762,0.0 131.01079233943668,31.221676721891622,0.0 131.01079390304437,31.221673899858043,0.0 131.0107954674099,31.22167107841312,0.0 131.01079703251736,31.22166825736957,0.0 131.01079859836838,31.22166543645196,0.0 131.0108001648789,31.22166261575264,0.0 131.01080173199523,31.221659795223584,0.0 131.0108032996393,31.221656974919647,0.0 131.01080486775524,31.22165415479115,0.0 131.0108064362994,31.2216513347256,0.0 131.01080800516684,31.221648514899687,0.0 131.0108095743545,31.221645694994887,0.0 131.01081114380852,31.221642874937576,0.0 131.01081271343284,31.22164005486508,0.0 131.0108142831678,31.221637234733706,0.0 131.01081585300062,31.221634414255668,0.0 131.01081742283225,31.22163159359829,0.0 131.01081899269735,31.22162877220765,0.0 131.0108205624493,31.221625950537053,0.0 131.01082213203938,31.221623128501257,0.0 131.0108237013821,31.22162030623481,0.0 131.01082527043417,31.22161748363837,0.0 131.01082683915888,31.221614660578968,0.0 131.0108284074888,31.22161183712369,0.0 131.01082997536545,31.22160901329524,0.0 131.01083154279044,31.22160618874537,0.0 131.01083310971111,31.22160336348779,0.0 131.01083467602527,31.221600537884683,0.0 131.01083624176508,31.221597711406915,0.0 131.01083780688072,31.2215948841012,0.0 131.01083937131028,31.221592056118592,0.0 131.01084093501944,31.221589227436,0.0 131.01084249798924,31.22158639793874,0.0 131.01084406018356,31.22158356765931,0.0 131.01084562154847,31.22158073678552,0.0 131.01084718213335,31.221577904742176,0.0 131.0108487419178,31.22157507150509,0.0 131.0108503008549,31.22157223728013,0.0 131.01085185893191,31.221569402031985,0.0 131.0108534161401,31.22156656571619,0.0 131.01085497248718,31.22156372817997,0.0 131.01085652795567,31.22156088949781,0.0 131.0108580825378,31.22155804968988,0.0 131.0108596362074,31.22155520895189,0.0 131.01086118892164,31.221552367642538,0.0 131.0108627406995,31.22154952563785,0.0 131.01086429157337,31.22154668272745,0.0 131.010865841556,31.22154383888366,0.0 131.01086739066716,31.22154099404484,0.0 131.01086893890076,31.221538148382056,0.0 131.0108704862334,31.22153530222837,0.0 131.01087203274463,31.221532455102537,0.0 131.0108735784528,31.221529607037454,0.0 131.0108751233902,31.221526757976385,0.0 131.01087666758312,31.221523907928457,0.0 131.0108782110554,31.2215210569402,0.0 131.01087975386503,31.22151820480648,0.0 131.0108812960024,31.22151535186264,0.0 131.01088283750846,31.221512498069224,0.0 131.01088437843688,31.221509643305545,0.0 131.0108859187976,31.22150678778924,0.0 131.01088745854764,31.221503932127423,0.0 131.01088899767143,31.22150107672901,0.0 131.01089053620723,31.221498221618187,0.0 131.01089207419324,31.22149536682661,0.0 131.0108936116685,31.2214925123866,0.0 131.01089514867277,31.221489658331112,0.0 131.0108966852463,31.221486804693644,0.0 131.01089822142993,31.22148395150805,0.0 131.01089975726464,31.221481098808496,0.0 131.01090129279174,31.22147824662936,0.0 131.01090282805262,31.221475395005125,0.0 131.01090436308868,31.22147254397024,0.0 131.01090589794123,31.221469693559108,0.0 131.0109074326513,31.221466843805903,0.0 131.01090896725947,31.221463994744543,0.0 131.0109105018061,31.22146114640857,0.0 131.0109120363309,31.22145829883104,0.0 131.01091357087287,31.221455452044488,0.0 131.0109151054703,31.221452606080835,0.0 131.0109166401607,31.22144976097128,0.0 131.01091817498056,31.22144691674625,0.0 131.01091970996544,31.221444073435336,0.0 131.01092124514972,31.2214412310672,0.0 131.0109227805666,31.22143838966952,0.0 131.0109243162481,31.221435549268943,0.0 131.0109258522248,31.221432709891,0.0 131.010927388526,31.221429871560087,0.0 131.01092892517943,31.2214270342994,0.0 131.0109304622114,31.221424198130872,0.0 131.0109319996466,31.221421363075176,0.0 131.01093353750812,31.22141852915168,0.0 131.0109350758174,31.22141569637834,0.0 131.01093661459413,31.22141286477173,0.0 131.01093815385636,31.221410034347088,0.0 131.0109396936203,31.22140720511815,0.0 131.0109412339004,31.22140437709721,0.0 131.01094277470932,31.22140155029516,0.0 131.0109443160579,31.221398724721364,0.0 131.0109458579552,31.22139590038376,0.0 131.01094740040836,31.22139307728879,0.0 131.01094894342273,31.22139025544143,0.0 131.01095048700188,31.221387434845187,0.0 131.01095203114753,31.221384615502128,0.0 131.01095357585953,31.221381797412874,0.0 131.01095512113608,31.221378980576645,0.0 131.01095666697358,31.22137616499124,0.0 131.01095821336665,31.22137335065308,0.0 131.01095976030822,31.221370537557284,0.0 131.01096130778967,31.221367725697608,0.0 131.0109628558006,31.22136491506655,0.0 131.01096440432914,31.22136210565536,0.0 131.01096595336185,31.221359297454047,0.0 131.01096750288372,31.221356490451534,0.0 131.01096905287844,31.22135368463553,0.0 131.01097060332825,31.22135087999276,0.0 131.01097215421407,31.221348076508846,0.0 131.01097370551562,31.221345274168502,0.0 131.01097525721136,31.221342472955502,0.0 131.0109768092787,31.22133967285272,0.0 131.01097836169387,31.22133687384224,0.0 131.0109799144322,31.221334075905407,0.0 131.010981467468,31.22133127902284,0.0 131.01098302077492,31.22132848317453,0.0 131.0109845743256,31.22132568833991,0.0 131.01098612809216,31.22132289449785,0.0 131.01098768204602,31.221320101626816,0.0 131.01098923615805,31.22131730970484,0.0 131.01099079039872,31.22131451870964,0.0 131.010992344738,31.22131172861864,0.0 131.01099389914563,31.22130893940905,0.0 131.01099545359105,31.221306151057973,0.0 131.01099700804352,31.221303363542347,0.0 131.0109985624723,31.221300576839123,0.0 131.0110001168466,31.22129779092525,0.0 131.0110016711356,31.221295005777776,0.0 131.01100322530877,31.221292221373886,0.0 131.0110047793357,31.221289437690945,0.0 131.01100633318634,31.2212866547066,0.0 131.01100788683084,31.22128387239873,0.0 131.0110094402399,31.22128109074561,0.0 131.01101099338467,31.22127830972588,0.0 131.0110125462368,31.22127552931864,0.0 131.0110140987686,31.22127274950349,0.0 131.01101565095303,31.221269970260504,0.0 131.0110172027638,31.22126719157036,0.0 131.0110187541754,31.22126441341433,0.0 131.01102030516313,31.22126163577437,0.0 131.01102185570315,31.221258858633053,0.0 131.01102340577268,31.22125608197367,0.0 131.01102495534977,31.221253305780262,0.0 131.01102650441365,31.22125053003761,0.0 131.01102805294445,31.221247754731312,0.0 131.0110296009235,31.22124497984771,0.0 131.01103114833325,31.221242205373983,0.0 131.01103269515727,31.2212394312982,0.0 131.0110342413804,31.22123665760921,0.0 131.0110357869886,31.221233884296783,0.0 131.0110373319691,31.221231111351504,0.0 131.0110388763104,31.22122833876488,0.0 131.01104042000236,31.221225566529256,0.0 131.01104196303595,31.22122279463786,0.0 131.0110435054035,31.22122002308485,0.0 131.01104504709875,31.221217251865205,0.0 131.0110465881166,31.221214480974783,0.0 131.01104812845327,31.221211710410344,0.0 131.01104966810638,31.221208940169426,0.0 131.0110512070747,31.22120617025049,0.0 131.01105274535843,31.22120340065273,0.0 131.01105428295887,31.221200631376245,0.0 131.0110558198788,31.22119786242187,0.0 131.01105735612205,31.22119509379124,0.0 131.01105889169375,31.22119232548673,0.0 131.01106042660035,31.221189557511472,0.0 131.0110619608492,31.22118678986928,0.0 131.01106349444913,31.22118402256469,0.0 131.0110650274098,31.221181255602872,0.0 131.01106655974215,31.22117848898964,0.0 131.0110680914582,31.22117572273141,0.0 131.0110696225708,31.221172956835183,0.0 131.01107115309392,31.221170191308502,0.0 131.01107268304247,31.221167426159447,0.0 131.01107421243228,31.22116466139656,0.0 131.0110757412799,31.221161897028857,0.0 131.011077269603,31.22115913306577,0.0 131.0110787974197,31.22115636951713,0.0 131.01108032474903,31.221153606393152,0.0 131.01108185161067,31.221150843704343,0.0 131.01108337802495,31.221148081461543,0.0 131.01108490401276,31.22114531967584,0.0 131.0110864295955,31.221142558358547,0.0 131.0110879547951,31.221139797521204,0.0 131.0110894796339,31.22113703717551,0.0 131.0110910041346,31.221134277333302,0.0 131.01109252832035,31.221131518006533,0.0 131.01109405221436,31.221128759207176,0.0 131.01109557584024,31.22112600094732,0.0 131.0110970992217,31.22112324323904,0.0 131.01109862238255,31.221120486094406,0.0 131.01110014534677,31.22111772952543,0.0 131.0111016681382,31.22111497354408,0.0 131.01110319078077,31.221112218162204,0.0 131.01110471329827,31.22110946339153,0.0 131.01110623571435,31.221106709243664,0.0 131.0111077580526,31.22110395573,0.0 131.01110928033611,31.221101202861767,0.0 131.01111080258792,31.22109845064996,0.0 131.01111232483066,31.221095699105327,0.0 131.0111138470866,31.22109294823839,0.0 131.01111536937765,31.221090198059336,0.0 131.01111689172507,31.22108744857809,0.0 131.0111184141499,31.221084699804248,0.0 131.0111199366724,31.22108195174707,0.0 131.01112145931236,31.221079204415467,0.0 131.01112298208895,31.22107645781797,0.0 131.0111245050207,31.221073711962763,0.0 131.01112602812535,31.221070966857607,0.0 131.0111275514201,31.22106822250988,0.0 131.01112907492123,31.221065478926537,0.0 131.0111305986443,31.221062736114128,0.0 131.0111321226042,31.22105999407876,0.0 131.01113364681478,31.22105725282609,0.0 131.0111351712892,31.22105451236139,0.0 131.01113669603967,31.221051772689425,0.0 131.0111382210776,31.221049033814538,0.0 131.01113974641336,31.221046295740607,0.0 131.0111412720565,31.22104355847108,0.0 131.0111427980156,31.221040822008906,0.0 131.01114432429836,31.22103808635662,0.0 131.01114585091145,31.22103535151632,0.0 131.0111473778606,31.2210326174896,0.0 131.01114890515063,31.221029884277623,0.0 131.01115043278529,31.22102715188116,0.0 131.0111519607675,31.2210244203005,0.0 131.01115348909912,31.221021689535487,0.0 131.01115501778105,31.22101895958559,0.0 131.01115654681325,31.221016230449816,0.0 131.0111580761948,31.2210135021268,0.0 131.01115960592364,31.22101077461474,0.0 131.01116113599707,31.221008047911504,0.0 131.0111626664112,31.22100532201452,0.0 131.0111641971614,31.2210025969209,0.0 131.01116572824208,31.220999872627388,0.0 131.0111672596468,31.22099714913037,0.0 131.01116879136833,31.220994426425936,0.0 131.01117032339857,31.22099170450984,0.0 131.01117185572852,31.220988983377545,0.0 131.0111733883485,31.220986263024244,0.0 131.0111749212481,31.22098354344483,0.0 131.0111764544161,31.220980824633976,0.0 131.01117798784065,31.220978106586088,0.0 131.01117952150906,31.2209753892954,0.0 131.01118105540823,31.22097267275588,0.0 131.01118258952428,31.220969956961344,0.0 131.0111841238428,31.22096724190543,0.0 131.01118565834886,31.220964527581646,0.0 131.01118719302696,31.22096181398332,0.0 131.01118872786117,31.22095910110369,0.0 131.01119026283504,31.220956388935903,0.0 131.0111917979318,31.22095367747296,0.0 131.0111933331343,31.220950966707875,0.0 131.01119486842492,31.22094825663356,0.0 131.0111964037859,31.22094554724289,0.0 131.01119793919915,31.220942838528742,0.0 131.0111994746464,31.22094013048401,0.0 131.01120101010915,31.220937423101542,0.0 131.01120254556864,31.220934716374263,0.0 131.01120408100624,31.22093201029515,0.0 131.01120561640306,31.2209293048572,0.0 131.0112071517403,31.220926600053488,0.0 131.01120868699903,31.220923895877235,0.0 131.01121022216043,31.220921192321704,0.0 131.01121175720587,31.220918489380296,0.0 131.0112132921166,31.220915787046543,0.0 131.0112148268742,31.220913085314105,0.0 131.01121636146036,31.220910384176804,0.0 131.011217895857,31.22090768362863,0.0 131.0112194300463,31.220904983663736,0.0 131.01122096401085,31.22090228427645,0.0 131.01122249773323,31.22089958546132,0.0 131.01122403119675,31.22089688721306,0.0 131.0112255643849,31.220894189526604,0.0 131.01122709728156,31.22089149239711,0.0 131.01122862987114,31.22088879581995,0.0 131.0112301621385,31.22088609979072,0.0 131.01123169406907,31.22088340430524,0.0 131.0112332256486,31.220880709359573,0.0 131.0112347568636,31.22087801495005,0.0 131.011236287701,31.22087532107317,0.0 131.01123781814837,31.22087262772573,0.0 131.011239348194,31.22086993490477,0.0 131.01124087782665,31.220867242607564,0.0 131.0112424070358,31.220864550831607,0.0 131.01124393581162,31.220861859574697,0.0 131.0112454641449,31.22085916883482,0.0 131.01124699202725,31.22085647861024,0.0 131.01124851945085,31.220853788899408,0.0 131.01125004640866,31.22085109970108,0.0 131.0112515728944,31.22084841101417,0.0 131.01125309890244,31.220845722837925,0.0 131.011254624428,31.220843035171686,0.0 131.011256149467,31.220840348015084,0.0 131.01125767401615,31.22083766136798,0.0 131.01125919807282,31.2208349752304,0.0 131.01126072163524,31.22083228960256,0.0 131.01126224470238,31.220829604484905,0.0 131.01126376727393,31.22082691987804,0.0 131.01126528935035,31.22082423578276,0.0 131.01126681093285,31.220821552200007,0.0 131.01126833202335,31.220818869130923,0.0 131.01126985262468,31.220816186576776,0.0 131.01127137274008,31.220813504538967,0.0 131.01127289237377,31.220810823019047,0.0 131.0112744115305,31.2208081420187,0.0 131.01127593021593,31.22080546153969,0.0 131.01127744843612,31.220802781583924,0.0 131.01127896619803,31.220800102153405,0.0 131.01128048350913,31.220797423250207,0.0 131.01128200037755,31.22079474487649,0.0 131.0112835168121,31.22079206703448,0.0 131.01128503282212,31.220789389726463,0.0 131.01128654841744,31.220786712954787,0.0 131.01128806360856,31.22078403672182,0.0 131.01128957840655,31.220781361029992,0.0 131.01129109282283,31.22077868588172,0.0 131.01129260686935,31.22077601127948,0.0 131.0112941205586,31.220773337225708,0.0 131.01129563390344,31.220770663722863,0.0 131.01129714691712,31.22076799077339,0.0 131.01129865961326,31.220765318379726,0.0 131.01130017200592,31.22076264654428,0.0 131.01130168410936,31.2207599752694,0.0 131.01130319593815,31.22075730455743,0.0 131.01130470750724,31.22075463441065,0.0 131.01130621883172,31.220751964831283,0.0 131.01130772992687,31.22074929582151,0.0 131.01130924080823,31.22074662738344,0.0 131.01131075149135,31.220743959519087,0.0 131.01131226199212,31.22074129223047,0.0 131.01131377232628,31.220738625519413,0.0 131.01131528250974,31.22073595938776,0.0 131.01131679255843,31.22073329383718,0.0 131.0113183024883,31.22073062886935,0.0 131.01131981231515,31.22072796448576,0.0 131.01132132205495,31.22072530068785,0.0 131.01132283172336,31.22072263747693,0.0 131.01132434133592,31.220719974854287,0.0 131.01132585090815,31.220717312821023,0.0 131.0113273604554,31.22071465137815,0.0 131.01132886999264,31.2207119905266,0.0 131.01133037953474,31.220709330267173,0.0 131.0113318890963,31.220706670600613,0.0 131.01133339869165,31.22070401152749,0.0 131.0113349083347,31.220701353048348,0.0 131.01133641803915,31.22069869516356,0.0 131.01133792781826,31.22069603787337,0.0 131.0113394376849,31.22069338117807,0.0 131.01134094765166,31.22069072507769,0.0 131.01134245773048,31.220688069572244,0.0 131.011343967933,31.220685414661613,0.0 131.01134547827044,31.22068276034564,0.0 131.01134698875336,31.22068010662404,0.0 131.01134849939191,31.22067745349642,0.0 131.01135001019574,31.220674800962367,0.0 131.0113515211739,31.220672149021336,0.0 131.0113530323349,31.220669497672727,0.0 131.0113545436868,31.22066684691585,0.0 131.0113560552368,31.22066419675,0.0 131.01135756699173,31.22066154717435,0.0 131.01135907895784,31.22065889818803,0.0 131.01136059114057,31.22065624979013,0.0 131.0113621035449,31.22065360197971,0.0 131.01136361617512,31.220650954755733,0.0 131.01136512903483,31.22064830811715,0.0 131.01136664212723,31.22064566206289,0.0 131.0113681554545,31.220643016591843,0.0 131.0113696690185,31.22064037170288,0.0 131.01137118282023,31.22063772739481,0.0 131.01137269686015,31.220635083666505,0.0 131.01137421113808,31.22063244051678,0.0 131.01137572565307,31.22062979794445,0.0 131.01137724040376,31.22062715594836,0.0 131.0113787553879,31.22062451452732,0.0 131.01138027060284,31.220621873680177,0.0 131.0113817860451,31.22061923340581,0.0 131.0113833017107,31.220616593703088,0.0 131.01138481759503,31.220613954570943,0.0 131.01138633369297,31.22061131600832,0.0 131.01138784999864,31.220608678014187,0.0 131.01138936650577,31.220606040587608,0.0 131.01139088320735,31.22060340372763,0.0 131.011392400096,31.2206007674334,0.0 131.01139391716376,31.220598131704083,0.0 131.01139543440212,31.220595496538927,0.0 131.01139695180208,31.22059286193725,0.0 131.0113984693542,31.22059022789843,0.0 131.01139998704855,31.220587594421904,0.0 131.01140150487484,31.220584961507207,0.0 131.0114030228223,31.22058232915392,0.0 131.0114045408797,31.220579697361725,0.0 131.0114060590356,31.22057706613042,0.0 131.01140757727808,31.22057443545982,0.0 131.01140909559498,31.22057180534987,0.0 131.0114106139738,31.220569175800616,0.0 131.01141213240172,31.22056654681216,0.0 131.01141365086573,31.220563918384723,0.0 131.01141516935263,31.220561290518607,0.0 131.01141668784888,31.22055866321422,0.0 131.0114182063409,31.220556036472072,0.0 131.01141972481489,31.22055341029274,0.0 131.01142124325696,31.22055078467692,0.0 131.01142276165308,31.220548159625405,0.0 131.0114242799892,31.220545535139063,0.0 131.01142579825122,31.22054291121889,0.0 131.01142731642494,31.22054028786592,0.0 131.01142883449631,31.22053766508134,0.0 131.01143035245124,31.220535042866384,0.0 131.0114318702757,31.220532421222384,0.0 131.01143338795575,31.22052980015077,0.0 131.0114349054776,31.220527179653047,0.0 131.01143642282753,31.220524559730784,0.0 131.0114379399921,31.22052194038564,0.0 131.011439456958,31.22051932161933,0.0 131.01144097371213,31.22051670343368,0.0 131.01144249024165,31.22051408583052,0.0 131.011444006534,31.22051146881177,0.0 131.01144552257682,31.22050885237944,0.0 131.01144703835823,31.22050623653553,0.0 131.01144855386656,31.220503621282106,0.0 131.0114500690905,31.22050100662128,0.0 131.01145158401917,31.22049839255516,0.0 131.01145309864208,31.220495779085983,0.0 131.0114546129491,31.22049316621592,0.0 131.01145612693068,31.220490553947155,0.0 131.0114576405775,31.22048794228193,0.0 131.01145915388088,31.220485331222463,0.0 131.01146066683256,31.220482720770995,0.0 131.01146217942485,31.220480110929703,0.0 131.01146369165042,31.22047750170081,0.0 131.01146520350267,31.22047489308648,0.0 131.01146671497537,31.220472285088867,0.0 131.01146822606293,31.220469677710074,0.0 131.0114697367603,31.220467070952164,0.0 131.011471247063,31.22046446481716,0.0 131.01147275696704,31.220461859307008,0.0 131.01147426646915,31.220459254423623,0.0 131.01147577556662,31.220456650168863,0.0 131.01147728425727,31.220454046544454,0.0 131.01147879253952,31.220451443552065,0.0 131.0114803004125,31.220448841193296,0.0 131.01148180787575,31.22044623946965,0.0 131.0114833149295,31.2204436383825,0.0 131.01148482157478,31.22044103793316,0.0 131.01148632781283,31.2204384381228,0.0 131.01148783364576,31.220435838952465,0.0 131.01148933907615,31.220433240423127,0.0 131.01149084410724,31.220430642535607,0.0 131.0114923487427,31.22042804529059,0.0 131.011493852987,31.220425448688623,0.0 131.01149535684493,31.220422852730145,0.0 131.01149686032196,31.22042025741544,0.0 131.01149836342404,31.22041766274461,0.0 131.01149986615764,31.22041506871769,0.0 131.01150136852976,31.22041247533449,0.0 131.01150287054793,31.220409882594737,0.0 131.01150437222006,31.22040729049796,0.0 131.01150587355457,31.22040469904352,0.0 131.0115073745604,31.220402108230672,0.0 131.0115088752468,31.22039951805852,0.0 131.0115103756235,31.22039692852597,0.0 131.01151187570062,31.22039433963181,0.0 131.01151337548856,31.22039175137464,0.0 131.01151487499823,31.22038916375296,0.0 131.01151637424067,31.220386576765087,0.0 131.01151787322746,31.220383990409207,0.0 131.01151937197022,31.220381404683337,0.0 131.01152087048095,31.220378819585385,0.0 131.01152236877195,31.22037623511312,0.0 131.01152386685558,31.220373651264147,0.0 131.01152536474447,31.220371068035973,0.0 131.0115268624514,31.220368485425965,0.0 131.01152835998923,31.22036590343139,0.0 131.011529857371,31.22036332204936,0.0 131.0115313546098,31.22036074127691,0.0 131.0115328517188,31.22035816111097,0.0 131.0115343487111,31.22035558154839,0.0 131.0115358456,31.220353002585902,0.0 131.01153734239855,31.220350424220168,0.0 131.01153883911985,31.2203478464478,0.0 131.011540335777,31.220345269265287,0.0 131.01154183238287,31.22034269266916,0.0 131.01154332895027,31.22034011665575,0.0 131.01154482549185,31.2203375412215,0.0 131.01154632202008,31.22033496636273,0.0 131.01154781854723,31.220332392075782,0.0 131.01154931508526,31.220329818356944,0.0 131.01155081164606,31.220327245202533,0.0 131.01155230824105,31.220324672608825,0.0 131.01155380488143,31.22032210057216,0.0 131.01155530157803,31.220319529088847,0.0 131.01155679834147,31.22031695815528,0.0 131.01155829518183,31.220314387767857,0.0 131.01155979210893,31.220311817923044,0.0 131.01156128913212,31.220309248617355,0.0 131.01156278626033,31.220306679847376,0.0 131.01156428350208,31.22030411160979,0.0 131.0115657808654,31.220301543901325,0.0 131.01156727835783,31.220298976718844,0.0 131.01156877598646,31.22029641005929,0.0 131.01157027375783,31.22029384391975,0.0 131.01157177167806,31.220291278297392,0.0 131.01157326975255,31.220288713189536,0.0 131.0115747679863,31.22028614859365,0.0 131.01157626638374,31.220283584507328,0.0 131.01157776494864,31.220281020928336,0.0 131.01157926368433,31.220278457854583,0.0 131.01158076259347,31.220275895284143,0.0 131.0115822616782,31.220273333215303,0.0 131.01158376094,31.22027077164648,0.0 131.01158526037983,31.220268210576315,0.0 131.011586759998,31.2202656500036,0.0 131.0115882597943,31.22026308992737,0.0 131.01158975976793,31.22026053034688,0.0 131.0115912599173,31.22025797126149,0.0 131.01159276024052,31.22025541267088,0.0 131.01159426073485,31.220252854574863,0.0 131.01159576139716,31.22025029697352,0.0 131.0115972622237,31.220247739867133,0.0 131.01159876321006,31.22024518325619,0.0 131.01160026435144,31.220242627141435,0.0 131.01160176564235,31.220240071523808,0.0 131.01160326707685,31.22023751640448,0.0 131.01160476864845,31.220234961784858,0.0 131.01160627035014,31.22023240766656,0.0 131.0116077721744,31.220229854051425,0.0 131.01160927411337,31.220227300941527,0.0 131.01161077615853,31.220224748339124,0.0 131.011612278301,31.22022219624674,0.0 131.01161378053152,31.220219644667065,0.0 131.01161528284032,31.220217093603047,0.0 131.01161678521737,31.220214543057786,0.0 131.0116182876522,31.22021199303463,0.0 131.011619790134,31.2202094435371,0.0 131.0116212926517,31.22020689456892,0.0 131.0116227951939,31.22020434613397,0.0 131.01162429774882,31.22020179823636,0.0 131.01162580030467,31.22019925088031,0.0 131.01162730284923,31.22019670407025,0.0 131.01162880537015,31.22019415781076,0.0 131.011630307855,31.22019161210653,0.0 131.01163181029108,31.22018906696241,0.0 131.01163331266562,31.22018652238341,0.0 131.01163481496573,31.22018397837463,0.0 131.0116363171786,31.220181434941274,0.0 131.01163781929125,31.220178892088647,0.0 131.01163932129077,31.22017634982217,0.0 131.0116408231642,31.22017380814731,0.0 131.0116423248987,31.220171267069624,0.0 131.01164382648147,31.22016872659471,0.0 131.0116453278999,31.22016618672822,0.0 131.01164682914137,31.22016364747583,0.0 131.0116483301935,31.22016110884324,0.0 131.01164983104422,31.220158570836144,0.0 131.0116513316815,31.22015603346025,0.0 131.01165283209355,31.22015349672124,0.0 131.011654332269,31.22015096062477,0.0 131.0116558321967,31.220148425176472,0.0 131.01165733186582,31.22014589038187,0.0 131.01165883126575,31.220143356246467,0.0 131.01166033038652,31.220140822775672,0.0 131.01166182921827,31.22013828997478,0.0 131.01166332775168,31.220135757849004,0.0 131.0116648259779,31.22013322640344,0.0 131.01166632388845,31.22013069564303,0.0 131.01166782147536,31.220128165572604,0.0 131.01166931873112,31.22012563619681,0.0 131.01167081564878,31.22012310752017,0.0 131.01167231222183,31.22012057954696,0.0 131.0116738084444,31.220118052281336,0.0 131.01167530431096,31.22011552572721,0.0 131.01167679981685,31.22011299988831,0.0 131.01167829495768,31.22011047476815,0.0 131.01167978972987,31.22010795036997,0.0 131.0116812841303,31.22010542669684,0.0 131.01168277815648,31.22010290375152,0.0 131.01168427180656,31.22010038153656,0.0 131.0116857650792,31.220097860054224,0.0 131.0116872579737,31.22009533930653,0.0 131.01168875049007,31.2200928192952,0.0 131.01169024262884,31.22009030002168,0.0 131.01169173439115,31.220087781487138,0.0 131.0116932257788,31.220085263692457,0.0 131.01169471679407,31.220082746638223,0.0 131.01169620744005,31.22008023032473,0.0 131.01169769772022,31.22007771475196,0.0 131.01169918763875,31.220075199919595,0.0 131.0117006772003,31.22007268582703,0.0 131.0117021664102,31.22007017247336,0.0 131.01170365527426,31.22006765985736,0.0 131.01170514379885,31.220065147977536,0.0 131.01170663199085,31.220062636832115,0.0 131.01170811985767,31.220060126418986,0.0 131.01170960740717,31.22005761673572,0.0 131.0117110946477,31.220055107779704,0.0 131.01171258158803,31.22005259954796,0.0 131.01171406823747,31.22005009203728,0.0 131.0117155546056,31.220047585244167,0.0 131.01171704070248,31.220045079164915,0.0 131.01171852653852,31.220042573795496,0.0 131.0117200121244,31.220040069131688,0.0 131.01172149747114,31.22003756516904,0.0 131.01172298259013,31.2200350619028,0.0 131.0117244674929,31.220032559328143,0.0 131.0117259521913,31.22003005743995,0.0 131.01172743669736,31.22002755623296,0.0 131.01172892102323,31.220025055701687,0.0 131.01173040518125,31.22002255584054,0.0 131.01173188918392,31.22002005664377,0.0 131.0117333730437,31.22001755810548,0.0 131.0117348567733,31.220015060219666,0.0 131.01173634038523,31.22001256298021,0.0 131.01173782389208,31.220010066380954,0.0 131.01173930730653,31.22000757041561,0.0 131.01174079064103,31.22000507507788,0.0 131.01174227390797,31.22000258036141,0.0 131.01174375711963,31.220000086259823,0.0 131.01174524028815,31.219997592766774,0.0 131.01174672342543,31.219995099875856,0.0 131.01174820654316,31.219992607580807,0.0 131.01174968965287,31.21999011587531,0.0 131.01175117276563,31.21998762475316,0.0 131.01175265589242,31.219985134208248,0.0 131.01175413904377,31.21998264423452,0.0 131.01175562222974,31.219980154826057,0.0 131.01175710546028,31.21997766597711,0.0 131.01175858874467,31.219975177682027,0.0 131.011760072092,31.219972689935364,0.0 131.01176155551067,31.21997020273184,0.0 131.01176303900874,31.219967716066343,0.0 131.0117645225937,31.219965229934022,0.0 131.01176600627258,31.21996274433024,0.0 131.01176749005188,31.219960259250566,0.0 131.0117689739375,31.219957774690883,0.0 131.01177045793477,31.219955290647288,0.0 131.01177194204843,31.219952807116183,0.0 131.01177342628276,31.21995032409425,0.0 131.01177491064115,31.21994784157848,0.0 131.01177639512673,31.219945359566186,0.0 131.01177787974171,31.21994287805497,0.0 131.01177936448784,31.219940397042823,0.0 131.01178084936612,31.21993791652799,0.0 131.01178233437696,31.21993543650913,0.0 131.01178381952013,31.219932956985232,0.0 131.01178530479478,31.21993047795564,0.0 131.0117867901994,31.21992799942008,0.0 131.01178827573185,31.2199255213786,0.0 131.01178976138928,31.219923043831635,0.0 131.0117912471683,31.21992056678,0.0 131.01179273306488,31.219918090224887,0.0 131.0117942190744,31.219915614167807,0.0 131.0117957051916,31.219913138610703,0.0 131.0117971914106,31.21991066355581,0.0 131.01179867772507,31.2199081890058,0.0 131.011800164128,31.219905714963648,0.0 131.01180165061191,31.219903241432704,0.0 131.01180313716878,31.219900768416657,0.0 131.01180462379008,31.21989829591955,0.0 131.01180611046684,31.21989582394572,0.0 131.01180759718957,31.21989335249985,0.0 131.01180908394835,31.219890881586927,0.0 131.011810570733,31.21988841121228,0.0 131.01181205753275,31.21988594138145,0.0 131.0118135443367,31.219883472100285,0.0 131.01181503113327,31.21988100337493,0.0 131.01181651791103,31.219878535211723,0.0 131.01181800465798,31.219876067617275,0.0 131.011819491362,31.219873600598383,0.0 131.01182097801072,31.219871134162084,0.0 131.01182246459163,31.219868668315552,0.0 131.0118239510921,31.219866203066168,0.0 131.01182543749934,31.219863738421413,0.0 131.01182692380056,31.219861274388947,0.0 131.01182840998283,31.21985881097652,0.0 131.0118298960334,31.21985634819193,0.0 131.01183138193934,31.219853886043136,0.0 131.01183286768793,31.21985142453805,0.0 131.0118343532665,31.21984896368466,0.0 131.0118358386625,31.21984650349099,0.0 131.0118373238636,31.21984404396497,0.0 131.0118388088576,31.219841585114565,0.0 131.01184029363264,31.219839126947665,0.0 131.01184177817703,31.21983666947208,0.0 131.01184326247937,31.21983421269549,0.0 131.01184474652868,31.219831756625528,0.0 131.01184623031426,31.219829301269623,0.0 131.0118477138259,31.21982684663508,0.0 131.01184919705364,31.219824392729,0.0 131.01185067998807,31.219821939558287,0.0 131.0118521626203,31.21981948712964,0.0 131.01185364494182,31.219817035449527,0.0 131.0118551269447,31.219814584524126,0.0 131.01185660862157,31.21981213435936,0.0 131.01185808996556,31.21980968496085,0.0 131.0118595709704,31.219807236333928,0.0 131.01186105163046,31.2198047884836,0.0 131.01186253194064,31.219802341414496,0.0 131.0118640118965,31.21979989513092,0.0 131.01186549149435,31.219797449636843,0.0 131.011866970731,31.21979500493581,0.0 131.01186844960392,31.219792561031007,0.0 131.01186992811137,31.21979011792517,0.0 131.01187140625214,31.21978767562071,0.0 131.0118728840258,31.219785234119566,0.0 131.01187436143255,31.219782793423256,0.0 131.01187583847323,31.219780353532887,0.0 131.0118773151494,31.21977791444916,0.0 131.01187879146335,31.219775476172288,0.0 131.0118802674179,31.21977303870207,0.0 131.0118817430165,31.219770602037887,0.0 131.01188321826336,31.219768166178653,0.0 131.01188469316332,31.21976573112289,0.0 131.01188616772183,31.219763296868663,0.0 131.01188764194484,31.2197608634136,0.0 131.01188911583893,31.219758430754943,0.0 131.0118905894113,31.219755998889504,0.0 131.01189206266963,31.219753567813683,0.0 131.0118935356221,31.21975113752352,0.0 131.01189500827755,31.21974870801464,0.0 131.01189648064502,31.219746279282305,0.0 131.0118979527342,31.21974385132144,0.0 131.0118994245551,31.219741424126607,0.0 131.01190089611816,31.21973899769205,0.0 131.01190236743415,31.21973657201174,0.0 131.01190383851417,31.21973414707929,0.0 131.01190530936955,31.21973172288809,0.0 131.01190678001194,31.21972929943126,0.0 131.01190825045325,31.21972687670172,0.0 131.01190972070543,31.21972445469214,0.0 131.0119111907807,31.219722033395,0.0 131.01191266069128,31.21971961280265,0.0 131.0119141304496,31.219717192907275,0.0 131.01191560006802,31.21971477370096,0.0 131.01191706955885,31.21971235517569,0.0 131.0119185389345,31.2197099373234,0.0 131.01192000820723,31.219707520135938,0.0 131.0119214773892,31.2197051036052,0.0 131.0119229464923,31.21970268772303,0.0 131.01192441552834,31.21970027248135,0.0 131.01192588450894,31.219697857872127,0.0 131.01192735344534,31.219695443887428,0.0 131.01192882234855,31.219693030519416,0.0 131.01193029122922,31.219690617760413,0.0 131.0119317600976,31.21968820560288,0.0 131.0119332289636,31.21968579403949,0.0 131.0119346978367,31.21968338306312,0.0 131.0119361667258,31.219680972666858,0.0 131.01193763563947,31.219678562844084,0.0 131.01193910458568,31.219676153588463,0.0 131.0119405735718,31.21967374489395,0.0 131.01194204260472,31.21967133675483,0.0 131.01194351169067,31.219668929165696,0.0 131.01194498083538,31.219666522121567,0.0 131.01194645004378,31.21966411561777,0.0 131.0119479193203,31.219661709650094,0.0 131.01194938866865,31.21965930421469,0.0 131.0119508580918,31.219656899308166,0.0 131.01195232759218,31.21965449492753,0.0 131.01195379717137,31.219652091070287,0.0 131.01195526683037,31.21964968773436,0.0 131.01195673656937,31.219647284918143,0.0 131.0119582063879,31.21964488262055,0.0 131.01195967628485,31.219642480840896,0.0 131.01196114625827,31.21964007957907,0.0 131.01196261630562,31.219637678835355,0.0 131.01196408642366,31.21963527861059,0.0 131.01196555660832,31.21963287890605,0.0 131.01196702685505,31.21963047972356,0.0 131.0119684971585,31.219628081065327,0.0 131.01196996751278,31.219625682934105,0.0 131.01197143791134,31.21962328533311,0.0 131.01197290834693,31.219620888265982,0.0 131.01197437881183,31.219618491736828,0.0 131.0119758492978,31.219616095750183,0.0 131.01197731979588,31.21961370031104,0.0 131.01197879029675,31.219611305424728,0.0 131.01198026079058,31.219608911097044,0.0 131.01198173126707,31.219606517334096,0.0 131.0119832017155,31.219604124142407,0.0 131.01198467212487,31.219601731528776,0.0 131.01198614248366,31.21959933950037,0.0 131.01198761278016,31.21959694806459,0.0 131.01198908300233,31.21959455722917,0.0 131.01199055313796,31.219592167002023,0.0 131.0119920231746,31.21958977739133,0.0 131.01199349309962,31.21958738840544,0.0 131.01199496290033,31.219585000052856,0.0 131.0119964325639,31.21958261234226,0.0 131.01199790207755,31.219580225282414,0.0 131.01199937142843,31.21957783888213,0.0 131.01200084060375,31.21957545315033,0.0 131.01200230959094,31.21957306809593,0.0 131.01200377837733,31.219570683727817,0.0 131.0120052469506,31.21956830005488,0.0 131.01200671529855,31.21956591708591,0.0 131.0120081834093,31.21956353482961,0.0 131.01200965127123,31.219561153294567,0.0 131.0120111188731,31.219558772489165,0.0 131.01201258620387,31.219556392421648,0.0 131.01201405325307,31.219554013100048,0.0 131.0120155200106,31.21955163453212,0.0 131.0120169864669,31.21954925672537,0.0 131.01201845261275,31.219546879687,0.0 131.01201991843965,31.219544503423904,0.0 131.01202138393947,31.21954212794262,0.0 131.01202284910488,31.219539753249304,0.0 131.01202431392883,31.219537379349728,0.0 131.0120257784053,31.21953500624928,0.0 131.0120272425286,31.219532633952863,0.0 131.01202870629388,31.219530262464968,0.0 131.01203016969689,31.219527891789607,0.0 131.01203163273402,31.219525521930294,0.0 131.01203309540256,31.219523152890066,0.0 131.01203455770033,31.21952078467145,0.0 131.01203601962592,31.21951841727643,0.0 131.0120374811787,31.21951605070649,0.0 131.0120389423586,31.219513684962543,0.0 131.01204040316648,31.21951132004503,0.0 131.0120418636037,31.219508955953767,0.0 131.01204332367257,31.219506592688063,0.0 131.01204478337584,31.21950423024669,0.0 131.0120462427171,31.21950186862785,0.0 131.0120477017005,31.219499507829244,0.0 131.01204916033106,31.219497147848013,0.0 131.01205061861407,31.2194947886808,0.0 131.0120520765558,31.219492430323704,0.0 131.0120535341629,31.21949007277236,0.0 131.01205499144257,31.21948771602188,0.0 131.0120564484026,31.219485360066937,0.0 131.01205790505125,31.219483004901694,0.0 131.0120593613973,31.21948065051997,0.0 131.01206081744985,31.219478296915103,0.0 131.01206227321853,31.219475944080035,0.0 131.0120637287132,31.21947359200737,0.0 131.01206518394417,31.219471240689348,0.0 131.0120666389218,31.21946889011788,0.0 131.012068093657,31.21946654028461,0.0 131.01206954816064,31.219464191180908,0.0 131.01207100244383,31.219461842797887,0.0 131.01207245651776,31.219459495126493,0.0 131.01207391039364,31.219457148157463,0.0 131.01207536408285,31.21945480188141,0.0 131.01207681759655,31.21945245628885,0.0 131.01207827094595,31.21945011137017,0.0 131.01207972414207,31.219447767115778,0.0 131.01208117719585,31.219445423516007,0.0 131.0120826301179,31.21944308056124,0.0 131.01208408291873,31.219440738241904,0.0 131.01208553560835,31.21943839654852,0.0 131.0120869881967,31.21943605547172,0.0 131.01208844069308,31.219433715002268,0.0 131.01208989310652,31.21943137513112,0.0 131.01209134544553,31.219429035849444,0.0 131.01209279771814,31.219426697148617,0.0 131.0120942499319,31.219424359020312,0.0 131.01209570209372,31.21942202145648,0.0 131.01209715420993,31.219419684449345,0.0 131.01209860628623,31.219417347991552,0.0 131.01210005832775,31.219415012076045,0.0 131.01210151033885,31.21941267669617,0.0 131.01210296232313,31.21941034184568,0.0 131.0121044142836,31.21940800751874,0.0 131.01210586622244,31.219405673709936,0.0 131.0121073181411,31.219403340414328,0.0 131.0121087700402,31.2194010076274,0.0 131.01211022191967,31.219398675345104,0.0 131.0121116737786,31.2193963435639,0.0 131.01211312561523,31.21939401228068,0.0 131.01211457742707,31.219391681492848,0.0 131.0121160292108,31.219389351198245,0.0 131.01211748096227,31.21938702139522,0.0 131.01211893267654,31.219384692082578,0.0 131.01212038434784,31.219382363259577,0.0 131.0121218359697,31.21938003492589,0.0 131.01212328753488,31.219377707081687,0.0 131.01212473903524,31.21937537972749,0.0 131.012126190462,31.219373052864256,0.0 131.01212764180562,31.21937072649328,0.0 131.01212909305585,31.21936840061621,0.0 131.0121305442017,31.21936607523504,0.0 131.01213199523167,31.219363750351967,0.0 131.01213344613333,31.21936142596953,0.0 131.01213489689383,31.21935910209044,0.0 131.01213634749968,31.219356778717508,0.0 131.0121377979367,31.219354455853782,0.0 131.01213924819027,31.2193521335023,0.0 131.01214069824508,31.219349811666124,0.0 131.0121421480854,31.21934749034829,0.0 131.01214359769503,31.21934516955176,0.0 131.01214504705703,31.219342849279226,0.0 131.01214649615423,31.21934052953321,0.0 131.01214794496894,31.219338210315904,0.0 131.0121493934828,31.21933589162904,0.0 131.0121508416771,31.219333573473858,0.0 131.01215228953257,31.219331255850992,0.0 131.01215373702942,31.219328938760302,0.0 131.01215518414725,31.219326622200786,0.0 131.012156630865,31.21932430617039,0.0 131.01215807716093,31.21932199066584,0.0 131.01215952302007,31.21931967569053,0.0 131.01216096845096,31.219317361272065,0.0 131.01216241346702,31.219315047442567,0.0 131.01216385808257,31.21931273423448,0.0 131.01216530231258,31.21931042168032,0.0 131.0121667461728,31.219308109812644,0.0 131.0121681896796,31.21930579866385,0.0 131.01216963285,31.21930348826612,0.0 131.0121710757014,31.219301178651182,0.0 131.01217251825167,31.21929886985034,0.0 131.0121739605191,31.21929656189416,0.0 131.0121754025223,31.219294254812525,0.0</coordinates>
            </LineString>
        </Placemark>
    </Document>
</kml>
