Time,Latitude,Longitude,Altitude,Angle of Attack,Angle of Sideslip,X-Acceleration,Y-Acceleration,Z-Acceleration,Thrust,True Velocity,Ground Velocity,Pitch,Roll,Yaw,Dynamic Pressure,cp,cg,parachute_deploy_gain,Wind Speed,Wind Direction,Mach,omega_x,omega_y,omega_z,Cmq,Angle of Attack(total),Angle of Attack(gust),True Velocity(gust),Acceleration
0.0,31.222216000000007,131.010392,3.000000004412624,0.0,0.0,0.0,0.0,0.0,2.2828121974499247,0.0,0.0,67.99999999634184,-2.5471158841252642e-14,119.99999999354436,0.0,1.274,1.0271675151847728,0.0,0.0,0.0,0.0,0.0,0.0,0.0,-0.0,0.0,90.0,0.0,0.0
0.01,31.2222159999906,131.01039200000545,3.0000027264578115,0.0,0.0,0.0,0.0,0.0,34.242186961749226,3.465174813755317e-14,2.870547699416605e-14,67.99999999636636,-1.968071539801037e-11,119.99999999352394,7.352495975525505e-28,1.274,1.0271659134330349,0.0,0.0,0.0,1.0183245502395068e-16,-3.127245641262877e-18,7.162510601982364e-18,5.732718987017106e-18,-7.708624262714742e-34,0.0,89.99999999999979,3.465174813755317e-14,0.0
0.02,31.222215999993875,131.01039200001028,3.000003012779584,0.0,0.0,0.0,0.0,0.0,25.871876237766216,4.108097369095968e-11,2.5295561620191808e-11,67.99999999639007,-1.0579021305402568e-11,119.99999999353304,1.0333940445648076e-21,1.274,1.027164492361118,0.0,0.0,0.0,1.2072627300475456e-13,-6.2578794143147724e-18,1.4331797467542762e-17,1.1458661710456177e-17,-1.8286384256164817e-30,0.0,89.99999999973846,4.108097369095968e-11,0.0
0.03,31.222215999993875,131.01039200001028,3.000003012779584,0.0,0.0,9.941293505472023,-2.51228000430196e-05,3.66902570430056,180.34219359854663,1.2948092969387727e-10,1.1415617691306027e-10,67.99999999641602,-1.4569502857202404e-11,119.99999999352964,1.0265878389110116e-20,1.274,1.0271551940870716,0.0,0.0,0.0,3.8051070028081213e-13,-9.388513187366666e-18,2.150108433310316e-17,1.7184604433895245e-17,-8.646744418860512e-30,0.0,89.9999999991757,1.2948092969387727e-10,10.596747905909133
0.04,31.222215999993875,131.0103920000103,3.000003012779584,20.257521872679376,-0.0001079722734715,48.80500413600096,-9.6790855897057e-06,3.6689427235267686,548.635972453808,0.1589512185837734,0.1068889688459395,67.99999999643714,-1.853451325015864e-11,119.9999999935238,0.0154707803664337,1.274,1.027133720825283,0.0,0.0,0.0,0.0004671161972407,-1.2522535092207576e-17,-1.004954974760056e-11,1.2573423456097108e-11,4.961316312874981e-15,20.257521872955035,89.05067284041608,0.1589342583387169,48.94271722558612
0.05,31.22221599084417,131.0103920186648,3.0022578683165726,6.295020027687249,-3.330952397721791e-06,71.32597030132524,5.085130835984095e-05,3.6683259833807376,761.6984298824663,0.836531912183959,0.3965258959009606,68.00000001486215,-1.0892316567811248e-10,120.0000000031577,0.4284986218473642,1.274,1.027093426565204,0.0,0.0,0.0,0.0024583492917512,-4.5502609926501014e-18,-8.152916757862711e-07,2.052346139580106e-11,2.118272742784461e-09,6.295020027688131,84.72183592194177,0.8365313889591799,71.42023981301423
0.06,31.222215963420645,131.0103920748901,3.0148070948829484,4.43015861901636,3.309390292628146e-05,53.28502372872328,0.0001237337824704,3.667133979793927,590.4875390737236,1.6623191883829311,0.7399092370828722,67.99999960324351,-3.983264655794821e-10,120.0000000321796,1.69204814414631,1.274,1.027050317124926,0.0,0.0,0.0,0.0048851235898622,3.512835638694312e-13,-8.239005765336166e-06,2.952747405306558e-11,4.253780324279094e-08,4.430158619139697,79.56693453202816,1.6623243867610469,53.41106276242471
0.07,31.22221592194644,131.01039215993478,3.034007106185365,4.494469134422201,6.655259812641225e-05,81.30457930531433,0.0001635768393616,3.66596944654237,855.2937749779172,2.1064756835153022,0.9397230268168416,67.99999496659473,-8.34800068860953e-10,120.00000007607804,2.7170396713154537,1.274,1.027003201295312,0.0,0.0,0.0,0.0061903853083766,3.901128318360659e-12,-2.8935208361851183e-05,2.010187595129524e-10,1.893076206178041e-07,4.494469134913849,76.8681879142222,2.1064861375729698,81.38718540423847
0.08,31.222215878416662,131.010392249151,3.0533625227734102,3.78007719254116,8.264441222244845e-05,16.420770536155015,0.0002473707534938,3.663586466887335,241.2171988638792,3.05979836391728,1.3307624671565796,67.99997847602414,-1.0459212231557235e-09,120.00000012239026,5.732814488254431,1.274,1.0269597189470347,0.0,0.0,0.0,0.0089919551989796,1.636750592915251e-11,-6.265574946726096e-05,7.279884264244842e-10,5.954399410624619e-07,3.780077193443319,71.2655728263485,3.059811345671195,16.824493182934486
0.09,31.222215807126663,131.010392395381,3.0872373379337144,4.709959155674252,0.0001371496820795,50.482337553291806,0.0002352338817125,3.662852650196069,563.0937377043203,2.9027324198221107,1.304706149828234,67.99994272129919,-8.175118010934751e-10,120.00000019890956,5.159348528916158,1.274,1.026918932011013,0.0,0.0,0.0,0.0085303823136408,4.335866743903705e-11,-0.00012255987037,2.082449596613287e-09,1.104938508694962e-06,4.709959157666608,72.18667700287813,2.9027539632437938,50.61504612698559
0.1,31.22221575742821,131.01039249716985,3.108054756618066,4.406797795629001,0.0001493797127152,47.92726508367564,0.0002950237914134,3.66013444007768,538.7437595981891,3.5786411696624003,1.5915771782466797,67.99987260025304,1.599860153429687e-09,120.00000025457253,7.841809710458538,1.274,1.0268846934974103,0.0,0.0,0.0,0.0105167063626997,9.615301364837632e-11,-0.0001896665954086,4.113101586041423e-09,2.1080987346294887e-06,4.40679779815573,68.38339209770672,3.5786646341728034,48.066821432328936
0.11,31.22221567459415,131.01039266702276,3.1463955357590927,4.415804417762085,0.0001794819573355,37.79885228315696,0.0003367895200201,3.657416132983869,442.86563930529127,4.046570683295561,1.8002623292582756,67.9997640971689,6.543796656503825e-09,120.0000003484232,10.026576107365104,1.274,1.026848594915519,0.0,0.0,0.0,0.011891836045881,1.7783901713313552e-10,-0.000285151189871,7.460806039127682e-09,3.583790925555027e-06,4.41580442140238,65.86703998612276,4.046598876255492,37.9753858019528
0.12,31.222215591440023,131.0103928374792,3.1839242398255614,4.563114806830976,0.0002115012058268,41.2825838620504,0.0003665421416528,3.6546810022605705,475.58594813540793,4.375774881828922,1.956801008894831,67.99960088625893,1.6264056377984605e-08,120.00000044766044,11.72429588649126,1.274,1.0268114448194128,0.0,0.0,0.0,0.0128592884119592,3.0062762110434616e-10,-0.0004075036895452,1.2594893317996177e-08,5.538157440819368e-06,4.563114811722186,64.15958523617934,4.375808104360644,41.44403966422508
0.13,31.222215502000264,131.01039302080284,3.223974375587493,4.589217265941484,0.0002380637481724,45.57156634159356,0.0004050990292385,3.651181115945105,515.9156326236897,4.807562590430878,2.151868263359092,67.99936758561843,3.322470774834573e-08,120.00000056129872,14.152235684018002,1.274,1.026779572895131,0.0,0.0,0.0,0.0141282089473727,4.760727643945669e-10,-0.0005553377041507,1.967244338885513e-08,8.291998585259779e-06,4.5892172721030455,61.98836001708018,4.807599985396996,45.717598171074144
0.14,31.222215401367297,131.01039322708232,3.2692888586088302,4.569724783752183,0.0002629710843404,42.445078695669295,0.0004476223914111,3.646952104362629,486.2390860568421,5.286113606773912,2.364485953247265,67.99904960561082,6.011739674313496e-08,120.00000069745091,17.10985203985219,1.274,1.0267449573927567,0.0,0.0,0.0,0.0155345571325337,7.151144119987642e-10,-0.000734819855482,2.9286025130977872e-08,1.2064035253514771e-05,4.569724791302622,59.67950739663391,5.2861549141752455,42.60146670401666
0.15,31.222215291288936,131.01039345272457,3.3188919014122904,4.60759713165104,0.0002910220304217,41.00975522727112,0.000484196073822,3.6424012208580905,472.5421858721398,5.69653757065778,2.5514737176554365,67.99862881001168,1.005340579508039e-07,120.000000858045,19.8697833869618,1.274,1.0267115958081523,0.0,0.0,0.0,0.0167406992063767,1.031334938945364e-09,-0.0009509205621645,4.211899342931077e-08,1.6823965087418128e-05,4.607597140821929,57.78570720608119,5.69658328429142,41.171192728518875
0.16,31.22221517426644,131.01039369258763,3.371386619342709,4.64442843617221,0.0003187459332402,32.39160759968822,0.0005201832540628,3.637259987569774,391.1218908297597,6.101081791769634,2.736226501333713,67.99808421340303,1.5902001891264916e-07,120.000001045207,22.792014163455555,1.274,1.026675762255412,0.0,0.0,0.0,0.0179295641115944,1.4404498902157244e-09,-0.0012039724964123,5.861312997598806e-08,2.2813629191053594e-05,4.644428447085924,55.99449408945435,6.101131860263745,32.595182211178795
0.17,31.222215048652007,131.01039395005884,3.4276944029464915,4.76556270030963,0.0003524330177988,40.96340652041896,0.0005456068701958,3.632160810799175,471.78125980632416,6.383942487225238,2.875210075001166,67.99739464836895,2.406712379959953e-07,120.0000012660828,24.95425423660785,1.274,1.0266409836796937,0.0,0.0,0.0,0.0187608333595171,1.95829578249852e-09,-0.0014965783197776,7.933918269366775e-08,2.9672697731310903e-05,4.765562713311512,54.79162363202051,6.383997847274218,41.12412024846604
0.18,31.222214918672204,131.01039421644953,3.4854544955210374,4.753699233726161,0.0003761807586324,34.115231188450686,0.0005856639397812,3.62540984841064,407.1015672119096,6.837886695211004,3.078485362174869,67.99653744461544,3.514207643322416e-07,120.00000152239105,28.62912374704003,1.274,1.0266048342046536,0.0,0.0,0.0,0.02009487658399,2.601833570973013e-09,-0.0018252755913826,1.0444832008305429e-07,3.8762926275410526e-05,4.75369924857639,52.92366328410818,6.83794578554639,34.30732568932463
0.19,31.22221477620725,131.01039450845172,3.5492041954075195,4.839267678243568,0.0004083067355468,38.57465153300336,0.0006131259617322,3.6188219892049993,448.95313283182486,7.146752234348125,3.227182955412464,67.99549190110528,5.047007810715421e-07,120.00000184017053,31.27368441938395,1.274,1.026566130444714,0.0,0.0,0.0,0.0210025719636324,3.386455762088602e-09,-0.0022014844548988,1.351936014518302e-07,4.886387449494303e-05,4.839267695427762,51.70990000347169,7.146816371020165,38.744026815215214
0.2,31.222214630532072,131.0103948069986,3.613762698551086,4.851504842505623,0.0004337857446497,35.35759321835612,0.0006491348495965,3.6107541204288975,418.5156301991588,7.556391424320352,3.4137476434824485,67.99423085828272,6.934483056545369e-07,120.00000219560188,34.961318126108154,1.274,1.026529240027363,0.0,0.0,0.0,0.0222064183897487,4.332508570843328e-09,-0.0026198372228871,1.7166698732442313e-07,6.148223032252026e-05,4.851504861852251,50.155778931788966,7.556459563225783,35.54148201657203
0.21,31.22221447402223,131.01039512776407,3.683390064561909,4.905282363078014,0.0004635096149684,33.91711897457707,0.0006789660029996,3.6023542621251914,404.8187610144608,7.895726866691654,3.5738434200486204,67.99273009845939,9.419819971619484e-07,120.00000262953364,38.17158865613676,1.274,1.0264923657015164,0.0,0.0,0.0,0.0232036619271182,5.4579440952972445e-09,-0.0030887391978878,2.149905335393549e-07,7.574104827839328e-05,4.90528238492343,48.92373285496316,7.895799674611716,34.107886422738986
0.22,31.222214312168344,131.01039545946077,3.755020054475544,4.957365366742469,0.0004928984995344,41.13252142325219,0.0007081857633563,3.593137016566067,472.5421858721387,8.229560026172466,3.7318419668051246,67.99096070860693,1.2488085819301505e-06,120.00000312975796,41.46734689666516,1.274,1.0264494137127138,0.0,0.0,0.0,0.0241847376647929,6.784349833651055e-09,-0.0036063782895066,2.6555206585829734e-07,9.21728181088414e-05,4.957365391185166,47.75650885933577,8.22963745048772,41.289162655055684
0.23,31.222214142886457,131.01039580637274,3.829817427166218,4.938249009300197,0.0005154484456806,34.10865713684681,0.0007470847427662,3.58181943967101,406.340642146096,8.678389814056844,3.933069962132594,67.9888947484179,1.6280508293537036e-06,120.00000371514534,46.1135124921622,1.274,1.0264133390858623,0.0,0.0,0.0,0.025503764164629,8.332486567206177e-09,-0.0041747050159715,3.239858018872952e-07,0.0001125166510472,4.9382490361344855,46.24746618892949,8.678470780509356,34.29620857668543
0.24,31.22221396287121,131.0103961752949,3.9096291894311377,4.9976594176108815,0.0005464698860115,35.175563660159234,0.0007737323018592,3.570815985374733,416.2328240017099,8.986305029984369,4.081256073550562,67.98650318272269,2.090929341373382e-06,120.00000440120324,49.443462973247904,1.274,1.0263750048312463,0.0,0.0,0.0,0.0264086789639494,1.0123810065069805e-08,-0.004804337219784,3.919351460067566e-07,0.0001340797406552,4.997659447411969,45.261252281902856,8.986390869273333,35.356343224518916
0.25,31.222213779217327,131.01039655164234,3.990493875776049,5.024846571161135,0.0005736903286809,36.161510498484304,0.0008045451763465,3.558195973520436,425.3640807915084,9.345144516865648,4.248578024586321,67.98375087167679,2.6511131291228376e-06,120.00000519491184,53.47062251908911,1.274,1.0263373768840591,0.0,0.0,0.0,0.0274632505468212,1.2184524010457303e-08,-0.0054875538278615,4.692099497981932e-07,0.0001592611932006,5.024846603826433,44.150910878482506,9.345234631931747,36.336147302173636
0.26,31.222213586369925,131.01039694683445,4.075514149527917,5.04434941808107,0.0006004107051936,39.41543427263479,0.0008359352793352,3.544250788465165,455.80158342417656,9.713392201068077,4.4194135096465885,67.98060712494755,3.3218498480048307e-06,120.000006116351,57.76722438433384,1.274,1.0263006300381676,0.0,0.0,0.0,0.028545473965216,1.4537289474108568e-08,-0.006230461764942,5.569637915707686e-07,0.0001879458604913,5.044349453721097,43.05638729685496,9.713486513361104,39.57446365082813
0.27,31.222213386139742,131.01039735714872,4.163679749421614,5.039703495579508,0.0006243169785047,36.02881241651952,0.0008707905334639,3.5283668536872246,423.8421996598744,10.12533657924582,4.606671155512864,67.97703773824931,4.118097135136177e-06,120.0000071795322,62.7704023469443,1.274,1.026260090595354,0.0,0.0,0.0,0.0297561153891995,1.7207381540105485e-08,-0.0070362079363097,6.56204015980564e-07,0.0002212514179128,5.03970353414988,41.88180678989312,10.125434646727475,36.20116983686061
0.28,31.22221317698696,131.01039778575063,4.255850937946337,5.066776699611974,0.0006522739834942,41.63623722691548,0.0008996861695851,3.511982622880476,476.3468732012228,10.47045828920015,4.768750417853581,67.97300671104995,5.056186728780209e-06,120.0000084035294,67.12178755684084,1.274,1.0262212716723291,0.0,0.0,0.0,0.0307703834354586,2.0221304954609967e-08,-0.0079110072586822,7.683415189564221e-07,0.0002572358883952,5.066776741487888,40.941507073364896,10.470560748157885,41.78409114925
0.29,31.22221296195409,131.01039822638555,4.350330148726012,5.044146795510041,0.0006737892394702,33.30074813628508,0.0009368104401991,3.492501919000301,397.9703104221098,10.916215933991962,4.96869998754958,67.96847447263599,6.154480819012823e-06,120.0000098046779,72.95791731842243,1.274,1.026183007522519,0.0,0.0,0.0,0.0320804017024085,2.3608383370424973e-08,-0.0088514947527221,8.936556159471041e-07,0.000300067444585,5.044146840395533,39.7733133181092,10.9163217725582,33.483389866740325
0.3,31.22221273603605,131.0103986893425,4.449911131273628,5.09085255926732,0.0007048179580143,31.20653495686337,0.0009606937891431,3.4739075176697383,378.1859457108735,11.209484657082156,5.1112037019782965,67.96340339661165,7.431616264028335e-06,120.00001140822724,76.92992936096967,1.274,1.0261430389738484,0.0,0.0,0.0,0.0329422921629182,2.7396065758499763e-08,-0.0098692798342265,1.0343541504553646e-06,0.0003435556564789,5.090852607929156,39.04203515314804,11.209595369628104,31.39929710006564
0.31,31.22221250681097,131.01039915904306,4.550366250306302,5.1296817799806975,0.0007345206746882,32.923273078382046,0.0009851379280136,3.453717326921498,394.1656220930229,11.512966362471596,5.257536262433056,67.95774917934803,8.909463347351529e-06,120.00001322940494,81.15108349072527,1.274,1.0261054058068628,0.0,0.0,0.0,0.0338341987106794,3.1617367231532055e-08,-0.0109523973046618,1.1896066775148232e-06,0.0003915779514669,5.129681832428308,38.309036173937976,11.513081740709367,33.10392838529123
0.32,31.22221226986224,131.01039964456635,4.6541599204829485,5.1497414515288416,0.0007618032457722,35.85801615320794,0.0010122702363327,3.4312663874946647,421.5593934624264,11.85250923212771,5.417438555577576,67.95147439710405,1.0608532402416772e-05,120.00001529482338,86.00746109732003,1.274,1.026068246703101,0.0,0.0,0.0,0.0348320849265366,3.6299712316574106e-08,-0.0121036371542902,1.3603385679653371e-06,0.0004454958622381,5.149741507723928,37.51487140356721,11.852628895901727,36.02181162143797
0.33,31.22221202532413,131.0104001456363,4.76121747643528,5.152642119880864,0.0007866722555005,35.546941849506034,0.0010419633729026,3.4062897537484367,418.5156301991632,12.227325893049944,5.5906231064591605,67.94454001835967,1.2550637772027923e-05,120.0000176276098,91.53222808290796,1.274,1.0260310883392356,0.0,0.0,0.0,0.035933637335243,4.147154925020037e-08,-0.0133285449077052,1.548049933002353e-06,0.0005060893981907,5.1526421797709006,36.66933784740917,12.227449463238871,35.70977297357605
0.34,31.222211772799746,131.0104006630688,4.871760278464286,5.1621499767140815,0.0008126204673473,27.765801889335243,0.0010695999895201,3.3797858607327127,345.4656368807584,12.582858038013091,5.75652901614168,67.93690383532079,1.475963951627426e-05,120.0000202536576,96.93152451469643,1.274,1.0259901535019136,0.0,0.0,0.0,0.0369785204985078,4.7163593994861926e-08,-0.0146328997302924,1.7543644661301518e-06,0.0005717656972123,5.162150040501879,35.89901055593355,12.582985684137606,27.970747365171807
0.35,31.22221151344101,131.01040119449576,4.985146518681852,5.216397881784029,0.0008455904662539,30.45991199349505,0.0010872473638065,3.354218680126811,370.5765700527057,12.82367831467946,5.879163228843193,67.92852032583379,1.7261625356455577e-05,120.00002319959184,100.67623173379224,1.274,1.025950003202184,0.0,0.0,0.0,0.0376862916598077,5.340918920628256e-08,-0.0160167822964084,1.9800963340260475e-06,0.0006378103503538,5.216397950130641,35.39974507432226,12.823811139719291,30.644037312137613
0.36,31.22221125024659,131.01040173375296,5.09970618818231,5.235724282732974,0.0008728735349971,34.45513176202904,0.001111041199741,3.3249605623121403,407.8625232777224,13.143468631776674,6.031584859018617,67.91934391777582,2.0083753028314072e-05,120.00002649120144,105.75890133906331,1.274,1.0259105142325406,0.0,0.0,0.0,0.0386261429999739,6.024221662626537e-08,-0.0174691566683232,2.224170818438873e-06,0.0007129857184195,5.235724355290918,34.74986302179041,13.14360574243092,34.61519129968988
0.37,31.22221097826628,131.0104022910162,5.218196267981704,5.234801406779652,0.000897065357468,32.68059163478357,0.0011381456836409,3.292361229229369,391.1218908297639,13.50949512998625,6.201459025400524,67.90933537827623,2.325145678875199e-05,120.00003016093352,111.73011400164305,1.274,1.025872170958032,0.0,0.0,0.0,0.0397018780070559,6.769070187587637e-08,-0.0190004991416034,2.488902073409948e-06,0.0007970729781721,5.234801483428772,34.0294074529085,13.509636040683086,32.846015182341276
0.38,31.222210698576216,131.0104028640733,5.3400168125759615,5.250220015938182,0.0009240916465614,34.159121915285226,0.001160864879647,3.258866813919397,404.81876101445977,13.829092426830575,6.353808214954649,67.89844945976392,2.6793369549322007e-05,120.00003423821812,117.07772704851752,1.274,1.02583050512925,0.0,0.0,0.0,0.0406411705002955,7.57871772933315e-08,-0.0206180411205563,2.776360555333929e-06,0.0008853805110356,5.250220097035162,33.424621865582424,13.829237582806972,34.31422189532777
0.39,31.222210413145216,131.010403448877,5.46407221098422,5.252048025730581,0.0009487010244234,29.130598922339782,0.0011855429827755,3.222176304334311,357.6406249338268,14.179578419756613,6.5178380215347484,67.886636769568,3.0740893679108005e-05,120.00003875451166,123.08592353685384,1.274,1.02579027384009,0.0,0.0,0.0,0.0416712429723479,8.456784684757804e-08,-0.0223179966755598,3.086721392768862e-06,0.0009826576325584,5.2520481111745285,32.78190618339498,14.179727441365046,29.308261891759283
0.4,31.222210119624407,131.01040405025552,5.591668537551862,5.282474273893165,0.000978586840692,27.842875664631062,0.0012028837920192,3.185928351266307,345.4656368807565,14.44756070120506,6.650694942426492,67.87385009295467,3.512544625320365e-05,120.00004374591336,127.7807656306998,1.274,1.0257493418632293,0.0,0.0,0.0,0.0424588560433392,9.406660964658005e-08,-0.0241058294889459,3.421744761543059e-06,0.0010814214806978,5.2824743642785785,32.31002130103197,14.447714417266534,28.024558269175923
0.41,31.22220982167371,131.01040466068557,5.720771220823895,5.308271589131584,0.0010075635355325,31.43794566140052,0.0012201246256611,3.1474205809729288,378.9468707766882,14.721313887556857,6.78574546145237,67.86003907254154,3.9980780685473725e-05,120.00004924459851,132.66739222310596,1.274,1.025708445186429,0.0,0.0,0.0,0.043263431822222,1.0432069257289425e-07,-0.0259725375663715,3.7806167341959935e-06,0.0011872275233143,5.308271684480698,31.84053006283532,14.72147215526691,31.595105399593272
0.42,31.22220951705013,131.01040528477773,5.852626222659345,5.310240523908778,0.0010321694060463,35.441009557864184,0.0012415764717123,3.104398799702364,416.23282400171047,15.055136073907844,6.9435484935541725,67.84515852068436,4.5339205035989686e-05,120.00005528751412,138.7506157089943,1.274,1.0256701057426505,0.0,0.0,0.0,0.0442445441258141,1.1536261406305897e-07,-0.0279200294279607,4.16435722033126e-06,0.0013051729337456,5.310240623934442,31.281021814171947,15.055298206699,35.576712213605774
0.43,31.222209204526795,131.01040592505373,5.987913035433971,5.296019762661222,0.0010537541959396,31.13948948271348,0.0012656313284712,3.057012610068692,375.90313951343126,15.430806843459536,7.117235142895273,67.8291621541763,5.123421127503571e-05,120.00006191180006,145.75960315048303,1.274,1.0256308158337524,0.0,0.0,0.0,0.0453486473211358,1.272249430363697e-07,-0.0299575428339401,4.575548563953407e-06,0.0014353462686023,5.29601986719574,30.670626763691534,15.43097236678156,31.289185558974925
0.44,31.2222088840584,131.01040658160653,6.126654815184158,5.309207298406081,0.0010808116625888,28.711649845542805,0.001282170884796,3.010328306362315,353.07501253892326,15.722258840869168,7.259051858407373,67.81199839456777,5.770263028527641e-05,120.000069156941,151.31570501718016,1.274,1.025586171750536,0.0,0.0,0.0,0.0462052499500175,1.3994417299086577e-07,-0.0320922682896833,5.0165625658765326e-06,0.0015666480100594,5.309207408103144,30.21611364335753,15.722428614368113,28.869030378748548
0.45,31.222208558868967,131.010407247809,6.267063794345923,5.3252065896882925,0.0011083694116981,33.454628280153834,0.001296790802992,2.9618170984946417,397.2093853562887,15.998821744854778,7.395258158070994,67.7936115369217,6.478431221550045e-05,120.0000770621848,156.68386142052773,1.274,1.0255397023523487,0.0,0.0,0.0,0.0470180993684565,1.5356153514132625e-07,-0.0343138572454215,5.4862568739003325e-06,0.0017045422091448,5.325206704702016,29.797292140441428,15.99899584711483,33.5854807256033
0.46,31.222208227259305,131.0104079271538,6.410080946913928,5.311701194513496,0.0011299088189816,39.0957366977289,0.0013171146807293,2.9067536787251447,449.7140588976424,16.358261013255717,7.562962600066094,67.773951815571,7.251707904709646e-05,120.0000856698807,163.80100803857243,1.274,1.02549635315424,0.0,0.0,0.0,0.0480745141692728,1.6811289530370028e-07,-0.0366211643227091,5.985152050038824e-06,0.0018600025431535,5.311701314346462,29.263930439653453,16.358438498917952,39.20364583328596
0.47,31.222207886811766,131.01040862461,6.557041301871459,5.277617832635292,0.0011472214660184,26.391501643985983,0.001341167402254,2.845362364762736,331.0078106302504,16.778289769869875,7.753753541322856,67.75297012256021,8.093906466565737e-05,120.00009502350196,172.31836133524538,1.274,1.025453319323251,0.0,0.0,0.0,0.049308998420577,1.836318313023774e-07,-0.0390271890259985,6.516886174189297e-06,0.0020330735522034,5.277617956971023,28.66010464866509,16.778469974996348,26.54444288000886
0.48,31.222207537530053,131.01040934016976,6.707938841696294,5.31090972057537,0.0011791479751539,25.999801152800565,0.0013473606844374,2.792066670821081,327.20312230115803,16.9804330606395,7.861792812789006,67.73060989685582,9.009304600518784e-05,120.00010516896172,176.49296801902423,1.274,1.0254092882449153,0.0,0.0,0.0,0.0499031536403886,2.0015747629980362e-07,-0.0415421710549946,7.084814521735387e-06,0.0021901294626647,5.3109098510997095,28.386306265410116,16.980618280770297,26.14928867282742
0.49,31.222207187222743,131.01041005778333,6.858461165663568,5.32369927088522,0.001206333994135,32.70588307049061,0.0013571834644353,2.7333643479628367,389.6000096981238,17.239924094062946,7.991692057601232,67.70680869467853,0.0001000260354408,120.00011614840376,181.9258045557404,1.274,1.025367445590036,0.0,0.0,0.0,0.0506658480713099,2.177389997797e-07,-0.0441341401473027,7.682918259791845e-06,0.0023623028728993,5.323699407167444,28.037476125095107,17.24011358456362,32.81990356355828
0.5,31.22220682871958,131.01041079218817,7.01256490295335,5.3029936088915965,0.0012262043948701,33.619069355990085,0.001373793839017,2.665872801827698,397.970310422106,17.60146379341218,8.160533241780254,67.68152242024378,0.0001107759587846,120.00012801024296,189.63336547012275,1.274,1.0253278572281015,0.0,0.0,0.0,0.0517284551723367,2.364063507775089e-07,-0.0468121766870696,8.313805030194809e-06,0.0025581544106425,5.302993750253395,27.55857589462165,17.601656405148102,33.72460087303786
0.51,31.222206461532508,131.01041154438693,7.170512587686416,5.286845367410157,0.0012472060527449,25.634451816734146,0.0013877558347413,2.596039048161704,323.39843497208153,17.943195302387835,8.321930768824707,67.65470176153731,0.0001223838538778,120.00014079912648,197.06530116911748,1.274,1.025286455263166,0.0,0.0,0.0,0.0527328544105131,2.561918567269799e-07,-0.0495927548882684,8.982271979780457e-06,0.0027626798792208,5.286845514105028,27.12069989108705,17.94339121305646,25.76556889746297
0.52,31.222206088190248,131.01041230918216,7.330908415474931,5.305336604102969,0.0012762811496635,30.877925361963616,0.0013914027344611,2.5309054128066206,372.098451184342,18.16106229959016,8.436144932450002,67.6262879613986,0.0001348967775147,120.00015456301313,201.8767947806977,1.274,1.0252426840672306,0.0,0.0,0.0,0.053373235416686,2.771376209132963e-07,-0.052473431129756,9.688886128682653e-06,0.0029586021515499,5.305336757178588,26.85374553939291,18.16126277736433,30.981474445280544
0.53,31.222205711540788,131.0104130807204,7.492187090976883,5.287075367829743,0.001296485160737,32.44692919435564,0.001402739200497,2.455106189763536,386.55624643486095,18.49693010437405,8.595535836867057,67.59622366211312,0.0001483618430834,120.00016934962473,209.40955302832376,1.274,1.0251993415311351,0.0,0.0,0.0,0.0543604104647397,2.992878379069196e-07,-0.0554345379974588,1.0429857168281488e-05,0.003183312100999,5.2870755263389615,26.443881749036148,18.49713375578686,32.53967981579138
0.54,31.22220532509796,131.01041387233195,7.657906204415424,5.267925184906318,0.0013166756342484,28.46018905631161,0.0014126058138258,2.3758873816137176,349.2703242098436,18.83005829218128,8.754010301915143,67.56446279349777,0.0001628200729186,120.0001852101536,217.01692084846704,1.274,1.0251561018460285,0.0,0.0,0.0,0.0553395404342841,3.226711069265697e-07,-0.0584954839542,1.1210707967998844e-05,0.0034195284752682,5.26792534898871,26.048926329501494,18.830265115106247,28.559187732961973
0.55,31.22220493247912,131.01041467658197,7.826075397300557,8.486477312305313,6.275297301969535,30.265225530439743,-0.3456717528944854,2.1070969030111883,365.2500005919912,19.82790233675576,8.886782483327227,67.53094814464941,0.0001783193785862,120.00020219246709,240.62281190861907,1.274,1.025112921033824,0.0,2.502071902869553,0.0,0.0582722085976807,3.473277172234673e-07,-0.0616560342296936,1.2032591732559315e-05,0.0037952253400059,10.540921462225036,31.65967697057387,20.81165418741977,30.340455216225912
0.56,31.222204534978747,131.0104154908101,7.995984826367083,5.240118500095665,-7.386152499602032,28.219458829558526,0.317607985354481,2.169302789675087,346.22656194657776,19.57031485070916,9.034960933167602,67.49562264389246,0.0001949083186525,120.00022034768624,234.40765781426776,1.274,1.0250709539098009,0.0,2.511134734438728,210.00008998959544,0.0575152951524749,3.732725423370581e-07,-0.0672150489396033,0.0042122120975296,0.0040835930438663,9.047747187792558,17.8488196077907,18.413311559063487,28.304497982808346
0.57,31.222204130567874,131.01041632131506,8.169310188692195,5.233215866060103,-7.290949808777714,27.9102012328282,0.4170993289106995,2.0840565838441854,343.1828296833045,19.84108810959632,9.171575645660072,67.45711194782955,0.0060098313963135,120.00651564247204,240.9350111661244,1.274,1.0250279191823897,0.0,2.5201332956290647,210.00008998959544,0.0583111860369194,4.0385211040210834e-07,-0.0705539695968133,-0.0005957736316366,0.004345680916225,8.966405834817126,17.66037045672344,18.69891672429116,27.991009209240865
0.58,31.22220371913893,131.01041716156877,8.344463153852688,5.219813274298983,-7.2039268766940845,36.846802162139454,0.5207700855761679,1.9951982625878943,426.12500585731766,20.117745540172795,9.309580491958222,67.41668836600185,0.0051790367742191,120.00561616486236,247.6967220518016,1.274,1.024981594484354,0.0,2.5291424556301894,210.00008998959544,0.0591243743418539,4.332195244875611e-07,-0.0739825564602218,-0.0054739919337523,0.0046203219234433,8.88814976259497,17.462325151233838,18.98913447230244,36.90445565463484
0.59,31.22220330165922,131.0104180151834,8.522243411714577,5.169358855108626,-7.069450903609432,29.82733523147545,0.6322796753033758,1.8904950180713271,360.68438819710633,20.528349933989503,9.499794651470433,67.37430040514691,-0.0023561757943477,119.99745409764554,257.9065124409753,1.274,1.0249386802161349,0.0,2.5380872377370527,210.00008998959544,0.0603312273671392,4.613779407881366e-07,-0.0774994894773393,-0.0104292667967909,0.0049386592401567,8.75006228590727,17.17696053178081,19.42069864578345,29.89387355315418
0.6,31.222202873185363,131.01041889012134,8.704815748359534,5.155514233262241,-6.986844803861421,26.490880418597868,0.7441305158387193,1.7953369103879884,329.4859594986072,20.79071227860984,9.632556286534896,67.3298963428807,-0.0166597670317873,119.98195554175908,264.5363440454739,1.274,1.024891335813742,0.0,2.5470106916736848,210.00008998959544,0.0611024157845302,4.883202198928107e-07,-0.081128012997722,-0.0154928632908735,0.0052358689946808,8.675446898786735,17.003390534857715,19.69593922750136,26.56207277677809
0.61,31.2222024417694,131.01041977014648,8.887878114734129,5.143048248487025,-6.908391358301228,31.09632194521291,0.8588618537495397,1.6984090769667106,372.0984511843332,21.0382569840494,9.759694223619343,67.2834100694946,-0.0378341074128321,119.95900453999324,270.8684908504609,1.274,1.0248423929069768,0.0,2.5560162216980364,210.00008998959544,0.0618300596496585,5.140466802035653e-07,-0.0848408960730278,-0.0206258277568056,0.0055405889630218,8.605140375373866,16.845171824307144,19.955716881289355,31.154509715238323
0.62,31.22220200353548,131.01042066323637,9.073532372323283,5.107292836409956,-6.8010450734228405,38.73246615275695,0.9807598013484634,1.5894649114725743,442.86563930529206,21.37054310158156,9.92009469554235,67.23479001886244,-0.0659234241764432,119.9285477136416,279.48747681487725,1.274,1.0247996097896497,0.0,2.564889586208204,210.00008998959544,0.062806758332314,5.385611317386195e-07,-0.0886344450361053,-0.0258224893948082,0.0058796473256631,8.497997745665934,16.63658197237665,20.30474438203137,38.777470556590025
0.63,31.222201556389123,131.01042157370057,9.26289994239126,5.048129349785556,-6.665663371583488,21.872824331712167,1.1119236040177742,1.4665028035005123,286.11251274707456,21.79333229333218,10.116139690934736,67.18398562898598,-0.1009595840973177,119.89054465440108,290.65019516533414,1.274,1.024756158874558,0.0,2.5737295442339776,210.00008998959544,0.064049447512474,5.618636155834315e-07,-0.0925229222018431,-0.031101122521062,0.0062589037419615,8.354612243729868,16.37735307914819,20.74865259797238,21.95011272909063
0.64,31.222201099378484,131.01042250351273,9.456483401336486,5.05536128609184,-6.618508957883372,21.48262892320284,1.2325449816530707,1.3708583367886744,282.3078244179702,21.92812963044129,10.199637433936262,67.13093700077238,-0.1429945253251374,119.84493273205348,294.2513365853416,1.274,1.024708534665538,0.0,2.5825939270989084,210.00008998959544,0.0644457504760297,5.839499277533512e-07,-0.0965218707287995,-0.0364815008955703,0.0065696848726311,8.321508588567879,16.30874963763643,20.89080721761577,21.561580766803075
0.65,31.22220064352617,131.01042342994515,9.6483420316056,5.041626235610953,-6.545734936063713,38.1430125158312,1.3593947093669412,1.2643185198688616,436.7781447787504,22.14048356735584,10.31368041384094,67.07557406792172,-0.1921017351373326,119.791625419538,299.97251715168835,1.274,1.0246641738210605,0.0,2.591501868485103,210.00008998959544,0.0650699896328289,6.048359244283132e-07,-0.1005763629211586,-0.0418892996086006,0.0069118172261317,8.255537766069311,16.194412555869675,21.11451712178756,38.18816386104985
0.66,31.22220017896869,131.01042437337196,9.843789782218876,4.968436202542868,-6.398554051807674,32.420916506579026,1.5058035329676076,1.1247175207266915,383.5125151715984,22.60203991053198,10.52599140888471,67.01785718085972,-0.2482488676259093,119.73065060324522,312.60389686858895,1.274,1.0246195561629028,0.0,2.6001820155654287,210.00008998959544,0.0664266316039139,6.245320926043212e-07,-0.1046990983761547,-0.0473410533423914,0.0073449973810749,8.094695447337887,15.9323708574261,21.59904523451906,32.475348510953594
0.67,31.222199701284907,131.01042534299447,10.045188171116136,4.931611176077097,-6.29978272961599,22.26893569709131,1.6464372792161583,1.0003057156703985,289.15624401033847,22.896171362121954,10.672710820710837,66.95773820779543,-0.31142126299114,119.66201653525955,320.78676903776267,1.274,1.024572383541697,0.0,2.6088783262944406,210.00008998959544,0.0672912268910152,6.430337041203667e-07,-0.1089352812628332,-0.0528947950823077,0.0077414817272146,7.994367745603329,15.780043568712689,21.908596484956707,22.352110958931448
0.68,31.222199221228205,131.01042631655196,10.246757064258643,4.919259598845788,-6.233533878764152,27.867530774553884,1.7811546613644111,0.8880809990812157,340.89999248584934,23.067809584554738,10.771282717816607,66.89514167977062,-0.3816769247827946,119.58565200799804,325.60796744052,1.274,1.0245245285832842,0.0,2.6176849779477487,210.00008998959544,0.0677958211401834,6.603526626571682e-07,-0.1132512935296731,-0.0585055668000043,0.0081083743292648,7.9347627386511075,15.704749554332688,22.09057887035361,27.93851233081921
0.69,31.222198737206845,131.01042729733885,10.449356729936438,4.875401595672289,-6.129060738929211,34.36913957777987,1.9288915663925872,0.7557035562881504,401.0140726853658,23.3728288279416,10.922862914206055,66.83001025193454,-0.4590077913092298,119.50155707530632,334.2692412208342,1.274,1.024479631064582,0.0,2.6263582996012302,210.00008998959544,0.0686924234706879,6.765088017452986e-07,-0.1176216174750869,-0.0641400057977407,0.0085324595439845,7.825864029429559,15.555591150857202,22.411913305368085,34.43151849478616
0.7,31.22219824316592,131.0104282980199,10.65622937525665,4.815079711121852,-6.00582874377276,28.80394167303884,2.0867116352932675,0.6098231503549791,349.270324209851,23.74671049621937,11.102128200639887,66.76230012914256,-0.5433561774086259,119.40978527842988,345.0421461901655,1.274,1.0244351749185203,0.0,2.634940555620948,210.00008998959544,0.0697914194497093,6.915110830773965e-07,-0.1220693245773834,-0.0698268502309244,0.0089965745661138,7.69220085275673,15.37317271199098,22.80504377037549,28.885866883779006
0.71,31.222197740783965,131.01042931517063,10.86646997972094,4.7766046364048895,-5.91121287799377,23.648412159348585,2.2384083888854085,0.4756574860395847,301.3312640634036,24.00565312342305,11.236061000450349,66.69195295091984,-0.6346975624156803,119.31035360511132,352.60098082716326,1.274,1.0243880468141104,0.0,2.6435521450867605,210.00008998959544,0.0705526173970064,7.05367716375606e-07,-0.126605032925388,-0.0755785011312007,0.0094324152909233,7.594560093490961,15.261404867770398,23.07876832531474,23.758874548637273
0.72,31.222197234510336,131.01043033948875,11.07769680134606,4.745559413691926,-5.8269222555573545,29.00611053707002,2.3880155293215672,0.3455376966921369,350.7922053414578,24.215491042334108,11.350689292098068,66.618902931957,-0.7330182294172415,119.20326675081658,358.7849476929171,1.274,1.024337302174265,0.0,2.6521616000024664,210.00008998959544,0.0711695006616044,7.180992594469065e-07,-0.1312038844424977,-0.0813627925857381,0.0098602875657894,7.509702247997509,15.180969069082831,23.30177717939817,29.10629593330008
0.73,31.22219672282709,131.01043137418148,11.29072406041541,4.691098758399388,-5.715407499457496,36.74628657675096,2.550910087343459,0.1967860239265558,422.3203185282354,24.530520147027254,11.507675332590953,66.54309751212413,-0.838256608821689,119.08858100687816,368.1732951272132,1.274,1.024292465384646,0.0,2.6606787351577568,210.00008998959544,0.0720955467120867,7.297286045199988e-07,-0.1358535832264541,-0.0871637553972876,0.0103423344644371,7.389128304630716,15.047288585752176,23.63423419385904,36.835247307349945
0.74,31.22219620194368,131.0104324273422,11.507578914427604,4.617669965604375,-5.582687902802364,22.95390178850408,2.7275128685878367,0.0301081304510061,294.4828134710563,24.93412710604961,11.700625407340068,66.46449016960739,-0.9503253138890438,118.9663803385328,380.38034191970354,1.274,1.0242470321640116,0.0,2.669137563066147,210.00008998959544,0.0732819325747549,7.402703397310119e-07,-0.1405711634594073,-0.0930017253245352,0.0108773245833932,7.240285188828014,14.87214303081132,24.05858744763233,23.115402662816027
0.75,31.22219567171265,131.0104334994059,11.728339516291328,4.588288325772469,-5.503846365532374,26.83487939471266,2.880143594405023,-0.1020673387286437,330.24688556441737,25.09413722195764,11.796092411721952,66.38302332903815,-1.0691585568543256,118.83672469804657,385.2698791465872,1.274,1.0241984712898409,0.0,2.6776024901500914,210.00008998959544,0.0737523894119355,7.497369685386572e-07,-0.1453702123583117,-0.0988924335473713,0.0113206187964351,7.160998039479856,14.83062860765868,24.230924047085896,26.98919037308829
0.76,31.222195141495632,131.010434570418,11.948000070948767,4.532751212812356,-5.395168679211639,28.90542836308521,3.0492939347036927,-0.2569926328837591,349.2703242098581,25.38030182853043,11.942683683968408,66.29863028253423,-1.1947055113158913,118.69965718582728,394.098628791156,1.274,1.0241522053390697,0.0,2.686084025068179,210.00008998959544,0.0745936202589506,7.581660070724398e-07,-0.1502001518761655,-0.1047732776176301,0.0118298834669943,7.042222123060244,14.726660565810436,24.534082545734453,29.066957659291216
0.77,31.222194600873006,131.0104356627421,12.172137241305986,4.472919514628884,-5.2823424084363335,27.02746463767973,3.222707657618572,-0.4172529169240416,331.76876669606884,25.678025920229263,12.094397942672634,66.21127296098516,-1.326829822270155,118.55531381960196,403.3901384419112,1.274,1.0241065975906936,0.0,2.694396739658164,210.00008998959544,0.0754688329143214,7.655770732047433e-07,-0.1550815897604553,-0.1106688793881325,0.0123573640664423,6.917615924062037,14.621640573022663,24.849452462459794,27.22211948736144
0.78,31.22219405413127,131.01043676729776,12.398459092121216,4.417624470961076,-5.176107797896157,22.186611510405395,3.393747496586665,-0.5741661130212736,286.8734378128874,25.93753275490703,12.231054656906496,66.12090024743134,-1.4654225764062687,118.40380024274772,411.5758628206836,1.274,1.0240588105546735,0.0,2.702752472209839,210.00008998959544,0.0762317294139053,7.71995306744781e-07,-0.1600127232699793,-0.1165759298675029,0.0128788683804725,6.801055606750074,14.540186056274736,25.125577136505477,22.452013698320766
0.79,31.22219350190225,131.01043788277053,12.626630494548523,4.370734917315797,-5.080475551749485,31.58331493652816,3.557879304257875,-0.7224279510413611,373.6203323159581,26.13427261502069,12.342556165229,66.02746117741073,-1.6103662463838435,118.2452310979176,417.83410960095154,1.274,1.0240083170932772,0.0,2.7110630087586984,210.00008998959544,0.0768101556075204,7.774514868390778e-07,-0.1649820678013746,-0.1224801501217782,0.0133792623365973,6.698092484422469,14.493814898430946,25.337278741145035,31.79129109784683
0.8,31.222192945304062,131.0104390067688,12.856055325850171,4.29361234152288,-4.951121880604624,32.00619366789908,3.747003566580677,-0.9031357427412002,377.42502064505805,26.49504557993601,12.521455498561208,65.93091073101107,-1.7615212124610735,118.07974480519428,429.4403320482487,1.274,1.0239625010683884,0.0,2.719301888734555,210.00008998959544,0.0778706900099531,7.819816511168066e-07,-0.1699734834124913,-0.1283617606168782,0.0139740176446378,6.550021995408074,14.370380856890597,25.71829272056168,32.23743356728089
0.81,31.22219237778744,131.01044015380467,13.090247824637231,4.221359006209381,-4.828488484658295,20.817673471932544,3.933308856081783,-1.0801500128357728,273.9374926939922,26.81550628822948,12.684463570545295,65.831212772688,-1.9187196584201427,117.90751034055576,439.88152587904864,1.274,1.0239149950770308,0.0,2.727465041528543,210.00008998959544,0.078812753449284,7.856065380683939e-07,-0.1750135071140502,-0.1342511702897722,0.014562074314277,6.4103004946994,14.271841351922768,26.057946525126574,21.21351388600117
0.82,31.222191804900987,131.010441311795,13.326238463678331,4.173890095518435,-4.734922745620245,26.76001626953375,4.095268114238039,-1.2272391153612363,328.725004432774,26.96715417052797,12.77854500074242,65.72831473600354,-2.0818283625977494,117.72865845743137,444.8607754671736,1.274,1.0238644186635044,0.0,2.735676218217417,210.00008998959544,0.0792586688010633,7.883599994813396e-07,-0.1800893964346131,-0.1401324852286063,0.0150688147041045,6.308816124368506,14.257900140339675,26.22424052425254,27.099369135082803
0.83,31.22219123009624,131.0104424730443,13.562176665217356,4.101092837766709,-4.613709225366703,34.01918178518012,4.280388264330223,-1.4041533318150614,395.6875032246518,27.26301781362533,12.93248863545693,65.62217099753775,-2.2506909067518586,117.54334500039072,454.665386828636,1.274,1.0238188483711983,0.0,2.7438300439452736,210.00008998959544,0.0801284495096536,7.902904061269322e-07,-0.1851645373444703,-0.145962926616569,0.0156631004657207,6.169999574250437,14.178643487450328,26.5390810117549,34.31614925375215
0.84,31.22219064510585,131.0104436561795,13.802509193223708,4.014366745884914,-4.47796805646569,21.00417823324256,4.480529957052815,-1.6000591574288363,275.45937482564227,27.63766909602939,13.119707323382908,65.51275739575286,-2.4250960219473034,117.35178579300658,467.2365844110104,1.274,1.0237739661568126,0.0,2.7518644299355604,210.00008998959544,0.0812298034167934,7.914263752941716e-07,-0.1902608205163521,-0.1517670079794702,0.0163149875433502,6.011198085499785,14.06728286068696,26.93498738779914,21.53626804386359
0.85,31.22219005186985,131.01044485709434,14.046203429426516,3.959739952513455,-4.378663179975013,22.90863226252536,4.642991433421908,-1.7509099903403629,292.9609323393965,27.782192205969384,13.211887677961789,65.40003637044293,-2.604860653323205,117.15416552468768,472.12486587110885,1.274,1.0237227741398531,0.0,2.7599314730269726,210.00008998959544,0.0816547954299415,7.91798941121275e-07,-0.1953870566700498,-0.1575536268270188,0.0168417845385291,5.90099021664683,14.066230243134257,27.095062702543903,23.43989094225314
0.86,31.222189458662385,131.0104460569766,14.288806377018275,3.8888990416835503,-4.26230488702653,28.68639554817045,4.82099604290006,-1.9220911278772832,346.2265619465616,28.019910641185604,13.34330269172436,65.2839647493941,-2.789810361027062,116.95065921302692,480.22771986915126,1.274,1.023674789281455,0.0,2.7679846580444174,210.00008998959544,0.082353700418008,7.914653898234495e-07,-0.2004954888819692,-0.1632683638746506,0.0174295846511649,5.7673964374957984,14.025256679532086,27.351006712660595,29.152113588822612
0.87,31.22218885669509,131.01044727601115,14.53506040526756,3.805045808032291,-4.132469422978378,26.710322415501075,5.013255687697421,-2.1116442170671705,327.9640783669946,28.3344647305276,13.5075046260104,65.16452803542396,-2.9797044124340726,116.74151473121935,491.0587884617336,1.274,1.0236288969245204,0.0,2.7758865825590915,210.00008998959544,0.0832784419973366,7.90463330281515e-07,-0.2055977047960733,-0.1689237628106187,0.0180733513211756,5.615207505669024,13.953246581313632,27.68590060283283,27.25863344758359
0.88,31.222188247242663,131.01044851154083,14.784290475422267,3.7271793589190896,-4.010056797198273,23.083404671319904,5.195326007410607,-2.290301396884278,294.4828134710421,28.590902441319784,13.64794469078262,65.0417048350394,-3.1743170932723794,116.5269634544162,499.9755824275013,1.274,1.0235805388426191,0.0,2.783795130107765,210.00008998959544,0.0840323799497659,7.888304262955959e-07,-0.2107015051739933,-0.1745273741788357,0.0186891918782832,5.472634188838675,13.911142718564792,27.96151831740558,23.771421161381173
0.89,31.222187633279912,131.01044975674893,15.034894894229456,3.652918966721492,-3.8922583275909735,25.314211642062475,5.368446265602495,-2.459952089916287,315.02813424808807,28.80314165274324,13.77027892677438,64.91546917080059,-3.3734315051532726,116.30722707056825,507.4138720956968,1.274,1.0235293752791452,0.0,2.791687548521796,210.00008998959544,0.0846564179535927,7.866156675576718e-07,-0.215790311338155,-0.1800602996725856,0.0192821905773961,5.336005378148863,13.891951385339658,28.192217285344785,25.99386255735142
0.9,31.222187014401182,131.01045101264984,15.28709818231814,3.5697171243939474,-3.76568503672772,27.95549988883546,5.550709919439088,-2.6421347902335603,339.3781423542166,29.06687101993415,13.915007432718584,64.78580537807221,-3.5768091371604167,116.08255119616068,516.7359342225183,1.274,1.0234837388140003,0.0,2.799513483737589,210.00008998959544,0.0854317981470341,7.838697357732719e-07,-0.2208503246728903,-0.18550693248109,0.0199145444265625,5.186993936552655,13.85329547117376,28.475784354326844,28.623438488312363
0.91,31.22218638839544,131.0104522846706,15.542110422772028,3.480951419001314,-3.634082982698404,21.265807482297568,5.73813492427045,-2.83208944980522,277.7421810230785,29.35909773678821,14.072567513787083,64.65270663792356,-3.784194909406081,115.85319994752028,527.1653661229377,1.274,1.023436404813438,0.0,2.8072810804722046,210.00008998959544,0.0862909436183878,7.806374612931149e-07,-0.2258840249963761,-0.1908691797331061,0.0205727162732062,5.030638610854618,13.805787269212178,28.788639983309693,22.2076899054128
0.92,31.222185755840368,131.010453571651,15.799629850126546,3.403829570229244,-3.5152576062597327,25.31128536679961,5.90107872528188,-2.9953623651880528,315.0281342480675,29.538386330302927,14.182474555201948,64.51616518626093,-3.9953379655460215,115.61943304177636,533.6103597107825,1.274,1.0233859136578225,0.0,2.815027918449621,210.00008998959544,0.086818152867234,7.769657649516807e-07,-0.2308895250118278,-0.1961441414548092,0.0211564925793553,4.891681451668696,13.81037915930327,28.986557305064323,26.162111779065608
0.93,31.22218512063472,131.01045486422592,16.057537326238325,3.313403433536581,-3.383479063587985,30.09796325785924,6.081761493802027,-3.1813956502224574,359.16250706547066,29.811613310810056,14.333303961989907,64.37617506032944,-4.209986502729814,115.3815115496873,543.5142332403124,1.274,1.0233407575091376,0.0,2.822744581666309,210.00008998959544,0.0876214666634503,7.729144203350981e-07,-0.2358414308017906,-0.2013043597614781,0.0218095897682651,4.734322058981949,13.777539178679696,29.280446505575465,30.870641286215488
0.94,31.22218447711388,131.0104561764038,16.318936429983008,3.2153666070474767,-3.2447442280767813,21.828802248957835,6.27230156795074,-3.3809024589232526,283.06875048378083,30.136426741923145,14.507210850644928,64.23274673712032,-4.427861296646368,115.1397273601062,555.408566994993,1.274,1.0232914783978162,0.0,2.8303685920325483,210.00008998959544,0.0885764105306388,7.685288555340861e-07,-0.2407484092820537,-0.2063582114361243,0.0225053720549307,4.566824987873616,13.72644136186118,29.627015902925287,22.962336031427142
0.95,31.22218382654331,131.0104575053845,16.5831524880492,3.13162705533033,-3.121119156951244,28.27006746683116,6.428518629947956,-3.542921660989032,342.421873617488,30.31396874468184,14.618021914142584,64.08588632047012,-4.648696443933528,114.89435809901984,561.9577139287874,1.274,1.0232418269359267,0.0,2.83799261403858,210.00008998959544,0.0890985042142408,7.638574129027854e-07,-0.2456113780942232,-0.2113055132104047,0.0230946440997269,4.420267916274352,13.740669381560508,29.82394692597525,29.207445287985713
0.96,31.22218317407839,131.0104588383498,16.847361336312556,3.031255562897597,-2.9817697372057417,27.681902917850856,6.6128495743590365,-3.7397707833090976,337.09533515678265,30.62925553123089,14.789476910879776,63.93560036329024,-4.872229921827708,114.64567761356916,573.693464245704,1.274,1.0231951201821403,0.0,2.845596153923898,210.00008998959544,0.0900254602586868,7.58965685871673e-07,-0.2503999273702398,-0.2161145697384628,0.0237891877123701,4.251019031835415,13.700175827297493,30.16109162735373,28.705459657669874
0.97,31.22218251183531,131.01046019539268,17.115912218746487,2.933457223322581,-2.845644986114691,17.665297237544845,6.7856261075573805,-3.9257271920477135,245.0218871929888,30.90386955981104,14.944028332075415,63.78191544715552,-5.098170560150155,114.39399284007877,584.0116936874878,1.274,1.0231476260761452,0.0,2.853098808404924,210.00008998959544,0.0908328806173197,7.538983118462122e-07,-0.2551278588918168,-0.2207984955313008,0.0244550479565655,4.086048067762121,13.680144521218688,30.457060434141933,19.326634009799967
0.98,31.222181845147247,131.0104615632222,17.38588183402048,2.8480760062732453,-2.7221671863061183,25.7621300106136,6.920634633691253,-4.070885024148342,319.593746642963,31.031808349173623,15.034726288421624,63.6248508911638,-5.32624701441235,114.13958938752012,588.8419299338793,1.274,1.0230935628253934,0.0,2.8606250883497744,210.00008998959544,0.0912091970822114,7.487138881519626e-07,-0.2597811117713543,-0.2253420965538819,0.0250035208358724,3.93898792620085,13.72322372432472,30.60437217659136,26.984340482891923
0.99,31.222181176773965,131.0104629346757,17.65574391996779,2.7445406422093925,-2.5819859715466804,28.1470098119162,7.091967667562264,-4.26049882780656,341.66094855170127,31.33109538218124,15.201765158136746,63.4644361589836,-5.556177962217071,113.88276479640176,600.2393457789814,1.274,1.0230490803133316,0.0,2.868092263974816,210.00008998959544,0.0920891468145585,7.434810557672248e-07,-0.2643314451050163,-0.2297172185237129,0.0256861884839036,3.767499764545898,13.698607831661873,30.92565523320871,29.337723446300267
1.0,31.222180498534044,131.01046433138885,17.93005296812003,2.640074416665674,-2.4416464529831576,25.15308619490929,7.258835108298336,-4.447765678271943,314.2672081822764,31.625961816853977,15.36782614809851,63.30071990879311,-5.787660175795152,113.62384205162395,611.5744671742452,1.274,1.022999484445133,0.0,2.875459910956346,210.00008998959544,0.0929561133969605,7.382441877276439e-07,-0.2687957935444817,-0.2339392852518335,0.0263651365424201,3.595470762863,13.679117855493224,31.242544962168143,26.55468041206323
1.01,31.222179815301704,131.0104657408847,18.20612061414836,2.53899050480832,-2.305284608445009,26.296444143842,7.407839413786204,-4.617438869223129,324.92031610370094,31.864406238946486,15.509578127030275,63.13374189917696,-6.020414125384818,113.36311868990036,620.8147211691214,1.274,1.0229507481225095,0.0,2.8828535033785765,210.00008998959544,0.0936572491745628,7.330610473931111e-07,-0.2731654277569884,-0.2379986211643755,0.0269950330390391,3.4288963934008447,13.685273162327398,31.50239067207367,27.707396144381
1.02,31.222179127588863,131.0104671618774,18.48366783483076,2.4336842878922385,-2.165798020566461,21.89008300453384,7.5601429449957855,-4.793915789301052,284.59063161543185,32.13520053743368,15.66666819674317,62.96354908252008,-6.254158304773144,113.10089554346511,631.3945055297411,1.274,1.0229039803623294,0.0,2.890199606598653,210.00008998959544,0.0944534753583928,7.279943561619255e-07,-0.2774247096248989,-0.2418797552074889,0.0276482009578426,3.257403675464931,13.681233354244275,31.79507879131526,23.64980177272234
1.03,31.222178433265448,131.01046860035694,18.76390109591324,2.332524379616728,-2.0306248847772914,17.81374195739798,7.689342948393103,-4.947037852548964,247.3046933904342,32.33461064242087,15.7923896393852,62.79020002956788,-6.488604416864525,112.83748225537236,639.2376585615641,1.274,1.022853416101322,0.0,2.897491752423688,210.00008998959544,0.095039892569249,7.231001643352644e-07,-0.2815696975792972,-0.2455779240428896,0.0282346614164502,3.092220724019094,13.708290767928531,32.0157076019979,20.02320106819377
1.04,31.22217773560247,131.01047004755625,19.04499616155517,2.23264766125044,-1.8971071220169085,28.48102035630013,7.802614015624194,-5.085092550884425,345.4656368807608,32.49527454375609,15.901199378667831,62.61375770609747,-6.723468705710356,112.57318465811365,645.5884869332409,1.274,1.0228049544826707,0.0,2.9047623438059835,210.00008998959544,0.0955124288139682,7.184428357129531e-07,-0.285583923114351,-0.2490772729346033,0.028778706826314,2.929489558788002,13.752942352691258,32.197332101021885,29.96510424249944
1.05,31.222177034071567,131.01047150503007,19.32725762682556,2.118585628409385,-1.7522053661063075,17.023444795879872,7.956291818133965,-5.272853249423985,240.4562587980608,32.836396768125326,16.093136074116245,62.434297444344544,-6.958461910964818,112.30831617592928,659.196012275708,1.274,1.022755494436122,0.0,2.9119646316171512,210.00008998959544,0.0965153869849304,7.14084263631812e-07,-0.2894558764731904,-0.2523669323713192,0.0294742933204873,2.7490415137676085,13.72852495125699,32.56120389291528,19.51674239220357
1.06,31.22217632294316,131.0104729893251,19.6139508353814,2.018654858776425,-1.6196508938384044,24.38012164775176,8.045410496803619,-5.389872435224,308.1796836557233,32.95294388003408,16.183104992386937,62.25190392794379,-7.1932950281130665,112.04319147106108,663.8654410199816,1.274,1.0227013895379469,0.0,2.9191080442536377,210.00008998959544,0.09685826499511,7.100686566355442e-07,-0.2931981386891462,-0.2554560945922743,0.0299604964023431,2.587885407536958,13.794956261318609,32.69856359465585,26.232988516164895
1.07,31.22217561301309,131.01047446983273,19.898960026774866,1.906577479070676,-1.4780208552425396,28.749777635229744,8.171459107612433,-5.552827230034445,348.5093681440431,33.237278108115085,16.35107668464832,62.066656057824176,-7.42769813926709,111.77810520095068,675.3526949847236,1.274,1.0226540159946436,0.0,2.926275428710751,210.00008998959544,0.0976943199899031,7.06472139450562e-07,-0.2967790766909588,-0.2583173670036401,0.030587249035982,2.4122141124280403,13.79733380502515,33.00513688350176,30.399939938578015
1.08,31.22217489344906,131.01047597794923,20.188462847297405,1.7920553966511532,-1.3352435600759032,19.188256986867987,8.29849610497489,-5.720653103838975,261.0015785751465,33.55070190878521,16.533686739480196,61.87865484567198,-7.661387226276429,111.51336962602574,688.1306151661393,1.274,1.0226061614050743,0.0,2.9333144918666814,210.00008998959544,0.0986158886092143,7.033391640412191e-07,-0.3002085788942042,-0.2609575298720896,0.0312316063370777,2.2346714465714146,13.790955911829784,33.34098132506336,21.674411542942384
1.09,31.22217416839089,131.0104775021406,20.48012649180487,1.6859409150094968,-1.1996260769893807,17.589104853132472,8.374206482398764,-5.832933315620032,246.54375332456465,33.69936201785578,16.64047543983303,61.68799730310143,-7.894095796187144,111.24927887894206,694.2227657219092,1.274,1.0225512795791307,0.0,2.940379494019927,210.00008998959544,0.0990531726402616,7.007249586606281e-07,-0.3034808486952462,-0.2633698216797009,0.0317110349086698,2.069078082488627,13.850529455308449,33.51093896171704,20.335364634272185
1.1,31.22217344223043,131.0104790293736,20.77143291016228,1.5773527932974332,-1.0627633988799596,35.73465465146412,8.448161481866913,-5.946838593070682,413.1890617384087,33.8721756971552,16.759208653463414,61.49478637349445,-8.125562519799507,110.98612298301232,701.3414854002274,1.274,1.0224981043155532,0.0,2.947412727072509,210.00008998959544,0.0995614544291681,6.986994964076478e-07,-0.3065734201835567,-0.2655363925733369,0.0321975545623782,1.9018997119868264,13.902331350210948,33.705246785340165,37.19814329687895
1.11,31.22217271071963,131.01048057250387,21.064835254377456,1.45444631666165,-0.9170131082140432,25.995125658342182,8.589782313423001,-6.143325456628313,324.1593910379213,34.32536185132288,17.011213732022046,61.2991413545144,-8.355522556353275,110.7241978113561,720.213655748256,1.274,1.0224548851875197,0.0,2.9543550112355765,210.00008998959544,0.1008938514871035,6.973160663160676e-07,-0.3094820232826793,-0.2674529985107486,0.0329369672787953,1.719344785658064,13.848028590234035,34.18132391868783,28.058356435312675
1.12,31.22217196731061,131.01048215222374,21.364160869695635,1.342237747125422,-0.779358447485729,9.451504804309725,8.659125233082252,-6.2600495765039685,172.7328179403806,34.542242855983,17.152687229171068,61.10118652337284,-8.58371967006102,110.46379138539103,729.3226206390642,1.274,1.0223979224661404,0.0,2.961266483955272,210.00008998959544,0.1015316810739806,6.966073863030283e-07,-0.3122198315666933,-0.2691250532058431,0.0334373298285385,1.5520601278714214,13.886632140479472,34.419825292449104,14.265329073259371
1.13,31.222171224423228,131.01048373044793,21.662219193296405,1.23735187613202,-0.6467199125388853,30.68293268002808,8.665007091680977,-6.306483927056081,367.5328077894322,34.56012181753495,17.199839366382843,60.9010403324086,-8.809913337481921,110.20517571596622,730.0569057994013,1.274,1.0223460397860296,0.0,2.968236033049879,210.00008998959544,0.1015845752352359,6.966476429625861e-07,-0.3147606523985032,-0.2705338568750887,0.0337259226047224,1.396145152645437,14.002447512372587,34.45853744832194,32.50071453473344
1.14,31.2221704812439,131.0104853093096,21.959464047662664,1.1163017786729443,-0.5058708357866813,16.699549290494186,8.771022287354153,-6.474305104908971,239.6953177322812,34.97940457830319,17.44015154639069,60.698839841490646,-9.033860081471625,109.94862818941186,747.8570811053917,1.274,1.0223022138470996,0.0,2.9750968804453497,210.00008998959544,0.1028173423009178,6.975047027971503e-07,-0.3170858491403986,-0.2716685829555215,0.0343862654767108,1.2255621496449678,13.966199816680408,34.89994360561696,19.94297884124532
1.15,31.22216972384989,131.0104869337312,22.26407921216552,1.0064700044448112,-0.3716022255807558,16.42615088384928,8.781163619906074,-6.533902080001584,237.4125115347709,35.083248387510814,17.529733037115165,60.49473581160582,-9.2553210314648,109.694423028064,752.2820070716016,1.274,1.0222426194541194,0.0,2.98186273666127,210.00008998959544,0.1031229319458601,6.991958833778552e-07,-0.3192125851062437,-0.2725337267288591,0.034718650425508,1.072872723201519,14.05139354843456,35.02487765563419,19.73877260038206
1.16,31.222168970503745,131.01048854531325,22.56536332704835,0.8939078333676923,-0.2370281010020678,43.985201889900125,8.799403525688858,-6.607030315187686,490.043774385954,35.25326194887533,17.65195318175197,60.28887090016944,-9.474071568963536,109.44282015301314,759.5688153579197,1.274,1.02219674531104,0.0,2.9887181035704966,210.00008998959544,0.1036230183866174,7.017975220549055e-07,-0.3211171465406625,-0.273117254163527,0.0350940319864027,0.924796721813361,14.112040717673704,35.21602976803472,45.340713903609725
1.17,31.22216821059761,131.01049017842504,22.869558919329705,0.7700138197407498,-0.1001383986234993,7.219175501008589,8.92082115446839,-6.807554442893909,153.70937929500428,35.838315013155594,17.978051745323157,60.081404417400464,-9.689891193545016,109.19407690864612,784.9662522351251,1.274,1.022149394360584,0.0,2.9954123938031354,210.00008998959544,0.1053430780104608,7.053507067477486e-07,-0.3227975151421167,-0.273416643891698,0.0358620853245771,0.7764975065946429,14.017622527530378,35.82258531829072,13.343175876729571
1.18,31.22216743581825,131.01049186174535,23.181650063522948,0.6636283040879087,0.0313529034817398,20.9993192747726,8.843131044364197,-6.77570297800521,280.0250182204742,35.73454102859453,17.967638884014395,59.87249904994975,-9.902569524429415,108.94844112439364,780.4035180935093,1.274,1.0220864142162576,0.0,3.00209776986386,210.00008998959544,0.1050384148776147,7.09867910692045e-07,-0.324261010618095,-0.2734239948619179,0.0359192860215131,0.6643684870504359,14.182916971102683,35.73946593091109,23.77146456400578
1.19,31.222166673129653,131.0104935045341,23.48560047964269,0.5481131550054512,0.1629774926806637,37.184921487096766,8.861446860341703,-6.8626605015364905,428.40781305479993,36.02160829483368,18.15020928545779,59.66231596025959,-10.111899209126875,108.70615922195309,792.9692033338266,1.274,1.0220468515919483,0.0,3.008881986773277,210.00008998959544,0.1058825860273496,7.154533558432692e-07,-0.3254786097494501,-0.2731388691371819,0.0363427366670569,0.5718294182148247,14.20145043909076,36.04720870499618,38.83734975020257
1.2,31.222165895760483,131.01049519767895,23.797376011346188,0.4303880673439298,0.2922861682275813,3.1413537594111305,8.91541063095688,-6.998101429054238,117.18437413578772,36.48287320666333,18.420908322702708,59.45103477547539,-10.317689217093392,108.46746099508329,813.3831736424736,1.274,1.021993001444649,0.0,3.015417925051923,210.00008998959544,0.1072388139978847,7.221125260329498e-07,-0.3264566574073048,-0.2725541774426317,0.0369176147220406,0.520253290050121,14.156202228902984,36.52878521147082,11.761210557237565
1.21,31.2221651107502,131.01049691832984,24.112835019269912,0.3220053280299903,0.423006220437525,29.66216665679871,8.797861438183883,-6.930541535702374,359.92343213123,36.3529328696095,18.39755259987969,59.23883394142437,-10.519752173786936,108.2325740798702,807.5749989542035,1.274,1.021934467415424,0.0,3.022051519042732,210.00008998959544,0.1068572440116337,7.298719684232604e-07,-0.3271903128349883,-0.2716583128810272,0.0368676793352339,0.5316199863787657,14.331475606764958,36.41937792771861,31.706133517653644
1.22,31.22216433528265,131.01049860572095,24.4216099215518,0.2068110294401175,0.5474306870927407,21.2298167529004,8.822077441311016,-7.040010581262036,283.06875048383864,36.79130471251916,18.65989187109469,59.02589754720643,-10.717901842510807,108.00172693469447,827.144629269392,1.274,1.0218964691729235,0.0,3.028692322398929,210.00008998959544,0.1081461883256754,7.388217098580058e-07,-0.3276683649826673,-0.2704680668685157,0.0373656664260075,0.5851921544024064,14.294218037240226,36.87729361546079,24.04362532411659
1.23,31.222163541580127,131.0105003587116,24.740494911835395,0.0952251136651498,0.6726738567712053,7.727532725868291,8.764459983850566,-7.054856358798941,159.796873821485,36.970887244612456,18.793225578007235,58.81241600145029,-10.91198070476916,107.77511677629876,835.2135260537979,1.274,1.021840167284974,0.0,3.0351262488380164,210.00008998959544,0.108674453219039,7.489432773947994e-07,-0.3278896723237335,-0.2689594215216675,0.0375722615637184,0.679380249364243,14.35374467735357,37.076548179588144,13.649231446538268
1.24,31.22216275103481,131.01050210130938,25.056567981079688,-0.0150275223271706,0.7986141334080586,36.01632081493715,8.652945522060481,-7.007438473981747,418.51563019911424,36.990403289178886,18.84581156913003,58.59858428264148,-11.101819403783608,107.55295660391704,836.0701528734033,1.274,1.0217868165759083,0.0,3.0416861876403343,210.00008998959544,0.1087322076958674,7.602946785814522e-07,-0.327848981857378,-0.2671400940184577,0.0375862887803775,0.798755498185298,14.472064154315538,37.11584524199894,37.69818331456917
1.25,31.22216195969228,131.01050384727313,25.37220565307259,-0.1256506798906049,0.9131048670250176,16.924340447764855,8.658363407229222,-7.110829681226568,244.2609461271705,37.50197269412234,19.15074405688201,58.38460103996549,-11.287266922437365,107.33544009553142,859.329352009515,1.274,1.0217479393649098,0.0,3.0481211868461684,210.00008998959544,0.1102363436531535,7.729185239861618e-07,-0.327545910123102,-0.2650201261581679,0.0380697186641041,0.921708877525414,14.407041589977633,37.64539679995867,20.29690752895397
1.26,31.22216115299055,131.0105056514273,25.69635731751786,-0.234728291554808,1.0340544389764623,9.58347218636141,8.539012793206462,-7.063889017171696,177.29844633527966,37.586001735987125,19.23770115659736,58.170665356774,-11.468190969646653,107.12274094912873,863.1577133219091,1.274,1.02168769711718,0.0,3.0544832679332137,210.00008998959544,0.1104837496074882,7.867953979038409e-07,-0.3269675894529241,-0.2625653625608577,0.038086466740408,1.0603584164901148,14.49978782375419,37.74842180991122,14.651150353341723
1.27,31.2221603524448,131.01050743351345,26.0158425705412,-0.3431960169935307,1.1533046158809304,34.56345001052554,8.404620529451636,-7.002103599758858,405.5796860802705,37.65561528346839,19.31754630202812,57.95698851101396,-11.644439682833108,106.91505773451416,866.3314190373761,1.274,1.0216417608642272,0.0,3.0609520296129986,210.00008998959544,0.1106887771594884,8.01993181583465e-07,-0.3261194074682059,-0.2598039916373648,0.0380568566953318,1.2032784943541786,14.596635899064632,37.83676371551324,36.2532643729628
1.28,31.22215954764573,131.01050923247303,26.337045632727733,-0.447711732238221,1.2583807278492332,10.550490368171596,8.361611875533614,-7.062654039756684,186.4296881251072,38.13673687390855,19.612341852367443,57.743776809679325,-11.81589451427321,106.71255178285564,888.5834688858127,1.274,1.021596487298184,0.0,3.0672655311639945,210.00008998959544,0.1121034416677705,8.185318057977849e-07,-0.3250014079024087,-0.2567401356262037,0.0384097866455766,1.335640528235838,14.540524808790328,38.33438696548928,15.20231831831046
1.29,31.22215873006976,131.0105110822479,26.665289525024296,-0.5545758869334596,1.3751752172542726,17.964610487723412,8.183718932215271,-6.9555570541373255,254.15312898270548,38.13304198190653,19.655242849510344,57.5312369943706,-11.982448324964254,106.5153726746564,888.3832835227506,1.274,1.021537906890682,0.0,3.0735423974811,210.00008998959544,0.1120929957220119,8.363888033374904e-07,-0.3235942879682074,-0.2533361831264084,0.0382385774000895,1.4827684353472683,14.661500073550624,38.34903326103875,20.930366921544405
1.3,31.22215792001857,131.01051290375915,26.98798546080373,-0.6576352338747466,1.4816310275740288,26.376240999532115,8.051370404142833,-6.912125730005096,331.0078106303023,38.36071403522448,19.82009239785839,57.31959187387677,-12.143971843125383,106.32369786004148,898.9952087763999,1.274,1.0214993775327004,0.0,3.0798852002562107,210.00008998959544,0.1127626538699965,8.55630762473202e-07,-0.3219177245192067,-0.2496390396266691,0.0382663938789483,1.6209929660758005,14.695504022928,38.593422155247424,28.430760397103423
1.31,31.22215710031892,131.01051476457215,27.31581413691755,-0.7573658404166765,1.5816447969937923,4.44370187463288,7.926937632806909,-6.885372959910144,130.881252320483,38.6775535642073,20.033376580271447,57.10904857247496,-12.300380427995302,106.1376536055089,913.8782221386916,1.274,1.0214458746532016,0.0,3.086061452954404,210.00008998959544,0.1136944353353325,8.762433765880781e-07,-0.3199598830780419,-0.2456286092167331,0.0383465957142575,1.7535842066726144,14.695278917366672,38.92596619545504,11.401367785581165
1.32,31.22215627567701,131.01051664685323,27.64588075727156,-0.8613711526124586,1.6927499200232274,31.38689260278176,7.702234560836554,-6.73049153874574,376.66406457918,38.62359045634233,20.050534963873822,56.89982379709996,-12.451580133276616,105.95737864205256,911.301011498796,1.274,1.0213907112113347,0.0,3.09227809909199,210.00008998959544,0.113536231244067,8.982273485426074e-07,-0.3177133492475948,-0.241295273066418,0.0380230215024425,1.899248973878618,14.828770198724891,38.88944831232303,33.011527696273454
1.33,31.222155455914606,131.01051851050053,27.972017834121303,-0.9536680822919772,1.779443320072176,14.200214088664636,7.584865653040275,-6.725301332977132,219.91093802105664,39.08324611625038,20.34272419940035,56.692140143723854,-12.597476015415694,105.78301435232984,933.0914590459424,1.274,1.0213547178302491,0.0,3.098479682803424,210.00008998959544,0.1148878379567964,9.216286041257528e-07,-0.3152039995390658,-0.2366875720247972,0.0381704482098994,2.018813736723858,14.771626680523402,39.36271548742983,17.44723316626231
1.34,31.22215462081996,131.010520438838,28.3069524953186,-1.0517759637146045,1.879411292320292,8.537342162253752,7.363992771097328,-6.58605439332412,168.16718954544748,39.15060004995037,20.425768929621395,56.48620022746901,-12.738014697081116,105.61465381052945,936.28018268947,1.274,1.0212928388838676,0.0,3.104534020633729,210.00008998959544,0.1150862644198878,9.463918819684522e-07,-0.3123942599654804,-0.2317446553045172,0.0378941707148787,2.153606902398855,14.855719725008733,39.445764347649934,13.057209242406786
1.35,31.222153791616893,131.01052234437572,28.63732604525777,-1.1479438305214016,1.9759529938972047,37.340745948791096,7.1329555706187024,-6.436928164813697,430.6906502522,39.21895365519703,20.50966671977765,56.28223544006352,-12.873102625296667,105.45243927114308,939.5225489597152,1.274,1.0212455175861788,0.0,3.110691928088525,210.00008998959544,0.1152876250741944,9.72564081525037e-07,-0.3093152180360156,-0.2265208814318519,0.037584990603041,2.285091417619212,14.936559712473192,39.5292741041071,38.55702798950602
1.36,31.222152958473263,131.0105242678339,28.96933596076892,-1.2294313980682088,2.046641326357901,10.303249108050167,6.987865172669677,-6.415031624409558,184.14688192766988,39.74728050141783,20.84439260089095,56.08045328324496,-13.002690237526345,105.29646142376448,964.9752846931356,1.274,1.0212038946068211,0.0,3.1167123046737744,210.00008998959544,0.1168411269488977,1.0001393044892363e-06,-0.3059705121817891,-0.2210238581879062,0.0376782130432388,2.3873833653892973,14.847400403236534,40.06869780622663,14.004993130884467
1.37,31.222152112071832,131.01052624986457,29.308932606210217,-1.3234956653072985,2.1403730676371007,13.49836442682668,6.712949615717427,-6.21585191845718,213.0625034286327,39.72636853641792,20.880957836652826,55.88105826245373,-13.126736331137256,105.14680172700348,963.9287127159917,1.274,1.02114497632441,0.0,3.122710972059852,210.00008998959544,0.1167801017147957,1.0290574031513e-06,-0.3023170775846481,-0.2151896820384297,0.0372075165717969,2.5163510740426904,14.954471756887376,40.06249935982892,16.30663514692006
1.38,31.222151274240304,131.01052819682414,29.642243699662167,-1.40974920434193,2.220970119166968,32.47409540553157,6.465898756351243,-6.060908549078097,385.7953213690772,39.888317704153856,21.01796803160491,55.68428708527275,-13.245157881244396,105.00359288956597,971.7727506392544,1.274,1.0211044521907275,0.0,3.128777040770067,210.00008998959544,0.1172566105000872,1.0593795747874418e-06,-0.2984112777150303,-0.2091072104888405,0.0368753526482728,2.630419270390446,14.991953374604975,40.23709951340651,33.66168937494432
1.39,31.22215042832052,131.0105301805743,29.9798702171268,-1.484214794922481,2.283051260651579,6.1009887926437125,6.258285528735995,-5.971451235138677,145.3390625710013,40.31849360152028,21.304067079922167,55.4903335005561,-13.3579363953072,104.86689050035316,992.8137537473456,1.274,1.0210556629341383,0.0,3.134671493270284,210.00008998959544,0.1185216170366119,1.091067541951043e-06,-0.294238680693418,-0.2027566032772224,0.0367506653009558,2.72287541923328,14.929737812811366,40.67701956156151,10.585198716169186
1.4,31.222149573884103,131.01053220406703,30.32212214131152,-1.5723456089877077,2.3676119803965165,24.597734297159995,5.944704924611064,-5.729718588017072,313.5062531163733,40.25851600739236,21.319798800274707,55.299401544378085,-13.465040799028571,104.7367657639622,989.8295953930772,1.274,1.0209980751672216,0.0,3.1405935404794136,210.00008998959544,0.1183457620050998,1.1240727676031628e-06,-0.2897706936057894,-0.1960986599491097,0.0361375817017035,2.8419095323440597,15.040045814396724,40.63031379538962,25.946439530159903
1.41,31.22214872669748,131.01053419727978,30.65890696437141,-1.642869223140882,2.424828695795465,14.680699323398551,5.69658027981141,-5.59295205014227,222.9546852843992,40.607186130476826,21.563331555044265,55.11171604821951,-13.566414909631074,104.61332084002156,1007.016650957148,1.274,1.020963149414977,0.0,3.146547461745893,210.00008998959544,0.119371182279625,1.1584437780143275e-06,-0.2850699453780722,-0.1892254042694146,0.0358580890527869,2.928686021768928,14.999791778961663,40.9879636399118,16.710926729046523
1.42,31.222147866826543,131.01053624938092,31.00300232285361,-1.7190423973050877,2.49153308612801,6.778551375856908,5.393406001120185,-5.3774400368506114,150.66563203169656,40.714625286076846,21.67318382845604,54.92745438140066,-13.66206467095162,104.496582667761,1012.3189977391132,1.274,1.0209052114783703,0.0,3.152336066621153,210.00008998959544,0.1196874813283846,1.1941021930360723e-06,-0.2800909576719325,-0.1820748126106281,0.0353238463407173,3.026711226562522,15.04218448422209,41.10587105420832,10.19580543154756
1.43,31.22214700986981,131.0105382905679,31.344413049376808,-1.7947870656475404,2.557822206077796,38.33557510981005,5.070319316840314,-5.1340704086537965,437.5390698445324,40.75293149518503,21.744565929247862,54.746826896631205,-13.751954668910267,104.3866286025074,1014.1915018030688,1.274,1.0208540818336955,0.0,3.158199619735345,210.00008998959544,0.1198005505054318,1.2310592446833022e-06,-0.2748698026325085,-0.1746984394129047,0.0346968538475216,3.124351883547237,15.104871406024232,41.15457982620432,39.00875716984106
1.44,31.22214615120256,131.01054034153708,31.686103343923524,-1.8459021274551304,2.588424502114327,10.610784875367248,4.817953282906011,-5.014714816908604,184.90782199347723,41.30306048296131,22.105808737819423,54.57001638645082,-13.83608262252038,104.283495594037,1041.7235168466264,1.274,1.0208135402731948,0.0,3.1639723478971504,210.00008998959544,0.1214182215816008,1.2692968348816571e-06,-0.2694237851983302,-0.167121226140997,0.0344673680710913,3.178832733359368,14.98163023383254,41.70951096463617,12.68655958889209
1.45,31.222145278498644,131.0105424596546,32.03602010847986,-1.91756266970776,2.649315208145236,9.742427748172725,4.464536852711146,-4.733676755764464,176.53750626942457,41.279985503929325,22.14348942118794,54.397191908004906,-13.914460635046336,104.187202718853,1040.5248926167608,1.274,1.0207499579462165,0.0,3.1696964275648343,210.00008998959544,0.121350867552325,1.3087114206545491e-06,-0.2636854601685514,-0.159254793825882,0.033713285220512,3.2700606263960887,15.056943529134726,41.69599068529727,11.715574393329872
1.46,31.22214441476333,131.01054453853197,32.37935278157557,-1.9804173474184823,2.69773732869297,38.65021981701016,4.1236076547400975,-4.476944207599971,439.0609509762296,41.38195106755608,22.25238837850583,54.22857130042701,-13.98704311483471,104.09783960185888,1045.6371451364028,1.274,1.0207098371838443,0.0,3.1754939303636105,210.00008998959544,0.1216510873726362,1.3493617793755072e-06,-0.2577445567481453,-0.1512208010789131,0.0330340251865237,3.34618298751486,15.083422243779513,41.805554098594754,39.12654676088089
1.47,31.22214354453968,131.01054664982243,32.72605328292774,-2.0196409894135607,2.713696512997797,0.8793680681043277,3.8308646052456377,-4.316248903726889,95.11718822711856,41.92073577613878,22.61217779291758,54.06430510291722,-14.05385951761392,104.01540331570128,1073.0066276397056,1.274,1.0206581239454915,0.0,3.1811401125825847,210.00008998959544,0.1232354423954836,1.3911921842847392e-06,-0.251592074040243,-0.1430086887946257,0.0326642293747749,3.3823139638484143,14.952781534937008,42.34684287525133,5.8377064350521195
1.48,31.22214266244009,131.0105488197262,33.079603324853885,-2.0876994288515225,2.769847574509367,25.04494390164064,3.436577669693613,-3.9734989754941927,314.26720818216694,41.749136354106085,22.565113166172527,53.90454932377176,-14.114929415921674,103.93990236803585,1064.2039126577574,1.274,1.0205939603223877,0.0,3.1868009298844457,210.00008998959544,0.1227314770225401,1.434097327450512e-06,-0.2451657102586849,-0.1345399041614562,0.0316985237593279,3.468017926444737,15.064875694222655,42.18405354421437,25.58999756202444
1.49,31.22214179231977,131.01055093525247,33.4246286500657,-2.1259923527237268,2.785582953534467,23.171306793249915,3.103429690570709,-3.7526388439167153,296.7656196685963,42.12746634608168,22.835127362877355,53.749504508032224,-14.170221215792258,103.87140783674832,1083.542983472493,1.274,1.020560550889276,0.0,3.192500309661209,210.00008998959544,0.1238441499594771,1.4781581981318388e-06,-0.2385885526926627,-0.1259740917473352,0.0311266483990915,3.503677189273886,14.98075081111602,42.56485233963523,23.677479440263443
1.5,31.222140906677414,131.01055312713373,33.77884626784242,-2.1672595885192134,2.806019542774948,3.3912197734315286,2.7424594072421926,-3.485925491509505,116.42344106993176,42.35659447035218,23.020062687301767,53.59927971071726,-14.21979763439558,103.80987338918143,1095.3243782061647,1.274,1.0204979156004923,0.0,3.1980231202463765,210.00008998959544,0.1245182268307439,1.523239182061542e-06,-0.2317806372625182,-0.1172115329309978,0.0304019069028935,3.54499698281471,14.94402529194067,42.79718681479864,5.583290399436517
1.51,31.22214002209225,131.01055531667208,34.13157799585867,-2.218608506166013,2.839931471617108,35.69992394985096,2.3470577709109137,-3.1487758074733043,409.384373409308,42.29839805285329,23.03844121434385,53.454041130514895,-14.263656709737203,103.75533175662002,1092.2795573433696,1.274,1.0204428898184188,0.0,3.203654619850344,210.00008998959544,0.1243476384048437,1.5693254151085743e-06,-0.2247751170516596,-0.1082955578303541,0.0294415094130365,3.603248870784449,15.000505336797891,42.74431080621879,35.915289770387
1.52,31.22213914008401,131.01055749617055,34.48184892569121,-2.2367206383733804,2.830690005753078,11.718885321315636,1.9993563793076283,-2.927161528313841,190.99531651999905,42.82208706563199,23.39665769060679,53.313929463088456,-14.301818667063284,103.70778719908228,1119.4559550101785,1.274,1.02040340295591,0.0,3.2091963663309024,210.00008998959544,0.1258876623238616,1.6164239521540354e-06,-0.2176333896034992,-0.0993039250652336,0.0288580286608019,3.6071669776512105,14.8532084057412,43.266549949979705,12.24328279990566
1.53,31.2221382426406,131.01055975300733,34.84122643586109,-2.27677431357446,2.8503647502301384,13.802527909490053,1.598526036533444,-2.5876929299497835,209.25781509953936,42.82492104794576,23.45118769793592,53.17903926748271,-14.334345189468824,103.66719115665228,1119.565474766653,1.274,1.02033978413276,0.0,3.2146581803113885,210.00008998959544,0.1258965043176082,1.6643814936538664e-06,-0.210263887002465,-0.0901261160536082,0.0278817204367225,3.647465279876552,14.8777219004024,43.27247063672038,14.133690844271332
1.54,31.222137353529327,131.01056197201467,35.19445142242738,-2.3049662049917825,2.8548791504038924,28.53470550138556,1.207018918018302,-2.273183648731613,342.4218736175491,42.97805323796442,23.59405026941541,53.049530264772365,-14.361228016073536,103.63358094996472,1127.5481467587208,1.274,1.0202990032694612,0.0,3.2202257645854724,210.00008998959544,0.1263471853769865,1.7132504787428008e-06,-0.2027701757207028,-0.0808898506799044,0.0269832580658177,3.668624558841405,14.845886177888604,43.42631106835432,28.650544089425566
1.55,31.22213645737456,131.01056422782187,35.5513818846353,-2.317948121997594,2.8406887453222622,4.381252922979594,0.8229917351183653,-1.9901576733357784,122.51094359649728,43.34071899510866,23.86111045477888,52.9254855795808,-14.382528817828907,103.60690533778448,1146.6185047523977,1.274,1.0202459959056072,0.0,3.225634617645856,210.00008998959544,0.1274138660825298,1.7629518440439908e-06,-0.1951384324478765,-0.0715802078835529,0.026185905729873,3.665786744395716,14.73910854957036,43.78675055461937,4.881948395459302
1.56,31.22213555437601,131.01056651977717,35.911868878559886,-2.3490781785537167,2.849505560599015,27.17654504218001,0.4106681605521098,-1.6210984758159075,328.7250044327359,43.267666582147946,23.871202671278645,52.80699686169212,-14.39829501646598,103.58712931598812,1142.7168457051202,1.274,1.020190002307219,0.0,3.231060579853888,210.00008998959544,0.1271996228070046,1.8133930928767248e-06,-0.1873416637203803,-0.062166594530506,0.0250964031043747,3.692329810473875,14.77158516433352,43.715081376653096,27.227949042041757
1.57,31.22213465773983,131.01056878310052,36.26749104340141,-2.351710701023641,2.8232075202561804,14.163416335256397,0.0185776087164901,-1.3281146332502365,210.0187561654679,43.65577651521722,24.15489723976351,52.694173859449386,-14.4085510417592,103.57424517992828,1163.2693269403449,1.274,1.0201537513763184,0.0,3.2365074165732977,210.00008998959544,0.1283411155696322,1.864611951973156e-06,-0.1794745496117416,-0.0527621165457369,0.024257351694188,3.673767375531836,14.646136038931868,44.09906548382904,14.225561355967882
1.58,31.222133747952352,131.01057111356852,36.63065723498135,-2.3660015228456945,2.811746851040912,5.518309023452272,-0.3897020572861097,-0.9762802186722171,130.881252320448,43.734682103169376,24.255513650873773,52.58705661510185,-14.413380272946569,103.56816966921896,1167.437490309509,1.274,1.0200939958503294,0.0,3.241814968199199,210.00008998959544,0.1285736126643595,1.91645829370329e-06,-0.1714645645639717,-0.0432839307796883,0.0232158183014801,3.674151399323561,14.61706126704719,44.176173010218925,5.617537292901442
1.59,31.22213284248148,131.0105734254122,36.9902639955086,-2.379172362952319,2.799041341263921,33.61034046258059,-0.7977206647940462,-0.6124893156816387,385.03439630319735,43.74847966504626,24.317356396725625,52.48573588906512,-14.412813230529643,103.56888418976902,1168.1338586992451,1.274,1.0200449608608335,0.0,3.2472015947119472,210.00008998959544,0.1286146975757268,1.9689444665890352e-06,-0.1633834219969516,-0.0338162286815508,0.0221278688374087,3.6729537579720777,14.603241494422631,44.18797718716184,33.62538456927215
1.6,31.22213193529064,131.01057574820896,37.35014539065763,-2.363533428093158,2.7521586130825337,9.598852849398924,-1.1986988560663567,-0.3135058636798874,166.64532341388792,44.2253308641408,24.6564688572778,52.390249581177,-14.406922123279818,103.57631603507129,1193.696295590182,1.274,1.0200031395015845,0.0,3.252500169550213,210.00008998959544,0.1300171047099476,2.0220295411901985e-06,-0.1552589504808633,-0.0243920061776422,0.0212559908747708,3.627171040495447,14.434704694107298,44.65747270419409,9.678488564776542
1.61,31.22213101566695,131.01057813474597,37.71701555782655,-2.369545268578062,2.731420223358407,13.201946331742043,-1.6067818194909629,0.0624034385982363,198.60469217811743,44.201896376938,24.696393832317728,52.300614330897815,-14.395791489944278,103.59037512773492,1192.3895464382535,1.274,1.0199415818075563,0.0,3.257740853993849,210.00008998959544,0.1299487483241109,2.0755529404118546e-06,-0.1470174074849241,-0.0149294753522335,0.0201162938688082,3.615404077653634,14.421255760023328,44.63078436747684,13.29951235763149
1.62,31.222130103900376,131.01058048509884,38.07812481682268,-2.361988888883217,2.694796767989282,23.932011756866903,-2.010316371936963,0.4147239277882236,295.2437695369254,44.351613989327966,24.84028522312303,52.21689811754183,-14.379454528430992,103.61103436819828,1200.4391330376693,1.274,1.0199044935167498,0.0,3.263054930825059,210.00008998959544,0.1303894332668724,2.129573987184618e-06,-0.1387692445990111,-0.0055541926003375,0.0190513560397079,3.582848905235789,14.346970309263694,44.77475562952404,24.019878321556366
1.63,31.22212918487501,131.01058287358634,38.44294338953468,-2.3425795271774144,2.644856866930938,5.197668458808344,-2.414335807434387,0.7521571448628814,124.79374979392456,44.64337498366008,25.070108720446537,52.139088821859055,-14.358008175293124,103.63818441526296,1216.2422948392668,1.274,1.0198508909558723,0.0,3.2682407991981064,210.00008998959544,0.131247722735979,2.183994856404091e-06,-0.1304978229352327,0.0037509192882148,0.0180330132827892,3.532569579934466,14.223071702265251,45.058680597696586,5.780182970228472
1.64,31.22212826066717,131.01058528991663,38.81013237570564,-2.335810765432263,2.60977000671885,34.240111165722595,-2.8088977957675847,1.1297478087307786,387.31720250059215,44.60049279816308,25.098250325450955,52.06718490839821,-14.331534024477468,103.6717334385468,1213.8640663493363,1.274,1.0197952888626935,0.0,3.273431590048905,210.00008998959544,0.1311221962672888,2.238722352077176e-06,-0.1221911636965608,0.0129977373965904,0.0168683324718083,3.50187624710587,14.198172509353402,45.010292774615394,34.37370287850061
1.65,31.222127340974733,131.0105876864611,39.17368609009991,-2.297865759709064,2.5393399775804744,10.198467606446783,-3.214393670768662,1.4504210108695568,168.92813061136275,45.08538698735386,25.44566652876236,52.00119217338796,-14.300101468807652,103.71160326327268,1240.3583455725736,1.274,1.0197593008024797,0.0,3.2786305710015244,210.00008998959544,0.1325482938049913,2.293781659655408e-06,-0.1139293526306953,0.0220979670750076,0.0158982365437838,3.4241753091915594,14.005346980232597,45.48413500832433,10.790958683045446
1.66,31.22212640630988,131.01059015851783,39.54560040586244,-2.280956560402028,2.493125469592241,8.506870668405261,-3.5997961826610334,1.824644992406376,152.94843822909812,45.06476680614755,25.487302675696814,51.941058663098126,-14.263822394919924,103.75766012465805,1239.1797437473017,1.274,1.0196919392499948,0.0,3.283719226966777,210.00008998959544,0.1324882279725991,2.348980536957532e-06,-0.1056293123446162,0.0311387262484076,0.0147327419973735,3.378631828759911,13.962348691835636,45.45626246867783,9.415663039530907
1.67,31.22212547996809,131.0105925921719,39.911549158808846,-2.254862594459857,2.4367125109408208,40.58087561876943,-3.9799628361880495,2.1854695969502247,442.8656393053132,45.13827537469775,25.585885214568112,51.88678984519484,-14.222756213228848,103.80983500839882,1243.1819661597472,1.274,1.0196499065833502,0.0,3.2888942096074025,210.00008998959544,0.1327048878203688,2.404389997600355e-06,-0.0974018130822174,0.0400007636670577,0.0136068856287346,3.3194739236031308,13.88526669644106,45.52091790977976,40.83410152706518
1.68,31.22212454809804,131.01059505495337,40.28002286415145,-2.20100496401889,2.350104038441096,0.888702187653598,-4.382665012946691,2.5058668364513434,82.94219117406084,45.7000395305116,25.98154876204961,51.83831222320702,-14.177021543186603,103.86798211277868,1274.2732102736802,1.274,1.0195989728578725,0.0,3.29395106567157,210.00008998959544,0.134357012887938,2.459927493559384e-06,-0.0892466569550183,0.0486831253104242,0.0126223403855088,3.219424563642305,13.658632222689274,46.06908950778261,5.126101130105996
1.69,31.22212360279349,131.01059758479224,40.655738236942,-2.178949960777554,2.2985532459693734,25.66699544543751,-4.733229178256047,2.8836472215543334,306.6578325240348,45.50675103945124,25.917834982805736,51.795551601514646,-14.126732528196996,103.93195964037145,1263.4713032503075,1.274,1.0195388727265873,0.0,3.298990806404442,210.00008998959544,0.1337893168535018,2.515399817923949e-06,-0.0810908598334726,0.0572593906467578,0.0114199291927319,3.1668000235655134,13.650115890404017,45.867710099615664,26.258589736472565
1.7,31.222122670946728,131.01060005171496,41.02246910307833,-2.1260558283125497,2.213763223525562,13.44291689440108,-5.1122863189347445,3.215993828153211,195.56094491494264,45.88228274381946,26.200636526737544,51.75848386735306,-14.07195942982659,104.00167995919176,1284.364968757082,1.274,1.0195034752811478,0.0,3.3041077018234937,210.00008998959544,0.1348939341515086,2.570956237752471e-06,-0.0730887466059023,0.065569685264484,0.010377575518124,3.06897560697278,13.470630414609351,46.22993334419711,14.737370943939114
1.71,31.222121722386586,131.01060260092547,41.39833727578836,-2.083226983285817,2.1402984682509016,8.285821897577488,-5.460127774721644,3.5648852224997296,148.3828098342142,45.95055983773721,26.29612464611136,51.72697653353544,-14.01285337243394,104.07695118223216,1288.1437955931383,1.274,1.019440158853484,0.0,3.3090469338105,210.00008998959544,0.1350952420859642,2.6263779432923764e-06,-0.0651559416025264,0.0736976306406893,0.0092646606817241,2.9864181234035465,13.37606346473203,46.28667895127912,10.5440147232569
1.72,31.22212077893517,131.0106051274613,41.770253932048526,-2.0369497272556862,2.063305124308452,31.883393843141672,-5.793956447086622,3.907264281800893,361.44531326295765,46.00222767554463,26.381309749970946,51.70095505001314,-13.949517194699,104.15764135550477,1290.9961206873145,1.274,1.0193972980578831,0.0,3.3140813601586245,210.00008998959544,0.1352477140621178,2.681691883598628e-06,-0.0573630626532176,0.0815717659856981,0.0081654544066876,2.899068529732973,13.281442633905868,46.32626084021671,32.64027341238823
1.73,31.222119832486683,131.0106076701132,42.14306081069766,-1.970527330690782,1.9658146713709448,5.847861903766176,-6.152995351526135,4.22750185860553,125.55469085976384,46.43280538621583,26.69824901454386,51.68029550012458,-13.88208777778351,104.24357393223067,1315.2293758706148,1.274,1.0193490180016624,0.0,3.3190265550225715,210.00008998959544,0.1365141979899208,2.7368457167770884e-06,-0.049730200903564,0.0891710115861542,0.0071449425933831,2.783142360588449,13.076796744261248,46.74153425323426,9.483069788097902
1.74,31.222118874651407,131.01061026811712,42.52163031218298,-1.9217868531156963,1.8868061142448287,25.75090332795144,-6.450245183871564,4.561859261939578,305.1359513924,46.355145155385706,26.7040961256618,51.66485972113996,-13.810709918182098,104.33456108692369,1310.785850487527,1.274,1.019287185688994,0.0,3.323938346193535,210.00008998959544,0.1362864564537309,2.791665508629461e-06,-0.0422110042513572,0.0965384127618884,0.0060542651529778,2.69294759919912,13.009667350936102,46.65147040168348,26.935575825723546
1.75,31.22211792537952,131.0106128274374,42.894283233716045,-1.8519243436623984,1.78662502157806,16.8627542656968,-6.779056199684919,4.873952391498096,224.4765664159356,46.705456604555465,26.971920140885235,51.654541024078966,-13.73550308539391,104.4304461238914,1330.6245940131416,1.274,1.019252468535406,0.0,3.328907806466113,210.00008998959544,0.1373169674267151,2.8462465437559506e-06,-0.0349055210383755,0.1035772529559112,0.0050441036552772,2.573041196208481,12.82152034519451,46.98605352856301,18.816575041658144
1.76,31.222116962290382,131.010615452756,43.27402843783671,-1.7879134214395564,1.6927993143020612,5.452112240892771,-7.069361658848153,5.185270524225574,120.98906246482512,46.8229201200632,27.09699141479368,51.64916402537439,-13.656634884011108,104.53101013275636,1337.277211131198,1.274,1.0191936262454135,0.0,3.3337380115451247,210.00008998959544,0.1376629077081493,2.9003989820645927e-06,-0.0277629956826823,0.1103329948739313,0.0040218996252122,2.4619654120137437,12.69370290589892,47.08878573149307,10.324167402763656
1.77,31.22211600199342,131.01061806634195,43.65121464332326,-1.7250547874055036,1.6002354279852424,33.26314019718533,-7.327931326693,5.487631575927639,372.098451184325,46.81357639262478,27.14405969390178,51.648587774345565,-13.574247538258868,104.63606565245315,1336.6950937372324,1.274,1.0191481207359632,0.0,3.3386448833900366,210.00008998959544,0.1376360225493646,2.9541355292681662e-06,-0.0208359403499494,0.116756023151127,0.003017696727615,2.352826724641964,12.595964950053943,47.06490810765792,34.49998802346826
1.78,31.222115041183866,131.01062068369498,44.027773960630654,-1.6419632305691598,1.4887328052480235,4.907512107117692,-7.6309128079628,5.775290399233248,115.66250100416036,47.27788669910166,27.481587979609568,51.65263570048811,-13.488507485892612,104.74539370427163,1363.292694974985,1.274,1.019103442137101,0.0,3.343470702520221,210.00008998959544,0.1390017265339256,3.007441491040733e-06,-0.0141589627861472,0.122814119902729,0.0020709253572573,2.2162494958139005,12.371565270269,47.51170998899794,10.754928384685467
1.79,31.222114066223217,131.01062336668383,44.411397807440046,-1.5754448631106563,1.393213488606725,23.12501570519285,-7.844615831241939,6.056055089312596,280.0250182204488,47.17812197126842,27.47274380145096,51.661108092400106,-13.39959688653806,104.8587547652839,1357.4951409436835,1.274,1.0190394627332136,0.0,3.348260646592048,210.00008998959544,0.1387090089960201,3.060103254501799e-06,-0.0076808327883468,0.1285501847173223,0.0011210059015671,2.1029933690396034,12.290753591720131,47.39694586860414,25.159096807118825
1.8,31.222113101605352,131.01062600374715,44.78822915849712,-1.4921748139332796,1.2824942251897005,15.63956975311196,-8.0961951707085,6.324090066102046,212.30156236291745,47.49303393371964,27.71819002705953,51.67383985845681,-13.30767561750739,104.97593723296409,1375.628252495564,1.274,1.0190060176822393,0.0,3.353106236474132,210.00008998959544,0.1396354798186736,3.112249885673924e-06,-0.0014947540067757,0.1338831220293265,0.0002196053178193,1.967487031747964,12.101639856321972,47.69447083348308,18.71199170235036
1.81,31.22211212295264,131.01062870495485,45.17196005910655,-1.4127192030207427,1.1757770638732312,8.577638231850559,-8.302109158720473,6.579449735470469,148.38280983421114,47.6046555219857,27.838607709817005,51.690604014341424,-13.212944876023055,105.09667669298778,1382.051088560344,1.274,1.0189412567677756,0.0,3.3578257099018485,210.00008998959544,0.1399642676754217,3.1636876911208625e-06,0.0044382924069525,0.1388434311328407,-0.0006535706413797,1.8379192252053156,11.962221511534583,47.789333188779935,13.630482491144514
1.82,31.22211114672761,131.0106313959479,45.55334880671478,-1.332484088585275,1.068592660848455,33.52804141282254,-8.478302729867774,6.81943783722696,373.6203323159791,47.6478137291704,27.916690521992173,51.711199966496416,-13.115591259934076,105.22072716255654,1384.507403996992,1.274,1.0188974073925765,0.0,3.3626108389015616,210.00008998959544,0.1400917620028546,3.214427512074749e-06,0.0100781462744936,0.1433974359726098,-0.0014853709130138,1.7079807505470008,11.837554166677297,47.81565814093481,35.24933915089798
1.83,31.222110168545736,131.0106340964115,45.934850369895706,-1.2388085555187136,0.9506480983117253,3.270495843503016,-8.696688825830766,7.053477947572698,100.4437496878242,48.100391652730536,28.245862931574607,51.73540125491053,-13.015819292105387,105.34781990886336,1410.881791955813,1.274,1.0188490462400648,0.0,3.3673152374300392,210.00008998959544,0.1414230185383564,3.26444123742135e-06,0.0154027962232007,0.1475268216829161,-0.0022916249364059,1.561485706477041,11.612782475117124,48.24971225546162,11.665337146974988
1.84,31.22210917695236,131.01063685605666,46.32267991512501,-1.1579767701932937,0.8435568548394661,27.638277907755903,-8.807110287245965,7.260475986979654,320.3547027087523,47.97466278593382,28.21969559427316,51.76296779320548,-12.913844246007724,105.4776727342606,1403.4633577882628,1.274,1.018789729565498,0.0,3.37201137455015,210.00008998959544,0.1410539727498241,3.313527551789312e-06,0.0204429247378154,0.1512515865481613,-0.0030334310705584,1.4326204931603186,11.52526491309516,48.10716359985496,29.902409750312263
1.85,31.222108196188795,131.01063956901064,46.70362417104412,-1.062643845479056,0.725548916097214,10.34417791877107,-8.976452665377836,7.464963467881075,164.3625022164291,48.365683525893246,28.51035514243463,51.79368015268511,-12.8098740358973,105.61001306248168,1426.382418046168,1.274,1.0187549487161311,0.0,3.376725047047596,210.00008998959544,0.1422042543438955,3.361839544219932e-06,0.0251249580418591,0.1545186682489044,-0.0037584254978883,1.2866906430500082,11.315368091824158,48.47964943719442,15.598217809921712
1.86,31.222107198199566,131.0106423565988,47.09286045288994,-0.9741372712407248,0.61321778313486,9.835049943492146,-9.064596095573329,7.642287053145599,159.79687382143976,48.37570200930373,28.566878937841167,51.82727242748272,-12.704144533442015,105.74453331968292,1426.9200239276115,1.274,1.0186925110645255,0.0,3.381345885850568,210.00008998959544,0.1422343356611768,3.409138942950499e-06,0.0294862256786668,0.1573502154880621,-0.0044115732093378,1.15106178760436,11.193675133925106,48.47202419450152,15.404533786179476
1.87,31.22210620714976,131.01064511455283,47.47734829888331,-0.8820907554318309,0.4987253282429727,30.233488634608097,-9.1426844732596,7.804192122700447,343.94375574917825,48.46471858405003,28.671508818421124,51.863503499447205,-12.596884718357876,105.88093520456016,1432.1233133417422,1.274,1.0186550082889374,0.0,3.38601632427032,210.00008998959544,0.1424966809724458,3.455511538210055e-06,0.0334805585063628,0.1597166122359396,-0.0050182161852276,1.0133071609931108,11.053318252562176,48.54305718616856,32.53548722678944
1.88,31.222105210216647,131.01064789768876,47.86396245033774,-0.7833537268429182,0.3808068304213668,2.1244112307347014,-9.24857990094308,7.961070762427629,90.55156683224682,48.862417309074665,28.964992528062083,51.90210424658745,-12.488340389752084,106.01889983076742,1455.6695064051687,1.274,1.0186062845340045,0.0,3.39061316418051,210.00008998959544,0.1436666277680267,3.500881852630043e-06,0.0371044311821238,0.1616148843432964,-0.0056068064923255,0.8710039424009367,10.844979940751273,48.922233865729964,12.38660570720567
1.89,31.22210420236247,131.01065072633637,48.25528446820344,-0.6919731915270426,0.2675867061255782,26.41273111025216,-9.246138232296213,8.078346275630485,309.70156478730127,48.73679591620503,28.937371981502658,51.942804667433016,-12.37876257136955,106.15810251331976,1448.1398431058014,1.274,1.0185473174752795,0.0,3.395192978781331,210.00008998959544,0.1432979054289377,3.5450808800583854e-06,0.0403689176088824,0.1630468072650966,-0.0060841874640388,0.7419070438752003,10.752202638041563,48.77882818491557,29.127016933805717
1.9,31.222103204290008,131.01065351416705,48.640446186666935,-0.5923055558307583,0.1509814772915088,11.280724985163875,-9.30299099191324,8.198670570834286,173.49375900627157,49.11626832438485,29.218724714371167,51.98534263064584,-12.268406685342688,106.29821386420484,1470.7240851210058,1.274,1.0185161666180835,0.0,3.3998057221192,210.00008998959544,0.1444142736451053,3.5882607575949126e-06,0.0432305027687311,0.1639945095789353,-0.0065659577100476,0.6112450129989534,10.551015087958554,49.13998441193225,16.76360929858435
1.91,31.2221021889116,131.01065637304782,49.03357240640204,-0.4964634049894963,0.0367773446450894,9.49009011575648,-9.279020079299512,8.284182634517245,157.51406662397366,49.14762184541984,29.28653203523937,52.02943124481661,-12.157538378182709,106.43889265112192,1472.5467292565038,1.274,1.0184511448030602,0.0,3.40431014429048,210.00008998959544,0.1445071023855314,3.6301821856714494e-06,0.0457094846178784,0.1644602332494456,-0.0069466410020255,0.4978237155080075,10.425603860476093,49.15339881681092,15.64575680365956
1.92,31.2221011797904,131.01065920578117,49.42239512937846,-0.3992946435273425,-0.0772284162096249,31.244240957686813,-9.239227481116712,8.351843018469582,353.8359376048111,49.22809117726583,29.38400490970409,52.07479673835023,-12.046429433223256,106.57979086451456,1477.3174667814128,1.274,1.018414130490209,0.0,3.4088804626897184,210.00008998959544,0.144744339129909,3.6709325177652e-06,0.0477804649451012,0.164438526576207,-0.0072729928611815,0.4066944111555705,10.290961783750674,49.21596016968849,33.63508881027335
1.93,31.2221001652294,131.01066206018493,49.81296943042226,-0.2994213806478653,-0.1896641225780871,0.4801577004039178,-9.229872851083968,8.416409540134076,76.85468964750788,49.64413566464368,29.686141499852223,52.121152282717325,-11.935356381711255,106.7205557202402,1502.3372827257576,1.274,1.0183639825866546,0.0,3.4133697089638253,210.00008998959544,0.1459682698736569,3.710453920246148e-06,0.0494399533469993,0.1639284253885823,-0.0075889116531812,0.354436616496297,10.090241609925584,49.61434334834663,12.50028214928343
1.94,31.222099138382543,131.0106649629228,50.20871414336174,-0.2031500292329399,-0.3022632496622976,27.229096756693394,-9.103697456843772,8.43159757093837,318.0718965112636,49.49030081350816,29.63968715598694,52.16821067264621,-11.824600891639372,106.8608291358051,1492.98418098026,1.274,1.0183069505354043,0.0,3.417849183060272,210.00008998959544,0.1455166006899999,3.7485667494497207e-06,0.0506911869449303,0.1629214453276265,-0.0077565666116957,0.3641876214460149,10.006458562958816,49.44282163350988,29.923115732980886
1.95,31.22209812288312,131.01066781986475,50.597646184265855,-0.1045208703875693,-0.4108497940710004,12.411744449136991,-9.042541249946236,8.454442290366838,184.9078219934788,49.89186770753238,29.931869152040875,52.21568714225525,-11.714456320494024,107.00023941217816,1517.2540623760283,1.274,1.018273988334325,0.0,3.422360078236492,210.00008998959544,0.1466979742575234,3.7854617720398375e-06,0.051516242758813,0.1614329679499721,-0.0079464779263333,0.4239362904859508,9.815066222494726,49.827332125852266,17.529875840085275
1.96,31.222097087965803,131.01067075242827,50.995270264954726,-0.0075335790649031,-0.5196250937655815,8.837551868883596,-8.899974899713465,8.437863585679686,152.94843822908177,49.937782086353806,30.006589964342087,52.26329058177019,-11.605207338195092,107.13842722372912,1519.9898480043137,1.274,1.0182128312312066,0.0,3.426761594088928,210.00008998959544,0.1468336364055957,3.820877349344861e-06,0.0519198940747855,0.1594448073942502,-0.0080158058309634,0.5196797007084585,9.696385838552878,49.85616068639574,15.116527979045879
1.97,31.22209605965853,131.01067365799784,51.388486669497645,0.0891007034245357,-0.6265553922907346,21.0581550404306,-8.737041585228628,8.40113775104187,263.2843857726507,50.004547619446605,30.09363575664532,52.310731934757406,-11.49715764891895,107.27501030820306,1523.999341877499,1.274,1.0181771561434128,0.0,3.431236110549244,210.00008998959544,0.1470306020390669,3.854919986059983e-06,0.0518958555475049,0.1569745880487894,-0.0080225033348752,0.6328588140338427,9.576322435601016,49.90613049012131,24.297343576630098
1.98,31.22209502621075,131.01067658256764,51.78318470623632,0.1844477623858731,-0.728687509236463,1.1666040244035627,-8.58060875267703,8.353248641711092,84.46406530566735,50.272836948941176,30.30295745726997,52.35772244182181,-11.390602331958329,107.40961863065549,1540.3382001279651,1.274,1.0181261660667749,0.0,3.435628452076916,210.00008998959544,0.147820123936992,3.887552814372348e-06,0.0514440603585752,0.1540269928926382,-0.0079950260828186,0.7516678979955631,9.422043735483957,50.15837806828201,12.031815091104104
1.99,31.22209398413309,131.01067953891655,52.18103469443575,0.2799814821139492,-0.8331060044846189,28.440567940914978,-8.347100095441647,8.266074199395772,330.24688556438457,50.18204261960739,30.293323114135525,52.40397537928317,-11.285837980809706,107.5418814151668,1534.7207378759426,1.274,1.01807432356272,0.0,3.4400133977564327,210.00008998959544,0.1475538190150968,3.918658853666708e-06,0.0505614110587896,0.1505941491123016,-0.0078433603012891,0.878891188062046,9.3377229196504,50.05118324569938,30.771219791796348
2.0,31.222092948693955,131.01068246879373,52.5745339078928,0.37144722008304,-0.9268714159460952,8.114709222770012,-8.163915458709118,8.182134660212254,147.6218847684594,50.600124158229846,30.592690820601607,52.44920284766277,-11.183171242831964,107.67141629690563,1560.3406790927088,1.274,1.0180381278087391,0.0,3.4444014406887784,210.00008998959544,0.1487837949217608,3.948363720741177e-06,0.0492565527184961,0.1467106490295113,-0.0077043111814503,0.9985247233750976,9.164732907529949,50.454537886707314,14.12251213435149
2.01,31.222091894918023,131.01068546638697,52.9758655257388,0.4641493718869859,-1.0248051237488427,12.402080434409372,-7.894322735866936,8.055679460433774,186.42968812502167,50.57734674999848,30.623679756843664,52.49312721947305,-11.082889246870444,107.79786667895569,1558.8761010761812,1.274,1.0179753184303997,0.0,3.4487173165120217,210.00008998959544,0.1487174945664759,3.976426250822737e-06,0.0475168523494314,0.1423421319184963,-0.0074285692049152,1.125005425213819,9.075255255407471,50.416379320615015,16.763827192167067
2.02,31.22209085000524,131.0106884292129,53.37177830356676,0.5538320357535718,-1.1166037262955328,18.121451197336828,-7.625829655219851,7.915885134678149,238.17343660066425,50.72083949030637,30.755264204692768,52.53546108993583,-10.985306624531264,107.92084215112956,1567.6743504707747,1.274,1.0179425917661091,0.0,3.4530892265917927,210.00008998959544,0.1491400870011085,4.003009586856152e-06,0.0453600626894124,0.1375371913814408,-0.0071112348116025,1.2463927841402882,8.960398522901745,50.54545488941533,21.194374463364316
2.03,31.222089795667447,131.01069142562818,53.77113841617341,0.6406343418651542,-1.2032670463397848,-0.5137613003064772,-7.342944277742829,7.7573357133445455,70.76718712094575,50.928988768173205,30.92562619034153,52.575933742635165,-10.89070879031489,108.03999009706408,1580.5069939032933,1.274,1.01788304359971,0.0,3.4573761962583167,210.00008998959544,0.1497528066563089,4.0280279442990754e-06,0.0427846365247544,0.1322917256248334,-0.0067347451964331,1.3631594207230613,8.8391959445374,50.73999391564095,10.693878562488893
2.04,31.22208873642813,131.01069443831705,54.17172065280855,0.7291705528674947,-1.2933167743955252,34.147125221822925,-7.001238023241737,7.566639071475169,382.7515591057644,50.82941992623219,30.90905070107601,52.61427408725282,-10.79938726405858,108.1549508925877,1574.2724706951994,1.274,1.0178369862639849,0.0,3.461674292062236,210.00008998959544,0.149460708164216,4.051434082654342e-06,0.0397915727778981,0.1266098344479362,-0.0062511195705489,1.4846776307303244,8.775052401345327,50.62628345387853,35.669279802246024
2.05,31.222087682396698,131.01069743034577,54.5687079258436,0.8064778858533928,-1.3643704056167347,2.554779748501446,-6.7105135850459305,7.376488913846112,98.92187555617508,51.343045681479374,31.26357418704341,52.650212931835256,-10.711633602168188,108.26536547312624,1606.187631043343,1.274,1.0177975522444118,0.0,3.4659565063546234,210.00008998959544,0.1509716691551789,4.073354214003492e-06,0.0364076077232624,0.1205426611923301,-0.0057770848502003,1.5848628460265246,8.612719285217072,51.12875113319177,10.294196463762177
2.06,31.222086606561035,131.0107004996221,54.97491432824198,0.8908887185314489,-1.4475984063052112,17.770804350892586,-6.325287414895094,7.144772970588023,235.89063040316208,51.209984672618205,31.226077833773665,52.683502446078734,-10.627707721671571,108.3709151056985,1597.8108163987074,1.274,1.0177373068522173,0.0,3.470179089408038,210.00008998959544,0.1505811006210445,4.093507905008476e-06,0.0325976416595739,0.1140276154052915,-0.0051589206228605,1.6997220259407142,8.562973038823959,50.98262063768658,20.170734467539308
2.07,31.22208554555976,131.01070351342557,55.3729760067765,0.9660588477813696,-1.5162826867320722,13.428023164859578,-5.963173443068989,6.904900706903932,197.08281104651235,51.46325250157114,31.422068911835467,52.71386875729658,-10.547912643685798,108.47122703422816,1613.592656392923,1.274,1.0177082340332797,0.0,3.4744660480367124,210.00008998959544,0.1513265057201733,4.112173000516514e-06,0.0284183075581138,0.1071644380266598,-0.0045195671347463,1.7978222930451626,8.45472285437619,51.22510317434977,16.23418915130445
2.08,31.22208446809908,131.0107065844236,55.777666766645744,1.0405682912332133,-1.5841586517180803,1.98260394518054,-5.567433708532887,6.6417319582002445,94.35625516127963,51.57559029222863,31.53242658970152,52.74108104701104,-10.47248674684662,108.5660100583553,1620.58184201148,1.274,1.0176484302529338,0.0,3.4786515623647927,210.00008998959544,0.1516575254907254,4.1291812489925e-06,0.0238493288215356,0.0999183877536894,-0.0038010613224259,1.8952744048041796,8.374772378003712,51.32678293628751,8.89042405664275
2.09,31.22208339194331,131.01070964862967,56.18060345692973,1.115026818436453,-1.6520125163679886,26.6043999899981,-5.142620039940889,6.358552765808329,315.7890593138982,51.538280366400166,31.55202391774312,52.76489344396344,-10.401691768607083,108.6549434761844,1618.175347490059,1.274,1.0176080203317914,0.0,3.4828680578243745,210.00008998959544,0.1515485056108955,4.1445941788304895e-06,0.0189132047241465,0.0923269350746563,-0.0030120538625163,1.9930091819447144,8.323612329841401,51.27881880098949,27.832927136371794
2.1,31.22208231609192,131.01071270982166,56.58227814387672,1.1767932498357787,-1.7016085123079032,1.6030978523469472,-4.7357356821864025,6.062036918306287,91.31249989798522,51.927476308555455,31.829016727656324,52.78507674498542,-10.335764663938487,108.7377375569966,1642.6437938746476,1.274,1.0175661763020758,0.0,3.4870576565796862,210.00008998959544,0.1526936303679241,4.1584903097044514e-06,0.0136385446919637,0.0844339993032321,-0.0021883468870254,2.0687935367907024,8.210651294546686,51.66022755857996,7.857824557384906
2.11,31.222081224067097,131.01071582577563,56.99032614466252,1.24610226753507,-1.7620391670691995,22.005981937269823,-4.275625948943352,5.7443083568891815,274.698448759826,51.81903191542692,31.80508019655981,52.80142224962734,-10.274912824391771,108.8141393247182,1635.7258630431484,1.274,1.0175103157650212,0.0,3.491189355161556,210.00008998959544,0.1523754499468714,4.170686602008331e-06,0.0079941050917513,0.0761926493252994,-0.0012799500804897,2.1580230117903474,8.180632098983013,51.542295076708974,23.141765204446923
2.12,31.22208014308733,131.01071890083725,57.39212520486458,1.3014027090481095,-1.8031773247098155,8.774446926661804,-3.8304685653580255,5.410875720078474,155.99218549238682,52.1415219243132,32.041129269405786,52.81369833403037,-10.219372789436772,108.88385856504496,1656.0847686329892,1.274,1.0174791757246142,0.0,3.4953861558058925,210.00008998959544,0.1533244374191066,4.1814221179392486e-06,0.0020483769485994,0.0677048131182591,-0.0003299975327341,2.223631773093048,8.08934640885115,51.85832624631893,10.997317143609868
2.13,31.22207904440464,131.0107220354874,57.80095986418615,1.3600972175769868,-1.849008140278097,5.549351027154759,-3.3535145996385767,5.062201818311804,127.07656399147704,52.16386684300016,32.09568035457265,52.82172203733937,-10.169312469104067,108.94669058820132,1657.439343460932,1.274,1.0174167272994823,0.0,3.4994664258356845,210.00008998959544,0.1533908518572437,4.190523205391036e-06,-0.0042317927239087,0.0589218814852732,0.0006820154405415,2.2952240204083445,8.049397175363112,51.87347573356417,8.226010226220971
2.14,31.222077951454448,131.01072514790883,58.20601670413757,1.414427590945848,-1.8890565946075577,21.216806711538464,-2.868123203677268,4.700265904243684,267.84999916738246,52.204126160234864,32.16083463000462,52.82528586827539,-10.124928649166131,109.0023934541852,1659.9340717264104,1.274,1.0173854188232476,0.0,3.503618142364202,210.00008998959544,0.1535099389252826,4.198146568622264e-06,-0.0107950497709765,0.0499175836547808,0.0017410554831438,2.3597489769873548,8.01170773688187,51.90744760119865,21.919660520109595
2.15,31.22207685361369,131.0107282750738,58.61219011465665,1.4576408949441515,-1.914547990409768,-2.0971645369985112,-2.3810057460038534,4.318831814324169,58.59218706787394,52.49540692923918,32.37731700916095,52.824217986629336,-10.086366756965504,109.05078868334384,1678.4439170947196,1.274,1.0173355678413605,0.0,3.5076881746345223,210.00008998959544,0.1543671788081026,4.204317579699811e-06,-0.0176241085089468,0.0407149535773145,0.0028582133235261,2.406121379406703,7.941837999620665,52.19472639675875,5.359066681630874
2.16,31.222075745031248,131.01073143690687,59.02213164581352,1.50850438757091,-1.9499677523768872,28.16333932815849,-1.872908580474841,3.936217515288953,330.2468855644542,52.359108555613226,32.335469586796464,52.81835754149269,-10.053753363476323,109.0917202331522,1669.6736542724116,1.274,1.0172814105577237,0.0,3.5117602639512087,210.00008998959544,0.1539670947531912,4.208951101305126e-06,-0.0247343998570624,0.0312935380721786,0.0040007616766206,2.465173631576317,7.940603947995225,52.052867463605175,28.498689039874844
2.17,31.222074645763843,131.01073456443407,59.426697291901775,1.538460750126543,-1.9588921746516288,5.941449211392701,-1.3681479809208652,3.5223298041751328,130.8812523204303,52.79284659847684,32.637670799484894,52.80753167388066,-10.027223715604675,109.12501978040731,1697.385064406638,1.274,1.0172441606949043,0.0,3.5158378813523874,210.00008998959544,0.155243253331166,4.2122816771556735e-06,-0.0320485866150833,0.021756871775049,0.0052265622978498,2.4906219525624382,7.860416288002958,52.4852044769953,7.041267987986057
2.18,31.222073524829334,131.01073776388523,59.83998042212589,1.577957220622454,-1.979889654352396,17.475969025149297,-0.8494451628527205,3.1153990048660334,234.36874927164385,52.74245613147363,32.647346084751035,52.79162036362269,-10.006841282040444,109.15060772240652,1694.0790163190347,1.274,1.0171857200095027,0.0,3.5198421262152904,210.00008998959544,0.1550957984618674,4.214089085472832e-06,-0.0396253882448756,0.0120273453479886,0.0064557811082229,2.5315846481849698,7.856330509387016,52.43151768180902,17.771796797515773
2.19,31.22207241497344,131.01074092305282,60.247101555089,1.6043018356041887,-1.984754172526528,8.482300021530278,-0.3270673685398341,2.685699331373468,153.7093792949252,52.975984816468646,32.828452775567605,52.77046112170934,-9.992714135071672,109.16834678245752,1709.047145181448,1.274,1.0171571518962312,0.0,3.5239127415696028,210.00008998959544,0.1557832351032539,4.2146392182562885e-06,-0.0473759021980127,0.0022211584484289,0.0077523692668215,2.551862826668826,7.81583933208042,52.66428270736398,8.903334634694803
2.2,31.222071291109668,131.01074412773252,60.65943992096463,1.6317550305847643,-1.9909663153407025,-0.419945108319096,0.1976993836552209,2.257660549895501,73.81094238433616,53.01715608458474,32.89322008270626,52.743951895398126,-9.984869942813614,109.17819908958802,1711.63676334988,1.274,1.0170998557786803,0.0,3.5278908909860647,210.00008998959544,0.1559050309764875,4.213854464427953e-06,-0.055318402795833,-0.0076858522383536,0.009058718491657,2.5740045666990308,7.808160403959794,52.704478761607184,2.3048796278446404
2.21,31.22207016994137,131.0107473208533,61.06943073318127,1.6573231190893054,-1.994875431142258,19.517231836112188,0.7191692711005953,1.8307914561041416,252.6312628509942,52.96990403186288,32.90441440759798,52.71197624212312,-9.983345966789807,109.1801129434953,1708.5197565075134,1.274,1.017063911157005,0.0,3.531913699741525,210.00008998959544,0.1557668003897147,4.211875470559441e-06,-0.0634031895891344,-0.0176304607632424,0.0103729880772679,2.5932870775444385,7.81787198831362,52.65661303782627,19.616099009252334
2.22,31.222069047870008,131.0107505147471,61.47871078875768,1.667206491934816,-1.980143030327682,-0.6775785127554276,1.2509025091832728,1.3727548298242362,71.52812818679516,53.265892395700256,33.12332962401231,52.67445053222199,-9.988132929252805,109.17409340568804,1727.5990637516177,1.274,1.0170180468140015,0.0,3.535868799033614,210.00008998959544,0.1566379273949691,4.208806151136673e-06,-0.0715927256680011,-0.0275668022045431,0.0117778116049539,2.588327088913692,7.78309417778078,52.95491416959369,1.976948545419084
2.23,31.222067912583967,131.0107537513004,61.89282060367233,1.685044870899028,-1.97475913685171,29.79074077321671,1.7655233426256816,0.9426764365616483,344.70468081503674,53.15972207789304,33.098673512673074,52.63131531762903,-9.99918635582053,109.16018806780032,1720.650476752341,1.274,1.0169650895945912,0.0,3.539817041784642,210.00008998959544,0.1563264456547656,4.204548967532178e-06,-0.0799164964216789,-0.0375307085667668,0.013120438405901,2.5957514143787828,7.810519948450963,52.84958904816823,29.85789589630189
2.24,31.22206678647624,131.0107569543016,62.301682943601136,1.6800817760766582,-1.9431436265558817,6.953548035114338,2.3057967102778805,0.4580279388526294,140.0125091101185,53.611007593263466,33.412030826966046,52.58248927754651,-10.01647830080006,109.13842193977244,1749.9197161710604,1.274,1.0169319352936617,0.0,3.54376965021944,210.00008998959544,0.1576542660359118,4.199356766665586e-06,-0.088288966146884,-0.0474187112378954,0.0146174810476499,2.568540361993961,7.763047734688589,53.30583781386967,7.340185170589387
2.25,31.22206563861512,131.01076022912628,62.71920773231244,1.6859860710074928,-1.924056661989564,8.742109696949026,2.815788001210106,0.016905948717818,155.99218549271424,53.56793051543725,33.42554388169519,52.52794829187641,-10.039909530208728,109.10890814464234,1747.0385566386426,1.274,1.016872468923552,0.0,3.5476635627845474,210.00008998959544,0.157528331837843,4.19304185656835e-06,-0.0967711579877008,-0.0573037036248901,0.0160083109879031,2.558021583506969,7.790397710965372,53.26575720225509,9.184412329177684
2.26,31.2220645019127,131.01076346366483,63.13060788628566,1.6825023961014511,-1.8944357349576355,16.72031275548769,3.326833622988207,-0.4378545875832435,227.5203136789536,53.66577882896628,33.5246765683354,52.46762487841274,-10.069420762712136,109.07170774507216,1753.35739191362,1.274,1.0168442492719274,0.0,3.5516139655149046,210.00008998959544,0.1578168097336503,4.185903871060939e-06,-0.1052624324408281,-0.067066581167372,0.0174440919491531,2.533509295075912,7.802090995030108,53.36825577705504,17.05369160141689
2.27,31.22206335581597,131.0107667280438,63.54512102740409,1.6705782355627143,-1.8554471471652447,-4.762634566690529,3.840008258000107,-0.9058406864576216,35.003127027626924,53.8742877983158,33.69129611971477,52.40151900709965,-10.104872587132071,109.0269813004308,1766.9381697954243,1.274,1.0167983806798395,0.0,3.55548208029636,210.00008998959544,0.1584307210098387,4.177958261295385e-06,-0.1137583326904099,-0.076703060799103,0.0189245247626741,2.496505567869498,7.802550073105091,53.58288578050647,6.18456940995786
2.28,31.22206220355336,131.01077001135658,63.961296601735526,1.665364541748252,-1.82381427826206,17.998940951547272,4.3104489159397374,-1.3255715537655963,238.93437766649944,53.721085534809966,33.63768142409567,52.32963226949058,-10.146118063474864,108.97489744987548,1756.8328831879624,1.274,1.0167504353495855,0.0,3.5593711006787845,210.00008998959544,0.1579809343260494,4.169231566012114e-06,-0.1222514119660118,-0.0862040925952289,0.0202787653105482,2.4695750109764374,7.858464134035849,53.434649835379545,18.555295340639663
2.29,31.22206105897847,131.01077326617468,64.37292791514616,1.641166614027367,-1.7716225531875711,14.081982988154476,4.812095460805992,-1.7998974834752448,203.9312616385213,54.01636482300293,33.857767019851885,52.25197019423959,-10.19299997318498,108.9156365110653,1776.1286209450395,1.274,1.0167229609710744,0.0,3.563234212785637,210.00008998959544,0.1588500190298819,4.159974980305582e-06,-0.1306613327467169,-0.095479363489985,0.0217920504652422,2.41479105536256,7.854862449685636,53.738123345195866,14.989934574693853
2.3,31.22205989756204,131.0107765767937,64.79101982312221,1.6176599946988623,-1.7203047948814791,-5.4575933590375065,5.28609397903299,-2.248061508522864,28.91562550103648,54.13933211195333,33.9729542838656,52.168591897776224,-10.245301780956035,108.84945276680612,1784.1527582317017,1.274,1.0166796046015631,0.0,3.567055143201821,210.00008998959544,0.1592123901216306,4.15006763537182e-06,-0.1390304905401767,-0.1045762381731193,0.0232397338696893,2.3612467049166272,7.879894555915165,53.86914786611118,7.923502721264202
2.31,31.222058738395862,131.0107798777166,65.20701511601182,1.5979298576019565,-1.6729229129092122,6.775382680525225,5.712191187444604,-2.647012253468149,138.49062797897935,53.98914403408565,33.92105184911189,52.07952685322849,-10.302832657180236,108.77656704798343,1774.1966815864555,1.274,1.0166292836524051,0.0,3.570896944738306,210.00008998959544,0.1587714645972284,4.139674584009536e-06,-0.1473076888802181,-0.113437932807373,0.0245540247860609,2.313293154284382,7.947797762637749,53.72639925384171,9.248870877003933
2.32,31.222057583363068,131.01078316231548,65.62007452598398,1.5650813866755886,-1.6118541672597912,20.86788662655597,6.154564990465427,-3.079665739473648,264.8062669041958,54.12002728474003,34.041569653966405,51.984838583224885,-10.365364523095288,108.6972466579606,1782.738506360345,1.274,1.016597384215922,0.0,3.574709138426623,210.00008998959544,0.159157109089704,4.1290114776883005e-06,-0.1554287994306369,-0.1219957989267944,0.0259694698657858,2.246532294289852,7.979484605340027,53.86687121936527,21.973431765373928
2.33,31.22205641784309,131.01078648141296,66.03676421087278,1.5233829949824345,-1.5419047074079055,7.851829344152493,6.602309803053187,-3.5305552355666365,148.38280983394353,54.40115706780799,34.254874299469684,51.8846334513064,-10.4326264913867,108.61181283329432,1801.2355354345275,1.274,1.016567734926667,0.0,3.578475882662223,210.00008998959544,0.1599846133982316,4.118040538802384e-06,-0.1634103537903746,-0.1302677709167222,0.0274437777199286,2.167396039529506,7.993476415439872,54.15898447620281,10.849264447720563
2.34,31.222055245416527,131.010789822917,66.45548717415605,1.4851103054683985,-1.475540789305728,-2.694583394733377,6.996275476880404,-3.926882050303517,54.0265626730437,54.41695617726408,34.30528395728898,51.77900640553158,-10.504357698561916,108.52057394730252,1802.2093568277528,1.274,1.016528067157413,0.0,3.5822457417089604,210.00008998959544,0.1600318328117441,4.106783720476565e-06,-0.1712481408160737,-0.1382487814447201,0.0287672808306587,2.0933909354301665,8.049232141405668,54.18520439110258,8.463394877740665
2.35,31.22205407648183,131.0107931504898,66.87157795763065,1.4452026325833327,-1.4075306571237307,8.599476633807022,7.354345156924752,-4.29225429362948,155.231260426872,54.33988818713485,34.298507759598955,51.66805521423829,-10.58029395274265,108.42384262684972,1797.0363223747422,1.274,1.016490420376218,0.0,3.5860339961386614,210.00008998959544,0.1598059388879486,4.095455073698885e-06,-0.1788811536797474,-0.1458760407830506,0.0300057616729701,2.017258786817847,8.122114570095372,54.11881602592042,12.102100560801675
2.36,31.222052906859776,131.01079647872626,67.28691821619951,1.3950750204772586,-1.32959336756396,11.30086715466116,7.724378425443523,-4.684985033824639,179.58125353265888,54.48500824777057,34.42934689488674,51.55191878783834,-10.66013498697114,108.32197778883013,1806.5753216934847,1.274,1.016462064341392,0.0,3.5897529782231987,210.00008998959544,0.1602334682433514,4.084190070429163e-06,-0.1862749305151569,-0.153115584232192,0.0313281980675343,1.927097157650432,8.16631078239979,54.276174954235735,14.468058103073739
2.37,31.222051728921496,131.01079983485727,67.70495156827636,1.3415617290251916,-1.248596418548484,4.141053162607379,8.070734866533073,-5.061554449258919,115.66250100401436,54.61441868551914,34.550970049101736,51.43075946613832,-10.74356291578536,108.21536155242796,1815.0943569105889,1.274,1.016433207789165,0.0,3.59346270744177,210.00008998959544,0.1606148062834847,4.072979188449546e-06,-0.1934360428845448,-0.1599738170876882,0.0326085317061987,1.832619973012878,8.216115770124265,54.418305141858966,10.387705041260363
2.38,31.222050549076112,131.0108031964207,68.122802727268,1.2874332522068928,-1.1671207106511503,-0.3820928444077623,8.373404612580737,-5.398250007272866,75.33281551589427,54.62323839052146,34.59806840270108,51.30473578153306,-10.830266298392011,108.10436876961954,1815.607699756804,1.274,1.0164037523122171,0.0,3.597174232592536,210.00008998959544,0.1606415022660316,4.061921771721103e-06,-0.2003398663692778,-0.1664266980013798,0.0337764424457247,1.7376495231639555,8.286843204064825,54.43992017631886,9.970005159916292
2.39,31.22204936937485,131.0108065560905,68.53955122319609,1.2304817515596251,-1.083075037960014,5.720907474768048,8.644699815830068,-5.710157325933988,130.1203112546363,54.60028096835329,34.62560895506447,51.174023485927776,-10.91992350193574,107.98938855277233,1814.009179539792,1.274,1.0163753192589244,0.0,3.600858792414319,210.00008998959544,0.160574742697662,4.0511642379564925e-06,-0.2069509291969524,-0.1724409944185207,0.0348749775729437,1.6391938644502355,8.36549717395923,54.43016207113431,11.834927711126372
2.4,31.22204818821524,131.01080991968615,68.95592650025823,1.1674378698202752,-0.9937457589580964,5.271917687607737,8.910324184883182,-6.028051711762082,126.31563092554283,54.69170917710803,34.72490910018565,51.03882286432645,-11.012198779645129,107.87082964603576,1820.0165198515533,1.274,1.01635122205293,0.0,3.604533629087536,210.00008998959544,0.160844381738233,4.040810320704341e-06,-0.2132467240607101,-0.1779965045957678,0.0359946666457263,1.5330704953152552,8.430064310900155,54.535619784365466,11.98016696980068
2.41,31.22204700198945,131.01081330052514,69.37357127996516,1.1021317361702636,-0.9025806401787256,1.421535021392924,9.14290471868878,-6.319145164498608,92.07344096372884,54.74619278435597,34.80156901120306,50.89935023717107,-11.106750713408749,107.7491099376478,1823.571277792452,1.274,1.0163266715490349,0.0,3.608160372677213,210.00008998959544,0.1610053737017023,4.030895433300133e-06,-0.2192209633613823,-0.1830878794603631,0.0370384544603744,1.4245159505605975,8.502942584631157,54.60442161269076,11.204689380883089
2.42,31.22204581480765,131.0108166838679,69.79063479497954,1.0350468496800471,-0.8100644833762095,1.0582107438373192,9.337516059265576,-6.577473938491347,89.0296857005307,54.7454931987341,34.843960191356224,50.755827336620655,-11.203241130200109,107.6246452327898,1823.4515473969548,1.274,1.0162999982283445,0.0,3.611796146668692,210.00008998959544,0.1610040747993007,4.021522308009849e-06,-0.2248517843914205,-0.1876961881979815,0.037987800360792,1.3143268478974015,8.58677365215775,54.61825280637901,11.47049168723591
2.43,31.22204462683569,131.0108200691589,70.20704747302928,0.9649054944946622,-0.7152112927970806,1.628899252541241,9.506407712736488,-6.817608612356185,94.3562551613016,54.75890382637883,34.89556657254059,50.60849172980044,-11.301328491663948,107.4978580188644,1824.271969296704,1.274,1.0162756610357788,0.0,3.615408113045522,210.00008998959544,0.161044272412916,4.0127990307500985e-06,-0.2301177111606815,-0.1918042449487042,0.0388854239702957,1.2010501433543792,8.670918792874991,54.646561616800014,11.811218716414425
2.44,31.22204343664416,131.01082346183367,70.62346705039474,0.8920526960302528,-0.6184299897528633,0.4975111403210305,9.648636850982946,-7.038302197472733,84.46406530577617,54.78300917259813,34.95431948963486,50.45759654161853,-11.400669827464764,107.36917523040164,1825.805335997216,1.274,1.0162536485446152,0.0,3.6189869307984734,210.00008998959544,0.1611159234110812,4.0047991019424175e-06,-0.2350052146022489,-0.1954018928150905,0.0397272076680562,1.0854412749389686,8.755637210688054,54.685868303190254,11.953301144028755
2.45,31.222042244631137,131.01082686062276,71.03972235211182,0.8172715416028543,-0.5204505553802748,-0.803687942434024,9.757854810674637,-7.231696955590344,73.05000131838571,54.78762505604614,35.00113137672844,50.30340530110012,-11.500925115393912,107.23902280061763,1826.039935967544,1.274,1.0162299790707638,0.0,3.6225658078448526,210.00008998959544,0.161130256330679,3.997594549132934e-06,-0.2395014564558169,-0.1984799950962297,0.0404890799937576,0.9689082424465332,8.845353648611564,54.70587399822167,12.172061685372558
2.46,31.22204105159964,131.01083026266764,71.45545558789553,0.7406561385215794,-0.4214016536355555,0.6176344594664093,9.834834493652282,-7.398449095561027,85.98593843730083,54.77870814653199,35.039716182857944,50.14619152102388,-11.601758382218629,107.10782441374876,1825.3726222588507,1.274,1.0162061278609396,0.0,3.626106315624249,210.00008998959544,0.1611047883439298,3.991267345865453e-06,-0.2435927658285483,-0.2010298516876755,0.0411723908120607,0.8521390600353987,8.938994360986998,54.71251512634376,12.322438511214447
2.47,31.22203985749776,131.01083366829909,71.87069811660723,0.6618148291073487,-0.321239880877124,1.6981775705327464,9.88791328614898,-7.548447351143808,95.87812829289147,54.79794168296866,35.09662283340668,49.986239178371406,-11.702838540370168,106.97600057410769,1826.581738732712,1.274,1.0161822309129516,0.0,3.6296337277695776,210.00008998959544,0.1611621103906622,3.985892741336571e-06,-0.247267633789158,-0.2030450149216674,0.0418065271088938,0.7356557207975444,9.029654363601638,54.7474817048478,12.555225749800437
2.48,31.22203866128333,131.01083708168431,72.28593604591873,0.5813240863654672,-0.2205141658128053,1.5880344017363146,9.913299861718723,-7.676868764053414,95.11718822713544,54.82660091117289,35.1600085164185,49.82384127896903,-11.803840945727591,106.84396670347854,1828.4198292384344,1.274,1.016159459563737,0.0,3.6331493340842953,210.00008998959544,0.1612471542943918,3.981523031077939e-06,-0.2505182539012524,-0.2045220368547198,0.042376582560348,0.6217415235725537,9.11998133735705,54.79196271251946,12.638420843995878
2.49,31.222037463412107,131.01084050128955,72.7009702347531,0.499640093727025,-0.1196082743384561,-0.5630109231868378,9.90765400160958,-7.779307119609655,76.0937485817288,54.84851894541097,35.219536670537735,49.65929743442837,-11.904449111467624,106.71213098554308,1829.8089889522355,1.274,1.0161385795567637,0.0,3.6366276121200647,210.00008998959544,0.1613123724229139,3.978215182328222e-06,-0.2533365533970539,-0.2054580270545253,0.0428687344780147,0.513756751695339,9.21233490960764,54.82973093525851,12.60936986436862
2.5,31.222036264142048,131.01084392628536,73.11569055821586,0.417243209783453,-0.0188969444787505,-2.7117705893495865,9.865993411614026,-7.849071936031942,57.07031393663212,54.839030247094655,35.259282846870505,49.49291394018205,-12.004355229375536,106.58089373830722,1829.1029913293207,1.274,1.016116623274014,0.0,3.640104183512576,210.00008998959544,0.1612852213129537,3.9760291020452e-06,-0.2557149612866457,-0.2058513025921167,0.0432619892910454,0.4176709043115132,9.310483030823724,54.83606192205098,12.89571463643163
2.51,31.222035064282785,131.01084735364648,73.52973189220147,0.3342190872400828,0.0814665499571013,0.7582695272959459,9.790703753139402,-7.888496489326845,88.26875263458975,54.80835350159409,35.2857066922475,49.32500331876415,-12.103260933723105,106.4506464344103,1826.984435412052,1.274,1.0160954085662492,0.0,3.643556648732726,210.00008998959544,0.1611957529729707,3.975030682192269e-06,-0.257646990278568,-0.2057026396006583,0.0435627330577776,0.3440045374138459,9.4125751029569,54.82115023302519,12.596079926702814
2.52,31.22203386388141,131.01085078330874,73.94307933326483,0.2501759536411972,0.1811521987170991,-0.3672360854445875,9.699360432895118,-7.919427902034707,78.37656277911502,54.84073754327457,35.35333436127478,49.15588337296425,-12.200878705734832,106.3217698460663,1829.0713523661627,1.274,1.0160750944361752,0.0,3.6469806726994087,210.00008998959544,0.1612917502232802,3.97527580109913e-06,-0.2591287436425103,-0.2050152842466125,0.0438374116541676,0.308875247193586,9.50419543394075,54.86919281669988,12.527162226345991
2.53,31.22203266073261,131.01085422426027,74.3567605676187,0.1661214969247413,0.2798502091755441,-0.2125508674409799,9.572479733092322,-7.916755331439256,79.89843691065904,54.83914015075493,35.399375505888266,48.98587536988353,-12.296932955774992,106.194632569955,1828.892044405257,1.274,1.0160553303537547,0.0,3.650398958353272,210.00008998959544,0.1612878059314808,3.976777175189008e-06,-0.2601589331152042,-0.2037921309475118,0.0440086585136785,0.3254416566218316,9.601256924308109,54.88309874403428,12.423870616260661
2.54,31.222031457460808,131.01085766619664,74.76957033397126,0.0820147066273854,0.377245892808495,-0.3958812546487696,9.41917306926431,-7.891512698698045,78.37656277918497,54.8457113332484,35.45114212503148,48.815302509790335,-12.39115917921916,106.06959204699136,1829.257752534496,1.274,1.0160347042149982,0.0,3.653787284800136,210.00008998959544,0.1613078847875263,3.979587159063185e-06,-0.2607359920045621,-0.202039832524664,0.0441098082157907,0.3860579989383435,9.69638532324399,54.90496855137057,12.294450616040102
2.55,31.222030252660986,131.01086111490585,75.18216577016753,-0.0018227969614121,0.473066029948629,0.3602236294234638,9.237697299299745,-7.84088422225937,85.22499837146472,54.84895393454726,35.501153556386555,48.64448955345004,-12.483306089996466,105.94699164464372,1829.401472280285,1.274,1.0160152182201088,0.0,3.657157587302175,210.00008998959544,0.1613181736372391,3.983733113561008e-06,-0.2608602665077964,-0.1997653806010119,0.0441316903316307,0.4730695416163308,9.791206855286948,54.92326212848344,12.122057492173544
2.56,31.22202904687405,131.01086456837794,75.59430372201447,-0.0851634738549773,0.5668888272943894,-1.8602278191902013,9.03178576214575,-7.769209918510009,65.44062566033742,54.864620348264985,35.55973026456524,48.47376156932054,-12.573135154337589,105.82716111610098,1830.374134200085,1.274,1.015995951017009,0.0,3.6605261399307696,210.00008998959544,0.1613650020310976,3.98924265413106e-06,-0.2605335043128807,-0.1969779110489546,0.0440872516340434,0.573249965654614,9.882643254003172,54.95366558419606,12.057952742918763
2.57,31.222027839614004,131.01086802877975,76.00621720040982,-0.1677322121123833,0.6589196757901713,-1.5220178511786866,8.79270570152411,-7.664035251882803,68.48437292351457,54.84332667656562,35.59440661931992,48.303442766414726,-12.660421283476824,105.7104155126955,1828.881178942648,1.274,1.0159765685571125,0.0,3.6638494820407472,210.00008998959544,0.1613031248452512,3.9961308550112685e-06,-0.2597585013592321,-0.1936871872276619,0.0439373058988492,0.6799323450156801,9.97910438588215,54.94682725571744,11.762892851464025
2.58,31.22202663233501,131.0108714902295,76.41723547120178,-0.2492885597750731,0.7483651279052015,-0.5846492465153715,8.531685394401798,-7.539636990098271,76.85468964740586,54.83830337144153,35.64015859336184,48.13385568103373,-12.744952548365118,105.5970553605922,1828.473892033884,1.274,1.0159575631625175,0.0,3.667169578786591,210.00008998959544,0.1612890994670579,4.004429887684945e-06,-0.2585408454329115,-0.1899077787584,0.0437256094977235,0.7887912376955241,10.07087540276468,54.9558529484287,11.400771743744283
2.59,31.2220254236818,131.0108749585092,76.82799596661475,-0.3295337706439742,0.8349444237098324,-1.942571339034488,8.248686078262276,-7.3954287516913775,64.67968559454185,54.8457046752008,35.69452607350135,47.965318881624974,-12.82653220077436,105.4873637358377,1828.8952426626845,1.274,1.0159393105168495,0.0,3.6704769096891865,210.00008998959544,0.1613116166228145,4.0141419524687565e-06,-0.2568862957587497,-0.1856524479009356,0.0434499318107761,0.8976174071962226,10.1582704214442,54.97685279673114,11.247522920461181
2.6,31.22202421389529,131.01087843280197,77.23839304190425,-0.4083736339676777,0.918941960503814,-0.8262610481561365,7.937946408778094,-7.222453309849718,74.57187544991756,54.82806504987711,35.73265149959522,47.798146929031965,-12.904976862203192,105.3816084297666,1827.6468696981065,1.274,1.0159203718184202,0.0,3.673745490486779,210.00008998959544,0.1612604828666187,4.025266119546514e-06,-0.2548017139140628,-0.180935254626057,0.0430817827088107,1.0055889079356393,10.24777913918531,54.97240592703486,10.76371368633021
2.61,31.222023003915893,131.01088190924511,77.64799240524161,-0.4853447764117428,0.9993729000660944,0.9747894970244968,7.609203668441661,-7.033655241194773,90.55156683212029,54.83393307464967,35.786772821128984,47.63264944645524,-12.9801165136654,105.28004170637676,1827.966095251832,1.274,1.01590052805617,0.0,3.677011179420647,210.00008998959544,0.1612784882833558,4.037813424350523e-06,-0.2522970834227215,-0.1757749592895344,0.0426611857305132,1.1109823834124215,10.330256956190745,54.99090624295128,10.407809619863443
2.62,31.22202179243532,131.0108853935565,78.05741092876576,-0.5601613427733197,1.0759674818741471,-2.244889367286812,7.262680164061682,-6.828898926063653,61.63593833134037,54.86116343027584,35.85556859709258,47.46912862723656,-13.051796239564489,105.18289766975894,1829.7100261322937,1.274,1.0158820703121532,0.0,3.6802604381058814,210.00008998959544,0.1613593250788001,4.051767308076329e-06,-0.2493811118473225,-0.1701870809244817,0.0421874003954523,1.213033332264524,10.405737281844647,55.030166073355616,10.218606166165996
2.63,31.22202057949292,131.01088888575796,78.46663566998703,-0.6332624609345787,1.149971481681937,-1.3705344283051537,6.886804362891184,-6.589666280235275,69.24531398935181,54.83099096416492,35.88627572700318,47.30788019209849,-13.119873688658492,105.0903953915988,1827.6260481704053,1.274,1.0158644480761785,0.0,3.683476792274194,210.00008998959544,0.1612713265634523,4.067107925399348e-06,-0.2460632650665721,-0.1641880116959518,0.0416015948428386,1.3127840273783142,10.488562382124906,55.011615934472566,9.629649040166345
2.64,31.222019367133875,131.0108923770804,78.87471240746393,-0.7036956258087582,1.2195495176385456,-1.685211869243012,6.497106235083053,-6.338105020888639,66.2015667258881,54.82987447844168,35.936776517223855,47.149192701839006,-13.184218800640949,105.00273899290524,1827.47989774308,1.274,1.0158471881384288,0.0,3.6866916240854017,210.00008998959544,0.1612687862707999,4.0838470578532736e-06,-0.2423599361442345,-0.1578045477891851,0.040973035463827,1.4079821639087378,10.562396420654473,55.02142640392655,9.231679355892208
2.65,31.22201815315192,131.01089587722907,79.28267854979885,-0.7716001725171696,1.2852536951045554,-2.335941774491671,6.088698193082789,-6.065732952878552,60.11406419968584,54.819470989244806,35.98134165027108,46.99334220801957,-13.244718361540128,104.9201111382226,1826.7147938797248,1.274,1.0158293798084297,0.0,3.689885186838586,210.00008998959544,0.1612389301608655,4.101950944581055e-06,-0.2382826301426547,-0.1510547355558914,0.0402745080559948,1.499047704867377,10.634136965188109,55.02134123671178,8.906289121508557
2.66,31.22201693882964,131.01089938073113,79.6899365261417,-0.8367940880621084,1.3469184188327263,-2.300770756958251,5.66330055353541,-5.7738567171676936,60.114064199642925,54.80064164880859,36.0204924216046,46.8405959398062,-13.301270645633666,104.84267998575562,1825.388635537648,1.274,1.0158120729402356,0.0,3.693049258534332,210.00008998959544,0.1611842896616415,4.121399552158442e-06,-0.2338468704318275,-0.1439622032044528,0.0395096529036348,1.5856495757394773,10.703416193550362,55.01219561272547,8.408563529291506
2.67,31.22201572404817,131.01090288818585,80.0965447242262,-0.8989361795636281,1.40407815157798,-1.2393999525703503,5.224059605499924,-5.466284333842902,69.24531398927611,54.78531409092168,36.06227091085724,46.69120921306287,-13.353787481437152,104.77059606559015,1824.296326888948,1.274,1.0157942763484027,0.0,3.6962078379196455,210.00008998959544,0.1611399472666759,4.142168131000393e-06,-0.2290693658452893,-0.1365515794422714,0.0386901305214835,1.6671412479327916,10.76771165831692,55.00584409706588,7.662060781712956
2.68,31.222014508601173,131.0109064006041,80.50260225490501,-0.9576542832041164,1.4562753792710683,-1.3672143819270364,4.773687038166223,-5.146556382326766,67.72343985772264,54.78540521900872,36.11479188863199,46.545424497722095,-13.402193947067516,104.70399236693233,1824.2311532181047,1.274,1.0157778957760872,0.0,3.6993493477955295,210.00008998959544,0.1611409546270386,4.164222147969372e-06,-0.2239667342340645,-0.1288468592507992,0.0378268746840082,1.742883302879767,10.824505386311587,55.01413179205744,7.151531703136937
2.69,31.222013292169216,131.01090991951517,80.90826065138128,-1.0131245121503016,1.5039520476193655,-1.0649902220012235,4.310619056040683,-4.810561168676753,70.00625405494971,54.77791477625079,36.16241560667908,46.403471428439424,-13.446427308293256,104.64298547961096,1823.6612064192973,1.274,1.0157597341343036,0.0,3.7024584541868393,210.00008998959544,0.1611196614077863,4.187517884595754e-06,-0.2185551701042613,-0.1208709576115022,0.036906401470167,1.813300109266904,10.878037771403218,55.01412788392117,6.546536456542492
2.7,31.222012075285896,131.01091344260828,81.31327122044847,-1.0649997224053371,1.5466379712181964,-1.95218862974934,3.837821126507401,-4.462094251790504,61.635938331148765,54.775202890107046,36.21353739005311,46.265567069270055,-13.486435794320547,104.58767697940432,1823.4096149555096,1.274,1.0157424530610497,0.0,3.705564504478577,210.00008998959544,0.1611124221707127,4.212018850463504e-06,-0.2128539524399439,-0.1126506181582578,0.0359404837243007,1.8777747230413069,10.925709163845111,55.01811871101386,6.200822248464392
2.71,31.2220108575614,131.01091697170577,81.71781733513228,-1.113487710478588,1.5847795860287937,-2.239256098008616,3.354797514277722,-4.098224782900028,58.59218706779824,54.75725269204345,36.254437077782136,46.131913591085016,-13.522179789506817,104.5381514970644,1822.143825723916,1.274,1.0157266518543897,0.0,3.7086561326938816,210.00008998959544,0.1610603607842429,4.237679478639952e-06,-0.2068818643447377,-0.1042116066817795,0.0349192878553463,1.9367666374661512,10.971274275591322,55.00615754682477,5.750163528583229
2.72,31.22200963960349,131.0109205041149,82.12161510132334,-1.1581928808773083,1.6179009500048078,-3.3754663758507086,2.864819500424464,-3.7233693844033686,47.939064146470734,54.73897256441314,36.29528325581887,46.00269857933051,-13.553630736401944,104.49447794569625,1820.8567044022864,1.274,1.0157114172944173,0.0,3.7117141635896287,210.00008998959544,0.1610073271201371,4.2644606816991965e-06,-0.2006608764545521,-0.0955834273144197,0.0338566345903155,1.9896375730716285,11.011702499078478,54.99307807895847,5.784846030554601
2.73,31.22200842108229,131.01092404137725,82.52481874594147,-1.1992995745925472,1.6463468465609672,-2.9747458328485554,2.368283828596329,-3.335850138964803,50.982815409867214,54.704610525377085,36.32520832989804,45.878092685566806,-13.580772300804243,104.45670763671713,1818.5008368249487,1.274,1.0156961126488104,0.0,3.7147665375764216,210.00008998959544,0.160906988899394,4.292313021758313e-06,-0.1942119610905423,-0.0867935857094813,0.0327466970437232,2.036757600859965,11.049943963778489,54.96318249809543,5.058238548395303
2.74,31.22200720257054,131.0109275809172,82.92716062361578,-1.2361513301924267,1.6692662823478617,-1.4643199657253958,1.869068611826132,-2.942180757556113,63.91875252846505,54.6814261276518,36.362957227078304,45.75825037653504,-13.603598836118016,104.42487614885178,1816.8894529256247,1.274,1.0156805782083187,0.0,3.7178098202236938,210.00008998959544,0.1608395260298382,4.321192042560624e-06,-0.1875587813675963,-0.0778727329423024,0.031610257005842,2.0770381922497347,11.08051116751374,54.94359676999551,3.78075098993165
2.75,31.222005983411115,131.01093112577018,83.3289459793088,-1.268442063695096,1.68636035330031,-1.7421984374221555,1.3687905966253568,-2.5448233054057074,60.875001265242936,54.67834880614363,36.41474111133992,45.643307966938494,-13.62211635044151,104.39900174752226,1816.614756348716,1.274,1.015665073027121,0.0,3.7208124023163904,210.00008998959544,0.1608312046068309,4.3510374604073e-06,-0.1807220650452952,-0.0688472345659748,0.0304551386078967,2.110045466824665,11.1015493053846,54.94320342767532,3.3741619327623016
2.76,31.222004763344696,131.0109346771633,83.73029298874937,-1.2967879608504684,1.698531942704023,-2.103321147588661,0.8667632079161236,-2.139178855275279,57.07031393619316,54.66301478198561,36.4581658317547,45.53338578446039,-13.6363400491011,104.37908859384116,1815.52590930522,1.274,1.0156495172826043,0.0,3.723810831222591,210.00008998959544,0.1607868302168485,4.381782662176897e-06,-0.1737216124035608,-0.059741864060025,0.0292660881171032,2.1368615075323105,11.119388209630207,54.92978047826028,3.1227110790701698
2.77,31.222003543077072,131.0109382318639,84.1308719159244,-1.3209650927758978,1.7055420681025435,-2.292730796367639,0.3652494729148945,-1.7280616119832803,54.78750273884502,54.64309963579477,36.49849460743641,45.42858887338362,-13.646293227300209,104.3651281146654,1814.1333664439703,1.274,1.015635210167922,0.0,3.726805988867475,210.00008998959544,0.1607289789720608,4.413375359069018e-06,-0.1665818486324388,-0.0505871235111409,0.0280519796490731,2.1571525392750357,11.132462337209317,54.91096599417019,2.8941697629695895
2.78,31.222002322361007,131.01094179100775,84.53079535861097,-1.3408466090317923,1.7073390686952945,-4.441723265693158,-0.133995490019852,-1.3133265766299562,35.00312702762355,54.62157839589938,36.53777053566037,45.32900363929432,-13.652009594192462,104.35709558931464,1812.6349247255985,1.274,1.0156224540553322,0.0,3.729759869356734,210.00008998959544,0.1606664017793664,4.445757745665729e-06,-0.1593265643579688,-0.0414122900781182,0.0268186086228151,2.1707934325922764,11.140188367414368,54.88972690128548,4.633755178818591
2.79,31.22200110122632,131.01094535445307,84.93004657272243,-1.3570905311265284,1.704835226611508,-3.4357044938578767,-0.6299646792998711,-0.8920514193286166,43.37343975179764,54.568219777441605,36.55488911103191,45.23469836017257,-13.65353240691927,104.35495120952048,1809.0257367083868,1.274,1.0156122920322372,0.0,3.732706341467972,210.00008998959544,0.1605101744644663,4.478869051854612e-06,-0.1519794342659495,-0.0322458595894563,0.025555932762922,2.1789020828489334,11.14858239657448,54.8359751545829,3.605090373486745
2.8,31.2219998806114,131.01094891784544,85.32819117116838,-1.368323575649938,1.6962989217781392,-4.135404733307507,-1.1194855181495855,-0.4740831331549906,36.52500115935308,54.54010745057171,36.58960906858091,45.14572336433665,-13.650913849439736,104.35864082860628,1807.0930721402951,1.274,1.0156004239297007,0.0,3.735647860867224,210.00008998959544,0.1604282050004181,4.5126627177633564e-06,-0.1445687163469125,-0.0231215024233011,0.0242963374046048,2.17926417650182,11.146216178731086,54.80652253865495,4.310403107686197
2.81,31.2219986591143,131.0109524876401,85.72586978876211,-1.3755011394189791,1.6830791127582234,-2.1925789477570885,-1.6020669474843103,-0.0547350647516525,53.26562560682496,54.495907846550125,36.613081878516645,45.06210781484016,-13.644217160403912,104.36809286900927,1804.0962921196235,1.274,1.015588990283005,0.0,3.738555798574672,210.00008998959544,0.1602989134678477,4.5470617266407045e-06,-0.1371144821051275,-0.0140626838685353,0.0230240173102524,2.173525804935438,11.141438985309934,54.76024727481845,2.7160664339597154
2.82,31.22199743793527,131.0109560582583,86.12252816824692,-1.3774737919705322,1.6637511818960773,-3.2352503952691487,-2.076121613066201,0.3585549257096824,43.373439751610086,54.48376489189364,36.658970456556254,44.98386566205647,-13.63351194134474,104.38322485261514,1803.2235918262147,1.274,1.0155773505106669,0.0,3.741448366276469,210.00008998959544,0.1602639135162241,4.582009826579008e-06,-0.1296427749421113,-0.0050994111348121,0.0217637005745782,2.1598538574959587,11.124625446367022,54.74506959070744,3.8607884825616208
2.83,31.221996215614247,131.0109596364051,86.5188280733316,-1.3756553306446777,1.6401558317953226,-1.465147753671634,-2.540421571797157,0.7719372079323221,58.59218706774451,54.44573607726375,36.68668559789902,44.910991500961366,-13.618876975952892,104.40393939286356,1800.6385860711107,1.274,1.0155669277786494,0.0,3.7443335131366937,210.00008998959544,0.1601527690452035,4.617425436404797e-06,-0.1221725603269355,0.0037466970903191,0.0204945462566852,2.1405657601731143,11.1074765395679,54.703335967587904,3.032538005620329
2.84,31.221994993685644,131.01096321494424,86.91406647503504,-1.3686982313527165,1.6106801558205175,-2.8519769163751527,-2.9941812829136527,1.1775061919892735,45.65624994912407,54.43891563231264,36.73625287194166,44.843465676790544,-13.60039653448487,104.43012938860996,1800.1190429205155,1.274,1.0155558183259878,0.0,3.7472029800452473,210.00008998959544,0.1601334218561671,4.6532569592755e-06,-0.1147309722450716,0.0124448975117146,0.0192430712367156,2.1135590577072296,11.078649098470478,54.69188735731787,4.299466794692134
2.85,31.221993770457807,131.01096680162175,87.30900484699667,-1.35812435395297,1.5772758969927807,-3.8987419511839887,-3.4351088959749534,1.580895177723778,35.76406409345976,54.401942691726674,36.76456593846205,44.78124859412295,-13.578164408413649,104.46167233111376,1797.6064310986462,1.274,1.015544221840988,0.0,3.7500411359299832,210.00008998959544,0.1600253792441805,4.689422570589342e-06,-0.1073366704014863,0.0209744063016614,0.0179899632947558,2.0813060892867448,11.050566863342931,54.64966931850661,5.431334227616498
2.86,31.22199254764446,131.01097038847618,87.70286376140591,-1.3434686164852223,1.5393979573770462,-2.5603844919300167,-3.8618212197984927,1.9781803877342483,47.17812708069672,54.35571461462767,36.786251360389365,44.72428682373268,-13.552279630275248,104.49843637785878,1794.4847087825656,1.274,1.0155331615868095,0.0,3.7528771373276366,210.00008998959544,0.1598901092635546,4.7258728424173165e-06,-0.1000167340567813,0.0293054541469366,0.0167482399604964,2.04309071196654,11.01913819235676,54.59749358920251,5.038097808361611
2.87,31.22199132468103,131.01097397804264,88.09589413120645,-1.3239794385768544,1.4962222188453995,-2.4191036339182586,-4.274518587420729,2.3651588882391814,47.93906414640958,54.3343111156507,36.8253086276787,44.6725073069164,-13.522850465036674,104.54027474753852,1793.0039804423543,1.274,1.0155213326477648,0.0,3.755705387294377,210.00008998959544,0.1598278596741045,4.7625476578450646e-06,-0.0927949162930089,0.0374123219634728,0.0155322090198441,1.9977997863884829,10.977723311801354,54.56931044078141,5.451380385962682
2.88,31.2219901008057,131.0109775737293,88.4884292351288,-1.3004524340691996,1.4487887356405071,-4.071039053501778,-4.671150417168765,2.74366502607042,32.720312830234604,54.30789192381767,36.86071421633747,44.62581983377172,-13.489992794236413,104.587028068054,1791.1931303574045,1.274,1.0155096382923448,0.0,3.7584931484963056,210.00008998959544,0.1597508545929602,4.799368943786735e-06,-0.0856898245651163,0.0452752437207127,0.0143354284360414,1.9467421160529712,10.932484702323768,54.53544287552101,6.776481607016622
2.89,31.221988876738457,131.01098117214767,88.88014091718213,-1.2734478116873191,1.3977616785384044,-2.570412044164465,-5.0491372476494645,3.113906466252245,45.65624994897199,54.25559119352958,36.87769566440224,44.58412079265546,-13.453827738252416,104.6385278375484,1787.677445426974,1.274,1.0154972743755248,0.0,3.7612759448960222,210.00008998959544,0.1595977144663284,4.836275263503647e-06,-0.0787237301502914,0.0528709706027731,0.0131568607478427,1.8907895989739636,10.887693870975404,54.475129306977365,6.465076836585509
2.9,31.22198765298624,131.0109847709096,89.270800750944,-1.241775216222469,1.3418337746350213,-3.0353748673467185,-5.4106975962607375,3.4706652291496334,41.09062555418027,54.23366510555038,36.915969524685146,44.54729076512809,-13.41448333851485,104.69459413532104,1786.165720016152,1.274,1.0154865535947195,0.0,3.7640529038064896,210.00008998959544,0.1595339212356447,4.873217256010019e-06,-0.0719209650329386,0.0601743824630686,0.0120146259554174,1.828179868907208,10.83242531991094,54.44442059527482,7.108773888395249
2.91,31.22198642808826,131.01098837655525,89.66104623544082,-1.2065752505599912,1.2823850752726702,-2.3095267225748644,-5.752222085202779,3.816254974261848,47.17812708053552,54.19692287736672,36.94359862981177,44.51519323862773,-13.37209558904178,104.75503426731184,1783.6793963971045,1.274,1.0154758278117733,0.0,3.766805190585736,210.00008998959544,0.1594265433007092,4.9101159649617285e-06,-0.0652980020731086,0.0671688936933096,0.0109004396070679,1.7607078702768617,10.775846159041253,54.39834263619589,7.279132821178654
2.92,31.22198520329974,131.01099198328325,90.05031796921172,-1.1673663276901016,1.2189261344514992,-2.952183300161579,-6.074733043117233,4.147970918122399,41.09062555401604,54.17307769894174,36.98016515459639,44.48768020666891,-13.32680507973686,104.8196476641044,1782.0434681581949,1.274,1.0154652178509815,0.0,3.7695364731710304,210.00008998959544,0.1593571010050343,4.94691797268455e-06,-0.058876403732875,0.073833145792063,0.0098237660621512,1.6876964958484644,10.712744726805806,54.364531725794286,7.9261232970779885
2.93,31.22198397768713,131.01099559520378,90.43901790014064,-1.1248456086528706,1.1522694562182625,-3.9392851830336095,-6.375348418574661,4.46636864530507,31.959375764483887,54.135699614114856,37.006947219032426,44.464588821487006,-13.278759263810668,104.8882227957483,1779.518644227133,1.274,1.0154561139501597,0.0,3.7722609405806784,210.00008998959544,0.1592478481060262,4.9835557207193295e-06,-0.0526735504049449,0.0801503296555136,0.0087824024537138,1.6102272989643325,10.648519751168164,54.3166854765707,8.724189594870964
2.94,31.221982752027447,131.01099920870888,90.82680090458008,-1.079092153985355,1.0825526152845415,-3.90650135722334,-6.653152353784103,4.770202337324162,31.959375764299384,54.0865010520419,37.02512995640316,44.44574441713204,-13.228110837773327,104.96053961726504,1776.2193974374654,1.274,1.0154471273704486,0.0,3.774981406012405,210.00008998959544,0.1591038208361813,5.01997771388402e-06,-0.0467092381402647,0.0861015869315424,0.0077805887082121,1.5284703044754728,10.583065425889624,54.25653790195309,9.070833447686251
2.95,31.22198152629431,131.01100282381873,91.21367360279366,-1.029907179095944,1.0096675573648657,-3.451383296296948,-6.908932138095639,5.057852437117288,35.764064093208326,54.04252872549359,37.04678468554181,44.43095900705954,-13.17501888897686,105.03636808633122,1773.2664425986757,1.274,1.0154374518004992,0.0,3.777662997477436,210.00008998959544,0.1589751645200294,5.056132830252638e-06,-0.0410020065060041,0.0916698126663217,0.0068241002321839,1.4422300694849406,10.513386403193511,54.20111872625927,9.231861200344255
2.96,31.221980300140704,131.0110064419594,91.599778381658,-0.9774445784442762,0.9338114996164631,-3.68265500972738,-7.142326205900665,5.328657650905077,33.48124989613604,54.00506254073204,37.07281091044279,44.42003231874726,-13.119648445315224,105.11546895903106,1770.7428102160345,1.274,1.015427550299594,0.0,3.780336143317952,210.00008998959544,0.1588656446941996,5.091961781871497e-06,-0.0355675678340662,0.0968412477004507,0.0059153049098935,1.3517829797202277,10.439506854893596,54.15173881433843,9.642062223026501
2.97,31.2219790735358,131.01101006313505,91.9851204525686,-0.9221025601173516,0.8554529331591967,-3.9175948148522113,-7.351583171463299,5.582343109316571,31.198437698467817,53.96173804118198,37.094428361844535,44.412753906326095,-13.062169353682291,105.19759554614453,1767.837327810408,1.274,1.015418592943358,0.0,3.7830039831130553,210.00008998959544,0.1587388891809662,5.127406209209192e-06,-0.0304206611286902,0.1016032403013061,0.0050550676526128,1.2577796585781271,10.364083492604676,54.09610728132589,10.027755424342654
2.98,31.221977846752385,131.01101368602176,92.36957713676767,-0.8639888472611131,0.7747754722082549,-4.753294861570617,-7.536537194795361,5.818101011427113,23.58906404034603,53.91596729340478,37.114046707822766,44.4089039324163,-13.002756137433176,105.28249407152592,1764.774342637614,1.274,1.0154100963861852,0.0,3.7856561809044105,210.00008998959544,0.1586049348358349,5.162416597098802e-06,-0.025576313504459,0.1059433215398507,0.0042463098396385,1.1604776000947703,10.286767239258849,54.03766503107247,10.641593128321377
2.99,31.22197661967583,131.01101731100337,92.75319088726032,-0.8034116825504943,0.6921631745999884,-3.3747160672651777,-7.695763904217626,6.03545162744052,35.7640640931394,53.858793684084,37.12529984840475,44.408253124535456,-12.941588192192471,105.36990354597522,1760.9685320333715,1.274,1.0154023034492468,0.0,3.788278755236519,210.00008998959544,0.1584374338058954,5.196943260482325e-06,-0.0210481269074257,0.1098508425184104,0.003490682754659,1.0604380186618907,10.209552974608972,53.96751577679171,10.346021793486184
3.0,31.22197539263832,131.0110209365153,93.13581616225416,-0.740035270291308,0.6073550194644531,-4.388817181897132,-7.833101588063559,6.233315488102236,26.632813303750112,53.82646909446374,37.153914441990594,44.41056388813372,-12.878849293037854,105.4595566172252,1758.7906536723772,1.274,1.0153950330588837,0.0,3.790895579479983,210.00008998959544,0.158343028706345,5.230943721310847e-06,-0.0168493274632708,0.1133161623218255,0.0027925617258575,0.9573462319491453,10.125949375021335,53.92187041113895,10.930389687438163
3.01,31.22197416458289,131.0110245669943,93.51788729956526,-0.6747252757511607,0.5212221482364977,-3.5290401085870715,-7.942975344343597,6.411976776592304,34.24218696159716,53.772074401116015,37.16657252866463,44.415590731702856,-12.814727397441848,105.55117999684032,1755.1732195679826,1.274,1.0153865884623725,0.0,3.7935056608150224,210.00008998959544,0.1581836971986178,5.264356387159661e-06,-0.0129891917437013,0.1163330695663683,0.002150538758909,0.8525926149094394,10.045025265755706,53.85394665545529,10.80085309558581
3.02,31.22197293683764,131.01102819658988,93.89884490179683,-0.6071595665215621,0.4335826248043805,-3.5261304368683097,-8.029935649758979,6.570565232466995,34.242186961438335,53.73570595394728,37.19174028139312,44.42308296623242,-12.74941354688746,105.64449615270824,1752.7355805144684,1.274,1.0153796365323005,0.0,3.796092437849541,210.00008998959544,0.1580773911653682,5.29714889965288e-06,-0.0094794398678121,0.1188941321608143,0.0015683322518291,0.7460761320044608,9.959690231218596,53.803812303351286,10.958366204466035
3.03,31.221971708126645,131.01103183064143,94.27921118850612,-0.5378332425590617,0.3449464588272538,-5.5733355185405005,-8.091318715347757,6.709024073710522,15.979688382662705,53.69517580718379,37.21365730123462,44.43278326503583,-12.683102490891638,105.73922254986678,1750.028536444634,1.274,1.0153722377118268,0.0,3.798658001852752,210.00008998959544,0.1579588404020131,5.329267803283712e-06,-0.0063279011421813,0.120995330044442,0.0010460959025254,0.6389437857512452,9.874364596956925,53.74935954290662,11.897164005643923
3.04,31.22197047912625,131.01103546612222,94.65869970025032,-0.4671738077695946,0.2557040476898502,-4.636746829310615,-8.123818764087153,6.827041567418991,24.350000106037527,53.62404955369011,37.21354224949708,44.44443030584152,-12.615991538848949,105.83507339083584,1745.3316042405777,1.274,1.0153652814766434,0.0,3.801219583627677,210.00008998959544,0.1577502799708858,5.360674657476828e-06,-0.003542757327346,0.1226330162052925,0.0005848731756932,0.532573448147199,9.79410804026544,53.66421531824347,11.580343217457905
3.05,31.221969250604875,131.01103909969535,95.036993309538,-0.3948742576501246,0.1657590250800226,-4.727257006080236,-8.134307526155354,6.9242800261221005,23.589064040300407,53.577357894086845,37.230474188368746,44.45775867004296,-12.548280517044295,105.93175977725792,1742.230120465244,1.274,1.0153577566886367,0.0,3.803775254018317,210.00008998959544,0.1576135971889452,5.391349450941574e-06,-0.001132152770468,0.1238045622013017,0.0001867373587516,0.4282537784219629,9.709279560103592,53.60339522453898,11.681591142124253
3.06,31.22196802106449,131.01104273752472,95.41469544819992,-0.3214296328451211,0.0756002962507108,-6.099510705738728,-8.119259423811137,7.000715383511632,11.414062987476884,53.524796832457454,37.24293346352527,44.47249903331991,-12.480171394854148,106.02899033231073,1738.7502494876712,1.274,1.0153513829848055,0.0,3.806297510096628,210.00008998959544,0.1574596455376185,5.421241667959803e-06,0.0008997001598598,0.1245100575987193,-0.0001482456398524,0.3302004750222798,9.625702427740883,53.53667209577715,12.334359339726719
3.07,31.22196679145955,131.01104637547817,95.79141215664164,-0.2471042173776764,-0.0145414214112316,-4.8286199845530415,-8.077181473389118,7.056197839356706,22.828124974385968,53.45230127560827,37.24092875830207,44.48838070774008,-12.411867418347777,106.12647249481708,1733.980564167489,1.274,1.0153451897116683,0.0,3.8088087110632087,210.00008998959544,0.1572470471264324,5.450321412274759e-06,0.0025482724721557,0.1247504891651908,-0.0004193007448376,0.2475317067992252,9.546125292734567,53.45001711449888,11.762072923487068
3.08,31.221965562130567,131.01105001205744,96.16700394762852,-0.1718888066769516,-0.1044593881646673,-5.949134734234913,-8.014146551413278,7.090909608641344,12.935938118916225,53.40594654418043,37.25717503629761,44.50513159737979,-12.343572684465064,106.22391318416936,1730.911846050133,1.274,1.0153400476362897,0.0,3.8113133602867766,210.00008998959544,0.1571113468394408,5.478570037357351e-06,0.0038100318674433,0.1245284207495261,-0.0006263482885117,0.201140480512537,9.462712072636966,53.38953811094764,12.243355263633077
3.09,31.22196433175686,131.0110536525714,96.54199307985722,-0.0962050718068742,-0.1938877455472195,-5.534802778095084,-7.9244915086560415,7.104749867254122,16.74062444788347,53.3366627208296,37.25683275500241,44.52247895310276,-12.27549146837262,106.32101979717224,1726.3614324110451,1.274,1.0153341753718907,0.0,3.813810530346589,210.00008998959544,0.1569081905010064,5.505943624302056e-06,0.0046838045676665,0.1238474530940628,-0.0007689650583913,0.2164436147959014,9.384382967200583,53.30620696310449,11.996210990951194
3.1,31.22196310185299,131.01105729069872,96.91577133007505,-0.0201637650931654,-0.2825031750202035,-3.671846036624311,-7.813039437755066,7.098024429447282,33.48124989576365,53.27943894752823,37.26474616306434,44.54015079160881,-12.207827972995116,106.4175005735365,1722.597118315352,1.274,1.0153276939107447,0.0,3.816275737512123,210.00008998959544,0.1567405092452305,5.532430560985135e-06,0.0051685812620206,0.1227131353245153,-0.0008476125447211,0.283221853013392,9.305336193080862,53.23506363236657,11.176224289697307
3.11,31.22196187126177,131.01106093104934,97.28879349578656,0.0559470683616277,-0.3699376910601931,-5.479319962680992,-7.681908148474925,7.071014107045888,17.501563513783047,53.24834468922551,37.2908967650573,44.55787622231375,-12.140785274358024,106.51306611266672,1720.5253162161505,1.274,1.0153210890653388,0.0,3.8187291573567688,210.00008998959544,0.1566496948671195,5.55800068405989e-06,0.0052650600597606,0.1211318159029568,-0.0008628995426917,0.3741442585822621,9.223461028533595,53.19023541634545,11.79126373876362
3.12,31.22196063952092,131.0110645753337,97.66123332611036,0.131945919788033,-0.4562958681141207,-6.433154402149394,-7.524263575618653,7.023670808314457,9.131249790334046,53.18109092966143,37.2910788590833,44.5753864538934,-12.074565048045718,106.6074297409788,1716.1204474884564,1.274,1.015315293087107,0.0,3.821177614384256,210.00008998959544,0.1564525017043309,5.582617642716633e-06,0.0049747345316596,0.1191100371168123,-0.000814258662865,0.4749897650952938,9.14968033108121,53.10941689994262,12.138038125695783
3.13,31.221959408391875,131.01106821638515,98.03239768278402,0.2076478523445014,-0.541212427402849,-6.4488458283828365,-7.344642224093363,6.956511731003912,9.131249789799783,53.10884053409525,37.28741501175083,44.59241521585952,-12.009367485950143,106.70030759677884,1711.3995484609964,1.274,1.0153110566522716,0.0,3.8236222490597767,210.00008998959544,0.1562406050552259,5.606286527256471e-06,0.0043004619158746,0.1166580697881119,-0.0007029131246263,0.5796785658870296,9.078874164258698,53.0238283490232,11.996851144437063
3.14,31.221958176976216,131.0110718577253,98.4026359056895,0.2828072689330377,-0.6243234025390362,-4.929215923798305,-7.144936018810455,6.869974374804284,22.828124974481938,53.04139507889629,37.28686679236218,44.60869993374148,-11.94538929385784,106.79142144709732,1706.9947246640484,1.274,1.015304447086571,0.0,3.826031169489581,210.00008998959544,0.156042840684089,5.6289964902737056e-06,0.0032463695514763,0.1137864707212004,-0.0005299283458368,0.685387844108213,9.009668100372938,52.94332852881302,11.06995159189006
3.15,31.22195694524097,131.01107549937015,98.77195585138789,0.3570660604535763,-0.7051799708562017,-5.287459502030477,-6.927794396696628,6.764465990265257,19.78437571123297,52.99709754339239,37.302445026113126,44.62398239646695,-11.88282354226292,106.88049883061556,1704.0841670782545,1.274,1.0152985861189283,0.0,3.828430361024029,210.00008998959544,0.1559131723492038,5.6507330553130686e-06,0.0018174703663021,0.1105065456079151,-0.0002964205083401,0.7904230038693257,8.939221219619759,52.88633092913056,11.032205732398616
3.16,31.221955712513694,131.01107914385008,99.140611520376,0.4304071561954497,-0.7839602310862905,-6.071696027786642,-6.690082273714905,6.640409145907936,12.93593811918758,52.94010510988304,37.30872786718488,44.638009274908335,-11.821859187174653,106.96727366851223,1700.3607215834145,1.274,1.0152934540276777,0.0,3.830823602007901,210.00008998959544,0.1557461542462664,5.671473318436667e-06,1.9119332113209293e-05,0.1068290936089499,-3.114805519384934e-06,0.894333496654112,8.87372722929333,52.81696476713824,11.212391676532365
3.17,31.22195447975195,131.01108278731274,99.50823136727864,0.502650729608123,-0.8604599974513069,-5.404725020171472,-6.433168817203763,6.49842893164555,19.02343764548792,52.87341497046041,37.30784945854029,44.65053216868871,-11.762681197522625,107.05148599302608,1696.0194445274603,1.274,1.0152888078016753,0.0,3.833212538363055,210.00008998959544,0.1555506028288156,5.691219691408628e-06,-0.0021413153268675,0.1027683087413109,0.0003483983140012,0.9965089905882056,8.812845335966852,52.738259310672895,10.621972140518835
3.18,31.22195324680118,131.01108643029508,99.87487327495748,0.5733781369488936,-0.934082354821634,-5.846911497469727,-6.1603408880692765,6.339000517828004,15.2187503162053,52.82091247244992,37.31675844055152,44.66130905930847,-11.705468691350942,107.13288450940064,1692.593162777387,1.274,1.0152834503057082,0.0,3.835571142792239,210.00008998959544,0.1553967874846457,5.709975885037447e-06,-0.0046553641077281,0.0983393826072348,0.0007566626381323,1.0960124116353176,8.752857621058194,52.67419365865958,10.598070649013694
3.19,31.221952013003044,131.01109007525275,100.2407839815479,0.6426270052682302,-1.005022670120138,-6.71468649079325,-5.8702383008327965,6.162883736323408,7.60937565818481,52.75870404010562,37.31851427459903,44.67010494880534,-11.6503942673652,107.21122743883546,1688.549246831824,1.274,1.0152782945846592,0.0,3.8379167300311647,210.00008998959544,0.1552144150374206,5.727733318583701e-06,-0.0075147323742205,0.0935564917338804,0.0012199304855896,1.1928946639507774,8.697819774192324,52.60084354375936,10.841026165711678
3.2,31.221950779115687,131.0110937191762,100.60567318401245,0.7102594062016803,-1.073154929072621,-5.021414303185254,-5.563998687928072,5.970892338582609,22.828124973774663,52.68594613471656,37.31252627839996,44.67669154119215,-11.59762429042556,107.28628199535484,1683.8360865260504,1.274,1.0152731783348918,0.0,3.840257639420525,210.00008998959544,0.1550010029545406,5.744501653205839e-06,-0.0107090256163572,0.0884367563075375,0.001736028857467,1.286884195262394,8.64797872510764,52.51738520870237,9.582496455644701
3.21,31.221949545158274,131.01109736193538,100.96953288741472,0.7755329970384655,-1.137495361717319,-6.826701255629272,-5.24590264249088,5.763086077434225,6.848437592572892,52.64316270155776,37.32753823817056,44.68084867048958,-11.547317229150169,107.3578266363127,1681.043635866144,1.274,1.015269157638367,0.0,3.8425920137443454,210.00008998959544,0.1548757719745984,5.76029429762991e-06,-0.0142267476415949,0.0829983516189374,0.002304329582354,1.3766873664917425,8.596929285793289,52.464497085143,10.360333281512679
3.22,31.221948309853488,131.01110100831625,101.33283922598008,0.8392066458008142,-1.1991867547086652,-4.4485220895120845,-4.911890759470122,5.541337137126312,28.15468843497014,52.56507385025154,37.31726776826283,44.682364938998,-11.499622913156356,107.4256519967231,1676.001553641869,1.274,1.0152642831394207,0.0,3.844902920421725,210.00008998959544,0.154646670308978,5.775101712632072e-06,-0.0180582991138067,0.0772558565098406,0.0029204914135836,1.46363035859585,8.555299387667219,52.37671978757552,8.638427917227773
3.23,31.22194707529876,131.01110465028674,101.69480594107264,0.8998577317761787,-1.256345239440924,-5.3986800878190975,-4.568841858739302,5.304693430775648,19.78437571111943,52.53189035843028,37.338607164768966,44.68103612341167,-11.454684031362207,107.48955862603512,1673.827857160749,1.274,1.0152590012852811,0.0,3.8471975272447314,210.00008998959544,0.1545496767243301,5.788958926787765e-06,-0.0221887611405485,0.0712317899828896,0.0035861030956666,1.545321168681373,8.510329983765068,52.33455992363408,8.840805111260915
3.24,31.22194583873701,131.0111082982125,102.05645870952516,0.9584669003401904,-1.3104075196030212,-5.578770625695923,-4.212839048892436,5.05555596587314,18.26250057977301,52.47278182173729,37.34132943231742,44.676668995577,-11.412632039028944,107.54936270136028,1670.0051009537729,1.274,1.015253758881662,0.0,3.8494836731334447,210.00008998959544,0.1543764095843417,5.801852472974577e-06,-0.0266085835671565,0.064939935738811,0.0042954376465069,1.6234735848756394,8.473401675455515,52.26696143438816,8.627244094731301
3.25,31.221944602510327,131.0111119431942,102.4169248459432,1.0144235208968115,-1.3606176360012758,-5.672409472688401,-3.8470341359976574,4.7941485281516,17.501563513551908,52.4159210554104,37.34542586234235,44.66907717951578,-11.37359112221734,107.60489024884508,1666.3299491498688,1.274,1.0152498567956747,0.0,3.8517678361668346,210.00008998959544,0.1542097519925556,5.813817228538807e-06,-0.0313019220422291,0.0584030173189871,0.0050474350281308,1.697098105802456,8.440069665849512,52.20221582413009,8.364195178219749
3.26,31.221943365522755,131.01111558931453,102.77661057556044,1.067628977342406,-1.4068967313148624,-4.9114692400129805,-3.472411766662125,4.52140540612346,24.35000010588241,52.358740841792496,37.34908629249516,44.65808563538953,-11.33767366749128,107.6559834866058,1662.6388083731224,1.274,1.015245750773779,0.0,3.8540372392349513,210.00008998959544,0.1540421518553724,5.824873158495032e-06,-0.0362544981250277,0.0516409196621813,0.0058394584216034,1.7660580243278838,8.41080529726563,52.13776822737948,7.524844212298998
3.27,31.2219421280412,131.011119235519,103.13541571163957,1.117680614876283,-1.4487866353846863,-5.173781193931337,-3.090557373045458,4.237602502254266,22.0671879084869,52.31360714287177,37.3610997918638,44.64352934727108,-11.304981398103692,107.70249908793411,1659.7163212313644,1.274,1.0152418270207375,0.0,3.856280007132886,210.00008998959544,0.1539099904454245,5.835044509367857e-06,-0.0414512580737564,0.0446743253632293,0.006670507361009,1.829733972711153,8.383710134049386,52.08605652097037,7.367281159686715
3.28,31.22194088959125,131.0111228835271,103.49351324986708,1.164857724619016,-1.4867332374343307,-5.861356178556569,-2.7017683881238104,3.9444699956831473,15.979688382188936,52.26089935134852,37.36754824333396,44.62525376854406,-11.275604771682568,107.7443089394378,1656.316487319947,1.274,1.01523751623377,0.0,3.858517284223048,210.00008998959544,0.1537555431788028,5.844350244813189e-06,-0.0468778488268566,0.0375226610693148,0.007535916424721,1.888640959825051,8.361868297255176,52.02739004695176,7.563986529721811
3.29,31.22193965075828,131.0111265311257,103.85068808566896,1.209097955587615,-1.5207073518972016,-6.206168073118239,-2.30741068900428,3.6431767530765655,12.935938118982795,52.19934515519487,37.36753453302983,44.6031142009324,-11.249623373653892,107.7812994843224,1652.3602915011206,1.274,1.0152339978811855,0.0,3.860750149202609,210.00008998959544,0.15357506616113,5.85282472246396e-06,-0.0525174805057442,0.0302082125866937,0.0084322899434546,1.942710840708061,8.345478833076875,51.96050104727152,7.557341006841022
3.3,31.221938411577003,131.0111301781629,104.20692812184222,1.25014375514087,-1.5504376793650492,-5.525804157647877,-1.9090005063116315,3.3343763388660896,19.02343764529665,52.13619776355888,37.36621842948522,44.57697741640475,-11.227104398055804,107.81337380565716,1648.308368035936,1.274,1.0152302959227724,0.0,3.862977260790741,210.00008998959544,0.1533898987271613,5.860506013008721e-06,-0.0583526566702252,0.0227538227867257,0.0093575400559132,1.9915659426567176,8.333404375622724,51.89268530386988,6.730294205379632
3.31,31.22193717193825,131.01113382501748,104.56227328361804,1.2875581687628224,-1.575430248211737,-6.637044240537866,-1.5078087987757345,3.0180473058808954,9.13124978969841,52.08509826779855,37.37331158581547,44.5467220486324,-11.20810224100104,107.8404521362081,1645.0226357093495,1.274,1.0152261864710463,0.0,3.8651753380263134,210.00008998959544,0.1532401745090568,5.867429966526428e-06,-0.0643662647754142,0.0151814988738081,0.010311424144374,2.0345438487714977,8.323526912353602,51.83766144513434,7.445297385938141
3.32,31.221935931422777,131.01113747320832,104.91687535625216,1.3220557935273711,-1.5966142476183456,-6.039897058071111,-1.1047800218656882,2.697422722589632,14.457812250556888,52.01406097138397,37.36607788877254,44.51223822777492,-11.19265877660666,107.86247141205332,1640.4825236038414,1.274,1.01522258502278,0.0,3.867362784084481,210.00008998959544,0.1530317883335247,5.873625865317806e-06,-0.0705424432159307,0.0075114693276629,0.0112850450308374,2.072813577370134,8.320808531377372,51.76329784869716,6.706488254903044
3.33,31.22193469109781,131.01114111879863,105.27034890179289,1.3526856927772448,-1.6129209506880304,-6.039885345309592,-0.701251511869106,2.37096252173048,14.457812250310203,51.95764069416876,37.369107146170336,44.47342662752552,-11.18080409047782,107.87938418403358,1636.8698737162288,1.274,1.0152191458357709,0.0,3.8695456557939294,210.00008998959544,0.1528664037865644,5.879146473099247e-06,-0.0768613074772859,-0.0002313043625353,0.0122821516311441,2.104943987933223,8.319810863032473,51.70431712519344,6.526364374353829
3.34,31.22193344980609,131.01114476602925,105.62311271619603,1.379825903167035,-1.624853356200392,-6.380496020223635,-0.2982688719822005,2.040894038456797,11.414062987084892,51.89834224297808,37.369963327982006,44.43020122872545,-11.17255422620384,107.89116181676964,1633.0802994332917,1.274,1.015215482241868,0.0,3.871721580485479,210.00008998959544,0.1526925486841727,5.884024154605704e-06,-0.0833068188673388,-0.0080270592236183,0.0132964761361762,2.1315622218000847,8.323239350891884,51.64314508426096,6.7055903737323295
3.35,31.221932208197185,131.0111484125096,105.9749331010931,1.403486861605407,-1.63246813220528,-6.63506188416472,0.102890348044791,1.708466485105348,9.131249789883594,51.83403718284952,37.36713732352092,44.38248654099276,-11.16791359462024,107.89779103850304,1628.9806927540187,1.274,1.0152112480432598,0.0,3.873885680397168,210.00008998959544,0.1525039603329043,5.888304737800692e-06,-0.0898607034584968,-0.0158534896287888,0.0143242756077495,2.152717935071953,8.331393554120131,51.5776443811231,6.85226169677899
3.36,31.221930966268776,131.0111520582516,106.32581249284767,1.4235499448965263,-1.635661717519668,-5.182234136689188,0.5010612940937144,1.3744517399367475,22.067187908284826,51.76771043077808,37.36276522918931,44.3302191353226,-11.166873807684553,107.89927562158856,1624.7596161501808,1.274,1.0152078071944584,0.0,3.876023808687637,210.00008998959544,0.1523094207013312,5.892037433276323e-06,-0.0965043045386642,-0.0236880925708537,0.0153630978707976,2.168255782043764,8.34377921753644,51.51081618584462,5.384768393656384
3.37,31.221929723993814,131.01115570336032,106.6757620705643,1.4392560776819108,-1.63367045416534,-6.717053839998959,0.896205146735682,1.036990294686147,8.370312724408958,51.72452420163201,37.37482207866059,44.27334787509857,-11.169413645342672,107.89563646006536,1621.9952736296875,1.274,1.0152036734371397,0.0,3.878156218283815,210.00008998959544,0.1521829615584625,5.8952715180752685e-06,-0.1032192181852208,-0.0315088793439157,0.0164178241124337,2.177102615795575,8.35636109589446,51.46794261632255,6.855460949181576
3.38,31.2219284804964,131.01115935104772,107.02509596793584,1.4520979596506265,-1.62821161045398,-6.031647052518806,1.2852217475683618,0.7028430949831365,14.457812250409887,51.6511643506871,37.36524336033237,44.21183372657634,-11.1754993831386,107.88691115253968,1617.3432783497442,1.274,1.0151992537887171,0.0,3.8802829770598586,210.00008998959544,0.1519677237227363,5.898041170351716e-06,-0.1099902508202985,-0.0392980520566029,0.0174694100020325,2.181534751485411,8.377487930157281,51.39543989117222,6.206975875798693
3.39,31.221927237536264,131.0111629948948,107.37318777051313,1.4606869783677496,-1.6178012671695527,-4.749380152862273,1.6690083904722768,0.3676028865468345,25.87187623733368,51.595836780233135,37.36848406485797,44.145647494856256,-11.185086843389705,107.87315112055236,1613.82614956139,1.274,1.015195118526102,0.0,3.882405994166144,210.00008998959544,0.1518055367266181,5.900417341269283e-06,-0.1167954455804752,-0.0470300956958025,0.0185297666142693,2.179522955702598,8.399493698757293,51.3417469175891,5.0475075756324035
3.4,31.221925993465785,131.01116664094815,107.72062703810576,1.4650592783180272,-1.602535640463639,-5.430804001392188,2.046952467358043,0.0319942053757692,19.78437571097345,51.55639147896076,37.38304965668664,44.07477452944629,-11.198118046710764,107.85442650438726,1611.3056592722885,1.274,1.0151915734361752,0.0,3.8845054211503234,210.00008998959544,0.1516900764152036,5.902440616319134e-06,-0.1236190698005173,-0.0546870693088627,0.0195966955006373,2.1711654495337225,8.422659011827449,51.304698588512416,5.803849596116202
3.41,31.22192474841208,131.01117028876948,108.06736935188628,1.4661658037218832,-1.5835078237897655,-5.685122287878894,2.4161400062146807,-0.298923877862649,17.501563513475535,51.50041650801271,37.385733168303695,43.99921040433784,-11.214524858724772,107.83082102376636,1607.7551077689711,1.274,1.0151875590971462,0.0,3.886589995963455,210.00008998959544,0.1515259799436262,5.9041541204924605e-06,-0.1304451857506286,-0.0622508838608655,0.0206556642440361,2.1579137660723977,8.45206634595267,51.25171134482622,6.184472769971978
3.42,31.221923503273743,131.01117393509853,108.41309787038628,1.4635544407761822,-1.560293045562774,-5.512999941572751,2.776456580583175,-0.6262174501324455,19.02343764541628,51.44413000999726,37.388155389704686,43.91896109714657,-11.234229126573,107.80243189149544,1604.1893170869932,1.274,1.0151842982160095,0.0,3.888670389145697,210.00008998959544,0.1513609638654473,5.9056234033605245e-06,-0.1372538786312723,-0.0696992482853044,0.0217093275914284,2.1391532069563595,8.485064540625306,51.19907004337644,6.204355550296514
3.43,31.22192225750957,131.0111775819516,108.75800724153711,1.457127195716312,-1.5328433021833408,-4.914663318777331,3.127361625633644,-0.9496709915243674,24.350000105820577,51.39179384321207,37.39339149638137,43.834045752860014,-11.257141063211163,107.7693722738116,1600.8738275130863,1.274,1.0151799156950267,0.0,3.8907446997414494,210.00008998959544,0.1512075679660365,5.906904310103646e-06,-0.1440274998606873,-0.0770127785291376,0.0227567743259143,2.1147864326345105,8.520901909456324,51.15104410145205,5.902218334369222
3.44,31.22192101110782,131.01118122941273,109.10210375984228,1.4467914923719187,-1.5011305346968196,-7.0484705249387165,3.4684972234167057,-1.2692271951137544,5.326562460961882,51.34767140704798,37.40453009956808,43.74449514110308,-11.283160854592497,107.73176912190584,1598.0732256950955,1.274,1.0151755935262334,0.0,3.8928140956180015,210.00008998959544,0.1510783364371663,5.908050300507342e-06,-0.1507492732198428,-0.0841732904701933,0.0237975968241552,2.084734880271384,8.558807509944302,51.11190134920168,7.957534002603796
3.45,31.221919763876343,131.01118487823513,109.44545770270425,1.43386631271117,-1.466517785446479,-6.96245069516876,3.794843511170568,-1.5770453130633486,6.087500527076632,51.268682163591485,37.39054167450863,43.65035110088601,-11.312179504463506,107.6897621118452,1593.107662814857,1.274,1.015170740334328,0.0,3.894857771902161,210.00008998959544,0.1508465149340743,5.909112599311505e-06,-0.1574031643472448,-0.0911636595692128,0.0248089500493384,2.0509017531266456,8.605738885161959,51.038347240455366,8.084777602159777
3.46,31.221918517319853,131.01118852291617,109.78754059809062,1.4170446555010725,-1.4277416703434007,-6.279998969956036,4.109786749186477,-1.8796206371445296,12.175000053360742,51.201761255574446,37.38523890602384,43.551666070120376,-11.344079631872452,107.6435026542962,1588.8991069320464,1.274,1.0151675995006684,0.0,3.8968915634552057,210.00008998959544,0.1506501979567362,5.910171292033266e-06,-0.1639682391031579,-0.0979616671034513,0.0258091146481015,2.0114786042920723,8.653985447409378,50.97751532756156,7.737034827762974
3.47,31.22191727001792,131.01119216874355,110.1288569364514,1.3964577004639755,-1.3850090933346564,-6.537516809195992,4.41266330878628,-2.176117492591718,9.89218785568542,51.144765706051466,37.38711539160565,43.448506504241614,-11.378733608155308,107.59315678851426,1585.3116154220097,1.274,1.015163601470227,0.0,3.898917826218218,210.00008998959544,0.1504830815096941,5.911275627285062e-06,-0.1704298055062032,-0.1045521296059196,0.0267954435280984,1.966714120954256,8.70378309639565,50.92723017336787,8.182066416791818
3.48,31.22191602221124,131.01119581489195,110.4693242614113,1.3726685838089532,-1.3389398906207968,-5.344420094993081,4.700963095061788,-2.462864180441717,20.545312777233416,51.08063316820169,37.38384608154332,43.340948644164015,-11.416007011063304,107.53890036055456,1581.286518412418,1.274,1.015159602761213,0.0,3.9009395484134175,210.00008998959544,0.1502949631131196,5.91247591365428e-06,-0.1767733673410286,-0.110920284623666,0.027757035743275,1.9174556192152992,8.757856986816408,50.87033212433069,7.53177138156766
3.49,31.221914774341617,131.01119945977862,110.8087900770512,1.3450078811964647,-1.2889611986973006,-6.628174252406856,4.977209344680598,-2.744080760259836,9.131249789869736,51.03581450786498,37.394609142690605,43.22907844331436,-11.455759170387402,107.48091841941014,1578.461292710308,1.274,1.015156338005936,0.0,3.9029562416405774,210.00008998959544,0.1501636691678471,5.913833647953014e-06,-0.182982813573522,-0.1170499889969681,0.0287058982246812,1.8628370744565923,8.811704405522178,50.83336203403475,8.731282036440769
3.5,31.221913525432548,131.0112031071046,111.14760102896584,1.31480643336757,-1.2363689696769888,-7.65575900607785,5.235362421085042,-3.0107408965357387,1.002621973242412e-09,50.965934068805005,37.38721833162172,43.11299271838332,-11.497842966038467,107.41940571022288,1574.0903293516687,1.274,1.0151524809311248,0.0,3.9049451135926696,210.00008998959544,0.1499586330647043,5.9153923082258814e-06,-0.1890455052130601,-0.1229288828150344,0.02961542518159,1.8047315170100189,8.872696545402766,50.7717407567287,9.751114109952994
3.51,31.22191227699765,131.01120675128155,111.48522805747172,1.2817096052191637,-1.1808924383240993,-5.013219115838009,5.476555819187864,-3.264956728891948,23.589064040339608,50.88722038052854,37.37341758124848,42.99279683763138,-11.542106812832245,107.35456396724727,1569.1809268600264,1.274,1.0151479700063744,0.0,3.9069264018345935,210.00008998959544,0.149727602948397,5.917224181104579e-06,-0.1949443762947438,-0.1285403571091484,0.0304913712964181,1.7427145021327122,8.938032885501586,50.70173936251466,8.110793548452635
3.52,31.22191102857149,131.0112103941019,111.82183839081908,1.2443935283738572,-1.1214180261624218,-4.506983077456381,5.707752925028178,-3.5172092436809863,28.15468843474305,50.85342545320271,37.392398277980654,42.86860778737731,-11.588393259714806,107.28660417180652,1567.046620885006,1.274,1.0151446219750992,0.0,3.9089007667629625,210.00008998959544,0.1496287362091502,5.91938982021584e-06,-0.2006649939537509,-0.1338708586076535,0.0313642765849093,1.675080862636629,8.998398816900668,50.677284768079545,8.078496195300266
3.53,31.221909778469264,131.01121404199816,112.15802648953172,1.2043094085995076,-1.0593527364141808,-6.391425066669736,5.921963970177491,-3.7570628515308897,11.414062987273452,50.81418802080022,37.40750658586983,42.74055242335542,-11.636540685107931,107.2157442769259,1564.5787293115632,1.274,1.015141538916417,0.0,3.910869186286461,210.00008998959544,0.1495138541727398,5.921913090671793e-06,-0.2061989819607636,-0.1389128487426254,0.0322033388392934,1.6038778302521677,9.06225227716193,50.64779476272761,9.488703437102881
3.54,31.221908528148614,131.0112176895647,112.49328381035669,1.162193839800669,-0.9953884025242258,-5.970592563772792,6.114854349564848,-3.9783284344834313,15.218750316620948,50.744347136484166,37.40029918781858,42.60876343737568,-11.686386114182683,107.14220524450792,1560.2305120618614,1.274,1.015137209704014,0.0,3.912835136686308,210.00008998959544,0.149308922846111,5.924850432545895e-06,-0.2115330384794178,-0.1436543713924894,0.0329899197068657,1.530149241204234,9.133889472141858,50.58799975676636,9.42690386137413
3.55,31.22190727825709,131.01122133439443,112.82738702855164,1.117013363673144,-0.928675374617744,-5.63620832487516,6.2927353021354495,-4.190359923694847,18.26250057902384,50.690417630404575,37.40480731784738,42.47338271232526,-11.737763758968596,107.066213377687,1556.8658829490564,1.274,1.0151343707799672,0.0,3.9147763491956,210.00008998959544,0.1491508054481406,5.928273485449918e-06,-0.2166523055092273,-0.1480824900663905,0.0337513074207809,1.452600267491588,9.205134382726026,50.54454803086541,9.42997763275405
3.56,31.22190602747341,131.01122498159452,113.16080275311847,1.0692293280680911,-0.8597052236977124,-5.387727897197518,6.453521671392006,-4.390077210674906,20.54531277670896,50.63959019047459,37.411678982361366,42.33456238267001,-11.790505013171956,106.9880005240496,1553.6954411576187,1.274,1.0151294273783893,0.0,3.9167051913947777,210.00008998959544,0.1490018132116054,5.9322213399824245e-06,-0.2215471216849502,-0.1521891544075064,0.0344781356932694,1.371954309346182,9.278053704387649,50.50455307691329,9.484109434894444
3.57,31.22190477635885,131.01122862912052,113.493337520774,1.019000892478998,-0.7887022169675451,-5.139664901828212,6.5968503699173615,-4.576917562188774,22.82812497364794,50.59101506818446,37.42030115307062,42.19246140003845,-11.844440718020715,106.90780089416802,1550.666531342553,1.274,1.0151252594096192,0.0,3.91863006455456,210.00008998959544,0.1488594456100766,5.936739734597743e-06,-0.2262073170239206,-0.1559662019869821,0.0351684819483876,1.2885450780144916,9.352643620869287,50.46712992618647,9.533245222757866
3.58,31.2219035247994,131.01123227749468,113.82503471753472,0.966463990710743,-0.7158601597465346,-5.148031358269049,6.722594332867654,-4.750636374598222,22.828124974252823,50.545118881180656,37.43099982185812,42.0472458938556,-11.899401424364862,106.8258508343391,1547.8048628798806,1.274,1.0151219898999724,0.0,3.920549851804728,210.00008998959544,0.1487249580836698,5.941873493843547e-06,-0.230623209343385,-0.1594062591040887,0.0358213500227857,1.2026885754145686,9.428678010467976,50.43267475576776,9.708967370100773
3.59,31.221902272747343,131.01123592699255,114.15591442261848,0.9118493942165464,-0.6414421975894571,-6.437016477081755,6.8299640592715605,-4.91000443842024,11.414062987151125,50.498060804263005,37.44094626492412,41.89908885083975,-11.95521799071019,106.74238808417628,1544.8749573658388,1.274,1.015119333090276,0.0,3.922464803575461,210.00008998959544,0.148587049396237,5.947665194278326e-06,-0.2347858184280888,-0.1625028652233016,0.0364327913675085,1.1148464793451875,9.50669883907415,50.397305404195166,10.592059939524027
3.6,31.22190102031428,131.0112395772725,114.48594098158668,0.8556607716241732,-0.5658662037735315,-6.700867219408931,6.915788421977736,-5.050326635832301,9.131249789899812,50.43191617131787,37.4368519958014,41.748169654824046,-12.011722194309757,106.65765100066515,1540.781571431174,1.274,1.0151162058471854,0.0,3.9243618425133935,210.00008998959544,0.1483929771668764,5.954157847070495e-06,-0.2386866011928953,-0.1652502834305772,0.0369884046050397,1.0258343488969768,9.589874243228495,50.34303156086564,10.873617158899226
3.61,31.22189976816607,131.01124322581228,114.81488495582252,0.7976261452928421,-0.4890275215093461,-6.537764117082673,6.983573279849003,-5.176502189991329,10.65312492150812,50.36845987907185,37.43482642538879,41.59467378908598,-12.06874724621156,106.57187790886728,1536.8579550531967,1.274,1.0151130577468443,0.0,3.926242850996056,210.00008998959544,0.1482068119922366,5.961404072550411e-06,-0.2423167577809761,-0.1676430275193148,0.0375025208131918,0.9355960320712524,9.674067831083743,50.29164454827942,10.876986270498817
3.62,31.22189851574382,131.01124687488223,115.14294521575135,0.7378990043220764,-0.4111471299275614,-7.228175699195733,7.033571028590544,-5.288700252179558,4.565625395406824,50.30897064769224,37.43583865535077,41.4387929846682,-12.126128118081224,106.48530672495951,1533.181379329035,1.274,1.015109991012425,0.0,3.928117689187693,210.00008998959544,0.1480323168878575,5.969439356096279e-06,-0.2456699164396863,-0.1696778024245328,0.0379753719386201,0.8447056037320502,9.758840910339815,50.24438836180663,11.388063738409445
3.63,31.22189726314173,131.0112505242113,115.47009210449664,0.6768960147207895,-0.3325769009338749,-7.320094939258291,7.0632704309695375,-5.383039886050618,3.8046873295394334,50.2385099044546,37.42875832069082,41.280723611398685,-12.183702516754396,106.39817357733428,1528.841620062676,1.274,1.0151076191318549,0.0,3.92998749060425,210.00008998959544,0.1478255355695518,5.9782959290312334e-06,-0.2487405431207571,-0.1713523334886396,0.0383949652861313,0.7541819832227645,9.84683653580262,50.18626914037687,11.50872267089512
3.64,31.221896010855573,131.01125417191548,115.7961557490698,0.6145658984913298,-0.2533952258620322,-3.996447509394177,7.0750468832801054,-5.46270079831848,33.481249895136465,50.170315487307725,37.42344427986856,41.12066609818888,-12.241311401648083,106.31071209452014,1524.6460471702312,1.274,1.01510391770523,0.0,3.9318520862127047,210.00008998959544,0.1476254195464272,5.988013633749558e-06,-0.2515231702401161,-0.1726649606549678,0.0387705669536282,0.6647540309073251,9.935385533118938,50.13051238805983,9.791270658494934
3.65,31.221894758510825,131.01125781956705,116.12127025027672,0.5504196983217114,-0.1735548652370501,-6.137680325006673,7.077479365204799,-5.5400580611140215,14.4578122505677,50.15261699030829,37.456065910610434,40.958824830338095,-12.29879935180763,106.2231529031932,1523.522867143521,1.274,1.0151006861524416,0.0,3.933706856481281,210.00008998959544,0.1475738845199731,5.9986203888585605e-06,-0.2540139421048391,-0.1736154386199986,0.0391394650342659,0.5771327481057942,10.01494610929475,50.12535509751727,10.883661022716032
3.66,31.22189350444489,131.01126147396894,116.44601891992608,0.4859691600834468,-0.0938011069107714,-6.824893825339057,7.05349495591808,-5.589770903448068,8.370312724191336,50.08636092502752,37.452399807620125,40.79540707387725,-12.356015127457146,106.1357228083362,1519.4526121982776,1.274,1.0150982315136965,0.0,3.935536236873496,210.00008998959544,0.1473794675217753,6.010109121334383e-06,-0.2562112385467634,-0.1742045318150803,0.0394246467510923,0.4949388459358179,10.10450215560578,50.07162668819088,11.294977006322219
3.67,31.221892251681915,131.01126512302392,116.76934955071516,0.4207097420670825,-0.0140684166322219,-5.803454454044986,7.011874686689346,-5.624319453656152,17.501563513809067,50.020671546774246,37.44922653586037,40.630621569530966,-12.412811929371802,106.04864439719618,1515.4224707328403,1.274,1.015095899371113,0.0,3.937363558781697,210.00008998959544,0.1471867142240275,6.0225377359336985e-06,-0.2581104446835389,-0.1744329123848991,0.039663564153352,0.4209448940890651,10.194369352682113,50.01846168507948,10.699506509123887
3.68,31.2218909985996,131.01126877334443,117.0918313746904,0.3546508131093012,0.0654416958230283,-6.147376679084346,6.956093825137373,-5.64857575787555,14.457812250410903,49.97389563671761,37.46040868290416,40.46468023784665,-12.469047652332357,105.96213566796624,1512.5426067947362,1.274,1.0150919096475244,0.0,3.9391829015582336,210.00008998959544,0.1470496115266747,6.0359272921642655e-06,-0.2597098406108287,-0.1743029799695326,0.0398707835649663,0.3606379903677053,10.280681446235713,49.98417519202436,10.866641129213926
3.69,31.22188974493361,131.0112724261355,117.4135592278208,0.288262506046052,0.1444788111171784,-6.574873213880938,6.88141010543556,-5.655085005553896,10.65312492156489,49.916998366271166,37.46405740569668,40.29779630311696,-12.52458536436206,105.87640926018511,1509.0536546671303,1.274,1.0150890038874327,0.0,3.940997468188785,210.00008998959544,0.1468827240790237,6.050283358373169e-06,-0.2610088320265444,-0.1738177152738489,0.0400233443925331,0.3224425888892159,10.368996121260093,49.93969302080028,11.070806169283257
3.7,31.221888491531555,131.0112760780166,117.73424056957352,0.2216476209964461,0.2228694479700899,-7.683640716862652,6.78917551442951,-5.645406356664284,0.7609370659767893,49.855537953525456,37.46433902216966,40.130183564794805,-12.5792933881366,105.7916722883543,1505.2934261273087,1.274,1.0150869164313627,0.0,3.942807792317948,210.00008998959544,0.1467024064088501,6.0656289972004114e-06,-0.2620069160630962,-0.1729812626820173,0.040125685695118,0.3143218270415822,10.458035245085606,49.890546116265575,11.70477901386542
3.71,31.22188723817256,131.01127972996795,118.05395522101928,0.1550344967915855,0.3004865500009029,-7.253338832535496,6.6781622762721975,-5.617131958617221,4.565625394793152,49.77969453873312,37.4537724389826,39.96205617699453,-12.63304574107822,105.70812560785345,1500.670830517768,1.274,1.0150838258401176,0.0,3.9445984747034295,210.00008998959544,0.1464797629772301,6.081980408272927e-06,-0.2627046163816119,-0.1717987075102153,0.0401700961798481,0.3381237074840324,10.549653539388226,49.82689463926197,11.347288092240868
3.72,31.22188598534936,131.0112833800198,118.37253447805516,0.0884433658468675,0.3770282926817981,-6.053134622693736,6.553363749754028,-5.577454646017448,15.218750315900497,49.71594339669552,37.452468211457976,39.793627912488496,-12.685722341270328,105.62596341333376,1496.783676609767,1.274,1.0150805710733877,0.0,3.94637452817726,210.00008998959544,0.1462926984319917,6.09935735647601e-06,-0.2631034374733994,-0.1702764128053411,0.0401783251489343,0.3872627654965728,10.638214547657418,49.77516643501018,10.521169874373545
3.73,31.221884732327624,131.01128703131613,118.69023626236752,0.0220651571755526,0.4522202237689525,-7.242140620107731,6.415809930218597,-5.527635954980322,4.565625394872903,49.66812060464672,37.463407230317394,39.62511141887188,-12.737209347805056,105.54537261625912,1493.8598027011335,1.274,1.0150784009806275,0.0,3.9481442743931288,210.00008998959544,0.1461525015616942,6.117758518806997e-06,-0.2632057410265798,-0.1684207526321448,0.040154056482503,0.4527582046041499,10.722639052185809,49.73915445376972,11.142978824035211
3.74,31.2218834789706,131.01129068453977,119.00711021610776,-0.0438194569392015,0.5261699572845608,-7.147509725412547,6.259423351738169,-5.45752074061575,5.326562461318733,49.59652008016534,37.45625836655356,39.45671768561646,-12.78739890053832,105.46653313569172,1489.5104397695031,1.274,1.015075452611844,0.0,3.949909146143265,210.00008998959544,0.145942334148416,6.1371774727870095e-06,-0.2630142888309608,-0.1662384666832827,0.0400657837442906,0.5279913964986177,10.81105401520036,49.67916950206738,10.956815623410076
3.75,31.22188222643141,131.01129433489575,119.3227584733268,-0.1091292361965353,0.5984663179292842,-5.599421911587156,6.0899759238771445,-5.375643887806783,19.02343764467724,49.53232067591598,37.454831396318845,39.288655724651214,-12.836189061656096,105.3896178687236,1485.6116512984695,1.274,1.0150712956083277,0.0,3.9516694192101474,210.00008998959544,0.1457539417672124,6.157632436223929e-06,-0.2625330507111324,-0.1637389774524875,0.0399394941044273,0.6083343577172625,10.896723768072482,49.626325835921406,9.866046812471552
3.76,31.221880973756434,131.01129798648617,119.6375142118361,-0.1736674024463039,0.668726850239127,-5.245192837037159,5.910359641596428,-5.286323880571688,22.06718790753328,49.49088327679286,37.47097010166653,39.121131517375446,-12.883484714775566,105.3147911450291,1483.08211058077,1.274,1.0150682644274285,0.0,3.953422883372744,210.00008998959544,0.1456325263502767,6.179116887806393e-06,-0.261766372586269,-0.1609309431448264,0.0397883381057314,0.6909085303945648,10.97610397556696,49.59592425991048,9.50734553705819
3.77,31.221879720526125,131.0113016412089,119.9515243334881,-0.2372750762910341,0.737061240845816,-7.193933918619842,5.71702194724639,-5.183291935940617,4.565625395121615,49.447008401701424,37.48534549097755,38.9543478385864,-12.929196946113263,105.24220954151956,1480.4089507665,1.274,1.015065294313788,0.0,3.955152234500064,210.00008998959544,0.1455039362693436,6.201611321562743e-06,-0.2607186246674285,-0.1578225075941594,0.0395927521033277,0.7743097758345737,11.054400055291644,49.56278251744365,10.550049310972579
3.78,31.22187846734053,131.01130529658124,120.26458280784416,-0.2999045306227746,0.8037185410924653,-7.687709080792355,5.506370781670568,-5.059611487389896,0.0,49.37210344490117,37.47584781190186,38.78850425514951,-12.973242583232638,105.17202245839736,1475.8826668607967,1.274,1.0150622213912934,0.0,3.956874352728016,210.00008998959544,0.1452840335368043,6.225111365505592e-06,-0.2593952750843136,-0.1544237987600083,0.0393309300850587,0.8578463273222681,11.1376884405199,49.49834711782091,10.724768459013946
3.79,31.221877215063365,131.01130894892316,120.57639343100024,-0.3613198455917129,0.868108209093496,-5.959108447521224,5.284354392599232,-4.9244368754770615,15.218750316220843,49.299482431618,37.46813119718924,38.623796209431504,-13.015544744453257,105.10437108538612,1471.4999648250084,1.274,1.0150582669791444,0.0,3.958591251875268,210.00008998959544,0.1450708480354481,6.249630041314309e-06,-0.2578037318078372,-0.1507480394071764,0.0390309434632691,0.9402945832822992,11.218564243068723,49.43583933299866,9.364051119919193
3.8,31.221875962890152,131.0113126017642,120.88723593703936,-0.4212034376272382,0.9296170936901704,-5.253665017591345,5.055272518088784,-4.784797302421417,21.30624984269792,49.25517919719801,37.482406629143696,38.46041349019476,-13.056033765486632,105.03938673964213,1468.812460104742,1.274,1.015054742284907,0.0,3.960301307453439,210.00008998959544,0.1449409888938551,6.275153940353234e-06,-0.2559510773742025,-0.1468067738960038,0.0387144737309564,1.0205805743217822,11.291024773363011,49.40119670217294,8.720725977489835
3.81,31.22187471014015,131.01131625816194,121.19734577739088,-0.4795372008185284,0.9885075143244766,-5.826675914081717,4.815741801463646,-4.634287032104472,15.97968838186588,49.2127140385922,37.4981970242284,38.29854056837706,-13.094646210810335,104.97719224546049,1466.237119298029,1.274,1.0150517704792994,0.0,3.9620060536005366,210.00008998959544,0.1448165364826459,6.301649083119331e-06,-0.2538435710561258,-0.1426097040433652,0.0383614500914261,1.0986720240195096,11.360725017346946,49.367980732897735,8.86668695748508
3.82,31.22187345743107,131.01131991549934,121.5065111584258,-0.5363091089816884,1.0449261215319163,-6.7384339172917125,4.564587387498022,-4.469889388552522,7.609375658194947,49.15800506387029,37.50452163325453,38.13835723999116,-13.131323891996724,104.91790332690348,1462.9354078112976,1.274,1.0150484703147489,0.0,3.963706781618871,210.00008998959544,0.1446560520782594,6.329098313994185e-06,-0.2514890051616039,-0.1381691076402997,0.0379622423820369,1.174506777492805,11.430687166328648,49.32213257665283,9.28557272448543
3.83,31.22187220502837,131.01132357265575,121.81464237443156,-0.5913984086252672,1.0987787651302665,-6.281227493578755,4.302922853541559,-4.292574795815658,11.414062986761497,49.09233650097075,37.50232797138519,37.98003739423733,-13.1660146019774,104.86162724578132,1458.986166782728,1.274,1.0150464817955984,0.0,3.965382291152282,210.00008998959544,0.1444633142404296,6.357492147935203e-06,-0.2488965184403812,-0.1334991064522257,0.0375196040865431,1.2478076674979488,11.50053690070064,49.264921686756125,8.740432614424284
3.84,31.221870953012008,131.01132722932067,122.12171342973429,-0.644460935806088,1.149462594128237,-7.529895777691586,4.034387181784212,-4.108373941868082,0.0,49.03791285405661,37.508940224672806,37.82374797210841,-13.198672521750856,104.80846194179568,1455.710071092292,1.274,1.0150449646691029,0.0,3.967050616830965,210.00008998959544,0.1443036636990259,6.3868180416483615e-06,-0.2460759551642719,-0.1286142827225057,0.0370522036218138,1.3177778380441378,11.56504747478223,49.218457904587126,9.479153274510493
3.85,31.221869700831768,131.01133088798602,122.427913429173,-0.6957160678373823,1.197578401549507,-6.043097552935751,3.755781023941633,-3.9100021853927824,12.935938118883108,48.9622866008341,37.49896116320129,37.66964846616136,-13.2292580795994,104.7584960527609,1451.1807658008795,1.274,1.0150422376983737,0.0,3.968713202450776,210.00008998959544,0.1440816175922886,6.417045294790067e-06,-0.2430362373824826,-0.1235274418176549,0.0365369935239496,1.3849708970727594,11.631523835528624,49.15038807924543,8.118684389965805
3.86,31.221868449581468,131.01133454383393,122.73286955537836,-0.74446675992837,1.2418851902155248,-5.665174896711302,3.473741301731639,-3.709924280752501,15.979688382004428,48.91498562436405,37.5112083833426,37.5178916141298,-13.257737019704235,104.711810226655,1448.3357176162715,1.274,1.0150399000458914,0.0,3.9703710718752223,210.00008998959544,0.143942921176609,6.44816462141846e-06,-0.2397890650072759,-0.1182552576683721,0.0360129450620573,1.4479028921717296,11.688391006435724,49.11004521970728,7.610822781447554
3.87,31.221867197699343,131.01133820387406,123.037114836203,-0.7909603000534654,1.282981631837006,-5.199717413117711,3.1852704075390057,-3.5013369141726383,19.78437571090957,48.86568634205449,37.52191876584043,37.36862131776724,-13.284081537407744,104.6684750743418,1445.3754261009346,1.274,1.0150370904577488,0.0,3.972022206560791,210.00008998959544,0.1437983421825224,6.480129016845127e-06,-0.23634289430856,-0.1128092490477273,0.035458565895625,1.507168037976046,11.742518631331096,49.06719978428864,7.031526785270126
3.88,31.22186594610164,131.0113418640653,123.34033711376584,-0.8350121576857926,1.320616225518337,-6.184151706032034,2.8918479821783327,-3.286404438414721,10.653124921580096,48.82122533819,37.536460145536246,37.22197507069092,-13.308268157140004,104.62855444470829,1442.7043261495912,1.274,1.0150343215609003,0.0,3.973669492496556,210.00008998959544,0.1436679983112477,6.512912045963704e-06,-0.2327086742526604,-0.1072044821388943,0.0348805387439564,1.5624176904298672,11.792196181941977,49.02864888265756,7.57673882406407
3.89,31.2218646943688,131.01134552632234,123.64267918109304,-0.8768605296947444,1.355316209074149,-7.336975015254378,2.592093529185337,-3.0607217973980068,0.0,48.759402369948745,37.53730151092578,37.0780820835429,-13.330278779449316,104.59210353329966,1439.0109238775165,1.274,1.0150329677606664,0.0,3.975294756862507,210.00008998959544,0.143486560258901,6.546480702890023e-06,-0.2288970890046849,-0.1014554556558484,0.0342647793771834,1.614194225838831,11.842577298814422,48.97227508891624,8.361708507211834
3.9,31.22186344323498,131.01134918736642,123.94389286789328,-0.9163599481881156,1.3869005482709276,-6.267454620908359,2.2876036678002087,-2.826224671759211,9.13124979000795,48.684925460135446,37.52809678840028,36.93706346533807,-13.350100247361423,104.55916940820718,1434.5766847769846,1.274,1.0150305061083784,0.0,3.9769108617136686,210.00008998959544,0.1432678816694361,6.580816992528102e-06,-0.2249211641880664,-0.0955795766391458,0.0336171997763992,1.6622408584575603,11.892488193016112,48.90275801494607,7.2458031895255735
3.91,31.22186219268896,131.011352847261,124.2439828905126,-0.952847648157752,1.4143645146814483,-5.282504738505925,1.9821814651191672,-2.591060788930366,17.50156351336199,48.63194393425322,37.535882071600334,36.7990305133016,-13.3677251246116,104.52978954071436,1431.4146649961515,1.274,1.0150272645444631,0.0,3.978520935054732,210.00008998959544,0.1431124556694703,6.615897672278653e-06,-0.2207939881485783,-0.089593965630186,0.0329634781502776,1.705333161636813,11.933703090750646,48.85408922983242,6.208662954689356
3.92,31.221860941825227,131.0113565101377,124.54325348920828,-0.9864406852658316,1.43798048396205,-4.040271917509197,1.675168007456392,-2.3528921165125545,28.154688434825168,48.5880679948618,37.55088504906448,36.664084691230514,-13.383151356262044,104.5039921835135,1428.7918085617466,1.274,1.015024022539022,0.0,3.9801250020978913,210.00008998959544,0.1429838229967687,6.651672863858684e-06,-0.2165257652071454,-0.0835115779304476,0.0322961576700087,1.743745617642481,11.969060402406251,48.813921729056986,4.966496384028261
3.93,31.2218596909441,131.0113601746651,124.84160240451985,-1.0169969796087317,1.4575789613959431,-5.5299517663436815,1.3673882366160748,-2.1130469924032167,14.457812250455508,48.55756587039898,37.57651860897411,36.53231976079148,-13.39638063487534,104.4817989302286,1426.9574807827514,1.274,1.01502145734843,0.0,3.9817246890720015,210.00008998959544,0.1428945442462904,6.688101077154716e-06,-0.2121279133292239,-0.077346949195923,0.0316194198983407,1.7772439764142929,11.997452822149228,48.7864971434525,6.0757785278783745
3.94,31.221858439647256,131.0113638426746,125.1391618854164,-1.04526351173787,1.4743685336784218,-6.419858991899121,1.05670432449533,-1.8634558462429551,6.087500526502836,48.49818034105906,37.57912534578357,36.40382088827484,-13.407418783299295,104.46322394026348,1423.428522334956,1.274,1.0150183992802964,0.0,3.9833194493811166,210.00008998959544,0.1427202656427967,6.725136711854976e-06,-0.2076114561922155,-0.0711140574546752,0.0309074722369579,1.80723468608166,12.02902739812683,48.72974805074712,6.76784169408329
3.95,31.221857189181083,131.011367508491,125.43551600190816,-1.0707587823436606,1.4876858778917983,-4.319769991274755,0.7458241037032097,-1.6097155307314106,24.35000010567156,48.43254722808378,37.576675985035685,36.27866491718561,-13.416275417002108,104.44827436501164,1419.5379459725002,1.274,1.0150140885846175,0.0,3.984901352787961,210.00008998959544,0.1425275984968041,6.762765050964488e-06,-0.2029918309089271,-0.0648324169583695,0.0301779830171749,1.8328873310337133,12.058319671110516,48.66620612248635,4.669887628311895
3.96,31.221855938972773,131.01137117472535,125.7308558405108,-1.0925763414020777,1.4962582579725303,-5.636145580590776,0.4376548037767189,-1.3605388358912092,12.175000052851152,48.40248978075134,37.60260196064165,36.156917178006736,-13.422965641667512,104.4369473579309,1417.736238750237,1.274,1.015011296479876,0.0,3.986465248322856,210.00008998959544,0.1424396210657357,6.800953143795596e-06,-0.1982824780525183,-0.0585185346481121,0.0294587306736314,1.852630684919456,12.07511735361128,48.63749476496472,5.814528756214899
3.97,31.22185468786774,131.01137484666904,126.02556137474556,-1.1120376677534232,1.5020620463733927,-4.901416910678041,0.1292838205263968,-1.1035988693580607,18.26250057944421,48.34183999353079,37.604000813726906,36.0386329901866,-13.427508872524347,104.429231925021,1414.145408692888,1.274,1.0150083397771004,0.0,3.988023791395036,210.00008998959544,0.1422616140999593,6.839635741636174e-06,-0.1934925737373138,-0.0521833557537359,0.0287102613649471,1.8688324816546455,12.095487788374482,48.577756322641584,5.02578675462648
3.98,31.22185343781638,131.01137851539485,126.31898733784112,-1.12811616229662,1.503653579461118,-5.020968077579716,-0.1761059356582959,-0.8487495950340698,16.740624447841906,48.29842037898537,37.61913043084538,35.92386076299981,-13.429926881305512,104.42511212274457,1411.5663625083334,1.274,1.015005341634564,0.0,3.989578987164715,210.00008998959544,0.1421343094576911,6.878797751321715e-06,-0.1886382763616627,-0.045846537808431,0.0279640549184925,1.879714864271281,12.10776313248874,48.53458661953437,5.095243822597612
3.99,31.221852187228293,131.01138218817545,126.61165679751524,-1.141273784451216,1.5017505690427695,-6.848253529514864,-0.4789063341385639,-0.5922264222885343,6.913925876261826e-10,48.249170624423,37.629511429905165,35.81263697478017,-13.430246564466348,104.42456227690208,1408.6493987541855,1.274,1.015002302036626,0.0,3.991127430500853,210.00008998959544,0.1419898455566174,6.918386604480004e-06,-0.1837306902060597,-0.0395212324343291,0.0272080064401007,1.8861236257721608,12.117579152321582,48.485038043597726,6.890476022500006
4.0,31.22185093694525,131.0113858611464,126.90329146856338,-1.151960797332989,1.497026775291934,-6.795889274937011,-0.7787565548205491,-0.331134383671454,5.028320503139836e-10,48.17275758309945,37.617951593264536,35.704989836965126,-13.42849771112577,104.42755067294816,1404.1517021860568,1.274,1.0150000015428002,0.0,3.9926718816782336,210.00008998959544,0.141765441425631,6.95836728106814e-06,-0.1787834116470056,-0.0332234925385853,0.0264327103554982,1.8888623162420333,12.130201147969164,48.40788324454885,6.848373733152225
4.01,31.22184968763559,131.0113895312257,127.19367368752872,-1.159342855391802,1.488384242694016,-6.744115867394041,-1.073695751480953,-0.0727121187735016,0.0,48.10589765547517,37.61395377062589,35.60093753903828,-13.424713869404885,104.43403801145058,1400.217560848775,1.274,1.0150000015428002,0.0,3.994210872141896,210.00008998959544,0.141569147331502,6.998721257945492e-06,-0.1738124511188785,-0.02697199857909,0.0256613815792077,1.8865474163447933,12.13663795288941,48.33966621177056,6.829436905909656
4.02,31.22184843836004,131.0113932027003,127.48310815901796,-1.1636154855537872,1.4761675339684384,-6.692801655754556,-1.363410680915348,0.1841327913768492,0.0,48.03918928328736,37.60996165505608,35.50048657207658,-13.418933105233586,104.44397603623555,1396.2979850779411,1.274,1.0150000015428002,0.0,3.995727052668173,210.00008998959544,0.1413732964424941,7.039401241322743e-06,-0.1688298478642861,-0.0207803619526722,0.024890500200738,1.879566965424728,12.139247469385298,48.27103948561162,6.832743780719807
4.03,31.221847189544608,131.01139687359537,127.77145478663456,-1.164785388517566,1.4604079759424924,-6.6421229436880935,-1.6472709322125665,0.4388102597443988,0.0,47.97263724385946,37.60596973899164,35.40363462012731,-13.411196311334594,104.45731037040956,1392.393232008165,1.274,1.0150000015428002,0.0,3.9972349537381686,210.00008998959544,0.1411779026046316,7.080367090529329e-06,-0.1638485322913721,-0.014662984906305,0.0241219725294362,1.867946097149736,12.138057188485735,48.20201275341224,6.857394050748228
4.04,31.221845941113614,131.01140054423112,128.0587369340585,-1.1628652442364908,1.4411583789483335,-6.592249167958752,-1.9246698183522617,0.6907436290921354,0.0,47.906242452744735,37.60197166062366,35.31036998424252,-13.401547417444116,104.47398012354972,1388.503311384913,1.274,1.0150000015428002,0.0,3.998737187336415,210.00008998959544,0.1409829685612131,7.121578823777136e-06,-0.1588812848775803,-0.0086340029167648,0.0233576694665437,1.8517310419784068,12.133119025963564,48.13259521196404,6.902117773789459
4.05,31.221844693061406,131.01140421460383,128.34495504559052,-1.157874782927789,1.418482264348843,-6.543341877871716,-2.195024430581965,0.9393706348086178,0.0,47.8400053240628,37.597961200396405,35.220671720027745,-13.390033288580987,104.49391803836215,1384.628206821173,1.274,1.0150000015428002,0.0,4.000233875193274,210.00008998959544,0.140788495543159,7.162996675664912e-06,-0.1539407143973738,-0.00270720054415,0.0225994258780705,1.8309811633941784,12.124498023502303,48.06279723660991,6.965333615204815
4.06,31.22184344538175,131.0114078847088,128.63010967187017,-1.149840845804322,1.3924508859905556,-6.495553702534138,-2.457776221819472,1.184144463428544,0.0,47.773926230332286,37.593932292917856,35.13450980329652,-13.37670360447204,104.51705068273908,1380.7678994794744,1.274,1.0150000015428002,0.0,4.0017250196158125,210.00008998959544,0.1405944846591126,7.204581178715195e-06,-0.1490392312782434,0.0031040283470236,0.021849037123311,1.8057666312692668,12.112269284977229,47.99263037372232,7.045216814925898
4.07,31.22184219806792,131.01141155454036,128.91420144999677,-1.138797249925822,1.3631428457581851,-6.449027414150105,-2.712391863191379,1.424534732397452,0.0,47.70800552584458,37.58987903927403,35.051845317497005,-13.36161073772666,104.543298654923,1376.922369441976,1.274,1.0150000015428002,0.0,4.00321062347308,210.00008998959544,0.1404009369641869,7.246293247512747e-06,-0.1441890209890131,0.0087867077222057,0.0211082554419706,1.7761680361807373,12.09651754598708,47.92210730409911,7.139770543355933
4.08,31.22184095111269,131.01141522409208,129.19723110949292,-1.1247846288475605,1.3306438303931618,-6.403895090921902,-2.958364052056869,1.6600284162115044,0.0,47.64224354685969,37.585795718703245,34.97263066122682,-13.344809635007834,104.57257679405134,1373.0915957283576,1.274,1.0150000015428002,0.0,4.004690690077783,210.00008998959544,0.1402078534605595,7.288094259642816e-06,-0.1394020183370043,0.0143283045496822,0.0203787864935981,1.742276096211599,12.077336854295858,47.851241802248126,7.246894820726023
4.09,31.22183970450835,131.0114188933565,129.4791994772747,-1.1078487212094017,1.295067747807663,-6.360276976926795,-3.1952192634606207,1.8901301513687592,0.0,47.57663702820809,37.58167679956596,34.896809774791926,-13.326357701042232,104.60479439569671,1369.275350041916,1.274,1.0150000015428002,0.0,4.0061470400682015,210.00008998959544,0.1400152245517264,7.329946133160272e-06,-0.1346898827556961,0.0197167525329887,0.0196622845907411,1.7042066283882948,12.05485210467553,47.780048472659935,7.3644511916318764
4.1,31.22183845824676,131.01142256232563,129.76010746075346,-1.0880447400598905,1.2564927764698328,-6.318281673094953,-3.4225015492390445,2.1143644241952586,0.0,47.51118973718729,37.577516950587565,34.82431838478796,-13.306314685049657,104.6398554324128,1365.4738094609495,1.274,1.0150000015428002,0.0,4.007597309868358,210.00008998959544,0.1398230613373657,7.371811403571591e-06,-0.1300639816009601,0.0249405602561655,0.0189603551072448,1.6620546514956882,12.029153637390912,47.70854334147397,7.490309544565816
4.11,31.221837212319336,131.0114262309903,130.0399560547941,-1.0654327272678508,1.2150234077782167,-6.278005236070486,-3.639785682207653,2.3322753299248755,0.0,47.44590207895868,37.573311047929856,34.7550842730686,-13.284742535242728,104.6776588387154,1361.6869569566377,1.274,1.0150000015428002,0.0,4.009042125723152,210.00008998959544,0.1396313650227495,7.413653334770543e-06,-0.1255353537382931,0.0299886619776252,0.0182745450332005,1.6159389251430578,12.00036050587583,47.63674320521912,7.622394490651114
4.12,31.221835966717112,131.01142989934087,130.31874634072076,-1.0400787200209047,1.1707707340531028,-6.239530762855875,-3.846675112236064,2.543427497370643,0.0,47.38077432089963,37.569054185768216,34.68902754684638,-13.26170532217568,104.71809868336572,1357.9147675670563,1.274,1.0150000015428002,0.0,4.010481492731005,210.00008998959544,0.1394401364077705,7.455435943702272e-06,-0.1211146945605365,0.0348505180027329,0.0176063426275414,1.5659876398146733,11.968600252784316,47.56466576011721,7.758716194970805
4.13,31.221834721430703,131.0114335673669,130.59647947438833,-1.0120545771048457,1.123851434105955,-6.202928103656252,-4.042802342839542,2.7474067620375315,0.0,47.31580671419225,37.56474168400496,34.62606093069998,-13.237269130777976,104.76106440303616,1354.1572154141177,1.274,1.0150000015428002,0.0,4.01191541645171,210.00008998959544,0.1392493762447533,7.4971240628487745e-06,-0.1168123357957928,0.0395161351918821,0.0169571749466688,1.5123376435453366,11.934007759342538,47.49232956477063,7.897392719023601
4.14,31.221833476450406,131.01143723505731,130.87315669513035,-0.981437745359208,1.0743874451343318,-6.1682536890026975,-4.227829338605585,2.943820778274252,0.0,47.250999494246535,37.560369095551366,34.56609007253714,-13.21150195177932,104.80644104300164,1350.4142737361697,1.274,1.0150000015428002,0.0,4.013343902859705,210.00008998959544,0.1390590852396825,7.538683400878025e-06,-0.1126382262345714,0.0439760831289401,0.0163284054764255,1.45513419615788,11.89672478492658,47.41975398943339,8.036664436373385
4.15,31.221832231766168,131.01144090240027,131.148779312835,-0.9483110165709676,1.022505625224269,-6.1355504689933325,-4.401447865756095,3.132299578236451,0.0,47.18635288120336,37.5559322128741,34.50901386215555,-13.184473573128592,104.85410950293053,1346.6859149218076,1.274,1.0150000015428002,0.0,4.014766958291519,210.00008998959544,0.1388692640537021,7.580080600132562e-06,-0.1086019136271055,0.0482215087357294,0.0157213319540164,1.3945307684274275,11.856899485435347,47.346959163849874,8.174902049587716
4.16,31.221830987367632,131.0114445693834,131.42334871391077,-0.9127609737506832,0.9683548686541584,-6.104847695320405,-4.563385387101939,3.312495615585078,0.0,47.12186414956408,37.5514270737943,34.454724761278634,-13.156255470902131,104.90394678777535,1342.9719434878798,1.274,1.0150000015428002,0.0,4.016169894678461,210.00008998959544,0.1386799046789901,7.6212832910078755e-06,-0.1047125277724095,0.0522441493188941,0.0151371834396717,1.330700724351392,11.81470382287838,47.27396573526497,8.31061241892225
4.17,31.221829743244143,131.0114482359938,131.6968663513456,-0.8748813320445143,0.912057260335064,-6.076161529173981,-4.713392808063042,3.4840852389101653,0.0,47.05753575242048,37.54684996683087,34.403109143938494,-13.126920699209933,104.9558262637422,1339.27245968372,1.274,1.0150000015428002,0.0,4.017564098825408,210.00008998959544,0.138491014348359,7.662260145814044e-06,-0.1009787704808461,0.0560364129065533,0.0145771220237572,1.263804232499171,11.77028333425961,47.20079532145537,8.442432152152957
4.18,31.221828499384845,131.01145190221803,131.96933373675563,-0.8347696747516369,0.8537482844226302,-6.0494952055575935,-4.851252041968865,3.64676848098008,0.0,46.99336854120303,37.542197434737616,34.354047651856725,-13.096543751835332,105.00961796673616,1335.5874720383124,1.274,1.0150000015428002,0.0,4.01895296233663,210.00008998959544,0.1383025955810395,7.702980959741043e-06,-0.0974088910108491,0.05959126532062,0.0140422374387149,1.1940163181713503,11.723798152498263,47.12747004553458,8.569128250332186
4.19,31.221827255778607,131.01145556804215,132.2407524552953,-0.7925275797582229,0.7935709375224899,-6.024839311537962,-4.976776049272189,3.8002694025125456,0.0,46.929362680693714,37.53746627862502,34.30741554750912,-13.065200469882193,105.06518883106774,1331.9169499366187,1.274,1.0150000015428002,0.0,4.02033649292078,210.00008998959544,0.1381146488755086,7.743416668499181e-06,-0.0940106759535211,0.0629022764775767,0.0135335464602375,1.121523353670424,11.675416812664354,47.054012526623175,8.689593552412884
4.2,31.22182601241412,131.01145923345177,132.5111241427959,-0.74826063726809,0.7316713525952008,-6.002172223543921,-5.089808284203718,3.944336424336341,0.0,46.86551832366521,37.53265356079816,34.26308307742049,-13.032967932144382,105.12240294929056,1328.260862131876,1.274,1.0150000015428002,0.0,4.021714698580565,210.00008998959544,0.1379271746949598,7.783539382891475e-06,-0.0907914385638915,0.0659636429977619,0.0130519921042099,1.0465211483536334,11.625311578668528,46.98044586728263,8.802840995915885
4.21,31.221824769279888,131.01146289843203,132.78045048974107,-0.702078164384426,0.6681984396028932,-5.981460641606412,-5.190222635775234,4.078742557633624,0.0,46.801835611370336,37.52775660687144,34.220915842656034,-12.999924336546806,105.18112184772374,1324.6191767804137,1.274,1.0150000015428002,0.0,4.023087587647336,210.00008998959544,0.1377401734687173,7.823322428585153e-06,-0.087758008053643,0.0687701933817426,0.0125984426026015,0.969216465175711,11.573657879123097,46.90679359758823,8.907997713709399
4.22,31.221823526364307,131.01146656296802,133.04873323828608,-0.6540929160512883,0.6033035165050435,-5.962660203270752,-5.277923301265641,4.203285577959996,0.0,46.738314674247725,37.522773007208016,34.180775174058866,-12.966148878510188,105.24120476654775,1320.9918614858047,1.274,1.0150000015428002,0.0,4.0244551687003565,210.00008998959544,0.1375536455943193,7.862740383130545e-06,-0.0849167201591457,0.0713173916717956,0.0121736905711967,0.8898296824116869,11.520633726151985,46.83307961784371,9.004299013448971
4.23,31.221822283655595,131.01147022704413,133.31597417828107,-0.6044202422158244,0.5371470597747698,-5.9457160936422175,-5.352846849904861,4.317787957391161,0.0,46.67495443487159,37.517700617668446,34.142518511147,-12.931721625923014,105.30250894430084,1317.378815732173,1.274,1.0150000015428002,0.0,4.025811510577463,210.00008998959544,0.1373675879145016,7.901769110290291e-06,-0.0822734089864594,0.0736013395829744,0.0117784520652351,0.8086037905365913,11.466426469572248,46.75932806176542,9.091083659813311
4.24,31.221821041141915,131.0114738906447,133.5821751423023,-0.5531783802904988,0.4698905906325424,-5.930563781522907,-5.414960756511023,4.422097024787008,0.0,46.6117539041524,37.51253755956249,34.10599978359847,-12.896723390465544,105.36488990654333,1313.779944422882,1.274,1.0150000015428002,0.0,4.027151196652,210.00008998959544,0.1371819975319668,7.940385792781363e-06,-0.0798334024068325,0.0756188047636661,0.0114133668126711,0.7258075688414184,11.411224242812366,46.68556331813493,9.167787566141344
4.25,31.221819798811367,131.01147755375382,133.84733799869431,-0.5004896919520777,0.4016766608695029,-5.917130024266841,-5.46425675128484,4.516085489035532,0.0,46.54871548813666,37.50728221897904,34.07106979652985,-12.861235584439552,105.42820177740596,1310.1953439964186,1.274,1.0150000015428002,0.0,4.028485669295448,210.00008998959544,0.1369968815415714,7.978568976133705e-06,-0.0776015162294199,0.0773672172378042,0.0110789986881056,0.6417397976523981,11.355195072683792,46.61181019364676,9.233935115232258
4.26,31.221818556652003,131.01148121635532,134.1114646535578,-0.4464777346377553,0.3326625037650414,-5.905333689312486,-5.500757616181522,4.599650796462979,0.0,46.485839281167166,37.50193324601942,34.03757661601138,-12.825340074700293,105.49229759283752,1306.624980294432,1.274,1.0150000015428002,0.0,4.029814937894101,210.00008998959544,0.1368122402346911,8.016298605486174e-06,-0.0755820434155541,0.0788445884944903,0.0107758332708171,0.5567804495139462,11.29852135893456,46.5380934914796,9.289138161504034
4.27,31.22181731465185,131.01148487843298,134.3745570477686,-0.3912680216308963,0.26300589115733,-5.895086572893235,-5.524514820165818,4.672715178619476,0.0,46.423125371233056,37.49648955263487,34.005365947680204,-12.78911906274302,105.55702956309968,1303.068818878256,1.274,1.0150000015428002,0.0,4.031139011982239,210.00008998959544,0.1366280738840139,8.053556022547385e-06,-0.0737787554206808,0.0800495612731697,0.0105042791742197,0.4714463789978271,11.241385085436226,46.46443809492465,9.333090422825588
4.28,31.221816072799,131.0114885399704,134.6366171380921,-0.3349877200850309,0.1928647980612621,-5.88629432176283,-5.535608011769277,4.735225486627281,0.0,46.36057384022495,37.490950310230126,33.974281518320744,-12.7526549400054,105.62224937490888,1299.5268250476884,1.274,1.0150000015428002,0.0,4.032457901281983,210.00008998959544,0.1364443827442683,8.090323986925777e-06,-0.0721949003764295,0.080981404287605,0.0102646683199533,0.3865400097053021,11.183967255869252,46.39086891464989,9.365563373956
4.29,31.22181483108151,131.0114922009512,134.8976469150758,-0.2777653517957956,0.1223970444877965,-5.878857377975368,-5.53414444797254,4.787152970328494,0.0,46.29818476475632,37.4853149466252,33.94416545504174,-12.716030139144658,105.68780849587716,1295.9989638893155,1.274,1.0150000015428002,0.0,4.033771615629301,210.00008998959544,0.1362611670546419,8.126586694858951e-06,-0.0708332025209929,0.08164000568547,0.010057256387306,0.303536669603188,11.126447310022565,46.31741083292253,9.386402527215932
4.3,31.22181358948756,131.01149586135887,135.1576483811804,-0.2197304951516722,0.0517599420367387,-5.872671936522884,-5.520258364833977,4.828493002796403,0.0,46.23595821700792,37.47958314245609,33.9148586611553,-12.679326981353595,105.75355848082953,1292.4852003264473,1.274,1.0150000015428002,0.0,4.035080164979688,210.00008998959544,0.1360784270412593,8.16232979541209e-06,-0.0696958628521498,0.0820258651768348,0.009882223432501,0.2257444771526639,11.069002550351149,46.24408864858469,9.395524081529288
4.31,31.22181234800537,131.01149952117703,135.4166235557522,-0.1610126382826655,-0.0188794601323736,-5.867630854664461,-5.494113590036737,4.859264482587263,0.0,46.173892481605925,37.47375482703793,33.886201187893235,-12.642627519885597,105.81935127946048,1288.9853995673077,1.274,1.0150000015428002,0.0,4.0363748107254525,210.00008998959544,0.1358961576691914,8.19754040414527e-06,-0.0687845609827878,0.0821400848721383,0.0097396742970349,0.1621157079452038,11.01181857858206,46.17092690299681,9.392913674604426
4.32,31.22181110662333,131.01150318038933,135.6745744670706,-0.101742668417066,-0.0893670663385805,-5.863624588978055,-5.455897654429112,4.879509872476027,0.0,46.111987810379766,37.467830173111,33.858032601135584,-12.606013380025727,105.8850395447466,1285.4995371336952,1.274,1.0150000015428002,0.0,4.037656503697951,210.00008998959544,0.1357143596932006,8.23220711588891e-06,-0.0681004614692592,0.0819843992790348,0.0096296408211614,0.1354180000162603,10.95506557982269,46.09795007011754,9.378620854457449
4.33,31.221809865329927,131.0115068389794,135.93150314936676,-0.0420523319737114,-0.1595587304226767,-5.860542266631875,-5.405820019983457,4.889294845811418,0.0,46.05024587125796,37.46180959242121,33.830192345563646,-12.569565580383244,105.950476969184,1282.0276674270062,1.274,1.0150000015428002,0.0,4.038933127506032,210.00008998959544,0.1355330380358068,8.266320033276103e-06,-0.0676442143077242,0.0815611185578341,0.0095520822789341,0.1650072195612314,10.89890121810673,46.02518247688787,9.352756269502093
4.34,31.221808624113844,131.01151049693118,136.18741163984217,0.0179275003622522,-0.2293026099856624,-5.858272647526257,-5.344115386400289,4.888707467011657,0.0,45.9886667270126,37.4556937305234,33.80252009866707,-12.5333643685887,106.0155185895171,1278.569755198571,1.274,1.0150000015428002,0.0,4.040204692214248,210.00008998959544,0.1353521928953008,8.299870768820996e-06,-0.0674159576533027,0.0808730838402467,0.0095068856343937,0.2300023489010921,10.843488800415956,45.95264805341376,9.315491848202656
4.35,31.22180738296389,131.01151415422862,136.44230197668057,0.0780663519566477,-0.2984490574818216,-5.856704933100311,-5.271041480255477,4.877857770200015,0.0,45.92725044049236,37.449483460042494,33.774856115049204,-12.497489066687097,106.0800210683587,1275.1257652955385,1.274,1.0150000015428002,0.0,4.041471207892779,210.00008998959544,0.1351718244701518,8.332852430062895e-06,-0.0674153272089343,0.079923689928133,0.0094938677012277,0.308490097248518,10.788986874389186,45.88037038416837,9.267058184034243
4.36,31.22180614186913,131.01151781085608,136.69617618811577,0.1382344206660769,-0.3668509108100129,-5.855729628269221,-5.186878128336578,4.856877184219063,0.0,45.86599707520527,37.44317987438152,33.74704156580794,-12.462017900576951,106.14384299889716,1271.695662693358,1.274,1.0150000015428002,0.0,4.042732684611797,210.00008998959544,0.1349919329607203,8.36525962044976e-06,-0.0676414636825184,0.0787168703154282,0.0095127766730069,0.3920307190708549,10.735548801082013,45.80837266261055,9.207742947117607
4.37,31.22180490081884,131.01152146679792,136.94903628944897,0.1983028527216684,-0.4343637928687343,-5.85523936339324,-5.091926288520204,4.825917914596061,0.0,45.80490669616155,37.43678428087293,33.7189188694552,-12.427027828052916,106.20684520678728,1268.2794125441987,1.274,1.0150000015428002,0.0,4.04398913243586,210.00008998959544,0.1348125185717154,8.397088437584832e-06,-0.0680930212706223,0.0772570812875537,0.0095632937851984,0.477488400483285,10.683322341231982,45.7366776446847,9.137889529249739
4.38,31.221803659802543,131.01152512203893,137.2008842910016,0.2581440111016477,-0.5008464007848222,-5.855129669305875,-4.986507044102987,4.785152284644227,0.0,45.74397937069303,37.43029819357004,33.690332013826804,-12.392594366022797,106.2688910484636,1264.8769802207692,1.274,1.0150000015428002,0.0,4.045240561345231,210.00008998959544,0.1346335815146185,8.428336468898876e-06,-0.0687681771236265,0.0755492850837536,0.0096450351012585,0.5634569640211815,10.632449276640427,45.66530760395428,9.057895910889599
4.39,31.221802418810032,131.01152877656412,137.4517221812184,0.3176322788054476,-0.5661542806645304,-5.855299702597806,-4.870962554385426,4.734771877893156,0.0,45.68321407436678,37.42372332570408,33.661126868476615,-12.358791417545897,106.3298467050408,1261.48827089304,1.274,1.0150000015428002,0.0,4.046481663729352,210.00008998959544,0.1344551187875447,8.459002784715133e-06,-0.0696646417508568,0.0735989321807085,0.0097575531819799,0.6491668894898713,10.583071858554774,45.59428421511033,8.968214735896707
4.4,31.22180117783136,131.01153243035893,137.7015519256734,0.376643770340636,-0.6301467516713847,-5.855652841185094,-4.745654024991464,4.674986883337658,0.0,45.622609806940034,37.41706158121852,33.63115148709768,-12.325691099383292,106.38958147094328,1258.1131914837915,1.274,1.0150000015428002,0.0,4.047707252665528,210.00008998959544,0.1342771274596923,8.489087929739054e-06,-0.070779672288095,0.071411967127999,0.0099003395968597,0.7341251518287301,10.53532557447316,45.52362858212625,8.869351987646892
4.41,31.22179993685691,131.01153608340903,137.95037546806446,0.4350549706950199,-0.6927063572453517,-5.856097264829043,-4.610954723890577,4.606025803506608,0.0,45.56216882373224,37.41031504674493,33.60025640143199,-12.293363561560533,106.44796805305684,1254.7518286370837,1.274,1.0150000015428002,0.0,4.0489279158194895,210.00008998959544,0.1340996141819922,8.518593924008829e-06,-0.0721100845761427,0.0689948084384138,0.0100728277348467,0.8179888158620734,10.489318825296028,45.45336141432491,8.761863520021054
4.42,31.221798695877386,131.0115397357007,138.1981947242501,0.4927456657304682,-0.7537067788500741,-5.856546755406565,-4.467255507806025,4.528134123157886,0.0,45.50189120941167,37.40348598514552,33.568294904331175,-12.261876809295192,106.50488286225928,1251.4041490441311,1.274,1.0150000015428002,0.0,4.050143662700257,210.00008998959544,0.1339225792166229,8.547524257629638e-06,-0.0736522602829092,0.0663542561763665,0.0102743930436345,0.9004766484054015,10.445166457036956,45.3835026399399,8.646358210691554
4.43,31.22179745488381,131.01154338722037,138.44501157529191,0.549598099436546,-0.8130260728307311,-5.856921001378947,-4.314961895980404,4.441573630873363,0.0,45.44177705513472,37.39657682509794,33.53512331619094,-12.231296555133328,106.560206247492,1248.0701198413892,1.274,1.0150000015428002,0.0,4.051354502650408,210.00008998959544,0.1337460228447711,8.575883849033025e-06,-0.0754021645590945,0.063497520127662,0.0105043563393885,0.9813506977209188,10.40297602457587,45.31407150406064,8.52349670608408
4.44,31.22179621386759,131.01154703795507,138.69082786844956,0.6054972020283925,-0.8705468636475014,-5.85714599990106,-4.154492923730235,4.346621571749072,0.0,45.381826459120575,37.389590152680206,33.50060124384642,-12.201686056166324,106.61382275441204,1244.7497086408284,1.274,1.0150000015428002,0.0,4.052560444873833,210.00008998959544,0.1335699453683102,8.603679024954376e-06,-0.0773553604530909,0.0604321985010146,0.0107619861835341,1.0604010987799737,10.362847691744808,45.24508653886973,8.393991291720283
4.45,31.22179497282045,131.0115506878923,138.93564541618605,0.660330807616089,-0.9261565490187608,-5.857154389242811,-3.9862799813536167,4.2435697792721525,0.0,45.3220395273749,37.38252870238441,33.46459182789718,-12.173105955704017,106.66562137426848,1241.4428835669028,1.274,1.0150000015428002,0.0,4.053761498391334,210.00008998959544,0.1333943471119325,8.630917497758355e-06,-0.0795070239911686,0.0571662562087574,0.0110465013326719,1.1374378006576444,10.324874152023083,45.17656553220543,8.258605820640602
4.46,31.22179373173456,131.0115543370201,139.17946598523562,0.713989863122317,-0.9797474917294776,-5.856885709657098,-3.8107656454194623,4.132723789121496,0.0,45.26241637440376,37.375395347983925,33.42696197828174,-12.145614130195124,106.71549578218983,1238.1496132932332,1.274,1.0150000015428002,0.0,4.054957672046191,210.00008998959544,0.1332192284252461,8.657608340182789e-06,-0.0818519598649512,0.0537080026948201,0.0113570732528464,1.2122858505124428,10.289140594638042,45.10852549825368,8.11815563644018
4.47,31.2217924906024,131.0115579853268,139.42229129660348,0.7663686281307341,-1.0312171978504148,-5.85628659260036,-3.6284025059874576,4.014401937887785,0.0,45.2029571239005,37.36819309327804,33.38758259795413,-12.119265542219663,106.76334456402157,1234.8698670780664,1.274,1.0150000015428002,0.0,4.056148974487504,210.00008998959544,0.1330445896847858,8.683761957536281e-06,-0.0843846176753633,0.050066069371029,0.0116928286905056,1.2847826133963944,10.255724715227434,45.04098265038944,7.973507403837034
4.48,31.22179124941692,131.01156163280157,139.6641230345128,0.8173660440058829,-1.0804548167188792,-5.855310949317717,-3.439656088152837,3.888934121880403,0.0,45.14365961303126,37.36092506273857,33.34632879455131,-12.094112100368948,106.80907143087894,1231.6034894976924,1.274,1.0150000015428002,0.0,4.057324366552767,210.00008998959544,0.1328704245370901,8.70939005736009e-06,-0.0870991086821144,0.0462493867223654,0.0120528516794251,1.3547659082563772,10.224711090652049,44.973952225846375,7.825580420792603
4.49,31.221790008171453,131.01156527943388,139.90496281956672,0.8668828159452188,-1.1273773493834487,-5.853919690329073,-3.2449950754973824,3.756661563407957,0.0,45.084525441133046,37.35359449029448,33.30308007997629,-12.070202526812071,106.85258542061096,1228.3505308792544,1.274,1.0150000015428002,0.0,4.05849088284142,210.00008998959544,0.1326967377016513,8.734505618848153e-06,-0.0899892270276957,0.0422672113064133,0.0124361883245284,1.4221000380112594,10.196153495880992,44.907448847954505,7.675342004289543
4.5,31.221788766859767,131.0115689252139,140.14481222962334,0.9148238096191073,-1.1719037380501067,-5.852081075039842,-3.0448943238784727,3.6179355469243832,0.0,45.025555611275664,37.34620471327458,33.257720561600024,-12.047582214561071,106.89380111959846,1225.1110087510203,1.274,1.0150000015428002,0.0,4.059652614280794,210.00008998959544,0.1325235321429093,8.759122880906158e-06,-0.0930484607309066,0.0381290198399226,0.0128418475017099,1.486655394806517,10.17010231239166,44.8414862373963,7.523808342463666
4.51,31.22178752547608,131.01157257013233,140.38367278389197,0.9610983398860168,-1.213953596511032,-5.84977059702378,-2.839834722872536,3.473116405080925,0.0,44.96675029035204,37.33875916158584,33.21013911511086,-12.02629312492626,106.9326388136476,1221.8848950247425,1.274,1.0150000015428002,0.0,4.060809568484061,210.00008998959544,0.1323508083640791,8.783257287520303e-06,-0.0962700107485065,0.0338444993463082,0.0132688036413359,1.5483071807349162,10.146606165917294,44.77607717190202,7.372042787062398
4.52,31.22178628401502,131.0115762141805,140.62154594790323,1.005619886945443,-1.2534523738099614,-5.846970750954744,-2.630301360037673,3.3225726404019538,0.0,44.90810965750735,37.3312613476949,33.16022954629872,-12.006373689687356,106.96902463300084,1218.6721623460735,1.274,1.0150000015428002,0.0,4.061961752774103,210.00008998959544,0.1321785669043179,8.806925438481329e-06,-0.0996468107319914,0.0294235421121487,0.0137159998966923,1.6069389756079056,10.125706831475332,44.71123352399525,7.221152342797092
4.53,31.22178504247168,131.01157985735037,140.8584331235703,1.0483062369551464,-1.2903314391324052,-5.843670823174748,-2.416782393050944,3.1666799929055167,0.0,44.849633904668,37.32371485736009,33.10789074214892,-11.987858716858106,107.00289069416264,1215.4727841194444,1.274,1.0150000015428002,0.0,4.063109174210898,210.00008998959544,0.1320068083402776,8.830145047051622e-06,-0.1031715455479505,0.0248762219811335,0.0141823508993356,1.6624425984329143,10.107439472186242,44.64696624849461,7.072283082743009
4.54,31.22178380084159,131.01158349963447,141.09433565415887,1.0890796111582617,-1.3245281623400509,-5.8398666262038414,-2.1997679376802206,3.0058205117012475,0.0,44.79132323704143,37.31612334018672,33.053026809900686,-11.97077930764072,107.03417522527816,1212.2867345314137,1.274,1.0150000015428002,0.0,4.064251839575101,210.00008998959544,0.1318355332875689,8.852934895423903e-06,-0.106836670009583,0.0202127706935034,0.0146667455211678,1.7147180384864191,10.091832892339555,44.583285370677714,6.926613757100888
4.55,31.221782559120747,131.01158714102593,141.32925482229916,1.127866784146332,-1.355985980581234,-5.835560181051552,-1.9797489752797728,2.840381632698361,0.0,44.73317787358377,37.30849050024424,32.9955472041499,-11.955162785107603,107.06282267459692,1209.1139885714376,1.274,1.0150000015428002,0.0,4.06538975534064,210.00008998959544,0.1316647424021388,8.875314788062034e-06,-0.1106344277700483,0.0154435542878196,0.0151680496363883,1.7636734248618096,10.078909809973554,44.52019997660136,6.7853471872238
4.56,31.22178131730562,131.0115907815186,141.56319183706574,1.1645991911329987,-1.384654451156166,-5.830759351716069,-1.7572162819826496,2.670755264533456,0.0,44.67519804744212,37.30082008676411,32.93536684208903,-11.941032635098228,107.08878380160398,1205.9545220511177,1.274,1.0150000015428002,0.0,4.066522927674732,210.00008998959544,0.1314944363815734,8.897305503016803e-06,-0.1145568703323667,0.0105790496153697,0.0156851088771194,1.809225018571088,10.068687144283302,44.4577182055509,6.649699042988524
4.57,31.221780075393124,131.01159442110696,141.79614785385607,1.1992141013426476,-1.4104772268812968,-5.8254775325525925,-1.532662920064755,2.497336600133025,0.0,44.61738198465661,37.2931158849379,32.872406206990725,-11.928408459749956,107.11201575047276,1202.8082026178572,1.274,1.0150000015428002,0.0,4.0676417164634415,210.00008998959544,0.1313246100157119,8.918928741314742e-06,-0.1185958761318899,0.0056298210154974,0.0162167506419202,1.851288723976709,10.061188976652671,44.39584711729415,6.520884464793133
4.58,31.221778833380643,131.01159805978602,142.0281239495422,1.2316520026454136,-1.4334224461662517,-5.819732836307341,-1.306576186293544,2.3205237891203367,0.0,44.55973098322072,37.28538170493041,32.80659144005233,-11.917305944011336,107.13248210557452,1199.6750639534366,1.274,1.0150000015428002,0.0,4.068751088625271,210.00008998959544,0.1311552671360468,8.94020707654255e-06,-0.1227431731397824,0.0006065405448546,0.0167617890798893,1.889801591001248,10.056414986057073,44.33459299916336,6.4000986142759295
4.59,31.221777591266022,131.01160169755164,142.2591211413568,1.2618583146397389,-1.4534641706476588,-5.813547948417963,-1.0794392016743517,2.14071685270996,0.0,44.50224631482389,37.27762137638384,32.7378544238954,-11.907736819504922,107.15015295823872,1196.5551380744407,1.274,1.0150000015428002,0.0,4.069855794254269,210.00008998959544,0.1309864114965558,8.961163920981202e-06,-0.1269903526567624,-0.004480100946907,0.0173190260522866,1.9247085282648453,10.054360241186265,44.2739611830414,6.288497227648471
4.6,31.22177634904761,131.01160533440017,142.48914036502512,1.2897839633308976,-1.47057672188102,-5.8069496632506015,-0.851731654692345,1.9583166833051409,0.0,44.444928273246326,37.26983873869811,32.666132849836195,-11.899708866234931,107.16500491040512,1193.4484042399447,1.274,1.0150000015428002,0.0,4.070955838184515,210.00008998959544,0.130818043972752,8.981823457559008e-06,-0.1313288884544784,-0.0096194151659101,0.0178872534373381,1.9559583953652837,10.055021448385585,44.21395598328169,6.187173460898157
4.61,31.22177510672416,131.01160897032867,142.7181825006099,1.3153849037087504,-1.4847406157302263,-5.799968242991223,-0.6239280574716157,1.7737242630453351,0.0,44.38777716814285,37.26203763147617,32.591370274027085,-11.89322592730804,107.17702106091194,1190.3548425971082,1.274,1.0150000015428002,0.0,4.072051224893213,210.00008998959544,0.1306501654867498,9.002210572008675e-06,-0.1357501574593037,-0.0148007172016824,0.0184652563544772,1.983508209289008,10.058391002705552,44.15458075880399,6.097131752055446
4.62,31.221773864294928,131.01161260533488,142.94624834269166,1.3386221609352316,-1.4959425252238012,-5.792636870024189,-0.3964968427129423,1.5873398350989123,0.0,44.3307933253348,37.25422188638967,32.51351616407129,-11.888287929345262,107.1861909881452,1187.2744341937948,1.274,1.0150000015428002,0.0,4.0731419585547615,210.00008998959544,0.1304827770080975,9.02235079427318e-06,-0.1402454585860581,-0.0200133474229808,0.0190518157654745,2.0073231234344497,10.064457280674723,44.095837919398825,6.019260702639221
4.63,31.22177262175964,131.01161623941715,143.1733386202478,1.3594618595509138,-1.5041752422587376,-5.7849910872903445,-0.1698994912249189,1.3995620940999112,0.0,44.273977087004994,37.24639531893024,32.43252593467919,-11.88489091644447,107.19251071463592,1184.2071609818868,1.274,1.0150000015428002,0.0,4.074228042954234,210.00008998959544,0.1303158795543781,9.042270238691316e-06,-0.1448060314147617,-0.0252466929220321,0.0196457110333182,2.027376404811627,10.073204907092952,44.03772893208178,5.9543061537334925
4.64,31.221771379118408,131.01161987257444,143.39945398969658,1.3778752416534383,-1.509437627548777,-5.7770682320593965,0.0554103076697457,1.2107873965997973,0.0,44.21732881189462,37.238561720372495,32.34836097251432,-11.883027097544211,107.19598265387152,1181.1530058235523,1.274,1.0150000015428002,0.0,4.0753094815684925,210.00008998959544,0.130149474191778,9.061995543127751e-06,-0.1494230746738173,-0.0304902085116503,0.0202457224344155,2.043649401007352,10.084615003853395,43.980254329259466,5.9028462439598455
4.65,31.221770136371887,131.01162350480644,143.6245950348962,1.3938386741914752,-1.5117345487960123,-5.768906868326403,0.2789874620606054,1.021408992436512,0.0,44.16084887544193,37.23072484995988,32.260988650374706,-11.882684906971631,107.19661553964292,1178.1119524940996,1.274,1.0150000015428002,0.0,4.0763862775283375,210.00008998959544,0.1299835620354883,9.081553807194947e-06,-0.154087764497704,-0.0357334372428322,0.020850633620152,2.0561314963635207,10.09866541869009,43.92341371864915,5.865270393531805
4.66,31.221768893521126,131.01162713611345,143.8487622611816,1.4073338105778603,-1.5110750210815496,-5.760546238111084,0.5003957368301098,0.8318162358060218,0.0,44.1045373714764,37.222888427325415,32.170382330854814,-11.883849077879248,107.1944243383292,1175.0839697800304,1.274,1.0150000015428002,0.0,4.077457020668848,210.00008998959544,0.129818143371682,9.100972529723883e-06,-0.1587912724288493,-0.0409660304110876,0.021459233878963,2.064818862804499,10.11533280831397,43.86720577701232,5.84176404051071
4.67,31.22176765056759,131.01163076649632,144.0719561092798,1.4183485149823765,-1.507462042402293,-5.752025771710531,0.7192053424930179,0.6423936011005813,0.0,44.048392427931375,37.21505612484752,32.076521359632515,-11.886500728195715,107.18943014460191,1172.0689219440171,1.274,1.0150000015428002,0.0,4.078510925195813,210.00008998959544,0.1296532126999207,9.12027954593128e-06,-0.1635247836506017,-0.0461777607468287,0.0220703196900102,2.0697077312296583,10.134603412164298,43.81162816194362,5.832300261631564
4.68,31.22176640751321,131.01163439595663,144.2941769394072,1.4268730336427469,-1.5009335897239282,-5.743384071247752,0.9350036122674236,0.4535208005338811,0.0,43.992417057823054,37.20723155859643,31.979391048978503,-11.890617456405936,107.18166006532265,1169.066933521115,1.274,1.0150000015428002,0.0,4.0795602534615085,210.00008998959544,0.1294887788984814,9.139502969270708e-06,-0.1682795178221727,-0.0513584998067337,0.0226827008617198,2.070821704534211,10.156430049612712,43.75667792540515,5.836640597238486
4.69,31.221765164360367,131.01163802449648,144.5154250441916,1.4329040927885817,-1.4915177255433785,-5.734659076494584,1.1473872617688865,0.2655714176358633,0.0,43.93661170433587,37.1994182872936,31.878982654161288,-11.896173434179628,107.17114711589493,1166.0779919325807,1.274,1.0150000015428002,0.0,4.080605007163516,210.00008998959544,0.1293248432814409,9.158671148361209e-06,-0.1730467377044305,-0.0564983389399213,0.0232951980189248,2.068181672641179,10.180779292258917,43.70235110812016,5.854343723249971
4.7,31.221763921111787,131.01164165211858,144.7357006437007,1.436443419796155,-1.479248076827257,-5.7258872641480165,1.3559651197514937,0.078912425856362,0.0,43.880976827464366,37.191619801391866,31.775293332533085,-11.903139546648676,107.15793003281009,1163.1020854919436,1.274,1.0150000015428002,0.0,4.081645187663095,210.00008998959544,0.1291614072122363,9.177812575945678e-06,-0.1778177703594217,-0.061587552109034,0.0239066465909787,2.061816209287252,10.20761519935264,43.64864289552497,5.884781520045556
4.71,31.221762677770663,131.01164527882628,144.95500388047424,1.4374976911607624,-1.464163681717412,-5.717103172796818,1.5603587187786123,-0.1060964408209847,0.0,43.82551290408893,37.18383951772121,31.668326096772727,-11.911483523274768,107.14205310924352,1160.1392034053604,1.274,1.0150000015428002,0.0,4.082680796006553,210.00008998959544,0.1289984721038722,9.196955824986637e-06,-0.1825840234586991,-0.0666166130347779,0.0245158989000644,2.0517614511978404,10.236899432166815,43.5955476417747,5.927161586664122
4.72,31.22176143434056,131.01164890462348,145.17333483145185,1.4360784686524015,-1.4463088563414248,-5.708338956003872,1.7602028536907164,-0.289103291804916,0.0,43.77022042788054,37.1760807735163,31.55808975847449,-11.921170078368316,107.12356601743927,1157.1893357605336,1.274,1.0150000015428002,0.0,4.083711832871851,210.00008998959544,0.128836039418656,9.21612948493161e-06,-0.1873370011909245,-0.0715762115783078,0.0251218261790689,2.038060990495252,10.268591316158943,43.543058890393,5.980554191386008
4.73,31.2217601908254,131.01165252951455,145.39069350399518,1.4322021262919062,-1.4257330530659595,-5.699623968087534,1.9551461039670552,-0.4697646584078279,0.0,43.715099909196944,37.16834682074057,31.44459886224051,-11.93216106047156,107.10252361880733,1154.2524735168035,1.274,1.0150000015428002,0.0,4.0847382986166565,210.00008998959544,0.1286741106678894,9.235362098370951e-06,-0.1920683197392114,-0.0764572694437268,0.0257233205158762,2.020765762166463,10.302647881640242,43.49116939623272,6.043921615949736
4.74,31.22175894722951,131.01165615350456,145.60707983489604,1.4258897684672125,-1.4024907104489752,-5.690984385497224,2.144851319900297,-0.6477460465897205,0.0,43.660151874934975,37.160640820711485,31.32787361043233,-11.94441560981236,107.07898576263317,1151.3286084920176,1.274,1.0150000015428002,0.0,4.085760193262324,210.00008998959544,0.1285126874114421,9.254682098257344e-06,-0.1967697223081372,-0.0812509551835653,0.0263192967220106,1.9999339282965465,10.339023884966938,43.43987114867566,6.116147921798807
4.75,31.22175770355757,131.01165977659895,145.82249368938184,1.4171671394952987,-1.3766410954438126,-5.6824428663134405,2.328996072596462,-0.822722463599705,0.0,43.60537686836158,37.15296583902985,31.20793977874029,-11.957890322996784,107.05301707433628,1148.4177333497823,1.274,1.0150000015428002,0.0,4.086777516520582,210.00008998959544,0.128351771257246,9.2741177458369e-06,-0.201433093681465,-0.085948698491096,0.0269086941238627,1.9756307613359685,10.377671812257296,43.38915539601148,6.1960674534092846
4.76,31.221756459814607,131.01166339880376,146.03693487105485,1.406064524975172,-1.3482481381479268,-5.674018250026841,2.5072730677840407,-0.994378918198805,0.0,43.55077544890287,37.145324840818624,31.08482862273852,-11.972539424080445,107.0246867342403,1145.5198415828827,1.274,1.0150000015428002,0.0,4.087790267761513,210.00008998959544,0.1281913638606887,9.293697069491885e-06,-0.2060504742926257,-0.0905422037653551,0.0274904782747436,1.9479285289960533,10.418541868160972,43.33901267093352,6.282490809466504
4.77,31.22175521600597,131.01166702012551,146.25040311592895,1.39261817618607,-1.3173643917512374,-5.665725399943115,2.6793861036733966,-1.1624112742679666,0.0,43.49634555124487,37.13772068627408,30.95857677559892,-11.988314941133844,106.99406824784324,1142.6347887580437,1.274,1.0150000015428002,0.0,4.0887860591852405,210.00008998959544,0.1280314591511257,9.313447804619202e-06,-0.2106140737910347,-0.0950234629357673,0.0280636408825821,1.9168965932132365,10.461598639279444,43.289432668287546,6.374225770292731
4.78,31.221753972137343,131.01167064057114,146.46289809739957,1.3768656629597604,-1.2840779794779744,-5.657574503160375,2.8450612551731007,-1.3265257692852643,0.0,43.442090314431056,37.13015612370166,30.829226137148407,-12.005166887401389,106.96123920859034,1139.762704205234,1.274,1.0150000015428002,0.0,4.08977686432457,210.00008998959544,0.127872066376788,9.333397337460457e-06,-0.2151162887568929,-0.0993847133979748,0.0286272069580527,1.88263057816906,10.506771509634367,43.240404701522415,6.470099954488753
4.79,31.221752728214728,131.01167426014814,146.67441942027904,1.358850167685358,-1.2484663689732922,-5.649571555328887,3.0040388804475,-1.4864401413102863,0.0,43.38801044517868,37.1226337922292,30.696823758307684,-12.023043427767394,106.92628109008947,1136.9035890748592,1.274,1.0150000015428002,0.0,4.090763152090745,210.00008998959544,0.1277131876262845,9.353572671430129e-06,-0.2195497060386247,-0.10361855631673,0.0291802302793383,1.845223509158541,10.5540030226946,43.19191732480808,6.568973485082739
4.8,31.2217514842444,131.0116778788644,146.88496663471315,1.3386189999653604,-1.2106103888334516,-5.641717973195052,3.156075694253336,-1.6418838668428632,0.0,43.33410656501661,37.115156213802734,30.561421709685494,-12.041891084634164,106.88927896164492,1134.057439997477,1.274,1.0150000015428002,0.0,4.091744920655008,210.00008998959544,0.1275548247373823,9.374000344907908e-06,-0.2239071190441767,-0.1077179163871543,0.0297217967939534,1.8047746851009567,10.603233904936824,43.14395847885685,6.6697509780446556
4.81,31.22175024023289,131.0116814967281,147.0945392292223,1.3162234065452996,-1.170594609704767,-5.634010506288486,3.300945078502034,-1.7925985180607091,0.0,43.28037931021515,37.1077257907905,30.423076945732856,-12.061654928118683,106.8503212332176,1131.2242543387003,1.274,1.0150000015428002,0.0,4.092722167940889,210.00008998959544,0.127396979591129,9.394706375805938e-06,-0.2281815393098124,-0.1116760496242271,0.0302510260012179,1.761389999913346,10.654402412110734,43.09651553077085,6.771389978668286
4.82,31.22174899618704,131.011685113748,147.3031366356725,1.2917184310613727,-1.1285071426456132,-5.626441202275481,3.438437280206092,-1.9383380984045644,0.0,43.226829331408055,37.100344803158784,30.281851161230698,-12.082278766534058,106.8094993982356,1128.404030173998,1.274,1.0150000015428002,0.0,4.093694891555714,210.00008998959544,0.1272396541107652,9.41571620891728e-06,-0.2323662073249002,-0.1154865523453726,0.030767072162626,1.715181943653367,10.707444285529064,43.0495753051066,6.872906671583781
4.83,31.221747752113924,131.01168872993307,147.51075822827957,1.2651627680650204,-1.0844394344087298,-5.618997416858414,3.56835957412228,-2.078869349753071,0.0,43.17345729322147,37.09301540593361,30.137810640218017,-12.103705336953396,106.7669077739166,1125.5967662665687,1.274,1.0150000015428002,0.0,4.094663088869646,210.00008998959544,0.1270828502606249,9.437054665172076e-06,-0.2364546027712739,-0.1191433693619744,0.0312691254255613,1.6662696577345943,10.762292710822488,43.0031241154481,6.9733793668661415
4.84,31.2217465080208,131.01169234529283,147.7174033325564,1.2366186118406628,-1.0384860586913445,-5.61166186745344,3.690536390083317,-2.213972030967977,0.0,43.120263873857056,37.08573962698005,29.991026097624573,-12.12587649499622,106.72264324006473,1122.8024620422675,1.274,1.0150000015428002,0.0,4.09562675698934,210.00008998959544,0.1269265700449112,9.458745892909906e-06,-0.240440454166512,-0.1226408013811972,0.0317564128596443,1.614779061727757,10.818878282945455,42.95714779658832,7.071950220064385
4.85,31.22174526391521,131.01169595983694,147.9230712173608,1.2061515003954424,-0.990744503974552,-5.604412729453509,3.804809405273811,-2.3434391675869484,0.0,43.06724976466085,37.07851936509899,29.841572513887783,-12.148733403007126,106.67680497726876,1120.0211175635154,1.274,1.0150000015428002,0.0,4.096585892763208,210.00008998959544,0.1267708155064353,9.48081332135772e-06,-0.244317747901843,-0.1259735116161512,0.0322281994053298,1.5608430764741603,10.877128979418462,42.91163173725592,7.167825596699545
4.86,31.221744019804834,131.01169957357538,148.12776110483367,1.1738301550173675,-0.9413149583789814,-5.597223773570144,3.9110376017140753,-2.467077272466577,0.0,43.014415669675294,37.071356388437536,29.689528962850112,-12.17221671582902,106.62949420540076,1117.2527335030677,1.274,1.0150000015428002,0.0,4.097540492807772,210.00008998959544,0.1266155887253008,9.503279616314705e-06,-0.2480807366663231,-0.1291365316044234,0.0326837887345009,1.504601976856496,10.936970143773337,42.86656091332008,7.260275432913086
4.87,31.22174277569756,131.0117031865185,148.33147217040027,1.1397265765567868,-0.8902974981009497,-5.590064548495048,4.0090965864793295,-2.5847066016220324,0.0,42.96176187454881,37.06425233321141,29.534978433250902,-12.1962667634115,106.5808139232726,1114.4972887746346,1.274,1.0150000015428002,0.0,4.098488551930839,210.00008998959544,0.1264608905499645,9.526166638223909e-06,-0.2517239472499543,-0.1321252662363262,0.0331225236908944,1.446202528881634,10.998327210507956,42.82191989817627,7.348631526517702
4.88,31.22174153160145,131.01170679867687,148.53420354078196,1.1039164136896031,-0.8377866102260074,-5.582900567198413,4.098876807914807,-2.696161482173792,0.0,42.90928737146646,37.057208702289216,29.37800764414366,-12.22082372953576,106.53086865027048,1111.7546953247072,1.274,1.0150000015428002,0.0,4.099422011283364,210.00008998959544,0.1263067180213804,9.549495403115187e-06,-0.255242188510914,-0.1349354893878073,0.0335437863715481,1.385796160597245,11.061131246517997,42.77769284788656,7.432284747481344
4.89,31.22174028752468,131.01171041006123,148.7359543098988,1.0664756194123544,-0.7839024309618395,-5.575693396496164,4.180290932083515,-2.801289762707545,0.0,42.85699507389139,37.050226863344285,29.21870685518915,-12.245827823227511,106.47976417637368,1109.0250684328769,1.274,1.0150000015428002,0.0,4.100350981403032,210.00008998959544,0.1261530797230082,9.573286051741516e-06,-0.2586305603388955,-0.1375633215014855,0.0339470031050794,1.3235566848711708,11.125285870224396,42.73386380951909,7.510686617296763
4.9,31.22173904347559,131.01171402068277,148.9367235189908,1.0274839684317776,-0.7287537562036293,-5.568401310593374,4.253267094938029,-2.899953525378221,0.0,42.80488573172177,37.04330805299182,29.05716967339633,-12.271219436852055,106.42760733250668,1106.3084109284775,1.274,1.0150000015428002,0.0,4.1012754581430455,210.00008998959544,0.1259999778696352,9.597557829732728e-06,-0.2618844523494404,-0.1400053105909189,0.0343316393340106,1.259662022212071,11.190705976082723,42.69041644585498,7.583343892113437
4.91,31.221737799462623,131.0117176305525,149.1365101824599,0.9870235617158976,-0.6724509992063451,-5.560979407397201,4.317750521500124,-2.9920290020438225,0.0,42.752960105086096,37.03645337308496,28.893492849415463,-12.296939323591216,106.37450571373888,1103.6047261101971,1.274,1.0150000015428002,0.0,4.102195437112078,210.00008998959544,0.1258474147061136,9.622329034232071e-06,-0.264999553151751,-0.1422583903192806,0.034697202215123,1.1943036152072748,11.257303922574202,42.647334174083085,7.649816931435789
4.92,31.22173655549432,131.01172123968192,149.33531327494927,0.9451786498647166,-0.6151059427217799,-5.553379948021698,4.373703379430039,-3.077406618846617,0.0,42.701218963734405,37.02966379169828,28.72777607230079,-12.32292875440486,106.32056743608136,1100.9140177140491,1.274,1.0150000015428002,0.0,4.103110913788717,210.00008998959544,0.1256953925055555,9.647616984852732e-06,-0.2679718549670573,-0.1443198812184178,0.0350432409529816,1.1276895312761497,11.324989627869767,42.60460020416131,7.709717348648275
4.93,31.22173531157927,131.01172484808248,149.5331317412821,0.9020354526018566,-0.5568315149343182,-5.545552717333369,4.421104604086935,-3.1559910111840885,0.0,42.64966308646063,37.02294014362735,28.560121760095093,-12.34912966827116,106.2659008985925,1098.2362898818835,1.274,1.0150000015428002,0.0,4.104021883479857,210.00008998959544,0.1255439135676377,9.673437997293223e-06,-0.2707976576121013,-0.1461874910751136,0.0353693470483974,1.060048902733948,11.393670658262767,42.56219757349973,7.762705721826442
4.94,31.22173406772617,131.0117284557658,149.72996448950354,0.8576819769068714,-0.497741565885245,-5.537445404718206,4.459949692736625,-3.22770100959198,0.0,42.59829326052534,37.016283131166254,28.390634846667,-12.3754848152692,106.21061455136496,1095.5715471299468,1.274,1.0150000015428002,0.0,4.104928341336298,210.00008998959544,0.1253929802169115,9.699807359711088e-06,-0.2734735718411966,-0.1478593145736947,0.0356751544617745,0.9916383082288166,11.463252333193696,42.52010918159412,7.808489398039635
4.95,31.22173282394376,131.0117320627437,149.9258104107601,0.8122078341506295,-0.4379506447822434,-5.529004001741634,4.490250468690978,-3.2924695968099225,0.0,42.547110281069855,37.00969332515462,28.21942256523876,-12.401937892147288,106.15481666986184,1092.9197943178604,1.274,1.0150000015428002,0.0,4.105830282378773,210.00008998959544,0.125242594801077,9.726739311864515e-06,-0.2759965220487029,-0.1493338322071268,0.0359603396923917,0.9227510419458216,11.533637846590167,42.478317824536624,7.846820411400547
4.96,31.22173158024076,131.0117356690279,150.1206683624014,0.7657040565928995,-0.3775737785559842,-5.520173213306534,4.512034816226636,-3.350243836377628,0.0,42.496114950515214,37.003171166286926,28.04659422905397,-12.428433670075869,106.09861513601663,1090.281036616356,1.274,1.0150000015428002,0.0,4.106727701497931,210.00008998959544,0.1250927596892247,9.75424702705713e-06,-0.2783637483350284,-0.1506099084699547,0.0362246217747548,0.8537307381814364,11.604728404068954,42.43680622933762,7.877493525921466
4.97,31.221730336625928,131.0117392746303,150.31453718686623,0.7182629135812764,-0.3167262521413137,-5.510896878875481,4.5253463872315205,-3.4009847731871647,0.0,42.44530807795931,36.99671696667622,27.87226100964393,-12.454918114339891,106.0421172264588,1087.655279476509,1.274,1.0150000015428002,0.0,4.107620593485567,210.00008998959544,0.1249434772700526,9.782342596796568e-06,-0.2805728079405552,-0.1516867893475385,0.0364677621934364,0.784991641233924,11.676423375244816,42.39555708799449,7.900344407776147
4.98,31.221729093108056,131.01174287956272,150.50741570074763,0.6699777278025238,-0.2555233907613407,-5.501118400308664,4.530244280560613,-3.4446673065012163,0.0,42.39469047855427,36.99033091166383,27.696535713159847,-12.481338495779063,105.9854294081752,1085.0425285961755,1.274,1.0150000015428002,0.0,4.108508953008608,210.00008998959544,0.1247947499500529,9.811037018254798e-06,-0.2826215760531509,-0.1525640991175044,0.0366895647177627,0.7170490799563551,11.748620460433012,42.35455309124247,7.9152479271495375
4.99,31.22172784969585,131.01174648383707,150.6993027097025,0.6209436238444648,-0.1940715399477478,-5.490781140800168,4.526800389774149,-3.4812802686118056,0.0,42.34426151258794,36.984013061866165,27.519532555244403,-12.507643493837032,105.92865714186864,1082.442715229913,1.274,1.0150000015428002,0.0,4.1093860701644696,210.00008998959544,0.1246465758530748,9.840340184394764e-06,-0.2845082459962391,-0.1532418364801236,0.0368898738859469,0.6505638108912019,11.821225119157548,42.31377688467137,7.9221153496810475
5.0,31.22172660639801,131.01175008746523,150.8901970014938,0.5712551853561416,-0.1324883675395047,-5.479828801738333,4.515103251363537,-3.510825824815692,0.0,42.294022479945546,36.977763354067456,27.341366934921098,-12.53378329113262,105.87190469322512,1079.855869974246,1.274,1.0150000015428002,0.0,4.110254135040332,210.00008998959544,0.1244989588124011,9.87026087844844e-06,-0.2862313316639749,-0.1537203417993263,0.0370685779921287,0.5864171490437036,11.894129208427522,42.2732112743844,7.920895090772718
5.01,31.2217253632232,131.01175369045905,151.08009735493508,0.5210071632290411,-0.0708940635347836,-5.468205992017817,4.495256940273953,-3.5333193322049565,0.0,42.2439752040917,36.97158160604787,27.162155209902377,-12.559709651205312,105.815274970405,1077.282049948642,1.274,1.0150000015428002,0.0,4.111117709022345,210.00008998959544,0.1243519042025535,9.900806782764404e-06,-0.2877896627365553,-0.1540003297405498,0.0372256070088407,0.5258082291577048,11.967220220163211,42.23283919347403,7.911571097674216
5.02,31.22172412017999,131.01175729283025,151.2690025408857,0.4702952665716982,-0.0094020088134735,-5.455858651297942,4.4673786737031485,-3.548789309107125,0.0,42.19412051809592,36.965467519126726,26.9820144693066,-12.585375999122668,105.75886934530816,1074.7212615154465,1.274,1.0150000015428002,0.0,4.111976786604025,210.00008998959544,0.1242054144826537,9.931984471004084e-06,-0.289182382020545,-0.1540828933288247,0.0373609306538843,0.4703892362123222,12.04039107691382,42.19264365401168,7.8941605885384245
5.03,31.22172287727688,131.01176089459057,151.4569113192668,0.4192153499728727,0.0518754092481603,-5.442734401525593,4.431599147998366,-3.5572771034270274,0.0,42.14445925805968,36.959420679958576,26.80106230617728,-12.610737496371089,105.70278747687767,1072.1735111305857,1.274,1.0150000015428002,0.0,4.112831362201833,210.00008998959544,0.1240594921207364,9.963799399209438e-06,-0.2904089451947009,-0.1539694782487185,0.037474558964354,0.422412736214779,12.113534032343187,42.15260782717619,7.868713310615413
5.04,31.22172163452227,131.0117644957516,151.6438224490017,0.3678632377595125,0.112827004903532,-5.428782945869952,4.388062077896145,-3.558836615830144,0.0,42.09499226237183,36.95344056394342,26.6194165922529,-12.635751101599068,105.64712715521289,1069.638805307112,1.274,1.0150000015428002,0.0,4.113681430221963,210.00008998959544,0.1239141395915525,9.996255908836e-06,-0.2914691180457763,-0.1536618759443271,0.0375665416898436,0.3847767142291349,12.186540910996138,42.11271507540427,7.835310531881428
5.05,31.22172039192443,131.0117680963248,151.82973469397902,0.3163345493843708,0.1733429869832482,-5.4139564508011695,4.336923718782409,-3.5535340011099863,0.0,42.045720371068775,36.94752653849601,26.43719525415185,-12.66037562314575,105.59198415398856,1067.117150582744,1.274,1.0150000015428002,0.0,4.11452698504492,210.00008998959544,0.123769359374703,1.002935723214902e-05,-0.2923629731561747,-0.1531622161379619,0.0376369676204717,0.3607146142874555,12.259303343265747,42.07294898225401,7.794064131809142
5.06,31.221719149491523,131.01177169632152,152.0146468091373,0.264724527270569,0.2333151469026215,-5.398209909791118,4.278352372100664,-3.541447348971678,0.0,41.996644425212125,36.94167786648308,26.254516051442728,-12.684571763515656,105.53745209117484,1064.6085534915587,1.274,1.0150000015428002,0.0,4.115368021082033,210.00008998959544,0.123625153952783,1.0063105499997776e-05,-0.2930908860554417,-0.1524729588253419,0.0376859638519423,0.3528663284557181,12.331713004846632,42.0332933814996,7.745115788389799
5.07,31.221717907231564,131.01177529575287,152.19855756431912,0.2131278674059037,0.2926370416908963,-5.381501486157251,4.212527875375425,-3.522666345423703,0.0,41.94776526623959,36.935893709817016,26.07149635706106,-12.708302156004244,105.4836222979997,1062.1130205303798,1.274,1.0150000015428002,0.0,4.1162045326984,210.00008998959544,0.1234815258095035,1.0097501751703496e-05,-0.2936535308520015,-0.1515968857719993,0.0377136949900124,0.3620214510991651,12.403661859623076,41.9937323854038,7.6886362592795665
5.08,31.221716665152407,131.01177889462997,152.38146572637976,0.1616385528968311,0.3512041713447887,-5.363792832785921,4.139641078485165,-3.497291916008949,0.0,41.899083735360094,36.930173133195325,25.888252940523248,-12.73153139370852,105.4305836960698,1059.6305581310337,1.274,1.0150000015428002,0.0,4.117036514320756,210.00008998959544,0.1233384774278982,1.013254594714612e-05,-0.2940518753626022,-0.1505370915354498,0.0377203622974723,0.3866148788257019,12.47504240426432,41.95425041212744,7.624824755855638
5.09,31.22171542326173,131.01178249296356,152.5633700800603,0.1103496907781621,0.4089141506881385,-5.3450493866797935,4.05989330766992,-3.465435852169632,0.0,41.85060067292172,36.92451510797444,25.70490175437726,-12.7542260511841,105.37842268254116,1057.1611726302915,1.274,1.0150000015428002,0.0,4.117863960396389,210.00008998959544,0.1231960112884653,1.016823698087514e-05,-0.2942871757577111,-0.1492969740395521,0.0377062027862585,0.4235417690622202,12.545747913740673,41.91483221223038,7.553908409638795
5.1,31.22171418156708,131.01178609076428,152.74426941904164,0.0593533522877769,0.4656668752276295,-5.325240636502377,3.9734958188936753,-3.427220422065744,0.0,41.80231691779592,36.91891851616642,25.52155772431741,-12.776354699034174,105.327223023208,1054.7048702404009,1.274,1.0150000015428002,0.0,4.118686865403401,210.00008998959544,0.1230541298673641,1.0204572698102814e-05,-0.2943609707420876,-0.1478802247265679,0.0376714882576986,0.4694341077774042,12.61567268628574,41.87546289422573,7.476141831241985
5.11,31.22171294007574,131.01178968804248,152.92416254892498,0.0087405638814951,0.521365997850583,-5.304340349312577,3.880668908826959,-3.382778004547418,0.0,41.75423308806778,36.913382154547136,25.33833454337529,-12.79788791173574,105.27706575336296,1052.2616459976796,1.274,1.0150000015428002,0.0,4.119504233677423,210.00008998959544,0.1229128349908289,1.0241549912576224e-05,-0.2942750752904331,-0.1462908183136569,0.037616524096882,0.5214392573090494,12.684713663180132,41.83612793731636,7.391806595774236
5.12,31.22171169879484,131.01179328480836,153.103048290215,-0.041397883261263,0.5759276267388721,-5.282326675400281,3.7816390334771377,-3.3322509365466515,0.0,41.70634816002817,36.9079047386778,25.1553444705846,-12.81879826902681,105.22802908626272,1049.831412290181,1.274,1.0150000015428002,0.0,4.120307661752092,210.00008998959544,0.1227721236521025,1.0279164426396028e-05,-0.2940315744176117,-0.1445329980983622,0.0375416469990978,0.5774135071666228,12.752779591960522,41.79681313664786,7.301209844216184
5.13,31.221710457731263,131.01179688107177,153.28092549124014,-0.090975347878335,0.6292468150206117,-5.259182504743557,3.676645506956117,-3.275790269534474,0.0,41.65866504969291,36.902484905880335,24.972698134763395,-12.839060350099665,105.1801883316027,1047.414280007707,1.274,1.0150000015428002,0.0,4.121106590696331,210.00008998959544,0.1226320044419026,1.0317411055352992e-05,-0.293632819553578,-0.1426112345709337,0.0374472293434018,0.6357890651610875,12.819756098554898,41.75750492132535,7.204687688720314
5.14,31.22170921689169,131.01180047684227,153.45779301026053,-0.1399054222260495,0.6812341105939027,-5.234895617495147,3.565933714989879,-3.213556023382714,0.0,41.61118458366602,36.897121223449936,24.79050434546201,-12.858650714007176,105.13361584042148,1045.0102545664604,1.274,1.0150000015428002,0.0,4.121901015352792,210.00008998959544,0.1224924798003195,1.0356283666255084e-05,-0.2930814127697655,-0.1405302879098361,0.0373336715619152,0.6954513054459907,12.885543973108913,41.71819006631436,7.102602178159125
5.15,31.22170797628255,131.01180407212937,153.6336497353484,-0.1881034756058146,0.731803053298879,-5.209458729861109,3.449756140164113,-3.145716563106504,0.0,41.56390758454836,36.89181219016216,24.60886990472745,-12.877547894494096,105.08838091037344,1042.6193411439808,1.274,1.0150000015428002,0.0,4.12269093063005,210.00008998959544,0.1223535521556835,1.0395775181542196e-05,-0.292380203319925,-0.1382951571797259,0.0372014034060951,0.7555903005493155,12.950046187288708,41.67885581397685,6.995342048829972
5.16,31.221706735910043,131.011807666942,153.80849457842234,-0.2354867862912681,0.7808703229760516,-5.182869576765985,3.328371781003547,-3.0724481454935697,0.0,41.516834869956526,36.88655624137353,24.42789942728164,-12.895732379100616,105.044549722759,1040.2415446335583,1.274,1.0150000015428002,0.0,4.123476331558388,210.00008998959544,0.1222152239216709,1.0435877604710636e-05,-0.2915322794633285,-0.1359110685822311,0.0370508827388841,0.8156034909048459,13.013168136687083,41.63948989632453,6.8833228435904426
5.17,31.22170549578009,131.01181126128893,153.98232647922353,-0.2819746710097519,0.8283558583548047,-5.155130959473837,3.2020455738955578,-2.993934459710402,0.0,41.46996725196978,36.881351753557695,24.247695166884565,-12.913186583622895,105.0021852861518,1037.87686961925,1.274,1.0150000015428002,0.0,4.124257213274584,210.00008998959544,0.1220774974956861,1.0476582046863968e-05,-0.2905409599816258,-0.1333834634053813,0.0368825942980197,0.8750300585459307,13.074817854065952,41.6000805530956,6.76698711508092
5.18,31.22170425589837,131.0118148551786,154.15514440630997,-0.3274886093709737,0.8741829686224003,-5.126250760301858,3.071047816358273,-2.910366163362347,0.0,41.42330553660061,36.87619704887476,24.068356849169696,-12.929894822282211,104.96134738645708,1035.5253203541008,1.274,1.0150000015428002,0.0,4.125033571057406,210.00008998959544,0.1219403752572884,1.0517878754329324e-05,-0.2894097854046535,-0.1307179857671829,0.0366970484324081,0.9335075413167716,13.134906214800685,41.56061654868352,6.646804702464092
5.19,31.22170301627027,131.01181844861912,154.32694735705476,-0.3719523630739683,0.9182784377212392,-5.096241924761243,2.9356535929307825,-2.821940415315256,0.0,41.3768505232613,36.871090399761314,23.88998151121358,-12.94584327397166,104.9220925431952,1033.1869007358143,1.274,1.0150000015428002,0.0,4.125805400281974,210.00008998959544,0.1218038595666415,1.0559757137273857e-05,-0.2881425089681903,-0.127920470180196,0.0364947798144978,0.9907431573061836,13.193347134078357,41.52108718789943,6.523273065031942
5.2,31.22170177690092,131.01182204161833,154.49773436758733,-0.4152920897759176,0.9605726210389424,-5.06512241169164,2.7961422049802374,-2.7288604065356568,0.0,41.33060300427044,36.86603003353199,23.712663348080152,-12.961019944945736,104.88447397180263,1030.8616142864043,1.274,1.0150000015428002,0.0,4.126572696485686,210.00008998959544,0.1216679527630547,1.0602205799227438e-05,-0.2867430873267078,-0.1249969289632549,0.0362763461319318,1.0464946828601962,13.250057755049417,41.48148233056083,6.396917647918459
5.21,31.22170053779512,131.01182563418357,154.66750450384507,-0.4574364514601788,1.0009995346922227,-5.032915112161319,2.652796605556127,-2.631334890170651,0.0,41.28456376435559,36.86101413697912,23.53649356655817,-12.975414628313835,104.84854155174808,1028.549464131593,1.274,1.0150000015428002,0.0,4.127335455353002,210.00008998959544,0.1215326571635173,1.0645212567342672e-05,-0.2852156710439952,-0.1219535395268922,0.0360423267613993,1.10055753401934,13.30495862773636,41.44179240489668,6.268292244375759
5.22,31.221699298957432,131.01182922632202,154.83625686952735,-0.4983167171934385,1.039496937238436,-4.999647738106633,2.505902840414252,-2.529577712030662,0.0,41.23873358017513,36.85604086096304,23.361560246288057,-12.98901886069112,104.81434180026376,1026.2504529801656,1.274,1.0150000015428002,0.0,4.1280936727103725,210.00008998959544,0.1213979750613037,1.0688764523403655e-05,-0.2835645948844817,-0.118796631557817,0.0357933214276685,1.1527559096250422,13.35797387816619,41.4020084197678,6.1379793052724825
5.23,31.22169806039208,131.01183281804032,155.00399060808118,-0.5378668601661942,1.0760064037337076,-4.965352681876024,2.355749496254747,-2.423807342579452,0.0,41.193113219867485,36.85110832498067,23.18794820845324,-13.001825876352267,104.78191785149768,1023.964583106866,1.274,1.0150000015428002,0.0,4.128847344571885,210.00008998959544,0.1212639087246315,1.0732848035416472e-05,-0.2817943679278178,-0.115532674127701,0.0355299488508441,1.2029366270344732,13.40903136732416,41.36212197570061,6.006590129054919
5.24,31.221696822103,131.01183640934497,155.1707049007136,-0.5760236488921944,1.1104733923166508,-4.930066848011954,2.2026271570900327,-2.314246411483437,0.0,41.14770344259757,36.84621462170424,23.01573889218853,-13.013830559223308,104.75130944089769,1021.6918563330136,1.274,1.0150000015428002,0.0,4.129596467093611,210.00008998959544,0.1211304603953433,1.077744878973284e-05,-0.2799096635289669,-0.1121682627511562,0.0352528453845327,1.2509647683649956,13.458062839831896,41.32212527473461,5.874764843981503
5.25,31.22169558409381,131.01184000024188,155.33639896937373,-0.6127260655105166,1.1428529069587758,-4.893831382340324,2.0468265033525515,-2.2011214172697025,0.0,41.1025040640687,36.8413578214797,22.84501023883708,-13.025029393035506,104.72255289464589,1019.4322276770883,1.274,1.0150000015428002,0.0,4.130336881815342,210.00008998959544,0.120997629537946,1.0822551823589848e-05,-0.277915309145789,-0.1087101064166557,0.0349626628533496,1.2967251852480273,13.50500987869926,41.28201107509738,5.743171582598662
5.26,31.22169434636781,131.0118435907367,155.50107208072848,-0.647916529364424,1.173099851172198,-4.856691499459168,1.888639492805381,-2.084662060355553,0.0,41.05751556752787,36.8365359760249,22.67583658416577,-13.035420409952929,104.695681123968,1017.1856854392768,1.274,1.0150000015428002,0.0,4.131067457489149,210.00008998959544,0.120865417582095,1.086814155920014e-05,-0.2758162781630948,-0.1051649978792203,0.0346600688366089,1.340112095226579,13.549813959644544,41.2417727870776,5.612506335015486
5.27,31.221693108928022,131.0118471808348,155.66472354417274,-0.681541539886008,1.2011644222947997,-4.8186963705078645,1.728360461184399,-1.9651005830274977,0.0,41.01273988269773,36.83174712362088,22.508288559616226,-13.045003133973944,104.67072363455668,1014.952289572765,1.274,1.0150000015428002,0.0,4.1317935315876895,210.00008998959544,0.1207338302156145,1.0914201845534469e-05,-0.2736176780107513,-0.1015398130850474,0.0343457457378417,1.3810238188154107,13.5924117535644,41.201404528520825,5.483492034857553
5.28,31.2216918717771,131.01185077054092,155.82735271183168,-0.713549840784812,1.2270081149683176,-4.77989876933447,1.566282769361752,-1.842671680155144,0.0,40.96817772855218,36.82698929442142,22.342433000921424,-13.053778526486855,104.64770653278632,1012.732039915122,1.274,1.0150000015428002,0.0,4.132515101036995,210.00008998959544,0.1206028695621839,1.0960715992425444e-05,-0.2713247364106358,-0.0978415242867895,0.0340203867416331,1.4193746689759978,13.6327518019218,41.16090098074975,5.356875290645703
5.29,31.22169063491739,131.01185435985968,155.98895898452187,-0.7438933385127748,1.250596514070392,-4.740354781897156,1.402699211153834,-1.7176119484196763,0.0,40.92382981350281,36.82226051334292,22.178332863364965,-13.061748937305175,104.62665252015908,1010.524935795809,1.274,1.0150000015428002,0.0,4.133232163008411,210.00008998959544,0.120472537714416,1.1007666793424029e-05,-0.2689427935906745,-0.0940771655478736,0.0336846958164039,1.4550879892541224,13.670787098039089,41.120257456716175,5.233423290789773
5.3,31.22168939835092,131.01185794879518,156.1495418067829,-0.7725271554679026,1.2718993287040548,-4.700123508219339,1.2379015325752047,-1.5901594544993227,0.0,40.87969683472302,36.81755880455527,22.016047146517845,-13.068918050015643,104.60758090551158,1008.3309760061536,1.274,1.0150000015428002,0.0,4.133944714838494,210.00008998959544,0.1203428367318868,1.105503655950212e-05,-0.2664772917584321,-0.0902538200142694,0.0333393863533034,1.4880954513066604,13.706475182241064,41.0794699055058,5.113919073235485
5.31,31.221688162079392,131.0118615373512,156.3091006778101,-0.7994096785437023,1.2908904063129432,-4.659266748875924,1.072179965395888,-1.460553311185917,0.0,40.83577947785347,36.81288219555648,21.85563082717868,-13.075290827147226,104.59050762131508,1006.1501587902015,1.274,1.0150000015428002,0.0,4.134652754094102,210.00008998959544,0.1202137686402613,1.110280715278628e-05,-0.2639337645685686,-0.0863786072526897,0.0329851798147538,1.5183365038735266,13.739778213237912,41.038534914112006,4.999155177646848
5.32,31.22168692610419,131.0118651255311,156.46763513555095,-0.8245026014401223,1.3075477397301047,-4.617848678916771,0.905822773701386,-1.3290332620001943,0.0,40.79207841670901,36.80822872115053,21.697134800512675,-13.080873455372254,104.57544524396438,1003.9824818355626,1.274,1.0150000015428002,0.0,4.135356278552366,210.00008998959544,0.1200853354304251,1.1150960020298627e-05,-0.2613178265976968,-0.082458670712432,0.032622804393801,1.5457579409361606,13.770663028463847,40.9974497081119,4.8899254319705445
5.33,31.22168569042635,131.0118687133379,156.62514477559063,-0.8477709607570932,1.321853467117616,-4.575935511451768,0.7391158137677549,-1.1958392747428448,0.0,40.748594313007615,36.803596427321104,21.540605829364427,-13.085673290942868,104.5624030179333,1001.8279422639724,1.274,1.0150000015428002,0.0,4.136055286185664,210.00008998959544,0.1199575390577008,1.119947622762784e-05,-0.2586351628443599,-0.0785011653290384,0.0322529936863028,1.5703135579398386,13.799101193270284,40.95621215126094,4.78701468163034
5.34,31.221684455046592,131.01187230077417,156.7816292412111,-0.8691831658966293,1.3337938648266647,-4.53359515314677,0.5723421075055836,-1.061211144355479,0.0,40.70532781613513,36.798983374994776,21.38608650170372,-13.089698805548707,104.5513868836838,999.6865366256332,1.274,1.0150000015428002,0.0,4.136749775211693,210.00008998959544,0.1198303814411425,1.1248336492566715e-05,-0.2558915182711676,-0.0745132452876349,0.031876485378021,1.5919638732885848,13.82506903896207,40.91482074402596,4.691186373782658
5.35,31.22168321996532,131.01187588784225,156.9370882214043,-0.8887110227753376,1.3433593335092855,-4.490896853877405,0.4057814296140042,-0.9253881054170308,0.0,40.66227956291115,36.7943876436881,21.23361519614677,-13.092959532765317,104.54239950921996,997.5582608926504,1.274,1.0150000015428002,0.0,4.137439744053419,210.00008998959544,0.1197038644628469,1.1297521218573791e-05,-0.2530926874054494,-0.0705020519632925,0.0314940199483378,1.6106758984413772,13.848547689986727,40.873274621075474,4.6031680684538205
5.36,31.221681985182585,131.01187947454395,157.09152146478712,-0.9063297514091148,1.350544377426164,-4.447910852782002,0.2397099086060914,-0.7886084545370478,0.0,40.61945017738676,36.7898073350329,21.08322605548092,-13.09546601524518,104.53544032518715,995.4431104534044,1.274,1.0150000015428002,0.0,4.1381251913440735,210.00008998959544,0.1195779899673678,1.1347010528102468e-05,-0.2502445040142318,-0.0664747020543984,0.0311063393923876,1.626422943895293,13.869523080199691,40.83157354775066,4.5236351631345295
5.37,31.221680750698155,131.0118830608808,157.24492876170905,-0.9220179974186176,1.3553475771075036,-4.404708022931472,0.0743996417951281,-0.6511091828602429,0.0,40.576840270670246,36.785240576174346,20.934948968105942,-13.097229752786792,104.53050556341952,993.3410801095127,1.274,1.0150000015428002,0.0,4.138806115962208,210.00008998959544,0.1194527597611961,1.139678429573484e-05,-0.2473528308686433,-0.0624382759248303,0.0307141859633144,1.639184451603262,13.88798595835362,40.7897179155384,4.45319337576767
5.38,31.22167951651145,131.01188664685392,157.39730996512696,-0.9357578375027285,1.3577715556264387,-4.361359516792281,-0.0898816757319099,-0.5131256188552467,0.0,40.534450440762505,36.7806855230378,20.78880955729169,-13.09826315140044,104.52758829884672,991.252164073054,1.274,1.0150000015428002,0.0,4.139482517011667,210.00008998959544,0.119328175612271,1.1446822181096536e-05,-0.2444235496122234,-0.0583998061699296,0.0303183009361503,1.648945846745188,13.903931883075902,40.74770873656969,4.392360806112421
5.39,31.221678282621586,131.0118902324642,157.54866496972954,-0.947534778963891,1.35782293854667,-4.3179364146100765,-0.2528711081252588,-0.3748910815142381,0.0,40.49228127241663,36.77614036346046,20.64482917813888,-13.09857947347336,104.52667849467372,989.176355964316,1.274,1.0150000015428002,0.0,4.140154393811569,210.00008998959544,0.1192042392495719,1.149710366152888e-05,-0.2414625507470463,-0.0543662664202189,0.0299194233947881,1.6556984033146191,13.917361207398711,40.70554763716778,4.341550644751151
5.4,31.22167704902734,131.01189381771195,157.69899372684893,-0.9573373267791296,1.3555156498794532,-4.274509328978254,-0.4143116090881827,-0.2366366526008339,0.0,40.45033277694085,36.7716033201824,20.503024922117504,-13.098192789120526,104.52776305075224,987.1136214759584,1.274,1.0150000015428002,0.0,4.140819302166806,210.00008998959544,0.1190809507139616,1.1547608064478707e-05,-0.2384757237509335,-0.0503445603963665,0.0295182886347553,1.6594416030793735,13.928282509628824,40.66323681523114,4.3010558027421
5.41,31.221675815727213,131.01189740259738,157.84829624048322,-0.9651571939563888,1.350869048369581,-4.231148045197407,-0.5739522964796985,-0.0985908460828663,0.0,40.40860469244007,36.767072653215216,20.363409629046263,-13.097117928792388,104.53082585506677,985.0639131590812,1.274,1.0150000015428002,0.0,4.141473676316043,210.00008998959544,0.1189583092420505,1.1598314600349908e-05,-0.2354689486710761,-0.0463415015843,0.0291156274074524,1.6601816102910054,13.936710684510183,40.62077904782585,4.271036779746049
5.42,31.2216745827194,131.0119009871202,157.99657256630303,-0.970991177556542,1.3438931342702232,-4.187921383798916,-0.7315454744929208,0.0390211633260336,0.0,40.36709895317549,36.762546662465446,20.22599190687364,-13.09537043514232,104.53584784417892,983.0272907612635,1.274,1.0150000015428002,0.0,4.142123583270969,210.00008998959544,0.1188363205357145,1.1649202400101036e-05,-0.2324480871668493,-0.0423637985103659,0.0287121666295894,1.6579202978933851,13.942651659293462,40.57817783751249,4.2515134892551645
5.43,31.221673350001776,131.0119045712798,158.14382280568807,-0.974838387535163,1.334610016699459,-4.1448967535247165,-0.8868505092495081,0.1759773536686546,0.0,40.325816089644526,36.758023692277376,20.09077615880465,-13.092966515410897,104.5428070692623,981.0037455219629,1.274,1.0150000015428002,0.0,4.142769023278721,210.00008998959544,0.1187149861643495,1.170025055178982e-05,-0.2294189678180761,-0.0384180826954756,0.0283086249938291,1.652671139706854,13.946124603511526,40.535437183615,4.24236266155312
5.44,31.221672117571927,131.01190815507536,158.29004711964097,-0.9767012779980416,1.3230455043258889,-4.102139846499713,-1.039633098728396,0.3120592885913193,0.0,40.28475661912929,36.753502132012365,19.957762615397503,-13.089923003288591,104.5516787416587,978.993268115034,1.274,1.0150000015428002,0.0,4.143409996784129,210.00008998959544,0.1185943076584873,1.17514381197188e-05,-0.2263873802013336,-0.034510874737496,0.0279057133284031,1.6444528665265243,13.947153239952335,40.49256165227553,4.243320551149585
5.45,31.22167088542716,131.0119117385056,158.43524571487387,-0.9765856112284436,1.3092290448605928,-4.059714344749526,-1.189665548397976,0.4470524006113985,0.0,40.24392104529612,36.74898041869898,19.82694737473353,-13.086257316964655,104.5624352960928,976.9958486346804,1.274,1.0150000015428002,0.0,4.144046504479163,210.00008998959544,0.1184742865086071,1.1802744175187249e-05,-0.2233590658363578,-0.0306485748401348,0.0275041335479659,1.6332893643347692,13.94576578430484,40.4495563666347,4.25399112915184
5.46,31.221669653564497,131.01191532156903,158.5794188537467,-0.9745004184421474,1.2931936455418307,-4.017681641972847,-1.3367270315113997,0.580746263930543,0.0,40.20330985820098,36.74445703912941,19.698322449195192,-13.081987418585015,104.5750464566202,975.0114766004228,1.274,1.0150000015428002,0.0,4.144678547273263,210.00008998959544,0.1183549241651515,1.1854147826820013e-05,-0.2203397093371593,-0.0268374536192105,0.0271045776365137,1.6192095610410309,13.941994861970558,40.40642699444621,4.273859047288316
5.47,31.22166842198065,131.0119189042638,158.72256684333357,-0.9704579555268376,1.2749757886801565,-3.97610058215109,-1.4806038358804938,0.7129348567418397,0.0,40.16292353432367,36.73993053180255,19.571875818662736,-13.077131775101412,104.58947930526622,973.040140963937,1.274,1.0150000015428002,0.0,4.145306126298291,210.00008998959544,0.1182362220386209,1.1905628250504668e-05,-0.2173349297717992,-0.0230836432357625,0.0267077266622867,1.6022473114451934,13.935877416033856,40.3631797349564,4.302306319657374
5.48,31.22166719067212,131.0119224865878,158.86469004039327,-0.9644736539115528,1.2546153425157067,-3.9350272162202793,-1.62108959721649,0.8434168130687562,0.0,40.12276253661659,36.73539948871117,19.447591489931845,-13.071709320492182,104.60569835328684,971.0818301152513,1.274,1.0150000015428002,0.0,4.145929242888752,210.00008998959544,0.118118181499728,1.1957164718896488e-05,-0.2143502722399251,-0.0193931288643948,0.0263142498253889,1.5824412801347876,13.92745460669294,40.3198213050722,4.338631419602834
5.49,31.2216659596351,131.0119260685386,159.00578885633897,-0.956566066739434,1.2321554674672477,-3.8945145779011794,-1.7579855190859857,0.9719956641784608,0.0,40.08282731458781,36.73086255697362,19.325449562147448,-13.065739419324789,104.62366561498278,969.1365318925574,1.274,1.0150000015428002,0.0,4.146547898621344,210.00008998959544,0.118000803879625,1.2008736630503195e-05,-0.2113911996767557,-0.0157717405045069,0.025924803538965,1.5598348220704092,13.916771702275222,40.27635892484763,4.382069425965607
5.5,31.22166472886554,131.01192965011364,159.14586374232795,-0.946756810481926,1.2076425181852255,-3.854612479639635,-1.8911005795834808,1.0984800695990076,0.0,40.04311830438181,36.72631844030949,19.20542629804414,-13.059241831621687,104.64334068399558,967.2042335900182,1.274,1.0150000015428002,0.0,4.147162095260582,210.00008998959544,0.1178840904701499,1.2060323538293624e-05,-0.208463084891728,-0.0122251451418114,0.0255400305444788,1.5344758610215992,13.90387796231478,40.23280030231503,4.431811958285328
5.51,31.221663498359145,131.0119332313099,159.28491520715403,-0.9350705021958116,1.181125941364623,-3.815367329476014,-2.020251724730155,1.2226840377763415,0.0,40.003635928899776,36.72176590036059,19.087494200777204,-13.052236678981652,104.66468081201492,965.2849219681592,1.274,1.0150000015428002,0.0,4.147771834788456,210.00008998959544,0.1177680425241776,1.2111905177843495e-05,-0.2055712028497113,-0.0087588392663892,0.0251605590618225,1.506416765848286,13.888826512697852,40.18915361769386,4.487025868695339
5.52,31.221662268111377,131.01193681212428,159.42294379935575,-0.921534692576998,1.152658169687539,-3.7768219695170457,-2.1452640486647274,1.3444271363897848,0.0,39.96438059793057,36.71720375785686,18.971622096124303,-13.044744411902848,104.68764098982246,963.3785832647704,1.274,1.0150000015428002,0.0,4.1483771193994885,210.00008998959544,0.1176526612560027,1.216346149498029e-05,-0.2027207232021873,-0.0053781417536674,0.0247870019747875,1.4757142250888682,13.871674213320151,40.14542750700405,4.546869951184136
5.53,31.221661038117485,131.01194039255327,159.55995010821087,-0.9061797949941772,1.1222945120611882,-3.7390155365417233,-2.2659709606511087,1.463534692339392,0.0,39.92535270829976,36.71263089362935,18.85777521983317,-13.03678577824591,104.71217403059651,961.4852032067174,1.274,1.0150000015428002,0.0,4.148977951490852,210.00008998959544,0.1175379478417723,1.2214972672910787e-05,-0.1999167030754837,-0.0020881871136907,0.024419956052427,1.4424291203656785,13.852481518495049,40.101631045115305,4.610509231385993
5.54,31.22165980837249,131.01194397259334,159.6959347776511,-0.8890390106846808,1.090093040361546,-3.701983345130076,-2.382214338920674,1.579837981407693,0.0,39.886552644035255,36.70804624947078,18.74591530988699,-13.028381792770697,104.73823065539916,959.6047670221092,1.274,1.0150000015428002,0.0,4.149574333647536,210.00008998959544,0.1174239034199733,1.2266419158808991e-05,-0.1971640801227512,0.0011060808863642,0.0240600012067759,1.4066263993772985,13.8313123304042,40.05777372826184,4.677126670476016
5.55,31.221658578871164,131.01194755224057,159.83089849234727,-0.870148250301012,1.0561144728671163,-3.6657567935623456,-2.4938446713495326,1.6931744075885709,0.0,39.8479807765546,36.70344882884604,18.63600070345525,-13.019553707675236,104.76575958076388,957.7372594529036,1.274,1.0150000015428002,0.0,4.150166268642349,210.00008998959544,0.1173105290919902,1.2317781689838256e-05,-0.1944676658460071,0.0041999152220243,0.0237076997873561,1.3683749495263915,13.808233845865098,40.01386545605444,4.745932330836572
5.56,31.221657349608133,131.01195113149092,159.96484197273995,-0.8495460519973291,1.0204220545830596,-3.6303632925971128,-2.600721182961172,1.8033876720649755,0.0,39.809637464875216,36.69883769745431,18.527986438295503,-13.010322984061585,104.79470760829965,955.8826647698584,1.274,1.0150000015428002,0.0,4.150753759460635,210.00008998959544,0.1171978259227121,1.236904131858566e-05,-0.1918321391941903,0.0071887712297541,0.0233635959128988,1.327747473637341,13.783316396717211,39.96991651302082,4.816170200843762
5.57,31.221656120577794,131.01195471034012,160.09776598696627,-0.8272733386370492,0.9830825765654287,-3.595826204095913,-2.702712211088027,1.9103278935357355,0.0,39.77152286343074,36.69421198364496,18.42182435836848,-13.00071126425044,104.8250197162234,954.0409575563408,1.274,1.0150000015428002,0.0,4.1513359863875,210.00008998959544,0.1170857943747487,1.2420179437880735e-05,-0.1892620404427917,0.0100683118401442,0.0230282147291553,1.2848211419430555,13.756634470054676,39.92593753663131,4.88712308488827
5.58,31.22165489177437,131.01195828878377,160.22967134191492,-0.8033725391929518,0.9441719259762464,-3.562164739400376,-2.79969672249931,2.01385154766843,0.0,39.733635964688766,36.68957087848659,18.3174632234266,-12.990740344864388,104.85663915273004,952.212056869258,1.274,1.0150000015428002,0.0,4.151907219451227,210.00008998959544,0.1169744314899306,1.2471177805238513e-05,-0.1867617658298785,0.0128344156186076,0.0227020613332206,1.2396812653353446,13.728272437210569,39.88193943171736,4.958116318184484
5.59,31.22165366319193,131.0119618668172,160.3605588802446,-0.7778908174245969,0.903750969584277,-3.5293941387705114,-2.891559661165296,2.113822300607669,0.0,39.69597863741114,36.68491363472146,18.21484882248388,-12.980432149989776,104.889507533046,950.3960198743388,1.274,1.0150000015428002,0.0,4.152474074881567,210.00008998959544,0.1168637427777921,1.2522018569800951e-05,-0.184335564821024,0.0154832002449771,0.0223856228786458,1.1924050289465369,13.698299458387243,39.8379336211504,5.028517175014151
5.6,31.221652434824342,131.01196544443573,160.49042948237167,-0.7508763399327325,0.8618918081205085,-3.4975256090885174,-2.978196191529912,2.2101105260421403,0.0,39.65855119304033,36.6802395702445,18.113924091651963,-12.969808701359833,104.9235649496758,948.5928290899576,1.274,1.0150000015428002,0.0,4.153036556304056,210.00008998959544,0.1167537291631946,1.257268430383382e-05,-0.1819875277968748,0.0180109785156476,0.0220793646239815,1.1430792787740078,13.666796694437211,39.79393173571761,5.0977373881748305
5.61,31.221651206665364,131.01196902163443,160.61928406945202,-0.7223794480821433,0.8186684174080044,-3.466566351633229,-3.059510651300923,2.302593583507344,0.0,39.62135393224691,36.67554806531804,18.014629232977185,-12.958892098233637,104.9587500549716,946.8024666605528,1.274,1.0150000015428002,0.0,4.153594667515008,210.00008998959544,0.116644391539284,1.2623158012088109e-05,-0.1797215848964393,0.0204142878577722,0.0217837308235126,1.091794179957763,13.63384754519094,39.749945690885006,5.165232318735403
5.62,31.22164997870858,131.01197259840825,160.7471235864843,-0.6924525570563003,0.7741565301617757,-3.4365196225394654,-3.135416601354449,2.39115592410704,0.0,39.58438714484278,36.670838562844295,17.916901837496702,-12.947704492735388,104.99500016086886,945.0249143553568,1.274,1.0150000015428002,0.0,4.154148412447372,210.00008998959544,0.1165357307672403,1.2673423153109348e-05,-0.1775415013693979,0.0226898935643594,0.0214991442866541,1.038643200179948,13.599537474388631,39.70598766820279,5.230500074901067
5.63,31.221648750947463,131.01197617475202,160.87394902218955,-0.6611500550135847,0.7284335009027975,-3.4073848135513654,-3.2058368604305456,2.475689185668734,0.0,39.54765111009526,36.66611056796465,17.82067701104854,-12.9362680655685,105.032251339921,943.2601535869572,1.274,1.0150000015428002,0.0,4.15469779519024,210.00008998959544,0.1164277476771978,1.272346365972534e-05,-0.1754508732420182,0.0248347916787629,0.0212260059769923,0.9837231362539242,13.56395381562027,39.66207009444432,5.293080217354803
5.64,31.22164752337536,131.01197975066052,160.9997613891318,-0.6285282002895058,0.6815781696289204,-3.379157551881753,-3.2707035264613022,2.5560922770854213,0.0,39.51114609704636,36.66136364753759,17.72588750259252,-12.924605002021403,105.07043852754508,941.5081654301754,1.274,1.0150000015428002,0.0,4.155242819974218,210.00008998959544,0.1163204430691765,1.2773263958710396e-05,-0.1734531232931961,0.0268462114857029,0.0209646946499842,0.9271342217790812,13.527185575041244,39.61820562053959,5.352552199411194
5.65,31.221646295985487,131.01198332612836,161.12456173266335,-0.5946450168399944,0.6336707244061687,-3.351829818206406,-3.329957984511697,2.632271451771953,0.0,39.47487236484064,36.656597429496095,17.632463834797772,-12.912737468193654,105.10949562536076,939.7689306397784,1.274,1.0150000015428002,0.0,4.155783491147012,210.00008998959544,0.116213817714061,1.2822808989589957e-05,-0.1715514973431326,0.0287216176099948,0.0207155665292645,0.8689803598203233,13.489323231262835,39.57440710033187,5.408533655681955
5.66,31.22164506877101,131.01198690115007,161.24835112297464,-0.559560188126417,0.5847925629943604,-3.3253900817379467,-3.3835509013087544,2.704140370171728,0.0,39.43883016308127,36.65181160209053,17.540334436653307,-12.900687587375316,105.14935560550032,938.0424296719872,1.274,1.0150000015428002,0.0,4.156319813217364,210.00008998959544,0.1161078723546239,1.2872084222549678e-05,-0.1697490608567076,0.0304587117245426,0.0204789550215988,0.8093695529181443,13.450458532782402,39.53068756919522,5.460678624407491
5.67,31.22164384172497,131.01199047572018,161.37113066105687,-0.5233349495870571,0.5350261539957165,-3.299823451235891,-3.431442206420684,2.771620151243552,0.0,39.40301973216686,36.64700591301973,17.44942577785891,-12.88847741651697,105.18995061576388,936.3286427022334,1.274,1.0150000015428002,0.0,4.156851790776966,210.00008998959544,0.1160026077065323,1.2921075675422148e-05,-0.1680486958631187,0.0320554338694115,0.0202551704702216,0.7484146539716436,13.41068429373083,39.48706022254252,5.5086757653823595
5.68,31.22164261484033,131.01199404983302,161.49290146776937,-0.4860319799263613,0.4844548974010263,-3.2751118407458217,-3.473601060055864,2.8346394128848527,0.0,39.36744130366858,36.642180168456015,17.35966250475568,-12.876128922733512,105.23121208549124,934.6275496462742,1.274,1.0150000015428002,0.0,4.157379428549255,210.00008998959544,0.1158980244594501,1.2969769929715888e-05,-0.1664530981930218,0.0335099633850723,0.0200444999465335,0.6862346563482798,13.370094188093352,39.44353839426402,5.5522466169015665
5.69,31.221641388110022,131.01199762348304,161.61366468980364,-0.4477152913590303,0.4331629850337666,-3.251234148791847,-3.510005807574809,2.893134301242001,0.0,39.33209510069864,36.63733423196784,17.27096757755721,-12.863663959790408,105.27307083201606,932.9391301805308,1.274,1.0150000015428002,0.0,4.157902731365024,210.00008998959544,0.1157941232781183,1.3018154145655804e-05,-0.1649647750337968,0.0348207194625072,0.0198472070798702,0.6229569285075462,13.328782543234103,39.400135535127184,5.5911439209255
5.7,31.22164016152688,131.01200119666456,161.73342149471367,-0.4084501190017611,0.3812352609962558,-3.2281664496937785,-3.540643920770957,2.9470485088811205,0.0,39.29698133828992,36.63246802334572,17.183262408644335,-12.851104244528036,105.31545716756727,931.263363762716,1.274,1.0150000015428002,0.0,4.158421704147772,210.00008998959544,0.1156909048034689,1.3066216076204302e-05,-0.1635860428032115,0.0359863613141858,0.0196635319251034,0.5587211843750848,13.28684413316156,39.356865191174485,5.6251500348274535
5.71,31.221638935083725,131.01200476937183,161.85217306892764,-0.36830280958449,0.328757082343195,-3.205882195634605,-3.5655119260152457,2.9963332818061006,0.0,39.26210022378335,36.627581517334704,17.096467001689653,-12.8384713331858,105.35830100647688,929.6002296520052,1.274,1.0150000015428002,0.0,4.158936351903959,210.00008998959544,0.1155883696537728,1.3113944080033751e-05,-0.1623190253412263,0.0370057879701459,0.0194936908677435,0.4936868340127701,13.244373972117703,39.31374098215243,5.65407544011422
5.72,31.221637708773336,131.0120083415992,161.96992061377347,-0.327340709656643,0.2758141801571951,-3.184352428069724,-3.5846153193756063,3.040947415329636,0.0,39.22745195723105,36.6226747422799,17.010500091380027,-12.825786597595116,105.40153197255232,927.949706931726,1.274,1.0150000015428002,0.0,4.159446679747391,210.00008998959544,0.1154865184258057,1.3161327133422191e-05,-0.1611656524191999,0.0378781377039743,0.0193378765662421,0.4280473974722754,13.201467109041058,39.27077658000839,5.677757352763133
5.73,31.221636482588487,131.01201191334087,162.08666534945402,-0.2856320534298359,0.2224925214192936,-3.163545997037203,-3.5979684688942664,3.0808572388159488,0.0,39.19303673178303,36.617747778689,16.92527928351,-12.813071201218447,105.44507950646651,926.311774528604,1.274,1.0150000015428002,0.0,4.159952692830912,210.00008998959544,0.1153853516960026,1.3208354841045728e-05,-0.1601276585652424,0.0386027870939049,0.0191962579309651,0.3620610196411387,13.15821842369935,39.22798568748617,5.696058435838952
5.74,31.221635256521896,131.0120154845913,162.2024085120652,-0.2432458504648415,0.1688781715835613,-3.143429786916464,-3.605594504146208,3.116036589348642,0.0,39.15885473410831,36.61280075771696,16.840721195220738,-12.800346075017806,105.48887297301856,924.6864112350368,1.274,1.0150000015428002,0.0,4.160454396400077,210.00008998959544,0.1152848700216913,1.3255017445643262e-05,-0.1592065822040428,0.039179349725268,0.0190689801394889,0.296121949980573,13.11472242479569,39.18538201685829,5.708865612340383
5.75,31.22163403056636,131.0120190553446,162.31715134465233,-0.2002517733231236,0.1150571583384618,-3.123968947170831,-3.607525193329004,3.1464667743852788,0.0,39.12490614480314,36.607833859578015,16.756741595165074,-12.787631893145544,105.53284176811307,923.073595731419,1.274,1.0150000015428002,0.0,4.160951795773635,210.00008998959544,0.1151850739422762,1.330130583653103e-05,-0.1584037651088671,0.0396076745402134,0.0189561646876525,0.2309520913551275,13.071073050971266,39.14297926882523,5.716088974613813
5.76,31.221632804714595,131.01202262559525,162.43089510515955,-0.1567200453484734,0.0611153367127221,-3.1051271266073623,-3.6038008081213575,3.1721365234907326,0.0,39.09119113879366,36.60284731189003,16.673255543382066,-12.774949048457035,105.57691542530549,921.473306605546,1.274,1.0150000015428002,0.0,4.161444896284976,210.00008998959544,0.1150859639804434,1.3347211556946796e-05,-0.1577203521630399,0.0398878438418893,0.0188579094757364,0.1682148854309686,13.027363475294106,39.10079111161515,5.717660785729852
5.77,31.221631578959418,131.01202619533754,162.5436410564928,-0.1127213287660755,0.0071382554988468,-3.086866709702698,-3.5944699765337607,3.193041929273398,0.0,39.057709885770606,36.597841387956095,16.59017753066986,-12.762317627853689,105.621023721759,919.8855223761492,1.274,1.0150000015428002,0.0,4.161933703345558,210.00008998959544,0.1149875406434189,1.3392726810206276e-05,-0.1571572914277016,0.0400201709606183,0.0187742889292793,0.1129471229588001,12.9836859136419,39.05883116031944,5.713534567828513
5.78,31.22163035329364,131.01202976456597,162.65539047148835,-0.0683253204043318,-0.0467804079787075,-3.0691490184628143,-3.579591425178077,3.2091860897582047,0.0,39.02446110246179,36.59281640498875,16.50742161725012,-12.749757387471792,105.66509678345584,918.3101533585444,1.274,1.0150000015428002,0.0,4.162412146540367,210.00008998959544,0.1148898001608078,1.343784446465696e-05,-0.1567153345120424,0.0400051975894681,0.0187053534595914,0.0828055248275884,12.940140464754831,39.01711285397632,5.703685284746804
5.79,31.221629127710123,131.01203333327496,162.766144625956,-0.0236045030226886,-0.1005646383437187,-3.0519345678890586,-3.559228994970409,3.220579756424577,0.0,38.99144638428575,36.58777272023302,16.424901570522817,-12.737287727741917,105.7090651895057,916.7472456466994,1.274,1.0150000015428002,0.0,4.162886258562208,210.00008998959544,0.114792747237149,1.3482558059596652e-05,-0.1563950407736407,0.0398437140873605,0.0186511321517409,0.1032977176711992,12.89680790562958,38.97564973594489,5.688105977634913
5.8,31.2216279022018,131.01203690145908,162.8759047966913,0.0213697888541719,-0.1541307335357249,-3.0351833692331263,-3.5334553512660096,3.227240655673656,0.0,38.95866591216512,36.582710733813286,16.342531002680715,-12.724927664392368,105.7528600894212,915.1967788258928,1.274,1.0150000015428002,0.0,4.163356148049936,210.00008998959544,0.114696382412611,1.3526861816837582e-05,-0.1561967712280633,0.0395367096288967,0.0186116300772503,0.1556051085082461,12.853776328979553,38.93445514235725,5.666809248059501
5.81,31.221626676761648,131.012040469113,162.9846722674398,0.066526243439921,-0.2073956806069745,-3.0188551084433994,-3.502350828400681,3.229193533710569,0.0,38.92611983907162,36.577630883513045,16.260223505082955,-12.71269580736776,105.79641329111014,913.6587313477146,1.274,1.0150000015428002,0.0,4.163821820432712,210.00008998959544,0.1146007061450254,1.3570750630687496e-05,-0.1561206932604218,0.0390853914687526,0.0185868296286839,0.2178042471383872,12.811132297727475,38.89354227288393,5.639826093873099
5.82,31.22162545138272,131.01204403623137,163.09244831995065,0.1117936600734345,-0.2602774110620956,-3.0029093704695566,-3.466003212121872,3.2264700485316324,0.0,38.89380831484372,36.572533643440885,16.177892782112295,-12.700610335785209,105.8396573612849,912.133081699998,1.274,1.0150000015428002,0.0,4.164283281144517,210.00008998959544,0.1145057188829524,1.3614220067816907e-05,-0.156166782213454,0.0384911814040178,0.0185766908204924,0.2832703076096395,12.768960543628513,38.85292417533454,5.60720535808746
5.83,31.221624226058168,131.01204760280908,163.19923422503342,0.1571010563387353,-0.3126949212114503,-2.9873058589531487,-3.4245075279897006,3.2191086499579367,0.0,38.86173148660668,36.56741952205326,16.095452783388804,-12.688688972870366,105.8825257245498,910.6198084282956,1.274,1.0150000015428002,0.0,4.164740535628963,210.00008998959544,0.1144114210669062,1.3657266366068018e-05,-0.1563348231977821,0.0377557115919499,0.0185811516014691,0.3499408673117474,12.727343813753793,38.81261372707095,5.569013252312113
5.84,31.22162300078121,131.01205116884094,163.30503126641057,0.2023777738734107,-0.3645683899195393,-2.972004608749438,-3.377965820498552,3.2071544504174607,0.0,38.82988949918308,36.56228906013872,16.012817834153466,-12.67694896099548,105.9249527607904,909.1188901558132,1.274,1.0150000015428002,0.0,4.165193589300759,210.00008998959544,0.1143178131305658,1.3699886432038935e-05,-0.156624413172508,0.0368808200941284,0.0186001281960952,0.416972806726995,12.686362725196046,38.77262361682789,5.525332944512654
5.85,31.221621775545216,131.01205473432208,163.40984070394393,0.2475535827473212,-0.4158192935024979,-2.95696619017538,-3.3264869234148984,3.1906590867968747,0.0,38.79828249551231,36.557142828780336,15.929902763656196,-12.665407036885847,105.96687390070832,907.6303056035472,1.274,1.0150000015428002,0.0,4.165642447555347,210.00008998959544,0.1142248955020154,1.3742077837453254e-05,-0.157034963289185,0.035868546157218,0.0186335154738162,0.4839291118049975,12.64609562859506,38.732966326999424,5.476264211088622
5.86,31.22162055034361,131.01205829924757,163.51366380047008,0.2925587842946025,-0.4663705175635014,-2.942151903959878,-3.27018622185063,3.169680573704397,0.0,38.766910617067325,36.551981427299246,15.846623031389182,-12.654079407067028,106.00822571934536,906.1540336113882,1.274,1.0150000015428002,0.0,4.166087115783349,210.00008998959544,0.1141326686049572,1.3783838814319202e-05,-0.1575657014918518,0.0347211252410851,0.0186811873452593,0.5505362945769156,12.60661848102839,38.69365411641381,5.421923154276116
5.87,31.22161932516997,131.0120618636127,163.61650181086722,0.3373243122879204,-0.5161464655325549,-2.92752396594834,-3.209185406622713,3.144283148504047,0.0,38.7357740042538,36.54680548118584,15.76289485101408,-12.642981723630523,106.04894602744262,904.690053157002,1.274,1.0150000015428002,0.0,4.166527599327214,210.00008998959544,0.1140411328598933,1.3825168248913464e-05,-0.1582156753654868,0.033440983805444,0.0187429971842901,0.6165969408576099,12.568004728793037,38.65469900361951,5.362441986935487
5.88,31.22161810001801,131.01206542741286,163.71835597410453,0.3817818323080932,-0.5650731639459148,-2.9130456806979086,-3.1436122214173023,3.1145371085071014,0.0,38.704872796819,36.541615640021575,15.678635311837247,-12.632129060400096,106.08897396048356,903.2383433757652,1.274,1.0150000015428002,0.0,4.166963903500487,210.00008998959544,0.1139502886853248,1.3866065674582787e-05,-0.1589837552249327,0.0320307338666886,0.0188187782748993,0.6819533138482531,12.530325200276222,38.61611275070486,5.297968887861153
5.89,31.22161687488156,131.01206899064363,163.81922751622443,0.4258638392118898,-0.6130783641985895,-2.8986816031856617,-3.0736002033406646,3.080518640715684,0.0,38.67420713424743,36.53641257539706,15.59376249769515,-12.621535889585408,106.1282500652716,901.7988835802744,1.274,1.0150000015428002,0.0,4.167396033573359,210.00008998959544,0.1138601364989076,1.3906531263406533e-05,-0.1598686374359677,0.0304931673363093,0.0189083442817966,0.7464704739710075,12.49364800938268,38.57790684767096,5.228667931932528
5.9,31.221615649754607,131.01207255330064,163.91911765431763,0.4695037525789674,-0.6600916406762128,-2.884397687939124,-2.9992884174278,3.042309644531328,0.0,38.6437771561461,36.53119697882959,15.508195603118228,-12.611216059012596,106.16671638389744,900.3716532779088,1.274,1.0150000015428002,0.0,4.167823994743755,210.00008998959544,0.1137706767185991,1.3946565816733812e-05,-0.1608688479599692,0.0288312501528444,0.0190114897435659,0.8100277742486505,12.458038469749145,38.54009249737573,5.154719100621629
5.91,31.221614424631312,131.01207611537976,164.01802758757827,0.512636010007939,-0.7060444852696396,-2.870161424992803,-2.920821185665074,2.999997547857032,0.0,38.6135830026403,36.525969559686175,15.421855046648911,-12.60118277002498,106.2043165349537,898.9566321905654,1.274,1.0150000015428002,0.0,4.168247792175885,210.00008998959544,0.1136819097638085,1.398617075464027e-05,-0.1619827461133481,0.0270481162193931,0.01912799058732,0.8725142931581346,12.42355901981186,38.50268060106973,5.076318379622663
5.92,31.221613199505963,131.01207967687697,164.11595849432243,0.5551961581874622,-0.7508703979471175,-2.8559419621646462,-2.838347811150713,2.9536751170221978,0.0,38.58362481474,36.52073104311394,15.334662581196255,-12.591448556148672,106.2409957918604,897.5538002718549,1.274,1.0150000015428002,0.0,4.168667430952059,210.00008998959544,0.1135938360564772,1.4025348104314471e-05,-0.1632085285326626,0.025147061158514,0.0192576046636188,0.9338262589250794,12.390269159081242,38.46568174453497,4.993677951693821
5.93,31.22161197437304,131.0120832377884,164.21291154093393,0.5971209416058852,-0.7945049734859787,-2.8417102132406207,-2.752022297949856,2.9034402609784165,0.0,38.55390273471208,36.515482167984274,15.246541401316614,-12.582025262619432,106.27670115816775,896.1631377240989,1.274,1.0150000015428002,0.0,4.169082916077513,210.00008998959544,0.1135064560221822,1.4064100487432489e-05,-0.1645442333362104,0.0231315358970217,0.0194000723005232,0.9938655431763418,12.35822539545622,38.429106184845686,4.907026494071504
5.94,31.2216107492272,131.01208679811043,164.30888786794955,0.6383483888048243,-0.8368859842265529,-2.827438951752619,-2.6620030672343105,2.849395830214091,0.0,38.52441690644768,36.51022368485236,15.15741624731626,-12.57292402686847,106.31138143970924,894.7846250170925,1.274,1.0150000015428002,0.0,4.169494252504489,210.00008998959544,0.1134197700911943,1.4102431106550167e-05,-0.1659877444726462,0.0210051400927101,0.0195551168756556,1.0525387577435166,12.327481203597529,38.39296383776185,4.8166095911018445
5.95,31.22160952406327,131.01209035783947,164.40388859701602,0.6788178961057109,-0.8779534585954367,-2.81310289012438,-2.5684526703272508,2.791649410835116,0.0,38.49516747579677,36.50495635393786,15.067213506079378,-12.56415526006398,106.3449873134832,893.4182429017242,1.274,1.0150000015428002,0.0,4.169901445055162,210.00008998959544,0.1133337786994924,1.4140343730550093e-05,-0.1675367962470635,0.0187716154151938,0.0197224454049507,1.109756705711738,12.298086994430456,38.35726426576644,4.722690273896159
5.96,31.221608298876266,131.0120939169723,164.4979148308907,0.7184703086517825,-0.9176497557177056,-2.79867874405921,-2.471537499160013,2.730313114274947,0.0,38.46615459093463,36.499680943128936,14.975861308530783,-12.55572862980548,106.37747139314736,892.0639724292477,1.274,1.0150000015428002,0.0,4.170304498517986,210.00008998959544,0.1132484822898095,1.4177842679200672e-05,-0.1691889780149253,0.0164348386935269,0.019901749147123,1.165434047957892,12.27009009516943,38.32201666676057,4.625549699677297
5.97,31.221607073661428,131.01209747550567,164.59096763753956,0.7572479987615998,-0.9559196355098069,-2.7841452821311354,-2.371427494806941,2.6655033630722733,0.0,38.43737840266832,36.49439822601392,14.883289623649318,-12.54765304406583,106.4087882910166,890.7217949642595,1.274,1.0150000015428002,0.0,4.17070341753689,210.00008998959544,0.1131638813125522,1.4214932806864616e-05,-0.1709417390340056,0.0139988149421704,0.0200927042224458,1.2194891039148383,12.243534740172043,38.28722986341917,4.525487984039841
5.98,31.221605848414168,131.01210103343666,164.68304807100867,0.7950949414199233,-0.9927103247337145,-2.7694833606328704,-2.2682958545716074,2.5973406731781576,0.0,38.40883906477308,36.489108979943374,14.789430348954976,-12.539936636474565,106.43889467646272,889.3916922006736,1.274,1.0150000015428002,0.0,4.171098206669099,210.00008998959544,0.1130799762267841,1.42516194854126e-05,-0.1727923934646603,0.0114676702782983,0.0202949722448347,1.2718437382276764,12.218462071705536,38.25291229322079,4.42282519903677
5.99,31.22160462313012,131.01210459076248,164.77415714955842,0.8319567868806257,-1.027971578605947,-2.754675943823493,-2.1623187382272646,2.5259494332279746,0.0,38.38053673429808,36.48381398412648,14.694217397398214,-12.532586753032453,106.46774933062105,888.0736461753517,1.274,1.0150000015428002,0.0,4.171488870361031,210.00008998959544,0.1129967675011321,1.428790858638856e-05,-0.1747381255085093,0.0088456447419115,0.02050820096597,1.3224233028002386,12.19491015058112,38.21907199915376,4.317902548737446
6.0,31.22160339780513,131.0121081474805,164.864295871567,0.8677809302726652,-1.0616557381003464,-2.7397081098030407,-2.053674973918328,2.451457681218508,0.0,38.35247157187114,36.478514017764326,14.597586780586232,-12.52560994034444,106.49531319731663,886.7676392831838,1.274,1.0150000015428002,0.0,4.1718754129675775,210.00008998959544,0.1129142556146665,1.4323806462486952e-05,-0.1767759946757554,0.0061370850310884,0.0207320249303707,1.3711566150498051,12.172913975974694,38.185716621105314,4.211083730849366
6.01,31.221602172435244,131.01211170358835,164.95346519763973,0.9025165781627053,-1.0937177827399005,-2.7245670423219903,-1.942545764272928,2.373996879013301,0.0,38.32464374197272,36.473209858222766,14.499476688287352,-12.519011935453676,106.52154943013213,885.473654288856,1.274,1.0150000015428002,0.0,4.172257838694292,210.00008998959544,0.1128324410577175,1.4359319928392576e-05,-0.1789029411713249,0.0033464371641008,0.0209660661401805,1.417975959629501,12.152505514055418,38.15285338793492,4.102756487529669
6.02,31.221600947016743,131.01211525908374,165.04166606750462,0.9361148119633242,-1.1241153790941094,-2.709242008913072,-1.8291143931855007,2.2937016850994727,0.0,38.2970534132195,36.46790227924802,14.3998275641595,-12.51279765735442,106.54642343554572,884.1916743397037,1.274,1.0150000015428002,0.0,4.17263615163111,210.00008998959544,0.1127513243327108,1.4394456241041838e-05,-0.1811157913901273,0.0004782390804415,0.021209934728614,1.4628171053511814,12.133713734545111,38.12048911023678,3.993334339426873
6.03,31.22159972154616,131.01211881396475,165.12889938013674,0.968529772421964,-1.152802132117868,-2.693724345305045,-1.7135673964179468,2.210709497787036,0.0,38.26969961300558,36.462592049228206,14.298582177655396,-12.506971200256528,106.56990291207924,882.9216301165956,1.274,1.0150000015428002,0.0,4.173005616461404,210.00008998959544,0.1126709025820786,1.4429223079363452e-05,-0.183411263511709,-0.0024628868079924,0.0214632289984098,1.5056148541126146,12.116571925874467,38.08863009494294,3.883259011984841
6.04,31.221598496020206,131.01212236822948,165.21516601264057,0.999715343148981,-1.1797480553548887,-2.6780072899345906,-1.596090536619494,2.1251608073994976,0.0,38.242583668488834,36.4572799274694,14.195685692061074,-12.501535828668018,106.59195788540204,881.66355868392,1.274,1.0150000015428002,0.0,4.1733709957293295,210.00008998959544,0.1125911797189525,1.4463628525407962e-05,-0.1857859759849371,-0.0054722231867497,0.0217255383497739,1.546316588637955,12.10109588369764,38.05728237158967,3.7730009943460123
6.05,31.22159727043586,131.01212592187636,165.3004668003718,1.0296285705185877,-1.2049191690419758,-2.662086101887495,-1.4768715771236438,2.037198489742309,0.0,38.21570577016024,36.45196666729197,14.091085729285684,-12.496493971743137,106.61256075004064,880.4174447711212,1.274,1.0150000015428002,0.0,4.173732326010184,210.00008998959544,0.1125121563098978,1.4497681049842908e-05,-0.1882364476722007,-0.0085450013840539,0.0219964414202919,1.5848687348278347,12.087305828254344,38.0264514601056,3.6630628926878366
6.06,31.221596044790346,131.0121294749039,165.38480254687872,1.0582286029442856,-1.2282842933160478,-2.64595791051526,-1.3560992093343152,1.9469676981193884,0.0,38.18906610569688,36.44665301107538,13.984732429388524,-12.491847224876883,106.63168628544928,879.1832731691464,1.274,1.0150000015428002,0.0,4.174089610832862,210.00008998959544,0.1124338329130979,1.4531389481852764e-05,-0.1907591064872412,-0.0116763909085112,0.0222755077302463,1.6212213057810376,12.07521923594494,37.996142437886775,3.553981084262513
6.07,31.221594819081087,131.01213302731088,165.46817402688205,1.0854767316490637,-1.249815110648087,-2.629621632841668,-1.2339627655603986,1.854615633772572,0.0,38.16266486808098,36.44133968938446,13.876578506808944,-12.48759635059202,106.6493116786905,877.9610291044798,1.274,1.0150000015428002,0.0,4.174442853559799,210.00008998959544,0.1123562101022655,1.4564762987336583e-05,-0.1933502953079535,-0.0148615068879142,0.0225622983890317,1.655327959639448,12.064850866004058,37.96635993821114,3.4463274928149223
6.08,31.22159359330579,131.01213657909625,165.55058197037292,1.111336434062531,-1.2694861875916024,-2.613077881605778,-1.110651939363562,1.760291316140703,0.0,38.13650225579976,36.43602741949424,13.76657930261216,-12.483741281426544,106.66541654301535,876.750698247781,1.274,1.0150000015428002,0.0,4.174792057410752,210.00008998959544,0.1122792884672339,1.4597811046927383e-05,-0.1960062779269718,-0.0180954175988143,0.0228563667977044,1.6871460315732736,12.056212830076392,37.937108147120455,3.3407108919255117
6.09,31.221592367462367,131.01214013025916,165.63202707652823,1.135773413715952,-1.287274992171238,-2.5963288641571305,-0.9863565095138938,1.6641453538998574,0.0,38.11057847302755,36.4307169039688,13.654692832728248,-12.48028112486482,106.67998293228024,875.5522667225695,1.274,1.0150000015428002,0.0,4.175137225472318,210.00008998959544,0.1122030686144837,1.4630543433849751e-05,-0.1987232450461667,-0.0213731519804288,0.0231572593528391,1.7166365631395126,12.049314664431073,37.90839080096479,3.237777400258141
6.1,31.221591141549016,131.012143680799,165.7125100097352,1.1587556366203933,-1.3031619068418558,-2.579378273046036,-0.8612660678998638,1.566329717080192,0.0,38.08489372978418,36.425408829300736,13.540879832169578,-12.477214170333577,106.6929953512068,874.3657211117281,1.274,1.0150000015428002,0.0,4.17547836066463,210.00008998959544,0.1121275511676144,1.4662970191678744e-05,-0.2014973203063389,-0.0246897071229214,0.0234645161506892,1.7437643283949646,12.044163404110186,37.88021118461356,3.1382097281389845
6.11,31.22158991556415,131.01214723071524,165.79203138965104,1.1802533640790531,-1.3171302371904,-2.56223116918561,-0.7355697516757203,1.466997510545489,0.0,38.059448242089246,36.42010386460986,13.425103795215708,-12.474537898275267,106.70444076149973,873.1910484645217,1.274,1.0150000015428002,0.0,4.17581546576039,210.00008998959544,0.1120527367677952,1.4695101612047468e-05,-0.2043245663436107,-0.0280400557200867,0.0237776716907879,1.7684978564540772,12.040763658072118,37.85257213032441,3.0427246211041186
6.12,31.22158868950644,131.01215078000763,165.87059180412606,1.2002391819335627,-1.3291662162981397,-2.544893858489917,-0.6094559799503849,1.3663027490977695,0.0,38.03424223209535,36.41480266040588,13.307331011559,-12.472248991302008,106.7143085838468,872.0282363024186,1.274,1.0150000015428002,0.0,4.1761485433706005,210.00008998959544,0.1119786260741556,1.4726948212381644e-05,-0.2072009908641561,-0.0314191534770924,0.0240962555780602,1.7908094501214102,12.039117684698102,37.82547601726498,2.952067842152193
6.13,31.2215874633748,131.01215432867613,165.94819180125026,1.2186880262200033,-1.3392590048717283,-2.5273737629117305,-0.4831121952738326,1.2644001344593132,0.0,38.00927592820664,36.409505847413,13.187530598407548,-12.470343347424564,106.72259069583755,870.8772726234166,1.274,1.0150000015428002,0.0,4.176477595939806,210.00008998959544,0.1119052197641464,1.4758520713689132e-05,-0.2101225527291488,-0.0348219464638705,0.0244197932225686,1.8106752004566875,12.039225466869295,37.7989247716761,2.8670059697701418
6.14,31.2215862371684,131.0121578767208,166.02483188935523,1.235577205215991,-1.3474006872419235,-2.509679286821903,-0.3567246101525017,1.1614448343678463,0.0,37.98454956519381,36.40421403546,13.065674528545731,-12.468816095341497,106.7292814258426,869.7381459085792,1.274,1.0150000015428002,0.0,4.176802625784137,210.00008998959544,0.1118325185338541,1.4789830018482609e-05,-0.2130851680419753,-0.0382433784051784,0.0247478065361485,1.828074997166623,12.041084785879868,37.77291986767115,2.7883143067938203
6.15,31.22158501088665,131.012161424142,166.10051253900028,1.2508864179157653,-1.353586263052556,-2.491819679678114,-0.2304779588638864,1.0575922640000055,0.0,37.96006338426418,36.39892781243503,12.941737654356515,-12.467661611764957,106.73437754290951,868.6108451232851,1.274,1.0150000015428002,0.0,4.17712363501047,210.00008998959544,0.1117605230982312,1.4820887188880924e-05,-0.2160847162299472,-0.0416783978987507,0.0250798146249422,1.8429925346303744,12.044691293806292,37.74746232865751,2.7167603505693796
6.16,31.22158378452921,131.01216497094015,166.17523417601677,1.2645977688663064,-1.3578136351064267,-2.473804895936792,-0.104555254705904,0.9529978699397064,0.0,37.93581763315596,36.39364774330716,12.815697727812235,-12.46687354074974,106.73787824273576,867.4953597222769,1.274,1.0150000015428002,0.0,4.177440625597265,210.00008998959544,0.1116892341913591,1.4851703424935092e-05,-0.2191170461130199,-0.0451219655526031,0.0254153344772607,1.855415313786094,12.05003858332585,37.72255272937544,2.653082623017436
6.17,31.221582558096,131.01216851711587,166.24899719343463,1.2766957794436211,-1.3600835930047204,-2.455645453161819,0.0208624470598054,0.8478169168758936,0.0,37.91181256618435,36.38837436921405,12.687535416444987,-12.466444814984335,106.7397851297922,866.3916796509886,1.274,1.0150000015428002,0.0,4.177753599342265,210.00008998959544,0.1116186525665906,1.4882290043230448e-05,-0.2221779819520683,-0.0485690610338986,0.0257538816458478,1.8653346396459176,12.05711825493512,37.6981911985388,2.597965234153949
6.18,31.221581331587178,131.01217206267012,166.32180194154276,1.2871673955325529,-1.3603997929540124,-2.4373522892732966,0.1455962804434569,0.7422042772184498,0.0,37.88804844429103,36.38310820661764,12.557234315309904,-12.46636767899274,106.74010219567568,865.2997953481001,1.274,1.0150000015428002,0.0,4.178062557886259,210.00008998959544,0.1115487789966872,1.4912658455825877e-05,-0.2252633294696258,-0.0520146900209187,0.0260949709239278,1.872745614698136,12.065919980801295,37.67437742207005,2.5520093354112383
6.19,31.221580105003124,131.0121756076038,166.39364873087064,1.296001991658904,-1.3587687336249508,-2.418936619869997,0.2694697939522766,0.6363142238001744,0.0,37.864525535065006,36.377849746527154,12.424780954958608,-12.466633714188188,106.73883579377964,864.2196977453882,1.274,1.0150000015428002,0.0,4.17836750268456,210.00008998959544,0.1114796142738938,1.494282014953412e-05,-0.2283688818360611,-0.0554538910507534,0.0264381170142386,1.877647128180012,12.076431565081208,37.65111064691591,2.5157035064194644
6.2,31.221578878344488,131.01217915191816,166.46453783219013,1.3031913715684031,-1.355199728319738,-2.4004097965414304,0.3923091696911263,0.5303002258306043,0.0,37.84124411276581,36.37259945379055,12.290164805443045,-12.467233865711007,106.7359946103786,863.151378269691,1.274,1.0150000015428002,0.0,4.178668435049802,210.00008998959544,0.1114111592099898,1.497278666564354e-05,-0.2314904256144185,-0.058881742255084,0.0267828351904934,1.8800418414737936,12.08863900022132,37.62838968543417,2.489395911756867
6.21,31.22157765161216,131.01218269561448,166.53446947253758,1.3087297653247274,-1.3497048732789405,-2.381783167062643,0.5139434361607967,0.4243147482493899,0.0,37.81820445830655,36.36735776645404,12.15337827637284,-12.468158470975215,106.73158963222971,862.0948288405223,1.274,1.0150000015428002,0.0,4.1789653560948725,210.00008998959544,0.1113434146362611,1.5002569580068206e-05,-0.2346237466572626,-0.0622933679771743,0.0271286419504467,1.8799361696520367,12.102526519286334,37.60621292033612,2.4732715006763133
6.22,31.22157642480725,131.0121862386943,166.60344384316647,1.312613822903494,-1.3422990125412564,-2.363067938339348,0.6342046746884156,0.3185090546327623,0.0,37.795406859253056,36.36212509519001,12.014416713052896,-12.46939728984041,106.7256341108014,861.0500418713827,1.274,1.0150000015428002,0.0,4.179258266804244,210.00008998959544,0.1112763814034744,1.503218048398876e-05,-0.2377646359491266,-0.0656839452627784,0.027475055660144,1.877340259580514,12.11807664382068,37.58457831017613,2.467337364141165
6.23,31.221575197931102,131.0121897811593,166.6714610955719,1.3148426043930814,-1.3329996990426145,-2.344275042939224,0.7529282193088834,0.2130330137827728,0.0,37.77285160977196,36.35690182279356,11.873278388730869,-12.470939536318712,106.71814352324564,860.0170102662277,1.274,1.0150000015428002,0.0,4.179547167957891,210.00008998959544,0.1112100603817408,1.5061630965023795e-05,-0.24090889538821,-0.0690487102188031,0.0278215971885219,1.8722679646031293,12.135270227603597,37.56348339537114,2.47141850873961
6.24,31.22157397098533,131.01219332301127,166.7385213375143,1.3154175667760968,-1.3218271524423744,-2.325415010009153,0.8699528500571593,0.1080349101432632,0.0,37.75053901059443,36.35168830374676,11.729964492987452,-12.472773911719472,106.70913553023628,858.9957274178173,1.274,1.0150000015428002,0.0,4.179832060183593,210.00008998959544,0.1111444524604071,1.5090932588924528e-05,-0.2440523435012803,-0.0723829642327562,0.0281677905319364,1.864736816344371,12.154086495874648,37.54292530474065,2.48516487821394
6.25,31.221572743971738,131.01219686425216,166.80462463997668,1.3143425473895425,-1.3088042134994653,-2.3064978413423183,0.9851209795352274,0.0036612581656308,0.0,37.72846936895153,36.346484863851536,11.58447911630566,-12.47488863912806,106.69862993080068,857.9861872052829,1.274,1.0150000015428002,0.0,4.180112943952189,210.00008998959544,0.1110795585478576,1.5120096881872216e-05,-0.2471908210857317,-0.075682080047305,0.0285131634279951,1.8547679938319332,12.174503080394604,37.522900762551735,2.5080687871843894
6.26,31.22157151689236,131.01220040488414,166.86977103517816,1.3116237441093774,-1.2939562951400387,-2.28753289331252,1.098278832664627,-0.0999433792482625,0.0,37.70664299848844,36.34129179992957,11.436829230858574,-12.477271499109364,106.68664861427771,856.9883839892793,1.274,1.0150000015428002,0.0,4.18038981954903,210.00008998959544,0.1110153795712757,1.5149135313365944e-05,-0.2503201967730103,-0.0789415076838106,0.0288572479580837,1.8423862903871635,12.196496050430389,37.503406096055,2.5394904629317843
6.27,31.221570289749465,131.0122039449094,166.93396051657282,1.3072696922933091,-1.2773113304585515,-2.268528765350423,1.209276619567394,-0.2026365680988417,0.0,37.68506021918288,36.33610937959029,11.287024667558452,-12.479909866521613,106.67321550953773,856.0023126096122,1.274,1.0150000015428002,0.0,4.180662687121552,210.00008998959544,0.1109519164763838,1.5178059279722064e-05,-0.2534363725077347,-0.0821567802090653,0.0291995811382006,1.8276200788664785,12.220039939714464,37.48443724349964,2.5786884807175787
6.28,31.221569062545527,131.01220748433033,166.99719303387897,1.3012912385943125,-1.2588997174736736,-2.249493195585341,1.3179687014460215,-0.3042781763218253,0.0,37.66372135722077,36.3309378410647,11.135078089413447,-12.482790748320808,106.65835653160546,855.0279683779755,1.274,1.0150000015428002,0.0,4.180931546612684,210.00008998959544,0.1108891702271033,1.5206880088239468e-05,-0.2565352889369266,-0.0853235193400772,0.02953970549737,1.810501275682944,12.245107769935396,37.46598976260978,2.624851680297726
6.29,31.221567835283235,131.01221102314943,167.05946850401529,1.2937015116431154,-1.2387542611270363,-2.2304329642265146,1.42421374945258,-0.4047305423709213,0.0,37.64262674489486,36.325777393105845,10.981004961241604,-12.485900822232628,106.64209952582851,854.0653470747799,1.274,1.0150000015428002,0.0,4.181196397846457,210.00008998959544,0.1108271418052359,1.5235608941993544e-05,-0.2596129307039985,-0.0884374408812544,0.0298771696433942,1.7910653045277758,12.27167107065678,37.44805883951205,2.677129586696526
6.3,31.221566607965503,131.01221456136935,167.12078680612944,1.2845158897509896,-1.2169101121848651,-2.211353805203664,1.527874896401038,-0.5038586392407453,0.0,37.62177672045221,36.32062821495479,10.82482351579582,-12.489226476164628,106.6244742097372,853.1144449415467,1.274,1.0150000015428002,0.0,4.1814572404614205,210.00008998959544,0.1107658322100277,1.526425692530408e-05,-0.2626653316421306,-0.0914943599895858,0.030211528815223,1.7693510603767189,12.299699896496486,37.43063929809498,2.7346591888531084
6.31,31.221565380595425,131.01221809899286,167.18114778159676,1.2737519656395588,-1.19340470352804,-2.192260326529313,1.6288198813119343,-0.6015302338003198,0.0,37.60117162795439,36.3154904563709,10.666554716356234,-12.49275384822919,106.6055121127428,852.1752586754394,1.274,1.0150000015428002,0.0,4.181714073953447,210.00008998959544,0.1107052424577476,1.5292834989901042e-05,-0.2656885798619675,-0.0944901962624908,0.0305423454216591,1.7454008750052756,12.329162841555094,37.41372560978882,2.7965868781797756
6.32,31.22156415317629,131.01222163602276,167.2405512320347,1.2614295083248483,-1.1682776836663422,-2.1731559397895315,1.726921186679555,-0.697616041322399,0.0,37.58081181710547,36.310364237726326,10.50622221585122,-12.496468867244658,106.585246513823,851.2477854207833,1.274,1.0150000015428002,0.0,4.18196689764244,210.00008998959544,0.1106453735811955,1.5321353941723282e-05,-0.2686788227285353,-0.0974209786442307,0.0308691895657991,1.719260485075984,12.36002705180988,37.39731190374775,2.8620851952301454
6.33,31.22156292571161,131.01222517246205,167.29899692625955,1.2475704221966004,-1.14157084781454,-2.154042799110472,1.8220561684344168,-0.7919898750818773,0.0,37.56069764308656,36.30524965016284,10.343852312571103,-12.500357293581269,106.56371237734425,850.3320227628108,1.274,1.0150000015428002,0.0,4.182215710719891,210.00008998959544,0.1105862266292003,1.534982442843038e-05,-0.2716322717225093,-0.1002828501462969,0.0311916395549301,1.6909790044150026,12.392258235682826,37.38139197742152,2.930364657096757
6.34,31.221561698205058,131.01222870831376,167.35648459630912,1.2321987034242468,-1.1133280663833125,-2.1349217498876274,1.9141071784945047,-0.8845287909071049,0.0,37.540829466353706,36.30014675581072,10.179473902543128,-12.504404760217028,106.54094628716908,849.42796871794,1.274,1.0150000015428002,0.0,4.182460512201326,210.00008998959544,0.1105278026660397,1.537825692759554e-05,-0.274545207180997,-0.1030720723780175,0.0315092823952918,1.6606089021651658,12.425820673528936,37.36595930749733,3.0006813144436095
6.35,31.221560470660474,131.01223224358105,167.4130139404268,1.215340393726807,-1.0835952112743965,-2.1157922875043,2.002961679890066,-0.9751132265544794,0.0,37.521207652446975,36.2950555880686,10.013118428639771,-12.508596813868268,106.51698637919874,848.5356217260024,1.274,1.0150000015428002,0.0,4.182701300973861,210.00008998959544,0.1104701027708709,1.5406661735575506e-05,-0.2774139829132211,-0.1057850298831859,0.0318217142714538,1.628205989228373,12.46067722623,37.35100706119998,3.0723408501616807
6.36,31.221559243081902,131.01223577826718,167.46858462405433,1.1970235316417517,-1.052420079849942,-2.0966525262053666,2.088512354365164,-1.063627135788631,0.0,37.50183257176894,36.28997615194219,9.844819826496526,-12.512918956059853,106.4918722724978,847.6549806404048,1.274,1.0150000015428002,0.0,4.182938075772417,210.00008998959544,0.1104131280370825,1.5435048957050948e-05,-0.2802350306865001,-0.1084182342794606,0.032128541009803,1.5938294157030075,12.496789343640469,37.336528107929695,3.1447000419698523
6.37,31.22155801547355,131.0122393123754,167.52319627883733,1.1772781013558764,-1.0198523168504785,-2.077499178230182,2.170657202423955,-1.1499581170406772,0.0,37.4827045993609,36.28490842444172,9.674614467319282,-12.517356684001276,106.46564499914794,846.7860447186162,1.274,1.0150000015428002,0.0,4.183170835194,210.00008998959544,0.1103568795716346,1.546342849519132e-05,-0.2830048645781509,-0.1109683281968935,0.032429378525828,1.5575416829573103,12.534117073201912,37.322515031224185,3.2171663303176934
6.38,31.221556787839766,131.01224284590924,167.57684850361963,1.1561361053694963,-0.9859426572136236,-2.058327544017932,2.249299496231324,-1.2339975609471856,0.0,37.463824001267234,36.27985235503606,9.502541097665445,-12.521895531135518,106.43834693297472,845.9288084909534,1.274,1.0150000015428002,0.0,4.183399113297286,210.00008998959544,0.1103013581604912,1.5491810042541454e-05,-0.2857200851889968,-0.1134320890125852,0.0327238531557588,1.5194083315146634,12.572619796832768,37.30896013397063,3.2891960237469857
6.39,31.221555560185063,131.01224637887202,167.62954086444336,1.133631785543667,-0.9507413754044411,-2.0391315061216986,2.3243475006795498,-1.3156408323314237,0.0,37.445190687901714,36.27480786595624,9.328640776286834,-12.52652110723018,106.4100217172898,845.0832506409971,1.274,1.0150000015428002,0.0,4.183620971279792,210.00008998959544,0.1102465635424891,1.552020307266595e-05,-0.2883773840142508,-0.1158064306695922,0.0330116018828093,1.4794972901885055,12.612257818722371,37.295855435256094,3.3602915651578713
6.4,31.22155433251412,131.0122499112673,167.6812728995187,1.1097999663171223,-0.9143067617899062,-2.0199035103615186,2.395716116163442,-1.3947871071749771,0.0,37.426805645624896,36.26977485217949,9.152956808171192,-12.531219137721068,106.38071419279326,844.2493986324483,1.274,1.0150000015428002,0.0,4.183838860130557,210.00008998959544,0.1101924986241869,1.5548616833874662e-05,-0.2909735483258066,-0.1180884015964784,0.0332922741028227,1.4378832600953515,12.652983181165922,37.28319277060609,3.4299995590025336
6.41,31.221553104831724,131.0122534430987,167.73204411624067,1.0846778574446805,-0.8766950318140682,-2.0006346579898264,2.4633254761060326,-1.4713397353699007,0.0,37.40866926552555,36.26475318421539,8.975534675969866,-12.535975501859962,106.35047032794054,843.4272532291357,1.274,1.0150000015428002,0.0,4.184052777919825,210.00008998959544,0.110139164559467,1.5577060344256322e-05,-0.2935054621019789,-0.1202752040034615,0.033565530220623,1.3946427537917598,12.6947504287734,37.27096370553868,3.4979068102025606
6.42,31.221551877142826,131.0122569743698,167.78185399417262,1.0583043244909451,-0.8379638358641106,-1.981314696969096,2.527101418798903,-1.5452062689588704,0.0,37.39078194206457,36.25974270702224,8.796421968354109,-12.540776271566664,106.31933713919926,842.6168155450033,1.274,1.0150000015428002,0.0,4.184262722623937,210.00008998959544,0.1100865625120556,1.5605542380619147e-05,-0.2959701112336936,-0.1223641876921001,0.0338310427110182,1.3498561311987771,12.73751276080597,37.25915958292315,3.5636374567218483
6.43,31.221550649452467,131.01226050508427,167.83070198802636,1.030719826153065,-0.7981721652528961,-1.961932061830192,2.586975540422117,-1.6162985558329317,0.0,37.37314407274472,36.25474324109165,8.615668306065745,-12.54560774843912,106.28736261620996,841.8180870294007,1.274,1.0150000015428002,0.0,4.184468692083065,210.00008998959544,0.1100346936545594,1.5634071472315265e-05,-0.2983645869840942,-0.1243528527454165,0.034088496461295,1.3036078548096,12.781222056417688,37.2477715373801,3.6268499946326966
6.44,31.221549421765847,131.01226403524586,167.87858751871755,1.0019663488406596,-0.7573802627358194,-1.9424739225497667,2.6428852408786567,-1.6845328270549065,0.0,37.35575605781722,36.24975458321128,8.433325265529087,-12.550456499701086,106.25459564661404,841.0310694549083,1.274,1.0150000015428002,0.0,4.184670684034095,210.00008998959544,0.1099835591675997,1.566265589560588e-05,-0.3006860892895309,-0.1262388519858753,0.0343375890956362,1.255986843106198,12.825828897112878,37.23679050901512,3.687234489650164
6.45,31.22154819408824,131.01226756485826,167.92550999125635,0.9720873396411444,-0.7156495318112993,-1.9229262424169768,2.694773761760067,-1.7498297778272311,0.0,37.33861829996978,36.24477650727415,8.24944630013575,-12.55530939297845,106.22108594067628,840.2557649039181,1.274,1.0150000015428002,0.0,4.184868696101216,210.00008998959544,0.1099331602388975,1.5691303668476123e-05,-0.3029319298961735,-0.1280199932143331,0.0345780312808238,1.2070869503567268,12.871282592691156,37.22620725733401,3.7445100096297343
6.46,31.22154696642505,131.0122710939252,167.97146877884387,0.9411276377555045,-0.6730424450346281,-1.9032738444906208,2.742590216450392,-1.8121146420023209,0.0,37.3217312040111,36.23980876513097,8.064086659317214,-12.560153629800515,106.18688395581792,839.4921757556723,1.274,1.0150000015428002,0.0,4.185062725810024,210.00008998959544,0.1098834980623403,1.5720022545975658e-05,-0.3050995353292362,-0.1296942412286088,0.0348095470130574,1.1570076156971736,12.917531210824029,37.216012375318726,3.7984222906689453
6.47,31.22154573878176,131.01227462245052,168.01646323778124,0.9091334045229282,-0.629622451394205,-1.883500486202604,2.786289612356819,-1.871317260046118,0.0,37.305095176541286,36.23485108748516,7.877303305523939,-12.564976777729754,106.15204082116972,838.7403046717984,1.274,1.0150000015428002,0.0,4.185252770573425,210.00008998959544,0.1098345738370217,1.574882001597789e-05,-0.3071864496919494,-0.13125971962086,0.0350318738856068,1.1058547409014428,12.964521610556403,37.20619630364575,3.8487416350281904
6.48,31.22154451116395,131.01227815043796,168.06049269454854,0.8761520521188875,-0.585453882986316,-1.863588941621955,2.8258328652966545,-1.9273721403678687,0.0,37.28871062562583,36.22990318482712,7.689154829232177,-12.569766801028164,106.11660826225076,838.0001545831491,1.274,1.0150000015428002,0.0,4.185438827724504,210.00008998959544,0.1097863887662744,1.5777703295358767e-05,-0.3091903372916443,-0.1327147123530154,0.0352447633372126,1.0537418804148797,13.012199479786178,37.196749345027314,3.895261030199717
6.49,31.22154328357726,131.0122816778913,168.10355646369527,0.8422321710598881,-0.5406018609623655,-1.843521090853392,2.8611868060366468,-1.9802185139456727,0.0,37.272577960448864,36.22496474840639,7.499701362103802,-12.574512089775268,106.08063852587304,837.2717286747729,1.274,1.0150000015428002,0.0,4.185620894493054,210.00008998959544,0.1097389440566574,1.5806679326553968e-05,-0.3111089850904833,-0.1340576651100696,0.035447980880957,1.0007918622824294,13.060509377015917,37.187661678655154,3.9377944733610306
6.5,31.221542056027424,131.0122852048144,168.14565383690683,0.8074234565897385,-0.4951322010332561,-1.82327801600903,2.892324179041706,-2.02980038217906,0.0,37.2566975909727,36.22003545123961,7.309004488426673,-12.57920148735913,106.04418430536732,836.5550303721038,1.274,1.0150000015428002,0.0,4.185798968033743,210.00008998959544,0.1096922409169481,1.5835754774494227e-05,-0.3129403049786509,-0.1352871864309283,0.0356413063135683,0.9471390108898312,13.109394777297116,37.17892337472867,3.9761754830270455
6.51,31.22154082852021,131.0122887312109,168.1867840839984,0.7717766340797086,-0.4491113185123672,-1.8028401031585504,2.919223633453984,-2.076066557918524,0.0,37.24106992757955,36.21511494915208,7.117127154965892,-12.583824316268185,106.00729866621973,835.8500633254205,1.274,1.0150000015428002,0.0,4.185973045407329,210.00008998959544,0.109646280557097,1.586493602380896e-05,-0.3146823358679791,-0.1364020486171694,0.035824533904935,0.8929322203368331,13.158798122570236,37.170524409045896,4.010255778947358
6.52,31.2215396010615,131.01229225708468,168.22694646186088,0.7353433835197714,-0.4026061331687408,-1.7821871496350927,2.94186970638184,-2.118970699626445,0.0,37.22569538072062,36.21020288185054,6.924133579359264,-12.588370402118985,105.97003497220511,835.156831395674,1.274,1.0150000015428002,0.0,4.186143123613538,210.00008998959544,0.1096010641871889,1.5894229176375452e-05,-0.3163332456042803,-0.1374011884199927,0.0359974725678427,0.8383392453766848,13.208660876256378,37.16245467763932,4.039904111674808
6.53,31.22153837365713,131.01229578243948,168.2661402124704,0.6981762632333539,-0.3556839738635807,-1.7612984760483563,2.960252798543044,-2.158471338643622,0.0,37.210574360547085,36.20529887402495,6.730089157191904,-12.59283009586134,105.9324468120959,834.4753386387233,1.274,1.0150000015428002,0.0,4.186309199572273,210.00008998959544,0.109556593016363,1.5923640049072516e-05,-0.3178913326968429,-0.1382837075062745,0.0361599460077598,0.7835527563784441,13.25892358223667,37.15470401143465,4.06500522419814
6.54,31.221537146313047,131.012299307279,168.30436455991048,0.6603286328932985,-0.3084124832347369,-1.7401530423353206,2.9743691423655902,-2.194531899542108,0.0,37.195707276547445,36.20040253647766,6.535060367887184,-12.5971942941099,105.89458792702244,833.8055892907314,1.274,1.0150000015428002,0.0,4.186471270147093,210.00008998959544,0.10951286825174,1.5953174171816328e-05,-0.3193550278638617,-0.1390488727045358,0.0363117928527219,0.7287989790572249,13.309525928005748,37.14726219091475,4.085458929412139
6.55,31.221535919035205,131.01230283160692,168.34161871732547,0.6218545759663942,-0.26085952242999,-1.7187295671606395,2.98422076262166,-2.227120713565167,0.0,37.181094537169926,36.19551346727643,6.339114679553237,-12.601454457558091,105.85651213855452,833.1475877517322,1.274,1.0150000015428002,0.0,4.186629332126436,210.00008998959544,0.1094698910973222,1.59828367857378e-05,-0.3207228953927717,-0.1396961160322598,0.0364528667631857,0.6743501554399387,13.360406812036686,37.14011896076647,4.101179288678492
6.56,31.221534691829568,131.01230635542692,168.37790188493415,0.5828088216583365,-0.2130930761644957,-1.6970066499676943,2.989815429728744,-2.2562110251622096,0.0,37.166736549456814,36.19063125293024,6.14232045292508,-12.605602627437865,105.81827327757,832.5013385712425,1.274,1.0150000015428002,0.0,4.186783382265868,210.00008998959544,0.1094276627529073,1.601263284154951e-05,-0.3219936343147751,-0.1402250345059539,0.0365830365220043,0.6205426782918452,13.411504415064975,37.13326404449326,4.112093878298762
6.57,31.22153346470214,131.01230987874257,168.41321325301223,0.5432466665019698,-0.1651811580275482,-1.6749628949685766,2.9911666058083424,-2.281780991651731,0.0,37.152633718656965,36.18575546958455,5.9447468445442215,-12.609631439995251,105.77992511397068,831.866846431925,1.274,1.0150000015428002,0.0,4.186933417255227,210.00008998959544,0.1093861844129527,1.6042566998030554e-05,-0.3231660793930493,-0.1406353897360086,0.0367021861044107,0.5678036086645182,13.462756275346406,37.12668715897063,4.118143132175917
6.58,31.22153223765889,131.0123134015575,168.44755200288452,0.5032238956516756,-0.1171917163461109,-1.6525770363577794,2.9882933836660888,-2.303813676049177,0.0,37.13878644784862,36.18088568423388,5.746463709317935,-12.613534138959876,105.74152128730348,831.2441161335676,1.274,1.0150000015428002,0.0,4.187079433737392,210.00008998959544,0.1093454572654735,1.607264362066877e-05,-0.3242392019244896,-0.1409271073081793,0.0368102147281463,0.5166893016027649,13.514099367505535,37.12037802892743,4.1192797503824385
6.59,31.221531010705824,131.0123169238752,168.48091730692516,0.4627967039975874,-0.0691925406653216,-1.6298280640335303,2.9812204188377134,-2.3222970331188844,0.0,37.12519513756265,36.17602145594953,5.547541502601304,-12.617304585992716,105.703115238338,830.6331525782005,1.274,1.0150000015428002,0.0,4.187221428336468,210.00008998959544,0.1093054824909246,1.6102866780287196e-05,-0.325212110355031,-0.1411002759542454,0.0369070368838626,0.4679404799705743,13.565470184830852,37.11432640133259,4.115468164624648
6.6,31.22152978384891,131.01232044569915,168.51330833154034,0.4220216172177898,-0.021251168868861,-1.6066953491109777,2.969977854845608,-2.3372238887263803,0.0,37.11186018539039,36.171162337119696,5.348051181945223,-12.620937269104244,105.66476014165023,830.033960753743,1.274,1.0150000015428002,0.0,4.187359397629602,210.00008998959544,0.1092662612610496,1.6133240251774932e-05,-0.3260840507088981,-0.1411551465145151,0.0369925823458141,0.4225563269083491,13.616804824890565,37.108522059667,4.10668405275612
6.61,31.221528557094096,131.01232396703276,168.54472423915422,0.3809554128390015,0.0265652047966472,-1.583158768518518,2.9546012418643395,-2.348591912575932,0.0,37.09878198560116,36.166307874699626,5.1480641086535375,-12.624427309041724,105.62650883925674,829.446545717649,1.274,1.0150000015428002,0.0,4.187493338161077,210.00008998959544,0.1092277947377665,1.616376751289784e-05,-0.3268544068324596,-0.1410921306948627,0.0370667961630283,0.3818805130894624,13.668039078063904,37.10295483806316,4.092913895573719
6.62,31.22152733044732,131.01232748787933,168.57516418622237,0.3396550414080157,0.0741898207053629,-1.5591988279813178,2.9351314489834857,-2.3564035844370967,0.0,37.085960928764514,36.16145761146864,4.947651949292051,-12.62777046365126,105.58841377534164,828.8709125825238,1.274,1.0150000015428002,0.0,4.187623246479869,210.00008998959544,0.1091900840720392,1.6194451743021067e-05,-0.3275227004535715,-0.1409117996216015,0.0371296386312147,0.3476630727793419,13.719108518754291,37.09761463529293,4.074154570059684
6.63,31.221526103914474,131.01233100824217,168.604627325219,0.2981775479053193,0.1215564438932886,-1.5347967827045768,2.911614570238769,-2.360666153985594,0.0,37.07339740135152,36.156611087293015,4.746886577291589,-12.630963130226982,105.55052693211424,828.3070664988207,1.274,1.0150000015428002,0.0,4.187749119088003,210.00008998959544,0.1091531304027193,1.6225295821868488e-05,-0.3280885910575842,-0.1406148821976687,0.0371810852454156,0.3220026175845549,13.769948599181625,37.09249142858434,4.050412974055873
6.64,31.221524877501384,131.01233452812443,168.6331128125876,0.2565799934384551,0.1685994527623616,-1.5099347550919977,2.8841018246682486,-2.361391594383172,0.0,37.061091785361455,36.15176784039064,4.545839974786217,-12.63400234586658,105.51289976683368,827.7550126400539,1.274,1.0150000015428002,0.0,4.187870952492196,210.00008998959544,0.1091169348554406,1.625630232822779e-05,-0.3285518755815454,-0.1402022632634386,0.0372211266338267,0.307016088321456,13.820494745165265,37.08757528725124,4.021705678156092
6.65,31.22152365121386,131.01233804752928,168.6606198007904,0.2149193773626748,0.215253926591502,-1.484595848851923,2.852649450578693,-2.3585965497521486,0.0,37.04904445793228,36.14692740859519,4.344584134826253,-12.63688578585798,105.47558315003327,827.2147561863113,1.274,1.0150000015428002,0.0,4.187988743185088,210.00008998959544,0.1090814985414823,1.6287473538647064e-05,-0.328912487928261,-0.1396749815664061,0.0372497684728827,0.3041781950849008,13.870682453872815,37.08285638611579,3.9880586012266694
6.66,31.22152242505765,131.01234156645975,168.6871474422828,0.1732525598850171,0.2614557315680622,-1.4587642588708716,2.817318594280892,-2.352302276700724,0.0,37.037255790966015,36.14208933061865,4.143190964104441,-12.639611760129174,105.43862730497588,826.6863023098086,1.274,1.0150000015428002,0.0,4.18810248767809,210.00008998959544,0.1090468225566547,1.6318811426015225e-05,-0.3291704983022707,-0.1390342275435793,0.0372670313840266,0.3136484349199803,13.920447393043082,37.07832501870902,3.9495067066168343
6.67,31.2215211990384,131.0123450849188,168.71269489647185,0.1316361852823329,0.3071416054127388,-1.4324253762572925,2.778175193505839,-2.3425345800792483,0.0,37.0257261507382,36.13725314730748,3.9417321863315697,-12.642179207798293,105.40208174836889,826.1696561580112,1.274,1.0150000015428002,0.0,4.188212182463835,210.00008998959544,0.1090129079801639,1.6350317658076825e-05,-0.3293261123699637,-0.1382813409210759,0.0372729508122878,0.3341614655654703,13.96972550156658,37.07397161022962,3.906093716646352
6.68,31.2215199731617,131.0123486029092,168.73726132474573,0.0901266057755074,0.3522492402614667,-1.4055658879937618,2.7352898557881287,-2.3293237431463534,0.0,37.014455897532656,36.1324184028918,3.740279246395544,-12.644587689867087,105.36599523236607,825.6648228395387,1.274,1.0150000015428002,0.0,4.188317824067825,210.00008998959544,0.1089797558735271,1.638199359586174e-05,-0.3293796702464052,-0.1374178081351855,0.0372675768871942,0.3635962458478641,14.018453090871237,37.06978673024842,3.8578718435238972
6.69,31.22151874743308,131.01235212043386,168.76084589345513,0.0487798062035839,0.3967173639594044,-1.3781738706637527,2.688737732032444,-2.3127044523501707,0.0,37.003445385257805,36.12758464622358,3.538903215435736,-12.646837380106572,105.33041568788268,825.1718074080599,1.274,1.0150000015428002,0.0,4.1884194090155615,210.00008998959544,0.1089473672794507,1.641384029208503e-05,-0.3293316453115704,-0.1364452595799278,0.037250974266185,0.3997050141480788,14.066566947077,37.06576110513881,3.8049015353035855
6.7,31.22151752185794,131.0123556374954,168.78344777490716,0.0076513295416102,0.4404858194568362,-1.3502388777582155,2.638598385555831,-2.2927157169258976,0.0,36.99269496108238,36.122751432002616,3.3376746969613955,-12.648929054188423,105.29539016924716,824.6906148475242,1.274,1.0150000015428002,0.0,4.1885169338607176,210.00008998959544,0.1089157432207592,1.644585848935656e-05,-0.3291826428590483,-0.1353654666856957,0.0372232219610137,0.4405522657225094,14.114004433389445,37.06188563022156,3.7472512360271004
6.71,31.221516296441603,131.0123591540964,168.80506615134232,-0.0332037966232109,0.4834956423371024,-1.3217520201030617,2.584955656853952,-2.269400783529469,0.0,36.982204965068895,36.11791832198681,3.1366637341404124,-12.65086407712102,105.26096480021448,824.2212500576435,1.274,1.0150000015428002,0.0,4.18861039518983,210.00008998959544,0.1088848846993113,1.6478048618344587e-05,-0.3289333985803927,-0.1341803388342711,0.0371844131474981,0.4846344004502798,14.160703592566328,37.0581513816068,3.6849971596775943
6.72,31.22151507118929,131.01236267023938,168.82570021095577,-0.0737311325735772,0.5256891363804546,-1.2927060389881315,2.527897524358231,-2.242807046132252,0.0,36.97197572980756,36.11308488618492,2.935939718380894,-12.652644389053346,105.22718472136349,823.7637178386685,1.274,1.0150000015428002,0.0,4.18869978960822,210.00008998959544,0.1088547926949291,1.6510410795831487e-05,-0.3285847768885827,-0.1328919201153563,0.0371346549589839,0.5308344332037738,14.206603249155764,37.05454962772045,3.618223078124583
6.73,31.22151384610612,131.01236618592668,168.84534915286972,-0.1138768978328095,0.5670099469926495,-1.2630953716206648,2.467515961468349,-2.2129859514047503,0.0,36.96200758006397,36.10825070402896,2.73557129932546,-12.654272489514767,105.19409403890036,823.3180228769638,1.274,1.0150000015428002,0.0,4.1887851137634655,210.00008998959544,0.1088254681643648,1.6542944822675577e-05,-0.3281377690842467,-0.1315023859299315,0.0370740682640035,0.5783319155197362,14.251643111131004,37.051071840501336,3.5470201238540224
6.74,31.22151262119707,131.0123697011606,168.86401219011336,-0.1535880413292054,0.6074031324863277,-1.232916208570138,2.403906790122076,-2.1799928998276044,0.0,36.95230083243056,36.103415365524064,2.535626296373551,-12.655751420162083,105.16173577489224,822.8841697315418,1.274,1.0150000015428002,0.0,4.188866364359488,210.00008998959544,0.1087969120402656,1.6575650181685004e-05,-0.3275934913684622,-0.1300140394460912,0.0370027874285897,0.6265197268177548,14.295763870718876,37.04770970625693,3.4714866089686636
6.75,31.221511396467,131.01237321594334,168.8816885506167,-0.1928123102589763,0.6468152331817589,-1.2021665429120671,2.337169531162661,-2.1438871427729094,0.0,36.94285579497297,36.098578472373326,2.3361716118443585,-12.657084746109929,105.1301518189505,822.4621628193653,1.274,1.0150000015428002,0.0,4.188943538128381,210.00008998959544,0.1087691252301395,1.660852603541224e-05,-0.32695318270615,-0.1284293079129625,0.0369209600636131,0.6749407037307155,14.33890730420065,37.044455136163606,3.3917278627919476
6.76,31.22151017192065,131.0123767302769,168.89837746429015,-0.2314983175991797,0.685194338114343,-1.17084621082787,2.267407251794902,-2.10473167579482,0.0,36.9336727668959,36.09373963907522,2.1372731458880367,-12.658276535922832,105.09938288138916,822.0520064014363,1.274,1.0150000015428002,0.0,4.189016631853883,210.00008998959544,0.1087421086153797,1.6641571223875027e-05,-0.3262182025442804,-0.1267507388383117,0.0368287467576877,0.7232428341914048,14.381016370280896,37.0413002764028,3.3078560914882864
6.77,31.22150894756261,131.01238024416327,168.9140781908535,-0.2695956081764285,0.7224901493450019,-1.1389569234630676,2.194726410388865,-2.062593128376091,0.0,36.92475203821715,36.08889849399198,1.9389957132495392,-12.65933134035197,105.06946844787912,821.6537045705454,1.274,1.0150000015428002,0.0,4.1890856423995535,210.00008998959544,0.108715863050292,1.667478426224845e-05,-0.3253900283891826,-0.1249809960358805,0.0367263207961763,0.7711484652623152,14.42203530684642,37.038237517921125,3.219990264455332
6.78,31.22150772339736,131.0123837576044,168.92878999399423,-0.3070547231914924,0.7586540439163795,-1.106502289889642,2.119236698872817,-2.017541650380703,0.0,36.91609388943112,36.08405468038576,1.741402961984699,-12.660254169900591,105.04044673562174,821.2672612369499,1.274,1.0150000015428002,0.0,4.18915056666652,210.00008998959544,0.1086903893611163,1.6708163338465905e-05,-0.3244702532474299,-0.1231228555484084,0.0366138678666425,0.8184332906826155,14.461909725994994,37.03525950580296,3.1282560340229932
6.79,31.22150649942917,131.01238727060186,168.94251216223955,-0.3438272631739152,0.7936391331618114,-1.0734878310702085,2.0410508830088427,-1.969650795449524,0.0,36.907698591200806,36.07920785742055,1.5445572942243002,-12.661050471306307,105.01235465106627,820.8926801164315,1.274,1.0150000015428002,0.0,4.189211401635718,210.00008998959544,0.1086656883451143,1.6741706310845814e-05,-0.3234605829349507,-0.1211792014521174,0.0364915857514225,0.8649119607238963,14.50058670686288,37.03235914824869,3.0327856974243894
6.8,31.22150527566225,131.01239078315737,168.95524399802375,-0.3798659492481412,0.8274003195212921,-1.039920984764635,1.960284640771494,-1.918997401588804,0.0,36.89956640404338,36.07435770112916,1.3485197890767993,-12.661726103029348,104.98522774919437,820.5299647173512,1.274,1.0150000015428002,0.0,4.189268144349131,210.00008998959544,0.1086417607696489,1.6775410705722823e-05,-0.3223628332590123,-0.1191530215490438,0.0363596840077081,0.9104281396155092,14.538014886262964,37.02952962514839,2.933718213241186
6.81,31.221504052100524,131.01239429527243,168.9669848286198,-0.4151246826712072,0.8598943506622347,-1.0058111013689135,1.87705639909511,-1.865661469186097,0.0,36.89169757803256,36.06950390534077,1.1533501277568805,-12.66228730983836,104.95910019439752,820.1791183287705,1.274,1.0150000015428002,0.0,4.18932079192856,210.00008998959544,0.1086186073713077,1.6809273715032506e-05,-0.3211789270779311,-0.1170474029531447,0.0362183836357346,0.954847557371136,14.57414454677478,37.02676439624307,2.8311992891046143
6.82,31.221502828747862,131.01239780694843,168.97773399222555,-0.449558602556207,0.8910798709355349,-0.9711694307212296,1.791487169215623,-1.8097260366916408,0.0,36.88409235250601,36.06464618256937,0.9591065210213487,-12.662740696586557,104.93400472297272,819.8401440086659,1.274,1.0150000015428002,0.0,4.189369341575623,210.00008998959544,0.1085962288550429,1.6843292194019788e-05,-0.3199108912433723,-0.1148655275764964,0.0360679167355663,0.9980530941546484,14.608927702180711,37.02405720886688,2.7253815638385825
6.83,31.22150160560792,131.01240131818673,168.98749085386538,-0.4831241417231932,0.9209174700842444,-0.9360090999564094,1.7037003808400384,-1.7512770541938127,0.0,36.876750955782455,36.05978426485994,0.7658456389904273,-12.663093201272623,104.909972607263,819.5130445726492,1.274,1.0150000015428002,0.0,4.189413790576454,210.00008998959544,0.1085746258933381,1.68774626589925e-05,-0.3185608534302188,-0.1126106675217392,0.0359085261530239,1.0399412592787065,14.642318180031342,37.02140210526278,2.616424916450204
6.84,31.22150038268417,131.01240482898837,168.99625480439806,-0.5157790806096563,0.9493697291728522,-0.9003450825337983,1.6138217153616394,-1.6904032551130284,0.0,36.8696736048876,36.05491790459089,0.5736225434268338,-12.6633520674806,104.88703362147012,819.1978225827587,1.274,1.0150000015428002,0.0,4.189454136301704,210.00008998959544,0.1085537991254051,1.691178128515781e-05,-0.3171310388590242,-0.1102861803870242,0.0357404651152677,1.0804196387788414,14.6742717011837,37.0187934294663,2.5044969477945664
6.85,31.221499159979928,131.01240833935455,169.0040252465989,-0.5474825991867315,0.9764012636699018,-0.8641941586088207,1.521978938335684,-1.627196026228996,0.0,36.86286050529292,36.0500468752308,0.3824906225414927,-12.663524816294716,104.86521600916764,818.8944803374229,1.274,1.0150000015428002,0.0,4.18949037622062,210.00008998959544,0.1085337491564098,1.694624390458094e-05,-0.3156237669161256,-0.1078955044897041,0.035563996856615,1.1194050240290658,14.704745956126049,37.0162258337518,2.389773700643318
6.86,31.221497937498327,131.0124118492861,169.01080162100425,-0.578195326805862,1.0019787637147477,-0.8275748669580044,1.4283017314048132,-1.5617492762529006,0.0,36.856311850657086,36.045170972048574,0.1925015283893358,-12.66361921778484,104.8445464525428,818.6030198605,1.274,1.0150000015428002,0.0,4.189522507882273,210.00008998959544,0.1085144765567197,1.6980846004342857e-05,-0.3140414476765026,-0.1054421540150752,0.0353793942350418,1.1568220251803232,14.73370067801218,37.01369428463646,2.272440713908947
6.87,31.22149671524229,131.01241535878398,169.01658338006743,-0.607879389949027,1.0260710314128567,-0.7905074487119836,1.3329215238837953,-1.494159303139272,0.0,36.850027822589965,36.04029001277407,0.0037051169145898,-12.66364326215732,104.82505004339684,818.3234428921843,1.274,1.0150000015428002,0.0,4.189550528948422,210.00008998959544,0.108495981861205,1.7015582724860108e-05,-0.3123865783345405,-0.1029297140963178,0.0351869393400089,1.1926020336713468,14.761097712141838,37.01119406843837,2.152694552986899
6.88,31.22149549321457,131.01241886784882,169.0213700120142,-0.6364984577954059,1.048649015273435,-0.753013783186024,1.2359713241617063,-1.4245246603335362,0.0,36.844008590416216,36.03540383820916,-0.1838506092995996,-12.663605130666912,104.80675025593342,818.055750879575,1.274,1.0150000015428002,0.0,4.1895744371794175,210.00008998959544,0.1084782655685428,1.705044885839884e-05,-0.3106617395477894,-0.100361835832056,0.0349869230920611,1.2266824390116575,14.786901081910244,37.00872079638446,2.030745030700936
6.89,31.22149427141772,131.01242237648128,169.02516102195713,-0.664017785576112,1.069685841676182,-0.7151173161372791,1.13758555110193,-1.35294602213324,0.0,36.83825431095328,36.03051231278688,-0.370119555527144,-12.663513166383831,104.78966892136576,817.7999449674796,1.274,1.0150000015428002,0.0,4.189594230434223,210.00008998959544,0.1084613281405682,1.7085438847888157e-05,-0.3088695916989023,-0.0977422312476058,0.0347796448347453,1.2590060325634496,14.81107705101884,37.006270409265966,1.9068184498586707
6.9,31.2214930498541,131.0124258846819,169.0279559487928,-0.690404255669364,1.0891568433366514,-0.676842980812926,1.0378998656014609,-1.279526048333349,0.0,36.83276512830542,36.025615325078014,-0.5550575865943584,-12.663375844908684,104.77382620437326,817.5560259903172,1.274,1.0150000015428002,0.0,4.1896099066891725,210.00008998959544,0.1084451700016668,1.712054678599797e-05,-0.3070128710808764,-0.0950746682061631,0.034565411919404,1.2895205501422913,14.833594181834089,37.00383918163933,1.7811623901415652
6.91,31.221491828525863,131.01242939245105,169.0297543572503,-0.715626416378929,1.1070395848154653,-0.6382171121857505,0.9370510024473336,-1.2043692483181558,0.0,36.82754117366324,36.02071278824323,-0.7386225757330555,-12.66320174512764,104.7592405814378,817.3239944643226,1.274,1.0150000015428002,0.0,4.189621464033294,210.00008998959544,0.1084297915381816,1.7155766414514373e-05,-0.3050943860107044,-0.092362965276171,0.0343445392833369,1.318178318587114,14.854423389861887,37.001423725569616,1.6540528860253263
6.92,31.22149060743496,131.012432899789,169.03055584087244,-0.7396545183610782,1.1233138850292337,-0.5992673548045189,0.8351766026103316,-1.127581844749671,0.0,36.8225825651141,36.015804640430474,-0.9207744505538168,-12.662999520097392,104.74592882109152,817.1038505796217,1.274,1.0150000015428002,0.0,4.189628900658909,210.00008998959544,0.10841519309786,1.7191091124123535e-05,-0.3031170128765579,-0.0896109865609251,0.0341173490218254,1.344935980708171,14.873537994224677,36.99902099391621,1.5258054059057504
6.93,31.221489386583155,131.012436406696,169.03036001903436,-0.7624605486722538,1.137961836703107,-0.5600225647160882,0.7324150461121577,-1.0492716369898576,0.0,36.81788940747134,36.010890845116,-1.1014752361062763,-12.662777868148307,104.7339059661062,816.8955941935402,1.274,1.0150000015428002,0.0,4.189632214880414,210.00008998959544,0.1084013749893496,1.722651395450153e-05,-0.301083692123582,-0.0868226364964971,0.0338841699545765,1.3697542796583215,14.890913764008838,36.99662828315991,1.3967920535835086
6.94,31.22148816597197,131.01243991317213,169.0291665429067,-0.7840182623861138,1.1509678228341091,-0.520512705940669,0.6289052855728918,-0.9695478643888336,0.0,36.81346179210979,36.00597139138852,-1.280689094996654,-12.662545504291533,104.72318531765454,816.6992248237824,1.274,1.0150000015428002,0.0,4.189631405129592,210.00008998959544,0.1083883374817179,1.7262027594898553e-05,-0.2989974241833196,-0.084001854624136,0.0336453371870421,1.3925978886469306,14.906528960493995,36.99424323577044,1.2674692882307428
6.95,31.22148694560276,131.01244341921733,169.02697509247395,-0.8043032117630075,1.1623185300988927,-0.4807687420066341,0.5247866805565399,-0.8885210695555451,0.0,36.80929979681847,36.00104629417554,-1.4583823645372431,-12.66231113201326,104.71377842147388,816.5147416429273,1.274,1.0150000015428002,0.0,4.189626469969687,210.00008998959544,0.1083760808040133,1.7297624385108402e-05,-0.296861265351792,-0.0811526103430714,0.0334011916671605,1.4134352752951922,14.920364375137495,36.99186384211556,1.1384240573812217
6.96,31.221485725476622,131.01244692483155,169.0237853795165,-0.823292772926243,1.1720029592807133,-0.4408225230697466,0.4201988328030848,-0.806302961723475,0.0,36.80540348565775,35.99611559441178,-1.6345235909059057,-12.662083415536864,104.7056950560608,816.3421434723574,1.274,1.0150000015428002,0.0,4.189617408076636,210.00008998959544,0.1083646051448496,1.7333296316968604e-05,-0.2946783236211832,-0.0782788976497457,0.0331520797379407,1.4322385925818957,14.932403363337192,36.98948844191128,1.0104533744902333
6.97,31.221484505594503,131.0124504300146,169.01959714860388,-0.8409661700445437,1.1800124326150494,-0.4007066691623845,0.3152814224553418,-0.723006280306502,0.0,36.80177290883789,35.991179359147644,-1.8090835602975928,-12.66187095263032,104.69894322292484,816.1814287775984,1.274,1.0150000015428002,0.0,4.18960421825784,210.00008998959544,0.1083539106520458,1.7369035036311006e-05,-0.2924517544700788,-0.0753847298692711,0.0328983526864414,1.4489835901004122,14.94263187382024,36.98711572521497,0.8847068957679264
6.98,31.22148328595708,131.0124539347662,169.01441016814897,-0.8573044969779682,1.1863405981556243,-0.3604544501314636,0.210174045352589,-0.6387446587393643,0.0,36.79840810260449,35.98623768159978,-1.9820353270531728,-12.661682248033204,104.69352913892897,816.0325956633721,1.274,1.0150000015428002,0.0,4.189586899442776,210.00008998959544,0.1083439974322942,1.74048318454984e-05,-0.2901847566171025,-0.0724741343850975,0.0326403662895594,1.46364954090752,14.95103847371526,36.98474473296304,0.7629516885278613
6.99,31.221482066564835,131.0124574390859,169.0082242463125,-0.8722907363879895,1.1909834310869425,-0.3200996628382046,0.1050160514824173,-0.5536324886810584,0.0,36.79530908914256,35.98129068114056,-2.1533542387544338,-12.661525687573787,104.68945723074164,815.8956418703946,1.274,1.0150000015428002,0.0,4.189565450701782,210.00008998959544,0.1083348655508683,1.7440677706507953e-05,-0.2878805677428061,-0.069551147372596,0.0323784803571699,1.4762191801834892,14.957614369191363,36.98237485705409,0.6480749167660111
7.0,31.221480847418043,131.01246094297326,169.0010392210622,-0.8859097762721883,1.1939392321128046,-0.2796765061994459,-5.3615353875887456e-05,-0.4677847846603619,0.0,36.79247587648189,35.9763385032289,-2.323017958277436,-12.66140951304376,104.68673013142502,815.7705647702835,1.274,1.0150000015428002,0.0,4.189539871213185,210.00008998959544,0.1083265150313636,1.7476563244592293e-05,-0.2855424601845667,-0.066619808542403,0.0321130582729476,1.4866786528852676,14.962353421756156,36.98000583998031,0.5450151885537466
7.01,31.221479628516768,131.01246444642774,168.9928549581853,-0.898148423962888,1.1952086227139005,-0.2392194546633927,-0.1048965765574451,-0.3813170492207749,0.0,36.78990845843936,35.97138131928052,-2.491006482799325,-12.66134179789317,104.68534867918116,815.6573613651683,1.274,1.0150000015428002,0.0,4.18951016032904,210.00008998959544,0.1083189458554987,1.75124787525642e-05,-0.2831737366092772,-0.0636841558990373,0.0318444665335587,1.495017467970883,14.965252159963722,36.97763777401099,0.46220334409149594
7.02,31.221478409860858,131.01246794944868,168.98367135725215,-0.9089954174942017,1.194794537679813,-0.1987631307061701,-0.2093751764253994,-0.2943451386414011,0.0,36.787606814533646,35.96641932647848,-2.657302159757206,-12.661330423805108,104.6853119182766,815.556028282254,1.274,1.0150000015428002,0.0,4.1894763174765215,210.00008998959544,0.1083121579628928,1.754841419569999e-05,-0.2807777256684244,-0.0607482205207633,0.0315730742863334,1.5012284576693398,14.966309786919314,36.97527109992693,0.412290925528456
7.03,31.221477191449925,131.0124714520354,168.9734883595683,-0.918441434457394,1.1927022144029624,-0.1583421769500175,-0.3133526383766064,-0.2069851292676654,0.0,36.78557090996241,35.961452747524184,-2.821889699760176,-12.661383058204772,104.68661710216313,815.466561773589,1.274,1.0150000015428002,0.0,4.189438342256534,210.00008998959544,0.1083061512509894,1.7584359217306264e-05,-0.2783577776403505,-0.0578160213657151,0.0312992528662045,1.5053077400303003,14.965528183016,36.97290660531575,0.4075597682755292
7.04,31.2214759732834,131.01247495418707,168.9623059243184,-0.926479098232241,1.1889391794427524,-0.1179911284922285,-0.4166932197179442,-0.1193531845185726,0.0,36.78380069555964,35.95648183032873,-2.984756186458964,-12.66150713275344,104.68925969880992,815.3889577150627,1.274,1.0150000015428002,0.0,4.189396234410836,210.00008998959544,0.1083009255749181,1.7620303144953137e-05,-0.2759172600641223,-0.0548915601104875,0.0310233753321638,1.5072546839925751,14.962911904405168,36.97054542242529,0.4492219144437423
7.05,31.22147475536047,131.0124784559029,168.9501240534162,-0.9331029816402884,1.183515232205428,-0.0777442860318264,-0.5192623648711127,-0.0315654226128618,0.0,36.78229610776432,35.951506847645554,-3.145891083379845,-12.661709822873329,104.6932333982598,815.3232116036896,1.274,1.0150000015428002,0.0,4.189349993779789,210.00008998959544,0.1082964807474229,1.7656234997374524e-05,-0.2734595533696779,-0.0519788160261984,0.03074581600362,1.50707187598061,14.95846817701308,36.96818902558197,0.525998054641714
7.06,31.221473537680144,131.01248195718193,168.93694278057094,-0.93830960806869,1.1764424255889483,-0.0376355903794551,-0.6209268569667103,0.056262214952263,0.0,36.78105706863005,35.94652809664425,-3.305286237732671,-12.661998028344856,104.69853012241956,815.2693185587856,1.274,1.0150000015428002,0.0,4.189299620372784,210.00008998959544,0.1082928165388783,1.7692143492072485e-05,-0.2709880465087867,-0.0490817408974086,0.0304669499972764,1.5047650872698204,14.95220688592269,36.96583922817993,0.6246055044562947
7.07,31.221472320241208,131.01248545802312,168.92276216830487,-0.9420974499978736,1.1677350439570302,0.0023015010808718,-0.721554967794157,0.1440140941161081,0.0,36.78008348581984,35.94154589842684,-3.462935881205232,-12.662378355012684,104.7051400370907,815.2272733217912,1.274,1.0150000015428002,0.0,4.189245114325983,210.00008998959544,0.1082899326772715,1.7728017053610457e-05,-0.2685061325912033,-0.0462042539896431,0.0301871527647857,1.500343241843982,14.944140560478992,36.963498179241874,0.7357900024869429
7.08,31.221471103042223,131.01248895842545,168.9075823159054,-0.9444669249969864,1.157409578260758,0.0420341354184531,-0.8210166060161564,0.2315750181300982,0.0,36.7793752526225,35.93656059748658,-3.618836627758424,-12.66285709763292,104.71305156624425,815.19707025591,1.274,1.0150000015428002,0.0,4.189186475892931,210.00008998959544,0.108287828848264,1.7763843822613145e-05,-0.2660172045305623,-0.0433502370704181,0.0299067996316263,1.4938183842593296,14.934284354910094,36.96116835955939,0.8540855489449642
7.09,31.221469886081568,131.0124924583878,168.89140335147297,-0.9454203892124208,1.1454846983115627,0.0815301821234645,-0.919183463571894,0.3188303565581837,0.0,36.778932247995726,35.93157256111072,-3.772987468439817,-12.663440223888244,104.7222514085396,815.1787033487332,1.274,1.0150000015428002,0.0,4.189123705491506,210.00008998959544,0.1082865046953037,1.7799611665488743e-05,-0.2635246507044121,-0.0405235294891399,0.0296262653377274,1.4852056472816788,14.922656024450411,36.95885257741781,0.9763187013286836
7.1,31.221468669357417,131.01249595790907,168.8742254388796,-0.9449621283161608,1.1319812224718924,0.120758347491161,-1.0159291602360971,0.4056661733519681,0.0,36.778754336598354,35.926582178728175,-3.9253897632348576,-12.664133359593414,104.73272455608348,815.1721662126184,1.274,1.0150000015428002,0.0,4.1890568036522735,210.00008998959544,0.108285959819731,1.783530818483429e-05,-0.2610318506327216,-0.0377279233212517,0.0293459235800854,1.474523219331169,14.909275897229342,36.95655396390954,1.1005724334676235
7.11,31.22146745286772,131.0124994569879,168.85604877478625,-0.9430983460021308,1.116922084529806,0.1596882849115227,-1.1111293862199707,0.4919693539707204,0.0,36.77884136885678,35.92158986120227,-4.076047229977768,-12.664941775108788,104.7444543154223,815.1774520878624,1.274,1.0150000015428002,0.0,4.18898577105605,210.00008998959544,0.1082861937809647,1.787092073054918e-05,-0.2585421706793189,-0.0349671585814212,0.0290661465579411,1.461792311570972,14.894166841670948,36.95427596784352,1.2256193154915276
7.12,31.22146623661025,131.01250295562323,168.83687358566164,-0.939837150002446,1.1003322980366474,0.1982907005800681,-1.2046620427699877,0.577627731493217,0.0,36.7791931810278,35.91659604007142,-4.224965930346287,-12.665870372974288,104.757422330756,815.1945538444656,1.274,1.0150000015428002,0.0,4.188910608501029,210.00008998959544,0.1082872060966952,1.7906436411651728e-05,-0.2560589597805243,-0.032244918511151,0.0287873045207945,1.4470371249084604,14.877354229685077,36.95202235025632,1.3506234247255207
7.13,31.221465020582585,131.0125064538136,168.81670012976943,-0.9351885356976684,1.0822389179616383,0.23653745416542,-1.296407380652977,0.6625302116831912,0.0,36.77980959528846,35.911601166737405,-4.372154252966854,-12.666923676771928,104.77160860935892,815.2234639859357,1.274,1.0150000015428002,0.0,4.188831316930959,210.00008998959544,0.108288996243144,1.7941842108773067e-05,-0.2535855452053644,-0.0295648249455827,0.0285097653197708,1.43028481702232,14.858865895492052,36.94979717853194,1.4749807948673586
7.14,31.2214638047821,131.0125099515577,168.795528699157,-0.9291643673161138,1.0626709998714876,0.2744016539982419,-1.3862481364616006,0.746566896951889,0.0,36.78069041982718,35.90660571160345,-4.517622893658634,-12.6681058212202,104.78699154918807,815.264174652626,1.274,1.0150000015428002,0.0,4.188747897416364,210.00008998959544,0.1082915636553334,1.7977124487314382e-05,-0.2511252283516173,-0.0269304337646621,0.0282338939626681,1.4115654698859148,14.838732090293648,36.94760482013642,1.5982309893080549
7.15,31.221462589205984,131.01251344885415,168.77335961369118,-0.9217783567824293,1.04165955658458,0.3118577463721456,-1.4740696666312405,0.829629209167591,0.0,36.7818354489531,35.90161016316384,-4.66138483284767,-12.669420543498507,104.803547968656,815.3166776257287,1.274,1.0150000015428002,0.0,4.18866035115923,210.00008998959544,0.1082949077274113,1.8012270011269087e-05,-0.2486812805820201,-0.0243452304333936,0.0279600521731229,1.3909120582412302,14.816985432738123,36.94544993597581,1.7200061804420042
7.16,31.221461373851245,131.01251694570155,168.75019322801677,-0.9130460402445496,1.0192375123799244,0.3488815985770593,-1.5597600790693935,0.9116100112521268,0.0,36.783244463218935,35.89661502704598,-4.8034553101841055,-12.670871175796355,104.82125313854014,815.3809643327713,1.274,1.0150000015428002,0.0,4.188568679502406,210.00008998959544,0.1082990278130002,1.80472649576702e-05,-0.2462569391048865,-0.0218126256360947,0.0276885979543282,1.3683604197405828,14.79366085526474,36.94333747338438,1.8400007300811996
7.17,31.22146015871472,131.01252044209846,168.72602992559146,-0.9029847523018733,0.9954396549039296,0.3854505753190434,-1.6432103623052463,0.9924037274960034,0.0,36.78491722954264,35.891620825007074,-4.94385179639752,-12.672460639076506,104.84008081599816,815.4570258511408,1.274,1.0150000015428002,0.0,4.188472883887339,210.00008998959544,0.1083039232255731,1.808209543165604e-05,-0.2438554029033893,-0.019335951009427,0.0274198851575988,1.3439492277282072,14.768795546484784,36.941272658750485,1.9579523996126877
7.18,31.22145894379305,131.01252393804344,168.7008701186878,-0.891613598027684,0.9703025846105878,0.4215436082085319,-1.7243145120088117,1.0719064625315848,0.0,36.78685350136598,35.88662809388721,-5.0825939624286445,-12.674191438037775,104.86000328065232,815.5448529152137,1.274,1.0150000015428002,0.0,4.188372965910421,210.00008998959544,0.1083095932389044,1.811674738210291e-05,-0.2414798287177949,-0.0169184549787143,0.0271542630563562,1.317719967737536,14.742428889436631,36.93926098979121,2.073630394829954
7.19,31.22145772908271,131.01252743353496,168.67471425037965,-0.8789534227591044,0.9438646621032392,0.4571412580393303,-1.802969654805044,1.1500161188756968,0.0,36.78905301879736,35.88163738452035,-5.219703645876269,-12.676065657258832,104.88099137270396,815.6444359209515,1.274,1.0150000015428002,0.0,4.18826892727134,210.00008998959544,0.1083160370875038,1.815120661783506e-05,-0.2391333270847859,-0.0145632987025079,0.0268920759257563,1.289716919434826,14.714602396114463,36.93730822748064,2.1868275605597076
7.2,31.221456514580023,131.01253092857155,168.64756279354873,-0.8650267797730907,0.9161659531450214,0.4922257696098199,-1.879076169211905,1.2266325129711604,0.0,36.791515508790006,35.87664926060613,-5.355204814801916,-12.678084958500488,104.90301453303324,815.7557649339587,1.274,1.0150000015428002,0.0,4.188160769815333,210.00008998959544,0.1083232539671222,1.81854588243378e-05,-0.2368189584381781,-0.0122735521295597,0.02663366262854,1.2599871458782343,14.68535963804591,36.93542038764539,2.2973551705920463
7.21,31.221455300281143,131.01253442315172,168.6194162449219,-0.8498578958256265,0.8872481716942794,0.5267811188814686,-1.9525378036123635,1.3016574896258544,0.0,36.79424068530497,35.87166429754313,-5.489123528936333,-12.68025057914024,104.92604084523634,815.8788296942292,1.274,1.0150000015428002,0.0,4.18804849547216,210.00008998959544,0.1083312430352552,1.821948958096957e-05,-0.2345397292751321,-0.0100521901729828,0.02637935620731,1.228580492901181,14.654746173314749,36.93360373223207,2.405039384717948
7.22,31.22145408618204,131.01253791727393,168.59027513600344,-0.8334726346931067,0.8571546206839684,0.560793052297999,-2.0232617910662207,1.3749950347692237,0.0,36.79722824951922,35.86668308122688,-5.621487898334097,-12.682563331709424,104.95003707954768,816.0136196258568,1.274,1.0150000015428002,0.0,4.187932106331215,210.00008998959544,0.1083400034117298,1.8253284378620908e-05,-0.2322985883921292,-0.0079020890056099,0.0261294834838805,1.1955496019031089,14.622809469764825,36.93186476026254,2.509718802641885
7.23,31.221452872278576,131.01254141093665,168.56014001717244,-0.8158984586608032,0.8259301310506989,0.5942491181370299,-2.091158960883112,1.446551386405737,0.0,36.80047789000498,35.861706206814794,-5.752328039525161,-12.685023604499996,104.9749687385912,816.1601238426509,1.274,1.0150000015428002,0.0,4.187811604557016,210.00008998959544,0.1083495341792513,1.8286828637784987e-05,-0.2300984231947217,-0.005826022481292,0.0258843646658417,1.1609499408921693,14.589598824945398,36.93021019848146,2.6112427553945907
7.24,31.22145165856644,131.0125449041383,168.52901147458056,-0.7971643881233212,0.7936209986398691,0.6271386897954364,-2.156143846739621,1.5162351436752095,0.0,36.803989282954674,35.856734277459246,-5.881676029214464,-12.687631363205092,105.00080010490012,816.3183311574226,1.274,1.0150000015428002,0.0,4.187686992450244,210.00008998959544,0.1083598343840578,1.8320107726995687e-05,-0.2279420560853246,-0.0038266586857562,0.0256443129609594,1.124839859693589,14.55516528245202,36.92864699171177,2.709470102250115
7.25,31.22145044504118,131.01254839687755,168.4968901122606,-0.7773009592689197,0.7602749194087051,0.6594529809543461,-2.2181347912345046,1.5839573738923172,0.0,36.80776209239482,35.85176790301258,-6.009565855582595,-12.690386153554549,105.027494290142,816.4882300905366,1.274,1.0150000015428002,0.0,4.187558272419574,210.00008998959544,0.1083709030365438,1.835310698159431e-05,-0.2258322409329958,-0.0019065566215984,0.0254096341996933,1.0872806778049322,14.519561545146464,36.92718229292686,2.804268380252211
7.26,31.221449231698216,131.01255188915266,168.46377656107123,-0.7563401799403305,0.725940922861558,0.691185052608056,-2.277054046706104,1.6496317174494892,0.0,36.81179597041099,35.846807698705256,-6.136033367243812,-12.693287104904432,105.05501328598116,816.6698088779326,1.274,1.0150000015428002,0.0,4.187425446962889,210.00008998959544,0.1083827391119331,1.838581172277034e-05,-0.2237716596293292,-6.816303105050214e-05,0.0251806264662326,1.048336816150451,14.482841885242689,36.92582345305102,2.8955132035245144
7.27,31.22144801853286,131.01255538096223,168.42967147571815,-0.7343154837477007,0.6906693037370037,0.7223298119774744,-2.3328278721371087,1.7131744904608304,0.0,36.816090557395945,35.84185428380072,-6.261116219918782,-12.696332934737004,105.0833180165077,816.8630554814525,1.274,1.0150000015428002,0.0,4.187288518700148,210.00008998959544,0.1083953415509983,1.8418207276837176e-05,-0.2217629187344576,0.001686190639606,0.0249575797385289,1.0080759883575598,14.445062051339908,36.92457801050288,2.9830878419947493
7.28,31.221446805540253,131.0125588723048,168.39457554071396,-0.7112616824484501,0.6545115522098914,0.7528840033723434,-2.385386626010772,1.77450478500864,0.0,36.820645482288406,35.83690828022824,-6.384853820883124,-12.699521954026151,105.1123683921592,817.0679575974679,1.274,1.0150000015428002,0.0,4.1871474903358274,210.00008998959544,0.1084087092607724,1.845027899468796e-05,-0.2198085462170633,0.0033542911300926,0.0247407755376112,0.9665694735488202,14.406279172743016,36.923453680490525,3.066882930615967
7.29,31.221445592715465,131.01256236317877,168.35848945348502,-0.6872149167066312,0.6175202824944866,0.7828461911008293,-2.434664854922872,1.83354456686511,0.0,36.8254603628377,35.831970311197715,-6.507287271254303,-12.702852073421145,105.14212336505736,817.2845026677599,1.274,1.0150000015428002,0.0,4.18700236468709,210.00008998959544,0.1084228411153187,1.8482012271384314e-05,-0.2179109882923627,0.0049340461073221,0.0245304865866805,0.9238925016576622,14.36655166103072,36.92245834407517,3.1467962745303755
7.3,31.22144438005343,131.01256585358277,168.32141393828363,-0.662212605248023,0.5797491601234059,0.8122167345669856,-2.480601377811143,1.890218770542514,0.0,36.83053480586095,35.82704099979779,-6.628459306182195,-12.706320810200724,105.1725409856797,817.5126778891373,1.274,1.0150000015428002,0.0,4.186853144650913,210.00008998959544,0.1084377359564919,1.851339256582584e-05,-0.2160726063618313,0.0064234867540606,0.0243269764802803,0.8801247961956908,14.325939109237757,36.92160003701334,3.22273272550183
7.31,31.22144316754901,131.0125693435153,168.2833497372453,-0.6362933925146661,0.5412528278338021,0.8409977557313641,-2.523139365612889,1.94445539153526,0.0,36.83586840752033,35.82212096758087,-6.748414233011239,-12.709925295948247,105.20357846078292,817.7524702245314,1.274,1.0150000015428002,0.0,4.186699833218185,210.00008998959544,0.10845339259475,1.854440542044656e-05,-0.2142956740584873,0.0078207702019897,0.0241304993639965,0.8353513401184249,14.284502188674791,36.9208869383941,3.294604111744102
7.32,31.221441955196937,131.01257283297505,168.2442976173439,-0.6094970948546548,0.502086830271014,0.869193099148923,-2.5622264162030746,1.9961855756042832,0.0,36.84146075359944,35.81721083313706,-6.867197867484121,-12.713662284898124,105.23519221249292,818.0038664128429,1.274,1.0150000015428002,0.0,4.186542433454917,210.00008998959544,0.1084698098099801,1.8575036480889704e-05,-0.212582374401373,0.0091241818058758,0.0239412996249908,0.7896634629110464,14.242302543704056,36.92032735908352,3.3623292081156424
7.33,31.22144074299188,131.01257632196052,168.20425835846743,-0.5818646453490514,0.4623075374663864,0.8968082848300873,-2.5978146244279907,2.045343704963107,0.0,36.847311419802494,35.81231121066063,-6.9848574680599045,-12.717528162902903,105.26733793847325,818.2668529822854,1.274,1.0150000015428002,0.0,4.186380948544502,210.00008998959544,0.1084869863523532,1.86052715156032e-05,-0.210934797062859,0.0103321372559966,0.0237596115938689,0.7431603979807831,14.199402684534665,36.919929729993264,3.4258337370724856
7.34,31.2214395309284,131.01257981047044,168.1632327623614,-0.553438037270029,0.4219720674670168,0.9238504542121236,-2.629860647122374,2.0918674812043685,0.0,36.853419972027446,35.80742270851084,-7.101441668421379,-12.721518956971073,105.29997067308184,818.5414162593856,1.274,1.0150000015428002,0.0,4.186215381698503,210.00008998959544,0.1085049209431513,1.8635096435308768e-05,-0.2093549357522072,0.0114431845258188,0.0235856592580396,0.6959515420947249,14.155865878550472,36.91970259018412,3.4850503933158796
7.35,31.22143831900101,131.0125832985034,168.12122164467797,-0.5242602663496597,0.381138207782928,0.95032830955255,-2.6583257628870687,2.1356980048371974,0.0,36.85978596668612,35.80254592776999,-7.217000408249097,-12.72563034532476,105.33304484942516,818.8275423820272,1.274,1.0150000015428002,0.0,4.1860457362317804,210.00008998959544,0.1085236122757015,1.866449731228549e-05,-0.2078446857189177,0.0124560056527713,0.0234196559871341,0.6481597844592862,14.111756039947322,36.919654574824975,3.5399188868435543
7.36,31.221437107204142,131.01258678605816,168.07822583994664,-0.4943752718282577,0.3398643361435662,0.9762520470926688,-2.683175926533875,2.1767798512729954,0.0,36.86640895100503,35.79768146080232,-7.331584862342352,-12.729857667928016,105.36651436221509,819.1252173116864,1.274,1.0150000015428002,0.0,4.185872015534319,210.00008998959544,0.1085430590162523,1.869346039942144e-05,-0.2064058413789804,0.0133694183491085,0.0232618042707158,0.599926503678344,14.067137618328076,36.91979440301881,3.5903860005703603
7.37,31.22143589553217,131.01259027313347,168.03424619660333,-0.4638278763887187,0.2982093405198759,1.0016332843689977,-2.704381818038508,2.215061143117148,0.0,36.87328846333075,35.79282988981589,-7.445247368168659,-12.734195937436324,105.40033263133444,819.4344268445941,1.274,1.0150000015428002,0.0,4.18569422303836,210.00008998959544,0.1085632598048829,1.8721972148982163e-05,-0.2050400940672886,0.0141823774409913,0.0231122954686052,0.5514192298500539,14.022075486354897,36.92013086551283,3.636405659692073
7.38,31.22143468397944,131.01259375972816,167.98928357599831,-0.4326637250739397,0.2562325384123737,1.0264849820749211,-2.721918885845972,2.250493618628488,0.0,36.88042403345644,35.78799178543008,-7.558041351926853,-12.738639850519384,105.43445266601552,819.755156624528,1.274,1.0150000015428002,0.0,4.18551236225127,210.00008998959544,0.1085842132564633,1.8750019231039783e-05,-0.2037490299192485,0.0148939761337668,0.0229713095742132,0.5028436782568116,13.976634826609564,36.92067281230995,3.6779390107827883
7.39,31.22143347254021,131.012597245841,167.94333884941247,-0.4009292232197769,0.213993595660062,1.0508213609020325,-2.7357673844215733,2.2830326962001264,0.0,36.88781518294383,35.78316770525187,-7.670021253210247,-12.743183799510476,105.46882712953328,820.0873921562827,1.274,1.0150000015428002,0.0,4.185326436750843,210.00008998959544,0.1086059179615874,1.8777588551523432e-05,-0.2025341278844108,0.0155034471013815,0.0228390149911791,0.4544631487618025,13.930881018089591,36.92142914019652,3.7149545092923644
7.4,31.22143226120873,131.0126007314709,167.8964129040232,-0.3686714734725236,0.1715524448893992,1.0746578138160807,-2.7459124059356346,2.3126375347228185,0.0,36.8954614254382,35.77835819246384,-7.781242448359011,-12.747821884337071,105.5034084043174,820.4311188168277,1.274,1.0150000015428002,0.0,4.185136450133657,210.00008998959544,0.1086283724875156,1.880466726983452e-05,-0.2013967578749016,0.0160101633984445,0.0227155683235343,0.4066306561611214,13.884879522631968,36.92240878020297,3.7474280146356405
7.41,31.22143104997921,131.01260421661675,167.84850664091505,-0.3359382120199195,0.1289692034896398,1.0980108142393363,-2.752343905934996,2.3392710897090545,0.0,36.90336226701251,35.77356377442607,-7.891761172592821,-12.752547924689027,105.5381486573837,820.7863218691066,1.274,1.0150000015428002,0.0,4.184942406066717,210.00008998959544,0.1086515753791835,1.883124281599096e-05,-0.2003381790512847,0.0164136391937022,0.022601114179804,0.3598435036836427,13.8386957713183,36.92362068501634,3.775342892489718
7.42,31.221429838845857,131.01260770127763,167.799620960172,-0.3027777440434634,0.086304091475828,1.1208978206323104,-2.75505672293926,2.3629001650419297,0.0,36.91151720649744,35.76878496129505,-8.00163444101718,-12.757355472383155,105.57299990598727,821.1529864754427,1.274,1.0150000015428002,0.0,4.184744308268675,210.00008998959544,0.1086755251601635,1.8857302907245266e-05,-0.1993595382481805,0.0167135303233795,0.0224957849912473,0.3148375599571413,13.79239505142175,36.92507381635875,3.798690124354217
7.43,31.221428627802847,131.0126111854524,167.74975677777385,-0.2692388784886829,0.0436173492649669,1.1433371779846049,-2.7540505918664686,2.3834954602304523,0.0,36.91992573581146,35.76402224466285,-8.110919968598386,-12.762237823884371,105.60791408339936,821.5310977099707,1.274,1.0150000015428002,0.0,4.184542160476965,210.00008998959544,0.1087002203336427,1.888283556414864e-05,-0.1984618685419622,0.0169096346636813,0.022399700844479,0.2727490290421411,13.746042394106812,36.92677713235069,3.817468424762806
7.44,31.221427416844342,131.01261466914028,167.6989150176449,-0.2353708622516922,0.000969155377262,1.1653480167363417,-2.749330151194601,2.401031613063031,0.0,36.92858734030571,35.75927609621803,-8.219676089204421,-12.767188032946663,105.6428431047092,821.9206405719699,1.274,1.0150000015428002,0.0,4.184335966466586,210.00008998959544,0.1087256593834398,1.8907829126012825e-05,-0.1976460879626172,0.0170018923217811,0.0223129693287594,0.235372857512179,13.69970246308385,36.92873957487637,3.8316843668688465
7.45,31.221426205964555,131.0126181523403,167.64709660072143,-0.2012233138341454,-0.0415804557319971,1.186950149662316,-2.740904943807592,2.4154872375505376,0.0,36.937501499107576,35.75454696643219,-8.32796167381078,-12.772198923339028,105.67773893255408,822.3215999998614,1.274,1.0150000015428002,0.0,4.184125730054789,210.00008998959544,0.1087518407750078,1.893227226573788e-05,-0.196912998351622,0.0169903856446195,0.0222356853981731,0.205474449069114,13.653439444625686,36.93097005696786,3.8413525174789442
7.46,31.221424995157623,131.01262163505174,167.59430246482952,-0.1668461565324578,-0.0839716755678152,1.2081639672613111,-2.7287894114828,2.4268449570593007,0.0,36.946667685456646,35.74983528327375,-8.435836047971394,-12.777263101624674,105.71255364268006,822.7339608836937,1.274,1.0150000015428002,0.0,4.18391145506822,210.00008998959544,0.1087787629564312,1.895615400397237e-05,-0.196263284367543,0.0168753390453089,0.0221679312488531,0.1867856052167708,13.60731693929137,36.93347745022493,3.84649558294474
7.47,31.221423784417784,131.01262511727376,167.54053354480783,-0.1322895512773605,-0.1261450032521861,1.229010332195224,-2.713002882958132,2.435091432552116,0.0,36.95608536705712,35.74514145095278,-8.543358908657451,-12.782372969964104,105.74723948923818,823.1577080796139,1.274,1.0150000015428002,0.0,4.183693145371086,210.00008998959544,0.1088064243594529,1.897946372257238e-05,-0.1956975126409155,0.0166571186472551,0.0221097762115232,0.1827923930200037,13.561397855512334,36.93627057228978,3.8471445676593006
7.48,31.22142257373927,131.01262859900567,167.48579077747632,-0.0976038291512435,-0.1680413266491658,1.2495104733276448,-2.693569555582509,2.4402173858501057,0.0,36.965754006414414,35.74046584869802,-8.650590240567174,-12.787520738915866,105.78174896972044,823.5928264227373,1.274,1.0150000015428002,0.0,4.183470804827591,210.00008998959544,0.1088348234004682,1.9002191177341656e-05,-0.1952161310796493,0.0163362317460018,0.0220612766594457,0.1943305627332864,13.51574430554452,36.93935817439116,3.8433389473115107
7.49,31.221421363116328,131.01263208024687,167.43007510263087,-0.0628388276986625,-0.209599777908696,1.2696858860748557,-2.6705189143131887,2.4422174989538497,0.0,36.97567268408067,35.73580882956953,-8.757590232011779,-12.792698440211424,105.81603488944263,824.0392839320647,1.274,1.0150000015428002,0.0,4.183242903641632,210.00008998959544,0.1088639573712902,1.9024326510015927e-05,-0.1948194683261401,0.015913326089486,0.0220224757073693,0.2188167442203853,13.470419862413824,36.94274890139079,3.8351270947908076
7.5,31.221420152543285,131.01263556099667,167.3733874610556,-0.0280450494898167,-0.2507624090804959,1.2895582346643153,-2.643884980662983,2.441090619557452,0.0,36.985840876290446,35.731170718685675,-8.864419190483774,-12.797897939484017,105.85005042548164,824.4970664568768,1.274,1.0150000015428002,0.0,4.183009536931675,210.00008998959544,0.1088938247286478,1.9045860260287394e-05,-0.1945077348250645,0.0153891944139042,0.0219934037797274,0.2523257925519492,13.425484596000182,36.94645133493291,3.822566107271035
7.51,31.221418942014484,131.01263904125463,167.3157287915411,0.0067265288982187,-0.2914737831249065,1.3091492287252169,-2.6137061627880267,2.4368397995806723,0.0,36.99625837420624,35.7265518129767,-8.971137458139086,-12.80311094943942,105.88374919323932,824.9661740964867,1.274,1.0150000015428002,0.0,4.182772099100588,210.00008998959544,0.1089244248564465,1.906678337882383e-05,-0.1942810210402337,0.0147647675811792,0.0219740783405649,0.2915513883523558,13.380995485503558,36.95047397689645,3.805721983709308
7.52,31.221417731524348,131.01264252102027,167.25710003287205,0.0414255728275913,-0.3316771455230682,1.328480513292268,-2.5800258251099057,2.429472133553175,0.0,37.006924623019614,35.721952380433656,-9.077805327045512,-12.808329042435709,105.91708530881743,825.4465917372418,1.274,1.0150000015428002,0.0,4.182530594091031,210.00008998959544,0.1089557561199336,1.908708723598596e-05,-0.1941392961323264,0.0140411087107755,0.0219645033313567,0.3342540766798591,13.337010469893382,36.95482518981678,3.784670207579883
7.53,31.22141652106736,131.01264600029313,167.19750211488324,0.0760019156829076,-0.3713165292544011,1.3475735826585065,-2.542892011585276,2.418998816688484,0.0,37.01783906448097,35.717372658343514,-9.184482954331106,-12.81354366253211,105.95001344781376,825.9383043134823,1.274,1.0150000015428002,0.0,4.182285025826637,210.00008998959544,0.1089878168741793,1.9106763628229785e-05,-0.1940824093547263,0.0132194166881983,0.0219646695120397,0.3790147427451297,13.293586212545526,36.95951320873522,3.759495926105464
7.54,31.22141531063805,131.01264947907288,167.13693596939055,0.1104056272931182,-0.4103368279775718,1.366449683410974,-2.502357389327759,2.405435137097394,0.0,37.02900113720563,35.712812852503134,-9.291230277561596,-12.818746137889242,105.98248890618754,826.4412968194739,1.274,1.0150000015428002,0.0,4.182035398221532,210.00008998959544,0.1090206054649759,1.912580478611006e-05,-0.1941100902763405,0.0123010245440543,0.0219745544638969,0.4249300019212063,13.250778019963414,36.96454612998208,3.7302942832972237
7.55,31.22141410023108,131.0126529573592,167.07540252025586,0.1445870812585841,-0.4486838711480222,1.385129720630384,-2.4584791856523465,2.388800462837072,0.0,37.04041027701038,35.70827313629312,-9.398106930343598,-12.82392769306524,106.01446766014196,826.9555543228016,1.274,1.0150000015428002,0.0,4.181781715170814,210.00008998959544,0.1090541202298245,1.9144203381457432e-05,-0.194221949160444,0.0112873976667453,0.0219941226087903,0.4714045109600608,13.208639761570325,36.96993189969098,3.697170796772857
7.56,31.221412889841133,131.0126564351519,167.01290268835214,0.1784970219373577,-0.486304497845275,1.4036341678248374,-2.4113191189708902,2.369118223709413,0.0,37.05206591724493,35.70375364980186,-9.505172158263456,-12.829079461206138,106.04590642494875,827.4810619768247,1.274,1.0150000015428002,0.0,4.181523980536292,210.00008998959544,0.1090883594989179,1.916195253374035e-05,-0.1944174774971786,0.0101801318432851,0.0220233252444802,0.5180274957685,13.167223793928018,36.975678302516286,3.6602417855261855
7.57,31.22141167946305,131.01265991245074,166.94943737566368,0.2120866309896778,-0.5231466292780189,1.4219829810406877,-2.3609433236175863,2.3464158878233747,0.0,37.06396748913048,35.69925449900392,-9.612484735272902,-12.834192496130676,106.0767627126372,828.0178050347527,1.274,1.0150000015428002,0.0,4.181262198170261,210.00008998959544,0.1091233215961257,1.9179045815613856e-05,-0.1946960486891639,0.008980951130581,0.0220621005960874,0.5645014479793691,13.126580889506522,36.98179295057072,3.619634856492264
7.58,31.22141046909173,131.01266338925566,166.8850074891396,0.2453075934417993,-0.5591593397190902,1.4401955175720376,-2.3074222687325774,2.32072493293488,0.0,37.076114422077474,35.694775754991845,-9.720102880631048,-12.839257784312345,106.10699488847293,828.5657688611674,1.274,1.0150000015428002,0.0,4.180996371872704,210.00008998959544,0.109159004839942,1.9195477257661337e-05,-0.195056918889437,0.0076917055595703,0.0221103738835735,0.6106005831720501,13.086760170340536,36.98828327259461,3.5754894587207477
7.59,31.221409258722204,131.01266686556656,166.81961391783472,0.27811216312399,-0.59429292599414,1.4582904596604167,-2.250830671280958,2.292080812604496,0.0,37.08850614402066,35.6903174532655,-9.82808417651332,-12.844266256763875,106.13656222615438,829.124938946622,1.274,1.0150000015428002,0.0,4.180726505434089,210.00008998959544,0.1091954075444502,1.921124135234528e-05,-0.1954992279908362,0.0063143686751877,0.0221680574053244,0.6561460838438388,13.047809046485687,36.99515650337527,3.5279575149121856
7.6,31.221408048349616,131.01267034138343,166.7532575418527,0.310453227483776,-0.6284989751367313,1.4762857435518524,-2.1912474033788114,2.26052291719832,0.0,37.10114208172004,35.68587959307861,-9.93648548639696,-12.849208800832168,106.16542496165806,829.6953009176486,1.274,1.0150000015428002,0.0,4.1804526025592805,210.00008998959544,0.1092325280202343,1.9226333057177075e-05,-0.1960220007656059,0.0048510349147981,0.0222350506375927,0.7009909431683249,13.00977315971212,37.00241967342608,3.4772041410604055
7.61,31.22140683796921,131.01267381670633,166.6859392293671,0.3422843715782499,-0.6617304305241872,1.494198494242987,-2.128755393991592,2.226094529797934,0.0,37.11402166109699,35.681462136845965,-10.045362874332552,-12.854076271913144,106.19354434566534,830.2768405513758,1.274,1.0150000015428002,0.0,4.18017466695314,210.00008998959544,0.1092703645753479,1.924074779712289e-05,-0.1966241481540038,0.0033039168286637,0.0223112403499274,0.7450104324533952,12.972696332093903,37.010079598945005,3.4234084657315718
7.62,31.221405627576388,131.01267729153534,166.6176598356254,0.3735599412911773,-0.6939416559455315,1.512044966219168,-2.063441525217693,2.1888427770550822,0.0,37.12714430752625,35.67706500961113,-10.154771525210068,-12.858859505098753,106.22088269450865,830.8695437864525,1.274,1.0150000015428002,0.0,4.179892702249193,210.00008998959544,0.1093089155161794,1.9254481466272936e-05,-0.1973044687002361,0.0016753421451972,0.0223965007362993,0.7880959510880439,12.936620520049036,37.01814287205925,3.3667645611963497
7.63,31.22140441716668,131.0126807658706,166.5484201999686,0.4042351055933698,-0.7250884978740466,1.5298404904529244,-1.9953965232533684,2.148818575068384,0.0,37.140509446144485,35.67268809857713,-10.26476566612724,-12.86354932676973,106.24740343957544,831.4733967354067,1.274,1.0150000015428002,0.0,4.179606712028646,210.00008998959544,0.1093481791483569,1.9267530428790053e-05,-0.1980616501341751,-3.224931491376729e-05,0.0224906935619172,0.8301509663103631,12.901585773479358,37.02661585137375,3.3074824987896454
7.64,31.221403206735754,131.01268423971243,166.47822114881285,0.434265917813958,-0.7551283456825894,1.547599427895146,-1.92471484421875,2.106076570345364,0.0,37.15411650214442,35.66833125270062,-10.375398488967448,-12.868136566149396,106.27307117511384,832.0883856958243,1.274,1.0150000015428002,0.0,4.179316699806128,210.00008998959544,0.109388153777618,1.9279891519168296e-05,-0.1988942710968968,-0.0018163088723381,0.0225936683255348,0.8710882771386279,12.86763020020059,37.03550465283338,3.245789540456233
7.65,31.22140199627942,131.01268771306096,166.4070634926676,0.4636093758164308,-0.7840201898115342,1.565335129655108,-1.8514945549924464,2.0606750759298302,0.0,37.16796490106943,35.66399428235106,-10.48672207429258,-12.872612066835307,106.29785170438424,832.7144971621485,1.274,1.0150000015428002,0.0,4.179022669043948,210.00008998959544,0.1094288377106741,1.9291562041828845e-05,-0.1998008030080287,-0.003674182366492,0.0227052624371377,0.9108281375198762,12.834789935532877,37.04481514091177,3.1819314769267835
7.66,31.221400785793648,131.0126911859165,166.33494802216023,0.4922234810201047,-0.8117246777289144,1.5830599040279631,-1.7758372092346113,2.0126760027737407,0.0,37.18205406909468,35.65967695903655,-10.59878731665557,-12.876966698326584,106.3217120841073,833.3517178368886,1.274,1.0150000015428002,0.0,4.1787246231378345,210.00008998959544,0.109470229256033,1.9302539770084538e-05,-0.2007796120726747,-0.005603113672755,0.0228253014108083,0.9492969491579978,12.803099117075094,37.05455292013761,3.116174119908013
7.67,31.2213995752746,131.01269465827951,166.2618755130055,0.5200672961770311,-0.8382041676516575,1.6007849904910625,-1.697847718765382,1.9621447864421253,0.0,37.196383433300575,35.65537901519567,-10.71164385143556,-12.881191367565629,106.3446206671596,834.0000346411784,1.274,1.0150000015428002,0.0,4.178422565402663,210.00008998959544,0.1095123267248065,1.931282294450588e-05,-0.2018289614255784,-0.007600248355208,0.0229535990725805,0.9864263396272868,12.772589864518835,37.06472332696877,3.048804950281388
7.68,31.22139836471853,131.0126981301503,166.18784672103615,0.547101001815061,-0.863422779982787,1.61852054075049,-1.6176342204687832,1.9091503092454072,0.0,37.21095242194386,35.65110014405829,-10.825339983297596,-12.885277030513954,106.36654714347188,834.6594347251511,1.274,1.0150000015428002,0.0,4.178116499077218,210.00008998959544,0.1095551284315109,1.932241027072237e-05,-0.2029470134100128,-0.0096626374505422,0.0230899577830888,1.0221525057524856,12.743292264343925,37.075331422025954,2.9801349156296166
7.69,31.22139715412193,131.0127016015294,166.11286238120897,0.5732859512761249,-0.8873464463775248,1.6362756068797737,-1.535307938902474,1.853764817895149,0.0,37.225760464721176,35.646839999573864,-10.939922616376348,-12.889214703781708,106.3874625790892,835.3299054786811,1.274,1.0150000015428002,0.0,4.1778064273336994,210.00008998959544,0.1095986326948365,1.9331300916699444e-05,-0.2041318319887139,-0.0117872413787055,0.0232341686748085,1.0564157425163472,12.715234359255405,37.086381982693965,2.9105003571538295
7.7,31.221395943481465,131.01270507241716,166.0369232085999,0.5985847242852386,-0.9099429563177546,1.654058136554096,-1.450983044805627,1.7960638367810244,0.0,37.24080699301727,35.642598196409885,-11.055437186282232,-12.892995476331336,106.40733945335384,836.0114345409886,1.274,1.0150000015428002,0.0,4.177492353253944,210.00008998959544,0.1096428378383785,1.9339494509522448e-05,-0.2053813852840561,-0.0139709339756678,0.0233860119036196,1.089160103540191,12.688442142230416,37.09787949610104,2.8402650265788214
7.71,31.22139473279393,131.01270854281424,165.9600298984016,0.6229611789528661,-0.9311820012169648,1.671874975344096,-1.3647765096761968,1.7361260769761573,0.0,37.25609144014973,35.6383743100195,-11.17192759402594,-12.8966105212749,106.42615169417584,836.7040098099748,1.274,1.0150000015428002,0.0,4.1771742798294245,210.00008998959544,0.1096877421913604,1.934699113173053e-05,-0.2066935482445662,-0.016210506643412,0.0235452569144631,1.12033315607719,12.662939554868446,37.10982815248411,2.7698221260041924
7.72,31.22139352205635,131.01271201272112,165.88218312195045,0.6463805021398042,-0.951035215976255,1.689731875992743,-1.2768079566037316,1.6740333410770358,0.0,37.271613241607845,35.634167876779955,-11.289436141955491,-12.900051107785483,106.44387471135924,837.407619451851,1.274,1.0150000015428002,0.0,4.176852209970769,210.00008998959544,0.1097333440893316,1.93537913172404e-05,-0.2080661054346896,-0.0185026726123354,0.0237116627208481,1.1498858045640612,12.638748489824057,37.12223183894945,2.6995962657090216
7.73,31.221392311265937,131.01271548213847,165.80338352672558,0.6688092581273363,-0.9694762178822016,1.7076335145613026,-1.1871995075539592,1.609870423984408,0.0,37.28737183527495,35.62997839420079,-11.408003471797576,-12.903308613140757,106.46048542795492,838.1222519096393,1.274,1.0150000015428002,0.0,4.176526146488723,210.00008998959544,0.1097796418748242,1.9359896046897216e-05,-0.2094967539446152,-0.0208440713110757,0.0238849781978985,1.1777721642787735,12.615888797112916,37.13509413363451,2.6300451845565482
7.74,31.221391100420075,131.01271895106683,165.72363173833656,0.6902154354997047,-0.986480642871049,1.7255835132920212,-1.0960756272803305,1.5437250097393025,0.0,37.303366661647445,35.62580532120327,-11.52766850489282,-12.906374534918031,106.4759623096137,838.8478959116264,1.274,1.0150000015428002,0.0,4.1761960920989205,210.00008998959544,0.1098266338979972,1.936530674369429e-05,-0.2109831064168829,-0.0232312728385212,0.0240649423886794,1.203949471905248,12.594378293923544,37.14841830027967,2.5616610134359727
7.75,31.221389889516377,131.012722419507,165.64292835555395,0.7105684921796296,-1.0020261790694345,1.7435844699969671,-1.003562964054712,1.4756875645254373,0.0,37.31959716404285,35.62164807847028,-11.648468384712007,-12.9092405033571,106.49028539191744,839.5845404796681,1.274,1.0150000015428002,0.0,4.175862049421872,210.00008998959544,0.1098743185172454,1.9370025267701217e-05,-0.2125226941863334,-0.0256607825328426,0.0242512848235041,1.2283780233275317,12.574232777675569,37.16220728321589,2.494970784384438
7.76,31.22138867855264,131.01272588745957,165.5612739562736,0.7298393985535075,-1.016092597554402,1.7616379937474596,-0.9097901874076804,1.4058512259512297,0.0,37.336062788795125,35.61750604886753,-11.770438421737852,-12.911898293907184,106.50343630566752,840.3321749364785,1.274,1.0150000015428002,0.0,4.175524020968705,210.00008998959544,0.1099226940997774,1.937405391074024e-05,-0.2141129705298799,-0.0281290456321784,0.0244437258518881,1.2510211315243316,12.555466042020235,37.176463702774704,2.4305358001120765
7.77,31.22138746752688,131.01272935492528,165.47866908857003,0.7480006786045542,-1.0286617803453837,1.7797447466023832,-0.8148878230556302,1.3343116887295083,0.0,37.35276298544478,35.61337857793464,-11.89361204079394,-12.914339839972175,106.51539830011396,841.0907889132942,1.274,1.0150000015428002,0.0,4.175182009150673,210.00008998959544,0.1099717590221693,1.93773953908496e-05,-0.2157513140224827,-0.0306324520214668,0.024641976986864,1.2718450992890948,12.538089895396627,37.19118985112549,2.3689493894769718
7.78,31.221386256437288,131.0127328219049,165.39511427666108,0.7650264490123886,-1.039717745516877,1.7979044910810735,-0.7189880852130222,1.2611670868677285,0.0,37.369697206912434,35.60926497444719,-12.018020730900233,-12.9165572458666,106.52615626411117,841.8603723557195,1.274,1.0150000015428002,0.0,4.174836016260128,210.00008998959544,0.1100215116708881,1.938005284657218e-05,-0.2174350319955733,-0.0331673410599627,0.0248457412612648,1.2908192027225096,12.522114181888597,37.20638768854584,2.3108325007940786
7.79,31.221385045282343,131.01273628839917,165.3106100149447,0.7808924561209324,-1.0492466695181206,1.8161161430522024,-0.6222247064535855,1.1865178724921293,0.0,37.38686490967563,35.60516451104888,-12.143693997731054,-12.918542799992824,106.5356967451881,842.6409155316973,1.274,1.0150000015428002,0.0,4.174486044508575,210.00008998959544,0.1100719504427926,1.9382029831106195e-05,-0.2191613640941227,-0.0357300064836952,0.025054713595737,1.3079156825391218,12.50754680391491,37.2220588401304,2.256826553397338
7.8,31.22138383406064,131.01273975440887,165.2251567739612,0.7955761107829011,-1.0572369064463911,1.8343778296826607,-0.5247327653441776,1.110466691413544,0.0,37.40426555391041,35.60107642495289,-12.270659318748743,-12.92028898824788,106.54400796652509,843.4324090360878,1.274,1.0150000015428002,0.0,4.174132095964839,210.00008998959544,0.1101230737455614,1.938333030635317e-05,-0.2209274859283709,-0.0383167013773454,0.0252685811779845,1.3231097407018075,12.49439374665658,37.238204592939326,2.2075830153803864
7.81,31.22138262277108,131.0127432199348,165.13875499343715,0.8090565209431084,-1.0636790045249307,1.852686952060476,-0.426648511990798,1.0331182555660705,0.0,37.421898603645566,35.59699991871269,-12.39894210108304,-12.92178850766572,106.55107984183032,844.234843796596,1.274,1.0150000015428002,0.0,4.17377417258836,210.00008998959544,0.1101748799981451,1.9383958636897017e-05,-0.2227305128162961,-0.0409236432093707,0.0254870238529947,1.336379540761292,12.482659103588684,37.254825893594266,2.1637493443333446
7.82,31.221381411412715,131.0127466849778,165.0514050882484,0.8213145219631695,-1.068565719570464,1.8710402520786384,-0.3281091917071925,0.9545792124318048,0.0,37.43976352689606,35.5929341610609,-12.528565642222976,-12.923034280298175,106.5569039881127,845.0482110785216,1.274,1.0150000015428002,0.0,4.173412276224435,210.00008998959544,0.110227367631162,1.9383919583945928e-05,-0.2245675036126143,-0.0435470189248285,0.0257097145238071,1.347706210367562,12.472345103002574,37.27192334632173,2.1259512551768838
7.83,31.221380199984864,131.01275014953868,164.96310744146217,0.8323327046154517,-1.0718920255057398,1.889433883143192,-0.2292528669781778,0.8749580115753851,0.0,37.45785979578943,35.58887828781631,-12.65955109358482,-12.924019467335356,106.5614737363501,845.8725024900574,1.274,1.0150000015428002,0.0,4.173046408613732,210.00008998959544,0.1102805350872607,1.938321829926663e-05,-0.2264354646201434,-0.0461829900897915,0.0259363195624813,1.3570738449005575,12.463452135123942,37.289497211448754,2.0947717770218377
7.84,31.221378988487064,131.01275361361823,164.8738624063259,0.8420954407233673,-1.0736551218173107,1.9078634842479072,-0.1302182379159066,0.7943647684073755,0.0,37.47618688666991,35.58483140285702,-12.791917427015989,-12.924737483463009,106.56478414005336,846.707709985614,1.274,1.0150000015428002,0.0,4.1726765713589975,210.00008998959544,0.1103343808214323,1.9381860319137883e-05,-0.2283313535792257,-0.0488276980813682,0.026166499230799,1.3644695113111631,12.455978779624395,37.30754740435096,2.0707281930034642
7.85,31.221377776919056,131.01275707721734,164.7836703132241,0.8505907075006209,-1.0738482568874117,1.9263242477123648,-0.0311457385173937,0.7129107657432066,0.0,37.49474323892272,35.580792579159656,-12.925681404291463,-12.925182011451543,106.56683198172992,847.5537787941021,1.274,1.0150000015428002,0.0,4.172298425989418,210.00008998959544,0.1103889002356674,1.937985155834644e-05,-0.2302520837308666,-0.0514772693170568,0.0263999073771877,1.369879524712469,12.449928507450371,37.32607342434513,2.0542485059663464
7.86,31.221376565280835,131.0127605403368,164.69253144781194,0.8578049265602438,-1.0724785412968445,1.9448110828737109,0.0678257509573579,0.6307091850399704,0.0,37.51352925134808,35.57676085803044,-13.06085754965567,-12.925347016968086,106.56761577725229,848.4107428309206,1.274,1.0150000015428002,0.0,4.171915773813188,210.00008998959544,0.1104440945006347,1.9377198306514504e-05,-0.2321945323589874,-0.0541278048735701,0.0266361944781623,1.37330024822729,12.445290478175608,37.34507455345301,2.045650155000881
7.87,31.221375353572583,131.01276400297743,164.60044608580287,0.863727738959075,-1.069550565732987,1.9633185647938665,0.1665567819131363,0.5478743160219776,0.0,37.53254453090533,35.57273525443012,-13.197458125916617,-12.92522676577026,106.56713578769195,849.278600412287,1.274,1.0150000015428002,0.0,4.171529104852177,210.00008998959544,0.1104999624556533,1.9373907227935543e-05,-0.2341555367142942,-0.0567754151917699,0.0268750052256177,1.3747281048021704,12.4420572480713,37.36454967798548,2.0451227871749063
7.88,31.221374141794755,131.0127674651401,164.5074144591755,0.8683508455092132,-1.0650704561407562,1.981841066847234,0.2649079199585618,0.4645215222292546,0.0,37.55178857176472,35.568714755578995,-13.33549311282992,-12.924815837090728,106.56539401113592,850.1573449100086,1.274,1.0150000015428002,0.0,4.171138420238464,210.00008998959544,0.1105565026079027,1.9369985348770137e-05,-0.236131901637441,-0.0594162133856437,0.0271159798345855,1.374162076303479,12.440220416317567,37.384497330717565,2.0527178239868085
7.89,31.221372929948,131.0127709268256,164.41343677406323,0.8716678188870421,-1.0590465574372063,2.0003728516456296,0.3627400082608075,0.3807671150196151,0.0,37.57126087270983,35.564698322520705,-13.474970189005736,-12.924109138797364,106.56239417974288,851.0469700557335,1.274,1.0150000015428002,0.0,4.170743720974054,210.00008998959544,0.1106137134780684,1.936544005053244e-05,-0.2381204043626781,-0.0620463188204998,0.0273587546446781,1.371604120806585,12.439769903783654,37.4049157009005,2.0683460675318046
7.9,31.221371718033183,131.01277438803476,164.318513205786,0.8736741145420157,-1.0514894217781623,2.0189081547673875,0.4599143522336281,0.2967282033719399,0.0,37.590960937174096,35.56068489154209,-13.615894717085064,-12.923101922946008,106.55814175580906,851.9474699416819,1.274,1.0150000015428002,0.0,4.170345007926078,210.00008998959544,0.1106715936004509,1.936027906454308e-05,-0.2401177988797143,-0.0646618624485693,0.0276029625903177,1.3670591672982688,12.440693978692586,37.42580263612428,2.091783682758108
7.91,31.221370506051453,131.0127778487683,164.22264389586715,0.8743670786873641,-1.0424117949151468,2.037441268254583,0.5562929045733537,0.2125225418765271,0.0,37.6108882732732,35.55667337558075,-13.758269732167232,-12.921789801463143,106.55264392579032,852.8588390210374,1.274,1.0150000015428002,0.0,4.169942281831587,210.00008998959544,0.1107301415230654,1.93545104665454e-05,-0.2421208203418777,-0.0672589921432683,0.0278482336777104,1.3605351088669102,12.4429792801121,37.44715564447113,2.122685692247244
7.92,31.221369294004123,131.01278130902716,164.12582896097933,0.8737459536626154,-1.0318285995576089,2.0559666233332634,0.6517384503290478,0.1282683770208016,0.0,37.63104239382797,35.55266266568873,-13.902095933517977,-12.920168761929764,106.54590959229864,853.7810721086864,1.274,1.0150000015428002,0.0,4.169535543312024,210.00008998959544,0.1107893558077018,1.9348142671398047e-05,-0.2441261895147808,-0.0698338780283725,0.0280941954680098,1.352042793698068,12.446610840316165,37.46897189712519,2.160605132929486
7.93,31.221368081892752,131.01278476881197,164.02806848598735,0.8718118806722723,-1.01975691568693,2.0744788718225835,0.7461147917996094,0.0440842919155527,0.0,37.65142281636618,35.54865163255045,-14.047371679582731,-12.918235183434344,106.53794936408796,854.7141643802711,1.274,1.0150000015428002,0.0,4.1691247928491215,210.00008998959544,0.1108492350299348,1.9341184427930613e-05,-0.2461306172603838,-0.0723827177955617,0.028340473566107,1.3415960138544911,12.451572106052788,37.49124823143552,2.2050154867878295
7.94,31.22136686971912,131.01278822812344,163.92936252096547,0.8685678998555642,-1.0062159579488592,2.092972965703696,0.8392869330785113,-0.039910950380176,0.0,37.672029063122245,35.54463912805326,-14.194092986325032,-12.915985852458672,106.52877554404864,855.6581113717338,1.274,1.0150000015428002,0.0,4.168710030799365,210.00008998959544,0.110909777779118,1.9333644813917968e-05,-0.2481308090513028,-0.0749017420035758,0.0285866921145905,1.3292114920032276,12.457844958591188,37.51398115443212,2.2553339608942857
7.95,31.22136565748524,131.01279168696234,163.8297110881558,0.8640189477096402,-0.9912270500490136,2.1114442343292663,0.9311212640304132,-0.1235985647809446,0.0,37.69286066101808,35.54062398690847,-14.342253528905877,-12.91341797875762,106.51840211522747,856.6129089770957,1.274,1.0150000015428002,0.0,4.168291257379535,210.00008998959544,0.1109709826583381,1.9325533231146577e-05,-0.2501234695100397,-0.0773872193524628,0.0288324742922787,1.314908866205613,12.465409732680389,37.53716684679026,2.3109435666471403
7.96,31.221364445193288,131.01279514532936,163.7291141869377,0.8581718518283538,-0.9748135962843733,2.1298884587643334,1.0214857435149125,-0.206859903174589,0.0,37.713917141643584,35.53660502832039,-14.491844646714975,-12.910529211190257,106.5068447248939,857.5785534478271,1.274,1.0150000015428002,0.0,4.167868472700432,210.00008998959544,0.1110328482843429,1.931685940059396e-05,-0.252105306967792,-0.0798354619261212,0.0290774428168823,1.2987106730691698,12.474245234359012,37.56080116724148,2.3712125570102573
7.97,31.22136323284576,131.01279860322512,163.62757177096583,0.8510353230117212,-0.9570010500540596,2.1483019427666403,1.1102500816168428,-0.2895766143386587,0.0,37.735198041207006,35.53258105770252,-14.642855351760597,-12.907317653456264,106.4941206666719,858.5550413891817,1.274,1.0150000015428002,0.0,4.167441676718699,210.00008998959544,0.1110953732874065,1.930763335770579e-05,-0.2540730380373292,-0.0822428303965899,0.0293212204511035,1.2806423295017608,12.484328757904043,37.58487965742642,2.4355104386138375
7.98,31.221362020445248,131.01280206065024,163.52508377799097,0.8426199446787122,-0.9378168796186358,2.1666815799307937,1.1972859207102102,-0.3716308045867136,0.0,37.75670290049379,35.52855086843736,-14.795272340419018,-12.903781879688909,106.48024886075808,859.54236975758,1.274,1.0150000015428002,0.0,4.167010869275363,210.00008998959544,0.1111585563112097,1.9297865447714573e-05,-0.2560233921944691,-0.084605739183035,0.0295634305117169,1.2607321136665677,12.495636101780558,37.6093975471866,2.50322034580659
7.99,31.22136080799464,131.01280551760533,163.4216501109725,0.8329381596415424,-0.9172905309718076,2.1850249165395854,1.2824670151157656,-0.4529051989695037,0.0,37.7784312648062,35.524513243677724,-14.949080008541047,-12.899920949852683,106.46524983224782,860.5405358582777,1.274,1.0150000015428002,0.0,4.166576050100653,210.00008998959544,0.1112223960126463,1.928756632101156e-05,-0.2579531163624243,-0.0869206615589794,0.0298036973810374,1.239011145623233,12.508141583919429,37.63434976028916,2.573747977174993
8.0,31.221359595496985,131.01280897409092,163.3172706420551,0.8220042542627128,-0.8954533878282153,2.2033302096929592,1.3656694091193675,-0.5332833028452039,0.0,37.800382683878354,35.520466958187995,-15.104260469907008,-12.895734424890588,106.4491456875904,861.5495373392711,1.274,1.0150000015428002,0.0,4.166137218761006,210.00008998959544,0.1112868910615975,1.9276746928545808e-05,-0.2598589794933349,-0.0891841347008729,0.0300416470200479,1.2155133684430082,12.521818056530853,37.65973092057955,2.6465275417126404
8.01,31.221358382955543,131.01281243010743,163.211945218533,0.8098343399277028,-0.8723387290408666,2.221596480305914,1.4467716131767463,-0.6126495636099194,0.0,37.82255671181205,35.516410780222046,-15.26079357801738,-12.891222381563637,106.43196008919536,862.569372188998,1.274,1.0150000015428002,0.0,4.165694374740965,210.00008998959544,0.1113520401407238,1.926541851718018e-05,-0.2617377771412388,-0.0913927646709915,0.0302769074828091,1.1902755309473587,12.536636920350196,37.68553535855854,2.721025268128375
8.02,31.221357170373786,131.01281588565544,163.10567365887272,0.7964463319710287,-0.8479816830981712,2.239823560597773,1.5256547780104512,-0.6908895324050996,0.0,37.84495290696754,35.512343473435685,-15.418656951201012,-12.886385426922672,106.41371822821203,863.6000387303856,1.274,1.0150000015428002,0.0,4.165247517380551,210.00008998959544,0.1114178419451499,1.925359262505071e-05,-0.2635863360204599,-0.0935432313283722,0.0305091094313092,1.1633371731974806,12.552568138952685,37.71175711837362,2.796741037397267
8.03,31.22135595775536,131.01281934073532,162.99845574774437,0.7818599259809516,-0.8224191800688855,2.2580121357259846,1.6022028664141368,-0.7678900255796987,0.0,37.86757083186309,35.50826379883049,-15.577826001017556,-12.881224712349832,106.39444679550444,864.6415356152014,1.274,1.0150000015428002,0.0,4.164796645894537,210.00008998959544,0.1114842951821752,1.9241281076808747e-05,-0.2654015185436088,-0.0956322931604669,0.0307378866502317,1.1347406166516565,12.56958025301911,37.73838996522122,2.873208645681042
8.04,31.221354745104115,131.01282279534735,162.89029124993638,0.7660965715412889,-0.7956899009372806,2.276163779247604,1.676302822515748,-0.8435392856958552,0.0,37.890410053064976,35.50417051672718,-15.73827396392616,-12.87574194710546,106.37417395084384,865.6938618189283,1.274,1.0150000015428002,0.0,4.164341759396527,210.00008998959544,0.1115513985709435,1.92284959787566e-05,-0.2671802273330842,-0.09765679202904,0.0309628765610086,1.104530961233946,12.587640394908837,37.76542739315111,2.9499951235968633
8.05,31.22135353242409,131.01282624949195,162.7811798984287,0.7491794434628221,-0.7678342243104584,2.294280982128869,1.7478447382445088,-0.9177271418616852,0.0,37.91347014105624,35.50006238876482,-15.899971936186937,-12.86993941131389,106.3529292903416,866.7570166341826,1.274,1.0150000015428002,0.0,4.163882856874878,210.00008998959544,0.1116191508420562,1.921524971382935e-05,-0.2689194096999849,-0.0996136578235823,0.0311837207344422,1.0727560923525663,12.606714303870412,37.79286263326465,3.026699450040727
8.06,31.221352319719472,131.01282970316927,162.67112140234195,0.7311334105051662,-0.7388941706572572,2.312367175059689,1.8167220167730112,-0.9903451691591262,0.0,37.93675067010044,35.495938179923506,-16.062888911956563,-12.863819968320255,106.3307438121436,867.8309996630621,1.274,1.0150000015428002,0.0,4.163419937192692,210.00008998959544,0.1116875507371839,1.9201554936413368e-05,-0.2706160620843391,-0.1014999130153467,0.0314000654012333,1.0394667020514177,12.62676634203577,37.820688662298735,3.1029509168851095
8.07,31.221351106994664,131.01283315637957,162.56011544395884,0.7119850016174438,-0.7089133441696414,2.3304267438655795,1.8828315326982088,-1.0612868469324923,0.0,37.96025121810658,35.49179666056784,-16.22699182453475,-12.857387076348717,106.30764988041004,868.9158108115133,1.274,1.0150000015428002,0.0,4.162952999131178,210.00008998959544,0.1117565970086518,1.9187424566880857e-05,-0.2722672344504324,-0.1033126771054178,0.0316115619598422,1.0047163299265542,12.647759511427571,37.84889821158768,3.1784073308055603
8.08,31.22134989425421,131.012836609123,162.4481616787218,0.6917623697991206,-0.6779368721087216,2.3484650378530003,1.94607378867544,-1.1304477157098982,0.0,37.98397136646008,35.48763660850732,-16.392245590712477,-12.850644799391691,106.28368118760083,870.0114502803541,1.274,1.0150000015428002,0.0,4.162482041331843,210.00008998959544,0.1118262884189517,1.917287178586905e-05,-0.273870034630958,-0.105049170960354,0.0318178674808257,0.9685614314536064,12.669655472459027,37.87748377639019,3.2527531819892515
8.09,31.221348681502835,131.01284006139963,162.33525974119712,0.6704952535400975,-0.6460113419761557,2.366488370963141,2.006353068299657,-1.1977255325023046,0.0,38.00791069986624,35.48345681107179,-16.558613158167855,-12.84359781725886,106.2588727150904,871.1179185571342,1.274,1.0150000015428002,0.0,4.162007062330207,210.00008998959544,0.1118966237402873,1.915791002822804e-05,-0.275421632613832,-0.1067067210284696,0.0320186452070809,0.9310614846501502,12.692414563888756,37.90643762557456,3.325697865980486
8.1,31.2213474687454,131.01284351320945,162.2214092401047,0.6482172317425866,-0.6131772538303373,2.3845040259349863,2.0635760000722123,-1.2630208992129577,0.0,38.03206755207577,35.47925606719761,-16.726055555851495,-12.836251434713832,106.2332606921327,872.2351588842515,1.274,1.0150000015428002,0.0,4.1615227160119375,210.00008998959544,0.1119675980619462,1.914255297660173e-05,-0.2769192647652874,-0.1082827634306038,0.0322135639870328,0.8922756761900341,12.716003853427578,37.93575173284167,3.3969732335746916
8.11,31.22134625598692,131.01284696455247,162.10660976030664,0.6249591731213759,-0.57949019585864,2.4025202926508813,2.1176554777106245,-1.326236285861603,0.0,38.05644256080112,35.47503318753395,-16.894531947296134,-12.82861158962652,106.2068825531992,873.3632202355797,1.274,1.0150000015428002,0.0,4.161033450240926,210.00008998959544,0.1120392132560935,1.912681455724756e-05,-0.2783602438090372,-0.1097748285070039,0.0324023024419031,0.8522731588386321,12.74037435952434,37.96541800557887,3.466333966139597
8.12,31.221345043232567,131.01285041542852,161.99086086678273,0.6007549550432043,-0.5450019236031308,2.420546325608212,2.1685081355157143,-1.387276973249425,0.0,38.08103551763483,35.4707870009004,-17.063999687569268,-12.820684863608072,106.1797769058304,874.5021129811707,1.274,1.0150000015428002,0.0,4.160540106296764,210.00008998959544,0.112111468703814,1.9110708940349288e-05,-0.2797419522349346,-0.1111805803090772,0.0325845455646818,0.8111243601932037,12.765481321360532,37.99542810663371,3.5335547892626966
8.13,31.22134383048764,131.01285386583743,161.87416210065362,0.5756402231843238,-0.5097642047498323,2.4385921651103506,2.216054822767186,-1.446051099014421,0.0,38.1058460187702,35.466516353768235,-17.234414381589513,-12.81247848513831,106.15198347468495,875.6518386657758,1.274,1.0150000015428002,0.0,4.160042682291052,210.00008998959544,0.1121843632108746,1.909425052346492e-05,-0.281061850215606,-0.1124978070929334,0.0327599861926434,0.7689034189069845,12.791280019269887,38.02577350113801,3.598429449941753
8.14,31.22134261775759,131.01285731577903,161.75651298415164,0.5496519813795024,-0.473829922929102,2.4566687125701048,2.2602208701819846,-1.502469760398563,0.0,38.13087366279516,35.462220112508064,-17.405729945655857,-12.804000333789135,106.12354305221474,876.8123990757604,1.274,1.0150000015428002,0.0,4.159541176271955,210.00008998959544,0.1122578955900226,1.907745392161458e-05,-0.2823174804239292,-0.1137244217966636,0.0329283257491637,0.7256894714983254,12.817724542347502,38.05644548092677,3.660769717728661
8.15,31.221341405047927,131.012860765253,161.6379130196252,0.5228285404494686,-0.4372530007157853,2.4747876882268334,2.3009362146927645,-1.556447154627309,0.0,38.15611805045016,35.457897165589074,-17.577898671717477,-12.79525894372327,106.09449744969903,877.983796226531,1.274,1.0150000015428002,0.0,4.159035586175409,210.00008998959544,0.1123320646602842,1.9060333958281392e-05,-0.2835064718418052,-0.1148584654141531,0.0330892747040183,0.6815677242042779,12.844767824893074,38.08743517639443,3.7204044553020346
8.16,31.22134019236435,131.01286421425894,161.5183616885468,0.4952094644304881,-0.4000883229175233,2.4929615820668127,2.338135518958788,-1.607900715829299,0.0,38.18157878441688,35.45354642566481,-17.750871294174797,-12.786263505854707,106.0648894467602,879.1660323523066,1.274,1.0150000015428002,0.0,4.158525909864154,210.00008998959544,0.1124068692463398,1.9042905655770537e-05,-0.2846265434692139,-0.1158981102014541,0.0332425530247905,0.6366310500546302,12.872361683876877,38.11873356834195,3.7771788237575037
8.17,31.22133897971264,131.0128676627963,161.3978584554868,0.4668355148961781,-0.3623916581721977,2.5112035981136285,2.3717582851275862,-1.6567512483130271,0.0,38.207255469088025,35.44916683164641,-17.924597059118476,-12.777023868605829,106.0347627393874,880.3591098948953,1.274,1.0150000015428002,0.0,4.1580121451179775,210.00008998959544,0.1124823081778445,1.9025184224882584e-05,-0.2856755079258978,-0.1168416627152615,0.0333878906184042,0.5909824072788135,12.900456859696988,38.1503315000758,3.8309536114441474
8.18,31.221337767098632,131.01287111086475,161.27640277308373,0.4377485934150483,-0.3242195790327481,2.5295275923550182,2.401748962628233,-1.7029230559455035,0.0,38.23314771033252,35.444757350760725,-18.09902379591049,-12.767550537196886,106.00416188649255,881.5630314913569,1.274,1.0150000015428002,0.0,4.157494289628836,210.00008998959544,0.1125583802887485,1.900718505386732e-05,-0.2866512749396961,-0.1176875666778407,0.0335250277620575,0.5447385805432118,12.929003060260571,38.18221968974488,3.8816046751880777
8.19,31.221336554528296,131.0128745584636,161.1539940711106,0.4079916821987611,-0.2856293806974793,2.54794800461124,2.42805704978656,-1.7463440673806596,0.0,38.25925511526466,35.440316980589124,-18.27409799100493,-12.757854671406331,105.97313225502384,882.7777999633473,1.274,1.0150000015428002,0.0,4.156972341039888,210.00008998959544,0.1126350844166062,1.8988923696589515e-05,-0.2875518547155835,-0.1184344056631386,0.0336537155229406,0.4980361201004761,12.95794900842531,38.21438874289892,3.9290224831243
8.2,31.221335342007706,131.01287800559217,161.03063176641487,0.3776087830689136,-0.2466789983223524,2.566479784692961,2.4506371890175545,-1.7869459569029755,0.0,38.285577291990016,35.43584475108412,-18.449764863904523,-12.7479480817428,105.94171996366276,884.0034183040126,1.274,1.0150000015428002,0.0,4.156446296906465,210.00008998959544,0.1127124194018361,1.8970415859956168e-05,-0.2883753611795324,-0.1190809055991527,0.0337737161658944,0.451041062706679,12.987242493053053,38.24682916525078,3.973111749035682
8.21,31.22133412954293,131.0128814522498,160.9063152649048,0.3466448547540295,-0.2074269232284408,2.5851383132323527,2.469449255422105,-1.8246642606375465,0.0,38.31211384936152,35.43133972655899,-18.62596844514252,-12.737843223974195,105.90997182513244,885.2398896657829,1.274,1.0150000015428002,0.0,4.155916154725332,210.00008998959544,0.1127903840870048,1.8951677390433075e-05,-0.2891200150915769,-0.1196259370813948,0.0338848035484212,0.4039654178736575,13.016830423503611,38.27953137562648,4.01379114898802
8.22,31.22133291714019,131.01288489843554,160.7810439555867,0.3151457486367714,-0.1679321179873412,2.603939317607611,2.484458438573675,-1.8594384879005923,0.0,38.338864396725945,35.426801007648685,-18.80265165617896,-12.727553191961023,105.87793528714576,886.4872173479783,1.274,1.0150000015428002,0.0,4.155381911939592,210.00008998959544,0.1128689773160776,1.8932724259811173e-05,-0.2897841470224236,-0.1200685174930402,0.0339867635023263,0.3570962821692772,13.046658887727247,38.31248571908544,4.0509931119503
8.23,31.221331704805703,131.0128883441487,160.65481722050458,0.2831581430287933,-0.1282539305133513,2.622898783416524,2.4956353173084462,-1.8912122274660668,0.0,38.36582854366206,35.422227733236134,-18.97975639109353,-12.717091708747384,105.84565837202447,887.7454047833944,1.274,1.0150000015428002,0.0,4.154843565928898,210.00008998959544,0.1129481979336534,1.891357254998969e-05,-0.2903662001882173,-0.1204078129272492,0.034079394201285,0.3108495950431797,13.076673213938207,38.34568248019156,4.084663677019477
8.24,31.22133049254575,131.01289178938816,160.5276344287748,0.2507294760367456,-0.0884520073399759,2.642032861984728,2.502955927355193,-1.919933248528925,0.0,38.393005899722304,35.417619082342426,-19.15722359995769,-12.706473115865396,105.81318961502156,889.0144555255891,1.274,1.0150000015428002,0.0,4.154301114029006,210.00008998959544,0.1130280447842012,1.889423843690809e-05,-0.2908647331382152,-0.1206431399074256,0.0341625065137291,0.2658739886003479,13.106818035777115,38.3791118964184,4.1147624107470095
8.25,31.22132928036667,131.01289523415304,160.39949493658716,0.217907877131581,-0.0485862061190307,2.66135777442512,2.5064018216282884,-1.945553596162584,0.0,38.420396074163925,35.41297427597581,-19.3349933737624,-12.695712360815088,105.78057800138164,890.2943732347544,1.274,1.0150000015428002,0.0,4.15375455352198,210.00008998959544,0.113108516711279,1.88747381736106e-05,-0.2912784222902587,-0.1207739669015929,0.0342359243403319,0.2232587085860012,13.137037360997446,38.41276417166812,4.141262378852105
8.26,31.2213280682748,131.01289867844207,160.27039809813775,0.184742097477464,-0.0087165075657597,2.680889712789328,2.505960123051147,-1.9680296810686573,0.0,38.44799867568752,35.40829257893648,-19.51300503077769,-12.684824982685864,105.74787290217684,891.5851616655325,1.274,1.0150000015428002,0.0,4.153203881670376,210.00008998959544,0.1131896125567496,1.885508807228696e-05,-0.2916060643091863,-0.1207999156271189,0.0342994849355765,0.1849476137218441,13.167274643494691,38.44662948988613,4.164150167324585
8.27,31.22132685627651,131.0129021222543,160.14034325767776,0.1512814391650265,0.0310970732029696,2.700644738879065,2.501623569740437,-1.9873223634430184,0.0,38.475813312153946,35.40357330157364,-19.691197204216667,-12.673827095892031,105.71512400895848,892.8868246515345,1.274,1.0150000015428002,0.0,4.152649095668427,210.00008998959544,0.1132713311599657,1.8835304485460017e-05,-0.291846578323455,-0.1207207621425641,0.0343530392126123,0.1544444869532183,13.19747285876892,38.480698028750254,4.183425948496854
8.28,31.2213256443782,131.0129055655883,160.00932975249353,0.1175756833573089,0.0707945755407068,2.720638681301683,2.4933905524740365,-2.003397030769724,0.0,38.50383959032519,35.39881580149073,-19.86950793107429,-12.662735371999554,105.68238126726652,894.1993660925723,1.274,1.0150000015428002,0.0,4.152090192705495,210.00008998959544,0.113353671357002,1.8815403786209986e-05,-0.2919990079755974,-0.1205364377232443,0.034396452031005,0.13724396601705,13.227574582417647,38.51495997341724,4.199103588179112
8.29,31.221324432586226,131.0129090084429,159.8773569139025,0.0836750175266683,0.1103161824985477,2.740887031373432,2.481265144289389,-2.0162236693943023,0.0,38.532077115584414,35.39401948519578,-20.047874742010183,-12.651567019628402,105.64969480904443,895.5227899408586,1.274,1.0150000015428002,0.0,4.151527169946537,210.00008998959544,0.1134366319798247,1.879540234747573e-05,-0.2920625233021518,-0.1202470295181114,0.0344296024666882,0.1384599582108617,13.257522071808548,38.54940553030355,4.211210790264759
8.3,31.22132322090697,131.01291245081663,159.74442407619716,0.0496317357687415,0.1496078661312574,2.76140486992046,2.465255919995809,-2.025777313519856,0.0,38.56052456225516,35.389183809692966,-20.22623475214249,-12.640339762420489,105.61711488400807,896.8570569530887,1.274,1.0150000015428002,0.0,4.150955990805209,210.00008998959544,0.1135202091193724,1.8775316520437304e-05,-0.2920364224391593,-0.1198527809851343,0.0344523832331606,0.1576255601258272,13.2872632155493,38.5840248842084,4.219788777968222
8.31,31.22132200934681,131.01291589270812,159.61053056571157,0.0154963109707365,0.1886093768087223,2.782206762513379,2.44537803007574,-2.0320374500609577,0.0,38.589181693423406,35.38430828282655,-20.404524752618364,-12.62907181507024,105.58469179002356,898.2021785524154,1.274,1.0150000015428002,0.0,4.1503773402828825,210.00008998959544,0.1136044020718217,1.875516261394955e-05,-0.2919201378569657,-0.1193540773793056,0.0344647032758119,0.1892448990228667,13.316738833198604,38.61880833154514,4.22489341614703
8.32,31.22132079791208,131.01291933411582,159.4756757067858,-0.0186817484239745,0.2272573034358326,2.8033065915545445,2.421653218978604,-2.0349880619466494,0.0,38.61804886824241,35.37939246658089,-20.582681303615768,-12.617781860720331,105.55247581197294,899.5581940653054,1.274,1.0150000015428002,0.0,4.149794508002553,210.00008998959544,0.1136892118880871,1.8734956878477137e-05,-0.2917132322157228,-0.1187514630454473,0.0344664868985164,0.2280238756334945,13.345885927200207,38.65374626838969,4.226595387721419
8.33,31.22131958660905,131.01292277503816,159.33985882574035,-0.0528513755822325,0.2654932877137301,2.8247174589153463,2.3941084211178376,-2.0346181208935485,0.0,38.647125683742615,35.37443597872569,-20.760640826955463,-12.60648902268272,105.52051714873129,900.9251075032709,1.274,1.0150000015428002,0.0,4.149207491018416,210.00008998959544,0.1137746373753978,1.8714715478855745e-05,-0.2914153964586584,-0.1180456506767655,0.0344576723803029,0.2707026666486607,13.374646345310204,38.68882912261615,4.224979852335028
8.34,31.221318375443992,131.01292621547353,159.20307925286443,-0.086961474333392,0.3032595527295416,2.8464516132204074,2.362776282887526,-2.0309214565062144,0.0,38.67641173431188,35.36943849290939,-20.938339698552348,-12.595212832058127,105.48886583322988,902.3029228634996,1.274,1.0150000015428002,0.0,4.148616286399499,210.00008998959544,0.1138606773331724,1.869445446288429e-05,-0.2910264546284406,-0.117237508784841,0.0344382132805932,0.3154815109032309,13.402962057870525,38.72404741104508,4.220146977520828
8.35,31.22131716442309,131.0129296554202,159.0653363174465,-0.1209609931807966,0.3404989982229,2.868520351809356,2.327695142772624,-2.02389678806196,0.0,38.70590661131007,35.36439974023564,-21.11571434173445,-12.58397319612522,105.45757165947634,903.6916441099748,1.274,1.0150000015428002,0.0,4.148020891229658,210.00008998959544,0.1139473305518757,1.867418973544837e-05,-0.2905463646430636,-0.1163280610209093,0.0344080785909362,0.3613460355575408,13.430775261405907,38.759391754053006,4.212212232919805
8.36,31.22131595355251,131.01293309487647,158.92662935373747,-0.1547990018716491,0.3771552878699145,2.890933926163094,2.288909004102445,-2.013547749078851,0.0,38.73560990278901,35.35931951042905,-21.29270132065667,-12.572790364881191,105.42668410890464,905.0912751577392,1.274,1.0150000015428002,0.0,4.147421302577917,210.00008998959544,0.1140345958122104,1.8653937031861096e-05,-0.2899752188850582,-0.1153184852477524,0.0343672528663984,0.4076867621606753,13.458028476540644,38.79485288902913,4.201306693437473
8.37,31.22131474283828,131.0129365338405,158.78695769796823,-0.1884247681258812,0.4131729356551571,2.91370145119754,2.2464674996056737,-1.9998829048419369,0.0,38.7655211932347,35.35419765291997,-21.46923743367429,-12.56168489577922,105.3962522761484,906.5018198597164,1.274,1.0150000015428002,0.0,4.146817517552844,210.00008998959544,0.1141224718843512,1.8633711890531617e-05,-0.289313244595767,-0.1142101123813518,0.034315736335568,0.4541091857431201,13.484664647225244,38.8304216837066,4.187577343354298
8.38,31.22131353228637,131.01293997231045,158.64632069828932,-0.2217878343464142,0.4484973914124419,2.93683081902244,2.200425847749256,-1.9829157628598888,0.0,38.795640063293135,35.34903407784267,-21.64525980653996,-12.550677616713568,105.36632479432564,907.9232819918964,1.274,1.0150000015428002,0.0,4.146209533277833,210.00008998959544,0.114210957527142,1.8613529624988485e-05,-0.2885608040728038,-0.1130044250026567,0.0342535449886994,0.5003386342068215,13.510627241248493,38.86608914934196,4.171187372152114
8.39,31.221312321902687,131.01294341028444,158.5047177048318,-0.2548380942534984,0.4830751252395298,2.9603286177409,2.1508448009168672,-1.962664776218333,0.0,38.82596608950947,35.343828756946294,-21.82070598529013,-12.539789587309622,105.3369497599262,909.355665239769,1.274,1.0150000015428002,0.0,4.145597346905936,210.00008998959544,0.1143000514873225,1.8593405295325e-05,-0.2877183946693048,-0.1117030557395934,0.0341807106437862,0.5461707535797699,13.535860351602844,38.90184645372596,4.152316450664017
8.4,31.221311111693,131.0129468477604,158.36214807964575,-0.2875258692980514,0.5168537107583498,2.984200055844476,2.0977905854539767,-1.9391533398220595,0.0,38.85649884406194,35.33858172441316,-21.995514028686447,-12.529042058585462,105.30817465740164,910.7989731826536,1.274,1.0150000015428002,0.0,4.144980955600092,210.00008998959544,0.114389752498766,1.857335367912581e-05,-0.286786648593727,-0.1103077854202107,0.0340972809901722,0.5914445378687477,13.56030879855163,38.93768493400261,4.131160973511509
8.41,31.221309901662995,131.01295028473646,158.2186111937194,-0.3198019847976957,0.5497819069219753,3.008448892726732,2.041334833666673,-1.912409779514446,0.0,38.8872378945208,35.33329307758323,-22.16962260007988,-12.518456431059132,105.28004628355978,912.2532092822132,1.274,1.0150000015428002,0.0,4.144360356602316,210.00008998959544,0.1144800592817444,1.8553389241977893e-05,-0.2857663325093512,-0.1088205409979256,0.0340033196096719,0.6360269772104687,13.583918231953986,38.97359610927956,4.107934250699753
8.42,31.221308691818205,131.0129537212105,158.07410642797143,-0.3516178455734726,0.581809738570978,3.033077375817049,1.9815545077813967,-1.882467334105088,0.0,38.9181828035767,35.32796297758136,-22.3429710585666,-12.50805421138408,105.25261067187527,913.7183768659712,1.274,1.0150000015428002,0.0,4.143735547149681,210.00008998959544,0.1145709705421556,1.8533526107557734e-05,-0.2846583469327841,-0.1072433932506113,0.033898905974676,0.67980396563014,13.606635233929456,39.00957169300624,4.082866627625096
8.43,31.221307482164075,131.0129571571804,157.9286331752402,-0.3829255111206138,0.6128885751667869,3.058086184793204,1.9185318160184104,-1.8493641303018589,0.0,38.94933312881356,35.32259164984467,-22.51549954930621,-12.497856967603273,105.2259130168304,915.1944791156308,1.274,1.0150000015428002,0.0,4.14310652456329,210.00008998959544,0.1146624849708406,1.851377802751101e-05,-0.2834637254313591,-0.1055785542547283,0.0337841354233874,0.7226747261606746,13.628407421127886,39.045603605104745,4.0562055087415265
8.44,31.22130627270589,131.0129605926441,157.7821908402827,-0.4136777700582856,0.642971208001713,3.083474383303275,1.8523541207971992,-1.813143150602887,0.0,38.98068842245513,35.317179384547565,-22.687149092874822,-12.487886283120371,105.199997598408,916.681519052601,1.274,1.0150000015428002,0.0,4.142473286198843,210.00008998959544,0.1147546012428447,1.8494158351053515e-05,-0.2821836336192269,-0.1038283746372133,0.033659119111788,0.7645482902308627,13.649183546781297,39.08168398382998,4.028215255656038
8.45,31.2213050634488,131.01296402759945,157.63477884871992,-0.443828213841539,0.67201192547234,3.109239378583331,1.7831138392140229,-1.7738521941752998,0.0,39.01224823113476,35.31172653692251,-22.85786167352756,-12.478163709494266,105.17490770686338,918.1794995248296,1.274,1.0150000015428002,0.0,4.141835829471348,210.00008998959544,0.1148473180167433,1.8474679994517515e-05,-0.2808193679526078,-0.1019953406070361,0.0335239839423482,0.8053412187184902,13.668913601970424,39.11780519734387,3.9991769257823986
8.46,31.22130385439779,131.01296746204423,157.48639663411643,-0.4733313095778576,0.6999665864153433,3.1353768893175635,1.7109083358797477,-1.7315438307772824,0.0,39.044012095667725,35.30623352747313,-23.02758032624749,-12.468710718170378,105.150685567907,919.6884231939786,1.274,1.0150000015428002,0.0,4.141194151865009,210.00008998959544,0.1149406339339703,1.8455355410853355e-05,-0.2793723543247046,-0.1000820707694363,0.033378872469363,0.8449760970435474,13.687548915966032,39.15395985498303,3.969387812969697
8.47,31.221302645557685,131.01297089597622,157.3370436509006,-0.5021419985698115,0.7267941256443732,3.1618809345670726,1.6358394911231062,-1.6862754545105685,0.0,39.07597931085964,35.30070084207913,-23.196249222459578,-12.459548651269996,105.127372268437,921.20828120824,1.274,1.0150000015428002,0.0,4.140547193306329,210.00008998959544,0.1150345469117258,1.8436196559208584e-05,-0.2778441464611781,-0.0980913127258484,0.0332239425768169,0.8833814371226438,13.705043744574873,39.19014080350968,3.939160671206681
8.48,31.22130143693316,131.0129743293932,157.18671936740668,-0.5302139003914886,0.7524622556065276,3.188743887890111,1.558012181470762,-1.6381096971921738,0.0,39.10814798175819,35.295129031746725,-23.363813754291417,-12.45069867156554,105.10500768296326,922.739008617488,1.274,1.0150000015428002,0.0,4.139888668479893,210.00008998959544,0.1151290513647245,1.841721487520538e-05,-0.2762364254262528,-0.0960259355788314,0.0330593667017391,0.9204944669196732,13.72136120456864,39.22634107886208,3.9088224467482346
8.49,31.221300228528687,131.01297776229296,157.03542327283398,-0.5575078089244667,0.7769220266128593,3.2159563361252888,1.4775390617915691,-1.587112707238314,0.0,39.14051928602577,35.28951871140643,-23.53022061751779,-12.44218171278943,105.08363040341828,924.2806854426128,1.274,1.0150000015428002,0.0,4.139225861021028,210.00008998959544,0.1152241507530381,1.8398421245961607e-05,-0.2745510041210789,-0.0938889069304147,0.0328853360605694,0.9562446038028312,13.736446902860202,39.26255417275835,3.878714165862397
8.5,31.2212990203486,131.01298119467316,156.88315487724455,-0.5839824009377074,0.800136267604777,3.243507097801392,1.3945360605144057,-1.5333555435299335,0.0,39.173092738770976,35.28387056317791,-23.69541789409317,-12.434018434491271,105.06327768257712,925.8333134582778,1.274,1.0150000015428002,0.0,4.138558768661806,210.00008998959544,0.1153198436423927,1.8379825989453187e-05,-0.2727898082430424,-0.0916833388260247,0.0327020544128629,0.990571209527251,13.750258496002385,39.29877376460177,3.8491880105337835
8.51,31.22129781239697,131.01298462653153,156.72991371255847,-0.6095975810792523,0.8220696950819711,3.271383274469158,1.309123411019669,-1.476913701933636,0.0,39.20586784857609,35.27818533327819,-23.859355129636366,-12.426229163506472,105.0439853458988,927.396894207066,1.274,1.0150000015428002,0.0,4.137887389249443,210.00008998959544,0.1154161285792958,1.8361438810963768e-05,-0.2709548829352293,-0.089412456639131,0.0325097403451836,1.0234169697933746,13.762755441407649,39.33499382389744,3.820605543198047
8.52,31.221296604677743,131.0129880578658,156.57569932460194,-0.6343145415427885,0.842688988505443,3.2995702724763785,1.2214254992610272,-1.4178670294544435,0.0,39.23884411698624,35.27246383212656,-24.02198341074208,-12.418833842079156,105.02578772224184,928.9714289730922,1.274,1.0150000015428002,0.0,4.137211720716271,210.00008998959544,0.1155130040895286,1.834326877458269e-05,-0.2690483901926915,-0.0870795947006992,0.0323086270339873,1.054727764079188,13.77389910274474,39.37120862154192,3.79333509546268
8.53,31.22129539719461,131.01299148867372,156.42051128901025,-0.6580958254865807,0.8619628467707015,3.328051834245634,1.1315707066159764,-1.3562996314419205,0.0,39.27202103833208,35.266706933757675,-24.183255440282064,-12.411851975889236,105.00871757602512,930.5569187698536,1.274,1.0150000015428002,0.0,4.136531761064706,210.00008998959544,0.1156104686776402,1.832532427540433e-05,-0.2670726060952454,-0.0846881916950271,0.0320989619873813,1.0844525766339526,13.783652836605157,39.40741273847181,3.7677486601081287
8.54,31.22129418995108,131.01299491895293,156.26434920426968,-0.6809053886897591,0.8798620417764653,3.356810078817553,1.0396912461654704,-1.2922997724638163,0.0,39.30539809957737,35.260915575116805,-24.34312561059633,-12.405302582156242,104.99280604102988,932.1533643308042,1.274,1.0150000015428002,0.0,4.135847508422333,210.00008998959544,0.1157085208264924,1.8307613012488785e-05,-0.2650299178547371,-0.0822417858713068,0.0318810067639859,1.1125434441575297,13.791982076185835,39.4436010738804,3.744218275490125
8.55,31.221292982950416,131.01299834870116,156.10721268973052,-0.7027086592813439,0.8963594691699887,3.385825551551621,0.9459229925216092,-1.225959770954258,0.0,39.33897478015802,35.255090755234804,-24.50155007447377,-12.399204137984087,104.9780825560122,933.7607660991785,1.274,1.0150000015428002,0.0,4.13515896101686,210.00008998959544,0.1158071589967834,1.829014196279566e-05,-0.2629228206797327,-0.0797440100765866,0.0316550366689779,1.1389554298833957,13.79885441195403,39.479768852982005,3.7231119152288574
8.56,31.221291776195688,131.0130017779162,155.9491013925636,-0.723472595479581,0.9114301960470768,3.4150772828215104,0.8504053053754925,-1.157375887728558,0.0,39.37275055183506,35.24923353428308,-24.658486813825714,-12.393574529114316,104.9645748022986,935.3791242171668,1.274,1.0150000015428002,0.0,4.134466117166116,210.00008998959544,0.11590638162663,1.827291735611853e-05,-0.2607539144610085,-0.0771985866156114,0.0314213404275299,1.1636466165014758,13.804239668943646,39.51591163431269,3.7047889246959538
8.57,31.22129056968972,131.01300520659575,155.7900149847794,-0.7431657412588597,0.9250515054585308,3.444542855484164,0.7532808469371894,-1.0866482084572977,0.0,39.40672487857076,35.243345032506944,-24.81389570595683,-12.38843099925727,104.95230864353528,937.0084385182904,1.274,1.0150000015428002,0.0,4.133768975328104,210.00008998959544,0.1160061871311869,1.8255944651175816e-05,-0.2585259002813357,-0.0746093219436569,0.0311802198360082,1.18657811243717,13.808109980418152,39.55202531655353,3.6895950789446887
8.58,31.2212893634351,131.01300863473753,155.62995316819638,-0.7617582797700466,0.9372029378601862,3.4741984808548163,0.6546953933878963,-1.0138805202151169,0.0,39.44089721639235,35.23742642903862,-24.96773858734168,-12.383790100172527,104.94130806776634,938.6487085169724,1.274,1.0150000015428002,0.0,4.133067534045948,210.00008998959544,0.1161065739022616,1.8239228512903345e-05,-0.2562415767532324,-0.071980101198903,0.0309319893910154,1.2077140675865228,13.810439857927344,39.58810614486328,3.6778573724070545
8.59,31.221288157434188,131.01301206233936,155.46891566450313,-0.7792220845109992,0.9478663291430188,3.5040190828615305,0.5547976405552248,-0.9391801821874778,0.0,39.47526701328992,35.231478960589214,-25.11997931481763,-12.379667642669908,104.93159513201164,940.2999334012104,1.274,1.0150000015428002,0.0,4.1323617919979405,210.00008998959544,0.1162075403080064,1.822277279114248e-05,-0.253903836188808,-0.0693148825805644,0.0306769758967557,1.2270216953335398,13.811206257274174,39.62415071671039,3.6698786859564048
8.6,31.221286951689084,131.01301548939904,155.30690223314775,-0.7955307680708095,0.9570258454088388,3.5339783900068418,0.4537390039394478,-0.862657990651678,0.0,39.50983370910864,35.225503920019946,-25.27058382410651,-12.376078648703617,104.9231899095188,941.9621120237076,1.274,1.0150000015428002,0.0,4.131651747972511,210.00008998959544,0.1163090846926123,1.8206580500732727e-05,-0.2515156606057775,-0.0666176915800312,0.0304155180509098,1.2444712987168365,13.810388640456688,39.660155987191146,3.665932508048464
8.61,31.22128574620165,131.0130189159144,155.1439126524546,-0.8106597284171677,0.9646680142371123,3.5640490347103846,0.3516734132905461,-0.7844280383237183,0.0,39.54459673546583,35.21950265479357,-25.41952018558093,-12.373037304729518,104.91611043985728,943.635242896066,1.274,1.0150000015428002,0.0,4.130937400903286,210.00008998959544,0.116411205376047,1.819065380315793e-05,-0.2490801175741933,-0.0638926150718749,0.0301479660095158,1.2600362989080611,13.80796903321954,39.696119273824905,3.6662579094689782
8.62,31.221284540973528,131.0130223418833,154.97994673651988,-0.8245861925678424,0.97078175258336,3.594202659565063,0.2487571018726765,-0.704607568188778,0.0,39.57955551565818,35.21347656530661,-25.566758657192853,-12.370556916495744,104.9103726820241,945.3193241795028,1.274,1.0150000015428002,0.0,4.130218749808996,210.00008998959544,0.1165139006538087,1.8174993989836423e-05,-0.2466003559084831,-0.0611437952723283,0.0298746809310444,1.273693264790728,13.803932078259772,39.73203826081437,3.671054981732849
8.63,31.22128333600604,131.01302576730367,154.8150043302422,-0.8372862127173433,0.975367347035104,3.624410118649651,0.1451463596142575,-0.6233175335307489,0.0,39.61470796453285,35.20742710310365,-25.71227173448447,-12.368649865432582,104.90599047072487,947.01428195978,1.274,1.0150000015428002,0.0,4.129489083730953,210.00008998959544,0.1166171643808529,1.8159601467110567e-05,-0.2440796012098207,-0.058375423572536,0.0295960333796227,1.2854267545316536,13.798274276705554,39.76791090930331,3.6804810720184538
8.64,31.221282131300285,131.01302919217346,154.64908530335927,-0.848742630846295,0.978413122938756,3.654641481713276,0.0410016373450339,-0.5406809298679514,0.0,39.65005439294938,35.20135576772663,-25.85603419760432,-12.367327566805814,104.90297547599135,948.7201567647346,1.274,1.0150000015428002,0.0,4.128752427688508,210.00008998959544,0.1167209974655128,1.8144475746109307e-05,-0.2415211599893012,-0.0555917093767329,0.0293124068332105,1.2952166880056843,13.79098005421502,39.80373569754173,3.6946476641281043
8.65,31.22128092685712,131.01303261649068,154.48218956138157,-0.8589395944351461,0.9799117666019432,3.6848661315428455,-0.0635148218570028,-0.4568233778755247,0.0,39.68559478727863,35.19526410714887,-25.998023157082915,-12.366600437085916,104.9013371829724,950.4369737746096,1.274,1.0150000015428002,0.0,4.128011409923237,210.00008998959544,0.1168253998608987,1.812961544315574e-05,-0.2389284009738941,-0.0527969136137772,0.0290241933949015,1.3030473364341706,13.782038553177738,39.83951146389217,3.7136182004294227
8.66,31.22127972267712,131.01303604025335,154.31431703962775,-0.8678620345366964,0.9798619438552209,3.715052932689024,-0.1682397817141073,-0.3718731567249979,0.0,39.72132853696009,35.18915371467228,-26.138218093553423,-12.366477851861536,104.90108284870288,952.1647296903726,1.274,1.0150000015428002,0.0,4.127266030009165,210.00008998959544,0.116930369762895,1.8115018260962887e-05,-0.2363047520286731,-0.049995337011664,0.0287317932890712,1.3089081361782229,13.77144530733694,39.87523738857937,3.7374071977140972
8.67,31.22127851876057,131.01303946345965,154.1454676992499,-0.8754968903591202,0.978264788658466,3.745170374726232,-0.2730088261865896,-0.2859608848356076,0.0,39.757255023033,35.18302622628627,-26.276600894619328,-12.366968107382313,104.90221746609502,953.9034208432132,1.274,1.0150000015428002,0.0,4.126516287652163,210.00008998959544,0.1170359053426753,1.810068097595948e-05,-0.2336536985677542,-0.0471913037568736,0.0284356151667049,1.3127918023922156,13.75919865476562,39.91091303072777,3.765980427798154
8.68,31.221277315107542,131.01304288610768,153.9756415481053,-0.8818331338472802,0.975123914553302,3.775186707808433,-0.3776565986586139,-0.1992193430124921,0.0,39.79337361800675,35.17688331848118,-26.41315588915201,-12.368078387287984,104.90474373836796,955.653043184692,1.274,1.0150000015428002,0.0,4.125762182700102,210.00008998959544,0.1171420047463269,1.8086599433039968e-05,-0.2309787784231845,-0.0443891548424935,0.0281360755342939,1.314694352981802,13.745299766648094,39.94653833003151,3.799256181406329
8.69,31.2212761117178,131.01304630819573,153.80483860895114,-0.8868617931976434,0.9704454164739827,3.8050700806664888,-0.482017044322648,-0.1117832926440081,0.0,39.829683685870975,35.17072670578869,-26.547869878236995,-12.369814731833236,104.90866205751358,957.413592284484,1.274,1.0150000015428002,0.0,4.1250037151580505,210.00008998959544,0.1172486660948712,1.8072768542434106e-05,-0.2282835766038118,-0.0415932413260969,0.0278335981663682,1.314615126898441,13.729752664926496,39.9821136070552,3.8371075374968524
8.7,31.22127490859087,131.01304972972204,153.63305894528725,-0.8905759732052829,0.9642378687520412,3.8347886803663087,-0.5859236562560922,-0.0237892892945075,0.0,39.866184582107614,35.16455813821815,-26.68073216270517,-12.372182009739216,104.9139704869296,959.1850633274564,1.274,1.0150000015428002,0.0,4.124240885157856,210.00008998959544,0.1173558874843021,1.8059182278785203e-05,-0.2255717199448892,-0.0388079175229109,0.0275286135014466,1.3125567998249446,13.712564234460626,40.0176395629441,3.879365500221811
8.71,31.221273705725977,131.01305315068507,153.46030265638518,-0.8929708724306707,0.9565123191701552,3.864310873061217,-0.6892097249297792,0.0646245081786647,0.0,39.90287565372371,35.15837939859187,-26.811734567186704,-12.375183892789186,104.92066474832848,960.9674511107928,1.274,1.0150000015428002,0.0,4.123473692963221,210.00008998959544,0.1174636669856976,1.804583368244533e-05,-0.2228468716551536,-0.0360375341436057,0.0272215580220752,1.3085253972182944,13.6937442294813,40.05311727853962,3.9258228303954654
8.72,31.22127250312209,131.0130565710832,153.28656986933825,-0.8940437971455701,0.9472822790334696,3.8936053449553927,-0.7917085908886261,0.1533185328452924,0.0,39.93975623930705,35.152192299782975,-26.940871460628017,-12.378822833275784,104.92873821302057,962.7607500445996,1.274,1.0150000015428002,0.0,4.122702139020404,210.00008998959544,0.1175720026453652,1.803271486304756e-05,-0.2201127257682274,-0.0332864313865827,0.0269128736197324,1.3025303048091552,13.673305274237666,40.088548212897024,3.97623837912994
8.73,31.22127130077793,131.013059990915,153.11186074303595,-0.8937941719407477,0.9365637094580914,3.922641242692837,-0.8932539003814294,0.2421520090922084,0.0,39.97682566906868,35.14599868185892,-27.06813977321312,-12.383100044398164,104.9381818976598,964.564954149566,1.274,1.0150000015428002,0.0,4.121926223892303,210.00008998959544,0.1176808924849813,1.8019817005368247e-05,-0.2173730015053874,-0.0305589319948689,0.026603006945149,1.294584276860293,13.651262857976532,40.12393420120039,4.030341728058408
8.74,31.221270098691924,131.01306341017903,152.93617547214123,-0.8922235470633508,0.9243750035644848,3.9513883123742377,-0.9936798636093642,0.3309831560417718,0.0,40.014083264923045,35.139800409134565,-27.19353900963465,-12.388015483694804,104.94898446452736,966.380057057892,1.274,1.0150000015428002,0.0,4.121145948304091,210.00008998959544,0.1177903345018195,1.800713037748453e-05,-0.2146314375571978,-0.0278593342873352,0.0262924087449582,1.284703442347252,13.627635323876214,40.15927745207623,4.08783795130064
8.75,31.22126889686225,131.01306682887412,152.7595142831132,-0.8893356023677971,0.910736964814902,3.979817036408824,-1.0928215153398828,0.4196693948132526,0.0,40.05152834056448,35.13359936713846,-27.3170712586611,-12.39356783958866,104.961132226417,968.2060520133184,1.274,1.0150000015428002,0.0,4.12036131311786,210.00008998959544,0.1179003266689803,1.7994644341260412e-05,-0.2118917862914141,-0.0251919051749886,0.0259815331853503,1.2729073095825338,13.60244385212191,40.1945805443015,4.1484123358970235
8.76,31.221267695286823,131.0130702469989,152.58187743619675,-0.8851361479040689,0.8956727813556133,4.007898767410339,-1.1905149775563764,0.5080675594526335,0.0,40.089160201564574,35.12739745949731,-27.438741198950165,-12.399754521107328,104.97460915617263,970.0429318722472,1.274,1.0150000015428002,0.0,4.119572319342767,210.00008998959544,0.1180108669356798,1.798234736514185e-05,-0.2091578078950355,-0.0225608731725947,0.0256708371636021,1.259218769785749,13.575712436930012,40.229846422908366,4.211734925961453
8.77,31.22126649396329,131.0130736645523,152.4032652224395,-0.8796292805890032,0.8792190156064907,4.035605959269353,-1.2866002908507244,0.5960331900552958,0.0,40.12697629833056,35.12119660474287,-27.55855610106053,-12.406571650830715,104.98939690091632,971.8905996284888,1.274,1.0150000015428002,0.0,4.118770589547038,210.00008998959544,0.118121947790101,1.7970227039261404e-05,-0.2064332644584543,-0.0199704214164544,0.0253607784409053,1.24366917363604,13.547479134522312,40.26507827821982,4.277465526518593
8.78,31.221265292889044,131.0130770815334,152.22367796468612,-0.8728280309539937,0.8613949647450984,4.062912153819893,-1.3809157950188369,0.6834228592197555,0.0,40.16497734850284,35.11499873163705,-27.676525825617865,-12.414014061104751,105.00547480098946,973.749116350256,1.274,1.0150000015428002,0.0,4.117962577633017,210.00008998959544,0.1182335713382462,1.795827009655069e-05,-0.2037219253039704,-0.0174246492539847,0.0250518195924859,1.2262840850797274,13.51776471064242,40.30027985603013,4.34525608072689
8.79,31.22126409206124,131.0130804979411,152.04311602056103,-0.864745430024393,0.842228303797963,4.089792084946846,-1.4733021745700885,0.7700930415397063,0.0,40.20316304654835,35.10880577882158,-27.792662820036835,-12.422075303536332,105.02281993508088,975.6184937085776,1.274,1.0150000015428002,0.0,4.1171501547822045,210.00008998959544,0.1183457366742054,1.7946462446819103e-05,-0.2010275409780311,-0.0149276210840644,0.0247444220561394,1.207095403212523,13.486598873868664,40.33545519474175,4.414755020192479
8.8,31.221262891476744,131.01308391377472,151.8615797755102,-0.855395752872691,0.821751406326201,4.11622183697284,-1.5636025609588493,0.8559003950115399,0.0,40.2415326667328,35.10261968979294,-27.906982106988995,-12.430747644248209,105.04140713210496,977.4987230319532,1.274,1.0150000015428002,0.0,4.116333322617779,210.00008998959544,0.1184584416551353,1.793478918432401e-05,-0.1983538433883706,-0.0124833421760878,0.0244390465682478,1.186139576897315,13.454016507602752,40.37060865051739,4.485610400602135
8.81,31.22126169113221,131.01308732903345,151.67906964975825,-0.8447953578691793,0.7999988396039454,4.142178962248534,-1.6516625019940387,0.9407020939722408,0.0,40.28008547593758,35.09644240939689,-28.01950127024448,-12.44002206777954,105.06120899948849,979.3897952798536,1.274,1.0150000015428002,0.0,4.115512082875926,210.00008998959544,0.1185716841164879,1.7923234607940616e-05,-0.1957045422513108,-0.0100957448233491,0.0241361530003881,1.163456471221545,13.420055099520493,40.40574491673307,4.557472545763859
8.82,31.22126049102406,131.01309074371673,151.49558609334045,-0.8329626652620433,0.7770073197212094,4.167642581733087,-1.7373302298453674,1.0243560572810493,0.0,40.31882073375484,35.090275880428074,-28.13024043706736,-12.449888286478387,105.08219596088512,981.2917010442696,1.274,1.0150000015428002,0.0,4.114686437457207,210.00008998959544,0.118685461872287,1.7911782247344677e-05,-0.1930833190096541,-0.0077686815691275,0.0238361996165269,1.1390893914189035,13.384754686162973,40.44086901706571,4.6299963659486565
8.83,31.221259291148435,131.013094157824,151.31112958808956,-0.8199181337726498,0.7528156589103702,4.192593477503302,-1.820456927992533,1.106721178640551,0.0,40.35773769266408,35.08412204007783,-28.2392222565936,-12.460334753158929,105.10433629850122,983.2044305556516,1.274,1.0150000015428002,0.0,4.113856388411144,210.00008998959544,0.1187997727156377,1.7900414891267522e-05,-0.1904938207493462,-0.005505918494378,0.0235396423253237,1.1130851160633406,13.348157787598735,40.47598629743972,4.702843316710729
8.84,31.22125809150128,131.01309757135493,151.12570064564818,-0.8056842337741142,0.7274647091923105,4.217014176733173,-1.9008969971756475,1.1876575585969655,0.0,40.396835598215695,35.077982816342846,-28.34647187417073,-12.4713486769887,105.127596199978,985.1279736877468,1.274,1.0150000015428002,0.0,4.113021937900264,210.00008998959544,0.1189146144192784,1.7889114617761755e-05,-0.1879396541201998,-0.0033111285901196,0.0232469339280304,1.0854939456242876,13.310309336167352,40.5111024174008,4.775683033570429
8.85,31.2212568920783,131.01310098430915,150.93929980051135,-0.7902854171191391,0.7009973022724199,4.240889026606399,-1.9785083198637288,1.2670267379076945,0.0,40.43611368924146,35.07186012440004,-28.452016901642384,-12.482916042555622,105.15193980975415,987.0623199649328,1.274,1.0150000015428002,0.0,4.112183088236061,210.00008998959544,0.1190299847361945,1.787786282640816e-05,-0.1854243792703364,-0.0011878852260499,0.0229585233631881,1.056369771892406,13.271256599245026,40.54622334092536,4.848194680737726
8.86,31.221255692874976,131.01310439668651,150.75192762891223,-0.773748083583023,0.67345818591864,4.2642042596787615,-2.053152522796675,1.3446919319258677,0.0,40.47557119806325,35.06575586295426,-28.555887383565864,-12.495021632051776,105.17732928481864,989.007458568569,1.274,1.0150000015428002,0.0,4.111339841858441,210.00008998959544,0.1191458814002416,1.7866640272379716e-05,-0.1829515038040218,0.0008603442726809,0.0226748549491923,1.0257701756973228,13.231049096292772,40.58135532667264,4.920068052569534
8.87,31.2212544938866,131.01310780848695,150.56358472397267,-0.7561005440018701,0.6448939567587395,4.286948049257657,-2.124695237089953,1.4205182656541728,0.0,40.51520735072295,35.05967191056578,-28.65811575935644,-12.507649050499609,105.20372485474924,990.9633783463604,1.274,1.0150000015428002,0.0,4.11049220136141,210.00008998959544,0.1192623021268027,1.7855427102275883e-05,-0.1805244767729169,0.0028302049290569,0.0223963676260004,0.99375656266782,13.189738510156022,40.61650491769221,4.9910044650955685
8.88,31.22125329510824,131.0131112197105,150.3742717135945,-0.7373729800767385,0.6153529897550654,4.309110554429284,-2.19300635543528,1.4943730090800655,0.0,40.5550213672022,35.05361012196361,-28.7587368213576,-12.520780753934575,105.23108488591916,992.9300678184734,1.274,1.0150000015428002,0.0,4.109640169426302,210.00008998959544,0.1193792446134558,1.784420289163008e-05,-0.1781466827107484,0.0047184602862827,0.0221234941970543,0.9603943502795728,13.147378592925367,40.6516789305954,5.060717472408472
8.89,31.22125209653475,131.01311463035736,150.1839892455515,-0.7175969043884851,0.5848867609602479,4.330683964679624,-2.2579606198363766,1.5661256910481172,0.0,40.59501222753276,35.04757232435232,-28.857787668843187,-12.534398080447495,105.25936594974236,994.9075037108,1.274,1.0150000015428002,0.0,4.108782672761372,210.00008998959544,0.1194967058514777,1.783294668399115e-05,-0.17582143572174,0.0065219984370419,0.0218566604467523,0.925753721567455,13.104026500918394,40.68688442945777,5.1289335580436255
8.9,31.22125089816083,131.01311804042774,149.99273800140315,-0.696801968634654,0.5535585917856759,4.351662603152705,-2.319440151908908,1.6356475041749392,0.0,40.63517719235312,35.04156031353983,-28.955307657963072,-12.548481283980085,105.28852289481384,996.895578304028,1.274,1.0150000015428002,0.0,4.10791074689225,210.00008998959544,0.1196146777709286,1.7821637031938556e-05,-0.1735519751206763,0.0082378419894396,0.0215962837935878,0.8899129118900757,13.05975175985492,40.72212861988427,5.195393419932575
8.91,31.22124969998096,131.01312144992207,149.80051868258144,-0.6750283244864195,0.5214086916238239,4.372042817256904,-2.3773275434779504,1.702814138937855,0.0,40.67551764168269,35.03557584899344,-29.051338347973427,-12.56300957212913,105.31850892562056,998.894385778084,1.274,1.0150000015428002,0.0,4.107034381822331,210.00008998959544,0.119733164427821,1.7810252045137562e-05,-0.1713414705927586,0.0098631838090603,0.0213427770243571,0.8529464717812053,13.014600324434593,40.75741919697583,5.259849868263662
8.92,31.221248501989507,131.01312485884085,149.60733201436497,-0.6523131723382056,0.4884917741372264,4.391822940951884,-2.4315122381179006,1.7675037860641087,0.0,40.716032773518094,35.02962065377676,-29.145923445818244,-12.577961156603086,105.34927570563649,1000.9039134227608,1.274,1.0150000015428002,0.0,4.106153580761865,210.00008998959544,0.1198521634551174,1.7798769447992604e-05,-0.1691929902200977,0.0113953202686164,0.0210965408759648,0.8149394934768017,12.968633174464829,40.79276395237201,5.322070099363531
8.93,31.22124730418059,131.01312826718467,149.4131787508499,-0.6286953429191401,0.4548639077471027,4.411003353843258,-2.481889159088825,1.8295979501052684,0.0,40.75672178151424,35.023696408171546,-29.23910874103068,-12.59331328186359,105.3807734138684,1002.924148270727,1.274,1.0150000015428002,0.0,4.105268347061589,210.00008998959544,0.1199716724730156,1.778716660264258e-05,-0.1671095087493088,0.0128316947384389,0.0208579662070597,0.7759837014245942,12.921912788378648,40.828170886535126,5.3818354717185946
8.94,31.221246106548247,131.01313167495437,149.2180596650105,-0.6042152304003107,0.4205824485284801,4.429586460725593,-2.5283589404912115,1.888981676885184,0.0,40.797583854869295,35.01780474661959,-29.33094203971177,-12.60904226868066,105.4129508309204,1004.9550770886052,1.274,1.0150000015428002,0.0,4.10437868415548,210.00008998959544,0.1200916890886171,1.7775420554196623e-05,-0.1650939020807046,0.0141699026620252,0.0206274332654138,0.7361787034241832,12.87450304114135,40.86364819809384,5.438941709617165
8.95,31.221244909086327,131.01313508215068,149.02197554770538,-0.5789147306516768,0.3857059482145643,4.447576659109579,-2.570828148964216,1.9455437791099888,0.0,40.8386181786265,35.01194725413886,-29.421473094616434,-12.625123559758558,105.4457554280341,1006.9966863892164,1.274,1.0150000015428002,0.0,4.10348459558158,210.00008998959544,0.1202122108968126,1.7763508076793768e-05,-0.1631489418977442,0.0154076964854697,0.0204053109679158,0.695633726312639,12.826469076262452,40.899204269688674,5.493199077641068
8.96,31.22124371178856,131.0131384887746,148.8249272156287,-0.5528371766540005,0.3502940596990961,4.464980295782963,-2.6092094981221887,1.9991770587400184,0.0,40.879823933975935,35.00612546278523,-29.510753531409367,-12.641531767301762,105.47913345894644,1009.0489624431304,1.274,1.0150000015428002,0.0,4.102586084971587,210.00008998959544,0.1203332354811792,1.775140572039201e-05,-0.1612772904235417,0.0165429903646219,0.0201919561913391,0.6544700635995546,12.77787717407738,40.93484765341902,5.544432537150538
8.97,31.221242514648548,131.01314189482716,148.6269155053473,-0.5260272711927937,0.3144074400484753,4.481805612642397,-2.643422055150757,2.049778525641788,0.0,40.92120029857154,35.000340848167006,-29.59883677115725,-12.658240722365983,105.51303005435688,1011.1118912927204,1.274,1.0150000015428002,0.0,4.10168315607686,210.00008998959544,0.120454760414898,1.773908985816264e-05,-0.1594814953150353,0.0175738646395826,0.0199877130753368,0.6128245678763868,12.728794616491966,40.97058705590908,5.592481892268634
8.98,31.22124131765977,131.0131453003096,148.42794126634303,-0.4985310168667289,0.2781076513143125,4.498062682109567,-2.673391439037999,2.0972496120127686,0.0,40.96274644683724,34.9945948260186,-29.68577794913136,-12.675223525834172,105.54738931878912,1013.1854587643306,1.274,1.0150000015428002,0.0,4.100775812716405,210.00008998959544,0.1205767832616609,1.7726536734347583e-05,-0.1577639847052118,0.0184985700660329,0.0197929123389638,0.5708547001181393,12.679289548686016,41.00643132301252,5.6372019312417825
8.99,31.221240120815622,131.01314870522313,148.22800536697656,-0.4703956435704655,0.2414570591083343,4.513763332511712,-2.699050009859207,2.1414963820918373,0.0,41.00446155029384,34.98888874884211,-29.771633830004653,-12.692452600856289,105.5821544296272,1015.2696504819116,1.274,1.0150000015428002,0.0,4.099864058792472,210.00008998959544,0.1206993015766332,1.7713722512458585e-05,-0.1561270624038583,0.0193155317936005,0.0196078706121818,0.5287459342350103,12.62943083794972,41.04238942418189,5.678462567646339
9.0,31.22123892410937,131.01315210956923,148.0271086964752,-0.4416695335076767,0.2045187292013532,4.528921063875523,-2.720337048590845,2.1824297366474803,0.0,41.046344777888045,34.98322390262372,-29.856462719536392,-12.709899746589295,105.61726773810148,1017.3644518813832,1.274,1.0150000015428002,0.0,4.098947898290562,210.00008998959544,0.120822312907415,1.7700623323673103e-05,-0.1545729032669843,0.0200233530812252,0.0194328897837171,0.4867227741906331,12.579287930151583,41.0784704365254,5.716148984775899
9.01,31.22123772753424,131.01315551334935,147.82525215201227,-0.4124003093145028,0.167361388948286,4.543550979288345,-2.7372001728571664,2.219965155790559,0.0,41.0883944478997,34.9776015036332,-29.940324372845367,-12.72753619307363,105.6526708719978,1019.4698061222512,1.274,1.0150000015428002,0.0,4.098023378954864,210.00008998959544,0.1209458122976488,1.7687215315304525e-05,-0.1531035487450301,0.0206208187401308,0.0192682559687531,0.4450655748593523,12.528935952820516,41.11468347601616,5.750162222112136
9.02,31.221236531083346,131.01315891656503,147.62243664566444,-0.3826365593547839,0.1300543064405845,4.5576697178992704,-2.7495948895500053,2.254023112579324,0.0,41.13060886436658,34.97202269462755,-30.023279899383883,-12.745332657082743,105.68830483985968,1021.585655416126,1.274,1.0150000015428002,0.0,4.097086469105716,210.00008998959544,0.1210697947490801,1.7673474700891166e-05,-0.1517209082080518,0.0211069135583895,0.0191142400041421,0.4041343931478519,12.478450393445616,41.15103772950791,5.780419146233022
9.03,31.221235334749764,131.01316231921805,147.41866310540598,-0.352433347564651,0.0926517834020171,4.571295277069496,-2.7574809545878,2.284530646026816,0.0,41.17298889507665,34.96648854204615,-30.105391665922948,-12.763259404132826,105.72411014712937,1023.7120692144038,1.274,1.0150000015428002,0.0,4.096145108261744,210.00008998959544,0.1211942628100026,1.765937781859068e-05,-0.1504267549970967,0.021480825463146,0.0189710980574865,0.3644084373016079,12.427890973065688,41.18754259683769,5.806851298053708
9.04,31.221234138526533,131.01316572131006,147.21393246715732,-0.3218428733877278,0.0552186089267509,4.584446826923643,-2.760826931668788,2.3114199220440126,0.0,41.2155337018877,34.96100003519508,-30.18672319649904,-12.78128631134082,105.76002691357984,1025.8490323349874,1.274,1.0150000015428002,0.0,4.095199300749789,210.00008998959544,0.1213192140072002,1.7644901184285046e-05,-0.1492227056047352,0.0217419017779479,0.0188390669150791,0.3265453993740635,12.377327975180368,41.22420741935228,5.829406497366597
9.05,31.22123294240665,131.01316912284307,147.00824567478534,-0.2909180867591318,0.0178197137671021,4.5971446636637845,-2.7596090389717607,2.3346288716706267,0.0,41.258242446018826,34.95555808137915,-30.26733906583363,-12.7993829145315,105.79599495914826,1027.9965294924596,1.274,1.0150000015428002,0.0,4.094249050891427,210.00008998959544,0.1214446458655967,1.7630021521836324e-05,-0.1481102272833795,0.0218896822235162,0.0187183656532461,0.2914633298954213,12.32683150601504,41.26104156006669,5.8480486553264175
9.06,31.221231746383094,131.013172523819,146.8016036850734,-0.2597125942301544,-0.0194799240108136,4.6094100815560655,-2.753811263685568,2.354101353068745,0.0,41.30111428817364,34.95016350368905,-30.347304792403783,-12.81751846637359,105.83195391178118,1030.154545303495,1.274,1.0150000015428002,0.0,4.093294363087283,210.00008998959544,0.1215705559086039,1.761471580998174e-05,-0.1470906346124878,0.0219239008173792,0.0186091951103852,0.2604421172593507,12.276471363265385,41.29805438892435,5.862757965025701
9.07,31.22123055044881,131.01317592423985,146.59400745778143,-0.2282805697917556,-0.0566153915321993,4.621265239397472,-2.7434254615507414,2.369787305639675,0.0,41.34414838888191,34.94481703845166,-30.426686728904208,-12.835661994690485,105.867843315586,1032.3230643019645,1.274,1.0150000015428002,0.0,4.092335241764338,210.00008998959544,0.1216969416591286,1.7598961328520836e-05,-0.1461650863198563,0.0218444875056369,0.018511737387255,0.2351963097967159,12.22631688847713,41.33525526542322,5.87353109721224
9.08,31.22122935459676,131.01317932410777,146.38545795763454,-0.1966766641839939,-0.0935219542381767,4.632733023090752,-2.7284514431775166,2.381642895062788,0.0,41.38734390885463,34.93951933281468,-30.505551950271403,-12.853782360821205,105.90360273910134,1034.5020709550697,1.274,1.0150000015428002,0.0,4.091371691381192,210.00008998959544,0.1218238006406171,1.7582735703724686e-05,-0.1453345823461052,0.0216515694679494,0.0184261553742819,0.2177797782297317,12.176436820759028,41.37265352115868,5.880381400948081
9.09,31.221228158819937,131.013182723425,146.1759561563108,-0.1649559128080256,-0.1301351693751524,4.643836905235617,-2.7088970467825964,2.3896306488203027,0.0,41.43070000933753,34.934270942471954,-30.583968139445105,-12.871848317894868,105.93917188346528,1036.6915496795111,1.274,1.0150000015428002,0.0,4.090403716422792,210.00008998959544,0.1219511303780939,1.7566016952863874e-05,-0.1445999611602757,0.0213454720897424,0.0183525923070925,0.2101084688645735,12.12689915241217,41.41025844230888,5.8833391071973
9.1,31.221226963111324,131.01318612219367,145.96550302747215,-0.133173642384966,-0.1663909996652109,4.654600802672547,-2.6847781970040505,2.39371958179256,0.0,41.47421585246446,34.92907232953539,-30.66200347104989,-12.889828568888309,105.9744906902666,1038.8914848580175,1.274,1.0150000015428002,0.0,4.089431321395176,210.00008998959544,0.1220789283991984,1.7548783527761178e-05,-0.1439618973341395,0.0209267195963473,0.018291171351463,0.2131223449992315,12.077770986982804,41.44807925209364,5.882451532788467
9.11,31.22122576746396,131.01318952041623,145.75409954775728,-0.1013853765014112,-0.2022259269425721,4.665048932936118,-2.656118949488884,2.393885311524892,0.0,41.51789060160846,34.92392386056024,-30.739726493189384,-12.907691824344097,106.00949944886716,1041.1018608551778,1.274,1.0150000015428002,0.0,4.08845451080964,210.00008998959544,0.1222071922352224,1.753101435727298e-05,-0.1434208993824079,0.0203960353443147,0.0182419952188203,0.2262173234143683,12.029118400271631,41.4861250932389,5.877783281583031
9.12,31.22122457187096,131.01319291809503,145.54174668684388,-0.0696446149446066,-0.2375712845437766,4.675205684989289,-2.6229529805604788,2.390109626426099,0.0,41.561722455673326,34.91882580472979,-30.81720600755199,-12.925406859632943,106.04413890299146,1043.3226135326408,1.274,1.0150000015428002,0.0,4.0874687180382,210.00008998959544,0.1223359165785606,1.7512688888617877e-05,-0.1429773078756194,0.0197543417657634,0.0182051453902744,0.2475691011291097,11.981012353985896,41.52440495249329,5.86941688428433
9.13,31.22122337632547,131.0131963152325,145.32844542136283,-0.0380053287939373,-0.2723604477448738,4.685095525401715,-2.5853225577439134,2.382380962338691,0.0,41.605709828285306,34.91377833137824,-30.89451094803507,-12.942942571653532,106.07835035638357,1045.553689252093,1.274,1.0150000015428002,0.0,4.0864703578228525,210.00008998959544,0.1224650967536651,1.7493787129372556e-05,-0.1426313004055154,0.0190027778425292,0.0181806831546238,0.2749992866049363,11.933521181106032,41.56292771031917,5.85745267667034
9.14,31.221222180820703,131.01319971183122,145.11419672297137,-0.0065268439050741,-0.3065424493376042,4.694742814139679,-2.543274957984857,2.3706958016705024,0.0,41.649853604235325,34.90878150896083,-30.97171025947507,-12.960268041361788,106.11207578996924,1047.795158462388,1.274,1.0150000015428002,0.0,4.0854675387566255,210.00008998959544,0.1225947353587808,1.747428969770481e-05,-0.142382888850213,0.0181426944828118,0.018168650126907,0.3066119249657435,11.88669629591932,41.60170225861048,5.842007890005557
9.15,31.22122098535004,131.0132031078936,144.89900155338395,0.0247354859102284,-0.3400569874327665,4.704171546481762,-2.4968669215922152,2.355057102070748,0.0,41.69415295525,34.90383530581766,-31.048872775020588,-12.977352594247511,106.14525797504332,1050.0470056149363,1.274,1.0150000015428002,0.0,4.0844602653984206,210.00008998959544,0.1227248299497727,1.745417786418238e-05,-0.1422319014720393,0.0171756075322743,0.0181690640141125,0.340955410252178,11.84059833830641,41.64073724217516,5.82321803789656
9.16,31.221219789906865,131.0132065034223,144.6828608743112,0.0557265869476498,-0.3728448579183982,4.713405317570466,-2.446163314798527,2.335474834964072,0.0,41.738607056221454,34.898939586874654,-31.126067089163907,-12.994165843299925,106.17784055256548,1052.3092152353877,1.274,1.0150000015428002,0.0,4.083448542291122,210.00008998959544,0.1228553780918173,1.743343356991381e-05,-0.1421779938745562,0.0161032281227537,0.0181819206405905,0.3769863349437292,11.79528626874452,41.6800411362327,5.8012367091093715
9.17,31.221218594484743,131.01320989841997,144.46577564050247,0.0863917700807533,-0.4048480456737592,4.722467193400131,-2.3912370864723127,2.311966030893957,0.0,41.78321508535783,34.89409411320164,-31.20336143264463,-13.010677742535732,106.20976813321889,1054.5817719313231,1.274,1.0150000015428002,0.0,4.082432373956268,210.00008998959544,0.1229863773598346,1.741203946107615e-05,-0.1422206485436712,0.0149274607841776,0.0182071937658252,0.4139629860407694,11.750817275171558,41.71962223222629,5.776235636162073
9.18,31.221217399077336,131.01321329288916,144.24774679775817,0.1166768286352351,-0.436009832261313,4.731379586723722,-2.3321692070779463,2.284554813184952,0.0,41.82797622450995,34.889298541265966,-31.280823547000686,-13.026858639532731,106.240986395612,1056.8646604068465,1.274,1.0150000015428002,0.0,4.081411764856664,210.00008998959544,0.1231178253394669,1.7389978921905724e-05,-0.1423591747125748,0.013650401252983,0.0182448349421279,0.4513510755337843,11.70724666799814,41.75948862122815,5.7484047090088435
9.19,31.221216203678463,131.01321668683255,144.02877527696688,0.1465281360552469,-0.4662749020399094,4.740164139431236,-2.2690485920766537,2.253272418905975,0.0,41.87288965951377,34.884552422382896,-31.35852055901352,-13.042679326932406,106.27144218250946,1059.1578654812108,1.274,1.0150000015428002,0.0,4.0803867194551255,210.00008998959544,0.1232497196280623,1.736723610614521e-05,-0.1425927085334784,0.0122743339218335,0.0182947734104163,0.4887558745907913,11.66462778147608,41.79964817761414,5.717951921427575
9.2,31.22121500828207,131.01322008025286,143.8088620050372,0.1758927432877476,-0.4955894462212441,4.748841612232136,-2.201972009812665,2.218157206928052,0.0,41.91795458049596,34.87985520236321,-31.43651885529365,-13.058111092863577,106.30108359494687,1061.4613721026062,1.274,1.0150000015428002,0.0,4.079357242129052,210.00008998959544,0.1233820578355908,1.7343795966934748e-05,-0.1429202135588594,0.0108017289312388,0.0183569160346138,0.5258767771792221,11.623011881998227,41.84010854303008,5.685103234305671
9.21,31.2212138128823,131.01322347315275,143.588007888997,0.2047184755751864,-0.5239012650312843,4.757431782423697,-2.131043973832216,2.179254652941866,0.0,41.96317018220472,34.87520622136416,-31.51488395725781,-13.073125770246817,106.3298600840928,1063.7751653655323,1.274,1.0150000015428002,0.0,4.078323337229149,210.00008998959544,0.123514837585606,1.731964428511822e-05,-0.143340481534682,0.009235238905212,0.0184311472754311,0.5624775744211582,11.582448083190288,41.88087711068629,5.65010233758562
9.22,31.221212617473423,131.01322686553488,143.3662138309003,0.2329544051545182,-0.551158855984406,4.7659533511791885,-2.056376881302436,2.136617234787853,0.0,42.00853549574492,34.87060471394455,-31.593680396749484,-13.08769578494782,106.35772254072997,1066.0992219698578,1.274,1.0150000015428002,0.0,4.077284199956489,210.00008998959544,0.1236480560199766,1.729476769596047e-05,-0.1438521335070988,0.0075776953326134,0.018517329129666,0.5983662469602203,11.542984336146128,41.92196100031544,5.613210349841146
9.23,31.221211422049947,131.01323025740194,143.1434807109325,0.2605557077074991,-0.5772987436263457,4.774423878209816,-1.978094319131588,2.090303129398932,0.0,42.05404726119414,34.866049809179614,-31.67297159255922,-13.101794202754828,106.38462338223526,1068.4334020765664,1.274,1.0150000015428002,0.0,4.076227982748161,210.00008998959544,0.1237817035371521,1.7269153714596444e-05,-0.1444536224265055,0.0058321078016211,0.0186153003931917,0.6333725750271598,11.504680853262595,41.96336692094388,5.574706061935077
9.24,31.221210226606527,131.01323364875665,142.91980939138367,0.2874672075739537,-0.6022900028545337,4.7828598476578,-1.8963212173565955,2.040379743814526,0.0,42.09970731946199,34.86154052915429,-31.752819728344463,-13.115394776362807,106.41051663923044,1070.7778246748444,1.274,1.0150000015428002,0.0,4.075167293576094,210.00008998959544,0.1239157855493685,1.7242790766127335e-05,-0.1451432510521798,0.0040017034625322,0.0187248821050852,0.6673736577841066,11.467563126786304,42.00510156940721,5.534883194856295
9.25,31.221209031138084,131.0132370396016,142.69520072460375,0.3136407775113806,-0.6260878449818053,4.791276266338427,-1.811191695983157,1.986920700843744,0.0,42.14551488663727,34.85707579483977,-31.83328563528505,-13.128472007627602,106.435358070758,1073.132475587023,1.274,1.0150000015428002,0.0,4.074102136571423,210.00008998959544,0.1240502997429073,1.7215668228746314e-05,-0.1459191381486816,0.0020898252175287,0.0188458696646131,0.7002518201169189,11.431670951986476,42.04717119508359,5.4940511001826
9.26,31.22120783563972,131.01324042993943,142.46965553610204,0.339029524285042,-0.6486495904767269,4.79968679032234,-1.72284684407477,1.930006518327156,0.0,42.19146918510963,34.85265442315379,-31.914428669023607,-13.141001172281973,106.45910520746696,1075.4973408674475,1.274,1.0150000015428002,0.0,4.073032515762553,210.00008998959544,0.1241852438225728,1.7187776425851363e-05,-0.1467792393555151,9.997687626455567e-05,0.018978036543132,0.7319032715967999,11.39704162834738,42.08958172216152,5.45253332810708
9.27,31.22120664010676,131.01324381977278,142.24317463448838,0.3635878889049816,-0.6699347264442072,4.808103685061886,-1.631434524536668,1.8697245226072337,0.0,42.23756944362616,34.848275128859335,-31.99630659236341,-13.152958362096468,106.48171742754444,1077.8724068060972,1.274,1.0150000015428002,0.0,4.071958435096777,210.00008998959544,0.1243206155118541,1.715910664486474e-05,-0.1477213498351354,-0.0019641822651446,0.0191211344986262,0.762235308900481,11.363709947028855,42.13233874070416,5.410666266236971
9.28,31.22120544453477,131.01324720910415,142.01575880650364,0.3872717347529774,-0.6899049886829715,4.816537796475124,-1.5371091607766187,1.806168749842978,0.0,42.28381489754766,34.84393652589226,-32.07897546014826,-13.164320525803108,106.50315602960112,1080.257659942236,1.274,1.0150000015428002,0.0,4.070879898424056,210.00008998959544,0.1244564125536779,1.712965115446483e-05,-0.1487431072656326,-0.004098843083429,0.0192748938362742,0.79116435803865,11.331708157149556,42.17544749405558,5.368797488258073
9.29,31.22120424891961,131.0132505979361,141.78740881801326,0.4100384337553346,-0.7085244401131922,4.824998533989424,-1.4400315090770424,1.7394398338933392,0.0,42.330204789097245,34.83963712890669,-32.162489506586574,-13.175065508823486,106.52338430249765,1082.6530870778856,1.274,1.0150000015428002,0.0,4.069796909491614,210.00008998959544,0.1245926327111361,1.709940322031739e-05,-0.1498419951432782,-0.0063000526073156,0.0194390237108311,0.8186145790614797,11.301065939026875,42.21891286681132,5.327283785933473
9.3,31.221203053257327,131.01325398627108,141.5581254090374,0.4318469504103463,-0.7257595454335232,4.8334938656631605,-1.3403684169532413,1.669644880830642,0.0,42.376738367597206,34.83537535503631,-32.24690103527264,-13.185172091814536,106.54236759204524,1085.0586752901124,1.274,1.0150000015428002,0.0,4.068709471933127,210.00008998959544,0.1247292737681901,1.7068357119335707e-05,-0.1510153463921892,-0.0085637203089132,0.019613212470811,0.8445168630686686,11.2718103840836,42.26273937337074,5.286488860354584
9.31,31.221201857544298,131.0132573741115,141.32790929275765,0.4526579234767029,-0.7415792418902498,4.8420303254132895,-1.2382925677875547,1.5968973301698368,0.0,42.423414889701455,34.83114952587064,-32.332260312156265,-13.194620028047032,106.5600733645168,1087.4744119449674,1.274,1.0150000015428002,0.0,4.067617589290339,210.00008998959544,0.1248663335303364,1.7036508152502326e-05,-0.1522603472777679,-0.0108856246991814,0.0197971280444384,0.8688081064639921,11.243965981058848,42.30693114709622,5.246780654721843
9.32,31.22120066177712,131.01326076145966,141.09676116147992,0.4724359919763666,-0.7559490405095142,4.850613029917989,-1.1339837913289597,1.5213162170732957,0.0,42.4702326287855,34.82695786964551,-32.41861546170696,-13.203390079634172,106.57647126691306,1089.9002338534497,1.274,1.0150000015428002,0.0,4.066516437218193,210.00008998959544,0.1250038069089366,1.700385265628976e-05,-0.1535740416199673,-0.0132614202188557,0.019990417900751,0.8914268153458645,11.217560948455736,42.35149187624065,5.2085284905947455
9.33,31.221199465952704,131.0132641483179,140.86468167967803,0.491147489760976,-0.7688374395267235,4.85924578388733,-1.027627922045499,1.443026324579988,0.0,42.51718992632268,34.82279852277957,-32.5060123665158,-13.211464052629267,106.59153318393264,1092.3360810101487,1.274,1.0150000015428002,0.0,4.065401455116224,210.00008998959544,0.1251416890157719,1.6970388014603658e-05,-0.1549533424818388,-0.0156866250698426,0.0201927109323671,0.912317042632302,11.192620496071608,42.39642484802227,5.172099545428836
9.34,31.22119827006824,131.0132675346883,140.63167148299834,0.5087541750725724,-0.7802327865702545,4.867931127953504,-0.9194119943349882,1.3621596801775675,0.0,42.56428798122242,34.81866953284853,-32.59449457204294,-13.218824838502968,106.60523330552296,1094.78204009697,1.274,1.0150000015428002,0.0,4.064281980483277,210.00008998959544,0.1252799833729393,1.693611268015709e-05,-0.1563950365830045,-0.0181566297600093,0.0204036192568214,0.931438678833591,11.169148947696485,42.44173308954606,5.137854695894695
9.35,31.22119707412124,131.01327092057315,140.39773117428476,0.5252241435470197,-0.7901145443857529,4.876670170417238,-0.8095292270147075,1.2788534029726644,0.0,42.61152608140539,34.81456886387556,-32.68410319519301,-13.22545645424164,106.61754819034732,1097.23809974007,1.274,1.0150000015428002,0.0,4.063158016375576,210.00008998959544,0.1254186878778215,1.690102618846004e-05,-0.1578957686458962,-0.0206667606741254,0.0206227338199036,0.9487486007326024,11.147160343024526,42.48741911259136,5.106144881094062
9.36,31.221195878109487,131.0132743059743,140.1628613355065,0.5405275249865076,-0.7984649582872628,4.885462797484889,-0.6981771972533136,1.193250059261967,0.0,42.65890352320315,34.81049439683537,-32.774876832778176,-13.231344059724824,106.62845678562913,1099.704248915299,1.274,1.0150000015428002,0.0,4.062029565734323,210.00008998959544,0.1255578004525086,1.686512914269755e-05,-0.159452060688491,-0.023212250487811,0.0208496276933392,0.9642081625015104,11.126666110541915,42.53348500048052,5.0773067514482575
9.37,31.22119468203108,131.01327769089377,139.9270625138419,0.554636555246183,-0.8052690793479635,4.894307748898245,-0.5855575131944796,1.105497445956933,0.0,42.70641961137422,34.806443933453544,-32.866851477194565,-13.236473988474604,106.63794047048933,1102.1804769494524,1.274,1.0150000015428002,0.0,4.060896631336406,210.00008998959544,0.1256973190438569,1.6828423218662232e-05,-0.1610603176339335,-0.025788246449814,0.0210838567019525,0.9777830757200716,11.10767510440358,42.57993240448338,5.051658197582375
9.38,31.221193485884463,131.0132810753333,139.69033522565493,0.5675256368897674,-0.8105148035658996,4.903202702995497,-0.4718754729125684,1.0157483628869628,0.0,42.75407365925061,34.802415199633394,-32.96006043665964,-13.240833777332089,106.64598309574497,1104.6667735297503,1.274,1.0150000015428002,0.0,4.059759215832743,210.00008998959544,0.1258372416239109,1.679091116845486e-05,-0.1627168332099445,-0.0283898188270223,0.0213249600932665,0.9894433335691704,11.09019362324212,42.62676253783911,5.02949380607098
9.39,31.221192289668355,131.0132844592947,139.45267995550063,0.5791713962500629,-0.8141929058935587,4.912144370829142,-0.3573397129006163,0.9241603732151648,0.0,42.80186498885731,34.79840584907917,-33.054534260221004,-13.244412195097732,106.6525710201868,1107.1631287120051,1.274,1.0150000015428002,0.0,4.0586173217208925,210.00008998959544,0.1259775661902477,1.6752596823027334e-05,-0.1644177961052885,-0.0310119695666974,0.0215724612455062,0.9991631573012374,11.074225431816473,42.67397617055331,5.011080361130274
9.4,31.221191093381822,131.01328784277953,139.21409715413742,0.5895527367065931,-0.8162970691484116,4.921128598579511,-0.242161846572636,0.8308955522409238,0.0,42.84979293101784,34.79441346710878,-33.150300667732566,-13.247199270140984,106.65769314330822,1109.6695329260713,1.274,1.0150000015428002,0.0,4.057470951317666,210.00008998959544,0.1261182907663055,1.671348509359875e-05,-0.1661592963751668,-0.0336496411620667,0.0218258684132302,1.0069209588316272,11.059771784878697,42.72157362498015,4.9966525256842065
9.41,31.22118989702426,131.0132912257892,138.9745872454854,0.5986517832313589,-0.816821554152269,4.930150476052589,-0.1265567293145568,0.736119987228552,0.0,42.89785643583114,34.79043557465134,-33.24738448498477,-13.249186316980987,106.66134093445882,1112.185956780956,1.274,1.0150000015428002,0.0,4.056318181629732,210.00008998959544,0.1262594122548984,1.6673581971958896e-05,-0.1679373320867192,-0.0362977257072579,0.0220846753092696,1.0126979456253613,11.046833961901536,42.76955475224823,4.986408823778264
9.42,31.221188700595384,131.0132946083251,138.73415061270978,0.6064572808563878,-0.815752424378759,4.939204478082416,-0.0107447959690271,0.6400024864606664,0.0,42.94605261625978,34.78646963210324,-33.3458075841672,-13.250365961834984,106.6635084583976,1114.712275344382,1.274,1.0150000015428002,0.0,4.05514794098062,210.00008998959544,0.1264009221516563,1.6632894530420334e-05,-0.1697478191079485,-0.0389510663361533,0.0223483615378271,1.0164731179298907,11.035422672524712,42.81791885414569,4.980507956988487
9.43,31.221187504095244,131.01329799038848,138.49278761213702,0.6129491929589888,-0.8131081339454094,4.948284750515105,0.1050577416943283,0.5427178136110626,0.0,42.99438345380661,34.782513042296394,-33.44558883043192,-13.25073217024344,106.6641924028863,1117.2486161000493,1.274,1.0150000015428002,0.0,4.05397317238574,210.00008998959544,0.1265428262815161,1.6591430928551622e-05,-0.1715866120794491,-0.0416044295653576,0.0226163987536689,1.018246693161199,11.025514824737025,42.86666501390064,4.979066350881561
9.44,31.221186307524256,131.01330137198036,138.25049855834513,0.6181159809688898,-0.8088941871791078,4.957384841576111,0.220631149540946,0.4444433528715734,0.0,43.04284831520577,34.77856315952052,-33.54674403698688,-13.250280288588584,106.66339212964829,1119.794971029392,1.274,1.0150000015428002,0.0,4.052793877564929,210.00008998959544,0.1266851227734086,1.65492004307656e-05,-0.1734494752709011,-0.0442526123187295,0.0228882429101224,1.0180136480589752,11.017101891212985,42.9157917342013,4.9821554035927145
9.45,31.22118511088313,131.01330475310175,138.007283739073,0.6219485776165533,-0.8031190898075395,4.966498039570534,0.3357546637280029,0.3453595844263038,0.0,43.091446576491485,34.774617290669,-33.649285918469275,-13.249007045580516,106.66110965082112,1122.3513325230874,1.274,1.0150000015428002,0.0,4.05161005807713,210.00008998959544,0.1268278097835857,1.650621337231847e-05,-0.1753321097457397,-0.0468903989594511,0.023163339097633,1.0157730903922986,11.010172942224305,42.96529705590228,4.989800318031592
9.46,31.221183914172936,131.0133081337534,137.76314340229908,0.624440425600889,-0.7957943166386577,4.97561750540683,0.4502068968295588,0.2456497690380545,0.0,43.14017762285338,34.770672700806394,-33.7532240543096,-13.246910573517567,106.65734963984949,1124.9176933756553,1.274,1.0150000015428002,0.0,4.050421715314856,210.00008998959544,0.1269708854951897,1.6462481154260294e-05,-0.1772301610206848,-0.0495125711593674,0.0234411224902798,1.011528232611735,11.004714703504131,43.01517856294128,5.001979570039469
9.47,31.22118271739508,131.013311513936,137.51807776618057,0.6255875008995341,-0.7869343024419913,4.984736406319907,0.5637662536179497,0.145499624923982,0.0,43.189040848639,34.766726618142506,-33.85856485814894,-13.243990428360275,106.65211943857956,1127.4940467863985,1.274,1.0150000015428002,0.0,4.049228850487539,210.00008998959544,0.1271143481182729,1.641801623726812e-05,-0.1791392269368714,-0.0521139177681118,0.023721019327149,1.0052863813641362,11.00071158431298,43.06543338375396,5.0186252669493605
9.48,31.2211815205513,131.01331489364995,137.27208700613238,0.6253883313811188,-0.7765564272159831,4.993848049686903,0.6762113520922921,0.0450969959644624,0.0,43.238035657353656,34.76277623914485,-33.96531155342606,-13.240247608611751,106.64542906059752,1130.0803863627975,1.274,1.0150000015428002,0.0,4.048031464665914,210.00008998959544,0.1272581958897756,1.6372832134385603e-05,-0.1810548656946997,-0.0546892447594922,0.0240024479225164,0.997058925366869,10.998145704972504,43.11605819356296,5.039624378374364
9.49,31.221180323643665,131.0133182728957,137.02517126973518,0.6238440107046023,-0.7646809956533713,5.0029460157617365,0.7873214490174486,-0.0553684882926146,0.0,43.287161461620606,34.7588187337794,-34.07346415523289,-13.235684572950303,106.63729119078016,1132.6767061186656,1.274,1.0150000015428002,0.0,4.046829558709896,210.00008998959544,0.1274024270734301,1.6326943402660827e-05,-0.1829726040394207,-0.0572333852374112,0.0242848197032192,0.9868613211663076,10.996996923937369,43.16704921753434,5.064820783621567
9.5,31.221179126674595,131.01332165167335,136.77733066381603,0.6209608880281587,-0.7513242292426506,5.0120242885112045,0.8968749444458974,-0.1557064865927682,0.0,43.33641653125321,34.75485125087252,-34.18301945852222,-13.230305256552736,106.62772118102848,1135.2829401234287,1.274,1.0150000015428002,0.0,4.045617360607679,210.00008998959544,0.1275470365694043,1.6280365633668643e-05,-0.1848879455841762,-0.0597412094826304,0.0245675396188284,0.9747094029686956,10.997250305065876,43.21840217952025,5.094017731081052
9.51,31.221177929646817,131.01332502998295,136.5285652663735,0.6167470972248686,-0.7365073120927623,5.02107747625266,1.0046512966174947,-0.2557257450500178,0.0,43.38579948640157,34.750870922746245,-34.29397103273868,-13.224115086037427,106.61673704214944,1137.8990404740343,1.274,1.0150000015428002,0.0,4.044390773668842,210.00008998959544,0.1276920203089655,1.6233115444965347e-05,-0.1867963881580549,-0.062207611444185,0.0248500092345271,0.9606243029663198,10.998886463342526,43.27011237439036,5.126981461543272
9.52,31.221176732563407,131.01332840782428,136.2788751156456,0.611206881764294,-0.7202710907447285,5.0301009038423405,1.110435831475666,-0.3552328048367957,0.0,43.435311728071774,34.7468748713823,-34.406309224807366,-13.217121002740264,106.6043594492046,1140.525105042334,1.274,1.0150000015428002,0.0,4.043159609852176,210.00008998959544,0.1278373824078653,1.618521048319449e-05,-0.1886934297945718,-0.0646275257210894,0.0251316289224528,0.9446399404915184,11.001865891641124,43.322174789650425,5.163445863402927
9.53,31.22117553542777,131.01333178519707,136.02826021806055,0.6043516337508676,-0.7026472658766089,5.039090510935299,1.214014675101232,-0.4540344452361095,0.0,43.48495270472656,34.74286021596864,-34.52002116812981,-13.209331481786464,106.59061173798986,1143.1611294541412,1.274,1.0150000015428002,0.0,4.041923869337508,210.00008998959544,0.1279831212350975,1.613666941691034e-05,-0.1905745558537001,-0.0669959945865435,0.0254117934408863,0.9267878760394864,11.006159640083306,43.37458389680899,5.203115613382062
9.54,31.221174338243603,131.0133351621008,135.7767205432669,0.5961952986038342,-0.6836702973439214,5.048043116559442,1.3151767706226911,-0.5519374611724618,0.0,43.53472187374577,34.738824076525034,-34.63509079359072,-13.200756525824795,106.57551985561278,1145.8071097408913,1.274,1.0150000015428002,0.0,4.040683552158552,210.00008998959544,0.1281292351858476,1.6087511899015174e-05,-0.1924352629253807,-0.0693081377660201,0.0256898961977001,0.9071036543287304,11.011736600899548,43.42733374292291,5.245670996705207
9.55,31.221173141014937,131.01333853853478,135.52425603109145,0.5867543674407569,-0.6633773279987394,5.056956520729237,1.4137143123421505,-0.6487490418907406,0.0,43.58461870116631,34.73476358020833,-34.75149885031551,-13.191407673566752,106.55911233656546,1148.4630423288606,1.274,1.0150000015428002,0.0,4.039438658186064,210.00008998959544,0.1282757226807136,1.6037758551023975e-05,-0.1942710675928572,-0.0715591624786696,0.0259653304121621,0.885626774005228,11.018563555221789,43.48041796226009,5.2907724132513145
9.56,31.22117194374612,131.0133419144982,135.2708665786178,0.5760478562020683,-0.641808123760392,5.065829597328471,1.5094231817502417,-0.7442771526504025,0.0,43.63464266154215,34.73067586718568,-34.869222932988784,-13.18129800643628,106.54142027469229,1151.128924032025,1.274,1.0150000015428002,0.0,4.038189187082866,210.00008998959544,0.1284225821653152,1.5987430945865206e-05,-0.1960775152705409,-0.0737443733303154,0.0262374902951578,0.8624006731556357,11.026605197856757,43.53382978552989,5.3380648488690685
9.57,31.221170746441768,131.01334528998996,135.01655206404058,0.5640972796823883,-0.6190050083191267,5.074662377080274,1.602103381726061,-0.838330919805577,0.0,43.68479323781305,34.726558096556495,-34.98823751572321,-13.170442153241153,106.52247729106148,1153.804752047586,1.274,1.0150000015428002,0.0,4.036935138376924,210.00008998959544,0.1285698121098983,1.593655158920398e-05,-0.1978501890722289,-0.0758591821110612,0.0265057722421105,0.8374727224401053,11.035824162560113,43.58756204996632,5.387182215054003
9.58,31.221169549106826,131.0133486650089,134.76131232181655,0.5509267465825156,-0.5950124667716512,5.083456120122622,1.69155937665776,-0.9307210533954134,0.0,43.73506986758154,34.72240745231193,-35.1085139924499,-13.15885629273894,106.5023194976916,1156.4905211163489,1.274,1.0150000015428002,0.0,4.035676239639155,210.00008998959544,0.1287174108512252,1.588514389925888e-05,-0.1995847186925943,-0.0778991174775063,0.0267695760035363,0.8108940771443092,11.046181394271608,43.64160720782239,5.437751458940028
9.59,31.221168351746527,131.0133520395536,134.50514715558688,0.5365699829029072,-0.5698588526807951,5.092213407543321,1.7775953499589128,-1.0212622119825827,0.0,43.78546894680601,34.718221149286165,-35.23002072378343,-13.146558153965822,106.48098545708548,1159.1860648594686,1.274,1.0150000015428002,0.0,4.034396715895074,210.00008998959544,0.1288653677741029,1.583323218510576e-05,-0.2012767897117249,-0.0798598333800501,0.0270283041031046,0.7827112909838145,11.057655517366811,43.69595720333282,5.489395150814255
9.6,31.22116715436633,131.01335541362255,134.24805634413894,0.5210483396684517,-0.5436129952037828,5.1009383696483805,1.8600287917732008,-1.1097683717358695,0.0,43.835993138628666,34.71399643739337,-35.35272309039514,-13.13356701467064,106.458516138354,1161.891548294176,1.274,1.0150000015428002,0.0,4.033112552962631,210.00008998959544,0.1290136907083613,1.578084162936722e-05,-0.2029221768617928,-0.0817370545932659,0.0272813720535889,0.7529929045265186,11.07018265706466,43.75060389014546,5.541738463341773
9.61,31.22116595697205,131.013358787214,133.99003962948024,0.5043929658750814,-0.5163266917635335,5.109636270647584,1.9386804540095968,-1.1960572042048738,0.0,43.88664195751984,34.7097306119845,-35.47658355804258,-13.119903724855291,106.4349549167087,1164.6069700601947,1.274,1.0150000015428002,0.0,4.0318237497546345,210.00008998959544,0.1291623782168265,1.572799829494828e-05,-0.2045167027937439,-0.0835267170691253,0.0275281971132515,0.7218023481040612,11.083717476982269,43.80553864816449,5.594409491341029
9.62,31.221164759569703,131.01336216032595,133.7310967267774,0.4866372910885933,-0.4880539267326168,5.118313769776376,2.013377331903337,-1.2799494882772016,0.0,43.93741492566533,34.70542101661194,-35.60156173801564,-13.105590671370395,106.41034747105236,1167.3323291532236,1.274,1.0150000015428002,0.0,4.030530304973282,210.00008998959544,0.1293114288849822,1.5674729059604187e-05,-0.2060562720458245,-0.0852249108003421,0.0277682048005469,0.6892073423340518,11.098212693766763,43.86075252122348,5.647043015512254
9.63,31.221163562165565,131.0133655329564,133.4712273233618,0.4678169832214987,-0.4588507396925411,5.126978928327387,2.083953063183502,-1.3612695012542968,0.0,43.98831157247167,34.70106504965084,-35.727614459154395,-13.090651767867282,106.3847417262374,1170.0676248999714,1.274,1.0150000015428002,0.0,4.0292322171784685,210.00008998959544,0.1294608413195187,1.5621061587057023e-05,-0.2075368796799216,-0.0868278887376299,0.0280008301084754,0.655280132716077,11.11361915095861,43.91623623726154,5.699283108962921
9.64,31.22116236476616,131.013368905103,133.21043107674143,0.4479698880146285,-0.4287751244402159,5.135641203051076,2.150248323543817,-1.43984540596275,0.0,44.03933143433014,34.69666017022033,-35.85469584588065,-13.075112441723864,106.358187790789,1172.8128569475457,1.274,1.0150000015428002,0.0,4.027929484804869,210.00008998959544,0.1296106141476329,1.5567024296080913e-05,-0.2089546198695092,-0.0883320753466152,0.0282255187214374,0.6200978807282594,11.129885860211322,43.97198022393382,5.7507854430895735
9.65,31.22116116737822,131.0133722767633,132.94870761758267,0.4271359638525803,-0.3978869233178841,5.14431142506497,2.2121112127083102,-1.5155096347987187,0.0,44.090474054362446,34.69220390405624,-35.98275740211856,-13.058999617841256,106.33073789013628,1175.5680252513075,1.274,1.0150000015428002,0.0,4.026622106144846,210.00008998959544,0.1297607460162809,1.5512646327551656e-05,-0.2103056943742002,-0.0897340749056111,0.0284417282256124,0.5837432676486306,11.146960046646395,44.02797462494381,5.801219312231831
9.66,31.221159970008728,131.0133756479347,132.6860565526929,0.40535746064587,-0.3662470798256924,5.153001766043529,2.269397448276377,-1.588099340039146,0.0,44.141738877576046,34.68769384932091,-36.11174810095536,-13.042341699155749,106.3024462953066,1178.3331244789574,1.274,1.0150000015428002,0.0,4.025309542004585,210.00008998959544,0.1299112352836133,1.5457957509432946e-05,-0.2115864208822008,-0.0910306795237962,0.0286489292424134,0.5463051861172683,11.164787871802725,44.08420931258955,5.850269352168653
9.67,31.221158772664843,131.0133790186145,132.42247746303127,0.3826857192556329,-0.333899929512861,5.161725753313742,2.321965600206583,-1.6574587541322718,0.0,44.193122363834014,34.683127682289445,-36.241614479880425,-13.02516854371264,106.27336924704257,1181.1079896603435,1.274,1.0150000015428002,0.0,4.023975856596678,210.00008998959544,0.1300620715223444,1.5402988319822916e-05,-0.2127932420626276,-0.092218874632469,0.0288466048485533,0.5078738669907293,11.183333053450491,44.140673782428046,5.897635672251613
9.68,31.22115757535392,131.0133823887996,132.15796990768465,0.3591589599373001,-0.3009297808373501,5.170498298747352,2.369690857579404,-1.7234343771945753,0.0,44.24462727495378,34.6785031617566,-36.372300741619,-13.007511439146093,106.2435648769877,1183.8927922421676,1.274,1.0150000015428002,0.0,4.022637458869234,210.00008998959544,0.1302132628521018,1.5347769854262727e-05,-0.2139227583199881,-0.093295782509309,0.0290342611515549,0.4685645156748513,11.2025170604996,44.197357552846825,5.94303907696565
9.69,31.22115637808349,131.01338575848695,131.89253341790385,0.3348248470986329,-0.2674027326512726,5.179335234186511,2.412454645450619,-1.7858794758854677,0.0,44.29625317790912,34.67381813779297,-36.50374886576388,-12.989403102150112,106.21309317257244,1186.6875332599457,1.274,1.0150000015428002,0.0,4.021294346596715,210.00008998959544,0.1303648079898563,1.5292333817186633e-05,-0.2149716836366068,-0.094258803862211,0.0292114152509167,0.4284986414289611,11.222280513817282,44.25424980736941,5.98621887227915
9.7,31.221155180861285,131.01338912767326,131.62616751201296,0.3097327506652014,-0.2333861778054047,5.18825344446503,2.450147579508888,-1.8446534247478856,0.0,44.34799964535447,34.66907055473863,-36.63589871376777,-12.970877614098573,106.1820158358001,1189.4922140068477,1.274,1.0150000015428002,0.0,4.019946517409444,210.00008998959544,0.1305167056692605,1.523671243799768e-05,-0.2159368795892222,-0.0951055561322771,0.0293776020104177,0.3878181974002629,11.242562511834452,44.31133953165142,6.026934811561397
9.71,31.221153983695128,131.01339249635512,131.35887168447584,0.2839336688614991,-0.1989486375422948,5.197270760881866,2.482669770686288,-1.89962205448022,0.0,44.399866254958425,34.664258457001964,-36.76868814460708,-12.951970382897558,106.15039618875012,1192.306835999639,1.274,1.0150000015428002,0.0,4.018593968845496,210.00008998959544,0.1306689546386798,1.5180938424918724e-05,-0.2168153626984049,-0.0958338799508883,0.0295323751670224,0.346696646491435,11.263300744664248,44.36861553884923,6.064967972055971
9.72,31.22115278659302,131.0133958645289,131.09064541086488,0.2574801330998938,-0.164159629007547,5.206405842987972,2.5099311185753863,-1.9506579889220248,0.0,44.45185258908004,34.65937999421014,-36.90205313500604,-12.932718100635816,106.11829907429303,1195.1314009612342,1.274,1.0150000015428002,0.0,4.0172366983276255,210.00008998959544,0.130821553660253,1.5125044916470464e-05,-0.2176043115821447,-0.0964418450769451,0.0296753084213641,0.3053591677519455,11.284431577514235,44.42606649013422,6.100121524333568
9.73,31.221151589563046,131.0133992321909,130.8214881548199,0.2304261091314989,-0.12908952981773,5.215678048607093,2.531851587898926,-1.997640971655792,0.0,44.50395823445123,34.65443342620504,-37.035927903994974,-12.913158696971488,106.08579075211507,1197.9659108049248,1.274,1.0150000015428002,0.0,4.01587470320941,210.00008998959544,0.1309745015089523,1.5069065430599672e-05,-0.2183010738465317,-0.0969277559237883,0.0298059965003349,0.2641215792715171,11.305890140439343,44.48368091567992,6.132221410019872
9.74,31.221150392613435,131.01340259933724,130.5513993551245,0.2028300231979095,-0.093801485514931,5.225107331521148,2.548359158719616,-2.040459085221727,0.0,44.556181479421646,34.6494171278709,-37.1702450415573,-12.89333128814952,106.05293879006808,1200.8102974159772,1.274,1.0150000015428002,0.0,4.014501207410711,210.00008998959544,0.1311277931385987,1.5013033811500424e-05,-0.2189031726955888,-0.0972901566592605,0.0299240553143218,0.2234696852809379,11.327618760485006,44.54144718311409,6.161116319808456
9.75,31.221149195752467,131.01340596596393,130.2803784475756,0.1747503045546188,-0.0583623615666623,5.23471416449213,2.559392028560172,-2.079008292271552,0.0,44.60852112433663,34.64432959343584,-37.304935641108194,-12.873276121555936,106.01981195087131,1203.6645199270413,1.274,1.0150000015428002,0.0,4.013112038704588,210.00008998959544,0.1312814250098311,1.4956984176326727e-05,-0.2194083243216596,-0.0975278075873042,0.0300291256807989,0.1842384965938879,11.349555408475146,44.59935358760477,6.186678868272198
9.76,31.221147998988528,131.01340933206683,130.00842484510198,0.1462395380199078,-0.0228571462470283,5.2445192541291705,2.564903554075484,-2.113190871416696,0.0,44.66097886329194,34.6391694412857,-37.43992943812552,-12.85303452888556,105.9864800958804,1206.5286935718611,1.274,1.0150000015428002,0.0,4.0117180758228335,210.00008998959544,0.1314354020994543,1.4900950875381124e-05,-0.2198144396749975,-0.0976397003147463,0.0301208753307761,0.1480150346424865,11.371618614648558,44.65738847125058,6.208807301541858
9.77,31.22114680233004,131.01341269764163,129.73553796162017,0.1173563623975737,0.012641727928054,5.254543253764144,2.56485635091472,-2.1429180802360746,0.0,44.7135542968081,34.63393541883112,-37.57515495114637,-12.832648869927652,105.95301407612769,1209.4028208285536,1.274,1.0150000015428002,0.0,4.010319315734425,210.00008998959544,0.1315897232229074,1.484496843876002e-05,-0.2201196054047204,-0.0976251244767996,0.0301989930948768,0.1180352864874056,11.39373957673916,44.71554005477136,6.2274240906741305
9.78,31.22114560578545,131.0134160626841,129.4617171931489,0.0881602973274373,0.0480616568989261,5.26480672285447,2.5592242087475765,-2.1681097388553576,0.0,44.7662470283768,34.628626405690504,-37.710539619993085,-12.812162442323986,105.91948557057464,1212.2869042933612,1.274,1.0150000015428002,0.0,4.0089157554317,210.00008998959544,0.1317443872043318,1.4789071487102544e-05,-0.2203221070192979,-0.097483625351957,0.0302631936272307,0.100409955015174,11.415848779136493,44.77379653490309,6.242476929823027
9.79,31.22114440936329,131.01341942718963,129.18696192774823,0.0587116352828834,0.0833300370488356,5.2753299478382285,2.547992245841363,-2.18869447728736,0.0,44.81905666377825,34.62324141768785,-37.84600995084972,-12.791619407637928,105.88596695476625,1215.1809466423535,1.274,1.0150000015428002,0.0,4.007507391801878,210.00008998959544,0.1318993928745839,1.47332946672913e-05,-0.2204204338038619,-0.0972150066894473,0.0303132182398278,0.1019360032688458,11.437876145304449,44.83214611077451,6.253939083356568
9.8,31.221143213072025,131.01342279115372,128.9112715554595,0.0290713216589572,0.1183744139442226,5.286132759995204,2.531157044718761,-2.204609965352387,0.0,44.87198281073676,34.61777961040259,-37.9814916637652,-12.771064712708352,105.85253116515176,1218.0849506121187,1.274,1.0150000015428002,0.0,4.006094221702975,210.00008998959544,0.1320547390702323,1.4677672586018928e-05,-0.2204132833922141,-0.0968193329397645,0.0303488356956348,0.1218919292547442,11.459751171489357,44.89057700696969,6.261809693743094
9.81,31.221142016920147,131.0134261545716,128.63464545339576,-0.0006987910086368,0.1531235820716641,5.297234357444368,2.5087264851215667,-2.215803236645886,0.0,44.92502492323501,34.61224028246503,-38.11690984229384,-12.750544006347273,105.8192515592712,1220.9989105389411,1.274,1.0150000015428002,0.0,4.004675425783747,210.00008998959544,0.1322104241753652,1.462223974150682e-05,-0.2202995659454158,-0.0962969309638511,0.0303698428482745,0.1531251765531183,11.48140405388488,44.94907749062954,6.266113979043936
9.82,31.2211408209161,131.0134295174386,128.3570830016446,-0.030529103790544,0.1875252961403422,5.3086532557985056,2.480714495210069,-2.222233005140667,0.0,44.97817943016346,34.60662287857089,-38.252189084971725,-12.73010355142596,105.78620177196429,1223.9226560384564,1.274,1.0150000015428002,0.0,4.003234253993525,210.00008998959544,0.1323664376715147,1.4567030453602228e-05,-0.2200784092834797,-0.0956483877826993,0.0303760635851384,0.1899941039680757,11.502784062960911,45.00763578220935,6.266902211314769
9.83,31.221139625068297,131.01343287974987,128.07858357829843,-0.0603655685730106,0.2214879346665526,5.32040700956528,2.4471553955170133,-2.223864180224645,0.0,45.03144928005584,34.60092699202872,-38.38725365865389,-12.709790134069648,105.7534555704441,1226.8563710897008,1.274,1.0150000015428002,0.0,4.0017882039853605,210.00008998959544,0.1325227882269429,1.4512078799250924e-05,-0.2197491888577011,-0.0948744842583579,0.0303673596004283,0.2295667417569728,11.52379892294577,45.06624043682526,6.2642535205182766
9.84,31.221138429385103,131.01343624150053,127.7991465604482,-0.0901458696123686,0.2549411332903423,5.332511792856796,2.4080925081094366,-2.220672551473214,0.0,45.08483408424362,34.59515236793924,-38.52202765953447,-12.68965100086028,105.72108675792438,1229.8000584451136,1.274,1.0150000015428002,0.0,4.0003372725352735,210.00008998959544,0.1326794746887637,1.4457418575539236e-05,-0.2193114734132327,-0.0939763394953807,0.0303436164159327,0.2704093297596431,11.544377860493128,45.12488001167321,6.258272775250066
9.85,31.221137233874767,131.0134396026855,127.5187713281596,-0.1198076809180729,0.2878153879219427,5.344982413095714,2.3635809577839844,-2.21264382649539,0.0,45.13833345476189,34.58929890473561,-38.65643516130202,-12.669733722412252,105.68916896196134,1232.7537208480703,1.274,1.0150000015428002,0.0,3.99888145637788,210.00008998959544,0.1328364959061671,1.440308318087844e-05,-0.2187650567348259,-0.0929553364678263,0.0303047501973134,0.3117554445350973,11.564450382570923,45.18354320003996,6.249091505429385
9.86,31.221136038545463,131.01344296329998,127.23745726944212,-0.1492887804148128,0.3200422419939065,5.357832138757252,2.313687658693204,-2.1997737519055924,0.0,45.191947003441285,34.58336665618895,-38.79040037089892,-12.650086087970768,105.65777547678202,1235.7173609845197,1.274,1.0150000015428002,0.0,3.99742075230694,210.00008998959544,0.1329938507277274,1.4349105539164413e-05,-0.2181099596148755,-0.0918131211329404,0.0302507082154471,0.3531486157749142,11.583946476696608,45.24221885983213,6.236867833188559
9.87,31.221134843405256,131.01344632333874,126.95520377528014,-0.1785271800422692,0.3515544341142546,5.371072535206384,2.2584912810372084,-2.182068212040273,0.0,45.24567434153942,34.577355832956165,-38.92384778456744,-12.630755995954098,105.62697910267516,1238.6909814604464,1.274,1.0150000015428002,0.0,3.995955157104396,210.00008998959544,0.1331515380003402,1.4295518022837131e-05,-0.2173464314138318,-0.0905516008408614,0.0301814692547,0.394286791800044,11.60279677565126,45.30089603641929,6.221786297114845
9.88,31.22113364846204,131.01344968279673,126.67201024360668,-0.2074612563487236,0.3822860441514917,5.384713309350408,2.198082192377795,-2.159543306911668,0.0,45.29951507940381,34.57126680380599,-39.056702343889455,-12.611791340718172,105.59685198286168,1241.6745847835914,1.274,1.0150000015428002,0.0,3.994484667617253,210.00008998959544,0.1333095565682192,1.4242352375165309e-05,-0.2164749511494454,-0.0891729421762494,0.0300970439586344,0.4349507486548924,11.62093272460412,45.35956398525657,6.204057546700447
9.89,31.22113245372361,131.01345304166887,126.3878760842758,-0.2360211855148945,0.4121944254888119,5.398762345786242,2.132555843975856,-2.1322280342395974,0.0,45.35346526930096,34.56510009651364,-39.188889591513714,-12.593239895787224,105.56746543818151,1244.667978118436,1.274,1.0150000015428002,0.0,3.9929903738341457,210.00008998959544,0.1334678948047207,1.418963963201485e-05,-0.2154962281071609,-0.0876795682302751,0.0299974727588684,0.474983455896435,11.638309187401642,45.41821205974233,6.183916694454429
9.9,31.221131259197545,131.01345639995003,126.10280071309624,-0.2641551172377187,0.4411950523987604,5.413225398299392,2.062028630386254,-2.1001579147149894,0.0,45.407528047386975,34.558856398731656,-39.32033582626691,-12.575149193823744,105.53888979996168,1247.6713569164242,1.274,1.0150000015428002,0.0,3.991490964440145,210.00008998959544,0.1336265619300225,1.4137410048948064e-05,-0.2144112341407267,-0.0860740753235881,0.0298828376376974,0.5142272076263691,11.654837328887233,45.47683011927858,6.161625966582704
9.91,31.221130064891305,131.01345975763516,125.81678356773728,-0.2918033778567237,0.4692267055561582,5.4281057804971,1.986625416010906,-2.0633799507438035,0.0,45.46170304712911,34.552536557638376,-39.4509682653788,-12.557566443690236,105.5111943045736,1250.6847247982612,1.274,1.0150000015428002,0.0,3.989986588178952,210.00008998959544,0.1337855568563922,1.4085693064866244e-05,-0.2132211392748723,-0.0843593885716152,0.0297532463233256,0.5525586022375588,11.670451867168955,45.53540818178969,6.137470955445576
9.92,31.22112887081209,131.01346311471903,125.52982409182222,-0.3189071259820441,0.4962302053135818,5.443404440844073,1.9064822609049428,-2.021951462584367,0.0,45.5159898718008,34.54614158009318,-39.58071518960256,-12.540538365689793,105.48444686164162,1253.7080836748307,1.274,1.0150000015428002,0.0,3.988477242042588,210.00008998959544,0.1339448784072626,1.4034517175675796e-05,-0.2119273424333049,-0.0825386786531368,0.0296088390733593,0.5898674671108877,11.68508915638432,45.593936555699536,6.1117603220997845
9.93,31.22112767696692,131.0134664711967,125.24192174984051,-0.3454085349323018,0.5221484107212883,5.459119873062934,1.8217462523668675,-1.9759400503943128,0.0,45.5703881221022,34.539672632098366,-39.70950609461431,-12.524111063370404,105.45871388339512,1256.741435261022,1.274,1.0150000015428002,0.0,3.986962923130944,210.00008998959544,0.1341045253985018,1.3983909855905842e-05,-0.2105314702766103,-0.0806153563149577,0.029449788731679,0.6260532852377099,11.69868721732999,45.6524058673813,6.084824424684387
9.94,31.221126483362564,131.01346982706295,124.95307602317072,-0.3712509200559492,0.5469263505109732,5.475248042278119,1.7325752926915725,-1.925423541632609,0.0,45.6248973958318,34.533131037942546,-39.83727184066327,-12.508329893706916,105.43406011431507,1259.7847810554963,1.274,1.0150000015428002,0.0,3.9854436286038215,210.00008998959544,0.1342644966374555,1.3933897481353636e-05,-0.2090353753403295,-0.0785930668100564,0.0292763006687339,0.6610230648228632,11.711185908061962,45.71080708138102,6.0570136275221245
9.95,31.221125290005563,131.01347318231288,124.6632864080918,-0.3963770064262707,0.5705159793439558,5.49178237201406,1.639136455791998,-1.8704904869447072,0.0,45.679516532507954,34.52651827898194,-39.963944800137774,-12.493239335837126,105.41054846118274,1262.838080572507,1.274,1.0150000015428002,0.0,3.983915307682373,210.00008998959544,0.1344247887000448,1.3884505252728876e-05,-0.2074411336711751,-0.0764756837788614,0.0290886121699526,0.6946927531258095,11.722531827972077,45.76913149208478,6.0286960948468264
9.96,31.221124096902173,131.01347653694148,124.3725524316882,-0.4207274319604127,0.5928803134712832,5.508713826016505,1.5416037131886768,-1.8112408850976784,0.0,45.7342429553217,34.51983599221924,-40.08945900276744,-12.478882858800944,105.38823982405172,1265.901214656279,1.274,1.0150000015428002,0.0,3.9823662992834494,210.00008998959544,0.1345853939943111,1.38357571218146e-05,-0.2057510489566258,-0.0742672853608492,0.0288869928195198,0.7269885282377887,11.732682560932144,45.8273707152187,6.000255292011494
9.97,31.2211229040584,131.01347989094387,124.080873630975,-0.4442569113948248,0.6139536211378813,5.526030658119788,1.4401683351645207,-1.747781720089538,0.0,45.789079175213885,34.5130859686952,-40.2137502799708,-12.46530279762125,105.36719294243277,1268.9743454984612,1.274,1.0150000015428002,0.0,3.980812242983727,210.00008998959544,0.1347463199004421,1.3787675731806068e-05,-0.2039676623659304,-0.0719721146277191,0.0286717502019112,0.7578229992627513,11.741566037635788,45.88551693894704,5.972088462939034
9.98,31.22112171147996,131.01348324431515,123.7882495777485,-0.4669145741314195,0.6336908237873126,5.111243854555888,1.3302453329943464,-1.676706366799252,0.0,45.84402477484091,34.50627014988054,-40.33675640970068,-12.452540246302709,105.34746426954196,1272.0574735167804,1.274,1.0150000015428002,0.0099999998999358,3.979253136349384,210.00008998959544,0.1349075651813226,1.3740282371102422e-05,-0.2020937013258173,-0.0695946883555879,0.0284432177935185,0.7871241264030329,11.7491311154879,45.943562667342455,5.54127337596276
9.99,31.22112051917223,131.0134865970506,123.49467986367472,-0.4886380132364148,0.6520465259851501,4.695179071091622,1.2161496002637897,-1.6000704946548907,0.0,45.89259161284368,34.49443334903554,-40.458417246036646,-12.440634891409692,105.32910775621384,1274.7901456249815,1.274,1.0150000015428002,0.0199999997999356,3.977688977055848,210.00008998959544,0.1350500369047457,1.3693596863441432e-05,-0.200132102283383,-0.0671397218834689,0.0281977739699182,0.8148137652920248,11.756853666344751,45.995012630800495,5.10724504480681
10.0,31.22111932737972,131.01348994817934,123.20024360715432,-0.5093764396471768,0.6689812523571134,4.277981104412576,1.0983365899495208,-1.5185159826527,0.0,45.93691702873,34.479225770018274,-40.5786748530781,-12.4296248807172,105.31217469059908,1277.2900539961406,1.274,1.0150000015428002,0.0299999996999354,3.976119762930282,210.00008998959544,0.1351800249909819,1.364764748710985e-05,-0.198086605183038,-0.0646128362574462,0.0279373203646383,0.8408260714426538,11.764175455767274,46.04199797051602,4.670477104547744
10.01,31.221118136100365,131.01349329772387,122.90493878687772,-0.5290767717513524,0.6844568030078432,3.859867276617948,0.977128550103448,-1.4322682378011695,0.0,45.97698671430386,34.460648765500544,-40.697474056126126,-12.419546412759436,105.29671311225763,1279.555700487901,1.274,1.0150000015428002,0.0399999995999352,3.974545916892944,210.00008998959544,0.1352974874528045,1.36024572859756e-05,-0.1959610407539189,-0.0620196497642268,0.0276624334488208,0.8650953876422601,11.77104894749166,46.0844983803424,4.23140022942139
10.02,31.22111694543924,131.01349664527325,122.6087990828302,-0.5476820664720861,0.6984543875045134,3.4410538550839105,0.8528548749014173,-1.3415712801273767,0.0,46.01278652707878,34.43870608512593,-40.81476248508274,-12.410433680664688,105.28276777351589,1281.585654355828,1.274,1.0150000015428002,0.0499999994999349,3.972953846973832,210.00008998959544,0.1354023828465763,1.3558047427401216e-05,-0.1937595030715294,-0.0593659884157771,0.0273737355897004,0.8875693318871533,11.777446197863522,46.12249676843204,3.790517981871813
10.03,31.22111575548365,131.01349999048665,122.31185266582456,-0.5651474346161186,0.7109353387679875,3.021755284105161,0.7258613465596812,-1.2466824666114256,0.0,46.04430855432694,34.41340355367034,-40.930490739041225,-12.402318733039968,105.2703799743776,1283.3788961346809,1.274,1.0150000015428002,0.0599999993999347,3.971350447356336,210.00008998959544,0.1354946880539842,1.3514437146719488e-05,-0.1914863612895811,-0.0566578072642449,0.0270719000487598,0.90818736340253,11.783319045067952,46.15597915063408,3.3484469331323203
10.04,31.22111456632041,131.01350333302383,122.01412790751338,-0.5814307537552532,0.7218645776339674,2.6021839998522567,0.5965052426286303,-1.147872948668045,0.0,46.071547328007895,34.38474905486223,-41.044612548697295,-12.395231373354688,105.259587456528,1284.9346076309537,1.274,1.0150000015428002,0.0699999992999345,3.9697426799320015,210.00008998959544,0.1355743871521004,1.3471643728807516e-05,-0.1891462099968048,-0.0539012593439449,0.0267576411388959,0.9268939002937188,11.788623071361114,46.18493455094284,2.9059924948035225
10.05,31.221113378035778,131.0135066725454,121.71565335852353,-0.5964896506273984,0.7312184448226974,2.182550570019913,0.4651510783656223,-1.0454277892735633,0.0,46.09449856743,34.3527525171799,-41.15708491993045,-12.38919902047713,105.25042423807656,1286.2521025373412,1.274,1.0150000015428002,0.0799999991999343,3.968130698296956,210.00008998959544,0.1356414677132589,1.3429682442650152e-05,-0.1867438545047597,-0.0511026760230091,0.0264317108595435,0.9436424112325544,11.793325603419758,46.20935497425799,2.4643075658254103
10.06,31.22111219071541,131.01351000871284,121.41645773851836,-0.6102847512647435,0.738977002464668,1.7630635428036372,0.3321704632101062,-0.9396443090892218,0.0,46.11316044490616,34.317425897958515,-41.26786826732104,-12.384246576930712,105.24292046030008,1287.330897543352,1.274,1.0150000015428002,0.0899999990999341,3.966514657043264,210.00008998959544,0.1356959245293453,1.3388566484608196e-05,-0.1842843073293022,-0.0482685173255416,0.0260948985426948,0.9583912747390916,11.797397942514172,46.22923546281569,2.0252559591805404
10.07,31.221111004444303,131.0135133411887,121.1165699202968,-0.6227797792995365,0.7451241067682317,1.3439293628252824,0.1979406142688822,-0.8308309076825585,0.0,46.12753358490197,34.278783161818744,-41.376926540267135,-12.380396321419814,105.23710227109213,1288.1707127615912,1.274,1.0150000015428002,0.0999999989999339,3.9648947116790105,210.00008998959544,0.1357377596090927,1.334830694661453e-05,-0.1817727718260223,-0.0454053509875113,0.0257480278666691,0.9711038678008956,11.80081549477283,46.244574106717394,1.5923588214349604
10.08,31.22110981930672,131.01351666963697,120.81601891289677,-0.6339383262972343,0.7496556340747723,0.9253526763590522,0.0628396282310482,-0.7193071600821782,0.0,46.13761973554799,34.236840256333565,-41.48422733812647,-12.377667810959265,105.23299172229908,1288.7713977902697,1.274,1.0150000015428002,0.1099999988999337,3.963263784421799,210.00008998959544,0.1357669782686422,1.33089127916521e-05,-0.1792146250815754,-0.0425198310018051,0.0253919529826329,0.9817527378698166,11.803566152506818,46.25537200744919,1.1737244928289454
10.09,31.221108635386187,131.01351999372315,120.51483384768144,-0.6437275898454647,0.7525704928810723,0.5075361259395392,-0.0727531553873621,-0.6054017629637855,0.0,46.14342322384722,34.19161508814114,-41.589742013970415,-12.376077793301423,105.23060668165796,1289.133013059199,1.274,1.0150000015428002,0.1199999987999335,3.961615479690335,210.00008998959544,0.1357835934135511,1.3270390838772636e-05,-0.176615412940039,-0.039618644793049,0.025027557888807,0.9903149629117362,11.805641232868052,46.26163332135606,0.7933455964157065
10.1,31.221107452765388,131.0135233131145,120.213043959456,-0.6521274724769626,0.7538484779149343,0.0906791671393413,-0.2084494594076016,-0.4894473952382121,0.0,46.14495452581812,34.14312749192115,-41.69344576994366,-12.375640147111037,105.22996078528196,1289.2560292956507,1.274,1.0150000015428002,0.1299999986999333,3.9599636976121833,210.00008998959544,0.135787636044224,1.32327457744589e-05,-0.1739808303404198,-0.036708494344553,0.0246557547461632,0.996761369620928,11.807013132037628,46.26336535140079,0.5396597457527071
10.11,31.22110627152616,131.0135266274802,119.91067857752336,-0.6591149400015843,0.7534889226219376,-0.3250206018168974,-0.3438648551202767,-0.371784010421777,0.0,46.14222400382282,34.09139918588495,-41.79531774022211,-12.376365832176647,105.23106340348676,1289.1409773274147,1.274,1.0150000015428002,0.139999998599933,3.958308598512706,210.00008998959544,0.1357791368268701,1.3195980164205544e-05,-0.1713166662754943,-0.0337961613045161,0.0242774717962848,1.0010759290885896,11.807674490514174,46.260578355478266,0.6017514275825252
10.12,31.22110509174944,131.01352993649152,119.6077671018295,-0.6646704402074713,0.7514950115482388,-0.7393678196665809,-0.4786169391433786,-0.2527560814241944,0.0,46.135244423642646,34.036453745335535,-41.89534105210897,-12.378262804035495,105.23391955133158,1288.7885881939235,1.274,1.0150000015428002,0.1499999984999328,3.956650343240355,210.00008998959544,0.1357581335002071,1.3160094422491269e-05,-0.1686288089496503,-0.0308884254104954,0.0238936546367484,1.0032478319247082,11.807622344385798,46.2532855994905,0.9163103098243545
10.13,31.22110391351517,131.01353323982212,119.30433898706256,-0.6687779278662598,0.7478737991835144,-1.152169346437233,-0.6123268609617454,-0.1327112152349844,0.0,46.12403093106372,33.97831656145771,-41.99350288097354,-12.381335972811696,105.23852986384613,1288.1997911797412,1.274,1.0150000015428002,0.1599999983999326,3.954989093042117,210.00008998959544,0.1357246708063654,1.3125086826951906e-05,-0.1659232260333412,-0.0279920424724312,0.0235052625329382,1.0032715158927383,11.80685817666336,46.241503336894645,1.3115070164410145
10.14,31.221102736902388,131.01353653714807,119.00042373370825,-0.6714228376479185,0.742641210775658,-1.5632339258437336,-0.7446230241831235,-0.0119996736126974,0.0,46.10860022039747,33.91701479965076,-42.08979449242013,-12.385587174545448,105.24489058776555,1287.3756665420508,1.274,1.0150000015428002,0.1699999982999324,3.953320560812753,210.00008998959544,0.1356787980440143,1.30909535403095e-05,-0.1632059447343448,-0.0251137223828606,0.0231132642879672,1.0011490143107096,11.805392998148566,46.2252507626929,1.7315622273598035
10.15,31.221101561989,131.0135398281482,118.69605086419512,-0.6725903767514801,0.7358261937628862,-1.97237172560896,-0.8751454658235645,0.1090258058151185,0.0,46.08896984050378,33.85257735865247,-42.18421127158636,-12.391015155303876,105.25299359000212,1286.3174058476604,1.274,1.0150000015428002,0.1799999981999322,3.951632274908032,210.00008998959544,0.1356205670261048,1.305768864124576e-05,-0.1604830396465027,-0.0222600883390606,0.0227186353182081,0.9968917349851216,11.803251562568972,46.204549971529,2.160559287931448
10.16,31.22110038885192,131.013543112504,118.39124991196304,-0.6722830832408592,0.7274277402577413,-2.3793969687379506,-1.0035297470180111,0.2300186881773085,0.0,46.065165040225246,33.78503482993086,-42.27675274159568,-12.39761557877494,105.26282639859544,1285.026692940439,1.274,1.0150000015428002,0.189999998099932,3.949941446880759,210.00008998959544,0.1355500522229653,1.3025284176675052e-05,-0.1577606271467792,-0.0194376206520082,0.0223223593424515,0.9905005688909694,11.80042896400612,46.17942605281172,2.592587604093677
10.17,31.22109921756694,131.01354638990028,118.0860503966144,-0.6704991148841236,0.7174679476452361,-2.78412517164026,-1.1294257709679314,0.3506327742414288,0.0,46.03721021384657,33.714419424806344,-42.367422572892416,-12.405381066392009,105.27437228926163,1283.505224833522,1.274,1.0150000015428002,0.1999999979999318,3.9482482408051696,210.00008998959544,0.1354673255895539,1.2993730234719912e-05,-0.1550447921907433,-0.016652763561959,0.0219254128349113,0.9819907434805608,11.796944259547065,46.149906870236016,3.024879978752819
10.18,31.221098048208702,131.01354966002475,117.7804818219274,-0.6672401874693837,0.705972453409016,-3.1863739613778645,-1.252494041286334,0.4705256488875789,0.0,46.00513199187554,33.64076494311092,-42.45622856564304,-12.414301179564324,105.28761028305937,1281.754882837308,1.274,1.0150000015428002,0.2099999978999316,3.946552820667201,210.00008998959544,0.1353724656602364,1.2963014951369367e-05,-0.1523415989892872,-0.0139118311978804,0.0215287672515557,0.9713825413720616,11.792820703140046,46.11602307956687,3.455881180171812
10.19,31.221096880850745,131.01355292256866,117.4745736390802,-0.6625115246618662,0.6929703973378316,-3.5859630604603483,-1.3724069351740773,0.589359997413511,0.0,45.9689591968178,33.564106716826586,-42.54318262740935,-12.42436245522286,105.3025152207774,1279.7777284221747,1.274,1.0150000015428002,0.2199999977999314,3.9448553503518577,210.00008998959544,0.1352655574184502,1.293312456934513e-05,-0.1496570711939094,-0.0112209881201359,0.0211333853644412,0.9587012515510264,11.788085705790753,46.07780807851356,3.884581968919089
10.2,31.221095715565347,131.01355617722666,117.16835525162196,-0.656319542700249,0.678499860279081,-3.982713844180703,-1.4888525567034356,0.7068037784821058,0.0,45.92872192319278,33.484481556038475,-42.628300738131045,-12.435548453769524,105.31905785289052,1277.5759502119936,1.274,1.0150000015428002,0.2299999976999311,3.943151113033816,210.00008998959544,0.1351466895894509,1.2904043503471344e-05,-0.1469971724800677,-0.0085862304042044,0.0207402172884225,0.9439794842083123,11.782776326899173,46.03529794104215,4.3102509302252425
10.21,31.221094552423622,131.01355942369705,116.8618559786956,-0.6486706549432145,0.6626105136160926,-4.376448958569358,-1.6015383247810635,0.8225304287036465,0.0,45.884451065513296,33.401927697962066,-42.71160290263612,-12.447839819220777,105.33720494474343,1275.151836010538,1.274,1.0150000015428002,0.2399999975999309,3.941428058797632,210.00008998959544,0.1350159532512539,1.2875754413607828e-05,-0.1443677962338638,-0.006013346710387,0.0203501980699917,0.9272580830001892,11.776941949554432,45.98853136156193,4.73231304954023
10.22,31.22109339149547,131.013562661682,116.55510505404612,-0.639588345686665,0.6453218261720716,-4.766995631344593,-1.710173093670658,0.9362279537748088,0.0,45.836184862000174,33.316484756265965,-42.793113093217656,-12.461214362924377,105.35691941371456,1272.5081344499276,1.274,1.0150000015428002,0.2499999974999307,3.939703424066439,210.00008998959544,0.1348734610894668,1.2848238298077942e-05,-0.1417747599948183,-0.0035078700909342,0.0199642490567477,0.908568221613845,11.770602004811083,45.93754963427965,5.150287578475873
10.23,31.221092232849493,131.01356589088755,116.24813160514614,-0.6290913656093748,0.6266758430634723,-5.154182079864577,-1.8144878186546392,1.047591843213648,0.0,45.783960456888856,33.228193632421245,-42.87285918367996,-12.475647176349735,105.37816050631196,1269.6475832636652,1.274,1.0150000015428002,0.2599999973999305,3.9379773733216608,210.00008998959544,0.1347193225689399,1.2821474603758264e-05,-0.1392237350521734,-0.0010751872825945,0.0195832634607623,0.8879542650742295,11.76379929641998,45.88239650544579,5.563758408343318
10.24,31.22109107655305,131.013569111024,115.94096463133044,-0.617201693907454,0.6067174529059612,-5.537838747946922,-1.914230463870596,1.1563286252052196,0.0,45.72781696082661,33.13709648157336,-42.950872857962025,-12.491110683718468,105.4008838839642,1266.5730773581274,1.274,1.0150000015428002,0.2699999972999303,3.9362500704505377,210.00008998959544,0.134553652938944,1.279544126882609e-05,-0.1367202598745468,0.0012795501698229,0.0192081090304167,0.8654650541890939,11.756580028600537,45.82311813440176,5.9723556622610445
10.25,31.22108992267224,131.01357232180555,115.6336329958442,-0.6039444236314115,0.585494299851652,-5.9177983733445885,-2.009166796278276,1.262156867801116,0.0,45.66779539012483,33.04323664737483,-43.02718951568292,-12.507574746116765,105.42504178223685,1263.2876629958514,1.274,1.0150000015428002,0.2799999971999301,3.93452167865028,210.00008998959544,0.1343765730542523,1.2770114815321296e-05,-0.134269723410853,0.0035514398169133,0.0188396250916964,0.8411538180619391,11.748993682179089,45.75976301905826,6.3757453495073415
10.26,31.221088771271795,131.013575522951,115.32616540695712,-0.5893438108509625,0.5630659559887851,-6.293895198048977,-2.099085907347004,1.3648060891782796,0.0,45.603937155373806,32.94665860139209,-43.10184816689228,-12.525006774942076,105.45058318128532,1259.7944517377798,1.274,1.0150000015428002,0.2899999970999299,3.9327841983905993,210.00008998959544,0.1341882049277785,1.2745470445617184e-05,-0.1318773492634494,0.0057358412923112,0.0184786191874223,0.8150817240035358,11.74110227315553,45.69238192527848,6.773623407859701
10.27,31.221087622415183,131.01357871418347,115.01859040206128,-0.573428032079807,0.5394919509320649,-6.665965962390374,-2.1837964291250644,1.4640194448704833,0.0,45.536285862210256,32.84740789122594,-43.17489131652167,-12.543371854069528,105.4774539867548,1256.0967177280663,1.274,1.0150000015428002,0.2999999969999296,3.931031766272539,210.00008998959544,0.1339886770291912,1.2721482144507047e-05,-0.1295481952043967,0.0078284227407773,0.0181258673106876,0.7873128700350739,11.732968199158876,45.62102780748858,7.165711548099413
10.28,31.221086476164583,131.0135818952307,114.71093632480915,-0.5562376297769916,0.5148109222141262,-7.033852154946497,-2.263115517583182,1.5595593343608665,0.0,45.46489045531884,32.74553107433769,-43.24636484284288,-12.562632889850985,105.50559724916413,1252.1980680486831,1.274,1.0150000015428002,0.3099999968999295,3.929278721936399,210.00008998959544,0.1337781335357786,1.2698122804834314e-05,-0.1272871350794807,0.0098251617992979,0.0177821121722578,0.7579064982295288,11.724633026304431,45.54575567778951,7.551754319425612
10.29,31.2210853325808,131.013585065825,114.40323133008378,-0.5378090777567354,0.4890799372479296,-7.397396789852538,-2.3368859140586733,1.6512011271735405,0.0,45.389798993864446,32.64107563339832,-43.3163178655988,-12.582750762964276,105.5349533837832,1248.1020960322076,1.274,1.0150000015428002,0.3199999967999292,3.9275252269210337,210.00008998959544,0.1335567160167491,1.2675364344395763e-05,-0.125098809681271,0.0117222690792217,0.0174480534854417,0.7269324342813885,11.716157294932453,45.46662255780191,7.931518152549715
10.3,31.221084191723342,131.01358822570367,114.0955033452343,-0.518181409841147,0.4623579400365976,-7.756445817390211,-2.4049705630887126,1.7387361529597862,0.0,45.31106115441468,32.53408993816872,-43.38480259604937,-12.603684437099188,105.56546032565647,1243.8125168999088,1.274,1.0150000015428002,0.329999996699929,3.9257714417039455,210.00008998959544,0.1333245707978465,1.2653177775888036e-05,-0.1229876400673576,0.0135162570732598,0.0171243506195139,0.6944645489176766,11.70760369564738,45.38368738156491,8.304790095905057
10.31,31.22108305365036,131.01359137460864,113.78778007405056,-0.4973960616955733,0.4347056253004111,-8.110848295906916,-2.4672528227029824,1.8219722296027383,0.0,45.228728159859486,32.42462317851488,-43.45187418566703,-12.625391107745708,105.59705374162483,1239.3331609430672,1.274,1.0150000015428002,0.3399999965999288,3.92401752544889,210.00008998959544,0.1330818487521017,1.2631533315582265e-05,-0.1209578163570966,0.0152039467706012,0.0168116208246285,0.6605808623569579,11.69903688428681,45.29701090470494,8.671377017279061
10.32,31.221081918418687,131.01359451228683,113.48008896992724,-0.4754900669157067,0.4062013060838998,-8.460454860014993,-2.523645434954718,1.900730387897399,0.0,45.14285025683111,32.31272530297432,-43.51759056739949,-12.647826355347668,105.62966724718532,1234.6678325771647,1.274,1.0150000015428002,0.3499999964999286,3.9222497252587902,210.00008998959544,0.1328286978772197,1.2610400492690328e-05,-0.1190132876721693,0.0167824731845707,0.0165104367948548,0.6253691045019224,11.690539582842238,45.20665567428654,9.031105066778688
10.33,31.221080786083807,131.01359763849038,113.17245723387414,-0.4525117334240578,0.3769025778366711,-8.80512169773454,-2.574072236368832,1.9748529011913711,0.0,45.053482513983326,32.1984469758119,-43.58201229018452,-12.670944302033668,105.663232627213,1229.8206252060556,1.274,1.0150000015428002,0.3599999963999284,3.920473365277229,210.00008998959544,0.1325652803564393,1.2589748262493342e-05,-0.117157777697082,0.0182493480552691,0.0162213309338292,0.588913803920423,11.6821735188622,45.112685805483686,9.38381905043487
10.34,31.22107965669989,131.0136007529763,112.86491178668578,-0.4285130476759254,0.3468641295308294,-9.144709323769582,-2.618474003310591,2.044201076585189,0.0,44.96068195640168,32.081839486204835,-43.64520235375248,-12.694697805117098,105.69768010883271,1224.7957602912068,1.274,1.0150000015428002,0.3699999962999282,3.9186973480368623,210.00008998959544,0.1322917641265454,1.256954515002908e-05,-0.1153947427727743,0.0196023816809859,0.0159447884402188,0.5513038301208766,11.673997434552668,45.01516691364473,9.729381931230975
10.35,31.221078530319765,131.01360385550697,112.55747926893974,-0.4035436006119912,0.3161517990779785,-9.479081289749075,-2.656815630877344,2.108652352465047,0.0,44.86450532937029,31.96295469095607,-43.707226029184525,-12.719038605379964,105.7329385675512,1219.597462343928,1.274,1.0150000015428002,0.379999996199928,3.9169218289560894,210.00008998959544,0.1320083162979031,1.2549759342414644e-05,-0.1137273590351139,0.0208396700903987,0.0156812448479004,0.5126380252202171,11.666081357212216,44.91416608583512,10.067674316231209
10.36,31.221077406994937,131.01360694584983,112.25018601912988,-0.3776546498675183,0.2848322141432673,-9.808105335576938,-2.689081934578319,2.1681020462284843,0.0,44.76501059591847,31.841844968281503,-43.76815067327445,-12.74391746757142,105.76893572143612,1214.2300379888254,1.274,1.0150000015428002,0.3899999960999278,3.915146961847273,210.00008998959544,0.1317151075607407,1.2530358773361076e-05,-0.1121585323500781,0.0219596325916229,0.0154310881400087,0.4730235193655076,11.658495995986591,44.80975175120631,10.398594059174943
10.37,31.22107628677557,131.0136100237778,111.94305807167773,-0.3508989453856441,0.2529726418419532,-10.1316536216888,-2.715277305245407,2.222463369336801,0.0,44.662256862690775,31.718563155555348,-43.82804554302181,-12.769284342460656,105.80559835597,1208.697868906679,1.274,1.0150000015428002,0.3999999959999275,3.9133728987659686,210.00008998959544,0.1314123119669429,1.2511311228718926e-05,-0.1106908937545767,0.0229610108830979,0.0151946583325482,0.4325788104945142,11.651312527367772,44.7019935832441,10.722055744226683
10.38,31.22107516971056,131.013613089069,111.63612113208085,-0.3233199711661656,0.220666205728298,-10.449599957426187,-2.7354400630012434,2.2716611529725066,0.0,44.55630050824386,31.593162491792288,-43.886981606916926,-12.79508852803684,105.84285254717815,1203.0051997352236,1.274,1.0150000015428002,0.4099999958999273,3.911578050916885,210.00008998959544,0.131100095538062,1.2492584449760235e-05,-0.1093267960694393,0.0238428671082082,0.0149722460099783,0.3914445826001208,11.644628378257211,44.59096258909436,11.037989672147642
10.39,31.22107405584743,131.01361614150704,111.32940056995643,-0.2949830637475694,0.1879566809409051,-10.761828482666608,-2.7496024317328285,2.315648296021407,0.0,44.44720637803791,31.465696592742983,-43.94503135376553,-12.821278829138723,105.8806238821445,1197.1567406034503,1.274,1.0150000015428002,0.4199999957999271,3.9097831545392014,210.00008998959544,0.1307786492048442,1.2474146239190357e-05,-0.1080683495415102,0.0246046710349914,0.0147641013498067,0.3497747985090742,11.638490160822618,44.47673049148605,11.346342708282357
10.4,31.22107294523249,131.01361918088097,111.0229214190392,-0.2659450347916308,0.1549108223487055,-11.068226195128132,-2.757823931255487,2.354391290676183,0.0,44.33503678696497,31.3362193239618,-44.00226860946682,-12.847803768105244,105.91883775279068,1191.1570683357324,1.274,1.0150000015428002,0.4299999956999269,3.9079895234994098,210.00008998959544,0.1304481564486236,1.2455964608624874e-05,-0.106917346179458,0.0252461185667671,0.014570420411013,0.3077725654975982,11.632967621337984,44.35937009239142,11.647076126304743
10.41,31.22107183791069,131.01362220698525,110.71670835133727,-0.2362630057662934,0.121596582093034,-11.36868533285317,-2.760181994320249,2.3878735924062715,0.0,44.219854723237134,31.20478479462641,-44.0587683336722,-12.874611688031308,105.9574194946516,1185.0107974772973,1.274,1.0150000015428002,0.4399999955999267,3.9061973041614446,210.00008998959544,0.1301088027282751,1.2438007819224645e-05,-0.1058752941638313,0.025767208713164,0.0143913514607555,0.2657176186592374,11.62813131983753,44.23895505534943,11.94016545666398
10.42,31.221070733925743,131.01362521961988,110.4107856721617,-0.2059947824188543,0.0880816503281049,-11.663103724235272,-2.75677071266934,2.4160954900000857,0.0,44.10172397254332,31.07144729692613,-44.11460642507576,-12.901650900527589,105.99629459001888,1178.7225841589045,1.274,1.0150000015428002,0.4499999954999265,3.9044066408308624,210.00008998959544,0.1297607758454417,1.242024446934374e-05,-0.1049434206846543,0.0261682419089157,0.0142269959372119,0.2240361445844844,11.624051087457907,44.11555980037287,12.225599807833596
10.43,31.22106963332008,131.01362821859036,110.10517731913151,-0.1751946397405956,0.0544429672172935,-11.95138377801008,-2.7477059067208724,2.4390712294213244,0.0,43.9807076305427,30.936261253884503,-44.16985952762444,-12.928869831878568,106.0353888689148,1172.2970439443204,1.274,1.0150000015428002,0.4599999953999263,3.9026094994043694,210.00008998959544,0.1294042615678046,1.240264358098584e-05,-0.1041226738554324,0.0264498127843593,0.0140774088117483,0.1834589579050015,11.62080578920066,43.989259510548266,12.503380759670645
10.44,31.221068536134872,131.01363120370772,109.79990683632836,-0.1439179247255376,0.0207551634995194,-12.233433940178513,-2.733119024959932,2.4568307472108697,0.0,43.8568697302566,30.79928118184968,-44.224604837841085,-12.956217164344508,106.07462870329272,1165.7388366031264,1.274,1.0150000015428002,0.469999995299926,3.900799286629911,210.00008998959544,0.1290394484173395,1.2385174683964607e-05,-0.1034137397033994,0.0266128356069447,0.0139426020357088,0.1454068257127146,11.618471414577312,43.860129943644,12.77352194556185
10.45,31.221067442410067,131.01363417478862,109.49499738026024,-0.1122309928064783,-0.0129336477744219,-12.5091720252463,-2.7131412608792687,2.46942544342482,0.0,43.73027865779196,30.660561635546102,-44.27891991748785,-12.983641992144731,106.11394122253482,1159.0528442810032,1.274,1.0150000015428002,0.4799999951999259,3.898991075175212,210.00008998959544,0.1286665377202518,1.236780791556339e-05,-0.1028170431842451,0.0266585286587462,0.0138225463845198,0.1129737791597183,11.617096013417347,43.728247045167606,13.03604933556651
10.46,31.2210663521844,131.01363713165517,109.19047171091452,-0.0801927915739064,-0.0465584234459933,-12.778520219529522,-2.6879251192884603,2.476918154620082,0.0,43.60100069014384,30.520157127008023,-44.33288250790362,-13.011093967879084,106.153254515433,1152.2438244043608,1.274,1.0150000015428002,0.4899999950999257,3.8971850022109455,210.00008998959544,0.1282857245932292,1.235051410604446e-05,-0.1023327154694484,0.0265883154961189,0.0137171656817022,0.0927284702715944,11.616744462730184,43.59368731089567,13.290998607798937
10.47,31.221065265495344,131.0136400741351,108.88635217287006,-0.0478622030771607,-0.0800552364152736,-13.041407232523568,-2.657635462672172,2.4793858812794447,0.0,43.46910257239666,30.378122114549875,-44.38657033797779,-13.038523389600408,106.19249774753048,1145.3165449012365,1.274,1.0150000015428002,0.4999999949999254,3.895381202513436,210.00008998959544,0.1278972055263289,1.2333264808780817e-05,-0.1019606256347264,0.0264038767462646,0.0136263426430993,0.0932718064047676,11.61747985749925,43.45652752935807,13.538415092072581
10.48,31.2210641823792,131.01364300206177,108.58266070026627,-0.015297868621182,-0.1133613451112368,-13.297768416468765,-2.6224485911133346,2.4769190927357383,0.0,43.33465144058096,30.234510950549435,-44.44006094242807,-13.065881318342072,106.23160132262043,1138.2757776368578,1.274,1.0150000015428002,0.5099999948999253,3.893579808457925,210.00008998959544,0.1275011781559637,1.2316032363465368e-05,-0.1017003868960114,0.026107138825755,0.0135499204355558,0.1143888938869379,11.619363420649684,43.316844693748486,13.778352937235471
10.49,31.22106310287109,131.0136459152739,108.27941880288732,0.0174515332537073,-0.1463925596873053,-13.54754282854862,-2.5825654511650806,2.4696150474698126,0.0,43.19771151482032,30.089377838712284,-44.49343148428248,-13.093119688746436,106.2704970347917,1131.126122817386,1.274,1.0150000015428002,0.519999994799925,3.891762046963572,210.00008998959544,0.1270978315353324,1.2298789954117976e-05,-0.1015513636849196,0.0257002623347246,0.0134877033564542,0.147429091029798,11.62247800422403,43.17471625033722,14.010872902271291
10.5,31.221062027004944,131.0136488136159,107.9766475661586,0.0503208257673511,-0.1791066116933127,-13.790681446682113,-2.538174637257512,2.457592172640847,0.0,43.05835308370172,29.942776824380136,-44.546758582126415,-13.120191412728513,106.30911821094098,1123.87247838206,1.274,1.0150000015428002,0.5299999946999248,3.889942648657689,210.00008998959544,0.1266873725685964,1.2281511666477232e-05,-0.1015127114680275,0.0251857062177941,0.0134394656989707,0.1860412739414479,11.626862317459407,43.03021912874677,14.236045256324003
10.51,31.22106095481356,131.0136516969377,107.67436764120704,0.0832507250056142,-0.2114503032044072,-14.027140760992516,-2.489478278955941,2.440977997376258,0.0,42.91664481178224,29.79476168868812,-44.600118150566495,-13.147050522078256,106.3473999091582,1116.5196326631933,1.274,1.0150000015428002,0.5399999945999246,3.888126074228312,210.00008998959544,0.1262700033776059,1.226417257845046e-05,-0.1015833276606064,0.0245660785073162,0.0134049435962295,0.2272485037890168,11.632565707348077,42.88343035122087,14.453945953052617
10.52,31.221059886328582,131.01365456509467,107.37259924386488,0.1161849053184547,-0.2433669228323203,-14.256883596564109,-2.4366884620336746,2.4199094328639004,0.0,42.772654757943535,29.64538594615184,-44.65358523208548,-13.17365222159842,106.38527898982292,1109.0723165664235,1.274,1.0150000015428002,0.5499999944999244,3.88631244758268,210.00008998959544,0.1258459242981854,1.2246748764745994e-05,-0.1017618785853705,0.0238441662560537,0.0133838397461977,0.2696781603518308,11.63964051109212,42.73442688604834,14.664656225437078
10.53,31.22105882158052,131.01365741794768,107.07136214174656,0.1490679305109758,-0.2748015561319773,-14.479879755406223,-2.380023752564939,2.394532997878055,0.0,42.62645106209361,29.49470280977838,-44.707233839602495,-13.19995296053594,106.42269421331407,1101.5352376611972,1.274,1.0150000015428002,0.5599999943999242,3.88450189000519,210.00008998959544,0.1254153359005687,1.2229217323672044e-05,-0.1020468162970787,0.0230229398425317,0.0133758266523398,0.3126291297531799,11.64813655717484,42.58328550008995,14.868262140267877
10.54,31.2210577605988,131.01366025536305,106.77067566418776,0.1818491802120408,-0.305692157581884,-14.6961047569614,-2.319713942136328,2.3650015800544626,0.0,42.47810063389344,29.34276515385272,-44.76113680742068,-13.225910507239426,106.45958634269212,1093.9130107100011,1.274,1.0150000015428002,0.5699999942999239,3.882687168843233,210.00008998959544,0.1249784351314011,1.2211556409590228e-05,-0.1024363884775115,0.0221055394807322,0.0133805483044946,0.3556915879943437,11.658110516327987,42.43008284987897,15.064853144806465
10.55,31.22105670341168,131.01366307721256,106.4705586873324,0.2144798218166917,-0.3359770923950227,-14.905540706045338,-2.2559956334346127,2.331475042636064,0.0,42.32767016084559,29.18962549351013,-44.8153656490678,-13.251484016520648,106.49589823630232,1086.210208713857,1.274,1.0150000015428002,0.5799999941999237,3.8808597981278976,210.00008998959544,0.1245354182797663,1.2193745262104687e-05,-0.1029286610321687,0.0210952908289071,0.0133976242235086,0.3985996403891815,11.669618087444007,42.27489530503209,15.254521818532544
10.56,31.22105565004642,131.01366588337328,106.1710296361204,0.2468994449242518,-0.3656270595617912,-15.108180701567024,-2.1890910726227566,2.294127881529858,0.0,42.17523042595809,29.035335951156608,-44.86999042535003,-13.276634107643908,106.53157495568075,1078.4315822021547,1.274,1.0150000015428002,0.5899999940999235,3.879035888463125,210.00008998959544,0.1240864936804854,1.217576424833882e-05,-0.1035215305012034,0.0199956954579435,0.0134266531933495,0.4411821110587781,11.682680581627356,42.11779825154052,15.437365920786213
10.57,31.2210546005292,131.0136686737277,105.87210648031012,0.2790573106255669,-0.3945950833528389,-15.304022156543548,-2.119234966707449,2.253136726298743,0.0,42.02084929074636,28.87994818246204,-44.92507962026622,-13.301322937988315,106.56656386739176,1070.5816962169083,1.274,1.0150000015428002,0.5999999939999233,3.8772155518109095,210.00008998959544,0.1236318610688292,1.2157594897147198e-05,-0.1042126938371864,0.0188103192310889,0.0134672078796776,0.4832980769964069,11.697337236205144,41.958866929975024,15.613483791886024
10.58,31.221053554885103,131.01367144816356,105.57380673546932,0.3109040563019465,-0.4228364422999544,-15.493069219740695,-2.046663701900519,2.208683650419804,0.0,41.86459442822961,28.723513390404985,-44.98070001455593,-13.325514210078374,106.60081465054752,1062.665070101828,1.274,1.0150000015428002,0.609999993899923,3.875398897379912,210.00008998959544,0.1231717196215494,1.2139219873249844e-05,-0.1049996867539095,0.0175428432428359,0.0135188414346908,0.524833530119634,11.71362443905293,41.79817603808147,15.782975309617179
10.59,31.22105251313822,131.01367420657388,105.27614745601724,0.3423918149608737,-0.4503086386313105,-15.67533264085473,-1.9716145037078776,2.1609553312043626,0.0,41.70653325744567,28.566082288791684,-45.03691657384737,-13.349173211110974,106.63427935062504,1054.6861727925068,1.274,1.0150000015428002,0.6199999937999229,3.873586031625455,210.00008998959544,0.1227062677642204,1.21206229863459e-05,-0.1058798949526456,0.0161970499159924,0.0135810896402798,0.5656921522926905,11.731575802064372,41.63579967010072,15.945941336156281
10.6,31.2210514753116,131.01367694885687,104.97914524217973,0.3734847957338309,-0.4769466865628987,-15.85082607645433,-1.8943405813682828,2.1101355116888256,0.0,41.54672957317476,28.40770507683601,-45.09379234482058,-13.372266845786845,106.66691242384904,1046.6492517315708,1.274,1.0150000015428002,0.6299999936999227,3.8717572753201512,210.00008998959544,0.1222356932555143,1.2101789195882256e-05,-0.1068505655821294,0.0147768095024136,0.0136534719636184,0.6057770319942044,11.751248221055636,41.47181182807135,16.10248072260649
10.61,31.22105044142725,131.0136796749159,104.68281623004764,0.4041296822650162,-0.5027331300451854,-16.019575676210753,-1.8150683049934992,2.056421867004964,0.0,41.385252936203045,28.2484314507662,-45.15138835952463,-13.394763662843076,106.69867077265673,1038.5588062303505,1.274,1.0150000015428002,0.6399999935999225,3.8699289788129456,210.00008998959544,0.1217602008146094,1.2082704616360824e-05,-0.1079088511207552,0.013286143664473,0.0137355008754304,0.6450249675667394,11.772648270436008,41.3062848140908,16.25269665910034
10.62,31.221049411506275,131.0136823846594,104.38717610449824,0.4342816353173407,-0.5276368563408868,-16.181611679075587,-1.7340300171096528,2.0000111174001693,0.0,41.22217030746646,28.08831050420593,-45.2097635557277,-13.4166339230207,106.72951383949292,1030.4191622357002,1.274,1.0150000015428002,0.6499999934999223,3.868104826429888,210.00008998959544,0.1212799875077116,1.2063356556951752e-05,-0.1090517612710423,0.0117290705776144,0.0138266736022368,0.6833709530163188,11.795796553965356,41.13929047534273,16.396690553351217
10.63,31.22104838556873,131.0136850780009,104.09224008229374,0.4638994565122656,-0.5516246866123591,-16.336969687618442,-1.6514579938712206,1.9411004976279127,0.0,41.05754760766451,27.92739075194914,-45.26897469106058,-13.437849574065432,106.75940356920265,1022.234551176744,1.274,1.0150000015428002,0.6599999933999221,3.8662849147060654,210.00008998959544,0.1207952473367246,1.2043733474638932e-05,-0.1102761958815017,0.0101096430113614,0.0139264774514235,0.720753668998295,11.820715603072689,40.97089994311946,16.534562686130418
10.64,31.221047363633744,131.01368775485886,103.7980229289789,0.4929437514912162,-0.5746658431439648,-16.485691044650743,-1.5675814446887872,1.8798879988434989,0.0,40.89145027556084,27.76572010892521,-45.32907627065055,-13.458384251330392,106.78830440754535,1014.00913740702,1.274,1.0150000015428002,0.6699999932999218,3.8644693373387526,210.00008998959544,0.1203061728818906,1.202382495582884e-05,-0.1115789622231591,0.00843194969122,0.0140343927503598,0.7571170485249302,11.847425231396636,40.80118348945373,16.666412322200785
10.65,31.22104634571944,131.01369041515667,103.50453895092608,0.5213820418637379,-0.5967200542189509,-16.627820869645134,-1.4826336039668575,1.8165684089789813,0.0,40.72394167702929,27.60334586967124,-45.390120484393854,-13.478213281689,106.81618330419752,1005.7469388918933,1.274,1.0150000015428002,0.6799999931999215,3.8626488747870495,210.00008998959544,0.1198129506211389,1.2003621703275134e-05,-0.1129567862836121,0.006700103067189,0.0141498942418345,0.7924040813045568,11.875955175237037,40.63021080456628,16.792336051339564
10.66,31.22104533184304,131.01369305882255,103.2118020022928,0.5491812616515741,-0.617755297665727,-16.763410283676077,-1.3968410082622147,1.7513368937276623,0.0,40.555085413940255,27.44031470837044,-45.45215715237213,-13.49731368249173,106.84300970853144,997.4519417367997,1.274,1.0150000015428002,0.6899999930999214,3.860818898252641,210.00008998959544,0.1193157677230954,1.1983115522171683e-05,-0.1144063388761511,0.0049182630213072,0.014272455614258,0.826565169191283,11.906326410483588,40.458050518750895,16.91242945459201
10.67,31.22104432202085,131.01369568578963,102.91982548104276,0.576299979636298,-0.6377660901269945,-16.892518940906022,-1.310410197078252,1.68439372305286,0.0,40.38494760745355,27.276672648760886,-45.515233681891424,-13.515664178067183,106.86875558969616,989.1282107209568,1.274,1.0150000015428002,0.6999999929999212,3.858993579703648,210.00008998959544,0.1188148187646817,1.1962299323885676e-05,-0.1159242388126058,0.0030906069507468,0.0144015511421789,0.8595658992864535,11.938531786180018,40.28476961301635,17.026789282414207
10.68,31.221043316268275,131.0136982959955,102.6286223359031,0.6027064358827618,-0.6567311744976095,-17.015208829154396,-1.2235518981688656,1.6159332729699316,0.0,40.21359134987453,27.112465017754687,-45.579395030545406,-13.533245200593976,106.8933954343002,980.7796150407607,1.274,1.0150000015428002,0.7099999928999209,3.857173002698429,210.00008998959544,0.1183102894081098,1.1941167111735633e-05,-0.1175070334979551,0.0012212472573559,0.0145366517507526,0.891366913777792,11.972580862011828,40.11043451704454,17.135508486471526
10.69,31.2210423145998,131.01370088938276,102.33820506636144,0.6283708018650987,-0.6746317396574935,-17.131546497736554,-1.136470884511107,1.546147515771778,0.0,40.041079075041615,26.94773647006896,-45.64468366984501,-13.550038842226458,106.91690617543496,972.409945575925,1.274,1.0150000015428002,0.7199999927999207,3.8553572479633327,210.00008998959544,0.1178023633748337,1.1919713924620072e-05,-0.1191512324326411,-0.0006857244292875,0.0146772303896708,0.9219325361208032,12.008480691919097,39.935110617798166,17.238678128440657
10.7,31.221041317029023,131.01370346589823,102.04858573459316,0.6532652286186447,-0.6914513145586249,-17.241602779105765,-1.0493655838293143,1.47522546883813,0.0,39.86747251236628,26.782530967190898,-45.71113956196548,-13.566028837473707,106.9392671638648,964.0229124363536,1.274,1.0150000015428002,0.7299999926999206,3.853546393449345,210.00008998959544,0.1172912223103903,1.1897935811803931e-05,-0.1208533172926692,-0.0026262474986899,0.0148227635857133,0.9512306037555596,12.046235985112505,39.75886223022151,17.33638730257552
10.71,31.22104032356868,131.0137060254935,101.75977594955503,0.6773763944949446,-0.7071464084961328,-17.345448161098286,-0.9624468513732358,1.4033446184478304,0.0,39.69282898271413,26.616891766441345,-45.778800143843,-13.58120054201618,106.96046013384746,955.621966483536,1.274,1.0150000015428002,0.7399999925999204,3.851718111134856,210.00008998959544,0.1167770348868806,1.1875829805792744e-05,-0.1226097517971451,-0.0045963018585188,0.014972731542454,0.979219855168006,12.085880378736965,39.58175350461023,17.428719171792075
10.72,31.22103933423063,131.01370856812443,101.47178689282772,0.7006683178065706,-0.7217335037484172,-17.443165165406622,-0.8758840063950005,1.3306930453976915,0.0,39.517212334652136,26.45086145264894,-45.8477003184198,-13.595540908408248,106.98046916420596,947.2108274647516,1.274,1.0150000015428002,0.7499999924999202,3.84989401717307,210.00008998959544,0.1162599889777345,1.1853393898567822e-05,-0.1244170263643583,-0.0065918336277619,0.0151266279043485,1.00588735703956,12.12738399612524,39.403845699121234,17.515762266067195
10.73,31.22103834902592,131.0137110937513,101.18462930767944,0.7231186244953581,-0.7352040954889169,-17.53483603383414,-0.7898535359122357,1.257448372324821,0.0,39.34068214178229,26.284481833023385,-45.91787246112464,-13.60903851170564,106.99928070853,938.7929607817468,1.274,1.0150000015428002,0.7599999923999199,3.8480751068319328,210.00008998959544,0.1157402598760084,1.1830627056815926e-05,-0.1262715975547435,-0.0086089289885669,0.0152839485484304,1.0312113786159638,12.170743767752226,39.22519972167386,17.597599829258066
10.74,31.221037367964747,131.01371360233873,100.89831350602331,0.7447073802333452,-0.7475507923931749,-17.620546089073894,-0.7045248681245269,1.1837832454491588,0.0,39.16329703008263,26.117793996110567,-45.98934641641733,-13.621683468270335,107.016883475912,930.3717394120084,1.274,1.0150000015428002,0.7699999922999197,3.84626144798228,210.00008998959544,0.1152180200836155,1.1807529140891884e-05,-0.128169930087478,-0.010643743267275,0.0154441981256867,1.055172876562943,12.215955745396204,39.04587535771933,17.674313071211262
10.75,31.221036391056465,131.01371609385546,100.6128493853128,0.7654166101430002,-0.7587683618581395,-17.70038361217274,-0.6200595641595343,1.1098652342580977,0.0,38.9851147880368,25.95083829342907,-46.0621495086227,-13.63346740177542,107.03326837728964,921.9504494854026,1.274,1.0150000015428002,0.7799999921999194,3.844453105776956,210.00008998959544,0.1146934396354033,1.178410087071048e-05,-0.1301085065494251,-0.0126925052173262,0.0156068914005455,1.0777558926996773,12.263014025053495,38.86593121621903,17.74598136816879
10.76,31.221035418309647,131.01371856827444,100.32824641064803,0.7852373017997168,-0.76883731402051,-17.774437128655066,-0.5366218105855364,1.0358520105541411,0.0,38.8061903624816,25.78365433310236,-46.13630655915109,-13.644383409144009,107.04842847132048,913.5321962303952,1.274,1.0150000015428002,0.7899999920999193,3.8426379233067065,210.00008998959544,0.1141666802030631,1.17603437927432e-05,-0.1320838353770097,-0.0147515238941282,0.0157715534821578,1.0989410475210253,12.3119282932511,38.68542530389389,17.812679966694425
10.77,31.221034449732024,131.01372102557255,100.04451363962434,0.8041546509988479,-0.777758219524958,-17.842800146166304,-0.4543575332957681,0.9618998186419104,0.0,38.62658005055724,25.616280997597336,-46.21183990948916,-13.654426024697916,107.06235890739654,905.1201029575054,1.274,1.0150000015428002,0.7999999919999191,3.840817179163515,210.00008998959544,0.1136379074278658,1.173626024901424e-05,-0.1340924771984978,-0.0168171505516376,0.0159377246791272,1.118719281333671,12.36268725538174,38.50441382703752,17.87448486209318
10.78,31.2210334853306,131.01372346573075,99.7616597173608,0.8221500467057306,-0.7855469069695038,-17.905570366633672,-0.3733954973066141,0.8881627396441315,0.0,38.446340823368125,25.448756406532016,-46.288769454091614,-13.66359121127226,107.07505690562964,896.7172775550719,1.274,1.0150000015428002,0.8099999918999188,3.8390020021426974,210.00008998959544,0.1131072889308623,1.1711853369362888e-05,-0.1361310308262573,-0.0188858345612719,0.0161049585950954,1.1370893934308357,12.415263735947953,38.32295126953562,17.931472538639177
10.79,31.22103252511156,131.0137258887339,99.47969288842587,0.8392131463476407,-0.7922061977674091,-17.96284533619319,-0.2938643067930811,0.8147852769588816,0.0,38.265526903993646,25.28111790384729,-46.367112673407256,-13.671876318183516,107.0865216904183,888.326652412071,1.274,1.0150000015428002,0.8199999917999186,3.837192447560484,210.00008998959544,0.11257498424559,1.1687127031057016e-05,-0.1381961250885437,-0.0209541638644999,0.0162728197534226,1.1540470022484062,12.469644871854658,38.141091410357255,17.983716074559045
10.8,31.221031569080328,131.01372829457057,99.19862099584256,0.8553354062246785,-0.7977408551480916,-18.01472432424668,-0.2158841494524849,0.741905643966083,0.0,38.0841915968056,25.113402082485106,-46.44688466822174,-13.679280015333212,107.09675439077924,879.9510715314121,1.274,1.0150000015428002,0.8299999916999184,3.8353885681325446,210.00008998959544,0.1120411501999729,1.1662085799545816e-05,-0.1402844424162607,-0.0230188287365713,0.0164408870933231,1.169590463779028,12.52581617712848,37.95888680490352,18.031287320353435
10.81,31.22103061724158,131.01373068323312,98.9184514900322,0.8705112355605142,-0.802154751007188,-18.061307672253225,-0.1395685862499285,0.6696548639262379,0.0,37.90238694657421,24.94564477562777,-46.52809820260228,-13.685802252513392,107.10575797538358,871.5932754885229,1.274,1.0150000015428002,0.8399999915999183,3.8335884471803694,210.00008998959544,0.1115059399135081,1.1636734893902512e-05,-0.1423927246126787,-0.0250766262029613,0.0166087544143499,1.1837197910609218,12.583764582595208,37.77638888910658,18.074256605980814
10.82,31.221029669599247,131.0137330547176,98.63919143577117,0.884747038927463,-0.805429724326819,-18.102693379307663,-0.0650384664299693,0.5981507739939343,0.0,37.72016129118728,24.777881059473284,-46.61076375099944,-13.691444217857732,107.11353718616942,863.255790469159,1.274,1.0150000015428002,0.8499999914999181,3.831772912577213,210.00008998959544,0.1109694955976713,1.1611080152647507e-05,-0.1445177812304373,-0.0271244567707669,0.0167760301410015,1.1964291874345805,12.64350106858825,37.59364885273489,18.112689527946273
10.83,31.221028726156515,131.0137354090236,98.36084751914773,0.8980268695089987,-0.8076051698285684,-18.13898866156449,0.0076273656061302,0.5275188240237441,0.0,37.53756854943734,24.61014528342621,-46.69488954989872,-13.69620830028438,107.120098477232,854.9413551335425,1.274,1.0150000015428002,0.8599999913999178,3.829963271346005,210.00008998959544,0.1104319758799055,1.158512800755262e-05,-0.1466565203001603,-0.0291592669218729,0.0169423448284256,1.207735467152853,12.704975507085246,37.410714426658885,18.14665930552427
10.84,31.221027786915894,131.01373774615422,98.08342604656532,0.9103491414568192,-0.8086925622396192,-18.17029738083486,0.0783419728965643,0.4578708841771069,0.0,37.35465815747156,24.44247098453778,-46.78048165908511,-13.700098091284968,107.1254500075253,846.6524580269651,1.274,1.0150000015428002,0.8699999912999176,3.8281595667809225,210.00008998959544,0.1098935261974923,1.1558885485585369e-05,-0.1488058916034789,-0.0311781965870661,0.0171073400042845,1.217646987341412,12.76816809832396,37.22763324448312,18.17623421171912
10.85,31.221026851879152,131.01374006611593,97.80693296362853,0.9217138213290836,-0.8087050489453598,-18.196724077405328,0.1470265783209857,0.3893121196385842,0.0,37.171478590082906,24.2748909542958,-46.86754401162749,-13.703118292412096,107.1296015036844,838.3915011461008,1.274,1.0150000015428002,0.8799999911999175,3.8263618397995263,210.00008998959544,0.1093542891570158,1.1532360128759598e-05,-0.1509629235187697,-0.0331785041522149,0.0172706738079723,1.226174460024302,12.833057710524123,37.04445171588267,18.201482024561987
10.86,31.22102592104733,131.01374236891854,97.53137385017034,0.9321224405605412,-0.8076572313084324,-18.218373753463005,0.213610346330308,0.3219409557962817,0.0,36.98807733044458,24.107437226664185,-46.95607847448839,-13.705274672606194,107.13256419147297,830.1607994579147,1.274,1.0150000015428002,0.8899999910999172,3.824570128891248,210.00008998959544,0.1088144044454147,1.1505559961034e-05,-0.1531247265930407,-0.0351575686714835,0.0174320211730688,1.233330814202022,12.89962210658345,36.86121503068041,18.22247012838677
10.87,31.221024994420848,131.01374465457516,97.25675393019162,0.9415869469963922,-0.8055444948562027,-18.235348606525942,0.2780170308537819,0.2558434945673065,0.0,36.80449855738763,23.940141080524903,-47.04608491167436,-13.70657402529472,107.13435072686056,821.962478543446,1.274,1.0150000015428002,0.899999990999917,3.822769872397248,210.00008998959544,0.1082740020263341,1.147849345552432e-05,-0.155288496868349,-0.0371128912708777,0.0175910728677868,1.2391244868500466,12.967860080918149,36.67796809260413,18.23926227029714
10.88,31.22102407199936,131.013746923102,96.9830780857756,0.9501080538441624,-0.802392935842056,-18.247755209197983,0.3401950979166207,0.1911064056453506,0.0,36.620788799286224,23.77303306897397,-47.13756124966062,-13.707024125625924,107.13497512726757,813.7987294233361,1.274,1.0150000015428002,0.9099999908999168,3.820967311770668,210.00008998959544,0.1077332187732428,1.1451169505298264e-05,-0.1574515402024276,-0.0390420458089101,0.0177475406495506,1.24357578048243,13.037737949756098,36.49475333149994,18.25192659797144
10.89,31.221023153781942,131.01374917451847,96.71035085311,0.9576864863112096,-0.798233075683681,-18.25570064433109,0.4001032642494516,0.1278109614467322,0.0,36.43699389000773,23.6061429753241,-47.23050354986468,-13.706633721341504,107.13445274869188,805.6716712422085,1.274,1.0150000015428002,0.9199999907999163,3.8191709478944897,210.00008998959544,0.1071921895142199,1.1423597420673367e-05,-0.1596112437557338,-0.0409427526566139,0.0179011523563201,1.2467077076787243,13.10921768898671,36.31161178778346,18.260531872849693
10.9,31.22102223976698,131.01375140884687,96.43857643242576,0.96432950501355,-0.793084587405212,-18.25929011701975,0.4577008126968417,0.0660290899668155,0.0,36.25315729460915,23.4394998264886,-47.324906075456006,-13.705412475872464,107.13280019752249,797.5832782983907,1.274,1.0150000015428002,0.9299999906999163,3.817380810543439,210.00008998959544,0.106651042106487,1.1395786882788571e-05,-0.1617650752652865,-0.0428128856780962,0.0180516507471662,1.2485412142816088,13.182273287726987,36.12858383705442,18.26514509803194
10.91,31.221021329952208,131.01375362611253,96.16775870191232,0.9700456351851228,-0.7869682920167532,-18.25862853809772,0.5129540420171941,0.0058263019823884,0.0,36.06932148081607,23.273131914278288,-47.42076135888018,-13.703370907078051,107.1300352366797,789.5354426711309,1.274,1.0150000015428002,0.939999990599916,3.8155969273085137,210.00008998959544,0.1061099014712045,1.1367747895697604e-05,-0.1639105974565692,-0.044650442435801,0.0181987954888662,1.2490990556885893,13.256877870837936,35.945708677364706,18.265833457229732
10.92,31.22102042433472,131.01375582634356,95.89790121374,0.974847004194924,-0.7799005628918977,-18.25381957008573,0.5658325443791185,-0.0527396759079554,0.0,35.885527320245025,23.107066794962105,-47.51806027350377,-13.700520346003008,107.12617671926324,781.5299492269335,1.274,1.0150000015428002,0.949999990499916,3.813815548326279,210.00008998959544,0.105568887832055,1.133949075710056e-05,-0.1660454694524827,-0.0464535438666673,0.0183423626984709,1.248404131250554,13.33300967663337,35.763024609305525,18.262663465084668
10.93,31.22101952291097,131.0137580095709,95.6290072099626,0.9787542268038628,-0.7718818840265199,-18.244963778497905,0.6163013986953633,-0.1096220014558348,0.0,35.70181289769582,22.94133130127668,-47.61679210612372,-13.696872896099508,107.1212445230073,773.5684257936857,1.274,1.0150000015428002,0.9599999903999156,3.812021366301379,210.00008998959544,0.1050281132125039,1.1311026030566395e-05,-0.1681674533227741,-0.0482204208049959,0.018482144710265,1.2464764432878022,13.410664300761692,35.58056964239654,18.255699046487855
10.94,31.22101862567687,131.0137601758281,95.36107962351046,0.9817672051508378,-0.7629639247768631,-18.23216841883436,0.6643619612493536,-0.1647670798368672,0.0,35.51822072912776,22.77595156583199,-47.71694463139709,-13.692441401638527,107.11525949738105,765.6526574638821,1.274,1.0150000015428002,0.9699999902999156,3.810233590137325,210.00008998959544,0.1044877026698278,1.1282364528457456e-05,-0.1702744312101658,-0.049949374727417,0.0186179553335737,1.2433518497259244,13.48978274413968,35.39837817793718,18.245012750307797
10.95,31.221017732627686,131.01376232515156,95.09412109111136,0.9838990861019627,-0.7531710355247523,-18.215535995732683,0.7100060700009188,-0.2181337781216598,0.0,35.33478924523072,22.610952958986868,-47.81850419056875,-13.687239442832276,107.10824344692082,757.7842164384224,1.274,1.0150000015428002,0.9799999901999152,3.808452239303693,210.00008998959544,0.1039477692413681,1.1253517311610428e-05,-0.1723643561041001,-0.0516388930340833,0.0187496197621419,1.2390594250351064,13.57033557751703,35.21648482284773,18.230673124611414
10.96,31.22101684375808,131.01376445757998,94.82813395229456,0.9851639522853954,-0.7425284402551218,-18.195168208037497,0.7532313640773542,-0.2696866406460318,0.0,35.151555903155874,22.446360151025225,-47.92145575850137,-13.681281253049608,107.10021900941392,749.9645993934802,1.274,1.0150000015428002,0.9899999900999152,3.806677331360092,210.00008998959544,0.1034084230987691,1.1224495623776726e-05,-0.1744352802031555,-0.0532875813901662,0.0188769789557655,1.2336296693756936,13.652292674998314,35.03492307332465,18.21274922933798
10.97,31.221015959062143,131.01376657315464,94.56312026231336,0.985576825406486,-0.7310620241630843,-18.171165836663967,0.7940409324471486,-0.3193957405416075,0.0,34.968557169183406,22.28219710702601,-48.02578301735308,-13.674581680989256,107.09120959539187,742.1952278965274,1.274,1.0150000015428002,0.9999999899999148,3.804908881858029,210.00008998959544,0.1028697714970734,1.1195310866657774e-05,-0.1764853547316805,-0.0548941621983937,0.0189998892703963,1.2270943919329642,13.735623417458337,34.853725330854694,18.19131063186546
10.98,31.2210150785334,131.01376867191922,94.2990818010882,0.9851635722645158,-0.7187753915211119,-17.893950700718566,0.829296058041095,-0.3629491526651936,0.0,34.78582616618736,22.118487094079576,-48.13146842997192,-13.667156153423392,107.08123932872644,734.4773502466323,1.274,1.0150000015428002,1.0,3.803131572934773,210.00008998959544,0.1023319118541854,1.1165974575621158e-05,-0.1785128296395619,-0.0564574725176935,0.0191182207896353,1.219481206133278,13.820321260153277,34.672924153125024,17.916833864247593
10.99,31.22101420216482,131.01377075391974,94.0360200702248,0.983924777624246,-0.7057054358518108,-17.623933034546447,0.8626354304895782,-0.4055176539792472,0.0,34.607144653350254,21.95766271508647,-48.23849331284983,-13.659020638763506,107.0703329886944,726.9696674910118,1.274,1.0150000015428002,1.0,3.8013534024370776,210.00008998959544,0.1018059691808692,1.1136498399284393e-05,-0.1805160744474612,-0.0579764118597127,0.0192339444019959,1.2108175638593686,13.904836332615217,34.496295505496064,17.649691217123383
11.0,31.221013329828647,131.01377281967714,93.77388191464844,0.9818688958747464,-0.6918894491289236,-17.359044526400304,0.8939903006142756,-0.4468190487589907,0.0,34.4311388514837,21.798829013716908,-48.346837913194605,-13.650191645935031,107.0585159999774,719.6121409062825,1.274,1.0150000015428002,1.0,3.7995818097340712,210.00008998959544,0.1012879019736474,1.110688940279168e-05,-0.1824939637006684,-0.0594503362667343,0.0193462836769883,1.2011372427312066,13.989653715346895,34.32245975233627,17.387791486829908
11.01,31.22101246152572,131.0137748692061,93.51267205435656,0.97900684726181,-0.6773530419165072,-17.099168457729014,0.9233903908147276,-0.4868504897486563,0.0,34.257767321430975,21.64195267841896,-48.45648175517151,-13.640686034732049,107.04581416984136,712.4013447953881,1.274,1.0150000015428002,1.0,3.7978164368717056,210.00008998959544,0.1007775882482481,1.1077156479204191e-05,-0.184445273779355,-0.0608785874959651,0.0194551758258759,1.1904691922477095,14.074745296757344,34.1513714327792,17.131002164468146
11.02,31.221011597201105,131.01377690274057,93.25236999119264,0.9753498451475604,-0.6621226790276046,-16.84417785977512,0.9508662640507328,-0.5256087858314717,0.0,34.08698007512523,21.4869951115618,-48.567403585007376,-13.630521026390603,107.03225369572004,705.3335614017074,1.274,1.0150000015428002,1.0,3.796057315622408,210.00008998959544,0.1002748808450102,1.104730865458376e-05,-0.1863688450940158,-0.0622605844785414,0.0195605602541123,1.1788432522940395,14.16008616049288,33.9829764028341,16.87918063827718
11.03,31.221010736810367,131.01377892047347,92.9929598022202,0.9709122153524586,-0.6462193342662724,-16.59392197126021,0.9764460143319366,-0.5630935511685413,0.0,33.91872788404531,21.333918774603937,-48.67958141960779,-13.619714181517091,107.01786112871784,698.4051695376576,1.274,1.0150000015428002,1.0,3.794300733595035,210.00008998959544,0.0997796348464848,1.1017355082130484e-05,-0.1882635788995095,-0.0635958209892758,0.0196623830908485,1.1662889800699163,14.2456573971382,33.81722214047844,16.632160639993373
11.04,31.22100988030984,131.0137809225941,92.73442584476312,0.9657168170240884,-0.6296459924660947,-16.34827384798388,1.000148180698892,-0.5993110402004856,0.0,33.75296136809591,21.18268737340405,-48.79299259276051,-13.608283378477331,107.00266333822772,691.6126052479583,1.274,1.0150000015428002,1.0,3.792531164938712,210.00008998959544,0.0992917048921566,1.0987305024896932e-05,-0.190128435543694,-0.064883847374759,0.0197605963010077,1.1528336839106936,14.331459322031897,33.65405879760072,16.38979950807621
11.05,31.221009027656773,131.01378290928827,92.47675277032202,0.9597638131961848,-0.6124589455354366,-16.10715599749173,1.0220221006627868,-0.6342570716789988,0.0,33.58963753573436,21.033265540066285,-48.90761379786886,-13.596246802609292,106.98668749125672,684.9526272007075,1.274,1.0150000015428002,1.0,3.7907675734944655,210.00008998959544,0.0988109644175967,1.0957167849022093e-05,-0.1919624537875477,-0.0661242344309752,0.0198551633569318,1.138515459531036,14.41743529336645,33.49343454164958,16.152005619574055
11.06,31.221008178809296,131.01378488073829,92.21992552556875,0.9530667849217028,-0.5946850566633001,-15.87045572596225,1.0421022557954365,-0.6679351132650077,0.0,33.42871101675144,20.88561844928985,-49.02342113651892,-13.58362296120673,106.9699610661607,678.4219531621708,1.274,1.0150000015428002,1.0,3.7890098545731337,210.00008998959544,0.0983372798636075,1.0926953033292166e-05,-0.1937647101527881,-0.0673166860342258,0.019946049774281,1.1233672571953497,14.503560542885191,33.33529978368016,15.918651933401717
11.07,31.22100733372636,131.01378683712284,91.9639293434024,0.945639720551184,-0.5763514215215013,-15.638063955532417,1.0604239517583935,-0.7003500518415415,0.0,33.27013774587128,20.73971229319425,-49.14039015950871,-13.5704306199149,106.9525117623319,672.0174098320792,1.274,1.0150000015428002,1.0,3.7872579054761673,210.00008998959544,0.0978705215123105,1.0896670116861608e-05,-0.1955343370828644,-0.0684609698243018,0.0200332270037372,1.1074228097064105,14.589810069524365,33.17960620308832,15.68961546469191
11.08,31.221006492367728,131.0137887786173,91.70874974295064,0.9374970499477232,-0.5574851842369514,-15.409874824708634,1.0770231304495044,-0.731508094545036,0.0,33.11387472942966,20.595514130535584,-49.25849590854356,-13.55668878508259,106.9343674714794,665.7359209355091,1.274,1.0150000015428002,1.0,3.7855116254956247,210.00008998959544,0.0974105628006843,1.0866328685004545e-05,-0.1972705214971668,-0.0695569150571245,0.0201166720203654,1.0907166052103645,14.67615889943279,33.02630654318945,15.46477691494763
11.09,31.22100565469396,131.01379070539377,91.45437251068392,0.9286632748153744,-0.5380915003759673,-15.18578272249136,1.0919241253824243,-0.7614219406542123,0.0,32.95987792386384,20.452991861247067,-49.37771295674624,-13.542416686637743,106.91555624995844,659.5744200815793,1.274,1.0150000015428002,1.0,3.7837569343967528,210.00008998959544,0.0969572740796938,1.0835938355642248e-05,-0.1989725034552262,-0.0706044101829233,0.0201963657701808,1.073281223748743,14.762605636207978,32.87535595111808,15.24401713991489
11.1,31.221004820666348,131.0137926176211,91.20078370538792,0.9191497781739788,-0.5182063003226173,-14.96568896128588,1.1051676519598452,-0.7900985835751043,0.0,32.808107270805166,20.31211422004512,-49.49801544800084,-13.527633761665342,106.89610629238544,653.5300511388185,1.274,1.0150000015428002,1.0,3.7819992827480178,210.00008998959544,0.0965105374258585,1.0805508769131383e-05,-0.2006395934634556,-0.071603357396322,0.0202722978668353,1.055154513641808,14.849116000506845,32.72670872525979,15.027225206160312
11.11,31.221003990247,131.0137945154651,90.94796964424766,0.908966241708052,-0.4978701130781016,-14.749498347065618,1.116797747305471,-0.817544805531528,0.0,32.65852408688573,20.17285071738165,-49.61937713975248,-13.512359669769332,106.87604594737672,647.6000599284819,1.274,1.0150000015428002,1.0,3.780247078836743,210.00008998959544,0.0960702389627529,1.0775049600882544e-05,-0.2022711446408732,-0.0725537316716355,0.0203444620992778,1.0363751649393602,14.93565085588819,32.5803198165708,14.814294387770534
11.12,31.221003163398706,131.01379639908842,90.69591690583134,0.8981285768237328,-0.4771099320602383,-14.537116819063742,1.1268521130457962,-0.8437712564920232,0.0,32.51108934177356,20.035171622271225,-49.74177143813389,-13.49661426528643,106.8554036766854,641.7817239530232,1.274,1.0150000015428002,1.0,3.778500228123104,210.00008998959544,0.0956362637954987,1.0744570537241536e-05,-0.2038665477834884,-0.0734555867375507,0.0204128547905036,1.016980915764249,15.02218557592608,32.43614595501613,14.605119343198256
11.13,31.221002340084947,131.0137982686508,90.44461231021012,0.8866529643042697,-0.4559527113117841,-14.328453042249537,1.1353687243529471,-0.868789505076694,0.0,32.365764933892855,19.89904795251713,-49.865171431017366,-13.48041756377144,106.83420800734348,636.0724018345439,1.274,1.0150000015428002,1.0,3.776758637840397,210.00008998959544,0.0952084997634619,1.0714081248607835e-05,-0.2054252415477691,-0.0743090262456942,0.0204774765269545,0.9970104104805666,15.108695592254412,32.294144805410454,14.39959804745675
11.14,31.221001520269912,131.01380012430903,90.194042927907,0.8745570316030346,-0.4344226070608275,-14.123417978290064,1.142384325233574,-0.8926125943708888,0.0,32.22251340954575,19.76445144853697,-49.989549922758286,-13.463789728047656,106.81248750995027,630.4695205213344,1.274,1.0150000015428002,1.0,3.7750205605566647,210.00008998959544,0.0947868366139297,1.0683591379112377e-05,-0.2069467110829973,-0.0751142017336989,0.0205383317643036,0.97650312140957,15.195159329519475,32.15427511982272,14.19763130172269
11.15,31.22100070391843,131.01380196621713,89.9441960659801,0.8618710592460304,-0.4125154917194879,-13.921921689227185,1.147920955412102,-0.9152608179954748,0.0,32.081295629978115,19.631354554111407,-50.114879467796,-13.446751054672232,106.79027077785123,624.9704828810163,1.274,1.0150000015428002,1.0,3.773266854692273,210.00008998959544,0.0943711591394525,1.0653110537055828e-05,-0.2084304888977733,-0.0758713055256322,0.020595427336719,0.9554987798821576,15.281585376729971,32.01649840787728,13.99911884390608
11.16,31.220999890995987,131.01380379452627,89.69505926703074,0.8485971076262177,-0.3902915986504612,-13.723884449610091,1.1520329604135715,-0.9367412034322882,0.0,31.94207922307053,19.499730415826672,-50.241132403679806,-13.429321964558495,106.76758641207552,619.5729960635367,1.274,1.0150000015428002,1.0,3.7715182056715055,210.00008998959544,0.093961372039512,1.062264829187374e-05,-0.2098761762025599,-0.076580516711305,0.0206487798920806,0.934041457673456,15.36791361602126,31.880772836238464,13.803972921240344
11.17,31.220999081468715,131.01380560938503,89.44662030025769,0.8347523496818122,-0.3677770838425181,-13.529224911168829,1.154758669191811,-0.9570683925201852,0.0,31.804829477780675,19.36955280664424,-50.36828088870431,-13.411523032691916,106.74446305737948,614.2747132166994,1.274,1.0150000015428002,1.0,3.7697745263001448,210.00008998959544,0.0935573731352237,1.0592214195631007e-05,-0.2112833891592779,-0.0772421197723789,0.0206984047197253,0.9121742697541522,15.454120306296003,31.747059585255787,13.612103958941322
11.18,31.220998275303337,131.01380741093925,89.19886715450004,0.8203540626366375,-0.3449980375798994,-13.337864067876405,1.1561364426037175,-0.9762576219479776,0.0,31.66951249651455,19.240796150270928,-50.49629692528384,-13.393374929401816,106.7209293233858,609.0733558784606,1.274,1.0150000015428002,1.0,3.768035730965417,210.00008998959544,0.0931590626424287,1.0561817736167196e-05,-0.2126517854045663,-0.0778564386655239,0.0207443203358138,0.8899417399689095,15.540181745260709,31.61532065896705,13.423425356870593
11.19,31.220997472467143,131.0138091993323,88.95178804619084,0.8054196768928554,-0.3219803014584771,-13.149725156138672,1.1562045495550737,-0.9943246984773298,0.0,31.53609515035603,19.11343549340706,-50.62515238918954,-13.374898408730168,106.69701376759248,603.9667107927893,1.274,1.0150000015428002,1.0,3.766301735628048,210.00008998959544,0.0927663430399392,1.0531468329176109e-05,-0.2139810626724737,-0.0784238352181951,0.02078654827008,0.8673899594024749,15.62607446054702,31.48551886907445,13.237853385213182
11.2,31.22099667292803,131.01381097470488,88.70537139848332,0.7899752485208857,-0.2987302575141439,-12.964731352524993,1.1549915097921188,-1.0112901546355713,0.0,31.40454337067262,18.987446487852896,-50.75481905769407,-13.356114296931292,106.672744878872,598.9525633528269,1.274,1.0150000015428002,1.0,3.764560831200949,210.00008998959544,0.0923791140440881,1.0501175310487024e-05,-0.2152709575642348,-0.0789447072721472,0.020825111768798,0.844567939912119,15.711795647986415,31.357619144150654,13.055304370549898
11.21,31.220995876654424,131.01381273719537,88.45960584920354,0.7740377405917174,-0.2752748376331181,-12.78281030747922,1.1525352970606624,-1.02717080495576,0.0,31.2748256889438,18.86280538569953,-50.885268636673786,-13.337043481297808,106.64815106170995,594.028832055928,1.274,1.0150000015428002,1.0,3.7628139113700088,210.00008998959544,0.0919972830214263,1.0470947930694576e-05,-0.2165212592505968,-0.0794194528049593,0.0208600394028509,0.8215266582033899,15.7973205500928,31.23158578491233,12.875700246220443
11.22,31.22099508361533,131.0138144869398,88.21448023196534,0.7576170511611227,-0.2516568075234146,-12.603893559558376,1.1488817180368596,-1.0419803593729349,0.0,31.14691272863601,18.73948900348593,-51.01647279050536,-13.317706925169428,106.62326065446936,589.1935465136642,1.274,1.0150000015428002,1.0,3.7610716073435575,210.00008998959544,0.0916207634939075,1.0440795368410688e-05,-0.2177317917573943,-0.0798485060233715,0.020891362999165,0.7983176397162297,15.88260752829746,31.107382696849943,12.698967876643968
11.23,31.22099429378028,131.01381622407175,87.96998358809961,0.7407310338172348,-0.2279007846517394,-12.42791265374222,1.144068307602544,-1.0557364104101352,0.0,31.020774209839992,18.61747470108488,-51.148403166775125,-13.298125655018127,106.59810191176084,584.444732302821,1.274,1.0150000015428002,1.0,3.7593338400178498,210.00008998959544,0.0912494663277327,1.041072671935692e-05,-0.2189024004755889,-0.0802323637079829,0.0209191143286345,0.7749957021933229,15.967634214570614,30.984975732697027,12.52503431491396
11.24,31.220993507119303,131.01381794872253,87.72610515572057,0.7233975581923151,-0.2040311322481832,-12.2548010800094,1.1381323603527052,-1.0684568792510027,0.0,30.896380528592783,18.49674038147949,-51.281031416822806,-13.27832072621967,106.5727029597942,579.7804702836112,1.274,1.0150000015428002,1.0,3.7576005316575807,210.00008998959544,0.0908833043790384,1.0380750970799888e-05,-0.2200329649681845,-0.0805715516189437,0.0209433273652801,0.7516185988410065,16.052378447026953,30.864331461018946,12.353829158730518
11.25,31.2209927236029,131.01381966102133,87.4828343607802,0.7056345285509271,-0.1800718616211694,-12.084494203429724,1.1311108635478089,-1.080159990663473,0.0,30.77370272752192,18.377264471433463,-51.41432921886732,-13.2583132130314,106.54709178329908,575.1988943614656,1.274,1.0150000015428002,1.0,3.7558716059763766,210.00008998959544,0.0905221924074842,1.0350876995490668e-05,-0.2211233977685355,-0.0808666230351192,0.0209640381282676,0.7282474330983048,16.13681837141817,30.745417152207672,12.185284467085395
11.26,31.220991943202115,131.013821361095,87.24016081806374,0.6874761031320152,-0.1560100967362317,-11.916925186003992,1.1230230508406782,-1.0908719079117288,0.0,30.65270939732621,18.25902590681197,-51.548268300168765,-13.238124198671564,106.52129621285567,570.6980750205862,1.274,1.0150000015428002,1.0,3.7541253845073457,210.00008998959544,0.090166037961807,1.032111354584418e-05,-0.2221736432625921,-0.0811181571937195,0.0209812824348119,0.7049548741723423,16.220971193780535,30.628203418918364,12.019329772537517
11.27,31.2209911658884,131.01382304906835,86.99807433019569,0.6689243667800326,-0.1319047838949581,-11.752036760648428,1.11392066574721,-1.1006045848199288,0.0,30.533375890114705,18.142004138611448,-51.68282045826088,-13.217774765593242,106.495343912746,566.2763622415774,1.274,1.0150000015428002,1.0,3.752382777161413,210.00008998959544,0.0898147684811922,1.029146925192604e-05,-0.2231837037965024,-0.0813266960418705,0.0209951046258193,0.6818048767548708,16.304777805001695,30.512656353414084,11.855906448911334
11.28,31.220990391633748,131.0138247250642,86.75656487670666,0.649996772864823,-0.1077798191281017,-11.5897696970581,1.1038401058681415,-1.1093767276007422,0.0,30.41567515880285,18.02617907073108,-51.81795758837645,-13.197286034204325,106.46926243076116,561.9320415798333,1.274,1.0150000015428002,1.0,3.7506443853736577,210.00008998959544,0.0894683043488849,1.0261952649685348e-05,-0.2241535844284954,-0.0814928658427186,0.0210055460950241,0.6588716079753639,16.388216259552678,30.39874515438866,11.69495366959234
11.29,31.22098962041053,131.01382638920313,86.51562261304015,0.6307111829521705,-0.0836577083540838,-11.43006634209692,1.09281694352841,-1.1172074014982605,0.0,30.29958065632361,17.911531081415944,-51.953651695921046,-13.176679106369772,106.44307912667249,557.6634420787741,1.274,1.0150000015428002,1.0,3.7489101371965727,210.00008998959544,0.0891265674203312,1.023257213872342e-05,-0.2250833180859536,-0.0816173161206957,0.0210126496391479,0.6362349611410488,16.47126600683444,30.28643973889373,11.536412693500617
11.3,31.220988852191613,131.01382804160394,86.27523786757118,0.611085411106837,-0.0595605489358431,-11.272870667552544,1.0808863316975996,-1.1241158096848376,0.0,30.18506639841116,17.798041003934603,-52.0898749148471,-13.155975054849264,106.41682115978332,553.4689376997197,1.274,1.0150000015428002,1.0,3.7471799619464607,210.00008998959544,0.0887894812078175,1.0203335976349623e-05,-0.2259729652726326,-0.0817007165996252,0.0210164594659218,0.6139810291416907,16.553906850252407,30.175710650947128,11.380226917904608
11.31,31.22098808695021,131.0138296823833,86.03540114558285,0.5911445321306426,-0.0354936106983536,-11.118126494743848,1.0680754583197178,-1.1301245999205338,0.0,30.072105609472946,17.685690113897987,-52.22659952537531,-13.135194914165476,106.39051547854778,549.3468969552897,1.274,1.0150000015428002,1.0,3.745444267123158,210.00008998959544,0.0884569668972785,1.0174252272910469e-05,-0.2268226130517063,-0.0817437558758113,0.0210170201473877,0.5922090927759295,16.63613631123792,30.066530286498573,11.226339721794256
11.32,31.22098732466001,131.01383131165613,85.79610310839254,0.5709086992194022,-0.0114726377220613,-10.965780279957004,1.0544154673457002,-1.1352545714167126,0.0,29.96067297318501,17.574460124996612,-52.36379797089042,-13.114359671583223,106.3641888105606,545.2957648757517,1.274,1.0150000015428002,1.0,3.743699783192176,210.00008998959544,0.0881289499683996,1.014532898883771e-05,-0.2276323858752139,-0.0817471134512471,0.021014379177749,0.5710239573817569,16.717940712641106,29.958870855477805,11.074697831904684
11.33,31.220986565295103,131.01383292953545,85.55733458329317,0.550385626671063,0.0124594094079857,-10.815782817264258,1.039949372059186,-1.1395211126953768,0.0,29.85074592754861,17.464333168426382,-52.5014428771677,-13.093490279574334,106.3378676798776,541.3141085132094,1.274,1.0150000015428002,1.0,3.741959217460456,210.00008998959544,0.08780536400393,1.0116573946882995e-05,-0.2284024364950531,-0.0817114769033177,0.0210085870401677,0.5505266298316881,16.799277531920296,29.852703046986395,10.925253361499385
11.34,31.220985808829933,131.01383453613244,85.3190865595773,0.5295928382791545,0.0362822387390131,-10.668084119567252,1.02471050313301,-1.142943710191456,0.0,29.742300576709862,17.355291770796345,-52.63950706870953,-13.072607654139938,106.31157840649269,537.4004669414621,1.274,1.0150000015428002,1.0,3.740222503204,210.00008998959544,0.0874861386642953,1.0087994830856928e-05,-0.2291329252401468,-0.0816375852269818,0.0209996924419379,0.5308341904164371,16.880128160822075,29.74799977706288,10.777957632226077
11.35,31.220985055239364,131.0138361315565,85.08135018058577,0.5085477033094195,0.0599759148118342,-10.522635625329668,1.0087317416498118,-1.1455418501323793,0.0,29.635313527458408,17.24731885860006,-52.7779635790597,-13.051732637347106,106.28534706095752,533.5534178408965,1.274,1.0150000015428002,1.0,3.7384895748881,210.00008998959544,0.0871712050896225,1.005959915976254e-05,-0.2298240352124882,-0.0815261912376804,0.0209877450104848,0.5120720480922244,16.960474283634863,29.64473452040617,10.63276381570068
11.36,31.22098430449861,131.0138377159154,84.84411674271459,0.4872674692649737,0.0835209641295375,-10.379390143669028,0.9920454677598642,-1.14733501315418,0.0,29.529761864349016,17.140397743744003,-52.916785664622765,-13.03088598876682,106.25919945579406,529.7715758625969,1.274,1.0150000015428002,1.0,3.7367603680847448,210.00008998959544,0.0868604958265332,1.003139428411288e-05,-0.2304759713087085,-0.0813780606013069,0.0209727951910542,0.4943735125168088,17.040297990658527,29.542881302069198,10.489626856900399
11.37,31.220983556583256,131.01383928931503,84.60737769342639,0.4657850701196706,0.1069336720140416,-10.238298283901027,0.9746680586010364,-1.1483495647933368,0.0,29.425620368605376,17.034512113224917,-53.055946817744015,-13.010088376849293,106.23316113701593,526.0534924834467,1.274,1.0150000015428002,1.0,3.735014764977776,210.00008998959544,0.0865539366476571,1.0003387382339787e-05,-0.2310889593336252,-0.0811939707412644,0.0209548921919086,0.477901966780201,17.119618969757298,29.44241746077501,10.348499229238454
11.38,31.22098281146921,131.01384085185984,84.37112462926446,0.4441033209016657,0.1301638666782492,-10.09931850616736,0.9566434125742308,-1.148599354894171,0.0,29.32286957878242,16.929646032999916,-53.19542077909101,-12.989360370356604,106.2072573759028,522.3979442493712,1.274,1.0150000015428002,1.0,3.733270568642887,210.00008998959544,0.0862514702616677,9.9755854604812e-06,-0.2316632696378864,-0.0809746548726593,0.0209340918578815,0.4627851040425416,17.198386745340787,29.343315653561262,10.2093428478967
11.39,31.22098206913279,131.01384240365243,84.13534928591184,0.4222373161111759,0.1531896429309022,-9.962407862301657,0.9380039281812396,-1.1481030364595752,0.0,29.22148823539808,16.82578390584417,-53.335181555975765,-12.968722475220956,106.18151321763052,518.8036605488878,1.274,1.0150000015428002,1.0,3.731529952830877,210.00008998959544,0.0859530340894387,9.947995379177057e-06,-0.2321991694813928,-0.0807209059736027,0.0209104469925754,0.449166999006255,17.276580606197843,29.24555117957104,10.072118067539765
11.4,31.2209813295506,131.01384394479396,83.90004354614473,0.4002037032880662,0.1759934064519017,-9.827524271644783,0.9187799563890972,-1.1468798664073123,0.0,29.121455209692574,16.72291048346684,-53.47520342744303,-12.948195085551756,106.15595342262148,515.2693926296723,1.274,1.0150000015428002,1.0,3.729792856681792,210.00008998959544,0.0856585659374015,9.92062381988432e-06,-0.232696941816763,-0.0804335317292693,0.0208840104525258,0.4371912390689159,17.35418430564224,29.149100145859776,9.936786369143705
11.41,31.220980592699583,131.013845475384,83.66519942790438,0.3780189511895147,0.1985580309470655,-9.694626845761013,0.8990013226261067,-1.1449490084885408,0.0,29.02274979372563,16.62101085485643,-53.615460953952464,-12.927798470300845,106.13060245284532,511.79392340456815,1.274,1.0150000015428002,1.0,3.7280592203813794,210.00008998959544,0.0853680048508199,9.893477278269032e-06,-0.2331568871617442,-0.0801133475780709,0.0208548355364403,0.4269930292847129,17.431182012188188,29.05393915386349,9.803310731006771
11.42,31.22097985855699,131.01384699552065,83.43080908727993,0.3557064136964028,0.2208825802689184,-9.563674345554148,0.8786906586267735,-1.1423325083032123,0.0,28.92535049471313,16.520070436881426,-53.75592898716158,-12.907552764858224,106.10548446444236,508.3760244832352,1.274,1.0150000015428002,1.0,3.726320210930522,210.00008998959544,0.0850812875674253,9.866562061369273e-06,-0.2335793228032792,-0.0797611758223504,0.0208229750590655,0.4187069860809694,17.507574823428715,28.96004656334468,9.671653830700043
11.43,31.2209791271004,131.0138485053004,83.1968648085683,0.3332860349580581,0.2429594058300251,-9.434627301783785,0.8578726046681121,-1.1390511701111057,0.0,28.82923679851545,16.42007497083964,-53.89658267910494,-12.887477962655447,106.08062330049768,505.0145180834623,1.274,1.0150000015428002,1.0,3.7245710113532464,210.00008998959544,0.084798353704548,9.839884286256e-06,-0.2339645926232007,-0.0793778211495351,0.0207884835025543,0.4124417391468278,17.58335667145676,28.867400658366098,9.541780509817626
11.44,31.22097839830768,131.01385000481832,82.96335901719749,0.3107627183761019,0.2647483799633554,-9.30745042292486,0.8365848093762284,-1.1351195874344988,0.0,28.73439106813589,16.32101050914289,-54.03739749369932,-12.867593926805371,106.05604250872535,501.7083424316016,1.274,1.0150000015428002,1.0,3.722825140649935,210.00008998959544,0.0845191513433087,9.813449892389052e-06,-0.2343130612791289,-0.0789640811825551,0.0207514178760911,0.4082456178641,17.658487326440422,28.775977498426272,9.413660499309538
11.45,31.22097767215704,131.0138514941682,82.73028425686425,0.2881521980019221,0.2862344095934385,-9.18210723907626,0.8148549528107512,-1.1305564264988364,0.0,28.640794154638574,16.222863397790537,-54.17834921633535,-12.847920392633757,106.03176534781576,498.45639704989424,1.274,1.0150000015428002,1.0,3.7210825422502007,210.00008998959544,0.0842436241185099,9.78726464447324e-06,-0.2346250913646504,-0.0785207948761703,0.0207118325467036,0.4061540787639365,17.73295280526814,28.68575556353761,9.287262232623492
11.46,31.220976948626912,131.0138529734422,82.49763320345066,0.2654699513793103,0.3074027919034556,-9.058562326012728,0.7927102146719087,-1.1253801876804568,0.0,28.548427289395985,16.125620280630226,-54.31941395684899,-12.82847692837582,106.0078147422354,495.25760898526727,1.274,1.0150000015428002,1.0,3.7193431605411886,210.00008998959544,0.0839717167845019,9.76133410774931e-06,-0.2349010593566275,-0.0780488045778603,0.0206697820427899,0.4061651084782307,17.806739463768075,28.59671377537544,9.16255540040692
11.47,31.22097622769605,131.01385444273131,82.26539865607891,0.2427312403415004,0.3282393200146822,-8.936781260119774,0.7701772336468711,-1.1196092110561189,0.0,28.45727206310345,16.029268088810998,-54.4605681565075,-12.809282926975548,105.98421327573512,492.1109315890001,1.274,1.0150000015428002,1.0,3.717606940867568,210.00008998959544,0.0837033751534257,9.735663645936864e-06,-0.235141354856806,-0.0775489554251867,0.0206253209895391,0.408238731228785,17.879834111577974,28.50883149289287,9.039510885437199
11.48,31.22097550934348,131.0138559021251,82.03357353114687,0.2199679288929436,0.3487675093685734,-8.816727190260277,0.7472669349152096,-1.113268519720586,0.0,28.36730769329032,15.93379403339328,-54.60178859447116,-12.790357597770068,105.96098318482004,489.015249836532,1.274,1.0150000015428002,1.0,3.7158534211300336,210.00008998959544,0.0834385380579545,9.710258419222466e-06,-0.2353463799224848,-0.0770220946141306,0.0205785020859992,0.4123397479161789,17.952262957689886,28.422091627230184,8.918096939173363
11.49,31.220974793548464,131.01385735171183,81.80215086829331,0.1971795300969808,0.3689402344585736,-8.698370558473442,0.724017412415745,-1.1063704775450331,0.0,28.27851899480324,15.839185607626808,-54.74305239376766,-12.771719958191996,105.9381463523384,485.96965527966233,1.274,1.0150000015428002,1.0,3.714101016718984,210.00008998959544,0.0831771607953977,9.685123385370153e-06,-0.2355165727143903,-0.0764690169210748,0.0205293839637964,0.4183253833142225,18.02397818747795,28.33647159082374,8.798290016792013
11.5,31.220974080290592,131.01385879157843,81.57112382045759,0.1743790341388269,0.3887412567363618,-8.581680067374064,0.700455023463116,-1.0989322901811296,0.0,28.190888835789668,15.745430557384612,-54.88433703357406,-12.753388872549673,105.91572435876492,482.97318429989406,1.274,1.0150000015428002,1.0,3.712351654590272,210.00008998959544,0.0829191929378974,9.660263327739069e-06,-0.2356523601490354,-0.0758905675303832,0.020478021593331,0.4260602605685727,18.094964303165664,28.25195170111093,8.680064642447242
11.51,31.220973369549668,131.01386022181072,81.34048565885088,0.1515807735618691,0.4081583312423391,-8.466625013422348,0.6766042979495221,-1.0909715583211332,0.0,28.10440015548768,15.652516889831004,-55.0256203480754,-12.735383001167383,105.89373842357811,480.02488783856313,1.274,1.0150000015428002,1.0,3.7106052829874745,210.00008998959544,0.0826645842675043,9.635682823209824e-06,-0.2357541773957947,-0.0752875967497673,0.0204244694827635,0.435395872289387,18.16520992800353,28.16851297397344,8.563396022313716
11.52,31.220972661305737,131.01386164249314,81.11022976699127,0.1287988317955883,0.4271796917038961,-8.353175557795486,0.6524892399661611,-1.0825056831007696,0.0,28.019036212165016,15.56043286479696,-55.16688053043958,-12.717720787739632,105.87220939376486,477.1238395670522,1.274,1.0150000015428002,1.0,3.7088618510296456,210.00008998959544,0.08241328550544,9.611386237604928e-06,-0.2358224695755641,-0.0746609542955775,0.0203687820273006,0.446174092359862,18.23470413050993,28.086136819564533,8.448260333439602
11.53,31.22097195553912,131.01386305370897,80.88034963175917,0.1060557512872281,0.4458132558232751,-8.241301016318637,0.6281257424013607,-1.0735553060005236,0.0,27.934779212499123,15.469166988066585,-55.308096137009976,-12.70042045109898,105.85115773781465,474.26908895229855,1.274,1.0150000015428002,1.0,3.707110944017943,210.00008998959544,0.0821652442806298,9.587377724345e-06,-0.2358576911692574,-0.0740114887139288,0.0203110124818744,0.4582543556332398,18.30345645265871,28.004806688355536,8.334632888429084
11.54,31.22097125223035,131.01386445554036,80.65083885830725,0.0833665549405441,0.46405136265487,-8.130972866109838,0.6035349341250912,-1.0641382634472547,0.0,27.851612839382675,15.378708008931502,-55.44924609109296,-12.683499976986884,105.83060353978192,471.45974713800064,1.274,1.0150000015428002,1.0,3.7053507949287687,210.00008998959544,0.081920412564822,9.563661224694693e-06,-0.2358603176637625,-0.073340019930465,0.0202512158193644,0.4714801137868428,18.37146009728905,27.924505060043067,8.222491374872725
11.55,31.22097055136021,131.01386584806826,80.42169115316268,0.0607343359825461,0.4818611298292741,-8.02216557621783,0.5787473868301714,-1.0542676472315913,0.0,27.76952287453128,15.289044908852604,-55.5903096898078,-12.666977133999383,105.8105665227347,468.69500699548246,1.274,1.0150000015428002,1.0,3.7035934739729903,210.00008998959544,0.0816787485037951,9.540240483134112e-06,-0.2358308345808307,-0.0726473617258512,0.0201894482503527,0.4856734716272739,18.43868194918136,27.845212551555424,8.11181664869321
11.56,31.220969852909725,131.0138672313725,80.19290032720959,0.0381721944094845,0.4992328055069583,-7.914852496518605,0.553785024328066,-1.043960012748919,0.0,27.68849376096212,15.200166892286992,-55.73126660765713,-12.650869469481572,105.7910660477252,465.974026183396,1.274,1.0150000015428002,1.0,3.701838932942208,210.00008998959544,0.0814402063064961,9.517119046934993e-06,-0.2357697207117035,-0.0719343568665039,0.0201257633111102,0.500689997548151,18.50511298838863,27.766912074399965,8.002588356465397
11.57,31.22096915686012,131.01386860553177,79.96446029668331,0.0156929268772056,0.5161570274470749,-7.809007729695552,0.5286692928080833,-1.033231682463602,0.0,27.608510232849667,15.112063387448265,-55.87209689513698,-12.635194273177152,105.7721210737844,463.2959823120637,1.274,1.0150000015428002,1.0,3.700087124480036,210.00008998959544,0.081204741038957,9.494300245973563e-06,-0.2356774620878242,-0.0712018446768398,0.0200602142768723,0.5163955250337834,18.570744556427236,27.68958689247829,7.894786928932892
11.58,31.220968463192843,131.01386997062363,79.73636507323022,-0.0066900491242023,0.5326268564907852,-7.704605931861221,0.5034203862285848,-1.022099095809078,0.0,27.52955716539539,15.024724039104235,-56.0127809810769,-12.619968569200454,105.75375015243162,460.6600675827634,1.274,1.0150000015428002,1.0,3.6983369676446,210.00008998959544,0.0809723081827104,9.471787192098362e-06,-0.2355545514191275,-0.0704506606825676,0.0199928540263003,0.5326688687388142,18.635570474209285,27.613220791358145,7.788393365270875
11.59,31.22096777188957,131.01387132672477,79.50860877384945,-0.0289468833847131,0.5486724766094475,-7.601619389572768,0.4780439647381568,-1.0105848811746612,0.0,27.45161719998407,14.938138703472736,-56.153299674637054,-12.605209107928069,105.73597142212148,458.0654092766301,1.274,1.0150000015428002,1.0,3.696567924683954,210.00008998959544,0.0807428566496869,9.449582778680949e-06,-0.2354014888134971,-0.0696816335023699,0.0199237334004725,0.5494355130791563,18.69962308142808,27.537801153843407,7.683386309317659
11.6,31.22096708293214,131.0138726739106,79.28118560995733,-0.0510841708217267,0.5642450894984888,-7.500027547595261,0.4525742631813687,-0.9986981791364096,0.0,27.37467871888501,14.852297447575214,-56.29363416733626,-12.590932360369044,105.71880260570458,455.511336000078,1.274,1.0150000015428002,1.0,3.6948015102918976,210.00008998959544,0.0805163522380705,9.4276896845562e-06,-0.2352188039355249,-0.0688955349266924,0.0198529088835593,0.566552759388138,18.762852584177427,27.463308697685715,7.579751627289137
11.61,31.220966396302703,131.01387401225568,79.05408988341267,-0.0730901245991215,0.5793373649033247,-7.399807224848111,0.4270307125809696,-0.9864544094935952,0.0,27.298727499581567,14.767190531014746,-56.43376604126752,-12.577154558564631,105.7022610631758,452.9970978686387,1.274,1.0150000015428002,1.0,3.6930376796177513,210.00008998959544,0.0802927530852366,9.406110402224702e-06,-0.2350070062008408,-0.0680931874956464,0.0197804323422777,0.5839295904692279,18.825252298040898,27.389728049401025,7.477472467111535
11.62,31.220965711983503,131.01387534183343,78.82731600043334,-0.0949533061628391,0.5939422723864793,-7.30093589350496,0.4014323172518092,-0.973868738008089,0.0,27.223749586671545,14.682808411481629,-56.57367726293557,-12.563891636744012,105.6863637249638,450.52196259783256,1.274,1.0150000015428002,1.0,3.6912763884536974,210.00008998959544,0.0800720181148606,9.38484720368314e-06,-0.234766609929997,-0.0672754080012072,0.0197063552754493,0.6014841895856073,18.88681581620669,27.317044149738223,7.37653259636753
11.63,31.220965029957032,131.01387666271637,78.60085844873348,-0.1166625509907443,0.6080532436555665,-7.203391636213361,0.3757976016206386,-0.9609560973478803,0.0,27.14973126910471,14.599141737702908,-56.7133501841048,-12.551159223583404,105.67112708691688,448.0852144655648,1.274,1.0150000015428002,1.0,3.689517593410911,210.00008998959544,0.079854106969934,9.363902140446144e-06,-0.2344981338143677,-0.0664430073219021,0.0196307287741571,0.6191432685318876,18.947537183680456,27.24524225641031,7.276916347126885
11.64,31.22096435020596,131.01387797497603,78.3747118134287,-0.1381937145211708,0.6216931568157277,-7.107150802188112,0.3501338613965732,-0.9477361266853364,0.0,27.076657151020367,14.516181344775244,-56.85276754235649,-12.53897263431772,105.65656720512185,445.6860905328779,1.274,1.0150000015428002,1.0,3.687746065743285,210.00008998959544,0.0796389743386279,9.343277043576184e-06,-0.2342021004988927,-0.0655967900490481,0.0195536021151468,0.6368666536057029,19.00744091366479,27.17431056749602,7.178606411537279
11.65,31.220963672713136,131.01387927868305,78.14887076113163,-0.1595429666824511,0.6348414708081846,-7.012193731651217,0.3244633360879098,-0.9342211722518464,0.0,27.004515020407727,14.433918251876277,-56.99191246139904,-12.527346862917668,105.64269969080776,443.3239410740566,1.274,1.0150000015428002,1.0,3.685969478633752,210.00008998959544,0.0794265842742122,9.322973525866526e-06,-0.2338790536987007,-0.0647375160172119,0.0194750277280787,0.6545812475333571,19.066506482773143,27.10423364504612,7.081589269744295
11.66,31.22096299746164,131.013880573907,77.92333005784535,-0.1807065344339622,0.6474786173941168,-6.918501305155065,0.2988080259429267,-0.9204232260545652,0.0,26.933292824336487,14.352343652616092,-57.13076845620961,-12.516296610666815,105.62953974862452,440.9981289819556,1.274,1.0150000015428002,1.0,3.684195292180732,210.00008998959544,0.0792169012984033,9.302993004146727e-06,-0.2335295310898446,-0.0638659581758388,0.0193950567539459,0.6722217056164532,19.12471439802444,27.034996363028743,6.9858518063913255
11.67,31.22096232443468,131.01388186071668,77.69808454212365,-0.2016743510862457,0.6595998545732745,-6.8260538495959375,0.27318461374142,-0.9063562731922322,0.0,26.86297776884946,14.271448912968465,-57.26931943025466,-12.50583626013867,105.6171021496248,438.70800016461584,1.274,1.0150000015428002,1.0,3.6824234652090655,210.00008998959544,0.0790098877539387,9.283336686414748e-06,-0.2331540644112521,-0.0629829011393004,0.0193137384374351,0.6897410494073215,19.182060512296943,26.96658518316215,6.891380317811772
11.68,31.22096165361566,131.0138831391799,77.4731291439593,-0.2224366551959639,0.6712008215524065,-6.73483221578324,0.2476093524909778,-0.8920340561102897,0.0,26.79355728375444,14.191225568211422,-57.40754967261042,-12.4959798497695,105.6054012051228,436.4529151546462,1.274,1.0150000015428002,1.0,3.6806539572125976,210.00008998959544,0.0788055066422567,9.26400556081115e-06,-0.2327531878337256,-0.0620891218558398,0.0192311215464994,0.7070971256184274,19.238541055174064,26.898986850810516,6.798161525254704
11.69,31.2209609849882,131.01388440936373,77.24845887086657,-0.2429771660173085,0.6822924060430366,-6.644816612812392,0.2220926983388916,-0.8774725540183734,0.0,26.72501805787337,14.11166531837664,-57.54544385739864,-12.486741066397398,105.59445076201652,434.23221752700425,1.274,1.0150000015428002,1.0,3.678879065618432,210.00008998959544,0.0786037187859563,9.245000396304578e-06,-0.2323274375697049,-0.061185389389043,0.019147253669789,0.724263791632033,19.29416798668292,26.83218976541383,6.706181556416329
11.7,31.220960318536008,131.0138856713342,77.02406882080514,-0.2632800433588132,0.6928855316587972,-6.555987726895862,0.1966444249093625,-0.8626876391701699,0.0,26.65734704145793,14.032760024692015,-57.68298704301986,-12.47813323782486,105.58426419812396,432.04526656004776,1.274,1.0150000015428002,1.0,3.677091277021776,210.00008998959544,0.0784044857771152,9.22632174443602e-06,-0.2318773602945124,-0.0602724456659677,0.0190621826530166,0.7412174863986355,19.348953254117976,26.76618259345888,6.61542697547438
11.71,31.220959654243018,131.01388692515667,76.79995416528085,-0.2833499130299883,0.7029475778313946,-6.468330003305085,0.1712892372901467,-0.8476878569582588,0.0,26.590534211306803,13.954501704841991,-57.82016467376224,-12.47016934406108,105.57485443958836,429.8915263974804,1.274,1.0150000015428002,1.0,3.6753057182435858,210.00008998959544,0.0782077781100119,9.207969952665165e-06,-0.2314035124323753,-0.0593510061079475,0.0189759585255722,0.7579039794140225,19.402863851928657,26.700950188567194,6.525887505719255
11.72,31.220958992093344,131.0138881708955,76.5761101503405,-0.3031780933494534,0.7124759687793683,-6.381826176298091,0.1460416498618052,-0.8324860146125109,0.0,26.524567810695988,13.876882528355456,-57.95696258114375,-12.462862028359236,105.56623397785609,427.7704111750623,1.274,1.0150000015428002,1.0,3.6735223508656616,210.00008998959544,0.0780135611807802,9.189945174277606e-06,-0.2309064338939784,-0.0584218154865264,0.0188886279537855,0.7742959541386404,19.45589781370323,26.636480389929662,6.437551279213494
11.73,31.220958332071216,131.01388940861435,76.35253210750633,-0.322756235224956,0.7214684237989831,-6.296459428733352,0.120915798103087,-0.8170946728468756,0.0,26.4594362892966,13.799894814663492,-58.09336697751965,-12.456223553391249,105.5584148217968,425.6813480173215,1.274,1.0150000015428002,1.0,3.6717411371022814,210.00008998959544,0.0778218009931029,9.172247346364776e-06,-0.2303866653775966,-0.0574856095280033,0.0188002370831307,0.7903687544962089,19.508053468658765,26.572761289468662,6.3504067328251335
11.74,31.22095767416104,131.01389063837615,76.12921543687737,-0.3420752760461799,0.7299252222226874,-6.21221320254753,0.0959246467691418,-0.8015265142718923,0.0,26.395128153058973,13.723531029069395,-58.22936445465783,-12.450265794377689,105.5514084936224,423.62377201989017,1.274,1.0150000015428002,1.0,3.6699609391337855,210.00008998959544,0.0776324637166857,9.15487619113172e-06,-0.2298447479990614,-0.0565431148357063,0.0187108314214352,0.8061017268309869,19.55933177808519,26.509781437469435,6.264442446446808
11.75,31.220957018347395,131.01389186024286,75.90615561707091,-0.3611086658996527,0.7378855874271165,-6.129068512080993,0.0710671802417549,-0.7858002969241095,0.0,26.331629702374343,13.647783779231268,-58.36494198214892,-12.445000232203112,105.54522602475684,421.5970536841791,1.274,1.0150000015428002,1.0,3.6681609666097295,210.00008998959544,0.0774455090348165,9.137831217376766e-06,-0.2292812242500147,-0.0555950459846057,0.0186204543380919,0.8215031341493575,19.60977377348178,26.44753329544867,6.17964509308878
11.76,31.220956364614967,131.0138930742758,75.6833481992573,-0.3798687733290183,0.7453052324485328,-6.0470127694694575,0.0463702463878423,-0.7699214533031374,0.0,26.26893267891609,13.572645810537892,-58.5000869060477,-12.440437949375552,105.53987795501014,419.6007439265181,1.274,1.0150000015428002,1.0,3.6663630643136353,210.00008998959544,0.0772609126349837,9.121111726188435e-06,-0.2286966599575881,-0.054642057458617,0.0185291542767228,0.8365237805274757,19.65933449368342,26.38600164948037,6.096006289213715
11.77,31.22095571294866,131.01389428053557,75.46078881014357,-0.3983482968767005,0.7521835997184013,-5.966030725417472,0.0218463509511561,-0.7539016389969873,0.0,26.207026255837764,13.498110004607472,-58.6347869539241,-12.436589674610527,105.53537438868032,417.63431662902,1.274,1.0150000015428002,1.0,3.6645671964610256,210.00008998959544,0.0770786426506616,9.104716840371568e-06,-0.2280915953639951,-0.0536848482528059,0.0184369751158563,0.8511477058165221,19.708014042122265,26.32517558555035,6.013515407892254
11.78,31.22095506333348,131.01389547908195,75.23847313706197,-0.4165402877454672,0.758520345467386,-5.886107513229152,-0.0024923318800039,-0.7377522643154403,0.0,26.145899797204915,13.424169375479568,-58.76903022551254,-12.433465722597296,105.53172492751762,415.69725725083487,1.274,1.0150000015428002,1.0,3.6627733277341816,210.00008998959544,0.0768986677772825,9.088645473101889e-06,-0.2274665701084553,-0.0527241072642313,0.0183439601871531,0.8653604967239171,19.755812741150287,26.26504441411417,5.9321620234543015
11.79,31.22095441575458,131.01389666997397,75.01639694586366,-0.4344380707902167,0.764315502092143,-5.8072286143366245,-0.0266340081220173,-0.7214845175085673,0.0,26.085542838599967,13.350817066530906,-58.90280519064376,-12.4310759878912,105.5289386673561,413.7890620407415,1.274,1.0150000015428002,1.0,3.660981423401112,210.00008998959544,0.0767209572151866,9.07289632983951e-06,-0.2268221228762841,-0.0517605133312997,0.0182501522520285,0.8791492641436802,19.802731304020178,26.20559767620248,5.8519358727316275
11.8,31.22095377019727,131.01389785327004,74.79455606899012,-0.4520180927091922,0.7696065604348479,-5.729377235169273,-0.0505799675687967,-0.7051152933825712,0.0,26.02594284416144,13.278046347431342,-59.036100687042286,-12.42942993876504,105.52702419465082,411.9091668788268,1.274,1.0150000015428002,1.0,3.659172753535344,210.00008998959544,0.0765454740727774,9.057467910203666e-06,-0.2261587911549475,-0.0507947350730469,0.0181555919358244,0.8925258123784406,19.84880890116292,26.14682872480389,5.772825080751811
11.81,31.220953126646982,131.0138990290278,74.57294640149723,-0.469287420074352,0.774365689015287,-5.652541407594228,-0.0743103773832099,-0.6886512683902545,0.0,25.96709144949173,13.205850608332888,-59.16890591802535,-12.428536611236636,105.52598958317272,410.05714508278015,1.274,1.0150000015428002,1.0,3.6573615782134654,210.00008998959544,0.0763721937277109,9.042358512273057e-06,-0.225477132017105,-0.0498273856984713,0.0180603237759802,0.9054609287654548,19.894017607957498,26.08872482444784,5.694821065337319
11.82,31.22095248508933,131.0139001973043,74.35156391000179,-0.486244232777016,0.7785852637646411,-5.576708156015904,-0.0978117875282946,-0.672101690648983,0.0,25.908979211107,13.134223361852852,-59.30121045631462,-12.42840465005994,105.5258424453095,408.2325403743916,1.274,1.0150000015428002,1.0,3.655552290558224,210.00008998959544,0.0762010883843077,9.027566260217034e-06,-0.2247776844837912,-0.048859103110874,0.0179643895310182,0.9179400380938164,19.938350299507505,26.03127533445042,5.617914353719448
11.83,31.22095184551003,131.0139013581558,74.13040462174753,-0.5028829369698201,0.7822667569120593,-5.501864229054227,-0.1210738428400911,-0.6554768708718116,0.0,25.85159631223384,13.063158238315342,-59.43300423672464,-12.429042267548011,105.52658988744692,406.4348893707162,1.274,1.0150000015428002,1.0,3.6537448576416462,210.00008998959544,0.0760321291494016,9.01308908449513e-06,-0.2240609807240915,-0.047890525230847,0.017867829606555,0.9299552749143204,19.981809202345303,25.974470669523956,5.5420951632586055
11.84,31.22095120789492,131.01390251163795,73.90946463156338,-0.5191982204720713,0.7854119507705803,-5.427996667177281,-0.1440865274111112,-0.6387869039338901,0.0,25.794933093660266,12.992648982685411,-59.56427755212913,-12.430457227256786,105.52823849443833,404.6637382832772,1.274,1.0150000015428002,1.0,3.6519392470270793,210.00008998959544,0.0758652875936385,8.99892471767507e-06,-0.2233275508212144,-0.0469222791981018,0.0177706838276259,0.941499781992056,20.024396871520224,25.918301450614667,5.467353789074428
11.85,31.22095057222999,131.01390365780574,73.68874009391152,-0.535171587134585,0.7880519493947563,-5.3550908301057305,-0.1668498849440504,-0.6220462245909189,0.0,25.73897834761892,12.922689452071424,-59.69502105082141,-12.43265683880558,105.53079432701212,402.9185893642974,1.274,1.0150000015428002,1.0,3.6501209726158095,210.00008998959544,0.0757005307336276,8.985070696857474e-06,-0.2225779225495663,-0.0459549812978285,0.0176729902664823,0.952584086476774,20.066145903923573,25.8627613554948,5.393679466590144
11.86,31.22094993850134,131.01390479671355,73.46822722885139,-0.5508035447463447,0.7901777444895423,-5.283134989458688,-0.1893515005056599,-0.6052630850101552,0.0,25.683723421176687,12.853273609576608,-59.82522573379825,-12.435647952869257,105.53426291931996,401.19902953448815,1.274,1.0150000015428002,1.0,3.6482956328558247,210.00008998959544,0.0755378331003905,8.971524367892592e-06,-0.2218126373119137,-0.0449892024252816,0.0175747893498284,0.9631958150469088,20.107047790239854,25.80784031649581,5.321063118368585
11.87,31.220949306695257,131.01390592841508,73.24792230911785,-0.5660978279844648,0.7917742961969029,-5.212118113974322,-0.2115768917856188,-0.5884443970948987,0.0,25.629160151412616,12.784395526929968,-59.95488295675771,-12.439436993115628,105.53864931913328,399.50466507670126,1.274,1.0150000015428002,1.0,3.6464720435822926,210.00008998959544,0.0753771706664642,8.958282908164653e-06,-0.2210322272825289,-0.044025516429043,0.0174761206186495,0.9733205469353396,20.14708789161313,25.753527808590256,5.249495863759613
11.88,31.220948676798088,131.01390705296353,73.02782167702011,-0.5810501536940679,0.7928447300319073,-5.1420282836668925,-0.233517376346973,-0.5715994277811606,0.0,25.57527946009706,12.716049382027112,-60.08398442532359,-12.444029937547988,105.54395806929008,397.83507768290735,1.274,1.0150000015428002,1.0,3.644650173967797,210.00008998959544,0.0752185167127591,8.945343319617727e-06,-0.2202372118081868,-0.0430645072563723,0.0173770215066593,0.9829549822519456,20.18627019991514,25.699815244551964,5.17896815407529
11.89,31.220948048796323,131.01390817041133,72.80792172555438,-0.5956565260939936,0.7933924140082989,-5.072853822886188,-0.2551645722394905,-0.5547372357217691,0.0,25.52207241452346,12.64822945416768,-60.21252218919752,-12.449432291839583,105.55019317995686,396.1898576158381,1.274,1.0150000015428002,1.0,3.642829993757714,210.00008998959544,0.0750618449485427,8.932702418603197e-06,-0.2194281072081225,-0.0421067475668194,0.0172775288668627,0.9920965383505884,20.224598970562205,25.646694220733984,5.109470448881509
11.9,31.220947422676584,131.01390928081042,72.58821891033348,-0.6099024514212134,0.7934441162779751,-5.004581786707509,-0.2765179952973298,-0.5378702459707267,0.0,25.469528902819206,12.58093012233672,-60.34048863921272,-12.455649085311228,105.55735812706804,394.56856254493306,1.274,1.0150000015428002,1.0,3.6410000722487146,210.00008998959544,0.0749071256154608,8.920356838788447e-06,-0.2186054265671679,-0.041152798736838,0.017177678077291,1.000755108299399,20.26210239157972,25.594158829624597,5.0409925077377755
11.91,31.2209467984256,131.01391038421207,72.3687097396459,-0.6237838420313123,0.7930050416613764,-4.937200803506088,-0.2975708728715631,-0.5210075998885085,0.0,25.417640222767663,12.51414585906067,-60.467876504329766,-12.462684867075351,105.5654558508897,392.9707978917576,1.274,1.0150000015428002,1.0,3.639159711755288,210.00008998959544,0.0747543331014122,8.908303035421575e-06,-0.2177696922121776,-0.0402031839231125,0.0170775057908707,1.0089293490275348,20.298786599409954,25.54220118650305,4.973524818241514
11.92,31.22094617603024,131.0139114806672,72.14939078340288,-0.6373089214472721,0.7920548024938263,-4.870701352711655,-0.3183083304366101,-0.5041542880091681,0.0,25.36639925977292,12.447871232259448,-60.59467885233352,-12.470543731863202,105.57448878861044,391.396221807,1.274,1.0150000015428002,1.0,3.637320973359063,210.00008998959544,0.0746034464638905,8.896537304708019e-06,-0.216921423458167,-0.0392584137754059,0.0169770490844667,1.0166059207662517,20.334631616689983,25.49081097456805,4.907058528961166
11.93,31.22094555547748,131.01391257022587,71.93025865723332,-0.6504746656099696,0.7905980004499915,-4.805072606040556,-0.3387232186969518,-0.4873185928457959,0.0,25.315797604103945,12.382100906783746,-60.720889086898936,-12.479229318631242,105.5844588754254,389.8444558337793,1.274,1.0150000015428002,1.0,3.635483828278816,210.00008998959544,0.0744544409516686,8.885055786095904e-06,-0.2160611223817545,-0.0383190162622488,0.0168763424211436,1.023784955226773,20.36964304077968,25.43998050679392,4.8415839948449735
11.94,31.220944936754417,131.01391365293773,71.71131003838913,-0.6632783371890713,0.7886394208673783,-4.740303938932945,-0.3588086554770905,-0.4705085979164976,0.0,25.26582698034065,12.316829637001971,-60.8465009404419,-12.4887447764125,105.59536750801256,388.3151291812856,1.274,1.0150000015428002,1.0,3.633648248237412,210.00008998959544,0.0743072922088607,8.873854447950185e-06,-0.2151892872494902,-0.0373855077494915,0.0167754196895504,1.0304671294824128,20.403826675689007,25.38970225928476,4.777091523659748
11.95,31.22094431984823,131.01391472885194,71.49254165580487,-0.6757082647698647,0.7862037653622871,-4.6763836916897,-0.3785643718898562,-0.4537351844854001,0.0,25.21647814942965,12.252052265977731,-60.971508470963954,-12.499092761616472,105.60721554414832,386.8078449359812,1.274,1.0150000015428002,1.0,3.631804600739304,210.00008998959544,0.0741619730458633,8.86292909086657e-06,-0.2143064123280309,-0.0364583930644612,0.0166743134770122,1.036662607932905,20.437208663778502,25.339970872631746,4.71357094284214
11.96,31.220943704746247,131.013915798017,71.27395028711553,-0.687757948512253,0.7833053915866542,-4.613300994912769,-0.3979874408839018,-0.4370076737195969,0.0,25.167742608311777,12.187763719314724,-61.095906058848925,-12.510275435497295,105.62000330244292,385.32223232555606,1.274,1.0150000015428002,1.0,3.629948395417803,210.00008998959544,0.0740184584379837,8.852275352105633e-06,-0.2134129983294888,-0.0355381430506885,0.0165730570286014,1.042376545435856,20.46980459025329,25.290780098729023,4.651012339228339
11.97,31.220943091435903,131.01391686048095,71.05553276561525,-0.6994389090178724,0.7799208540142641,-4.55104745144186,-0.4170632629868692,-0.4203295643595283,0.0,25.119614067053234,12.123959006020437,-61.21968840676367,-12.52229448710495,105.63373059109468,383.8579915810258,1.274,1.0150000015428002,1.0,3.628093692016295,210.00008998959544,0.0738767298696655,8.84188872306044e-06,-0.2125095464511518,-0.0346252069407221,0.0164716847512357,1.0475977803998515,20.50159151545666,25.242119965019505,4.589406455445342
11.98,31.22094247990476,131.0139179162913,70.8372859703169,-0.7107493205009818,0.7760560505771171,-4.4896131243498765,-0.4357860933620479,-0.4037082150368216,0.0,25.07208472276808,12.060633224293335,-61.34285053779325,-12.53515114327167,105.648396721617,382.4147795771272,1.274,1.0150000015428002,1.0,3.6262404636746943,210.00008998959544,0.0737367643760355,8.831764557117971e-06,-0.2115965378272819,-0.0337200555611146,0.0163702281718272,1.0523291771447556,20.532576473695407,25.193983594794556,4.528743296808799
11.99,31.22094187014043,131.0139189654951,70.61920683191626,-0.7216876371259646,0.7717170135678145,-4.428988245987405,-0.4541504263450818,-0.3871507958180508,0.0,25.025146896294583,11.997781551240188,-61.46538778749675,-12.54884613013004,105.664000467213,380.992260048224,1.274,1.0150000015428002,1.0,3.624388683908649,210.00008998959544,0.0735985393564008,8.821898052997753e-06,-0.2106744491359448,-0.0328231479835926,0.0162687182534437,1.056574038305517,20.562766657888357,25.146364256152346,4.469012780418799
12.0,31.22094126213068,131.01392000813877,70.401292332793,-0.7322437075848537,0.7669288644773365,-4.369162077112375,-0.4721569785094905,-0.3706671226229337,0.0,24.97879200697912,11.935399242948742,-61.5872958006074,-12.563379671878875,105.68054006369816,379.590072338221,1.274,1.0150000015428002,1.0,3.622529193704312,210.00008998959544,0.0734620295591105,8.81228425841723e-06,-0.2097437524277035,-0.0319349316315452,0.0161671847309704,1.0603436741247467,20.592188726846185,25.099257313935723,4.4102044832667
12.01,31.22094065586337,131.0139210442684,70.18353949905735,-0.7424110233935967,0.7617096130192877,-4.310124418138216,-0.4898048492573715,-0.3542659612139658,0.0,24.933012005712296,11.873481627928728,-61.70857052769266,-12.578751489723372,105.69801321054382,378.2078750702125,1.274,1.0150000015428002,1.0,3.6206563490065338,210.00008998959544,0.0733272112960894,8.802918074765632e-06,-0.2088049250144282,-0.0310558211630715,0.0160656578223044,1.0636461771020465,20.62086209697096,25.052657547512368,4.352308084391796
12.02,31.22094005132646,131.0139220739295,69.96594540750937,-0.752203087545696,0.756035266119031,-4.251867651936612,-0.5070804100407257,-0.3379497600619432,0.0,24.887801211763087,11.81202410806314,-61.829208224746765,-12.59496082548738,105.71641709984884,376.84540156772186,1.274,1.0150000015428002,1.0,3.6187848937423057,210.00008998959544,0.0731940678448786,8.793794274207862e-06,-0.2078584453600404,-0.0301862069671459,0.0159641690902359,1.0664736137994522,20.648763443634014,25.006555507416024,4.295313622095359
12.03,31.220939448508044,131.01392309716712,69.74850717669233,-0.7616192044293711,0.7499128374798792,-4.194382568147433,-0.5239792030909454,-0.3217250130885569,0.0,24.843152374674688,11.751022167369769,-61.949205451565255,-12.612006456411509,105.73574843508544,375.50234011470326,1.274,1.0150000015428002,1.0,3.616914802734364,210.00008998959544,0.0730625778667728,8.78490750939288e-06,-0.2069047706519606,-0.0293265022741529,0.015862747183225,1.068831115057367,20.67590106337644,24.960945044532988,4.239210577135525
12.04,31.22093884739628,131.01392411402583,69.53122197484521,-0.7706589458207138,0.7433494356951785,-4.137660096746088,-0.540496987048283,-0.3055980367480667,0.0,24.79905835760997,11.69047135940472,-62.06855906350104,-12.62988665578767,105.7560033883374,374.1783851313905,1.274,1.0150000015428002,1.0,3.615046051273864,210.00008998959544,0.072932720357495,8.776252296293881e-06,-0.2059443530920331,-0.0284771085462446,0.0157614201991754,1.0707241804296566,20.702283372475573,24.915820138261942,4.183988316101921
12.05,31.22093824797944,131.01392512454973,69.31408701592716,-0.7793122588065963,0.7363733041858163,-4.0816900969115215,-0.5566362626733268,-0.2895780705101628,0.0,24.755511032211185,11.630367308104589,-62.187266208059086,-12.648599193299768,105.77717760262917,372.8732038039032,1.274,1.0150000015428002,1.0,3.6131685623651766,210.00008998959544,0.0728044713970413,8.76782301816924e-06,-0.2049776397454975,-0.0276384156106588,0.015660214985819,1.0721659387046614,20.72794030848307,24.87117709604837,4.129635993046954
12.06,31.220937650245894,131.0139261287825,69.09709955166416,-0.7875752500190638,0.7290001725164827,-4.026463222505456,-0.5723963118530457,-0.2736725615236733,0.0,24.712503061905903,11.570705700028716,-62.30532432145584,-12.668141335551988,105.79926619438903,371.58648992191513,1.274,1.0150000015428002,1.0,3.6112783109364,210.00008998959544,0.072677809394301,8.759613930558084e-06,-0.2040050833932852,-0.0268107786466741,0.0155591591184673,1.0731647375251,20.75288908556138,24.82701105162464,4.076142820233722
12.07,31.22093705418412,131.01392712676736,68.8802568844727,-0.7954619698239725,0.7212082292354706,-3.9719723343272273,-0.5877652023539361,-0.2578833595731713,0.0,24.6700291676514,11.511482287835117,-62.42273112837946,-12.688509874194123,105.82226378698634,370.3180016230637,1.274,1.0150000015428002,1.0,3.609389343528616,210.00008998959544,0.0725527188094855,8.75161917959432e-06,-0.203027135696926,-0.0259945324562107,0.015458281166102,1.0737167389745477,20.777108773828672,24.783313299796035,4.023497978737382
12.08,31.220936459782703,131.01392811854714,68.66355635553137,-0.8029727794628717,0.713005423744034,-3.918208815704351,-0.6027396568550134,-0.2422161497819647,0.0,24.62808260330264,11.45269289911934,-62.53948463972718,-12.709701138225329,105.8461645261864,369.0674551894455,1.274,1.0150000015428002,1.0,3.6075016366558064,210.00008998959544,0.0724291797883903,8.74383280973849e-06,-0.2020442274673519,-0.025190032818357,0.0153576069720828,1.073829006497277,20.80060875253432,24.740078342692943,3.9716903304039444
12.09,31.220935867030303,131.0139291041641,68.4469953517386,-0.8101082887852963,0.7043997724925846,-3.8651641660463967,-0.6173165970102396,-0.2266764514689953,0.0,24.58665672651588,11.39433342287968,-62.65558314454631,-12.731710957505372,105.87096204050803,367.83457238221496,1.274,1.0150000015428002,1.0,3.605615167138376,210.00008998959544,0.0723071727823473,8.73624874803435e-06,-0.2010567841000854,-0.0243976238503557,0.015257161843888,1.0735089259385406,20.82339849280422,24.697300796777125,3.92070861262145
12.1,31.220935275915696,131.01393008366028,68.23057129577289,-0.8168570050357294,0.6954255561652852,-3.8128285609444985,-0.6315011357824648,-0.2112734255575944,0.0,24.545743663258904,11.336399810869992,-62.77102520654103,-12.754534664739271,105.89664944502388,366.6190404797731,1.274,1.0150000015428002,1.0,3.603717482747345,210.00008998959544,0.0721866746206612,8.72886080825767e-06,-0.2000652254473348,-0.0236176381520166,0.0151569697285125,1.0727717855254455,20.84551417433045,24.654978172094964,3.8705415357538118
12.11,31.22093468642772,131.0139310570771,68.01428165702714,-0.8232204931896928,0.6860898692648179,-3.7611937016068246,-0.6452908657948225,-0.1960124078945937,0.0,24.505337049546803,11.278888067422445,-62.88580966054782,-12.778167097666536,105.9232193453136,365.420594303959,1.274,1.0150000015428002,1.0,3.6018090822062234,210.00008998959544,0.0720676665738186,8.721662696341447e-06,-0.1990699791989587,-0.022850368607217,0.015057055939098,1.071624419794653,20.86696436292367,24.61310521868588,3.8211777276820973
12.12,31.220934098555343,131.01393202445564,67.79812393769225,-0.8292117984205819,0.6763760275983589,-3.7102526633757855,-0.6586763062985007,-0.1808951099300485,0.0,24.4654318083414,11.221794259323191,-62.9999356129252,-12.802602635881003,105.95066388022693,364.23900916678,1.274,1.0150000015428002,1.0,3.599901866930184,210.00008998959544,0.0719501336973155,8.714648031516908e-06,-0.1980714666095189,-0.0220960982817278,0.0149574459203034,1.0700676596229808,20.88773350663575,24.57167423865184,3.772605511229971
12.13,31.220933512287647,131.0139329858366,67.58209568866232,-0.8348322612827316,0.6662927390275102,-3.6599973184717087,-0.6716552640939267,-0.165926459653516,0.0,24.426021655101973,11.165114520114765,-63.11340243774448,-12.827835202542818,105.97897472499308,363.0740263707076,1.274,1.0150000015428002,1.0,3.59799581491202,210.00008998959544,0.0718340574957336,8.70781034815776e-06,-0.1970700901793017,-0.0213551261578888,0.0148581627935116,1.0681102475966722,20.9078318859396,24.530680314872093,3.7248131167910064
12.14,31.22093292761373,131.01393394126035,67.36619449064695,-0.8400834464199601,0.6558487619611318,-3.610419635052823,-0.6842257323268253,-0.1511112312043943,0.0,24.387100399497804,11.108845037866212,-63.22620976939179,-12.85385823485408,106.0081430592618,361.9253920977778,1.274,1.0150000015428002,1.0,3.5960909045350133,210.00008998959544,0.071719419750949,8.701143083387373e-06,-0.1960662466488375,-0.020627739765988,0.0147592291595284,1.065761216706263,20.92726985608762,24.49011863238361,3.6777886559927895
12.15,31.22093234452285,131.0139348907667,67.15041796808896,-0.8449507690958896,0.64508754089117,-3.5615098603577686,-0.6963962939306415,-0.1364590131144083,0.0,24.34866023187208,11.052982056634402,-63.33835749898856,-12.880664687707032,106.03815957239294,360.7928065688421,1.274,1.0150000015428002,1.0,3.5941707858489087,210.00008998959544,0.0716061974828477,8.694639581357982e-06,-0.1950603268969317,-0.0199142153258716,0.0146606660676986,1.0630378966972018,20.946093005141467,24.44998820503904,3.631520528082707
12.16,31.220931763004327,131.01393583439517,66.93476378220572,-0.8494443136438954,0.6340007668531684,-3.5132609416699663,-0.7081609496432296,-0.1219722069444803,0.0,24.310696020170774,10.99752186219475,-63.44984577078271,-12.90824703755652,106.06901446892248,359.6760515223404,1.274,1.0150000015428002,1.0,3.59224351669769,210.00008998959544,0.0714943755860516,8.688293099163987e-06,-0.1940527334616214,-0.0192147810024626,0.01456249693952,1.0599448871733363,20.96429439457786,24.41028259543612,3.585996597060606
12.17,31.220931183047576,131.0139367721849,66.71922962900105,-0.8535744526578151,0.6225800424411638,-3.4656659414536244,-0.7195134550978158,-0.1076528542229151,0.0,24.2732026974778,10.942460803713969,-63.56067498361569,-12.93659733246234,106.10069752554168,358.5749123813492,1.274,1.0150000015428002,1.0,3.590317340214676,210.00008998959544,0.0713839391469457,8.682096832476644e-06,-0.1930438539813491,-0.0185296724988026,0.0144647439798025,1.0564878511422873,20.981867038438565,24.370995417409144,3.541204479670833
12.18,31.220930604642128,131.01393770417465,66.50381324125367,-0.8573434258818838,0.6108346599491502,-3.4187171406235,-0.730452613838795,-0.0935051725052223,0.0,24.23617440288853,10.887795287083833,-63.67084578464373,-12.965707174268958,106.13319807200402,357.4891528652483,1.274,1.0150000015428002,1.0,3.588392235842611,210.00008998959544,0.0712748709171141,8.676043907534763e-06,-0.192034061140702,-0.0178591330913667,0.0143674276768041,1.0526770080603258,20.99882193578446,24.33212226932805,3.497131842802338
12.19,31.220930027777552,131.01393863040275,66.28851238951135,-0.8607536664501234,0.5987739585978996,-3.372406899247691,-0.7409774079275179,-0.0795332378311671,0.0,24.1996053602094,10.833521767155853,-63.7803590630644,-12.995567700476588,106.16650497174018,356.4185410190374,1.274,1.0150000015428002,1.0,3.58646818334878,210.00008998959544,0.071167153897477,8.670127374067953e-06,-0.1910237215935104,-0.0172033949053309,0.0142705680134366,1.0485228442710333,21.01517015575252,24.293658841660577,3.4537662557087327
12.2,31.220929452443528,131.0139395509073,66.07332487910874,-0.8637857345247208,0.5864538814777542,-3.3267253258234484,-0.7511007777395197,-0.0657475803936786,0.0,24.16348764223049,10.779636748757635,-63.88921594644114,-13.02616958951664,106.20060662860188,355.36278340197623,1.274,1.0150000015428002,1.0,3.584523348113027,210.00008998959544,0.0710607647633972,8.664340209627543e-06,-0.1900131958905393,-0.0165626790391009,0.0141741831578259,1.044044009302694,21.030970064953053,24.255605994010487,3.4110960872018343
12.21,31.220928878629845,131.0139404657259,65.85824854619108,-0.8664615107045162,0.5738435425456055,-3.281666812349489,-0.760811195162084,-0.0521468137122942,0.0,24.12781760550896,10.72613676618193,-63.99741779699995,-13.057503066277794,106.23549099381329,354.32171450866656,1.274,1.0150000015428002,1.0,3.582576511856854,210.00008998959544,0.0709556927883206,8.658675326071483e-06,-0.1890028617974622,-0.0159371468392396,0.0140782949967867,1.0392434063707845,21.046191956014734,24.217955231427677,3.3691081953746096
12.22,31.220928306326343,131.01394137489586,65.64328126765518,-0.8687869154549254,0.5609462019387391,-3.237224214237093,-0.770106466559294,-0.0387337856258718,0.0,24.09259000920545,10.673018423659483,-64.10496621460938,-13.089557970257712,106.27114564249904,353.29512333707254,1.274,1.0150000015428002,1.0,3.5806306814644806,210.00008998959544,0.0708519225481925,8.653125601403938e-06,-0.1879930704651236,-0.015326991484782,0.0139829223916689,1.0341311471804124,21.06084080354217,24.1807018249406,3.3277897904207103
12.23,31.22092773552301,131.01394227845418,65.42842094922112,-0.8707650057731737,0.5477715672008632,-3.193390161939316,-0.778986312685418,-0.0255120449068936,0.0,24.057799382177823,10.620278369370286,-64.2118630271058,-13.122323708382156,106.30755772168156,352.2827937396477,1.274,1.0150000015428002,1.0,3.5786858376951,210.00008998959544,0.0707494379418762,8.647683857854817e-06,-0.1869841636311726,-0.0147324020144125,0.0138880832892078,1.028718758176695,21.074928143529743,24.1438418279961,3.2871281183059122
12.24,31.22092716620984,131.0139431764374,65.21366552543104,-0.8723950732562848,0.5343376624695435,-3.150156953203485,-0.7874530471985922,-0.012486170404933,0.0,24.023439941485243,10.56791329627092,-64.31811028559932,-13.155789253063208,106.34471394870556,351.28450205945654,1.274,1.0150000015428002,1.0,3.576738108195213,210.00008998959544,0.0706482219515008,8.642342862132433e-06,-0.1859764767951121,-0.0141535566965763,0.013793794923349,1.0230189815148178,21.088473966038237,24.10737228857389,3.247110567228962
12.25,31.220926598376952,131.01394406888187,64.99901297655019,-0.873662758849374,0.5206916028305828,-3.107515546909273,-0.7955178086607844,0.0003352346554823,0.0,23.989504635520348,10.515919938242268,-64.42371026068615,-13.189943149009176,106.38260061934514,350.2999892203978,1.274,1.0150000015428002,1.0,3.574770082899679,210.00008998959544,0.0705482538285123,8.637095330115125e-06,-0.1849703432887956,-0.0135906145545384,0.0137000735827323,1.0170473677749847,21.101527774884136,24.07129355542697,3.2077252953707815
12.26,31.22092603201455,131.01394495582346,64.7844613037136,-0.8745933692019752,0.5067973334340231,-3.0654608287650373,-0.8031684702838531,0.0129549223177787,0.0,23.955990386691603,10.464295056738283,-64.52866543980358,-13.224773531475064,106.42120362852252,349.3291138510017,1.274,1.0150000015428002,1.0,3.5728030003145608,210.00008998959544,0.0704495245113462,8.631933938010748e-06,-0.1839661086126674,-0.0130436855168311,0.0136069386737685,1.010810145140557,21.11405475452925,24.035596887605177,3.1689584273642963
12.27,31.220925467112927,131.01394583729785,64.57000853986203,-0.8751904726958473,0.4926649501370314,-3.023985661181303,-0.8104054782506364,0.0253698329889114,0.0,23.922892001116576,10.413035481592594,-64.6329785286192,-13.260268184293103,106.4605085349516,348.37167408238054,1.274,1.0150000015428002,1.0,3.570836842147129,210.00008998959544,0.0703520187150186,8.626851347725629e-06,-0.18296408901592,-0.0125129168072506,0.0135144061572948,1.004319789117329,21.126066921482597,24.00027867689508,3.130797014601019
12.28,31.22092490366246,131.01394671334026,64.35565275272408,-0.8754578467894051,0.4783044415245302,-2.98308297985406,-0.8172294053056786,0.0375770465236303,0.0,23.89020436509908,10.362138077579711,-64.73665244059723,-13.296414486124956,106.5005005018252,347.42747183281494,1.274,1.0150000015428002,1.0,3.5688715904064066,210.00008998959544,0.0702557213905437,8.621840182189566e-06,-0.1819645944720003,-0.0119984450538542,0.0134224915287591,0.9975889815569704,21.137576199572614,23.965335378442774,3.0932280872927382
12.29,31.220924341653586,131.01394758398573,64.1413920418337,-0.8753866191212127,0.4637526898917901,-2.9427445414050264,-0.8236487448648641,0.049570038450299,0.0,23.857921210826223,10.311599750286616,-64.83969029313106,-13.33319941862786,106.54116430617027,346.4962769139583,1.274,1.0150000015428002,1.0,3.5668947879467408,210.00008998959544,0.070160614095132,8.616893029715022e-06,-0.1809679285791271,-0.0115003965368959,0.0133312091266966,0.9906318971937094,21.148621794513414,23.93076651761647,3.0562394997117797
12.3,31.220923781076824,131.01394844926884,63.92722452858992,-0.8749803858385147,0.4490206498171169,-2.9029632930999005,-0.8296652387595665,0.0613457165157629,0.0,23.82603754666,10.26141743205831,-64.94209540362938,-13.370609574687828,106.58248434821488,345.5778977250251,1.274,1.0150000015428002,1.0,3.564905932277416,210.00008998959544,0.0700666821391386,8.612002449437534e-06,-0.1799744017467113,-0.0110188597926041,0.013240574477606,0.9834604953293228,21.15921663842543,23.89656882342576,3.0198184691180066
12.31,31.220923221922806,131.01394930922393,63.71314837514424,-0.8742566631986671,0.4340903513861463,-2.8637335391633214,-0.8352724837307869,0.0729050985824562,0.0,23.794549747883256,10.21158809735808,-65.04387128928376,-13.408631203593142,106.62444470145664,344.6721836106751,1.274,1.0150000015428002,1.0,3.562917941738954,210.00008998959544,0.0699739148528761,8.60716099213158e-06,-0.178984318311939,-0.0105539125105897,0.0131506033800082,0.9760863290951148,21.16934436276551,23.86273584850597,2.9839512494017053
12.32,31.220922664182243,131.01395016388517,63.499161762531045,-0.8732196880184082,0.4189720147218385,-2.825048428248452,-0.8404717144641572,0.0842457311677508,0.0,23.763452958555323,10.162108772505484,-65.14502166314246,-13.447250221558727,106.66702912430344,343.778949408985,1.274,1.0150000015428002,1.0,3.5609307992041224,210.00008998959544,0.0698822979460844,8.602361203500454e-06,-0.1779979623452392,-0.0101056511173058,0.0130613094202448,0.9685228863747464,21.17901719934379,23.82926434221835,2.948624877461248
12.33,31.220922107845904,131.01395101328615,63.28526290557866,-0.8718738580466098,0.4036757882677309,-2.7869011712403715,-0.8452642969872983,0.0953652863825922,0.0,23.732742392973943,10.112976516600495,-65.24555042619389,-13.486452182805827,106.71022102819995,342.89801326889614,1.274,1.0150000015428002,1.0,3.55894448785134,210.00008998959544,0.0697918173352281,8.597595610933789e-06,-0.1770156115277574,-0.0096741619521133,0.0129727057322665,0.9607838405691392,21.18824732113441,23.79615111292618,2.913826420339623
12.34,31.22092155290463,131.0139518574604,63.0714500479396,-0.8702000613818274,0.3882613448433191,-2.749282855680472,-0.8496658699317688,0.106254756883283,0.0,23.70241113927413,10.064188425240353,-65.3454616633558,-13.526222288953267,106.7540034880432,342.02913322567485,1.274,1.0150000015428002,1.0,3.556936195765032,210.00008998959544,0.0697024526844699,8.59285672773414e-06,-0.176037537094969,-0.0092595214577258,0.0128848038042326,0.9528816440350376,21.1970971179578,23.763398621944475,2.8795448224373597
12.35,31.22092099934937,131.01395269644098,62.85772145811369,-0.8682237478680305,0.372695156679927,-2.712188590364524,-0.8536667350647212,0.1169175005359344,0.0,23.672456505927936,10.015741603512588,-65.444759639425,-13.566545398519212,106.79835925266408,341.17219049426046,1.274,1.0150000015428002,1.0,3.5549258594257886,210.00008998959544,0.069614196069059,8.588137059389032e-06,-0.1750640279138758,-0.0088617462360386,0.0127976187070625,0.9448298916963792,21.205534510475733,23.730998911398817,2.845765897994973
12.36,31.220920447171164,131.01395353026084,62.64407543243081,-0.8659525479362661,0.3569813147833443,-2.675611983735671,-0.8572671036454376,0.1273523014985259,0.0,23.64287415956621,9.967633222085457,-65.54344880166445,-13.60740610503486,106.84327083065986,340.3270199243522,1.274,1.0150000015428002,1.0,3.5529163154156342,210.00008998959544,0.0695270347361575,8.583429135911225e-06,-0.1740953450087252,-0.0084808876451255,0.0127111625539521,0.9366428193611608,21.21356557754323,23.69894829057276,2.812476663583103
12.37,31.22091989636108,131.0139543589525,62.430510294056575,-0.8633912845296448,0.3411300115158935,-2.639546453433697,-0.8604689338584168,0.137557283400682,0.0,23.61365955723135,9.919860481511762,-65.64153376968946,-13.648788687519865,106.88872043571612,339.4934514579038,1.274,1.0150000015428002,1.0,3.5509075476778835,210.00008998959544,0.0694409553167522,8.578725488767699e-06,-0.1731317399724243,-0.008116993607823,0.0126254466484079,0.9283347384290735,21.221202593932283,23.66724381755701,2.779664417188957
12.38,31.220919346910307,131.0139551825482,62.21702439597506,-0.8605354417301418,0.3251711771941073,-2.6039846328043703,-0.8632799049029858,0.1475279920187537,0.0,23.584807362714656,9.87242061466915,-65.7390193305003,-13.69067711231686,106.93468998849484,338.67129338389026,1.274,1.0150000015428002,1.0,3.548890485242677,210.00008998959544,0.0693559421092725,8.574018651207792e-06,-0.1721734579398892,-0.007770102528626,0.0125404814000268,0.9199182519673872,21.22847785526393,23.63588485759173,2.747317358901171
12.39,31.22091879881009,131.01395600108006,62.00361610905954,-0.85738192456349,0.3091319247468782,-2.56891928788562,-0.8657074539854729,0.1572602607566268,0.0,23.55631244235992,9.825310876019383,-65.8359104343178,-13.73305504346489,106.98116112787235,337.860361018532,1.274,1.0150000015428002,1.0,3.5468572937800955,210.00008998959544,0.0692719800079737,8.56930116312652e-06,-0.1712207471127544,-0.0074402236325671,0.012456277560518,0.9114050572522916,21.235420811446776,23.60487053596005,2.715423814650305
12.4,31.22091825205176,131.0139568145797,61.79028383996632,-0.8539535812096501,0.2929852900355253,-2.53434544845658,-0.8677443040950713,0.166757186629367,0.0,23.52817204595016,9.778528545424638,-65.93221219299464,-13.775905880785666,107.0281152524917,337.0605391335381,1.274,1.0150000015428002,1.0,3.544824841469016,210.00008998959544,0.0691890609162519,8.564565587645763e-06,-0.1702738573264526,-0.0071273400686916,0.0123728472640022,0.9028126842209944,21.24200609969777,23.57419386712208,2.683970005177883
12.41,31.220917706626736,131.01395762307868,61.5770260102589,-0.8502555624554213,0.2767415111143786,-2.5002567259439648,-0.869392990035167,0.1760173175713334,0.0,23.500381853190515,9.732070957672947,-66.02792987795377,-13.819212794708324,107.07553355858524,336.2716683950998,1.274,1.0150000015428002,1.0,3.5427931131375403,210.00008998959544,0.0691071721205033,8.559804523546086e-06,-0.1693330140067303,-0.0068314630498787,0.0122902000358242,0.8941558944027276,21.248246087033262,23.54385213908054,2.652943641096684
12.42,31.220917162526508,131.01395842660813,61.363841074301405,-0.8462931628354158,0.2604106773881994,-2.466646793046612,-0.8706561492323952,0.1850393207638642,0.0,23.47293760725137,9.68593547125886,-66.12306891097818,-13.862958685952735,107.12339699545332,335.4935923050938,1.274,1.0150000015428002,1.0,3.540762093754352,210.00008998959544,0.0690263010939139,8.555010586690489e-06,-0.1683984361799774,-0.0065525945913802,0.0122083449827896,0.8854495505821567,21.254152996128923,23.51384267997,2.6223325651168023
12.43,31.220916619742624,131.013959225199,61.15072750931842,-0.8420477302444698,0.2440530035878725,-2.4335073453293226,-0.8715505579811293,0.1938152094053963,0.0,23.44583300234143,9.640119474623637,-66.21763485994484,-13.90712619672459,107.17168627742343,334.72609685664304,1.274,1.0150000015428002,1.0,3.5387089165472903,210.00008998959544,0.0689464292844985,8.550176413972058e-06,-0.1674703364199611,-0.0062907277445052,0.012127289700006,0.8766994697737666,21.25978988422711,23.484168642574783,2.592127062912974
12.44,31.220916078266715,131.013960018882,60.937683812412125,-0.8375453668762922,0.2276353672738349,-2.400833773987997,-0.8720681476694103,0.2023491412691434,0.0,23.419065735876657,9.59462035537188,-66.3116334345134,-13.951697721884816,107.22038189573884,333.9690834588704,1.274,1.0150000015428002,1.0,3.53665305264359,210.00008998959544,0.0688675499125595,8.545294669182731e-06,-0.1665489448159403,-0.0060457970647814,0.0120470451510339,0.8679265009641599,21.26512517106864,23.45482252168482,2.5623135716522607
12.45,31.220915538090527,131.01396080768748,60.72470850453901,-0.8327951024195934,0.2111604407438545,-2.368620168467957,-0.8722100562252801,0.2106410053478195,0.0,23.39263201749953,9.54943556453014,-66.40507048822845,-13.996655491015767,107.26946420779852,333.22241184320325,1.274,1.0150000015428002,1.0,3.534597862747048,210.00008998959544,0.0687896518234638,8.540358074858753e-06,-0.1656344642993266,-0.0058177713337191,0.0119676195685117,0.859146829281534,21.270163582822303,23.425800946881708,2.5328800835783007
12.46,31.22091499920583,131.01396159164565,60.511800137468654,-0.8278025288353441,0.1946381788931225,-2.3368604009255813,-0.8719794305132813,0.2186898827307493,0.0,23.36652780137473,9.50456257713928,-66.49795200848551,-14.041981519901992,107.31891338363556,332.4859353549897,1.274,1.0150000015428002,1.0,3.532543332596086,210.00008998959544,0.0687127231114478,8.535359389783779e-06,-0.1647270878805612,-0.0056066179583544,0.0118890203586228,0.8503754532000057,21.274917233793943,23.39710143621662,2.503815074134095
12.47,31.220914461604497,131.0139623707864,60.29895727489584,-0.8225605408117272,0.1781050879947169,-2.3055473594474574,-0.8713869055693492,0.2264913971568149,0.0,23.34074800409048,9.459998894232584,-66.59028411118656,-14.087657611852828,107.36870940692728,331.75947874515134,1.274,1.0150000015428002,1.0,3.530477370501037,210.00008998959544,0.0686367488197417,8.530291408314073e-06,-0.163827002171002,-0.005412295815305,0.0118112539679355,0.8416205120565701,21.27942517305346,23.36872464083509,2.4751085064778304
12.48,31.22091392527845,131.0139631451394,60.086178514310845,-0.8170724350890418,0.1615760431808666,-2.2746747666855462,-0.8704378151069166,0.2340438855920277,0.0,23.31528850231832,9.41574202688238,-66.68207303632283,-14.133665369353348,107.41883208725996,331.0428950388966,1.274,1.0150000015428002,1.0,3.528397594623075,210.00008998959544,0.0685617168150097,8.525146965097661e-06,-0.1629344000092837,-0.0052347292660143,0.0117343278158853,0.8328939981479698,21.28370451621807,23.340668774191123,2.4467496448445765
12.49,31.220913390219724,131.01396391473403,59.87346246413541,-0.8113593850830902,0.1450287571071622,-2.2442378000325425,-0.8691274807706278,0.241350679296323,0.0,23.290146727914035,9.371789514032644,-66.7733251468757,-14.179986243700217,107.46926111370784,330.33608225381613,1.274,1.0150000015428002,1.0,3.526318445118086,210.00008998959544,0.0684876195372648,8.519918954545628e-06,-0.1620494701665811,-0.0050738296372048,0.0116582498373199,0.824218409273789,21.287734685144184,23.31292776748156,2.4187261174681187
12.5,31.22091285642041,131.01396467959952,59.66080776360458,-0.805427196988709,0.1284730356571485,-2.214230527933443,-0.8674595377524202,0.2484112518215017,0.0,23.26531883025244,9.32813894149022,-66.86404692489225,-14.22660155456953,107.519976075529,329.6389027407324,1.274,1.0150000015428002,1.0,3.5242399083834965,210.00008998959544,0.0684144456553365,8.514600335903702e-06,-0.1611723798208448,-0.0049295316379417,0.0115830257916432,0.81560848654512,21.291527658442188,23.28549931059208,2.3910271915019248
12.51,31.22091232387266,131.0139654397648,59.44821306785519,-0.7992789049876191,0.1119244975223734,-2.1846468544259707,-0.8654393518626027,0.2552243910068017,0.0,23.24080077428956,9.284787913553764,-66.9542449629097,-14.273492456651663,107.57095642526212,328.9512144461351,1.274,1.0150000015428002,1.0,3.5221592671399526,210.00008998959544,0.0683421832958805,8.509184117750752e-06,-0.1603032898585359,-0.004801761844939,0.0115086609315402,0.8070768541384856,21.29510131211809,23.258381822066745,2.3636426633631493
12.52,31.22091179256872,131.01396619525855,59.23567705886139,-0.792897659626257,0.0954401396202891,-2.155479184749255,-0.8630838794346574,0.2617834277581764,0.0,23.216586931521224,9.241734055252657,-67.04392595945158,-14.32063995167776,107.62218149127315,328.272831077556,1.274,1.0150000015428002,1.0,3.520055081508435,210.00008998959544,0.0682708158999568,8.503663361742635e-06,-0.1594423576626966,-0.0046904331039648,0.0114351595143381,0.7986206467466944,21.298515513539435,23.23157862666273,2.3365647566194503
12.53,31.220911262500863,131.01396694610924,59.023198431516846,-0.7863153597033424,0.0789755640541286,-2.126723616212037,-0.8603834278683439,0.2680947233471002,0.0,23.19267577797345,9.198974985064892,-67.13309671522633,-14.36802490894694,107.67363049950175,327.60368328806976,1.274,1.0150000015428002,1.0,3.5179514767227733,210.00008998959544,0.0682003389785776,8.498031191316422e-06,-0.1585897565894524,-0.0045954044451499,0.0113625290117113,0.7902712148662888,21.30172724002634,23.205081226637454,2.309780890775366
12.54,31.22091073366153,131.01396769234512,58.81077590357626,-0.7795379771704835,0.0625403477305027,-2.098374418233719,-0.8573420816247275,0.2741581310988154,0.0,23.169063647695108,9.156508390823872,-67.22176413434528,-14.415628145832605,107.72528266022216,326.9436417851616,1.274,1.0150000015428002,1.0,3.515848439870041,210.00008998959544,0.0681307417441493,8.492280820548699e-06,-0.1577456283023529,-0.0045165798087826,0.0112907735949199,0.7820425254441477,21.30474823980881,23.1788874605935,2.283281262759784
12.55,31.220910206043136,131.0139684339942,58.598408221619806,-0.7725716109981322,0.0461438049912881,-2.070425926966319,-0.8539639848485218,0.2799736182378479,0.0,23.14574693112356,9.114331971687944,-67.30993521303125,-14.463430362992284,107.77711709700232,326.2925796058151,1.274,1.0150000015428002,1.0,3.513745958329504,210.00008998959544,0.0680620135750134,8.48640552578871e-06,-0.1569101083000298,-0.0044538554329446,0.0112198970657905,0.7739483289042103,21.307589989644693,23.15299518227848,2.2570563203832332
12.56,31.220909679638225,131.01396917108423,58.386094139183086,-0.7653989103739997,0.0298439369213627,-2.042870786822986,-0.8502666462208202,0.2855348245195583,0.0,23.12272017049224,9.072443449569954,-67.39761703504576,-14.511412156564942,107.82911285933086,325.6503184483629,1.274,1.0150000015428002,1.0,3.5116220935556086,210.00008998959544,0.0679941384148511,8.48039864899235e-06,-0.156083325858673,-0.0044071201553066,0.0111499019359603,0.7659804825129587,21.3103133917539,23.127408044929577,2.2310994055271904
12.57,31.22090915443937,131.01396990364287,58.173832436639,-0.7580441028237008,0.013612343013359,-2.01570466357589,-0.8462452230149314,0.2908463436385395,0.0,23.09998133674337,9.030840534330563,-67.48481676707777,-14.5595540301032,107.88124893493328,325.016777402654,1.274,1.0150000015428002,1.0,3.509493539866796,210.00008998959544,0.0679271102898801,8.474253602714233e-06,-0.1552654268205456,-0.0043762085366747,0.011080793610161,0.7581663055662305,21.31289163330836,23.1021195585637,2.2053997061406103
12.58,31.22090863043928,131.0139706316974,57.96162191324508,-0.7505189614420922,-0.0025535086143393,-1.9889224257255853,-0.8419012527411392,0.2959098261350924,0.0,23.07752740345396,8.98952099430606,-67.57154165994508,-14.607836477570304,107.93350433896865,324.39184804081134,1.274,1.0150000015428002,1.0,3.5073655113140285,210.00008998959544,0.0678609202935814,8.46796389997975e-06,-0.1544565332511371,-0.0043609843924439,0.0110125753490739,0.7505233051133283,21.315324156639463,23.077126299258907,2.179947880139465
12.59,31.22090810763068,131.01397135527492,57.74946138515571,-0.7428297020952674,-0.0186446461296564,-1.9625186185992105,-0.8372392750753646,0.3007256059950253,0.0,23.055354934496552,8.948482618698806,-67.65779903934502,-14.656239941472952,107.98585806792552,323.7754110476548,1.274,1.0150000015428002,1.0,3.5052379958648583,210.00008998959544,0.0677955583147817,8.461523134974486e-06,-0.1536567556746706,-0.0043613156994968,0.0109452494408551,0.7430636376969024,21.317622076288178,23.052426240382754,2.154735441342707
12.6,31.220907586006383,131.0139720744024,57.537349689398006,-0.7349655636925844,-0.0346169450858471,-1.936486628921378,-0.8322734388509984,0.3052894956218575,0.0,23.033459201233416,8.907723214959356,-67.74359629980296,-14.70474480800228,108.03828909368316,323.1673114915611,1.274,1.0150000015428002,1.0,3.503095175127791,210.00008998959544,0.067731010441736,8.454924979318057e-06,-0.1528661985329889,-0.0043770635192836,0.0108788171816937,0.7357802980329299,21.319832206497363,23.028021584545662,2.1297561402999166
12.61,31.22090706555925,131.01397278910653,57.32528568088989,-0.7269373955815643,-0.0504711873147082,-1.910821360794098,-0.8270066135283024,0.3096029001720401,0.0,23.011837242655343,8.867240585142417,-67.8289409000194,-14.753331418856432,108.0907763756292,322.5674447700362,1.274,1.0150000015428002,1.0,3.5009411805511186,210.00008998959544,0.0676672679606409,8.448163186304169e-06,-0.152084976563127,-0.0044080484062989,0.0108132814957336,0.7286872999850299,21.321955749460145,23.00390924811636,2.1050017024889787
12.62,31.22090654628227,131.01397349941377,57.11326822448751,-0.7187641157564963,-0.0662249316348948,-1.8855183477202333,-0.8214370845567346,0.3136695802087981,0.0,22.990486750032822,8.827032566088965,-67.91384036232415,-14.801980134917809,108.14329892873728,321.9757251291222,1.274,1.0150000015428002,1.0,3.4987876702379617,210.00008998959544,0.0676043240758418,8.441231613636198e-06,-0.151313193984272,-0.004454093580543,0.0107486449103864,0.7218083995094208,21.323976853035106,22.98008416441365,2.080463152527117
12.63,31.220906028168454,131.01397420535045,56.90129621586089,-0.7104520017287965,-0.0818695973186601,-1.8605723484292405,-0.8155697528502573,0.3174902220618575,0.0,22.96940445060808,8.787097031206477,-67.99830226679255,-14.850671334651908,108.19583582103284,321.3920403399798,1.274,1.0150000015428002,1.0,3.4966346326922784,210.00008998959544,0.0675421691570228,8.43412421964698e-06,-0.1505509368652688,-0.0045150408741372,0.0106849082585599,0.7151533641151333,21.3259062082587,22.95654440870979,2.05613314904668
12.64,31.22090551121089,131.01397490694265,56.68936856558897,-0.7019952393774206,-0.0973716553598061,-1.8359773491171707,-0.8094163219272595,0.3210623394918178,0.0,22.948586186629537,8.747431866880834,-68.0823342434703,-14.899385387495714,108.24836614412284,320.8162540209714,1.274,1.0150000015428002,1.0,3.494470832761231,210.00008998959544,0.0674807909716332,8.42683505096457e-06,-0.1497982853591189,-0.0045907256957762,0.0106220715998602,0.708715797020666,21.32777985132074,22.93329109013465,2.0320060616330666
12.65,31.220904995402744,131.01397560421623,56.477484191206365,-0.6933944446996795,-0.1127110210013093,-1.8117277822878588,-0.8029855073726414,0.3243850161614545,0.0,22.92802835661781,8.708034959236873,-68.16594396770742,-14.948102665415115,108.30086902496645,320.24824599717766,1.274,1.0150000015428002,1.0,3.492290906546396,210.00008998959544,0.0674201789229849,8.419358246138418e-06,-0.149055325288709,-0.0046809533609992,0.0105601357169175,0.702494846953599,21.329620154747776,22.910323762258844,2.0080759250770996
12.66,31.22090448073725,131.01397629719682,56.265642040068165,-0.684674024178403,-0.1279169657001564,-1.7878197119346355,-0.7962731865197143,0.3274636854902281,0.0,22.90772920752938,8.668904209554409,-68.24913915835366,-14.996803591660756,108.35332367769256,319.6879482855824,1.274,1.0150000015428002,1.0,3.490111425510531,210.00008998959544,0.0673603278498454,8.411688052966054e-06,-0.1483221419818182,-0.0047855120403397,0.010499102262627,0.6965202729532322,21.331399312713348,22.887636074235697,1.984334340595643
12.67,31.22090396720772,131.01397698590995,56.05384106549101,-0.6758402735504446,-0.1429813645949537,-1.7642481157014482,-0.7892845814644667,0.3302993740165457,0.0,22.887685621745977,8.63003756883817,-68.33192757435246,-15.04546867021176,108.405709434502,319.1352552616672,1.274,1.0150000015428002,1.0,3.487932378744904,210.00008998959544,0.0673012285785215,8.403818836303356e-06,-0.1475987976678268,-0.0049042195782375,0.0104389706752654,0.6907986666225299,21.33312751572331,22.865226184826422,1.9607751632375832
12.68,31.220903454807512,131.0139776703809,55.84208024663588,-0.6668906084035812,-0.1578778561863413,-1.7410074457566924,-0.7820298796955896,0.3328908166139057,0.0,22.867893859296565,8.591432996520082,-68.41431700574213,-15.094078441758327,108.4580056974805,318.5900444958116,1.274,1.0150000015428002,1.0,3.485745533042571,210.00008998959544,0.067242870105399,8.395745059168355e-06,-0.1468853488424245,-0.0050368879130234,0.0103797397645107,0.6853228257087455,21.334833486154576,22.84309449502104,1.9373935982919974
12.69,31.22090294353006,131.01397835063483,55.630358569619546,-0.6578187105156991,-0.1725725199396903,-1.7180919326316626,-0.7745217463100287,0.3352356595254398,0.0,22.848349961266816,8.553088454936931,-68.49631526901172,-15.142613494822267,108.51019194985324,318.05218804693726,1.274,1.0150000015428002,1.0,3.4835391853163458,210.00008998959544,0.0671852407831866,8.387461285878587e-06,-0.1461818547215115,-0.0051833058913754,0.0103214084985439,0.6800775117467615,21.33655363125541,22.82124237421036,1.9141856680841058
12.7,31.220902433368863,131.01397902669655,55.418675044414734,-0.648652743255157,-0.1871028776744785,-1.6954980457590747,-0.7667545088240604,0.3373405630442368,0.0,22.82905257353889,8.515001906997423,-68.57793020451429,-15.191054504367642,108.56224779676788,317.5216310252126,1.274,1.0150000015428002,1.0,3.481333245433276,210.00008998959544,0.0671283366240702,8.37896219573612e-06,-0.1454883807497722,-0.0053432322886852,0.0102639775219734,0.6750973059797698,21.338251688405474,22.799662574475857,1.891143769111664
12.71,31.220901924317545,131.01397969859076,55.20702868894463,-0.6393989789517199,-0.2014613200919268,-1.6732209863612062,-0.7587336699570192,0.3392068814582273,0.0,22.80999872596865,8.477171375220012,-68.65916967468044,-15.239382282376456,108.61415301883332,316.99827396895955,1.274,1.0150000015428002,1.0,3.479127703053542,210.00008998959544,0.0670721488884084,8.370242598432182e-06,-0.1448049660163757,-0.0055164631711631,0.0102074449401877,0.6703849885812302,21.339937276890392,22.77835332101707,1.8682629792282002
12.72,31.220901416369696,131.013980366342,54.99541854697628,-0.6300562720300869,-0.2156250793960677,-1.651255547694996,-0.7504688461254035,0.3408340810267415,0.0,22.791184948552324,8.439594886851081,-68.74004155428747,-15.28757772114618,108.66588751039134,316.4820040196548,1.274,1.0150000015428002,1.0,3.4769157007785565,210.00008998959544,0.067016667366842,8.361297410664296e-06,-0.1441316440737011,-0.0057027892392779,0.0101518083071647,0.665930331702427,21.341635424534427,22.757314720234746,1.8455395535148085
12.73,31.22090090951904,131.0139810299746,54.783843669233086,-0.6206148223200513,-0.2295537072700745,-1.62959600769674,-0.7419747228018712,0.3422192721507148,0.0,22.772607199071214,8.402270472778316,-68.82055372587358,-15.335621803825047,108.71743129011055,315.9726929605944,1.274,1.0150000015428002,1.0,3.474682442202364,210.00008998959544,0.0669618801675523,8.352121658906206e-06,-0.1434684499515585,-0.0059019816314341,0.0100970650930672,0.6617065825095534,21.34338914569604,22.73654908351939,1.8229711099766313
12.74,31.220900403759337,131.01398168951275,54.5723031213477,-0.6111047440195044,-0.2432893661716455,-1.6082391249986163,-0.7332449512452597,0.3433698867030732,0.0,22.7542643709629,8.365196155959412,-68.90071407683831,-15.3834956380466,108.76876453633908,315.4702945371369,1.274,1.0150000015428002,1.0,3.472449555790877,210.00008998959544,0.0669077840309997,8.34271049126541e-06,-0.1428154282683048,-0.0061137754856181,0.0100432148074479,0.6577510770643434,21.34515737510225,22.71604868152961,1.8005510603138861
12.75,31.22089989908447,131.01398234498035,54.36079598883235,-0.6015322463656234,-0.2568250169659245,-1.5871803278494656,-0.7242852737027544,0.3442875937710671,0.0,22.7361536344068,8.328370024812765,-68.98053049844455,-15.431180517005195,108.81986765178792,314.97471504516534,1.274,1.0150000015428002,1.0,3.470217031705824,210.00008998959544,0.066854370630549,8.333059196419295e-06,-0.1421725957519124,-0.0063379473427914,0.0099902542858846,0.6540624659247185,21.346949096680024,22.695811790172527,1.778275709230625
12.76,31.22089939548832,131.01398299640127,54.14932136514988,-0.5918957590487858,-0.2701377667617703,-1.566414633618934,-0.7151056970434831,0.3449720912976594,0.0,22.71827164699093,8.291790169776974,-69.06001087583778,-15.478657855185212,108.87072119381864,314.48584702917486,1.274,1.0150000015428002,1.0,3.46797771695762,210.00008998959544,0.0668016301324146,8.323163177854902e-06,-0.1415399638043078,-0.0065742689393505,0.0099381798281973,0.6506246280683025,21.348789418258946,22.67583866302464,1.7561425642964943
12.77,31.22089889296485,131.013983643799,53.93787836861325,-0.5821856041588368,-0.2831882231332667,-1.5459365972160224,-0.7057209636573784,0.34542087342199,0.0,22.700614547987094,8.255454682762151,-69.13916308355662,-15.525909198184475,108.92130588425418,314.00356916953035,1.274,1.0150000015428002,1.0,3.465717058438701,210.00008998959544,0.0667495511788489,8.313017956390301e-06,-0.1409175458013967,-0.0068224924444833,0.0098869877136885,0.6474047322981071,21.35072024132306,22.65613162703065,1.7341504032098725
12.78,31.22089839150812,131.0139842871971,53.72646611753335,-0.5724319669408189,-0.2960194324816214,-1.5257431583968908,-0.6961249382675189,0.3456416785237108,0.0,22.683181332544045,8.219361646403078,-69.21799498277842,-15.572916256958647,108.9716026453122,313.5278396034555,1.274,1.0150000015428002,1.0,3.4634567379652084,210.00008998959544,0.066698130809711,8.302619182063465e-06,-0.1403053646353774,-0.007082335214643,0.0098366761965631,0.6444400248278848,21.35269951010641,22.63668291568714,1.7122938664275957
12.79,31.220897891112248,131.01398492661875,53.51508375507143,-0.5626409560517862,-0.3086249755297995,-1.5058299744402217,-0.6863235609730309,0.3456364769385723,0.0,22.66596930449039,8.183509209821953,-69.29651442030688,-15.619660968012296,109.02159266321,313.05857001283965,1.274,1.0150000015428002,1.0,3.461196746190821,210.00008998959544,0.0666473610917174,8.291962652469558e-06,-0.1397034155281231,-0.0073535565531092,0.0097872409072173,0.6417251430736025,21.35473551554562,22.617490841129936,1.690570470716867
12.8,31.220897391771384,131.0139855620871,53.30373043333329,-0.5528086405820535,-0.3209779703179705,-1.4861921770120687,-0.6763282083347527,0.3454046880265618,0.0,22.648975112171456,8.14789552259251,-69.37472921881171,-15.666125427090035,109.07125731642932,312.59565438448936,1.274,1.0150000015428002,1.0,3.4589279170068665,210.00008998959544,0.0665972321642893,8.281044286768259e-06,-0.139111688599001,-0.0076359115385385,0.0097386768998191,0.6392347405855233,21.3568573762264,22.598556274218915,1.6689791583216056
12.81,31.22089689347976,131.01398619362496,53.09240531734629,-0.5429292201979344,-0.333047939012478,-1.4668248084361508,-0.6661516800438743,0.3449451278699987,0.0,22.6321953314327,8.112518730188894,-69.45264717247387,-15.712291898188145,109.12057818464764,312.1389851493444,1.274,1.0150000015428002,1.0,3.456639369320696,210.00008998959544,0.0665477339537694,8.269860128067937e-06,-0.1385301782112845,-0.0079291320757022,0.0096909795620579,0.6369377896101812,21.359097867944783,22.579880578114835,1.6475194143652077
12.82,31.22089639623168,131.01398682125514,52.88110759002943,-0.5330309984044813,-0.3448749087625708,-1.4477248890624543,-0.6557889610592115,0.3442653660652744,0.0,22.615628918945383,8.077376975739483,-69.53027604482271,-15.758142854430464,109.16953709168736,311.6885208036918,1.274,1.0150000015428002,1.0,3.4543511270268747,210.00008998959544,0.0664988633871844,8.258406357259481e-06,-0.1379588846694144,-0.0082329236878571,0.0096441457784285,0.6348679520995185,21.361417914932066,22.56145642207679,1.6261873072097424
12.83,31.22089590002152,131.01398744500025,52.66983644125824,-0.5231199481009897,-0.3564531248546912,-1.4288883055532984,-0.6452461471474215,0.3433676599297814,0.0,22.59927330594504,8.042468464243447,-69.60762356693495,-15.803661025202414,109.21811615505392,311.24417807370924,1.274,1.0150000015428002,1.0,3.4520631812976816,210.00008998959544,0.0664506129062266,8.246679306546019e-06,-0.1373977826165288,-0.0085470307536345,0.0095981700404524,0.6330164134940319,21.363825064193723,22.543282141210486,1.6049815357321786
12.84,31.220895404843706,131.01398806488262,52.4585910738298,-0.5131877705279082,-0.3677477079941957,-1.4103102005718415,-0.6345369823646306,0.3422506289893009,0.0,22.58312500037531,8.007791400875531,-69.68469742834763,-15.84882933376958,109.2662977185622,310.80584863276084,1.274,1.0150000015428002,1.0,3.449762588867125,210.00008998959544,0.0664029722378435,8.234675435399129e-06,-0.136846841828521,-0.008871194023621,0.0095530461718097,0.6313449517068961,21.366356531352924,22.52535972210283,1.5839026285946278
12.85,31.220894910692703,131.0139886809245,52.24737071340351,-0.5032364480478012,-0.3787452270931666,-1.391986296016407,-0.6236702864806841,0.3409153686274649,0.0,22.56718125964338,7.973343977225115,-69.76150527287996,-15.893630905401276,109.31406436031628,310.373445193832,1.274,1.0150000015428002,1.0,3.44744566235946,210.00008998959544,0.0663559333127964,8.222391332915586e-06,-0.136306040403652,-0.0092051237967232,0.0095087689611517,0.6298342488075561,21.369027662184887,22.50768853176776,1.5629503392951343
12.86,31.220894417563105,131.01398929314803,52.03617458364872,-0.4932903775559719,-0.3894786412386283,-1.3739135992688776,-0.6126430892795223,0.33936879379629,0.0,22.55144086754601,7.939124398903683,-69.8380546974941,-15.938049121359628,109.36139894955906,309.94692278712023,1.274,1.0150000015428002,1.0,3.445129010069703,210.00008998959544,0.0663094925500811,8.209823735561223e-06,-0.1357753552299998,-0.0095485197975489,0.009465333814287,0.6285103503402859,21.37180648913807,22.49026217680904,1.542122339926592
12.87,31.220893925449506,131.0139899015751,51.8250019310972,-0.4833553632652916,-0.3999428995928557,-1.3560882249809747,-0.6014615996917513,0.3376134336855706,0.0,22.535901376864853,7.905130922282936,-69.91435324895554,-15.982067639974783,109.40828466834664,309.52620286832166,1.274,1.0150000015428002,1.0,3.4428126235791576,210.00008998959544,0.0662636427491111,8.196969531602628e-06,-0.1352547413674967,-0.0099011138094602,0.0094227341519505,0.6273618856223524,21.37469977150368,22.47307900327564,1.5214184698631645
12.88,31.2208934343466,131.01399050622743,51.61385200923761,-0.4734166604176988,-0.4100909730075009,-1.3385052293212345,-0.5901429466906867,0.335646575255141,0.0,22.52055902975632,7.8713618050870116,-69.99040841586005,-16.025670344608784,109.45470495536344,309.11117124182977,1.274,1.0150000015428002,1.0,3.4404779711777653,210.00008998959544,0.0662183728556793,8.183825741234801e-06,-0.1347441492548526,-0.010262634598466,0.009380962588761,0.6263338672578878,21.37775706346157,22.456142640351366,1.5008409542418417
12.89,31.220892944249105,131.01399110712669,51.40272408348593,-0.4634880885495891,-0.4199348829534065,-1.321161188768388,-0.5786898935438616,0.3334725704650451,0.0,22.505411999784265,7.83781527752352,-70.06622762467063,-16.068841350843567,109.5006435129062,308.701767112427,1.274,1.0150000015428002,1.0,3.4381321755031458,210.00008998959544,0.0661736774947059,8.170389519012305e-06,-0.1342435435767627,-0.0106327694569941,0.0093400136014895,0.625429986121359,21.38096768524625,22.43944937318611,1.4803894200007883
12.9,31.220892455151848,131.01399170429423,51.1916174341681,-0.4535880412859729,-0.4294963256580025,-1.304053010517788,-0.5671024583323593,0.3310971827129413,0.0,22.490458769352028,7.8044896108357,-70.14181824002355,-16.1115650805426,109.54608438498684,308.29793842213934,1.274,1.0150000015428002,1.0,3.435786624248408,210.00008998959544,0.0661295521992567,8.156658177528518e-06,-0.1337528770035492,-0.011011218425833,0.0092998810130356,0.624664190778898,21.38431106365243,22.42299427611085,1.4600632852337456
12.91,31.22089196704969,131.01399229775143,50.98053134856681,-0.4437221237879755,-0.4387709884767091,-1.2871770340481252,-0.5553869203516003,0.32852319710622,0.0,22.47569700728732,7.77138310854048,-70.21718755912012,-16.15382624299239,109.59101193649369,307.8996110659786,1.274,1.0150000015428002,1.0,3.433441309327615,210.00008998959544,0.0660859901102763,8.142629178367864e-06,-0.1332720860715337,-0.0113977030290206,0.0092605572432937,0.6240236009823997,21.387793133230605,22.40677569523929,1.4398634794019383
12.92,31.22089147993756,131.0139928875194,50.76946513285116,-0.4338669968718129,-0.4476953959985339,-1.2705281367295242,-0.5435648314741613,0.3257460234087207,0.0,22.46112257044914,7.738494078304689,-70.29234280529433,-16.195609800104602,109.63541081548628,307.50666162146774,1.274,1.0150000015428002,1.0,3.431070251472099,210.00008998959544,0.0660429790410092,8.128300118670198e-06,-0.1328011029513984,-0.0117919423958536,0.0092220337251371,0.623432360039468,21.39148018236413,22.390799457692715,1.4197939794221994
12.93,31.22089099381043,131.01399347361908,50.55841809318864,-0.4240525201980942,-0.4563157010240512,-1.2541039087125585,-0.531630781132206,0.3227742680148152,0.0,22.446734772454487,7.705820781352294,-70.36729112430125,-16.236900972643625,109.67926595916344,307.11906167201494,1.274,1.0150000015428002,1.0,3.428695095372546,210.00008998959544,0.0660005169687877,8.113668733733699e-06,-0.1323398818664934,-0.0121935993401206,0.0091843049062952,0.6229291748923242,21.39532662113544,22.37505762748827,1.3998539671650956
12.94,31.220890508663366,131.01399405607134,50.347389556620975,-0.4142889161514551,-0.4646379962058085,-1.237901075541063,-0.5195887389957184,0.3196120344142817,0.0,22.432531671766498,7.67336155885405,-70.44203958647942,-16.27768534182643,109.72256270106728,306.73674864869764,1.274,1.0150000015428002,1.0,3.426320155085313,210.00008998959544,0.0659585981804344,8.098732928714745e-06,-0.1318883504893678,-0.0126023804072794,0.0091473629266697,0.6225110529899908,21.39932771395156,22.359547305949555,1.3800447032829473
12.95,31.220890024491474,131.0139946348968,50.13637885714719,-0.4045763679229561,-0.4726480706270646,-1.2219159306326133,-0.507447743698106,0.3162610150599206,0.0,22.4185107235201,7.641114757478776,-70.5165951781595,-16.317948775727746,109.76528669217448,306.35964374755423,1.274,1.0150000015428002,1.0,3.423940769471475,210.00008998959544,0.0659172151888694,8.083490751622481e-06,-0.1314464279520148,-0.0130179991946728,0.0091111991452511,0.6221531348834949,21.403499428235225,22.344268180244818,1.360368620545474
12.96,31.22088954128992,131.01399521011604,49.925385336717554,-0.3948963608557101,-0.4802936655000696,-1.206143854541026,-0.4952268216646039,0.3127180886726335,0.0,22.404668263914527,7.609078721822934,-70.59096479718697,-16.35767741911256,109.80742388945136,305.98763789100377,1.274,1.0150000015428002,1.0,3.421535564506273,210.00008998959544,0.0658763572170903,8.067940388930032e-06,-0.1310140340051609,-0.0134401578548115,0.0090758045705457,0.6217889418545892,21.40789656217299,22.32922479493244,1.340830043564871
12.97,31.22088905905392,131.0139957817494,49.71440835318632,-0.3852834422733884,-0.4876317778349702,-1.1905828526221656,-0.482918055264779,0.3089933213893557,0.0,22.39100397534125,7.577251761638066,-70.66515525052267,-16.396857716039953,109.84896057918732,305.6207137036607,1.274,1.0150000015428002,1.0,3.4191305553752054,210.00008998959544,0.0658360233269805,8.05208017333034e-06,-0.1305911059706139,-0.0138685126316654,0.0090411728431292,0.6214696272005055,21.41246235733582,22.31440787948955,1.3214288666900973
12.98,31.220888577778787,131.01399634981715,49.5034472733533,-0.3757427035903618,-0.4946592480548011,-1.1752296337813193,-0.4705277907357486,0.3050898832245582,0.0,22.37751570798556,7.545632275325736,-70.73917325555931,-16.435476494935195,109.88988346647432,305.25880395826823,1.274,1.0150000015428002,1.0,3.416725734739833,210.00008998959544,0.0657962071932389,8.035908609065564e-06,-0.1301775505414307,-0.0143027730200983,0.0090072947898981,0.621181811730389,21.41720144914493,22.29981578025033,1.3021677813624528
12.99,31.22088809745985,131.01399691433937,49.29250146898715,-0.366261804174997,-0.5013374938481662,-1.1600801066425106,-0.4580714525112058,0.3010065651282135,0.0,22.364200284925484,7.514218652589919,-70.81302543096955,-16.473520876624093,109.93017957700552,304.90181367138416,1.274,1.0150000015428002,1.0,3.4143055158791014,210.00008998959544,0.0657568994706531,8.019424339617249e-06,-0.1297732706034887,-0.0147426470430541,0.008974160618953,0.6208732305029876,21.42215463027684,22.285451380418856,1.2830511531827988
13.0,31.220887618092508,131.01399747533597,49.0815703317371,-0.3568460135196863,-0.5076644151123197,-1.1451310238942984,-0.4455558916796751,0.2967463836134667,0.0,22.35105565565844,7.483009257306384,-70.88671829353176,-16.510978279220705,109.96983626163632,304.54967886471326,1.274,1.0150000015428002,1.0,3.411869990358733,210.00008998959544,0.0657180941260893,8.002626149192624e-06,-0.1293781810035281,-0.0151878092287339,0.0089417618767709,0.6205311461764904,21.427325425285403,22.27131295921053,1.264082090167939
13.01,31.220887139672232,131.0139980328268,48.87065325424522,-0.3475177286024047,-0.5136733693638927,-1.1303800212664616,-0.4329789703067368,0.2923167864316159,0.0,22.338080824064168,7.452002476738105,-70.96025825840633,-16.54783648141705,110.00884126274188,304.2023645108915,1.274,1.0150000015428002,1.0,3.4094346341641057,210.00008998959544,0.0656797882266357,7.985512982381785e-06,-0.1289921925711675,-0.0156379336798627,0.0089100903054034,0.6201819623396353,21.43268112332669,22.257394280780414,1.2452625766624303
13.02,31.22088666219456,131.01399858683152,48.65974963909313,-0.3382817728894203,-0.5193620051891366,-1.1158240158164252,-0.4203469865325706,0.2877211513556379,0.0,22.325273743163528,7.421196746563795,-71.03365163598475,-16.584083626821826,110.04718271808972,303.85980714263485,1.274,1.0150000015428002,1.0,3.406999440307712,210.00008998959544,0.0656419757496246,7.968083943073557e-06,-0.128615196682019,-0.0160927260111177,0.0088791359331185,0.6198131299408394,21.438225466175822,22.24369366736376,1.226596218931528
13.03,31.220886185655043,131.01399913736964,48.448858904766645,-0.3291109136078612,-0.5246626210684,-1.1014584510234444,-0.4076828597276977,0.2829547837884573,0.0,22.312630499898248,7.390590501259469,-71.10690462552184,-16.619708169671508,110.084849102736,303.52189274960784,1.274,1.0150000015428002,1.0,3.4045358958558607,210.00008998959544,0.065604645185722,7.950338275278587e-06,-0.1282470811787345,-0.0165518910109785,0.0088488878584898,0.6193398355666181,21.444028944793796,22.23021783985996,1.2080891701838452
13.04,31.22088571004931,131.01399968446052,48.23798047770313,-0.3200388380769855,-0.5296327502859369,-1.0872815693159796,-0.3949790259168747,0.2780278982386996,0.0,22.3001508495986,7.360182115770537,-71.1800233122934,-16.654698878796378,110.1218292326202,303.18860740226694,1.274,1.0150000015428002,1.0,3.4020695528685407,210.00008998959544,0.0655677958116561,7.93227536507415e-06,-0.1278877592194366,-0.0170150738430272,0.0088193384384493,0.6188156354523765,21.450034090158145,22.21695751653127,1.189743314369739
13.05,31.220885235373075,131.01400022812342,48.02711378831488,-0.3110734191152678,-0.5342773478497083,-1.0732905710674168,-0.3822401505560375,0.2729447817077969,0.0,22.28783301231974,7.329970062309987,-71.25301367093269,-16.68904495063722,110.1581123833454,302.8598955581064,1.274,1.0150000015428002,1.0,3.399603353800268,210.00008998959544,0.0655314223901019,7.913894774450812e-06,-0.1275371143847332,-0.0174819728296819,0.0087904774264277,0.6182363235388005,21.456237132163007,22.20391013901747,1.1715626472796241
13.06,31.22088476162208,131.01400076837749,47.81625828192465,-0.3022060969818209,-0.5385680633838157,-1.0594819631741117,-0.3694792263428246,0.26770568775309,0.0,22.27567428038812,7.299952810262131,-71.3258815571301,-16.72273591519461,110.19368819008984,302.5356766734184,1.274,1.0150000015428002,1.0,3.3971256624321824,210.00008998959544,0.0654955169560594,7.895196209038076e-06,-0.1271950239903814,-0.0179522919791004,0.0087622938302257,0.6175608424456396,21.46266831741404,22.19107745260428,1.1535524540503206
13.07,31.22088428879212,131.01400130524164,47.605413407830106,-0.2934317400269485,-0.5424839486116647,-1.0458524055249832,-0.3567079024465876,0.2623115528199049,0.0,22.263672195868093,7.270128808051227,-71.3986327044264,-16.755761628303624,110.22854663884854,302.2158772318219,1.274,1.0150000015428002,1.0,3.39462787714158,210.00008998959544,0.065460072278899,7.876179515193918e-06,-0.12686137384054,-0.0184257110750855,0.008734777394594,0.6167563924645129,21.46935031764986,22.17846028964304,1.1357178930319922
13.08,31.22088381687905,131.01400183873474,47.39457863023932,-0.2847776546838466,-0.546070849829461,-1.0324000482222817,-0.3439213560624042,0.2567713835379496,0.0,22.25182619922277,7.240496502301148,-71.47127272418658,-16.788112319867356,110.26267811673212,301.9004754581275,1.274,1.0150000015428002,1.0,3.3921302178297754,210.00008998959544,0.0654250867097612,7.856844694809188e-06,-0.1265360551020522,-0.0189018923972467,0.0087079190272666,0.6158646199471138,21.4762375248921,22.166050889293565,1.1180622979642796
13.09,31.2208833458788,131.0140023688755,47.1837534183297,-0.2762480498372094,-0.5493276605623673,-1.0191221404794724,-0.3311257455754921,0.2510888530662662,0.0,22.240134404251258,7.211054409147837,-71.54380710494661,-16.819778630662466,110.29607345011594,301.5894137160186,1.274,1.0150000015428002,1.0,3.3896326781077093,210.00008998959544,0.065390554699145,7.837191914409853e-06,-0.1262189352428621,-0.0193805405344444,0.0086817075297299,0.6148752112493886,21.483332301319656,22.15384753906169,1.100590663567759
13.1,31.22088287578733,131.01400289568247,46.97293724724186,-0.2678151503529295,-0.552188180870047,-1.0060145447511406,-0.3183436465606327,0.2452596360429333,0.0,22.22859315078965,7.181801038264585,-71.61624120575205,-16.850751536831034,110.3287238243384,301.2825864713659,1.274,1.0150000015428002,1.0,3.3871069470254125,210.00008998959544,0.0653564654818094,7.817221479672218e-06,-0.1259098787779754,-0.0198613602011656,0.0086561308589791,0.6137055655565133,21.490703532235557,22.141856976879996,1.083309849779036
13.11,31.22088240660064,131.01400341917417,46.76212960901516,-0.2595108072037348,-0.5547086444314284,-0.9930756933976695,-0.3055680579821411,0.2392938704688428,0.0,22.21720220185868,7.152734835929524,-71.6885802539653,-16.881022352686667,110.36062078608578,300.9799812203775,1.274,1.0150000015428002,1.0,3.384577367992238,210.00008998959544,0.0653228183574384,7.796933836866102e-06,-0.125608775825472,-0.0203439980995052,0.0086311801163804,0.6124095321834511,21.498294938683923,22.130070132929035,1.06622358223789
13.12,31.22088193831484,131.01400393936882,46.5513299956877,-0.2513434302792926,-0.5568976557265735,-0.9803031442195947,-0.2928029056452388,0.2331963791524969,0.0,22.205959991066702,7.12385434685798,-71.76082934906603,-16.91058284468761,110.39175636284962,300.68154955180535,1.274,1.0150000015428002,1.0,3.3820478913192047,210.00008998959544,0.0652896087170129,7.776329606092014e-06,-0.1253154887940485,-0.0208281523577903,0.0086068440228399,0.6109881582292097,21.506098915139837,22.118484089225145,1.049337099015828
13.13,31.22088147092604,131.01400445628468,46.34053791122564,-0.2433005569202684,-0.5587214901928539,-0.9676936094239124,-0.2800625877071379,0.2269668816225758,0.0,22.19486382049768,7.095158115464835,-71.83299345541381,-16.939425138425587,110.42212296425346,300.3872125892438,1.274,1.0150000015428002,1.0,3.3795040554466045,210.00008998959544,0.0652568286246833,7.755409550156283e-06,-0.1250298733851085,-0.021313529836364,0.0085831104469072,0.6093955925769861,21.514151115676125,22.107101444984934,1.0326567387600654
13.14,31.22088100443042,131.01400496993975,46.12975286854119,-0.2353818617004995,-0.5601716464026265,-0.9552443043369844,-0.2673558031504547,0.2206078914809924,0.0,22.18391171352464,7.066644654627066,-71.90507739951306,-16.967541705526774,110.45171336767964,300.0969111893273,1.274,1.0150000015428002,1.0,3.376942092683947,210.00008998959544,0.0652244722653955,7.734174570125863e-06,-0.1247517971874306,-0.0217998083887854,0.0085599684005123,0.6076142928904937,21.52246139574641,22.09592155886573,1.0161882936888043
13.15,31.22088053882421,131.014005480352,45.91897438849804,-0.2276118057446491,-0.5612906911539449,-0.9429535398901084,-0.2546786106277803,0.214128110757533,0.0,22.17310307498586,7.038312489911347,-71.97708587118808,-16.994925423313997,110.4805207804618,299.8106237445206,1.274,1.0150000015428002,1.0,3.374380215511368,210.00008998959544,0.0651925378858884,7.712625722881112e-06,-0.1244811288180481,-0.0222866593981872,0.0085374075422273,0.6056836771669217,21.53098738557009,22.08493714960625,0.9999367084566768
13.16,31.22088007410372,131.01400598753924,45.70820199494106,-0.2199917061889945,-0.5620742216568994,-0.9308187707973772,-0.2420380447195213,0.2075308866630532,0.0,22.162436047305853,7.010160209637092,-72.04902342256605,-17.021569592276666,110.50853885759494,299.5282946286165,1.274,1.0150000015428002,1.0,3.371816447265008,210.00008998959544,0.065161020021234,7.690764223969957e-06,-0.1242177158885115,-0.0227737931522741,0.008515415644171,0.6035911107068065,21.53973472662754,22.07414705115661,0.9839080587532263
13.17,31.220879610265268,131.01400649151907,45.497435225631726,-0.2124920246207569,-0.5624551440912138,-0.9188361754385236,-0.2294569114230039,0.2008118575609922,0.0,22.151907147678887,6.98218639085218,-72.12089446263091,-17.047467865480346,110.53576162686772,299.2498244709864,1.274,1.0150000015428002,1.0,3.3692216321320334,210.00008998959544,0.0651299084281406,7.668591424433809e-06,-0.1239614056230338,-0.0232609169650676,0.008493979873192,0.6012546874733558,21.5487731487966,22.06355831925469,0.9681093913558394
13.18,31.22087914730524,131.01400699230922,45.286673624295055,-0.2051517688894571,-0.5625068875154252,-0.9070047213034584,-0.216924139934947,0.1939832245101981,0.0,22.14151663017035,6.954389542363352,-72.19270325612324,-17.07261425834163,110.56218349857856,298.9752150597855,1.274,1.0150000015428002,1.0,3.3666268862214337,210.00008998959544,0.065099203850356,7.646108814219944e-06,-0.1237120722006011,-0.0237476795796532,0.0084730907206904,0.5987486071587499,21.558028683856698,22.05315967429975,0.9525456095876221
13.19,31.22087868522008,131.01400748992697,45.07591674061951,-0.1979741433397714,-0.5622300490854486,-0.8953220728388172,-0.2044454939499244,0.1870489621473499,0.0,22.13126281423766,6.926768295460408,-72.26445392807001,-17.09700326825156,110.5877993905886,298.70441601765725,1.274,1.0150000015428002,1.0,3.3640322039417385,210.00008998959544,0.0650689013436153,7.623318055667534e-06,-0.1234695559156273,-0.0242337958856814,0.0084527356520563,0.59606638180881,21.56750182873984,22.042949341951317,0.9372229661874625
13.2,31.220878224006288,131.0140079843897,44.865164132245525,-0.1909346249417713,-0.5615689570434335,-0.883784788123257,-0.1920407723320355,0.1800061748403368,0.0,22.12114258992963,6.899321263162368,-72.33615045597422,-17.120629750702246,110.61260459753244,298.437338547417,1.274,1.0150000015428002,1.0,3.3614131774493465,210.00008998959544,0.0650389917610641,7.600220943942221e-06,-0.1232336949915259,-0.0247189821576881,0.0084329014878308,0.5931395764377955,21.57725060492344,22.03293295674473,0.9221482705815833
13.21,31.220877763660383,131.01400847571463,44.65441536774767,-0.1840539234521079,-0.5605607612935264,-0.8723912072709824,-0.179707671633005,0.1728627691954755,0.0,22.111155280121235,6.872047000169063,-72.40779666861998,-17.143488920949338,110.6365947920168,298.17395967867594,1.274,1.0150000015428002,1.0,3.358785089874141,210.00008998959544,0.0650094731087456,7.5768194076222895e-06,-0.1230043500873427,-0.0252029062723985,0.0084135775539093,0.5900026550568698,21.58723810596821,22.02310400636142,0.9073272853504442
13.22,31.22087730417898,131.01400896391883,44.44367002067003,-0.1773454096000083,-0.5592279807883124,-0.8611394858003266,-0.167446853869921,0.165625196857596,0.0,22.10129981946672,6.844944136916841,-72.47939624990398,-17.16557645519097,110.65976613019816,297.9142460708837,1.274,1.0150000015428002,1.0,3.3561570502279734,210.00008998959544,0.0649803422513111,7.553115537050162e-06,-0.1227813642410148,-0.0256852698966341,0.0083947518584341,0.5866739554966316,21.597442380903008,22.01345788838343,0.8927661332675557
13.23,31.22087684555872,131.01400944901917,44.2329276645558,-0.1707946638216322,-0.5575367513313895,-0.8500267386099029,-0.1552726045708917,0.1582932329178276,0.0,22.091573720823035,6.818011325538385,-72.55095273461619,-17.18688842976657,110.68211518732824,297.65812618144537,1.274,1.0150000015428002,1.0,3.3535138697892024,210.00008998959544,0.0649515918732156,7.529111563747654e-06,-0.1225645694061448,-0.0261657954153275,0.0083764111497416,0.5831098743333648,21.607899124307394,22.00399743482603,0.8784712776577241
13.24,31.22087638779624,131.0140099310326,44.02218789282929,-0.1644005355172841,-0.5554807068902986,-0.839050576871433,-0.1431930062928624,0.1508696712925794,0.0,22.0819752288924,6.791247176228124,-72.62246950566026,-17.207421285195927,110.7036389194646,297.40554835516247,1.274,1.0150000015428002,1.0,3.3508519627372046,210.00008998959544,0.0649232168106865,7.504809848962333e-06,-0.1223538109848281,-0.0266441761029455,0.0083585434128292,0.5792974236134142,21.61861589922918,21.994721890366822,0.8644488216866302
13.25,31.22087593088831,131.01401040997578,43.811450294937416,-0.1581872172195553,-0.5531056072007067,-0.8282096447949893,-0.1312033194001801,0.1433635665533022,0.0,22.072503902587705,6.764650313125824,-72.69394979630131,-17.22717189018101,110.72433472998176,297.1564964605502,1.274,1.0150000015428002,1.0,3.348190088313596,210.00008998959544,0.064895215763907,7.480212901513648e-06,-0.1221489360724822,-0.0271201004529669,0.0083411372814083,0.5752810018555939,21.62954696105036,21.985623626390616,0.8507047895527279
13.26,31.22087547483173,131.01401088586536,43.6007144732497,-0.1521487370316287,-0.550395994712503,-0.8175015224830264,-0.1193131662972516,0.1357769276815324,0.0,22.063157769193783,6.738219428285979,-72.76539669010472,-17.2461375580128,110.7442004861142,296.9109132211561,1.274,1.0150000015428002,1.0,3.3455207993200986,210.00008998959544,0.0648675829299575,7.455323379932712e-06,-0.1219497711348185,-0.0275932980727175,0.0083241794352964,0.5710378946306349,21.640709157997613,21.97670309819613,0.8372453314319392
13.27,31.22087501962329,131.01401135871785,43.38998004107005,-0.1462653810083769,-0.547308757950346,-0.8069232467143032,-0.1075393231945206,0.1281082372856639,0.0,22.0539342082184,6.711953184084358,-72.83681311648913,-17.26431596989351,110.76323443802792,296.6687240755356,1.274,1.0150000015428002,1.0,3.3428245900153404,210.00008998959544,0.0648403106014705,7.430144068417226e-06,-0.1217561486012994,-0.0280634856529933,0.0083076567545262,0.5665154786108962,21.65214760060412,21.96796445698768,0.8240761812972922
13.28,31.220874565259884,131.01401182854957,43.179246601760056,-0.1405704975721256,-0.5439094720931011,-0.7964738673752915,-0.0958724376859487,0.120368746416056,0.0,22.04483329164096,6.685850202536018,-72.90820185171064,-17.28170520711869,110.78143525196444,296.4299270396383,1.274,1.0150000015428002,1.0,3.340128398463084,210.00008998959544,0.0648133989872103,7.404677885815154e-06,-0.1215679189027416,-0.0285303426945888,0.0082915583967891,0.5617801928172353,21.66379626006213,21.959397474774125,0.8112032919271052
13.29,31.22087411173844,131.01401229537683,42.968513783533375,-0.1350648626363536,-0.5401975966309671,-0.7861513423366179,-0.084318333906193,0.1125622535638436,0.0,22.03585345663684,6.659909214517075,-72.97956552230822,-17.298303834257812,110.79880209666712,296.19447623230764,1.274,1.0150000015428002,1.0,3.337431004196546,210.00008998959544,0.064786843489518,7.3789279069108975e-06,-0.1213849038085464,-0.0289936070885462,0.0082758709798791,0.5568262026760733,21.675656711421205,21.95100067371134,0.7986324407496563
13.3,31.22087365905591,131.01401275921577,42.757781212614695,-0.1297136033732003,-0.5361002486903084,-0.7759522815263529,-0.072900756059094,0.1046837489999997,0.0,22.0269914240824,6.634128930954496,-73.05090659931174,-17.314110787006644,110.81533452540864,295.9622797694604,1.274,1.0150000015428002,1.0,3.3347000048618085,210.00008998959544,0.0647606344647657,7.352897327733927e-06,-0.1212069250945005,-0.0294530168603988,0.0082605805125394,0.5515692200675086,21.68780447772863,21.9427822226773,0.7863683302019702
13.31,31.220873207209312,131.01401322008246,42.54704852318064,-0.1245575059421253,-0.5316992882818671,-0.7658760615124559,-0.0616065451554866,0.0967462651003753,0.0,22.01824767118935,6.608507976465916,-73.12222739827747,-17.329125378231485,110.83103248178288,295.7333468577657,1.274,1.0150000015428002,1.0,3.331969008734959,210.00008998959544,0.0647347733132385,7.326589467366395e-06,-0.1210338357739669,-0.0299082467220111,0.0082456765752374,0.5460936367409424,21.70015686556294,21.934729741015545,0.7744167791407275
13.32,31.22087275619571,131.0140136779928,42.3363153533833,-0.1195983847980083,-0.5269974265306839,-0.755920782675722,-0.0504406044380515,0.0887539590614482,0.0,22.00962075303123,6.583045119569655,-73.19353008559288,-17.34334743678451,110.84589644420764,295.50763512075207,1.274,1.0150000015428002,1.0,3.3292380110630253,210.00008998959544,0.0647092557840419,7.300007804705891e-06,-0.120865453712719,-0.0303590438689739,0.0082311456608507,0.540397684900463,21.712712108301165,21.9268413580534,0.7627828980163579
13.33,31.2208723060122,131.0140141329627,42.12558134932702,-0.1148016325123476,-0.5219234813328933,-0.7460832012076734,-0.0394260396049833,0.0807020305654374,0.0,22.001107506841404,6.557739105169733,-73.2648166716551,-17.356777165479105,110.85992727684292,295.28505617791325,1.274,1.0150000015428002,1.0,3.326475187450412,210.00008998959544,0.0646840725758142,7.273155935286115e-06,-0.1207015958485731,-0.0308051584085108,0.0082169735892466,0.5343998228419274,21.725543960954564,21.919125091921494,0.7514701414298562
13.34,31.220871856655915,131.0140145850078,41.914846163080014,-0.1102017412685667,-0.5165475675918914,-0.7363625340813786,-0.0285524252692356,0.0726020689373292,0.0,21.99270813223172,6.532588590563304,-73.33608901095779,-17.369415141933104,110.8731262299506,295.0656120438354,1.274,1.0150000015428002,1.0,3.323708894194497,210.00008998959544,0.0646592242727801,7.246037571395555e-06,-0.1205421100288572,-0.031246278694245,0.0082031495722153,0.5281718322051032,21.7385817314098,21.91157012919175,0.7404836817928439
13.35,31.22087140812407,131.01401503414377,41.7041094556567,-0.1058041987075634,-0.5108810066284273,-0.7267570960844096,-0.017822556159144,0.0644591497510896,0.0,21.98442142753308,6.507592362854335,-73.40734880854004,-17.381262456455435,110.88549508328026,294.8492671849758,1.274,1.0150000015428002,1.0,3.320942585422305,210.00008998959544,0.0646347073393671,7.218656578270645e-06,-0.1203868145154488,-0.0316821550458216,0.0081896603107903,0.5217217982050408,21.75181483616744,21.904173490030395,0.7298277209066008
13.36,31.220870960413883,131.01401548038604,41.49337088906469,-0.101577012814288,-0.5048590915029147,-0.7172638617474589,-0.0072577576833509,0.0562692201942881,0.0,21.97624445435033,6.482749200952137,-73.47859761452877,-17.3923205908432,110.89703601889376,294.6359395916016,1.274,1.0150000015428002,1.0,3.3181470639791013,210.00008998959544,0.0646105131340352,7.191016937105438e-06,-0.1202355234006844,-0.0321125481615686,0.0081764916050874,0.514976042909966,21.765310382554688,21.896942399902645,0.7195042373445353
13.37,31.220870513522605,131.0140159237501,41.28263013326392,-0.0975478219779612,-0.4985390454300064,-0.7078818773323612,0.0031494521739009,0.0480423010686813,0.0,21.96817711876581,6.458057798920483,-73.5498368238054,-17.402591404210355,110.90775160584931,294.42562365462345,1.274,1.0150000015428002,1.0,3.315344975767356,210.00008998959544,0.0645866413781239,7.163122740566462e-06,-0.120088079307633,-0.0325371627105805,0.0081636322833125,0.5079926350331956,21.77901085372577,21.889867776775034,0.7095172541922836
13.38,31.22087006744759,131.01401636425115,41.0718868651723,-0.0937253670710134,-0.491939919427951,-0.6986096474427544,0.0133981992522331,0.0397842735404972,0.0,21.96021843238959,6.433516962336939,-73.62106768219584,-17.412077261098684,110.9176449332434,294.2182898442008,1.274,1.0150000015428002,1.0,3.3125428584623324,210.00008998959544,0.064563089163228,7.134978225908117e-06,-0.1199443012966659,-0.0329557538610002,0.0081510692633312,0.5007884911804809,21.792897755721715,21.882945639964557,0.699869801937787
13.39,31.22086962218616,131.01401680190452,40.86114076468929,-0.0900784035585674,-0.4849996512590342,-0.6894442861307207,0.0234680097461915,0.0314913561213284,0.0,21.952365587456686,6.40912550395672,-73.6922912824415,-17.420780933651645,110.92671950756052,294.013859974996,1.274,1.0150000015428002,1.0,3.309712505692124,210.00008998959544,0.0645398482320215,7.1065877447712365e-06,-0.1198040013973831,-0.0333680938257955,0.0081387883369083,0.4932936110535908,21.807035463845622,21.87618293018756,0.6905620005981409
13.4,31.220869177735725,131.0140172367252,40.65039152264908,-0.0866314627426465,-0.4777701981063329,-0.6803848005601816,0.0333652600137358,0.0231728798613585,0.0,21.944618381307425,6.384882149781408,-73.76350856352192,-17.42870557370996,110.934979223054,293.81232576309253,1.274,1.0150000015428002,1.0,3.3068741193753177,210.00008998959544,0.0645169179862382,7.077955754641073e-06,-0.1196670194293471,-0.033773901149604,0.0081267781768366,0.4855607053553998,21.821371844196204,21.8695712838028,0.6815964346812352
13.41,31.22086873409372,131.0140176687282,40.43963882789659,-0.0833946548395962,-0.4702744744403133,-0.6714298166402929,0.0430901317245368,0.0148350873812537,0.0,21.936975942364107,6.360785730455315,-73.8347203168992,-17.435854838177814,110.94242849179123,293.6136610660272,1.274,1.0150000015428002,1.0,3.3040356906976407,210.00008998959544,0.0644942958610185,7.0490868507455215e-06,-0.1195331743787308,-0.034172940111996,0.0081150258154911,0.4776113415634192,21.83588445010733,21.86310623008357,0.6729746190929229
13.42,31.22086829125763,131.0140180979284,40.228882379217566,-0.0803355665993164,-0.4624491347460577,-0.6625765120880559,0.0526220556345872,0.0064739832510901,0.0,21.929435503541555,6.33683509105562,-73.90592718325321,-17.442232800745433,110.94907215106896,293.41778908793015,1.274,1.0150000015428002,1.0,3.3011683278619457,210.00008998959544,0.0644719737187856,7.019985738686994e-06,-0.1194022769928787,-0.0345649953062989,0.0081035170494115,0.4693749730681832,21.85063893681769,21.85679495202637,0.6646943865936575
13.43,31.220867849224955,131.01401852434063,40.0181218803674,-0.0774794793102793,-0.4543487070594284,-0.6538239823392208,0.0619681773299353,-0.0019008925353327,0.0,21.92199693139906,6.313028984287879,-73.9771296517737,-17.4478439171527,110.95491542671428,293.2247036214016,1.274,1.0150000015428002,1.0,3.2982931347931084,210.00008998959544,0.0644499511648749,6.990657223956158e-06,-0.1192741667376809,-0.0349497965928871,0.0080922406224935,0.4609074652133985,21.865580550440768,21.850628751365598,0.6567567801522439
13.44,31.220867407993257,131.0140189479796,39.80735704205955,-0.0748359350980848,-0.4459959949090128,-0.6451709091805821,0.071128850159202,-0.0102833895222873,0.0,21.9146593782546,6.289366273042846,-74.04832806678355,-17.45269315527394,110.95996406790664,293.034379400168,1.274,1.0150000015428002,1.0,3.2954178864859287,210.00008998959544,0.0644282257047869,6.9611062445110695e-06,-0.1191486616080543,-0.0353271216447288,0.0080811835784505,0.4522308387787034,21.880686956920872,21.844603198679,0.6491614309845712
13.45,31.22086696756013,131.01401936885983,39.59658757699533,-0.0723693821176185,-0.4373223329675728,-0.6366144605048398,0.0800824411394102,-0.0186782127579851,0.0,21.90742003125203,6.265845833064705,-74.1195226245565,-17.45678590165508,110.96422424930368,292.84673868481826,1.274,1.0150000015428002,1.0,3.292511288744447,210.00008998959544,0.0644067890665315,6.931337842203322e-06,-0.1190255718409048,-0.0356967682493803,0.0080703317328485,0.4432697245171044,21.89602920967128,21.83872626682884,0.6419034540603034
13.46,31.220866527923192,131.0140197869958,39.38581320582819,-0.0701098204137459,-0.4283928712923208,-0.6281539437640157,0.0888387783117628,-0.0270746940078981,0.0,21.90027899723142,6.242466438098915,-74.1907133729007,-17.460127927285605,110.96770253492032,292.66178189894606,1.274,1.0150000015428002,1.0,3.2895987747983235,210.00008998959544,0.0643856415619492,6.901357152486656e-06,-0.1189047390262716,-0.0360584748985397,0.0080596741256547,0.4340918652733518,21.91154172086942,21.83298782933933,0.6349824758635738
13.47,31.220866089080136,131.014020202402,39.175033651199,-0.068064232136338,-0.4192262181117348,-0.6197880340146653,0.0973974824001249,-0.0354672383874023,0.0,21.893235363062512,6.219226991059405,-74.26190021848501,-17.462725530341185,110.9704060259696,292.4794822453139,1.274,1.0150000015428002,1.0,3.2866861930383755,210.00008998959544,0.0643647805042324,6.871169439652944e-06,-0.118785979202953,-0.0364120369594614,0.0080491977075956,0.4247155271167157,21.927206442388847,21.827384050292583,0.6283958956617042
13.48,31.22086565102864,131.0140206150927,38.96424864469544,-0.066191903016872,-0.4097442427215031,-0.6115138180210267,0.1057348666607286,-0.043861766823139,0.0,21.88628618722272,6.196126396558038,-74.33308292304787,-17.464585421839008,110.97234224139476,292.2997588108276,1.274,1.0150000015428002,1.0,3.283738088649528,210.00008998959544,0.0643441972432657,6.840780062896685e-06,-0.1186691028584903,-0.0367572661732032,0.0080388883285077,0.4150561862892665,21.943104049400876,21.82192426068984,0.622135729762616
13.49,31.22086521376644,131.01402102508203,38.75345791989246,-0.0645316331226982,-0.4000309845900592,-0.6033309358739136,0.113865394044944,-0.0522455423997373,0.0,21.87943198089405,6.173163443267142,-74.40426110359577,-17.465714699726732,110.97351909044517,292.12262300611224,1.274,1.0150000015428002,1.0,3.280787734023109,210.00008998959544,0.064323893279715,6.810194468412596e-06,-0.118553956211562,-0.0370939068496301,0.0080287355478614,0.4052024835063853,21.959149695991734,21.816595771282987,0.61620057030495
13.5,31.22086477729132,131.0140214323842,38.54266121533509,-0.063081991617968,-0.3900889173586742,-0.5952378657249736,0.1217851384378736,-0.0606149272827566,0.0,21.872671519558228,6.150337082505785,-74.47543424076613,-17.466121012725527,110.97394504227684,291.9480399235408,1.274,1.0150000015428002,1.0,3.277834001209373,210.00008998959544,0.0643038650114161,6.779418229312548e-06,-0.1184403523290283,-0.0374217763695101,0.0080187260589462,0.3951564748637263,21.97534180066587,21.81139696909077,0.6105848885672226
13.51,31.220864341601107,131.0140218370132,38.33185827453848,-0.0618064789645591,-0.3798494965496556,-0.5872319134809949,0.1294728876166128,-0.0689748538158948,0.0,21.86600213653769,6.127646234490355,-74.5466016737175,-17.46581240838669,110.9736289675768,291.77593623750425,1.274,1.0150000015428002,1.0,3.274845368817185,210.00008998959544,0.0642841045964242,6.748457002197312e-06,-0.1183281059870278,-0.0377406944338814,0.0080088461616156,0.3848449361818396,21.99175121205408,21.80633595422229,0.6052785138242219
13.52,31.22086390669361,131.01402223898293,38.12104885095835,-0.0607453874825095,-0.3694007340121955,-0.5793128206169113,0.136944314408294,-0.0773122150463978,0.0,21.859424418612708,6.1050897226875005,-74.61776260191965,-17.46479733915835,110.97258014437487,291.6063255369014,1.274,1.0150000015428002,1.0,3.2718566480288622,210.00008998959544,0.064264613757725,6.717316527548248e-06,-0.118217063949721,-0.0380504216844559,0.0079990855310353,0.3743619281675544,22.008289067628,21.80139948899297,0.600278492014548
13.53,31.22086347256674,131.01402263830727,37.91023269407322,-0.0598859933739975,-0.3587230883232876,-0.5714787693816378,0.144190480214302,-0.0856260706413926,0.0,21.8529367281436,6.082666536839646,-74.6889160929487,-17.46308481022694,110.97080841086684,291.43916209171994,1.274,1.0150000015428002,1.0,3.268857228510924,210.00008998959544,0.0642453876787309,6.686002664625488e-06,-0.1181070385741864,-0.0383507950707912,0.007989430714592,0.363687419961036,22.024976231227352,21.79658900532552,0.595575941767183
13.54,31.2208630392184,131.01402303499992,37.69940956131412,-0.0592078410141898,-0.3477816158048826,-0.5637276468476287,0.1511983272983378,-0.0939175902537716,0.0,21.84653714995881,6.060375600103597,-74.76006107728341,-17.46068421830892,110.96832399761432,291.2743928497728,1.274,1.0150000015428002,1.0,3.265829710376128,210.00008998959544,0.0642264207269833,6.654521346420042e-06,-0.1179978536423091,-0.0386416347969504,0.0079798689489614,0.3527854555913949,22.04184924465114,21.7919080769568,0.5911601371517327
13.55,31.22086260664651,131.01402342907457,37.48857922204106,-0.0587429922399483,-0.3366484850386434,-0.5560590063562264,0.1579802001776632,-0.1021755437531126,0.0,21.840225939840213,6.038215797329488,-74.83119635215742,-17.457605402421542,110.96513757970406,291.11202271692963,1.274,1.0150000015428002,1.0,3.2628020920715937,210.00008998959544,0.0642077136524346,6.622878591003199e-06,-0.1178893509877041,-0.0389227310796622,0.0079703895005427,0.3417351341407227,22.05883544409971,21.78734562373366,0.5870257268121156
13.56,31.22086217484908,131.0140238205447,37.27774143766032,-0.0584677930371216,-0.3252828548925303,-0.5484707429308217,0.1645222623115817,-0.1104016520271183,0.0,21.83400108443139,6.01618614214428,-74.9023205867673,-17.45385872724297,110.96126036258411,290.9519961446059,1.274,1.0150000015428002,1.0,3.259754574793197,210.00008998959544,0.0641892605340465,6.591080519205485e-06,-0.1177813451763305,-0.0391939365665075,0.0079609789776725,0.3304956607612301,22.075977381573395,21.78290604754508,0.5831605742996737
13.57,31.220861743824088,131.01402420942395,37.066895983495456,-0.0583822329600425,-0.3136922667819976,-0.5409614371522462,0.1708216758714997,-0.1185923204704907,0.0,21.82786156405524,5.994285555689492,-74.97343231860432,-17.44945495182643,110.95670394548036,290.7942841443537,1.274,1.0150000015428002,1.0,3.256687633328073,210.00008998959544,0.064171058372129,6.559133318243168e-06,-0.1176736715646774,-0.0394550687900855,0.0079516257723623,0.3190788136302978,22.093268272587306,21.77858714418417,0.5795545357496108
13.58,31.220861313569607,131.01402459572554,36.85604263486966,-0.0585079363491324,-0.3019285286236083,-0.5335304011056415,0.1768864711434162,-0.1267386984342114,0.0,21.82180722788249,5.972512994296934,-75.04452995929155,-17.444405324958108,110.95148041967651,290.63888092678576,1.274,1.0150000015428002,1.0,3.253620580307381,210.00008998959544,0.0641531067213122,6.527043263510877e-06,-0.1175661658812831,-0.0397059519235695,0.0079423186315396,0.3075450915338267,22.110656243288087,21.774380625011183,0.5761998006406418
13.59,31.220860884083685,131.0140249794629,36.64518117306999,-0.0588080798882093,-0.2899249205131325,-0.5261751783609674,0.1826968347112991,-0.1348457172245954,0.0,21.81583561755562,5.950867493043568,-75.11561179644339,-17.43872158433116,110.94560236709766,290.4857192815728,1.274,1.0150000015428002,1.0,3.2505225037963394,210.00008998959544,0.0641353983524413,6.494816714501769e-06,-0.1174586456029181,-0.0399464548548617,0.0079330442422689,0.295829038935764,22.128210169533645,21.770294511884504,0.5730809883345801
13.6,31.220860455364424,131.01402536064916,36.43431138137159,-0.059307625562642,-0.2777405979372256,-0.5188951543912257,0.1882622613921983,-0.1429039909883438,0.0,21.80994674604261,5.929347963079999,-75.18667599188613,-17.432415864949647,110.93908276499694,290.3347978869872,1.274,1.0150000015428002,1.0,3.2474155954779014,210.00008998959544,0.0641179333017506,6.462460089471926e-06,-0.1173509602593702,-0.0401763891119633,0.0079237923695301,0.2840021243613936,22.145870692594148,21.766319525798664,0.5701898025706834
13.61,31.22086002740996,131.01402573929747,36.22343305199597,-0.0600110280362667,-0.2653932967578675,-0.5116892044928779,0.1935832576770327,-0.1509086448657772,0.0,21.80413981169889,5.907953442976361,-75.25772058984765,-17.42550084964803,110.93193514120505,290.18609376272235,1.274,1.0150000015428002,1.0,3.244304710407524,210.00008998959544,0.0641007092106476,6.42997989994017e-06,-0.1172429382361489,-0.0403956172256206,0.0079145510651998,0.2720935495253425,22.16362066801312,21.76245207919942,0.5675154083746379
13.62,31.22085960021845,131.0140261154209,36.01254597617016,-0.0608794432592003,-0.2528130442149587,-0.5045548657478257,0.1986393838141105,-0.158865206462029,0.0,21.798412365057374,5.886682972553811,-75.32874351467873,-17.41798966305822,110.92417346389024,290.0395401236624,1.274,1.0150000015428002,1.0,3.241157416092101,210.00008998959544,0.0640837188762396,6.397382720306483e-06,-0.1171344044397134,-0.0406040170028134,0.0079053075607808,0.2600398390310554,22.18153222452709,21.75870071379647,0.5650410349488603
13.63,31.220859173788075,131.0140264890324,35.80164995506198,-0.0619539515589787,-0.2400925367415487,-0.4974920548784195,0.203448312969393,-0.1667605520594404,0.0,21.792765058886765,5.865535477375103,-75.39974257208665,-17.409895848989194,110.9158121177158,289.8951528054006,1.274,1.0150000015428002,1.0,3.2380099912551747,210.00008998959544,0.0640669642157422,6.364675180305703e-06,-0.1170252174787982,-0.0408014061642455,0.0078960524997871,0.2479570443584482,22.199511897060887,21.755051521778327,0.5627598443745021
13.64,31.22085874811708,131.01402686014487,35.590744785862185,-0.0632116018858962,-0.2271946225742552,-0.4904988899215102,0.2079979471381476,-0.1745963016749278,0.0,21.787196088558208,5.844510066041797,-75.47071545777382,-17.401233530667895,110.906866068977,289.7528822870264,1.274,1.0150000015428002,1.0,3.234844003874352,210.00008998959544,0.0640504399220507,6.33186400073572e-06,-0.1169152009787813,-0.0409876821192763,0.0078867732836384,0.2358242612569205,22.21759839812169,21.75150853422021,0.5606569143303949
13.65,31.220858323203668,131.01402722877103,35.37983027769056,-0.0646466297354496,-0.2141173303250084,-0.4835739450175011,0.2122840136358291,-0.1823703290236228,0.0,21.781704338567327,5.823605744806501,-75.54165975249518,-17.392017233865573,110.89735068228426,289.6126974408785,1.274,1.0150000015428002,1.0,3.231655647867792,210.00008998959544,0.064034142714009,6.298955946453852e-06,-0.1168041985898133,-0.0411627103661926,0.007877458925954,0.2236635831484744,22.23579461287526,21.748070945254558,0.5587192494028737
13.66,31.22085789904613,131.0140275949237,35.16890623867235,-0.0662833771829966,-0.2009200833562004,-0.476716738557937,0.2163170336348333,-0.1900733270425873,0.0,21.77628982766252,5.802821538749323,-75.61257292804245,-17.38226197916598,110.88728181544931,289.47459734403446,1.274,1.0150000015428002,1.0,3.228467150659039,210.00008998959544,0.0640180726449807,6.265957846403649e-06,-0.1166920591955831,-0.0413263547373322,0.0078680992129789,0.2115711416471032,22.254040991901675,21.74472943945444,0.5569378578575247
13.67,31.220857475642788,131.01402795861543,34.9579724848855,-0.0680793265897525,-0.1875267535840532,-0.4699248490505781,0.2200758252130111,-0.1977116979506554,0.0,21.77095009714453,5.782156570994539,-75.6834523503305,-17.371983302323766,110.87667584000202,289.3385152437261,1.274,1.0150000015428002,1.0,3.2252434500427887,210.00008998959544,0.0640022224851291,6.2328765945058494e-06,-0.1165786110929762,-0.0414785300179342,0.0078586816566151,0.199502033748369,22.27241583282478,21.741493516165143,0.5552951000188346
13.68,31.22085705299192,131.01402831985882,34.74702883041896,-0.0700666307340153,-0.1740131000512331,-0.4631979930700194,0.2235745091285538,-0.205274572019652,0.0,21.765685480110097,5.76160981536956,-75.75429527735965,-17.36119714450788,110.86554952742034,289.2044586566939,1.274,1.0150000015428002,1.0,3.2220134699031955,210.00008998959544,0.0639865932119941,6.1997191204999095e-06,-0.1164637193083225,-0.0416190857071921,0.0078491972630032,0.187589649599659,22.290842981677866,21.738351608293883,0.5537829826150482
13.69,31.220856631091912,131.01402867866636,34.53607510029704,-0.0722364360450774,-0.1603718294597662,-0.4565348086873972,0.2268085038023244,-0.2127603903202336,0.0,21.760494793456168,5.741180409057473,-75.82509886861989,-17.3499200295425,110.85392023160492,289.0723948291273,1.274,1.0150000015428002,1.0,3.218771273453921,210.00008998959544,0.0639711813458037,6.166492429143877e-06,-0.1163472215708206,-0.0417479362196274,0.0078396346583743,0.1758897744324245,22.3093307426714,21.73530367828579,0.552388552225248
13.7,31.22085620994112,131.01402903505038,34.3251111185491,-0.0745663988878006,-0.1465684933195193,-0.4499335038823663,0.2297665291820114,-0.220171003323834,0.0,21.75537639614599,5.720867440474161,-75.89586018175484,-17.338168919702063,110.8418057395887,288.9422788905104,1.274,1.0150000015428002,1.0,3.21549925940352,210.00008998959544,0.0639559820606019,6.133203561664951e-06,-0.1162289634653419,-0.041864989653832,0.0078299828424248,0.1644459149643699,22.327914984117218,21.73235349616288,0.5510971661629509
13.71,31.22085578953793,131.01402938902328,34.11413671318087,-0.0770892047661324,-0.1326805780443357,-0.4433938917164286,0.2324636711558252,-0.227495384625176,0.0,21.75033064268477,5.70066994854435,-75.96657617623896,-17.32596124681291,110.82922430321712,288.8141190232468,1.274,1.0150000015428002,1.0,3.2122270863723683,210.00008998959544,0.063940996396914,6.099859600673767e-06,-0.1161088099492081,-0.0419701245806553,0.0078202328461156,0.1534498962484249,22.346517857339933,21.729489244848967,0.5499014926734065
13.72,31.22085536988081,131.01402974059727,33.90315171617409,-0.0797648962737155,-0.1186383153519779,-0.4369137628483126,0.2348808927005595,-0.2347394246281305,0.0,21.745355294264822,5.680587118632145,-76.03724371939617,-17.31331500321119,110.81619473247684,288.6878545638603,1.274,1.0150000015428002,1.0,3.2089223472692283,210.00008998959544,0.0639262177715334,6.066467687734487e-06,-0.1159865982485871,-0.0420632858132124,0.0078103729062631,0.1429597126973227,22.36521108867232,21.726719644584367,0.5487852652876434
13.73,31.22085495096816,131.0140300897845,33.69215596945145,-0.0826177925286166,-0.1045026175712704,-0.4304926907434978,0.2370293816023283,-0.2418942381107453,0.0,21.74045042287787,5.660617983147107,-76.10785958298298,-17.300248591227728,110.80273623990456,288.56348625997674,1.274,1.0150000015428002,1.0,3.205607575018328,210.00008998959544,0.0639116463945039,6.033034984722537e-06,-0.1158622000048753,-0.042144358412859,0.007800394415607,0.1332159493183377,22.383933678386043,21.724035199197058,0.5477405471183752
13.74,31.220854532798484,131.01403043659707,33.48114930698218,-0.0856429476761049,-0.0902751897150791,-0.4241295185105548,0.2389071455129073,-0.2489575427516927,0.0,21.735615062441887,5.640761713767526,-76.1784204522536,-17.286780990986205,110.78886861309918,288.4409873241456,1.274,1.0150000015428002,1.0,3.2022805200516635,210.00008998959544,0.0638972794241953,5.99956870992334e-06,-0.1157354662787225,-0.042213279453496,0.0077902870136925,0.1244360008008503,22.402684764703224,21.72143467466854,0.5467561894867596
13.75,31.220854115370248,131.01403078104704,33.27013157565877,-0.0888163976926702,-0.075919344244627,-0.4178225239643053,0.2405029662061989,-0.2559317184916784,0.0,21.73084761186841,5.6210174543608336,-76.2489229239903,-17.272931645328114,110.77461209571804,288.3203141570325,1.274,1.0150000015428002,1.0,3.198922583568392,210.00008998959544,0.0638831121522519,5.966076107100713e-06,-0.1156062525827524,-0.0422699873517407,0.0077800404189566,0.1168421786570221,22.42150242053495,21.71892223265084,0.5458190018824796
13.76,31.22085369868197,131.0140311231463,33.059102620385204,-0.0921717088446692,-0.0615153146586412,-0.4115716205132998,0.2418330934423116,-0.2628057221795888,0.0,21.726148469197305,5.601384288908728,-76.31936350955888,-17.258720472339895,110.7599874000124,288.20147624787774,1.274,1.0150000015428002,1.0,3.195564470942286,210.00008998959544,0.0638691457472719,5.93256444573145e-06,-0.115474435102327,-0.0423143891003515,0.0077696464628854,0.1108140540937312,22.44030609438389,21.71648566802297,0.5449231978051189
13.77,31.22085328273221,131.01403146290676,32.84806229401795,-0.0956638867850144,-0.0469841181818995,-0.4053745807102457,0.2428769034831826,-0.2695868001178622,0.0,21.721515345385047,5.581861456802006,-76.38973864125974,-17.24416796358284,110.7450158075468,288.08441181876987,1.274,1.0150000015428002,1.0,3.1921698492591286,210.00008998959544,0.0638553734785507,5.8990410397240125e-06,-0.1153398615562362,-0.0423464600796448,0.0077590941047678,0.1065790061178737,22.45917673613114,21.7141350981864,0.5440540264802521
13.78,31.220852867519497,131.01403180034015,32.63701044941341,-0.0993248007101446,-0.0324028886467286,-0.3992312655544774,0.2436498836488468,-0.2762645161868586,0.0,21.716948592406048,5.562448023110831,-76.46004466874278,-17.22929502390658,110.72971900393624,287.96912919524567,1.274,1.0150000015428002,1.0,3.188767993150757,210.00008998959544,0.0638417963793083,5.86551320743026e-06,-0.115202418262259,-0.0423661081457885,0.0077483758506037,0.1044766106707957,22.47803695888072,21.71185875883098,0.5432061782622556
13.79,31.22085245304244,131.0140321354583,32.42594694340385,-0.1031378972816443,-0.017750689241223,-0.3931403007300667,0.2441453213766897,-0.2828394933891609,0.0,21.7124469211766,5.543143227491596,-76.53027786899865,-17.214123163971397,110.71411927657915,287.85559319865973,1.274,1.0150000015428002,1.0,3.185347066246155,210.00008998959544,0.0638284106585114,5.831988312314351e-06,-0.1150619645163737,-0.0423733068431285,0.0077374818062056,0.1046542521066701,22.4969088280272,21.709658649475383,0.5423692589268787
13.8,31.2208520392996,131.01403246827283,32.21487163878621,-0.1070933672381356,-0.0030204313960905,-0.387100461519536,0.2443594450322348,-0.2893110253936677,0.0,21.70800929615889,5.523946233297762,-76.60043444305154,-17.198674346117762,110.69823935570444,287.7437754129342,1.274,1.0150000015428002,1.0,3.1819008873539145,210.00008998959544,0.0638152132705201,5.798473723884015e-06,-0.1149183739154241,-0.0423680117099212,0.0077264031348035,0.1071359524240654,22.5158003416507,21.70753484790488,0.5415340941246775
13.81,31.22085162628961,131.0140327987953,32.003784397362814,-0.1112147279542958,0.0117272351972914,-0.381111485389739,0.2443046139813713,-0.2956705680656211,0.0,21.703635787440604,5.5048562048330165,-76.67051052102326,-17.182971047942967,110.68210247943088,287.6336767625932,1.274,1.0150000015428002,1.0,3.178451884879978,210.00008998959544,0.0638022044199314,5.76497682925783e-06,-0.1147715285785168,-0.042350172112917,0.0077151319699035,0.1118313175607054,22.534650883946536,21.70547789722488,0.5406956570278766
13.82,31.220851214011105,131.0140331270373,31.792685087894665,-0.1154531908409133,0.0265781413073031,-0.3751711556924391,0.2439590988556905,-0.3019265109459307,0.0,21.69932410778003,5.485872415321524,-76.74050216603275,-17.16703629612371,110.66573242817,287.52523571446994,1.274,1.0150000015428002,1.0,3.1749607965814937,210.00008998959544,0.0637893773815152,5.731505036791071e-06,-0.1146212907432381,-0.0423197889266894,0.0077036582736739,0.1184729332590549,22.55354818743058,21.70349899230416,0.5398416953052665
13.83,31.22085080246273,131.01403345301014,31.581573579142475,-0.1198550958797076,0.0414250791698016,-0.3692798058989012,0.2433459470030979,-0.3080652775412806,0.0,21.695075085622584,5.466993958029249,-76.81040537227861,-17.150893545942825,110.64915340049302,287.4184733465996,1.274,1.0150000015428002,1.0,3.1714695086624487,210.00008998959544,0.0637767345892558,5.698065746252022e-06,-0.1144675643597546,-0.0422767897823901,0.0076919759228485,0.1268119816485517,22.57238450431612,21.701582121275383,0.5389703518693314
13.84,31.220850391643204,131.01403377672534,31.37044974682553,-0.124379071475255,0.0563385546215077,-0.3634355072375664,0.2424474865211276,-0.3140934982526496,0.0,21.69088671336449,5.448220160297683,-76.88021607571251,-17.134566894316094,110.63239023167496,287.31333560425725,1.274,1.0150000015428002,1.0,3.167945319184165,210.00008998959544,0.0637642701400367,5.66466639267736e-06,-0.1143102140470152,-0.0422211934216237,0.0076800751464587,0.1365436969328654,22.59123200555696,21.699736351404063,0.538071442548317
13.85,31.220849981551154,131.01403409819414,31.1593134676569,-0.1290460538609995,0.0712626195789269,-0.3576379511310677,0.2412750965628227,-0.3200035937230178,0.0,21.686759003964724,5.42955016792947,-76.94993014810933,-17.118080852400414,110.61546815978124,287.2098220019068,1.274,1.0150000015428002,1.0,3.1644085208992143,210.00008998959544,0.0637519840705957,5.63131439225654e-06,-0.114149139786118,-0.0421529584067302,0.0076679492694709,0.1474151836780073,22.61003486130808,21.69795290718588,0.537141393216231
13.86,31.220849572185347,131.0140344174279,30.94816462033771,-0.1338445900910357,0.0862068716558408,-0.3518860456767461,0.2398254381636655,-0.3257953671896948,0.0,21.68269093991245,5.410983265043634,-77.01954340643081,-17.10146052446714,110.598413009076,287.10790477768586,1.274,1.0150000015428002,1.0,3.1608520082373817,210.00008998959544,0.0637398733884305,5.59801717881561e-06,-0.113984223860132,-0.0420720907256092,0.007655590064745,0.1592042257568797,22.62880357370507,21.696232278537444,0.5361740866683873
13.87,31.22084916354446,131.0140347344376,30.737003090527665,-0.1387638040447942,0.1011796205909597,-0.3461786956664535,0.2380953011495247,-0.3314686826675784,0.0,21.678681543943128,5.392518688044111,-77.0890516112822,-17.08473149642935,110.58125107526648,287.00755726610384,1.274,1.0150000015428002,1.0,3.1572690979880926,210.00008998959544,0.0637279352193892,5.564782175560957e-06,-0.1138153584206705,-0.041978588009834,0.0076429899851208,0.1717343556780267,22.647547314967003,21.69457479331978,0.535164039666521
13.88,31.22084875562727,131.01403504923456,30.525828760903856,-0.1438223353061508,0.116129253541234,-0.3405156274560117,0.2360956720872633,-0.3370165184256594,0.0,21.67473076066667,5.37415566503761,-77.15845047101278,-17.067919874772933,110.5640091652042,286.90877723748395,1.274,1.0150000015428002,1.0,3.1536783705165727,210.00008998959544,0.0637161693993282,5.531616800704912e-06,-0.1136424449765725,-0.0418724406484732,0.0076301424387318,0.1848535618700404,22.666214685047358,21.69297228866668,0.5341087835000008
13.89,31.22084834843251,131.01403536182977,30.314641524084355,-0.1489804838694306,0.131122285171456,-0.3348950529956265,0.2338101693605886,-0.3424454872332835,0.0,21.670836750112144,5.355893520800886,-77.22773564570629,-17.05105232345352,110.5467146344578,286.81151523770524,1.274,1.0150000015428002,1.0,3.150048739174576,210.00008998959544,0.0637045705180819,5.498528471805549e-06,-0.1134653692980275,-0.0417536826801635,0.0076170391499196,0.1984646051441098,22.68487365886945,21.6914333725245,0.5330016918770629
13.9,31.22084794195896,131.01403567223417,30.10344127069873,-0.1542804727016934,0.1460591318495017,-0.3293173264245831,0.2312609712997525,-0.3477432877433776,0.0,21.66700018713156,5.3377314329666525,-77.29690274594684,-17.0341559593991,110.52939527988536,286.71578841220065,1.274,1.0150000015428002,1.0,3.146418885972781,210.00008998959544,0.0636931405582047,5.46552458030161e-06,-0.1132840509911644,-0.0416222914571422,0.0076036750011222,0.2124516008255152,22.70342438419408,21.68994307706294,0.5318429584948117
13.91,31.220847536205422,131.01403598045877,29.89222789535292,-0.1596673468729869,0.1610370277756899,-0.3237803362717508,0.2284249378495588,-0.3529201190895349,0.0,21.66321880918729,5.31966879578634,-77.36594734184504,-17.01725852652858,110.51207951783223,286.6215361791307,1.274,1.0150000015428002,1.0,3.142744896541952,210.00008998959544,0.0636818728673905,5.432612525447686e-06,-0.1130983738794658,-0.0414783286752863,0.0075900414416452,0.2267741582326914,22.72196580685926,21.68851441305378,0.5306262986754372
13.92,31.220847131170668,131.0140362865144,29.681001295634804,-0.1651859603380586,0.1759509117381979,-0.3182845135596376,0.2253255714718195,-0.3579632720241907,0.0,21.65949336860071,5.301704771884944,-77.43486495757988,-17.00038817634635,110.49479615896789,286.5287777706626,1.274,1.0150000015428002,1.0,3.1390676987469184,210.00008998959544,0.0636707696559543,5.399799664326849e-06,-0.112908268546594,-0.0413217732958593,0.0075761341184032,0.2413400900371461,22.74039258319393,21.687131629745377,0.5293527640895642
13.93,31.22084672685357,131.01403659041185,29.46976137310882,-0.1707948194020407,0.1908705834017276,-0.3128281638864944,0.2219464364493432,-0.3628798848625781,0.0,21.655822046412176,5.283838770133395,-77.50365108308496,-16.983573716213307,110.47757466252772,286.437464398562,1.274,1.0150000015428002,1.0,3.1353549743587976,210.00008998959544,0.063659825575606,5.367093361590516e-06,-0.1127136275642666,-0.0411526932130384,0.0075619452267528,0.2561295415064943,22.75877589698945,21.685803872087316,0.528018457642378
13.94,31.22084632325289,131.01403689216193,29.2585080313272,-0.1765177187800517,0.2057335227073226,-0.3074112263633438,0.2183014731068495,-0.367662217578365,0.0,21.65220496826821,5.266070011849044,-77.57230116804416,-16.966844374524815,110.46044489547864,286.3475987483199,1.274,1.0150000015428002,1.0,3.131629807298085,210.00008998959544,0.0636490409944972,5.3345009363522746e-06,-0.1125143788000754,-0.0409710968937053,0.0075474700116014,0.2710805295407593,22.777053379926965,21.684521445000367,0.5266238709833391
13.95,31.22084592036753,131.01403719177523,29.04724117781858,-0.1823324439949759,0.2205703470778565,-0.3020325386646856,0.2143834790495751,-0.3723130978942124,0.0,21.64864091724361,5.248397873366067,-77.64081063115427,-16.950229984517925,110.44343732063432,286.25914800867656,1.274,1.0150000015428002,1.0,3.1278763281616526,210.00008998959544,0.0636384123341472,5.302029698147415e-06,-0.1123104299915045,-0.0407770455974864,0.0075327018984889,0.2861751804608599,22.795256629206317,21.68328794076414,0.5251675669395625
13.96,31.220845518196327,131.0140374892625,28.835960721105543,-0.1882449665715562,0.2353545364464633,-0.2966916390690222,0.2101983496511934,-0.3768290077880147,0.0,21.645129508181,5.230821638300688,-77.70917485776828,-16.933760849248646,110.42658285818484,286.1721013910538,1.274,1.0150000015428002,1.0,3.124102559297784,210.00008998959544,0.063627938461172,5.269686915412992e-06,-0.1121017077820077,-0.0405705744008481,0.0075176358716655,0.3013763858646964,22.81335959999802,21.68209880834961,0.5236500510837824
13.97,31.22084511673816,131.01403778463427,28.62466657169864,-0.194249060201232,0.2500842330403857,-0.2913878069544736,0.2057465610782129,-0.381209230420385,0.0,21.641670009907347,5.213340657251302,-77.77738920567992,-16.91746783147822,110.40991297757472,286.0864389745935,1.274,1.0150000015428002,1.0,3.1203062640424566,210.00008998959544,0.0636176172250573,5.237479831517236e-06,-0.1118881338005214,-0.0403517406260757,0.0075022664583197,0.3166616196874944,22.831361114768303,21.68095302463912,0.5220718138292381
13.98,31.22084471599189,131.01403807790103,28.413358646073053,-0.2003362228599465,0.2647621494456098,-0.2861202716847898,0.2010275285734884,-0.3854536981785466,0.0,21.638261640386208,5.195954268429654,-77.84544900585786,-16.90138230452451,110.39345964703426,286.0021395144312,1.274,1.0150000015428002,1.0,3.116483252699905,210.00008998959544,0.063607446325796,5.205415651514511e-06,-0.1116696350029121,-0.040120602931304,0.0074865885253381,0.3320140242497478,22.84926458439144,21.679850233558717,0.5204338868221984
13.99,31.220844315956445,131.01403836907323,28.202036861697984,-0.2065128401014682,0.2793608285057478,-0.2808886643643938,0.1960478163789681,-0.389558933528069,0.0,21.63490404119944,5.178661803938382,-77.91334956531267,-16.88553616261734,110.3772553440487,285.9191929835261,1.274,1.0150000015428002,1.0,3.1126420375987167,210.00008998959544,0.063597424708659,5.173501541644918e-06,-0.1114461455894656,-0.0398772174452943,0.0074705975716054,0.3474042136687241,22.867043025643763,21.67878576365828,0.5187382295213079
14.0,31.220843916630702,131.01403865816127,27.9907011370364,-0.2127593723523133,0.2939052771047658,-0.2756919968464445,0.1908019599438288,-0.3935275290989841,0.0,21.63159614405209,5.161462648433528,-77.98108617033648,-16.869961842680986,110.36133307751204,285.8375706087426,1.274,1.0150000015428002,1.0,3.108769135073596,210.00008998959544,0.0635875492322008,5.141744630931185e-06,-0.111217594385671,-0.039621663296567,0.0074542884897973,0.3628311803040445,22.884722278326016,21.677762474559607,0.516986828848026
14.01,31.22084351801359,131.01403894517563,27.779351396515967,-0.2190913535531894,0.3083494870688157,-0.2705301623962189,0.1853009844006229,-0.397354048852837,0.0,21.628337853641835,5.144356123178606,-78.04865408703273,-16.854692270445916,110.34572633250832,285.7572693517217,1.274,1.0150000015428002,1.0,3.104880853275334,210.00008998959544,0.0635778196151778,5.110151997635016e-06,-0.1109839267962647,-0.0393539982128442,0.0074376576190934,0.3782591227724741,22.90225668278398,21.67677304400325,0.5151827478921506
14.02,31.220843120104053,131.0140392301264,27.56798756158183,-0.2254817305270904,0.322733646983303,-0.2654020461667256,0.1795361821017062,-0.4010429365066612,0.0,21.625127922648662,5.127341650662959,-78.11604856645712,-16.839760937296642,110.33046914879064,285.6782557470044,1.274,1.0150000015428002,1.0,3.10095740262021,210.00008998959544,0.063568232189931,5.078730682177071e-06,-0.1107450750950337,-0.0390743185968504,0.007420700020967,0.3936984632802395,22.91968731950168,21.67582253729567,0.5133292546845811
14.03,31.22084272290101,131.01403951302396,27.35660956461438,-0.2319516337535526,0.3370004209244251,-0.2603077145021236,0.173521374547236,-0.4045876183540685,0.0,21.62196641270364,5.1104185493947165,-78.18326484341237,-16.82520179836851,110.3155960165322,285.6005309339001,1.274,1.0150000015428002,1.0,3.0970198634093045,210.00008998959544,0.0635587871365641,5.047487664124009e-06,-0.1105009944767364,-0.0387826866180016,0.0074034127420514,0.4091090608583433,22.93695714349317,21.674902009814613,0.5114302636523367
14.04,31.220842326403424,131.01403979387845,27.14521733302304,-0.238470109550017,0.3511978898915928,-0.2552460159666252,0.167246284721236,-0.4079935607230654,0.0,21.61885200120624,5.093586270615914,-78.25029814286323,-16.811049387625378,110.30114199386917,285.5240594958278,1.274,1.0150000015428002,1.0,3.093045199273184,210.00008998959544,0.0635494805661758,5.016429882826154e-06,-0.1102516222640733,-0.0384792126713572,0.0073857911554551,0.4245082317285055,22.9541151244782,21.67401769130376,0.5094905239662236
14.05,31.22084193061025,131.01404007270003,26.933810797199687,-0.2450602434011105,0.3652647909528712,-0.2502171014649681,0.1607258279402529,-0.4112538920656239,0.0,21.615784804097583,5.076844138600904,-78.31714367762461,-16.79733868516044,110.2871425712628,285.44884403534763,1.274,1.0150000015428002,1.0,3.089056167318424,210.00008998959544,0.0635403128185409,4.985564208600867e-06,-0.1099969219791348,-0.038163966262672,0.0073678328809847,0.4398546087429321,22.971100286977286,21.67316007465263,0.5075146829124589
14.06,31.220841535520464,131.01404034949874,26.722389898471448,-0.2516908848408795,0.3792496285547481,-0.2452198722882942,0.1539498693771793,-0.4143742531338326,0.0,21.6127635236516,5.06019162378386,-78.38379665539821,-16.784105252650107,110.2736338098318,285.37484982919887,1.274,1.0150000015428002,1.0,3.085029615933057,210.00008998959544,0.0635312800779282,4.954897467386337e-06,-0.1097368376166492,-0.0378370684108921,0.0073495337460466,0.4551677241452758,22.987961972961028,21.672335480990156,0.5055090204007832
14.07,31.220841141133032,131.0140406242847,26.510954569218,-0.2583833412730635,0.3930947946657866,-0.2402544760131556,0.1469326766375384,-0.4173483338266765,0.0,21.609788231149324,5.04362806517626,-78.45025227600365,-16.771385088115586,110.26065219300165,285.30207832698585,1.274,1.0150000015428002,1.0,3.0809868103735782,210.00008998959544,0.0635223825528612,4.92443640987562e-06,-0.1094713395142229,-0.0374985989066773,0.0073308918078738,0.4704087808797184,23.004642898113325,21.6715349326924,0.50347895333979
14.08,31.220840747446964,131.0140408970678,26.29950475275441,-0.2651100618310622,0.4068415644004311,-0.2353199550690791,0.1396660075246822,-0.4201810809066934,0.0,21.60685775021028,5.027152942351988,-78.5165057383694,-16.75921476283325,110.24823476628896,285.23049804450807,1.274,1.0150000015428002,1.0,3.076907689544317,210.00008998959544,0.0635136167843469,4.894187736403894e-06,-0.1092003799851121,-0.0371486859363456,0.0073119034906769,0.4855947097802828,23.02118509059632,21.67076373667546,0.5014321645681649
14.09,31.220840354461227,131.01404116785798,26.088040388419035,-0.2718867493635171,0.4204437513385152,-0.2304163665799025,0.1321617005043496,-0.4228676249301904,0.0,21.60397201224388,5.0107656184930445,-78.58255223797526,-16.747631282903463,110.23641899599886,285.16010676355654,1.274,1.0150000015428002,1.0,3.0728087832762085,210.00008998959544,0.0635049825697842,4.8641580678791046e-06,-0.1089239346204916,-0.0367874225803285,0.0072925671518973,0.5006935446474278,23.03754274880477,21.670014569551544,0.49937505472558963
14.1,31.220839962174864,131.01404143666522,25.87656142250916,-0.2786933427277025,0.4339275624688091,-0.2255429814156675,0.1244151959401942,-0.4254113297404693,0.0,21.60113005487364,4.994465571756886,-78.64838697310432,-16.736672207576824,110.2252428900096,285.09087868172446,1.274,1.0150000015428002,1.0,3.068676401956022,210.00008998959544,0.0634964770792926,4.834353967010028e-06,-0.1086419657227429,-0.0364149406466679,0.007272879954861,0.5157146728198782,23.05374273030772,21.66929058540662,0.49731637507552406
14.11,31.22083957058686,131.0140417034993,25.665067799333485,-0.2855360196726686,0.4472661857956481,-0.2206996800564068,0.1164340814343337,-0.4278096658789341,0.0,21.59833157832772,4.978252199401896,-78.71400514319421,-16.726375538121612,110.2147448844174,285.0228055031944,1.274,1.0150000015428002,1.0,3.064519020863899,210.00008998959544,0.0634880994307381,4.804781914990448e-06,-0.1083544525241642,-0.0360313495678994,0.0072528404185661,0.5306375442565121,23.06975867843368,21.668587272959314,0.4952639238990688
14.12,31.22083917969625,131.01404196836995,25.45355947513037,-0.292406194103955,0.4604627324129394,-0.2158860478657323,0.1082193101281427,-0.430063504439113,0.0,21.59557592295213,4.962124967100902,-78.77940195363466,-16.71677979635346,110.20496392370242,284.9558694449599,1.274,1.0150000015428002,1.0,3.0603326793569328,210.00008998959544,0.0634798476841331,4.7754483250812016e-06,-0.1080613690113272,-0.0356367811387041,0.0072324465875665,0.5454589531096649,23.085594250173592,21.667904461238248,0.4932269483697615
14.13,31.22083878950207,131.014042231287,25.24203639222004,-0.2992965015761187,0.4735179086055268,-0.2111017035437157,0.0997723555120581,-0.4321735760010601,0.0,21.59286247049201,4.946083316579611,-78.84457261574488,-16.70792396248727,110.19593939741058,284.89005383076244,1.274,1.0150000015428002,1.0,3.056114401335289,210.00008998959544,0.0634717200211974,4.746359529089609e-06,-0.1077626963936917,-0.0352313642660835,0.0072116970022882,0.5601745854460883,23.10125067118793,21.66724164293991,0.4912152806632011
14.14,31.22083840000334,131.01404249226016,25.030498508828824,-0.30621391375776,0.4864035083790457,-0.2063466315600747,0.0911015551270565,-0.4341373276387118,0.0,21.59019094867681,4.93012668943188,-78.9095123493827,-16.699847491430813,110.18771115686027,284.82535112635424,1.274,1.0150000015428002,1.0,3.051873391064114,210.00008998959544,0.0634637156406821,4.717521779224918e-06,-0.1074584220627783,-0.03481522700486,0.0071905907304546,0.574763500376839,23.116700190675555,21.66659411538342,0.48923782044322733
14.15,31.220838011199124,131.01404275129903,24.81894578020053,-0.3131334088718577,0.4991560941427181,-0.2016201049605976,0.0822003628176294,-0.4359596911256293,0.0,21.587560337615933,4.9142545827400985,-78.97421638528368,-16.692590322565177,110.18031952520356,284.76173408305806,1.274,1.0150000015428002,1.0,3.0475917452193824,210.00008998959544,0.0634558315437477,4.68894124851692e-06,-0.1071485274889585,-0.0343885209210395,0.0071691261923235,0.589242613366014,23.13197993175893,21.6659666017182,0.48730731439003294
14.16,31.220837623088453,131.01404300841327,24.607378163567144,-0.3200816977996952,0.5117077254582209,-0.1969225902564806,0.0730864142864336,-0.4376337364597054,0.0,21.58497083287567,4.898466401887912,-79.03867996473119,-16.686192810073223,110.17380522654788,284.69920753238654,1.274,1.0150000015428002,1.0,3.043295348574852,210.00008998959544,0.0634480683043641,4.6606240167667255e-06,-0.1068330152157862,-0.0339513665109691,0.007147303620536,0.6035680289660073,23.1470223490272,21.66534862589786,0.4854311668962478
14.17,31.220837235670405,131.01404326361236,24.39579562411367,-0.3270118868522485,0.5241393554553146,-0.1922529324590372,0.0637431951896392,-0.4391695592187365,0.0,21.582420934079607,4.882761710713977,-79.10289834501536,-16.680695828908895,110.1682094940502,284.6377315763218,1.274,1.0150000015428002,1.0,3.038947814487138,210.00008998959544,0.0634404215113606,4.63257608914286e-06,-0.106511865205361,-0.0335039412483432,0.007125121172134,0.6177830161557335,23.1619089583676,21.66475140319023,0.4836261848953827
14.18,31.220836848944028,131.01404351690593,24.18419811807763,-0.3339665309032273,0.5363512196475265,-0.1876119619724354,0.0541956711595304,-0.4405568216685387,0.0,21.57991119795805,4.867139865713312,-79.16686679538925,-16.676140594085656,110.16357388598824,284.57732059276515,1.274,1.0150000015428002,1.0,3.034588357568742,210.00008998959544,0.0634328928003579,4.604803361945671e-06,-0.1061850969273543,-0.0330463541595681,0.0071025803260738,0.631825147215369,23.176540381643782,21.664159820062448,0.4818980516315283
14.19,31.220836462908423,131.01404376830342,23.9725856126322,-0.3408971562476097,0.5484276603410306,-0.182998567438888,0.0444268802738082,-0.4418060640557843,0.0,21.57744012012094,4.851600476085864,-79.23058060642856,-16.672568888469396,110.15994051791012,284.5179346044616,1.274,1.0150000015428002,1.0,3.030179311417386,210.00008998959544,0.06342547774843,4.577311663822436e-06,-0.1058526939056128,-0.032578798030567,0.0070796794739812,0.6457400565469829,23.191001456730916,21.6635856200932,0.48026536582603196
14.2,31.22083607756264,131.01404401781423,23.760958071967824,-0.3478341248608109,0.560293789575468,-0.1784133336611381,0.0344561625455582,-0.4429099532107947,0.0,21.57500797612292,4.83614291416112,-79.29403508298003,-16.670022790918956,110.15735178598734,284.4595805904645,1.274,1.0150000015428002,1.0,3.025749512723852,210.00008998959544,0.063418177164718,4.5501067051560446e-06,-0.1055146804839734,-0.032101394370895,0.0070564203219903,0.6594799863352098,23.205217723229527,21.66301731606939,0.47873559656519676
14.21,31.220835692905787,131.01404426544784,23.549315466239847,-0.3547544789665994,0.5719826037079775,-0.1738557689878612,0.0242785957286147,-0.4438732825833012,0.0,21.572613855846463,4.820766758806483,-79.35722555371208,-16.668544913951074,110.15585060916403,284.4022342702257,1.274,1.0150000015428002,1.0,3.021282877746927,210.00008998959544,0.063410988373162,4.523194121162582e-06,-0.1051710553449907,-0.0316143274782486,0.0070328024679178,0.6730606647960923,23.219222613426,21.66245918078951,0.4773245956497415
14.22,31.220835308936945,131.01404451121354,23.337657764609368,-0.3616552700048166,0.5834867835075986,-0.1693257869387761,0.0138982441420076,-0.4446965009602958,0.0,21.57025730422248,4.805471471068346,-79.42014736618687,-16.668178197172004,110.15548021909724,284.3458833743244,1.274,1.0150000015428002,1.0,3.0167800721771045,210.00008998959544,0.0634039100353065,4.496579433748303e-06,-0.1048218364634735,-0.0311177536132416,0.0070088269472792,0.686474208750648,23.23300922541204,21.661909609633977,0.47604554538299904
14.23,31.220834925655208,131.0140447551207,23.12598494120804,-0.368549203671639,0.5947675143034827,-0.1648236981326176,0.0033267823868997,-0.4453763897155888,0.0,21.56793819862228,4.790256547958503,-79.48279589164093,-16.66896600094844,110.15628425572216,284.29052440649434,1.274,1.0150000015428002,1.0,3.012255093476792,210.00008998959544,0.0633969417898915,4.470268068593571e-06,-0.1044670442289384,-0.0306118349452482,0.0069844950622829,0.6996942422829797,23.246539202368268,21.66136238341164,0.47490846219377275
14.24,31.220834543059688,131.01404499717856,22.914296973149938,-0.3753953962373386,0.6058943928258366,-0.1603486677341084,-0.0074491276709585,-0.4459222310804276,0.0,21.565655290210817,4.775121560198246,-79.54516652605369,-16.670952087037254,110.15830674776367,284.23612418997504,1.274,1.0150000015428002,1.0,3.0076765627764974,210.00008998959544,0.0633900799652871,4.444265351318562e-06,-0.1041066882602251,-0.0300967660303253,0.0069598070278019,0.712758350176107,23.25988244665581,21.66082718504953,0.47393440571339407
14.25,31.220834161149483,131.0140452373964,22.702593831584128,-0.3822311115347867,0.6167792720016185,-0.1559015151542227,-0.0184066479576966,-0.4463254797539638,0.0,21.563408980056604,4.760065908123353,-79.60725468829826,-16.674180506962255,110.16159199947244,284.1826930520674,1.274,1.0150000015428002,1.0,3.00307908355704,210.00008998959544,0.063383325739613,4.4185764880747496e-06,-0.1037408125415637,-0.029572682640925,0.0069347658880714,0.7256112247477268,23.27295133515605,21.660290570390256,0.4731284402718007
14.26,31.220833779923733,131.0140454757834,22.490875495612883,-0.3890203123774297,0.6274822423832804,-0.1514815973289589,-0.0295565068642276,-0.4465943282149512,0.0,21.561198142657744,4.745089220029443,-79.669055828057,-16.678695801009784,110.16618479324777,284.13020108737527,1.274,1.0150000015428002,1.0,2.9984354480026854,210.00008998959544,0.0633766758038038,4.393206600940026e-06,-0.1033694295937034,-0.0290397944224994,0.0069093720885061,0.7382849839496608,23.28580623178362,21.659760852537243,0.47251111671696316
14.27,31.220833399381537,131.01404571234875,22.27914194831485,-0.3957733341907251,0.6379698676228037,-0.1470891979646342,-0.0408883222120692,-0.4467266051526081,0.0,21.559022621879446,4.730190938778715,-79.73056541938011,-16.68454274250238,110.17213012989414,284.0786439512724,1.274,1.0150000015428002,1.0,2.9937574228929784,210.00008998959544,0.0633701296981614,4.36816068308554e-06,-0.1029925822098162,-0.0284982602412652,0.0068836284085237,0.7507566920514082,23.29841413233985,21.65923262362721,0.4720929429703134
14.28,31.22083301952201,131.01404594710155,22.0673931697862,-0.4024960157708042,0.6482179620372878,-0.1427245903881207,-0.0523932986250606,-0.4467210219913977,0.0,21.556882160121056,4.7153706166240665,-79.79177896761422,-16.691766508443546,110.17947340240823,284.02801463119374,1.274,1.0150000015428002,1.0,2.989053126478314,210.00008998959544,0.0633636866647478,4.343443629583897e-06,-0.1026103043956408,-0.0279482668275351,0.0068575370041858,0.7630089494997077,23.310751287308022,21.658701827374365,0.4718845599628265
14.29,31.220832640344344,131.014046180051,21.855629143105592,-0.4091481972120257,0.6582954059778707,-0.1383870824295161,-0.0640842516975332,-0.4465871029179703,0.0,21.5547756005733,4.700627832503309,-79.85269200779952,-16.700412578976067,110.18826029407732,283.9782824275157,1.274,1.0150000015428002,1.0,2.984291682355435,210.00008998959544,0.063357343302532,4.319060220220456e-06,-0.1022226251645341,-0.0273900209753641,0.0068310994098915,0.7750791718550475,23.32288671677822,21.65817812613069,0.471908694973564
14.3,31.2208322618476,131.01404641120604,21.643849857316383,-0.4157650892251408,0.6681190309569317,-0.1340775107819014,-0.0759391893347512,-0.4463172077009035,0.0,21.55270327743392,4.685962003141992,-79.91330010385093,-16.710526660233302,110.1985367004426,283.92945593852994,1.274,1.0150000015428002,1.0,2.9795057999501005,210.00008998959544,0.0633511005931196,4.295015107545605e-06,-0.1018296072410345,-0.0268236713632249,0.0068043198848361,0.7869153791096335,23.334737849178044,21.657648791019017,0.4721679672152925
14.31,31.220831884030986,131.01404664057577,21.43205529549705,-0.4223224453341126,0.6777259241510715,-0.1297956049249924,-0.0879631132545346,-0.4459171734841289,0.0,21.550664359736647,4.671372766578619,-79.97359885608705,-16.72215488261314,110.21034893105784,283.8815130672878,1.274,1.0150000015428002,1.0,2.974678138062618,210.00008998959544,0.0633449560932813,4.27131285189674e-06,-0.1014312836276051,-0.0262494363003718,0.0067772003295976,0.7985363847559367,23.3463419841004,21.65711881649761,0.4726801603191629
14.32,31.220831506893603,131.01404686816915,21.220245450667488,-0.4288109464251737,0.68712320418485,-0.1255413461687082,-0.1001545751939429,-0.445389732013393,0.0,21.54865832431004,4.656859623890147,-80.03358389496216,-16.735343547575997,110.22374345262573,283.8344398358196,1.274,1.0150000015428002,1.0,2.969803728263913,210.00008998959544,0.0633389082645283,4.247957878983789e-06,-0.1010277076422769,-0.0256675026898479,0.0067497440985542,0.8099433993434265,23.3577065195861,21.65658879766421,0.4734591660461255
14.33,31.220831130434632,131.01404709399517,21.00842031187093,-0.4352492473478804,0.6962616969524938,-0.1213153187634018,-0.1124989116021609,-0.4447311492600703,0.0,21.546685171574005,4.642422085637301,-80.09325088560993,-16.75013922927865,110.23876699261412,283.78823606645324,1.274,1.0150000015428002,1.0,2.9649012898779428,210.00008998959544,0.0633329571073974,4.2249544990527045e-06,-0.1006189403451454,-0.0250780512250784,0.0067219552249688,0.821104702647567,23.368782801295776,21.65605101141184,0.4745094380520998
14.34,31.22083075465324,131.01404731806275,20.796579871133044,-0.4416056512139935,0.7051940823114867,-0.1171171465701188,-0.1250046856111501,-0.4439492998561077,0.0,21.544743969452483,4.628059770902323,-80.15259552960794,-16.76658878801623,110.25546655325851,283.7428770234913,1.274,1.0150000015428002,1.0,2.959947024930245,210.00008998959544,0.0633270998815165,4.2023069103754815e-06,-0.1002050270132,-0.0244813036447719,0.0066938363936871,0.8320483143468632,23.379623576782617,21.65551280016864,0.4758503738447595
14.35,31.220830379548577,131.0140475403809,20.584724124456,-0.4478884988826341,0.7138924005130372,-0.1129471976756633,-0.1376622957695062,-0.4430431353064804,0.0,21.542834537008265,4.613772150667348,-80.2116135616383,-16.784739210961067,110.27388925028266,283.6983577655339,1.274,1.0150000015428002,1.0,2.9549507575409057,210.00008998959544,0.0633213360543768,4.1800191743531154e-06,-0.0997860394837489,-0.023877437223469,0.0066653922969196,0.8427550568227518,23.39020129780355,21.65496959158231,0.47748842591366825
14.36,31.22083000511984,131.0140477609583,20.372853068836143,-0.4541064628532131,0.7223282314545694,-0.108805923232059,-0.1504615210127166,-0.4420113825031669,0.0,21.54095668837149,4.599558791616249,-80.27030075524108,-16.804637761008802,110.29408246439432,283.65467322615973,1.274,1.0150000015428002,1.0,2.9499227167041138,210.00008998959544,0.0633156650789787,4.158095242475665e-06,-0.0993620424768843,-0.0232666524807055,0.0066366271465783,0.8532056191130934,23.40048798368406,21.654416736094333,0.47942826418370643
14.37,31.220829631366176,131.01404797980393,20.160966699281538,-0.4602273309115574,0.7305558888845521,-0.1046929918410394,-0.1634111991826024,-0.4408623071883333,0.0,21.53910952139552,4.58541930080847,-80.32865292126628,-16.826331880183506,110.31609374364491,283.6117994810332,1.274,1.0150000015428002,1.0,2.944838527305561,210.00008998959544,0.0633100843029704,4.136538941912259e-06,-0.0989330933262432,-0.0226491735451608,0.0066075444383648,0.8634289920005057,23.4105379277863,21.653861862647748,0.48168809042610183
14.38,31.220829258286777,131.01404819692655,19.949065019747344,-0.4662633197751521,0.7385402154886309,-0.1006088813193301,-0.1764999508258975,-0.4395942256369175,0.0,21.537292927739625,4.571353146712677,-80.38666590626019,-16.849869087635973,110.339970700389,283.5697335186378,1.274,1.0150000015428002,1.0,2.939711155940212,210.00008998959544,0.0633045934072634,4.115353961258114e-06,-0.0984992763394929,-0.0220251787427173,0.0065781497127603,0.8734020223137213,23.420316424388705,21.65329934101453,0.48427003092819243
14.39,31.220828885880856,131.014048412335,19.73714802524164,-0.4722200191220636,0.746259652766324,-0.0965540242063961,-0.1897189741326679,-0.438206810286139,0.0,21.535506672743047,4.557359911305984,-80.44433559817965,-16.875297133529358,110.3657611678407,283.52846900557586,1.274,1.0150000015428002,1.0,2.934548106152815,210.00008998959544,0.0632991917014771,4.09454387827381e-06,-0.0980606654475161,-0.0213948756797894,0.0065484477752248,0.8831096228559676,23.429802313426023,21.6527255506003,0.48717674135528416
14.4,31.2208285141476,131.01404862603795,19.52521572071373,-0.4780719745299565,0.7537555133180694,-0.0925282789381731,-0.2030739403774435,-0.4367069929430592,0.0,21.533750004205466,4.543439197305225,-80.5016579240623,-16.902663875214945,110.39351307489916,283.4879859866249,1.274,1.0150000015428002,1.0,2.9293305848345845,210.00008998959544,0.0632938769740433,4.074112141820265e-06,-0.0976173297836307,-0.0207584898134442,0.0065184429514935,0.8925732471047767,23.439036898693185,21.652146228207183,0.4904217627196524
14.41,31.2208281430862,131.01404883804423,19.31326811210728,-0.4838208167321138,0.7610146703759643,-0.0885319660605511,-0.2165583656402958,-0.4350957489848313,0.0,21.532022638778287,4.529590500683173,-80.5586288488955,-16.932017191744073,110.4232743599438,283.44827685853875,1.274,1.0150000015428002,1.0,2.9240624962322026,210.00008998959544,0.063288648391504,4.054062061049922e-06,-0.0971693597619119,-0.0201162117288433,0.0064881411298685,0.9017827596544616,23.448007367658207,21.651559028880836,0.4940078395410481
14.42,31.220827772695888,131.01404904836244,19.1013052043716,-0.4894762895245478,0.7680078596017293,-0.0845656079048573,-0.2301617015932692,-0.4333721083818126,0.0,21.53032441960197,4.5158133745544,-80.61524438000313,-16.963405096126998,110.45509308514288,283.4093373530389,1.274,1.0150000015428002,1.0,2.918754658013228,210.00008998959544,0.0632835054921946,4.034396826568407e-06,-0.0967168443129062,-0.0194682428122518,0.0064575481351012,0.910718815530289,23.456684896000365,21.650959199511654,0.49793286218517924
14.43,31.220827402975857,131.01404925700135,18.889327004444368,-0.4950273204290483,0.7747480548678414,-0.0806293911398909,-0.2438828505026046,-0.4315398621640711,0.0,21.528654852374384,4.502107425758783,-80.6715005665461,-16.996875676040787,110.48901737679851,283.37115432268695,1.274,1.0150000015428002,1.0,2.913400308967125,210.00008998959544,0.0632784468226232,4.015119503619031e-06,-0.0962598640753983,-0.0188148087685078,0.0064266691346144,0.9193865677590388,23.465082603235093,21.650348283730043,0.5022017484253224
14.44,31.22082703392536,131.0140494639696,18.67733351926327,-0.500449789371176,0.7812747859740953,-0.0767232249803167,-0.2577272079154704,-0.4296060943719794,0.0,21.527013255248576,4.488472210345424,-80.72739349758986,-17.032476979739887,110.52509531020964,283.3337096892806,1.274,1.0150000015428002,1.0,2.907981509901352,210.00008998959544,0.0632734703780673,3.9962330172084e-06,-0.0957985088815482,-0.0181561242043427,0.0063955098530069,0.9278064238260758,23.473239932589863,21.649731808612387,0.5068245882678054
14.45,31.2208266655436,131.01404966927575,18.465324762725025,-0.5057651815134346,0.7875358141991308,-0.0728478225595868,-0.2716791646098633,-0.4275675289823052,0.0,21.5253996638306,4.47490720494094,-80.78291930385949,-17.070257035176926,110.56337492958446,283.2970042662328,1.274,1.0150000015428002,1.0,2.9025187178568217,210.00008998959544,0.0632685762626033,3.977740158949965e-06,-0.0953328887009125,-0.0174923703925531,0.0063640775715168,0.9359460283937658,23.48110525307681,21.649101605043025,0.5117913301090794
14.46,31.22082629782983,131.01404987292852,18.25330074474977,-0.5109685357596974,0.7935325048906503,-0.0690035158059529,-0.2857348357956353,-0.4254267734647846,0.0,21.523813695026348,4.461412029804328,-80.8380741617325,-17.110263956655267,110.60390435659968,283.26102784913707,1.274,1.0150000015428002,1.0,2.8970102022579214,210.00008998959544,0.0632637633496445,3.95964360712668e-06,-0.0948630953475606,-0.0168237721906335,0.0063323782322135,0.9438039981402678,23.488680140414107,21.64845750455113,0.5171013644938468
14.47,31.22082593078332,131.01405007493642,18.04126147724593,-0.5160430151183051,0.7992904253011307,-0.0651904173571304,-0.2998960635972533,-0.4231893415755287,0.0,21.522254799164187,4.447986262894325,-80.89285428919116,-17.152545752312538,110.64673159585746,283.2257658543458,1.274,1.0150000015428002,1.0,2.891444058566972,210.00008998959544,0.0632590300230036,3.941945899986933e-06,-0.0943892246926189,-0.0161505530983334,0.0063004179979463,0.9513928222632876,23.49599015336963,21.64780297333845,0.5227586998792599
14.48,31.22082556440328,131.014050275308,17.829206976098504,-0.520980670729423,0.8048174613755927,-0.0614087557713352,-0.3141609506775661,-0.4208589514492548,0.0,21.52072257336888,4.434629424919708,-80.94725594645524,-17.197150302272487,110.69190451331976,283.1912075672718,1.274,1.0150000015428002,1.0,2.8858157477287416,210.00008998959544,0.063254375097979,3.924649436595869e-06,-0.0939113866263624,-0.0154729149917803,0.0062682040098346,0.9587148448355844,23.503043293202147,21.64713884727692,0.5287630804348785
14.49,31.220825198689,131.01405047405183,17.617137257192606,-0.5257931150777108,0.810082301031077,-0.0576591119371842,-0.3285184625843867,-0.4184348421651861,0.0,21.519216897959573,4.4213410364025,-81.00127543865139,-17.24412541666547,110.73947089562051,283.1573497308858,1.274,1.0150000015428002,1.0,2.880137211909762,210.00008998959544,0.0632497982222512,3.90775648998013e-06,-0.093429697589728,-0.0147910529553857,0.0062357439271518,0.965750129486651,23.509808710117447,21.646460088825616,0.5351043548561327
14.5,31.22082483363976,131.01405067117648,17.405052338401546,-0.5304755802053817,0.8150869320198669,-0.0539418440036719,-0.3429648579729152,-0.4159199293025374,0.0,21.517737414102868,4.408120693025598,-81.05490911688184,-17.293518836200192,110.78947845116356,283.12418279778893,1.274,1.0150000015428002,1.0,2.874406605805756,210.00008998959544,0.0632452983405877,3.891269211066736e-06,-0.0929442641613716,-0.0141051881149455,0.0062030446792609,0.972497847946747,23.516288568301785,21.645766651507937,0.5417785561739465
14.51,31.22082446925484,131.01405086669035,17.192952235610466,-0.535021312928413,0.819837606379,-0.0502572775291245,-0.3574974205705309,-0.4133176913471173,0.0,21.51628374227611,4.39496796172131,-81.10815337592908,-17.345378100065375,110.84197467691834,283.0916966806467,1.274,1.0150000015428002,1.0,2.86862029601132,210.00008998959544,0.0632408743369526,3.87518961270567e-06,-0.0924551968080431,-0.0134155397350824,0.0061701134479888,0.9789596365202357,23.522489247484877,21.645059137914245,0.5487820274387031
14.52,31.220824105533527,131.014051060602,16.980836971663486,-0.5394070060955714,0.8243742190183185,-0.0466054334380671,-0.3721214747084002,-0.4106356517811143,0.0,21.51485529255621,4.381882395779905,-81.16100465482057,-17.399750522175538,110.89700683495732,283.05987575999853,1.274,1.0150000015428002,1.0,2.862760573263444,210.00008998959544,0.0632365244769168,3.85951957076577e-06,-0.0919626115476557,-0.0127223216543148,0.0061369577247115,0.9851561769802584,23.52845042488589,21.64434322428705,0.5561187794696428
14.53,31.22082374247512,131.01405125291984,16.768706567416537,-0.5436501555879208,0.828654651391638,-0.042986970871427,-0.386823668899168,-0.4078721086811721,0.0,21.51345202960457,4.368863461025882,-81.2134594377186,-17.456683181103465,110.95462194285084,283.02871901393473,1.274,1.0150000015428002,1.0,2.8568440068765915,210.00008998959544,0.0632322486560944,3.844260827493664e-06,-0.0914666438268814,-0.0120257141309102,0.0061035864551118,0.9910617615975226,23.534130555915738,21.643612260124065,0.5637730815898715
14.54,31.22082338007894,131.01405144365236,16.556561043725466,-0.5477461608690414,0.8326816155377039,-0.039402261859859,-0.4016004722282304,-0.4050302833065166,0.0,21.5120736175255,4.355910748124964,-81.26551425756435,-17.51622302549183,111.01486688089804,282.9982175148824,1.274,1.0150000015428002,1.0,2.8508686304313966,210.00008998959544,0.0632280458867147,3.829415011786926e-06,-0.0909674142944485,-0.011325932522267,0.0060700075096118,0.996676179329145,23.5395324991298,21.642866335616976,0.5717385835580521
14.55,31.2208230183443,131.01405163280796,16.344400429399492,-0.5516905336733011,0.836457869338243,-0.0358516817106798,-0.4164483950467072,-0.4021134621931295,0.0,21.510719727985748,4.343023808706295,-81.31716569281443,-17.57841669916069,111.0777882156998,282.96836253818253,1.274,1.0150000015428002,1.0,2.8448324402274454,210.00008998959544,0.0632239152032403,3.814983617684198e-06,-0.0904650473414531,-0.0106231897365601,0.006036229009589,1.0019992958299535,23.544659152267748,21.642105555711986,0.5800084872615293
14.56,31.22082265727056,131.01405182039508,16.132224741317938,-0.5554788285609848,0.8399863589901231,-0.0323356051809398,-0.4313640234902872,-0.3991250117955998,0.0,21.50939003868099,4.330202189143699,-81.36841036796825,-17.643310516121822,111.14343217547632,282.93914552145134,1.274,1.0150000015428002,1.0,2.8387333941880666,210.00008998959544,0.0632198556578639,3.800968005809547e-06,-0.0899596710058082,-0.0099176961995476,0.0060022593205852,1.0070311344100826,23.54951359421785,21.641330060953383,0.5885756426874835
14.57,31.220822296857047,131.0140520064221,15.920034015249172,-0.5590966078230737,0.8432904505691877,-0.0288542379463607,-0.4463487994400949,-0.3960707506691945,0.0,21.50808411507372,4.317445430118844,-81.41924495407515,-17.710950434953773,111.21184462474332,282.91055495322485,1.274,1.0150000015428002,1.0,2.8325609323804795,210.00008998959544,0.0632158659729175,3.7873694048345167e-06,-0.0894514169350721,-0.0092096597021112,0.0059681070170379,1.0117831926218372,23.5541190918632,21.640543086843817,0.5974377434885902
14.58,31.22082193710313,131.0140521908974,15.707828271055016,-0.5625441514689367,0.8463641178775737,-0.0254079816926436,-0.4613976254010058,-0.3929532869487847,0.0,21.50680170956765,4.304753019282722,-81.4696661692398,-17.781382033060023,111.28307103887352,282.88258424368547,1.274,1.0150000015428002,1.0,2.8263167719817903,210.00008998959544,0.0632119454201963,3.774188913085392e-06,-0.0889404287592526,-0.0084992683204572,0.005933781524392,1.0162505223804106,23.55846983018561,21.639743439385164,0.6065852124666694
14.59,31.220821578008177,131.01405237382934,15.495607541521428,-0.5658239961569137,0.8491970695400757,-0.0219972913569125,-0.476504273203614,-0.3897747019830419,0.0,21.50554259956576,4.292124474822489,-81.51967078073939,-17.854650552669607,111.35715655120076,282.85522746372527,1.274,1.0150000015428002,1.0,2.820004513753085,210.00008998959544,0.0632080933449784,3.7614275104754393e-06,-0.0884268497491672,-0.0077867150252519,0.0058992922498177,1.0204258983615997,23.562555783597144,21.638929279677004,0.6160069167747343
14.6,31.2208212195716,131.0140525552263,15.283371855457744,-0.5689318929119465,0.8517929769599488,-0.0186225400812035,-0.4916656097584585,-0.3865386473497023,0.0,21.504306485714498,4.279559333082737,-81.56925560471412,-17.930800843750266,111.4341458958596,282.8284766679786,1.274,1.0150000015428002,1.0,2.8136219834874527,210.00008998959544,0.0632043088669526,3.749086055406468e-06,-0.0879108209282636,-0.007072201247943,0.0058646484284232,1.02430997627654,23.566380733648717,21.638100885086622,0.6256948111604973
14.61,31.220820861792763,131.01405273509664,15.071121246644148,-0.5718636641992602,0.8541556525813301,-0.0152840982874869,-0.5068785831198103,-0.3832488454831148,0.0,21.503093075210103,4.267057112828943,-81.61841750553886,-18.009877289758247,111.51408333329884,282.8023240865461,1.274,1.0150000015428002,1.0,2.8071669659771867,210.00008998959544,0.0632005911250652,3.737165279549068e-06,-0.087392486761738,-0.0063559251969789,0.0058298595261216,1.0279035471023152,23.569948597732708,21.63725856167532,0.635640762734855
14.62,31.220820504671128,131.0140529134486,14.858855741901785,-0.5746151831883546,0.8562890933508854,-0.0119823320773877,-0.522140235396722,-0.3799090936463887,0.0,21.501902081407632,4.254617325655282,-81.66715339632793,-18.09192378147863,111.59701262443436,282.7767621144447,1.274,1.0150000015428002,1.0,2.800637204101271,210.00008998959544,0.0631969392763745,3.725665789762077e-06,-0.0868719950957823,-0.005638081745006,0.0057949352354993,1.031207562507504,23.57326347255141,21.63640265063377,0.6458366056034434
14.63,31.22082014820611,131.0140530902906,14.646575377993372,-0.5771823752090006,0.8581974793198748,-0.0087176026325914,-0.5374477058649985,-0.3765232630775549,0.0,21.50073322386259,4.242239475615727,-81.7154602394275,-18.176983690798817,111.6829770047356,282.75178331265744,1.274,1.0150000015428002,1.0,2.7940303982778314,210.00008998959544,0.0631933524961717,3.7145880700791016e-06,-0.0863494971143006,-0.0049188622797089,0.0057598854729745,1.0342231353822176,23.576329633069136,21.63553352810431,0.656274181096422
14.64,31.22081979239716,131.0140532656309,14.434280189693409,-0.5795612188164264,0.8598851729007136,-0.0054902656233123,-0.5527982342272286,-0.373095298199403,0.0,21.499586228371683,4.229923058889785,-81.76333504691705,-18.2650998446253,111.77201915845644,282.72738040919086,1.274,1.0150000015428002,1.0,2.7873442056656264,210.00008998959544,0.0631898299780978,3.7039324837869178e-06,-0.0858251472944784,-0.0041984545558274,0.0057247203758798,1.0369515409318688,23.579151532113173,21.63465160510513,0.666945374314762
14.65,31.220819437243737,131.01405343947783,14.22197021475887,-0.5817477467678903,0.861356718160039,-0.0023006706198368,-0.5681891638865025,-0.3696292158287132,0.0,21.49846082701752,4.21766756344588,-81.81077488110927,-18.35631449899079,111.86418119305824,282.7035462999031,1.274,1.0150000015428002,1.0,2.780576239311789,210.00008998959544,0.0631863709342814,3.6936992755929967e-06,-0.08529910336153,-0.0034770425478014,0.0056894502994851,1.039394217998767,23.581733800010564,21.633757327464195,0.6778421469910921
14.66,31.22081908274536,131.01405361183964,14.009645484981892,-0.5837380474366735,0.862616839097262,0.000850839454771,-0.5836179449871075,-0.3661291042615504,0.0,21.49735675822241,4.205472468703539,-81.85777685504932,-18.45066931341264,111.95950461388595,282.6802740500995,1.274,1.0150000015428002,1.0,2.773724067686996,210.00008998959544,0.0631829745954889,3.683888573883017e-06,-0.0847715262426975,-0.0027548063030105,0.0056540858139839,1.041552770057129,23.584081243223007,21.632851175602934,0.6889565665744957
14.67,31.220818728901502,131.0140537827247,13.79730603911376,-0.5855282654532222,0.8636704393409829,0.0039639288801799,-0.5990821377774167,-0.3625991225129414,0.0,21.496273766799785,4.193337245196342,-81.90433813301927,-18.54820532555934,112.05803029915307,282.657556895572,1.274,1.0150000015428002,1.0,2.766785213592806,210.00008998959544,0.0631796402112817,3.6745003930669e-06,-0.0842425800201307,-0.0020319217964534,0.0056186377013938,1.0434289672280688,23.586198844379744,21.631933664540327,0.7002808323689018
14.68,31.220818375711712,131.01405395214118,13.584951919882412,-0.5871146030021431,0.8645226003869397,0.0070382696521528,-0.6145794156422453,-0.3590434993865759,0.0,21.495211604017,4.181261354231495,-81.9504559310365,-18.648962926282444,112.15979847529364,282.6353882443742,1.274,1.0150000015428002,1.0,2.759757153639656,210.00008998959544,0.0631763670501943,3.6655346360125646e-06,-0.0837124318832956,-0.0013085607856792,0.0055831169524385,1.0450247477484051,23.588091760868725,21.63100534367924,0.7118072982364105
14.69,31.22081802317553,131.01405412009743,13.372583160074324,-0.5884933204591241,0.8651785810262677,0.0100735419958292,-0.6301075684030614,-0.3554665326737648,0.0,21.494170027657365,4.169244247550587,-81.99612751735933,-18.75298183508053,112.26484869274712,282.61376167821214,1.274,1.0150000015428002,1.0,2.752637317193187,210.00008998959544,0.0631731543999209,3.6569910965674864e-06,-0.0831812520803597,-0.0005848906671879,0.0055475347633526,1.0463422203800792,23.58976532459941,21.630066796779055,0.7235284927756951
14.7,31.22081767129255,131.01405428660172,13.160199806394235,-0.5896607375228244,0.8656438156412115,0.0130694348495189,-0.6456645053596238,-0.3518725882202818,0.0,21.493148802092303,4.157285366987735,-82.04135021298492,-18.860301076057432,112.37321980223876,282.5926709541599,1.274,1.0150000015428002,1.0,2.745423085755668,210.00008998959544,0.0631700015675293,3.648869462166452e-06,-0.0826492138691041,0.0001389256666984,0.0055119025326602,1.0473836664856635,23.591225040643984,21.629118641760503,0.7354371366401166
14.71,31.220817320062327,131.01405445166228,12.947801901570296,-0.5906132342253269,0.8659239126054867,0.0160256463147975,-0.6612482583448857,-0.3482660989973724,0.0,21.49214769835744,4.145384144128449,-82.08612139214773,-18.970958954441905,112.4849499316224,282.572110006827,1.274,1.0150000015428002,1.0,2.738111792270238,210.00008998959544,0.0631669078796781,3.641169316525232e-06,-0.0821164934669477,0.0008627299695478,0.0054762318579009,1.04815154249358,23.59247658597747,21.628161530530896,0.7475261575455397
14.72,31.220816969484527,131.0140546152874,12.735389483359938,-0.591347251390427,0.8660246536606427,0.0189418841004207,-0.6768569850000526,-0.344651564281011,0.0,21.49116649423068,4.133539999968182,-82.13043848281664,-19.08499303373588,112.60007646335222,282.5520729502349,1.274,1.0150000015428002,1.0,2.73070071998089,210.00008998959544,0.0631638726828483,3.633890142419312e-06,-0.081583270000182,0.0015863687812047,0.0054405345322966,1.0486484832348912,23.59352580917489,21.62719614896468,0.7597887034419393
14.73,31.22081661955879,131.0140547774853,12.522962596479832,-0.5918592915526629,0.8659519922259201,0.0218178659370998,-0.6924889718056356,-0.3410335487096148,0.0,21.49020497431928,4.121752344568347,-82.1742989671808,-19.20244011356214,112.71863601265532,282.53255407994044,1.274,1.0150000015428002,1.0,2.7231871017009617,210.00008998959544,0.0631608953436012,3.6270313245459545e-06,-0.0810497254528784,0.0023096935676696,0.0054048225413995,1.0488773050694158,23.594378729049964,21.626223216725467,0.7722181535628057
14.74,31.220816270284768,131.0140549382643,12.310521288629095,-0.5921459198422884,0.8657120516377134,0.0246533199620239,-0.7081426370845386,-0.3374166813287072,0.0,21.48926293015361,4.110020576712793,-82.21770038213299,-19.32333620828233,112.84066440647447,282.5135478754236,1.274,1.0150000015428002,1.0,2.715568119077204,210.00008998959544,0.0631579752488542,3.6205921524698153e-06,-0.0805160446150792,0.0030325608595801,0.0053691080596948,1.0488410093730245,23.59504153321693,21.625243487083694,0.7848081278128258
14.75,31.2208159216622,131.01405509763265,12.098065601542068,-0.5922037646909198,0.8653111236166267,0.0274479850676156,-0.7238165340462162,-0.3338056546570273,0.0,21.48834016028489,4.098344083564646,-82.26064031974556,-19.44771652645851,112.96619666325572,282.49504900289526,1.274,1.0150000015428002,1.0,2.7078409017247966,210.00008998959544,0.0631551118061591,3.614571823650601e-06,-0.0799824150303016,0.0037548323892381,0.0053334034471642,1.0485427865735106,23.59552057686923,21.62425774677405,0.7975524947763349
14.76,31.2208155736908,131.01405525559855,11.885595583912243,-0.5920295179937979,0.8647556676894871,0.0302016112554041,-0.7395093540466393,-0.3302052238635648,0.0,21.487436470386378,4.086722240322386,-82.30311642772764,-19.57561545123341,113.09526697365445,282.47705231739366,1.274,1.0150000015428002,1.0,2.7000025259271565,210.00008998959544,0.0631523044440128,3.6089694465512846e-06,-0.0794490269425,0.0044763752263767,0.0052977212457986,1.0479860211731071,23.595822382489853,21.62326681600632,0.8104453787342409
14.77,31.220815226370338,131.0140554121704,11.673111281450684,-0.591619936510763,0.864052307979517,0.0329139599199857,-0.7552199292364532,-0.3266202056437816,0.0,21.48655167336957,4.075154409872939,-82.34512640987487,-19.70706652170013,113.22790868223184,282.4595528660842,1.274,1.0150000015428002,1.0,2.69205001439937,210.00008998959544,0.0631495526121899,3.603784043826437e-06,-0.0789160732429438,0.0051970619134635,0.0052620741761238,1.047174295821393,23.59595363695761,21.622271548077872,0.823481164938406
14.78,31.220814879700622,131.01405556735637,11.46061274285107,-0.5909718419438968,0.8632078325280297,0.0355848041212328,-0.7709472357670345,-0.3230554773776911,0.0,21.485685589498125,4.063639942449496,-82.38666802649975,-19.842102415344417,113.3641542702236,282.442545891308,1.274,1.0150000015428002,1.0,2.6839803349649385,210.00008998959544,0.0631468557820745,3.599014555589607e-06,-0.0783837494159697,0.0059167705983465,0.0052264751336462,1.0461113973029308,23.59592119113811,21.621272829381518,0.8366545046104192
14.79,31.22081453368148,131.0140557211647,11.248100019789632,-0.590072556713776,0.8622484518377757,0.0382140305353818,-0.7866949373340215,-0.3195182329180621,0.0,21.48483799803012,4.052178175285178,-82.42773909484312,-19.980754931628407,113.504035339451,282.42602555873606,1.274,1.0150000015428002,1.0,2.675782335892697,210.00008998959544,0.063144213304547,3.5946598427581367e-06,-0.0778522534847162,0.0066353851663581,0.0051909371735756,1.0448118152227863,23.59575102912055,21.620274555830523,0.8499653744264057
14.8,31.220814188312776,131.0140558736038,11.03557315598938,-0.5889160015759841,0.8611873801368773,0.0408015065045412,-0.8024640902623157,-0.316014354677691,0.0,21.48400872998048,4.040768384368312,-82.46833748945933,-20.123054976796524,113.64758259745332,282.4099873966015,1.274,1.0150000015428002,1.0,2.667450241844673,210.00008998959544,0.0631416246826038,3.5907186904939964e-06,-0.0773217939557915,0.007352811462035,0.0051554740632387,1.0432831074581963,23.595456328577654,21.619278633877865,0.8634109400835291
14.81,31.220813843594435,131.0140560246819,10.823032208097503,-0.587509763992695,0.8600106050465766,0.0433469870255495,-0.8182495587563144,-0.3125466293207092,0.0,21.48319768810809,4.02940983223147,-82.50846114368007,-20.269032627819,113.79482592243248,282.39442882074115,1.274,1.0150000015428002,1.0,2.658989682149002,210.00008998959544,0.0631390896301035,3.5871898214727066e-06,-0.0767925842951032,0.0080689664166065,0.0051200999181395,1.0415181423497966,23.59502345759508,21.61828276545777,0.8769815831525958
14.82,31.220813499526404,131.01405617440724,10.610477223813852,-0.5858508710330841,0.8587256714762586,0.0458503024071957,-0.8340510287151675,-0.3091202192608633,0.0,21.482404725295886,4.0181018251342095,-82.54810805015397,-20.41871714682856,113.9457943782178,282.37934593715767,1.274,1.0150000015428002,1.0,2.6503973543272505,210.00008998959544,0.0631366077143235,3.5840719024847168e-06,-0.0762648314979367,0.0087837552955186,0.0050848284106022,1.0395216796011286,23.59446002421693,21.617287988454933,0.8906731604171896
14.83,31.22081315610868,131.0140563227882,10.397908258791654,-0.5839270400007169,0.8573591581337489,0.0483113820019363,-0.849872797045994,-0.305742555801273,0.0,21.48162966804427,4.006843636958881,-82.58727625978574,-20.57213688590116,114.10051611862374,282.3647341597775,1.274,1.0150000015428002,1.0,2.641661963787989,210.00008998959544,0.0631341784250063,3.581363537231851e-06,-0.0757387449261498,0.0094970897131126,0.0050496733650462,1.037309049512232,23.59379237842197,21.616298303858976,0.9044867446334485
14.84,31.2208128133413,131.0140564698331,10.18532536271926,-0.5817223066253636,0.8559453414821744,0.0507302356999262,-0.8657214404299584,-0.302422178175332,0.0,21.480872352142075,3.995634479065388,-82.62596388195111,-20.729319278441707,114.25901837916383,282.3505891481467,1.274,1.0150000015428002,1.0,2.632768922130509,210.00008998959544,0.0631318012791989,3.579063270106352e-06,-0.075214544092122,0.0102089035272537,0.0050146492855899,1.0349000409735123,23.593054442776623,21.615318930978592,0.9184260139426607
14.85,31.22081247122435,131.01405661555026,9.97272858727341,-0.5792543345359884,0.8544510819627695,0.0531066407605186,-0.8815882510051414,-0.2991600011675006,0.0,21.480132741646106,3.9844734961153225,-82.66416908563524,-20.890290910188007,114.42132754903017,282.3369099350726,1.274,1.0150000015428002,1.0,2.623731779236234,210.00008998959544,0.0631294761709309,3.577169599608354e-06,-0.0746924617308735,0.0109191592547927,0.0049797715884352,1.0322777537850094,23.59221377800357,21.614344628891644,0.9324778098709426
14.86,31.220812129757977,131.01405675994803,9.760117994072612,-0.5765109223976593,0.85290365353888,0.0554405641200877,-0.8974781616655458,-0.2959636890859521,0.0,21.479410700669085,3.9733599422811023,-82.7018901007209,-21.055077625755857,114.58746927885784,282.323692927377,1.274,1.0150000015428002,1.0,2.614538981379979,210.00008998959544,0.0631272027004976,3.575680995564436e-06,-0.0741727156803956,0.0116277917435072,0.0049450546736299,1.0294585642482976,23.591297424314384,21.61337954540576,0.9466441845138475
14.87,31.22081178894236,131.0140569030348,9.547493632805486,-0.5734740924281762,0.8513422395125216,0.0577320630153383,-0.9133993920879724,-0.2928425076342884,0.0,21.47870610344912,3.9622929726278406,-82.73912521568147,-21.223704358194954,114.75746830918852,282.3109347991357,1.274,1.0150000015428002,1.0,2.605173856634244,210.00008998959544,0.0631249804979627,3.5745958821634737e-06,-0.0736555338593754,0.012334758648315,0.0049105136164422,1.0264657519531797,23.590344137641917,21.61242970896842,0.9609308897336076
14.88,31.22081144877773,131.01405704481894,9.334855560119882,-0.5701469256428532,0.8497639102503035,0.0599810985321842,-0.9293509321305952,-0.28980110038487,0.0,21.47801889659167,3.951271662799268,-82.77587277840574,-21.396195207934184,114.93134855038676,282.29863412823306,1.274,1.0150000015428002,1.0,2.595637254223249,210.00008998959544,0.0631228094060725,3.573912651677872e-06,-0.0731411590898431,0.0130400503641056,0.0048761645030039,1.0232997533029462,23.589351229400997,21.61149460604748,0.975333566026216
14.89,31.220811109264424,131.01405718530887,9.122203834652137,-0.566523223588453,0.8481846966192838,0.0621876919507685,-0.9453361848201964,-0.2868462672406892,0.0,21.47734901371205,3.9402951255843743,-82.81213119729505,-21.572573575783768,115.109133216995,282.2867891521684,1.274,1.0150000015428002,1.0,2.5859221539330046,210.00008998959544,0.0631206892293999,3.5736296841343103e-06,-0.0726298314873292,0.0137436548339795,0.0048420232365504,1.0199717628313227,23.588334675947863,21.610576688101972,0.9898528134982923
14.9,31.22081077040277,131.014057324513,8.909538511061946,-0.5625964618616199,0.8466215626905729,0.0643518886022059,-0.961359056892783,-0.2839850191481665,0.0,21.47669640397538,3.929362427141633,-82.84789894011186,-21.75286212254227,115.29084478725925,282.27539851837486,1.274,1.0150000015428002,1.0,2.5760210825497136,210.00008998959544,0.0631186198182194,3.5737453455926e-06,-0.072121796220234,0.0144455733860366,0.0048081060613389,1.0164938823612035,23.587311374476524,21.609678568716213,1.0044898670156093
14.91,31.22081043219323,131.0140574624399,8.69685964997418,-0.5583597193920022,0.8450925457608985,0.0664737598116525,-0.9774240097347175,-0.281224601105617,0.0,21.476061033186745,3.918472600301184,-82.88317453362366,-21.937082809295703,115.47650504398044,282.2644613128436,1.274,1.0150000015428002,1.0,2.5659260733261986,210.00008998959544,0.0631166010717108,3.574257996031537e-06,-0.0716173037806053,0.0151458215051764,0.0047744295809281,1.0128792515651206,23.58629928076108,21.60880304668228,1.0192466491563286
14.92,31.220810094636285,131.01405759909787,8.484167307042934,-0.5538056313995496,0.843616848583193,0.0685534036146876,-0.9935361016559184,-0.278572510907658,0.0,21.475442885222737,3.907624642273877,-82.91795656307981,-22.12525694404257,115.66613512171324,282.2539770975694,1.274,1.0150000015428002,1.0,2.555628620963676,210.00008998959544,0.0631146329421692,3.5751659976767847e-06,-0.0711166103138469,0.0158444297215952,0.0047410107804538,1.0091421607515207,23.585317499722382,21.60795312191769,1.034125813561481
14.93,31.220809757732496,131.01405773449562,8.271461545875757,-0.5489229703508816,0.8422217180196855,0.0705909656166551,-1.009702631105219,-0.2760373136120897,0.0,21.474841963771244,3.896817512210087,-82.95224367151006,-22.317405235384506,115.85975556105548,282.2439459565669,1.274,1.0150000015428002,1.0,2.5451167959730965,210.00008998959544,0.0631127154401101,3.576467723836476e-06,-0.0706199779875312,0.0165414445760268,0.0047078670515797,1.005302017687946,23.584393050593427,21.607133077584773,1.0491325398602758
14.94,31.220809421482524,131.0140578686416,8.058742422126954,-0.5437022214700667,0.8409312202206314,0.0725866178883396,-1.025930637097146,-0.2736273969797367,0.0,21.474258298587284,3.886050111022188,-82.98603455882049,-22.513547853842585,116.05738637059092,282.23436866004266,1.274,1.0150000015428002,1.0,2.534379908495949,210.00008998959544,0.0631108486526602,3.578161568288004e-06,-0.0701276782167074,0.0172369353290137,0.0046750164088389,1.0013771496925417,23.583549824969523,21.60634672334717,1.0642717893512588
14.95,31.220809085887087,131.0140580015444,7.846009998410144,-0.5381381475345298,0.8397610769328508,0.0745405390815304,-1.0422256277121649,-0.2713503372995652,0.0,21.47369194080249,3.8753212959270553,-83.01932798089598,-22.71370453090164,116.25904712681248,282.22524654114363,1.274,1.0150000015428002,1.0,2.52341068669629,210.00008998959544,0.0631090327297694,3.5802459586906936e-06,-0.0696399902285599,0.0179309912930171,0.0046424773928609,0.9973818703909,23.582803510601867,21.60559657965389,1.0795469218978715
14.96,31.220808750947,131.01405813321267,7.633264336344853,-0.5322209259080299,0.8387365001614773,0.076452943724884,-1.0585956351779604,-0.2692149126324345,0.0,21.473142966249306,3.8646298989153145,-83.05212274821741,-22.917894647827705,116.46475706369904,282.2165815833898,1.274,1.0150000015428002,1.0,2.5121978365912145,210.00008998959544,0.0631072678939787,3.58271936833015e-06,-0.0691571974855722,0.0186237148543635,0.0046102688326182,0.993336698653486,23.582179131631445,21.604886682222663,1.0949641275428703
14.97,31.220808416663168,131.01405826365513,7.420505497550742,-0.5259399511016568,0.8378845356919237,0.0783240762232095,-1.0750495829357478,-0.2672302890676002,0.0,21.4726114797338,3.853974694565399,-83.08441772386506,-23.126137291000656,116.67453512852448,282.2083765328897,1.274,1.0150000015428002,1.0,2.500729194749276,210.00008998959544,0.0631055544529788,3.5855803235899774e-06,-0.0686795915155341,0.0193152293923221,0.0045784101016265,0.9892641752393352,23.581703517048915,21.604221383765356,1.110530636264348
14.98,31.2208080830366,131.0140583928804,7.2077335416592225,-0.5332221121585138,0.8091857738375038,0.0800957087647539,-1.084988344745265,-0.2621213356194609,0.0,21.47207093793505,3.843354402890133,-83.11621182150566,-23.338451351267004,116.88840008198524,282.1999336823277,1.274,1.0150000015428002,1.0,2.500729194749276,210.00008998959544,0.0631038143988413,3.5888274161819907e-06,-0.0682074725623093,0.0200056808006261,0.0045469155121418,0.9690658044938922,23.55382758045206,21.59917331669861,1.119072216339289
14.99,31.220807750068367,131.01405852089732,6.994948536255178,-0.5403223639006955,0.7803070944396266,0.0817712338718665,-1.094432312075809,-0.2568847528103234,0.0,21.4715416510215,3.832841126520119,-83.14750400302712,-23.55485563463229,117.10637060971244,282.19178688980656,1.274,1.0150000015428002,1.0,2.500729194749276,210.00008998959544,0.0631021074207826,3.592459327128412e-06,-0.0677295074563209,0.0206718176352527,0.0045150338700912,0.9491097768507704,23.525755379542524,21.594108213868346,1.1271461292267964
15.0,31.220807417743178,131.0140586477035,6.782150544946942,-0.5472805263775016,0.751174805880583,0.0833496196585785,-1.1033587678706038,-0.2515138052358754,0.0,21.47102342999128,3.822410560407121,-83.17829258113473,-23.775243850020985,117.3283394148071,282.18393118171537,1.274,1.0150000015428002,1.0,2.500729194749276,210.00008998959544,0.0631004329631646,3.596460662436444e-06,-0.0672458507726619,0.021313502960502,0.0044827753952634,0.9293881872073734,23.497414388427625,21.58901431237497,1.134727687138371
15.01,31.220807086062585,131.01405877330805,6.569339632337138,-0.5540928872023863,0.7218030705035132,0.0848316887732763,-1.1117643507397577,-0.246011295199541,0.0,21.47051609594329,3.8120626418235535,-83.20857613641222,-23.99950576002234,117.55419526074571,282.1763618507495,1.274,1.0150000015428002,1.0,2.500729194749276,210.00008998959544,0.063098790500032,3.600815990262128e-06,-0.0667566237434537,0.0219305383101468,0.0044501480866108,0.90994634901829,23.468818532838704,21.583893658127494,1.141813445516244
15.02,31.22080675502077,131.014058897715,6.356515864022656,-0.5607559480358018,0.6922058624201952,0.0862183123052562,-1.1196458842316228,-0.240380054334774,0.0,21.47001947251356,3.8017972232523545,-83.23835352608576,-24.227526866609583,117.78382265473056,282.1690742566077,1.274,1.0150000015428002,1.0,2.500729194749276,210.00008998959544,0.0630971795128953,3.605509804218057e-06,-0.0662619506418349,0.0225227370757811,0.0044171601461576,0.8908315723952315,23.43998155996005,21.57874827011907,1.1484002237789612
15.03,31.22080642461315,131.01405902092912,6.1436793065947,-0.5672662878244497,0.6623972393645785,0.0875104140460568,-1.1270004388770067,-0.2346229722828476,0.0,21.46953338556183,3.791614149417835,-83.26762389513989,-24.459188492623014,118.0171019296292,282.16206381791807,1.274,1.0150000015428002,1.0,2.500729194749276,210.00008998959544,0.0630955994898052,3.6105265311619127e-06,-0.065761958602287,0.0230899243449988,0.0043838199670101,0.872093347787516,23.4109173067824,21.5735801828089,1.1544851670412728
15.04,31.220806094835137,131.01405914295535,5.930830022667904,-0.5736205646984721,0.6323913350795977,0.0887089686786584,-1.1338253332763033,-0.2287429952131052,0.0,21.469057663154256,3.781513256921512,-83.29638668703545,-24.69436787209444,118.25390933473392,282.15532601191046,1.274,1.0150000015428002,1.0,2.500729194749276,210.00008998959544,0.0630940499252977,3.6158505388460914e-06,-0.0652567775552503,0.0236319369666898,0.004350136129049,0.8537833397566233,23.381639693143608,21.56839144490573,1.1600657418276838
15.05,31.22080576568213,131.01405926379843,5.717968079827865,-0.5798155174065335,0.6022023525709385,0.089814999956635,-1.1401181352633176,-0.2227431244046652,0.0,21.468592135539826,3.7714943741325495,-83.32464165399814,-24.93293825053979,118.49411713648344,282.14885637340564,1.274,1.0150000015428002,1.0,2.500729194749276,210.00008998959544,0.063092530320334,3.621466143554432e-06,-0.0647465401601233,0.0241486236100058,0.0043161173945035,0.8359553386013938,23.352162715614035,21.563184118280837,1.1651397324111246
15.06,31.22080543714957,131.01405938346326,5.505093543671968,-0.5858479667111312,0.5718445573348198,0.0908295788098657,-1.1458766629505763,-0.2166264147983275,0.0,21.468136635127784,3.7615573210820576,-83.35238886683331,-25.174768995188668,118.73759372911354,282.14265049453974,1.274,1.0150000015428002,1.0,2.500729194749276,210.00008998959544,0.0630910401822257,3.627357617734373e-06,-0.0642313817370382,0.0246398448177123,0.0042817727034546,0.8186651583628698,23.322500441339542,21.557960276877505,1.169705237514949
15.07,31.220805109232888,131.0140595019545,5.292206481786067,-0.5917148167451,0.5413322705686149,0.0917538214258322,-1.151098985655557,-0.2103959735195389,0.0,21.467690996464498,3.751701909363279,-83.3796287242303,-25.41972571505451,118.98420375514128,282.1367040239183,1.274,1.0150000015428002,1.0,2.500729194749276,210.00008998959544,0.063089579024572,3.633509197607396e-06,-0.0637114401974417,0.0251054730539004,0.0042471111692506,0.8019704691161815,23.292667001851324,21.552722005616992,1.1737606673409746
15.08,31.220804781927534,131.01405961927705,5.079306957779433,-0.5974130563253909,0.5106798623646309,0.0925888872756488,-1.1557834247066574,-0.2040549583735085,0.0,21.467255056211133,3.741927942036515,-83.40636196151291,-25.66767039070257,119.2338082355391,282.1310126661944,1.274,1.0150000015428002,1.0,2.500729194749276,210.00008998959544,0.0630881463671893,3.639905090764973e-06,-0.0631868559735175,0.0255453927460391,0.0042121420738499,0.7859305506961871,23.26267658684027,21.54747139930225,1.1773047408850466
15.09,31.220804455228965,131.01405973543564,4.866395044209026,-0.602939760226707,0.4799017448921528,0.0933359771174062,-1.1599285541280115,-0.1976065763128991,0.0,21.466828653121368,3.732235213539704,-83.43258965880696,-25.91846151351976,119.48626470940305,282.1255721812471,1.274,1.0150000015428002,1.0,2.500729194749276,210.00008998959544,0.0630867417360512,3.6465294837393086e-06,-0.0626577719464867,0.0259595003213491,0.0041768748630837,0.7706059549458545,23.232543437901672,21.542210561519543,1.1803364835114036
15.1,31.22080412913265,131.014059850435,4.653470805678541,-0.6082920904122789,0.4490123655704766,0.0939963309515527,-1.1635332012025097,-0.1910540818789912,0.0,21.466411628019284,3.722623509604424,-83.45831324857858,-26.171954234234693,119.74142738286348,282.12037838379786,1.274,1.0150000015428002,1.0,2.500729194749276,210.00008998959544,0.0630853646632181,3.653366549544583e-06,-0.0621243333738206,0.0263477042374835,0.0041413191418514,0.7560580644032104,23.20228184225096,21.53694160353858,1.1828552247572557
15.11,31.220803803634087,131.01405996427997,4.440534308780158,-0.6134672972228051,0.4180262002361013,0.0945712259591055,-1.1665964469119414,-0.184400775617154,0.0,21.46600382377735,3.713092607177475,-83.48353452251548,-26.428000520391407,119.99914728694112,282.1154271426896,1.274,1.0150000015428002,1.0,2.500729194749276,210.00008998959544,0.0630840146867754,3.660400455189925e-06,-0.0615866878154046,0.026709925007504,0.0041054846692406,0.7423485374982606,23.171906126413536,21.5316666432115,1.1848605963467527
15.12,31.220803478728783,131.0140600769752,4.227585620106155,-0.618462720522091,0.3869577463068564,0.0950619744099715,-1.1691176262536391,-0.1776500024675146,0.0,21.465605085295007,3.7036422743478505,-83.508255637719,-26.6864493224166,120.25927244398912,282.11071438030655,1.274,1.0150000015428002,1.0,2.500729194749276,210.00008998959544,0.0630826913507704,3.6676153691512966e-06,-0.0610449850586899,0.0270460952191444,0.0040693813535809,0.7295386340229425,23.14143064989012,21.526387803871803,1.1863525303940536
15.13,31.22080315441224,131.01406018852543,4.014624811219824,-0.623275790799365,0.3558215159471831,0.0954699215494212,-1.1710963284332012,-0.1708051501315887,0.0,21.465215259477123,3.694272270279608,-83.53247912217442,-26.947146747881387,120.52164804232088,282.1062360720214,1.274,1.0150000015428002,1.0,2.500729194749276,210.00008998959544,0.0630813942051484,3.6749954688106127e-06,-0.0604993770428703,0.0273561595483536,0.0040330192474328,0.7176884201668268,23.110869798801097,21.521107213233066,1.1873312577801747
15.14,31.22080283067999,131.0140602989354,3.8016519447369976,-0.627904030228474,0.3246320292369426,0.0957964434670379,-1.1725323969325885,-0.1638696474156876,0.0,21.46483419521273,3.68498234515036,-83.55620787946994,-27.20993624349685,120.78611661856364,282.1019882456516,1.274,1.0150000015428002,1.0,2.500729194749276,210.00008998959544,0.0630801228056892,3.682524947846608e-06,-0.0599500177821258,0.0276400747671185,0.0039964085425135,0.7068558598513764,23.08023797951205,21.51582700228835,1.1877973066906475
15.15,31.2208025075276,131.01406040820987,3.588667094209576,-0.6323450536817221,0.2934038073468379,0.0960429449554913,-1.1734259294530942,-0.1568469625524481,0.0,21.46446174335431,3.675772240095356,-83.57944519274788,-27.474658784345607,121.0525182472399,282.09796698083625,1.274,1.0150000015428002,1.0,2.500729194749276,210.00008998959544,0.0630788767139476,3.690188023580477e-06,-0.0593970632879677,0.0278978097455647,0.0039595595645599,0.6970958082192631,23.049549612241687,21.51054930421103,1.1877515013042546
15.16,31.220802184950625,131.01406051635348,3.3756703202652885,-0.6365965697005451,0.262151365724963,0.0962108573570786,-1.1737772777332127,-0.1497406015007731,0.0,21.46409775669656,3.6666416871577305,-83.60219472784931,-27.74115306979544,121.32069073702225,282.0941684084946,1.274,1.0150000015428002,1.0,2.500729194749276,210.00008998959544,0.0630776554971903,3.6979689442716206e-06,-0.0588406714907304,0.0281293454483396,0.0039224827681369,0.6884589335350653,23.018819124657465,21.5052762532567,1.18719496062525
15.17,31.220801862944647,131.0140606233709,3.162661702421324,-0.6406563814208623,0.2308892072961503,0.0963016364066241,-1.173587047240814,-0.1425541062256058,0.0,21.46374208995608,3.657590409244513,-83.62446053565431,-28.009255725508662,121.59046983307564,282.0905887102462,1.274,1.0150000015428002,1.0,2.500729194749276,210.00008998959544,0.0630764587283372,3.705851996357911e-06,-0.0582810021602452,0.0283346749252853,0.0038851887313881,0.6809906044517184,22.98806094545852,21.500009983667965,1.1861290974543148
15.18,31.220801541505264,131.0140607292669,2.9496412983231504,-0.6445223874522384,0.1996318156777541,0.0963167600696901,-1.172856096739558,-0.1352910529585908,0.0,21.463394599750988,3.6486181200882695,-83.64624705357947,-28.278801510906003,121.86168942484504,282.08722411792314,1.274,1.0150000015428002,1.0,2.500729194749276,210.00008998959544,0.0630752859858992,3.713821511639704e-06,-0.0577182168257401,0.028513803296409,0.0038476881507358,0.674729789424474,22.957289497949688,21.4947526285816,1.1845556174954885
15.19,31.22080122062813,131.01406083404612,2.736609181523163,-0.6481925827136878,0.1683936484156944,0.0962577263865107,-1.171585537729657,-0.127955050439965,0.0,21.463055144580668,3.6397245242151857,-83.66755910623297,-28.549623531430896,122.1341817586358,282.0840709129928,1.274,1.0150000015428002,1.0,2.500729194749276,210.00008998959544,0.0630741368539198,3.721861874400191e-06,-0.0571524786950063,0.0286667477311663,0.0038099918355298,0.6697080224682131,22.9265191936098,21.48950631893907,1.1824765185996227
15.2,31.22080090030885,131.0140609377132,2.5235654215971763,-0.6516650592212077,0.1371891302433406,0.0961260513222068,-1.1697767337628904,-0.1205497381437222,0.0,21.46272358480574,3.630909316918867,-83.68840190521385,-28.821553454898083,122.40777765426895,282.08112542598747,1.274,1.0150000015428002,1.0,2.500729194749276,210.00008998959544,0.0630730109219173,3.7299575284664737e-06,-0.056583952572871,0.0287935374220702,0.0037721107026494,0.6659484929762328,22.895764425655656,21.48427318240075,1.1798940901463553
15.21,31.22080058054314,131.0140610402728,2.310510083150264,-0.6549380068310398,0.1060326463661232,0.0959232666225179,-1.1674312996319955,-0.1130787844860315,0.0,21.46239978262832,3.6221721842401537,-83.708781048044,-29.094421731210687,122.68230672509598,282.0783840360665,1.274,1.0150000015428002,1.0,2.500729194749276,210.00008998959544,0.0630719077848234,3.738092984198748e-06,-0.0560128047790217,0.0288942135526485,0.0037340557710624,0.6634653157490685,22.86503956260541,21.479055342264576,1.1768109125687198
15.22,31.22080026132664,131.0140611417296,2.097443241723554,-0.6580097139355177,0.0749385357758806,0.0956509176932152,-1.1645511004348044,-0.1055458850188422,0.0,21.46208360207241,3.61351280295322,-83.72870251623466,-29.368057814686303,122.9575976006148,282.0758431703024,1.274,1.0150000015428002,1.0,2.500729194749276,210.00008998959544,0.0630708270429313,3.7462528254111065e-06,-0.0554392030652214,0.0289688292597676,0.0036958381563386,0.662263029983631,22.834358941843035,21.47385491638949,1.1732298570288255
15.23,31.220799942655088,131.01406124208827,1.8843649569514864,-0.660878568112675,0.0439210845970781,0.0953105614809335,-1.1611382505133274,-0.0979547606089977,0.0,21.46177490896452,3.6049308405575577,-83.74817267248531,-29.642290388226943,123.2334781509198,282.0734993034373,1.274,1.0150000015428002,1.0,2.500729194749276,210.00008998959544,0.063069768301831,3.754421716218328e-06,-0.0548633165319593,0.0290174495903507,0.0036574690651315,0.6623363631207262,22.80373686318705,21.468674016124236,1.1691540852517803
15.24,31.220799624524204,131.01406134135337,1.671275305369624,-0.6635430567293834,0.0129945194689845,0.0949037643944944,-1.157195112268322,-0.0903091556044885,0.0,21.46147357091425,3.596425955276316,-83.76719825701585,-29.91694758854373,123.509775712198,282.0713489570872,1.274,1.0150000015428002,1.0,2.500729194749276,210.00008998959544,0.0630687311723591,3.762584407806411e-06,-0.0542853155445786,0.0290401514525176,0.0036189597896162,0.6636702781657949,22.773187582466843,21.46351474524179,1.1645870495329818
15.25,31.220799306929745,131.01406143952963,1.458174354566074,-0.6660017674959847,-0.0178269990343029,0.0944321002359335,-1.1527242948497245,-0.0826128359888405,0.0,21.461179457295536,3.587997796060488,-83.78578638304198,-30.191857231650587,123.78631731248556,282.06938869938693,1.274,1.0150000015428002,1.0,2.500729194749276,210.00008998959544,0.0630677152705404,3.7707257451242274e-06,-0.053705371648925,0.0290370235611763,0.0035803217018997,0.6662403034103932,22.74272530510743,21.458379198880632,1.1595324929306134
15.26,31.220798989867507,131.0140615366216,1.2450621691465351,-0.6682533889757025,-0.0485293829417415,0.0938971481652391,-1.1477286527237505,-0.0748695875242197,0.0,21.4608924392276,3.579646002599532,-83.80394453140407,-30.46684703782737,124.0629298968844,282.06761514448465,1.274,1.0150000015428002,1.0,2.500729194749276,210.00008998959544,0.0630667202175311,3.778830673491564e-06,-0.0531236574865599,0.0290081663781015,0.0035415662483997,0.6700131238241117,22.712364179727604,21.453269462492408,1.15399444966286
15.27,31.22079867333329,131.01406163263394,1.0319388216702507,-0.6702967110445072,-0.0790986233788317,0.0933004906989888,-1.1422112841172312,-0.0670832138852636,0.0,21.46061238955632,3.57137020533797,-83.82168054435537,-30.74174485526349,124.3394405514503,282.0660249519772,1.274,1.0150000015428002,1.0,2.500729194749276,210.00008998959544,0.0630657456395661,3.7868842451258585e-06,-0.0525403467095802,0.0289536920465366,0.0035027049441947,0.6749473961879491,22.682118291752897,21.448187610797184,1.1479772457303246
15.28,31.220798357322927,131.01406172757123,0.8188043817140627,-0.6721306253052957,-0.1095207970136527,-321.49607942929066,-84.93308126562611,2.42308505831647,0.0,21.460339182835767,3.563170025498346,-83.8390026185388,-31.016378881595937,124.61567672496685,282.0646148264475,1.274,1.0150000015428002,1.0,2.500729194749276,210.00008998959544,0.0630647911679036,3.79487162557844e-06,-0.0519556138950899,0.0288737243203586,0.0034637493673508,0.6809947372996304,22.65200165704622,21.44313570674652,332.534552675174
15.29,31.220798041832296,131.01406182143808,0.6056589158724084,-0.7322567135217987,-4.49540333975675,-281.4005842596699,73.95094190047193,23.059561243087995,0.0,16.687045745978235,1.9603498034512032,-83.85591929715783,-31.290577882569643,124.89146644783212,170.54666983391712,1.274,1.0150000015428002,1.0,2.500729194749276,210.00008998959544,0.0490375532391164,-7.097376414069943,0.1179557488113221,-3.0839436120964385,-0.0061148365454006,4.554530749948447,23.780876324300543,15.981633702588276,291.8677337328919
15.3,31.220797996170887,131.0140618374431,0.4830272916336137,-0.0567448403929661,-0.0706711079935431,-239.48193792672515,-33.660281871258604,-4.33765897363436,0.0,14.073430415514,2.577264427325901,-84.5560053928648,-19.28337658287072,108.73832705548232,121.30798360126872,1.274,1.0150000015428002,1.0,2.500729194749276,210.00008998959544,0.0413569693044483,-0.3443430372649266,0.4362809450604807,-1.9389511264939443,-0.0190746954388948,0.0906332211886305,32.52838736393912,14.062329426644132,241.8748198018222
15.31,31.220797646250432,131.01406181135516,0.3469362455785146,-1.0156024311805345,-3.765058422571797,-204.08067990137909,41.20452265671168,36.89229640163257,0.0,11.993796844226024,1.509146846359665,-84.57016681878113,-7.495723949777984,96.69961463436088,88.10661057499297,1.274,1.0150000015428002,1.0,2.500729194749276,210.00008998959544,0.0352455877421884,-15.3142024655545,1.2594817805693814,-3.142462760275531,-0.0469294699464201,3.899439461502711,33.07282506123711,11.402808394466929,211.44213896516115
15.32,31.22079762154057,131.01406184474604,0.2364676945433232,-0.0276267615192396,0.9568223755738186,-174.27731476208507,-8.131086160339551,25.4157272868486,0.0,10.158837023352191,2.122204501426389,-83.92984489023769,1.9757198320145384,78.38052579284924,63.21027937680131,1.274,1.0150000015428002,1.0,2.500729194749276,210.00008998959544,0.0298532433215552,-9.14695595870952,2.338400795911745,-2.5362518384857062,-0.0738014033953155,0.9572210953582954,42.49150173669663,10.30912734492523,176.30841215423953
15.33,31.220797338573856,131.01406180221016,0.1431970914057705,-0.464383057152077,0.3402660071199409,-147.1420638898338,2.9185056252064974,34.695445945879825,0.0,8.679545494123905,1.759326739694632,-82.46442593982268,7.912707348303633,67.12855975968006,46.14212382054943,1.274,1.0150000015428002,1.0,2.500729194749276,210.00008998959544,0.0255060998002185,-16.516408919918447,3.4465470253680683,-2.5678314752673943,-0.0929365953217971,0.5756996127227835,46.37997930610155,8.7329940393558,151.20541858752205
15.34,31.22079723114383,131.01406180426287,0.063523426343701,0.0113041679168257,3.930827825635872,-108.65517853498568,-28.141687791032563,-60.67141187354152,0.0,7.4630395489256065,1.988078776095542,-80.32345191460414,6.462553914555188,59.047631992875445,34.11445366999143,1.274,1.0150000015428002,1.0,2.500729194749276,210.00008998959544,0.0219312014228424,-9.628074778809998,4.827077945707289,-2.0432506674642377,-0.1119203198561348,3.930844054202492,54.19808164010984,8.080008285899003,127.58888130603889
